  0
SECTION
  2
HEADER
  9
$ACADVER
  1
AC1015
  9
$ACADMAINTVER
 70
6
  9
$DWGCODEPAGE
  3
ANSI_1252
  9
$INSBASE
 10
0.0
 20
0.0
 30
0.0
  9
$EXTMIN
 10
1e+20
 20
1e+20
 30
1e+20
  9
$EXTMAX
 10
-1e+20
 20
-1e+20
 30
-1e+20
  9
$LIMMIN
 10
0.0
 20
0.0
  9
$LIMMAX
 10
420.0
 20
297.0
  9
$ORTHOMODE
 70
0
  9
$REGENMODE
 70
1
  9
$FILLMODE
 70
1
  9
$QTEXTMODE
 70
0
  9
$MIRRTEXT
 70
1
  9
$LTSCALE
 40
1.0
  9
$ATTMODE
 70
1
  9
$TEXTSIZE
 40
2.5
  9
$TRACEWID
 40
1.0
  9
$TEXTSTYLE
  7
Standard
  9
$CLAYER
  8
0
  9
$CELTYPE
  6
ByLayer
  9
$CECOLOR
 62
256
  9
$CELTSCALE
 40
1.0
  9
$DISPSILH
 70
0
  9
$DIMSCALE
 40
1.0
  9
$DIMASZ
 40
2.5
  9
$DIMEXO
 40
0.625
  9
$DIMDLI
 40
3.75
  9
$DIMRND
 40
0.0
  9
$DIMDLE
 40
0.0
  9
$DIMEXE
 40
1.25
  9
$DIMTP
 40
0.0
  9
$DIMTM
 40
0.0
  9
$DIMTXT
 40
2.5
  9
$DIMCEN
 40
2.5
  9
$DIMTSZ
 40
0.0
  9
$DIMTOL
 70
0
  9
$DIMLIM
 70
0
  9
$DIMTIH
 70
0
  9
$DIMTOH
 70
0
  9
$DIMSE1
 70
0
  9
$DIMSE2
 70
0
  9
$DIMTAD
 70
1
  9
$DIMZIN
 70
8
  9
$DIMBLK
  1

  9
$DIMASO
 70
1
  9
$DIMSHO
 70
1
  9
$DIMPOST
  1

  9
$DIMAPOST
  1

  9
$DIMALT
 70
0
  9
$DIMALTD
 70
3
  9
$DIMALTF
 40
0.03937007874
  9
$DIMLFAC
 40
1.0
  9
$DIMTOFL
 70
1
  9
$DIMTVP
 40
0.0
  9
$DIMTIX
 70
0
  9
$DIMSOXD
 70
0
  9
$DIMSAH
 70
0
  9
$DIMBLK1
  1

  9
$DIMBLK2
  1

  9
$DIMSTYLE
  2
ISO-25
  9
$DIMCLRD
 70
0
  9
$DIMCLRE
 70
0
  9
$DIMCLRT
 70
0
  9
$DIMTFAC
 40
1.0
  9
$DIMGAP
 40
0.625
  9
$DIMJUST
 70
0
  9
$DIMSD1
 70
0
  9
$DIMSD2
 70
0
  9
$DIMTOLJ
 70
0
  9
$DIMTZIN
 70
8
  9
$DIMALTZ
 70
0
  9
$DIMALTTZ
 70
0
  9
$DIMUPT
 70
0
  9
$DIMDEC
 70
2
  9
$DIMTDEC
 70
2
  9
$DIMALTU
 70
2
  9
$DIMALTTD
 70
3
  9
$DIMTXSTY
  7
Standard
  9
$DIMAUNIT
 70
0
  9
$DIMADEC
 70
0
  9
$DIMALTRND
 40
0.0
  9
$DIMAZIN
 70
0
  9
$DIMDSEP
 70
44
  9
$DIMATFIT
 70
3
  9
$DIMFRAC
 70
0
  9
$DIMLDRBLK
  1

  9
$DIMLUNIT
 70
2
  9
$DIMLWD
 70
-2
  9
$DIMLWE
 70
-2
  9
$DIMTMOVE
 70
0
  9
$LUNITS
 70
2
  9
$LUPREC
 70
4
  9
$SKETCHINC
 40
1.0
  9
$FILLETRAD
 40
10.0
  9
$AUNITS
 70
0
  9
$AUPREC
 70
2
  9
$MENU
  1
.
  9
$ELEVATION
 40
0.0
  9
$PELEVATION
 40
0.0
  9
$THICKNESS
 40
0.0
  9
$LIMCHECK
 70
0
  9
$CHAMFERA
 40
0.0
  9
$CHAMFERB
 40
0.0
  9
$CHAMFERC
 40
0.0
  9
$CHAMFERD
 40
0.0
  9
$SKPOLY
 70
0
  9
$TDCREATE
 40
2461229.6000694446
  9
$TDUCREATE
 40
2458532.153996898
  9
$TDUPDATE
 40
2461229.6000694446
  9
$TDUUPDATE
 40
2458532.1544311
  9
$TDINDWG
 40
0.0
  9
$TDUSRTIMER
 40
0.0
  9
$USRTIMER
 70
1
  9
$ANGBASE
 50
0.0
  9
$ANGDIR
 70
0
  9
$PDMODE
 70
0
  9
$PDSIZE
 40
0.0
  9
$PLINEWID
 40
0.0
  9
$SPLFRAME
 70
0
  9
$SPLINETYPE
 70
6
  9
$SPLINESEGS
 70
8
  9
$HANDSEED
  5
404
  9
$SURFTAB1
 70
6
  9
$SURFTAB2
 70
6
  9
$SURFTYPE
 70
6
  9
$SURFU
 70
6
  9
$SURFV
 70
6
  9
$UCSBASE
  2

  9
$UCSNAME
  2

  9
$UCSORG
 10
0.0
 20
0.0
 30
0.0
  9
$UCSXDIR
 10
1.0
 20
0.0
 30
0.0
  9
$UCSYDIR
 10
0.0
 20
1.0
 30
0.0
  9
$UCSORTHOREF
  2

  9
$UCSORTHOVIEW
 70
0
  9
$UCSORGTOP
 10
0.0
 20
0.0
 30
0.0
  9
$UCSORGBOTTOM
 10
0.0
 20
0.0
 30
0.0
  9
$UCSORGLEFT
 10
0.0
 20
0.0
 30
0.0
  9
$UCSORGRIGHT
 10
0.0
 20
0.0
 30
0.0
  9
$UCSORGFRONT
 10
0.0
 20
0.0
 30
0.0
  9
$UCSORGBACK
 10
0.0
 20
0.0
 30
0.0
  9
$PUCSBASE
  2

  9
$PUCSNAME
  2

  9
$PUCSORG
 10
0.0
 20
0.0
 30
0.0
  9
$PUCSXDIR
 10
1.0
 20
0.0
 30
0.0
  9
$PUCSYDIR
 10
0.0
 20
1.0
 30
0.0
  9
$PUCSORTHOREF
  2

  9
$PUCSORTHOVIEW
 70
0
  9
$PUCSORGTOP
 10
0.0
 20
0.0
 30
0.0
  9
$PUCSORGBOTTOM
 10
0.0
 20
0.0
 30
0.0
  9
$PUCSORGLEFT
 10
0.0
 20
0.0
 30
0.0
  9
$PUCSORGRIGHT
 10
0.0
 20
0.0
 30
0.0
  9
$PUCSORGFRONT
 10
0.0
 20
0.0
 30
0.0
  9
$PUCSORGBACK
 10
0.0
 20
0.0
 30
0.0
  9
$USERI1
 70
0
  9
$USERI2
 70
0
  9
$USERI3
 70
0
  9
$USERI4
 70
0
  9
$USERI5
 70
0
  9
$USERR1
 40
0.0
  9
$USERR2
 40
0.0
  9
$USERR3
 40
0.0
  9
$USERR4
 40
0.0
  9
$USERR5
 40
0.0
  9
$WORLDVIEW
 70
1
  9
$SHADEDGE
 70
3
  9
$SHADEDIF
 70
70
  9
$TILEMODE
 70
1
  9
$MAXACTVP
 70
64
  9
$PINSBASE
 10
0.0
 20
0.0
 30
0.0
  9
$PLIMCHECK
 70
0
  9
$PEXTMIN
 10
1e+20
 20
1e+20
 30
1e+20
  9
$PEXTMAX
 10
-1e+20
 20
-1e+20
 30
-1e+20
  9
$PLIMMIN
 10
0.0
 20
0.0
  9
$PLIMMAX
 10
420.0
 20
297.0
  9
$UNITMODE
 70
0
  9
$VISRETAIN
 70
1
  9
$PLINEGEN
 70
0
  9
$PSLTSCALE
 70
1
  9
$TREEDEPTH
 70
3020
  9
$CMLSTYLE
  2
Standard
  9
$CMLJUST
 70
0
  9
$CMLSCALE
 40
20.0
  9
$PROXYGRAPHICS
 70
1
  9
$MEASUREMENT
 70
1
  9
$CELWEIGHT
370
-1
  9
$ENDCAPS
280
0
  9
$JOINSTYLE
280
0
  9
$LWDISPLAY
290
0
  9
$INSUNITS
 70
6
  9
$HYPERLINKBASE
  1

  9
$STYLESHEET
  1

  9
$XEDIT
290
1
  9
$CEPSNTYPE
380
0
  9
$PSTYLEMODE
290
1
  9
$FINGERPRINTGUID
  2
{88954E04-7E5B-4F90-BEAC-D68FBBED76CB}
  9
$VERSIONGUID
  2
{12B2450F-B89B-4BD2-9FE8-6701AC117AE1}
  9
$EXTNAMES
290
1
  9
$PSVPSCALE
 40
0.0
  9
$OLESTARTUP
290
0
  0
ENDSEC
  0
SECTION
  2
CLASSES
  0
CLASS
  1
ACDBDICTIONARYWDFLT
  2
AcDbDictionaryWithDefault
  3
ObjectDBX Classes
 90
0
280
0
281
0
  0
CLASS
  1
SUN
  2
AcDbSun
  3
SCENEOE
 90
1153
280
0
281
0
  0
CLASS
  1
VISUALSTYLE
  2
AcDbVisualStyle
  3
ObjectDBX Classes
 90
4095
280
0
281
0
  0
CLASS
  1
MATERIAL
  2
AcDbMaterial
  3
ObjectDBX Classes
 90
1153
280
0
281
0
  0
CLASS
  1
SCALE
  2
AcDbScale
  3
ObjectDBX Classes
 90
1153
280
0
281
0
  0
CLASS
  1
TABLESTYLE
  2
AcDbTableStyle
  3
ObjectDBX Classes
 90
4095
280
0
281
0
  0
CLASS
  1
MLEADERSTYLE
  2
AcDbMLeaderStyle
  3
ACDB_MLEADERSTYLE_CLASS
 90
4095
280
0
281
0
  0
CLASS
  1
DICTIONARYVAR
  2
AcDbDictionaryVar
  3
ObjectDBX Classes
 90
0
280
0
281
0
  0
CLASS
  1
CELLSTYLEMAP
  2
AcDbCellStyleMap
  3
ObjectDBX Classes
 90
1152
280
0
281
0
  0
CLASS
  1
MENTALRAYRENDERSETTINGS
  2
AcDbMentalRayRenderSettings
  3
SCENEOE
 90
1024
280
0
281
0
  0
CLASS
  1
ACDBDETAILVIEWSTYLE
  2
AcDbDetailViewStyle
  3
ObjectDBX Classes
 90
1025
280
0
281
0
  0
CLASS
  1
ACDBSECTIONVIEWSTYLE
  2
AcDbSectionViewStyle
  3
ObjectDBX Classes
 90
1025
280
0
281
0
  0
CLASS
  1
RASTERVARIABLES
  2
AcDbRasterVariables
  3
ISM
 90
0
280
0
281
0
  0
CLASS
  1
ACDBPLACEHOLDER
  2
AcDbPlaceHolder
  3
ObjectDBX Classes
 90
0
280
0
281
0
  0
CLASS
  1
LAYOUT
  2
AcDbLayout
  3
ObjectDBX Classes
 90
0
280
0
281
0
  0
ENDSEC
  0
SECTION
  2
TABLES
  0
TABLE
  2
VPORT
  5
8
330
0
100
AcDbSymbolTable
 70
1
  0
VPORT
  5
23
330
8
100
AcDbSymbolTableRecord
100
AcDbViewportTableRecord
  2
*Active
 70
0
 10
0.0
 20
0.0
 11
1.0
 21
1.0
 12
0.0
 22
0.0
 13
0.0
 23
0.0
 14
0.5
 24
0.5
 15
0.5
 25
0.5
 16
0.0
 26
0.0
 36
1.0
 17
0.0
 27
0.0
 37
0.0
 40
1000.0
 41
1.34
 42
50.0
 43
0.0
 44
0.0
 50
0.0
 51
0.0
 71
0
 72
1000
 73
1
 74
3
 75
0
 76
0
 77
0
 78
0
281
0
 65
0
146
0.0
  0
ENDTAB
  0
TABLE
  2
LTYPE
  5
2
330
0
100
AcDbSymbolTable
 70
3
  0
LTYPE
  5
24
330
2
100
AcDbSymbolTableRecord
100
AcDbLinetypeTableRecord
  2
ByBlock
 70
0
  3

 72
65
 73
0
 40
0.0
  0
LTYPE
  5
25
330
2
100
AcDbSymbolTableRecord
100
AcDbLinetypeTableRecord
  2
ByLayer
 70
0
  3

 72
65
 73
0
 40
0.0
  0
LTYPE
  5
26
330
2
100
AcDbSymbolTableRecord
100
AcDbLinetypeTableRecord
  2
Continuous
 70
0
  3

 72
65
 73
0
 40
0.0
  0
ENDTAB
  0
TABLE
  2
LAYER
  5
1
330
0
100
AcDbSymbolTable
 70
2
  0
LAYER
  5
27
330
1
100
AcDbSymbolTableRecord
100
AcDbLayerTableRecord
  2
0
 70
0
 62
7
  6
Continuous
370
-3
390
13
  0
LAYER
  5
28
330
1
100
AcDbSymbolTableRecord
100
AcDbLayerTableRecord
  2
Defpoints
 70
0
 62
7
  6
Continuous
290
0
370
-3
390
13
  0
ENDTAB
  0
TABLE
  2
STYLE
  5
5
330
0
100
AcDbSymbolTable
 70
1
  0
STYLE
  5
29
330
5
100
AcDbSymbolTableRecord
100
AcDbTextStyleTableRecord
  2
Standard
 70
0
 40
0.0
 41
1.0
 50
0.0
 71
0
 42
2.5
  3
txt
  4

  0
ENDTAB
  0
TABLE
  2
VIEW
  5
7
330
0
100
AcDbSymbolTable
 70
0
  0
ENDTAB
  0
TABLE
  2
UCS
  5
6
330
0
100
AcDbSymbolTable
 70
0
  0
ENDTAB
  0
TABLE
  2
APPID
  5
3
330
0
100
AcDbSymbolTable
 70
3
  0
APPID
  5
2A
330
3
100
AcDbSymbolTableRecord
100
AcDbRegAppTableRecord
  2
ACAD
 70
0
  0
APPID
  5
401
330
3
100
AcDbSymbolTableRecord
100
AcDbRegAppTableRecord
  2
HATCHBACKGROUNDCOLOR
 70
0
  0
APPID
  5
402
330
3
100
AcDbSymbolTableRecord
100
AcDbRegAppTableRecord
  2
EZDXF
 70
0
  0
ENDTAB
  0
TABLE
  2
DIMSTYLE
  5
4
330
0
100
AcDbSymbolTable
 70
1
100
AcDbDimStyleTable
  0
DIMSTYLE
105
2B
330
4
100
AcDbSymbolTableRecord
100
AcDbDimStyleTableRecord
  2
Standard
 70
0
  3

  4

 40
1.0
 41
2.5
 42
0.625
 43
3.75
 44
1.25
 45
0.0
 46
0.0
 47
0.0
 48
0.0
140
2.5
141
2.5
142
0.0
143
0.03937007874
144
1.0
145
0.0
146
1.0
147
0.625
148
0.0
 71
0
 72
0
 73
0
 74
0
 75
0
 76
0
 77
1
 78
8
 79
3
170
0
171
3
172
1
173
0
174
0
175
0
176
0
177
0
178
0
179
2
271
2
272
2
273
2
274
3
275
0
276
0
277
2
278
44
279
0
280
0
281
0
282
0
283
0
284
8
285
0
286
0
288
0
289
3
371
-2
372
-2
  0
ENDTAB
  0
TABLE
  2
BLOCK_RECORD
  5
9
330
0
100
AcDbSymbolTable
 70
2
  0
BLOCK_RECORD
  5
17
330
9
100
AcDbSymbolTableRecord
100
AcDbBlockTableRecord
  2
*Model_Space
340
1A
  0
BLOCK_RECORD
  5
1B
330
9
100
AcDbSymbolTableRecord
100
AcDbBlockTableRecord
  2
*Paper_Space
340
1E
  0
ENDTAB
  0
ENDSEC
  0
SECTION
  2
BLOCKS
  0
BLOCK
  5
18
330
17
100
AcDbEntity
  8
0
100
AcDbBlockBegin
  2
*Model_Space
 70
0
 10
0.0
 20
0.0
 30
0.0
  3
*Model_Space
  1

  0
ENDBLK
  5
19
330
17
100
AcDbEntity
  8
0
100
AcDbBlockEnd
  0
BLOCK
  5
1C
330
1B
100
AcDbEntity
  8
0
100
AcDbBlockBegin
  2
*Paper_Space
 70
0
 10
0.0
 20
0.0
 30
0.0
  3
*Paper_Space
  1

  0
ENDBLK
  5
1D
330
1B
100
AcDbEntity
  8
0
100
AcDbBlockEnd
  0
ENDSEC
  0
SECTION
  2
ENTITIES
  0
LWPOLYLINE
  5
2F
330
17
100
AcDbEntity
  8
ROADS
100
AcDbPolyline
 90
2
 70
0
 10
629772.0967581285
 20
4835368.210776617
 10
629758.4263995709
 20
4835402.981848159
  0
LWPOLYLINE
  5
30
330
17
100
AcDbEntity
  8
ROADS
100
AcDbPolyline
 90
2
 70
0
 10
630023.6408600231
 20
4835431.9173088325
 10
629819.6794154323
 20
4835365.959524758
  0
LWPOLYLINE
  5
31
330
17
100
AcDbEntity
  8
ROADS
100
AcDbPolyline
 90
2
 70
0
 10
629758.4263995709
 20
4835402.981848159
 10
629722.2106003994
 20
4835437.460048569
  0
LWPOLYLINE
  5
32
330
17
100
AcDbEntity
  8
ROADS
100
AcDbPolyline
 90
2
 70
0
 10
629758.4263995709
 20
4835402.981848159
 10
629771.5272753799
 20
4835449.947947078
  0
LWPOLYLINE
  5
33
330
17
100
AcDbEntity
  8
ROADS
100
AcDbPolyline
 90
2
 70
0
 10
629722.2106003994
 20
4835437.460048569
 10
629771.5272753799
 20
4835449.947947078
  0
LWPOLYLINE
  5
34
330
17
100
AcDbEntity
  8
ROADS
100
AcDbPolyline
 90
2
 70
0
 10
630038.1970633426
 20
4835389.434086695
 10
630023.6408600231
 20
4835431.9173088325
  0
LWPOLYLINE
  5
35
330
17
100
AcDbEntity
  8
ROADS
100
AcDbPolyline
 90
2
 70
0
 10
630098.2536916141
 20
4835405.79670938
 10
630083.501725974
 20
4835450.467758641
  0
LWPOLYLINE
  5
36
330
17
100
AcDbEntity
  8
ROADS
100
AcDbPolyline
 90
2
 70
0
 10
630380.9025081242
 20
4835497.289896023
 10
630368.5366676
 20
4835533.429944833
  0
LWPOLYLINE
  5
37
330
17
100
AcDbEntity
  8
ROADS
100
AcDbPolyline
 90
2
 70
0
 10
630162.4942457832
 20
4835425.619590788
 10
630148.4430650286
 20
4835467.352940594
  0
LWPOLYLINE
  5
38
330
17
100
AcDbEntity
  8
ROADS
100
AcDbPolyline
 90
2
 70
0
 10
630083.501725974
 20
4835450.467758641
 10
630023.6408600231
 20
4835431.9173088325
  0
LWPOLYLINE
  5
39
330
17
100
AcDbEntity
  8
ROADS
100
AcDbPolyline
 90
2
 70
0
 10
630148.4430650286
 20
4835467.352940594
 10
630083.501725974
 20
4835450.467758641
  0
LWPOLYLINE
  5
3A
330
17
100
AcDbEntity
  8
ROADS
100
AcDbPolyline
 90
2
 70
0
 10
630320.7677956184
 20
4835519.211871077
 10
630148.4430650286
 20
4835467.352940594
  0
LWPOLYLINE
  5
3B
330
17
100
AcDbEntity
  8
ROADS
100
AcDbPolyline
 90
2
 70
0
 10
630148.4430650286
 20
4835467.352940594
 10
630127.14054469
 20
4835550.051680287
  0
LWPOLYLINE
  5
3C
330
17
100
AcDbEntity
  8
ROADS
100
AcDbPolyline
 90
2
 70
0
 10
630090.9137234471
 20
4835538.449954695
 10
629999.2868366971
 20
4835509.488494911
  0
LWPOLYLINE
  5
3D
330
17
100
AcDbEntity
  8
ROADS
100
AcDbPolyline
 90
2
 70
0
 10
630368.5366676
 20
4835533.429944833
 10
630320.7677956184
 20
4835519.211871077
  0
LWPOLYLINE
  5
3E
330
17
100
AcDbEntity
  8
ROADS
100
AcDbPolyline
 90
2
 70
0
 10
630127.14054469
 20
4835550.051680287
 10
630090.9137234471
 20
4835538.449954695
  0
LWPOLYLINE
  5
3F
330
17
100
AcDbEntity
  8
ROADS
100
AcDbPolyline
 90
2
 70
0
 10
630186.2602438976
 20
4835568.719766156
 10
630127.14054469
 20
4835550.051680287
  0
LWPOLYLINE
  5
40
330
17
100
AcDbEntity
  8
ROADS
100
AcDbPolyline
 90
2
 70
0
 10
630320.7677956184
 20
4835519.211871077
 10
630294.1073133358
 20
4835601.111731608
  0
LWPOLYLINE
  5
41
330
17
100
AcDbEntity
  8
ROADS
100
AcDbPolyline
 90
2
 70
0
 10
629722.2106003994
 20
4835437.460048569
 10
629740.2141177157
 20
4835457.193380866
  0
LWPOLYLINE
  5
42
330
17
100
AcDbEntity
  8
ROADS
100
AcDbPolyline
 90
2
 70
0
 10
630023.6408600231
 20
4835431.9173088325
 10
630012.0629191325
 20
4835468.986612462
  0
LWPOLYLINE
  5
43
330
17
100
AcDbEntity
  8
ROADS
100
AcDbPolyline
 90
2
 70
0
 10
629771.5272753799
 20
4835449.947947078
 10
629740.2141177157
 20
4835457.193380866
  0
LWPOLYLINE
  5
44
330
17
100
AcDbEntity
  8
ROADS
100
AcDbPolyline
 90
2
 70
0
 10
630012.0629191325
 20
4835468.986612462
 10
630063.1182113312
 20
4835484.989703595
  0
LWPOLYLINE
  5
45
330
17
100
AcDbEntity
  8
ROADS
100
AcDbPolyline
 90
2
 70
0
 10
630012.0629191325
 20
4835468.986612462
 10
630006.7852674671
 20
4835485.818387197
  0
LWPOLYLINE
  5
46
330
17
100
AcDbEntity
  8
ROADS
100
AcDbPolyline
 90
2
 70
0
 10
629740.2141177157
 20
4835457.193380866
 10
629718.933563218
 20
4835508.780257817
  0
LWPOLYLINE
  5
47
330
17
100
AcDbEntity
  8
ROADS
100
AcDbPolyline
 90
2
 70
0
 10
630006.7852674671
 20
4835485.818387197
 10
629961.2115904381
 20
4835498.180382993
  0
LWPOLYLINE
  5
48
330
17
100
AcDbEntity
  8
ROADS
100
AcDbPolyline
 90
2
 70
0
 10
630006.7852674671
 20
4835485.818387197
 10
629999.2868366971
 20
4835509.488494911
  0
LWPOLYLINE
  5
49
330
17
100
AcDbEntity
  8
ROADS
100
AcDbPolyline
 90
2
 70
0
 10
629771.5272753799
 20
4835449.947947078
 10
629820.8156146781
 20
4835550.296962147
  0
LWPOLYLINE
  5
4A
330
17
100
AcDbEntity
  8
ROADS
100
AcDbPolyline
 90
2
 70
0
 10
629999.2868366971
 20
4835509.488494911
 10
629961.2115904381
 20
4835498.180382993
  0
LWPOLYLINE
  5
4B
330
17
100
AcDbEntity
  8
ROADS
100
AcDbPolyline
 90
2
 70
0
 10
630368.5366676
 20
4835533.429944833
 10
630425.4109434006
 20
4835534.828712754
  0
LWPOLYLINE
  5
4C
330
17
100
AcDbEntity
  8
ROADS
100
AcDbPolyline
 90
2
 70
0
 10
630425.4109434006
 20
4835534.828712754
 10
630459.8697010833
 20
4835536.34267431
  0
LWPOLYLINE
  5
4D
330
17
100
AcDbEntity
  8
ROADS
100
AcDbPolyline
 90
2
 70
0
 10
630425.4109434006
 20
4835534.828712754
 10
630397.5304211049
 20
4835621.205861512
  0
LWPOLYLINE
  5
4E
330
17
100
AcDbEntity
  8
ROADS
100
AcDbPolyline
 90
2
 70
0
 10
630368.5366676
 20
4835533.429944833
 10
630346.995117719
 20
4835605.5901625315
  0
LWPOLYLINE
  5
4F
330
17
100
AcDbEntity
  8
ROADS
100
AcDbPolyline
 90
2
 70
0
 10
630294.1073133358
 20
4835601.111731608
 10
630186.2602438976
 20
4835568.719766156
  0
LWPOLYLINE
  5
50
330
17
100
AcDbEntity
  8
ROADS
100
AcDbPolyline
 90
2
 70
0
 10
630090.9137234471
 20
4835538.449954695
 10
630058.9068871334
 20
4835636.66725432
  0
LWPOLYLINE
  5
51
330
17
100
AcDbEntity
  8
ROADS
100
AcDbPolyline
 90
2
 70
0
 10
630127.14054469
 20
4835550.051680287
 10
630102.2832174673
 20
4835650.204376774
  0
LWPOLYLINE
  5
52
330
17
100
AcDbEntity
  8
ROADS
100
AcDbPolyline
 90
2
 70
0
 10
630343.2517012614
 20
4835616.440261919
 10
630294.1073133358
 20
4835601.111731608
  0
LWPOLYLINE
  5
53
330
17
100
AcDbEntity
  8
ROADS
100
AcDbPolyline
 90
2
 70
0
 10
630346.995117719
 20
4835605.5901625315
 10
630343.2517012614
 20
4835616.440261919
  0
LWPOLYLINE
  5
54
330
17
100
AcDbEntity
  8
ROADS
100
AcDbPolyline
 90
2
 70
0
 10
630346.995117719
 20
4835605.5901625315
 10
630397.5304211049
 20
4835621.205861512
  0
LWPOLYLINE
  5
55
330
17
100
AcDbEntity
  8
ROADS
100
AcDbPolyline
 90
2
 70
0
 10
630186.2602438976
 20
4835568.719766156
 10
630154.7558440998
 20
4835666.692656979
  0
LWPOLYLINE
  5
56
330
17
100
AcDbEntity
  8
ROADS
100
AcDbPolyline
 90
2
 70
0
 10
630294.1073133358
 20
4835601.111731608
 10
630277.732694808
 20
4835652.635371733
  0
LWPOLYLINE
  5
57
330
17
100
AcDbEntity
  8
ROADS
100
AcDbPolyline
 90
2
 70
0
 10
630102.2832174673
 20
4835650.204376774
 10
630058.9068871334
 20
4835636.66725432
  0
LWPOLYLINE
  5
58
330
17
100
AcDbEntity
  8
ROADS
100
AcDbPolyline
 90
2
 70
0
 10
629718.933563218
 20
4835508.780257817
 10
629714.0108596989
 20
4835535.988153988
  0
LWPOLYLINE
  5
59
330
17
100
AcDbEntity
  8
ROADS
100
AcDbPolyline
 90
2
 70
0
 10
629718.933563218
 20
4835508.780257817
 10
629820.8156146781
 20
4835550.296962147
  0
LWPOLYLINE
  5
5A
330
17
100
AcDbEntity
  8
ROADS
100
AcDbPolyline
 90
2
 70
0
 10
629961.2115904381
 20
4835498.180382993
 10
629923.1683259853
 20
4835593.24630022
  0
LWPOLYLINE
  5
5B
330
17
100
AcDbEntity
  8
ROADS
100
AcDbPolyline
 90
2
 70
0
 10
629714.0108596989
 20
4835535.988153988
 10
629704.6210794814
 20
4835565.0914249625
  0
LWPOLYLINE
  5
5C
330
17
100
AcDbEntity
  8
ROADS
100
AcDbPolyline
 90
2
 70
0
 10
629820.8156146781
 20
4835550.296962147
 10
629821.9273551059
 20
4835562.097882947
  0
LWPOLYLINE
  5
5D
330
17
100
AcDbEntity
  8
ROADS
100
AcDbPolyline
 90
2
 70
0
 10
629923.1683259853
 20
4835593.24630022
 10
629821.9273551059
 20
4835562.097882947
  0
LWPOLYLINE
  5
5E
330
17
100
AcDbEntity
  8
ROADS
100
AcDbPolyline
 90
2
 70
0
 10
630058.9068871334
 20
4835636.66725432
 10
629923.1683259853
 20
4835593.24630022
  0
LWPOLYLINE
  5
5F
330
17
100
AcDbEntity
  8
ROADS
100
AcDbPolyline
 90
2
 70
0
 10
629821.9273551059
 20
4835562.097882947
 10
629758.6757494941
 20
4835768.322759502
  0
LWPOLYLINE
  5
60
330
17
100
AcDbEntity
  8
ROADS
100
AcDbPolyline
 90
2
 70
0
 10
629705.1181321867
 20
4835760.904996005
 10
629743.637265522
 20
4835778.137566317
  0
LWPOLYLINE
  5
61
330
17
100
AcDbEntity
  8
ROADS
100
AcDbPolyline
 90
2
 70
0
 10
629758.6757494941
 20
4835768.322759502
 10
629743.637265522
 20
4835778.137566317
  0
LWPOLYLINE
  5
62
330
17
100
AcDbEntity
  8
ROADS
100
AcDbPolyline
 90
2
 70
0
 10
630656.5817453773
 20
4835640.22222344
 10
630638.2573004301
 20
4835696.733210891
  0
LWPOLYLINE
  5
63
330
17
100
AcDbEntity
  8
ROADS
100
AcDbPolyline
 90
2
 70
0
 10
630397.5304211049
 20
4835621.205861512
 10
630638.2573004301
 20
4835696.733210891
  0
LWPOLYLINE
  5
64
330
17
100
AcDbEntity
  8
ROADS
100
AcDbPolyline
 90
2
 70
0
 10
630701.8359291737
 20
4835717.806134053
 10
630715.4402357686
 20
4835677.114255609
  0
LWPOLYLINE
  5
65
330
17
100
AcDbEntity
  8
ROADS
100
AcDbPolyline
 90
2
 70
0
 10
630638.2573004301
 20
4835696.733210891
 10
630701.8359291737
 20
4835717.806134053
  0
LWPOLYLINE
  5
66
330
17
100
AcDbEntity
  8
ROADS
100
AcDbPolyline
 90
2
 70
0
 10
630759.4431899422
 20
4835692.610046247
 10
630749.9476508623
 20
4835733.281040708
  0
LWPOLYLINE
  5
67
330
17
100
AcDbEntity
  8
ROADS
100
AcDbPolyline
 90
2
 70
0
 10
630365.5900416477
 20
4835718.178356377
 10
630392.3300966532
 20
4835726.633379245
  0
LWPOLYLINE
  5
68
330
17
100
AcDbEntity
  8
ROADS
100
AcDbPolyline
 90
2
 70
0
 10
630277.732694808
 20
4835652.635371733
 10
630239.7133625436
 20
4835640.888214333
  0
LWPOLYLINE
  5
69
330
17
100
AcDbEntity
  8
ROADS
100
AcDbPolyline
 90
2
 70
0
 10
630154.7558440998
 20
4835666.692656979
 10
630102.2832174673
 20
4835650.204376774
  0
LWPOLYLINE
  5
6A
330
17
100
AcDbEntity
  8
ROADS
100
AcDbPolyline
 90
2
 70
0
 10
630343.2517012614
 20
4835616.440261919
 10
630315.7391243195
 20
4835702.101983955
  0
LWPOLYLINE
  5
6B
330
17
100
AcDbEntity
  8
ROADS
100
AcDbPolyline
 90
2
 70
0
 10
630277.732694808
 20
4835652.635371733
 10
630262.2581479058
 20
4835701.503090153
  0
LWPOLYLINE
  5
6C
330
17
100
AcDbEntity
  8
ROADS
100
AcDbPolyline
 90
2
 70
0
 10
630262.2581479058
 20
4835701.503090153
 10
630154.7558440998
 20
4835666.692656979
  0
LWPOLYLINE
  5
6D
330
17
100
AcDbEntity
  8
ROADS
100
AcDbPolyline
 90
2
 70
0
 10
630102.2832174673
 20
4835650.204376774
 10
630070.0034248492
 20
4835749.024777482
  0
LWPOLYLINE
  5
6E
330
17
100
AcDbEntity
  8
ROADS
100
AcDbPolyline
 90
2
 70
0
 10
630310.9881319087
 20
4835716.907147446
 10
630262.2581479058
 20
4835701.503090153
  0
LWPOLYLINE
  5
6F
330
17
100
AcDbEntity
  8
ROADS
100
AcDbPolyline
 90
2
 70
0
 10
630315.7391243195
 20
4835702.101983955
 10
630310.9881319087
 20
4835716.907147446
  0
LWPOLYLINE
  5
70
330
17
100
AcDbEntity
  8
ROADS
100
AcDbPolyline
 90
2
 70
0
 10
630315.7391243195
 20
4835702.101983955
 10
630365.5900416477
 20
4835718.178356377
  0
LWPOLYLINE
  5
71
330
17
100
AcDbEntity
  8
ROADS
100
AcDbPolyline
 90
2
 70
0
 10
630365.5900416477
 20
4835718.178356377
 10
630349.2462258607
 20
4835771.979721387
  0
LWPOLYLINE
  5
72
330
17
100
AcDbEntity
  8
ROADS
100
AcDbPolyline
 90
2
 70
0
 10
630701.8359291737
 20
4835717.806134053
 10
630749.9476508623
 20
4835733.281040708
  0
LWPOLYLINE
  5
73
330
17
100
AcDbEntity
  8
ROADS
100
AcDbPolyline
 90
2
 70
0
 10
630392.3300966532
 20
4835726.633379245
 10
630410.2318768541
 20
4835732.192413626
  0
LWPOLYLINE
  5
74
330
17
100
AcDbEntity
  8
ROADS
100
AcDbPolyline
 90
2
 70
0
 10
630749.9476508623
 20
4835733.281040708
 10
630741.8497909418
 20
4835759.238524758
  0
LWPOLYLINE
  5
75
330
17
100
AcDbEntity
  8
ROADS
100
AcDbPolyline
 90
2
 70
0
 10
630638.2573004301
 20
4835696.733210891
 10
630605.3291610377
 20
4835796.424107283
  0
LWPOLYLINE
  5
76
330
17
100
AcDbEntity
  8
ROADS
100
AcDbPolyline
 90
2
 70
0
 10
630392.3300966532
 20
4835726.633379245
 10
630389.7977135035
 20
4835780.326932422
  0
LWPOLYLINE
  5
77
330
17
100
AcDbEntity
  8
ROADS
100
AcDbPolyline
 90
2
 70
0
 10
630410.2318768541
 20
4835732.192413626
 10
630556.2949862585
 20
4835780.280473073
  0
LWPOLYLINE
  5
78
330
17
100
AcDbEntity
  8
ROADS
100
AcDbPolyline
 90
2
 70
0
 10
630410.2318768541
 20
4835732.192413626
 10
630389.7977135035
 20
4835780.326932422
  0
LWPOLYLINE
  5
79
330
17
100
AcDbEntity
  8
ROADS
100
AcDbPolyline
 90
2
 70
0
 10
630389.7977135035
 20
4835780.326932422
 10
630418.8925953337
 20
4835793.917400221
  0
LWPOLYLINE
  5
7A
330
17
100
AcDbEntity
  8
ROADS
100
AcDbPolyline
 90
2
 70
0
 10
630556.2949862585
 20
4835780.280473073
 10
630605.3291610377
 20
4835796.424107283
  0
LWPOLYLINE
  5
7B
330
17
100
AcDbEntity
  8
ROADS
100
AcDbPolyline
 90
2
 70
0
 10
630741.8497909418
 20
4835759.238524758
 10
630717.4563397677
 20
4835830.990720902
  0
LWPOLYLINE
  5
7C
330
17
100
AcDbEntity
  8
ROADS
100
AcDbPolyline
 90
2
 70
0
 10
630262.2581479058
 20
4835701.503090153
 10
630230.4309362741
 20
4835798.189564157
  0
LWPOLYLINE
  5
7D
330
17
100
AcDbEntity
  8
ROADS
100
AcDbPolyline
 90
2
 70
0
 10
630310.9881319087
 20
4835716.907147446
 10
630280.0128504332
 20
4835813.545032535
  0
LWPOLYLINE
  5
7E
330
17
100
AcDbEntity
  8
ROADS
100
AcDbPolyline
 90
2
 70
0
 10
630230.4309362741
 20
4835798.189564157
 10
630070.0034248492
 20
4835749.024777482
  0
LWPOLYLINE
  5
7F
330
17
100
AcDbEntity
  8
ROADS
100
AcDbPolyline
 90
2
 70
0
 10
630349.2462258607
 20
4835771.979721387
 10
630389.7977135035
 20
4835780.326932422
  0
LWPOLYLINE
  5
80
330
17
100
AcDbEntity
  8
ROADS
100
AcDbPolyline
 90
2
 70
0
 10
630349.2462258607
 20
4835771.979721387
 10
630332.3444820098
 20
4835823.008797099
  0
LWPOLYLINE
  5
81
330
17
100
AcDbEntity
  8
ROADS
100
AcDbPolyline
 90
2
 70
0
 10
630070.0034248492
 20
4835749.024777482
 10
630034.2563796625
 20
4835860.234347448
  0
LWPOLYLINE
  5
82
330
17
100
AcDbEntity
  8
ROADS
100
AcDbPolyline
 90
2
 70
0
 10
630280.0128504332
 20
4835813.545032535
 10
630230.4309362741
 20
4835798.189564157
  0
LWPOLYLINE
  5
83
330
17
100
AcDbEntity
  8
ROADS
100
AcDbPolyline
 90
2
 70
0
 10
630280.0128504332
 20
4835813.545032535
 10
630332.3444820098
 20
4835823.008797099
  0
LWPOLYLINE
  5
84
330
17
100
AcDbEntity
  8
ROADS
100
AcDbPolyline
 90
2
 70
0
 10
630230.4309362741
 20
4835798.189564157
 10
630194.4152773846
 20
4835910.702418591
  0
LWPOLYLINE
  5
85
330
17
100
AcDbEntity
  8
ROADS
100
AcDbPolyline
 90
2
 70
0
 10
630280.0128504332
 20
4835813.545032535
 10
630244.3618944339
 20
4835926.130500751
  0
LWPOLYLINE
  5
86
330
17
100
AcDbEntity
  8
ROADS
100
AcDbPolyline
 90
2
 70
0
 10
629722.2106003994
 20
4835437.460048569
 10
629667.824438159
 20
4835469.952624577
  0
LWPOLYLINE
  5
87
330
17
100
AcDbEntity
  8
ROADS
100
AcDbPolyline
 90
2
 70
0
 10
629428.4668011279
 20
4835454.649383101
 10
629419.8024331948
 20
4835483.002836361
  0
LWPOLYLINE
  5
88
330
17
100
AcDbEntity
  8
ROADS
100
AcDbPolyline
 90
2
 70
0
 10
629667.824438159
 20
4835469.952624577
 10
629718.933563218
 20
4835508.780257817
  0
LWPOLYLINE
  5
89
330
17
100
AcDbEntity
  8
ROADS
100
AcDbPolyline
 90
2
 70
0
 10
629667.824438159
 20
4835469.952624577
 10
629629.172940774
 20
4835527.305857927
  0
LWPOLYLINE
  5
8A
330
17
100
AcDbEntity
  8
ROADS
100
AcDbPolyline
 90
2
 70
0
 10
629051.6353997084
 20
4835573.091062264
 10
629029.3873763292
 20
4835644.000830408
  0
LWPOLYLINE
  5
8B
330
17
100
AcDbEntity
  8
ROADS
100
AcDbPolyline
 90
2
 70
0
 10
629029.3873763292
 20
4835644.000830408
 10
628973.5631402063
 20
4835627.723445451
  0
LWPOLYLINE
  5
8C
330
17
100
AcDbEntity
  8
ROADS
100
AcDbPolyline
 90
2
 70
0
 10
629718.933563218
 20
4835508.780257817
 10
629685.0901471871
 20
4835516.555979926
  0
LWPOLYLINE
  5
8D
330
17
100
AcDbEntity
  8
ROADS
100
AcDbPolyline
 90
2
 70
0
 10
629685.0901471871
 20
4835516.555979926
 10
629629.172940774
 20
4835527.305857927
  0
LWPOLYLINE
  5
8E
330
17
100
AcDbEntity
  8
ROADS
100
AcDbPolyline
 90
2
 70
0
 10
629714.0108596989
 20
4835535.988153988
 10
629685.0901471871
 20
4835516.555979926
  0
LWPOLYLINE
  5
8F
330
17
100
AcDbEntity
  8
ROADS
100
AcDbPolyline
 90
4
 70
0
 10
629431.7245699972
 20
4835626.806221564
 10
629470.2289940079
 20
4835586.161522111
 10
629484.7612500695
 20
4835511.692120493
 10
629419.8024331948
 20
4835483.002836361
  0
LWPOLYLINE
  5
90
330
17
100
AcDbEntity
  8
ROADS
100
AcDbPolyline
 90
2
 70
0
 10
629629.172940774
 20
4835527.305857927
 10
629576.1772939212
 20
4835634.949232843
  0
LWPOLYLINE
  5
91
330
17
100
AcDbEntity
  8
ROADS
100
AcDbPolyline
 90
2
 70
0
 10
629437.0718465147
 20
4835643.903563401
 10
629431.7245699972
 20
4835626.806221564
  0
LWPOLYLINE
  5
92
330
17
100
AcDbEntity
  8
ROADS
100
AcDbPolyline
 90
2
 70
0
 10
629576.1772939212
 20
4835634.949232843
 10
629551.2426407381
 20
4835707.684470938
  0
LWPOLYLINE
  5
93
330
17
100
AcDbEntity
  8
ROADS
100
AcDbPolyline
 90
2
 70
0
 10
629437.0718465147
 20
4835643.903563401
 10
629529.1404110086
 20
4835702.081510678
  0
LWPOLYLINE
  5
94
330
17
100
AcDbEntity
  8
ROADS
100
AcDbPolyline
 90
2
 70
0
 10
629576.1772939212
 20
4835634.949232843
 10
629588.0153005009
 20
4835713.485664712
  0
LWPOLYLINE
  5
95
330
17
100
AcDbEntity
  8
ROADS
100
AcDbPolyline
 90
4
 70
0
 10
629529.1404110086
 20
4835702.081510678
 10
629486.550128585
 20
4835760.291545128
 10
629403.5875462333
 20
4835736.611073575
 10
629437.0718465147
 20
4835643.903563401
  0
LWPOLYLINE
  5
96
330
17
100
AcDbEntity
  8
ROADS
100
AcDbPolyline
 90
2
 70
0
 10
629029.3873763292
 20
4835644.000830408
 10
628998.0997955897
 20
4835744.090937677
  0
LWPOLYLINE
  5
97
330
17
100
AcDbEntity
  8
ROADS
100
AcDbPolyline
 90
2
 70
0
 10
628899.4585303037
 20
4835712.431520425
 10
628887.6003906401
 20
4835708.496269838
  0
LWPOLYLINE
  5
98
330
17
100
AcDbEntity
  8
ROADS
100
AcDbPolyline
 90
2
 70
0
 10
628951.320892969
 20
4835728.866218214
 10
628899.4585303037
 20
4835712.431520425
  0
LWPOLYLINE
  5
99
330
17
100
AcDbEntity
  8
ROADS
100
AcDbPolyline
 90
2
 70
0
 10
628899.4585303037
 20
4835712.431520425
 10
628885.8262894163
 20
4835755.6499629915
  0
LWPOLYLINE
  5
9A
330
17
100
AcDbEntity
  8
ROADS
100
AcDbPolyline
 90
2
 70
0
 10
628998.0997955897
 20
4835744.090937677
 10
628951.320892969
 20
4835728.866218214
  0
LWPOLYLINE
  5
9B
330
17
100
AcDbEntity
  8
ROADS
100
AcDbPolyline
 90
2
 70
0
 10
628951.320892969
 20
4835728.866218214
 10
628937.132025664
 20
4835771.508565118
  0
LWPOLYLINE
  5
9C
330
17
100
AcDbEntity
  8
ROADS
100
AcDbPolyline
 90
2
 70
0
 10
628937.132025664
 20
4835771.508565118
 10
628885.8262894163
 20
4835755.6499629915
  0
LWPOLYLINE
  5
9D
330
17
100
AcDbEntity
  8
ROADS
100
AcDbPolyline
 90
2
 70
0
 10
628885.8262894163
 20
4835755.6499629915
 10
628872.7413674875
 20
4835799.350329226
  0
LWPOLYLINE
  5
9E
330
17
100
AcDbEntity
  8
ROADS
100
AcDbPolyline
 90
3
 70
0
 10
629126.2576248618
 20
4835813.49954816
 10
629078.8890887185
 20
4835764.454870075
 10
628998.0997955897
 20
4835744.090937677
  0
LWPOLYLINE
  5
9F
330
17
100
AcDbEntity
  8
ROADS
100
AcDbPolyline
 90
2
 70
0
 10
629551.2426407381
 20
4835707.684470938
 10
629529.1404110086
 20
4835702.081510678
  0
LWPOLYLINE
  5
A0
330
17
100
AcDbEntity
  8
ROADS
100
AcDbPolyline
 90
2
 70
0
 10
629588.0153005009
 20
4835713.485664712
 10
629551.2426407381
 20
4835707.684470938
  0
LWPOLYLINE
  5
A1
330
17
100
AcDbEntity
  8
ROADS
100
AcDbPolyline
 90
2
 70
0
 10
629588.0153005009
 20
4835713.485664712
 10
629595.4472044663
 20
4835734.483472268
  0
LWPOLYLINE
  5
A2
330
17
100
AcDbEntity
  8
ROADS
100
AcDbPolyline
 90
2
 70
0
 10
629758.6757494941
 20
4835768.322759502
 10
629588.0153005009
 20
4835713.485664712
  0
LWPOLYLINE
  5
A3
330
17
100
AcDbEntity
  8
ROADS
100
AcDbPolyline
 90
2
 70
0
 10
629705.1181321867
 20
4835760.904996005
 10
629595.4472044663
 20
4835734.483472268
  0
LWPOLYLINE
  5
A4
330
17
100
AcDbEntity
  8
ROADS
100
AcDbPolyline
 90
2
 70
0
 10
629588.0153005009
 20
4835713.485664712
 10
629535.3988114325
 20
4835797.555228906
  0
LWPOLYLINE
  5
A5
330
17
100
AcDbEntity
  8
ROADS
100
AcDbPolyline
 90
2
 70
0
 10
629551.2426407381
 20
4835707.684470938
 10
629515.3322678349
 20
4835828.871606392
  0
LWPOLYLINE
  5
A6
330
17
100
AcDbEntity
  8
ROADS
100
AcDbPolyline
 90
2
 70
0
 10
629595.4472044663
 20
4835734.483472268
 10
629543.923141501
 20
4835803.709262047
  0
LWPOLYLINE
  5
A7
330
17
100
AcDbEntity
  8
ROADS
100
AcDbPolyline
 90
2
 70
0
 10
629595.4472044663
 20
4835734.483472268
 10
629607.1781364663
 20
4835847.980392365
  0
LWPOLYLINE
  5
A8
330
17
100
AcDbEntity
  8
ROADS
100
AcDbPolyline
 90
2
 70
0
 10
629535.3988114325
 20
4835797.555228906
 10
629543.923141501
 20
4835803.709262047
  0
LWPOLYLINE
  5
A9
330
17
100
AcDbEntity
  8
ROADS
100
AcDbPolyline
 90
2
 70
0
 10
629228.7887665263
 20
4835491.70206467
 10
629196.8952352842
 20
4835589.928418134
  0
LWPOLYLINE
  5
AA
330
17
100
AcDbEntity
  8
ROADS
100
AcDbPolyline
 90
5
 70
0
 10
629419.8024331948
 20
4835483.002836361
 10
629338.3520632179
 20
4835482.0513272835
 10
629309.1565365618
 20
4835568.816452999
 10
629373.6984265192
 20
4835628.69634061
 10
629431.7245699972
 20
4835626.806221564
  0
LWPOLYLINE
  5
AB
330
17
100
AcDbEntity
  8
ROADS
100
AcDbPolyline
 90
2
 70
0
 10
629196.8952352842
 20
4835589.928418134
 10
629084.260389513
 20
4835554.334405946
  0
LWPOLYLINE
  5
AC
330
17
100
AcDbEntity
  8
ROADS
100
AcDbPolyline
 90
2
 70
0
 10
629196.8952352842
 20
4835589.928418134
 10
629126.2576248618
 20
4835813.49954816
  0
LWPOLYLINE
  5
AD
330
17
100
AcDbEntity
  8
ROADS
100
AcDbPolyline
 90
2
 70
0
 10
629346.4178005997
 20
4835882.629502524
 10
629379.9507265209
 20
4835772.02317661
  0
LWPOLYLINE
  5
AE
330
17
100
AcDbEntity
  8
ROADS
100
AcDbPolyline
 90
2
 70
0
 10
629247.7084599168
 20
4835851.466816346
 10
629126.2576248618
 20
4835813.49954816
  0
LWPOLYLINE
  5
AF
330
17
100
AcDbEntity
  8
ROADS
100
AcDbPolyline
 90
2
 70
0
 10
629346.4178005997
 20
4835882.629502524
 10
629247.7084599168
 20
4835851.466816346
  0
LWPOLYLINE
  5
B0
330
17
100
AcDbEntity
  8
ROADS
100
AcDbPolyline
 90
2
 70
0
 10
629126.2576248618
 20
4835813.49954816
 10
629080.4575839137
 20
4835958.858354389
  0
LWPOLYLINE
  5
B1
330
17
100
AcDbEntity
  8
ROADS
100
AcDbPolyline
 90
2
 70
0
 10
629247.7084599168
 20
4835851.466816346
 10
629129.5701916389
 20
4836228.427519311
  0
LWPOLYLINE
  5
B2
330
17
100
AcDbEntity
  8
ROADS
100
AcDbPolyline
 90
2
 70
0
 10
629203.6181158398
 20
4836250.943837656
 10
629129.5701916389
 20
4836228.427519311
  0
LWPOLYLINE
  5
B3
330
17
100
AcDbEntity
  8
ROADS
100
AcDbPolyline
 90
2
 70
0
 10
628998.0997955897
 20
4835744.090937677
 10
628970.17623689
 20
4835830.251908546
  0
LWPOLYLINE
  5
B4
330
17
100
AcDbEntity
  8
ROADS
100
AcDbPolyline
 90
2
 70
0
 10
628872.7413674875
 20
4835799.350329226
 10
628819.8079781679
 20
4835782.838586866
  0
LWPOLYLINE
  5
B5
330
17
100
AcDbEntity
  8
ROADS
100
AcDbPolyline
 90
2
 70
0
 10
628937.132025664
 20
4835771.508565118
 10
628923.5421809145
 20
4835815.423823486
  0
LWPOLYLINE
  5
B6
330
17
100
AcDbEntity
  8
ROADS
100
AcDbPolyline
 90
2
 70
0
 10
628923.5421809145
 20
4835815.423823486
 10
628872.7413674875
 20
4835799.350329226
  0
LWPOLYLINE
  5
B7
330
17
100
AcDbEntity
  8
ROADS
100
AcDbPolyline
 90
2
 70
0
 10
628872.7413674875
 20
4835799.350329226
 10
628859.1917360194
 20
4835842.258237721
  0
LWPOLYLINE
  5
B8
330
17
100
AcDbEntity
  8
ROADS
100
AcDbPolyline
 90
2
 70
0
 10
628970.17623689
 20
4835830.251908546
 10
628923.5421809145
 20
4835815.423823486
  0
LWPOLYLINE
  5
B9
330
17
100
AcDbEntity
  8
ROADS
100
AcDbPolyline
 90
2
 70
0
 10
628923.5421809145
 20
4835815.423823486
 10
628909.9935450803
 20
4835858.331755878
  0
LWPOLYLINE
  5
BA
330
17
100
AcDbEntity
  8
ROADS
100
AcDbPolyline
 90
2
 70
0
 10
628909.9935450803
 20
4835858.331755878
 10
628859.1917360194
 20
4835842.258237721
  0
LWPOLYLINE
  5
BB
330
17
100
AcDbEntity
  8
ROADS
100
AcDbPolyline
 90
2
 70
0
 10
628859.1917360194
 20
4835842.258237721
 10
628845.4549595658
 20
4835886.168826443
  0
LWPOLYLINE
  5
BC
330
17
100
AcDbEntity
  8
ROADS
100
AcDbPolyline
 90
2
 70
0
 10
628970.17623689
 20
4835830.251908546
 10
628943.3502108713
 20
4835917.160758049
  0
LWPOLYLINE
  5
BD
330
17
100
AcDbEntity
  8
ROADS
100
AcDbPolyline
 90
2
 70
0
 10
629535.3988114325
 20
4835797.555228906
 10
629515.3322678349
 20
4835828.871606392
  0
LWPOLYLINE
  5
BE
330
17
100
AcDbEntity
  8
ROADS
100
AcDbPolyline
 90
2
 70
0
 10
629725.4892428949
 20
4835785.81300726
 10
629620.7597375936
 20
4835851.373167096
  0
LWPOLYLINE
  5
BF
330
17
100
AcDbEntity
  8
ROADS
100
AcDbPolyline
 90
2
 70
0
 10
629543.923141501
 20
4835803.709262047
 10
629599.1177643465
 20
4835859.862490576
  0
LWPOLYLINE
  5
C0
330
17
100
AcDbEntity
  8
ROADS
100
AcDbPolyline
 90
2
 70
0
 10
629607.1781364663
 20
4835847.980392365
 10
629620.7597375936
 20
4835851.373167096
  0
LWPOLYLINE
  5
C1
330
17
100
AcDbEntity
  8
ROADS
100
AcDbPolyline
 90
2
 70
0
 10
629599.1177643465
 20
4835859.862490576
 10
629607.1781364663
 20
4835847.980392365
  0
LWPOLYLINE
  5
C2
330
17
100
AcDbEntity
  8
ROADS
100
AcDbPolyline
 90
2
 70
0
 10
629620.7597375936
 20
4835851.373167096
 10
629620.7872798032
 20
4835865.005607535
  0
LWPOLYLINE
  5
C3
330
17
100
AcDbEntity
  8
ROADS
100
AcDbPolyline
 90
2
 70
0
 10
629543.923141501
 20
4835803.709262047
 10
629501.5255260735
 20
4835923.334494124
  0
LWPOLYLINE
  5
C4
330
17
100
AcDbEntity
  8
ROADS
100
AcDbPolyline
 90
2
 70
0
 10
629599.1177643465
 20
4835859.862490576
 10
629603.2298875372
 20
4835875.248396261
  0
LWPOLYLINE
  5
C5
330
17
100
AcDbEntity
  8
ROADS
100
AcDbPolyline
 90
2
 70
0
 10
629620.7872798032
 20
4835865.005607535
 10
629603.2298875372
 20
4835875.248396261
  0
LWPOLYLINE
  5
C6
330
17
100
AcDbEntity
  8
ROADS
100
AcDbPolyline
 90
2
 70
0
 10
629515.3322678349
 20
4835828.871606392
 10
629490.9325476886
 20
4835921.854880761
  0
LWPOLYLINE
  5
C7
330
17
100
AcDbEntity
  8
ROADS
100
AcDbPolyline
 90
2
 70
0
 10
628909.9935450803
 20
4835858.331755878
 10
628898.110679072
 20
4835902.419879541
  0
LWPOLYLINE
  5
C8
330
17
100
AcDbEntity
  8
ROADS
100
AcDbPolyline
 90
2
 70
0
 10
628898.110679072
 20
4835902.419879541
 10
628845.4549595658
 20
4835886.168826443
  0
LWPOLYLINE
  5
C9
330
17
100
AcDbEntity
  8
ROADS
100
AcDbPolyline
 90
2
 70
0
 10
628943.3502108713
 20
4835917.160758049
 10
628898.110679072
 20
4835902.419879541
  0
LWPOLYLINE
  5
CA
330
17
100
AcDbEntity
  8
ROADS
100
AcDbPolyline
 90
2
 70
0
 10
628898.110679072
 20
4835902.419879541
 10
628882.716323537
 20
4835950.061753115
  0
LWPOLYLINE
  5
CB
330
17
100
AcDbEntity
  8
ROADS
100
AcDbPolyline
 90
2
 70
0
 10
629012.7769718122
 20
4835938.008336459
 10
628943.3502108713
 20
4835917.160758049
  0
LWPOLYLINE
  5
CC
330
17
100
AcDbEntity
  8
ROADS
100
AcDbPolyline
 90
2
 70
0
 10
628882.716323537
 20
4835950.061753115
 10
628825.8821819653
 20
4835932.436058999
  0
LWPOLYLINE
  5
CD
330
17
100
AcDbEntity
  8
ROADS
100
AcDbPolyline
 90
2
 70
0
 10
629080.4575839137
 20
4835958.858354389
 10
629012.7769718122
 20
4835938.008336459
  0
LWPOLYLINE
  5
CE
330
17
100
AcDbEntity
  8
ROADS
100
AcDbPolyline
 90
2
 70
0
 10
628943.3502108713
 20
4835917.160758049
 10
628913.398843532
 20
4836010.602527753
  0
LWPOLYLINE
  5
CF
330
17
100
AcDbEntity
  8
ROADS
100
AcDbPolyline
 90
2
 70
0
 10
628882.716323537
 20
4835950.061753115
 10
628868.6381315968
 20
4835997.754421234
  0
LWPOLYLINE
  5
D0
330
17
100
AcDbEntity
  8
ROADS
100
AcDbPolyline
 90
2
 70
0
 10
628913.398843532
 20
4836010.602527753
 10
628868.6381315968
 20
4835997.754421234
  0
LWPOLYLINE
  5
D1
330
17
100
AcDbEntity
  8
ROADS
100
AcDbPolyline
 90
2
 70
0
 10
629706.4388441526
 20
4835895.116185671
 10
629620.7872798032
 20
4835865.005607535
  0
LWPOLYLINE
  5
D2
330
17
100
AcDbEntity
  8
ROADS
100
AcDbPolyline
 90
2
 70
0
 10
629603.2298875372
 20
4835875.248396261
 10
629601.6612091517
 20
4835891.320646478
  0
LWPOLYLINE
  5
D3
330
17
100
AcDbEntity
  8
ROADS
100
AcDbPolyline
 90
2
 70
0
 10
629603.2298875372
 20
4835875.248396261
 10
629501.5255260735
 20
4835923.334494124
  0
LWPOLYLINE
  5
D4
330
17
100
AcDbEntity
  8
ROADS
100
AcDbPolyline
 90
2
 70
0
 10
629346.4178005997
 20
4835882.629502524
 10
629490.9325476886
 20
4835921.854880761
  0
LWPOLYLINE
  5
D5
330
17
100
AcDbEntity
  8
ROADS
100
AcDbPolyline
 90
2
 70
0
 10
629490.9325476886
 20
4835921.854880761
 10
629501.5255260735
 20
4835923.334494124
  0
LWPOLYLINE
  5
D6
330
17
100
AcDbEntity
  8
ROADS
100
AcDbPolyline
 90
2
 70
0
 10
629601.6612091517
 20
4835891.320646478
 10
629580.5941603283
 20
4835963.093728913
  0
LWPOLYLINE
  5
D7
330
17
100
AcDbEntity
  8
ROADS
100
AcDbPolyline
 90
2
 70
0
 10
629601.6612091517
 20
4835891.320646478
 10
629630.8428110663
 20
4835974.09094628
  0
LWPOLYLINE
  5
D8
330
17
100
AcDbEntity
  8
ROADS
100
AcDbPolyline
 90
2
 70
0
 10
629501.5255260735
 20
4835923.334494124
 10
629580.5941603283
 20
4835963.093728913
  0
LWPOLYLINE
  5
D9
330
17
100
AcDbEntity
  8
ROADS
100
AcDbPolyline
 90
3
 70
0
 10
629706.4388441526
 20
4835895.116185671
 10
629679.7187355303
 20
4835979.53696411
 10
629648.7913580388
 20
4836020.535991289
  0
LWPOLYLINE
  5
DA
330
17
100
AcDbEntity
  8
ROADS
100
AcDbPolyline
 90
3
 70
0
 10
629715.4184474703
 20
4835902.861065716
 10
629686.0254875595
 20
4835985.880425417
 10
629648.7913580388
 20
4836020.535991289
  0
LWPOLYLINE
  5
DB
330
17
100
AcDbEntity
  8
ROADS
100
AcDbPolyline
 90
2
 70
0
 10
630855.332052265
 20
4835740.483930165
 10
630839.0841608436
 20
4835790.086626606
  0
LWPOLYLINE
  5
DC
330
17
100
AcDbEntity
  8
ROADS
100
AcDbPolyline
 90
2
 70
0
 10
630839.0841608436
 20
4835790.086626606
 10
630741.8497909418
 20
4835759.238524758
  0
LWPOLYLINE
  5
DD
330
17
100
AcDbEntity
  8
ROADS
100
AcDbPolyline
 90
2
 70
0
 10
631023.4765994087
 20
4835868.513172087
 10
631021.457004514
 20
4835874.797890181
  0
LWPOLYLINE
  5
DE
330
17
100
AcDbEntity
  8
ROADS
100
AcDbPolyline
 90
2
 70
0
 10
630839.0841608436
 20
4835790.086626606
 10
630781.273071881
 20
4835966.750304436
  0
LWPOLYLINE
  5
DF
330
17
100
AcDbEntity
  8
ROADS
100
AcDbPolyline
 90
2
 70
0
 10
629705.1181321867
 20
4835760.904996005
 10
629725.4892428949
 20
4835785.81300726
  0
LWPOLYLINE
  5
E0
330
17
100
AcDbEntity
  8
ROADS
100
AcDbPolyline
 90
2
 70
0
 10
629743.637265522
 20
4835778.137566317
 10
629725.4892428949
 20
4835785.81300726
  0
LWPOLYLINE
  5
E1
330
17
100
AcDbEntity
  8
ROADS
100
AcDbPolyline
 90
2
 70
0
 10
629743.637265522
 20
4835778.137566317
 10
629732.9488832527
 20
4835812.522723266
  0
LWPOLYLINE
  5
E2
330
17
100
AcDbEntity
  8
ROADS
100
AcDbPolyline
 90
2
 70
0
 10
629725.4892428949
 20
4835785.81300726
 10
629732.9488832527
 20
4835812.522723266
  0
LWPOLYLINE
  5
E3
330
17
100
AcDbEntity
  8
ROADS
100
AcDbPolyline
 90
2
 70
0
 10
630034.2563796625
 20
4835860.234347448
 10
629758.6757494941
 20
4835768.322759502
  0
LWPOLYLINE
  5
E4
330
17
100
AcDbEntity
  8
ROADS
100
AcDbPolyline
 90
2
 70
0
 10
629758.6757494941
 20
4835768.322759502
 10
629715.4184474703
 20
4835902.861065716
  0
LWPOLYLINE
  5
E5
330
17
100
AcDbEntity
  8
ROADS
100
AcDbPolyline
 90
2
 70
0
 10
629732.9488832527
 20
4835812.522723266
 10
629706.4388441526
 20
4835895.116185671
  0
LWPOLYLINE
  5
E6
330
17
100
AcDbEntity
  8
ROADS
100
AcDbPolyline
 90
2
 70
0
 10
629971.0069091832
 20
4835914.4976749
 10
629825.9869393517
 20
4835867.748588581
  0
LWPOLYLINE
  5
E7
330
17
100
AcDbEntity
  8
ROADS
100
AcDbPolyline
 90
2
 70
0
 10
630034.2563796625
 20
4835860.234347448
 10
630012.1599850934
 20
4835928.868694239
  0
LWPOLYLINE
  5
E8
330
17
100
AcDbEntity
  8
ROADS
100
AcDbPolyline
 90
2
 70
0
 10
629706.4388441526
 20
4835895.116185671
 10
629715.4184474703
 20
4835902.861065716
  0
LWPOLYLINE
  5
E9
330
17
100
AcDbEntity
  8
ROADS
100
AcDbPolyline
 90
2
 70
0
 10
630605.3291610377
 20
4835796.424107283
 10
630642.3890031882
 20
4835807.283884072
  0
LWPOLYLINE
  5
EA
330
17
100
AcDbEntity
  8
ROADS
100
AcDbPolyline
 90
2
 70
0
 10
630642.3890031882
 20
4835807.283884072
 10
630657.311030634
 20
4835811.932990827
  0
LWPOLYLINE
  5
EB
330
17
100
AcDbEntity
  8
ROADS
100
AcDbPolyline
 90
2
 70
0
 10
630657.311030634
 20
4835811.932990827
 10
630717.4563397677
 20
4835830.990720902
  0
LWPOLYLINE
  5
EC
330
17
100
AcDbEntity
  8
ROADS
100
AcDbPolyline
 90
3
 70
0
 10
630642.3890031882
 20
4835807.283884072
 10
630630.0396116787
 20
4835846.639462073
 10
630644.3360139476
 20
4835850.5462062685
  0
LWPOLYLINE
  5
ED
330
17
100
AcDbEntity
  8
ROADS
100
AcDbPolyline
 90
2
 70
0
 10
630657.311030634
 20
4835811.932990827
 10
630644.3360139476
 20
4835850.5462062685
  0
LWPOLYLINE
  5
EE
330
17
100
AcDbEntity
  8
ROADS
100
AcDbPolyline
 90
2
 70
0
 10
630521.8296642428
 20
4835884.205850743
 10
630556.2949862585
 20
4835780.280473073
  0
LWPOLYLINE
  5
EF
330
17
100
AcDbEntity
  8
ROADS
100
AcDbPolyline
 90
2
 70
0
 10
630332.3444820098
 20
4835823.008797099
 10
630482.1268876772
 20
4835871.535157887
  0
LWPOLYLINE
  5
F0
330
17
100
AcDbEntity
  8
ROADS
100
AcDbPolyline
 90
2
 70
0
 10
630605.3291610377
 20
4835796.424107283
 10
630572.6309787725
 20
4835900.652468547
  0
LWPOLYLINE
  5
F1
330
17
100
AcDbEntity
  8
ROADS
100
AcDbPolyline
 90
2
 70
0
 10
630482.1268876772
 20
4835871.535157887
 10
630521.8296642428
 20
4835884.205850743
  0
LWPOLYLINE
  5
F2
330
17
100
AcDbEntity
  8
ROADS
100
AcDbPolyline
 90
2
 70
0
 10
630717.4563397677
 20
4835830.990720902
 10
630685.871269844
 20
4835935.769277775
  0
LWPOLYLINE
  5
F3
330
17
100
AcDbEntity
  8
ROADS
100
AcDbPolyline
 90
2
 70
0
 10
630172.391098323
 20
4835904.209783002
 10
630034.2563796625
 20
4835860.234347448
  0
LWPOLYLINE
  5
F4
330
17
100
AcDbEntity
  8
ROADS
100
AcDbPolyline
 90
2
 70
0
 10
630332.3444820098
 20
4835823.008797099
 10
630291.7385983731
 20
4835942.097163903
  0
LWPOLYLINE
  5
F5
330
17
100
AcDbEntity
  8
ROADS
100
AcDbPolyline
 90
2
 70
0
 10
630194.4152773846
 20
4835910.702418591
 10
630172.391098323
 20
4835904.209783002
  0
LWPOLYLINE
  5
F6
330
17
100
AcDbEntity
  8
ROADS
100
AcDbPolyline
 90
2
 70
0
 10
630209.1996928382
 20
4835915.27303064
 10
630194.4152773846
 20
4835910.702418591
  0
LWPOLYLINE
  5
F7
330
17
100
AcDbEntity
  8
ROADS
100
AcDbPolyline
 90
2
 70
0
 10
630244.3618944339
 20
4835926.130500751
 10
630209.1996928382
 20
4835915.27303064
  0
LWPOLYLINE
  5
F8
330
17
100
AcDbEntity
  8
ROADS
100
AcDbPolyline
 90
2
 70
0
 10
630209.1996928382
 20
4835915.27303064
 10
630198.9943227477
 20
4835946.44973644
  0
LWPOLYLINE
  5
F9
330
17
100
AcDbEntity
  8
ROADS
100
AcDbPolyline
 90
2
 70
0
 10
630244.3618944339
 20
4835926.130500751
 10
630291.7385983731
 20
4835942.097163903
  0
LWPOLYLINE
  5
FA
330
17
100
AcDbEntity
  8
ROADS
100
AcDbPolyline
 90
2
 70
0
 10
630172.391098323
 20
4835904.209783002
 10
630148.0140011174
 20
4835970.688269639
  0
LWPOLYLINE
  5
FB
330
17
100
AcDbEntity
  8
ROADS
100
AcDbPolyline
 90
2
 70
0
 10
630291.7385983731
 20
4835942.097163903
 10
630339.3330535293
 20
4835957.35971805
  0
LWPOLYLINE
  5
FC
330
17
100
AcDbEntity
  8
ROADS
100
AcDbPolyline
 90
2
 70
0
 10
630148.0140011174
 20
4835970.688269639
 10
630012.1599850934
 20
4835928.868694239
  0
LWPOLYLINE
  5
FD
330
17
100
AcDbEntity
  8
ROADS
100
AcDbPolyline
 90
2
 70
0
 10
630644.3360139476
 20
4835850.5462062685
 10
630623.0106966249
 20
4835916.356415572
  0
LWPOLYLINE
  5
FE
330
17
100
AcDbEntity
  8
ROADS
100
AcDbPolyline
 90
2
 70
0
 10
630521.8296642428
 20
4835884.205850743
 10
630572.6309787725
 20
4835900.652468547
  0
LWPOLYLINE
  5
FF
330
17
100
AcDbEntity
  8
ROADS
100
AcDbPolyline
 90
2
 70
0
 10
630482.1268876772
 20
4835871.535157887
 10
630463.0474562821
 20
4835930.557451264
  0
LWPOLYLINE
  5
100
330
17
100
AcDbEntity
  8
ROADS
100
AcDbPolyline
 90
2
 70
0
 10
630572.6309787725
 20
4835900.652468547
 10
630623.0106966249
 20
4835916.356415572
  0
LWPOLYLINE
  5
101
330
17
100
AcDbEntity
  8
ROADS
100
AcDbPolyline
 90
2
 70
0
 10
630623.0106966249
 20
4835916.356415572
 10
630685.871269844
 20
4835935.769277775
  0
LWPOLYLINE
  5
102
330
17
100
AcDbEntity
  8
ROADS
100
AcDbPolyline
 90
2
 70
0
 10
630685.871269844
 20
4835935.769277775
 10
630781.273071881
 20
4835966.750304436
  0
LWPOLYLINE
  5
103
330
17
100
AcDbEntity
  8
ROADS
100
AcDbPolyline
 90
3
 70
0
 10
630623.0106966249
 20
4835916.356415572
 10
630607.5859186082
 20
4835973.475667506
 10
630663.9043806664
 20
4835990.545093755
  0
LWPOLYLINE
  5
104
330
17
100
AcDbEntity
  8
ROADS
100
AcDbPolyline
 90
2
 70
0
 10
630572.6309787725
 20
4835900.652468547
 10
630534.7853956603
 20
4836018.238708537
  0
LWPOLYLINE
  5
105
330
17
100
AcDbEntity
  8
ROADS
100
AcDbPolyline
 90
2
 70
0
 10
630339.3330535293
 20
4835957.35971805
 10
630498.0428799469
 20
4836006.284570178
  0
LWPOLYLINE
  5
106
330
17
100
AcDbEntity
  8
ROADS
100
AcDbPolyline
 90
2
 70
0
 10
630498.0428799469
 20
4836006.284570178
 10
630534.7853956603
 20
4836018.238708537
  0
LWPOLYLINE
  5
107
330
17
100
AcDbEntity
  8
ROADS
100
AcDbPolyline
 90
2
 70
0
 10
630244.3618944339
 20
4835926.130500751
 10
630211.905251132
 20
4836024.936719936
  0
LWPOLYLINE
  5
108
330
17
100
AcDbEntity
  8
ROADS
100
AcDbPolyline
 90
2
 70
0
 10
630291.7385983731
 20
4835942.097163903
 10
630259.5327105706
 20
4836040.474898711
  0
LWPOLYLINE
  5
109
330
17
100
AcDbEntity
  8
ROADS
100
AcDbPolyline
 90
2
 70
0
 10
630148.0140011174
 20
4835970.688269639
 10
630128.7967951398
 20
4836026.987315394
  0
LWPOLYLINE
  5
10A
330
17
100
AcDbEntity
  8
ROADS
100
AcDbPolyline
 90
2
 70
0
 10
630339.3330535293
 20
4835957.35971805
 10
630307.6474255208
 20
4836056.664937517
  0
LWPOLYLINE
  5
10B
330
17
100
AcDbEntity
  8
ROADS
100
AcDbPolyline
 90
2
 70
0
 10
630128.7967951398
 20
4836026.987315394
 10
629988.7886620392
 20
4836000.646203162
  0
LWPOLYLINE
  5
10C
330
17
100
AcDbEntity
  8
ROADS
100
AcDbPolyline
 90
2
 70
0
 10
630211.905251132
 20
4836024.936719936
 10
630259.5327105706
 20
4836040.474898711
  0
LWPOLYLINE
  5
10D
330
17
100
AcDbEntity
  8
ROADS
100
AcDbPolyline
 90
2
 70
0
 10
630211.905251132
 20
4836024.936719936
 10
630203.7239413494
 20
4836050.641628927
  0
LWPOLYLINE
  5
10E
330
17
100
AcDbEntity
  8
ROADS
100
AcDbPolyline
 90
2
 70
0
 10
630203.7239413494
 20
4836050.641628927
 10
630128.7967951398
 20
4836026.987315394
  0
LWPOLYLINE
  5
10F
330
17
100
AcDbEntity
  8
ROADS
100
AcDbPolyline
 90
2
 70
0
 10
630259.5327105706
 20
4836040.474898711
 10
630272.6956156112
 20
4836044.846187172
  0
LWPOLYLINE
  5
110
330
17
100
AcDbEntity
  8
ROADS
100
AcDbPolyline
 90
2
 70
0
 10
630272.6956156112
 20
4836044.846187172
 10
630290.0510398597
 20
4836050.643375833
  0
LWPOLYLINE
  5
111
330
17
100
AcDbEntity
  8
ROADS
100
AcDbPolyline
 90
2
 70
0
 10
630012.1599850934
 20
4835928.868694239
 10
629971.0069091832
 20
4835914.4976749
  0
LWPOLYLINE
  5
112
330
17
100
AcDbEntity
  8
ROADS
100
AcDbPolyline
 90
2
 70
0
 10
629847.0368600151
 20
4835951.30098168
 10
629715.4184474703
 20
4835902.861065716
  0
LWPOLYLINE
  5
113
330
17
100
AcDbEntity
  8
ROADS
100
AcDbPolyline
 90
2
 70
0
 10
629971.0069091832
 20
4835914.4976749
 10
629961.6260180462
 20
4835941.66898339
  0
LWPOLYLINE
  5
114
330
17
100
AcDbEntity
  8
ROADS
100
AcDbPolyline
 90
2
 70
0
 10
630012.1599850934
 20
4835928.868694239
 10
629988.7886620392
 20
4836000.646203162
  0
LWPOLYLINE
  5
115
330
17
100
AcDbEntity
  8
ROADS
100
AcDbPolyline
 90
2
 70
0
 10
629988.7886620392
 20
4836000.646203162
 10
629847.0368600151
 20
4835951.30098168
  0
LWPOLYLINE
  5
116
330
17
100
AcDbEntity
  8
ROADS
100
AcDbPolyline
 90
2
 70
0
 10
629847.0368600151
 20
4835951.30098168
 10
629818.702576346
 20
4836039.8168935925
  0
LWPOLYLINE
  5
117
330
17
100
AcDbEntity
  8
ROADS
100
AcDbPolyline
 90
2
 70
0
 10
629988.7886620392
 20
4836000.646203162
 10
629953.5350674494
 20
4836101.927945794
  0
LWPOLYLINE
  5
118
330
17
100
AcDbEntity
  8
ROADS
100
AcDbPolyline
 90
2
 70
0
 10
630110.0978542495
 20
4836097.4052216895
 10
629953.5350674494
 20
4836101.927945794
  0
LWPOLYLINE
  5
119
330
17
100
AcDbEntity
  8
ROADS
100
AcDbPolyline
 90
2
 70
0
 10
629953.5350674494
 20
4836101.927945794
 10
629942.6996087211
 20
4836129.621986386
  0
LWPOLYLINE
  5
11A
330
17
100
AcDbEntity
  8
ROADS
100
AcDbPolyline
 90
2
 70
0
 10
630003.7680454013
 20
4836146.81529407
 10
629942.6996087211
 20
4836129.621986386
  0
LWPOLYLINE
  5
11B
330
17
100
AcDbEntity
  8
ROADS
100
AcDbPolyline
 90
2
 70
0
 10
630781.273071881
 20
4835966.750304436
 10
630742.9328875103
 20
4836085.692766905
  0
LWPOLYLINE
  5
11C
330
17
100
AcDbEntity
  8
ROADS
100
AcDbPolyline
 90
2
 70
0
 10
630498.0428799469
 20
4836006.284570178
 10
630482.6532205004
 20
4836055.763883953
  0
LWPOLYLINE
  5
11D
330
17
100
AcDbEntity
  8
ROADS
100
AcDbPolyline
 90
2
 70
0
 10
630534.7853956603
 20
4836018.238708537
 10
630520.6196451769
 20
4836061.864734466
  0
LWPOLYLINE
  5
11E
330
17
100
AcDbEntity
  8
ROADS
100
AcDbPolyline
 90
2
 70
0
 10
630534.7853956603
 20
4836018.238708537
 10
630742.9328875103
 20
4836085.692766905
  0
LWPOLYLINE
  5
11F
330
17
100
AcDbEntity
  8
ROADS
100
AcDbPolyline
 90
2
 70
0
 10
630520.6196451769
 20
4836061.864734466
 10
630561.3901915981
 20
4836082.019294501
  0
LWPOLYLINE
  5
120
330
17
100
AcDbEntity
  8
ROADS
100
AcDbPolyline
 90
2
 70
0
 10
630520.6196451769
 20
4836061.864734466
 10
630513.356763072
 20
4836084.341039261
  0
LWPOLYLINE
  5
121
330
17
100
AcDbEntity
  8
ROADS
100
AcDbPolyline
 90
2
 70
0
 10
630307.6474255208
 20
4836056.664937517
 10
630499.021020341
 20
4836128.408017994
  0
LWPOLYLINE
  5
122
330
17
100
AcDbEntity
  8
ROADS
100
AcDbPolyline
 90
2
 70
0
 10
630513.356763072
 20
4836084.341039261
 10
630503.3741055235
 20
4836114.924752567
  0
LWPOLYLINE
  5
123
330
17
100
AcDbEntity
  8
ROADS
100
AcDbPolyline
 90
3
 70
0
 10
630513.356763072
 20
4836084.341039261
 10
630578.7298281612
 20
4836104.509406285
 10
630586.7276407355
 20
4836126.067556232
  0
LWPOLYLINE
  5
124
330
17
100
AcDbEntity
  8
ROADS
100
AcDbPolyline
 90
2
 70
0
 10
630503.3741055235
 20
4836114.924752567
 10
630499.021020341
 20
4836128.408017994
  0
LWPOLYLINE
  5
125
330
17
100
AcDbEntity
  8
ROADS
100
AcDbPolyline
 90
2
 70
0
 10
630290.0510398597
 20
4836050.643375833
 10
630307.6474255208
 20
4836056.664937517
  0
LWPOLYLINE
  5
126
330
17
100
AcDbEntity
  8
ROADS
100
AcDbPolyline
 90
2
 70
0
 10
630128.7967951398
 20
4836026.987315394
 10
630110.0978542495
 20
4836097.4052216895
  0
LWPOLYLINE
  5
127
330
17
100
AcDbEntity
  8
ROADS
100
AcDbPolyline
 90
2
 70
0
 10
630272.6956156112
 20
4836044.846187172
 10
630265.3276001078
 20
4836093.215415015
  0
LWPOLYLINE
  5
128
330
17
100
AcDbEntity
  8
ROADS
100
AcDbPolyline
 90
2
 70
0
 10
630290.0510398597
 20
4836050.643375833
 10
630275.230322268
 20
4836095.924644671
  0
LWPOLYLINE
  5
129
330
17
100
AcDbEntity
  8
ROADS
100
AcDbPolyline
 90
2
 70
0
 10
630203.7239413494
 20
4836050.641628927
 10
630185.3164105773
 20
4836107.126831514
  0
LWPOLYLINE
  5
12A
330
17
100
AcDbEntity
  8
ROADS
100
AcDbPolyline
 90
2
 70
0
 10
630275.230322268
 20
4836095.924644671
 10
630265.3276001078
 20
4836093.215415015
  0
LWPOLYLINE
  5
12B
330
17
100
AcDbEntity
  8
ROADS
100
AcDbPolyline
 90
2
 70
0
 10
630140.9856494822
 20
4836107.161350377
 10
630110.0978542495
 20
4836097.4052216895
  0
LWPOLYLINE
  5
12C
330
17
100
AcDbEntity
  8
ROADS
100
AcDbPolyline
 90
2
 70
0
 10
630293.4249314475
 20
4836102.821086373
 10
630311.954307461
 20
4836108.072464133
  0
LWPOLYLINE
  5
12D
330
17
100
AcDbEntity
  8
ROADS
100
AcDbPolyline
 90
2
 70
0
 10
630265.3276001078
 20
4836093.215415015
 10
630259.9767929794
 20
4836131.200706939
  0
LWPOLYLINE
  5
12E
330
17
100
AcDbEntity
  8
ROADS
100
AcDbPolyline
 90
2
 70
0
 10
630275.230322268
 20
4836095.924644671
 10
630259.9767929794
 20
4836131.200706939
  0
LWPOLYLINE
  5
12F
330
17
100
AcDbEntity
  8
ROADS
100
AcDbPolyline
 90
2
 70
0
 10
630185.3164105773
 20
4836107.126831514
 10
630181.0521347201
 20
4836120.344671055
  0
LWPOLYLINE
  5
130
330
17
100
AcDbEntity
  8
ROADS
100
AcDbPolyline
 90
2
 70
0
 10
630181.0521347201
 20
4836120.344671055
 10
630140.9856494822
 20
4836107.161350377
  0
LWPOLYLINE
  5
131
330
17
100
AcDbEntity
  8
ROADS
100
AcDbPolyline
 90
2
 70
0
 10
630110.0978542495
 20
4836097.4052216895
 10
630096.158363674
 20
4836132.389669941
  0
LWPOLYLINE
  5
132
330
17
100
AcDbEntity
  8
ROADS
100
AcDbPolyline
 90
2
 70
0
 10
630185.3164105773
 20
4836107.126831514
 10
630240.1696382572
 20
4836125.7478792
  0
LWPOLYLINE
  5
133
330
17
100
AcDbEntity
  8
ROADS
100
AcDbPolyline
 90
2
 70
0
 10
630311.954307461
 20
4836108.072464133
 10
630393.1714004857
 20
4836130.401433642
  0
LWPOLYLINE
  5
134
330
17
100
AcDbEntity
  8
ROADS
100
AcDbPolyline
 90
2
 70
0
 10
630140.9856494822
 20
4836107.161350377
 10
630129.090987017
 20
4836142.992831274
  0
LWPOLYLINE
  5
135
330
17
100
AcDbEntity
  8
ROADS
100
AcDbPolyline
 90
2
 70
0
 10
630301.069305656
 20
4836143.539191766
 10
630311.954307461
 20
4836108.072464133
  0
LWPOLYLINE
  5
136
330
17
100
AcDbEntity
  8
ROADS
100
AcDbPolyline
 90
2
 70
0
 10
630240.1696382572
 20
4836125.7478792
 10
630259.9767929794
 20
4836131.200706939
  0
LWPOLYLINE
  5
137
330
17
100
AcDbEntity
  8
ROADS
100
AcDbPolyline
 90
2
 70
0
 10
630259.9767929794
 20
4836131.200706939
 10
630301.069305656
 20
4836143.539191766
  0
LWPOLYLINE
  5
138
330
17
100
AcDbEntity
  8
ROADS
100
AcDbPolyline
 90
2
 70
0
 10
630129.090987017
 20
4836142.992831274
 10
630096.158363674
 20
4836132.389669941
  0
LWPOLYLINE
  5
139
330
17
100
AcDbEntity
  8
ROADS
100
AcDbPolyline
 90
2
 70
0
 10
630503.3741055235
 20
4836114.924752567
 10
630544.8826375325
 20
4836131.819426249
  0
LWPOLYLINE
  5
13A
330
17
100
AcDbEntity
  8
ROADS
100
AcDbPolyline
 90
2
 70
0
 10
630560.6461566339
 20
4836136.001726554
 10
630586.7276407355
 20
4836126.067556232
  0
LWPOLYLINE
  5
13B
330
17
100
AcDbEntity
  8
ROADS
100
AcDbPolyline
 90
2
 70
0
 10
630742.9328875103
 20
4836085.692766905
 10
630711.4952313694
 20
4836179.244161511
  0
LWPOLYLINE
  5
13C
330
17
100
AcDbEntity
  8
ROADS
100
AcDbPolyline
 90
2
 70
0
 10
630499.021020341
 20
4836128.408017994
 10
630523.4591451206
 20
4836137.458501436
  0
LWPOLYLINE
  5
13D
330
17
100
AcDbEntity
  8
ROADS
100
AcDbPolyline
 90
2
 70
0
 10
630544.8826375325
 20
4836131.819426249
 10
630560.6461566339
 20
4836136.001726554
  0
LWPOLYLINE
  5
13E
330
17
100
AcDbEntity
  8
ROADS
100
AcDbPolyline
 90
2
 70
0
 10
630393.1714004857
 20
4836130.401433642
 10
630418.3694100075
 20
4836138.520586394
  0
LWPOLYLINE
  5
13F
330
17
100
AcDbEntity
  8
ROADS
100
AcDbPolyline
 90
2
 70
0
 10
630523.4591451206
 20
4836137.458501436
 10
630544.8826375325
 20
4836131.819426249
  0
LWPOLYLINE
  5
140
330
17
100
AcDbEntity
  8
ROADS
100
AcDbPolyline
 90
2
 70
0
 10
630499.021020341
 20
4836128.408017994
 10
630494.7763853043
 20
4836142.309273816
  0
LWPOLYLINE
  5
141
330
17
100
AcDbEntity
  8
ROADS
100
AcDbPolyline
 90
2
 70
0
 10
630586.7276407355
 20
4836126.067556232
 10
630606.4880067017
 20
4836148.084404014
  0
LWPOLYLINE
  5
142
330
17
100
AcDbEntity
  8
ROADS
100
AcDbPolyline
 90
2
 70
0
 10
630494.7763853043
 20
4836142.309273816
 10
630523.4591451206
 20
4836137.458501436
  0
LWPOLYLINE
  5
143
330
17
100
AcDbEntity
  8
ROADS
100
AcDbPolyline
 90
2
 70
0
 10
631158.9950254287
 20
4836050.394157392
 10
631147.1327220314
 20
4836089.437783438
  0
LWPOLYLINE
  5
144
330
17
100
AcDbEntity
  8
ROADS
100
AcDbPolyline
 90
2
 70
0
 10
631021.457004514
 20
4835874.797890181
 10
631032.8748971137
 20
4835878.871531142
  0
LWPOLYLINE
  5
145
330
17
100
AcDbEntity
  8
ROADS
100
AcDbPolyline
 90
2
 70
0
 10
631021.457004514
 20
4835874.797890181
 10
630972.1030590003
 20
4836026.095694865
  0
LWPOLYLINE
  5
146
330
17
100
AcDbEntity
  8
ROADS
100
AcDbPolyline
 90
2
 70
0
 10
631103.9861212581
 20
4835964.339125124
 10
631036.3771853974
 20
4836179.78200358
  0
LWPOLYLINE
  5
147
330
17
100
AcDbEntity
  8
ROADS
100
AcDbPolyline
 90
2
 70
0
 10
630972.1030590003
 20
4836026.095694865
 10
630781.273071881
 20
4835966.750304436
  0
LWPOLYLINE
  5
148
330
17
100
AcDbEntity
  8
ROADS
100
AcDbPolyline
 90
2
 70
0
 10
630972.1030590003
 20
4836026.095694865
 10
630942.5887335382
 20
4836112.888438068
  0
LWPOLYLINE
  5
149
330
17
100
AcDbEntity
  8
ROADS
100
AcDbPolyline
 90
3
 70
0
 10
630742.9328875103
 20
4836085.692766905
 10
630834.807712612
 20
4836114.0588846775
 10
630890.4705877206
 20
4836105.495623369
  0
LWPOLYLINE
  5
14A
330
17
100
AcDbEntity
  8
ROADS
100
AcDbPolyline
 90
2
 70
0
 10
630890.4705877206
 20
4836105.495623369
 10
630942.5887335382
 20
4836112.888438068
  0
LWPOLYLINE
  5
14B
330
17
100
AcDbEntity
  8
ROADS
100
AcDbPolyline
 90
2
 70
0
 10
630942.5887335382
 20
4836112.888438068
 10
631036.3771853974
 20
4836179.78200358
  0
LWPOLYLINE
  5
14C
330
17
100
AcDbEntity
  8
ROADS
100
AcDbPolyline
 90
2
 70
0
 10
631147.1327220314
 20
4836089.437783438
 10
631110.2980374444
 20
4836203.376213825
  0
LWPOLYLINE
  5
14D
330
17
100
AcDbEntity
  8
ROADS
100
AcDbPolyline
 90
2
 70
0
 10
630890.4705877206
 20
4836105.495623369
 10
630842.927334669
 20
4836259.9103008695
  0
LWPOLYLINE
  5
14E
330
17
100
AcDbEntity
  8
ROADS
100
AcDbPolyline
 90
2
 70
0
 10
631161.2762009625
 20
4836089.7455135025
 10
631173.7579599919
 20
4836079.917033462
  0
LWPOLYLINE
  5
14F
330
17
100
AcDbEntity
  8
ROADS
100
AcDbPolyline
 90
2
 70
0
 10
631147.1327220314
 20
4836089.437783438
 10
631161.2762009625
 20
4836089.7455135025
  0
LWPOLYLINE
  5
150
330
17
100
AcDbEntity
  8
ROADS
100
AcDbPolyline
 90
2
 70
0
 10
631161.2762009625
 20
4836089.7455135025
 10
631182.1162045954
 20
4836097.6883558305
  0
LWPOLYLINE
  5
151
330
17
100
AcDbEntity
  8
ROADS
100
AcDbPolyline
 90
2
 70
0
 10
631036.3771853974
 20
4836179.78200358
 10
631110.2980374444
 20
4836203.376213825
  0
LWPOLYLINE
  5
152
330
17
100
AcDbEntity
  8
ROADS
100
AcDbPolyline
 90
2
 70
0
 10
630942.5887335382
 20
4836112.888438068
 10
630891.1827397428
 20
4836275.181874684
  0
LWPOLYLINE
  5
153
330
17
100
AcDbEntity
  8
ROADS
100
AcDbPolyline
 90
2
 70
0
 10
631036.3771853974
 20
4836179.78200358
 10
630994.6717447591
 20
4836308.398397988
  0
LWPOLYLINE
  5
154
330
17
100
AcDbEntity
  8
ROADS
100
AcDbPolyline
 90
2
 70
0
 10
630842.927334669
 20
4836259.9103008695
 10
630795.7338879299
 20
4836247.411132968
  0
LWPOLYLINE
  5
155
330
17
100
AcDbEntity
  8
ROADS
100
AcDbPolyline
 90
2
 70
0
 10
630842.927334669
 20
4836259.9103008695
 10
630891.1827397428
 20
4836275.181874684
  0
LWPOLYLINE
  5
156
330
17
100
AcDbEntity
  8
ROADS
100
AcDbPolyline
 90
2
 70
0
 10
631110.2980374444
 20
4836203.376213825
 10
631053.0846404221
 20
4836376.947546918
  0
LWPOLYLINE
  5
157
330
17
100
AcDbEntity
  8
ROADS
100
AcDbPolyline
 90
2
 70
0
 10
630891.1827397428
 20
4836275.181874684
 10
630994.6717447591
 20
4836308.398397988
  0
LWPOLYLINE
  5
158
330
17
100
AcDbEntity
  8
ROADS
100
AcDbPolyline
 90
2
 70
0
 10
630994.6717447591
 20
4836308.398397988
 10
630977.980844504
 20
4836360.813460181
  0
LWPOLYLINE
  5
159
330
17
100
AcDbEntity
  8
ROADS
100
AcDbPolyline
 90
2
 70
0
 10
630827.212519259
 20
4836313.15504972
 10
630977.980844504
 20
4836360.813460181
  0
LWPOLYLINE
  5
15A
330
17
100
AcDbEntity
  8
ROADS
100
AcDbPolyline
 90
3
 70
0
 10
630827.212519259
 20
4836313.15504972
 10
630811.405914222
 20
4836363.6219321685
 10
630858.2580612437
 20
4836379.1781688705
  0
LWPOLYLINE
  5
15B
330
17
100
AcDbEntity
  8
ROADS
100
AcDbPolyline
 90
2
 70
0
 10
631110.2980374444
 20
4836203.376213825
 10
631233.1343511811
 20
4836243.606577129
  0
LWPOLYLINE
  5
15C
330
17
100
AcDbEntity
  8
ROADS
100
AcDbPolyline
 90
2
 70
0
 10
630096.158363674
 20
4836132.389669941
 10
630083.6464818115
 20
4836170.609154401
  0
LWPOLYLINE
  5
15D
330
17
100
AcDbEntity
  8
ROADS
100
AcDbPolyline
 90
2
 70
0
 10
630301.069305656
 20
4836143.539191766
 10
630380.1887668256
 20
4836169.268487288
  0
LWPOLYLINE
  5
15E
330
17
100
AcDbEntity
  8
ROADS
100
AcDbPolyline
 90
2
 70
0
 10
630083.6464818115
 20
4836170.609154401
 10
630003.7680454013
 20
4836146.81529407
  0
LWPOLYLINE
  5
15F
330
17
100
AcDbEntity
  8
ROADS
100
AcDbPolyline
 90
2
 70
0
 10
630181.0521347201
 20
4836120.344671055
 10
630150.1015098083
 20
4836216.110867449
  0
LWPOLYLINE
  5
160
330
17
100
AcDbEntity
  8
ROADS
100
AcDbPolyline
 90
3
 70
0
 10
630129.090987017
 20
4836142.992831274
 10
630111.184115769
 20
4836197.672940871
 10
630078.162194471
 20
4836187.639200336
  0
LWPOLYLINE
  5
161
330
17
100
AcDbEntity
  8
ROADS
100
AcDbPolyline
 90
2
 70
0
 10
630259.9767929794
 20
4836131.200706939
 10
630229.2065680086
 20
4836220.84241865
  0
LWPOLYLINE
  5
162
330
17
100
AcDbEntity
  8
ROADS
100
AcDbPolyline
 90
2
 70
0
 10
630083.6464818115
 20
4836170.609154401
 10
630078.162194471
 20
4836187.639200336
  0
LWPOLYLINE
  5
163
330
17
100
AcDbEntity
  8
ROADS
100
AcDbPolyline
 90
2
 70
0
 10
630240.1696382572
 20
4836125.7478792
 10
630204.6392227731
 20
4836233.984173642
  0
LWPOLYLINE
  5
164
330
17
100
AcDbEntity
  8
ROADS
100
AcDbPolyline
 90
2
 70
0
 10
630078.162194471
 20
4836187.639200336
 10
630060.9147386595
 20
4836241.137138299
  0
LWPOLYLINE
  5
165
330
17
100
AcDbEntity
  8
ROADS
100
AcDbPolyline
 90
2
 70
0
 10
630150.1015098083
 20
4836216.110867449
 10
630204.6392227731
 20
4836233.984173642
  0
LWPOLYLINE
  5
166
330
17
100
AcDbEntity
  8
ROADS
100
AcDbPolyline
 90
2
 70
0
 10
630560.6461566339
 20
4836136.001726554
 10
630606.4880067017
 20
4836148.084404014
  0
LWPOLYLINE
  5
167
330
17
100
AcDbEntity
  8
ROADS
100
AcDbPolyline
 90
2
 70
0
 10
630380.1887668256
 20
4836169.268487288
 10
630393.1714004857
 20
4836130.401433642
  0
LWPOLYLINE
  5
168
330
17
100
AcDbEntity
  8
ROADS
100
AcDbPolyline
 90
3
 70
0
 10
630494.7763853043
 20
4836142.309273816
 10
630600.8485894892
 20
4836176.320979884
 10
630606.4880067017
 20
4836148.084404014
  0
LWPOLYLINE
  5
169
330
17
100
AcDbEntity
  8
ROADS
100
AcDbPolyline
 90
2
 70
0
 10
630606.4880067017
 20
4836148.084404014
 10
630711.4952313694
 20
4836179.244161511
  0
LWPOLYLINE
  5
16A
330
17
100
AcDbEntity
  8
ROADS
100
AcDbPolyline
 90
2
 70
0
 10
630494.7763853043
 20
4836142.309273816
 10
630475.8084425068
 20
4836200.085481199
  0
LWPOLYLINE
  5
16B
330
17
100
AcDbEntity
  8
ROADS
100
AcDbPolyline
 90
2
 70
0
 10
630380.1887668256
 20
4836169.268487288
 10
630475.8084425068
 20
4836200.085481199
  0
LWPOLYLINE
  5
16C
330
17
100
AcDbEntity
  8
ROADS
100
AcDbPolyline
 90
2
 70
0
 10
630711.4952313694
 20
4836179.244161511
 10
630682.0257335008
 20
4836268.672825346
  0
LWPOLYLINE
  5
16D
330
17
100
AcDbEntity
  8
ROADS
100
AcDbPolyline
 90
2
 70
0
 10
630475.8084425068
 20
4836200.085481199
 10
630682.0257335008
 20
4836268.672825346
  0
LWPOLYLINE
  5
16E
330
17
100
AcDbEntity
  8
ROADS
100
AcDbPolyline
 90
2
 70
0
 10
630475.8084425068
 20
4836200.085481199
 10
630441.1452071475
 20
4836308.478534524
  0
LWPOLYLINE
  5
16F
330
17
100
AcDbEntity
  8
ROADS
100
AcDbPolyline
 90
2
 70
0
 10
630682.0257335008
 20
4836268.672825346
 10
630827.212519259
 20
4836313.15504972
  0
LWPOLYLINE
  5
170
330
17
100
AcDbEntity
  8
ROADS
100
AcDbPolyline
 90
3
 70
0
 10
630003.7680454013
 20
4836146.81529407
 10
629994.945526703
 20
4836174.077700728
 10
629980.9302700202
 20
4836170.221036389
  0
LWPOLYLINE
  5
171
330
17
100
AcDbEntity
  8
ROADS
100
AcDbPolyline
 90
2
 70
0
 10
629942.6996087211
 20
4836129.621986386
 10
629919.5298420093
 20
4836198.518909497
  0
LWPOLYLINE
  5
172
330
17
100
AcDbEntity
  8
ROADS
100
AcDbPolyline
 90
2
 70
0
 10
629919.5298420093
 20
4836198.518909497
 10
629736.4899727082
 20
4836141.969634295
  0
LWPOLYLINE
  5
173
330
17
100
AcDbEntity
  8
ROADS
100
AcDbPolyline
 90
2
 70
0
 10
629968.9483242723
 20
4836213.8664684035
 10
629919.5298420093
 20
4836198.518909497
  0
LWPOLYLINE
  5
174
330
17
100
AcDbEntity
  8
ROADS
100
AcDbPolyline
 90
2
 70
0
 10
630060.9147386595
 20
4836241.137138299
 10
629968.9483242723
 20
4836213.8664684035
  0
LWPOLYLINE
  5
175
330
17
100
AcDbEntity
  8
ROADS
100
AcDbPolyline
 90
2
 70
0
 10
629919.5298420093
 20
4836198.518909497
 10
629889.4878536212
 20
4836282.389620279
  0
LWPOLYLINE
  5
176
330
17
100
AcDbEntity
  8
ROADS
100
AcDbPolyline
 90
2
 70
0
 10
629968.9483242723
 20
4836213.8664684035
 10
629941.7071542339
 20
4836296.07071281
  0
LWPOLYLINE
  5
177
330
17
100
AcDbEntity
  8
ROADS
100
AcDbPolyline
 90
2
 70
0
 10
629889.4878536212
 20
4836282.389620279
 10
629767.7408290848
 20
4836247.573991115
  0
LWPOLYLINE
  5
178
330
17
100
AcDbEntity
  8
ROADS
100
AcDbPolyline
 90
2
 70
0
 10
629941.7071542339
 20
4836296.07071281
 10
629889.4878536212
 20
4836282.389620279
  0
LWPOLYLINE
  5
179
330
17
100
AcDbEntity
  8
ROADS
100
AcDbPolyline
 90
2
 70
0
 10
629767.7408290848
 20
4836247.573991115
 10
629740.6710943213
 20
4836331.580408322
  0
LWPOLYLINE
  5
17A
330
17
100
AcDbEntity
  8
ROADS
100
AcDbPolyline
 90
2
 70
0
 10
630229.2065680086
 20
4836220.84241865
 10
630215.5755137856
 20
4836238.159197915
  0
LWPOLYLINE
  5
17B
330
17
100
AcDbEntity
  8
ROADS
100
AcDbPolyline
 90
2
 70
0
 10
630229.2065680086
 20
4836220.84241865
 10
630231.7597535583
 20
4836243.159664107
  0
LWPOLYLINE
  5
17C
330
17
100
AcDbEntity
  8
ROADS
100
AcDbPolyline
 90
2
 70
0
 10
630204.6392227731
 20
4836233.984173642
 10
630215.5755137856
 20
4836238.159197915
  0
LWPOLYLINE
  5
17D
330
17
100
AcDbEntity
  8
ROADS
100
AcDbPolyline
 90
2
 70
0
 10
630090.5404413762
 20
4836250.616440666
 10
630099.1929628259
 20
4836224.847059945
  0
LWPOLYLINE
  5
17E
330
17
100
AcDbEntity
  8
ROADS
100
AcDbPolyline
 90
2
 70
0
 10
630150.1015098083
 20
4836216.110867449
 10
630134.511961059
 20
4836264.69744351
  0
LWPOLYLINE
  5
17F
330
17
100
AcDbEntity
  8
ROADS
100
AcDbPolyline
 90
2
 70
0
 10
630215.5755137856
 20
4836238.159197915
 10
630231.7597535583
 20
4836243.159664107
  0
LWPOLYLINE
  5
180
330
17
100
AcDbEntity
  8
ROADS
100
AcDbPolyline
 90
2
 70
0
 10
630090.5404413762
 20
4836250.616440666
 10
630060.9147386595
 20
4836241.137138299
  0
LWPOLYLINE
  5
181
330
17
100
AcDbEntity
  8
ROADS
100
AcDbPolyline
 90
2
 70
0
 10
630231.7597535583
 20
4836243.159664107
 10
630220.6833206293
 20
4836264.9044444915
  0
LWPOLYLINE
  5
182
330
17
100
AcDbEntity
  8
ROADS
100
AcDbPolyline
 90
2
 70
0
 10
630215.5755137856
 20
4836238.159197915
 10
630207.5990667618
 20
4836270.0662459545
  0
LWPOLYLINE
  5
183
330
17
100
AcDbEntity
  8
ROADS
100
AcDbPolyline
 90
2
 70
0
 10
630134.511961059
 20
4836264.69744351
 10
630090.5404413762
 20
4836250.616440666
  0
LWPOLYLINE
  5
184
330
17
100
AcDbEntity
  8
ROADS
100
AcDbPolyline
 90
2
 70
0
 10
630220.6833206293
 20
4836264.9044444915
 10
630207.5990667618
 20
4836270.0662459545
  0
LWPOLYLINE
  5
185
330
17
100
AcDbEntity
  8
ROADS
100
AcDbPolyline
 90
2
 70
0
 10
630231.7597535583
 20
4836243.159664107
 10
630441.1452071475
 20
4836308.478534524
  0
LWPOLYLINE
  5
186
330
17
100
AcDbEntity
  8
ROADS
100
AcDbPolyline
 90
3
 70
0
 10
630220.6833206293
 20
4836264.9044444915
 10
630217.7509672262
 20
4836294.06049547
 10
630203.7776257149
 20
4836294.798907259
  0
LWPOLYLINE
  5
187
330
17
100
AcDbEntity
  8
ROADS
100
AcDbPolyline
 90
2
 70
0
 10
630207.5990667618
 20
4836270.0662459545
 10
630203.7776257149
 20
4836294.798907259
  0
LWPOLYLINE
  5
188
330
17
100
AcDbEntity
  8
ROADS
100
AcDbPolyline
 90
2
 70
0
 10
630060.9147386595
 20
4836241.137138299
 10
630034.6848840355
 20
4836324.1567454785
  0
LWPOLYLINE
  5
189
330
17
100
AcDbEntity
  8
ROADS
100
AcDbPolyline
 90
2
 70
0
 10
630134.511961059
 20
4836264.69744351
 10
630109.7554543983
 20
4836341.038234219
  0
LWPOLYLINE
  5
18A
330
17
100
AcDbEntity
  8
ROADS
100
AcDbPolyline
 90
3
 70
0
 10
630151.592452683
 20
4836348.06015744
 10
630171.3549679266
 20
4836287.905211616
 10
630192.2864306765
 20
4836295.760212473
  0
LWPOLYLINE
  5
18B
330
17
100
AcDbEntity
  8
ROADS
100
AcDbPolyline
 90
2
 70
0
 10
630203.7776257149
 20
4836294.798907259
 10
630187.5606962816
 20
4836343.735169183
  0
LWPOLYLINE
  5
18C
330
17
100
AcDbEntity
  8
ROADS
100
AcDbPolyline
 90
2
 70
0
 10
630109.7554543983
 20
4836341.038234219
 10
630034.6848840355
 20
4836324.1567454785
  0
LWPOLYLINE
  5
18D
330
17
100
AcDbEntity
  8
ROADS
100
AcDbPolyline
 90
2
 70
0
 10
630109.7554543983
 20
4836341.038234219
 10
630151.592452683
 20
4836348.06015744
  0
LWPOLYLINE
  5
18E
330
17
100
AcDbEntity
  8
ROADS
100
AcDbPolyline
 90
3
 70
0
 10
630484.473690252
 20
4836322.561432786
 10
630504.4685301775
 20
4836267.893519969
 10
630568.382186527
 20
4836288.354557118
  0
LWPOLYLINE
  5
18F
330
17
100
AcDbEntity
  8
ROADS
100
AcDbPolyline
 90
2
 70
0
 10
630441.1452071475
 20
4836308.478534524
 10
630484.473690252
 20
4836322.561432786
  0
LWPOLYLINE
  5
190
330
17
100
AcDbEntity
  8
ROADS
100
AcDbPolyline
 90
2
 70
0
 10
630682.0257335008
 20
4836268.672825346
 10
630647.1902625329
 20
4836374.614647705
  0
LWPOLYLINE
  5
191
330
17
100
AcDbEntity
  8
ROADS
100
AcDbPolyline
 90
2
 70
0
 10
630784.454793548
 20
4836311.6958752
 10
630771.0083734557
 20
4836354.501868185
  0
LWPOLYLINE
  5
192
330
17
100
AcDbEntity
  8
ROADS
100
AcDbPolyline
 90
2
 70
0
 10
630484.473690252
 20
4836322.561432786
 10
630647.1902625329
 20
4836374.614647705
  0
LWPOLYLINE
  5
193
330
17
100
AcDbEntity
  8
ROADS
100
AcDbPolyline
 90
2
 70
0
 10
630484.473690252
 20
4836322.561432786
 10
630464.3000299063
 20
4836380.094311393
  0
LWPOLYLINE
  5
194
330
17
100
AcDbEntity
  8
ROADS
100
AcDbPolyline
 90
2
 70
0
 10
630771.0083734557
 20
4836354.501868185
 10
630793.4887995735
 20
4836361.509830887
  0
LWPOLYLINE
  5
195
330
17
100
AcDbEntity
  8
ROADS
100
AcDbPolyline
 90
2
 70
0
 10
630441.1452071475
 20
4836308.478534524
 10
630402.7852486593
 20
4836426.629424867
  0
LWPOLYLINE
  5
196
330
17
100
AcDbEntity
  8
ROADS
100
AcDbPolyline
 90
2
 70
0
 10
630771.0083734557
 20
4836354.501868185
 10
630754.1143441785
 20
4836404.794066481
  0
LWPOLYLINE
  5
197
330
17
100
AcDbEntity
  8
ROADS
100
AcDbPolyline
 90
2
 70
0
 10
630464.3000299063
 20
4836380.094311393
 10
630493.4619619799
 20
4836389.450242845
  0
LWPOLYLINE
  5
198
330
17
100
AcDbEntity
  8
ROADS
100
AcDbPolyline
 90
2
 70
0
 10
630007.9041033847
 20
4836316.6290122075
 10
629941.7071542339
 20
4836296.07071281
  0
LWPOLYLINE
  5
199
330
17
100
AcDbEntity
  8
ROADS
100
AcDbPolyline
 90
2
 70
0
 10
630034.6848840355
 20
4836324.1567454785
 10
630007.9041033847
 20
4836316.6290122075
  0
LWPOLYLINE
  5
19A
330
17
100
AcDbEntity
  8
ROADS
100
AcDbPolyline
 90
2
 70
0
 10
629740.6710943213
 20
4836331.580408322
 10
629681.1701441625
 20
4836312.931319198
  0
LWPOLYLINE
  5
19B
330
17
100
AcDbEntity
  8
ROADS
100
AcDbPolyline
 90
2
 70
0
 10
629800.1478800569
 20
4836349.520017545
 10
629740.6710943213
 20
4836331.580408322
  0
LWPOLYLINE
  5
19C
330
17
100
AcDbEntity
  8
ROADS
100
AcDbPolyline
 90
2
 70
0
 10
630007.9041033847
 20
4836316.6290122075
 10
629982.355171143
 20
4836398.050799828
  0
LWPOLYLINE
  5
19D
330
17
100
AcDbEntity
  8
ROADS
100
AcDbPolyline
 90
2
 70
0
 10
629889.4878536212
 20
4836282.389620279
 10
629836.8661079749
 20
4836449.037843539
  0
LWPOLYLINE
  5
19E
330
17
100
AcDbEntity
  8
ROADS
100
AcDbPolyline
 90
2
 70
0
 10
629740.6710943213
 20
4836331.580408322
 10
629715.9616342182
 20
4836410.823156591
  0
LWPOLYLINE
  5
19F
330
17
100
AcDbEntity
  8
ROADS
100
AcDbPolyline
 90
2
 70
0
 10
629748.837113693
 20
4836422.482374216
 10
629715.9616342182
 20
4836410.823156591
  0
LWPOLYLINE
  5
1A0
330
17
100
AcDbEntity
  8
ROADS
100
AcDbPolyline
 90
2
 70
0
 10
629982.355171143
 20
4836398.050799828
 10
629970.8654765394
 20
4836436.317746995
  0
LWPOLYLINE
  5
1A1
330
17
100
AcDbEntity
  8
ROADS
100
AcDbPolyline
 90
4
 70
0
 10
629982.355171143
 20
4836398.050799828
 10
630035.2922924194
 20
4836414.787107612
 10
630022.9400914176
 20
4836452.525428409
 10
629970.8654765394
 20
4836436.317746995
  0
LWPOLYLINE
  5
1A2
330
17
100
AcDbEntity
  8
ROADS
100
AcDbPolyline
 90
2
 70
0
 10
630187.5606962816
 20
4836343.735169183
 10
630178.9081316025
 20
4836356.840656128
  0
LWPOLYLINE
  5
1A3
330
17
100
AcDbEntity
  8
ROADS
100
AcDbPolyline
 90
2
 70
0
 10
630187.5606962816
 20
4836343.735169183
 10
630190.1595376148
 20
4836360.457341964
  0
LWPOLYLINE
  5
1A4
330
17
100
AcDbEntity
  8
ROADS
100
AcDbPolyline
 90
2
 70
0
 10
630151.592452683
 20
4836348.06015744
 10
630178.9081316025
 20
4836356.840656128
  0
LWPOLYLINE
  5
1A5
330
17
100
AcDbEntity
  8
ROADS
100
AcDbPolyline
 90
2
 70
0
 10
630178.9081316025
 20
4836356.840656128
 10
630190.1595376148
 20
4836360.457341964
  0
LWPOLYLINE
  5
1A6
330
17
100
AcDbEntity
  8
ROADS
100
AcDbPolyline
 90
4
 70
0
 10
630253.6052608518
 20
4836380.853913635
 10
630272.4705638061
 20
4836320.237696661
 10
630361.1639879884
 20
4836347.167217972
 10
630340.6333964331
 20
4836408.345380396
  0
LWPOLYLINE
  5
1A7
330
17
100
AcDbEntity
  8
ROADS
100
AcDbPolyline
 90
2
 70
0
 10
630190.1595376148
 20
4836360.457341964
 10
630253.6052608518
 20
4836380.853913635
  0
LWPOLYLINE
  5
1A8
330
17
100
AcDbEntity
  8
ROADS
100
AcDbPolyline
 90
2
 70
0
 10
630151.592452683
 20
4836348.06015744
 10
630134.119025506
 20
4836398.373788546
  0
LWPOLYLINE
  5
1A9
330
17
100
AcDbEntity
  8
ROADS
100
AcDbPolyline
 90
2
 70
0
 10
630109.7554543983
 20
4836341.038234219
 10
630085.3180673476
 20
4836418.644873122
  0
LWPOLYLINE
  5
1AA
330
17
100
AcDbEntity
  8
ROADS
100
AcDbPolyline
 90
2
 70
0
 10
630253.6052608518
 20
4836380.853913635
 10
630340.6333964331
 20
4836408.345380396
  0
LWPOLYLINE
  5
1AB
330
17
100
AcDbEntity
  8
ROADS
100
AcDbPolyline
 90
2
 70
0
 10
630340.6333964331
 20
4836408.345380396
 10
630402.7852486593
 20
4836426.629424867
  0
LWPOLYLINE
  5
1AC
330
17
100
AcDbEntity
  8
ROADS
100
AcDbPolyline
 90
2
 70
0
 10
630647.1902625329
 20
4836374.614647705
 10
630754.1143441785
 20
4836404.794066481
  0
LWPOLYLINE
  5
1AD
330
17
100
AcDbEntity
  8
ROADS
100
AcDbPolyline
 90
2
 70
0
 10
630464.3000299063
 20
4836380.094311393
 10
630444.395133668
 20
4836439.410670396
  0
LWPOLYLINE
  5
1AE
330
17
100
AcDbEntity
  8
ROADS
100
AcDbPolyline
 90
2
 70
0
 10
630754.1143441785
 20
4836404.794066481
 10
630739.4105734124
 20
4836449.798477756
  0
LWPOLYLINE
  5
1AF
330
17
100
AcDbEntity
  8
ROADS
100
AcDbPolyline
 90
2
 70
0
 10
630402.7852486593
 20
4836426.629424867
 10
630444.395133668
 20
4836439.410670396
  0
LWPOLYLINE
  5
1B0
330
17
100
AcDbEntity
  8
ROADS
100
AcDbPolyline
 90
2
 70
0
 10
630647.1902625329
 20
4836374.614647705
 10
630608.271509292
 20
4836493.855578874
  0
LWPOLYLINE
  5
1B1
330
17
100
AcDbEntity
  8
ROADS
100
AcDbPolyline
 90
3
 70
0
 10
630739.4105734124
 20
4836449.798477756
 10
630690.6441968303
 20
4836435.022682474
 10
630680.0656047806
 20
4836466.92572262
  0
LWPOLYLINE
  5
1B2
330
17
100
AcDbEntity
  8
ROADS
100
AcDbPolyline
 90
2
 70
0
 10
630444.395133668
 20
4836439.410670396
 10
630608.271509292
 20
4836493.855578874
  0
LWPOLYLINE
  5
1B3
330
17
100
AcDbEntity
  8
ROADS
100
AcDbPolyline
 90
2
 70
0
 10
630402.7852486593
 20
4836426.629424867
 10
630375.9082259069
 20
4836509.20937049
  0
LWPOLYLINE
  5
1B4
330
17
100
AcDbEntity
  8
ROADS
100
AcDbPolyline
 90
2
 70
0
 10
630739.4105734124
 20
4836449.798477756
 10
630715.5434388202
 20
4836526.919530776
  0
LWPOLYLINE
  5
1B5
330
17
100
AcDbEntity
  8
ROADS
100
AcDbPolyline
 90
2
 70
0
 10
630375.9082259069
 20
4836509.20937049
 10
630483.5946977984
 20
4836542.793838328
  0
LWPOLYLINE
  5
1B6
330
17
100
AcDbEntity
  8
ROADS
100
AcDbPolyline
 90
2
 70
0
 10
629836.8661079749
 20
4836449.037843539
 10
629748.837113693
 20
4836422.482374216
  0
LWPOLYLINE
  5
1B7
330
17
100
AcDbEntity
  8
ROADS
100
AcDbPolyline
 90
2
 70
0
 10
629748.837113693
 20
4836422.482374216
 10
629729.3150990766
 20
4836484.352704126
  0
LWPOLYLINE
  5
1B8
330
17
100
AcDbEntity
  8
ROADS
100
AcDbPolyline
 90
2
 70
0
 10
629970.8654765394
 20
4836436.317746995
 10
629955.2249829586
 20
4836483.738284385
  0
LWPOLYLINE
  5
1B9
330
17
100
AcDbEntity
  8
ROADS
100
AcDbPolyline
 90
2
 70
0
 10
629955.2249829586
 20
4836483.738284385
 10
629836.8661079749
 20
4836449.037843539
  0
LWPOLYLINE
  5
1BA
330
17
100
AcDbEntity
  8
ROADS
100
AcDbPolyline
 90
2
 70
0
 10
629836.8661079749
 20
4836449.037843539
 10
629817.4252786919
 20
4836511.893224886
  0
LWPOLYLINE
  5
1BB
330
17
100
AcDbEntity
  8
ROADS
100
AcDbPolyline
 90
2
 70
0
 10
630004.8304378045
 20
4836496.184063568
 10
629955.2249829586
 20
4836483.738284385
  0
LWPOLYLINE
  5
1BC
330
17
100
AcDbEntity
  8
ROADS
100
AcDbPolyline
 90
2
 70
0
 10
629817.4252786919
 20
4836511.893224886
 10
629729.3150990766
 20
4836484.352704126
  0
LWPOLYLINE
  5
1BD
330
17
100
AcDbEntity
  8
ROADS
100
AcDbPolyline
 90
2
 70
0
 10
629729.3150990766
 20
4836484.352704126
 10
629719.9670322866
 20
4836515.347836934
  0
LWPOLYLINE
  5
1BE
330
17
100
AcDbEntity
  8
ROADS
100
AcDbPolyline
 90
2
 70
0
 10
630052.880545222
 20
4836511.076896752
 10
630004.8304378045
 20
4836496.184063568
  0
LWPOLYLINE
  5
1BF
330
17
100
AcDbEntity
  8
ROADS
100
AcDbPolyline
 90
2
 70
0
 10
629817.4252786919
 20
4836511.893224886
 10
629807.4837680428
 20
4836542.689121219
  0
LWPOLYLINE
  5
1C0
330
17
100
AcDbEntity
  8
ROADS
100
AcDbPolyline
 90
3
 70
0
 10
629490.9325476886
 20
4835921.854880761
 10
629501.3282200291
 20
4835971.638249648
 10
629530.1655948199
 20
4836008.233128343
  0
LWPOLYLINE
  5
1C1
330
17
100
AcDbEntity
  8
ROADS
100
AcDbPolyline
 90
2
 70
0
 10
629580.5941603283
 20
4835963.093728913
 10
629630.8428110663
 20
4835974.09094628
  0
LWPOLYLINE
  5
1C2
330
17
100
AcDbEntity
  8
ROADS
100
AcDbPolyline
 90
3
 70
0
 10
629554.5954946037
 20
4836017.679456664
 10
629510.9234805317
 20
4835970.111619757
 10
629501.5255260735
 20
4835923.334494124
  0
LWPOLYLINE
  5
1C3
330
17
100
AcDbEntity
  8
ROADS
100
AcDbPolyline
 90
2
 70
0
 10
629580.5941603283
 20
4835963.093728913
 10
629568.8598287884
 20
4836004.053407053
  0
LWPOLYLINE
  5
1C4
330
17
100
AcDbEntity
  8
ROADS
100
AcDbPolyline
 90
2
 70
0
 10
629630.8428110663
 20
4835974.09094628
 10
629648.7913580388
 20
4836020.535991289
  0
LWPOLYLINE
  5
1C5
330
17
100
AcDbEntity
  8
ROADS
100
AcDbPolyline
 90
2
 70
0
 10
629568.8598287884
 20
4836004.053407053
 10
629554.5954946037
 20
4836017.679456664
  0
LWPOLYLINE
  5
1C6
330
17
100
AcDbEntity
  8
ROADS
100
AcDbPolyline
 90
2
 70
0
 10
629568.8598287884
 20
4836004.053407053
 10
629572.4184932397
 20
4836024.606163555
  0
LWPOLYLINE
  5
1C7
330
17
100
AcDbEntity
  8
ROADS
100
AcDbPolyline
 90
2
 70
0
 10
629572.4184932397
 20
4836024.606163555
 10
629554.5954946037
 20
4836017.679456664
  0
LWPOLYLINE
  5
1C8
330
17
100
AcDbEntity
  8
ROADS
100
AcDbPolyline
 90
3
 70
0
 10
629530.1655948199
 20
4836008.233128343
 10
629573.1137506587
 20
4836032.172255489
 10
629622.8868031455
 20
4836036.784442894
  0
LWPOLYLINE
  5
1C9
330
17
100
AcDbEntity
  8
ROADS
100
AcDbPolyline
 90
2
 70
0
 10
629648.7913580388
 20
4836020.535991289
 10
629572.4184932397
 20
4836024.606163555
  0
LWPOLYLINE
  5
1CA
330
17
100
AcDbEntity
  8
ROADS
100
AcDbPolyline
 90
2
 70
0
 10
628868.6381315968
 20
4835997.754421234
 10
628853.228349259
 20
4836045.751031285
  0
LWPOLYLINE
  5
1CB
330
17
100
AcDbEntity
  8
ROADS
100
AcDbPolyline
 90
2
 70
0
 10
629012.7769718122
 20
4835938.008336459
 10
628958.2569368244
 20
4836113.089419815
  0
LWPOLYLINE
  5
1CC
330
17
100
AcDbEntity
  8
ROADS
100
AcDbPolyline
 90
2
 70
0
 10
628913.398843532
 20
4836010.602527753
 10
628889.256774253
 20
4836092.211518967
  0
LWPOLYLINE
  5
1CD
330
17
100
AcDbEntity
  8
ROADS
100
AcDbPolyline
 90
2
 70
0
 10
628853.228349259
 20
4836045.751031285
 10
628842.812331391
 20
4836078.678915457
  0
LWPOLYLINE
  5
1CE
330
17
100
AcDbEntity
  8
ROADS
100
AcDbPolyline
 90
2
 70
0
 10
629080.4575839137
 20
4835958.858354389
 10
629006.7437507751
 20
4836189.774209767
  0
LWPOLYLINE
  5
1CF
330
17
100
AcDbEntity
  8
ROADS
100
AcDbPolyline
 90
2
 70
0
 10
628958.2569368244
 20
4836113.089419815
 10
628889.256774253
 20
4836092.211518967
  0
LWPOLYLINE
  5
1D0
330
17
100
AcDbEntity
  8
ROADS
100
AcDbPolyline
 90
2
 70
0
 10
628958.2569368244
 20
4836113.089419815
 10
628988.1350479531
 20
4836122.43123559
  0
LWPOLYLINE
  5
1D1
330
17
100
AcDbEntity
  8
ROADS
100
AcDbPolyline
 90
2
 70
0
 10
628889.256774253
 20
4836092.211518967
 10
628872.1470451895
 20
4836148.54995146
  0
LWPOLYLINE
  5
1D2
330
17
100
AcDbEntity
  8
ROADS
100
AcDbPolyline
 90
2
 70
0
 10
629006.7437507751
 20
4836189.774209767
 10
628872.1470451895
 20
4836148.54995146
  0
LWPOLYLINE
  5
1D3
330
17
100
AcDbEntity
  8
ROADS
100
AcDbPolyline
 90
2
 70
0
 10
629129.5701916389
 20
4836228.427519311
 10
629006.7437507751
 20
4836189.774209767
  0
LWPOLYLINE
  5
1D4
330
17
100
AcDbEntity
  8
ROADS
100
AcDbPolyline
 90
2
 70
0
 10
629648.7913580388
 20
4836020.535991289
 10
629622.8868031455
 20
4836036.784442894
  0
LWPOLYLINE
  5
1D5
330
17
100
AcDbEntity
  8
ROADS
100
AcDbPolyline
 90
2
 70
0
 10
629530.1655948199
 20
4836008.233128343
 10
629546.9638400638
 20
4836072.887286315
  0
LWPOLYLINE
  5
1D6
330
17
100
AcDbEntity
  8
ROADS
100
AcDbPolyline
 90
3
 70
0
 10
629622.8868031455
 20
4836036.784442894
 10
629570.4142725309
 20
4836045.684382739
 10
629546.9638400638
 20
4836072.887286315
  0
LWPOLYLINE
  5
1D7
330
17
100
AcDbEntity
  8
ROADS
100
AcDbPolyline
 90
2
 70
0
 10
629546.9638400638
 20
4836072.887286315
 10
629515.8548283569
 20
4836170.005534664
  0
LWPOLYLINE
  5
1D8
330
17
100
AcDbEntity
  8
ROADS
100
AcDbPolyline
 90
2
 70
0
 10
629767.7408290848
 20
4836247.573991115
 10
629515.8548283569
 20
4836170.005534664
  0
LWPOLYLINE
  5
1D9
330
17
100
AcDbEntity
  8
ROADS
100
AcDbPolyline
 90
2
 70
0
 10
629515.8548283569
 20
4836170.005534664
 10
629463.3039422769
 20
4836332.298570347
  0
LWPOLYLINE
  5
1DA
330
17
100
AcDbEntity
  8
ROADS
100
AcDbPolyline
 90
2
 70
0
 10
629715.9616342182
 20
4836410.823156591
 10
629463.3039422769
 20
4836332.298570347
  0
LWPOLYLINE
  5
1DB
330
17
100
AcDbEntity
  8
ROADS
100
AcDbPolyline
 90
2
 70
0
 10
629463.3039422769
 20
4836332.298570347
 10
629434.154686773
 20
4836427.111047035
  0
LWPOLYLINE
  5
1DC
330
17
100
AcDbEntity
  8
ROADS
100
AcDbPolyline
 90
2
 70
0
 10
629434.154686773
 20
4836427.111047035
 10
629420.9283162884
 20
4836466.128581637
  0
LWPOLYLINE
  5
1DD
330
17
100
AcDbEntity
  8
ROADS
100
AcDbPolyline
 90
2
 70
0
 10
629729.3150990766
 20
4836484.352704126
 10
629636.0865837933
 20
4836455.872089353
  0
LWPOLYLINE
  5
1DE
330
17
100
AcDbEntity
  8
ROADS
100
AcDbPolyline
 90
2
 70
0
 10
628872.1470451895
 20
4836148.54995146
 10
628830.6988454008
 20
4836281.593463575
  0
LWPOLYLINE
  5
1DF
330
17
100
AcDbEntity
  8
ROADS
100
AcDbPolyline
 90
2
 70
0
 10
629006.7437507751
 20
4836189.774209767
 10
628965.7301663508
 20
4836323.889700663
  0
LWPOLYLINE
  5
1E0
330
17
100
AcDbEntity
  8
ROADS
100
AcDbPolyline
 90
2
 70
0
 10
628965.7301663508
 20
4836323.889700663
 10
628830.6988454008
 20
4836281.593463575
  0
LWPOLYLINE
  5
1E1
330
17
100
AcDbEntity
  8
ROADS
100
AcDbPolyline
 90
2
 70
0
 10
629159.8009664253
 20
4836384.579678082
 10
628965.7301663508
 20
4836323.889700663
  0
LWPOLYLINE
  5
1E2
330
17
100
AcDbEntity
  8
ROADS
100
AcDbPolyline
 90
2
 70
0
 10
628965.7301663508
 20
4836323.889700663
 10
628927.7892305198
 20
4836442.270659505
  0
LWPOLYLINE
  5
1E3
330
17
100
AcDbEntity
  8
ROADS
100
AcDbPolyline
 90
2
 70
0
 10
628861.7110368796
 20
4836383.022956381
 10
628844.8564971723
 20
4836397.4811842805
  0
LWPOLYLINE
  5
1E4
330
17
100
AcDbEntity
  8
ROADS
100
AcDbPolyline
 90
2
 70
0
 10
628834.5830133564
 20
4836385.744649698
 10
628844.8564971723
 20
4836397.4811842805
  0
LWPOLYLINE
  5
1E5
330
17
100
AcDbEntity
  8
ROADS
100
AcDbPolyline
 90
2
 70
0
 10
628844.8564971723
 20
4836397.4811842805
 10
628856.5355471838
 20
4836420.197867524
  0
LWPOLYLINE
  5
1E6
330
17
100
AcDbEntity
  8
ROADS
100
AcDbPolyline
 90
2
 70
0
 10
628927.7892305198
 20
4836442.270659505
 10
628856.5355471838
 20
4836420.197867524
  0
LWPOLYLINE
  5
1E7
330
17
100
AcDbEntity
  8
ROADS
100
AcDbPolyline
 90
2
 70
0
 10
629033.2112574703
 20
4836475.514002857
 10
628927.7892305198
 20
4836442.270659505
  0
LWPOLYLINE
  5
1E8
330
17
100
AcDbEntity
  8
ROADS
100
AcDbPolyline
 90
2
 70
0
 10
629463.3039422769
 20
4836332.298570347
 10
629203.6181158398
 20
4836250.943837656
  0
LWPOLYLINE
  5
1E9
330
17
100
AcDbEntity
  8
ROADS
100
AcDbPolyline
 90
2
 70
0
 10
629203.6181158398
 20
4836250.943837656
 10
629159.8009664253
 20
4836384.579678082
  0
LWPOLYLINE
  5
1EA
330
17
100
AcDbEntity
  8
ROADS
100
AcDbPolyline
 90
2
 70
0
 10
629159.8009664253
 20
4836384.579678082
 10
629139.2427761228
 20
4836449.942402857
  0
LWPOLYLINE
  5
1EB
330
17
100
AcDbEntity
  8
ROADS
100
AcDbPolyline
 90
2
 70
0
 10
629420.9283162884
 20
4836466.128581637
 10
629159.8009664253
 20
4836384.579678082
  0
LWPOLYLINE
  5
1EC
330
17
100
AcDbEntity
  8
ROADS
100
AcDbPolyline
 90
2
 70
0
 10
629139.2427761228
 20
4836449.942402857
 10
629106.3718665903
 20
4836458.774171225
  0
LWPOLYLINE
  5
1ED
330
17
100
AcDbEntity
  8
ROADS
100
AcDbPolyline
 90
2
 70
0
 10
629106.3718665903
 20
4836458.774171225
 10
629078.290989747
 20
4836466.958501482
  0
LWPOLYLINE
  5
1EE
330
17
100
AcDbEntity
  8
ROADS
100
AcDbPolyline
 90
2
 70
0
 10
629106.3718665903
 20
4836458.774171225
 10
629096.845666781
 20
4836469.645165598
  0
LWPOLYLINE
  5
1EF
330
17
100
AcDbEntity
  8
ROADS
100
AcDbPolyline
 90
2
 70
0
 10
629106.3718665903
 20
4836458.774171225
 10
629106.4852602399
 20
4836475.123827314
  0
LWPOLYLINE
  5
1F0
330
17
100
AcDbEntity
  8
ROADS
100
AcDbPolyline
 90
2
 70
0
 10
629096.845666781
 20
4836469.645165598
 10
629078.290989747
 20
4836466.958501482
  0
LWPOLYLINE
  5
1F1
330
17
100
AcDbEntity
  8
ROADS
100
AcDbPolyline
 90
2
 70
0
 10
629096.845666781
 20
4836469.645165598
 10
629106.4852602399
 20
4836475.123827314
  0
LWPOLYLINE
  5
1F2
330
17
100
AcDbEntity
  8
ROADS
100
AcDbPolyline
 90
2
 70
0
 10
629139.2427761228
 20
4836449.942402857
 10
629126.6806137539
 20
4836503.994929444
  0
LWPOLYLINE
  5
1F3
330
17
100
AcDbEntity
  8
ROADS
100
AcDbPolyline
 90
2
 70
0
 10
629106.4852602399
 20
4836475.123827314
 10
629126.6806137539
 20
4836503.994929444
  0
LWPOLYLINE
  5
1F4
330
17
100
AcDbEntity
  8
ROADS
100
AcDbPolyline
 90
2
 70
0
 10
629126.6806137539
 20
4836503.994929444
 10
629071.2540956095
 20
4836486.947619087
  0
LWPOLYLINE
  5
1F5
330
17
100
AcDbEntity
  8
ROADS
100
AcDbPolyline
 90
2
 70
0
 10
629383.4944991956
 20
4836584.30584177
 10
629126.6806137539
 20
4836503.994929444
  0
LWPOLYLINE
  5
1F6
330
17
100
AcDbEntity
  8
ROADS
100
AcDbPolyline
 90
2
 70
0
 10
629126.6806137539
 20
4836503.994929444
 10
629103.7398535075
 20
4836605.106979359
  0
LWPOLYLINE
  5
1F7
330
17
100
AcDbEntity
  8
ROADS
100
AcDbPolyline
 90
2
 70
0
 10
629383.4944991956
 20
4836584.30584177
 10
629351.8311380984
 20
4836682.457044974
  0
LWPOLYLINE
  5
1F8
330
17
100
AcDbEntity
  8
ROADS
100
AcDbPolyline
 90
2
 70
0
 10
629351.8311380984
 20
4836682.457044974
 10
629103.7398535075
 20
4836605.106979359
  0
LWPOLYLINE
  5
1F9
330
17
100
AcDbEntity
  8
ROADS
100
AcDbPolyline
 90
2
 70
0
 10
629103.7398535075
 20
4836605.106979359
 10
629077.0768524484
 20
4836688.408509099
  0
LWPOLYLINE
  5
1FA
330
17
100
AcDbEntity
  8
ROADS
100
AcDbPolyline
 90
2
 70
0
 10
629351.8311380984
 20
4836682.457044974
 10
629326.375749819
 20
4836766.612024607
  0
LWPOLYLINE
  5
1FB
330
17
100
AcDbEntity
  8
ROADS
100
AcDbPolyline
 90
2
 70
0
 10
629077.0768524484
 20
4836688.408509099
 10
629326.375749819
 20
4836766.612024607
  0
LWPOLYLINE
  5
1FC
330
17
100
AcDbEntity
  8
ROADS
100
AcDbPolyline
 90
2
 70
0
 10
629719.9670322866
 20
4836515.347836934
 10
629434.154686773
 20
4836427.111047035
  0
LWPOLYLINE
  5
1FD
330
17
100
AcDbEntity
  8
ROADS
100
AcDbPolyline
 90
2
 70
0
 10
629420.9283162884
 20
4836466.128581637
 10
629404.9395826258
 20
4836516.216926023
  0
LWPOLYLINE
  5
1FE
330
17
100
AcDbEntity
  8
ROADS
100
AcDbPolyline
 90
2
 70
0
 10
629547.8739362423
 20
4836559.548292394
 10
629404.9395826258
 20
4836516.216926023
  0
LWPOLYLINE
  5
1FF
330
17
100
AcDbEntity
  8
ROADS
100
AcDbPolyline
 90
2
 70
0
 10
629404.9395826258
 20
4836516.216926023
 10
629383.4944991956
 20
4836584.30584177
  0
LWPOLYLINE
  5
200
330
17
100
AcDbEntity
  8
ROADS
100
AcDbPolyline
 90
2
 70
0
 10
629690.8611247966
 20
4836604.551265996
 10
629547.8739362423
 20
4836559.548292394
  0
LWPOLYLINE
  5
201
330
17
100
AcDbEntity
  8
ROADS
100
AcDbPolyline
 90
2
 70
0
 10
629547.8739362423
 20
4836559.548292394
 10
629520.6509889015
 20
4836645.830016966
  0
LWPOLYLINE
  5
202
330
17
100
AcDbEntity
  8
ROADS
100
AcDbPolyline
 90
2
 70
0
 10
629558.266435303
 20
4836657.562961077
 10
629574.1278294652
 20
4836608.379360117
  0
LWPOLYLINE
  5
203
330
17
100
AcDbEntity
  8
ROADS
100
AcDbPolyline
 90
2
 70
0
 10
629558.266435303
 20
4836657.562961077
 10
629520.6509889015
 20
4836645.830016966
  0
LWPOLYLINE
  5
204
330
17
100
AcDbEntity
  8
ROADS
100
AcDbPolyline
 90
2
 70
0
 10
629750.1068041432
 20
4836715.684725363
 10
629558.266435303
 20
4836657.562961077
  0
LWPOLYLINE
  5
205
330
17
100
AcDbEntity
  8
ROADS
100
AcDbPolyline
 90
2
 70
0
 10
629520.6509889015
 20
4836645.830016966
 10
629461.8426999424
 20
4836830.949408081
  0
LWPOLYLINE
  5
206
330
17
100
AcDbEntity
  8
ROADS
100
AcDbPolyline
 90
2
 70
0
 10
629078.290989747
 20
4836466.958501482
 10
629071.2540956095
 20
4836486.947619087
  0
LWPOLYLINE
  5
207
330
17
100
AcDbEntity
  8
ROADS
100
AcDbPolyline
 90
2
 70
0
 10
629071.2540956095
 20
4836486.947619087
 10
629033.2112574703
 20
4836475.514002857
  0
LWPOLYLINE
  5
208
330
17
100
AcDbEntity
  8
ROADS
100
AcDbPolyline
 90
2
 70
0
 10
628927.7892305198
 20
4836442.270659505
 10
628809.9114536701
 20
4836793.844820203
  0
LWPOLYLINE
  5
209
330
17
100
AcDbEntity
  8
ROADS
100
AcDbPolyline
 90
2
 70
0
 10
629033.2112574703
 20
4836475.514002857
 10
628921.9906209264
 20
4836828.096704336
  0
LWPOLYLINE
  5
20A
330
17
100
AcDbEntity
  8
ROADS
100
AcDbPolyline
 90
2
 70
0
 10
629077.0768524484
 20
4836688.408509099
 10
629052.3753202498
 20
4836765.8280955525
  0
LWPOLYLINE
  5
20B
330
17
100
AcDbEntity
  8
ROADS
100
AcDbPolyline
 90
2
 70
0
 10
629052.3753202498
 20
4836765.8280955525
 10
629028.7612922871
 20
4836839.241064872
  0
LWPOLYLINE
  5
20C
330
17
100
AcDbEntity
  8
ROADS
100
AcDbPolyline
 90
2
 70
0
 10
628901.3829651594
 20
4836822.083677
 10
628809.9114536701
 20
4836793.844820203
  0
LWPOLYLINE
  5
20D
330
17
100
AcDbEntity
  8
ROADS
100
AcDbPolyline
 90
2
 70
0
 10
628921.9906209264
 20
4836828.096704336
 10
628901.3829651594
 20
4836822.083677
  0
LWPOLYLINE
  5
20E
330
17
100
AcDbEntity
  8
ROADS
100
AcDbPolyline
 90
2
 70
0
 10
629028.7612922871
 20
4836839.241064872
 10
628921.9906209264
 20
4836828.096704336
  0
LWPOLYLINE
  5
20F
330
17
100
AcDbEntity
  8
ROADS
100
AcDbPolyline
 90
2
 70
0
 10
629028.7612922871
 20
4836839.241064872
 10
628991.5168211835
 20
4836951.422167143
  0
LWPOLYLINE
  5
210
330
17
100
AcDbEntity
  8
ROADS
100
AcDbPolyline
 90
2
 70
0
 10
629302.7666235197
 20
4836841.909771299
 10
629052.3753202498
 20
4836765.8280955525
  0
LWPOLYLINE
  5
211
330
17
100
AcDbEntity
  8
ROADS
100
AcDbPolyline
 90
2
 70
0
 10
629326.375749819
 20
4836766.612024607
 10
629302.7666235197
 20
4836841.909771299
  0
LWPOLYLINE
  5
212
330
17
100
AcDbEntity
  8
ROADS
100
AcDbPolyline
 90
2
 70
0
 10
629302.7666235197
 20
4836841.909771299
 10
629292.8692781851
 20
4836873.082935292
  0
LWPOLYLINE
  5
213
330
17
100
AcDbEntity
  8
ROADS
100
AcDbPolyline
 90
2
 70
0
 10
629234.8175660147
 20
4836902.712263141
 10
629028.7612922871
 20
4836839.241064872
  0
LWPOLYLINE
  5
214
330
17
100
AcDbEntity
  8
ROADS
100
AcDbPolyline
 90
2
 70
0
 10
629234.8175660147
 20
4836902.712263141
 10
629244.7194012555
 20
4836869.687060508
  0
LWPOLYLINE
  5
215
330
17
100
AcDbEntity
  8
ROADS
100
AcDbPolyline
 90
2
 70
0
 10
629292.8692781851
 20
4836873.082935292
 10
629279.2332925603
 20
4836915.9462922085
  0
LWPOLYLINE
  5
216
330
17
100
AcDbEntity
  8
ROADS
100
AcDbPolyline
 90
2
 70
0
 10
629434.6154054616
 20
4836916.361951359
 10
629292.8692781851
 20
4836873.082935292
  0
LWPOLYLINE
  5
217
330
17
100
AcDbEntity
  8
ROADS
100
AcDbPolyline
 90
2
 70
0
 10
629279.2332925603
 20
4836915.9462922085
 10
629234.8175660147
 20
4836902.712263141
  0
LWPOLYLINE
  5
218
330
17
100
AcDbEntity
  8
ROADS
100
AcDbPolyline
 90
3
 70
0
 10
629133.0119115713
 20
4836959.549759192
 10
629145.3069470782
 20
4836922.043038573
 10
629158.1860208745
 20
4836924.797106048
  0
LWPOLYLINE
  5
219
330
17
100
AcDbEntity
  8
ROADS
100
AcDbPolyline
 90
2
 70
0
 10
629279.2332925603
 20
4836915.9462922085
 10
629254.4649944513
 20
4836992.74065977
  0
LWPOLYLINE
  5
21A
330
17
100
AcDbEntity
  8
ROADS
100
AcDbPolyline
 90
2
 70
0
 10
629639.1344113097
 20
4836885.17591783
 10
629461.8426999424
 20
4836830.949408081
  0
LWPOLYLINE
  5
21B
330
17
100
AcDbEntity
  8
ROADS
100
AcDbPolyline
 90
2
 70
0
 10
629639.1344113097
 20
4836885.17591783
 10
629649.3670374892
 20
4836848.403396518
  0
LWPOLYLINE
  5
21C
330
17
100
AcDbEntity
  8
ROADS
100
AcDbPolyline
 90
2
 70
0
 10
629461.8426999424
 20
4836830.949408081
 10
629434.6154054616
 20
4836916.361951359
  0
LWPOLYLINE
  5
21D
330
17
100
AcDbEntity
  8
ROADS
100
AcDbPolyline
 90
2
 70
0
 10
629696.4061796193
 20
4836861.848884777
 10
629673.8225860551
 20
4836895.806885454
  0
LWPOLYLINE
  5
21E
330
17
100
AcDbEntity
  8
ROADS
100
AcDbPolyline
 90
2
 70
0
 10
629673.8225860551
 20
4836895.806885454
 10
629639.1344113097
 20
4836885.17591783
  0
LWPOLYLINE
  5
21F
330
17
100
AcDbEntity
  8
ROADS
100
AcDbPolyline
 90
2
 70
0
 10
629673.8225860551
 20
4836895.806885454
 10
629662.4391105268
 20
4836913.044244259
  0
LWPOLYLINE
  5
220
330
17
100
AcDbEntity
  8
ROADS
100
AcDbPolyline
 90
2
 70
0
 10
629698.1121380386
 20
4836923.46600912
 10
629662.4391105268
 20
4836913.044244259
  0
LWPOLYLINE
  5
221
330
17
100
AcDbEntity
  8
ROADS
100
AcDbPolyline
 90
2
 70
0
 10
629628.5530399071
 20
4836940.459412149
 10
629495.8058053213
 20
4836898.48817032
  0
LWPOLYLINE
  5
222
330
17
100
AcDbEntity
  8
ROADS
100
AcDbPolyline
 90
2
 70
0
 10
629662.4391105268
 20
4836913.044244259
 10
629628.5530399071
 20
4836940.459412149
  0
LWPOLYLINE
  5
223
330
17
100
AcDbEntity
  8
ROADS
100
AcDbPolyline
 90
2
 70
0
 10
629698.1121380386
 20
4836923.46600912
 10
629692.9761019989
 20
4836938.933212419
  0
LWPOLYLINE
  5
224
330
17
100
AcDbEntity
  8
ROADS
100
AcDbPolyline
 90
2
 70
0
 10
631180.1769792575
 20
4836424.015898809
 10
631168.5005588612
 20
4836459.167376233
  0
LWPOLYLINE
  5
225
330
17
100
AcDbEntity
  8
ROADS
100
AcDbPolyline
 90
2
 70
0
 10
631180.1769792575
 20
4836424.015898809
 10
631255.8629556871
 20
4836457.047859952
  0
LWPOLYLINE
  5
226
330
17
100
AcDbEntity
  8
ROADS
100
AcDbPolyline
 90
2
 70
0
 10
631238.24656468
 20
4836587.598929189
 10
631215.3060788623
 20
4836657.826333369
  0
LWPOLYLINE
  5
227
330
17
100
AcDbEntity
  8
ROADS
100
AcDbPolyline
 90
2
 70
0
 10
631140.3551962323
 20
4836655.356948359
 10
631215.3060788623
 20
4836657.826333369
  0
LWPOLYLINE
  5
228
330
17
100
AcDbEntity
  8
ROADS
100
AcDbPolyline
 90
2
 70
0
 10
631215.3060788623
 20
4836657.826333369
 10
631223.9786801903
 20
4836658.388072268
  0
LWPOLYLINE
  5
229
330
17
100
AcDbEntity
  8
ROADS
100
AcDbPolyline
 90
2
 70
0
 10
630977.980844504
 20
4836360.813460181
 10
631053.0846404221
 20
4836376.947546918
  0
LWPOLYLINE
  5
22A
330
17
100
AcDbEntity
  8
ROADS
100
AcDbPolyline
 90
2
 70
0
 10
631053.0846404221
 20
4836376.947546918
 10
631180.1769792575
 20
4836424.015898809
  0
LWPOLYLINE
  5
22B
330
17
100
AcDbEntity
  8
ROADS
100
AcDbPolyline
 90
2
 70
0
 10
630977.980844504
 20
4836360.813460181
 10
630943.6970794599
 20
4836465.913280924
  0
LWPOLYLINE
  5
22C
330
17
100
AcDbEntity
  8
ROADS
100
AcDbPolyline
 90
2
 70
0
 10
630754.1143441785
 20
4836404.794066481
 10
630943.6970794599
 20
4836465.913280924
  0
LWPOLYLINE
  5
22D
330
17
100
AcDbEntity
  8
ROADS
100
AcDbPolyline
 90
2
 70
0
 10
630943.6970794599
 20
4836465.913280924
 10
630920.7892961851
 20
4836535.883203584
  0
LWPOLYLINE
  5
22E
330
17
100
AcDbEntity
  8
ROADS
100
AcDbPolyline
 90
2
 70
0
 10
631053.0846404221
 20
4836376.947546918
 10
630966.9818336151
 20
4836645.934458005
  0
LWPOLYLINE
  5
22F
330
17
100
AcDbEntity
  8
ROADS
100
AcDbPolyline
 90
2
 70
0
 10
630920.7892961851
 20
4836535.883203584
 10
630931.742730597
 20
4836539.885543602
  0
LWPOLYLINE
  5
230
330
17
100
AcDbEntity
  8
ROADS
100
AcDbPolyline
 90
2
 70
0
 10
630920.7892961851
 20
4836535.883203584
 10
630903.8489930392
 20
4836587.764695073
  0
LWPOLYLINE
  5
231
330
17
100
AcDbEntity
  8
ROADS
100
AcDbPolyline
 90
2
 70
0
 10
630766.0734961691
 20
4836543.213339584
 10
630903.8489930392
 20
4836587.764695073
  0
LWPOLYLINE
  5
232
330
17
100
AcDbEntity
  8
ROADS
100
AcDbPolyline
 90
2
 70
0
 10
631137.6141453469
 20
4836548.883541102
 10
631103.2295892902
 20
4836654.022574259
  0
LWPOLYLINE
  5
233
330
17
100
AcDbEntity
  8
ROADS
100
AcDbPolyline
 90
2
 70
0
 10
630880.1751654624
 20
4836661.770044781
 10
630849.0924095771
 20
4836763.503939664
  0
LWPOLYLINE
  5
234
330
17
100
AcDbEntity
  8
ROADS
100
AcDbPolyline
 90
2
 70
0
 10
630849.0924095771
 20
4836763.503939664
 10
630924.2278266815
 20
4836777.389018437
  0
LWPOLYLINE
  5
235
330
17
100
AcDbEntity
  8
ROADS
100
AcDbPolyline
 90
2
 70
0
 10
630924.2278266815
 20
4836777.389018437
 10
631010.3253595104
 20
4836763.881807632
  0
LWPOLYLINE
  5
236
330
17
100
AcDbEntity
  8
ROADS
100
AcDbPolyline
 90
2
 70
0
 10
631010.3253595104
 20
4836763.881807632
 10
631000.6709320941
 20
4836844.251631016
  0
LWPOLYLINE
  5
237
330
17
100
AcDbEntity
  8
ROADS
100
AcDbPolyline
 90
2
 70
0
 10
630849.0924095771
 20
4836763.503939664
 10
630823.1466024513
 20
4836853.452344168
  0
LWPOLYLINE
  5
238
330
17
100
AcDbEntity
  8
ROADS
100
AcDbPolyline
 90
2
 70
0
 10
631000.6709320941
 20
4836844.251631016
 10
630823.1466024513
 20
4836853.452344168
  0
LWPOLYLINE
  5
239
330
17
100
AcDbEntity
  8
ROADS
100
AcDbPolyline
 90
2
 70
0
 10
631000.6709320941
 20
4836844.251631016
 10
630991.4242803275
 20
4836901.628138838
  0
LWPOLYLINE
  5
23A
330
17
100
AcDbEntity
  8
ROADS
100
AcDbPolyline
 90
2
 70
0
 10
630823.1466024513
 20
4836853.452344168
 10
630801.4857858187
 20
4836929.646716737
  0
LWPOLYLINE
  5
23B
330
17
100
AcDbEntity
  8
ROADS
100
AcDbPolyline
 90
3
 70
0
 10
630801.4857858187
 20
4836929.646716737
 10
630866.7340172135
 20
4836944.662632527
 10
630898.3088703299
 20
4836920.132781162
  0
LWPOLYLINE
  5
23C
330
17
100
AcDbEntity
  8
ROADS
100
AcDbPolyline
 90
2
 70
0
 10
630991.4242803275
 20
4836901.628138838
 10
631142.8173429235
 20
4836967.200314489
  0
LWPOLYLINE
  5
23D
330
17
100
AcDbEntity
  8
ROADS
100
AcDbPolyline
 90
2
 70
0
 10
631010.3253595104
 20
4836763.881807632
 10
631207.2535857286
 20
4836732.338631079
  0
LWPOLYLINE
  5
23E
330
17
100
AcDbEntity
  8
ROADS
100
AcDbPolyline
 90
2
 70
0
 10
631000.6709320941
 20
4836844.251631016
 10
631188.6078948886
 20
4836821.740356103
  0
LWPOLYLINE
  5
23F
330
17
100
AcDbEntity
  8
ROADS
100
AcDbPolyline
 90
2
 70
0
 10
629807.4837680428
 20
4836542.689121219
 10
629719.9670322866
 20
4836515.347836934
  0
LWPOLYLINE
  5
240
330
17
100
AcDbEntity
  8
ROADS
100
AcDbPolyline
 90
3
 70
0
 10
630004.8304378045
 20
4836496.184063568
 10
629983.4251950654
 20
4836562.482697278
 10
629817.4252786919
 20
4836511.893224886
  0
LWPOLYLINE
  5
241
330
17
100
AcDbEntity
  8
ROADS
100
AcDbPolyline
 90
2
 70
0
 10
629719.9670322866
 20
4836515.347836934
 10
629690.8611247966
 20
4836604.551265996
  0
LWPOLYLINE
  5
242
330
17
100
AcDbEntity
  8
ROADS
100
AcDbPolyline
 90
2
 70
0
 10
629925.0002645163
 20
4836577.62737793
 10
629807.4837680428
 20
4836542.689121219
  0
LWPOLYLINE
  5
243
330
17
100
AcDbEntity
  8
ROADS
100
AcDbPolyline
 90
2
 70
0
 10
630052.880545222
 20
4836511.076896752
 10
630023.4530617475
 20
4836609.93277983
  0
LWPOLYLINE
  5
244
330
17
100
AcDbEntity
  8
ROADS
100
AcDbPolyline
 90
2
 70
0
 10
629807.4837680428
 20
4836542.689121219
 10
629778.1529231329
 20
4836631.4449730795
  0
LWPOLYLINE
  5
245
330
17
100
AcDbEntity
  8
ROADS
100
AcDbPolyline
 90
2
 70
0
 10
629733.421158703
 20
4836617.599206394
 10
629750.2585832204
 20
4836557.356456249
  0
LWPOLYLINE
  5
246
330
17
100
AcDbEntity
  8
ROADS
100
AcDbPolyline
 90
2
 70
0
 10
630023.4530617475
 20
4836609.93277983
 10
629925.0002645163
 20
4836577.62737793
  0
LWPOLYLINE
  5
247
330
17
100
AcDbEntity
  8
ROADS
100
AcDbPolyline
 90
2
 70
0
 10
629925.0002645163
 20
4836577.62737793
 10
629914.4915319143
 20
4836610.202650966
  0
LWPOLYLINE
  5
248
330
17
100
AcDbEntity
  8
ROADS
100
AcDbPolyline
 90
2
 70
0
 10
629914.4915319143
 20
4836610.202650966
 10
629903.6108819406
 20
4836606.988691424
  0
LWPOLYLINE
  5
249
330
17
100
AcDbEntity
  8
ROADS
100
AcDbPolyline
 90
2
 70
0
 10
630085.3180673476
 20
4836418.644873122
 10
630375.9082259069
 20
4836509.20937049
  0
LWPOLYLINE
  5
24A
330
17
100
AcDbEntity
  8
ROADS
100
AcDbPolyline
 90
2
 70
0
 10
630085.3180673476
 20
4836418.644873122
 10
630052.880545222
 20
4836511.076896752
  0
LWPOLYLINE
  5
24B
330
17
100
AcDbEntity
  8
ROADS
100
AcDbPolyline
 90
2
 70
0
 10
630052.880545222
 20
4836511.076896752
 10
630259.5052375449
 20
4836579.321692634
  0
LWPOLYLINE
  5
24C
330
17
100
AcDbEntity
  8
ROADS
100
AcDbPolyline
 90
2
 70
0
 10
630375.9082259069
 20
4836509.20937049
 10
630343.5579995029
 20
4836607.844487026
  0
LWPOLYLINE
  5
24D
330
17
100
AcDbEntity
  8
ROADS
100
AcDbPolyline
 90
2
 70
0
 10
630259.5052375449
 20
4836579.321692634
 10
630343.5579995029
 20
4836607.844487026
  0
LWPOLYLINE
  5
24E
330
17
100
AcDbEntity
  8
ROADS
100
AcDbPolyline
 90
2
 70
0
 10
630259.5052375449
 20
4836579.321692634
 10
630223.1200294563
 20
4836689.470627747
  0
LWPOLYLINE
  5
24F
330
17
100
AcDbEntity
  8
ROADS
100
AcDbPolyline
 90
2
 70
0
 10
630018.3631262738
 20
4836627.717999384
 10
630127.7469036954
 20
4836662.557249695
  0
LWPOLYLINE
  5
250
330
17
100
AcDbEntity
  8
ROADS
100
AcDbPolyline
 90
2
 70
0
 10
630343.5579995029
 20
4836607.844487026
 10
630307.6366385573
 20
4836717.200777475
  0
LWPOLYLINE
  5
251
330
17
100
AcDbEntity
  8
ROADS
100
AcDbPolyline
 90
2
 70
0
 10
630127.7469036954
 20
4836662.557249695
 10
630223.1200294563
 20
4836689.470627747
  0
LWPOLYLINE
  5
252
330
17
100
AcDbEntity
  8
ROADS
100
AcDbPolyline
 90
3
 70
0
 10
630307.6366385573
 20
4836717.200777475
 10
630366.0614015105
 20
4836733.759363133
 10
630406.439823867
 20
4836628.482935832
  0
LWPOLYLINE
  5
253
330
17
100
AcDbEntity
  8
ROADS
100
AcDbPolyline
 90
2
 70
0
 10
630715.5434388202
 20
4836526.919530776
 10
630766.0734961691
 20
4836543.213339584
  0
LWPOLYLINE
  5
254
330
17
100
AcDbEntity
  8
ROADS
100
AcDbPolyline
 90
2
 70
0
 10
630715.5434388202
 20
4836526.919530776
 10
630691.8598616904
 20
4836601.686721707
  0
LWPOLYLINE
  5
255
330
17
100
AcDbEntity
  8
ROADS
100
AcDbPolyline
 90
2
 70
0
 10
630766.0734961691
 20
4836543.213339584
 10
630741.9482239679
 20
4836616.689460764
  0
LWPOLYLINE
  5
256
330
17
100
AcDbEntity
  8
ROADS
100
AcDbPolyline
 90
2
 70
0
 10
630608.271509292
 20
4836493.855578874
 10
630551.4612028588
 20
4836674.609409453
  0
LWPOLYLINE
  5
257
330
17
100
AcDbEntity
  8
ROADS
100
AcDbPolyline
 90
3
 70
0
 10
630608.271509292
 20
4836493.855578874
 10
630648.5721363298
 20
4836610.015634821
 10
630644.4500193342
 20
4836702.034748285
  0
LWPOLYLINE
  5
258
330
17
100
AcDbEntity
  8
ROADS
100
AcDbPolyline
 90
2
 70
0
 10
630691.8598616904
 20
4836601.686721707
 10
630741.9482239679
 20
4836616.689460764
  0
LWPOLYLINE
  5
259
330
17
100
AcDbEntity
  8
ROADS
100
AcDbPolyline
 90
2
 70
0
 10
630343.5579995029
 20
4836607.844487026
 10
630406.439823867
 20
4836628.482935832
  0
LWPOLYLINE
  5
25A
330
17
100
AcDbEntity
  8
ROADS
100
AcDbPolyline
 90
2
 70
0
 10
630406.439823867
 20
4836628.482935832
 10
630551.4612028588
 20
4836674.609409453
  0
LWPOLYLINE
  5
25B
330
17
100
AcDbEntity
  8
ROADS
100
AcDbPolyline
 90
2
 70
0
 10
630691.8598616904
 20
4836601.686721707
 10
630671.5667317391
 20
4836710.786688462
  0
LWPOLYLINE
  5
25C
330
17
100
AcDbEntity
  8
ROADS
100
AcDbPolyline
 90
2
 70
0
 10
630551.4612028588
 20
4836674.609409453
 10
630644.4500193342
 20
4836702.034748285
  0
LWPOLYLINE
  5
25D
330
17
100
AcDbEntity
  8
ROADS
100
AcDbPolyline
 90
2
 70
0
 10
629733.421158703
 20
4836617.599206394
 10
629690.8611247966
 20
4836604.551265996
  0
LWPOLYLINE
  5
25E
330
17
100
AcDbEntity
  8
ROADS
100
AcDbPolyline
 90
2
 70
0
 10
630023.4530617475
 20
4836609.93277983
 10
630018.3631262738
 20
4836627.717999384
  0
LWPOLYLINE
  5
25F
330
17
100
AcDbEntity
  8
ROADS
100
AcDbPolyline
 90
2
 70
0
 10
629778.1529231329
 20
4836631.4449730795
 10
629733.421158703
 20
4836617.599206394
  0
LWPOLYLINE
  5
260
330
17
100
AcDbEntity
  8
ROADS
100
AcDbPolyline
 90
3
 70
0
 10
629940.9863932577
 20
4836682.76379677
 10
629959.5716833484
 20
4836624.029721654
 10
629914.4915319143
 20
4836610.202650966
  0
LWPOLYLINE
  5
261
330
17
100
AcDbEntity
  8
ROADS
100
AcDbPolyline
 90
2
 70
0
 10
629920.4056092261
 20
4836676.367220201
 10
629778.1529231329
 20
4836631.4449730795
  0
LWPOLYLINE
  5
262
330
17
100
AcDbEntity
  8
ROADS
100
AcDbPolyline
 90
2
 70
0
 10
630018.3631262738
 20
4836627.717999384
 10
629995.363917696
 20
4836699.09516371
  0
LWPOLYLINE
  5
263
330
17
100
AcDbEntity
  8
ROADS
100
AcDbPolyline
 90
2
 70
0
 10
629778.1529231329
 20
4836631.4449730795
 10
629750.1068041432
 20
4836715.684725363
  0
LWPOLYLINE
  5
264
330
17
100
AcDbEntity
  8
ROADS
100
AcDbPolyline
 90
2
 70
0
 10
629940.9863932577
 20
4836682.76379677
 10
629920.4056092261
 20
4836676.367220201
  0
LWPOLYLINE
  5
265
330
17
100
AcDbEntity
  8
ROADS
100
AcDbPolyline
 90
2
 70
0
 10
629995.363917696
 20
4836699.09516371
 10
629940.9863932577
 20
4836682.76379677
  0
LWPOLYLINE
  5
266
330
17
100
AcDbEntity
  8
ROADS
100
AcDbPolyline
 90
2
 70
0
 10
629920.4056092261
 20
4836676.367220201
 10
629903.5985678901
 20
4836726.908865457
  0
LWPOLYLINE
  5
267
330
17
100
AcDbEntity
  8
ROADS
100
AcDbPolyline
 90
2
 70
0
 10
630903.8489930392
 20
4836587.764695073
 10
630886.6193309306
 20
4836641.766104135
  0
LWPOLYLINE
  5
268
330
17
100
AcDbEntity
  8
ROADS
100
AcDbPolyline
 90
2
 70
0
 10
630741.9482239679
 20
4836616.689460764
 10
630880.1751654624
 20
4836661.770044781
  0
LWPOLYLINE
  5
269
330
17
100
AcDbEntity
  8
ROADS
100
AcDbPolyline
 90
2
 70
0
 10
630886.6193309306
 20
4836641.766104135
 10
630966.9818336151
 20
4836645.934458005
  0
LWPOLYLINE
  5
26A
330
17
100
AcDbEntity
  8
ROADS
100
AcDbPolyline
 90
2
 70
0
 10
630966.9818336151
 20
4836645.934458005
 10
631002.7709205116
 20
4836647.899711277
  0
LWPOLYLINE
  5
26B
330
17
100
AcDbEntity
  8
ROADS
100
AcDbPolyline
 90
2
 70
0
 10
631002.7709205116
 20
4836647.899711277
 10
631103.2295892902
 20
4836654.022574259
  0
LWPOLYLINE
  5
26C
330
17
100
AcDbEntity
  8
ROADS
100
AcDbPolyline
 90
2
 70
0
 10
630886.6193309306
 20
4836641.766104135
 10
630880.1751654624
 20
4836661.770044781
  0
LWPOLYLINE
  5
26D
330
17
100
AcDbEntity
  8
ROADS
100
AcDbPolyline
 90
2
 70
0
 10
631103.2295892902
 20
4836654.022574259
 10
631140.3551962323
 20
4836655.356948359
  0
LWPOLYLINE
  5
26E
330
17
100
AcDbEntity
  8
ROADS
100
AcDbPolyline
 90
2
 70
0
 10
631140.3551962323
 20
4836655.356948359
 10
631117.7159958715
 20
4836730.6021447275
  0
LWPOLYLINE
  5
26F
330
17
100
AcDbEntity
  8
ROADS
100
AcDbPolyline
 90
2
 70
0
 10
631002.7709205116
 20
4836647.899711277
 10
631010.3253595104
 20
4836763.881807632
  0
LWPOLYLINE
  5
270
330
17
100
AcDbEntity
  8
ROADS
100
AcDbPolyline
 90
2
 70
0
 10
630966.9818336151
 20
4836645.934458005
 10
630924.2278266815
 20
4836777.389018437
  0
LWPOLYLINE
  5
271
330
17
100
AcDbEntity
  8
ROADS
100
AcDbPolyline
 90
2
 70
0
 10
630223.1200294563
 20
4836689.470627747
 10
630237.0573773482
 20
4836693.81994274
  0
LWPOLYLINE
  5
272
330
17
100
AcDbEntity
  8
ROADS
100
AcDbPolyline
 90
2
 70
0
 10
630237.0573773482
 20
4836693.81994274
 10
630260.1004883922
 20
4836701.011104874
  0
LWPOLYLINE
  5
273
330
17
100
AcDbEntity
  8
ROADS
100
AcDbPolyline
 90
4
 70
0
 10
630260.1004883922
 20
4836701.011104874
 10
630240.1298873118
 20
4836715.2070168825
 10
630227.9945514742
 20
4836705.941934939
 10
630237.0573773482
 20
4836693.81994274
  0
LWPOLYLINE
  5
274
330
17
100
AcDbEntity
  8
ROADS
100
AcDbPolyline
 90
2
 70
0
 10
630260.1004883922
 20
4836701.011104874
 10
630307.6366385573
 20
4836717.200777475
  0
LWPOLYLINE
  5
275
330
17
100
AcDbEntity
  8
ROADS
100
AcDbPolyline
 90
2
 70
0
 10
630223.1200294563
 20
4836689.470627747
 10
630212.2236274357
 20
4836730.818539208
  0
LWPOLYLINE
  5
276
330
17
100
AcDbEntity
  8
ROADS
100
AcDbPolyline
 90
2
 70
0
 10
630098.6595085752
 20
4836757.922545253
 10
630127.7469036954
 20
4836662.557249695
  0
LWPOLYLINE
  5
277
330
17
100
AcDbEntity
  8
ROADS
100
AcDbPolyline
 90
2
 70
0
 10
630175.8539025792
 20
4836725.185521752
 10
630125.5655244067
 20
4836708.418049019
  0
LWPOLYLINE
  5
278
330
17
100
AcDbEntity
  8
ROADS
100
AcDbPolyline
 90
2
 70
0
 10
630307.6366385573
 20
4836717.200777475
 10
630296.8164410249
 20
4836726.902823481
  0
LWPOLYLINE
  5
279
330
17
100
AcDbEntity
  8
ROADS
100
AcDbPolyline
 90
2
 70
0
 10
630212.2236274357
 20
4836730.818539208
 10
630175.8539025792
 20
4836725.185521752
  0
LWPOLYLINE
  5
27A
330
17
100
AcDbEntity
  8
ROADS
100
AcDbPolyline
 90
3
 70
0
 10
630307.6366385573
 20
4836717.200777475
 10
630317.9808342811
 20
4836725.692420435
 10
630308.6045645168
 20
4836742.649091571
  0
LWPOLYLINE
  5
27B
330
17
100
AcDbEntity
  8
ROADS
100
AcDbPolyline
 90
2
 70
0
 10
630296.8164410249
 20
4836726.902823481
 10
630249.5499756155
 20
4836740.790163269
  0
LWPOLYLINE
  5
27C
330
17
100
AcDbEntity
  8
ROADS
100
AcDbPolyline
 90
2
 70
0
 10
630296.8164410249
 20
4836726.902823481
 10
630308.6045645168
 20
4836742.649091571
  0
LWPOLYLINE
  5
27D
330
17
100
AcDbEntity
  8
ROADS
100
AcDbPolyline
 90
2
 70
0
 10
630249.5499756155
 20
4836740.790163269
 10
630212.2236274357
 20
4836730.818539208
  0
LWPOLYLINE
  5
27E
330
17
100
AcDbEntity
  8
ROADS
100
AcDbPolyline
 90
2
 70
0
 10
629986.8820888961
 20
4836724.382577327
 10
630098.6595085752
 20
4836757.922545253
  0
LWPOLYLINE
  5
27F
330
17
100
AcDbEntity
  8
ROADS
100
AcDbPolyline
 90
2
 70
0
 10
630175.8539025792
 20
4836725.185521752
 10
630098.6595085752
 20
4836757.922545253
  0
LWPOLYLINE
  5
280
330
17
100
AcDbEntity
  8
ROADS
100
AcDbPolyline
 90
2
 70
0
 10
630212.2236274357
 20
4836730.818539208
 10
630202.7383211573
 20
4836762.709292311
  0
LWPOLYLINE
  5
281
330
17
100
AcDbEntity
  8
ROADS
100
AcDbPolyline
 90
2
 70
0
 10
630249.5499756155
 20
4836740.790163269
 10
630298.9156358968
 20
4836753.059642331
  0
LWPOLYLINE
  5
282
330
17
100
AcDbEntity
  8
ROADS
100
AcDbPolyline
 90
2
 70
0
 10
630308.6045645168
 20
4836742.649091571
 10
630298.9156358968
 20
4836753.059642331
  0
LWPOLYLINE
  5
283
330
17
100
AcDbEntity
  8
ROADS
100
AcDbPolyline
 90
2
 70
0
 10
630298.9156358968
 20
4836753.059642331
 10
630326.8868635905
 20
4836761.4530035285
  0
LWPOLYLINE
  5
284
330
17
100
AcDbEntity
  8
ROADS
100
AcDbPolyline
 90
2
 70
0
 10
630249.5499756155
 20
4836740.790163269
 10
630238.8144953137
 20
4836775.312501409
  0
LWPOLYLINE
  5
285
330
17
100
AcDbEntity
  8
ROADS
100
AcDbPolyline
 90
2
 70
0
 10
629995.363917696
 20
4836699.09516371
 10
629986.8820888961
 20
4836724.382577327
  0
LWPOLYLINE
  5
286
330
17
100
AcDbEntity
  8
ROADS
100
AcDbPolyline
 90
2
 70
0
 10
629912.2973020014
 20
4836764.951816329
 10
629750.1068041432
 20
4836715.684725363
  0
LWPOLYLINE
  5
287
330
17
100
AcDbEntity
  8
ROADS
100
AcDbPolyline
 90
2
 70
0
 10
629750.1068041432
 20
4836715.684725363
 10
629730.5741118392
 20
4836769.017252843
  0
LWPOLYLINE
  5
288
330
17
100
AcDbEntity
  8
ROADS
100
AcDbPolyline
 90
2
 70
0
 10
629912.2973020014
 20
4836764.951816329
 10
629921.1189607821
 20
4836737.905430711
  0
LWPOLYLINE
  5
289
330
17
100
AcDbEntity
  8
ROADS
100
AcDbPolyline
 90
2
 70
0
 10
629986.8820888961
 20
4836724.382577327
 10
629967.0739271633
 20
4836782.329485189
  0
LWPOLYLINE
  5
28A
330
17
100
AcDbEntity
  8
ROADS
100
AcDbPolyline
 90
2
 70
0
 10
629967.0739271633
 20
4836782.329485189
 10
629912.2973020014
 20
4836764.951816329
  0
LWPOLYLINE
  5
28B
330
17
100
AcDbEntity
  8
ROADS
100
AcDbPolyline
 90
2
 70
0
 10
630098.6595085752
 20
4836757.922545253
 10
629960.2270555142
 20
4836803.422163052
  0
LWPOLYLINE
  5
28C
330
17
100
AcDbEntity
  8
ROADS
100
AcDbPolyline
 90
3
 70
0
 10
629730.5741118392
 20
4836769.017252843
 10
629695.1108229059
 20
4836775.146444594
 10
629724.6863193884
 20
4836799.621918829
  0
LWPOLYLINE
  5
28D
330
17
100
AcDbEntity
  8
ROADS
100
AcDbPolyline
 90
2
 70
0
 10
629730.5741118392
 20
4836769.017252843
 10
629724.6863193884
 20
4836799.621918829
  0
LWPOLYLINE
  5
28E
330
17
100
AcDbEntity
  8
ROADS
100
AcDbPolyline
 90
2
 70
0
 10
629967.0739271633
 20
4836782.329485189
 10
629960.2270555142
 20
4836803.422163052
  0
LWPOLYLINE
  5
28F
330
17
100
AcDbEntity
  8
ROADS
100
AcDbPolyline
 90
2
 70
0
 10
630098.6595085752
 20
4836757.922545253
 10
630178.5444279221
 20
4836761.004707845
  0
LWPOLYLINE
  5
290
330
17
100
AcDbEntity
  8
ROADS
100
AcDbPolyline
 90
2
 70
0
 10
630178.5444279221
 20
4836761.004707845
 10
630202.7383211573
 20
4836762.709292311
  0
LWPOLYLINE
  5
291
330
17
100
AcDbEntity
  8
ROADS
100
AcDbPolyline
 90
2
 70
0
 10
630202.7383211573
 20
4836762.709292311
 10
630238.8144953137
 20
4836775.312501409
  0
LWPOLYLINE
  5
292
330
17
100
AcDbEntity
  8
ROADS
100
AcDbPolyline
 90
2
 70
0
 10
630098.6595085752
 20
4836757.922545253
 10
630105.6449499871
 20
4836791.550727969
  0
LWPOLYLINE
  5
293
330
17
100
AcDbEntity
  8
ROADS
100
AcDbPolyline
 90
2
 70
0
 10
630238.8144953137
 20
4836775.312501409
 10
630322.5798522017
 20
4836799.209816986
  0
LWPOLYLINE
  5
294
330
17
100
AcDbEntity
  8
ROADS
100
AcDbPolyline
 90
2
 70
0
 10
630178.5444279221
 20
4836761.004707845
 10
630178.6756999041
 20
4836834.545291355
  0
LWPOLYLINE
  5
295
330
17
100
AcDbEntity
  8
ROADS
100
AcDbPolyline
 90
2
 70
0
 10
630202.7383211573
 20
4836762.709292311
 10
630241.1016223363
 20
4836833.245971353
  0
LWPOLYLINE
  5
296
330
17
100
AcDbEntity
  8
ROADS
100
AcDbPolyline
 90
2
 70
0
 10
630322.5798522017
 20
4836799.209816986
 10
630352.0040819431
 20
4836808.272503107
  0
LWPOLYLINE
  5
297
330
17
100
AcDbEntity
  8
ROADS
100
AcDbPolyline
 90
2
 70
0
 10
630322.5798522017
 20
4836799.209816986
 10
630312.0799139126
 20
4836836.329604969
  0
LWPOLYLINE
  5
298
330
17
100
AcDbEntity
  8
ROADS
100
AcDbPolyline
 90
2
 70
0
 10
630241.1016223363
 20
4836833.245971353
 10
630270.4435334988
 20
4836882.255010918
  0
LWPOLYLINE
  5
299
330
17
100
AcDbEntity
  8
ROADS
100
AcDbPolyline
 90
2
 70
0
 10
630644.4500193342
 20
4836702.034748285
 10
630671.5667317391
 20
4836710.786688462
  0
LWPOLYLINE
  5
29A
330
17
100
AcDbEntity
  8
ROADS
100
AcDbPolyline
 90
2
 70
0
 10
630644.4500193342
 20
4836702.034748285
 10
630630.1705933006
 20
4836767.040249019
  0
LWPOLYLINE
  5
29B
330
17
100
AcDbEntity
  8
ROADS
100
AcDbPolyline
 90
2
 70
0
 10
630671.5667317391
 20
4836710.786688462
 10
630849.0924095771
 20
4836763.503939664
  0
LWPOLYLINE
  5
29C
330
17
100
AcDbEntity
  8
ROADS
100
AcDbPolyline
 90
3
 70
0
 10
630671.5667317391
 20
4836710.786688462
 10
630653.7898424937
 20
4836751.967232922
 10
630630.1705933006
 20
4836767.040249019
  0
LWPOLYLINE
  5
29D
330
17
100
AcDbEntity
  8
ROADS
100
AcDbPolyline
 90
2
 70
0
 10
630630.1705933006
 20
4836767.040249019
 10
630613.9348107583
 20
4836846.767932117
  0
LWPOLYLINE
  5
29E
330
17
100
AcDbEntity
  8
ROADS
100
AcDbPolyline
 90
2
 70
0
 10
630613.9348107583
 20
4836846.767932117
 10
630823.1466024513
 20
4836853.452344168
  0
LWPOLYLINE
  5
29F
330
17
100
AcDbEntity
  8
ROADS
100
AcDbPolyline
 90
3
 70
0
 10
630613.9348107583
 20
4836846.767932117
 10
630298.0304782534
 20
4836868.761875269
 10
630270.4435334988
 20
4836882.255010918
  0
LWPOLYLINE
  5
2A0
330
17
100
AcDbEntity
  8
ROADS
100
AcDbPolyline
 90
2
 70
0
 10
630270.4435334988
 20
4836882.255010918
 10
630613.9348107583
 20
4836846.767932117
  0
LWPOLYLINE
  5
2A1
330
17
100
AcDbEntity
  8
ROADS
100
AcDbPolyline
 90
2
 70
0
 10
630613.9348107583
 20
4836846.767932117
 10
630575.4312105976
 20
4837000.557295034
  0
LWPOLYLINE
  5
2A2
330
17
100
AcDbEntity
  8
ROADS
100
AcDbPolyline
 90
2
 70
0
 10
630786.8511633247
 20
4836981.883888486
 10
630711.4728472342
 20
4836938.517741382
  0
LWPOLYLINE
  5
2A3
330
17
100
AcDbEntity
  8
ROADS
100
AcDbPolyline
 90
2
 70
0
 10
629512.8585621868
 20
4836969.85243332
 10
629534.7918783926
 20
4836947.465493202
  0
LWPOLYLINE
  5
2A4
330
17
100
AcDbEntity
  8
ROADS
100
AcDbPolyline
 90
2
 70
0
 10
629628.5530399071
 20
4836940.459412149
 10
629576.2947253578
 20
4836978.436093001
  0
LWPOLYLINE
  5
2A5
330
17
100
AcDbEntity
  8
ROADS
100
AcDbPolyline
 90
2
 70
0
 10
629512.8585621868
 20
4836969.85243332
 10
629484.1027191646
 20
4836951.650211629
  0
LWPOLYLINE
  5
2A6
330
17
100
AcDbEntity
  8
ROADS
100
AcDbPolyline
 90
2
 70
0
 10
629434.6154054616
 20
4836916.361951359
 10
629395.672721243
 20
4837039.356214936
  0
LWPOLYLINE
  5
2A7
330
17
100
AcDbEntity
  8
ROADS
100
AcDbPolyline
 90
2
 70
0
 10
629548.607506035
 20
4836999.412892774
 10
629512.8585621868
 20
4836969.85243332
  0
LWPOLYLINE
  5
2A8
330
17
100
AcDbEntity
  8
ROADS
100
AcDbPolyline
 90
2
 70
0
 10
629576.2947253578
 20
4836978.436093001
 10
629548.607506035
 20
4836999.412892774
  0
LWPOLYLINE
  5
2A9
330
17
100
AcDbEntity
  8
ROADS
100
AcDbPolyline
 90
2
 70
0
 10
629576.2947253578
 20
4836978.436093001
 10
629589.5334759733
 20
4837016.438105322
  0
LWPOLYLINE
  5
2AA
330
17
100
AcDbEntity
  8
ROADS
100
AcDbPolyline
 90
2
 70
0
 10
629589.5334759733
 20
4837016.438105322
 10
629548.607506035
 20
4836999.412892774
  0
LWPOLYLINE
  5
2AB
330
17
100
AcDbEntity
  8
ROADS
100
AcDbPolyline
 90
2
 70
0
 10
629548.607506035
 20
4836999.412892774
 10
629469.638304151
 20
4837047.56825739
  0
LWPOLYLINE
  5
2AC
330
17
100
AcDbEntity
  8
ROADS
100
AcDbPolyline
 90
2
 70
0
 10
629666.33942064
 20
4837040.4045995325
 10
629589.5334759733
 20
4837016.438105322
  0
LWPOLYLINE
  5
2AD
330
17
100
AcDbEntity
  8
ROADS
100
AcDbPolyline
 90
2
 70
0
 10
629892.2064416313
 20
4837025.01474494
 10
629769.5324350747
 20
4836986.050794417
  0
LWPOLYLINE
  5
2AE
330
17
100
AcDbEntity
  8
ROADS
100
AcDbPolyline
 90
2
 70
0
 10
629769.5324350747
 20
4836986.050794417
 10
629753.4622468366
 20
4837032.066411265
  0
LWPOLYLINE
  5
2AF
330
17
100
AcDbEntity
  8
ROADS
100
AcDbPolyline
 90
2
 70
0
 10
629922.6269437108
 20
4837087.762217982
 10
629959.5250734647
 20
4837001.405367834
  0
LWPOLYLINE
  5
2B0
330
17
100
AcDbEntity
  8
ROADS
100
AcDbPolyline
 90
2
 70
0
 10
629753.4622468366
 20
4837032.066411265
 10
629742.5930861349
 20
4837063.611064975
  0
LWPOLYLINE
  5
2B1
330
17
100
AcDbEntity
  8
ROADS
100
AcDbPolyline
 90
2
 70
0
 10
629892.2064416313
 20
4837025.01474494
 10
629875.7632200266
 20
4837071.859689556
  0
LWPOLYLINE
  5
2B2
330
17
100
AcDbEntity
  8
ROADS
100
AcDbPolyline
 90
2
 70
0
 10
629742.5930861349
 20
4837063.611064975
 10
629666.33942064
 20
4837040.4045995325
  0
LWPOLYLINE
  5
2B3
330
17
100
AcDbEntity
  8
ROADS
100
AcDbPolyline
 90
3
 70
0
 10
629753.4622468366
 20
4837032.066411265
 10
629830.4808875967
 20
4837055.720744405
 10
629820.004963555
 20
4837088.91263034
  0
LWPOLYLINE
  5
2B4
330
17
100
AcDbEntity
  8
ROADS
100
AcDbPolyline
 90
2
 70
0
 10
629820.004963555
 20
4837088.91263034
 10
629742.5930861349
 20
4837063.611064975
  0
LWPOLYLINE
  5
2B5
330
17
100
AcDbEntity
  8
ROADS
100
AcDbPolyline
 90
2
 70
0
 10
629875.7632200266
 20
4837071.859689556
 10
629922.6269437108
 20
4837087.762217982
  0
LWPOLYLINE
  5
2B6
330
17
100
AcDbEntity
  8
ROADS
100
AcDbPolyline
 90
2
 70
0
 10
629875.7632200266
 20
4837071.859689556
 10
629864.0291375683
 20
4837103.20269944
  0
LWPOLYLINE
  5
2B7
330
17
100
AcDbEntity
  8
ROADS
100
AcDbPolyline
 90
2
 70
0
 10
629254.4649944513
 20
4836992.74065977
 10
629133.0119115713
 20
4836959.549759192
  0
LWPOLYLINE
  5
2B8
330
17
100
AcDbEntity
  8
ROADS
100
AcDbPolyline
 90
2
 70
0
 10
629254.4649944513
 20
4836992.74065977
 10
629239.7702296171
 20
4837039.071097839
  0
LWPOLYLINE
  5
2B9
330
17
100
AcDbEntity
  8
ROADS
100
AcDbPolyline
 90
2
 70
0
 10
629395.672721243
 20
4837039.356214936
 10
629254.4649944513
 20
4836992.74065977
  0
LWPOLYLINE
  5
2BA
330
17
100
AcDbEntity
  8
ROADS
100
AcDbPolyline
 90
3
 70
0
 10
629239.7702296171
 20
4837039.071097839
 10
629154.7066761688
 20
4837015.038977763
 10
629154.2054737428
 20
4837026.459022507
  0
LWPOLYLINE
  5
2BB
330
17
100
AcDbEntity
  8
ROADS
100
AcDbPolyline
 90
2
 70
0
 10
629239.7702296171
 20
4837039.071097839
 10
629224.7448275764
 20
4837086.983660785
  0
LWPOLYLINE
  5
2BC
330
17
100
AcDbEntity
  8
ROADS
100
AcDbPolyline
 90
3
 70
0
 10
629431.3883032802
 20
4837102.061343392
 10
629283.7280586656
 20
4837056.445147594
 10
629270.110069587
 20
4837098.25675003
  0
LWPOLYLINE
  5
2BD
330
17
100
AcDbEntity
  8
ROADS
100
AcDbPolyline
 90
2
 70
0
 10
629224.7448275764
 20
4837086.983660785
 10
629176.6119249668
 20
4837072.861334709
  0
LWPOLYLINE
  5
2BE
330
17
100
AcDbEntity
  8
ROADS
100
AcDbPolyline
 90
2
 70
0
 10
629270.110069587
 20
4837098.25675003
 10
629224.7448275764
 20
4837086.983660785
  0
LWPOLYLINE
  5
2BF
330
17
100
AcDbEntity
  8
ROADS
100
AcDbPolyline
 90
2
 70
0
 10
629355.1749843572
 20
4837124.353231551
 10
629270.110069587
 20
4837098.25675003
  0
LWPOLYLINE
  5
2C0
330
17
100
AcDbEntity
  8
ROADS
100
AcDbPolyline
 90
2
 70
0
 10
629176.6119249668
 20
4837072.861334709
 10
629148.8575197909
 20
4837161.704487511
  0
LWPOLYLINE
  5
2C1
330
17
100
AcDbEntity
  8
ROADS
100
AcDbPolyline
 90
2
 70
0
 10
629133.0119115713
 20
4836959.549759192
 10
628991.5168211835
 20
4836951.422167143
  0
LWPOLYLINE
  5
2C2
330
17
100
AcDbEntity
  8
ROADS
100
AcDbPolyline
 90
2
 70
0
 10
628991.5168211835
 20
4836951.422167143
 10
628986.6115829045
 20
4837002.433903056
  0
LWPOLYLINE
  5
2C3
330
17
100
AcDbEntity
  8
ROADS
100
AcDbPolyline
 90
2
 70
0
 10
628986.6115829045
 20
4837002.433903056
 10
628985.5903432398
 20
4837016.711397588
  0
LWPOLYLINE
  5
2C4
330
17
100
AcDbEntity
  8
ROADS
100
AcDbPolyline
 90
3
 70
0
 10
628991.5168211835
 20
4836951.422167143
 10
628918.3108338238
 20
4836977.501191956
 10
628768.5586584092
 20
4837105.036832597
  0
LWPOLYLINE
  5
2C5
330
17
100
AcDbEntity
  8
ROADS
100
AcDbPolyline
 90
2
 70
0
 10
629176.6119249668
 20
4837072.861334709
 10
628985.5903432398
 20
4837016.711397588
  0
LWPOLYLINE
  5
2C6
330
17
100
AcDbEntity
  8
ROADS
100
AcDbPolyline
 90
2
 70
0
 10
628985.5903432398
 20
4837016.711397588
 10
628957.566653481
 20
4837100.317282558
  0
LWPOLYLINE
  5
2C7
330
17
100
AcDbEntity
  8
ROADS
100
AcDbPolyline
 90
5
 70
0
 10
628986.6115829045
 20
4837002.433903056
 10
628939.7210300806
 20
4837003.009050333
 10
628895.4720214223
 20
4837085.41144824
 10
628866.7370509874
 20
4837085.579856526
 10
628824.0435218746
 20
4837126.042550484
  0
LWPOLYLINE
  5
2C8
330
17
100
AcDbEntity
  8
ROADS
100
AcDbPolyline
 90
2
 70
0
 10
629148.8575197909
 20
4837161.704487511
 10
628957.566653481
 20
4837100.317282558
  0
LWPOLYLINE
  5
2C9
330
17
100
AcDbEntity
  8
ROADS
100
AcDbPolyline
 90
2
 70
0
 10
628957.566653481
 20
4837100.317282558
 10
628930.4353929916
 20
4837172.288510347
  0
LWPOLYLINE
  5
2CA
330
17
100
AcDbEntity
  8
ROADS
100
AcDbPolyline
 90
2
 70
0
 10
628930.4353929916
 20
4837172.288510347
 10
628824.0435218746
 20
4837126.042550484
  0
LWPOLYLINE
  5
2CB
330
17
100
AcDbEntity
  8
ROADS
100
AcDbPolyline
 90
2
 70
0
 10
629469.638304151
 20
4837047.56825739
 10
629395.672721243
 20
4837039.356214936
  0
LWPOLYLINE
  5
2CC
330
17
100
AcDbEntity
  8
ROADS
100
AcDbPolyline
 90
2
 70
0
 10
629483.5262348552
 20
4837051.606663116
 10
629469.638304151
 20
4837047.56825739
  0
LWPOLYLINE
  5
2CD
330
17
100
AcDbEntity
  8
ROADS
100
AcDbPolyline
 90
2
 70
0
 10
629666.33942064
 20
4837040.4045995325
 10
629639.8681211732
 20
4837099.824715943
  0
LWPOLYLINE
  5
2CE
330
17
100
AcDbEntity
  8
ROADS
100
AcDbPolyline
 90
3
 70
0
 10
629483.5262348552
 20
4837051.606663116
 10
629467.069348685
 20
4837099.81639592
 10
629435.4728597682
 20
4837090.377400808
  0
LWPOLYLINE
  5
2CF
330
17
100
AcDbEntity
  8
ROADS
100
AcDbPolyline
 90
2
 70
0
 10
629639.8681211732
 20
4837099.824715943
 10
629483.5262348552
 20
4837051.606663116
  0
LWPOLYLINE
  5
2D0
330
17
100
AcDbEntity
  8
ROADS
100
AcDbPolyline
 90
3
 70
0
 10
629627.20206493
 20
4837108.074584992
 10
629597.5299906057
 20
4837096.241217779
 10
629603.7813033347
 20
4837111.179290686
  0
LWPOLYLINE
  5
2D1
330
17
100
AcDbEntity
  8
ROADS
100
AcDbPolyline
 90
2
 70
0
 10
629639.8681211732
 20
4837099.824715943
 10
629627.20206493
 20
4837108.074584992
  0
LWPOLYLINE
  5
2D2
330
17
100
AcDbEntity
  8
ROADS
100
AcDbPolyline
 90
2
 70
0
 10
629627.20206493
 20
4837108.074584992
 10
629629.8821247234
 20
4837134.736893283
  0
LWPOLYLINE
  5
2D3
330
17
100
AcDbEntity
  8
ROADS
100
AcDbPolyline
 90
3
 70
0
 10
629627.20206493
 20
4837108.074584992
 10
629567.5938401464
 20
4837144.745243206
 10
629606.3792583442
 20
4837138.787177863
  0
LWPOLYLINE
  5
2D4
330
17
100
AcDbEntity
  8
ROADS
100
AcDbPolyline
 90
2
 70
0
 10
629629.8821247234
 20
4837134.736893283
 10
629606.3792583442
 20
4837138.787177863
  0
LWPOLYLINE
  5
2D5
330
17
100
AcDbEntity
  8
ROADS
100
AcDbPolyline
 90
2
 70
0
 10
629270.110069587
 20
4837098.25675003
 10
629258.8554451156
 20
4837136.572847144
  0
LWPOLYLINE
  5
2D6
330
17
100
AcDbEntity
  8
ROADS
100
AcDbPolyline
 90
2
 70
0
 10
629224.7448275764
 20
4837086.983660785
 10
629196.3212820587
 20
4837176.21875193
  0
LWPOLYLINE
  5
2D7
330
17
100
AcDbEntity
  8
ROADS
100
AcDbPolyline
 90
3
 70
0
 10
629270.110069587
 20
4837098.25675003
 10
629295.5089464176
 20
4837142.877072771
 10
629333.9193492269
 20
4837171.037563196
  0
LWPOLYLINE
  5
2D8
330
17
100
AcDbEntity
  8
ROADS
100
AcDbPolyline
 90
2
 70
0
 10
629373.2310937066
 20
4837153.725245546
 10
629355.1749843572
 20
4837124.353231551
  0
LWPOLYLINE
  5
2D9
330
17
100
AcDbEntity
  8
ROADS
100
AcDbPolyline
 90
2
 70
0
 10
629373.2310937066
 20
4837153.725245546
 10
629348.7213121363
 20
4837172.146300433
  0
LWPOLYLINE
  5
2DA
330
17
100
AcDbEntity
  8
ROADS
100
AcDbPolyline
 90
2
 70
0
 10
629196.3212820587
 20
4837176.21875193
 10
629148.8575197909
 20
4837161.704487511
  0
LWPOLYLINE
  5
2DB
330
17
100
AcDbEntity
  8
ROADS
100
AcDbPolyline
 90
2
 70
0
 10
629333.9193492269
 20
4837171.037563196
 10
629348.7213121363
 20
4837172.146300433
  0
LWPOLYLINE
  5
2DC
330
17
100
AcDbEntity
  8
ROADS
100
AcDbPolyline
 90
2
 70
0
 10
629333.9193492269
 20
4837171.037563196
 10
629336.2663966997
 20
4837186.05803119
  0
LWPOLYLINE
  5
2DD
330
17
100
AcDbEntity
  8
ROADS
100
AcDbPolyline
 90
2
 70
0
 10
629348.7213121363
 20
4837172.146300433
 10
629336.2663966997
 20
4837186.05803119
  0
LWPOLYLINE
  5
2DE
330
17
100
AcDbEntity
  8
ROADS
100
AcDbPolyline
 90
3
 70
0
 10
629148.8575197909
 20
4837161.704487511
 10
629133.3222655916
 20
4837207.670680727
 10
629120.4271748968
 20
4837203.922245596
  0
LWPOLYLINE
  5
2DF
330
17
100
AcDbEntity
  8
ROADS
100
AcDbPolyline
 90
2
 70
0
 10
629629.8821247234
 20
4837134.736893283
 10
629633.7843377999
 20
4837145.966233379
  0
LWPOLYLINE
  5
2E0
330
17
100
AcDbEntity
  8
ROADS
100
AcDbPolyline
 90
2
 70
0
 10
629606.3792583442
 20
4837138.787177863
 10
629633.7843377999
 20
4837145.966233379
  0
LWPOLYLINE
  5
2E1
330
17
100
AcDbEntity
  8
ROADS
100
AcDbPolyline
 90
2
 70
0
 10
629502.3540426628
 20
4837163.674831921
 10
629355.1749843572
 20
4837124.353231551
  0
LWPOLYLINE
  5
2E2
330
17
100
AcDbEntity
  8
ROADS
100
AcDbPolyline
 90
2
 70
0
 10
629606.3792583442
 20
4837138.787177863
 10
629526.3445813315
 20
4837167.496911497
  0
LWPOLYLINE
  5
2E3
330
17
100
AcDbEntity
  8
ROADS
100
AcDbPolyline
 90
2
 70
0
 10
629502.3540426628
 20
4837163.674831921
 10
629373.2310937066
 20
4837153.725245546
  0
LWPOLYLINE
  5
2E4
330
17
100
AcDbEntity
  8
ROADS
100
AcDbPolyline
 90
2
 70
0
 10
629633.7843377999
 20
4837145.966233379
 10
629744.6891696893
 20
4837179.416023778
  0
LWPOLYLINE
  5
2E5
330
17
100
AcDbEntity
  8
ROADS
100
AcDbPolyline
 90
2
 70
0
 10
629526.3445813315
 20
4837167.496911497
 10
629502.3540426628
 20
4837163.674831921
  0
LWPOLYLINE
  5
2E6
330
17
100
AcDbEntity
  8
ROADS
100
AcDbPolyline
 90
2
 70
0
 10
629373.2310937066
 20
4837153.725245546
 10
629428.0654819034
 20
4837179.239554613
  0
LWPOLYLINE
  5
2E7
330
17
100
AcDbEntity
  8
ROADS
100
AcDbPolyline
 90
2
 70
0
 10
629580.8406491242
 20
4837184.678540568
 10
629526.3445813315
 20
4837167.496911497
  0
LWPOLYLINE
  5
2E8
330
17
100
AcDbEntity
  8
ROADS
100
AcDbPolyline
 90
2
 70
0
 10
629603.9173221402
 20
4837190.37022642
 10
629606.4832665303
 20
4837180.428938529
  0
LWPOLYLINE
  5
2E9
330
17
100
AcDbEntity
  8
ROADS
100
AcDbPolyline
 90
2
 70
0
 10
629603.9173221402
 20
4837190.37022642
 10
629580.8406491242
 20
4837184.678540568
  0
LWPOLYLINE
  5
2EA
330
17
100
AcDbEntity
  8
ROADS
100
AcDbPolyline
 90
2
 70
0
 10
629428.0654819034
 20
4837179.239554613
 10
629414.9255225012
 20
4837196.773149309
  0
LWPOLYLINE
  5
2EB
330
17
100
AcDbEntity
  8
ROADS
100
AcDbPolyline
 90
2
 70
0
 10
629684.3615311901
 20
4837222.990152571
 10
629603.9173221402
 20
4837190.37022642
  0
LWPOLYLINE
  5
2EC
330
17
100
AcDbEntity
  8
ROADS
100
AcDbPolyline
 90
4
 70
0
 10
629577.3675165509
 20
4837239.64153297
 10
629548.6479463431
 20
4837243.434457945
 10
629507.1385187656
 20
4837206.027265257
 10
629428.0654819034
 20
4837179.239554613
  0
LWPOLYLINE
  5
2ED
330
17
100
AcDbEntity
  8
ROADS
100
AcDbPolyline
 90
2
 70
0
 10
629580.8406491242
 20
4837184.678540568
 10
629577.3675165509
 20
4837239.64153297
  0
LWPOLYLINE
  5
2EE
330
17
100
AcDbEntity
  8
ROADS
100
AcDbPolyline
 90
2
 70
0
 10
629606.4040702324
 20
4837234.634255354
 10
629684.3615311901
 20
4837222.990152571
  0
LWPOLYLINE
  5
2EF
330
17
100
AcDbEntity
  8
ROADS
100
AcDbPolyline
 90
2
 70
0
 10
629518.4559510718
 20
4837249.733928989
 10
629397.4008135509
 20
4837212.451326233
  0
LWPOLYLINE
  5
2F0
330
17
100
AcDbEntity
  8
ROADS
100
AcDbPolyline
 90
2
 70
0
 10
629577.3675165509
 20
4837239.64153297
 10
629606.4040702324
 20
4837234.634255354
  0
LWPOLYLINE
  5
2F1
330
17
100
AcDbEntity
  8
ROADS
100
AcDbPolyline
 90
2
 70
0
 10
629518.4559510718
 20
4837249.733928989
 10
629520.9408429709
 20
4837238.468087109
  0
LWPOLYLINE
  5
2F2
330
17
100
AcDbEntity
  8
ROADS
100
AcDbPolyline
 90
2
 70
0
 10
629606.4040702324
 20
4837234.634255354
 10
629762.4652898253
 20
4837287.701006014
  0
LWPOLYLINE
  5
2F3
330
17
100
AcDbEntity
  8
ROADS
100
AcDbPolyline
 90
2
 70
0
 10
629336.2663966997
 20
4837186.05803119
 10
629325.4136585423
 20
4837186.140788124
  0
LWPOLYLINE
  5
2F4
330
17
100
AcDbEntity
  8
ROADS
100
AcDbPolyline
 90
2
 70
0
 10
629196.3212820587
 20
4837176.21875193
 10
629185.0778539502
 20
4837211.426829534
  0
LWPOLYLINE
  5
2F5
330
17
100
AcDbEntity
  8
ROADS
100
AcDbPolyline
 90
2
 70
0
 10
629336.2663966997
 20
4837186.05803119
 10
629312.9057296218
 20
4837251.289057666
  0
LWPOLYLINE
  5
2F6
330
17
100
AcDbEntity
  8
ROADS
100
AcDbPolyline
 90
2
 70
0
 10
629120.4271748968
 20
4837203.922245596
 10
629106.1591181648
 20
4837250.877414813
  0
LWPOLYLINE
  5
2F7
330
17
100
AcDbEntity
  8
ROADS
100
AcDbPolyline
 90
2
 70
0
 10
629312.9057296218
 20
4837251.289057666
 10
629185.0778539502
 20
4837211.426829534
  0
LWPOLYLINE
  5
2F8
330
17
100
AcDbEntity
  8
ROADS
100
AcDbPolyline
 90
2
 70
0
 10
629185.0778539502
 20
4837211.426829534
 10
629164.1147430631
 20
4837268.949657185
  0
LWPOLYLINE
  5
2F9
330
17
100
AcDbEntity
  8
ROADS
100
AcDbPolyline
 90
2
 70
0
 10
629118.7847692968
 20
4837254.814992111
 10
629106.1591181648
 20
4837250.877414813
  0
LWPOLYLINE
  5
2FA
330
17
100
AcDbEntity
  8
ROADS
100
AcDbPolyline
 90
2
 70
0
 10
629164.1147430631
 20
4837268.949657185
 10
629118.7847692968
 20
4837254.814992111
  0
LWPOLYLINE
  5
2FB
330
17
100
AcDbEntity
  8
ROADS
100
AcDbPolyline
 90
2
 70
0
 10
629118.7847692968
 20
4837254.814992111
 10
629114.2076021477
 20
4837288.042472282
  0
LWPOLYLINE
  5
2FC
330
17
100
AcDbEntity
  8
ROADS
100
AcDbPolyline
 90
2
 70
0
 10
629447.8257225194
 20
4837291.616595415
 10
629312.9057296218
 20
4837251.289057666
  0
LWPOLYLINE
  5
2FD
330
17
100
AcDbEntity
  8
ROADS
100
AcDbPolyline
 90
2
 70
0
 10
629120.4271748968
 20
4837203.922245596
 10
628979.3260445165
 20
4837151.862218348
  0
LWPOLYLINE
  5
2FE
330
17
100
AcDbEntity
  8
ROADS
100
AcDbPolyline
 90
2
 70
0
 10
629106.1591181648
 20
4837250.877414813
 10
628930.4353929916
 20
4837172.288510347
  0
LWPOLYLINE
  5
2FF
330
17
100
AcDbEntity
  8
ROADS
100
AcDbPolyline
 90
3
 70
0
 10
628796.659765778
 20
4837242.502151377
 10
628926.796211578
 20
4837284.213218236
 10
628931.4809177204
 20
4837303.491227332
  0
LWPOLYLINE
  5
300
330
17
100
AcDbEntity
  8
ROADS
100
AcDbPolyline
 90
3
 70
0
 10
629118.7847692968
 20
4837254.814992111
 10
629103.0858301237
 20
4837302.200313184
 10
629039.7417683579
 20
4837273.929939915
  0
LWPOLYLINE
  5
301
330
17
100
AcDbEntity
  8
ROADS
100
AcDbPolyline
 90
2
 70
0
 10
628974.3133712395
 20
4837317.339708915
 10
628931.4809177204
 20
4837303.491227332
  0
LWPOLYLINE
  5
302
330
17
100
AcDbEntity
  8
ROADS
100
AcDbPolyline
 90
2
 70
0
 10
629085.6314569045
 20
4837352.810103797
 10
628974.3133712395
 20
4837317.339708915
  0
LWPOLYLINE
  5
303
330
17
100
AcDbEntity
  8
ROADS
100
AcDbPolyline
 90
2
 70
0
 10
628974.3133712395
 20
4837317.339708915
 10
628958.2079158953
 20
4837368.069880436
  0
LWPOLYLINE
  5
304
330
17
100
AcDbEntity
  8
ROADS
100
AcDbPolyline
 90
2
 70
0
 10
628931.4809177204
 20
4837303.491227332
 10
628904.9460815449
 20
4837386.603116409
  0
LWPOLYLINE
  5
305
330
17
100
AcDbEntity
  8
ROADS
100
AcDbPolyline
 90
2
 70
0
 10
629085.6314569045
 20
4837352.810103797
 10
629071.1525719523
 20
4837396.546565426
  0
LWPOLYLINE
  5
306
330
17
100
AcDbEntity
  8
ROADS
100
AcDbPolyline
 90
2
 70
0
 10
629071.1525719523
 20
4837396.546565426
 10
628958.2079158953
 20
4837368.069880436
  0
LWPOLYLINE
  5
307
330
17
100
AcDbEntity
  8
ROADS
100
AcDbPolyline
 90
2
 70
0
 10
628795.7695802164
 20
4835813.549904491
 10
628779.4522123238
 20
4835865.390175856
  0
LWPOLYLINE
  5
308
330
17
100
AcDbEntity
  8
ROADS
100
AcDbPolyline
 90
2
 70
0
 10
628779.4522123238
 20
4835865.390175856
 10
628761.7623558029
 20
4835860.119005485
  0
LWPOLYLINE
  5
309
330
17
100
AcDbEntity
  8
ROADS
100
AcDbPolyline
 90
2
 70
0
 10
628845.4549595658
 20
4835886.168826443
 10
628779.4522123238
 20
4835865.390175856
  0
LWPOLYLINE
  5
30A
330
17
100
AcDbEntity
  8
ROADS
100
AcDbPolyline
 90
2
 70
0
 10
628779.4522123238
 20
4835865.390175856
 10
628747.1650564764
 20
4835961.855375983
  0
LWPOLYLINE
  5
30B
330
17
100
AcDbEntity
  8
ROADS
100
AcDbPolyline
 90
2
 70
0
 10
628868.6381315968
 20
4835997.754421234
 10
628747.1650564764
 20
4835961.855375983
  0
LWPOLYLINE
  5
30C
330
17
100
AcDbEntity
  8
ROADS
100
AcDbPolyline
 90
2
 70
0
 10
628747.1650564764
 20
4835961.855375983
 10
628686.461781468
 20
4836089.250860033
  0
LWPOLYLINE
  5
30D
330
17
100
AcDbEntity
  8
ROADS
100
AcDbPolyline
 90
2
 70
0
 10
628853.228349259
 20
4836045.751031285
 10
628796.1228835839
 20
4836027.534377554
  0
LWPOLYLINE
  5
30E
330
17
100
AcDbEntity
  8
ROADS
100
AcDbPolyline
 90
2
 70
0
 10
628686.461781468
 20
4836089.250860033
 10
628648.7870060388
 20
4836077.592244606
  0
LWPOLYLINE
  5
30F
330
17
100
AcDbEntity
  8
ROADS
100
AcDbPolyline
 90
2
 70
0
 10
628778.2052437565
 20
4836117.99246455
 10
628686.461781468
 20
4836089.250860033
  0
LWPOLYLINE
  5
310
330
17
100
AcDbEntity
  8
ROADS
100
AcDbPolyline
 90
2
 70
0
 10
628872.1470451895
 20
4836148.54995146
 10
628778.2052437565
 20
4836117.99246455
  0
LWPOLYLINE
  5
311
330
17
100
AcDbEntity
  8
ROADS
100
AcDbPolyline
 90
2
 70
0
 10
628686.461781468
 20
4836089.250860033
 10
628657.1036207166
 20
4836177.869948835
  0
LWPOLYLINE
  5
312
330
17
100
AcDbEntity
  8
ROADS
100
AcDbPolyline
 90
2
 70
0
 10
628778.2052437565
 20
4836117.99246455
 10
628760.0112749819
 20
4836178.322539962
  0
LWPOLYLINE
  5
313
330
17
100
AcDbEntity
  8
ROADS
100
AcDbPolyline
 90
2
 70
0
 10
628657.1036207166
 20
4836177.869948835
 10
628609.6810609868
 20
4836162.834251006
  0
LWPOLYLINE
  5
314
330
17
100
AcDbEntity
  8
ROADS
100
AcDbPolyline
 90
4
 70
0
 10
628760.0112749819
 20
4836178.322539962
 10
628733.5857557949
 20
4836179.839536537
 10
628729.9484772712
 20
4836196.314703861
 10
628751.2793776969
 20
4836205.552480679
  0
LWPOLYLINE
  5
315
330
17
100
AcDbEntity
  8
ROADS
100
AcDbPolyline
 90
2
 70
0
 10
628760.0112749819
 20
4836178.322539962
 10
628751.2793776969
 20
4836205.552480679
  0
LWPOLYLINE
  5
316
330
17
100
AcDbEntity
  8
ROADS
100
AcDbPolyline
 90
2
 70
0
 10
628657.1036207166
 20
4836177.869948835
 10
628605.6885227583
 20
4836342.61926437
  0
LWPOLYLINE
  5
317
330
17
100
AcDbEntity
  8
ROADS
100
AcDbPolyline
 90
2
 70
0
 10
628751.2793776969
 20
4836205.552480679
 10
628698.5942612067
 20
4836373.062059397
  0
LWPOLYLINE
  5
318
330
17
100
AcDbEntity
  8
ROADS
100
AcDbPolyline
 90
2
 70
0
 10
628830.6988454008
 20
4836281.593463575
 10
628805.9023024519
 20
4836363.167580724
  0
LWPOLYLINE
  5
319
330
17
100
AcDbEntity
  8
ROADS
100
AcDbPolyline
 90
2
 70
0
 10
628605.6885227583
 20
4836342.61926437
 10
628553.6072260259
 20
4836330.235251245
  0
LWPOLYLINE
  5
31A
330
17
100
AcDbEntity
  8
ROADS
100
AcDbPolyline
 90
2
 70
0
 10
628698.5942612067
 20
4836373.062059397
 10
628605.6885227583
 20
4836342.61926437
  0
LWPOLYLINE
  5
31B
330
17
100
AcDbEntity
  8
ROADS
100
AcDbPolyline
 90
2
 70
0
 10
628805.9023024519
 20
4836363.167580724
 10
628834.5830133564
 20
4836385.744649698
  0
LWPOLYLINE
  5
31C
330
17
100
AcDbEntity
  8
ROADS
100
AcDbPolyline
 90
2
 70
0
 10
628805.9023024519
 20
4836363.167580724
 10
628794.331064188
 20
4836401.521925872
  0
LWPOLYLINE
  5
31D
330
17
100
AcDbEntity
  8
ROADS
100
AcDbPolyline
 90
2
 70
0
 10
628794.331064188
 20
4836401.521925872
 10
628698.5942612067
 20
4836373.062059397
  0
LWPOLYLINE
  5
31E
330
17
100
AcDbEntity
  8
ROADS
100
AcDbPolyline
 90
2
 70
0
 10
628794.331064188
 20
4836401.521925872
 10
628834.5830133564
 20
4836385.744649698
  0
LWPOLYLINE
  5
31F
330
17
100
AcDbEntity
  8
ROADS
100
AcDbPolyline
 90
2
 70
0
 10
628856.5355471838
 20
4836420.197867524
 10
628794.331064188
 20
4836401.521925872
  0
LWPOLYLINE
  5
320
330
17
100
AcDbEntity
  8
ROADS
100
AcDbPolyline
 90
2
 70
0
 10
628605.6885227583
 20
4836342.61926437
 10
628561.3636422096
 20
4836490.675626185
  0
LWPOLYLINE
  5
321
330
17
100
AcDbEntity
  8
ROADS
100
AcDbPolyline
 90
2
 70
0
 10
628561.3636422096
 20
4836490.675626185
 10
628520.2483530438
 20
4836477.8609004505
  0
LWPOLYLINE
  5
322
330
17
100
AcDbEntity
  8
ROADS
100
AcDbPolyline
 90
2
 70
0
 10
628561.3636422096
 20
4836490.675626185
 10
628496.7898468871
 20
4836697.961403686
  0
LWPOLYLINE
  5
323
330
17
100
AcDbEntity
  8
ROADS
100
AcDbPolyline
 90
2
 70
0
 10
628698.5942612067
 20
4836373.062059397
 10
628591.8569166367
 20
4836726.707575202
  0
LWPOLYLINE
  5
324
330
17
100
AcDbEntity
  8
ROADS
100
AcDbPolyline
 90
2
 70
0
 10
628794.331064188
 20
4836401.521925872
 10
628685.687383931
 20
4836755.78410568
  0
LWPOLYLINE
  5
325
330
17
100
AcDbEntity
  8
ROADS
100
AcDbPolyline
 90
2
 70
0
 10
628638.3018919282
 20
4836741.092325276
 10
628591.8569166367
 20
4836726.707575202
  0
LWPOLYLINE
  5
326
330
17
100
AcDbEntity
  8
ROADS
100
AcDbPolyline
 90
2
 70
0
 10
628685.687383931
 20
4836755.78410568
 10
628638.3018919282
 20
4836741.092325276
  0
LWPOLYLINE
  5
327
330
17
100
AcDbEntity
  8
ROADS
100
AcDbPolyline
 90
2
 70
0
 10
628809.9114536701
 20
4836793.844820203
 10
628685.687383931
 20
4836755.78410568
  0
LWPOLYLINE
  5
328
330
17
100
AcDbEntity
  8
ROADS
100
AcDbPolyline
 90
2
 70
0
 10
628638.3018919282
 20
4836741.092325276
 10
628597.5716989185
 20
4836874.513683171
  0
LWPOLYLINE
  5
329
330
17
100
AcDbEntity
  8
ROADS
100
AcDbPolyline
 90
2
 70
0
 10
628809.9114536701
 20
4836793.844820203
 10
628713.8611124976
 20
4836987.403932817
  0
LWPOLYLINE
  5
32A
330
17
100
AcDbEntity
  8
ROADS
100
AcDbPolyline
 90
2
 70
0
 10
628685.687383931
 20
4836755.78410568
 10
628595.1643271685
 20
4837051.54986239
  0
LWPOLYLINE
  5
32B
330
17
100
AcDbEntity
  8
ROADS
100
AcDbPolyline
 90
4
 70
0
 10
628901.3829651594
 20
4836822.083677
 10
628870.5375402626
 20
4836904.561457985
 10
628791.467639677
 20
4837007.569584075
 10
628713.8611124976
 20
4836987.403932817
  0
LWPOLYLINE
  5
32C
330
17
100
AcDbEntity
  8
ROADS
100
AcDbPolyline
 90
2
 70
0
 10
628640.9730462024
 20
4837065.83514599
 10
628701.0283226864
 20
4836878.895675414
  0
LWPOLYLINE
  5
32D
330
17
100
AcDbEntity
  8
ROADS
100
AcDbPolyline
 90
2
 70
0
 10
628591.8569166367
 20
4836726.707575202
 10
628496.7946712567
 20
4836699.042352031
  0
LWPOLYLINE
  5
32E
330
17
100
AcDbEntity
  8
ROADS
100
AcDbPolyline
 90
2
 70
0
 10
628591.8569166367
 20
4836726.707575202
 10
628533.8696008006
 20
4836915.514638503
  0
LWPOLYLINE
  5
32F
330
17
100
AcDbEntity
  8
ROADS
100
AcDbPolyline
 90
2
 70
0
 10
628713.8611124976
 20
4836987.403932817
 10
628686.3539131396
 20
4837080.055692417
  0
LWPOLYLINE
  5
330
330
17
100
AcDbEntity
  8
ROADS
100
AcDbPolyline
 90
2
 70
0
 10
628640.9730462024
 20
4837065.83514599
 10
628595.1643271685
 20
4837051.54986239
  0
LWPOLYLINE
  5
331
330
17
100
AcDbEntity
  8
ROADS
100
AcDbPolyline
 90
2
 70
0
 10
628686.3539131396
 20
4837080.055692417
 10
628640.9730462024
 20
4837065.83514599
  0
LWPOLYLINE
  5
332
330
17
100
AcDbEntity
  8
ROADS
100
AcDbPolyline
 90
2
 70
0
 10
628595.1643271685
 20
4837051.54986239
 10
628593.6825456519
 20
4837056.296602446
  0
LWPOLYLINE
  5
333
330
17
100
AcDbEntity
  8
ROADS
100
AcDbPolyline
 90
2
 70
0
 10
628768.5586584092
 20
4837105.036832597
 10
628686.3539131396
 20
4837080.055692417
  0
LWPOLYLINE
  5
334
330
17
100
AcDbEntity
  8
ROADS
100
AcDbPolyline
 90
2
 70
0
 10
628824.0435218746
 20
4837126.042550484
 10
628768.5586584092
 20
4837105.036832597
  0
LWPOLYLINE
  5
335
330
17
100
AcDbEntity
  8
ROADS
100
AcDbPolyline
 90
2
 70
0
 10
628768.5586584092
 20
4837105.036832597
 10
628743.9869187243
 20
4837167.477668132
  0
LWPOLYLINE
  5
336
330
17
100
AcDbEntity
  8
ROADS
100
AcDbPolyline
 90
2
 70
0
 10
628743.9869187243
 20
4837167.477668132
 10
628733.594639711
 20
4837216.949039112
  0
LWPOLYLINE
  5
337
330
17
100
AcDbEntity
  8
ROADS
100
AcDbPolyline
 90
2
 70
0
 10
628733.594639711
 20
4837216.949039112
 10
628700.2216184069
 20
4837207.55649486
  0
LWPOLYLINE
  5
338
330
17
100
AcDbEntity
  8
ROADS
100
AcDbPolyline
 90
2
 70
0
 10
628595.1643271685
 20
4837051.54986239
 10
628590.1764020271
 20
4837050.027795884
  0
LWPOLYLINE
  5
339
330
17
100
AcDbEntity
  8
ROADS
100
AcDbPolyline
 90
2
 70
0
 10
628796.659765778
 20
4837242.502151377
 10
628733.594639711
 20
4837216.949039112
  0
LWPOLYLINE
  5
33A
330
17
100
AcDbEntity
  8
ROADS
100
AcDbPolyline
 90
2
 70
0
 10
628733.594639711
 20
4837216.949039112
 10
628736.8327075623
 20
4837245.812249247
  0
LWPOLYLINE
  5
33B
330
17
100
AcDbEntity
  8
ROADS
100
AcDbPolyline
 90
2
 70
0
 10
628796.659765778
 20
4837242.502151377
 10
628792.4242585683
 20
4837255.565432261
  0
LWPOLYLINE
  5
33C
330
17
100
AcDbEntity
  8
ROADS
100
AcDbPolyline
 90
2
 70
0
 10
630241.1016223363
 20
4836833.245971353
 10
630179.561359116
 20
4836886.663998239
  0
LWPOLYLINE
  5
33D
330
17
100
AcDbEntity
  8
ROADS
100
AcDbPolyline
 90
2
 70
0
 10
630082.3471205995
 20
4836857.926147764
 10
630160.1183376905
 20
4836888.690574064
  0
LWPOLYLINE
  5
33E
330
17
100
AcDbEntity
  8
ROADS
100
AcDbPolyline
 90
2
 70
0
 10
630179.561359116
 20
4836886.663998239
 10
630270.4435334988
 20
4836882.255010918
  0
LWPOLYLINE
  5
33F
330
17
100
AcDbEntity
  8
ROADS
100
AcDbPolyline
 90
2
 70
0
 10
630160.1183376905
 20
4836888.690574064
 10
630179.561359116
 20
4836886.663998239
  0
LWPOLYLINE
  5
340
330
17
100
AcDbEntity
  8
ROADS
100
AcDbPolyline
 90
2
 70
0
 10
630270.4435334988
 20
4836882.255010918
 10
630320.9096351893
 20
4836973.754056666
  0
LWPOLYLINE
  5
341
330
17
100
AcDbEntity
  8
ROADS
100
AcDbPolyline
 90
3
 70
0
 10
630027.9795174823
 20
4837082.664902581
 10
630048.7412069666
 20
4836968.56328598
 10
630160.1183376905
 20
4836888.690574064
  0
LWPOLYLINE
  5
342
330
17
100
AcDbEntity
  8
ROADS
100
AcDbPolyline
 90
3
 70
0
 10
630198.078946992
 20
4836954.22962315
 10
630237.3373962241
 20
4836977.033119727
 10
630257.7003947883
 20
4837019.696360626
  0
LWPOLYLINE
  5
343
330
17
100
AcDbEntity
  8
ROADS
100
AcDbPolyline
 90
2
 70
0
 10
630320.9096351893
 20
4836973.754056666
 10
630257.7003947883
 20
4837019.696360626
  0
LWPOLYLINE
  5
344
330
17
100
AcDbEntity
  8
ROADS
100
AcDbPolyline
 90
2
 70
0
 10
630320.9096351893
 20
4836973.754056666
 10
630372.1427408339
 20
4837073.882115908
  0
LWPOLYLINE
  5
345
330
17
100
AcDbEntity
  8
ROADS
100
AcDbPolyline
 90
3
 70
0
 10
630257.7003947883
 20
4837019.696360626
 10
630189.9033513638
 20
4837034.585487016
 10
630160.9945455849
 20
4837084.565285645
  0
LWPOLYLINE
  5
346
330
17
100
AcDbEntity
  8
ROADS
100
AcDbPolyline
 90
2
 70
0
 10
629960.2270555142
 20
4836803.422163052
 10
629834.6539049284
 20
4836807.036838031
  0
LWPOLYLINE
  5
347
330
17
100
AcDbEntity
  8
ROADS
100
AcDbPolyline
 90
2
 70
0
 10
629724.6863193884
 20
4836799.621918829
 10
629732.385195228
 20
4836824.821879472
  0
LWPOLYLINE
  5
348
330
17
100
AcDbEntity
  8
ROADS
100
AcDbPolyline
 90
2
 70
0
 10
629834.6539049284
 20
4836807.036838031
 10
629732.385195228
 20
4836824.821879472
  0
LWPOLYLINE
  5
349
330
17
100
AcDbEntity
  8
ROADS
100
AcDbPolyline
 90
2
 70
0
 10
629732.385195228
 20
4836824.821879472
 10
629696.4061796193
 20
4836861.848884777
  0
LWPOLYLINE
  5
34A
330
17
100
AcDbEntity
  8
ROADS
100
AcDbPolyline
 90
2
 70
0
 10
629696.4061796193
 20
4836861.848884777
 10
629755.04330793
 20
4836880.317440246
  0
LWPOLYLINE
  5
34B
330
17
100
AcDbEntity
  8
ROADS
100
AcDbPolyline
 90
2
 70
0
 10
629834.6539049284
 20
4836807.036838031
 10
629782.3924235773
 20
4836949.932815623
  0
LWPOLYLINE
  5
34C
330
17
100
AcDbEntity
  8
ROADS
100
AcDbPolyline
 90
2
 70
0
 10
629960.2270555142
 20
4836803.422163052
 10
629892.2064416313
 20
4837025.01474494
  0
LWPOLYLINE
  5
34D
330
17
100
AcDbEntity
  8
ROADS
100
AcDbPolyline
 90
2
 70
0
 10
629782.3924235773
 20
4836949.932815623
 10
629698.1121380386
 20
4836923.46600912
  0
LWPOLYLINE
  5
34E
330
17
100
AcDbEntity
  8
ROADS
100
AcDbPolyline
 90
2
 70
0
 10
629782.3924235773
 20
4836949.932815623
 10
629769.5324350747
 20
4836986.050794417
  0
LWPOLYLINE
  5
34F
330
17
100
AcDbEntity
  8
ROADS
100
AcDbPolyline
 90
6
 70
0
 10
629912.575192608
 20
4837121.581826275
 10
629976.0138607915
 20
4837116.675621144
 10
630010.8919310534
 20
4836990.386423308
 10
630038.2792635328
 20
4836946.287542118
 10
630078.2927671932
 20
4836915.279883768
 10
630160.1183376905
 20
4836888.690574064
  0
LWPOLYLINE
  5
350
330
17
100
AcDbEntity
  8
ROADS
100
AcDbPolyline
 90
2
 70
0
 10
630503.092332375
 20
4836979.247713787
 10
630575.4312105976
 20
4837000.557295034
  0
LWPOLYLINE
  5
351
330
17
100
AcDbEntity
  8
ROADS
100
AcDbPolyline
 90
2
 70
0
 10
630786.8511633247
 20
4836981.883888486
 10
630762.9771192067
 20
4837060.817923349
  0
LWPOLYLINE
  5
352
330
17
100
AcDbEntity
  8
ROADS
100
AcDbPolyline
 90
2
 70
0
 10
630575.4312105976
 20
4837000.557295034
 10
630762.9771192067
 20
4837060.817923349
  0
LWPOLYLINE
  5
353
330
17
100
AcDbEntity
  8
ROADS
100
AcDbPolyline
 90
2
 70
0
 10
630575.4312105976
 20
4837000.557295034
 10
630539.8127026958
 20
4837144.67159814
  0
LWPOLYLINE
  5
354
330
17
100
AcDbEntity
  8
ROADS
100
AcDbPolyline
 90
2
 70
0
 10
630372.1427408339
 20
4837073.882115908
 10
630415.3299996918
 20
4837158.539607529
  0
LWPOLYLINE
  5
355
330
17
100
AcDbEntity
  8
ROADS
100
AcDbPolyline
 90
3
 70
0
 10
630415.3299996918
 20
4837158.539607529
 10
630465.308825967
 20
4837126.06403274
 10
630539.8127026958
 20
4837144.67159814
  0
LWPOLYLINE
  5
356
330
17
100
AcDbEntity
  8
ROADS
100
AcDbPolyline
 90
2
 70
0
 10
630762.9771192067
 20
4837060.817923349
 10
630708.0741506747
 20
4837232.473077981
  0
LWPOLYLINE
  5
357
330
17
100
AcDbEntity
  8
ROADS
100
AcDbPolyline
 90
2
 70
0
 10
630539.8127026958
 20
4837144.67159814
 10
630532.9353937448
 20
4837187.796339212
  0
LWPOLYLINE
  5
358
330
17
100
AcDbEntity
  8
ROADS
100
AcDbPolyline
 90
2
 70
0
 10
630415.3299996918
 20
4837158.539607529
 10
630468.8588310715
 20
4837222.523144815
  0
LWPOLYLINE
  5
359
330
17
100
AcDbEntity
  8
ROADS
100
AcDbPolyline
 90
2
 70
0
 10
630532.9353937448
 20
4837187.796339212
 10
630625.738316017
 20
4837217.977656744
  0
LWPOLYLINE
  5
35A
330
17
100
AcDbEntity
  8
ROADS
100
AcDbPolyline
 90
2
 70
0
 10
629864.0291375683
 20
4837103.20269944
 10
629820.004963555
 20
4837088.91263034
  0
LWPOLYLINE
  5
35B
330
17
100
AcDbEntity
  8
ROADS
100
AcDbPolyline
 90
2
 70
0
 10
629922.6269437108
 20
4837087.762217982
 10
629912.575192608
 20
4837121.581826275
  0
LWPOLYLINE
  5
35C
330
17
100
AcDbEntity
  8
ROADS
100
AcDbPolyline
 90
2
 70
0
 10
629864.0291375683
 20
4837103.20269944
 10
629912.575192608
 20
4837121.581826275
  0
LWPOLYLINE
  5
35D
330
17
100
AcDbEntity
  8
ROADS
100
AcDbPolyline
 90
2
 70
0
 10
629864.0291375683
 20
4837103.20269944
 10
629854.7044008317
 20
4837134.259254632
  0
LWPOLYLINE
  5
35E
330
17
100
AcDbEntity
  8
ROADS
100
AcDbPolyline
 90
2
 70
0
 10
629854.7044008317
 20
4837134.259254632
 10
629783.2565766143
 20
4837112.516770039
  0
LWPOLYLINE
  5
35F
330
17
100
AcDbEntity
  8
ROADS
100
AcDbPolyline
 90
2
 70
0
 10
629854.7044008317
 20
4837134.259254632
 10
629842.3781160996
 20
4837175.316230427
  0
LWPOLYLINE
  5
360
330
17
100
AcDbEntity
  8
ROADS
100
AcDbPolyline
 90
2
 70
0
 10
629842.3781160996
 20
4837175.316230427
 10
629767.1820812215
 20
4837159.654383269
  0
LWPOLYLINE
  5
361
330
17
100
AcDbEntity
  8
ROADS
100
AcDbPolyline
 90
2
 70
0
 10
629744.6891696893
 20
4837179.416023778
 10
629766.6414373771
 20
4837180.094030265
  0
LWPOLYLINE
  5
362
330
17
100
AcDbEntity
  8
ROADS
100
AcDbPolyline
 90
4
 70
0
 10
630027.9795174823
 20
4837082.664902581
 10
630009.2500703259
 20
4837145.6606587665
 10
629950.897521205
 20
4837188.654503168
 10
629896.9068015601
 20
4837279.288543605
  0
LWPOLYLINE
  5
363
330
17
100
AcDbEntity
  8
ROADS
100
AcDbPolyline
 90
2
 70
0
 10
629842.3781160996
 20
4837175.316230427
 10
629819.1685930467
 20
4837248.639654349
  0
LWPOLYLINE
  5
364
330
17
100
AcDbEntity
  8
ROADS
100
AcDbPolyline
 90
3
 70
0
 10
630372.1427408339
 20
4837073.882115908
 10
630277.3644288033
 20
4837102.6698358925
 10
630240.4227874059
 20
4837151.004269444
  0
LWPOLYLINE
  5
365
330
17
100
AcDbEntity
  8
ROADS
100
AcDbPolyline
 90
2
 70
0
 10
630160.9945455849
 20
4837084.565285645
 10
630240.4227874059
 20
4837151.004269444
  0
LWPOLYLINE
  5
366
330
17
100
AcDbEntity
  8
ROADS
100
AcDbPolyline
 90
2
 70
0
 10
630160.9945455849
 20
4837084.565285645
 10
630113.2217891352
 20
4837221.291095014
  0
LWPOLYLINE
  5
367
330
17
100
AcDbEntity
  8
ROADS
100
AcDbPolyline
 90
4
 70
0
 10
630027.9795174823
 20
4837082.664902581
 10
630046.842733343
 20
4837128.1292010555
 10
630041.4139855593
 20
4837192.796590835
 10
630086.8631801263
 20
4837234.38337797
  0
LWPOLYLINE
  5
368
330
17
100
AcDbEntity
  8
ROADS
100
AcDbPolyline
 90
2
 70
0
 10
630240.4227874059
 20
4837151.004269444
 10
630210.7357174524
 20
4837248.055332846
  0
LWPOLYLINE
  5
369
330
17
100
AcDbEntity
  8
ROADS
100
AcDbPolyline
 90
2
 70
0
 10
630113.2217891352
 20
4837221.291095014
 10
630086.8631801263
 20
4837234.38337797
  0
LWPOLYLINE
  5
36A
330
17
100
AcDbEntity
  8
ROADS
100
AcDbPolyline
 90
2
 70
0
 10
630210.7357174524
 20
4837248.055332846
 10
630113.2217891352
 20
4837221.291095014
  0
LWPOLYLINE
  5
36B
330
17
100
AcDbEntity
  8
ROADS
100
AcDbPolyline
 90
2
 70
0
 10
630086.8631801263
 20
4837234.38337797
 10
630067.2962912539
 20
4837324.3848985955
  0
LWPOLYLINE
  5
36C
330
17
100
AcDbEntity
  8
ROADS
100
AcDbPolyline
 90
2
 70
0
 10
630210.7357174524
 20
4837248.055332846
 10
630191.2597876415
 20
4837351.828507386
  0
LWPOLYLINE
  5
36D
330
17
100
AcDbEntity
  8
ROADS
100
AcDbPolyline
 90
3
 70
0
 10
630067.2962912539
 20
4837324.3848985955
 10
630106.5342519674
 20
4837316.355881213
 10
630191.2597876415
 20
4837351.828507386
  0
LWPOLYLINE
  5
36E
330
17
100
AcDbEntity
  8
ROADS
100
AcDbPolyline
 90
2
 70
0
 10
629819.1685930467
 20
4837248.639654349
 10
629744.6891696893
 20
4837179.416023778
  0
LWPOLYLINE
  5
36F
330
17
100
AcDbEntity
  8
ROADS
100
AcDbPolyline
 90
2
 70
0
 10
629773.6491182367
 20
4837251.310709927
 10
629684.3615311901
 20
4837222.990152571
  0
LWPOLYLINE
  5
370
330
17
100
AcDbEntity
  8
ROADS
100
AcDbPolyline
 90
2
 70
0
 10
629819.1685930467
 20
4837248.639654349
 10
629814.6761201244
 20
4837263.74547094
  0
LWPOLYLINE
  5
371
330
17
100
AcDbEntity
  8
ROADS
100
AcDbPolyline
 90
2
 70
0
 10
629814.6761201244
 20
4837263.74547094
 10
629773.6491182367
 20
4837251.310709927
  0
LWPOLYLINE
  5
372
330
17
100
AcDbEntity
  8
ROADS
100
AcDbPolyline
 90
2
 70
0
 10
629819.1685930467
 20
4837248.639654349
 10
629896.9068015601
 20
4837279.288543605
  0
LWPOLYLINE
  5
373
330
17
100
AcDbEntity
  8
ROADS
100
AcDbPolyline
 90
2
 70
0
 10
629773.6491182367
 20
4837251.310709927
 10
629762.4652898253
 20
4837287.701006014
  0
LWPOLYLINE
  5
374
330
17
100
AcDbEntity
  8
ROADS
100
AcDbPolyline
 90
2
 70
0
 10
629814.6761201244
 20
4837263.74547094
 10
629803.2296733845
 20
4837299.837001282
  0
LWPOLYLINE
  5
375
330
17
100
AcDbEntity
  8
ROADS
100
AcDbPolyline
 90
2
 70
0
 10
629803.2296733845
 20
4837299.837001282
 10
629762.4652898253
 20
4837287.701006014
  0
LWPOLYLINE
  5
376
330
17
100
AcDbEntity
  8
ROADS
100
AcDbPolyline
 90
2
 70
0
 10
629896.9068015601
 20
4837279.288543605
 10
630067.2962912539
 20
4837324.3848985955
  0
LWPOLYLINE
  5
377
330
17
100
AcDbEntity
  8
ROADS
100
AcDbPolyline
 90
2
 70
0
 10
629762.4652898253
 20
4837287.701006014
 10
629751.6915587797
 20
4837322.483603742
  0
LWPOLYLINE
  5
378
330
17
100
AcDbEntity
  8
ROADS
100
AcDbPolyline
 90
3
 70
0
 10
630468.8588310715
 20
4837222.523144815
 10
630490.8411170501
 20
4837197.653863501
 10
630532.9353937448
 20
4837187.796339212
  0
LWPOLYLINE
  5
379
330
17
100
AcDbEntity
  8
ROADS
100
AcDbPolyline
 90
2
 70
0
 10
630625.738316017
 20
4837217.977656744
 10
630708.0741506747
 20
4837232.473077981
  0
LWPOLYLINE
  5
37A
330
17
100
AcDbEntity
  8
ROADS
100
AcDbPolyline
 90
2
 70
0
 10
630446.0991647652
 20
4837250.396580795
 10
630468.8588310715
 20
4837222.523144815
  0
LWPOLYLINE
  5
37B
330
17
100
AcDbEntity
  8
ROADS
100
AcDbPolyline
 90
3
 70
0
 10
630625.738316017
 20
4837217.977656744
 10
630625.5435111686
 20
4837258.612067712
 10
630604.9154969662
 20
4837279.710572656
  0
LWPOLYLINE
  5
37C
330
17
100
AcDbEntity
  8
ROADS
100
AcDbPolyline
 90
2
 70
0
 10
630446.0991647652
 20
4837250.396580795
 10
630491.9869354737
 20
4837273.92805946
  0
LWPOLYLINE
  5
37D
330
17
100
AcDbEntity
  8
ROADS
100
AcDbPolyline
 90
3
 70
0
 10
630708.0741506747
 20
4837232.473077981
 10
630751.7319411718
 20
4837264.236344564
 10
630771.8264363307
 20
4837316.769529747
  0
LWPOLYLINE
  5
37E
330
17
100
AcDbEntity
  8
ROADS
100
AcDbPolyline
 90
2
 70
0
 10
630604.9154969662
 20
4837279.710572656
 10
630687.0762354647
 20
4837304.88311478
  0
LWPOLYLINE
  5
37F
330
17
100
AcDbEntity
  8
ROADS
100
AcDbPolyline
 90
2
 70
0
 10
630687.0762354647
 20
4837304.88311478
 10
630696.0538996896
 20
4837298.744014838
  0
LWPOLYLINE
  5
380
330
17
100
AcDbEntity
  8
ROADS
100
AcDbPolyline
 90
2
 70
0
 10
630604.9154969662
 20
4837279.710572656
 10
630554.8360237273
 20
4837328.809515344
  0
LWPOLYLINE
  5
381
330
17
100
AcDbEntity
  8
ROADS
100
AcDbPolyline
 90
3
 70
0
 10
630532.9353937448
 20
4837187.796339212
 10
630537.9669013434
 20
4837321.8919692775
 10
630521.0906428441
 20
4837425.470238477
  0
LWPOLYLINE
  5
382
330
17
100
AcDbEntity
  8
ROADS
100
AcDbPolyline
 90
2
 70
0
 10
630771.8264363307
 20
4837316.769529747
 10
630807.142890155
 20
4837326.563876471
  0
LWPOLYLINE
  5
383
330
17
100
AcDbEntity
  8
ROADS
100
AcDbPolyline
 90
3
 70
0
 10
630374.1486293173
 20
4837412.778100572
 10
630393.4850924385
 20
4837321.474242277
 10
630446.0991647652
 20
4837250.396580795
  0
LWPOLYLINE
  5
384
330
17
100
AcDbEntity
  8
ROADS
100
AcDbPolyline
 90
2
 70
0
 10
630687.0762354647
 20
4837304.88311478
 10
630580.2181744196
 20
4837364.294064105
  0
LWPOLYLINE
  5
385
330
17
100
AcDbEntity
  8
ROADS
100
AcDbPolyline
 90
3
 70
0
 10
630711.1860800093
 20
4837384.06683429
 10
630759.5522727472
 20
4837353.614248503
 10
630771.8264363307
 20
4837316.769529747
  0
LWPOLYLINE
  5
386
330
17
100
AcDbEntity
  8
ROADS
100
AcDbPolyline
 90
2
 70
0
 10
630546.4460227233
 20
4837412.5548237525
 10
630711.1860800093
 20
4837384.06683429
  0
LWPOLYLINE
  5
387
330
17
100
AcDbEntity
  8
ROADS
100
AcDbPolyline
 90
2
 70
0
 10
630521.0906428441
 20
4837425.470238477
 10
630546.4460227233
 20
4837412.5548237525
  0
LWPOLYLINE
  5
388
330
17
100
AcDbEntity
  8
ROADS
100
AcDbPolyline
 90
3
 70
0
 10
630711.1860800093
 20
4837384.06683429
 10
630730.2692887043
 20
4837426.878027985
 10
630764.9397651681
 20
4837441.293836549
  0
LWPOLYLINE
  5
389
330
17
100
AcDbEntity
  8
ROADS
100
AcDbPolyline
 90
3
 70
0
 10
630427.266414986
 20
4837445.73701634
 10
630478.0377281264
 20
4837446.142173262
 10
630521.0906428441
 20
4837425.470238477
  0
LWPOLYLINE
  5
38A
330
17
100
AcDbEntity
  8
ROADS
100
AcDbPolyline
 90
2
 70
0
 10
630368.1483616565
 20
4837430.464858244
 10
630427.266414986
 20
4837445.73701634
  0
LWPOLYLINE
  5
38B
330
17
100
AcDbEntity
  8
ROADS
100
AcDbPolyline
 90
3
 70
0
 10
630546.4460227233
 20
4837412.5548237525
 10
630505.9428814955
 20
4837515.035748798
 10
630477.8818902686
 20
4837547.549632998
  0
LWPOLYLINE
  5
38C
330
17
100
AcDbEntity
  8
ROADS
100
AcDbPolyline
 90
2
 70
0
 10
629803.2296733845
 20
4837299.837001282
 10
629786.8495667496
 20
4837351.374389026
  0
LWPOLYLINE
  5
38D
330
17
100
AcDbEntity
  8
ROADS
100
AcDbPolyline
 90
2
 70
0
 10
629751.6915587797
 20
4837322.483603742
 10
629733.0265302068
 20
4837379.59305082
  0
LWPOLYLINE
  5
38E
330
17
100
AcDbEntity
  8
ROADS
100
AcDbPolyline
 90
2
 70
0
 10
629786.8495667496
 20
4837351.374389026
 10
629871.958295558
 20
4837379.865432698
  0
LWPOLYLINE
  5
38F
330
17
100
AcDbEntity
  8
ROADS
100
AcDbPolyline
 90
2
 70
0
 10
629786.8495667496
 20
4837351.374389026
 10
629773.7170405842
 20
4837391.223685187
  0
LWPOLYLINE
  5
390
330
17
100
AcDbEntity
  8
ROADS
100
AcDbPolyline
 90
2
 70
0
 10
629773.7170405842
 20
4837391.223685187
 10
629733.0265302068
 20
4837379.59305082
  0
LWPOLYLINE
  5
391
330
17
100
AcDbEntity
  8
ROADS
100
AcDbPolyline
 90
2
 70
0
 10
629871.958295558
 20
4837379.865432698
 10
630029.6444781952
 20
4837428.909392866
  0
LWPOLYLINE
  5
392
330
17
100
AcDbEntity
  8
ROADS
100
AcDbPolyline
 90
2
 70
0
 10
629733.0265302068
 20
4837379.59305082
 10
629715.175204803
 20
4837435.062592417
  0
LWPOLYLINE
  5
393
330
17
100
AcDbEntity
  8
ROADS
100
AcDbPolyline
 90
2
 70
0
 10
630029.6444781952
 20
4837428.909392866
 10
630054.8477454699
 20
4837436.181670526
  0
LWPOLYLINE
  5
394
330
17
100
AcDbEntity
  8
ROADS
100
AcDbPolyline
 90
2
 70
0
 10
629773.7170405842
 20
4837391.223685187
 10
629739.8501726934
 20
4837495.987543242
  0
LWPOLYLINE
  5
395
330
17
100
AcDbEntity
  8
ROADS
100
AcDbPolyline
 90
5
 70
0
 10
629871.958295558
 20
4837379.865432698
 10
629865.442554617
 20
4837452.488685215
 10
629877.2240485428
 20
4837474.239259648
 10
629963.618220618
 20
4837512.499273736
 10
630003.9900435365
 20
4837514.048459359
  0
LWPOLYLINE
  5
396
330
17
100
AcDbEntity
  8
ROADS
100
AcDbPolyline
 90
3
 70
0
 10
630067.2962912539
 20
4837324.3848985955
 10
630082.1625818767
 20
4837350.583578665
 10
630054.8477454699
 20
4837436.181670526
  0
LWPOLYLINE
  5
397
330
17
100
AcDbEntity
  8
ROADS
100
AcDbPolyline
 90
3
 70
0
 10
630191.2597876415
 20
4837351.828507386
 10
630289.2639098105
 20
4837375.21141272
 10
630351.8419830095
 20
4837421.9053699095
  0
LWPOLYLINE
  5
398
330
17
100
AcDbEntity
  8
ROADS
100
AcDbPolyline
 90
2
 70
0
 10
630374.1486293173
 20
4837412.778100572
 10
630351.8419830095
 20
4837421.9053699095
  0
LWPOLYLINE
  5
399
330
17
100
AcDbEntity
  8
ROADS
100
AcDbPolyline
 90
2
 70
0
 10
630368.1483616565
 20
4837430.464858244
 10
630374.1486293173
 20
4837412.778100572
  0
LWPOLYLINE
  5
39A
330
17
100
AcDbEntity
  8
ROADS
100
AcDbPolyline
 90
2
 70
0
 10
630351.8419830095
 20
4837421.9053699095
 10
630368.1483616565
 20
4837430.464858244
  0
LWPOLYLINE
  5
39B
330
17
100
AcDbEntity
  8
ROADS
100
AcDbPolyline
 90
2
 70
0
 10
630054.8477454699
 20
4837436.181670526
 10
630133.2986639846
 20
4837460.658075765
  0
LWPOLYLINE
  5
39C
330
17
100
AcDbEntity
  8
ROADS
100
AcDbPolyline
 90
2
 70
0
 10
630133.2986639846
 20
4837460.658075765
 10
630246.9236532887
 20
4837496.716393544
  0
LWPOLYLINE
  5
39D
330
17
100
AcDbEntity
  8
ROADS
100
AcDbPolyline
 90
2
 70
0
 10
630102.7761348127
 20
4837546.280166299
 10
630133.2986639846
 20
4837460.658075765
  0
LWPOLYLINE
  5
39E
330
17
100
AcDbEntity
  8
ROADS
100
AcDbPolyline
 90
2
 70
0
 10
630246.9236532887
 20
4837496.716393544
 10
630332.8299216392
 20
4837523.748829812
  0
LWPOLYLINE
  5
39F
330
17
100
AcDbEntity
  8
ROADS
100
AcDbPolyline
 90
2
 70
0
 10
630332.8299216392
 20
4837523.748829812
 10
630392.8623349849
 20
4837540.773663407
  0
LWPOLYLINE
  5
3A0
330
17
100
AcDbEntity
  8
ROADS
100
AcDbPolyline
 90
2
 70
0
 10
630991.4242803275
 20
4836901.628138838
 10
630965.7742837509
 20
4836976.570822134
  0
LWPOLYLINE
  5
3A1
330
17
100
AcDbEntity
  8
ROADS
100
AcDbPolyline
 90
2
 70
0
 10
630801.4857858187
 20
4836929.646716737
 10
630786.8511633247
 20
4836981.883888486
  0
LWPOLYLINE
  5
3A2
330
17
100
AcDbEntity
  8
ROADS
100
AcDbPolyline
 90
2
 70
0
 10
630965.7742837509
 20
4836976.570822134
 10
631078.9521283346
 20
4837009.0037081
  0
LWPOLYLINE
  5
3A3
330
17
100
AcDbEntity
  8
ROADS
100
AcDbPolyline
 90
2
 70
0
 10
630965.7742837509
 20
4836976.570822134
 10
630943.8509610443
 20
4837048.227641129
  0
LWPOLYLINE
  5
3A4
330
17
100
AcDbEntity
  8
ROADS
100
AcDbPolyline
 90
2
 70
0
 10
630762.9771192067
 20
4837060.817923349
 10
630943.8509610443
 20
4837048.227641129
  0
LWPOLYLINE
  5
3A5
330
17
100
AcDbEntity
  8
ROADS
100
AcDbPolyline
 90
2
 70
0
 10
630943.8509610443
 20
4837048.227641129
 10
631009.8339092263
 20
4837062.876344455
  0
LWPOLYLINE
  5
3A6
330
17
100
AcDbEntity
  8
ROADS
100
AcDbPolyline
 90
2
 70
0
 10
631009.8339092263
 20
4837062.876344455
 10
631095.8717176465
 20
4837087.209682288
  0
LWPOLYLINE
  5
3A7
330
17
100
AcDbEntity
  8
ROADS
100
AcDbPolyline
 90
2
 70
0
 10
630762.9771192067
 20
4837060.817923349
 10
630890.6599351012
 20
4837137.769354743
  0
LWPOLYLINE
  5
3A8
330
17
100
AcDbEntity
  8
ROADS
100
AcDbPolyline
 90
2
 70
0
 10
631009.8339092263
 20
4837062.876344455
 10
630975.816772861
 20
4837171.524688441
  0
LWPOLYLINE
  5
3A9
330
17
100
AcDbEntity
  8
ROADS
100
AcDbPolyline
 90
2
 70
0
 10
630890.6599351012
 20
4837137.769354743
 10
630975.816772861
 20
4837171.524688441
  0
LWPOLYLINE
  5
3AA
330
17
100
AcDbEntity
  8
ROADS
100
AcDbPolyline
 90
2
 70
0
 10
630975.816772861
 20
4837171.524688441
 10
631035.2912693988
 20
4837193.531828644
  0
LWPOLYLINE
  5
3AB
330
17
100
AcDbEntity
  8
ROADS
100
AcDbPolyline
 90
4
 70
0
 10
630890.6599351012
 20
4837137.769354743
 10
630866.7929403813
 20
4837210.228058992
 10
630840.0920586316
 20
4837225.819365855
 10
630807.142890155
 20
4837326.563876471
  0
LWPOLYLINE
  5
3AC
330
17
100
AcDbEntity
  8
ROADS
100
AcDbPolyline
 90
3
 70
0
 10
630975.816772861
 20
4837171.524688441
 10
630981.808793608
 20
4837226.517069033
 10
630971.179264525
 20
4837275.711147989
  0
LWPOLYLINE
  5
3AD
330
17
100
AcDbEntity
  8
ROADS
100
AcDbPolyline
 90
2
 70
0
 10
630807.142890155
 20
4837326.563876471
 10
630895.3996785015
 20
4837349.815361667
  0
LWPOLYLINE
  5
3AE
330
17
100
AcDbEntity
  8
ROADS
100
AcDbPolyline
 90
2
 70
0
 10
629218.0916734639
 20
4837280.907542327
 10
629221.2519840574
 20
4837271.2800358925
  0
LWPOLYLINE
  5
3AF
330
17
100
AcDbEntity
  8
ROADS
100
AcDbPolyline
 90
2
 70
0
 10
629164.1147430631
 20
4837268.949657185
 10
629151.742684941
 20
4837312.399878108
  0
LWPOLYLINE
  5
3B0
330
17
100
AcDbEntity
  8
ROADS
100
AcDbPolyline
 90
3
 70
0
 10
629164.1147430631
 20
4837268.949657185
 10
629185.5222005183
 20
4837268.921769157
 10
629200.3751897705
 20
4837327.65134885
  0
LWPOLYLINE
  5
3B1
330
17
100
AcDbEntity
  8
ROADS
100
AcDbPolyline
 90
2
 70
0
 10
629218.0916734639
 20
4837280.907542327
 10
629200.3751897705
 20
4837327.65134885
  0
LWPOLYLINE
  5
3B2
330
17
100
AcDbEntity
  8
ROADS
100
AcDbPolyline
 90
2
 70
0
 10
629428.920710098
 20
4837345.683943687
 10
629218.0916734639
 20
4837280.907542327
  0
LWPOLYLINE
  5
3B3
330
17
100
AcDbEntity
  8
ROADS
100
AcDbPolyline
 90
2
 70
0
 10
629166.2216061554
 20
4837317.159027169
 10
629151.742684941
 20
4837312.399878108
  0
LWPOLYLINE
  5
3B4
330
17
100
AcDbEntity
  8
ROADS
100
AcDbPolyline
 90
2
 70
0
 10
629200.3751897705
 20
4837327.65134885
 10
629166.2216061554
 20
4837317.159027169
  0
LWPOLYLINE
  5
3B5
330
17
100
AcDbEntity
  8
ROADS
100
AcDbPolyline
 90
2
 70
0
 10
629220.8617682052
 20
4837333.945241998
 10
629200.3751897705
 20
4837327.65134885
  0
LWPOLYLINE
  5
3B6
330
17
100
AcDbEntity
  8
ROADS
100
AcDbPolyline
 90
2
 70
0
 10
629151.742684941
 20
4837312.399878108
 10
629137.8617939891
 20
4837356.470853161
  0
LWPOLYLINE
  5
3B7
330
17
100
AcDbEntity
  8
ROADS
100
AcDbPolyline
 90
2
 70
0
 10
629133.0766876917
 20
4837372.274393061
 10
629085.6314569045
 20
4837352.810103797
  0
LWPOLYLINE
  5
3B8
330
17
100
AcDbEntity
  8
ROADS
100
AcDbPolyline
 90
2
 70
0
 10
629751.6915587797
 20
4837322.483603742
 10
629518.4559510718
 20
4837249.733928989
  0
LWPOLYLINE
  5
3B9
330
17
100
AcDbEntity
  8
ROADS
100
AcDbPolyline
 90
2
 70
0
 10
629447.8257225194
 20
4837291.616595415
 10
629428.920710098
 20
4837345.683943687
  0
LWPOLYLINE
  5
3BA
330
17
100
AcDbEntity
  8
ROADS
100
AcDbPolyline
 90
2
 70
0
 10
629733.0265302068
 20
4837379.59305082
 10
629447.8257225194
 20
4837291.616595415
  0
LWPOLYLINE
  5
3BB
330
17
100
AcDbEntity
  8
ROADS
100
AcDbPolyline
 90
2
 70
0
 10
629428.920710098
 20
4837345.683943687
 10
629414.1321498665
 20
4837393.326785183
  0
LWPOLYLINE
  5
3BC
330
17
100
AcDbEntity
  8
ROADS
100
AcDbPolyline
 90
2
 70
0
 10
629715.175204803
 20
4837435.062592417
 10
629428.920710098
 20
4837345.683943687
  0
LWPOLYLINE
  5
3BD
330
17
100
AcDbEntity
  8
ROADS
100
AcDbPolyline
 90
2
 70
0
 10
629701.2634999673
 20
4837479.784624922
 10
629414.1321498665
 20
4837393.326785183
  0
LWPOLYLINE
  5
3BE
330
17
100
AcDbEntity
  8
ROADS
100
AcDbPolyline
 90
4
 70
0
 10
629639.9655614484
 20
4837556.631452975
 10
629317.3990673427
 20
4837451.41598144
 10
629161.1330369802
 20
4837350.185249767
 10
629166.2216061554
 20
4837317.159027169
  0
LWPOLYLINE
  5
3BF
330
17
100
AcDbEntity
  8
ROADS
100
AcDbPolyline
 90
2
 70
0
 10
629701.2634999673
 20
4837479.784624922
 10
629683.995652861
 20
4837519.6351236785
  0
LWPOLYLINE
  5
3C0
330
17
100
AcDbEntity
  8
ROADS
100
AcDbPolyline
 90
2
 70
0
 10
629666.7911998183
 20
4837564.717127661
 10
629639.9655614484
 20
4837556.631452975
  0
LWPOLYLINE
  5
3C1
330
17
100
AcDbEntity
  8
ROADS
100
AcDbPolyline
 90
2
 70
0
 10
629714.4058161068
 20
4837579.243199296
 10
629666.7911998183
 20
4837564.717127661
  0
LWPOLYLINE
  5
3C2
330
17
100
AcDbEntity
  8
ROADS
100
AcDbPolyline
 90
2
 70
0
 10
628958.2079158953
 20
4837368.069880436
 10
628944.1468892749
 20
4837410.329854596
  0
LWPOLYLINE
  5
3C3
330
17
100
AcDbEntity
  8
ROADS
100
AcDbPolyline
 90
2
 70
0
 10
629053.1639917006
 20
4837453.026749232
 10
629071.1525719523
 20
4837396.546565426
  0
LWPOLYLINE
  5
3C4
330
17
100
AcDbEntity
  8
ROADS
100
AcDbPolyline
 90
2
 70
0
 10
629053.1639917006
 20
4837453.026749232
 10
628971.0222131846
 20
4837426.450498448
  0
LWPOLYLINE
  5
3C5
330
17
100
AcDbEntity
  8
ROADS
100
AcDbPolyline
 90
2
 70
0
 10
629102.8472139902
 20
4837468.407245818
 10
629053.1639917006
 20
4837453.026749232
  0
LWPOLYLINE
  5
3C6
330
17
100
AcDbEntity
  8
ROADS
100
AcDbPolyline
 90
2
 70
0
 10
629053.1639917006
 20
4837453.026749232
 10
629049.6893322782
 20
4837463.043549404
  0
LWPOLYLINE
  5
3C7
330
17
100
AcDbEntity
  8
ROADS
100
AcDbPolyline
 90
2
 70
0
 10
629414.1321498665
 20
4837393.326785183
 10
629220.8617682052
 20
4837333.945241998
  0
LWPOLYLINE
  5
3C8
330
17
100
AcDbEntity
  8
ROADS
100
AcDbPolyline
 90
2
 70
0
 10
629137.8617939891
 20
4837356.470853161
 10
629133.0766876917
 20
4837372.274393061
  0
LWPOLYLINE
  5
3C9
330
17
100
AcDbEntity
  8
ROADS
100
AcDbPolyline
 90
3
 70
0
 10
629220.8617682052
 20
4837333.945241998
 10
629213.9422274882
 20
4837358.446779832
 10
629327.8196963806
 20
4837412.766783195
  0
LWPOLYLINE
  5
3CA
330
17
100
AcDbEntity
  8
ROADS
100
AcDbPolyline
 90
2
 70
0
 10
629133.0766876917
 20
4837372.274393061
 10
629124.2729350943
 20
4837401.1491467785
  0
LWPOLYLINE
  5
3CB
330
17
100
AcDbEntity
  8
ROADS
100
AcDbPolyline
 90
3
 70
0
 10
629124.2729350943
 20
4837401.1491467785
 10
629144.3827706806
 20
4837399.961723027
 10
629195.0766148401
 20
4837451.311935447
  0
LWPOLYLINE
  5
3CC
330
17
100
AcDbEntity
  8
ROADS
100
AcDbPolyline
 90
2
 70
0
 10
629124.2729350943
 20
4837401.1491467785
 10
629102.8472139902
 20
4837468.407245818
  0
LWPOLYLINE
  5
3CD
330
17
100
AcDbEntity
  8
ROADS
100
AcDbPolyline
 90
2
 70
0
 10
629206.8252690684
 20
4837425.716654185
 10
629195.0766148401
 20
4837451.311935447
  0
LWPOLYLINE
  5
3CE
330
17
100
AcDbEntity
  8
ROADS
100
AcDbPolyline
 90
2
 70
0
 10
629195.0766148401
 20
4837451.311935447
 10
629179.9682632205
 20
4837506.308744508
  0
LWPOLYLINE
  5
3CF
330
17
100
AcDbEntity
  8
ROADS
100
AcDbPolyline
 90
2
 70
0
 10
629102.8472139902
 20
4837468.407245818
 10
629098.9533944688
 20
4837480.96649504
  0
LWPOLYLINE
  5
3D0
330
17
100
AcDbEntity
  8
ROADS
100
AcDbPolyline
 90
3
 70
0
 10
629312.4119088631
 20
4837533.348750174
 10
629321.154026102
 20
4837511.0439590365
 10
629301.6778897737
 20
4837505.116350911
  0
LWPOLYLINE
  5
3D1
330
17
100
AcDbEntity
  8
ROADS
100
AcDbPolyline
 90
2
 70
0
 10
629639.9655614484
 20
4837556.631452975
 10
629627.2155363502
 20
4837595.73458954
  0
LWPOLYLINE
  5
3D2
330
17
100
AcDbEntity
  8
ROADS
100
AcDbPolyline
 90
2
 70
0
 10
629666.7911998183
 20
4837564.717127661
 10
629655.2753415126
 20
4837601.161401536
  0
LWPOLYLINE
  5
3D3
330
17
100
AcDbEntity
  8
ROADS
100
AcDbPolyline
 90
2
 70
0
 10
629627.2155363502
 20
4837595.73458954
 10
629598.9238446953
 20
4837583.112087308
  0
LWPOLYLINE
  5
3D4
330
17
100
AcDbEntity
  8
ROADS
100
AcDbPolyline
 90
2
 70
0
 10
629655.2753415126
 20
4837601.161401536
 10
629627.2155363502
 20
4837595.73458954
  0
LWPOLYLINE
  5
3D5
330
17
100
AcDbEntity
  8
ROADS
100
AcDbPolyline
 90
2
 70
0
 10
629655.2753415126
 20
4837601.161401536
 10
629645.0697886524
 20
4837634.718168712
  0
LWPOLYLINE
  5
3D6
330
17
100
AcDbEntity
  8
ROADS
100
AcDbPolyline
 90
3
 70
0
 10
629474.3656936247
 20
4837618.865031055
 10
629484.0253996163
 20
4837636.778951503
 10
629481.6863857884
 20
4837644.489642479
  0
LWPOLYLINE
  5
3D7
330
17
100
AcDbEntity
  8
ROADS
100
AcDbPolyline
 90
2
 70
0
 10
629693.6738790112
 20
4837646.511953564
 10
629674.2320432455
 20
4837709.742750312
  0
LWPOLYLINE
  5
3D8
330
17
100
AcDbEntity
  8
ROADS
100
AcDbPolyline
 90
2
 70
0
 10
629674.2320432455
 20
4837709.742750312
 10
629662.0996425139
 20
4837747.3970537
  0
LWPOLYLINE
  5
3D9
330
17
100
AcDbEntity
  8
ROADS
100
AcDbPolyline
 90
2
 70
0
 10
629715.175204803
 20
4837435.062592417
 10
629701.2634999673
 20
4837479.784624922
  0
LWPOLYLINE
  5
3DA
330
17
100
AcDbEntity
  8
ROADS
100
AcDbPolyline
 90
2
 70
0
 10
630029.6444781952
 20
4837428.909392866
 10
630003.9900435365
 20
4837514.048459359
  0
LWPOLYLINE
  5
3DB
330
17
100
AcDbEntity
  8
ROADS
100
AcDbPolyline
 90
2
 70
0
 10
629739.8501726934
 20
4837495.987543242
 10
629701.2634999673
 20
4837479.784624922
  0
LWPOLYLINE
  5
3DC
330
17
100
AcDbEntity
  8
ROADS
100
AcDbPolyline
 90
2
 70
0
 10
630003.9900435365
 20
4837514.048459359
 10
630035.0112511786
 20
4837530.083570976
  0
LWPOLYLINE
  5
3DD
330
17
100
AcDbEntity
  8
ROADS
100
AcDbPolyline
 90
2
 70
0
 10
629739.8501726934
 20
4837495.987543242
 10
629714.4058161068
 20
4837579.243199296
  0
LWPOLYLINE
  5
3DE
330
17
100
AcDbEntity
  8
ROADS
100
AcDbPolyline
 90
3
 70
0
 10
629739.8501726934
 20
4837495.987543242
 10
629955.4837647906
 20
4837567.293019144
 10
630023.7384905253
 20
4837612.7515374385
  0
LWPOLYLINE
  5
3DF
330
17
100
AcDbEntity
  8
ROADS
100
AcDbPolyline
 90
3
 70
0
 10
630035.0112511786
 20
4837530.083570976
 10
630016.7297964887
 20
4837587.159989742
 10
630023.7384905253
 20
4837612.7515374385
  0
LWPOLYLINE
  5
3E0
330
17
100
AcDbEntity
  8
ROADS
100
AcDbPolyline
 90
2
 70
0
 10
629714.4058161068
 20
4837579.243199296
 10
629802.9849918212
 20
4837599.647490913
  0
LWPOLYLINE
  5
3E1
330
17
100
AcDbEntity
  8
ROADS
100
AcDbPolyline
 90
4
 70
0
 10
629802.9849918212
 20
4837599.647490913
 10
629871.959376893
 20
4837620.380280118
 10
629882.8663167123
 20
4837581.00809992
 10
629819.9738049179
 20
4837560.794005468
  0
LWPOLYLINE
  5
3E2
330
17
100
AcDbEntity
  8
ROADS
100
AcDbPolyline
 90
2
 70
0
 10
629714.4058161068
 20
4837579.243199296
 10
629693.6738790112
 20
4837646.511953564
  0
LWPOLYLINE
  5
3E3
330
17
100
AcDbEntity
  8
ROADS
100
AcDbPolyline
 90
2
 70
0
 10
630521.0906428441
 20
4837425.470238477
 10
630477.8818902686
 20
4837547.549632998
  0
LWPOLYLINE
  5
3E4
330
17
100
AcDbEntity
  8
ROADS
100
AcDbPolyline
 90
2
 70
0
 10
630427.266414986
 20
4837445.73701634
 10
630392.8623349849
 20
4837540.773663407
  0
LWPOLYLINE
  5
3E5
330
17
100
AcDbEntity
  8
ROADS
100
AcDbPolyline
 90
2
 70
0
 10
630392.8623349849
 20
4837540.773663407
 10
630473.7694168426
 20
4837556.738922865
  0
LWPOLYLINE
  5
3E6
330
17
100
AcDbEntity
  8
ROADS
100
AcDbPolyline
 90
2
 70
0
 10
630477.8818902686
 20
4837547.549632998
 10
630473.7694168426
 20
4837556.738922865
  0
LWPOLYLINE
  5
3E7
330
17
100
AcDbEntity
  8
ROADS
100
AcDbPolyline
 90
2
 70
0
 10
630386.353529802
 20
4837682.021558402
 10
630391.4897752062
 20
4837683.141975065
  0
LWPOLYLINE
  5
3E8
330
17
100
AcDbEntity
  8
ROADS
100
AcDbPolyline
 90
2
 70
0
 10
630473.7694168426
 20
4837556.738922865
 10
630386.353529802
 20
4837682.021558402
  0
LWPOLYLINE
  5
3E9
330
17
100
AcDbEntity
  8
ROADS
100
AcDbPolyline
 90
2
 70
0
 10
630386.353529802
 20
4837682.021558402
 10
630389.7216548492
 20
4837684.19866651
  0
LWPOLYLINE
  5
3EA
330
17
100
AcDbEntity
  8
ROADS
100
AcDbPolyline
 90
3
 70
0
 10
629802.9849918212
 20
4837599.647490913
 10
629778.4515873938
 20
4837678.3733135015
 10
629693.6738790112
 20
4837646.511953564
  0
LWPOLYLINE
  5
3EB
330
17
100
AcDbEntity
  8
ROADS
100
AcDbPolyline
 90
2
 70
0
 10
630023.7384905253
 20
4837612.7515374385
 10
630010.0391906111
 20
4837739.675731368
  0
LWPOLYLINE
  5
3EC
330
17
100
AcDbEntity
  8
ROADS
100
AcDbPolyline
 90
2
 70
0
 10
629850.024630952
 20
4837705.963592037
 10
629863.3342269605
 20
4837707.530397665
  0
LWPOLYLINE
  5
3ED
330
17
100
AcDbEntity
  8
ROADS
100
AcDbPolyline
 90
3
 70
0
 10
629863.3342269605
 20
4837707.530397665
 10
629888.2706784548
 20
4837705.224196975
 10
629899.136501814
 20
4837725.0720893
  0
LWPOLYLINE
  5
3EE
330
17
100
AcDbEntity
  8
ROADS
100
AcDbPolyline
 90
2
 70
0
 10
629863.3342269605
 20
4837707.530397665
 10
629899.136501814
 20
4837725.0720893
  0
LWPOLYLINE
  5
3EF
330
17
100
AcDbEntity
  8
ROADS
100
AcDbPolyline
 90
2
 70
0
 10
629915.2926005368
 20
4837722.548753264
 10
629899.136501814
 20
4837725.0720893
  0
LWPOLYLINE
  5
3F0
330
17
100
AcDbEntity
  8
ROADS
100
AcDbPolyline
 90
2
 70
0
 10
629915.2926005368
 20
4837722.548753264
 10
630010.0391906111
 20
4837739.675731368
  0
LWPOLYLINE
  5
3F1
330
17
100
AcDbEntity
  8
ROADS
100
AcDbPolyline
 90
2
 70
0
 10
629915.2926005368
 20
4837722.548753264
 10
629893.959781298
 20
4837794.626343076
  0
LWPOLYLINE
  5
3F2
330
17
100
AcDbEntity
  8
ROADS
100
AcDbPolyline
 90
2
 70
0
 10
629899.136501814
 20
4837725.0720893
 10
629893.959781298
 20
4837794.626343076
  0
LWPOLYLINE
  5
3F3
330
17
100
AcDbEntity
  8
ROADS
100
AcDbPolyline
 90
2
 70
0
 10
629893.959781298
 20
4837794.626343076
 10
629912.7018102789
 20
4837801.415762176
  0
LWPOLYLINE
  5
3F4
330
17
100
AcDbEntity
  8
ROADS
100
AcDbPolyline
 90
2
 70
0
 10
630035.0112511786
 20
4837530.083570976
 10
630102.7761348127
 20
4837546.280166299
  0
LWPOLYLINE
  5
3F5
330
17
100
AcDbEntity
  8
ROADS
100
AcDbPolyline
 90
2
 70
0
 10
630246.9236532887
 20
4837496.716393544
 10
630217.0296045195
 20
4837581.096787374
  0
LWPOLYLINE
  5
3F6
330
17
100
AcDbEntity
  8
ROADS
100
AcDbPolyline
 90
3
 70
0
 10
630240.7091035047
 20
4837592.995853255
 10
630297.3714471497
 20
4837588.444213198
 10
630332.8299216392
 20
4837523.748829812
  0
LWPOLYLINE
  5
3F7
330
17
100
AcDbEntity
  8
ROADS
100
AcDbPolyline
 90
2
 70
0
 10
630102.7761348127
 20
4837546.280166299
 10
630217.0296045195
 20
4837581.096787374
  0
LWPOLYLINE
  5
3F8
330
17
100
AcDbEntity
  8
ROADS
100
AcDbPolyline
 90
2
 70
0
 10
630217.0296045195
 20
4837581.096787374
 10
630240.7091035047
 20
4837592.995853255
  0
LWPOLYLINE
  5
3F9
330
17
100
AcDbEntity
  8
ROADS
100
AcDbPolyline
 90
2
 70
0
 10
630240.7091035047
 20
4837592.995853255
 10
630215.3247127299
 20
4837692.009830269
  0
LWPOLYLINE
  5
3FA
330
17
100
AcDbEntity
  8
ROADS
100
AcDbPolyline
 90
2
 70
0
 10
630023.7384905253
 20
4837612.7515374385
 10
630215.3247127299
 20
4837692.009830269
  0
LWPOLYLINE
  5
3FB
330
17
100
AcDbEntity
  8
ROADS
100
AcDbPolyline
 90
2
 70
0
 10
630010.0391906111
 20
4837739.675731368
 10
630144.441692898
 20
4837786.069056705
  0
LWPOLYLINE
  5
3FC
330
17
100
AcDbEntity
  8
ROADS
100
AcDbPolyline
 90
2
 70
0
 10
630171.5576988866
 20
4837779.519556786
 10
630215.3247127299
 20
4837692.009830269
  0
LWPOLYLINE
  5
3FD
330
17
100
AcDbEntity
  8
ROADS
100
AcDbPolyline
 90
3
 70
0
 10
630355.623852415
 20
4837704.57672279
 10
630367.150397164
 20
4837674.543248871
 10
630386.353529802
 20
4837682.021558402
  0
LWPOLYLINE
  5
3FE
330
17
100
AcDbEntity
  8
ROADS
100
AcDbPolyline
 90
2
 70
0
 10
630386.353529802
 20
4837682.021558402
 10
630384.2360218903
 20
4837687.477075357
  0
LWPOLYLINE
  5
3FF
330
17
100
AcDbEntity
  8
ROADS
100
AcDbPolyline
 90
2
 70
0
 10
629912.7018102789
 20
4837801.415762176
 10
629924.4295002571
 20
4837805.671237048
  0
LWPOLYLINE
  5
400
330
17
100
AcDbEntity
  8
ROADS
100
AcDbPolyline
 90
2
 70
0
 10
629912.7018102789
 20
4837801.415762176
 10
629912.1489318556
 20
4837804.875760577
  0
ENDSEC
  0
SECTION
  2
OBJECTS
  0
DICTIONARY
  5
A
330
0
100
AcDbDictionary
281
1
  3
ACAD_COLOR
350
B
  3
ACAD_GROUP
350
C
  3
ACAD_LAYOUT
350
D
  3
ACAD_MATERIAL
350
E
  3
ACAD_MLEADERSTYLE
350
F
  3
ACAD_MLINESTYLE
350
10
  3
ACAD_PLOTSETTINGS
350
11
  3
ACAD_PLOTSTYLENAME
350
12
  3
ACAD_SCALELIST
350
14
  3
ACAD_TABLESTYLE
350
15
  3
ACAD_VISUALSTYLE
350
16
  3
EZDXF_META
350
2D
  0
DICTIONARY
  5
B
330
A
100
AcDbDictionary
281
1
  0
DICTIONARY
  5
C
330
A
100
AcDbDictionary
281
1
  0
DICTIONARY
  5
D
330
A
100
AcDbDictionary
281
1
  3
Model
350
1A
  3
Layout1
350
1E
  0
DICTIONARY
  5
E
330
A
100
AcDbDictionary
281
1
  3
ByBlock
350
1F
  3
ByLayer
350
20
  3
Global
350
21
  0
DICTIONARY
  5
F
330
A
100
AcDbDictionary
281
1
  3
Standard
350
2C
  0
DICTIONARY
  5
10
330
A
100
AcDbDictionary
281
1
  3
Standard
350
22
  0
DICTIONARY
  5
11
330
A
100
AcDbDictionary
281
1
  0
ACDBDICTIONARYWDFLT
  5
12
330
A
100
AcDbDictionary
281
1
  3
Normal
350
13
100
AcDbDictionaryWithDefault
340
13
  0
ACDBPLACEHOLDER
  5
13
330
12
  0
DICTIONARY
  5
14
330
A
100
AcDbDictionary
281
1
  0
DICTIONARY
  5
15
330
A
100
AcDbDictionary
281
1
  0
DICTIONARY
  5
16
330
A
100
AcDbDictionary
281
1
  0
LAYOUT
  5
1A
330
D
100
AcDbPlotSettings
  1

  4
A3
  6

 40
7.5
 41
20.0
 42
7.5
 43
20.0
 44
420.0
 45
297.0
 46
0.0
 47
0.0
 48
0.0
 49
0.0
140
0.0
141
0.0
142
1.0
143
1.0
 70
1024
 72
1
 73
0
 74
5
  7

 75
16
 76
0
 77
2
 78
300
147
1.0
148
0.0
149
0.0
100
AcDbLayout
  1
Model
 70
1
 71
0
 10
0.0
 20
0.0
 11
420.0
 21
297.0
 12
0.0
 22
0.0
 32
0.0
 14
1e+20
 24
1e+20
 34
1e+20
 15
-1e+20
 25
-1e+20
 35
-1e+20
146
0.0
 13
0.0
 23
0.0
 33
0.0
 16
1.0
 26
0.0
 36
0.0
 17
0.0
 27
1.0
 37
0.0
 76
1
330
17
  0
LAYOUT
  5
1E
330
D
100
AcDbPlotSettings
  1

  4
A3
  6

 40
7.5
 41
20.0
 42
7.5
 43
20.0
 44
420.0
 45
297.0
 46
0.0
 47
0.0
 48
0.0
 49
0.0
140
0.0
141
0.0
142
1.0
143
1.0
 70
0
 72
1
 73
0
 74
5
  7

 75
16
 76
0
 77
2
 78
300
147
1.0
148
0.0
149
0.0
100
AcDbLayout
  1
Layout1
 70
1
 71
1
 10
0.0
 20
0.0
 11
420.0
 21
297.0
 12
0.0
 22
0.0
 32
0.0
 14
1e+20
 24
1e+20
 34
1e+20
 15
-1e+20
 25
-1e+20
 35
-1e+20
146
0.0
 13
0.0
 23
0.0
 33
0.0
 16
1.0
 26
0.0
 36
0.0
 17
0.0
 27
1.0
 37
0.0
 76
1
330
1B
  0
MATERIAL
  5
1F
102
{ACAD_REACTORS
330
E
102
}
330
E
100
AcDbMaterial
  1
ByBlock
  2

 70
0
 40
1.0
 71
1
 41
1.0
 91
-1023410177
 42
1.0
 72
1
  3

 73
1
 74
1
 75
1
 44
0.5
 73
0
 45
1.0
 46
1.0
 77
1
  4

 78
1
 79
1
170
1
 48
1.0
171
1
  6

172
1
173
1
174
1
140
1.0
141
1.0
175
1
  7

176
1
177
1
178
1
143
1.0
179
1
  8

270
1
271
1
272
1
145
1.0
146
1.0
273
1
  9

274
1
275
1
276
1
 42
1.0
 72
1
  3

 73
1
 74
1
 75
1
 94
63
  0
MATERIAL
  5
20
102
{ACAD_REACTORS
330
E
102
}
330
E
100
AcDbMaterial
  1
ByLayer
  2

 70
0
 40
1.0
 71
1
 41
1.0
 91
-1023410177
 42
1.0
 72
1
  3

 73
1
 74
1
 75
1
 44
0.5
 73
0
 45
1.0
 46
1.0
 77
1
  4

 78
1
 79
1
170
1
 48
1.0
171
1
  6

172
1
173
1
174
1
140
1.0
141
1.0
175
1
  7

176
1
177
1
178
1
143
1.0
179
1
  8

270
1
271
1
272
1
145
1.0
146
1.0
273
1
  9

274
1
275
1
276
1
 42
1.0
 72
1
  3

 73
1
 74
1
 75
1
 94
63
  0
MATERIAL
  5
21
102
{ACAD_REACTORS
330
E
102
}
330
E
100
AcDbMaterial
  1
Global
  2

 70
0
 40
1.0
 71
1
 41
1.0
 91
-1023410177
 42
1.0
 72
1
  3

 73
1
 74
1
 75
1
 44
0.5
 73
0
 45
1.0
 46
1.0
 77
1
  4

 78
1
 79
1
170
1
 48
1.0
171
1
  6

172
1
173
1
174
1
140
1.0
141
1.0
175
1
  7

176
1
177
1
178
1
143
1.0
179
1
  8

270
1
271
1
272
1
145
1.0
146
1.0
273
1
  9

274
1
275
1
276
1
 42
1.0
 72
1
  3

 73
1
 74
1
 75
1
 94
63
  0
MLINESTYLE
  5
22
102
{ACAD_REACTORS
330
10
102
}
330
10
100
AcDbMlineStyle
  2
Standard
 70
0
  3

 62
256
 51
90.0
 52
90.0
 71
2
 49
0.5
 62
256
  6
BYLAYER
 49
-0.5
 62
256
  6
BYLAYER
  0
MLEADERSTYLE
  5
2C
102
{ACAD_REACTORS
330
F
102
}
330
F
100
AcDbMLeaderStyle
179
2
170
2
171
1
172
0
 90
2
 40
0.0
 41
0.0
173
1
 91
-1056964608
 92
-2
290
1
 42
2.0
291
1
 43
8.0
  3
Standard
 44
4.0
300

342
29
174
1
175
1
176
0
178
1
 93
-1056964608
 45
4.0
292
0
297
0
 46
4.0
 94
-1056964608
 47
1.0
 49
1.0
140
1.0
294
1
141
0.0
177
0
142
1.0
295
0
296
0
143
3.75
271
0
272
9
273
9
  0
DICTIONARY
  5
2D
330
A
100
AcDbDictionary
280
1
281
1
  3
CREATED_BY_EZDXF
350
2E
  3
WRITTEN_BY_EZDXF
350
403
  0
DICTIONARYVAR
  5
2E
330
2D
100
DictionaryVariables
280
0
  1
1.4.4 @ 2026-07-07T18:24:06.108538+00:00
  0
DICTIONARYVAR
  5
403
330
2D
100
DictionaryVariables
280
0
  1
1.4.4 @ 2026-07-07T18:24:06.134973+00:00
  0
ENDSEC
  0
EOF
