  0
SECTION
  2
HEADER
  9
$ACADVER
  1
AC1015
  9
$ACADMAINTVER
 70
6
  9
$DWGCODEPAGE
  3
ANSI_1252
  9
$INSBASE
 10
0.0
 20
0.0
 30
0.0
  9
$EXTMIN
 10
1e+20
 20
1e+20
 30
1e+20
  9
$EXTMAX
 10
-1e+20
 20
-1e+20
 30
-1e+20
  9
$LIMMIN
 10
0.0
 20
0.0
  9
$LIMMAX
 10
420.0
 20
297.0
  9
$ORTHOMODE
 70
0
  9
$REGENMODE
 70
1
  9
$FILLMODE
 70
1
  9
$QTEXTMODE
 70
0
  9
$MIRRTEXT
 70
1
  9
$LTSCALE
 40
1.0
  9
$ATTMODE
 70
1
  9
$TEXTSIZE
 40
2.5
  9
$TRACEWID
 40
1.0
  9
$TEXTSTYLE
  7
Standard
  9
$CLAYER
  8
0
  9
$CELTYPE
  6
ByLayer
  9
$CECOLOR
 62
256
  9
$CELTSCALE
 40
1.0
  9
$DISPSILH
 70
0
  9
$DIMSCALE
 40
1.0
  9
$DIMASZ
 40
2.5
  9
$DIMEXO
 40
0.625
  9
$DIMDLI
 40
3.75
  9
$DIMRND
 40
0.0
  9
$DIMDLE
 40
0.0
  9
$DIMEXE
 40
1.25
  9
$DIMTP
 40
0.0
  9
$DIMTM
 40
0.0
  9
$DIMTXT
 40
2.5
  9
$DIMCEN
 40
2.5
  9
$DIMTSZ
 40
0.0
  9
$DIMTOL
 70
0
  9
$DIMLIM
 70
0
  9
$DIMTIH
 70
0
  9
$DIMTOH
 70
0
  9
$DIMSE1
 70
0
  9
$DIMSE2
 70
0
  9
$DIMTAD
 70
1
  9
$DIMZIN
 70
8
  9
$DIMBLK
  1

  9
$DIMASO
 70
1
  9
$DIMSHO
 70
1
  9
$DIMPOST
  1

  9
$DIMAPOST
  1

  9
$DIMALT
 70
0
  9
$DIMALTD
 70
3
  9
$DIMALTF
 40
0.03937007874
  9
$DIMLFAC
 40
1.0
  9
$DIMTOFL
 70
1
  9
$DIMTVP
 40
0.0
  9
$DIMTIX
 70
0
  9
$DIMSOXD
 70
0
  9
$DIMSAH
 70
0
  9
$DIMBLK1
  1

  9
$DIMBLK2
  1

  9
$DIMSTYLE
  2
ISO-25
  9
$DIMCLRD
 70
0
  9
$DIMCLRE
 70
0
  9
$DIMCLRT
 70
0
  9
$DIMTFAC
 40
1.0
  9
$DIMGAP
 40
0.625
  9
$DIMJUST
 70
0
  9
$DIMSD1
 70
0
  9
$DIMSD2
 70
0
  9
$DIMTOLJ
 70
0
  9
$DIMTZIN
 70
8
  9
$DIMALTZ
 70
0
  9
$DIMALTTZ
 70
0
  9
$DIMUPT
 70
0
  9
$DIMDEC
 70
2
  9
$DIMTDEC
 70
2
  9
$DIMALTU
 70
2
  9
$DIMALTTD
 70
3
  9
$DIMTXSTY
  7
Standard
  9
$DIMAUNIT
 70
0
  9
$DIMADEC
 70
0
  9
$DIMALTRND
 40
0.0
  9
$DIMAZIN
 70
0
  9
$DIMDSEP
 70
44
  9
$DIMATFIT
 70
3
  9
$DIMFRAC
 70
0
  9
$DIMLDRBLK
  1

  9
$DIMLUNIT
 70
2
  9
$DIMLWD
 70
-2
  9
$DIMLWE
 70
-2
  9
$DIMTMOVE
 70
0
  9
$LUNITS
 70
2
  9
$LUPREC
 70
4
  9
$SKETCHINC
 40
1.0
  9
$FILLETRAD
 40
10.0
  9
$AUNITS
 70
0
  9
$AUPREC
 70
2
  9
$MENU
  1
.
  9
$ELEVATION
 40
0.0
  9
$PELEVATION
 40
0.0
  9
$THICKNESS
 40
0.0
  9
$LIMCHECK
 70
0
  9
$CHAMFERA
 40
0.0
  9
$CHAMFERB
 40
0.0
  9
$CHAMFERC
 40
0.0
  9
$CHAMFERD
 40
0.0
  9
$SKPOLY
 70
0
  9
$TDCREATE
 40
2461252.486886574
  9
$TDUCREATE
 40
2458532.153996898
  9
$TDUPDATE
 40
2461252.486886574
  9
$TDUUPDATE
 40
2458532.1544311
  9
$TDINDWG
 40
0.0
  9
$TDUSRTIMER
 40
0.0
  9
$USRTIMER
 70
1
  9
$ANGBASE
 50
0.0
  9
$ANGDIR
 70
0
  9
$PDMODE
 70
0
  9
$PDSIZE
 40
0.0
  9
$PLINEWID
 40
0.0
  9
$SPLFRAME
 70
0
  9
$SPLINETYPE
 70
6
  9
$SPLINESEGS
 70
8
  9
$HANDSEED
  5
515
  9
$SURFTAB1
 70
6
  9
$SURFTAB2
 70
6
  9
$SURFTYPE
 70
6
  9
$SURFU
 70
6
  9
$SURFV
 70
6
  9
$UCSBASE
  2

  9
$UCSNAME
  2

  9
$UCSORG
 10
0.0
 20
0.0
 30
0.0
  9
$UCSXDIR
 10
1.0
 20
0.0
 30
0.0
  9
$UCSYDIR
 10
0.0
 20
1.0
 30
0.0
  9
$UCSORTHOREF
  2

  9
$UCSORTHOVIEW
 70
0
  9
$UCSORGTOP
 10
0.0
 20
0.0
 30
0.0
  9
$UCSORGBOTTOM
 10
0.0
 20
0.0
 30
0.0
  9
$UCSORGLEFT
 10
0.0
 20
0.0
 30
0.0
  9
$UCSORGRIGHT
 10
0.0
 20
0.0
 30
0.0
  9
$UCSORGFRONT
 10
0.0
 20
0.0
 30
0.0
  9
$UCSORGBACK
 10
0.0
 20
0.0
 30
0.0
  9
$PUCSBASE
  2

  9
$PUCSNAME
  2

  9
$PUCSORG
 10
0.0
 20
0.0
 30
0.0
  9
$PUCSXDIR
 10
1.0
 20
0.0
 30
0.0
  9
$PUCSYDIR
 10
0.0
 20
1.0
 30
0.0
  9
$PUCSORTHOREF
  2

  9
$PUCSORTHOVIEW
 70
0
  9
$PUCSORGTOP
 10
0.0
 20
0.0
 30
0.0
  9
$PUCSORGBOTTOM
 10
0.0
 20
0.0
 30
0.0
  9
$PUCSORGLEFT
 10
0.0
 20
0.0
 30
0.0
  9
$PUCSORGRIGHT
 10
0.0
 20
0.0
 30
0.0
  9
$PUCSORGFRONT
 10
0.0
 20
0.0
 30
0.0
  9
$PUCSORGBACK
 10
0.0
 20
0.0
 30
0.0
  9
$USERI1
 70
0
  9
$USERI2
 70
0
  9
$USERI3
 70
0
  9
$USERI4
 70
0
  9
$USERI5
 70
0
  9
$USERR1
 40
0.0
  9
$USERR2
 40
0.0
  9
$USERR3
 40
0.0
  9
$USERR4
 40
0.0
  9
$USERR5
 40
0.0
  9
$WORLDVIEW
 70
1
  9
$SHADEDGE
 70
3
  9
$SHADEDIF
 70
70
  9
$TILEMODE
 70
1
  9
$MAXACTVP
 70
64
  9
$PINSBASE
 10
0.0
 20
0.0
 30
0.0
  9
$PLIMCHECK
 70
0
  9
$PEXTMIN
 10
1e+20
 20
1e+20
 30
1e+20
  9
$PEXTMAX
 10
-1e+20
 20
-1e+20
 30
-1e+20
  9
$PLIMMIN
 10
0.0
 20
0.0
  9
$PLIMMAX
 10
420.0
 20
297.0
  9
$UNITMODE
 70
0
  9
$VISRETAIN
 70
1
  9
$PLINEGEN
 70
0
  9
$PSLTSCALE
 70
1
  9
$TREEDEPTH
 70
3020
  9
$CMLSTYLE
  2
Standard
  9
$CMLJUST
 70
0
  9
$CMLSCALE
 40
20.0
  9
$PROXYGRAPHICS
 70
1
  9
$MEASUREMENT
 70
1
  9
$CELWEIGHT
370
-1
  9
$ENDCAPS
280
0
  9
$JOINSTYLE
280
0
  9
$LWDISPLAY
290
0
  9
$INSUNITS
 70
6
  9
$HYPERLINKBASE
  1

  9
$STYLESHEET
  1

  9
$XEDIT
290
1
  9
$CEPSNTYPE
380
0
  9
$PSTYLEMODE
290
1
  9
$FINGERPRINTGUID
  2
{85E08F56-17AD-4809-B612-41340CA11283}
  9
$VERSIONGUID
  2
{486421F0-535C-4D7D-A1CA-1F91E746687B}
  9
$EXTNAMES
290
1
  9
$PSVPSCALE
 40
0.0
  9
$OLESTARTUP
290
0
  0
ENDSEC
  0
SECTION
  2
CLASSES
  0
CLASS
  1
ACDBDICTIONARYWDFLT
  2
AcDbDictionaryWithDefault
  3
ObjectDBX Classes
 90
0
280
0
281
0
  0
CLASS
  1
SUN
  2
AcDbSun
  3
SCENEOE
 90
1153
280
0
281
0
  0
CLASS
  1
VISUALSTYLE
  2
AcDbVisualStyle
  3
ObjectDBX Classes
 90
4095
280
0
281
0
  0
CLASS
  1
MATERIAL
  2
AcDbMaterial
  3
ObjectDBX Classes
 90
1153
280
0
281
0
  0
CLASS
  1
SCALE
  2
AcDbScale
  3
ObjectDBX Classes
 90
1153
280
0
281
0
  0
CLASS
  1
TABLESTYLE
  2
AcDbTableStyle
  3
ObjectDBX Classes
 90
4095
280
0
281
0
  0
CLASS
  1
MLEADERSTYLE
  2
AcDbMLeaderStyle
  3
ACDB_MLEADERSTYLE_CLASS
 90
4095
280
0
281
0
  0
CLASS
  1
DICTIONARYVAR
  2
AcDbDictionaryVar
  3
ObjectDBX Classes
 90
0
280
0
281
0
  0
CLASS
  1
CELLSTYLEMAP
  2
AcDbCellStyleMap
  3
ObjectDBX Classes
 90
1152
280
0
281
0
  0
CLASS
  1
MENTALRAYRENDERSETTINGS
  2
AcDbMentalRayRenderSettings
  3
SCENEOE
 90
1024
280
0
281
0
  0
CLASS
  1
ACDBDETAILVIEWSTYLE
  2
AcDbDetailViewStyle
  3
ObjectDBX Classes
 90
1025
280
0
281
0
  0
CLASS
  1
ACDBSECTIONVIEWSTYLE
  2
AcDbSectionViewStyle
  3
ObjectDBX Classes
 90
1025
280
0
281
0
  0
CLASS
  1
RASTERVARIABLES
  2
AcDbRasterVariables
  3
ISM
 90
0
280
0
281
0
  0
CLASS
  1
ACDBPLACEHOLDER
  2
AcDbPlaceHolder
  3
ObjectDBX Classes
 90
0
280
0
281
0
  0
CLASS
  1
LAYOUT
  2
AcDbLayout
  3
ObjectDBX Classes
 90
0
280
0
281
0
  0
ENDSEC
  0
SECTION
  2
TABLES
  0
TABLE
  2
VPORT
  5
8
330
0
100
AcDbSymbolTable
 70
1
  0
VPORT
  5
23
330
8
100
AcDbSymbolTableRecord
100
AcDbViewportTableRecord
  2
*Active
 70
0
 10
0.0
 20
0.0
 11
1.0
 21
1.0
 12
0.0
 22
0.0
 13
0.0
 23
0.0
 14
0.5
 24
0.5
 15
0.5
 25
0.5
 16
0.0
 26
0.0
 36
1.0
 17
0.0
 27
0.0
 37
0.0
 40
1000.0
 41
1.34
 42
50.0
 43
0.0
 44
0.0
 50
0.0
 51
0.0
 71
0
 72
1000
 73
1
 74
3
 75
0
 76
0
 77
0
 78
0
281
0
 65
0
146
0.0
  0
ENDTAB
  0
TABLE
  2
LTYPE
  5
2
330
0
100
AcDbSymbolTable
 70
3
  0
LTYPE
  5
24
330
2
100
AcDbSymbolTableRecord
100
AcDbLinetypeTableRecord
  2
ByBlock
 70
0
  3

 72
65
 73
0
 40
0.0
  0
LTYPE
  5
25
330
2
100
AcDbSymbolTableRecord
100
AcDbLinetypeTableRecord
  2
ByLayer
 70
0
  3

 72
65
 73
0
 40
0.0
  0
LTYPE
  5
26
330
2
100
AcDbSymbolTableRecord
100
AcDbLinetypeTableRecord
  2
Continuous
 70
0
  3

 72
65
 73
0
 40
0.0
  0
ENDTAB
  0
TABLE
  2
LAYER
  5
1
330
0
100
AcDbSymbolTable
 70
2
  0
LAYER
  5
27
330
1
100
AcDbSymbolTableRecord
100
AcDbLayerTableRecord
  2
0
 70
0
 62
7
  6
Continuous
370
-3
390
13
  0
LAYER
  5
28
330
1
100
AcDbSymbolTableRecord
100
AcDbLayerTableRecord
  2
Defpoints
 70
0
 62
7
  6
Continuous
290
0
370
-3
390
13
  0
ENDTAB
  0
TABLE
  2
STYLE
  5
5
330
0
100
AcDbSymbolTable
 70
1
  0
STYLE
  5
29
330
5
100
AcDbSymbolTableRecord
100
AcDbTextStyleTableRecord
  2
Standard
 70
0
 40
0.0
 41
1.0
 50
0.0
 71
0
 42
2.5
  3
txt
  4

  0
ENDTAB
  0
TABLE
  2
VIEW
  5
7
330
0
100
AcDbSymbolTable
 70
0
  0
ENDTAB
  0
TABLE
  2
UCS
  5
6
330
0
100
AcDbSymbolTable
 70
0
  0
ENDTAB
  0
TABLE
  2
APPID
  5
3
330
0
100
AcDbSymbolTable
 70
3
  0
APPID
  5
2A
330
3
100
AcDbSymbolTableRecord
100
AcDbRegAppTableRecord
  2
ACAD
 70
0
  0
APPID
  5
512
330
3
100
AcDbSymbolTableRecord
100
AcDbRegAppTableRecord
  2
HATCHBACKGROUNDCOLOR
 70
0
  0
APPID
  5
513
330
3
100
AcDbSymbolTableRecord
100
AcDbRegAppTableRecord
  2
EZDXF
 70
0
  0
ENDTAB
  0
TABLE
  2
DIMSTYLE
  5
4
330
0
100
AcDbSymbolTable
 70
1
100
AcDbDimStyleTable
  0
DIMSTYLE
105
2B
330
4
100
AcDbSymbolTableRecord
100
AcDbDimStyleTableRecord
  2
Standard
 70
0
  3

  4

 40
1.0
 41
2.5
 42
0.625
 43
3.75
 44
1.25
 45
0.0
 46
0.0
 47
0.0
 48
0.0
140
2.5
141
2.5
142
0.0
143
0.03937007874
144
1.0
145
0.0
146
1.0
147
0.625
148
0.0
 71
0
 72
0
 73
0
 74
0
 75
0
 76
0
 77
1
 78
8
 79
3
170
0
171
3
172
1
173
0
174
0
175
0
176
0
177
0
178
0
179
2
271
2
272
2
273
2
274
3
275
0
276
0
277
2
278
44
279
0
280
0
281
0
282
0
283
0
284
8
285
0
286
0
288
0
289
3
371
-2
372
-2
  0
ENDTAB
  0
TABLE
  2
BLOCK_RECORD
  5
9
330
0
100
AcDbSymbolTable
 70
2
  0
BLOCK_RECORD
  5
17
330
9
100
AcDbSymbolTableRecord
100
AcDbBlockTableRecord
  2
*Model_Space
340
1A
  0
BLOCK_RECORD
  5
1B
330
9
100
AcDbSymbolTableRecord
100
AcDbBlockTableRecord
  2
*Paper_Space
340
1E
  0
ENDTAB
  0
ENDSEC
  0
SECTION
  2
BLOCKS
  0
BLOCK
  5
18
330
17
100
AcDbEntity
  8
0
100
AcDbBlockBegin
  2
*Model_Space
 70
0
 10
0.0
 20
0.0
 30
0.0
  3
*Model_Space
  1

  0
ENDBLK
  5
19
330
17
100
AcDbEntity
  8
0
100
AcDbBlockEnd
  0
BLOCK
  5
1C
330
1B
100
AcDbEntity
  8
0
100
AcDbBlockBegin
  2
*Paper_Space
 70
0
 10
0.0
 20
0.0
 30
0.0
  3
*Paper_Space
  1

  0
ENDBLK
  5
1D
330
1B
100
AcDbEntity
  8
0
100
AcDbBlockEnd
  0
ENDSEC
  0
SECTION
  2
ENTITIES
  0
LWPOLYLINE
  5
2F
330
17
100
AcDbEntity
  8
ROADS
100
AcDbPolyline
 90
3
 70
0
 10
626460.6088880211
 20
4833702.828670166
 10
626413.3206932114
 20
4833688.961221954
 10
626384.8487660793
 20
4833696.633794277
  0
LWPOLYLINE
  5
30
330
17
100
AcDbEntity
  8
ROADS
100
AcDbPolyline
 90
2
 70
0
 10
626460.6088880211
 20
4833702.828670166
 10
626432.7155151288
 20
4833798.97928794
  0
LWPOLYLINE
  5
31
330
17
100
AcDbEntity
  8
ROADS
100
AcDbPolyline
 90
2
 70
0
 10
626478.9108499404
 20
4833812.447977428
 10
626432.7155151288
 20
4833798.97928794
  0
LWPOLYLINE
  5
32
330
17
100
AcDbEntity
  8
ROADS
100
AcDbPolyline
 90
2
 70
0
 10
626432.7155151288
 20
4833798.97928794
 10
626424.7400228404
 20
4833823.9346327195
  0
LWPOLYLINE
  5
33
330
17
100
AcDbEntity
  8
ROADS
100
AcDbPolyline
 90
2
 70
0
 10
626424.7400228404
 20
4833823.9346327195
 10
626365.1782921555
 20
4833806.7718785405
  0
LWPOLYLINE
  5
34
330
17
100
AcDbEntity
  8
ROADS
100
AcDbPolyline
 90
2
 70
0
 10
626424.7400228404
 20
4833823.9346327195
 10
626422.071422179
 20
4833833.974000553
  0
LWPOLYLINE
  5
35
330
17
100
AcDbEntity
  8
ROADS
100
AcDbPolyline
 90
2
 70
0
 10
626386.587654263
 20
4833951.255668757
 10
626335.3982646277
 20
4833935.552232489
  0
LWPOLYLINE
  5
36
330
17
100
AcDbEntity
  8
ROADS
100
AcDbPolyline
 90
2
 70
0
 10
626386.587654263
 20
4833951.255668757
 10
626381.878754358
 20
4833968.331577283
  0
LWPOLYLINE
  5
37
330
17
100
AcDbEntity
  8
ROADS
100
AcDbPolyline
 90
3
 70
0
 10
626381.878754358
 20
4833968.331577283
 10
626425.468613842
 20
4833982.149218997
 10
626425.0182775307
 20
4833999.927138216
  0
LWPOLYLINE
  5
38
330
17
100
AcDbEntity
  8
ROADS
100
AcDbPolyline
 90
2
 70
0
 10
626381.878754358
 20
4833968.331577283
 10
626360.2630773757
 20
4834036.29794056
  0
LWPOLYLINE
  5
39
330
17
100
AcDbEntity
  8
ROADS
100
AcDbPolyline
 90
2
 70
0
 10
626360.2630773757
 20
4834036.29794056
 10
626323.3978097542
 20
4834025.480507114
  0
LWPOLYLINE
  5
3A
330
17
100
AcDbEntity
  8
ROADS
100
AcDbPolyline
 90
3
 70
0
 10
626425.0182775307
 20
4833999.927138216
 10
626492.8895177989
 20
4833997.26065254
 10
626469.8002181808
 20
4834078.258180348
  0
LWPOLYLINE
  5
3B
330
17
100
AcDbEntity
  8
ROADS
100
AcDbPolyline
 90
3
 70
0
 10
626425.0182775307
 20
4833999.927138216
 10
626388.2775902406
 20
4834116.533033326
 10
626332.1756496419
 20
4834119.66523851
  0
LWPOLYLINE
  5
3C
330
17
100
AcDbEntity
  8
ROADS
100
AcDbPolyline
 90
2
 70
0
 10
626360.2630773757
 20
4834036.29794056
 10
626332.1756496419
 20
4834119.66523851
  0
LWPOLYLINE
  5
3D
330
17
100
AcDbEntity
  8
ROADS
100
AcDbPolyline
 90
2
 70
0
 10
626332.1756496419
 20
4834119.66523851
 10
626321.7191236916
 20
4834152.9314561635
  0
LWPOLYLINE
  5
3E
330
17
100
AcDbEntity
  8
ROADS
100
AcDbPolyline
 90
2
 70
0
 10
626497.4204411348
 20
4834155.132975589
 10
626358.6688008425
 20
4834163.895697903
  0
LWPOLYLINE
  5
3F
330
17
100
AcDbEntity
  8
ROADS
100
AcDbPolyline
 90
2
 70
0
 10
626358.6688008425
 20
4834163.895697903
 10
626322.5186726401
 20
4834165.725003728
  0
LWPOLYLINE
  5
40
330
17
100
AcDbEntity
  8
ROADS
100
AcDbPolyline
 90
2
 70
0
 10
626428.3931339678
 20
4834386.189136888
 10
626399.6960595289
 20
4834479.266982347
  0
LWPOLYLINE
  5
41
330
17
100
AcDbEntity
  8
ROADS
100
AcDbPolyline
 90
2
 70
0
 10
626369.2594628767
 20
4834418.729246407
 10
626368.4402209576
 20
4834421.413039471
  0
LWPOLYLINE
  5
42
330
17
100
AcDbEntity
  8
ROADS
100
AcDbPolyline
 90
2
 70
0
 10
626399.6960595289
 20
4834479.266982347
 10
626388.6773774597
 20
4834475.876013932
  0
LWPOLYLINE
  5
43
330
17
100
AcDbEntity
  8
ROADS
100
AcDbPolyline
 90
2
 70
0
 10
626482.1524409166
 20
4834458.826157932
 10
626470.4022604083
 20
4834499.959229875
  0
LWPOLYLINE
  5
44
330
17
100
AcDbEntity
  8
ROADS
100
AcDbPolyline
 90
2
 70
0
 10
626470.4022604083
 20
4834499.959229875
 10
626399.6960595289
 20
4834479.266982347
  0
LWPOLYLINE
  5
45
330
17
100
AcDbEntity
  8
ROADS
100
AcDbPolyline
 90
2
 70
0
 10
626399.6960595289
 20
4834479.266982347
 10
626395.4558273628
 20
4834493.522537094
  0
LWPOLYLINE
  5
46
330
17
100
AcDbEntity
  8
ROADS
100
AcDbPolyline
 90
2
 70
0
 10
626509.4669413178
 20
4834549.732302031
 10
626486.7833677761
 20
4834629.577062965
  0
LWPOLYLINE
  5
47
330
17
100
AcDbEntity
  8
ROADS
100
AcDbPolyline
 90
2
 70
0
 10
626486.7833677761
 20
4834629.577062965
 10
626457.6777324781
 20
4834621.000051231
  0
LWPOLYLINE
  5
48
330
17
100
AcDbEntity
  8
ROADS
100
AcDbPolyline
 90
2
 70
0
 10
626486.7833677761
 20
4834629.577062965
 10
626479.1944961123
 20
4834654.678976165
  0
LWPOLYLINE
  5
49
330
17
100
AcDbEntity
  8
ROADS
100
AcDbPolyline
 90
2
 70
0
 10
628230.3769665511
 20
4832877.24304897
 10
628226.9868673676
 20
4832887.94687835
  0
LWPOLYLINE
  5
4A
330
17
100
AcDbEntity
  8
ROADS
100
AcDbPolyline
 90
2
 70
0
 10
628226.9868673676
 20
4832887.94687835
 10
628246.2843566916
 20
4832891.474097925
  0
LWPOLYLINE
  5
4B
330
17
100
AcDbEntity
  8
ROADS
100
AcDbPolyline
 90
2
 70
0
 10
628226.9868673676
 20
4832887.94687835
 10
628214.5729097308
 20
4832924.866948985
  0
LWPOLYLINE
  5
4C
330
17
100
AcDbEntity
  8
ROADS
100
AcDbPolyline
 90
2
 70
0
 10
627052.9247469584
 20
4832674.0196649
 10
627014.4294749621
 20
4832799.5663469145
  0
LWPOLYLINE
  5
4D
330
17
100
AcDbEntity
  8
ROADS
100
AcDbPolyline
 90
2
 70
0
 10
626914.9571475417
 20
4832750.769093678
 10
626910.0293616212
 20
4832767.232873367
  0
LWPOLYLINE
  5
4E
330
17
100
AcDbEntity
  8
ROADS
100
AcDbPolyline
 90
2
 70
0
 10
627014.4294749621
 20
4832799.5663469145
 10
626910.0293616212
 20
4832767.232873367
  0
LWPOLYLINE
  5
4F
330
17
100
AcDbEntity
  8
ROADS
100
AcDbPolyline
 90
2
 70
0
 10
626910.0293616212
 20
4832767.232873367
 10
626882.9776459124
 20
4832857.60755099
  0
LWPOLYLINE
  5
50
330
17
100
AcDbEntity
  8
ROADS
100
AcDbPolyline
 90
2
 70
0
 10
627114.0888467678
 20
4832829.104002707
 10
627014.4294749621
 20
4832799.5663469145
  0
LWPOLYLINE
  5
51
330
17
100
AcDbEntity
  8
ROADS
100
AcDbPolyline
 90
2
 70
0
 10
626729.5764661671
 20
4832937.511397777
 10
626712.0744207501
 20
4832932.881098463
  0
LWPOLYLINE
  5
52
330
17
100
AcDbEntity
  8
ROADS
100
AcDbPolyline
 90
2
 70
0
 10
627557.5298506643
 20
4832586.850763445
 10
627550.0151120009
 20
4832583.909252628
  0
LWPOLYLINE
  5
53
330
17
100
AcDbEntity
  8
ROADS
100
AcDbPolyline
 90
2
 70
0
 10
627558.5102108432
 20
4832584.264871631
 10
627557.5298506643
 20
4832586.850763445
  0
LWPOLYLINE
  5
54
330
17
100
AcDbEntity
  8
ROADS
100
AcDbPolyline
 90
2
 70
0
 10
627385.6673975228
 20
4832657.450732218
 10
627333.6526741271
 20
4832826.821382716
  0
LWPOLYLINE
  5
55
330
17
100
AcDbEntity
  8
ROADS
100
AcDbPolyline
 90
3
 70
0
 10
627854.8487620922
 20
4832942.189743996
 10
627808.1114141907
 20
4832931.474503615
 10
627668.6086504908
 20
4832958.088329003
  0
LWPOLYLINE
  5
56
330
17
100
AcDbEntity
  8
ROADS
100
AcDbPolyline
 90
2
 70
0
 10
627879.704061332
 20
4832949.510354352
 10
627854.8487620922
 20
4832942.189743996
  0
LWPOLYLINE
  5
57
330
17
100
AcDbEntity
  8
ROADS
100
AcDbPolyline
 90
2
 70
0
 10
627854.8487620922
 20
4832942.189743996
 10
627837.5427879905
 20
4832992.098531307
  0
LWPOLYLINE
  5
58
330
17
100
AcDbEntity
  8
ROADS
100
AcDbPolyline
 90
4
 70
0
 10
628078.9431136409
 20
4832759.363993061
 10
628075.819422289
 20
4832762.306171019
 10
628028.7731219223
 20
4832771.618653193
 10
627557.5298506643
 20
4832586.850763445
  0
LWPOLYLINE
  5
59
330
17
100
AcDbEntity
  8
ROADS
100
AcDbPolyline
 90
2
 70
0
 10
627929.6683332308
 20
4832964.226166968
 10
627948.1770366858
 20
4832900.474045336
  0
LWPOLYLINE
  5
5A
330
17
100
AcDbEntity
  8
ROADS
100
AcDbPolyline
 90
2
 70
0
 10
627929.6683332308
 20
4832964.226166968
 10
627879.704061332
 20
4832949.510354352
  0
LWPOLYLINE
  5
5B
330
17
100
AcDbEntity
  8
ROADS
100
AcDbPolyline
 90
3
 70
0
 10
628043.8365455862
 20
4832900.481131285
 10
628154.8884961085
 20
4832939.064354092
 10
628132.7794257769
 20
4833024.045323433
  0
LWPOLYLINE
  5
5C
330
17
100
AcDbEntity
  8
ROADS
100
AcDbPolyline
 90
2
 70
0
 10
627879.704061332
 20
4832949.510354352
 10
627879.1147536635
 20
4832983.724888565
  0
LWPOLYLINE
  5
5D
330
17
100
AcDbEntity
  8
ROADS
100
AcDbPolyline
 90
2
 70
0
 10
627467.3420792198
 20
4832679.499932057
 10
627417.3361600365
 20
4832851.820104088
  0
LWPOLYLINE
  5
5E
330
17
100
AcDbEntity
  8
ROADS
100
AcDbPolyline
 90
2
 70
0
 10
627382.547161037
 20
4832817.278311467
 10
627376.0840538448
 20
4832839.121384227
  0
LWPOLYLINE
  5
5F
330
17
100
AcDbEntity
  8
ROADS
100
AcDbPolyline
 90
2
 70
0
 10
627376.0840538448
 20
4832839.121384227
 10
627333.6526741271
 20
4832826.821382716
  0
LWPOLYLINE
  5
60
330
17
100
AcDbEntity
  8
ROADS
100
AcDbPolyline
 90
2
 70
0
 10
627417.3361600365
 20
4832851.820104088
 10
627376.0840538448
 20
4832839.121384227
  0
LWPOLYLINE
  5
61
330
17
100
AcDbEntity
  8
ROADS
100
AcDbPolyline
 90
2
 70
0
 10
627417.3361600365
 20
4832851.820104088
 10
627399.4169540677
 20
4832912.422082868
  0
LWPOLYLINE
  5
62
330
17
100
AcDbEntity
  8
ROADS
100
AcDbPolyline
 90
2
 70
0
 10
627509.150743709
 20
4832833.456048749
 10
627478.6737201378
 20
4832936.615787615
  0
LWPOLYLINE
  5
63
330
17
100
AcDbEntity
  8
ROADS
100
AcDbPolyline
 90
2
 70
0
 10
627399.4169540677
 20
4832912.422082868
 10
627317.1170340816
 20
4832888.559419464
  0
LWPOLYLINE
  5
64
330
17
100
AcDbEntity
  8
ROADS
100
AcDbPolyline
 90
2
 70
0
 10
627478.6737201378
 20
4832936.615787615
 10
627399.4169540677
 20
4832912.422082868
  0
LWPOLYLINE
  5
65
330
17
100
AcDbEntity
  8
ROADS
100
AcDbPolyline
 90
2
 70
0
 10
627399.4169540677
 20
4832912.422082868
 10
627379.3632531407
 20
4832980.2929371055
  0
LWPOLYLINE
  5
66
330
17
100
AcDbEntity
  8
ROADS
100
AcDbPolyline
 90
3
 70
0
 10
627668.6086504908
 20
4832958.088329003
 10
627597.5491243884
 20
4832970.044009253
 10
627478.6737201378
 20
4832936.615787615
  0
LWPOLYLINE
  5
67
330
17
100
AcDbEntity
  8
ROADS
100
AcDbPolyline
 90
2
 70
0
 10
627929.6683332308
 20
4832964.226166968
 10
627921.968807546
 20
4832990.209694905
  0
LWPOLYLINE
  5
68
330
17
100
AcDbEntity
  8
ROADS
100
AcDbPolyline
 90
2
 70
0
 10
628079.1792053612
 20
4833008.260721207
 10
627929.6683332308
 20
4832964.226166968
  0
LWPOLYLINE
  5
69
330
17
100
AcDbEntity
  8
ROADS
100
AcDbPolyline
 90
2
 70
0
 10
627879.1147536635
 20
4832983.724888565
 10
627921.968807546
 20
4832990.209694905
  0
LWPOLYLINE
  5
6A
330
17
100
AcDbEntity
  8
ROADS
100
AcDbPolyline
 90
2
 70
0
 10
627879.1147536635
 20
4832983.724888565
 10
627876.579539856
 20
4833001.10418498
  0
LWPOLYLINE
  5
6B
330
17
100
AcDbEntity
  8
ROADS
100
AcDbPolyline
 90
2
 70
0
 10
627921.968807546
 20
4832990.209694905
 10
627913.5034947481
 20
4833018.7795488015
  0
LWPOLYLINE
  5
6C
330
17
100
AcDbEntity
  8
ROADS
100
AcDbPolyline
 90
2
 70
0
 10
627876.579539856
 20
4833001.10418498
 10
627874.8160532787
 20
4833013.742124188
  0
LWPOLYLINE
  5
6D
330
17
100
AcDbEntity
  8
ROADS
100
AcDbPolyline
 90
2
 70
0
 10
627876.579539856
 20
4833001.10418498
 10
627913.5034947481
 20
4833018.7795488015
  0
LWPOLYLINE
  5
6E
330
17
100
AcDbEntity
  8
ROADS
100
AcDbPolyline
 90
2
 70
0
 10
628132.7794257769
 20
4833024.045323433
 10
628079.1792053612
 20
4833008.260721207
  0
LWPOLYLINE
  5
6F
330
17
100
AcDbEntity
  8
ROADS
100
AcDbPolyline
 90
2
 70
0
 10
627913.5034947481
 20
4833018.7795488015
 10
627874.8160532787
 20
4833013.742124188
  0
LWPOLYLINE
  5
70
330
17
100
AcDbEntity
  8
ROADS
100
AcDbPolyline
 90
2
 70
0
 10
628079.1792053612
 20
4833008.260721207
 10
628068.276894365
 20
4833044.264528681
  0
LWPOLYLINE
  5
71
330
17
100
AcDbEntity
  8
ROADS
100
AcDbPolyline
 90
3
 70
0
 10
627769.9144688785
 20
4833002.669293374
 10
627674.5231986985
 20
4832979.2735460345
 10
627668.6086504908
 20
4832958.088329003
  0
LWPOLYLINE
  5
72
330
17
100
AcDbEntity
  8
ROADS
100
AcDbPolyline
 90
3
 70
0
 10
627837.5427879905
 20
4832992.098531307
 10
627822.4263217923
 20
4832991.074971151
 10
627819.0058335532
 20
4833006.474141206
  0
LWPOLYLINE
  5
73
330
17
100
AcDbEntity
  8
ROADS
100
AcDbPolyline
 90
2
 70
0
 10
627840.5854268427
 20
4833009.284274538
 10
627837.5427879905
 20
4832992.098531307
  0
LWPOLYLINE
  5
74
330
17
100
AcDbEntity
  8
ROADS
100
AcDbPolyline
 90
2
 70
0
 10
627819.0058335532
 20
4833006.474141206
 10
627769.9144688785
 20
4833002.669293374
  0
LWPOLYLINE
  5
75
330
17
100
AcDbEntity
  8
ROADS
100
AcDbPolyline
 90
2
 70
0
 10
627840.5854268427
 20
4833009.284274538
 10
627819.0058335532
 20
4833006.474141206
  0
LWPOLYLINE
  5
76
330
17
100
AcDbEntity
  8
ROADS
100
AcDbPolyline
 90
2
 70
0
 10
627874.8160532787
 20
4833013.742124188
 10
627840.5854268427
 20
4833009.284274538
  0
LWPOLYLINE
  5
77
330
17
100
AcDbEntity
  8
ROADS
100
AcDbPolyline
 90
2
 70
0
 10
627747.8688728649
 20
4833112.969413891
 10
627769.9144688785
 20
4833002.669293374
  0
LWPOLYLINE
  5
78
330
17
100
AcDbEntity
  8
ROADS
100
AcDbPolyline
 90
2
 70
0
 10
627885.7170440576
 20
4833112.061887017
 10
627747.8688728649
 20
4833112.969413891
  0
LWPOLYLINE
  5
79
330
17
100
AcDbEntity
  8
ROADS
100
AcDbPolyline
 90
2
 70
0
 10
627747.8688728649
 20
4833112.969413891
 10
627726.5211159794
 20
4833154.3842662675
  0
LWPOLYLINE
  5
7A
330
17
100
AcDbEntity
  8
ROADS
100
AcDbPolyline
 90
2
 70
0
 10
627726.5211159794
 20
4833154.3842662675
 10
627720.9220045658
 20
4833195.873713263
  0
LWPOLYLINE
  5
7B
330
17
100
AcDbEntity
  8
ROADS
100
AcDbPolyline
 90
2
 70
0
 10
627379.3632531407
 20
4832980.2929371055
 10
627338.579813015
 20
4832968.002197108
  0
LWPOLYLINE
  5
7C
330
17
100
AcDbEntity
  8
ROADS
100
AcDbPolyline
 90
2
 70
0
 10
627379.3632531407
 20
4832980.2929371055
 10
627372.9506066095
 20
4833001.501378999
  0
LWPOLYLINE
  5
7D
330
17
100
AcDbEntity
  8
ROADS
100
AcDbPolyline
 90
3
 70
0
 10
627478.6737201378
 20
4832936.615787615
 10
627441.6915669728
 20
4833066.265612366
 10
627399.6902814345
 20
4833053.795841261
  0
LWPOLYLINE
  5
7E
330
17
100
AcDbEntity
  8
ROADS
100
AcDbPolyline
 90
2
 70
0
 10
627372.9506066095
 20
4833001.501378999
 10
627360.582766764
 20
4833042.898463413
  0
LWPOLYLINE
  5
7F
330
17
100
AcDbEntity
  8
ROADS
100
AcDbPolyline
 90
3
 70
0
 10
627372.9506066095
 20
4833001.501378999
 10
627411.9259425245
 20
4833013.072405895
 10
627399.6902814345
 20
4833053.795841261
  0
LWPOLYLINE
  5
80
330
17
100
AcDbEntity
  8
ROADS
100
AcDbPolyline
 90
2
 70
0
 10
627399.6902814345
 20
4833053.795841261
 10
627360.582766764
 20
4833042.898463413
  0
LWPOLYLINE
  5
81
330
17
100
AcDbEntity
  8
ROADS
100
AcDbPolyline
 90
2
 70
0
 10
627360.582766764
 20
4833042.898463413
 10
627336.3742632425
 20
4833119.098739707
  0
LWPOLYLINE
  5
82
330
17
100
AcDbEntity
  8
ROADS
100
AcDbPolyline
 90
2
 70
0
 10
627474.215979131
 20
4833162.532378997
 10
627336.3742632425
 20
4833119.098739707
  0
LWPOLYLINE
  5
83
330
17
100
AcDbEntity
  8
ROADS
100
AcDbPolyline
 90
2
 70
0
 10
627651.971277039
 20
4833214.763891643
 10
627474.215979131
 20
4833162.532378997
  0
LWPOLYLINE
  5
84
330
17
100
AcDbEntity
  8
ROADS
100
AcDbPolyline
 90
3
 70
0
 10
627651.971277039
 20
4833214.763891643
 10
627642.4590174055
 20
4833237.156407607
 10
627363.2340195002
 20
4833245.317980445
  0
LWPOLYLINE
  5
85
330
17
100
AcDbEntity
  8
ROADS
100
AcDbPolyline
 90
2
 70
0
 10
627174.0286627156
 20
4832626.131354701
 10
627114.0888467678
 20
4832829.104002707
  0
LWPOLYLINE
  5
86
330
17
100
AcDbEntity
  8
ROADS
100
AcDbPolyline
 90
2
 70
0
 10
627264.600993442
 20
4832694.910444002
 10
627216.2571533858
 20
4832858.433999448
  0
LWPOLYLINE
  5
87
330
17
100
AcDbEntity
  8
ROADS
100
AcDbPolyline
 90
2
 70
0
 10
627216.2571533858
 20
4832858.433999448
 10
627114.0888467678
 20
4832829.104002707
  0
LWPOLYLINE
  5
88
330
17
100
AcDbEntity
  8
ROADS
100
AcDbPolyline
 90
2
 70
0
 10
627333.6526741271
 20
4832826.821382716
 10
627317.1170340816
 20
4832888.559419464
  0
LWPOLYLINE
  5
89
330
17
100
AcDbEntity
  8
ROADS
100
AcDbPolyline
 90
2
 70
0
 10
627317.1170340816
 20
4832888.559419464
 10
627216.2571533858
 20
4832858.433999448
  0
LWPOLYLINE
  5
8A
330
17
100
AcDbEntity
  8
ROADS
100
AcDbPolyline
 90
3
 70
0
 10
627125.1890515259
 20
4832919.611155283
 10
627118.8582825459
 20
4832895.697784743
 10
627132.6823671935
 20
4832906.503754464
  0
LWPOLYLINE
  5
8B
330
17
100
AcDbEntity
  8
ROADS
100
AcDbPolyline
 90
2
 70
0
 10
627132.6823671935
 20
4832906.503754464
 10
627144.1061141863
 20
4832909.600375252
  0
LWPOLYLINE
  5
8C
330
17
100
AcDbEntity
  8
ROADS
100
AcDbPolyline
 90
2
 70
0
 10
627132.6823671935
 20
4832906.503754464
 10
627125.1890515259
 20
4832919.611155283
  0
LWPOLYLINE
  5
8D
330
17
100
AcDbEntity
  8
ROADS
100
AcDbPolyline
 90
2
 70
0
 10
627317.1170340816
 20
4832888.559419464
 10
627298.8394692583
 20
4832956.097333135
  0
LWPOLYLINE
  5
8E
330
17
100
AcDbEntity
  8
ROADS
100
AcDbPolyline
 90
2
 70
0
 10
627114.0888467678
 20
4832829.104002707
 10
627052.1658432832
 20
4833035.364705792
  0
LWPOLYLINE
  5
8F
330
17
100
AcDbEntity
  8
ROADS
100
AcDbPolyline
 90
3
 70
0
 10
626868.1227890789
 20
4832854.5059333965
 10
626824.1143218143
 20
4832829.536180788
 10
626823.9233744459
 20
4832875.575523222
  0
LWPOLYLINE
  5
90
330
17
100
AcDbEntity
  8
ROADS
100
AcDbPolyline
 90
2
 70
0
 10
626882.9776459124
 20
4832857.60755099
 10
626868.1227890789
 20
4832854.5059333965
  0
LWPOLYLINE
  5
91
330
17
100
AcDbEntity
  8
ROADS
100
AcDbPolyline
 90
2
 70
0
 10
626868.1227890789
 20
4832854.5059333965
 10
626846.804598998
 20
4832859.037986586
  0
LWPOLYLINE
  5
92
330
17
100
AcDbEntity
  8
ROADS
100
AcDbPolyline
 90
2
 70
0
 10
626846.804598998
 20
4832859.037986586
 10
626823.9233744459
 20
4832875.575523222
  0
LWPOLYLINE
  5
93
330
17
100
AcDbEntity
  8
ROADS
100
AcDbPolyline
 90
2
 70
0
 10
626846.804598998
 20
4832859.037986586
 10
626841.0890617499
 20
4832882.927656565
  0
LWPOLYLINE
  5
94
330
17
100
AcDbEntity
  8
ROADS
100
AcDbPolyline
 90
2
 70
0
 10
626882.9776459124
 20
4832857.60755099
 10
626870.9434089509
 20
4832898.033548939
  0
LWPOLYLINE
  5
95
330
17
100
AcDbEntity
  8
ROADS
100
AcDbPolyline
 90
2
 70
0
 10
626823.9233744459
 20
4832875.575523222
 10
626841.0890617499
 20
4832882.927656565
  0
LWPOLYLINE
  5
96
330
17
100
AcDbEntity
  8
ROADS
100
AcDbPolyline
 90
3
 70
0
 10
626823.9233744459
 20
4832875.575523222
 10
626820.7543843301
 20
4832892.332275374
 10
626841.0890617499
 20
4832882.927656565
  0
LWPOLYLINE
  5
97
330
17
100
AcDbEntity
  8
ROADS
100
AcDbPolyline
 90
2
 70
0
 10
626870.9434089509
 20
4832898.033548939
 10
626841.0890617499
 20
4832882.927656565
  0
LWPOLYLINE
  5
98
330
17
100
AcDbEntity
  8
ROADS
100
AcDbPolyline
 90
2
 70
0
 10
627014.4294749621
 20
4832799.5663469145
 10
626954.8216645796
 20
4833006.1028473005
  0
LWPOLYLINE
  5
99
330
17
100
AcDbEntity
  8
ROADS
100
AcDbPolyline
 90
2
 70
0
 10
627266.2130602165
 20
4832943.611987261
 10
627268.5782952457
 20
4832958.050622966
  0
LWPOLYLINE
  5
9A
330
17
100
AcDbEntity
  8
ROADS
100
AcDbPolyline
 90
2
 70
0
 10
627278.2488895406
 20
4832945.599602239
 10
627268.5782952457
 20
4832958.050622966
  0
LWPOLYLINE
  5
9B
330
17
100
AcDbEntity
  8
ROADS
100
AcDbPolyline
 90
2
 70
0
 10
627338.579813015
 20
4832968.002197108
 10
627298.8394692583
 20
4832956.097333135
  0
LWPOLYLINE
  5
9C
330
17
100
AcDbEntity
  8
ROADS
100
AcDbPolyline
 90
2
 70
0
 10
627125.1890515259
 20
4832919.611155283
 10
627095.7061239127
 20
4833047.948280088
  0
LWPOLYLINE
  5
9D
330
17
100
AcDbEntity
  8
ROADS
100
AcDbPolyline
 90
2
 70
0
 10
627338.579813015
 20
4832968.002197108
 10
627325.5752857279
 20
4833009.822799455
  0
LWPOLYLINE
  5
9E
330
17
100
AcDbEntity
  8
ROADS
100
AcDbPolyline
 90
2
 70
0
 10
627268.5782952457
 20
4832958.050622966
 10
627228.2148459384
 20
4833069.887159102
  0
LWPOLYLINE
  5
9F
330
17
100
AcDbEntity
  8
ROADS
100
AcDbPolyline
 90
2
 70
0
 10
627298.8394692583
 20
4832956.097333135
 10
627256.8225258901
 20
4833095.679718995
  0
LWPOLYLINE
  5
A0
330
17
100
AcDbEntity
  8
ROADS
100
AcDbPolyline
 90
2
 70
0
 10
627095.7061239127
 20
4833047.948280088
 10
627052.1658432832
 20
4833035.364705792
  0
LWPOLYLINE
  5
A1
330
17
100
AcDbEntity
  8
ROADS
100
AcDbPolyline
 90
2
 70
0
 10
627153.6883143235
 20
4833064.958106018
 10
627095.7061239127
 20
4833047.948280088
  0
LWPOLYLINE
  5
A2
330
17
100
AcDbEntity
  8
ROADS
100
AcDbPolyline
 90
2
 70
0
 10
627216.8801835838
 20
4833083.830195728
 10
627153.6883143235
 20
4833064.958106018
  0
LWPOLYLINE
  5
A3
330
17
100
AcDbEntity
  8
ROADS
100
AcDbPolyline
 90
2
 70
0
 10
626849.0020933017
 20
4832973.404642215
 10
626729.5764661671
 20
4832937.511397777
  0
LWPOLYLINE
  5
A4
330
17
100
AcDbEntity
  8
ROADS
100
AcDbPolyline
 90
2
 70
0
 10
626729.5764661671
 20
4832937.511397777
 10
626705.52542072
 20
4833018.2836584905
  0
LWPOLYLINE
  5
A5
330
17
100
AcDbEntity
  8
ROADS
100
AcDbPolyline
 90
2
 70
0
 10
626705.52542072
 20
4833018.2836584905
 10
626656.6849543827
 20
4833004.527032474
  0
LWPOLYLINE
  5
A6
330
17
100
AcDbEntity
  8
ROADS
100
AcDbPolyline
 90
2
 70
0
 10
626705.52542072
 20
4833018.2836584905
 10
626675.3666294276
 20
4833119.3847602485
  0
LWPOLYLINE
  5
A7
330
17
100
AcDbEntity
  8
ROADS
100
AcDbPolyline
 90
2
 70
0
 10
626675.3666294276
 20
4833119.3847602485
 10
626598.8619754949
 20
4833096.349491432
  0
LWPOLYLINE
  5
A8
330
17
100
AcDbEntity
  8
ROADS
100
AcDbPolyline
 90
2
 70
0
 10
626749.2181474806
 20
4833140.575605194
 10
626765.048751184
 20
4833091.012680942
  0
LWPOLYLINE
  5
A9
330
17
100
AcDbEntity
  8
ROADS
100
AcDbPolyline
 90
2
 70
0
 10
626724.7603183263
 20
4833133.733215385
 10
626675.3666294276
 20
4833119.3847602485
  0
LWPOLYLINE
  5
AA
330
17
100
AcDbEntity
  8
ROADS
100
AcDbPolyline
 90
2
 70
0
 10
626870.9434089509
 20
4832898.033548939
 10
626849.0020933017
 20
4832973.404642215
  0
LWPOLYLINE
  5
AB
330
17
100
AcDbEntity
  8
ROADS
100
AcDbPolyline
 90
2
 70
0
 10
626954.8216645796
 20
4833006.1028473005
 10
626849.0020933017
 20
4832973.404642215
  0
LWPOLYLINE
  5
AC
330
17
100
AcDbEntity
  8
ROADS
100
AcDbPolyline
 90
2
 70
0
 10
626849.0020933017
 20
4832973.404642215
 10
626836.3742279911
 20
4833009.933668357
  0
LWPOLYLINE
  5
AD
330
17
100
AcDbEntity
  8
ROADS
100
AcDbPolyline
 90
2
 70
0
 10
626836.3742279911
 20
4833009.933668357
 10
626798.2096768685
 20
4832998.436316299
  0
LWPOLYLINE
  5
AE
330
17
100
AcDbEntity
  8
ROADS
100
AcDbPolyline
 90
2
 70
0
 10
627052.1658432832
 20
4833035.364705792
 10
626954.8216645796
 20
4833006.1028473005
  0
LWPOLYLINE
  5
AF
330
17
100
AcDbEntity
  8
ROADS
100
AcDbPolyline
 90
2
 70
0
 10
626836.3742279911
 20
4833009.933668357
 10
626794.260599984
 20
4833154.314398253
  0
LWPOLYLINE
  5
B0
330
17
100
AcDbEntity
  8
ROADS
100
AcDbPolyline
 90
2
 70
0
 10
626974.1495282449
 20
4833077.119453017
 10
626973.6040566842
 20
4833087.381223117
  0
LWPOLYLINE
  5
B1
330
17
100
AcDbEntity
  8
ROADS
100
AcDbPolyline
 90
2
 70
0
 10
626973.6040566842
 20
4833087.381223117
 10
626964.387656947
 20
4833113.104246909
  0
LWPOLYLINE
  5
B2
330
17
100
AcDbEntity
  8
ROADS
100
AcDbPolyline
 90
2
 70
0
 10
626973.6040566842
 20
4833087.381223117
 10
626989.669644781
 20
4833113.633146894
  0
LWPOLYLINE
  5
B3
330
17
100
AcDbEntity
  8
ROADS
100
AcDbPolyline
 90
3
 70
0
 10
626974.1495282449
 20
4833077.119453017
 10
627038.035130733
 20
4833095.730055809
 10
627024.766941105
 20
4833141.18307382
  0
LWPOLYLINE
  5
B4
330
17
100
AcDbEntity
  8
ROADS
100
AcDbPolyline
 90
2
 70
0
 10
627228.2148459384
 20
4833069.887159102
 10
627216.8801835838
 20
4833083.830195728
  0
LWPOLYLINE
  5
B5
330
17
100
AcDbEntity
  8
ROADS
100
AcDbPolyline
 90
2
 70
0
 10
627228.2148459384
 20
4833069.887159102
 10
627228.0327987915
 20
4833087.0439309785
  0
LWPOLYLINE
  5
B6
330
17
100
AcDbEntity
  8
ROADS
100
AcDbPolyline
 90
2
 70
0
 10
627228.0327987915
 20
4833087.0439309785
 10
627216.8801835838
 20
4833083.830195728
  0
LWPOLYLINE
  5
B7
330
17
100
AcDbEntity
  8
ROADS
100
AcDbPolyline
 90
2
 70
0
 10
627256.8225258901
 20
4833095.679718995
 10
627228.0327987915
 20
4833087.0439309785
  0
LWPOLYLINE
  5
B8
330
17
100
AcDbEntity
  8
ROADS
100
AcDbPolyline
 90
2
 70
0
 10
627336.3742632425
 20
4833119.098739707
 10
627256.8225258901
 20
4833095.679718995
  0
LWPOLYLINE
  5
B9
330
17
100
AcDbEntity
  8
ROADS
100
AcDbPolyline
 90
3
 70
0
 10
627153.6883143235
 20
4833064.958106018
 10
627127.0438667604
 20
4833155.203178672
 10
627011.3195886337
 20
4833187.252888425
  0
LWPOLYLINE
  5
BA
330
17
100
AcDbEntity
  8
ROADS
100
AcDbPolyline
 90
2
 70
0
 10
627208.4514168041
 20
4833237.017351794
 10
627134.1073830767
 20
4833226.306703592
  0
LWPOLYLINE
  5
BB
330
17
100
AcDbEntity
  8
ROADS
100
AcDbPolyline
 90
2
 70
0
 10
627257.0658249629
 20
4833251.880795065
 10
627208.4514168041
 20
4833237.017351794
  0
LWPOLYLINE
  5
BC
330
17
100
AcDbEntity
  8
ROADS
100
AcDbPolyline
 90
3
 70
0
 10
627363.2340195002
 20
4833245.317980445
 10
627316.6432278411
 20
4833250.29233578
 10
627305.1091496699
 20
4833266.0278778
  0
LWPOLYLINE
  5
BD
330
17
100
AcDbEntity
  8
ROADS
100
AcDbPolyline
 90
2
 70
0
 10
627305.1091496699
 20
4833266.0278778
 10
627257.0658249629
 20
4833251.880795065
  0
LWPOLYLINE
  5
BE
330
17
100
AcDbEntity
  8
ROADS
100
AcDbPolyline
 90
2
 70
0
 10
626749.2181474806
 20
4833140.575605194
 10
626724.7603183263
 20
4833133.733215385
  0
LWPOLYLINE
  5
BF
330
17
100
AcDbEntity
  8
ROADS
100
AcDbPolyline
 90
2
 70
0
 10
626794.260599984
 20
4833154.314398253
 10
626749.2181474806
 20
4833140.575605194
  0
LWPOLYLINE
  5
C0
330
17
100
AcDbEntity
  8
ROADS
100
AcDbPolyline
 90
2
 70
0
 10
626724.7603183263
 20
4833133.733215385
 10
626709.6949225878
 20
4833187.935239814
  0
LWPOLYLINE
  5
C1
330
17
100
AcDbEntity
  8
ROADS
100
AcDbPolyline
 90
2
 70
0
 10
626675.3666294276
 20
4833119.3847602485
 10
626635.1373291737
 20
4833253.68085371
  0
LWPOLYLINE
  5
C2
330
17
100
AcDbEntity
  8
ROADS
100
AcDbPolyline
 90
2
 70
0
 10
626794.260599984
 20
4833154.314398253
 10
626762.7265167146
 20
4833259.961937083
  0
LWPOLYLINE
  5
C3
330
17
100
AcDbEntity
  8
ROADS
100
AcDbPolyline
 90
2
 70
0
 10
626635.1373291737
 20
4833253.68085371
 10
626536.5642523826
 20
4833224.13092084
  0
LWPOLYLINE
  5
C4
330
17
100
AcDbEntity
  8
ROADS
100
AcDbPolyline
 90
2
 70
0
 10
626753.894374121
 20
4833288.881077471
 10
626635.1373291737
 20
4833253.68085371
  0
LWPOLYLINE
  5
C5
330
17
100
AcDbEntity
  8
ROADS
100
AcDbPolyline
 90
2
 70
0
 10
626762.7265167146
 20
4833259.961937083
 10
626753.894374121
 20
4833288.881077471
  0
LWPOLYLINE
  5
C6
330
17
100
AcDbEntity
  8
ROADS
100
AcDbPolyline
 90
2
 70
0
 10
626964.387656947
 20
4833113.104246909
 10
626978.4675872028
 20
4833110.99755477
  0
LWPOLYLINE
  5
C7
330
17
100
AcDbEntity
  8
ROADS
100
AcDbPolyline
 90
2
 70
0
 10
626978.4675872028
 20
4833110.99755477
 10
626989.669644781
 20
4833113.633146894
  0
LWPOLYLINE
  5
C8
330
17
100
AcDbEntity
  8
ROADS
100
AcDbPolyline
 90
2
 70
0
 10
626964.387656947
 20
4833113.104246909
 10
626950.9779912614
 20
4833122.724509873
  0
LWPOLYLINE
  5
C9
330
17
100
AcDbEntity
  8
ROADS
100
AcDbPolyline
 90
2
 70
0
 10
626978.4675872028
 20
4833110.99755477
 10
626973.305137616
 20
4833129.432391569
  0
LWPOLYLINE
  5
CA
330
17
100
AcDbEntity
  8
ROADS
100
AcDbPolyline
 90
2
 70
0
 10
626989.669644781
 20
4833113.633146894
 10
627024.766941105
 20
4833141.18307382
  0
LWPOLYLINE
  5
CB
330
17
100
AcDbEntity
  8
ROADS
100
AcDbPolyline
 90
3
 70
0
 10
626974.1495282449
 20
4833077.119453017
 10
626937.1580019775
 20
4833066.343330258
 10
626898.0486049834
 20
4833228.648478622
  0
LWPOLYLINE
  5
CC
330
17
100
AcDbEntity
  8
ROADS
100
AcDbPolyline
 90
2
 70
0
 10
627024.766941105
 20
4833141.18307382
 10
627011.3195886337
 20
4833187.252888425
  0
LWPOLYLINE
  5
CD
330
17
100
AcDbEntity
  8
ROADS
100
AcDbPolyline
 90
2
 70
0
 10
627011.3195886337
 20
4833187.252888425
 10
626898.0486049834
 20
4833228.648478622
  0
LWPOLYLINE
  5
CE
330
17
100
AcDbEntity
  8
ROADS
100
AcDbPolyline
 90
3
 70
0
 10
626898.0486049834
 20
4833228.648478622
 10
626809.7899166895
 20
4833273.212238417
 10
626762.7265167146
 20
4833259.961937083
  0
LWPOLYLINE
  5
CF
330
17
100
AcDbEntity
  8
ROADS
100
AcDbPolyline
 90
4
 70
0
 10
627134.1073830767
 20
4833226.306703592
 10
626966.4958525936
 20
4833289.625130043
 10
626875.8954265596
 20
4833341.580014228
 10
626860.2553421907
 20
4833371.081167053
  0
LWPOLYLINE
  5
D0
330
17
100
AcDbEntity
  8
ROADS
100
AcDbPolyline
 90
2
 70
0
 10
626522.3556992413
 20
4833324.226959297
 10
626503.7096025046
 20
4833318.779685459
  0
LWPOLYLINE
  5
D1
330
17
100
AcDbEntity
  8
ROADS
100
AcDbPolyline
 90
2
 70
0
 10
628214.5729097308
 20
4832924.866948985
 10
628178.8541384728
 20
4833037.507289867
  0
LWPOLYLINE
  5
D2
330
17
100
AcDbEntity
  8
ROADS
100
AcDbPolyline
 90
2
 70
0
 10
628178.8541384728
 20
4833037.507289867
 10
628132.7794257769
 20
4833024.045323433
  0
LWPOLYLINE
  5
D3
330
17
100
AcDbEntity
  8
ROADS
100
AcDbPolyline
 90
3
 70
0
 10
628311.522999834
 20
4832999.973750445
 10
628288.0803637125
 20
4833062.955226661
 10
628178.8541384728
 20
4833037.507289867
  0
LWPOLYLINE
  5
D4
330
17
100
AcDbEntity
  8
ROADS
100
AcDbPolyline
 90
3
 70
0
 10
628390.1291161384
 20
4833058.415916707
 10
628371.3008880574
 20
4833084.19946301
 10
628368.9579496316
 20
4833133.272327645
  0
LWPOLYLINE
  5
D5
330
17
100
AcDbEntity
  8
ROADS
100
AcDbPolyline
 90
2
 70
0
 10
628178.8541384728
 20
4833037.507289867
 10
628145.2295417208
 20
4833140.8468501195
  0
LWPOLYLINE
  5
D6
330
17
100
AcDbEntity
  8
ROADS
100
AcDbPolyline
 90
2
 70
0
 10
628516.5032479091
 20
4833317.286533237
 10
628456.4272730647
 20
4833299.332857402
  0
LWPOLYLINE
  5
D7
330
17
100
AcDbEntity
  8
ROADS
100
AcDbPolyline
 90
2
 70
0
 10
628526.1501998932
 20
4833351.913151277
 10
628455.9166140407
 20
4833409.125825566
  0
LWPOLYLINE
  5
D8
330
17
100
AcDbEntity
  8
ROADS
100
AcDbPolyline
 90
2
 70
0
 10
628411.5190817362
 20
4833395.824617366
 10
628465.7142308352
 20
4833347.870868105
  0
LWPOLYLINE
  5
D9
330
17
100
AcDbEntity
  8
ROADS
100
AcDbPolyline
 90
3
 70
0
 10
628125.7588438478
 20
4833199.860806689
 10
628045.8230983336
 20
4833177.426838825
 10
627973.171949622
 20
4833179.003059956
  0
LWPOLYLINE
  5
DA
330
17
100
AcDbEntity
  8
ROADS
100
AcDbPolyline
 90
2
 70
0
 10
627973.171949622
 20
4833179.003059956
 10
627956.2166912565
 20
4833234.377207897
  0
LWPOLYLINE
  5
DB
330
17
100
AcDbEntity
  8
ROADS
100
AcDbPolyline
 90
2
 70
0
 10
628125.7588438478
 20
4833199.860806689
 10
628102.0400787523
 20
4833276.515126271
  0
LWPOLYLINE
  5
DC
330
17
100
AcDbEntity
  8
ROADS
100
AcDbPolyline
 90
3
 70
0
 10
627956.2166912565
 20
4833234.377207897
 10
627949.8858115817
 20
4833226.241280429
 10
627954.3009584676
 20
4833265.803401276
  0
LWPOLYLINE
  5
DD
330
17
100
AcDbEntity
  8
ROADS
100
AcDbPolyline
 90
2
 70
0
 10
628008.8871082705
 20
4833262.104204981
 10
627956.2166912565
 20
4833234.377207897
  0
LWPOLYLINE
  5
DE
330
17
100
AcDbEntity
  8
ROADS
100
AcDbPolyline
 90
2
 70
0
 10
627984.9379652133
 20
4833265.922758629
 10
627956.2166912565
 20
4833234.377207897
  0
LWPOLYLINE
  5
DF
330
17
100
AcDbEntity
  8
ROADS
100
AcDbPolyline
 90
2
 70
0
 10
627961.9828378612
 20
4833259.374010554
 10
627954.3009584676
 20
4833265.803401276
  0
LWPOLYLINE
  5
E0
330
17
100
AcDbEntity
  8
ROADS
100
AcDbPolyline
 90
2
 70
0
 10
627984.9379652133
 20
4833265.922758629
 10
628008.8871082705
 20
4833262.104204981
  0
LWPOLYLINE
  5
E1
330
17
100
AcDbEntity
  8
ROADS
100
AcDbPolyline
 90
2
 70
0
 10
627984.9379652133
 20
4833265.922758629
 10
627954.3009584676
 20
4833265.803401276
  0
LWPOLYLINE
  5
E2
330
17
100
AcDbEntity
  8
ROADS
100
AcDbPolyline
 90
2
 70
0
 10
628102.0400787523
 20
4833276.515126271
 10
628008.8871082705
 20
4833262.104204981
  0
LWPOLYLINE
  5
E3
330
17
100
AcDbEntity
  8
ROADS
100
AcDbPolyline
 90
4
 70
0
 10
628368.9579496316
 20
4833133.272327645
 10
628370.0750985094
 20
4833170.454942776
 10
628310.5089414276
 20
4833186.130544712
 10
628271.747193625
 20
4833244.578878782
  0
LWPOLYLINE
  5
E4
330
17
100
AcDbEntity
  8
ROADS
100
AcDbPolyline
 90
2
 70
0
 10
628224.6405629028
 20
4833230.665703067
 10
628125.7588438478
 20
4833199.860806689
  0
LWPOLYLINE
  5
E5
330
17
100
AcDbEntity
  8
ROADS
100
AcDbPolyline
 90
2
 70
0
 10
628271.747193625
 20
4833244.578878782
 10
628224.6405629028
 20
4833230.665703067
  0
LWPOLYLINE
  5
E6
330
17
100
AcDbEntity
  8
ROADS
100
AcDbPolyline
 90
2
 70
0
 10
628271.747193625
 20
4833244.578878782
 10
628259.8046965047
 20
4833290.050017208
  0
LWPOLYLINE
  5
E7
330
17
100
AcDbEntity
  8
ROADS
100
AcDbPolyline
 90
2
 70
0
 10
628224.6405629028
 20
4833230.665703067
 10
628202.1601166695
 20
4833305.535305795
  0
LWPOLYLINE
  5
E8
330
17
100
AcDbEntity
  8
ROADS
100
AcDbPolyline
 90
2
 70
0
 10
628456.4272730647
 20
4833299.332857402
 10
628271.747193625
 20
4833244.578878782
  0
LWPOLYLINE
  5
E9
330
17
100
AcDbEntity
  8
ROADS
100
AcDbPolyline
 90
2
 70
0
 10
628273.4527529303
 20
4833288.2145365225
 10
628259.8046965047
 20
4833290.050017208
  0
LWPOLYLINE
  5
EA
330
17
100
AcDbEntity
  8
ROADS
100
AcDbPolyline
 90
2
 70
0
 10
628202.1601166695
 20
4833305.535305795
 10
628102.0400787523
 20
4833276.515126271
  0
LWPOLYLINE
  5
EB
330
17
100
AcDbEntity
  8
ROADS
100
AcDbPolyline
 90
2
 70
0
 10
628259.8046965047
 20
4833290.050017208
 10
628230.889517058
 20
4833386.129714442
  0
LWPOLYLINE
  5
EC
330
17
100
AcDbEntity
  8
ROADS
100
AcDbPolyline
 90
2
 70
0
 10
628202.1601166695
 20
4833305.535305795
 10
628182.6128974814
 20
4833371.382322836
  0
LWPOLYLINE
  5
ED
330
17
100
AcDbEntity
  8
ROADS
100
AcDbPolyline
 90
2
 70
0
 10
628456.4272730647
 20
4833299.332857402
 10
628376.9061410691
 20
4833385.680442067
  0
LWPOLYLINE
  5
EE
330
17
100
AcDbEntity
  8
ROADS
100
AcDbPolyline
 90
2
 70
0
 10
628182.6128974814
 20
4833371.382322836
 10
628135.6983155343
 20
4833357.46810328
  0
LWPOLYLINE
  5
EF
330
17
100
AcDbEntity
  8
ROADS
100
AcDbPolyline
 90
2
 70
0
 10
628230.889517058
 20
4833386.129714442
 10
628182.6128974814
 20
4833371.382322836
  0
LWPOLYLINE
  5
F0
330
17
100
AcDbEntity
  8
ROADS
100
AcDbPolyline
 90
2
 70
0
 10
628411.5190817362
 20
4833395.824617366
 10
628376.9061410691
 20
4833385.680442067
  0
LWPOLYLINE
  5
F1
330
17
100
AcDbEntity
  8
ROADS
100
AcDbPolyline
 90
2
 70
0
 10
628334.3636219561
 20
4833416.432634608
 10
628230.889517058
 20
4833386.129714442
  0
LWPOLYLINE
  5
F2
330
17
100
AcDbEntity
  8
ROADS
100
AcDbPolyline
 90
2
 70
0
 10
628455.9166140407
 20
4833409.125825566
 10
628411.5190817362
 20
4833395.824617366
  0
LWPOLYLINE
  5
F3
330
17
100
AcDbEntity
  8
ROADS
100
AcDbPolyline
 90
2
 70
0
 10
628376.9061410691
 20
4833385.680442067
 10
628345.1651580427
 20
4833419.596043132
  0
LWPOLYLINE
  5
F4
330
17
100
AcDbEntity
  8
ROADS
100
AcDbPolyline
 90
2
 70
0
 10
628345.1651580427
 20
4833419.596043132
 10
628334.3636219561
 20
4833416.432634608
  0
LWPOLYLINE
  5
F5
330
17
100
AcDbEntity
  8
ROADS
100
AcDbPolyline
 90
2
 70
0
 10
628423.7086396568
 20
4833444.588094438
 10
628345.1651580427
 20
4833419.596043132
  0
LWPOLYLINE
  5
F6
330
17
100
AcDbEntity
  8
ROADS
100
AcDbPolyline
 90
2
 70
0
 10
628334.3636219561
 20
4833416.432634608
 10
628314.8504652955
 20
4833452.117322662
  0
LWPOLYLINE
  5
F7
330
17
100
AcDbEntity
  8
ROADS
100
AcDbPolyline
 90
2
 70
0
 10
628024.1761227449
 20
4833323.7690593405
 10
627996.385754215
 20
4833315.2242987305
  0
LWPOLYLINE
  5
F8
330
17
100
AcDbEntity
  8
ROADS
100
AcDbPolyline
 90
2
 70
0
 10
628082.6094793241
 20
4833341.720191304
 10
628024.1761227449
 20
4833323.7690593405
  0
LWPOLYLINE
  5
F9
330
17
100
AcDbEntity
  8
ROADS
100
AcDbPolyline
 90
2
 70
0
 10
627932.9671030877
 20
4833296.442531493
 10
627912.841629009
 20
4833374.642335726
  0
LWPOLYLINE
  5
FA
330
17
100
AcDbEntity
  8
ROADS
100
AcDbPolyline
 90
2
 70
0
 10
628135.6983155343
 20
4833357.46810328
 10
628082.6094793241
 20
4833341.720191304
  0
LWPOLYLINE
  5
FB
330
17
100
AcDbEntity
  8
ROADS
100
AcDbPolyline
 90
2
 70
0
 10
628024.1761227449
 20
4833323.7690593405
 10
628001.9573343969
 20
4833400.705472562
  0
LWPOLYLINE
  5
FC
330
17
100
AcDbEntity
  8
ROADS
100
AcDbPolyline
 90
2
 70
0
 10
628001.9573343969
 20
4833400.705472562
 10
627912.841629009
 20
4833374.642335726
  0
LWPOLYLINE
  5
FD
330
17
100
AcDbEntity
  8
ROADS
100
AcDbPolyline
 90
2
 70
0
 10
627912.841629009
 20
4833374.642335726
 10
627892.797073951
 20
4833440.506305304
  0
LWPOLYLINE
  5
FE
330
17
100
AcDbEntity
  8
ROADS
100
AcDbPolyline
 90
2
 70
0
 10
628082.6094793241
 20
4833341.720191304
 10
628042.2462620132
 20
4833485.349005249
  0
LWPOLYLINE
  5
FF
330
17
100
AcDbEntity
  8
ROADS
100
AcDbPolyline
 90
2
 70
0
 10
628135.6983155343
 20
4833357.46810328
 10
628092.3342126402
 20
4833500.415162372
  0
LWPOLYLINE
  5
100
330
17
100
AcDbEntity
  8
ROADS
100
AcDbPolyline
 90
2
 70
0
 10
628001.9573343969
 20
4833400.705472562
 10
627980.201145608
 20
4833466.874545359
  0
LWPOLYLINE
  5
101
330
17
100
AcDbEntity
  8
ROADS
100
AcDbPolyline
 90
2
 70
0
 10
628182.6128974814
 20
4833371.382322836
 10
628139.4193614132
 20
4833514.297980756
  0
LWPOLYLINE
  5
102
330
17
100
AcDbEntity
  8
ROADS
100
AcDbPolyline
 90
2
 70
0
 10
628230.889517058
 20
4833386.129714442
 10
628188.702729515
 20
4833528.453546907
  0
LWPOLYLINE
  5
103
330
17
100
AcDbEntity
  8
ROADS
100
AcDbPolyline
 90
3
 70
0
 10
628352.3914466946
 20
4833476.656357334
 10
628358.5702910827
 20
4833466.948387151
 10
628314.8504652955
 20
4833452.117322662
  0
LWPOLYLINE
  5
104
330
17
100
AcDbEntity
  8
ROADS
100
AcDbPolyline
 90
2
 70
0
 10
628314.8504652955
 20
4833452.117322662
 10
628297.7172435292
 20
4833480.620549221
  0
LWPOLYLINE
  5
105
330
17
100
AcDbEntity
  8
ROADS
100
AcDbPolyline
 90
2
 70
0
 10
628423.7086396568
 20
4833444.588094438
 10
628379.9807007583
 20
4833506.345886718
  0
LWPOLYLINE
  5
106
330
17
100
AcDbEntity
  8
ROADS
100
AcDbPolyline
 90
2
 70
0
 10
628379.9807007583
 20
4833506.345886718
 10
628297.7172435292
 20
4833480.620549221
  0
LWPOLYLINE
  5
107
330
17
100
AcDbEntity
  8
ROADS
100
AcDbPolyline
 90
2
 70
0
 10
628297.7172435292
 20
4833480.620549221
 10
628278.6405318241
 20
4833512.297856578
  0
LWPOLYLINE
  5
108
330
17
100
AcDbEntity
  8
ROADS
100
AcDbPolyline
 90
2
 70
0
 10
628278.6405318241
 20
4833512.297856578
 10
628319.9904420906
 20
4833524.569931513
  0
LWPOLYLINE
  5
109
330
17
100
AcDbEntity
  8
ROADS
100
AcDbPolyline
 90
2
 70
0
 10
628188.702729515
 20
4833528.453546907
 10
628139.4193614132
 20
4833514.297980756
  0
LWPOLYLINE
  5
10A
330
17
100
AcDbEntity
  8
ROADS
100
AcDbPolyline
 90
2
 70
0
 10
628278.6405318241
 20
4833512.297856578
 10
628256.8069385772
 20
4833548.60663863
  0
LWPOLYLINE
  5
10B
330
17
100
AcDbEntity
  8
ROADS
100
AcDbPolyline
 90
2
 70
0
 10
628132.7794257769
 20
4833024.045323433
 10
628113.1220450453
 20
4833043.309346438
  0
LWPOLYLINE
  5
10C
330
17
100
AcDbEntity
  8
ROADS
100
AcDbPolyline
 90
2
 70
0
 10
628132.7794257769
 20
4833024.045323433
 10
628121.4150798678
 20
4833062.373436916
  0
LWPOLYLINE
  5
10D
330
17
100
AcDbEntity
  8
ROADS
100
AcDbPolyline
 90
2
 70
0
 10
628113.1220450453
 20
4833043.309346438
 10
628100.4223266883
 20
4833052.157925308
  0
LWPOLYLINE
  5
10E
330
17
100
AcDbEntity
  8
ROADS
100
AcDbPolyline
 90
2
 70
0
 10
628100.4223266883
 20
4833052.157925308
 10
628068.276894365
 20
4833044.264528681
  0
LWPOLYLINE
  5
10F
330
17
100
AcDbEntity
  8
ROADS
100
AcDbPolyline
 90
2
 70
0
 10
628121.4150798678
 20
4833062.373436916
 10
628113.1220450453
 20
4833043.309346438
  0
LWPOLYLINE
  5
110
330
17
100
AcDbEntity
  8
ROADS
100
AcDbPolyline
 90
2
 70
0
 10
628121.4150798678
 20
4833062.373436916
 10
628100.4223266883
 20
4833052.157925308
  0
LWPOLYLINE
  5
111
330
17
100
AcDbEntity
  8
ROADS
100
AcDbPolyline
 90
2
 70
0
 10
627913.5034947481
 20
4833018.7795488015
 10
627885.7170440576
 20
4833112.061887017
  0
LWPOLYLINE
  5
112
330
17
100
AcDbEntity
  8
ROADS
100
AcDbPolyline
 90
3
 70
0
 10
628121.4150798678
 20
4833062.373436916
 10
628095.1027219307
 20
4833106.0717718
 10
627885.7170440576
 20
4833112.061887017
  0
LWPOLYLINE
  5
113
330
17
100
AcDbEntity
  8
ROADS
100
AcDbPolyline
 90
2
 70
0
 10
628145.2295417208
 20
4833140.8468501195
 10
628125.7588438478
 20
4833199.860806689
  0
LWPOLYLINE
  5
114
330
17
100
AcDbEntity
  8
ROADS
100
AcDbPolyline
 90
2
 70
0
 10
627973.171949622
 20
4833179.003059956
 10
627864.8590424785
 20
4833182.100932516
  0
LWPOLYLINE
  5
115
330
17
100
AcDbEntity
  8
ROADS
100
AcDbPolyline
 90
2
 70
0
 10
627864.8590424785
 20
4833182.100932516
 10
627720.9220045658
 20
4833195.873713263
  0
LWPOLYLINE
  5
116
330
17
100
AcDbEntity
  8
ROADS
100
AcDbPolyline
 90
2
 70
0
 10
627720.9220045658
 20
4833195.873713263
 10
627709.624942685
 20
4833231.695831274
  0
LWPOLYLINE
  5
117
330
17
100
AcDbEntity
  8
ROADS
100
AcDbPolyline
 90
2
 70
0
 10
627709.624942685
 20
4833231.695831274
 10
627651.971277039
 20
4833214.763891643
  0
LWPOLYLINE
  5
118
330
17
100
AcDbEntity
  8
ROADS
100
AcDbPolyline
 90
2
 70
0
 10
627864.8590424785
 20
4833182.100932516
 10
627839.4404502088
 20
4833268.6461055195
  0
LWPOLYLINE
  5
119
330
17
100
AcDbEntity
  8
ROADS
100
AcDbPolyline
 90
2
 70
0
 10
627839.4404502088
 20
4833268.6461055195
 10
627709.624942685
 20
4833231.695831274
  0
LWPOLYLINE
  5
11A
330
17
100
AcDbEntity
  8
ROADS
100
AcDbPolyline
 90
2
 70
0
 10
627839.4404502088
 20
4833268.6461055195
 10
627816.1482461705
 20
4833345.43707214
  0
LWPOLYLINE
  5
11B
330
17
100
AcDbEntity
  8
ROADS
100
AcDbPolyline
 90
2
 70
0
 10
627680.2794345374
 20
4833313.767962686
 10
627655.3522180753
 20
4833305.088027137
  0
LWPOLYLINE
  5
11C
330
17
100
AcDbEntity
  8
ROADS
100
AcDbPolyline
 90
2
 70
0
 10
627680.2794345374
 20
4833313.767962686
 10
627668.5007365249
 20
4833342.733685301
  0
LWPOLYLINE
  5
11D
330
17
100
AcDbEntity
  8
ROADS
100
AcDbPolyline
 90
2
 70
0
 10
627816.1482461705
 20
4833345.43707214
 10
627680.2794345374
 20
4833313.767962686
  0
LWPOLYLINE
  5
11E
330
17
100
AcDbEntity
  8
ROADS
100
AcDbPolyline
 90
2
 70
0
 10
627912.841629009
 20
4833374.642335726
 10
627816.1482461705
 20
4833345.43707214
  0
LWPOLYLINE
  5
11F
330
17
100
AcDbEntity
  8
ROADS
100
AcDbPolyline
 90
2
 70
0
 10
627954.3009584676
 20
4833265.803401276
 10
627995.9637949319
 20
4833281.299496251
  0
LWPOLYLINE
  5
120
330
17
100
AcDbEntity
  8
ROADS
100
AcDbPolyline
 90
2
 70
0
 10
627954.3009584676
 20
4833265.803401276
 10
627932.9671030877
 20
4833296.442531493
  0
LWPOLYLINE
  5
121
330
17
100
AcDbEntity
  8
ROADS
100
AcDbPolyline
 90
2
 70
0
 10
627932.9671030877
 20
4833296.442531493
 10
627839.4404502088
 20
4833268.6461055195
  0
LWPOLYLINE
  5
122
330
17
100
AcDbEntity
  8
ROADS
100
AcDbPolyline
 90
2
 70
0
 10
628008.8871082705
 20
4833262.104204981
 10
627999.2924039579
 20
4833305.0721744355
  0
LWPOLYLINE
  5
123
330
17
100
AcDbEntity
  8
ROADS
100
AcDbPolyline
 90
2
 70
0
 10
627954.3009584676
 20
4833265.803401276
 10
627951.9871646606
 20
4833302.206119199
  0
LWPOLYLINE
  5
124
330
17
100
AcDbEntity
  8
ROADS
100
AcDbPolyline
 90
2
 70
0
 10
627954.3009584676
 20
4833265.803401276
 10
627999.2924039579
 20
4833305.0721744355
  0
LWPOLYLINE
  5
125
330
17
100
AcDbEntity
  8
ROADS
100
AcDbPolyline
 90
2
 70
0
 10
627951.9871646606
 20
4833302.206119199
 10
627932.9671030877
 20
4833296.442531493
  0
LWPOLYLINE
  5
126
330
17
100
AcDbEntity
  8
ROADS
100
AcDbPolyline
 90
2
 70
0
 10
627996.385754215
 20
4833315.2242987305
 10
627951.9871646606
 20
4833302.206119199
  0
LWPOLYLINE
  5
127
330
17
100
AcDbEntity
  8
ROADS
100
AcDbPolyline
 90
2
 70
0
 10
628102.0400787523
 20
4833276.515126271
 10
628082.6094793241
 20
4833341.720191304
  0
LWPOLYLINE
  5
128
330
17
100
AcDbEntity
  8
ROADS
100
AcDbPolyline
 90
2
 70
0
 10
627999.2924039579
 20
4833305.0721744355
 10
627996.385754215
 20
4833315.2242987305
  0
LWPOLYLINE
  5
129
330
17
100
AcDbEntity
  8
ROADS
100
AcDbPolyline
 90
2
 70
0
 10
627095.2726903053
 20
4833386.908289791
 10
627134.1073830767
 20
4833226.306703592
  0
LWPOLYLINE
  5
12A
330
17
100
AcDbEntity
  8
ROADS
100
AcDbPolyline
 90
2
 70
0
 10
627208.4514168041
 20
4833237.017351794
 10
627158.2200349385
 20
4833405.807019947
  0
LWPOLYLINE
  5
12B
330
17
100
AcDbEntity
  8
ROADS
100
AcDbPolyline
 90
2
 70
0
 10
627257.0658249629
 20
4833251.880795065
 10
627206.6194975311
 20
4833420.278576996
  0
LWPOLYLINE
  5
12C
330
17
100
AcDbEntity
  8
ROADS
100
AcDbPolyline
 90
3
 70
0
 10
627363.2340195002
 20
4833245.317980445
 10
627303.756604974
 20
4833449.711845301
 10
627255.6648372463
 20
4833435.478855438
  0
LWPOLYLINE
  5
12D
330
17
100
AcDbEntity
  8
ROADS
100
AcDbPolyline
 90
2
 70
0
 10
627305.1091496699
 20
4833266.0278778
 10
627255.6648372463
 20
4833435.478855438
  0
LWPOLYLINE
  5
12E
330
17
100
AcDbEntity
  8
ROADS
100
AcDbPolyline
 90
2
 70
0
 10
627095.2726903053
 20
4833386.908289791
 10
627158.2200349385
 20
4833405.807019947
  0
LWPOLYLINE
  5
12F
330
17
100
AcDbEntity
  8
ROADS
100
AcDbPolyline
 90
2
 70
0
 10
627206.6194975311
 20
4833420.278576996
 10
627158.2200349385
 20
4833405.807019947
  0
LWPOLYLINE
  5
130
330
17
100
AcDbEntity
  8
ROADS
100
AcDbPolyline
 90
2
 70
0
 10
627079.8692492701
 20
4833439.725169415
 10
627095.2726903053
 20
4833386.908289791
  0
LWPOLYLINE
  5
131
330
17
100
AcDbEntity
  8
ROADS
100
AcDbPolyline
 90
2
 70
0
 10
627255.6648372463
 20
4833435.478855438
 10
627206.6194975311
 20
4833420.278576996
  0
LWPOLYLINE
  5
132
330
17
100
AcDbEntity
  8
ROADS
100
AcDbPolyline
 90
2
 70
0
 10
627158.2200349385
 20
4833405.807019947
 10
627142.6436643769
 20
4833458.065749122
  0
LWPOLYLINE
  5
133
330
17
100
AcDbEntity
  8
ROADS
100
AcDbPolyline
 90
4
 70
0
 10
627368.2794638276
 20
4833408.551328462
 10
627417.7647259382
 20
4833286.083964183
 10
627726.2451975339
 20
4833378.214464116
 10
627790.4508338704
 20
4833431.305139081
  0
LWPOLYLINE
  5
134
330
17
100
AcDbEntity
  8
ROADS
100
AcDbPolyline
 90
2
 70
0
 10
627462.8469610387
 20
4833436.518077411
 10
627475.8017663509
 20
4833391.586380097
  0
LWPOLYLINE
  5
135
330
17
100
AcDbEntity
  8
ROADS
100
AcDbPolyline
 90
2
 70
0
 10
627368.2794638276
 20
4833408.551328462
 10
627462.8469610387
 20
4833436.518077411
  0
LWPOLYLINE
  5
136
330
17
100
AcDbEntity
  8
ROADS
100
AcDbPolyline
 90
2
 70
0
 10
627462.8469610387
 20
4833436.518077411
 10
627553.6187674198
 20
4833463.515185435
  0
LWPOLYLINE
  5
137
330
17
100
AcDbEntity
  8
ROADS
100
AcDbPolyline
 90
2
 70
0
 10
627336.7870547681
 20
4833514.209780045
 10
627368.2794638276
 20
4833408.551328462
  0
LWPOLYLINE
  5
138
330
17
100
AcDbEntity
  8
ROADS
100
AcDbPolyline
 90
2
 70
0
 10
627430.9583074902
 20
4833542.29840306
 10
627462.8469610387
 20
4833436.518077411
  0
LWPOLYLINE
  5
139
330
17
100
AcDbEntity
  8
ROADS
100
AcDbPolyline
 90
2
 70
0
 10
627522.8095555282
 20
4833566.783887595
 10
627553.6187674198
 20
4833463.515185435
  0
LWPOLYLINE
  5
13A
330
17
100
AcDbEntity
  8
ROADS
100
AcDbPolyline
 90
2
 70
0
 10
627430.9583074902
 20
4833542.29840306
 10
627336.7870547681
 20
4833514.209780045
  0
LWPOLYLINE
  5
13B
330
17
100
AcDbEntity
  8
ROADS
100
AcDbPolyline
 90
2
 70
0
 10
627478.8279826491
 20
4833553.604218214
 10
627430.9583074902
 20
4833542.29840306
  0
LWPOLYLINE
  5
13C
330
17
100
AcDbEntity
  8
ROADS
100
AcDbPolyline
 90
2
 70
0
 10
627522.8095555282
 20
4833566.783887595
 10
627478.8279826491
 20
4833553.604218214
  0
LWPOLYLINE
  5
13D
330
17
100
AcDbEntity
  8
ROADS
100
AcDbPolyline
 90
2
 70
0
 10
627816.1482461705
 20
4833345.43707214
 10
627796.6891815722
 20
4833410.612561352
  0
LWPOLYLINE
  5
13E
330
17
100
AcDbEntity
  8
ROADS
100
AcDbPolyline
 90
2
 70
0
 10
627796.6891815722
 20
4833410.612561352
 10
627790.4508338704
 20
4833431.305139081
  0
LWPOLYLINE
  5
13F
330
17
100
AcDbEntity
  8
ROADS
100
AcDbPolyline
 90
2
 70
0
 10
627892.797073951
 20
4833440.506305304
 10
627796.6891815722
 20
4833410.612561352
  0
LWPOLYLINE
  5
140
330
17
100
AcDbEntity
  8
ROADS
100
AcDbPolyline
 90
2
 70
0
 10
627790.4508338704
 20
4833431.305139081
 10
627782.8750467441
 20
4833453.317629933
  0
LWPOLYLINE
  5
141
330
17
100
AcDbEntity
  8
ROADS
100
AcDbPolyline
 90
2
 70
0
 10
627833.0583149248
 20
4833467.9494661875
 10
627782.8750467441
 20
4833453.317629933
  0
LWPOLYLINE
  5
142
330
17
100
AcDbEntity
  8
ROADS
100
AcDbPolyline
 90
2
 70
0
 10
627880.3362034395
 20
4833481.73474684
 10
627833.0583149248
 20
4833467.9494661875
  0
LWPOLYLINE
  5
143
330
17
100
AcDbEntity
  8
ROADS
100
AcDbPolyline
 90
2
 70
0
 10
627782.8750467441
 20
4833453.317629933
 10
627745.1664744267
 20
4833580.9002600005
  0
LWPOLYLINE
  5
144
330
17
100
AcDbEntity
  8
ROADS
100
AcDbPolyline
 90
2
 70
0
 10
627833.0583149248
 20
4833467.9494661875
 10
627794.1905718906
 20
4833596.007195213
  0
LWPOLYLINE
  5
145
330
17
100
AcDbEntity
  8
ROADS
100
AcDbPolyline
 90
3
 70
0
 10
627553.6187674198
 20
4833463.515185435
 10
627663.5742957629
 20
4833497.457434081
 10
627633.6780867107
 20
4833601.668726815
  0
LWPOLYLINE
  5
146
330
17
100
AcDbEntity
  8
ROADS
100
AcDbPolyline
 90
2
 70
0
 10
627880.3362034395
 20
4833481.73474684
 10
627841.5463138116
 20
4833610.57494933
  0
LWPOLYLINE
  5
147
330
17
100
AcDbEntity
  8
ROADS
100
AcDbPolyline
 90
2
 70
0
 10
627142.6436643769
 20
4833458.065749122
 10
627079.8692492701
 20
4833439.725169415
  0
LWPOLYLINE
  5
148
330
17
100
AcDbEntity
  8
ROADS
100
AcDbPolyline
 90
2
 70
0
 10
627255.6648372463
 20
4833435.478855438
 10
627240.8513657835
 20
4833485.58725247
  0
LWPOLYLINE
  5
149
330
17
100
AcDbEntity
  8
ROADS
100
AcDbPolyline
 90
2
 70
0
 10
627240.8513657835
 20
4833485.58725247
 10
627142.6436643769
 20
4833458.065749122
  0
LWPOLYLINE
  5
14A
330
17
100
AcDbEntity
  8
ROADS
100
AcDbPolyline
 90
2
 70
0
 10
627142.6436643769
 20
4833458.065749122
 10
627130.4386516126
 20
4833496.703561776
  0
LWPOLYLINE
  5
14B
330
17
100
AcDbEntity
  8
ROADS
100
AcDbPolyline
 90
2
 70
0
 10
627130.4386516126
 20
4833496.703561776
 10
627083.3177251698
 20
4833482.982148522
  0
LWPOLYLINE
  5
14C
330
17
100
AcDbEntity
  8
ROADS
100
AcDbPolyline
 90
2
 70
0
 10
627336.7870547681
 20
4833514.209780045
 10
627240.8513657835
 20
4833485.58725247
  0
LWPOLYLINE
  5
14D
330
17
100
AcDbEntity
  8
ROADS
100
AcDbPolyline
 90
2
 70
0
 10
627179.1854299565
 20
4833511.158406523
 10
627130.4386516126
 20
4833496.703561776
  0
LWPOLYLINE
  5
14E
330
17
100
AcDbEntity
  8
ROADS
100
AcDbPolyline
 90
2
 70
0
 10
627240.8513657835
 20
4833485.58725247
 10
627228.6267354406
 20
4833525.918825841
  0
LWPOLYLINE
  5
14F
330
17
100
AcDbEntity
  8
ROADS
100
AcDbPolyline
 90
2
 70
0
 10
627228.6267354406
 20
4833525.918825841
 10
627179.1854299565
 20
4833511.158406523
  0
LWPOLYLINE
  5
150
330
17
100
AcDbEntity
  8
ROADS
100
AcDbPolyline
 90
2
 70
0
 10
627275.6381369513
 20
4833539.891286952
 10
627228.6267354406
 20
4833525.918825841
  0
LWPOLYLINE
  5
151
330
17
100
AcDbEntity
  8
ROADS
100
AcDbPolyline
 90
2
 70
0
 10
627794.1905718906
 20
4833596.007195213
 10
627745.1664744267
 20
4833580.9002600005
  0
LWPOLYLINE
  5
152
330
17
100
AcDbEntity
  8
ROADS
100
AcDbPolyline
 90
2
 70
0
 10
627841.5463138116
 20
4833610.57494933
 10
627794.1905718906
 20
4833596.007195213
  0
LWPOLYLINE
  5
153
330
17
100
AcDbEntity
  8
ROADS
100
AcDbPolyline
 90
2
 70
0
 10
627745.1664744267
 20
4833580.9002600005
 10
627729.9781494613
 20
4833630.332907024
  0
LWPOLYLINE
  5
154
330
17
100
AcDbEntity
  8
ROADS
100
AcDbPolyline
 90
2
 70
0
 10
627729.9781494613
 20
4833630.332907024
 10
627633.6780867107
 20
4833601.668726815
  0
LWPOLYLINE
  5
155
330
17
100
AcDbEntity
  8
ROADS
100
AcDbPolyline
 90
2
 70
0
 10
627887.5944225952
 20
4833623.347460792
 10
627841.5463138116
 20
4833610.57494933
  0
LWPOLYLINE
  5
156
330
17
100
AcDbEntity
  8
ROADS
100
AcDbPolyline
 90
2
 70
0
 10
627841.5463138116
 20
4833610.57494933
 10
627828.766713947
 20
4833660.252156519
  0
LWPOLYLINE
  5
157
330
17
100
AcDbEntity
  8
ROADS
100
AcDbPolyline
 90
2
 70
0
 10
627633.6780867107
 20
4833601.668726815
 10
627612.5917049558
 20
4833672.88513766
  0
LWPOLYLINE
  5
158
330
17
100
AcDbEntity
  8
ROADS
100
AcDbPolyline
 90
2
 70
0
 10
627828.766713947
 20
4833660.252156519
 10
627729.9781494613
 20
4833630.332907024
  0
LWPOLYLINE
  5
159
330
17
100
AcDbEntity
  8
ROADS
100
AcDbPolyline
 90
2
 70
0
 10
627729.9781494613
 20
4833630.332907024
 10
627715.3987182217
 20
4833679.496536893
  0
LWPOLYLINE
  5
15A
330
17
100
AcDbEntity
  8
ROADS
100
AcDbPolyline
 90
2
 70
0
 10
627715.3987182217
 20
4833679.496536893
 10
627699.9828034666
 20
4833664.331972329
  0
LWPOLYLINE
  5
15B
330
17
100
AcDbEntity
  8
ROADS
100
AcDbPolyline
 90
2
 70
0
 10
627371.5467841532
 20
4833568.516344364
 10
627325.0816472869
 20
4833554.917770909
  0
LWPOLYLINE
  5
15C
330
17
100
AcDbEntity
  8
ROADS
100
AcDbPolyline
 90
2
 70
0
 10
627430.9583074902
 20
4833542.29840306
 10
627418.8924408187
 20
4833582.559862258
  0
LWPOLYLINE
  5
15D
330
17
100
AcDbEntity
  8
ROADS
100
AcDbPolyline
 90
2
 70
0
 10
627478.8279826491
 20
4833553.604218214
 10
627466.1800343054
 20
4833596.8283487605
  0
LWPOLYLINE
  5
15E
330
17
100
AcDbEntity
  8
ROADS
100
AcDbPolyline
 90
2
 70
0
 10
627418.8924408187
 20
4833582.559862258
 10
627371.5467841532
 20
4833568.516344364
  0
LWPOLYLINE
  5
15F
330
17
100
AcDbEntity
  8
ROADS
100
AcDbPolyline
 90
2
 70
0
 10
627633.6780867107
 20
4833601.668726815
 10
627522.8095555282
 20
4833566.783887595
  0
LWPOLYLINE
  5
160
330
17
100
AcDbEntity
  8
ROADS
100
AcDbPolyline
 90
2
 70
0
 10
627466.1800343054
 20
4833596.8283487605
 10
627418.8924408187
 20
4833582.559862258
  0
LWPOLYLINE
  5
161
330
17
100
AcDbEntity
  8
ROADS
100
AcDbPolyline
 90
2
 70
0
 10
627522.8095555282
 20
4833566.783887595
 10
627497.3261551125
 20
4833661.835306783
  0
LWPOLYLINE
  5
162
330
17
100
AcDbEntity
  8
ROADS
100
AcDbPolyline
 90
2
 70
0
 10
627371.5467841532
 20
4833568.516344364
 10
627322.6327856621
 20
4833736.614813851
  0
LWPOLYLINE
  5
163
330
17
100
AcDbEntity
  8
ROADS
100
AcDbPolyline
 90
2
 70
0
 10
627418.8924408187
 20
4833582.559862258
 10
627368.8662708827
 20
4833750.41423841
  0
LWPOLYLINE
  5
164
330
17
100
AcDbEntity
  8
ROADS
100
AcDbPolyline
 90
2
 70
0
 10
627606.2532629516
 20
4833693.249869766
 10
627497.3261551125
 20
4833661.835306783
  0
LWPOLYLINE
  5
165
330
17
100
AcDbEntity
  8
ROADS
100
AcDbPolyline
 90
2
 70
0
 10
627466.1800343054
 20
4833596.8283487605
 10
627416.7106543891
 20
4833764.999829209
  0
LWPOLYLINE
  5
166
330
17
100
AcDbEntity
  8
ROADS
100
AcDbPolyline
 90
2
 70
0
 10
627497.3261551125
 20
4833661.835306783
 10
627479.1032018948
 20
4833727.947115044
  0
LWPOLYLINE
  5
167
330
17
100
AcDbEntity
  8
ROADS
100
AcDbPolyline
 90
2
 70
0
 10
627606.2532629516
 20
4833693.249869766
 10
627585.5817500702
 20
4833759.54945754
  0
LWPOLYLINE
  5
168
330
17
100
AcDbEntity
  8
ROADS
100
AcDbPolyline
 90
2
 70
0
 10
627531.8226102082
 20
4833743.157851366
 10
627479.1032018948
 20
4833727.947115044
  0
LWPOLYLINE
  5
169
330
17
100
AcDbEntity
  8
ROADS
100
AcDbPolyline
 90
2
 70
0
 10
627368.8662708827
 20
4833750.41423841
 10
627322.6327856621
 20
4833736.614813851
  0
LWPOLYLINE
  5
16A
330
17
100
AcDbEntity
  8
ROADS
100
AcDbPolyline
 90
2
 70
0
 10
627585.5817500702
 20
4833759.54945754
 10
627531.8226102082
 20
4833743.157851366
  0
LWPOLYLINE
  5
16B
330
17
100
AcDbEntity
  8
ROADS
100
AcDbPolyline
 90
2
 70
0
 10
627479.1032018948
 20
4833727.947115044
 10
627464.6206652618
 20
4833779.606611463
  0
LWPOLYLINE
  5
16C
330
17
100
AcDbEntity
  8
ROADS
100
AcDbPolyline
 90
2
 70
0
 10
627405.2590345339
 20
4833761.508648467
 10
627368.8662708827
 20
4833750.41423841
  0
LWPOLYLINE
  5
16D
330
17
100
AcDbEntity
  8
ROADS
100
AcDbPolyline
 90
2
 70
0
 10
627416.7106543891
 20
4833764.999829209
 10
627405.2590345339
 20
4833761.508648467
  0
LWPOLYLINE
  5
16E
330
17
100
AcDbEntity
  8
ROADS
100
AcDbPolyline
 90
2
 70
0
 10
627464.6206652618
 20
4833779.606611463
 10
627416.7106543891
 20
4833764.999829209
  0
LWPOLYLINE
  5
16F
330
17
100
AcDbEntity
  8
ROADS
100
AcDbPolyline
 90
2
 70
0
 10
626544.4472272582
 20
4833384.143773265
 10
626489.4042200956
 20
4833367.641398844
  0
LWPOLYLINE
  5
170
330
17
100
AcDbEntity
  8
ROADS
100
AcDbPolyline
 90
2
 70
0
 10
626635.1373291737
 20
4833253.68085371
 10
626621.1975296472
 20
4833300.603762407
  0
LWPOLYLINE
  5
171
330
17
100
AcDbEntity
  8
ROADS
100
AcDbPolyline
 90
2
 70
0
 10
626621.1975296472
 20
4833300.603762407
 10
626520.3287126458
 20
4833270.514866851
  0
LWPOLYLINE
  5
172
330
17
100
AcDbEntity
  8
ROADS
100
AcDbPolyline
 90
2
 70
0
 10
626652.6906113655
 20
4833309.834443516
 10
626621.1975296472
 20
4833300.603762407
  0
LWPOLYLINE
  5
173
330
17
100
AcDbEntity
  8
ROADS
100
AcDbPolyline
 90
2
 70
0
 10
626753.894374121
 20
4833288.881077471
 10
626739.8789463738
 20
4833335.616623424
  0
LWPOLYLINE
  5
174
330
17
100
AcDbEntity
  8
ROADS
100
AcDbPolyline
 90
2
 70
0
 10
626739.8789463738
 20
4833335.616623424
 10
626652.6906113655
 20
4833309.834443516
  0
LWPOLYLINE
  5
175
330
17
100
AcDbEntity
  8
ROADS
100
AcDbPolyline
 90
2
 70
0
 10
626772.2346755207
 20
4833346.64100888
 10
626739.8789463738
 20
4833335.616623424
  0
LWPOLYLINE
  5
176
330
17
100
AcDbEntity
  8
ROADS
100
AcDbPolyline
 90
2
 70
0
 10
626739.8789463738
 20
4833335.616623424
 10
626728.0530911589
 20
4833372.533141741
  0
LWPOLYLINE
  5
177
330
17
100
AcDbEntity
  8
ROADS
100
AcDbPolyline
 90
3
 70
0
 10
626652.6906113655
 20
4833309.834443516
 10
626624.8568041711
 20
4833400.259879634
 10
626544.4472272582
 20
4833384.143773265
  0
LWPOLYLINE
  5
178
330
17
100
AcDbEntity
  8
ROADS
100
AcDbPolyline
 90
2
 70
0
 10
626728.0530911589
 20
4833372.533141741
 10
626689.8825603959
 20
4833509.609601651
  0
LWPOLYLINE
  5
179
330
17
100
AcDbEntity
  8
ROADS
100
AcDbPolyline
 90
2
 70
0
 10
626728.7905285588
 20
4833520.863428972
 10
626689.8825603959
 20
4833509.609601651
  0
LWPOLYLINE
  5
17A
330
17
100
AcDbEntity
  8
ROADS
100
AcDbPolyline
 90
2
 70
0
 10
626860.2553421907
 20
4833371.081167053
 10
626772.2346755207
 20
4833346.64100888
  0
LWPOLYLINE
  5
17B
330
17
100
AcDbEntity
  8
ROADS
100
AcDbPolyline
 90
2
 70
0
 10
626953.2118922463
 20
4833399.197762094
 10
626860.2553421907
 20
4833371.081167053
  0
LWPOLYLINE
  5
17C
330
17
100
AcDbEntity
  8
ROADS
100
AcDbPolyline
 90
2
 70
0
 10
626860.2553421907
 20
4833371.081167053
 10
626847.3136176195
 20
4833415.290474871
  0
LWPOLYLINE
  5
17D
330
17
100
AcDbEntity
  8
ROADS
100
AcDbPolyline
 90
2
 70
0
 10
627048.3768431034
 20
4833428.352345784
 10
626953.2118922463
 20
4833399.197762094
  0
LWPOLYLINE
  5
17E
330
17
100
AcDbEntity
  8
ROADS
100
AcDbPolyline
 90
2
 70
0
 10
626953.2118922463
 20
4833399.197762094
 10
626940.6037517599
 20
4833440.0554051045
  0
LWPOLYLINE
  5
17F
330
17
100
AcDbEntity
  8
ROADS
100
AcDbPolyline
 90
2
 70
0
 10
626940.6037517599
 20
4833440.0554051045
 10
626847.3136176195
 20
4833415.290474871
  0
LWPOLYLINE
  5
180
330
17
100
AcDbEntity
  8
ROADS
100
AcDbPolyline
 90
2
 70
0
 10
627079.8692492701
 20
4833439.725169415
 10
627048.3768431034
 20
4833428.352345784
  0
LWPOLYLINE
  5
181
330
17
100
AcDbEntity
  8
ROADS
100
AcDbPolyline
 90
2
 70
0
 10
626987.6873322765
 20
4833454.099151617
 10
626940.6037517599
 20
4833440.0554051045
  0
LWPOLYLINE
  5
182
330
17
100
AcDbEntity
  8
ROADS
100
AcDbPolyline
 90
2
 70
0
 10
627048.3768431034
 20
4833428.352345784
 10
627036.1285102864
 20
4833468.391451617
  0
LWPOLYLINE
  5
183
330
17
100
AcDbEntity
  8
ROADS
100
AcDbPolyline
 90
2
 70
0
 10
627036.1285102864
 20
4833468.391451617
 10
626987.6873322765
 20
4833454.099151617
  0
LWPOLYLINE
  5
184
330
17
100
AcDbEntity
  8
ROADS
100
AcDbPolyline
 90
2
 70
0
 10
626492.9406353969
 20
4833422.851272386
 10
626472.4783006116
 20
4833416.849209245
  0
LWPOLYLINE
  5
185
330
17
100
AcDbEntity
  8
ROADS
100
AcDbPolyline
 90
3
 70
0
 10
626544.4472272582
 20
4833384.143773265
 10
626512.2686904622
 20
4833472.436528972
 10
626456.504659252
 20
4833457.175411265
  0
LWPOLYLINE
  5
186
330
17
100
AcDbEntity
  8
ROADS
100
AcDbPolyline
 90
2
 70
0
 10
626444.4921605131
 20
4833497.016912471
 10
626468.6084503315
 20
4833504.233398745
  0
LWPOLYLINE
  5
187
330
17
100
AcDbEntity
  8
ROADS
100
AcDbPolyline
 90
3
 70
0
 10
626762.9299031832
 20
4833531.08301759
 10
626800.512577851
 20
4833404.068516428
 10
626847.3136176195
 20
4833415.290474871
  0
LWPOLYLINE
  5
188
330
17
100
AcDbEntity
  8
ROADS
100
AcDbPolyline
 90
2
 70
0
 10
627083.3177251698
 20
4833482.982148522
 10
627036.1285102864
 20
4833468.391451617
  0
LWPOLYLINE
  5
189
330
17
100
AcDbEntity
  8
ROADS
100
AcDbPolyline
 90
2
 70
0
 10
626847.3136176195
 20
4833415.290474871
 10
626807.1383046536
 20
4833544.433767187
  0
LWPOLYLINE
  5
18A
330
17
100
AcDbEntity
  8
ROADS
100
AcDbPolyline
 90
2
 70
0
 10
626940.6037517599
 20
4833440.0554051045
 10
626873.8352638434
 20
4833656.709957517
  0
LWPOLYLINE
  5
18B
330
17
100
AcDbEntity
  8
ROADS
100
AcDbPolyline
 90
2
 70
0
 10
626987.6873322765
 20
4833454.099151617
 10
626921.0921105955
 20
4833671.208891049
  0
LWPOLYLINE
  5
18C
330
17
100
AcDbEntity
  8
ROADS
100
AcDbPolyline
 90
2
 70
0
 10
627036.1285102864
 20
4833468.391451617
 10
626968.1455904762
 20
4833685.119117191
  0
LWPOLYLINE
  5
18D
330
17
100
AcDbEntity
  8
ROADS
100
AcDbPolyline
 90
2
 70
0
 10
627083.3177251698
 20
4833482.982148522
 10
627014.8537337598
 20
4833699.379127431
  0
LWPOLYLINE
  5
18E
330
17
100
AcDbEntity
  8
ROADS
100
AcDbPolyline
 90
2
 70
0
 10
626816.9211282328
 20
4833684.137041197
 10
626869.8648205418
 20
4833512.02439958
  0
LWPOLYLINE
  5
18F
330
17
100
AcDbEntity
  8
ROADS
100
AcDbPolyline
 90
2
 70
0
 10
626921.0921105955
 20
4833671.208891049
 10
626873.8352638434
 20
4833656.709957517
  0
LWPOLYLINE
  5
190
330
17
100
AcDbEntity
  8
ROADS
100
AcDbPolyline
 90
2
 70
0
 10
626873.8352638434
 20
4833656.709957517
 10
626861.2558474311
 20
4833696.8620578945
  0
LWPOLYLINE
  5
191
330
17
100
AcDbEntity
  8
ROADS
100
AcDbPolyline
 90
2
 70
0
 10
626762.9299031832
 20
4833531.08301759
 10
626728.7905285588
 20
4833520.863428972
  0
LWPOLYLINE
  5
192
330
17
100
AcDbEntity
  8
ROADS
100
AcDbPolyline
 90
2
 70
0
 10
626689.8825603959
 20
4833509.609601651
 10
626676.2654218597
 20
4833554.724230253
  0
LWPOLYLINE
  5
193
330
17
100
AcDbEntity
  8
ROADS
100
AcDbPolyline
 90
2
 70
0
 10
626807.1383046536
 20
4833544.433767187
 10
626762.9299031832
 20
4833531.08301759
  0
LWPOLYLINE
  5
194
330
17
100
AcDbEntity
  8
ROADS
100
AcDbPolyline
 90
2
 70
0
 10
626728.7905285588
 20
4833520.863428972
 10
626714.5530218277
 20
4833566.106858734
  0
LWPOLYLINE
  5
195
330
17
100
AcDbEntity
  8
ROADS
100
AcDbPolyline
 90
2
 70
0
 10
626762.9299031832
 20
4833531.08301759
 10
626749.0945275199
 20
4833576.375721969
  0
LWPOLYLINE
  5
196
330
17
100
AcDbEntity
  8
ROADS
100
AcDbPolyline
 90
2
 70
0
 10
626714.5530218277
 20
4833566.106858734
 10
626676.2654218597
 20
4833554.724230253
  0
LWPOLYLINE
  5
197
330
17
100
AcDbEntity
  8
ROADS
100
AcDbPolyline
 90
2
 70
0
 10
626749.0945275199
 20
4833576.375721969
 10
626714.5530218277
 20
4833566.106858734
  0
LWPOLYLINE
  5
198
330
17
100
AcDbEntity
  8
ROADS
100
AcDbPolyline
 90
2
 70
0
 10
626676.2654218597
 20
4833554.724230253
 10
626662.2279241468
 20
4833601.406352816
  0
LWPOLYLINE
  5
199
330
17
100
AcDbEntity
  8
ROADS
100
AcDbPolyline
 90
2
 70
0
 10
626807.1383046536
 20
4833544.433767187
 10
626780.9139550347
 20
4833636.550416006
  0
LWPOLYLINE
  5
19A
330
17
100
AcDbEntity
  8
ROADS
100
AcDbPolyline
 90
2
 70
0
 10
626662.2279241468
 20
4833601.406352816
 10
626613.8705235906
 20
4833587.821605079
  0
LWPOLYLINE
  5
19B
330
17
100
AcDbEntity
  8
ROADS
100
AcDbPolyline
 90
2
 70
0
 10
627336.7870547681
 20
4833514.209780045
 10
627325.0816472869
 20
4833554.917770909
  0
LWPOLYLINE
  5
19C
330
17
100
AcDbEntity
  8
ROADS
100
AcDbPolyline
 90
2
 70
0
 10
627325.0816472869
 20
4833554.917770909
 10
627275.6381369513
 20
4833539.891286952
  0
LWPOLYLINE
  5
19D
330
17
100
AcDbEntity
  8
ROADS
100
AcDbPolyline
 90
2
 70
0
 10
627130.4386516126
 20
4833496.703561776
 10
627061.0431923424
 20
4833715.556885293
  0
LWPOLYLINE
  5
19E
330
17
100
AcDbEntity
  8
ROADS
100
AcDbPolyline
 90
2
 70
0
 10
627228.6267354406
 20
4833525.918825841
 10
627178.1408485224
 20
4833692.292714687
  0
LWPOLYLINE
  5
19F
330
17
100
AcDbEntity
  8
ROADS
100
AcDbPolyline
 90
2
 70
0
 10
627179.1854299565
 20
4833511.158406523
 10
627112.1961285373
 20
4833732.721411753
  0
LWPOLYLINE
  5
1A0
330
17
100
AcDbEntity
  8
ROADS
100
AcDbPolyline
 90
2
 70
0
 10
627275.6381369513
 20
4833539.891286952
 10
627221.9150398205
 20
4833705.545647811
  0
LWPOLYLINE
  5
1A1
330
17
100
AcDbEntity
  8
ROADS
100
AcDbPolyline
 90
2
 70
0
 10
627325.0816472869
 20
4833554.917770909
 10
627277.1204957062
 20
4833722.309395515
  0
LWPOLYLINE
  5
1A2
330
17
100
AcDbEntity
  8
ROADS
100
AcDbPolyline
 90
2
 70
0
 10
627221.9150398205
 20
4833705.545647811
 10
627178.1408485224
 20
4833692.292714687
  0
LWPOLYLINE
  5
1A3
330
17
100
AcDbEntity
  8
ROADS
100
AcDbPolyline
 90
2
 70
0
 10
627277.1204957062
 20
4833722.309395515
 10
627221.9150398205
 20
4833705.545647811
  0
LWPOLYLINE
  5
1A4
330
17
100
AcDbEntity
  8
ROADS
100
AcDbPolyline
 90
2
 70
0
 10
627112.1961285373
 20
4833732.721411753
 10
627061.0431923424
 20
4833715.556885293
  0
LWPOLYLINE
  5
1A5
330
17
100
AcDbEntity
  8
ROADS
100
AcDbPolyline
 90
2
 70
0
 10
626749.0945275199
 20
4833576.375721969
 10
626735.7019424372
 20
4833623.064509376
  0
LWPOLYLINE
  5
1A6
330
17
100
AcDbEntity
  8
ROADS
100
AcDbPolyline
 90
2
 70
0
 10
626735.7019424372
 20
4833623.064509376
 10
626662.2279241468
 20
4833601.406352816
  0
LWPOLYLINE
  5
1A7
330
17
100
AcDbEntity
  8
ROADS
100
AcDbPolyline
 90
2
 70
0
 10
626662.2279241468
 20
4833601.406352816
 10
626647.2480327731
 20
4833650.6520944415
  0
LWPOLYLINE
  5
1A8
330
17
100
AcDbEntity
  8
ROADS
100
AcDbPolyline
 90
2
 70
0
 10
626780.9139550347
 20
4833636.550416006
 10
626735.7019424372
 20
4833623.064509376
  0
LWPOLYLINE
  5
1A9
330
17
100
AcDbEntity
  8
ROADS
100
AcDbPolyline
 90
2
 70
0
 10
626647.2480327731
 20
4833650.6520944415
 10
626598.4985899059
 20
4833639.779917837
  0
LWPOLYLINE
  5
1AA
330
17
100
AcDbEntity
  8
ROADS
100
AcDbPolyline
 90
2
 70
0
 10
626735.7019424372
 20
4833623.064509376
 10
626721.2872984166
 20
4833669.586811904
  0
LWPOLYLINE
  5
1AB
330
17
100
AcDbEntity
  8
ROADS
100
AcDbPolyline
 90
2
 70
0
 10
626780.9139550347
 20
4833636.550416006
 10
626771.7047057047
 20
4833669.566981436
  0
LWPOLYLINE
  5
1AC
330
17
100
AcDbEntity
  8
ROADS
100
AcDbPolyline
 90
2
 70
0
 10
626721.2872984166
 20
4833669.586811904
 10
626647.2480327731
 20
4833650.6520944415
  0
LWPOLYLINE
  5
1AD
330
17
100
AcDbEntity
  8
ROADS
100
AcDbPolyline
 90
2
 70
0
 10
626647.2480327731
 20
4833650.6520944415
 10
626633.6624686144
 20
4833695.346757285
  0
LWPOLYLINE
  5
1AE
330
17
100
AcDbEntity
  8
ROADS
100
AcDbPolyline
 90
2
 70
0
 10
626816.9211282328
 20
4833684.137041197
 10
626771.7047057047
 20
4833669.566981436
  0
LWPOLYLINE
  5
1AF
330
17
100
AcDbEntity
  8
ROADS
100
AcDbPolyline
 90
2
 70
0
 10
626721.2872984166
 20
4833669.586811904
 10
626707.664666199
 20
4833716.387441115
  0
LWPOLYLINE
  5
1B0
330
17
100
AcDbEntity
  8
ROADS
100
AcDbPolyline
 90
2
 70
0
 10
626592.5568731428
 20
4833701.938266823
 10
626596.0132635225
 20
4833690.253031523
  0
LWPOLYLINE
  5
1B1
330
17
100
AcDbEntity
  8
ROADS
100
AcDbPolyline
 90
2
 70
0
 10
626771.7047057047
 20
4833669.566981436
 10
626751.5607519085
 20
4833728.868516132
  0
LWPOLYLINE
  5
1B2
330
17
100
AcDbEntity
  8
ROADS
100
AcDbPolyline
 90
2
 70
0
 10
626592.5568731428
 20
4833701.938266823
 10
626580.1411283009
 20
4833698.341665736
  0
LWPOLYLINE
  5
1B3
330
17
100
AcDbEntity
  8
ROADS
100
AcDbPolyline
 90
2
 70
0
 10
626707.664666199
 20
4833716.387441115
 10
626633.6624686144
 20
4833695.346757285
  0
LWPOLYLINE
  5
1B4
330
17
100
AcDbEntity
  8
ROADS
100
AcDbPolyline
 90
2
 70
0
 10
626567.9834241908
 20
4833734.970139623
 10
626460.6088880211
 20
4833702.828670166
  0
LWPOLYLINE
  5
1B5
330
17
100
AcDbEntity
  8
ROADS
100
AcDbPolyline
 90
2
 70
0
 10
626580.6017162966
 20
4833738.75841404
 10
626592.5568731428
 20
4833701.938266823
  0
LWPOLYLINE
  5
1B6
330
17
100
AcDbEntity
  8
ROADS
100
AcDbPolyline
 90
2
 70
0
 10
626633.6624686144
 20
4833695.346757285
 10
626617.1824233397
 20
4833749.74118821
  0
LWPOLYLINE
  5
1B7
330
17
100
AcDbEntity
  8
ROADS
100
AcDbPolyline
 90
2
 70
0
 10
626751.5607519085
 20
4833728.868516132
 10
626707.664666199
 20
4833716.387441115
  0
LWPOLYLINE
  5
1B8
330
17
100
AcDbEntity
  8
ROADS
100
AcDbPolyline
 90
2
 70
0
 10
626580.6017162966
 20
4833738.75841404
 10
626567.9834241908
 20
4833734.970139623
  0
LWPOLYLINE
  5
1B9
330
17
100
AcDbEntity
  8
ROADS
100
AcDbPolyline
 90
2
 70
0
 10
626968.1455904762
 20
4833685.119117191
 10
626921.0921105955
 20
4833671.208891049
  0
LWPOLYLINE
  5
1BA
330
17
100
AcDbEntity
  8
ROADS
100
AcDbPolyline
 90
2
 70
0
 10
626861.2558474311
 20
4833696.8620578945
 10
626816.9211282328
 20
4833684.137041197
  0
LWPOLYLINE
  5
1BB
330
17
100
AcDbEntity
  8
ROADS
100
AcDbPolyline
 90
2
 70
0
 10
627014.8537337598
 20
4833699.379127431
 10
626968.1455904762
 20
4833685.119117191
  0
LWPOLYLINE
  5
1BC
330
17
100
AcDbEntity
  8
ROADS
100
AcDbPolyline
 90
2
 70
0
 10
626968.1455904762
 20
4833685.119117191
 10
626955.6687472039
 20
4833726.014127061
  0
LWPOLYLINE
  5
1BD
330
17
100
AcDbEntity
  8
ROADS
100
AcDbPolyline
 90
2
 70
0
 10
627061.0431923424
 20
4833715.556885293
 10
627014.8537337598
 20
4833699.379127431
  0
LWPOLYLINE
  5
1BE
330
17
100
AcDbEntity
  8
ROADS
100
AcDbPolyline
 90
2
 70
0
 10
626955.6687472039
 20
4833726.014127061
 10
626861.2558474311
 20
4833696.8620578945
  0
LWPOLYLINE
  5
1BF
330
17
100
AcDbEntity
  8
ROADS
100
AcDbPolyline
 90
2
 70
0
 10
626861.2558474311
 20
4833696.8620578945
 10
626849.1132201967
 20
4833737.027050098
  0
LWPOLYLINE
  5
1C0
330
17
100
AcDbEntity
  8
ROADS
100
AcDbPolyline
 90
2
 70
0
 10
627061.0431923424
 20
4833715.556885293
 10
627049.1237882563
 20
4833754.049832516
  0
LWPOLYLINE
  5
1C1
330
17
100
AcDbEntity
  8
ROADS
100
AcDbPolyline
 90
2
 70
0
 10
627049.1237882563
 20
4833754.049832516
 10
626955.6687472039
 20
4833726.014127061
  0
LWPOLYLINE
  5
1C2
330
17
100
AcDbEntity
  8
ROADS
100
AcDbPolyline
 90
2
 70
0
 10
626896.9332173535
 20
4833751.685181361
 10
626849.1132201967
 20
4833737.027050098
  0
LWPOLYLINE
  5
1C3
330
17
100
AcDbEntity
  8
ROADS
100
AcDbPolyline
 90
2
 70
0
 10
628455.9166140407
 20
4833409.125825566
 10
628423.7086396568
 20
4833444.588094438
  0
LWPOLYLINE
  5
1C4
330
17
100
AcDbEntity
  8
ROADS
100
AcDbPolyline
 90
2
 70
0
 10
628553.5989472916
 20
4833483.59361506
 10
628423.7086396568
 20
4833444.588094438
  0
LWPOLYLINE
  5
1C5
330
17
100
AcDbEntity
  8
ROADS
100
AcDbPolyline
 90
2
 70
0
 10
628559.6394608171
 20
4833528.725347787
 10
628498.8955161537
 20
4833510.6051916005
  0
LWPOLYLINE
  5
1C6
330
17
100
AcDbEntity
  8
ROADS
100
AcDbPolyline
 90
2
 70
0
 10
628560.8240391595
 20
4833551.402042455
 10
628557.3379822442
 20
4833562.086753061
  0
LWPOLYLINE
  5
1C7
330
17
100
AcDbEntity
  8
ROADS
100
AcDbPolyline
 90
2
 70
0
 10
627938.0228425429
 20
4833453.793466906
 10
627892.797073951
 20
4833440.506305304
  0
LWPOLYLINE
  5
1C8
330
17
100
AcDbEntity
  8
ROADS
100
AcDbPolyline
 90
2
 70
0
 10
627980.201145608
 20
4833466.874545359
 10
627938.0228425429
 20
4833453.793466906
  0
LWPOLYLINE
  5
1C9
330
17
100
AcDbEntity
  8
ROADS
100
AcDbPolyline
 90
2
 70
0
 10
627892.797073951
 20
4833440.506305304
 10
627880.3362034395
 20
4833481.73474684
  0
LWPOLYLINE
  5
1CA
330
17
100
AcDbEntity
  8
ROADS
100
AcDbPolyline
 90
2
 70
0
 10
628042.2462620132
 20
4833485.349005249
 10
627980.201145608
 20
4833466.874545359
  0
LWPOLYLINE
  5
1CB
330
17
100
AcDbEntity
  8
ROADS
100
AcDbPolyline
 90
2
 70
0
 10
628092.3342126402
 20
4833500.415162372
 10
628042.2462620132
 20
4833485.349005249
  0
LWPOLYLINE
  5
1CC
330
17
100
AcDbEntity
  8
ROADS
100
AcDbPolyline
 90
2
 70
0
 10
628139.4193614132
 20
4833514.297980756
 10
628092.3342126402
 20
4833500.415162372
  0
LWPOLYLINE
  5
1CD
330
17
100
AcDbEntity
  8
ROADS
100
AcDbPolyline
 90
2
 70
0
 10
627938.0228425429
 20
4833453.793466906
 10
627887.5944225952
 20
4833623.347460792
  0
LWPOLYLINE
  5
1CE
330
17
100
AcDbEntity
  8
ROADS
100
AcDbPolyline
 90
2
 70
0
 10
628042.2462620132
 20
4833485.349005249
 10
628010.2858389815
 20
4833591.887261534
  0
LWPOLYLINE
  5
1CF
330
17
100
AcDbEntity
  8
ROADS
100
AcDbPolyline
 90
2
 70
0
 10
627980.201145608
 20
4833466.874545359
 10
627930.2911052199
 20
4833635.191347964
  0
LWPOLYLINE
  5
1D0
330
17
100
AcDbEntity
  8
ROADS
100
AcDbPolyline
 90
2
 70
0
 10
628092.3342126402
 20
4833500.415162372
 10
628059.8174863973
 20
4833606.746366265
  0
LWPOLYLINE
  5
1D1
330
17
100
AcDbEntity
  8
ROADS
100
AcDbPolyline
 90
2
 70
0
 10
628256.8069385772
 20
4833548.60663863
 10
628188.702729515
 20
4833528.453546907
  0
LWPOLYLINE
  5
1D2
330
17
100
AcDbEntity
  8
ROADS
100
AcDbPolyline
 90
2
 70
0
 10
628379.9807007583
 20
4833506.345886718
 10
628336.1695675796
 20
4833573.370502925
  0
LWPOLYLINE
  5
1D3
330
17
100
AcDbEntity
  8
ROADS
100
AcDbPolyline
 90
2
 70
0
 10
628188.702729515
 20
4833528.453546907
 10
628179.2813270539
 20
4833561.310409739
  0
LWPOLYLINE
  5
1D4
330
17
100
AcDbEntity
  8
ROADS
100
AcDbPolyline
 90
2
 70
0
 10
628336.1695675796
 20
4833573.370502925
 10
628256.8069385772
 20
4833548.60663863
  0
LWPOLYLINE
  5
1D5
330
17
100
AcDbEntity
  8
ROADS
100
AcDbPolyline
 90
2
 70
0
 10
628256.8069385772
 20
4833548.60663863
 10
628234.7345611156
 20
4833585.677150071
  0
LWPOLYLINE
  5
1D6
330
17
100
AcDbEntity
  8
ROADS
100
AcDbPolyline
 90
2
 70
0
 10
628179.2813270539
 20
4833561.310409739
 10
628234.7345611156
 20
4833585.677150071
  0
LWPOLYLINE
  5
1D7
330
17
100
AcDbEntity
  8
ROADS
100
AcDbPolyline
 90
2
 70
0
 10
628179.2813270539
 20
4833561.310409739
 10
628161.709682662
 20
4833637.311268304
  0
LWPOLYLINE
  5
1D8
330
17
100
AcDbEntity
  8
ROADS
100
AcDbPolyline
 90
2
 70
0
 10
628534.8489908493
 20
4833631.613903435
 10
628336.1695675796
 20
4833573.370502925
  0
LWPOLYLINE
  5
1D9
330
17
100
AcDbEntity
  8
ROADS
100
AcDbPolyline
 90
2
 70
0
 10
628336.1695675796
 20
4833573.370502925
 10
628299.613695803
 20
4833637.363024218
  0
LWPOLYLINE
  5
1DA
330
17
100
AcDbEntity
  8
ROADS
100
AcDbPolyline
 90
2
 70
0
 10
628234.7345611156
 20
4833585.677150071
 10
628201.2059222383
 20
4833646.016123187
  0
LWPOLYLINE
  5
1DB
330
17
100
AcDbEntity
  8
ROADS
100
AcDbPolyline
 90
2
 70
0
 10
628557.3379822442
 20
4833562.086753061
 10
628489.0529469632
 20
4833541.975376426
  0
LWPOLYLINE
  5
1DC
330
17
100
AcDbEntity
  8
ROADS
100
AcDbPolyline
 90
2
 70
0
 10
628562.3797816979
 20
4833563.458757621
 10
628557.3379822442
 20
4833562.086753061
  0
LWPOLYLINE
  5
1DD
330
17
100
AcDbEntity
  8
ROADS
100
AcDbPolyline
 90
2
 70
0
 10
628557.3379822442
 20
4833562.086753061
 10
628547.6158694249
 20
4833593.155098981
  0
LWPOLYLINE
  5
1DE
330
17
100
AcDbEntity
  8
ROADS
100
AcDbPolyline
 90
2
 70
0
 10
628547.6158694249
 20
4833593.155098981
 10
628477.109033792
 20
4833571.641471793
  0
LWPOLYLINE
  5
1DF
330
17
100
AcDbEntity
  8
ROADS
100
AcDbPolyline
 90
2
 70
0
 10
628547.6158694249
 20
4833593.155098981
 10
628534.8489908493
 20
4833631.613903435
  0
LWPOLYLINE
  5
1E0
330
17
100
AcDbEntity
  8
ROADS
100
AcDbPolyline
 90
2
 70
0
 10
628568.3302087697
 20
4833641.427073963
 10
628534.8489908493
 20
4833631.613903435
  0
LWPOLYLINE
  5
1E1
330
17
100
AcDbEntity
  8
ROADS
100
AcDbPolyline
 90
2
 70
0
 10
628139.4193614132
 20
4833514.297980756
 10
628108.1927210273
 20
4833621.292556021
  0
LWPOLYLINE
  5
1E2
330
17
100
AcDbEntity
  8
ROADS
100
AcDbPolyline
 90
2
 70
0
 10
628059.8174863973
 20
4833606.746366265
 10
628010.2858389815
 20
4833591.887261534
  0
LWPOLYLINE
  5
1E3
330
17
100
AcDbEntity
  8
ROADS
100
AcDbPolyline
 90
2
 70
0
 10
628072.9909432516
 20
4833610.696695268
 10
628059.8174863973
 20
4833606.746366265
  0
LWPOLYLINE
  5
1E4
330
17
100
AcDbEntity
  8
ROADS
100
AcDbPolyline
 90
2
 70
0
 10
628108.1927210273
 20
4833621.292556021
 10
628072.9909432516
 20
4833610.696695268
  0
LWPOLYLINE
  5
1E5
330
17
100
AcDbEntity
  8
ROADS
100
AcDbPolyline
 90
2
 70
0
 10
627930.2911052199
 20
4833635.191347964
 10
627887.5944225952
 20
4833623.347460792
  0
LWPOLYLINE
  5
1E6
330
17
100
AcDbEntity
  8
ROADS
100
AcDbPolyline
 90
2
 70
0
 10
628161.709682662
 20
4833637.311268304
 10
628108.1927210273
 20
4833621.292556021
  0
LWPOLYLINE
  5
1E7
330
17
100
AcDbEntity
  8
ROADS
100
AcDbPolyline
 90
2
 70
0
 10
628072.9909432516
 20
4833610.696695268
 10
628060.9134030528
 20
4833651.46405109
  0
LWPOLYLINE
  5
1E8
330
17
100
AcDbEntity
  8
ROADS
100
AcDbPolyline
 90
2
 70
0
 10
628010.2858389815
 20
4833591.887261534
 10
627977.4724710588
 20
4833706.385593719
  0
LWPOLYLINE
  5
1E9
330
17
100
AcDbEntity
  8
ROADS
100
AcDbPolyline
 90
2
 70
0
 10
627930.2911052199
 20
4833635.191347964
 10
627915.6578552332
 20
4833687.332224867
  0
LWPOLYLINE
  5
1EA
330
17
100
AcDbEntity
  8
ROADS
100
AcDbPolyline
 90
2
 70
0
 10
628154.6002932705
 20
4833679.63702169
 10
628060.9134030528
 20
4833651.46405109
  0
LWPOLYLINE
  5
1EB
330
17
100
AcDbEntity
  8
ROADS
100
AcDbPolyline
 90
2
 70
0
 10
628569.5112285316
 20
4833665.041902197
 10
628553.4094238983
 20
4833713.992758684
  0
LWPOLYLINE
  5
1EC
330
17
100
AcDbEntity
  8
ROADS
100
AcDbPolyline
 90
2
 70
0
 10
628553.4094238983
 20
4833713.992758684
 10
628516.0395124222
 20
4833702.674643725
  0
LWPOLYLINE
  5
1ED
330
17
100
AcDbEntity
  8
ROADS
100
AcDbPolyline
 90
2
 70
0
 10
628516.0395124222
 20
4833702.674643725
 10
628505.6246150569
 20
4833734.834533236
  0
LWPOLYLINE
  5
1EE
330
17
100
AcDbEntity
  8
ROADS
100
AcDbPolyline
 90
2
 70
0
 10
628553.4094238983
 20
4833713.992758684
 10
628544.2828247831
 20
4833743.6507697785
  0
LWPOLYLINE
  5
1EF
330
17
100
AcDbEntity
  8
ROADS
100
AcDbPolyline
 90
2
 70
0
 10
628201.2059222383
 20
4833646.016123187
 10
628161.709682662
 20
4833637.311268304
  0
LWPOLYLINE
  5
1F0
330
17
100
AcDbEntity
  8
ROADS
100
AcDbPolyline
 90
2
 70
0
 10
628299.613695803
 20
4833637.363024218
 10
628279.3671003755
 20
4833677.992762652
  0
LWPOLYLINE
  5
1F1
330
17
100
AcDbEntity
  8
ROADS
100
AcDbPolyline
 90
2
 70
0
 10
628161.709682662
 20
4833637.311268304
 10
628154.6002932705
 20
4833679.63702169
  0
LWPOLYLINE
  5
1F2
330
17
100
AcDbEntity
  8
ROADS
100
AcDbPolyline
 90
2
 70
0
 10
628279.3671003755
 20
4833677.992762652
 10
628201.2059222383
 20
4833646.016123187
  0
LWPOLYLINE
  5
1F3
330
17
100
AcDbEntity
  8
ROADS
100
AcDbPolyline
 90
2
 70
0
 10
628516.0395124222
 20
4833702.674643725
 10
628299.613695803
 20
4833637.363024218
  0
LWPOLYLINE
  5
1F4
330
17
100
AcDbEntity
  8
ROADS
100
AcDbPolyline
 90
2
 70
0
 10
628279.3671003755
 20
4833677.992762652
 10
628266.8942271837
 20
4833705.939163284
  0
LWPOLYLINE
  5
1F5
330
17
100
AcDbEntity
  8
ROADS
100
AcDbPolyline
 90
2
 70
0
 10
628154.6002932705
 20
4833679.63702169
 10
628144.6839046588
 20
4833712.213913398
  0
LWPOLYLINE
  5
1F6
330
17
100
AcDbEntity
  8
ROADS
100
AcDbPolyline
 90
2
 70
0
 10
628266.8942271837
 20
4833705.939163284
 10
628252.034898594
 20
4833745.2451701835
  0
LWPOLYLINE
  5
1F7
330
17
100
AcDbEntity
  8
ROADS
100
AcDbPolyline
 90
2
 70
0
 10
628252.034898594
 20
4833745.2451701835
 10
628144.6839046588
 20
4833712.213913398
  0
LWPOLYLINE
  5
1F8
330
17
100
AcDbEntity
  8
ROADS
100
AcDbPolyline
 90
2
 70
0
 10
628473.1320826693
 20
4833768.33250514
 10
628266.8942271837
 20
4833705.939163284
  0
LWPOLYLINE
  5
1F9
330
17
100
AcDbEntity
  8
ROADS
100
AcDbPolyline
 90
3
 70
0
 10
628060.9134030528
 20
4833651.46405109
 10
628051.4285430381
 20
4833681.357560558
 10
628020.6120355085
 20
4833672.810079529
  0
LWPOLYLINE
  5
1FA
330
17
100
AcDbEntity
  8
ROADS
100
AcDbPolyline
 90
2
 70
0
 10
627977.4724710588
 20
4833706.385593719
 10
627915.6578552332
 20
4833687.332224867
  0
LWPOLYLINE
  5
1FB
330
17
100
AcDbEntity
  8
ROADS
100
AcDbPolyline
 90
2
 70
0
 10
627977.4724710588
 20
4833706.385593719
 10
627972.798519012
 20
4833721.389085412
  0
LWPOLYLINE
  5
1FC
330
17
100
AcDbEntity
  8
ROADS
100
AcDbPolyline
 90
2
 70
0
 10
628114.8104635342
 20
4833746.05020677
 10
627977.4724710588
 20
4833706.385593719
  0
LWPOLYLINE
  5
1FD
330
17
100
AcDbEntity
  8
ROADS
100
AcDbPolyline
 90
2
 70
0
 10
628144.6839046588
 20
4833712.213913398
 10
628132.9780077231
 20
4833751.396888776
  0
LWPOLYLINE
  5
1FE
330
17
100
AcDbEntity
  8
ROADS
100
AcDbPolyline
 90
2
 70
0
 10
627972.798519012
 20
4833721.389085412
 10
627956.4157229585
 20
4833774.853431037
  0
LWPOLYLINE
  5
1FF
330
17
100
AcDbEntity
  8
ROADS
100
AcDbPolyline
 90
2
 70
0
 10
628132.9780077231
 20
4833751.396888776
 10
628114.8104635342
 20
4833746.05020677
  0
LWPOLYLINE
  5
200
330
17
100
AcDbEntity
  8
ROADS
100
AcDbPolyline
 90
2
 70
0
 10
627919.8421544657
 20
4833780.675816874
 10
627972.798519012
 20
4833721.389085412
  0
LWPOLYLINE
  5
201
330
17
100
AcDbEntity
  8
ROADS
100
AcDbPolyline
 90
2
 70
0
 10
628080.1935741811
 20
4833764.290761604
 10
628114.8104635342
 20
4833746.05020677
  0
LWPOLYLINE
  5
202
330
17
100
AcDbEntity
  8
ROADS
100
AcDbPolyline
 90
2
 70
0
 10
628114.8104635342
 20
4833746.05020677
 10
628101.3151581556
 20
4833789.3991066255
  0
LWPOLYLINE
  5
203
330
17
100
AcDbEntity
  8
ROADS
100
AcDbPolyline
 90
2
 70
0
 10
628544.2828247831
 20
4833743.6507697785
 10
628531.1948443075
 20
4833785.598994777
  0
LWPOLYLINE
  5
204
330
17
100
AcDbEntity
  8
ROADS
100
AcDbPolyline
 90
2
 70
0
 10
628567.064115782
 20
4833750.611960956
 10
628544.2828247831
 20
4833743.6507697785
  0
LWPOLYLINE
  5
205
330
17
100
AcDbEntity
  8
ROADS
100
AcDbPolyline
 90
2
 70
0
 10
628531.1948443075
 20
4833785.598994777
 10
628473.1320826693
 20
4833768.33250514
  0
LWPOLYLINE
  5
206
330
17
100
AcDbEntity
  8
ROADS
100
AcDbPolyline
 90
2
 70
0
 10
628473.1320826693
 20
4833768.33250514
 10
628461.1071448775
 20
4833806.187664107
  0
LWPOLYLINE
  5
207
330
17
100
AcDbEntity
  8
ROADS
100
AcDbPolyline
 90
2
 70
0
 10
628563.4331266081
 20
4833795.192681763
 10
628531.1948443075
 20
4833785.598994777
  0
LWPOLYLINE
  5
208
330
17
100
AcDbEntity
  8
ROADS
100
AcDbPolyline
 90
2
 70
0
 10
628531.1948443075
 20
4833785.598994777
 10
628519.5657322421
 20
4833823.852339639
  0
LWPOLYLINE
  5
209
330
17
100
AcDbEntity
  8
ROADS
100
AcDbPolyline
 90
2
 70
0
 10
628519.5657322421
 20
4833823.852339639
 10
628461.1071448775
 20
4833806.187664107
  0
LWPOLYLINE
  5
20A
330
17
100
AcDbEntity
  8
ROADS
100
AcDbPolyline
 90
2
 70
0
 10
628461.1071448775
 20
4833806.187664107
 10
628448.4796606756
 20
4833847.833179071
  0
LWPOLYLINE
  5
20B
330
17
100
AcDbEntity
  8
ROADS
100
AcDbPolyline
 90
2
 70
0
 10
627915.6578552332
 20
4833687.332224867
 10
627828.766713947
 20
4833660.252156519
  0
LWPOLYLINE
  5
20C
330
17
100
AcDbEntity
  8
ROADS
100
AcDbPolyline
 90
2
 70
0
 10
627612.5917049558
 20
4833672.88513766
 10
627606.2532629516
 20
4833693.249869766
  0
LWPOLYLINE
  5
20D
330
17
100
AcDbEntity
  8
ROADS
100
AcDbPolyline
 90
2
 70
0
 10
627828.766713947
 20
4833660.252156519
 10
627813.8501532709
 20
4833706.378013516
  0
LWPOLYLINE
  5
20E
330
17
100
AcDbEntity
  8
ROADS
100
AcDbPolyline
 90
2
 70
0
 10
627764.3935929227
 20
4833693.7299017105
 10
627715.3987182217
 20
4833679.496536893
  0
LWPOLYLINE
  5
20F
330
17
100
AcDbEntity
  8
ROADS
100
AcDbPolyline
 90
3
 70
0
 10
627612.5917049558
 20
4833672.88513766
 10
627659.2401931209
 20
4833688.514180412
 10
627646.9414903009
 20
4833723.64613023
  0
LWPOLYLINE
  5
210
330
17
100
AcDbEntity
  8
ROADS
100
AcDbPolyline
 90
2
 70
0
 10
627813.8501532709
 20
4833706.378013516
 10
627764.3935929227
 20
4833693.7299017105
  0
LWPOLYLINE
  5
211
330
17
100
AcDbEntity
  8
ROADS
100
AcDbPolyline
 90
2
 70
0
 10
627813.8501532709
 20
4833706.378013516
 10
627809.7034830392
 20
4833717.688292209
  0
LWPOLYLINE
  5
212
330
17
100
AcDbEntity
  8
ROADS
100
AcDbPolyline
 90
2
 70
0
 10
627813.8501532709
 20
4833706.378013516
 10
627881.2908470358
 20
4833724.892524173
  0
LWPOLYLINE
  5
213
330
17
100
AcDbEntity
  8
ROADS
100
AcDbPolyline
 90
3
 70
0
 10
627809.7034830392
 20
4833717.688292209
 10
627843.3494471171
 20
4833758.311952723
 10
627879.3667190464
 20
4833771.205707154
  0
LWPOLYLINE
  5
214
330
17
100
AcDbEntity
  8
ROADS
100
AcDbPolyline
 90
2
 70
0
 10
627715.3987182217
 20
4833679.496536893
 10
627656.0611415097
 20
4833876.467602934
  0
LWPOLYLINE
  5
215
330
17
100
AcDbEntity
  8
ROADS
100
AcDbPolyline
 90
2
 70
0
 10
628045.0445566316
 20
4833778.497436033
 10
628080.1935741811
 20
4833764.290761604
  0
LWPOLYLINE
  5
216
330
17
100
AcDbEntity
  8
ROADS
100
AcDbPolyline
 90
2
 70
0
 10
627965.949143851
 20
4833780.895113915
 10
628080.1935741811
 20
4833764.290761604
  0
LWPOLYLINE
  5
217
330
17
100
AcDbEntity
  8
ROADS
100
AcDbPolyline
 90
2
 70
0
 10
627956.4157229585
 20
4833774.853431037
 10
627919.8421544657
 20
4833780.675816874
  0
LWPOLYLINE
  5
218
330
17
100
AcDbEntity
  8
ROADS
100
AcDbPolyline
 90
2
 70
0
 10
627965.949143851
 20
4833780.895113915
 10
627956.4157229585
 20
4833774.853431037
  0
LWPOLYLINE
  5
219
330
17
100
AcDbEntity
  8
ROADS
100
AcDbPolyline
 90
2
 70
0
 10
627879.3667190464
 20
4833771.205707154
 10
627905.5094342461
 20
4833789.573353091
  0
LWPOLYLINE
  5
21A
330
17
100
AcDbEntity
  8
ROADS
100
AcDbPolyline
 90
2
 70
0
 10
628045.0445566316
 20
4833778.497436033
 10
628101.3151581556
 20
4833789.3991066255
  0
LWPOLYLINE
  5
21B
330
17
100
AcDbEntity
  8
ROADS
100
AcDbPolyline
 90
2
 70
0
 10
627919.8421544657
 20
4833780.675816874
 10
627905.5094342461
 20
4833789.573353091
  0
LWPOLYLINE
  5
21C
330
17
100
AcDbEntity
  8
ROADS
100
AcDbPolyline
 90
2
 70
0
 10
627986.0714784019
 20
4833800.978069791
 10
628045.0445566316
 20
4833778.497436033
  0
LWPOLYLINE
  5
21D
330
17
100
AcDbEntity
  8
ROADS
100
AcDbPolyline
 90
2
 70
0
 10
627986.0714784019
 20
4833800.978069791
 10
627965.949143851
 20
4833780.895113915
  0
LWPOLYLINE
  5
21E
330
17
100
AcDbEntity
  8
ROADS
100
AcDbPolyline
 90
2
 70
0
 10
628115.7239218665
 20
4833794.16682155
 10
628101.3151581556
 20
4833789.3991066255
  0
LWPOLYLINE
  5
21F
330
17
100
AcDbEntity
  8
ROADS
100
AcDbPolyline
 90
2
 70
0
 10
627764.3935929227
 20
4833693.7299017105
 10
627705.2978517032
 20
4833890.433348022
  0
LWPOLYLINE
  5
220
330
17
100
AcDbEntity
  8
ROADS
100
AcDbPolyline
 90
2
 70
0
 10
627809.7034830392
 20
4833717.688292209
 10
627756.3101083785
 20
4833903.905155524
  0
LWPOLYLINE
  5
221
330
17
100
AcDbEntity
  8
ROADS
100
AcDbPolyline
 90
2
 70
0
 10
627822.7435381826
 20
4833883.744202004
 10
627874.4229472127
 20
4833855.168719441
  0
LWPOLYLINE
  5
222
330
17
100
AcDbEntity
  8
ROADS
100
AcDbPolyline
 90
2
 70
0
 10
627874.4229472127
 20
4833855.168719441
 10
627865.455983622
 20
4833895.471231039
  0
LWPOLYLINE
  5
223
330
17
100
AcDbEntity
  8
ROADS
100
AcDbPolyline
 90
2
 70
0
 10
627705.2978517032
 20
4833890.433348022
 10
627656.0611415097
 20
4833876.467602934
  0
LWPOLYLINE
  5
224
330
17
100
AcDbEntity
  8
ROADS
100
AcDbPolyline
 90
2
 70
0
 10
627822.7435381826
 20
4833883.744202004
 10
627865.455983622
 20
4833895.471231039
  0
LWPOLYLINE
  5
225
330
17
100
AcDbEntity
  8
ROADS
100
AcDbPolyline
 90
2
 70
0
 10
627822.7435381826
 20
4833883.744202004
 10
627756.3101083785
 20
4833903.905155524
  0
LWPOLYLINE
  5
226
330
17
100
AcDbEntity
  8
ROADS
100
AcDbPolyline
 90
2
 70
0
 10
627656.0611415097
 20
4833876.467602934
 10
627644.5550275473
 20
4833915.49711666
  0
LWPOLYLINE
  5
227
330
17
100
AcDbEntity
  8
ROADS
100
AcDbPolyline
 90
2
 70
0
 10
627756.3101083785
 20
4833903.905155524
 10
627705.2978517032
 20
4833890.433348022
  0
LWPOLYLINE
  5
228
330
17
100
AcDbEntity
  8
ROADS
100
AcDbPolyline
 90
2
 70
0
 10
627822.7435381826
 20
4833883.744202004
 10
627814.6549761895
 20
4833919.250610232
  0
LWPOLYLINE
  5
229
330
17
100
AcDbEntity
  8
ROADS
100
AcDbPolyline
 90
2
 70
0
 10
627405.2590345339
 20
4833761.508648467
 10
627393.0642530487
 20
4833806.273048289
  0
LWPOLYLINE
  5
22A
330
17
100
AcDbEntity
  8
ROADS
100
AcDbPolyline
 90
2
 70
0
 10
627393.0642530487
 20
4833806.273048289
 10
627295.1321704909
 20
4833775.729232536
  0
LWPOLYLINE
  5
22B
330
17
100
AcDbEntity
  8
ROADS
100
AcDbPolyline
 90
2
 70
0
 10
627531.8226102082
 20
4833743.157851366
 10
627490.252088845
 20
4833886.516546663
  0
LWPOLYLINE
  5
22C
330
17
100
AcDbEntity
  8
ROADS
100
AcDbPolyline
 90
2
 70
0
 10
627464.6206652618
 20
4833779.606611463
 10
627439.2751666519
 20
4833871.562297673
  0
LWPOLYLINE
  5
22D
330
17
100
AcDbEntity
  8
ROADS
100
AcDbPolyline
 90
2
 70
0
 10
627393.0642530487
 20
4833806.273048289
 10
627380.0409864401
 20
4833854.076661251
  0
LWPOLYLINE
  5
22E
330
17
100
AcDbEntity
  8
ROADS
100
AcDbPolyline
 90
2
 70
0
 10
627585.5817500702
 20
4833759.54945754
 10
627542.9040989972
 20
4833902.136116068
  0
LWPOLYLINE
  5
22F
330
17
100
AcDbEntity
  8
ROADS
100
AcDbPolyline
 90
2
 70
0
 10
627439.2751666519
 20
4833871.562297673
 10
627380.0409864401
 20
4833854.076661251
  0
LWPOLYLINE
  5
230
330
17
100
AcDbEntity
  8
ROADS
100
AcDbPolyline
 90
2
 70
0
 10
627380.0409864401
 20
4833854.076661251
 10
627365.1922229251
 20
4833903.450375896
  0
LWPOLYLINE
  5
231
330
17
100
AcDbEntity
  8
ROADS
100
AcDbPolyline
 90
2
 70
0
 10
627490.252088845
 20
4833886.516546663
 10
627439.2751666519
 20
4833871.562297673
  0
LWPOLYLINE
  5
232
330
17
100
AcDbEntity
  8
ROADS
100
AcDbPolyline
 90
2
 70
0
 10
627439.2751666519
 20
4833871.562297673
 10
627428.1729005048
 20
4833910.270064959
  0
LWPOLYLINE
  5
233
330
17
100
AcDbEntity
  8
ROADS
100
AcDbPolyline
 90
2
 70
0
 10
627150.579374642
 20
4833783.965261814
 10
627135.4347777531
 20
4833832.527548879
  0
LWPOLYLINE
  5
234
330
17
100
AcDbEntity
  8
ROADS
100
AcDbPolyline
 90
2
 70
0
 10
627189.5704148585
 20
4833797.707790749
 10
627174.163485767
 20
4833846.453353066
  0
LWPOLYLINE
  5
235
330
17
100
AcDbEntity
  8
ROADS
100
AcDbPolyline
 90
2
 70
0
 10
627135.4347777531
 20
4833832.527548879
 10
627084.7617920277
 20
4833816.584755251
  0
LWPOLYLINE
  5
236
330
17
100
AcDbEntity
  8
ROADS
100
AcDbPolyline
 90
2
 70
0
 10
627380.0409864401
 20
4833854.076661251
 10
627257.2406527554
 20
4833817.735029875
  0
LWPOLYLINE
  5
237
330
17
100
AcDbEntity
  8
ROADS
100
AcDbPolyline
 90
2
 70
0
 10
627135.4347777531
 20
4833832.527548879
 10
627119.6991514302
 20
4833883.634306624
  0
LWPOLYLINE
  5
238
330
17
100
AcDbEntity
  8
ROADS
100
AcDbPolyline
 90
2
 70
0
 10
627174.163485767
 20
4833846.453353066
 10
627157.7971523928
 20
4833894.443024877
  0
LWPOLYLINE
  5
239
330
17
100
AcDbEntity
  8
ROADS
100
AcDbPolyline
 90
2
 70
0
 10
627365.1922229251
 20
4833903.450375896
 10
627174.163485767
 20
4833846.453353066
  0
LWPOLYLINE
  5
23A
330
17
100
AcDbEntity
  8
ROADS
100
AcDbPolyline
 90
2
 70
0
 10
627157.7971523928
 20
4833894.443024877
 10
627119.6991514302
 20
4833883.634306624
  0
LWPOLYLINE
  5
23B
330
17
100
AcDbEntity
  8
ROADS
100
AcDbPolyline
 90
2
 70
0
 10
627172.9330467978
 20
4833898.816348846
 10
627157.7971523928
 20
4833894.443024877
  0
LWPOLYLINE
  5
23C
330
17
100
AcDbEntity
  8
ROADS
100
AcDbPolyline
 90
2
 70
0
 10
627227.037952213
 20
4833914.997199574
 10
627172.9330467978
 20
4833898.816348846
  0
LWPOLYLINE
  5
23D
330
17
100
AcDbEntity
  8
ROADS
100
AcDbPolyline
 90
2
 70
0
 10
627542.9040989972
 20
4833902.136116068
 10
627490.252088845
 20
4833886.516546663
  0
LWPOLYLINE
  5
23E
330
17
100
AcDbEntity
  8
ROADS
100
AcDbPolyline
 90
2
 70
0
 10
627639.5062673575
 20
4833932.673953879
 10
627542.9040989972
 20
4833902.136116068
  0
LWPOLYLINE
  5
23F
330
17
100
AcDbEntity
  8
ROADS
100
AcDbPolyline
 90
2
 70
0
 10
627478.5206833126
 20
4833925.6169733945
 10
627428.1729005048
 20
4833910.270064959
  0
LWPOLYLINE
  5
240
330
17
100
AcDbEntity
  8
ROADS
100
AcDbPolyline
 90
2
 70
0
 10
627542.9040989972
 20
4833902.136116068
 10
627530.8804478308
 20
4833941.138260419
  0
LWPOLYLINE
  5
241
330
17
100
AcDbEntity
  8
ROADS
100
AcDbPolyline
 90
2
 70
0
 10
627365.1922229251
 20
4833903.450375896
 10
627350.3126278997
 20
4833953.616578424
  0
LWPOLYLINE
  5
242
330
17
100
AcDbEntity
  8
ROADS
100
AcDbPolyline
 90
2
 70
0
 10
627530.8804478308
 20
4833941.138260419
 10
627478.5206833126
 20
4833925.6169733945
  0
LWPOLYLINE
  5
243
330
17
100
AcDbEntity
  8
ROADS
100
AcDbPolyline
 90
2
 70
0
 10
627428.1729005048
 20
4833910.270064959
 10
627409.9486688208
 20
4833970.474454799
  0
LWPOLYLINE
  5
244
330
17
100
AcDbEntity
  8
ROADS
100
AcDbPolyline
 90
2
 70
0
 10
627366.8409913632
 20
4833957.609550342
 10
627378.7957804478
 20
4833931.352976035
  0
LWPOLYLINE
  5
245
330
17
100
AcDbEntity
  8
ROADS
100
AcDbPolyline
 90
2
 70
0
 10
627578.6557399866
 20
4833954.733574104
 10
627530.8804478308
 20
4833941.138260419
  0
LWPOLYLINE
  5
246
330
17
100
AcDbEntity
  8
ROADS
100
AcDbPolyline
 90
2
 70
0
 10
627366.8409913632
 20
4833957.609550342
 10
627350.3126278997
 20
4833953.616578424
  0
LWPOLYLINE
  5
247
330
17
100
AcDbEntity
  8
ROADS
100
AcDbPolyline
 90
2
 70
0
 10
627157.7971523928
 20
4833894.443024877
 10
627141.6898074754
 20
4833938.284117074
  0
LWPOLYLINE
  5
248
330
17
100
AcDbEntity
  8
ROADS
100
AcDbPolyline
 90
2
 70
0
 10
627119.6991514302
 20
4833883.634306624
 10
627096.0918928871
 20
4833962.85652311
  0
LWPOLYLINE
  5
249
330
17
100
AcDbEntity
  8
ROADS
100
AcDbPolyline
 90
2
 70
0
 10
627172.9330467978
 20
4833898.816348846
 10
627157.2899185228
 20
4833947.9586599255
  0
LWPOLYLINE
  5
24A
330
17
100
AcDbEntity
  8
ROADS
100
AcDbPolyline
 90
2
 70
0
 10
627227.037952213
 20
4833914.997199574
 10
627215.3886857104
 20
4833952.153958821
  0
LWPOLYLINE
  5
24B
330
17
100
AcDbEntity
  8
ROADS
100
AcDbPolyline
 90
2
 70
0
 10
627350.3126278997
 20
4833953.616578424
 10
627227.037952213
 20
4833914.997199574
  0
LWPOLYLINE
  5
24C
330
17
100
AcDbEntity
  8
ROADS
100
AcDbPolyline
 90
2
 70
0
 10
627215.3886857104
 20
4833952.153958821
 10
627181.56414733
 20
4833941.499977515
  0
LWPOLYLINE
  5
24D
330
17
100
AcDbEntity
  8
ROADS
100
AcDbPolyline
 90
2
 70
0
 10
627211.5427798646
 20
4833964.142192119
 10
627157.2899185228
 20
4833947.9586599255
  0
LWPOLYLINE
  5
24E
330
17
100
AcDbEntity
  8
ROADS
100
AcDbPolyline
 90
2
 70
0
 10
627096.0918928871
 20
4833962.85652311
 10
627055.8469108252
 20
4833950.435396737
  0
LWPOLYLINE
  5
24F
330
17
100
AcDbEntity
  8
ROADS
100
AcDbPolyline
 90
2
 70
0
 10
627215.3886857104
 20
4833952.153958821
 10
627211.5427798646
 20
4833964.142192119
  0
LWPOLYLINE
  5
250
330
17
100
AcDbEntity
  8
ROADS
100
AcDbPolyline
 90
2
 70
0
 10
627211.5427798646
 20
4833964.142192119
 10
627268.2912859727
 20
4833982.124945927
  0
LWPOLYLINE
  5
251
330
17
100
AcDbEntity
  8
ROADS
100
AcDbPolyline
 90
2
 70
0
 10
628145.5322638546
 20
4833846.763943195
 10
628119.9041714959
 20
4833930.9462025445
  0
LWPOLYLINE
  5
252
330
17
100
AcDbEntity
  8
ROADS
100
AcDbPolyline
 90
2
 70
0
 10
628169.096192988
 20
4833945.3961974615
 10
628119.9041714959
 20
4833930.9462025445
  0
LWPOLYLINE
  5
253
330
17
100
AcDbEntity
  8
ROADS
100
AcDbPolyline
 90
2
 70
0
 10
628101.3151581556
 20
4833789.3991066255
 10
628002.5018134359
 20
4834111.585962322
  0
LWPOLYLINE
  5
254
330
17
100
AcDbEntity
  8
ROADS
100
AcDbPolyline
 90
2
 70
0
 10
628119.9041714959
 20
4833930.9462025445
 10
628095.6986705507
 20
4834006.855626925
  0
LWPOLYLINE
  5
255
330
17
100
AcDbEntity
  8
ROADS
100
AcDbPolyline
 90
3
 70
0
 10
627855.1116411983
 20
4833930.754526661
 10
627929.0879553478
 20
4833968.069908422
 10
627942.2095808625
 20
4834035.473377567
  0
LWPOLYLINE
  5
256
330
17
100
AcDbEntity
  8
ROADS
100
AcDbPolyline
 90
2
 70
0
 10
628145.6065220181
 20
4834021.206563189
 10
628095.6986705507
 20
4834006.855626925
  0
LWPOLYLINE
  5
257
330
17
100
AcDbEntity
  8
ROADS
100
AcDbPolyline
 90
2
 70
0
 10
627942.2095808625
 20
4834035.473377567
 10
627971.7791822035
 20
4834091.593405403
  0
LWPOLYLINE
  5
258
330
17
100
AcDbEntity
  8
ROADS
100
AcDbPolyline
 90
2
 70
0
 10
627942.2095808625
 20
4834035.473377567
 10
627950.5912063967
 20
4834099.262950938
  0
LWPOLYLINE
  5
259
330
17
100
AcDbEntity
  8
ROADS
100
AcDbPolyline
 90
2
 70
0
 10
628095.6986705507
 20
4834006.855626925
 10
628047.4580400453
 20
4834163.520834886
  0
LWPOLYLINE
  5
25A
330
17
100
AcDbEntity
  8
ROADS
100
AcDbPolyline
 90
3
 70
0
 10
627942.2095808625
 20
4834035.473377567
 10
627923.2552359106
 20
4834103.148135779
 10
627849.4442171153
 20
4834135.532157417
  0
LWPOLYLINE
  5
25B
330
17
100
AcDbEntity
  8
ROADS
100
AcDbPolyline
 90
2
 70
0
 10
627814.6549761895
 20
4833919.250610232
 10
627756.3101083785
 20
4833903.905155524
  0
LWPOLYLINE
  5
25C
330
17
100
AcDbEntity
  8
ROADS
100
AcDbPolyline
 90
2
 70
0
 10
627865.455983622
 20
4833895.471231039
 10
627855.1116411983
 20
4833930.754526661
  0
LWPOLYLINE
  5
25D
330
17
100
AcDbEntity
  8
ROADS
100
AcDbPolyline
 90
2
 70
0
 10
627644.5550275473
 20
4833915.49711666
 10
627639.5062673575
 20
4833932.673953879
  0
LWPOLYLINE
  5
25E
330
17
100
AcDbEntity
  8
ROADS
100
AcDbPolyline
 90
2
 70
0
 10
627855.1116411983
 20
4833930.754526661
 10
627814.6549761895
 20
4833919.250610232
  0
LWPOLYLINE
  5
25F
330
17
100
AcDbEntity
  8
ROADS
100
AcDbPolyline
 90
2
 70
0
 10
627855.1116411983
 20
4833930.754526661
 10
627848.6887714586
 20
4833952.026800918
  0
LWPOLYLINE
  5
260
330
17
100
AcDbEntity
  8
ROADS
100
AcDbPolyline
 90
2
 70
0
 10
627639.5062673575
 20
4833932.673953879
 10
627628.3916577302
 20
4833969.463398288
  0
LWPOLYLINE
  5
261
330
17
100
AcDbEntity
  8
ROADS
100
AcDbPolyline
 90
2
 70
0
 10
627628.3916577302
 20
4833969.463398288
 10
627578.6557399866
 20
4833954.733574104
  0
LWPOLYLINE
  5
262
330
17
100
AcDbEntity
  8
ROADS
100
AcDbPolyline
 90
2
 70
0
 10
627848.6887714586
 20
4833952.026800918
 10
627829.4282628259
 20
4834012.628560524
  0
LWPOLYLINE
  5
263
330
17
100
AcDbEntity
  8
ROADS
100
AcDbPolyline
 90
3
 70
0
 10
627644.5550275473
 20
4833915.49711666
 10
627692.404717682
 20
4833930.62087237
 10
627653.3397527246
 20
4834060.839068976
  0
LWPOLYLINE
  5
264
330
17
100
AcDbEntity
  8
ROADS
100
AcDbPolyline
 90
2
 70
0
 10
627848.6887714586
 20
4833952.026800918
 10
627865.3968696762
 20
4834051.729134909
  0
LWPOLYLINE
  5
265
330
17
100
AcDbEntity
  8
ROADS
100
AcDbPolyline
 90
2
 70
0
 10
627409.9486688208
 20
4833970.474454799
 10
627366.8409913632
 20
4833957.609550342
  0
LWPOLYLINE
  5
266
330
17
100
AcDbEntity
  8
ROADS
100
AcDbPolyline
 90
2
 70
0
 10
627366.8409913632
 20
4833957.609550342
 10
627346.3774269528
 20
4834006.7307637865
  0
LWPOLYLINE
  5
267
330
17
100
AcDbEntity
  8
ROADS
100
AcDbPolyline
 90
2
 70
0
 10
627478.5206833126
 20
4833925.6169733945
 10
627441.2167262845
 20
4834039.907418631
  0
LWPOLYLINE
  5
268
330
17
100
AcDbEntity
  8
ROADS
100
AcDbPolyline
 90
2
 70
0
 10
627409.9486688208
 20
4833970.474454799
 10
627392.9516114253
 20
4834023.480068392
  0
LWPOLYLINE
  5
269
330
17
100
AcDbEntity
  8
ROADS
100
AcDbPolyline
 90
2
 70
0
 10
627530.8804478308
 20
4833941.138260419
 10
627495.7429395827
 20
4834056.01941463
  0
LWPOLYLINE
  5
26A
330
17
100
AcDbEntity
  8
ROADS
100
AcDbPolyline
 90
2
 70
0
 10
627578.6557399866
 20
4833954.733574104
 10
627544.6635743859
 20
4834070.484498639
  0
LWPOLYLINE
  5
26B
330
17
100
AcDbEntity
  8
ROADS
100
AcDbPolyline
 90
2
 70
0
 10
627392.9516114253
 20
4834023.480068392
 10
627346.3774269528
 20
4834006.7307637865
  0
LWPOLYLINE
  5
26C
330
17
100
AcDbEntity
  8
ROADS
100
AcDbPolyline
 90
2
 70
0
 10
627441.2167262845
 20
4834039.907418631
 10
627392.9516114253
 20
4834023.480068392
  0
LWPOLYLINE
  5
26D
330
17
100
AcDbEntity
  8
ROADS
100
AcDbPolyline
 90
2
 70
0
 10
627495.7429395827
 20
4834056.01941463
 10
627441.2167262845
 20
4834039.907418631
  0
LWPOLYLINE
  5
26E
330
17
100
AcDbEntity
  8
ROADS
100
AcDbPolyline
 90
2
 70
0
 10
627392.9516114253
 20
4834023.480068392
 10
627372.7975062747
 20
4834086.270227292
  0
LWPOLYLINE
  5
26F
330
17
100
AcDbEntity
  8
ROADS
100
AcDbPolyline
 90
2
 70
0
 10
627322.6327856621
 20
4833736.614813851
 10
627277.1204957062
 20
4833722.309395515
  0
LWPOLYLINE
  5
270
330
17
100
AcDbEntity
  8
ROADS
100
AcDbPolyline
 90
2
 70
0
 10
627178.1408485224
 20
4833692.292714687
 10
627150.579374642
 20
4833783.965261814
  0
LWPOLYLINE
  5
271
330
17
100
AcDbEntity
  8
ROADS
100
AcDbPolyline
 90
2
 70
0
 10
627112.1961285373
 20
4833732.721411753
 10
627100.3290817593
 20
4833770.309254837
  0
LWPOLYLINE
  5
272
330
17
100
AcDbEntity
  8
ROADS
100
AcDbPolyline
 90
2
 70
0
 10
627221.9150398205
 20
4833705.545647811
 10
627189.5704148585
 20
4833797.707790749
  0
LWPOLYLINE
  5
273
330
17
100
AcDbEntity
  8
ROADS
100
AcDbPolyline
 90
2
 70
0
 10
627100.3290817593
 20
4833770.309254837
 10
627049.1237882563
 20
4833754.049832516
  0
LWPOLYLINE
  5
274
330
17
100
AcDbEntity
  8
ROADS
100
AcDbPolyline
 90
2
 70
0
 10
627150.579374642
 20
4833783.965261814
 10
627100.3290817593
 20
4833770.309254837
  0
LWPOLYLINE
  5
275
330
17
100
AcDbEntity
  8
ROADS
100
AcDbPolyline
 90
3
 70
0
 10
627268.3671544342
 20
4833764.903841397
 10
627245.1716225035
 20
4833761.976451784
 10
627189.5704148585
 20
4833797.707790749
  0
LWPOLYLINE
  5
276
330
17
100
AcDbEntity
  8
ROADS
100
AcDbPolyline
 90
2
 70
0
 10
627189.5704148585
 20
4833797.707790749
 10
627150.579374642
 20
4833783.965261814
  0
LWPOLYLINE
  5
277
330
17
100
AcDbEntity
  8
ROADS
100
AcDbPolyline
 90
2
 70
0
 10
627261.9295696134
 20
4833789.592027197
 10
627257.2406527554
 20
4833817.735029875
  0
LWPOLYLINE
  5
278
330
17
100
AcDbEntity
  8
ROADS
100
AcDbPolyline
 90
2
 70
0
 10
627257.2406527554
 20
4833817.735029875
 10
627189.5704148585
 20
4833797.707790749
  0
LWPOLYLINE
  5
279
330
17
100
AcDbEntity
  8
ROADS
100
AcDbPolyline
 90
2
 70
0
 10
626492.8139163672
 20
4833766.288490446
 10
626502.0533603915
 20
4833735.8066521855
  0
LWPOLYLINE
  5
27A
330
17
100
AcDbEntity
  8
ROADS
100
AcDbPolyline
 90
2
 70
0
 10
626388.5631124318
 20
4833765.989363954
 10
626371.7468059631
 20
4833760.89064933
  0
LWPOLYLINE
  5
27B
330
17
100
AcDbEntity
  8
ROADS
100
AcDbPolyline
 90
2
 70
0
 10
626478.9108499404
 20
4833812.447977428
 10
626492.8139163672
 20
4833766.288490446
  0
LWPOLYLINE
  5
27C
330
17
100
AcDbEntity
  8
ROADS
100
AcDbPolyline
 90
2
 70
0
 10
626955.6687472039
 20
4833726.014127061
 10
626943.2242061913
 20
4833765.619639022
  0
LWPOLYLINE
  5
27D
330
17
100
AcDbEntity
  8
ROADS
100
AcDbPolyline
 90
2
 70
0
 10
626943.2242061913
 20
4833765.619639022
 10
626896.9332173535
 20
4833751.685181361
  0
LWPOLYLINE
  5
27E
330
17
100
AcDbEntity
  8
ROADS
100
AcDbPolyline
 90
2
 70
0
 10
626849.1132201967
 20
4833737.027050098
 10
626829.7332501629
 20
4833800.591660996
  0
LWPOLYLINE
  5
27F
330
17
100
AcDbEntity
  8
ROADS
100
AcDbPolyline
 90
2
 70
0
 10
626990.1409138793
 20
4833779.793423598
 10
626943.2242061913
 20
4833765.619639022
  0
LWPOLYLINE
  5
280
330
17
100
AcDbEntity
  8
ROADS
100
AcDbPolyline
 90
2
 70
0
 10
627049.1237882563
 20
4833754.049832516
 10
627035.6212187521
 20
4833797.830489015
  0
LWPOLYLINE
  5
281
330
17
100
AcDbEntity
  8
ROADS
100
AcDbPolyline
 90
2
 70
0
 10
626896.9332173535
 20
4833751.685181361
 10
626877.5955138007
 20
4833815.179560158
  0
LWPOLYLINE
  5
282
330
17
100
AcDbEntity
  8
ROADS
100
AcDbPolyline
 90
2
 70
0
 10
627035.6212187521
 20
4833797.830489015
 10
626990.1409138793
 20
4833779.793423598
  0
LWPOLYLINE
  5
283
330
17
100
AcDbEntity
  8
ROADS
100
AcDbPolyline
 90
2
 70
0
 10
626943.2242061913
 20
4833765.619639022
 10
626924.3896593901
 20
4833828.830102089
  0
LWPOLYLINE
  5
284
330
17
100
AcDbEntity
  8
ROADS
100
AcDbPolyline
 90
2
 70
0
 10
627084.7617920277
 20
4833816.584755251
 10
627035.6212187521
 20
4833797.830489015
  0
LWPOLYLINE
  5
285
330
17
100
AcDbEntity
  8
ROADS
100
AcDbPolyline
 90
2
 70
0
 10
626877.5955138007
 20
4833815.179560158
 10
626829.7332501629
 20
4833800.591660996
  0
LWPOLYLINE
  5
286
330
17
100
AcDbEntity
  8
ROADS
100
AcDbPolyline
 90
2
 70
0
 10
626617.1824233397
 20
4833749.74118821
 10
626580.6017162966
 20
4833738.75841404
  0
LWPOLYLINE
  5
287
330
17
100
AcDbEntity
  8
ROADS
100
AcDbPolyline
 90
2
 70
0
 10
626567.9834241908
 20
4833734.970139623
 10
626553.298827847
 20
4833783.867677733
  0
LWPOLYLINE
  5
288
330
17
100
AcDbEntity
  8
ROADS
100
AcDbPolyline
 90
2
 70
0
 10
626816.9211282328
 20
4833684.137041197
 10
626763.0260265162
 20
4833858.588576602
  0
LWPOLYLINE
  5
289
330
17
100
AcDbEntity
  8
ROADS
100
AcDbPolyline
 90
2
 70
0
 10
626553.298827847
 20
4833783.867677733
 10
626492.8139163672
 20
4833766.288490446
  0
LWPOLYLINE
  5
28A
330
17
100
AcDbEntity
  8
ROADS
100
AcDbPolyline
 90
2
 70
0
 10
626553.298827847
 20
4833783.867677733
 10
626548.9130899453
 20
4833800.327400556
  0
LWPOLYLINE
  5
28B
330
17
100
AcDbEntity
  8
ROADS
100
AcDbPolyline
 90
2
 70
0
 10
626617.1824233397
 20
4833749.74118821
 10
626588.8642883629
 20
4833845.599153034
  0
LWPOLYLINE
  5
28C
330
17
100
AcDbEntity
  8
ROADS
100
AcDbPolyline
 90
2
 70
0
 10
626751.5607519085
 20
4833728.868516132
 10
626704.6182074307
 20
4833891.636960678
  0
LWPOLYLINE
  5
28D
330
17
100
AcDbEntity
  8
ROADS
100
AcDbPolyline
 90
2
 70
0
 10
626588.8642883629
 20
4833845.599153034
 10
626478.9108499404
 20
4833812.447977428
  0
LWPOLYLINE
  5
28E
330
17
100
AcDbEntity
  8
ROADS
100
AcDbPolyline
 90
2
 70
0
 10
626763.0260265162
 20
4833858.588576602
 10
626795.9314097246
 20
4833868.581884888
  0
LWPOLYLINE
  5
28F
330
17
100
AcDbEntity
  8
ROADS
100
AcDbPolyline
 90
2
 70
0
 10
626588.8642883629
 20
4833845.599153034
 10
626568.6338613234
 20
4833913.833617967
  0
LWPOLYLINE
  5
290
330
17
100
AcDbEntity
  8
ROADS
100
AcDbPolyline
 90
2
 70
0
 10
626990.1409138793
 20
4833779.793423598
 10
626971.7979062337
 20
4833842.864769885
  0
LWPOLYLINE
  5
291
330
17
100
AcDbEntity
  8
ROADS
100
AcDbPolyline
 90
2
 70
0
 10
626924.3896593901
 20
4833828.830102089
 10
626877.5955138007
 20
4833815.179560158
  0
LWPOLYLINE
  5
292
330
17
100
AcDbEntity
  8
ROADS
100
AcDbPolyline
 90
3
 70
0
 10
626829.7332501629
 20
4833800.591660996
 10
626817.465193799
 20
4833840.4473602185
 10
626856.1644252054
 20
4833852.073480191
  0
LWPOLYLINE
  5
293
330
17
100
AcDbEntity
  8
ROADS
100
AcDbPolyline
 90
2
 70
0
 10
627035.6212187521
 20
4833797.830489015
 10
627018.6590276542
 20
4833856.683540064
  0
LWPOLYLINE
  5
294
330
17
100
AcDbEntity
  8
ROADS
100
AcDbPolyline
 90
2
 70
0
 10
626971.7979062337
 20
4833842.864769885
 10
626924.3896593901
 20
4833828.830102089
  0
LWPOLYLINE
  5
295
330
17
100
AcDbEntity
  8
ROADS
100
AcDbPolyline
 90
2
 70
0
 10
626924.3896593901
 20
4833828.830102089
 10
626912.2373311389
 20
4833868.368883872
  0
LWPOLYLINE
  5
296
330
17
100
AcDbEntity
  8
ROADS
100
AcDbPolyline
 90
2
 70
0
 10
627018.6590276542
 20
4833856.683540064
 10
626971.7979062337
 20
4833842.864769885
  0
LWPOLYLINE
  5
297
330
17
100
AcDbEntity
  8
ROADS
100
AcDbPolyline
 90
2
 70
0
 10
626912.2373311389
 20
4833868.368883872
 10
626856.1644252054
 20
4833852.073480191
  0
LWPOLYLINE
  5
298
330
17
100
AcDbEntity
  8
ROADS
100
AcDbPolyline
 90
2
 70
0
 10
626856.1644252054
 20
4833852.073480191
 10
626841.5521464929
 20
4833898.46221019
  0
LWPOLYLINE
  5
299
330
17
100
AcDbEntity
  8
ROADS
100
AcDbPolyline
 90
2
 70
0
 10
626958.7531543353
 20
4833882.700446015
 10
626912.2373311389
 20
4833868.368883872
  0
LWPOLYLINE
  5
29A
330
17
100
AcDbEntity
  8
ROADS
100
AcDbPolyline
 90
2
 70
0
 10
626422.071422179
 20
4833833.974000553
 10
626469.7990062741
 20
4833848.20843263
  0
LWPOLYLINE
  5
29B
330
17
100
AcDbEntity
  8
ROADS
100
AcDbPolyline
 90
2
 70
0
 10
626422.071422179
 20
4833833.974000553
 10
626413.4144214084
 20
4833862.828258719
  0
LWPOLYLINE
  5
29C
330
17
100
AcDbEntity
  8
ROADS
100
AcDbPolyline
 90
2
 70
0
 10
626349.3416016542
 20
4833870.475418365
 10
626405.014887702
 20
4833890.689109607
  0
LWPOLYLINE
  5
29D
330
17
100
AcDbEntity
  8
ROADS
100
AcDbPolyline
 90
3
 70
0
 10
626413.4144214084
 20
4833862.828258719
 10
626459.9946843585
 20
4833876.3019134775
 10
626464.3555787846
 20
4833861.548848752
  0
LWPOLYLINE
  5
29E
330
17
100
AcDbEntity
  8
ROADS
100
AcDbPolyline
 90
2
 70
0
 10
626413.4144214084
 20
4833862.828258719
 10
626405.014887702
 20
4833890.689109607
  0
LWPOLYLINE
  5
29F
330
17
100
AcDbEntity
  8
ROADS
100
AcDbPolyline
 90
2
 70
0
 10
626560.5085250189
 20
4833940.992394206
 10
626405.014887702
 20
4833890.689109607
  0
LWPOLYLINE
  5
2A0
330
17
100
AcDbEntity
  8
ROADS
100
AcDbPolyline
 90
2
 70
0
 10
626405.014887702
 20
4833890.689109607
 10
626386.587654263
 20
4833951.255668757
  0
LWPOLYLINE
  5
2A1
330
17
100
AcDbEntity
  8
ROADS
100
AcDbPolyline
 90
3
 70
0
 10
627018.6590276542
 20
4833856.683540064
 10
627005.9651078898
 20
4833896.031532063
 10
626958.7531543353
 20
4833882.700446015
  0
LWPOLYLINE
  5
2A2
330
17
100
AcDbEntity
  8
ROADS
100
AcDbPolyline
 90
2
 70
0
 10
627084.7617920277
 20
4833816.584755251
 10
627046.1491055132
 20
4833946.739897953
  0
LWPOLYLINE
  5
2A3
330
17
100
AcDbEntity
  8
ROADS
100
AcDbPolyline
 90
2
 70
0
 10
626841.5521464929
 20
4833898.46221019
 10
626806.5263611996
 20
4833887.764532516
  0
LWPOLYLINE
  5
2A4
330
17
100
AcDbEntity
  8
ROADS
100
AcDbPolyline
 90
2
 70
0
 10
626958.7531543353
 20
4833882.700446015
 10
626945.1488345927
 20
4833924.612632712
  0
LWPOLYLINE
  5
2A5
330
17
100
AcDbEntity
  8
ROADS
100
AcDbPolyline
 90
2
 70
0
 10
626892.3872310289
 20
4833913.567883968
 10
626841.5521464929
 20
4833898.46221019
  0
LWPOLYLINE
  5
2A6
330
17
100
AcDbEntity
  8
ROADS
100
AcDbPolyline
 90
2
 70
0
 10
626841.5521464929
 20
4833898.46221019
 10
626832.2812153779
 20
4833929.633548
  0
LWPOLYLINE
  5
2A7
330
17
100
AcDbEntity
  8
ROADS
100
AcDbPolyline
 90
2
 70
0
 10
626945.1488345927
 20
4833924.612632712
 10
626892.3872310289
 20
4833913.567883968
  0
LWPOLYLINE
  5
2A8
330
17
100
AcDbEntity
  8
ROADS
100
AcDbPolyline
 90
2
 70
0
 10
627055.8469108252
 20
4833950.435396737
 10
627046.1491055132
 20
4833946.739897953
  0
LWPOLYLINE
  5
2A9
330
17
100
AcDbEntity
  8
ROADS
100
AcDbPolyline
 90
2
 70
0
 10
626892.3872310289
 20
4833913.567883968
 10
626863.2016873198
 20
4834008.169161138
  0
LWPOLYLINE
  5
2AA
330
17
100
AcDbEntity
  8
ROADS
100
AcDbPolyline
 90
2
 70
0
 10
627055.8469108252
 20
4833950.435396737
 10
627044.6158999436
 20
4833986.251612851
  0
LWPOLYLINE
  5
2AB
330
17
100
AcDbEntity
  8
ROADS
100
AcDbPolyline
 90
2
 70
0
 10
626763.0260265162
 20
4833858.588576602
 10
626749.8631482966
 20
4833905.015491075
  0
LWPOLYLINE
  5
2AC
330
17
100
AcDbEntity
  8
ROADS
100
AcDbPolyline
 90
2
 70
0
 10
626749.8631482966
 20
4833905.015491075
 10
626704.6182074307
 20
4833891.636960678
  0
LWPOLYLINE
  5
2AD
330
17
100
AcDbEntity
  8
ROADS
100
AcDbPolyline
 90
4
 70
0
 10
626602.8946202176
 20
4833924.473461195
 10
626614.0304816164
 20
4833887.059474814
 10
626664.4813148465
 20
4833902.397206527
 10
626653.9745830616
 20
4833940.082584895
  0
LWPOLYLINE
  5
2AE
330
17
100
AcDbEntity
  8
ROADS
100
AcDbPolyline
 90
2
 70
0
 10
626832.2812153779
 20
4833929.633548
 10
626749.8631482966
 20
4833905.015491075
  0
LWPOLYLINE
  5
2AF
330
17
100
AcDbEntity
  8
ROADS
100
AcDbPolyline
 90
2
 70
0
 10
626602.8946202176
 20
4833924.473461195
 10
626568.6338613234
 20
4833913.833617967
  0
LWPOLYLINE
  5
2B0
330
17
100
AcDbEntity
  8
ROADS
100
AcDbPolyline
 90
2
 70
0
 10
626704.6182074307
 20
4833891.636960678
 10
626687.645815928
 20
4833949.864726911
  0
LWPOLYLINE
  5
2B1
330
17
100
AcDbEntity
  8
ROADS
100
AcDbPolyline
 90
2
 70
0
 10
626568.6338613234
 20
4833913.833617967
 10
626560.5085250189
 20
4833940.992394206
  0
LWPOLYLINE
  5
2B2
330
17
100
AcDbEntity
  8
ROADS
100
AcDbPolyline
 90
2
 70
0
 10
626653.9745830616
 20
4833940.082584895
 10
626602.8946202176
 20
4833924.473461195
  0
LWPOLYLINE
  5
2B3
330
17
100
AcDbEntity
  8
ROADS
100
AcDbPolyline
 90
2
 70
0
 10
626687.645815928
 20
4833949.864726911
 10
626653.9745830616
 20
4833940.082584895
  0
LWPOLYLINE
  5
2B4
330
17
100
AcDbEntity
  8
ROADS
100
AcDbPolyline
 90
3
 70
0
 10
626602.8946202176
 20
4833924.473461195
 10
626590.6939706929
 20
4833962.757253016
 10
626616.2748646915
 20
4833972.586178047
  0
LWPOLYLINE
  5
2B5
330
17
100
AcDbEntity
  8
ROADS
100
AcDbPolyline
 90
2
 70
0
 10
626641.7143119224
 20
4833981.609499622
 10
626653.9745830616
 20
4833940.082584895
  0
LWPOLYLINE
  5
2B6
330
17
100
AcDbEntity
  8
ROADS
100
AcDbPolyline
 90
2
 70
0
 10
626749.8631482966
 20
4833905.015491075
 10
626710.2031759215
 20
4834031.365335762
  0
LWPOLYLINE
  5
2B7
330
17
100
AcDbEntity
  8
ROADS
100
AcDbPolyline
 90
2
 70
0
 10
626687.645815928
 20
4833949.864726911
 10
626675.4997948168
 20
4833991.4887162335
  0
LWPOLYLINE
  5
2B8
330
17
100
AcDbEntity
  8
ROADS
100
AcDbPolyline
 90
2
 70
0
 10
626616.2748646915
 20
4833972.586178047
 10
626641.7143119224
 20
4833981.609499622
  0
LWPOLYLINE
  5
2B9
330
17
100
AcDbEntity
  8
ROADS
100
AcDbPolyline
 90
2
 70
0
 10
626675.4997948168
 20
4833991.4887162335
 10
626641.7143119224
 20
4833981.609499622
  0
LWPOLYLINE
  5
2BA
330
17
100
AcDbEntity
  8
ROADS
100
AcDbPolyline
 90
4
 70
0
 10
626710.2031759215
 20
4834031.365335762
 10
626748.2906184267
 20
4834037.6650948515
 10
626769.4626021988
 20
4833969.349612512
 10
626752.8999784094
 20
4833969.77129455
  0
LWPOLYLINE
  5
2BB
330
17
100
AcDbEntity
  8
ROADS
100
AcDbPolyline
 90
2
 70
0
 10
626675.4997948168
 20
4833991.4887162335
 10
626655.0345152897
 20
4834059.988961919
  0
LWPOLYLINE
  5
2BC
330
17
100
AcDbEntity
  8
ROADS
100
AcDbPolyline
 90
3
 70
0
 10
626550.4609232241
 20
4834112.845095605
 10
626586.2948206235
 20
4834112.305720477
 10
626616.2748646915
 20
4833972.586178047
  0
LWPOLYLINE
  5
2BD
330
17
100
AcDbEntity
  8
ROADS
100
AcDbPolyline
 90
2
 70
0
 10
626560.5085250189
 20
4833940.992394206
 10
626497.4204411348
 20
4834155.132975589
  0
LWPOLYLINE
  5
2BE
330
17
100
AcDbEntity
  8
ROADS
100
AcDbPolyline
 90
2
 70
0
 10
626710.2031759215
 20
4834031.365335762
 10
626699.1081851264
 20
4834072.271277836
  0
LWPOLYLINE
  5
2BF
330
17
100
AcDbEntity
  8
ROADS
100
AcDbPolyline
 90
2
 70
0
 10
626832.2812153779
 20
4833929.633548
 10
626800.9539104699
 20
4834031.794555989
  0
LWPOLYLINE
  5
2C0
330
17
100
AcDbEntity
  8
ROADS
100
AcDbPolyline
 90
2
 70
0
 10
626945.1488345927
 20
4833924.612632712
 10
626911.7419061953
 20
4834039.692377214
  0
LWPOLYLINE
  5
2C1
330
17
100
AcDbEntity
  8
ROADS
100
AcDbPolyline
 90
3
 70
0
 10
626945.1488345927
 20
4833924.612632712
 10
626982.7296690398
 20
4833943.616504919
 10
626954.3668745866
 20
4834039.782770851
  0
LWPOLYLINE
  5
2C2
330
17
100
AcDbEntity
  8
ROADS
100
AcDbPolyline
 90
4
 70
0
 10
627046.1491055132
 20
4833946.739897953
 10
627023.0017692099
 20
4833952.71091407
 10
626995.6193903658
 20
4834033.696981019
 10
626954.3668745866
 20
4834039.782770851
  0
LWPOLYLINE
  5
2C3
330
17
100
AcDbEntity
  8
ROADS
100
AcDbPolyline
 90
2
 70
0
 10
626954.3668745866
 20
4834039.782770851
 10
626911.7419061953
 20
4834039.692377214
  0
LWPOLYLINE
  5
2C4
330
17
100
AcDbEntity
  8
ROADS
100
AcDbPolyline
 90
2
 70
0
 10
626884.1797951431
 20
4834059.247420584
 10
626800.9539104699
 20
4834031.794555989
  0
LWPOLYLINE
  5
2C5
330
17
100
AcDbEntity
  8
ROADS
100
AcDbPolyline
 90
2
 70
0
 10
626911.7419061953
 20
4834039.692377214
 10
626884.1797951431
 20
4834059.247420584
  0
LWPOLYLINE
  5
2C6
330
17
100
AcDbEntity
  8
ROADS
100
AcDbPolyline
 90
2
 70
0
 10
627096.0918928871
 20
4833962.85652311
 10
627040.4119736346
 20
4834143.478282025
  0
LWPOLYLINE
  5
2C7
330
17
100
AcDbEntity
  8
ROADS
100
AcDbPolyline
 90
2
 70
0
 10
626821.3656517576
 20
4834107.346057205
 10
626823.8604549858
 20
4834092.5372486105
  0
LWPOLYLINE
  5
2C8
330
17
100
AcDbEntity
  8
ROADS
100
AcDbPolyline
 90
2
 70
0
 10
626884.1797951431
 20
4834059.247420584
 10
626873.5428466885
 20
4834147.568548031
  0
LWPOLYLINE
  5
2C9
330
17
100
AcDbEntity
  8
ROADS
100
AcDbPolyline
 90
2
 70
0
 10
628171.5620859127
 20
4833763.426986407
 10
628132.9780077231
 20
4833751.396888776
  0
LWPOLYLINE
  5
2CA
330
17
100
AcDbEntity
  8
ROADS
100
AcDbPolyline
 90
2
 70
0
 10
628252.034898594
 20
4833745.2451701835
 10
628238.3279334784
 20
4833784.368988289
  0
LWPOLYLINE
  5
2CB
330
17
100
AcDbEntity
  8
ROADS
100
AcDbPolyline
 90
2
 70
0
 10
628238.3279334784
 20
4833784.368988289
 10
628171.5620859127
 20
4833763.426986407
  0
LWPOLYLINE
  5
2CC
330
17
100
AcDbEntity
  8
ROADS
100
AcDbPolyline
 90
2
 70
0
 10
628461.1071448775
 20
4833806.187664107
 10
628252.034898594
 20
4833745.2451701835
  0
LWPOLYLINE
  5
2CD
330
17
100
AcDbEntity
  8
ROADS
100
AcDbPolyline
 90
2
 70
0
 10
628171.5620859127
 20
4833763.426986407
 10
628157.261701742
 20
4833807.911416317
  0
LWPOLYLINE
  5
2CE
330
17
100
AcDbEntity
  8
ROADS
100
AcDbPolyline
 90
2
 70
0
 10
628268.8187709403
 20
4833793.672648189
 10
628238.3279334784
 20
4833784.368988289
  0
LWPOLYLINE
  5
2CF
330
17
100
AcDbEntity
  8
ROADS
100
AcDbPolyline
 90
2
 70
0
 10
628348.105538096
 20
4833817.819160196
 10
628268.8187709403
 20
4833793.672648189
  0
LWPOLYLINE
  5
2D0
330
17
100
AcDbEntity
  8
ROADS
100
AcDbPolyline
 90
2
 70
0
 10
628157.261701742
 20
4833807.911416317
 10
628229.925801072
 20
4833828.888027253
  0
LWPOLYLINE
  5
2D1
330
17
100
AcDbEntity
  8
ROADS
100
AcDbPolyline
 90
2
 70
0
 10
628157.261701742
 20
4833807.911416317
 10
628145.5322638546
 20
4833846.763943195
  0
LWPOLYLINE
  5
2D2
330
17
100
AcDbEntity
  8
ROADS
100
AcDbPolyline
 90
2
 70
0
 10
628417.6899276419
 20
4833839.075143313
 10
628348.105538096
 20
4833817.819160196
  0
LWPOLYLINE
  5
2D3
330
17
100
AcDbEntity
  8
ROADS
100
AcDbPolyline
 90
2
 70
0
 10
627879.3667190464
 20
4833771.205707154
 10
627882.9962315707
 20
4833818.775340473
  0
LWPOLYLINE
  5
2D4
330
17
100
AcDbEntity
  8
ROADS
100
AcDbPolyline
 90
2
 70
0
 10
627905.5094342461
 20
4833789.573353091
 10
627891.7940485994
 20
4833810.848836379
  0
LWPOLYLINE
  5
2D5
330
17
100
AcDbEntity
  8
ROADS
100
AcDbPolyline
 90
2
 70
0
 10
628157.261701742
 20
4833807.911416317
 10
628115.7239218665
 20
4833794.16682155
  0
LWPOLYLINE
  5
2D6
330
17
100
AcDbEntity
  8
ROADS
100
AcDbPolyline
 90
2
 70
0
 10
627891.7940485994
 20
4833810.848836379
 10
627882.9962315707
 20
4833818.775340473
  0
LWPOLYLINE
  5
2D7
330
17
100
AcDbEntity
  8
ROADS
100
AcDbPolyline
 90
2
 70
0
 10
628115.7239218665
 20
4833794.16682155
 10
628097.3823484194
 20
4833854.610235865
  0
LWPOLYLINE
  5
2D8
330
17
100
AcDbEntity
  8
ROADS
100
AcDbPolyline
 90
2
 70
0
 10
627889.5741065624
 20
4833847.799076101
 10
627986.0714784019
 20
4833800.978069791
  0
LWPOLYLINE
  5
2D9
330
17
100
AcDbEntity
  8
ROADS
100
AcDbPolyline
 90
2
 70
0
 10
627891.7940485994
 20
4833810.848836379
 10
627889.5741065624
 20
4833847.799076101
  0
LWPOLYLINE
  5
2DA
330
17
100
AcDbEntity
  8
ROADS
100
AcDbPolyline
 90
2
 70
0
 10
627882.9962315707
 20
4833818.775340473
 10
627874.4229472127
 20
4833855.168719441
  0
LWPOLYLINE
  5
2DB
330
17
100
AcDbEntity
  8
ROADS
100
AcDbPolyline
 90
5
 70
0
 10
627889.5741065624
 20
4833847.799076101
 10
627918.8949253384
 20
4833880.558087367
 10
627965.0383344507
 20
4833879.868998093
 10
627994.4451901492
 20
4833844.514201623
 10
627986.0714784019
 20
4833800.978069791
  0
LWPOLYLINE
  5
2DC
330
17
100
AcDbEntity
  8
ROADS
100
AcDbPolyline
 90
2
 70
0
 10
627874.4229472127
 20
4833855.168719441
 10
627889.5741065624
 20
4833847.799076101
  0
LWPOLYLINE
  5
2DD
330
17
100
AcDbEntity
  8
ROADS
100
AcDbPolyline
 90
2
 70
0
 10
628268.8187709403
 20
4833793.672648189
 10
628243.4298340902
 20
4833876.132152806
  0
LWPOLYLINE
  5
2DE
330
17
100
AcDbEntity
  8
ROADS
100
AcDbPolyline
 90
2
 70
0
 10
628348.105538096
 20
4833817.819160196
 10
628335.4295298951
 20
4833861.208897427
  0
LWPOLYLINE
  5
2DF
330
17
100
AcDbEntity
  8
ROADS
100
AcDbPolyline
 90
2
 70
0
 10
628448.4796606756
 20
4833847.833179071
 10
628417.6899276419
 20
4833839.075143313
  0
LWPOLYLINE
  5
2E0
330
17
100
AcDbEntity
  8
ROADS
100
AcDbPolyline
 90
2
 70
0
 10
628195.0756628119
 20
4833862.135336931
 10
628145.5322638546
 20
4833846.763943195
  0
LWPOLYLINE
  5
2E1
330
17
100
AcDbEntity
  8
ROADS
100
AcDbPolyline
 90
2
 70
0
 10
628335.4295298951
 20
4833861.208897427
 10
628306.1073225562
 20
4833848.665139284
  0
LWPOLYLINE
  5
2E2
330
17
100
AcDbEntity
  8
ROADS
100
AcDbPolyline
 90
2
 70
0
 10
628417.6899276419
 20
4833839.075143313
 10
628405.7193134401
 20
4833879.789462446
  0
LWPOLYLINE
  5
2E3
330
17
100
AcDbEntity
  8
ROADS
100
AcDbPolyline
 90
2
 70
0
 10
628243.4298340902
 20
4833876.132152806
 10
628195.0756628119
 20
4833862.135336931
  0
LWPOLYLINE
  5
2E4
330
17
100
AcDbEntity
  8
ROADS
100
AcDbPolyline
 90
2
 70
0
 10
628292.3775045
 20
4833891.43178378
 10
628243.4298340902
 20
4833876.132152806
  0
LWPOLYLINE
  5
2E5
330
17
100
AcDbEntity
  8
ROADS
100
AcDbPolyline
 90
2
 70
0
 10
628442.9336258329
 20
4833891.581812623
 10
628405.7193134401
 20
4833879.789462446
  0
LWPOLYLINE
  5
2E6
330
17
100
AcDbEntity
  8
ROADS
100
AcDbPolyline
 90
2
 70
0
 10
628405.7193134401
 20
4833879.789462446
 10
628397.6501184013
 20
4833907.436435294
  0
LWPOLYLINE
  5
2E7
330
17
100
AcDbEntity
  8
ROADS
100
AcDbPolyline
 90
2
 70
0
 10
628519.5657322421
 20
4833823.852339639
 10
628507.8374910888
 20
4833865.432108986
  0
LWPOLYLINE
  5
2E8
330
17
100
AcDbEntity
  8
ROADS
100
AcDbPolyline
 90
2
 70
0
 10
628557.5214517893
 20
4833835.240007116
 10
628519.5657322421
 20
4833823.852339639
  0
LWPOLYLINE
  5
2E9
330
17
100
AcDbEntity
  8
ROADS
100
AcDbPolyline
 90
2
 70
0
 10
628507.8374910888
 20
4833865.432108986
 10
628448.4796606756
 20
4833847.833179071
  0
LWPOLYLINE
  5
2EA
330
17
100
AcDbEntity
  8
ROADS
100
AcDbPolyline
 90
2
 70
0
 10
628551.0763118786
 20
4833878.325910768
 10
628507.8374910888
 20
4833865.432108986
  0
LWPOLYLINE
  5
2EB
330
17
100
AcDbEntity
  8
ROADS
100
AcDbPolyline
 90
2
 70
0
 10
628507.8374910888
 20
4833865.432108986
 10
628497.7509781427
 20
4833910.57378074
  0
LWPOLYLINE
  5
2EC
330
17
100
AcDbEntity
  8
ROADS
100
AcDbPolyline
 90
2
 70
0
 10
628442.9336258329
 20
4833891.581812623
 10
628497.7509781427
 20
4833910.57378074
  0
LWPOLYLINE
  5
2ED
330
17
100
AcDbEntity
  8
ROADS
100
AcDbPolyline
 90
2
 70
0
 10
628442.9336258329
 20
4833891.581812623
 10
628434.6260643424
 20
4833918.805452511
  0
LWPOLYLINE
  5
2EE
330
17
100
AcDbEntity
  8
ROADS
100
AcDbPolyline
 90
2
 70
0
 10
628453.0493751881
 20
4833924.332783068
 10
628434.6260643424
 20
4833918.805452511
  0
LWPOLYLINE
  5
2EF
330
17
100
AcDbEntity
  8
ROADS
100
AcDbPolyline
 90
2
 70
0
 10
628195.0756628119
 20
4833862.135336931
 10
628169.096192988
 20
4833945.3961974615
  0
LWPOLYLINE
  5
2F0
330
17
100
AcDbEntity
  8
ROADS
100
AcDbPolyline
 90
3
 70
0
 10
628335.4295298951
 20
4833861.208897427
 10
628371.5759273269
 20
4833876.146148132
 10
628348.2045158049
 20
4833957.531065481
  0
LWPOLYLINE
  5
2F1
330
17
100
AcDbEntity
  8
ROADS
100
AcDbPolyline
 90
2
 70
0
 10
628434.6260643424
 20
4833918.805452511
 10
628397.6501184013
 20
4833907.436435294
  0
LWPOLYLINE
  5
2F2
330
17
100
AcDbEntity
  8
ROADS
100
AcDbPolyline
 90
2
 70
0
 10
628243.4298340902
 20
4833876.132152806
 10
628217.6668768999
 20
4833960.194989484
  0
LWPOLYLINE
  5
2F3
330
17
100
AcDbEntity
  8
ROADS
100
AcDbPolyline
 90
2
 70
0
 10
628335.4295298951
 20
4833861.208897427
 10
628297.2780142981
 20
4833993.394989425
  0
LWPOLYLINE
  5
2F4
330
17
100
AcDbEntity
  8
ROADS
100
AcDbPolyline
 90
2
 70
0
 10
628397.6501184013
 20
4833907.436435294
 10
628379.3753517804
 20
4833971.153316098
  0
LWPOLYLINE
  5
2F5
330
17
100
AcDbEntity
  8
ROADS
100
AcDbPolyline
 90
2
 70
0
 10
628217.6668768999
 20
4833960.194989484
 10
628169.096192988
 20
4833945.3961974615
  0
LWPOLYLINE
  5
2F6
330
17
100
AcDbEntity
  8
ROADS
100
AcDbPolyline
 90
2
 70
0
 10
628427.4382592129
 20
4833985.330902689
 10
628440.1570868329
 20
4833948.481360383
  0
LWPOLYLINE
  5
2F7
330
17
100
AcDbEntity
  8
ROADS
100
AcDbPolyline
 90
2
 70
0
 10
628271.1895156491
 20
4833976.342371907
 10
628217.6668768999
 20
4833960.194989484
  0
LWPOLYLINE
  5
2F8
330
17
100
AcDbEntity
  8
ROADS
100
AcDbPolyline
 90
2
 70
0
 10
628427.4382592129
 20
4833985.330902689
 10
628379.3753517804
 20
4833971.153316098
  0
LWPOLYLINE
  5
2F9
330
17
100
AcDbEntity
  8
ROADS
100
AcDbPolyline
 90
2
 70
0
 10
628539.5087532375
 20
4833924.626723992
 10
628497.7509781427
 20
4833910.57378074
  0
LWPOLYLINE
  5
2FA
330
17
100
AcDbEntity
  8
ROADS
100
AcDbPolyline
 90
2
 70
0
 10
628497.7509781427
 20
4833910.57378074
 10
628486.5172743401
 20
4833948.639251684
  0
LWPOLYLINE
  5
2FB
330
17
100
AcDbEntity
  8
ROADS
100
AcDbPolyline
 90
2
 70
0
 10
628530.6612253222
 20
4833960.040223954
 10
628486.5172743401
 20
4833948.639251684
  0
LWPOLYLINE
  5
2FC
330
17
100
AcDbEntity
  8
ROADS
100
AcDbPolyline
 90
2
 70
0
 10
628486.5172743401
 20
4833948.639251684
 10
628473.1026304709
 20
4833999.419137576
  0
LWPOLYLINE
  5
2FD
330
17
100
AcDbEntity
  8
ROADS
100
AcDbPolyline
 90
2
 70
0
 10
628529.8224199187
 20
4833964.5798154175
 10
628524.6601665082
 20
4833982.388703685
  0
LWPOLYLINE
  5
2FE
330
17
100
AcDbEntity
  8
ROADS
100
AcDbPolyline
 90
2
 70
0
 10
628473.1026304709
 20
4833999.419137576
 10
628427.4382592129
 20
4833985.330902689
  0
LWPOLYLINE
  5
2FF
330
17
100
AcDbEntity
  8
ROADS
100
AcDbPolyline
 90
2
 70
0
 10
628473.1026304709
 20
4833999.419137576
 10
628503.614128941
 20
4834008.52118339
  0
LWPOLYLINE
  5
300
330
17
100
AcDbEntity
  8
ROADS
100
AcDbPolyline
 90
2
 70
0
 10
628473.1026304709
 20
4833999.419137576
 10
628464.1459209173
 20
4834046.677359361
  0
LWPOLYLINE
  5
301
330
17
100
AcDbEntity
  8
ROADS
100
AcDbPolyline
 90
2
 70
0
 10
628499.0059078416
 20
4834057.239108777
 10
628464.1459209173
 20
4834046.677359361
  0
LWPOLYLINE
  5
302
330
17
100
AcDbEntity
  8
ROADS
100
AcDbPolyline
 90
2
 70
0
 10
628464.1459209173
 20
4834046.677359361
 10
628450.4159357875
 20
4834090.558086439
  0
LWPOLYLINE
  5
303
330
17
100
AcDbEntity
  8
ROADS
100
AcDbPolyline
 90
2
 70
0
 10
628169.096192988
 20
4833945.3961974615
 10
628145.6065220181
 20
4834021.206563189
  0
LWPOLYLINE
  5
304
330
17
100
AcDbEntity
  8
ROADS
100
AcDbPolyline
 90
2
 70
0
 10
628297.2780142981
 20
4833993.394989425
 10
628271.1895156491
 20
4833976.342371907
  0
LWPOLYLINE
  5
305
330
17
100
AcDbEntity
  8
ROADS
100
AcDbPolyline
 90
2
 70
0
 10
628379.3753517804
 20
4833971.153316098
 10
628365.734640314
 20
4834017.3437993135
  0
LWPOLYLINE
  5
306
330
17
100
AcDbEntity
  8
ROADS
100
AcDbPolyline
 90
2
 70
0
 10
628217.6668768999
 20
4833960.194989484
 10
628192.1788003067
 20
4834036.186258677
  0
LWPOLYLINE
  5
307
330
17
100
AcDbEntity
  8
ROADS
100
AcDbPolyline
 90
2
 70
0
 10
628365.734640314
 20
4834017.3437993135
 10
628297.2780142981
 20
4833993.394989425
  0
LWPOLYLINE
  5
308
330
17
100
AcDbEntity
  8
ROADS
100
AcDbPolyline
 90
2
 70
0
 10
628271.1895156491
 20
4833976.342371907
 10
628246.8613954544
 20
4834051.288548815
  0
LWPOLYLINE
  5
309
330
17
100
AcDbEntity
  8
ROADS
100
AcDbPolyline
 90
2
 70
0
 10
628192.1788003067
 20
4834036.186258677
 10
628145.6065220181
 20
4834021.206563189
  0
LWPOLYLINE
  5
30A
330
17
100
AcDbEntity
  8
ROADS
100
AcDbPolyline
 90
2
 70
0
 10
628464.1459209173
 20
4834046.677359361
 10
628365.734640314
 20
4834017.3437993135
  0
LWPOLYLINE
  5
30B
330
17
100
AcDbEntity
  8
ROADS
100
AcDbPolyline
 90
2
 70
0
 10
628246.8613954544
 20
4834051.288548815
 10
628192.1788003067
 20
4834036.186258677
  0
LWPOLYLINE
  5
30C
330
17
100
AcDbEntity
  8
ROADS
100
AcDbPolyline
 90
2
 70
0
 10
628192.1788003067
 20
4834036.186258677
 10
628143.8973163179
 20
4834192.592752763
  0
LWPOLYLINE
  5
30D
330
17
100
AcDbEntity
  8
ROADS
100
AcDbPolyline
 90
2
 70
0
 10
628450.4159357875
 20
4834090.558086439
 10
628426.3779135183
 20
4834167.157647211
  0
LWPOLYLINE
  5
30E
330
17
100
AcDbEntity
  8
ROADS
100
AcDbPolyline
 90
2
 70
0
 10
627950.5912063967
 20
4834099.262950938
 10
627971.7791822035
 20
4834091.593405403
  0
LWPOLYLINE
  5
30F
330
17
100
AcDbEntity
  8
ROADS
100
AcDbPolyline
 90
2
 70
0
 10
628145.6065220181
 20
4834021.206563189
 10
628096.7973035257
 20
4834179.0080892565
  0
LWPOLYLINE
  5
310
330
17
100
AcDbEntity
  8
ROADS
100
AcDbPolyline
 90
2
 70
0
 10
627971.7791822035
 20
4834091.593405403
 10
628002.5018134359
 20
4834111.585962322
  0
LWPOLYLINE
  5
311
330
17
100
AcDbEntity
  8
ROADS
100
AcDbPolyline
 90
3
 70
0
 10
627970.3251479629
 20
4834214.751024948
 10
627927.8744958262
 20
4834155.158952599
 10
627950.5912063967
 20
4834099.262950938
  0
LWPOLYLINE
  5
312
330
17
100
AcDbEntity
  8
ROADS
100
AcDbPolyline
 90
2
 70
0
 10
628002.5018134359
 20
4834111.585962322
 10
627970.3251479629
 20
4834214.751024948
  0
LWPOLYLINE
  5
313
330
17
100
AcDbEntity
  8
ROADS
100
AcDbPolyline
 90
2
 70
0
 10
628096.7973035257
 20
4834179.0080892565
 10
628047.4580400453
 20
4834163.520834886
  0
LWPOLYLINE
  5
314
330
17
100
AcDbEntity
  8
ROADS
100
AcDbPolyline
 90
2
 70
0
 10
628143.8973163179
 20
4834192.592752763
 10
628096.7973035257
 20
4834179.0080892565
  0
LWPOLYLINE
  5
315
330
17
100
AcDbEntity
  8
ROADS
100
AcDbPolyline
 90
2
 70
0
 10
627908.7815256289
 20
4834234.76195898
 10
627916.7657483413
 20
4834208.386579527
  0
LWPOLYLINE
  5
316
330
17
100
AcDbEntity
  8
ROADS
100
AcDbPolyline
 90
2
 70
0
 10
628096.7973035257
 20
4834179.0080892565
 10
628057.1897448611
 20
4834304.3252934385
  0
LWPOLYLINE
  5
317
330
17
100
AcDbEntity
  8
ROADS
100
AcDbPolyline
 90
2
 70
0
 10
628047.4580400453
 20
4834163.520834886
 10
627995.6704853184
 20
4834327.413354564
  0
LWPOLYLINE
  5
318
330
17
100
AcDbEntity
  8
ROADS
100
AcDbPolyline
 90
2
 70
0
 10
627756.3101083785
 20
4833903.905155524
 10
627690.0734809493
 20
4834109.838083671
  0
LWPOLYLINE
  5
319
330
17
100
AcDbEntity
  8
ROADS
100
AcDbPolyline
 90
2
 70
0
 10
627628.3916577302
 20
4833969.463398288
 10
627605.2851425793
 20
4834045.932106296
  0
LWPOLYLINE
  5
31A
330
17
100
AcDbEntity
  8
ROADS
100
AcDbPolyline
 90
2
 70
0
 10
627829.4282628259
 20
4834012.628560524
 10
627805.9181254471
 20
4834052.335176957
  0
LWPOLYLINE
  5
31B
330
17
100
AcDbEntity
  8
ROADS
100
AcDbPolyline
 90
2
 70
0
 10
627829.4282628259
 20
4834012.628560524
 10
627811.5715210639
 20
4834063.233048125
  0
LWPOLYLINE
  5
31C
330
17
100
AcDbEntity
  8
ROADS
100
AcDbPolyline
 90
2
 70
0
 10
627865.3968696762
 20
4834051.729134909
 10
627875.8400935794
 20
4834042.624300415
  0
LWPOLYLINE
  5
31D
330
17
100
AcDbEntity
  8
ROADS
100
AcDbPolyline
 90
2
 70
0
 10
627605.2851425793
 20
4834045.932106296
 10
627653.3397527246
 20
4834060.839068976
  0
LWPOLYLINE
  5
31E
330
17
100
AcDbEntity
  8
ROADS
100
AcDbPolyline
 90
2
 70
0
 10
627653.3397527246
 20
4834060.839068976
 10
627647.568530868
 20
4834080.306991761
  0
LWPOLYLINE
  5
31F
330
17
100
AcDbEntity
  8
ROADS
100
AcDbPolyline
 90
2
 70
0
 10
627865.3968696762
 20
4834051.729134909
 10
627823.0608721513
 20
4834091.914529713
  0
LWPOLYLINE
  5
320
330
17
100
AcDbEntity
  8
ROADS
100
AcDbPolyline
 90
2
 70
0
 10
627811.5715210639
 20
4834063.233048125
 10
627755.0000698592
 20
4834091.885414149
  0
LWPOLYLINE
  5
321
330
17
100
AcDbEntity
  8
ROADS
100
AcDbPolyline
 90
2
 70
0
 10
627811.5715210639
 20
4834063.233048125
 10
627809.4020418001
 20
4834094.346818327
  0
LWPOLYLINE
  5
322
330
17
100
AcDbEntity
  8
ROADS
100
AcDbPolyline
 90
2
 70
0
 10
627346.3774269528
 20
4834006.7307637865
 10
627268.2912859727
 20
4833982.124945927
  0
LWPOLYLINE
  5
323
330
17
100
AcDbEntity
  8
ROADS
100
AcDbPolyline
 90
2
 70
0
 10
627268.2912859727
 20
4833982.124945927
 10
627259.4479124902
 20
4834011.771954299
  0
LWPOLYLINE
  5
324
330
17
100
AcDbEntity
  8
ROADS
100
AcDbPolyline
 90
2
 70
0
 10
627211.5427798646
 20
4833964.142192119
 10
627191.3848342457
 20
4834031.517034293
  0
LWPOLYLINE
  5
325
330
17
100
AcDbEntity
  8
ROADS
100
AcDbPolyline
 90
2
 70
0
 10
627157.2899185228
 20
4833947.9586599255
 10
627117.2334312577
 20
4834093.503669736
  0
LWPOLYLINE
  5
326
330
17
100
AcDbEntity
  8
ROADS
100
AcDbPolyline
 90
3
 70
0
 10
627229.6202559525
 20
4834042.745781268
 10
627240.0434834551
 20
4834005.808878192
 10
627259.4479124902
 20
4834011.771954299
  0
LWPOLYLINE
  5
327
330
17
100
AcDbEntity
  8
ROADS
100
AcDbPolyline
 90
2
 70
0
 10
627229.6202559525
 20
4834042.745781268
 10
627191.3848342457
 20
4834031.517034293
  0
LWPOLYLINE
  5
328
330
17
100
AcDbEntity
  8
ROADS
100
AcDbPolyline
 90
3
 70
0
 10
627259.4479124902
 20
4834011.771954299
 10
627343.066638118
 20
4834037.4708402855
 10
627332.5770007359
 20
4834074.042530821
  0
LWPOLYLINE
  5
329
330
17
100
AcDbEntity
  8
ROADS
100
AcDbPolyline
 90
2
 70
0
 10
627332.5770007359
 20
4834074.042530821
 10
627229.6202559525
 20
4834042.745781268
  0
LWPOLYLINE
  5
32A
330
17
100
AcDbEntity
  8
ROADS
100
AcDbPolyline
 90
2
 70
0
 10
627191.3848342457
 20
4834031.517034293
 10
627175.110871815
 20
4834087.286350053
  0
LWPOLYLINE
  5
32B
330
17
100
AcDbEntity
  8
ROADS
100
AcDbPolyline
 90
3
 70
0
 10
627229.6202559525
 20
4834042.745781268
 10
627218.072904515
 20
4834080.515416537
 10
627237.7075289349
 20
4834086.523659911
  0
LWPOLYLINE
  5
32C
330
17
100
AcDbEntity
  8
ROADS
100
AcDbPolyline
 90
2
 70
0
 10
627544.6635743859
 20
4834070.484498639
 10
627495.7429395827
 20
4834056.01941463
  0
LWPOLYLINE
  5
32D
330
17
100
AcDbEntity
  8
ROADS
100
AcDbPolyline
 90
2
 70
0
 10
627605.2851425793
 20
4834045.932106296
 10
627593.5973450554
 20
4834084.831816749
  0
LWPOLYLINE
  5
32E
330
17
100
AcDbEntity
  8
ROADS
100
AcDbPolyline
 90
2
 70
0
 10
627441.2167262845
 20
4834039.907418631
 10
627420.2526159508
 20
4834094.395426905
  0
LWPOLYLINE
  5
32F
330
17
100
AcDbEntity
  8
ROADS
100
AcDbPolyline
 90
2
 70
0
 10
627593.5973450554
 20
4834084.831816749
 10
627544.6635743859
 20
4834070.484498639
  0
LWPOLYLINE
  5
330
330
17
100
AcDbEntity
  8
ROADS
100
AcDbPolyline
 90
2
 70
0
 10
627372.7975062747
 20
4834086.270227292
 10
627332.5770007359
 20
4834074.042530821
  0
LWPOLYLINE
  5
331
330
17
100
AcDbEntity
  8
ROADS
100
AcDbPolyline
 90
2
 70
0
 10
627593.5973450554
 20
4834084.831816749
 10
627586.131856753
 20
4834107.2963026175
  0
LWPOLYLINE
  5
332
330
17
100
AcDbEntity
  8
ROADS
100
AcDbPolyline
 90
2
 70
0
 10
627544.6635743859
 20
4834070.484498639
 10
627529.3522068965
 20
4834126.610291757
  0
LWPOLYLINE
  5
333
330
17
100
AcDbEntity
  8
ROADS
100
AcDbPolyline
 90
2
 70
0
 10
627529.3522068965
 20
4834126.610291757
 10
627420.2526159508
 20
4834094.395426905
  0
LWPOLYLINE
  5
334
330
17
100
AcDbEntity
  8
ROADS
100
AcDbPolyline
 90
2
 70
0
 10
627372.7975062747
 20
4834086.270227292
 10
627356.4979535176
 20
4834137.976855138
  0
LWPOLYLINE
  5
335
330
17
100
AcDbEntity
  8
ROADS
100
AcDbPolyline
 90
2
 70
0
 10
627420.2526159508
 20
4834094.395426905
 10
627402.2688203462
 20
4834149.539835527
  0
LWPOLYLINE
  5
336
330
17
100
AcDbEntity
  8
ROADS
100
AcDbPolyline
 90
2
 70
0
 10
627175.110871815
 20
4834087.286350053
 10
627237.7075289349
 20
4834086.523659911
  0
LWPOLYLINE
  5
337
330
17
100
AcDbEntity
  8
ROADS
100
AcDbPolyline
 90
3
 70
0
 10
627332.5770007359
 20
4834074.042530821
 10
627319.7929534358
 20
4834110.960771924
 10
627237.7075289349
 20
4834086.523659911
  0
LWPOLYLINE
  5
338
330
17
100
AcDbEntity
  8
ROADS
100
AcDbPolyline
 90
2
 70
0
 10
627175.110871815
 20
4834087.286350053
 10
627171.6442600879
 20
4834098.761404031
  0
LWPOLYLINE
  5
339
330
17
100
AcDbEntity
  8
ROADS
100
AcDbPolyline
 90
2
 70
0
 10
627171.6442600879
 20
4834098.761404031
 10
627217.4536706327
 20
4834096.848235607
  0
LWPOLYLINE
  5
33A
330
17
100
AcDbEntity
  8
ROADS
100
AcDbPolyline
 90
2
 70
0
 10
627168.3178606688
 20
4834109.173926338
 10
627117.2334312577
 20
4834093.503669736
  0
LWPOLYLINE
  5
33B
330
17
100
AcDbEntity
  8
ROADS
100
AcDbPolyline
 90
2
 70
0
 10
627171.6442600879
 20
4834098.761404031
 10
627168.3178606688
 20
4834109.173926338
  0
LWPOLYLINE
  5
33C
330
17
100
AcDbEntity
  8
ROADS
100
AcDbPolyline
 90
2
 70
0
 10
627117.2334312577
 20
4834093.503669736
 10
627098.0133405117
 20
4834142.381297968
  0
LWPOLYLINE
  5
33D
330
17
100
AcDbEntity
  8
ROADS
100
AcDbPolyline
 90
2
 70
0
 10
627168.3178606688
 20
4834109.173926338
 10
627158.8378812955
 20
4834141.341572307
  0
LWPOLYLINE
  5
33E
330
17
100
AcDbEntity
  8
ROADS
100
AcDbPolyline
 90
2
 70
0
 10
627356.4979535176
 20
4834137.976855138
 10
627203.7550051378
 20
4834140.658358766
  0
LWPOLYLINE
  5
33F
330
17
100
AcDbEntity
  8
ROADS
100
AcDbPolyline
 90
2
 70
0
 10
627203.7550051378
 20
4834140.658358766
 10
627158.8378812955
 20
4834141.341572307
  0
LWPOLYLINE
  5
340
330
17
100
AcDbEntity
  8
ROADS
100
AcDbPolyline
 90
2
 70
0
 10
627823.0608721513
 20
4834091.914529713
 10
627809.4020418001
 20
4834094.346818327
  0
LWPOLYLINE
  5
341
330
17
100
AcDbEntity
  8
ROADS
100
AcDbPolyline
 90
2
 70
0
 10
627755.0000698592
 20
4834091.885414149
 10
627686.533912607
 20
4834121.25483282
  0
LWPOLYLINE
  5
342
330
17
100
AcDbEntity
  8
ROADS
100
AcDbPolyline
 90
3
 70
0
 10
627823.0608721513
 20
4834091.914529713
 10
627825.3883895497
 20
4834120.388410647
 10
627849.4442171153
 20
4834135.532157417
  0
LWPOLYLINE
  5
343
330
17
100
AcDbEntity
  8
ROADS
100
AcDbPolyline
 90
2
 70
0
 10
627690.0734809493
 20
4834109.838083671
 10
627686.533912607
 20
4834121.25483282
  0
LWPOLYLINE
  5
344
330
17
100
AcDbEntity
  8
ROADS
100
AcDbPolyline
 90
2
 70
0
 10
627690.0734809493
 20
4834109.838083671
 10
627648.4170674082
 20
4834123.326045905
  0
LWPOLYLINE
  5
345
330
17
100
AcDbEntity
  8
ROADS
100
AcDbPolyline
 90
2
 70
0
 10
627622.1080244448
 20
4834153.805463605
 10
627586.131856753
 20
4834107.2963026175
  0
LWPOLYLINE
  5
346
330
17
100
AcDbEntity
  8
ROADS
100
AcDbPolyline
 90
3
 70
0
 10
627755.0000698592
 20
4834091.885414149
 10
627747.7663334113
 20
4834128.639006382
 10
627769.2786762235
 20
4834182.391732943
  0
LWPOLYLINE
  5
347
330
17
100
AcDbEntity
  8
ROADS
100
AcDbPolyline
 90
2
 70
0
 10
627686.533912607
 20
4834121.25483282
 10
627622.1080244448
 20
4834153.805463605
  0
LWPOLYLINE
  5
348
330
17
100
AcDbEntity
  8
ROADS
100
AcDbPolyline
 90
2
 70
0
 10
627809.4020418001
 20
4834094.346818327
 10
627769.2786762235
 20
4834182.391732943
  0
LWPOLYLINE
  5
349
330
17
100
AcDbEntity
  8
ROADS
100
AcDbPolyline
 90
2
 70
0
 10
627849.4442171153
 20
4834135.532157417
 10
627769.2786762235
 20
4834182.391732943
  0
LWPOLYLINE
  5
34A
330
17
100
AcDbEntity
  8
ROADS
100
AcDbPolyline
 90
2
 70
0
 10
627402.2688203462
 20
4834149.539835527
 10
627356.4979535176
 20
4834137.976855138
  0
LWPOLYLINE
  5
34B
330
17
100
AcDbEntity
  8
ROADS
100
AcDbPolyline
 90
2
 70
0
 10
627586.131856753
 20
4834107.2963026175
 10
627556.5701265784
 20
4834196.367613082
  0
LWPOLYLINE
  5
34C
330
17
100
AcDbEntity
  8
ROADS
100
AcDbPolyline
 90
2
 70
0
 10
627529.3522068965
 20
4834126.610291757
 10
627509.7815876186
 20
4834181.517521568
  0
LWPOLYLINE
  5
34D
330
17
100
AcDbEntity
  8
ROADS
100
AcDbPolyline
 90
2
 70
0
 10
627457.648177634
 20
4834166.25480511
 10
627402.2688203462
 20
4834149.539835527
  0
LWPOLYLINE
  5
34E
330
17
100
AcDbEntity
  8
ROADS
100
AcDbPolyline
 90
2
 70
0
 10
627356.4979535176
 20
4834137.976855138
 10
627343.9102106611
 20
4834182.320106992
  0
LWPOLYLINE
  5
34F
330
17
100
AcDbEntity
  8
ROADS
100
AcDbPolyline
 90
2
 70
0
 10
627509.7815876186
 20
4834181.517521568
 10
627457.648177634
 20
4834166.25480511
  0
LWPOLYLINE
  5
350
330
17
100
AcDbEntity
  8
ROADS
100
AcDbPolyline
 90
2
 70
0
 10
627622.1080244448
 20
4834153.805463605
 10
627556.5701265784
 20
4834196.367613082
  0
LWPOLYLINE
  5
351
330
17
100
AcDbEntity
  8
ROADS
100
AcDbPolyline
 90
2
 70
0
 10
627556.5701265784
 20
4834196.367613082
 10
627509.7815876186
 20
4834181.517521568
  0
LWPOLYLINE
  5
352
330
17
100
AcDbEntity
  8
ROADS
100
AcDbPolyline
 90
2
 70
0
 10
627457.648177634
 20
4834166.25480511
 10
627443.6790453489
 20
4834212.523222462
  0
LWPOLYLINE
  5
353
330
17
100
AcDbEntity
  8
ROADS
100
AcDbPolyline
 90
2
 70
0
 10
627443.6790453489
 20
4834212.523222462
 10
627343.9102106611
 20
4834182.320106992
  0
LWPOLYLINE
  5
354
330
17
100
AcDbEntity
  8
ROADS
100
AcDbPolyline
 90
2
 70
0
 10
627686.533912607
 20
4834121.25483282
 10
627654.2938639882
 20
4834225.272205316
  0
LWPOLYLINE
  5
355
330
17
100
AcDbEntity
  8
ROADS
100
AcDbPolyline
 90
2
 70
0
 10
627654.2938639882
 20
4834225.272205316
 10
627622.1080244448
 20
4834153.805463605
  0
LWPOLYLINE
  5
356
330
17
100
AcDbEntity
  8
ROADS
100
AcDbPolyline
 90
2
 70
0
 10
627769.2786762235
 20
4834182.391732943
 10
627654.2938639882
 20
4834225.272205316
  0
LWPOLYLINE
  5
357
330
17
100
AcDbEntity
  8
ROADS
100
AcDbPolyline
 90
2
 70
0
 10
627654.2938639882
 20
4834225.272205316
 10
627556.5701265784
 20
4834196.367613082
  0
LWPOLYLINE
  5
358
330
17
100
AcDbEntity
  8
ROADS
100
AcDbPolyline
 90
2
 70
0
 10
627769.2786762235
 20
4834182.391732943
 10
627743.5947387589
 20
4834251.153385242
  0
LWPOLYLINE
  5
359
330
17
100
AcDbEntity
  8
ROADS
100
AcDbPolyline
 90
2
 70
0
 10
627908.7815256289
 20
4834234.76195898
 10
627771.4638874363
 20
4834199.013784855
  0
LWPOLYLINE
  5
35A
330
17
100
AcDbEntity
  8
ROADS
100
AcDbPolyline
 90
2
 70
0
 10
627743.5947387589
 20
4834251.153385242
 10
627654.2938639882
 20
4834225.272205316
  0
LWPOLYLINE
  5
35B
330
17
100
AcDbEntity
  8
ROADS
100
AcDbPolyline
 90
2
 70
0
 10
627654.2938639882
 20
4834225.272205316
 10
627642.2882787038
 20
4834264.04716391
  0
LWPOLYLINE
  5
35C
330
17
100
AcDbEntity
  8
ROADS
100
AcDbPolyline
 90
2
 70
0
 10
627825.6599850844
 20
4834275.551205171
 10
627743.5947387589
 20
4834251.153385242
  0
LWPOLYLINE
  5
35D
330
17
100
AcDbEntity
  8
ROADS
100
AcDbPolyline
 90
2
 70
0
 10
627687.1253124321
 20
4834278.19995629
 10
627642.2882787038
 20
4834264.04716391
  0
LWPOLYLINE
  5
35E
330
17
100
AcDbEntity
  8
ROADS
100
AcDbPolyline
 90
2
 70
0
 10
627121.6317588679
 20
4834194.170366628
 10
627176.508120322
 20
4834209.608160321
  0
LWPOLYLINE
  5
35F
330
17
100
AcDbEntity
  8
ROADS
100
AcDbPolyline
 90
2
 70
0
 10
627343.9102106611
 20
4834182.320106992
 10
627329.9413671388
 20
4834231.532696422
  0
LWPOLYLINE
  5
360
330
17
100
AcDbEntity
  8
ROADS
100
AcDbPolyline
 90
2
 70
0
 10
627244.5645925553
 20
4834204.55890864
 10
627288.5633035952
 20
4834219.692086106
  0
LWPOLYLINE
  5
361
330
17
100
AcDbEntity
  8
ROADS
100
AcDbPolyline
 90
2
 70
0
 10
627244.5645925553
 20
4834204.55890864
 10
627232.2382013291
 20
4834243.76554883
  0
LWPOLYLINE
  5
362
330
17
100
AcDbEntity
  8
ROADS
100
AcDbPolyline
 90
2
 70
0
 10
627121.6317588679
 20
4834194.170366628
 10
627103.2420958692
 20
4834256.71984104
  0
LWPOLYLINE
  5
363
330
17
100
AcDbEntity
  8
ROADS
100
AcDbPolyline
 90
2
 70
0
 10
627329.9413671388
 20
4834231.532696422
 10
627288.5633035952
 20
4834219.692086106
  0
LWPOLYLINE
  5
364
330
17
100
AcDbEntity
  8
ROADS
100
AcDbPolyline
 90
2
 70
0
 10
627094.2549755963
 20
4834205.739268208
 10
627080.4850945198
 20
4834250.335132155
  0
LWPOLYLINE
  5
365
330
17
100
AcDbEntity
  8
ROADS
100
AcDbPolyline
 90
3
 70
0
 10
627288.5633035952
 20
4834219.692086106
 10
627280.576459619
 20
4834255.037925351
 10
627248.697626453
 20
4834246.2881966075
  0
LWPOLYLINE
  5
366
330
17
100
AcDbEntity
  8
ROADS
100
AcDbPolyline
 90
2
 70
0
 10
627176.508120322
 20
4834209.608160321
 10
627158.0705470999
 20
4834272.594805243
  0
LWPOLYLINE
  5
367
330
17
100
AcDbEntity
  8
ROADS
100
AcDbPolyline
 90
2
 70
0
 10
627103.2420958692
 20
4834256.71984104
 10
627080.4850945198
 20
4834250.335132155
  0
LWPOLYLINE
  5
368
330
17
100
AcDbEntity
  8
ROADS
100
AcDbPolyline
 90
2
 70
0
 10
627509.7815876186
 20
4834181.517521568
 10
627492.9221942269
 20
4834227.292175492
  0
LWPOLYLINE
  5
369
330
17
100
AcDbEntity
  8
ROADS
100
AcDbPolyline
 90
2
 70
0
 10
627492.9221942269
 20
4834227.292175492
 10
627443.6790453489
 20
4834212.523222462
  0
LWPOLYLINE
  5
36A
330
17
100
AcDbEntity
  8
ROADS
100
AcDbPolyline
 90
2
 70
0
 10
627556.5701265784
 20
4834196.367613082
 10
627537.5151016299
 20
4834257.329043016
  0
LWPOLYLINE
  5
36B
330
17
100
AcDbEntity
  8
ROADS
100
AcDbPolyline
 90
2
 70
0
 10
627443.6790453489
 20
4834212.523222462
 10
627419.8103487686
 20
4834292.703828516
  0
LWPOLYLINE
  5
36C
330
17
100
AcDbEntity
  8
ROADS
100
AcDbPolyline
 90
2
 70
0
 10
627492.9221942269
 20
4834227.292175492
 10
627473.7490746349
 20
4834291.190641732
  0
LWPOLYLINE
  5
36D
330
17
100
AcDbEntity
  8
ROADS
100
AcDbPolyline
 90
2
 70
0
 10
627596.019454653
 20
4834246.44777948
 10
627587.5436879226
 20
4834273.958319983
  0
LWPOLYLINE
  5
36E
330
17
100
AcDbEntity
  8
ROADS
100
AcDbPolyline
 90
2
 70
0
 10
627587.5436879226
 20
4834273.958319983
 10
627537.5151016299
 20
4834257.329043016
  0
LWPOLYLINE
  5
36F
330
17
100
AcDbEntity
  8
ROADS
100
AcDbPolyline
 90
2
 70
0
 10
627419.8103487686
 20
4834292.703828516
 10
627473.7490746349
 20
4834291.190641732
  0
LWPOLYLINE
  5
370
330
17
100
AcDbEntity
  8
ROADS
100
AcDbPolyline
 90
2
 70
0
 10
627537.5151016299
 20
4834257.329043016
 10
627503.192820015
 20
4834375.016079266
  0
LWPOLYLINE
  5
371
330
17
100
AcDbEntity
  8
ROADS
100
AcDbPolyline
 90
2
 70
0
 10
627419.8103487686
 20
4834292.703828516
 10
627403.8501377804
 20
4834345.718669321
  0
LWPOLYLINE
  5
372
330
17
100
AcDbEntity
  8
ROADS
100
AcDbPolyline
 90
2
 70
0
 10
627743.5947387589
 20
4834251.153385242
 10
627730.6340390726
 20
4834294.052851897
  0
LWPOLYLINE
  5
373
330
17
100
AcDbEntity
  8
ROADS
100
AcDbPolyline
 90
2
 70
0
 10
627642.2882787038
 20
4834264.04716391
 10
627634.9027217422
 20
4834287.898181539
  0
LWPOLYLINE
  5
374
330
17
100
AcDbEntity
  8
ROADS
100
AcDbPolyline
 90
2
 70
0
 10
627634.9027217422
 20
4834287.898181539
 10
627587.5436879226
 20
4834273.958319983
  0
LWPOLYLINE
  5
375
330
17
100
AcDbEntity
  8
ROADS
100
AcDbPolyline
 90
2
 70
0
 10
627730.6340390726
 20
4834294.052851897
 10
627687.1253124321
 20
4834278.19995629
  0
LWPOLYLINE
  5
376
330
17
100
AcDbEntity
  8
ROADS
100
AcDbPolyline
 90
2
 70
0
 10
627905.5608529239
 20
4834299.465386022
 10
627825.6599850844
 20
4834275.551205171
  0
LWPOLYLINE
  5
377
330
17
100
AcDbEntity
  8
ROADS
100
AcDbPolyline
 90
2
 70
0
 10
627825.6599850844
 20
4834275.551205171
 10
627811.7039854365
 20
4834320.6488319775
  0
LWPOLYLINE
  5
378
330
17
100
AcDbEntity
  8
ROADS
100
AcDbPolyline
 90
2
 70
0
 10
627771.6892631452
 20
4834309.703893143
 10
627730.6340390726
 20
4834294.052851897
  0
LWPOLYLINE
  5
379
330
17
100
AcDbEntity
  8
ROADS
100
AcDbPolyline
 90
2
 70
0
 10
627811.7039854365
 20
4834320.6488319775
 10
627771.6892631452
 20
4834309.703893143
  0
LWPOLYLINE
  5
37A
330
17
100
AcDbEntity
  8
ROADS
100
AcDbPolyline
 90
2
 70
0
 10
627853.3560028131
 20
4834333.962517685
 10
627811.7039854365
 20
4834320.6488319775
  0
LWPOLYLINE
  5
37B
330
17
100
AcDbEntity
  8
ROADS
100
AcDbPolyline
 90
2
 70
0
 10
627892.2662878874
 20
4834345.31552586
 10
627853.3560028131
 20
4834333.962517685
  0
LWPOLYLINE
  5
37C
330
17
100
AcDbEntity
  8
ROADS
100
AcDbPolyline
 90
2
 70
0
 10
628246.8613954544
 20
4834051.288548815
 10
628198.5436456674
 20
4834207.127874209
  0
LWPOLYLINE
  5
37D
330
17
100
AcDbEntity
  8
ROADS
100
AcDbPolyline
 90
2
 70
0
 10
628365.734640314
 20
4834017.3437993135
 10
628278.4423971632
 20
4834294.680165988
  0
LWPOLYLINE
  5
37E
330
17
100
AcDbEntity
  8
ROADS
100
AcDbPolyline
 90
2
 70
0
 10
628198.5436456674
 20
4834207.127874209
 10
628143.8973163179
 20
4834192.592752763
  0
LWPOLYLINE
  5
37F
330
17
100
AcDbEntity
  8
ROADS
100
AcDbPolyline
 90
2
 70
0
 10
628426.3779135183
 20
4834167.157647211
 10
628387.2145013569
 20
4834293.739086609
  0
LWPOLYLINE
  5
380
330
17
100
AcDbEntity
  8
ROADS
100
AcDbPolyline
 90
2
 70
0
 10
628198.5436456674
 20
4834207.127874209
 10
628181.4097290082
 20
4834265.432471169
  0
LWPOLYLINE
  5
381
330
17
100
AcDbEntity
  8
ROADS
100
AcDbPolyline
 90
3
 70
0
 10
628450.4159357875
 20
4834090.558086439
 10
628404.6558957116
 20
4834077.2261604
 10
628294.4857111763
 20
4834415.94103402
  0
LWPOLYLINE
  5
382
330
17
100
AcDbEntity
  8
ROADS
100
AcDbPolyline
 90
2
 70
0
 10
628229.4318227132
 20
4834279.763364464
 10
628181.4097290082
 20
4834265.432471169
  0
LWPOLYLINE
  5
383
330
17
100
AcDbEntity
  8
ROADS
100
AcDbPolyline
 90
2
 70
0
 10
628278.4423971632
 20
4834294.680165988
 10
628229.4318227132
 20
4834279.763364464
  0
LWPOLYLINE
  5
384
330
17
100
AcDbEntity
  8
ROADS
100
AcDbPolyline
 90
2
 70
0
 10
628413.028147275
 20
4834301.842942095
 10
628387.2145013569
 20
4834293.739086609
  0
LWPOLYLINE
  5
385
330
17
100
AcDbEntity
  8
ROADS
100
AcDbPolyline
 90
2
 70
0
 10
628181.4097290082
 20
4834265.432471169
 10
628147.656446911
 20
4834372.49533056
  0
LWPOLYLINE
  5
386
330
17
100
AcDbEntity
  8
ROADS
100
AcDbPolyline
 90
2
 70
0
 10
628450.6410620451
 20
4834174.329383823
 10
628426.3779135183
 20
4834167.157647211
  0
LWPOLYLINE
  5
387
330
17
100
AcDbEntity
  8
ROADS
100
AcDbPolyline
 90
2
 70
0
 10
628143.8973163179
 20
4834192.592752763
 10
628104.9424958302
 20
4834318.451805919
  0
LWPOLYLINE
  5
388
330
17
100
AcDbEntity
  8
ROADS
100
AcDbPolyline
 90
2
 70
0
 10
627970.3251479629
 20
4834214.751024948
 10
627943.5750899325
 20
4834310.947371252
  0
LWPOLYLINE
  5
389
330
17
100
AcDbEntity
  8
ROADS
100
AcDbPolyline
 90
3
 70
0
 10
627905.5608529239
 20
4834299.465386022
 10
627920.398538161
 20
4834239.505230336
 10
627908.7815256289
 20
4834234.76195898
  0
LWPOLYLINE
  5
38A
330
17
100
AcDbEntity
  8
ROADS
100
AcDbPolyline
 90
2
 70
0
 10
627943.5750899325
 20
4834310.947371252
 10
627905.5608529239
 20
4834299.465386022
  0
LWPOLYLINE
  5
38B
330
17
100
AcDbEntity
  8
ROADS
100
AcDbPolyline
 90
2
 70
0
 10
628104.9424958302
 20
4834318.451805919
 10
628057.1897448611
 20
4834304.3252934385
  0
LWPOLYLINE
  5
38C
330
17
100
AcDbEntity
  8
ROADS
100
AcDbPolyline
 90
2
 70
0
 10
627995.6704853184
 20
4834327.413354564
 10
627943.5750899325
 20
4834310.947371252
  0
LWPOLYLINE
  5
38D
330
17
100
AcDbEntity
  8
ROADS
100
AcDbPolyline
 90
2
 70
0
 10
627905.5608529239
 20
4834299.465386022
 10
627892.2662878874
 20
4834345.31552586
  0
LWPOLYLINE
  5
38E
330
17
100
AcDbEntity
  8
ROADS
100
AcDbPolyline
 90
2
 70
0
 10
628057.1897448611
 20
4834304.3252934385
 10
628044.9989885322
 20
4834342.277896308
  0
LWPOLYLINE
  5
38F
330
17
100
AcDbEntity
  8
ROADS
100
AcDbPolyline
 90
2
 70
0
 10
628044.9989885322
 20
4834342.277896308
 10
627995.6704853184
 20
4834327.413354564
  0
LWPOLYLINE
  5
390
330
17
100
AcDbEntity
  8
ROADS
100
AcDbPolyline
 90
2
 70
0
 10
628104.9424958302
 20
4834318.451805919
 10
628092.6865017171
 20
4834356.859763952
  0
LWPOLYLINE
  5
391
330
17
100
AcDbEntity
  8
ROADS
100
AcDbPolyline
 90
2
 70
0
 10
628387.2145013569
 20
4834293.739086609
 10
628363.7251857307
 20
4834366.758302882
  0
LWPOLYLINE
  5
392
330
17
100
AcDbEntity
  8
ROADS
100
AcDbPolyline
 90
2
 70
0
 10
628229.4318227132
 20
4834279.763364464
 10
628195.8935495155
 20
4834386.162081014
  0
LWPOLYLINE
  5
393
330
17
100
AcDbEntity
  8
ROADS
100
AcDbPolyline
 90
2
 70
0
 10
628278.4423971632
 20
4834294.680165988
 10
628245.0161095073
 20
4834400.968913694
  0
LWPOLYLINE
  5
394
330
17
100
AcDbEntity
  8
ROADS
100
AcDbPolyline
 90
2
 70
0
 10
628388.5727277457
 20
4834374.346745015
 10
628363.7251857307
 20
4834366.758302882
  0
LWPOLYLINE
  5
395
330
17
100
AcDbEntity
  8
ROADS
100
AcDbPolyline
 90
2
 70
0
 10
628195.8935495155
 20
4834386.162081014
 10
628147.656446911
 20
4834372.49533056
  0
LWPOLYLINE
  5
396
330
17
100
AcDbEntity
  8
ROADS
100
AcDbPolyline
 90
2
 70
0
 10
628245.0161095073
 20
4834400.968913694
 10
628195.8935495155
 20
4834386.162081014
  0
LWPOLYLINE
  5
397
330
17
100
AcDbEntity
  8
ROADS
100
AcDbPolyline
 90
2
 70
0
 10
627943.5750899325
 20
4834310.947371252
 10
627928.3252877486
 20
4834380.077499741
  0
LWPOLYLINE
  5
398
330
17
100
AcDbEntity
  8
ROADS
100
AcDbPolyline
 90
2
 70
0
 10
628092.6865017171
 20
4834356.859763952
 10
628044.9989885322
 20
4834342.277896308
  0
LWPOLYLINE
  5
399
330
17
100
AcDbEntity
  8
ROADS
100
AcDbPolyline
 90
2
 70
0
 10
627892.2662878874
 20
4834345.31552586
 10
627886.6853116977
 20
4834367.425065363
  0
LWPOLYLINE
  5
39A
330
17
100
AcDbEntity
  8
ROADS
100
AcDbPolyline
 90
2
 70
0
 10
627995.6704853184
 20
4834327.413354564
 10
627975.1175652924
 20
4834394.834198156
  0
LWPOLYLINE
  5
39B
330
17
100
AcDbEntity
  8
ROADS
100
AcDbPolyline
 90
2
 70
0
 10
628147.656446911
 20
4834372.49533056
 10
628092.6865017171
 20
4834356.859763952
  0
LWPOLYLINE
  5
39C
330
17
100
AcDbEntity
  8
ROADS
100
AcDbPolyline
 90
2
 70
0
 10
627928.3252877486
 20
4834380.077499741
 10
627886.6853116977
 20
4834367.425065363
  0
LWPOLYLINE
  5
39D
330
17
100
AcDbEntity
  8
ROADS
100
AcDbPolyline
 90
2
 70
0
 10
628044.9989885322
 20
4834342.277896308
 10
628024.4786982336
 20
4834409.774343621
  0
LWPOLYLINE
  5
39E
330
17
100
AcDbEntity
  8
ROADS
100
AcDbPolyline
 90
2
 70
0
 10
627975.1175652924
 20
4834394.834198156
 10
627928.3252877486
 20
4834380.077499741
  0
LWPOLYLINE
  5
39F
330
17
100
AcDbEntity
  8
ROADS
100
AcDbPolyline
 90
2
 70
0
 10
627886.6853116977
 20
4834367.425065363
 10
627873.5382326948
 20
4834411.5332545955
  0
LWPOLYLINE
  5
3A0
330
17
100
AcDbEntity
  8
ROADS
100
AcDbPolyline
 90
2
 70
0
 10
628092.6865017171
 20
4834356.859763952
 10
628072.9159243994
 20
4834424.429775658
  0
LWPOLYLINE
  5
3A1
330
17
100
AcDbEntity
  8
ROADS
100
AcDbPolyline
 90
2
 70
0
 10
626800.9539104699
 20
4834031.794555989
 10
626780.7344864816
 20
4834096.817057879
  0
LWPOLYLINE
  5
3A2
330
17
100
AcDbEntity
  8
ROADS
100
AcDbPolyline
 90
2
 70
0
 10
626699.1081851264
 20
4834072.271277836
 10
626655.0345152897
 20
4834059.988961919
  0
LWPOLYLINE
  5
3A3
330
17
100
AcDbEntity
  8
ROADS
100
AcDbPolyline
 90
2
 70
0
 10
626655.0345152897
 20
4834059.988961919
 10
626640.8869252944
 20
4834108.221165106
  0
LWPOLYLINE
  5
3A4
330
17
100
AcDbEntity
  8
ROADS
100
AcDbPolyline
 90
2
 70
0
 10
626780.7344864816
 20
4834096.817057879
 10
626699.1081851264
 20
4834072.271277836
  0
LWPOLYLINE
  5
3A5
330
17
100
AcDbEntity
  8
ROADS
100
AcDbPolyline
 90
2
 70
0
 10
626699.1081851264
 20
4834072.271277836
 10
626687.7013370291
 20
4834107.137216486
  0
LWPOLYLINE
  5
3A6
330
17
100
AcDbEntity
  8
ROADS
100
AcDbPolyline
 90
2
 70
0
 10
626564.7345550617
 20
4834066.879319585
 10
626550.4609232241
 20
4834112.845095605
  0
LWPOLYLINE
  5
3A7
330
17
100
AcDbEntity
  8
ROADS
100
AcDbPolyline
 90
2
 70
0
 10
626780.7344864816
 20
4834096.817057879
 10
626777.1291011794
 20
4834108.666612753
  0
LWPOLYLINE
  5
3A8
330
17
100
AcDbEntity
  8
ROADS
100
AcDbPolyline
 90
2
 70
0
 10
626687.7013370291
 20
4834107.137216486
 10
626704.4767998535
 20
4834106.282362031
  0
LWPOLYLINE
  5
3A9
330
17
100
AcDbEntity
  8
ROADS
100
AcDbPolyline
 90
2
 70
0
 10
626640.8869252944
 20
4834108.221165106
 10
626687.7013370291
 20
4834107.137216486
  0
LWPOLYLINE
  5
3AA
330
17
100
AcDbEntity
  8
ROADS
100
AcDbPolyline
 90
2
 70
0
 10
626777.1291011794
 20
4834108.666612753
 10
626821.3656517576
 20
4834107.346057205
  0
LWPOLYLINE
  5
3AB
330
17
100
AcDbEntity
  8
ROADS
100
AcDbPolyline
 90
2
 70
0
 10
626821.3656517576
 20
4834107.346057205
 10
626844.1516491056
 20
4834106.758852013
  0
LWPOLYLINE
  5
3AC
330
17
100
AcDbEntity
  8
ROADS
100
AcDbPolyline
 90
2
 70
0
 10
627098.0133405117
 20
4834142.381297968
 10
627040.4119736346
 20
4834143.478282025
  0
LWPOLYLINE
  5
3AD
330
17
100
AcDbEntity
  8
ROADS
100
AcDbPolyline
 90
2
 70
0
 10
627040.4119736346
 20
4834143.478282025
 10
626950.7812263223
 20
4834145.318413679
  0
LWPOLYLINE
  5
3AE
330
17
100
AcDbEntity
  8
ROADS
100
AcDbPolyline
 90
2
 70
0
 10
626950.7812263223
 20
4834145.318413679
 10
626873.5428466885
 20
4834147.568548031
  0
LWPOLYLINE
  5
3AF
330
17
100
AcDbEntity
  8
ROADS
100
AcDbPolyline
 90
2
 70
0
 10
626873.5428466885
 20
4834147.568548031
 10
626765.6650777042
 20
4834149.129863926
  0
LWPOLYLINE
  5
3B0
330
17
100
AcDbEntity
  8
ROADS
100
AcDbPolyline
 90
2
 70
0
 10
626950.7812263223
 20
4834145.318413679
 10
626943.8340752509
 20
4834178.1128544975
  0
LWPOLYLINE
  5
3B1
330
17
100
AcDbEntity
  8
ROADS
100
AcDbPolyline
 90
2
 70
0
 10
627040.4119736346
 20
4834143.478282025
 10
627025.2226828343
 20
4834186.543392808
  0
LWPOLYLINE
  5
3B2
330
17
100
AcDbEntity
  8
ROADS
100
AcDbPolyline
 90
2
 70
0
 10
626873.5428466885
 20
4834147.568548031
 10
626861.202454705
 20
4834189.100035064
  0
LWPOLYLINE
  5
3B3
330
17
100
AcDbEntity
  8
ROADS
100
AcDbPolyline
 90
2
 70
0
 10
626980.7683276378
 20
4834189.234086425
 10
626943.8340752509
 20
4834178.1128544975
  0
LWPOLYLINE
  5
3B4
330
17
100
AcDbEntity
  8
ROADS
100
AcDbPolyline
 90
2
 70
0
 10
626861.202454705
 20
4834189.100035064
 10
626763.8785521865
 20
4834189.819038061
  0
LWPOLYLINE
  5
3B5
330
17
100
AcDbEntity
  8
ROADS
100
AcDbPolyline
 90
2
 70
0
 10
626777.1291011794
 20
4834108.666612753
 10
626729.3828758341
 20
4834110.123742753
  0
LWPOLYLINE
  5
3B6
330
17
100
AcDbEntity
  8
ROADS
100
AcDbPolyline
 90
2
 70
0
 10
626777.1291011794
 20
4834108.666612753
 10
626765.6650777042
 20
4834149.129863926
  0
LWPOLYLINE
  5
3B7
330
17
100
AcDbEntity
  8
ROADS
100
AcDbPolyline
 90
2
 70
0
 10
626640.8869252944
 20
4834108.221165106
 10
626627.412155805
 20
4834152.094262713
  0
LWPOLYLINE
  5
3B8
330
17
100
AcDbEntity
  8
ROADS
100
AcDbPolyline
 90
2
 70
0
 10
626550.4609232241
 20
4834112.845095605
 10
626538.4105496288
 20
4834153.934759045
  0
LWPOLYLINE
  5
3B9
330
17
100
AcDbEntity
  8
ROADS
100
AcDbPolyline
 90
2
 70
0
 10
626765.6650777042
 20
4834149.129863926
 10
626627.412155805
 20
4834152.094262713
  0
LWPOLYLINE
  5
3BA
330
17
100
AcDbEntity
  8
ROADS
100
AcDbPolyline
 90
2
 70
0
 10
626627.412155805
 20
4834152.094262713
 10
626538.4105496288
 20
4834153.934759045
  0
LWPOLYLINE
  5
3BB
330
17
100
AcDbEntity
  8
ROADS
100
AcDbPolyline
 90
2
 70
0
 10
626538.4105496288
 20
4834153.934759045
 10
626497.4204411348
 20
4834155.132975589
  0
LWPOLYLINE
  5
3BC
330
17
100
AcDbEntity
  8
ROADS
100
AcDbPolyline
 90
2
 70
0
 10
626765.6650777042
 20
4834149.129863926
 10
626763.8785521865
 20
4834189.819038061
  0
LWPOLYLINE
  5
3BD
330
17
100
AcDbEntity
  8
ROADS
100
AcDbPolyline
 90
2
 70
0
 10
626627.412155805
 20
4834152.094262713
 10
626616.9730142243
 20
4834189.939360799
  0
LWPOLYLINE
  5
3BE
330
17
100
AcDbEntity
  8
ROADS
100
AcDbPolyline
 90
2
 70
0
 10
626616.9730142243
 20
4834189.939360799
 10
626484.7091371667
 20
4834196.603708093
  0
LWPOLYLINE
  5
3BF
330
17
100
AcDbEntity
  8
ROADS
100
AcDbPolyline
 90
2
 70
0
 10
627158.8378812955
 20
4834141.341572307
 10
627113.3874705775
 20
4834142.205158095
  0
LWPOLYLINE
  5
3C0
330
17
100
AcDbEntity
  8
ROADS
100
AcDbPolyline
 90
2
 70
0
 10
627113.3874705775
 20
4834142.205158095
 10
627098.0133405117
 20
4834142.381297968
  0
LWPOLYLINE
  5
3C1
330
17
100
AcDbEntity
  8
ROADS
100
AcDbPolyline
 90
2
 70
0
 10
627203.7550051378
 20
4834140.658358766
 10
627184.4163565023
 20
4834184.374201915
  0
LWPOLYLINE
  5
3C2
330
17
100
AcDbEntity
  8
ROADS
100
AcDbPolyline
 90
2
 70
0
 10
627113.3874705775
 20
4834142.205158095
 10
627099.3532002812
 20
4834187.873314481
  0
LWPOLYLINE
  5
3C3
330
17
100
AcDbEntity
  8
ROADS
100
AcDbPolyline
 90
2
 70
0
 10
627184.4163565023
 20
4834184.374201915
 10
627154.9525564837
 20
4834175.26244262
  0
LWPOLYLINE
  5
3C4
330
17
100
AcDbEntity
  8
ROADS
100
AcDbPolyline
 90
2
 70
0
 10
627099.3532002812
 20
4834187.873314481
 10
627121.6317588679
 20
4834194.170366628
  0
LWPOLYLINE
  5
3C5
330
17
100
AcDbEntity
  8
ROADS
100
AcDbPolyline
 90
2
 70
0
 10
627184.4163565023
 20
4834184.374201915
 10
627244.5645925553
 20
4834204.55890864
  0
LWPOLYLINE
  5
3C6
330
17
100
AcDbEntity
  8
ROADS
100
AcDbPolyline
 90
2
 70
0
 10
627099.3532002812
 20
4834187.873314481
 10
627094.2549755963
 20
4834205.739268208
  0
LWPOLYLINE
  5
3C7
330
17
100
AcDbEntity
  8
ROADS
100
AcDbPolyline
 90
2
 70
0
 10
627184.4163565023
 20
4834184.374201915
 10
627176.508120322
 20
4834209.608160321
  0
LWPOLYLINE
  5
3C8
330
17
100
AcDbEntity
  8
ROADS
100
AcDbPolyline
 90
3
 70
0
 10
627288.5633035952
 20
4834219.692086106
 10
627295.7185545975
 20
4834185.095261524
 10
627267.629683454
 20
4834176.969077635
  0
LWPOLYLINE
  5
3C9
330
17
100
AcDbEntity
  8
ROADS
100
AcDbPolyline
 90
2
 70
0
 10
626497.4204411348
 20
4834155.132975589
 10
626484.7091371667
 20
4834196.603708093
  0
LWPOLYLINE
  5
3CA
330
17
100
AcDbEntity
  8
ROADS
100
AcDbPolyline
 90
2
 70
0
 10
626358.6688008425
 20
4834163.895697903
 10
626364.9529210301
 20
4834206.207789108
  0
LWPOLYLINE
  5
3CB
330
17
100
AcDbEntity
  8
ROADS
100
AcDbPolyline
 90
2
 70
0
 10
626484.7091371667
 20
4834196.603708093
 10
626408.623727855
 20
4834204.065974751
  0
LWPOLYLINE
  5
3CC
330
17
100
AcDbEntity
  8
ROADS
100
AcDbPolyline
 90
2
 70
0
 10
626408.623727855
 20
4834204.065974751
 10
626364.9529210301
 20
4834206.207789108
  0
LWPOLYLINE
  5
3CD
330
17
100
AcDbEntity
  8
ROADS
100
AcDbPolyline
 90
2
 70
0
 10
626364.9529210301
 20
4834206.207789108
 10
626371.0946248078
 20
4834269.068528201
  0
LWPOLYLINE
  5
3CE
330
17
100
AcDbEntity
  8
ROADS
100
AcDbPolyline
 90
2
 70
0
 10
626408.623727855
 20
4834204.065974751
 10
626410.705595507
 20
4834281.344701046
  0
LWPOLYLINE
  5
3CF
330
17
100
AcDbEntity
  8
ROADS
100
AcDbPolyline
 90
2
 70
0
 10
626484.7091371667
 20
4834196.603708093
 10
626455.5868284658
 20
4834294.675196493
  0
LWPOLYLINE
  5
3D0
330
17
100
AcDbEntity
  8
ROADS
100
AcDbPolyline
 90
2
 70
0
 10
627025.2226828343
 20
4834186.543392808
 10
627020.1240588418
 20
4834201.3331467565
  0
LWPOLYLINE
  5
3D1
330
17
100
AcDbEntity
  8
ROADS
100
AcDbPolyline
 90
2
 70
0
 10
626943.8340752509
 20
4834178.1128544975
 10
626933.6502816058
 20
4834210.599775681
  0
LWPOLYLINE
  5
3D2
330
17
100
AcDbEntity
  8
ROADS
100
AcDbPolyline
 90
2
 70
0
 10
627020.1240588418
 20
4834201.3331467565
 10
626980.7683276378
 20
4834189.234086425
  0
LWPOLYLINE
  5
3D3
330
17
100
AcDbEntity
  8
ROADS
100
AcDbPolyline
 90
2
 70
0
 10
627094.2549755963
 20
4834205.739268208
 10
627025.2226828343
 20
4834186.543392808
  0
LWPOLYLINE
  5
3D4
330
17
100
AcDbEntity
  8
ROADS
100
AcDbPolyline
 90
2
 70
0
 10
626980.7683276378
 20
4834189.234086425
 10
626975.6512704096
 20
4834205.707608212
  0
LWPOLYLINE
  5
3D5
330
17
100
AcDbEntity
  8
ROADS
100
AcDbPolyline
 90
2
 70
0
 10
627020.1240588418
 20
4834201.3331467565
 10
627010.8603508319
 20
4834230.8305213
  0
LWPOLYLINE
  5
3D6
330
17
100
AcDbEntity
  8
ROADS
100
AcDbPolyline
 90
3
 70
0
 10
626933.6502816058
 20
4834210.599775681
 10
626970.2489765416
 20
4834221.639941009
 10
626958.5046708948
 20
4834263.721244937
  0
LWPOLYLINE
  5
3D7
330
17
100
AcDbEntity
  8
ROADS
100
AcDbPolyline
 90
2
 70
0
 10
627080.4850945198
 20
4834250.335132155
 10
627010.8603508319
 20
4834230.8305213
  0
LWPOLYLINE
  5
3D8
330
17
100
AcDbEntity
  8
ROADS
100
AcDbPolyline
 90
2
 70
0
 10
626861.202454705
 20
4834189.100035064
 10
626813.2723740418
 20
4834346.570301568
  0
LWPOLYLINE
  5
3D9
330
17
100
AcDbEntity
  8
ROADS
100
AcDbPolyline
 90
2
 70
0
 10
626933.6502816058
 20
4834210.599775681
 10
626885.6199687409
 20
4834369.07732313
  0
LWPOLYLINE
  5
3DA
330
17
100
AcDbEntity
  8
ROADS
100
AcDbPolyline
 90
2
 70
0
 10
626371.0946248078
 20
4834269.068528201
 10
626331.5117820537
 20
4834257.562472136
  0
LWPOLYLINE
  5
3DB
330
17
100
AcDbEntity
  8
ROADS
100
AcDbPolyline
 90
2
 70
0
 10
626410.705595507
 20
4834281.344701046
 10
626371.0946248078
 20
4834269.068528201
  0
LWPOLYLINE
  5
3DC
330
17
100
AcDbEntity
  8
ROADS
100
AcDbPolyline
 90
2
 70
0
 10
626455.5868284658
 20
4834294.675196493
 10
626410.705595507
 20
4834281.344701046
  0
LWPOLYLINE
  5
3DD
330
17
100
AcDbEntity
  8
ROADS
100
AcDbPolyline
 90
2
 70
0
 10
626410.705595507
 20
4834281.344701046
 10
626396.0272960659
 20
4834326.376577569
  0
LWPOLYLINE
  5
3DE
330
17
100
AcDbEntity
  8
ROADS
100
AcDbPolyline
 90
2
 70
0
 10
626396.0272960659
 20
4834326.376577569
 10
626340.2154190078
 20
4834309.840784344
  0
LWPOLYLINE
  5
3DF
330
17
100
AcDbEntity
  8
ROADS
100
AcDbPolyline
 90
2
 70
0
 10
626455.5868284658
 20
4834294.675196493
 10
626446.0542334812
 20
4834326.710810081
  0
LWPOLYLINE
  5
3E0
330
17
100
AcDbEntity
  8
ROADS
100
AcDbPolyline
 90
2
 70
0
 10
626488.832276118
 20
4834340.515327031
 10
626446.0542334812
 20
4834326.710810081
  0
LWPOLYLINE
  5
3E1
330
17
100
AcDbEntity
  8
ROADS
100
AcDbPolyline
 90
2
 70
0
 10
627158.0705470999
 20
4834272.594805243
 10
627103.2420958692
 20
4834256.71984104
  0
LWPOLYLINE
  5
3E2
330
17
100
AcDbEntity
  8
ROADS
100
AcDbPolyline
 90
2
 70
0
 10
627329.9413671388
 20
4834231.532696422
 10
627306.4418004937
 20
4834316.90826872
  0
LWPOLYLINE
  5
3E3
330
17
100
AcDbEntity
  8
ROADS
100
AcDbPolyline
 90
2
 70
0
 10
627203.073513923
 20
4834288.68469844
 10
627158.0705470999
 20
4834272.594805243
  0
LWPOLYLINE
  5
3E4
330
17
100
AcDbEntity
  8
ROADS
100
AcDbPolyline
 90
2
 70
0
 10
627306.4418004937
 20
4834316.90826872
 10
627203.073513923
 20
4834288.68469844
  0
LWPOLYLINE
  5
3E5
330
17
100
AcDbEntity
  8
ROADS
100
AcDbPolyline
 90
2
 70
0
 10
627203.073513923
 20
4834288.68469844
 10
627192.4172540258
 20
4834324.071781411
  0
LWPOLYLINE
  5
3E6
330
17
100
AcDbEntity
  8
ROADS
100
AcDbPolyline
 90
2
 70
0
 10
627158.0705470999
 20
4834272.594805243
 10
627115.765071742
 20
4834409.022567469
  0
LWPOLYLINE
  5
3E7
330
17
100
AcDbEntity
  8
ROADS
100
AcDbPolyline
 90
2
 70
0
 10
627306.4418004937
 20
4834316.90826872
 10
627287.9688303716
 20
4834371.007740721
  0
LWPOLYLINE
  5
3E8
330
17
100
AcDbEntity
  8
ROADS
100
AcDbPolyline
 90
2
 70
0
 10
627287.9688303716
 20
4834371.007740721
 10
627217.7059819023
 20
4834352.334611446
  0
LWPOLYLINE
  5
3E9
330
17
100
AcDbEntity
  8
ROADS
100
AcDbPolyline
 90
2
 70
0
 10
627287.9688303716
 20
4834371.007740721
 10
627270.2948464903
 20
4834429.978950775
  0
LWPOLYLINE
  5
3EA
330
17
100
AcDbEntity
  8
ROADS
100
AcDbPolyline
 90
2
 70
0
 10
627115.765071742
 20
4834409.022567469
 10
627067.2631178426
 20
4834395.134054297
  0
LWPOLYLINE
  5
3EB
330
17
100
AcDbEntity
  8
ROADS
100
AcDbPolyline
 90
2
 70
0
 10
626616.9730142243
 20
4834189.939360799
 10
626679.1925399487
 20
4834205.194342383
  0
LWPOLYLINE
  5
3EC
330
17
100
AcDbEntity
  8
ROADS
100
AcDbPolyline
 90
2
 70
0
 10
626616.9730142243
 20
4834189.939360799
 10
626606.724239326
 20
4834223.891663454
  0
LWPOLYLINE
  5
3ED
330
17
100
AcDbEntity
  8
ROADS
100
AcDbPolyline
 90
2
 70
0
 10
626663.7330991696
 20
4834242.845194929
 10
626606.724239326
 20
4834223.891663454
  0
LWPOLYLINE
  5
3EE
330
17
100
AcDbEntity
  8
ROADS
100
AcDbPolyline
 90
4
 70
0
 10
626763.8785521865
 20
4834189.819038061
 10
626761.1776421964
 20
4834231.30073306
 10
626707.9354391427
 20
4834257.358995629
 10
626691.3927222159
 20
4834309.074118192
  0
LWPOLYLINE
  5
3EF
330
17
100
AcDbEntity
  8
ROADS
100
AcDbPolyline
 90
2
 70
0
 10
626691.3927222159
 20
4834309.074118192
 10
626667.8147850989
 20
4834301.633511517
  0
LWPOLYLINE
  5
3F0
330
17
100
AcDbEntity
  8
ROADS
100
AcDbPolyline
 90
2
 70
0
 10
626813.2723740418
 20
4834346.570301568
 10
626691.3927222159
 20
4834309.074118192
  0
LWPOLYLINE
  5
3F1
330
17
100
AcDbEntity
  8
ROADS
100
AcDbPolyline
 90
2
 70
0
 10
626606.724239326
 20
4834223.891663454
 10
626532.6145992826
 20
4834472.373067746
  0
LWPOLYLINE
  5
3F2
330
17
100
AcDbEntity
  8
ROADS
100
AcDbPolyline
 90
3
 70
0
 10
626752.8579581692
 20
4834417.816650261
 10
626763.9892994065
 20
4834381.26463301
 10
626674.0359566472
 20
4834355.256188585
  0
LWPOLYLINE
  5
3F3
330
17
100
AcDbEntity
  8
ROADS
100
AcDbPolyline
 90
2
 70
0
 10
626813.2723740418
 20
4834346.570301568
 10
626787.8012582613
 20
4834429.258936113
  0
LWPOLYLINE
  5
3F4
330
17
100
AcDbEntity
  8
ROADS
100
AcDbPolyline
 90
2
 70
0
 10
626724.2130161745
 20
4834409.363388566
 10
626667.5441588184
 20
4834392.845117663
  0
LWPOLYLINE
  5
3F5
330
17
100
AcDbEntity
  8
ROADS
100
AcDbPolyline
 90
2
 70
0
 10
627010.8603508319
 20
4834230.8305213
 10
626969.0702293332
 20
4834364.531376411
  0
LWPOLYLINE
  5
3F6
330
17
100
AcDbEntity
  8
ROADS
100
AcDbPolyline
 90
2
 70
0
 10
626885.6199687409
 20
4834369.07732313
 10
626813.2723740418
 20
4834346.570301568
  0
LWPOLYLINE
  5
3F7
330
17
100
AcDbEntity
  8
ROADS
100
AcDbPolyline
 90
4
 70
0
 10
627007.603286727
 20
4834378.047674323
 10
627025.0436714917
 20
4834320.767389548
 10
627080.8618636938
 20
4834343.519672853
 10
627067.2631178426
 20
4834395.134054297
  0
LWPOLYLINE
  5
3F8
330
17
100
AcDbEntity
  8
ROADS
100
AcDbPolyline
 90
2
 70
0
 10
627007.603286727
 20
4834378.047674323
 10
626969.0702293332
 20
4834364.531376411
  0
LWPOLYLINE
  5
3F9
330
17
100
AcDbEntity
  8
ROADS
100
AcDbPolyline
 90
2
 70
0
 10
626969.0702293332
 20
4834364.531376411
 10
626960.4591484785
 20
4834392.280431314
  0
LWPOLYLINE
  5
3FA
330
17
100
AcDbEntity
  8
ROADS
100
AcDbPolyline
 90
2
 70
0
 10
626960.4591484785
 20
4834392.280431314
 10
626885.6199687409
 20
4834369.07732313
  0
LWPOLYLINE
  5
3FB
330
17
100
AcDbEntity
  8
ROADS
100
AcDbPolyline
 90
2
 70
0
 10
627067.2631178426
 20
4834395.134054297
 10
627007.603286727
 20
4834378.047674323
  0
LWPOLYLINE
  5
3FC
330
17
100
AcDbEntity
  8
ROADS
100
AcDbPolyline
 90
2
 70
0
 10
626960.4591484785
 20
4834392.280431314
 10
626941.5622006387
 20
4834453.182595607
  0
LWPOLYLINE
  5
3FD
330
17
100
AcDbEntity
  8
ROADS
100
AcDbPolyline
 90
2
 70
0
 10
626863.218906349
 20
4834438.328646977
 10
626800.203731859
 20
4834418.762471523
  0
LWPOLYLINE
  5
3FE
330
17
100
AcDbEntity
  8
ROADS
100
AcDbPolyline
 90
2
 70
0
 10
626941.5622006387
 20
4834453.182595607
 10
626863.218906349
 20
4834438.328646977
  0
LWPOLYLINE
  5
3FF
330
17
100
AcDbEntity
  8
ROADS
100
AcDbPolyline
 90
2
 70
0
 10
627473.7490746349
 20
4834291.190641732
 10
627454.2672223973
 20
4834360.964888588
  0
LWPOLYLINE
  5
400
330
17
100
AcDbEntity
  8
ROADS
100
AcDbPolyline
 90
2
 70
0
 10
627403.8501377804
 20
4834345.718669321
 10
627306.4418004937
 20
4834316.90826872
  0
LWPOLYLINE
  5
401
330
17
100
AcDbEntity
  8
ROADS
100
AcDbPolyline
 90
2
 70
0
 10
627587.5436879226
 20
4834273.958319983
 10
627552.2614450592
 20
4834389.536888626
  0
LWPOLYLINE
  5
402
330
17
100
AcDbEntity
  8
ROADS
100
AcDbPolyline
 90
2
 70
0
 10
627454.2672223973
 20
4834360.964888588
 10
627403.8501377804
 20
4834345.718669321
  0
LWPOLYLINE
  5
403
330
17
100
AcDbEntity
  8
ROADS
100
AcDbPolyline
 90
2
 70
0
 10
627503.192820015
 20
4834375.016079266
 10
627454.2672223973
 20
4834360.964888588
  0
LWPOLYLINE
  5
404
330
17
100
AcDbEntity
  8
ROADS
100
AcDbPolyline
 90
2
 70
0
 10
627403.8501377804
 20
4834345.718669321
 10
627386.3730233196
 20
4834397.450007549
  0
LWPOLYLINE
  5
405
330
17
100
AcDbEntity
  8
ROADS
100
AcDbPolyline
 90
2
 70
0
 10
627552.2614450592
 20
4834389.536888626
 10
627503.192820015
 20
4834375.016079266
  0
LWPOLYLINE
  5
406
330
17
100
AcDbEntity
  8
ROADS
100
AcDbPolyline
 90
2
 70
0
 10
627600.817062038
 20
4834403.835415661
 10
627552.2614450592
 20
4834389.536888626
  0
LWPOLYLINE
  5
407
330
17
100
AcDbEntity
  8
ROADS
100
AcDbPolyline
 90
3
 70
0
 10
627386.3730233196
 20
4834397.450007549
 10
627402.5632022297
 20
4834406.348195597
 10
627394.8698134124
 20
4834439.81522961
  0
LWPOLYLINE
  5
408
330
17
100
AcDbEntity
  8
ROADS
100
AcDbPolyline
 90
2
 70
0
 10
627454.2672223973
 20
4834360.964888588
 10
627410.3520014498
 20
4834513.385664518
  0
LWPOLYLINE
  5
409
330
17
100
AcDbEntity
  8
ROADS
100
AcDbPolyline
 90
2
 70
0
 10
627386.3730233196
 20
4834397.450007549
 10
627352.8614497515
 20
4834510.949369703
  0
LWPOLYLINE
  5
40A
330
17
100
AcDbEntity
  8
ROADS
100
AcDbPolyline
 90
2
 70
0
 10
627503.192820015
 20
4834375.016079266
 10
627453.5221270969
 20
4834534.330276946
  0
LWPOLYLINE
  5
40B
330
17
100
AcDbEntity
  8
ROADS
100
AcDbPolyline
 90
2
 70
0
 10
627552.2614450592
 20
4834389.536888626
 10
627485.9603249044
 20
4834605.579068672
  0
LWPOLYLINE
  5
40C
330
17
100
AcDbEntity
  8
ROADS
100
AcDbPolyline
 90
2
 70
0
 10
627600.817062038
 20
4834403.835415661
 10
627536.2779679073
 20
4834616.119237312
  0
LWPOLYLINE
  5
40D
330
17
100
AcDbEntity
  8
ROADS
100
AcDbPolyline
 90
3
 70
0
 10
627352.8614497515
 20
4834510.949369703
 10
627371.7135948035
 20
4834512.16819855
 10
627370.3209999414
 20
4834551.919506804
  0
LWPOLYLINE
  5
40E
330
17
100
AcDbEntity
  8
ROADS
100
AcDbPolyline
 90
2
 70
0
 10
627352.8614497515
 20
4834510.949369703
 10
627370.3209999414
 20
4834551.919506804
  0
LWPOLYLINE
  5
40F
330
17
100
AcDbEntity
  8
ROADS
100
AcDbPolyline
 90
2
 70
0
 10
627453.5221270969
 20
4834534.330276946
 10
627380.0408245251
 20
4834577.0247606365
  0
LWPOLYLINE
  5
410
330
17
100
AcDbEntity
  8
ROADS
100
AcDbPolyline
 90
2
 70
0
 10
627453.5221270969
 20
4834534.330276946
 10
627436.637477062
 20
4834590.019570159
  0
LWPOLYLINE
  5
411
330
17
100
AcDbEntity
  8
ROADS
100
AcDbPolyline
 90
2
 70
0
 10
627370.3209999414
 20
4834551.919506804
 10
627380.0408245251
 20
4834577.0247606365
  0
LWPOLYLINE
  5
412
330
17
100
AcDbEntity
  8
ROADS
100
AcDbPolyline
 90
2
 70
0
 10
627380.0408245251
 20
4834577.0247606365
 10
627321.2811432744
 20
4834617.357176826
  0
LWPOLYLINE
  5
413
330
17
100
AcDbEntity
  8
ROADS
100
AcDbPolyline
 90
2
 70
0
 10
627634.9027217422
 20
4834287.898181539
 10
627600.817062038
 20
4834403.835415661
  0
LWPOLYLINE
  5
414
330
17
100
AcDbEntity
  8
ROADS
100
AcDbPolyline
 90
2
 70
0
 10
627687.1253124321
 20
4834278.19995629
 10
627580.8409728743
 20
4834625.181298798
  0
LWPOLYLINE
  5
415
330
17
100
AcDbEntity
  8
ROADS
100
AcDbPolyline
 90
2
 70
0
 10
627730.6340390726
 20
4834294.052851897
 10
627625.5063612204
 20
4834638.261466887
  0
LWPOLYLINE
  5
416
330
17
100
AcDbEntity
  8
ROADS
100
AcDbPolyline
 90
2
 70
0
 10
627873.5382326948
 20
4834411.5332545955
 10
627824.1475899615
 20
4834575.987013194
  0
LWPOLYLINE
  5
417
330
17
100
AcDbEntity
  8
ROADS
100
AcDbPolyline
 90
2
 70
0
 10
627771.6892631452
 20
4834309.703893143
 10
627641.803059315
 20
4834734.985147833
  0
LWPOLYLINE
  5
418
330
17
100
AcDbEntity
  8
ROADS
100
AcDbPolyline
 90
2
 70
0
 10
627811.7039854365
 20
4834320.6488319775
 10
627688.8369912377
 20
4834725.250701038
  0
LWPOLYLINE
  5
419
330
17
100
AcDbEntity
  8
ROADS
100
AcDbPolyline
 90
2
 70
0
 10
627853.3560028131
 20
4834333.962517685
 10
627736.8375542262
 20
4834715.595728889
  0
LWPOLYLINE
  5
41A
330
17
100
AcDbEntity
  8
ROADS
100
AcDbPolyline
 90
2
 70
0
 10
627910.9106548134
 20
4834602.734983022
 10
627824.1475899615
 20
4834575.987013194
  0
LWPOLYLINE
  5
41B
330
17
100
AcDbEntity
  8
ROADS
100
AcDbPolyline
 90
2
 70
0
 10
627824.1475899615
 20
4834575.987013194
 10
627802.163458021
 20
4834647.8382201735
  0
LWPOLYLINE
  5
41C
330
17
100
AcDbEntity
  8
ROADS
100
AcDbPolyline
 90
2
 70
0
 10
627625.5063612204
 20
4834638.261466887
 10
627580.8409728743
 20
4834625.181298798
  0
LWPOLYLINE
  5
41D
330
17
100
AcDbEntity
  8
ROADS
100
AcDbPolyline
 90
2
 70
0
 10
627981.3604445402
 20
4834506.344193571
 10
627971.1556117671
 20
4834540.212914587
  0
LWPOLYLINE
  5
41E
330
17
100
AcDbEntity
  8
ROADS
100
AcDbPolyline
 90
2
 70
0
 10
628005.0988893766
 20
4834513.430220621
 10
627994.3480751853
 20
4834547.2405714225
  0
LWPOLYLINE
  5
41F
330
17
100
AcDbEntity
  8
ROADS
100
AcDbPolyline
 90
2
 70
0
 10
627994.3480751853
 20
4834547.2405714225
 10
627971.1556117671
 20
4834540.212914587
  0
LWPOLYLINE
  5
420
330
17
100
AcDbEntity
  8
ROADS
100
AcDbPolyline
 90
2
 70
0
 10
627944.2394490374
 20
4834495.202518676
 10
627910.9106548134
 20
4834602.734983022
  0
LWPOLYLINE
  5
421
330
17
100
AcDbEntity
  8
ROADS
100
AcDbPolyline
 90
2
 70
0
 10
628042.1777012874
 20
4834524.305619847
 10
628025.2896063259
 20
4834580.51598284
  0
LWPOLYLINE
  5
422
330
17
100
AcDbEntity
  8
ROADS
100
AcDbPolyline
 90
2
 70
0
 10
627971.1556117671
 20
4834540.212914587
 10
627961.2127202954
 20
4834572.315254944
  0
LWPOLYLINE
  5
423
330
17
100
AcDbEntity
  8
ROADS
100
AcDbPolyline
 90
2
 70
0
 10
627994.3480751853
 20
4834547.2405714225
 10
627984.3143262654
 20
4834579.445278112
  0
LWPOLYLINE
  5
424
330
17
100
AcDbEntity
  8
ROADS
100
AcDbPolyline
 90
2
 70
0
 10
627984.3143262654
 20
4834579.445278112
 10
627961.2127202954
 20
4834572.315254944
  0
LWPOLYLINE
  5
425
330
17
100
AcDbEntity
  8
ROADS
100
AcDbPolyline
 90
2
 70
0
 10
628077.6464561161
 20
4834596.146350618
 10
628025.2896063259
 20
4834580.51598284
  0
LWPOLYLINE
  5
426
330
17
100
AcDbEntity
  8
ROADS
100
AcDbPolyline
 90
2
 70
0
 10
627961.2127202954
 20
4834572.315254944
 10
627948.2483828767
 20
4834613.504562468
  0
LWPOLYLINE
  5
427
330
17
100
AcDbEntity
  8
ROADS
100
AcDbPolyline
 90
2
 70
0
 10
627436.637477062
 20
4834590.019570159
 10
627485.9603249044
 20
4834605.579068672
  0
LWPOLYLINE
  5
428
330
17
100
AcDbEntity
  8
ROADS
100
AcDbPolyline
 90
2
 70
0
 10
627536.2779679073
 20
4834616.119237312
 10
627485.9603249044
 20
4834605.579068672
  0
LWPOLYLINE
  5
429
330
17
100
AcDbEntity
  8
ROADS
100
AcDbPolyline
 90
2
 70
0
 10
627436.637477062
 20
4834590.019570159
 10
627420.597866224
 20
4834642.942959394
  0
LWPOLYLINE
  5
42A
330
17
100
AcDbEntity
  8
ROADS
100
AcDbPolyline
 90
2
 70
0
 10
627580.8409728743
 20
4834625.181298798
 10
627536.2779679073
 20
4834616.119237312
  0
LWPOLYLINE
  5
42B
330
17
100
AcDbEntity
  8
ROADS
100
AcDbPolyline
 90
2
 70
0
 10
627380.0408245251
 20
4834577.0247606365
 10
627412.0908845024
 20
4834671.016946989
  0
LWPOLYLINE
  5
42C
330
17
100
AcDbEntity
  8
ROADS
100
AcDbPolyline
 90
2
 70
0
 10
627485.9603249044
 20
4834605.579068672
 10
627470.0467814856
 20
4834657.779698438
  0
LWPOLYLINE
  5
42D
330
17
100
AcDbEntity
  8
ROADS
100
AcDbPolyline
 90
2
 70
0
 10
627536.2779679073
 20
4834616.119237312
 10
627518.1061561394
 20
4834672.199298905
  0
LWPOLYLINE
  5
42E
330
17
100
AcDbEntity
  8
ROADS
100
AcDbPolyline
 90
2
 70
0
 10
627470.0467814856
 20
4834657.779698438
 10
627420.597866224
 20
4834642.942959394
  0
LWPOLYLINE
  5
42F
330
17
100
AcDbEntity
  8
ROADS
100
AcDbPolyline
 90
2
 70
0
 10
627580.8409728743
 20
4834625.181298798
 10
627565.0256765367
 20
4834677.976755814
  0
LWPOLYLINE
  5
430
330
17
100
AcDbEntity
  8
ROADS
100
AcDbPolyline
 90
2
 70
0
 10
627420.597866224
 20
4834642.942959394
 10
627412.0908845024
 20
4834671.016946989
  0
LWPOLYLINE
  5
431
330
17
100
AcDbEntity
  8
ROADS
100
AcDbPolyline
 90
2
 70
0
 10
627936.0053048588
 20
4834687.710019118
 10
627802.163458021
 20
4834647.8382201735
  0
LWPOLYLINE
  5
432
330
17
100
AcDbEntity
  8
ROADS
100
AcDbPolyline
 90
2
 70
0
 10
627625.5063612204
 20
4834638.261466887
 10
627600.8717011921
 20
4834720.367364195
  0
LWPOLYLINE
  5
433
330
17
100
AcDbEntity
  8
ROADS
100
AcDbPolyline
 90
2
 70
0
 10
627802.163458021
 20
4834647.8382201735
 10
627778.4371242484
 20
4834724.75574882
  0
LWPOLYLINE
  5
434
330
17
100
AcDbEntity
  8
ROADS
100
AcDbPolyline
 90
2
 70
0
 10
627837.377431832
 20
4834721.267409528
 10
627826.2681702405
 20
4834717.591368452
  0
LWPOLYLINE
  5
435
330
17
100
AcDbEntity
  8
ROADS
100
AcDbPolyline
 90
2
 70
0
 10
627778.4371242484
 20
4834724.75574882
 10
627736.8375542262
 20
4834715.595728889
  0
LWPOLYLINE
  5
436
330
17
100
AcDbEntity
  8
ROADS
100
AcDbPolyline
 90
2
 70
0
 10
627870.1854400447
 20
4834730.84304612
 10
627837.377431832
 20
4834721.267409528
  0
LWPOLYLINE
  5
437
330
17
100
AcDbEntity
  8
ROADS
100
AcDbPolyline
 90
3
 70
0
 10
627736.8375542262
 20
4834715.595728889
 10
627730.2966543416
 20
4834737.253872473
 10
627688.8369912377
 20
4834725.250701038
  0
LWPOLYLINE
  5
438
330
17
100
AcDbEntity
  8
ROADS
100
AcDbPolyline
 90
2
 70
0
 10
627837.377431832
 20
4834721.267409528
 10
627830.6530051999
 20
4834743.009247486
  0
LWPOLYLINE
  5
439
330
17
100
AcDbEntity
  8
ROADS
100
AcDbPolyline
 90
2
 70
0
 10
627778.4371242484
 20
4834724.75574882
 10
627830.6530051999
 20
4834743.009247486
  0
LWPOLYLINE
  5
43A
330
17
100
AcDbEntity
  8
ROADS
100
AcDbPolyline
 90
2
 70
0
 10
627688.8369912377
 20
4834725.250701038
 10
627682.4506894058
 20
4834746.931637239
  0
LWPOLYLINE
  5
43B
330
17
100
AcDbEntity
  8
ROADS
100
AcDbPolyline
 90
2
 70
0
 10
627518.1061561394
 20
4834672.199298905
 10
627470.0467814856
 20
4834657.779698438
  0
LWPOLYLINE
  5
43C
330
17
100
AcDbEntity
  8
ROADS
100
AcDbPolyline
 90
2
 70
0
 10
627412.0908845024
 20
4834671.016946989
 10
627400.4209852038
 20
4834709.531413892
  0
LWPOLYLINE
  5
43D
330
17
100
AcDbEntity
  8
ROADS
100
AcDbPolyline
 90
2
 70
0
 10
627518.1061561394
 20
4834672.199298905
 10
627508.280312366
 20
4834708.50397164
  0
LWPOLYLINE
  5
43E
330
17
100
AcDbEntity
  8
ROADS
100
AcDbPolyline
 90
2
 70
0
 10
627400.4209852038
 20
4834709.531413892
 10
627421.5864987767
 20
4834715.772383622
  0
LWPOLYLINE
  5
43F
330
17
100
AcDbEntity
  8
ROADS
100
AcDbPolyline
 90
2
 70
0
 10
627600.8717011921
 20
4834720.367364195
 10
627508.280312366
 20
4834708.50397164
  0
LWPOLYLINE
  5
440
330
17
100
AcDbEntity
  8
ROADS
100
AcDbPolyline
 90
2
 70
0
 10
627508.280312366
 20
4834708.50397164
 10
627498.3183219207
 20
4834739.117824186
  0
LWPOLYLINE
  5
441
330
17
100
AcDbEntity
  8
ROADS
100
AcDbPolyline
 90
2
 70
0
 10
627600.8717011921
 20
4834720.367364195
 10
627596.2067761971
 20
4834737.331112422
  0
LWPOLYLINE
  5
442
330
17
100
AcDbEntity
  8
ROADS
100
AcDbPolyline
 90
2
 70
0
 10
627400.4209852038
 20
4834709.531413892
 10
627385.69646335
 20
4834758.13829376
  0
LWPOLYLINE
  5
443
330
17
100
AcDbEntity
  8
ROADS
100
AcDbPolyline
 90
2
 70
0
 10
627596.2067761971
 20
4834737.331112422
 10
627591.6240701064
 20
4834751.572174706
  0
LWPOLYLINE
  5
444
330
17
100
AcDbEntity
  8
ROADS
100
AcDbPolyline
 90
2
 70
0
 10
627591.6240701064
 20
4834751.572174706
 10
627498.3183219207
 20
4834739.117824186
  0
LWPOLYLINE
  5
445
330
17
100
AcDbEntity
  8
ROADS
100
AcDbPolyline
 90
2
 70
0
 10
627947.0843028501
 20
4834653.504085167
 10
627853.176362657
 20
4834625.561877225
  0
LWPOLYLINE
  5
446
330
17
100
AcDbEntity
  8
ROADS
100
AcDbPolyline
 90
2
 70
0
 10
628060.933999989
 20
4834646.733528587
 10
628048.3447573385
 20
4834683.4923403915
  0
LWPOLYLINE
  5
447
330
17
100
AcDbEntity
  8
ROADS
100
AcDbPolyline
 90
2
 70
0
 10
628048.3447573385
 20
4834683.4923403915
 10
627947.0843028501
 20
4834653.504085167
  0
LWPOLYLINE
  5
448
330
17
100
AcDbEntity
  8
ROADS
100
AcDbPolyline
 90
2
 70
0
 10
627947.0843028501
 20
4834653.504085167
 10
627936.0053048588
 20
4834687.710019118
  0
LWPOLYLINE
  5
449
330
17
100
AcDbEntity
  8
ROADS
100
AcDbPolyline
 90
2
 70
0
 10
628048.3447573385
 20
4834683.4923403915
 10
628037.6732915798
 20
4834718.831723104
  0
LWPOLYLINE
  5
44A
330
17
100
AcDbEntity
  8
ROADS
100
AcDbPolyline
 90
2
 70
0
 10
627936.0053048588
 20
4834687.710019118
 10
627927.0749032212
 20
4834717.6305136075
  0
LWPOLYLINE
  5
44B
330
17
100
AcDbEntity
  8
ROADS
100
AcDbPolyline
 90
2
 70
0
 10
628037.6732915798
 20
4834718.831723104
 10
627936.0053048588
 20
4834687.710019118
  0
LWPOLYLINE
  5
44C
330
17
100
AcDbEntity
  8
ROADS
100
AcDbPolyline
 90
2
 70
0
 10
627927.0749032212
 20
4834717.6305136075
 10
627834.4987676146
 20
4834689.870373893
  0
LWPOLYLINE
  5
44D
330
17
100
AcDbEntity
  8
ROADS
100
AcDbPolyline
 90
2
 70
0
 10
628172.981261367
 20
4834627.230562442
 10
628117.4791413906
 20
4834810.4626817815
  0
LWPOLYLINE
  5
44E
330
17
100
AcDbEntity
  8
ROADS
100
AcDbPolyline
 90
2
 70
0
 10
627927.0749032212
 20
4834717.6305136075
 10
627917.4542244188
 20
4834748.476588559
  0
LWPOLYLINE
  5
44F
330
17
100
AcDbEntity
  8
ROADS
100
AcDbPolyline
 90
2
 70
0
 10
627682.4506894058
 20
4834746.931637239
 10
627641.803059315
 20
4834734.985147833
  0
LWPOLYLINE
  5
450
330
17
100
AcDbEntity
  8
ROADS
100
AcDbPolyline
 90
2
 70
0
 10
627870.1854400447
 20
4834730.84304612
 10
627863.090789856
 20
4834752.651198213
  0
LWPOLYLINE
  5
451
330
17
100
AcDbEntity
  8
ROADS
100
AcDbPolyline
 90
3
 70
0
 10
627641.803059315
 20
4834734.985147833
 10
627637.3327084692
 20
4834749.262245271
 10
627596.2067761971
 20
4834737.331112422
  0
LWPOLYLINE
  5
452
330
17
100
AcDbEntity
  8
ROADS
100
AcDbPolyline
 90
2
 70
0
 10
627778.4371242484
 20
4834724.75574882
 10
627761.77823827
 20
4834769.861995435
  0
LWPOLYLINE
  5
453
330
17
100
AcDbEntity
  8
ROADS
100
AcDbPolyline
 90
2
 70
0
 10
627863.090789856
 20
4834752.651198213
 10
627830.6530051999
 20
4834743.009247486
  0
LWPOLYLINE
  5
454
330
17
100
AcDbEntity
  8
ROADS
100
AcDbPolyline
 90
2
 70
0
 10
627876.692321802
 20
4834757.040335976
 10
627863.090789856
 20
4834752.651198213
  0
LWPOLYLINE
  5
455
330
17
100
AcDbEntity
  8
ROADS
100
AcDbPolyline
 90
2
 70
0
 10
627682.4506894058
 20
4834746.931637239
 10
627670.7797322276
 20
4834786.278166335
  0
LWPOLYLINE
  5
456
330
17
100
AcDbEntity
  8
ROADS
100
AcDbPolyline
 90
2
 70
0
 10
627761.77823827
 20
4834769.861995435
 10
627670.7797322276
 20
4834786.278166335
  0
LWPOLYLINE
  5
457
330
17
100
AcDbEntity
  8
ROADS
100
AcDbPolyline
 90
2
 70
0
 10
627902.3556556065
 20
4834801.426058598
 10
627761.77823827
 20
4834769.861995435
  0
LWPOLYLINE
  5
458
330
17
100
AcDbEntity
  8
ROADS
100
AcDbPolyline
 90
2
 70
0
 10
627761.77823827
 20
4834769.861995435
 10
627744.6909385913
 20
4834807.382511977
  0
LWPOLYLINE
  5
459
330
17
100
AcDbEntity
  8
ROADS
100
AcDbPolyline
 90
2
 70
0
 10
627917.4542244188
 20
4834748.476588559
 10
627870.1854400447
 20
4834730.84304612
  0
LWPOLYLINE
  5
45A
330
17
100
AcDbEntity
  8
ROADS
100
AcDbPolyline
 90
2
 70
0
 10
627969.2980239723
 20
4834767.508922458
 10
627980.7255698156
 20
4834731.172151024
  0
LWPOLYLINE
  5
45B
330
17
100
AcDbEntity
  8
ROADS
100
AcDbPolyline
 90
2
 70
0
 10
628037.6732915798
 20
4834718.831723104
 10
628018.2338287963
 20
4834779.975275458
  0
LWPOLYLINE
  5
45C
330
17
100
AcDbEntity
  8
ROADS
100
AcDbPolyline
 90
2
 70
0
 10
627969.2980239723
 20
4834767.508922458
 10
627917.4542244188
 20
4834748.476588559
  0
LWPOLYLINE
  5
45D
330
17
100
AcDbEntity
  8
ROADS
100
AcDbPolyline
 90
2
 70
0
 10
628018.2338287963
 20
4834779.975275458
 10
627969.2980239723
 20
4834767.508922458
  0
LWPOLYLINE
  5
45E
330
17
100
AcDbEntity
  8
ROADS
100
AcDbPolyline
 90
2
 70
0
 10
627917.4542244188
 20
4834748.476588559
 10
627902.3556556065
 20
4834801.426058598
  0
LWPOLYLINE
  5
45F
330
17
100
AcDbEntity
  8
ROADS
100
AcDbPolyline
 90
2
 70
0
 10
628068.7076102658
 20
4834793.776518231
 10
628018.2338287963
 20
4834779.975275458
  0
LWPOLYLINE
  5
460
330
17
100
AcDbEntity
  8
ROADS
100
AcDbPolyline
 90
2
 70
0
 10
628117.4791413906
 20
4834810.4626817815
 10
628068.7076102658
 20
4834793.776518231
  0
LWPOLYLINE
  5
461
330
17
100
AcDbEntity
  8
ROADS
100
AcDbPolyline
 90
2
 70
0
 10
628018.2338287963
 20
4834779.975275458
 10
628002.9342015608
 20
4834831.516035252
  0
LWPOLYLINE
  5
462
330
17
100
AcDbEntity
  8
ROADS
100
AcDbPolyline
 90
2
 70
0
 10
628002.9342015608
 20
4834831.516035252
 10
627902.3556556065
 20
4834801.426058598
  0
LWPOLYLINE
  5
463
330
17
100
AcDbEntity
  8
ROADS
100
AcDbPolyline
 90
2
 70
0
 10
628147.656446911
 20
4834372.49533056
 10
628133.3322454719
 20
4834419.482464001
  0
LWPOLYLINE
  5
464
330
17
100
AcDbEntity
  8
ROADS
100
AcDbPolyline
 90
3
 70
0
 10
627928.3252877486
 20
4834380.077499741
 10
627914.7336744958
 20
4834423.383607848
 10
627873.5382326948
 20
4834411.5332545955
  0
LWPOLYLINE
  5
465
330
17
100
AcDbEntity
  8
ROADS
100
AcDbPolyline
 90
2
 70
0
 10
628024.4786982336
 20
4834409.774343621
 10
627975.1175652924
 20
4834394.834198156
  0
LWPOLYLINE
  5
466
330
17
100
AcDbEntity
  8
ROADS
100
AcDbPolyline
 90
2
 70
0
 10
628072.9159243994
 20
4834424.429775658
 10
628024.4786982336
 20
4834409.774343621
  0
LWPOLYLINE
  5
467
330
17
100
AcDbEntity
  8
ROADS
100
AcDbPolyline
 90
2
 70
0
 10
627975.1175652924
 20
4834394.834198156
 10
627944.2394490374
 20
4834495.202518676
  0
LWPOLYLINE
  5
468
330
17
100
AcDbEntity
  8
ROADS
100
AcDbPolyline
 90
2
 70
0
 10
628072.9159243994
 20
4834424.429775658
 10
628042.1777012874
 20
4834524.305619847
  0
LWPOLYLINE
  5
469
330
17
100
AcDbEntity
  8
ROADS
100
AcDbPolyline
 90
2
 70
0
 10
627981.3604445402
 20
4834506.344193571
 10
627944.2394490374
 20
4834495.202518676
  0
LWPOLYLINE
  5
46A
330
17
100
AcDbEntity
  8
ROADS
100
AcDbPolyline
 90
2
 70
0
 10
628133.3322454719
 20
4834419.482464001
 10
628077.6464561161
 20
4834596.146350618
  0
LWPOLYLINE
  5
46B
330
17
100
AcDbEntity
  8
ROADS
100
AcDbPolyline
 90
2
 70
0
 10
628005.0988893766
 20
4834513.430220621
 10
627981.3604445402
 20
4834506.344193571
  0
LWPOLYLINE
  5
46C
330
17
100
AcDbEntity
  8
ROADS
100
AcDbPolyline
 90
2
 70
0
 10
628042.1777012874
 20
4834524.305619847
 10
628005.0988893766
 20
4834513.430220621
  0
LWPOLYLINE
  5
46D
330
17
100
AcDbEntity
  8
ROADS
100
AcDbPolyline
 90
2
 70
0
 10
628363.7251857307
 20
4834366.758302882
 10
628343.8440960743
 20
4834430.759138378
  0
LWPOLYLINE
  5
46E
330
17
100
AcDbEntity
  8
ROADS
100
AcDbPolyline
 90
2
 70
0
 10
628294.4857111763
 20
4834415.94103402
 10
628245.0161095073
 20
4834400.968913694
  0
LWPOLYLINE
  5
46F
330
17
100
AcDbEntity
  8
ROADS
100
AcDbPolyline
 90
2
 70
0
 10
628343.8440960743
 20
4834430.759138378
 10
628294.4857111763
 20
4834415.94103402
  0
LWPOLYLINE
  5
470
330
17
100
AcDbEntity
  8
ROADS
100
AcDbPolyline
 90
2
 70
0
 10
628245.0161095073
 20
4834400.968913694
 10
628229.0044599491
 20
4834448.527596522
  0
LWPOLYLINE
  5
471
330
17
100
AcDbEntity
  8
ROADS
100
AcDbPolyline
 90
2
 70
0
 10
628181.0834980794
 20
4834434.079499343
 10
628133.3322454719
 20
4834419.482464001
  0
LWPOLYLINE
  5
472
330
17
100
AcDbEntity
  8
ROADS
100
AcDbPolyline
 90
2
 70
0
 10
628229.0044599491
 20
4834448.527596522
 10
628181.0834980794
 20
4834434.079499343
  0
LWPOLYLINE
  5
473
330
17
100
AcDbEntity
  8
ROADS
100
AcDbPolyline
 90
2
 70
0
 10
628364.774294721
 20
4834437.137945925
 10
628343.8440960743
 20
4834430.759138378
  0
LWPOLYLINE
  5
474
330
17
100
AcDbEntity
  8
ROADS
100
AcDbPolyline
 90
2
 70
0
 10
628343.8440960743
 20
4834430.759138378
 10
628329.7694799615
 20
4834474.947625734
  0
LWPOLYLINE
  5
475
330
17
100
AcDbEntity
  8
ROADS
100
AcDbPolyline
 90
2
 70
0
 10
628229.0044599491
 20
4834448.527596522
 10
628172.981261367
 20
4834627.230562442
  0
LWPOLYLINE
  5
476
330
17
100
AcDbEntity
  8
ROADS
100
AcDbPolyline
 90
2
 70
0
 10
628329.7694799615
 20
4834474.947625734
 10
628287.4063287925
 20
4834609.2240935685
  0
LWPOLYLINE
  5
477
330
17
100
AcDbEntity
  8
ROADS
100
AcDbPolyline
 90
2
 70
0
 10
628223.5926948034
 20
4834642.021340466
 10
628267.6226433571
 20
4834500.108966823
  0
LWPOLYLINE
  5
478
330
17
100
AcDbEntity
  8
ROADS
100
AcDbPolyline
 90
2
 70
0
 10
628329.7694799615
 20
4834474.947625734
 10
628346.552837198
 20
4834479.744486704
  0
LWPOLYLINE
  5
479
330
17
100
AcDbEntity
  8
ROADS
100
AcDbPolyline
 90
2
 70
0
 10
628223.5926948034
 20
4834642.021340466
 10
628172.981261367
 20
4834627.230562442
  0
LWPOLYLINE
  5
47A
330
17
100
AcDbEntity
  8
ROADS
100
AcDbPolyline
 90
2
 70
0
 10
628260.5887340454
 20
4834652.8312302865
 10
628223.5926948034
 20
4834642.021340466
  0
LWPOLYLINE
  5
47B
330
17
100
AcDbEntity
  8
ROADS
100
AcDbPolyline
 90
2
 70
0
 10
627984.3143262654
 20
4834579.445278112
 10
627971.4430370266
 20
4834620.134237991
  0
LWPOLYLINE
  5
47C
330
17
100
AcDbEntity
  8
ROADS
100
AcDbPolyline
 90
2
 70
0
 10
628025.2896063259
 20
4834580.51598284
 10
628009.3027464133
 20
4834631.460291985
  0
LWPOLYLINE
  5
47D
330
17
100
AcDbEntity
  8
ROADS
100
AcDbPolyline
 90
2
 70
0
 10
627948.2483828767
 20
4834613.504562468
 10
627910.9106548134
 20
4834602.734983022
  0
LWPOLYLINE
  5
47E
330
17
100
AcDbEntity
  8
ROADS
100
AcDbPolyline
 90
2
 70
0
 10
628181.0834980794
 20
4834434.079499343
 10
628068.7076102658
 20
4834793.776518231
  0
LWPOLYLINE
  5
47F
330
17
100
AcDbEntity
  8
ROADS
100
AcDbPolyline
 90
2
 70
0
 10
627958.7372246196
 20
4834616.593349424
 10
627948.2483828767
 20
4834613.504562468
  0
LWPOLYLINE
  5
480
330
17
100
AcDbEntity
  8
ROADS
100
AcDbPolyline
 90
2
 70
0
 10
627971.4430370266
 20
4834620.134237991
 10
627958.7372246196
 20
4834616.593349424
  0
LWPOLYLINE
  5
481
330
17
100
AcDbEntity
  8
ROADS
100
AcDbPolyline
 90
2
 70
0
 10
628077.6464561161
 20
4834596.146350618
 10
628060.933999989
 20
4834646.733528587
  0
LWPOLYLINE
  5
482
330
17
100
AcDbEntity
  8
ROADS
100
AcDbPolyline
 90
2
 70
0
 10
628009.3027464133
 20
4834631.460291985
 10
627971.4430370266
 20
4834620.134237991
  0
LWPOLYLINE
  5
483
330
17
100
AcDbEntity
  8
ROADS
100
AcDbPolyline
 90
2
 70
0
 10
627958.7372246196
 20
4834616.593349424
 10
627947.0843028501
 20
4834653.504085167
  0
LWPOLYLINE
  5
484
330
17
100
AcDbEntity
  8
ROADS
100
AcDbPolyline
 90
2
 70
0
 10
628060.933999989
 20
4834646.733528587
 10
628009.3027464133
 20
4834631.460291985
  0
LWPOLYLINE
  5
485
330
17
100
AcDbEntity
  8
ROADS
100
AcDbPolyline
 90
2
 70
0
 10
628188.2445099887
 20
4834754.789790713
 10
628223.5926948034
 20
4834642.021340466
  0
LWPOLYLINE
  5
486
330
17
100
AcDbEntity
  8
ROADS
100
AcDbPolyline
 90
2
 70
0
 10
626396.0272960659
 20
4834326.376577569
 10
626381.4974991515
 20
4834372.459696847
  0
LWPOLYLINE
  5
487
330
17
100
AcDbEntity
  8
ROADS
100
AcDbPolyline
 90
2
 70
0
 10
626381.4974991515
 20
4834372.459696847
 10
626352.7971256808
 20
4834363.966195683
  0
LWPOLYLINE
  5
488
330
17
100
AcDbEntity
  8
ROADS
100
AcDbPolyline
 90
2
 70
0
 10
626446.0542334812
 20
4834326.710810081
 10
626428.3931339678
 20
4834386.189136888
  0
LWPOLYLINE
  5
489
330
17
100
AcDbEntity
  8
ROADS
100
AcDbPolyline
 90
2
 70
0
 10
626428.3931339678
 20
4834386.189136888
 10
626381.4974991515
 20
4834372.459696847
  0
LWPOLYLINE
  5
48A
330
17
100
AcDbEntity
  8
ROADS
100
AcDbPolyline
 90
2
 70
0
 10
626381.4974991515
 20
4834372.459696847
 10
626369.2594628767
 20
4834418.729246407
  0
LWPOLYLINE
  5
48B
330
17
100
AcDbEntity
  8
ROADS
100
AcDbPolyline
 90
3
 70
0
 10
626482.1524409166
 20
4834458.826157932
 10
626514.6239989533
 20
4834349.357529784
 10
626488.832276118
 20
4834340.515327031
  0
LWPOLYLINE
  5
48C
330
17
100
AcDbEntity
  8
ROADS
100
AcDbPolyline
 90
3
 70
0
 10
626482.1524409166
 20
4834458.826157932
 10
626458.9158488859
 20
4834453.968868954
 10
626488.832276118
 20
4834340.515327031
  0
LWPOLYLINE
  5
48D
330
17
100
AcDbEntity
  8
ROADS
100
AcDbPolyline
 90
2
 70
0
 10
626369.2594628767
 20
4834418.729246407
 10
626367.569997666
 20
4834418.217279258
  0
LWPOLYLINE
  5
48E
330
17
100
AcDbEntity
  8
ROADS
100
AcDbPolyline
 90
2
 70
0
 10
626752.8579581692
 20
4834417.816650261
 10
626724.2130161745
 20
4834409.363388566
  0
LWPOLYLINE
  5
48F
330
17
100
AcDbEntity
  8
ROADS
100
AcDbPolyline
 90
2
 70
0
 10
626787.8012582613
 20
4834429.258936113
 10
626752.8579581692
 20
4834417.816650261
  0
LWPOLYLINE
  5
490
330
17
100
AcDbEntity
  8
ROADS
100
AcDbPolyline
 90
2
 70
0
 10
626787.8012582613
 20
4834429.258936113
 10
626772.1081156984
 20
4834481.109427265
  0
LWPOLYLINE
  5
491
330
17
100
AcDbEntity
  8
ROADS
100
AcDbPolyline
 90
2
 70
0
 10
626532.6145992826
 20
4834472.373067746
 10
626482.1524409166
 20
4834458.826157932
  0
LWPOLYLINE
  5
492
330
17
100
AcDbEntity
  8
ROADS
100
AcDbPolyline
 90
3
 70
0
 10
626724.2130161745
 20
4834409.363388566
 10
626680.9621607856
 20
4834440.746533232
 10
626635.5649402529
 20
4834522.709918542
  0
LWPOLYLINE
  5
493
330
17
100
AcDbEntity
  8
ROADS
100
AcDbPolyline
 90
2
 70
0
 10
626532.6145992826
 20
4834472.373067746
 10
626520.6663623089
 20
4834512.8445259705
  0
LWPOLYLINE
  5
494
330
17
100
AcDbEntity
  8
ROADS
100
AcDbPolyline
 90
2
 70
0
 10
626635.5649402529
 20
4834522.709918542
 10
626520.6663623089
 20
4834512.8445259705
  0
LWPOLYLINE
  5
495
330
17
100
AcDbEntity
  8
ROADS
100
AcDbPolyline
 90
2
 70
0
 10
626772.1081156984
 20
4834481.109427265
 10
626751.1890666329
 20
4834559.05003412
  0
LWPOLYLINE
  5
496
330
17
100
AcDbEntity
  8
ROADS
100
AcDbPolyline
 90
2
 70
0
 10
626651.3716899864
 20
4834527.976944174
 10
626635.5649402529
 20
4834522.709918542
  0
LWPOLYLINE
  5
497
330
17
100
AcDbEntity
  8
ROADS
100
AcDbPolyline
 90
2
 70
0
 10
626520.6663623089
 20
4834512.8445259705
 10
626509.4669413178
 20
4834549.732302031
  0
LWPOLYLINE
  5
498
330
17
100
AcDbEntity
  8
ROADS
100
AcDbPolyline
 90
2
 70
0
 10
627270.2948464903
 20
4834429.978950775
 10
627115.765071742
 20
4834409.022567469
  0
LWPOLYLINE
  5
499
330
17
100
AcDbEntity
  8
ROADS
100
AcDbPolyline
 90
2
 70
0
 10
627270.2948464903
 20
4834429.978950775
 10
627253.3303437902
 20
4834487.984918765
  0
LWPOLYLINE
  5
49A
330
17
100
AcDbEntity
  8
ROADS
100
AcDbPolyline
 90
2
 70
0
 10
627253.3303437902
 20
4834487.984918765
 10
627249.1646691025
 20
4834502.226507533
  0
LWPOLYLINE
  5
49B
330
17
100
AcDbEntity
  8
ROADS
100
AcDbPolyline
 90
2
 70
0
 10
627253.3303437902
 20
4834487.984918765
 10
627352.8614497515
 20
4834510.949369703
  0
LWPOLYLINE
  5
49C
330
17
100
AcDbEntity
  8
ROADS
100
AcDbPolyline
 90
2
 70
0
 10
627249.1646691025
 20
4834502.226507533
 10
627221.8874609864
 20
4834597.911398145
  0
LWPOLYLINE
  5
49D
330
17
100
AcDbEntity
  8
ROADS
100
AcDbPolyline
 90
2
 70
0
 10
627221.8874609864
 20
4834597.911398145
 10
626925.3962948524
 20
4834506.179634345
  0
LWPOLYLINE
  5
49E
330
17
100
AcDbEntity
  8
ROADS
100
AcDbPolyline
 90
2
 70
0
 10
627352.8614497515
 20
4834510.949369703
 10
627321.2811432744
 20
4834617.357176826
  0
LWPOLYLINE
  5
49F
330
17
100
AcDbEntity
  8
ROADS
100
AcDbPolyline
 90
3
 70
0
 10
627249.1646691025
 20
4834502.226507533
 10
627296.999519856
 20
4834517.724085427
 10
627254.5429067354
 20
4834668.260018516
  0
LWPOLYLINE
  5
4A0
330
17
100
AcDbEntity
  8
ROADS
100
AcDbPolyline
 90
2
 70
0
 10
627206.6753094445
 20
4834649.263612458
 10
627001.8522122169
 20
4834581.131169551
  0
LWPOLYLINE
  5
4A1
330
17
100
AcDbEntity
  8
ROADS
100
AcDbPolyline
 90
2
 70
0
 10
627221.8874609864
 20
4834597.911398145
 10
627206.6753094445
 20
4834649.263612458
  0
LWPOLYLINE
  5
4A2
330
17
100
AcDbEntity
  8
ROADS
100
AcDbPolyline
 90
2
 70
0
 10
626520.6663623089
 20
4834512.8445259705
 10
626470.4022604083
 20
4834499.959229875
  0
LWPOLYLINE
  5
4A3
330
17
100
AcDbEntity
  8
ROADS
100
AcDbPolyline
 90
4
 70
0
 10
626509.4669413178
 20
4834549.732302031
 10
626469.474419672
 20
4834536.79365784
 10
626465.32472452
 20
4834550.981498271
 10
626451.1360852256
 20
4834544.123627052
  0
LWPOLYLINE
  5
4A4
330
17
100
AcDbEntity
  8
ROADS
100
AcDbPolyline
 90
3
 70
0
 10
626863.218906349
 20
4834438.328646977
 10
626839.914154744
 20
4834496.825973811
 10
626772.1081156984
 20
4834481.109427265
  0
LWPOLYLINE
  5
4A5
330
17
100
AcDbEntity
  8
ROADS
100
AcDbPolyline
 90
2
 70
0
 10
626941.5622006387
 20
4834453.182595607
 10
626925.3962948524
 20
4834506.179634345
  0
LWPOLYLINE
  5
4A6
330
17
100
AcDbEntity
  8
ROADS
100
AcDbPolyline
 90
2
 70
0
 10
626925.3962948524
 20
4834506.179634345
 10
626906.658524177
 20
4834567.790706591
  0
LWPOLYLINE
  5
4A7
330
17
100
AcDbEntity
  8
ROADS
100
AcDbPolyline
 90
2
 70
0
 10
626906.658524177
 20
4834567.790706591
 10
626866.7199073073
 20
4834555.906084251
  0
LWPOLYLINE
  5
4A8
330
17
100
AcDbEntity
  8
ROADS
100
AcDbPolyline
 90
2
 70
0
 10
626906.658524177
 20
4834567.790706591
 10
626895.271728885
 20
4834603.591070381
  0
LWPOLYLINE
  5
4A9
330
17
100
AcDbEntity
  8
ROADS
100
AcDbPolyline
 90
2
 70
0
 10
626895.271728885
 20
4834603.591070381
 10
626826.4114144399
 20
4834582.298104659
  0
LWPOLYLINE
  5
4AA
330
17
100
AcDbEntity
  8
ROADS
100
AcDbPolyline
 90
2
 70
0
 10
626993.7167644991
 20
4834634.571392924
 10
626895.271728885
 20
4834603.591070381
  0
LWPOLYLINE
  5
4AB
330
17
100
AcDbEntity
  8
ROADS
100
AcDbPolyline
 90
2
 70
0
 10
627090.1431712182
 20
4834664.917206434
 10
626993.7167644991
 20
4834634.571392924
  0
LWPOLYLINE
  5
4AC
330
17
100
AcDbEntity
  8
ROADS
100
AcDbPolyline
 90
2
 70
0
 10
626895.271728885
 20
4834603.591070381
 10
626808.9203986982
 20
4834888.507541022
  0
LWPOLYLINE
  5
4AD
330
17
100
AcDbEntity
  8
ROADS
100
AcDbPolyline
 90
2
 70
0
 10
626993.7167644991
 20
4834634.571392924
 10
626906.4103695066
 20
4834918.655625207
  0
LWPOLYLINE
  5
4AE
330
17
100
AcDbEntity
  8
ROADS
100
AcDbPolyline
 90
2
 70
0
 10
627321.2811432744
 20
4834617.357176826
 10
627301.745343777
 20
4834682.78212854
  0
LWPOLYLINE
  5
4AF
330
17
100
AcDbEntity
  8
ROADS
100
AcDbPolyline
 90
2
 70
0
 10
627254.5429067354
 20
4834668.260018516
 10
627206.6753094445
 20
4834649.263612458
  0
LWPOLYLINE
  5
4B0
330
17
100
AcDbEntity
  8
ROADS
100
AcDbPolyline
 90
2
 70
0
 10
627206.6753094445
 20
4834649.263612458
 10
627192.8355647738
 20
4834696.44837156
  0
LWPOLYLINE
  5
4B1
330
17
100
AcDbEntity
  8
ROADS
100
AcDbPolyline
 90
2
 70
0
 10
627301.745343777
 20
4834682.78212854
 10
627254.5429067354
 20
4834668.260018516
  0
LWPOLYLINE
  5
4B2
330
17
100
AcDbEntity
  8
ROADS
100
AcDbPolyline
 90
2
 70
0
 10
627192.8355647738
 20
4834696.44837156
 10
627090.1431712182
 20
4834664.917206434
  0
LWPOLYLINE
  5
4B3
330
17
100
AcDbEntity
  8
ROADS
100
AcDbPolyline
 90
2
 70
0
 10
627090.1431712182
 20
4834664.917206434
 10
627075.2264534595
 20
4834715.305678545
  0
LWPOLYLINE
  5
4B4
330
17
100
AcDbEntity
  8
ROADS
100
AcDbPolyline
 90
2
 70
0
 10
627301.745343777
 20
4834682.78212854
 10
627288.2502732127
 20
4834727.994007364
  0
LWPOLYLINE
  5
4B5
330
17
100
AcDbEntity
  8
ROADS
100
AcDbPolyline
 90
2
 70
0
 10
627288.2502732127
 20
4834727.994007364
 10
627192.8355647738
 20
4834696.44837156
  0
LWPOLYLINE
  5
4B6
330
17
100
AcDbEntity
  8
ROADS
100
AcDbPolyline
 90
2
 70
0
 10
627192.8355647738
 20
4834696.44837156
 10
627178.4545529501
 20
4834743.147813054
  0
LWPOLYLINE
  5
4B7
330
17
100
AcDbEntity
  8
ROADS
100
AcDbPolyline
 90
2
 70
0
 10
627178.4545529501
 20
4834743.147813054
 10
627075.2264534595
 20
4834715.305678545
  0
LWPOLYLINE
  5
4B8
330
17
100
AcDbEntity
  8
ROADS
100
AcDbPolyline
 90
2
 70
0
 10
626751.1890666329
 20
4834559.05003412
 10
626651.3716899864
 20
4834527.976944174
  0
LWPOLYLINE
  5
4B9
330
17
100
AcDbEntity
  8
ROADS
100
AcDbPolyline
 90
2
 70
0
 10
626826.4114144399
 20
4834582.298104659
 10
626751.1890666329
 20
4834559.05003412
  0
LWPOLYLINE
  5
4BA
330
17
100
AcDbEntity
  8
ROADS
100
AcDbPolyline
 90
2
 70
0
 10
626651.3716899864
 20
4834527.976944174
 10
626608.0930881744
 20
4834666.45300255
  0
LWPOLYLINE
  5
4BB
330
17
100
AcDbEntity
  8
ROADS
100
AcDbPolyline
 90
2
 70
0
 10
626608.0930881744
 20
4834666.45300255
 10
626486.7833677761
 20
4834629.577062965
  0
LWPOLYLINE
  5
4BC
330
17
100
AcDbEntity
  8
ROADS
100
AcDbPolyline
 90
2
 70
0
 10
626499.2710613678
 20
4834686.103643261
 10
626546.6047523997
 20
4834697.414424517
  0
LWPOLYLINE
  5
4BD
330
17
100
AcDbEntity
  8
ROADS
100
AcDbPolyline
 90
2
 70
0
 10
626751.1890666329
 20
4834559.05003412
 10
626669.5085816158
 20
4834844.713868224
  0
LWPOLYLINE
  5
4BE
330
17
100
AcDbEntity
  8
ROADS
100
AcDbPolyline
 90
2
 70
0
 10
626826.4114144399
 20
4834582.298104659
 10
626739.0003800169
 20
4834866.809341938
  0
LWPOLYLINE
  5
4BF
330
17
100
AcDbEntity
  8
ROADS
100
AcDbPolyline
 90
2
 70
0
 10
626608.0930881744
 20
4834666.45300255
 10
626573.663713409
 20
4834780.9690200295
  0
LWPOLYLINE
  5
4C0
330
17
100
AcDbEntity
  8
ROADS
100
AcDbPolyline
 90
2
 70
0
 10
627075.2264534595
 20
4834715.305678545
 10
627007.9343441003
 20
4834949.869711816
  0
LWPOLYLINE
  5
4C1
330
17
100
AcDbEntity
  8
ROADS
100
AcDbPolyline
 90
2
 70
0
 10
626906.4103695066
 20
4834918.655625207
 10
626808.9203986982
 20
4834888.507541022
  0
LWPOLYLINE
  5
4C2
330
17
100
AcDbEntity
  8
ROADS
100
AcDbPolyline
 90
2
 70
0
 10
627007.9343441003
 20
4834949.869711816
 10
626906.4103695066
 20
4834918.655625207
  0
LWPOLYLINE
  5
4C3
330
17
100
AcDbEntity
  8
ROADS
100
AcDbPolyline
 90
2
 70
0
 10
627107.4401783075
 20
4834980.754315741
 10
627007.9343441003
 20
4834949.869711816
  0
LWPOLYLINE
  5
4C4
330
17
100
AcDbEntity
  8
ROADS
100
AcDbPolyline
 90
2
 70
0
 10
626906.4103695066
 20
4834918.655625207
 10
626877.5905510591
 20
4835012.456187612
  0
LWPOLYLINE
  5
4C5
330
17
100
AcDbEntity
  8
ROADS
100
AcDbPolyline
 90
2
 70
0
 10
626831.9153199348
 20
4834987.631148469
 10
626847.3715407252
 20
4834938.860653581
  0
LWPOLYLINE
  5
4C6
330
17
100
AcDbEntity
  8
ROADS
100
AcDbPolyline
 90
3
 70
0
 10
627089.8932392166
 20
4835030.590197826
 10
627041.9941677062
 20
4835015.439415979
 10
627024.8797286255
 20
4835070.455088887
  0
LWPOLYLINE
  5
4C7
330
17
100
AcDbEntity
  8
ROADS
100
AcDbPolyline
 90
2
 70
0
 10
627007.9343441003
 20
4834949.869711816
 10
626976.0050261253
 20
4835054.990742644
  0
LWPOLYLINE
  5
4C8
330
17
100
AcDbEntity
  8
ROADS
100
AcDbPolyline
 90
2
 70
0
 10
627498.3183219207
 20
4834739.117824186
 10
627487.0659116821
 20
4834787.619471771
  0
LWPOLYLINE
  5
4C9
330
17
100
AcDbEntity
  8
ROADS
100
AcDbPolyline
 90
2
 70
0
 10
627487.0659116821
 20
4834787.619471771
 10
627385.69646335
 20
4834758.13829376
  0
LWPOLYLINE
  5
4CA
330
17
100
AcDbEntity
  8
ROADS
100
AcDbPolyline
 90
2
 70
0
 10
627591.6240701064
 20
4834751.572174706
 10
627577.7788131912
 20
4834797.7878234545
  0
LWPOLYLINE
  5
4CB
330
17
100
AcDbEntity
  8
ROADS
100
AcDbPolyline
 90
2
 70
0
 10
627385.69646335
 20
4834758.13829376
 10
627372.0688890022
 20
4834802.3257220425
  0
LWPOLYLINE
  5
4CC
330
17
100
AcDbEntity
  8
ROADS
100
AcDbPolyline
 90
2
 70
0
 10
627542.5092767436
 20
4834796.588220821
 10
627487.0659116821
 20
4834787.619471771
  0
LWPOLYLINE
  5
4CD
330
17
100
AcDbEntity
  8
ROADS
100
AcDbPolyline
 90
2
 70
0
 10
627577.7788131912
 20
4834797.7878234545
 10
627542.5092767436
 20
4834796.588220821
  0
LWPOLYLINE
  5
4CE
330
17
100
AcDbEntity
  8
ROADS
100
AcDbPolyline
 90
2
 70
0
 10
627487.0659116821
 20
4834787.619471771
 10
627473.4504842444
 20
4834831.494112269
  0
LWPOLYLINE
  5
4CF
330
17
100
AcDbEntity
  8
ROADS
100
AcDbPolyline
 90
2
 70
0
 10
627473.4504842444
 20
4834831.494112269
 10
627372.0688890022
 20
4834802.3257220425
  0
LWPOLYLINE
  5
4D0
330
17
100
AcDbEntity
  8
ROADS
100
AcDbPolyline
 90
2
 70
0
 10
627542.5092767436
 20
4834796.588220821
 10
627529.0851367258
 20
4834843.379509317
  0
LWPOLYLINE
  5
4D1
330
17
100
AcDbEntity
  8
ROADS
100
AcDbPolyline
 90
2
 70
0
 10
627529.0851367258
 20
4834843.379509317
 10
627473.4504842444
 20
4834831.494112269
  0
LWPOLYLINE
  5
4D2
330
17
100
AcDbEntity
  8
ROADS
100
AcDbPolyline
 90
2
 70
0
 10
627385.69646335
 20
4834758.13829376
 10
627288.2502732127
 20
4834727.994007364
  0
LWPOLYLINE
  5
4D3
330
17
100
AcDbEntity
  8
ROADS
100
AcDbPolyline
 90
2
 70
0
 10
627288.2502732127
 20
4834727.994007364
 10
627277.1677383095
 20
4834764.99648128
  0
LWPOLYLINE
  5
4D4
330
17
100
AcDbEntity
  8
ROADS
100
AcDbPolyline
 90
2
 70
0
 10
627227.3758574994
 20
4834754.584309215
 10
627178.4545529501
 20
4834743.147813054
  0
LWPOLYLINE
  5
4D5
330
17
100
AcDbEntity
  8
ROADS
100
AcDbPolyline
 90
2
 70
0
 10
627277.1677383095
 20
4834764.99648128
 10
627227.3758574994
 20
4834754.584309215
  0
LWPOLYLINE
  5
4D6
330
17
100
AcDbEntity
  8
ROADS
100
AcDbPolyline
 90
2
 70
0
 10
627178.4545529501
 20
4834743.147813054
 10
627158.5525075353
 20
4834809.524668494
  0
LWPOLYLINE
  5
4D7
330
17
100
AcDbEntity
  8
ROADS
100
AcDbPolyline
 90
2
 70
0
 10
627158.5525075353
 20
4834809.524668494
 10
627112.6947557619
 20
4834804.375430339
  0
LWPOLYLINE
  5
4D8
330
17
100
AcDbEntity
  8
ROADS
100
AcDbPolyline
 90
4
 70
0
 10
627347.6161282463
 20
4834881.615158265
 10
627302.1010234286
 20
4834866.637990339
 10
627329.238318533
 20
4834775.48885066
 10
627277.1677383095
 20
4834764.99648128
  0
LWPOLYLINE
  5
4D9
330
17
100
AcDbEntity
  8
ROADS
100
AcDbPolyline
 90
2
 70
0
 10
627277.1677383095
 20
4834764.99648128
 10
627230.9066335754
 20
4834919.468349186
  0
LWPOLYLINE
  5
4DA
330
17
100
AcDbEntity
  8
ROADS
100
AcDbPolyline
 90
2
 70
0
 10
627227.3758574994
 20
4834754.584309215
 10
627153.3031137371
 20
4835010.566194604
  0
LWPOLYLINE
  5
4DB
330
17
100
AcDbEntity
  8
ROADS
100
AcDbPolyline
 90
2
 70
0
 10
627158.5525075353
 20
4834809.524668494
 10
627107.4401783075
 20
4834980.754315741
  0
LWPOLYLINE
  5
4DC
330
17
100
AcDbEntity
  8
ROADS
100
AcDbPolyline
 90
2
 70
0
 10
627372.0688890022
 20
4834802.3257220425
 10
627347.6161282463
 20
4834881.615158265
  0
LWPOLYLINE
  5
4DD
330
17
100
AcDbEntity
  8
ROADS
100
AcDbPolyline
 90
2
 70
0
 10
627573.1257564833
 20
4834854.452284878
 10
627529.0851367258
 20
4834843.379509317
  0
LWPOLYLINE
  5
4DE
330
17
100
AcDbEntity
  8
ROADS
100
AcDbPolyline
 90
3
 70
0
 10
627624.5715830787
 20
4834857.656423304
 10
627575.5958711096
 20
4834844.358298809
 10
627573.1257564833
 20
4834854.452284878
  0
LWPOLYLINE
  5
4DF
330
17
100
AcDbEntity
  8
ROADS
100
AcDbPolyline
 90
3
 70
0
 10
627473.4504842444
 20
4834831.494112269
 10
627424.8682971066
 20
4834896.03497957
 10
627426.3783915178
 20
4834976.195291187
  0
LWPOLYLINE
  5
4E0
330
17
100
AcDbEntity
  8
ROADS
100
AcDbPolyline
 90
2
 70
0
 10
627347.6161282463
 20
4834881.615158265
 10
627328.7629866011
 20
4834947.666979621
  0
LWPOLYLINE
  5
4E1
330
17
100
AcDbEntity
  8
ROADS
100
AcDbPolyline
 90
3
 70
0
 10
627529.0851367258
 20
4834843.379509317
 10
627473.4595828557
 20
4835028.957657873
 10
627454.9698291952
 20
4835039.446083985
  0
LWPOLYLINE
  5
4E2
330
17
100
AcDbEntity
  8
ROADS
100
AcDbPolyline
 90
2
 70
0
 10
627426.3783915178
 20
4834976.195291187
 10
627328.7629866011
 20
4834947.666979621
  0
LWPOLYLINE
  5
4E3
330
17
100
AcDbEntity
  8
ROADS
100
AcDbPolyline
 90
2
 70
0
 10
627573.1257564833
 20
4834854.452284878
 10
627496.8685484665
 20
4835108.756820825
  0
LWPOLYLINE
  5
4E4
330
17
100
AcDbEntity
  8
ROADS
100
AcDbPolyline
 90
2
 70
0
 10
627426.3783915178
 20
4834976.195291187
 10
627433.3491087933
 20
4834991.448251233
  0
LWPOLYLINE
  5
4E5
330
17
100
AcDbEntity
  8
ROADS
100
AcDbPolyline
 90
2
 70
0
 10
627624.5715830787
 20
4834857.656423304
 10
627545.4643967453
 20
4835114.276772543
  0
LWPOLYLINE
  5
4E6
330
17
100
AcDbEntity
  8
ROADS
100
AcDbPolyline
 90
2
 70
0
 10
627670.7797322276
 20
4834786.278166335
 10
627638.6110064466
 20
4834791.738035216
  0
LWPOLYLINE
  5
4E7
330
17
100
AcDbEntity
  8
ROADS
100
AcDbPolyline
 90
2
 70
0
 10
627638.6110064466
 20
4834791.738035216
 10
627577.7788131912
 20
4834797.7878234545
  0
LWPOLYLINE
  5
4E8
330
17
100
AcDbEntity
  8
ROADS
100
AcDbPolyline
 90
2
 70
0
 10
627638.6110064466
 20
4834791.738035216
 10
627630.9985073301
 20
4834837.103298366
  0
LWPOLYLINE
  5
4E9
330
17
100
AcDbEntity
  8
ROADS
100
AcDbPolyline
 90
2
 70
0
 10
627744.6909385913
 20
4834807.382511977
 10
627738.1883956008
 20
4834829.131353478
  0
LWPOLYLINE
  5
4EA
330
17
100
AcDbEntity
  8
ROADS
100
AcDbPolyline
 90
3
 70
0
 10
627738.1883956008
 20
4834829.131353478
 10
627689.4346578104
 20
4834821.698612832
 10
627679.1887863445
 20
4834851.142273264
  0
LWPOLYLINE
  5
4EB
330
17
100
AcDbEntity
  8
ROADS
100
AcDbPolyline
 90
2
 70
0
 10
627679.1887863445
 20
4834851.142273264
 10
627630.9985073301
 20
4834837.103298366
  0
LWPOLYLINE
  5
4EC
330
17
100
AcDbEntity
  8
ROADS
100
AcDbPolyline
 90
2
 70
0
 10
627630.9985073301
 20
4834837.103298366
 10
627624.5715830787
 20
4834857.656423304
  0
LWPOLYLINE
  5
4ED
330
17
100
AcDbEntity
  8
ROADS
100
AcDbPolyline
 90
2
 70
0
 10
627902.3556556065
 20
4834801.426058598
 10
627832.6414601479
 20
4835030.590433002
  0
LWPOLYLINE
  5
4EE
330
17
100
AcDbEntity
  8
ROADS
100
AcDbPolyline
 90
3
 70
0
 10
627744.6909385913
 20
4834807.382511977
 10
627793.7200639078
 20
4834822.429714157
 10
627722.890337866
 20
4835074.063500254
  0
LWPOLYLINE
  5
4EF
330
17
100
AcDbEntity
  8
ROADS
100
AcDbPolyline
 90
2
 70
0
 10
627679.1887863445
 20
4834851.142273264
 10
627601.4798575065
 20
4835105.8242559545
  0
LWPOLYLINE
  5
4F0
330
17
100
AcDbEntity
  8
ROADS
100
AcDbPolyline
 90
2
 70
0
 10
627328.7629866011
 20
4834947.666979621
 10
627230.9066335754
 20
4834919.468349186
  0
LWPOLYLINE
  5
4F1
330
17
100
AcDbEntity
  8
ROADS
100
AcDbPolyline
 90
2
 70
0
 10
627230.9066335754
 20
4834919.468349186
 10
627200.6255094337
 20
4835023.706431742
  0
LWPOLYLINE
  5
4F2
330
17
100
AcDbEntity
  8
ROADS
100
AcDbPolyline
 90
2
 70
0
 10
627107.4401783075
 20
4834980.754315741
 10
627102.7781355982
 20
4834997.005043718
  0
LWPOLYLINE
  5
4F3
330
17
100
AcDbEntity
  8
ROADS
100
AcDbPolyline
 90
2
 70
0
 10
627153.3031137371
 20
4835010.566194604
 10
627102.7781355982
 20
4834997.005043718
  0
LWPOLYLINE
  5
4F4
330
17
100
AcDbEntity
  8
ROADS
100
AcDbPolyline
 90
2
 70
0
 10
627102.7781355982
 20
4834997.005043718
 10
627089.8932392166
 20
4835030.590197826
  0
LWPOLYLINE
  5
4F5
330
17
100
AcDbEntity
  8
ROADS
100
AcDbPolyline
 90
2
 70
0
 10
627200.6255094337
 20
4835023.706431742
 10
627153.3031137371
 20
4835010.566194604
  0
LWPOLYLINE
  5
4F6
330
17
100
AcDbEntity
  8
ROADS
100
AcDbPolyline
 90
2
 70
0
 10
627328.7629866011
 20
4834947.666979621
 10
627276.5621756231
 20
4835120.099803487
  0
LWPOLYLINE
  5
4F7
330
17
100
AcDbEntity
  8
ROADS
100
AcDbPolyline
 90
2
 70
0
 10
627089.8932392166
 20
4835030.590197826
 10
627073.410553408
 20
4835085.25904397
  0
LWPOLYLINE
  5
4F8
330
17
100
AcDbEntity
  8
ROADS
100
AcDbPolyline
 90
2
 70
0
 10
627200.6255094337
 20
4835023.706431742
 10
627175.3362327461
 20
4835107.41104083
  0
LWPOLYLINE
  5
4F9
330
17
100
AcDbEntity
  8
ROADS
100
AcDbPolyline
 90
2
 70
0
 10
627328.8911437604
 20
4835122.584850484
 10
627367.978116049
 20
4834995.702841598
  0
LWPOLYLINE
  5
4FA
330
17
100
AcDbEntity
  8
ROADS
100
AcDbPolyline
 90
2
 70
0
 10
627738.1883956008
 20
4834829.131353478
 10
627664.6420165616
 20
4835090.798063001
  0
LWPOLYLINE
  5
4FB
330
17
100
AcDbEntity
  8
ROADS
100
AcDbPolyline
 90
2
 70
0
 10
627433.3491087933
 20
4834991.448251233
 10
627454.9698291952
 20
4835039.446083985
  0
LWPOLYLINE
  5
4FC
330
17
100
AcDbEntity
  8
ROADS
100
AcDbPolyline
 90
2
 70
0
 10
627454.9698291952
 20
4835039.446083985
 10
627485.2418623853
 20
4835104.771397613
  0
LWPOLYLINE
  5
4FD
330
17
100
AcDbEntity
  8
ROADS
100
AcDbPolyline
 90
2
 70
0
 10
627496.8685484665
 20
4835108.756820825
 10
627485.2418623853
 20
4835104.771397613
  0
LWPOLYLINE
  5
4FE
330
17
100
AcDbEntity
  8
ROADS
100
AcDbPolyline
 90
2
 70
0
 10
627529.7501199899
 20
4835116.647996186
 10
627496.8685484665
 20
4835108.756820825
  0
LWPOLYLINE
  5
4FF
330
17
100
AcDbEntity
  8
ROADS
100
AcDbPolyline
 90
3
 70
0
 10
627433.3491087933
 20
4834991.448251233
 10
627418.5084392368
 20
4835002.608682705
 10
627381.218144518
 20
4835122.471350394
  0
LWPOLYLINE
  5
500
330
17
100
AcDbEntity
  8
ROADS
100
AcDbPolyline
 90
2
 70
0
 10
627430.7375709111
 20
4835123.437079904
 10
627439.6020123226
 20
4835094.370725016
  0
LWPOLYLINE
  5
501
330
17
100
AcDbEntity
  8
ROADS
100
AcDbPolyline
 90
2
 70
0
 10
627485.2418623853
 20
4835104.771397613
 10
627480.1525009016
 20
4835120.771130297
  0
LWPOLYLINE
  5
502
330
17
100
AcDbEntity
  8
ROADS
100
AcDbPolyline
 90
2
 70
0
 10
626669.5085816158
 20
4834844.713868224
 10
626621.3690752189
 20
4834830.138112756
  0
LWPOLYLINE
  5
503
330
17
100
AcDbEntity
  8
ROADS
100
AcDbPolyline
 90
2
 70
0
 10
626739.0003800169
 20
4834866.809341938
 10
626669.5085816158
 20
4834844.713868224
  0
LWPOLYLINE
  5
504
330
17
100
AcDbEntity
  8
ROADS
100
AcDbPolyline
 90
2
 70
0
 10
626808.9203986982
 20
4834888.507541022
 10
626739.0003800169
 20
4834866.809341938
  0
LWPOLYLINE
  5
505
330
17
100
AcDbEntity
  8
ROADS
100
AcDbPolyline
 90
2
 70
0
 10
626739.0003800169
 20
4834866.809341938
 10
626723.1164184156
 20
4834917.930394194
  0
LWPOLYLINE
  5
506
330
17
100
AcDbEntity
  8
ROADS
100
AcDbPolyline
 90
2
 70
0
 10
626669.5085816158
 20
4834844.713868224
 10
626662.3510935172
 20
4834867.9275170155
  0
LWPOLYLINE
  5
507
330
17
100
AcDbEntity
  8
ROADS
100
AcDbPolyline
 90
2
 70
0
 10
626808.9203986982
 20
4834888.507541022
 10
626786.5672765604
 20
4834961.221682098
  0
LWPOLYLINE
  5
508
330
17
100
AcDbEntity
  8
ROADS
100
AcDbPolyline
 90
2
 70
0
 10
627125.7634412497
 20
4835097.579663314
 10
627136.7867777062
 20
4835060.869740767
  0
LWPOLYLINE
  5
509
330
17
100
AcDbEntity
  8
ROADS
100
AcDbPolyline
 90
2
 70
0
 10
628133.6401598034
 20
4834816.072610698
 10
628117.4791413906
 20
4834810.4626817815
  0
LWPOLYLINE
  5
50A
330
17
100
AcDbEntity
  8
ROADS
100
AcDbPolyline
 90
2
 70
0
 10
628117.4791413906
 20
4834810.4626817815
 10
628106.9800528816
 20
4834843.866388807
  0
LWPOLYLINE
  5
50B
330
17
100
AcDbEntity
  8
ROADS
100
AcDbPolyline
 90
2
 70
0
 10
628090.8589847249
 20
4834858.148196517
 10
628002.9342015608
 20
4834831.516035252
  0
LWPOLYLINE
  5
50C
330
17
100
AcDbEntity
  8
ROADS
100
AcDbPolyline
 90
2
 70
0
 10
628002.9342015608
 20
4834831.516035252
 10
627966.9426163672
 20
4834945.49376723
  0
LWPOLYLINE
  5
50D
330
17
100
AcDbEntity
  8
ROADS
100
AcDbPolyline
 90
2
 70
0
 10
627918.1576028161
 20
4834929.886916456
 10
627935.3734625652
 20
4834873.140478399
  0
LWPOLYLINE
  5
50E
330
17
100
AcDbEntity
  8
ROADS
100
AcDbPolyline
 90
2
 70
0
 10
627966.9426163672
 20
4834945.49376723
 10
627918.1576028161
 20
4834929.886916456
  0
LWPOLYLINE
  5
50F
330
17
100
AcDbEntity
  8
ROADS
100
AcDbPolyline
 90
2
 70
0
 10
627896.9831974361
 20
4834998.378263488
 10
627918.1576028161
 20
4834929.886916456
  0
LWPOLYLINE
  5
510
330
17
100
AcDbEntity
  8
ROADS
100
AcDbPolyline
 90
2
 70
0
 10
627966.9426163672
 20
4834945.49376723
 10
627962.1702733429
 20
4834959.89977194
  0
LWPOLYLINE
  5
511
330
17
100
AcDbEntity
  8
ROADS
100
AcDbPolyline
 90
3
 70
0
 10
628041.0662898615
 20
4834902.260018789
 10
628036.1003873025
 20
4834901.108024909
 10
628033.8072433724
 20
4834907.766082581
  0
ENDSEC
  0
SECTION
  2
OBJECTS
  0
DICTIONARY
  5
A
330
0
100
AcDbDictionary
281
1
  3
ACAD_COLOR
350
B
  3
ACAD_GROUP
350
C
  3
ACAD_LAYOUT
350
D
  3
ACAD_MATERIAL
350
E
  3
ACAD_MLEADERSTYLE
350
F
  3
ACAD_MLINESTYLE
350
10
  3
ACAD_PLOTSETTINGS
350
11
  3
ACAD_PLOTSTYLENAME
350
12
  3
ACAD_SCALELIST
350
14
  3
ACAD_TABLESTYLE
350
15
  3
ACAD_VISUALSTYLE
350
16
  3
EZDXF_META
350
2D
  0
DICTIONARY
  5
B
330
A
100
AcDbDictionary
281
1
  0
DICTIONARY
  5
C
330
A
100
AcDbDictionary
281
1
  0
DICTIONARY
  5
D
330
A
100
AcDbDictionary
281
1
  3
Model
350
1A
  3
Layout1
350
1E
  0
DICTIONARY
  5
E
330
A
100
AcDbDictionary
281
1
  3
ByBlock
350
1F
  3
ByLayer
350
20
  3
Global
350
21
  0
DICTIONARY
  5
F
330
A
100
AcDbDictionary
281
1
  3
Standard
350
2C
  0
DICTIONARY
  5
10
330
A
100
AcDbDictionary
281
1
  3
Standard
350
22
  0
DICTIONARY
  5
11
330
A
100
AcDbDictionary
281
1
  0
ACDBDICTIONARYWDFLT
  5
12
330
A
100
AcDbDictionary
281
1
  3
Normal
350
13
100
AcDbDictionaryWithDefault
340
13
  0
ACDBPLACEHOLDER
  5
13
330
12
  0
DICTIONARY
  5
14
330
A
100
AcDbDictionary
281
1
  0
DICTIONARY
  5
15
330
A
100
AcDbDictionary
281
1
  0
DICTIONARY
  5
16
330
A
100
AcDbDictionary
281
1
  0
LAYOUT
  5
1A
330
D
100
AcDbPlotSettings
  1

  4
A3
  6

 40
7.5
 41
20.0
 42
7.5
 43
20.0
 44
420.0
 45
297.0
 46
0.0
 47
0.0
 48
0.0
 49
0.0
140
0.0
141
0.0
142
1.0
143
1.0
 70
1024
 72
1
 73
0
 74
5
  7

 75
16
 76
0
 77
2
 78
300
147
1.0
148
0.0
149
0.0
100
AcDbLayout
  1
Model
 70
1
 71
0
 10
0.0
 20
0.0
 11
420.0
 21
297.0
 12
0.0
 22
0.0
 32
0.0
 14
1e+20
 24
1e+20
 34
1e+20
 15
-1e+20
 25
-1e+20
 35
-1e+20
146
0.0
 13
0.0
 23
0.0
 33
0.0
 16
1.0
 26
0.0
 36
0.0
 17
0.0
 27
1.0
 37
0.0
 76
1
330
17
  0
LAYOUT
  5
1E
330
D
100
AcDbPlotSettings
  1

  4
A3
  6

 40
7.5
 41
20.0
 42
7.5
 43
20.0
 44
420.0
 45
297.0
 46
0.0
 47
0.0
 48
0.0
 49
0.0
140
0.0
141
0.0
142
1.0
143
1.0
 70
0
 72
1
 73
0
 74
5
  7

 75
16
 76
0
 77
2
 78
300
147
1.0
148
0.0
149
0.0
100
AcDbLayout
  1
Layout1
 70
1
 71
1
 10
0.0
 20
0.0
 11
420.0
 21
297.0
 12
0.0
 22
0.0
 32
0.0
 14
1e+20
 24
1e+20
 34
1e+20
 15
-1e+20
 25
-1e+20
 35
-1e+20
146
0.0
 13
0.0
 23
0.0
 33
0.0
 16
1.0
 26
0.0
 36
0.0
 17
0.0
 27
1.0
 37
0.0
 76
1
330
1B
  0
MATERIAL
  5
1F
102
{ACAD_REACTORS
330
E
102
}
330
E
100
AcDbMaterial
  1
ByBlock
  2

 70
0
 40
1.0
 71
1
 41
1.0
 91
-1023410177
 42
1.0
 72
1
  3

 73
1
 74
1
 75
1
 44
0.5
 73
0
 45
1.0
 46
1.0
 77
1
  4

 78
1
 79
1
170
1
 48
1.0
171
1
  6

172
1
173
1
174
1
140
1.0
141
1.0
175
1
  7

176
1
177
1
178
1
143
1.0
179
1
  8

270
1
271
1
272
1
145
1.0
146
1.0
273
1
  9

274
1
275
1
276
1
 42
1.0
 72
1
  3

 73
1
 74
1
 75
1
 94
63
  0
MATERIAL
  5
20
102
{ACAD_REACTORS
330
E
102
}
330
E
100
AcDbMaterial
  1
ByLayer
  2

 70
0
 40
1.0
 71
1
 41
1.0
 91
-1023410177
 42
1.0
 72
1
  3

 73
1
 74
1
 75
1
 44
0.5
 73
0
 45
1.0
 46
1.0
 77
1
  4

 78
1
 79
1
170
1
 48
1.0
171
1
  6

172
1
173
1
174
1
140
1.0
141
1.0
175
1
  7

176
1
177
1
178
1
143
1.0
179
1
  8

270
1
271
1
272
1
145
1.0
146
1.0
273
1
  9

274
1
275
1
276
1
 42
1.0
 72
1
  3

 73
1
 74
1
 75
1
 94
63
  0
MATERIAL
  5
21
102
{ACAD_REACTORS
330
E
102
}
330
E
100
AcDbMaterial
  1
Global
  2

 70
0
 40
1.0
 71
1
 41
1.0
 91
-1023410177
 42
1.0
 72
1
  3

 73
1
 74
1
 75
1
 44
0.5
 73
0
 45
1.0
 46
1.0
 77
1
  4

 78
1
 79
1
170
1
 48
1.0
171
1
  6

172
1
173
1
174
1
140
1.0
141
1.0
175
1
  7

176
1
177
1
178
1
143
1.0
179
1
  8

270
1
271
1
272
1
145
1.0
146
1.0
273
1
  9

274
1
275
1
276
1
 42
1.0
 72
1
  3

 73
1
 74
1
 75
1
 94
63
  0
MLINESTYLE
  5
22
102
{ACAD_REACTORS
330
10
102
}
330
10
100
AcDbMlineStyle
  2
Standard
 70
0
  3

 62
256
 51
90.0
 52
90.0
 71
2
 49
0.5
 62
256
  6
BYLAYER
 49
-0.5
 62
256
  6
BYLAYER
  0
MLEADERSTYLE
  5
2C
102
{ACAD_REACTORS
330
F
102
}
330
F
100
AcDbMLeaderStyle
179
2
170
2
171
1
172
0
 90
2
 40
0.0
 41
0.0
173
1
 91
-1056964608
 92
-2
290
1
 42
2.0
291
1
 43
8.0
  3
Standard
 44
4.0
300

342
29
174
1
175
1
176
0
178
1
 93
-1056964608
 45
4.0
292
0
297
0
 46
4.0
 94
-1056964608
 47
1.0
 49
1.0
140
1.0
294
1
141
0.0
177
0
142
1.0
295
0
296
0
143
3.75
271
0
272
9
273
9
  0
DICTIONARY
  5
2D
330
A
100
AcDbDictionary
280
1
281
1
  3
CREATED_BY_EZDXF
350
2E
  3
WRITTEN_BY_EZDXF
350
514
  0
DICTIONARYVAR
  5
2E
330
2D
100
DictionaryVariables
280
0
  1
1.4.4 @ 2026-07-30T15:41:07.611674+00:00
  0
DICTIONARYVAR
  5
514
330
2D
100
DictionaryVariables
280
0
  1
1.4.4 @ 2026-07-30T15:41:07.751061+00:00
  0
ENDSEC
  0
EOF
