  0
SECTION
  2
HEADER
  9
$ACADVER
  1
AC1015
  9
$ACADMAINTVER
 70
6
  9
$DWGCODEPAGE
  3
ANSI_1252
  9
$INSBASE
 10
0.0
 20
0.0
 30
0.0
  9
$EXTMIN
 10
1e+20
 20
1e+20
 30
1e+20
  9
$EXTMAX
 10
-1e+20
 20
-1e+20
 30
-1e+20
  9
$LIMMIN
 10
0.0
 20
0.0
  9
$LIMMAX
 10
420.0
 20
297.0
  9
$ORTHOMODE
 70
0
  9
$REGENMODE
 70
1
  9
$FILLMODE
 70
1
  9
$QTEXTMODE
 70
0
  9
$MIRRTEXT
 70
1
  9
$LTSCALE
 40
1.0
  9
$ATTMODE
 70
1
  9
$TEXTSIZE
 40
2.5
  9
$TRACEWID
 40
1.0
  9
$TEXTSTYLE
  7
Standard
  9
$CLAYER
  8
0
  9
$CELTYPE
  6
ByLayer
  9
$CECOLOR
 62
256
  9
$CELTSCALE
 40
1.0
  9
$DISPSILH
 70
0
  9
$DIMSCALE
 40
1.0
  9
$DIMASZ
 40
2.5
  9
$DIMEXO
 40
0.625
  9
$DIMDLI
 40
3.75
  9
$DIMRND
 40
0.0
  9
$DIMDLE
 40
0.0
  9
$DIMEXE
 40
1.25
  9
$DIMTP
 40
0.0
  9
$DIMTM
 40
0.0
  9
$DIMTXT
 40
2.5
  9
$DIMCEN
 40
2.5
  9
$DIMTSZ
 40
0.0
  9
$DIMTOL
 70
0
  9
$DIMLIM
 70
0
  9
$DIMTIH
 70
0
  9
$DIMTOH
 70
0
  9
$DIMSE1
 70
0
  9
$DIMSE2
 70
0
  9
$DIMTAD
 70
1
  9
$DIMZIN
 70
8
  9
$DIMBLK
  1

  9
$DIMASO
 70
1
  9
$DIMSHO
 70
1
  9
$DIMPOST
  1

  9
$DIMAPOST
  1

  9
$DIMALT
 70
0
  9
$DIMALTD
 70
3
  9
$DIMALTF
 40
0.03937007874
  9
$DIMLFAC
 40
1.0
  9
$DIMTOFL
 70
1
  9
$DIMTVP
 40
0.0
  9
$DIMTIX
 70
0
  9
$DIMSOXD
 70
0
  9
$DIMSAH
 70
0
  9
$DIMBLK1
  1

  9
$DIMBLK2
  1

  9
$DIMSTYLE
  2
ISO-25
  9
$DIMCLRD
 70
0
  9
$DIMCLRE
 70
0
  9
$DIMCLRT
 70
0
  9
$DIMTFAC
 40
1.0
  9
$DIMGAP
 40
0.625
  9
$DIMJUST
 70
0
  9
$DIMSD1
 70
0
  9
$DIMSD2
 70
0
  9
$DIMTOLJ
 70
0
  9
$DIMTZIN
 70
8
  9
$DIMALTZ
 70
0
  9
$DIMALTTZ
 70
0
  9
$DIMUPT
 70
0
  9
$DIMDEC
 70
2
  9
$DIMTDEC
 70
2
  9
$DIMALTU
 70
2
  9
$DIMALTTD
 70
3
  9
$DIMTXSTY
  7
Standard
  9
$DIMAUNIT
 70
0
  9
$DIMADEC
 70
0
  9
$DIMALTRND
 40
0.0
  9
$DIMAZIN
 70
0
  9
$DIMDSEP
 70
44
  9
$DIMATFIT
 70
3
  9
$DIMFRAC
 70
0
  9
$DIMLDRBLK
  1

  9
$DIMLUNIT
 70
2
  9
$DIMLWD
 70
-2
  9
$DIMLWE
 70
-2
  9
$DIMTMOVE
 70
0
  9
$LUNITS
 70
2
  9
$LUPREC
 70
4
  9
$SKETCHINC
 40
1.0
  9
$FILLETRAD
 40
10.0
  9
$AUNITS
 70
0
  9
$AUPREC
 70
2
  9
$MENU
  1
.
  9
$ELEVATION
 40
0.0
  9
$PELEVATION
 40
0.0
  9
$THICKNESS
 40
0.0
  9
$LIMCHECK
 70
0
  9
$CHAMFERA
 40
0.0
  9
$CHAMFERB
 40
0.0
  9
$CHAMFERC
 40
0.0
  9
$CHAMFERD
 40
0.0
  9
$SKPOLY
 70
0
  9
$TDCREATE
 40
2461252.4869444445
  9
$TDUCREATE
 40
2458532.153996898
  9
$TDUPDATE
 40
2461252.4869444445
  9
$TDUUPDATE
 40
2458532.1544311
  9
$TDINDWG
 40
0.0
  9
$TDUSRTIMER
 40
0.0
  9
$USRTIMER
 70
1
  9
$ANGBASE
 50
0.0
  9
$ANGDIR
 70
0
  9
$PDMODE
 70
0
  9
$PDSIZE
 40
0.0
  9
$PLINEWID
 40
0.0
  9
$SPLFRAME
 70
0
  9
$SPLINETYPE
 70
6
  9
$SPLINESEGS
 70
8
  9
$HANDSEED
  5
2D3
  9
$SURFTAB1
 70
6
  9
$SURFTAB2
 70
6
  9
$SURFTYPE
 70
6
  9
$SURFU
 70
6
  9
$SURFV
 70
6
  9
$UCSBASE
  2

  9
$UCSNAME
  2

  9
$UCSORG
 10
0.0
 20
0.0
 30
0.0
  9
$UCSXDIR
 10
1.0
 20
0.0
 30
0.0
  9
$UCSYDIR
 10
0.0
 20
1.0
 30
0.0
  9
$UCSORTHOREF
  2

  9
$UCSORTHOVIEW
 70
0
  9
$UCSORGTOP
 10
0.0
 20
0.0
 30
0.0
  9
$UCSORGBOTTOM
 10
0.0
 20
0.0
 30
0.0
  9
$UCSORGLEFT
 10
0.0
 20
0.0
 30
0.0
  9
$UCSORGRIGHT
 10
0.0
 20
0.0
 30
0.0
  9
$UCSORGFRONT
 10
0.0
 20
0.0
 30
0.0
  9
$UCSORGBACK
 10
0.0
 20
0.0
 30
0.0
  9
$PUCSBASE
  2

  9
$PUCSNAME
  2

  9
$PUCSORG
 10
0.0
 20
0.0
 30
0.0
  9
$PUCSXDIR
 10
1.0
 20
0.0
 30
0.0
  9
$PUCSYDIR
 10
0.0
 20
1.0
 30
0.0
  9
$PUCSORTHOREF
  2

  9
$PUCSORTHOVIEW
 70
0
  9
$PUCSORGTOP
 10
0.0
 20
0.0
 30
0.0
  9
$PUCSORGBOTTOM
 10
0.0
 20
0.0
 30
0.0
  9
$PUCSORGLEFT
 10
0.0
 20
0.0
 30
0.0
  9
$PUCSORGRIGHT
 10
0.0
 20
0.0
 30
0.0
  9
$PUCSORGFRONT
 10
0.0
 20
0.0
 30
0.0
  9
$PUCSORGBACK
 10
0.0
 20
0.0
 30
0.0
  9
$USERI1
 70
0
  9
$USERI2
 70
0
  9
$USERI3
 70
0
  9
$USERI4
 70
0
  9
$USERI5
 70
0
  9
$USERR1
 40
0.0
  9
$USERR2
 40
0.0
  9
$USERR3
 40
0.0
  9
$USERR4
 40
0.0
  9
$USERR5
 40
0.0
  9
$WORLDVIEW
 70
1
  9
$SHADEDGE
 70
3
  9
$SHADEDIF
 70
70
  9
$TILEMODE
 70
1
  9
$MAXACTVP
 70
64
  9
$PINSBASE
 10
0.0
 20
0.0
 30
0.0
  9
$PLIMCHECK
 70
0
  9
$PEXTMIN
 10
1e+20
 20
1e+20
 30
1e+20
  9
$PEXTMAX
 10
-1e+20
 20
-1e+20
 30
-1e+20
  9
$PLIMMIN
 10
0.0
 20
0.0
  9
$PLIMMAX
 10
420.0
 20
297.0
  9
$UNITMODE
 70
0
  9
$VISRETAIN
 70
1
  9
$PLINEGEN
 70
0
  9
$PSLTSCALE
 70
1
  9
$TREEDEPTH
 70
3020
  9
$CMLSTYLE
  2
Standard
  9
$CMLJUST
 70
0
  9
$CMLSCALE
 40
20.0
  9
$PROXYGRAPHICS
 70
1
  9
$MEASUREMENT
 70
1
  9
$CELWEIGHT
370
-1
  9
$ENDCAPS
280
0
  9
$JOINSTYLE
280
0
  9
$LWDISPLAY
290
0
  9
$INSUNITS
 70
6
  9
$HYPERLINKBASE
  1

  9
$STYLESHEET
  1

  9
$XEDIT
290
1
  9
$CEPSNTYPE
380
0
  9
$PSTYLEMODE
290
1
  9
$FINGERPRINTGUID
  2
{18071C5D-1F2F-4A8C-A99C-41E74414D10C}
  9
$VERSIONGUID
  2
{F1DA9AE4-B224-40AA-B4EF-368331AD450A}
  9
$EXTNAMES
290
1
  9
$PSVPSCALE
 40
0.0
  9
$OLESTARTUP
290
0
  0
ENDSEC
  0
SECTION
  2
CLASSES
  0
CLASS
  1
ACDBDICTIONARYWDFLT
  2
AcDbDictionaryWithDefault
  3
ObjectDBX Classes
 90
0
280
0
281
0
  0
CLASS
  1
SUN
  2
AcDbSun
  3
SCENEOE
 90
1153
280
0
281
0
  0
CLASS
  1
VISUALSTYLE
  2
AcDbVisualStyle
  3
ObjectDBX Classes
 90
4095
280
0
281
0
  0
CLASS
  1
MATERIAL
  2
AcDbMaterial
  3
ObjectDBX Classes
 90
1153
280
0
281
0
  0
CLASS
  1
SCALE
  2
AcDbScale
  3
ObjectDBX Classes
 90
1153
280
0
281
0
  0
CLASS
  1
TABLESTYLE
  2
AcDbTableStyle
  3
ObjectDBX Classes
 90
4095
280
0
281
0
  0
CLASS
  1
MLEADERSTYLE
  2
AcDbMLeaderStyle
  3
ACDB_MLEADERSTYLE_CLASS
 90
4095
280
0
281
0
  0
CLASS
  1
DICTIONARYVAR
  2
AcDbDictionaryVar
  3
ObjectDBX Classes
 90
0
280
0
281
0
  0
CLASS
  1
CELLSTYLEMAP
  2
AcDbCellStyleMap
  3
ObjectDBX Classes
 90
1152
280
0
281
0
  0
CLASS
  1
MENTALRAYRENDERSETTINGS
  2
AcDbMentalRayRenderSettings
  3
SCENEOE
 90
1024
280
0
281
0
  0
CLASS
  1
ACDBDETAILVIEWSTYLE
  2
AcDbDetailViewStyle
  3
ObjectDBX Classes
 90
1025
280
0
281
0
  0
CLASS
  1
ACDBSECTIONVIEWSTYLE
  2
AcDbSectionViewStyle
  3
ObjectDBX Classes
 90
1025
280
0
281
0
  0
CLASS
  1
RASTERVARIABLES
  2
AcDbRasterVariables
  3
ISM
 90
0
280
0
281
0
  0
CLASS
  1
ACDBPLACEHOLDER
  2
AcDbPlaceHolder
  3
ObjectDBX Classes
 90
0
280
0
281
0
  0
CLASS
  1
LAYOUT
  2
AcDbLayout
  3
ObjectDBX Classes
 90
0
280
0
281
0
  0
ENDSEC
  0
SECTION
  2
TABLES
  0
TABLE
  2
VPORT
  5
8
330
0
100
AcDbSymbolTable
 70
1
  0
VPORT
  5
23
330
8
100
AcDbSymbolTableRecord
100
AcDbViewportTableRecord
  2
*Active
 70
0
 10
0.0
 20
0.0
 11
1.0
 21
1.0
 12
0.0
 22
0.0
 13
0.0
 23
0.0
 14
0.5
 24
0.5
 15
0.5
 25
0.5
 16
0.0
 26
0.0
 36
1.0
 17
0.0
 27
0.0
 37
0.0
 40
1000.0
 41
1.34
 42
50.0
 43
0.0
 44
0.0
 50
0.0
 51
0.0
 71
0
 72
1000
 73
1
 74
3
 75
0
 76
0
 77
0
 78
0
281
0
 65
0
146
0.0
  0
ENDTAB
  0
TABLE
  2
LTYPE
  5
2
330
0
100
AcDbSymbolTable
 70
3
  0
LTYPE
  5
24
330
2
100
AcDbSymbolTableRecord
100
AcDbLinetypeTableRecord
  2
ByBlock
 70
0
  3

 72
65
 73
0
 40
0.0
  0
LTYPE
  5
25
330
2
100
AcDbSymbolTableRecord
100
AcDbLinetypeTableRecord
  2
ByLayer
 70
0
  3

 72
65
 73
0
 40
0.0
  0
LTYPE
  5
26
330
2
100
AcDbSymbolTableRecord
100
AcDbLinetypeTableRecord
  2
Continuous
 70
0
  3

 72
65
 73
0
 40
0.0
  0
ENDTAB
  0
TABLE
  2
LAYER
  5
1
330
0
100
AcDbSymbolTable
 70
2
  0
LAYER
  5
27
330
1
100
AcDbSymbolTableRecord
100
AcDbLayerTableRecord
  2
0
 70
0
 62
7
  6
Continuous
370
-3
390
13
  0
LAYER
  5
28
330
1
100
AcDbSymbolTableRecord
100
AcDbLayerTableRecord
  2
Defpoints
 70
0
 62
7
  6
Continuous
290
0
370
-3
390
13
  0
ENDTAB
  0
TABLE
  2
STYLE
  5
5
330
0
100
AcDbSymbolTable
 70
1
  0
STYLE
  5
29
330
5
100
AcDbSymbolTableRecord
100
AcDbTextStyleTableRecord
  2
Standard
 70
0
 40
0.0
 41
1.0
 50
0.0
 71
0
 42
2.5
  3
txt
  4

  0
ENDTAB
  0
TABLE
  2
VIEW
  5
7
330
0
100
AcDbSymbolTable
 70
0
  0
ENDTAB
  0
TABLE
  2
UCS
  5
6
330
0
100
AcDbSymbolTable
 70
0
  0
ENDTAB
  0
TABLE
  2
APPID
  5
3
330
0
100
AcDbSymbolTable
 70
3
  0
APPID
  5
2A
330
3
100
AcDbSymbolTableRecord
100
AcDbRegAppTableRecord
  2
ACAD
 70
0
  0
APPID
  5
2D0
330
3
100
AcDbSymbolTableRecord
100
AcDbRegAppTableRecord
  2
HATCHBACKGROUNDCOLOR
 70
0
  0
APPID
  5
2D1
330
3
100
AcDbSymbolTableRecord
100
AcDbRegAppTableRecord
  2
EZDXF
 70
0
  0
ENDTAB
  0
TABLE
  2
DIMSTYLE
  5
4
330
0
100
AcDbSymbolTable
 70
1
100
AcDbDimStyleTable
  0
DIMSTYLE
105
2B
330
4
100
AcDbSymbolTableRecord
100
AcDbDimStyleTableRecord
  2
Standard
 70
0
  3

  4

 40
1.0
 41
2.5
 42
0.625
 43
3.75
 44
1.25
 45
0.0
 46
0.0
 47
0.0
 48
0.0
140
2.5
141
2.5
142
0.0
143
0.03937007874
144
1.0
145
0.0
146
1.0
147
0.625
148
0.0
 71
0
 72
0
 73
0
 74
0
 75
0
 76
0
 77
1
 78
8
 79
3
170
0
171
3
172
1
173
0
174
0
175
0
176
0
177
0
178
0
179
2
271
2
272
2
273
2
274
3
275
0
276
0
277
2
278
44
279
0
280
0
281
0
282
0
283
0
284
8
285
0
286
0
288
0
289
3
371
-2
372
-2
  0
ENDTAB
  0
TABLE
  2
BLOCK_RECORD
  5
9
330
0
100
AcDbSymbolTable
 70
2
  0
BLOCK_RECORD
  5
17
330
9
100
AcDbSymbolTableRecord
100
AcDbBlockTableRecord
  2
*Model_Space
340
1A
  0
BLOCK_RECORD
  5
1B
330
9
100
AcDbSymbolTableRecord
100
AcDbBlockTableRecord
  2
*Paper_Space
340
1E
  0
ENDTAB
  0
ENDSEC
  0
SECTION
  2
BLOCKS
  0
BLOCK
  5
18
330
17
100
AcDbEntity
  8
0
100
AcDbBlockBegin
  2
*Model_Space
 70
0
 10
0.0
 20
0.0
 30
0.0
  3
*Model_Space
  1

  0
ENDBLK
  5
19
330
17
100
AcDbEntity
  8
0
100
AcDbBlockEnd
  0
BLOCK
  5
1C
330
1B
100
AcDbEntity
  8
0
100
AcDbBlockBegin
  2
*Paper_Space
 70
0
 10
0.0
 20
0.0
 30
0.0
  3
*Paper_Space
  1

  0
ENDBLK
  5
1D
330
1B
100
AcDbEntity
  8
0
100
AcDbBlockEnd
  0
ENDSEC
  0
SECTION
  2
ENTITIES
  0
LWPOLYLINE
  5
2F
330
17
100
AcDbEntity
  8
ROADS
100
AcDbPolyline
 90
2
 70
0
 10
631995.7926424936
 20
4838564.304766941
 10
632002.9865449903
 20
4838555.8957132595
  0
LWPOLYLINE
  5
30
330
17
100
AcDbEntity
  8
ROADS
100
AcDbPolyline
 90
5
 70
0
 10
631958.4390009223
 20
4838783.556763458
 10
631999.0916492161
 20
4838838.669523969
 10
632015.00402092
 20
4838965.818056911
 10
631992.4131503695
 20
4839033.273582334
 10
631978.6614706054
 20
4839051.555342474
  0
LWPOLYLINE
  5
31
330
17
100
AcDbEntity
  8
ROADS
100
AcDbPolyline
 90
3
 70
0
 10
631959.1157601868
 20
4838921.524553817
 10
631984.8279130275
 20
4838934.736858058
 10
631967.8796483342
 20
4838990.859623278
  0
LWPOLYLINE
  5
32
330
17
100
AcDbEntity
  8
ROADS
100
AcDbPolyline
 90
2
 70
0
 10
633277.6789048854
 20
4837305.525643457
 10
633275.06358411
 20
4837313.727659871
  0
LWPOLYLINE
  5
33
330
17
100
AcDbEntity
  8
ROADS
100
AcDbPolyline
 90
2
 70
0
 10
633275.06358411
 20
4837313.727659871
 10
633311.6228880329
 20
4837325.817733612
  0
LWPOLYLINE
  5
34
330
17
100
AcDbEntity
  8
ROADS
100
AcDbPolyline
 90
2
 70
0
 10
633474.3493587252
 20
4837350.451736976
 10
633466.1559137674
 20
4837375.831202729
  0
LWPOLYLINE
  5
35
330
17
100
AcDbEntity
  8
ROADS
100
AcDbPolyline
 90
2
 70
0
 10
633311.6228880329
 20
4837325.817733612
 10
633355.5912526328
 20
4837340.038960139
  0
LWPOLYLINE
  5
36
330
17
100
AcDbEntity
  8
ROADS
100
AcDbPolyline
 90
2
 70
0
 10
633176.0171517832
 20
4837297.354064537
 10
633138.4349836472
 20
4837414.522026567
  0
LWPOLYLINE
  5
37
330
17
100
AcDbEntity
  8
ROADS
100
AcDbPolyline
 90
3
 70
0
 10
633224.9719350925
 20
4837301.2052969225
 10
633184.2881025661
 20
4837428.3213069
 10
633138.4349836472
 20
4837414.522026567
  0
LWPOLYLINE
  5
38
330
17
100
AcDbEntity
  8
ROADS
100
AcDbPolyline
 90
2
 70
0
 10
633355.5912526328
 20
4837340.038960139
 10
633466.1559137674
 20
4837375.831202729
  0
LWPOLYLINE
  5
39
330
17
100
AcDbEntity
  8
ROADS
100
AcDbPolyline
 90
2
 70
0
 10
633510.1184015104
 20
4837382.691741154
 10
633698.4636174446
 20
4837438.608339422
  0
LWPOLYLINE
  5
3A
330
17
100
AcDbEntity
  8
ROADS
100
AcDbPolyline
 90
2
 70
0
 10
633496.5495525245
 20
4837424.705764536
 10
633794.8759605619
 20
4837513.339749211
  0
LWPOLYLINE
  5
3B
330
17
100
AcDbEntity
  8
ROADS
100
AcDbPolyline
 90
2
 70
0
 10
633799.5456108586
 20
4837499.229923595
 10
633794.8759605619
 20
4837513.339749211
  0
LWPOLYLINE
  5
3C
330
17
100
AcDbEntity
  8
ROADS
100
AcDbPolyline
 90
2
 70
0
 10
633516.4840551934
 20
4837363.044066611
 10
633510.1184015104
 20
4837382.691741154
  0
LWPOLYLINE
  5
3D
330
17
100
AcDbEntity
  8
ROADS
100
AcDbPolyline
 90
2
 70
0
 10
633275.06358411
 20
4837313.727659871
 10
633230.9463332857
 20
4837440.874050448
  0
LWPOLYLINE
  5
3E
330
17
100
AcDbEntity
  8
ROADS
100
AcDbPolyline
 90
2
 70
0
 10
633466.1559137674
 20
4837375.831202729
 10
633510.1184015104
 20
4837382.691741154
  0
LWPOLYLINE
  5
3F
330
17
100
AcDbEntity
  8
ROADS
100
AcDbPolyline
 90
3
 70
0
 10
633311.6228880329
 20
4837325.817733612
 10
633271.0522819387
 20
4837454.464392389
 10
633230.9463332857
 20
4837440.874050448
  0
LWPOLYLINE
  5
40
330
17
100
AcDbEntity
  8
ROADS
100
AcDbPolyline
 90
2
 70
0
 10
633510.1184015104
 20
4837382.691741154
 10
633496.5495525245
 20
4837424.705764536
  0
LWPOLYLINE
  5
41
330
17
100
AcDbEntity
  8
ROADS
100
AcDbPolyline
 90
2
 70
0
 10
633466.1559137674
 20
4837375.831202729
 10
633441.2223763956
 20
4837453.832608945
  0
LWPOLYLINE
  5
42
330
17
100
AcDbEntity
  8
ROADS
100
AcDbPolyline
 90
2
 70
0
 10
633355.5912526328
 20
4837340.038960139
 10
633300.9577240214
 20
4837513.13389027
  0
LWPOLYLINE
  5
43
330
17
100
AcDbEntity
  8
ROADS
100
AcDbPolyline
 90
2
 70
0
 10
633496.5495525245
 20
4837424.705764536
 10
633483.52715571
 20
4837466.641660071
  0
LWPOLYLINE
  5
44
330
17
100
AcDbEntity
  8
ROADS
100
AcDbPolyline
 90
2
 70
0
 10
633441.2223763956
 20
4837453.832608945
 10
633483.52715571
 20
4837466.641660071
  0
LWPOLYLINE
  5
45
330
17
100
AcDbEntity
  8
ROADS
100
AcDbPolyline
 90
2
 70
0
 10
633230.9463332857
 20
4837440.874050448
 10
633214.4820575493
 20
4837488.180099743
  0
LWPOLYLINE
  5
46
330
17
100
AcDbEntity
  8
ROADS
100
AcDbPolyline
 90
2
 70
0
 10
633910.241524411
 20
4837588.865647873
 10
633900.8747439092
 20
4837595.34081251
  0
LWPOLYLINE
  5
47
330
17
100
AcDbEntity
  8
ROADS
100
AcDbPolyline
 90
2
 70
0
 10
633122.8533624262
 20
4837460.164893055
 10
633138.0964124261
 20
4837464.597894093
  0
LWPOLYLINE
  5
48
330
17
100
AcDbEntity
  8
ROADS
100
AcDbPolyline
 90
2
 70
0
 10
632930.510683365
 20
4837449.625828566
 10
632916.3100351066
 20
4837493.617507618
  0
LWPOLYLINE
  5
49
330
17
100
AcDbEntity
  8
ROADS
100
AcDbPolyline
 90
2
 70
0
 10
632984.5575410763
 20
4837465.630452022
 10
633032.1918871836
 20
4837479.091917521
  0
LWPOLYLINE
  5
4A
330
17
100
AcDbEntity
  8
ROADS
100
AcDbPolyline
 90
2
 70
0
 10
633138.0964124261
 20
4837464.597894093
 10
633126.2480011606
 20
4837504.991850342
  0
LWPOLYLINE
  5
4B
330
17
100
AcDbEntity
  8
ROADS
100
AcDbPolyline
 90
2
 70
0
 10
633032.1918871836
 20
4837479.091917521
 10
633084.7553651907
 20
4837493.397590344
  0
LWPOLYLINE
  5
4C
330
17
100
AcDbEntity
  8
ROADS
100
AcDbPolyline
 90
2
 70
0
 10
632984.5575410763
 20
4837465.630452022
 10
632972.0250845128
 20
4837508.15318824
  0
LWPOLYLINE
  5
4D
330
17
100
AcDbEntity
  8
ROADS
100
AcDbPolyline
 90
2
 70
0
 10
633126.2480011606
 20
4837504.991850342
 10
633084.7553651907
 20
4837493.397590344
  0
LWPOLYLINE
  5
4E
330
17
100
AcDbEntity
  8
ROADS
100
AcDbPolyline
 90
2
 70
0
 10
632972.0250845128
 20
4837508.15318824
 10
632916.3100351066
 20
4837493.617507618
  0
LWPOLYLINE
  5
4F
330
17
100
AcDbEntity
  8
ROADS
100
AcDbPolyline
 90
2
 70
0
 10
633032.1918871836
 20
4837479.091917521
 10
633033.3875200141
 20
4837525.0844393065
  0
LWPOLYLINE
  5
50
330
17
100
AcDbEntity
  8
ROADS
100
AcDbPolyline
 90
2
 70
0
 10
632843.5087819096
 20
4837573.109262063
 10
632884.1771139773
 20
4837436.514921294
  0
LWPOLYLINE
  5
51
330
17
100
AcDbEntity
  8
ROADS
100
AcDbPolyline
 90
2
 70
0
 10
633138.0964124261
 20
4837464.597894093
 10
633214.4820575493
 20
4837488.180099743
  0
LWPOLYLINE
  5
52
330
17
100
AcDbEntity
  8
ROADS
100
AcDbPolyline
 90
2
 70
0
 10
633483.52715571
 20
4837466.641660071
 10
633469.0643420578
 20
4837510.584666375
  0
LWPOLYLINE
  5
53
330
17
100
AcDbEntity
  8
ROADS
100
AcDbPolyline
 90
2
 70
0
 10
633441.2223763956
 20
4837453.832608945
 10
633412.5855933654
 20
4837544.217032281
  0
LWPOLYLINE
  5
54
330
17
100
AcDbEntity
  8
ROADS
100
AcDbPolyline
 90
2
 70
0
 10
633214.4820575493
 20
4837488.180099743
 10
633300.9577240214
 20
4837513.13389027
  0
LWPOLYLINE
  5
55
330
17
100
AcDbEntity
  8
ROADS
100
AcDbPolyline
 90
2
 70
0
 10
633126.2480011606
 20
4837504.991850342
 10
633164.1429538205
 20
4837516.000007056
  0
LWPOLYLINE
  5
56
330
17
100
AcDbEntity
  8
ROADS
100
AcDbPolyline
 90
2
 70
0
 10
633214.4820575493
 20
4837488.180099743
 10
633200.1886924915
 20
4837536.357472261
  0
LWPOLYLINE
  5
57
330
17
100
AcDbEntity
  8
ROADS
100
AcDbPolyline
 90
2
 70
0
 10
633300.9577240214
 20
4837513.13389027
 10
633312.9607088207
 20
4837516.9482540535
  0
LWPOLYLINE
  5
58
330
17
100
AcDbEntity
  8
ROADS
100
AcDbPolyline
 90
2
 70
0
 10
633469.0643420578
 20
4837510.584666375
 10
633578.0820541945
 20
4837543.492768611
  0
LWPOLYLINE
  5
59
330
17
100
AcDbEntity
  8
ROADS
100
AcDbPolyline
 90
2
 70
0
 10
633312.9607088207
 20
4837516.9482540535
 10
633412.5855933654
 20
4837544.217032281
  0
LWPOLYLINE
  5
5A
330
17
100
AcDbEntity
  8
ROADS
100
AcDbPolyline
 90
2
 70
0
 10
633469.0643420578
 20
4837510.584666375
 10
633453.7880436031
 20
4837557.260178396
  0
LWPOLYLINE
  5
5B
330
17
100
AcDbEntity
  8
ROADS
100
AcDbPolyline
 90
2
 70
0
 10
633835.3094509762
 20
4837525.966464292
 10
633833.55201446
 20
4837531.317622527
  0
LWPOLYLINE
  5
5C
330
17
100
AcDbEntity
  8
ROADS
100
AcDbPolyline
 90
2
 70
0
 10
633483.52715571
 20
4837466.641660071
 10
633781.4250964393
 20
4837553.528788058
  0
LWPOLYLINE
  5
5D
330
17
100
AcDbEntity
  8
ROADS
100
AcDbPolyline
 90
2
 70
0
 10
633843.7907718197
 20
4837532.570231583
 10
633833.55201446
 20
4837531.317622527
  0
LWPOLYLINE
  5
5E
330
17
100
AcDbEntity
  8
ROADS
100
AcDbPolyline
 90
2
 70
0
 10
633794.8759605619
 20
4837513.339749211
 10
633781.4250964393
 20
4837553.528788058
  0
LWPOLYLINE
  5
5F
330
17
100
AcDbEntity
  8
ROADS
100
AcDbPolyline
 90
2
 70
0
 10
633833.55201446
 20
4837531.317622527
 10
633821.8100953395
 20
4837565.932114008
  0
LWPOLYLINE
  5
60
330
17
100
AcDbEntity
  8
ROADS
100
AcDbPolyline
 90
2
 70
0
 10
633781.4250964393
 20
4837553.528788058
 10
633821.8100953395
 20
4837565.932114008
  0
LWPOLYLINE
  5
61
330
17
100
AcDbEntity
  8
ROADS
100
AcDbPolyline
 90
2
 70
0
 10
633821.8100953395
 20
4837565.932114008
 10
633817.1357874342
 20
4837579.973732092
  0
LWPOLYLINE
  5
62
330
17
100
AcDbEntity
  8
ROADS
100
AcDbPolyline
 90
2
 70
0
 10
633817.1357874342
 20
4837579.973732092
 10
633900.8747439092
 20
4837595.34081251
  0
LWPOLYLINE
  5
63
330
17
100
AcDbEntity
  8
ROADS
100
AcDbPolyline
 90
2
 70
0
 10
633817.1357874342
 20
4837579.973732092
 10
633803.9450911812
 20
4837612.854879114
  0
LWPOLYLINE
  5
64
330
17
100
AcDbEntity
  8
ROADS
100
AcDbPolyline
 90
2
 70
0
 10
633556.8169624388
 20
4837586.258677444
 10
633661.6587525429
 20
4837616.767100339
  0
LWPOLYLINE
  5
65
330
17
100
AcDbEntity
  8
ROADS
100
AcDbPolyline
 90
2
 70
0
 10
633312.9607088207
 20
4837516.9482540535
 10
633299.1166076038
 20
4837564.393705323
  0
LWPOLYLINE
  5
66
330
17
100
AcDbEntity
  8
ROADS
100
AcDbPolyline
 90
2
 70
0
 10
633200.1886924915
 20
4837536.357472261
 10
633250.066379078
 20
4837550.364567674
  0
LWPOLYLINE
  5
67
330
17
100
AcDbEntity
  8
ROADS
100
AcDbPolyline
 90
2
 70
0
 10
633412.5855933654
 20
4837544.217032281
 10
633453.7880436031
 20
4837557.260178396
  0
LWPOLYLINE
  5
68
330
17
100
AcDbEntity
  8
ROADS
100
AcDbPolyline
 90
2
 70
0
 10
633200.1886924915
 20
4837536.357472261
 10
633190.1661201967
 20
4837570.297936569
  0
LWPOLYLINE
  5
69
330
17
100
AcDbEntity
  8
ROADS
100
AcDbPolyline
 90
2
 70
0
 10
633250.066379078
 20
4837550.364567674
 10
633299.1166076038
 20
4837564.393705323
  0
LWPOLYLINE
  5
6A
330
17
100
AcDbEntity
  8
ROADS
100
AcDbPolyline
 90
2
 70
0
 10
633250.066379078
 20
4837550.364567674
 10
633241.3423902433
 20
4837580.3522038665
  0
LWPOLYLINE
  5
6B
330
17
100
AcDbEntity
  8
ROADS
100
AcDbPolyline
 90
2
 70
0
 10
633412.5855933654
 20
4837544.217032281
 10
633398.5300188636
 20
4837593.456816735
  0
LWPOLYLINE
  5
6C
330
17
100
AcDbEntity
  8
ROADS
100
AcDbPolyline
 90
2
 70
0
 10
633453.7880436031
 20
4837557.260178396
 10
633556.8169624388
 20
4837586.258677444
  0
LWPOLYLINE
  5
6D
330
17
100
AcDbEntity
  8
ROADS
100
AcDbPolyline
 90
2
 70
0
 10
633190.1661201967
 20
4837570.297936569
 10
633241.3423902433
 20
4837580.3522038665
  0
LWPOLYLINE
  5
6E
330
17
100
AcDbEntity
  8
ROADS
100
AcDbPolyline
 90
2
 70
0
 10
633299.1166076038
 20
4837564.393705323
 10
633290.3042539251
 20
4837594.732775743
  0
LWPOLYLINE
  5
6F
330
17
100
AcDbEntity
  8
ROADS
100
AcDbPolyline
 90
2
 70
0
 10
633084.7553651907
 20
4837493.397590344
 10
633072.0850263163
 20
4837528.8622838715
  0
LWPOLYLINE
  5
70
330
17
100
AcDbEntity
  8
ROADS
100
AcDbPolyline
 90
2
 70
0
 10
633033.3875200141
 20
4837525.0844393065
 10
632972.0250845128
 20
4837508.15318824
  0
LWPOLYLINE
  5
71
330
17
100
AcDbEntity
  8
ROADS
100
AcDbPolyline
 90
2
 70
0
 10
633033.3875200141
 20
4837525.0844393065
 10
633072.0850263163
 20
4837528.8622838715
  0
LWPOLYLINE
  5
72
330
17
100
AcDbEntity
  8
ROADS
100
AcDbPolyline
 90
3
 70
0
 10
633033.3875200141
 20
4837525.0844393065
 10
633065.845178866
 20
4837540.494368642
 10
633072.0850263163
 20
4837528.8622838715
  0
LWPOLYLINE
  5
73
330
17
100
AcDbEntity
  8
ROADS
100
AcDbPolyline
 90
2
 70
0
 10
632916.3100351066
 20
4837493.617507618
 10
632888.9612121704
 20
4837586.002235119
  0
LWPOLYLINE
  5
74
330
17
100
AcDbEntity
  8
ROADS
100
AcDbPolyline
 90
2
 70
0
 10
632972.0250845128
 20
4837508.15318824
 10
632944.399605298
 20
4837601.872032513
  0
LWPOLYLINE
  5
75
330
17
100
AcDbEntity
  8
ROADS
100
AcDbPolyline
 90
2
 70
0
 10
633033.3875200141
 20
4837525.0844393065
 10
632998.6337713598
 20
4837617.086005802
  0
LWPOLYLINE
  5
76
330
17
100
AcDbEntity
  8
ROADS
100
AcDbPolyline
 90
2
 70
0
 10
632843.5087819096
 20
4837573.109262063
 10
632888.9612121704
 20
4837586.002235119
  0
LWPOLYLINE
  5
77
330
17
100
AcDbEntity
  8
ROADS
100
AcDbPolyline
 90
2
 70
0
 10
633072.0850263163
 20
4837528.8622838715
 10
633045.1625093735
 20
4837630.852523771
  0
LWPOLYLINE
  5
78
330
17
100
AcDbEntity
  8
ROADS
100
AcDbPolyline
 90
2
 70
0
 10
632888.9612121704
 20
4837586.002235119
 10
632944.399605298
 20
4837601.872032513
  0
LWPOLYLINE
  5
79
330
17
100
AcDbEntity
  8
ROADS
100
AcDbPolyline
 90
2
 70
0
 10
633900.8747439092
 20
4837595.34081251
 10
633924.9246556782
 20
4837602.754999376
  0
LWPOLYLINE
  5
7A
330
17
100
AcDbEntity
  8
ROADS
100
AcDbPolyline
 90
2
 70
0
 10
633661.6587525429
 20
4837616.767100339
 10
633754.5328641334
 20
4837646.763076107
  0
LWPOLYLINE
  5
7B
330
17
100
AcDbEntity
  8
ROADS
100
AcDbPolyline
 90
2
 70
0
 10
633803.9450911812
 20
4837612.854879114
 10
633789.0725982896
 20
4837656.776511126
  0
LWPOLYLINE
  5
7C
330
17
100
AcDbEntity
  8
ROADS
100
AcDbPolyline
 90
2
 70
0
 10
633661.6587525429
 20
4837616.767100339
 10
633648.6542419994
 20
4837659.205373775
  0
LWPOLYLINE
  5
7D
330
17
100
AcDbEntity
  8
ROADS
100
AcDbPolyline
 90
2
 70
0
 10
633803.9450911812
 20
4837612.854879114
 10
633982.7809243599
 20
4837663.512017494
  0
LWPOLYLINE
  5
7E
330
17
100
AcDbEntity
  8
ROADS
100
AcDbPolyline
 90
2
 70
0
 10
633754.5328641334
 20
4837646.763076107
 10
633789.0725982896
 20
4837656.776511126
  0
LWPOLYLINE
  5
7F
330
17
100
AcDbEntity
  8
ROADS
100
AcDbPolyline
 90
2
 70
0
 10
633789.0725982896
 20
4837656.776511126
 10
633848.5997503072
 20
4837673.460368493
  0
LWPOLYLINE
  5
80
330
17
100
AcDbEntity
  8
ROADS
100
AcDbPolyline
 90
2
 70
0
 10
633754.5328641334
 20
4837646.763076107
 10
633741.7432533456
 20
4837687.465605048
  0
LWPOLYLINE
  5
81
330
17
100
AcDbEntity
  8
ROADS
100
AcDbPolyline
 90
2
 70
0
 10
633648.6542419994
 20
4837659.205373775
 10
633635.8642175886
 20
4837703.331659835
  0
LWPOLYLINE
  5
82
330
17
100
AcDbEntity
  8
ROADS
100
AcDbPolyline
 90
2
 70
0
 10
633848.5997503072
 20
4837673.460368493
 10
633978.2374371807
 20
4837709.28969485
  0
LWPOLYLINE
  5
83
330
17
100
AcDbEntity
  8
ROADS
100
AcDbPolyline
 90
2
 70
0
 10
633848.5997503072
 20
4837673.460368493
 10
633836.9125185134
 20
4837715.335439499
  0
LWPOLYLINE
  5
84
330
17
100
AcDbEntity
  8
ROADS
100
AcDbPolyline
 90
2
 70
0
 10
633123.6789289815
 20
4837298.352094793
 10
633091.1815638486
 20
4837400.899441852
  0
LWPOLYLINE
  5
85
330
17
100
AcDbEntity
  8
ROADS
100
AcDbPolyline
 90
2
 70
0
 10
633065.8886522957
 20
4837300.563272928
 10
633039.0405173288
 20
4837386.930949016
  0
LWPOLYLINE
  5
86
330
17
100
AcDbEntity
  8
ROADS
100
AcDbPolyline
 90
2
 70
0
 10
633039.0405173288
 20
4837386.930949016
 10
632865.4722453998
 20
4837337.680472072
  0
LWPOLYLINE
  5
87
330
17
100
AcDbEntity
  8
ROADS
100
AcDbPolyline
 90
2
 70
0
 10
632788.3834508172
 20
4837363.365997626
 10
632845.5147678223
 20
4837380.01532008
  0
LWPOLYLINE
  5
88
330
17
100
AcDbEntity
  8
ROADS
100
AcDbPolyline
 90
2
 70
0
 10
633039.0405173288
 20
4837386.930949016
 10
633091.1815638486
 20
4837400.899441852
  0
LWPOLYLINE
  5
89
330
17
100
AcDbEntity
  8
ROADS
100
AcDbPolyline
 90
2
 70
0
 10
632845.5147678223
 20
4837380.01532008
 10
632941.4485300408
 20
4837408.705386378
  0
LWPOLYLINE
  5
8A
330
17
100
AcDbEntity
  8
ROADS
100
AcDbPolyline
 90
2
 70
0
 10
632845.5147678223
 20
4837380.01532008
 10
632833.6838029067
 20
4837421.657657657
  0
LWPOLYLINE
  5
8B
330
17
100
AcDbEntity
  8
ROADS
100
AcDbPolyline
 90
2
 70
0
 10
633091.1815638486
 20
4837400.899441852
 10
633138.4349836472
 20
4837414.522026567
  0
LWPOLYLINE
  5
8C
330
17
100
AcDbEntity
  8
ROADS
100
AcDbPolyline
 90
2
 70
0
 10
633039.0405173288
 20
4837386.930949016
 10
633027.5033723384
 20
4837432.427429539
  0
LWPOLYLINE
  5
8D
330
17
100
AcDbEntity
  8
ROADS
100
AcDbPolyline
 90
2
 70
0
 10
632728.1449107159
 20
4837389.788766381
 10
632719.0641130593
 20
4837430.819661407
  0
LWPOLYLINE
  5
8E
330
17
100
AcDbEntity
  8
ROADS
100
AcDbPolyline
 90
2
 70
0
 10
632672.4619767846
 20
4837417.156407599
 10
632719.0641130593
 20
4837430.819661407
  0
LWPOLYLINE
  5
8F
330
17
100
AcDbEntity
  8
ROADS
100
AcDbPolyline
 90
2
 70
0
 10
632719.0641130593
 20
4837430.819661407
 10
632723.6341360589
 20
4837442.672232944
  0
LWPOLYLINE
  5
90
330
17
100
AcDbEntity
  8
ROADS
100
AcDbPolyline
 90
2
 70
0
 10
632941.4485300408
 20
4837408.705386378
 10
633027.5033723384
 20
4837432.427429539
  0
LWPOLYLINE
  5
91
330
17
100
AcDbEntity
  8
ROADS
100
AcDbPolyline
 90
2
 70
0
 10
632833.6838029067
 20
4837421.657657657
 10
632884.1771139773
 20
4837436.514921294
  0
LWPOLYLINE
  5
92
330
17
100
AcDbEntity
  8
ROADS
100
AcDbPolyline
 90
2
 70
0
 10
632941.4485300408
 20
4837408.705386378
 10
632930.510683365
 20
4837449.625828566
  0
LWPOLYLINE
  5
93
330
17
100
AcDbEntity
  8
ROADS
100
AcDbPolyline
 90
3
 70
0
 10
632833.6838029067
 20
4837421.657657657
 10
632783.1707687025
 20
4837407.283079662
 10
632768.8143579761
 20
4837456.017296977
  0
LWPOLYLINE
  5
94
330
17
100
AcDbEntity
  8
ROADS
100
AcDbPolyline
 90
2
 70
0
 10
633138.4349836472
 20
4837414.522026567
 10
633122.8533624262
 20
4837460.164893055
  0
LWPOLYLINE
  5
95
330
17
100
AcDbEntity
  8
ROADS
100
AcDbPolyline
 90
2
 70
0
 10
632884.1771139773
 20
4837436.514921294
 10
632930.510683365
 20
4837449.625828566
  0
LWPOLYLINE
  5
96
330
17
100
AcDbEntity
  8
ROADS
100
AcDbPolyline
 90
2
 70
0
 10
633027.5033723384
 20
4837432.427429539
 10
633122.8533624262
 20
4837460.164893055
  0
LWPOLYLINE
  5
97
330
17
100
AcDbEntity
  8
ROADS
100
AcDbPolyline
 90
2
 70
0
 10
632723.6341360589
 20
4837442.672232944
 10
632768.8143579761
 20
4837456.017296977
  0
LWPOLYLINE
  5
98
330
17
100
AcDbEntity
  8
ROADS
100
AcDbPolyline
 90
2
 70
0
 10
633027.5033723384
 20
4837432.427429539
 10
633032.1918871836
 20
4837479.091917521
  0
LWPOLYLINE
  5
99
330
17
100
AcDbEntity
  8
ROADS
100
AcDbPolyline
 90
2
 70
0
 10
632930.510683365
 20
4837449.625828566
 10
632984.5575410763
 20
4837465.630452022
  0
LWPOLYLINE
  5
9A
330
17
100
AcDbEntity
  8
ROADS
100
AcDbPolyline
 90
2
 70
0
 10
632584.6370338693
 20
4837470.528605986
 10
632607.6268590358
 20
4837489.30005969
  0
LWPOLYLINE
  5
9B
330
17
100
AcDbEntity
  8
ROADS
100
AcDbPolyline
 90
2
 70
0
 10
632723.6341360589
 20
4837442.672232944
 10
632704.0318066255
 20
4837516.097510522
  0
LWPOLYLINE
  5
9C
330
17
100
AcDbEntity
  8
ROADS
100
AcDbPolyline
 90
2
 70
0
 10
632607.6268590358
 20
4837489.30005969
 10
632704.0318066255
 20
4837516.097510522
  0
LWPOLYLINE
  5
9D
330
17
100
AcDbEntity
  8
ROADS
100
AcDbPolyline
 90
3
 70
0
 10
632680.4805495257
 20
4837595.251816452
 10
632723.0669674465
 20
4837607.412900323
 10
632768.8143579761
 20
4837456.017296977
  0
LWPOLYLINE
  5
9E
330
17
100
AcDbEntity
  8
ROADS
100
AcDbPolyline
 90
3
 70
0
 10
632510.2087474687
 20
4837526.034848449
 10
632522.0939953745
 20
4837594.598513462
 10
632581.1955659938
 20
4837622.470477325
  0
LWPOLYLINE
  5
9F
330
17
100
AcDbEntity
  8
ROADS
100
AcDbPolyline
 90
2
 70
0
 10
632704.0318066255
 20
4837516.097510522
 10
632680.4805495257
 20
4837595.251816452
  0
LWPOLYLINE
  5
A0
330
17
100
AcDbEntity
  8
ROADS
100
AcDbPolyline
 90
2
 70
0
 10
632607.6268590358
 20
4837489.30005969
 10
632581.1955659938
 20
4837622.470477325
  0
LWPOLYLINE
  5
A1
330
17
100
AcDbEntity
  8
ROADS
100
AcDbPolyline
 90
2
 70
0
 10
632448.0721599592
 20
4837581.089022031
 10
632459.8092696978
 20
4837673.501288801
  0
LWPOLYLINE
  5
A2
330
17
100
AcDbEntity
  8
ROADS
100
AcDbPolyline
 90
2
 70
0
 10
632359.222526845
 20
4837681.686921412
 10
632371.6942691391
 20
4837754.520073468
  0
LWPOLYLINE
  5
A3
330
17
100
AcDbEntity
  8
ROADS
100
AcDbPolyline
 90
2
 70
0
 10
633126.2480011606
 20
4837504.991850342
 10
633073.4730412065
 20
4837683.258658148
  0
LWPOLYLINE
  5
A4
330
17
100
AcDbEntity
  8
ROADS
100
AcDbPolyline
 90
2
 70
0
 10
632944.399605298
 20
4837601.872032513
 10
632998.6337713598
 20
4837617.086005802
  0
LWPOLYLINE
  5
A5
330
17
100
AcDbEntity
  8
ROADS
100
AcDbPolyline
 90
2
 70
0
 10
632998.6337713598
 20
4837617.086005802
 10
633045.1625093735
 20
4837630.852523771
  0
LWPOLYLINE
  5
A6
330
17
100
AcDbEntity
  8
ROADS
100
AcDbPolyline
 90
2
 70
0
 10
632833.6838029067
 20
4837421.657657657
 10
632708.0594591345
 20
4837848.413402925
  0
LWPOLYLINE
  5
A7
330
17
100
AcDbEntity
  8
ROADS
100
AcDbPolyline
 90
2
 70
0
 10
632843.5087819096
 20
4837573.109262063
 10
632774.1461878563
 20
4837809.84252808
  0
LWPOLYLINE
  5
A8
330
17
100
AcDbEntity
  8
ROADS
100
AcDbPolyline
 90
2
 70
0
 10
633073.4730412065
 20
4837683.258658148
 10
633150.9240685372
 20
4837706.325134947
  0
LWPOLYLINE
  5
A9
330
17
100
AcDbEntity
  8
ROADS
100
AcDbPolyline
 90
2
 70
0
 10
632944.399605298
 20
4837601.872032513
 10
632874.5127624535
 20
4837839.056919092
  0
LWPOLYLINE
  5
AA
330
17
100
AcDbEntity
  8
ROADS
100
AcDbPolyline
 90
2
 70
0
 10
632888.9612121704
 20
4837586.002235119
 10
632804.9977283175
 20
4837876.356699953
  0
LWPOLYLINE
  5
AB
330
17
100
AcDbEntity
  8
ROADS
100
AcDbPolyline
 90
2
 70
0
 10
633045.1625093735
 20
4837630.852523771
 10
632974.4123976498
 20
4837869.871009363
  0
LWPOLYLINE
  5
AC
330
17
100
AcDbEntity
  8
ROADS
100
AcDbPolyline
 90
2
 70
0
 10
632998.6337713598
 20
4837617.086005802
 10
632913.5641416971
 20
4837908.159610828
  0
LWPOLYLINE
  5
AD
330
17
100
AcDbEntity
  8
ROADS
100
AcDbPolyline
 90
2
 70
0
 10
632680.4805495257
 20
4837595.251816452
 10
632641.8866521239
 20
4837724.972032993
  0
LWPOLYLINE
  5
AE
330
17
100
AcDbEntity
  8
ROADS
100
AcDbPolyline
 90
2
 70
0
 10
632581.1955659938
 20
4837622.470477325
 10
632558.230345154
 20
4837700.297241652
  0
LWPOLYLINE
  5
AF
330
17
100
AcDbEntity
  8
ROADS
100
AcDbPolyline
 90
2
 70
0
 10
632459.8092696978
 20
4837673.501288801
 10
632558.230345154
 20
4837700.297241652
  0
LWPOLYLINE
  5
B0
330
17
100
AcDbEntity
  8
ROADS
100
AcDbPolyline
 90
2
 70
0
 10
632558.230345154
 20
4837700.297241652
 10
632641.8866521239
 20
4837724.972032993
  0
LWPOLYLINE
  5
B1
330
17
100
AcDbEntity
  8
ROADS
100
AcDbPolyline
 90
3
 70
0
 10
632459.8092696978
 20
4837673.501288801
 10
632468.1096846415
 20
4837726.156486215
 10
632453.3454619868
 20
4837773.66017414
  0
LWPOLYLINE
  5
B2
330
17
100
AcDbEntity
  8
ROADS
100
AcDbPolyline
 90
2
 70
0
 10
632371.6942691391
 20
4837754.520073468
 10
632453.3454619868
 20
4837773.66017414
  0
LWPOLYLINE
  5
B3
330
17
100
AcDbEntity
  8
ROADS
100
AcDbPolyline
 90
2
 70
0
 10
632371.6942691391
 20
4837754.520073468
 10
632377.4710400268
 20
4837785.080909429
  0
LWPOLYLINE
  5
B4
330
17
100
AcDbEntity
  8
ROADS
100
AcDbPolyline
 90
2
 70
0
 10
632641.8866521239
 20
4837724.972032993
 10
632613.98567876
 20
4837820.843953967
  0
LWPOLYLINE
  5
B5
330
17
100
AcDbEntity
  8
ROADS
100
AcDbPolyline
 90
2
 70
0
 10
632330.4388041005
 20
4837783.676245854
 10
632377.4710400268
 20
4837785.080909429
  0
LWPOLYLINE
  5
B6
330
17
100
AcDbEntity
  8
ROADS
100
AcDbPolyline
 90
2
 70
0
 10
632453.3454619868
 20
4837773.66017414
 10
632613.98567876
 20
4837820.843953967
  0
LWPOLYLINE
  5
B7
330
17
100
AcDbEntity
  8
ROADS
100
AcDbPolyline
 90
2
 70
0
 10
633073.4730412065
 20
4837683.258658148
 10
633000.993260657
 20
4837934.24782187
  0
LWPOLYLINE
  5
B8
330
17
100
AcDbEntity
  8
ROADS
100
AcDbPolyline
 90
2
 70
0
 10
633142.7421986706
 20
4837735.478495784
 10
633079.0172574845
 20
4837955.989608879
  0
LWPOLYLINE
  5
B9
330
17
100
AcDbEntity
  8
ROADS
100
AcDbPolyline
 90
2
 70
0
 10
632708.0594591345
 20
4837848.413402925
 10
632804.9977283175
 20
4837876.356699953
  0
LWPOLYLINE
  5
BA
330
17
100
AcDbEntity
  8
ROADS
100
AcDbPolyline
 90
2
 70
0
 10
632804.9977283175
 20
4837876.356699953
 10
632913.5641416971
 20
4837908.159610828
  0
LWPOLYLINE
  5
BB
330
17
100
AcDbEntity
  8
ROADS
100
AcDbPolyline
 90
2
 70
0
 10
632913.5641416971
 20
4837908.159610828
 10
633000.993260657
 20
4837934.24782187
  0
LWPOLYLINE
  5
BC
330
17
100
AcDbEntity
  8
ROADS
100
AcDbPolyline
 90
2
 70
0
 10
632804.9977283175
 20
4837876.356699953
 10
632777.8467455308
 20
4837969.35399338
  0
LWPOLYLINE
  5
BD
330
17
100
AcDbEntity
  8
ROADS
100
AcDbPolyline
 90
2
 70
0
 10
633000.993260657
 20
4837934.24782187
 10
633079.0172574845
 20
4837955.989608879
  0
LWPOLYLINE
  5
BE
330
17
100
AcDbEntity
  8
ROADS
100
AcDbPolyline
 90
2
 70
0
 10
632913.5641416971
 20
4837908.159610828
 10
632886.650715366
 20
4838001.126225822
  0
LWPOLYLINE
  5
BF
330
17
100
AcDbEntity
  8
ROADS
100
AcDbPolyline
 90
2
 70
0
 10
632777.8467455308
 20
4837969.35399338
 10
632886.650715366
 20
4838001.126225822
  0
LWPOLYLINE
  5
C0
330
17
100
AcDbEntity
  8
ROADS
100
AcDbPolyline
 90
2
 70
0
 10
633079.0172574845
 20
4837955.989608879
 10
633051.4106134702
 20
4838050.29083524
  0
LWPOLYLINE
  5
C1
330
17
100
AcDbEntity
  8
ROADS
100
AcDbPolyline
 90
2
 70
0
 10
632330.4388041005
 20
4837783.676245854
 10
632338.2297457879
 20
4837829.88471394
  0
LWPOLYLINE
  5
C2
330
17
100
AcDbEntity
  8
ROADS
100
AcDbPolyline
 90
2
 70
0
 10
632377.4710400268
 20
4837785.080909429
 10
632396.1804652504
 20
4837860.505438281
  0
LWPOLYLINE
  5
C3
330
17
100
AcDbEntity
  8
ROADS
100
AcDbPolyline
 90
2
 70
0
 10
632613.98567876
 20
4837820.843953967
 10
632708.0594591345
 20
4837848.413402925
  0
LWPOLYLINE
  5
C4
330
17
100
AcDbEntity
  8
ROADS
100
AcDbPolyline
 90
3
 70
0
 10
632421.9268887317
 20
4837867.117235015
 10
632435.3988796322
 20
4837819.566182253
 10
632537.5479200133
 20
4837849.696855118
  0
LWPOLYLINE
  5
C5
330
17
100
AcDbEntity
  8
ROADS
100
AcDbPolyline
 90
2
 70
0
 10
632396.1804652504
 20
4837860.505438281
 10
632421.9268887317
 20
4837867.117235015
  0
LWPOLYLINE
  5
C6
330
17
100
AcDbEntity
  8
ROADS
100
AcDbPolyline
 90
2
 70
0
 10
632613.98567876
 20
4837820.843953967
 10
632586.495650838
 20
4837913.678054213
  0
LWPOLYLINE
  5
C7
330
17
100
AcDbEntity
  8
ROADS
100
AcDbPolyline
 90
2
 70
0
 10
632421.9268887317
 20
4837867.117235015
 10
632586.495650838
 20
4837913.678054213
  0
LWPOLYLINE
  5
C8
330
17
100
AcDbEntity
  8
ROADS
100
AcDbPolyline
 90
2
 70
0
 10
632396.1804652504
 20
4837860.505438281
 10
632408.6008105185
 20
4837968.309081847
  0
LWPOLYLINE
  5
C9
330
17
100
AcDbEntity
  8
ROADS
100
AcDbPolyline
 90
2
 70
0
 10
632586.495650838
 20
4837913.678054213
 10
632777.8467455308
 20
4837969.35399338
  0
LWPOLYLINE
  5
CA
330
17
100
AcDbEntity
  8
ROADS
100
AcDbPolyline
 90
2
 70
0
 10
632586.495650838
 20
4837913.678054213
 10
632557.502367883
 20
4838011.384332968
  0
LWPOLYLINE
  5
CB
330
17
100
AcDbEntity
  8
ROADS
100
AcDbPolyline
 90
2
 70
0
 10
633990.6606572255
 20
4837672.548579118
 10
633978.2374371807
 20
4837709.28969485
  0
LWPOLYLINE
  5
CC
330
17
100
AcDbEntity
  8
ROADS
100
AcDbPolyline
 90
2
 70
0
 10
633978.2374371807
 20
4837709.28969485
 10
634020.6828742437
 20
4837721.513293172
  0
LWPOLYLINE
  5
CD
330
17
100
AcDbEntity
  8
ROADS
100
AcDbPolyline
 90
2
 70
0
 10
634020.6828742437
 20
4837721.513293172
 10
634006.6334341355
 20
4837766.263901677
  0
LWPOLYLINE
  5
CE
330
17
100
AcDbEntity
  8
ROADS
100
AcDbPolyline
 90
2
 70
0
 10
634020.6828742437
 20
4837721.513293172
 10
634033.0119109584
 20
4837725.415558161
  0
LWPOLYLINE
  5
CF
330
17
100
AcDbEntity
  8
ROADS
100
AcDbPolyline
 90
2
 70
0
 10
634006.6334341355
 20
4837766.263901677
 10
633991.5980933737
 20
4837813.934917159
  0
LWPOLYLINE
  5
D0
330
17
100
AcDbEntity
  8
ROADS
100
AcDbPolyline
 90
2
 70
0
 10
634006.6334341355
 20
4837766.263901677
 10
634076.974528047
 20
4837788.576781463
  0
LWPOLYLINE
  5
D1
330
17
100
AcDbEntity
  8
ROADS
100
AcDbPolyline
 90
2
 70
0
 10
633991.5980933737
 20
4837813.934917159
 10
634112.379134109
 20
4837849.699648547
  0
LWPOLYLINE
  5
D2
330
17
100
AcDbEntity
  8
ROADS
100
AcDbPolyline
 90
2
 70
0
 10
633991.5980933737
 20
4837813.934917159
 10
633959.7271681908
 20
4837907.788256293
  0
LWPOLYLINE
  5
D3
330
17
100
AcDbEntity
  8
ROADS
100
AcDbPolyline
 90
2
 70
0
 10
633241.3423902433
 20
4837580.3522038665
 10
633290.3042539251
 20
4837594.732775743
  0
LWPOLYLINE
  5
D4
330
17
100
AcDbEntity
  8
ROADS
100
AcDbPolyline
 90
3
 70
0
 10
633398.5300188636
 20
4837593.456816735
 10
633347.534261414
 20
4837579.060458769
 10
633341.1839392792
 20
4837608.7450039005
  0
LWPOLYLINE
  5
D5
330
17
100
AcDbEntity
  8
ROADS
100
AcDbPolyline
 90
2
 70
0
 10
633290.3042539251
 20
4837594.732775743
 10
633341.1839392792
 20
4837608.7450039005
  0
LWPOLYLINE
  5
D6
330
17
100
AcDbEntity
  8
ROADS
100
AcDbPolyline
 90
2
 70
0
 10
633398.5300188636
 20
4837593.456816735
 10
633388.2486477288
 20
4837627.052591718
  0
LWPOLYLINE
  5
D7
330
17
100
AcDbEntity
  8
ROADS
100
AcDbPolyline
 90
2
 70
0
 10
633190.1661201967
 20
4837570.297936569
 10
633150.9240685372
 20
4837706.325134947
  0
LWPOLYLINE
  5
D8
330
17
100
AcDbEntity
  8
ROADS
100
AcDbPolyline
 90
2
 70
0
 10
633388.2486477288
 20
4837627.052591718
 10
633484.3601015096
 20
4837656.708064001
  0
LWPOLYLINE
  5
D9
330
17
100
AcDbEntity
  8
ROADS
100
AcDbPolyline
 90
2
 70
0
 10
633241.3423902433
 20
4837580.3522038665
 10
633203.6266454584
 20
4837710.009515203
  0
LWPOLYLINE
  5
DA
330
17
100
AcDbEntity
  8
ROADS
100
AcDbPolyline
 90
2
 70
0
 10
633388.2486477288
 20
4837627.052591718
 10
633364.4981319963
 20
4837710.584800568
  0
LWPOLYLINE
  5
DB
330
17
100
AcDbEntity
  8
ROADS
100
AcDbPolyline
 90
2
 70
0
 10
633341.1839392792
 20
4837608.7450039005
 10
633303.2765646398
 20
4837737.826839285
  0
LWPOLYLINE
  5
DC
330
17
100
AcDbEntity
  8
ROADS
100
AcDbPolyline
 90
2
 70
0
 10
633290.3042539251
 20
4837594.732775743
 10
633241.0936958275
 20
4837763.699373789
  0
LWPOLYLINE
  5
DD
330
17
100
AcDbEntity
  8
ROADS
100
AcDbPolyline
 90
3
 70
0
 10
633741.7432533456
 20
4837687.465605048
 10
633696.9043206183
 20
4837671.140902747
 10
633682.988265631
 20
4837718.139064858
  0
LWPOLYLINE
  5
DE
330
17
100
AcDbEntity
  8
ROADS
100
AcDbPolyline
 90
3
 70
0
 10
633648.6542419994
 20
4837659.205373775
 10
633593.1104024467
 20
4837644.514724159
 10
633557.8806117638
 20
4837766.385491783
  0
LWPOLYLINE
  5
DF
330
17
100
AcDbEntity
  8
ROADS
100
AcDbPolyline
 90
2
 70
0
 10
633635.8642175886
 20
4837703.331659835
 10
633682.988265631
 20
4837718.139064858
  0
LWPOLYLINE
  5
E0
330
17
100
AcDbEntity
  8
ROADS
100
AcDbPolyline
 90
2
 70
0
 10
633741.7432533456
 20
4837687.465605048
 10
633728.1372367431
 20
4837734.379872817
  0
LWPOLYLINE
  5
E1
330
17
100
AcDbEntity
  8
ROADS
100
AcDbPolyline
 90
2
 70
0
 10
633682.988265631
 20
4837718.139064858
 10
633728.1372367431
 20
4837734.379872817
  0
LWPOLYLINE
  5
E2
330
17
100
AcDbEntity
  8
ROADS
100
AcDbPolyline
 90
2
 70
0
 10
633836.9125185134
 20
4837715.335439499
 10
633823.5331549463
 20
4837765.172557313
  0
LWPOLYLINE
  5
E3
330
17
100
AcDbEntity
  8
ROADS
100
AcDbPolyline
 90
2
 70
0
 10
633836.9125185134
 20
4837715.335439499
 10
634006.6334341355
 20
4837766.263901677
  0
LWPOLYLINE
  5
E4
330
17
100
AcDbEntity
  8
ROADS
100
AcDbPolyline
 90
2
 70
0
 10
633635.8642175886
 20
4837703.331659835
 10
633613.9646719868
 20
4837781.286946857
  0
LWPOLYLINE
  5
E5
330
17
100
AcDbEntity
  8
ROADS
100
AcDbPolyline
 90
2
 70
0
 10
633682.988265631
 20
4837718.139064858
 10
633660.8357591353
 20
4837795.537742055
  0
LWPOLYLINE
  5
E6
330
17
100
AcDbEntity
  8
ROADS
100
AcDbPolyline
 90
3
 70
0
 10
633741.7432533456
 20
4837687.465605048
 10
633788.3789781881
 20
4837705.247924176
 10
633748.8091876786
 20
4837843.132575252
  0
LWPOLYLINE
  5
E7
330
17
100
AcDbEntity
  8
ROADS
100
AcDbPolyline
 90
2
 70
0
 10
633364.4981319963
 20
4837710.584800568
 10
633430.4384372716
 20
4837730.159857887
  0
LWPOLYLINE
  5
E8
330
17
100
AcDbEntity
  8
ROADS
100
AcDbPolyline
 90
2
 70
0
 10
633150.9240685372
 20
4837706.325134947
 10
633142.7421986706
 20
4837735.478495784
  0
LWPOLYLINE
  5
E9
330
17
100
AcDbEntity
  8
ROADS
100
AcDbPolyline
 90
2
 70
0
 10
633430.4384372716
 20
4837730.159857887
 10
633461.4018441646
 20
4837739.067527745
  0
LWPOLYLINE
  5
EA
330
17
100
AcDbEntity
  8
ROADS
100
AcDbPolyline
 90
2
 70
0
 10
633142.7421986706
 20
4837735.478495784
 10
633241.0936958275
 20
4837763.699373789
  0
LWPOLYLINE
  5
EB
330
17
100
AcDbEntity
  8
ROADS
100
AcDbPolyline
 90
2
 70
0
 10
633556.8169624388
 20
4837586.258677444
 10
633453.4769051255
 20
4837946.331923829
  0
LWPOLYLINE
  5
EC
330
17
100
AcDbEntity
  8
ROADS
100
AcDbPolyline
 90
2
 70
0
 10
633364.4981319963
 20
4837710.584800568
 10
633308.6630116403
 20
4837903.768558961
  0
LWPOLYLINE
  5
ED
330
17
100
AcDbEntity
  8
ROADS
100
AcDbPolyline
 90
2
 70
0
 10
633557.8806117638
 20
4837766.385491783
 10
633525.5841841614
 20
4837878.404487129
  0
LWPOLYLINE
  5
EE
330
17
100
AcDbEntity
  8
ROADS
100
AcDbPolyline
 90
2
 70
0
 10
633430.4384372716
 20
4837730.159857887
 10
633374.5431000342
 20
4837923.243554221
  0
LWPOLYLINE
  5
EF
330
17
100
AcDbEntity
  8
ROADS
100
AcDbPolyline
 90
2
 70
0
 10
633241.0936958275
 20
4837763.699373789
 10
633203.3272974779
 20
4837895.876950898
  0
LWPOLYLINE
  5
F0
330
17
100
AcDbEntity
  8
ROADS
100
AcDbPolyline
 90
2
 70
0
 10
633203.3272974779
 20
4837895.876950898
 10
633304.1446053485
 20
4837922.018307972
  0
LWPOLYLINE
  5
F1
330
17
100
AcDbEntity
  8
ROADS
100
AcDbPolyline
 90
2
 70
0
 10
633557.8806117638
 20
4837766.385491783
 10
633613.9646719868
 20
4837781.286946857
  0
LWPOLYLINE
  5
F2
330
17
100
AcDbEntity
  8
ROADS
100
AcDbPolyline
 90
2
 70
0
 10
633728.1372367431
 20
4837734.379872817
 10
633701.6581878822
 20
4837827.658608211
  0
LWPOLYLINE
  5
F3
330
17
100
AcDbEntity
  8
ROADS
100
AcDbPolyline
 90
2
 70
0
 10
633613.9646719868
 20
4837781.286946857
 10
633660.8357591353
 20
4837795.537742055
  0
LWPOLYLINE
  5
F4
330
17
100
AcDbEntity
  8
ROADS
100
AcDbPolyline
 90
2
 70
0
 10
633823.5331549463
 20
4837765.172557313
 10
633991.5980933737
 20
4837813.934917159
  0
LWPOLYLINE
  5
F5
330
17
100
AcDbEntity
  8
ROADS
100
AcDbPolyline
 90
2
 70
0
 10
633823.5331549463
 20
4837765.172557313
 10
633796.3758460128
 20
4837857.189947911
  0
LWPOLYLINE
  5
F6
330
17
100
AcDbEntity
  8
ROADS
100
AcDbPolyline
 90
2
 70
0
 10
633874.3893754152
 20
4837832.132743744
 10
633850.0358910363
 20
4837825.026739846
  0
LWPOLYLINE
  5
F7
330
17
100
AcDbEntity
  8
ROADS
100
AcDbPolyline
 90
2
 70
0
 10
633701.6581878822
 20
4837827.658608211
 10
633748.8091876786
 20
4837843.132575252
  0
LWPOLYLINE
  5
F8
330
17
100
AcDbEntity
  8
ROADS
100
AcDbPolyline
 90
2
 70
0
 10
633874.3893754152
 20
4837832.132743744
 10
633898.6401608463
 20
4837839.4429081185
  0
LWPOLYLINE
  5
F9
330
17
100
AcDbEntity
  8
ROADS
100
AcDbPolyline
 90
2
 70
0
 10
633748.8091876786
 20
4837843.132575252
 10
633796.3758460128
 20
4837857.189947911
  0
LWPOLYLINE
  5
FA
330
17
100
AcDbEntity
  8
ROADS
100
AcDbPolyline
 90
2
 70
0
 10
633860.3170651101
 20
4837879.032090571
 10
633874.3893754152
 20
4837832.132743744
  0
LWPOLYLINE
  5
FB
330
17
100
AcDbEntity
  8
ROADS
100
AcDbPolyline
 90
2
 70
0
 10
633796.3758460128
 20
4837857.189947911
 10
633860.3170651101
 20
4837879.032090571
  0
LWPOLYLINE
  5
FC
330
17
100
AcDbEntity
  8
ROADS
100
AcDbPolyline
 90
2
 70
0
 10
633613.9646719868
 20
4837781.286946857
 10
633556.7288767153
 20
4837976.819697113
  0
LWPOLYLINE
  5
FD
330
17
100
AcDbEntity
  8
ROADS
100
AcDbPolyline
 90
2
 70
0
 10
633860.3170651101
 20
4837879.032090571
 10
633917.1434434766
 20
4837895.470127796
  0
LWPOLYLINE
  5
FE
330
17
100
AcDbEntity
  8
ROADS
100
AcDbPolyline
 90
2
 70
0
 10
633660.8357591353
 20
4837795.537742055
 10
633605.078038454
 20
4837990.906235165
  0
LWPOLYLINE
  5
FF
330
17
100
AcDbEntity
  8
ROADS
100
AcDbPolyline
 90
2
 70
0
 10
633917.1434434766
 20
4837895.470127796
 10
633959.7271681908
 20
4837907.788256293
  0
LWPOLYLINE
  5
100
330
17
100
AcDbEntity
  8
ROADS
100
AcDbPolyline
 90
2
 70
0
 10
633796.3758460128
 20
4837857.189947911
 10
633769.2396536174
 20
4837949.1997052645
  0
LWPOLYLINE
  5
101
330
17
100
AcDbEntity
  8
ROADS
100
AcDbPolyline
 90
2
 70
0
 10
633917.1434434766
 20
4837895.470127796
 10
633905.35434952
 20
4837937.8884024555
  0
LWPOLYLINE
  5
102
330
17
100
AcDbEntity
  8
ROADS
100
AcDbPolyline
 90
2
 70
0
 10
633905.35434952
 20
4837937.8884024555
 10
633827.9109903821
 20
4837913.780876641
  0
LWPOLYLINE
  5
103
330
17
100
AcDbEntity
  8
ROADS
100
AcDbPolyline
 90
2
 70
0
 10
633748.8091876786
 20
4837843.132575252
 10
633695.9620186593
 20
4838027.090821754
  0
LWPOLYLINE
  5
104
330
17
100
AcDbEntity
  8
ROADS
100
AcDbPolyline
 90
2
 70
0
 10
633959.7271681908
 20
4837907.788256293
 10
633928.8149599722
 20
4837998.342645757
  0
LWPOLYLINE
  5
105
330
17
100
AcDbEntity
  8
ROADS
100
AcDbPolyline
 90
2
 70
0
 10
633308.6630116403
 20
4837903.768558961
 10
633304.1446053485
 20
4837922.018307972
  0
LWPOLYLINE
  5
106
330
17
100
AcDbEntity
  8
ROADS
100
AcDbPolyline
 90
2
 70
0
 10
633308.6630116403
 20
4837903.768558961
 10
633374.5431000342
 20
4837923.243554221
  0
LWPOLYLINE
  5
107
330
17
100
AcDbEntity
  8
ROADS
100
AcDbPolyline
 90
2
 70
0
 10
633203.3272974779
 20
4837895.876950898
 10
633189.1119222244
 20
4837945.710848132
  0
LWPOLYLINE
  5
108
330
17
100
AcDbEntity
  8
ROADS
100
AcDbPolyline
 90
2
 70
0
 10
633374.5431000342
 20
4837923.243554221
 10
633453.4769051255
 20
4837946.331923829
  0
LWPOLYLINE
  5
109
330
17
100
AcDbEntity
  8
ROADS
100
AcDbPolyline
 90
2
 70
0
 10
633453.4769051255
 20
4837946.331923829
 10
633496.4975444665
 20
4837958.763953542
  0
LWPOLYLINE
  5
10A
330
17
100
AcDbEntity
  8
ROADS
100
AcDbPolyline
 90
2
 70
0
 10
633496.4975444665
 20
4837958.763953542
 10
633556.7288767153
 20
4837976.819697113
  0
LWPOLYLINE
  5
10B
330
17
100
AcDbEntity
  8
ROADS
100
AcDbPolyline
 90
2
 70
0
 10
633304.1446053485
 20
4837922.018307972
 10
633276.1706826302
 20
4838015.392883883
  0
LWPOLYLINE
  5
10C
330
17
100
AcDbEntity
  8
ROADS
100
AcDbPolyline
 90
2
 70
0
 10
633496.4975444665
 20
4837958.763953542
 10
633483.0755334871
 20
4838006.700086807
  0
LWPOLYLINE
  5
10D
330
17
100
AcDbEntity
  8
ROADS
100
AcDbPolyline
 90
2
 70
0
 10
633079.0172574845
 20
4837955.989608879
 10
633276.1706826302
 20
4838015.392883883
  0
LWPOLYLINE
  5
10E
330
17
100
AcDbEntity
  8
ROADS
100
AcDbPolyline
 90
2
 70
0
 10
633374.5431000342
 20
4837923.243554221
 10
633328.7552461764
 20
4838077.910902358
  0
LWPOLYLINE
  5
10F
330
17
100
AcDbEntity
  8
ROADS
100
AcDbPolyline
 90
2
 70
0
 10
633905.35434952
 20
4837937.8884024555
 10
633891.0793165461
 20
4837989.249448799
  0
LWPOLYLINE
  5
110
330
17
100
AcDbEntity
  8
ROADS
100
AcDbPolyline
 90
2
 70
0
 10
633769.2396536174
 20
4837949.1997052645
 10
633891.0793165461
 20
4837989.249448799
  0
LWPOLYLINE
  5
111
330
17
100
AcDbEntity
  8
ROADS
100
AcDbPolyline
 90
2
 70
0
 10
633556.7288767153
 20
4837976.819697113
 10
633605.078038454
 20
4837990.906235165
  0
LWPOLYLINE
  5
112
330
17
100
AcDbEntity
  8
ROADS
100
AcDbPolyline
 90
2
 70
0
 10
633701.6581878822
 20
4837827.658608211
 10
633606.6826920881
 20
4838158.471845679
  0
LWPOLYLINE
  5
113
330
17
100
AcDbEntity
  8
ROADS
100
AcDbPolyline
 90
2
 70
0
 10
633891.0793165461
 20
4837989.249448799
 10
633928.8149599722
 20
4837998.342645757
  0
LWPOLYLINE
  5
114
330
17
100
AcDbEntity
  8
ROADS
100
AcDbPolyline
 90
2
 70
0
 10
633769.2396536174
 20
4837949.1997052645
 10
633741.9208557592
 20
4838041.683184294
  0
LWPOLYLINE
  5
115
330
17
100
AcDbEntity
  8
ROADS
100
AcDbPolyline
 90
2
 70
0
 10
633741.9208557592
 20
4838041.683184294
 10
633695.9620186593
 20
4838027.090821754
  0
LWPOLYLINE
  5
116
330
17
100
AcDbEntity
  8
ROADS
100
AcDbPolyline
 90
2
 70
0
 10
633928.8149599722
 20
4837998.342645757
 10
633902.713828631
 20
4838085.208726496
  0
LWPOLYLINE
  5
117
330
17
100
AcDbEntity
  8
ROADS
100
AcDbPolyline
 90
2
 70
0
 10
633695.9620186593
 20
4838027.090821754
 10
633682.7537174318
 20
4838072.333626974
  0
LWPOLYLINE
  5
118
330
17
100
AcDbEntity
  8
ROADS
100
AcDbPolyline
 90
2
 70
0
 10
633741.9208557592
 20
4838041.683184294
 10
633902.713828631
 20
4838085.208726496
  0
LWPOLYLINE
  5
119
330
17
100
AcDbEntity
  8
ROADS
100
AcDbPolyline
 90
2
 70
0
 10
633928.8149599722
 20
4837998.342645757
 10
634129.1015065203
 20
4838056.6196580455
  0
LWPOLYLINE
  5
11A
330
17
100
AcDbEntity
  8
ROADS
100
AcDbPolyline
 90
2
 70
0
 10
634141.9088105223
 20
4838015.74390095
 10
634129.1015065203
 20
4838056.6196580455
  0
LWPOLYLINE
  5
11B
330
17
100
AcDbEntity
  8
ROADS
100
AcDbPolyline
 90
2
 70
0
 10
634129.1015065203
 20
4838056.6196580455
 10
634200.4250868943
 20
4838078.981502048
  0
LWPOLYLINE
  5
11C
330
17
100
AcDbEntity
  8
ROADS
100
AcDbPolyline
 90
2
 70
0
 10
634129.1015065203
 20
4838056.6196580455
 10
634101.7295004394
 20
4838143.747823757
  0
LWPOLYLINE
  5
11D
330
17
100
AcDbEntity
  8
ROADS
100
AcDbPolyline
 90
2
 70
0
 10
633996.0056107435
 20
4838111.411094453
 10
634067.998590227
 20
4838134.355008812
  0
LWPOLYLINE
  5
11E
330
17
100
AcDbEntity
  8
ROADS
100
AcDbPolyline
 90
2
 70
0
 10
634067.998590227
 20
4838134.355008812
 10
634101.7295004394
 20
4838143.747823757
  0
LWPOLYLINE
  5
11F
330
17
100
AcDbEntity
  8
ROADS
100
AcDbPolyline
 90
2
 70
0
 10
633453.4769051255
 20
4837946.331923829
 10
633408.1175885191
 20
4838101.302080135
  0
LWPOLYLINE
  5
120
330
17
100
AcDbEntity
  8
ROADS
100
AcDbPolyline
 90
2
 70
0
 10
633276.1706826302
 20
4838015.392883883
 10
633262.2526402939
 20
4838059.0156671805
  0
LWPOLYLINE
  5
121
330
17
100
AcDbEntity
  8
ROADS
100
AcDbPolyline
 90
2
 70
0
 10
633556.7288767153
 20
4837976.819697113
 10
633512.7455945201
 20
4838131.350248069
  0
LWPOLYLINE
  5
122
330
17
100
AcDbEntity
  8
ROADS
100
AcDbPolyline
 90
3
 70
0
 10
633201.8838614182
 20
4838094.787738848
 10
633215.7910278713
 20
4838047.066440505
 10
633118.8529638639
 20
4838018.553020086
  0
LWPOLYLINE
  5
123
330
17
100
AcDbEntity
  8
ROADS
100
AcDbPolyline
 90
2
 70
0
 10
633262.2526402939
 20
4838059.0156671805
 10
633307.8480059776
 20
4838071.97031136
  0
LWPOLYLINE
  5
124
330
17
100
AcDbEntity
  8
ROADS
100
AcDbPolyline
 90
2
 70
0
 10
633307.8480059776
 20
4838071.97031136
 10
633328.7552461764
 20
4838077.910902358
  0
LWPOLYLINE
  5
125
330
17
100
AcDbEntity
  8
ROADS
100
AcDbPolyline
 90
2
 70
0
 10
633262.2526402939
 20
4838059.0156671805
 10
633247.3482446751
 20
4838107.685012241
  0
LWPOLYLINE
  5
126
330
17
100
AcDbEntity
  8
ROADS
100
AcDbPolyline
 90
2
 70
0
 10
633328.7552461764
 20
4838077.910902358
 10
633408.1175885191
 20
4838101.302080135
  0
LWPOLYLINE
  5
127
330
17
100
AcDbEntity
  8
ROADS
100
AcDbPolyline
 90
2
 70
0
 10
633307.8480059776
 20
4838071.97031136
 10
633294.3609408402
 20
4838117.53104635
  0
LWPOLYLINE
  5
128
330
17
100
AcDbEntity
  8
ROADS
100
AcDbPolyline
 90
2
 70
0
 10
633201.8838614182
 20
4838094.787738848
 10
633247.3482446751
 20
4838107.685012241
  0
LWPOLYLINE
  5
129
330
17
100
AcDbEntity
  8
ROADS
100
AcDbPolyline
 90
2
 70
0
 10
632777.8467455308
 20
4837969.35399338
 10
632749.2851283369
 20
4838066.747105694
  0
LWPOLYLINE
  5
12A
330
17
100
AcDbEntity
  8
ROADS
100
AcDbPolyline
 90
2
 70
0
 10
632886.650715366
 20
4838001.126225822
 10
633051.4106134702
 20
4838050.29083524
  0
LWPOLYLINE
  5
12B
330
17
100
AcDbEntity
  8
ROADS
100
AcDbPolyline
 90
2
 70
0
 10
632886.650715366
 20
4838001.126225822
 10
632857.8076274341
 20
4838098.377265544
  0
LWPOLYLINE
  5
12C
330
17
100
AcDbEntity
  8
ROADS
100
AcDbPolyline
 90
2
 70
0
 10
633051.4106134702
 20
4838050.29083524
 10
633201.8838614182
 20
4838094.787738848
  0
LWPOLYLINE
  5
12D
330
17
100
AcDbEntity
  8
ROADS
100
AcDbPolyline
 90
2
 70
0
 10
632749.2851283369
 20
4838066.747105694
 10
632857.8076274341
 20
4838098.377265544
  0
LWPOLYLINE
  5
12E
330
17
100
AcDbEntity
  8
ROADS
100
AcDbPolyline
 90
2
 70
0
 10
633051.4106134702
 20
4838050.29083524
 10
633024.8229009958
 20
4838137.410904428
  0
LWPOLYLINE
  5
12F
330
17
100
AcDbEntity
  8
ROADS
100
AcDbPolyline
 90
2
 70
0
 10
632749.2851283369
 20
4838066.747105694
 10
632719.3959810222
 20
4838164.3282074295
  0
LWPOLYLINE
  5
130
330
17
100
AcDbEntity
  8
ROADS
100
AcDbPolyline
 90
2
 70
0
 10
632857.8076274341
 20
4838098.377265544
 10
632830.2926779034
 20
4838196.067343914
  0
LWPOLYLINE
  5
131
330
17
100
AcDbEntity
  8
ROADS
100
AcDbPolyline
 90
3
 70
0
 10
633024.8229009958
 20
4838137.410904428
 10
632948.8195253932
 20
4838118.077812957
 10
632916.0137673425
 20
4838220.87563185
  0
LWPOLYLINE
  5
132
330
17
100
AcDbEntity
  8
ROADS
100
AcDbPolyline
 90
2
 70
0
 10
632719.3959810222
 20
4838164.3282074295
 10
632830.2926779034
 20
4838196.067343914
  0
LWPOLYLINE
  5
133
330
17
100
AcDbEntity
  8
ROADS
100
AcDbPolyline
 90
2
 70
0
 10
632330.4388041005
 20
4837783.676245854
 10
632320.7242094274
 20
4837732.958937592
  0
LWPOLYLINE
  5
134
330
17
100
AcDbEntity
  8
ROADS
100
AcDbPolyline
 90
2
 70
0
 10
632290.0778589118
 20
4837782.6191650145
 10
632330.4388041005
 20
4837783.676245854
  0
LWPOLYLINE
  5
135
330
17
100
AcDbEntity
  8
ROADS
100
AcDbPolyline
 90
7
 70
0
 10
632170.89979515
 20
4838260.29267934
 10
632204.4227723494
 20
4838249.378133882
 10
632272.8272546147
 20
4838142.763065885
 10
632270.1609910314
 20
4838069.724211489
 10
632212.3570389566
 20
4838036.299233758
 10
632198.7219309384
 20
4838056.208170488
 10
632209.7049707749
 20
4838117.51752003
  0
LWPOLYLINE
  5
136
330
17
100
AcDbEntity
  8
ROADS
100
AcDbPolyline
 90
5
 70
0
 10
632428.2823755224
 20
4838080.442725146
 10
632385.4451683967
 20
4838111.179378894
 10
632369.0928524456
 20
4838230.0608440675
 10
632266.487891485
 20
4838363.0934080165
 10
632192.8085988113
 20
4838373.669640322
  0
LWPOLYLINE
  5
137
330
17
100
AcDbEntity
  8
ROADS
100
AcDbPolyline
 90
2
 70
0
 10
632408.6008105185
 20
4837968.309081847
 10
632557.502367883
 20
4838011.384332968
  0
LWPOLYLINE
  5
138
330
17
100
AcDbEntity
  8
ROADS
100
AcDbPolyline
 90
2
 70
0
 10
632408.6008105185
 20
4837968.309081847
 10
632426.3765499366
 20
4838069.587415265
  0
LWPOLYLINE
  5
139
330
17
100
AcDbEntity
  8
ROADS
100
AcDbPolyline
 90
2
 70
0
 10
632557.502367883
 20
4838011.384332968
 10
632749.2851283369
 20
4838066.747105694
  0
LWPOLYLINE
  5
13A
330
17
100
AcDbEntity
  8
ROADS
100
AcDbPolyline
 90
2
 70
0
 10
632557.502367883
 20
4838011.384332968
 10
632529.4589916233
 20
4838107.826676346
  0
LWPOLYLINE
  5
13B
330
17
100
AcDbEntity
  8
ROADS
100
AcDbPolyline
 90
2
 70
0
 10
632426.3765499366
 20
4838069.587415265
 10
632428.2823755224
 20
4838080.442725146
  0
LWPOLYLINE
  5
13C
330
17
100
AcDbEntity
  8
ROADS
100
AcDbPolyline
 90
2
 70
0
 10
632428.2823755224
 20
4838080.442725146
 10
632529.4589916233
 20
4838107.826676346
  0
LWPOLYLINE
  5
13D
330
17
100
AcDbEntity
  8
ROADS
100
AcDbPolyline
 90
2
 70
0
 10
632529.4589916233
 20
4838107.826676346
 10
632621.9507285594
 20
4838135.665608401
  0
LWPOLYLINE
  5
13E
330
17
100
AcDbEntity
  8
ROADS
100
AcDbPolyline
 90
2
 70
0
 10
632621.9507285594
 20
4838135.665608401
 10
632719.3959810222
 20
4838164.3282074295
  0
LWPOLYLINE
  5
13F
330
17
100
AcDbEntity
  8
ROADS
100
AcDbPolyline
 90
2
 70
0
 10
632428.2823755224
 20
4838080.442725146
 10
632455.5185754229
 20
4838222.982375302
  0
LWPOLYLINE
  5
140
330
17
100
AcDbEntity
  8
ROADS
100
AcDbPolyline
 90
4
 70
0
 10
632330.2359325296
 20
4838272.5753712375
 10
632374.3953423518
 20
4838202.631619756
 10
632379.3992656992
 20
4838104.623528056
 10
632426.3765499366
 20
4838069.587415265
  0
LWPOLYLINE
  5
141
330
17
100
AcDbEntity
  8
ROADS
100
AcDbPolyline
 90
2
 70
0
 10
632621.9507285594
 20
4838135.665608401
 10
632595.6923222624
 20
4838225.037690995
  0
LWPOLYLINE
  5
142
330
17
100
AcDbEntity
  8
ROADS
100
AcDbPolyline
 90
2
 70
0
 10
632455.5185754229
 20
4838222.982375302
 10
632575.9994023922
 20
4838220.580180728
  0
LWPOLYLINE
  5
143
330
17
100
AcDbEntity
  8
ROADS
100
AcDbPolyline
 90
2
 70
0
 10
632575.9994023922
 20
4838220.580180728
 10
632595.6923222624
 20
4838225.037690995
  0
LWPOLYLINE
  5
144
330
17
100
AcDbEntity
  8
ROADS
100
AcDbPolyline
 90
2
 70
0
 10
632455.5185754229
 20
4838222.982375302
 10
632462.8372691877
 20
4838253.220089553
  0
LWPOLYLINE
  5
145
330
17
100
AcDbEntity
  8
ROADS
100
AcDbPolyline
 90
2
 70
0
 10
632462.8372691877
 20
4838253.220089553
 10
632450.5936682929
 20
4838255.688844778
  0
LWPOLYLINE
  5
146
330
17
100
AcDbEntity
  8
ROADS
100
AcDbPolyline
 90
2
 70
0
 10
632429.7610759122
 20
4838247.725450389
 10
632431.6709692333
 20
4838267.644538571
  0
LWPOLYLINE
  5
147
330
17
100
AcDbEntity
  8
ROADS
100
AcDbPolyline
 90
2
 70
0
 10
632595.6923222624
 20
4838225.037690995
 10
632802.691810693
 20
4838291.98171302
  0
LWPOLYLINE
  5
148
330
17
100
AcDbEntity
  8
ROADS
100
AcDbPolyline
 90
2
 70
0
 10
632450.5936682929
 20
4838255.688844778
 10
632431.6709692333
 20
4838267.644538571
  0
LWPOLYLINE
  5
149
330
17
100
AcDbEntity
  8
ROADS
100
AcDbPolyline
 90
2
 70
0
 10
632450.5936682929
 20
4838255.688844778
 10
632437.4235013595
 20
4838280.3015611665
  0
LWPOLYLINE
  5
14A
330
17
100
AcDbEntity
  8
ROADS
100
AcDbPolyline
 90
2
 70
0
 10
632575.9994023922
 20
4838220.580180728
 10
632601.1562893848
 20
4838318.118782984
  0
LWPOLYLINE
  5
14B
330
17
100
AcDbEntity
  8
ROADS
100
AcDbPolyline
 90
2
 70
0
 10
632170.89979515
 20
4838260.29267934
 10
632150.9101391672
 20
4838200.473554753
  0
LWPOLYLINE
  5
14C
330
17
100
AcDbEntity
  8
ROADS
100
AcDbPolyline
 90
2
 70
0
 10
632330.2359325296
 20
4838272.5753712375
 10
632299.9925239682
 20
4838264.506766945
  0
LWPOLYLINE
  5
14D
330
17
100
AcDbEntity
  8
ROADS
100
AcDbPolyline
 90
2
 70
0
 10
632175.7603360689
 20
4838284.473445227
 10
632170.89979515
 20
4838260.29267934
  0
LWPOLYLINE
  5
14E
330
17
100
AcDbEntity
  8
ROADS
100
AcDbPolyline
 90
2
 70
0
 10
632170.89979515
 20
4838260.29267934
 10
632175.2916828855
 20
4838301.24700829
  0
LWPOLYLINE
  5
14F
330
17
100
AcDbEntity
  8
ROADS
100
AcDbPolyline
 90
2
 70
0
 10
632175.7603360689
 20
4838284.473445227
 10
632194.9086580668
 20
4838282.076577518
  0
LWPOLYLINE
  5
150
330
17
100
AcDbEntity
  8
ROADS
100
AcDbPolyline
 90
2
 70
0
 10
632194.9086580668
 20
4838282.076577518
 10
632189.7602091125
 20
4838291.700202735
  0
LWPOLYLINE
  5
151
330
17
100
AcDbEntity
  8
ROADS
100
AcDbPolyline
 90
2
 70
0
 10
632189.7602091125
 20
4838291.700202735
 10
632175.7603360689
 20
4838284.473445227
  0
LWPOLYLINE
  5
152
330
17
100
AcDbEntity
  8
ROADS
100
AcDbPolyline
 90
2
 70
0
 10
632175.2916828855
 20
4838301.24700829
 10
632175.7603360689
 20
4838284.473445227
  0
LWPOLYLINE
  5
153
330
17
100
AcDbEntity
  8
ROADS
100
AcDbPolyline
 90
2
 70
0
 10
632175.2916828855
 20
4838301.24700829
 10
632189.7602091125
 20
4838291.700202735
  0
LWPOLYLINE
  5
154
330
17
100
AcDbEntity
  8
ROADS
100
AcDbPolyline
 90
2
 70
0
 10
632802.691810693
 20
4838291.98171302
 10
632965.1952692897
 20
4838340.271574495
  0
LWPOLYLINE
  5
155
330
17
100
AcDbEntity
  8
ROADS
100
AcDbPolyline
 90
2
 70
0
 10
632802.691810693
 20
4838291.98171302
 10
632779.19268857
 20
4838366.41856274
  0
LWPOLYLINE
  5
156
330
17
100
AcDbEntity
  8
ROADS
100
AcDbPolyline
 90
2
 70
0
 10
633150.7591811457
 20
4838289.007618599
 10
633121.6135038662
 20
4838386.118227829
  0
LWPOLYLINE
  5
157
330
17
100
AcDbEntity
  8
ROADS
100
AcDbPolyline
 90
2
 70
0
 10
632699.3888683135
 20
4838342.342325095
 10
632779.19268857
 20
4838366.41856274
  0
LWPOLYLINE
  5
158
330
17
100
AcDbEntity
  8
ROADS
100
AcDbPolyline
 90
2
 70
0
 10
632965.1952692897
 20
4838340.271574495
 10
633121.6135038662
 20
4838386.118227829
  0
LWPOLYLINE
  5
159
330
17
100
AcDbEntity
  8
ROADS
100
AcDbPolyline
 90
2
 70
0
 10
632965.1952692897
 20
4838340.271574495
 10
632938.805876198
 20
4838435.332814802
  0
LWPOLYLINE
  5
15A
330
17
100
AcDbEntity
  8
ROADS
100
AcDbPolyline
 90
2
 70
0
 10
633121.6135038662
 20
4838386.118227829
 10
633162.2204539124
 20
4838398.021605604
  0
LWPOLYLINE
  5
15B
330
17
100
AcDbEntity
  8
ROADS
100
AcDbPolyline
 90
2
 70
0
 10
632779.19268857
 20
4838366.41856274
 10
632743.3894264881
 20
4838489.906217355
  0
LWPOLYLINE
  5
15C
330
17
100
AcDbEntity
  8
ROADS
100
AcDbPolyline
 90
2
 70
0
 10
633121.6135038662
 20
4838386.118227829
 10
633093.4234176201
 20
4838480.323872762
  0
LWPOLYLINE
  5
15D
330
17
100
AcDbEntity
  8
ROADS
100
AcDbPolyline
 90
2
 70
0
 10
632938.805876198
 20
4838435.332814802
 10
633093.4234176201
 20
4838480.323872762
  0
LWPOLYLINE
  5
15E
330
17
100
AcDbEntity
  8
ROADS
100
AcDbPolyline
 90
2
 70
0
 10
632431.6709692333
 20
4838267.644538571
 10
632437.4235013595
 20
4838280.3015611665
  0
LWPOLYLINE
  5
15F
330
17
100
AcDbEntity
  8
ROADS
100
AcDbPolyline
 90
2
 70
0
 10
632462.8372691877
 20
4838253.220089553
 10
632476.3124150913
 20
4838308.893128333
  0
LWPOLYLINE
  5
160
330
17
100
AcDbEntity
  8
ROADS
100
AcDbPolyline
 90
2
 70
0
 10
632437.4235013595
 20
4838280.3015611665
 10
632443.6973958747
 20
4838317.268901421
  0
LWPOLYLINE
  5
161
330
17
100
AcDbEntity
  8
ROADS
100
AcDbPolyline
 90
2
 70
0
 10
632476.3124150913
 20
4838308.893128333
 10
632443.6973958747
 20
4838317.268901421
  0
LWPOLYLINE
  5
162
330
17
100
AcDbEntity
  8
ROADS
100
AcDbPolyline
 90
2
 70
0
 10
632601.1562893848
 20
4838318.118782984
 10
632699.3888683135
 20
4838342.342325095
  0
LWPOLYLINE
  5
163
330
17
100
AcDbEntity
  8
ROADS
100
AcDbPolyline
 90
2
 70
0
 10
632601.1562893848
 20
4838318.118782984
 10
632623.0218626417
 20
4838406.923189367
  0
LWPOLYLINE
  5
164
330
17
100
AcDbEntity
  8
ROADS
100
AcDbPolyline
 90
2
 70
0
 10
632476.3124150913
 20
4838308.893128333
 10
632510.0788825268
 20
4838432.36594392
  0
LWPOLYLINE
  5
165
330
17
100
AcDbEntity
  8
ROADS
100
AcDbPolyline
 90
3
 70
0
 10
632623.0218626417
 20
4838406.923189367
 10
632683.0333370629
 20
4838390.127261378
 10
632699.3888683135
 20
4838342.342325095
  0
LWPOLYLINE
  5
166
330
17
100
AcDbEntity
  8
ROADS
100
AcDbPolyline
 90
2
 70
0
 10
632510.0788825268
 20
4838432.36594392
 10
632623.0218626417
 20
4838406.923189367
  0
LWPOLYLINE
  5
167
330
17
100
AcDbEntity
  8
ROADS
100
AcDbPolyline
 90
6
 70
0
 10
632443.6973958747
 20
4838317.268901421
 10
632395.626685842
 20
4838329.929471524
 10
632375.0563567436
 20
4838359.550728125
 10
632366.0306163117
 20
4838462.503458205
 10
632382.8681646183
 20
4838499.312843058
 10
632467.4696889216
 20
4838557.313508562
  0
LWPOLYLINE
  5
168
330
17
100
AcDbEntity
  8
ROADS
100
AcDbPolyline
 90
4
 70
0
 10
632194.9086580668
 20
4838282.076577518
 10
632234.2573376251
 20
4838290.444882229
 10
632232.0052154411
 20
4838314.161977132
 10
632249.4822292584
 20
4838320.096525418
  0
LWPOLYLINE
  5
169
330
17
100
AcDbEntity
  8
ROADS
100
AcDbPolyline
 90
3
 70
0
 10
632192.8085988113
 20
4838373.669640322
 10
632258.567225641
 20
4838362.267089274
 10
632330.2359325296
 20
4838272.5753712375
  0
LWPOLYLINE
  5
16A
330
17
100
AcDbEntity
  8
ROADS
100
AcDbPolyline
 90
2
 70
0
 10
632192.8085988113
 20
4838373.669640322
 10
632175.2916828855
 20
4838301.24700829
  0
LWPOLYLINE
  5
16B
330
17
100
AcDbEntity
  8
ROADS
100
AcDbPolyline
 90
2
 70
0
 10
632097.3069075039
 20
4838436.324171928
 10
632192.8085988113
 20
4838373.669640322
  0
LWPOLYLINE
  5
16C
330
17
100
AcDbEntity
  8
ROADS
100
AcDbPolyline
 90
2
 70
0
 10
632024.8604665563
 20
4838508.554391736
 10
632097.3069075039
 20
4838436.324171928
  0
LWPOLYLINE
  5
16D
330
17
100
AcDbEntity
  8
ROADS
100
AcDbPolyline
 90
3
 70
0
 10
632097.3069075039
 20
4838436.324171928
 10
632043.4710472077
 20
4838489.028502097
 10
632017.7650252786
 20
4838541.777596986
  0
LWPOLYLINE
  5
16E
330
17
100
AcDbEntity
  8
ROADS
100
AcDbPolyline
 90
2
 70
0
 10
632014.5121309599
 20
4838505.450426528
 10
632024.8604665563
 20
4838508.554391736
  0
LWPOLYLINE
  5
16F
330
17
100
AcDbEntity
  8
ROADS
100
AcDbPolyline
 90
2
 70
0
 10
632005.6529345764
 20
4838529.156764733
 10
632002.9865449903
 20
4838555.8957132595
  0
LWPOLYLINE
  5
170
330
17
100
AcDbEntity
  8
ROADS
100
AcDbPolyline
 90
2
 70
0
 10
632002.9865449903
 20
4838555.8957132595
 10
632024.8604665563
 20
4838508.554391736
  0
LWPOLYLINE
  5
171
330
17
100
AcDbEntity
  8
ROADS
100
AcDbPolyline
 90
2
 70
0
 10
632017.7650252786
 20
4838541.777596986
 10
632002.9865449903
 20
4838555.8957132595
  0
LWPOLYLINE
  5
172
330
17
100
AcDbEntity
  8
ROADS
100
AcDbPolyline
 90
2
 70
0
 10
632623.0218626417
 20
4838406.923189367
 10
632646.9383254587
 20
4838490.378282616
  0
LWPOLYLINE
  5
173
330
17
100
AcDbEntity
  8
ROADS
100
AcDbPolyline
 90
2
 70
0
 10
632510.0788825268
 20
4838432.36594392
 10
632533.8796657433
 20
4838517.23952946
  0
LWPOLYLINE
  5
174
330
17
100
AcDbEntity
  8
ROADS
100
AcDbPolyline
 90
3
 70
0
 10
632646.9383254587
 20
4838490.378282616
 10
632698.5311703768
 20
4838477.838438064
 10
632743.3894264881
 20
4838489.906217355
  0
LWPOLYLINE
  5
175
330
17
100
AcDbEntity
  8
ROADS
100
AcDbPolyline
 90
2
 70
0
 10
632533.8796657433
 20
4838517.23952946
 10
632646.9383254587
 20
4838490.378282616
  0
LWPOLYLINE
  5
176
330
17
100
AcDbEntity
  8
ROADS
100
AcDbPolyline
 90
2
 70
0
 10
632743.3894264881
 20
4838489.906217355
 10
632712.370932532
 20
4838596.064528417
  0
LWPOLYLINE
  5
177
330
17
100
AcDbEntity
  8
ROADS
100
AcDbPolyline
 90
2
 70
0
 10
632533.8796657433
 20
4838517.23952946
 10
632553.7711155501
 20
4838595.755423619
  0
LWPOLYLINE
  5
178
330
17
100
AcDbEntity
  8
ROADS
100
AcDbPolyline
 90
3
 70
0
 10
632553.7711155501
 20
4838595.755423619
 10
632641.2220620466
 20
4838576.895665219
 10
632712.370932532
 20
4838596.064528417
  0
LWPOLYLINE
  5
179
330
17
100
AcDbEntity
  8
ROADS
100
AcDbPolyline
 90
2
 70
0
 10
632478.5864212763
 20
4838581.371445742
 10
632477.4613102729
 20
4838656.17791379
  0
LWPOLYLINE
  5
17A
330
17
100
AcDbEntity
  8
ROADS
100
AcDbPolyline
 90
2
 70
0
 10
632553.7711155501
 20
4838595.755423619
 10
632575.3699367207
 20
4838681.665786061
  0
LWPOLYLINE
  5
17B
330
17
100
AcDbEntity
  8
ROADS
100
AcDbPolyline
 90
2
 70
0
 10
632712.370932532
 20
4838596.064528417
 10
632680.6941613735
 20
4838704.832118489
  0
LWPOLYLINE
  5
17C
330
17
100
AcDbEntity
  8
ROADS
100
AcDbPolyline
 90
2
 70
0
 10
633093.4234176201
 20
4838480.323872762
 10
633133.752574342
 20
4838492.214235652
  0
LWPOLYLINE
  5
17D
330
17
100
AcDbEntity
  8
ROADS
100
AcDbPolyline
 90
2
 70
0
 10
632938.805876198
 20
4838435.332814802
 10
632909.1755519828
 20
4838538.668076907
  0
LWPOLYLINE
  5
17E
330
17
100
AcDbEntity
  8
ROADS
100
AcDbPolyline
 90
2
 70
0
 10
633093.4234176201
 20
4838480.323872762
 10
633081.5185131255
 20
4838517.365501284
  0
LWPOLYLINE
  5
17F
330
17
100
AcDbEntity
  8
ROADS
100
AcDbPolyline
 90
2
 70
0
 10
632743.3894264881
 20
4838489.906217355
 10
632909.1755519828
 20
4838538.668076907
  0
LWPOLYLINE
  5
180
330
17
100
AcDbEntity
  8
ROADS
100
AcDbPolyline
 90
2
 70
0
 10
633133.752574342
 20
4838492.214235652
 10
633101.6554921851
 20
4838596.4080056185
  0
LWPOLYLINE
  5
181
330
17
100
AcDbEntity
  8
ROADS
100
AcDbPolyline
 90
2
 70
0
 10
632909.1755519828
 20
4838538.668076907
 10
633054.871588494
 20
4838582.374714826
  0
LWPOLYLINE
  5
182
330
17
100
AcDbEntity
  8
ROADS
100
AcDbPolyline
 90
2
 70
0
 10
633054.871588494
 20
4838582.374714826
 10
633101.6554921851
 20
4838596.4080056185
  0
LWPOLYLINE
  5
183
330
17
100
AcDbEntity
  8
ROADS
100
AcDbPolyline
 90
2
 70
0
 10
633026.6997592738
 20
4838691.325326469
 10
633054.871588494
 20
4838582.374714826
  0
LWPOLYLINE
  5
184
330
17
100
AcDbEntity
  8
ROADS
100
AcDbPolyline
 90
2
 70
0
 10
632712.370932532
 20
4838596.064528417
 10
633026.6997592738
 20
4838691.325326469
  0
LWPOLYLINE
  5
185
330
17
100
AcDbEntity
  8
ROADS
100
AcDbPolyline
 90
2
 70
0
 10
633101.6554921851
 20
4838596.4080056185
 10
633071.6892971785
 20
4838704.430602495
  0
LWPOLYLINE
  5
186
330
17
100
AcDbEntity
  8
ROADS
100
AcDbPolyline
 90
2
 70
0
 10
632477.4613102729
 20
4838656.17791379
 10
632575.3699367207
 20
4838681.665786061
  0
LWPOLYLINE
  5
187
330
17
100
AcDbEntity
  8
ROADS
100
AcDbPolyline
 90
2
 70
0
 10
632207.0932082578
 20
4838602.392598279
 10
632436.5006274846
 20
4838783.808965002
  0
LWPOLYLINE
  5
188
330
17
100
AcDbEntity
  8
ROADS
100
AcDbPolyline
 90
2
 70
0
 10
632575.3699367207
 20
4838681.665786061
 10
632680.6941613735
 20
4838704.832118489
  0
LWPOLYLINE
  5
189
330
17
100
AcDbEntity
  8
ROADS
100
AcDbPolyline
 90
2
 70
0
 10
632477.4613102729
 20
4838656.17791379
 10
632436.5006274846
 20
4838783.808965002
  0
LWPOLYLINE
  5
18A
330
17
100
AcDbEntity
  8
ROADS
100
AcDbPolyline
 90
3
 70
0
 10
632575.3699367207
 20
4838681.665786061
 10
632582.3052903527
 20
4838707.440239608
 10
632558.2184001523
 20
4838787.717837192
  0
LWPOLYLINE
  5
18B
330
17
100
AcDbEntity
  8
ROADS
100
AcDbPolyline
 90
2
 70
0
 10
632436.5006274846
 20
4838783.808965002
 10
632549.5045060116
 20
4838814.654325667
  0
LWPOLYLINE
  5
18C
330
17
100
AcDbEntity
  8
ROADS
100
AcDbPolyline
 90
2
 70
0
 10
632558.2184001523
 20
4838787.717837192
 10
632549.5045060116
 20
4838814.654325667
  0
LWPOLYLINE
  5
18D
330
17
100
AcDbEntity
  8
ROADS
100
AcDbPolyline
 90
2
 70
0
 10
632436.5006274846
 20
4838783.808965002
 10
632414.4418377766
 20
4838894.1095358115
  0
LWPOLYLINE
  5
18E
330
17
100
AcDbEntity
  8
ROADS
100
AcDbPolyline
 90
2
 70
0
 10
632549.5045060116
 20
4838814.654325667
 10
632527.7082860825
 20
4838884.675541983
  0
LWPOLYLINE
  5
18F
330
17
100
AcDbEntity
  8
ROADS
100
AcDbPolyline
 90
4
 70
0
 10
632660.0991910683
 20
4838897.212846982
 10
632671.4022961168
 20
4838903.927154849
 10
632679.4979939753
 20
4838891.539617403
 10
632660.0991910683
 20
4838897.212846982
  0
LWPOLYLINE
  5
190
330
17
100
AcDbEntity
  8
ROADS
100
AcDbPolyline
 90
2
 70
0
 10
633605.078038454
 20
4837990.906235165
 10
633560.6287068243
 20
4838145.270864527
  0
LWPOLYLINE
  5
191
330
17
100
AcDbEntity
  8
ROADS
100
AcDbPolyline
 90
2
 70
0
 10
633741.9208557592
 20
4838041.683184294
 10
633720.1186960612
 20
4838129.842067525
  0
LWPOLYLINE
  5
192
330
17
100
AcDbEntity
  8
ROADS
100
AcDbPolyline
 90
2
 70
0
 10
633902.713828631
 20
4838085.208726496
 10
633996.0056107435
 20
4838111.411094453
  0
LWPOLYLINE
  5
193
330
17
100
AcDbEntity
  8
ROADS
100
AcDbPolyline
 90
2
 70
0
 10
633902.713828631
 20
4838085.208726496
 10
633872.4841475072
 20
4838176.453485426
  0
LWPOLYLINE
  5
194
330
17
100
AcDbEntity
  8
ROADS
100
AcDbPolyline
 90
2
 70
0
 10
633560.6287068243
 20
4838145.270864527
 10
633606.6826920881
 20
4838158.471845679
  0
LWPOLYLINE
  5
195
330
17
100
AcDbEntity
  8
ROADS
100
AcDbPolyline
 90
2
 70
0
 10
633720.1186960612
 20
4838129.842067525
 10
633872.4841475072
 20
4838176.453485426
  0
LWPOLYLINE
  5
196
330
17
100
AcDbEntity
  8
ROADS
100
AcDbPolyline
 90
2
 70
0
 10
633720.1186960612
 20
4838129.842067525
 10
633702.3921302374
 20
4838187.519168718
  0
LWPOLYLINE
  5
197
330
17
100
AcDbEntity
  8
ROADS
100
AcDbPolyline
 90
2
 70
0
 10
633606.6826920881
 20
4838158.471845679
 10
633702.3921302374
 20
4838187.519168718
  0
LWPOLYLINE
  5
198
330
17
100
AcDbEntity
  8
ROADS
100
AcDbPolyline
 90
2
 70
0
 10
633702.3921302374
 20
4838187.519168718
 10
633686.3015787445
 20
4838214.155827541
  0
LWPOLYLINE
  5
199
330
17
100
AcDbEntity
  8
ROADS
100
AcDbPolyline
 90
2
 70
0
 10
633872.4841475072
 20
4838176.453485426
 10
633854.9309883562
 20
4838234.439772053
  0
LWPOLYLINE
  5
19A
330
17
100
AcDbEntity
  8
ROADS
100
AcDbPolyline
 90
2
 70
0
 10
633408.1175885191
 20
4838101.302080135
 10
633512.7455945201
 20
4838131.350248069
  0
LWPOLYLINE
  5
19B
330
17
100
AcDbEntity
  8
ROADS
100
AcDbPolyline
 90
3
 70
0
 10
633201.8838614182
 20
4838094.787738848
 10
633188.4192691424
 20
4838139.437792248
 10
633088.2528440431
 20
4838110.543930644
  0
LWPOLYLINE
  5
19C
330
17
100
AcDbEntity
  8
ROADS
100
AcDbPolyline
 90
2
 70
0
 10
633294.3609408402
 20
4838117.53104635
 10
633348.4329474979
 20
4838132.976203979
  0
LWPOLYLINE
  5
19D
330
17
100
AcDbEntity
  8
ROADS
100
AcDbPolyline
 90
2
 70
0
 10
633247.3482446751
 20
4838107.685012241
 10
633235.1607458347
 20
4838151.340088578
  0
LWPOLYLINE
  5
19E
330
17
100
AcDbEntity
  8
ROADS
100
AcDbPolyline
 90
2
 70
0
 10
633512.7455945201
 20
4838131.350248069
 10
633560.6287068243
 20
4838145.270864527
  0
LWPOLYLINE
  5
19F
330
17
100
AcDbEntity
  8
ROADS
100
AcDbPolyline
 90
2
 70
0
 10
633294.3609408402
 20
4838117.53104635
 10
633278.3546854109
 20
4838163.8372764755
  0
LWPOLYLINE
  5
1A0
330
17
100
AcDbEntity
  8
ROADS
100
AcDbPolyline
 90
3
 70
0
 10
633135.2621177016
 20
4838160.831122324
 10
633143.8420172525
 20
4838129.965833969
 10
633222.913993822
 20
4838153.262752964
  0
LWPOLYLINE
  5
1A1
330
17
100
AcDbEntity
  8
ROADS
100
AcDbPolyline
 90
2
 70
0
 10
633235.1607458347
 20
4838151.340088578
 10
633278.3546854109
 20
4838163.8372764755
  0
LWPOLYLINE
  5
1A2
330
17
100
AcDbEntity
  8
ROADS
100
AcDbPolyline
 90
2
 70
0
 10
633165.1041437036
 20
4838170.471602264
 10
633135.2621177016
 20
4838160.831122324
  0
LWPOLYLINE
  5
1A3
330
17
100
AcDbEntity
  8
ROADS
100
AcDbPolyline
 90
2
 70
0
 10
633235.1607458347
 20
4838151.340088578
 10
633224.1244531161
 20
4838187.579389123
  0
LWPOLYLINE
  5
1A4
330
17
100
AcDbEntity
  8
ROADS
100
AcDbPolyline
 90
2
 70
0
 10
633512.7455945201
 20
4838131.350248069
 10
633485.1198004534
 20
4838223.664576282
  0
LWPOLYLINE
  5
1A5
330
17
100
AcDbEntity
  8
ROADS
100
AcDbPolyline
 90
2
 70
0
 10
633224.1244531161
 20
4838187.579389123
 10
633165.1041437036
 20
4838170.471602264
  0
LWPOLYLINE
  5
1A6
330
17
100
AcDbEntity
  8
ROADS
100
AcDbPolyline
 90
2
 70
0
 10
633165.1041437036
 20
4838170.471602264
 10
633156.1900611115
 20
4838200.681795404
  0
LWPOLYLINE
  5
1A7
330
17
100
AcDbEntity
  8
ROADS
100
AcDbPolyline
 90
2
 70
0
 10
633278.3546854109
 20
4838163.8372764755
 10
633485.1198004534
 20
4838223.664576282
  0
LWPOLYLINE
  5
1A8
330
17
100
AcDbEntity
  8
ROADS
100
AcDbPolyline
 90
2
 70
0
 10
633278.3546854109
 20
4838163.8372764755
 10
633252.3315395652
 20
4838242.493929356
  0
LWPOLYLINE
  5
1A9
330
17
100
AcDbEntity
  8
ROADS
100
AcDbPolyline
 90
2
 70
0
 10
633156.1900611115
 20
4838200.681795404
 10
633185.9461778877
 20
4838208.934614911
  0
LWPOLYLINE
  5
1AA
330
17
100
AcDbEntity
  8
ROADS
100
AcDbPolyline
 90
2
 70
0
 10
633224.1244531161
 20
4838187.579389123
 10
633211.0756093701
 20
4838230.419816471
  0
LWPOLYLINE
  5
1AB
330
17
100
AcDbEntity
  8
ROADS
100
AcDbPolyline
 90
2
 70
0
 10
633185.9461778877
 20
4838208.934614911
 10
633204.7394289001
 20
4838214.145921074
  0
LWPOLYLINE
  5
1AC
330
17
100
AcDbEntity
  8
ROADS
100
AcDbPolyline
 90
2
 70
0
 10
633211.0756093701
 20
4838230.419816471
 10
633252.3315395652
 20
4838242.493929356
  0
LWPOLYLINE
  5
1AD
330
17
100
AcDbEntity
  8
ROADS
100
AcDbPolyline
 90
2
 70
0
 10
633185.9461778877
 20
4838208.934614911
 10
633164.2008780942
 20
4838280.237024871
  0
LWPOLYLINE
  5
1AE
330
17
100
AcDbEntity
  8
ROADS
100
AcDbPolyline
 90
2
 70
0
 10
633024.8229009958
 20
4838137.410904428
 10
632994.5260422411
 20
4838243.984419801
  0
LWPOLYLINE
  5
1AF
330
17
100
AcDbEntity
  8
ROADS
100
AcDbPolyline
 90
2
 70
0
 10
632830.2926779034
 20
4838196.067343914
 10
632916.0137673425
 20
4838220.87563185
  0
LWPOLYLINE
  5
1B0
330
17
100
AcDbEntity
  8
ROADS
100
AcDbPolyline
 90
2
 70
0
 10
633101.7447141702
 20
4838274.884019842
 10
633135.2621177016
 20
4838160.831122324
  0
LWPOLYLINE
  5
1B1
330
17
100
AcDbEntity
  8
ROADS
100
AcDbPolyline
 90
2
 70
0
 10
632916.0137673425
 20
4838220.87563185
 10
632994.5260422411
 20
4838243.984419801
  0
LWPOLYLINE
  5
1B2
330
17
100
AcDbEntity
  8
ROADS
100
AcDbPolyline
 90
2
 70
0
 10
633156.1900611115
 20
4838200.681795404
 10
633132.3038945775
 20
4838283.689412908
  0
LWPOLYLINE
  5
1B3
330
17
100
AcDbEntity
  8
ROADS
100
AcDbPolyline
 90
2
 70
0
 10
632830.2926779034
 20
4838196.067343914
 10
632802.691810693
 20
4838291.98171302
  0
LWPOLYLINE
  5
1B4
330
17
100
AcDbEntity
  8
ROADS
100
AcDbPolyline
 90
2
 70
0
 10
632994.5260422411
 20
4838243.984419801
 10
633101.7447141702
 20
4838274.884019842
  0
LWPOLYLINE
  5
1B5
330
17
100
AcDbEntity
  8
ROADS
100
AcDbPolyline
 90
2
 70
0
 10
633101.7447141702
 20
4838274.884019842
 10
633132.3038945775
 20
4838283.689412908
  0
LWPOLYLINE
  5
1B6
330
17
100
AcDbEntity
  8
ROADS
100
AcDbPolyline
 90
2
 70
0
 10
633132.3038945775
 20
4838283.689412908
 10
633150.7591811457
 20
4838289.007618599
  0
LWPOLYLINE
  5
1B7
330
17
100
AcDbEntity
  8
ROADS
100
AcDbPolyline
 90
2
 70
0
 10
632994.5260422411
 20
4838243.984419801
 10
632965.1952692897
 20
4838340.271574495
  0
LWPOLYLINE
  5
1B8
330
17
100
AcDbEntity
  8
ROADS
100
AcDbPolyline
 90
2
 70
0
 10
634101.7295004394
 20
4838143.747823757
 10
634138.7771507192
 20
4838156.100870294
  0
LWPOLYLINE
  5
1B9
330
17
100
AcDbEntity
  8
ROADS
100
AcDbPolyline
 90
2
 70
0
 10
634138.7771507192
 20
4838156.100870294
 10
634215.3154042561
 20
4838179.052008099
  0
LWPOLYLINE
  5
1BA
330
17
100
AcDbEntity
  8
ROADS
100
AcDbPolyline
 90
2
 70
0
 10
634215.3154042561
 20
4838179.052008099
 10
634220.3196445198
 20
4838180.6424851855
  0
LWPOLYLINE
  5
1BB
330
17
100
AcDbEntity
  8
ROADS
100
AcDbPolyline
 90
2
 70
0
 10
633996.0056107435
 20
4838111.411094453
 10
633906.1663176563
 20
4838343.633357135
  0
LWPOLYLINE
  5
1BC
330
17
100
AcDbEntity
  8
ROADS
100
AcDbPolyline
 90
2
 70
0
 10
634067.998590227
 20
4838134.355008812
 10
633986.3297189145
 20
4838369.464324689
  0
LWPOLYLINE
  5
1BD
330
17
100
AcDbEntity
  8
ROADS
100
AcDbPolyline
 90
2
 70
0
 10
634138.7771507192
 20
4838156.100870294
 10
634062.8816847301
 20
4838393.589846318
  0
LWPOLYLINE
  5
1BE
330
17
100
AcDbEntity
  8
ROADS
100
AcDbPolyline
 90
2
 70
0
 10
634215.3154042561
 20
4838179.052008099
 10
634138.5515201173
 20
4838418.106456542
  0
LWPOLYLINE
  5
1BF
330
17
100
AcDbEntity
  8
ROADS
100
AcDbPolyline
 90
2
 70
0
 10
633702.3921302374
 20
4838187.519168718
 10
633854.9309883562
 20
4838234.439772053
  0
LWPOLYLINE
  5
1C0
330
17
100
AcDbEntity
  8
ROADS
100
AcDbPolyline
 90
5
 70
0
 10
633686.3015787445
 20
4838214.155827541
 10
633694.5964149251
 20
4838228.550516987
 10
633707.6278624608
 20
4838222.391699299
 10
633700.9107469094
 20
4838208.600092733
 10
633686.3015787445
 20
4838214.155827541
  0
LWPOLYLINE
  5
1C1
330
17
100
AcDbEntity
  8
ROADS
100
AcDbPolyline
 90
2
 70
0
 10
633686.3015787445
 20
4838214.155827541
 10
633674.5014479668
 20
4838277.668078056
  0
LWPOLYLINE
  5
1C2
330
17
100
AcDbEntity
  8
ROADS
100
AcDbPolyline
 90
2
 70
0
 10
633485.1198004534
 20
4838223.664576282
 10
633674.5014479668
 20
4838277.668078056
  0
LWPOLYLINE
  5
1C3
330
17
100
AcDbEntity
  8
ROADS
100
AcDbPolyline
 90
2
 70
0
 10
633854.9309883562
 20
4838234.439772053
 10
633828.1960630505
 20
4838320.680302278
  0
LWPOLYLINE
  5
1C4
330
17
100
AcDbEntity
  8
ROADS
100
AcDbPolyline
 90
2
 70
0
 10
633674.5014479668
 20
4838277.668078056
 10
633783.8197073976
 20
4838309.551801394
  0
LWPOLYLINE
  5
1C5
330
17
100
AcDbEntity
  8
ROADS
100
AcDbPolyline
 90
2
 70
0
 10
633783.8197073976
 20
4838309.551801394
 10
633828.1960630505
 20
4838320.680302278
  0
LWPOLYLINE
  5
1C6
330
17
100
AcDbEntity
  8
ROADS
100
AcDbPolyline
 90
2
 70
0
 10
633674.5014479668
 20
4838277.668078056
 10
633651.4459247594
 20
4838357.544587717
  0
LWPOLYLINE
  5
1C7
330
17
100
AcDbEntity
  8
ROADS
100
AcDbPolyline
 90
2
 70
0
 10
633461.4116444185
 20
4838302.358145266
 10
633651.4459247594
 20
4838357.544587717
  0
LWPOLYLINE
  5
1C8
330
17
100
AcDbEntity
  8
ROADS
100
AcDbPolyline
 90
2
 70
0
 10
633828.1960630505
 20
4838320.680302278
 10
633906.1663176563
 20
4838343.633357135
  0
LWPOLYLINE
  5
1C9
330
17
100
AcDbEntity
  8
ROADS
100
AcDbPolyline
 90
2
 70
0
 10
633485.1198004534
 20
4838223.664576282
 10
633461.4116444185
 20
4838302.358145266
  0
LWPOLYLINE
  5
1CA
330
17
100
AcDbEntity
  8
ROADS
100
AcDbPolyline
 90
2
 70
0
 10
633211.0756093701
 20
4838230.419816471
 10
633190.7389856002
 20
4838300.529612536
  0
LWPOLYLINE
  5
1CB
330
17
100
AcDbEntity
  8
ROADS
100
AcDbPolyline
 90
2
 70
0
 10
633252.3315395652
 20
4838242.493929356
 10
633461.4116444185
 20
4838302.358145266
  0
LWPOLYLINE
  5
1CC
330
17
100
AcDbEntity
  8
ROADS
100
AcDbPolyline
 90
2
 70
0
 10
633252.3315395652
 20
4838242.493929356
 10
633231.8240896796
 20
4838311.929589871
  0
LWPOLYLINE
  5
1CD
330
17
100
AcDbEntity
  8
ROADS
100
AcDbPolyline
 90
2
 70
0
 10
633150.7591811457
 20
4838289.007618599
 10
633190.7389856002
 20
4838300.529612536
  0
LWPOLYLINE
  5
1CE
330
17
100
AcDbEntity
  8
ROADS
100
AcDbPolyline
 90
2
 70
0
 10
633190.7389856002
 20
4838300.529612536
 10
633231.8240896796
 20
4838311.929589871
  0
LWPOLYLINE
  5
1CF
330
17
100
AcDbEntity
  8
ROADS
100
AcDbPolyline
 90
2
 70
0
 10
633190.7389856002
 20
4838300.529612536
 10
633162.2204539124
 20
4838398.021605604
  0
LWPOLYLINE
  5
1D0
330
17
100
AcDbEntity
  8
ROADS
100
AcDbPolyline
 90
2
 70
0
 10
633461.4116444185
 20
4838302.358145266
 10
633434.0404003791
 20
4838398.455854844
  0
LWPOLYLINE
  5
1D1
330
17
100
AcDbEntity
  8
ROADS
100
AcDbPolyline
 90
3
 70
0
 10
633231.8240896796
 20
4838311.929589871
 10
633323.9635116667
 20
4838362.961123218
 10
633434.0404003791
 20
4838398.455854844
  0
LWPOLYLINE
  5
1D2
330
17
100
AcDbEntity
  8
ROADS
100
AcDbPolyline
 90
2
 70
0
 10
633231.8240896796
 20
4838311.929589871
 10
633203.1145028557
 20
4838410.142196101
  0
LWPOLYLINE
  5
1D3
330
17
100
AcDbEntity
  8
ROADS
100
AcDbPolyline
 90
2
 70
0
 10
633783.8197073976
 20
4838309.551801394
 10
633759.0856121595
 20
4838388.56690575
  0
LWPOLYLINE
  5
1D4
330
17
100
AcDbEntity
  8
ROADS
100
AcDbPolyline
 90
2
 70
0
 10
633906.1663176563
 20
4838343.633357135
 10
633986.3297189145
 20
4838369.464324689
  0
LWPOLYLINE
  5
1D5
330
17
100
AcDbEntity
  8
ROADS
100
AcDbPolyline
 90
2
 70
0
 10
633828.1960630505
 20
4838320.680302278
 10
633803.2404660605
 20
4838401.38054789
  0
LWPOLYLINE
  5
1D6
330
17
100
AcDbEntity
  8
ROADS
100
AcDbPolyline
 90
2
 70
0
 10
633651.4459247594
 20
4838357.544587717
 10
633759.0856121595
 20
4838388.56690575
  0
LWPOLYLINE
  5
1D7
330
17
100
AcDbEntity
  8
ROADS
100
AcDbPolyline
 90
2
 70
0
 10
633759.0856121595
 20
4838388.56690575
 10
633803.2404660605
 20
4838401.38054789
  0
LWPOLYLINE
  5
1D8
330
17
100
AcDbEntity
  8
ROADS
100
AcDbPolyline
 90
2
 70
0
 10
633651.4459247594
 20
4838357.544587717
 10
633623.7025497115
 20
4838453.148577013
  0
LWPOLYLINE
  5
1D9
330
17
100
AcDbEntity
  8
ROADS
100
AcDbPolyline
 90
2
 70
0
 10
633906.1663176563
 20
4838343.633357135
 10
633840.4639170932
 20
4838540.025125117
  0
LWPOLYLINE
  5
1DA
330
17
100
AcDbEntity
  8
ROADS
100
AcDbPolyline
 90
2
 70
0
 10
633759.0856121595
 20
4838388.56690575
 10
633722.7823397649
 20
4838502.426591865
  0
LWPOLYLINE
  5
1DB
330
17
100
AcDbEntity
  8
ROADS
100
AcDbPolyline
 90
2
 70
0
 10
633803.2404660605
 20
4838401.38054789
 10
633766.5354868278
 20
4838517.212143119
  0
LWPOLYLINE
  5
1DC
330
17
100
AcDbEntity
  8
ROADS
100
AcDbPolyline
 90
2
 70
0
 10
633623.7025497115
 20
4838453.148577013
 10
633722.7823397649
 20
4838502.426591865
  0
LWPOLYLINE
  5
1DD
330
17
100
AcDbEntity
  8
ROADS
100
AcDbPolyline
 90
2
 70
0
 10
633162.2204539124
 20
4838398.021605604
 10
633203.1145028557
 20
4838410.142196101
  0
LWPOLYLINE
  5
1DE
330
17
100
AcDbEntity
  8
ROADS
100
AcDbPolyline
 90
2
 70
0
 10
633434.0404003791
 20
4838398.455854844
 10
633623.7025497115
 20
4838453.148577013
  0
LWPOLYLINE
  5
1DF
330
17
100
AcDbEntity
  8
ROADS
100
AcDbPolyline
 90
2
 70
0
 10
633434.0404003791
 20
4838398.455854844
 10
633409.2574457831
 20
4838481.112279942
  0
LWPOLYLINE
  5
1E0
330
17
100
AcDbEntity
  8
ROADS
100
AcDbPolyline
 90
2
 70
0
 10
633162.2204539124
 20
4838398.021605604
 10
633133.752574342
 20
4838492.214235652
  0
LWPOLYLINE
  5
1E1
330
17
100
AcDbEntity
  8
ROADS
100
AcDbPolyline
 90
2
 70
0
 10
633203.1145028557
 20
4838410.142196101
 10
633409.2574457831
 20
4838481.112279942
  0
LWPOLYLINE
  5
1E2
330
17
100
AcDbEntity
  8
ROADS
100
AcDbPolyline
 90
2
 70
0
 10
633203.1145028557
 20
4838410.142196101
 10
633185.9719003658
 20
4838507.575931456
  0
LWPOLYLINE
  5
1E3
330
17
100
AcDbEntity
  8
ROADS
100
AcDbPolyline
 90
2
 70
0
 10
633133.752574342
 20
4838492.214235652
 10
633174.7989094909
 20
4838504.374594217
  0
LWPOLYLINE
  5
1E4
330
17
100
AcDbEntity
  8
ROADS
100
AcDbPolyline
 90
2
 70
0
 10
633174.7989094909
 20
4838504.374594217
 10
633185.9719003658
 20
4838507.575931456
  0
LWPOLYLINE
  5
1E5
330
17
100
AcDbEntity
  8
ROADS
100
AcDbPolyline
 90
2
 70
0
 10
633409.2574457831
 20
4838481.112279942
 10
633598.3820714488
 20
4838537.433455206
  0
LWPOLYLINE
  5
1E6
330
17
100
AcDbEntity
  8
ROADS
100
AcDbPolyline
 90
2
 70
0
 10
633409.2574457831
 20
4838481.112279942
 10
633383.5360031914
 20
4838565.780880829
  0
LWPOLYLINE
  5
1E7
330
17
100
AcDbEntity
  8
ROADS
100
AcDbPolyline
 90
2
 70
0
 10
633986.3297189145
 20
4838369.464324689
 10
634062.8816847301
 20
4838393.589846318
  0
LWPOLYLINE
  5
1E8
330
17
100
AcDbEntity
  8
ROADS
100
AcDbPolyline
 90
2
 70
0
 10
634062.8816847301
 20
4838393.589846318
 10
634138.5515201173
 20
4838418.106456542
  0
LWPOLYLINE
  5
1E9
330
17
100
AcDbEntity
  8
ROADS
100
AcDbPolyline
 90
2
 70
0
 10
634226.8205081804
 20
4838415.797726745
 10
634217.4983081543
 20
4838444.244980282
  0
LWPOLYLINE
  5
1EA
330
17
100
AcDbEntity
  8
ROADS
100
AcDbPolyline
 90
2
 70
0
 10
634138.5515201173
 20
4838418.106456542
 10
634217.4983081543
 20
4838444.244980282
  0
LWPOLYLINE
  5
1EB
330
17
100
AcDbEntity
  8
ROADS
100
AcDbPolyline
 90
2
 70
0
 10
634217.4983081543
 20
4838444.244980282
 10
634222.8327683179
 20
4838446.004335977
  0
LWPOLYLINE
  5
1EC
330
17
100
AcDbEntity
  8
ROADS
100
AcDbPolyline
 90
2
 70
0
 10
633986.3297189145
 20
4838369.464324689
 10
633915.1193488637
 20
4838563.837347997
  0
LWPOLYLINE
  5
1ED
330
17
100
AcDbEntity
  8
ROADS
100
AcDbPolyline
 90
2
 70
0
 10
634062.8816847301
 20
4838393.589846318
 10
633995.1894806982
 20
4838591.561837832
  0
LWPOLYLINE
  5
1EE
330
17
100
AcDbEntity
  8
ROADS
100
AcDbPolyline
 90
2
 70
0
 10
634138.5515201173
 20
4838418.106456542
 10
634068.173568684
 20
4838616.105913572
  0
LWPOLYLINE
  5
1EF
330
17
100
AcDbEntity
  8
ROADS
100
AcDbPolyline
 90
2
 70
0
 10
633623.7025497115
 20
4838453.148577013
 10
633598.3820714488
 20
4838537.433455206
  0
LWPOLYLINE
  5
1F0
330
17
100
AcDbEntity
  8
ROADS
100
AcDbPolyline
 90
2
 70
0
 10
633722.7823397649
 20
4838502.426591865
 10
633766.5354868278
 20
4838517.212143119
  0
LWPOLYLINE
  5
1F1
330
17
100
AcDbEntity
  8
ROADS
100
AcDbPolyline
 90
2
 70
0
 10
633766.5354868278
 20
4838517.212143119
 10
633821.5747238711
 20
4838534.5320330495
  0
LWPOLYLINE
  5
1F2
330
17
100
AcDbEntity
  8
ROADS
100
AcDbPolyline
 90
2
 70
0
 10
633821.5747238711
 20
4838534.5320330495
 10
633840.4639170932
 20
4838540.025125117
  0
LWPOLYLINE
  5
1F3
330
17
100
AcDbEntity
  8
ROADS
100
AcDbPolyline
 90
2
 70
0
 10
633722.7823397649
 20
4838502.426591865
 10
633698.4291448012
 20
4838578.903350997
  0
LWPOLYLINE
  5
1F4
330
17
100
AcDbEntity
  8
ROADS
100
AcDbPolyline
 90
2
 70
0
 10
633840.4639170932
 20
4838540.025125117
 10
633870.8612356258
 20
4838550.207745926
  0
LWPOLYLINE
  5
1F5
330
17
100
AcDbEntity
  8
ROADS
100
AcDbPolyline
 90
2
 70
0
 10
633766.5354868278
 20
4838517.212143119
 10
633742.5029175039
 20
4838592.936649002
  0
LWPOLYLINE
  5
1F6
330
17
100
AcDbEntity
  8
ROADS
100
AcDbPolyline
 90
2
 70
0
 10
633870.8612356258
 20
4838550.207745926
 10
633915.1193488637
 20
4838563.837347997
  0
LWPOLYLINE
  5
1F7
330
17
100
AcDbEntity
  8
ROADS
100
AcDbPolyline
 90
2
 70
0
 10
633598.3820714488
 20
4838537.433455206
 10
633698.4291448012
 20
4838578.903350997
  0
LWPOLYLINE
  5
1F8
330
17
100
AcDbEntity
  8
ROADS
100
AcDbPolyline
 90
2
 70
0
 10
633915.1193488637
 20
4838563.837347997
 10
633968.2622704434
 20
4838583.047109945
  0
LWPOLYLINE
  5
1F9
330
17
100
AcDbEntity
  8
ROADS
100
AcDbPolyline
 90
2
 70
0
 10
634217.4983081543
 20
4838444.244980282
 10
634146.1953104878
 20
4838640.140073462
  0
LWPOLYLINE
  5
1FA
330
17
100
AcDbEntity
  8
ROADS
100
AcDbPolyline
 90
2
 70
0
 10
633968.2622704434
 20
4838583.047109945
 10
633995.1894806982
 20
4838591.561837832
  0
LWPOLYLINE
  5
1FB
330
17
100
AcDbEntity
  8
ROADS
100
AcDbPolyline
 90
2
 70
0
 10
633995.1894806982
 20
4838591.561837832
 10
634068.173568684
 20
4838616.105913572
  0
LWPOLYLINE
  5
1FC
330
17
100
AcDbEntity
  8
ROADS
100
AcDbPolyline
 90
2
 70
0
 10
634068.173568684
 20
4838616.105913572
 10
634146.1953104878
 20
4838640.140073462
  0
LWPOLYLINE
  5
1FD
330
17
100
AcDbEntity
  8
ROADS
100
AcDbPolyline
 90
2
 70
0
 10
634146.1953104878
 20
4838640.140073462
 10
634183.6038730753
 20
4838652.017493507
  0
LWPOLYLINE
  5
1FE
330
17
100
AcDbEntity
  8
ROADS
100
AcDbPolyline
 90
2
 70
0
 10
633598.3820714488
 20
4838537.433455206
 10
633572.5500421122
 20
4838628.87764872
  0
LWPOLYLINE
  5
1FF
330
17
100
AcDbEntity
  8
ROADS
100
AcDbPolyline
 90
2
 70
0
 10
633698.4291448012
 20
4838578.903350997
 10
633742.5029175039
 20
4838592.936649002
  0
LWPOLYLINE
  5
200
330
17
100
AcDbEntity
  8
ROADS
100
AcDbPolyline
 90
2
 70
0
 10
633698.4291448012
 20
4838578.903350997
 10
633673.1169787173
 20
4838659.354077554
  0
LWPOLYLINE
  5
201
330
17
100
AcDbEntity
  8
ROADS
100
AcDbPolyline
 90
2
 70
0
 10
633742.5029175039
 20
4838592.936649002
 10
633716.2653438742
 20
4838671.99553385
  0
LWPOLYLINE
  5
202
330
17
100
AcDbEntity
  8
ROADS
100
AcDbPolyline
 90
2
 70
0
 10
633821.5747238711
 20
4838534.5320330495
 10
633759.3974716074
 20
4838730.594449229
  0
LWPOLYLINE
  5
203
330
17
100
AcDbEntity
  8
ROADS
100
AcDbPolyline
 90
2
 70
0
 10
633572.5500421122
 20
4838628.87764872
 10
633673.1169787173
 20
4838659.354077554
  0
LWPOLYLINE
  5
204
330
17
100
AcDbEntity
  8
ROADS
100
AcDbPolyline
 90
2
 70
0
 10
633870.8612356258
 20
4838550.207745926
 10
633811.2878808688
 20
4838747.005345815
  0
LWPOLYLINE
  5
205
330
17
100
AcDbEntity
  8
ROADS
100
AcDbPolyline
 90
2
 70
0
 10
633673.1169787173
 20
4838659.354077554
 10
633716.2653438742
 20
4838671.99553385
  0
LWPOLYLINE
  5
206
330
17
100
AcDbEntity
  8
ROADS
100
AcDbPolyline
 90
2
 70
0
 10
633673.1169787173
 20
4838659.354077554
 10
633660.518133021
 20
4838698.543387433
  0
LWPOLYLINE
  5
207
330
17
100
AcDbEntity
  8
ROADS
100
AcDbPolyline
 90
2
 70
0
 10
633968.2622704434
 20
4838583.047109945
 10
633906.9278424727
 20
4838777.903749159
  0
LWPOLYLINE
  5
208
330
17
100
AcDbEntity
  8
ROADS
100
AcDbPolyline
 90
2
 70
0
 10
633174.7989094909
 20
4838504.374594217
 10
633160.6671515612
 20
4838551.68177366
  0
LWPOLYLINE
  5
209
330
17
100
AcDbEntity
  8
ROADS
100
AcDbPolyline
 90
2
 70
0
 10
633185.9719003658
 20
4838507.575931456
 10
633383.5360031914
 20
4838565.780880829
  0
LWPOLYLINE
  5
20A
330
17
100
AcDbEntity
  8
ROADS
100
AcDbPolyline
 90
2
 70
0
 10
633383.5360031914
 20
4838565.780880829
 10
633572.5500421122
 20
4838628.87764872
  0
LWPOLYLINE
  5
20B
330
17
100
AcDbEntity
  8
ROADS
100
AcDbPolyline
 90
3
 70
0
 10
633101.6554921851
 20
4838596.4080056185
 10
633586.8697661044
 20
4838737.7084724
 10
633564.9705333065
 20
4838845.10107502
  0
LWPOLYLINE
  5
20C
330
17
100
AcDbEntity
  8
ROADS
100
AcDbPolyline
 90
2
 70
0
 10
633071.6892971785
 20
4838704.430602495
 10
633348.0287872878
 20
4838783.276148081
  0
LWPOLYLINE
  5
20D
330
17
100
AcDbEntity
  8
ROADS
100
AcDbPolyline
 90
2
 70
0
 10
633348.0287872878
 20
4838783.276148081
 10
633564.9705333065
 20
4838845.10107502
  0
LWPOLYLINE
  5
20E
330
17
100
AcDbEntity
  8
ROADS
100
AcDbPolyline
 90
2
 70
0
 10
633348.0287872878
 20
4838783.276148081
 10
633315.2749237462
 20
4838888.969199112
  0
LWPOLYLINE
  5
20F
330
17
100
AcDbEntity
  8
ROADS
100
AcDbPolyline
 90
2
 70
0
 10
633196.1451927467
 20
4838854.204631679
 10
633230.773183482
 20
4838864.309779322
  0
LWPOLYLINE
  5
210
330
17
100
AcDbEntity
  8
ROADS
100
AcDbPolyline
 90
2
 70
0
 10
633196.1451927467
 20
4838854.204631679
 10
633202.4422005832
 20
4838874.439147314
  0
LWPOLYLINE
  5
211
330
17
100
AcDbEntity
  8
ROADS
100
AcDbPolyline
 90
2
 70
0
 10
633230.773183482
 20
4838864.309779322
 10
633217.2941161933
 20
4838878.987648249
  0
LWPOLYLINE
  5
212
330
17
100
AcDbEntity
  8
ROADS
100
AcDbPolyline
 90
2
 70
0
 10
634068.173568684
 20
4838616.105913572
 10
634005.0123268669
 20
4838809.891474621
  0
LWPOLYLINE
  5
213
330
17
100
AcDbEntity
  8
ROADS
100
AcDbPolyline
 90
2
 70
0
 10
634146.1953104878
 20
4838640.140073462
 10
634083.7741605024
 20
4838834.641120937
  0
LWPOLYLINE
  5
214
330
17
100
AcDbEntity
  8
ROADS
100
AcDbPolyline
 90
2
 70
0
 10
633948.7842949496
 20
4838793.162076666
 10
634005.0123268669
 20
4838809.891474621
  0
LWPOLYLINE
  5
215
330
17
100
AcDbEntity
  8
ROADS
100
AcDbPolyline
 90
2
 70
0
 10
634005.0123268669
 20
4838809.891474621
 10
634083.7741605024
 20
4838834.641120937
  0
LWPOLYLINE
  5
216
330
17
100
AcDbEntity
  8
ROADS
100
AcDbPolyline
 90
2
 70
0
 10
634083.7741605024
 20
4838834.641120937
 10
634127.6893759152
 20
4838849.116132202
  0
LWPOLYLINE
  5
217
330
17
100
AcDbEntity
  8
ROADS
100
AcDbPolyline
 90
2
 70
0
 10
634083.7741605024
 20
4838834.641120937
 10
634032.1837938854
 20
4838912.103360986
  0
LWPOLYLINE
  5
218
330
17
100
AcDbEntity
  8
ROADS
100
AcDbPolyline
 90
2
 70
0
 10
633921.0584046243
 20
4838871.703032713
 10
634032.1837938854
 20
4838912.103360986
  0
LWPOLYLINE
  5
219
330
17
100
AcDbEntity
  8
ROADS
100
AcDbPolyline
 90
2
 70
0
 10
633716.2653438742
 20
4838671.99553385
 10
633703.7659421626
 20
4838714.39490837
  0
LWPOLYLINE
  5
21A
330
17
100
AcDbEntity
  8
ROADS
100
AcDbPolyline
 90
2
 70
0
 10
633703.7659421626
 20
4838714.39490837
 10
633759.3974716074
 20
4838730.594449229
  0
LWPOLYLINE
  5
21B
330
17
100
AcDbEntity
  8
ROADS
100
AcDbPolyline
 90
2
 70
0
 10
633759.3974716074
 20
4838730.594449229
 10
633788.3282718523
 20
4838740.2455162695
  0
LWPOLYLINE
  5
21C
330
17
100
AcDbEntity
  8
ROADS
100
AcDbPolyline
 90
2
 70
0
 10
633788.3282718523
 20
4838740.2455162695
 10
633811.2878808688
 20
4838747.005345815
  0
LWPOLYLINE
  5
21D
330
17
100
AcDbEntity
  8
ROADS
100
AcDbPolyline
 90
2
 70
0
 10
633811.2878808688
 20
4838747.005345815
 10
633863.9640447047
 20
4838765.230608168
  0
LWPOLYLINE
  5
21E
330
17
100
AcDbEntity
  8
ROADS
100
AcDbPolyline
 90
2
 70
0
 10
633863.9640447047
 20
4838765.230608168
 10
633906.9278424727
 20
4838777.903749159
  0
LWPOLYLINE
  5
21F
330
17
100
AcDbEntity
  8
ROADS
100
AcDbPolyline
 90
2
 70
0
 10
633906.9278424727
 20
4838777.903749159
 10
633948.7842949496
 20
4838793.162076666
  0
LWPOLYLINE
  5
220
330
17
100
AcDbEntity
  8
ROADS
100
AcDbPolyline
 90
2
 70
0
 10
633703.7659421626
 20
4838714.39490837
 10
633642.077966503
 20
4838909.167969086
  0
LWPOLYLINE
  5
221
330
17
100
AcDbEntity
  8
ROADS
100
AcDbPolyline
 90
2
 70
0
 10
633948.7842949496
 20
4838793.162076666
 10
633921.0584046243
 20
4838871.703032713
  0
LWPOLYLINE
  5
222
330
17
100
AcDbEntity
  8
ROADS
100
AcDbPolyline
 90
2
 70
0
 10
633788.3282718523
 20
4838740.2455162695
 10
633725.0717391397
 20
4838936.533373323
  0
LWPOLYLINE
  5
223
330
17
100
AcDbEntity
  8
ROADS
100
AcDbPolyline
 90
2
 70
0
 10
633863.9640447047
 20
4838765.230608168
 10
633803.1200364028
 20
4838961.858170492
  0
LWPOLYLINE
  5
224
330
17
100
AcDbEntity
  8
ROADS
100
AcDbPolyline
 90
2
 70
0
 10
633564.9705333065
 20
4838845.10107502
 10
633642.077966503
 20
4838909.167969086
  0
LWPOLYLINE
  5
225
330
17
100
AcDbEntity
  8
ROADS
100
AcDbPolyline
 90
2
 70
0
 10
633642.077966503
 20
4838909.167969086
 10
633685.3633532391
 20
4838923.439067524
  0
LWPOLYLINE
  5
226
330
17
100
AcDbEntity
  8
ROADS
100
AcDbPolyline
 90
2
 70
0
 10
633921.0584046243
 20
4838871.703032713
 10
633880.3979459642
 20
4838986.261968895
  0
LWPOLYLINE
  5
227
330
17
100
AcDbEntity
  8
ROADS
100
AcDbPolyline
 90
2
 70
0
 10
633685.3633532391
 20
4838923.439067524
 10
633725.0717391397
 20
4838936.533373323
  0
LWPOLYLINE
  5
228
330
17
100
AcDbEntity
  8
ROADS
100
AcDbPolyline
 90
2
 70
0
 10
633642.077966503
 20
4838909.167969086
 10
633620.2759474244
 20
4838980.168382892
  0
LWPOLYLINE
  5
229
330
17
100
AcDbEntity
  8
ROADS
100
AcDbPolyline
 90
2
 70
0
 10
633725.0717391397
 20
4838936.533373323
 10
633803.1200364028
 20
4838961.858170492
  0
LWPOLYLINE
  5
22A
330
17
100
AcDbEntity
  8
ROADS
100
AcDbPolyline
 90
2
 70
0
 10
633803.1200364028
 20
4838961.858170492
 10
633880.3979459642
 20
4838986.261968895
  0
LWPOLYLINE
  5
22B
330
17
100
AcDbEntity
  8
ROADS
100
AcDbPolyline
 90
2
 70
0
 10
633880.3979459642
 20
4838986.261968895
 10
633956.622269278
 20
4839010.58371417
  0
LWPOLYLINE
  5
22C
330
17
100
AcDbEntity
  8
ROADS
100
AcDbPolyline
 90
2
 70
0
 10
633685.3633532391
 20
4838923.439067524
 10
633621.5680581295
 20
4839127.943753224
  0
LWPOLYLINE
  5
22D
330
17
100
AcDbEntity
  8
ROADS
100
AcDbPolyline
 90
2
 70
0
 10
634032.1837938854
 20
4838912.103360986
 10
633956.622269278
 20
4839010.58371417
  0
LWPOLYLINE
  5
22E
330
17
100
AcDbEntity
  8
ROADS
100
AcDbPolyline
 90
2
 70
0
 10
633956.622269278
 20
4839010.58371417
 10
634036.1579720773
 20
4839037.0565442545
  0
LWPOLYLINE
  5
22F
330
17
100
AcDbEntity
  8
ROADS
100
AcDbPolyline
 90
2
 70
0
 10
634036.1579720773
 20
4839037.0565442545
 10
634062.3375747357
 20
4839046.001906483
  0
LWPOLYLINE
  5
230
330
17
100
AcDbEntity
  8
ROADS
100
AcDbPolyline
 90
2
 70
0
 10
633230.773183482
 20
4838864.309779322
 10
633315.2749237462
 20
4838888.969199112
  0
LWPOLYLINE
  5
231
330
17
100
AcDbEntity
  8
ROADS
100
AcDbPolyline
 90
2
 70
0
 10
633202.4422005832
 20
4838874.439147314
 10
633217.2941161933
 20
4838878.987648249
  0
LWPOLYLINE
  5
232
330
17
100
AcDbEntity
  8
ROADS
100
AcDbPolyline
 90
4
 70
0
 10
633202.4422005832
 20
4838874.439147314
 10
633197.8254133877
 20
4838888.8642931245
 10
633213.0701910392
 20
4838893.670921331
 10
633217.2941161933
 20
4838878.987648249
  0
LWPOLYLINE
  5
233
330
17
100
AcDbEntity
  8
ROADS
100
AcDbPolyline
 90
2
 70
0
 10
633315.2749237462
 20
4838888.969199112
 10
633620.2759474244
 20
4838980.168382892
  0
LWPOLYLINE
  5
234
330
17
100
AcDbEntity
  8
ROADS
100
AcDbPolyline
 90
2
 70
0
 10
633008.0847528083
 20
4838918.196137696
 10
633585.8009978072
 20
4839085.107309033
  0
LWPOLYLINE
  5
235
330
17
100
AcDbEntity
  8
ROADS
100
AcDbPolyline
 90
2
 70
0
 10
633136.4615822814
 20
4839070.859373006
 10
633221.1793183745
 20
4839096.678838244
  0
LWPOLYLINE
  5
236
330
17
100
AcDbEntity
  8
ROADS
100
AcDbPolyline
 90
2
 70
0
 10
633221.1793183745
 20
4839096.678838244
 10
633303.3129026752
 20
4839120.17438638
  0
LWPOLYLINE
  5
237
330
17
100
AcDbEntity
  8
ROADS
100
AcDbPolyline
 90
2
 70
0
 10
633303.3129026752
 20
4839120.17438638
 10
633385.9330732374
 20
4839144.635825086
  0
LWPOLYLINE
  5
238
330
17
100
AcDbEntity
  8
ROADS
100
AcDbPolyline
 90
2
 70
0
 10
633221.1793183745
 20
4839096.678838244
 10
633191.1512229703
 20
4839196.780678953
  0
LWPOLYLINE
  5
239
330
17
100
AcDbEntity
  8
ROADS
100
AcDbPolyline
 90
2
 70
0
 10
633385.9330732374
 20
4839144.635825086
 10
633468.0640215215
 20
4839167.726315485
  0
LWPOLYLINE
  5
23A
330
17
100
AcDbEntity
  8
ROADS
100
AcDbPolyline
 90
2
 70
0
 10
633620.2759474244
 20
4838980.168382892
 10
633585.8009978072
 20
4839085.107309033
  0
LWPOLYLINE
  5
23B
330
17
100
AcDbEntity
  8
ROADS
100
AcDbPolyline
 90
2
 70
0
 10
633725.0717391397
 20
4838936.533373323
 10
633661.2483965785
 20
4839139.82347483
  0
LWPOLYLINE
  5
23C
330
17
100
AcDbEntity
  8
ROADS
100
AcDbPolyline
 90
2
 70
0
 10
633803.1200364028
 20
4838961.858170492
 10
633739.2025424392
 20
4839163.772499619
  0
LWPOLYLINE
  5
23D
330
17
100
AcDbEntity
  8
ROADS
100
AcDbPolyline
 90
2
 70
0
 10
633880.3979459642
 20
4838986.261968895
 10
633816.8366717065
 20
4839187.88776018
  0
LWPOLYLINE
  5
23E
330
17
100
AcDbEntity
  8
ROADS
100
AcDbPolyline
 90
2
 70
0
 10
633585.8009978072
 20
4839085.107309033
 10
633576.1642393584
 20
4839114.351366846
  0
LWPOLYLINE
  5
23F
330
17
100
AcDbEntity
  8
ROADS
100
AcDbPolyline
 90
2
 70
0
 10
633956.622269278
 20
4839010.58371417
 10
633893.8305693206
 20
4839212.73251051
  0
LWPOLYLINE
  5
240
330
17
100
AcDbEntity
  8
ROADS
100
AcDbPolyline
 90
2
 70
0
 10
633576.1642393584
 20
4839114.351366846
 10
633621.5680581295
 20
4839127.943753224
  0
LWPOLYLINE
  5
241
330
17
100
AcDbEntity
  8
ROADS
100
AcDbPolyline
 90
2
 70
0
 10
633621.5680581295
 20
4839127.943753224
 10
633661.2483965785
 20
4839139.82347483
  0
LWPOLYLINE
  5
242
330
17
100
AcDbEntity
  8
ROADS
100
AcDbPolyline
 90
2
 70
0
 10
633661.2483965785
 20
4839139.82347483
 10
633739.2025424392
 20
4839163.772499619
  0
LWPOLYLINE
  5
243
330
17
100
AcDbEntity
  8
ROADS
100
AcDbPolyline
 90
2
 70
0
 10
633576.1642393584
 20
4839114.351366846
 10
633552.4555779048
 20
4839192.45284069
  0
LWPOLYLINE
  5
244
330
17
100
AcDbEntity
  8
ROADS
100
AcDbPolyline
 90
2
 70
0
 10
634036.1579720773
 20
4839037.0565442545
 10
633972.5076250017
 20
4839236.913663619
  0
LWPOLYLINE
  5
245
330
17
100
AcDbEntity
  8
ROADS
100
AcDbPolyline
 90
2
 70
0
 10
633972.5076250017
 20
4839236.913663619
 10
633989.8028566539
 20
4839242.473235693
  0
LWPOLYLINE
  5
246
330
17
100
AcDbEntity
  8
ROADS
100
AcDbPolyline
 90
2
 70
0
 10
633026.6997592738
 20
4838691.325326469
 10
633071.6892971785
 20
4838704.430602495
  0
LWPOLYLINE
  5
247
330
17
100
AcDbEntity
  8
ROADS
100
AcDbPolyline
 90
2
 70
0
 10
633071.6892971785
 20
4838704.430602495
 10
633041.1162190377
 20
4838811.44712367
  0
LWPOLYLINE
  5
248
330
17
100
AcDbEntity
  8
ROADS
100
AcDbPolyline
 90
2
 70
0
 10
632680.6941613735
 20
4838704.832118489
 10
633041.1162190377
 20
4838811.44712367
  0
LWPOLYLINE
  5
249
330
17
100
AcDbEntity
  8
ROADS
100
AcDbPolyline
 90
2
 70
0
 10
633041.1162190377
 20
4838811.44712367
 10
633196.1451927467
 20
4838854.204631679
  0
LWPOLYLINE
  5
24A
330
17
100
AcDbEntity
  8
ROADS
100
AcDbPolyline
 90
2
 70
0
 10
632558.2184001523
 20
4838787.717837192
 10
632967.0996962246
 20
4838906.077845799
  0
LWPOLYLINE
  5
24B
330
17
100
AcDbEntity
  8
ROADS
100
AcDbPolyline
 90
2
 70
0
 10
633041.1162190377
 20
4838811.44712367
 10
633008.0847528083
 20
4838918.196137696
  0
LWPOLYLINE
  5
24C
330
17
100
AcDbEntity
  8
ROADS
100
AcDbPolyline
 90
2
 70
0
 10
632967.0996962246
 20
4838906.077845799
 10
633008.0847528083
 20
4838918.196137696
  0
LWPOLYLINE
  5
24D
330
17
100
AcDbEntity
  8
ROADS
100
AcDbPolyline
 90
2
 70
0
 10
632648.0733679025
 20
4838920.131453964
 10
632864.1576492167
 20
4838983.803984155
  0
LWPOLYLINE
  5
24E
330
17
100
AcDbEntity
  8
ROADS
100
AcDbPolyline
 90
2
 70
0
 10
632967.0996962246
 20
4838906.077845799
 10
632935.3163594019
 20
4839013.321442884
  0
LWPOLYLINE
  5
24F
330
17
100
AcDbEntity
  8
ROADS
100
AcDbPolyline
 90
2
 70
0
 10
633008.0847528083
 20
4838918.196137696
 10
632976.4619038412
 20
4839025.136625728
  0
LWPOLYLINE
  5
250
330
17
100
AcDbEntity
  8
ROADS
100
AcDbPolyline
 90
2
 70
0
 10
632002.9865449903
 20
4838555.8957132595
 10
631994.5979388717
 20
4838568.811397426
  0
LWPOLYLINE
  5
251
330
17
100
AcDbEntity
  8
ROADS
100
AcDbPolyline
 90
7
 70
0
 10
632017.7650252786
 20
4838541.777596986
 10
632079.8533060075
 20
4838641.378202013
 10
632189.6541117341
 20
4838898.109925218
 10
632189.0821551621
 20
4839049.973262689
 10
632268.6039066446
 20
4839124.406418601
 10
632292.2725428583
 20
4839174.614427069
 10
632397.6343430579
 20
4839289.014152508
  0
LWPOLYLINE
  5
252
330
17
100
AcDbEntity
  8
ROADS
100
AcDbPolyline
 90
10
 70
0
 10
632179.3886692917
 20
4839312.941149503
 10
632154.8548376566
 20
4839312.385312709
 10
632124.9174568008
 20
4839286.517788012
 10
632067.5464466434
 20
4839209.377096776
 10
632060.0094694268
 20
4839167.881585413
 10
632095.5778556673
 20
4839099.569732282
 10
632135.8538167172
 20
4839098.47117696
 10
632130.3823693368
 20
4839133.5779019585
 10
632171.308321195
 20
4839164.602577743
 10
632229.5575577125
 20
4839283.08735698
  0
LWPOLYLINE
  5
253
330
17
100
AcDbEntity
  8
ROADS
100
AcDbPolyline
 90
2
 70
0
 10
632229.5575577125
 20
4839283.08735698
 10
632208.7608846547
 20
4839298.183328951
  0
LWPOLYLINE
  5
254
330
17
100
AcDbEntity
  8
ROADS
100
AcDbPolyline
 90
2
 70
0
 10
632070.0419893888
 20
4839305.993558422
 10
632150.6800924552
 20
4839364.401292063
  0
LWPOLYLINE
  5
255
330
17
100
AcDbEntity
  8
ROADS
100
AcDbPolyline
 90
2
 70
0
 10
632208.7608846547
 20
4839298.183328951
 10
632179.3886692917
 20
4839312.941149503
  0
LWPOLYLINE
  5
256
330
17
100
AcDbEntity
  8
ROADS
100
AcDbPolyline
 90
2
 70
0
 10
632229.5575577125
 20
4839283.08735698
 10
632246.1373970141
 20
4839328.608779686
  0
LWPOLYLINE
  5
257
330
17
100
AcDbEntity
  8
ROADS
100
AcDbPolyline
 90
2
 70
0
 10
632227.6618823067
 20
4839320.210926936
 10
632208.7608846547
 20
4839298.183328951
  0
LWPOLYLINE
  5
258
330
17
100
AcDbEntity
  8
ROADS
100
AcDbPolyline
 90
2
 70
0
 10
632190.1530299775
 20
4839323.69169397
 10
632179.3886692917
 20
4839312.941149503
  0
LWPOLYLINE
  5
259
330
17
100
AcDbEntity
  8
ROADS
100
AcDbPolyline
 90
2
 70
0
 10
632227.6618823067
 20
4839320.210926936
 10
632190.1530299775
 20
4839323.69169397
  0
LWPOLYLINE
  5
25A
330
17
100
AcDbEntity
  8
ROADS
100
AcDbPolyline
 90
2
 70
0
 10
632864.1576492167
 20
4838983.803984155
 10
632935.3163594019
 20
4839013.321442884
  0
LWPOLYLINE
  5
25B
330
17
100
AcDbEntity
  8
ROADS
100
AcDbPolyline
 90
2
 70
0
 10
632935.3163594019
 20
4839013.321442884
 10
632976.4619038412
 20
4839025.136625728
  0
LWPOLYLINE
  5
25C
330
17
100
AcDbEntity
  8
ROADS
100
AcDbPolyline
 90
2
 70
0
 10
632976.4619038412
 20
4839025.136625728
 10
633053.6030129673
 20
4839047.527747304
  0
LWPOLYLINE
  5
25D
330
17
100
AcDbEntity
  8
ROADS
100
AcDbPolyline
 90
2
 70
0
 10
632864.1576492167
 20
4838983.803984155
 10
632832.6018414125
 20
4839091.84772002
  0
LWPOLYLINE
  5
25E
330
17
100
AcDbEntity
  8
ROADS
100
AcDbPolyline
 90
2
 70
0
 10
633053.6030129673
 20
4839047.527747304
 10
633136.4615822814
 20
4839070.859373006
  0
LWPOLYLINE
  5
25F
330
17
100
AcDbEntity
  8
ROADS
100
AcDbPolyline
 90
2
 70
0
 10
632710.118321926
 20
4839057.45449241
 10
632788.9806332879
 20
4839079.506711695
  0
LWPOLYLINE
  5
260
330
17
100
AcDbEntity
  8
ROADS
100
AcDbPolyline
 90
2
 70
0
 10
632976.4619038412
 20
4839025.136625728
 10
632944.3368733054
 20
4839125.117459348
  0
LWPOLYLINE
  5
261
330
17
100
AcDbEntity
  8
ROADS
100
AcDbPolyline
 90
2
 70
0
 10
632788.9806332879
 20
4839079.506711695
 10
632832.6018414125
 20
4839091.84772002
  0
LWPOLYLINE
  5
262
330
17
100
AcDbEntity
  8
ROADS
100
AcDbPolyline
 90
2
 70
0
 10
632832.6018414125
 20
4839091.84772002
 10
632871.4416926904
 20
4839102.087078359
  0
LWPOLYLINE
  5
263
330
17
100
AcDbEntity
  8
ROADS
100
AcDbPolyline
 90
2
 70
0
 10
633053.6030129673
 20
4839047.527747304
 10
633025.010347594
 20
4839148.166549507
  0
LWPOLYLINE
  5
264
330
17
100
AcDbEntity
  8
ROADS
100
AcDbPolyline
 90
2
 70
0
 10
632527.7082860825
 20
4838884.675541983
 10
632648.0733679025
 20
4838920.131453964
  0
LWPOLYLINE
  5
265
330
17
100
AcDbEntity
  8
ROADS
100
AcDbPolyline
 90
2
 70
0
 10
632648.0733679025
 20
4838920.131453964
 10
632660.0991910683
 20
4838897.212846982
  0
LWPOLYLINE
  5
266
330
17
100
AcDbEntity
  8
ROADS
100
AcDbPolyline
 90
2
 70
0
 10
632527.7082860825
 20
4838884.675541983
 10
632497.9291711183
 20
4838972.07070751
  0
LWPOLYLINE
  5
267
330
17
100
AcDbEntity
  8
ROADS
100
AcDbPolyline
 90
3
 70
0
 10
632497.9291711183
 20
4838972.07070751
 10
632399.1431846134
 20
4838940.409407385
 10
632402.3033464989
 20
4838906.523939991
  0
LWPOLYLINE
  5
268
330
17
100
AcDbEntity
  8
ROADS
100
AcDbPolyline
 90
3
 70
0
 10
632497.9291711183
 20
4838972.07070751
 10
632507.5920331947
 20
4838996.0583578255
 10
632568.9435683317
 20
4839015.974645523
  0
LWPOLYLINE
  5
269
330
17
100
AcDbEntity
  8
ROADS
100
AcDbPolyline
 90
2
 70
0
 10
632568.9435683317
 20
4839015.974645523
 10
632710.118321926
 20
4839057.45449241
  0
LWPOLYLINE
  5
26A
330
17
100
AcDbEntity
  8
ROADS
100
AcDbPolyline
 90
3
 70
0
 10
632568.9435683317
 20
4839015.974645523
 10
632563.9920004811
 20
4839065.187921801
 10
632678.2592571123
 20
4839136.431407837
  0
LWPOLYLINE
  5
26B
330
17
100
AcDbEntity
  8
ROADS
100
AcDbPolyline
 90
2
 70
0
 10
632710.118321926
 20
4839057.45449241
 10
632678.2592571123
 20
4839136.431407837
  0
LWPOLYLINE
  5
26C
330
17
100
AcDbEntity
  8
ROADS
100
AcDbPolyline
 90
3
 70
0
 10
632763.8615292014
 20
4839169.239406002
 10
632717.0832143833
 20
4839156.504251465
 10
632674.3578223271
 20
4839226.273878877
  0
LWPOLYLINE
  5
26D
330
17
100
AcDbEntity
  8
ROADS
100
AcDbPolyline
 90
2
 70
0
 10
632397.6343430579
 20
4839289.014152508
 10
632294.5555702297
 20
4839331.956879874
  0
LWPOLYLINE
  5
26E
330
17
100
AcDbEntity
  8
ROADS
100
AcDbPolyline
 90
2
 70
0
 10
632928.8790398701
 20
4839427.656795417
 10
632982.7710008082
 20
4839492.62882017
  0
LWPOLYLINE
  5
26F
330
17
100
AcDbEntity
  8
ROADS
100
AcDbPolyline
 90
3
 70
0
 10
632841.5841296123
 20
4839462.484433021
 10
632961.3659063991
 20
4839501.827340423
 10
632982.7710008082
 20
4839492.62882017
  0
LWPOLYLINE
  5
270
330
17
100
AcDbEntity
  8
ROADS
100
AcDbPolyline
 90
2
 70
0
 10
632841.5841296123
 20
4839462.484433021
 10
632793.809190997
 20
4839503.567444727
  0
LWPOLYLINE
  5
271
330
17
100
AcDbEntity
  8
ROADS
100
AcDbPolyline
 90
2
 70
0
 10
632982.7710008082
 20
4839492.62882017
 10
632995.3964080681
 20
4839507.587395266
  0
LWPOLYLINE
  5
272
330
17
100
AcDbEntity
  8
ROADS
100
AcDbPolyline
 90
2
 70
0
 10
632995.3964080681
 20
4839507.587395266
 10
633004.0424864759
 20
4839518.400657757
  0
LWPOLYLINE
  5
273
330
17
100
AcDbEntity
  8
ROADS
100
AcDbPolyline
 90
2
 70
0
 10
633004.0424864759
 20
4839518.400657757
 10
633079.5550161536
 20
4839545.4588057725
  0
LWPOLYLINE
  5
274
330
17
100
AcDbEntity
  8
ROADS
100
AcDbPolyline
 90
2
 70
0
 10
633105.2339400831
 20
4839537.007656706
 10
633079.5550161536
 20
4839545.4588057725
  0
LWPOLYLINE
  5
275
330
17
100
AcDbEntity
  8
ROADS
100
AcDbPolyline
 90
2
 70
0
 10
633004.0424864759
 20
4839518.400657757
 10
633018.118800375
 20
4839566.8151384005
  0
LWPOLYLINE
  5
276
330
17
100
AcDbEntity
  8
ROADS
100
AcDbPolyline
 90
2
 70
0
 10
633079.5550161536
 20
4839545.4588057725
 10
633018.118800375
 20
4839566.8151384005
  0
LWPOLYLINE
  5
277
330
17
100
AcDbEntity
  8
ROADS
100
AcDbPolyline
 90
7
 70
0
 10
632508.3883078041
 20
4839473.523952071
 10
632518.1206687803
 20
4839556.908504469
 10
632574.5299189374
 20
4839625.021255035
 10
632713.3554397533
 20
4839655.001958725
 10
632763.8275056754
 20
4839648.860518008
 10
632793.7341846814
 20
4839680.849050358
 10
632958.2172785959
 20
4839701.79423009
  0
LWPOLYLINE
  5
278
330
17
100
AcDbEntity
  8
ROADS
100
AcDbPolyline
 90
8
 70
0
 10
632678.2592571123
 20
4839136.431407837
 10
632636.4277423399
 20
4839217.32406933
 10
632626.5612745779
 20
4839343.627479982
 10
632657.3900898295
 20
4839408.395220623
 10
632697.67393909
 20
4839440.696462758
 10
632690.6105322805
 20
4839481.761911237
 10
632648.4157393122
 20
4839497.377849772
 10
632591.1438502611
 20
4839433.274815018
  0
LWPOLYLINE
  5
279
330
17
100
AcDbEntity
  8
ROADS
100
AcDbPolyline
 90
3
 70
0
 10
632591.1438502611
 20
4839433.274815018
 10
632450.6152835735
 20
4839263.538543719
 10
632397.6343430579
 20
4839289.014152508
  0
LWPOLYLINE
  5
27A
330
17
100
AcDbEntity
  8
ROADS
100
AcDbPolyline
 90
3
 70
0
 10
632397.6343430579
 20
4839289.014152508
 10
632466.6905284674
 20
4839349.004974204
 10
632501.0425946761
 20
4839453.796535191
  0
LWPOLYLINE
  5
27B
330
17
100
AcDbEntity
  8
ROADS
100
AcDbPolyline
 90
2
 70
0
 10
632591.1438502611
 20
4839433.274815018
 10
632518.9085195428
 20
4839459.29514879
  0
LWPOLYLINE
  5
27C
330
17
100
AcDbEntity
  8
ROADS
100
AcDbPolyline
 90
2
 70
0
 10
632518.9085195428
 20
4839459.29514879
 10
632501.0425946761
 20
4839453.796535191
  0
LWPOLYLINE
  5
27D
330
17
100
AcDbEntity
  8
ROADS
100
AcDbPolyline
 90
2
 70
0
 10
632501.0425946761
 20
4839453.796535191
 10
632508.3883078041
 20
4839473.523952071
  0
LWPOLYLINE
  5
27E
330
17
100
AcDbEntity
  8
ROADS
100
AcDbPolyline
 90
2
 70
0
 10
632518.9085195428
 20
4839459.29514879
 10
632508.3883078041
 20
4839473.523952071
  0
LWPOLYLINE
  5
27F
330
17
100
AcDbEntity
  8
ROADS
100
AcDbPolyline
 90
2
 70
0
 10
632246.1373970141
 20
4839328.608779686
 10
632227.6618823067
 20
4839320.210926936
  0
LWPOLYLINE
  5
280
330
17
100
AcDbEntity
  8
ROADS
100
AcDbPolyline
 90
2
 70
0
 10
632294.5555702297
 20
4839331.956879874
 10
632246.1373970141
 20
4839328.608779686
  0
LWPOLYLINE
  5
281
330
17
100
AcDbEntity
  8
ROADS
100
AcDbPolyline
 90
2
 70
0
 10
632190.1530299775
 20
4839323.69169397
 10
632150.6800924552
 20
4839364.401292063
  0
LWPOLYLINE
  5
282
330
17
100
AcDbEntity
  8
ROADS
100
AcDbPolyline
 90
3
 70
0
 10
632150.6800924552
 20
4839364.401292063
 10
632220.4097682765
 20
4839424.557782023
 10
632208.2450191127
 20
4839467.390027603
  0
LWPOLYLINE
  5
283
330
17
100
AcDbEntity
  8
ROADS
100
AcDbPolyline
 90
2
 70
0
 10
632208.2450191127
 20
4839467.390027603
 10
632298.3429492408
 20
4839457.33007853
  0
LWPOLYLINE
  5
284
330
17
100
AcDbEntity
  8
ROADS
100
AcDbPolyline
 90
2
 70
0
 10
632208.2450191127
 20
4839467.390027603
 10
632184.1973065642
 20
4839477.947717125
  0
LWPOLYLINE
  5
285
330
17
100
AcDbEntity
  8
ROADS
100
AcDbPolyline
 90
2
 70
0
 10
633018.118800375
 20
4839566.8151384005
 10
632958.2172785959
 20
4839701.79423009
  0
LWPOLYLINE
  5
286
330
17
100
AcDbEntity
  8
ROADS
100
AcDbPolyline
 90
2
 70
0
 10
632958.2172785959
 20
4839701.79423009
 10
632889.9663107897
 20
4839850.161635884
  0
LWPOLYLINE
  5
287
330
17
100
AcDbEntity
  8
ROADS
100
AcDbPolyline
 90
2
 70
0
 10
632871.4416926904
 20
4839102.087078359
 10
632944.3368733054
 20
4839125.117459348
  0
LWPOLYLINE
  5
288
330
17
100
AcDbEntity
  8
ROADS
100
AcDbPolyline
 90
2
 70
0
 10
633136.4615822814
 20
4839070.859373006
 10
633107.7364816794
 20
4839172.294866161
  0
LWPOLYLINE
  5
289
330
17
100
AcDbEntity
  8
ROADS
100
AcDbPolyline
 90
2
 70
0
 10
632788.9806332879
 20
4839079.506711695
 10
632763.8615292014
 20
4839169.239406002
  0
LWPOLYLINE
  5
28A
330
17
100
AcDbEntity
  8
ROADS
100
AcDbPolyline
 90
2
 70
0
 10
632944.3368733054
 20
4839125.117459348
 10
633025.010347594
 20
4839148.166549507
  0
LWPOLYLINE
  5
28B
330
17
100
AcDbEntity
  8
ROADS
100
AcDbPolyline
 90
2
 70
0
 10
632944.3368733054
 20
4839125.117459348
 10
632930.1509515718
 20
4839167.177186471
  0
LWPOLYLINE
  5
28C
330
17
100
AcDbEntity
  8
ROADS
100
AcDbPolyline
 90
2
 70
0
 10
633025.010347594
 20
4839148.166549507
 10
633107.7364816794
 20
4839172.294866161
  0
LWPOLYLINE
  5
28D
330
17
100
AcDbEntity
  8
ROADS
100
AcDbPolyline
 90
2
 70
0
 10
633025.010347594
 20
4839148.166549507
 10
633012.6043723978
 20
4839190.291987903
  0
LWPOLYLINE
  5
28E
330
17
100
AcDbEntity
  8
ROADS
100
AcDbPolyline
 90
2
 70
0
 10
632930.1509515718
 20
4839167.177186471
 10
633012.6043723978
 20
4839190.291987903
  0
LWPOLYLINE
  5
28F
330
17
100
AcDbEntity
  8
ROADS
100
AcDbPolyline
 90
2
 70
0
 10
633107.7364816794
 20
4839172.294866161
 10
633095.39766569
 20
4839214.522037066
  0
LWPOLYLINE
  5
290
330
17
100
AcDbEntity
  8
ROADS
100
AcDbPolyline
 90
2
 70
0
 10
633012.6043723978
 20
4839190.291987903
 10
633095.39766569
 20
4839214.522037066
  0
LWPOLYLINE
  5
291
330
17
100
AcDbEntity
  8
ROADS
100
AcDbPolyline
 90
2
 70
0
 10
633303.3129026752
 20
4839120.17438638
 10
633274.4757528314
 20
4839219.8967619585
  0
LWPOLYLINE
  5
292
330
17
100
AcDbEntity
  8
ROADS
100
AcDbPolyline
 90
2
 70
0
 10
633468.0640215215
 20
4839167.726315485
 10
633552.4555779048
 20
4839192.45284069
  0
LWPOLYLINE
  5
293
330
17
100
AcDbEntity
  8
ROADS
100
AcDbPolyline
 90
2
 70
0
 10
633107.7364816794
 20
4839172.294866161
 10
633191.1512229703
 20
4839196.780678953
  0
LWPOLYLINE
  5
294
330
17
100
AcDbEntity
  8
ROADS
100
AcDbPolyline
 90
2
 70
0
 10
633385.9330732374
 20
4839144.635825086
 10
633356.7621372286
 20
4839244.952233275
  0
LWPOLYLINE
  5
295
330
17
100
AcDbEntity
  8
ROADS
100
AcDbPolyline
 90
2
 70
0
 10
633191.1512229703
 20
4839196.780678953
 10
633274.4757528314
 20
4839219.8967619585
  0
LWPOLYLINE
  5
296
330
17
100
AcDbEntity
  8
ROADS
100
AcDbPolyline
 90
2
 70
0
 10
633191.1512229703
 20
4839196.780678953
 10
633179.0927395527
 20
4839239.100937841
  0
LWPOLYLINE
  5
297
330
17
100
AcDbEntity
  8
ROADS
100
AcDbPolyline
 90
2
 70
0
 10
633468.0640215215
 20
4839167.726315485
 10
633439.1245521661
 20
4839268.957007117
  0
LWPOLYLINE
  5
298
330
17
100
AcDbEntity
  8
ROADS
100
AcDbPolyline
 90
2
 70
0
 10
633274.4757528314
 20
4839219.8967619585
 10
633356.7621372286
 20
4839244.952233275
  0
LWPOLYLINE
  5
299
330
17
100
AcDbEntity
  8
ROADS
100
AcDbPolyline
 90
2
 70
0
 10
633274.4757528314
 20
4839219.8967619585
 10
633261.8780249984
 20
4839263.112348034
  0
LWPOLYLINE
  5
29A
330
17
100
AcDbEntity
  8
ROADS
100
AcDbPolyline
 90
2
 70
0
 10
633552.4555779048
 20
4839192.45284069
 10
633519.2321452991
 20
4839301.12466548
  0
LWPOLYLINE
  5
29B
330
17
100
AcDbEntity
  8
ROADS
100
AcDbPolyline
 90
2
 70
0
 10
633739.2025424392
 20
4839163.772499619
 10
633816.8366717065
 20
4839187.88776018
  0
LWPOLYLINE
  5
29C
330
17
100
AcDbEntity
  8
ROADS
100
AcDbPolyline
 90
2
 70
0
 10
633816.8366717065
 20
4839187.88776018
 10
633893.8305693206
 20
4839212.73251051
  0
LWPOLYLINE
  5
29D
330
17
100
AcDbEntity
  8
ROADS
100
AcDbPolyline
 90
2
 70
0
 10
633893.8305693206
 20
4839212.73251051
 10
633972.5076250017
 20
4839236.913663619
  0
LWPOLYLINE
  5
29E
330
17
100
AcDbEntity
  8
ROADS
100
AcDbPolyline
 90
2
 70
0
 10
633621.5680581295
 20
4839127.943753224
 10
633559.8651892194
 20
4839327.894844178
  0
LWPOLYLINE
  5
29F
330
17
100
AcDbEntity
  8
ROADS
100
AcDbPolyline
 90
2
 70
0
 10
633661.2483965785
 20
4839139.82347483
 10
633597.4007446552
 20
4839339.475766043
  0
LWPOLYLINE
  5
2A0
330
17
100
AcDbEntity
  8
ROADS
100
AcDbPolyline
 90
2
 70
0
 10
633739.2025424392
 20
4839163.772499619
 10
633677.6477800093
 20
4839363.771337645
  0
LWPOLYLINE
  5
2A1
330
17
100
AcDbEntity
  8
ROADS
100
AcDbPolyline
 90
2
 70
0
 10
633816.8366717065
 20
4839187.88776018
 10
633755.0694406731
 20
4839386.472681658
  0
LWPOLYLINE
  5
2A2
330
17
100
AcDbEntity
  8
ROADS
100
AcDbPolyline
 90
2
 70
0
 10
633893.8305693206
 20
4839212.73251051
 10
633832.344163096
 20
4839411.271549517
  0
LWPOLYLINE
  5
2A3
330
17
100
AcDbEntity
  8
ROADS
100
AcDbPolyline
 90
2
 70
0
 10
633559.8651892194
 20
4839327.894844178
 10
633597.4007446552
 20
4839339.475766043
  0
LWPOLYLINE
  5
2A4
330
17
100
AcDbEntity
  8
ROADS
100
AcDbPolyline
 90
2
 70
0
 10
633972.5076250017
 20
4839236.913663619
 10
633944.182809602
 20
4839327.197227731
  0
LWPOLYLINE
  5
2A5
330
17
100
AcDbEntity
  8
ROADS
100
AcDbPolyline
 90
2
 70
0
 10
633179.0927395527
 20
4839239.100937841
 10
633261.8780249984
 20
4839263.112348034
  0
LWPOLYLINE
  5
2A6
330
17
100
AcDbEntity
  8
ROADS
100
AcDbPolyline
 90
2
 70
0
 10
633356.7621372286
 20
4839244.952233275
 10
633439.1245521661
 20
4839268.957007117
  0
LWPOLYLINE
  5
2A7
330
17
100
AcDbEntity
  8
ROADS
100
AcDbPolyline
 90
2
 70
0
 10
633356.7621372286
 20
4839244.952233275
 10
633344.908584118
 20
4839287.000196567
  0
LWPOLYLINE
  5
2A8
330
17
100
AcDbEntity
  8
ROADS
100
AcDbPolyline
 90
2
 70
0
 10
633261.8780249984
 20
4839263.112348034
 10
633344.908584118
 20
4839287.000196567
  0
LWPOLYLINE
  5
2A9
330
17
100
AcDbEntity
  8
ROADS
100
AcDbPolyline
 90
2
 70
0
 10
633439.1245521661
 20
4839268.957007117
 10
633519.2321452991
 20
4839301.12466548
  0
LWPOLYLINE
  5
2AA
330
17
100
AcDbEntity
  8
ROADS
100
AcDbPolyline
 90
2
 70
0
 10
633439.1245521661
 20
4839268.957007117
 10
633427.123383306
 20
4839311.093316853
  0
LWPOLYLINE
  5
2AB
330
17
100
AcDbEntity
  8
ROADS
100
AcDbPolyline
 90
2
 70
0
 10
633344.908584118
 20
4839287.000196567
 10
633427.123383306
 20
4839311.093316853
  0
LWPOLYLINE
  5
2AC
330
17
100
AcDbEntity
  8
ROADS
100
AcDbPolyline
 90
2
 70
0
 10
633519.2321452991
 20
4839301.12466548
 10
633559.8651892194
 20
4839327.894844178
  0
LWPOLYLINE
  5
2AD
330
17
100
AcDbEntity
  8
ROADS
100
AcDbPolyline
 90
2
 70
0
 10
633519.2321452991
 20
4839301.12466548
 10
633509.7570644966
 20
4839335.03001317
  0
LWPOLYLINE
  5
2AE
330
17
100
AcDbEntity
  8
ROADS
100
AcDbPolyline
 90
2
 70
0
 10
633427.123383306
 20
4839311.093316853
 10
633509.7570644966
 20
4839335.03001317
  0
LWPOLYLINE
  5
2AF
330
17
100
AcDbEntity
  8
ROADS
100
AcDbPolyline
 90
2
 70
0
 10
633095.39766569
 20
4839214.522037066
 10
633179.0927395527
 20
4839239.100937841
  0
LWPOLYLINE
  5
2B0
330
17
100
AcDbEntity
  8
ROADS
100
AcDbPolyline
 90
2
 70
0
 10
632871.4416926904
 20
4839102.087078359
 10
632770.0611845624
 20
4839384.610493055
  0
LWPOLYLINE
  5
2B1
330
17
100
AcDbEntity
  8
ROADS
100
AcDbPolyline
 90
2
 70
0
 10
632930.1509515718
 20
4839167.177186471
 10
632878.4247162712
 20
4839361.3928735135
  0
LWPOLYLINE
  5
2B2
330
17
100
AcDbEntity
  8
ROADS
100
AcDbPolyline
 90
3
 70
0
 10
632763.8615292014
 20
4839169.239406002
 10
632708.6239327228
 20
4839313.541560729
 10
632770.0611845624
 20
4839384.610493055
  0
LWPOLYLINE
  5
2B3
330
17
100
AcDbEntity
  8
ROADS
100
AcDbPolyline
 90
3
 70
0
 10
633012.6043723978
 20
4839190.291987903
 10
632946.8718609978
 20
4839411.935028946
 10
632928.8790398701
 20
4839427.656795417
  0
LWPOLYLINE
  5
2B4
330
17
100
AcDbEntity
  8
ROADS
100
AcDbPolyline
 90
3
 70
0
 10
633095.39766569
 20
4839214.522037066
 10
633011.6701676123
 20
4839496.394892412
 10
632995.3964080681
 20
4839507.587395266
  0
LWPOLYLINE
  5
2B5
330
17
100
AcDbEntity
  8
ROADS
100
AcDbPolyline
 90
2
 70
0
 10
633179.0927395527
 20
4839239.100937841
 10
633105.2339400831
 20
4839537.007656706
  0
LWPOLYLINE
  5
2B6
330
17
100
AcDbEntity
  8
ROADS
100
AcDbPolyline
 90
2
 70
0
 10
632878.4247162712
 20
4839361.3928735135
 10
632928.8790398701
 20
4839427.656795417
  0
LWPOLYLINE
  5
2B7
330
17
100
AcDbEntity
  8
ROADS
100
AcDbPolyline
 90
2
 70
0
 10
632878.4247162712
 20
4839361.3928735135
 10
632841.5841296123
 20
4839462.484433021
  0
LWPOLYLINE
  5
2B8
330
17
100
AcDbEntity
  8
ROADS
100
AcDbPolyline
 90
2
 70
0
 10
632770.0611845624
 20
4839384.610493055
 10
632841.5841296123
 20
4839462.484433021
  0
LWPOLYLINE
  5
2B9
330
17
100
AcDbEntity
  8
ROADS
100
AcDbPolyline
 90
2
 70
0
 10
633597.4007446552
 20
4839339.475766043
 10
633615.7871923749
 20
4839346.277912157
  0
LWPOLYLINE
  5
2BA
330
17
100
AcDbEntity
  8
ROADS
100
AcDbPolyline
 90
2
 70
0
 10
633615.7871923749
 20
4839346.277912157
 10
633677.6477800093
 20
4839363.771337645
  0
LWPOLYLINE
  5
2BB
330
17
100
AcDbEntity
  8
ROADS
100
AcDbPolyline
 90
2
 70
0
 10
633677.6477800093
 20
4839363.771337645
 10
633706.0221221234
 20
4839371.951271535
  0
LWPOLYLINE
  5
2BC
330
17
100
AcDbEntity
  8
ROADS
100
AcDbPolyline
 90
2
 70
0
 10
633706.0221221234
 20
4839371.951271535
 10
633755.0694406731
 20
4839386.472681658
  0
LWPOLYLINE
  5
2BD
330
17
100
AcDbEntity
  8
ROADS
100
AcDbPolyline
 90
2
 70
0
 10
633755.0694406731
 20
4839386.472681658
 10
633796.7988556664
 20
4839401.287744549
  0
LWPOLYLINE
  5
2BE
330
17
100
AcDbEntity
  8
ROADS
100
AcDbPolyline
 90
2
 70
0
 10
633615.7871923749
 20
4839346.277912157
 10
633579.4417569337
 20
4839449.625836186
  0
LWPOLYLINE
  5
2BF
330
17
100
AcDbEntity
  8
ROADS
100
AcDbPolyline
 90
2
 70
0
 10
633796.7988556664
 20
4839401.287744549
 10
633832.344163096
 20
4839411.271549517
  0
LWPOLYLINE
  5
2C0
330
17
100
AcDbEntity
  8
ROADS
100
AcDbPolyline
 90
2
 70
0
 10
633832.344163096
 20
4839411.271549517
 10
633877.310154829
 20
4839425.239345713
  0
LWPOLYLINE
  5
2C1
330
17
100
AcDbEntity
  8
ROADS
100
AcDbPolyline
 90
2
 70
0
 10
633509.7570644966
 20
4839335.03001317
 10
633488.0331919971
 20
4839382.799908986
  0
LWPOLYLINE
  5
2C2
330
17
100
AcDbEntity
  8
ROADS
100
AcDbPolyline
 90
2
 70
0
 10
633427.123383306
 20
4839311.093316853
 10
633398.1736287262
 20
4839427.3740106635
  0
LWPOLYLINE
  5
2C3
330
17
100
AcDbEntity
  8
ROADS
100
AcDbPolyline
 90
2
 70
0
 10
633344.908584118
 20
4839287.000196567
 10
633297.7714625616
 20
4839469.282164021
  0
LWPOLYLINE
  5
2C4
330
17
100
AcDbEntity
  8
ROADS
100
AcDbPolyline
 90
2
 70
0
 10
633261.8780249984
 20
4839263.112348034
 10
633195.3221056284
 20
4839508.208020655
  0
LWPOLYLINE
  5
2C5
330
17
100
AcDbEntity
  8
ROADS
100
AcDbPolyline
 90
2
 70
0
 10
633488.0331919971
 20
4839382.799908986
 10
633398.1736287262
 20
4839427.3740106635
  0
LWPOLYLINE
  5
2C6
330
17
100
AcDbEntity
  8
ROADS
100
AcDbPolyline
 90
3
 70
0
 10
633488.0331919971
 20
4839382.799908986
 10
633529.8851937114
 20
4839430.915873048
 10
633579.4417569337
 20
4839449.625836186
  0
LWPOLYLINE
  5
2C7
330
17
100
AcDbEntity
  8
ROADS
100
AcDbPolyline
 90
2
 70
0
 10
633398.1736287262
 20
4839427.3740106635
 10
633297.7714625616
 20
4839469.282164021
  0
LWPOLYLINE
  5
2C8
330
17
100
AcDbEntity
  8
ROADS
100
AcDbPolyline
 90
2
 70
0
 10
633297.7714625616
 20
4839469.282164021
 10
633195.3221056284
 20
4839508.208020655
  0
LWPOLYLINE
  5
2C9
330
17
100
AcDbEntity
  8
ROADS
100
AcDbPolyline
 90
2
 70
0
 10
633195.3221056284
 20
4839508.208020655
 10
633105.2339400831
 20
4839537.007656706
  0
LWPOLYLINE
  5
2CA
330
17
100
AcDbEntity
  8
ROADS
100
AcDbPolyline
 90
2
 70
0
 10
633706.0221221234
 20
4839371.951271535
 10
633653.7273519118
 20
4839532.460353585
  0
LWPOLYLINE
  5
2CB
330
17
100
AcDbEntity
  8
ROADS
100
AcDbPolyline
 90
2
 70
0
 10
633784.6188039193
 20
4839472.548238393
 10
633813.5295885013
 20
4839499.467852478
  0
LWPOLYLINE
  5
2CC
330
17
100
AcDbEntity
  8
ROADS
100
AcDbPolyline
 90
3
 70
0
 10
633579.4417569337
 20
4839449.625836186
 10
633622.1087158825
 20
4839512.894794518
 10
633653.7273519118
 20
4839532.460353585
  0
LWPOLYLINE
  5
2CD
330
17
100
AcDbEntity
  8
ROADS
100
AcDbPolyline
 90
2
 70
0
 10
633653.7273519118
 20
4839532.460353585
 10
633725.6968100875
 20
4839565.3189344425
  0
LWPOLYLINE
  5
2CE
330
17
100
AcDbEntity
  8
ROADS
100
AcDbPolyline
 90
2
 70
0
 10
633796.7988556664
 20
4839401.287744549
 10
633749.9561087956
 20
4839560.54665466
  0
LWPOLYLINE
  5
2CF
330
17
100
AcDbEntity
  8
ROADS
100
AcDbPolyline
 90
4
 70
0
 10
632958.2172785959
 20
4839701.79423009
 10
633215.3808097428
 20
4839719.535783631
 10
633422.4833508052
 20
4839665.588964053
 10
633516.1075091753
 20
4839723.311215807
  0
ENDSEC
  0
SECTION
  2
OBJECTS
  0
DICTIONARY
  5
A
330
0
100
AcDbDictionary
281
1
  3
ACAD_COLOR
350
B
  3
ACAD_GROUP
350
C
  3
ACAD_LAYOUT
350
D
  3
ACAD_MATERIAL
350
E
  3
ACAD_MLEADERSTYLE
350
F
  3
ACAD_MLINESTYLE
350
10
  3
ACAD_PLOTSETTINGS
350
11
  3
ACAD_PLOTSTYLENAME
350
12
  3
ACAD_SCALELIST
350
14
  3
ACAD_TABLESTYLE
350
15
  3
ACAD_VISUALSTYLE
350
16
  3
EZDXF_META
350
2D
  0
DICTIONARY
  5
B
330
A
100
AcDbDictionary
281
1
  0
DICTIONARY
  5
C
330
A
100
AcDbDictionary
281
1
  0
DICTIONARY
  5
D
330
A
100
AcDbDictionary
281
1
  3
Model
350
1A
  3
Layout1
350
1E
  0
DICTIONARY
  5
E
330
A
100
AcDbDictionary
281
1
  3
ByBlock
350
1F
  3
ByLayer
350
20
  3
Global
350
21
  0
DICTIONARY
  5
F
330
A
100
AcDbDictionary
281
1
  3
Standard
350
2C
  0
DICTIONARY
  5
10
330
A
100
AcDbDictionary
281
1
  3
Standard
350
22
  0
DICTIONARY
  5
11
330
A
100
AcDbDictionary
281
1
  0
ACDBDICTIONARYWDFLT
  5
12
330
A
100
AcDbDictionary
281
1
  3
Normal
350
13
100
AcDbDictionaryWithDefault
340
13
  0
ACDBPLACEHOLDER
  5
13
330
12
  0
DICTIONARY
  5
14
330
A
100
AcDbDictionary
281
1
  0
DICTIONARY
  5
15
330
A
100
AcDbDictionary
281
1
  0
DICTIONARY
  5
16
330
A
100
AcDbDictionary
281
1
  0
LAYOUT
  5
1A
330
D
100
AcDbPlotSettings
  1

  4
A3
  6

 40
7.5
 41
20.0
 42
7.5
 43
20.0
 44
420.0
 45
297.0
 46
0.0
 47
0.0
 48
0.0
 49
0.0
140
0.0
141
0.0
142
1.0
143
1.0
 70
1024
 72
1
 73
0
 74
5
  7

 75
16
 76
0
 77
2
 78
300
147
1.0
148
0.0
149
0.0
100
AcDbLayout
  1
Model
 70
1
 71
0
 10
0.0
 20
0.0
 11
420.0
 21
297.0
 12
0.0
 22
0.0
 32
0.0
 14
1e+20
 24
1e+20
 34
1e+20
 15
-1e+20
 25
-1e+20
 35
-1e+20
146
0.0
 13
0.0
 23
0.0
 33
0.0
 16
1.0
 26
0.0
 36
0.0
 17
0.0
 27
1.0
 37
0.0
 76
1
330
17
  0
LAYOUT
  5
1E
330
D
100
AcDbPlotSettings
  1

  4
A3
  6

 40
7.5
 41
20.0
 42
7.5
 43
20.0
 44
420.0
 45
297.0
 46
0.0
 47
0.0
 48
0.0
 49
0.0
140
0.0
141
0.0
142
1.0
143
1.0
 70
0
 72
1
 73
0
 74
5
  7

 75
16
 76
0
 77
2
 78
300
147
1.0
148
0.0
149
0.0
100
AcDbLayout
  1
Layout1
 70
1
 71
1
 10
0.0
 20
0.0
 11
420.0
 21
297.0
 12
0.0
 22
0.0
 32
0.0
 14
1e+20
 24
1e+20
 34
1e+20
 15
-1e+20
 25
-1e+20
 35
-1e+20
146
0.0
 13
0.0
 23
0.0
 33
0.0
 16
1.0
 26
0.0
 36
0.0
 17
0.0
 27
1.0
 37
0.0
 76
1
330
1B
  0
MATERIAL
  5
1F
102
{ACAD_REACTORS
330
E
102
}
330
E
100
AcDbMaterial
  1
ByBlock
  2

 70
0
 40
1.0
 71
1
 41
1.0
 91
-1023410177
 42
1.0
 72
1
  3

 73
1
 74
1
 75
1
 44
0.5
 73
0
 45
1.0
 46
1.0
 77
1
  4

 78
1
 79
1
170
1
 48
1.0
171
1
  6

172
1
173
1
174
1
140
1.0
141
1.0
175
1
  7

176
1
177
1
178
1
143
1.0
179
1
  8

270
1
271
1
272
1
145
1.0
146
1.0
273
1
  9

274
1
275
1
276
1
 42
1.0
 72
1
  3

 73
1
 74
1
 75
1
 94
63
  0
MATERIAL
  5
20
102
{ACAD_REACTORS
330
E
102
}
330
E
100
AcDbMaterial
  1
ByLayer
  2

 70
0
 40
1.0
 71
1
 41
1.0
 91
-1023410177
 42
1.0
 72
1
  3

 73
1
 74
1
 75
1
 44
0.5
 73
0
 45
1.0
 46
1.0
 77
1
  4

 78
1
 79
1
170
1
 48
1.0
171
1
  6

172
1
173
1
174
1
140
1.0
141
1.0
175
1
  7

176
1
177
1
178
1
143
1.0
179
1
  8

270
1
271
1
272
1
145
1.0
146
1.0
273
1
  9

274
1
275
1
276
1
 42
1.0
 72
1
  3

 73
1
 74
1
 75
1
 94
63
  0
MATERIAL
  5
21
102
{ACAD_REACTORS
330
E
102
}
330
E
100
AcDbMaterial
  1
Global
  2

 70
0
 40
1.0
 71
1
 41
1.0
 91
-1023410177
 42
1.0
 72
1
  3

 73
1
 74
1
 75
1
 44
0.5
 73
0
 45
1.0
 46
1.0
 77
1
  4

 78
1
 79
1
170
1
 48
1.0
171
1
  6

172
1
173
1
174
1
140
1.0
141
1.0
175
1
  7

176
1
177
1
178
1
143
1.0
179
1
  8

270
1
271
1
272
1
145
1.0
146
1.0
273
1
  9

274
1
275
1
276
1
 42
1.0
 72
1
  3

 73
1
 74
1
 75
1
 94
63
  0
MLINESTYLE
  5
22
102
{ACAD_REACTORS
330
10
102
}
330
10
100
AcDbMlineStyle
  2
Standard
 70
0
  3

 62
256
 51
90.0
 52
90.0
 71
2
 49
0.5
 62
256
  6
BYLAYER
 49
-0.5
 62
256
  6
BYLAYER
  0
MLEADERSTYLE
  5
2C
102
{ACAD_REACTORS
330
F
102
}
330
F
100
AcDbMLeaderStyle
179
2
170
2
171
1
172
0
 90
2
 40
0.0
 41
0.0
173
1
 91
-1056964608
 92
-2
290
1
 42
2.0
291
1
 43
8.0
  3
Standard
 44
4.0
300

342
29
174
1
175
1
176
0
178
1
 93
-1056964608
 45
4.0
292
0
297
0
 46
4.0
 94
-1056964608
 47
1.0
 49
1.0
140
1.0
294
1
141
0.0
177
0
142
1.0
295
0
296
0
143
3.75
271
0
272
9
273
9
  0
DICTIONARY
  5
2D
330
A
100
AcDbDictionary
280
1
281
1
  3
CREATED_BY_EZDXF
350
2E
  3
WRITTEN_BY_EZDXF
350
2D2
  0
DICTIONARYVAR
  5
2E
330
2D
100
DictionaryVariables
280
0
  1
1.4.4 @ 2026-07-30T15:41:12.727685+00:00
  0
DICTIONARYVAR
  5
2D2
330
2D
100
DictionaryVariables
280
0
  1
1.4.4 @ 2026-07-30T15:41:12.781009+00:00
  0
ENDSEC
  0
EOF
