segment_id,T1024 Choice,T1024 Integration,T1024 Node Count,T1024 Total Depth,Angular Connectivity,Connectivity,Segment Length,local_nain,local_nach,integrated,citywide_nain,citywide_nach,citywide_match_distance_m,citywide_matched,blended_nain,blended_nach
0,0,303.96536,873,2507.2891,1.9919705,3,50.251198,1.3479270611536247,0.0,210.69273227188876,,,,False,1.3479270611536247,0.0
1,0,240.72893,873,3165.9219,0.68752515,2,58.629208,1.0676837336639593,0.0,166.86057910871241,1.0893778,1.0590639,4.945155896570877,True,1.0741919535647715,0.31771917000000005
2,0,243.83525,873,3125.5898,1.9886415,2,260.18658,1.0814521399666361,0.0,169.0137160586294,1.0455896,0.95100409,6.689129548624527,True,1.0706933779766454,0.28530122700000005
3,1532,187.08882,873,4073.6211,3.1769476,5,34.036697,0.8298952721949113,0.8823482391502241,1372.4151056306614,1.005603,0.93328631,0.0,True,0.8826075905364379,0.8976296604051568
4,7,186.83281,873,4079.2031,5.1600847,5,29.249254,0.8287601962636517,0.25010145268366646,410.5136419847882,1.0045228,0.82989949,0.0,True,0.8814889773845562,0.42404086387856654
5,3,176.0118,873,4329.9883,5.3134661,5,14.454308,0.7807820446209016,0.16554720027543052,283.28006395576836,0.9679125,0.76001495,0.0,True,0.8369211812346311,0.3438875251928014
6,0,334.62314,873,2277.5742,2.010915,3,26.778555,1.4837589766316113,0.0,231.94308604111583,,,,False,1.4837589766316113,0.0
7,21682,303.76657,873,2508.9297,3.0354531,5,264.57895,1.3470463478717958,1.2753264203685266,3032.905659737607,1.2210374,1.3957428,0.0,True,1.309243663510257,1.3114513342579686
8,23513,335.62415,873,2270.7812,3.0254655,5,99.192162,1.4881937082847323,1.3022501658165635,3378.189236653776,1.1580663,1.1965187,0.0,True,1.3891554857993127,1.2705307260715943
9,35391,337.3045,873,2259.4688,1.996742,4,41.19836,1.495638004003338,1.3560271572362999,3533.0181824104416,1.1588843,1.1986052,0.0,True,1.3946118928023366,1.30880057006541
10,0,190.31071,873,4004.6562,1.9960134,3,97.481804,0.8441799129528069,0.0,131.9133320668614,0.99520117,0.0,0.0,True,0.8894862900669649,0.0
11,10355,296.25421,873,2572.5508,3.9982677,5,299.12277,1.3137587660526349,1.1771752954968238,2738.9939756663084,1.0906749,0.93538183,0.0,True,1.2468336062368444,1.1046372558477766
12,37616,338.02917,873,2254.625,2.0271409,4,52.578339,1.4988483607811771,1.3642991050573796,3561.217736012652,1.1592878,1.2024856,0.0,True,1.396980192546824,1.3157550535401656
13,8191,298.30338,873,2554.8789,3.0163689,4,149.35808,1.3228388259404165,1.1483356125376258,2688.02232014499,1.0906577,0.95791292,0.0,True,1.2531844881582914,1.091208804776338
14,288,233.08702,873,3269.7188,4.0211849,5,93.831795,1.0338109381979355,0.7001313715120058,1321.5756480923787,1.0809098,0.8546409,0.0,True,1.0479405967385549,0.746484230058404
15,8669,298.36725,873,2554.332,2.0043447,4,149.90198,1.323121833215648,1.1555942219628816,2705.516469502284,1.0907487,0.96715194,0.0,True,1.2534098932509536,1.0990615373740171
16,695,237.10252,873,3214.3438,3.0100646,4,90.474442,1.0516098068085333,0.81043800111506,1552.2593187905554,0.99120623,0.69603676,0.0,True,1.0334887337659735,0.776117628780542
17,0,204.54648,873,3725.9453,2.0052049,2,51.677948,0.9072930018978079,0.0,141.78081590546125,0.97275716,0.0,0.0,True,0.9269322493284655,0.0
18,3811,267.34039,873,2850.7812,2.9978352,4,39.40284,1.1856284955003995,1.036386950033774,2204.5347208192293,1.0869576,0.91851038,0.0,True,1.1560272268502798,1.0010239790236417
19,305,214.2775,873,3556.7383,5.2685471,5,16.35005,0.9504319781389443,0.6999236295458191,1227.1346182336156,0.96366686,0.66145247,0.0,True,0.954402442697261,0.6883822816820734
20,118,207.74065,873,3668.6562,3.4748981,4,18.748178,0.9214534126480775,0.582223647452204,994.556646515175,0.95071095,0.38892692,0.0,True,0.9302306738536543,0.5242346292165427
21,1514,219.74429,873,3468.2539,2.982372,4,11.087718,0.9746660560334861,0.8982982254022125,1609.3699478504261,0.96659768,0.84087056,0.0,True,0.9722455432234403,0.8810699257815486
22,3903,243.58533,873,3128.7969,4.8274822,6,55.493095,1.0803443309107097,1.0273803977962295,2014.453860878271,1.0860074,1.0299495,0.0,True,1.0820432516374967,1.0281511284573606
23,3589,236.37976,873,3224.1719,4.6602325,6,35.233406,1.0484062185737295,1.0131874309730122,1935.048680630523,0.99560463,0.92303991,0.0,True,1.0325657420016106,0.9861431746811086
24,5061,248.55029,873,3066.2969,4.6078196,6,57.988876,1.1023505196475034,1.0623116765427447,2120.0630056253176,1.059049,1.0300204,0.0,True,1.0893600637532523,1.0526242935799213
25,9020,248.6805,873,3064.6914,4.4292111,6,269.07846,1.1029276314362193,1.1343470937009144,2264.8380870630263,1.0592583,1.038029,0.0,True,1.0898268320053535,1.1054516655906401
26,47315,338.08481,873,2254.2539,1.998722,4,71.386215,1.499094885618956,1.3940348668298708,3639.356170103773,1.1592885,1.2061288,0.0,True,1.3971529699332694,1.3376630467809094
27,7602,243.89835,873,3124.7812,3.5417571,6,103.68185,1.081731808464188,1.1103641028204958,2179.5804596010585,1.0861213,1.0387955,0.0,True,1.0830486559249317,1.088893521974347
28,54591,338.41495,873,2252.0547,2.0155365,4,103.13209,1.5005574985149313,1.4127369791875892,3691.3155344649363,1.1594949,1.2147068,0.0,True,1.3982387189604517,1.3533279254313124
29,0,247.75777,873,3076.1055,1.0086635,2,28.995352,1.0988378020661813,0.0,171.7325997373194,,,,False,1.0988378020661813,0.0
30,429,193.40366,873,3940.6133,3.4759324,4,21.191572,0.8578925765171603,0.7323542405051418,1173.2075065816746,0.97484392,0.72005862,0.0,True,0.8929779795620123,0.7286655543535991
31,2465,248.30704,873,3069.3008,1.9744053,4,39.723862,1.101272360606237,0.9726246152019579,1939.4662280713796,1.05917,1.031938,0.0,True,1.0886416524243658,0.9904186306413705
32,0,192.14787,873,3966.3672,2.0859399,3,258.35001,0.8523250273179921,0.0,133.1867543410989,,,,False,0.8523250273179921,0.0
33,44,195.06718,873,3907.0078,4.1059303,4,369.7088,0.8652678263133228,0.46022571457469835,746.8422804443898,0.9639734,0.29688218,0.0,True,0.894879498419326,0.4112226542022889
34,8833,245.41544,873,3105.4648,2.0078094,4,81.26474,1.088455992211987,1.129879877631856,2229.961600013962,1.0825354,1.0315754,0.0,True,1.086679814548391,1.1003885343422992
35,10273,245.41821,873,3105.4297,2.8731053,5,77.117355,1.0884682868763929,1.1486592438378496,2267.0431165712394,1.0825354,1.0295132,0.0,True,1.086688420813475,1.1129154306864948
36,7147,296.37393,873,2571.5117,3.0143189,4,103.61753,1.314289218948499,1.1300291262973774,2630.237945620441,1.090728,0.94995248,0.0,True,1.2472208532639493,1.0760061324081642
37,1765,221.66391,873,3438.2188,4.0112567,4,34.228378,0.9831754544646474,0.9180816633858319,1657.3895829948106,0.97633642,0.87814391,0.0,True,0.9811237441252532,0.9061003373700822
38,0,178.77762,873,4263.0,0.99080336,2,11.345399,0.7930454119924558,0.0,123.9192032502173,0.88519979,0.0,0.0,True,0.820691725394719,0.0
39,8030,298.37408,873,2554.2734,2.0337355,4,44.515224,1.323152164454641,1.1458406583338052,2682.7376988175797,1.0906154,0.97242326,0.0,True,1.2533911351182487,1.0938154388336636
40,29998,365.2421,873,2086.6406,1.9844898,4,18.499229,1.6193971725666079,1.3484970568552044,3765.263518574309,1.2286683,1.390074,0.0,True,1.5021785107966257,1.3609701397986431
41,8155,298.3782,873,2554.2383,2.9891677,5,46.825592,1.3231703328081048,1.147810984723568,2687.382564645107,1.0906155,0.98048532,0.0,True,1.2534038829656733,1.0976132853064977
42,424,222.90457,873,3419.082,3.0117307,3,61.60442,0.9886751273859626,0.7436822172841653,1349.5621990712552,0.97644866,0.76218688,0.0,True,0.9850071871701738,0.7492336160989157
43,53,178.33934,873,4273.4766,2.0214493,3,47.153027,0.7911021386826965,0.4771007109476707,714.6651554144566,0.88413572,0.29498416,0.0,True,0.8190122130778876,0.4224657456633695
44,7647,298.38504,873,2554.1797,3.0147576,5,149.1772,1.3232006662707727,1.1396185344168202,2668.257554217863,1.0905682,0.98076773,0.0,True,1.2534109263895408,1.091963293091774
45,35286,367.46332,873,2074.0273,2.0137267,4,74.991089,1.6292361290951345,1.370819582270225,3847.818016636397,1.2291117,1.3902917,0.0,True,1.5091988003665942,1.3766612175891575
46,5965,242.29395,873,3145.4727,4.0234809,6,88.785812,1.0746204985821877,1.079352597834102,2106.503496513217,1.1092303,1.0176318,0.0,True,1.0850034390075312,1.0608363584838714
47,1716,248.60762,873,3065.5898,3.9331603,4,259.86981,1.102604618827401,0.9276819715716114,1851.8573038331895,1.0331846,0.59557658,0.0,True,1.0817786131791807,0.828050354100128
48,7848,245.41481,873,3105.4727,2.054652,4,87.464622,1.0884532250750985,1.1151787692198019,2200.9459862256294,1.0825354,1.0336622,0.0,True,1.086677877552569,1.0907237984538614
49,56997,339.07956,873,2247.6406,2.0192075,4,87.920631,1.5035017958636698,1.4186829620120978,3713.1887167233285,1.159918,1.2155612,0.0,True,1.400426657104569,1.3577464334084683
50,188,248.22079,873,3070.3672,4.0070195,4,261.2771,1.100890115656691,0.6527274833521586,1302.420460340693,1.0318193,0.42150578,0.0,True,1.0801688709596837,0.583360972346511
51,708,247.98134,873,3073.332,4.0007868,4,261.69492,1.0998287931669894,0.8172646500902403,1628.0632047244287,1.0314842,0.53103703,0.0,True,1.0793254152168927,0.7313963640631682
52,58530,339.41757,873,2245.4023,2.0029993,4,78.912239,1.5049992082627235,1.4223046314933954,3725.8982976854963,1.1601321,1.2161283,0.0,True,1.4015390757839064,1.3604517320453768
53,60674,339.41403,873,2245.4258,2.0176361,4,32.706631,1.5049834713777086,1.426963924653078,3738.069728523174,1.1601319,1.2166829,0.0,True,1.401527999964396,1.3638796172571546
54,7500,249.45856,873,3055.1328,3.1287198,5,215.61026,1.1063761057903092,1.1117967882982907,2225.9000041860113,1.0568868,0.95787686,0.0,True,1.0915293140532163,1.0656208098088036
55,0,194.23717,873,3923.7031,2.0058718,2,34.47768,0.8615879999044818,0.0,134.6349467454428,0.94934165,0.0,0.0,True,0.8879140949331372,0.0
56,65599,339.44531,873,2245.2188,1.9837525,4,44.98008,1.505122101215878,1.4370930256316168,3764.905455530206,1.1601324,1.2177896,0.0,True,1.4016251908511146,1.3713019979421317
57,0,227.11746,873,3355.6602,2.0128882,3,20.307659,1.007349904599585,0.0,157.42582705493615,,,,False,1.007349904599585,0.0
58,0,180.54564,873,4221.2539,2.0008395,3,62.355045,0.8008845222750695,0.0,125.14470132839088,0.96969098,0.0,0.0,True,0.8515264595925486,0.0
59,0,180.83615,873,4214.4727,2.0128882,3,62.123405,0.8021725557828997,0.0,125.34606751581535,0.97044057,0.0,0.0,True,0.8526529600480297,0.0
60,0,224.94589,873,3388.0547,1.0065013,2,73.224342,0.9977239252652247,0.0,155.9206094320476,1.0762138,0.74342251,6.055896989953832,True,1.0212708876856573,0.22302675300000005
61,0,241.61882,873,3154.2617,2.0087171,3,141.59785,1.0716280852591609,0.0,167.47740385322092,,,,False,1.0716280852591609,0.0
62,0,-1.0,1,-1.0,0.0,0,43.48629,1.0,0.0,-0.6931471805599453,0.97772008,0.0,4.8875792153375075,True,0.9933160240000001,0.0
63,0,357.5795,873,2131.3555,1.0225297,2,76.153763,1.5854547833906836,0.0,247.85522225103495,1.2268026,1.3826518,2.6047374216898826,True,1.4778591283734785,0.4147955400000001
64,1612,258.95264,873,2943.1211,3.9809129,5,304.3757,1.1484548741129266,0.9245899885328548,1912.746126587542,1.0915691,0.85097623,0.0,True,1.1313891418790485,0.9025058609729983
65,4560,227.3485,873,3352.25,3.9740274,5,83.005844,1.008374057433949,1.0378178081258418,1915.5285159120551,1.0821357,0.97456765,0.0,True,1.0305025502037644,1.0188427606880892
66,22235,303.93695,873,2507.5234,2.0086536,4,34.881721,1.3478012128310195,1.278634727416888,3042.2608057575326,1.2200226,1.3954525,0.0,True,1.3094676289817135,1.3136800591918218
67,2172,225.39755,873,3381.2656,2.0278492,4,39.954628,0.9997260286475362,0.945486144859381,1732.0278182613665,1.0770044,0.89020044,0.0,True,1.0229095400532755,0.9289004334015667
68,0,179.02664,873,4257.0703,3.0143104,3,55.519753,0.794149531212909,0.0,124.09181076112031,0.96491963,0.0,0.0,True,0.8453805608490363,0.0
69,0,149.76788,873,5088.7344,1.9971514,2,39.708408,0.6644107542023453,0.0,103.81118376044022,0.87780935,0.0,0.0,True,0.7284303329416417,0.0
70,653,180.32054,873,4226.5234,2.973588,3,54.538559,0.7998864762455433,0.7764344926712432,1169.3129273927757,0.96818125,0.79639632,0.0,True,0.8503749083718803,0.7824230408698702
71,22518,304.11508,873,2506.0547,3.0235984,5,91.94725,1.3485904761757483,1.2803459719564523,3047.889711072288,1.2189,1.3951195,0.0,True,1.3096833333230238,1.3147780303695167
72,600,232.61238,873,3276.3906,3.973541,5,64.877167,1.0317070461792515,0.7903976017462949,1488.7791169660047,1.0829098,0.96010602,0.0,True,1.047067872325476,0.8413101272224064
73,4984,226.30266,873,3367.7422,3.0314589,4,49.933281,1.0037381144907238,1.0481725753841908,1926.8289387375391,1.0787574,0.94939339,0.0,True,1.0262439001435066,1.0185388197689336
74,22955,304.18997,873,2505.4375,3.0125146,5,123.34077,1.3489224286339436,1.2828416786433465,3054.486527295005,1.2187505,1.3943055,0.0,True,1.3098708500437606,1.3162808250503426
75,2631,241.66013,873,3153.7227,4.0111585,6,65.793198,1.0718111202064187,0.9774377782554884,1903.285981548169,1.1104876,1.0452614,0.0,True,1.0834140641444931,0.9977848647788419
76,22681,304.51807,873,2502.7383,2.1485512,4,51.142921,1.3503760780708403,1.2814838867839462,3054.124707611341,1.2181319,1.3941507,0.0,True,1.3107028246495882,1.3152839307487623
77,876,190.39819,873,4002.8164,4.024581,6,92.314049,0.8445677265374322,0.8168892531981015,1290.4516438877918,0.99520689,0.84167469,0.0,True,0.8897594755762026,0.824324884238671
78,2164,232.95732,873,3271.5391,4.0243764,6,32.374134,1.0332360722826937,0.9488806251172166,1789.2607110162899,1.082144,0.91061813,0.0,True,1.0479084505978855,0.9374018765820517
79,25118,305.59793,873,2493.8945,3.0084429,5,50.305161,1.3551609181188644,1.2951086408247172,3096.140864011286,1.217585,1.3941458,0.0,True,1.313888142683205,1.324819788577302
80,5780,242.13068,873,3147.5938,4.0164852,6,32.36079,1.0738967933413583,1.075351911434251,2097.458207406745,1.1095686,1.033828,0.0,True,1.0845983353389508,1.0628947380039757
81,10056,296.27985,873,2572.3281,4.0010338,6,91.688194,1.3138724167085865,1.1734579085969534,2730.5517227467876,1.0906752,0.93555337,0.0,True,1.2469132516960104,1.1020865470178673
82,1589,227.1886,873,3354.6094,3.0243516,3,69.668449,1.0076652595168876,0.9079324248803745,1674.861173892822,1.0767072,0.82783419,0.0,True,1.0283778416618212,0.8839029544162621
83,1144,190.94771,873,3991.2969,2.9862206,4,173.53751,0.8470040587635305,0.849328378406449,1345.0419508992663,0.9949618,0.79282075,0.0,True,0.8913913811344714,0.8323760898845143
84,6584,296.39148,873,2571.3594,3.0369658,5,122.6002,1.314367002972,1.1195913706289395,2606.081799797858,1.0905892,0.93259799,0.0,True,1.2472336620803999,1.0634933564402578
85,21179,364.27716,873,2092.168,3.0668135,5,103.14292,1.6151228946998635,1.302511562183055,3628.5137309025613,1.2285769,1.3899902,0.0,True,1.4991590962899044,1.3287551535281383
86,5991,242.68123,873,3140.4531,3.9933813,6,93.47673,1.0763370445044427,1.0801064390788566,2110.925646110495,1.1092448,1.0273188,0.0,True,1.0862093711531098,1.0642701473551996
87,0,222.70102,873,3422.207,1.9982839,2,62.551483,0.9877728426312498,0.0,154.364584120824,0.97714913,0.0,0.0,True,0.9845857288418748,0.0
88,0,232.47324,873,3278.3516,2.0013199,3,37.471333,1.031090289878629,0.0,161.1381708616355,,,,False,1.031090289878629,0.0
89,0,258.98428,873,2942.7617,1.9986801,3,92.713951,1.148595039845779,0.0,179.51422349134742,1.0910418,0.0,10.044030301102659,True,1.1313290678920453,0.0
90,0,224.60382,873,3393.2148,2.013463,2,32.396236,0.9962075690020624,0.0,155.68350457599345,,,,False,0.9962075690020624,0.0
91,3032,302.57425,873,2518.8164,1.9843807,4,152.18033,1.3417632010597138,1.0235642850047508,2425.930550431438,1.2161795,1.3901397,0.0,True,1.3040880907417995,1.1335369095033256
92,4621,360.46051,873,2114.3203,3.0170536,5,97.958519,1.5982168115799031,1.1019438179549512,3041.853836020349,1.2277842,1.3828861,0.0,True,1.487087028105932,1.186226502568466
93,19069,303.70132,873,2509.4688,3.0476282,5,217.60312,1.346757197281457,1.2588893974642785,2993.257169802951,1.2167475,1.3918654,0.0,True,1.3077542880970199,1.298782198224995
94,1529,232.44221,873,3278.7891,4.0082355,6,103.80473,1.0309527918596852,0.905742660375159,1704.6559488315063,1.1312282,1.1310147,0.0,True,1.0610354143017797,0.9733242722626114
95,8923,303.30899,873,2512.7148,3.0170131,5,88.760445,1.3450187998049814,1.1617032957502094,2759.0840788346336,1.2165587,1.3912969,0.0,True,1.306480769863487,1.2305813770251466
96,4776,302.90308,873,2516.082,3.0432005,5,66.182091,1.3432202295826046,1.0817092437719207,2566.127445690765,1.2163794,1.390177,0.0,True,1.3051679807078231,1.1742495706403444
97,9793,254.73988,873,2991.793,4.0267835,5,116.00289,1.1297837499612777,1.1480261774902232,2340.9645633853756,1.082628,1.0185707,0.0,True,1.1156370249728944,1.1091895342431561
98,5070,269.50443,873,2827.8906,2.9923801,4,114.79801,1.1952188830719548,1.0733418786780162,2299.274483206446,1.0912551,0.9393754,0.0,True,1.1640297481503683,1.0331519350746112
99,3626,232.71976,873,3274.8789,5.1241302,7,115.10492,1.0321829964933473,1.0125027703966745,1907.472807565781,1.1316128,1.0508524,0.0,True,1.0620119375453432,1.0240076592776721
100,4749,268.35196,873,2840.0352,2.9862328,5,99.097748,1.1901114673554445,1.064541235538528,2271.8973197348964,1.0903593,0.93954104,0.0,True,1.160185817148811,1.0270411768769696
101,491,263.7399,873,2889.6992,4.381443,5,60.725941,1.1696716872030894,0.7777316486062383,1635.3216695111014,1.0861826,0.79948729,0.0,True,1.1446249610421626,0.7842583410243669
102,106,227.55479,873,3349.2109,2.9368141,3,112.75435,1.0092885178154034,0.5756576007977451,1065.4413881406942,1.0763278,0.79953057,0.0,True,1.0294003024707825,0.6428194915584216
103,4455,266.95084,873,2854.9414,3.2726831,5,14.600212,1.1839020156828641,1.0558127565374673,2242.9826694922685,1.0894803,0.93873608,0.0,True,1.1555755009780049,1.0206897535762272
104,2964,267.03122,873,2854.082,2.2142959,4,24.139133,1.1842582538413897,1.0046592455895722,2134.906465508832,1.0894818,0.93390751,0.0,True,1.1558253176889728,0.9834337249127005
105,151,193.03473,873,3948.1445,2.8249285,3,24.502016,0.8562569501312735,0.6066198705907444,971.04922593775,0.97443932,0.75760728,0.0,True,0.8917116610918914,0.6519160934135211
106,0,164.24019,873,4640.332,1.8021092,2,15.267879,0.7285861248501451,0.0,113.84262463312973,0.89914757,0.0,0.0,True,0.7797545583951015,0.0
107,501,197.77899,873,3853.4375,2.9935858,3,15.135306,0.877290497420286,0.7530851699440081,1230.3020410462545,0.97321647,0.72893769,0.0,True,0.9060682891942001,0.7458409259608056
108,2198,265.9614,873,2865.5625,3.2131531,6,50.217438,1.1795169877370846,0.9666135643141257,2046.8954882582657,1.0888892,0.94453561,0.0,True,1.1523286514159592,0.9599901780198881
109,10546,256.05173,873,2976.4648,4.0081844,6,42.759575,1.135598004095205,1.1580221183334445,2371.9842469168843,1.0805044,1.0150132,0.0,True,1.1190699228666434,1.1151194428334112
110,248,254.66208,873,2992.707,6.5118694,7,99.702637,1.1294389341420794,0.6892563802631647,1406.1067219815088,1.0427331,0.4284853,0.0,True,1.1034271838994556,0.6110250561842153
111,0,214.05064,873,3560.5078,1.6468307,2,53.010086,0.9494263232624569,0.0,148.36859761305183,1.0163819,0.0,0.0,True,0.9695129962837199,0.0
112,3621,241.59938,873,3154.5156,4.4295659,6,14.532941,1.0715418869299502,1.0170325968068819,1979.9208571844822,1.1000888,1.0184213,0.0,True,1.080105960850965,1.0174492077648174
113,11232,273.57706,873,2785.793,2.548605,5,36.803368,1.2132675138174978,1.1756186858425737,2551.571212856104,1.0896868,1.031711,0.0,True,1.1761932996722484,1.1324463800898015
114,233,254.19559,873,2998.1992,4.5182157,5,13.383213,1.127371369923645,0.6813387931365884,1387.802560923328,1.0871282,0.79100019,0.0,True,1.1152984189465514,0.7142372121956119
115,81,217.48341,873,3504.3086,2.3088968,3,19.376354,0.9646437515932922,0.539866826416537,961.0245236300767,0.99947757,0.71621209,0.0,True,0.9750938971153046,0.5927704054915759
116,7567,298.38733,873,2554.1602,1.9931872,4,21.55191,1.3232107604788714,1.138279536221444,2665.140799101329,1.0905683,0.98710835,0.0,True,1.25341802233521,1.0929281803550108
117,7063,298.37317,873,2554.2812,3.0230358,4,56.777008,1.3231481271105165,1.1294896973176465,2644.4540434338405,1.090655,0.9892295,0.0,True,1.2534001889773614,1.0874116381223524
118,0,222.61285,873,3423.5625,1.997108,2,53.262882,0.9873819794990819,0.0,154.30346933391402,0.97683299,0.0,0.0,True,0.9842172826493574,0.0
119,41212,367.46887,873,2073.9961,2.0519733,4,26.671984,1.6292606147708197,1.3911450508109602,3904.920177683798,1.2292,1.3903313,0.0,True,1.5092424303395737,1.390900925567672
120,8923,267.49435,873,2849.1406,2.976418,5,169.50812,1.1863107284669945,1.1433760125644803,2433.29220892272,1.0870526,0.99480247,0.0,True,1.1565332899268963,1.098803949795136
121,3504,274.29474,873,2778.5039,5.8916941,7,116.70099,1.2164480985435135,1.0291522055754547,2238.857047926083,1.091776,0.96523267,0.0,True,1.1790464689804594,1.0099763449028183
122,4489,242.88817,873,3137.7773,2.7894096,5,56.796871,1.0772543269702037,1.0443830566389043,2042.648382196149,1.1074831,0.99669826,0.0,True,1.0863229588791425,1.030077617647233
123,0,205.14912,873,3715.0,1.9921699,2,28.448702,0.909964671010983,0.0,142.1985341223539,0.97409779,0.0,0.0,True,0.929204606707688,0.0
124,42756,367.79443,873,2072.1602,1.9753069,4,61.238937,1.6307027211050642,1.3961215390108086,3921.9066086567736,1.2292041,1.3901622,0.0,True,1.5102531347735448,1.3943337373075662
125,10459,267.83145,873,2845.5547,3.003108,4,57.467052,1.1878046388881744,1.1635220009114964,2478.889702628656,1.087871,1.0159121,0.0,True,1.1578245472217221,1.1192390306380475
126,0,301.35355,873,2529.0195,1.0247443,2,40.865585,1.336354256515141,0.0,208.88236353423048,,,,False,1.336354256515141,0.0
127,0,228.06844,873,3341.668,1.509028,2,9.9607744,1.0115653474411406,0.0,158.08499616070506,1.0459065,0.83603013,11.06846939040008,True,1.0218676932087984,0.25080903900000007
128,0,201.7726,873,3777.168,2.009764,2,6.6349921,0.8949955868984453,0.0,139.8581088042496,1.0459065,0.83603013,10.692008236617687,True,0.9402688608289118,0.25080903900000007
129,3086,228.60129,873,3333.8789,3.2905324,6,81.364021,1.0139272987840846,0.9904057479471652,1836.8751245974663,1.1197516,1.1113259,0.0,True,1.0456745891488592,1.0266817935630157
130,0,224.48674,873,3394.9844,2.1221721,4,58.319824,0.9956886119782664,0.0,155.6023509040935,,,,False,0.9956886119782664,0.0
131,5078,225.62224,873,3377.8984,7.880929,8,345.31955,1.0007219986694937,1.0500834469410316,1925.2495869530244,1.1069375,1.0567956,0.0,True,1.0325866490686457,1.052097092858722
132,465,205.41154,873,3710.2539,4.3169293,5,316.66904,0.9111280567710693,0.7474984085489278,1262.5269581648251,1.1043754,0.96151471,0.0,True,0.9691022597397485,0.8117032989842494
133,1429,214.09035,873,3559.8477,4.2574668,5,30.710003,0.9496022758490836,0.8883772941370477,1555.6080535603135,1.0779612,0.93580878,0.0,True,0.9881099530943586,0.9026067398959334
134,5362,252.29958,873,3020.7305,3.6934853,5,49.264359,1.1189679933913472,1.0715016911382336,2166.6138744271134,1.0881786,1.0104949,0.0,True,1.109731175373943,1.0531996537967636
135,2,207.60977,873,3670.9688,3.8721685,4,19.669897,0.920873240782177,0.1338297687573784,287.8082534643974,1.0050834,0.082019717,0.0,True,0.946136288547524,0.11828675323016487
136,10464,269.61243,873,2826.7578,3.4333262,6,38.635342,1.1956975185884857,1.164551339990976,2495.502236274642,1.087698,1.0323781,0.0,True,1.16329766301194,1.1248993679936832
137,12901,298.20853,873,2555.6914,6.4260111,7,83.84919,1.3224186006755247,1.2061723696305102,2822.6078875019266,1.1115544,1.0348142,0.0,True,1.2591593404728674,1.1547649187413571
138,11368,256.64859,873,2969.543,4.4203529,6,33.271477,1.138243223183317,1.1677433415403655,2396.7728074236397,1.0799417,1.0052427,0.0,True,1.1207527662283219,1.1189931490782559
139,2693,267.73331,873,2846.5977,3.3456793,5,50.867558,1.1873697300773023,0.9929413927571823,2114.8665082934776,1.0625257,0.90115064,0.0,True,1.1499165210541116,0.9654041669300276
140,549,223.80357,873,3405.3477,3.0113478,4,14.221635,0.9926602683218457,0.7757476687701748,1412.588783181691,1.0019377,0.74432397,0.0,True,0.995443497825292,0.7663205591391223
141,0,265.11176,873,2874.7461,1.3220687,2,29.203392,1.1757515486499917,0.0,183.7614689772849,1.0592202,0.0,0.0,True,1.1407921440549942,0.0
142,97,215.38884,873,3538.3867,4.6520782,5,36.153042,0.955358543785012,0.5610393965721527,989.737534181463,1.014846,0.51303869,0.0,True,0.9732047806495083,0.546639184600507
143,34806,293.89172,873,2593.2305,5.421248,7,79.944359,1.303290278897317,1.3301728220840647,3073.4027929724098,1.1051781,1.0733944,0.0,True,1.2438566252281218,1.2531392954588452
144,32595,292.53497,873,2605.2578,2.7341647,5,24.253868,1.2972781909590314,1.3210483788362108,3040.016252419352,1.1036181,1.0657356,0.0,True,1.239180163671322,1.2444545451853475
145,5642,272.96198,873,2792.0703,3.729425,5,38.214279,1.210541725506271,1.0885323694086724,2357.9406594386887,1.0769551,0.96680474,0.0,True,1.1704657378543897,1.0520140805860707
146,0,230.79683,873,3302.1641,4.104641,5,34.34605,1.0236594127234249,0.0,159.976171996673,1.0088879,0.0,0.0,True,1.0192279589063973,0.0
147,3066,270.04755,873,2822.2031,2.0639219,4,87.107498,1.1976258655575527,1.0103342765923975,2168.1526824158063,1.0726089,0.92627621,0.0,True,1.1601207758902867,0.9851168566146782
148,0,221.06564,873,3447.5234,2.0202289,2,73.540703,0.9805234781558009,0.0,153.23102508467986,0.99000609,0.0,0.0,True,0.9833682617090607,0.0
149,34220,262.75958,873,2900.4805,3.5586913,5,80.294243,1.1653269271396738,1.3093845999189304,2743.373974837236,1.0833296,1.0607499,0.0,True,1.1407277289977715,1.2347941899432513
150,0,269.07401,873,2832.4141,1.0280052,2,30.788271,1.1933114085721717,0.0,186.50789139345852,1.0711659,0.0,0.0,True,1.15666775600052,0.0
151,0,206.35968,873,3693.207,2.0132892,2,38.576252,0.915331314902744,0.0,143.03763037325254,0.96201795,0.0,0.0,True,0.9293373054319207,0.0
152,28757,261.22183,873,2917.5547,4.1413765,6,57.12122,1.1585118381744393,1.2866262495469045,2681.8877400278543,1.0824459,1.0522187,0.0,True,1.1356920567221076,1.2163039846828332
153,3061,211.33034,873,3606.3398,3.9384279,4,81.490425,0.9373670079929345,0.9799229699861355,1696.3803613080065,0.98469859,0.70515919,0.0,True,0.9515664825950542,0.8974938359902949
154,48677,311.74408,873,2444.7266,5.7673512,8,145.71808,1.3823933912958741,1.3831987820849845,3364.654792097937,1.1213592,1.108021,0.0,True,1.3040831339071117,1.300645447459489
155,0,202.12796,873,3770.5273,3.3484364,3,35.989052,0.8965710286968165,0.0,140.1044255863334,1.0260731,0.0,0.0,True,0.9354216500877717,0.0
156,0,208.97826,873,3646.9297,3.1411824,3,38.389568,0.926939941360839,0.0,144.85269171732318,0.96877503,0.0,0.0,True,0.9394904679525873,0.0
157,3720,238.80431,873,3191.4375,2.9613209,4,31.165874,1.0591529291391562,1.0189091943076936,1963.4529620947287,1.0943321,0.97859043,0.0,True,1.0697066803974093,1.0068135650153855
158,53107,368.33325,873,2069.1289,3.2081752,5,22.176128,1.6330894142551067,1.4247786925791985,4007.5032137430912,1.2293947,1.3904021,0.0,True,1.5119809999785747,1.414465714805439
159,22099,284.84274,873,2675.6133,3.0233889,5,125.62517,1.2631916199952486,1.2673589000915488,2849.389637329448,1.0881716,1.0476156,0.0,True,1.210685613996674,1.2014359100640841
160,4320,234.0882,873,3255.7344,2.2813647,4,26.349775,1.0382487541488417,1.0348800436234649,1959.663171639608,1.0591315,0.962951,0.0,True,1.0445135779041892,1.0133013305364253
161,18961,279.93478,873,2722.5234,2.7444983,4,103.80364,1.241442331582773,1.245218020364528,2757.426164540992,1.0770248,1.0135888,0.0,True,1.192117072107941,1.1757292542551696
162,18725,265.87839,873,2866.457,2.4930012,4,51.628372,1.1791491670078458,1.235596438116569,2615.6375834030896,1.0366576,1.030629,0.0,True,1.1364016969054922,1.1741062066815982
163,0,201.75591,873,3777.4805,2.1172433,2,61.47683,0.8949215856908969,0.0,139.84654017780608,0.92358142,0.0,0.0,True,0.9035195359836279,0.0
164,2307,232.82251,873,3273.4336,3.0672448,4,152.15295,1.03263845194353,0.9567145965840304,1803.110181884135,1.0018668,0.92872179,0.0,True,1.023406956360471,0.9483167546088214
165,100437,371.07025,873,2053.8672,2.8578601,5,231.79749,1.6452126295647032,1.50968508284319,4273.729563694292,1.229676,1.3924773,0.0,True,1.5205516406952921,1.4745227479902332
166,1118,214.28316,873,3556.6445,2.9969192,4,88.338318,0.9504570299584081,0.8584852162644484,1504.500058493204,0.94626039,0.81222928,0.0,True,0.9491980379708858,0.8446084353851139
167,1586,232.92952,873,3271.9297,2.0553353,4,38.339115,1.033112800848419,0.9104958814066191,1716.7442856854152,1.0018578,0.8959834,0.0,True,1.0237363005938933,0.9061421369846334
168,4370,268.39627,873,2839.5664,2.2919168,3,63.628101,1.1903078112648797,1.0541070775486194,2249.959449451244,1.0617088,0.88246071,0.0,True,1.1517281078854158,1.0026131672840337
169,3784,226.43398,873,3365.7891,0.96157765,2,131.01695,1.004320217720232,1.0143422922899867,1865.6043545525358,1.0286506,0.87627649,0.0,True,1.0116193324041622,0.9729225516029907
170,3256,219.30241,873,3475.2422,0.40875489,2,51.911243,0.9727072454567082,0.9919403667576325,1773.9084196370065,1.0395569,0.8892951,0.0,True,0.9927621418196957,0.9611467867303427
171,2786,212.98024,873,3578.4023,0.44618094,2,50.621689,0.9446811834937721,0.9693543860618978,1689.5892337542361,1.0576652,0.90399987,0.0,True,0.9785763884456404,0.9497480312433284
172,2381,208.15555,873,3661.3438,3.717715,4,86.037292,0.9232927256644118,0.9475155288093913,1618.641593999001,1.0792656,0.91894692,0.0,True,0.9700845879650883,0.938944946166574
173,0,262.3356,873,2905.168,4.0291653,4,128.71326,1.1634479610905952,0.0,181.83718150050157,1.0864327,0.0,0.0,True,1.1403433827634166,0.0
174,2348,232.93257,873,3271.8867,2.0126042,4,48.741028,1.0331263699955846,0.9589458877351219,1808.0623482991623,1.0018578,0.89335966,0.0,True,1.0237457989969092,0.9392700194145853
175,0,218.66019,873,3485.4492,1.0243453,2,93.909409,0.9698603443880484,0.0,151.56369419920193,0.98264927,0.0,0.0,True,0.9736970220716339,0.0
176,3447,232.93869,873,3271.8008,2.9680748,4,33.364708,1.033153477801039,1.006367337723571,1897.481208387615,1.001858,0.88923836,0.0,True,1.0237648344607273,0.9712286444064996
177,101978,372.95135,873,2043.5078,2.0642095,4,49.647038,1.6535447492049768,1.5126821119389358,4301.073376307674,1.2305757,1.392601,0.0,True,1.5266540344434836,1.476657778357255
178,1,184.55406,873,4129.5703,3.0075815,3,80.569214,0.8186569358744359,0.08324437529741255,202.75335823959165,0.90470821,0.05134536,0.0,True,0.8444723181121052,0.07367467070818878
179,0,220.08661,873,3462.8594,3.0062222,3,34.805836,0.9761835306067034,0.0,152.55241320049626,0.98131406,0.0,0.0,True,0.9777226894246924,0.0
180,0,189.51012,873,4021.5742,3.2302291,3,83.634995,0.8406303733998055,0.0,131.35840536557689,1.0564675,0.0,0.0,True,0.9053815113798639,0.0
181,3280,206.38609,873,3692.7344,3.9269972,6,90.989059,0.9154483965472117,0.9855104097603081,1670.944769011509,1.0983057,1.0232204,0.0,True,0.9703055875830482,0.9968234068322157
182,5569,208.87019,873,3648.8164,1.1940056,5,19.548353,0.9264609094414673,1.0514654879093064,1801.5742845865193,1.094331,1.0091701,0.0,True,0.9768219366090272,1.0387768715365144
183,22613,258.94373,873,2943.2227,3.9597049,6,104.49355,1.1484152563905692,1.255129449821515,2596.265304849462,1.0614374,1.03739,0.0,True,1.1223218994733983,1.1898076148750607
184,1368,198.97021,873,3830.3672,0.92370242,3,115.97511,0.8825716601863788,0.8752150303169156,1437.0754775039113,1.0095472,0.91828018,0.0,True,0.9206643221304651,0.888134575221841
185,1388,192.32175,873,3962.7812,3.9873831,4,137.05661,0.8530959242209442,0.8733782998700814,1391.8438567576052,1.053757,0.93537325,0.0,True,0.913294246954661,0.891976784909057
186,0,151.93971,873,5015.9961,0.38149589,1,45.400719,0.6740417120188323,0.0,105.31658160159571,0.83247292,0.0,0.0,True,0.7215710744131827,0.0
187,1537,162.64066,873,4685.9688,2.64399,3,47.273712,0.7214934284860907,0.8681256311722978,1193.6016097537236,0.8616004,0.85987389,0.0,True,0.7635255199402635,0.8656501088206083
188,4177,204.74675,873,3722.3008,3.3989038,4,78.141563,0.9081808542821846,1.0139470287524497,1707.1430340476074,0.96069783,0.94252264,0.0,True,0.9239359469975292,0.9925197121267147
189,16302,257.50525,873,2959.6641,2.2329564,4,112.47426,1.142039936989419,1.213321676656892,2497.5861026518114,1.0590932,0.98494345,0.0,True,1.1171559158925932,1.1448082086598244
190,696,193.96663,873,3929.1758,1.9369038,3,69.41272,0.8603885591043331,0.7909660976738025,1270.1359918644412,0.93551713,0.79391527,0.0,True,0.8829271303730332,0.7918508493716617
191,486,178.69576,873,4264.9531,1.5387578,3,57.738197,0.7926824136285501,0.7403213108120565,1106.1831160886368,0.8907699,0.73517084,0.0,True,0.8221086595399851,0.7387761695684396
192,1295,197.5611,873,3857.6875,2.3975983,3,99.053833,0.8763244905572858,0.8678271613729146,1416.0802670436594,0.94041687,0.9065302,0.0,True,0.8955522043901,0.8794380729610403
193,716,185.86476,873,4100.4492,1.6513001,3,60.835041,0.824468145065105,0.7903131332864398,1222.3339380984514,0.90618128,0.87410271,0.0,True,0.8489820855455735,0.8154500063005079
194,7677,225.70471,873,3376.6641,5.3009677,7,158.5361,1.0010875843348335,1.100988195065473,2019.2095451380137,1.124038,1.1341089,0.0,True,1.0379727090343835,1.110924406545831
195,0,180.23709,873,4228.4805,2.013618,3,75.412277,0.799516433688283,0.0,124.9308307658291,1.0240282,0.0,0.0,True,0.866869963581798,0.0
196,0,178.46822,873,4270.3906,2.0174685,3,148.95914,0.7916735614360316,0.0,123.70474351255204,,,,False,0.7916735614360316,0.0
197,10972,225.70262,873,3376.6953,3.0726016,5,148.4507,1.0010783399579783,1.1449321560502803,2099.7755999509786,1.1240187,1.134815,0.0,True,1.0379604479705848,1.1418970092351963
198,13352,257.66302,873,2957.8516,2.0979166,4,95.036995,1.1427392786002595,1.1884424360164416,2447.688215541852,1.0590963,0.9078542,0.0,True,1.1176463850201817,1.1042659652115092
199,904,203.53525,873,3744.457,2.6658463,3,59.603237,0.9028099567532268,0.8273269303074936,1385.8795174152842,0.96381444,0.38730609,0.0,True,0.9211113017272587,0.6953206782152455
200,167,191.61043,873,3977.4922,2.4690714,3,76.792374,0.8499422821202725,0.618152323063107,982.9420986228575,1.006025,0.84286952,0.0,True,0.8967670974841907,0.6855674821441748
201,0,152.52542,873,4996.7344,1.7105216,2,29.698137,0.6766390072950913,0.0,105.72256483672149,,,,False,0.6766390072950913,0.0
202,12569,227.9227,873,3343.8047,2.7763791,5,43.669678,1.0109193409130617,1.1630539509446791,2151.396064335551,1.1204448,1.1304154,0.0,True,1.043776978639143,1.1532623856612754
203,10156,248.49078,873,3067.0312,3.1949739,4,83.421989,1.1020867699708703,1.1490110083647647,2292.5801236878865,1.0425413,0.87257111,0.0,True,1.0842231289796092,1.0660790388553352
204,13815,184.75189,873,4125.1484,3.3632789,5,97.587364,0.8195340594362499,1.1450947256716304,1761.3607793141643,1.0252465,0.9957245,0.0,True,0.8812477916053749,1.1002836579701414
205,5050,200.89253,873,3793.7148,1.5133044,3,33.191898,0.8910939995143533,1.0346340495838853,1713.118981509258,0.98692507,0.98254305,0.0,True,0.9198433206600474,1.0190067497087196
206,4342,192.25087,873,3964.2422,2.6147985,4,43.233078,0.8527816788767524,1.0109215611132187,1610.399190744497,1.0247904,0.99767953,0.0,True,0.9043842952137267,1.0069489517792531
207,3098,181.41643,873,4200.9922,2.4004674,4,83.602074,0.8047454102217521,0.9634512465748837,1458.4352339877707,1.029266,0.97118449,0.0,True,0.8721015871552265,0.9657712196024186
208,6536,209.07544,873,3645.2344,2.0688503,4,35.985149,0.9273707996798407,1.071108890441258,1836.8085663065333,0.98862106,0.98084211,0.0,True,0.9457458777758885,1.0440288563088806
209,7715,158.27274,873,4815.2891,2.4005389,3,40.634876,0.7021249113215613,1.0555268297794624,1416.7279377970929,0.93356884,0.98459297,0.0,True,0.7715580899250929,1.0342466718456238
210,6180,145.53679,873,5236.6758,1.806796,3,29.506981,0.6456476428924699,1.0192924050596237,1270.4484358718387,0.89008826,0.9646104,0.0,True,0.7189798280247289,1.0028878035417366
211,0,165.11125,873,4615.8516,2.0302532,2,51.569546,0.7324485442857939,0.0,114.44639741622828,0.88269269,0.0,0.0,True,0.7775217880000558,0.0
212,0,171.17419,873,4452.3594,1.0861317,2,5.7951889,0.7593322357750979,0.0,118.6489071831324,,,,False,0.7593322357750979,0.0
213,3098,119.69597,873,6367.207,4.0453267,4,85.930458,0.5310454946978209,0.9177393958909571,962.2547418353629,0.79157406,0.90547162,0.0,True,0.6092040642884746,0.91405906312367
214,0,233.9212,873,3258.0586,2.08865,3,98.582886,1.0375085534192006,0.0,162.14182025319909,,,,False,1.0375085534192006,0.0
215,1368,196.26396,873,3883.1836,3.3295703,5,216.08054,0.8705737052292263,0.8737660054478824,1417.5294082154737,1.0841984,0.90983081,0.0,True,0.9346611136604583,0.8845854468135177
216,735,187.09583,873,4073.4688,2.1790586,3,88.056938,0.8299262853264449,0.7940864809767961,1235.3166618371145,0.95493007,0.78400201,0.0,True,0.8674274207285113,0.7910611396837572
217,84,180.24126,873,4228.3828,0.93400955,2,129.85655,0.7995348983897683,0.5320359393459628,802.8571691543254,0.94302678,0.63699478,0.0,True,0.8425824628728378,0.563523591542174
218,71,163.76665,873,4653.75,2.8545814,3,80.183708,0.7264863195291466,0.5063496478405316,702.6341696377441,0.96280479,0.71510887,0.0,True,0.7973818606704026,0.5689774144883721
219,0,197.78781,873,3853.2656,1.9991221,2,196.34918,0.8773296143715296,0.0,137.09606285062617,0.99180079,0.0,0.0,True,0.9116709670600707,0.0
220,2986,200.0193,873,3810.2773,3.0931375,4,96.648819,0.8872226273119806,0.9703841584688758,1600.626354789784,1.0747614,0.84388912,0.0,True,0.9434842591183865,0.9324356469282131
221,0,255.84558,873,2978.8633,0.99543351,2,31.452908,1.1346842648395932,0.0,177.33864243572393,1.1094489,1.1001698,8.265774869566124,True,1.1271136553877152,0.33005094
222,3088,255.84491,873,2978.8711,2.0205421,4,47.556778,1.1346812957285621,1.0044118841663014,2055.950858871592,1.1094488,1.0953672,0.0,True,1.1271115470099935,1.031698478916411
223,8843,256.14352,873,2975.3984,2.7317753,5,85.916687,1.1360047355932696,1.1360588041406496,2327.7318007317335,1.109144,1.0917554,0.0,True,1.1279465149152887,1.1227677828984548
224,0,306.55634,873,2486.0977,1.9356989,3,149.94675,1.3594075032294046,0.0,212.48866275377597,,,,False,1.3594075032294046,0.0
225,10988,253.40947,873,3007.5,3.0987699,5,59.327988,1.1238872510874975,1.1616493121021854,2357.9094973082874,1.1084615,1.0844136,0.0,True,1.1192595257612483,1.1384785984715298
226,13654,258.45081,873,2948.8359,4.4191074,6,67.101624,1.1462306942069613,1.1916950483923827,2460.951623420131,1.1417619,1.0848018,0.0,True,1.144890055944873,1.159627073874668
227,0,204.0058,873,3735.8203,1.3339722,2,84.171822,0.9048960117606039,0.0,141.4060450878761,,,,False,0.9048960117606039,0.0
228,25215,252.08475,873,3023.3047,4.2819281,6,50.551125,1.1180158752762404,1.2645178536341208,2554.947924048156,1.1370597,1.0828167,0.0,True,1.1237290226933683,1.2100075075438845
229,3084,205.16121,873,3714.7812,2.5573316,5,58.889568,0.9100182389396029,0.9773047011067258,1648.3946246180546,1.0458574,0.94755685,0.0,True,0.950769987257722,0.9683803457747081
230,5778,210.29936,873,3624.0195,3.2755053,5,68.045364,0.9327966057953698,1.0568338161282989,1821.6464858567133,1.0515547,1.0059036,0.0,True,0.9684240340567589,1.0415547512898091
231,16913,238.74469,873,3192.2344,3.0413723,5,48.613285,1.05888869086997,1.2065182025076941,2324.407816463244,1.1107558,1.042559,0.0,True,1.0744488236089789,1.1573304417553858
232,0,171.15152,873,4452.9492,1.952383,2,13.732765,0.7592317061994386,0.0,118.63319353654909,0.9495573,0.0,0.0,True,0.816329384339607,0.0
233,0,177.49503,873,4293.8047,1.9761832,2,110.5459,0.7873585785098247,0.0,123.03017960790291,,,,False,0.7873585785098247,0.0
234,3958,207.11874,873,3679.6719,4.5545406,5,112.12777,0.9186963895799145,1.008811283581625,1715.7714980568314,1.0439451,0.90408343,0.0,True,0.9562710027059402,0.9773929275071376
235,10314,225.81522,873,3375.0117,3.074806,4,93.170158,1.0015774248421538,1.1373915097898524,2086.860373558685,1.0832689,1.0128194,0.0,True,1.0260848673895078,1.1000198768528966
236,5485,267.54092,873,2848.6445,3.0358844,5,200.45166,1.1865171830959014,1.0822438712898292,2303.5639574667407,1.0874488,0.97425693,0.0,True,1.156796668167131,1.0498477889028806
237,4152,237.2865,873,3211.8516,2.0054073,4,194.23595,1.0524252837772048,1.031706842930602,1977.0300684881165,0.99144453,0.90236884,0.0,True,1.0341310576440434,0.9929054420514214
238,1285,208.32202,873,3658.418,3.0159068,4,185.3992,0.9240307205755801,0.8724879179036387,1491.6000806662246,0.93871623,0.70728809,0.0,True,0.9284363734029062,0.822927969532547
239,0,168.49161,873,4523.2461,1.9996438,2,38.169685,0.7474375111107933,0.0,116.78948441950588,0.85398465,0.0,0.0,True,0.7794016527775554,0.0
240,5251,237.36674,873,3210.7656,1.9865873,4,89.64724,1.052781031441517,1.0608239680865432,2033.4151434077776,0.99144584,0.90841949,0.0,True,1.0343804740090619,1.0151026246605803
241,18279,262.29327,873,2905.6367,1.7556332,4,40.781914,1.1632604176951762,1.2304729441066642,2574.0458372223898,1.026482,1.0221469,0.0,True,1.1222268923866232,1.167975130874665
242,2556,208.32379,873,3658.3867,2.9817591,4,36.28067,0.9240386219706852,0.9562484912587594,1634.7128182570748,0.93871635,0.91023785,0.0,True,0.9284419403794797,0.9424452988811316
243,14590,262.18048,873,2906.8867,2.5703006,4,20.656961,1.1627605441448867,1.2021460819771477,2513.846406144296,1.02648,0.98073852,0.0,True,1.1218763809014207,1.1357238133840033
244,1712,214.41243,873,3554.5,2.8405218,4,37.164204,0.9510301369739418,0.9106238821715764,1596.6404063121988,0.94686621,0.89653778,0.0,True,0.9497809588817593,0.9063980515201036
245,0,205.51367,873,3708.4102,2.0329769,2,139.22433,0.9115807956079423,0.0,142.451220927027,0.93779558,0.0,0.0,True,0.9194452309255595,0.0
246,2323,234.16631,873,3254.6484,2.9611547,5,95.731239,1.0385949807009636,0.9582487661508899,1815.134372277161,1.0650744,0.99553221,0.0,True,1.0465388064906744,0.969433799305623
247,5220,234.64789,873,3247.9688,2.0635328,4,21.466997,1.0407295855110437,1.058582044914372,2008.7351156222107,1.0646603,0.98382854,0.0,True,1.0479087998577306,1.0361559934400604
248,6645,241.59219,873,3154.6094,3.3728175,5,107.3507,1.0715100456039395,1.0923603395721813,2126.4753474141858,1.0611115,0.96698058,0.0,True,1.0683904819227577,1.0547464117005267
249,12104,245.32655,873,3106.5898,4.0186129,6,118.20216,1.088062079515227,1.1689985301632322,2306.4268823430352,1.0821224,1.0255727,0.0,True,1.0862801756606588,1.1259707811142625
250,15821,274.17487,873,2779.7188,3.3656034,5,141.72833,1.2159168216959326,1.219131595457867,2651.057097217346,1.0688034,1.0467454,0.0,True,1.171782795187153,1.167415736820507
251,11378,247.79362,873,3075.6602,3.3441691,5,51.247036,1.0989967905319191,1.162753286391606,2314.296442234109,1.0566688,0.96645886,0.0,True,1.0862983933723434,1.1038649584741242
252,12449,248.21733,873,3070.4102,2.0927269,4,14.313972,1.1008747081193209,1.1742015274415467,2340.5792680014806,1.055753,0.94379765,0.0,True,1.0873381956835244,1.1050803642090827
253,14116,263.56284,873,2891.6406,2.3425889,4,77.712494,1.1688869316209565,1.1987950165335735,2518.3971927073662,1.0979394,1.0777216,0.0,True,1.1476026721346695,1.1624729915735015
254,13816,258.6286,873,2946.8086,2.5008767,4,196.70041,1.1470187255109823,1.1932737077644133,2465.6945622387593,1.1196412,1.0827072,0.0,True,1.1388054678576875,1.1601037554350893
255,13607,297.94623,873,2557.9414,2.8506398,4,199.10313,1.321256292096305,1.2128255885612222,2835.9972030075483,1.0695436,0.86335647,0.0,True,1.2457424844674134,1.1079848529928555
256,1761,241.15353,873,3160.3477,2.1683593,4,88.177498,1.0695657160494476,0.9273913263917716,1802.5676977310502,1.0426823,0.89863265,0.0,True,1.0615006912346134,0.9187637234742401
257,16810,262.33173,873,2905.2109,1.4703635,4,43.587353,1.1634307927738659,1.2199913249231154,2552.4479099268524,1.025123,0.99985731,0.0,True,1.1219384549417062,1.1539511204461808
258,0,172.04512,873,4429.8203,2.0127606,2,16.297646,0.7631940045375539,0.0,119.25258985709745,0.85865778,0.0,0.0,True,0.7918331371762878,0.0
259,0,202.24886,873,3768.2734,1.9194052,2,31.340796,0.8971070061252916,0.0,140.1882270804631,0.94962931,0.0,0.0,True,0.9128636972877041,0.0
260,16587,262.397,873,2904.4883,2.263989,4,64.599998,1.16372004048591,1.218354879697784,2549.5791658285007,1.0253443,0.99060321,0.0,True,1.122207318340137,1.1500293787884488
261,0,261.20996,873,2917.6875,0.94637144,2,34.032623,1.1584591440514862,0.0,181.0569473081761,1.0544307,0.0,0.0,True,1.1272506108360403,0.0
262,2200,237.0426,873,3215.1562,3.140398,4,129.0121,1.0513442530853254,0.9529630681284944,1824.5456495640983,0.99113238,0.87470514,0.0,True,1.0332806911597276,0.929485689689946
263,3060,267.42249,873,2849.9062,3.3872647,5,46.387581,1.1859922609473705,1.0088489993467196,2146.553147542823,1.0638227,0.92567372,0.0,True,1.1493413926631595,0.9838964155427037
264,17241,262.41077,873,2904.3359,3.4650924,5,34.736267,1.1637810626596272,1.2232116352500721,2559.8594519730527,1.0254494,0.99413508,0.0,True,1.1222815638617392,1.1544886686750506
265,0,248.00026,873,3073.0977,4.0711098,4,40.241985,1.0999125920935209,0.0,171.90068099713338,1.0231277,0.0,0.0,True,1.0768771244654647,0.0
266,11682,290.05948,873,2627.4922,3.6475234,5,44.325985,1.2863086957047538,1.1893305115892059,2716.6900306496786,1.0872935,0.97103101,0.0,True,1.2266041369933276,1.123840661112444
267,3340,247.14607,873,3083.7188,3.9983907,4,148.20607,1.0961266730292545,1.0098522531782919,2005.4234625716351,1.0322598,0.84865421,0.0,True,1.076966611120478,0.9614928402248043
268,9720,249.6571,873,3052.7031,3.0095048,4,46.345402,1.1072561134166603,1.1442134170269227,2292.3881013193154,1.0568745,0.95539188,0.0,True,1.0921416293916621,1.087566955918846
269,1549,214.86154,873,3547.0703,2.7991509,3,39.47052,0.953021043890797,0.8986250045290871,1578.5136422090625,0.97386169,0.86799347,0.0,True,0.959273237723558,0.889435544170361
270,0,174.79099,873,4360.2305,0.93245292,1,13.170248,0.7753690874766531,0.0,121.15588190578158,0.88739163,0.0,0.0,True,0.8089758502336573,0.0
271,72488,339.3963,873,2245.543,2.9867406,5,80.689796,1.5049049927622402,1.450004586250655,3798.253196305666,1.1601306,1.2201402,0.0,True,1.401472674933568,1.3810452703754585
272,17789,281.65308,873,2705.9141,3.1952024,5,125.90666,1.2490568597238088,1.2381093711430629,2756.383218765765,1.0659213,1.0365522,0.0,True,1.194116191806666,1.177642219800144
273,83514,339.17743,873,2246.9922,3.0180812,5,48.604996,1.5039352658260992,1.4682275411192864,3843.8277771878475,1.1601273,1.2225094,0.0,True,1.4007928760782693,1.3945120987835005
274,31371,282.9639,873,2693.3789,3.1766303,5,148.70317,1.2548657564054626,1.3106468501490782,2929.7241603394586,1.0651811,1.0627227,0.0,True,1.1979603594838237,1.2362696051043547
275,1551,244.04967,873,3122.8438,3.1452985,3,88.393158,1.0824024810929185,0.912996165143852,1793.2632652179752,1.0310143,0.8717494,0.0,True,1.066986026765043,0.9006221356006965
276,0,184.84221,873,4123.1328,1.1473671,1,11.431038,0.8199344957204344,0.0,128.1228567099693,0.91491067,0.0,0.0,True,0.8484273480043041,0.0
277,85355,339.16562,873,2247.0703,3.0497198,5,50.21331,1.503883040982678,1.4710458238379174,3851.089182368536,1.1601272,1.2232867,0.0,True,1.4007562886878746,1.3967180866865423
278,0,180.08636,873,4232.0195,0.9902994,1,154.54573,0.7988481588589338,0.0,124.82635269130331,0.87607402,0.0,0.0,True,0.8220159172012537,0.0
279,1563,226.29715,873,3367.8242,3.5043113,5,43.973396,1.0037136899152852,0.9054636331366047,1664.56061802593,0.96607351,0.86742294,0.0,True,0.9924216359406997,0.8940514251956233
280,25681,275.97354,873,2761.6016,3.765511,5,92.493645,1.2238879446834248,1.2812607886313978,2802.120678413512,1.0404599,1.0078472,0.0,True,1.1688595312783974,1.1992367120419785
281,13468,292.84451,873,2602.5039,1.7311836,4,80.458351,1.2986498819018177,1.2088601402642758,2784.4301057658026,1.094172,1.0044762,0.0,True,1.2373065173312723,1.147544958184993
282,30011,280.76947,873,2714.4297,1.7861762,4,74.420059,1.2451412536638897,1.303753212166765,2894.5608152010004,1.0555111,1.0482945,0.0,True,1.1882522075647228,1.2271155985167355
283,4067,250.2601,873,3045.3477,2.6205659,4,14.463172,1.10992870362244,1.0359684622035048,2079.9498677781576,1.0304842,0.95141274,0.0,True,1.086095352535708,1.0106017455424534
284,17653,293.25607,873,2598.8516,1.9156092,4,79.706718,1.30047353803186,1.2434822286070366,2867.684923087351,1.0946702,1.0367706,0.0,True,1.2387325366223019,1.1814687400249255
285,3376,240.89032,873,3163.8008,3.2848244,4,65.049828,1.0683990863063222,1.0079729615634383,1957.2432681774274,0.99553376,0.90301859,0.0,True,1.0465394884144255,0.9764866500944067
286,1554,194.05885,873,3927.3086,2.9856861,3,50.941216,0.8607974141170343,0.8879664833044489,1426.3080387867612,0.92561352,0.86478269,0.0,True,0.8802422458819239,0.8810113453131143
287,0,159.51147,873,4777.8945,0.97538769,1,32.976246,0.7076178526843686,0.0,110.5649256974723,0.843862,0.0,0.0,True,0.748491096879058,0.0
288,2273,250.0199,873,3048.2734,3.3569903,4,163.60858,1.1088641044923462,0.9633544685271204,1932.5876545793574,1.0297552,0.85536158,0.0,True,1.0851314331446424,0.9309566019689843
289,1538,204.81833,873,3721.0,4.2049608,4,31.944649,0.9084981687208766,0.8925315001374251,1503.2718537454487,0.92732984,0.8648262,0.0,True,0.9141476701046136,0.8842199100961976
290,0,151.6947,873,5024.0977,1.4938976,1,16.193361,0.6729552197419131,0.0,105.14675361088673,0.80729181,0.0,0.0,True,0.7132561968193392,0.0
291,2092,220.46439,873,3456.9258,3.1294656,5,15.115863,0.977858120618784,0.9383177628114623,1685.8540181445726,0.95441276,0.85772353,0.0,True,0.9708245124331487,0.9141394929680235
292,19332,293.75015,873,2594.4805,2.0309434,4,81.441811,1.3026628477078197,1.2553034423057285,2899.2024973315347,1.0961555,1.0568353,0.0,True,1.2407106433954738,1.19576299961401
293,1540,263.66791,873,2890.4883,3.913712,4,49.488373,1.1693525889621832,0.9209518188816587,1935.5427682093757,1.0896689,0.91525781,0.0,True,1.145447482273528,0.9192436162171611
294,104424,373.98581,873,2037.8555,3.005127,5,33.467491,1.6581266085503723,1.51634113825495,4321.867520163367,1.2312577,1.3927983,0.0,True,1.5300659359852604,1.479278286778465
295,20286,293.75146,873,2594.4688,2.9843388,5,46.285355,1.3026687176629366,1.2614304669021008,2913.3637817792464,1.0961556,1.0655162,0.0,True,1.2407147823640556,1.2026561868314705
296,494,218.88712,873,3481.8359,3.3283386,4,35.281773,0.9708662460673948,0.7607189428144194,1358.5395296621505,0.98030698,0.63918674,0.0,True,0.9736984662471764,0.7242592819700935
297,5719,289.75879,873,2630.2188,3.3989704,5,51.908688,1.2849762649472087,1.098497403119771,2506.9637548055866,1.0901992,0.89869285,0.0,True,1.226543145463046,1.0385560371838398
298,118215,377.3923,873,2019.4609,3.0753334,5,32.426228,1.6732149912708298,1.5344404680116428,4408.046676254735,1.2342035,1.3936664,0.0,True,1.541511543889581,1.4922082476081497
299,0,263.83371,873,2888.6719,1.9999846,2,74.682846,1.1700873703957284,0.0,182.87559222317023,1.0902542,0.0,0.0,True,1.14613741927701,0.0
300,119780,377.39377,873,2019.4531,1.9521616,4,42.867382,1.6732214475556342,1.5361689781052252,4413.027142435303,1.2342036,1.3937422,0.0,True,1.541516093288944,1.4934409446736576
301,0,261.34116,873,2916.2227,2.0094829,2,76.809746,1.1590406318708384,0.0,181.14788821826556,1.0867549,0.0,0.0,True,1.1373549123095867,0.0
302,17899,297.95987,873,2557.8242,3.0187221,5,50.161903,1.3213167850150898,1.247763842019467,2917.8053556308882,1.0695437,0.957609,0.0,True,1.2457848595105627,1.160717389413627
303,36101,300.21606,873,2538.6016,4.55516,7,46.744923,1.3313140801563788,1.3384397688015324,3150.5067350048084,1.0731678,1.062465,0.0,True,1.2538701961094652,1.2556473381610727
304,33017,299.50543,873,2544.625,4.0548553,6,88.977898,1.3281651920278108,1.3266503227927882,3116.3056087583905,1.0724182,1.0446512,0.0,True,1.2514410944194676,1.2420505859549515
305,2271,223.67581,873,3407.293,4.0231667,5,93.077454,0.9920938687721541,0.950072525679344,1728.758086773435,0.96073049,0.82835382,0.0,True,0.9826848551405079,0.9135569139755408
306,0,223.56892,873,3408.9219,3.5416956,4,39.934822,0.9916200902013688,0.0,154.96616655883196,0.96178925,0.0,0.0,True,0.9826708381409581,0.0
307,98547,339.93738,873,2241.9688,2.9693093,5,93.65255,1.5073020097907883,1.4901027847853907,3908.7050921146856,1.1601365,1.2287972,0.0,True,1.4031523568535516,1.4117111093497736
308,1719,230.49635,873,3306.4688,4.3208313,5,51.342731,1.022327513606241,0.9192473400963641,1717.3501186148537,0.98466128,0.87724721,0.0,True,1.0110276435243688,0.906647301067455
309,1399,226.98244,873,3357.6562,1.1215427,3,47.62743,1.0067514295503879,0.8921581633810072,1644.4745098449469,0.97032869,0.84352475,0.0,True,0.9958246076852715,0.8775681393667051
310,4070,256.57129,873,2970.4375,3.8892891,5,34.478085,1.1379006899717232,1.0392836512828778,2132.592226292693,1.0140759,0.86937541,0.0,True,1.1007532529802062,0.9883111788980143
311,4819,241.75655,873,3152.4648,2.6701481,5,30.660475,1.0722385243125312,1.052580842498081,2050.2736350276455,1.0001302,0.94452661,0.0,True,1.0506060270187718,1.0201645727486568
312,1461,247.72598,873,3076.5,3.9945107,5,49.633381,1.0986969894909286,0.9072567948005117,1805.4874867222234,1.0315993,0.88072371,0.0,True,1.07856768264365,0.8992968693603582
313,2879,236.87798,873,3217.3906,3.7824903,5,26.796667,1.0506145734996628,0.9861695190012294,1886.9445799834982,0.99050903,0.89980853,0.0,True,1.032582910449764,0.9602612223008606
314,0,216.99336,873,3512.2227,4.4569931,4,69.98484,0.962471354518262,0.0,150.4083356842292,0.95281827,0.0,0.0,True,0.9595754291627834,0.0
315,35,245.36821,873,3106.0625,3.8954496,4,39.240376,1.0882466752672522,0.4455962253977255,886.0044646824497,1.0419296,0.31248954,0.0,True,1.0743515526870766,0.40566421977840783
316,1357,238.86687,873,3190.6016,3.7013421,5,23.849308,1.0594302408881284,0.8940207719935742,1723.3060880094674,0.98735195,0.58861619,0.0,True,1.03780675362169,0.8023993973955019
317,3206,243.62791,873,3128.25,3.0214829,4,11.888034,1.0805330827083537,1.0029696953471943,1966.906291921953,1.0062506,0.93846613,0.0,True,1.0582483378958476,0.9836186257430359
318,11709,284.71719,873,2676.793,3.7701638,5,28.329794,1.2626353294740669,1.1868251840680986,2667.311452906379,1.0735582,0.92908967,0.0,True,1.2059121906318468,1.109504529847669
319,28151,298.02588,873,2557.2578,3.4887772,4,152.34128,1.3216092111345032,1.3054984995940249,3053.3970927380924,1.0719796,1.0309776,0.0,True,1.246720327794152,1.2231422297158172
320,13037,273.79935,873,2783.5312,4.276906,5,85.028221,1.214252664679478,1.194523841676622,2594.440540611852,1.0348551,0.91974193,0.0,True,1.1604333952756345,1.1120892681736354
321,6051,270.76559,873,2814.7188,4.7654972,5,129.50572,1.2008080757467958,1.0962351070777963,2357.9105044045973,1.0514282,0.97868854,0.0,True,1.1559941130227571,1.0609711369544574
322,16094,286.22885,873,2662.6562,1.0810505,4,115.83942,1.269333988432663,1.2279426417744077,2772.5059725710303,1.0759515,1.0065954,0.0,True,1.211319241902864,1.1615384692420854
323,35169,299.17245,873,2547.457,0.53094316,4,24.293091,1.3266898332263788,1.3345119295788475,3131.730373018876,1.0709074,1.0664177,0.0,True,1.249955103258465,1.2540836607051933
324,435,192.70146,873,3954.9727,2.6628966,3,46.894081,0.854779382771032,0.7337057540548984,1171.612003397385,0.954234,0.72992134,0.0,True,0.8846157679397224,0.7325704298384288
325,85,172.36127,873,4421.6953,1.3610115,2,93.531441,0.7645957627659897,0.5305980075167321,769.7495950346147,0.92210573,0.31724465,0.0,True,0.8118487529361929,0.46659200026171255
326,334,177.20131,873,4300.9219,1.1617389,2,28.735464,0.786056256830463,0.6948648990868935,1030.7997179610993,0.96734673,0.75678688,0.0,True,0.8404433987813241,0.7134414933608255
327,942,193.7205,873,3934.168,2.4485555,3,58.821484,0.8592973374479503,0.8273600841793555,1327.0098659687894,1.0175614,0.8338753,0.0,True,0.9067765562135652,0.8293146489255487
328,138,247.22218,873,3082.7695,3.9998779,5,200.89944,1.0964639925763737,0.6141563672667119,1221.6836124979534,1.0307181,0.54898423,0.0,True,1.0767402248034617,0.5946047260866982
329,1200,240.71141,873,3166.1523,2.9851024,4,76.915298,1.0676060876706666,0.8796324047908968,1707.0632438809366,1.0417392,0.8746292,0.0,True,1.0598460213694665,0.8781314433536278
330,12112,254.71561,873,2992.0781,2.3249035,4,116.00827,1.1296761704872775,1.1745605058943107,2394.8659892444016,1.1063831,1.0763019,0.0,True,1.1226882493410941,1.1450829241260174
331,0,183.03789,873,4163.7773,1.0077084,2,150.39873,0.8119345895297437,0.0,126.8721973891414,0.89915884,0.0,0.0,True,0.8381018646708206,0.0
332,13877,255.28252,873,2985.4336,2.1236615,4,192.49687,1.1321887395749395,1.1918843598597213,2434.918420370746,1.1060984,1.0679663,0.0,True,1.1243616377024577,1.1547089419018048
333,21178,318.17258,873,2395.332,2.1310911,4,223.08556,1.4108762082797977,1.2798880276619022,3169.25744993323,1.2797182,1.4684366,0.0,True,1.3715288057958583,1.3364525993633316
334,19993,309.15317,873,2465.2148,2.2519696,4,215.20546,1.370913745389264,1.2678107832982761,3061.617272966939,1.2826674,1.4686997,0.0,True,1.3444398417724848,1.3280774583087933
335,5299,209.67064,873,3634.8867,1.6962522,3,136.65762,0.9300093627188947,1.0458954290867533,1798.0621834728001,1.0460832,0.9774099,0.0,True,0.9648315139032263,1.0253497703607273
336,5407,209.04633,873,3645.7422,1.6484383,3,19.839056,0.9272417009480066,1.047974911372652,1796.9245222991135,0.97811598,0.95556945,0.0,True,0.9425039846636046,1.0202532729608564
337,1545,200.59944,873,3799.2578,4.9470124,4,49.918186,0.8897946048667954,0.8908302980823117,1473.2169011441606,0.98535442,0.86864763,0.0,True,0.9184625494067568,0.8841754976576182
338,0,161.30754,873,4724.6953,1.0635657,1,69.366302,0.7155821282044188,0.0,111.80986655406059,0.88594586,0.0,0.0,True,0.7666912477430932,0.0
339,4295,240.16089,873,3173.4102,2.6508241,4,45.015549,1.0651659058561391,1.037444336205851,2009.1073251358246,1.0250351,0.74828649,0.0,True,1.0531266640992976,0.9506969823440956
340,0,226.64809,873,3362.6094,1.7097592,2,21.962736,1.0052693433442301,0.0,157.10048456279674,0.96039164,0.0,0.0,True,0.9918060323409611,0.0
341,1263,200.07242,873,3809.2656,2.0468142,3,65.721062,0.8874581404528259,0.8661235529731569,1429.0827637927162,1.0048727,0.78529024,0.0,True,0.9226825083169782,0.8418735590812099
342,1763,214.39171,873,3554.8438,0.66549629,2,72.480965,0.9509382116099176,0.9142009961552883,1602.7722645718839,0.98950726,0.763592,0.0,True,0.9625089261269424,0.8690182973087017
343,2323,225.63268,873,3377.7422,2.328089,3,105.49657,1.0007682485805645,0.9538749291677799,1748.9861499590334,1.0021036,0.799097,0.0,True,1.0011688540063952,0.9074415504174459
344,121256,378.03433,873,2016.0312,3.3226967,5,76.909081,1.6760586665596766,1.5381200670832578,4425.147302959484,1.2348059,1.3938558,0.0,True,1.5436828365917736,1.4948407869582805
345,16415,301.06943,873,2531.4062,4.0596838,5,101.68134,1.3350952887649141,1.2383726869288807,2922.201763975593,1.1125836,1.0179716,0.0,True,1.26834178213544,1.1722523608502164
346,31140,302.29953,873,2521.1055,1.3421109,4,93.671379,1.3405458797294936,1.3207497265624457,3127.6854571930794,1.0910572,1.0982549,0.0,True,1.2656992758106456,1.2540012785937118
347,135888,379.23941,873,2009.625,2.7882962,5,15.759696,1.681396225513117,1.5537387262772688,4482.458514952354,1.2354215,1.394981,0.0,True,1.5476038078591818,1.5061114083940883
348,30149,302.6409,873,2518.2617,3.0172038,4,42.870014,1.3420585180292284,1.3168108274214074,3121.4301830008058,1.0920364,1.1022978,0.0,True,1.2670518826204598,1.252456919194985
349,27383,287.45856,873,2651.2656,3.2201996,5,83.561852,1.2747833018103516,1.2960189756457303,2937.179901861231,1.0882733,1.0520297,0.0,True,1.2188303012672461,1.2228221929520113
350,1790,241.32236,873,3158.1367,4.0176749,5,38.070087,1.0703140412083514,0.9294975027503282,1807.766937038557,0.98963833,0.55849552,0.0,True,1.046111327845846,0.8181969079252297
351,147320,379.66818,873,2007.3555,2.0087419,4,37.863171,1.683295306454146,1.5645890828295346,4518.194076868787,1.2360325,1.3957404,0.0,True,1.5491164645179023,1.513934477980674
352,2571,231.3705,873,3293.9766,4.0326052,5,60.479668,1.0262022740537127,0.9693458360440536,1816.9126973415332,0.97836578,0.82375968,0.0,True,1.0118513258375987,0.9256699892308375
353,22125,293.51901,873,2596.5234,2.5663877,4,57.140438,1.3016387238028426,1.2723391268128683,2936.5267448519207,1.0713701,1.0545393,0.0,True,1.2325581366619898,1.2069991787690078
354,0,228.00368,873,3342.6172,1.9086957,2,10.267097,1.0112782659097201,0.0,158.04010794929198,0.98092812,0.0,0.0,True,1.002173222136804,0.0
355,22421,294.81055,873,2585.1484,2.2387009,4,23.768217,1.30736168135845,1.2747401547154356,2953.3656562871774,1.0745736,1.058231,0.0,True,1.237525256950915,1.209787408300805
356,0,185.32541,873,4112.3828,1.9306942,2,21.910852,0.8220768087373453,0.0,128.4577854276159,0.89097679,0.0,0.0,True,0.8427468031161418,0.0
357,23807,298.97351,873,2549.1523,2.7169371,4,86.806282,1.325808216995835,1.2846618483918075,3013.0009014685256,1.0852001,1.0706191,0.0,True,1.2536257818970844,1.2204490238742651
358,4218,254.22142,873,2997.8945,1.4518833,3,28.968948,1.1274858773026264,1.0425505117168978,2122.1362868535593,1.0504535,0.94185925,0.0,True,1.1043761641118386,1.0123431332018284
359,3498,234.16884,873,3254.6133,0.80952358,2,55.877819,1.0386061747484185,1.0088372618645822,1910.93909181064,0.98987168,0.90903038,0.0,True,1.023985826323893,0.9788951973052076
360,3032,230.64731,873,3304.3047,1.1268152,3,83.487282,1.022996665173607,0.9893160752107127,1849.2464434889303,0.97723073,0.87658232,0.0,True,1.009266884621525,0.955495948647499
361,0,222.89795,873,3419.1836,3.9846313,4,55.072617,0.9886457663797477,0.0,154.50108559509167,0.96492517,0.0,0.0,True,0.9815295874658234,0.0
362,5570,255.43391,873,2983.6641,3.661552,4,78.822273,1.1328597487399281,1.0779085628797038,2203.247575154929,1.0545846,0.97915709,0.0,True,1.1093772041179497,1.0482831210157926
363,0,189.43671,873,4023.1328,1.0542777,2,126.66625,0.8403048669966426,0.0,131.307521431052,0.89494419,0.0,0.0,True,0.8566966638976499,0.0
364,1037,224.65657,873,3392.418,3.3765912,4,14.84343,0.9964414170994331,0.8542306840876325,1560.4676784123628,0.96102911,0.80369174,0.0,True,0.9858177249696032,0.8390690008613426
365,113,214.02176,873,3560.9883,4.4927444,5,15.202733,0.9492982848548293,0.5790939631752308,1015.5187251928487,0.94812739,0.35205969,0.0,True,0.9489470163983805,0.5109836812226616
366,1992,236.47231,873,3222.9102,3.7547722,5,18.67247,1.048816392514689,0.9403916493560083,1796.6924795041518,0.98710871,0.86944717,0.0,True,1.0303040877602823,0.9191083055492059
367,1634,223.65735,873,3407.5742,2.9785695,4,48.520458,0.992012047178156,0.9096163780405954,1655.0665185833873,0.96102482,0.79347283,0.0,True,0.9827158790247092,0.8747733136284167
368,788,183.42369,873,4155.0195,2.0098252,3,13.428854,0.8136451325638053,0.8005437544994575,1223.8089026580376,0.89774048,0.73009235,0.0,True,0.8388737367946637,0.7794083331496202
369,0,203.74142,873,3740.668,2.8478911,3,10.853054,0.9037239429593604,0.0,141.22279083627964,0.9343279,0.0,0.0,True,0.9129051300715523,0.0
370,99557,339.92435,873,2242.0547,2.0383682,4,36.959755,1.5072443118912493,1.4914168072127085,3912.0213237033236,1.1601363,1.2295606,0.0,True,1.4031119083238746,1.412859945048896
371,1605,234.31648,873,3252.5625,3.7948594,5,69.287857,1.0392606324652927,0.9126350220297756,1729.7533963018466,0.97967654,0.86279905,0.0,True,1.021385404725705,0.8976842304208429
372,1095,200.61182,873,3799.0234,4.030345,4,49.0751,0.8898494763667658,0.8491055865186252,1404.3498366845315,0.98535413,0.87660581,0.0,True,0.9185008724567361,0.8573556535630376
373,9048,303.32266,873,2512.6016,2.9553518,4,133.89908,1.3450793486124497,1.163486408874287,2763.4271715133127,1.0944537,0.94733107,0.0,True,1.2698916540287148,1.098639807212001
374,99761,340.71149,873,2236.875,3.2347975,5,61.223587,1.5107313638089772,1.4921287268387868,3921.777544811917,1.1614354,1.230759,0.0,True,1.405942574666284,1.4137178087871507
375,16521,259.34195,873,2938.7031,2.9765487,5,13.225414,1.1501802688438094,1.2160710461584598,2518.8609271461737,1.1021856,1.0600978,0.0,True,1.1357818681906666,1.1692790723109219
376,20938,259.32748,873,2938.8672,4.2414403,6,47.482578,1.150116088937244,1.2457265770763066,2580.157104376272,1.1021854,1.0499518,0.0,True,1.1357368822560707,1.1869941439534146
377,0,196.99817,873,3868.7109,3.8834469,3,33.541256,0.8738288054909562,0.0,136.5487261109688,0.9907732,0.0,0.0,True,0.9089121238436694,0.0
378,8833,303.1723,873,2513.8477,2.0763755,4,140.81802,1.344413130472017,1.1603420752240883,2754.7679444614932,1.094461,0.94377136,0.0,True,1.269427491330412,1.0953708606568617
379,0,226.15366,873,3369.9609,1.0408663,2,10.132938,1.003077669776012,0.0,156.75777180231248,0.97666776,0.0,0.0,True,0.9951546968432083,0.0
380,106749,341.36603,873,2232.5859,2.8447084,5,45.177311,1.5136310858078106,1.5012780951806899,3952.4227042873804,1.1644427,1.236158,0.0,True,1.4088745700654672,1.421742066626483
381,4580,260.26913,873,2928.2344,3.0822706,4,21.407476,1.1542894596240574,1.05592930945045,2194.0403609114574,1.0933709,0.91131496,0.0,True,1.13601389173684,1.012545004615315
382,4475,252.55267,873,3017.7031,4.4547911,4,60.578667,1.1200898135143895,1.0490737743078842,2123.1366670403395,1.0255904,0.88868988,0.0,True,1.0917399894600726,1.000958606015519
383,2392,227.81439,873,3345.3945,4.5995097,5,49.988571,1.0104392183675464,0.9586097351412572,1772.560182431213,0.97947234,0.90519363,0.0,True,1.0011491548572824,0.94258490359888
384,565,191.05898,873,3988.9727,3.951649,5,220.5558,0.8474973236844803,0.7644190654698086,1211.3825814037343,0.89694148,0.77858865,0.0,True,0.8623305705791362,0.7686699408288661
385,17310,306.12585,873,2489.5938,2.8899188,4,15.241019,1.3575000395922576,1.2477942300978067,2987.52967526335,1.0934796,1.00107,0.0,True,1.2782939077145803,1.1737769610684645
386,5207,240.15941,873,3173.4297,2.0619843,4,116.83263,1.0651593647775681,1.0613179476498982,2055.3186162628103,1.0250351,0.83184189,0.0,True,1.0531220853442977,0.9924751303549287
387,144,192.01738,873,3969.0625,3.0445518,4,53.225334,0.8517465242986793,0.600544137097752,956.9390864510859,0.93062973,0.57916605,0.0,True,0.8754114860090754,0.5941307109684264
388,1500,195.72488,873,3893.8789,2.355454,4,105.29999,0.8681837318269374,0.8846090549697929,1431.6399753602907,0.94457167,0.92795211,0.0,True,0.8911001132788561,0.8976119714788551
389,958,192.42531,873,3960.6484,3.0124054,4,46.070774,0.853555082542227,0.8287214499051819,1321.3717660118957,0.93166786,0.75876158,0.0,True,0.876988915779559,0.8077334889336274
390,2,159.27097,873,4785.1094,3.9839873,4,116.47926,0.706551365245136,0.1296467348543241,220.79644760109525,0.85044467,0.081009306,0.0,True,0.7497193566715952,0.11505550619802686
391,2274,192.25182,873,3964.2227,2.9634013,5,51.602871,0.8527858715920879,0.932887014056174,1486.1401733042135,0.93127126,0.9080016,0.0,True,0.8763314881144615,0.9254213898393219
392,1806,243.70125,873,3127.3086,3.998302,5,44.475155,1.08085814296098,0.9317342148043489,1827.7536580007081,1.0341982,0.7585609,0.0,True,1.066860160072686,0.8797822203630442
393,903,192.47676,873,3959.5898,3.0706441,5,59.275627,0.8537831660783819,0.8216191184281079,1310.3692602541441,0.93195075,0.85636109,0.0,True,0.8772334412548674,0.8320417098996755
394,2903,195.729,873,3893.7969,1.9911036,4,65.4142,0.8682020056404439,0.9644328730751905,1560.7799740506819,0.94457179,0.91387284,0.0,True,0.8911129409483107,0.9492648631526335
395,6858,243.94348,873,3124.2031,4.0400443,6,116.92535,1.0819318431831328,1.0975935570071809,2154.8656365426878,1.0346446,0.98294681,0.0,True,1.067745670228193,1.0631995329050266
396,14632,306.08359,873,2489.9375,3.4114144,5,35.728924,1.35731280666061,1.2262841595029397,2935.679197726546,1.0938051,0.99750638,0.0,True,1.278260494662427,1.1576508256520577
397,18516,307.20605,873,2480.8398,2.6789188,5,21.431589,1.3622863151089424,1.2569706297301366,3018.759792897647,1.0944254,1.0078026,0.0,True,1.2819280405762596,1.1822202208110957
398,109342,341.09271,873,2234.375,2.9970367,5,46.205303,1.5124201809391644,1.5042340058841726,3957.4443118087233,1.1655948,1.2382803,0.0,True,1.4083725666574152,1.4244478941189207
399,7117,243.25975,873,3132.9844,3.097012,4,51.282635,1.0789012800662816,1.1018152236820282,2157.8410966913316,1.0307235,0.88977897,0.0,True,1.0644479460463971,1.0382043475774196
400,18651,307.1983,873,2480.9023,2.0163,4,202.18706,1.3622520234275122,1.2578957901914019,3020.9150519618306,1.0944253,1.0088316,0.0,True,1.2819040063992584,1.1831765331339814
401,90401,331.80731,873,2296.9023,3.1045902,5,16.512091,1.4712842221036637,1.474302941535336,3786.5958823274864,1.164934,1.2024271,0.0,True,1.3793791554725647,1.392740189074735
402,1530,227.3567,873,3352.1289,2.8918929,3,25.459879,1.008410464531588,0.9033573108523973,1667.508917797474,0.97929788,0.86832178,0.0,True,0.9996766891721116,0.8928466515966782
403,0,184.63039,873,4127.8633,0.89187795,1,126.16949,0.818995312059802,0.0,127.97603427418312,0.8955816,0.0,0.0,True,0.8419711984418614,0.0
404,90339,332.01398,873,2295.4727,2.1756661,4,30.187042,1.472199727181883,1.474332739786888,3788.726627869013,1.1649438,1.2013777,0.0,True,1.3800229490273181,1.3924462278508214
405,641,238.78793,873,3191.6562,2.5337129,3,20.144861,1.0590803988694286,0.8011401947840807,1544.0373137811218,1.0227499,0.79965216,0.0,True,1.0481812492086,0.8006937843488564
406,1,208.55405,873,3654.3477,2.4383647,3,72.157539,0.9250593651549671,0.084483847939276,229.12004218150338,0.96569836,0.051594701,0.0,True,0.937251063608477,0.0746171038574932
407,89559,331.75034,873,2297.2969,1.7737812,4,70.588341,1.471031723718596,1.4730613985987873,3782.8413865684697,1.1640503,1.2003511,0.0,True,1.3789372966030173,1.3912483090191512
408,4967,255.16766,873,2986.7773,1.5057142,4,29.465137,1.1316797280773725,1.0634538734146008,2171.725292241258,1.0532064,0.96282828,0.0,True,1.1081377296541608,1.0332661953902205
409,0,157.25348,873,4846.5,1.9977146,2,11.536633,0.6976051731768225,0.0,108.99980629523974,0.82054484,0.0,0.0,True,0.7344870732237758,0.0
410,73,268.88379,873,2834.418,4.0401845,5,164.83684,1.1924683463959909,0.5413475906585474,1160.9025672475932,1.0878938,0.31798765,0.0,True,1.1610959824771936,0.4743396084609832
411,3054,189.44167,873,4023.0273,2.9578831,4,244.31816,0.8403268922294822,0.9667490706775423,1520.2432872700488,0.89494431,0.9138661,0.0,True,0.8567121175606376,0.9508841794742797
412,593,231.3812,873,3293.8242,4.0252142,5,57.277199,1.0262497259859382,0.7884340310803862,1478.1930042888346,0.98142189,0.78035247,0.0,True,1.0128013751901568,0.7860095627562703
413,9915,303.22415,873,2513.418,2.9922833,5,298.46164,1.344642791833335,1.1751225447335485,2790.2703673469377,1.0944721,0.96385205,0.0,True,1.2695915842833345,1.111741396313484
414,289,231.35156,873,3294.2461,4.0290065,5,49.885288,1.0261183720923701,0.6999124664234756,1312.5321882444216,0.98204726,0.77099746,0.0,True,1.0128970384646592,0.721237964496433
415,401,190.93015,873,3991.6641,4.0192089,5,299.88361,0.8469261804336083,0.7230987983586277,1145.3778576129644,0.89673805,0.73166186,0.0,True,0.8618697413035259,0.7256677168510394
416,18478,307.19687,873,2480.9141,3.1441987,5,299.8656,1.3622455493517975,1.2567030439031064,3018.0385523333107,1.0944253,1.0078892,0.0,True,1.2818994745462582,1.1820588907321745
417,4038,268.79153,873,2835.3906,1.1795076,3,339.29254,1.1920595924113597,1.0443667801282432,2232.044857313003,1.0907849,0.89154059,0.0,True,1.161677184687952,0.9985189230897702
418,3276,260.60529,873,2924.457,0.89659619,2,186.19005,1.155779388573905,1.0141312709163322,2109.5968931651005,1.070411,0.82864565,0.0,True,1.1301688720017335,0.9584855846414325
419,2725,236.03661,873,3228.8594,2.7189503,3,33.415939,1.0468851359325089,0.9789350024894973,1867.275562501345,0.99192071,0.60364407,0.0,True,1.0303958081527562,0.866347722742648
420,783,192.32648,873,3962.6836,3.0175211,5,54.275963,0.8531169251810722,0.8043524817383204,1281.987486234404,0.93134344,0.79566252,0.0,True,0.8765848796267506,0.8017454932168243
421,12967,244.4435,873,3117.8125,3.9868731,5,52.009445,1.0841480640736658,1.1770343265711205,2314.9574759602956,1.0355392,1.0401001,0.0,True,1.0695654048515661,1.1359540585997845
422,1990,193.36092,873,3941.4844,3.0177071,5,53.728264,0.8577030714633546,0.9174305371436713,1468.942497702512,0.93408197,0.88687319,0.0,True,0.8806167410243483,0.9082633330005698
423,1969,195.71722,873,3894.0312,2.0146871,4,41.002781,0.8681497936022237,0.9174910571718885,1484.7688233321965,0.94457108,0.88087803,0.0,True,0.8910761795215565,0.906507149020322
424,4,159.08395,873,4790.7344,3.9762962,4,115.50095,0.7057221201633506,0.18990272173361397,285.0401738147024,0.85029799,0.11867497,0.0,True,0.7490948811143454,0.16853439621352978
425,1029,192.32591,873,3962.6953,3.0072122,4,52.322422,0.8531144075933966,0.8372901173726593,1334.4118772274423,0.93134344,0.83167261,0.0,True,0.8765831173153776,0.8356048651608615
426,455,244.06738,873,3122.6172,3.0047507,4,44.919796,1.0824809778771696,0.7608050630606255,1494.8354285450646,1.0343902,0.67116022,0.0,True,1.0680537445140188,0.7339116101424378
427,91,192.57878,873,3957.4922,3.0140362,4,51.687935,0.8542354704342703,0.5458378944038687,872.8824806200724,0.93205065,0.33569506,0.0,True,0.8775800243039893,0.48279504408270807
428,1435,195.7673,873,3893.0352,2.7385857,4,64.307716,0.8683717883083121,0.8792776497154887,1423.2895238628982,0.94459456,0.82028681,0.0,True,0.8912386198158184,0.8615803978008421
429,3506,244.06738,873,3122.6172,2.0115323,4,116.05578,1.0824809778771696,1.0143064081301616,1992.2735398072641,1.0343902,0.93395346,0.0,True,1.0680537445140188,0.9902005236911131
430,0,237.90366,873,3203.5195,2.1352105,3,43.430874,1.0551608505728398,0.0,164.90225117389184,0.98502636,0.0,0.0,True,1.0341205034009877,0.0
431,61812,325.96332,873,2338.082,4.0553312,6,642.25702,1.4453932307277368,1.421931554930381,3595.9899109847734,1.2804767,1.4693738,0.0,True,1.3959182715094158,1.4361642284512668
432,7022,269.49435,873,2827.9961,2.0106714,4,28.017727,1.1951743262642036,1.1143077459803092,2386.9352099194152,1.0922751,0.97819781,0.0,True,1.1643045583849425,1.0734747651862164
433,10742,269.49884,873,2827.9492,3.0416756,5,49.781105,1.1951941335723708,1.1677882086633897,2501.5159207065517,1.0922753,1.0247266,0.0,True,1.1643184835006595,1.1248697260643727
434,1530,206.98514,873,3682.0469,4.1311846,4,41.129288,0.9181041322106469,0.8930396962027725,1518.0971873780657,0.97941649,0.86828691,0.0,True,0.9364978395474528,0.8856138603419407
435,2191,206.64796,873,3688.0547,2.9358001,4,38.220413,0.9166093614134836,0.936557223281702,1589.7480771380299,0.97861469,0.8925125,0.0,True,0.9352109599894385,0.9233438062971915
436,0,165.49864,873,4605.0469,1.2120392,2,30.97979,0.7341663229319032,0.0,114.71491570250538,0.88082463,0.0,0.0,True,0.7781638150523322,0.0
437,3,169.70686,873,4490.8555,3.2176862,4,28.579765,0.7528260550885343,0.16482966722179573,273.13265448414614,0.89200634,0.10258328,0.0,True,0.7945801405619741,0.14615575105525702
438,155905,379.97134,873,2005.7539,2.9190075,5,70.391037,1.6846380834562562,1.5722004298194692,4543.322994705161,1.2369715,1.3982548,0.0,True,1.5503381084193792,1.5200167408736283
439,0,206.44221,873,3691.7305,1.0732203,2,35.074348,0.9156972015548572,0.0,143.09483581006413,0.97821355,0.0,0.0,True,0.9344521060884001,0.0
440,0,187.10426,873,4073.2852,1.3334173,2,28.162907,0.8299636752166017,0.0,129.69079028975494,0.92264479,0.0,0.0,True,0.8577680096516213,0.0
441,1536,191.31619,873,3983.6094,2.7658541,4,93.532417,0.8486377722181767,0.8850387726640198,1403.9237641831967,0.93200654,0.86506009,0.0,True,0.8736484025527238,0.8790451678648138
442,78787,331.54456,873,2298.7227,2.0946479,4,61.803043,1.4701200984142175,1.4563899126621453,3738.00864782968,1.1636041,1.1883835,0.0,True,1.3781652988899524,1.3759879888635018
443,9570,240.0173,873,3175.3086,2.9352813,4,86.9002,1.0645294832701564,1.1367031555575413,2200.141969902652,1.0278517,1.0147945,0.0,True,1.0535261482891096,1.100130558890279
444,1539,192.71193,873,3954.7578,2.9837844,3,58.411167,0.8548258076720855,0.8860502349525898,1414.5415715951315,0.93470562,0.86525816,0.0,True,0.8787897513704599,0.8798126124668129
445,0,156.49504,873,4869.9883,1.0497155,1,20.358202,0.6942419550038378,0.0,108.47409574761585,0.84568489,0.0,0.0,True,0.7396748355026864,0.0
446,5187,239.73506,873,3179.0469,2.169976,4,61.098373,1.0632784704141973,1.060608385653606,2050.764731792002,1.0274092,0.9718377,0.0,True,1.0525176892899382,1.0339771799575241
447,4605,239.35449,873,3184.1016,1.8982428,4,70.642326,1.061591595869957,1.0456494297143393,2019.0346283188321,1.0258266,0.95341831,0.0,True,1.05086209710897,1.0179800938000376
448,0,235.31693,873,3238.7344,1.1139528,2,131.72786,1.0436951211268113,0.0,163.109266567522,1.0188254,0.0,0.0,True,1.0362342047887678,0.0
449,1012,223.0386,873,3417.0273,3.9395466,4,130.43874,0.9892692819819905,0.8504765971714398,1543.79695107161,0.98252517,0.74715245,0.0,True,0.9872460483873933,0.8194793530200079
450,0,266.03973,873,2864.7188,1.0460311,2,93.177536,1.1798641297318118,0.0,184.4046887664291,1.0951236,0.0,0.0,True,1.1544419708122682,0.0
451,75185,331.74469,873,2297.3359,1.9163924,4,43.90778,1.4710067729329255,1.4504579871915937,3724.741010049716,1.163607,1.1815726,0.0,True,1.378786841053048,1.3697923710341156
452,5009,244.0741,873,3122.5312,2.9917853,4,53.302212,1.0825107722233096,1.0586318606114173,2079.362635946597,1.0343903,0.96197116,0.0,True,1.0680746305563167,1.0296336504279922
453,71840,331.75372,873,2297.2734,1.9715903,4,60.029358,1.4710467585750455,1.4445838671264917,3709.7445897608354,1.1636071,1.1760653,0.0,True,1.3788148610025317,1.3640282969885442
454,3686,243.76001,873,3126.5547,2.2979193,3,153.39841,1.081118601553562,1.0203664558099537,2001.9618592891354,1.0343813,0.90268964,0.0,True,1.0670974110874933,0.9850634110669676
455,2553,227.66367,873,3347.6094,1.2608051,3,69.00074,1.0097710742475896,0.9665535407457756,1786.2053301640574,1.0021013,0.86670095,0.0,True,1.0074701419733127,0.936597763522043
456,66880,331.57837,873,2298.4883,2.0342193,4,36.156597,1.4702698910261025,1.4352439526717125,3684.0628721565927,1.1636045,1.171405,0.0,True,1.3782702737182717,1.3560922668701987
457,64663,331.58176,873,2298.4648,1.9986632,4,203.73137,1.4702849103137,1.4308912433472665,3672.922990600787,1.1636046,1.168606,0.0,True,1.37828081721959,1.3522056703430865
458,0,191.37607,873,3982.3633,1.9873755,2,86.215973,0.8489031816320123,0.0,132.65178334714273,0.93398052,0.0,0.0,True,0.8744263831424086,0.0
459,0,190.57413,873,3999.1211,2.0065761,2,71.827805,0.8453477406989316,0.0,132.0959208971645,0.93225849,0.0,0.0,True,0.8714209654892522,0.0
460,8617,244.13977,873,3121.6914,2.0036054,4,100.20844,1.08280180370821,1.1260725816855612,2212.327298038036,1.0364584,0.96730745,0.0,True,1.068898782595747,1.078443042179893
461,11451,244.38564,873,3118.5508,3.0242085,4,65.919083,1.0838915623959156,1.1615486816163396,2284.0298980821203,1.036786,0.99269009,0.0,True,1.0697598936771409,1.1108911041314378
462,47,162.56123,873,4688.2578,3.8933759,4,103.55184,0.7211413159736814,0.45794300046048936,632.65909459983,0.84188586,0.29113907,0.0,True,0.7573646791815769,0.40790182132234254
463,688,180.08569,873,4232.0352,2.8852901,4,144.83157,0.7988451966927019,0.7825561368521269,1177.1646166694325,0.89092267,0.73633498,0.0,True,0.8264684386848914,0.7686897897964888
464,315,168.40363,873,4525.6094,2.2343001,3,49.222183,0.747047367237073,0.6837284207645016,969.8199635343732,0.96336728,0.86066359,0.0,True,0.8119433410659511,0.7368089715351511
465,1177,173.07239,873,4403.5273,0.88524354,2,64.894859,0.7677488872098974,0.8427727750582432,1224.0409614143452,0.94107705,0.82869828,0.0,True,0.8197473360469281,0.8385504265407703
466,2175,188.86035,873,4035.4102,2.0113192,3,61.604301,0.8377495757423469,0.9255308184802654,1451.5245701408282,0.92461365,0.82025677,0.0,True,0.8638087980196428,0.8939486039361858
467,1676,188.54279,873,4042.207,2.0244153,4,101.49005,0.836341631906533,0.8939800473641447,1399.9976927686039,0.90457046,0.86461914,0.0,True,0.8568102803345731,0.8851717751549013
468,2417,193.10982,873,3946.6094,2.2920172,4,29.431007,0.8565898369557202,0.9407494388955883,1504.5397551941905,0.91760981,0.88812727,0.0,True,0.8748958288690041,0.9249627882269118
469,13,176.40822,873,4320.2578,3.4366035,4,101.12018,0.7825397832928483,0.31523310577231023,477.7223156470829,0.87766969,0.19505161,0.0,True,0.8110787553049938,0.2791786570406172
470,6897,217.2103,873,3508.7148,3.9928257,5,92.103943,0.9634330541882308,1.0826970416549395,1919.950459710066,0.96710843,0.9401741,0.0,True,0.9645356669317615,1.0399401591584576
471,2640,190.30644,873,4004.7461,3.1217687,4,105.58496,0.8441609719537317,0.9497261126040322,1499.47991224832,0.90595084,0.87932372,0.0,True,0.8626979323676122,0.9286053948228226
472,13687,259.88327,873,2932.582,3.1389916,4,40.051003,1.152579373194487,1.1928214366026273,2475.218668968015,1.0438279,0.98106402,0.0,True,1.1199539312361408,1.129294211621839
473,12523,238.45348,873,3196.1328,1.6185484,3,91.851639,1.0575979465730203,1.1691028056134378,2249.9235007206107,1.0029304,0.96406454,0.0,True,1.0411976826011142,1.1075913259294066
474,801,245.8744,873,3099.668,2.6968884,4,30.122705,1.0904902401378302,0.8317280988781804,1644.4952022788318,1.0196481,0.54104328,0.0,True,1.0692375980964812,0.7445226532147263
475,582,224.60019,873,3393.2695,2.5115352,3,89.850616,0.9961915194501715,0.7832531505806003,1430.6809710244065,0.97863519,0.52152151,0.0,True,0.99092462061512,0.7047336584064202
476,0,111.06596,873,6861.9492,0.62990069,2,10.875983,0.49276860646751636,0.0,76.98505703018367,0.75504404,0.0,0.0,True,0.5714512365272615,0.0
477,0,145.30624,873,5244.9844,0.69644576,2,70.133156,0.6446252598250194,0.0,100.71861057376674,0.88909656,0.0,0.0,True,0.7179666498775137,0.0
478,25046,233.12462,873,3269.1914,2.597867,4,134.18999,1.0339776150511473,1.251481530905426,2361.2141980896104,1.1141804,1.1139286,0.0,True,1.0580384505358031,1.210215651633798
479,26258,239.44585,873,3182.8867,2.2553873,4,104.94411,1.061996548306671,1.261486619727814,2436.5535947253943,1.1119007,1.1135862,0.0,True,1.0769677938146698,1.2171164938094698
480,3007,197.30936,873,3862.6094,0.96804619,3,93.328949,0.8752084187726252,0.9696310238988871,1580.3223026575051,0.95852035,0.89724106,0.0,True,0.9002019981408377,0.947914034729221
481,4124,207.89139,873,3665.9961,1.1990474,3,88.43232,0.9221216680540701,1.0142729775194286,1730.7090631075237,0.98576975,0.93693691,0.0,True,0.941216092637849,0.9910721572636
482,0,99.475166,873,7661.5,1.5464956,2,122.26327,0.44135691030832175,0.0,68.95093084863254,0.70283461,0.0,0.0,True,0.5198002202158252,0.0
483,0,209.06963,873,3645.3359,0.84228945,2,131.16125,0.9273449923128341,0.0,144.91602457521094,,,,False,0.9273449923128341,0.0
484,1601,218.74036,873,3484.1719,3.6316543,5,28.455284,0.9702156919306888,0.9046398347439365,1614.2233937293886,1.0299102,0.9709295,0.0,True,0.9881240443514822,0.9245267343207555
485,2592,270.13464,873,2821.293,4.0234466,5,42.532543,1.1980119251341692,0.9892471158171126,2123.516617681592,1.0908567,0.91583443,0.0,True,1.1658653575939186,0.9672233100719787
486,23389,281.5665,873,2706.7461,3.0800166,5,176.25623,1.2486732079273963,1.272683102681966,2832.589008361422,1.0789715,1.0389978,0.0,True,1.1977626955491774,1.2025775118773763
487,4385,241.48364,873,3156.0273,2.9880819,5,36.412941,1.0710289560029527,1.0407238389742821,2025.1786161128975,0.98988473,0.9044078,0.0,True,1.046685688202067,0.9998290272819974
488,146507,379.63715,873,2007.5195,2.0091076,4,54.077816,1.683157930116042,1.563844754038972,4515.723969349637,1.236032,1.3957175,0.0,True,1.5490201510812294,1.5134065778272803
489,6443,241.68048,873,3153.457,3.0346191,5,60.082211,1.0719013702762623,1.0885790081284397,2119.7939704561754,0.99037504,0.96952027,0.0,True,1.0474434711933835,1.0528613866899077
490,37216,282.58072,873,2697.0312,2.858243,4,89.750961,1.2531676855561447,1.3320460877228473,2974.034293359779,1.0932314,1.0809515,0.0,True,1.2051867998893013,1.256717711405993
491,159706,379.6741,873,2007.3242,1.9879327,4,41.957474,1.6833215277792524,1.5752058094118593,4548.9142809314135,1.2363378,1.3964822,0.0,True,1.5492264094454766,1.5215887265883015
492,9697,303.53549,873,2510.8398,4.0125113,5,42.32008,1.3460224094460076,1.1724371669135762,2786.388433474016,1.0949211,0.9761799,0.0,True,1.2706920166122053,1.1135599868395034
493,34747,281.76126,873,2704.875,2.1561694,4,165.13704,1.2495363406687874,1.3228724470835036,2946.069269739317,1.0918515,1.0700723,0.0,True,1.2022308884681512,1.2470324029584525
494,7660,242.0751,873,3148.3164,2.9903162,5,58.271259,1.0736504695680167,1.1102742129098522,2165.126551240291,0.99093372,0.98977888,0.0,True,1.0488354446976116,1.0741256130368966
495,8511,233.87691,873,3258.6758,1.3313171,3,100.75499,1.0373121676640848,1.1185706116313023,2116.4339420440338,0.99354333,0.88984162,0.0,True,1.0241815163648593,1.0499519141419116
496,7488,222.54784,873,3424.5625,1.0147295,3,78.079071,0.987093824247427,1.0960225888225652,1985.421403167577,0.98007369,0.87153697,0.0,True,0.9849877839731989,1.0286769031757956
497,1374,194.85425,873,3911.2773,4.1757293,4,24.101732,0.8643237938052137,0.873533828766978,1408.199197681496,0.92390323,0.47678813,0.0,True,0.8821976246636496,0.7545101191368846
498,360,194.66508,873,3915.0781,3.6776195,4,18.676847,0.863485127383042,0.7117882488920309,1146.8973918266006,0.95128065,0.44263652,0.0,True,0.8898237841681294,0.6310427302244216
499,4588,218.56857,873,3486.9102,2.7916875,4,18.416374,0.9694542101277999,1.033561964331299,1842.8904709501585,0.97965336,0.84669119,0.0,True,0.9725139550894599,0.9775007320319093
500,31796,280.23593,873,2719.5977,2.0463798,4,82.180542,1.2427768740941485,1.3107446314875872,2905.2503523843116,1.0891118,1.049191,0.0,True,1.196677351865904,1.232278542041311
501,29630,280.2464,873,2719.4961,2.0033996,4,119.20923,1.2428232699461976,1.3018308361663826,2885.5879232227203,1.0891119,1.0361452,0.0,True,1.1967098589623384,1.2221251453164679
502,467,213.52847,873,3569.2148,3.9641488,4,90.899765,0.9471115213086101,0.7515600271259936,1313.3287987240983,0.97276735,0.79600507,0.0,True,0.9548082699160272,0.7648935399881955
503,25547,280.25967,873,2719.3672,2.1221323,4,90.05909,1.2428821373858785,1.283093243594235,2844.1741906002426,1.089112,0.99379146,0.0,True,1.1967510961701149,1.1963027085159645
504,24590,279.62787,873,2725.5117,1.8815964,4,62.399803,1.2400821899857748,1.2779019161986798,2827.087110449735,1.0873034,0.96879894,0.0,True,1.1942485529900422,1.1851710233390758
505,577,187.78824,873,4058.4492,2.0766907,4,69.673592,0.8329961823307195,0.7653565995147145,1194.5777963710723,0.88754106,0.51576877,0.0,True,0.8493596456315036,0.6904802506603
506,32805,281.02548,873,2711.957,2.0015292,4,26.231483,1.2462757081810154,1.3151616285191727,2922.2145604928232,1.0904796,1.0580807,0.0,True,1.1995368757267109,1.238037349963421
507,153428,378.77188,873,2012.1055,3.0854294,5,110.10191,1.679325478306784,1.569443127281735,4522.914911485776,1.2363251,1.3964834,0.0,True,1.5464253648147488,1.5175552090972144
508,1164,221.51466,873,3440.5352,2.3593111,3,72.914963,0.9825138991019827,0.8669273398416999,1564.1890814324809,0.99343485,0.84947681,0.0,True,0.9857901843713879,0.86169218088919
509,539,203.61873,873,3742.9219,0.79156089,2,24.736433,0.9031800321784612,0.7646142053771761,1281.4580409162363,0.95570397,0.79530436,0.0,True,0.9189372135249227,0.7738212517640233
510,54,190.23074,873,4006.3398,0.65955198,2,94.486938,0.8438253369007847,0.48302178574058424,765.7456308887987,0.91667825,0.29713532,0.0,True,0.8656812108305492,0.427255846018409
511,210,187.63292,873,4061.8086,1.3583869,3,40.401535,0.832307575250425,0.6440167995959036,1005.0719239486318,0.89961517,0.42871606,0.0,True,0.8524998536752975,0.5794265777171326
512,7530,242.09042,873,3148.1172,3.0069678,5,46.835838,1.07371836265261,1.1081583321079616,2161.120817060798,0.9911387,0.99804091,0.0,True,1.0489444638568268,1.075123105475573
513,1251,215.93832,873,3529.3828,3.7075675,4,88.92025,0.957794403412687,0.8730397887432445,1540.3519445630527,0.97799402,0.84889448,0.0,True,0.963854288388881,0.8657961961202711
514,22119,309.37869,873,2463.418,4.0381303,6,41.850517,1.371912869196146,1.2808666606350372,3095.1118645359347,1.0993977,1.0653622,0.0,True,1.2901583184373022,1.216215322444526
515,622,188.88504,873,4034.8828,2.2098806,4,34.920483,0.8378590238358725,0.7749220559894074,1215.6925197754742,0.89573365,0.53331357,0.0,True,0.8552214116851108,0.7024395101925851
516,157989,379.90326,873,2006.1133,4.0063238,6,87.056992,1.6843365770984255,1.573909363863169,4547.553466198808,1.2369707,1.3977424,0.0,True,1.550126813968898,1.5210592747042182
517,18241,306.66476,873,2485.2188,2.2307396,4,227.1174,1.3598878724090633,1.2547739324106306,3008.8525546317005,1.0932829,1.0538646,0.0,True,1.2799063806863442,1.1945011326874415
518,16841,290.69174,873,2621.7773,2.5336869,4,82.007225,1.2891104295123765,1.2361156390636028,2828.9220210981084,1.0721979,1.0450026,0.0,True,1.2240366706586636,1.1787817273445218
519,105,184.66026,873,4127.1953,2.2131493,3,59.932705,0.8191278049134231,0.5601002043278597,862.8857875072324,0.87924254,0.41545644,0.0,True,0.8371622254393962,0.5167070750295018
520,1145,196.80661,873,3872.4766,2.7304635,4,26.533924,0.8729795095801647,0.8525383058108836,1386.4838938738844,0.91050714,0.86300933,0.0,True,0.8842377987061153,0.8556796130676185
521,2676,207.9317,873,3665.2852,1.2298814,3,50.77293,0.9223004205257405,0.9616170180921843,1641.1686294767896,0.98922676,0.87012154,0.0,True,0.9423783223680183,0.9341683746645291
522,1687,198.62445,873,3837.0352,2.4187477,4,47.758583,0.8810387261226008,0.9004103292135167,1476.1554444353949,1.0106783,0.88927072,0.0,True,0.9199305982858206,0.8970684464494617
523,3733,213.00211,873,3578.0352,2.4101038,4,61.058849,0.9447780519442446,1.0051113336382718,1752.0495155932892,0.9821136,0.84937674,0.0,True,0.9559787163609712,0.9583909555467902
524,38,218.05998,873,3495.043,2.4045858,3,110.19457,0.9671996261263656,0.4489681466987119,804.3969799864958,1.0343846,0.48641396,0.0,True,0.9873551182884559,0.4602018906890983
525,646,229.52182,873,3320.5078,2.1623499,3,42.948479,1.0180077476861977,0.7981902864632668,1485.8991751078413,1.0588114,0.83322567,0.0,True,1.0302488433803383,0.8087009015242868
526,30137,244.56422,873,3116.2734,3.9133992,5,129.50049,1.0846831718308676,1.2819249914842505,2522.331496975545,1.1153781,1.1214436,0.0,True,1.0938916502816074,1.2337805740389753
527,204,217.42937,873,3505.1797,3.8960314,4,101.07227,0.9644041570347318,0.6521016921850843,1158.4367588179323,0.9810459,0.39668605,0.0,True,0.9693966799243122,0.575476999529559
528,22640,275.87015,873,2762.6367,3.2689319,4,82.467239,1.2234297121744147,1.2652977416295563,2766.3049965595906,1.0814629,0.92285949,0.0,True,1.1808396685220903,1.1625662661406895
529,32552,247.68542,873,3077.0039,1.2128119,4,10.067546,1.0985171802308609,1.2935429849175915,2573.613878515975,1.1173204,1.1253872,0.0,True,1.1041581461616028,1.243096249442314
530,4596,192.18326,873,3965.6367,4.6093335,5,20.182323,0.8524819528329859,1.0177381276538013,1620.753828037058,1.0170105,0.94971943,0.0,True,0.9018405169830901,0.9973325183576609
531,3068,170.35976,873,4473.6445,0.846506,2,93.639221,0.755721032389374,0.9550923452902216,1367.892251657539,0.95640826,0.93262625,0.0,True,0.8159272006725619,0.9483525167031551
532,1536,162.23506,873,4697.6836,0.42987958,2,63.389233,0.7196949773699284,0.8677925205531096,1190.5195065701798,0.93225706,0.9156127,0.0,True,0.78346360215895,0.8821385743871768
533,0,157.33514,873,4843.9844,0.16946691,1,59.410534,0.6979673071477126,0.0,109.05640869400426,,,,False,0.6979673071477126,0.0
534,17534,233.31335,873,3266.5469,4.6581054,6,152.76543,1.0348141806219222,1.2075461027827858,2279.9406669175314,1.1190085,1.1241211,0.0,True,1.0600724764353455,1.18251860194795
535,0,161.08008,873,4731.3672,2.2318735,2,48.280312,0.7145734820970205,0.0,111.65220329637044,0.92359298,0.0,0.0,True,0.7772793314679144,0.0
536,4940,268.7771,873,2835.543,3.1328204,5,90.898872,1.1919955687536097,1.06971118461131,2286.0904473728997,1.0953299,0.96459538,0.0,True,1.1629958681275268,1.038176443227917
537,3074,265.61343,873,2869.3164,2.0491762,3,72.02301,1.1779749114893168,1.008562999769722,2133.243805319132,1.0903305,0.92737132,0.0,True,1.1516815880425217,0.9842054958388056
538,1539,203.13177,873,3751.8945,1.9879146,2,40.854988,0.9010212413129415,0.8917145237921734,1491.0251439892734,0.97465879,0.86799592,0.0,True,0.923112505919059,0.8845989426545214
539,0,165.71342,873,4599.0781,0.97406787,1,66.061165,0.735118728401464,0.0,114.86378985394606,0.8847639,0.0,0.0,True,0.7800122798810247,0.0
540,0,205.67247,873,3705.5469,3.0782993,3,82.459946,0.9122847999974927,0.0,142.56129269929994,0.97789735,0.0,0.0,True,0.9319685649982448,0.0
541,324,265.82297,873,2867.0547,3.0369606,3,90.567139,1.178903519039851,0.7264208041897785,1538.2902490001209,1.0898551,0.7137922,0.0,True,1.1521889933278957,0.7226322229328449
542,9525,239.19603,873,3186.2109,4.0165491,5,127.66135,1.060889253639972,1.1356365016223158,2191.486555604209,0.99292874,0.99672252,0.0,True,1.0405010995479804,1.093962307135621
543,0,161.27034,873,4725.7852,0.34874311,2,13.401501,0.7154171644997374,0.0,111.78408147894378,0.82899898,0.0,0.0,True,0.7494917091498161,0.0
544,1,138.51923,873,5501.9727,2.5244012,3,25.042868,0.6145267911935363,0.08047305477565952,152.1789282948443,0.77210969,0.050749566,0.0,True,0.6618016608354754,0.07155600814296166
545,673,156.78113,873,4861.1016,3.4946711,4,22.627527,0.6955105939279213,0.7671976872349718,1021.3840173003359,0.82234782,0.7869575,0.0,True,0.7335617617495449,0.7731256310644803
546,1534,167.82016,873,4541.3438,4.6215272,5,39.868706,0.7444602105937534,0.8711233042651242,1231.2859267683184,0.84512842,0.85891294,0.0,True,0.7746606734156274,0.8674601949855869
547,5436,181.00996,873,4210.4258,3.5168056,5,16.351965,0.8029432072483802,1.030547619847525,1556.8968267794144,0.87579906,0.940229,0.0,True,0.824799963073866,1.0034520338932675
548,8238,188.97853,873,4032.8867,2.2862921,4,96.282135,0.8382735213228723,1.085951409626152,1703.973222985541,0.89348227,0.96776599,0.0,True,0.8548361459260105,1.0504957837383064
549,677,158.69835,873,4802.375,5.0385194,4,75.168266,0.7040122143146245,0.7689949512786571,1034.8118139187047,0.83238095,0.61636984,0.0,True,0.7425228350202371,0.72320741789506
550,1772,214.07648,873,3560.0781,3.8903189,4,89.519302,0.9495408542973338,0.9146589212338189,1601.5044691346945,0.97353095,0.91494995,0.0,True,0.9567378830081337,0.9147462298636733
551,1215,197.19849,873,3864.7812,1.7664595,3,56.844864,0.874716852908001,0.8599209308848719,1400.9264878795598,0.90618962,0.6549086,0.0,True,0.8841586830356007,0.7984172316194103
552,1444,212.87892,873,3580.1055,2.6116281,3,73.775307,0.9442320116333324,0.8890368759220463,1549.025468329844,0.96441233,0.80611789,0.0,True,0.9502861071433326,0.8641611801454323
553,799,187.2242,873,4070.6758,2.1483293,4,119.44058,0.8304954404050093,0.8041830673545126,1251.7549671261158,0.88470739,0.54495919,0.0,True,0.8467590252835066,0.7264159041481588
554,1108,190.06026,873,4009.9336,2.2392492,4,26.501064,0.8430694571185884,0.8450017145563554,1332.724455985847,0.88924468,0.62633318,0.0,True,0.8569220239830119,0.7794011541894488
555,2504,214.48174,873,3553.3516,2.8779445,4,102.21612,0.9513373254414061,0.9571397465958209,1678.6291417036616,0.94151986,0.64017761,0.0,True,0.9483920858089843,0.8620511056170747
556,2852,279.94885,873,2722.3867,4.0211711,5,207.33345,1.2415046227276854,1.0057849090940523,2227.4065296620793,1.0574909,0.85896015,0.0,True,1.1863005059093796,0.9617374813658366
557,788,196.58769,873,3876.7891,1.8709567,3,163.69193,0.8720089169446784,0.8072532460586554,1311.6395443520873,0.91014636,0.52266729,0.0,True,0.883450149861275,0.7218774592410588
558,874,215.95648,873,3529.0859,2.0973468,3,113.01375,0.9578749364743078,0.8291945137711734,1463.184211709983,0.94555432,0.53367078,0.0,True,0.9541787515320155,0.7405373936398214
559,11582,245.09511,873,3109.5234,2.2489641,4,169.97307,1.0870362350955882,1.1633810565070362,2293.4481085059488,1.1296846,1.0460697,0.0,True,1.0998307445669118,1.1281876495549252
560,10315,237.38783,873,3210.4805,1.1409838,2,242.16588,1.052874463252874,1.1444366064718428,2193.831096563629,1.1117123,1.0395243,0.0,True,1.0705258142770118,1.11296291453029
561,9249,199.03761,873,3829.0703,3.0795717,5,20.607897,0.8828704297459182,1.1067993220753563,1817.708372455034,1.027931,1.0298797,0.0,True,0.9263886008221427,1.0837234354527494
562,14485,234.32211,873,3252.4844,3.3272829,5,202.62917,1.0392855722853747,1.18457267537271,2245.041770199316,1.1283667,1.1312159,0.0,True,1.0660099105997622,1.168565642760897
563,14914,239.88568,873,3177.0508,1.218935,3,178.78516,1.0639460942705992,1.1916350711884267,2305.3469010204653,1.1397644,1.1334971,0.0,True,1.0866915859894195,1.1741936798318988
564,0,158.58922,873,4805.6797,1.3234816,2,24.556532,0.7035282908193372,0.0,109.92567071020089,0.92404956,0.0,0.0,True,0.7696846715735361,0.0
565,4632,192.36119,873,3961.9688,5.1677504,6,19.171715,0.8532707629151429,1.0187932239664168,1623.754603611412,1.0120715,1.0539252,0.0,True,0.9009109840406001,1.0293328167764917
566,1548,183.09491,873,4162.4805,1.744352,3,85.08197,0.8121874222121641,0.881311205477543,1345.0170782431553,0.98747158,1.0383362,0.0,True,0.864772669548515,0.9284187038342802
567,0,177.01787,873,4305.3789,0.1640341,1,83.286896,0.7852428961259535,0.0,122.69943749922692,,,,False,0.7852428961259535,0.0
568,0,9.4426231,3,0.953125,0.36826381,1,55.220455,1.2655044465935412,0.0,6.545127578855211,0.69377416,0.0,0.0,True,1.0939853606154788,0.0
569,2,15.36,3,0.5859375,0.58841527,2,57.581039,1.4451984314572768,0.8602937581265236,21.293481386801517,0.71324754,0.84839559,0.0,True,1.2256131640200938,0.8567243076885664
570,0,11.184466,3,0.8046875,0.22015142,1,19.118212,1.3324810050483527,0.0,7.7524810739685694,,,,False,1.3324810050483527,0.0
571,135,155.64449,873,4896.6016,4.6676421,5,69.746635,0.6904702521935697,0.5781696361284709,765.7679220102463,0.83339673,0.76622236,0.0,True,0.7333481955354988,0.6345854532899297
572,675,143.394,873,5314.9297,2.6679225,4,19.933887,0.6361450824049496,0.7595658116822361,934.5949545079828,0.86146873,0.83366662,0.0,True,0.7037421766834647,0.7817960541775653
573,1302,207.2917,873,3676.6016,3.0011044,3,46.212082,0.9194631683267424,0.8735609730526511,1486.943110726009,0.98135328,0.84898531,0.0,True,0.9380302018287197,0.8661882741368558
574,638,168.09892,873,4533.8125,2.0212686,2,34.945904,0.7456963183879016,0.7672113818854879,1086.1658220594293,0.88895595,0.79147512,0.0,True,0.7886742078715312,0.7744905033198415
575,0,140.32637,873,5431.1172,2.2438345,2,11.161998,0.6225410860174015,0.0,97.26682772371169,0.8091585,0.0,0.0,True,0.678526310212181,0.0
576,28,172.32472,873,4422.6328,2.0563037,2,122.93721,0.764433758694693,0.40109925235942484,586.1103864596641,0.89967322,0.24933171,0.0,True,0.805005597086285,0.35556898965159733
577,691,206.67204,873,3687.625,2.8337498,3,24.473799,0.9167161112979839,0.7961947124315998,1351.8480136337757,0.97974694,0.79729956,0.0,True,0.9356253599085886,0.7965261667021197
578,20911,270.09052,873,2821.7539,2.058243,4,60.877583,1.1978163827052435,1.251932725744166,2686.8945930102436,1.0946859,1.0713634,0.0,True,1.1668772378936705,1.197761928020916
579,132,141.05969,873,5402.8828,1.2980903,3,122.79377,0.6257931591315585,0.5689599586060009,690.8877638507374,0.84883845,0.36055356,0.0,True,0.692706746392091,0.5064380390242006
580,775,142.65369,873,5342.5117,2.2323992,3,98.704361,0.6328620596242355,0.7751797284705039,949.4231245548378,0.86182332,0.80359817,0.0,True,0.7015504377369648,0.7837052609293528
581,12671,269.2244,873,2830.832,2.0231452,4,75.20369,1.193977857546026,1.1884126821971857,2543.4245659403036,1.0931849,1.0296055,0.0,True,1.1637399702822182,1.14077052753803
582,9913,268.34567,873,2840.1016,1.9871,4,16.543674,1.1900836627894738,1.157061130251766,2469.2642705784806,1.0916878,1.0082664,0.0,True,1.1605649039526316,1.1124227111762361
583,66032,326.02051,873,2337.6719,4.2893252,6,578.73822,1.445646580679891,1.4304760736611832,3618.151181443032,1.2838049,1.4665564,0.0,True,1.3970940764759237,1.4413001715628282
584,5901,206.26434,873,3694.9141,3.0201204,4,57.614708,0.9149086483096331,1.0569071871969835,1791.0378122104771,0.97815126,0.96709764,0.0,True,0.9338814318167432,1.0299643230378885
585,650,163.04555,873,4674.332,2.7564371,3,29.130819,0.7232888259746793,0.7666436976682824,1056.5424296238402,0.93711221,0.86892325,0.0,True,0.7874358411822755,0.7973275633677976
586,1266,187.99197,873,4054.0508,1.9773798,3,218.74423,0.8338994871927699,0.8599211885120521,1343.2394974545043,1.0138255,0.89745766,0.0,True,0.8878772910349388,0.8711821299584365
587,1533,234.22,873,3253.9023,3.0991442,3,37.26704,1.0388329779268326,0.9069178629878921,1718.3048272901883,1.0407263,0.87221289,0.0,True,1.0394009745487829,0.8965063710915244
588,0,180.88376,873,4213.3633,1.1017864,1,18.28301,0.802383671686809,0.0,125.37906825308181,0.92684603,0.0,0.0,True,0.8397223791807664,0.0
589,6013,289.68179,873,2630.918,3.0999169,4,146.30887,1.2846350255297825,1.1048239892556209,2520.81430511827,1.0888687,0.93241793,0.0,True,1.2259051278708477,1.0531021714789346
590,2332,267.34918,873,2850.6875,2.5439911,4,39.925354,1.1856674389142954,0.974679773184746,2073.3834722366855,1.0971365,0.91140753,0.0,True,1.1591081572400068,0.9556981002293222
591,7345,289.55753,873,2632.0469,1.9752918,4,77.197601,1.2840844565629503,1.1301637310173682,2577.6548413408636,1.0884249,0.94019538,0.0,True,1.2253865895940652,1.0731732257121578
592,178,222.71831,873,3421.9414,4.0164461,4,81.040115,0.9878494655743302,0.6373618396005863,1156.5665737331897,0.98507047,0.3866969,0.0,True,0.9870157669020311,0.5621623577204105
593,5621,292.16962,873,2608.5156,2.1009297,4,74.120056,1.2956592491337051,1.0974564475425679,2522.7738219689018,1.0935975,0.92167079,0.0,True,1.2350407243935937,1.0447207502797975
594,1867,224.392,873,3396.418,2.9068553,4,33.008831,0.9952685873685414,0.9263670608515038,1690.3805711225687,0.98519725,0.85410899,0.0,True,0.992247186157979,0.9046896395960526
595,5968,292.16962,873,2608.5156,1.9947656,4,38.758148,1.2956592491337051,1.1050688429201907,2540.2694057291487,1.0935975,0.94690061,0.0,True,1.2350407243935937,1.0576183730441335
596,0,178.53207,873,4268.8633,1.9999506,2,40.215343,0.7919566711835108,0.0,123.7490009600308,0.89066154,0.0,0.0,True,0.8215681318284576,0.0
597,1990,224.39302,873,3396.4023,3.007545,4,48.723824,0.9952731853282419,0.934209906776932,1704.6900855964575,0.98519725,0.8366645,0.0,True,0.9922504047297693,0.9049462847438524
598,0,183.51115,873,4153.0391,0.50233161,1,20.352358,0.814032937054148,0.0,127.20023622381319,0.93264401,0.0,0.0,True,0.8496162589379037,0.0
599,1534,205.009,873,3717.5391,2.5014594,3,55.345253,0.9093434942377199,0.8923158962761754,1504.1380997422848,0.98170805,0.86841869,0.0,True,0.9310528609664039,0.8851467343933228
600,155105,379.95581,873,2005.8359,3.0520134,5,66.152237,1.6845692828521612,1.571515555052826,4541.182629364694,1.2369713,1.3982975,0.0,True,1.550289887996513,1.519550138536978
601,6838,267.55084,873,2848.5391,1.4641744,4,77.473007,1.1865610551168457,1.1099579015066294,2362.6192001465993,1.0971404,0.99048573,0.0,True,1.159734858581792,1.0741162500546406
602,11207,267.55084,873,2848.5391,3.0080252,4,202.49794,1.1865610551168457,1.17205069243684,2494.770398032681,1.0971404,1.0281459,0.0,True,1.159734858581792,1.128879254705788
603,165197,381.33115,873,1998.6016,3.0002542,5,40.681374,1.6906607903081872,1.5805537429911236,4581.657955214552,1.2429502,1.3990911,0.0,True,1.556347613215731,1.5261149500937865
604,6531,292.52618,873,2605.3359,2.1273012,4,168.43372,1.2972393323575315,1.1166979611533578,2569.731780332702,1.0945222,0.97062594,0.0,True,1.236424192650272,1.0728763548073506
605,150,219.79974,873,3467.3789,3.0193219,3,37.261032,0.9749118731735597,0.6154646842516014,1104.2476322730763,0.97932488,0.45078459,0.0,True,0.9762357752214916,0.566060655976121
606,2,181.49744,873,4199.1172,2.1074347,3,98.712975,0.8051045760274967,0.13167529933138755,251.60887762969568,0.90305907,0.081369475,0.0,True,0.8344909242192478,0.11658355203197128
607,158037,380.99454,873,2000.3672,2.0714102,4,62.036156,1.68917003941526,1.5745422576864296,4560.732142114182,1.2427609,1.3987899,0.0,True,1.555247297590682,1.5218165503805006
608,0,219.82153,873,3467.0352,1.9907281,2,29.044497,0.9750084640674226,0.0,152.36867374587342,0.98078585,0.0,0.0,True,0.9767416798471957,0.0
609,8116,292.80673,873,2602.8398,1.8952371,4,52.394661,1.2984824180542018,1.1444541528410939,2635.799070095507,1.0949875,1.0008029,0.0,True,1.2374339426379413,1.1013587769887656
610,1116,223.10033,873,3416.082,2.8864272,3,31.962786,0.9895428729175673,0.8625159073189302,1566.0073998117223,0.99148673,0.84933728,0.0,True,0.9901260300422972,0.8585623191232512
611,494,182.51137,873,4175.7891,1.913422,3,64.265327,0.8096001500285938,0.744150139233773,1132.7706753955863,0.90578461,0.7919634,0.0,True,0.8384554880200157,0.7584941174636411
612,24173,270.96753,873,2812.6211,3.0452814,4,59.216129,1.201703022175107,1.270692627414829,2734.8954186839446,1.096191,1.0825622,0.0,True,1.170049415522575,1.2142534991903802
613,143722,378.52866,873,2013.3984,2.1008172,4,18.959263,1.6782481727423342,1.5607223851818375,4495.273908661474,1.241305,1.3982294,0.0,True,1.5471652209196338,1.5119744896272862
614,9269,293.16617,873,2599.6484,3.0345984,4,60.052402,1.300075245428177,1.161521850558773,2677.9693368023386,1.0959165,1.0199652,0.0,True,1.2388276217997238,1.119054855391141
615,20,204.23088,873,3731.7031,4.029007,4,48.865902,0.9058938516423075,0.3701356409866538,631.2863203667279,0.97877747,0.22684745,0.0,True,0.9277589371496153,0.32714918369065765
616,138118,376.79248,873,2022.6758,2.0199943,4,81.525063,1.6705581615327372,1.5545575986496503,4459.669881682981,1.2402991,1.3980898,0.0,True,1.541480443072916,1.5076172590547552
617,5749,265.82007,873,2867.0859,2.0272422,4,138.44826,1.1788906990020145,1.0872707120181482,2301.2386452091823,1.0939682,0.96769679,0.0,True,1.1534139493014102,1.0513985354127038
618,8999,266.65604,873,2858.0977,2.9978523,4,42.604179,1.1825955043940717,1.143991064485981,2427.927499568608,1.095471,1.0106975,0.0,True,1.1564581530758502,1.1040029951401866
619,130458,376.43335,873,2024.6055,2.05232,4,31.175161,1.6689674838777573,1.5468701631469137,4433.941403941651,1.2401388,1.3978742,0.0,True,1.5403188787144302,1.5021713742028395
620,1408,208.9599,873,3647.25,3.9872508,5,126.00469,0.9268585824889564,0.8839488553317228,1515.2403225909595,0.98247933,0.83482814,0.0,True,0.9435448067422695,0.869212640732206
621,9304,268.41064,873,2839.4141,3.0132823,4,288.23901,1.1903716118491225,1.1491243927464132,2452.847720069082,1.093973,1.0196569,0.0,True,1.1614520282943859,1.1102841449224892
622,410,240.28511,873,3171.7695,4.1256337,5,139.54984,1.065716550035478,0.7464467874695399,1446.7622578110195,1.0420202,0.45054746,0.0,True,1.0586076450248345,0.6576769892286779
623,5436,267.60367,873,2847.9766,1.546646,4,26.664261,1.186795246721613,1.0811479581210022,2301.7037551830053,1.0924749,0.97436434,0.0,True,1.158499142705129,1.0491128726847014
624,1726,266.43137,873,2860.5078,2.4969101,4,15.596424,1.1815998133342462,0.9364731012198847,1986.1712490753814,1.0909737,0.89957684,0.0,True,1.1544119793339722,0.9254042228539192
625,1130,265.92081,873,2866.0,2.4074283,4,29.06041,1.1793370579315983,0.8830828667301401,1869.886331240711,1.0899805,0.84770399,0.0,True,1.1525300905521187,0.8724692037110982
626,2178,233.23805,873,3267.6016,3.9795218,5,23.093321,1.0344803728221272,0.9498181792081861,1792.9195857285545,1.0290067,0.88737959,0.0,True,1.032838270975489,0.9310866024457303
627,226,209.97119,873,3629.6836,4.0163708,5,17.426325,0.931341783779794,0.6617627128345248,1140.0061626328625,0.97636628,0.40413889,0.0,True,0.9448491326458559,0.5844755659841674
628,119,209.38531,873,3639.8398,3.1640539,4,51.504707,0.9287444994554191,0.5838035186687974,1004.1680900848428,0.97911865,0.35672539,0.0,True,0.9438567446187934,0.5156800800681582
629,48,229.74344,873,3317.3047,4.0319633,5,44.619396,1.0189901162577282,0.4800087097979536,898.7616226262008,1.0267428,0.29101703,0.0,True,1.0213159213804097,0.4233112058585675
630,681,202.04967,873,3771.9883,1.904942,3,14.846778,0.8962239448775778,0.7922424467558868,1318.6761326329745,0.96486652,0.79651541,0.0,True,0.9168167174143045,0.7935243357291207
631,34,178.1825,873,4277.2383,1.5500383,2,81.850594,0.790406713771426,0.4251911530321691,638.5203632514558,0.90872437,0.26345134,0.0,True,0.8259020106399981,0.37666920912251833
632,25,177.38046,873,4296.5781,1.3297175,2,55.16991,0.7868505825560839,0.3894322904746996,584.6170593768063,0.9072544,0.24139602,0.0,True,0.8229717277892586,0.3450214093322897
633,665,191.01857,873,3989.8164,0.90556133,2,69.464096,0.8473181988399626,0.784019777994486,1242.153655581037,0.9415611,0.79490107,0.0,True,0.8755910691879738,0.7872841655961402
634,1327,215.43617,873,3537.6094,3.658628,4,47.919277,0.9555683410005138,0.8800026539736155,1549.456156671897,0.99447227,0.84984744,0.0,True,0.9672395197003596,0.8709560897815309
635,124466,376.52124,873,2024.1328,3.001389,5,95.558876,1.6693568566422812,1.5407425824671128,4417.273364567557,1.2401398,1.3976909,0.0,True,1.5405917396495967,1.4978270777269789
636,4423,270.4046,873,2818.4766,4.0011034,6,42.223122,1.199208205502511,1.056612084789643,2270.0535278498896,1.0959002,0.95594984,0.0,True,1.1682158038517578,1.02641341135275
637,0,209.09718,873,3644.8555,2.0043166,3,41.599407,0.9274671513987389,0.0,144.9351207800354,0.98307157,0.0,0.0,True,0.9441484769791173,0.0
638,1504,222.58948,873,3423.9219,2.9955101,3,58.203228,0.9872783971367893,0.8989031424711579,1628.7345050263643,0.98171252,0.86852193,0.0,True,0.9856086339957526,0.8897887787298104
639,0,177.73045,873,4288.1172,0.99399048,1,98.984871,0.788402396593693,0.0,123.19336031715032,0.8889156,0.0,0.0,True,0.8185563576155851,0.0
640,108166,375.90463,873,2027.4531,4.0398369,6,128.32706,1.6666256944532614,1.5219813447022716,4357.276285028357,1.2398267,1.3972832,0.0,True,1.538585996117283,1.4845719012915901
641,14796,298.50876,873,2553.1211,2.0421734,4,18.040569,1.323748875209016,1.2237928176351003,2866.354939358904,1.0974,0.97025836,0.0,True,1.2558442126463112,1.14773248034457
642,14427,298.96848,873,2549.1953,3.1038122,5,53.951328,1.3257858707045376,1.2208133959832936,2863.2197425464697,1.0976104,0.96281821,0.0,True,1.2573332294931763,1.1434148401883055
643,0,225.04553,873,3386.5547,4.0401158,4,101.26227,0.9981655843265047,0.0,155.9896746171186,0.9865728,0.0,0.0,True,0.9946877490285533,0.0
644,17737,300.22763,873,2538.5039,3.9348764,6,212.2859,1.3313652784189087,1.247809507730444,2937.283288205618,1.0978185,1.0174186,0.0,True,1.2613012448932361,1.178692235411311
645,97917,374.8898,873,2032.9414,3.0199714,5,98.636505,1.662130753321852,1.508376122675589,4308.194550051831,1.2393677,1.3971051,0.0,True,1.5353018373252962,1.4749948158729123
646,57723,331.27267,873,2300.6094,2.0139909,4,103.81034,1.4689155191270495,1.4160551681013136,3631.889907648796,1.1631577,1.158119,0.0,True,1.3771881733889346,1.3386743176709195
647,2361,242.9895,873,3136.4688,3.9840288,4,199.7438,1.0777034591351757,0.9646607489504375,1887.466447640008,1.0370417,0.76631856,0.0,True,1.065504931394623,0.9051580922653062
648,55313,330.9855,873,2302.6055,2.0347581,4,10.13441,1.4676432396554742,1.4103890275762536,3614.626249301965,1.162712,1.1552997,0.0,True,1.376163867758832,1.3338622293033775
649,15504,298.52246,873,2553.0039,2.978256,4,223.69295,1.3238095965911534,1.2297567499931954,2880.4379400895177,1.0974002,0.97333831,0.0,True,1.2558867776138074,1.1528312179952367
650,39739,329.96112,873,2309.7539,3.0292933,5,95.287407,1.4631049966641447,1.3671376115092049,3494.3340195944293,1.1610973,1.1463363,0.0,True,1.3725026876649014,1.3008972180564433
651,32134,327.51239,873,2327.0234,3.1991849,5,85.4244,1.4522562041016092,1.3384306774510963,3398.835867754472,1.15838,1.1426145,0.0,True,1.3640933428711264,1.2796858242157674
652,29291,323.87308,873,2353.1719,1.8762578,4,78.08905,1.436132403816394,1.324577364984414,3331.0682648086513,1.1549618,1.1399647,0.0,True,1.3517812226714758,1.2691935654890898
653,2113,234.49672,873,3250.0625,2.3073931,3,111.23402,1.0400595567114175,0.9467050568013465,1795.4968521150486,1.0247366,0.87470126,0.0,True,1.0354626696979923,0.9251039177609426
654,1460,215.04958,873,3543.9688,0.80312657,2,35.616104,0.9538546086891186,0.8914865831423741,1567.1868549231372,0.98746318,0.83806401,0.0,True,0.963937180082383,0.8754598111996619
655,803,193.64783,873,3935.6445,0.7381798,2,25.258968,0.8589751264106813,0.8080600353141992,1295.6670878943628,0.94191277,0.7702446,0.0,True,0.883856419487477,0.7967154047199394
656,364,187.14464,873,4072.4062,0.73240447,2,32.325268,0.8301427290552974,0.7097428166532574,1104.6461902313986,0.93127543,0.68672544,0.0,True,0.8604825393387081,0.7028376036572802
657,241,184.69156,873,4126.4961,0.81830913,2,26.480089,0.8192665319819059,0.6592597428060823,1014.5220871464176,0.94394481,0.74630129,0.0,True,0.8566700153873341,0.6853722069642576
658,561,190.13213,873,4008.418,1.1022478,2,86.281578,0.8433880663182302,0.7631165608373376,1204.1599455838073,0.97246671,0.81572282,0.0,True,0.8821116594227612,0.7788984385861363
659,1203,225.73997,873,3376.1367,3.0202131,4,88.004349,1.001243875698643,0.872994065259718,1601.4523612920088,1.0530561,0.86364698,0.0,True,1.01678754298905,0.8701899396818025
660,26888,321.29486,873,2372.0547,3.7104261,6,106.93437,1.4247096674511432,1.3122046603409765,3277.050056958062,1.1526504,1.1369857,0.0,True,1.3430918872158002,1.2596389722386836
661,25749,301.4993,873,2527.7969,4.6470604,7,63.127186,1.33700008967037,1.296045773968541,3062.0958558371,1.1820217,1.2780609,0.0,True,1.290506572769259,1.2906503117779786
662,15856,268.90009,873,2834.2461,2.6092062,5,322.41428,1.192540619852355,1.2164339152909194,2600.6482317411615,1.0942873,1.061371,0.0,True,1.1630646238966484,1.1699150407036436
663,2412,211.69699,873,3600.0938,4.2834544,6,73.869003,0.9389923944090028,0.9510446642986795,1648.9164080192788,0.98091733,0.8948856,0.0,True,0.951569875086302,0.9341969450090757
664,1371,210.12474,873,3627.0312,1.609174,4,25.285223,0.9320224863726231,0.8813014362840301,1518.0994309511095,0.98032802,0.84953558,0.0,True,0.9465141464608362,0.871771679398821
665,3807,247.7282,873,3076.4727,3.7738485,5,30.458912,1.0987067327729831,1.0264357765061836,2042.549223536205,1.0570341,0.93643522,0.0,True,1.0862049429410883,0.9994356095543284
666,6856,255.09793,873,2987.5938,3.5926304,5,11.894708,1.131370650470249,1.103682931923539,2253.3236713698875,1.0712332,0.99036914,0.0,True,1.1133294153291744,1.0696887943464772
667,676,207.58569,873,3671.3945,3.567421,5,14.445588,0.9207665232111127,0.7939526413202272,1353.2816879787356,0.96902454,0.48614442,0.0,True,0.9352439282477789,0.7016101749241591
668,6484,240.06662,873,3174.6562,3.7830896,4,17.874758,1.064748109080178,1.088461911861518,2107.1610593218743,1.0440919,0.99529094,0.0,True,1.0585512463561246,1.0605106203030625
669,6103,219.24721,873,3476.1172,1.6316075,4,28.51226,0.9724625386826596,1.0689390368625196,1911.1479774511,0.99630213,0.9759295,0.0,True,0.9796144160778617,1.0410361758037636
670,1862,201.86362,873,3775.4648,3.6314511,5,25.580118,0.8953991264585242,0.9141527952872616,1520.1299521778467,0.94064212,0.86583614,0.0,True,0.9089720245209669,0.8996577987010832
671,2472,194.25728,873,3923.2969,2.3452306,4,40.557724,0.8616771592864285,0.944140244095104,1517.8470421075156,0.9356038,0.88779271,0.0,True,0.8838551515005,0.9272359838665728
672,0,264.69345,873,2879.2891,1.0220687,2,19.72905,1.173897712016411,0.0,183.47151858018483,1.0919702,0.0,0.0,True,1.1493194584114876,0.0
673,3857,265.55814,873,2869.9141,2.0221941,4,212.50842,1.1777297524838308,1.0370236082071431,2193.0225021060774,1.0934684,0.92845196,0.0,True,1.1524513467386814,1.0044521137450002
674,0,270.32217,873,2819.3359,1.0101827,2,22.848843,1.198842960225978,0.0,187.37304997834624,1.0958986,0.0,0.0,True,1.1679596521581845,0.0
675,2686,270.42108,873,2818.3047,2.9949908,5,350.17252,1.199281298275262,0.9938609961116803,2135.394309855229,1.0959005,0.90841627,0.0,True,1.1682670587926836,0.9682275782781763
676,715,228.19754,873,3339.7773,4.0032358,4,124.94496,1.0121376676260934,0.8101095291271695,1500.4161321382655,0.9843452,0.48864636,0.0,True,1.0037999273382654,0.7136705783890187
677,14615,298.50967,873,2553.1133,2.0072322,4,320.81424,1.3237529162201238,1.2222246908494685,2862.6899781207235,1.0974,0.96934921,0.0,True,1.2558470413540865,1.146362046594628
678,7380,294.41949,873,2588.582,3.0439072,5,565.9906,1.305628882678805,1.1331599827377494,2622.3354792586106,1.1016321,0.92705524,0.0,True,1.2444298478751634,1.0713285599164246
679,32108,302.62494,873,2518.3945,2.8451433,5,326.035,1.3419878047455762,1.324839112528268,3140.3156358257947,1.1812241,1.2764785,0.0,True,1.2937586933219034,1.3103309287697875
680,0,259.57141,873,2936.1055,4.2338862,4,354.79608,1.1511971514119639,0.0,179.9211909954696,1.1042532,0.0,0.0,True,1.1371139659883747,0.0
681,23544,350.20288,873,2176.25,2.0320857,4,11.849135,1.552778001674658,1.3096155096574897,3525.39126614843,1.236933,1.3952028,0.0,True,1.4580245011722606,1.3352916967602428
682,8788,294.5466,873,2587.4648,2.9622872,4,51.292221,1.3061921838627903,1.1554359981477023,2674.886654096597,1.1018034,0.94690919,0.0,True,1.2448755487039533,1.0928779557033916
683,94432,370.93692,873,2054.6055,2.0275371,4,39.085926,1.6446220153295437,1.5015333725874231,4249.3259226559585,1.2380904,1.3969333,0.0,True,1.5226625307306807,1.4701533508111964
684,23833,271.82678,873,2803.7305,2.9671559,4,46.875366,1.2055108935615249,1.2694147754214704,2739.7177511439054,1.0977991,1.0858154,0.0,True,1.1731973554930675,1.2143349627950293
685,19450,271.83701,873,2803.625,2.0105915,4,170.75206,1.2055562244233722,1.243826155897541,2684.5821654685337,1.0977992,1.0731437,0.0,True,1.1732291170963607,1.1926214191282787
686,2211,208.7933,873,3650.1602,3.0096982,4,58.699276,0.9261200212816032,0.9388425890399366,1608.1477821035808,0.9822219,0.86710441,0.0,True,0.9429505848971222,0.9173211353279556
687,70394,366.67053,873,2078.5117,2.0503864,4,104.42439,1.6257244225773033,1.4608162669474973,4092.7367536367246,1.2373655,1.3966628,0.0,True,1.5092167458041121,1.4415702268632482
688,1285,232.0273,873,3284.6523,2.8793404,4,11.808782,1.0291136309575015,0.8840892409241493,1661.3315260516688,0.9862293,0.89094156,0.0,True,1.016248331670251,0.8861449366469045
689,0,168.35669,873,4526.8711,2.0033927,2,16.081587,0.746839247014079,0.0,116.69596500190472,0.88844728,0.0,0.0,True,0.7893216569098553,0.0
690,382,208.79398,873,3650.1484,2.9501333,4,45.590919,0.9261230135521941,0.7250743742794583,1242.4583421121508,0.9822219,0.85773033,0.0,True,0.9429526794865357,0.7648711609956208
691,6734,262.24429,873,2906.1797,3.0559602,4,48.059082,1.1630432198353573,1.105251501656707,2311.741518125503,1.0926555,1.0063591,0.0,True,1.14192690388475,1.0755837811596949
692,29747,302.29251,873,2521.1641,2.733856,5,72.055183,1.3405147458097648,1.3149039267917229,3113.7793547965825,1.1813772,1.2779341,0.0,True,1.2927734820668353,1.3038129787542059
693,3036,237.26341,873,3212.1641,3.324188,5,34.655678,1.052322960780946,0.9929407134360408,1902.6045327609952,1.0517313,0.90647155,0.0,True,1.0521454625466622,0.9669999644052286
694,0,201.42119,873,3783.7578,1.6548443,2,10.739555,0.893437684298722,0.0,139.61452995352903,0.97929096,0.0,0.0,True,0.9191936670091054,0.0
695,0,217.03368,873,3511.5703,1.3448368,2,46.924194,0.962650066272425,0.0,150.43628337854938,1.0325534,0.75002438,2.9878997997870185,True,0.9836210663906976,0.22500731400000004
696,30976,302.45465,873,2519.8125,2.1806412,4,158.30301,1.3412332130750497,1.3201620248374737,3127.693381791252,1.1812226,1.2766417,0.0,True,1.2932300291525347,1.3071059273862315
697,380,230.87358,873,3301.0664,3.5088611,4,124.31087,1.0239996029591847,0.7334155184877584,1372.6405405147789,1.0474962,0.77918613,0.0,True,1.0310485820714295,0.747146701941431
698,0,224.94304,873,3388.0977,2.0064144,2,164.95229,0.9977112701347292,0.0,155.918633962583,,,,False,0.9977112701347292,0.0
699,160,215.52565,873,3536.1406,3.4673176,4,125.97782,0.9559650292438417,0.6218341553586275,1096.5075070885775,1.0413114,0.67770904,0.0,True,0.9815689404706893,0.6385966207510393
700,0,243.24277,873,3133.2031,1.152792,2,14.726283,1.0788260199627333,0.0,168.60304021709123,,,,False,1.0788260199627333,0.0
701,7324,267.45511,873,2849.5586,2.1883807,4,75.860641,1.1861368313271992,1.118536974921392,2380.132487931012,1.0901942,0.9826923,0.0,True,1.1573540419290396,1.0777835724449745
702,0,205.93103,873,3700.8945,1.9874871,2,63.863815,0.9134310151552587,0.0,142.7405128343055,0.97853839,0.0,0.0,True,0.932963227608681,0.0
703,3060,206.07719,873,3698.2695,2.0145414,3,15.317348,0.9140790102309639,0.9768836121756332,1654.1452472126798,0.97775096,0.91982853,0.0,True,0.9331805951616747,0.9597670875229433
704,1532,166.44701,873,4578.8086,2.0061514,3,39.603424,0.7383715360095647,0.870120188460139,1220.9943427461767,0.88370508,0.86169517,0.0,True,0.7819715992066953,0.8675926829220973
705,661,166.86853,873,4567.2422,2.9961395,3,39.450294,0.7402406206761866,0.770739026762401,1084.1072923530792,0.88501239,0.79125327,0.0,True,0.7836721514733307,0.7768932997336807
706,0,140.24557,873,5434.2461,3.0007267,3,14.696159,0.6221827746444046,0.0,97.21082143152243,0.80834401,0.0,0.0,True,0.6780311452510832,0.0
707,189,208.2851,873,3659.0664,3.1928663,4,38.532986,0.9238670683896429,0.6394300414045333,1093.970296188035,0.97888076,0.39095899,0.0,True,0.9403711758727501,0.5648887259831733
708,5435,256.65298,873,2969.4922,2.8144512,4,133.92017,1.138262682347887,1.0754821802179573,2207.467845283998,1.0716249,0.95700359,0.0,True,1.1182713476435209,1.0399386031525701
709,0,166.44545,873,4578.8516,1.0107161,2,55.445827,0.7383646049891299,0.0,115.37119438453134,0.88370508,0.0,0.0,True,0.7819667474923909,0.0
710,0,168.51823,873,4522.5312,2.0206561,2,22.198561,0.7475556102138987,0.0,116.80793599745238,0.88689125,0.0,0.0,True,0.7893563021497292,0.0
711,0,180.28006,873,4227.4727,2.0395212,2,72.956573,0.7997069426994584,0.0,124.96061530017776,0.91512334,0.0,0.0,True,0.8343318618896209,0.0
712,1963,208.53667,873,3654.6523,3.0052016,4,90.700111,0.9249823074914243,0.9242083655475574,1581.385186503967,0.97964609,0.89216602,0.0,True,0.941381442243997,0.9145956618832902
713,1507,161.75275,873,4711.6914,3.0659168,4,99.773987,0.7175562409851065,0.8652352723231987,1183.9011255124612,0.93614382,0.93946749,0.0,True,0.7831325146895746,0.8875049376262392
714,0,136.43326,873,5586.0938,1.0036002,1,119.03572,0.6052759318656792,0.0,94.56832950360196,,,,False,0.6052759318656792,0.0
715,0,194.04303,873,3927.6289,1.9376833,3,108.54269,0.8607272514073336,0.0,134.50037915180886,,,,False,0.8607272514073336,0.0
716,3120,160.56467,873,4746.5547,2.9050155,4,43.642963,0.7122880320085234,0.9504007774581816,1291.9401203585646,0.92909652,0.91453409,0.0,True,0.7773305784059663,0.9396407712207271
717,3620,254.05359,873,2999.875,2.7332649,5,56.679596,1.1267420136240929,1.023376103424837,2081.9136945126174,1.0668448,0.92119247,0.0,True,1.108772849536865,0.9927210133973858
718,7922,228.62271,873,3333.5664,3.0962853,4,48.921356,1.0140222908312735,1.1066017393329712,2052.4949942907674,1.1187083,1.0089239,0.0,True,1.0454280935818914,1.0772983875330797
719,6469,190.45506,873,4001.6211,1.7684209,3,78.117477,0.8448198762235077,1.0578318658408825,1671.2595182664877,1.0207545,0.98778886,0.0,True,0.8976002633564555,1.0368189640886178
720,994,249.55875,873,3053.9062,2.5097497,4,65.585327,1.1068201904063102,0.8601378550567431,1722.8905359187404,1.0555769,0.8082152,0.0,True,1.0914472032844171,0.8445610585397202
721,515,214.96666,873,3545.3359,2.2224951,2,32.175098,0.9534870047541378,0.7641213545280733,1343.120908269876,1.000304,0.7772187,0.0,True,0.9675321033278965,0.7680505581696513
722,690,241.15294,873,3160.3555,3.8568974,4,33.357227,1.0695630779486442,0.8112451378038761,1577.0403795799105,1.128104,0.8315655,0.0,True,1.087125354564051,0.8173412464627132
723,58124,326.98215,873,2330.7969,3.598279,6,32.388153,1.4499070545523376,1.4145705953130163,3587.114628407981,1.2838221,1.4664991,0.0,True,1.4000815681866363,1.4301491467191114
724,7495,196.04979,873,3887.4258,4.0324097,5,57.164318,0.8696241697547807,1.0793405761541068,1749.2068502593493,1.0347672,1.0685544,0.0,True,0.9191670788283466,1.0761047233078749
725,34934,326.56458,873,2333.7773,4.157218,6,99.920258,1.4480570053265882,1.3487019477318336,3416.281254587988,1.2838134,1.4660517,0.0,True,1.3987839237286117,1.3839068734122835
726,22014,245.63913,873,3102.6367,3.1657813,5,52.111885,1.0894474970768153,1.2435656776464041,2456.274557727147,1.1502734,1.1592431,0.0,True,1.1076952679537708,1.2182689043524828
727,13000,266.81357,873,2856.4102,2.9079976,5,39.727779,1.1832936651806742,1.1902915763445328,2527.4871866893945,1.1638775,1.1522051,0.0,True,1.1774688156264719,1.178865633441173
728,7377,200.12352,873,3808.293,1.2763355,3,109.65013,0.8876846694329869,1.0801062605422307,1782.3787991253134,1.0036758,0.97215235,0.0,True,0.9224820086030908,1.0477200873795616
729,8490,228.92799,873,3329.1211,1.1369191,2,39.027699,1.015375478888421,1.1153194050717614,2071.0840136104594,1.084432,0.98987859,0.0,True,1.0360924352218948,1.077687160550233
730,9701,250.89569,873,3037.6328,2.499604,4,84.924049,1.1127458165827873,1.144674850998251,2303.270203491245,1.1343409,1.0044662,0.0,True,1.119224341607951,1.1026122556987756
731,1507,155.92174,873,4887.8945,3.2448416,4,47.699589,0.691699725249251,0.8614981908892024,1141.2227827833613,0.9175539,0.35500756,0.0,True,0.7594559776744758,0.7095510016224418
732,0,130.56529,873,5837.1484,1.088747,1,117.27637,0.5792520502044141,0.0,90.50096264249161,,,,False,0.5792520502044141,0.0
733,0,307.5043,873,2478.4336,0.10806043,1,48.813278,1.3636078313677995,0.0,213.14573855505958,,,,False,1.3636078313677995,0.0
734,1511,319.3407,873,2386.5703,2.2238655,4,121.75855,1.4160515527417485,0.9411636459284414,2338.1646128959733,1.2792554,1.4650707,0.0,True,1.375012706919224,1.098335762149909
735,1511,207.50777,873,3672.7734,2.0811925,3,130.40839,0.920421020285992,0.8917926495787568,1519.34070638336,1.0454705,0.80600762,0.0,True,0.9579358642001944,0.8660571407051298
736,0,204.1044,873,3734.0156,0.070190266,1,39.44371,0.9053331260575634,0.0,141.4743893998793,,,,False,0.9053331260575634,0.0
737,2392,193.0714,873,3947.3945,3.9733527,5,54.801292,0.8564195554908035,0.9394719123965164,1502.2346744920271,0.91087013,0.80343914,0.0,True,0.8727547278435626,0.8986620806775616
738,4102,199.59776,873,3818.3242,2.5557876,4,109.49692,0.8853538351922656,1.008622498068572,1660.5969542484343,0.91818166,0.8383038,0.0,True,0.895202182634586,0.9575268886480005
739,4897,235.68561,873,3233.668,2.8683908,4,59.357254,1.0453293360591456,1.0512580044191788,2002.5702813961805,0.99177247,0.87301439,0.0,True,1.0292622762414019,0.9977849200934252
740,342,176.21638,873,4324.9609,3.487298,4,11.129777,0.7816892179792574,0.6972212808932244,1029.2167297395404,0.88563031,0.43175232,0.0,True,0.8128715455854802,0.6175805926252571
741,71,184.39517,873,4133.1289,4.5613194,5,37.178749,0.817952417915636,0.5135584649919694,791.1399980286626,0.90493298,0.31680286,0.0,True,0.8440465865409452,0.4545317834943786
742,1297,186.8559,873,4078.6992,1.9749216,3,84.897095,0.8288625346724463,0.8622021007409584,1339.6353497799998,0.89859056,0.83975905,0.0,True,0.8497809422707123,0.8554691855186708
743,2563,224.13396,873,3400.3281,2.0191665,3,42.31612,0.9941247824240771,0.9651786104646761,1759.3874293584597,0.97591937,0.89660263,0.0,True,0.988663158696854,0.9446058163252733
744,2231,188.09401,873,4051.8516,3.4122844,5,60.709545,0.8343518746832824,0.9281367590522862,1450.4119559746352,0.91097707,0.84522814,0.0,True,0.8573394332782978,0.9032641733366004
745,9132,295.08566,873,2582.7383,4.1218805,5,29.310011,1.308580710916778,1.1605905666014669,2691.1101017101632,1.0912981,0.96744543,0.0,True,1.2433959276417446,1.1026470256210268
746,84,186.37076,873,4089.3164,4.2953324,5,107.43569,0.8267115890005046,0.5341736921596255,830.1600909067113,0.89795429,0.69418788,0.0,True,0.8480843993003533,0.5821779485117379
747,380,200.25786,873,3805.7383,2.0792408,3,58.897617,0.8882802376801535,0.72077149641901,1190.6172078794502,0.96074772,0.7363956,0.0,True,0.9100204823761076,0.725458727493307
748,216,181.29808,873,4203.7344,1.010293,2,66.207138,0.8042207045094962,0.6447282378617636,976.1986166531412,0.90781307,0.66563278,0.0,True,0.8352984141566474,0.6509996005032345
749,631,186.00793,873,4097.293,1.5275331,3,70.101273,0.8251029341273786,0.775217430778602,1199.8386507492642,0.91792488,0.77393955,0.0,True,0.8529495178891651,0.7748340665450214
750,1087,212.93724,873,3579.125,4.4548821,5,31.962971,0.9444905391874966,0.8543918545515021,1489.0733395556053,0.98654824,0.8956269,0.0,True,0.9571078494312477,0.8667623681860515
751,0,9.0,3,1.0,0.99864793,2,34.067116,1.2457309396155172,0.0,6.238324625039508,0.85011995,0.0,0.0,True,1.127047642730862,0.0
752,1830,201.61143,873,3780.1875,3.2046909,4,23.832148,0.8942810693937897,0.911911111744058,1514.7396461785117,0.9944582,0.80858725,0.0,True,0.9243342085756528,0.8809139532208407
753,6232,193.39522,873,3940.7852,3.0752158,4,33.741379,0.8578551735833401,1.0552804976205528,1689.843620670156,0.99794418,0.94077569,0.0,True,0.899881875508338,1.020929055334387
754,0,4.4912281,3,2.0039062,2.0004172,2,50.457821,0.933386705923968,0.0,3.1130820947666,0.77887768,0.0,0.0,True,0.8870339981467775,0.0
755,0,8.9649801,3,1.0039062,1.0026034,2,117.74456,1.2441110241213762,0.0,6.214050680091017,,,,False,1.2441110241213762,0.0
756,12,164.89133,873,4622.0078,4.2269192,4,22.719862,0.7314733946053948,0.3039315605114065,435.15767302650835,0.90312707,0.29406404,0.0,True,0.7829694972237764,0.3009713043579846
757,8629,266.17294,873,2863.2852,1.3912098,3,175.48959,1.1804544560338441,1.1384573824259896,2412.3561387113236,1.1629179,1.1495715,0.0,True,1.1751934892236908,1.1417916176981926
758,7168,244.19415,873,3120.9961,1.8715162,3,125.30323,1.0830428773663292,1.1032268907841387,2167.872865667112,1.1336632,1.145839,0.0,True,1.0982289741564304,1.116010523548897
759,4980,192.81058,873,3952.7344,1.0212827,3,49.849621,0.8552631706816579,1.0278240473077596,1641.5095887017474,0.99642426,0.92348599,0.0,True,0.8976114974771605,0.9965226301154317
760,3692,175.81828,873,4334.7539,1.537514,3,26.884434,0.7799240538292532,0.9807862217832355,1444.2531356846034,0.95928538,0.8993597,0.0,True,0.8337324516804773,0.9563582652482648
761,419,173.56369,873,4391.0625,3.2797129,4,55.181694,0.7699272847012361,0.7201058520492346,1048.7816519290704,1.0138618,0.833691,0.0,True,0.8431076392908652,0.7541813964344642
762,2042,175.1412,873,4351.5117,2.9903882,4,61.155231,0.7769219230874753,0.9096794275913179,1335.042511631556,0.95808679,0.82810128,0.0,True,0.8312713831612327,0.8852059833139225
763,1077,179.47525,873,4246.4297,4.1967278,5,53.050819,0.7961385549460367,0.8358165377637863,1253.417449962195,0.87976247,0.65129203,0.0,True,0.8212257294622256,0.7804591854346504
764,2863,174.42268,873,4369.4375,2.9651327,4,24.427296,0.7737360266840883,0.949529100150895,1388.4609810634668,0.89894235,0.92739838,0.0,True,0.8112979236788618,0.9428898841056266
765,1231,232.55443,873,3277.207,3.3008418,5,123.02341,1.0314501896793413,0.8790379726653681,1655.1376689812473,0.98656374,0.80802047,0.0,True,1.0179842547755389,0.8577327218657577
766,43,174.37218,873,4370.7031,3.8482349,4,22.011742,0.7735120827544464,0.4513926674097482,663.7760368654783,0.8989408,0.28018376,0.0,True,0.8111406979281124,0.4000299951868237
767,4519,228.48804,873,3335.5312,1.9646064,3,98.462708,1.0134253373115505,1.0373438130388197,1923.0669581445095,0.98395497,0.84297323,0.0,True,1.0045842271180854,0.9790326381271739
768,3778,188.51291,873,4042.8477,2.8365119,3,66.757675,0.8362091561934023,0.9917847074709645,1552.871191761286,0.90883362,0.81708187,0.0,True,0.8579964953353817,0.9393738562296751
769,55,163.03778,873,4674.5547,5.6440749,5,83.16568,0.7232543825795139,0.4763430616012495,659.1701031339305,0.8575474,0.29700291,0.0,True,0.7635422878056598,0.42254101612087464
770,19,141.79526,873,5374.8555,2.6951501,2,22.121723,0.6290551572657707,0.34874465556388884,431.69885063282663,0.80722082,0.22005245,0.0,True,0.6825048560860394,0.31013699389472216
771,629,165.83936,873,4595.5859,3.1185136,3,16.428764,0.7356771044012085,0.7642991247776894,1069.2170779680828,0.87842745,0.79084319,0.0,True,0.7785022080808459,0.7722623443443826
772,971,158.35213,873,4812.875,5.729599,6,56.498184,0.7024769453304237,0.8112760691247604,1089.523474632249,0.8448137,0.8561644,0.0,True,0.7451779717312966,0.8247425683873323
773,697,167.5144,873,4549.6328,5.575428,6,55.339237,0.7431044705864286,0.777378694670166,1097.1608142948514,0.8644312,0.61743754,0.0,True,0.7795024894105,0.7293963482691161
774,6070,218.78795,873,3483.4141,3.3637457,5,114.57848,0.970426636578943,1.067999857059335,1905.958825321717,0.99891597,0.99509954,0.0,True,0.9789734366052601,1.0461297619415344
775,156,188.2421,873,4048.6641,3.9728837,4,94.209801,0.8350084328512513,0.6086814785879374,952.9935204665655,0.91101801,0.80999368,0.0,True,0.8578113059958759,0.6690751390115562
776,0,-1.0,1,-1.0,0.0,0,4.263176,1.0,0.0,-0.6931471805599453,,,,False,1.0,0.0
777,0,154.61089,873,4929.3359,2.3646765,4,17.268629,0.6858868977365391,0.0,107.16810248736385,0.82530069,0.0,0.0,True,0.7277110354155774,0.0
778,3364,188.75603,873,4037.6406,1.1459719,4,21.455126,0.8372870304719245,0.9779658251752166,1532.978393260864,0.90897501,0.8732506,0.0,True,0.8587934243303472,0.9465512576226516
779,2182,208.04057,873,3663.3672,1.7174909,3,99.945404,0.9227830385309891,0.9368217407999991,1599.6059132819541,0.97883821,0.88941246,0.0,True,0.9395995899716925,0.9225989565599994
780,2812,230.89461,873,3300.7656,2.0224018,3,67.542061,1.0240928639161748,0.9801536483237078,1833.8486313465428,1.0263309,0.91161537,0.0,True,1.0247642747413224,0.9595921648265955
781,65,208.24574,873,3659.7578,3.1953158,4,15.111845,0.9236926271169066,0.5105616892022171,875.6093259976101,0.98026365,0.75746614,0.0,True,0.9406639339818347,0.584633024441552
782,2628,188.61642,873,4040.6289,2.8351417,4,52.583046,0.8366681102358478,0.9481584246485834,1485.305102223839,0.90850639,0.84920692,0.0,True,0.8582195941650934,0.9184729732540083
783,2283,168.36482,873,4526.6523,2.8833299,5,52.601074,0.7468753302495367,0.9186642530257375,1302.1539410930354,0.86631519,0.87143326,0.0,True,0.7827072881746757,0.9044949551180163
784,3113,190.07082,873,4009.7109,2.8246238,4,22.770554,0.8431162579905306,0.9694404989496803,1528.9267169095142,0.92245549,0.89692241,0.0,True,0.8669180275933714,0.9476850722647763
785,16573,271.3074,873,2809.0977,2.0056076,4,112.90155,1.2032092239795948,1.2233662330590886,2635.9279619401987,1.0967935,1.0552011,0.0,True,1.1712845067857163,1.172916693141362
786,44,181.16039,873,4206.9297,3.9733984,4,54.554279,0.8036101629703685,0.4561498741225104,693.5981685581091,0.91544527,0.70440274,0.0,True,0.8371606950792579,0.5306257338857573
787,2327,188.76534,873,4037.4414,2.3893781,5,47.678143,0.8373283202345314,0.9336058331129155,1463.5343524407695,0.90992421,0.86625671,0.0,True,0.859107087164172,0.9134010961790409
788,1982,209.58955,873,3636.293,2.8008807,4,17.967741,0.9296498886010071,0.9259497199079553,1591.3862668377658,0.9830873,0.89581954,0.0,True,0.9456811120207049,0.9169106659355687
789,3280,208.83957,873,3649.3516,1.8449459,3,72.116798,0.9263251126371462,0.9869290105471963,1690.808654081837,1.0045923,0.87241739,0.0,True,0.9498052688460024,0.9525755243830374
790,4379,225.28461,873,3382.9609,1.0244712,3,210.66617,0.9992253328975894,1.0316720242044741,1889.0187287975616,1.0340166,0.91230994,0.0,True,1.0096627130283127,0.9958633989431319
791,10828,219.69035,873,3469.1055,3.6427145,5,24.160381,0.9744269317506552,1.1395233660391557,2040.9399029698784,1.0005908,1.0382946,0.0,True,0.9822760922254586,1.109154736227409
792,12148,269.33401,873,2829.6797,2.5793133,4,88.79364,1.194463724886619,1.183171173507908,2533.109108975512,1.0933933,1.0304278,0.0,True,1.1641425974206332,1.1373481614555356
793,15593,244.09395,873,3122.2773,1.6387649,4,17.731581,1.0825987444033294,1.1997399805083926,2356.655233080073,1.0479696,1.0628831,0.0,True,1.0722100010823306,1.158682916355875
794,5451,234.60585,873,3248.5508,3.1760874,4,98.238937,1.0405432464392876,1.0639121631020991,2018.5302452686442,1.0456983,1.0058335,0.0,True,1.0420897625075014,1.0464885641714694
795,5387,236.21579,873,3226.4102,3.2314491,4,87.332329,1.0476793445107515,1.0633504043406288,2029.5932603536041,1.0578175,0.94016194,0.0,True,1.050720791157526,1.02639386503844
796,11349,253.51056,873,3006.3008,1.493549,4,43.001442,1.1243352666554567,1.1657426943785056,2367.043594490956,1.0857017,1.04501,0.0,True,1.1127451966588198,1.129522886064954
797,111,198.30325,873,3843.25,2.344063,3,40.017303,0.8796147668286389,0.5716029518184125,937.456368461068,0.98002052,0.29995742,0.0,True,0.9097364927800472,0.4901092922728887
798,1148,221.89458,873,3434.6445,0.82658529,2,71.181015,0.9841980112135031,0.8654112524616683,1563.805873875844,1.0390418,0.84020329,0.0,True,1.0006511478494522,0.8578488637231678
799,2238,236.95422,873,3216.3555,2.4143584,4,81.476097,1.0509524762406837,0.9550384173157846,1827.919623827422,1.0711679,0.89632493,0.0,True,1.0570171033684785,0.9374243711210493
800,12385,253.38315,873,3007.8125,3.3532562,5,91.334381,1.1237705611721076,1.1765746519019495,2387.984872020609,1.0856988,1.0531441,0.0,True,1.1123490328204753,1.1395454863313645
801,23675,293.34027,873,2598.1055,4.4461536,6,62.976135,1.3008467087769415,1.2808509512763824,2954.5992894956607,1.1769912,1.240131,0.0,True,1.263690056143859,1.2686349658934677
802,1519,198.59554,873,3837.5938,3.0358658,3,49.332584,0.8809105489616698,0.8876925089632735,1455.134006872812,0.96959996,0.86763757,0.0,True,0.9075173722731689,0.8816760272742914
803,0,162.21078,873,4698.3867,0.98841959,1,44.655464,0.7195873229212872,0.0,112.43594481342956,0.8792966,0.0,0.0,True,0.7675001060449012,0.0
804,5323,259.18002,873,2940.5391,2.0905082,4,52.789482,1.1494626127985264,1.0741936861011505,2223.8081114012693,1.0867019,0.9681955,0.0,True,1.1306343989589684,1.0423942302708054
805,62650,365.72409,873,2083.8906,3.0257173,5,112.95582,1.6215321561676455,1.4450756034446526,4039.550900488487,1.2374163,1.3968005,0.0,True,1.5062973993173518,1.4305930724112568
806,0,224.58623,873,3393.4805,1.9820771,2,76.194603,0.9961296146886497,0.0,155.6713121170874,1.0492443,0.0,0.0,True,1.0120640202820548,0.0
807,1730,256.26059,873,2974.0391,1.3236657,3,224.50964,1.1365236035198005,0.9322101102846698,1910.9434428074337,1.0811892,0.86545384,0.0,True,1.1199232824638603,0.9121832291992689
808,737,244.62126,873,3115.5469,2.2665889,3,79.091972,1.0849359418290785,0.8208630605495346,1615.7963000977295,1.058441,0.75002766,0.0,True,1.076987459280355,0.7996124403846742
809,47569,301.7749,873,2525.4883,2.9984055,5,58.502956,1.3382213014192088,1.3745296156322349,3250.1092182937145,1.1812389,1.2509748,0.0,True,1.2911265809934462,1.3374631709425644
810,45159,300.5134,873,2536.0898,1.999016,4,61.795456,1.3326316043458446,1.3671641929352571,3220.899364087993,1.1798491,1.2501915,0.0,True,1.2867968530420912,1.3320723850546798
811,42872,299.56705,873,2544.1016,2.0213385,4,96.884682,1.3284382218477944,1.3599885346754768,3195.1884044427356,1.1789069,1.2494617,0.0,True,1.2835788252934561,1.3268304842728336
812,25591,363.18744,873,2098.4453,3.0892367,5,119.8485,1.6102960082549278,1.326735959823417,3686.3794483741012,1.2371504,1.3952233,0.0,True,1.4983523257784495,1.347282161876392
813,36775,299.24954,873,2546.8008,2.7776918,5,132.45546,1.3270313953714328,1.3402483810679156,3145.8990718735117,1.178596,1.2478001,0.0,True,1.282500776760003,1.312513896747541
814,4515,223.55714,873,3409.1016,2.9934425,4,44.410915,0.9915678507341511,1.0344554832726265,1881.3682130934033,1.0466714,0.95491707,0.0,True,1.0080989155139057,1.0105939592908384
815,1509,178.57063,873,4267.9414,2.989398,3,46.944527,0.7921276582736766,0.875624919831143,1307.2311115850293,0.94221735,0.86583471,0.0,True,0.8371545657915737,0.8726878568818001
816,0,148.59982,873,5128.7344,0.98936635,1,57.840584,0.6592309050626015,0.0,103.00154626471536,0.85671759,0.0,0.0,True,0.7184769105438211,0.0
817,0,254.94293,873,2989.4102,1.9314154,2,62.421318,1.1306836762633972,0.0,176.7129731331915,1.1007038,0.0,0.0,True,1.1216897133843782,0.0
818,595,225.40849,873,3381.1016,3.9623716,4,218.93748,0.9997744915931062,0.7863127271087521,1440.7923847349853,1.0514979,0.76143211,0.0,True,1.0152915141151744,0.7788485419761264
819,0,223.55406,873,3409.1484,1.011013,2,122.28649,0.9915542467011473,0.0,154.95586639172885,1.0466713,0.0,0.0,True,1.0080893626908032,0.0
820,6775,249.38426,873,3056.043,3.0510111,4,123.82292,1.106046802529534,1.0990903271351367,2199.8908302994137,1.0933436,0.96650708,0.0,True,1.102235841770674,1.0593153529945956
821,5893,248.27545,873,3069.6914,1.9891027,4,11.238953,1.101132321478591,1.081115311798822,2155.492651902408,1.0909572,0.94253671,0.0,True,1.0980797850350137,1.0395417312591753
822,2012,247.07285,873,3084.6328,2.9160647,4,207.93898,1.0958020928656704,0.9467616616302919,1879.7001180174295,1.0884851,0.87974471,0.0,True,1.0936069950059693,0.9266565761412042
823,1518,194.6344,873,3915.6953,2.3296671,3,45.816822,0.8633490925513845,0.885452960143092,1425.9822388704429,0.97956681,0.74769408,0.0,True,0.8982144077859691,0.8441252961001644
824,0,180.51775,873,4221.9062,0.3510648,1,39.589722,0.8007608412676929,0.0,125.12536945352507,0.94613081,0.22264932,4.806155479290463,True,0.844371831887385,0.06679479600000002
825,0,211.06445,873,3610.8828,1.0646349,2,29.57366,0.9361883209020299,0.0,146.29872843393554,1.0060563,0.0,9.990363763345242,True,0.9571487146314208,0.0
826,2638,244.33759,873,3119.1641,1.8566976,4,115.6507,1.0836785807410203,0.9791050906853725,1925.0220582175234,1.1286539,1.1470189,0.0,True,1.0971711765187142,1.0294792334797607
827,20655,341.522,873,2231.5664,2.0862544,4,87.897484,1.5143219750027685,1.2883837642392892,3393.2975402549314,1.2372715,1.3952286,0.0,True,1.431206832501938,1.3204372149675025
828,5464,244.57771,873,3116.1016,2.9324441,4,211.07076,1.0847429353000633,1.0697076665546075,2104.909724363219,1.1286895,1.147151,0.0,True,1.0979269047100444,1.0929406665882253
829,11398,338.96762,873,2248.3828,2.142117,4,22.150194,1.5030059251020866,1.2101202248089722,3166.4214935393156,1.237458,1.395301,0.0,True,1.4233415475714606,1.2656744573662806
830,0,191.17279,873,3986.5977,1.9926467,2,41.73188,0.8480019637347291,0.0,132.5108803882785,,,,False,0.8480019637347291,0.0
831,3018,329.66675,873,2311.8164,1.8087929,4,65.825439,1.461800807595548,1.0342832501189596,2641.6236601359615,1.2385627,1.3983006,0.0,True,1.3948293753168837,1.1434884550832716
832,0,252.93936,873,3013.0898,2.0172601,2,1.6524885,1.1218036299110639,0.0,175.324204236637,1.093389,0.99260551,9.582358532036894,True,1.1132792409377448,0.29778165300000004
833,0,327.68234,873,2325.8164,1.2282976,2,0.76806027,1.453009215910595,0.0,227.1320900902854,1.093389,0.99260551,10.290026360573338,True,1.3451231511374164,0.29778165300000004
834,333,152.04414,873,5012.5508,2.4658999,3,45.683281,0.6745048194840949,0.6820349047644341,884.0044765590848,0.94078976,0.86969638,0.0,True,0.7543903016388664,0.7383333473351039
835,229,142.35622,873,5353.6758,1.8066161,3,43.309277,0.6315428357608621,0.6333585704087658,774.7620129309367,0.89638585,0.80138749,0.0,True,0.7109957400326035,0.6837672462861359
836,0,155.31552,873,4906.9727,0.7214582,2,19.65749,0.6890115078757362,0.0,107.6565147852018,0.9075532,0.0,0.0,True,0.7545740155130154,0.0
837,2091,174.45543,873,4368.6172,2.7162311,4,75.985306,0.7738812454560935,0.9120813211686821,1333.9479265814175,1.0168841,0.94768721,0.0,True,0.8467821018192654,0.9227630878180775
838,3022,241.62091,873,3154.2344,1.5258609,4,62.853725,1.0716373543574027,0.9946078809823755,1936.431093891808,1.1294521,1.1499267,0.0,True,1.088981778050182,1.041203526687663
839,0,189.02138,873,4031.9727,1.9734256,2,19.610933,0.8384634536936316,0.0,131.01963661255002,1.0084288,0.81516802,2.9242052094453874,True,0.8894530575855422,0.24455040600000003
840,0,4.0634923,2,0.984375,0.98388815,1,30.587515,0.7698083216734056,0.0,2.816598230972047,0.94879317,0.67845279,7.838205936520824,True,0.8235037761713839,0.20353583700000002
841,0,4.0634923,2,0.984375,0.98388815,1,8.5341892,0.7698083216734056,0.0,2.816598230972047,,,,False,0.7698083216734056,0.0
842,0,240.07224,873,3174.582,0.99279755,2,14.082856,1.0647729799349817,0.0,166.40539628671053,1.1278133,1.1483012,13.029004070596017,True,1.0836850759544872,0.34449036000000005
843,1508,203.20435,873,3750.5547,1.9846666,3,120.30013,0.9013429390243995,0.8892824596293535,1487.4283951496275,1.0248201,0.92909038,0.0,True,0.9383860873170797,0.9012248357405475
844,0,177.58922,873,4291.5273,0.62179494,1,84.381577,0.7877762142441307,0.0,123.09546714083986,1.0175834,0.91853887,11.059049848311941,True,0.8567183699708913,0.27556166100000007
845,6008,220.74849,873,3452.4766,2.3403568,3,27.68074,0.9791175549279517,1.0679083530811677,1920.772352295241,1.0474138,0.97925806,0.0,True,0.9996064284495663,1.0413132651568173
846,4512,203.42744,873,3746.4414,0.98363125,3,95.04863,0.9023320151537713,1.0225236474744508,1711.82948985557,1.024967,0.96781731,0.0,True,0.93912251060764,1.0061117462321154
847,968,226.94231,873,3358.25,2.6587713,4,53.284065,1.0065735234425486,0.8468235039539743,1560.7494570195515,1.0416496,0.83353335,0.0,True,1.017096346409784,0.842836457767782
848,488,205.38776,873,3710.6836,2.1044047,3,29.764452,0.9110226042822028,0.7533489741398466,1272.2550478109124,0.99637324,0.43957013,0.0,True,0.936627794997542,0.6592153208978926
849,17832,292.03622,873,2609.707,2.8626814,5,155.62158,1.2950681995138904,1.2441063968754646,2858.702264377496,1.1757833,1.2378886,0.0,True,1.2592827296597233,1.2422410578128253
850,835,205.01805,873,3717.375,3.7829111,5,98.305962,0.9093836147599593,0.8184106727419671,1379.7354077748148,1.0268816,0.84692496,0.0,True,0.9446330103319716,0.826964958919377
851,8988,291.66559,873,2613.0234,1.9765744,4,27.476694,1.2934257804912277,1.1568537064344409,2655.285068679469,1.1754824,1.2341683,0.0,True,1.2580427663438594,1.1800480845041088
852,6008,219.46597,873,3472.6523,3.915029,5,109.57054,0.973432271812585,1.0671458461928176,1909.612914886334,1.0444524,1.0254091,0.0,True,0.9947383102688094,1.0546248223349723
853,1101,213.5806,873,3568.3438,1.7672219,4,142.37419,0.9473425730451571,0.8562695577903147,1496.3006222055747,1.0118834,0.81647927,0.0,True,0.96670482113161,0.8443324714532202
854,0,150.8808,873,5051.1992,0.89186311,1,58.841831,0.669346002062975,0.0,104.582601120629,,,,False,0.669346002062975,0.0
855,1508,178.25641,873,4275.4648,2.9735255,4,81.059883,0.7907344280536976,0.875361379188185,1304.8128440726489,0.97180986,0.80139196,0.0,True,0.8450570576375884,0.8531705534317295
856,0,219.44621,873,3472.9648,2.0816624,3,5.7380028,0.9733447320524868,0.0,152.10852174606566,,,,False,0.9733447320524868,0.0
857,0,177.13792,873,4302.4609,1.9958968,2,101.38281,0.7857752133717427,0.0,122.78264981825315,,,,False,0.7857752133717427,0.0
858,0,291.63724,873,2613.2773,1.0258905,2,82.994614,1.2933002103248568,0.0,202.1475306522841,,,,False,1.2933002103248568,0.0
859,0,175.74464,873,4336.5703,2.0798168,3,6.216774,0.7795975282797247,0.0,121.81690171452259,,,,False,0.7795975282797247,0.0
860,0,183.69724,873,4148.832,1.7464417,3,60.094841,0.8148580048886159,0.0,127.3292239826436,,,,False,0.8148580048886159,0.0
861,599,185.03891,873,4118.75,4.0980668,5,52.73848,0.8208065721404657,0.7684892132349423,1183.989032217916,1.0221564,0.68098432,0.0,True,0.881211520498326,0.7422377452644595
862,10009,219.80891,873,3467.2344,1.8593194,4,62.735947,0.9749524800479967,1.1299515929075814,2024.75653480713,1.0585824,0.99487525,0.0,True,1.0000414560335977,1.089428690035307
863,243,187.3022,873,4068.9805,3.9554601,4,163.90425,0.8308412880257775,0.6613624199314502,1030.3977656030906,0.97416645,0.4056938,0.0,True,0.8738388366180443,0.5846618339520151
864,8531,219.07193,873,3478.8984,2.1895373,4,102.35885,0.9716855516805155,1.1098969404163002,1982.9725735128275,1.0545733,0.9722265,0.0,True,0.9965518761763609,1.0685958082914102
865,1517,194.39722,873,3920.4727,2.5444593,4,95.030998,0.8622975711590865,0.8852429993175779,1424.1166127597612,1.0108452,0.87237179,0.0,True,0.9068618598113605,0.8813816365223045
866,0,182.66635,873,4172.2461,0.29090101,1,66.178726,0.8102873192234218,0.0,126.61466548567616,,,,False,0.8102873192234218,0.0
867,113,215.67932,873,3533.6211,3.4805975,4,129.32515,0.9566462543590499,0.5796402800221045,1023.3837348915384,0.98486835,0.44919509,0.0,True,0.9651128830513349,0.5405067230154732
868,7754,215.84157,873,3530.9648,2.2790926,4,101.70557,0.9573655197888821,1.0961934495352599,1933.1250212802565,1.0454493,0.96094662,0.0,True,0.9837906538522174,1.055619400674682
869,0,179.13545,873,4254.4844,1.9360631,2,52.989326,0.7946319930475544,0.0,124.16723210583704,0.98655248,0.8437742,1.904572181622538,True,0.8522081391332881,0.25313226000000005
870,6711,215.16176,873,3542.1211,1.6394954,3,56.12022,0.9543518933785372,1.0780985028715913,1895.9626601128157,1.0445319,0.93201071,0.0,True,0.981405895364976,1.0342721650101139
871,6516,214.57066,873,3551.8789,2.0163169,4,129.66676,0.9517315522900411,1.0741300752147893,1884.4288122740102,1.0509199,0.93262523,0.0,True,0.9814880566030288,1.0316786216503524
872,5802,243.39905,873,3131.1914,3.2217088,5,32.451279,1.0795186920747402,1.0765210101419262,2109.369823261109,1.0354842,0.9316597,0.0,True,1.066308344452318,1.0330626170993482
873,2315,203.47729,873,3745.5234,3.743082,5,104.04662,0.9025530520097149,0.9414857722571407,1576.5478469941988,1.0634196,0.95367748,0.0,True,0.9508130164068005,0.9451432845799985
874,0,216.6132,873,3518.3867,2.7158732,3,33.885963,0.9607861210667067,0.0,150.14482885206755,,,,False,0.9607861210667067,0.0
875,3112,203.75525,873,3740.4141,1.9524456,4,43.633633,0.9037852551239116,0.9775866926221967,1638.938637282866,1.0640208,0.96638465,0.0,True,0.9518559185867381,0.9742260798355376
876,0,166.37277,873,4580.8516,1.9949826,2,3.3180828,0.7380423756570743,0.0,115.32081644744825,,,,False,0.7380423756570743,0.0
877,0,203.56689,873,3743.875,1.0342273,2,11.95309,0.902950227155958,0.0,141.10181585885653,,,,False,0.902950227155958,0.0
878,0,295.29065,873,2580.9453,1.9753513,3,186.99124,1.3094890867986342,0.0,204.67988149321363,1.1028038,0.89146912,6.571216865575577,True,1.247483500759044,0.26744073600000007
879,0,237.75232,873,3205.5586,1.9691324,2,113.34311,1.0544900667279544,0.0,164.79735027958588,,,,False,1.0544900667279544,0.0
880,0,301.55197,873,2527.3555,3.7008867,4,39.115948,1.3372334107039614,0.0,209.0198977977972,1.1832039,1.281935,10.071096615915867,True,1.291024557492773,0.38458050000000005
881,0,303.11108,873,2514.3555,3.9784653,4,30.396524,1.34414182819074,0.0,210.10059049848005,1.1018605,0.79264897,7.34714712913198,True,1.271457429733518,0.23779469100000003
882,0,322.21762,873,2365.2617,3.3163395,4,44.062042,1.4287979576351122,0.0,223.34423482973585,1.1523732,1.0954443,4.316858372312388,True,1.3458705303445786,0.3286332900000001

metric,value
avg_local_nain,1.054863
avg_local_nach,0.822672
avg_citywide_nain,1.031138
avg_citywide_nach,0.807225
avg_blended_nain,1.046719
avg_blended_nach,0.806245
avg_segment_length,77.6873
blended_nain_nach_pearson_r,0.608393
blended_nain_nach_p_value,1.6238e-90
pct_citywide_matched,95.13
