  0
SECTION
  2
HEADER
  9
$ACADVER
  1
AC1015
  9
$ACADMAINTVER
 70
6
  9
$DWGCODEPAGE
  3
ANSI_1252
  9
$INSBASE
 10
0.0
 20
0.0
 30
0.0
  9
$EXTMIN
 10
1e+20
 20
1e+20
 30
1e+20
  9
$EXTMAX
 10
-1e+20
 20
-1e+20
 30
-1e+20
  9
$LIMMIN
 10
0.0
 20
0.0
  9
$LIMMAX
 10
420.0
 20
297.0
  9
$ORTHOMODE
 70
0
  9
$REGENMODE
 70
1
  9
$FILLMODE
 70
1
  9
$QTEXTMODE
 70
0
  9
$MIRRTEXT
 70
1
  9
$LTSCALE
 40
1.0
  9
$ATTMODE
 70
1
  9
$TEXTSIZE
 40
2.5
  9
$TRACEWID
 40
1.0
  9
$TEXTSTYLE
  7
Standard
  9
$CLAYER
  8
0
  9
$CELTYPE
  6
ByLayer
  9
$CECOLOR
 62
256
  9
$CELTSCALE
 40
1.0
  9
$DISPSILH
 70
0
  9
$DIMSCALE
 40
1.0
  9
$DIMASZ
 40
2.5
  9
$DIMEXO
 40
0.625
  9
$DIMDLI
 40
3.75
  9
$DIMRND
 40
0.0
  9
$DIMDLE
 40
0.0
  9
$DIMEXE
 40
1.25
  9
$DIMTP
 40
0.0
  9
$DIMTM
 40
0.0
  9
$DIMTXT
 40
2.5
  9
$DIMCEN
 40
2.5
  9
$DIMTSZ
 40
0.0
  9
$DIMTOL
 70
0
  9
$DIMLIM
 70
0
  9
$DIMTIH
 70
0
  9
$DIMTOH
 70
0
  9
$DIMSE1
 70
0
  9
$DIMSE2
 70
0
  9
$DIMTAD
 70
1
  9
$DIMZIN
 70
8
  9
$DIMBLK
  1

  9
$DIMASO
 70
1
  9
$DIMSHO
 70
1
  9
$DIMPOST
  1

  9
$DIMAPOST
  1

  9
$DIMALT
 70
0
  9
$DIMALTD
 70
3
  9
$DIMALTF
 40
0.03937007874
  9
$DIMLFAC
 40
1.0
  9
$DIMTOFL
 70
1
  9
$DIMTVP
 40
0.0
  9
$DIMTIX
 70
0
  9
$DIMSOXD
 70
0
  9
$DIMSAH
 70
0
  9
$DIMBLK1
  1

  9
$DIMBLK2
  1

  9
$DIMSTYLE
  2
ISO-25
  9
$DIMCLRD
 70
0
  9
$DIMCLRE
 70
0
  9
$DIMCLRT
 70
0
  9
$DIMTFAC
 40
1.0
  9
$DIMGAP
 40
0.625
  9
$DIMJUST
 70
0
  9
$DIMSD1
 70
0
  9
$DIMSD2
 70
0
  9
$DIMTOLJ
 70
0
  9
$DIMTZIN
 70
8
  9
$DIMALTZ
 70
0
  9
$DIMALTTZ
 70
0
  9
$DIMUPT
 70
0
  9
$DIMDEC
 70
2
  9
$DIMTDEC
 70
2
  9
$DIMALTU
 70
2
  9
$DIMALTTD
 70
3
  9
$DIMTXSTY
  7
Standard
  9
$DIMAUNIT
 70
0
  9
$DIMADEC
 70
0
  9
$DIMALTRND
 40
0.0
  9
$DIMAZIN
 70
0
  9
$DIMDSEP
 70
44
  9
$DIMATFIT
 70
3
  9
$DIMFRAC
 70
0
  9
$DIMLDRBLK
  1

  9
$DIMLUNIT
 70
2
  9
$DIMLWD
 70
-2
  9
$DIMLWE
 70
-2
  9
$DIMTMOVE
 70
0
  9
$LUNITS
 70
2
  9
$LUPREC
 70
4
  9
$SKETCHINC
 40
1.0
  9
$FILLETRAD
 40
10.0
  9
$AUNITS
 70
0
  9
$AUPREC
 70
2
  9
$MENU
  1
.
  9
$ELEVATION
 40
0.0
  9
$PELEVATION
 40
0.0
  9
$THICKNESS
 40
0.0
  9
$LIMCHECK
 70
0
  9
$CHAMFERA
 40
0.0
  9
$CHAMFERB
 40
0.0
  9
$CHAMFERC
 40
0.0
  9
$CHAMFERD
 40
0.0
  9
$SKPOLY
 70
0
  9
$TDCREATE
 40
2461229.0978819444
  9
$TDUCREATE
 40
2458532.153996898
  9
$TDUPDATE
 40
2461229.0978819444
  9
$TDUUPDATE
 40
2458532.1544311
  9
$TDINDWG
 40
0.0
  9
$TDUSRTIMER
 40
0.0
  9
$USRTIMER
 70
1
  9
$ANGBASE
 50
0.0
  9
$ANGDIR
 70
0
  9
$PDMODE
 70
0
  9
$PDSIZE
 40
0.0
  9
$PLINEWID
 40
0.0
  9
$SPLFRAME
 70
0
  9
$SPLINETYPE
 70
6
  9
$SPLINESEGS
 70
8
  9
$HANDSEED
  5
31C
  9
$SURFTAB1
 70
6
  9
$SURFTAB2
 70
6
  9
$SURFTYPE
 70
6
  9
$SURFU
 70
6
  9
$SURFV
 70
6
  9
$UCSBASE
  2

  9
$UCSNAME
  2

  9
$UCSORG
 10
0.0
 20
0.0
 30
0.0
  9
$UCSXDIR
 10
1.0
 20
0.0
 30
0.0
  9
$UCSYDIR
 10
0.0
 20
1.0
 30
0.0
  9
$UCSORTHOREF
  2

  9
$UCSORTHOVIEW
 70
0
  9
$UCSORGTOP
 10
0.0
 20
0.0
 30
0.0
  9
$UCSORGBOTTOM
 10
0.0
 20
0.0
 30
0.0
  9
$UCSORGLEFT
 10
0.0
 20
0.0
 30
0.0
  9
$UCSORGRIGHT
 10
0.0
 20
0.0
 30
0.0
  9
$UCSORGFRONT
 10
0.0
 20
0.0
 30
0.0
  9
$UCSORGBACK
 10
0.0
 20
0.0
 30
0.0
  9
$PUCSBASE
  2

  9
$PUCSNAME
  2

  9
$PUCSORG
 10
0.0
 20
0.0
 30
0.0
  9
$PUCSXDIR
 10
1.0
 20
0.0
 30
0.0
  9
$PUCSYDIR
 10
0.0
 20
1.0
 30
0.0
  9
$PUCSORTHOREF
  2

  9
$PUCSORTHOVIEW
 70
0
  9
$PUCSORGTOP
 10
0.0
 20
0.0
 30
0.0
  9
$PUCSORGBOTTOM
 10
0.0
 20
0.0
 30
0.0
  9
$PUCSORGLEFT
 10
0.0
 20
0.0
 30
0.0
  9
$PUCSORGRIGHT
 10
0.0
 20
0.0
 30
0.0
  9
$PUCSORGFRONT
 10
0.0
 20
0.0
 30
0.0
  9
$PUCSORGBACK
 10
0.0
 20
0.0
 30
0.0
  9
$USERI1
 70
0
  9
$USERI2
 70
0
  9
$USERI3
 70
0
  9
$USERI4
 70
0
  9
$USERI5
 70
0
  9
$USERR1
 40
0.0
  9
$USERR2
 40
0.0
  9
$USERR3
 40
0.0
  9
$USERR4
 40
0.0
  9
$USERR5
 40
0.0
  9
$WORLDVIEW
 70
1
  9
$SHADEDGE
 70
3
  9
$SHADEDIF
 70
70
  9
$TILEMODE
 70
1
  9
$MAXACTVP
 70
64
  9
$PINSBASE
 10
0.0
 20
0.0
 30
0.0
  9
$PLIMCHECK
 70
0
  9
$PEXTMIN
 10
1e+20
 20
1e+20
 30
1e+20
  9
$PEXTMAX
 10
-1e+20
 20
-1e+20
 30
-1e+20
  9
$PLIMMIN
 10
0.0
 20
0.0
  9
$PLIMMAX
 10
420.0
 20
297.0
  9
$UNITMODE
 70
0
  9
$VISRETAIN
 70
1
  9
$PLINEGEN
 70
0
  9
$PSLTSCALE
 70
1
  9
$TREEDEPTH
 70
3020
  9
$CMLSTYLE
  2
Standard
  9
$CMLJUST
 70
0
  9
$CMLSCALE
 40
20.0
  9
$PROXYGRAPHICS
 70
1
  9
$MEASUREMENT
 70
1
  9
$CELWEIGHT
370
-1
  9
$ENDCAPS
280
0
  9
$JOINSTYLE
280
0
  9
$LWDISPLAY
290
0
  9
$INSUNITS
 70
6
  9
$HYPERLINKBASE
  1

  9
$STYLESHEET
  1

  9
$XEDIT
290
1
  9
$CEPSNTYPE
380
0
  9
$PSTYLEMODE
290
1
  9
$FINGERPRINTGUID
  2
{DCDB0C03-9E05-40C5-9651-5235D2B96EB4}
  9
$VERSIONGUID
  2
{DBC67E78-7870-487C-B2BB-894E199AD745}
  9
$EXTNAMES
290
1
  9
$PSVPSCALE
 40
0.0
  9
$OLESTARTUP
290
0
  0
ENDSEC
  0
SECTION
  2
CLASSES
  0
CLASS
  1
ACDBDICTIONARYWDFLT
  2
AcDbDictionaryWithDefault
  3
ObjectDBX Classes
 90
0
280
0
281
0
  0
CLASS
  1
SUN
  2
AcDbSun
  3
SCENEOE
 90
1153
280
0
281
0
  0
CLASS
  1
VISUALSTYLE
  2
AcDbVisualStyle
  3
ObjectDBX Classes
 90
4095
280
0
281
0
  0
CLASS
  1
MATERIAL
  2
AcDbMaterial
  3
ObjectDBX Classes
 90
1153
280
0
281
0
  0
CLASS
  1
SCALE
  2
AcDbScale
  3
ObjectDBX Classes
 90
1153
280
0
281
0
  0
CLASS
  1
TABLESTYLE
  2
AcDbTableStyle
  3
ObjectDBX Classes
 90
4095
280
0
281
0
  0
CLASS
  1
MLEADERSTYLE
  2
AcDbMLeaderStyle
  3
ACDB_MLEADERSTYLE_CLASS
 90
4095
280
0
281
0
  0
CLASS
  1
DICTIONARYVAR
  2
AcDbDictionaryVar
  3
ObjectDBX Classes
 90
0
280
0
281
0
  0
CLASS
  1
CELLSTYLEMAP
  2
AcDbCellStyleMap
  3
ObjectDBX Classes
 90
1152
280
0
281
0
  0
CLASS
  1
MENTALRAYRENDERSETTINGS
  2
AcDbMentalRayRenderSettings
  3
SCENEOE
 90
1024
280
0
281
0
  0
CLASS
  1
ACDBDETAILVIEWSTYLE
  2
AcDbDetailViewStyle
  3
ObjectDBX Classes
 90
1025
280
0
281
0
  0
CLASS
  1
ACDBSECTIONVIEWSTYLE
  2
AcDbSectionViewStyle
  3
ObjectDBX Classes
 90
1025
280
0
281
0
  0
CLASS
  1
RASTERVARIABLES
  2
AcDbRasterVariables
  3
ISM
 90
0
280
0
281
0
  0
CLASS
  1
ACDBPLACEHOLDER
  2
AcDbPlaceHolder
  3
ObjectDBX Classes
 90
0
280
0
281
0
  0
CLASS
  1
LAYOUT
  2
AcDbLayout
  3
ObjectDBX Classes
 90
0
280
0
281
0
  0
ENDSEC
  0
SECTION
  2
TABLES
  0
TABLE
  2
VPORT
  5
8
330
0
100
AcDbSymbolTable
 70
1
  0
VPORT
  5
23
330
8
100
AcDbSymbolTableRecord
100
AcDbViewportTableRecord
  2
*Active
 70
0
 10
0.0
 20
0.0
 11
1.0
 21
1.0
 12
0.0
 22
0.0
 13
0.0
 23
0.0
 14
0.5
 24
0.5
 15
0.5
 25
0.5
 16
0.0
 26
0.0
 36
1.0
 17
0.0
 27
0.0
 37
0.0
 40
1000.0
 41
1.34
 42
50.0
 43
0.0
 44
0.0
 50
0.0
 51
0.0
 71
0
 72
1000
 73
1
 74
3
 75
0
 76
0
 77
0
 78
0
281
0
 65
0
146
0.0
  0
ENDTAB
  0
TABLE
  2
LTYPE
  5
2
330
0
100
AcDbSymbolTable
 70
3
  0
LTYPE
  5
24
330
2
100
AcDbSymbolTableRecord
100
AcDbLinetypeTableRecord
  2
ByBlock
 70
0
  3

 72
65
 73
0
 40
0.0
  0
LTYPE
  5
25
330
2
100
AcDbSymbolTableRecord
100
AcDbLinetypeTableRecord
  2
ByLayer
 70
0
  3

 72
65
 73
0
 40
0.0
  0
LTYPE
  5
26
330
2
100
AcDbSymbolTableRecord
100
AcDbLinetypeTableRecord
  2
Continuous
 70
0
  3

 72
65
 73
0
 40
0.0
  0
ENDTAB
  0
TABLE
  2
LAYER
  5
1
330
0
100
AcDbSymbolTable
 70
2
  0
LAYER
  5
27
330
1
100
AcDbSymbolTableRecord
100
AcDbLayerTableRecord
  2
0
 70
0
 62
7
  6
Continuous
370
-3
390
13
  0
LAYER
  5
28
330
1
100
AcDbSymbolTableRecord
100
AcDbLayerTableRecord
  2
Defpoints
 70
0
 62
7
  6
Continuous
290
0
370
-3
390
13
  0
ENDTAB
  0
TABLE
  2
STYLE
  5
5
330
0
100
AcDbSymbolTable
 70
1
  0
STYLE
  5
29
330
5
100
AcDbSymbolTableRecord
100
AcDbTextStyleTableRecord
  2
Standard
 70
0
 40
0.0
 41
1.0
 50
0.0
 71
0
 42
2.5
  3
txt
  4

  0
ENDTAB
  0
TABLE
  2
VIEW
  5
7
330
0
100
AcDbSymbolTable
 70
0
  0
ENDTAB
  0
TABLE
  2
UCS
  5
6
330
0
100
AcDbSymbolTable
 70
0
  0
ENDTAB
  0
TABLE
  2
APPID
  5
3
330
0
100
AcDbSymbolTable
 70
3
  0
APPID
  5
2A
330
3
100
AcDbSymbolTableRecord
100
AcDbRegAppTableRecord
  2
ACAD
 70
0
  0
APPID
  5
319
330
3
100
AcDbSymbolTableRecord
100
AcDbRegAppTableRecord
  2
HATCHBACKGROUNDCOLOR
 70
0
  0
APPID
  5
31A
330
3
100
AcDbSymbolTableRecord
100
AcDbRegAppTableRecord
  2
EZDXF
 70
0
  0
ENDTAB
  0
TABLE
  2
DIMSTYLE
  5
4
330
0
100
AcDbSymbolTable
 70
1
100
AcDbDimStyleTable
  0
DIMSTYLE
105
2B
330
4
100
AcDbSymbolTableRecord
100
AcDbDimStyleTableRecord
  2
Standard
 70
0
  3

  4

 40
1.0
 41
2.5
 42
0.625
 43
3.75
 44
1.25
 45
0.0
 46
0.0
 47
0.0
 48
0.0
140
2.5
141
2.5
142
0.0
143
0.03937007874
144
1.0
145
0.0
146
1.0
147
0.625
148
0.0
 71
0
 72
0
 73
0
 74
0
 75
0
 76
0
 77
1
 78
8
 79
3
170
0
171
3
172
1
173
0
174
0
175
0
176
0
177
0
178
0
179
2
271
2
272
2
273
2
274
3
275
0
276
0
277
2
278
44
279
0
280
0
281
0
282
0
283
0
284
8
285
0
286
0
288
0
289
3
371
-2
372
-2
  0
ENDTAB
  0
TABLE
  2
BLOCK_RECORD
  5
9
330
0
100
AcDbSymbolTable
 70
2
  0
BLOCK_RECORD
  5
17
330
9
100
AcDbSymbolTableRecord
100
AcDbBlockTableRecord
  2
*Model_Space
340
1A
  0
BLOCK_RECORD
  5
1B
330
9
100
AcDbSymbolTableRecord
100
AcDbBlockTableRecord
  2
*Paper_Space
340
1E
  0
ENDTAB
  0
ENDSEC
  0
SECTION
  2
BLOCKS
  0
BLOCK
  5
18
330
17
100
AcDbEntity
  8
0
100
AcDbBlockBegin
  2
*Model_Space
 70
0
 10
0.0
 20
0.0
 30
0.0
  3
*Model_Space
  1

  0
ENDBLK
  5
19
330
17
100
AcDbEntity
  8
0
100
AcDbBlockEnd
  0
BLOCK
  5
1C
330
1B
100
AcDbEntity
  8
0
100
AcDbBlockBegin
  2
*Paper_Space
 70
0
 10
0.0
 20
0.0
 30
0.0
  3
*Paper_Space
  1

  0
ENDBLK
  5
1D
330
1B
100
AcDbEntity
  8
0
100
AcDbBlockEnd
  0
ENDSEC
  0
SECTION
  2
ENTITIES
  0
LWPOLYLINE
  5
2F
330
17
100
AcDbEntity
  8
ROADS
100
AcDbPolyline
 90
2
 70
0
 10
629463.3039422769
 20
4836332.298570347
 10
629415.3508596056
 20
4836317.275762687
  0
LWPOLYLINE
  5
30
330
17
100
AcDbEntity
  8
ROADS
100
AcDbPolyline
 90
2
 70
0
 10
629156.8335345358
 20
4836394.014333128
 10
629139.2427761228
 20
4836449.942402857
  0
LWPOLYLINE
  5
31
330
17
100
AcDbEntity
  8
ROADS
100
AcDbPolyline
 90
2
 70
0
 10
629420.9283162884
 20
4836466.128581637
 10
629172.5709895408
 20
4836388.567699191
  0
LWPOLYLINE
  5
32
330
17
100
AcDbEntity
  8
ROADS
100
AcDbPolyline
 90
2
 70
0
 10
629139.2427761228
 20
4836449.942402857
 10
629106.3718665903
 20
4836458.774171225
  0
LWPOLYLINE
  5
33
330
17
100
AcDbEntity
  8
ROADS
100
AcDbPolyline
 90
2
 70
0
 10
629106.3718665903
 20
4836458.774171225
 10
629078.290989747
 20
4836466.958501482
  0
LWPOLYLINE
  5
34
330
17
100
AcDbEntity
  8
ROADS
100
AcDbPolyline
 90
2
 70
0
 10
629106.3718665903
 20
4836458.774171225
 10
629096.845666781
 20
4836469.645165598
  0
LWPOLYLINE
  5
35
330
17
100
AcDbEntity
  8
ROADS
100
AcDbPolyline
 90
2
 70
0
 10
629471.5532216781
 20
4836306.822299706
 10
629463.3039422769
 20
4836332.298570347
  0
LWPOLYLINE
  5
36
330
17
100
AcDbEntity
  8
ROADS
100
AcDbPolyline
 90
2
 70
0
 10
629715.9616342182
 20
4836410.823156591
 10
629463.3039422769
 20
4836332.298570347
  0
LWPOLYLINE
  5
37
330
17
100
AcDbEntity
  8
ROADS
100
AcDbPolyline
 90
2
 70
0
 10
629463.3039422769
 20
4836332.298570347
 10
629434.154686773
 20
4836427.111047035
  0
LWPOLYLINE
  5
38
330
17
100
AcDbEntity
  8
ROADS
100
AcDbPolyline
 90
2
 70
0
 10
629434.154686773
 20
4836427.111047035
 10
629420.9283162884
 20
4836466.128581637
  0
LWPOLYLINE
  5
39
330
17
100
AcDbEntity
  8
ROADS
100
AcDbPolyline
 90
2
 70
0
 10
629729.3150990766
 20
4836484.352704126
 10
629636.0865837933
 20
4836455.872089353
  0
LWPOLYLINE
  5
3A
330
17
100
AcDbEntity
  8
ROADS
100
AcDbPolyline
 90
2
 70
0
 10
629719.9670322866
 20
4836515.347836934
 10
629434.154686773
 20
4836427.111047035
  0
LWPOLYLINE
  5
3B
330
17
100
AcDbEntity
  8
ROADS
100
AcDbPolyline
 90
2
 70
0
 10
629420.9283162884
 20
4836466.128581637
 10
629404.9395826258
 20
4836516.216926023
  0
LWPOLYLINE
  5
3C
330
17
100
AcDbEntity
  8
ROADS
100
AcDbPolyline
 90
2
 70
0
 10
629547.8739362423
 20
4836559.548292394
 10
629404.9395826258
 20
4836516.216926023
  0
LWPOLYLINE
  5
3D
330
17
100
AcDbEntity
  8
ROADS
100
AcDbPolyline
 90
2
 70
0
 10
629719.9670322866
 20
4836515.347836934
 10
629690.8611247966
 20
4836604.551265996
  0
LWPOLYLINE
  5
3E
330
17
100
AcDbEntity
  8
ROADS
100
AcDbPolyline
 90
2
 70
0
 10
629690.8611247966
 20
4836604.551265996
 10
629547.8739362423
 20
4836559.548292394
  0
LWPOLYLINE
  5
3F
330
17
100
AcDbEntity
  8
ROADS
100
AcDbPolyline
 90
2
 70
0
 10
629547.8739362423
 20
4836559.548292394
 10
629520.6509889015
 20
4836645.830016966
  0
LWPOLYLINE
  5
40
330
17
100
AcDbEntity
  8
ROADS
100
AcDbPolyline
 90
2
 70
0
 10
629558.266435303
 20
4836657.562961077
 10
629574.1278294652
 20
4836608.379360117
  0
LWPOLYLINE
  5
41
330
17
100
AcDbEntity
  8
ROADS
100
AcDbPolyline
 90
2
 70
0
 10
629558.266435303
 20
4836657.562961077
 10
629520.6509889015
 20
4836645.830016966
  0
LWPOLYLINE
  5
42
330
17
100
AcDbEntity
  8
ROADS
100
AcDbPolyline
 90
2
 70
0
 10
629106.3718665903
 20
4836458.774171225
 10
629106.4852602399
 20
4836475.123827314
  0
LWPOLYLINE
  5
43
330
17
100
AcDbEntity
  8
ROADS
100
AcDbPolyline
 90
2
 70
0
 10
629096.845666781
 20
4836469.645165598
 10
629078.290989747
 20
4836466.958501482
  0
LWPOLYLINE
  5
44
330
17
100
AcDbEntity
  8
ROADS
100
AcDbPolyline
 90
2
 70
0
 10
629096.845666781
 20
4836469.645165598
 10
629106.4852602399
 20
4836475.123827314
  0
LWPOLYLINE
  5
45
330
17
100
AcDbEntity
  8
ROADS
100
AcDbPolyline
 90
2
 70
0
 10
629139.2427761228
 20
4836449.942402857
 10
629126.6806137539
 20
4836503.994929444
  0
LWPOLYLINE
  5
46
330
17
100
AcDbEntity
  8
ROADS
100
AcDbPolyline
 90
2
 70
0
 10
629106.4852602399
 20
4836475.123827314
 10
629126.6806137539
 20
4836503.994929444
  0
LWPOLYLINE
  5
47
330
17
100
AcDbEntity
  8
ROADS
100
AcDbPolyline
 90
2
 70
0
 10
629126.6806137539
 20
4836503.994929444
 10
629071.2540956095
 20
4836486.947619087
  0
LWPOLYLINE
  5
48
330
17
100
AcDbEntity
  8
ROADS
100
AcDbPolyline
 90
2
 70
0
 10
629383.4944991956
 20
4836584.30584177
 10
629126.6806137539
 20
4836503.994929444
  0
LWPOLYLINE
  5
49
330
17
100
AcDbEntity
  8
ROADS
100
AcDbPolyline
 90
2
 70
0
 10
629404.9395826258
 20
4836516.216926023
 10
629383.4944991956
 20
4836584.30584177
  0
LWPOLYLINE
  5
4A
330
17
100
AcDbEntity
  8
ROADS
100
AcDbPolyline
 90
2
 70
0
 10
629126.6806137539
 20
4836503.994929444
 10
629103.7398535075
 20
4836605.106979359
  0
LWPOLYLINE
  5
4B
330
17
100
AcDbEntity
  8
ROADS
100
AcDbPolyline
 90
2
 70
0
 10
629383.4944991956
 20
4836584.30584177
 10
629351.8311380984
 20
4836682.457044974
  0
LWPOLYLINE
  5
4C
330
17
100
AcDbEntity
  8
ROADS
100
AcDbPolyline
 90
2
 70
0
 10
629033.2112574703
 20
4836475.514002857
 10
629005.5581935241
 20
4836466.794000727
  0
LWPOLYLINE
  5
4D
330
17
100
AcDbEntity
  8
ROADS
100
AcDbPolyline
 90
2
 70
0
 10
629078.290989747
 20
4836466.958501482
 10
629071.2540956095
 20
4836486.947619087
  0
LWPOLYLINE
  5
4E
330
17
100
AcDbEntity
  8
ROADS
100
AcDbPolyline
 90
2
 70
0
 10
629071.2540956095
 20
4836486.947619087
 10
629033.2112574703
 20
4836475.514002857
  0
LWPOLYLINE
  5
4F
330
17
100
AcDbEntity
  8
ROADS
100
AcDbPolyline
 90
2
 70
0
 10
628892.0391715331
 20
4836548.896329916
 10
628809.9114536701
 20
4836793.844820203
  0
LWPOLYLINE
  5
50
330
17
100
AcDbEntity
  8
ROADS
100
AcDbPolyline
 90
2
 70
0
 10
629033.2112574703
 20
4836475.514002857
 10
628921.9906209264
 20
4836828.096704336
  0
LWPOLYLINE
  5
51
330
17
100
AcDbEntity
  8
ROADS
100
AcDbPolyline
 90
2
 70
0
 10
629077.0768524484
 20
4836688.408509099
 10
629052.3753202498
 20
4836765.8280955525
  0
LWPOLYLINE
  5
52
330
17
100
AcDbEntity
  8
ROADS
100
AcDbPolyline
 90
2
 70
0
 10
629052.3753202498
 20
4836765.8280955525
 10
629028.7612922871
 20
4836839.241064872
  0
LWPOLYLINE
  5
53
330
17
100
AcDbEntity
  8
ROADS
100
AcDbPolyline
 90
2
 70
0
 10
630023.4530617475
 20
4836609.93277983
 10
629925.0002645163
 20
4836577.62737793
  0
LWPOLYLINE
  5
54
330
17
100
AcDbEntity
  8
ROADS
100
AcDbPolyline
 90
2
 70
0
 10
629925.0002645163
 20
4836577.62737793
 10
629914.4915319143
 20
4836610.202650966
  0
LWPOLYLINE
  5
55
330
17
100
AcDbEntity
  8
ROADS
100
AcDbPolyline
 90
2
 70
0
 10
629914.4915319143
 20
4836610.202650966
 10
629903.6108819406
 20
4836606.988691424
  0
LWPOLYLINE
  5
56
330
17
100
AcDbEntity
  8
ROADS
100
AcDbPolyline
 90
2
 70
0
 10
629733.421158703
 20
4836617.599206394
 10
629690.8611247966
 20
4836604.551265996
  0
LWPOLYLINE
  5
57
330
17
100
AcDbEntity
  8
ROADS
100
AcDbPolyline
 90
2
 70
0
 10
630023.4530617475
 20
4836609.93277983
 10
630018.3631262738
 20
4836627.717999384
  0
LWPOLYLINE
  5
58
330
17
100
AcDbEntity
  8
ROADS
100
AcDbPolyline
 90
2
 70
0
 10
629778.1529231329
 20
4836631.4449730795
 10
629733.421158703
 20
4836617.599206394
  0
LWPOLYLINE
  5
59
330
17
100
AcDbEntity
  8
ROADS
100
AcDbPolyline
 90
3
 70
0
 10
629940.9863932577
 20
4836682.76379677
 10
629959.5716833484
 20
4836624.029721654
 10
629914.4915319143
 20
4836610.202650966
  0
LWPOLYLINE
  5
5A
330
17
100
AcDbEntity
  8
ROADS
100
AcDbPolyline
 90
2
 70
0
 10
629920.4056092261
 20
4836676.367220201
 10
629778.1529231329
 20
4836631.4449730795
  0
LWPOLYLINE
  5
5B
330
17
100
AcDbEntity
  8
ROADS
100
AcDbPolyline
 90
2
 70
0
 10
630018.3631262738
 20
4836627.717999384
 10
629995.363917696
 20
4836699.09516371
  0
LWPOLYLINE
  5
5C
330
17
100
AcDbEntity
  8
ROADS
100
AcDbPolyline
 90
2
 70
0
 10
629778.1529231329
 20
4836631.4449730795
 10
629750.1068041432
 20
4836715.684725363
  0
LWPOLYLINE
  5
5D
330
17
100
AcDbEntity
  8
ROADS
100
AcDbPolyline
 90
2
 70
0
 10
629351.8311380984
 20
4836682.457044974
 10
629103.7398535075
 20
4836605.106979359
  0
LWPOLYLINE
  5
5E
330
17
100
AcDbEntity
  8
ROADS
100
AcDbPolyline
 90
2
 70
0
 10
629103.7398535075
 20
4836605.106979359
 10
629077.0768524484
 20
4836688.408509099
  0
LWPOLYLINE
  5
5F
330
17
100
AcDbEntity
  8
ROADS
100
AcDbPolyline
 90
2
 70
0
 10
629351.8311380984
 20
4836682.457044974
 10
629326.375749819
 20
4836766.612024607
  0
LWPOLYLINE
  5
60
330
17
100
AcDbEntity
  8
ROADS
100
AcDbPolyline
 90
2
 70
0
 10
629077.0768524484
 20
4836688.408509099
 10
629326.375749819
 20
4836766.612024607
  0
LWPOLYLINE
  5
61
330
17
100
AcDbEntity
  8
ROADS
100
AcDbPolyline
 90
2
 70
0
 10
629302.7666235197
 20
4836841.909771299
 10
629052.3753202498
 20
4836765.8280955525
  0
LWPOLYLINE
  5
62
330
17
100
AcDbEntity
  8
ROADS
100
AcDbPolyline
 90
2
 70
0
 10
629326.375749819
 20
4836766.612024607
 10
629302.7666235197
 20
4836841.909771299
  0
LWPOLYLINE
  5
63
330
17
100
AcDbEntity
  8
ROADS
100
AcDbPolyline
 90
2
 70
0
 10
629302.7666235197
 20
4836841.909771299
 10
629292.8692781851
 20
4836873.082935292
  0
LWPOLYLINE
  5
64
330
17
100
AcDbEntity
  8
ROADS
100
AcDbPolyline
 90
2
 70
0
 10
629234.8175660147
 20
4836902.712263141
 10
629028.7612922871
 20
4836839.241064872
  0
LWPOLYLINE
  5
65
330
17
100
AcDbEntity
  8
ROADS
100
AcDbPolyline
 90
2
 70
0
 10
629234.8175660147
 20
4836902.712263141
 10
629244.7194012555
 20
4836869.687060508
  0
LWPOLYLINE
  5
66
330
17
100
AcDbEntity
  8
ROADS
100
AcDbPolyline
 90
2
 70
0
 10
629292.8692781851
 20
4836873.082935292
 10
629279.2332925603
 20
4836915.9462922085
  0
LWPOLYLINE
  5
67
330
17
100
AcDbEntity
  8
ROADS
100
AcDbPolyline
 90
2
 70
0
 10
629746.8995352627
 20
4836312.251478326
 10
629740.6710943213
 20
4836331.580408322
  0
LWPOLYLINE
  5
68
330
17
100
AcDbEntity
  8
ROADS
100
AcDbPolyline
 90
2
 70
0
 10
629740.6710943213
 20
4836331.580408322
 10
629681.1701441625
 20
4836312.931319198
  0
LWPOLYLINE
  5
69
330
17
100
AcDbEntity
  8
ROADS
100
AcDbPolyline
 90
2
 70
0
 10
629800.1478800569
 20
4836349.520017545
 10
629740.6710943213
 20
4836331.580408322
  0
LWPOLYLINE
  5
6A
330
17
100
AcDbEntity
  8
ROADS
100
AcDbPolyline
 90
2
 70
0
 10
630004.2779341767
 20
4836328.185236019
 10
629982.355171143
 20
4836398.050799828
  0
LWPOLYLINE
  5
6B
330
17
100
AcDbEntity
  8
ROADS
100
AcDbPolyline
 90
2
 70
0
 10
629879.5027077614
 20
4836314.011657825
 10
629836.8661079749
 20
4836449.037843539
  0
LWPOLYLINE
  5
6C
330
17
100
AcDbEntity
  8
ROADS
100
AcDbPolyline
 90
2
 70
0
 10
630148.3855258318
 20
4836357.294300973
 10
630134.119025506
 20
4836398.373788546
  0
LWPOLYLINE
  5
6D
330
17
100
AcDbEntity
  8
ROADS
100
AcDbPolyline
 90
2
 70
0
 10
630108.1907928562
 20
4836346.007182947
 10
630085.3180673476
 20
4836418.644873122
  0
LWPOLYLINE
  5
6E
330
17
100
AcDbEntity
  8
ROADS
100
AcDbPolyline
 90
2
 70
0
 10
630085.3180673476
 20
4836418.644873122
 10
630375.9082259069
 20
4836509.20937049
  0
LWPOLYLINE
  5
6F
330
17
100
AcDbEntity
  8
ROADS
100
AcDbPolyline
 90
2
 70
0
 10
629740.6710943213
 20
4836331.580408322
 10
629715.9616342182
 20
4836410.823156591
  0
LWPOLYLINE
  5
70
330
17
100
AcDbEntity
  8
ROADS
100
AcDbPolyline
 90
2
 70
0
 10
629748.837113693
 20
4836422.482374216
 10
629715.9616342182
 20
4836410.823156591
  0
LWPOLYLINE
  5
71
330
17
100
AcDbEntity
  8
ROADS
100
AcDbPolyline
 90
2
 70
0
 10
629982.355171143
 20
4836398.050799828
 10
629970.8654765394
 20
4836436.317746995
  0
LWPOLYLINE
  5
72
330
17
100
AcDbEntity
  8
ROADS
100
AcDbPolyline
 90
4
 70
0
 10
629982.355171143
 20
4836398.050799828
 10
630035.2922924194
 20
4836414.787107612
 10
630022.9400914176
 20
4836452.525428409
 10
629970.8654765394
 20
4836436.317746995
  0
LWPOLYLINE
  5
73
330
17
100
AcDbEntity
  8
ROADS
100
AcDbPolyline
 90
2
 70
0
 10
629836.8661079749
 20
4836449.037843539
 10
629748.837113693
 20
4836422.482374216
  0
LWPOLYLINE
  5
74
330
17
100
AcDbEntity
  8
ROADS
100
AcDbPolyline
 90
2
 70
0
 10
629748.837113693
 20
4836422.482374216
 10
629729.3150990766
 20
4836484.352704126
  0
LWPOLYLINE
  5
75
330
17
100
AcDbEntity
  8
ROADS
100
AcDbPolyline
 90
2
 70
0
 10
629970.8654765394
 20
4836436.317746995
 10
629955.2249829586
 20
4836483.738284385
  0
LWPOLYLINE
  5
76
330
17
100
AcDbEntity
  8
ROADS
100
AcDbPolyline
 90
2
 70
0
 10
629955.2249829586
 20
4836483.738284385
 10
629836.8661079749
 20
4836449.037843539
  0
LWPOLYLINE
  5
77
330
17
100
AcDbEntity
  8
ROADS
100
AcDbPolyline
 90
2
 70
0
 10
629836.8661079749
 20
4836449.037843539
 10
629817.4252786919
 20
4836511.893224886
  0
LWPOLYLINE
  5
78
330
17
100
AcDbEntity
  8
ROADS
100
AcDbPolyline
 90
2
 70
0
 10
630004.8304378045
 20
4836496.184063568
 10
629955.2249829586
 20
4836483.738284385
  0
LWPOLYLINE
  5
79
330
17
100
AcDbEntity
  8
ROADS
100
AcDbPolyline
 90
2
 70
0
 10
629817.4252786919
 20
4836511.893224886
 10
629729.3150990766
 20
4836484.352704126
  0
LWPOLYLINE
  5
7A
330
17
100
AcDbEntity
  8
ROADS
100
AcDbPolyline
 90
2
 70
0
 10
629729.3150990766
 20
4836484.352704126
 10
629719.9670322866
 20
4836515.347836934
  0
LWPOLYLINE
  5
7B
330
17
100
AcDbEntity
  8
ROADS
100
AcDbPolyline
 90
2
 70
0
 10
630052.880545222
 20
4836511.076896752
 10
630004.8304378045
 20
4836496.184063568
  0
LWPOLYLINE
  5
7C
330
17
100
AcDbEntity
  8
ROADS
100
AcDbPolyline
 90
2
 70
0
 10
629817.4252786919
 20
4836511.893224886
 10
629807.4837680428
 20
4836542.689121219
  0
LWPOLYLINE
  5
7D
330
17
100
AcDbEntity
  8
ROADS
100
AcDbPolyline
 90
2
 70
0
 10
629807.4837680428
 20
4836542.689121219
 10
629719.9670322866
 20
4836515.347836934
  0
LWPOLYLINE
  5
7E
330
17
100
AcDbEntity
  8
ROADS
100
AcDbPolyline
 90
3
 70
0
 10
630004.8304378045
 20
4836496.184063568
 10
629983.4251950654
 20
4836562.482697278
 10
629817.4252786919
 20
4836511.893224886
  0
LWPOLYLINE
  5
7F
330
17
100
AcDbEntity
  8
ROADS
100
AcDbPolyline
 90
2
 70
0
 10
629925.0002645163
 20
4836577.62737793
 10
629807.4837680428
 20
4836542.689121219
  0
LWPOLYLINE
  5
80
330
17
100
AcDbEntity
  8
ROADS
100
AcDbPolyline
 90
2
 70
0
 10
630052.880545222
 20
4836511.076896752
 10
630023.4530617475
 20
4836609.93277983
  0
LWPOLYLINE
  5
81
330
17
100
AcDbEntity
  8
ROADS
100
AcDbPolyline
 90
2
 70
0
 10
629807.4837680428
 20
4836542.689121219
 10
629778.1529231329
 20
4836631.4449730795
  0
LWPOLYLINE
  5
82
330
17
100
AcDbEntity
  8
ROADS
100
AcDbPolyline
 90
2
 70
0
 10
629733.421158703
 20
4836617.599206394
 10
629750.2585832204
 20
4836557.356456249
  0
LWPOLYLINE
  5
83
330
17
100
AcDbEntity
  8
ROADS
100
AcDbPolyline
 90
2
 70
0
 10
630387.5051320996
 20
4836473.577749696
 10
630375.9082259069
 20
4836509.20937049
  0
LWPOLYLINE
  5
84
330
17
100
AcDbEntity
  8
ROADS
100
AcDbPolyline
 90
2
 70
0
 10
630375.9082259069
 20
4836509.20937049
 10
630464.4176261718
 20
4836536.813033739
  0
LWPOLYLINE
  5
85
330
17
100
AcDbEntity
  8
ROADS
100
AcDbPolyline
 90
2
 70
0
 10
630561.1747615128
 20
4836643.703698052
 10
630551.4612028588
 20
4836674.609409453
  0
LWPOLYLINE
  5
86
330
17
100
AcDbEntity
  8
ROADS
100
AcDbPolyline
 90
2
 70
0
 10
630406.439823867
 20
4836628.482935832
 10
630551.4612028588
 20
4836674.609409453
  0
LWPOLYLINE
  5
87
330
17
100
AcDbEntity
  8
ROADS
100
AcDbPolyline
 90
2
 70
0
 10
630085.3180673476
 20
4836418.644873122
 10
630052.880545222
 20
4836511.076896752
  0
LWPOLYLINE
  5
88
330
17
100
AcDbEntity
  8
ROADS
100
AcDbPolyline
 90
2
 70
0
 10
630052.880545222
 20
4836511.076896752
 10
630259.5052375449
 20
4836579.321692634
  0
LWPOLYLINE
  5
89
330
17
100
AcDbEntity
  8
ROADS
100
AcDbPolyline
 90
2
 70
0
 10
630375.9082259069
 20
4836509.20937049
 10
630343.5579995029
 20
4836607.844487026
  0
LWPOLYLINE
  5
8A
330
17
100
AcDbEntity
  8
ROADS
100
AcDbPolyline
 90
2
 70
0
 10
630259.5052375449
 20
4836579.321692634
 10
630343.5579995029
 20
4836607.844487026
  0
LWPOLYLINE
  5
8B
330
17
100
AcDbEntity
  8
ROADS
100
AcDbPolyline
 90
2
 70
0
 10
630343.5579995029
 20
4836607.844487026
 10
630406.439823867
 20
4836628.482935832
  0
LWPOLYLINE
  5
8C
330
17
100
AcDbEntity
  8
ROADS
100
AcDbPolyline
 90
2
 70
0
 10
630259.5052375449
 20
4836579.321692634
 10
630223.1200294563
 20
4836689.470627747
  0
LWPOLYLINE
  5
8D
330
17
100
AcDbEntity
  8
ROADS
100
AcDbPolyline
 90
2
 70
0
 10
630018.3631262738
 20
4836627.717999384
 10
630127.7469036954
 20
4836662.557249695
  0
LWPOLYLINE
  5
8E
330
17
100
AcDbEntity
  8
ROADS
100
AcDbPolyline
 90
2
 70
0
 10
630343.5579995029
 20
4836607.844487026
 10
630307.6366385573
 20
4836717.200777475
  0
LWPOLYLINE
  5
8F
330
17
100
AcDbEntity
  8
ROADS
100
AcDbPolyline
 90
2
 70
0
 10
630127.7469036954
 20
4836662.557249695
 10
630223.1200294563
 20
4836689.470627747
  0
LWPOLYLINE
  5
90
330
17
100
AcDbEntity
  8
ROADS
100
AcDbPolyline
 90
3
 70
0
 10
630307.6366385573
 20
4836717.200777475
 10
630366.0614015105
 20
4836733.759363133
 10
630406.439823867
 20
4836628.482935832
  0
LWPOLYLINE
  5
91
330
17
100
AcDbEntity
  8
ROADS
100
AcDbPolyline
 90
2
 70
0
 10
630223.1200294563
 20
4836689.470627747
 10
630237.0573773482
 20
4836693.81994274
  0
LWPOLYLINE
  5
92
330
17
100
AcDbEntity
  8
ROADS
100
AcDbPolyline
 90
2
 70
0
 10
630237.0573773482
 20
4836693.81994274
 10
630260.1004883922
 20
4836701.011104874
  0
LWPOLYLINE
  5
93
330
17
100
AcDbEntity
  8
ROADS
100
AcDbPolyline
 90
4
 70
0
 10
630260.1004883922
 20
4836701.011104874
 10
630240.1298873118
 20
4836715.2070168825
 10
630227.9945514742
 20
4836705.941934939
 10
630237.0573773482
 20
4836693.81994274
  0
LWPOLYLINE
  5
94
330
17
100
AcDbEntity
  8
ROADS
100
AcDbPolyline
 90
2
 70
0
 10
630260.1004883922
 20
4836701.011104874
 10
630307.6366385573
 20
4836717.200777475
  0
LWPOLYLINE
  5
95
330
17
100
AcDbEntity
  8
ROADS
100
AcDbPolyline
 90
2
 70
0
 10
630223.1200294563
 20
4836689.470627747
 10
630212.2236274357
 20
4836730.818539208
  0
LWPOLYLINE
  5
96
330
17
100
AcDbEntity
  8
ROADS
100
AcDbPolyline
 90
2
 70
0
 10
630098.6595085752
 20
4836757.922545253
 10
630127.7469036954
 20
4836662.557249695
  0
LWPOLYLINE
  5
97
330
17
100
AcDbEntity
  8
ROADS
100
AcDbPolyline
 90
2
 70
0
 10
630175.8539025792
 20
4836725.185521752
 10
630125.5655244067
 20
4836708.418049019
  0
LWPOLYLINE
  5
98
330
17
100
AcDbEntity
  8
ROADS
100
AcDbPolyline
 90
2
 70
0
 10
630307.6366385573
 20
4836717.200777475
 10
630296.8164410249
 20
4836726.902823481
  0
LWPOLYLINE
  5
99
330
17
100
AcDbEntity
  8
ROADS
100
AcDbPolyline
 90
2
 70
0
 10
630212.2236274357
 20
4836730.818539208
 10
630175.8539025792
 20
4836725.185521752
  0
LWPOLYLINE
  5
9A
330
17
100
AcDbEntity
  8
ROADS
100
AcDbPolyline
 90
3
 70
0
 10
630307.6366385573
 20
4836717.200777475
 10
630317.9808342811
 20
4836725.692420435
 10
630308.6045645168
 20
4836742.649091571
  0
LWPOLYLINE
  5
9B
330
17
100
AcDbEntity
  8
ROADS
100
AcDbPolyline
 90
2
 70
0
 10
629940.9863932577
 20
4836682.76379677
 10
629920.4056092261
 20
4836676.367220201
  0
LWPOLYLINE
  5
9C
330
17
100
AcDbEntity
  8
ROADS
100
AcDbPolyline
 90
2
 70
0
 10
629995.363917696
 20
4836699.09516371
 10
629940.9863932577
 20
4836682.76379677
  0
LWPOLYLINE
  5
9D
330
17
100
AcDbEntity
  8
ROADS
100
AcDbPolyline
 90
2
 70
0
 10
629920.4056092261
 20
4836676.367220201
 10
629903.5985678901
 20
4836726.908865457
  0
LWPOLYLINE
  5
9E
330
17
100
AcDbEntity
  8
ROADS
100
AcDbPolyline
 90
2
 70
0
 10
629995.363917696
 20
4836699.09516371
 10
629986.8820888961
 20
4836724.382577327
  0
LWPOLYLINE
  5
9F
330
17
100
AcDbEntity
  8
ROADS
100
AcDbPolyline
 90
2
 70
0
 10
629912.2973020014
 20
4836764.951816329
 10
629750.1068041432
 20
4836715.684725363
  0
LWPOLYLINE
  5
A0
330
17
100
AcDbEntity
  8
ROADS
100
AcDbPolyline
 90
2
 70
0
 10
629986.8820888961
 20
4836724.382577327
 10
630098.6595085752
 20
4836757.922545253
  0
LWPOLYLINE
  5
A1
330
17
100
AcDbEntity
  8
ROADS
100
AcDbPolyline
 90
2
 70
0
 10
629750.1068041432
 20
4836715.684725363
 10
629730.5741118392
 20
4836769.017252843
  0
LWPOLYLINE
  5
A2
330
17
100
AcDbEntity
  8
ROADS
100
AcDbPolyline
 90
2
 70
0
 10
629912.2973020014
 20
4836764.951816329
 10
629921.1189607821
 20
4836737.905430711
  0
LWPOLYLINE
  5
A3
330
17
100
AcDbEntity
  8
ROADS
100
AcDbPolyline
 90
2
 70
0
 10
629986.8820888961
 20
4836724.382577327
 10
629967.0739271633
 20
4836782.329485189
  0
LWPOLYLINE
  5
A4
330
17
100
AcDbEntity
  8
ROADS
100
AcDbPolyline
 90
2
 70
0
 10
629967.0739271633
 20
4836782.329485189
 10
629912.2973020014
 20
4836764.951816329
  0
LWPOLYLINE
  5
A5
330
17
100
AcDbEntity
  8
ROADS
100
AcDbPolyline
 90
2
 70
0
 10
630551.4612028588
 20
4836674.609409453
 10
630590.6575898916
 20
4836686.169661923
  0
LWPOLYLINE
  5
A6
330
17
100
AcDbEntity
  8
ROADS
100
AcDbPolyline
 90
2
 70
0
 10
630632.3076732323
 20
4836757.311430036
 10
630630.1705933006
 20
4836767.040249019
  0
LWPOLYLINE
  5
A7
330
17
100
AcDbEntity
  8
ROADS
100
AcDbPolyline
 90
2
 70
0
 10
630635.7637084919
 20
4836763.470909679
 10
630630.1705933006
 20
4836767.040249019
  0
LWPOLYLINE
  5
A8
330
17
100
AcDbEntity
  8
ROADS
100
AcDbPolyline
 90
2
 70
0
 10
630630.1705933006
 20
4836767.040249019
 10
630613.9348107583
 20
4836846.767932117
  0
LWPOLYLINE
  5
A9
330
17
100
AcDbEntity
  8
ROADS
100
AcDbPolyline
 90
2
 70
0
 10
630613.9348107583
 20
4836846.767932117
 10
630672.2248919734
 20
4836848.630326766
  0
LWPOLYLINE
  5
AA
330
17
100
AcDbEntity
  8
ROADS
100
AcDbPolyline
 90
2
 70
0
 10
630270.4435334988
 20
4836882.255010918
 10
630613.9348107583
 20
4836846.767932117
  0
LWPOLYLINE
  5
AB
330
17
100
AcDbEntity
  8
ROADS
100
AcDbPolyline
 90
3
 70
0
 10
630613.9348107583
 20
4836846.767932117
 10
630298.0304782534
 20
4836868.761875269
 10
630270.4435334988
 20
4836882.255010918
  0
LWPOLYLINE
  5
AC
330
17
100
AcDbEntity
  8
ROADS
100
AcDbPolyline
 90
2
 70
0
 10
630296.8164410249
 20
4836726.902823481
 10
630249.5499756155
 20
4836740.790163269
  0
LWPOLYLINE
  5
AD
330
17
100
AcDbEntity
  8
ROADS
100
AcDbPolyline
 90
2
 70
0
 10
630296.8164410249
 20
4836726.902823481
 10
630308.6045645168
 20
4836742.649091571
  0
LWPOLYLINE
  5
AE
330
17
100
AcDbEntity
  8
ROADS
100
AcDbPolyline
 90
2
 70
0
 10
630249.5499756155
 20
4836740.790163269
 10
630212.2236274357
 20
4836730.818539208
  0
LWPOLYLINE
  5
AF
330
17
100
AcDbEntity
  8
ROADS
100
AcDbPolyline
 90
2
 70
0
 10
630175.8539025792
 20
4836725.185521752
 10
630098.6595085752
 20
4836757.922545253
  0
LWPOLYLINE
  5
B0
330
17
100
AcDbEntity
  8
ROADS
100
AcDbPolyline
 90
2
 70
0
 10
630212.2236274357
 20
4836730.818539208
 10
630202.7383211573
 20
4836762.709292311
  0
LWPOLYLINE
  5
B1
330
17
100
AcDbEntity
  8
ROADS
100
AcDbPolyline
 90
2
 70
0
 10
630249.5499756155
 20
4836740.790163269
 10
630298.9156358968
 20
4836753.059642331
  0
LWPOLYLINE
  5
B2
330
17
100
AcDbEntity
  8
ROADS
100
AcDbPolyline
 90
2
 70
0
 10
630308.6045645168
 20
4836742.649091571
 10
630298.9156358968
 20
4836753.059642331
  0
LWPOLYLINE
  5
B3
330
17
100
AcDbEntity
  8
ROADS
100
AcDbPolyline
 90
2
 70
0
 10
630298.9156358968
 20
4836753.059642331
 10
630326.8868635905
 20
4836761.4530035285
  0
LWPOLYLINE
  5
B4
330
17
100
AcDbEntity
  8
ROADS
100
AcDbPolyline
 90
2
 70
0
 10
630249.5499756155
 20
4836740.790163269
 10
630238.8144953137
 20
4836775.312501409
  0
LWPOLYLINE
  5
B5
330
17
100
AcDbEntity
  8
ROADS
100
AcDbPolyline
 90
2
 70
0
 10
630098.6595085752
 20
4836757.922545253
 10
630178.5444279221
 20
4836761.004707845
  0
LWPOLYLINE
  5
B6
330
17
100
AcDbEntity
  8
ROADS
100
AcDbPolyline
 90
2
 70
0
 10
630178.5444279221
 20
4836761.004707845
 10
630202.7383211573
 20
4836762.709292311
  0
LWPOLYLINE
  5
B7
330
17
100
AcDbEntity
  8
ROADS
100
AcDbPolyline
 90
2
 70
0
 10
630202.7383211573
 20
4836762.709292311
 10
630238.8144953137
 20
4836775.312501409
  0
LWPOLYLINE
  5
B8
330
17
100
AcDbEntity
  8
ROADS
100
AcDbPolyline
 90
2
 70
0
 10
630098.6595085752
 20
4836757.922545253
 10
630105.6449499871
 20
4836791.550727969
  0
LWPOLYLINE
  5
B9
330
17
100
AcDbEntity
  8
ROADS
100
AcDbPolyline
 90
2
 70
0
 10
630238.8144953137
 20
4836775.312501409
 10
630322.5798522017
 20
4836799.209816986
  0
LWPOLYLINE
  5
BA
330
17
100
AcDbEntity
  8
ROADS
100
AcDbPolyline
 90
2
 70
0
 10
630178.5444279221
 20
4836761.004707845
 10
630178.6756999041
 20
4836834.545291355
  0
LWPOLYLINE
  5
BB
330
17
100
AcDbEntity
  8
ROADS
100
AcDbPolyline
 90
2
 70
0
 10
630202.7383211573
 20
4836762.709292311
 10
630241.1016223363
 20
4836833.245971353
  0
LWPOLYLINE
  5
BC
330
17
100
AcDbEntity
  8
ROADS
100
AcDbPolyline
 90
2
 70
0
 10
630322.5798522017
 20
4836799.209816986
 10
630352.0040819431
 20
4836808.272503107
  0
LWPOLYLINE
  5
BD
330
17
100
AcDbEntity
  8
ROADS
100
AcDbPolyline
 90
2
 70
0
 10
630322.5798522017
 20
4836799.209816986
 10
630312.0799139126
 20
4836836.329604969
  0
LWPOLYLINE
  5
BE
330
17
100
AcDbEntity
  8
ROADS
100
AcDbPolyline
 90
2
 70
0
 10
630241.1016223363
 20
4836833.245971353
 10
630270.4435334988
 20
4836882.255010918
  0
LWPOLYLINE
  5
BF
330
17
100
AcDbEntity
  8
ROADS
100
AcDbPolyline
 90
2
 70
0
 10
630241.1016223363
 20
4836833.245971353
 10
630179.561359116
 20
4836886.663998239
  0
LWPOLYLINE
  5
C0
330
17
100
AcDbEntity
  8
ROADS
100
AcDbPolyline
 90
2
 70
0
 10
630098.6595085752
 20
4836757.922545253
 10
629960.2270555142
 20
4836803.422163052
  0
LWPOLYLINE
  5
C1
330
17
100
AcDbEntity
  8
ROADS
100
AcDbPolyline
 90
3
 70
0
 10
629730.5741118392
 20
4836769.017252843
 10
629695.1108229059
 20
4836775.146444594
 10
629724.6863193884
 20
4836799.621918829
  0
LWPOLYLINE
  5
C2
330
17
100
AcDbEntity
  8
ROADS
100
AcDbPolyline
 90
2
 70
0
 10
629730.5741118392
 20
4836769.017252843
 10
629724.6863193884
 20
4836799.621918829
  0
LWPOLYLINE
  5
C3
330
17
100
AcDbEntity
  8
ROADS
100
AcDbPolyline
 90
2
 70
0
 10
629967.0739271633
 20
4836782.329485189
 10
629960.2270555142
 20
4836803.422163052
  0
LWPOLYLINE
  5
C4
330
17
100
AcDbEntity
  8
ROADS
100
AcDbPolyline
 90
2
 70
0
 10
629960.2270555142
 20
4836803.422163052
 10
629834.6539049284
 20
4836807.036838031
  0
LWPOLYLINE
  5
C5
330
17
100
AcDbEntity
  8
ROADS
100
AcDbPolyline
 90
2
 70
0
 10
629724.6863193884
 20
4836799.621918829
 10
629732.385195228
 20
4836824.821879472
  0
LWPOLYLINE
  5
C6
330
17
100
AcDbEntity
  8
ROADS
100
AcDbPolyline
 90
2
 70
0
 10
629834.6539049284
 20
4836807.036838031
 10
629732.385195228
 20
4836824.821879472
  0
LWPOLYLINE
  5
C7
330
17
100
AcDbEntity
  8
ROADS
100
AcDbPolyline
 90
2
 70
0
 10
629732.385195228
 20
4836824.821879472
 10
629696.4061796193
 20
4836861.848884777
  0
LWPOLYLINE
  5
C8
330
17
100
AcDbEntity
  8
ROADS
100
AcDbPolyline
 90
2
 70
0
 10
629696.4061796193
 20
4836861.848884777
 10
629755.04330793
 20
4836880.317440246
  0
LWPOLYLINE
  5
C9
330
17
100
AcDbEntity
  8
ROADS
100
AcDbPolyline
 90
2
 70
0
 10
629834.6539049284
 20
4836807.036838031
 10
629782.3924235773
 20
4836949.932815623
  0
LWPOLYLINE
  5
CA
330
17
100
AcDbEntity
  8
ROADS
100
AcDbPolyline
 90
2
 70
0
 10
629960.2270555142
 20
4836803.422163052
 10
629892.2064416313
 20
4837025.01474494
  0
LWPOLYLINE
  5
CB
330
17
100
AcDbEntity
  8
ROADS
100
AcDbPolyline
 90
2
 70
0
 10
629782.3924235773
 20
4836949.932815623
 10
629698.1121380386
 20
4836923.46600912
  0
LWPOLYLINE
  5
CC
330
17
100
AcDbEntity
  8
ROADS
100
AcDbPolyline
 90
2
 70
0
 10
629782.3924235773
 20
4836949.932815623
 10
629769.5324350747
 20
4836986.050794417
  0
LWPOLYLINE
  5
CD
330
17
100
AcDbEntity
  8
ROADS
100
AcDbPolyline
 90
6
 70
0
 10
629912.575192608
 20
4837121.581826275
 10
629976.0138607915
 20
4837116.675621144
 10
630010.8919310534
 20
4836990.386423308
 10
630038.2792635328
 20
4836946.287542118
 10
630078.2927671932
 20
4836915.279883768
 10
630160.1183376905
 20
4836888.690574064
  0
LWPOLYLINE
  5
CE
330
17
100
AcDbEntity
  8
ROADS
100
AcDbPolyline
 90
2
 70
0
 10
629892.2064416313
 20
4837025.01474494
 10
629769.5324350747
 20
4836986.050794417
  0
LWPOLYLINE
  5
CF
330
17
100
AcDbEntity
  8
ROADS
100
AcDbPolyline
 90
2
 70
0
 10
629769.5324350747
 20
4836986.050794417
 10
629753.4622468366
 20
4837032.066411265
  0
LWPOLYLINE
  5
D0
330
17
100
AcDbEntity
  8
ROADS
100
AcDbPolyline
 90
2
 70
0
 10
629922.6269437108
 20
4837087.762217982
 10
629959.5250734647
 20
4837001.405367834
  0
LWPOLYLINE
  5
D1
330
17
100
AcDbEntity
  8
ROADS
100
AcDbPolyline
 90
2
 70
0
 10
629753.4622468366
 20
4837032.066411265
 10
629742.5930861349
 20
4837063.611064975
  0
LWPOLYLINE
  5
D2
330
17
100
AcDbEntity
  8
ROADS
100
AcDbPolyline
 90
2
 70
0
 10
629892.2064416313
 20
4837025.01474494
 10
629875.7632200266
 20
4837071.859689556
  0
LWPOLYLINE
  5
D3
330
17
100
AcDbEntity
  8
ROADS
100
AcDbPolyline
 90
3
 70
0
 10
629753.4622468366
 20
4837032.066411265
 10
629830.4808875967
 20
4837055.720744405
 10
629820.004963555
 20
4837088.91263034
  0
LWPOLYLINE
  5
D4
330
17
100
AcDbEntity
  8
ROADS
100
AcDbPolyline
 90
2
 70
0
 10
630082.3471205995
 20
4836857.926147764
 10
630160.1183376905
 20
4836888.690574064
  0
LWPOLYLINE
  5
D5
330
17
100
AcDbEntity
  8
ROADS
100
AcDbPolyline
 90
2
 70
0
 10
630179.561359116
 20
4836886.663998239
 10
630270.4435334988
 20
4836882.255010918
  0
LWPOLYLINE
  5
D6
330
17
100
AcDbEntity
  8
ROADS
100
AcDbPolyline
 90
2
 70
0
 10
630160.1183376905
 20
4836888.690574064
 10
630179.561359116
 20
4836886.663998239
  0
LWPOLYLINE
  5
D7
330
17
100
AcDbEntity
  8
ROADS
100
AcDbPolyline
 90
2
 70
0
 10
630270.4435334988
 20
4836882.255010918
 10
630320.9096351893
 20
4836973.754056666
  0
LWPOLYLINE
  5
D8
330
17
100
AcDbEntity
  8
ROADS
100
AcDbPolyline
 90
3
 70
0
 10
630027.9795174823
 20
4837082.664902581
 10
630048.7412069666
 20
4836968.56328598
 10
630160.1183376905
 20
4836888.690574064
  0
LWPOLYLINE
  5
D9
330
17
100
AcDbEntity
  8
ROADS
100
AcDbPolyline
 90
3
 70
0
 10
630198.078946992
 20
4836954.22962315
 10
630237.3373962241
 20
4836977.033119727
 10
630257.7003947883
 20
4837019.696360626
  0
LWPOLYLINE
  5
DA
330
17
100
AcDbEntity
  8
ROADS
100
AcDbPolyline
 90
2
 70
0
 10
630320.9096351893
 20
4836973.754056666
 10
630257.7003947883
 20
4837019.696360626
  0
LWPOLYLINE
  5
DB
330
17
100
AcDbEntity
  8
ROADS
100
AcDbPolyline
 90
2
 70
0
 10
630320.9096351893
 20
4836973.754056666
 10
630372.1427408339
 20
4837073.882115908
  0
LWPOLYLINE
  5
DC
330
17
100
AcDbEntity
  8
ROADS
100
AcDbPolyline
 90
3
 70
0
 10
630257.7003947883
 20
4837019.696360626
 10
630189.9033513638
 20
4837034.585487016
 10
630160.9945455849
 20
4837084.565285645
  0
LWPOLYLINE
  5
DD
330
17
100
AcDbEntity
  8
ROADS
100
AcDbPolyline
 90
3
 70
0
 10
630372.1427408339
 20
4837073.882115908
 10
630277.3644288033
 20
4837102.6698358925
 10
630240.4227874059
 20
4837151.004269444
  0
LWPOLYLINE
  5
DE
330
17
100
AcDbEntity
  8
ROADS
100
AcDbPolyline
 90
2
 70
0
 10
630613.9348107583
 20
4836846.767932117
 10
630575.4312105976
 20
4837000.557295034
  0
LWPOLYLINE
  5
DF
330
17
100
AcDbEntity
  8
ROADS
100
AcDbPolyline
 90
2
 70
0
 10
630503.092332375
 20
4836979.247713787
 10
630575.4312105976
 20
4837000.557295034
  0
LWPOLYLINE
  5
E0
330
17
100
AcDbEntity
  8
ROADS
100
AcDbPolyline
 90
2
 70
0
 10
630575.4312105976
 20
4837000.557295034
 10
630717.249410477
 20
4837046.125091712
  0
LWPOLYLINE
  5
E1
330
17
100
AcDbEntity
  8
ROADS
100
AcDbPolyline
 90
2
 70
0
 10
630575.4312105976
 20
4837000.557295034
 10
630539.8127026958
 20
4837144.67159814
  0
LWPOLYLINE
  5
E2
330
17
100
AcDbEntity
  8
ROADS
100
AcDbPolyline
 90
2
 70
0
 10
630372.1427408339
 20
4837073.882115908
 10
630415.3299996918
 20
4837158.539607529
  0
LWPOLYLINE
  5
E3
330
17
100
AcDbEntity
  8
ROADS
100
AcDbPolyline
 90
3
 70
0
 10
630415.3299996918
 20
4837158.539607529
 10
630465.308825967
 20
4837126.06403274
 10
630539.8127026958
 20
4837144.67159814
  0
LWPOLYLINE
  5
E4
330
17
100
AcDbEntity
  8
ROADS
100
AcDbPolyline
 90
2
 70
0
 10
630717.1214334657
 20
4837204.186579673
 10
630708.0741506747
 20
4837232.473077981
  0
LWPOLYLINE
  5
E5
330
17
100
AcDbEntity
  8
ROADS
100
AcDbPolyline
 90
2
 70
0
 10
630539.8127026958
 20
4837144.67159814
 10
630532.9353937448
 20
4837187.796339212
  0
LWPOLYLINE
  5
E6
330
17
100
AcDbEntity
  8
ROADS
100
AcDbPolyline
 90
2
 70
0
 10
630415.3299996918
 20
4837158.539607529
 10
630468.8588310715
 20
4837222.523144815
  0
LWPOLYLINE
  5
E7
330
17
100
AcDbEntity
  8
ROADS
100
AcDbPolyline
 90
2
 70
0
 10
630532.9353937448
 20
4837187.796339212
 10
630625.738316017
 20
4837217.977656744
  0
LWPOLYLINE
  5
E8
330
17
100
AcDbEntity
  8
ROADS
100
AcDbPolyline
 90
3
 70
0
 10
630468.8588310715
 20
4837222.523144815
 10
630490.8411170501
 20
4837197.653863501
 10
630532.9353937448
 20
4837187.796339212
  0
LWPOLYLINE
  5
E9
330
17
100
AcDbEntity
  8
ROADS
100
AcDbPolyline
 90
2
 70
0
 10
630625.738316017
 20
4837217.977656744
 10
630708.0741506747
 20
4837232.473077981
  0
LWPOLYLINE
  5
EA
330
17
100
AcDbEntity
  8
ROADS
100
AcDbPolyline
 90
2
 70
0
 10
630446.0991647652
 20
4837250.396580795
 10
630468.8588310715
 20
4837222.523144815
  0
LWPOLYLINE
  5
EB
330
17
100
AcDbEntity
  8
ROADS
100
AcDbPolyline
 90
3
 70
0
 10
630625.738316017
 20
4837217.977656744
 10
630625.5435111686
 20
4837258.612067712
 10
630604.9154969662
 20
4837279.710572656
  0
LWPOLYLINE
  5
EC
330
17
100
AcDbEntity
  8
ROADS
100
AcDbPolyline
 90
2
 70
0
 10
630446.0991647652
 20
4837250.396580795
 10
630491.9869354737
 20
4837273.92805946
  0
LWPOLYLINE
  5
ED
330
17
100
AcDbEntity
  8
ROADS
100
AcDbPolyline
 90
2
 70
0
 10
630708.0741506747
 20
4837232.473077981
 10
630712.7603087039
 20
4837235.882496667
  0
LWPOLYLINE
  5
EE
330
17
100
AcDbEntity
  8
ROADS
100
AcDbPolyline
 90
2
 70
0
 10
630604.9154969662
 20
4837279.710572656
 10
630687.0762354647
 20
4837304.88311478
  0
LWPOLYLINE
  5
EF
330
17
100
AcDbEntity
  8
ROADS
100
AcDbPolyline
 90
2
 70
0
 10
628809.9114536701
 20
4836793.844820203
 10
628715.653497969
 20
4836764.965351425
  0
LWPOLYLINE
  5
F0
330
17
100
AcDbEntity
  8
ROADS
100
AcDbPolyline
 90
2
 70
0
 10
628809.9114536701
 20
4836793.844820203
 10
628713.8611124976
 20
4836987.403932817
  0
LWPOLYLINE
  5
F1
330
17
100
AcDbEntity
  8
ROADS
100
AcDbPolyline
 90
4
 70
0
 10
628901.3829651594
 20
4836822.083677
 10
628870.5375402626
 20
4836904.561457985
 10
628791.467639677
 20
4837007.569584075
 10
628713.8611124976
 20
4836987.403932817
  0
LWPOLYLINE
  5
F2
330
17
100
AcDbEntity
  8
ROADS
100
AcDbPolyline
 90
2
 70
0
 10
628640.9730462024
 20
4837065.83514599
 10
628701.0283226864
 20
4836878.895675414
  0
LWPOLYLINE
  5
F3
330
17
100
AcDbEntity
  8
ROADS
100
AcDbPolyline
 90
2
 70
0
 10
628713.8611124976
 20
4836987.403932817
 10
628686.3539131396
 20
4837080.055692417
  0
LWPOLYLINE
  5
F4
330
17
100
AcDbEntity
  8
ROADS
100
AcDbPolyline
 90
2
 70
0
 10
628640.9730462024
 20
4837065.83514599
 10
628610.9462940721
 20
4837056.471411775
  0
LWPOLYLINE
  5
F5
330
17
100
AcDbEntity
  8
ROADS
100
AcDbPolyline
 90
2
 70
0
 10
628686.3539131396
 20
4837080.055692417
 10
628640.9730462024
 20
4837065.83514599
  0
LWPOLYLINE
  5
F6
330
17
100
AcDbEntity
  8
ROADS
100
AcDbPolyline
 90
2
 70
0
 10
628768.5586584092
 20
4837105.036832597
 10
628686.3539131396
 20
4837080.055692417
  0
LWPOLYLINE
  5
F7
330
17
100
AcDbEntity
  8
ROADS
100
AcDbPolyline
 90
2
 70
0
 10
628743.9869187243
 20
4837167.477668132
 10
628600.672633663
 20
4837123.375032258
  0
LWPOLYLINE
  5
F8
330
17
100
AcDbEntity
  8
ROADS
100
AcDbPolyline
 90
2
 70
0
 10
628824.0435218746
 20
4837126.042550484
 10
628768.5586584092
 20
4837105.036832597
  0
LWPOLYLINE
  5
F9
330
17
100
AcDbEntity
  8
ROADS
100
AcDbPolyline
 90
2
 70
0
 10
628768.5586584092
 20
4837105.036832597
 10
628743.9869187243
 20
4837167.477668132
  0
LWPOLYLINE
  5
FA
330
17
100
AcDbEntity
  8
ROADS
100
AcDbPolyline
 90
2
 70
0
 10
628676.9073693738
 20
4837200.994903875
 10
628596.7929291587
 20
4837175.176847755
  0
LWPOLYLINE
  5
FB
330
17
100
AcDbEntity
  8
ROADS
100
AcDbPolyline
 90
2
 70
0
 10
628743.9869187243
 20
4837167.477668132
 10
628733.594639711
 20
4837216.949039112
  0
LWPOLYLINE
  5
FC
330
17
100
AcDbEntity
  8
ROADS
100
AcDbPolyline
 90
2
 70
0
 10
628733.594639711
 20
4837216.949039112
 10
628676.9073693738
 20
4837200.994903875
  0
LWPOLYLINE
  5
FD
330
17
100
AcDbEntity
  8
ROADS
100
AcDbPolyline
 90
2
 70
0
 10
628796.659765778
 20
4837242.502151377
 10
628733.594639711
 20
4837216.949039112
  0
LWPOLYLINE
  5
FE
330
17
100
AcDbEntity
  8
ROADS
100
AcDbPolyline
 90
2
 70
0
 10
628733.594639711
 20
4837216.949039112
 10
628739.014403369
 20
4837265.259261298
  0
LWPOLYLINE
  5
FF
330
17
100
AcDbEntity
  8
ROADS
100
AcDbPolyline
 90
2
 70
0
 10
628796.659765778
 20
4837242.502151377
 10
628792.4242585683
 20
4837255.565432261
  0
LWPOLYLINE
  5
100
330
17
100
AcDbEntity
  8
ROADS
100
AcDbPolyline
 90
2
 70
0
 10
628676.9073693738
 20
4837200.994903875
 10
628597.6877336755
 20
4837278.09643318
  0
LWPOLYLINE
  5
101
330
17
100
AcDbEntity
  8
ROADS
100
AcDbPolyline
 90
2
 70
0
 10
628739.014403369
 20
4837265.259261298
 10
628663.855709083
 20
4837348.4686777545
  0
LWPOLYLINE
  5
102
330
17
100
AcDbEntity
  8
ROADS
100
AcDbPolyline
 90
2
 70
0
 10
628739.014403369
 20
4837265.259261298
 10
628716.113744302
 20
4837355.571152758
  0
LWPOLYLINE
  5
103
330
17
100
AcDbEntity
  8
ROADS
100
AcDbPolyline
 90
2
 70
0
 10
629750.1068041432
 20
4836715.684725363
 10
629558.266435303
 20
4836657.562961077
  0
LWPOLYLINE
  5
104
330
17
100
AcDbEntity
  8
ROADS
100
AcDbPolyline
 90
2
 70
0
 10
629520.6509889015
 20
4836645.830016966
 10
629461.8426999424
 20
4836830.949408081
  0
LWPOLYLINE
  5
105
330
17
100
AcDbEntity
  8
ROADS
100
AcDbPolyline
 90
2
 70
0
 10
629639.1344113097
 20
4836885.17591783
 10
629461.8426999424
 20
4836830.949408081
  0
LWPOLYLINE
  5
106
330
17
100
AcDbEntity
  8
ROADS
100
AcDbPolyline
 90
2
 70
0
 10
629639.1344113097
 20
4836885.17591783
 10
629649.3670374892
 20
4836848.403396518
  0
LWPOLYLINE
  5
107
330
17
100
AcDbEntity
  8
ROADS
100
AcDbPolyline
 90
2
 70
0
 10
629461.8426999424
 20
4836830.949408081
 10
629434.6154054616
 20
4836916.361951359
  0
LWPOLYLINE
  5
108
330
17
100
AcDbEntity
  8
ROADS
100
AcDbPolyline
 90
2
 70
0
 10
629696.4061796193
 20
4836861.848884777
 10
629673.8225860551
 20
4836895.806885454
  0
LWPOLYLINE
  5
109
330
17
100
AcDbEntity
  8
ROADS
100
AcDbPolyline
 90
2
 70
0
 10
629673.8225860551
 20
4836895.806885454
 10
629639.1344113097
 20
4836885.17591783
  0
LWPOLYLINE
  5
10A
330
17
100
AcDbEntity
  8
ROADS
100
AcDbPolyline
 90
2
 70
0
 10
629673.8225860551
 20
4836895.806885454
 10
629662.4391105268
 20
4836913.044244259
  0
LWPOLYLINE
  5
10B
330
17
100
AcDbEntity
  8
ROADS
100
AcDbPolyline
 90
2
 70
0
 10
629698.1121380386
 20
4836923.46600912
 10
629662.4391105268
 20
4836913.044244259
  0
LWPOLYLINE
  5
10C
330
17
100
AcDbEntity
  8
ROADS
100
AcDbPolyline
 90
2
 70
0
 10
629628.5530399071
 20
4836940.459412149
 10
629495.8058053213
 20
4836898.48817032
  0
LWPOLYLINE
  5
10D
330
17
100
AcDbEntity
  8
ROADS
100
AcDbPolyline
 90
2
 70
0
 10
628901.3829651594
 20
4836822.083677
 10
628809.9114536701
 20
4836793.844820203
  0
LWPOLYLINE
  5
10E
330
17
100
AcDbEntity
  8
ROADS
100
AcDbPolyline
 90
2
 70
0
 10
628921.9906209264
 20
4836828.096704336
 10
628901.3829651594
 20
4836822.083677
  0
LWPOLYLINE
  5
10F
330
17
100
AcDbEntity
  8
ROADS
100
AcDbPolyline
 90
2
 70
0
 10
629028.7612922871
 20
4836839.241064872
 10
628921.9906209264
 20
4836828.096704336
  0
LWPOLYLINE
  5
110
330
17
100
AcDbEntity
  8
ROADS
100
AcDbPolyline
 90
2
 70
0
 10
629028.7612922871
 20
4836839.241064872
 10
628991.5168211835
 20
4836951.422167143
  0
LWPOLYLINE
  5
111
330
17
100
AcDbEntity
  8
ROADS
100
AcDbPolyline
 90
2
 70
0
 10
629133.0119115713
 20
4836959.549759192
 10
628991.5168211835
 20
4836951.422167143
  0
LWPOLYLINE
  5
112
330
17
100
AcDbEntity
  8
ROADS
100
AcDbPolyline
 90
2
 70
0
 10
628991.5168211835
 20
4836951.422167143
 10
628986.6115829045
 20
4837002.433903056
  0
LWPOLYLINE
  5
113
330
17
100
AcDbEntity
  8
ROADS
100
AcDbPolyline
 90
2
 70
0
 10
628986.6115829045
 20
4837002.433903056
 10
628985.5903432398
 20
4837016.711397588
  0
LWPOLYLINE
  5
114
330
17
100
AcDbEntity
  8
ROADS
100
AcDbPolyline
 90
3
 70
0
 10
628991.5168211835
 20
4836951.422167143
 10
628918.3108338238
 20
4836977.501191956
 10
628768.5586584092
 20
4837105.036832597
  0
LWPOLYLINE
  5
115
330
17
100
AcDbEntity
  8
ROADS
100
AcDbPolyline
 90
2
 70
0
 10
629176.6119249668
 20
4837072.861334709
 10
628985.5903432398
 20
4837016.711397588
  0
LWPOLYLINE
  5
116
330
17
100
AcDbEntity
  8
ROADS
100
AcDbPolyline
 90
2
 70
0
 10
628985.5903432398
 20
4837016.711397588
 10
628957.566653481
 20
4837100.317282558
  0
LWPOLYLINE
  5
117
330
17
100
AcDbEntity
  8
ROADS
100
AcDbPolyline
 90
2
 70
0
 10
629662.4391105268
 20
4836913.044244259
 10
629628.5530399071
 20
4836940.459412149
  0
LWPOLYLINE
  5
118
330
17
100
AcDbEntity
  8
ROADS
100
AcDbPolyline
 90
2
 70
0
 10
629698.1121380386
 20
4836923.46600912
 10
629692.9761019989
 20
4836938.933212419
  0
LWPOLYLINE
  5
119
330
17
100
AcDbEntity
  8
ROADS
100
AcDbPolyline
 90
2
 70
0
 10
629512.8585621868
 20
4836969.85243332
 10
629534.7918783926
 20
4836947.465493202
  0
LWPOLYLINE
  5
11A
330
17
100
AcDbEntity
  8
ROADS
100
AcDbPolyline
 90
2
 70
0
 10
629628.5530399071
 20
4836940.459412149
 10
629576.2947253578
 20
4836978.436093001
  0
LWPOLYLINE
  5
11B
330
17
100
AcDbEntity
  8
ROADS
100
AcDbPolyline
 90
2
 70
0
 10
629512.8585621868
 20
4836969.85243332
 10
629484.1027191646
 20
4836951.650211629
  0
LWPOLYLINE
  5
11C
330
17
100
AcDbEntity
  8
ROADS
100
AcDbPolyline
 90
2
 70
0
 10
629434.6154054616
 20
4836916.361951359
 10
629395.672721243
 20
4837039.356214936
  0
LWPOLYLINE
  5
11D
330
17
100
AcDbEntity
  8
ROADS
100
AcDbPolyline
 90
2
 70
0
 10
629548.607506035
 20
4836999.412892774
 10
629512.8585621868
 20
4836969.85243332
  0
LWPOLYLINE
  5
11E
330
17
100
AcDbEntity
  8
ROADS
100
AcDbPolyline
 90
2
 70
0
 10
629576.2947253578
 20
4836978.436093001
 10
629548.607506035
 20
4836999.412892774
  0
LWPOLYLINE
  5
11F
330
17
100
AcDbEntity
  8
ROADS
100
AcDbPolyline
 90
2
 70
0
 10
629576.2947253578
 20
4836978.436093001
 10
629589.5334759733
 20
4837016.438105322
  0
LWPOLYLINE
  5
120
330
17
100
AcDbEntity
  8
ROADS
100
AcDbPolyline
 90
2
 70
0
 10
629589.5334759733
 20
4837016.438105322
 10
629548.607506035
 20
4836999.412892774
  0
LWPOLYLINE
  5
121
330
17
100
AcDbEntity
  8
ROADS
100
AcDbPolyline
 90
2
 70
0
 10
629434.6154054616
 20
4836916.361951359
 10
629292.8692781851
 20
4836873.082935292
  0
LWPOLYLINE
  5
122
330
17
100
AcDbEntity
  8
ROADS
100
AcDbPolyline
 90
2
 70
0
 10
629279.2332925603
 20
4836915.9462922085
 10
629234.8175660147
 20
4836902.712263141
  0
LWPOLYLINE
  5
123
330
17
100
AcDbEntity
  8
ROADS
100
AcDbPolyline
 90
3
 70
0
 10
629133.0119115713
 20
4836959.549759192
 10
629145.3069470782
 20
4836922.043038573
 10
629158.1860208745
 20
4836924.797106048
  0
LWPOLYLINE
  5
124
330
17
100
AcDbEntity
  8
ROADS
100
AcDbPolyline
 90
2
 70
0
 10
629279.2332925603
 20
4836915.9462922085
 10
629254.4649944513
 20
4836992.74065977
  0
LWPOLYLINE
  5
125
330
17
100
AcDbEntity
  8
ROADS
100
AcDbPolyline
 90
2
 70
0
 10
629254.4649944513
 20
4836992.74065977
 10
629133.0119115713
 20
4836959.549759192
  0
LWPOLYLINE
  5
126
330
17
100
AcDbEntity
  8
ROADS
100
AcDbPolyline
 90
2
 70
0
 10
629254.4649944513
 20
4836992.74065977
 10
629239.7702296171
 20
4837039.071097839
  0
LWPOLYLINE
  5
127
330
17
100
AcDbEntity
  8
ROADS
100
AcDbPolyline
 90
2
 70
0
 10
629395.672721243
 20
4837039.356214936
 10
629254.4649944513
 20
4836992.74065977
  0
LWPOLYLINE
  5
128
330
17
100
AcDbEntity
  8
ROADS
100
AcDbPolyline
 90
3
 70
0
 10
629239.7702296171
 20
4837039.071097839
 10
629154.7066761688
 20
4837015.038977763
 10
629154.2054737428
 20
4837026.459022507
  0
LWPOLYLINE
  5
129
330
17
100
AcDbEntity
  8
ROADS
100
AcDbPolyline
 90
2
 70
0
 10
629239.7702296171
 20
4837039.071097839
 10
629224.7448275764
 20
4837086.983660785
  0
LWPOLYLINE
  5
12A
330
17
100
AcDbEntity
  8
ROADS
100
AcDbPolyline
 90
3
 70
0
 10
629431.3883032802
 20
4837102.061343392
 10
629283.7280586656
 20
4837056.445147594
 10
629270.110069587
 20
4837098.25675003
  0
LWPOLYLINE
  5
12B
330
17
100
AcDbEntity
  8
ROADS
100
AcDbPolyline
 90
2
 70
0
 10
629548.607506035
 20
4836999.412892774
 10
629469.638304151
 20
4837047.56825739
  0
LWPOLYLINE
  5
12C
330
17
100
AcDbEntity
  8
ROADS
100
AcDbPolyline
 90
2
 70
0
 10
629666.33942064
 20
4837040.4045995325
 10
629589.5334759733
 20
4837016.438105322
  0
LWPOLYLINE
  5
12D
330
17
100
AcDbEntity
  8
ROADS
100
AcDbPolyline
 90
2
 70
0
 10
629469.638304151
 20
4837047.56825739
 10
629395.672721243
 20
4837039.356214936
  0
LWPOLYLINE
  5
12E
330
17
100
AcDbEntity
  8
ROADS
100
AcDbPolyline
 90
2
 70
0
 10
629483.5262348552
 20
4837051.606663116
 10
629469.638304151
 20
4837047.56825739
  0
LWPOLYLINE
  5
12F
330
17
100
AcDbEntity
  8
ROADS
100
AcDbPolyline
 90
2
 70
0
 10
629742.5930861349
 20
4837063.611064975
 10
629666.33942064
 20
4837040.4045995325
  0
LWPOLYLINE
  5
130
330
17
100
AcDbEntity
  8
ROADS
100
AcDbPolyline
 90
2
 70
0
 10
629666.33942064
 20
4837040.4045995325
 10
629639.8681211732
 20
4837099.824715943
  0
LWPOLYLINE
  5
131
330
17
100
AcDbEntity
  8
ROADS
100
AcDbPolyline
 90
3
 70
0
 10
629483.5262348552
 20
4837051.606663116
 10
629467.069348685
 20
4837099.81639592
 10
629435.4728597682
 20
4837090.377400808
  0
LWPOLYLINE
  5
132
330
17
100
AcDbEntity
  8
ROADS
100
AcDbPolyline
 90
2
 70
0
 10
629639.8681211732
 20
4837099.824715943
 10
629483.5262348552
 20
4837051.606663116
  0
LWPOLYLINE
  5
133
330
17
100
AcDbEntity
  8
ROADS
100
AcDbPolyline
 90
3
 70
0
 10
629627.20206493
 20
4837108.074584992
 10
629597.5299906057
 20
4837096.241217779
 10
629603.7813033347
 20
4837111.179290686
  0
LWPOLYLINE
  5
134
330
17
100
AcDbEntity
  8
ROADS
100
AcDbPolyline
 90
2
 70
0
 10
629639.8681211732
 20
4837099.824715943
 10
629627.20206493
 20
4837108.074584992
  0
LWPOLYLINE
  5
135
330
17
100
AcDbEntity
  8
ROADS
100
AcDbPolyline
 90
2
 70
0
 10
629820.004963555
 20
4837088.91263034
 10
629742.5930861349
 20
4837063.611064975
  0
LWPOLYLINE
  5
136
330
17
100
AcDbEntity
  8
ROADS
100
AcDbPolyline
 90
2
 70
0
 10
629875.7632200266
 20
4837071.859689556
 10
629922.6269437108
 20
4837087.762217982
  0
LWPOLYLINE
  5
137
330
17
100
AcDbEntity
  8
ROADS
100
AcDbPolyline
 90
2
 70
0
 10
629875.7632200266
 20
4837071.859689556
 10
629864.0291375683
 20
4837103.20269944
  0
LWPOLYLINE
  5
138
330
17
100
AcDbEntity
  8
ROADS
100
AcDbPolyline
 90
2
 70
0
 10
629864.0291375683
 20
4837103.20269944
 10
629820.004963555
 20
4837088.91263034
  0
LWPOLYLINE
  5
139
330
17
100
AcDbEntity
  8
ROADS
100
AcDbPolyline
 90
2
 70
0
 10
629922.6269437108
 20
4837087.762217982
 10
629912.575192608
 20
4837121.581826275
  0
LWPOLYLINE
  5
13A
330
17
100
AcDbEntity
  8
ROADS
100
AcDbPolyline
 90
2
 70
0
 10
629864.0291375683
 20
4837103.20269944
 10
629912.575192608
 20
4837121.581826275
  0
LWPOLYLINE
  5
13B
330
17
100
AcDbEntity
  8
ROADS
100
AcDbPolyline
 90
2
 70
0
 10
629864.0291375683
 20
4837103.20269944
 10
629854.7044008317
 20
4837134.259254632
  0
LWPOLYLINE
  5
13C
330
17
100
AcDbEntity
  8
ROADS
100
AcDbPolyline
 90
2
 70
0
 10
629854.7044008317
 20
4837134.259254632
 10
629783.2565766143
 20
4837112.516770039
  0
LWPOLYLINE
  5
13D
330
17
100
AcDbEntity
  8
ROADS
100
AcDbPolyline
 90
2
 70
0
 10
629854.7044008317
 20
4837134.259254632
 10
629842.3781160996
 20
4837175.316230427
  0
LWPOLYLINE
  5
13E
330
17
100
AcDbEntity
  8
ROADS
100
AcDbPolyline
 90
2
 70
0
 10
629842.3781160996
 20
4837175.316230427
 10
629767.1820812215
 20
4837159.654383269
  0
LWPOLYLINE
  5
13F
330
17
100
AcDbEntity
  8
ROADS
100
AcDbPolyline
 90
2
 70
0
 10
629224.7448275764
 20
4837086.983660785
 10
629176.6119249668
 20
4837072.861334709
  0
LWPOLYLINE
  5
140
330
17
100
AcDbEntity
  8
ROADS
100
AcDbPolyline
 90
2
 70
0
 10
629270.110069587
 20
4837098.25675003
 10
629224.7448275764
 20
4837086.983660785
  0
LWPOLYLINE
  5
141
330
17
100
AcDbEntity
  8
ROADS
100
AcDbPolyline
 90
2
 70
0
 10
629355.1749843572
 20
4837124.353231551
 10
629270.110069587
 20
4837098.25675003
  0
LWPOLYLINE
  5
142
330
17
100
AcDbEntity
  8
ROADS
100
AcDbPolyline
 90
2
 70
0
 10
629176.6119249668
 20
4837072.861334709
 10
629148.8575197909
 20
4837161.704487511
  0
LWPOLYLINE
  5
143
330
17
100
AcDbEntity
  8
ROADS
100
AcDbPolyline
 90
2
 70
0
 10
629270.110069587
 20
4837098.25675003
 10
629258.8554451156
 20
4837136.572847144
  0
LWPOLYLINE
  5
144
330
17
100
AcDbEntity
  8
ROADS
100
AcDbPolyline
 90
2
 70
0
 10
629224.7448275764
 20
4837086.983660785
 10
629196.3212820587
 20
4837176.21875193
  0
LWPOLYLINE
  5
145
330
17
100
AcDbEntity
  8
ROADS
100
AcDbPolyline
 90
3
 70
0
 10
629270.110069587
 20
4837098.25675003
 10
629295.5089464176
 20
4837142.877072771
 10
629333.9193492269
 20
4837171.037563196
  0
LWPOLYLINE
  5
146
330
17
100
AcDbEntity
  8
ROADS
100
AcDbPolyline
 90
2
 70
0
 10
629373.2310937066
 20
4837153.725245546
 10
629355.1749843572
 20
4837124.353231551
  0
LWPOLYLINE
  5
147
330
17
100
AcDbEntity
  8
ROADS
100
AcDbPolyline
 90
2
 70
0
 10
629373.2310937066
 20
4837153.725245546
 10
629348.7213121363
 20
4837172.146300433
  0
LWPOLYLINE
  5
148
330
17
100
AcDbEntity
  8
ROADS
100
AcDbPolyline
 90
2
 70
0
 10
629196.3212820587
 20
4837176.21875193
 10
629148.8575197909
 20
4837161.704487511
  0
LWPOLYLINE
  5
149
330
17
100
AcDbEntity
  8
ROADS
100
AcDbPolyline
 90
2
 70
0
 10
629627.20206493
 20
4837108.074584992
 10
629629.8821247234
 20
4837134.736893283
  0
LWPOLYLINE
  5
14A
330
17
100
AcDbEntity
  8
ROADS
100
AcDbPolyline
 90
3
 70
0
 10
629627.20206493
 20
4837108.074584992
 10
629567.5938401464
 20
4837144.745243206
 10
629606.3792583442
 20
4837138.787177863
  0
LWPOLYLINE
  5
14B
330
17
100
AcDbEntity
  8
ROADS
100
AcDbPolyline
 90
2
 70
0
 10
629629.8821247234
 20
4837134.736893283
 10
629606.3792583442
 20
4837138.787177863
  0
LWPOLYLINE
  5
14C
330
17
100
AcDbEntity
  8
ROADS
100
AcDbPolyline
 90
2
 70
0
 10
629629.8821247234
 20
4837134.736893283
 10
629633.7843377999
 20
4837145.966233379
  0
LWPOLYLINE
  5
14D
330
17
100
AcDbEntity
  8
ROADS
100
AcDbPolyline
 90
2
 70
0
 10
629606.3792583442
 20
4837138.787177863
 10
629633.7843377999
 20
4837145.966233379
  0
LWPOLYLINE
  5
14E
330
17
100
AcDbEntity
  8
ROADS
100
AcDbPolyline
 90
2
 70
0
 10
629502.3540426628
 20
4837163.674831921
 10
629355.1749843572
 20
4837124.353231551
  0
LWPOLYLINE
  5
14F
330
17
100
AcDbEntity
  8
ROADS
100
AcDbPolyline
 90
2
 70
0
 10
629606.3792583442
 20
4837138.787177863
 10
629526.3445813315
 20
4837167.496911497
  0
LWPOLYLINE
  5
150
330
17
100
AcDbEntity
  8
ROADS
100
AcDbPolyline
 90
2
 70
0
 10
629502.3540426628
 20
4837163.674831921
 10
629373.2310937066
 20
4837153.725245546
  0
LWPOLYLINE
  5
151
330
17
100
AcDbEntity
  8
ROADS
100
AcDbPolyline
 90
2
 70
0
 10
629633.7843377999
 20
4837145.966233379
 10
629744.6891696893
 20
4837179.416023778
  0
LWPOLYLINE
  5
152
330
17
100
AcDbEntity
  8
ROADS
100
AcDbPolyline
 90
2
 70
0
 10
629526.3445813315
 20
4837167.496911497
 10
629502.3540426628
 20
4837163.674831921
  0
LWPOLYLINE
  5
153
330
17
100
AcDbEntity
  8
ROADS
100
AcDbPolyline
 90
5
 70
0
 10
628986.6115829045
 20
4837002.433903056
 10
628939.7210300806
 20
4837003.009050333
 10
628895.4720214223
 20
4837085.41144824
 10
628866.7370509874
 20
4837085.579856526
 10
628824.0435218746
 20
4837126.042550484
  0
LWPOLYLINE
  5
154
330
17
100
AcDbEntity
  8
ROADS
100
AcDbPolyline
 90
2
 70
0
 10
629148.8575197909
 20
4837161.704487511
 10
628957.566653481
 20
4837100.317282558
  0
LWPOLYLINE
  5
155
330
17
100
AcDbEntity
  8
ROADS
100
AcDbPolyline
 90
2
 70
0
 10
628957.566653481
 20
4837100.317282558
 10
628930.4353929916
 20
4837172.288510347
  0
LWPOLYLINE
  5
156
330
17
100
AcDbEntity
  8
ROADS
100
AcDbPolyline
 90
2
 70
0
 10
628930.4353929916
 20
4837172.288510347
 10
628824.0435218746
 20
4837126.042550484
  0
LWPOLYLINE
  5
157
330
17
100
AcDbEntity
  8
ROADS
100
AcDbPolyline
 90
2
 70
0
 10
629120.4271748968
 20
4837203.922245596
 10
628979.3260445165
 20
4837151.862218348
  0
LWPOLYLINE
  5
158
330
17
100
AcDbEntity
  8
ROADS
100
AcDbPolyline
 90
2
 70
0
 10
629106.1591181648
 20
4837250.877414813
 10
628930.4353929916
 20
4837172.288510347
  0
LWPOLYLINE
  5
159
330
17
100
AcDbEntity
  8
ROADS
100
AcDbPolyline
 90
3
 70
0
 10
629137.8617939891
 20
4837356.470853161
 10
628944.9858788211
 20
4837244.372468262
 10
628743.9869187243
 20
4837167.477668132
  0
LWPOLYLINE
  5
15A
330
17
100
AcDbEntity
  8
ROADS
100
AcDbPolyline
 90
3
 70
0
 10
628796.659765778
 20
4837242.502151377
 10
628926.796211578
 20
4837284.213218236
 10
628931.4809177204
 20
4837303.491227332
  0
LWPOLYLINE
  5
15B
330
17
100
AcDbEntity
  8
ROADS
100
AcDbPolyline
 90
3
 70
0
 10
629118.7847692968
 20
4837254.814992111
 10
629103.0858301237
 20
4837302.200313184
 10
629039.7417683579
 20
4837273.929939915
  0
LWPOLYLINE
  5
15C
330
17
100
AcDbEntity
  8
ROADS
100
AcDbPolyline
 90
2
 70
0
 10
628974.3133712395
 20
4837317.339708915
 10
628931.4809177204
 20
4837303.491227332
  0
LWPOLYLINE
  5
15D
330
17
100
AcDbEntity
  8
ROADS
100
AcDbPolyline
 90
2
 70
0
 10
629744.6891696893
 20
4837179.416023778
 10
629766.6414373771
 20
4837180.094030265
  0
LWPOLYLINE
  5
15E
330
17
100
AcDbEntity
  8
ROADS
100
AcDbPolyline
 90
4
 70
0
 10
630027.9795174823
 20
4837082.664902581
 10
630009.2500703259
 20
4837145.6606587665
 10
629950.897521205
 20
4837188.654503168
 10
629896.9068015601
 20
4837279.288543605
  0
LWPOLYLINE
  5
15F
330
17
100
AcDbEntity
  8
ROADS
100
AcDbPolyline
 90
2
 70
0
 10
629842.3781160996
 20
4837175.316230427
 10
629819.1685930467
 20
4837248.639654349
  0
LWPOLYLINE
  5
160
330
17
100
AcDbEntity
  8
ROADS
100
AcDbPolyline
 90
2
 70
0
 10
629819.1685930467
 20
4837248.639654349
 10
629744.6891696893
 20
4837179.416023778
  0
LWPOLYLINE
  5
161
330
17
100
AcDbEntity
  8
ROADS
100
AcDbPolyline
 90
2
 70
0
 10
629773.6491182367
 20
4837251.310709927
 10
629684.3615311901
 20
4837222.990152571
  0
LWPOLYLINE
  5
162
330
17
100
AcDbEntity
  8
ROADS
100
AcDbPolyline
 90
2
 70
0
 10
629819.1685930467
 20
4837248.639654349
 10
629814.6761201244
 20
4837263.74547094
  0
LWPOLYLINE
  5
163
330
17
100
AcDbEntity
  8
ROADS
100
AcDbPolyline
 90
2
 70
0
 10
629814.6761201244
 20
4837263.74547094
 10
629773.6491182367
 20
4837251.310709927
  0
LWPOLYLINE
  5
164
330
17
100
AcDbEntity
  8
ROADS
100
AcDbPolyline
 90
2
 70
0
 10
629819.1685930467
 20
4837248.639654349
 10
629896.9068015601
 20
4837279.288543605
  0
LWPOLYLINE
  5
165
330
17
100
AcDbEntity
  8
ROADS
100
AcDbPolyline
 90
2
 70
0
 10
629773.6491182367
 20
4837251.310709927
 10
629762.4652898253
 20
4837287.701006014
  0
LWPOLYLINE
  5
166
330
17
100
AcDbEntity
  8
ROADS
100
AcDbPolyline
 90
2
 70
0
 10
629814.6761201244
 20
4837263.74547094
 10
629803.2296733845
 20
4837299.837001282
  0
LWPOLYLINE
  5
167
330
17
100
AcDbEntity
  8
ROADS
100
AcDbPolyline
 90
2
 70
0
 10
629373.2310937066
 20
4837153.725245546
 10
629428.0654819034
 20
4837179.239554613
  0
LWPOLYLINE
  5
168
330
17
100
AcDbEntity
  8
ROADS
100
AcDbPolyline
 90
2
 70
0
 10
629580.8406491242
 20
4837184.678540568
 10
629526.3445813315
 20
4837167.496911497
  0
LWPOLYLINE
  5
169
330
17
100
AcDbEntity
  8
ROADS
100
AcDbPolyline
 90
2
 70
0
 10
629603.9173221402
 20
4837190.37022642
 10
629606.4832665303
 20
4837180.428938529
  0
LWPOLYLINE
  5
16A
330
17
100
AcDbEntity
  8
ROADS
100
AcDbPolyline
 90
2
 70
0
 10
629603.9173221402
 20
4837190.37022642
 10
629580.8406491242
 20
4837184.678540568
  0
LWPOLYLINE
  5
16B
330
17
100
AcDbEntity
  8
ROADS
100
AcDbPolyline
 90
2
 70
0
 10
629428.0654819034
 20
4837179.239554613
 10
629414.9255225012
 20
4837196.773149309
  0
LWPOLYLINE
  5
16C
330
17
100
AcDbEntity
  8
ROADS
100
AcDbPolyline
 90
2
 70
0
 10
629684.3615311901
 20
4837222.990152571
 10
629603.9173221402
 20
4837190.37022642
  0
LWPOLYLINE
  5
16D
330
17
100
AcDbEntity
  8
ROADS
100
AcDbPolyline
 90
4
 70
0
 10
629577.3675165509
 20
4837239.64153297
 10
629548.6479463431
 20
4837243.434457945
 10
629507.1385187656
 20
4837206.027265257
 10
629428.0654819034
 20
4837179.239554613
  0
LWPOLYLINE
  5
16E
330
17
100
AcDbEntity
  8
ROADS
100
AcDbPolyline
 90
2
 70
0
 10
629580.8406491242
 20
4837184.678540568
 10
629577.3675165509
 20
4837239.64153297
  0
LWPOLYLINE
  5
16F
330
17
100
AcDbEntity
  8
ROADS
100
AcDbPolyline
 90
2
 70
0
 10
629606.4040702324
 20
4837234.634255354
 10
629684.3615311901
 20
4837222.990152571
  0
LWPOLYLINE
  5
170
330
17
100
AcDbEntity
  8
ROADS
100
AcDbPolyline
 90
2
 70
0
 10
629518.4559510718
 20
4837249.733928989
 10
629397.4008135509
 20
4837212.451326233
  0
LWPOLYLINE
  5
171
330
17
100
AcDbEntity
  8
ROADS
100
AcDbPolyline
 90
2
 70
0
 10
629333.9193492269
 20
4837171.037563196
 10
629348.7213121363
 20
4837172.146300433
  0
LWPOLYLINE
  5
172
330
17
100
AcDbEntity
  8
ROADS
100
AcDbPolyline
 90
2
 70
0
 10
629333.9193492269
 20
4837171.037563196
 10
629336.2663966997
 20
4837186.05803119
  0
LWPOLYLINE
  5
173
330
17
100
AcDbEntity
  8
ROADS
100
AcDbPolyline
 90
2
 70
0
 10
629348.7213121363
 20
4837172.146300433
 10
629336.2663966997
 20
4837186.05803119
  0
LWPOLYLINE
  5
174
330
17
100
AcDbEntity
  8
ROADS
100
AcDbPolyline
 90
3
 70
0
 10
629148.8575197909
 20
4837161.704487511
 10
629133.3222655916
 20
4837207.670680727
 10
629120.4271748968
 20
4837203.922245596
  0
LWPOLYLINE
  5
175
330
17
100
AcDbEntity
  8
ROADS
100
AcDbPolyline
 90
2
 70
0
 10
629336.2663966997
 20
4837186.05803119
 10
629325.4136585423
 20
4837186.140788124
  0
LWPOLYLINE
  5
176
330
17
100
AcDbEntity
  8
ROADS
100
AcDbPolyline
 90
2
 70
0
 10
629196.3212820587
 20
4837176.21875193
 10
629185.0778539502
 20
4837211.426829534
  0
LWPOLYLINE
  5
177
330
17
100
AcDbEntity
  8
ROADS
100
AcDbPolyline
 90
2
 70
0
 10
629336.2663966997
 20
4837186.05803119
 10
629312.9057296218
 20
4837251.289057666
  0
LWPOLYLINE
  5
178
330
17
100
AcDbEntity
  8
ROADS
100
AcDbPolyline
 90
2
 70
0
 10
629120.4271748968
 20
4837203.922245596
 10
629106.1591181648
 20
4837250.877414813
  0
LWPOLYLINE
  5
179
330
17
100
AcDbEntity
  8
ROADS
100
AcDbPolyline
 90
2
 70
0
 10
629312.9057296218
 20
4837251.289057666
 10
629185.0778539502
 20
4837211.426829534
  0
LWPOLYLINE
  5
17A
330
17
100
AcDbEntity
  8
ROADS
100
AcDbPolyline
 90
2
 70
0
 10
629185.0778539502
 20
4837211.426829534
 10
629164.1147430631
 20
4837268.949657185
  0
LWPOLYLINE
  5
17B
330
17
100
AcDbEntity
  8
ROADS
100
AcDbPolyline
 90
2
 70
0
 10
629118.7847692968
 20
4837254.814992111
 10
629106.1591181648
 20
4837250.877414813
  0
LWPOLYLINE
  5
17C
330
17
100
AcDbEntity
  8
ROADS
100
AcDbPolyline
 90
2
 70
0
 10
629164.1147430631
 20
4837268.949657185
 10
629118.7847692968
 20
4837254.814992111
  0
LWPOLYLINE
  5
17D
330
17
100
AcDbEntity
  8
ROADS
100
AcDbPolyline
 90
2
 70
0
 10
629118.7847692968
 20
4837254.814992111
 10
629114.2076021477
 20
4837288.042472282
  0
LWPOLYLINE
  5
17E
330
17
100
AcDbEntity
  8
ROADS
100
AcDbPolyline
 90
2
 70
0
 10
629447.8257225194
 20
4837291.616595415
 10
629312.9057296218
 20
4837251.289057666
  0
LWPOLYLINE
  5
17F
330
17
100
AcDbEntity
  8
ROADS
100
AcDbPolyline
 90
2
 70
0
 10
629218.0916734639
 20
4837280.907542327
 10
629221.2519840574
 20
4837271.2800358925
  0
LWPOLYLINE
  5
180
330
17
100
AcDbEntity
  8
ROADS
100
AcDbPolyline
 90
2
 70
0
 10
629164.1147430631
 20
4837268.949657185
 10
629151.742684941
 20
4837312.399878108
  0
LWPOLYLINE
  5
181
330
17
100
AcDbEntity
  8
ROADS
100
AcDbPolyline
 90
3
 70
0
 10
629164.1147430631
 20
4837268.949657185
 10
629185.5222005183
 20
4837268.921769157
 10
629200.3751897705
 20
4837327.65134885
  0
LWPOLYLINE
  5
182
330
17
100
AcDbEntity
  8
ROADS
100
AcDbPolyline
 90
2
 70
0
 10
629218.0916734639
 20
4837280.907542327
 10
629200.3751897705
 20
4837327.65134885
  0
LWPOLYLINE
  5
183
330
17
100
AcDbEntity
  8
ROADS
100
AcDbPolyline
 90
2
 70
0
 10
629428.920710098
 20
4837345.683943687
 10
629218.0916734639
 20
4837280.907542327
  0
LWPOLYLINE
  5
184
330
17
100
AcDbEntity
  8
ROADS
100
AcDbPolyline
 90
2
 70
0
 10
629166.2216061554
 20
4837317.159027169
 10
629151.742684941
 20
4837312.399878108
  0
LWPOLYLINE
  5
185
330
17
100
AcDbEntity
  8
ROADS
100
AcDbPolyline
 90
2
 70
0
 10
629085.6314569045
 20
4837352.810103797
 10
628974.3133712395
 20
4837317.339708915
  0
LWPOLYLINE
  5
186
330
17
100
AcDbEntity
  8
ROADS
100
AcDbPolyline
 90
2
 70
0
 10
628974.3133712395
 20
4837317.339708915
 10
628958.2079158953
 20
4837368.069880436
  0
LWPOLYLINE
  5
187
330
17
100
AcDbEntity
  8
ROADS
100
AcDbPolyline
 90
2
 70
0
 10
628931.4809177204
 20
4837303.491227332
 10
628899.4547940629
 20
4837403.802818457
  0
LWPOLYLINE
  5
188
330
17
100
AcDbEntity
  8
ROADS
100
AcDbPolyline
 90
2
 70
0
 10
629085.6314569045
 20
4837352.810103797
 10
629071.1525719523
 20
4837396.546565426
  0
LWPOLYLINE
  5
189
330
17
100
AcDbEntity
  8
ROADS
100
AcDbPolyline
 90
2
 70
0
 10
629071.1525719523
 20
4837396.546565426
 10
628958.2079158953
 20
4837368.069880436
  0
LWPOLYLINE
  5
18A
330
17
100
AcDbEntity
  8
ROADS
100
AcDbPolyline
 90
2
 70
0
 10
628958.2079158953
 20
4837368.069880436
 10
628941.9163855219
 20
4837417.033563616
  0
LWPOLYLINE
  5
18B
330
17
100
AcDbEntity
  8
ROADS
100
AcDbPolyline
 90
2
 70
0
 10
628941.9163855219
 20
4837417.033563616
 10
628899.4547940629
 20
4837403.802818457
  0
LWPOLYLINE
  5
18C
330
17
100
AcDbEntity
  8
ROADS
100
AcDbPolyline
 90
2
 70
0
 10
629053.1639917006
 20
4837453.026749232
 10
629071.1525719523
 20
4837396.546565426
  0
LWPOLYLINE
  5
18D
330
17
100
AcDbEntity
  8
ROADS
100
AcDbPolyline
 90
2
 70
0
 10
628899.4547940629
 20
4837403.802818457
 10
628879.576476226
 20
4837466.123524089
  0
LWPOLYLINE
  5
18E
330
17
100
AcDbEntity
  8
ROADS
100
AcDbPolyline
 90
2
 70
0
 10
629053.1639917006
 20
4837453.026749232
 10
628941.9163855219
 20
4837417.033563616
  0
LWPOLYLINE
  5
18F
330
17
100
AcDbEntity
  8
ROADS
100
AcDbPolyline
 90
2
 70
0
 10
629200.3751897705
 20
4837327.65134885
 10
629166.2216061554
 20
4837317.159027169
  0
LWPOLYLINE
  5
190
330
17
100
AcDbEntity
  8
ROADS
100
AcDbPolyline
 90
2
 70
0
 10
629220.8617682052
 20
4837333.945241998
 10
629200.3751897705
 20
4837327.65134885
  0
LWPOLYLINE
  5
191
330
17
100
AcDbEntity
  8
ROADS
100
AcDbPolyline
 90
2
 70
0
 10
629151.742684941
 20
4837312.399878108
 10
629137.8617939891
 20
4837356.470853161
  0
LWPOLYLINE
  5
192
330
17
100
AcDbEntity
  8
ROADS
100
AcDbPolyline
 90
2
 70
0
 10
629133.0766876917
 20
4837372.274393061
 10
629085.6314569045
 20
4837352.810103797
  0
LWPOLYLINE
  5
193
330
17
100
AcDbEntity
  8
ROADS
100
AcDbPolyline
 90
2
 70
0
 10
629414.1321498665
 20
4837393.326785183
 10
629220.8617682052
 20
4837333.945241998
  0
LWPOLYLINE
  5
194
330
17
100
AcDbEntity
  8
ROADS
100
AcDbPolyline
 90
2
 70
0
 10
629137.8617939891
 20
4837356.470853161
 10
629133.0766876917
 20
4837372.274393061
  0
LWPOLYLINE
  5
195
330
17
100
AcDbEntity
  8
ROADS
100
AcDbPolyline
 90
3
 70
0
 10
629220.8617682052
 20
4837333.945241998
 10
629213.9422274882
 20
4837358.446779832
 10
629327.8196963806
 20
4837412.766783195
  0
LWPOLYLINE
  5
196
330
17
100
AcDbEntity
  8
ROADS
100
AcDbPolyline
 90
2
 70
0
 10
629133.0766876917
 20
4837372.274393061
 10
629124.2729350943
 20
4837401.1491467785
  0
LWPOLYLINE
  5
197
330
17
100
AcDbEntity
  8
ROADS
100
AcDbPolyline
 90
3
 70
0
 10
629124.2729350943
 20
4837401.1491467785
 10
629144.3827706806
 20
4837399.961723027
 10
629195.0766148401
 20
4837451.311935447
  0
LWPOLYLINE
  5
198
330
17
100
AcDbEntity
  8
ROADS
100
AcDbPolyline
 90
2
 70
0
 10
629124.2729350943
 20
4837401.1491467785
 10
629102.8472139902
 20
4837468.407245818
  0
LWPOLYLINE
  5
199
330
17
100
AcDbEntity
  8
ROADS
100
AcDbPolyline
 90
2
 70
0
 10
629577.3675165509
 20
4837239.64153297
 10
629606.4040702324
 20
4837234.634255354
  0
LWPOLYLINE
  5
19A
330
17
100
AcDbEntity
  8
ROADS
100
AcDbPolyline
 90
2
 70
0
 10
629518.4559510718
 20
4837249.733928989
 10
629520.9408429709
 20
4837238.468087109
  0
LWPOLYLINE
  5
19B
330
17
100
AcDbEntity
  8
ROADS
100
AcDbPolyline
 90
2
 70
0
 10
629606.4040702324
 20
4837234.634255354
 10
629762.4652898253
 20
4837287.701006014
  0
LWPOLYLINE
  5
19C
330
17
100
AcDbEntity
  8
ROADS
100
AcDbPolyline
 90
2
 70
0
 10
629751.6915587797
 20
4837322.483603742
 10
629518.4559510718
 20
4837249.733928989
  0
LWPOLYLINE
  5
19D
330
17
100
AcDbEntity
  8
ROADS
100
AcDbPolyline
 90
2
 70
0
 10
629447.8257225194
 20
4837291.616595415
 10
629428.920710098
 20
4837345.683943687
  0
LWPOLYLINE
  5
19E
330
17
100
AcDbEntity
  8
ROADS
100
AcDbPolyline
 90
2
 70
0
 10
629733.0265302068
 20
4837379.59305082
 10
629447.8257225194
 20
4837291.616595415
  0
LWPOLYLINE
  5
19F
330
17
100
AcDbEntity
  8
ROADS
100
AcDbPolyline
 90
2
 70
0
 10
629428.920710098
 20
4837345.683943687
 10
629414.1321498665
 20
4837393.326785183
  0
LWPOLYLINE
  5
1A0
330
17
100
AcDbEntity
  8
ROADS
100
AcDbPolyline
 90
2
 70
0
 10
629715.175204803
 20
4837435.062592417
 10
629428.920710098
 20
4837345.683943687
  0
LWPOLYLINE
  5
1A1
330
17
100
AcDbEntity
  8
ROADS
100
AcDbPolyline
 90
2
 70
0
 10
629701.2634999673
 20
4837479.784624922
 10
629414.1321498665
 20
4837393.326785183
  0
LWPOLYLINE
  5
1A2
330
17
100
AcDbEntity
  8
ROADS
100
AcDbPolyline
 90
4
 70
0
 10
629639.9655614484
 20
4837556.631452975
 10
629317.3990673427
 20
4837451.41598144
 10
629161.1330369802
 20
4837350.185249767
 10
629166.2216061554
 20
4837317.159027169
  0
LWPOLYLINE
  5
1A3
330
17
100
AcDbEntity
  8
ROADS
100
AcDbPolyline
 90
2
 70
0
 10
628941.9163855219
 20
4837417.033563616
 10
628925.4927878357
 20
4837468.7650397355
  0
LWPOLYLINE
  5
1A4
330
17
100
AcDbEntity
  8
ROADS
100
AcDbPolyline
 90
2
 70
0
 10
629102.8472139902
 20
4837468.407245818
 10
629053.1639917006
 20
4837453.026749232
  0
LWPOLYLINE
  5
1A5
330
17
100
AcDbEntity
  8
ROADS
100
AcDbPolyline
 90
2
 70
0
 10
629053.1639917006
 20
4837453.026749232
 10
629035.5558531985
 20
4837503.7877543615
  0
LWPOLYLINE
  5
1A6
330
17
100
AcDbEntity
  8
ROADS
100
AcDbPolyline
 90
2
 70
0
 10
628879.576476226
 20
4837466.123524089
 10
628867.0058546078
 20
4837505.151814268
  0
LWPOLYLINE
  5
1A7
330
17
100
AcDbEntity
  8
ROADS
100
AcDbPolyline
 90
2
 70
0
 10
629035.5558531985
 20
4837503.7877543615
 10
628925.4927878357
 20
4837468.7650397355
  0
LWPOLYLINE
  5
1A8
330
17
100
AcDbEntity
  8
ROADS
100
AcDbPolyline
 90
2
 70
0
 10
628925.4927878357
 20
4837468.7650397355
 10
628909.8368983166
 20
4837518.690272862
  0
LWPOLYLINE
  5
1A9
330
17
100
AcDbEntity
  8
ROADS
100
AcDbPolyline
 90
2
 70
0
 10
628909.8368983166
 20
4837518.690272862
 10
628867.0058546078
 20
4837505.151814268
  0
LWPOLYLINE
  5
1AA
330
17
100
AcDbEntity
  8
ROADS
100
AcDbPolyline
 90
2
 70
0
 10
629035.5558531985
 20
4837503.7877543615
 10
629020.6209949004
 20
4837553.2710117
  0
LWPOLYLINE
  5
1AB
330
17
100
AcDbEntity
  8
ROADS
100
AcDbPolyline
 90
2
 70
0
 10
628867.0058546078
 20
4837505.151814268
 10
628847.3880384668
 20
4837566.3941469295
  0
LWPOLYLINE
  5
1AC
330
17
100
AcDbEntity
  8
ROADS
100
AcDbPolyline
 90
2
 70
0
 10
629020.6209949004
 20
4837553.2710117
 10
628909.8368983166
 20
4837518.690272862
  0
LWPOLYLINE
  5
1AD
330
17
100
AcDbEntity
  8
ROADS
100
AcDbPolyline
 90
2
 70
0
 10
629701.2634999673
 20
4837479.784624922
 10
629683.995652861
 20
4837519.6351236785
  0
LWPOLYLINE
  5
1AE
330
17
100
AcDbEntity
  8
ROADS
100
AcDbPolyline
 90
2
 70
0
 10
629674.2320432455
 20
4837709.742750312
 10
629137.8617939891
 20
4837356.470853161
  0
LWPOLYLINE
  5
1AF
330
17
100
AcDbEntity
  8
ROADS
100
AcDbPolyline
 90
2
 70
0
 10
629666.7911998183
 20
4837564.717127661
 10
629639.9655614484
 20
4837556.631452975
  0
LWPOLYLINE
  5
1B0
330
17
100
AcDbEntity
  8
ROADS
100
AcDbPolyline
 90
2
 70
0
 10
629714.4058161068
 20
4837579.243199296
 10
629666.7911998183
 20
4837564.717127661
  0
LWPOLYLINE
  5
1B1
330
17
100
AcDbEntity
  8
ROADS
100
AcDbPolyline
 90
2
 70
0
 10
629639.9655614484
 20
4837556.631452975
 10
629627.2155363502
 20
4837595.73458954
  0
LWPOLYLINE
  5
1B2
330
17
100
AcDbEntity
  8
ROADS
100
AcDbPolyline
 90
2
 70
0
 10
629666.7911998183
 20
4837564.717127661
 10
629655.2753415126
 20
4837601.161401536
  0
LWPOLYLINE
  5
1B3
330
17
100
AcDbEntity
  8
ROADS
100
AcDbPolyline
 90
2
 70
0
 10
629627.2155363502
 20
4837595.73458954
 10
629598.9238446953
 20
4837583.112087308
  0
LWPOLYLINE
  5
1B4
330
17
100
AcDbEntity
  8
ROADS
100
AcDbPolyline
 90
2
 70
0
 10
629655.2753415126
 20
4837601.161401536
 10
629627.2155363502
 20
4837595.73458954
  0
LWPOLYLINE
  5
1B5
330
17
100
AcDbEntity
  8
ROADS
100
AcDbPolyline
 90
2
 70
0
 10
629714.4058161068
 20
4837579.243199296
 10
629693.6738790112
 20
4837646.511953564
  0
LWPOLYLINE
  5
1B6
330
17
100
AcDbEntity
  8
ROADS
100
AcDbPolyline
 90
2
 70
0
 10
629655.2753415126
 20
4837601.161401536
 10
629645.0697886524
 20
4837634.718168712
  0
LWPOLYLINE
  5
1B7
330
17
100
AcDbEntity
  8
ROADS
100
AcDbPolyline
 90
2
 70
0
 10
629206.8252690684
 20
4837425.716654185
 10
629195.0766148401
 20
4837451.311935447
  0
LWPOLYLINE
  5
1B8
330
17
100
AcDbEntity
  8
ROADS
100
AcDbPolyline
 90
2
 70
0
 10
629195.0766148401
 20
4837451.311935447
 10
629170.2999341447
 20
4837541.503004047
  0
LWPOLYLINE
  5
1B9
330
17
100
AcDbEntity
  8
ROADS
100
AcDbPolyline
 90
2
 70
0
 10
629102.8472139902
 20
4837468.407245818
 10
629084.5454695581
 20
4837527.438273901
  0
LWPOLYLINE
  5
1BA
330
17
100
AcDbEntity
  8
ROADS
100
AcDbPolyline
 90
2
 70
0
 10
629170.2999341447
 20
4837541.503004047
 10
629084.5454695581
 20
4837527.438273901
  0
LWPOLYLINE
  5
1BB
330
17
100
AcDbEntity
  8
ROADS
100
AcDbPolyline
 90
3
 70
0
 10
629299.8391075267
 20
4837565.427215855
 10
629321.154026102
 20
4837511.0439590365
 10
629301.6778897737
 20
4837505.116350911
  0
LWPOLYLINE
  5
1BC
330
17
100
AcDbEntity
  8
ROADS
100
AcDbPolyline
 90
2
 70
0
 10
629230.5293439917
 20
4837551.770887994
 10
629170.2999341447
 20
4837541.503004047
  0
LWPOLYLINE
  5
1BD
330
17
100
AcDbEntity
  8
ROADS
100
AcDbPolyline
 90
2
 70
0
 10
629299.8391075267
 20
4837565.427215855
 10
629230.5293439917
 20
4837551.770887994
  0
LWPOLYLINE
  5
1BE
330
17
100
AcDbEntity
  8
ROADS
100
AcDbPolyline
 90
2
 70
0
 10
629425.7570593354
 20
4837604.116972416
 10
629299.8391075267
 20
4837565.427215855
  0
LWPOLYLINE
  5
1BF
330
17
100
AcDbEntity
  8
ROADS
100
AcDbPolyline
 90
2
 70
0
 10
629230.5293439917
 20
4837551.770887994
 10
629191.4050853458
 20
4837676.203820848
  0
LWPOLYLINE
  5
1C0
330
17
100
AcDbEntity
  8
ROADS
100
AcDbPolyline
 90
2
 70
0
 10
629355.511815509
 20
4837656.009200427
 10
629265.504468301
 20
4837631.910839914
  0
LWPOLYLINE
  5
1C1
330
17
100
AcDbEntity
  8
ROADS
100
AcDbPolyline
 90
2
 70
0
 10
629084.5454695581
 20
4837527.438273901
 10
629071.441741247
 20
4837569.345139669
  0
LWPOLYLINE
  5
1C2
330
17
100
AcDbEntity
  8
ROADS
100
AcDbPolyline
 90
2
 70
0
 10
629071.441741247
 20
4837569.345139669
 10
629020.6209949004
 20
4837553.2710117
  0
LWPOLYLINE
  5
1C3
330
17
100
AcDbEntity
  8
ROADS
100
AcDbPolyline
 90
2
 70
0
 10
629071.441741247
 20
4837569.345139669
 10
629053.725320932
 20
4837626.700628969
  0
LWPOLYLINE
  5
1C4
330
17
100
AcDbEntity
  8
ROADS
100
AcDbPolyline
 90
3
 70
0
 10
629042.9086708217
 20
4837661.20134751
 10
628896.7616724891
 20
4837614.5952541
 10
628847.3880384668
 20
4837566.3941469295
  0
LWPOLYLINE
  5
1C5
330
17
100
AcDbEntity
  8
ROADS
100
AcDbPolyline
 90
2
 70
0
 10
629053.725320932
 20
4837626.700628969
 10
629042.9086708217
 20
4837661.20134751
  0
LWPOLYLINE
  5
1C6
330
17
100
AcDbEntity
  8
ROADS
100
AcDbPolyline
 90
2
 70
0
 10
629042.9086708217
 20
4837661.20134751
 10
628981.3205027647
 20
4837855.4006434595
  0
LWPOLYLINE
  5
1C7
330
17
100
AcDbEntity
  8
ROADS
100
AcDbPolyline
 90
2
 70
0
 10
628847.3422198424
 20
4837723.481831434
 10
628822.6805355251
 20
4837806.095360513
  0
LWPOLYLINE
  5
1C8
330
17
100
AcDbEntity
  8
ROADS
100
AcDbPolyline
 90
2
 70
0
 10
628918.2509829538
 20
4837836.228750973
 10
628940.4767108521
 20
4837767.926108913
  0
LWPOLYLINE
  5
1C9
330
17
100
AcDbEntity
  8
ROADS
100
AcDbPolyline
 90
2
 70
0
 10
628918.2509829538
 20
4837836.228750973
 10
628822.6805355251
 20
4837806.095360513
  0
LWPOLYLINE
  5
1CA
330
17
100
AcDbEntity
  8
ROADS
100
AcDbPolyline
 90
2
 70
0
 10
628981.3205027647
 20
4837855.4006434595
 10
628918.2509829538
 20
4837836.228750973
  0
LWPOLYLINE
  5
1CB
330
17
100
AcDbEntity
  8
ROADS
100
AcDbPolyline
 90
2
 70
0
 10
630160.9945455849
 20
4837084.565285645
 10
630240.4227874059
 20
4837151.004269444
  0
LWPOLYLINE
  5
1CC
330
17
100
AcDbEntity
  8
ROADS
100
AcDbPolyline
 90
2
 70
0
 10
630160.9945455849
 20
4837084.565285645
 10
630113.2217891352
 20
4837221.291095014
  0
LWPOLYLINE
  5
1CD
330
17
100
AcDbEntity
  8
ROADS
100
AcDbPolyline
 90
4
 70
0
 10
630027.9795174823
 20
4837082.664902581
 10
630046.842733343
 20
4837128.1292010555
 10
630041.4139855593
 20
4837192.796590835
 10
630086.8631801263
 20
4837234.38337797
  0
LWPOLYLINE
  5
1CE
330
17
100
AcDbEntity
  8
ROADS
100
AcDbPolyline
 90
2
 70
0
 10
630240.4227874059
 20
4837151.004269444
 10
630210.7357174524
 20
4837248.055332846
  0
LWPOLYLINE
  5
1CF
330
17
100
AcDbEntity
  8
ROADS
100
AcDbPolyline
 90
2
 70
0
 10
630113.2217891352
 20
4837221.291095014
 10
630086.8631801263
 20
4837234.38337797
  0
LWPOLYLINE
  5
1D0
330
17
100
AcDbEntity
  8
ROADS
100
AcDbPolyline
 90
2
 70
0
 10
630210.7357174524
 20
4837248.055332846
 10
630113.2217891352
 20
4837221.291095014
  0
LWPOLYLINE
  5
1D1
330
17
100
AcDbEntity
  8
ROADS
100
AcDbPolyline
 90
2
 70
0
 10
630086.8631801263
 20
4837234.38337797
 10
630067.2962912539
 20
4837324.3848985955
  0
LWPOLYLINE
  5
1D2
330
17
100
AcDbEntity
  8
ROADS
100
AcDbPolyline
 90
2
 70
0
 10
630210.7357174524
 20
4837248.055332846
 10
630191.2597876415
 20
4837351.828507386
  0
LWPOLYLINE
  5
1D3
330
17
100
AcDbEntity
  8
ROADS
100
AcDbPolyline
 90
3
 70
0
 10
630067.2962912539
 20
4837324.3848985955
 10
630106.5342519674
 20
4837316.355881213
 10
630191.2597876415
 20
4837351.828507386
  0
LWPOLYLINE
  5
1D4
330
17
100
AcDbEntity
  8
ROADS
100
AcDbPolyline
 90
3
 70
0
 10
630067.2962912539
 20
4837324.3848985955
 10
630082.1625818767
 20
4837350.583578665
 10
630054.8477454699
 20
4837436.181670526
  0
LWPOLYLINE
  5
1D5
330
17
100
AcDbEntity
  8
ROADS
100
AcDbPolyline
 90
2
 70
0
 10
630687.0762354647
 20
4837304.88311478
 10
630696.0538996896
 20
4837298.744014838
  0
LWPOLYLINE
  5
1D6
330
17
100
AcDbEntity
  8
ROADS
100
AcDbPolyline
 90
2
 70
0
 10
630604.9154969662
 20
4837279.710572656
 10
630554.8360237273
 20
4837328.809515344
  0
LWPOLYLINE
  5
1D7
330
17
100
AcDbEntity
  8
ROADS
100
AcDbPolyline
 90
3
 70
0
 10
630532.9353937448
 20
4837187.796339212
 10
630537.9669013434
 20
4837321.8919692775
 10
630521.0906428441
 20
4837425.470238477
  0
LWPOLYLINE
  5
1D8
330
17
100
AcDbEntity
  8
ROADS
100
AcDbPolyline
 90
3
 70
0
 10
630374.1486293173
 20
4837412.778100572
 10
630393.4850924385
 20
4837321.474242277
 10
630446.0991647652
 20
4837250.396580795
  0
LWPOLYLINE
  5
1D9
330
17
100
AcDbEntity
  8
ROADS
100
AcDbPolyline
 90
2
 70
0
 10
630687.0762354647
 20
4837304.88311478
 10
630580.2181744196
 20
4837364.294064105
  0
LWPOLYLINE
  5
1DA
330
17
100
AcDbEntity
  8
ROADS
100
AcDbPolyline
 90
2
 70
0
 10
630546.4460227233
 20
4837412.5548237525
 10
630675.689085153
 20
4837390.205220011
  0
LWPOLYLINE
  5
1DB
330
17
100
AcDbEntity
  8
ROADS
100
AcDbPolyline
 90
2
 70
0
 10
630521.0906428441
 20
4837425.470238477
 10
630546.4460227233
 20
4837412.5548237525
  0
LWPOLYLINE
  5
1DC
330
17
100
AcDbEntity
  8
ROADS
100
AcDbPolyline
 90
2
 70
0
 10
629803.2296733845
 20
4837299.837001282
 10
629762.4652898253
 20
4837287.701006014
  0
LWPOLYLINE
  5
1DD
330
17
100
AcDbEntity
  8
ROADS
100
AcDbPolyline
 90
2
 70
0
 10
629896.9068015601
 20
4837279.288543605
 10
630067.2962912539
 20
4837324.3848985955
  0
LWPOLYLINE
  5
1DE
330
17
100
AcDbEntity
  8
ROADS
100
AcDbPolyline
 90
2
 70
0
 10
629762.4652898253
 20
4837287.701006014
 10
629751.6915587797
 20
4837322.483603742
  0
LWPOLYLINE
  5
1DF
330
17
100
AcDbEntity
  8
ROADS
100
AcDbPolyline
 90
2
 70
0
 10
629803.2296733845
 20
4837299.837001282
 10
629786.8495667496
 20
4837351.374389026
  0
LWPOLYLINE
  5
1E0
330
17
100
AcDbEntity
  8
ROADS
100
AcDbPolyline
 90
2
 70
0
 10
629751.6915587797
 20
4837322.483603742
 10
629733.0265302068
 20
4837379.59305082
  0
LWPOLYLINE
  5
1E1
330
17
100
AcDbEntity
  8
ROADS
100
AcDbPolyline
 90
2
 70
0
 10
629786.8495667496
 20
4837351.374389026
 10
629871.958295558
 20
4837379.865432698
  0
LWPOLYLINE
  5
1E2
330
17
100
AcDbEntity
  8
ROADS
100
AcDbPolyline
 90
2
 70
0
 10
629786.8495667496
 20
4837351.374389026
 10
629773.7170405842
 20
4837391.223685187
  0
LWPOLYLINE
  5
1E3
330
17
100
AcDbEntity
  8
ROADS
100
AcDbPolyline
 90
2
 70
0
 10
629773.7170405842
 20
4837391.223685187
 10
629733.0265302068
 20
4837379.59305082
  0
LWPOLYLINE
  5
1E4
330
17
100
AcDbEntity
  8
ROADS
100
AcDbPolyline
 90
2
 70
0
 10
629871.958295558
 20
4837379.865432698
 10
630029.6444781952
 20
4837428.909392866
  0
LWPOLYLINE
  5
1E5
330
17
100
AcDbEntity
  8
ROADS
100
AcDbPolyline
 90
2
 70
0
 10
629733.0265302068
 20
4837379.59305082
 10
629715.175204803
 20
4837435.062592417
  0
LWPOLYLINE
  5
1E6
330
17
100
AcDbEntity
  8
ROADS
100
AcDbPolyline
 90
3
 70
0
 10
630191.2597876415
 20
4837351.828507386
 10
630289.2639098105
 20
4837375.21141272
 10
630351.8419830095
 20
4837421.9053699095
  0
LWPOLYLINE
  5
1E7
330
17
100
AcDbEntity
  8
ROADS
100
AcDbPolyline
 90
2
 70
0
 10
630374.1486293173
 20
4837412.778100572
 10
630351.8419830095
 20
4837421.9053699095
  0
LWPOLYLINE
  5
1E8
330
17
100
AcDbEntity
  8
ROADS
100
AcDbPolyline
 90
2
 70
0
 10
630368.1483616565
 20
4837430.464858244
 10
630374.1486293173
 20
4837412.778100572
  0
LWPOLYLINE
  5
1E9
330
17
100
AcDbEntity
  8
ROADS
100
AcDbPolyline
 90
2
 70
0
 10
630351.8419830095
 20
4837421.9053699095
 10
630368.1483616565
 20
4837430.464858244
  0
LWPOLYLINE
  5
1EA
330
17
100
AcDbEntity
  8
ROADS
100
AcDbPolyline
 90
2
 70
0
 10
630054.8477454699
 20
4837436.181670526
 10
630133.2986639846
 20
4837460.658075765
  0
LWPOLYLINE
  5
1EB
330
17
100
AcDbEntity
  8
ROADS
100
AcDbPolyline
 90
2
 70
0
 10
630133.2986639846
 20
4837460.658075765
 10
630246.9236532887
 20
4837496.716393544
  0
LWPOLYLINE
  5
1EC
330
17
100
AcDbEntity
  8
ROADS
100
AcDbPolyline
 90
2
 70
0
 10
630102.7761348127
 20
4837546.280166299
 10
630133.2986639846
 20
4837460.658075765
  0
LWPOLYLINE
  5
1ED
330
17
100
AcDbEntity
  8
ROADS
100
AcDbPolyline
 90
2
 70
0
 10
630246.9236532887
 20
4837496.716393544
 10
630332.8299216392
 20
4837523.748829812
  0
LWPOLYLINE
  5
1EE
330
17
100
AcDbEntity
  8
ROADS
100
AcDbPolyline
 90
2
 70
0
 10
630332.8299216392
 20
4837523.748829812
 10
630392.8623349849
 20
4837540.773663407
  0
LWPOLYLINE
  5
1EF
330
17
100
AcDbEntity
  8
ROADS
100
AcDbPolyline
 90
2
 70
0
 10
630035.0112511786
 20
4837530.083570976
 10
630102.7761348127
 20
4837546.280166299
  0
LWPOLYLINE
  5
1F0
330
17
100
AcDbEntity
  8
ROADS
100
AcDbPolyline
 90
2
 70
0
 10
630029.6444781952
 20
4837428.909392866
 10
630054.8477454699
 20
4837436.181670526
  0
LWPOLYLINE
  5
1F1
330
17
100
AcDbEntity
  8
ROADS
100
AcDbPolyline
 90
2
 70
0
 10
629773.7170405842
 20
4837391.223685187
 10
629739.8501726934
 20
4837495.987543242
  0
LWPOLYLINE
  5
1F2
330
17
100
AcDbEntity
  8
ROADS
100
AcDbPolyline
 90
5
 70
0
 10
629871.958295558
 20
4837379.865432698
 10
629865.442554617
 20
4837452.488685215
 10
629877.2240485428
 20
4837474.239259648
 10
629963.618220618
 20
4837512.499273736
 10
630003.9900435365
 20
4837514.048459359
  0
LWPOLYLINE
  5
1F3
330
17
100
AcDbEntity
  8
ROADS
100
AcDbPolyline
 90
2
 70
0
 10
629715.175204803
 20
4837435.062592417
 10
629701.2634999673
 20
4837479.784624922
  0
LWPOLYLINE
  5
1F4
330
17
100
AcDbEntity
  8
ROADS
100
AcDbPolyline
 90
2
 70
0
 10
630029.6444781952
 20
4837428.909392866
 10
630003.9900435365
 20
4837514.048459359
  0
LWPOLYLINE
  5
1F5
330
17
100
AcDbEntity
  8
ROADS
100
AcDbPolyline
 90
2
 70
0
 10
629739.8501726934
 20
4837495.987543242
 10
629701.2634999673
 20
4837479.784624922
  0
LWPOLYLINE
  5
1F6
330
17
100
AcDbEntity
  8
ROADS
100
AcDbPolyline
 90
2
 70
0
 10
630003.9900435365
 20
4837514.048459359
 10
630035.0112511786
 20
4837530.083570976
  0
LWPOLYLINE
  5
1F7
330
17
100
AcDbEntity
  8
ROADS
100
AcDbPolyline
 90
2
 70
0
 10
629739.8501726934
 20
4837495.987543242
 10
629714.4058161068
 20
4837579.243199296
  0
LWPOLYLINE
  5
1F8
330
17
100
AcDbEntity
  8
ROADS
100
AcDbPolyline
 90
3
 70
0
 10
629739.8501726934
 20
4837495.987543242
 10
629955.4837647906
 20
4837567.293019144
 10
630023.7384905253
 20
4837612.7515374385
  0
LWPOLYLINE
  5
1F9
330
17
100
AcDbEntity
  8
ROADS
100
AcDbPolyline
 90
3
 70
0
 10
630035.0112511786
 20
4837530.083570976
 10
630016.7297964887
 20
4837587.159989742
 10
630023.7384905253
 20
4837612.7515374385
  0
LWPOLYLINE
  5
1FA
330
17
100
AcDbEntity
  8
ROADS
100
AcDbPolyline
 90
3
 70
0
 10
630427.266414986
 20
4837445.73701634
 10
630478.0377281264
 20
4837446.142173262
 10
630521.0906428441
 20
4837425.470238477
  0
LWPOLYLINE
  5
1FB
330
17
100
AcDbEntity
  8
ROADS
100
AcDbPolyline
 90
2
 70
0
 10
630368.1483616565
 20
4837430.464858244
 10
630427.266414986
 20
4837445.73701634
  0
LWPOLYLINE
  5
1FC
330
17
100
AcDbEntity
  8
ROADS
100
AcDbPolyline
 90
3
 70
0
 10
630546.4460227233
 20
4837412.5548237525
 10
630505.9428814955
 20
4837515.035748798
 10
630477.8818902686
 20
4837547.549632998
  0
LWPOLYLINE
  5
1FD
330
17
100
AcDbEntity
  8
ROADS
100
AcDbPolyline
 90
2
 70
0
 10
630521.0906428441
 20
4837425.470238477
 10
630477.8818902686
 20
4837547.549632998
  0
LWPOLYLINE
  5
1FE
330
17
100
AcDbEntity
  8
ROADS
100
AcDbPolyline
 90
2
 70
0
 10
630427.266414986
 20
4837445.73701634
 10
630392.8623349849
 20
4837540.773663407
  0
LWPOLYLINE
  5
1FF
330
17
100
AcDbEntity
  8
ROADS
100
AcDbPolyline
 90
2
 70
0
 10
630392.8623349849
 20
4837540.773663407
 10
630473.7694168426
 20
4837556.738922865
  0
LWPOLYLINE
  5
200
330
17
100
AcDbEntity
  8
ROADS
100
AcDbPolyline
 90
2
 70
0
 10
630477.8818902686
 20
4837547.549632998
 10
630473.7694168426
 20
4837556.738922865
  0
LWPOLYLINE
  5
201
330
17
100
AcDbEntity
  8
ROADS
100
AcDbPolyline
 90
5
 70
0
 10
630386.353529802
 20
4837682.021558402
 10
630406.0721524451
 20
4837686.322963734
 10
630477.3367422494
 20
4837625.580374956
 10
630537.9543616372
 20
4837607.041257728
 10
630597.3370717055
 20
4837605.223264758
  0
LWPOLYLINE
  5
202
330
17
100
AcDbEntity
  8
ROADS
100
AcDbPolyline
 90
2
 70
0
 10
630473.7694168426
 20
4837556.738922865
 10
630386.353529802
 20
4837682.021558402
  0
LWPOLYLINE
  5
203
330
17
100
AcDbEntity
  8
ROADS
100
AcDbPolyline
 90
2
 70
0
 10
630402.4544704552
 20
4837692.428977352
 10
630435.6085472715
 20
4837657.33203188
  0
LWPOLYLINE
  5
204
330
17
100
AcDbEntity
  8
ROADS
100
AcDbPolyline
 90
2
 70
0
 10
629714.4058161068
 20
4837579.243199296
 10
629802.9849918212
 20
4837599.647490913
  0
LWPOLYLINE
  5
205
330
17
100
AcDbEntity
  8
ROADS
100
AcDbPolyline
 90
4
 70
0
 10
629802.9849918212
 20
4837599.647490913
 10
629871.959376893
 20
4837620.380280118
 10
629882.8663167123
 20
4837581.00809992
 10
629819.9738049179
 20
4837560.794005468
  0
LWPOLYLINE
  5
206
330
17
100
AcDbEntity
  8
ROADS
100
AcDbPolyline
 90
3
 70
0
 10
629802.9849918212
 20
4837599.647490913
 10
629778.4515873938
 20
4837678.3733135015
 10
629693.6738790112
 20
4837646.511953564
  0
LWPOLYLINE
  5
207
330
17
100
AcDbEntity
  8
ROADS
100
AcDbPolyline
 90
2
 70
0
 10
630023.7384905253
 20
4837612.7515374385
 10
630010.0391906111
 20
4837739.675731368
  0
LWPOLYLINE
  5
208
330
17
100
AcDbEntity
  8
ROADS
100
AcDbPolyline
 90
2
 70
0
 10
629850.024630952
 20
4837705.963592037
 10
629863.3342269605
 20
4837707.530397665
  0
LWPOLYLINE
  5
209
330
17
100
AcDbEntity
  8
ROADS
100
AcDbPolyline
 90
3
 70
0
 10
629863.3342269605
 20
4837707.530397665
 10
629888.2706784548
 20
4837705.224196975
 10
629899.136501814
 20
4837725.0720893
  0
LWPOLYLINE
  5
20A
330
17
100
AcDbEntity
  8
ROADS
100
AcDbPolyline
 90
2
 70
0
 10
629863.3342269605
 20
4837707.530397665
 10
629899.136501814
 20
4837725.0720893
  0
LWPOLYLINE
  5
20B
330
17
100
AcDbEntity
  8
ROADS
100
AcDbPolyline
 90
2
 70
0
 10
629915.2926005368
 20
4837722.548753264
 10
629899.136501814
 20
4837725.0720893
  0
LWPOLYLINE
  5
20C
330
17
100
AcDbEntity
  8
ROADS
100
AcDbPolyline
 90
2
 70
0
 10
629915.2926005368
 20
4837722.548753264
 10
630010.0391906111
 20
4837739.675731368
  0
LWPOLYLINE
  5
20D
330
17
100
AcDbEntity
  8
ROADS
100
AcDbPolyline
 90
2
 70
0
 10
629915.2926005368
 20
4837722.548753264
 10
629893.959781298
 20
4837794.626343076
  0
LWPOLYLINE
  5
20E
330
17
100
AcDbEntity
  8
ROADS
100
AcDbPolyline
 90
2
 70
0
 10
630246.9236532887
 20
4837496.716393544
 10
630217.0296045195
 20
4837581.096787374
  0
LWPOLYLINE
  5
20F
330
17
100
AcDbEntity
  8
ROADS
100
AcDbPolyline
 90
3
 70
0
 10
630240.7091035047
 20
4837592.995853255
 10
630297.3714471497
 20
4837588.444213198
 10
630332.8299216392
 20
4837523.748829812
  0
LWPOLYLINE
  5
210
330
17
100
AcDbEntity
  8
ROADS
100
AcDbPolyline
 90
2
 70
0
 10
630102.7761348127
 20
4837546.280166299
 10
630217.0296045195
 20
4837581.096787374
  0
LWPOLYLINE
  5
211
330
17
100
AcDbEntity
  8
ROADS
100
AcDbPolyline
 90
2
 70
0
 10
630217.0296045195
 20
4837581.096787374
 10
630240.7091035047
 20
4837592.995853255
  0
LWPOLYLINE
  5
212
330
17
100
AcDbEntity
  8
ROADS
100
AcDbPolyline
 90
2
 70
0
 10
630240.7091035047
 20
4837592.995853255
 10
630215.3247127299
 20
4837692.009830269
  0
LWPOLYLINE
  5
213
330
17
100
AcDbEntity
  8
ROADS
100
AcDbPolyline
 90
2
 70
0
 10
630023.7384905253
 20
4837612.7515374385
 10
630215.3247127299
 20
4837692.009830269
  0
LWPOLYLINE
  5
214
330
17
100
AcDbEntity
  8
ROADS
100
AcDbPolyline
 90
3
 70
0
 10
630010.0391906111
 20
4837739.675731368
 10
630164.7722021565
 20
4837793.0867826715
 10
630215.3247127299
 20
4837692.009830269
  0
LWPOLYLINE
  5
215
330
17
100
AcDbEntity
  8
ROADS
100
AcDbPolyline
 90
4
 70
0
 10
630186.804654089
 20
4838042.525922714
 10
630280.3805127242
 20
4837900.630174133
 10
630367.150397164
 20
4837674.543248871
 10
630386.353529802
 20
4837682.021558402
  0
LWPOLYLINE
  5
216
330
17
100
AcDbEntity
  8
ROADS
100
AcDbPolyline
 90
3
 70
0
 10
630386.353529802
 20
4837682.021558402
 10
630313.0341343519
 20
4837870.920595226
 10
630287.7105757731
 20
4838047.9032276925
  0
LWPOLYLINE
  5
217
330
17
100
AcDbEntity
  8
ROADS
100
AcDbPolyline
 90
2
 70
0
 10
630113.1091423761
 20
4837877.102414561
 10
630108.1099858147
 20
4837901.1447048355
  0
LWPOLYLINE
  5
218
330
17
100
AcDbEntity
  8
ROADS
100
AcDbPolyline
 90
2
 70
0
 10
630386.353529802
 20
4837682.021558402
 10
630402.4544704552
 20
4837692.428977352
  0
LWPOLYLINE
  5
219
330
17
100
AcDbEntity
  8
ROADS
100
AcDbPolyline
 90
3
 70
0
 10
630402.4544704552
 20
4837692.428977352
 10
630485.6742836869
 20
4837710.132222941
 10
630568.8650153502
 20
4837706.131001644
  0
LWPOLYLINE
  5
21A
330
17
100
AcDbEntity
  8
ROADS
100
AcDbPolyline
 90
4
 70
0
 10
630409.3960154373
 20
4837871.971361941
 10
630463.489130571
 20
4837883.072424983
 10
630517.0464167972
 20
4837861.925482275
 10
630531.3960056548
 20
4837849.292379205
  0
LWPOLYLINE
  5
21B
330
17
100
AcDbEntity
  8
ROADS
100
AcDbPolyline
 90
2
 70
0
 10
629899.136501814
 20
4837725.0720893
 10
629893.959781298
 20
4837794.626343076
  0
LWPOLYLINE
  5
21C
330
17
100
AcDbEntity
  8
ROADS
100
AcDbPolyline
 90
2
 70
0
 10
629893.959781298
 20
4837794.626343076
 10
629912.7018102789
 20
4837801.415762176
  0
LWPOLYLINE
  5
21D
330
17
100
AcDbEntity
  8
ROADS
100
AcDbPolyline
 90
6
 70
0
 10
629698.5985464577
 20
4837824.989409754
 10
629712.5601938311
 20
4837780.936840839
 10
629746.0712927935
 20
4837790.847566419
 10
629748.6677967502
 20
4837779.9917675955
 10
629852.4986442497
 20
4837845.815111725
 10
629844.7254139355
 20
4837869.021656493
  0
LWPOLYLINE
  5
21E
330
17
100
AcDbEntity
  8
ROADS
100
AcDbPolyline
 90
2
 70
0
 10
629698.5985464577
 20
4837824.989409754
 10
629757.0669572899
 20
4837841.945977709
  0
LWPOLYLINE
  5
21F
330
17
100
AcDbEntity
  8
ROADS
100
AcDbPolyline
 90
3
 70
0
 10
629912.7018102789
 20
4837801.415762176
 10
630028.1314525865
 20
4837843.300220518
 10
630108.1099858147
 20
4837901.1447048355
  0
LWPOLYLINE
  5
220
330
17
100
AcDbEntity
  8
ROADS
100
AcDbPolyline
 90
2
 70
0
 10
629757.0669572899
 20
4837841.945977709
 10
629828.8419840608
 20
4837864.394583278
  0
LWPOLYLINE
  5
221
330
17
100
AcDbEntity
  8
ROADS
100
AcDbPolyline
 90
2
 70
0
 10
629828.8419840608
 20
4837864.394583278
 10
629844.7254139355
 20
4837869.021656493
  0
LWPOLYLINE
  5
222
330
17
100
AcDbEntity
  8
ROADS
100
AcDbPolyline
 90
2
 70
0
 10
630159.5985444874
 20
4838024.952644714
 10
629674.2320432455
 20
4837709.742750312
  0
LWPOLYLINE
  5
223
330
17
100
AcDbEntity
  8
ROADS
100
AcDbPolyline
 90
2
 70
0
 10
629757.0669572899
 20
4837841.945977709
 10
629739.6475533049
 20
4837896.864272935
  0
LWPOLYLINE
  5
224
330
17
100
AcDbEntity
  8
ROADS
100
AcDbPolyline
 90
3
 70
0
 10
629912.7018102789
 20
4837801.415762176
 10
629908.1052649674
 20
4837830.181651301
 10
630095.547220553
 20
4837942.940460588
  0
LWPOLYLINE
  5
225
330
17
100
AcDbEntity
  8
ROADS
100
AcDbPolyline
 90
3
 70
0
 10
629393.7848743205
 20
4837667.376120105
 10
629374.2211478499
 20
4837635.657151155
 10
629391.1118588356
 20
4837628.659126695
  0
LWPOLYLINE
  5
226
330
17
100
AcDbEntity
  8
ROADS
100
AcDbPolyline
 90
2
 70
0
 10
629191.4050853458
 20
4837676.203820848
 10
629053.725320932
 20
4837626.700628969
  0
LWPOLYLINE
  5
227
330
17
100
AcDbEntity
  8
ROADS
100
AcDbPolyline
 90
2
 70
0
 10
629393.7848743205
 20
4837667.376120105
 10
629355.511815509
 20
4837656.009200427
  0
LWPOLYLINE
  5
228
330
17
100
AcDbEntity
  8
ROADS
100
AcDbPolyline
 90
2
 70
0
 10
629260.3780779726
 20
4837710.876515111
 10
629191.4050853458
 20
4837676.203820848
  0
LWPOLYLINE
  5
229
330
17
100
AcDbEntity
  8
ROADS
100
AcDbPolyline
 90
2
 70
0
 10
629331.0360199197
 20
4837733.26485509
 10
629355.511815509
 20
4837656.009200427
  0
LWPOLYLINE
  5
22A
330
17
100
AcDbEntity
  8
ROADS
100
AcDbPolyline
 90
2
 70
0
 10
629331.0360199197
 20
4837733.26485509
 10
629260.3780779726
 20
4837710.876515111
  0
LWPOLYLINE
  5
22B
330
17
100
AcDbEntity
  8
ROADS
100
AcDbPolyline
 90
2
 70
0
 10
629250.3536402928
 20
4837742.3263713615
 10
629260.3780779726
 20
4837710.876515111
  0
LWPOLYLINE
  5
22C
330
17
100
AcDbEntity
  8
ROADS
100
AcDbPolyline
 90
2
 70
0
 10
629367.9689866124
 20
4837745.01857437
 10
629331.0360199197
 20
4837733.26485509
  0
LWPOLYLINE
  5
22D
330
17
100
AcDbEntity
  8
ROADS
100
AcDbPolyline
 90
2
 70
0
 10
629250.3536402928
 20
4837742.3263713615
 10
629288.8201232501
 20
4837754.056820351
  0
LWPOLYLINE
  5
22E
330
17
100
AcDbEntity
  8
ROADS
100
AcDbPolyline
 90
2
 70
0
 10
629235.5531177339
 20
4837788.747871419
 10
629250.3536402928
 20
4837742.3263713615
  0
LWPOLYLINE
  5
22F
330
17
100
AcDbEntity
  8
ROADS
100
AcDbPolyline
 90
3
 70
0
 10
629474.3656936247
 20
4837618.865031055
 10
629484.0253996163
 20
4837636.778951503
 10
629467.9595123105
 20
4837689.74105493
  0
LWPOLYLINE
  5
230
330
17
100
AcDbEntity
  8
ROADS
100
AcDbPolyline
 90
2
 70
0
 10
629693.6738790112
 20
4837646.511953564
 10
629674.2320432455
 20
4837709.742750312
  0
LWPOLYLINE
  5
231
330
17
100
AcDbEntity
  8
ROADS
100
AcDbPolyline
 90
2
 70
0
 10
629467.9595123105
 20
4837689.74105493
 10
629393.7848743205
 20
4837667.376120105
  0
LWPOLYLINE
  5
232
330
17
100
AcDbEntity
  8
ROADS
100
AcDbPolyline
 90
2
 70
0
 10
629661.755927644
 20
4837748.463812396
 10
629467.9595123105
 20
4837689.74105493
  0
LWPOLYLINE
  5
233
330
17
100
AcDbEntity
  8
ROADS
100
AcDbPolyline
 90
2
 70
0
 10
629674.2320432455
 20
4837709.742750312
 10
629661.755927644
 20
4837748.463812396
  0
LWPOLYLINE
  5
234
330
17
100
AcDbEntity
  8
ROADS
100
AcDbPolyline
 90
2
 70
0
 10
629529.3243105382
 20
4837793.3339421
 10
629367.9689866124
 20
4837745.01857437
  0
LWPOLYLINE
  5
235
330
17
100
AcDbEntity
  8
ROADS
100
AcDbPolyline
 90
3
 70
0
 10
629367.9689866124
 20
4837745.01857437
 10
629357.5731820215
 20
4837780.800020234
 10
629453.5676994915
 20
4837803.8066281825
  0
LWPOLYLINE
  5
236
330
17
100
AcDbEntity
  8
ROADS
100
AcDbPolyline
 90
2
 70
0
 10
629661.755927644
 20
4837748.463812396
 10
629642.0865487115
 20
4837807.299177873
  0
LWPOLYLINE
  5
237
330
17
100
AcDbEntity
  8
ROADS
100
AcDbPolyline
 90
2
 70
0
 10
629579.6341531471
 20
4837807.966790443
 10
629588.0912380565
 20
4837780.180813411
  0
LWPOLYLINE
  5
238
330
17
100
AcDbEntity
  8
ROADS
100
AcDbPolyline
 90
2
 70
0
 10
629579.6341531471
 20
4837807.966790443
 10
629529.3243105382
 20
4837793.3339421
  0
LWPOLYLINE
  5
239
330
17
100
AcDbEntity
  8
ROADS
100
AcDbPolyline
 90
3
 70
0
 10
629529.3243105382
 20
4837793.3339421
 10
629515.2017834246
 20
4837822.007516974
 10
629453.5676994915
 20
4837803.8066281825
  0
LWPOLYLINE
  5
23A
330
17
100
AcDbEntity
  8
ROADS
100
AcDbPolyline
 90
2
 70
0
 10
629642.0865487115
 20
4837807.299177873
 10
629698.5985464577
 20
4837824.989409754
  0
LWPOLYLINE
  5
23B
330
17
100
AcDbEntity
  8
ROADS
100
AcDbPolyline
 90
2
 70
0
 10
629642.0865487115
 20
4837807.299177873
 10
629637.0466625585
 20
4837825.576299279
  0
LWPOLYLINE
  5
23C
330
17
100
AcDbEntity
  8
ROADS
100
AcDbPolyline
 90
2
 70
0
 10
629637.0466625585
 20
4837825.576299279
 10
629579.6341531471
 20
4837807.966790443
  0
LWPOLYLINE
  5
23D
330
17
100
AcDbEntity
  8
ROADS
100
AcDbPolyline
 90
2
 70
0
 10
629453.5676994915
 20
4837803.8066281825
 10
629438.9146307436
 20
4837850.423834016
  0
LWPOLYLINE
  5
23E
330
17
100
AcDbEntity
  8
ROADS
100
AcDbPolyline
 90
2
 70
0
 10
629637.0466625585
 20
4837825.576299279
 10
629612.0992913714
 20
4837903.190503679
  0
LWPOLYLINE
  5
23F
330
17
100
AcDbEntity
  8
ROADS
100
AcDbPolyline
 90
2
 70
0
 10
629571.1458575948
 20
4837891.446049482
 10
629438.9146307436
 20
4837850.423834016
  0
LWPOLYLINE
  5
240
330
17
100
AcDbEntity
  8
ROADS
100
AcDbPolyline
 90
2
 70
0
 10
629612.0992913714
 20
4837903.190503679
 10
629571.1458575948
 20
4837891.446049482
  0
LWPOLYLINE
  5
241
330
17
100
AcDbEntity
  8
ROADS
100
AcDbPolyline
 90
2
 70
0
 10
629612.0992913714
 20
4837903.190503679
 10
629602.3282195419
 20
4837932.794842026
  0
LWPOLYLINE
  5
242
330
17
100
AcDbEntity
  8
ROADS
100
AcDbPolyline
 90
2
 70
0
 10
629571.1458575948
 20
4837891.446049482
 10
629532.4683846888
 20
4838011.36784074
  0
LWPOLYLINE
  5
243
330
17
100
AcDbEntity
  8
ROADS
100
AcDbPolyline
 90
2
 70
0
 10
629602.3282195419
 20
4837932.794842026
 10
629878.6010399874
 20
4838014.984011685
  0
LWPOLYLINE
  5
244
330
17
100
AcDbEntity
  8
ROADS
100
AcDbPolyline
 90
2
 70
0
 10
629946.7102512642
 20
4838036.13727346
 10
630079.0920376228
 20
4837991.9873300595
  0
LWPOLYLINE
  5
245
330
17
100
AcDbEntity
  8
ROADS
100
AcDbPolyline
 90
2
 70
0
 10
629878.6010399874
 20
4838014.984011685
 10
629904.0042741733
 20
4838023.087005105
  0
LWPOLYLINE
  5
246
330
17
100
AcDbEntity
  8
ROADS
100
AcDbPolyline
 90
2
 70
0
 10
629904.0042741733
 20
4838023.087005105
 10
629918.967785199
 20
4838027.484933709
  0
LWPOLYLINE
  5
247
330
17
100
AcDbEntity
  8
ROADS
100
AcDbPolyline
 90
2
 70
0
 10
629918.967785199
 20
4838027.484933709
 10
629946.7102512642
 20
4838036.13727346
  0
LWPOLYLINE
  5
248
330
17
100
AcDbEntity
  8
ROADS
100
AcDbPolyline
 90
2
 70
0
 10
629904.0042741733
 20
4838023.087005105
 10
629913.6363615162
 20
4838044.075676315
  0
LWPOLYLINE
  5
249
330
17
100
AcDbEntity
  8
ROADS
100
AcDbPolyline
 90
2
 70
0
 10
629918.967785199
 20
4838027.484933709
 10
629913.6363615162
 20
4838044.075676315
  0
LWPOLYLINE
  5
24A
330
17
100
AcDbEntity
  8
ROADS
100
AcDbPolyline
 90
2
 70
0
 10
629946.7102512642
 20
4838036.13727346
 10
629930.9871271828
 20
4838085.183356361
  0
LWPOLYLINE
  5
24B
330
17
100
AcDbEntity
  8
ROADS
100
AcDbPolyline
 90
2
 70
0
 10
629913.6363615162
 20
4838044.075676315
 10
629930.9871271828
 20
4838085.183356361
  0
LWPOLYLINE
  5
24C
330
17
100
AcDbEntity
  8
ROADS
100
AcDbPolyline
 90
6
 70
0
 10
629923.7693504938
 20
4838109.416519046
 10
629930.0938623651
 20
4838122.848844144
 10
630010.4477115155
 20
4838138.430191397
 10
630024.9902284177
 20
4838085.211453334
 10
630077.6277040045
 20
4838039.884228914
 10
630079.0920376228
 20
4837991.9873300595
  0
LWPOLYLINE
  5
24D
330
17
100
AcDbEntity
  8
ROADS
100
AcDbPolyline
 90
2
 70
0
 10
629602.3282195419
 20
4837932.794842026
 10
629572.8522492113
 20
4838023.694047679
  0
LWPOLYLINE
  5
24E
330
17
100
AcDbEntity
  8
ROADS
100
AcDbPolyline
 90
2
 70
0
 10
629572.8522492113
 20
4838023.694047679
 10
629532.4683846888
 20
4838011.36784074
  0
LWPOLYLINE
  5
24F
330
17
100
AcDbEntity
  8
ROADS
100
AcDbPolyline
 90
2
 70
0
 10
629532.4683846888
 20
4838011.36784074
 10
629519.8635426771
 20
4838051.011611336
  0
LWPOLYLINE
  5
250
330
17
100
AcDbEntity
  8
ROADS
100
AcDbPolyline
 90
3
 70
0
 10
629466.9022990108
 20
4838122.6487117205
 10
629483.8843042217
 20
4838066.97801001
 10
629389.4832830504
 20
4838037.204679832
  0
LWPOLYLINE
  5
251
330
17
100
AcDbEntity
  8
ROADS
100
AcDbPolyline
 90
2
 70
0
 10
629572.8522492113
 20
4838023.694047679
 10
629534.8846694947
 20
4838146.275847579
  0
LWPOLYLINE
  5
252
330
17
100
AcDbEntity
  8
ROADS
100
AcDbPolyline
 90
2
 70
0
 10
629484.1742661372
 20
4838127.858445246
 10
629466.9022990108
 20
4838122.6487117205
  0
LWPOLYLINE
  5
253
330
17
100
AcDbEntity
  8
ROADS
100
AcDbPolyline
 90
2
 70
0
 10
629534.8846694947
 20
4838146.275847579
 10
629484.1742661372
 20
4838127.858445246
  0
LWPOLYLINE
  5
254
330
17
100
AcDbEntity
  8
ROADS
100
AcDbPolyline
 90
2
 70
0
 10
629484.1742661372
 20
4838127.858445246
 10
629454.417665794
 20
4838224.649932241
  0
LWPOLYLINE
  5
255
330
17
100
AcDbEntity
  8
ROADS
100
AcDbPolyline
 90
2
 70
0
 10
629534.8846694947
 20
4838146.275847579
 10
629736.7240890972
 20
4838212.049336241
  0
LWPOLYLINE
  5
256
330
17
100
AcDbEntity
  8
ROADS
100
AcDbPolyline
 90
2
 70
0
 10
629534.8846694947
 20
4838146.275847579
 10
629503.4326966983
 20
4838239.763457518
  0
LWPOLYLINE
  5
257
330
17
100
AcDbEntity
  8
ROADS
100
AcDbPolyline
 90
2
 70
0
 10
628981.3205027647
 20
4837855.4006434595
 10
628949.1274806465
 20
4837954.093072446
  0
LWPOLYLINE
  5
258
330
17
100
AcDbEntity
  8
ROADS
100
AcDbPolyline
 90
2
 70
0
 10
628949.1274806465
 20
4837954.093072446
 10
628758.1703258906
 20
4837895.501670291
  0
LWPOLYLINE
  5
259
330
17
100
AcDbEntity
  8
ROADS
100
AcDbPolyline
 90
2
 70
0
 10
628949.1274806465
 20
4837954.093072446
 10
628946.0924061079
 20
4837963.762332676
  0
LWPOLYLINE
  5
25A
330
17
100
AcDbEntity
  8
ROADS
100
AcDbPolyline
 90
2
 70
0
 10
629159.9781029131
 20
4838029.271445571
 10
628946.0924061079
 20
4837963.762332676
  0
LWPOLYLINE
  5
25B
330
17
100
AcDbEntity
  8
ROADS
100
AcDbPolyline
 90
2
 70
0
 10
628946.0924061079
 20
4837963.762332676
 10
628914.8363487825
 20
4838053.777604263
  0
LWPOLYLINE
  5
25C
330
17
100
AcDbEntity
  8
ROADS
100
AcDbPolyline
 90
2
 70
0
 10
628914.8363487825
 20
4838053.777604263
 10
628890.5425595173
 20
4838135.674732747
  0
LWPOLYLINE
  5
25D
330
17
100
AcDbEntity
  8
ROADS
100
AcDbPolyline
 90
2
 70
0
 10
628890.5425595173
 20
4838135.674732747
 10
628863.7859527473
 20
4838209.036735377
  0
LWPOLYLINE
  5
25E
330
17
100
AcDbEntity
  8
ROADS
100
AcDbPolyline
 90
8
 70
0
 10
628890.5425595173
 20
4838135.674732747
 10
629001.4591416302
 20
4838144.072305218
 10
629030.4509434983
 20
4838164.760039824
 10
629036.2999250611
 20
4838189.332482325
 10
629029.6085039477
 20
4838220.957596653
 10
629008.5927208099
 20
4838237.0675921505
 10
628922.5660643155
 20
4838243.695157358
 10
628893.2483541493
 20
4838326.672483182
  0
LWPOLYLINE
  5
25F
330
17
100
AcDbEntity
  8
ROADS
100
AcDbPolyline
 90
2
 70
0
 10
628863.7859527473
 20
4838209.036735377
 10
628832.057894216
 20
4838311.15573627
  0
LWPOLYLINE
  5
260
330
17
100
AcDbEntity
  8
ROADS
100
AcDbPolyline
 90
2
 70
0
 10
628893.2483541493
 20
4838326.672483182
 10
628832.057894216
 20
4838311.15573627
  0
LWPOLYLINE
  5
261
330
17
100
AcDbEntity
  8
ROADS
100
AcDbPolyline
 90
2
 70
0
 10
629572.8522492113
 20
4838023.694047679
 10
629881.9800849386
 20
4838115.296146998
  0
LWPOLYLINE
  5
262
330
17
100
AcDbEntity
  8
ROADS
100
AcDbPolyline
 90
2
 70
0
 10
629913.6363615162
 20
4838044.075676315
 10
629893.8747117048
 20
4838115.252265558
  0
LWPOLYLINE
  5
263
330
17
100
AcDbEntity
  8
ROADS
100
AcDbPolyline
 90
2
 70
0
 10
629930.9871271828
 20
4838085.183356361
 10
629923.7693504938
 20
4838109.416519046
  0
LWPOLYLINE
  5
264
330
17
100
AcDbEntity
  8
ROADS
100
AcDbPolyline
 90
2
 70
0
 10
629923.7693504938
 20
4838109.416519046
 10
629893.8747117048
 20
4838115.252265558
  0
LWPOLYLINE
  5
265
330
17
100
AcDbEntity
  8
ROADS
100
AcDbPolyline
 90
2
 70
0
 10
629881.9800849386
 20
4838115.296146998
 10
629893.8747117048
 20
4838115.252265558
  0
LWPOLYLINE
  5
266
330
17
100
AcDbEntity
  8
ROADS
100
AcDbPolyline
 90
2
 70
0
 10
629893.8747117048
 20
4838115.252265558
 10
629892.6393246497
 20
4838129.644931144
  0
LWPOLYLINE
  5
267
330
17
100
AcDbEntity
  8
ROADS
100
AcDbPolyline
 90
2
 70
0
 10
629881.9800849386
 20
4838115.296146998
 10
629892.6393246497
 20
4838129.644931144
  0
LWPOLYLINE
  5
268
330
17
100
AcDbEntity
  8
ROADS
100
AcDbPolyline
 90
2
 70
0
 10
629892.6393246497
 20
4838129.644931144
 10
629891.5939339746
 20
4838158.138020679
  0
LWPOLYLINE
  5
269
330
17
100
AcDbEntity
  8
ROADS
100
AcDbPolyline
 90
2
 70
0
 10
629891.5939339746
 20
4838158.138020679
 10
629871.2954808783
 20
4838173.7044977
  0
LWPOLYLINE
  5
26A
330
17
100
AcDbEntity
  8
ROADS
100
AcDbPolyline
 90
2
 70
0
 10
629923.9058697212
 20
4838182.650625631
 10
629891.5939339746
 20
4838158.138020679
  0
LWPOLYLINE
  5
26B
330
17
100
AcDbEntity
  8
ROADS
100
AcDbPolyline
 90
2
 70
0
 10
629235.5531177339
 20
4837788.747871419
 10
629216.8187004541
 20
4837782.562644763
  0
LWPOLYLINE
  5
26C
330
17
100
AcDbEntity
  8
ROADS
100
AcDbPolyline
 90
2
 70
0
 10
629438.9146307436
 20
4837850.423834016
 10
629235.5531177339
 20
4837788.747871419
  0
LWPOLYLINE
  5
26D
330
17
100
AcDbEntity
  8
ROADS
100
AcDbPolyline
 90
2
 70
0
 10
629197.2812348742
 20
4837910.024980762
 10
629175.3890662333
 20
4837903.482615738
  0
LWPOLYLINE
  5
26E
330
17
100
AcDbEntity
  8
ROADS
100
AcDbPolyline
 90
2
 70
0
 10
629532.4683846888
 20
4838011.36784074
 10
629197.2812348742
 20
4837910.024980762
  0
LWPOLYLINE
  5
26F
330
17
100
AcDbEntity
  8
ROADS
100
AcDbPolyline
 90
2
 70
0
 10
629197.2812348742
 20
4837910.024980762
 10
629159.9781029131
 20
4838029.271445571
  0
LWPOLYLINE
  5
270
330
17
100
AcDbEntity
  8
ROADS
100
AcDbPolyline
 90
2
 70
0
 10
629466.9022990108
 20
4838122.6487117205
 10
629159.9781029131
 20
4838029.271445571
  0
LWPOLYLINE
  5
271
330
17
100
AcDbEntity
  8
ROADS
100
AcDbPolyline
 90
2
 70
0
 10
629454.417665794
 20
4838224.649932241
 10
628914.8363487825
 20
4838053.777604263
  0
LWPOLYLINE
  5
272
330
17
100
AcDbEntity
  8
ROADS
100
AcDbPolyline
 90
2
 70
0
 10
629426.7968204838
 20
4838484.456227218
 10
629114.2793665894
 20
4838391.5495091695
  0
LWPOLYLINE
  5
273
330
17
100
AcDbEntity
  8
ROADS
100
AcDbPolyline
 90
2
 70
0
 10
629386.9695902347
 20
4838597.49363412
 10
629046.9799373433
 20
4838496.067360738
  0
LWPOLYLINE
  5
274
330
17
100
AcDbEntity
  8
ROADS
100
AcDbPolyline
 90
2
 70
0
 10
629386.9695902347
 20
4838597.49363412
 10
629384.7399493566
 20
4838609.131104442
  0
LWPOLYLINE
  5
275
330
17
100
AcDbEntity
  8
ROADS
100
AcDbPolyline
 90
2
 70
0
 10
629503.4326966983
 20
4838239.763457518
 10
629454.417665794
 20
4838224.649932241
  0
LWPOLYLINE
  5
276
330
17
100
AcDbEntity
  8
ROADS
100
AcDbPolyline
 90
2
 70
0
 10
629503.4326966983
 20
4838239.763457518
 10
629493.4395926957
 20
4838277.550324866
  0
LWPOLYLINE
  5
277
330
17
100
AcDbEntity
  8
ROADS
100
AcDbPolyline
 90
2
 70
0
 10
629493.4395926957
 20
4838277.550324866
 10
629538.1956404309
 20
4838291.485749621
  0
LWPOLYLINE
  5
278
330
17
100
AcDbEntity
  8
ROADS
100
AcDbPolyline
 90
2
 70
0
 10
629538.1956404309
 20
4838291.485749621
 10
629701.2639425026
 20
4838342.131547445
  0
LWPOLYLINE
  5
279
330
17
100
AcDbEntity
  8
ROADS
100
AcDbPolyline
 90
2
 70
0
 10
629538.1956404309
 20
4838291.485749621
 10
629520.2515750122
 20
4838347.375064592
  0
LWPOLYLINE
  5
27A
330
17
100
AcDbEntity
  8
ROADS
100
AcDbPolyline
 90
2
 70
0
 10
629493.4395926957
 20
4838277.550324866
 10
629460.6243644448
 20
4838376.6846435815
  0
LWPOLYLINE
  5
27B
330
17
100
AcDbEntity
  8
ROADS
100
AcDbPolyline
 90
2
 70
0
 10
629704.6298934269
 20
4838330.8126382595
 10
629701.2639425026
 20
4838342.131547445
  0
LWPOLYLINE
  5
27C
330
17
100
AcDbEntity
  8
ROADS
100
AcDbPolyline
 90
2
 70
0
 10
629520.2515750122
 20
4838347.375064592
 10
629535.6146670696
 20
4838352.128254431
  0
LWPOLYLINE
  5
27D
330
17
100
AcDbEntity
  8
ROADS
100
AcDbPolyline
 90
2
 70
0
 10
629520.2515750122
 20
4838347.375064592
 10
629506.5461957024
 20
4838390.857181538
  0
LWPOLYLINE
  5
27E
330
17
100
AcDbEntity
  8
ROADS
100
AcDbPolyline
 90
2
 70
0
 10
629460.6243644448
 20
4838376.6846435815
 10
629506.5461957024
 20
4838390.857181538
  0
LWPOLYLINE
  5
27F
330
17
100
AcDbEntity
  8
ROADS
100
AcDbPolyline
 90
2
 70
0
 10
628962.5256416878
 20
4838346.486785867
 10
628893.2483541493
 20
4838326.672483182
  0
LWPOLYLINE
  5
280
330
17
100
AcDbEntity
  8
ROADS
100
AcDbPolyline
 90
2
 70
0
 10
628893.2483541493
 20
4838326.672483182
 10
628867.9541908494
 20
4838350.362593267
  0
LWPOLYLINE
  5
281
330
17
100
AcDbEntity
  8
ROADS
100
AcDbPolyline
 90
2
 70
0
 10
628867.9541908494
 20
4838350.362593267
 10
628870.2034095855
 20
4838360.863977346
  0
LWPOLYLINE
  5
282
330
17
100
AcDbEntity
  8
ROADS
100
AcDbPolyline
 90
2
 70
0
 10
628867.9541908494
 20
4838350.362593267
 10
628822.0657184517
 20
4838360.167079525
  0
LWPOLYLINE
  5
283
330
17
100
AcDbEntity
  8
ROADS
100
AcDbPolyline
 90
2
 70
0
 10
629114.2793665894
 20
4838391.5495091695
 10
628962.5256416878
 20
4838346.486785867
  0
LWPOLYLINE
  5
284
330
17
100
AcDbEntity
  8
ROADS
100
AcDbPolyline
 90
2
 70
0
 10
629114.2793665894
 20
4838391.5495091695
 10
629046.9799373433
 20
4838496.067360738
  0
LWPOLYLINE
  5
285
330
17
100
AcDbEntity
  8
ROADS
100
AcDbPolyline
 90
2
 70
0
 10
628962.5256416878
 20
4838346.486785867
 10
628913.9815985181
 20
4838504.13428548
  0
LWPOLYLINE
  5
286
330
17
100
AcDbEntity
  8
ROADS
100
AcDbPolyline
 90
2
 70
0
 10
629046.9799373433
 20
4838496.067360738
 10
629040.0253844389
 20
4838621.853071239
  0
LWPOLYLINE
  5
287
330
17
100
AcDbEntity
  8
ROADS
100
AcDbPolyline
 90
2
 70
0
 10
629040.0253844389
 20
4838621.853071239
 10
629025.8635696884
 20
4838617.814951565
  0
LWPOLYLINE
  5
288
330
17
100
AcDbEntity
  8
ROADS
100
AcDbPolyline
 90
2
 70
0
 10
629844.7254139355
 20
4837869.021656493
 10
629917.1343556906
 20
4837891.644249927
  0
LWPOLYLINE
  5
289
330
17
100
AcDbEntity
  8
ROADS
100
AcDbPolyline
 90
2
 70
0
 10
629828.8419840608
 20
4837864.394583278
 10
629809.7862911717
 20
4837925.349218186
  0
LWPOLYLINE
  5
28A
330
17
100
AcDbEntity
  8
ROADS
100
AcDbPolyline
 90
3
 70
0
 10
629739.6475533049
 20
4837896.864272935
 10
629734.9117820632
 20
4837911.431140182
 10
629772.885050575
 20
4837922.676671001
  0
LWPOLYLINE
  5
28B
330
17
100
AcDbEntity
  8
ROADS
100
AcDbPolyline
 90
3
 70
0
 10
629739.6475533049
 20
4837896.864272935
 10
629777.2938962331
 20
4837908.657427981
 10
629772.885050575
 20
4837922.676671001
  0
LWPOLYLINE
  5
28C
330
17
100
AcDbEntity
  8
ROADS
100
AcDbPolyline
 90
2
 70
0
 10
629917.1343556906
 20
4837891.644249927
 10
629904.8092324955
 20
4837928.15290939
  0
LWPOLYLINE
  5
28D
330
17
100
AcDbEntity
  8
ROADS
100
AcDbPolyline
 90
2
 70
0
 10
629917.1343556906
 20
4837891.644249927
 10
630032.2580903694
 20
4837960.063077349
  0
LWPOLYLINE
  5
28E
330
17
100
AcDbEntity
  8
ROADS
100
AcDbPolyline
 90
2
 70
0
 10
629772.885050575
 20
4837922.676671001
 10
629826.0490543902
 20
4837938.41924407
  0
LWPOLYLINE
  5
28F
330
17
100
AcDbEntity
  8
ROADS
100
AcDbPolyline
 90
2
 70
0
 10
629904.8092324955
 20
4837928.15290939
 10
629926.0905117597
 20
4837934.4682255285
  0
LWPOLYLINE
  5
290
330
17
100
AcDbEntity
  8
ROADS
100
AcDbPolyline
 90
2
 70
0
 10
630032.2580903694
 20
4837960.063077349
 10
629961.7791950441
 20
4837978.914780608
  0
LWPOLYLINE
  5
291
330
17
100
AcDbEntity
  8
ROADS
100
AcDbPolyline
 90
2
 70
0
 10
629904.8092324955
 20
4837928.15290939
 10
629878.6010399874
 20
4838014.984011685
  0
LWPOLYLINE
  5
292
330
17
100
AcDbEntity
  8
ROADS
100
AcDbPolyline
 90
3
 70
0
 10
630343.4893109328
 20
4838060.4129011575
 10
630372.4372033817
 20
4837964.930611101
 10
630486.1555669527
 20
4838000.110664602
  0
LWPOLYLINE
  5
293
330
17
100
AcDbEntity
  8
ROADS
100
AcDbPolyline
 90
2
 70
0
 10
630343.4893109328
 20
4838060.4129011575
 10
630447.3660307436
 20
4838091.895343004
  0
LWPOLYLINE
  5
294
330
17
100
AcDbEntity
  8
ROADS
100
AcDbPolyline
 90
2
 70
0
 10
630108.1099858147
 20
4837901.1447048355
 10
630095.547220553
 20
4837942.940460588
  0
LWPOLYLINE
  5
295
330
17
100
AcDbEntity
  8
ROADS
100
AcDbPolyline
 90
2
 70
0
 10
630032.2580903694
 20
4837960.063077349
 10
630079.0920376228
 20
4837991.9873300595
  0
LWPOLYLINE
  5
296
330
17
100
AcDbEntity
  8
ROADS
100
AcDbPolyline
 90
3
 70
0
 10
630159.5985444874
 20
4838024.952644714
 10
630166.1049012762
 20
4837976.465878293
 10
630095.547220553
 20
4837942.940460588
  0
LWPOLYLINE
  5
297
330
17
100
AcDbEntity
  8
ROADS
100
AcDbPolyline
 90
4
 70
0
 10
630079.0920376228
 20
4837991.9873300595
 10
630138.1171250273
 20
4838020.578836514
 10
630140.9747283567
 20
4838052.626785938
 10
630159.5985444874
 20
4838024.952644714
  0
LWPOLYLINE
  5
298
330
17
100
AcDbEntity
  8
ROADS
100
AcDbPolyline
 90
2
 70
0
 10
630186.804654089
 20
4838042.525922714
 10
630159.5985444874
 20
4838024.952644714
  0
LWPOLYLINE
  5
299
330
17
100
AcDbEntity
  8
ROADS
100
AcDbPolyline
 90
2
 70
0
 10
630287.7105757731
 20
4838047.9032276925
 10
630343.4893109328
 20
4838060.4129011575
  0
LWPOLYLINE
  5
29A
330
17
100
AcDbEntity
  8
ROADS
100
AcDbPolyline
 90
2
 70
0
 10
630270.5087104945
 20
4838097.094126568
 10
630186.804654089
 20
4838042.525922714
  0
LWPOLYLINE
  5
29B
330
17
100
AcDbEntity
  8
ROADS
100
AcDbPolyline
 90
2
 70
0
 10
630287.7105757731
 20
4838047.9032276925
 10
630270.5087104945
 20
4838097.094126568
  0
LWPOLYLINE
  5
29C
330
17
100
AcDbEntity
  8
ROADS
100
AcDbPolyline
 90
2
 70
0
 10
630270.5087104945
 20
4838097.094126568
 10
630259.6269140344
 20
4838135.302541897
  0
LWPOLYLINE
  5
29D
330
17
100
AcDbEntity
  8
ROADS
100
AcDbPolyline
 90
4
 70
0
 10
630139.8406986579
 20
4838249.409207746
 10
630120.4316248987
 20
4838141.490541125
 10
630153.4001994528
 20
4838120.604320732
 10
630186.804654089
 20
4838042.525922714
  0
LWPOLYLINE
  5
29E
330
17
100
AcDbEntity
  8
ROADS
100
AcDbPolyline
 90
3
 70
0
 10
630343.4893109328
 20
4838060.4129011575
 10
630322.0610593796
 20
4838103.028401951
 10
630433.1416676771
 20
4838140.642847987
  0
LWPOLYLINE
  5
29F
330
17
100
AcDbEntity
  8
ROADS
100
AcDbPolyline
 90
3
 70
0
 10
630426.7361504912
 20
4838164.302052536
 10
630379.8922488671
 20
4838150.576711175
 10
630270.5087104945
 20
4838097.094126568
  0
LWPOLYLINE
  5
2A0
330
17
100
AcDbEntity
  8
ROADS
100
AcDbPolyline
 90
3
 70
0
 10
630259.6269140344
 20
4838135.302541897
 10
630380.9611650441
 20
4838183.097368916
 10
630419.028087415
 20
4838193.4277056
  0
LWPOLYLINE
  5
2A1
330
17
100
AcDbEntity
  8
ROADS
100
AcDbPolyline
 90
2
 70
0
 10
629871.2954808783
 20
4838173.7044977
 10
629922.3309933877
 20
4838193.668415616
  0
LWPOLYLINE
  5
2A2
330
17
100
AcDbEntity
  8
ROADS
100
AcDbPolyline
 90
3
 70
0
 10
629871.2954808783
 20
4838173.7044977
 10
629762.8260647907
 20
4838158.739199774
 10
629736.7240890972
 20
4838212.049336241
  0
LWPOLYLINE
  5
2A3
330
17
100
AcDbEntity
  8
ROADS
100
AcDbPolyline
 90
2
 70
0
 10
629923.9058697212
 20
4838182.650625631
 10
629922.3309933877
 20
4838193.668415616
  0
LWPOLYLINE
  5
2A4
330
17
100
AcDbEntity
  8
ROADS
100
AcDbPolyline
 90
2
 70
0
 10
629871.2954808783
 20
4838173.7044977
 10
629860.2640806196
 20
4838209.2089702105
  0
LWPOLYLINE
  5
2A5
330
17
100
AcDbEntity
  8
ROADS
100
AcDbPolyline
 90
3
 70
0
 10
629860.2640806196
 20
4838209.2089702105
 10
629779.2186584043
 20
4838183.927428317
 10
629763.7780257184
 20
4838223.3259169925
  0
LWPOLYLINE
  5
2A6
330
17
100
AcDbEntity
  8
ROADS
100
AcDbPolyline
 90
2
 70
0
 10
629922.3309933877
 20
4838193.668415616
 10
629963.7567552204
 20
4838238.048087561
  0
LWPOLYLINE
  5
2A7
330
17
100
AcDbEntity
  8
ROADS
100
AcDbPolyline
 90
2
 70
0
 10
629736.7240890972
 20
4838212.049336241
 10
629763.7780257184
 20
4838223.3259169925
  0
LWPOLYLINE
  5
2A8
330
17
100
AcDbEntity
  8
ROADS
100
AcDbPolyline
 90
2
 70
0
 10
629860.2640806196
 20
4838209.2089702105
 10
629963.7567552204
 20
4838238.048087561
  0
LWPOLYLINE
  5
2A9
330
17
100
AcDbEntity
  8
ROADS
100
AcDbPolyline
 90
4
 70
0
 10
630027.4662758112
 20
4838296.931152248
 10
630045.2510312636
 20
4838240.782850411
 10
629991.0683412827
 20
4838202.7352264365
 10
629923.9058697212
 20
4838182.650625631
  0
LWPOLYLINE
  5
2AA
330
17
100
AcDbEntity
  8
ROADS
100
AcDbPolyline
 90
2
 70
0
 10
629963.7567552204
 20
4838238.048087561
 10
629948.7522724444
 20
4838266.270365618
  0
LWPOLYLINE
  5
2AB
330
17
100
AcDbEntity
  8
ROADS
100
AcDbPolyline
 90
2
 70
0
 10
630245.0063059877
 20
4838233.64311156
 10
630277.5451483097
 20
4838243.732325801
  0
LWPOLYLINE
  5
2AC
330
17
100
AcDbEntity
  8
ROADS
100
AcDbPolyline
 90
2
 70
0
 10
630139.8406986579
 20
4838249.409207746
 10
630126.3593075534
 20
4838269.061773916
  0
LWPOLYLINE
  5
2AD
330
17
100
AcDbEntity
  8
ROADS
100
AcDbPolyline
 90
2
 70
0
 10
630139.8406986579
 20
4838249.409207746
 10
630144.4264373543
 20
4838282.837512612
  0
LWPOLYLINE
  5
2AE
330
17
100
AcDbEntity
  8
ROADS
100
AcDbPolyline
 90
2
 70
0
 10
630277.5451483097
 20
4838243.732325801
 10
630262.7357028129
 20
4838291.967915249
  0
LWPOLYLINE
  5
2AF
330
17
100
AcDbEntity
  8
ROADS
100
AcDbPolyline
 90
2
 70
0
 10
630277.5451483097
 20
4838243.732325801
 10
630389.9847286812
 20
4838278.676880408
  0
LWPOLYLINE
  5
2B0
330
17
100
AcDbEntity
  8
ROADS
100
AcDbPolyline
 90
2
 70
0
 10
630126.3593075534
 20
4838269.061773916
 10
630144.4264373543
 20
4838282.837512612
  0
LWPOLYLINE
  5
2B1
330
17
100
AcDbEntity
  8
ROADS
100
AcDbPolyline
 90
3
 70
0
 10
630259.6269140344
 20
4838135.302541897
 10
630214.4826316959
 20
4838304.886121805
 10
630242.0699231595
 20
4838427.114761643
  0
LWPOLYLINE
  5
2B2
330
17
100
AcDbEntity
  8
ROADS
100
AcDbPolyline
 90
3
 70
0
 10
630144.4264373543
 20
4838282.837512612
 10
630149.8976827587
 20
4838332.385975747
 10
630133.4459500764
 20
4838353.648930745
  0
LWPOLYLINE
  5
2B3
330
17
100
AcDbEntity
  8
ROADS
100
AcDbPolyline
 90
2
 70
0
 10
630178.3387718394
 20
4838385.737151938
 10
630133.4459500764
 20
4838353.648930745
  0
LWPOLYLINE
  5
2B4
330
17
100
AcDbEntity
  8
ROADS
100
AcDbPolyline
 90
2
 70
0
 10
630133.4459500764
 20
4838353.648930745
 10
630097.8816224858
 20
4838403.399719676
  0
LWPOLYLINE
  5
2B5
330
17
100
AcDbEntity
  8
ROADS
100
AcDbPolyline
 90
2
 70
0
 10
629963.7567552204
 20
4838238.048087561
 10
629992.1189020944
 20
4838282.880865797
  0
LWPOLYLINE
  5
2B6
330
17
100
AcDbEntity
  8
ROADS
100
AcDbPolyline
 90
2
 70
0
 10
629948.7522724444
 20
4838266.270365618
 10
629971.5820975199
 20
4838274.958968926
  0
LWPOLYLINE
  5
2B7
330
17
100
AcDbEntity
  8
ROADS
100
AcDbPolyline
 90
2
 70
0
 10
629736.7240890972
 20
4838212.049336241
 10
629704.6298934269
 20
4838330.8126382595
  0
LWPOLYLINE
  5
2B8
330
17
100
AcDbEntity
  8
ROADS
100
AcDbPolyline
 90
2
 70
0
 10
629971.5820975199
 20
4838274.958968926
 10
629992.1189020944
 20
4838282.880865797
  0
LWPOLYLINE
  5
2B9
330
17
100
AcDbEntity
  8
ROADS
100
AcDbPolyline
 90
3
 70
0
 10
629763.7780257184
 20
4838223.3259169925
 10
629735.2754806353
 20
4838317.572980956
 10
629798.4770747629
 20
4838339.070559287
  0
LWPOLYLINE
  5
2BA
330
17
100
AcDbEntity
  8
ROADS
100
AcDbPolyline
 90
4
 70
0
 10
629964.8936137096
 20
4838331.0598524045
 10
630020.2579189981
 20
4838269.000813259
 10
630012.6745321197
 20
4838289.782123125
 10
630027.4662758112
 20
4838296.931152248
  0
LWPOLYLINE
  5
2BB
330
17
100
AcDbEntity
  8
ROADS
100
AcDbPolyline
 90
2
 70
0
 10
629971.5820975199
 20
4838274.958968926
 10
629964.8936137096
 20
4838331.0598524045
  0
LWPOLYLINE
  5
2BC
330
17
100
AcDbEntity
  8
ROADS
100
AcDbPolyline
 90
2
 70
0
 10
629992.1189020944
 20
4838282.880865797
 10
629964.8936137096
 20
4838331.0598524045
  0
LWPOLYLINE
  5
2BD
330
17
100
AcDbEntity
  8
ROADS
100
AcDbPolyline
 90
2
 70
0
 10
629948.7522724444
 20
4838266.270365618
 10
629914.5719372898
 20
4838375.63184787
  0
LWPOLYLINE
  5
2BE
330
17
100
AcDbEntity
  8
ROADS
100
AcDbPolyline
 90
2
 70
0
 10
629704.6298934269
 20
4838330.8126382595
 10
629798.4770747629
 20
4838339.070559287
  0
LWPOLYLINE
  5
2BF
330
17
100
AcDbEntity
  8
ROADS
100
AcDbPolyline
 90
2
 70
0
 10
630355.0652441931
 20
4838347.979800007
 10
630359.1687930289
 20
4838349.135463049
  0
LWPOLYLINE
  5
2C0
330
17
100
AcDbEntity
  8
ROADS
100
AcDbPolyline
 90
2
 70
0
 10
629964.8936137096
 20
4838331.0598524045
 10
629960.4166525367
 20
4838347.738052945
  0
LWPOLYLINE
  5
2C1
330
17
100
AcDbEntity
  8
ROADS
100
AcDbPolyline
 90
2
 70
0
 10
629798.4770747629
 20
4838339.070559287
 10
629818.9069824294
 20
4838345.623518118
  0
LWPOLYLINE
  5
2C2
330
17
100
AcDbEntity
  8
ROADS
100
AcDbPolyline
 90
3
 70
0
 10
630027.4662758112
 20
4838296.931152248
 10
629971.5935463246
 20
4838379.800455763
 10
629906.6823641981
 20
4838398.467755085
  0
LWPOLYLINE
  5
2C3
330
17
100
AcDbEntity
  8
ROADS
100
AcDbPolyline
 90
2
 70
0
 10
629818.9069824294
 20
4838345.623518118
 10
629814.5609081609
 20
4838360.096924486
  0
LWPOLYLINE
  5
2C4
330
17
100
AcDbEntity
  8
ROADS
100
AcDbPolyline
 90
2
 70
0
 10
629818.9069824294
 20
4838345.623518118
 10
629869.1021530107
 20
4838361.289459713
  0
LWPOLYLINE
  5
2C5
330
17
100
AcDbEntity
  8
ROADS
100
AcDbPolyline
 90
3
 70
0
 10
629964.8936137096
 20
4838331.0598524045
 10
629937.341269675
 20
4838375.867679366
 10
629914.5719372898
 20
4838375.63184787
  0
LWPOLYLINE
  5
2C6
330
17
100
AcDbEntity
  8
ROADS
100
AcDbPolyline
 90
2
 70
0
 10
629701.2639425026
 20
4838342.131547445
 10
629808.627751256
 20
4838377.0567995
  0
LWPOLYLINE
  5
2C7
330
17
100
AcDbEntity
  8
ROADS
100
AcDbPolyline
 90
2
 70
0
 10
629814.5609081609
 20
4838360.096924486
 10
629869.1021530107
 20
4838361.289459713
  0
LWPOLYLINE
  5
2C8
330
17
100
AcDbEntity
  8
ROADS
100
AcDbPolyline
 90
2
 70
0
 10
629869.1021530107
 20
4838361.289459713
 10
629914.5719372898
 20
4838375.63184787
  0
LWPOLYLINE
  5
2C9
330
17
100
AcDbEntity
  8
ROADS
100
AcDbPolyline
 90
2
 70
0
 10
629814.5609081609
 20
4838360.096924486
 10
629808.627751256
 20
4838377.0567995
  0
LWPOLYLINE
  5
2CA
330
17
100
AcDbEntity
  8
ROADS
100
AcDbPolyline
 90
3
 70
0
 10
630126.3593075534
 20
4838269.061773916
 10
630107.0422865949
 20
4838338.543317786
 10
629943.5988016751
 20
4838471.458568346
  0
LWPOLYLINE
  5
2CB
330
17
100
AcDbEntity
  8
ROADS
100
AcDbPolyline
 90
2
 70
0
 10
629914.5719372898
 20
4838375.63184787
 10
629906.6823641981
 20
4838398.467755085
  0
LWPOLYLINE
  5
2CC
330
17
100
AcDbEntity
  8
ROADS
100
AcDbPolyline
 90
2
 70
0
 10
629808.627751256
 20
4838377.0567995
 10
629891.8097026087
 20
4838408.122437838
  0
LWPOLYLINE
  5
2CD
330
17
100
AcDbEntity
  8
ROADS
100
AcDbPolyline
 90
2
 70
0
 10
629891.8097026087
 20
4838408.122437838
 10
629906.6823641981
 20
4838398.467755085
  0
LWPOLYLINE
  5
2CE
330
17
100
AcDbEntity
  8
ROADS
100
AcDbPolyline
 90
2
 70
0
 10
629891.8097026087
 20
4838408.122437838
 10
629861.6376560626
 20
4838501.613274263
  0
LWPOLYLINE
  5
2CF
330
17
100
AcDbEntity
  8
ROADS
100
AcDbPolyline
 90
2
 70
0
 10
629943.5988016751
 20
4838471.458568346
 10
629861.6376560626
 20
4838501.613274263
  0
LWPOLYLINE
  5
2D0
330
17
100
AcDbEntity
  8
ROADS
100
AcDbPolyline
 90
2
 70
0
 10
629861.6376560626
 20
4838501.613274263
 10
629829.1263301672
 20
4838529.758216547
  0
LWPOLYLINE
  5
2D1
330
17
100
AcDbEntity
  8
ROADS
100
AcDbPolyline
 90
4
 70
0
 10
629943.5988016751
 20
4838471.458568346
 10
629934.6357785678
 20
4838510.459194984
 10
629871.3104095501
 20
4838542.965118299
 10
629820.7907068924
 20
4838606.8878401555
  0
LWPOLYLINE
  5
2D2
330
17
100
AcDbEntity
  8
ROADS
100
AcDbPolyline
 90
2
 70
0
 10
629829.1263301672
 20
4838529.758216547
 10
629760.2074859479
 20
4838589.692868242
  0
LWPOLYLINE
  5
2D3
330
17
100
AcDbEntity
  8
ROADS
100
AcDbPolyline
 90
2
 70
0
 10
629760.2074859479
 20
4838589.692868242
 10
629820.7907068924
 20
4838606.8878401555
  0
LWPOLYLINE
  5
2D4
330
17
100
AcDbEntity
  8
ROADS
100
AcDbPolyline
 90
3
 70
0
 10
629555.6144588909
 20
4838410.325996999
 10
629570.9485715358
 20
4838363.43709685
 10
629613.6374845435
 20
4838376.5430916585
  0
LWPOLYLINE
  5
2D5
330
17
100
AcDbEntity
  8
ROADS
100
AcDbPolyline
 90
2
 70
0
 10
629506.5461957024
 20
4838390.857181538
 10
629555.6144588909
 20
4838410.325996999
  0
LWPOLYLINE
  5
2D6
330
17
100
AcDbEntity
  8
ROADS
100
AcDbPolyline
 90
2
 70
0
 10
629460.6243644448
 20
4838376.6846435815
 10
629426.7968204838
 20
4838484.456227218
  0
LWPOLYLINE
  5
2D7
330
17
100
AcDbEntity
  8
ROADS
100
AcDbPolyline
 90
2
 70
0
 10
629482.7911384724
 20
4838501.404148521
 10
629504.9362818532
 20
4838428.49865812
  0
LWPOLYLINE
  5
2D8
330
17
100
AcDbEntity
  8
ROADS
100
AcDbPolyline
 90
3
 70
0
 10
629555.6144588909
 20
4838410.325996999
 10
629769.883962979
 20
4838477.357055679
 10
629829.1263301672
 20
4838529.758216547
  0
LWPOLYLINE
  5
2D9
330
17
100
AcDbEntity
  8
ROADS
100
AcDbPolyline
 90
2
 70
0
 10
629426.7968204838
 20
4838484.456227218
 10
629482.7911384724
 20
4838501.404148521
  0
LWPOLYLINE
  5
2DA
330
17
100
AcDbEntity
  8
ROADS
100
AcDbPolyline
 90
2
 70
0
 10
629482.7911384724
 20
4838501.404148521
 10
629541.4094097726
 20
4838520.963714627
  0
LWPOLYLINE
  5
2DB
330
17
100
AcDbEntity
  8
ROADS
100
AcDbPolyline
 90
2
 70
0
 10
629541.4094097726
 20
4838520.963714627
 10
629633.9552813219
 20
4838549.632563613
  0
LWPOLYLINE
  5
2DC
330
17
100
AcDbEntity
  8
ROADS
100
AcDbPolyline
 90
2
 70
0
 10
629426.7968204838
 20
4838484.456227218
 10
629386.9695902347
 20
4838597.49363412
  0
LWPOLYLINE
  5
2DD
330
17
100
AcDbEntity
  8
ROADS
100
AcDbPolyline
 90
2
 70
0
 10
629633.9552813219
 20
4838549.632563613
 10
629760.2074859479
 20
4838589.692868242
  0
LWPOLYLINE
  5
2DE
330
17
100
AcDbEntity
  8
ROADS
100
AcDbPolyline
 90
2
 70
0
 10
629633.9552813219
 20
4838549.632563613
 10
629620.7086681144
 20
4838592.02190956
  0
LWPOLYLINE
  5
2DF
330
17
100
AcDbEntity
  8
ROADS
100
AcDbPolyline
 90
3
 70
0
 10
629620.7086681144
 20
4838592.02190956
 10
629575.6668349075
 20
4838578.7923211595
 10
629558.4419427721
 20
4838634.008589162
  0
LWPOLYLINE
  5
2E0
330
17
100
AcDbEntity
  8
ROADS
100
AcDbPolyline
 90
2
 70
0
 10
629384.7399493566
 20
4838609.131104442
 10
629444.4562915345
 20
4838627.307449898
  0
LWPOLYLINE
  5
2E1
330
17
100
AcDbEntity
  8
ROADS
100
AcDbPolyline
 90
2
 70
0
 10
629541.4094097726
 20
4838520.963714627
 10
629477.1544071977
 20
4838730.259954146
  0
LWPOLYLINE
  5
2E2
330
17
100
AcDbEntity
  8
ROADS
100
AcDbPolyline
 90
2
 70
0
 10
629620.7086681144
 20
4838592.02190956
 10
629584.2280342903
 20
4838708.740155681
  0
LWPOLYLINE
  5
2E3
330
17
100
AcDbEntity
  8
ROADS
100
AcDbPolyline
 90
2
 70
0
 10
629359.0139822903
 20
4838693.179553151
 10
629477.1544071977
 20
4838730.259954146
  0
LWPOLYLINE
  5
2E4
330
17
100
AcDbEntity
  8
ROADS
100
AcDbPolyline
 90
2
 70
0
 10
629477.1544071977
 20
4838730.259954146
 10
629487.7440408003
 20
4838734.024753097
  0
LWPOLYLINE
  5
2E5
330
17
100
AcDbEntity
  8
ROADS
100
AcDbPolyline
 90
2
 70
0
 10
629487.7440408003
 20
4838734.024753097
 10
629685.8996627902
 20
4838797.056265978
  0
LWPOLYLINE
  5
2E6
330
17
100
AcDbEntity
  8
ROADS
100
AcDbPolyline
 90
3
 70
0
 10
629487.7440408003
 20
4838734.024753097
 10
629474.3307127678
 20
4838777.834155932
 10
629484.2917275522
 20
4838816.15026682
  0
LWPOLYLINE
  5
2E7
330
17
100
AcDbEntity
  8
ROADS
100
AcDbPolyline
 90
2
 70
0
 10
629685.8996627902
 20
4838797.056265978
 10
629679.0658804032
 20
4838825.82953095
  0
LWPOLYLINE
  5
2E8
330
17
100
AcDbEntity
  8
ROADS
100
AcDbPolyline
 90
2
 70
0
 10
629150.6722316217
 20
4838655.503642582
 10
629040.0253844389
 20
4838621.853071239
  0
LWPOLYLINE
  5
2E9
330
17
100
AcDbEntity
  8
ROADS
100
AcDbPolyline
 90
2
 70
0
 10
629384.7399493566
 20
4838609.131104442
 10
629359.0139822903
 20
4838693.179553151
  0
LWPOLYLINE
  5
2EA
330
17
100
AcDbEntity
  8
ROADS
100
AcDbPolyline
 90
2
 70
0
 10
629353.306480827
 20
4838714.5817852
 10
629150.6722316217
 20
4838655.503642582
  0
LWPOLYLINE
  5
2EB
330
17
100
AcDbEntity
  8
ROADS
100
AcDbPolyline
 90
2
 70
0
 10
629359.0139822903
 20
4838693.179553151
 10
629353.306480827
 20
4838714.5817852
  0
LWPOLYLINE
  5
2EC
330
17
100
AcDbEntity
  8
ROADS
100
AcDbPolyline
 90
2
 70
0
 10
629150.6722316217
 20
4838655.503642582
 10
629139.0942561001
 20
4838695.597284938
  0
LWPOLYLINE
  5
2ED
330
17
100
AcDbEntity
  8
ROADS
100
AcDbPolyline
 90
2
 70
0
 10
629353.306480827
 20
4838714.5817852
 10
629344.0959441691
 20
4838779.759652228
  0
LWPOLYLINE
  5
2EE
330
17
100
AcDbEntity
  8
ROADS
100
AcDbPolyline
 90
2
 70
0
 10
629344.0959441691
 20
4838779.759652228
 10
629342.4656287587
 20
4838780.029448143
  0
LWPOLYLINE
  5
2EF
330
17
100
AcDbEntity
  8
ROADS
100
AcDbPolyline
 90
2
 70
0
 10
629344.0959441691
 20
4838779.759652228
 10
629343.9678975149
 20
4838780.5169636635
  0
LWPOLYLINE
  5
2F0
330
17
100
AcDbEntity
  8
ROADS
100
AcDbPolyline
 90
3
 70
0
 10
630178.3387718394
 20
4838385.737151938
 10
630140.4670183933
 20
4838411.284997075
 10
630097.8816224858
 20
4838403.399719676
  0
LWPOLYLINE
  5
2F1
330
17
100
AcDbEntity
  8
ROADS
100
AcDbPolyline
 90
2
 70
0
 10
630097.8816224858
 20
4838403.399719676
 10
630078.3903876735
 20
4838400.848512028
  0
LWPOLYLINE
  5
2F2
330
17
100
AcDbEntity
  8
ROADS
100
AcDbPolyline
 90
2
 70
0
 10
630242.0699231595
 20
4838427.114761643
 10
630178.3387718394
 20
4838385.737151938
  0
LWPOLYLINE
  5
2F3
330
17
100
AcDbEntity
  8
ROADS
100
AcDbPolyline
 90
2
 70
0
 10
630242.0699231595
 20
4838427.114761643
 10
630261.3020047429
 20
4838486.953861966
  0
LWPOLYLINE
  5
2F4
330
17
100
AcDbEntity
  8
ROADS
100
AcDbPolyline
 90
2
 70
0
 10
630261.3020047429
 20
4838486.953861966
 10
630279.9032669781
 20
4838480.742438317
  0
LWPOLYLINE
  5
2F5
330
17
100
AcDbEntity
  8
ROADS
100
AcDbPolyline
 90
3
 70
0
 10
630290.5685165317
 20
4838464.072622663
 10
630300.5545565365
 20
4838435.161118897
 10
630308.6890471198
 20
4838437.7422900135
  0
LWPOLYLINE
  5
2F6
330
17
100
AcDbEntity
  8
ROADS
100
AcDbPolyline
 90
2
 70
0
 10
630261.3020047429
 20
4838486.953861966
 10
630265.0478432712
 20
4838500.529410953
  0
LWPOLYLINE
  5
2F7
330
17
100
AcDbEntity
  8
ROADS
100
AcDbPolyline
 90
3
 70
0
 10
630077.6343669975
 20
4838574.510103408
 10
630169.4624962026
 20
4838496.7944856975
 10
630250.6880557023
 20
4838519.656211325
  0
LWPOLYLINE
  5
2F8
330
17
100
AcDbEntity
  8
ROADS
100
AcDbPolyline
 90
3
 70
0
 10
629995.5329661687
 20
4838661.567265446
 10
630004.6871072622
 20
4838635.443999001
 10
630077.6343669975
 20
4838574.510103408
  0
LWPOLYLINE
  5
2F9
330
17
100
AcDbEntity
  8
ROADS
100
AcDbPolyline
 90
3
 70
0
 10
629760.2074859479
 20
4838589.692868242
 10
629736.3669186191
 20
4838637.345980621
 10
629742.5858777561
 20
4838666.453491003
  0
LWPOLYLINE
  5
2FA
330
17
100
AcDbEntity
  8
ROADS
100
AcDbPolyline
 90
2
 70
0
 10
629820.7907068924
 20
4838606.8878401555
 10
629969.2542650827
 20
4838653.5423921645
  0
LWPOLYLINE
  5
2FB
330
17
100
AcDbEntity
  8
ROADS
100
AcDbPolyline
 90
2
 70
0
 10
629820.7907068924
 20
4838606.8878401555
 10
629742.5858777561
 20
4838666.453491003
  0
LWPOLYLINE
  5
2FC
330
17
100
AcDbEntity
  8
ROADS
100
AcDbPolyline
 90
2
 70
0
 10
629969.2542650827
 20
4838653.5423921645
 10
629995.5329661687
 20
4838661.567265446
  0
LWPOLYLINE
  5
2FD
330
17
100
AcDbEntity
  8
ROADS
100
AcDbPolyline
 90
2
 70
0
 10
629936.4748831495
 20
4838758.094845927
 10
629969.2542650827
 20
4838653.5423921645
  0
LWPOLYLINE
  5
2FE
330
17
100
AcDbEntity
  8
ROADS
100
AcDbPolyline
 90
2
 70
0
 10
629742.5858777561
 20
4838666.453491003
 10
629685.8996627902
 20
4838797.056265978
  0
LWPOLYLINE
  5
2FF
330
17
100
AcDbEntity
  8
ROADS
100
AcDbPolyline
 90
3
 70
0
 10
629836.3386437048
 20
4838798.324122756
 10
629856.8035091892
 20
4838743.155742428
 10
629936.4748831495
 20
4838758.094845927
  0
LWPOLYLINE
  5
300
330
17
100
AcDbEntity
  8
ROADS
100
AcDbPolyline
 90
2
 70
0
 10
629934.7503532852
 20
4838763.567566613
 10
629936.4748831495
 20
4838758.094845927
  0
LWPOLYLINE
  5
301
330
17
100
AcDbEntity
  8
ROADS
100
AcDbPolyline
 90
2
 70
0
 10
630077.6343669975
 20
4838574.510103408
 10
630174.3413179043
 20
4838604.944290111
  0
LWPOLYLINE
  5
302
330
17
100
AcDbEntity
  8
ROADS
100
AcDbPolyline
 90
2
 70
0
 10
629995.5329661687
 20
4838661.567265446
 10
630074.8307988247
 20
4838686.061348642
  0
LWPOLYLINE
  5
303
330
17
100
AcDbEntity
  8
ROADS
100
AcDbPolyline
 90
2
 70
0
 10
629936.4748831495
 20
4838758.094845927
 10
629942.3911733909
 20
4838760.004240757
  0
LWPOLYLINE
  5
304
330
17
100
AcDbEntity
  8
ROADS
100
AcDbPolyline
 90
2
 70
0
 10
628663.855709083
 20
4837348.4686777545
 10
628604.8587922703
 20
4837337.0339167025
  0
LWPOLYLINE
  5
305
330
17
100
AcDbEntity
  8
ROADS
100
AcDbPolyline
 90
2
 70
0
 10
628716.113744302
 20
4837355.571152758
 10
628663.855709083
 20
4837348.4686777545
  0
LWPOLYLINE
  5
306
330
17
100
AcDbEntity
  8
ROADS
100
AcDbPolyline
 90
2
 70
0
 10
628716.113744302
 20
4837355.571152758
 10
628722.9153983061
 20
4837417.937299841
  0
LWPOLYLINE
  5
307
330
17
100
AcDbEntity
  8
ROADS
100
AcDbPolyline
 90
2
 70
0
 10
628879.576476226
 20
4837466.123524089
 10
628722.9153983061
 20
4837417.937299841
  0
LWPOLYLINE
  5
308
330
17
100
AcDbEntity
  8
ROADS
100
AcDbPolyline
 90
2
 70
0
 10
628722.9153983061
 20
4837417.937299841
 10
628726.5827990656
 20
4837520.230427953
  0
LWPOLYLINE
  5
309
330
17
100
AcDbEntity
  8
ROADS
100
AcDbPolyline
 90
3
 70
0
 10
628663.855709083
 20
4837348.4686777545
 10
628637.5973766524
 20
4837439.799892168
 10
628649.2493080617
 20
4837504.944779298
  0
LWPOLYLINE
  5
30A
330
17
100
AcDbEntity
  8
ROADS
100
AcDbPolyline
 90
2
 70
0
 10
628847.3880384668
 20
4837566.3941469295
 10
628726.5827990656
 20
4837520.230427953
  0
LWPOLYLINE
  5
30B
330
17
100
AcDbEntity
  8
ROADS
100
AcDbPolyline
 90
2
 70
0
 10
628726.5827990656
 20
4837520.230427953
 10
628759.2874145355
 20
4837616.534274511
  0
LWPOLYLINE
  5
30C
330
17
100
AcDbEntity
  8
ROADS
100
AcDbPolyline
 90
2
 70
0
 10
628759.2874145355
 20
4837616.534274511
 10
628729.4788531406
 20
4837660.344298428
  0
LWPOLYLINE
  5
30D
330
17
100
AcDbEntity
  8
ROADS
100
AcDbPolyline
 90
3
 70
0
 10
628759.2874145355
 20
4837616.534274511
 10
628782.5705404925
 20
4837667.596738394
 10
628791.5437986737
 20
4837796.952650045
  0
LWPOLYLINE
  5
30E
330
17
100
AcDbEntity
  8
ROADS
100
AcDbPolyline
 90
2
 70
0
 10
628822.6805355251
 20
4837806.095360513
 10
628791.5437986737
 20
4837796.952650045
  0
LWPOLYLINE
  5
30F
330
17
100
AcDbEntity
  8
ROADS
100
AcDbPolyline
 90
2
 70
0
 10
628791.5437986737
 20
4837796.952650045
 10
628758.1703258906
 20
4837895.501670291
  0
LWPOLYLINE
  5
310
330
17
100
AcDbEntity
  8
ROADS
100
AcDbPolyline
 90
2
 70
0
 10
628791.5437986737
 20
4837796.952650045
 10
628760.9303517317
 20
4837811.481086853
  0
LWPOLYLINE
  5
311
330
17
100
AcDbEntity
  8
ROADS
100
AcDbPolyline
 90
2
 70
0
 10
628758.1703258906
 20
4837895.501670291
 10
628743.600529189
 20
4837936.630915709
  0
LWPOLYLINE
  5
312
330
17
100
AcDbEntity
  8
ROADS
100
AcDbPolyline
 90
2
 70
0
 10
628743.600529189
 20
4837936.630915709
 10
628740.4178704709
 20
4837935.692642236
  0
LWPOLYLINE
  5
313
330
17
100
AcDbEntity
  8
ROADS
100
AcDbPolyline
 90
2
 70
0
 10
628743.600529189
 20
4837936.630915709
 10
628739.6981692045
 20
4837947.929054863
  0
LWPOLYLINE
  5
314
330
17
100
AcDbEntity
  8
ROADS
100
AcDbPolyline
 90
2
 70
0
 10
628914.8363487825
 20
4838053.777604263
 10
628736.9765240987
 20
4837996.0575109385
  0
LWPOLYLINE
  5
315
330
17
100
AcDbEntity
  8
ROADS
100
AcDbPolyline
 90
2
 70
0
 10
628863.7859527473
 20
4838209.036735377
 10
628756.1849219014
 20
4838173.418233134
  0
LWPOLYLINE
  5
316
330
17
100
AcDbEntity
  8
ROADS
100
AcDbPolyline
 90
2
 70
0
 10
628832.057894216
 20
4838311.15573627
 10
628794.532691972
 20
4838300.114152594
  0
LWPOLYLINE
  5
317
330
17
100
AcDbEntity
  8
ROADS
100
AcDbPolyline
 90
2
 70
0
 10
628832.057894216
 20
4838311.15573627
 10
628802.4309009828
 20
4838317.952054442
  0
LWPOLYLINE
  5
318
330
17
100
AcDbEntity
  8
ROADS
100
AcDbPolyline
 90
2
 70
0
 10
628832.057894216
 20
4838311.15573627
 10
628818.8164141811
 20
4838353.18104762
  0
ENDSEC
  0
SECTION
  2
OBJECTS
  0
DICTIONARY
  5
A
330
0
100
AcDbDictionary
281
1
  3
ACAD_COLOR
350
B
  3
ACAD_GROUP
350
C
  3
ACAD_LAYOUT
350
D
  3
ACAD_MATERIAL
350
E
  3
ACAD_MLEADERSTYLE
350
F
  3
ACAD_MLINESTYLE
350
10
  3
ACAD_PLOTSETTINGS
350
11
  3
ACAD_PLOTSTYLENAME
350
12
  3
ACAD_SCALELIST
350
14
  3
ACAD_TABLESTYLE
350
15
  3
ACAD_VISUALSTYLE
350
16
  3
EZDXF_META
350
2D
  0
DICTIONARY
  5
B
330
A
100
AcDbDictionary
281
1
  0
DICTIONARY
  5
C
330
A
100
AcDbDictionary
281
1
  0
DICTIONARY
  5
D
330
A
100
AcDbDictionary
281
1
  3
Model
350
1A
  3
Layout1
350
1E
  0
DICTIONARY
  5
E
330
A
100
AcDbDictionary
281
1
  3
ByBlock
350
1F
  3
ByLayer
350
20
  3
Global
350
21
  0
DICTIONARY
  5
F
330
A
100
AcDbDictionary
281
1
  3
Standard
350
2C
  0
DICTIONARY
  5
10
330
A
100
AcDbDictionary
281
1
  3
Standard
350
22
  0
DICTIONARY
  5
11
330
A
100
AcDbDictionary
281
1
  0
ACDBDICTIONARYWDFLT
  5
12
330
A
100
AcDbDictionary
281
1
  3
Normal
350
13
100
AcDbDictionaryWithDefault
340
13
  0
ACDBPLACEHOLDER
  5
13
330
12
  0
DICTIONARY
  5
14
330
A
100
AcDbDictionary
281
1
  0
DICTIONARY
  5
15
330
A
100
AcDbDictionary
281
1
  0
DICTIONARY
  5
16
330
A
100
AcDbDictionary
281
1
  0
LAYOUT
  5
1A
330
D
100
AcDbPlotSettings
  1

  4
A3
  6

 40
7.5
 41
20.0
 42
7.5
 43
20.0
 44
420.0
 45
297.0
 46
0.0
 47
0.0
 48
0.0
 49
0.0
140
0.0
141
0.0
142
1.0
143
1.0
 70
1024
 72
1
 73
0
 74
5
  7

 75
16
 76
0
 77
2
 78
300
147
1.0
148
0.0
149
0.0
100
AcDbLayout
  1
Model
 70
1
 71
0
 10
0.0
 20
0.0
 11
420.0
 21
297.0
 12
0.0
 22
0.0
 32
0.0
 14
1e+20
 24
1e+20
 34
1e+20
 15
-1e+20
 25
-1e+20
 35
-1e+20
146
0.0
 13
0.0
 23
0.0
 33
0.0
 16
1.0
 26
0.0
 36
0.0
 17
0.0
 27
1.0
 37
0.0
 76
1
330
17
  0
LAYOUT
  5
1E
330
D
100
AcDbPlotSettings
  1

  4
A3
  6

 40
7.5
 41
20.0
 42
7.5
 43
20.0
 44
420.0
 45
297.0
 46
0.0
 47
0.0
 48
0.0
 49
0.0
140
0.0
141
0.0
142
1.0
143
1.0
 70
0
 72
1
 73
0
 74
5
  7

 75
16
 76
0
 77
2
 78
300
147
1.0
148
0.0
149
0.0
100
AcDbLayout
  1
Layout1
 70
1
 71
1
 10
0.0
 20
0.0
 11
420.0
 21
297.0
 12
0.0
 22
0.0
 32
0.0
 14
1e+20
 24
1e+20
 34
1e+20
 15
-1e+20
 25
-1e+20
 35
-1e+20
146
0.0
 13
0.0
 23
0.0
 33
0.0
 16
1.0
 26
0.0
 36
0.0
 17
0.0
 27
1.0
 37
0.0
 76
1
330
1B
  0
MATERIAL
  5
1F
102
{ACAD_REACTORS
330
E
102
}
330
E
100
AcDbMaterial
  1
ByBlock
  2

 70
0
 40
1.0
 71
1
 41
1.0
 91
-1023410177
 42
1.0
 72
1
  3

 73
1
 74
1
 75
1
 44
0.5
 73
0
 45
1.0
 46
1.0
 77
1
  4

 78
1
 79
1
170
1
 48
1.0
171
1
  6

172
1
173
1
174
1
140
1.0
141
1.0
175
1
  7

176
1
177
1
178
1
143
1.0
179
1
  8

270
1
271
1
272
1
145
1.0
146
1.0
273
1
  9

274
1
275
1
276
1
 42
1.0
 72
1
  3

 73
1
 74
1
 75
1
 94
63
  0
MATERIAL
  5
20
102
{ACAD_REACTORS
330
E
102
}
330
E
100
AcDbMaterial
  1
ByLayer
  2

 70
0
 40
1.0
 71
1
 41
1.0
 91
-1023410177
 42
1.0
 72
1
  3

 73
1
 74
1
 75
1
 44
0.5
 73
0
 45
1.0
 46
1.0
 77
1
  4

 78
1
 79
1
170
1
 48
1.0
171
1
  6

172
1
173
1
174
1
140
1.0
141
1.0
175
1
  7

176
1
177
1
178
1
143
1.0
179
1
  8

270
1
271
1
272
1
145
1.0
146
1.0
273
1
  9

274
1
275
1
276
1
 42
1.0
 72
1
  3

 73
1
 74
1
 75
1
 94
63
  0
MATERIAL
  5
21
102
{ACAD_REACTORS
330
E
102
}
330
E
100
AcDbMaterial
  1
Global
  2

 70
0
 40
1.0
 71
1
 41
1.0
 91
-1023410177
 42
1.0
 72
1
  3

 73
1
 74
1
 75
1
 44
0.5
 73
0
 45
1.0
 46
1.0
 77
1
  4

 78
1
 79
1
170
1
 48
1.0
171
1
  6

172
1
173
1
174
1
140
1.0
141
1.0
175
1
  7

176
1
177
1
178
1
143
1.0
179
1
  8

270
1
271
1
272
1
145
1.0
146
1.0
273
1
  9

274
1
275
1
276
1
 42
1.0
 72
1
  3

 73
1
 74
1
 75
1
 94
63
  0
MLINESTYLE
  5
22
102
{ACAD_REACTORS
330
10
102
}
330
10
100
AcDbMlineStyle
  2
Standard
 70
0
  3

 62
256
 51
90.0
 52
90.0
 71
2
 49
0.5
 62
256
  6
BYLAYER
 49
-0.5
 62
256
  6
BYLAYER
  0
MLEADERSTYLE
  5
2C
102
{ACAD_REACTORS
330
F
102
}
330
F
100
AcDbMLeaderStyle
179
2
170
2
171
1
172
0
 90
2
 40
0.0
 41
0.0
173
1
 91
-1056964608
 92
-2
290
1
 42
2.0
291
1
 43
8.0
  3
Standard
 44
4.0
300

342
29
174
1
175
1
176
0
178
1
 93
-1056964608
 45
4.0
292
0
297
0
 46
4.0
 94
-1056964608
 47
1.0
 49
1.0
140
1.0
294
1
141
0.0
177
0
142
1.0
295
0
296
0
143
3.75
271
0
272
9
273
9
  0
DICTIONARY
  5
2D
330
A
100
AcDbDictionary
280
1
281
1
  3
CREATED_BY_EZDXF
350
2E
  3
WRITTEN_BY_EZDXF
350
31B
  0
DICTIONARYVAR
  5
2E
330
2D
100
DictionaryVariables
280
0
  1
1.4.4 @ 2026-07-07T06:20:57.019324+00:00
  0
DICTIONARYVAR
  5
31B
330
2D
100
DictionaryVariables
280
0
  1
1.4.4 @ 2026-07-07T06:20:57.039453+00:00
  0
ENDSEC
  0
EOF
