segment_id,T1024 Choice,T1024 Integration,T1024 Node Count,T1024 Total Depth,Angular Connectivity,Connectivity,Segment Length,local_nain,local_nach,integrated,citywide_nain,citywide_nach,citywide_match_distance_m,citywide_matched,blended_nain,blended_nach
0,0,342.43994,931,2531.1328,2.0097969,3,1.425881,1.4423865327304661,0.0,237.3612789221168,,,,False,1.4423865327304661,0.0
1,0,-1.0,1,-1.0,0.0,0,35.343586,1.0,0.0,-0.6931471805599453,,,,False,1.0,0.0
2,0,243.89288,931,3553.8594,2.0229089,3,19.862459,1.0275312450030554,0.0,169.05366213064505,0.9358812,0.93850434,13.862492938525007,True,1.0000362315021387,0.28155130200000006
3,0,4.2314048,2,0.9453125,0.94668132,1,8.0479946,0.7800179811120449,0.0,2.9329863069278193,0.84558862,0.0,10.105240113743056,True,0.7996891727784314,0.0
4,0,4.2314048,2,0.9453125,0.94668132,1,17.877934,0.7800179811120449,0.0,2.9329863069278193,0.84558862,0.0,0.0,True,0.7996891727784314,0.0
5,10479,303.36826,931,2857.125,4.0160155,6,43.008381,1.2779282599878694,1.1631693998868484,2808.376870502928,1.0405393,1.0995152,0.0,True,1.2067115719915085,1.1440731399207937
6,0,352.30997,931,2460.2227,1.9901936,3,63.809978,1.4839261437796905,0.0,244.20266238865892,1.1372924,1.243072,14.503396227224945,True,1.3799360206457831,0.3729216
7,0,303.45288,931,2856.3281,2.0097969,3,3.122818,1.2782845455487832,0.0,210.3375082047954,,,,False,1.2782845455487832,0.0
8,0,276.83441,931,3130.9727,2.0044568,3,466.66995,1.1662267712507732,0.0,191.88699077347593,,,,False,1.1662267712507732,0.0
9,16372,310.80844,931,2788.7305,2.0497475,4,179.04535,1.309247394665238,1.222949209380429,3015.914153990146,1.0297469,0.96398246,0.0,True,1.2253972462656666,1.1452591845663003
10,0,251.09491,931,3451.9258,1.996798,2,107.43652,1.0578561462836917,0.0,174.0457289194532,1.018767,0.0,0.0,True,1.0461294023985843,0.0
11,2817,239.63223,931,3617.0469,2.4105773,3,43.653912,1.009590850104158,0.9694346883927792,1903.67138242228,0.93094802,0.80511659,0.0,True,0.9859980010729106,0.9201392588749455
12,2571,237.80292,931,3644.8711,2.5947087,4,72.186188,1.0018880668246863,0.957392802557685,1867.4253840178108,0.91582626,0.7183919,0.0,True,0.9760695247772804,0.8856925317903795
13,21114,310.92865,931,2787.6523,3.5967803,6,324.31308,1.3097534184951354,1.255066864585365,3096.161059314075,1.0297487,0.99677658,0.0,True,1.2257520029465947,1.1775797792097555
14,4079,234.7892,931,3691.6562,2.9379134,5,40.572876,0.9891978133584326,1.0120771512046987,1952.060262102061,0.91199875,0.91282105,0.0,True,0.9660380943509028,0.982300320843289
15,0,241.84496,931,3583.9531,1.0000668,2,36.885609,1.0189080934543782,0.0,167.63415215663272,,,,False,1.0189080934543782,0.0
16,0,227.4019,931,3811.582,1.034034,2,26.244751,0.9580904871949305,0.0,157.62298583897464,,,,False,0.9580904871949305,0.0
17,0,379.60553,931,2283.3203,1.9972821,3,75.794724,1.5987941105401364,0.0,263.1225028444637,,,,False,1.5987941105401364,0.0
18,0,155.07373,931,5589.3477,1.9967389,2,18.582285,0.6534661824622027,0.0,107.4889187284142,,,,False,0.6534661824622027,0.0
19,0,226.77811,931,3822.0664,0.99744231,2,9.4583035,0.9554637012416461,0.0,157.19060755921313,,,,False,0.9554637012416461,0.0
20,0,192.68047,931,4498.4375,1.9841615,2,18.632202,0.8118669876734912,0.0,133.55592452946513,0.85606694,0.0,0.0,True,0.8251269733714438,0.0
21,2478,185.69901,931,4667.5586,2.9577181,4,40.253357,0.7824629583485294,0.925030076908323,1451.4260320781304,0.85394961,0.88334298,0.0,True,0.8039089538439705,0.912523947835826
22,3400,242.82632,931,3569.4688,3.0967221,5,37.011097,1.0230403346482593,0.9939876154297042,1974.692475439774,0.94217384,0.88524741,0.0,True,0.9987803862537815,0.961365553800793
23,14537,303.27951,931,2857.9609,3.9983735,6,161.65982,1.277554751303704,1.2042500526258404,2906.8097505415562,1.0405394,1.1035787,0.0,True,1.206450145912593,1.1740486468380884
24,1983,239.99976,931,3611.5078,3.0080681,5,52.184422,1.0111384390363893,0.9267836147602065,1822.4079839393034,0.93745697,0.92229009,0.0,True,0.9890339983254726,0.9254355573321446
25,10911,343.15488,931,2525.8594,4.0113502,6,103.50354,1.4453955138239958,1.1865982154301153,3190.5545655403953,1.1434929,1.2360148,0.0,True,1.3548247296767972,1.2014231908010808
26,0,192.77888,931,4496.1406,1.9533117,2,66.682838,0.8122815539242632,0.0,133.62413714350402,0.85634178,0.0,0.0,True,0.8254996217469842,0.0
27,3952,352.20819,931,2460.9336,3.0223603,5,51.913296,1.483497824033022,1.060530740361608,2917.1583474497043,1.1372905,1.2421297,0.0,True,1.3796356268231156,1.1150104282531257
28,2238,241.95546,931,3582.3164,3.0614648,5,51.685749,1.0193733556384188,0.9424752249609911,1866.500345198287,0.93678004,0.87262225,0.0,True,0.9945953609468932,0.9215193324726938
29,16949,303.76486,931,2853.3945,4.0150399,6,195.33922,1.2795978406268618,1.223782465472099,2958.087148241117,1.0404485,1.1054415,0.0,True,1.2078530384388033,1.1882801758304693
30,0,255.94418,931,3386.5234,1.998425,2,58.246174,1.078273986934196,0.0,177.40698674772713,1.0135388,0.0,0.0,True,1.0588534308539372,0.0
31,2083,276.79022,931,3131.4727,3.9951291,6,46.966297,1.1660406795112073,0.949296785818846,2115.3759364696343,1.0265272,0.90457273,0.0,True,1.1241866356578452,0.9358795690731923
32,13128,343.14163,931,2525.957,3.0053511,5,47.407871,1.4453397096302736,1.2101976230855342,3253.8936822058354,1.1434931,1.2347571,0.0,True,1.3547857267411914,1.2175654661598738
33,10,185.69838,931,4667.5742,2.9960237,4,34.924046,0.7824603443152948,0.28380692239661254,461.44313931685895,0.85394949,0.16206776,0.0,True,0.8039070880207064,0.24728517367762878
34,26214,302.09818,931,2869.1367,3.9520504,6,41.490124,1.2725819137548613,1.277700346304977,3073.5847031055437,1.0389053,1.066366,0.0,True,1.2024789296284029,1.214300042413484
35,5856,229.36609,931,3778.9414,2.9972129,4,40.824894,0.9663616146861777,1.0530954644493777,1989.8800848235198,0.93665093,0.94066674,0.0,True,0.9574484092803244,1.0193668471145645
36,16906,300.27649,931,2886.543,3.0545988,5,41.965168,1.2649133616282733,1.221691783996948,2923.3544285582893,1.0375332,1.0364516,0.0,True,1.1966993131397912,1.1661197287978635
37,0,239.85162,931,3613.7383,1.0141288,2,35.334534,1.0105146814242107,0.0,166.25247415573537,,,,False,1.0105146814242107,0.0
38,1695,227.41658,931,3811.3359,3.0168579,4,41.518391,0.9581523191643876,0.9017168630981816,1691.2100652285208,0.93335223,0.86503643,0.0,True,0.9507122924150713,0.890712733168727
39,3968,246.75537,931,3512.6328,3.0518675,5,41.981621,1.0395841740103882,1.0148554819847075,2044.7436475756215,0.94815576,0.91275436,0.0,True,1.0121556498072717,0.9842251453892952
40,7740,299.87515,931,2890.4062,2.0338101,4,76.984543,1.2632238986134856,1.1234721494562687,2685.2066405871856,1.0370822,0.98025364,0.0,True,1.19538138902944,1.080506596619388
41,0,302.59048,931,2864.4688,1.2206465,2,68.66967,1.2746542492762585,0.0,209.73973807628053,,,,False,1.2746542492762585,0.0
42,13223,310.81281,931,2788.6914,3.0340292,4,64.362656,1.3092657383535196,1.1960305931005697,2949.571376151725,1.029747,0.86142194,0.0,True,1.2254101168474638,1.0956479971703987
43,13622,315.06186,931,2751.082,2.1177449,4,97.740036,1.3271514020787676,1.2018315578025447,2999.2591717653295,1.0589921,1.0763537,0.0,True,1.2467036114551373,1.1641882004617814
44,1673,232.73901,931,3724.1758,2.9945445,3,49.84948,0.9805647485386538,0.9026638341782529,1727.7539703841187,0.92643201,0.86455357,0.0,True,0.9643249269770576,0.8912307549247771
45,0,186.564,931,4645.918,0.99264765,1,100.71542,0.7861060880028041,0.0,129.31631059398563,0.8433494,0.0,0.0,True,0.8032790816019628,0.0
46,2451,262.74969,931,3298.8086,3.0992389,4,36.945816,1.1069277498664472,0.9632735036720539,2050.7789463081344,0.98184073,0.85381842,0.0,True,1.069401643906513,0.9304369785704376
47,3924,263.10455,931,3294.3594,2.8394229,5,178.35712,1.1084218050792087,1.0215093229559968,2177.289177181964,0.98224145,0.90270543,0.0,True,1.070567698555446,0.9858681550691979
48,0,190.52374,931,4549.3594,0.57799053,1,43.746944,0.8027835895222463,0.0,132.0609932107361,0.86473531,0.0,0.0,True,0.8213691056655723,0.0
49,1703,216.02698,931,4012.2812,2.5388269,3,58.97739,0.9101895094787623,0.8967048517327557,1607.52597100312,0.91369051,0.86369312,0.0,True,0.9112398096351337,0.886801332212929
50,0,231.62823,931,3742.0352,1.6684555,2,13.463005,0.9758873624740007,0.0,160.55245456259053,0.94067508,0.0,0.0,True,0.9653236777318004,0.0
51,0,287.77298,931,3011.9609,0.16557628,1,228.48216,1.2122773843342882,0.0,199.46902972833354,,,,False,1.2122773843342882,0.0
52,1695,303.1113,931,2859.5469,2.2134206,4,203.51025,1.2768466721051532,0.9342369013464127,2254.1227268675916,1.1762404,1.2929267,0.0,True,1.2466647904736072,1.0418438409424888
53,16460,318.81644,931,2718.6836,3.4465842,5,91.064331,1.3429553647244457,1.2275561937050865,3095.328232398155,1.0605127,1.0789765,0.0,True,1.258222565307112,1.1829822855935606
54,0,205.3457,931,4220.9844,3.0330138,3,42.93042,0.8652072303032464,0.0,142.33479299510836,0.88860941,0.0,0.0,True,0.8722278842122726,0.0
55,15,196.18768,931,4418.0195,2.9677339,3,162.25829,0.8266381259941992,0.33030107635343325,555.8415529154308,0.85234421,0.20447835,0.0,True,0.8343499511959394,0.2925542584474033
56,3330,200.1893,931,4329.707,2.3729017,3,64.565773,0.8434911771128142,0.9686026272209126,1623.8010750483688,0.88038963,0.91862941,0.0,True,0.85456071297897,0.9536106620546387
57,4599,243.80284,931,3555.1719,3.277854,4,78.451614,1.0271521138289148,1.031406302222187,2056.240210690122,0.95766538,0.94726986,0.0,True,1.0063060936802404,1.006165369555531
58,0,161.19659,931,5377.043,2.2155623,2,10.713175,0.679257748327689,0.0,111.73296187437747,0.7929616,0.0,0.0,True,0.7133689038293823,0.0
59,4067,194.50475,931,4456.2461,2.1712899,4,19.929628,0.8195502344156859,0.9890716251626035,1616.5586485609317,0.86661321,0.92861575,0.0,True,0.8336691270909801,0.9709348626138223
60,4153,255.20297,931,3396.3594,3.2556119,5,40.790947,1.0751530977970776,1.0246557968435952,2126.3684251413833,0.97446358,0.92254955,0.0,True,1.0449462424579543,0.9940239227905167
61,4704,241.12801,931,3594.6094,3.2592995,4,64.299805,1.0158891972917097,1.0327742292781268,2039.1215787410458,0.94998974,0.93746924,0.0,True,0.9961193601041968,1.0041827324946888
62,26795,323.83081,931,2676.5859,3.9347987,6,65.451187,1.3640617746617039,1.291710192876745,3301.7935823680677,1.0648134,1.1012919,0.0,True,1.2742872622631927,1.2345847050137215
63,2507,195.49904,931,4433.582,1.9975151,4,50.119694,0.8237378175711365,0.9320763132626181,1530.296016780671,0.8681584,0.88443202,0.0,True,0.8370639922997956,0.9177830252838326
64,2720,233.26506,931,3715.7773,2.598568,4,46.269413,0.9827798551402789,0.9620010018472381,1844.921860614141,0.90720338,0.85963941,0.0,True,0.9601069125981953,0.9312925242930666
65,6606,262.94711,931,3296.332,3.1864746,5,113.48309,1.1077589024809562,1.085713977190674,2312.8923285371034,0.98243821,0.9778775,0.0,True,1.0701626947366694,1.0533630340334719
66,7152,314.37711,931,2757.0742,2.988287,4,39.964954,1.3242690741473417,1.120190930475785,2790.2310650688873,1.0544201,0.96756339,0.0,True,1.2433143819031391,1.0744026683330496
67,22298,342.46692,931,2530.9336,4.4979372,6,79.164062,1.442499967759841,1.2774814856096766,3428.8959121540597,1.1429669,1.2240832,0.0,True,1.3526400474318887,1.2614619999267735
68,1549,262.81723,931,3297.9609,1.3849527,3,57.2201,1.1072120994942143,0.9066944482843268,1930.8275597512559,0.98257941,0.91284472,0.0,True,1.06982229264595,0.9085395297990289
69,1177,245.65471,931,3528.3711,0.76219261,2,35.453419,1.0349497355498456,0.865612829775683,1737.3737509741568,0.98403519,0.92153531,0.0,True,1.0196753718848919,0.8823895738429781
70,1369,258.84448,931,3348.5781,2.3831925,3,173.27831,1.0904854408073095,0.8897868664288602,1869.7102140625536,1.0187025,0.9389326,0.0,True,1.0689505585651167,0.9045305865002021
71,11611,314.37711,931,2757.0742,2.0266562,4,12.341609,1.3242690741473417,1.181342818863851,2942.5321624356125,1.0544201,1.0119915,0.0,True,1.2433143819031391,1.1305374232046956
72,1683,195.82149,931,4426.2812,2.0550082,3,53.762058,0.8250958941672035,0.8848182168961246,1454.8598414205007,0.84032404,0.85830212,0.0,True,0.8296643379170425,0.8768633878272872
73,0,183.34523,931,4727.4805,0.3268739,1,45.201008,0.7725492548997331,0.0,127.08522924361469,0.8164829,0.0,0.0,True,0.7857293484298131,0.0
74,1882,259.34912,931,3342.0625,2.997613,4,214.9005,1.0926101519746767,0.9291925954359166,1955.7912530254414,1.0235763,0.86276299,0.0,True,1.0718999963822737,0.9092637138051416
75,23840,342.45633,931,2531.0117,2.0047848,4,65.087021,1.4424554913575083,1.2860078112078237,3451.6872146810674,1.1429666,1.2214627,0.0,True,1.3526088239502558,1.2666442778454765
76,15629,314.41809,931,2756.7148,1.9758511,4,87.354607,1.324441597347365,1.2188679154467223,3036.3390797777784,1.0544517,1.0341678,0.0,True,1.2434446281431555,1.1634578808127056
77,0,204.06793,931,4247.4141,1.9741123,2,30.406879,0.8598259784420204,0.0,141.44911032220426,0.92467248,0.0,0.0,True,0.8792799289094143,0.0
78,2307,252.58667,931,3431.5391,1.4159422,3,108.64056,1.0641371861289761,0.9511767300928999,1956.175098727387,0.97050589,0.87020183,0.0,True,1.0360477972902833,0.92688426006503
79,1229,232.15144,931,3733.6016,2.1688731,3,31.602057,0.9780905534299529,0.8649195749550499,1651.8926370319828,0.93388259,0.79227108,0.0,True,0.9648281644009671,0.8431250264685348
80,23,200.27168,931,4327.9258,3.0309305,3,37.606819,0.8438381637712631,0.37953543154286706,644.6496691577403,0.87886763,0.38506976,0.0,True,0.8543470036398841,0.38119573008000696
81,315,201.08295,931,4310.4648,2.6283557,3,123.53277,0.8472548312366092,0.6877046947949689,1158.0169574514766,0.85302711,0.60260749,0.0,True,0.8489865148656264,0.6621755333564782
82,7146,243.36217,931,3561.6094,2.8750103,5,33.28223,1.0252966097625114,1.0850537212462548,2159.7389634270266,0.95340288,0.96936852,0.0,True,1.0037284908337578,1.0503481608723784
83,0,160.99251,931,5383.8594,1.9962485,2,21.019985,0.6783980726154525,0.0,111.5915043977688,0.79267555,0.0,0.0,True,0.7126813158308167,0.0
84,3146,230.83041,931,3754.9688,2.0336139,4,21.541552,0.9725278092109302,0.9784454722812902,1859.2287563137634,0.89845109,0.88764721,0.0,True,0.9503047934476512,0.951205993596903
85,0,204.60893,931,4236.1836,3.906652,4,94.22506,0.8621043780023634,0.0,141.8241029468872,0.88718808,0.0,0.0,True,0.8696294886016543,0.0
86,2794,230.5558,931,3759.4414,2.2051213,4,24.878126,0.9713714099966617,0.9638962313983338,1829.6781720597953,0.90127766,0.89851886,0.0,True,0.9503432849976632,0.9442830199788337
87,75,221.20795,931,3918.3086,1.8678615,3,36.787472,0.9320074027687049,0.5234032825024215,960.8842925671387,0.92146307,0.32123876,0.0,True,0.9288441029380934,0.46275392575169505
88,71,195.50127,931,4433.5312,1.8711762,3,29.461613,0.823747251814578,0.5092707218969362,838.7902696280007,0.86815852,0.31583226,0.0,True,0.8370706322702046,0.45123918332785534
89,2227,255.27814,931,3395.3594,4.0489111,5,188.63254,1.0754695650798138,0.9480769932327103,1968.0178920332446,0.97132015,0.78483605,0.0,True,1.0442247405558698,0.8991047102628973
90,29260,325.0257,931,2666.7461,2.8043079,5,97.82547,1.3690911384705415,1.303466604196998,3342.5789330620255,1.0662581,1.1054705,0.0,True,1.278241226929379,1.2440677729378986
91,0,447.62134,931,1936.3711,1.9619557,3,57.554108,1.8849623977255012,0.0,310.26746977946465,1.1923798,1.3900063,8.169238586641132,True,1.6771876184078507,0.4170018900000001
92,1695,299.70462,931,2892.0508,2.0891542,4,294.36407,1.2625060473499006,0.932913516481115,2228.788551562463,1.1758946,1.3063185,0.0,True,1.2365226131449303,1.0449350115367806
93,0,294.89426,931,2939.2266,0.051110011,1,93.941475,1.2422560833421734,0.0,204.40512488231144,,,,False,1.2422560833421734,0.0
94,0,325.36407,931,2663.9727,1.0103639,2,26.168621,1.370515398127602,0.0,225.5251877760087,,,,False,1.370515398127602,0.0
95,9290,327.48416,931,2646.7266,2.0260425,4,27.390158,1.3794389486396283,1.1591672192483486,2992.1929996090257,1.1283461,1.1942794,0.0,True,1.3041110940477398,1.169700873473844
96,9708,246.45033,931,3516.9805,3.5204442,4,49.473267,1.0382997678838566,1.1242434066742066,2262.6386839795946,1.0070816,1.011526,0.0,True,1.0289343175186996,1.0904281846719446
97,8100,218.14655,931,3973.2969,2.5260861,3,32.333138,0.9191154090497787,1.0858623829577159,1963.289767175347,0.95402002,0.98619914,0.0,True,0.9295867923348451,1.0559634100704012
98,6523,196.94917,931,4400.9375,1.4981847,3,52.735916,0.8298452195466816,1.0468387063497442,1729.882597711124,0.90664518,0.96595252,5.00003807246685e-07,True,0.8528852076826772,1.022572850444821
99,3402,196.0717,931,4420.6328,2.1375563,4,116.27773,0.8261496718284677,0.9687536961775493,1594.5935870351907,0.90458763,0.91449058,5.00003807246685e-07,True,0.8496810592799273,0.9524747613242845
100,78,197.26065,931,4393.9883,4.5309272,5,166.95227,0.8311570429652457,0.5208746072616749,864.4014222730823,0.9088549,0.83203924,0.0,True,0.854466400075672,0.6142239970831724
101,0,163.62254,931,5297.3203,2.0251689,2,90.264061,0.6894764666966473,0.0,113.41450227705685,0.82921368,0.0,5.00003807246685e-07,True,0.7313976306876531,0.0
102,1730,193.5563,931,4478.082,2.0843725,4,87.008263,0.8155557501710498,0.886868664383057,1443.355540151798,0.89914012,0.86277866,0.0,True,0.8406310611197348,0.87964166306814
103,0,193.32628,931,4483.4102,1.073266,2,29.01581,0.8145869549094567,0.0,134.00356591014253,0.89879972,0.0,8.008407653364584,True,0.8398507844366196,0.0
104,293,200.57074,931,4321.4727,3.0458012,4,134.99341,0.8450976541005607,0.6788758819080886,1140.6408555828414,0.90860444,0.42114919,0.0,True,0.8641496898703924,0.601557874335662
105,857,247.06418,931,3508.2422,4.0100651,5,192.64542,1.0408844826541648,0.8273923937418118,1669.1085089795238,1.0039476,0.86925083,0.0,True,1.0298034178579154,0.8399499246192683
106,7089,352.20932,931,2460.9258,2.0191979,4,42.422569,1.483502522218825,1.1353387402188353,3122.892694834676,1.1372905,1.2416,0.0,True,1.3796389155531774,1.1672171181531847
107,3361,242.1646,931,3579.2227,3.0020905,5,47.062286,1.020253958609672,0.9922471329293289,1966.519117143098,0.93670917,0.83592397,0.0,True,0.9951905220267703,0.9453501840505303
108,3097,276.76431,931,3131.7656,3.9629936,5,156.99651,1.1659316945523357,0.9985345084820876,2224.8625549431436,1.026527,0.87481046,0.0,True,1.124110286186635,0.9614172939374612
109,11249,356.67859,931,2430.0898,2.0233741,4,10.725867,1.502311566101637,1.196386098123012,3327.1736077349174,1.1349529,1.2368855,0.0,True,1.3921039662711459,1.2085359186861084
110,4134,284.93533,931,3041.957,3.9587338,5,45.114101,1.200331225552075,1.038148773804754,2372.794520196461,1.0286236,1.0095302,0.0,True,1.1488189378864524,1.0295632016633276
111,1,218.9998,931,3957.8164,3.0034637,4,49.700951,0.9227085973829032,0.08367093080850671,240.5958714958583,0.92656118,0.051436301,0.0,True,0.9238643721680322,0.0740005418659547
112,1,178.74097,931,4849.2578,1.979818,2,103.99483,0.7531565600034319,0.08166971786324963,196.36702613045796,0.84432238,0.051083963,0.0,True,0.7805063060024022,0.07249399140427475
113,774,219.65799,931,3945.957,2.996341,4,50.848118,0.9254803525818082,0.8033687857584408,1461.6377677368805,0.92616248,0.79371047,0.0,True,0.9256849908072657,0.8004712910309085
114,15471,343.14215,931,2525.9531,3.5034339,6,50.13068,1.4453419394283133,1.2311546786562855,3310.241484022221,1.1434931,1.2341148,0.0,True,1.3547872875998193,1.2320427150594
115,4451,242.37727,931,3576.082,2.9550099,5,45.798161,1.0211494975067137,1.026671242964584,2036.292230903951,0.93661308,0.81941563,0.0,True,0.9957885722546996,0.9644945590752086
116,0,261.85977,931,3310.0195,4.0157771,4,156.67725,1.1031808950212454,0.0,181.50736127757577,1.0103484,0.0,0.0,True,1.0753311465148718,0.0
117,5919,284.93497,931,3041.9609,4.0223007,6,105.61858,1.200329687657229,1.0828859517673946,2475.0194127426225,1.0286236,1.0044199,0.0,True,1.1488178613600604,1.0593461362371763
118,26344,379.61917,931,2283.2383,4.0102711,6,96.177483,1.598851479225522,1.3160280770530002,3864.1707652294494,1.0663005,1.1065421,0.0,True,1.4390861854578656,1.2531822839371
119,2817,299.87515,931,2890.4062,3.0081608,4,52.698776,1.2632238986134856,0.996686777664477,2382.2494217684684,1.0370822,0.89905655,0.0,True,1.19538138902944,0.9673977093651338
120,788,243.56198,931,3558.6875,3.0610011,5,54.280418,1.0261379681136908,0.8156975665656095,1625.0535548217297,0.94292206,0.85120219,0.0,True,1.0011731956795835,0.8263489535959267
121,3043,251.54552,931,3445.7422,2.9640145,4,167.99626,1.059753434098935,0.9846745950877478,2017.7110568875355,1.0058229,0.90156853,0.0,True,1.0435742738692544,0.9597427755614235
122,235,239.92606,931,3612.6172,3.0317054,4,42.311226,1.010828099954213,0.6668887951921199,1311.9301255055962,0.94092929,0.77049029,0.0,True,0.9898584569679492,0.6979692436344839
123,2923,283.16919,931,3060.9297,3.9975822,6,44.242882,1.192896015973797,0.994176762860314,2259.987395794304,1.0272834,0.88368899,0.0,True,1.143212231181658,0.9610304310022197
124,4006,251.96112,931,3440.0586,2.0884895,4,97.731743,1.061503321395463,1.018624812935678,2090.2814556443536,1.0078998,0.95213872,0.0,True,1.0454222649768241,0.9986789850549747
125,0,283.18439,931,3060.7656,2.0070899,3,95.601936,1.1929599301813423,0.0,196.28846150708796,1.0272837,0.0,0.0,True,1.1432570611269397,0.0
126,0,243.83124,931,3554.7578,2.0035145,3,52.284313,1.027271701305559,0.0,169.01093653843535,0.94276452,0.0,0.0,True,1.0019195469138913,0.0
127,6876,252.48952,931,3432.8594,2.9952688,4,92.665733,1.0637281503684888,1.085226421130337,2231.0184035736916,1.0099941,1.0339848,0.0,True,1.0476079352579422,1.069853934791236
128,14533,360.36972,931,2405.1992,2.059973,4,46.522495,1.5178455677194547,1.2308585920687167,3453.8968455501313,1.1330492,1.2364656,0.0,True,1.4024066574036183,1.2325406944481017
129,3018,306.2037,931,2830.668,4.4760013,6,10.237981,1.2898640561964259,1.0079696888952967,2453.6139563397705,1.0867656,0.99011308,0.0,True,1.228934519337498,1.0026127062267078
130,24838,312.90039,931,2770.0859,5.4923944,7,47.740372,1.3180531802199265,1.2765555992383764,3166.617823611345,1.0287793,1.0144062,0.0,True,1.2312710161539486,1.1979107794668633
131,781,218.27573,931,3970.9453,2.993397,4,49.745518,0.9196594366244654,0.8038422874672181,1454.4001533042606,0.92663592,0.79359937,0.0,True,0.9217523816371258,0.8007694122270526
132,0,177.29706,931,4888.75,2.0000458,2,105.61564,0.7470749141415565,0.0,122.89295726056744,0.84352261,0.0,0.0,True,0.7760092228990895,0.0
133,1,218.27617,931,3970.9375,3.0269349,4,49.336342,0.9196612421760517,0.08363754072008546,239.80088268540942,0.92663592,0.051436611,0.0,True,0.9217536455232362,0.07397726180405982
134,7856,284.94226,931,3041.8828,3.98701,6,44.446537,1.20036048573809,1.1181793687350083,2555.7290223792625,1.0286237,0.99924964,0.0,True,1.1488394500166632,1.082500450114506
135,23813,314.97644,931,2751.8281,4.0241594,6,155.26041,1.326791834369697,1.2723000324185554,3174.354898318297,1.028126,1.0179075,0.0,True,1.2371920840587878,1.1959822726929887
136,16610,362.39142,931,2391.7812,3.0659919,5,44.960686,1.526353635134998,1.2489090760929482,3521.6765517460444,1.1326276,1.2361594,0.0,True,1.4082358245944986,1.2450841732650637
137,1047,240.33717,931,3606.4375,3.0600822,4,47.221272,1.0125592133264931,0.8490267397360588,1671.6874431748843,0.93649083,0.55064803,0.0,True,0.9897386983285452,0.7595131268152412
138,1059,264.36438,931,3278.6602,3.0278227,3,156.25674,1.1137260226883046,0.8604167581594453,1841.8179480800595,1.0092642,0.54831558,0.0,True,1.0823874758818133,0.7667864047116117
139,38637,379.70685,931,2282.7109,4.0116916,6,97.889969,1.5992205562365975,1.365580694307926,4010.4703596650866,1.0663309,1.125572,0.0,True,1.4393536593656182,1.2935780860155481
140,20877,365.28543,931,2372.832,2.9998765,5,36.786766,1.538532677822186,1.2795985450326914,3633.3112183190724,1.1320968,1.2356429,0.0,True,1.41660191447553,1.266411851522884
141,20205,314.73563,931,2753.9336,3.0621548,5,155.55663,1.3257781814256402,1.2514380385610304,3120.2211656035233,1.0276304,1.0131173,0.0,True,1.2363338469979481,1.1799418169927214
142,22928,365.27283,931,2372.9141,2.0729473,4,12.245501,1.5384794912531015,1.2916480288061247,3667.4127703273357,1.1320965,1.235516,0.0,True,1.416564593877171,1.2748084201642873
143,18584,315.37262,931,2748.3711,3.0591598,5,41.012009,1.3284595072780605,1.2411982945836677,3100.164540424935,1.027148,0.9805494,0.0,True,1.2380660550946423,1.1630036262085675
144,25875,368.14297,931,2354.4141,2.0545738,4,28.713356,1.5505579585259728,1.3085192139186077,3740.741148465391,1.1316478,1.2353394,0.0,True,1.424884910968181,1.2865652697430254
145,25,262.10135,931,3306.9688,4.043848,4,154.74573,1.1041979713854713,0.4020011762318008,863.8432919595039,1.0100449,0.71021581,0.0,True,1.0759520499698298,0.4944655663622606
146,1814,237.62543,931,3647.5938,3.0845957,4,41.912022,1.0011406300443126,0.9148074357111549,1783.2342711340596,0.92554015,0.9065091,0.0,True,0.9784604860310189,0.9123179349978083
147,3546,283.45786,931,3057.8125,3.0194187,4,35.248943,1.1941112850339088,1.0183670284079323,2317.0240456303227,1.0175149,0.95583558,0.0,True,1.1411323695237363,0.9996075938855526
148,58764,380.13553,931,2280.1367,3.9900088,6,81.855568,1.6010244418477724,1.4200010186067125,4174.389417562728,1.0663354,1.1380394,0.0,True,1.4406177292934406,1.3354125330246986
149,5375,283.46222,931,3057.7656,2.9764199,5,117.07825,1.1941295883376875,1.0701781737345764,2434.9081201871177,1.0175149,0.94382608,0.0,True,1.1411451818363814,1.0322725456142035
150,1669,236.69112,931,3661.9922,3.1026869,5,40.87429,0.997206445018583,0.9042228993886249,1756.5268209620758,0.92277771,0.88491315,0.0,True,0.9748778245130081,0.8984299745720374
151,1688,217.78683,931,3979.8594,2.9480708,3,35.247532,0.9176006155159113,0.8965152363986912,1618.6970875525983,0.91733783,0.86394954,0.0,True,0.9175217798611379,0.8867455274790839
152,0,178.28412,931,4861.6836,0.94750077,1,54.297466,0.7512323861564139,0.0,123.57713511661095,0.83903599,0.0,0.0,True,0.7775734673094896,0.0
153,30858,368.93933,931,2349.332,2.0173273,4,85.81279,1.553909289006324,1.3315686461817593,3813.8055915610694,1.1315337,1.2331678,0.0,True,1.4271966123044268,1.3020483923272315
154,2352,309.55405,931,2800.0312,2.3675694,3,155.3429,1.303967149379999,0.9779541162323528,2403.3378008234654,1.0359756,0.76206833,0.0,True,1.2235696845659993,0.9131883803626469
155,1352,285.86957,931,3032.0156,0.88180804,2,81.616768,1.2042642880075558,0.8992398288357488,2061.3535706421685,1.0331722,0.80447352,0.0,True,1.1529366616052892,0.8708099361850241
156,598,268.56271,931,3227.4062,2.0907354,3,128.93765,1.131402000881096,0.7914571989007964,1717.9767638842138,1.0648212,0.85784358,0.0,True,1.1114277606167673,0.8113731132305575
157,6230,283.50314,931,3057.3242,4.0308437,6,43.788044,1.1943018776296468,1.0885860345890184,2477.095244171715,1.0174258,0.94770801,0.0,True,1.141239054340753,1.0463226272123127
158,951,237.87686,931,3643.7383,4.0515084,6,83.623573,1.0021993724392717,0.8362483795433175,1631.743654090464,0.92366976,0.85458273,0.0,True,0.9786404887074902,0.8417486846803223
159,65092,380.15182,931,2280.0391,3.9903588,6,82.899261,1.6010929156901026,1.4332336325454296,4213.446020337437,1.0663356,1.1458433,0.0,True,1.440665720983072,1.3470165327818007
160,4982,283.63757,931,3055.875,3.9779871,5,150.27747,1.1948678858154167,1.0608020094178778,2414.886884479955,1.0165659,0.96759385,0.0,True,1.1413772900707917,1.0328395615925146
161,37187,368.95651,931,2349.2227,2.0054002,4,86.364754,1.5539815247351165,1.3556079055437842,3882.812823134443,1.1315342,1.2309902,0.0,True,1.4272473273145816,1.3182225938806489
162,4956,283.6528,931,3055.7109,4.0550179,6,47.061493,1.1949320115050175,1.0601572733549136,2413.532949699206,1.0164764,0.96586984,0.0,True,1.141395328053512,1.0318710433484395
163,1682,236.58638,931,3663.6133,3.0243993,4,42.0275,0.9967654352241185,0.9051190124542435,1757.5829923018243,0.9214955,0.86427033,0.0,True,0.974184454656883,0.8928644077179704
164,0,188.58035,931,4596.2422,1.0023193,1,108.1456,0.7945985612366868,0.0,130.71393791150768,0.83837295,0.0,0.0,True,0.8077308778656809,0.0
165,3249,250.59752,931,3458.7773,3.0207539,4,152.45914,1.0557618475877708,0.9922539000418761,2026.5114557677166,0.92319703,0.97605634,0.0,True,1.0159924023114395,0.9873946320293132
166,0,313.48746,931,2764.8984,2.0082757,3,201.30196,1.3205243229523054,0.0,217.29294903989862,1.0252955,0.0,0.0,True,1.2319556760666137,0.0
167,20965,328.71301,931,2636.832,2.0235844,4,167.58238,1.3846113114960776,1.26301891770374,3270.926209312868,1.127193,1.1866591,0.0,True,1.3073858180472544,1.240110972392618
168,0,282.66058,931,3066.4375,2.0076871,3,203.26828,1.190754785240963,0.0,195.92538408243885,1.0161494,0.0,0.0,True,1.138373169668674,0.0
169,1694,197.49135,931,4388.8555,3.0010741,3,46.849873,0.8321286447112226,0.8864896264401018,1468.5511720888787,0.83993757,0.85847634,0.0,True,0.8344713222978559,0.8780856405080713
170,0,162.99071,931,5317.8555,0.9995808,1,32.624828,0.6868150152457746,0.0,112.97655109396368,0.77057028,0.0,0.0,True,0.7119415946720422,0.0
171,1683,217.24716,931,3989.7461,2.9940913,3,41.425171,0.9153279153545907,0.895889663755941,1614.0423032561655,0.91557628,0.86384386,0.0,True,0.9154024247482135,0.8862759226291588
172,0,176.60674,931,4907.8594,0.98689449,1,154.12035,0.7441672640030826,0.0,122.41446389888331,0.83463556,0.0,0.0,True,0.7713077528021579,0.0
173,3689,247.06749,931,3508.1953,3.9863043,5,48.92617,1.0408983899949433,1.0060842345312058,2029.326557069337,1.0039476,0.91720682,0.0,True,1.0298131529964603,0.979421010171844
174,0,282.33185,931,3070.0078,1.0182501,2,162.06642,1.1893708851708702,0.0,195.69752580977337,1.0143293,0.0,0.0,True,1.136858409619609,0.0
175,26618,328.76367,931,2636.4258,1.9991338,4,93.14711,1.384824479937172,1.2933448792546478,3349.910487073584,1.1271937,1.1837599,0.0,True,1.3075352459560206,1.2604693854782534
176,6325,250.59695,931,3458.7852,1.9691668,4,275.62839,1.055759437580182,1.0739776402276038,2193.370220794728,0.92319703,0.97310585,0.0,True,1.0159907153061274,1.0437161031593227
177,5037,282.66815,931,3066.3555,3.020669,5,40.459114,1.1907866074637756,1.0617172521428997,2409.7354998687265,1.0147601,0.95255733,0.0,True,1.137978655224643,1.02896927550003
178,0,208.49716,931,4157.1836,0.96597672,1,21.65678,0.8784792852947912,0.0,144.5192186087558,0.87543619,0.0,0.0,True,0.8775663567063539,0.0
179,1696,265.80881,931,3260.8438,2.0839963,3,89.995979,1.1198074012423815,0.9191606710914403,1976.8749741024815,0.96257496,0.86703527,0.0,True,1.072637668869667,0.9035230507640082
180,70217,380.13098,931,2280.1641,4.0152049,6,86.385674,1.6010052197113334,1.443023635604864,4242.0238541261815,1.0663353,1.1529595,0.0,True,1.4406042437979334,1.3560043949234049
181,40016,368.978,931,2349.0859,2.6089067,4,54.573853,1.5540719445162838,1.3650625660971814,3910.0910933005043,1.1315345,1.2292717,0.0,True,1.4273107111613985,1.324325306268027
182,1626,282.68579,931,3066.1641,4.00704,5,198.57356,1.19086089180752,0.9209546982764655,2090.491818934978,1.0168592,0.93476212,0.0,True,1.138660384265264,0.9250969247935259
183,23,233.76909,931,3707.7656,3.9753933,4,86.659668,0.9849022904136631,0.38667189992165973,752.4736724024386,0.92831683,0.23586665,0.0,True,0.9679266522895642,0.3414303249451618
184,3810,267.66309,931,3238.2539,3.7443268,5,38.773571,1.1276143009465454,1.0200317984940355,2207.125553669062,0.96490914,0.91929936,0.0,True,1.0788027526625816,0.9898120669458248
185,44396,370.21231,931,2341.2539,2.2649693,5,30.183117,1.559266213677407,1.3790347822738773,3961.623308504772,1.1315014,1.229515,0.0,True,1.4309367695741848,1.334178847591714
186,0,199.41656,931,4346.4844,1.996352,2,112.08942,0.8402368044226667,0.0,138.22502632096317,0.84237236,0.0,0.0,True,0.8408774710958666,0.0
187,24874,332.3739,931,2607.7891,3.7808414,5,70.734032,1.4000198852611567,1.2865252227796373,3364.17519726949,1.0249021,1.0273663,0.0,True,1.2874845496828096,1.2087775459457462
188,2277,262.32385,931,3304.1641,4.0432067,5,211.83907,1.105134689575093,0.9539979937422794,2028.1547553560404,1.0257634,0.8494063,0.0,True,1.081323302702565,0.9226204856195955
189,7861,317.73355,931,2727.9492,5.7324257,7,30.859549,1.3383972992383217,1.1336372253524043,2850.0456343388605,1.0346179,0.91978133,0.0,True,1.2472634794668251,1.0694804567466831
190,9363,329.59238,931,2629.7969,5.4927115,7,92.348869,1.3883125389872666,1.1611043300968944,3014.034846186086,1.078519,0.90096456,0.0,True,1.2953744772910867,1.083062399067826
191,1500,290.84644,931,2980.1328,3.8058624,5,20.736015,1.2252159381828394,0.9141525172437165,2127.4116514733755,0.97974199,0.70692188,0.0,True,1.1515737537279875,0.8519833260706016
192,2852,247.84627,931,3497.1719,3.0879536,5,47.831753,1.0441775199263053,0.9749476966109261,1971.9830967349596,0.93423027,0.82783765,0.0,True,1.0111933449484136,0.9308146826276482
193,1538,290.58209,931,2982.8438,6.4884386,7,45.879005,1.2241031293958555,0.917173263802131,2132.7382031653456,1.0263764,0.87430888,0.0,True,1.1647851105770988,0.9043139486614917
194,25550,316.04596,931,2742.5156,2.059854,4,76.584091,1.331293812408214,1.2817359531027543,3207.3832187849207,1.0571412,1.079645,0.0,True,1.24904802868575,1.221108667171928
195,1589,276.25058,931,3137.5898,3.2182086,5,19.517433,1.1637687943621862,0.9154666447183789,2036.5518811567702,0.97090936,0.79033077,0.0,True,1.1059109640535303,0.8779258823028653
196,8786,321.3783,931,2697.0117,4.0087161,6,31.613636,1.353738717152585,1.1493501518517593,2918.48211733754,1.035899,0.92324245,0.0,True,1.2583868020068094,1.0815178412962316
197,23,252.61513,931,3431.1523,4.4754038,5,18.177589,1.0642570783526897,0.390351153830182,813.1367349529377,0.96770239,0.23659627,0.0,True,1.0352906718468828,0.3442246886811274
198,746,195.75291,931,4427.832,3.028585,4,47.350716,0.8248070437745307,0.7879698883622197,1295.37588958117,0.90658718,0.79258323,0.0,True,0.8493410846421715,0.7893538908535538
199,0,161.83228,931,5355.9219,1.9281929,2,151.192,0.6819354041606723,0.0,112.17358860558763,0.82545608,0.0,0.0,True,0.7249916069124707,0.0
200,26,143.29163,931,6048.9297,1.7950002,2,11.882942,0.6038339259399786,0.3784780355122282,477.47701575635654,0.76857585,0.24122745,0.0,True,0.6532565031579851,0.33730285985855973
201,788,165.45422,931,5238.6758,2.8778527,3,38.99065,0.6971918843630467,0.7788950795673696,1103.9160068055635,0.82855523,0.78741962,0.0,True,0.7366008880541327,0.7814524416971588
202,56,198.48204,931,4366.9492,4.0267391,5,218.51784,0.8363010117713928,0.48232007801816434,805.9250120369949,0.90548849,0.29951099,0.0,True,0.857057255239975,0.427477351612715
203,484,200.25578,931,4328.2695,2.0403349,4,60.727734,0.8437711870676449,0.7385278852908451,1238.82403322192,0.90791428,0.82571626,0.0,True,0.8630141149473514,0.7646843977035915
204,9785,248.21695,931,3491.9492,3.0144777,5,158.18793,1.045738339967226,1.126194950218006,2280.818455234084,1.0039725,1.0047569,0.0,True,1.0332085879770583,1.0897635351526043
205,2782,200.26012,931,4328.1758,2.9711967,5,33.030277,0.8437894453010008,0.9471780513309916,1588.3919835337229,0.90791446,0.90480316,0.0,True,0.8630269497107006,0.9344655839316942
206,4461,246.77705,931,3512.3242,3.9923306,6,80.155319,1.0396754620241972,1.0292062022099162,2073.8098093906406,1.0014491,0.96305645,0.0,True,1.0282075534169381,1.0093612765469413
207,0,246.76469,931,3512.5,2.0221748,3,39.019207,1.039623456064253,0.0,171.04424913524892,1.0014488,0.0,0.0,True,1.028171059244977,0.0
208,750,198.87216,931,4358.3828,2.990721,4,48.320763,0.8379440071953813,0.7900925408332693,1317.0778778543645,0.90857977,0.79270047,0.0,True,0.8591347360367669,0.7908749195832885
209,0,164.24483,931,5277.25,1.9999309,2,40.221939,0.6920976722712161,0.0,113.84584083604753,0.82824939,0.0,0.0,True,0.7329431875898513,0.0
210,9,197.65425,931,4385.2383,3.0085359,4,47.929977,0.8328147199886128,0.2745525326392305,473.95419172350734,0.90582597,0.17058121,0.0,True,0.8547180949920289,0.24336113584746136
211,779,198.55522,931,4365.3398,3.9409962,5,97.646927,0.8366091954506992,0.7944624241971029,1322.4919642029517,0.90413755,0.76356769,0.0,True,0.8568677018154894,0.7851940039379721
212,1874,173.81308,931,4986.7422,4.0150852,6,40.230831,0.7324003706460954,0.8850546625910916,1310.0113037330552,0.8346101,0.83472902,0.0,True,0.7630632894522669,0.8699569698137641
213,32359,341.38571,931,2538.9492,3.3862383,6,33.140808,1.4379495018388473,1.3244603536312392,3545.1913483215526,1.0308288,1.0508187,0.0,True,1.3158132912871932,1.2423678575418675
214,0,253.08795,931,3424.7422,1.0093753,2,13.575878,1.066247888836755,0.0,175.42719897619642,0.92525315,0.0,0.0,True,1.0239494671857285,0.0
215,6702,313.51758,931,2764.6328,4.8226094,6,76.311539,1.320651094839119,1.1116062302960112,2762.2339856982708,1.0308188,0.94604409,0.0,True,1.2337014063873832,1.061937588207208
216,72345,380.12643,931,2280.1914,4.0412374,6,87.376625,1.600986068187715,1.4468820283118933,4253.321775374007,1.0663353,1.1556207,0.0,True,1.4405908377314005,1.3595036298183254
217,32456,339.98441,931,2549.4141,4.2557507,6,161.98172,1.4320515969312144,1.3241482476997304,3531.6568121800956,1.0228963,1.037979,0.0,True,1.30930500785185,1.2382974733898113
218,3346,253.08882,931,3424.7305,3.0084164,5,41.566277,1.0662515293624104,0.9970718707277062,2054.098836836265,0.92525315,0.91597223,0.0,True,1.0239520155536872,0.9727419785093944
219,2208,282.46951,931,3068.5117,2.9758897,4,205.76027,1.189950403490668,0.958949813222215,2175.2264561493284,1.0163549,0.92018765,0.0,True,1.1378717524434676,0.9473211642555505
220,1344,249.62967,931,3472.1875,2.0212035,3,40.374249,1.0516866566176457,0.883575687564156,1798.5549397078642,0.92502362,0.88165843,0.0,True,1.0136877456323519,0.8830005102949092
221,41655,368.19183,931,2354.1016,3.1589839,5,88.70282,1.5507636157701423,1.3698574566853365,3916.539228671996,1.1314183,1.2260107,0.0,True,1.4249600210390996,1.3267034296797355
222,35431,340.79639,931,2543.3398,4.0235267,6,37.676929,1.435469101743436,1.3357332326348574,3569.9781181198946,1.0224757,1.0368918,0.0,True,1.311571081220405,1.2460808028444001
223,1676,250.2702,931,3463.3008,3.0462036,4,42.424534,1.0543836876549988,0.9109194634075997,1858.3458034578625,0.92132992,0.86426401,0.0,True,1.0144675573584991,0.8969228273853198
224,0,199.47896,931,4345.125,0.94981974,1,110.49918,0.8404995569112499,0.0,138.2682787050301,0.8423745,0.0,0.0,True,0.8410620398378749,0.0
225,1684,235.2724,931,3684.0742,2.9958231,3,50.752922,0.9912325249279619,0.9046503209269002,1748.1007856533674,0.94736356,0.86601716,0.0,True,0.9780718354495734,0.8930603726488302
226,0,188.04019,931,4609.4453,0.99629915,1,155.43367,0.7923235338686153,0.0,130.33952753045642,0.86034995,0.0,0.0,True,0.8127314587080308,0.0
227,3275,334.16739,931,2593.793,2.2477226,4,236.7995,1.4075685681939265,1.0295529106256198,2704.9793077613604,1.0785824,0.95785153,0.0,True,1.3088727177357484,1.008042496437934
228,1631,259.31488,931,3342.5039,3.0279396,4,44.522797,1.0924659517777262,0.9115492161022567,1918.456627137745,1.02413,0.87480074,0.0,True,1.0719651662444083,0.9005246732715797
229,1674,245.11307,931,3536.168,3.0049911,4,47.884239,1.0326690638595502,0.9084543776119471,1819.7599442236242,0.92871869,0.86471111,0.0,True,1.0014839517016851,0.895331397328363
230,0,194.1161,931,4465.168,1.0017105,1,157.65202,0.8179134154654174,0.0,134.55102741629238,0.84464616,0.0,0.0,True,0.8259332388257923,0.0
231,1578,260.37961,931,3328.8359,4.0049992,5,213.79947,1.0969488578941453,0.90793908569597,1917.7427287931023,1.0237201,0.84724444,0.0,True,1.0749802305259017,0.889730691987179
232,24768,342.45212,931,2531.043,2.011301,4,97.170052,1.4424376673975994,1.2908779677171451,3464.7211483881097,1.1429666,1.2197785,0.0,True,1.3525963471783196,1.2695481274020017
233,19072,314.41809,931,2756.7148,2.9904175,5,103.91278,1.324441597347365,1.2439953327654376,3098.930298148728,1.0544517,1.0498375,0.0,True,1.2434446281431555,1.1857479829358062
234,1706,260.38693,931,3328.7422,4.0018959,5,44.821556,1.0969797171146471,0.9175518132640138,1938.0803276460008,1.0237204,0.95370555,0.0,True,1.075001921980253,0.9283979342848097
235,25244,328.80994,931,2636.0547,2.9993706,5,103.14654,1.3850192857402908,1.2866408814880432,3332.9566405203336,1.0324043,1.0449662,0.0,True,1.2792347900182035,1.2141384770416304
236,0,193.74931,931,4473.6211,1.9918473,2,188.50623,0.8163686234158243,0.0,134.29678796193483,0.84604901,0.0,0.0,True,0.825272739391077,0.0
237,4571,249.38165,931,3475.6406,2.3962438,4,37.284672,1.0506423913781708,1.0335167842816602,2101.76977366164,0.93220294,0.93647641,0.0,True,1.0151105559647196,1.0044046719971622
238,829,223.99774,931,3869.5078,2.9996974,4,31.184137,0.9437554630105143,0.8135686610615003,1505.853880904284,0.92646414,0.79368597,0.0,True,0.9385680661073599,0.8076038537430501
239,5097,234.05537,931,3703.2305,2.0939553,4,78.081635,0.9861077836690099,1.0387979902401159,1998.0838173274612,0.94439769,0.94745183,0.0,True,0.9735947555683069,1.011394142168081
240,8257,239.70186,931,3615.9961,2.362994,4,25.105089,1.0098840726605032,1.1006822795610458,2161.885168325786,0.95231968,0.98248547,0.0,True,0.9926147548623523,1.0652232366927321
241,32933,324.74835,931,2669.0234,2.4203558,4,18.449183,1.3679238588242308,1.3183119556817453,3378.126903768558,1.0662541,1.1117662,0.0,True,1.2774229311769616,1.2563482289772216
242,7629,250.86638,931,3455.0703,2.9084318,4,96.134819,1.0568939359832565,1.0971197681856344,2242.7389591501283,0.93353987,0.95927799,0.0,True,1.0198877161882796,1.055767234729944
243,11041,327.2388,931,2648.7109,3.0283504,4,141.84615,1.3784063121850887,1.1809600796189974,3046.446632232277,1.0309768,0.93188441,0.0,True,1.274177458529562,1.1062373787332982
244,41667,334.32547,931,2592.5664,2.0301166,4,120.07806,1.4082340063980698,1.3531015060777092,3556.391441767108,1.0685303,1.1204829,0.0,True,1.306322894478649,1.2833159242543966
245,12430,327.23688,931,2648.7266,2.064836,4,96.973923,1.3783981480164034,1.1959899773800564,3085.198818269348,1.0309768,0.96578276,0.0,True,1.2741717436114823,1.1269278121660395
246,21218,327.55908,931,2646.1211,1.9702938,4,51.537746,1.3797543610591743,1.2639778629780123,3263.372653766282,1.0309811,1.0297139,0.0,True,1.275122382741422,1.1936986740846085
247,3646,245.35158,931,3532.7305,2.97557,5,48.218117,1.0336733271002747,1.003792218542835,2012.3575521217772,0.92907971,0.90478009,0.0,True,1.0022952419701923,0.9740885799799845
248,20844,314.97284,931,2751.8594,3.9803009,6,46.732765,1.3267767542300153,1.2554875161355454,3132.3788651687096,1.055163,1.0570217,0.0,True,1.2452926279610108,1.1959477712948816
249,25777,342.70651,931,2529.1641,2.7833004,5,95.968361,1.4435083985024193,1.2960951332748432,3480.9781411696163,1.14271,1.2163538,0.0,True,1.3532688789516936,1.2721727332923902
250,27888,328.87769,931,2635.5117,4.0653949,6,213.60721,1.3853044277823743,1.2993178765219646,3366.39975709257,1.0325984,1.0522749,0.0,True,1.279492619447662,1.225204983565375
251,3700,330.80014,931,2620.1953,4.3486333,6,96.537888,1.3933960740215718,1.0437250264595055,2718.061855856532,1.0785242,0.90317035,0.0,True,1.2989345118151003,1.0015586235216538
252,5357,245.76028,931,3526.8555,3.09358,5,51.154388,1.0353942337219013,1.0510874295341979,2110.228673084202,0.92939824,0.89153194,0.0,True,1.003595435605331,1.0032207826739385
253,968,240.67737,931,3601.3398,3.0019562,5,52.203289,1.0139916963528717,0.8396036257836788,1655.209531199333,0.95144761,0.67979664,0.0,True,0.9952284704470102,0.7916615300485751
254,850,304.59467,931,2845.6211,2.9488845,4,111.00089,1.2830908705999606,0.8481155970730008,2055.2788914360217,1.0249157,0.87290114,0.0,True,1.2056383194199725,0.8555512599511005
255,31046,328.92499,931,2635.1328,4.2560511,6,44.05563,1.3855034666201935,1.3129582426017055,3402.1664522746605,1.0334642,1.0558445,0.0,True,1.2798916866341354,1.235824119821194
256,21713,315.15179,931,2750.2969,3.074199,5,49.877079,1.3275299755407266,1.260734041765624,3147.0296799547514,1.0555462,1.0651138,0.0,True,1.2459348428785084,1.2020479692359367
257,3,243.30054,931,3562.5117,3.9823289,4,112.19105,1.0250370720729622,0.16949305627950562,391.5771131916893,0.92898101,0.10289252,0.0,True,0.9962202534510736,0.14951289539565393
258,6505,311.28809,931,2784.4336,3.0245118,4,48.673561,1.3112663572309124,1.1068469302454509,2733.3067244342365,1.0577707,0.96769679,0.0,True,1.2352176600616387,1.0651018881718157
259,2023,258.9614,931,3347.0664,3.0199523,4,181.82222,1.0909776636073316,0.9379178465907637,1971.5572953568155,0.97466767,0.94207096,0.0,True,1.0560846655251321,0.9391637806135347
260,1569,241.43314,931,3590.0664,3.0582066,4,50.292137,1.0171740244940397,0.8988696088789431,1776.8193806324389,0.95333302,0.85897529,0.0,True,0.9980217231458278,0.8869013132152601
261,10086,311.58182,931,2781.8086,3.0160832,5,66.955261,1.3125028194602952,1.1622641150894735,2872.50454180197,1.0581765,1.0087349,0.0,True,1.2362049236222066,1.1162053505626315
262,2754,259.47318,931,3340.4648,3.0434043,5,144.20779,1.0931324202240864,0.9761434568053196,2055.4260409530025,0.97407246,0.9366982,0.0,True,1.0574144321568606,0.9643098797637237
263,48,208.06744,931,4165.7695,3.959049,4,65.56794,0.8766695558230408,0.46690397777531556,813.9646119605404,0.88650018,0.28785577,0.0,True,0.8796187430761286,0.41318951544272087
264,2878,261.19183,931,3318.4844,2.9948421,5,49.296505,1.1003685595805894,0.9823673120488037,2080.5354251942213,0.97392124,0.91224724,0.0,True,1.0624343637064126,0.9613312904341627
265,230,254.91507,931,3400.1953,4.0109539,4,347.51358,1.073940886444061,0.6692207494277413,1388.4554383699333,0.97443831,0.52376187,0.0,True,1.0440901135108427,0.6255830855994189
266,15608,311.63214,931,2781.3594,2.9445,5,71.594803,1.3127146412848507,1.2173322179728985,3009.0161745473674,1.0581774,1.0360118,0.0,True,1.2363534688993956,1.162936092581029
267,43711,334.62445,931,2590.25,2.0050211,4,75.044968,1.4094923855098147,1.3593474547125612,3575.596372315627,1.0685345,1.1288573,0.0,True,1.3072050198568703,1.290200408298793
268,44330,334.97504,931,2587.5391,2.0491769,4,77.123421,1.4109679349262645,1.3613174356295532,3584.0527257974163,1.069108,1.1316593,0.0,True,1.3084099544483851,1.2924199949406872
269,8435,448.41827,931,1932.9297,3.0561695,5,68.921471,1.88831492758513,1.194483864581587,4053.8724898363625,1.1920308,1.3936673,0.0,True,1.679429689309591,1.2542388952071108
270,46275,335.97168,931,2579.8633,3.2480071,5,109.28548,1.415162699101001,1.3672969341176913,3609.142294968575,1.0708554,1.1348366,0.0,True,1.3118705093707006,1.297558833882384
271,17908,450.90594,931,1922.2656,1.5469127,4,45.796452,1.8987797923206742,1.2948952480874665,4415.77349692029,1.1919533,1.3936827,0.0,True,1.686731844624472,1.3245314836612265
272,22039,272.31915,931,3182.8867,3.028846,4,15.386846,1.1472171478934612,1.2397733477160666,2723.3711310487242,1.0723813,1.1065032,0.0,True,1.1247663935254228,1.1997923034012468
273,6266,304.22006,931,2849.125,2.7021904,3,13.489416,1.2815140116051795,1.0989506398338018,2659.860662822198,1.0568278,0.94665861,0.0,True,1.2141081481236258,1.0532630308836612
274,4751,253.26302,931,3422.375,3.6281905,4,46.428391,1.0669849640701785,1.04022066413434,2144.2592800397197,0.98060095,0.90648043,0.0,True,1.041069759849125,1.0000985938940379
275,42269,448.10223,931,1934.293,3.0520034,5,131.27721,1.8869854078581174,1.407288527952454,4773.120674018309,1.1918434,1.3924781,0.0,True,1.6784428055006821,1.4028453995667178
276,0,216.28703,931,4007.457,5.1237812,5,27.402538,0.91128465434043,0.0,149.9187450361843,0.97587824,0.0,0.0,True,0.930662730038301,0.0
277,0,196.69359,931,4406.6562,2.7388856,3,25.460178,0.828768783634754,0.0,136.33760734271385,0.89943892,0.0,0.0,True,0.8499698245443279,0.0
278,30631,344.28687,931,2517.5547,4.5599208,7,12.907463,1.4501596795409193,1.3188829815386633,3556.4259187812977,1.047612,1.0720319,0.0,True,1.3293953756786434,1.2448276570770644
279,170,239.52591,931,3618.6523,4.0431919,5,212.50998,1.0091431967487785,0.6274387797372324,1232.9582987787162,0.94964844,0.382245,0.0,True,0.991294769724145,0.5538806458160627
280,4490,248.48241,931,3488.2188,2.9741888,5,49.273483,1.0468560413283594,1.0308683870692148,2089.7503161529703,0.93518877,0.89881939,0.0,True,1.0133558599298516,0.9912536879484504
281,28812,342.03772,931,2534.1094,6.457531,8,67.144623,1.4406936216307615,1.3099718402321596,3512.254229639907,1.0390403,1.0484804,0.0,True,1.320197625141533,1.2315244081625116
282,25105,315.64719,931,2745.9805,2.0010166,4,17.447025,1.329615197901811,1.2793131487804614,3197.7907392172283,1.056338,1.0754216,0.0,True,1.2476320385312676,1.218145684146323
283,548,260.36432,931,3329.0312,3.064625,4,53.619183,1.09688454324229,0.7776890734667623,1642.8775817660178,0.97234577,0.48883292,0.0,True,1.059522911269603,0.6910322274267335
284,1971,307.59213,931,2817.8906,3.6341591,6,13.99554,1.295708647824074,0.9549385714944808,2333.796999518874,1.0246848,0.87026811,0.0,True,1.214401493476852,0.9295374330461366
285,22550,325.98355,931,2658.9102,4.5442109,6,23.070496,1.3731228646264793,1.2709255496272334,3267.5218768157374,1.0259767,1.0283591,0.0,True,1.2689790152385354,1.1981556147390635
286,4889,292.28619,931,2965.4531,6.3024664,7,90.961151,1.231276961491933,1.0624267192696373,2483.015629245698,1.0422133,0.95554912,0.0,True,1.1745578630443532,1.030363439488746
287,16793,338.30853,931,2562.043,4.2608223,6,96.22905,1.424998190879723,1.2393771903349797,3291.3483756176574,1.1423819,1.1911243,0.0,True,1.3402133036158062,1.2249013232344859
288,547,257.5433,931,3365.4961,3.9684124,4,368.46884,1.0850069392323327,0.7764224554440343,1624.6084893512214,0.97983479,0.54758751,0.0,True,1.053455294462633,0.7077719718108241
289,17258,311.61597,931,2781.5039,1.997824,4,71.028183,1.3126464943475802,1.22999297400726,3040.1711998480446,1.0581765,1.0454563,0.0,True,1.2363054960433062,1.174631971805082
290,0,232.63969,931,3725.7656,2.0019593,2,231.62802,0.9801465618808803,0.0,161.2535452098397,0.94812906,0.0,0.0,True,0.9705413113166161,0.0
291,17634,311.51447,931,2782.4102,2.0037057,4,47.372757,1.3122192399445374,1.2326595326527445,3045.8942690113413,1.0581698,1.0514864,0.0,True,1.236004407961176,1.178307592856921
292,26391,316.59476,931,2737.7617,2.9875255,4,173.47284,1.3336038080749202,1.2861075783885005,3223.205061163459,1.057952,1.0849206,0.0,True,1.250908265652444,1.2257514848719504
293,19288,311.50879,931,2782.4609,2.0543089,4,14.971368,1.31219534680405,1.2439587106026029,3073.7637999248905,1.0581698,1.0622597,0.0,True,1.2359876827628349,1.189449007421822
294,86883,435.08173,931,1992.1797,1.9799093,4,108.69199,1.8322103250463424,1.496656582023,4947.89765901213,1.1915644,1.3894128,0.0,True,1.6400165475324398,1.4644834474161001
295,13306,312.03488,931,2777.7695,2.9844556,4,45.34296,1.3144099308729797,1.1974107417070483,2963.120863474994,1.0568599,1.0561615,0.0,True,1.237144921611086,1.155035969194934
296,0,234.32578,931,3698.957,2.0010149,2,64.546143,0.9872464436462832,0.0,162.42225373951,0.95239818,0.0,0.0,True,0.9767919645523984,0.0
297,21324,311.51404,931,2782.4141,2.9764597,4,41.961273,1.312217401979762,1.2566117725787984,3105.0729716750807,1.0581698,1.0721655,0.0,True,1.2360031213858333,1.201277890805159
298,19535,262.2178,931,3305.5,3.7373636,5,37.385658,1.1046883254233764,1.219115150755478,2590.7290084793367,1.0504664,1.0977806,0.0,True,1.0884217477963634,1.1827147855288347
299,4984,248.14145,931,3493.0117,3.513097,6,33.828903,1.0454204305919255,1.0434850052682065,2112.772897854113,0.96994841,0.90595448,0.0,True,1.0227788244143479,1.0022258476877446
300,71559,434.94528,931,1992.8047,3.4765286,5,205.28482,1.8316362681207927,1.4710596019718198,4861.951220760757,1.1915631,1.3894153,0.0,True,1.6396143176845548,1.4465663113802738
301,39403,344.37234,931,2516.9297,3.0952621,5,96.523499,1.4505194949814666,1.3510777764704207,3644.0268796438763,1.0657939,1.1929138,0.0,True,1.3351018164870267,1.3036285835292944
302,1697,232.06987,931,3734.9141,2.9629896,4,58.614006,0.9777470229614904,0.904078592974151,1726.0881469730396,0.98316789,0.86838377,0.0,True,0.9793732830730433,0.8933701460819057
303,0,195.42361,931,4435.293,0.75390309,1,60.877995,0.8234201880150392,0.0,135.45732428634633,0.91081274,0.0,0.0,True,0.8496379536105274,0.0
304,19120,261.9816,931,3308.4805,3.064755,5,82.539665,1.1036937496951928,1.2163305671929372,2582.770435171074,1.0495592,1.0818883,0.0,True,1.087453384786635,1.175997887035056
305,0,234.49467,931,3696.293,2.0030301,2,127.4856,0.9879575891736585,0.0,162.5393193668348,0.95119792,0.0,0.0,True,0.9769296884215609,0.0
306,0,198.62436,931,4363.8203,2.0117714,2,43.197845,0.836900372728996,0.0,137.67591512452358,0.91957259,0.0,0.0,True,0.8617020379102971,0.0
307,1339,268.32077,931,3230.3164,3.2092969,4,35.807827,1.1303833487148156,0.8910023499872604,1932.2237163037198,0.9985041,0.86870426,0.0,True,1.090819574100371,0.8843129229910822
308,36511,343.59433,931,2522.6289,2.5288618,4,22.064966,1.4472450332553102,1.340958285462426,3609.6039971384184,1.0591345,1.189186,0.0,True,1.330811873278717,1.2954265998236982
309,99128,435.08173,931,1992.1797,1.9792681,4,89.065201,1.8322103250463424,1.5140084699628624,5005.261755812842,1.1915644,1.389334,0.0,True,1.6400165475324398,1.4766061289740038
310,11275,312.03006,931,2777.8125,2.8792391,5,42.3419,1.314389598700566,1.176525275730198,2911.4028815036727,1.0568599,1.0420662,0.0,True,1.2371306890903961,1.1361875530111387
311,118769,434.81573,931,1993.3984,1.9835824,4,62.373783,1.8310912930158796,1.5376747342681956,5080.801172333743,1.1915618,1.3897418,0.0,True,1.6392324451111155,1.4932948539877369
312,11244,301.35638,931,2876.1992,3.9809866,5,83.98732,1.269459263395604,1.171044021947906,2810.9823343290877,1.0567073,1.03194,0.0,True,1.205633674376923,1.1293128153635341
313,124106,434.56622,931,1994.543,2.0278769,4,39.71188,1.8300415449794056,1.5433425965030776,5096.9869680003085,1.1915593,1.3896576,0.0,True,1.6384968714855839,1.4972370975521543
314,142666,434.0621,931,1996.8594,2.0290742,4,73.02961,1.8279207813905356,1.5614433100329481,5151.568600645115,1.1915543,1.3900743,0.0,True,1.637010836973375,1.5100326070230636
315,850,256.7019,931,3376.5273,4.1726999,6,111.86199,1.081464292544807,0.8302774593484614,1732.1182818514865,0.95357168,0.6617108,0.0,True,1.0430965087813648,0.779707461543923
316,5006,306.57642,931,2827.2266,3.4186802,4,84.525177,1.2914330143572867,1.071775555006822,2611.660727345024,1.0570343,1.0260487,0.0,True,1.2211134000501007,1.0580574985047755
317,9076,311.74292,931,2780.3711,4.2122741,6,90.868004,1.3131809183677252,1.1490377771013722,2841.103138452351,1.056397,1.024312,0.0,True,1.2361457428574076,1.1116200439709605
318,784,256.08746,931,3384.6289,3.6462622,5,156.77072,1.078877179704519,0.8201005912987669,1707.324030902943,0.95205301,0.54131705,0.0,True,1.0408299287931633,0.7364655289091369
319,17663,261.39246,931,3315.9375,1.7767003,4,41.115143,1.10121321945872,1.2062170328976294,2556.245886102134,1.0481966,1.0722659,0.0,True,1.0853082336211042,1.1660316930283405
320,934,254.50835,931,3405.6289,4.0068121,4,101.43468,1.0722284449277377,0.8409751073727082,1741.2482662527757,0.9595747,0.56173146,0.0,True,1.0384323214494164,0.7572020131608957
321,52,259.39188,931,3341.5117,3.1416311,4,31.915108,1.0927901452648774,0.48924888959154633,1034.7100711283147,0.9845292,0.29595578,0.0,True,1.0603118616854141,0.43126095671408243
322,155,256.66272,931,3377.043,5.6390209,5,37.326721,1.0812992425186116,0.6214715027259715,1297.749801389287,0.92106223,0.50247216,0.0,True,1.033228138763028,0.5857716999081801
323,35133,343.56027,931,2522.8789,3.5280988,5,29.099615,1.4471017347952082,1.3360307027789653,3596.029220616778,1.0591341,1.1877925,0.0,True,1.3307114443566457,1.2915592419452757
324,1678,267.36121,931,3241.9102,2.7809942,5,111.50629,1.1263433359954962,0.918503141994478,1985.5711461205212,0.97113937,0.819655,0.0,True,1.0797821461968473,0.8888486993961346
325,1110,266.16241,931,3256.5117,4.9980431,5,44.269547,1.1212961538047623,0.8669461461053317,1866.8406463118645,0.96560919,0.73606282,0.0,True,1.0745900646633337,0.8276811482737322
326,15990,261.18384,931,3318.5859,2.2839351,4,67.398979,1.1003349247305474,1.1938265180956509,2528.218794181238,1.047743,1.0637165,0.0,True,1.0845573473113832,1.1547935126669557
327,0,197.78217,931,4382.4023,1.9999301,2,54.195469,0.8333534165735241,0.0,137.0921535005278,0.91679919,0.0,0.0,True,0.8583871486014669,0.0
328,34972,343.68161,931,2521.9883,3.4982903,6,99.556137,1.4476123507933127,1.3355045555466607,3595.720800435726,1.058706,1.186011,0.0,True,1.3309404455553189,1.2906564888826626
329,2157,262.39517,931,3303.2656,4.0453229,6,43.727081,1.1054351082520621,0.9473519417738944,2014.512791123006,1.0280111,0.93383455,0.0,True,1.0822079057764435,0.9432967242417261
330,7424,302.43048,931,2865.9844,2.3506212,5,16.160151,1.2739806521743346,1.119433410866431,2695.485033139983,1.0461664,0.98651928,0.0,True,1.2056363765220341,1.0795591716065016
331,578,258.73251,931,3350.0273,4.3010364,6,12.334473,1.09001398536874,0.7836414304528091,1646.3222324295643,1.0185751,0.82843465,0.0,True,1.068582319758118,0.7970793963169664
332,539,267.59979,931,3239.0195,4.3971815,5,22.316792,1.127347933678837,0.7782789110754855,1684.1176774012697,0.97773385,0.81027764,0.0,True,1.0824637085751858,0.7878785297528398
333,7152,313.08408,931,2768.4609,4.0969863,6,18.234308,1.3188262777279467,1.1196091503321253,2778.754871798754,1.0329651,0.95362741,0.0,True,1.2330679244095626,1.0698146282324876
334,158,268.79208,931,3224.6523,4.0692677,5,86.985931,1.1323676357498504,0.6273776513473619,1364.166526158236,1.0231589,0.39025834,0.0,True,1.0996050150248953,0.5562418579431533
335,16,255.22411,931,3396.0781,5.2234631,5,21.801538,1.0752421012153361,0.348434745530589,737.6925594781841,0.94120818,0.21048896,0.0,True,1.0350319248507351,0.3070510098714123
336,1672,247.48331,931,3502.3008,2.977489,4,48.464367,1.0426492601142623,0.9093782100032007,1837.0614952445515,0.93452114,0.86520153,0.0,True,1.0102108240799836,0.8961252060022405
337,0,195.12032,931,4442.1875,1.0107851,1,157.8716,0.8221427733050906,0.0,135.2470996779543,0.84853762,0.0,0.0,True,0.8300612273135634,0.0
338,7459,302.49808,931,2865.3438,2.5597062,4,10.180374,1.2742652751783086,1.120055494122381,2697.509910078747,1.0466901,0.9844386,0.0,True,1.205992722624816,1.0793704258856667
339,16921,340.66034,931,2544.3555,5.0038323,6,49.577293,1.434896516349668,1.2414387874861519,3316.8151870933725,1.1382582,1.1854634,0.0,True,1.3459050214447676,1.2246461712403063
340,8121,312.77603,931,2771.1875,3.7532947,5,28.198282,1.3175296067567799,1.1354948512864034,2815.7520798082296,1.0374002,0.9872393,0.0,True,1.2334907847297458,1.0910181859004824
341,10546,334.01093,931,2595.0078,4.9859438,6,50.131012,1.4069101511122983,1.1781998732189387,3094.174229004655,1.0798719,0.9130652,0.0,True,1.3087986757786088,1.0986594712532571
342,8017,305.08466,931,2841.0508,2.662225,4,17.330776,1.2851534824273338,1.1303233547535003,2742.5796033780907,1.0489661,0.98989075,0.0,True,1.2142972676991337,1.0881935733274504
343,1251,261.78534,931,3310.9609,3.0124781,4,214.963,1.1028674187907914,0.8799143932272726,1867.3923068730921,1.019537,0.75602174,0.0,True,1.077868293153554,0.8427465972590908
344,2688,282.74881,931,3065.4805,3.9866724,5,51.150551,1.1911262798044902,0.9835578361078353,2232.951179843684,1.0262965,0.93947184,0.0,True,1.141677345863143,0.9703320372754848
345,17193,321.67459,931,2694.5273,2.4834561,5,47.125977,1.3549859615134685,1.234456158789166,3137.0908831647303,1.0605032,1.049736,0.0,True,1.2666411330594278,1.1790401111524162
346,29059,347.75037,931,2492.4805,2.1104417,5,44.759468,1.4647364997793397,1.313833689230869,3573.883531596229,1.1358155,1.1842697,0.0,True,1.366060199845538,1.2749644924616084
347,3027,282.78738,931,3065.0625,3.031642,5,49.739613,1.1912886145417048,0.9983629039471884,2266.8201911923275,1.0255959,0.89786041,0.0,True,1.1415808001791934,0.9682121557630319
348,4183,261.79211,931,3310.875,2.9261801,4,40.986622,1.1028960151946021,1.0287630355762034,2183.152990352347,1.019537,0.94097179,0.0,True,1.0778883106362214,1.0024256619033425
349,3714,283.00558,931,3062.6992,3.001729,5,47.784184,1.1922072601245228,1.0239290321750885,2326.4199471305433,1.0249054,0.86457711,0.0,True,1.142016702087166,0.976123455522562
350,11294,248.18808,931,3492.3555,3.0252306,4,84.24324,1.0456167485929286,1.1437550798573013,2316.1417829345364,1.0039719,1.0160899,0.0,True,1.03312329401505,1.1054555259001109
351,63,199.26489,931,4349.793,3.0450668,4,96.831673,0.8395979855516605,0.4963712901716625,831.8088201531544,0.9085905,0.30816993,0.0,True,0.8602957398861624,0.4399108821201637
352,0,196.64774,931,4407.6836,2.019361,2,31.680666,0.8285756910853688,0.0,136.30582654448517,0.84079641,0.0,0.0,True,0.8322419067597582,0.0
353,40060,328.83188,931,2635.8789,1.994455,4,185.40709,1.385111589594889,1.3452667347359084,3485.020615769687,1.1271948,1.174621,0.0,True,1.3077365527164222,1.2940730143151358
354,0,196.01836,931,4421.8359,1.5340284,2,25.857178,0.8259249933610371,0.0,135.86957357198435,0.83870339,0.0,0.0,True,0.829758512352726,0.0
355,2443,197.23979,931,4394.4531,2.5508075,4,39.212826,0.8310691717234099,0.9299791585549392,1538.8254728944414,0.84077203,0.88263118,0.0,True,0.8339800292063868,0.9157747649884574
356,1572,249.42342,931,3475.0586,3.0358071,4,47.348961,1.0508182509025927,0.9026898082472198,1836.0994353994972,0.92453015,0.81902659,0.0,True,1.012931820631815,0.8775908427730539
357,420,173.62512,931,4992.1406,3.9782438,5,42.573311,0.7316086848531692,0.7095439336339765,1049.5647730501403,0.83499855,0.84835953,0.0,True,0.7626256443972185,0.7511886125437834
358,1,177.63004,931,4879.5859,3.0163572,3,33.022766,0.7484773823887473,0.0816098042445047,195.14654478060788,0.8029027,0.050895292,0.0,True,0.7648049776721231,0.07239545057115329
359,0,180.52321,931,4801.3828,1.4404119,2,33.281651,0.7606632218314595,0.0,125.12915403713093,0.80714029,0.0,0.0,True,0.7746063422820216,0.0
360,767,197.78815,931,4382.2695,2.4535594,3,34.945061,0.8333786589391499,0.7922471610450251,1314.3202494402278,0.84006715,0.78818679,0.0,True,0.8353852062574049,0.7910290497315177
361,0,196.79022,931,4404.4922,2.0019834,2,138.14998,0.8291757866581081,0.0,136.40458615477135,0.90818113,0.0,0.0,True,0.8528773896606757,0.0
362,9812,321.67972,931,2694.4844,5.5305934,6,119.3318,1.3550075188040462,1.1634653362511431,2956.7401252536624,1.0361041,0.93169326,0.0,True,1.2593364931628324,1.0939337133758
363,32530,337.42419,931,2568.7578,3.0717242,5,206.93205,1.4212761063441361,1.3231651022741355,3505.830416663409,1.0208876,1.0386143,0.0,True,1.3011595544408954,1.237799861591895
364,93604,380.88986,931,2275.6211,4.0167413,6,86.589813,1.6041986247571283,1.4805790672529553,4359.989003660697,1.0663432,1.1631955,0.0,True,1.4428419973299897,1.3853639970770688
365,1783,283.80881,931,3054.0312,3.0060875,4,158.0387,1.1955887872930804,0.9328881216087875,2124.925856418105,1.0167079,0.93504924,0.0,True,1.1419245211051563,0.9335364571261513
366,43830,368.19183,931,2354.1016,3.5386615,5,67.770782,1.5507636157701423,1.376411826480754,3935.2782496932723,1.1314183,1.2239803,0.0,True,1.4249600210390996,1.3306823685365279
367,0,303.80563,931,2853.0117,1.963855,3,42.585651,1.2797694091193452,0.0,210.58201587273794,1.0542636,0.0,0.0,True,1.2121176663835418,0.0
368,4059,283.14606,931,3061.1797,4.4682164,5,51.497414,1.1927986583150239,1.0350547295516574,2352.712860827336,1.0247893,0.82900375,0.0,True,1.1423958508205168,0.9732394356861602
369,2326,283.80991,931,3054.0195,3.0498552,5,42.400051,1.195593364616233,0.9659995160805791,2200.311482651263,1.0167079,0.91841841,0.0,True,1.141927725231363,0.9517251842564054
370,1900,284.75177,931,3043.918,4.1021533,6,44.463242,1.1995584373373864,0.9411920672712594,2150.0641536446446,1.0159397,0.87475538,0.0,True,1.1444728161361706,0.9212610610898815
371,0,217.78128,931,3979.9609,1.9983838,2,51.730885,0.9175772259184708,0.0,150.954480210736,0.91687554,0.0,0.0,True,0.9173667201429296,0.0
372,8906,250.76517,931,3456.4648,2.0393906,4,49.271305,1.0564677819874926,1.1160558071593845,2280.6352525408784,0.92318165,0.96288693,0.0,True,1.0164819423912448,1.0701051440115692
373,0,248.23222,931,3491.7344,1.9868343,2,97.947479,1.045802633519542,0.0,172.06146341713608,0.92134142,0.0,0.0,True,1.0084642694636794,0.0
374,29869,335.32281,931,2584.8555,2.0555062,4,99.163895,1.412431670937096,1.3112551620895534,3455.3819772662464,1.0207118,1.0417906,0.0,True,1.2949157096559674,1.2304157934626874
375,1512,198.89265,931,4357.9336,3.0252151,5,48.610405,0.8380303398055918,0.8736830588917325,1456.3935048703918,0.9085803,0.84407133,0.0,True,0.8591953278639144,0.8647995402242128
376,2102,200.44193,931,4324.25,3.0042996,5,90.130112,0.8445551311962595,0.9138189096052282,1533.7005844034752,0.9110164,0.90154982,0.0,True,0.8644935118373815,0.9101381827236598
377,11184,250.76517,931,3456.4648,3.0309134,4,14.828064,1.0564677819874926,1.1440027658881862,2337.737803637157,0.92318165,0.96180874,0.0,True,1.0164819423912448,1.0893445581217303
378,16426,332.87201,931,2603.8867,2.0353904,4,49.674702,1.4021164605267824,1.2340185930696146,3231.1028782310727,1.0208087,0.99875617,0.0,True,1.2877241323687476,1.1634398661487304
379,69139,329.25052,931,2632.5273,1.971132,4,12.42653,1.3868737045684882,1.414766677764944,3669.135915784006,1.1268129,1.1512353,0.0,True,1.3088554631979419,1.3357072644354608
380,14498,331.91946,931,2611.3594,3.0584381,4,43.462593,1.3981072164577966,1.2177036096942342,3180.420377689283,1.0209057,0.99743235,0.0,True,1.2849467615204575,1.151622231785964
381,29044,248.71303,931,3484.9844,2.9953475,4,42.171925,1.0478270669458165,1.2598383853674175,2555.9332924828705,1.004843,1.0833641,0.0,True,1.0349318468620714,1.2068960997571923
382,1245,198.49678,931,4366.625,4.163703,6,103.07358,0.8363630745000583,0.8503132859242438,1414.9834914605422,0.90548891,0.87754822,0.0,True,0.8571008251500409,0.8584837661469706
383,3352,173.81757,931,4986.6133,3.0483558,5,42.312386,0.7324192950248954,0.9533179522056004,1411.0352058463097,0.83461028,0.81813645,0.0,True,0.7630765905174268,0.9127635015439204
384,3498,175.17871,931,4947.8672,2.0348573,4,32.761108,0.738152457168511,0.9592015323209077,1429.54905952457,0.83410108,0.8134352,0.0,True,0.7669370440179577,0.9154716326246354
385,845,197.68788,931,4384.4922,2.9926958,5,48.098774,0.8329563737370416,0.8037332425615319,1332.7525179202921,0.90582693,0.7926811,0.0,True,0.8548175406159291,0.8004175997930723
386,8879,209.03633,931,4146.4609,2.9373426,4,39.532242,0.8807499273616914,1.0913272662535225,1900.4892137828647,0.91168398,0.88982505,0.0,True,0.8900301431531841,1.0308766013774657
387,1509,172.51778,931,5024.1836,3.1958764,5,82.070374,0.7269445223484906,0.8588754472926027,1262.9210599614366,0.82983798,0.72900224,0.0,True,0.7578125596439433,0.819913485104822
388,1,164.60744,931,5265.625,3.9870033,4,39.930397,0.6936250466458447,0.0808851371685505,180.83975639019854,0.82911265,0.051015619,0.0,True,0.7342713276520914,0.07192428171798536
389,0,172.13141,931,5035.4609,1.8950948,3,39.644917,0.7253171208411399,0.0,119.31240152730797,0.82983148,0.0,0.0,True,0.7566714285887979,0.0
390,1478,198.13254,931,4374.6523,3.000452,4,41.46048,0.8348290853120358,0.8705735061015153,1446.327393761106,0.90685737,0.84392416,0.0,True,0.8564375707184251,0.8625787022710607
391,1701,171.11475,931,5065.3789,2.9171376,4,106.99966,0.7210348206521161,0.8720846785661797,1273.1188392249258,0.82855296,0.85754049,0.0,True,0.7532902624564812,0.8677214219963257
392,1702,205.1862,931,4224.2656,2.9768031,3,42.38826,0.8645354982748404,0.8911090996513134,1526.7358746311145,0.92096323,0.86421913,0.0,True,0.8814638177923884,0.8830421087559193
393,0,168.91013,931,5131.4922,0.97813231,1,160.752,0.7117487460753944,0.0,117.07958037751384,0.83999503,0.0,0.0,True,0.7502226312527761,0.0
394,19,218.73448,931,3962.6172,3.9786282,4,166.68391,0.92159127906165,0.3615668772800756,665.9420322637653,0.92756546,0.22232187,0.0,True,0.9233835333431549,0.3197933750960529
395,31674,350.48138,931,2473.0586,3.1081023,5,125.63355,1.4762303552480809,1.3261737439052954,3632.148793735879,1.1349924,1.1825827,0.0,True,1.3738589686736566,1.2830964307337067
396,16700,321.6098,931,2695.0703,4.0219188,6,165.01952,1.3547131627743694,1.2307423273317295,3127.1033427317243,1.0608563,1.0546457,0.0,True,1.2665561039420585,1.1779133391322105
397,18,218.87904,931,3960.0,2.9779258,3,163.11606,0.9222000596511402,0.3554044039853373,655.7030041325149,0.92606002,0.2184889,0.0,True,0.9233580477557981,0.3143297527897361
398,649,262.04007,931,3307.7422,2.9844861,4,47.884533,1.103939949261854,0.7991400570534642,1697.6291201400084,1.0107489,0.79878151,0.0,True,1.075982634483298,0.7990324929374251
399,0,263.92795,931,3284.082,1.9756129,3,203.8891,1.111888454499254,0.0,182.94091441346623,1.0155156,0.0,0.0,True,1.0829765981494779,0.0
400,3159,262.49048,931,3302.0664,3.0264592,5,53.979694,1.1058363222778504,0.9944608956121339,2115.317256168459,1.0118288,0.91669875,0.0,True,1.0776340655944954,0.9711322519284937
401,143508,434.45816,931,1995.0391,2.0082855,4,100.13194,1.829586930139634,1.562404688695976,5158.82570434836,1.191529,1.3900003,0.0,True,1.6381695510977436,1.5106833720871833
402,1385,303.71124,931,2853.8984,4.0048213,5,43.290367,1.2793720660153096,0.9091026827761308,2197.319970507858,1.056795,0.8683396,0.0,True,1.2125989462107167,0.8968737579432915
403,2378,262.28632,931,3304.6367,3.0479836,5,49.177845,1.1049767385506297,0.9593343838479884,2039.238307569478,1.0107149,0.86343503,0.0,True,1.0766981869854408,0.9305645776935919
404,56362,372.61951,931,2326.1289,2.4711044,5,26.04171,1.5693961946599335,1.4109655613422403,4076.303151006275,1.1313583,1.2263553,0.0,True,1.4379848262619535,1.3555824829395682
405,1682,304.04999,931,2850.7188,3.0719235,5,44.515797,1.2807980360131594,0.9336324828915481,2258.7652392903587,1.0547028,0.86953086,0.0,True,1.2129694652092118,0.9144019960240837
406,3806,304.86752,931,2843.0742,2.9792204,4,38.506527,1.2842394888463076,1.036574306068467,2513.589836780163,1.0202005,0.95182878,0.0,True,1.2050277921924153,1.0111506482479269
407,0,281.55161,931,3078.5156,2.036145,3,156.98334,1.1860860682990266,0.0,195.15670465361328,1.0116405,0.0,0.0,True,1.1337523978093187,0.0
408,96806,380.94284,931,2275.3047,4.0497847,6,92.433945,1.6044215059749436,1.484956287303539,4373.408527898364,1.0663438,1.1674978,0.0,True,1.4429981941824606,1.3897187411124774
409,3742,304.90985,931,2842.6797,2.0044861,4,46.21104,1.2844175870969998,1.0344607414819316,2508.770754395373,1.0201107,0.94592804,0.0,True,1.2051255209678997,1.0079009310373521
410,3707,304.90817,931,2842.6953,3.1037581,5,116.21372,1.2844105434904811,1.033278824339466,2505.8931546651843,1.0201107,0.9421472,0.0,True,1.2051205904433369,1.0059393370376262
411,4858,304.43585,931,2847.1055,2.9054251,5,44.379635,1.2824223730352622,1.0670608649997073,2584.2931306774485,1.0551687,0.95339775,0.0,True,1.2142462711246835,1.0329619304997952
412,0,230.41071,931,3761.8086,2.0041947,2,156.96002,0.970760478186329,0.0,159.7085340073152,0.94947207,0.0,0.0,True,0.9643739557304303,0.0
413,56493,373.289,931,2321.957,2.0120406,4,134.58282,1.5722135290531698,1.4115913906684612,4084.493678024667,1.1311494,1.2240384,0.0,True,1.4398942903372187,1.3553254934679229
414,3804,198.89711,931,4357.8359,2.9767327,4,41.377457,0.8380491193115358,0.9837301968751071,1639.7742159931788,0.90858048,0.92028457,0.0,True,0.8592085275180752,0.964696508812575
415,25963,248.71107,931,3485.0117,2.9966013,5,37.444729,1.0478188634519974,1.2460901874004788,2528.024853954095,1.004843,1.0742846,0.0,True,1.0349261044163982,1.1945485111803351
416,19987,248.65923,931,3485.7383,3.0132372,5,46.666443,1.0476005715044094,1.2139915068636085,2462.456788928214,1.0048418,1.0549375,0.0,True,1.0347729400530865,1.1662753048045258
417,13062,248.40842,931,3489.2578,2.0781498,4,26.699186,1.046544496467095,1.1617046125503239,2354.3195251707784,1.0044194,1.0229397,0.0,True,1.0339069675269663,1.1200751387852268
418,61706,328.66528,931,2637.2148,2.0248499,4,169.79172,1.3844104831246844,1.4000115345890383,3625.233537191174,1.1264203,1.1368749,0.0,True,1.307013428187279,1.3210705442123267
419,243,197.77353,931,4382.5938,2.5536165,4,129.05353,0.8333170193183728,0.6555110398285325,1088.003255740914,0.90515172,0.4078261,0.0,True,0.8548674295228609,0.5812055578799727
420,69,186.21579,931,4654.6055,2.4923632,3,32.873882,0.7846395053946094,0.5030033263089718,793.7783008203514,0.86816901,0.31375211,0.0,True,0.8096983567762266,0.44622796141628024
421,96,204.06549,931,4247.4648,2.2480893,3,60.853588,0.8598157199320294,0.5475558896820962,935.6336351689749,0.9090898,0.33899623,0.0,True,0.8745979439524205,0.4849879917774674
422,1383,215.61617,931,4019.9258,1.4810843,3,103.57407,0.9084594838467227,0.8714383326943473,1559.6499532289015,0.93321711,0.86481142,0.0,True,0.9158867716927059,0.8694502588860431
423,12403,301.33102,931,2876.4414,3.1056945,5,311.53558,1.269352447591192,1.1833469203007054,2840.302470221612,1.0185335,0.92584747,0.0,True,1.1941067633138343,1.1060970852104939
424,11637,301.35065,931,2876.2539,2.9788966,4,42.271599,1.2694351378583444,1.1753539451682515,2821.279985147889,1.0185337,0.93679869,0.0,True,1.1941647065008412,1.1037873686177762
425,467,230.43512,931,3761.4102,2.9823446,4,44.22261,0.9708632442824908,0.7467763338884865,1417.3148870192506,0.91901946,0.85192019,0.0,True,0.9553101089977436,0.7783194907219406
426,14517,307.04263,931,2822.9336,4.1871738,6,44.494576,1.2933955815236924,1.2059436353756534,2942.455050941394,1.0193278,0.939569,0.0,True,1.2111752470665846,1.1260312447629572
427,0,230.10631,931,3766.7852,3.0093396,3,134.89232,0.9694786098018581,0.0,159.49754000555274,0.92007649,0.0,0.0,True,0.9546579738613007,0.0
428,0,266.85605,931,3248.0469,3.0129113,3,42.346008,1.124216587870722,0.0,184.97051867286376,1.0088086,0.0,0.0,True,1.0895941915095053,0.0
429,4143,301.53207,931,2874.5234,3.1079741,5,44.150784,1.2701988227656404,1.04579358742159,2511.6590395063995,1.0549073,0.97154433,0.0,True,1.2056113659359484,1.023518810195113
430,109780,381.56516,931,2271.5938,2.912504,5,81.889565,1.6070402005572926,1.5015405284625312,4428.541348034695,1.0663602,1.1712971,0.0,True,1.444836200390105,1.4024674999237718
431,0,299.90961,931,2890.0742,3.9831257,4,181.51219,1.2633689122975535,0.0,207.88150059433275,1.0582838,0.0,0.0,True,1.2018433786082876,0.0
432,6945,301.81958,931,2871.7852,3.0166054,5,43.911297,1.2714090936016433,1.1107756839172547,2669.915680507545,1.0553553,1.0031118,0.0,True,1.2065929555211503,1.0784765187420784
433,9946,290.2818,931,2985.9297,4.0188708,5,44.201427,1.2228388895286986,1.1502442982397805,2672.080778161383,1.0104146,0.8201586,0.0,True,1.1591116026700892,1.0512185887678462
434,0,228.798,931,3788.3242,4.0093346,4,311.21475,0.9639694241294233,0.0,158.59068861775435,0.94889492,0.0,0.0,True,0.9594470728905964,0.0
435,9242,302.44901,931,2865.8086,3.0210829,5,46.261871,1.2740587486688677,1.1469506167644345,2761.8826894355257,1.056267,1.018262,0.0,True,1.2087212240682075,1.108344031735104
436,108124,381.60846,931,2271.3359,2.9866948,5,94.812492,1.607222512228755,1.4995961131174071,4423.243691536087,1.0663607,1.1729261,0.0,True,1.4449639685601285,1.401595109182185
437,0,297.7337,931,2911.1953,1.0206021,2,124.30665,1.2542092994375686,0.0,206.37327471268057,,,,False,1.2542092994375686,0.0
438,0,227.86076,931,3803.9062,1.9768445,2,94.61319,0.9600227762675332,0.0,157.94104335424635,,,,False,0.9600227762675332,0.0
439,3332,299.60062,931,2893.0547,2.0461578,4,91.154922,1.262068256029089,1.0176291045193737,2430.3386771632963,1.1305426,1.1658158,0.0,True,1.2226105592203622,1.0620851131635616
440,6443,299.98825,931,2889.3164,2.0515499,4,80.333328,1.2637000351596999,1.1005157540710966,2631.2149146579804,1.1301532,1.1631583,0.0,True,1.22363598461179,1.1193085178497677
441,729,229.24783,931,3780.8906,2.877887,3,113.60561,0.9658636801016178,0.8002716656096457,1511.754975770429,1.005632,0.8047058,0.0,True,0.9777941760711324,0.8016019059267521
442,4,189.7372,931,4568.2188,2.4496555,3,83.786324,0.7994708341617731,0.19097374082702853,339.9634247648173,0.94142747,0.22256689,0.0,True,0.8420578249132412,0.20045168557891996
443,21798,305.58337,931,2836.4141,2.2191725,4,24.572405,1.2872528488136448,1.2563420800588183,3052.675571893219,1.1244895,1.151338,0.0,True,1.2384238441695512,1.2248408560411728
444,207,193.78281,931,4472.8477,4.1100359,5,40.903111,0.8165097186073655,0.6349335828447964,1035.252543304989,0.89497912,0.39577374,0.0,True,0.8400505390251559,0.5631856299913575
445,13571,209.18748,931,4143.4648,2.1094315,4,50.162582,0.8813864820026497,1.1423470719236746,1990.5941303698244,0.91203129,0.96705031,0.0,True,0.8905799244018547,1.0897580433465723
446,11474,247.23845,931,3505.7695,1.9576622,4,13.813206,1.0416182238707012,1.1451552550739372,2311.18828848609,1.0023146,1.0125023,0.0,True,1.0298271367094909,1.105359368551756
447,7716,246.26653,931,3519.6055,3.0936973,4,42.870846,1.037525820634315,1.0960241189274718,2204.408186154786,1.000636,0.98379749,0.0,True,1.0264588744440206,1.0623561302492304
448,0,170.75946,931,5075.918,1.1027333,2,44.141552,0.7195383297520396,0.0,118.36143825293875,0.82825845,0.0,0.0,True,0.7521543658264277,0.0
449,20853,212.19215,931,4084.793,1.6762542,4,31.475332,0.8940400544724965,1.1959580920849378,2110.324988217406,0.91868305,1.0272779,0.0,True,0.9014329531307474,1.1453540344594564
450,5052,182.34569,931,4753.3945,2.7626581,4,17.71427,0.7683393325911902,1.0071442602193657,1555.032244356252,0.86958814,0.94177955,0.0,True,0.7987139748138332,0.9875348471535559
451,0,163.71622,931,5294.2891,1.6285,2,19.423235,0.6898710714900018,0.0,113.47943630493172,0.82484466,0.0,0.0,True,0.7303631480430013,0.0
452,1688,170.03674,931,5097.4922,2.4308977,3,85.694458,0.7164942102152481,0.8705413546995455,1263.7953168010133,0.84051919,0.85848427,0.0,True,0.7537017041506736,0.8669242292896819
453,0,143.56578,931,6037.3789,1.0131071,1,11.70944,0.6049888071003158,0.0,99.51221563188938,0.7703138,0.0,0.0,True,0.6545863049702211,0.0
454,0,166.22118,931,5214.5039,1.8484383,2,106.57309,0.7004224872405094,0.0,115.21574226634716,0.83839977,0.0,0.0,True,0.7418156720683566,0.0
455,57159,373.29025,931,2321.9492,3.0367713,5,50.089268,1.5722188059609123,1.4131039651867083,4088.8822085111037,1.1311494,1.2239829,0.0,True,1.4398979841726385,1.3563676456306957
456,10473,319.15485,931,2715.8008,3.0920959,5,46.226898,1.3443798516571992,1.170550616363363,2954.335618821549,1.0552797,1.014106,0.0,True,1.2576498061600394,1.1236172314543542
457,8302,260.18817,931,3331.2852,3.0541952,5,49.49992,1.0961428192036546,1.1124700495364526,2348.0662161790333,0.98696727,0.98483473,0.0,True,1.0633901544425581,1.0741794536755167
458,181691,434.74927,931,1993.7031,3.0016212,5,79.943024,1.8308117256208187,1.5935867359044613,5264.84571315541,1.1914116,1.3929125,0.0,True,1.638991687934573,1.533384465133123
459,11675,305.1178,931,2840.7422,4.0055404,5,42.095802,1.285292995030579,1.1775979617060095,2857.543035429959,1.0567147,1.0196593,0.0,True,1.2167195065214051,1.1302163631942066
460,9555,271.12592,931,3196.8945,3.0125496,5,54.475422,1.1421935410304458,1.1355555183129813,2484.8769599216107,1.0175912,1.0114384,0.0,True,1.104812838721312,1.0983203828190868
461,2007,205.13422,931,4225.3359,3.9831576,5,44.331089,0.8643166104538362,0.9108133875894819,1560.126230550267,0.8933112,0.8689363,0.0,True,0.8730149873176853,0.8982502613126374
462,9563,271.1362,931,3196.7734,2.9674296,5,43.082081,1.142236782492257,1.1356645276053121,2485.198044921061,1.0174376,0.99794424,0.0,True,1.10479702774458,1.0943484413237186
463,1403,255.34335,931,3394.4922,4.0245047,5,57.579967,1.0757441563792836,0.8913129036847137,1850.6756379337505,0.98277885,0.77987301,0.0,True,1.0478545644654984,0.8578809355792996
464,20154,336.07397,931,2579.0781,5.098217,7,46.00806,1.4155932113552927,1.2615537627678044,3330.9155850746906,1.103629,1.1279378,0.0,True,1.322003947948705,1.2214689739374631
465,957,203.87218,931,4251.4922,3.0044055,4,142.51991,0.8590016072764439,0.8215736039215389,1399.7641810790299,0.89224046,0.81733179,0.0,True,0.8689732630935108,0.8203010597450773
466,0,270.76697,931,3201.1328,2.0049181,3,39.46146,1.1406822209612468,0.0,187.6813618442593,1.0168664,0.0,0.0,True,1.1035374746728728,0.0
467,2556,215.86914,931,4015.2148,2.9969587,5,37.660084,0.9095248370432711,0.9455325706534443,1693.9210362106555,0.91700572,0.91439217,0.0,True,0.9117691019302898,0.936190450457411
468,54434,373.77316,931,2318.9492,3.0279541,5,50.252956,1.5742510160661065,1.407036679782557,4075.914445509194,1.1309705,1.2128713,0.0,True,1.4412668612462745,1.34878706584779
469,1463,255.14311,931,3397.1562,4.4756136,7,63.655445,1.0749010699590145,0.8963732382539829,1859.8938991317725,0.98294121,0.90348178,0.0,True,1.0473131119713102,0.898505800777788
470,1287,262.33905,931,3303.9727,6.8400774,7,38.881474,1.1051986715854665,0.8836417613829017,1878.7731127101633,0.99635732,0.62985194,0.0,True,1.0725462661098266,0.8075048149680313
471,2194,268.56012,931,3227.4375,4.6128173,5,35.930008,1.1313910352306917,0.9521760273517087,2066.4070544012934,1.0192366,0.90805542,0.0,True,1.0977447046614843,0.9389398451461961
472,579,211.95865,931,4089.293,4.166091,4,13.200042,0.893056702694678,0.765075707279393,1349.0639780088093,0.92174828,0.83355254,0.0,True,0.9016641758862745,0.785618757095575
473,10695,318.57199,931,2720.7695,2.9972835,5,96.347786,1.3419265333836807,1.172932047274709,2955.621279389543,1.0539106,0.99669063,0.0,True,1.2555217533685765,1.1200596220922963
474,1792,269.49985,931,3216.1836,3.0098047,4,51.807163,1.1353474787261415,0.9275416534286519,2019.1475961552942,1.0103041,0.90126586,0.0,True,1.0978344651082992,0.9196589154000563
475,52114,373.78198,931,2318.8945,2.0555983,4,35.389362,1.5742881187998066,1.4014211200346665,4059.7310388166434,1.1309706,1.2101187,0.0,True,1.4412928631598645,1.3440303940242666
476,15974,220.54462,931,3930.0938,1.8164904,3,211.53934,0.9292140071373214,1.1693328383610102,2134.616723927678,0.93629825,0.99872184,0.0,True,0.931339279996125,1.1181495388527072
477,17451,227.6555,931,3807.3359,2.0769317,3,63.18631,0.9591584287271221,1.1845542367459718,2223.572014414623,0.95043498,1.0112273,0.0,True,0.9565413941089855,1.1325561557221802
478,51775,328.19135,931,2641.0234,2.1505389,4,50.461536,1.38241554590013,1.3774877427849566,3562.4190781539123,1.1264079,1.1275649,0.0,True,1.305613252130091,1.3025108899494695
479,3362,217.89635,931,3977.8594,1.4391789,3,74.774353,0.9180617376427462,0.9796526547346238,1769.5114227621525,0.93688518,0.92960447,0.0,True,0.9237087703499223,0.9646381993142367
480,4659,250.39532,931,3461.5703,2.6036301,3,72.539429,1.0549104882721212,1.0363698561242973,2115.0855863205475,0.99787229,0.96009392,0.0,True,1.0377990287904848,1.0134870752870082
481,1134,230.43153,931,3761.4688,3.0148664,4,42.380238,0.9708481272218378,0.8543761217625998,1621.1477072933,0.9190194,0.72965556,0.0,True,0.9552995090552865,0.8169599532338199
482,57667,328.60736,931,2637.6797,1.8606076,4,36.551823,1.3841666609542882,1.3913882010757475,3602.3499840702725,1.1260295,1.1226352,0.0,True,1.3067255126680017,1.3107623007530231
483,6630,289.6539,931,2992.4023,3.0213194,4,42.246784,1.220195641827358,1.0992746499552637,2548.8563291631203,1.0113584,0.91455507,0.0,True,1.1575444692791508,1.0438587759686846
484,52120,328.01425,931,2642.4492,2.1458321,4,14.799195,1.3816701929225252,1.3782362396685641,3562.675082473306,1.1260148,1.1128107,0.0,True,1.3049735750457678,1.298608577767995
485,22763,262.59705,931,3300.7266,2.5371404,4,85.137299,1.1062849211732564,1.2382050298932976,2634.630831954443,1.0021589,1.0337684,0.0,True,1.0750471148212795,1.1768740409253082
486,66614,330.13867,931,2625.4453,2.0131352,4,35.428299,1.3906118754737986,1.4105253450690207,3666.751188510584,1.1226163,1.1082548,0.0,True,1.310213202831659,1.3198441815483144
487,8198,256.97183,931,3372.9805,2.5166183,4,109.8266,1.0826008139418337,1.1092169155103857,2315.8017194205177,0.99440134,0.8508693,0.0,True,1.0561409717592836,1.03171263085727
488,189439,434.49304,931,1994.8789,3.0426443,5,90.004066,1.8297337091086583,1.598958067178181,5279.886822368588,1.1910872,1.394779,0.0,True,1.6381397563760607,1.5377043470247265
489,9907,290.18839,931,2986.8906,2.9798527,5,310.31042,1.2224457584154527,1.14970722224666,2670.0810409028227,1.0107862,0.8989591,0.0,True,1.1589478908908168,1.074482785572662
490,189508,434.69138,931,1993.9688,2.0264425,4,12.594483,1.8305680110519849,1.5991018563534165,5282.455315503438,1.1909419,1.3947381,0.0,True,1.6386801777363895,1.5377927294473914
491,0,229.08855,931,3783.5195,2.0010571,2,113.87627,0.9651929243364926,0.0,158.79208253106606,0.9503231,0.0,0.0,True,0.9607319770355448,0.0
492,193895,434.94272,931,1992.8164,3.021915,5,103.28942,1.8316255252051354,1.6022350427730043,5295.463441891862,1.1908398,1.3949381,0.0,True,1.6393898076435949,1.5400459599411032
493,11928,302.45233,931,2865.7773,3.0068395,4,49.111797,1.2740726542252137,1.1789940622983521,2839.063014010394,1.0562671,1.0367979,0.0,True,1.2087309879576495,1.1363352136088465
494,11642,302.25372,931,2867.6602,2.9715896,4,49.423981,1.2732366836804643,1.175849135886892,2829.864449317856,1.0591979,1.0319335,0.0,True,1.209025048576325,1.1326744451208244
495,204732,433.69223,931,1998.5625,3.0577309,5,43.217655,1.8263646531102213,1.6087833864411236,5303.824751875518,1.1908008,1.3958131,0.0,True,1.635695497177155,1.5448923005087867
496,1990,269.5054,931,3216.1172,2.9993954,4,51.017071,1.1353709045580493,0.9405127747320349,2047.4040743099206,1.0103042,0.8842997,0.0,True,1.0978508931906346,0.9236488523124244
497,1263,211.46939,931,4098.7539,3.9447079,5,31.230856,0.8909963205394543,0.8585035075314608,1510.4893533989332,0.91230005,0.8627013,0.0,True,0.897387439377618,0.8597628452720225
498,2642,196.56499,931,4409.5391,1.8724456,4,117.62167,0.8282271908998421,0.9389271814212194,1548.9415958234958,0.90992802,0.88784933,0.0,True,0.8527374396298895,0.9236038259948536
499,1443,205.73621,931,4212.9727,2.6830328,3,109.59584,0.866851791552011,0.8716293193024077,1496.9088073896075,0.90116107,0.56929415,0.0,True,0.8771445750864078,0.7809287685116854
500,1171,192.71107,931,4497.7227,2.1084266,3,18.174356,0.8119959561814369,0.8400466749460269,1361.9507700662493,0.89703321,0.55330777,0.0,True,0.8375071323270058,0.7540250034622188
501,0,162.48262,931,5334.4844,2.2997315,3,20.264145,0.6846748462972772,0.0,112.62436994299297,0.82851297,0.0,0.0,True,0.7278262834080941,0.0
502,4259,207.3837,931,4179.5039,3.8225317,5,20.41161,0.8737900821610659,1.0022016801420726,1733.15932511168,0.94352287,0.94140553,0.0,True,0.8947099185127462,0.9839628350994508
503,1441,199.06467,931,4354.168,5.2393012,6,22.95356,0.8387547579289453,0.8680373497251429,1448.0918727890662,0.92809665,0.88107473,0.0,True,0.8655573255502618,0.8719485638076001
504,39,170.63786,931,5079.5352,4.9036908,5,16.551708,0.7190261392537076,0.43227880146485265,633.6759904182003,0.84500629,0.2718814,0.0,True,0.7568201844775952,0.3841595810253969
505,0,178.39636,931,4858.625,2.0599861,3,21.715828,0.7517051071287781,0.0,123.654933956157,0.87074226,0.0,0.0,True,0.7874162529901447,0.0
506,9826,214.52219,931,4040.4258,2.4239759,4,31.695652,0.9038524928120678,1.1069304870045165,1972.100504830389,0.95942253,1.0117035,0.0,True,0.9205235039684474,1.0783623909031614
507,11425,234.35326,931,3698.5234,2.4547398,3,155.45111,0.9873621218927617,1.1371809202007668,2189.734583267304,0.99954021,1.0247599,0.0,True,0.9910155483249332,1.1034546141405368
508,7750,257.05045,931,3371.9492,1.3516562,3,95.582756,1.0829317277029,1.1023421617827045,2302.0682968430924,0.99451876,0.83236009,0.0,True,1.05640783739203,1.021347540247893
509,7126,238.24745,931,3638.0703,1.2864183,3,30.602743,1.003759909894547,1.0819036600516936,2113.6803840959196,0.96286225,0.8228451,0.0,True,0.991490611926183,1.0041860920361856
510,4904,246.37097,931,3518.1133,2.5208299,4,85.654968,1.0379656348952795,1.0405897943987417,2093.7132818363157,0.99172616,0.81435418,0.0,True,1.0240937924266955,0.9727191100791192
511,1407,204.90898,931,4229.9805,4.0124011,6,97.70562,0.8633680226876795,0.868185762351011,1485.7203270949365,0.89358413,0.86188626,0.0,True,0.8724328548813757,0.8662959116457076
512,16365,326.65878,931,2653.4141,5.2291918,7,98.346893,1.3759649149779756,1.230601216001737,3169.577456721994,1.0734477,1.1070343,0.0,True,1.285209750484583,1.1935311412012157
513,3627,268.26303,931,3231.0117,4.0623446,5,52.154568,1.1301402454985912,1.01422489103288,2198.874906397572,1.0046201,0.93773389,0.0,True,1.0924842018490137,0.991277590723016
514,1119,256.14984,931,3383.8047,4.0002823,5,47.245659,1.0791398087248851,0.8638524925903915,1798.678137253706,0.98436898,0.81198311,0.0,True,1.0507085601074195,0.8482916778132741
515,1643,210.00357,931,4127.3633,4.0450816,5,105.4838,0.8848232453506373,0.8893562666819695,1555.1805268914068,0.91171867,0.86348832,0.0,True,0.8928918727454461,0.8815958826773787
516,2493,255.89873,931,3387.125,4.0088634,6,57.665119,1.0780825836573797,0.9622348112804574,2001.6511276988097,0.98389065,0.88638669,0.0,True,1.0498250035601657,0.9394803748963202
517,1478,305.05698,931,2841.3086,3.0113325,5,185.91463,1.285036958822485,0.9177734640653564,2226.854139315197,1.0567137,0.85881889,0.0,True,1.2165399811757394,0.9000870918457495
518,2698,255.88899,931,3387.2539,3.9635537,6,56.327702,1.0780415820537426,0.9719482081104333,2021.7807145172178,0.98389047,0.91096133,0.0,True,1.0497962484376198,0.9536521446773034
519,70,254.19493,931,3409.8281,4.0768461,5,48.522575,1.0709087706786333,0.5239735066072003,1087.106844756658,0.97874105,0.3615239,0.0,True,1.0432584544750432,0.4752386246250402
520,51765,373.59634,931,2320.0469,1.9587812,4,141.57449,1.5735068212178736,1.4004644717954498,4055.2045209259372,1.1304504,1.2063867,0.0,True,1.4405898948525115,1.3422411402568148
521,69292,379.85703,931,2281.8086,3.0535998,5,51.206596,1.599852385325906,1.4411746927637235,4233.92960864881,1.0635837,1.1753843,0.0,True,1.438971779728134,1.3614375749346066
522,201062,432.53064,931,2003.9297,2.0560822,4,107.0321,1.821477909389256,1.605838157295323,5281.795377057152,1.1908035,1.3958049,0.0,True,1.6322755865724792,1.542828180106726
523,7952,302.24921,931,2867.7031,3.0146348,5,31.592987,1.2732176497066254,1.1279769243134852,2714.6301904083894,1.0591979,1.0043331,0.0,True,1.2090117247946377,1.0908837770194397
524,2000,267.66211,931,3238.2656,4.0696282,6,51.030041,1.1276102293397854,0.940334788198635,2034.7411185933222,1.0039947,0.90713662,0.0,True,1.0905255705378498,0.9303753377390445
525,1110,271.00806,931,3198.2852,3.0530427,3,52.988888,1.1416971950930552,0.8688822317748316,1900.82762583238,0.95475858,0.65728986,0.0,True,1.0856156105651387,0.8054045202423821
526,555,216.17136,931,4009.6016,2.125586,3,30.356199,0.9107974820674659,0.7617957908932099,1366.7575266038073,0.90479577,0.6030255,0.0,True,0.9089969684472261,0.714164703625247
527,199233,432.29974,931,2005.0,2.0355873,4,109.1905,1.820506545260497,1.6045239448209485,5275.025314083269,1.1908088,1.3957088,0.0,True,1.6315972216823478,1.541879401374664
528,1651,267.0751,931,3245.3828,4.0580001,5,52.773903,1.1251388768634907,0.9163767115840069,1979.1191921852599,1.0031517,0.89172721,0.0,True,1.0885427238044436,0.9089818611088047
529,67600,379.07245,931,2286.5312,2.0371919,4,35.133781,1.5965509390205461,1.437594480799362,4215.813634073445,1.0622525,1.1735805,0.0,True,1.4362614073143822,1.3583902865595532
530,0,269.46353,931,3216.6172,2.0127096,2,100.5826,1.1351945289852479,0.0,186.77788608323021,0.95366681,0.0,0.0,True,1.0807362132896734,0.0
531,66369,378.435,931,2290.3828,2.0222921,4,86.843056,1.5938684570211474,1.4349071461728906,4201.769668121773,1.060937,1.1708703,0.0,True,1.4339890199148033,1.3556960923210233
532,191772,431.16153,931,2010.293,2.0423684,4,97.597946,1.815718007436202,1.5989516316585581,5244.68027154482,1.1908475,1.3959813,0.0,True,1.6282568552053414,1.5380605321609906
533,68352,332.14902,931,2609.5547,3.0085683,4,46.371338,1.3990733704861005,1.414885881747293,3697.63413893161,1.1197051,1.1031529,0.0,True,1.3152628893402705,1.321365987223105
534,25449,320.94272,931,2700.6719,3.0036106,4,44.386082,1.3519053631104159,1.2837257734081182,3255.8067332231794,1.0569682,1.1099532,0.0,True,1.2634242141772911,1.2315940013856828
535,304,246.57549,931,3515.1953,4.0531754,5,196.24408,1.0388267709608896,0.7005289648176206,1411.2958010706081,0.9976685,0.83498663,0.0,True,1.0264792896726227,0.7408662643723345
536,256,301.22751,931,2877.4297,3.9818347,5,40.792347,1.2689167706847704,0.6966217322811461,1672.7041888965723,1.056826,0.75103468,0.0,True,1.2052895394793393,0.7129456165968022
537,189030,429.94431,931,2015.9844,1.9825175,4,35.961952,1.8105970672210436,1.5964661907370856,5223.682169297192,1.1909431,1.3965586,0.0,True,1.6247008770547304,1.5364939135159599
538,148802,428.33749,931,2023.5469,2.0411699,4,61.820976,1.803837095224908,1.564255317365044,5101.6645369419,1.1908921,1.3966297,0.0,True,1.6199535966574354,1.5139676321555309
539,14876,305.67853,931,2835.5312,3.9852476,5,42.664623,1.2876533785206723,1.2083412033180785,2936.8489328956844,1.0584452,1.0595999,0.0,True,1.2188909249644706,1.163718812322655
540,2269,301.21851,931,2877.5156,4.0113297,5,45.339771,1.2688789171129398,0.9700982036385302,2327.8092781094783,1.0568259,0.8826431,0.0,True,1.2052630119790577,0.9438616725469711
541,129085,428.33749,931,2023.5469,1.9716238,4,134.49785,1.803837095224908,1.5455867094394968,5040.779186292094,1.1908921,1.3964666,0.0,True,1.6199535966574354,1.5008506766076477
542,9071,248.91391,931,3482.1719,2.0706377,4,43.326347,1.0486728959434573,1.1172932072816861,2268.3669608585665,0.99885315,0.91729832,0.0,True,1.03372697216042,1.0572947410971802
543,1905,197.49644,931,4388.7422,2.98998,4,54.576893,0.8321501172029224,0.9004803502537562,1491.747214905767,0.90196127,0.78878713,0.0,True,0.8530934630420457,0.8669723841776293
544,307,164.20483,931,5278.5352,2.9221578,4,144.73906,0.6919292264802661,0.6684692532202464,941.4423297049772,0.82532638,0.45078558,0.0,True,0.7319483725361863,0.6031641512541726
545,0,245.93462,931,3524.3555,2.018172,3,132.52464,1.0361282736065087,0.0,170.46888845508153,0.99639571,0.0,0.0,True,1.0242085045245561,0.0
546,6694,248.91223,931,3482.1953,3.0139103,5,159.82169,1.048665853012837,1.0800410171562431,2192.7339481873782,0.99885315,0.91472495,0.0,True,1.0337220421089859,1.0304461970093701
547,5932,295.41641,931,2934.0312,4.0702119,4,112.24119,1.244454294742446,1.0880547404883307,2566.7118302981885,1.0563368,0.91694772,0.0,True,1.1880190463197122,1.0367226343418317
548,630,196.88103,931,4402.4609,2.9909334,3,54.435184,0.8295581954962564,0.7683962692210184,1269.6639862757095,0.90228057,0.70958877,0.0,True,0.8513749078473796,0.7507540194547129
549,8,163.46909,931,5302.293,2.423008,3,159.07335,0.688830092217345,0.2561924739916392,376.40148979930206,0.82386643,0.16164017,0.0,True,0.7293409935521415,0.22782678279414742
550,6263,249.06393,931,3480.0742,4.0143757,5,46.063576,1.049304646161135,1.0719626496386954,2177.4996559413503,0.99915737,0.97232139,0.0,True,1.0342604633127945,1.0420702717470869
551,106152,425.61224,931,2036.5039,2.0249324,4,164.78621,1.7923716684269368,1.5186266822857812,4925.459850180349,1.191038,1.3985277,0.0,True,1.611971567898856,1.482596987600047
552,1793,197.89629,931,4379.875,3.5612352,5,55.181316,0.8338340633490954,0.8934754779270492,1482.7894654118224,0.90355748,0.88012052,0.0,True,0.8547510883443667,0.8894689905489344
553,98235,425.64328,931,2036.3555,2.0020661,4,40.618023,1.7925021598724156,1.5084699569434485,4892.828329823354,1.1910384,1.3986086,0.0,True,1.612063031910691,1.475511549860414
554,12242,229.17113,931,3782.1562,3.0585494,4,116.77624,0.965540649811923,1.1424796262836692,2157.1400186901346,1.0069109,1.0033765,0.0,True,0.9779517248683461,1.1007486883985684
555,5712,226.82123,931,3821.3398,2.5661817,4,17.538841,0.9556452806883179,1.0486545717112254,1962.1566491983278,1.0022718,0.92880219,0.0,True,0.9696332364818225,1.0126988571978577
556,4077,206.1801,931,4203.9023,1.6112834,4,20.084064,0.868721234047167,0.9962706001991866,1714.100351345208,0.98685235,0.91550457,0.0,True,0.904160568833017,0.9720407911394305
557,35919,311.34006,931,2783.9688,2.1028855,4,55.201027,1.3114851237163234,1.3222530186757904,3265.669975127687,1.1194659,1.1441537,0.0,True,1.2538793566014264,1.2688232230730532
558,3330,185.84738,931,4663.832,3.9776456,4,37.164204,0.7830879115102767,0.9600854048415551,1507.4690577314707,0.91300637,0.91514754,0.0,True,0.8220634490571936,0.9466040453890886
559,0,153.53769,931,5645.2656,1.0827379,2,42.649666,0.6469957135251116,0.0,106.4242169331869,0.82731134,0.0,0.0,True,0.7010904014675782,0.0
560,1674,201.00189,931,4312.2031,2.9857383,4,36.010033,0.8469134511395204,0.8869363715528137,1492.2712531618288,0.99027461,0.84531069,0.0,True,0.8899217987976644,0.8744486670869696
561,0,155.94354,931,5558.1719,0.98862797,2,19.440378,0.6571301574934791,0.0,108.09182507753705,0.83424598,0.0,0.0,True,0.7102649042454354,0.0
562,31,182.47105,931,4750.1289,3.4987202,4,43.849983,0.7688673251977272,0.40934412080042093,638.0114060737282,0.90547788,0.82775885,0.0,True,0.809850491638409,0.5348685395602947
563,7,164.06194,931,5283.1328,4.484458,4,42.708286,0.6913273090011697,0.24256150863929427,360.4809267734602,0.90784466,0.11925081,0.0,True,0.7562825143008187,0.20556829904750598
564,554,235.64944,931,3678.1797,3.1112738,4,87.328621,0.9928201702590276,0.7695745859254959,1489.4855089099049,1.0005102,0.95988661,0.0,True,0.9951271791813192,0.826668193147847
565,0,187.8996,931,4612.8945,1.3929937,2,6.9684539,0.7917313464777618,0.0,130.24207796834148,1.0117315,0.9110204,13.885121685594264,True,0.8577313925344332,0.27330612000000004
566,37984,313.63235,931,2763.6211,2.0477421,4,40.01292,1.3211342061057523,1.3305284940503648,3307.244646923481,1.1186278,1.1349268,0.0,True,1.2603822842740264,1.2718479858352554
567,772,187.23557,931,4629.2539,3.0348532,4,18.515024,0.7889346417258224,0.7878731836740388,1245.4108511475406,0.89647609,0.48059177,0.0,True,0.8211970762080757,0.6956887595718271
568,3137,238.92059,931,3627.8203,2.2834642,4,71.879196,1.0065943584969805,0.9822045699259377,1923.7072517998179,0.99719054,0.95829332,0.0,True,1.0037732129478865,0.9750311949481565
569,0,229.40616,931,3778.2812,1.2293916,2,39.833237,0.9665303830672219,0.0,159.0122330070837,0.98007011,0.92530239,5.319975502624379,True,0.9705923011470554,0.27759071700000004
570,0,291.72937,931,2971.1133,1.0080034,2,85.10553,1.2289328618380664,0.0,202.2113903020291,,,,False,1.2289328618380664,0.0
571,4853,292.81268,931,2960.1211,3.9072068,4,152.23895,1.2334933356836146,1.061741314300234,2485.325035528752,1.0563453,0.89124322,0.0,True,1.1803489249785302,1.010591886010164
572,29151,425.09937,931,2038.9609,3.0118203,5,87.074409,1.790213931260426,1.3488230790368363,4370.154623247919,1.1910782,1.3987231,0.0,True,1.6104732118822982,1.3637930853257854
573,0,223.27872,931,3881.9688,1.98476,2,10.427974,0.9407275970748831,0.0,154.76501524703346,,,,False,0.9407275970748831,0.0
574,3342,292.80109,931,2960.2383,3.0023279,4,45.491871,1.2334445329188464,1.0150844813715658,2376.0582921131463,1.0567949,1.0117127,0.0,True,1.1804496430431923,1.014072946960096
575,21411,424.392,931,2042.3594,1.9981481,4,117.78156,1.7872379173338198,1.3080515159125194,4231.932408488773,1.1911141,1.3987886,0.0,True,1.608400772133674,1.3352726411387636
576,14912,423.65869,931,2045.8945,2.0146928,4,14.293354,1.7841527658469796,1.260317173448877,4071.3835867027315,1.1911513,1.3988104,0.0,True,1.6062523260928858,1.301865141414214
577,0,422.94482,931,2049.3477,1.000591,2,0.0040200097,1.7811493567559598,0.0,293.16300951543354,1.1911513,1.3988104,7.148685716589445,True,1.6041499397291719,0.41964312000000004
578,1921,235.44516,931,3681.3711,4.0260797,6,219.17867,0.991959956556595,0.9207568173391469,1780.3519506528294,1.0159853,0.87299013,0.0,True,0.9991675595896166,0.9064268111374029
579,11776,294.98795,931,2938.293,4.0004358,5,46.057503,1.2426505237191725,1.1737032534821232,2765.213699170437,1.0579275,1.0202643,0.0,True,1.1872336166034207,1.1276715674374862
580,1421,251.24275,931,3449.8945,2.1731572,4,58.1371,1.058478651748429,0.8911069102319916,1824.1536639812393,1.0247425,0.9700107,0.0,True,1.0483578062239003,0.9147780471623942
581,9823,294.97815,931,2938.3906,4.2108917,6,47.10873,1.2426092765831238,1.150995443600231,2711.6413436607586,1.0579311,1.011732,0.0,True,1.1872058236081866,1.1092164105201616
582,2332,251.4677,931,3446.8086,3.0818796,5,117.80269,1.0594257496162058,0.9519813155695936,1950.2172139872403,1.0255699,0.98641592,0.0,True,1.049268994731344,0.9623116968987155
583,0,235.22278,931,3684.8516,2.0019338,3,1.1514132,0.9910235161995176,0.0,163.04400676047229,,,,False,0.9910235161995176,0.0
584,36533,352.73114,931,2457.2852,4.2372589,6,46.936504,1.4856986234609217,1.3455372446154508,3705.802522285418,1.1345936,1.183742,0.0,True,1.3803671164226452,1.2969986712308157
585,149811,435.52411,931,1990.1562,2.8058488,5,89.26461,1.8340713626460703,1.5685654691386346,5190.203154859399,1.1914575,1.3899983,0.0,True,1.6412872038522492,1.5149953183970442
586,2262,258.97742,931,3346.8594,3.0083199,5,52.633762,1.0910450992173089,0.9516763855631367,2000.5716778037163,0.98539436,0.86741644,0.0,True,1.0593498774521162,0.9263984018941958
587,11410,320.93021,931,2700.7773,4.0110145,5,42.357044,1.351852642960194,1.18221389483225,2998.2650411175046,1.0589533,1.0364603,0.0,True,1.2639828400721358,1.138487816382575
588,16014,321.82297,931,2693.2852,4.0192957,5,48.229225,1.3556103956411802,1.2255359747536592,3115.6787192606303,1.0619256,1.0594214,0.0,True,1.2675049569488261,1.1757016023275613
589,4599,259.13834,931,3344.7812,3.0381885,5,48.152836,1.0917225889573592,1.039151851575754,2185.580261655231,0.985672,0.93680871,0.0,True,1.0599074122701515,1.0084489091030278
590,164339,434.59515,931,1994.4102,3.2016678,5,99.302505,1.8301632782370163,1.5803045043360269,5219.356858573617,1.1914567,1.3920547,0.0,True,1.6385513047659113,1.523829563035219
591,26074,339.00995,931,2556.7422,4.2842083,6,46.899429,1.4279502782022422,1.2957658600848367,3447.3144228528304,1.1096448,1.1444222,0.0,True,1.3324586347415694,1.2503627620593858
592,6972,260.38449,931,3328.7734,2.9823506,5,56.366753,1.096969441493023,1.0910513081835482,2304.388214137185,0.98690945,0.96011484,0.0,True,1.063951444045116,1.0517703677284838
593,170976,434.22604,931,1996.1055,2.0412321,4,15.874573,1.828610469436082,1.5853372133545234,5232.115556301511,1.1914531,1.3925028,0.0,True,1.6374632586052575,1.5274868893481663
594,8296,301.19727,931,2877.7188,3.6615183,5,59.446182,1.268789381913893,1.132799568743473,2717.934829137359,1.0567001,1.0052621,0.0,True,1.2051625973397249,1.094538328120431
595,1438,258.66827,931,3350.8594,3.005827,4,52.51852,1.0897434698090285,0.8957653146706963,1881.1387109568748,0.98492402,0.83044136,0.0,True,1.05829763486632,0.8761681282694874
596,926,207.27599,931,4181.6758,1.9990139,3,50.804829,0.8733364655879448,0.8192591919626113,1416.3234171146753,0.89278591,0.77368295,0.0,True,0.8791712989115613,0.805586319373828
597,5383,284.93167,931,3041.9961,1.94034,4,12.703093,1.2003158073487077,1.0710527191967671,2447.9541395442425,1.0148678,1.013798,0.0,True,1.1446814051440954,1.053876303437737
598,433,242.93694,931,3567.8438,3.6040688,4,47.109905,1.0235060246439402,0.7423754130219731,1475.9259742338297,0.9544524,0.73459172,0.0,True,1.002789937250758,0.7400403051153811
599,1317,218.34232,931,3969.7344,1.6668777,3,24.899199,0.9199398218415152,0.8668624060118421,1568.7085975439327,0.89676297,0.83993047,0.0,True,0.9129867662890607,0.8587828252082894
600,1756,243.84464,931,3554.5625,1.9609056,3,21.411583,1.0273281114384514,0.9137235661453935,1821.9905877241335,0.96062922,0.87401223,0.0,True,1.007318444006916,0.9018101653017755
601,1637,253.53532,931,3418.6992,4.3309965,5,87.987938,1.0681315201108057,0.9094776344184516,1876.6282732561222,0.95077682,0.70955884,0.0,True,1.032925110077564,0.8495019960929161
602,4730,252.82526,931,3428.3008,2.0635815,4,72.044937,1.0651417614273995,1.0394557438664735,2139.43344803231,0.97473949,0.95805526,0.0,True,1.0380210799991798,1.0150355987065314
603,4362,287.5578,931,3014.2148,2.4416623,4,75.996857,1.2113714965982585,1.0460336523976819,2410.06342989223,0.98047191,0.99420959,0.0,True,1.1421016206187808,1.0304864336783772
604,147,240.28018,931,3607.293,3.3292003,4,100.06007,1.0123192094235123,0.6100452057339762,1202.34911910291,0.94903028,0.43694544,0.0,True,0.9933325305964587,0.5581152760137834
605,380,222.59467,931,3893.8984,2.9902787,3,44.288769,0.9378470024623377,0.7187766338752468,1323.4189383839798,0.88590175,0.48367178,0.0,True,0.9222634267236363,0.6482451777126728
606,337,207.16801,931,4183.8555,1.9986739,3,158.15642,0.8728816932017404,0.69823161829391,1206.9608485057943,0.892456,0.47484431,0.0,True,0.8787539852412183,0.631215425805737
607,0,214.25499,931,4045.4648,2.0093241,2,50.421108,0.9027272173776081,0.0,148.51024223939928,0.88940823,0.0,0.0,True,0.8987315211643256,0.0
608,14364,261.22751,931,3318.0312,1.8048905,4,26.696972,1.1005187651061283,1.1806257801263484,2500.631577748914,1.0477439,1.0513656,0.0,True,1.08468630557429,1.1418477260884439
609,0,202.05139,931,4289.8047,2.0150378,2,65.504105,0.8513333881054321,0.0,140.05135130671792,0.93543136,0.0,0.0,True,0.8765627796738025,0.0
610,6122,278.33875,931,3114.0508,2.9599283,5,61.389603,1.1725600353941013,1.0839272680705103,2427.105760478024,0.98350471,0.92519432,0.0,True,1.115843437775871,1.0363073836493573
611,5353,278.12454,931,3116.4492,3.0182042,5,49.096615,1.1716582192000489,1.0671423061577463,2387.9177770274623,0.98278481,0.86070836,0.0,True,1.1149961964400341,1.0052121223104225
612,12710,260.59735,931,3326.0547,2.0252471,4,33.162655,1.0978655598232256,1.1651918717650085,2462.723581861707,1.0463856,1.0364618,0.0,True,1.082421571876258,1.126572850235506
613,2277,278.1214,931,3116.4844,3.9465234,5,100.99514,1.1716449940675726,0.960925626121801,2150.2933872626504,0.98275763,0.75648487,0.0,True,1.1149787848473007,0.8995933992852607
614,10908,258.26843,931,3356.0469,2.1594071,4,26.369493,1.088060037618241,1.1450758729217942,2401.2339608356056,1.0401165,1.0253469,0.0,True,1.0736769763327687,1.1091571810452558
615,0,199.78159,931,4338.543,1.9420021,2,77.59449,0.8417740905545268,0.0,138.47804583628294,0.9259038,0.0,0.0,True,0.8670130033881689,0.0
616,9032,255.12169,931,3397.4414,2.1859961,4,98.524315,1.0748108899120359,1.1201451153001178,2323.839825485028,1.0338994,1.00319,0.0,True,1.0625374429384251,1.0850585807100823
617,0,195.04605,931,4443.8789,1.9711308,2,172.90675,0.8218299954903895,0.0,135.19561963685413,0.90730721,0.0,0.0,True,0.8474731598432726,0.0
618,33874,343.67789,931,2522.0156,2.7588649,5,294.90543,1.4475966932763082,1.3314308403240378,3584.7191987063147,1.0587059,1.1849225,0.0,True,1.3309294552934159,1.2874783382268264
619,8071,253.80589,931,3415.0547,2.0247843,4,105.98222,1.0692707483839277,1.1056099274342566,2283.3089636102427,1.0308288,0.97615808,0.0,True,1.0577381638687493,1.0667743732039796
620,1688,194.01715,931,4467.4453,2.893203,3,160.32999,0.817496667055712,0.8841971195224331,1442.029325833227,0.90326679,0.75306749,0.0,True,0.8432277039389984,0.8448582306657031
621,0,163.47523,931,5302.0938,0.89955145,1,102.93822,0.6888559618492828,0.0,113.3123947658886,0.84401107,0.051082578,4.715565896604998,True,0.7354024942944979,0.015324773400000002
622,0,207.53654,931,4176.4258,2.0118067,3,106.04217,0.874433772723167,0.0,143.85336756416632,0.86567414,0.0,0.0,True,0.8718058829062169,0.0
623,8107,253.72725,931,3416.1133,2.727221,4,75.993324,1.0689395920076192,1.1061147219572725,2283.7304290134366,1.0303946,0.94523019,0.0,True,1.0573760944053334,1.0578493623700906
624,2060,318.38733,931,2722.3477,3.0010061,4,83.86454,1.3411491625455214,0.9646785959349392,2429.751151762097,1.0127912,0.88472551,0.0,True,1.242641773781865,0.9406926701544573
625,32072,342.56418,931,2530.2148,2.4502873,4,31.102022,1.4429094389377304,1.323905347574435,3554.377765542503,1.0578341,1.1823242,0.0,True,1.3273868372564115,1.2814310033021044
626,0,255.59189,931,3391.1914,1.1759576,2,207.74025,1.0767906096714195,0.0,177.16279792748767,0.93878782,0.87631691,4.038436003051289,True,1.0353897727699937,0.26289507300000003
627,10243,257.51193,931,3365.9062,2.8763468,5,53.571133,1.0848748211389667,1.136919112070891,2378.0055212458715,0.95578992,0.97343755,0.0,True,1.0461493507972768,1.0878746434496238
628,1307,207.7711,931,4171.7109,1.513391,3,42.147984,0.8754215909726324,0.8607924139769669,1491.1770837137424,0.87996817,0.79909688,0.0,True,0.8767855646808427,0.8422837537838769
629,356,195.96295,931,4423.0859,0.88543546,2,92.94088,0.8256916857450874,0.7001246096596909,1152.3665915873912,0.85784882,0.59970242,0.0,True,0.8353388260215612,0.6699979527617836
630,4,176.37173,931,4914.3984,2.6681309,3,65.344025,0.7431774927633646,0.18933372233897275,316.0157173316338,0.81802499,0.11833734,0.0,True,0.7656317419343552,0.16803480763728093
631,4833,288.04794,931,3009.0859,2.0365639,4,82.583687,1.2134348728934692,1.0590534999215817,2443.6939910009633,0.97933602,0.98268121,0.0,True,1.1432052170254283,1.0361418129451072
632,2000,213.49738,931,4059.8203,2.9504311,4,135.76808,0.8995367511304765,0.9147699591018842,1622.986151450213,0.90941828,0.88662851,0.0,True,0.9025012097913335,0.9063275243713189
633,3694,286.02029,931,3030.418,3.2980418,5,230.25735,1.2048987429628162,1.0246076536954745,2349.658522250331,1.0229566,0.96904606,0.0,True,1.1503161000739714,1.007939175586832
634,771,303.47696,931,2856.1016,4.0145288,5,444.86172,1.2783858475632277,0.8354819106608226,2018.2064688170033,1.0563332,0.53023136,0.0,True,1.2117700532942595,0.7439067454625757
635,5597,288.05878,931,3008.9727,1.9953022,4,135.33966,1.2134804929775078,1.0773766569885985,2486.046158911029,0.9793362,0.96401358,0.0,True,1.1432372050842554,1.043367733892019
636,237,211.51112,931,4097.9453,2.946698,4,81.144356,0.8911720447435767,0.6578060553535932,1158.3329395082121,0.90462881,0.46700341,0.0,True,0.8952090743205037,0.6005652617475152
637,1064,241.03136,931,3596.0508,3.0190363,4,102.00359,1.0154822261925311,0.8512906594415773,1680.3907652663595,0.94566435,0.86283845,0.0,True,0.9945368633347719,0.8547549966091041
638,0,204.06192,931,4247.5391,0.99728084,2,246.68565,0.8598006866998393,0.0,141.4449445076491,0.89254147,0.0,0.0,True,0.8696229216898875,0.0
639,984,240.76903,931,3599.9688,3.0096428,4,87.219398,1.0143776471183807,0.8416423859846643,1659.7789536510124,0.94458747,0.57667309,0.0,True,0.9934405939828665,0.7621515971892651
640,0,209.64523,931,4134.418,2.0583858,3,135.03146,0.8833141709415774,0.0,145.31500009234125,0.9113397,0.0,0.0,True,0.8917218296591042,0.0
641,350,270.60416,931,3203.0586,3.9996469,4,80.812897,1.139996827620505,0.7259919678046198,1586.7229888225354,1.0080229,0.44777811,0.0,True,1.1004046493343536,0.6425278104632338
642,0,204.93491,931,4229.4453,1.9966891,3,247.26674,0.8634772228623201,0.0,142.05005506480614,0.89359617,0.0,0.0,True,0.872512907003624,0.0
643,50875,373.32666,931,2321.7227,1.9957328,4,30.27972,1.572372054693883,1.3980968645645813,4045.8030740082954,1.1299298,1.2050169,0.0,True,1.4396393782857182,1.340172875195207
644,10786,318.4545,931,2721.7734,4.0044384,6,302.25085,1.3414319400937749,1.173948418287362,2957.2288928060552,1.0534821,0.97025591,0.0,True,1.2550469880656423,1.1128406658011534
645,1063,269.22061,931,3219.5195,3.9918461,4,102.32026,1.1341718205765376,0.8628200969268488,1876.6642037831477,1.010561,0.71840769,0.0,True,1.0970885744035763,0.8194963748487942
646,0,209.30135,931,4141.2109,1.0189852,2,249.26976,0.8818659548172693,0.0,145.07664063989031,0.91033012,0.0,0.0,True,0.8904052043720885,0.0
647,15817,326.02475,931,2658.5742,4.0563664,6,303.25021,1.37329627429215,1.225980051763272,3152.3225581266847,1.0679641,1.0953475,0.0,True,1.281696622004505,1.1867902862342903
648,507,304.80136,931,2843.6914,3.0211635,4,261.24487,1.2839609510496526,0.7833228365800331,1899.6586315739016,1.0562514,0.53363359,0.0,True,1.215648085734757,0.7084160626060231
649,2328,302.20721,931,2868.1016,2.0184681,4,137.46713,1.2730408694722923,0.9737195498981952,2343.2009393961257,1.0591863,0.92001909,0.0,True,1.2088844986306047,0.9576094119287366
650,916,283.64267,931,3055.8203,1.5792427,3,53.305408,1.1948892602805394,0.8498991455837613,1935.066283142629,1.0211903,0.86040992,0.0,True,1.1427795721963776,0.853052377908633
651,362,280.3588,931,3091.6133,2.2560833,3,49.745178,1.181064432434984,0.7333701771840481,1653.3189817459952,0.99530488,0.50976539,0.0,True,1.1253365667044888,0.6662887410288336
652,7144,288.06253,931,3008.9336,3.0048742,5,99.849335,1.2134962512417469,1.107839468954497,2556.3556255936587,0.97933632,0.94709808,0.0,True,1.143248271869223,1.0596170522681478
653,3266,320.76224,931,2702.1914,3.0486267,5,167.42636,1.3511457200617594,1.0238771587242264,2595.586701271052,1.0150343,0.91619647,0.0,True,1.2503122940432314,0.9915729521069585
654,6097,320.76224,931,2702.1914,2.9994533,5,98.030357,1.3511457200617594,1.102846462273679,2795.7252251840405,1.0150343,0.95482212,0.0,True,1.2503122940432314,1.0584391595915754
655,1663,240.50728,931,3603.8867,2.9913452,3,49.422638,1.0132754965201256,0.9055477471184843,1783.9820867660276,0.91639596,0.86379588,0.0,True,0.9842116355640879,0.893022186982939
656,0,190.91045,931,4540.1445,1.0068452,1,106.50016,0.804412241032362,0.0,132.3290401569304,0.83385861,0.0,0.0,True,0.8132461517226534,0.0
657,7433,320.74417,931,2702.3438,3.0107827,5,100.88536,1.3510695778908794,1.1279054890814444,2859.098731889335,1.0150342,0.96823424,0.0,True,1.2502589645236157,1.0800041143570112
658,7173,288.06253,931,3008.9336,3.9982355,6,96.818756,1.2134962512417469,1.1083451365004964,2557.522279429093,0.97933632,0.92302614,0.0,True,1.143248271869223,1.0527494375503474
659,23862,323.13239,931,2682.3711,3.0208192,5,171.02861,1.3611220282984784,1.2766752807960609,3257.2153112851756,1.0154747,1.0026823,0.0,True,1.2574278298089347,1.1944773865572427
660,9885,318.40424,931,2722.2031,4.0045257,6,96.879677,1.3412203503981832,1.1628986188538937,2928.9929753984648,1.0534688,0.95063782,0.0,True,1.2548948852787283,1.0992203791977255
661,25672,323.36551,931,2680.4375,4.0057473,6,199.28636,1.3621031753164117,1.2860523148960532,3283.2057182539374,1.0157286,1.0094157,0.0,True,1.2581908027214883,1.203061330427237
662,50236,373.05176,931,2323.4336,2.9926133,5,229.53435,1.5712152074941281,1.396333720340604,4038.1088453213943,1.1294097,1.2036639,0.0,True,1.4386735552458898,1.338532774238423
663,9628,320.75345,931,2702.2656,4.0026855,6,113.12865,1.3511086471453904,1.160646140841978,2942.1554460149305,1.0150343,0.98135895,0.0,True,1.2502863430017732,1.1068599835893846
664,0,302.32541,931,2866.9805,0.98489046,2,51.821754,1.2735383305455779,0.0,209.55600555312947,1.0591949,0.0,0.0,True,1.2092353013819046,0.0
665,10095,320.7525,931,2702.2734,3.0220542,5,91.238403,1.3511047501106277,1.166638400897839,2957.3360064872086,1.0150319,0.99056053,0.0,True,1.2502828950774394,1.1138150396284874
666,10577,320.96362,931,2700.4961,3.0330715,5,80.996597,1.351993305869273,1.1726371311270891,2974.2498848782175,1.015559,0.99890876,0.0,True,1.251063014108491,1.1205186197889625
667,14375,326.00415,931,2658.7422,4.0052338,6,96.783905,1.3732095639847473,1.213850095482318,3120.9632351214586,1.0679634,1.0915601,0.0,True,1.281635714789323,1.1771630968376225
668,27821,323.36551,931,2680.4375,4.0077472,6,113.34805,1.3621031753164117,1.296234544947809,3309.1991993513975,1.0157286,1.0160073,0.0,True,1.2581908027214883,1.2121663714634663
669,4509,320.94736,931,2700.6328,4.0224023,5,205.90828,1.3519249216311655,1.0647529782762406,2700.539070717502,1.0153828,0.75298983,0.0,True,1.2509622851418158,0.9712240337933684
670,42666,372.94894,931,2324.0742,4.0243483,6,98.259087,1.5707824953897933,1.3752162402587045,3976.084918795063,1.1294085,1.1958303,0.0,True,1.438370296772855,1.3214004581810932
671,28815,323.3985,931,2680.1641,4.0084248,6,171.93889,1.362242018054681,1.3006977359827572,3320.8888938580694,1.0157307,1.0215551,0.0,True,1.2582886226382768,1.21695494518793
672,5550,288.03036,931,3009.2695,4.0089417,6,101.91726,1.213360888601242,1.076310866686274,2483.3728499236786,0.97933471,0.87704033,0.0,True,1.1431530350208692,1.0165297056803917
673,783,272.77344,931,3177.5859,4.034451,5,155.00694,1.1491297141359877,0.8263555093015004,1818.2214776514966,0.98738742,0.81326491,0.0,True,1.1006070258951914,0.8224283295110503
674,5534,318.40424,931,2722.2031,4.0073628,6,101.49475,1.3412203503981832,1.089572932338952,2744.3348998161146,1.0534688,0.91837257,0.0,True,1.2548948852787283,1.0382128236372665
675,1438,272.72916,931,3178.1016,4.0131063,6,199.61378,1.1489433659408295,0.9016390808724497,1983.3951047909788,0.98738658,0.866364,0.0,True,1.1004763301585807,0.8910565566107148
676,4358,288.03336,931,3009.2383,3.9852817,5,100.43683,1.2133734604590467,1.0461347078855712,2413.7850372507473,0.97933477,0.73229623,0.0,True,1.1431618533213326,0.9519831645198998
677,939,272.59982,931,3179.6094,3.9852495,5,113.03805,1.1483988689302393,0.8487901089021471,1866.4754674012095,0.98723143,0.84514612,0.0,True,1.1000486372511675,0.847696912231503
678,14187,341.17838,931,2540.4922,3.5800285,5,104.81693,1.4370768320696587,1.2192059974083707,3261.741155221067,1.0117239,1.0533442,0.0,True,1.309470952448761,1.1694474581858594
679,2634,318.07059,931,2725.0586,4.0139132,5,102.05603,1.3398159600742785,0.9956130042990744,2505.4477295011743,1.0530112,0.66620731,0.0,True,1.2537745320519948,0.896791296009352
680,19266,342.38712,931,2531.5234,2.0116813,4,96.590515,1.4421641561857361,1.258796894262191,3378.0601346891735,1.0130693,1.0570687,0.0,True,1.3134356993300154,1.1982784359835337
681,20904,342.66946,931,2529.4375,2.0017571,4,101.57323,1.4433524968867757,1.2693406795557143,3408.804333990611,1.013418,1.0593894,0.0,True,1.3143721478207429,1.2063552956889998
682,14846,257.51401,931,3365.8789,3.9523349,5,47.053207,1.0848836151257746,1.182609773167457,2473.581841911765,0.95578992,0.96865416,0.0,True,1.0461555065880423,1.1184230892172198
683,0,197.19438,931,4395.4648,2.0164826,3,46.860657,0.8308779723120961,0.0,136.68472851926646,0.86984038,0.0,0.0,True,0.8425666946184673,0.0
684,37317,343.04349,931,2526.6797,1.629005,4,77.710373,1.4449266296311933,1.3434705598351429,3611.307276190462,1.0541266,1.1774044,0.0,True,1.3276866207418352,1.2936507118846
685,21488,322.38406,931,2688.5977,2.9180026,4,26.581839,1.3579721101886832,1.2630330577143958,3215.8915728915704,1.0147991,0.98404717,0.0,True,1.2550202071320782,1.179337291400077
686,18457,334.96393,931,2587.625,2.1001089,4,108.51678,1.410921131954556,1.249832704085228,3290.453630666293,1.0451326,1.1697313,0.0,True,1.3011845723681892,1.2258022828596595
687,17172,334.05368,931,2594.6758,2.0301514,4,102.82645,1.4070900327017402,1.2402228188229327,3257.4081735051527,1.041716,1.1672722,0.0,True,1.297477822891218,1.218337633176053
688,15106,333.97726,931,2595.2695,2.7424016,5,11.021339,1.4067683913193518,1.2238842569695554,3213.856387841994,1.04171,1.1579294,0.0,True,1.2972508739235462,1.2040977998786888
689,0,251.68219,931,3443.8711,1.9999676,2,53.768101,1.060328877751062,0.0,174.45280039565245,0.9641391,0.97645319,2.4178031260791193,True,1.0314719444257434,0.292935957
690,0,302.54675,931,2864.8828,2.5549443,3,44.997482,1.2744701793661803,0.0,209.7094267500746,0.98135018,1.062027,3.8630112819711027,True,1.1865341795563262,0.31860810000000006
691,19564,321.08298,931,2699.4922,2.9916797,4,43.47543,1.3524957193427458,1.2505170199815339,3172.7970859571406,1.0574572,1.0720625,0.0,True,1.263984163539922,1.1969806639870737
692,130,234.19792,931,3700.9766,3.0345263,4,47.718193,0.9867080003524239,0.5932945167828082,1143.542054041729,0.9485203,0.36240318,0.0,True,0.9752516902466968,0.5240271157479657
693,138,225.12701,931,3850.0977,3.0188093,4,49.015141,0.9485108948139652,0.5976375735391232,1112.497183091189,0.86946702,0.36445194,0.0,True,0.9247977323697756,0.5276818834773862
694,2066,242.66806,931,3571.7969,4.0254602,5,49.395699,1.022373889332608,0.9330441696710954,1852.6098063556872,0.95024693,0.90330142,0.0,True,1.0007358015328256,0.9241213447697667
695,8990,304.89935,931,2842.7773,3.0674913,5,48.847439,1.2843735206751745,1.144637529711801,2775.831297784624,1.0570649,1.0394566,0.0,True,1.2161809344726222,1.1130832507982606
696,125108,427.70834,931,2026.5234,2.067709,4,44.170483,1.8011902827139274,1.5411796888020464,5019.990814908074,1.1909162,1.3964835,0.0,True,1.618108057899749,1.4977708321614325
697,734,241.63007,931,3587.1406,4.0281916,5,47.981178,1.018003205652578,0.8062440161633617,1595.0556956745668,0.94821006,0.72901928,0.0,True,0.9970652619568046,0.7830765953143533
698,15517,320.87961,931,2701.2031,2.0278444,4,51.601799,1.3516397034088252,1.2210920020122542,3096.4305932606107,1.0570588,1.0596246,0.0,True,1.2632654323861776,1.172651781408578
699,2288,242.87311,931,3568.7812,4.0170994,5,177.19734,1.0232373342667473,0.945610662127888,1878.9409644537523,0.95522606,0.85764802,0.0,True,1.002833951986723,0.9192218694895216
700,20263,321.83182,931,2693.2109,4.0075173,5,46.904198,1.3556477663168465,1.2553291062009317,3191.4936912904363,1.0620266,1.1745989,0.0,True,1.2675614164217925,1.2311100443406522
701,1383,225.33438,931,3846.5547,3.0427287,5,80.506454,0.9493840990067822,0.8760882734135479,1629.9461920127026,0.87001628,0.86063021,0.0,True,0.9255737533047477,0.8714508543894834
702,0,216.1004,931,4010.918,1.0584352,2,134.53285,0.9104987035214318,0.0,149.78938297787641,0.90667385,0.0,0.0,True,0.9093512474650023,0.0
703,4243,302.25415,931,2867.6562,2.9903901,5,175.98691,1.2732384584389647,1.0491021157395342,2524.8791651087713,1.0591979,0.95589024,0.0,True,1.2090262909072753,1.021138553017674
704,21197,320.54214,931,2704.0469,2.0157261,4,45.942505,1.3502192575959484,1.2603933595369883,3193.1476137899385,1.0560735,1.096269,0.0,True,1.261975530317164,1.211156051675892
705,2696,240.01456,931,3611.2852,2.9757662,3,57.453751,1.0112007312176237,0.9642662530118281,1896.1788766977436,0.95164621,0.91715217,0.0,True,0.9933343748523367,0.9501320281082797
706,1261,192.48824,931,4502.9297,1.999728,3,126.86064,0.8110574148000174,0.8487253229712982,1374.6057050098307,0.86484474,0.85931516,0.0,True,0.8271936123600121,0.8519022740799087
707,2879,270.39114,931,3205.582,2.9982963,4,68.784492,1.1390999938077397,0.9866182359849811,2153.9068177572235,0.95335317,0.91690803,0.0,True,1.0833759466654178,0.9657051741894866
708,0,270.08539,931,3209.2109,1.0043221,2,32.219234,1.1378127286307533,0.0,187.20892658893325,0.95297277,0.0,0.0,True,1.0823607410415272,0.0
709,18231,320.27936,931,2706.2656,3.0090873,5,80.972939,1.3491131136982344,1.241193861574777,3142.2570914970092,1.0556266,1.082631,0.0,True,1.2610671595887641,1.1936250031023439
710,3317,302.28214,931,2867.3906,4.0110269,5,374.60901,1.2733563134756967,1.0182002476537833,2450.727908282971,1.0559983,1.0051589,0.0,True,1.2081489094329876,1.0142878433576483
711,410,240.17848,931,3608.8203,4.0299616,5,58.029949,1.0118910199817526,0.7346944995178051,1446.1202360912785,0.94907993,0.54062545,0.0,True,0.9930476929872267,0.6764737846624636
712,299,240.55031,931,3603.2422,4.0151596,5,48.989632,1.0134566372095104,0.6963966906659366,1372.847143389524,0.94947207,0.42021534,0.0,True,0.9942612670466573,0.6135422854661556
713,3868,236.57529,931,3663.7852,2.9697523,4,49.910938,0.9967186938115788,1.0065407948244298,1954.3507858214248,0.95461094,0.86691946,0.0,True,0.9840863676681052,0.9646543943771009
714,2740,206.45232,931,4198.3594,2.965122,4,143.45015,0.8698676204559583,0.9488101454040777,1634.367994619676,0.9154976,0.83754981,0.0,True,0.8835566143191709,0.9154320447828543
715,8665,304.94,931,2842.3984,1.9359839,4,96.964233,1.284544611028405,1.1400276682566175,2764.975750006627,1.0570656,1.0286996,0.0,True,1.2163009077198834,1.1066292477796322
716,3138,253.2211,931,3422.9414,4.0016766,5,174.99597,1.0668085113333083,0.9892529053495577,2038.9307463155271,1.0202047,0.84439641,0.0,True,1.052827367933316,0.9457959567446904
717,20333,321.82996,931,2693.2266,4.021204,6,49.98587,1.3556398695151708,1.2557647150544633,3192.585005902836,1.0620265,1.1738311,0.0,True,1.2675558586606195,1.2311846305381242
718,14200,319.98099,931,2708.7891,2.9862993,5,95.941231,1.347857211148524,1.2094405530362786,3059.3824279625755,1.0552931,1.0554963,0.0,True,1.2600879778039669,1.163257277125395
719,0,160.43459,931,5402.582,1.0104885,2,25.369026,0.6760479601082594,0.0,111.20478372279078,0.79204535,0.0,0.0,True,0.7108471770757816,0.0
720,3377,246.52289,931,3515.9453,4.0172191,5,49.625198,1.0386053007526346,0.9949941326024174,2003.0810877952074,0.95598114,0.85898834,0.0,True,1.013818052526844,0.9541923948216922
721,0,160.54242,931,5398.9531,1.0064588,2,25.328623,0.6765021966841033,0.0,111.27952578327057,0.79230809,0.0,0.0,True,0.7112439646788723,0.0
722,2556,245.78886,931,3526.4453,4.0452676,6,49.600368,1.0355146036521574,0.9605447267872048,1928.7005100415731,0.95473951,0.7166363,0.0,True,1.0112820755565102,0.8873721987510433
723,3366,193.82158,931,4471.9531,4.035944,4,48.965076,0.8166729857623715,0.9661592633906702,1574.233288310218,0.86582869,0.91150987,0.0,True,0.83141969703366,0.9497644453734692
724,0,176.75317,931,4903.793,1.0000418,2,19.095398,0.7447841024555699,0.0,122.5159614405327,0.85657668,0.0,0.0,True,0.7783218757188989,0.0
725,44891,313.97897,931,2760.5703,3.0146587,5,112.70557,1.3225931793800207,1.3517968355930001,3363.354393964114,1.118493,1.1284262,0.0,True,1.2613631255660145,1.2847856449151
726,1653,242.6731,931,3571.7227,4.0070643,6,204.80241,1.0223951165371106,0.9058024139075043,1798.5853401876273,0.95532978,0.86652994,0.0,True,1.0022755155759775,0.894020671735253
727,1048,294.7724,931,2940.4414,3.999855,5,46.994514,1.2417432124010412,0.8708277356878213,2050.5975959868515,1.0566647,0.92439902,0.0,True,1.1862196586807288,0.8868991209814749
728,96137,425.6637,931,2036.2578,3.0070989,5,207.60164,1.7925880800445444,1.5056464850404259,4883.873889816406,1.1910386,1.3987067,0.0,True,1.612123236031181,1.473564549528298
729,0,242.40508,931,3575.6719,2.0136132,3,35.457722,1.021266549438985,0.0,168.02239775540798,0.95475602,0.0,0.0,True,1.0013133906072895,0.0
730,5174,253.78122,931,3415.3867,2.9940956,5,204.87151,1.0691668684547222,1.050961594927753,2170.283150247107,1.0203503,0.92865992,0.0,True,1.0545218979183055,1.0142710924494271
731,166,294.22363,931,2945.9258,3.998405,5,46.035511,1.239433040118519,0.6406143564272738,1507.5912820092722,1.0558505,0.72599971,0.0,True,1.1843582780829633,0.6662299624990917
732,37577,313.33298,931,2766.2617,3.9939566,6,45.873085,1.3198739975840497,1.3290092689403252,3300.712485566317,1.1178175,1.1258031,0.0,True,1.2592570483088348,1.2680474182582278
733,0,236.69263,931,3661.9688,2.02022,3,84.644028,0.997212813694761,0.0,164.06282914381833,1.0142022,0.0,0.0,True,1.0023096295863327,0.0
734,63198,378.42789,931,2290.4258,2.0281005,4,201.09084,1.5938385601565892,1.4285767214816139,4183.164442844754,1.060937,1.165352,0.0,True,1.4339680921096125,1.3496093050371296
735,0,192.5564,931,4501.3359,0.98707849,2,116.58179,0.8113444605226577,0.0,133.46992575877306,0.86484939,0.0,0.0,True,0.8273959393658604,0.0
736,1050,224.63132,931,3858.5938,4.0002828,5,201.01144,0.9464234844748021,0.8424308193605062,1563.0854477383314,0.87034529,0.80812353,0.0,True,0.9236000261323615,0.8321386325523543
737,16566,320.12271,931,2707.5898,4.0391998,6,203.73756,1.3484537904364038,1.2290024649612934,3110.0652446614754,1.055182,1.0716612,0.0,True,1.2604722533054826,1.1818000854729054
738,2187,225.34148,931,3846.4336,1.9945592,4,203.16931,0.9494139736067727,0.9315697741308028,1733.146412951946,0.87001634,0.86923915,0.0,True,0.925594683524741,0.9128705868915619
739,304,271.83441,931,3188.5625,4.0310712,4,104.15133,1.1451763243433775,0.708989001623835,1555.867379274015,0.95529008,0.53402072,0.0,True,1.0882104510403643,0.6564985171366845
740,56853,377.0838,931,2298.5898,2.0908747,4,18.800779,1.5881825766322257,1.4142538766325272,4128.411275305756,1.0583771,1.1590244,0.0,True,1.429240933642558,1.337685033642769
741,8073,276.74188,931,3132.0195,4.0302715,5,68.698334,1.1658372375595676,1.1175115179721002,2489.716113175582,0.95554596,0.93939245,0.0,True,1.1027498542916971,1.0640757975804702
742,7342,276.74533,931,3131.9805,4.003396,6,82.241219,1.1658517455159076,1.1057247870684863,2463.4870038603017,0.95554608,0.93533576,0.0,True,1.1027600458611353,1.0546080789479404
743,6786,276.79126,931,3131.4609,2.9997568,5,44.780918,1.1660450705920145,1.0959666372031847,2442.104825927205,0.95572156,0.93340224,0.0,True,1.1029480174144102,1.0471973180422294
744,22330,321.35919,931,2697.1719,2.9892781,5,99.117126,1.3536583706794731,1.2673891281032454,3218.018914131941,1.0611488,1.1740628,0.0,True,1.2659054994756311,1.2393912296722718
745,2444,245.13393,931,3535.8672,3.0810151,5,67.568916,1.0327568644571559,0.9547501989157124,1912.5862323742688,0.95417929,0.73320097,0.0,True,1.0091835921200092,0.8882854302409987
746,5314,244.72136,931,3541.8281,2.0299301,4,59.15612,1.0310197146238038,1.0495572256118952,2099.336416189496,0.95513994,0.9556945,0.0,True,1.0082557822366627,1.0213984079283267
747,5805,244.70949,931,3542.0,3.0077024,4,44.329559,1.030969705512928,1.0603616778600264,2120.852946822318,0.95513952,0.97492176,0.0,True,1.0082206498590498,1.0347297025020183
748,12819,319.93762,931,2709.1562,3.0074153,5,95.927933,1.347674706583788,1.196478734537186,3026.238671354472,1.0552926,1.047117,0.0,True,1.2599600746086514,1.1516702141760302
749,393,200.53142,931,4322.3203,3.0195513,4,44.026047,0.8449320084679706,0.7138292567829623,1198.954452453408,0.91079009,0.44496298,0.0,True,0.8646894329275794,0.6331693737480736
750,0,165.50926,931,5236.9336,2.000006,2,81.108856,0.6974237345435753,0.0,114.72227692556294,0.83123052,0.0,0.0,True,0.7375657701805027,0.0
751,2024,206.45943,931,4198.2148,2.966342,5,191.3987,0.8698975672238994,0.9125263410218067,1571.9446657889391,0.91549778,0.83197129,0.0,True,0.8835776310567296,0.8883598257152647
752,17675,321.28662,931,2697.7812,3.025058,5,95.685226,1.3533528703503148,1.2377668981273764,3142.189453198816,1.0611478,1.1669379,0.0,True,1.2656913492452204,1.2165181986891636
753,3113,200.53322,931,4322.2812,3.0321095,4,53.307915,0.844939648313763,0.9607549020208855,1613.0860996227266,0.91079021,0.91488886,0.0,True,0.8646948168196341,0.9469950894146199
754,4485,276.56253,931,3134.0508,3.0181136,5,62.879433,1.1650820950788863,1.0444263578623019,2325.5976120459213,0.95534343,0.8422184,0.0,True,1.1021604955552204,0.9837639705036112
755,56740,376.05109,931,2304.9023,2.0668991,4,97.474876,1.5838367478058422,1.4134967776055034,4116.356748479646,1.0555147,1.1572688,0.0,True,1.4253401334640894,1.3366283843238524
756,0,213.58369,931,4058.1797,2.0063243,2,49.779747,0.8999002276519478,0.0,148.04493253708938,0.86723268,0.0,0.0,True,0.8900999633563634,0.0
757,1577,276.24713,931,3137.6289,4.0111885,5,50.359428,1.1637543011334293,0.9145243914706578,2034.4349764381905,0.95513344,0.79655832,0.0,True,1.1011680427934005,0.8791345700294604
758,4820,304.82523,931,2843.4688,3.0159202,4,344.17691,1.2840613948526924,1.0662450504510215,2585.205723322894,1.0570638,1.0013776,0.0,True,1.2159621163968848,1.046784815315715
759,800,224.63701,931,3858.4961,3.9957945,5,161.30257,0.9464474362084753,0.8095428959919242,1502.1720832163965,0.87034547,0.7396757,0.0,True,0.9236168463459327,0.7885827371943469
760,1828,302.29492,931,2867.2695,4.0057087,5,161.47203,1.273410056579843,0.9434027336686799,2270.8609762941323,1.0559987,0.95637995,0.0,True,1.20818664960589,0.947295898568076
761,56177,375.7085,931,2307.0039,2.0494342,4,45.789291,1.5823951775645841,1.4120431449341109,4108.860230060085,1.054729,1.1559929,0.0,True,1.4240953242952088,1.3352280714538776
762,17708,320.16983,931,2707.1914,4.0063334,6,160.66805,1.3486520872382133,1.2374582242714773,3131.864371332429,1.0547414,1.0645773,0.0,True,1.2604788810667493,1.1855939469900343
763,10982,290.81784,931,2980.4258,3.0144324,4,47.400002,1.2250955703031463,1.16289269860664,2705.8258775556847,0.95763689,0.84669363,0.0,True,1.1448579662122025,1.068032978024648
764,290,251.53954,931,3445.8242,3.0809669,4,128.2532,1.0597282298609707,0.6964731737666944,1427.9280401158144,1.0064439,0.43455708,0.0,True,1.0437429309026796,0.617898345636686
765,5103,253.62921,931,3417.4336,3.0798113,5,38.815784,1.0685268567103678,1.0491866184311303,2165.480039550938,1.0118077,0.97246718,0.0,True,1.0515111096972576,1.026170786901791
766,11424,319.87857,931,2709.6562,3.0755363,5,96.433968,1.3474262099811243,1.1818787230105068,2988.832357547459,1.0552913,1.0394523,0.0,True,1.259785736986787,1.1391507961073548
767,4703,251.52271,931,3446.0547,4.0669641,6,208.5927,1.0596573877838473,1.03809458910071,2126.9718789965905,1.0135908,0.97316653,0.0,True,1.045837411448693,1.018616171370497
768,1186,252.09853,931,3438.1836,3.9961793,5,48.219826,1.0620818715425007,0.8692973392642593,1784.8642729915302,1.0103806,0.88755602,0.0,True,1.0465714900797505,0.8747749434849814
769,17398,319.98145,931,2708.7852,4.0651474,6,90.702728,1.3478591503073787,1.2351322388379367,3124.371028882088,1.0588509,1.1646636,0.0,True,1.261156675215165,1.2139916471865557
770,0,206.09392,931,4205.6602,1.0176326,2,47.13142,0.8683582947923925,0.0,142.85341957854692,0.91338605,0.0,0.0,True,0.8818666213546748,0.0
771,2407,252.03294,931,3439.0781,4.0797997,6,166.57986,1.0618057859069856,0.9561288937603091,1962.5721873520138,1.0131601,0.92515773,0.0,True,1.0472120801348899,0.9468375446322164
772,8810,318.1431,931,2724.4375,3.001909,5,90.814774,1.3401211787681975,1.1482266408396529,2889.970468874474,1.0521152,1.0300487,0.0,True,1.2537193851377382,1.112773258587757
773,3078,252.73741,931,3429.4922,3.0709558,5,96.901604,1.064771948581966,0.9866501463672817,2030.1599708982276,1.013767,1.0089399,0.0,True,1.0494704640073762,0.9933370724570971
774,1631,225.50177,931,3843.6992,3.0019016,4,160.6368,0.950089033572313,0.8961341955521365,1668.3013527329845,0.87008089,0.8575269,0.0,True,0.9260865905006191,0.8845520068864955
775,11633,290.83386,931,2980.2617,1.9922705,4,21.73484,1.2251629816182186,1.1700979013509751,2722.7206000604874,0.95763719,0.92555958,0.0,True,1.1449052441327532,1.0967364049456827
776,56712,375.8345,931,2306.2305,1.9971374,4,50.900356,1.5829253778328538,1.4133280387229308,4113.800390189847,1.0543416,1.1532239,0.0,True,1.4243502444829976,1.3352967971060514
777,11757,290.79956,931,2980.6133,2.0126147,4,82.737709,1.2250185554854922,1.171405770505408,2725.4822888112085,0.95794445,0.95707148,0.0,True,1.1448963238398444,1.1071054833537857
778,596,264.3978,931,3278.2461,3.0347528,4,47.515064,1.1138666200495804,0.7895175467146143,1690.4513294448884,0.92136639,0.80526799,0.0,True,1.0561165510347061,0.79424267970023
779,11557,290.6788,931,2981.8516,3.0183227,5,108.8573,1.2245101721338345,1.1692008685067998,2719.364016742418,0.95796901,0.97928619,0.0,True,1.1445478234936841,1.1122264649547597
780,0,208.10062,931,4165.1055,1.9713527,2,56.234642,0.8768092471711642,0.0,144.24435802577656,0.84192717,0.0,0.0,True,0.8663446240198149,0.0
781,11123,290.69403,931,2981.6953,2.997515,5,49.865578,1.224574317738751,1.164425157043366,2708.381773922773,0.95796937,0.97989029,0.0,True,1.1445928334171258,1.1090646969303561
782,2508,265.35773,931,3266.3867,3.0023565,5,48.994564,1.1179083051396022,0.9672878836468457,2077.230402558577,0.92255265,0.89520413,0.0,True,1.0593016085977216,0.945662757552792
783,10446,290.69403,931,2981.6953,2.0127685,4,47.908615,1.224574317738751,1.1565776260430056,2690.1307656656295,0.95796937,1.0000579,0.0,True,1.1445928334171258,1.109621708230104
784,11698,325.71463,931,2661.1055,3.0136654,5,101.4381,1.3719909467866809,1.1875894544312424,3051.081024384438,1.0675054,1.0874023,0.0,True,1.2806452827506765,1.1575333081018697
785,1676,240.46896,931,3604.4609,3.0114057,4,49.706455,1.0131141686127298,0.9064802605034709,1785.5680887212166,0.91594565,0.86377603,0.0,True,0.9839636130289109,0.8936689913524296
786,0,191.19189,931,4533.4609,0.99840754,1,101.04456,0.8055976485957177,0.0,132.5241194994272,0.83406782,0.0,0.0,True,0.8141387000170024,0.0
787,25812,323.51541,931,2679.1953,4.0073042,6,156.91454,1.3627342388440773,1.2868166365735447,3286.4870210538425,1.0160581,0.99136406,0.0,True,1.258731397190854,1.1981808636014812
788,30993,372.59949,931,2326.2539,2.9879415,5,91.086845,1.5693119364420767,1.3338248926888143,3853.267873512279,1.1288879,1.1814417,0.0,True,1.4371847255094536,1.28810993488217
789,24017,323.40979,931,2680.0703,3.985271,5,47.258331,1.362289659722125,1.2776339875973068,3262.1053374861053,1.0156537,0.83869839,0.0,True,1.2582988718054875,1.1459533083181148
790,1677,240.84456,931,3598.8398,2.99119,4,46.636063,1.014695693026337,0.9067256682196948,1788.5005411192312,0.9159928,0.86380386,0.0,True,0.985084825118436,0.8938491257537864
791,0,191.73659,931,4520.582,0.99232823,1,104.2505,0.8078917389088395,0.0,132.90167676867821,0.83468986,0.0,0.0,True,0.8159311752361876,0.0
792,48998,374.42975,931,2314.8828,2.0221112,4,45.324394,1.5770140105221626,1.3937770353997256,4043.6823834369493,1.0527993,1.1521845,0.0,True,1.4197495973655139,1.321299274779808
793,1663,251.67049,931,3444.0312,1.992838,3,32.035618,1.0602796156743495,0.9105874796013506,1866.7860944900656,0.91497993,0.8637718,0.0,True,1.0166897099720447,0.8965427757209454
794,0,197.71378,931,4383.918,1.0097967,1,82.432541,0.8330654235527928,0.0,137.04474916484932,0.83239585,0.0,0.0,True,0.8328645514869549,0.0
795,10526,325.18909,931,2665.4062,3.0047169,5,101.491,1.3697788647030278,1.1739663901344175,3011.8342499706096,1.0665919,1.0781631,0.0,True,1.2788227752921193,1.1452254030940923
796,862,267.63467,931,3238.5977,2.9936979,4,31.360571,1.1274946706090108,0.836289445983908,1809.6312966598598,0.94429839,0.66060823,0.0,True,1.0725357864263074,0.7835850811887356
797,4475,253.16331,931,3423.7227,3.0261552,5,207.12576,1.0665652057412054,1.0328189784129143,2128.2701394932797,1.021433,0.94483751,0.0,True,1.0530255440188436,1.00642453788904
798,32563,313.33475,931,2766.2461,4.0373187,6,48.745972,1.3198814355189799,1.3109424088406152,3255.8593101478323,1.1178203,1.1227041,0.0,True,1.259263094863286,1.2544709161884304
799,1990,252.15495,931,3437.4141,3.0550766,5,43.151558,1.0623194910836171,0.9328341517515671,1915.5945372056156,1.022875,0.95651954,0.0,True,1.050486143758532,0.9399397682260969
800,29412,313.33121,931,2766.2773,4.0372429,6,192.06201,1.319866559732949,1.2981009992286632,3223.9356420876097,1.117839,1.1195319,0.0,True,1.2592582918130644,1.2445302694600642
801,0,201.08824,931,4310.3516,1.9873254,3,42.835201,0.8472770718273105,0.0,139.38374659976162,0.92157269,0.0,0.0,True,0.8695657572791173,0.0
802,44,199.75371,931,4339.1484,3.9693527,4,190.05412,0.841656699950137,0.45446584243145266,764.7853232082778,0.9239772,0.31195253,0.0,True,0.866352849965096,0.4117118487020168
803,7281,251.92192,931,3440.5938,4.0653639,6,206.00563,1.061338295658877,1.0919529718830843,2240.416743623814,1.0148044,0.99088085,0.0,True,1.047378126961214,1.061631335318159
804,789,201.06583,931,4310.832,3.9816456,5,91.326576,0.8471826948830413,0.797176374944382,1341.7721947265168,0.92157209,0.85971057,0.0,True,0.8694995134181289,0.8159366334610674
805,5001,248.7766,931,3484.0938,3.0326195,5,43.502499,1.0480947576160506,1.044229122460904,2119.0275849017967,1.0182526,0.99704283,0.0,True,1.0391421103312355,1.0300732347226327
806,1875,245.48296,931,3530.8398,2.1821549,4,55.856831,1.0342265268687862,0.9224929846546717,1850.3106361741643,1.0234243,1.0150646,0.0,True,1.0309858588081504,0.9502644692582702
807,0,250.98329,931,3453.4609,1.7871747,3,0.68318188,1.057386190171568,0.0,173.96835983115912,,,,False,1.057386190171568,0.0
808,4998,276.33658,931,3136.6133,2.6195707,4,74.783867,1.1641308715341956,1.0577678383021423,2353.612037715249,1.0371131,0.99004811,0.0,True,1.126025540073937,1.0374519198114998
809,3336,247.53604,931,3501.5547,1.3062785,3,32.139595,1.0428712976388859,0.9939975063027918,2008.291355395727,0.998528,0.97471654,0.0,True,1.02956830834722,0.9882132164119543
810,544,202.14748,931,4287.7656,2.2600539,3,95.925941,0.8517380614777221,0.7533022146713904,1274.0585433470137,0.93717498,0.27209151,0.0,True,0.8773691370344054,0.6089390032699732
811,26,193.52541,931,4478.7969,2.2749426,3,98.569656,0.815425630279698,0.39199849725091535,644.8662440355055,0.93365622,0.26182848,0.0,True,0.8508948071957887,0.35294749207564075
812,0,202.25066,931,4285.5781,1.9334881,2,8.003686,0.8521726137974763,0.0,140.1894747453881,,,,False,0.8521726137974763,0.0
813,0,243.23813,931,3563.4258,1.1569836,2,20.719595,1.024774274180048,0.0,168.59982401417346,,,,False,1.024774274180048,0.0
814,0,245.27754,931,3533.7969,0.88296163,2,90.589088,1.0333615701563112,0.0,170.0134353056792,1.0238376,1.0277454,14.171959155382053,True,1.0305043791094177,0.30832362
815,5412,251.35118,931,3448.4062,1.9946799,4,35.014271,1.0589352164790966,1.0552408617848767,2160.8016153855915,1.0177037,1.0526977,0.0,True,1.0465657615353676,1.0544779132494138
816,4593,251.88789,931,3441.0586,2.0323377,4,39.052864,1.061195018968837,1.0353740355005134,2124.101064075486,1.0209681,1.0687666,0.0,True,1.049126943278186,1.0453918048503594
817,17058,312.2417,931,2775.9297,3.9890885,6,91.404495,1.315280453763037,1.228833921950408,3042.6366918393956,1.1163589,1.1141982,0.0,True,1.2556039876341258,1.1944432053652856
818,6273,252.4068,931,3433.9844,2.0307512,4,79.905312,1.063379867597134,1.0739122820952556,2207.1280414691914,1.0226218,1.0825887,0.0,True,1.0511524473179938,1.0765152074666788
819,7878,252.67755,931,3430.3047,2.9920158,5,84.338577,1.0645198942674925,1.1020328343850234,2267.0439970392263,1.0234518,1.0970916,0.0,True,1.0521994659872447,1.1005504640695163
820,0,251.10628,931,3451.7695,2.0173752,3,158.10126,1.0579040194598446,0.0,174.05361000289616,,,,False,1.0579040194598446,0.0
821,6640,310.63483,931,2790.2891,3.0244122,5,86.706741,1.3085165989215863,1.1091424682006057,2733.9494503369765,1.114361,1.1084234,0.0,True,1.2502699192451103,1.108926747740424
822,861,228.65489,931,3790.6953,3.9882958,5,249.32135,0.9633667741085917,0.8201888929539961,1545.801877544065,0.92481953,0.86056358,0.0,True,0.9518026008760141,0.8323012990677974
823,713,228.23859,931,3797.6094,4.025969,5,251.07713,0.9616137480704773,0.7971550848404072,1500.048500626095,0.92455262,0.90651506,0.0,True,0.9504954096493341,0.829963077388285
824,0,233.04774,931,3719.2422,1.9910183,2,113.93614,0.9818647752457008,0.0,161.53638391686718,,,,False,0.9818647752457008,0.0
825,26804,373.13708,931,2322.9023,1.9974242,4,37.882538,1.5715742705995934,1.3153410069081453,3804.6478411308403,1.0516465,1.1506948,0.0,True,1.4155959394197153,1.2659471448357016
826,710,268.87546,931,3223.6523,2.9496713,3,78.423729,1.1327186864925947,0.8127874137163963,1765.9949697467341,1.0104367,0.85913765,0.0,True,1.0960340905448163,0.8266924846014774
827,182,253.06573,931,3425.043,2.9590249,3,107.90556,1.066154301634913,0.6400060770784426,1319.721524402421,0.92146873,0.48066741,0.0,True,1.0227486301444393,0.5922044769549097
828,3372,268.57019,931,3227.3164,3.0162907,4,61.449764,1.131433462616985,1.00534909320185,2181.8250829746653,0.94578665,0.81269741,0.0,True,1.0757394188318896,0.9475535882412951
829,1514,251.89018,931,3441.0273,2.9954031,4,31.497883,1.0612046661197885,0.899166740602099,1844.8009996102035,0.91498834,0.5788011,0.0,True,1.0173397682838519,0.8030570484214693
830,28072,371.25787,931,2334.6602,3.0455136,5,110.79627,1.5636662259826302,1.3204444931893515,3802.6455474403883,1.1273255,1.1776043,0.0,True,1.4327640081878412,1.277592435232546
831,3302,198.79518,931,4360.0703,3.0205312,4,30.87937,0.8376198421969075,0.966788313747139,1610.8153040409757,0.83414316,0.90891081,0.0,True,0.8365768375378353,0.9494250626229972
832,27224,342.81451,931,2528.3672,2.9838572,5,89.238762,1.4439630091386804,1.3031163939589172,3500.796983113834,1.0137676,1.065416,0.0,True,1.3149043863970762,1.231806275771242
833,21370,373.12201,931,2322.9961,2.0241129,4,44.783642,1.5715108667656765,1.2861086236006163,3719.9655958421727,1.0516464,1.1478721,0.0,True,1.4155515267359737,1.2446376665204313
834,0,198.79662,931,4360.0391,0.98378891,2,19.502411,0.8376258333717864,0.0,137.79531665784683,0.83414316,0.0,0.0,True,0.8365810313602505,0.0
835,2456,251.57547,931,3445.332,3.0263433,4,118.8759,1.0598795347642227,0.9583888686209548,1964.0756795519897,0.91563958,0.91282505,0.0,True,1.016607548334956,0.9447197230346684
836,4977,252.39273,931,3434.1758,2.0234518,4,75.560654,1.063320635788721,1.0454875480652959,2148.6153596962868,1.0155307,1.0328511,0.0,True,1.0489836550521048,1.041696613645707
837,18857,319.26965,931,2714.8242,3.0257301,5,96.122002,1.3448631075716335,1.2449679800806395,3143.1284605042865,1.0573359,1.169122,0.0,True,1.2586049453001436,1.2222141860564477
838,72,242.36139,931,3576.3164,3.9479775,4,159.33566,1.0210826064284917,0.5243184233120859,1043.1391986394422,0.95324701,0.60974151,0.0,True,1.0007319274999442,0.5499453493184601
839,7079,316.03427,931,2742.6172,3.1883864,5,60.339699,1.331244530690042,1.1196383664582341,2801.697662000242,1.0480138,1.0109049,0.0,True,1.2462753114830294,1.0870183265207638
840,5996,290.40942,931,2984.6172,3.1587768,5,100.02022,1.2233762788005833,1.0870736124106564,2526.324213031725,0.95801979,0.91066521,0.0,True,1.1437693321604083,1.0341510916874594
841,5811,303.22189,931,2858.5039,4.6435537,6,31.119406,1.2773122373081949,1.089027300577299,2628.282486208811,1.0303259,0.99824899,0.0,True,1.2032163361157364,1.0617938074041093
842,18595,318.78207,931,2718.9766,2.0217597,4,60.584839,1.3428107527046786,1.2429587304856629,3133.8686059236393,1.0558448,1.1680974,0.0,True,1.256720966893275,1.220500331339964
843,2989,290.69098,931,2981.7266,3.850513,5,159.59212,1.224561471663596,1.0002206196631218,2326.505450808937,0.95802432,0.86703229,0.0,True,1.1446003261645172,0.9602641207641852
844,744,245.17104,931,3535.332,4.278718,4,16.61359,1.032913121057853,0.8093320057188842,1621.7391547165803,0.95816976,0.79590654,0.0,True,1.0104901127404973,0.805304366003219
845,0,196.31491,931,4415.1562,1.9557302,2,14.413524,0.8271739714203037,0.0,136.07512636837941,0.87306786,0.0,0.0,True,0.8409421379942126,0.0
846,0,185.98088,931,4660.4844,1.950282,2,15.340405,0.7836501579153416,0.0,128.91212261005754,0.82202685,0.0,0.0,True,0.7951631655407392,0.0
847,753,228.82443,931,3787.8867,4.2732697,4,15.629907,0.964080703609904,0.8040178104332756,1516.354911742791,0.89636844,0.79179597,0.0,True,0.9437670245269328,0.8003512583032928
848,2661,231.25937,931,3748.0039,4.0353785,5,248.99454,0.9743340897159646,0.9583286744871068,1823.9908886139208,0.92181098,0.85386795,0.0,True,0.9585771568011752,0.9269904571409747
849,23661,290.11935,931,2987.6016,3.976671,5,44.9655,1.2221550310709686,1.258445134449455,2921.985752041706,1.0012321,0.87768722,0.0,True,1.1558781517496781,1.1442177601146184
850,16630,319.75827,931,2710.6758,4.0142994,6,96.359329,1.346919759573856,1.229313269389541,3107.7574313179975,1.053853,1.0593315,0.0,True,1.2589997317016992,1.1783187385726788
851,25672,290.18347,931,2986.9414,4.0121179,6,215.24664,1.222424981746988,1.268672201830819,2946.300698694706,1.0012336,0.96828854,0.0,True,1.1560675672228917,1.1785571032815734
852,5109,265.66434,931,3262.6172,4.032783,6,82.849701,1.119199101302847,1.0553379473390347,2268.547744222938,0.92402637,0.93943155,0.0,True,1.060647281911993,1.0205660281373243
853,27910,290.00027,931,2988.8281,4.0670567,6,196.93092,1.2216538410675681,1.2790150860614795,2968.6782389705527,1.0011497,0.9881224,0.0,True,1.1555025987472978,1.1917472802430356
854,11694,319.81818,931,2710.168,4.0059533,6,82.187317,1.3471719437504672,1.1848049653236261,2995.73758989993,1.0538622,1.050385,0.0,True,1.259179020625327,1.1444789757265381
855,4385,286.80069,931,3022.1719,4.0170636,6,217.48152,1.2081841764146468,1.0463459217030917,2405.2255650710918,0.95536643,0.87530714,0.0,True,1.132338852490253,0.9950342871921641
856,3740,286.44638,931,3025.9102,4.0142412,6,197.88525,1.2066925354450133,1.0263412141371935,2356.701930833274,0.95479888,0.9122324,0.0,True,1.1311244388115094,0.9921085698960355
857,7999,319.24393,931,2715.043,4.0406857,6,99.919739,1.3447548074645184,1.136516794265563,2869.147935708998,1.0529642,1.0297159,0.0,True,1.2572176252251628,1.1044765259858942
858,15197,331.74478,931,2612.7344,2.2748818,4,105.32754,1.3973719993655254,1.2236055177683383,3194.3654823151687,1.0026149,1.0104666,0.0,True,1.2789448695558676,1.1596638424378367
859,14502,327.30011,931,2648.2148,2.1520662,4,115.6581,1.3786643393349916,1.2155761081983933,3136.248487011646,1.0002519,1.0067294,0.0,True,1.265140607534494,1.1529220957388753
860,4288,297.13806,931,2917.0312,4.489079,6,64.599144,1.251701809949074,1.0481817848082726,2485.2752171810184,1.0094699,0.96777308,0.0,True,1.1790322369643518,1.0240591733657909
861,752,228.99516,931,3785.0625,3.9913006,5,248.88992,0.964799666321276,0.8039294657233242,1517.182785374761,0.92328358,0.85442036,0.0,True,0.9523448404248932,0.819076734006327
862,18401,318.66534,931,2719.9727,2.9802494,5,90.289452,1.3423193540250486,1.2415753368370055,3129.3793514227104,1.0554969,1.1681312,0.0,True,1.256272617817534,1.2195420957859038
863,25746,290.1554,931,2987.2305,2.9785833,5,113.87297,1.2223067563166565,1.2690165177108426,2946.850807461062,1.0011522,1.0037909,0.0,True,1.1559603894216595,1.1894488323975898
864,23827,288.87595,931,3000.4609,3.012928,5,45.750458,1.2169206387792817,1.2586438702669451,2911.482079332071,1.0032901,1.0387442,0.0,True,1.1528314771454973,1.1926739691868615
865,3991,297.21289,931,2916.2969,4.0679693,6,83.137321,1.252016762358147,1.039221169579769,2464.5778851417895,1.0040482,0.94893664,0.0,True,1.1776261936507029,1.0121358107058382
866,17049,286.97354,931,3020.3516,4.0130014,6,81.278557,1.2089118408122395,1.2158420271461272,2796.259880598276,1.0052948,1.0276924,0.0,True,1.1478267285685675,1.159397139002289
867,1963,246.87973,931,3510.8633,3.9779518,5,82.795906,1.040107833498052,0.9287482494054087,1872.1501013231823,0.92097324,0.92397928,0.0,True,1.0043674554486364,0.9273175585837861
868,10479,285.64069,931,3034.4453,4.0604739,6,84.222382,1.2033006609201284,1.1544440802629354,2644.267093302697,1.0066361,1.0338384,0.0,True,1.1443012926440899,1.1182623761840549
869,9648,318.09247,931,2724.8711,3.019593,5,84.470772,1.3399080859883026,1.1596875993718267,2918.407181526984,1.0554894,1.1642579,0.0,True,1.2545824801918117,1.1610586895602788
870,27665,342.80606,931,2528.4297,3.0328348,5,81.842491,1.4439273441731328,1.3051627538048973,3506.218889181541,1.0137675,1.0677536,0.0,True,1.3148793909211929,1.2339400076634282
871,3521,286.77734,931,3022.418,3.9916387,5,42.986462,1.2080858652269022,1.0189623771245901,2342.1300877833455,0.95536596,0.79313123,0.0,True,1.1322698936588316,0.951213032987213
872,4755,252.03123,931,3439.1016,2.9981375,4,86.375999,1.0617985346139787,1.039701770079336,2134.0423051439984,0.91533548,0.95392632,0.0,True,1.0178596182297852,1.0139691350555353
873,0,163.43021,931,5303.5547,1.9999692,2,74.544563,0.6886662833459841,0.0,113.28118927981977,0.76471013,0.0,0.0,True,0.7114794373421889,0.0
874,35722,343.23132,931,2525.2969,2.9883842,5,111.58239,1.4457172152341173,1.3379894096992702,3598.2923189711546,1.0148723,1.1031294,0.0,True,1.316463740663882,1.2675314067894892
875,16645,372.2869,931,2328.207,3.0177786,5,72.999741,1.567996592722371,1.2535140484341205,3618.6231950080537,1.0508595,1.1452904,0.0,True,1.4128554649056597,1.2210469539038842
876,7295,265.82315,931,3260.668,3.8689384,6,72.400734,1.1198677390215055,1.0994331497012146,2364.555023875116,0.92438412,0.94619644,0.0,True,1.061222653315054,1.0534621367908503
877,32975,343.22815,931,2525.3203,2.0036347,4,31.802492,1.44570382960079,1.3277757622907223,3570.796583818059,1.0148723,1.0898782,0.0,True,1.3164543707205532,1.2564064936035055
878,28824,343.22815,931,2525.3203,2.0067997,4,19.206272,1.44570382960079,1.3106051653012876,3524.6212114558757,1.0148723,1.0688933,0.0,True,1.3164543707205532,1.2380916057109013
879,12546,369.94135,931,2342.9688,4.0265398,6,100.6554,1.5581259061262636,1.216067668287062,3491.2536320281206,1.1257679,1.1190104,0.0,True,1.4284185042883846,1.1869504878009434
880,3328,309.83414,931,2797.5,2.0140696,4,93.848213,1.305146146218188,1.0217792536874262,2512.9803054451795,1.1133691,1.104051,0.0,True,1.2476130323527315,1.0464607775811983
881,3553,285.00595,931,3041.2031,4.0159707,6,79.542366,1.2006285864843582,1.019303662623514,2330.2400953941788,1.0073838,1.0469333,0.0,True,1.1426551505390508,1.0275925538364596
882,0,231.91754,931,3737.3672,2.0031776,2,51.542179,0.977105601273343,0.0,160.75298897339835,,,,False,0.977105601273343,0.0
883,0,309.8363,931,2797.4805,0.99655598,2,59.010323,1.3051552373155724,0.0,214.76215778012536,1.1133693,1.0972995,6.260350390057972,True,1.2476194561209006,0.32918985000000006
884,0,284.67065,931,3044.7852,1.9844694,3,70.219696,1.1992170095672703,0.0,197.318658435667,1.0077713,1.0524853,6.470851372145914,True,1.1417832966970891,0.3157455900000001
885,2486,286.44638,931,3025.9102,4.0049148,6,112.02092,1.2066925354450133,0.9754083397134606,2239.7914036792076,0.95479888,0.91122502,0.0,True,1.1311244388115094,0.9561533437994224
886,7125,285.32004,931,3037.8555,4.0112987,6,80.263596,1.2019507625733583,1.1061873335115906,2531.258296717461,1.0069973,1.0407743,0.0,True,1.143464723801351,1.0865634234581134
887,945,286.43677,931,3026.0117,4.0022383,5,45.976521,1.20665208669366,0.8548215676857756,1963.0368560961494,0.95479816,0.91016346,0.0,True,1.131095908685562,0.8714241353800429
888,0,227.34552,931,3812.5273,2.0456583,3,193.41747,0.9578530572681488,0.0,157.58390620093465,0.91935194,0.64553529,6.836591602542757,True,0.9463027220877042,0.19366058700000002
889,1415,246.60124,931,3514.8281,4.0911241,6,119.50713,1.0389352372206697,0.8885559063028997,1789.411897116299,0.92096883,0.92077094,0.0,True,1.0035453150544689,0.8982204164120298
890,7660,317.49805,931,2729.9727,3.0336432,5,121.50808,1.3374059837193166,1.130258270260394,2839.7115524150045,1.0551353,1.1607844,0.0,True,1.2527247786035216,1.1394161091822759
891,0,227.44876,931,3810.7969,2.0066359,3,162.92561,0.9582877693636966,0.0,157.65546671585565,,,,False,0.9582877693636966,0.0
892,9329,317.5835,931,2729.2383,4.1952229,6,110.65771,1.3377655975085796,1.155204477211842,2903.061728120483,0.9938699,0.99547678,0.0,True,1.2345968882560057,1.1072861680482893
893,0,227.73378,931,3806.0273,2.0179348,3,118.69603,0.9594880363220656,0.0,157.85302752525885,,,,False,0.9594880363220656,0.0
894,6553,313.31747,931,2766.3984,4.1002464,6,46.183876,1.3198088238809187,1.1086807409979036,2753.428724098703,0.99629259,0.99226707,0.0,True,1.2227539537166432,1.0737566396985325
895,3207,297.21289,931,2916.2969,3.8905203,6,99.548065,1.252016762358147,1.0118189912519409,2399.6120615195737,1.0040482,0.92500126,0.0,True,1.1776261936507029,0.9857736718763586
896,12973,327.06949,931,2650.082,4.1321211,6,197.39053,1.3776936898398382,1.2013356947631313,3097.603089009058,1.0002648,1.0002482,0.0,True,1.2644650228878866,1.1410094463341918
897,4766,318.85355,931,2718.3672,4.0180836,6,86.291824,1.3431115609458226,1.0708800852986649,2700.588239630243,1.0520749,1.0192814,0.0,True,1.2558005626620758,1.0554004797090653
898,4256,298.15659,931,2907.0664,4.1269555,6,218.01758,1.255989425452034,1.0476920850462572,2491.5618968683702,1.009202,0.99493182,0.0,True,1.1819531978164237,1.03186400553238
899,0,296.63477,931,2921.9805,2.1210742,3,41.347672,1.2495831064324188,0.0,205.61155448154784,,,,False,1.2495831064324188,0.0
900,0,297.08475,931,2917.5547,2.0245111,3,124.8451,1.2514773695926358,0.0,205.9234568498562,,,,False,1.2514773695926358,0.0
901,0,319.55933,931,2712.3633,1.975489,3,57.726994,1.346082389316794,0.0,221.50164861112512,,,,False,1.346082389316794,0.0
902,0,282.55908,931,3067.5391,0.93322498,2,100.17299,1.1903274456864932,0.0,195.85502964361203,,,,False,1.1903274456864932,0.0
903,0,312.92114,931,2769.9023,2.0130947,3,24.770128,1.3181404829231598,0.0,216.9004059286039,,,,False,1.3181404829231598,0.0
904,0,251.42325,931,3447.418,1.9138768,3,14.63889,1.0592385835343288,0.0,174.27331686471825,,,,False,1.0592385835343288,0.0
905,0,317.68079,931,2728.4023,1.9869053,3,6.1244245,1.3381751972366187,0.0,220.19954390655607,,,,False,1.3381751972366187,0.0
906,0,227.15514,931,3815.7227,2.02369,3,63.731758,0.9570513427645799,0.0,157.45194484069964,,,,False,0.9570513427645799,0.0
907,0,310.04541,931,2795.5938,2.5740521,3,50.752495,1.3060354352865013,0.0,214.90710178705226,,,,False,1.3060354352865013,0.0
908,22775,342.7547,931,2528.8086,3.0219018,5,115.34925,1.443711166596248,1.280319072030421,3439.031521961177,1.0137661,1.0622084,0.0,True,1.3147276466173738,1.2148858704212948
909,0,250.73401,931,3456.8945,1.9959952,2,57.35408,1.0563365365257071,0.0,173.79557210198914,,,,False,1.0563365365257071,0.0
910,5014,325.13571,931,2665.8438,4.0370126,6,99.806686,1.3695541831713751,1.0799538655173448,2770.2824286182968,1.0665911,1.072147,0.0,True,1.2786652582199625,1.0776118058621413
911,0,298.07968,931,2907.8164,2.0315316,3,95.681435,1.2556656964122606,0.0,206.61308977421072,,,,False,1.2556656964122606,0.0
912,0,323.69052,931,2677.7461,2.0010571,3,47.235092,1.3634712021179236,0.0,224.36517131198258,,,,False,1.3634712021179236,0.0
913,27438,343.23984,931,2525.2344,3.0007854,5,41.606983,1.445752968675093,1.3043216373937023,3507.8277856095674,1.0148724,1.0549589,0.0,True,1.316488798072565,1.2295128161755917
914,22776,342.79175,931,2528.5352,4.1527987,6,42.637371,1.443867145708077,1.2803423180042828,3439.4183129556927,1.0145005,1.0471783,0.0,True,1.315057151995654,1.2103931126029979
915,4763,299.39648,931,2895.0273,3.985467,6,169.52664,1.2612089076060198,1.0623520771676653,2535.604602070925,1.0105339,0.95614606,0.0,True,1.1860064053242139,1.0304902720173659
916,2129,253.47826,931,3419.4688,4.0005164,5,101.39005,1.0678912624711987,0.9417260581806711,1942.7452483412176,0.91761518,0.88090438,0.0,True,1.022808437729839,0.9234795547264698
917,9491,372.2413,931,2328.4922,3.9988916,6,101.57754,1.567804705090975,1.1810540482377154,3409.1012067583138,1.05086,1.1442254,0.0,True,1.4127212935636824,1.1700054537664009
918,1992,264.93604,931,3271.5859,4.1939964,6,102.32281,1.116132812136629,0.9386516373677245,2012.9569953353573,0.92332721,0.78570789,0.0,True,1.0582911314956402,0.8927685131574072
919,6818,299.03455,931,2898.5312,4.0177307,6,162.99872,1.2596853418911051,1.107171063857638,2639.7618045900567,1.0097798,1.0106913,0.0,True,1.1847136793237736,1.0782271347003465
920,7037,367.90005,931,2355.9688,3.010983,5,98.656166,1.5495356157120557,1.1407548674014631,3259.3079936695012,1.1236916,1.0886457,0.0,True,1.421782410998439,1.1251221171810242
921,7087,299.03494,931,2898.5273,4.0081229,6,42.315655,1.2596870356427319,1.1120239303034447,2651.3333586974813,1.0097799,1.0080251,0.0,True,1.1847148949499122,1.0808242812124114
922,6224,299.15631,931,2897.3516,3.9536924,6,42.652454,1.260197844351757,1.0957959376772854,2613.5759165999198,1.0097845,1.0050892,0.0,True,1.1850738410462298,1.0685839163740998
923,1285,253.51331,931,3418.9961,4.0111456,6,98.333031,1.0680388195525325,0.8797382775115178,1815.1728446467712,0.91761363,0.86326998,0.0,True,1.022911262686773,0.8747977882580624
924,5578,371.67828,931,2332.0195,4.0101395,6,98.400566,1.5654353514774908,1.1123020263046188,3206.4477281581367,1.0504647,1.1422889,0.0,True,1.4109441560342435,1.121298088413233
925,4591,282.78558,931,3065.082,4.0097342,5,161.03036,1.1912810405257563,1.0502270142594912,2384.5296463245063,1.0118605,1.016609,0.0,True,1.1374548783680294,1.0401416099816438
926,397,265.01895,931,3270.5625,4.0930767,5,98.93029,1.116481850640841,0.7396494474819287,1587.1882662946641,0.92563963,0.70860404,0.0,True,1.0592291844485886,0.7303358252373501
927,4477,282.78632,931,3065.0742,3.993619,6,42.045471,1.1912840701205785,1.04709622832652,2377.4284484978452,1.0118605,1.0231482,0.0,True,1.137456999084405,1.039911819828564
928,0,367.29959,931,2359.8203,1.0078802,2,2.4725933,1.5470087357356601,0.0,254.5926752293239,,,,False,1.5470087357356601,0.0
929,4481,282.49216,931,3068.2656,3.0045981,5,42.809765,1.1900457850740396,1.0470718489613757,2375.2075686295975,1.0118585,1.021149,0.0,True,1.1365895995518276,1.039294994272963
930,0,253.03284,931,3425.4883,2.0151212,3,17.373106,1.0660157866440616,0.0,175.38899963507575,0.91764128,0.0,10.767295231610618,True,1.0215034346508431,0.0
931,1372,282.16742,931,3071.7969,2.0700822,4,11.622577,1.1886786131958873,0.8996088515901776,2038.7954654327802,1.0117794,1.0171448,0.0,True,1.135608849237121,0.9348696361131243
932,0,216.84612,931,3997.125,1.9942877,2,14.546074,0.9136390176195586,0.0,150.30627669336357,1.0117794,1.0171448,9.360445209863908,True,0.9430811323336911,0.30514344000000004
933,0,371.67642,931,2332.0312,2.0042255,3,16.893623,1.5654275042843546,0.0,257.6264626036141,,,,False,1.5654275042843546,0.0

metric,value
avg_local_nain,1.155154
avg_local_nach,0.866048
avg_citywide_nain,0.992935
avg_citywide_nach,0.821245
avg_blended_nain,1.108583
avg_blended_nach,0.841792
avg_segment_length,82.7674
blended_nain_nach_pearson_r,0.616766
blended_nain_nach_p_value,5.6254e-99
pct_citywide_matched,95.61
