  0
SECTION
  2
HEADER
  9
$ACADVER
  1
AC1015
  9
$ACADMAINTVER
 70
6
  9
$DWGCODEPAGE
  3
ANSI_1252
  9
$INSBASE
 10
0.0
 20
0.0
 30
0.0
  9
$EXTMIN
 10
1e+20
 20
1e+20
 30
1e+20
  9
$EXTMAX
 10
-1e+20
 20
-1e+20
 30
-1e+20
  9
$LIMMIN
 10
0.0
 20
0.0
  9
$LIMMAX
 10
420.0
 20
297.0
  9
$ORTHOMODE
 70
0
  9
$REGENMODE
 70
1
  9
$FILLMODE
 70
1
  9
$QTEXTMODE
 70
0
  9
$MIRRTEXT
 70
1
  9
$LTSCALE
 40
1.0
  9
$ATTMODE
 70
1
  9
$TEXTSIZE
 40
2.5
  9
$TRACEWID
 40
1.0
  9
$TEXTSTYLE
  7
Standard
  9
$CLAYER
  8
0
  9
$CELTYPE
  6
ByLayer
  9
$CECOLOR
 62
256
  9
$CELTSCALE
 40
1.0
  9
$DISPSILH
 70
0
  9
$DIMSCALE
 40
1.0
  9
$DIMASZ
 40
2.5
  9
$DIMEXO
 40
0.625
  9
$DIMDLI
 40
3.75
  9
$DIMRND
 40
0.0
  9
$DIMDLE
 40
0.0
  9
$DIMEXE
 40
1.25
  9
$DIMTP
 40
0.0
  9
$DIMTM
 40
0.0
  9
$DIMTXT
 40
2.5
  9
$DIMCEN
 40
2.5
  9
$DIMTSZ
 40
0.0
  9
$DIMTOL
 70
0
  9
$DIMLIM
 70
0
  9
$DIMTIH
 70
0
  9
$DIMTOH
 70
0
  9
$DIMSE1
 70
0
  9
$DIMSE2
 70
0
  9
$DIMTAD
 70
1
  9
$DIMZIN
 70
8
  9
$DIMBLK
  1

  9
$DIMASO
 70
1
  9
$DIMSHO
 70
1
  9
$DIMPOST
  1

  9
$DIMAPOST
  1

  9
$DIMALT
 70
0
  9
$DIMALTD
 70
3
  9
$DIMALTF
 40
0.03937007874
  9
$DIMLFAC
 40
1.0
  9
$DIMTOFL
 70
1
  9
$DIMTVP
 40
0.0
  9
$DIMTIX
 70
0
  9
$DIMSOXD
 70
0
  9
$DIMSAH
 70
0
  9
$DIMBLK1
  1

  9
$DIMBLK2
  1

  9
$DIMSTYLE
  2
ISO-25
  9
$DIMCLRD
 70
0
  9
$DIMCLRE
 70
0
  9
$DIMCLRT
 70
0
  9
$DIMTFAC
 40
1.0
  9
$DIMGAP
 40
0.625
  9
$DIMJUST
 70
0
  9
$DIMSD1
 70
0
  9
$DIMSD2
 70
0
  9
$DIMTOLJ
 70
0
  9
$DIMTZIN
 70
8
  9
$DIMALTZ
 70
0
  9
$DIMALTTZ
 70
0
  9
$DIMUPT
 70
0
  9
$DIMDEC
 70
2
  9
$DIMTDEC
 70
2
  9
$DIMALTU
 70
2
  9
$DIMALTTD
 70
3
  9
$DIMTXSTY
  7
Standard
  9
$DIMAUNIT
 70
0
  9
$DIMADEC
 70
0
  9
$DIMALTRND
 40
0.0
  9
$DIMAZIN
 70
0
  9
$DIMDSEP
 70
44
  9
$DIMATFIT
 70
3
  9
$DIMFRAC
 70
0
  9
$DIMLDRBLK
  1

  9
$DIMLUNIT
 70
2
  9
$DIMLWD
 70
-2
  9
$DIMLWE
 70
-2
  9
$DIMTMOVE
 70
0
  9
$LUNITS
 70
2
  9
$LUPREC
 70
4
  9
$SKETCHINC
 40
1.0
  9
$FILLETRAD
 40
10.0
  9
$AUNITS
 70
0
  9
$AUPREC
 70
2
  9
$MENU
  1
.
  9
$ELEVATION
 40
0.0
  9
$PELEVATION
 40
0.0
  9
$THICKNESS
 40
0.0
  9
$LIMCHECK
 70
0
  9
$CHAMFERA
 40
0.0
  9
$CHAMFERB
 40
0.0
  9
$CHAMFERC
 40
0.0
  9
$CHAMFERD
 40
0.0
  9
$SKPOLY
 70
0
  9
$TDCREATE
 40
2461252.485138889
  9
$TDUCREATE
 40
2458532.153996898
  9
$TDUPDATE
 40
2461252.485150463
  9
$TDUUPDATE
 40
2458532.1544311
  9
$TDINDWG
 40
0.0
  9
$TDUSRTIMER
 40
0.0
  9
$USRTIMER
 70
1
  9
$ANGBASE
 50
0.0
  9
$ANGDIR
 70
0
  9
$PDMODE
 70
0
  9
$PDSIZE
 40
0.0
  9
$PLINEWID
 40
0.0
  9
$SPLFRAME
 70
0
  9
$SPLINETYPE
 70
6
  9
$SPLINESEGS
 70
8
  9
$HANDSEED
  5
6B5
  9
$SURFTAB1
 70
6
  9
$SURFTAB2
 70
6
  9
$SURFTYPE
 70
6
  9
$SURFU
 70
6
  9
$SURFV
 70
6
  9
$UCSBASE
  2

  9
$UCSNAME
  2

  9
$UCSORG
 10
0.0
 20
0.0
 30
0.0
  9
$UCSXDIR
 10
1.0
 20
0.0
 30
0.0
  9
$UCSYDIR
 10
0.0
 20
1.0
 30
0.0
  9
$UCSORTHOREF
  2

  9
$UCSORTHOVIEW
 70
0
  9
$UCSORGTOP
 10
0.0
 20
0.0
 30
0.0
  9
$UCSORGBOTTOM
 10
0.0
 20
0.0
 30
0.0
  9
$UCSORGLEFT
 10
0.0
 20
0.0
 30
0.0
  9
$UCSORGRIGHT
 10
0.0
 20
0.0
 30
0.0
  9
$UCSORGFRONT
 10
0.0
 20
0.0
 30
0.0
  9
$UCSORGBACK
 10
0.0
 20
0.0
 30
0.0
  9
$PUCSBASE
  2

  9
$PUCSNAME
  2

  9
$PUCSORG
 10
0.0
 20
0.0
 30
0.0
  9
$PUCSXDIR
 10
1.0
 20
0.0
 30
0.0
  9
$PUCSYDIR
 10
0.0
 20
1.0
 30
0.0
  9
$PUCSORTHOREF
  2

  9
$PUCSORTHOVIEW
 70
0
  9
$PUCSORGTOP
 10
0.0
 20
0.0
 30
0.0
  9
$PUCSORGBOTTOM
 10
0.0
 20
0.0
 30
0.0
  9
$PUCSORGLEFT
 10
0.0
 20
0.0
 30
0.0
  9
$PUCSORGRIGHT
 10
0.0
 20
0.0
 30
0.0
  9
$PUCSORGFRONT
 10
0.0
 20
0.0
 30
0.0
  9
$PUCSORGBACK
 10
0.0
 20
0.0
 30
0.0
  9
$USERI1
 70
0
  9
$USERI2
 70
0
  9
$USERI3
 70
0
  9
$USERI4
 70
0
  9
$USERI5
 70
0
  9
$USERR1
 40
0.0
  9
$USERR2
 40
0.0
  9
$USERR3
 40
0.0
  9
$USERR4
 40
0.0
  9
$USERR5
 40
0.0
  9
$WORLDVIEW
 70
1
  9
$SHADEDGE
 70
3
  9
$SHADEDIF
 70
70
  9
$TILEMODE
 70
1
  9
$MAXACTVP
 70
64
  9
$PINSBASE
 10
0.0
 20
0.0
 30
0.0
  9
$PLIMCHECK
 70
0
  9
$PEXTMIN
 10
1e+20
 20
1e+20
 30
1e+20
  9
$PEXTMAX
 10
-1e+20
 20
-1e+20
 30
-1e+20
  9
$PLIMMIN
 10
0.0
 20
0.0
  9
$PLIMMAX
 10
420.0
 20
297.0
  9
$UNITMODE
 70
0
  9
$VISRETAIN
 70
1
  9
$PLINEGEN
 70
0
  9
$PSLTSCALE
 70
1
  9
$TREEDEPTH
 70
3020
  9
$CMLSTYLE
  2
Standard
  9
$CMLJUST
 70
0
  9
$CMLSCALE
 40
20.0
  9
$PROXYGRAPHICS
 70
1
  9
$MEASUREMENT
 70
1
  9
$CELWEIGHT
370
-1
  9
$ENDCAPS
280
0
  9
$JOINSTYLE
280
0
  9
$LWDISPLAY
290
0
  9
$INSUNITS
 70
6
  9
$HYPERLINKBASE
  1

  9
$STYLESHEET
  1

  9
$XEDIT
290
1
  9
$CEPSNTYPE
380
0
  9
$PSTYLEMODE
290
1
  9
$FINGERPRINTGUID
  2
{0C611635-2065-4A89-ADE7-BC4BDF145FAB}
  9
$VERSIONGUID
  2
{98C0A3A6-1AE4-4630-88E2-64E7E0E754E1}
  9
$EXTNAMES
290
1
  9
$PSVPSCALE
 40
0.0
  9
$OLESTARTUP
290
0
  0
ENDSEC
  0
SECTION
  2
CLASSES
  0
CLASS
  1
ACDBDICTIONARYWDFLT
  2
AcDbDictionaryWithDefault
  3
ObjectDBX Classes
 90
0
280
0
281
0
  0
CLASS
  1
SUN
  2
AcDbSun
  3
SCENEOE
 90
1153
280
0
281
0
  0
CLASS
  1
VISUALSTYLE
  2
AcDbVisualStyle
  3
ObjectDBX Classes
 90
4095
280
0
281
0
  0
CLASS
  1
MATERIAL
  2
AcDbMaterial
  3
ObjectDBX Classes
 90
1153
280
0
281
0
  0
CLASS
  1
SCALE
  2
AcDbScale
  3
ObjectDBX Classes
 90
1153
280
0
281
0
  0
CLASS
  1
TABLESTYLE
  2
AcDbTableStyle
  3
ObjectDBX Classes
 90
4095
280
0
281
0
  0
CLASS
  1
MLEADERSTYLE
  2
AcDbMLeaderStyle
  3
ACDB_MLEADERSTYLE_CLASS
 90
4095
280
0
281
0
  0
CLASS
  1
DICTIONARYVAR
  2
AcDbDictionaryVar
  3
ObjectDBX Classes
 90
0
280
0
281
0
  0
CLASS
  1
CELLSTYLEMAP
  2
AcDbCellStyleMap
  3
ObjectDBX Classes
 90
1152
280
0
281
0
  0
CLASS
  1
MENTALRAYRENDERSETTINGS
  2
AcDbMentalRayRenderSettings
  3
SCENEOE
 90
1024
280
0
281
0
  0
CLASS
  1
ACDBDETAILVIEWSTYLE
  2
AcDbDetailViewStyle
  3
ObjectDBX Classes
 90
1025
280
0
281
0
  0
CLASS
  1
ACDBSECTIONVIEWSTYLE
  2
AcDbSectionViewStyle
  3
ObjectDBX Classes
 90
1025
280
0
281
0
  0
CLASS
  1
RASTERVARIABLES
  2
AcDbRasterVariables
  3
ISM
 90
0
280
0
281
0
  0
CLASS
  1
ACDBPLACEHOLDER
  2
AcDbPlaceHolder
  3
ObjectDBX Classes
 90
0
280
0
281
0
  0
CLASS
  1
LAYOUT
  2
AcDbLayout
  3
ObjectDBX Classes
 90
0
280
0
281
0
  0
ENDSEC
  0
SECTION
  2
TABLES
  0
TABLE
  2
VPORT
  5
8
330
0
100
AcDbSymbolTable
 70
1
  0
VPORT
  5
23
330
8
100
AcDbSymbolTableRecord
100
AcDbViewportTableRecord
  2
*Active
 70
0
 10
0.0
 20
0.0
 11
1.0
 21
1.0
 12
0.0
 22
0.0
 13
0.0
 23
0.0
 14
0.5
 24
0.5
 15
0.5
 25
0.5
 16
0.0
 26
0.0
 36
1.0
 17
0.0
 27
0.0
 37
0.0
 40
1000.0
 41
1.34
 42
50.0
 43
0.0
 44
0.0
 50
0.0
 51
0.0
 71
0
 72
1000
 73
1
 74
3
 75
0
 76
0
 77
0
 78
0
281
0
 65
0
146
0.0
  0
ENDTAB
  0
TABLE
  2
LTYPE
  5
2
330
0
100
AcDbSymbolTable
 70
3
  0
LTYPE
  5
24
330
2
100
AcDbSymbolTableRecord
100
AcDbLinetypeTableRecord
  2
ByBlock
 70
0
  3

 72
65
 73
0
 40
0.0
  0
LTYPE
  5
25
330
2
100
AcDbSymbolTableRecord
100
AcDbLinetypeTableRecord
  2
ByLayer
 70
0
  3

 72
65
 73
0
 40
0.0
  0
LTYPE
  5
26
330
2
100
AcDbSymbolTableRecord
100
AcDbLinetypeTableRecord
  2
Continuous
 70
0
  3

 72
65
 73
0
 40
0.0
  0
ENDTAB
  0
TABLE
  2
LAYER
  5
1
330
0
100
AcDbSymbolTable
 70
2
  0
LAYER
  5
27
330
1
100
AcDbSymbolTableRecord
100
AcDbLayerTableRecord
  2
0
 70
0
 62
7
  6
Continuous
370
-3
390
13
  0
LAYER
  5
28
330
1
100
AcDbSymbolTableRecord
100
AcDbLayerTableRecord
  2
Defpoints
 70
0
 62
7
  6
Continuous
290
0
370
-3
390
13
  0
ENDTAB
  0
TABLE
  2
STYLE
  5
5
330
0
100
AcDbSymbolTable
 70
1
  0
STYLE
  5
29
330
5
100
AcDbSymbolTableRecord
100
AcDbTextStyleTableRecord
  2
Standard
 70
0
 40
0.0
 41
1.0
 50
0.0
 71
0
 42
2.5
  3
txt
  4

  0
ENDTAB
  0
TABLE
  2
VIEW
  5
7
330
0
100
AcDbSymbolTable
 70
0
  0
ENDTAB
  0
TABLE
  2
UCS
  5
6
330
0
100
AcDbSymbolTable
 70
0
  0
ENDTAB
  0
TABLE
  2
APPID
  5
3
330
0
100
AcDbSymbolTable
 70
3
  0
APPID
  5
2A
330
3
100
AcDbSymbolTableRecord
100
AcDbRegAppTableRecord
  2
ACAD
 70
0
  0
APPID
  5
6B2
330
3
100
AcDbSymbolTableRecord
100
AcDbRegAppTableRecord
  2
HATCHBACKGROUNDCOLOR
 70
0
  0
APPID
  5
6B3
330
3
100
AcDbSymbolTableRecord
100
AcDbRegAppTableRecord
  2
EZDXF
 70
0
  0
ENDTAB
  0
TABLE
  2
DIMSTYLE
  5
4
330
0
100
AcDbSymbolTable
 70
1
100
AcDbDimStyleTable
  0
DIMSTYLE
105
2B
330
4
100
AcDbSymbolTableRecord
100
AcDbDimStyleTableRecord
  2
Standard
 70
0
  3

  4

 40
1.0
 41
2.5
 42
0.625
 43
3.75
 44
1.25
 45
0.0
 46
0.0
 47
0.0
 48
0.0
140
2.5
141
2.5
142
0.0
143
0.03937007874
144
1.0
145
0.0
146
1.0
147
0.625
148
0.0
 71
0
 72
0
 73
0
 74
0
 75
0
 76
0
 77
1
 78
8
 79
3
170
0
171
3
172
1
173
0
174
0
175
0
176
0
177
0
178
0
179
2
271
2
272
2
273
2
274
3
275
0
276
0
277
2
278
44
279
0
280
0
281
0
282
0
283
0
284
8
285
0
286
0
288
0
289
3
371
-2
372
-2
  0
ENDTAB
  0
TABLE
  2
BLOCK_RECORD
  5
9
330
0
100
AcDbSymbolTable
 70
2
  0
BLOCK_RECORD
  5
17
330
9
100
AcDbSymbolTableRecord
100
AcDbBlockTableRecord
  2
*Model_Space
340
1A
  0
BLOCK_RECORD
  5
1B
330
9
100
AcDbSymbolTableRecord
100
AcDbBlockTableRecord
  2
*Paper_Space
340
1E
  0
ENDTAB
  0
ENDSEC
  0
SECTION
  2
BLOCKS
  0
BLOCK
  5
18
330
17
100
AcDbEntity
  8
0
100
AcDbBlockBegin
  2
*Model_Space
 70
0
 10
0.0
 20
0.0
 30
0.0
  3
*Model_Space
  1

  0
ENDBLK
  5
19
330
17
100
AcDbEntity
  8
0
100
AcDbBlockEnd
  0
BLOCK
  5
1C
330
1B
100
AcDbEntity
  8
0
100
AcDbBlockBegin
  2
*Paper_Space
 70
0
 10
0.0
 20
0.0
 30
0.0
  3
*Paper_Space
  1

  0
ENDBLK
  5
1D
330
1B
100
AcDbEntity
  8
0
100
AcDbBlockEnd
  0
ENDSEC
  0
SECTION
  2
ENTITIES
  0
LWPOLYLINE
  5
2F
330
17
100
AcDbEntity
  8
ROADS
100
AcDbPolyline
 90
2
 70
0
 10
630849.2747995214
 20
4833454.252990793
 10
630836.1528194497
 20
4833497.454470029
  0
LWPOLYLINE
  5
30
330
17
100
AcDbEntity
  8
ROADS
100
AcDbPolyline
 90
2
 70
0
 10
630836.1528194497
 20
4833497.454470029
 10
630713.6570470078
 20
4833420.81845515
  0
LWPOLYLINE
  5
31
330
17
100
AcDbEntity
  8
ROADS
100
AcDbPolyline
 90
2
 70
0
 10
631033.5170928164
 20
4833513.762935645
 10
631023.7608640003
 20
4833541.646623917
  0
LWPOLYLINE
  5
32
330
17
100
AcDbEntity
  8
ROADS
100
AcDbPolyline
 90
3
 70
0
 10
631023.7608640003
 20
4833541.646623917
 10
631054.636317064
 20
4833629.617051111
 10
631135.0325729558
 20
4833681.942836695
  0
LWPOLYLINE
  5
33
330
17
100
AcDbEntity
  8
ROADS
100
AcDbPolyline
 90
2
 70
0
 10
631179.5266625971
 20
4833563.773874594
 10
631135.0325729558
 20
4833681.942836695
  0
LWPOLYLINE
  5
34
330
17
100
AcDbEntity
  8
ROADS
100
AcDbPolyline
 90
2
 70
0
 10
631023.7608640003
 20
4833541.646623917
 10
631004.8705734384
 20
4833504.510057991
  0
LWPOLYLINE
  5
35
330
17
100
AcDbEntity
  8
ROADS
100
AcDbPolyline
 90
2
 70
0
 10
630999.5365243115
 20
4833617.83608118
 10
630836.1528194497
 20
4833497.454470029
  0
LWPOLYLINE
  5
36
330
17
100
AcDbEntity
  8
ROADS
100
AcDbPolyline
 90
2
 70
0
 10
631023.7608640003
 20
4833541.646623917
 10
630999.5365243115
 20
4833617.83608118
  0
LWPOLYLINE
  5
37
330
17
100
AcDbEntity
  8
ROADS
100
AcDbPolyline
 90
2
 70
0
 10
630836.1528194497
 20
4833497.454470029
 10
630778.6639314466
 20
4833668.365426952
  0
LWPOLYLINE
  5
38
330
17
100
AcDbEntity
  8
ROADS
100
AcDbPolyline
 90
2
 70
0
 10
630999.5365243115
 20
4833617.83608118
 10
630964.1261923069
 20
4833725.813858114
  0
LWPOLYLINE
  5
39
330
17
100
AcDbEntity
  8
ROADS
100
AcDbPolyline
 90
2
 70
0
 10
630778.6639314466
 20
4833668.365426952
 10
630754.3037340095
 20
4833740.626413273
  0
LWPOLYLINE
  5
3A
330
17
100
AcDbEntity
  8
ROADS
100
AcDbPolyline
 90
2
 70
0
 10
630964.1261923069
 20
4833725.813858114
 10
630948.0227432481
 20
4833774.576887447
  0
LWPOLYLINE
  5
3B
330
17
100
AcDbEntity
  8
ROADS
100
AcDbPolyline
 90
2
 70
0
 10
630754.3037340095
 20
4833740.626413273
 10
630722.4505579548
 20
4833831.0042806035
  0
LWPOLYLINE
  5
3C
330
17
100
AcDbEntity
  8
ROADS
100
AcDbPolyline
 90
2
 70
0
 10
630948.0227432481
 20
4833774.576887447
 10
630935.1568564896
 20
4833812.587139582
  0
LWPOLYLINE
  5
3D
330
17
100
AcDbEntity
  8
ROADS
100
AcDbPolyline
 90
2
 70
0
 10
630935.1568564896
 20
4833812.587139582
 10
631033.884572225
 20
4833874.364946439
  0
LWPOLYLINE
  5
3E
330
17
100
AcDbEntity
  8
ROADS
100
AcDbPolyline
 90
2
 70
0
 10
631491.5494188368
 20
4833755.703251135
 10
631473.0070616278
 20
4833801.380234328
  0
LWPOLYLINE
  5
3F
330
17
100
AcDbEntity
  8
ROADS
100
AcDbPolyline
 90
2
 70
0
 10
631401.5658552744
 20
4833682.565567365
 10
631375.4527436256
 20
4833760.935660904
  0
LWPOLYLINE
  5
40
330
17
100
AcDbEntity
  8
ROADS
100
AcDbPolyline
 90
2
 70
0
 10
631375.4527436256
 20
4833760.935660904
 10
631473.0070616278
 20
4833801.380234328
  0
LWPOLYLINE
  5
41
330
17
100
AcDbEntity
  8
ROADS
100
AcDbPolyline
 90
2
 70
0
 10
631473.0070616278
 20
4833801.380234328
 10
631558.3915149613
 20
4833822.173852631
  0
LWPOLYLINE
  5
42
330
17
100
AcDbEntity
  8
ROADS
100
AcDbPolyline
 90
2
 70
0
 10
631309.1076117716
 20
4833623.344447347
 10
631274.0155982154
 20
4833730.648189437
  0
LWPOLYLINE
  5
43
330
17
100
AcDbEntity
  8
ROADS
100
AcDbPolyline
 90
2
 70
0
 10
631135.0325729558
 20
4833681.942836695
 10
631274.0155982154
 20
4833730.648189437
  0
LWPOLYLINE
  5
44
330
17
100
AcDbEntity
  8
ROADS
100
AcDbPolyline
 90
3
 70
0
 10
630999.5365243115
 20
4833617.83608118
 10
631093.4206251185
 20
4833681.438773526
 10
631473.0070616278
 20
4833801.380234328
  0
LWPOLYLINE
  5
45
330
17
100
AcDbEntity
  8
ROADS
100
AcDbPolyline
 90
2
 70
0
 10
631274.0155982154
 20
4833730.648189437
 10
631375.4527436256
 20
4833760.935660904
  0
LWPOLYLINE
  5
46
330
17
100
AcDbEntity
  8
ROADS
100
AcDbPolyline
 90
2
 70
0
 10
631033.884572225
 20
4833874.364946439
 10
631013.4880253219
 20
4833935.010759329
  0
LWPOLYLINE
  5
47
330
17
100
AcDbEntity
  8
ROADS
100
AcDbPolyline
 90
2
 70
0
 10
631033.884572225
 20
4833874.364946439
 10
631191.7797967051
 20
4833981.174450274
  0
LWPOLYLINE
  5
48
330
17
100
AcDbEntity
  8
ROADS
100
AcDbPolyline
 90
3
 70
0
 10
631191.7797967051
 20
4833981.174450274
 10
631214.2504233462
 20
4833918.818466483
 10
631355.0350093106
 20
4833953.0589153245
  0
LWPOLYLINE
  5
49
330
17
100
AcDbEntity
  8
ROADS
100
AcDbPolyline
 90
2
 70
0
 10
631013.4880253219
 20
4833935.010759329
 10
631128.8670855948
 20
4834015.206915667
  0
LWPOLYLINE
  5
4A
330
17
100
AcDbEntity
  8
ROADS
100
AcDbPolyline
 90
2
 70
0
 10
631355.0350093106
 20
4833953.0589153245
 10
631330.9146799815
 20
4834027.065471308
  0
LWPOLYLINE
  5
4B
330
17
100
AcDbEntity
  8
ROADS
100
AcDbPolyline
 90
2
 70
0
 10
631191.7797967051
 20
4833981.174450274
 10
631233.3331240017
 20
4834008.548475286
  0
LWPOLYLINE
  5
4C
330
17
100
AcDbEntity
  8
ROADS
100
AcDbPolyline
 90
2
 70
0
 10
630935.1568564896
 20
4833812.587139582
 10
630894.7595478168
 20
4833934.11489973
  0
LWPOLYLINE
  5
4D
330
17
100
AcDbEntity
  8
ROADS
100
AcDbPolyline
 90
3
 70
0
 10
630894.7595478168
 20
4833934.11489973
 10
630825.0344387237
 20
4833865.727782525
 10
630722.4505579548
 20
4833831.0042806035
  0
LWPOLYLINE
  5
4E
330
17
100
AcDbEntity
  8
ROADS
100
AcDbPolyline
 90
2
 70
0
 10
630722.4505579548
 20
4833831.0042806035
 10
630673.4655309081
 20
4833979.705715137
  0
LWPOLYLINE
  5
4F
330
17
100
AcDbEntity
  8
ROADS
100
AcDbPolyline
 90
2
 70
0
 10
630894.7595478168
 20
4833934.11489973
 10
630991.158972553
 20
4833999.991955289
  0
LWPOLYLINE
  5
50
330
17
100
AcDbEntity
  8
ROADS
100
AcDbPolyline
 90
2
 70
0
 10
631013.4880253219
 20
4833935.010759329
 10
630991.158972553
 20
4833999.991955289
  0
LWPOLYLINE
  5
51
330
17
100
AcDbEntity
  8
ROADS
100
AcDbPolyline
 90
2
 70
0
 10
630894.7595478168
 20
4833934.11489973
 10
630863.4902197089
 20
4834038.747376656
  0
LWPOLYLINE
  5
52
330
17
100
AcDbEntity
  8
ROADS
100
AcDbPolyline
 90
2
 70
0
 10
630820.5433892711
 20
4834024.622154075
 10
630673.4655309081
 20
4833979.705715137
  0
LWPOLYLINE
  5
53
330
17
100
AcDbEntity
  8
ROADS
100
AcDbPolyline
 90
2
 70
0
 10
630863.4902197089
 20
4834038.747376656
 10
630820.5433892711
 20
4834024.622154075
  0
LWPOLYLINE
  5
54
330
17
100
AcDbEntity
  8
ROADS
100
AcDbPolyline
 90
2
 70
0
 10
630991.158972553
 20
4833999.991955289
 10
631028.007539427
 20
4834070.268077716
  0
LWPOLYLINE
  5
55
330
17
100
AcDbEntity
  8
ROADS
100
AcDbPolyline
 90
2
 70
0
 10
630991.158972553
 20
4833999.991955289
 10
630967.4462371652
 20
4834073.746775748
  0
LWPOLYLINE
  5
56
330
17
100
AcDbEntity
  8
ROADS
100
AcDbPolyline
 90
2
 70
0
 10
631473.0070616278
 20
4833801.380234328
 10
631442.6098882337
 20
4833894.830333702
  0
LWPOLYLINE
  5
57
330
17
100
AcDbEntity
  8
ROADS
100
AcDbPolyline
 90
2
 70
0
 10
631473.0070616278
 20
4833801.380234328
 10
631567.5205224487
 20
4833832.643627828
  0
LWPOLYLINE
  5
58
330
17
100
AcDbEntity
  8
ROADS
100
AcDbPolyline
 90
2
 70
0
 10
631358.9855328174
 20
4833940.873409393
 10
631355.0350093106
 20
4833953.0589153245
  0
LWPOLYLINE
  5
59
330
17
100
AcDbEntity
  8
ROADS
100
AcDbPolyline
 90
2
 70
0
 10
631442.6098882337
 20
4833894.830333702
 10
631392.2805515439
 20
4834049.567232168
  0
LWPOLYLINE
  5
5A
330
17
100
AcDbEntity
  8
ROADS
100
AcDbPolyline
 90
2
 70
0
 10
631522.1490985693
 20
4833976.593951946
 10
631573.1129397883
 20
4833991.642158982
  0
LWPOLYLINE
  5
5B
330
17
100
AcDbEntity
  8
ROADS
100
AcDbPolyline
 90
4
 70
0
 10
631501.9588136919
 20
4834043.0055057965
 10
631454.9253762963
 20
4834018.352113972
 10
631475.1445343838
 20
4833962.93040931
 10
631522.1490985693
 20
4833976.593951946
  0
LWPOLYLINE
  5
5C
330
17
100
AcDbEntity
  8
ROADS
100
AcDbPolyline
 90
2
 70
0
 10
631522.1490985693
 20
4833976.593951946
 10
631501.9588136919
 20
4834043.0055057965
  0
LWPOLYLINE
  5
5D
330
17
100
AcDbEntity
  8
ROADS
100
AcDbPolyline
 90
3
 70
0
 10
631573.1129397883
 20
4833991.642158982
 10
631553.0199770478
 20
4834060.332151496
 10
631501.9588136919
 20
4834043.0055057965
  0
LWPOLYLINE
  5
5E
330
17
100
AcDbEntity
  8
ROADS
100
AcDbPolyline
 90
2
 70
0
 10
631330.9146799815
 20
4834027.065471308
 10
631392.2805515439
 20
4834049.567232168
  0
LWPOLYLINE
  5
5F
330
17
100
AcDbEntity
  8
ROADS
100
AcDbPolyline
 90
3
 70
0
 10
631573.1129397883
 20
4833991.642158982
 10
631625.0590563519
 20
4834010.331396549
 10
631592.9259723919
 20
4834113.337362262
  0
LWPOLYLINE
  5
60
330
17
100
AcDbEntity
  8
ROADS
100
AcDbPolyline
 90
2
 70
0
 10
631717.5007835635
 20
4834054.825481318
 10
631670.1529194103
 20
4834189.51685791
  0
LWPOLYLINE
  5
61
330
17
100
AcDbEntity
  8
ROADS
100
AcDbPolyline
 90
2
 70
0
 10
630449.1735184933
 20
4833407.61005561
 10
630434.7745916093
 20
4833453.093159288
  0
LWPOLYLINE
  5
62
330
17
100
AcDbEntity
  8
ROADS
100
AcDbPolyline
 90
2
 70
0
 10
630566.8305051723
 20
4833404.687413609
 10
630540.3315231462
 20
4833485.886106764
  0
LWPOLYLINE
  5
63
330
17
100
AcDbEntity
  8
ROADS
100
AcDbPolyline
 90
2
 70
0
 10
630336.2178883585
 20
4833424.455152277
 10
630306.2587174709
 20
4833440.903790642
  0
LWPOLYLINE
  5
64
330
17
100
AcDbEntity
  8
ROADS
100
AcDbPolyline
 90
2
 70
0
 10
630297.642889002
 20
4833433.339230776
 10
630306.2587174709
 20
4833440.903790642
  0
LWPOLYLINE
  5
65
330
17
100
AcDbEntity
  8
ROADS
100
AcDbPolyline
 90
2
 70
0
 10
630272.1143990441
 20
4833445.546074695
 10
630286.8440932045
 20
4833435.826265155
  0
LWPOLYLINE
  5
66
330
17
100
AcDbEntity
  8
ROADS
100
AcDbPolyline
 90
2
 70
0
 10
630434.7745916093
 20
4833453.093159288
 10
630337.7413549887
 20
4833424.104287796
  0
LWPOLYLINE
  5
67
330
17
100
AcDbEntity
  8
ROADS
100
AcDbPolyline
 90
2
 70
0
 10
630272.1143990441
 20
4833445.546074695
 10
630283.4202735563
 20
4833446.26144183
  0
LWPOLYLINE
  5
68
330
17
100
AcDbEntity
  8
ROADS
100
AcDbPolyline
 90
2
 70
0
 10
630306.2587174709
 20
4833440.903790642
 10
630307.5278370634
 20
4833452.273533732
  0
LWPOLYLINE
  5
69
330
17
100
AcDbEntity
  8
ROADS
100
AcDbPolyline
 90
2
 70
0
 10
630337.069739111
 20
4833424.258965392
 10
630322.2352202436
 20
4833473.143805422
  0
LWPOLYLINE
  5
6A
330
17
100
AcDbEntity
  8
ROADS
100
AcDbPolyline
 90
2
 70
0
 10
630272.1143990441
 20
4833445.546074695
 10
630258.789649757
 20
4833453.060806747
  0
LWPOLYLINE
  5
6B
330
17
100
AcDbEntity
  8
ROADS
100
AcDbPolyline
 90
2
 70
0
 10
630272.1143990441
 20
4833445.546074695
 10
630289.1627611206
 20
4833466.343644348
  0
LWPOLYLINE
  5
6C
330
17
100
AcDbEntity
  8
ROADS
100
AcDbPolyline
 90
2
 70
0
 10
630307.5278370634
 20
4833452.273533732
 10
630289.1627611206
 20
4833466.343644348
  0
LWPOLYLINE
  5
6D
330
17
100
AcDbEntity
  8
ROADS
100
AcDbPolyline
 90
2
 70
0
 10
630291.0952926058
 20
4833456.416863658
 10
630289.1627611206
 20
4833466.343644348
  0
LWPOLYLINE
  5
6E
330
17
100
AcDbEntity
  8
ROADS
100
AcDbPolyline
 90
2
 70
0
 10
630307.5278370634
 20
4833452.273533732
 10
630322.2352202436
 20
4833473.143805422
  0
LWPOLYLINE
  5
6F
330
17
100
AcDbEntity
  8
ROADS
100
AcDbPolyline
 90
3
 70
0
 10
630710.5296589053
 20
4833420.296145246
 10
630641.0329200127
 20
4833517.9162706705
 10
630540.3315231462
 20
4833485.886106764
  0
LWPOLYLINE
  5
70
330
17
100
AcDbEntity
  8
ROADS
100
AcDbPolyline
 90
2
 70
0
 10
630540.3315231462
 20
4833485.886106764
 10
630434.7745916093
 20
4833453.093159288
  0
LWPOLYLINE
  5
71
330
17
100
AcDbEntity
  8
ROADS
100
AcDbPolyline
 90
2
 70
0
 10
630322.2352202436
 20
4833473.143805422
 10
630298.7304396651
 20
4833539.274730088
  0
LWPOLYLINE
  5
72
330
17
100
AcDbEntity
  8
ROADS
100
AcDbPolyline
 90
2
 70
0
 10
630540.3315231462
 20
4833485.886106764
 10
630508.004673727
 20
4833584.964002447
  0
LWPOLYLINE
  5
73
330
17
100
AcDbEntity
  8
ROADS
100
AcDbPolyline
 90
2
 70
0
 10
630298.7304396651
 20
4833539.274730088
 10
630284.4925769352
 20
4833581.6524325395
  0
LWPOLYLINE
  5
74
330
17
100
AcDbEntity
  8
ROADS
100
AcDbPolyline
 90
2
 70
0
 10
629912.741097529
 20
4833737.04395931
 10
629817.9657467254
 20
4833708.18871914
  0
LWPOLYLINE
  5
75
330
17
100
AcDbEntity
  8
ROADS
100
AcDbPolyline
 90
2
 70
0
 10
630284.4925769352
 20
4833581.6524325395
 10
630268.2270186085
 20
4833632.471085427
  0
LWPOLYLINE
  5
76
330
17
100
AcDbEntity
  8
ROADS
100
AcDbPolyline
 90
2
 70
0
 10
630508.004673727
 20
4833584.964002447
 10
630485.4200129645
 20
4833657.232024557
  0
LWPOLYLINE
  5
77
330
17
100
AcDbEntity
  8
ROADS
100
AcDbPolyline
 90
2
 70
0
 10
630268.2270186085
 20
4833632.471085427
 10
630250.8070766159
 20
4833685.630036945
  0
LWPOLYLINE
  5
78
330
17
100
AcDbEntity
  8
ROADS
100
AcDbPolyline
 90
2
 70
0
 10
630472.521065122
 20
4833696.077190595
 10
630268.2270186085
 20
4833632.471085427
  0
LWPOLYLINE
  5
79
330
17
100
AcDbEntity
  8
ROADS
100
AcDbPolyline
 90
2
 70
0
 10
630485.4200129645
 20
4833657.232024557
 10
630472.521065122
 20
4833696.077190595
  0
LWPOLYLINE
  5
7A
330
17
100
AcDbEntity
  8
ROADS
100
AcDbPolyline
 90
2
 70
0
 10
630332.8477647469
 20
4833710.869505934
 10
630250.8070766159
 20
4833685.630036945
  0
LWPOLYLINE
  5
7B
330
17
100
AcDbEntity
  8
ROADS
100
AcDbPolyline
 90
2
 70
0
 10
630378.2735895249
 20
4833723.895392028
 10
630332.8477647469
 20
4833710.869505934
  0
LWPOLYLINE
  5
7C
330
17
100
AcDbEntity
  8
ROADS
100
AcDbPolyline
 90
2
 70
0
 10
630472.521065122
 20
4833696.077190595
 10
630454.8958034159
 20
4833748.587914467
  0
LWPOLYLINE
  5
7D
330
17
100
AcDbEntity
  8
ROADS
100
AcDbPolyline
 90
2
 70
0
 10
630454.8958034159
 20
4833748.587914467
 10
630378.2735895249
 20
4833723.895392028
  0
LWPOLYLINE
  5
7E
330
17
100
AcDbEntity
  8
ROADS
100
AcDbPolyline
 90
2
 70
0
 10
630304.6814418227
 20
4833797.703641648
 10
630332.8477647469
 20
4833710.869505934
  0
LWPOLYLINE
  5
7F
330
17
100
AcDbEntity
  8
ROADS
100
AcDbPolyline
 90
2
 70
0
 10
629958.1931617755
 20
4833593.516343841
 10
629956.2882484378
 20
4833589.56798631
  0
LWPOLYLINE
  5
80
330
17
100
AcDbEntity
  8
ROADS
100
AcDbPolyline
 90
2
 70
0
 10
629958.1931617755
 20
4833593.516343841
 10
629953.0106387683
 20
4833591.899023082
  0
LWPOLYLINE
  5
81
330
17
100
AcDbEntity
  8
ROADS
100
AcDbPolyline
 90
2
 70
0
 10
630250.8070766159
 20
4833685.630036945
 10
629958.1931617755
 20
4833593.516343841
  0
LWPOLYLINE
  5
82
330
17
100
AcDbEntity
  8
ROADS
100
AcDbPolyline
 90
2
 70
0
 10
629958.1931617755
 20
4833593.516343841
 10
629912.741097529
 20
4833737.04395931
  0
LWPOLYLINE
  5
83
330
17
100
AcDbEntity
  8
ROADS
100
AcDbPolyline
 90
2
 70
0
 10
630250.8070766159
 20
4833685.630036945
 10
630206.7459023762
 20
4833829.330915879
  0
LWPOLYLINE
  5
84
330
17
100
AcDbEntity
  8
ROADS
100
AcDbPolyline
 90
2
 70
0
 10
629912.741097529
 20
4833737.04395931
 10
629889.9729915413
 20
4833809.225521614
  0
LWPOLYLINE
  5
85
330
17
100
AcDbEntity
  8
ROADS
100
AcDbPolyline
 90
2
 70
0
 10
630206.7459023762
 20
4833829.330915879
 10
629912.741097529
 20
4833737.04395931
  0
LWPOLYLINE
  5
86
330
17
100
AcDbEntity
  8
ROADS
100
AcDbPolyline
 90
2
 70
0
 10
629889.9729915413
 20
4833809.225521614
 10
629879.7852389928
 20
4833839.71552882
  0
LWPOLYLINE
  5
87
330
17
100
AcDbEntity
  8
ROADS
100
AcDbPolyline
 90
2
 70
0
 10
630262.6432140686
 20
4833847.570933353
 10
630206.7459023762
 20
4833829.330915879
  0
LWPOLYLINE
  5
88
330
17
100
AcDbEntity
  8
ROADS
100
AcDbPolyline
 90
2
 70
0
 10
630206.7459023762
 20
4833829.330915879
 10
630158.7244166533
 20
4833975.022322867
  0
LWPOLYLINE
  5
89
330
17
100
AcDbEntity
  8
ROADS
100
AcDbPolyline
 90
2
 70
0
 10
630378.2735895249
 20
4833723.895392028
 10
630356.1508640731
 20
4833791.464390985
  0
LWPOLYLINE
  5
8A
330
17
100
AcDbEntity
  8
ROADS
100
AcDbPolyline
 90
2
 70
0
 10
630454.8958034159
 20
4833748.587914467
 10
630356.1508640731
 20
4833791.464390985
  0
LWPOLYLINE
  5
8B
330
17
100
AcDbEntity
  8
ROADS
100
AcDbPolyline
 90
2
 70
0
 10
630454.8958034159
 20
4833748.587914467
 10
630431.3886542304
 20
4833823.865457739
  0
LWPOLYLINE
  5
8C
330
17
100
AcDbEntity
  8
ROADS
100
AcDbPolyline
 90
2
 70
0
 10
630722.4505579548
 20
4833831.0042806035
 10
630454.8958034159
 20
4833748.587914467
  0
LWPOLYLINE
  5
8D
330
17
100
AcDbEntity
  8
ROADS
100
AcDbPolyline
 90
2
 70
0
 10
630356.1508640731
 20
4833791.464390985
 10
630347.1261598818
 20
4833810.446641479
  0
LWPOLYLINE
  5
8E
330
17
100
AcDbEntity
  8
ROADS
100
AcDbPolyline
 90
2
 70
0
 10
630347.1261598818
 20
4833810.446641479
 10
630304.6814418227
 20
4833797.703641648
  0
LWPOLYLINE
  5
8F
330
17
100
AcDbEntity
  8
ROADS
100
AcDbPolyline
 90
2
 70
0
 10
630388.841305366
 20
4833824.104024239
 10
630347.1261598818
 20
4833810.446641479
  0
LWPOLYLINE
  5
90
330
17
100
AcDbEntity
  8
ROADS
100
AcDbPolyline
 90
3
 70
0
 10
630304.6814418227
 20
4833797.703641648
 10
630281.5027759736
 20
4833788.685599221
 10
630262.6432140686
 20
4833847.570933353
  0
LWPOLYLINE
  5
91
330
17
100
AcDbEntity
  8
ROADS
100
AcDbPolyline
 90
2
 70
0
 10
630388.841305366
 20
4833824.104024239
 10
630385.7108003359
 20
4833833.968650664
  0
LWPOLYLINE
  5
92
330
17
100
AcDbEntity
  8
ROADS
100
AcDbPolyline
 90
2
 70
0
 10
630431.3886542304
 20
4833823.865457739
 10
630427.4209094404
 20
4833836.008616897
  0
LWPOLYLINE
  5
93
330
17
100
AcDbEntity
  8
ROADS
100
AcDbPolyline
 90
2
 70
0
 10
629760.8190211616
 20
4833850.1141871065
 10
629710.3986658562
 20
4833833.063268766
  0
LWPOLYLINE
  5
94
330
17
100
AcDbEntity
  8
ROADS
100
AcDbPolyline
 90
2
 70
0
 10
629879.7852389928
 20
4833839.71552882
 10
629866.9814514986
 20
4833882.204091835
  0
LWPOLYLINE
  5
95
330
17
100
AcDbEntity
  8
ROADS
100
AcDbPolyline
 90
2
 70
0
 10
629866.9814514986
 20
4833882.204091835
 10
629760.8190211616
 20
4833850.1141871065
  0
LWPOLYLINE
  5
96
330
17
100
AcDbEntity
  8
ROADS
100
AcDbPolyline
 90
2
 70
0
 10
629760.8190211616
 20
4833850.1141871065
 10
629744.7325094232
 20
4833901.262006795
  0
LWPOLYLINE
  5
97
330
17
100
AcDbEntity
  8
ROADS
100
AcDbPolyline
 90
2
 70
0
 10
629695.9588457004
 20
4833884.18033319
 10
629674.5538238209
 20
4833877.666412797
  0
LWPOLYLINE
  5
98
330
17
100
AcDbEntity
  8
ROADS
100
AcDbPolyline
 90
2
 70
0
 10
629744.7325094232
 20
4833901.262006795
 10
629695.9588457004
 20
4833884.18033319
  0
LWPOLYLINE
  5
99
330
17
100
AcDbEntity
  8
ROADS
100
AcDbPolyline
 90
2
 70
0
 10
629866.9814514986
 20
4833882.204091835
 10
629849.2691878792
 20
4833934.714638837
  0
LWPOLYLINE
  5
9A
330
17
100
AcDbEntity
  8
ROADS
100
AcDbPolyline
 90
2
 70
0
 10
629796.8708999634
 20
4833917.763456059
 10
629744.7325094232
 20
4833901.262006795
  0
LWPOLYLINE
  5
9B
330
17
100
AcDbEntity
  8
ROADS
100
AcDbPolyline
 90
2
 70
0
 10
630427.4209094404
 20
4833836.008616897
 10
630388.841305366
 20
4833824.104024239
  0
LWPOLYLINE
  5
9C
330
17
100
AcDbEntity
  8
ROADS
100
AcDbPolyline
 90
2
 70
0
 10
630347.1261598818
 20
4833810.446641479
 10
630321.1657400117
 20
4833867.248504337
  0
LWPOLYLINE
  5
9D
330
17
100
AcDbEntity
  8
ROADS
100
AcDbPolyline
 90
2
 70
0
 10
630431.3886542304
 20
4833823.865457739
 10
630604.8766309989
 20
4833876.898690211
  0
LWPOLYLINE
  5
9E
330
17
100
AcDbEntity
  8
ROADS
100
AcDbPolyline
 90
2
 70
0
 10
630321.1657400117
 20
4833867.248504337
 10
630262.6432140686
 20
4833847.570933353
  0
LWPOLYLINE
  5
9F
330
17
100
AcDbEntity
  8
ROADS
100
AcDbPolyline
 90
2
 70
0
 10
630427.4209094404
 20
4833836.008616897
 10
630408.1324244344
 20
4833893.891150714
  0
LWPOLYLINE
  5
A0
330
17
100
AcDbEntity
  8
ROADS
100
AcDbPolyline
 90
2
 70
0
 10
630408.1324244344
 20
4833893.891150714
 10
630321.1657400117
 20
4833867.248504337
  0
LWPOLYLINE
  5
A1
330
17
100
AcDbEntity
  8
ROADS
100
AcDbPolyline
 90
2
 70
0
 10
630673.4655309081
 20
4833979.705715137
 10
630408.1324244344
 20
4833893.891150714
  0
LWPOLYLINE
  5
A2
330
17
100
AcDbEntity
  8
ROADS
100
AcDbPolyline
 90
2
 70
0
 10
630321.1657400117
 20
4833867.248504337
 10
630261.3873891701
 20
4834008.126128124
  0
LWPOLYLINE
  5
A3
330
17
100
AcDbEntity
  8
ROADS
100
AcDbPolyline
 90
2
 70
0
 10
630408.1324244344
 20
4833893.891150714
 10
630362.3146737047
 20
4834039.8794870265
  0
LWPOLYLINE
  5
A4
330
17
100
AcDbEntity
  8
ROADS
100
AcDbPolyline
 90
2
 70
0
 10
630362.3146737047
 20
4834039.8794870265
 10
630261.3873891701
 20
4834008.126128124
  0
LWPOLYLINE
  5
A5
330
17
100
AcDbEntity
  8
ROADS
100
AcDbPolyline
 90
3
 70
0
 10
629842.3634036158
 20
4833793.858011925
 10
629852.3610928811
 20
4833762.374502574
 10
629786.8619335066
 20
4833741.132957251
  0
LWPOLYLINE
  5
A6
330
17
100
AcDbEntity
  8
ROADS
100
AcDbPolyline
 90
2
 70
0
 10
629842.3634036158
 20
4833793.858011925
 10
629763.5494832823
 20
4833768.524996018
  0
LWPOLYLINE
  5
A7
330
17
100
AcDbEntity
  8
ROADS
100
AcDbPolyline
 90
2
 70
0
 10
629889.9729915413
 20
4833809.225521614
 10
629842.3634036158
 20
4833793.858011925
  0
LWPOLYLINE
  5
A8
330
17
100
AcDbEntity
  8
ROADS
100
AcDbPolyline
 90
2
 70
0
 10
629742.0738641607
 20
4833796.269838588
 10
629879.7852389928
 20
4833839.71552882
  0
LWPOLYLINE
  5
A9
330
17
100
AcDbEntity
  8
ROADS
100
AcDbPolyline
 90
2
 70
0
 10
629849.2691878792
 20
4833934.714638837
 10
629796.8708999634
 20
4833917.763456059
  0
LWPOLYLINE
  5
AA
330
17
100
AcDbEntity
  8
ROADS
100
AcDbPolyline
 90
2
 70
0
 10
629666.4972567987
 20
4833973.625060488
 10
629695.9588457004
 20
4833884.18033319
  0
LWPOLYLINE
  5
AB
330
17
100
AcDbEntity
  8
ROADS
100
AcDbPolyline
 90
2
 70
0
 10
629849.2691878792
 20
4833934.714638837
 10
629844.7192021352
 20
4833950.465504118
  0
LWPOLYLINE
  5
AC
330
17
100
AcDbEntity
  8
ROADS
100
AcDbPolyline
 90
2
 70
0
 10
629744.7325094232
 20
4833901.262006795
 10
629716.5618492949
 20
4833988.667935795
  0
LWPOLYLINE
  5
AD
330
17
100
AcDbEntity
  8
ROADS
100
AcDbPolyline
 90
2
 70
0
 10
629796.8708999634
 20
4833917.763456059
 10
629769.2222776341
 20
4834005.168832332
  0
LWPOLYLINE
  5
AE
330
17
100
AcDbEntity
  8
ROADS
100
AcDbPolyline
 90
2
 70
0
 10
629666.4972567987
 20
4833973.625060488
 10
629618.1757284885
 20
4833957.319260732
  0
LWPOLYLINE
  5
AF
330
17
100
AcDbEntity
  8
ROADS
100
AcDbPolyline
 90
2
 70
0
 10
629614.3396150004
 20
4833963.385774062
 10
629604.0281198156
 20
4833995.6365555525
  0
LWPOLYLINE
  5
B0
330
17
100
AcDbEntity
  8
ROADS
100
AcDbPolyline
 90
2
 70
0
 10
629716.5618492949
 20
4833988.667935795
 10
629666.4972567987
 20
4833973.625060488
  0
LWPOLYLINE
  5
B1
330
17
100
AcDbEntity
  8
ROADS
100
AcDbPolyline
 90
2
 70
0
 10
629844.7192021352
 20
4833950.465504118
 10
629820.8976059183
 20
4834021.339906805
  0
LWPOLYLINE
  5
B2
330
17
100
AcDbEntity
  8
ROADS
100
AcDbPolyline
 90
2
 70
0
 10
629995.2463940319
 20
4833922.70806774
 10
629866.9814514986
 20
4833882.204091835
  0
LWPOLYLINE
  5
B3
330
17
100
AcDbEntity
  8
ROADS
100
AcDbPolyline
 90
2
 70
0
 10
630262.6432140686
 20
4833847.570933353
 10
630211.66984794
 20
4833991.583393031
  0
LWPOLYLINE
  5
B4
330
17
100
AcDbEntity
  8
ROADS
100
AcDbPolyline
 90
2
 70
0
 10
630158.7244166533
 20
4833975.022322867
 10
629995.2463940319
 20
4833922.70806774
  0
LWPOLYLINE
  5
B5
330
17
100
AcDbEntity
  8
ROADS
100
AcDbPolyline
 90
2
 70
0
 10
629995.2463940319
 20
4833922.70806774
 10
629971.5914275546
 20
4833992.441435809
  0
LWPOLYLINE
  5
B6
330
17
100
AcDbEntity
  8
ROADS
100
AcDbPolyline
 90
2
 70
0
 10
629971.5914275546
 20
4833992.441435809
 10
629844.7192021352
 20
4833950.465504118
  0
LWPOLYLINE
  5
B7
330
17
100
AcDbEntity
  8
ROADS
100
AcDbPolyline
 90
2
 70
0
 10
630211.66984794
 20
4833991.583393031
 10
630158.7244166533
 20
4833975.022322867
  0
LWPOLYLINE
  5
B8
330
17
100
AcDbEntity
  8
ROADS
100
AcDbPolyline
 90
2
 70
0
 10
630261.3873891701
 20
4834008.126128124
 10
630211.66984794
 20
4833991.583393031
  0
LWPOLYLINE
  5
B9
330
17
100
AcDbEntity
  8
ROADS
100
AcDbPolyline
 90
2
 70
0
 10
630158.7244166533
 20
4833975.022322867
 10
630134.6158524205
 20
4834044.232486529
  0
LWPOLYLINE
  5
BA
330
17
100
AcDbEntity
  8
ROADS
100
AcDbPolyline
 90
2
 70
0
 10
630134.6158524205
 20
4834044.232486529
 10
629971.5914275546
 20
4833992.441435809
  0
LWPOLYLINE
  5
BB
330
17
100
AcDbEntity
  8
ROADS
100
AcDbPolyline
 90
2
 70
0
 10
629971.5914275546
 20
4833992.441435809
 10
629950.4654998995
 20
4834061.462453088
  0
LWPOLYLINE
  5
BC
330
17
100
AcDbEntity
  8
ROADS
100
AcDbPolyline
 90
2
 70
0
 10
629950.4654998995
 20
4834061.462453088
 10
629820.8976059183
 20
4834021.339906805
  0
LWPOLYLINE
  5
BD
330
17
100
AcDbEntity
  8
ROADS
100
AcDbPolyline
 90
2
 70
0
 10
630182.1723127429
 20
4834058.169983243
 10
630134.6158524205
 20
4834044.232486529
  0
LWPOLYLINE
  5
BE
330
17
100
AcDbEntity
  8
ROADS
100
AcDbPolyline
 90
2
 70
0
 10
630231.3671611997
 20
4834074.527266787
 10
630182.1723127429
 20
4834058.169983243
  0
LWPOLYLINE
  5
BF
330
17
100
AcDbEntity
  8
ROADS
100
AcDbPolyline
 90
2
 70
0
 10
630134.6158524205
 20
4834044.232486529
 10
630112.9450000583
 20
4834113.688716279
  0
LWPOLYLINE
  5
C0
330
17
100
AcDbEntity
  8
ROADS
100
AcDbPolyline
 90
2
 70
0
 10
629950.4654998995
 20
4834061.462453088
 10
629939.4128575083
 20
4834097.5852211295
  0
LWPOLYLINE
  5
C1
330
17
100
AcDbEntity
  8
ROADS
100
AcDbPolyline
 90
3
 70
0
 10
630182.1723127429
 20
4834058.169983243
 10
630171.9590424469
 20
4834090.512679705
 10
630217.6500774426
 20
4834105.2965293415
  0
LWPOLYLINE
  5
C2
330
17
100
AcDbEntity
  8
ROADS
100
AcDbPolyline
 90
2
 70
0
 10
630112.9450000583
 20
4834113.688716279
 10
629950.4654998995
 20
4834061.462453088
  0
LWPOLYLINE
  5
C3
330
17
100
AcDbEntity
  8
ROADS
100
AcDbPolyline
 90
2
 70
0
 10
630231.3671611997
 20
4834074.527266787
 10
630217.6500774426
 20
4834105.2965293415
  0
LWPOLYLINE
  5
C4
330
17
100
AcDbEntity
  8
ROADS
100
AcDbPolyline
 90
3
 70
0
 10
629939.4128575083
 20
4834097.5852211295
 10
629901.8530853053
 20
4834085.199513081
 10
629888.2326015536
 20
4834115.6599691715
  0
LWPOLYLINE
  5
C5
330
17
100
AcDbEntity
  8
ROADS
100
AcDbPolyline
 90
2
 70
0
 10
629939.4128575083
 20
4834097.5852211295
 10
629929.1292306777
 20
4834129.449587903
  0
LWPOLYLINE
  5
C6
330
17
100
AcDbEntity
  8
ROADS
100
AcDbPolyline
 90
2
 70
0
 10
630261.3873891701
 20
4834008.126128124
 10
630231.3671611997
 20
4834074.527266787
  0
LWPOLYLINE
  5
C7
330
17
100
AcDbEntity
  8
ROADS
100
AcDbPolyline
 90
2
 70
0
 10
630362.3146737047
 20
4834039.8794870265
 10
630340.2943910937
 20
4834109.19143859
  0
LWPOLYLINE
  5
C8
330
17
100
AcDbEntity
  8
ROADS
100
AcDbPolyline
 90
2
 70
0
 10
630625.6540000073
 20
4834124.674047782
 10
630362.3146737047
 20
4834039.8794870265
  0
LWPOLYLINE
  5
C9
330
17
100
AcDbEntity
  8
ROADS
100
AcDbPolyline
 90
2
 70
0
 10
630301.3396780085
 20
4834096.794502749
 10
630231.3671611997
 20
4834074.527266787
  0
LWPOLYLINE
  5
CA
330
17
100
AcDbEntity
  8
ROADS
100
AcDbPolyline
 90
2
 70
0
 10
630340.2943910937
 20
4834109.19143859
 10
630301.3396780085
 20
4834096.794502749
  0
LWPOLYLINE
  5
CB
330
17
100
AcDbEntity
  8
ROADS
100
AcDbPolyline
 90
3
 70
0
 10
630301.3396780085
 20
4834096.794502749
 10
630291.0138814449
 20
4834128.944162161
 10
630217.6500774426
 20
4834105.2965293415
  0
LWPOLYLINE
  5
CC
330
17
100
AcDbEntity
  8
ROADS
100
AcDbPolyline
 90
2
 70
0
 10
630340.2943910937
 20
4834109.19143859
 10
630317.5358119751
 20
4834179.346097347
  0
LWPOLYLINE
  5
CD
330
17
100
AcDbEntity
  8
ROADS
100
AcDbPolyline
 90
2
 70
0
 10
630317.5358119751
 20
4834179.346097347
 10
630198.3466119766
 20
4834140.989170939
  0
LWPOLYLINE
  5
CE
330
17
100
AcDbEntity
  8
ROADS
100
AcDbPolyline
 90
2
 70
0
 10
630625.6540000073
 20
4834124.674047782
 10
630594.9362521444
 20
4834220.698773606
  0
LWPOLYLINE
  5
CF
330
17
100
AcDbEntity
  8
ROADS
100
AcDbPolyline
 90
2
 70
0
 10
630472.9680287394
 20
4834229.18992861
 10
630317.5358119751
 20
4834179.346097347
  0
LWPOLYLINE
  5
D0
330
17
100
AcDbEntity
  8
ROADS
100
AcDbPolyline
 90
2
 70
0
 10
629929.1292306777
 20
4834129.449587903
 10
629888.2326015536
 20
4834115.6599691715
  0
LWPOLYLINE
  5
D1
330
17
100
AcDbEntity
  8
ROADS
100
AcDbPolyline
 90
2
 70
0
 10
630217.6500774426
 20
4834105.2965293415
 10
630198.3466119766
 20
4834140.989170939
  0
LWPOLYLINE
  5
D2
330
17
100
AcDbEntity
  8
ROADS
100
AcDbPolyline
 90
2
 70
0
 10
630198.3466119766
 20
4834140.989170939
 10
630112.9450000583
 20
4834113.688716279
  0
LWPOLYLINE
  5
D3
330
17
100
AcDbEntity
  8
ROADS
100
AcDbPolyline
 90
3
 70
0
 10
629939.4128575083
 20
4834097.5852211295
 10
630053.2307646448
 20
4834133.110825387
 10
630045.3041016636
 20
4834167.254461668
  0
LWPOLYLINE
  5
D4
330
17
100
AcDbEntity
  8
ROADS
100
AcDbPolyline
 90
3
 70
0
 10
629888.2326015536
 20
4834115.6599691715
 10
629874.1926293506
 20
4834149.576082288
 10
629918.5033096891
 20
4834163.375910407
  0
LWPOLYLINE
  5
D5
330
17
100
AcDbEntity
  8
ROADS
100
AcDbPolyline
 90
2
 70
0
 10
629929.1292306777
 20
4834129.449587903
 10
629918.5033096891
 20
4834163.375910407
  0
LWPOLYLINE
  5
D6
330
17
100
AcDbEntity
  8
ROADS
100
AcDbPolyline
 90
2
 70
0
 10
630112.9450000583
 20
4834113.688716279
 10
630090.6614704531
 20
4834181.740764889
  0
LWPOLYLINE
  5
D7
330
17
100
AcDbEntity
  8
ROADS
100
AcDbPolyline
 90
2
 70
0
 10
630045.3041016636
 20
4834167.254461668
 10
629929.1292306777
 20
4834129.449587903
  0
LWPOLYLINE
  5
D8
330
17
100
AcDbEntity
  8
ROADS
100
AcDbPolyline
 90
2
 70
0
 10
629958.6577525439
 20
4834175.734521716
 10
629918.5033096891
 20
4834163.375910407
  0
LWPOLYLINE
  5
D9
330
17
100
AcDbEntity
  8
ROADS
100
AcDbPolyline
 90
2
 70
0
 10
630090.6614704531
 20
4834181.740764889
 10
630045.3041016636
 20
4834167.254461668
  0
LWPOLYLINE
  5
DA
330
17
100
AcDbEntity
  8
ROADS
100
AcDbPolyline
 90
2
 70
0
 10
629687.7044559991
 20
4834086.95519225
 10
629675.1328139375
 20
4834127.166760081
  0
LWPOLYLINE
  5
DB
330
17
100
AcDbEntity
  8
ROADS
100
AcDbPolyline
 90
2
 70
0
 10
629888.2326015536
 20
4834115.6599691715
 10
629835.1891422609
 20
4834098.660592169
  0
LWPOLYLINE
  5
DC
330
17
100
AcDbEntity
  8
ROADS
100
AcDbPolyline
 90
2
 70
0
 10
629798.9089866031
 20
4834088.570174665
 10
629778.5999640203
 20
4834160.642127298
  0
LWPOLYLINE
  5
DD
330
17
100
AcDbEntity
  8
ROADS
100
AcDbPolyline
 90
2
 70
0
 10
629778.5999640203
 20
4834160.642127298
 10
629675.1328139375
 20
4834127.166760081
  0
LWPOLYLINE
  5
DE
330
17
100
AcDbEntity
  8
ROADS
100
AcDbPolyline
 90
2
 70
0
 10
629765.93332339
 20
4834198.362813379
 10
629557.5424236032
 20
4834133.931925399
  0
LWPOLYLINE
  5
DF
330
17
100
AcDbEntity
  8
ROADS
100
AcDbPolyline
 90
2
 70
0
 10
629778.5999640203
 20
4834160.642127298
 10
629765.93332339
 20
4834198.362813379
  0
LWPOLYLINE
  5
E0
330
17
100
AcDbEntity
  8
ROADS
100
AcDbPolyline
 90
2
 70
0
 10
629906.7102334677
 20
4834201.400422198
 10
629778.5999640203
 20
4834160.642127298
  0
LWPOLYLINE
  5
E1
330
17
100
AcDbEntity
  8
ROADS
100
AcDbPolyline
 90
2
 70
0
 10
629668.4212296186
 20
4834217.524708918
 10
629563.1221201502
 20
4834186.58739863
  0
LWPOLYLINE
  5
E2
330
17
100
AcDbEntity
  8
ROADS
100
AcDbPolyline
 90
2
 70
0
 10
629765.93332339
 20
4834198.362813379
 10
629750.5456219539
 20
4834243.268814982
  0
LWPOLYLINE
  5
E3
330
17
100
AcDbEntity
  8
ROADS
100
AcDbPolyline
 90
2
 70
0
 10
629750.5456219539
 20
4834243.268814982
 10
629668.4212296186
 20
4834217.524708918
  0
LWPOLYLINE
  5
E4
330
17
100
AcDbEntity
  8
ROADS
100
AcDbPolyline
 90
2
 70
0
 10
630743.436314954
 20
4834162.529550573
 10
630625.6540000073
 20
4834124.674047782
  0
LWPOLYLINE
  5
E5
330
17
100
AcDbEntity
  8
ROADS
100
AcDbPolyline
 90
2
 70
0
 10
630837.8678015121
 20
4834115.741386801
 10
630815.6505910946
 20
4834185.101376527
  0
LWPOLYLINE
  5
E6
330
17
100
AcDbEntity
  8
ROADS
100
AcDbPolyline
 90
2
 70
0
 10
630934.6564050142
 20
4834142.8771914095
 10
631013.1129451032
 20
4834168.837094755
  0
LWPOLYLINE
  5
E7
330
17
100
AcDbEntity
  8
ROADS
100
AcDbPolyline
 90
2
 70
0
 10
630815.6505910946
 20
4834185.101376527
 10
630743.436314954
 20
4834162.529550573
  0
LWPOLYLINE
  5
E8
330
17
100
AcDbEntity
  8
ROADS
100
AcDbPolyline
 90
2
 70
0
 10
630934.6564050142
 20
4834142.8771914095
 10
630908.8610026607
 20
4834214.418186424
  0
LWPOLYLINE
  5
E9
330
17
100
AcDbEntity
  8
ROADS
100
AcDbPolyline
 90
2
 70
0
 10
630815.6505910946
 20
4834185.101376527
 10
630908.8610026607
 20
4834214.418186424
  0
LWPOLYLINE
  5
EA
330
17
100
AcDbEntity
  8
ROADS
100
AcDbPolyline
 90
2
 70
0
 10
631013.1129451032
 20
4834168.837094755
 10
630990.5407790456
 20
4834240.792391845
  0
LWPOLYLINE
  5
EB
330
17
100
AcDbEntity
  8
ROADS
100
AcDbPolyline
 90
2
 70
0
 10
630908.8610026607
 20
4834214.418186424
 10
630972.9580488281
 20
4834235.284198473
  0
LWPOLYLINE
  5
EC
330
17
100
AcDbEntity
  8
ROADS
100
AcDbPolyline
 90
2
 70
0
 10
630594.9362521444
 20
4834220.698773606
 10
630658.5481483059
 20
4834232.4663433
  0
LWPOLYLINE
  5
ED
330
17
100
AcDbEntity
  8
ROADS
100
AcDbPolyline
 90
2
 70
0
 10
630908.8610026607
 20
4834214.418186424
 10
630896.0139891313
 20
4834256.776075942
  0
LWPOLYLINE
  5
EE
330
17
100
AcDbEntity
  8
ROADS
100
AcDbPolyline
 90
2
 70
0
 10
629918.5033096891
 20
4834163.375910407
 10
629906.7102334677
 20
4834201.400422198
  0
LWPOLYLINE
  5
EF
330
17
100
AcDbEntity
  8
ROADS
100
AcDbPolyline
 90
2
 70
0
 10
630045.3041016636
 20
4834167.254461668
 10
630024.6512220947
 20
4834239.536762802
  0
LWPOLYLINE
  5
F0
330
17
100
AcDbEntity
  8
ROADS
100
AcDbPolyline
 90
2
 70
0
 10
630198.3466119766
 20
4834140.989170939
 10
630136.4446612176
 20
4834275.108836623
  0
LWPOLYLINE
  5
F1
330
17
100
AcDbEntity
  8
ROADS
100
AcDbPolyline
 90
2
 70
0
 10
630090.6614704531
 20
4834181.740764889
 10
630068.5608634934
 20
4834253.725387645
  0
LWPOLYLINE
  5
F2
330
17
100
AcDbEntity
  8
ROADS
100
AcDbPolyline
 90
2
 70
0
 10
630024.6512220947
 20
4834239.536762802
 10
629906.7102334677
 20
4834201.400422198
  0
LWPOLYLINE
  5
F3
330
17
100
AcDbEntity
  8
ROADS
100
AcDbPolyline
 90
2
 70
0
 10
629906.7102334677
 20
4834201.400422198
 10
629895.8744816044
 20
4834242.785468952
  0
LWPOLYLINE
  5
F4
330
17
100
AcDbEntity
  8
ROADS
100
AcDbPolyline
 90
2
 70
0
 10
630068.5608634934
 20
4834253.725387645
 10
630024.6512220947
 20
4834239.536762802
  0
LWPOLYLINE
  5
F5
330
17
100
AcDbEntity
  8
ROADS
100
AcDbPolyline
 90
2
 70
0
 10
629895.8744816044
 20
4834242.785468952
 10
629882.2133071952
 20
4834284.735985329
  0
LWPOLYLINE
  5
F6
330
17
100
AcDbEntity
  8
ROADS
100
AcDbPolyline
 90
2
 70
0
 10
630136.4446612176
 20
4834275.108836623
 10
630068.5608634934
 20
4834253.725387645
  0
LWPOLYLINE
  5
F7
330
17
100
AcDbEntity
  8
ROADS
100
AcDbPolyline
 90
2
 70
0
 10
630056.3593628583
 20
4834294.094696518
 10
629895.8744816044
 20
4834242.785468952
  0
LWPOLYLINE
  5
F8
330
17
100
AcDbEntity
  8
ROADS
100
AcDbPolyline
 90
2
 70
0
 10
629895.8744816044
 20
4834242.785468952
 10
629841.7290369608
 20
4834225.6706460435
  0
LWPOLYLINE
  5
F9
330
17
100
AcDbEntity
  8
ROADS
100
AcDbPolyline
 90
2
 70
0
 10
629668.4212296186
 20
4834217.524708918
 10
629653.7890910577
 20
4834263.564431157
  0
LWPOLYLINE
  5
FA
330
17
100
AcDbEntity
  8
ROADS
100
AcDbPolyline
 90
2
 70
0
 10
629548.6200837325
 20
4834234.503588289
 10
629653.7890910577
 20
4834263.564431157
  0
LWPOLYLINE
  5
FB
330
17
100
AcDbEntity
  8
ROADS
100
AcDbPolyline
 90
2
 70
0
 10
629798.0458013456
 20
4834258.435393272
 10
629750.5456219539
 20
4834243.268814982
  0
LWPOLYLINE
  5
FC
330
17
100
AcDbEntity
  8
ROADS
100
AcDbPolyline
 90
2
 70
0
 10
629818.2111897096
 20
4834264.522289285
 10
629798.0458013456
 20
4834258.435393272
  0
LWPOLYLINE
  5
FD
330
17
100
AcDbEntity
  8
ROADS
100
AcDbPolyline
 90
2
 70
0
 10
629750.5456219539
 20
4834243.268814982
 10
629735.2561073934
 20
4834291.760836082
  0
LWPOLYLINE
  5
FE
330
17
100
AcDbEntity
  8
ROADS
100
AcDbPolyline
 90
2
 70
0
 10
629862.6332625817
 20
4834278.466153848
 10
629818.2111897096
 20
4834264.522289285
  0
LWPOLYLINE
  5
FF
330
17
100
AcDbEntity
  8
ROADS
100
AcDbPolyline
 90
2
 70
0
 10
629653.7890910577
 20
4834263.564431157
 10
629645.2443810395
 20
4834290.404848187
  0
LWPOLYLINE
  5
100
330
17
100
AcDbEntity
  8
ROADS
100
AcDbPolyline
 90
2
 70
0
 10
629882.2133071952
 20
4834284.735985329
 10
629862.6332625817
 20
4834278.466153848
  0
LWPOLYLINE
  5
101
330
17
100
AcDbEntity
  8
ROADS
100
AcDbPolyline
 90
2
 70
0
 10
629798.0458013456
 20
4834258.435393272
 10
629781.8570756345
 20
4834306.382130086
  0
LWPOLYLINE
  5
102
330
17
100
AcDbEntity
  8
ROADS
100
AcDbPolyline
 90
2
 70
0
 10
630972.9580488281
 20
4834235.284198473
 10
630990.5407790456
 20
4834240.792391845
  0
LWPOLYLINE
  5
103
330
17
100
AcDbEntity
  8
ROADS
100
AcDbPolyline
 90
2
 70
0
 10
630815.6505910946
 20
4834185.101376527
 10
630770.0220768641
 20
4834324.704810734
  0
LWPOLYLINE
  5
104
330
17
100
AcDbEntity
  8
ROADS
100
AcDbPolyline
 90
2
 70
0
 10
630972.9580488281
 20
4834235.284198473
 10
630959.346085683
 20
4834275.727129677
  0
LWPOLYLINE
  5
105
330
17
100
AcDbEntity
  8
ROADS
100
AcDbPolyline
 90
2
 70
0
 10
630718.1123531931
 20
4834308.04937454
 10
630744.5136712332
 20
4834221.162267497
  0
LWPOLYLINE
  5
106
330
17
100
AcDbEntity
  8
ROADS
100
AcDbPolyline
 90
2
 70
0
 10
630896.0139891313
 20
4834256.776075942
 10
630959.346085683
 20
4834275.727129677
  0
LWPOLYLINE
  5
107
330
17
100
AcDbEntity
  8
ROADS
100
AcDbPolyline
 90
2
 70
0
 10
630718.1123531931
 20
4834308.04937454
 10
630581.3139596444
 20
4834262.986605601
  0
LWPOLYLINE
  5
108
330
17
100
AcDbEntity
  8
ROADS
100
AcDbPolyline
 90
2
 70
0
 10
630959.346085683
 20
4834275.727129677
 10
630952.9905544173
 20
4834295.980737951
  0
LWPOLYLINE
  5
109
330
17
100
AcDbEntity
  8
ROADS
100
AcDbPolyline
 90
2
 70
0
 10
630952.9905544173
 20
4834295.980737951
 10
630996.9109112114
 20
4834309.3065379625
  0
LWPOLYLINE
  5
10A
330
17
100
AcDbEntity
  8
ROADS
100
AcDbPolyline
 90
2
 70
0
 10
630896.0139891313
 20
4834256.776075942
 10
630864.6958391444
 20
4834353.979101846
  0
LWPOLYLINE
  5
10B
330
17
100
AcDbEntity
  8
ROADS
100
AcDbPolyline
 90
2
 70
0
 10
630770.0220768641
 20
4834324.704810734
 10
630718.1123531931
 20
4834308.04937454
  0
LWPOLYLINE
  5
10C
330
17
100
AcDbEntity
  8
ROADS
100
AcDbPolyline
 90
2
 70
0
 10
630594.9362521444
 20
4834220.698773606
 10
630581.3139596444
 20
4834262.986605601
  0
LWPOLYLINE
  5
10D
330
17
100
AcDbEntity
  8
ROADS
100
AcDbPolyline
 90
2
 70
0
 10
630581.3139596444
 20
4834262.986605601
 10
630472.9680287394
 20
4834229.18992861
  0
LWPOLYLINE
  5
10E
330
17
100
AcDbEntity
  8
ROADS
100
AcDbPolyline
 90
2
 70
0
 10
630317.5358119751
 20
4834179.346097347
 10
630271.9897341323
 20
4834318.48678133
  0
LWPOLYLINE
  5
10F
330
17
100
AcDbEntity
  8
ROADS
100
AcDbPolyline
 90
2
 70
0
 10
630472.9680287394
 20
4834229.18992861
 10
630449.6673511955
 20
4834302.389027255
  0
LWPOLYLINE
  5
110
330
17
100
AcDbEntity
  8
ROADS
100
AcDbPolyline
 90
2
 70
0
 10
630231.0603096182
 20
4834305.237071583
 10
630251.2261598826
 20
4834247.728474992
  0
LWPOLYLINE
  5
111
330
17
100
AcDbEntity
  8
ROADS
100
AcDbPolyline
 90
2
 70
0
 10
630581.3139596444
 20
4834262.986605601
 10
630556.3867226071
 20
4834336.541352318
  0
LWPOLYLINE
  5
112
330
17
100
AcDbEntity
  8
ROADS
100
AcDbPolyline
 90
2
 70
0
 10
630271.9897341323
 20
4834318.48678133
 10
630231.0603096182
 20
4834305.237071583
  0
LWPOLYLINE
  5
113
330
17
100
AcDbEntity
  8
ROADS
100
AcDbPolyline
 90
2
 70
0
 10
630519.8914289864
 20
4834325.125905121
 10
630449.6673511955
 20
4834302.389027255
  0
LWPOLYLINE
  5
114
330
17
100
AcDbEntity
  8
ROADS
100
AcDbPolyline
 90
2
 70
0
 10
630556.3867226071
 20
4834336.541352318
 10
630519.8914289864
 20
4834325.125905121
  0
LWPOLYLINE
  5
115
330
17
100
AcDbEntity
  8
ROADS
100
AcDbPolyline
 90
2
 70
0
 10
630449.6673511955
 20
4834302.389027255
 10
630427.1239757409
 20
4834367.551229466
  0
LWPOLYLINE
  5
116
330
17
100
AcDbEntity
  8
ROADS
100
AcDbPolyline
 90
3
 70
0
 10
629666.4972567987
 20
4833973.625060488
 10
629654.6356462794
 20
4834010.795252183
 10
629604.0281198156
 20
4833995.6365555525
  0
LWPOLYLINE
  5
117
330
17
100
AcDbEntity
  8
ROADS
100
AcDbPolyline
 90
2
 70
0
 10
629769.2222776341
 20
4834005.168832332
 10
629716.5618492949
 20
4833988.667935795
  0
LWPOLYLINE
  5
118
330
17
100
AcDbEntity
  8
ROADS
100
AcDbPolyline
 90
2
 70
0
 10
629820.8976059183
 20
4834021.339906805
 10
629769.2222776341
 20
4834005.168832332
  0
LWPOLYLINE
  5
119
330
17
100
AcDbEntity
  8
ROADS
100
AcDbPolyline
 90
2
 70
0
 10
629604.0281198156
 20
4833995.6365555525
 10
629576.6303922527
 20
4834076.076929879
  0
LWPOLYLINE
  5
11A
330
17
100
AcDbEntity
  8
ROADS
100
AcDbPolyline
 90
2
 70
0
 10
629716.5618492949
 20
4833988.667935795
 10
629687.7044559991
 20
4834086.95519225
  0
LWPOLYLINE
  5
11B
330
17
100
AcDbEntity
  8
ROADS
100
AcDbPolyline
 90
2
 70
0
 10
629820.8976059183
 20
4834021.339906805
 10
629798.9089866031
 20
4834088.570174665
  0
LWPOLYLINE
  5
11C
330
17
100
AcDbEntity
  8
ROADS
100
AcDbPolyline
 90
2
 70
0
 10
629687.7044559991
 20
4834086.95519225
 10
629663.0743535543
 20
4834078.7884717565
  0
LWPOLYLINE
  5
11D
330
17
100
AcDbEntity
  8
ROADS
100
AcDbPolyline
 90
2
 70
0
 10
629835.1891422609
 20
4834098.660592169
 10
629855.2118947214
 20
4834068.818395262
  0
LWPOLYLINE
  5
11E
330
17
100
AcDbEntity
  8
ROADS
100
AcDbPolyline
 90
2
 70
0
 10
629835.1891422609
 20
4834098.660592169
 10
629798.9089866031
 20
4834088.570174665
  0
LWPOLYLINE
  5
11F
330
17
100
AcDbEntity
  8
ROADS
100
AcDbPolyline
 90
2
 70
0
 10
629675.1328139375
 20
4834127.166760081
 10
629576.6303922527
 20
4834076.076929879
  0
LWPOLYLINE
  5
120
330
17
100
AcDbEntity
  8
ROADS
100
AcDbPolyline
 90
2
 70
0
 10
629576.6303922527
 20
4834076.076929879
 10
629556.1439581455
 20
4834069.5051085455
  0
LWPOLYLINE
  5
121
330
17
100
AcDbEntity
  8
ROADS
100
AcDbPolyline
 90
2
 70
0
 10
629576.6303922527
 20
4834076.076929879
 10
629560.9364238962
 20
4834124.48361708
  0
LWPOLYLINE
  5
122
330
17
100
AcDbEntity
  8
ROADS
100
AcDbPolyline
 90
2
 70
0
 10
629560.9364238962
 20
4834124.48361708
 10
629535.5485019191
 20
4834116.488421845
  0
LWPOLYLINE
  5
123
330
17
100
AcDbEntity
  8
ROADS
100
AcDbPolyline
 90
2
 70
0
 10
629560.9364238962
 20
4834124.48361708
 10
629557.5424236032
 20
4834133.931925399
  0
LWPOLYLINE
  5
124
330
17
100
AcDbEntity
  8
ROADS
100
AcDbPolyline
 90
2
 70
0
 10
629543.4708119457
 20
4834180.498802999
 10
629514.8154459125
 20
4834171.189141244
  0
LWPOLYLINE
  5
125
330
17
100
AcDbEntity
  8
ROADS
100
AcDbPolyline
 90
2
 70
0
 10
629557.5424236032
 20
4834133.931925399
 10
629543.4708119457
 20
4834180.498802999
  0
LWPOLYLINE
  5
126
330
17
100
AcDbEntity
  8
ROADS
100
AcDbPolyline
 90
2
 70
0
 10
629563.1221201502
 20
4834186.58739863
 10
629543.4708119457
 20
4834180.498802999
  0
LWPOLYLINE
  5
127
330
17
100
AcDbEntity
  8
ROADS
100
AcDbPolyline
 90
2
 70
0
 10
629563.1221201502
 20
4834186.58739863
 10
629548.6200837325
 20
4834234.503588289
  0
LWPOLYLINE
  5
128
330
17
100
AcDbEntity
  8
ROADS
100
AcDbPolyline
 90
2
 70
0
 10
629541.3656431729
 20
4834257.240035673
 10
629490.9915503061
 20
4834242.324814844
  0
LWPOLYLINE
  5
129
330
17
100
AcDbEntity
  8
ROADS
100
AcDbPolyline
 90
2
 70
0
 10
629548.6200837325
 20
4834234.503588289
 10
629541.3656431729
 20
4834257.240035673
  0
LWPOLYLINE
  5
12A
330
17
100
AcDbEntity
  8
ROADS
100
AcDbPolyline
 90
2
 70
0
 10
629541.3656431729
 20
4834257.240035673
 10
629520.3763341147
 20
4834326.170411435
  0
LWPOLYLINE
  5
12B
330
17
100
AcDbEntity
  8
ROADS
100
AcDbPolyline
 90
2
 70
0
 10
629520.3763341147
 20
4834326.170411435
 10
629468.5735964917
 20
4834311.852326768
  0
LWPOLYLINE
  5
12C
330
17
100
AcDbEntity
  8
ROADS
100
AcDbPolyline
 90
2
 70
0
 10
629548.257214054
 20
4834329.049538624
 10
629520.3763341147
 20
4834326.170411435
  0
LWPOLYLINE
  5
12D
330
17
100
AcDbEntity
  8
ROADS
100
AcDbPolyline
 90
2
 70
0
 10
631233.3331240017
 20
4834008.548475286
 10
631317.843453676
 20
4834069.29635935
  0
LWPOLYLINE
  5
12E
330
17
100
AcDbEntity
  8
ROADS
100
AcDbPolyline
 90
2
 70
0
 10
630991.158972553
 20
4833999.991955289
 10
631107.7969195223
 20
4834083.794646524
  0
LWPOLYLINE
  5
12F
330
17
100
AcDbEntity
  8
ROADS
100
AcDbPolyline
 90
2
 70
0
 10
631191.7797967051
 20
4833981.174450274
 10
631148.4481134245
 20
4834112.111942276
  0
LWPOLYLINE
  5
130
330
17
100
AcDbEntity
  8
ROADS
100
AcDbPolyline
 90
2
 70
0
 10
631330.9146799815
 20
4834027.065471308
 10
631317.843453676
 20
4834069.29635935
  0
LWPOLYLINE
  5
131
330
17
100
AcDbEntity
  8
ROADS
100
AcDbPolyline
 90
2
 70
0
 10
631233.3331240017
 20
4834008.548475286
 10
631186.6346871128
 20
4834139.015095741
  0
LWPOLYLINE
  5
132
330
17
100
AcDbEntity
  8
ROADS
100
AcDbPolyline
 90
2
 70
0
 10
631028.007539427
 20
4834070.268077716
 10
631055.1734470809
 20
4834078.0741336765
  0
LWPOLYLINE
  5
133
330
17
100
AcDbEntity
  8
ROADS
100
AcDbPolyline
 90
2
 70
0
 10
631055.1734470809
 20
4834078.0741336765
 10
631080.6427209249
 20
4834078.60499263
  0
LWPOLYLINE
  5
134
330
17
100
AcDbEntity
  8
ROADS
100
AcDbPolyline
 90
2
 70
0
 10
631317.843453676
 20
4834069.29635935
 10
631381.1898560624
 20
4834089.618760497
  0
LWPOLYLINE
  5
135
330
17
100
AcDbEntity
  8
ROADS
100
AcDbPolyline
 90
2
 70
0
 10
631055.1734470809
 20
4834078.0741336765
 10
631068.2056562296
 20
4834082.320483346
  0
LWPOLYLINE
  5
136
330
17
100
AcDbEntity
  8
ROADS
100
AcDbPolyline
 90
2
 70
0
 10
631068.2056562296
 20
4834082.320483346
 10
631080.6427209249
 20
4834078.60499263
  0
LWPOLYLINE
  5
137
330
17
100
AcDbEntity
  8
ROADS
100
AcDbPolyline
 90
2
 70
0
 10
630673.4655309081
 20
4833979.705715137
 10
630625.6540000073
 20
4834124.674047782
  0
LWPOLYLINE
  5
138
330
17
100
AcDbEntity
  8
ROADS
100
AcDbPolyline
 90
2
 70
0
 10
630863.4902197089
 20
4834038.747376656
 10
630967.4462371652
 20
4834073.746775748
  0
LWPOLYLINE
  5
139
330
17
100
AcDbEntity
  8
ROADS
100
AcDbPolyline
 90
2
 70
0
 10
630820.5433892711
 20
4834024.622154075
 10
630793.907669154
 20
4834104.893579062
  0
LWPOLYLINE
  5
13A
330
17
100
AcDbEntity
  8
ROADS
100
AcDbPolyline
 90
2
 70
0
 10
630967.4462371652
 20
4834073.746775748
 10
631028.007539427
 20
4834070.268077716
  0
LWPOLYLINE
  5
13B
330
17
100
AcDbEntity
  8
ROADS
100
AcDbPolyline
 90
2
 70
0
 10
630863.4902197089
 20
4834038.747376656
 10
630837.8678015121
 20
4834115.741386801
  0
LWPOLYLINE
  5
13C
330
17
100
AcDbEntity
  8
ROADS
100
AcDbPolyline
 90
2
 70
0
 10
630967.4462371652
 20
4834073.746775748
 10
631034.7433284463
 20
4834096.284223037
  0
LWPOLYLINE
  5
13D
330
17
100
AcDbEntity
  8
ROADS
100
AcDbPolyline
 90
2
 70
0
 10
630967.4462371652
 20
4834073.746775748
 10
630934.6564050142
 20
4834142.8771914095
  0
LWPOLYLINE
  5
13E
330
17
100
AcDbEntity
  8
ROADS
100
AcDbPolyline
 90
2
 70
0
 10
630837.8678015121
 20
4834115.741386801
 10
630793.907669154
 20
4834104.893579062
  0
LWPOLYLINE
  5
13F
330
17
100
AcDbEntity
  8
ROADS
100
AcDbPolyline
 90
2
 70
0
 10
630837.8678015121
 20
4834115.741386801
 10
630934.6564050142
 20
4834142.8771914095
  0
LWPOLYLINE
  5
140
330
17
100
AcDbEntity
  8
ROADS
100
AcDbPolyline
 90
3
 70
0
 10
630793.907669154
 20
4834104.893579062
 10
630765.4744358638
 20
4834098.540226771
 10
630743.436314954
 20
4834162.529550573
  0
LWPOLYLINE
  5
141
330
17
100
AcDbEntity
  8
ROADS
100
AcDbPolyline
 90
2
 70
0
 10
631501.9588136919
 20
4834043.0055057965
 10
631490.3523313659
 20
4834078.920916771
  0
LWPOLYLINE
  5
142
330
17
100
AcDbEntity
  8
ROADS
100
AcDbPolyline
 90
2
 70
0
 10
631392.2805515439
 20
4834049.567232168
 10
631381.1898560624
 20
4834089.618760497
  0
LWPOLYLINE
  5
143
330
17
100
AcDbEntity
  8
ROADS
100
AcDbPolyline
 90
2
 70
0
 10
631490.3523313659
 20
4834078.920916771
 10
631541.8991791599
 20
4834096.183840665
  0
LWPOLYLINE
  5
144
330
17
100
AcDbEntity
  8
ROADS
100
AcDbPolyline
 90
2
 70
0
 10
631490.3523313659
 20
4834078.920916771
 10
631500.9235225427
 20
4834097.489361522
  0
LWPOLYLINE
  5
145
330
17
100
AcDbEntity
  8
ROADS
100
AcDbPolyline
 90
2
 70
0
 10
631541.8991791599
 20
4834096.183840665
 10
631570.6228119562
 20
4834105.839702121
  0
LWPOLYLINE
  5
146
330
17
100
AcDbEntity
  8
ROADS
100
AcDbPolyline
 90
2
 70
0
 10
631490.3523313659
 20
4834078.920916771
 10
631475.0554934586
 20
4834124.550851597
  0
LWPOLYLINE
  5
147
330
17
100
AcDbEntity
  8
ROADS
100
AcDbPolyline
 90
2
 70
0
 10
631541.8991791599
 20
4834096.183840665
 10
631517.8598368606
 20
4834110.986969582
  0
LWPOLYLINE
  5
148
330
17
100
AcDbEntity
  8
ROADS
100
AcDbPolyline
 90
2
 70
0
 10
631500.9235225427
 20
4834097.489361522
 10
631517.8598368606
 20
4834110.986969582
  0
LWPOLYLINE
  5
149
330
17
100
AcDbEntity
  8
ROADS
100
AcDbPolyline
 90
2
 70
0
 10
631496.7425771784
 20
4834111.799364887
 10
631500.9235225427
 20
4834097.489361522
  0
LWPOLYLINE
  5
14A
330
17
100
AcDbEntity
  8
ROADS
100
AcDbPolyline
 90
2
 70
0
 10
631381.1898560624
 20
4834089.618760497
 10
631475.0554934586
 20
4834124.550851597
  0
LWPOLYLINE
  5
14B
330
17
100
AcDbEntity
  8
ROADS
100
AcDbPolyline
 90
2
 70
0
 10
631080.6427209249
 20
4834078.60499263
 10
631107.7969195223
 20
4834083.794646524
  0
LWPOLYLINE
  5
14C
330
17
100
AcDbEntity
  8
ROADS
100
AcDbPolyline
 90
2
 70
0
 10
631028.007539427
 20
4834070.268077716
 10
631034.7433284463
 20
4834096.284223037
  0
LWPOLYLINE
  5
14D
330
17
100
AcDbEntity
  8
ROADS
100
AcDbPolyline
 90
2
 70
0
 10
631055.1734470809
 20
4834078.0741336765
 10
631069.4552561361
 20
4834107.245896634
  0
LWPOLYLINE
  5
14E
330
17
100
AcDbEntity
  8
ROADS
100
AcDbPolyline
 90
2
 70
0
 10
631068.2056562296
 20
4834082.320483346
 10
631082.5594079354
 20
4834111.551052235
  0
LWPOLYLINE
  5
14F
330
17
100
AcDbEntity
  8
ROADS
100
AcDbPolyline
 90
2
 70
0
 10
631107.7969195223
 20
4834083.794646524
 10
631148.4481134245
 20
4834112.111942276
  0
LWPOLYLINE
  5
150
330
17
100
AcDbEntity
  8
ROADS
100
AcDbPolyline
 90
2
 70
0
 10
631034.7433284463
 20
4834096.284223037
 10
631069.4552561361
 20
4834107.245896634
  0
LWPOLYLINE
  5
151
330
17
100
AcDbEntity
  8
ROADS
100
AcDbPolyline
 90
2
 70
0
 10
631069.4552561361
 20
4834107.245896634
 10
631082.5594079354
 20
4834111.551052235
  0
LWPOLYLINE
  5
152
330
17
100
AcDbEntity
  8
ROADS
100
AcDbPolyline
 90
2
 70
0
 10
631034.7433284463
 20
4834096.284223037
 10
631023.6862147611
 20
4834137.548902886
  0
LWPOLYLINE
  5
153
330
17
100
AcDbEntity
  8
ROADS
100
AcDbPolyline
 90
2
 70
0
 10
631082.5594079354
 20
4834111.551052235
 10
631142.9960371502
 20
4834129.190660087
  0
LWPOLYLINE
  5
154
330
17
100
AcDbEntity
  8
ROADS
100
AcDbPolyline
 90
2
 70
0
 10
631148.4481134245
 20
4834112.111942276
 10
631142.9960371502
 20
4834129.190660087
  0
LWPOLYLINE
  5
155
330
17
100
AcDbEntity
  8
ROADS
100
AcDbPolyline
 90
2
 70
0
 10
631570.6228119562
 20
4834105.839702121
 10
631592.9259723919
 20
4834113.337362262
  0
LWPOLYLINE
  5
156
330
17
100
AcDbEntity
  8
ROADS
100
AcDbPolyline
 90
2
 70
0
 10
631496.7425771784
 20
4834111.799364887
 10
631517.8598368606
 20
4834110.986969582
  0
LWPOLYLINE
  5
157
330
17
100
AcDbEntity
  8
ROADS
100
AcDbPolyline
 90
2
 70
0
 10
631570.6228119562
 20
4834105.839702121
 10
631572.3648925365
 20
4834124.433079699
  0
LWPOLYLINE
  5
158
330
17
100
AcDbEntity
  8
ROADS
100
AcDbPolyline
 90
2
 70
0
 10
631496.7425771784
 20
4834111.799364887
 10
631475.0554934586
 20
4834124.550851597
  0
LWPOLYLINE
  5
159
330
17
100
AcDbEntity
  8
ROADS
100
AcDbPolyline
 90
2
 70
0
 10
631572.3648925365
 20
4834124.433079699
 10
631592.9259723919
 20
4834113.337362262
  0
LWPOLYLINE
  5
15A
330
17
100
AcDbEntity
  8
ROADS
100
AcDbPolyline
 90
2
 70
0
 10
631517.8598368606
 20
4834110.986969582
 10
631500.6617341728
 20
4834132.887272393
  0
LWPOLYLINE
  5
15B
330
17
100
AcDbEntity
  8
ROADS
100
AcDbPolyline
 90
2
 70
0
 10
631592.9259723919
 20
4834113.337362262
 10
631586.0273316123
 20
4834132.488113246
  0
LWPOLYLINE
  5
15C
330
17
100
AcDbEntity
  8
ROADS
100
AcDbPolyline
 90
2
 70
0
 10
631572.3648925365
 20
4834124.433079699
 10
631586.0273316123
 20
4834132.488113246
  0
LWPOLYLINE
  5
15D
330
17
100
AcDbEntity
  8
ROADS
100
AcDbPolyline
 90
2
 70
0
 10
631475.0554934586
 20
4834124.550851597
 10
631500.6617341728
 20
4834132.887272393
  0
LWPOLYLINE
  5
15E
330
17
100
AcDbEntity
  8
ROADS
100
AcDbPolyline
 90
2
 70
0
 10
631572.3648925365
 20
4834124.433079699
 10
631576.1126191855
 20
4834157.605798541
  0
LWPOLYLINE
  5
15F
330
17
100
AcDbEntity
  8
ROADS
100
AcDbPolyline
 90
2
 70
0
 10
631148.4481134245
 20
4834112.111942276
 10
631186.6346871128
 20
4834139.015095741
  0
LWPOLYLINE
  5
160
330
17
100
AcDbEntity
  8
ROADS
100
AcDbPolyline
 90
2
 70
0
 10
631317.843453676
 20
4834069.29635935
 10
631277.539327293
 20
4834192.356026848
  0
LWPOLYLINE
  5
161
330
17
100
AcDbEntity
  8
ROADS
100
AcDbPolyline
 90
2
 70
0
 10
631142.9960371502
 20
4834129.190660087
 10
631186.6346871128
 20
4834139.015095741
  0
LWPOLYLINE
  5
162
330
17
100
AcDbEntity
  8
ROADS
100
AcDbPolyline
 90
2
 70
0
 10
631023.6862147611
 20
4834137.548902886
 10
631013.1129451032
 20
4834168.837094755
  0
LWPOLYLINE
  5
163
330
17
100
AcDbEntity
  8
ROADS
100
AcDbPolyline
 90
3
 70
0
 10
631023.6862147611
 20
4834137.548902886
 10
631090.619896458
 20
4834159.914285785
 10
631080.8176090436
 20
4834190.874393804
  0
LWPOLYLINE
  5
164
330
17
100
AcDbEntity
  8
ROADS
100
AcDbPolyline
 90
2
 70
0
 10
631186.6346871128
 20
4834139.015095741
 10
631277.539327293
 20
4834192.356026848
  0
LWPOLYLINE
  5
165
330
17
100
AcDbEntity
  8
ROADS
100
AcDbPolyline
 90
2
 70
0
 10
631142.9960371502
 20
4834129.190660087
 10
631117.7419909384
 20
4834202.677628214
  0
LWPOLYLINE
  5
166
330
17
100
AcDbEntity
  8
ROADS
100
AcDbPolyline
 90
2
 70
0
 10
631013.1129451032
 20
4834168.837094755
 10
631080.8176090436
 20
4834190.874393804
  0
LWPOLYLINE
  5
167
330
17
100
AcDbEntity
  8
ROADS
100
AcDbPolyline
 90
2
 70
0
 10
631080.8176090436
 20
4834190.874393804
 10
631117.7419909384
 20
4834202.677628214
  0
LWPOLYLINE
  5
168
330
17
100
AcDbEntity
  8
ROADS
100
AcDbPolyline
 90
2
 70
0
 10
631277.539327293
 20
4834192.356026848
 10
631335.4124066706
 20
4834225.730492487
  0
LWPOLYLINE
  5
169
330
17
100
AcDbEntity
  8
ROADS
100
AcDbPolyline
 90
2
 70
0
 10
631475.0554934586
 20
4834124.550851597
 10
631463.423850408
 20
4834160.336292559
  0
LWPOLYLINE
  5
16A
330
17
100
AcDbEntity
  8
ROADS
100
AcDbPolyline
 90
2
 70
0
 10
631586.0273316123
 20
4834132.488113246
 10
631576.1126191855
 20
4834157.605798541
  0
LWPOLYLINE
  5
16B
330
17
100
AcDbEntity
  8
ROADS
100
AcDbPolyline
 90
2
 70
0
 10
631500.6617341728
 20
4834132.887272393
 10
631576.1126191855
 20
4834157.605798541
  0
LWPOLYLINE
  5
16C
330
17
100
AcDbEntity
  8
ROADS
100
AcDbPolyline
 90
2
 70
0
 10
631381.1898560624
 20
4834089.618760497
 10
631335.4124066706
 20
4834225.730492487
  0
LWPOLYLINE
  5
16D
330
17
100
AcDbEntity
  8
ROADS
100
AcDbPolyline
 90
2
 70
0
 10
631576.1126191855
 20
4834157.605798541
 10
631670.1529194103
 20
4834189.51685791
  0
LWPOLYLINE
  5
16E
330
17
100
AcDbEntity
  8
ROADS
100
AcDbPolyline
 90
2
 70
0
 10
631576.1126191855
 20
4834157.605798541
 10
631563.4621221337
 20
4834193.765862643
  0
LWPOLYLINE
  5
16F
330
17
100
AcDbEntity
  8
ROADS
100
AcDbPolyline
 90
2
 70
0
 10
631463.423850408
 20
4834160.336292559
 10
631440.2062128676
 20
4834231.372952477
  0
LWPOLYLINE
  5
170
330
17
100
AcDbEntity
  8
ROADS
100
AcDbPolyline
 90
3
 70
0
 10
631463.423850408
 20
4834160.336292559
 10
631511.3329910487
 20
4834177.899502861
 10
631488.1887440057
 20
4834246.867343908
  0
LWPOLYLINE
  5
171
330
17
100
AcDbEntity
  8
ROADS
100
AcDbPolyline
 90
2
 70
0
 10
631563.4621221337
 20
4834193.765862643
 10
631539.1628918254
 20
4834263.446891481
  0
LWPOLYLINE
  5
172
330
17
100
AcDbEntity
  8
ROADS
100
AcDbPolyline
 90
3
 70
0
 10
631600.0422270522
 20
4834268.936640321
 10
631619.0672522143
 20
4834212.0262316605
 10
631563.4621221337
 20
4834193.765862643
  0
LWPOLYLINE
  5
173
330
17
100
AcDbEntity
  8
ROADS
100
AcDbPolyline
 90
2
 70
0
 10
631716.8818855053
 20
4834167.415765898
 10
631701.3185284329
 20
4834172.018323578
  0
LWPOLYLINE
  5
174
330
17
100
AcDbEntity
  8
ROADS
100
AcDbPolyline
 90
2
 70
0
 10
631758.4823329913
 20
4834170.496875447
 10
631765.8327628024
 20
4834172.921097853
  0
LWPOLYLINE
  5
175
330
17
100
AcDbEntity
  8
ROADS
100
AcDbPolyline
 90
2
 70
0
 10
631716.8818855053
 20
4834167.415765898
 10
631750.1810181563
 20
4834188.52603189
  0
LWPOLYLINE
  5
176
330
17
100
AcDbEntity
  8
ROADS
100
AcDbPolyline
 90
2
 70
0
 10
631701.3185284329
 20
4834172.018323578
 10
631710.7693945866
 20
4834185.288635478
  0
LWPOLYLINE
  5
177
330
17
100
AcDbEntity
  8
ROADS
100
AcDbPolyline
 90
2
 70
0
 10
631758.4823329913
 20
4834170.496875447
 10
631750.1810181563
 20
4834188.52603189
  0
LWPOLYLINE
  5
178
330
17
100
AcDbEntity
  8
ROADS
100
AcDbPolyline
 90
2
 70
0
 10
631701.3185284329
 20
4834172.018323578
 10
631670.1529194103
 20
4834189.51685791
  0
LWPOLYLINE
  5
179
330
17
100
AcDbEntity
  8
ROADS
100
AcDbPolyline
 90
2
 70
0
 10
631710.7693945866
 20
4834185.288635478
 10
631750.1810181563
 20
4834188.52603189
  0
LWPOLYLINE
  5
17A
330
17
100
AcDbEntity
  8
ROADS
100
AcDbPolyline
 90
2
 70
0
 10
631705.1910557924
 20
4834201.772054052
 10
631710.7693945866
 20
4834185.288635478
  0
LWPOLYLINE
  5
17B
330
17
100
AcDbEntity
  8
ROADS
100
AcDbPolyline
 90
2
 70
0
 10
631117.7419909384
 20
4834202.677628214
 10
631108.0251656857
 20
4834233.446268142
  0
LWPOLYLINE
  5
17C
330
17
100
AcDbEntity
  8
ROADS
100
AcDbPolyline
 90
2
 70
0
 10
631108.0251656857
 20
4834233.446268142
 10
631223.8585836443
 20
4834270.7435950665
  0
LWPOLYLINE
  5
17D
330
17
100
AcDbEntity
  8
ROADS
100
AcDbPolyline
 90
2
 70
0
 10
631108.0251656857
 20
4834233.446268142
 10
631094.744662553
 20
4834275.469322675
  0
LWPOLYLINE
  5
17E
330
17
100
AcDbEntity
  8
ROADS
100
AcDbPolyline
 90
2
 70
0
 10
630990.5407790456
 20
4834240.792391845
 10
631094.744662553
 20
4834275.469322675
  0
LWPOLYLINE
  5
17F
330
17
100
AcDbEntity
  8
ROADS
100
AcDbPolyline
 90
2
 70
0
 10
631335.4124066706
 20
4834225.730492487
 10
631296.9057333041
 20
4834339.086917849
  0
LWPOLYLINE
  5
180
330
17
100
AcDbEntity
  8
ROADS
100
AcDbPolyline
 90
2
 70
0
 10
631094.744662553
 20
4834275.469322675
 10
631172.0837156737
 20
4834298.188832477
  0
LWPOLYLINE
  5
181
330
17
100
AcDbEntity
  8
ROADS
100
AcDbPolyline
 90
2
 70
0
 10
631172.0837156737
 20
4834298.188832477
 10
631184.1161114685
 20
4834302.033591721
  0
LWPOLYLINE
  5
182
330
17
100
AcDbEntity
  8
ROADS
100
AcDbPolyline
 90
2
 70
0
 10
631094.744662553
 20
4834275.469322675
 10
631076.6159283634
 20
4834334.52599597
  0
LWPOLYLINE
  5
183
330
17
100
AcDbEntity
  8
ROADS
100
AcDbPolyline
 90
2
 70
0
 10
631184.1161114685
 20
4834302.033591721
 10
631220.6455528301
 20
4834313.721695122
  0
LWPOLYLINE
  5
184
330
17
100
AcDbEntity
  8
ROADS
100
AcDbPolyline
 90
2
 70
0
 10
631172.0837156737
 20
4834298.188832477
 10
631180.2403189358
 20
4834323.694636354
  0
LWPOLYLINE
  5
185
330
17
100
AcDbEntity
  8
ROADS
100
AcDbPolyline
 90
2
 70
0
 10
631440.2062128676
 20
4834231.372952477
 10
631488.1887440057
 20
4834246.867343908
  0
LWPOLYLINE
  5
186
330
17
100
AcDbEntity
  8
ROADS
100
AcDbPolyline
 90
2
 70
0
 10
631335.4124066706
 20
4834225.730492487
 10
631427.8238959984
 20
4834272.116187486
  0
LWPOLYLINE
  5
187
330
17
100
AcDbEntity
  8
ROADS
100
AcDbPolyline
 90
2
 70
0
 10
631440.2062128676
 20
4834231.372952477
 10
631427.8238959984
 20
4834272.116187486
  0
LWPOLYLINE
  5
188
330
17
100
AcDbEntity
  8
ROADS
100
AcDbPolyline
 90
2
 70
0
 10
631488.1887440057
 20
4834246.867343908
 10
631539.1628918254
 20
4834263.446891481
  0
LWPOLYLINE
  5
189
330
17
100
AcDbEntity
  8
ROADS
100
AcDbPolyline
 90
2
 70
0
 10
631670.1529194103
 20
4834189.51685791
 10
631619.5409255933
 20
4834338.304264683
  0
LWPOLYLINE
  5
18A
330
17
100
AcDbEntity
  8
ROADS
100
AcDbPolyline
 90
2
 70
0
 10
631539.1628918254
 20
4834263.446891481
 10
631524.8969771701
 20
4834303.7170575755
  0
LWPOLYLINE
  5
18B
330
17
100
AcDbEntity
  8
ROADS
100
AcDbPolyline
 90
2
 70
0
 10
631427.8238959984
 20
4834272.116187486
 10
631524.8969771701
 20
4834303.7170575755
  0
LWPOLYLINE
  5
18C
330
17
100
AcDbEntity
  8
ROADS
100
AcDbPolyline
 90
2
 70
0
 10
631524.8969771701
 20
4834303.7170575755
 10
631619.5409255933
 20
4834338.304264683
  0
LWPOLYLINE
  5
18D
330
17
100
AcDbEntity
  8
ROADS
100
AcDbPolyline
 90
2
 70
0
 10
631427.8238959984
 20
4834272.116187486
 10
631392.8917350952
 20
4834371.34919655
  0
LWPOLYLINE
  5
18E
330
17
100
AcDbEntity
  8
ROADS
100
AcDbPolyline
 90
2
 70
0
 10
631524.8969771701
 20
4834303.7170575755
 10
631490.6703530458
 20
4834403.1988631245
  0
LWPOLYLINE
  5
18F
330
17
100
AcDbEntity
  8
ROADS
100
AcDbPolyline
 90
2
 70
0
 10
629645.2443810395
 20
4834290.404848187
 10
629625.0914086003
 20
4834352.513888538
  0
LWPOLYLINE
  5
190
330
17
100
AcDbEntity
  8
ROADS
100
AcDbPolyline
 90
2
 70
0
 10
629787.3049352557
 20
4834324.392182345
 10
629777.7943166906
 20
4834350.65627702
  0
LWPOLYLINE
  5
191
330
17
100
AcDbEntity
  8
ROADS
100
AcDbPolyline
 90
2
 70
0
 10
629661.5067561778
 20
4834376.4797332585
 10
629685.146895022
 20
4834302.313880673
  0
LWPOLYLINE
  5
192
330
17
100
AcDbEntity
  8
ROADS
100
AcDbPolyline
 90
2
 70
0
 10
629625.0914086003
 20
4834352.513888538
 10
629548.257214054
 20
4834329.049538624
  0
LWPOLYLINE
  5
193
330
17
100
AcDbEntity
  8
ROADS
100
AcDbPolyline
 90
2
 70
0
 10
629727.5886348569
 20
4834315.658910321
 10
629701.888981137
 20
4834393.192280017
  0
LWPOLYLINE
  5
194
330
17
100
AcDbEntity
  8
ROADS
100
AcDbPolyline
 90
2
 70
0
 10
629625.0914086003
 20
4834352.513888538
 10
629621.535892643
 20
4834364.313439559
  0
LWPOLYLINE
  5
195
330
17
100
AcDbEntity
  8
ROADS
100
AcDbPolyline
 90
2
 70
0
 10
629661.5067561778
 20
4834376.4797332585
 10
629621.535892643
 20
4834364.313439559
  0
LWPOLYLINE
  5
196
330
17
100
AcDbEntity
  8
ROADS
100
AcDbPolyline
 90
2
 70
0
 10
629846.2867569147
 20
4834326.787073342
 10
629814.3875293534
 20
4834425.047358607
  0
LWPOLYLINE
  5
197
330
17
100
AcDbEntity
  8
ROADS
100
AcDbPolyline
 90
2
 70
0
 10
629777.7943166906
 20
4834350.65627702
 10
629749.4492155393
 20
4834404.178172684
  0
LWPOLYLINE
  5
198
330
17
100
AcDbEntity
  8
ROADS
100
AcDbPolyline
 90
2
 70
0
 10
629777.7943166906
 20
4834350.65627702
 10
629769.5880214914
 20
4834410.075583023
  0
LWPOLYLINE
  5
199
330
17
100
AcDbEntity
  8
ROADS
100
AcDbPolyline
 90
2
 70
0
 10
629548.257214054
 20
4834329.049538624
 10
629531.4979444274
 20
4834382.280287593
  0
LWPOLYLINE
  5
19A
330
17
100
AcDbEntity
  8
ROADS
100
AcDbPolyline
 90
2
 70
0
 10
629452.9432179083
 20
4834363.291135126
 10
629502.9525370557
 20
4834383.411420645
  0
LWPOLYLINE
  5
19B
330
17
100
AcDbEntity
  8
ROADS
100
AcDbPolyline
 90
2
 70
0
 10
629502.9525370557
 20
4834383.411420645
 10
629516.0187803403
 20
4834387.209847988
  0
LWPOLYLINE
  5
19C
330
17
100
AcDbEntity
  8
ROADS
100
AcDbPolyline
 90
2
 70
0
 10
629502.9525370557
 20
4834383.411420645
 10
629491.1480687123
 20
4834421.235658179
  0
LWPOLYLINE
  5
19D
330
17
100
AcDbEntity
  8
ROADS
100
AcDbPolyline
 90
2
 70
0
 10
629701.888981137
 20
4834393.192280017
 10
629661.5067561778
 20
4834376.4797332585
  0
LWPOLYLINE
  5
19E
330
17
100
AcDbEntity
  8
ROADS
100
AcDbPolyline
 90
2
 70
0
 10
629714.1861842191
 20
4834393.200547
 10
629701.888981137
 20
4834393.192280017
  0
LWPOLYLINE
  5
19F
330
17
100
AcDbEntity
  8
ROADS
100
AcDbPolyline
 90
2
 70
0
 10
629749.4492155393
 20
4834404.178172684
 10
629714.1861842191
 20
4834393.200547
  0
LWPOLYLINE
  5
1A0
330
17
100
AcDbEntity
  8
ROADS
100
AcDbPolyline
 90
2
 70
0
 10
629701.888981137
 20
4834393.192280017
 10
629694.3231887161
 20
4834414.037476001
  0
LWPOLYLINE
  5
1A1
330
17
100
AcDbEntity
  8
ROADS
100
AcDbPolyline
 90
3
 70
0
 10
629714.1861842191
 20
4834393.200547
 10
629706.4018326725
 20
4834417.589038986
 10
629694.3231887161
 20
4834414.037476001
  0
LWPOLYLINE
  5
1A2
330
17
100
AcDbEntity
  8
ROADS
100
AcDbPolyline
 90
2
 70
0
 10
629769.5880214914
 20
4834410.075583023
 10
629749.4492155393
 20
4834404.178172684
  0
LWPOLYLINE
  5
1A3
330
17
100
AcDbEntity
  8
ROADS
100
AcDbPolyline
 90
2
 70
0
 10
629621.535892643
 20
4834364.313439559
 10
629593.1219529177
 20
4834452.612963937
  0
LWPOLYLINE
  5
1A4
330
17
100
AcDbEntity
  8
ROADS
100
AcDbPolyline
 90
2
 70
0
 10
629814.3875293534
 20
4834425.047358607
 10
629769.5880214914
 20
4834410.075583023
  0
LWPOLYLINE
  5
1A5
330
17
100
AcDbEntity
  8
ROADS
100
AcDbPolyline
 90
2
 70
0
 10
629593.1219529177
 20
4834452.612963937
 10
629549.7893748719
 20
4834439.256819567
  0
LWPOLYLINE
  5
1A6
330
17
100
AcDbEntity
  8
ROADS
100
AcDbPolyline
 90
2
 70
0
 10
629694.3231887161
 20
4834414.037476001
 10
629670.2549505322
 20
4834492.2998689
  0
LWPOLYLINE
  5
1A7
330
17
100
AcDbEntity
  8
ROADS
100
AcDbPolyline
 90
2
 70
0
 10
629491.1480687123
 20
4834421.235658179
 10
629441.335140414
 20
4834405.290902302
  0
LWPOLYLINE
  5
1A8
330
17
100
AcDbEntity
  8
ROADS
100
AcDbPolyline
 90
2
 70
0
 10
629549.7893748719
 20
4834439.256819567
 10
629562.8961535813
 20
4834398.764930928
  0
LWPOLYLINE
  5
1A9
330
17
100
AcDbEntity
  8
ROADS
100
AcDbPolyline
 90
2
 70
0
 10
629535.8697917967
 20
4834435.141944219
 10
629491.1480687123
 20
4834421.235658179
  0
LWPOLYLINE
  5
1AA
330
17
100
AcDbEntity
  8
ROADS
100
AcDbPolyline
 90
2
 70
0
 10
629549.7893748719
 20
4834439.256819567
 10
629535.8697917967
 20
4834435.141944219
  0
LWPOLYLINE
  5
1AB
330
17
100
AcDbEntity
  8
ROADS
100
AcDbPolyline
 90
2
 70
0
 10
629535.8697917967
 20
4834435.141944219
 10
629518.2834572995
 20
4834489.146790368
  0
LWPOLYLINE
  5
1AC
330
17
100
AcDbEntity
  8
ROADS
100
AcDbPolyline
 90
2
 70
0
 10
629518.2834572995
 20
4834489.146790368
 10
629425.0598489649
 20
4834459.2164873015
  0
LWPOLYLINE
  5
1AD
330
17
100
AcDbEntity
  8
ROADS
100
AcDbPolyline
 90
2
 70
0
 10
629518.2834572995
 20
4834489.146790368
 10
629501.3240024878
 20
4834541.3898407845
  0
LWPOLYLINE
  5
1AE
330
17
100
AcDbEntity
  8
ROADS
100
AcDbPolyline
 90
2
 70
0
 10
629501.3240024878
 20
4834541.3898407845
 10
629408.0960501501
 20
4834511.817413624
  0
LWPOLYLINE
  5
1AF
330
17
100
AcDbEntity
  8
ROADS
100
AcDbPolyline
 90
2
 70
0
 10
629593.1219529177
 20
4834452.612963937
 10
629616.6731623078
 20
4834478.52843531
  0
LWPOLYLINE
  5
1B0
330
17
100
AcDbEntity
  8
ROADS
100
AcDbPolyline
 90
2
 70
0
 10
629617.6550744394
 20
4834468.246473108
 10
629616.6731623078
 20
4834478.52843531
  0
LWPOLYLINE
  5
1B1
330
17
100
AcDbEntity
  8
ROADS
100
AcDbPolyline
 90
2
 70
0
 10
629814.3875293534
 20
4834425.047358607
 10
629781.1485082578
 20
4834527.383692435
  0
LWPOLYLINE
  5
1B2
330
17
100
AcDbEntity
  8
ROADS
100
AcDbPolyline
 90
2
 70
0
 10
629616.6731623078
 20
4834478.52843531
 10
629636.4680210963
 20
4834499.303659443
  0
LWPOLYLINE
  5
1B3
330
17
100
AcDbEntity
  8
ROADS
100
AcDbPolyline
 90
2
 70
0
 10
629670.2549505322
 20
4834492.2998689
 10
629636.4680210963
 20
4834499.303659443
  0
LWPOLYLINE
  5
1B4
330
17
100
AcDbEntity
  8
ROADS
100
AcDbPolyline
 90
2
 70
0
 10
629670.2549505322
 20
4834492.2998689
 10
629704.3745336088
 20
4834509.853541833
  0
LWPOLYLINE
  5
1B5
330
17
100
AcDbEntity
  8
ROADS
100
AcDbPolyline
 90
2
 70
0
 10
629670.2549505322
 20
4834492.2998689
 10
629663.9643365685
 20
4834513.886660804
  0
LWPOLYLINE
  5
1B6
330
17
100
AcDbEntity
  8
ROADS
100
AcDbPolyline
 90
2
 70
0
 10
629636.4680210963
 20
4834499.303659443
 10
629628.2620438983
 20
4834508.786992729
  0
LWPOLYLINE
  5
1B7
330
17
100
AcDbEntity
  8
ROADS
100
AcDbPolyline
 90
2
 70
0
 10
629593.1219529177
 20
4834452.612963937
 10
629558.9964943727
 20
4834559.175496179
  0
LWPOLYLINE
  5
1B8
330
17
100
AcDbEntity
  8
ROADS
100
AcDbPolyline
 90
2
 70
0
 10
629636.4680210963
 20
4834499.303659443
 10
629643.4872374203
 20
4834513.426507273
  0
LWPOLYLINE
  5
1B9
330
17
100
AcDbEntity
  8
ROADS
100
AcDbPolyline
 90
2
 70
0
 10
629643.4872374203
 20
4834513.426507273
 10
629663.9643365685
 20
4834513.886660804
  0
LWPOLYLINE
  5
1BA
330
17
100
AcDbEntity
  8
ROADS
100
AcDbPolyline
 90
2
 70
0
 10
629704.3745336088
 20
4834509.853541833
 10
629680.4797204034
 20
4834523.997875053
  0
LWPOLYLINE
  5
1BB
330
17
100
AcDbEntity
  8
ROADS
100
AcDbPolyline
 90
2
 70
0
 10
629781.1485082578
 20
4834527.383692435
 10
629704.3745336088
 20
4834509.853541833
  0
LWPOLYLINE
  5
1BC
330
17
100
AcDbEntity
  8
ROADS
100
AcDbPolyline
 90
2
 70
0
 10
629663.9643365685
 20
4834513.886660804
 10
629680.4797204034
 20
4834523.997875053
  0
LWPOLYLINE
  5
1BD
330
17
100
AcDbEntity
  8
ROADS
100
AcDbPolyline
 90
2
 70
0
 10
629704.3745336088
 20
4834509.853541833
 10
629714.0936014453
 20
4834546.540007144
  0
LWPOLYLINE
  5
1BE
330
17
100
AcDbEntity
  8
ROADS
100
AcDbPolyline
 90
2
 70
0
 10
629643.4872374203
 20
4834513.426507273
 10
629611.6217269871
 20
4834562.57226763
  0
LWPOLYLINE
  5
1BF
330
17
100
AcDbEntity
  8
ROADS
100
AcDbPolyline
 90
2
 70
0
 10
629714.0936014453
 20
4834546.540007144
 10
629729.2584177883
 20
4834547.770196628
  0
LWPOLYLINE
  5
1C0
330
17
100
AcDbEntity
  8
ROADS
100
AcDbPolyline
 90
3
 70
0
 10
629680.4797204034
 20
4834523.997875053
 10
629689.9217375311
 20
4834555.623729909
 10
629673.7349795081
 20
4834581.716960194
  0
LWPOLYLINE
  5
1C1
330
17
100
AcDbEntity
  8
ROADS
100
AcDbPolyline
 90
2
 70
0
 10
629611.6217269871
 20
4834562.57226763
 10
629558.9964943727
 20
4834559.175496179
  0
LWPOLYLINE
  5
1C2
330
17
100
AcDbEntity
  8
ROADS
100
AcDbPolyline
 90
2
 70
0
 10
629611.6217269871
 20
4834562.57226763
 10
629620.070569716
 20
4834578.712762465
  0
LWPOLYLINE
  5
1C3
330
17
100
AcDbEntity
  8
ROADS
100
AcDbPolyline
 90
2
 70
0
 10
629558.9964943727
 20
4834559.175496179
 10
629501.3240024878
 20
4834541.3898407845
  0
LWPOLYLINE
  5
1C4
330
17
100
AcDbEntity
  8
ROADS
100
AcDbPolyline
 90
3
 70
0
 10
629393.1152924476
 20
4834558.255221895
 10
629403.868807969
 20
4834561.777733067
 10
629400.0621241354
 20
4834574.77481623
  0
LWPOLYLINE
  5
1C5
330
17
100
AcDbEntity
  8
ROADS
100
AcDbPolyline
 90
2
 70
0
 10
629501.3240024878
 20
4834541.3898407845
 10
629482.9975517518
 20
4834598.993545463
  0
LWPOLYLINE
  5
1C6
330
17
100
AcDbEntity
  8
ROADS
100
AcDbPolyline
 90
2
 70
0
 10
629482.9975517518
 20
4834598.993545463
 10
629400.0621241354
 20
4834574.77481623
  0
LWPOLYLINE
  5
1C7
330
17
100
AcDbEntity
  8
ROADS
100
AcDbPolyline
 90
2
 70
0
 10
631184.1161114685
 20
4834302.033591721
 10
631180.2403189358
 20
4834323.694636354
  0
LWPOLYLINE
  5
1C8
330
17
100
AcDbEntity
  8
ROADS
100
AcDbPolyline
 90
2
 70
0
 10
630996.9109112114
 20
4834309.3065379625
 10
631033.4050692187
 20
4834321.175011454
  0
LWPOLYLINE
  5
1C9
330
17
100
AcDbEntity
  8
ROADS
100
AcDbPolyline
 90
2
 70
0
 10
631220.6455528301
 20
4834313.721695122
 10
631263.1869834752
 20
4834327.537620656
  0
LWPOLYLINE
  5
1CA
330
17
100
AcDbEntity
  8
ROADS
100
AcDbPolyline
 90
2
 70
0
 10
631220.6455528301
 20
4834313.721695122
 10
631213.5144999383
 20
4834335.346902739
  0
LWPOLYLINE
  5
1CB
330
17
100
AcDbEntity
  8
ROADS
100
AcDbPolyline
 90
2
 70
0
 10
631194.1370067071
 20
4834330.739828344
 10
631197.5342724209
 20
4834320.337464286
  0
LWPOLYLINE
  5
1CC
330
17
100
AcDbEntity
  8
ROADS
100
AcDbPolyline
 90
2
 70
0
 10
631180.2403189358
 20
4834323.694636354
 10
631194.1370067071
 20
4834330.739828344
  0
LWPOLYLINE
  5
1CD
330
17
100
AcDbEntity
  8
ROADS
100
AcDbPolyline
 90
2
 70
0
 10
631033.4050692187
 20
4834321.175011454
 10
631076.6159283634
 20
4834334.52599597
  0
LWPOLYLINE
  5
1CE
330
17
100
AcDbEntity
  8
ROADS
100
AcDbPolyline
 90
2
 70
0
 10
631194.1370067071
 20
4834330.739828344
 10
631213.5144999383
 20
4834335.346902739
  0
LWPOLYLINE
  5
1CF
330
17
100
AcDbEntity
  8
ROADS
100
AcDbPolyline
 90
2
 70
0
 10
631263.1869834752
 20
4834327.537620656
 10
631296.9057333041
 20
4834339.086917849
  0
LWPOLYLINE
  5
1D0
330
17
100
AcDbEntity
  8
ROADS
100
AcDbPolyline
 90
2
 70
0
 10
631180.2403189358
 20
4834323.694636354
 10
631190.0967042249
 20
4834343.022708397
  0
LWPOLYLINE
  5
1D1
330
17
100
AcDbEntity
  8
ROADS
100
AcDbPolyline
 90
2
 70
0
 10
631767.300919686
 20
4834223.561264087
 10
631734.612033926
 20
4834323.229957124
  0
LWPOLYLINE
  5
1D2
330
17
100
AcDbEntity
  8
ROADS
100
AcDbPolyline
 90
2
 70
0
 10
631734.612033926
 20
4834323.229957124
 10
631716.9752269394
 20
4834370.837770183
  0
LWPOLYLINE
  5
1D3
330
17
100
AcDbEntity
  8
ROADS
100
AcDbPolyline
 90
2
 70
0
 10
631619.5409255933
 20
4834338.304264683
 10
631716.9752269394
 20
4834370.837770183
  0
LWPOLYLINE
  5
1D4
330
17
100
AcDbEntity
  8
ROADS
100
AcDbPolyline
 90
2
 70
0
 10
631808.7264478514
 20
4834348.142590024
 10
631734.612033926
 20
4834323.229957124
  0
LWPOLYLINE
  5
1D5
330
17
100
AcDbEntity
  8
ROADS
100
AcDbPolyline
 90
2
 70
0
 10
631716.9752269394
 20
4834370.837770183
 10
631702.8028153242
 20
4834418.161174233
  0
LWPOLYLINE
  5
1D6
330
17
100
AcDbEntity
  8
ROADS
100
AcDbPolyline
 90
2
 70
0
 10
631716.9752269394
 20
4834370.837770183
 10
631815.744906652
 20
4834403.267857183
  0
LWPOLYLINE
  5
1D7
330
17
100
AcDbEntity
  8
ROADS
100
AcDbPolyline
 90
2
 70
0
 10
631263.1869834752
 20
4834327.537620656
 10
631238.2456389752
 20
4834345.629660491
  0
LWPOLYLINE
  5
1D8
330
17
100
AcDbEntity
  8
ROADS
100
AcDbPolyline
 90
2
 70
0
 10
631194.1370067071
 20
4834330.739828344
 10
631190.0967042249
 20
4834343.022708397
  0
LWPOLYLINE
  5
1D9
330
17
100
AcDbEntity
  8
ROADS
100
AcDbPolyline
 90
2
 70
0
 10
631238.2456389752
 20
4834345.629660491
 10
631237.4566732047
 20
4834332.926962034
  0
LWPOLYLINE
  5
1DA
330
17
100
AcDbEntity
  8
ROADS
100
AcDbPolyline
 90
2
 70
0
 10
631213.5144999383
 20
4834335.346902739
 10
631238.2456389752
 20
4834345.629660491
  0
LWPOLYLINE
  5
1DB
330
17
100
AcDbEntity
  8
ROADS
100
AcDbPolyline
 90
2
 70
0
 10
631213.5144999383
 20
4834335.346902739
 10
631202.833795744
 20
4834367.966762907
  0
LWPOLYLINE
  5
1DC
330
17
100
AcDbEntity
  8
ROADS
100
AcDbPolyline
 90
2
 70
0
 10
631296.9057333041
 20
4834339.086917849
 10
631392.8917350952
 20
4834371.34919655
  0
LWPOLYLINE
  5
1DD
330
17
100
AcDbEntity
  8
ROADS
100
AcDbPolyline
 90
2
 70
0
 10
631190.0967042249
 20
4834343.022708397
 10
631202.833795744
 20
4834367.966762907
  0
LWPOLYLINE
  5
1DE
330
17
100
AcDbEntity
  8
ROADS
100
AcDbPolyline
 90
2
 70
0
 10
631238.2456389752
 20
4834345.629660491
 10
631202.833795744
 20
4834367.966762907
  0
LWPOLYLINE
  5
1DF
330
17
100
AcDbEntity
  8
ROADS
100
AcDbPolyline
 90
2
 70
0
 10
631238.2456389752
 20
4834345.629660491
 10
631242.2120845828
 20
4834382.6625876585
  0
LWPOLYLINE
  5
1E0
330
17
100
AcDbEntity
  8
ROADS
100
AcDbPolyline
 90
2
 70
0
 10
631076.6159283634
 20
4834334.52599597
 10
631050.5178026633
 20
4834414.8721813755
  0
LWPOLYLINE
  5
1E1
330
17
100
AcDbEntity
  8
ROADS
100
AcDbPolyline
 90
2
 70
0
 10
631202.833795744
 20
4834367.966762907
 10
631213.4292957176
 20
4834389.2278393665
  0
LWPOLYLINE
  5
1E2
330
17
100
AcDbEntity
  8
ROADS
100
AcDbPolyline
 90
2
 70
0
 10
631296.9057333041
 20
4834339.086917849
 10
631270.7570539755
 20
4834419.407240241
  0
LWPOLYLINE
  5
1E3
330
17
100
AcDbEntity
  8
ROADS
100
AcDbPolyline
 90
2
 70
0
 10
631213.4292957176
 20
4834389.2278393665
 10
631218.4350790357
 20
4834376.922407819
  0
LWPOLYLINE
  5
1E4
330
17
100
AcDbEntity
  8
ROADS
100
AcDbPolyline
 90
2
 70
0
 10
631242.2120845828
 20
4834382.6625876585
 10
631219.9037258642
 20
4834400.959727312
  0
LWPOLYLINE
  5
1E5
330
17
100
AcDbEntity
  8
ROADS
100
AcDbPolyline
 90
2
 70
0
 10
631213.4292957176
 20
4834389.2278393665
 10
631219.9037258642
 20
4834400.959727312
  0
LWPOLYLINE
  5
1E6
330
17
100
AcDbEntity
  8
ROADS
100
AcDbPolyline
 90
2
 70
0
 10
631242.2120845828
 20
4834382.6625876585
 10
631248.3209160026
 20
4834412.822230432
  0
LWPOLYLINE
  5
1E7
330
17
100
AcDbEntity
  8
ROADS
100
AcDbPolyline
 90
2
 70
0
 10
631202.833795744
 20
4834367.966762907
 10
631139.760036268
 20
4834442.055194407
  0
LWPOLYLINE
  5
1E8
330
17
100
AcDbEntity
  8
ROADS
100
AcDbPolyline
 90
2
 70
0
 10
631219.9037258642
 20
4834400.959727312
 10
631229.7862793773
 20
4834420.167768085
  0
LWPOLYLINE
  5
1E9
330
17
100
AcDbEntity
  8
ROADS
100
AcDbPolyline
 90
2
 70
0
 10
631248.3209160026
 20
4834412.822230432
 10
631270.7570539755
 20
4834419.407240241
  0
LWPOLYLINE
  5
1EA
330
17
100
AcDbEntity
  8
ROADS
100
AcDbPolyline
 90
2
 70
0
 10
631248.3209160026
 20
4834412.822230432
 10
631229.7862793773
 20
4834420.167768085
  0
LWPOLYLINE
  5
1EB
330
17
100
AcDbEntity
  8
ROADS
100
AcDbPolyline
 90
2
 70
0
 10
631619.5409255933
 20
4834338.304264683
 10
631604.4563645757
 20
4834386.241215652
  0
LWPOLYLINE
  5
1EC
330
17
100
AcDbEntity
  8
ROADS
100
AcDbPolyline
 90
2
 70
0
 10
631392.8917350952
 20
4834371.34919655
 10
631490.6703530458
 20
4834403.1988631245
  0
LWPOLYLINE
  5
1ED
330
17
100
AcDbEntity
  8
ROADS
100
AcDbPolyline
 90
2
 70
0
 10
631702.8028153242
 20
4834418.161174233
 10
631604.4563645757
 20
4834386.241215652
  0
LWPOLYLINE
  5
1EE
330
17
100
AcDbEntity
  8
ROADS
100
AcDbPolyline
 90
2
 70
0
 10
631604.4563645757
 20
4834386.241215652
 10
631589.5869139413
 20
4834435.279132946
  0
LWPOLYLINE
  5
1EF
330
17
100
AcDbEntity
  8
ROADS
100
AcDbPolyline
 90
2
 70
0
 10
631490.6703530458
 20
4834403.1988631245
 10
631589.5869139413
 20
4834435.279132946
  0
LWPOLYLINE
  5
1F0
330
17
100
AcDbEntity
  8
ROADS
100
AcDbPolyline
 90
2
 70
0
 10
631392.8917350952
 20
4834371.34919655
 10
631361.6163506146
 20
4834468.395118147
  0
LWPOLYLINE
  5
1F1
330
17
100
AcDbEntity
  8
ROADS
100
AcDbPolyline
 90
2
 70
0
 10
631589.5869139413
 20
4834435.279132946
 10
631686.5092153811
 20
4834466.758330429
  0
LWPOLYLINE
  5
1F2
330
17
100
AcDbEntity
  8
ROADS
100
AcDbPolyline
 90
2
 70
0
 10
631490.6703530458
 20
4834403.1988631245
 10
631457.9958641138
 20
4834501.571620682
  0
LWPOLYLINE
  5
1F3
330
17
100
AcDbEntity
  8
ROADS
100
AcDbPolyline
 90
2
 70
0
 10
631589.5869139413
 20
4834435.279132946
 10
631558.8343163306
 20
4834532.945601741
  0
LWPOLYLINE
  5
1F4
330
17
100
AcDbEntity
  8
ROADS
100
AcDbPolyline
 90
2
 70
0
 10
631361.6163506146
 20
4834468.395118147
 10
631457.9958641138
 20
4834501.571620682
  0
LWPOLYLINE
  5
1F5
330
17
100
AcDbEntity
  8
ROADS
100
AcDbPolyline
 90
2
 70
0
 10
631248.3209160026
 20
4834412.822230432
 10
631236.0692189091
 20
4834432.479238915
  0
LWPOLYLINE
  5
1F6
330
17
100
AcDbEntity
  8
ROADS
100
AcDbPolyline
 90
2
 70
0
 10
631229.7862793773
 20
4834420.167768085
 10
631236.0692189091
 20
4834432.479238915
  0
LWPOLYLINE
  5
1F7
330
17
100
AcDbEntity
  8
ROADS
100
AcDbPolyline
 90
2
 70
0
 10
631270.7570539755
 20
4834419.407240241
 10
631265.5338056886
 20
4834434.890977586
  0
LWPOLYLINE
  5
1F8
330
17
100
AcDbEntity
  8
ROADS
100
AcDbPolyline
 90
2
 70
0
 10
631050.5178026633
 20
4834414.8721813755
 10
631139.760036268
 20
4834442.055194407
  0
LWPOLYLINE
  5
1F9
330
17
100
AcDbEntity
  8
ROADS
100
AcDbPolyline
 90
2
 70
0
 10
631236.0692189091
 20
4834432.479238915
 10
631257.8823677581
 20
4834458.895455833
  0
LWPOLYLINE
  5
1FA
330
17
100
AcDbEntity
  8
ROADS
100
AcDbPolyline
 90
2
 70
0
 10
631265.5338056886
 20
4834434.890977586
 10
631257.8823677581
 20
4834458.895455833
  0
LWPOLYLINE
  5
1FB
330
17
100
AcDbEntity
  8
ROADS
100
AcDbPolyline
 90
2
 70
0
 10
631050.5178026633
 20
4834414.8721813755
 10
631026.8642354218
 20
4834483.522682692
  0
LWPOLYLINE
  5
1FC
330
17
100
AcDbEntity
  8
ROADS
100
AcDbPolyline
 90
3
 70
0
 10
631139.760036268
 20
4834442.055194407
 10
631215.082592572
 20
4834464.683291318
 10
631257.8823677581
 20
4834458.895455833
  0
LWPOLYLINE
  5
1FD
330
17
100
AcDbEntity
  8
ROADS
100
AcDbPolyline
 90
2
 70
0
 10
631257.8823677581
 20
4834458.895455833
 10
631310.9771705901
 20
4834450.935536846
  0
LWPOLYLINE
  5
1FE
330
17
100
AcDbEntity
  8
ROADS
100
AcDbPolyline
 90
2
 70
0
 10
631310.9771705901
 20
4834450.935536846
 10
631361.6163506146
 20
4834468.395118147
  0
LWPOLYLINE
  5
1FF
330
17
100
AcDbEntity
  8
ROADS
100
AcDbPolyline
 90
2
 70
0
 10
631257.8823677581
 20
4834458.895455833
 10
631229.1066691799
 20
4834548.6099707065
  0
LWPOLYLINE
  5
200
330
17
100
AcDbEntity
  8
ROADS
100
AcDbPolyline
 90
2
 70
0
 10
631026.8642354218
 20
4834483.522682692
 10
631195.0279740583
 20
4834537.610189137
  0
LWPOLYLINE
  5
201
330
17
100
AcDbEntity
  8
ROADS
100
AcDbPolyline
 90
2
 70
0
 10
631026.8642354218
 20
4834483.522682692
 10
631005.2109102167
 20
4834554.601506586
  0
LWPOLYLINE
  5
202
330
17
100
AcDbEntity
  8
ROADS
100
AcDbPolyline
 90
2
 70
0
 10
631361.6163506146
 20
4834468.395118147
 10
631317.5229117963
 20
4834602.51308392
  0
LWPOLYLINE
  5
203
330
17
100
AcDbEntity
  8
ROADS
100
AcDbPolyline
 90
2
 70
0
 10
631195.0279740583
 20
4834537.610189137
 10
631229.1066691799
 20
4834548.6099707065
  0
LWPOLYLINE
  5
204
330
17
100
AcDbEntity
  8
ROADS
100
AcDbPolyline
 90
2
 70
0
 10
631195.0279740583
 20
4834537.610189137
 10
631174.9756109614
 20
4834597.576164029
  0
LWPOLYLINE
  5
205
330
17
100
AcDbEntity
  8
ROADS
100
AcDbPolyline
 90
2
 70
0
 10
631229.1066691799
 20
4834548.6099707065
 10
631216.1766504913
 20
4834587.009096146
  0
LWPOLYLINE
  5
206
330
17
100
AcDbEntity
  8
ROADS
100
AcDbPolyline
 90
2
 70
0
 10
631005.2109102167
 20
4834554.601506586
 10
631145.5361621692
 20
4834603.262462075
  0
LWPOLYLINE
  5
207
330
17
100
AcDbEntity
  8
ROADS
100
AcDbPolyline
 90
2
 70
0
 10
631174.9756109614
 20
4834597.576164029
 10
631216.1766504913
 20
4834587.009096146
  0
LWPOLYLINE
  5
208
330
17
100
AcDbEntity
  8
ROADS
100
AcDbPolyline
 90
2
 70
0
 10
631216.1766504913
 20
4834587.009096146
 10
631317.5229117963
 20
4834602.51308392
  0
LWPOLYLINE
  5
209
330
17
100
AcDbEntity
  8
ROADS
100
AcDbPolyline
 90
2
 70
0
 10
631671.6336469157
 20
4834512.316384198
 10
631623.3712969068
 20
4834496.533367316
  0
LWPOLYLINE
  5
20A
330
17
100
AcDbEntity
  8
ROADS
100
AcDbPolyline
 90
2
 70
0
 10
631457.9958641138
 20
4834501.571620682
 10
631558.8343163306
 20
4834532.945601741
  0
LWPOLYLINE
  5
20B
330
17
100
AcDbEntity
  8
ROADS
100
AcDbPolyline
 90
2
 70
0
 10
631558.8343163306
 20
4834532.945601741
 10
631655.7831522643
 20
4834563.177210687
  0
LWPOLYLINE
  5
20C
330
17
100
AcDbEntity
  8
ROADS
100
AcDbPolyline
 90
2
 70
0
 10
631558.8343163306
 20
4834532.945601741
 10
631514.0115757111
 20
4834668.457560439
  0
LWPOLYLINE
  5
20D
330
17
100
AcDbEntity
  8
ROADS
100
AcDbPolyline
 90
3
 70
0
 10
631472.7913611383
 20
4834654.523454193
 10
631486.0205177215
 20
4834606.769010535
 10
631469.4957170739
 20
4834601.43392528
  0
LWPOLYLINE
  5
20E
330
17
100
AcDbEntity
  8
ROADS
100
AcDbPolyline
 90
2
 70
0
 10
631317.5229117963
 20
4834602.51308392
 10
631472.7913611383
 20
4834654.523454193
  0
LWPOLYLINE
  5
20F
330
17
100
AcDbEntity
  8
ROADS
100
AcDbPolyline
 90
2
 70
0
 10
631472.7913611383
 20
4834654.523454193
 10
631514.0115757111
 20
4834668.457560439
  0
LWPOLYLINE
  5
210
330
17
100
AcDbEntity
  8
ROADS
100
AcDbPolyline
 90
2
 70
0
 10
631514.0115757111
 20
4834668.457560439
 10
631560.3113424034
 20
4834683.433562537
  0
LWPOLYLINE
  5
211
330
17
100
AcDbEntity
  8
ROADS
100
AcDbPolyline
 90
2
 70
0
 10
631472.7913611383
 20
4834654.523454193
 10
631457.6723156667
 20
4834720.631101923
  0
LWPOLYLINE
  5
212
330
17
100
AcDbEntity
  8
ROADS
100
AcDbPolyline
 90
2
 70
0
 10
631560.3113424034
 20
4834683.433562537
 10
631603.2270528333
 20
4834697.956366654
  0
LWPOLYLINE
  5
213
330
17
100
AcDbEntity
  8
ROADS
100
AcDbPolyline
 90
2
 70
0
 10
631655.7831522643
 20
4834563.177210687
 10
631732.2393595238
 20
4834587.993023385
  0
LWPOLYLINE
  5
214
330
17
100
AcDbEntity
  8
ROADS
100
AcDbPolyline
 90
2
 70
0
 10
631732.2393595238
 20
4834587.993023385
 10
631751.9978142316
 20
4834594.412642153
  0
LWPOLYLINE
  5
215
330
17
100
AcDbEntity
  8
ROADS
100
AcDbPolyline
 90
2
 70
0
 10
631751.9978142316
 20
4834594.412642153
 10
631813.5342701765
 20
4834615.192198082
  0
LWPOLYLINE
  5
216
330
17
100
AcDbEntity
  8
ROADS
100
AcDbPolyline
 90
2
 70
0
 10
631751.9978142316
 20
4834594.412642153
 10
631729.7602595366
 20
4834663.782924594
  0
LWPOLYLINE
  5
217
330
17
100
AcDbEntity
  8
ROADS
100
AcDbPolyline
 90
2
 70
0
 10
631729.7602595366
 20
4834663.782924594
 10
631605.3925233356
 20
4834621.757794574
  0
LWPOLYLINE
  5
218
330
17
100
AcDbEntity
  8
ROADS
100
AcDbPolyline
 90
2
 70
0
 10
631145.5361621692
 20
4834603.262462075
 10
631174.9756109614
 20
4834597.576164029
  0
LWPOLYLINE
  5
219
330
17
100
AcDbEntity
  8
ROADS
100
AcDbPolyline
 90
2
 70
0
 10
630992.8225561448
 20
4834593.298418483
 10
631063.5827804427
 20
4834615.59205077
  0
LWPOLYLINE
  5
21A
330
17
100
AcDbEntity
  8
ROADS
100
AcDbPolyline
 90
2
 70
0
 10
631216.1766504913
 20
4834587.009096146
 10
631206.216688273
 20
4834622.982723962
  0
LWPOLYLINE
  5
21B
330
17
100
AcDbEntity
  8
ROADS
100
AcDbPolyline
 90
2
 70
0
 10
631317.5229117963
 20
4834602.51308392
 10
631292.8748770086
 20
4834677.821145261
  0
LWPOLYLINE
  5
21C
330
17
100
AcDbEntity
  8
ROADS
100
AcDbPolyline
 90
2
 70
0
 10
631027.2833597078
 20
4834648.93937663
 10
631097.5787110758
 20
4834671.279623561
  0
LWPOLYLINE
  5
21D
330
17
100
AcDbEntity
  8
ROADS
100
AcDbPolyline
 90
2
 70
0
 10
631206.216688273
 20
4834622.982723962
 10
631182.9002399072
 20
4834698.76186245
  0
LWPOLYLINE
  5
21E
330
17
100
AcDbEntity
  8
ROADS
100
AcDbPolyline
 90
2
 70
0
 10
631097.5787110758
 20
4834671.279623561
 10
631182.9002399072
 20
4834698.76186245
  0
LWPOLYLINE
  5
21F
330
17
100
AcDbEntity
  8
ROADS
100
AcDbPolyline
 90
2
 70
0
 10
631292.8748770086
 20
4834677.821145261
 10
631342.1083939406
 20
4834693.319206625
  0
LWPOLYLINE
  5
220
330
17
100
AcDbEntity
  8
ROADS
100
AcDbPolyline
 90
2
 70
0
 10
631292.8748770086
 20
4834677.821145261
 10
631286.3938516544
 20
4834696.993418127
  0
LWPOLYLINE
  5
221
330
17
100
AcDbEntity
  8
ROADS
100
AcDbPolyline
 90
2
 70
0
 10
631097.5787110758
 20
4834671.279623561
 10
631083.9692745714
 20
4834712.962689786
  0
LWPOLYLINE
  5
222
330
17
100
AcDbEntity
  8
ROADS
100
AcDbPolyline
 90
2
 70
0
 10
629818.2111897096
 20
4834264.522289285
 10
629797.0045493464
 20
4834310.895723948
  0
LWPOLYLINE
  5
223
330
17
100
AcDbEntity
  8
ROADS
100
AcDbPolyline
 90
2
 70
0
 10
629645.2443810395
 20
4834290.404848187
 10
629685.146895022
 20
4834302.313880673
  0
LWPOLYLINE
  5
224
330
17
100
AcDbEntity
  8
ROADS
100
AcDbPolyline
 90
2
 70
0
 10
629781.8570756345
 20
4834306.382130086
 10
629735.2561073934
 20
4834291.760836082
  0
LWPOLYLINE
  5
225
330
17
100
AcDbEntity
  8
ROADS
100
AcDbPolyline
 90
2
 70
0
 10
629862.6332625817
 20
4834278.466153848
 10
629846.2867569147
 20
4834326.787073342
  0
LWPOLYLINE
  5
226
330
17
100
AcDbEntity
  8
ROADS
100
AcDbPolyline
 90
2
 70
0
 10
629735.2561073934
 20
4834291.760836082
 10
629727.5886348569
 20
4834315.658910321
  0
LWPOLYLINE
  5
227
330
17
100
AcDbEntity
  8
ROADS
100
AcDbPolyline
 90
2
 70
0
 10
629797.0045493464
 20
4834310.895723948
 10
629781.8570756345
 20
4834306.382130086
  0
LWPOLYLINE
  5
228
330
17
100
AcDbEntity
  8
ROADS
100
AcDbPolyline
 90
2
 70
0
 10
629685.146895022
 20
4834302.313880673
 10
629727.5886348569
 20
4834315.658910321
  0
LWPOLYLINE
  5
229
330
17
100
AcDbEntity
  8
ROADS
100
AcDbPolyline
 90
2
 70
0
 10
629781.8570756345
 20
4834306.382130086
 10
629787.3049352557
 20
4834324.392182345
  0
LWPOLYLINE
  5
22A
330
17
100
AcDbEntity
  8
ROADS
100
AcDbPolyline
 90
2
 70
0
 10
629797.0045493464
 20
4834310.895723948
 10
629787.3049352557
 20
4834324.392182345
  0
LWPOLYLINE
  5
22B
330
17
100
AcDbEntity
  8
ROADS
100
AcDbPolyline
 90
2
 70
0
 10
629846.2867569147
 20
4834326.787073342
 10
629797.0045493464
 20
4834310.895723948
  0
LWPOLYLINE
  5
22C
330
17
100
AcDbEntity
  8
ROADS
100
AcDbPolyline
 90
2
 70
0
 10
630068.5608634934
 20
4834253.725387645
 10
630056.3593628583
 20
4834294.094696518
  0
LWPOLYLINE
  5
22D
330
17
100
AcDbEntity
  8
ROADS
100
AcDbPolyline
 90
2
 70
0
 10
630231.0603096182
 20
4834305.237071583
 10
630136.4446612176
 20
4834275.108836623
  0
LWPOLYLINE
  5
22E
330
17
100
AcDbEntity
  8
ROADS
100
AcDbPolyline
 90
2
 70
0
 10
629949.471934701
 20
4834305.76460501
 10
629882.2133071952
 20
4834284.735985329
  0
LWPOLYLINE
  5
22F
330
17
100
AcDbEntity
  8
ROADS
100
AcDbPolyline
 90
2
 70
0
 10
630056.3593628583
 20
4834294.094696518
 10
630041.9318089949
 20
4834335.951872671
  0
LWPOLYLINE
  5
230
330
17
100
AcDbEntity
  8
ROADS
100
AcDbPolyline
 90
2
 70
0
 10
630136.4446612176
 20
4834275.108836623
 10
630107.5743369956
 20
4834359.636989392
  0
LWPOLYLINE
  5
231
330
17
100
AcDbEntity
  8
ROADS
100
AcDbPolyline
 90
2
 70
0
 10
630041.9318089949
 20
4834335.951872671
 10
629949.471934701
 20
4834305.76460501
  0
LWPOLYLINE
  5
232
330
17
100
AcDbEntity
  8
ROADS
100
AcDbPolyline
 90
2
 70
0
 10
629949.471934701
 20
4834305.76460501
 10
629935.921759983
 20
4834347.991651285
  0
LWPOLYLINE
  5
233
330
17
100
AcDbEntity
  8
ROADS
100
AcDbPolyline
 90
2
 70
0
 10
629935.921759983
 20
4834347.991651285
 10
629846.2867569147
 20
4834326.787073342
  0
LWPOLYLINE
  5
234
330
17
100
AcDbEntity
  8
ROADS
100
AcDbPolyline
 90
2
 70
0
 10
630107.5743369956
 20
4834359.636989392
 10
630041.9318089949
 20
4834335.951872671
  0
LWPOLYLINE
  5
235
330
17
100
AcDbEntity
  8
ROADS
100
AcDbPolyline
 90
2
 70
0
 10
630041.9318089949
 20
4834335.951872671
 10
630027.8671620813
 20
4834376.487511791
  0
LWPOLYLINE
  5
236
330
17
100
AcDbEntity
  8
ROADS
100
AcDbPolyline
 90
2
 70
0
 10
630770.0220768641
 20
4834324.704810734
 10
630809.2605568224
 20
4834337.726963823
  0
LWPOLYLINE
  5
237
330
17
100
AcDbEntity
  8
ROADS
100
AcDbPolyline
 90
4
 70
0
 10
630996.9109112114
 20
4834309.3065379625
 10
630985.0273306916
 20
4834344.589331281
 10
631022.760350453
 20
4834355.419123823
 10
631033.4050692187
 20
4834321.175011454
  0
LWPOLYLINE
  5
238
330
17
100
AcDbEntity
  8
ROADS
100
AcDbPolyline
 90
2
 70
0
 10
630952.9905544173
 20
4834295.980737951
 10
630926.6422066634
 20
4834375.50931421
  0
LWPOLYLINE
  5
239
330
17
100
AcDbEntity
  8
ROADS
100
AcDbPolyline
 90
2
 70
0
 10
630809.2605568224
 20
4834337.726963823
 10
630864.6958391444
 20
4834353.979101846
  0
LWPOLYLINE
  5
23A
330
17
100
AcDbEntity
  8
ROADS
100
AcDbPolyline
 90
2
 70
0
 10
630770.0220768641
 20
4834324.704810734
 10
630747.1518845466
 20
4834393.45042646
  0
LWPOLYLINE
  5
23B
330
17
100
AcDbEntity
  8
ROADS
100
AcDbPolyline
 90
2
 70
0
 10
630864.6958391444
 20
4834353.979101846
 10
630926.6422066634
 20
4834375.50931421
  0
LWPOLYLINE
  5
23C
330
17
100
AcDbEntity
  8
ROADS
100
AcDbPolyline
 90
2
 70
0
 10
630747.1518845466
 20
4834393.45042646
 10
630556.3867226071
 20
4834336.541352318
  0
LWPOLYLINE
  5
23D
330
17
100
AcDbEntity
  8
ROADS
100
AcDbPolyline
 90
2
 70
0
 10
630809.2605568224
 20
4834337.726963823
 10
630791.4218636976
 20
4834394.569665232
  0
LWPOLYLINE
  5
23E
330
17
100
AcDbEntity
  8
ROADS
100
AcDbPolyline
 90
2
 70
0
 10
630926.6422066634
 20
4834375.50931421
 10
630971.2472409185
 20
4834389.906577174
  0
LWPOLYLINE
  5
23F
330
17
100
AcDbEntity
  8
ROADS
100
AcDbPolyline
 90
2
 70
0
 10
630864.6958391444
 20
4834353.979101846
 10
630843.5459549048
 20
4834424.843983078
  0
LWPOLYLINE
  5
240
330
17
100
AcDbEntity
  8
ROADS
100
AcDbPolyline
 90
2
 70
0
 10
630427.1239757409
 20
4834367.551229466
 10
630271.9897341323
 20
4834318.48678133
  0
LWPOLYLINE
  5
241
330
17
100
AcDbEntity
  8
ROADS
100
AcDbPolyline
 90
2
 70
0
 10
630519.8914289864
 20
4834325.125905121
 10
630498.3962126498
 20
4834391.500151396
  0
LWPOLYLINE
  5
242
330
17
100
AcDbEntity
  8
ROADS
100
AcDbPolyline
 90
2
 70
0
 10
630271.9897341323
 20
4834318.48678133
 10
630245.4342882099
 20
4834401.6187061975
  0
LWPOLYLINE
  5
243
330
17
100
AcDbEntity
  8
ROADS
100
AcDbPolyline
 90
2
 70
0
 10
630556.3867226071
 20
4834336.541352318
 10
630533.891460389
 20
4834403.19054953
  0
LWPOLYLINE
  5
244
330
17
100
AcDbEntity
  8
ROADS
100
AcDbPolyline
 90
2
 70
0
 10
630498.3962126498
 20
4834391.500151396
 10
630427.1239757409
 20
4834367.551229466
  0
LWPOLYLINE
  5
245
330
17
100
AcDbEntity
  8
ROADS
100
AcDbPolyline
 90
2
 70
0
 10
630533.891460389
 20
4834403.19054953
 10
630498.3962126498
 20
4834391.500151396
  0
LWPOLYLINE
  5
246
330
17
100
AcDbEntity
  8
ROADS
100
AcDbPolyline
 90
2
 70
0
 10
630441.8790818584
 20
4834464.092823356
 10
630245.4342882099
 20
4834401.6187061975
  0
LWPOLYLINE
  5
247
330
17
100
AcDbEntity
  8
ROADS
100
AcDbPolyline
 90
2
 70
0
 10
630533.891460389
 20
4834403.19054953
 10
630501.3143911697
 20
4834482.955952298
  0
LWPOLYLINE
  5
248
330
17
100
AcDbEntity
  8
ROADS
100
AcDbPolyline
 90
2
 70
0
 10
630501.3143911697
 20
4834482.955952298
 10
630441.8790818584
 20
4834464.092823356
  0
LWPOLYLINE
  5
249
330
17
100
AcDbEntity
  8
ROADS
100
AcDbPolyline
 90
2
 70
0
 10
630441.8790818584
 20
4834464.092823356
 10
630450.8387856238
 20
4834519.027697577
  0
LWPOLYLINE
  5
24A
330
17
100
AcDbEntity
  8
ROADS
100
AcDbPolyline
 90
2
 70
0
 10
630971.2472409185
 20
4834389.906577174
 10
631050.5178026633
 20
4834414.8721813755
  0
LWPOLYLINE
  5
24B
330
17
100
AcDbEntity
  8
ROADS
100
AcDbPolyline
 90
2
 70
0
 10
630971.2472409185
 20
4834389.906577174
 10
630949.1783540485
 20
4834458.747720392
  0
LWPOLYLINE
  5
24C
330
17
100
AcDbEntity
  8
ROADS
100
AcDbPolyline
 90
2
 70
0
 10
630747.1518845466
 20
4834393.45042646
 10
630723.9832907275
 20
4834465.701893163
  0
LWPOLYLINE
  5
24D
330
17
100
AcDbEntity
  8
ROADS
100
AcDbPolyline
 90
2
 70
0
 10
630723.9832907275
 20
4834465.701893163
 10
630533.891460389
 20
4834403.19054953
  0
LWPOLYLINE
  5
24E
330
17
100
AcDbEntity
  8
ROADS
100
AcDbPolyline
 90
2
 70
0
 10
630843.5459549048
 20
4834424.843983078
 10
630949.1783540485
 20
4834458.747720392
  0
LWPOLYLINE
  5
24F
330
17
100
AcDbEntity
  8
ROADS
100
AcDbPolyline
 90
2
 70
0
 10
630843.5459549048
 20
4834424.843983078
 10
630820.4467764312
 20
4834496.933711492
  0
LWPOLYLINE
  5
250
330
17
100
AcDbEntity
  8
ROADS
100
AcDbPolyline
 90
2
 70
0
 10
630949.1783540485
 20
4834458.747720392
 10
630983.7457454146
 20
4834469.98633679
  0
LWPOLYLINE
  5
251
330
17
100
AcDbEntity
  8
ROADS
100
AcDbPolyline
 90
2
 70
0
 10
630983.7457454146
 20
4834469.98633679
 10
631026.8642354218
 20
4834483.522682692
  0
LWPOLYLINE
  5
252
330
17
100
AcDbEntity
  8
ROADS
100
AcDbPolyline
 90
2
 70
0
 10
630723.9832907275
 20
4834465.701893163
 10
630820.4467764312
 20
4834496.933711492
  0
LWPOLYLINE
  5
253
330
17
100
AcDbEntity
  8
ROADS
100
AcDbPolyline
 90
3
 70
0
 10
630983.7457454146
 20
4834469.98633679
 10
630972.7961523541
 20
4834503.778896051
 10
630945.0635683445
 20
4834495.01299469
  0
LWPOLYLINE
  5
254
330
17
100
AcDbEntity
  8
ROADS
100
AcDbPolyline
 90
2
 70
0
 10
630723.9832907275
 20
4834465.701893163
 10
630698.4557031232
 20
4834547.486400533
  0
LWPOLYLINE
  5
255
330
17
100
AcDbEntity
  8
ROADS
100
AcDbPolyline
 90
2
 70
0
 10
630820.4467764312
 20
4834496.933711492
 10
630931.5687340298
 20
4834531.906770616
  0
LWPOLYLINE
  5
256
330
17
100
AcDbEntity
  8
ROADS
100
AcDbPolyline
 90
2
 70
0
 10
630698.4557031232
 20
4834547.486400533
 10
630582.902338256
 20
4834507.902930517
  0
LWPOLYLINE
  5
257
330
17
100
AcDbEntity
  8
ROADS
100
AcDbPolyline
 90
2
 70
0
 10
630820.4467764312
 20
4834496.933711492
 10
630792.0486724346
 20
4834576.217174017
  0
LWPOLYLINE
  5
258
330
17
100
AcDbEntity
  8
ROADS
100
AcDbPolyline
 90
2
 70
0
 10
630931.5687340298
 20
4834531.906770616
 10
631005.2109102167
 20
4834554.601506586
  0
LWPOLYLINE
  5
259
330
17
100
AcDbEntity
  8
ROADS
100
AcDbPolyline
 90
2
 70
0
 10
630931.5687340298
 20
4834531.906770616
 10
630919.1488813545
 20
4834570.576103431
  0
LWPOLYLINE
  5
25A
330
17
100
AcDbEntity
  8
ROADS
100
AcDbPolyline
 90
2
 70
0
 10
630698.4557031232
 20
4834547.486400533
 10
630792.0486724346
 20
4834576.217174017
  0
LWPOLYLINE
  5
25B
330
17
100
AcDbEntity
  8
ROADS
100
AcDbPolyline
 90
2
 70
0
 10
631005.2109102167
 20
4834554.601506586
 10
630992.8225561448
 20
4834593.298418483
  0
LWPOLYLINE
  5
25C
330
17
100
AcDbEntity
  8
ROADS
100
AcDbPolyline
 90
2
 70
0
 10
630992.8225561448
 20
4834593.298418483
 10
630919.1488813545
 20
4834570.576103431
  0
LWPOLYLINE
  5
25D
330
17
100
AcDbEntity
  8
ROADS
100
AcDbPolyline
 90
2
 70
0
 10
630792.0486724346
 20
4834576.217174017
 10
630886.562402927
 20
4834604.606581125
  0
LWPOLYLINE
  5
25E
330
17
100
AcDbEntity
  8
ROADS
100
AcDbPolyline
 90
2
 70
0
 10
630027.8671620813
 20
4834376.487511791
 10
629935.921759983
 20
4834347.991651285
  0
LWPOLYLINE
  5
25F
330
17
100
AcDbEntity
  8
ROADS
100
AcDbPolyline
 90
2
 70
0
 10
630245.4342882099
 20
4834401.6187061975
 10
630107.5743369956
 20
4834359.636989392
  0
LWPOLYLINE
  5
260
330
17
100
AcDbEntity
  8
ROADS
100
AcDbPolyline
 90
2
 70
0
 10
629935.921759983
 20
4834347.991651285
 10
629885.7309120655
 20
4834502.7022889815
  0
LWPOLYLINE
  5
261
330
17
100
AcDbEntity
  8
ROADS
100
AcDbPolyline
 90
2
 70
0
 10
630027.8671620813
 20
4834376.487511791
 10
629972.0090236339
 20
4834529.80765455
  0
LWPOLYLINE
  5
262
330
17
100
AcDbEntity
  8
ROADS
100
AcDbPolyline
 90
2
 70
0
 10
630107.5743369956
 20
4834359.636989392
 10
630026.430675912
 20
4834607.271766904
  0
LWPOLYLINE
  5
263
330
17
100
AcDbEntity
  8
ROADS
100
AcDbPolyline
 90
2
 70
0
 10
629972.0090236339
 20
4834529.80765455
 10
629885.7309120655
 20
4834502.7022889815
  0
LWPOLYLINE
  5
264
330
17
100
AcDbEntity
  8
ROADS
100
AcDbPolyline
 90
2
 70
0
 10
630026.430675912
 20
4834607.271766904
 10
630119.5629763289
 20
4834636.995246087
  0
LWPOLYLINE
  5
265
330
17
100
AcDbEntity
  8
ROADS
100
AcDbPolyline
 90
2
 70
0
 10
629972.0090236339
 20
4834529.80765455
 10
629891.9529660108
 20
4834780.174142688
  0
LWPOLYLINE
  5
266
330
17
100
AcDbEntity
  8
ROADS
100
AcDbPolyline
 90
2
 70
0
 10
630026.430675912
 20
4834607.271766904
 10
629962.4754206778
 20
4834796.521030562
  0
LWPOLYLINE
  5
267
330
17
100
AcDbEntity
  8
ROADS
100
AcDbPolyline
 90
2
 70
0
 10
630119.5629763289
 20
4834636.995246087
 10
630059.431195817
 20
4834819.703209113
  0
LWPOLYLINE
  5
268
330
17
100
AcDbEntity
  8
ROADS
100
AcDbPolyline
 90
2
 70
0
 10
630582.902338256
 20
4834507.902930517
 10
630501.3143911697
 20
4834482.955952298
  0
LWPOLYLINE
  5
269
330
17
100
AcDbEntity
  8
ROADS
100
AcDbPolyline
 90
2
 70
0
 10
630501.3143911697
 20
4834482.955952298
 10
630450.8387856238
 20
4834519.027697577
  0
LWPOLYLINE
  5
26A
330
17
100
AcDbEntity
  8
ROADS
100
AcDbPolyline
 90
2
 70
0
 10
630450.8387856238
 20
4834519.027697577
 10
630424.5316807955
 20
4834601.087064044
  0
LWPOLYLINE
  5
26B
330
17
100
AcDbEntity
  8
ROADS
100
AcDbPolyline
 90
2
 70
0
 10
630582.902338256
 20
4834507.902930517
 10
630541.55179613
 20
4834637.837356934
  0
LWPOLYLINE
  5
26C
330
17
100
AcDbEntity
  8
ROADS
100
AcDbPolyline
 90
2
 70
0
 10
630541.55179613
 20
4834637.837356934
 10
630424.5316807955
 20
4834601.087064044
  0
LWPOLYLINE
  5
26D
330
17
100
AcDbEntity
  8
ROADS
100
AcDbPolyline
 90
2
 70
0
 10
630424.5316807955
 20
4834601.087064044
 10
630379.4032590433
 20
4834752.077132986
  0
LWPOLYLINE
  5
26E
330
17
100
AcDbEntity
  8
ROADS
100
AcDbPolyline
 90
2
 70
0
 10
630541.55179613
 20
4834637.837356934
 10
630502.5550577514
 20
4834764.470061821
  0
LWPOLYLINE
  5
26F
330
17
100
AcDbEntity
  8
ROADS
100
AcDbPolyline
 90
3
 70
0
 10
630379.4032590433
 20
4834752.077132986
 10
630264.0699512281
 20
4834718.44602821
 10
630245.2630812668
 20
4834773.466988078
  0
LWPOLYLINE
  5
270
330
17
100
AcDbEntity
  8
ROADS
100
AcDbPolyline
 90
2
 70
0
 10
630302.5012417785
 20
4834791.994922717
 10
630245.2630812668
 20
4834773.466988078
  0
LWPOLYLINE
  5
271
330
17
100
AcDbEntity
  8
ROADS
100
AcDbPolyline
 90
2
 70
0
 10
630637.2742590108
 20
4834726.600462928
 10
630579.0979436026
 20
4834908.785003176
  0
LWPOLYLINE
  5
272
330
17
100
AcDbEntity
  8
ROADS
100
AcDbPolyline
 90
3
 70
0
 10
630119.5629763289
 20
4834636.995246087
 10
630199.1168527096
 20
4834692.803153569
 10
630149.3418168053
 20
4834848.2894351985
  0
LWPOLYLINE
  5
273
330
17
100
AcDbEntity
  8
ROADS
100
AcDbPolyline
 90
2
 70
0
 10
629962.4754206778
 20
4834796.521030562
 10
629891.9529660108
 20
4834780.174142688
  0
LWPOLYLINE
  5
274
330
17
100
AcDbEntity
  8
ROADS
100
AcDbPolyline
 90
2
 70
0
 10
630059.431195817
 20
4834819.703209113
 10
629962.4754206778
 20
4834796.521030562
  0
LWPOLYLINE
  5
275
330
17
100
AcDbEntity
  8
ROADS
100
AcDbPolyline
 90
2
 70
0
 10
630245.2630812668
 20
4834773.466988078
 10
630213.779162095
 20
4834868.272612721
  0
LWPOLYLINE
  5
276
330
17
100
AcDbEntity
  8
ROADS
100
AcDbPolyline
 90
2
 70
0
 10
629962.4754206778
 20
4834796.521030562
 10
629939.3434811105
 20
4834866.908833316
  0
LWPOLYLINE
  5
277
330
17
100
AcDbEntity
  8
ROADS
100
AcDbPolyline
 90
2
 70
0
 10
630149.3418168053
 20
4834848.2894351985
 10
630059.431195817
 20
4834819.703209113
  0
LWPOLYLINE
  5
278
330
17
100
AcDbEntity
  8
ROADS
100
AcDbPolyline
 90
2
 70
0
 10
630213.779162095
 20
4834868.272612721
 10
630149.3418168053
 20
4834848.2894351985
  0
LWPOLYLINE
  5
279
330
17
100
AcDbEntity
  8
ROADS
100
AcDbPolyline
 90
2
 70
0
 10
630059.431195817
 20
4834819.703209113
 10
630035.2337213134
 20
4834897.584297102
  0
LWPOLYLINE
  5
27A
330
17
100
AcDbEntity
  8
ROADS
100
AcDbPolyline
 90
2
 70
0
 10
630035.2337213134
 20
4834897.584297102
 10
629939.3434811105
 20
4834866.908833316
  0
LWPOLYLINE
  5
27B
330
17
100
AcDbEntity
  8
ROADS
100
AcDbPolyline
 90
2
 70
0
 10
630149.3418168053
 20
4834848.2894351985
 10
630123.3319793079
 20
4834925.131708383
  0
LWPOLYLINE
  5
27C
330
17
100
AcDbEntity
  8
ROADS
100
AcDbPolyline
 90
2
 70
0
 10
630781.2011986411
 20
4834772.987377742
 10
630721.1154516027
 20
4834959.721802873
  0
LWPOLYLINE
  5
27D
330
17
100
AcDbEntity
  8
ROADS
100
AcDbPolyline
 90
2
 70
0
 10
630827.6721596625
 20
4834787.9474566
 10
630767.8746585023
 20
4834972.676970201
  0
LWPOLYLINE
  5
27E
330
17
100
AcDbEntity
  8
ROADS
100
AcDbPolyline
 90
2
 70
0
 10
630918.8564332128
 20
4834817.288813435
 10
630859.8467184829
 20
4835001.865601614
  0
LWPOLYLINE
  5
27F
330
17
100
AcDbEntity
  8
ROADS
100
AcDbPolyline
 90
2
 70
0
 10
630993.2282828344
 20
4834888.742368719
 10
630990.095743061
 20
4834945.021862811
  0
LWPOLYLINE
  5
280
330
17
100
AcDbEntity
  8
ROADS
100
AcDbPolyline
 90
2
 70
0
 10
630967.9244861266
 20
4834831.314780496
 10
630907.9805084227
 20
4835017.339810983
  0
LWPOLYLINE
  5
281
330
17
100
AcDbEntity
  8
ROADS
100
AcDbPolyline
 90
2
 70
0
 10
630628.344022399
 20
4834924.356299708
 10
630675.401849491
 20
4834940.265069953
  0
LWPOLYLINE
  5
282
330
17
100
AcDbEntity
  8
ROADS
100
AcDbPolyline
 90
2
 70
0
 10
631012.8295266733
 20
4834940.755489105
 10
630990.095743061
 20
4834945.021862811
  0
LWPOLYLINE
  5
283
330
17
100
AcDbEntity
  8
ROADS
100
AcDbPolyline
 90
2
 70
0
 10
630990.095743061
 20
4834945.021862811
 10
630970.7534190083
 20
4834943.689131054
  0
LWPOLYLINE
  5
284
330
17
100
AcDbEntity
  8
ROADS
100
AcDbPolyline
 90
2
 70
0
 10
631012.8295266733
 20
4834940.755489105
 10
631009.3580948589
 20
4834950.9444852
  0
LWPOLYLINE
  5
285
330
17
100
AcDbEntity
  8
ROADS
100
AcDbPolyline
 90
2
 70
0
 10
630814.813651144
 20
4834986.7514721975
 10
630837.9776669935
 20
4834913.044831376
  0
LWPOLYLINE
  5
286
330
17
100
AcDbEntity
  8
ROADS
100
AcDbPolyline
 90
2
 70
0
 10
629381.9623379004
 20
4834636.574885654
 10
629400.0621241354
 20
4834574.77481623
  0
LWPOLYLINE
  5
287
330
17
100
AcDbEntity
  8
ROADS
100
AcDbPolyline
 90
2
 70
0
 10
629558.9964943727
 20
4834559.175496179
 10
629518.0430555453
 20
4834678.2124469085
  0
LWPOLYLINE
  5
288
330
17
100
AcDbEntity
  8
ROADS
100
AcDbPolyline
 90
2
 70
0
 10
629381.9623379004
 20
4834636.574885654
 10
629368.9237901053
 20
4834632.604620659
  0
LWPOLYLINE
  5
289
330
17
100
AcDbEntity
  8
ROADS
100
AcDbPolyline
 90
2
 70
0
 10
629482.9975517518
 20
4834598.993545463
 10
629463.2371827117
 20
4834661.344651166
  0
LWPOLYLINE
  5
28A
330
17
100
AcDbEntity
  8
ROADS
100
AcDbPolyline
 90
2
 70
0
 10
629463.2371827117
 20
4834661.344651166
 10
629381.9623379004
 20
4834636.574885654
  0
LWPOLYLINE
  5
28B
330
17
100
AcDbEntity
  8
ROADS
100
AcDbPolyline
 90
3
 70
0
 10
629714.0936014453
 20
4834546.540007144
 10
629697.4760029719
 20
4834596.025073391
 10
629673.7349795081
 20
4834581.716960194
  0
LWPOLYLINE
  5
28C
330
17
100
AcDbEntity
  8
ROADS
100
AcDbPolyline
 90
3
 70
0
 10
629673.7349795081
 20
4834581.716960194
 10
629634.2996177474
 20
4834582.637225233
 10
629611.6217269871
 20
4834562.57226763
  0
LWPOLYLINE
  5
28D
330
17
100
AcDbEntity
  8
ROADS
100
AcDbPolyline
 90
3
 70
0
 10
629611.6217269871
 20
4834562.57226763
 10
629605.6619931523
 20
4834589.588576707
 10
629620.070569716
 20
4834578.712762465
  0
LWPOLYLINE
  5
28E
330
17
100
AcDbEntity
  8
ROADS
100
AcDbPolyline
 90
3
 70
0
 10
629620.070569716
 20
4834578.712762465
 10
629646.2560925038
 20
4834591.563957174
 10
629673.7349795081
 20
4834581.716960194
  0
LWPOLYLINE
  5
28F
330
17
100
AcDbEntity
  8
ROADS
100
AcDbPolyline
 90
2
 70
0
 10
629885.7309120655
 20
4834502.7022889815
 10
629802.9894966902
 20
4834756.676430304
  0
LWPOLYLINE
  5
290
330
17
100
AcDbEntity
  8
ROADS
100
AcDbPolyline
 90
2
 70
0
 10
629781.1485082578
 20
4834527.383692435
 10
629712.6598059174
 20
4834736.838288595
  0
LWPOLYLINE
  5
291
330
17
100
AcDbEntity
  8
ROADS
100
AcDbPolyline
 90
2
 70
0
 10
629712.6598059174
 20
4834736.838288595
 10
629518.0430555453
 20
4834678.2124469085
  0
LWPOLYLINE
  5
292
330
17
100
AcDbEntity
  8
ROADS
100
AcDbPolyline
 90
2
 70
0
 10
629802.9894966902
 20
4834756.676430304
 10
629712.6598059174
 20
4834736.838288595
  0
LWPOLYLINE
  5
293
330
17
100
AcDbEntity
  8
ROADS
100
AcDbPolyline
 90
2
 70
0
 10
629712.6598059174
 20
4834736.838288595
 10
629695.3025170532
 20
4834789.62120381
  0
LWPOLYLINE
  5
294
330
17
100
AcDbEntity
  8
ROADS
100
AcDbPolyline
 90
2
 70
0
 10
629891.9529660108
 20
4834780.174142688
 10
629802.9894966902
 20
4834756.676430304
  0
LWPOLYLINE
  5
295
330
17
100
AcDbEntity
  8
ROADS
100
AcDbPolyline
 90
2
 70
0
 10
629518.0430555453
 20
4834678.2124469085
 10
629463.2371827117
 20
4834661.344651166
  0
LWPOLYLINE
  5
296
330
17
100
AcDbEntity
  8
ROADS
100
AcDbPolyline
 90
3
 70
0
 10
629352.7958412283
 20
4834685.841056711
 10
629359.7726879455
 20
4834663.967672265
 10
629358.8192155518
 20
4834663.659700752
  0
LWPOLYLINE
  5
297
330
17
100
AcDbEntity
  8
ROADS
100
AcDbPolyline
 90
2
 70
0
 10
629352.7958412283
 20
4834685.841056711
 10
629351.716382217
 20
4834685.489324249
  0
LWPOLYLINE
  5
298
330
17
100
AcDbEntity
  8
ROADS
100
AcDbPolyline
 90
2
 70
0
 10
629518.0430555453
 20
4834678.2124469085
 10
629503.5047784694
 20
4834733.053430944
  0
LWPOLYLINE
  5
299
330
17
100
AcDbEntity
  8
ROADS
100
AcDbPolyline
 90
2
 70
0
 10
629503.5047784694
 20
4834733.053430944
 10
629352.7958412283
 20
4834685.841056711
  0
LWPOLYLINE
  5
29A
330
17
100
AcDbEntity
  8
ROADS
100
AcDbPolyline
 90
2
 70
0
 10
629486.292486711
 20
4834786.058949526
 10
629334.3862654625
 20
4834738.8406910235
  0
LWPOLYLINE
  5
29B
330
17
100
AcDbEntity
  8
ROADS
100
AcDbPolyline
 90
2
 70
0
 10
629503.5047784694
 20
4834733.053430944
 10
629486.292486711
 20
4834786.058949526
  0
LWPOLYLINE
  5
29C
330
17
100
AcDbEntity
  8
ROADS
100
AcDbPolyline
 90
2
 70
0
 10
629539.7012989364
 20
4834802.205464201
 10
629486.292486711
 20
4834786.058949526
  0
LWPOLYLINE
  5
29D
330
17
100
AcDbEntity
  8
ROADS
100
AcDbPolyline
 90
2
 70
0
 10
629317.3182526248
 20
4834792.882666372
 10
629382.8595717023
 20
4834815.536339592
  0
LWPOLYLINE
  5
29E
330
17
100
AcDbEntity
  8
ROADS
100
AcDbPolyline
 90
2
 70
0
 10
629486.292486711
 20
4834786.058949526
 10
629452.1067360514
 20
4834893.01935304
  0
LWPOLYLINE
  5
29F
330
17
100
AcDbEntity
  8
ROADS
100
AcDbPolyline
 90
2
 70
0
 10
629452.1067360514
 20
4834893.01935304
 10
629300.4482954391
 20
4834846.340398473
  0
LWPOLYLINE
  5
2A0
330
17
100
AcDbEntity
  8
ROADS
100
AcDbPolyline
 90
3
 70
0
 10
629614.2785574817
 20
4834888.529467925
 10
629515.2495212045
 20
4834858.252333876
 10
629498.7283688214
 20
4834907.545086171
  0
LWPOLYLINE
  5
2A1
330
17
100
AcDbEntity
  8
ROADS
100
AcDbPolyline
 90
2
 70
0
 10
629285.9602032573
 20
4834892.25044685
 10
629322.2560654026
 20
4834905.787036432
  0
LWPOLYLINE
  5
2A2
330
17
100
AcDbEntity
  8
ROADS
100
AcDbPolyline
 90
2
 70
0
 10
629498.7283688214
 20
4834907.545086171
 10
629452.1067360514
 20
4834893.01935304
  0
LWPOLYLINE
  5
2A3
330
17
100
AcDbEntity
  8
ROADS
100
AcDbPolyline
 90
2
 70
0
 10
630919.1488813545
 20
4834570.576103431
 10
630906.3144347223
 20
4834611.268087074
  0
LWPOLYLINE
  5
2A4
330
17
100
AcDbEntity
  8
ROADS
100
AcDbPolyline
 90
2
 70
0
 10
630886.562402927
 20
4834604.606581125
 10
630906.3144347223
 20
4834611.268087074
  0
LWPOLYLINE
  5
2A5
330
17
100
AcDbEntity
  8
ROADS
100
AcDbPolyline
 90
2
 70
0
 10
630992.8225561448
 20
4834593.298418483
 10
630979.6274072463
 20
4834633.750872987
  0
LWPOLYLINE
  5
2A6
330
17
100
AcDbEntity
  8
ROADS
100
AcDbPolyline
 90
2
 70
0
 10
630906.3144347223
 20
4834611.268087074
 10
630979.6274072463
 20
4834633.750872987
  0
LWPOLYLINE
  5
2A7
330
17
100
AcDbEntity
  8
ROADS
100
AcDbPolyline
 90
2
 70
0
 10
630698.4557031232
 20
4834547.486400533
 10
630637.2742590108
 20
4834726.600462928
  0
LWPOLYLINE
  5
2A8
330
17
100
AcDbEntity
  8
ROADS
100
AcDbPolyline
 90
2
 70
0
 10
630979.6274072463
 20
4834633.750872987
 10
631027.2833597078
 20
4834648.93937663
  0
LWPOLYLINE
  5
2A9
330
17
100
AcDbEntity
  8
ROADS
100
AcDbPolyline
 90
2
 70
0
 10
630792.0486724346
 20
4834576.217174017
 10
630735.1120774343
 20
4834758.591245717
  0
LWPOLYLINE
  5
2AA
330
17
100
AcDbEntity
  8
ROADS
100
AcDbPolyline
 90
2
 70
0
 10
630886.562402927
 20
4834604.606581125
 10
630827.6721596625
 20
4834787.9474566
  0
LWPOLYLINE
  5
2AB
330
17
100
AcDbEntity
  8
ROADS
100
AcDbPolyline
 90
2
 70
0
 10
630709.3607130155
 20
4834671.871503099
 10
630686.5925041692
 20
4834742.385055031
  0
LWPOLYLINE
  5
2AC
330
17
100
AcDbEntity
  8
ROADS
100
AcDbPolyline
 90
2
 70
0
 10
630979.6274072463
 20
4834633.750872987
 10
630918.8564332128
 20
4834817.288813435
  0
LWPOLYLINE
  5
2AD
330
17
100
AcDbEntity
  8
ROADS
100
AcDbPolyline
 90
2
 70
0
 10
631729.7602595366
 20
4834663.782924594
 10
631707.6092446795
 20
4834733.344276701
  0
LWPOLYLINE
  5
2AE
330
17
100
AcDbEntity
  8
ROADS
100
AcDbPolyline
 90
2
 70
0
 10
631825.9719691329
 20
4834755.434212479
 10
631820.3830885025
 20
4834772.384168293
  0
LWPOLYLINE
  5
2AF
330
17
100
AcDbEntity
  8
ROADS
100
AcDbPolyline
 90
2
 70
0
 10
631707.6092446795
 20
4834733.344276701
 10
631820.3830885025
 20
4834772.384168293
  0
LWPOLYLINE
  5
2B0
330
17
100
AcDbEntity
  8
ROADS
100
AcDbPolyline
 90
2
 70
0
 10
631707.6092446795
 20
4834733.344276701
 10
631687.7902713241
 20
4834792.234970229
  0
LWPOLYLINE
  5
2B1
330
17
100
AcDbEntity
  8
ROADS
100
AcDbPolyline
 90
2
 70
0
 10
631820.3830885025
 20
4834772.384168293
 10
631826.5970983519
 20
4834774.486861809
  0
LWPOLYLINE
  5
2B2
330
17
100
AcDbEntity
  8
ROADS
100
AcDbPolyline
 90
2
 70
0
 10
631514.0115757111
 20
4834668.457560439
 10
631502.1517088987
 20
4834722.895255413
  0
LWPOLYLINE
  5
2B3
330
17
100
AcDbEntity
  8
ROADS
100
AcDbPolyline
 90
2
 70
0
 10
631342.1083939406
 20
4834693.319206625
 10
631457.6723156667
 20
4834720.631101923
  0
LWPOLYLINE
  5
2B4
330
17
100
AcDbEntity
  8
ROADS
100
AcDbPolyline
 90
2
 70
0
 10
631603.2270528333
 20
4834697.956366654
 10
631707.6092446795
 20
4834733.344276701
  0
LWPOLYLINE
  5
2B5
330
17
100
AcDbEntity
  8
ROADS
100
AcDbPolyline
 90
2
 70
0
 10
631457.6723156667
 20
4834720.631101923
 10
631502.1517088987
 20
4834722.895255413
  0
LWPOLYLINE
  5
2B6
330
17
100
AcDbEntity
  8
ROADS
100
AcDbPolyline
 90
2
 70
0
 10
631560.3113424034
 20
4834683.433562537
 10
631520.2964402292
 20
4834805.859429885
  0
LWPOLYLINE
  5
2B7
330
17
100
AcDbEntity
  8
ROADS
100
AcDbPolyline
 90
3
 70
0
 10
631687.7902713241
 20
4834792.234970229
 10
631583.5914589543
 20
4834756.716848692
 10
631603.2270528333
 20
4834697.956366654
  0
LWPOLYLINE
  5
2B8
330
17
100
AcDbEntity
  8
ROADS
100
AcDbPolyline
 90
2
 70
0
 10
631457.6723156667
 20
4834720.631101923
 10
631443.5750557248
 20
4834782.604905309
  0
LWPOLYLINE
  5
2B9
330
17
100
AcDbEntity
  8
ROADS
100
AcDbPolyline
 90
2
 70
0
 10
631276.6944814967
 20
4834728.287414407
 10
631443.5750557248
 20
4834782.604905309
  0
LWPOLYLINE
  5
2BA
330
17
100
AcDbEntity
  8
ROADS
100
AcDbPolyline
 90
2
 70
0
 10
631502.1517088987
 20
4834722.895255413
 10
631484.1407308014
 20
4834794.574048332
  0
LWPOLYLINE
  5
2BB
330
17
100
AcDbEntity
  8
ROADS
100
AcDbPolyline
 90
2
 70
0
 10
631443.5750557248
 20
4834782.604905309
 10
631484.1407308014
 20
4834794.574048332
  0
LWPOLYLINE
  5
2BC
330
17
100
AcDbEntity
  8
ROADS
100
AcDbPolyline
 90
2
 70
0
 10
630637.2742590108
 20
4834726.600462928
 10
630686.5925041692
 20
4834742.385055031
  0
LWPOLYLINE
  5
2BD
330
17
100
AcDbEntity
  8
ROADS
100
AcDbPolyline
 90
2
 70
0
 10
631027.2833597078
 20
4834648.93937663
 10
630967.9244861266
 20
4834831.314780496
  0
LWPOLYLINE
  5
2BE
330
17
100
AcDbEntity
  8
ROADS
100
AcDbPolyline
 90
2
 70
0
 10
630686.5925041692
 20
4834742.385055031
 10
630735.1120774343
 20
4834758.591245717
  0
LWPOLYLINE
  5
2BF
330
17
100
AcDbEntity
  8
ROADS
100
AcDbPolyline
 90
2
 70
0
 10
630735.1120774343
 20
4834758.591245717
 10
630781.2011986411
 20
4834772.987377742
  0
LWPOLYLINE
  5
2C0
330
17
100
AcDbEntity
  8
ROADS
100
AcDbPolyline
 90
2
 70
0
 10
630781.2011986411
 20
4834772.987377742
 10
630827.6721596625
 20
4834787.9474566
  0
LWPOLYLINE
  5
2C1
330
17
100
AcDbEntity
  8
ROADS
100
AcDbPolyline
 90
2
 70
0
 10
630827.6721596625
 20
4834787.9474566
 10
630918.8564332128
 20
4834817.288813435
  0
LWPOLYLINE
  5
2C2
330
17
100
AcDbEntity
  8
ROADS
100
AcDbPolyline
 90
2
 70
0
 10
630918.8564332128
 20
4834817.288813435
 10
630967.9244861266
 20
4834831.314780496
  0
LWPOLYLINE
  5
2C3
330
17
100
AcDbEntity
  8
ROADS
100
AcDbPolyline
 90
2
 70
0
 10
630686.5925041692
 20
4834742.385055031
 10
630628.344022399
 20
4834924.356299708
  0
LWPOLYLINE
  5
2C4
330
17
100
AcDbEntity
  8
ROADS
100
AcDbPolyline
 90
2
 70
0
 10
630967.9244861266
 20
4834831.314780496
 10
631038.3378479797
 20
4834855.147304571
  0
LWPOLYLINE
  5
2C5
330
17
100
AcDbEntity
  8
ROADS
100
AcDbPolyline
 90
2
 70
0
 10
630735.1120774343
 20
4834758.591245717
 10
630675.401849491
 20
4834940.265069953
  0
LWPOLYLINE
  5
2C6
330
17
100
AcDbEntity
  8
ROADS
100
AcDbPolyline
 90
3
 70
0
 10
631286.3938516544
 20
4834696.993418127
 10
631335.783695311
 20
4834712.363298183
 10
631342.1083939406
 20
4834693.319206625
  0
LWPOLYLINE
  5
2C7
330
17
100
AcDbEntity
  8
ROADS
100
AcDbPolyline
 90
2
 70
0
 10
631286.3938516544
 20
4834696.993418127
 10
631276.6944814967
 20
4834728.287414407
  0
LWPOLYLINE
  5
2C8
330
17
100
AcDbEntity
  8
ROADS
100
AcDbPolyline
 90
2
 70
0
 10
631182.9002399072
 20
4834698.76186245
 10
631276.6944814967
 20
4834728.287414407
  0
LWPOLYLINE
  5
2C9
330
17
100
AcDbEntity
  8
ROADS
100
AcDbPolyline
 90
2
 70
0
 10
631182.9002399072
 20
4834698.76186245
 10
631170.1826795571
 20
4834739.071958201
  0
LWPOLYLINE
  5
2CA
330
17
100
AcDbEntity
  8
ROADS
100
AcDbPolyline
 90
2
 70
0
 10
631083.9692745714
 20
4834712.962689786
 10
631125.5911744733
 20
4834725.612954109
  0
LWPOLYLINE
  5
2CB
330
17
100
AcDbEntity
  8
ROADS
100
AcDbPolyline
 90
2
 70
0
 10
631125.5911744733
 20
4834725.612954109
 10
631170.1826795571
 20
4834739.071958201
  0
LWPOLYLINE
  5
2CC
330
17
100
AcDbEntity
  8
ROADS
100
AcDbPolyline
 90
2
 70
0
 10
631083.9692745714
 20
4834712.962689786
 10
631038.3378479797
 20
4834855.147304571
  0
LWPOLYLINE
  5
2CD
330
17
100
AcDbEntity
  8
ROADS
100
AcDbPolyline
 90
2
 70
0
 10
631125.5911744733
 20
4834725.612954109
 10
631081.4669142014
 20
4834868.042846356
  0
LWPOLYLINE
  5
2CE
330
17
100
AcDbEntity
  8
ROADS
100
AcDbPolyline
 90
2
 70
0
 10
631170.1826795571
 20
4834739.071958201
 10
631122.8801693022
 20
4834880.423338603
  0
LWPOLYLINE
  5
2CF
330
17
100
AcDbEntity
  8
ROADS
100
AcDbPolyline
 90
2
 70
0
 10
631276.6944814967
 20
4834728.287414407
 10
631235.3456037259
 20
4834900.386730624
  0
LWPOLYLINE
  5
2D0
330
17
100
AcDbEntity
  8
ROADS
100
AcDbPolyline
 90
2
 70
0
 10
631484.1407308014
 20
4834794.574048332
 10
631520.2964402292
 20
4834805.859429885
  0
LWPOLYLINE
  5
2D1
330
17
100
AcDbEntity
  8
ROADS
100
AcDbPolyline
 90
2
 70
0
 10
631484.1407308014
 20
4834794.574048332
 10
631472.6157119274
 20
4834834.138677459
  0
LWPOLYLINE
  5
2D2
330
17
100
AcDbEntity
  8
ROADS
100
AcDbPolyline
 90
2
 70
0
 10
631520.2964402292
 20
4834805.859429885
 10
631607.1757446192
 20
4834833.531908204
  0
LWPOLYLINE
  5
2D3
330
17
100
AcDbEntity
  8
ROADS
100
AcDbPolyline
 90
2
 70
0
 10
631472.6157119274
 20
4834834.138677459
 10
631527.2009051224
 20
4834851.00560797
  0
LWPOLYLINE
  5
2D4
330
17
100
AcDbEntity
  8
ROADS
100
AcDbPolyline
 90
2
 70
0
 10
631607.1757446192
 20
4834833.531908204
 10
631668.2133907201
 20
4834852.946669887
  0
LWPOLYLINE
  5
2D5
330
17
100
AcDbEntity
  8
ROADS
100
AcDbPolyline
 90
3
 70
0
 10
631348.3342643739
 20
4834898.378962316
 10
631381.0671741401
 20
4834871.244624574
 10
631399.8262469056
 20
4834815.718581334
  0
LWPOLYLINE
  5
2D6
330
17
100
AcDbEntity
  8
ROADS
100
AcDbPolyline
 90
4
 70
0
 10
631607.1757446192
 20
4834833.531908204
 10
631593.9819481209
 20
4834874.736508941
 10
631540.7930171129
 20
4834857.251763773
 10
631527.7086589284
 20
4834894.394029928
  0
LWPOLYLINE
  5
2D7
330
17
100
AcDbEntity
  8
ROADS
100
AcDbPolyline
 90
2
 70
0
 10
631472.6157119274
 20
4834834.138677459
 10
631427.1102144264
 20
4834975.3816481475
  0
LWPOLYLINE
  5
2D8
330
17
100
AcDbEntity
  8
ROADS
100
AcDbPolyline
 90
2
 70
0
 10
631360.8595962053
 20
4834915.174617241
 10
631350.3589424159
 20
4834912.235589017
  0
LWPOLYLINE
  5
2D9
330
17
100
AcDbEntity
  8
ROADS
100
AcDbPolyline
 90
2
 70
0
 10
631381.9864406629
 20
4834921.964011172
 10
631360.8595962053
 20
4834915.174617241
  0
LWPOLYLINE
  5
2DA
330
17
100
AcDbEntity
  8
ROADS
100
AcDbPolyline
 90
2
 70
0
 10
631038.3378479797
 20
4834855.147304571
 10
631081.4669142014
 20
4834868.042846356
  0
LWPOLYLINE
  5
2DB
330
17
100
AcDbEntity
  8
ROADS
100
AcDbPolyline
 90
2
 70
0
 10
631081.4669142014
 20
4834868.042846356
 10
631122.8801693022
 20
4834880.423338603
  0
LWPOLYLINE
  5
2DC
330
17
100
AcDbEntity
  8
ROADS
100
AcDbPolyline
 90
2
 70
0
 10
631122.8801693022
 20
4834880.423338603
 10
631174.0175883301
 20
4834896.65189111
  0
LWPOLYLINE
  5
2DD
330
17
100
AcDbEntity
  8
ROADS
100
AcDbPolyline
 90
2
 70
0
 10
631267.6303750197
 20
4834881.721928542
 10
631235.3456037259
 20
4834900.386730624
  0
LWPOLYLINE
  5
2DE
330
17
100
AcDbEntity
  8
ROADS
100
AcDbPolyline
 90
2
 70
0
 10
631038.3378479797
 20
4834855.147304571
 10
631012.8295266733
 20
4834940.755489105
  0
LWPOLYLINE
  5
2DF
330
17
100
AcDbEntity
  8
ROADS
100
AcDbPolyline
 90
2
 70
0
 10
631348.3342643739
 20
4834898.378962316
 10
631330.5040627342
 20
4834905.840717614
  0
LWPOLYLINE
  5
2E0
330
17
100
AcDbEntity
  8
ROADS
100
AcDbPolyline
 90
2
 70
0
 10
631330.5040627342
 20
4834905.840717614
 10
631235.3456037259
 20
4834900.386730624
  0
LWPOLYLINE
  5
2E1
330
17
100
AcDbEntity
  8
ROADS
100
AcDbPolyline
 90
2
 70
0
 10
631174.0175883301
 20
4834896.65189111
 10
631215.5060877549
 20
4834909.628294246
  0
LWPOLYLINE
  5
2E2
330
17
100
AcDbEntity
  8
ROADS
100
AcDbPolyline
 90
2
 70
0
 10
631235.3456037259
 20
4834900.386730624
 10
631215.5060877549
 20
4834909.628294246
  0
LWPOLYLINE
  5
2E3
330
17
100
AcDbEntity
  8
ROADS
100
AcDbPolyline
 90
2
 70
0
 10
631350.3589424159
 20
4834912.235589017
 10
631348.3342643739
 20
4834898.378962316
  0
LWPOLYLINE
  5
2E4
330
17
100
AcDbEntity
  8
ROADS
100
AcDbPolyline
 90
2
 70
0
 10
631394.412316907
 20
4834943.210201879
 10
631360.8595962053
 20
4834915.174617241
  0
LWPOLYLINE
  5
2E5
330
17
100
AcDbEntity
  8
ROADS
100
AcDbPolyline
 90
2
 70
0
 10
631394.412316907
 20
4834943.210201879
 10
631381.9864406629
 20
4834921.964011172
  0
LWPOLYLINE
  5
2E6
330
17
100
AcDbEntity
  8
ROADS
100
AcDbPolyline
 90
3
 70
0
 10
631407.5523028818
 20
4834947.912071473
 10
631414.677480131
 20
4834934.128841075
 10
631381.9864406629
 20
4834921.964011172
  0
LWPOLYLINE
  5
2E7
330
17
100
AcDbEntity
  8
ROADS
100
AcDbPolyline
 90
2
 70
0
 10
631407.5523028818
 20
4834947.912071473
 10
631394.412316907
 20
4834943.210201879
  0
LWPOLYLINE
  5
2E8
330
17
100
AcDbEntity
  8
ROADS
100
AcDbPolyline
 90
2
 70
0
 10
631404.2559755095
 20
4834957.653211424
 10
631394.412316907
 20
4834943.210201879
  0
LWPOLYLINE
  5
2E9
330
17
100
AcDbEntity
  8
ROADS
100
AcDbPolyline
 90
2
 70
0
 10
631404.2559755095
 20
4834957.653211424
 10
631407.5523028818
 20
4834947.912071473
  0
LWPOLYLINE
  5
2EA
330
17
100
AcDbEntity
  8
ROADS
100
AcDbPolyline
 90
2
 70
0
 10
631321.1189716088
 20
4834943.647376184
 10
631401.3228379881
 20
4834967.6619361695
  0
LWPOLYLINE
  5
2EB
330
17
100
AcDbEntity
  8
ROADS
100
AcDbPolyline
 90
2
 70
0
 10
631427.1102144264
 20
4834975.3816481475
 10
631407.5523028818
 20
4834947.912071473
  0
LWPOLYLINE
  5
2EC
330
17
100
AcDbEntity
  8
ROADS
100
AcDbPolyline
 90
2
 70
0
 10
631401.3228379881
 20
4834967.6619361695
 10
631404.2559755095
 20
4834957.653211424
  0
LWPOLYLINE
  5
2ED
330
17
100
AcDbEntity
  8
ROADS
100
AcDbPolyline
 90
2
 70
0
 10
631401.3228379881
 20
4834967.6619361695
 10
631427.1102144264
 20
4834975.3816481475
  0
LWPOLYLINE
  5
2EE
330
17
100
AcDbEntity
  8
ROADS
100
AcDbPolyline
 90
2
 70
0
 10
631005.1822794627
 20
4834963.751940234
 10
630990.095743061
 20
4834945.021862811
  0
LWPOLYLINE
  5
2EF
330
17
100
AcDbEntity
  8
ROADS
100
AcDbPolyline
 90
2
 70
0
 10
631009.3580948589
 20
4834950.9444852
 10
631005.1822794627
 20
4834963.751940234
  0
LWPOLYLINE
  5
2F0
330
17
100
AcDbEntity
  8
ROADS
100
AcDbPolyline
 90
2
 70
0
 10
630675.401849491
 20
4834940.265069953
 10
630664.5180001662
 20
4834974.733820707
  0
LWPOLYLINE
  5
2F1
330
17
100
AcDbEntity
  8
ROADS
100
AcDbPolyline
 90
3
 70
0
 10
630990.095743061
 20
4834945.021862811
 10
630969.2207460472
 20
4834964.8529734565
 10
630999.8916433332
 20
4834980.085501311
  0
LWPOLYLINE
  5
2F2
330
17
100
AcDbEntity
  8
ROADS
100
AcDbPolyline
 90
2
 70
0
 10
630721.1154516027
 20
4834959.721802873
 10
630767.8746585023
 20
4834972.676970201
  0
LWPOLYLINE
  5
2F3
330
17
100
AcDbEntity
  8
ROADS
100
AcDbPolyline
 90
2
 70
0
 10
630664.5180001662
 20
4834974.733820707
 10
630721.1154516027
 20
4834959.721802873
  0
LWPOLYLINE
  5
2F4
330
17
100
AcDbEntity
  8
ROADS
100
AcDbPolyline
 90
2
 70
0
 10
631005.1822794627
 20
4834963.751940234
 10
630999.8916433332
 20
4834980.085501311
  0
LWPOLYLINE
  5
2F5
330
17
100
AcDbEntity
  8
ROADS
100
AcDbPolyline
 90
2
 70
0
 10
630767.8746585023
 20
4834972.676970201
 10
630814.813651144
 20
4834986.7514721975
  0
LWPOLYLINE
  5
2F6
330
17
100
AcDbEntity
  8
ROADS
100
AcDbPolyline
 90
2
 70
0
 10
630999.8916433332
 20
4834980.085501311
 10
630993.5602651049
 20
4834999.6644866485
  0
LWPOLYLINE
  5
2F7
330
17
100
AcDbEntity
  8
ROADS
100
AcDbPolyline
 90
2
 70
0
 10
630767.8746585023
 20
4834972.676970201
 10
630756.4885971744
 20
4835008.648760271
  0
LWPOLYLINE
  5
2F8
330
17
100
AcDbEntity
  8
ROADS
100
AcDbPolyline
 90
2
 70
0
 10
631350.3589424159
 20
4834912.235589017
 10
631330.5040627342
 20
4834905.840717614
  0
LWPOLYLINE
  5
2F9
330
17
100
AcDbEntity
  8
ROADS
100
AcDbPolyline
 90
3
 70
0
 10
631009.3580948589
 20
4834950.9444852
 10
631048.5608422353
 20
4834963.620049317
 10
631081.4669142014
 20
4834868.042846356
  0
LWPOLYLINE
  5
2FA
330
17
100
AcDbEntity
  8
ROADS
100
AcDbPolyline
 90
2
 70
0
 10
631330.5040627342
 20
4834905.840717614
 10
631321.1189716088
 20
4834943.647376184
  0
LWPOLYLINE
  5
2FB
330
17
100
AcDbEntity
  8
ROADS
100
AcDbPolyline
 90
2
 70
0
 10
631215.5060877549
 20
4834909.628294246
 10
631321.1189716088
 20
4834943.647376184
  0
LWPOLYLINE
  5
2FC
330
17
100
AcDbEntity
  8
ROADS
100
AcDbPolyline
 90
2
 70
0
 10
631174.0175883301
 20
4834896.65189111
 10
631148.9331748398
 20
4834979.997603447
  0
LWPOLYLINE
  5
2FD
330
17
100
AcDbEntity
  8
ROADS
100
AcDbPolyline
 90
2
 70
0
 10
631122.8801693022
 20
4834880.423338603
 10
631078.6064987965
 20
4835029.039963989
  0
LWPOLYLINE
  5
2FE
330
17
100
AcDbEntity
  8
ROADS
100
AcDbPolyline
 90
2
 70
0
 10
631215.5060877549
 20
4834909.628294246
 10
631155.6205309574
 20
4835096.842592942
  0
LWPOLYLINE
  5
2FF
330
17
100
AcDbEntity
  8
ROADS
100
AcDbPolyline
 90
2
 70
0
 10
630993.5602651049
 20
4834999.6644866485
 10
631078.6064987965
 20
4835029.039963989
  0
LWPOLYLINE
  5
300
330
17
100
AcDbEntity
  8
ROADS
100
AcDbPolyline
 90
2
 70
0
 10
631078.6064987965
 20
4835029.039963989
 10
631066.7640396538
 20
4835068.792813158
  0
LWPOLYLINE
  5
301
330
17
100
AcDbEntity
  8
ROADS
100
AcDbPolyline
 90
2
 70
0
 10
630980.7462797175
 20
4835039.774791125
 10
631066.7640396538
 20
4835068.792813158
  0
LWPOLYLINE
  5
302
330
17
100
AcDbEntity
  8
ROADS
100
AcDbPolyline
 90
3
 70
0
 10
629695.3025170532
 20
4834789.62120381
 10
629558.1403437614
 20
4834747.060964887
 10
629539.7012989364
 20
4834802.205464201
  0
LWPOLYLINE
  5
303
330
17
100
AcDbEntity
  8
ROADS
100
AcDbPolyline
 90
2
 70
0
 10
629695.3025170532
 20
4834789.62120381
 10
629677.4063975577
 20
4834844.494518623
  0
LWPOLYLINE
  5
304
330
17
100
AcDbEntity
  8
ROADS
100
AcDbPolyline
 90
2
 70
0
 10
629677.4063975577
 20
4834844.494518623
 10
629539.7012989364
 20
4834802.205464201
  0
LWPOLYLINE
  5
305
330
17
100
AcDbEntity
  8
ROADS
100
AcDbPolyline
 90
2
 70
0
 10
629802.9894966902
 20
4834756.676430304
 10
629746.8811282907
 20
4834928.146147103
  0
LWPOLYLINE
  5
306
330
17
100
AcDbEntity
  8
ROADS
100
AcDbPolyline
 90
2
 70
0
 10
629891.9529660108
 20
4834780.174142688
 10
629835.4455114399
 20
4834951.479675988
  0
LWPOLYLINE
  5
307
330
17
100
AcDbEntity
  8
ROADS
100
AcDbPolyline
 90
2
 70
0
 10
629677.4063975577
 20
4834844.494518623
 10
629663.1453121874
 20
4834889.310838708
  0
LWPOLYLINE
  5
308
330
17
100
AcDbEntity
  8
ROADS
100
AcDbPolyline
 90
3
 70
0
 10
629663.1453121874
 20
4834889.310838708
 10
629618.4547465421
 20
4834875.230038073
 10
629614.2785574817
 20
4834888.529467925
  0
LWPOLYLINE
  5
309
330
17
100
AcDbEntity
  8
ROADS
100
AcDbPolyline
 90
2
 70
0
 10
629659.85778768
 20
4834900.834210817
 10
629614.2785574817
 20
4834888.529467925
  0
LWPOLYLINE
  5
30A
330
17
100
AcDbEntity
  8
ROADS
100
AcDbPolyline
 90
2
 70
0
 10
629663.1453121874
 20
4834889.310838708
 10
629659.85778768
 20
4834900.834210817
  0
LWPOLYLINE
  5
30B
330
17
100
AcDbEntity
  8
ROADS
100
AcDbPolyline
 90
2
 70
0
 10
629746.8811282907
 20
4834928.146147103
 10
629659.85778768
 20
4834900.834210817
  0
LWPOLYLINE
  5
30C
330
17
100
AcDbEntity
  8
ROADS
100
AcDbPolyline
 90
2
 70
0
 10
629545.2863738972
 20
4834921.939664069
 10
629498.7283688214
 20
4834907.545086171
  0
LWPOLYLINE
  5
30D
330
17
100
AcDbEntity
  8
ROADS
100
AcDbPolyline
 90
2
 70
0
 10
629272.9905099547
 20
4834932.16105644
 10
629306.8747146743
 20
4834942.758521566
  0
LWPOLYLINE
  5
30E
330
17
100
AcDbEntity
  8
ROADS
100
AcDbPolyline
 90
2
 70
0
 10
629545.2863738972
 20
4834921.939664069
 10
629530.3328836306
 20
4834967.992532333
  0
LWPOLYLINE
  5
30F
330
17
100
AcDbEntity
  8
ROADS
100
AcDbPolyline
 90
2
 70
0
 10
629452.1067360514
 20
4834893.01935304
 10
629409.581811047
 20
4835025.071711283
  0
LWPOLYLINE
  5
310
330
17
100
AcDbEntity
  8
ROADS
100
AcDbPolyline
 90
3
 70
0
 10
629353.1281823715
 20
4835008.186077123
 10
629372.9240089231
 20
4834943.6555032395
 10
629319.3111910671
 20
4834925.408142637
  0
LWPOLYLINE
  5
311
330
17
100
AcDbEntity
  8
ROADS
100
AcDbPolyline
 90
2
 70
0
 10
629575.7596719734
 20
4834982.00764552
 10
629530.3328836306
 20
4834967.992532333
  0
LWPOLYLINE
  5
312
330
17
100
AcDbEntity
  8
ROADS
100
AcDbPolyline
 90
2
 70
0
 10
629315.9787423867
 20
4834996.618760354
 10
629257.5511888082
 20
4834978.591142721
  0
LWPOLYLINE
  5
313
330
17
100
AcDbEntity
  8
ROADS
100
AcDbPolyline
 90
2
 70
0
 10
629575.7596719734
 20
4834982.00764552
 10
629562.7591448124
 20
4835021.320353522
  0
LWPOLYLINE
  5
314
330
17
100
AcDbEntity
  8
ROADS
100
AcDbPolyline
 90
2
 70
0
 10
629353.1281823715
 20
4835008.186077123
 10
629315.9787423867
 20
4834996.618760354
  0
LWPOLYLINE
  5
315
330
17
100
AcDbEntity
  8
ROADS
100
AcDbPolyline
 90
2
 70
0
 10
629255.1867680122
 20
4835031.738250838
 10
629241.25800779
 20
4835027.585946313
  0
LWPOLYLINE
  5
316
330
17
100
AcDbEntity
  8
ROADS
100
AcDbPolyline
 90
2
 70
0
 10
629530.3328836306
 20
4834967.992532333
 10
629502.3453236669
 20
4835053.719514816
  0
LWPOLYLINE
  5
317
330
17
100
AcDbEntity
  8
ROADS
100
AcDbPolyline
 90
2
 70
0
 10
629409.581811047
 20
4835025.071711283
 10
629353.1281823715
 20
4835008.186077123
  0
LWPOLYLINE
  5
318
330
17
100
AcDbEntity
  8
ROADS
100
AcDbPolyline
 90
2
 70
0
 10
629315.9787423867
 20
4834996.618760354
 10
629300.3465207734
 20
4835045.47551584
  0
LWPOLYLINE
  5
319
330
17
100
AcDbEntity
  8
ROADS
100
AcDbPolyline
 90
2
 70
0
 10
629454.6580062321
 20
4835039.504518636
 10
629409.581811047
 20
4835025.071711283
  0
LWPOLYLINE
  5
31A
330
17
100
AcDbEntity
  8
ROADS
100
AcDbPolyline
 90
2
 70
0
 10
629300.3465207734
 20
4835045.47551584
 10
629255.1867680122
 20
4835031.738250838
  0
LWPOLYLINE
  5
31B
330
17
100
AcDbEntity
  8
ROADS
100
AcDbPolyline
 90
2
 70
0
 10
629502.3453236669
 20
4835053.719514816
 10
629454.6580062321
 20
4835039.504518636
  0
LWPOLYLINE
  5
31C
330
17
100
AcDbEntity
  8
ROADS
100
AcDbPolyline
 90
2
 70
0
 10
629255.1867680122
 20
4835031.738250838
 10
629234.3581735718
 20
4835099.681359963
  0
LWPOLYLINE
  5
31D
330
17
100
AcDbEntity
  8
ROADS
100
AcDbPolyline
 90
3
 70
0
 10
629300.3465207734
 20
4835045.47551584
 10
629345.3009744539
 20
4835059.616100876
 10
629334.4585373442
 20
4835092.957382454
  0
LWPOLYLINE
  5
31E
330
17
100
AcDbEntity
  8
ROADS
100
AcDbPolyline
 90
2
 70
0
 10
629300.3465207734
 20
4835045.47551584
 10
629253.3961770536
 20
4835191.693761383
  0
LWPOLYLINE
  5
31F
330
17
100
AcDbEntity
  8
ROADS
100
AcDbPolyline
 90
2
 70
0
 10
629409.581811047
 20
4835025.071711283
 10
629344.5622709725
 20
4835217.313015177
  0
LWPOLYLINE
  5
320
330
17
100
AcDbEntity
  8
ROADS
100
AcDbPolyline
 90
2
 70
0
 10
629502.3453236669
 20
4835053.719514816
 10
629456.8690593691
 20
4835194.184099719
  0
LWPOLYLINE
  5
321
330
17
100
AcDbEntity
  8
ROADS
100
AcDbPolyline
 90
3
 70
0
 10
629576.0147302328
 20
4835150.676888302
 10
629528.3480662382
 20
4835139.191436573
 10
629540.3878642663
 20
4835101.188460362
  0
LWPOLYLINE
  5
322
330
17
100
AcDbEntity
  8
ROADS
100
AcDbPolyline
 90
2
 70
0
 10
629454.6580062321
 20
4835039.504518636
 10
629393.5821274817
 20
4835230.561554566
  0
LWPOLYLINE
  5
323
330
17
100
AcDbEntity
  8
ROADS
100
AcDbPolyline
 90
2
 70
0
 10
629576.0147302328
 20
4835150.676888302
 10
629551.5732827396
 20
4835224.570156037
  0
LWPOLYLINE
  5
324
330
17
100
AcDbEntity
  8
ROADS
100
AcDbPolyline
 90
2
 70
0
 10
629504.6488840902
 20
4835209.200845427
 10
629516.3443923547
 20
4835174.310864769
  0
LWPOLYLINE
  5
325
330
17
100
AcDbEntity
  8
ROADS
100
AcDbPolyline
 90
2
 70
0
 10
629504.6488840902
 20
4835209.200845427
 10
629456.8690593691
 20
4835194.184099719
  0
LWPOLYLINE
  5
326
330
17
100
AcDbEntity
  8
ROADS
100
AcDbPolyline
 90
2
 70
0
 10
629344.5622709725
 20
4835217.313015177
 10
629253.3961770536
 20
4835191.693761383
  0
LWPOLYLINE
  5
327
330
17
100
AcDbEntity
  8
ROADS
100
AcDbPolyline
 90
2
 70
0
 10
629504.6488840902
 20
4835209.200845427
 10
629475.7499214744
 20
4835210.582534139
  0
LWPOLYLINE
  5
328
330
17
100
AcDbEntity
  8
ROADS
100
AcDbPolyline
 90
2
 70
0
 10
629551.5732827396
 20
4835224.570156037
 10
629504.6488840902
 20
4835209.200845427
  0
LWPOLYLINE
  5
329
330
17
100
AcDbEntity
  8
ROADS
100
AcDbPolyline
 90
2
 70
0
 10
629456.8690593691
 20
4835194.184099719
 10
629440.2013306707
 20
4835245.7183317365
  0
LWPOLYLINE
  5
32A
330
17
100
AcDbEntity
  8
ROADS
100
AcDbPolyline
 90
2
 70
0
 10
630379.4032590433
 20
4834752.077132986
 10
630330.6955043687
 20
4834905.225615934
  0
LWPOLYLINE
  5
32B
330
17
100
AcDbEntity
  8
ROADS
100
AcDbPolyline
 90
2
 70
0
 10
630330.6955043687
 20
4834905.225615934
 10
630213.779162095
 20
4834868.272612721
  0
LWPOLYLINE
  5
32C
330
17
100
AcDbEntity
  8
ROADS
100
AcDbPolyline
 90
2
 70
0
 10
630579.0979436026
 20
4834908.785003176
 10
630628.344022399
 20
4834924.356299708
  0
LWPOLYLINE
  5
32D
330
17
100
AcDbEntity
  8
ROADS
100
AcDbPolyline
 90
2
 70
0
 10
630555.5603912029
 20
4834976.767423616
 10
630330.6955043687
 20
4834905.225615934
  0
LWPOLYLINE
  5
32E
330
17
100
AcDbEntity
  8
ROADS
100
AcDbPolyline
 90
2
 70
0
 10
630579.0979436026
 20
4834908.785003176
 10
630555.5603912029
 20
4834976.767423616
  0
LWPOLYLINE
  5
32F
330
17
100
AcDbEntity
  8
ROADS
100
AcDbPolyline
 90
2
 70
0
 10
630330.6955043687
 20
4834905.225615934
 10
630307.2277218396
 20
4834982.68192118
  0
LWPOLYLINE
  5
330
330
17
100
AcDbEntity
  8
ROADS
100
AcDbPolyline
 90
2
 70
0
 10
630307.2277218396
 20
4834982.68192118
 10
630247.7088168045
 20
4834964.186728724
  0
LWPOLYLINE
  5
331
330
17
100
AcDbEntity
  8
ROADS
100
AcDbPolyline
 90
3
 70
0
 10
630555.5603912029
 20
4834976.767423616
 10
630604.0259391286
 20
4834992.364621897
 10
630664.5180001662
 20
4834974.733820707
  0
LWPOLYLINE
  5
332
330
17
100
AcDbEntity
  8
ROADS
100
AcDbPolyline
 90
2
 70
0
 10
630555.5603912029
 20
4834976.767423616
 10
630529.8833487672
 20
4835055.057400463
  0
LWPOLYLINE
  5
333
330
17
100
AcDbEntity
  8
ROADS
100
AcDbPolyline
 90
2
 70
0
 10
630529.8833487672
 20
4835055.057400463
 10
630307.2277218396
 20
4834982.68192118
  0
LWPOLYLINE
  5
334
330
17
100
AcDbEntity
  8
ROADS
100
AcDbPolyline
 90
2
 70
0
 10
630213.779162095
 20
4834868.272612721
 10
630188.930821148
 20
4834945.865947808
  0
LWPOLYLINE
  5
335
330
17
100
AcDbEntity
  8
ROADS
100
AcDbPolyline
 90
2
 70
0
 10
630123.3319793079
 20
4834925.131708383
 10
630035.2337213134
 20
4834897.584297102
  0
LWPOLYLINE
  5
336
330
17
100
AcDbEntity
  8
ROADS
100
AcDbPolyline
 90
2
 70
0
 10
629939.3434811105
 20
4834866.908833316
 10
629908.1224873445
 20
4834963.545243601
  0
LWPOLYLINE
  5
337
330
17
100
AcDbEntity
  8
ROADS
100
AcDbPolyline
 90
2
 70
0
 10
630188.930821148
 20
4834945.865947808
 10
630123.3319793079
 20
4834925.131708383
  0
LWPOLYLINE
  5
338
330
17
100
AcDbEntity
  8
ROADS
100
AcDbPolyline
 90
2
 70
0
 10
630247.7088168045
 20
4834964.186728724
 10
630188.930821148
 20
4834945.865947808
  0
LWPOLYLINE
  5
339
330
17
100
AcDbEntity
  8
ROADS
100
AcDbPolyline
 90
2
 70
0
 10
630123.3319793079
 20
4834925.131708383
 10
630083.4989434576
 20
4835017.9732245775
  0
LWPOLYLINE
  5
33A
330
17
100
AcDbEntity
  8
ROADS
100
AcDbPolyline
 90
2
 70
0
 10
630083.4989434576
 20
4835017.9732245775
 10
629908.1224873445
 20
4834963.545243601
  0
LWPOLYLINE
  5
33B
330
17
100
AcDbEntity
  8
ROADS
100
AcDbPolyline
 90
2
 70
0
 10
630188.930821148
 20
4834945.865947808
 10
630158.5925664669
 20
4835041.577314699
  0
LWPOLYLINE
  5
33C
330
17
100
AcDbEntity
  8
ROADS
100
AcDbPolyline
 90
2
 70
0
 10
630247.7088168045
 20
4834964.186728724
 10
630216.7682519355
 20
4835060.244247748
  0
LWPOLYLINE
  5
33D
330
17
100
AcDbEntity
  8
ROADS
100
AcDbPolyline
 90
2
 70
0
 10
630158.5925664669
 20
4835041.577314699
 10
630083.4989434576
 20
4835017.9732245775
  0
LWPOLYLINE
  5
33E
330
17
100
AcDbEntity
  8
ROADS
100
AcDbPolyline
 90
2
 70
0
 10
629659.85778768
 20
4834900.834210817
 10
629642.3411013581
 20
4834952.420145563
  0
LWPOLYLINE
  5
33F
330
17
100
AcDbEntity
  8
ROADS
100
AcDbPolyline
 90
2
 70
0
 10
629790.450047445
 20
4834941.816656271
 10
629746.8811282907
 20
4834928.146147103
  0
LWPOLYLINE
  5
340
330
17
100
AcDbEntity
  8
ROADS
100
AcDbPolyline
 90
2
 70
0
 10
629642.3411013581
 20
4834952.420145563
 10
629545.2863738972
 20
4834921.939664069
  0
LWPOLYLINE
  5
341
330
17
100
AcDbEntity
  8
ROADS
100
AcDbPolyline
 90
2
 70
0
 10
629835.4455114399
 20
4834951.479675988
 10
629790.450047445
 20
4834941.816656271
  0
LWPOLYLINE
  5
342
330
17
100
AcDbEntity
  8
ROADS
100
AcDbPolyline
 90
2
 70
0
 10
629908.1224873445
 20
4834963.545243601
 10
629835.4455114399
 20
4834951.479675988
  0
LWPOLYLINE
  5
343
330
17
100
AcDbEntity
  8
ROADS
100
AcDbPolyline
 90
2
 70
0
 10
629642.3411013581
 20
4834952.420145563
 10
629626.2976757383
 20
4834997.856281233
  0
LWPOLYLINE
  5
344
330
17
100
AcDbEntity
  8
ROADS
100
AcDbPolyline
 90
2
 70
0
 10
629626.2976757383
 20
4834997.856281233
 10
629575.7596719734
 20
4834982.00764552
  0
LWPOLYLINE
  5
345
330
17
100
AcDbEntity
  8
ROADS
100
AcDbPolyline
 90
2
 70
0
 10
629626.2976757383
 20
4834997.856281233
 10
629595.2783311134
 20
4835092.57610232
  0
LWPOLYLINE
  5
346
330
17
100
AcDbEntity
  8
ROADS
100
AcDbPolyline
 90
2
 70
0
 10
629790.450047445
 20
4834941.816656271
 10
629707.9260842898
 20
4835189.111090104
  0
LWPOLYLINE
  5
347
330
17
100
AcDbEntity
  8
ROADS
100
AcDbPolyline
 90
2
 70
0
 10
629595.2783311134
 20
4835092.57610232
 10
629588.8886710831
 20
4835111.728920404
  0
LWPOLYLINE
  5
348
330
17
100
AcDbEntity
  8
ROADS
100
AcDbPolyline
 90
2
 70
0
 10
630814.813651144
 20
4834986.7514721975
 10
630859.8467184829
 20
4835001.865601614
  0
LWPOLYLINE
  5
349
330
17
100
AcDbEntity
  8
ROADS
100
AcDbPolyline
 90
2
 70
0
 10
630721.1154516027
 20
4834959.721802873
 10
630689.9207580087
 20
4835053.625708936
  0
LWPOLYLINE
  5
34A
330
17
100
AcDbEntity
  8
ROADS
100
AcDbPolyline
 90
2
 70
0
 10
630859.8467184829
 20
4835001.865601614
 10
630907.9805084227
 20
4835017.339810983
  0
LWPOLYLINE
  5
34B
330
17
100
AcDbEntity
  8
ROADS
100
AcDbPolyline
 90
2
 70
0
 10
630993.5602651049
 20
4834999.6644866485
 10
630980.7462797175
 20
4835039.774791125
  0
LWPOLYLINE
  5
34C
330
17
100
AcDbEntity
  8
ROADS
100
AcDbPolyline
 90
2
 70
0
 10
630907.9805084227
 20
4835017.339810983
 10
630980.7462797175
 20
4835039.774791125
  0
LWPOLYLINE
  5
34D
330
17
100
AcDbEntity
  8
ROADS
100
AcDbPolyline
 90
2
 70
0
 10
630907.9805084227
 20
4835017.339810983
 10
630896.3366108119
 20
4835054.518041892
  0
LWPOLYLINE
  5
34E
330
17
100
AcDbEntity
  8
ROADS
100
AcDbPolyline
 90
2
 70
0
 10
630756.4885971744
 20
4835008.648760271
 10
630737.3775190648
 20
4835067.935595693
  0
LWPOLYLINE
  5
34F
330
17
100
AcDbEntity
  8
ROADS
100
AcDbPolyline
 90
2
 70
0
 10
630664.5180001662
 20
4834974.733820707
 10
630614.6199557114
 20
4835130.707090741
  0
LWPOLYLINE
  5
350
330
17
100
AcDbEntity
  8
ROADS
100
AcDbPolyline
 90
2
 70
0
 10
630980.7462797175
 20
4835039.774791125
 10
630968.8199292873
 20
4835077.197941521
  0
LWPOLYLINE
  5
351
330
17
100
AcDbEntity
  8
ROADS
100
AcDbPolyline
 90
4
 70
0
 10
630728.8169010031
 20
4835094.93180407
 10
630774.4938624827
 20
4835110.772636532
 10
630803.5457184886
 20
4835022.882413771
 10
630756.4885971744
 20
4835008.648760271
  0
LWPOLYLINE
  5
352
330
17
100
AcDbEntity
  8
ROADS
100
AcDbPolyline
 90
2
 70
0
 10
630307.2277218396
 20
4834982.68192118
 10
630276.534358002
 20
4835079.115950995
  0
LWPOLYLINE
  5
353
330
17
100
AcDbEntity
  8
ROADS
100
AcDbPolyline
 90
3
 70
0
 10
630443.64975948
 20
4835085.782799091
 10
630323.3507336887
 20
4835047.968012632
 10
630308.786605151
 20
4835090.569775588
  0
LWPOLYLINE
  5
354
330
17
100
AcDbEntity
  8
ROADS
100
AcDbPolyline
 90
2
 70
0
 10
630276.534358002
 20
4835079.115950995
 10
630216.7682519355
 20
4835060.244247748
  0
LWPOLYLINE
  5
355
330
17
100
AcDbEntity
  8
ROADS
100
AcDbPolyline
 90
2
 70
0
 10
630529.8833487672
 20
4835055.057400463
 10
630518.3288425377
 20
4835094.6488771625
  0
LWPOLYLINE
  5
356
330
17
100
AcDbEntity
  8
ROADS
100
AcDbPolyline
 90
2
 70
0
 10
630448.5084716012
 20
4835071.158081383
 10
630443.64975948
 20
4835085.782799091
  0
LWPOLYLINE
  5
357
330
17
100
AcDbEntity
  8
ROADS
100
AcDbPolyline
 90
2
 70
0
 10
630308.786605151
 20
4835090.569775588
 10
630276.534358002
 20
4835079.115950995
  0
LWPOLYLINE
  5
358
330
17
100
AcDbEntity
  8
ROADS
100
AcDbPolyline
 90
2
 70
0
 10
630518.3288425377
 20
4835094.6488771625
 10
630568.3541866185
 20
4835110.318291965
  0
LWPOLYLINE
  5
359
330
17
100
AcDbEntity
  8
ROADS
100
AcDbPolyline
 90
2
 70
0
 10
630429.9444887451
 20
4835129.501681027
 10
630443.64975948
 20
4835085.782799091
  0
LWPOLYLINE
  5
35A
330
17
100
AcDbEntity
  8
ROADS
100
AcDbPolyline
 90
2
 70
0
 10
630429.9444887451
 20
4835129.501681027
 10
630308.786605151
 20
4835090.569775588
  0
LWPOLYLINE
  5
35B
330
17
100
AcDbEntity
  8
ROADS
100
AcDbPolyline
 90
2
 70
0
 10
630568.3541866185
 20
4835110.318291965
 10
630614.6199557114
 20
4835130.707090741
  0
LWPOLYLINE
  5
35C
330
17
100
AcDbEntity
  8
ROADS
100
AcDbPolyline
 90
2
 70
0
 10
630689.9207580087
 20
4835053.625708936
 10
630685.8380844311
 20
4835065.92779767
  0
LWPOLYLINE
  5
35D
330
17
100
AcDbEntity
  8
ROADS
100
AcDbPolyline
 90
2
 70
0
 10
630689.9207580087
 20
4835053.625708936
 10
630737.3775190648
 20
4835067.935595693
  0
LWPOLYLINE
  5
35E
330
17
100
AcDbEntity
  8
ROADS
100
AcDbPolyline
 90
2
 70
0
 10
630896.3366108119
 20
4835054.518041892
 10
630968.8199292873
 20
4835077.197941521
  0
LWPOLYLINE
  5
35F
330
17
100
AcDbEntity
  8
ROADS
100
AcDbPolyline
 90
2
 70
0
 10
630737.3775190648
 20
4835067.935595693
 10
630728.8169010031
 20
4835094.93180407
  0
LWPOLYLINE
  5
360
330
17
100
AcDbEntity
  8
ROADS
100
AcDbPolyline
 90
2
 70
0
 10
630859.8467184829
 20
4835001.865601614
 10
630800.9670068045
 20
4835189.424893086
  0
LWPOLYLINE
  5
361
330
17
100
AcDbEntity
  8
ROADS
100
AcDbPolyline
 90
2
 70
0
 10
630728.8169010031
 20
4835094.93180407
 10
630708.1120783816
 20
4835160.061242836
  0
LWPOLYLINE
  5
362
330
17
100
AcDbEntity
  8
ROADS
100
AcDbPolyline
 90
2
 70
0
 10
630896.3366108119
 20
4835054.518041892
 10
630847.0814347222
 20
4835203.2505031405
  0
LWPOLYLINE
  5
363
330
17
100
AcDbEntity
  8
ROADS
100
AcDbPolyline
 90
2
 70
0
 10
630614.6199557114
 20
4835130.707090741
 10
630708.1120783816
 20
4835160.061242836
  0
LWPOLYLINE
  5
364
330
17
100
AcDbEntity
  8
ROADS
100
AcDbPolyline
 90
2
 70
0
 10
630968.8199292873
 20
4835077.197941521
 10
630918.2001167262
 20
4835226.622813909
  0
LWPOLYLINE
  5
365
330
17
100
AcDbEntity
  8
ROADS
100
AcDbPolyline
 90
2
 70
0
 10
630708.1120783816
 20
4835160.061242836
 10
630800.9670068045
 20
4835189.424893086
  0
LWPOLYLINE
  5
366
330
17
100
AcDbEntity
  8
ROADS
100
AcDbPolyline
 90
2
 70
0
 10
629908.1224873445
 20
4834963.545243601
 10
629861.7048655868
 20
4835099.26766295
  0
LWPOLYLINE
  5
367
330
17
100
AcDbEntity
  8
ROADS
100
AcDbPolyline
 90
2
 70
0
 10
630216.7682519355
 20
4835060.244247748
 10
630158.5925664669
 20
4835041.577314699
  0
LWPOLYLINE
  5
368
330
17
100
AcDbEntity
  8
ROADS
100
AcDbPolyline
 90
2
 70
0
 10
630158.5925664669
 20
4835041.577314699
 10
630129.9998970474
 20
4835128.410592276
  0
LWPOLYLINE
  5
369
330
17
100
AcDbEntity
  8
ROADS
100
AcDbPolyline
 90
2
 70
0
 10
630111.9407456404
 20
4835174.208373815
 10
629861.7048655868
 20
4835099.26766295
  0
LWPOLYLINE
  5
36A
330
17
100
AcDbEntity
  8
ROADS
100
AcDbPolyline
 90
2
 70
0
 10
630248.7346914692
 20
4835165.508559861
 10
630129.9998970474
 20
4835128.410592276
  0
LWPOLYLINE
  5
36B
330
17
100
AcDbEntity
  8
ROADS
100
AcDbPolyline
 90
2
 70
0
 10
630129.9998970474
 20
4835128.410592276
 10
630111.9407456404
 20
4835174.208373815
  0
LWPOLYLINE
  5
36C
330
17
100
AcDbEntity
  8
ROADS
100
AcDbPolyline
 90
2
 70
0
 10
630170.5089739191
 20
4835190.467253087
 10
630111.9407456404
 20
4835174.208373815
  0
LWPOLYLINE
  5
36D
330
17
100
AcDbEntity
  8
ROADS
100
AcDbPolyline
 90
2
 70
0
 10
630233.6877056012
 20
4835211.031787093
 10
630170.5089739191
 20
4835190.467253087
  0
LWPOLYLINE
  5
36E
330
17
100
AcDbEntity
  8
ROADS
100
AcDbPolyline
 90
2
 70
0
 10
630170.5089739191
 20
4835190.467253087
 10
630142.0360847114
 20
4835273.2173984945
  0
LWPOLYLINE
  5
36F
330
17
100
AcDbEntity
  8
ROADS
100
AcDbPolyline
 90
2
 70
0
 10
630233.6877056012
 20
4835211.031787093
 10
630207.0425220039
 20
4835293.306952638
  0
LWPOLYLINE
  5
370
330
17
100
AcDbEntity
  8
ROADS
100
AcDbPolyline
 90
3
 70
0
 10
629595.2783311134
 20
4835092.57610232
 10
629615.0515866954
 20
4835120.297451308
 10
629606.227088369
 20
4835143.083006879
  0
LWPOLYLINE
  5
371
330
17
100
AcDbEntity
  8
ROADS
100
AcDbPolyline
 90
2
 70
0
 10
629588.8886710831
 20
4835111.728920404
 10
629606.227088369
 20
4835143.083006879
  0
LWPOLYLINE
  5
372
330
17
100
AcDbEntity
  8
ROADS
100
AcDbPolyline
 90
2
 70
0
 10
629588.8886710831
 20
4835111.728920404
 10
629576.0147302328
 20
4835150.676888302
  0
LWPOLYLINE
  5
373
330
17
100
AcDbEntity
  8
ROADS
100
AcDbPolyline
 90
2
 70
0
 10
629606.227088369
 20
4835143.083006879
 10
629597.1269421293
 20
4835154.562797967
  0
LWPOLYLINE
  5
374
330
17
100
AcDbEntity
  8
ROADS
100
AcDbPolyline
 90
2
 70
0
 10
629606.227088369
 20
4835143.083006879
 10
629606.9686717169
 20
4835157.6579188835
  0
LWPOLYLINE
  5
375
330
17
100
AcDbEntity
  8
ROADS
100
AcDbPolyline
 90
2
 70
0
 10
629597.1269421293
 20
4835154.562797967
 10
629576.0147302328
 20
4835150.676888302
  0
LWPOLYLINE
  5
376
330
17
100
AcDbEntity
  8
ROADS
100
AcDbPolyline
 90
2
 70
0
 10
629606.9686717169
 20
4835157.6579188835
 10
629597.1269421293
 20
4835154.562797967
  0
LWPOLYLINE
  5
377
330
17
100
AcDbEntity
  8
ROADS
100
AcDbPolyline
 90
2
 70
0
 10
629861.7048655868
 20
4835099.26766295
 10
629820.077192836
 20
4835226.047010399
  0
LWPOLYLINE
  5
378
330
17
100
AcDbEntity
  8
ROADS
100
AcDbPolyline
 90
2
 70
0
 10
629707.9260842898
 20
4835189.111090104
 10
629606.9686717169
 20
4835157.6579188835
  0
LWPOLYLINE
  5
379
330
17
100
AcDbEntity
  8
ROADS
100
AcDbPolyline
 90
2
 70
0
 10
629707.9260842898
 20
4835189.111090104
 10
629820.077192836
 20
4835226.047010399
  0
LWPOLYLINE
  5
37A
330
17
100
AcDbEntity
  8
ROADS
100
AcDbPolyline
 90
2
 70
0
 10
630518.3288425377
 20
4835094.6488771625
 10
630500.1319162174
 20
4835148.564805418
  0
LWPOLYLINE
  5
37B
330
17
100
AcDbEntity
  8
ROADS
100
AcDbPolyline
 90
2
 70
0
 10
630276.534358002
 20
4835079.115950995
 10
630248.7346914692
 20
4835165.508559861
  0
LWPOLYLINE
  5
37C
330
17
100
AcDbEntity
  8
ROADS
100
AcDbPolyline
 90
2
 70
0
 10
630500.1319162174
 20
4835148.564805418
 10
630429.9444887451
 20
4835129.501681027
  0
LWPOLYLINE
  5
37D
330
17
100
AcDbEntity
  8
ROADS
100
AcDbPolyline
 90
2
 70
0
 10
630336.1524732177
 20
4835192.583723792
 10
630248.7346914692
 20
4835165.508559861
  0
LWPOLYLINE
  5
37E
330
17
100
AcDbEntity
  8
ROADS
100
AcDbPolyline
 90
2
 70
0
 10
630248.7346914692
 20
4835165.508559861
 10
630233.6877056012
 20
4835211.031787093
  0
LWPOLYLINE
  5
37F
330
17
100
AcDbEntity
  8
ROADS
100
AcDbPolyline
 90
2
 70
0
 10
630500.1319162174
 20
4835148.564805418
 10
630471.1636975718
 20
4835236.032419711
  0
LWPOLYLINE
  5
380
330
17
100
AcDbEntity
  8
ROADS
100
AcDbPolyline
 90
2
 70
0
 10
630568.3541866185
 20
4835110.318291965
 10
630506.4310147524
 20
4835297.558361733
  0
LWPOLYLINE
  5
381
330
17
100
AcDbEntity
  8
ROADS
100
AcDbPolyline
 90
2
 70
0
 10
630434.0018424176
 20
4835224.702833759
 10
630442.9150546243
 20
4835197.620019945
  0
LWPOLYLINE
  5
382
330
17
100
AcDbEntity
  8
ROADS
100
AcDbPolyline
 90
2
 70
0
 10
630614.6199557114
 20
4835130.707090741
 10
630556.3353096995
 20
4835313.616646102
  0
LWPOLYLINE
  5
383
330
17
100
AcDbEntity
  8
ROADS
100
AcDbPolyline
 90
2
 70
0
 10
630471.1636975718
 20
4835236.032419711
 10
630434.0018424176
 20
4835224.702833759
  0
LWPOLYLINE
  5
384
330
17
100
AcDbEntity
  8
ROADS
100
AcDbPolyline
 90
2
 70
0
 10
630800.9670068045
 20
4835189.424893086
 10
630847.0814347222
 20
4835203.2505031405
  0
LWPOLYLINE
  5
385
330
17
100
AcDbEntity
  8
ROADS
100
AcDbPolyline
 90
2
 70
0
 10
630847.0814347222
 20
4835203.2505031405
 10
630918.2001167262
 20
4835226.622813909
  0
LWPOLYLINE
  5
386
330
17
100
AcDbEntity
  8
ROADS
100
AcDbPolyline
 90
2
 70
0
 10
631066.7640396538
 20
4835068.792813158
 10
630951.9721214963
 20
4835441.226991126
  0
LWPOLYLINE
  5
387
330
17
100
AcDbEntity
  8
ROADS
100
AcDbPolyline
 90
2
 70
0
 10
630800.9670068045
 20
4835189.424893086
 10
630740.6923856473
 20
4835372.48757824
  0
LWPOLYLINE
  5
388
330
17
100
AcDbEntity
  8
ROADS
100
AcDbPolyline
 90
2
 70
0
 10
630918.2001167262
 20
4835226.622813909
 10
630875.740683512
 20
4835361.397093542
  0
LWPOLYLINE
  5
389
330
17
100
AcDbEntity
  8
ROADS
100
AcDbPolyline
 90
2
 70
0
 10
630556.3353096995
 20
4835313.616646102
 10
630740.6923856473
 20
4835372.48757824
  0
LWPOLYLINE
  5
38A
330
17
100
AcDbEntity
  8
ROADS
100
AcDbPolyline
 90
2
 70
0
 10
630875.740683512
 20
4835361.397093542
 10
630860.4001725473
 20
4835410.098323004
  0
LWPOLYLINE
  5
38B
330
17
100
AcDbEntity
  8
ROADS
100
AcDbPolyline
 90
2
 70
0
 10
630740.6923856473
 20
4835372.48757824
 10
630860.4001725473
 20
4835410.098323004
  0
LWPOLYLINE
  5
38C
330
17
100
AcDbEntity
  8
ROADS
100
AcDbPolyline
 90
3
 70
0
 10
630875.740683512
 20
4835361.397093542
 10
630921.5899712363
 20
4835377.055070898
 10
630906.2547200794
 20
4835425.686396357
  0
LWPOLYLINE
  5
38D
330
17
100
AcDbEntity
  8
ROADS
100
AcDbPolyline
 90
2
 70
0
 10
630740.6923856473
 20
4835372.48757824
 10
630713.3388343619
 20
4835462.575616219
  0
LWPOLYLINE
  5
38E
330
17
100
AcDbEntity
  8
ROADS
100
AcDbPolyline
 90
2
 70
0
 10
631427.1102144264
 20
4834975.3816481475
 10
631553.4006268294
 20
4834997.179129488
  0
LWPOLYLINE
  5
38F
330
17
100
AcDbEntity
  8
ROADS
100
AcDbPolyline
 90
2
 70
0
 10
631553.4006268294
 20
4834997.179129488
 10
631596.6820732084
 20
4834998.329582155
  0
LWPOLYLINE
  5
390
330
17
100
AcDbEntity
  8
ROADS
100
AcDbPolyline
 90
2
 70
0
 10
631596.6820732084
 20
4834998.329582155
 10
631634.4982413733
 20
4835004.396612431
  0
LWPOLYLINE
  5
391
330
17
100
AcDbEntity
  8
ROADS
100
AcDbPolyline
 90
2
 70
0
 10
631634.4982413733
 20
4835004.396612431
 10
631682.6585084861
 20
4835019.961341444
  0
LWPOLYLINE
  5
392
330
17
100
AcDbEntity
  8
ROADS
100
AcDbPolyline
 90
2
 70
0
 10
631553.4006268294
 20
4834997.179129488
 10
631530.4851826697
 20
4835071.874989824
  0
LWPOLYLINE
  5
393
330
17
100
AcDbEntity
  8
ROADS
100
AcDbPolyline
 90
2
 70
0
 10
631596.6820732084
 20
4834998.329582155
 10
631569.5774262482
 20
4835085.7151765
  0
LWPOLYLINE
  5
394
330
17
100
AcDbEntity
  8
ROADS
100
AcDbPolyline
 90
2
 70
0
 10
631634.4982413733
 20
4835004.396612431
 10
631603.3875524029
 20
4835096.691169004
  0
LWPOLYLINE
  5
395
330
17
100
AcDbEntity
  8
ROADS
100
AcDbPolyline
 90
3
 70
0
 10
631530.4851826697
 20
4835071.874989824
 10
631476.5296914972
 20
4835053.22977317
 10
631464.4709899719
 20
4835091.334637016
  0
LWPOLYLINE
  5
396
330
17
100
AcDbEntity
  8
ROADS
100
AcDbPolyline
 90
2
 70
0
 10
631530.4851826697
 20
4835071.874989824
 10
631569.5774262482
 20
4835085.7151765
  0
LWPOLYLINE
  5
397
330
17
100
AcDbEntity
  8
ROADS
100
AcDbPolyline
 90
2
 70
0
 10
631530.4851826697
 20
4835071.874989824
 10
631518.4618886048
 20
4835108.601896238
  0
LWPOLYLINE
  5
398
330
17
100
AcDbEntity
  8
ROADS
100
AcDbPolyline
 90
2
 70
0
 10
631569.5774262482
 20
4835085.7151765
 10
631603.3875524029
 20
4835096.691169004
  0
LWPOLYLINE
  5
399
330
17
100
AcDbEntity
  8
ROADS
100
AcDbPolyline
 90
2
 70
0
 10
631427.1102144264
 20
4834975.3816481475
 10
631349.1232124537
 20
4835210.725412331
  0
LWPOLYLINE
  5
39A
330
17
100
AcDbEntity
  8
ROADS
100
AcDbPolyline
 90
2
 70
0
 10
631464.4709899719
 20
4835091.334637016
 10
631518.4618886048
 20
4835108.601896238
  0
LWPOLYLINE
  5
39B
330
17
100
AcDbEntity
  8
ROADS
100
AcDbPolyline
 90
2
 70
0
 10
631603.3875524029
 20
4835096.691169004
 10
631595.8219883756
 20
4835120.921226445
  0
LWPOLYLINE
  5
39C
330
17
100
AcDbEntity
  8
ROADS
100
AcDbPolyline
 90
2
 70
0
 10
631595.8219883756
 20
4835120.921226445
 10
631638.7723915365
 20
4835142.430740099
  0
LWPOLYLINE
  5
39D
330
17
100
AcDbEntity
  8
ROADS
100
AcDbPolyline
 90
2
 70
0
 10
631638.7723915365
 20
4835142.430740099
 10
631616.6462641018
 20
4835140.133100664
  0
LWPOLYLINE
  5
39E
330
17
100
AcDbEntity
  8
ROADS
100
AcDbPolyline
 90
3
 70
0
 10
631464.4709899719
 20
4835091.334637016
 10
631432.4872272299
 20
4835193.310077769
 10
631486.314719546
 20
4835205.564523762
  0
LWPOLYLINE
  5
39F
330
17
100
AcDbEntity
  8
ROADS
100
AcDbPolyline
 90
2
 70
0
 10
631569.5774262482
 20
4835085.7151765
 10
631527.5016680263
 20
4835213.980184519
  0
LWPOLYLINE
  5
3A0
330
17
100
AcDbEntity
  8
ROADS
100
AcDbPolyline
 90
2
 70
0
 10
631518.4618886048
 20
4835108.601896238
 10
631486.314719546
 20
4835205.564523762
  0
LWPOLYLINE
  5
3A1
330
17
100
AcDbEntity
  8
ROADS
100
AcDbPolyline
 90
2
 70
0
 10
631595.8219883756
 20
4835120.921226445
 10
631562.6245126772
 20
4835229.927790918
  0
LWPOLYLINE
  5
3A2
330
17
100
AcDbEntity
  8
ROADS
100
AcDbPolyline
 90
2
 70
0
 10
631321.1189716088
 20
4834943.647376184
 10
631239.9071303334
 20
4835194.792946016
  0
LWPOLYLINE
  5
3A3
330
17
100
AcDbEntity
  8
ROADS
100
AcDbPolyline
 90
2
 70
0
 10
631066.7640396538
 20
4835068.792813158
 10
631155.6205309574
 20
4835096.842592942
  0
LWPOLYLINE
  5
3A4
330
17
100
AcDbEntity
  8
ROADS
100
AcDbPolyline
 90
2
 70
0
 10
631155.6205309574
 20
4835096.842592942
 10
631239.9071303334
 20
4835194.792946016
  0
LWPOLYLINE
  5
3A5
330
17
100
AcDbEntity
  8
ROADS
100
AcDbPolyline
 90
2
 70
0
 10
631155.6205309574
 20
4835096.842592942
 10
631112.4571695833
 20
4835229.398595803
  0
LWPOLYLINE
  5
3A6
330
17
100
AcDbEntity
  8
ROADS
100
AcDbPolyline
 90
2
 70
0
 10
631239.9071303334
 20
4835194.792946016
 10
631349.1232124537
 20
4835210.725412331
  0
LWPOLYLINE
  5
3A7
330
17
100
AcDbEntity
  8
ROADS
100
AcDbPolyline
 90
2
 70
0
 10
631239.9071303334
 20
4835194.792946016
 10
631218.2335755201
 20
4835263.607238873
  0
LWPOLYLINE
  5
3A8
330
17
100
AcDbEntity
  8
ROADS
100
AcDbPolyline
 90
2
 70
0
 10
631112.4571695833
 20
4835229.398595803
 10
631167.9600261219
 20
4835247.0857228
  0
LWPOLYLINE
  5
3A9
330
17
100
AcDbEntity
  8
ROADS
100
AcDbPolyline
 90
2
 70
0
 10
631349.1232124537
 20
4835210.725412331
 10
631321.257141086
 20
4835296.691056023
  0
LWPOLYLINE
  5
3AA
330
17
100
AcDbEntity
  8
ROADS
100
AcDbPolyline
 90
2
 70
0
 10
631218.2335755201
 20
4835263.607238873
 10
631167.9600261219
 20
4835247.0857228
  0
LWPOLYLINE
  5
3AB
330
17
100
AcDbEntity
  8
ROADS
100
AcDbPolyline
 90
2
 70
0
 10
631218.2335755201
 20
4835263.607238873
 10
631265.5364608277
 20
4835279.27782913
  0
LWPOLYLINE
  5
3AC
330
17
100
AcDbEntity
  8
ROADS
100
AcDbPolyline
 90
2
 70
0
 10
631682.6585084861
 20
4835019.961341444
 10
631638.7723915365
 20
4835142.430740099
  0
LWPOLYLINE
  5
3AD
330
17
100
AcDbEntity
  8
ROADS
100
AcDbPolyline
 90
2
 70
0
 10
631733.8663289832
 20
4835036.67024976
 10
631658.5556792584
 20
4835263.922988799
  0
LWPOLYLINE
  5
3AE
330
17
100
AcDbEntity
  8
ROADS
100
AcDbPolyline
 90
2
 70
0
 10
631785.7922878969
 20
4835052.545081392
 10
631711.9604784034
 20
4835280.862665704
  0
LWPOLYLINE
  5
3AF
330
17
100
AcDbEntity
  8
ROADS
100
AcDbPolyline
 90
2
 70
0
 10
631638.7723915365
 20
4835142.430740099
 10
631610.0632136399
 20
4835248.645242074
  0
LWPOLYLINE
  5
3B0
330
17
100
AcDbEntity
  8
ROADS
100
AcDbPolyline
 90
2
 70
0
 10
631486.314719546
 20
4835205.564523762
 10
631527.5016680263
 20
4835213.980184519
  0
LWPOLYLINE
  5
3B1
330
17
100
AcDbEntity
  8
ROADS
100
AcDbPolyline
 90
2
 70
0
 10
631527.5016680263
 20
4835213.980184519
 10
631562.6245126772
 20
4835229.927790918
  0
LWPOLYLINE
  5
3B2
330
17
100
AcDbEntity
  8
ROADS
100
AcDbPolyline
 90
2
 70
0
 10
631349.1232124537
 20
4835210.725412331
 10
631414.4225848248
 20
4835233.709533502
  0
LWPOLYLINE
  5
3B3
330
17
100
AcDbEntity
  8
ROADS
100
AcDbPolyline
 90
2
 70
0
 10
631486.314719546
 20
4835205.564523762
 10
631472.7103117649
 20
4835252.109571633
  0
LWPOLYLINE
  5
3B4
330
17
100
AcDbEntity
  8
ROADS
100
AcDbPolyline
 90
2
 70
0
 10
631562.6245126772
 20
4835229.927790918
 10
631610.0632136399
 20
4835248.645242074
  0
LWPOLYLINE
  5
3B5
330
17
100
AcDbEntity
  8
ROADS
100
AcDbPolyline
 90
2
 70
0
 10
631414.4225848248
 20
4835233.709533502
 10
631472.7103117649
 20
4835252.109571633
  0
LWPOLYLINE
  5
3B6
330
17
100
AcDbEntity
  8
ROADS
100
AcDbPolyline
 90
2
 70
0
 10
631562.6245126772
 20
4835229.927790918
 10
631547.7069318894
 20
4835277.002149726
  0
LWPOLYLINE
  5
3B7
330
17
100
AcDbEntity
  8
ROADS
100
AcDbPolyline
 90
2
 70
0
 10
631610.0632136399
 20
4835248.645242074
 10
631658.5556792584
 20
4835263.922988799
  0
LWPOLYLINE
  5
3B8
330
17
100
AcDbEntity
  8
ROADS
100
AcDbPolyline
 90
2
 70
0
 10
631414.4225848248
 20
4835233.709533502
 10
631398.8159772037
 20
4835281.584975277
  0
LWPOLYLINE
  5
3B9
330
17
100
AcDbEntity
  8
ROADS
100
AcDbPolyline
 90
2
 70
0
 10
631472.7103117649
 20
4835252.109571633
 10
631547.7069318894
 20
4835277.002149726
  0
LWPOLYLINE
  5
3BA
330
17
100
AcDbEntity
  8
ROADS
100
AcDbPolyline
 90
2
 70
0
 10
631610.0632136399
 20
4835248.645242074
 10
631596.0681325728
 20
4835293.012579933
  0
LWPOLYLINE
  5
3BB
330
17
100
AcDbEntity
  8
ROADS
100
AcDbPolyline
 90
2
 70
0
 10
631472.7103117649
 20
4835252.109571633
 10
631456.649626864
 20
4835301.867952938
  0
LWPOLYLINE
  5
3BC
330
17
100
AcDbEntity
  8
ROADS
100
AcDbPolyline
 90
2
 70
0
 10
631547.7069318894
 20
4835277.002149726
 10
631596.0681325728
 20
4835293.012579933
  0
LWPOLYLINE
  5
3BD
330
17
100
AcDbEntity
  8
ROADS
100
AcDbPolyline
 90
2
 70
0
 10
631658.5556792584
 20
4835263.922988799
 10
631644.063837951
 20
4835308.551372097
  0
LWPOLYLINE
  5
3BE
330
17
100
AcDbEntity
  8
ROADS
100
AcDbPolyline
 90
2
 70
0
 10
631398.8159772037
 20
4835281.584975277
 10
631456.649626864
 20
4835301.867952938
  0
LWPOLYLINE
  5
3BF
330
17
100
AcDbEntity
  8
ROADS
100
AcDbPolyline
 90
2
 70
0
 10
631596.0681325728
 20
4835293.012579933
 10
631644.063837951
 20
4835308.551372097
  0
LWPOLYLINE
  5
3C0
330
17
100
AcDbEntity
  8
ROADS
100
AcDbPolyline
 90
2
 70
0
 10
631547.7069318894
 20
4835277.002149726
 10
631534.569770387
 20
4835328.347509009
  0
LWPOLYLINE
  5
3C1
330
17
100
AcDbEntity
  8
ROADS
100
AcDbPolyline
 90
2
 70
0
 10
631456.649626864
 20
4835301.867952938
 10
631534.569770387
 20
4835328.347509009
  0
LWPOLYLINE
  5
3C2
330
17
100
AcDbEntity
  8
ROADS
100
AcDbPolyline
 90
2
 70
0
 10
631644.063837951
 20
4835308.551372097
 10
631628.095675037
 20
4835358.999500672
  0
LWPOLYLINE
  5
3C3
330
17
100
AcDbEntity
  8
ROADS
100
AcDbPolyline
 90
2
 70
0
 10
631321.257141086
 20
4835296.691056023
 10
631265.5364608277
 20
4835279.27782913
  0
LWPOLYLINE
  5
3C4
330
17
100
AcDbEntity
  8
ROADS
100
AcDbPolyline
 90
2
 70
0
 10
631167.9600261219
 20
4835247.0857228
 10
631107.1986385749
 20
4835427.390096754
  0
LWPOLYLINE
  5
3C5
330
17
100
AcDbEntity
  8
ROADS
100
AcDbPolyline
 90
2
 70
0
 10
631112.4571695833
 20
4835229.398595803
 10
631040.9418293033
 20
4835469.344912522
  0
LWPOLYLINE
  5
3C6
330
17
100
AcDbEntity
  8
ROADS
100
AcDbPolyline
 90
2
 70
0
 10
631218.2335755201
 20
4835263.607238873
 10
631159.0937307372
 20
4835444.191471331
  0
LWPOLYLINE
  5
3C7
330
17
100
AcDbEntity
  8
ROADS
100
AcDbPolyline
 90
2
 70
0
 10
631265.5364608277
 20
4835279.27782913
 10
631204.861413545
 20
4835458.9072611965
  0
LWPOLYLINE
  5
3C8
330
17
100
AcDbEntity
  8
ROADS
100
AcDbPolyline
 90
2
 70
0
 10
631321.257141086
 20
4835296.691056023
 10
631263.0805501242
 20
4835477.705783891
  0
LWPOLYLINE
  5
3C9
330
17
100
AcDbEntity
  8
ROADS
100
AcDbPolyline
 90
2
 70
0
 10
631069.7983628708
 20
4835415.36010776
 10
631091.700298997
 20
4835422.58857175
  0
LWPOLYLINE
  5
3CA
330
17
100
AcDbEntity
  8
ROADS
100
AcDbPolyline
 90
2
 70
0
 10
631091.700298997
 20
4835422.58857175
 10
631107.1986385749
 20
4835427.390096754
  0
LWPOLYLINE
  5
3CB
330
17
100
AcDbEntity
  8
ROADS
100
AcDbPolyline
 90
3
 70
0
 10
631091.700298997
 20
4835422.58857175
 10
631085.2774518896
 20
4835441.361841804
 10
631067.2616192464
 20
4835436.466799382
  0
LWPOLYLINE
  5
3CC
330
17
100
AcDbEntity
  8
ROADS
100
AcDbPolyline
 90
2
 70
0
 10
631107.1986385749
 20
4835427.390096754
 10
631159.0937307372
 20
4835444.191471331
  0
LWPOLYLINE
  5
3CD
330
17
100
AcDbEntity
  8
ROADS
100
AcDbPolyline
 90
2
 70
0
 10
631701.8080864025
 20
4835327.945685502
 10
631703.8380012058
 20
4835328.592684135
  0
LWPOLYLINE
  5
3CE
330
17
100
AcDbEntity
  8
ROADS
100
AcDbPolyline
 90
2
 70
0
 10
631701.8080864025
 20
4835327.945685502
 10
631694.8750303031
 20
4835356.438119918
  0
LWPOLYLINE
  5
3CF
330
17
100
AcDbEntity
  8
ROADS
100
AcDbPolyline
 90
2
 70
0
 10
631534.569770387
 20
4835328.347509009
 10
631581.436424292
 20
4835343.883893171
  0
LWPOLYLINE
  5
3D0
330
17
100
AcDbEntity
  8
ROADS
100
AcDbPolyline
 90
2
 70
0
 10
631581.436424292
 20
4835343.883893171
 10
631628.095675037
 20
4835358.999500672
  0
LWPOLYLINE
  5
3D1
330
17
100
AcDbEntity
  8
ROADS
100
AcDbPolyline
 90
2
 70
0
 10
631456.649626864
 20
4835301.867952938
 10
631415.7198053873
 20
4835426.652348465
  0
LWPOLYLINE
  5
3D2
330
17
100
AcDbEntity
  8
ROADS
100
AcDbPolyline
 90
2
 70
0
 10
631628.095675037
 20
4835358.999500672
 10
631687.6313159124
 20
4835378.942308104
  0
LWPOLYLINE
  5
3D3
330
17
100
AcDbEntity
  8
ROADS
100
AcDbPolyline
 90
2
 70
0
 10
631534.569770387
 20
4835328.347509009
 10
631492.5024307101
 20
4835450.77619102
  0
LWPOLYLINE
  5
3D4
330
17
100
AcDbEntity
  8
ROADS
100
AcDbPolyline
 90
2
 70
0
 10
631398.8159772037
 20
4835281.584975277
 10
631324.0958778851
 20
4835512.289366231
  0
LWPOLYLINE
  5
3D5
330
17
100
AcDbEntity
  8
ROADS
100
AcDbPolyline
 90
2
 70
0
 10
631415.7198053873
 20
4835426.652348465
 10
631455.5913241254
 20
4835439.179061589
  0
LWPOLYLINE
  5
3D6
330
17
100
AcDbEntity
  8
ROADS
100
AcDbPolyline
 90
2
 70
0
 10
631455.5913241254
 20
4835439.179061589
 10
631492.5024307101
 20
4835450.77619102
  0
LWPOLYLINE
  5
3D7
330
17
100
AcDbEntity
  8
ROADS
100
AcDbPolyline
 90
2
 70
0
 10
631581.436424292
 20
4835343.883893171
 10
631511.2415902009
 20
4835562.418294964
  0
LWPOLYLINE
  5
3D8
330
17
100
AcDbEntity
  8
ROADS
100
AcDbPolyline
 90
2
 70
0
 10
631628.095675037
 20
4835358.999500672
 10
631558.6381540042
 20
4835578.348320101
  0
LWPOLYLINE
  5
3D9
330
17
100
AcDbEntity
  8
ROADS
100
AcDbPolyline
 90
2
 70
0
 10
630860.4001725473
 20
4835410.098323004
 10
630906.2547200794
 20
4835425.686396357
  0
LWPOLYLINE
  5
3DA
330
17
100
AcDbEntity
  8
ROADS
100
AcDbPolyline
 90
2
 70
0
 10
630906.2547200794
 20
4835425.686396357
 10
630951.9721214963
 20
4835441.226991126
  0
LWPOLYLINE
  5
3DB
330
17
100
AcDbEntity
  8
ROADS
100
AcDbPolyline
 90
2
 70
0
 10
630860.4001725473
 20
4835410.098323004
 10
630843.1688016109
 20
4835462.766654437
  0
LWPOLYLINE
  5
3DC
330
17
100
AcDbEntity
  8
ROADS
100
AcDbPolyline
 90
2
 70
0
 10
630951.9721214963
 20
4835441.226991126
 10
631040.9418293033
 20
4835469.344912522
  0
LWPOLYLINE
  5
3DD
330
17
100
AcDbEntity
  8
ROADS
100
AcDbPolyline
 90
2
 70
0
 10
630951.9721214963
 20
4835441.226991126
 10
630938.9397133404
 20
4835481.688851735
  0
LWPOLYLINE
  5
3DE
330
17
100
AcDbEntity
  8
ROADS
100
AcDbPolyline
 90
2
 70
0
 10
630843.1688016109
 20
4835462.766654437
 10
630886.7470003052
 20
4835477.479519267
  0
LWPOLYLINE
  5
3DF
330
17
100
AcDbEntity
  8
ROADS
100
AcDbPolyline
 90
2
 70
0
 10
630713.3388343619
 20
4835462.575616219
 10
630830.614194614
 20
4835501.13948676
  0
LWPOLYLINE
  5
3E0
330
17
100
AcDbEntity
  8
ROADS
100
AcDbPolyline
 90
2
 70
0
 10
630843.1688016109
 20
4835462.766654437
 10
630830.614194614
 20
4835501.13948676
  0
LWPOLYLINE
  5
3E1
330
17
100
AcDbEntity
  8
ROADS
100
AcDbPolyline
 90
2
 70
0
 10
630713.3388343619
 20
4835462.575616219
 10
630692.6583048719
 20
4835526.523384215
  0
LWPOLYLINE
  5
3E2
330
17
100
AcDbEntity
  8
ROADS
100
AcDbPolyline
 90
2
 70
0
 10
630938.9397133404
 20
4835481.688851735
 10
630955.7447313349
 20
4835530.157690975
  0
LWPOLYLINE
  5
3E3
330
17
100
AcDbEntity
  8
ROADS
100
AcDbPolyline
 90
2
 70
0
 10
630207.0425220039
 20
4835293.306952638
 10
630142.0360847114
 20
4835273.2173984945
  0
LWPOLYLINE
  5
3E4
330
17
100
AcDbEntity
  8
ROADS
100
AcDbPolyline
 90
2
 70
0
 10
630111.9407456404
 20
4835174.208373815
 10
630023.6408600231
 20
4835431.9173088325
  0
LWPOLYLINE
  5
3E5
330
17
100
AcDbEntity
  8
ROADS
100
AcDbPolyline
 90
2
 70
0
 10
630142.0360847114
 20
4835273.2173984945
 10
630083.501725974
 20
4835450.467758641
  0
LWPOLYLINE
  5
3E6
330
17
100
AcDbEntity
  8
ROADS
100
AcDbPolyline
 90
2
 70
0
 10
630207.0425220039
 20
4835293.306952638
 10
630148.4430650286
 20
4835467.352940594
  0
LWPOLYLINE
  5
3E7
330
17
100
AcDbEntity
  8
ROADS
100
AcDbPolyline
 90
2
 70
0
 10
630023.6408600231
 20
4835431.9173088325
 10
629778.2492474938
 20
4835352.561688337
  0
LWPOLYLINE
  5
3E8
330
17
100
AcDbEntity
  8
ROADS
100
AcDbPolyline
 90
2
 70
0
 10
630083.501725974
 20
4835450.467758641
 10
630023.6408600231
 20
4835431.9173088325
  0
LWPOLYLINE
  5
3E9
330
17
100
AcDbEntity
  8
ROADS
100
AcDbPolyline
 90
2
 70
0
 10
630023.6408600231
 20
4835431.9173088325
 10
630012.0629191325
 20
4835468.986612462
  0
LWPOLYLINE
  5
3EA
330
17
100
AcDbEntity
  8
ROADS
100
AcDbPolyline
 90
2
 70
0
 10
630148.4430650286
 20
4835467.352940594
 10
630083.501725974
 20
4835450.467758641
  0
LWPOLYLINE
  5
3EB
330
17
100
AcDbEntity
  8
ROADS
100
AcDbPolyline
 90
2
 70
0
 10
630012.0629191325
 20
4835468.986612462
 10
630063.1182113312
 20
4835484.989703595
  0
LWPOLYLINE
  5
3EC
330
17
100
AcDbEntity
  8
ROADS
100
AcDbPolyline
 90
2
 70
0
 10
630012.0629191325
 20
4835468.986612462
 10
630006.7852674671
 20
4835485.818387197
  0
LWPOLYLINE
  5
3ED
330
17
100
AcDbEntity
  8
ROADS
100
AcDbPolyline
 90
2
 70
0
 10
630434.0018424176
 20
4835224.702833759
 10
630424.1474055143
 20
4835253.619762722
  0
LWPOLYLINE
  5
3EE
330
17
100
AcDbEntity
  8
ROADS
100
AcDbPolyline
 90
2
 70
0
 10
630454.5654646248
 20
4835282.004664245
 10
630233.6877056012
 20
4835211.031787093
  0
LWPOLYLINE
  5
3EF
330
17
100
AcDbEntity
  8
ROADS
100
AcDbPolyline
 90
2
 70
0
 10
630471.1636975718
 20
4835236.032419711
 10
630454.5654646248
 20
4835282.004664245
  0
LWPOLYLINE
  5
3F0
330
17
100
AcDbEntity
  8
ROADS
100
AcDbPolyline
 90
2
 70
0
 10
630454.5654646248
 20
4835282.004664245
 10
630506.4310147524
 20
4835297.558361733
  0
LWPOLYLINE
  5
3F1
330
17
100
AcDbEntity
  8
ROADS
100
AcDbPolyline
 90
2
 70
0
 10
630506.4310147524
 20
4835297.558361733
 10
630556.3353096995
 20
4835313.616646102
  0
LWPOLYLINE
  5
3F2
330
17
100
AcDbEntity
  8
ROADS
100
AcDbPolyline
 90
3
 70
0
 10
630494.8113286861
 20
4835393.08416079
 10
630511.0201837753
 20
4835343.370608552
 10
630482.1685802767
 20
4835338.974733324
  0
LWPOLYLINE
  5
3F3
330
17
100
AcDbEntity
  8
ROADS
100
AcDbPolyline
 90
2
 70
0
 10
630470.7829292616
 20
4835388.91748924
 10
630494.8113286861
 20
4835393.08416079
  0
LWPOLYLINE
  5
3F4
330
17
100
AcDbEntity
  8
ROADS
100
AcDbPolyline
 90
2
 70
0
 10
630454.5654646248
 20
4835282.004664245
 10
630368.5366676
 20
4835533.429944833
  0
LWPOLYLINE
  5
3F5
330
17
100
AcDbEntity
  8
ROADS
100
AcDbPolyline
 90
2
 70
0
 10
630470.7829292616
 20
4835388.91748924
 10
630469.0128446405
 20
4835454.853214222
  0
LWPOLYLINE
  5
3F6
330
17
100
AcDbEntity
  8
ROADS
100
AcDbPolyline
 90
3
 70
0
 10
630469.0128446405
 20
4835454.853214222
 10
630452.2233011178
 20
4835445.966062144
 10
630470.7829292616
 20
4835388.91748924
  0
LWPOLYLINE
  5
3F7
330
17
100
AcDbEntity
  8
ROADS
100
AcDbPolyline
 90
2
 70
0
 10
630494.8113286861
 20
4835393.08416079
 10
630713.3388343619
 20
4835462.575616219
  0
LWPOLYLINE
  5
3F8
330
17
100
AcDbEntity
  8
ROADS
100
AcDbPolyline
 90
2
 70
0
 10
630469.0128446405
 20
4835454.853214222
 10
630692.6583048719
 20
4835526.523384215
  0
LWPOLYLINE
  5
3F9
330
17
100
AcDbEntity
  8
ROADS
100
AcDbPolyline
 90
2
 70
0
 10
630368.5366676
 20
4835533.429944833
 10
630320.7677956184
 20
4835519.211871077
  0
LWPOLYLINE
  5
3FA
330
17
100
AcDbEntity
  8
ROADS
100
AcDbPolyline
 90
2
 70
0
 10
630368.5366676
 20
4835533.429944833
 10
630425.4109434006
 20
4835534.828712754
  0
LWPOLYLINE
  5
3FB
330
17
100
AcDbEntity
  8
ROADS
100
AcDbPolyline
 90
2
 70
0
 10
630320.7677956184
 20
4835519.211871077
 10
630294.1073133358
 20
4835601.111731608
  0
LWPOLYLINE
  5
3FC
330
17
100
AcDbEntity
  8
ROADS
100
AcDbPolyline
 90
3
 70
0
 10
630425.4109434006
 20
4835534.828712754
 10
630483.9696254693
 20
4835537.401515705
 10
630671.1981887678
 20
4835595.146388871
  0
LWPOLYLINE
  5
3FD
330
17
100
AcDbEntity
  8
ROADS
100
AcDbPolyline
 90
2
 70
0
 10
630368.5366676
 20
4835533.429944833
 10
630346.995117719
 20
4835605.5901625315
  0
LWPOLYLINE
  5
3FE
330
17
100
AcDbEntity
  8
ROADS
100
AcDbPolyline
 90
2
 70
0
 10
630425.4109434006
 20
4835534.828712754
 10
630397.5304211049
 20
4835621.205861512
  0
LWPOLYLINE
  5
3FF
330
17
100
AcDbEntity
  8
ROADS
100
AcDbPolyline
 90
2
 70
0
 10
630343.2517012614
 20
4835616.440261919
 10
630294.1073133358
 20
4835601.111731608
  0
LWPOLYLINE
  5
400
330
17
100
AcDbEntity
  8
ROADS
100
AcDbPolyline
 90
2
 70
0
 10
630346.995117719
 20
4835605.5901625315
 10
630343.2517012614
 20
4835616.440261919
  0
LWPOLYLINE
  5
401
330
17
100
AcDbEntity
  8
ROADS
100
AcDbPolyline
 90
2
 70
0
 10
629667.824438159
 20
4835469.952624577
 10
629718.933563218
 20
4835508.780257817
  0
LWPOLYLINE
  5
402
330
17
100
AcDbEntity
  8
ROADS
100
AcDbPolyline
 90
2
 70
0
 10
629667.824438159
 20
4835469.952624577
 10
629629.172940774
 20
4835527.305857927
  0
LWPOLYLINE
  5
403
330
17
100
AcDbEntity
  8
ROADS
100
AcDbPolyline
 90
2
 70
0
 10
629771.5272753799
 20
4835449.947947078
 10
629820.8156146781
 20
4835550.296962147
  0
LWPOLYLINE
  5
404
330
17
100
AcDbEntity
  8
ROADS
100
AcDbPolyline
 90
2
 70
0
 10
629718.933563218
 20
4835508.780257817
 10
629685.0901471871
 20
4835516.555979926
  0
LWPOLYLINE
  5
405
330
17
100
AcDbEntity
  8
ROADS
100
AcDbPolyline
 90
2
 70
0
 10
629685.0901471871
 20
4835516.555979926
 10
629629.172940774
 20
4835527.305857927
  0
LWPOLYLINE
  5
406
330
17
100
AcDbEntity
  8
ROADS
100
AcDbPolyline
 90
2
 70
0
 10
629718.933563218
 20
4835508.780257817
 10
629714.0108596989
 20
4835535.988153988
  0
LWPOLYLINE
  5
407
330
17
100
AcDbEntity
  8
ROADS
100
AcDbPolyline
 90
2
 70
0
 10
629714.0108596989
 20
4835535.988153988
 10
629685.0901471871
 20
4835516.555979926
  0
LWPOLYLINE
  5
408
330
17
100
AcDbEntity
  8
ROADS
100
AcDbPolyline
 90
2
 70
0
 10
629718.933563218
 20
4835508.780257817
 10
629820.8156146781
 20
4835550.296962147
  0
LWPOLYLINE
  5
409
330
17
100
AcDbEntity
  8
ROADS
100
AcDbPolyline
 90
2
 70
0
 10
629714.0108596989
 20
4835535.988153988
 10
629704.6210794814
 20
4835565.0914249625
  0
LWPOLYLINE
  5
40A
330
17
100
AcDbEntity
  8
ROADS
100
AcDbPolyline
 90
2
 70
0
 10
629820.8156146781
 20
4835550.296962147
 10
629821.9273551059
 20
4835562.097882947
  0
LWPOLYLINE
  5
40B
330
17
100
AcDbEntity
  8
ROADS
100
AcDbPolyline
 90
2
 70
0
 10
630006.7852674671
 20
4835485.818387197
 10
629961.2115904381
 20
4835498.180382993
  0
LWPOLYLINE
  5
40C
330
17
100
AcDbEntity
  8
ROADS
100
AcDbPolyline
 90
2
 70
0
 10
630320.7677956184
 20
4835519.211871077
 10
630148.4430650286
 20
4835467.352940594
  0
LWPOLYLINE
  5
40D
330
17
100
AcDbEntity
  8
ROADS
100
AcDbPolyline
 90
2
 70
0
 10
630006.7852674671
 20
4835485.818387197
 10
629999.2868366971
 20
4835509.488494911
  0
LWPOLYLINE
  5
40E
330
17
100
AcDbEntity
  8
ROADS
100
AcDbPolyline
 90
2
 70
0
 10
629999.2868366971
 20
4835509.488494911
 10
629961.2115904381
 20
4835498.180382993
  0
LWPOLYLINE
  5
40F
330
17
100
AcDbEntity
  8
ROADS
100
AcDbPolyline
 90
2
 70
0
 10
630148.4430650286
 20
4835467.352940594
 10
630127.14054469
 20
4835550.051680287
  0
LWPOLYLINE
  5
410
330
17
100
AcDbEntity
  8
ROADS
100
AcDbPolyline
 90
2
 70
0
 10
630090.9137234471
 20
4835538.449954695
 10
629999.2868366971
 20
4835509.488494911
  0
LWPOLYLINE
  5
411
330
17
100
AcDbEntity
  8
ROADS
100
AcDbPolyline
 90
2
 70
0
 10
630127.14054469
 20
4835550.051680287
 10
630090.9137234471
 20
4835538.449954695
  0
LWPOLYLINE
  5
412
330
17
100
AcDbEntity
  8
ROADS
100
AcDbPolyline
 90
2
 70
0
 10
629961.2115904381
 20
4835498.180382993
 10
629923.1683259853
 20
4835593.24630022
  0
LWPOLYLINE
  5
413
330
17
100
AcDbEntity
  8
ROADS
100
AcDbPolyline
 90
2
 70
0
 10
630186.2602438976
 20
4835568.719766156
 10
630127.14054469
 20
4835550.051680287
  0
LWPOLYLINE
  5
414
330
17
100
AcDbEntity
  8
ROADS
100
AcDbPolyline
 90
2
 70
0
 10
630294.1073133358
 20
4835601.111731608
 10
630186.2602438976
 20
4835568.719766156
  0
LWPOLYLINE
  5
415
330
17
100
AcDbEntity
  8
ROADS
100
AcDbPolyline
 90
2
 70
0
 10
631013.6000766968
 20
4835639.123576098
 10
630999.1752584974
 20
4835634.7404804975
  0
LWPOLYLINE
  5
416
330
17
100
AcDbEntity
  8
ROADS
100
AcDbPolyline
 90
2
 70
0
 10
630895.9424444287
 20
4835615.173792108
 10
630881.765925314
 20
4835659.7847584
  0
LWPOLYLINE
  5
417
330
17
100
AcDbEntity
  8
ROADS
100
AcDbPolyline
 90
2
 70
0
 10
630790.7617735633
 20
4835630.5524389995
 10
630881.765925314
 20
4835659.7847584
  0
LWPOLYLINE
  5
418
330
17
100
AcDbEntity
  8
ROADS
100
AcDbPolyline
 90
2
 70
0
 10
630999.1752584974
 20
4835634.7404804975
 10
631008.0219144118
 20
4835656.257654833
  0
LWPOLYLINE
  5
419
330
17
100
AcDbEntity
  8
ROADS
100
AcDbPolyline
 90
2
 70
0
 10
630671.1981887678
 20
4835595.146388871
 10
630638.2573004301
 20
4835696.733210891
  0
LWPOLYLINE
  5
41A
330
17
100
AcDbEntity
  8
ROADS
100
AcDbPolyline
 90
2
 70
0
 10
631013.6000766968
 20
4835639.123576098
 10
631008.0219144118
 20
4835656.257654833
  0
LWPOLYLINE
  5
41B
330
17
100
AcDbEntity
  8
ROADS
100
AcDbPolyline
 90
2
 70
0
 10
630778.2687367878
 20
4835626.466291132
 10
630760.8019150151
 20
4835686.790397732
  0
LWPOLYLINE
  5
41C
330
17
100
AcDbEntity
  8
ROADS
100
AcDbPolyline
 90
3
 70
0
 10
631008.0219144118
 20
4835656.257654833
 10
630953.2144802066
 20
4835665.18681865
 10
630946.1288028617
 20
4835679.79878957
  0
LWPOLYLINE
  5
41D
330
17
100
AcDbEntity
  8
ROADS
100
AcDbPolyline
 90
2
 70
0
 10
630881.765925314
 20
4835659.7847584
 10
630946.1288028617
 20
4835679.79878957
  0
LWPOLYLINE
  5
41E
330
17
100
AcDbEntity
  8
ROADS
100
AcDbPolyline
 90
2
 70
0
 10
630716.9133192076
 20
4835672.7081117295
 10
630700.7299412641
 20
4835667.796521675
  0
LWPOLYLINE
  5
41F
330
17
100
AcDbEntity
  8
ROADS
100
AcDbPolyline
 90
2
 70
0
 10
630346.995117719
 20
4835605.5901625315
 10
630397.5304211049
 20
4835621.205861512
  0
LWPOLYLINE
  5
420
330
17
100
AcDbEntity
  8
ROADS
100
AcDbPolyline
 90
2
 70
0
 10
630294.1073133358
 20
4835601.111731608
 10
630277.732694808
 20
4835652.635371733
  0
LWPOLYLINE
  5
421
330
17
100
AcDbEntity
  8
ROADS
100
AcDbPolyline
 90
2
 70
0
 10
630277.732694808
 20
4835652.635371733
 10
630239.7133625436
 20
4835640.888214333
  0
LWPOLYLINE
  5
422
330
17
100
AcDbEntity
  8
ROADS
100
AcDbPolyline
 90
2
 70
0
 10
630397.5304211049
 20
4835621.205861512
 10
630638.2573004301
 20
4835696.733210891
  0
LWPOLYLINE
  5
423
330
17
100
AcDbEntity
  8
ROADS
100
AcDbPolyline
 90
2
 70
0
 10
630343.2517012614
 20
4835616.440261919
 10
630315.7391243195
 20
4835702.101983955
  0
LWPOLYLINE
  5
424
330
17
100
AcDbEntity
  8
ROADS
100
AcDbPolyline
 90
2
 70
0
 10
630277.732694808
 20
4835652.635371733
 10
630262.2581479058
 20
4835701.503090153
  0
LWPOLYLINE
  5
425
330
17
100
AcDbEntity
  8
ROADS
100
AcDbPolyline
 90
2
 70
0
 10
630310.9881319087
 20
4835716.907147446
 10
630262.2581479058
 20
4835701.503090153
  0
LWPOLYLINE
  5
426
330
17
100
AcDbEntity
  8
ROADS
100
AcDbPolyline
 90
2
 70
0
 10
630315.7391243195
 20
4835702.101983955
 10
630310.9881319087
 20
4835716.907147446
  0
LWPOLYLINE
  5
427
330
17
100
AcDbEntity
  8
ROADS
100
AcDbPolyline
 90
2
 70
0
 10
630315.7391243195
 20
4835702.101983955
 10
630365.5900416477
 20
4835718.178356377
  0
LWPOLYLINE
  5
428
330
17
100
AcDbEntity
  8
ROADS
100
AcDbPolyline
 90
2
 70
0
 10
630365.5900416477
 20
4835718.178356377
 10
630392.3300966532
 20
4835726.633379245
  0
LWPOLYLINE
  5
429
330
17
100
AcDbEntity
  8
ROADS
100
AcDbPolyline
 90
2
 70
0
 10
629923.1683259853
 20
4835593.24630022
 10
629821.9273551059
 20
4835562.097882947
  0
LWPOLYLINE
  5
42A
330
17
100
AcDbEntity
  8
ROADS
100
AcDbPolyline
 90
2
 70
0
 10
629629.172940774
 20
4835527.305857927
 10
629576.1772939212
 20
4835634.949232843
  0
LWPOLYLINE
  5
42B
330
17
100
AcDbEntity
  8
ROADS
100
AcDbPolyline
 90
2
 70
0
 10
629821.9273551059
 20
4835562.097882947
 10
629758.6757494941
 20
4835768.322759502
  0
LWPOLYLINE
  5
42C
330
17
100
AcDbEntity
  8
ROADS
100
AcDbPolyline
 90
2
 70
0
 10
629588.0153005009
 20
4835713.485664712
 10
629595.4472044663
 20
4835734.483472268
  0
LWPOLYLINE
  5
42D
330
17
100
AcDbEntity
  8
ROADS
100
AcDbPolyline
 90
2
 70
0
 10
629758.6757494941
 20
4835768.322759502
 10
629588.0153005009
 20
4835713.485664712
  0
LWPOLYLINE
  5
42E
330
17
100
AcDbEntity
  8
ROADS
100
AcDbPolyline
 90
2
 70
0
 10
629705.1181321867
 20
4835760.904996005
 10
629595.4472044663
 20
4835734.483472268
  0
LWPOLYLINE
  5
42F
330
17
100
AcDbEntity
  8
ROADS
100
AcDbPolyline
 90
2
 70
0
 10
629595.4472044663
 20
4835734.483472268
 10
629543.923141501
 20
4835803.709262047
  0
LWPOLYLINE
  5
430
330
17
100
AcDbEntity
  8
ROADS
100
AcDbPolyline
 90
2
 70
0
 10
629705.1181321867
 20
4835760.904996005
 10
629743.637265522
 20
4835778.137566317
  0
LWPOLYLINE
  5
431
330
17
100
AcDbEntity
  8
ROADS
100
AcDbPolyline
 90
2
 70
0
 10
629758.6757494941
 20
4835768.322759502
 10
629743.637265522
 20
4835778.137566317
  0
LWPOLYLINE
  5
432
330
17
100
AcDbEntity
  8
ROADS
100
AcDbPolyline
 90
2
 70
0
 10
629705.1181321867
 20
4835760.904996005
 10
629725.4892428949
 20
4835785.81300726
  0
LWPOLYLINE
  5
433
330
17
100
AcDbEntity
  8
ROADS
100
AcDbPolyline
 90
2
 70
0
 10
630090.9137234471
 20
4835538.449954695
 10
630058.9068871334
 20
4835636.66725432
  0
LWPOLYLINE
  5
434
330
17
100
AcDbEntity
  8
ROADS
100
AcDbPolyline
 90
2
 70
0
 10
630127.14054469
 20
4835550.051680287
 10
630102.2832174673
 20
4835650.204376774
  0
LWPOLYLINE
  5
435
330
17
100
AcDbEntity
  8
ROADS
100
AcDbPolyline
 90
2
 70
0
 10
630058.9068871334
 20
4835636.66725432
 10
629923.1683259853
 20
4835593.24630022
  0
LWPOLYLINE
  5
436
330
17
100
AcDbEntity
  8
ROADS
100
AcDbPolyline
 90
2
 70
0
 10
630186.2602438976
 20
4835568.719766156
 10
630154.7558440998
 20
4835666.692656979
  0
LWPOLYLINE
  5
437
330
17
100
AcDbEntity
  8
ROADS
100
AcDbPolyline
 90
2
 70
0
 10
630102.2832174673
 20
4835650.204376774
 10
630058.9068871334
 20
4835636.66725432
  0
LWPOLYLINE
  5
438
330
17
100
AcDbEntity
  8
ROADS
100
AcDbPolyline
 90
2
 70
0
 10
630154.7558440998
 20
4835666.692656979
 10
630102.2832174673
 20
4835650.204376774
  0
LWPOLYLINE
  5
439
330
17
100
AcDbEntity
  8
ROADS
100
AcDbPolyline
 90
2
 70
0
 10
630262.2581479058
 20
4835701.503090153
 10
630154.7558440998
 20
4835666.692656979
  0
LWPOLYLINE
  5
43A
330
17
100
AcDbEntity
  8
ROADS
100
AcDbPolyline
 90
2
 70
0
 10
630102.2832174673
 20
4835650.204376774
 10
630070.0034248492
 20
4835749.024777482
  0
LWPOLYLINE
  5
43B
330
17
100
AcDbEntity
  8
ROADS
100
AcDbPolyline
 90
2
 70
0
 10
630230.4309362741
 20
4835798.189564157
 10
630070.0034248492
 20
4835749.024777482
  0
LWPOLYLINE
  5
43C
330
17
100
AcDbEntity
  8
ROADS
100
AcDbPolyline
 90
2
 70
0
 10
630070.0034248492
 20
4835749.024777482
 10
630034.2563796625
 20
4835860.234347448
  0
LWPOLYLINE
  5
43D
330
17
100
AcDbEntity
  8
ROADS
100
AcDbPolyline
 90
2
 70
0
 10
631008.0219144118
 20
4835656.257654833
 10
630995.4004310438
 20
4835695.119659368
  0
LWPOLYLINE
  5
43E
330
17
100
AcDbEntity
  8
ROADS
100
AcDbPolyline
 90
2
 70
0
 10
630716.9133192076
 20
4835672.7081117295
 10
630760.8019150151
 20
4835686.790397732
  0
LWPOLYLINE
  5
43F
330
17
100
AcDbEntity
  8
ROADS
100
AcDbPolyline
 90
2
 70
0
 10
630946.1288028617
 20
4835679.79878957
 10
630995.4004310438
 20
4835695.119659368
  0
LWPOLYLINE
  5
440
330
17
100
AcDbEntity
  8
ROADS
100
AcDbPolyline
 90
2
 70
0
 10
630701.8359291737
 20
4835717.806134053
 10
630716.9133192076
 20
4835672.7081117295
  0
LWPOLYLINE
  5
441
330
17
100
AcDbEntity
  8
ROADS
100
AcDbPolyline
 90
2
 70
0
 10
630638.2573004301
 20
4835696.733210891
 10
630701.8359291737
 20
4835717.806134053
  0
LWPOLYLINE
  5
442
330
17
100
AcDbEntity
  8
ROADS
100
AcDbPolyline
 90
2
 70
0
 10
630760.8019150151
 20
4835686.790397732
 10
630749.9476508623
 20
4835733.281040708
  0
LWPOLYLINE
  5
443
330
17
100
AcDbEntity
  8
ROADS
100
AcDbPolyline
 90
2
 70
0
 10
630881.765925314
 20
4835659.7847584
 10
630839.0841608436
 20
4835790.086626606
  0
LWPOLYLINE
  5
444
330
17
100
AcDbEntity
  8
ROADS
100
AcDbPolyline
 90
2
 70
0
 10
630701.8359291737
 20
4835717.806134053
 10
630749.9476508623
 20
4835733.281040708
  0
LWPOLYLINE
  5
445
330
17
100
AcDbEntity
  8
ROADS
100
AcDbPolyline
 90
2
 70
0
 10
630749.9476508623
 20
4835733.281040708
 10
630741.8497909418
 20
4835759.238524758
  0
LWPOLYLINE
  5
446
330
17
100
AcDbEntity
  8
ROADS
100
AcDbPolyline
 90
2
 70
0
 10
630839.0841608436
 20
4835790.086626606
 10
630741.8497909418
 20
4835759.238524758
  0
LWPOLYLINE
  5
447
330
17
100
AcDbEntity
  8
ROADS
100
AcDbPolyline
 90
2
 70
0
 10
631159.0937307372
 20
4835444.191471331
 10
631204.861413545
 20
4835458.9072611965
  0
LWPOLYLINE
  5
448
330
17
100
AcDbEntity
  8
ROADS
100
AcDbPolyline
 90
2
 70
0
 10
631204.861413545
 20
4835458.9072611965
 10
631263.0805501242
 20
4835477.705783891
  0
LWPOLYLINE
  5
449
330
17
100
AcDbEntity
  8
ROADS
100
AcDbPolyline
 90
2
 70
0
 10
631159.0937307372
 20
4835444.191471331
 10
631140.8304477659
 20
4835501.551539019
  0
LWPOLYLINE
  5
44A
330
17
100
AcDbEntity
  8
ROADS
100
AcDbPolyline
 90
2
 70
0
 10
631040.9418293033
 20
4835469.344912522
 10
631040.4844213298
 20
4835484.937287227
  0
LWPOLYLINE
  5
44B
330
17
100
AcDbEntity
  8
ROADS
100
AcDbPolyline
 90
2
 70
0
 10
631040.9418293033
 20
4835469.344912522
 10
631140.8304477659
 20
4835501.551539019
  0
LWPOLYLINE
  5
44C
330
17
100
AcDbEntity
  8
ROADS
100
AcDbPolyline
 90
2
 70
0
 10
631263.0805501242
 20
4835477.705783891
 10
631241.8642162977
 20
4835533.2858512085
  0
LWPOLYLINE
  5
44D
330
17
100
AcDbEntity
  8
ROADS
100
AcDbPolyline
 90
2
 70
0
 10
631075.0197928707
 20
4835529.653092611
 10
631040.4844213298
 20
4835484.937287227
  0
LWPOLYLINE
  5
44E
330
17
100
AcDbEntity
  8
ROADS
100
AcDbPolyline
 90
2
 70
0
 10
631040.4844213298
 20
4835484.937287227
 10
631025.8024719508
 20
4835530.013174985
  0
LWPOLYLINE
  5
44F
330
17
100
AcDbEntity
  8
ROADS
100
AcDbPolyline
 90
2
 70
0
 10
631140.8304477659
 20
4835501.551539019
 10
631241.8642162977
 20
4835533.2858512085
  0
LWPOLYLINE
  5
450
330
17
100
AcDbEntity
  8
ROADS
100
AcDbPolyline
 90
3
 70
0
 10
631075.0197928707
 20
4835529.653092611
 10
631073.314066847
 20
4835517.9481971115
 10
631025.8024719508
 20
4835530.013174985
  0
LWPOLYLINE
  5
451
330
17
100
AcDbEntity
  8
ROADS
100
AcDbPolyline
 90
2
 70
0
 10
631415.7198053873
 20
4835426.652348465
 10
631383.5992235683
 20
4835529.137308594
  0
LWPOLYLINE
  5
452
330
17
100
AcDbEntity
  8
ROADS
100
AcDbPolyline
 90
2
 70
0
 10
631455.5913241254
 20
4835439.179061589
 10
631428.1966947697
 20
4835524.897218895
  0
LWPOLYLINE
  5
453
330
17
100
AcDbEntity
  8
ROADS
100
AcDbPolyline
 90
2
 70
0
 10
631492.5024307101
 20
4835450.77619102
 10
631467.6284827329
 20
4835536.853952248
  0
LWPOLYLINE
  5
454
330
17
100
AcDbEntity
  8
ROADS
100
AcDbPolyline
 90
2
 70
0
 10
631324.0958778851
 20
4835512.289366231
 10
631383.5992235683
 20
4835529.137308594
  0
LWPOLYLINE
  5
455
330
17
100
AcDbEntity
  8
ROADS
100
AcDbPolyline
 90
2
 70
0
 10
631428.1966947697
 20
4835524.897218895
 10
631467.6284827329
 20
4835536.853952248
  0
LWPOLYLINE
  5
456
330
17
100
AcDbEntity
  8
ROADS
100
AcDbPolyline
 90
3
 70
0
 10
631428.1966947697
 20
4835524.897218895
 10
631423.4305478833
 20
4835539.655156544
 10
631383.5992235683
 20
4835529.137308594
  0
LWPOLYLINE
  5
457
330
17
100
AcDbEntity
  8
ROADS
100
AcDbPolyline
 90
2
 70
0
 10
631467.6284827329
 20
4835536.853952248
 10
631464.1328102187
 20
4835548.935659339
  0
LWPOLYLINE
  5
458
330
17
100
AcDbEntity
  8
ROADS
100
AcDbPolyline
 90
2
 70
0
 10
631383.5992235683
 20
4835529.137308594
 10
631369.3856217341
 20
4835572.673593151
  0
LWPOLYLINE
  5
459
330
17
100
AcDbEntity
  8
ROADS
100
AcDbPolyline
 90
2
 70
0
 10
631464.1328102187
 20
4835548.935659339
 10
631511.2415902009
 20
4835562.418294964
  0
LWPOLYLINE
  5
45A
330
17
100
AcDbEntity
  8
ROADS
100
AcDbPolyline
 90
3
 70
0
 10
631681.3584514884
 20
4835556.679057415
 10
631630.1855381974
 20
4835541.00894818
 10
631612.6018369491
 20
4835595.848188033
  0
LWPOLYLINE
  5
45B
330
17
100
AcDbEntity
  8
ROADS
100
AcDbPolyline
 90
2
 70
0
 10
630830.614194614
 20
4835501.13948676
 10
630811.6132689059
 20
4835564.672608645
  0
LWPOLYLINE
  5
45C
330
17
100
AcDbEntity
  8
ROADS
100
AcDbPolyline
 90
2
 70
0
 10
630938.9397133404
 20
4835481.688851735
 10
630899.4601175931
 20
4835604.253588628
  0
LWPOLYLINE
  5
45D
330
17
100
AcDbEntity
  8
ROADS
100
AcDbPolyline
 90
2
 70
0
 10
630692.6583048719
 20
4835526.523384215
 10
630811.6132689059
 20
4835564.672608645
  0
LWPOLYLINE
  5
45E
330
17
100
AcDbEntity
  8
ROADS
100
AcDbPolyline
 90
2
 70
0
 10
630955.7447313349
 20
4835530.157690975
 10
630971.3579389014
 20
4835565.058497193
  0
LWPOLYLINE
  5
45F
330
17
100
AcDbEntity
  8
ROADS
100
AcDbPolyline
 90
3
 70
0
 10
630955.7447313349
 20
4835530.157690975
 10
630979.6097649556
 20
4835539.6008108435
 10
630971.3579389014
 20
4835565.058497193
  0
LWPOLYLINE
  5
460
330
17
100
AcDbEntity
  8
ROADS
100
AcDbPolyline
 90
2
 70
0
 10
630955.7447313349
 20
4835530.157690975
 10
630957.1632355648
 20
4835573.890531342
  0
LWPOLYLINE
  5
461
330
17
100
AcDbEntity
  8
ROADS
100
AcDbPolyline
 90
3
 70
0
 10
631025.8024719508
 20
4835530.013174985
 10
631007.8449961359
 20
4835576.210926133
 10
630971.3579389014
 20
4835565.058497193
  0
LWPOLYLINE
  5
462
330
17
100
AcDbEntity
  8
ROADS
100
AcDbPolyline
 90
2
 70
0
 10
630692.6583048719
 20
4835526.523384215
 10
630671.1981887678
 20
4835595.146388871
  0
LWPOLYLINE
  5
463
330
17
100
AcDbEntity
  8
ROADS
100
AcDbPolyline
 90
2
 70
0
 10
630971.3579389014
 20
4835565.058497193
 10
630957.1632355648
 20
4835573.890531342
  0
LWPOLYLINE
  5
464
330
17
100
AcDbEntity
  8
ROADS
100
AcDbPolyline
 90
2
 70
0
 10
630811.6132689059
 20
4835564.672608645
 10
630805.2310433523
 20
4835585.734761028
  0
LWPOLYLINE
  5
465
330
17
100
AcDbEntity
  8
ROADS
100
AcDbPolyline
 90
2
 70
0
 10
631324.0958778851
 20
4835512.289366231
 10
631310.2294505097
 20
4835553.466744991
  0
LWPOLYLINE
  5
466
330
17
100
AcDbEntity
  8
ROADS
100
AcDbPolyline
 90
2
 70
0
 10
631093.9589148978
 20
4835541.411635827
 10
631075.0197928707
 20
4835529.653092611
  0
LWPOLYLINE
  5
467
330
17
100
AcDbEntity
  8
ROADS
100
AcDbPolyline
 90
2
 70
0
 10
631117.8717256137
 20
4835571.583649096
 10
631140.8304477659
 20
4835501.551539019
  0
LWPOLYLINE
  5
468
330
17
100
AcDbEntity
  8
ROADS
100
AcDbPolyline
 90
2
 70
0
 10
631241.8642162977
 20
4835533.2858512085
 10
631310.2294505097
 20
4835553.466744991
  0
LWPOLYLINE
  5
469
330
17
100
AcDbEntity
  8
ROADS
100
AcDbPolyline
 90
2
 70
0
 10
631073.8285056133
 20
4835579.880045712
 10
631075.0197928707
 20
4835529.653092611
  0
LWPOLYLINE
  5
46A
330
17
100
AcDbEntity
  8
ROADS
100
AcDbPolyline
 90
2
 70
0
 10
631117.8717256137
 20
4835571.583649096
 10
631093.9589148978
 20
4835541.411635827
  0
LWPOLYLINE
  5
46B
330
17
100
AcDbEntity
  8
ROADS
100
AcDbPolyline
 90
2
 70
0
 10
631084.271940086
 20
4835583.162083408
 10
631093.9589148978
 20
4835541.411635827
  0
LWPOLYLINE
  5
46C
330
17
100
AcDbEntity
  8
ROADS
100
AcDbPolyline
 90
2
 70
0
 10
631310.2294505097
 20
4835553.466744991
 10
631369.3856217341
 20
4835572.673593151
  0
LWPOLYLINE
  5
46D
330
17
100
AcDbEntity
  8
ROADS
100
AcDbPolyline
 90
2
 70
0
 10
631105.9596574864
 20
4835609.76211069
 10
631241.8642162977
 20
4835533.2858512085
  0
LWPOLYLINE
  5
46E
330
17
100
AcDbEntity
  8
ROADS
100
AcDbPolyline
 90
2
 70
0
 10
631310.2294505097
 20
4835553.466744991
 10
631295.1670051881
 20
4835600.060900195
  0
LWPOLYLINE
  5
46F
330
17
100
AcDbEntity
  8
ROADS
100
AcDbPolyline
 90
2
 70
0
 10
631084.271940086
 20
4835583.162083408
 10
631073.8285056133
 20
4835579.880045712
  0
LWPOLYLINE
  5
470
330
17
100
AcDbEntity
  8
ROADS
100
AcDbPolyline
 90
2
 70
0
 10
631111.6611476659
 20
4835592.001876333
 10
631117.8717256137
 20
4835571.583649096
  0
LWPOLYLINE
  5
471
330
17
100
AcDbEntity
  8
ROADS
100
AcDbPolyline
 90
2
 70
0
 10
631111.6611476659
 20
4835592.001876333
 10
631084.271940086
 20
4835583.162083408
  0
LWPOLYLINE
  5
472
330
17
100
AcDbEntity
  8
ROADS
100
AcDbPolyline
 90
2
 70
0
 10
631073.8285056133
 20
4835579.880045712
 10
631064.5206681612
 20
4835596.787519873
  0
LWPOLYLINE
  5
473
330
17
100
AcDbEntity
  8
ROADS
100
AcDbPolyline
 90
2
 70
0
 10
631084.271940086
 20
4835583.162083408
 10
631078.8386099434
 20
4835601.19118402
  0
LWPOLYLINE
  5
474
330
17
100
AcDbEntity
  8
ROADS
100
AcDbPolyline
 90
2
 70
0
 10
631078.8386099434
 20
4835601.19118402
 10
631064.5206681612
 20
4835596.787519873
  0
LWPOLYLINE
  5
475
330
17
100
AcDbEntity
  8
ROADS
100
AcDbPolyline
 90
2
 70
0
 10
631105.9596574864
 20
4835609.76211069
 10
631111.6611476659
 20
4835592.001876333
  0
LWPOLYLINE
  5
476
330
17
100
AcDbEntity
  8
ROADS
100
AcDbPolyline
 90
2
 70
0
 10
631105.9596574864
 20
4835609.76211069
 10
631078.8386099434
 20
4835601.19118402
  0
LWPOLYLINE
  5
477
330
17
100
AcDbEntity
  8
ROADS
100
AcDbPolyline
 90
2
 70
0
 10
631064.5206681612
 20
4835596.787519873
 10
631060.2286611015
 20
4835615.494801963
  0
LWPOLYLINE
  5
478
330
17
100
AcDbEntity
  8
ROADS
100
AcDbPolyline
 90
2
 70
0
 10
631353.5639318635
 20
4835620.550125317
 10
631295.1670051881
 20
4835600.060900195
  0
LWPOLYLINE
  5
479
330
17
100
AcDbEntity
  8
ROADS
100
AcDbPolyline
 90
2
 70
0
 10
631511.2415902009
 20
4835562.418294964
 10
631558.6381540042
 20
4835578.348320101
  0
LWPOLYLINE
  5
47A
330
17
100
AcDbEntity
  8
ROADS
100
AcDbPolyline
 90
2
 70
0
 10
631464.1328102187
 20
4835548.935659339
 10
631447.5332083026
 20
4835600.012381623
  0
LWPOLYLINE
  5
47B
330
17
100
AcDbEntity
  8
ROADS
100
AcDbPolyline
 90
2
 70
0
 10
631369.3856217341
 20
4835572.673593151
 10
631447.5332083026
 20
4835600.012381623
  0
LWPOLYLINE
  5
47C
330
17
100
AcDbEntity
  8
ROADS
100
AcDbPolyline
 90
2
 70
0
 10
631558.6381540042
 20
4835578.348320101
 10
631612.6018369491
 20
4835595.848188033
  0
LWPOLYLINE
  5
47D
330
17
100
AcDbEntity
  8
ROADS
100
AcDbPolyline
 90
2
 70
0
 10
631369.3856217341
 20
4835572.673593151
 10
631353.5639318635
 20
4835620.550125317
  0
LWPOLYLINE
  5
47E
330
17
100
AcDbEntity
  8
ROADS
100
AcDbPolyline
 90
2
 70
0
 10
631612.6018369491
 20
4835595.848188033
 10
631648.1397425609
 20
4835608.004557093
  0
LWPOLYLINE
  5
47F
330
17
100
AcDbEntity
  8
ROADS
100
AcDbPolyline
 90
2
 70
0
 10
631558.6381540042
 20
4835578.348320101
 10
631541.9555281826
 20
4835631.029674618
  0
LWPOLYLINE
  5
480
330
17
100
AcDbEntity
  8
ROADS
100
AcDbPolyline
 90
2
 70
0
 10
631447.5332083026
 20
4835600.012381623
 10
631541.9555281826
 20
4835631.029674618
  0
LWPOLYLINE
  5
481
330
17
100
AcDbEntity
  8
ROADS
100
AcDbPolyline
 90
2
 70
0
 10
631447.5332083026
 20
4835600.012381623
 10
631432.8707831574
 20
4835645.610711389
  0
LWPOLYLINE
  5
482
330
17
100
AcDbEntity
  8
ROADS
100
AcDbPolyline
 90
2
 70
0
 10
631629.2663610117
 20
4835623.601534175
 10
631665.1602011244
 20
4835622.487343336
  0
LWPOLYLINE
  5
483
330
17
100
AcDbEntity
  8
ROADS
100
AcDbPolyline
 90
2
 70
0
 10
630957.1632355648
 20
4835573.890531342
 10
630912.970039997
 20
4835608.295117176
  0
LWPOLYLINE
  5
484
330
17
100
AcDbEntity
  8
ROADS
100
AcDbPolyline
 90
2
 70
0
 10
630957.1632355648
 20
4835573.890531342
 10
630956.5626618438
 20
4835621.823178021
  0
LWPOLYLINE
  5
485
330
17
100
AcDbEntity
  8
ROADS
100
AcDbPolyline
 90
2
 70
0
 10
630805.2310433523
 20
4835585.734761028
 10
630895.9424444287
 20
4835615.173792108
  0
LWPOLYLINE
  5
486
330
17
100
AcDbEntity
  8
ROADS
100
AcDbPolyline
 90
2
 70
0
 10
630912.970039997
 20
4835608.295117176
 10
630899.4601175931
 20
4835604.253588628
  0
LWPOLYLINE
  5
487
330
17
100
AcDbEntity
  8
ROADS
100
AcDbPolyline
 90
2
 70
0
 10
630805.2310433523
 20
4835585.734761028
 10
630790.7617735633
 20
4835630.5524389995
  0
LWPOLYLINE
  5
488
330
17
100
AcDbEntity
  8
ROADS
100
AcDbPolyline
 90
2
 70
0
 10
630899.4601175931
 20
4835604.253588628
 10
630895.9424444287
 20
4835615.173792108
  0
LWPOLYLINE
  5
489
330
17
100
AcDbEntity
  8
ROADS
100
AcDbPolyline
 90
2
 70
0
 10
630671.1981887678
 20
4835595.146388871
 10
630778.2687367878
 20
4835626.466291132
  0
LWPOLYLINE
  5
48A
330
17
100
AcDbEntity
  8
ROADS
100
AcDbPolyline
 90
2
 70
0
 10
630956.5626618438
 20
4835621.823178021
 10
630912.970039997
 20
4835608.295117176
  0
LWPOLYLINE
  5
48B
330
17
100
AcDbEntity
  8
ROADS
100
AcDbPolyline
 90
2
 70
0
 10
630999.1752584974
 20
4835634.7404804975
 10
630956.5626618438
 20
4835621.823178021
  0
LWPOLYLINE
  5
48C
330
17
100
AcDbEntity
  8
ROADS
100
AcDbPolyline
 90
2
 70
0
 10
630778.2687367878
 20
4835626.466291132
 10
630790.7617735633
 20
4835630.5524389995
  0
LWPOLYLINE
  5
48D
330
17
100
AcDbEntity
  8
ROADS
100
AcDbPolyline
 90
2
 70
0
 10
631078.8386099434
 20
4835601.19118402
 10
631072.4731081717
 20
4835619.668465059
  0
LWPOLYLINE
  5
48E
330
17
100
AcDbEntity
  8
ROADS
100
AcDbPolyline
 90
2
 70
0
 10
631072.4731081717
 20
4835619.668465059
 10
631060.2286611015
 20
4835615.494801963
  0
LWPOLYLINE
  5
48F
330
17
100
AcDbEntity
  8
ROADS
100
AcDbPolyline
 90
2
 70
0
 10
631099.9726723508
 20
4835628.378246173
 10
631105.9596574864
 20
4835609.76211069
  0
LWPOLYLINE
  5
490
330
17
100
AcDbEntity
  8
ROADS
100
AcDbPolyline
 90
2
 70
0
 10
631086.1174834007
 20
4835623.962445411
 10
631072.4731081717
 20
4835619.668465059
  0
LWPOLYLINE
  5
491
330
17
100
AcDbEntity
  8
ROADS
100
AcDbPolyline
 90
2
 70
0
 10
631116.2415165531
 20
4835634.371797845
 10
631105.9596574864
 20
4835609.76211069
  0
LWPOLYLINE
  5
492
330
17
100
AcDbEntity
  8
ROADS
100
AcDbPolyline
 90
2
 70
0
 10
631060.2286611015
 20
4835615.494801963
 10
631049.531452008
 20
4835628.959904577
  0
LWPOLYLINE
  5
493
330
17
100
AcDbEntity
  8
ROADS
100
AcDbPolyline
 90
2
 70
0
 10
631099.9726723508
 20
4835628.378246173
 10
631086.1174834007
 20
4835623.962445411
  0
LWPOLYLINE
  5
494
330
17
100
AcDbEntity
  8
ROADS
100
AcDbPolyline
 90
2
 70
0
 10
631072.4731081717
 20
4835619.668465059
 10
631075.4229158665
 20
4835635.51128913
  0
LWPOLYLINE
  5
495
330
17
100
AcDbEntity
  8
ROADS
100
AcDbPolyline
 90
2
 70
0
 10
631086.1174834007
 20
4835623.962445411
 10
631075.4229158665
 20
4835635.51128913
  0
LWPOLYLINE
  5
496
330
17
100
AcDbEntity
  8
ROADS
100
AcDbPolyline
 90
2
 70
0
 10
631075.4229158665
 20
4835635.51128913
 10
631049.531452008
 20
4835628.959904577
  0
LWPOLYLINE
  5
497
330
17
100
AcDbEntity
  8
ROADS
100
AcDbPolyline
 90
2
 70
0
 10
631049.531452008
 20
4835628.959904577
 10
631043.7476463283
 20
4835646.460627879
  0
LWPOLYLINE
  5
498
330
17
100
AcDbEntity
  8
ROADS
100
AcDbPolyline
 90
2
 70
0
 10
631091.6903676235
 20
4835653.529866114
 10
631099.9726723508
 20
4835628.378246173
  0
LWPOLYLINE
  5
499
330
17
100
AcDbEntity
  8
ROADS
100
AcDbPolyline
 90
2
 70
0
 10
631241.8642162977
 20
4835533.2858512085
 10
631171.2227035053
 20
4835750.082790034
  0
LWPOLYLINE
  5
49A
330
17
100
AcDbEntity
  8
ROADS
100
AcDbPolyline
 90
2
 70
0
 10
631075.4229158665
 20
4835635.51128913
 10
631062.6321839489
 20
4835649.881777718
  0
LWPOLYLINE
  5
49B
330
17
100
AcDbEntity
  8
ROADS
100
AcDbPolyline
 90
2
 70
0
 10
631043.7476463283
 20
4835646.460627879
 10
631013.6000766968
 20
4835639.123576098
  0
LWPOLYLINE
  5
49C
330
17
100
AcDbEntity
  8
ROADS
100
AcDbPolyline
 90
2
 70
0
 10
631091.6903676235
 20
4835653.529866114
 10
631116.2415165531
 20
4835634.371797845
  0
LWPOLYLINE
  5
49D
330
17
100
AcDbEntity
  8
ROADS
100
AcDbPolyline
 90
2
 70
0
 10
631062.6321839489
 20
4835649.881777718
 10
631043.7476463283
 20
4835646.460627879
  0
LWPOLYLINE
  5
49E
330
17
100
AcDbEntity
  8
ROADS
100
AcDbPolyline
 90
2
 70
0
 10
631091.6903676235
 20
4835653.529866114
 10
631062.6321839489
 20
4835649.881777718
  0
LWPOLYLINE
  5
49F
330
17
100
AcDbEntity
  8
ROADS
100
AcDbPolyline
 90
2
 70
0
 10
631043.7476463283
 20
4835646.460627879
 10
631036.1187652042
 20
4835662.713403305
  0
LWPOLYLINE
  5
4A0
330
17
100
AcDbEntity
  8
ROADS
100
AcDbPolyline
 90
2
 70
0
 10
631036.1187652042
 20
4835662.713403305
 10
631008.0219144118
 20
4835656.257654833
  0
LWPOLYLINE
  5
4A1
330
17
100
AcDbEntity
  8
ROADS
100
AcDbPolyline
 90
2
 70
0
 10
631353.5639318635
 20
4835620.550125317
 10
631392.64170231
 20
4835634.773636108
  0
LWPOLYLINE
  5
4A2
330
17
100
AcDbEntity
  8
ROADS
100
AcDbPolyline
 90
2
 70
0
 10
631571.08383787
 20
4835639.3198815035
 10
631629.2663610117
 20
4835623.601534175
  0
LWPOLYLINE
  5
4A3
330
17
100
AcDbEntity
  8
ROADS
100
AcDbPolyline
 90
2
 70
0
 10
631629.2663610117
 20
4835623.601534175
 10
631631.6916791536
 20
4835645.208502206
  0
LWPOLYLINE
  5
4A4
330
17
100
AcDbEntity
  8
ROADS
100
AcDbPolyline
 90
2
 70
0
 10
631541.9555281826
 20
4835631.029674618
 10
631571.08383787
 20
4835639.3198815035
  0
LWPOLYLINE
  5
4A5
330
17
100
AcDbEntity
  8
ROADS
100
AcDbPolyline
 90
2
 70
0
 10
631392.64170231
 20
4835634.773636108
 10
631432.8707831574
 20
4835645.610711389
  0
LWPOLYLINE
  5
4A6
330
17
100
AcDbEntity
  8
ROADS
100
AcDbPolyline
 90
2
 70
0
 10
631571.08383787
 20
4835639.3198815035
 10
631631.6916791536
 20
4835645.208502206
  0
LWPOLYLINE
  5
4A7
330
17
100
AcDbEntity
  8
ROADS
100
AcDbPolyline
 90
2
 70
0
 10
631631.6916791536
 20
4835645.208502206
 10
631656.1365388707
 20
4835648.927200406
  0
LWPOLYLINE
  5
4A8
330
17
100
AcDbEntity
  8
ROADS
100
AcDbPolyline
 90
2
 70
0
 10
631432.8707831574
 20
4835645.610711389
 10
631474.4108928681
 20
4835663.144990218
  0
LWPOLYLINE
  5
4A9
330
17
100
AcDbEntity
  8
ROADS
100
AcDbPolyline
 90
2
 70
0
 10
631631.6916791536
 20
4835645.208502206
 10
631651.2483143634
 20
4835664.130973019
  0
LWPOLYLINE
  5
4AA
330
17
100
AcDbEntity
  8
ROADS
100
AcDbPolyline
 90
2
 70
0
 10
631541.9555281826
 20
4835631.029674618
 10
631527.9450728493
 20
4835678.567947612
  0
LWPOLYLINE
  5
4AB
330
17
100
AcDbEntity
  8
ROADS
100
AcDbPolyline
 90
2
 70
0
 10
629253.3961770536
 20
4835191.693761383
 10
629192.8053541568
 20
4835174.271426107
  0
LWPOLYLINE
  5
4AC
330
17
100
AcDbEntity
  8
ROADS
100
AcDbPolyline
 90
2
 70
0
 10
629393.5821274817
 20
4835230.561554566
 10
629344.5622709725
 20
4835217.313015177
  0
LWPOLYLINE
  5
4AD
330
17
100
AcDbEntity
  8
ROADS
100
AcDbPolyline
 90
2
 70
0
 10
629440.2013306707
 20
4835245.7183317365
 10
629393.5821274817
 20
4835230.561554566
  0
LWPOLYLINE
  5
4AE
330
17
100
AcDbEntity
  8
ROADS
100
AcDbPolyline
 90
2
 70
0
 10
629551.5732827396
 20
4835224.570156037
 10
629535.2771491942
 20
4835275.8511011815
  0
LWPOLYLINE
  5
4AF
330
17
100
AcDbEntity
  8
ROADS
100
AcDbPolyline
 90
2
 70
0
 10
629490.1282004918
 20
4835261.514950136
 10
629440.2013306707
 20
4835245.7183317365
  0
LWPOLYLINE
  5
4B0
330
17
100
AcDbEntity
  8
ROADS
100
AcDbPolyline
 90
2
 70
0
 10
629535.2771491942
 20
4835275.8511011815
 10
629490.1282004918
 20
4835261.514950136
  0
LWPOLYLINE
  5
4B1
330
17
100
AcDbEntity
  8
ROADS
100
AcDbPolyline
 90
3
 70
0
 10
629265.4527136667
 20
4835375.753232289
 10
629297.9988706044
 20
4835273.971648759
 10
629344.5622709725
 20
4835217.313015177
  0
LWPOLYLINE
  5
4B2
330
17
100
AcDbEntity
  8
ROADS
100
AcDbPolyline
 90
2
 70
0
 10
629490.1282004918
 20
4835261.514950136
 10
629448.0492686123
 20
4835390.961162853
  0
LWPOLYLINE
  5
4B3
330
17
100
AcDbEntity
  8
ROADS
100
AcDbPolyline
 90
2
 70
0
 10
629265.4527136667
 20
4835375.753232289
 10
629255.6293399604
 20
4835409.037914585
  0
LWPOLYLINE
  5
4B4
330
17
100
AcDbEntity
  8
ROADS
100
AcDbPolyline
 90
2
 70
0
 10
629448.0492686123
 20
4835390.961162853
 10
629539.499483936
 20
4835416.964147582
  0
LWPOLYLINE
  5
4B5
330
17
100
AcDbEntity
  8
ROADS
100
AcDbPolyline
 90
3
 70
0
 10
629265.4527136667
 20
4835375.753232289
 10
629389.5901296585
 20
4835418.295236304
 10
629430.4872584434
 20
4835448.037597625
  0
LWPOLYLINE
  5
4B6
330
17
100
AcDbEntity
  8
ROADS
100
AcDbPolyline
 90
2
 70
0
 10
629820.077192836
 20
4835226.047010399
 10
629778.2492474938
 20
4835352.561688337
  0
LWPOLYLINE
  5
4B7
330
17
100
AcDbEntity
  8
ROADS
100
AcDbPolyline
 90
2
 70
0
 10
629778.2492474938
 20
4835352.561688337
 10
629535.2771491942
 20
4835275.8511011815
  0
LWPOLYLINE
  5
4B8
330
17
100
AcDbEntity
  8
ROADS
100
AcDbPolyline
 90
2
 70
0
 10
629778.2492474938
 20
4835352.561688337
 10
629758.4263995709
 20
4835402.981848159
  0
LWPOLYLINE
  5
4B9
330
17
100
AcDbEntity
  8
ROADS
100
AcDbPolyline
 90
2
 70
0
 10
629758.4263995709
 20
4835402.981848159
 10
629722.2106003994
 20
4835437.460048569
  0
LWPOLYLINE
  5
4BA
330
17
100
AcDbEntity
  8
ROADS
100
AcDbPolyline
 90
2
 70
0
 10
629758.4263995709
 20
4835402.981848159
 10
629771.5272753799
 20
4835449.947947078
  0
LWPOLYLINE
  5
4BB
330
17
100
AcDbEntity
  8
ROADS
100
AcDbPolyline
 90
2
 70
0
 10
629722.2106003994
 20
4835437.460048569
 10
629771.5272753799
 20
4835449.947947078
  0
LWPOLYLINE
  5
4BC
330
17
100
AcDbEntity
  8
ROADS
100
AcDbPolyline
 90
2
 70
0
 10
629722.2106003994
 20
4835437.460048569
 10
629740.2141177157
 20
4835457.193380866
  0
LWPOLYLINE
  5
4BD
330
17
100
AcDbEntity
  8
ROADS
100
AcDbPolyline
 90
2
 70
0
 10
629771.5272753799
 20
4835449.947947078
 10
629740.2141177157
 20
4835457.193380866
  0
LWPOLYLINE
  5
4BE
330
17
100
AcDbEntity
  8
ROADS
100
AcDbPolyline
 90
2
 70
0
 10
629722.2106003994
 20
4835437.460048569
 10
629667.824438159
 20
4835469.952624577
  0
LWPOLYLINE
  5
4BF
330
17
100
AcDbEntity
  8
ROADS
100
AcDbPolyline
 90
2
 70
0
 10
629740.2141177157
 20
4835457.193380866
 10
629718.933563218
 20
4835508.780257817
  0
LWPOLYLINE
  5
4C0
330
17
100
AcDbEntity
  8
ROADS
100
AcDbPolyline
 90
2
 70
0
 10
629255.6293399604
 20
4835409.037914585
 10
629142.8314334713
 20
4835373.393313575
  0
LWPOLYLINE
  5
4C1
330
17
100
AcDbEntity
  8
ROADS
100
AcDbPolyline
 90
2
 70
0
 10
629255.6293399604
 20
4835409.037914585
 10
629196.8952352842
 20
4835589.928418134
  0
LWPOLYLINE
  5
4C2
330
17
100
AcDbEntity
  8
ROADS
100
AcDbPolyline
 90
2
 70
0
 10
629196.8952352842
 20
4835589.928418134
 10
629108.6736926145
 20
4835562.049313373
  0
LWPOLYLINE
  5
4C3
330
17
100
AcDbEntity
  8
ROADS
100
AcDbPolyline
 90
2
 70
0
 10
629448.0492686123
 20
4835390.961162853
 10
629430.4872584434
 20
4835448.037597625
  0
LWPOLYLINE
  5
4C4
330
17
100
AcDbEntity
  8
ROADS
100
AcDbPolyline
 90
2
 70
0
 10
629430.4872584434
 20
4835448.037597625
 10
629419.8024331948
 20
4835483.002836361
  0
LWPOLYLINE
  5
4C5
330
17
100
AcDbEntity
  8
ROADS
100
AcDbPolyline
 90
4
 70
0
 10
629431.7245699972
 20
4835626.806221564
 10
629470.2289940079
 20
4835586.161522111
 10
629484.7612500695
 20
4835511.692120493
 10
629419.8024331948
 20
4835483.002836361
  0
LWPOLYLINE
  5
4C6
330
17
100
AcDbEntity
  8
ROADS
100
AcDbPolyline
 90
5
 70
0
 10
629419.8024331948
 20
4835483.002836361
 10
629338.3520632179
 20
4835482.0513272835
 10
629309.1565365618
 20
4835568.816452999
 10
629373.6984265192
 20
4835628.69634061
 10
629431.7245699972
 20
4835626.806221564
  0
LWPOLYLINE
  5
4C7
330
17
100
AcDbEntity
  8
ROADS
100
AcDbPolyline
 90
2
 70
0
 10
629437.0718465147
 20
4835643.903563401
 10
629431.7245699972
 20
4835626.806221564
  0
LWPOLYLINE
  5
4C8
330
17
100
AcDbEntity
  8
ROADS
100
AcDbPolyline
 90
2
 70
0
 10
629576.1772939212
 20
4835634.949232843
 10
629551.2426407381
 20
4835707.684470938
  0
LWPOLYLINE
  5
4C9
330
17
100
AcDbEntity
  8
ROADS
100
AcDbPolyline
 90
2
 70
0
 10
629437.0718465147
 20
4835643.903563401
 10
629529.1404110086
 20
4835702.081510678
  0
LWPOLYLINE
  5
4CA
330
17
100
AcDbEntity
  8
ROADS
100
AcDbPolyline
 90
4
 70
0
 10
629529.1404110086
 20
4835702.081510678
 10
629486.550128585
 20
4835760.291545128
 10
629403.5875462333
 20
4835736.611073575
 10
629437.0718465147
 20
4835643.903563401
  0
LWPOLYLINE
  5
4CB
330
17
100
AcDbEntity
  8
ROADS
100
AcDbPolyline
 90
2
 70
0
 10
629551.2426407381
 20
4835707.684470938
 10
629529.1404110086
 20
4835702.081510678
  0
LWPOLYLINE
  5
4CC
330
17
100
AcDbEntity
  8
ROADS
100
AcDbPolyline
 90
2
 70
0
 10
629588.0153005009
 20
4835713.485664712
 10
629551.2426407381
 20
4835707.684470938
  0
LWPOLYLINE
  5
4CD
330
17
100
AcDbEntity
  8
ROADS
100
AcDbPolyline
 90
2
 70
0
 10
629743.637265522
 20
4835778.137566317
 10
629725.4892428949
 20
4835785.81300726
  0
LWPOLYLINE
  5
4CE
330
17
100
AcDbEntity
  8
ROADS
100
AcDbPolyline
 90
2
 70
0
 10
629595.4472044663
 20
4835734.483472268
 10
629607.1781364663
 20
4835847.980392365
  0
LWPOLYLINE
  5
4CF
330
17
100
AcDbEntity
  8
ROADS
100
AcDbPolyline
 90
2
 70
0
 10
629743.637265522
 20
4835778.137566317
 10
629732.9488832527
 20
4835812.522723266
  0
LWPOLYLINE
  5
4D0
330
17
100
AcDbEntity
  8
ROADS
100
AcDbPolyline
 90
2
 70
0
 10
629725.4892428949
 20
4835785.81300726
 10
629732.9488832527
 20
4835812.522723266
  0
LWPOLYLINE
  5
4D1
330
17
100
AcDbEntity
  8
ROADS
100
AcDbPolyline
 90
2
 70
0
 10
629725.4892428949
 20
4835785.81300726
 10
629620.7597375936
 20
4835851.373167096
  0
LWPOLYLINE
  5
4D2
330
17
100
AcDbEntity
  8
ROADS
100
AcDbPolyline
 90
2
 70
0
 10
629543.923141501
 20
4835803.709262047
 10
629599.1177643465
 20
4835859.862490576
  0
LWPOLYLINE
  5
4D3
330
17
100
AcDbEntity
  8
ROADS
100
AcDbPolyline
 90
2
 70
0
 10
629758.6757494941
 20
4835768.322759502
 10
629715.4184474703
 20
4835902.861065716
  0
LWPOLYLINE
  5
4D4
330
17
100
AcDbEntity
  8
ROADS
100
AcDbPolyline
 90
2
 70
0
 10
629607.1781364663
 20
4835847.980392365
 10
629620.7597375936
 20
4835851.373167096
  0
LWPOLYLINE
  5
4D5
330
17
100
AcDbEntity
  8
ROADS
100
AcDbPolyline
 90
2
 70
0
 10
629732.9488832527
 20
4835812.522723266
 10
629706.4388441526
 20
4835895.116185671
  0
LWPOLYLINE
  5
4D6
330
17
100
AcDbEntity
  8
ROADS
100
AcDbPolyline
 90
2
 70
0
 10
629599.1177643465
 20
4835859.862490576
 10
629607.1781364663
 20
4835847.980392365
  0
LWPOLYLINE
  5
4D7
330
17
100
AcDbEntity
  8
ROADS
100
AcDbPolyline
 90
2
 70
0
 10
629551.2426407381
 20
4835707.684470938
 10
629515.3322678349
 20
4835828.871606392
  0
LWPOLYLINE
  5
4D8
330
17
100
AcDbEntity
  8
ROADS
100
AcDbPolyline
 90
2
 70
0
 10
629535.3988114325
 20
4835797.555228906
 10
629543.923141501
 20
4835803.709262047
  0
LWPOLYLINE
  5
4D9
330
17
100
AcDbEntity
  8
ROADS
100
AcDbPolyline
 90
2
 70
0
 10
629346.4178005997
 20
4835882.629502524
 10
629379.9507265209
 20
4835772.02317661
  0
LWPOLYLINE
  5
4DA
330
17
100
AcDbEntity
  8
ROADS
100
AcDbPolyline
 90
2
 70
0
 10
629543.923141501
 20
4835803.709262047
 10
629501.5255260735
 20
4835923.334494124
  0
LWPOLYLINE
  5
4DB
330
17
100
AcDbEntity
  8
ROADS
100
AcDbPolyline
 90
2
 70
0
 10
629346.4178005997
 20
4835882.629502524
 10
629247.7084599168
 20
4835851.466816346
  0
LWPOLYLINE
  5
4DC
330
17
100
AcDbEntity
  8
ROADS
100
AcDbPolyline
 90
2
 70
0
 10
629515.3322678349
 20
4835828.871606392
 10
629490.9325476886
 20
4835921.854880761
  0
LWPOLYLINE
  5
4DD
330
17
100
AcDbEntity
  8
ROADS
100
AcDbPolyline
 90
2
 70
0
 10
629603.2298875372
 20
4835875.248396261
 10
629501.5255260735
 20
4835923.334494124
  0
LWPOLYLINE
  5
4DE
330
17
100
AcDbEntity
  8
ROADS
100
AcDbPolyline
 90
2
 70
0
 10
629346.4178005997
 20
4835882.629502524
 10
629490.9325476886
 20
4835921.854880761
  0
LWPOLYLINE
  5
4DF
330
17
100
AcDbEntity
  8
ROADS
100
AcDbPolyline
 90
2
 70
0
 10
629490.9325476886
 20
4835921.854880761
 10
629501.5255260735
 20
4835923.334494124
  0
LWPOLYLINE
  5
4E0
330
17
100
AcDbEntity
  8
ROADS
100
AcDbPolyline
 90
2
 70
0
 10
629501.5255260735
 20
4835923.334494124
 10
629580.5941603283
 20
4835963.093728913
  0
LWPOLYLINE
  5
4E1
330
17
100
AcDbEntity
  8
ROADS
100
AcDbPolyline
 90
2
 70
0
 10
629196.8952352842
 20
4835589.928418134
 10
629126.2576248618
 20
4835813.49954816
  0
LWPOLYLINE
  5
4E2
330
17
100
AcDbEntity
  8
ROADS
100
AcDbPolyline
 90
2
 70
0
 10
629126.2576248618
 20
4835813.49954816
 10
629116.5691409305
 20
4835803.468235938
  0
LWPOLYLINE
  5
4E3
330
17
100
AcDbEntity
  8
ROADS
100
AcDbPolyline
 90
2
 70
0
 10
629247.7084599168
 20
4835851.466816346
 10
629126.2576248618
 20
4835813.49954816
  0
LWPOLYLINE
  5
4E4
330
17
100
AcDbEntity
  8
ROADS
100
AcDbPolyline
 90
2
 70
0
 10
629126.2576248618
 20
4835813.49954816
 10
629120.5175026268
 20
4835831.717377192
  0
LWPOLYLINE
  5
4E5
330
17
100
AcDbEntity
  8
ROADS
100
AcDbPolyline
 90
2
 70
0
 10
631665.1602011244
 20
4835622.487343336
 10
631678.7118653108
 20
4835626.82019602
  0
LWPOLYLINE
  5
4E6
330
17
100
AcDbEntity
  8
ROADS
100
AcDbPolyline
 90
2
 70
0
 10
631665.1602011244
 20
4835622.487343336
 10
631656.1365388707
 20
4835648.927200406
  0
LWPOLYLINE
  5
4E7
330
17
100
AcDbEntity
  8
ROADS
100
AcDbPolyline
 90
2
 70
0
 10
631295.1670051881
 20
4835600.060900195
 10
631256.1265463949
 20
4835722.781204918
  0
LWPOLYLINE
  5
4E8
330
17
100
AcDbEntity
  8
ROADS
100
AcDbPolyline
 90
2
 70
0
 10
631084.990415456
 20
4835675.957890957
 10
631091.6903676235
 20
4835653.529866114
  0
LWPOLYLINE
  5
4E9
330
17
100
AcDbEntity
  8
ROADS
100
AcDbPolyline
 90
2
 70
0
 10
631084.990415456
 20
4835675.957890957
 10
631036.1187652042
 20
4835662.713403305
  0
LWPOLYLINE
  5
4EA
330
17
100
AcDbEntity
  8
ROADS
100
AcDbPolyline
 90
2
 70
0
 10
631353.5639318635
 20
4835620.550125317
 10
631315.7344031637
 20
4835740.042601581
  0
LWPOLYLINE
  5
4EB
330
17
100
AcDbEntity
  8
ROADS
100
AcDbPolyline
 90
2
 70
0
 10
631116.2415165531
 20
4835634.371797845
 10
631171.2227035053
 20
4835750.082790034
  0
LWPOLYLINE
  5
4EC
330
17
100
AcDbEntity
  8
ROADS
100
AcDbPolyline
 90
2
 70
0
 10
631071.5847945416
 20
4835718.806687253
 10
631084.990415456
 20
4835675.957890957
  0
LWPOLYLINE
  5
4ED
330
17
100
AcDbEntity
  8
ROADS
100
AcDbPolyline
 90
2
 70
0
 10
630995.4004310438
 20
4835695.119659368
 10
631071.5847945416
 20
4835718.806687253
  0
LWPOLYLINE
  5
4EE
330
17
100
AcDbEntity
  8
ROADS
100
AcDbPolyline
 90
2
 70
0
 10
631315.7344031637
 20
4835740.042601581
 10
631256.1265463949
 20
4835722.781204918
  0
LWPOLYLINE
  5
4EF
330
17
100
AcDbEntity
  8
ROADS
100
AcDbPolyline
 90
2
 70
0
 10
631071.5847945416
 20
4835718.806687253
 10
631171.2227035053
 20
4835750.082790034
  0
LWPOLYLINE
  5
4F0
330
17
100
AcDbEntity
  8
ROADS
100
AcDbPolyline
 90
2
 70
0
 10
631315.7344031637
 20
4835740.042601581
 10
631355.4643178827
 20
4835750.803157344
  0
LWPOLYLINE
  5
4F1
330
17
100
AcDbEntity
  8
ROADS
100
AcDbPolyline
 90
2
 70
0
 10
631656.1365388707
 20
4835648.927200406
 10
631651.2483143634
 20
4835664.130973019
  0
LWPOLYLINE
  5
4F2
330
17
100
AcDbEntity
  8
ROADS
100
AcDbPolyline
 90
2
 70
0
 10
631474.4108928681
 20
4835663.144990218
 10
631527.9450728493
 20
4835678.567947612
  0
LWPOLYLINE
  5
4F3
330
17
100
AcDbEntity
  8
ROADS
100
AcDbPolyline
 90
2
 70
0
 10
631527.9450728493
 20
4835678.567947612
 10
631582.0172189135
 20
4835695.986784951
  0
LWPOLYLINE
  5
4F4
330
17
100
AcDbEntity
  8
ROADS
100
AcDbPolyline
 90
2
 70
0
 10
631651.2483143634
 20
4835664.130973019
 10
631635.5296870251
 20
4835714.381583027
  0
LWPOLYLINE
  5
4F5
330
17
100
AcDbEntity
  8
ROADS
100
AcDbPolyline
 90
2
 70
0
 10
631392.64170231
 20
4835634.773636108
 10
631355.4643178827
 20
4835750.803157344
  0
LWPOLYLINE
  5
4F6
330
17
100
AcDbEntity
  8
ROADS
100
AcDbPolyline
 90
2
 70
0
 10
631432.8707831574
 20
4835645.610711389
 10
631394.6582003
 20
4835763.969703935
  0
LWPOLYLINE
  5
4F7
330
17
100
AcDbEntity
  8
ROADS
100
AcDbPolyline
 90
2
 70
0
 10
631582.0172189135
 20
4835695.986784951
 10
631635.5296870251
 20
4835714.381583027
  0
LWPOLYLINE
  5
4F8
330
17
100
AcDbEntity
  8
ROADS
100
AcDbPolyline
 90
2
 70
0
 10
631474.4108928681
 20
4835663.144990218
 10
631442.4395879911
 20
4835779.743697841
  0
LWPOLYLINE
  5
4F9
330
17
100
AcDbEntity
  8
ROADS
100
AcDbPolyline
 90
2
 70
0
 10
631527.9450728493
 20
4835678.567947612
 10
631491.2616650729
 20
4835795.539512007
  0
LWPOLYLINE
  5
4FA
330
17
100
AcDbEntity
  8
ROADS
100
AcDbPolyline
 90
2
 70
0
 10
631635.5296870251
 20
4835714.381583027
 10
631619.6620520331
 20
4835761.755278602
  0
LWPOLYLINE
  5
4FB
330
17
100
AcDbEntity
  8
ROADS
100
AcDbPolyline
 90
2
 70
0
 10
631582.0172189135
 20
4835695.986784951
 10
631544.829728117
 20
4835812.075187192
  0
LWPOLYLINE
  5
4FC
330
17
100
AcDbEntity
  8
ROADS
100
AcDbPolyline
 90
2
 70
0
 10
631355.4643178827
 20
4835750.803157344
 10
631394.6582003
 20
4835763.969703935
  0
LWPOLYLINE
  5
4FD
330
17
100
AcDbEntity
  8
ROADS
100
AcDbPolyline
 90
2
 70
0
 10
631619.6620520331
 20
4835761.755278602
 10
631657.7476585028
 20
4835773.44068891
  0
LWPOLYLINE
  5
4FE
330
17
100
AcDbEntity
  8
ROADS
100
AcDbPolyline
 90
2
 70
0
 10
631394.6582003
 20
4835763.969703935
 10
631442.4395879911
 20
4835779.743697841
  0
LWPOLYLINE
  5
4FF
330
17
100
AcDbEntity
  8
ROADS
100
AcDbPolyline
 90
2
 70
0
 10
631442.4395879911
 20
4835779.743697841
 10
631491.2616650729
 20
4835795.539512007
  0
LWPOLYLINE
  5
500
330
17
100
AcDbEntity
  8
ROADS
100
AcDbPolyline
 90
2
 70
0
 10
631394.6582003
 20
4835763.969703935
 10
631378.5375257053
 20
4835814.387014857
  0
LWPOLYLINE
  5
501
330
17
100
AcDbEntity
  8
ROADS
100
AcDbPolyline
 90
2
 70
0
 10
631619.6620520331
 20
4835761.755278602
 10
631598.4592397041
 20
4835828.807993236
  0
LWPOLYLINE
  5
502
330
17
100
AcDbEntity
  8
ROADS
100
AcDbPolyline
 90
2
 70
0
 10
631491.2616650729
 20
4835795.539512007
 10
631544.829728117
 20
4835812.075187192
  0
LWPOLYLINE
  5
503
330
17
100
AcDbEntity
  8
ROADS
100
AcDbPolyline
 90
2
 70
0
 10
631544.829728117
 20
4835812.075187192
 10
631560.9529939883
 20
4835817.382072087
  0
LWPOLYLINE
  5
504
330
17
100
AcDbEntity
  8
ROADS
100
AcDbPolyline
 90
2
 70
0
 10
631491.2616650729
 20
4835795.539512007
 10
631475.7646890136
 20
4835846.252133814
  0
LWPOLYLINE
  5
505
330
17
100
AcDbEntity
  8
ROADS
100
AcDbPolyline
 90
2
 70
0
 10
631657.7476585028
 20
4835773.44068891
 10
631660.6641355532
 20
4835764.087863668
  0
LWPOLYLINE
  5
506
330
17
100
AcDbEntity
  8
ROADS
100
AcDbPolyline
 90
2
 70
0
 10
631657.7476585028
 20
4835773.44068891
 10
631658.9240434163
 20
4835773.825484542
  0
LWPOLYLINE
  5
507
330
17
100
AcDbEntity
  8
ROADS
100
AcDbPolyline
 90
2
 70
0
 10
631256.1265463949
 20
4835722.781204918
 10
631243.1535754987
 20
4835773.394417334
  0
LWPOLYLINE
  5
508
330
17
100
AcDbEntity
  8
ROADS
100
AcDbPolyline
 90
2
 70
0
 10
631171.2227035053
 20
4835750.082790034
 10
631243.1535754987
 20
4835773.394417334
  0
LWPOLYLINE
  5
509
330
17
100
AcDbEntity
  8
ROADS
100
AcDbPolyline
 90
2
 70
0
 10
631315.7344031637
 20
4835740.042601581
 10
631298.5552184094
 20
4835789.516195325
  0
LWPOLYLINE
  5
50A
330
17
100
AcDbEntity
  8
ROADS
100
AcDbPolyline
 90
2
 70
0
 10
631071.5847945416
 20
4835718.806687253
 10
631037.5156229695
 20
4835824.825546603
  0
LWPOLYLINE
  5
50B
330
17
100
AcDbEntity
  8
ROADS
100
AcDbPolyline
 90
2
 70
0
 10
631243.1535754987
 20
4835773.394417334
 10
631298.5552184094
 20
4835789.516195325
  0
LWPOLYLINE
  5
50C
330
17
100
AcDbEntity
  8
ROADS
100
AcDbPolyline
 90
2
 70
0
 10
631298.5552184094
 20
4835789.516195325
 10
631378.5375257053
 20
4835814.387014857
  0
LWPOLYLINE
  5
50D
330
17
100
AcDbEntity
  8
ROADS
100
AcDbPolyline
 90
2
 70
0
 10
631037.5156229695
 20
4835824.825546603
 10
631021.457004514
 20
4835874.797890181
  0
LWPOLYLINE
  5
50E
330
17
100
AcDbEntity
  8
ROADS
100
AcDbPolyline
 90
2
 70
0
 10
631361.145029197
 20
4835857.625794496
 10
631326.2365307864
 20
4835843.598648861
  0
LWPOLYLINE
  5
50F
330
17
100
AcDbEntity
  8
ROADS
100
AcDbPolyline
 90
2
 70
0
 10
631357.187593078
 20
4835869.996167884
 10
631304.4747594398
 20
4835883.543517623
  0
LWPOLYLINE
  5
510
330
17
100
AcDbEntity
  8
ROADS
100
AcDbPolyline
 90
2
 70
0
 10
631021.457004514
 20
4835874.797890181
 10
631070.9444350002
 20
4835892.45386497
  0
LWPOLYLINE
  5
511
330
17
100
AcDbEntity
  8
ROADS
100
AcDbPolyline
 90
2
 70
0
 10
630741.8497909418
 20
4835759.238524758
 10
630717.4563397677
 20
4835830.990720902
  0
LWPOLYLINE
  5
512
330
17
100
AcDbEntity
  8
ROADS
100
AcDbPolyline
 90
2
 70
0
 10
630642.3890031882
 20
4835807.283884072
 10
630657.311030634
 20
4835811.932990827
  0
LWPOLYLINE
  5
513
330
17
100
AcDbEntity
  8
ROADS
100
AcDbPolyline
 90
2
 70
0
 10
631037.5156229695
 20
4835824.825546603
 10
630955.4633352872
 20
4835794.8609536
  0
LWPOLYLINE
  5
514
330
17
100
AcDbEntity
  8
ROADS
100
AcDbPolyline
 90
2
 70
0
 10
630657.311030634
 20
4835811.932990827
 10
630717.4563397677
 20
4835830.990720902
  0
LWPOLYLINE
  5
515
330
17
100
AcDbEntity
  8
ROADS
100
AcDbPolyline
 90
3
 70
0
 10
630642.3890031882
 20
4835807.283884072
 10
630630.0396116787
 20
4835846.639462073
 10
630644.3360139476
 20
4835850.5462062685
  0
LWPOLYLINE
  5
516
330
17
100
AcDbEntity
  8
ROADS
100
AcDbPolyline
 90
2
 70
0
 10
630657.311030634
 20
4835811.932990827
 10
630644.3360139476
 20
4835850.5462062685
  0
LWPOLYLINE
  5
517
330
17
100
AcDbEntity
  8
ROADS
100
AcDbPolyline
 90
2
 70
0
 10
630839.0841608436
 20
4835790.086626606
 10
630781.273071881
 20
4835966.750304436
  0
LWPOLYLINE
  5
518
330
17
100
AcDbEntity
  8
ROADS
100
AcDbPolyline
 90
2
 70
0
 10
630717.4563397677
 20
4835830.990720902
 10
630685.871269844
 20
4835935.769277775
  0
LWPOLYLINE
  5
519
330
17
100
AcDbEntity
  8
ROADS
100
AcDbPolyline
 90
2
 70
0
 10
630644.3360139476
 20
4835850.5462062685
 10
630623.0106966249
 20
4835916.356415572
  0
LWPOLYLINE
  5
51A
330
17
100
AcDbEntity
  8
ROADS
100
AcDbPolyline
 90
2
 70
0
 10
630623.0106966249
 20
4835916.356415572
 10
630685.871269844
 20
4835935.769277775
  0
LWPOLYLINE
  5
51B
330
17
100
AcDbEntity
  8
ROADS
100
AcDbPolyline
 90
2
 70
0
 10
631560.9529939883
 20
4835817.382072087
 10
631598.4592397041
 20
4835828.807993236
  0
LWPOLYLINE
  5
51C
330
17
100
AcDbEntity
  8
ROADS
100
AcDbPolyline
 90
3
 70
0
 10
631594.3015988795
 20
4835841.99081721
 10
631556.9561465388
 20
4835830.355785995
 10
631560.9529939883
 20
4835817.382072087
  0
LWPOLYLINE
  5
51D
330
17
100
AcDbEntity
  8
ROADS
100
AcDbPolyline
 90
2
 70
0
 10
631378.5375257053
 20
4835814.387014857
 10
631475.7646890136
 20
4835846.252133814
  0
LWPOLYLINE
  5
51E
330
17
100
AcDbEntity
  8
ROADS
100
AcDbPolyline
 90
2
 70
0
 10
631598.4592397041
 20
4835828.807993236
 10
631594.3015988795
 20
4835841.99081721
  0
LWPOLYLINE
  5
51F
330
17
100
AcDbEntity
  8
ROADS
100
AcDbPolyline
 90
2
 70
0
 10
631378.5375257053
 20
4835814.387014857
 10
631361.145029197
 20
4835857.625794496
  0
LWPOLYLINE
  5
520
330
17
100
AcDbEntity
  8
ROADS
100
AcDbPolyline
 90
2
 70
0
 10
631594.3015988795
 20
4835841.99081721
 10
631581.9871202242
 20
4835880.96210842
  0
LWPOLYLINE
  5
521
330
17
100
AcDbEntity
  8
ROADS
100
AcDbPolyline
 90
2
 70
0
 10
631475.7646890136
 20
4835846.252133814
 10
631581.9871202242
 20
4835880.96210842
  0
LWPOLYLINE
  5
522
330
17
100
AcDbEntity
  8
ROADS
100
AcDbPolyline
 90
2
 70
0
 10
631361.145029197
 20
4835857.625794496
 10
631357.187593078
 20
4835869.996167884
  0
LWPOLYLINE
  5
523
330
17
100
AcDbEntity
  8
ROADS
100
AcDbPolyline
 90
2
 70
0
 10
631361.145029197
 20
4835857.625794496
 10
631424.4238979303
 20
4835880.765526024
  0
LWPOLYLINE
  5
524
330
17
100
AcDbEntity
  8
ROADS
100
AcDbPolyline
 90
2
 70
0
 10
631357.187593078
 20
4835869.996167884
 10
631346.9239526682
 20
4835902.070995309
  0
LWPOLYLINE
  5
525
330
17
100
AcDbEntity
  8
ROADS
100
AcDbPolyline
 90
2
 70
0
 10
631581.9871202242
 20
4835880.96210842
 10
631576.6007743821
 20
4835900.982229993
  0
LWPOLYLINE
  5
526
330
17
100
AcDbEntity
  8
ROADS
100
AcDbPolyline
 90
2
 70
0
 10
631576.6007743821
 20
4835900.982229993
 10
631618.4935534226
 20
4835914.254378197
  0
LWPOLYLINE
  5
527
330
17
100
AcDbEntity
  8
ROADS
100
AcDbPolyline
 90
2
 70
0
 10
631346.9239526682
 20
4835902.070995309
 10
631499.0313889674
 20
4835948.970443466
  0
LWPOLYLINE
  5
528
330
17
100
AcDbEntity
  8
ROADS
100
AcDbPolyline
 90
2
 70
0
 10
631576.6007743821
 20
4835900.982229993
 10
631556.3882084724
 20
4835964.760585204
  0
LWPOLYLINE
  5
529
330
17
100
AcDbEntity
  8
ROADS
100
AcDbPolyline
 90
2
 70
0
 10
631336.2698132556
 20
4835935.443857343
 10
631375.5738040209
 20
4835947.000295803
  0
LWPOLYLINE
  5
52A
330
17
100
AcDbEntity
  8
ROADS
100
AcDbPolyline
 90
2
 70
0
 10
631375.5738040209
 20
4835947.000295803
 10
631411.8490181895
 20
4835958.144948593
  0
LWPOLYLINE
  5
52B
330
17
100
AcDbEntity
  8
ROADS
100
AcDbPolyline
 90
2
 70
0
 10
631499.0313889674
 20
4835948.970443466
 10
631556.3882084724
 20
4835964.760585204
  0
LWPOLYLINE
  5
52C
330
17
100
AcDbEntity
  8
ROADS
100
AcDbPolyline
 90
2
 70
0
 10
631499.0313889674
 20
4835948.970443466
 10
631487.2020000959
 20
4835986.721398749
  0
LWPOLYLINE
  5
52D
330
17
100
AcDbEntity
  8
ROADS
100
AcDbPolyline
 90
2
 70
0
 10
630392.3300966532
 20
4835726.633379245
 10
630410.2318768541
 20
4835732.192413626
  0
LWPOLYLINE
  5
52E
330
17
100
AcDbEntity
  8
ROADS
100
AcDbPolyline
 90
2
 70
0
 10
630365.5900416477
 20
4835718.178356377
 10
630349.2462258607
 20
4835771.979721387
  0
LWPOLYLINE
  5
52F
330
17
100
AcDbEntity
  8
ROADS
100
AcDbPolyline
 90
2
 70
0
 10
630638.2573004301
 20
4835696.733210891
 10
630605.3291610377
 20
4835796.424107283
  0
LWPOLYLINE
  5
530
330
17
100
AcDbEntity
  8
ROADS
100
AcDbPolyline
 90
2
 70
0
 10
630262.2581479058
 20
4835701.503090153
 10
630230.4309362741
 20
4835798.189564157
  0
LWPOLYLINE
  5
531
330
17
100
AcDbEntity
  8
ROADS
100
AcDbPolyline
 90
2
 70
0
 10
630392.3300966532
 20
4835726.633379245
 10
630389.7977135035
 20
4835780.326932422
  0
LWPOLYLINE
  5
532
330
17
100
AcDbEntity
  8
ROADS
100
AcDbPolyline
 90
2
 70
0
 10
630410.2318768541
 20
4835732.192413626
 10
630556.2949862585
 20
4835780.280473073
  0
LWPOLYLINE
  5
533
330
17
100
AcDbEntity
  8
ROADS
100
AcDbPolyline
 90
2
 70
0
 10
630410.2318768541
 20
4835732.192413626
 10
630389.7977135035
 20
4835780.326932422
  0
LWPOLYLINE
  5
534
330
17
100
AcDbEntity
  8
ROADS
100
AcDbPolyline
 90
2
 70
0
 10
630310.9881319087
 20
4835716.907147446
 10
630280.0128504332
 20
4835813.545032535
  0
LWPOLYLINE
  5
535
330
17
100
AcDbEntity
  8
ROADS
100
AcDbPolyline
 90
2
 70
0
 10
630349.2462258607
 20
4835771.979721387
 10
630389.7977135035
 20
4835780.326932422
  0
LWPOLYLINE
  5
536
330
17
100
AcDbEntity
  8
ROADS
100
AcDbPolyline
 90
2
 70
0
 10
630389.7977135035
 20
4835780.326932422
 10
630418.8925953337
 20
4835793.917400221
  0
LWPOLYLINE
  5
537
330
17
100
AcDbEntity
  8
ROADS
100
AcDbPolyline
 90
2
 70
0
 10
630556.2949862585
 20
4835780.280473073
 10
630605.3291610377
 20
4835796.424107283
  0
LWPOLYLINE
  5
538
330
17
100
AcDbEntity
  8
ROADS
100
AcDbPolyline
 90
2
 70
0
 10
630349.2462258607
 20
4835771.979721387
 10
630332.3444820098
 20
4835823.008797099
  0
LWPOLYLINE
  5
539
330
17
100
AcDbEntity
  8
ROADS
100
AcDbPolyline
 90
2
 70
0
 10
630605.3291610377
 20
4835796.424107283
 10
630642.3890031882
 20
4835807.283884072
  0
LWPOLYLINE
  5
53A
330
17
100
AcDbEntity
  8
ROADS
100
AcDbPolyline
 90
2
 70
0
 10
630280.0128504332
 20
4835813.545032535
 10
630230.4309362741
 20
4835798.189564157
  0
LWPOLYLINE
  5
53B
330
17
100
AcDbEntity
  8
ROADS
100
AcDbPolyline
 90
2
 70
0
 10
630280.0128504332
 20
4835813.545032535
 10
630332.3444820098
 20
4835823.008797099
  0
LWPOLYLINE
  5
53C
330
17
100
AcDbEntity
  8
ROADS
100
AcDbPolyline
 90
2
 70
0
 10
630521.8296642428
 20
4835884.205850743
 10
630556.2949862585
 20
4835780.280473073
  0
LWPOLYLINE
  5
53D
330
17
100
AcDbEntity
  8
ROADS
100
AcDbPolyline
 90
2
 70
0
 10
630332.3444820098
 20
4835823.008797099
 10
630482.1268876772
 20
4835871.535157887
  0
LWPOLYLINE
  5
53E
330
17
100
AcDbEntity
  8
ROADS
100
AcDbPolyline
 90
2
 70
0
 10
630605.3291610377
 20
4835796.424107283
 10
630572.6309787725
 20
4835900.652468547
  0
LWPOLYLINE
  5
53F
330
17
100
AcDbEntity
  8
ROADS
100
AcDbPolyline
 90
2
 70
0
 10
630280.0128504332
 20
4835813.545032535
 10
630244.3618944339
 20
4835926.130500751
  0
LWPOLYLINE
  5
540
330
17
100
AcDbEntity
  8
ROADS
100
AcDbPolyline
 90
2
 70
0
 10
630482.1268876772
 20
4835871.535157887
 10
630521.8296642428
 20
4835884.205850743
  0
LWPOLYLINE
  5
541
330
17
100
AcDbEntity
  8
ROADS
100
AcDbPolyline
 90
2
 70
0
 10
630034.2563796625
 20
4835860.234347448
 10
629758.6757494941
 20
4835768.322759502
  0
LWPOLYLINE
  5
542
330
17
100
AcDbEntity
  8
ROADS
100
AcDbPolyline
 90
2
 70
0
 10
630230.4309362741
 20
4835798.189564157
 10
630194.4152773846
 20
4835910.702418591
  0
LWPOLYLINE
  5
543
330
17
100
AcDbEntity
  8
ROADS
100
AcDbPolyline
 90
2
 70
0
 10
630172.391098323
 20
4835904.209783002
 10
630034.2563796625
 20
4835860.234347448
  0
LWPOLYLINE
  5
544
330
17
100
AcDbEntity
  8
ROADS
100
AcDbPolyline
 90
2
 70
0
 10
629971.0069091832
 20
4835914.4976749
 10
629825.9869393517
 20
4835867.748588581
  0
LWPOLYLINE
  5
545
330
17
100
AcDbEntity
  8
ROADS
100
AcDbPolyline
 90
2
 70
0
 10
630034.2563796625
 20
4835860.234347448
 10
630012.1599850934
 20
4835928.868694239
  0
LWPOLYLINE
  5
546
330
17
100
AcDbEntity
  8
ROADS
100
AcDbPolyline
 90
2
 70
0
 10
630194.4152773846
 20
4835910.702418591
 10
630172.391098323
 20
4835904.209783002
  0
LWPOLYLINE
  5
547
330
17
100
AcDbEntity
  8
ROADS
100
AcDbPolyline
 90
2
 70
0
 10
630209.1996928382
 20
4835915.27303064
 10
630194.4152773846
 20
4835910.702418591
  0
LWPOLYLINE
  5
548
330
17
100
AcDbEntity
  8
ROADS
100
AcDbPolyline
 90
2
 70
0
 10
630244.3618944339
 20
4835926.130500751
 10
630209.1996928382
 20
4835915.27303064
  0
LWPOLYLINE
  5
549
330
17
100
AcDbEntity
  8
ROADS
100
AcDbPolyline
 90
2
 70
0
 10
630012.1599850934
 20
4835928.868694239
 10
629971.0069091832
 20
4835914.4976749
  0
LWPOLYLINE
  5
54A
330
17
100
AcDbEntity
  8
ROADS
100
AcDbPolyline
 90
2
 70
0
 10
629971.0069091832
 20
4835914.4976749
 10
629961.6260180462
 20
4835941.66898339
  0
LWPOLYLINE
  5
54B
330
17
100
AcDbEntity
  8
ROADS
100
AcDbPolyline
 90
2
 70
0
 10
630332.3444820098
 20
4835823.008797099
 10
630291.7385983731
 20
4835942.097163903
  0
LWPOLYLINE
  5
54C
330
17
100
AcDbEntity
  8
ROADS
100
AcDbPolyline
 90
2
 70
0
 10
630521.8296642428
 20
4835884.205850743
 10
630572.6309787725
 20
4835900.652468547
  0
LWPOLYLINE
  5
54D
330
17
100
AcDbEntity
  8
ROADS
100
AcDbPolyline
 90
2
 70
0
 10
630482.1268876772
 20
4835871.535157887
 10
630463.0474562821
 20
4835930.557451264
  0
LWPOLYLINE
  5
54E
330
17
100
AcDbEntity
  8
ROADS
100
AcDbPolyline
 90
2
 70
0
 10
630572.6309787725
 20
4835900.652468547
 10
630623.0106966249
 20
4835916.356415572
  0
LWPOLYLINE
  5
54F
330
17
100
AcDbEntity
  8
ROADS
100
AcDbPolyline
 90
2
 70
0
 10
630244.3618944339
 20
4835926.130500751
 10
630291.7385983731
 20
4835942.097163903
  0
LWPOLYLINE
  5
550
330
17
100
AcDbEntity
  8
ROADS
100
AcDbPolyline
 90
2
 70
0
 10
630291.7385983731
 20
4835942.097163903
 10
630339.3330535293
 20
4835957.35971805
  0
LWPOLYLINE
  5
551
330
17
100
AcDbEntity
  8
ROADS
100
AcDbPolyline
 90
2
 70
0
 10
630572.6309787725
 20
4835900.652468547
 10
630534.7853956603
 20
4836018.238708537
  0
LWPOLYLINE
  5
552
330
17
100
AcDbEntity
  8
ROADS
100
AcDbPolyline
 90
2
 70
0
 10
630339.3330535293
 20
4835957.35971805
 10
630498.0428799469
 20
4836006.284570178
  0
LWPOLYLINE
  5
553
330
17
100
AcDbEntity
  8
ROADS
100
AcDbPolyline
 90
2
 70
0
 10
630291.7385983731
 20
4835942.097163903
 10
630259.5327105706
 20
4836040.474898711
  0
LWPOLYLINE
  5
554
330
17
100
AcDbEntity
  8
ROADS
100
AcDbPolyline
 90
2
 70
0
 10
630339.3330535293
 20
4835957.35971805
 10
630307.6474255208
 20
4836056.664937517
  0
LWPOLYLINE
  5
555
330
17
100
AcDbEntity
  8
ROADS
100
AcDbPolyline
 90
2
 70
0
 10
630209.1996928382
 20
4835915.27303064
 10
630198.9943227477
 20
4835946.44973644
  0
LWPOLYLINE
  5
556
330
17
100
AcDbEntity
  8
ROADS
100
AcDbPolyline
 90
2
 70
0
 10
630172.391098323
 20
4835904.209783002
 10
630148.0140011174
 20
4835970.688269639
  0
LWPOLYLINE
  5
557
330
17
100
AcDbEntity
  8
ROADS
100
AcDbPolyline
 90
2
 70
0
 10
630148.0140011174
 20
4835970.688269639
 10
630012.1599850934
 20
4835928.868694239
  0
LWPOLYLINE
  5
558
330
17
100
AcDbEntity
  8
ROADS
100
AcDbPolyline
 90
2
 70
0
 10
630012.1599850934
 20
4835928.868694239
 10
629988.7886620392
 20
4836000.646203162
  0
LWPOLYLINE
  5
559
330
17
100
AcDbEntity
  8
ROADS
100
AcDbPolyline
 90
2
 70
0
 10
630244.3618944339
 20
4835926.130500751
 10
630211.905251132
 20
4836024.936719936
  0
LWPOLYLINE
  5
55A
330
17
100
AcDbEntity
  8
ROADS
100
AcDbPolyline
 90
2
 70
0
 10
629988.7886620392
 20
4836000.646203162
 10
629847.0368600151
 20
4835951.30098168
  0
LWPOLYLINE
  5
55B
330
17
100
AcDbEntity
  8
ROADS
100
AcDbPolyline
 90
2
 70
0
 10
630148.0140011174
 20
4835970.688269639
 10
630128.7967951398
 20
4836026.987315394
  0
LWPOLYLINE
  5
55C
330
17
100
AcDbEntity
  8
ROADS
100
AcDbPolyline
 90
2
 70
0
 10
630128.7967951398
 20
4836026.987315394
 10
629988.7886620392
 20
4836000.646203162
  0
LWPOLYLINE
  5
55D
330
17
100
AcDbEntity
  8
ROADS
100
AcDbPolyline
 90
2
 70
0
 10
630211.905251132
 20
4836024.936719936
 10
630259.5327105706
 20
4836040.474898711
  0
LWPOLYLINE
  5
55E
330
17
100
AcDbEntity
  8
ROADS
100
AcDbPolyline
 90
2
 70
0
 10
630211.905251132
 20
4836024.936719936
 10
630203.7239413494
 20
4836050.641628927
  0
LWPOLYLINE
  5
55F
330
17
100
AcDbEntity
  8
ROADS
100
AcDbPolyline
 90
2
 70
0
 10
631021.457004514
 20
4835874.797890181
 10
630972.1030590003
 20
4836026.095694865
  0
LWPOLYLINE
  5
560
330
17
100
AcDbEntity
  8
ROADS
100
AcDbPolyline
 90
2
 70
0
 10
630685.871269844
 20
4835935.769277775
 10
630781.273071881
 20
4835966.750304436
  0
LWPOLYLINE
  5
561
330
17
100
AcDbEntity
  8
ROADS
100
AcDbPolyline
 90
3
 70
0
 10
630623.0106966249
 20
4835916.356415572
 10
630607.5859186082
 20
4835973.475667506
 10
630663.9043806664
 20
4835990.545093755
  0
LWPOLYLINE
  5
562
330
17
100
AcDbEntity
  8
ROADS
100
AcDbPolyline
 90
2
 70
0
 10
630972.1030590003
 20
4836026.095694865
 10
630781.273071881
 20
4835966.750304436
  0
LWPOLYLINE
  5
563
330
17
100
AcDbEntity
  8
ROADS
100
AcDbPolyline
 90
2
 70
0
 10
630781.273071881
 20
4835966.750304436
 10
630742.9328875103
 20
4836085.692766905
  0
LWPOLYLINE
  5
564
330
17
100
AcDbEntity
  8
ROADS
100
AcDbPolyline
 90
2
 70
0
 10
630534.7853956603
 20
4836018.238708537
 10
630742.9328875103
 20
4836085.692766905
  0
LWPOLYLINE
  5
565
330
17
100
AcDbEntity
  8
ROADS
100
AcDbPolyline
 90
2
 70
0
 10
630972.1030590003
 20
4836026.095694865
 10
630942.5887335382
 20
4836112.888438068
  0
LWPOLYLINE
  5
566
330
17
100
AcDbEntity
  8
ROADS
100
AcDbPolyline
 90
3
 70
0
 10
630742.9328875103
 20
4836085.692766905
 10
630834.807712612
 20
4836114.0588846775
 10
630890.4705877206
 20
4836105.495623369
  0
LWPOLYLINE
  5
567
330
17
100
AcDbEntity
  8
ROADS
100
AcDbPolyline
 90
2
 70
0
 10
630890.4705877206
 20
4836105.495623369
 10
630942.5887335382
 20
4836112.888438068
  0
LWPOLYLINE
  5
568
330
17
100
AcDbEntity
  8
ROADS
100
AcDbPolyline
 90
2
 70
0
 10
630742.9328875103
 20
4836085.692766905
 10
630711.4952313694
 20
4836179.244161511
  0
LWPOLYLINE
  5
569
330
17
100
AcDbEntity
  8
ROADS
100
AcDbPolyline
 90
2
 70
0
 10
630498.0428799469
 20
4836006.284570178
 10
630534.7853956603
 20
4836018.238708537
  0
LWPOLYLINE
  5
56A
330
17
100
AcDbEntity
  8
ROADS
100
AcDbPolyline
 90
2
 70
0
 10
630498.0428799469
 20
4836006.284570178
 10
630482.6532205004
 20
4836055.763883953
  0
LWPOLYLINE
  5
56B
330
17
100
AcDbEntity
  8
ROADS
100
AcDbPolyline
 90
2
 70
0
 10
630534.7853956603
 20
4836018.238708537
 10
630520.6196451769
 20
4836061.864734466
  0
LWPOLYLINE
  5
56C
330
17
100
AcDbEntity
  8
ROADS
100
AcDbPolyline
 90
2
 70
0
 10
630259.5327105706
 20
4836040.474898711
 10
630272.6956156112
 20
4836044.846187172
  0
LWPOLYLINE
  5
56D
330
17
100
AcDbEntity
  8
ROADS
100
AcDbPolyline
 90
2
 70
0
 10
630272.6956156112
 20
4836044.846187172
 10
630290.0510398597
 20
4836050.643375833
  0
LWPOLYLINE
  5
56E
330
17
100
AcDbEntity
  8
ROADS
100
AcDbPolyline
 90
2
 70
0
 10
630290.0510398597
 20
4836050.643375833
 10
630307.6474255208
 20
4836056.664937517
  0
LWPOLYLINE
  5
56F
330
17
100
AcDbEntity
  8
ROADS
100
AcDbPolyline
 90
2
 70
0
 10
630272.6956156112
 20
4836044.846187172
 10
630265.3276001078
 20
4836093.215415015
  0
LWPOLYLINE
  5
570
330
17
100
AcDbEntity
  8
ROADS
100
AcDbPolyline
 90
2
 70
0
 10
630520.6196451769
 20
4836061.864734466
 10
630561.3901915981
 20
4836082.019294501
  0
LWPOLYLINE
  5
571
330
17
100
AcDbEntity
  8
ROADS
100
AcDbPolyline
 90
2
 70
0
 10
630520.6196451769
 20
4836061.864734466
 10
630513.356763072
 20
4836084.341039261
  0
LWPOLYLINE
  5
572
330
17
100
AcDbEntity
  8
ROADS
100
AcDbPolyline
 90
2
 70
0
 10
630290.0510398597
 20
4836050.643375833
 10
630275.230322268
 20
4836095.924644671
  0
LWPOLYLINE
  5
573
330
17
100
AcDbEntity
  8
ROADS
100
AcDbPolyline
 90
2
 70
0
 10
630203.7239413494
 20
4836050.641628927
 10
630128.7967951398
 20
4836026.987315394
  0
LWPOLYLINE
  5
574
330
17
100
AcDbEntity
  8
ROADS
100
AcDbPolyline
 90
2
 70
0
 10
629988.7886620392
 20
4836000.646203162
 10
629953.5350674494
 20
4836101.927945794
  0
LWPOLYLINE
  5
575
330
17
100
AcDbEntity
  8
ROADS
100
AcDbPolyline
 90
2
 70
0
 10
630128.7967951398
 20
4836026.987315394
 10
630110.0978542495
 20
4836097.4052216895
  0
LWPOLYLINE
  5
576
330
17
100
AcDbEntity
  8
ROADS
100
AcDbPolyline
 90
2
 70
0
 10
630203.7239413494
 20
4836050.641628927
 10
630185.3164105773
 20
4836107.126831514
  0
LWPOLYLINE
  5
577
330
17
100
AcDbEntity
  8
ROADS
100
AcDbPolyline
 90
2
 70
0
 10
630110.0978542495
 20
4836097.4052216895
 10
629953.5350674494
 20
4836101.927945794
  0
LWPOLYLINE
  5
578
330
17
100
AcDbEntity
  8
ROADS
100
AcDbPolyline
 90
2
 70
0
 10
630140.9856494822
 20
4836107.161350377
 10
630110.0978542495
 20
4836097.4052216895
  0
LWPOLYLINE
  5
579
330
17
100
AcDbEntity
  8
ROADS
100
AcDbPolyline
 90
2
 70
0
 10
630185.3164105773
 20
4836107.126831514
 10
630181.0521347201
 20
4836120.344671055
  0
LWPOLYLINE
  5
57A
330
17
100
AcDbEntity
  8
ROADS
100
AcDbPolyline
 90
2
 70
0
 10
630181.0521347201
 20
4836120.344671055
 10
630140.9856494822
 20
4836107.161350377
  0
LWPOLYLINE
  5
57B
330
17
100
AcDbEntity
  8
ROADS
100
AcDbPolyline
 90
2
 70
0
 10
630110.0978542495
 20
4836097.4052216895
 10
630096.158363674
 20
4836132.389669941
  0
LWPOLYLINE
  5
57C
330
17
100
AcDbEntity
  8
ROADS
100
AcDbPolyline
 90
2
 70
0
 10
629953.5350674494
 20
4836101.927945794
 10
629942.6996087211
 20
4836129.621986386
  0
LWPOLYLINE
  5
57D
330
17
100
AcDbEntity
  8
ROADS
100
AcDbPolyline
 90
2
 70
0
 10
630307.6474255208
 20
4836056.664937517
 10
630499.021020341
 20
4836128.408017994
  0
LWPOLYLINE
  5
57E
330
17
100
AcDbEntity
  8
ROADS
100
AcDbPolyline
 90
2
 70
0
 10
630275.230322268
 20
4836095.924644671
 10
630265.3276001078
 20
4836093.215415015
  0
LWPOLYLINE
  5
57F
330
17
100
AcDbEntity
  8
ROADS
100
AcDbPolyline
 90
2
 70
0
 10
630513.356763072
 20
4836084.341039261
 10
630503.3741055235
 20
4836114.924752567
  0
LWPOLYLINE
  5
580
330
17
100
AcDbEntity
  8
ROADS
100
AcDbPolyline
 90
3
 70
0
 10
630513.356763072
 20
4836084.341039261
 10
630578.7298281612
 20
4836104.509406285
 10
630586.7276407355
 20
4836126.067556232
  0
LWPOLYLINE
  5
581
330
17
100
AcDbEntity
  8
ROADS
100
AcDbPolyline
 90
2
 70
0
 10
630293.4249314475
 20
4836102.821086373
 10
630311.954307461
 20
4836108.072464133
  0
LWPOLYLINE
  5
582
330
17
100
AcDbEntity
  8
ROADS
100
AcDbPolyline
 90
2
 70
0
 10
630265.3276001078
 20
4836093.215415015
 10
630259.9767929794
 20
4836131.200706939
  0
LWPOLYLINE
  5
583
330
17
100
AcDbEntity
  8
ROADS
100
AcDbPolyline
 90
2
 70
0
 10
630275.230322268
 20
4836095.924644671
 10
630259.9767929794
 20
4836131.200706939
  0
LWPOLYLINE
  5
584
330
17
100
AcDbEntity
  8
ROADS
100
AcDbPolyline
 90
2
 70
0
 10
630311.954307461
 20
4836108.072464133
 10
630393.1714004857
 20
4836130.401433642
  0
LWPOLYLINE
  5
585
330
17
100
AcDbEntity
  8
ROADS
100
AcDbPolyline
 90
2
 70
0
 10
630503.3741055235
 20
4836114.924752567
 10
630499.021020341
 20
4836128.408017994
  0
LWPOLYLINE
  5
586
330
17
100
AcDbEntity
  8
ROADS
100
AcDbPolyline
 90
2
 70
0
 10
630503.3741055235
 20
4836114.924752567
 10
630544.8826375325
 20
4836131.819426249
  0
LWPOLYLINE
  5
587
330
17
100
AcDbEntity
  8
ROADS
100
AcDbPolyline
 90
2
 70
0
 10
630301.069305656
 20
4836143.539191766
 10
630311.954307461
 20
4836108.072464133
  0
LWPOLYLINE
  5
588
330
17
100
AcDbEntity
  8
ROADS
100
AcDbPolyline
 90
2
 70
0
 10
630240.1696382572
 20
4836125.7478792
 10
630259.9767929794
 20
4836131.200706939
  0
LWPOLYLINE
  5
589
330
17
100
AcDbEntity
  8
ROADS
100
AcDbPolyline
 90
2
 70
0
 10
630560.6461566339
 20
4836136.001726554
 10
630586.7276407355
 20
4836126.067556232
  0
LWPOLYLINE
  5
58A
330
17
100
AcDbEntity
  8
ROADS
100
AcDbPolyline
 90
2
 70
0
 10
630499.021020341
 20
4836128.408017994
 10
630523.4591451206
 20
4836137.458501436
  0
LWPOLYLINE
  5
58B
330
17
100
AcDbEntity
  8
ROADS
100
AcDbPolyline
 90
2
 70
0
 10
630544.8826375325
 20
4836131.819426249
 10
630560.6461566339
 20
4836136.001726554
  0
LWPOLYLINE
  5
58C
330
17
100
AcDbEntity
  8
ROADS
100
AcDbPolyline
 90
2
 70
0
 10
630393.1714004857
 20
4836130.401433642
 10
630418.3694100075
 20
4836138.520586394
  0
LWPOLYLINE
  5
58D
330
17
100
AcDbEntity
  8
ROADS
100
AcDbPolyline
 90
2
 70
0
 10
630523.4591451206
 20
4836137.458501436
 10
630544.8826375325
 20
4836131.819426249
  0
LWPOLYLINE
  5
58E
330
17
100
AcDbEntity
  8
ROADS
100
AcDbPolyline
 90
2
 70
0
 10
630499.021020341
 20
4836128.408017994
 10
630494.7763853043
 20
4836142.309273816
  0
LWPOLYLINE
  5
58F
330
17
100
AcDbEntity
  8
ROADS
100
AcDbPolyline
 90
2
 70
0
 10
630586.7276407355
 20
4836126.067556232
 10
630606.4880067017
 20
4836148.084404014
  0
LWPOLYLINE
  5
590
330
17
100
AcDbEntity
  8
ROADS
100
AcDbPolyline
 90
2
 70
0
 10
630259.9767929794
 20
4836131.200706939
 10
630301.069305656
 20
4836143.539191766
  0
LWPOLYLINE
  5
591
330
17
100
AcDbEntity
  8
ROADS
100
AcDbPolyline
 90
2
 70
0
 10
631304.4747594398
 20
4835883.543517623
 10
631277.8654594906
 20
4835893.849880668
  0
LWPOLYLINE
  5
592
330
17
100
AcDbEntity
  8
ROADS
100
AcDbPolyline
 90
2
 70
0
 10
631304.4747594398
 20
4835883.543517623
 10
631294.8428545528
 20
4835896.442006043
  0
LWPOLYLINE
  5
593
330
17
100
AcDbEntity
  8
ROADS
100
AcDbPolyline
 90
2
 70
0
 10
631346.9239526682
 20
4835902.070995309
 10
631336.2698132556
 20
4835935.443857343
  0
LWPOLYLINE
  5
594
330
17
100
AcDbEntity
  8
ROADS
100
AcDbPolyline
 90
2
 70
0
 10
631243.1535754987
 20
4835773.394417334
 10
631147.1327220314
 20
4836089.437783438
  0
LWPOLYLINE
  5
595
330
17
100
AcDbEntity
  8
ROADS
100
AcDbPolyline
 90
2
 70
0
 10
631336.2698132556
 20
4835935.443857343
 10
631319.0620542553
 20
4835989.344756511
  0
LWPOLYLINE
  5
596
330
17
100
AcDbEntity
  8
ROADS
100
AcDbPolyline
 90
2
 70
0
 10
631171.2227035053
 20
4835750.082790034
 10
631036.3771853974
 20
4836179.78200358
  0
LWPOLYLINE
  5
597
330
17
100
AcDbEntity
  8
ROADS
100
AcDbPolyline
 90
2
 70
0
 10
631319.0620542553
 20
4835989.344756511
 10
631357.9270825022
 20
4836001.284293087
  0
LWPOLYLINE
  5
598
330
17
100
AcDbEntity
  8
ROADS
100
AcDbPolyline
 90
2
 70
0
 10
631319.0620542553
 20
4835989.344756511
 10
631276.1436671459
 20
4836122.988724955
  0
LWPOLYLINE
  5
599
330
17
100
AcDbEntity
  8
ROADS
100
AcDbPolyline
 90
2
 70
0
 10
631161.2762009625
 20
4836089.7455135025
 10
631180.4394278442
 20
4836074.655862078
  0
LWPOLYLINE
  5
59A
330
17
100
AcDbEntity
  8
ROADS
100
AcDbPolyline
 90
2
 70
0
 10
631147.1327220314
 20
4836089.437783438
 10
631161.2762009625
 20
4836089.7455135025
  0
LWPOLYLINE
  5
59B
330
17
100
AcDbEntity
  8
ROADS
100
AcDbPolyline
 90
2
 70
0
 10
631375.5738040209
 20
4835947.000295803
 10
631357.9270825022
 20
4836001.284293087
  0
LWPOLYLINE
  5
59C
330
17
100
AcDbEntity
  8
ROADS
100
AcDbPolyline
 90
2
 70
0
 10
631556.3882084724
 20
4835964.760585204
 10
631528.1897155693
 20
4836054.995532286
  0
LWPOLYLINE
  5
59D
330
17
100
AcDbEntity
  8
ROADS
100
AcDbPolyline
 90
2
 70
0
 10
631357.9270825022
 20
4836001.284293087
 10
631419.0273868861
 20
4836021.652458186
  0
LWPOLYLINE
  5
59E
330
17
100
AcDbEntity
  8
ROADS
100
AcDbPolyline
 90
2
 70
0
 10
631419.0273868861
 20
4836021.652458186
 10
631467.777671689
 20
4836037.491011859
  0
LWPOLYLINE
  5
59F
330
17
100
AcDbEntity
  8
ROADS
100
AcDbPolyline
 90
2
 70
0
 10
631467.777671689
 20
4836037.491011859
 10
631528.1897155693
 20
4836054.995532286
  0
LWPOLYLINE
  5
5A0
330
17
100
AcDbEntity
  8
ROADS
100
AcDbPolyline
 90
2
 70
0
 10
631419.0273868861
 20
4836021.652458186
 10
631399.8048638885
 20
4836084.159581294
  0
LWPOLYLINE
  5
5A1
330
17
100
AcDbEntity
  8
ROADS
100
AcDbPolyline
 90
2
 70
0
 10
631528.1897155693
 20
4836054.995532286
 10
631565.2452575908
 20
4836068.187715641
  0
LWPOLYLINE
  5
5A2
330
17
100
AcDbEntity
  8
ROADS
100
AcDbPolyline
 90
2
 70
0
 10
631467.777671689
 20
4836037.491011859
 10
631448.3761016689
 20
4836100.939976388
  0
LWPOLYLINE
  5
5A3
330
17
100
AcDbEntity
  8
ROADS
100
AcDbPolyline
 90
2
 70
0
 10
631528.1897155693
 20
4836054.995532286
 10
631505.739055665
 20
4836120.75955409
  0
LWPOLYLINE
  5
5A4
330
17
100
AcDbEntity
  8
ROADS
100
AcDbPolyline
 90
2
 70
0
 10
631448.3761016689
 20
4836100.939976388
 10
631399.8048638885
 20
4836084.159581294
  0
LWPOLYLINE
  5
5A5
330
17
100
AcDbEntity
  8
ROADS
100
AcDbPolyline
 90
2
 70
0
 10
631505.739055665
 20
4836120.75955409
 10
631448.3761016689
 20
4836100.939976388
  0
LWPOLYLINE
  5
5A6
330
17
100
AcDbEntity
  8
ROADS
100
AcDbPolyline
 90
2
 70
0
 10
631399.8048638885
 20
4836084.159581294
 10
631376.5347857975
 20
4836155.585182237
  0
LWPOLYLINE
  5
5A7
330
17
100
AcDbEntity
  8
ROADS
100
AcDbPolyline
 90
2
 70
0
 10
631448.3761016689
 20
4836100.939976388
 10
631425.8580094385
 20
4836171.484116645
  0
LWPOLYLINE
  5
5A8
330
17
100
AcDbEntity
  8
ROADS
100
AcDbPolyline
 90
2
 70
0
 10
631505.739055665
 20
4836120.75955409
 10
631485.2256881557
 20
4836190.275873441
  0
LWPOLYLINE
  5
5A9
330
17
100
AcDbEntity
  8
ROADS
100
AcDbPolyline
 90
2
 70
0
 10
631376.5347857975
 20
4836155.585182237
 10
631425.8580094385
 20
4836171.484116645
  0
LWPOLYLINE
  5
5AA
330
17
100
AcDbEntity
  8
ROADS
100
AcDbPolyline
 90
2
 70
0
 10
631425.8580094385
 20
4836171.484116645
 10
631441.9368300876
 20
4836176.704207056
  0
LWPOLYLINE
  5
5AB
330
17
100
AcDbEntity
  8
ROADS
100
AcDbPolyline
 90
2
 70
0
 10
631376.5347857975
 20
4836155.585182237
 10
631362.146038512
 20
4836198.488227021
  0
LWPOLYLINE
  5
5AC
330
17
100
AcDbEntity
  8
ROADS
100
AcDbPolyline
 90
2
 70
0
 10
631441.9368300876
 20
4836176.704207056
 10
631485.2256881557
 20
4836190.275873441
  0
LWPOLYLINE
  5
5AD
330
17
100
AcDbEntity
  8
ROADS
100
AcDbPolyline
 90
2
 70
0
 10
631441.9368300876
 20
4836176.704207056
 10
631428.1660464104
 20
4836219.777444788
  0
LWPOLYLINE
  5
5AE
330
17
100
AcDbEntity
  8
ROADS
100
AcDbPolyline
 90
2
 70
0
 10
631485.2256881557
 20
4836190.275873441
 10
631479.0601788263
 20
4836209.5818440635
  0
LWPOLYLINE
  5
5AF
330
17
100
AcDbEntity
  8
ROADS
100
AcDbPolyline
 90
2
 70
0
 10
631362.146038512
 20
4836198.488227021
 10
631428.1660464104
 20
4836219.777444788
  0
LWPOLYLINE
  5
5B0
330
17
100
AcDbEntity
  8
ROADS
100
AcDbPolyline
 90
2
 70
0
 10
631362.146038512
 20
4836198.488227021
 10
631352.3462283774
 20
4836230.904456804
  0
LWPOLYLINE
  5
5B1
330
17
100
AcDbEntity
  8
ROADS
100
AcDbPolyline
 90
2
 70
0
 10
631161.2762009625
 20
4836089.7455135025
 10
631209.7547260677
 20
4836108.222347191
  0
LWPOLYLINE
  5
5B2
330
17
100
AcDbEntity
  8
ROADS
100
AcDbPolyline
 90
2
 70
0
 10
631276.1436671459
 20
4836122.988724955
 10
631376.5347857975
 20
4836155.585182237
  0
LWPOLYLINE
  5
5B3
330
17
100
AcDbEntity
  8
ROADS
100
AcDbPolyline
 90
2
 70
0
 10
631147.1327220314
 20
4836089.437783438
 10
631110.2980374444
 20
4836203.376213825
  0
LWPOLYLINE
  5
5B4
330
17
100
AcDbEntity
  8
ROADS
100
AcDbPolyline
 90
2
 70
0
 10
631276.1436671459
 20
4836122.988724955
 10
631249.9511350777
 20
4836205.268262655
  0
LWPOLYLINE
  5
5B5
330
17
100
AcDbEntity
  8
ROADS
100
AcDbPolyline
 90
2
 70
0
 10
631036.3771853974
 20
4836179.78200358
 10
631110.2980374444
 20
4836203.376213825
  0
LWPOLYLINE
  5
5B6
330
17
100
AcDbEntity
  8
ROADS
100
AcDbPolyline
 90
3
 70
0
 10
631249.9511350777
 20
4836205.268262655
 10
631286.8809446226
 20
4836216.436776302
 10
631300.1231236199
 20
4836174.390075715
  0
LWPOLYLINE
  5
5B7
330
17
100
AcDbEntity
  8
ROADS
100
AcDbPolyline
 90
2
 70
0
 10
631110.2980374444
 20
4836203.376213825
 10
631237.140312603
 20
4836244.918577453
  0
LWPOLYLINE
  5
5B8
330
17
100
AcDbEntity
  8
ROADS
100
AcDbPolyline
 90
2
 70
0
 10
631249.9511350777
 20
4836205.268262655
 10
631237.140312603
 20
4836244.918577453
  0
LWPOLYLINE
  5
5B9
330
17
100
AcDbEntity
  8
ROADS
100
AcDbPolyline
 90
2
 70
0
 10
631036.3771853974
 20
4836179.78200358
 10
630994.6717447591
 20
4836308.398397988
  0
LWPOLYLINE
  5
5BA
330
17
100
AcDbEntity
  8
ROADS
100
AcDbPolyline
 90
2
 70
0
 10
631352.3462283774
 20
4836230.904456804
 10
631338.0416725831
 20
4836277.281275594
  0
LWPOLYLINE
  5
5BB
330
17
100
AcDbEntity
  8
ROADS
100
AcDbPolyline
 90
2
 70
0
 10
631479.0601788263
 20
4836209.5818440635
 10
631492.5896068977
 20
4836214.155112689
  0
LWPOLYLINE
  5
5BC
330
17
100
AcDbEntity
  8
ROADS
100
AcDbPolyline
 90
2
 70
0
 10
631428.1660464104
 20
4836219.777444788
 10
631418.0043723404
 20
4836252.129133062
  0
LWPOLYLINE
  5
5BD
330
17
100
AcDbEntity
  8
ROADS
100
AcDbPolyline
 90
2
 70
0
 10
631352.3462283774
 20
4836230.904456804
 10
631418.0043723404
 20
4836252.129133062
  0
LWPOLYLINE
  5
5BE
330
17
100
AcDbEntity
  8
ROADS
100
AcDbPolyline
 90
2
 70
0
 10
631479.0601788263
 20
4836209.5818440635
 10
631460.9936247688
 20
4836264.821037797
  0
LWPOLYLINE
  5
5BF
330
17
100
AcDbEntity
  8
ROADS
100
AcDbPolyline
 90
2
 70
0
 10
631418.0043723404
 20
4836252.129133062
 10
631403.6249342093
 20
4836298.277589232
  0
LWPOLYLINE
  5
5C0
330
17
100
AcDbEntity
  8
ROADS
100
AcDbPolyline
 90
2
 70
0
 10
631338.0416725831
 20
4836277.281275594
 10
631403.6249342093
 20
4836298.277589232
  0
LWPOLYLINE
  5
5C1
330
17
100
AcDbEntity
  8
ROADS
100
AcDbPolyline
 90
2
 70
0
 10
629620.7597375936
 20
4835851.373167096
 10
629620.7872798032
 20
4835865.005607535
  0
LWPOLYLINE
  5
5C2
330
17
100
AcDbEntity
  8
ROADS
100
AcDbPolyline
 90
2
 70
0
 10
629599.1177643465
 20
4835859.862490576
 10
629603.2298875372
 20
4835875.248396261
  0
LWPOLYLINE
  5
5C3
330
17
100
AcDbEntity
  8
ROADS
100
AcDbPolyline
 90
2
 70
0
 10
629620.7872798032
 20
4835865.005607535
 10
629603.2298875372
 20
4835875.248396261
  0
LWPOLYLINE
  5
5C4
330
17
100
AcDbEntity
  8
ROADS
100
AcDbPolyline
 90
2
 70
0
 10
629706.4388441526
 20
4835895.116185671
 10
629620.7872798032
 20
4835865.005607535
  0
LWPOLYLINE
  5
5C5
330
17
100
AcDbEntity
  8
ROADS
100
AcDbPolyline
 90
2
 70
0
 10
629603.2298875372
 20
4835875.248396261
 10
629601.6612091517
 20
4835891.320646478
  0
LWPOLYLINE
  5
5C6
330
17
100
AcDbEntity
  8
ROADS
100
AcDbPolyline
 90
2
 70
0
 10
629706.4388441526
 20
4835895.116185671
 10
629715.4184474703
 20
4835902.861065716
  0
LWPOLYLINE
  5
5C7
330
17
100
AcDbEntity
  8
ROADS
100
AcDbPolyline
 90
2
 70
0
 10
629847.0368600151
 20
4835951.30098168
 10
629715.4184474703
 20
4835902.861065716
  0
LWPOLYLINE
  5
5C8
330
17
100
AcDbEntity
  8
ROADS
100
AcDbPolyline
 90
2
 70
0
 10
629601.6612091517
 20
4835891.320646478
 10
629580.5941603283
 20
4835963.093728913
  0
LWPOLYLINE
  5
5C9
330
17
100
AcDbEntity
  8
ROADS
100
AcDbPolyline
 90
2
 70
0
 10
629601.6612091517
 20
4835891.320646478
 10
629630.8428110663
 20
4835974.09094628
  0
LWPOLYLINE
  5
5CA
330
17
100
AcDbEntity
  8
ROADS
100
AcDbPolyline
 90
3
 70
0
 10
629706.4388441526
 20
4835895.116185671
 10
629679.7187355303
 20
4835979.53696411
 10
629648.7913580388
 20
4836020.535991289
  0
LWPOLYLINE
  5
5CB
330
17
100
AcDbEntity
  8
ROADS
100
AcDbPolyline
 90
3
 70
0
 10
629715.4184474703
 20
4835902.861065716
 10
629686.0254875595
 20
4835985.880425417
 10
629648.7913580388
 20
4836020.535991289
  0
LWPOLYLINE
  5
5CC
330
17
100
AcDbEntity
  8
ROADS
100
AcDbPolyline
 90
2
 70
0
 10
629580.5941603283
 20
4835963.093728913
 10
629630.8428110663
 20
4835974.09094628
  0
LWPOLYLINE
  5
5CD
330
17
100
AcDbEntity
  8
ROADS
100
AcDbPolyline
 90
2
 70
0
 10
629580.5941603283
 20
4835963.093728913
 10
629568.8598287884
 20
4836004.053407053
  0
LWPOLYLINE
  5
5CE
330
17
100
AcDbEntity
  8
ROADS
100
AcDbPolyline
 90
2
 70
0
 10
629847.0368600151
 20
4835951.30098168
 10
629818.702576346
 20
4836039.8168935925
  0
LWPOLYLINE
  5
5CF
330
17
100
AcDbEntity
  8
ROADS
100
AcDbPolyline
 90
2
 70
0
 10
629630.8428110663
 20
4835974.09094628
 10
629648.7913580388
 20
4836020.535991289
  0
LWPOLYLINE
  5
5D0
330
17
100
AcDbEntity
  8
ROADS
100
AcDbPolyline
 90
2
 70
0
 10
629568.8598287884
 20
4836004.053407053
 10
629572.4184932397
 20
4836024.606163555
  0
LWPOLYLINE
  5
5D1
330
17
100
AcDbEntity
  8
ROADS
100
AcDbPolyline
 90
3
 70
0
 10
629530.1655948199
 20
4836008.233128343
 10
629573.1137506587
 20
4836032.172255489
 10
629622.8868031455
 20
4836036.784442894
  0
LWPOLYLINE
  5
5D2
330
17
100
AcDbEntity
  8
ROADS
100
AcDbPolyline
 90
2
 70
0
 10
629648.7913580388
 20
4836020.535991289
 10
629572.4184932397
 20
4836024.606163555
  0
LWPOLYLINE
  5
5D3
330
17
100
AcDbEntity
  8
ROADS
100
AcDbPolyline
 90
2
 70
0
 10
629648.7913580388
 20
4836020.535991289
 10
629622.8868031455
 20
4836036.784442894
  0
LWPOLYLINE
  5
5D4
330
17
100
AcDbEntity
  8
ROADS
100
AcDbPolyline
 90
3
 70
0
 10
629622.8868031455
 20
4836036.784442894
 10
629570.4142725309
 20
4836045.684382739
 10
629546.9638400638
 20
4836072.887286315
  0
LWPOLYLINE
  5
5D5
330
17
100
AcDbEntity
  8
ROADS
100
AcDbPolyline
 90
2
 70
0
 10
629247.7084599168
 20
4835851.466816346
 10
629186.6715997814
 20
4836046.22587316
  0
LWPOLYLINE
  5
5D6
330
17
100
AcDbEntity
  8
ROADS
100
AcDbPolyline
 90
3
 70
0
 10
629490.9325476886
 20
4835921.854880761
 10
629501.3282200291
 20
4835971.638249648
 10
629530.1655948199
 20
4836008.233128343
  0
LWPOLYLINE
  5
5D7
330
17
100
AcDbEntity
  8
ROADS
100
AcDbPolyline
 90
3
 70
0
 10
629554.5954946037
 20
4836017.679456664
 10
629510.9234805317
 20
4835970.111619757
 10
629501.5255260735
 20
4835923.334494124
  0
LWPOLYLINE
  5
5D8
330
17
100
AcDbEntity
  8
ROADS
100
AcDbPolyline
 90
2
 70
0
 10
629568.8598287884
 20
4836004.053407053
 10
629554.5954946037
 20
4836017.679456664
  0
LWPOLYLINE
  5
5D9
330
17
100
AcDbEntity
  8
ROADS
100
AcDbPolyline
 90
2
 70
0
 10
629572.4184932397
 20
4836024.606163555
 10
629554.5954946037
 20
4836017.679456664
  0
LWPOLYLINE
  5
5DA
330
17
100
AcDbEntity
  8
ROADS
100
AcDbPolyline
 90
2
 70
0
 10
629530.1655948199
 20
4836008.233128343
 10
629546.9638400638
 20
4836072.887286315
  0
LWPOLYLINE
  5
5DB
330
17
100
AcDbEntity
  8
ROADS
100
AcDbPolyline
 90
2
 70
0
 10
629546.9638400638
 20
4836072.887286315
 10
629515.8548283569
 20
4836170.005534664
  0
LWPOLYLINE
  5
5DC
330
17
100
AcDbEntity
  8
ROADS
100
AcDbPolyline
 90
2
 70
0
 10
629515.8548283569
 20
4836170.005534664
 10
629463.3039422769
 20
4836332.298570347
  0
LWPOLYLINE
  5
5DD
330
17
100
AcDbEntity
  8
ROADS
100
AcDbPolyline
 90
2
 70
0
 10
629463.3039422769
 20
4836332.298570347
 10
629339.3723241264
 20
4836293.473102647
  0
LWPOLYLINE
  5
5DE
330
17
100
AcDbEntity
  8
ROADS
100
AcDbPolyline
 90
2
 70
0
 10
629463.3039422769
 20
4836332.298570347
 10
629442.6993222643
 20
4836399.318294208
  0
LWPOLYLINE
  5
5DF
330
17
100
AcDbEntity
  8
ROADS
100
AcDbPolyline
 90
2
 70
0
 10
629919.5298420093
 20
4836198.518909497
 10
629736.4899727082
 20
4836141.969634295
  0
LWPOLYLINE
  5
5E0
330
17
100
AcDbEntity
  8
ROADS
100
AcDbPolyline
 90
2
 70
0
 10
629767.7408290848
 20
4836247.573991115
 10
629515.8548283569
 20
4836170.005534664
  0
LWPOLYLINE
  5
5E1
330
17
100
AcDbEntity
  8
ROADS
100
AcDbPolyline
 90
2
 70
0
 10
629889.4878536212
 20
4836282.389620279
 10
629767.7408290848
 20
4836247.573991115
  0
LWPOLYLINE
  5
5E2
330
17
100
AcDbEntity
  8
ROADS
100
AcDbPolyline
 90
2
 70
0
 10
629767.7408290848
 20
4836247.573991115
 10
629740.6710943213
 20
4836331.580408322
  0
LWPOLYLINE
  5
5E3
330
17
100
AcDbEntity
  8
ROADS
100
AcDbPolyline
 90
2
 70
0
 10
629740.6710943213
 20
4836331.580408322
 10
629681.1701441625
 20
4836312.931319198
  0
LWPOLYLINE
  5
5E4
330
17
100
AcDbEntity
  8
ROADS
100
AcDbPolyline
 90
2
 70
0
 10
629800.1478800569
 20
4836349.520017545
 10
629740.6710943213
 20
4836331.580408322
  0
LWPOLYLINE
  5
5E5
330
17
100
AcDbEntity
  8
ROADS
100
AcDbPolyline
 90
2
 70
0
 10
629889.4878536212
 20
4836282.389620279
 10
629836.8661079749
 20
4836449.037843539
  0
LWPOLYLINE
  5
5E6
330
17
100
AcDbEntity
  8
ROADS
100
AcDbPolyline
 90
2
 70
0
 10
629740.6710943213
 20
4836331.580408322
 10
629715.9616342182
 20
4836410.823156591
  0
LWPOLYLINE
  5
5E7
330
17
100
AcDbEntity
  8
ROADS
100
AcDbPolyline
 90
2
 70
0
 10
629715.9616342182
 20
4836410.823156591
 10
629463.3039422769
 20
4836332.298570347
  0
LWPOLYLINE
  5
5E8
330
17
100
AcDbEntity
  8
ROADS
100
AcDbPolyline
 90
2
 70
0
 10
629748.837113693
 20
4836422.482374216
 10
629715.9616342182
 20
4836410.823156591
  0
LWPOLYLINE
  5
5E9
330
17
100
AcDbEntity
  8
ROADS
100
AcDbPolyline
 90
2
 70
0
 10
629836.8661079749
 20
4836449.037843539
 10
629748.837113693
 20
4836422.482374216
  0
LWPOLYLINE
  5
5EA
330
17
100
AcDbEntity
  8
ROADS
100
AcDbPolyline
 90
2
 70
0
 10
629748.837113693
 20
4836422.482374216
 10
629729.3150990766
 20
4836484.352704126
  0
LWPOLYLINE
  5
5EB
330
17
100
AcDbEntity
  8
ROADS
100
AcDbPolyline
 90
2
 70
0
 10
629729.3150990766
 20
4836484.352704126
 10
629636.0865837933
 20
4836455.872089353
  0
LWPOLYLINE
  5
5EC
330
17
100
AcDbEntity
  8
ROADS
100
AcDbPolyline
 90
2
 70
0
 10
629719.9670322866
 20
4836515.347836934
 10
629503.5947335358
 20
4836448.548773267
  0
LWPOLYLINE
  5
5ED
330
17
100
AcDbEntity
  8
ROADS
100
AcDbPolyline
 90
2
 70
0
 10
629836.8661079749
 20
4836449.037843539
 10
629817.4252786919
 20
4836511.893224886
  0
LWPOLYLINE
  5
5EE
330
17
100
AcDbEntity
  8
ROADS
100
AcDbPolyline
 90
2
 70
0
 10
629817.4252786919
 20
4836511.893224886
 10
629729.3150990766
 20
4836484.352704126
  0
LWPOLYLINE
  5
5EF
330
17
100
AcDbEntity
  8
ROADS
100
AcDbPolyline
 90
2
 70
0
 10
629729.3150990766
 20
4836484.352704126
 10
629719.9670322866
 20
4836515.347836934
  0
LWPOLYLINE
  5
5F0
330
17
100
AcDbEntity
  8
ROADS
100
AcDbPolyline
 90
2
 70
0
 10
629817.4252786919
 20
4836511.893224886
 10
629807.4837680428
 20
4836542.689121219
  0
LWPOLYLINE
  5
5F1
330
17
100
AcDbEntity
  8
ROADS
100
AcDbPolyline
 90
2
 70
0
 10
629807.4837680428
 20
4836542.689121219
 10
629719.9670322866
 20
4836515.347836934
  0
LWPOLYLINE
  5
5F2
330
17
100
AcDbEntity
  8
ROADS
100
AcDbPolyline
 90
2
 70
0
 10
629719.9670322866
 20
4836515.347836934
 10
629703.406356569
 20
4836566.102793195
  0
LWPOLYLINE
  5
5F3
330
17
100
AcDbEntity
  8
ROADS
100
AcDbPolyline
 90
2
 70
0
 10
630185.3164105773
 20
4836107.126831514
 10
630240.1696382572
 20
4836125.7478792
  0
LWPOLYLINE
  5
5F4
330
17
100
AcDbEntity
  8
ROADS
100
AcDbPolyline
 90
2
 70
0
 10
630140.9856494822
 20
4836107.161350377
 10
630129.090987017
 20
4836142.992831274
  0
LWPOLYLINE
  5
5F5
330
17
100
AcDbEntity
  8
ROADS
100
AcDbPolyline
 90
2
 70
0
 10
630129.090987017
 20
4836142.992831274
 10
630096.158363674
 20
4836132.389669941
  0
LWPOLYLINE
  5
5F6
330
17
100
AcDbEntity
  8
ROADS
100
AcDbPolyline
 90
2
 70
0
 10
630003.7680454013
 20
4836146.81529407
 10
629942.6996087211
 20
4836129.621986386
  0
LWPOLYLINE
  5
5F7
330
17
100
AcDbEntity
  8
ROADS
100
AcDbPolyline
 90
2
 70
0
 10
630096.158363674
 20
4836132.389669941
 10
630083.6464818115
 20
4836170.609154401
  0
LWPOLYLINE
  5
5F8
330
17
100
AcDbEntity
  8
ROADS
100
AcDbPolyline
 90
2
 70
0
 10
630083.6464818115
 20
4836170.609154401
 10
630003.7680454013
 20
4836146.81529407
  0
LWPOLYLINE
  5
5F9
330
17
100
AcDbEntity
  8
ROADS
100
AcDbPolyline
 90
3
 70
0
 10
630003.7680454013
 20
4836146.81529407
 10
629994.945526703
 20
4836174.077700728
 10
629980.9302700202
 20
4836170.221036389
  0
LWPOLYLINE
  5
5FA
330
17
100
AcDbEntity
  8
ROADS
100
AcDbPolyline
 90
2
 70
0
 10
629942.6996087211
 20
4836129.621986386
 10
629919.5298420093
 20
4836198.518909497
  0
LWPOLYLINE
  5
5FB
330
17
100
AcDbEntity
  8
ROADS
100
AcDbPolyline
 90
2
 70
0
 10
630181.0521347201
 20
4836120.344671055
 10
630150.1015098083
 20
4836216.110867449
  0
LWPOLYLINE
  5
5FC
330
17
100
AcDbEntity
  8
ROADS
100
AcDbPolyline
 90
3
 70
0
 10
630129.090987017
 20
4836142.992831274
 10
630111.184115769
 20
4836197.672940871
 10
630078.162194471
 20
4836187.639200336
  0
LWPOLYLINE
  5
5FD
330
17
100
AcDbEntity
  8
ROADS
100
AcDbPolyline
 90
2
 70
0
 10
630083.6464818115
 20
4836170.609154401
 10
630078.162194471
 20
4836187.639200336
  0
LWPOLYLINE
  5
5FE
330
17
100
AcDbEntity
  8
ROADS
100
AcDbPolyline
 90
2
 70
0
 10
630240.1696382572
 20
4836125.7478792
 10
630204.6392227731
 20
4836233.984173642
  0
LWPOLYLINE
  5
5FF
330
17
100
AcDbEntity
  8
ROADS
100
AcDbPolyline
 90
2
 70
0
 10
629968.9483242723
 20
4836213.8664684035
 10
629919.5298420093
 20
4836198.518909497
  0
LWPOLYLINE
  5
600
330
17
100
AcDbEntity
  8
ROADS
100
AcDbPolyline
 90
2
 70
0
 10
630078.162194471
 20
4836187.639200336
 10
630060.9147386595
 20
4836241.137138299
  0
LWPOLYLINE
  5
601
330
17
100
AcDbEntity
  8
ROADS
100
AcDbPolyline
 90
2
 70
0
 10
630150.1015098083
 20
4836216.110867449
 10
630204.6392227731
 20
4836233.984173642
  0
LWPOLYLINE
  5
602
330
17
100
AcDbEntity
  8
ROADS
100
AcDbPolyline
 90
2
 70
0
 10
630060.9147386595
 20
4836241.137138299
 10
629968.9483242723
 20
4836213.8664684035
  0
LWPOLYLINE
  5
603
330
17
100
AcDbEntity
  8
ROADS
100
AcDbPolyline
 90
2
 70
0
 10
630229.2065680086
 20
4836220.84241865
 10
630215.5755137856
 20
4836238.159197915
  0
LWPOLYLINE
  5
604
330
17
100
AcDbEntity
  8
ROADS
100
AcDbPolyline
 90
2
 70
0
 10
630229.2065680086
 20
4836220.84241865
 10
630231.7597535583
 20
4836243.159664107
  0
LWPOLYLINE
  5
605
330
17
100
AcDbEntity
  8
ROADS
100
AcDbPolyline
 90
2
 70
0
 10
630204.6392227731
 20
4836233.984173642
 10
630215.5755137856
 20
4836238.159197915
  0
LWPOLYLINE
  5
606
330
17
100
AcDbEntity
  8
ROADS
100
AcDbPolyline
 90
2
 70
0
 10
630090.5404413762
 20
4836250.616440666
 10
630099.1929628259
 20
4836224.847059945
  0
LWPOLYLINE
  5
607
330
17
100
AcDbEntity
  8
ROADS
100
AcDbPolyline
 90
2
 70
0
 10
630494.7763853043
 20
4836142.309273816
 10
630523.4591451206
 20
4836137.458501436
  0
LWPOLYLINE
  5
608
330
17
100
AcDbEntity
  8
ROADS
100
AcDbPolyline
 90
2
 70
0
 10
630560.6461566339
 20
4836136.001726554
 10
630606.4880067017
 20
4836148.084404014
  0
LWPOLYLINE
  5
609
330
17
100
AcDbEntity
  8
ROADS
100
AcDbPolyline
 90
2
 70
0
 10
630380.1887668256
 20
4836169.268487288
 10
630393.1714004857
 20
4836130.401433642
  0
LWPOLYLINE
  5
60A
330
17
100
AcDbEntity
  8
ROADS
100
AcDbPolyline
 90
2
 70
0
 10
630301.069305656
 20
4836143.539191766
 10
630380.1887668256
 20
4836169.268487288
  0
LWPOLYLINE
  5
60B
330
17
100
AcDbEntity
  8
ROADS
100
AcDbPolyline
 90
3
 70
0
 10
630494.7763853043
 20
4836142.309273816
 10
630600.8485894892
 20
4836176.320979884
 10
630606.4880067017
 20
4836148.084404014
  0
LWPOLYLINE
  5
60C
330
17
100
AcDbEntity
  8
ROADS
100
AcDbPolyline
 90
2
 70
0
 10
630494.7763853043
 20
4836142.309273816
 10
630475.8084425068
 20
4836200.085481199
  0
LWPOLYLINE
  5
60D
330
17
100
AcDbEntity
  8
ROADS
100
AcDbPolyline
 90
2
 70
0
 10
630259.9767929794
 20
4836131.200706939
 10
630229.2065680086
 20
4836220.84241865
  0
LWPOLYLINE
  5
60E
330
17
100
AcDbEntity
  8
ROADS
100
AcDbPolyline
 90
2
 70
0
 10
630380.1887668256
 20
4836169.268487288
 10
630475.8084425068
 20
4836200.085481199
  0
LWPOLYLINE
  5
60F
330
17
100
AcDbEntity
  8
ROADS
100
AcDbPolyline
 90
2
 70
0
 10
630475.8084425068
 20
4836200.085481199
 10
630682.0257335008
 20
4836268.672825346
  0
LWPOLYLINE
  5
610
330
17
100
AcDbEntity
  8
ROADS
100
AcDbPolyline
 90
2
 70
0
 10
630475.8084425068
 20
4836200.085481199
 10
630441.1452071475
 20
4836308.478534524
  0
LWPOLYLINE
  5
611
330
17
100
AcDbEntity
  8
ROADS
100
AcDbPolyline
 90
2
 70
0
 10
630942.5887335382
 20
4836112.888438068
 10
631036.3771853974
 20
4836179.78200358
  0
LWPOLYLINE
  5
612
330
17
100
AcDbEntity
  8
ROADS
100
AcDbPolyline
 90
2
 70
0
 10
630606.4880067017
 20
4836148.084404014
 10
630711.4952313694
 20
4836179.244161511
  0
LWPOLYLINE
  5
613
330
17
100
AcDbEntity
  8
ROADS
100
AcDbPolyline
 90
2
 70
0
 10
630890.4705877206
 20
4836105.495623369
 10
630842.927334669
 20
4836259.9103008695
  0
LWPOLYLINE
  5
614
330
17
100
AcDbEntity
  8
ROADS
100
AcDbPolyline
 90
2
 70
0
 10
630942.5887335382
 20
4836112.888438068
 10
630891.1827397428
 20
4836275.181874684
  0
LWPOLYLINE
  5
615
330
17
100
AcDbEntity
  8
ROADS
100
AcDbPolyline
 90
2
 70
0
 10
630711.4952313694
 20
4836179.244161511
 10
630682.0257335008
 20
4836268.672825346
  0
LWPOLYLINE
  5
616
330
17
100
AcDbEntity
  8
ROADS
100
AcDbPolyline
 90
2
 70
0
 10
630842.927334669
 20
4836259.9103008695
 10
630795.7338879299
 20
4836247.411132968
  0
LWPOLYLINE
  5
617
330
17
100
AcDbEntity
  8
ROADS
100
AcDbPolyline
 90
2
 70
0
 10
630842.927334669
 20
4836259.9103008695
 10
630891.1827397428
 20
4836275.181874684
  0
LWPOLYLINE
  5
618
330
17
100
AcDbEntity
  8
ROADS
100
AcDbPolyline
 90
2
 70
0
 10
630682.0257335008
 20
4836268.672825346
 10
630827.212519259
 20
4836313.15504972
  0
LWPOLYLINE
  5
619
330
17
100
AcDbEntity
  8
ROADS
100
AcDbPolyline
 90
2
 70
0
 10
630891.1827397428
 20
4836275.181874684
 10
630994.6717447591
 20
4836308.398397988
  0
LWPOLYLINE
  5
61A
330
17
100
AcDbEntity
  8
ROADS
100
AcDbPolyline
 90
2
 70
0
 10
630682.0257335008
 20
4836268.672825346
 10
630647.1902625329
 20
4836374.614647705
  0
LWPOLYLINE
  5
61B
330
17
100
AcDbEntity
  8
ROADS
100
AcDbPolyline
 90
2
 70
0
 10
630150.1015098083
 20
4836216.110867449
 10
630134.511961059
 20
4836264.69744351
  0
LWPOLYLINE
  5
61C
330
17
100
AcDbEntity
  8
ROADS
100
AcDbPolyline
 90
2
 70
0
 10
629919.5298420093
 20
4836198.518909497
 10
629889.4878536212
 20
4836282.389620279
  0
LWPOLYLINE
  5
61D
330
17
100
AcDbEntity
  8
ROADS
100
AcDbPolyline
 90
2
 70
0
 10
630215.5755137856
 20
4836238.159197915
 10
630231.7597535583
 20
4836243.159664107
  0
LWPOLYLINE
  5
61E
330
17
100
AcDbEntity
  8
ROADS
100
AcDbPolyline
 90
2
 70
0
 10
630090.5404413762
 20
4836250.616440666
 10
630060.9147386595
 20
4836241.137138299
  0
LWPOLYLINE
  5
61F
330
17
100
AcDbEntity
  8
ROADS
100
AcDbPolyline
 90
2
 70
0
 10
630231.7597535583
 20
4836243.159664107
 10
630220.6833206293
 20
4836264.9044444915
  0
LWPOLYLINE
  5
620
330
17
100
AcDbEntity
  8
ROADS
100
AcDbPolyline
 90
2
 70
0
 10
630215.5755137856
 20
4836238.159197915
 10
630207.5990667618
 20
4836270.0662459545
  0
LWPOLYLINE
  5
621
330
17
100
AcDbEntity
  8
ROADS
100
AcDbPolyline
 90
2
 70
0
 10
629968.9483242723
 20
4836213.8664684035
 10
629941.7071542339
 20
4836296.07071281
  0
LWPOLYLINE
  5
622
330
17
100
AcDbEntity
  8
ROADS
100
AcDbPolyline
 90
2
 70
0
 10
630134.511961059
 20
4836264.69744351
 10
630090.5404413762
 20
4836250.616440666
  0
LWPOLYLINE
  5
623
330
17
100
AcDbEntity
  8
ROADS
100
AcDbPolyline
 90
2
 70
0
 10
630220.6833206293
 20
4836264.9044444915
 10
630207.5990667618
 20
4836270.0662459545
  0
LWPOLYLINE
  5
624
330
17
100
AcDbEntity
  8
ROADS
100
AcDbPolyline
 90
3
 70
0
 10
630220.6833206293
 20
4836264.9044444915
 10
630217.7509672262
 20
4836294.06049547
 10
630203.7776257149
 20
4836294.798907259
  0
LWPOLYLINE
  5
625
330
17
100
AcDbEntity
  8
ROADS
100
AcDbPolyline
 90
2
 70
0
 10
630207.5990667618
 20
4836270.0662459545
 10
630203.7776257149
 20
4836294.798907259
  0
LWPOLYLINE
  5
626
330
17
100
AcDbEntity
  8
ROADS
100
AcDbPolyline
 90
2
 70
0
 10
630060.9147386595
 20
4836241.137138299
 10
630034.6848840355
 20
4836324.1567454785
  0
LWPOLYLINE
  5
627
330
17
100
AcDbEntity
  8
ROADS
100
AcDbPolyline
 90
2
 70
0
 10
629941.7071542339
 20
4836296.07071281
 10
629889.4878536212
 20
4836282.389620279
  0
LWPOLYLINE
  5
628
330
17
100
AcDbEntity
  8
ROADS
100
AcDbPolyline
 90
2
 70
0
 10
630134.511961059
 20
4836264.69744351
 10
630109.7554543983
 20
4836341.038234219
  0
LWPOLYLINE
  5
629
330
17
100
AcDbEntity
  8
ROADS
100
AcDbPolyline
 90
2
 70
0
 10
630007.9041033847
 20
4836316.6290122075
 10
629941.7071542339
 20
4836296.07071281
  0
LWPOLYLINE
  5
62A
330
17
100
AcDbEntity
  8
ROADS
100
AcDbPolyline
 90
3
 70
0
 10
630151.592452683
 20
4836348.06015744
 10
630171.3549679266
 20
4836287.905211616
 10
630192.2864306765
 20
4836295.760212473
  0
LWPOLYLINE
  5
62B
330
17
100
AcDbEntity
  8
ROADS
100
AcDbPolyline
 90
2
 70
0
 10
630203.7776257149
 20
4836294.798907259
 10
630187.5606962816
 20
4836343.735169183
  0
LWPOLYLINE
  5
62C
330
17
100
AcDbEntity
  8
ROADS
100
AcDbPolyline
 90
2
 70
0
 10
630034.6848840355
 20
4836324.1567454785
 10
630007.9041033847
 20
4836316.6290122075
  0
LWPOLYLINE
  5
62D
330
17
100
AcDbEntity
  8
ROADS
100
AcDbPolyline
 90
2
 70
0
 10
630109.7554543983
 20
4836341.038234219
 10
630034.6848840355
 20
4836324.1567454785
  0
LWPOLYLINE
  5
62E
330
17
100
AcDbEntity
  8
ROADS
100
AcDbPolyline
 90
2
 70
0
 10
630109.7554543983
 20
4836341.038234219
 10
630151.592452683
 20
4836348.06015744
  0
LWPOLYLINE
  5
62F
330
17
100
AcDbEntity
  8
ROADS
100
AcDbPolyline
 90
2
 70
0
 10
630231.7597535583
 20
4836243.159664107
 10
630441.1452071475
 20
4836308.478534524
  0
LWPOLYLINE
  5
630
330
17
100
AcDbEntity
  8
ROADS
100
AcDbPolyline
 90
3
 70
0
 10
630484.473690252
 20
4836322.561432786
 10
630504.4685301775
 20
4836267.893519969
 10
630568.382186527
 20
4836288.354557118
  0
LWPOLYLINE
  5
631
330
17
100
AcDbEntity
  8
ROADS
100
AcDbPolyline
 90
2
 70
0
 10
630441.1452071475
 20
4836308.478534524
 10
630484.473690252
 20
4836322.561432786
  0
LWPOLYLINE
  5
632
330
17
100
AcDbEntity
  8
ROADS
100
AcDbPolyline
 90
2
 70
0
 10
630484.473690252
 20
4836322.561432786
 10
630647.1902625329
 20
4836374.614647705
  0
LWPOLYLINE
  5
633
330
17
100
AcDbEntity
  8
ROADS
100
AcDbPolyline
 90
2
 70
0
 10
630484.473690252
 20
4836322.561432786
 10
630464.3000299063
 20
4836380.094311393
  0
LWPOLYLINE
  5
634
330
17
100
AcDbEntity
  8
ROADS
100
AcDbPolyline
 90
4
 70
0
 10
630253.6052608518
 20
4836380.853913635
 10
630272.4705638061
 20
4836320.237696661
 10
630361.1639879884
 20
4836347.167217972
 10
630340.6333964331
 20
4836408.345380396
  0
LWPOLYLINE
  5
635
330
17
100
AcDbEntity
  8
ROADS
100
AcDbPolyline
 90
2
 70
0
 10
630441.1452071475
 20
4836308.478534524
 10
630402.7852486593
 20
4836426.629424867
  0
LWPOLYLINE
  5
636
330
17
100
AcDbEntity
  8
ROADS
100
AcDbPolyline
 90
2
 70
0
 10
630464.3000299063
 20
4836380.094311393
 10
630493.4619619799
 20
4836389.450242845
  0
LWPOLYLINE
  5
637
330
17
100
AcDbEntity
  8
ROADS
100
AcDbPolyline
 90
2
 70
0
 10
630253.6052608518
 20
4836380.853913635
 10
630340.6333964331
 20
4836408.345380396
  0
LWPOLYLINE
  5
638
330
17
100
AcDbEntity
  8
ROADS
100
AcDbPolyline
 90
2
 70
0
 10
630464.3000299063
 20
4836380.094311393
 10
630444.395133668
 20
4836439.410670396
  0
LWPOLYLINE
  5
639
330
17
100
AcDbEntity
  8
ROADS
100
AcDbPolyline
 90
2
 70
0
 10
630187.5606962816
 20
4836343.735169183
 10
630178.9081316025
 20
4836356.840656128
  0
LWPOLYLINE
  5
63A
330
17
100
AcDbEntity
  8
ROADS
100
AcDbPolyline
 90
2
 70
0
 10
630187.5606962816
 20
4836343.735169183
 10
630190.1595376148
 20
4836360.457341964
  0
LWPOLYLINE
  5
63B
330
17
100
AcDbEntity
  8
ROADS
100
AcDbPolyline
 90
2
 70
0
 10
630151.592452683
 20
4836348.06015744
 10
630178.9081316025
 20
4836356.840656128
  0
LWPOLYLINE
  5
63C
330
17
100
AcDbEntity
  8
ROADS
100
AcDbPolyline
 90
2
 70
0
 10
630007.9041033847
 20
4836316.6290122075
 10
629982.355171143
 20
4836398.050799828
  0
LWPOLYLINE
  5
63D
330
17
100
AcDbEntity
  8
ROADS
100
AcDbPolyline
 90
2
 70
0
 10
630178.9081316025
 20
4836356.840656128
 10
630190.1595376148
 20
4836360.457341964
  0
LWPOLYLINE
  5
63E
330
17
100
AcDbEntity
  8
ROADS
100
AcDbPolyline
 90
2
 70
0
 10
630190.1595376148
 20
4836360.457341964
 10
630253.6052608518
 20
4836380.853913635
  0
LWPOLYLINE
  5
63F
330
17
100
AcDbEntity
  8
ROADS
100
AcDbPolyline
 90
2
 70
0
 10
630151.592452683
 20
4836348.06015744
 10
630134.119025506
 20
4836398.373788546
  0
LWPOLYLINE
  5
640
330
17
100
AcDbEntity
  8
ROADS
100
AcDbPolyline
 90
2
 70
0
 10
630109.7554543983
 20
4836341.038234219
 10
630085.3180673476
 20
4836418.644873122
  0
LWPOLYLINE
  5
641
330
17
100
AcDbEntity
  8
ROADS
100
AcDbPolyline
 90
2
 70
0
 10
629982.355171143
 20
4836398.050799828
 10
629970.8654765394
 20
4836436.317746995
  0
LWPOLYLINE
  5
642
330
17
100
AcDbEntity
  8
ROADS
100
AcDbPolyline
 90
4
 70
0
 10
629982.355171143
 20
4836398.050799828
 10
630035.2922924194
 20
4836414.787107612
 10
630022.9400914176
 20
4836452.525428409
 10
629970.8654765394
 20
4836436.317746995
  0
LWPOLYLINE
  5
643
330
17
100
AcDbEntity
  8
ROADS
100
AcDbPolyline
 90
2
 70
0
 10
630784.454793548
 20
4836311.6958752
 10
630771.0083734557
 20
4836354.501868185
  0
LWPOLYLINE
  5
644
330
17
100
AcDbEntity
  8
ROADS
100
AcDbPolyline
 90
2
 70
0
 10
630994.6717447591
 20
4836308.398397988
 10
630977.980844504
 20
4836360.813460181
  0
LWPOLYLINE
  5
645
330
17
100
AcDbEntity
  8
ROADS
100
AcDbPolyline
 90
2
 70
0
 10
630827.212519259
 20
4836313.15504972
 10
630977.980844504
 20
4836360.813460181
  0
LWPOLYLINE
  5
646
330
17
100
AcDbEntity
  8
ROADS
100
AcDbPolyline
 90
3
 70
0
 10
630827.212519259
 20
4836313.15504972
 10
630811.405914222
 20
4836363.6219321685
 10
630858.2580612437
 20
4836379.1781688705
  0
LWPOLYLINE
  5
647
330
17
100
AcDbEntity
  8
ROADS
100
AcDbPolyline
 90
2
 70
0
 10
630771.0083734557
 20
4836354.501868185
 10
630793.4887995735
 20
4836361.509830887
  0
LWPOLYLINE
  5
648
330
17
100
AcDbEntity
  8
ROADS
100
AcDbPolyline
 90
2
 70
0
 10
630771.0083734557
 20
4836354.501868185
 10
630754.1143441785
 20
4836404.794066481
  0
LWPOLYLINE
  5
649
330
17
100
AcDbEntity
  8
ROADS
100
AcDbPolyline
 90
2
 70
0
 10
630647.1902625329
 20
4836374.614647705
 10
630754.1143441785
 20
4836404.794066481
  0
LWPOLYLINE
  5
64A
330
17
100
AcDbEntity
  8
ROADS
100
AcDbPolyline
 90
2
 70
0
 10
630977.980844504
 20
4836360.813460181
 10
630943.6970794599
 20
4836465.913280924
  0
LWPOLYLINE
  5
64B
330
17
100
AcDbEntity
  8
ROADS
100
AcDbPolyline
 90
2
 70
0
 10
630754.1143441785
 20
4836404.794066481
 10
630739.4105734124
 20
4836449.798477756
  0
LWPOLYLINE
  5
64C
330
17
100
AcDbEntity
  8
ROADS
100
AcDbPolyline
 90
2
 70
0
 10
630647.1902625329
 20
4836374.614647705
 10
630608.271509292
 20
4836493.855578874
  0
LWPOLYLINE
  5
64D
330
17
100
AcDbEntity
  8
ROADS
100
AcDbPolyline
 90
2
 70
0
 10
629970.8654765394
 20
4836436.317746995
 10
629955.2249829586
 20
4836483.738284385
  0
LWPOLYLINE
  5
64E
330
17
100
AcDbEntity
  8
ROADS
100
AcDbPolyline
 90
2
 70
0
 10
630085.3180673476
 20
4836418.644873122
 10
630375.9082259069
 20
4836509.20937049
  0
LWPOLYLINE
  5
64F
330
17
100
AcDbEntity
  8
ROADS
100
AcDbPolyline
 90
2
 70
0
 10
630085.3180673476
 20
4836418.644873122
 10
630052.880545222
 20
4836511.076896752
  0
LWPOLYLINE
  5
650
330
17
100
AcDbEntity
  8
ROADS
100
AcDbPolyline
 90
2
 70
0
 10
629955.2249829586
 20
4836483.738284385
 10
629836.8661079749
 20
4836449.037843539
  0
LWPOLYLINE
  5
651
330
17
100
AcDbEntity
  8
ROADS
100
AcDbPolyline
 90
2
 70
0
 10
630004.8304378045
 20
4836496.184063568
 10
629955.2249829586
 20
4836483.738284385
  0
LWPOLYLINE
  5
652
330
17
100
AcDbEntity
  8
ROADS
100
AcDbPolyline
 90
2
 70
0
 10
630052.880545222
 20
4836511.076896752
 10
630004.8304378045
 20
4836496.184063568
  0
LWPOLYLINE
  5
653
330
17
100
AcDbEntity
  8
ROADS
100
AcDbPolyline
 90
3
 70
0
 10
630004.8304378045
 20
4836496.184063568
 10
629983.4251950654
 20
4836562.482697278
 10
629817.4252786919
 20
4836511.893224886
  0
LWPOLYLINE
  5
654
330
17
100
AcDbEntity
  8
ROADS
100
AcDbPolyline
 90
2
 70
0
 10
630052.880545222
 20
4836511.076896752
 10
630259.5052375449
 20
4836579.321692634
  0
LWPOLYLINE
  5
655
330
17
100
AcDbEntity
  8
ROADS
100
AcDbPolyline
 90
2
 70
0
 10
630052.880545222
 20
4836511.076896752
 10
630023.4530617475
 20
4836609.93277983
  0
LWPOLYLINE
  5
656
330
17
100
AcDbEntity
  8
ROADS
100
AcDbPolyline
 90
2
 70
0
 10
630023.4530617475
 20
4836609.93277983
 10
629925.0002645163
 20
4836577.62737793
  0
LWPOLYLINE
  5
657
330
17
100
AcDbEntity
  8
ROADS
100
AcDbPolyline
 90
2
 70
0
 10
630340.6333964331
 20
4836408.345380396
 10
630402.7852486593
 20
4836426.629424867
  0
LWPOLYLINE
  5
658
330
17
100
AcDbEntity
  8
ROADS
100
AcDbPolyline
 90
2
 70
0
 10
630402.7852486593
 20
4836426.629424867
 10
630444.395133668
 20
4836439.410670396
  0
LWPOLYLINE
  5
659
330
17
100
AcDbEntity
  8
ROADS
100
AcDbPolyline
 90
2
 70
0
 10
630444.395133668
 20
4836439.410670396
 10
630608.271509292
 20
4836493.855578874
  0
LWPOLYLINE
  5
65A
330
17
100
AcDbEntity
  8
ROADS
100
AcDbPolyline
 90
2
 70
0
 10
630402.7852486593
 20
4836426.629424867
 10
630375.9082259069
 20
4836509.20937049
  0
LWPOLYLINE
  5
65B
330
17
100
AcDbEntity
  8
ROADS
100
AcDbPolyline
 90
2
 70
0
 10
630375.9082259069
 20
4836509.20937049
 10
630483.5946977984
 20
4836542.793838328
  0
LWPOLYLINE
  5
65C
330
17
100
AcDbEntity
  8
ROADS
100
AcDbPolyline
 90
2
 70
0
 10
630375.9082259069
 20
4836509.20937049
 10
630343.5579995029
 20
4836607.844487026
  0
LWPOLYLINE
  5
65D
330
17
100
AcDbEntity
  8
ROADS
100
AcDbPolyline
 90
2
 70
0
 10
630608.271509292
 20
4836493.855578874
 10
630551.4612028588
 20
4836674.609409453
  0
LWPOLYLINE
  5
65E
330
17
100
AcDbEntity
  8
ROADS
100
AcDbPolyline
 90
2
 70
0
 10
630259.5052375449
 20
4836579.321692634
 10
630343.5579995029
 20
4836607.844487026
  0
LWPOLYLINE
  5
65F
330
17
100
AcDbEntity
  8
ROADS
100
AcDbPolyline
 90
2
 70
0
 10
630343.5579995029
 20
4836607.844487026
 10
630406.439823867
 20
4836628.482935832
  0
LWPOLYLINE
  5
660
330
17
100
AcDbEntity
  8
ROADS
100
AcDbPolyline
 90
2
 70
0
 10
630259.5052375449
 20
4836579.321692634
 10
630223.1200294563
 20
4836689.470627747
  0
LWPOLYLINE
  5
661
330
17
100
AcDbEntity
  8
ROADS
100
AcDbPolyline
 90
2
 70
0
 10
630766.0734961691
 20
4836543.213339584
 10
630741.9482239679
 20
4836616.689460764
  0
LWPOLYLINE
  5
662
330
17
100
AcDbEntity
  8
ROADS
100
AcDbPolyline
 90
3
 70
0
 10
630608.271509292
 20
4836493.855578874
 10
630648.5721363298
 20
4836610.015634821
 10
630644.6759074663
 20
4836696.992187465
  0
LWPOLYLINE
  5
663
330
17
100
AcDbEntity
  8
ROADS
100
AcDbPolyline
 90
2
 70
0
 10
630691.8598616904
 20
4836601.686721707
 10
630741.9482239679
 20
4836616.689460764
  0
LWPOLYLINE
  5
664
330
17
100
AcDbEntity
  8
ROADS
100
AcDbPolyline
 90
2
 70
0
 10
630903.8489930392
 20
4836587.764695073
 10
630886.6193309306
 20
4836641.766104135
  0
LWPOLYLINE
  5
665
330
17
100
AcDbEntity
  8
ROADS
100
AcDbPolyline
 90
2
 70
0
 10
630741.9482239679
 20
4836616.689460764
 10
630880.1751654624
 20
4836661.770044781
  0
LWPOLYLINE
  5
666
330
17
100
AcDbEntity
  8
ROADS
100
AcDbPolyline
 90
2
 70
0
 10
630886.6193309306
 20
4836641.766104135
 10
630953.7817931264
 20
4836645.249779977
  0
LWPOLYLINE
  5
667
330
17
100
AcDbEntity
  8
ROADS
100
AcDbPolyline
 90
2
 70
0
 10
630886.6193309306
 20
4836641.766104135
 10
630880.1751654624
 20
4836661.770044781
  0
LWPOLYLINE
  5
668
330
17
100
AcDbEntity
  8
ROADS
100
AcDbPolyline
 90
2
 70
0
 10
630691.8598616904
 20
4836601.686721707
 10
630674.3240620088
 20
4836695.962723826
  0
LWPOLYLINE
  5
669
330
17
100
AcDbEntity
  8
ROADS
100
AcDbPolyline
 90
2
 70
0
 10
629925.0002645163
 20
4836577.62737793
 10
629914.4915319143
 20
4836610.202650966
  0
LWPOLYLINE
  5
66A
330
17
100
AcDbEntity
  8
ROADS
100
AcDbPolyline
 90
2
 70
0
 10
629914.4915319143
 20
4836610.202650966
 10
629903.6108819406
 20
4836606.988691424
  0
LWPOLYLINE
  5
66B
330
17
100
AcDbEntity
  8
ROADS
100
AcDbPolyline
 90
2
 70
0
 10
630023.4530617475
 20
4836609.93277983
 10
630018.3631262738
 20
4836627.717999384
  0
LWPOLYLINE
  5
66C
330
17
100
AcDbEntity
  8
ROADS
100
AcDbPolyline
 90
2
 70
0
 10
630018.3631262738
 20
4836627.717999384
 10
630127.7469036954
 20
4836662.557249695
  0
LWPOLYLINE
  5
66D
330
17
100
AcDbEntity
  8
ROADS
100
AcDbPolyline
 90
3
 70
0
 10
629951.2190096818
 20
4836650.426219108
 10
629959.5716833484
 20
4836624.029721654
 10
629914.4915319143
 20
4836610.202650966
  0
LWPOLYLINE
  5
66E
330
17
100
AcDbEntity
  8
ROADS
100
AcDbPolyline
 90
2
 70
0
 10
630018.3631262738
 20
4836627.717999384
 10
630005.6021682583
 20
4836667.321144603
  0
LWPOLYLINE
  5
66F
330
17
100
AcDbEntity
  8
ROADS
100
AcDbPolyline
 90
2
 70
0
 10
630127.7469036954
 20
4836662.557249695
 10
630223.1200294563
 20
4836689.470627747
  0
LWPOLYLINE
  5
670
330
17
100
AcDbEntity
  8
ROADS
100
AcDbPolyline
 90
2
 70
0
 10
630223.1200294563
 20
4836689.470627747
 10
630237.0573773482
 20
4836693.81994274
  0
LWPOLYLINE
  5
671
330
17
100
AcDbEntity
  8
ROADS
100
AcDbPolyline
 90
2
 70
0
 10
629925.0002645163
 20
4836577.62737793
 10
629807.4837680428
 20
4836542.689121219
  0
LWPOLYLINE
  5
672
330
17
100
AcDbEntity
  8
ROADS
100
AcDbPolyline
 90
2
 70
0
 10
629807.4837680428
 20
4836542.689121219
 10
629788.9892741326
 20
4836598.653910736
  0
LWPOLYLINE
  5
673
330
17
100
AcDbEntity
  8
ROADS
100
AcDbPolyline
 90
2
 70
0
 10
629743.41719508
 20
4836581.834311278
 10
629750.2585832204
 20
4836557.356456249
  0
LWPOLYLINE
  5
674
330
17
100
AcDbEntity
  8
ROADS
100
AcDbPolyline
 90
2
 70
0
 10
630406.439823867
 20
4836628.482935832
 10
630551.4612028588
 20
4836674.609409453
  0
LWPOLYLINE
  5
675
330
17
100
AcDbEntity
  8
ROADS
100
AcDbPolyline
 90
2
 70
0
 10
630343.5579995029
 20
4836607.844487026
 10
630307.6366385573
 20
4836717.200777475
  0
LWPOLYLINE
  5
676
330
17
100
AcDbEntity
  8
ROADS
100
AcDbPolyline
 90
2
 70
0
 10
630307.6366385573
 20
4836717.200777475
 10
630335.3084548541
 20
4836725.043447557
  0
LWPOLYLINE
  5
677
330
17
100
AcDbEntity
  8
ROADS
100
AcDbPolyline
 90
2
 70
0
 10
630368.5984933085
 20
4836727.144544014
 10
630406.439823867
 20
4836628.482935832
  0
LWPOLYLINE
  5
678
330
17
100
AcDbEntity
  8
ROADS
100
AcDbPolyline
 90
2
 70
0
 10
630551.4612028588
 20
4836674.609409453
 10
630633.5663051822
 20
4836698.824797243
  0
LWPOLYLINE
  5
679
330
17
100
AcDbEntity
  8
ROADS
100
AcDbPolyline
 90
2
 70
0
 10
630237.0573773482
 20
4836693.81994274
 10
630260.1004883922
 20
4836701.011104874
  0
LWPOLYLINE
  5
67A
330
17
100
AcDbEntity
  8
ROADS
100
AcDbPolyline
 90
2
 70
0
 10
630260.1004883922
 20
4836701.011104874
 10
630240.970529446
 20
4836714.609454409
  0
LWPOLYLINE
  5
67B
330
17
100
AcDbEntity
  8
ROADS
100
AcDbPolyline
 90
3
 70
0
 10
630238.9086643301
 20
4836714.27463799
 10
630227.9945514742
 20
4836705.941934939
 10
630237.0573773482
 20
4836693.81994274
  0
LWPOLYLINE
  5
67C
330
17
100
AcDbEntity
  8
ROADS
100
AcDbPolyline
 90
2
 70
0
 10
630260.1004883922
 20
4836701.011104874
 10
630307.6366385573
 20
4836717.200777475
  0
LWPOLYLINE
  5
67D
330
17
100
AcDbEntity
  8
ROADS
100
AcDbPolyline
 90
2
 70
0
 10
630307.6366385573
 20
4836717.200777475
 10
630301.2849797828
 20
4836722.896060344
  0
LWPOLYLINE
  5
67E
330
17
100
AcDbEntity
  8
ROADS
100
AcDbPolyline
 90
2
 70
0
 10
630307.6366385573
 20
4836717.200777475
 10
630315.6812605266
 20
4836723.804679735
  0
LWPOLYLINE
  5
67F
330
17
100
AcDbEntity
  8
ROADS
100
AcDbPolyline
 90
2
 70
0
 10
630223.1200294563
 20
4836689.470627747
 10
630217.499601485
 20
4836710.798122611
  0
LWPOLYLINE
  5
680
330
17
100
AcDbEntity
  8
ROADS
100
AcDbPolyline
 90
2
 70
0
 10
630117.984269524
 20
4836694.564807929
 10
630127.7469036954
 20
4836662.557249695
  0
LWPOLYLINE
  5
681
330
17
100
AcDbEntity
  8
ROADS
100
AcDbPolyline
 90
2
 70
0
 10
630880.1751654624
 20
4836661.770044781
 10
630878.5132560319
 20
4836667.209476212
  0
LWPOLYLINE
  5
682
330
17
100
AcDbEntity
  8
ROADS
100
AcDbPolyline
 90
2
 70
0
 10
631403.6249342093
 20
4836298.277589232
 10
631429.9559657675
 20
4836305.763330556
  0
LWPOLYLINE
  5
683
330
17
100
AcDbEntity
  8
ROADS
100
AcDbPolyline
 90
2
 70
0
 10
631392.3624458072
 20
4836352.990630902
 10
631388.5508868385
 20
4836351.702024299
  0
LWPOLYLINE
  5
684
330
17
100
AcDbEntity
  8
ROADS
100
AcDbPolyline
 90
2
 70
0
 10
631237.140312603
 20
4836244.918577453
 10
631338.0416725831
 20
4836277.281275594
  0
LWPOLYLINE
  5
685
330
17
100
AcDbEntity
  8
ROADS
100
AcDbPolyline
 90
2
 70
0
 10
631110.2980374444
 20
4836203.376213825
 10
631053.0846404221
 20
4836376.947546918
  0
LWPOLYLINE
  5
686
330
17
100
AcDbEntity
  8
ROADS
100
AcDbPolyline
 90
2
 70
0
 10
630977.980844504
 20
4836360.813460181
 10
631053.0846404221
 20
4836376.947546918
  0
LWPOLYLINE
  5
687
330
17
100
AcDbEntity
  8
ROADS
100
AcDbPolyline
 90
2
 70
0
 10
631053.0846404221
 20
4836376.947546918
 10
631180.1769792575
 20
4836424.015898809
  0
LWPOLYLINE
  5
688
330
17
100
AcDbEntity
  8
ROADS
100
AcDbPolyline
 90
2
 70
0
 10
631180.1769792575
 20
4836424.015898809
 10
631168.5005588612
 20
4836459.167376233
  0
LWPOLYLINE
  5
689
330
17
100
AcDbEntity
  8
ROADS
100
AcDbPolyline
 90
3
 70
0
 10
631180.1769792575
 20
4836424.015898809
 10
631273.2752265007
 20
4836464.647173326
 10
631274.547985435
 20
4836467.601764342
  0
LWPOLYLINE
  5
68A
330
17
100
AcDbEntity
  8
ROADS
100
AcDbPolyline
 90
2
 70
0
 10
631137.6141453469
 20
4836548.883541102
 10
631132.1650428112
 20
4836565.545480004
  0
LWPOLYLINE
  5
68B
330
17
100
AcDbEntity
  8
ROADS
100
AcDbPolyline
 90
2
 70
0
 10
630754.1143441785
 20
4836404.794066481
 10
630943.6970794599
 20
4836465.913280924
  0
LWPOLYLINE
  5
68C
330
17
100
AcDbEntity
  8
ROADS
100
AcDbPolyline
 90
3
 70
0
 10
630739.4105734124
 20
4836449.798477756
 10
630690.6441968303
 20
4836435.022682474
 10
630680.0656047806
 20
4836466.92572262
  0
LWPOLYLINE
  5
68D
330
17
100
AcDbEntity
  8
ROADS
100
AcDbPolyline
 90
2
 70
0
 10
630739.4105734124
 20
4836449.798477756
 10
630715.5434388202
 20
4836526.919530776
  0
LWPOLYLINE
  5
68E
330
17
100
AcDbEntity
  8
ROADS
100
AcDbPolyline
 90
2
 70
0
 10
630943.6970794599
 20
4836465.913280924
 10
630920.7892961851
 20
4836535.883203584
  0
LWPOLYLINE
  5
68F
330
17
100
AcDbEntity
  8
ROADS
100
AcDbPolyline
 90
2
 70
0
 10
631053.0846404221
 20
4836376.947546918
 10
630968.8429413297
 20
4836640.120319839
  0
LWPOLYLINE
  5
690
330
17
100
AcDbEntity
  8
ROADS
100
AcDbPolyline
 90
2
 70
0
 10
630715.5434388202
 20
4836526.919530776
 10
630766.0734961691
 20
4836543.213339584
  0
LWPOLYLINE
  5
691
330
17
100
AcDbEntity
  8
ROADS
100
AcDbPolyline
 90
2
 70
0
 10
630920.7892961851
 20
4836535.883203584
 10
630931.742730597
 20
4836539.885543602
  0
LWPOLYLINE
  5
692
330
17
100
AcDbEntity
  8
ROADS
100
AcDbPolyline
 90
2
 70
0
 10
630920.7892961851
 20
4836535.883203584
 10
630903.8489930392
 20
4836587.764695073
  0
LWPOLYLINE
  5
693
330
17
100
AcDbEntity
  8
ROADS
100
AcDbPolyline
 90
2
 70
0
 10
630715.5434388202
 20
4836526.919530776
 10
630691.8598616904
 20
4836601.686721707
  0
LWPOLYLINE
  5
694
330
17
100
AcDbEntity
  8
ROADS
100
AcDbPolyline
 90
2
 70
0
 10
630766.0734961691
 20
4836543.213339584
 10
630903.8489930392
 20
4836587.764695073
  0
LWPOLYLINE
  5
695
330
17
100
AcDbEntity
  8
ROADS
100
AcDbPolyline
 90
2
 70
0
 10
631681.6562509598
 20
4835566.274918153
 10
631665.1602011244
 20
4835622.487343336
  0
LWPOLYLINE
  5
696
330
17
100
AcDbEntity
  8
ROADS
100
AcDbPolyline
 90
3
 70
0
 10
631716.8818855053
 20
4834167.415765898
 10
631717.6237887361
 20
4834157.022392334
 10
631758.4823329913
 20
4834170.496875447
  0
LWPOLYLINE
  5
697
330
17
100
AcDbEntity
  8
ROADS
100
AcDbPolyline
 90
2
 70
0
 10
631702.2726782619
 20
4834158.901081617
 10
631701.3185284329
 20
4834172.018323578
  0
LWPOLYLINE
  5
698
330
17
100
AcDbEntity
  8
ROADS
100
AcDbPolyline
 90
2
 70
0
 10
631670.1529194103
 20
4834189.51685791
 10
631705.1910557924
 20
4834201.772054052
  0
LWPOLYLINE
  5
699
330
17
100
AcDbEntity
  8
ROADS
100
AcDbPolyline
 90
2
 70
0
 10
631773.7644399999
 20
4834196.581550239
 10
631767.300919686
 20
4834223.561264087
  0
LWPOLYLINE
  5
69A
330
17
100
AcDbEntity
  8
ROADS
100
AcDbPolyline
 90
2
 70
0
 10
631750.1810181563
 20
4834188.52603189
 10
631743.8704453227
 20
4834215.3011604315
  0
LWPOLYLINE
  5
69B
330
17
100
AcDbEntity
  8
ROADS
100
AcDbPolyline
 90
2
 70
0
 10
631705.1910557924
 20
4834201.772054052
 10
631743.8704453227
 20
4834215.3011604315
  0
LWPOLYLINE
  5
69C
330
17
100
AcDbEntity
  8
ROADS
100
AcDbPolyline
 90
2
 70
0
 10
631743.8704453227
 20
4834215.3011604315
 10
631767.300919686
 20
4834223.561264087
  0
LWPOLYLINE
  5
69D
330
17
100
AcDbEntity
  8
ROADS
100
AcDbPolyline
 90
2
 70
0
 10
631767.300919686
 20
4834223.561264087
 10
631784.2265822816
 20
4834229.054813812
  0
LWPOLYLINE
  5
69E
330
17
100
AcDbEntity
  8
ROADS
100
AcDbPolyline
 90
2
 70
0
 10
631702.8028153242
 20
4834418.161174233
 10
631686.5092153811
 20
4834466.758330429
  0
LWPOLYLINE
  5
69F
330
17
100
AcDbEntity
  8
ROADS
100
AcDbPolyline
 90
2
 70
0
 10
631686.5092153811
 20
4834466.758330429
 10
631764.4149615726
 20
4834492.270375782
  0
LWPOLYLINE
  5
6A0
330
17
100
AcDbEntity
  8
ROADS
100
AcDbPolyline
 90
2
 70
0
 10
631686.5092153811
 20
4834466.758330429
 10
631671.6336469157
 20
4834512.316384198
  0
LWPOLYLINE
  5
6A1
330
17
100
AcDbEntity
  8
ROADS
100
AcDbPolyline
 90
2
 70
0
 10
631764.4149615726
 20
4834492.270375782
 10
631820.2922920123
 20
4834510.732432919
  0
LWPOLYLINE
  5
6A2
330
17
100
AcDbEntity
  8
ROADS
100
AcDbPolyline
 90
2
 70
0
 10
631671.6336469157
 20
4834512.316384198
 10
631655.7831522643
 20
4834563.177210687
  0
LWPOLYLINE
  5
6A3
330
17
100
AcDbEntity
  8
ROADS
100
AcDbPolyline
 90
2
 70
0
 10
631764.4149615726
 20
4834492.270375782
 10
631732.2393595238
 20
4834587.993023385
  0
LWPOLYLINE
  5
6A4
330
17
100
AcDbEntity
  8
ROADS
100
AcDbPolyline
 90
2
 70
0
 10
631820.3830885025
 20
4834772.384168293
 10
631793.3335648782
 20
4834852.352274363
  0
LWPOLYLINE
  5
6A5
330
17
100
AcDbEntity
  8
ROADS
100
AcDbPolyline
 90
2
 70
0
 10
631687.7902713241
 20
4834792.234970229
 10
631668.2133907201
 20
4834852.946669887
  0
LWPOLYLINE
  5
6A6
330
17
100
AcDbEntity
  8
ROADS
100
AcDbPolyline
 90
2
 70
0
 10
631793.3335648782
 20
4834852.352274363
 10
631823.7394830328
 20
4834861.530642378
  0
LWPOLYLINE
  5
6A7
330
17
100
AcDbEntity
  8
ROADS
100
AcDbPolyline
 90
2
 70
0
 10
631793.3335648782
 20
4834852.352274363
 10
631781.0119021209
 20
4834890.952465292
  0
LWPOLYLINE
  5
6A8
330
17
100
AcDbEntity
  8
ROADS
100
AcDbPolyline
 90
2
 70
0
 10
631668.2133907201
 20
4834852.946669887
 10
631781.0119021209
 20
4834890.952465292
  0
LWPOLYLINE
  5
6A9
330
17
100
AcDbEntity
  8
ROADS
100
AcDbPolyline
 90
2
 70
0
 10
631781.0119021209
 20
4834890.952465292
 10
631820.9347636313
 20
4834902.723951149
  0
LWPOLYLINE
  5
6AA
330
17
100
AcDbEntity
  8
ROADS
100
AcDbPolyline
 90
3
 70
0
 10
631781.0119021209
 20
4834890.952465292
 10
631766.513331945
 20
4834935.125724231
 10
631813.0861058204
 20
4834950.121054817
  0
LWPOLYLINE
  5
6AB
330
17
100
AcDbEntity
  8
ROADS
100
AcDbPolyline
 90
2
 70
0
 10
631682.6585084861
 20
4835019.961341444
 10
631733.8663289832
 20
4835036.67024976
  0
LWPOLYLINE
  5
6AC
330
17
100
AcDbEntity
  8
ROADS
100
AcDbPolyline
 90
2
 70
0
 10
631733.8663289832
 20
4835036.67024976
 10
631785.7922878969
 20
4835052.545081392
  0
LWPOLYLINE
  5
6AD
330
17
100
AcDbEntity
  8
ROADS
100
AcDbPolyline
 90
2
 70
0
 10
631785.7922878969
 20
4835052.545081392
 10
631790.1871767003
 20
4835054.0276659755
  0
LWPOLYLINE
  5
6AE
330
17
100
AcDbEntity
  8
ROADS
100
AcDbPolyline
 90
2
 70
0
 10
631658.5556792584
 20
4835263.922988799
 10
631711.9604784034
 20
4835280.862665704
  0
LWPOLYLINE
  5
6AF
330
17
100
AcDbEntity
  8
ROADS
100
AcDbPolyline
 90
2
 70
0
 10
631711.9604784034
 20
4835280.862665704
 10
631718.5294218468
 20
4835282.95518216
  0
LWPOLYLINE
  5
6B0
330
17
100
AcDbEntity
  8
ROADS
100
AcDbPolyline
 90
2
 70
0
 10
631711.9604784034
 20
4835280.862665704
 10
631701.8080864025
 20
4835327.945685502
  0
LWPOLYLINE
  5
6B1
330
17
100
AcDbEntity
  8
ROADS
100
AcDbPolyline
 90
2
 70
0
 10
631644.063837951
 20
4835308.551372097
 10
631701.8080864025
 20
4835327.945685502
  0
ENDSEC
  0
SECTION
  2
OBJECTS
  0
DICTIONARY
  5
A
330
0
100
AcDbDictionary
281
1
  3
ACAD_COLOR
350
B
  3
ACAD_GROUP
350
C
  3
ACAD_LAYOUT
350
D
  3
ACAD_MATERIAL
350
E
  3
ACAD_MLEADERSTYLE
350
F
  3
ACAD_MLINESTYLE
350
10
  3
ACAD_PLOTSETTINGS
350
11
  3
ACAD_PLOTSTYLENAME
350
12
  3
ACAD_SCALELIST
350
14
  3
ACAD_TABLESTYLE
350
15
  3
ACAD_VISUALSTYLE
350
16
  3
EZDXF_META
350
2D
  0
DICTIONARY
  5
B
330
A
100
AcDbDictionary
281
1
  0
DICTIONARY
  5
C
330
A
100
AcDbDictionary
281
1
  0
DICTIONARY
  5
D
330
A
100
AcDbDictionary
281
1
  3
Model
350
1A
  3
Layout1
350
1E
  0
DICTIONARY
  5
E
330
A
100
AcDbDictionary
281
1
  3
ByBlock
350
1F
  3
ByLayer
350
20
  3
Global
350
21
  0
DICTIONARY
  5
F
330
A
100
AcDbDictionary
281
1
  3
Standard
350
2C
  0
DICTIONARY
  5
10
330
A
100
AcDbDictionary
281
1
  3
Standard
350
22
  0
DICTIONARY
  5
11
330
A
100
AcDbDictionary
281
1
  0
ACDBDICTIONARYWDFLT
  5
12
330
A
100
AcDbDictionary
281
1
  3
Normal
350
13
100
AcDbDictionaryWithDefault
340
13
  0
ACDBPLACEHOLDER
  5
13
330
12
  0
DICTIONARY
  5
14
330
A
100
AcDbDictionary
281
1
  0
DICTIONARY
  5
15
330
A
100
AcDbDictionary
281
1
  0
DICTIONARY
  5
16
330
A
100
AcDbDictionary
281
1
  0
LAYOUT
  5
1A
330
D
100
AcDbPlotSettings
  1

  4
A3
  6

 40
7.5
 41
20.0
 42
7.5
 43
20.0
 44
420.0
 45
297.0
 46
0.0
 47
0.0
 48
0.0
 49
0.0
140
0.0
141
0.0
142
1.0
143
1.0
 70
1024
 72
1
 73
0
 74
5
  7

 75
16
 76
0
 77
2
 78
300
147
1.0
148
0.0
149
0.0
100
AcDbLayout
  1
Model
 70
1
 71
0
 10
0.0
 20
0.0
 11
420.0
 21
297.0
 12
0.0
 22
0.0
 32
0.0
 14
1e+20
 24
1e+20
 34
1e+20
 15
-1e+20
 25
-1e+20
 35
-1e+20
146
0.0
 13
0.0
 23
0.0
 33
0.0
 16
1.0
 26
0.0
 36
0.0
 17
0.0
 27
1.0
 37
0.0
 76
1
330
17
  0
LAYOUT
  5
1E
330
D
100
AcDbPlotSettings
  1

  4
A3
  6

 40
7.5
 41
20.0
 42
7.5
 43
20.0
 44
420.0
 45
297.0
 46
0.0
 47
0.0
 48
0.0
 49
0.0
140
0.0
141
0.0
142
1.0
143
1.0
 70
0
 72
1
 73
0
 74
5
  7

 75
16
 76
0
 77
2
 78
300
147
1.0
148
0.0
149
0.0
100
AcDbLayout
  1
Layout1
 70
1
 71
1
 10
0.0
 20
0.0
 11
420.0
 21
297.0
 12
0.0
 22
0.0
 32
0.0
 14
1e+20
 24
1e+20
 34
1e+20
 15
-1e+20
 25
-1e+20
 35
-1e+20
146
0.0
 13
0.0
 23
0.0
 33
0.0
 16
1.0
 26
0.0
 36
0.0
 17
0.0
 27
1.0
 37
0.0
 76
1
330
1B
  0
MATERIAL
  5
1F
102
{ACAD_REACTORS
330
E
102
}
330
E
100
AcDbMaterial
  1
ByBlock
  2

 70
0
 40
1.0
 71
1
 41
1.0
 91
-1023410177
 42
1.0
 72
1
  3

 73
1
 74
1
 75
1
 44
0.5
 73
0
 45
1.0
 46
1.0
 77
1
  4

 78
1
 79
1
170
1
 48
1.0
171
1
  6

172
1
173
1
174
1
140
1.0
141
1.0
175
1
  7

176
1
177
1
178
1
143
1.0
179
1
  8

270
1
271
1
272
1
145
1.0
146
1.0
273
1
  9

274
1
275
1
276
1
 42
1.0
 72
1
  3

 73
1
 74
1
 75
1
 94
63
  0
MATERIAL
  5
20
102
{ACAD_REACTORS
330
E
102
}
330
E
100
AcDbMaterial
  1
ByLayer
  2

 70
0
 40
1.0
 71
1
 41
1.0
 91
-1023410177
 42
1.0
 72
1
  3

 73
1
 74
1
 75
1
 44
0.5
 73
0
 45
1.0
 46
1.0
 77
1
  4

 78
1
 79
1
170
1
 48
1.0
171
1
  6

172
1
173
1
174
1
140
1.0
141
1.0
175
1
  7

176
1
177
1
178
1
143
1.0
179
1
  8

270
1
271
1
272
1
145
1.0
146
1.0
273
1
  9

274
1
275
1
276
1
 42
1.0
 72
1
  3

 73
1
 74
1
 75
1
 94
63
  0
MATERIAL
  5
21
102
{ACAD_REACTORS
330
E
102
}
330
E
100
AcDbMaterial
  1
Global
  2

 70
0
 40
1.0
 71
1
 41
1.0
 91
-1023410177
 42
1.0
 72
1
  3

 73
1
 74
1
 75
1
 44
0.5
 73
0
 45
1.0
 46
1.0
 77
1
  4

 78
1
 79
1
170
1
 48
1.0
171
1
  6

172
1
173
1
174
1
140
1.0
141
1.0
175
1
  7

176
1
177
1
178
1
143
1.0
179
1
  8

270
1
271
1
272
1
145
1.0
146
1.0
273
1
  9

274
1
275
1
276
1
 42
1.0
 72
1
  3

 73
1
 74
1
 75
1
 94
63
  0
MLINESTYLE
  5
22
102
{ACAD_REACTORS
330
10
102
}
330
10
100
AcDbMlineStyle
  2
Standard
 70
0
  3

 62
256
 51
90.0
 52
90.0
 71
2
 49
0.5
 62
256
  6
BYLAYER
 49
-0.5
 62
256
  6
BYLAYER
  0
MLEADERSTYLE
  5
2C
102
{ACAD_REACTORS
330
F
102
}
330
F
100
AcDbMLeaderStyle
179
2
170
2
171
1
172
0
 90
2
 40
0.0
 41
0.0
173
1
 91
-1056964608
 92
-2
290
1
 42
2.0
291
1
 43
8.0
  3
Standard
 44
4.0
300

342
29
174
1
175
1
176
0
178
1
 93
-1056964608
 45
4.0
292
0
297
0
 46
4.0
 94
-1056964608
 47
1.0
 49
1.0
140
1.0
294
1
141
0.0
177
0
142
1.0
295
0
296
0
143
3.75
271
0
272
9
273
9
  0
DICTIONARY
  5
2D
330
A
100
AcDbDictionary
280
1
281
1
  3
CREATED_BY_EZDXF
350
2E
  3
WRITTEN_BY_EZDXF
350
6B4
  0
DICTIONARYVAR
  5
2E
330
2D
100
DictionaryVariables
280
0
  1
1.4.4 @ 2026-07-30T15:38:36.917356+00:00
  0
DICTIONARYVAR
  5
6B4
330
2D
100
DictionaryVariables
280
0
  1
1.4.4 @ 2026-07-30T15:38:37.069364+00:00
  0
ENDSEC
  0
EOF
