segment_id,T1024 Choice,T1024 Integration,T1024 Node Count,T1024 Total Depth,Angular Connectivity,Connectivity,Segment Length,local_nain,local_nach,integrated,citywide_nain,citywide_nach,citywide_match_distance_m,citywide_matched,blended_nain,blended_nach
0,0,5.6454787,17,51.191406,0.66999501,1,9.2924929,0.5632448578845497,0.0,3.913147643816225,,,,False,0.5632448578845497,0.0
1,28,7.0193548,17,41.171875,0.75408298,2,238.18576,0.6939653631710317,0.8889169380770476,23.874211166717686,0.29116616,0.93854576,0.0,True,0.5731256022197222,0.9038055846539333
2,52,7.2059999,17,40.105469,0.831424,2,615.0343,0.7115414368890983,1.054904690959329,28.744618640643758,0.29283783,0.94305986,0.0,True,0.5859303548223689,1.0213512416715302
3,72,9.0600052,17,31.898438,2.4735668,3,33.195671,0.8838102190180381,1.2077493044166672,38.99485212556827,0.30891681,0.9524104,0.0,True,0.7113421963126267,1.131147633091667
4,71925,216.67409,1192,6557.6094,2.9178324,3,30.238283,0.749296194524583,1.2724540043700658,2423.154533692786,0.88109088,1.0444601,0.0,True,0.7888346001672081,1.204055833059046
5,69938,191.46469,1192,7421.0234,1.7362633,2,194.00856,0.6621412995933279,1.2516587061594648,2135.863864606021,0.82145482,1.0366647,0.0,True,0.7099353557153295,1.1871605043116253
6,67947,166.96603,1192,8509.8984,2.2215698,2,223.73686,0.5774376208470349,1.2295372646861726,1857.7496537256661,0.7569564,1.0279888,0.0,True,0.6312932545929244,1.1690727252803208
7,65952,143.20631,1192,9921.7969,2.0177553,2,80.340973,0.4952832479862303,1.2057969014131587,1589.1192944085712,0.68712443,1.018218,0.0,True,0.5528356025903612,1.1495232309892112
8,63953,131.7393,1192,10785.422,1.6041505,2,154.77589,0.4556316014139136,1.1916483635086343,1457.8185294325192,0.6504845,1.0115536,0.0,True,0.5140874709897395,1.137619934456044
9,61950,121.08488,1192,11734.445,1.0291753,2,42.362301,0.41878868439188216,1.177530824385627,1336.0645113426697,0.61453825,1.0046946,0.0,True,0.4775135540743175,1.125679957069939
10,59943,118.93365,1192,11946.695,0.45934722,2,154.76334,0.4113495541553018,1.171775228355183,1308.4108192671313,0.60704869,1.0009859,0.0,True,0.47005929490871123,1.120538429848628
11,57932,115.96671,1192,12252.344,2.2200089,2,82.208855,0.4010896349072364,1.165006556208885,1271.8138330070763,0.59659666,0.99680257,0.0,True,0.4597417424350655,1.1145453603462194
12,55917,98.186356,1192,14471.094,2.2722158,2,84.435577,0.33960190965302123,1.1410761562823777,1073.3398107543821,0.53041881,0.98541784,0.0,True,0.3968469797571149,1.0943786613976645
13,53898,95.773888,1192,14835.609,1.3519816,2,152.85832,0.3312589219049837,1.134292666927853,1043.4455682538571,0.52094209,0.9809891,0.0,True,0.3881638723334886,1.0883015968494971
14,51875,88.741692,1192,16011.234,1.683028,2,120.53127,0.306939270417686,1.1214079111309294,963.4357875880644,0.49260581,0.9738012,0.0,True,0.3626392322923802,1.0771258977916507
15,49848,84.796257,1192,16756.211,1.2638869,2,21.56414,0.29329445493839906,1.1120678183777442,917.2219289688294,0.47621971,0.9680199,0.0,True,0.34817203145687936,1.068853442864421
16,47817,81.409309,1192,17453.336,1.4777555,2,266.81461,0.2815809653270314,1.1031690604515003,877.1998221190232,0.46186781,0.96230853,0.0,True,0.335667018728922,1.0609109013160503
17,45782,77.023567,1192,18447.133,2.8163769,2,67.109123,0.26641308081998666,1.0925233924176725,826.5930409722318,0.44287398,0.95565945,0.0,True,0.31935135057399067,1.0514642096923708
18,43743,68.691093,1192,20684.836,2.9257848,2,119.73444,0.2375950754860571,1.0753533130129593,734.042128205359,0.40540072,0.94575304,0.0,True,0.28793676884024,1.0364732311090714
19,41700,65.153687,1192,21807.883,1.9786444,2,59.627438,0.22536069363543504,1.0648754136148737,693.1247530208312,0.38891426,0.93878591,0.0,True,0.27442676354480455,1.0270485625304115
20,39653,61.884636,1192,22959.883,1.8932711,2,63.951889,0.21405432476890868,1.0544047585988088,655.2328131570652,0.37336582,0.93163276,0.0,True,0.26184777333823606,1.0175731590191661
21,37602,59.233112,1192,23987.664,1.9966595,2,118.13434,0.20488366827429025,1.044561265498091,624.0128803098279,0.36052862,0.92458308,0.0,True,0.2515771537920032,1.0085678098486637
22,35547,56.237129,1192,25265.586,2.0501866,2,93.634659,0.19452156454469705,1.0336698481002373,589.2901650041415,0.34577212,0.91678113,0.0,True,0.23989673118128793,0.9986032326701662
23,33488,53.901749,1192,26360.258,1.0881817,2,35.829666,0.18644420978611478,1.0235021762645675,561.6024395707747,0.33407918,0.90907699,0.0,True,0.23073470085028036,0.9891746203851972
24,31425,53.57024,1192,26523.383,1.05413,2,24.318214,0.18529762081051507,1.0166402413774325,554.7424780027533,0.33240697,0.90275377,0.0,True,0.22943042556736054,0.9824742999642027
25,29358,51.516071,1192,27580.984,1.8084458,2,106.50877,0.17819284385575118,1.0060991575704918,529.9658354808212,0.32197592,0.8942048,0.0,True,0.22132776669902582,0.9725308502993443
26,27287,49.634109,1192,28626.766,1.9981681,2,136.34006,0.1716836262166411,0.9953226510583306,506.9746503677771,0.31230175,0.88508427,0.0,True,0.2138690633516488,0.9622511367408314
27,25212,47.502762,1192,29911.188,2.1051292,2,133.67781,0.16431181995672556,0.9834104710052852,481.44784034979443,0.30120549,0.87480718,0.0,True,0.20537992096970792,0.9508294837036997
28,23133,45.710831,1192,31083.75,2.0014763,2,44.570122,0.1581139384118988,0.971436296512078,459.35279871398166,0.29175821,0.86375409,0.0,True,0.19820721988832918,0.9391316345584546
29,21050,44.058918,1192,32249.18,1.8970838,2,140.71765,0.15240032646829305,0.9589034233307789,438.59555125521393,0.28295252,0.85140616,0.0,True,0.19156598452780513,0.9266542443315453
30,18963,42.665836,1192,33302.148,1.9425731,2,81.972412,0.14758192766221442,0.9459191141042173,420.27343701813743,0.27545378,0.83739603,0.0,True,0.1859434833635501,0.9133621888729521
31,16872,41.15274,1192,34526.594,1.9887593,2,66.691193,0.14234840726464806,0.9314706822439286,400.56139870211524,0.26723239,0.82044983,0.0,True,0.17981360208525365,0.89816442657075
32,14777,39.869038,1192,35638.281,1.948117,2,41.734257,0.13790829429733403,0.9160058073972628,382.78114007330805,0.26019359,0.79935056,0.0,True,0.17459388300813383,0.881009233178084
33,12678,38.593361,1192,36816.281,1.9623348,2,62.882244,0.13349592179460207,0.8986021318482444,364.62163158088833,0.25314033,0.77020657,0.0,True,0.16938924425622146,0.8600834632937711
34,10575,37.440235,1192,37950.188,2.825069,2,34.647388,0.12950743079655072,0.8788170485926191,346.93758306084345,0.24671373,0.7213912,0.0,True,0.16466932055758549,0.8315892940148334
35,8468,35.382545,1192,40157.203,2.9768116,2,83.931183,0.12239013709977468,0.8531725164842502,320.0098488742486,0.23533514,0.49331,0.0,True,0.15627363796984228,0.7452137615389751
36,6357,34.258053,1192,41475.328,2.1762395,2,161.80461,0.11850065078897279,0.8236179628049646,300.0192297513986,0.23779987,0.52920818,0.0,True,0.15429041655228096,0.7352950279634751
37,4242,33.247898,1192,42735.453,2.0131421,2,62.44125,0.11500662805028843,0.7833761565748056,277.72838631047887,0.24434352,0.72411597,0.0,True,0.1538076956352019,0.765598100602364
38,2123,32.393131,1192,43863.125,1.8506458,2,164.44525,0.1120500707791824,0.7167302583725986,248.18085040649407,0.25056428,0.77140683,0.0,True,0.15360433354542768,0.7331332298608191
39,0,31.619083,1192,44936.914,0.90140086,1,99.056541,0.10937270003871663,0.0,21.916678233340896,,,,False,0.10937270003871663,0.0
40,28,253.82523,1192,5597.8047,3.9353433,4,78.424355,0.8777253179896941,0.39015482704939075,863.3097076757944,0.96824056,0.75429296,0.0,True,0.904879890592786,0.49939626693457356
41,0,229.6994,1192,6185.7539,1.9434342,2,84.068382,0.7943254435163757,0.0,159.2154914863111,0.88475132,0.0,0.0,True,0.821453206461463,0.0
42,883,283.39899,1192,5013.6523,4.0219836,5,85.475914,0.9799503767411636,0.7962493558378975,1923.028685151726,0.97242165,0.73334992,0.0,True,0.9776917587188145,0.7773795250865282
43,21352,321.86722,1192,4414.4414,3.11568,7,91.448364,1.1129074102483696,1.1877245652176258,3208.6924991552933,1.0804821,1.1599234,0.0,True,1.1031798171738587,1.179384215652338
44,2803,319.64322,1192,4445.1562,4.1183639,5,86.296562,1.1052209861636257,0.9450679466265014,2537.698288663104,1.0750847,0.80639124,0.0,True,1.096180100314538,0.903464934638551
45,3863,284.02658,1192,5002.5742,6.1706347,8,85.692955,0.9821195899119016,0.9696125999404714,2345.9791602069367,0.97781914,0.87321776,0.0,True,0.9808294549383312,0.94069414795833
46,14376,321.25375,1192,4422.8711,6.1045017,7,227.48619,1.1107872410085986,1.1403372696884384,3075.508171282975,1.0804672,1.1601624,0.0,True,1.101691228706019,1.1462848087819069
47,40368,344.72446,1192,4121.7383,4.2673755,5,13.969033,1.191901620184696,1.2740091217370053,3656.0932300136074,1.0948514,1.0233663,0.0,True,1.162786554129287,1.1988162752159037
48,4565,287.41498,1192,4943.5977,5.3273621,6,453.45026,0.9938314151568945,0.9905880350713828,2421.9344657543306,1.068449,1.0945294,0.0,True,1.0162166906098262,1.021770444549968
49,20416,319.71231,1192,4444.1953,5.7352276,7,447.14056,1.1054598436077883,1.1814391683949523,3172.8800009092383,1.0794531,1.1112947,0.0,True,1.0976578205254517,1.1603958278764666
50,17495,338.55725,1192,4196.8203,4.2385192,7,446.76025,1.1705884057452238,1.1710374280588811,3307.631446759232,1.0751956,1.0427412,0.0,True,1.1419705640216566,1.1325485596412168
51,20441,341.31027,1192,4162.9688,5.945591,8,446.97714,1.1801025642707537,1.1908457371718668,3387.6395219197766,1.0590934,0.9613474,0.0,True,1.1437998149895277,1.1219962360203068
52,79,259.1796,1192,5482.1602,2.5893774,3,65.02507,0.8962339139888151,0.508957912021423,1138.9515741283408,0.95033878,0.32762498,0.0,True,0.9124653737921706,0.45455803241499615
53,365,261.76245,1192,5428.0664,1.5783215,2,296.48987,0.9051621101700862,0.6863614296515789,1545.8019854832921,0.93074948,0.47764757,0.0,True,0.9128383211190603,0.6237472717561052
54,1427,297.16641,1192,4781.375,5.6004467,6,30.734352,1.0275360725403473,0.8573038188955673,2158.83378659408,0.98884994,0.79908341,0.0,True,1.0159302327782431,0.8398376962268972
55,0,213.23288,1192,6663.4375,0.97946382,2,72.151108,0.7373995121832113,0.0,147.80176957467714,0.87505484,0.0,0.0,True,0.7786961105282479,0.0
56,0,211.31648,1192,6723.8672,1.0294801,2,50.099438,0.7307742206072227,0.0,146.47342231785208,0.87090719,0.0,0.0,True,0.772814111425056,0.0
57,4182,257.74817,1192,5512.6055,4.2186685,5,75.185158,0.8912859425733506,0.9678999492676365,2149.3679193186113,0.96249884,0.91851324,0.0,True,0.9126498118013454,0.9530839364873456
58,11407,302.8988,1192,4690.8867,3.3633342,5,216.92587,1.0473490359329756,1.1050452091210963,2829.728385999684,1.0306692,0.90807426,0.0,True,1.0423450851530829,1.0459539243847673
59,100,9.9614916,17,29.011719,2.4432418,3,34.794121,0.9660794976618157,1.3315016246676408,46.071627829759635,0.30720451,0.79473132,0.0,True,0.768417001363271,1.1704705332673484
60,88,8.4960957,17,34.015625,1.7134557,2,152.33913,0.8318552270896141,1.2429281705925,38.23081359091138,0.29052272,0.7703169,0.0,True,0.6694554749627298,1.10114478941475
61,72,6.7184887,17,43.015625,1.9395444,2,239.50507,0.6655419293445195,1.1205225167971855,28.916812692756665,0.2700448,0.74034703,0.0,True,0.5468927905411637,1.00646987075803
62,52,5.414916,17,53.371094,1.8613026,2,24.056187,0.5410726743659676,0.9847060364625315,21.600013537485633,0.25325984,0.70455968,0.0,True,0.4547288240561773,0.9006621295237721
63,28,4.4219713,17,65.355469,1.6175442,2,103.28927,0.44480108828504167,0.797045620765118,15.039997207345198,0.23871867,0.65698707,0.0,True,0.3829763627995292,0.7550280555355826
64,0,3.8134117,17,75.785156,0.69675648,1,66.132469,0.38516071000936714,0.0,2.643255568169308,,,,False,0.38516071000936714,0.0
65,0,7.9379845,2,0.50390625,0.50497419,1,61.579575,0.9175250511052759,0.0,5.502191575503547,0.22630332,0.0,14.096213886733462,True,0.7101585317736931,0.0
66,0,7.9379845,2,0.50390625,0.50497419,1,24.114296,0.9175250511052759,0.0,5.502191575503547,0.22217749,0.28930593,11.951961604224849,True,0.7089207827736931,0.08679177900000001
67,0,2.0521042,2,1.9492188,1.9482775,1,82.285049,0.5817344711298523,0.0,1.4224102404452221,0.24020846,0.65838706,6.764871871164535,True,0.4792766677908966,0.19751611800000005
68,0,2.0521042,2,1.9492188,1.9482775,1,83.760223,0.5817344711298523,0.0,1.4224102404452221,0.24020846,0.65838706,7.0402117805948805,True,0.4792766677908966,0.19751611800000005
69,52,10.488234,17,27.554688,1.2174107,3,75.421021,1.0137067227084038,1.1610676609581578,41.83739810263301,0.32502469,0.99961233,0.0,True,0.8071021128958826,1.1126310616707105
70,28,8.2525377,17,35.019531,1.5494153,2,75.344597,0.809296744282076,0.9255643958981855,28.068509617308226,0.33937806,1.0067536,0.0,True,0.6683211389974532,0.9499211571287298
71,0,5.8186393,17,49.667969,0.97521746,1,197.09764,0.5798522081088456,0.0,4.033173425490293,,,,False,0.5798522081088456,0.0
72,0,219.94081,1192,6460.2109,1.6541474,2,13.834037,0.7605895934141802,0.0,152.4513523415706,0.90006614,0.0,0.0,True,0.802432557389926,0.0
73,0,212.93878,1192,6672.6406,2.9666114,4,22.403753,0.736382774075908,0.0,147.59791498887446,0.89409602,0.0,0.0,True,0.7836967478531356,0.0
74,0,213.83572,1192,6644.6523,3.37409,4,25.596437,0.7394835985309001,0.0,148.2196264210059,0.88637942,0.0,0.0,True,0.7835523449716302,0.0
75,19107,253.43402,1192,5606.4453,3.1164043,4,26.853838,0.8763730584994175,1.1419863125766423,2498.330953073304,0.96711844,1.022692,0.0,True,0.9035966729495923,1.1061980188036495
76,15108,237.5313,1192,5981.7969,4.4423614,6,42.198017,0.8213999310350395,1.10648161038928,2285.7903165331913,0.93535227,0.99958569,0.0,True,0.8555856327245277,1.0744128342724961
77,10450,212.08545,1192,6699.4883,2.7522795,3,36.375431,0.7334326556964493,1.0504207738212483,1962.7551100279331,0.88386518,0.98053235,0.0,True,0.7785624129875146,1.0294542466748737
78,8368,172.20792,1192,8250.8633,2.5361276,2,19.314964,0.5955618289458015,1.0015360792634556,1555.452394632437,0.78613502,0.95575112,0.0,True,0.652733786262061,0.9878005914844189
79,6282,146.50366,1192,9698.4883,2.4445407,2,13.554194,0.5066848398742652,0.9526764600664182,1281.2861423974302,0.71272093,0.92799175,0.0,True,0.5684956669119856,0.9452710470464927
80,4192,127.44823,1192,11148.559,2.9139526,2,12.977375,0.4407931800538147,0.8950394117346198,1063.0979671547402,0.65184587,0.8926782,0.0,True,0.5041089870376703,0.8943310482142339
81,2098,107.94714,1192,13162.59,2.8346028,2,13.8887,0.3733568885159115,0.8064232457514724,825.7624406087542,0.58281994,0.83578616,0.0,True,0.4361958039611381,0.8152321200260306
82,0,97.856094,1192,14519.934,1.1411629,1,30.822411,0.33845976444925885,0.0,67.82867565670898,0.54405701,0.0,0.0,True,0.4001389381144812,0.0
83,11876,228.42383,1192,6220.2969,4.1014071,6,17.804226,0.7899157561876681,1.0739812118073129,2143.173617028851,0.92166615,0.9774251,0.0,True,0.8294408743313676,1.0450143782651191
84,0,204.37906,1192,6952.1016,3.2948053,4,13.827893,0.70679012814361,0.0,141.6647692044919,0.86518878,0.0,0.0,True,0.754309723700527,0.0
85,0,227.87289,1192,6235.3359,2.0347872,3,39.631363,0.788011170119551,0.0,157.94945122954655,0.9294095,0.0,0.0,True,0.8304306690836858,0.0
86,0,7.1655207,17,40.332031,3.0472145,3,21.378239,0.7077332508130636,0.0,4.966760470448926,0.30988905,0.0,0.0,True,0.5883799905691445,0.0
87,11,9.3793106,17,30.8125,2.8763692,3,24.719271,0.9130601421150288,0.7057728595104273,24.057456696902182,0.28829658,0.0,0.0,True,0.7256310734805201,0.4940410016572991
88,69,10.617681,17,27.21875,3.2429585,4,28.19083,1.0253616569206208,1.2464550003295787,45.259775139543905,0.32219556,0.99310833,0.0,True,0.8144118278444344,1.170450999230705
89,100,12.047549,17,23.988281,1.0682831,4,26.631464,1.1528190692239084,1.4004723817761369,55.719586591710105,0.31552663,0.9849332,0.0,True,0.9016313374567358,1.2758106272432959
90,4212,238.51552,1192,5957.1133,2.0332894,3,75.419472,0.8248023008704471,0.9600919472108593,1990.6905037769106,0.88312823,0.91281754,0.0,True,0.842300079609313,0.9459096250476016
91,6312,292.13226,1192,4863.7695,1.8757513,3,65.53894,1.0101362921091275,1.030644869285983,2556.3105477751747,0.96754688,0.94920528,0.0,True,0.9973594684763892,1.0062129925001881
92,0,234.39258,1192,6061.8984,0.79228348,2,16.202784,0.8105495898459781,0.0,162.46855597117144,0.90579206,0.0,0.0,True,0.8391223308921847,0.0
93,15397,251.97441,1192,5638.9219,2.6983764,4,86.062447,0.8713274971929115,1.1162323662826363,2429.5518382491473,0.91460747,0.7346099,0.0,True,0.8843114890350381,1.0017456263978455
94,2749,224.71289,1192,6323.0195,1.8949618,4,17.655376,0.7770869893741328,0.9048183612837604,1779.66311546747,0.87443644,0.87846804,0.0,True,0.806291824561893,0.8969132648986322
95,4074,259.15244,1192,5482.7344,4.9262848,6,30.483438,0.8961400867447078,0.9654723034537002,2154.300905250091,0.97475147,0.94613624,0.0,True,0.9197235017212955,0.9596714844175902
96,0,245.32468,1192,5791.7695,2.3963306,4,15.339942,0.8483406806203946,0.0,170.0461102637708,0.95029831,0.0,0.0,True,0.8789279694342762,0.0
97,4,190.44211,1192,7460.8711,3.0599692,3,23.257771,0.6586058227627277,0.18047417449950565,341.2264539322709,0.81769919,0.11833388,0.0,True,0.7063338329339094,0.16183208614965394
98,2,215.36821,1192,6597.3711,4.9519262,5,21.59552,0.7447816294173369,0.12491496695269227,298.5637350874844,0.88780147,0.08126691,0.0,True,0.7876875815921358,0.11182054986688458
99,6524,263.77017,1192,5386.75,6.0393,7,29.379917,0.9121021314753297,1.02224584437445,2316.838338792128,0.98357272,0.97502041,0.0,True,0.9335433080327309,1.008078214062115
100,77724,238.49879,1192,5957.5312,3.4034579,5,21.092506,0.8247444632872604,1.295414988609386,2685.721780777543,0.92723227,1.0623081,0.0,True,0.8554908053010822,1.2254829220265702
101,2287,224.65141,1192,6324.75,4.3641071,6,32.840778,0.7768744396392592,0.8837768175517304,1737.8741749544952,0.87402833,0.7689687,0.0,True,0.8060206067474813,0.8493343822862113
102,2019,255.8923,1192,5552.5859,6.6009378,7,31.982037,0.8848707085415104,0.8826675052234765,1947.6852735061627,0.97036982,0.86751449,0.0,True,0.9105204419790573,0.8781216006564335
103,13880,252.22461,1192,5633.3281,5.1148825,6,22.201141,0.8721924036663781,1.1043521401432899,2405.8061840219157,0.92033488,0.79915231,0.0,True,0.8866351465664646,1.0127921911003028
104,944,226.4101,1192,6275.6211,4.6339898,5,25.396299,0.7829542883669234,0.7834486945568352,1551.4169252832926,0.86653668,0.56530827,0.0,True,0.8080290058568463,0.7180065671897846
105,13589,244.00304,1192,5823.1406,5.2779112,6,23.287746,0.8437719702401146,1.0976895829281614,2322.216725636892,0.92736864,0.64987159,0.0,True,0.8688509711680803,0.9633441850497131
106,22038,261.68939,1192,5429.582,4.7840919,7,41.321674,0.9049095385078754,1.162833887628054,2617.0546461796016,0.96204126,0.99711978,0.0,True,0.9220490549555128,1.1131196553396379
107,5311,246.39873,1192,5766.5234,6.5815053,7,21.210896,0.8520534667481254,0.9904598410797049,2113.5866047293657,0.9348712,0.95400792,0.0,True,0.8768987867236877,0.9795242647557934
108,5019,234.77852,1192,6051.9336,4.258503,6,16.283129,0.8118837578574835,0.9784761202050666,2000.6380168521218,0.88888216,0.856372,0.0,True,0.8349832785002385,0.9418448841435466
109,0,235.03383,1192,6045.3594,1.1128114,2,63.467693,0.8127663722099406,0.0,162.91303660070548,0.87696779,0.0,0.0,True,0.8320267975469585,0.0
110,0,197.5199,1192,7193.5234,2.0751939,2,54.608219,0.6830761416171176,0.0,136.91036178948235,0.80405223,0.0,0.0,True,0.7193689681319824,0.0
111,23479,294.51392,1192,4824.4375,3.0856631,5,147.3333,1.0183681775611273,1.1864913879857577,2963.9724411386087,0.97186112,0.97540557,0.0,True,1.004416060292789,1.1231656425900305
112,4424,305.9343,1192,4644.3438,2.9337788,4,77.859955,1.0578404381069872,0.9941940720768758,2568.39539728206,1.0312945,0.90466863,0.0,True,1.0498766566748912,0.9673364394538131
113,3320,251.92014,1192,5640.1367,1.6366768,2,161.71359,0.8711398929748871,0.9386244348514414,2042.649686505563,0.93599546,0.84417427,0.0,True,0.890596563082421,0.910289385396009
114,2594,233.07047,1192,6096.2852,2.6714001,3,75.521111,0.8059790908086232,0.901951326485036,1832.3364250401617,0.8801564,0.64669532,0.0,True,0.8282322835660363,0.8253745245395251
115,15380,306.45779,1192,4636.4102,3.6335566,6,86.589455,1.0596497828043934,1.141968385175143,2954.5452337259308,1.031751,0.96867913,0.0,True,1.0512801479630753,1.0899816086226002
116,33209,294.60336,1192,4822.9727,3.0318027,5,96.491211,1.0186773411148384,1.2274099949981467,3067.0084706405123,0.97202349,0.98421192,0.0,True,1.0046811857803868,1.1544505724987026
117,1291,262.8598,1192,5405.4062,2.8454728,4,110.70217,0.9089552697165015,0.8334328301942606,1883.3169658198947,0.96232581,0.84536326,0.0,True,0.9249664318015511,0.8370119591359825
118,504,247.92297,1192,5731.0703,2.6544421,3,87.43853,0.8573225346613459,0.7192544847946877,1543.7014638636563,0.90857738,0.52195668,0.0,True,0.8726989882629421,0.6600651433562814
119,35555,294.79581,1192,4819.8242,2.8417931,4,89.270683,1.019342505474937,1.2355526644299053,3089.133549853132,0.97231001,0.99609894,0.0,True,1.0052327568324557,1.1637165471009339
120,118933,351.21747,1192,4045.5391,1.4958458,4,105.52758,1.2143404274927654,1.406954886971901,4104.444100643467,1.0612674,1.1393617,0.0,True,1.1684185192449357,1.3266769308803308
121,25976,320.47144,1192,4433.668,1.4670432,4,97.842247,1.1080834636378745,1.2104524490720403,3257.593887690487,1.0645237,1.0294487,0.0,True,1.0950155345465122,1.1561513243504282
122,9,206.0386,1192,6896.1055,5.2300415,5,16.478689,0.7125275716626375,0.26049856184106107,494.05898495399435,0.83239269,0.16951947,0.0,True,0.7484871071638463,0.23320483428874275
123,5764,243.74323,1192,5829.3477,1.9899327,5,17.227047,0.8428738284612463,0.9986605669133196,2110.751506412492,0.9173162,0.9553225,0.0,True,0.8652065399228723,0.9856591468393237
124,3900,240.15929,1192,5916.3398,3.2824082,4,25.689026,0.8304846506088892,0.9519925233290771,1985.9358930437127,0.91331202,0.92516494,0.0,True,0.8553328614262226,0.9439442483303541
125,74185,272.31274,1192,5217.7656,2.4630518,4,58.710751,0.9416304749369748,1.310024251311938,3053.8087995774013,0.99591762,1.0936093,0.0,True,0.9579166184558824,1.2450997659183565
126,75873,335.9938,1192,4228.8398,2.2021298,3,42.207253,1.1617292531349648,1.3456648729070955,3775.509421105889,1.1079444,1.1059077,0.0,True,1.1455937971944752,1.2737377210349667
127,1278,219.79063,1192,6464.625,3.319252,4,20.380709,0.7600704171012983,0.8152922019675741,1572.5174167037287,0.87572318,0.84589148,0.0,True,0.7947662459709088,0.8244719853773019
128,13123,281.02011,1192,5056.0938,4.0890164,5,75.75518,0.9717278001028141,1.1117671061079448,2664.7097071081093,1.0157392,1.0313011,0.0,True,0.9849312200719699,1.0876273042755615
129,4901,231.69482,1192,6132.4805,2.6725931,4,46.802132,0.8012235691331456,0.9742663226426594,1968.850491319425,0.88230145,0.84311801,0.0,True,0.825546933393202,0.9349218288498615
130,312,213.38037,1192,6658.832,3.8460398,4,19.655899,0.7379093724309039,0.6526698568928164,1226.8076026085078,0.86116105,0.72303331,0.0,True,0.7748848757016327,0.6737788928249715
131,59,212.19768,1192,6695.9453,3.0101516,4,17.351877,0.7338206182405943,0.4647538581488899,872.3178967502117,0.85222346,0.30195466,0.0,True,0.7693414707684161,0.4159140987042229
132,5267,229.89133,1192,6180.5898,2.6576638,5,13.8188,0.7949889156462691,0.981643237172839,1970.0757921649201,0.87868929,0.83879203,0.0,True,0.8200990279523883,0.9387878750209873
133,7275,248.71651,1192,5712.7852,4.651638,5,76.553017,0.8600656348357035,1.0278985023497726,2211.705090673138,0.92916608,0.97151589,0.0,True,0.8807957683849925,1.010983718644841
134,2,202.56245,1192,7014.4492,4.015974,4,19.270245,0.7005096482402642,0.1240507059878913,280.8111822096298,0.82813919,0.080850855,0.0,True,0.7387985107681849,0.11109075069152391
135,0,219.05191,1192,6486.4258,5.5593314,5,38.48513,0.7575166168946069,0.0,151.8352138127709,0.86267638,0.0,0.0,True,0.7890645458262249,0.0
136,947,219.12807,1192,6484.1719,3.1683397,5,15.618288,0.7577798486943713,0.7808932505246752,1502.2124991004123,0.8615573,0.78862274,0.0,True,0.7889130840860599,0.7832120973672726
137,5610,236.59117,1192,6005.5664,7.2678556,7,33.714012,0.8181499851566657,0.992132204562101,2042.4117071838523,0.89009643,0.85957712,0.0,True,0.8397339186096661,0.9523656791934707
138,3,228.94745,1192,6206.0703,6.5877213,6,26.984148,0.7917259508140047,0.15872812359808994,368.4767059851106,0.87954968,0.10247663,0.0,True,0.8180730695698033,0.14185267551866296
139,9861,240.35321,1192,5911.5664,5.147656,7,36.135098,0.8311550134936649,1.0588670796346398,2210.4192705218643,0.89744449,0.93645668,0.0,True,0.8510418564455655,1.0221439597442479
140,1455,221.57129,1192,6412.6719,3.2377524,4,33.864441,0.7662263070676589,0.8308274740084559,1613.9551455425715,0.87019873,0.8402335,0.0,True,0.7974180339473613,0.8336492818059191
141,0,207.84415,1192,6836.1992,6.6657829,6,42.856674,0.7187696961193648,0.0,144.06658656837837,0.83671421,0.0,0.0,True,0.7541530502835554,0.0
142,92628,338.12106,1192,4202.2344,2.2354341,4,88.653282,1.1690809534757822,1.3705945128989148,3866.8769864313613,1.1105263,1.1365265,0.0,True,1.1515145574330474,1.3003741090292404
143,24648,305.93146,1192,4644.3867,4.5771399,6,56.776279,1.0578306710863483,1.1975863746584516,3093.7417339624953,1.032172,1.0641034,0.0,True,1.0501330697604438,1.1575414822609162
144,3685,243.15616,1192,5843.4219,3.731319,5,20.262764,0.8408444155224593,0.9468169196610743,1996.9365954519656,0.91686779,0.91993874,0.0,True,0.8636514278657215,0.9387534657627521
145,1067,255.58484,1192,5559.2656,2.0805988,3,32.614624,0.8838078801680832,0.8086429102521344,1782.5710765577105,0.96211571,0.84156525,0.0,True,0.9073002291176582,0.8185196121764942
146,1648,289.90292,1192,4901.1719,3.00982,3,14.50805,1.0024307654780944,0.8717418766153986,2147.7546442520074,1.0430324,0.88289821,0.0,True,1.014611255834666,0.875088776630779
147,32575,305.93018,1192,4644.4062,2.6333578,5,41.722481,1.0578262315911344,1.2306077310275882,3179.0311849661543,1.032172,1.0909829,0.0,True,1.050129962113794,1.1887202817193119
148,190,247.73792,1192,5735.3516,3.398262,4,28.055275,0.8566827874010168,0.6068535602867272,1302.4809678757888,0.93475157,0.40050593,0.0,True,0.8801034221807117,0.544949271200709
149,732,306.2341,1192,4639.7969,7.1823578,7,41.599804,1.0588766520542257,0.7813679086704535,2020.6884737196403,1.0599262,0.80123079,0.0,True,1.059191516437958,0.7873267730693174
150,97526,340.61639,1192,4171.4492,5.6449189,7,46.571499,1.1777046096518158,1.377983205723654,3912.965253856135,1.1141493,1.1435428,0.0,True,1.158638016756271,1.3076510840065578
151,33508,306.53088,1192,4635.3047,5.6161146,7,40.687065,1.0599023956712794,1.2342384169506173,3193.928906116862,1.0339267,1.0957339,0.0,True,1.0521096869698956,1.1926870618654322
152,126764,364.62064,1192,3896.8281,3.8001773,6,101.86388,1.2606583914247675,1.421034462408538,4284.328306140599,1.1522017,1.1901505,0.0,True,1.2281213839973373,1.3517692736859765
153,128137,386.86981,1192,3672.7188,2.3048878,4,35.136646,1.3375418987128167,1.432591190594566,4549.9258871123575,1.1907587,1.1942861,0.0,True,1.2935069390989717,1.3610996634161963
154,40794,314.59241,1192,4516.5234,1.2675096,3,61.165043,1.0877647244203015,1.261419994633851,3339.819770914719,1.0626398,1.0864383,0.0,True,1.0802272470942111,1.2089254862436956
155,40835,317.45663,1192,4475.7734,3.7939558,6,111.19492,1.0976639329242706,1.2628984607933258,3370.546186167846,1.0632716,1.0857698,0.0,True,1.0873462330469894,1.209759862555328
156,36439,338.26602,1192,4200.4336,5.0321083,6,20.867598,1.1695819205775633,1.25885116787677,3552.9601578725446,1.1098852,1.0693818,0.0,True,1.1516729044042942,1.2020103575137389
157,34986,305.07114,1192,4657.4844,0.78808987,2,100.51823,1.054857134190144,1.2386512469276159,3191.886250261224,1.056861,1.0610038,0.0,True,1.0554582939331008,1.1853570128493311
158,33972,300.56113,1192,4727.3711,0.77633488,3,111.73458,1.0392693356179392,1.2329967623201858,3135.859707691087,1.0542971,1.0572957,0.0,True,1.0437776649325574,1.18028644362413
159,25432,324.39383,1192,4380.0586,2.1967719,4,100.67182,1.1216395784820592,1.2096834199643938,3290.5998028983686,1.0748056,1.037143,0.0,True,1.1075893849374414,1.1579212939750756
160,93329,355.08145,1192,4001.5156,3.296978,5,201.23737,1.2276935703679244,1.3795842611049554,4063.519301849088,1.0734457,1.1382917,0.0,True,1.181419209257547,1.3071964927734687
161,1878,279.95209,1192,5075.3828,4.0356932,5,84.19838,0.9680362018376245,0.8834779689607272,2110.566380844474,0.99785882,0.609384,0.0,True,0.9769829872863371,0.8012497782725091
162,24462,328.95218,1192,4319.3633,3.1202049,4,102.39591,1.1373934612226848,1.2070533995719712,3324.0479392794246,1.0882068,1.0444528,0.0,True,1.1226374628558793,1.15827321970038
163,158660,392.03134,1192,3624.3633,3.2456427,5,18.592335,1.3553772621148255,1.460974057778147,4694.391603295588,1.2061323,1.2305166,0.0,True,1.310603773480378,1.391836820444703
164,1540,279.90167,1192,5076.2969,3.0370514,4,77.280769,0.9678619540711932,0.8602189925167886,2054.7121307944803,0.99785739,0.60443532,0.0,True,0.9768605848498353,0.783483890761752
165,7,230.62259,1192,6160.9922,4.0502958,5,101.3969,0.797516888142043,0.2382909899656503,506.72962283693425,0.90798277,0.15407732,0.0,True,0.8306566526994301,0.21302688897595518
166,164086,396.19556,1192,3586.2695,1.9570726,4,84.176476,1.3697662232415049,1.4669663213976878,4757.578942119123,1.2170407,1.2393312,0.0,True,1.3239485662690536,1.3986757849783815
167,3653,279.93915,1192,5075.6172,3.326829,5,79.182045,0.967991514009304,0.9614174969737312,2296.5791798554883,0.99785841,0.91597742,0.0,True,0.9769515828065127,0.9477854738816118
168,2263,279.86313,1192,5076.9961,3.1503799,5,55.127945,0.9677287133549252,0.9052887490796689,2162.035044694508,0.99785638,0.86958355,0.0,True,0.9767670133484476,0.8945771893557682
169,0,224.37744,1192,6332.4727,2.1519461,3,34.100433,0.7759273097802889,0.0,155.5265899172583,0.93363565,0.0,0.0,True,0.8232398118462022,0.0
170,0,224.77496,1192,6321.2734,2.8669369,3,24.472424,0.7773015731041588,0.0,155.8021297844745,0.93472803,0.0,0.0,True,0.8245295101729112,0.0
171,15383,300.89081,1192,4722.1914,2.8918674,4,83.516991,1.0404088117572212,1.1395186041336955,2900.9329176330584,1.0561875,0.97033656,0.0,True,1.0451424182300548,1.0887639908935869
172,0,238.13202,1192,5966.707,1.7870719,3,21.615429,0.8234765688762546,0.0,165.0605382640445,0.94534886,0.0,0.0,True,0.8600382562133783,0.0
173,41415,316.0293,1192,4495.9883,1.9962697,4,204.61952,1.09273080167587,1.2638989805093028,3359.8486597096185,1.0677396,1.1022695,0.0,True,1.0852334411731088,1.215410136356512
174,6759,244.07115,1192,5821.5156,3.772027,4,18.387789,0.8440074172700222,1.0171799255214262,2152.4454318412218,0.96098506,0.97541583,0.0,True,0.8791007100890156,1.0046506968649984
175,1382,202.8358,1192,7004.9961,5.2580929,6,22.817312,0.7014547019638961,0.8167326819775822,1467.0572118630955,0.8720606,0.84822494,0.0,True,0.7526364713747273,0.8261803593843076
176,0,226.04752,1192,6285.6875,2.7214408,3,11.634961,0.7817008019224371,0.0,156.68420116056782,0.93766141,0.0,0.0,True,0.828488984345706,0.0
177,0,246.97943,1192,5752.9648,0.98927188,2,34.444256,0.8540608903442265,0.0,171.19309556080236,0.96822423,0.0,0.0,True,0.8883098922409585,0.0
178,0,195.29707,1192,7275.3984,2.2129281,3,17.707663,0.6753911344179925,0.0,135.36961344211826,0.85009462,0.0,0.0,True,0.7278021800925947,0.0
179,7058,240.89825,1192,5898.1914,4.9722681,6,17.388124,0.8330391385248423,1.0206323853569157,2134.888550763809,0.96924371,0.96514684,0.0,True,0.8739005099673895,1.003986721749841
180,3471,241.78087,1192,5876.6602,5.3622556,6,50.304382,0.8360902303874755,0.9393072078375367,1971.1848033858882,0.97121179,0.91461825,0.0,True,0.8766266982712329,0.9319005204862758
181,0,225.92676,1192,6289.0469,1.4838442,2,34.085716,0.7812833760606177,0.0,156.60049670704342,0.91828668,0.0,0.0,True,0.8223843672424325,0.0
182,764,243.65701,1192,5831.4102,4.7558699,5,20.393244,0.8425758162845608,0.7657099742584027,1618.170590344305,0.96191388,0.70857841,0.0,True,0.8783772353991925,0.748570504980882
183,0,253.0553,1192,5614.8359,3.3970428,3,14.079758,0.8750639058170959,0.0,175.40456772075112,0.99465728,0.0,0.0,True,0.9109419180719671,0.0
184,20797,303.52362,1192,4681.2305,2.1605477,4,62.002781,1.0495085307006955,1.1763680512513497,3017.8322125734485,1.0645384,1.0350848,0.0,True,1.054017491490487,1.1339830758759448
185,3081,242.24348,1192,5865.4375,5.7818108,6,31.742767,0.8376894276228223,0.9257826242364803,1946.1013747024701,0.95365095,0.87943059,0.0,True,0.8724778843359756,0.9118770139655361
186,2,204.34117,1192,6953.3906,4.3569994,4,18.908453,0.7066591430519636,0.1241732371726304,283.277011715641,0.87623632,0.081188165,0.0,True,0.7575322961363745,0.11127771552084127
187,16627,260.84024,1192,5447.2578,4.2664399,6,20.090635,0.9019742763845167,1.1296490634931726,2535.0811053276766,1.0089567,1.0305209,0.0,True,0.9340690034691617,1.0999106144452209
188,20878,304.29477,1192,4669.3672,3.4729493,5,63.354527,1.0521738391680455,1.1771811358475663,3026.682244438529,1.0675011,1.0422964,0.0,True,1.0567720174176318,1.1367157150932963
189,66779,353.71307,1192,4016.9961,2.3373859,5,146.50769,1.2229647003110262,1.3386083191386393,3929.4600010631334,1.075727,1.0795102,0.0,True,1.1787933902177183,1.2608788833970475
190,6636,300.93262,1192,4721.5352,3.8629267,5,76.292007,1.0405533467788455,1.040173735073341,2648.3773815396958,1.0064952,0.96037221,0.0,True,1.030335902745192,1.0162332775513387
191,30034,347.92453,1192,4083.8281,3.9214768,5,74.338768,1.2029606338523353,1.2398639127799467,3587.154768377478,1.0715417,1.0556389,0.0,True,1.1635349536966348,1.1845964089459626
192,34368,343.67242,1192,4134.3555,3.866329,5,75.518196,1.1882659411135439,1.2542202148205395,3589.637589987521,1.0612596,0.9544462,0.0,True,1.1501640387794807,1.1642880103743776
193,7927,299.02795,1192,4751.6094,4.1552629,6,20.212021,1.0339701787420066,1.0603866907124158,2684.7573217660283,1.0069298,0.96888477,0.0,True,1.0258580651194045,1.032936114498691
194,29011,345.04657,1192,4117.8906,3.3034556,5,120.52714,1.193014775923342,1.234464363436425,3545.525783114524,1.0690204,1.0509461,0.0,True,1.1558164631463395,1.1794088844054975
195,20994,341.20526,1192,4164.25,3.2831273,5,116.81003,1.1797396606031043,1.194004284706609,3395.7045082521813,1.0601425,0.94171053,0.0,True,1.143860512422173,1.1183161582946264
196,21126,304.84308,1192,4660.9688,4.4949436,6,80.920494,1.0540688929738675,1.178829625301581,3035.7354434820572,1.0141848,0.98202747,0.0,True,1.0421036650817073,1.1197889787111066
197,72,276.61115,1192,5136.6836,3.9660985,4,44.7183,0.9564882260872576,0.5021166269175998,1190.5523951060627,0.977171,0.3121331,0.0,True,0.9626930582610804,0.4451215688423199
198,10181,315.09167,1192,4509.3672,3.181807,4,119.0726,1.089490201770249,1.096713066491719,2907.8155810820235,1.100104,1.0290757,0.0,True,1.0926743412391744,1.0764218565442034
199,3038,246.97826,1192,5752.9922,2.9492879,4,21.030449,0.8540568240887769,0.9262285559625725,1980.6700138347157,0.96822417,0.89157575,0.0,True,0.8883070278621439,0.9158327141738007
200,2124,242.39119,1192,5861.8633,3.5770493,4,23.222157,0.8382000243743205,0.8829966069387153,1857.2007060793248,0.95195568,0.86636156,0.0,True,0.8723267210620242,0.8780060928571006
201,37649,304.77768,1192,4661.9688,2.5583482,5,55.048668,1.0538428904129211,1.2471936840364717,3211.1726229157402,1.0675138,1.1006904,0.0,True,1.0579441632890447,1.2032426988255303
202,41104,306.53113,1192,4635.3008,1.8371185,4,10.138809,1.0599032870560572,1.2584405307996858,3256.558945807138,1.0737112,1.1104238,0.0,True,1.06404566093924,1.21403551155978
203,43260,307.24911,1192,4624.4688,1.9070922,4,67.682625,1.062384849755754,1.2648464066407814,3279.8934453766906,1.0757103,1.116621,0.0,True,1.0663824848290278,1.220378784648547
204,41869,317.07587,1192,4481.1484,3.4399774,5,201.77875,1.0963479060803973,1.2656922266418813,3374.4319862691,1.075043,1.1066034,0.0,True,1.0899564342562782,1.2179655786493169
205,0,254.15262,1192,5590.5938,1.9168038,2,54.973278,0.8788570271253534,0.0,176.16517198492318,0.9650268,0.0,0.0,True,0.9047079589877474,0.0
206,28976,342.53259,1192,4148.1133,1.3279948,4,192.74014,1.184326789581307,1.2332367180496648,3519.2799178131895,1.0682063,1.0523934,0.0,True,1.149490642706915,1.1789837226347655
207,74387,371.79843,1192,3821.5977,4.4259634,6,97.11129,1.2854622129801165,1.3597728594340657,4170.486546617658,1.1285157,1.0660051,0.0,True,1.2383782590860815,1.2716425316038458
208,0,293.22592,1192,4845.6289,2.1011324,2,36.488125,1.0139163831182876,0.0,203.24871971509606,1.0047059,0.0,0.0,True,1.0111532381828012,0.0
209,3575,297.80603,1192,4771.1055,2.2569294,3,34.151749,1.0297468516016843,0.9658879626124101,2436.7322454981636,1.0718932,0.92564559,0.0,True,1.0423907561211792,0.953815250828687
210,1857,283.27075,1192,5015.9219,2.3283153,4,75.216713,0.9795071463722229,0.8833801246453746,2132.4038487473445,1.0420837,0.87179756,0.0,True,0.998280112460556,0.8799053552517623
211,18,280.82288,1192,5059.6445,4.1289339,5,107.05296,0.9710461414245277,0.3452006779427662,841.2701647683796,1.0340486,0.2202919,0.0,True,0.9899468789971694,0.30772804455993635
212,5057,282.04907,1192,5037.6484,2.7768795,4,48.941765,0.975284379161785,1.0004030858356965,2405.575114536614,1.0036256,0.94804943,0.0,True,0.9837867454132494,0.9846969890849875
213,166596,396.34189,1192,3584.9453,2.2346458,4,89.093468,1.3702719026653916,1.4688871052874974,4765.3529048930195,1.2176507,1.2420042,0.0,True,1.3244855418657742,1.4008222337012484
214,3400,280.47556,1192,5065.9102,3.9728398,5,113.98723,0.9698455905922885,0.9532221429370953,2280.8605668312925,0.99787277,0.92053485,0.0,True,0.9782537444146019,0.9434159550559666
215,22775,324.34641,1192,4380.6992,2.1088808,4,101.20485,1.1214756333237934,1.196504119173707,3254.3318239689897,1.0917616,1.0670271,0.0,True,1.1125614233266554,1.157661013421595
216,177260,397.04535,1192,3578.5938,3.0175931,5,83.181206,1.3727025838529026,1.4767868521335126,4798.445576977647,1.2182727,1.2480476,0.0,True,1.3263736186970319,1.4081650764934588
217,29025,327.03067,1192,4344.7422,3.080148,5,103.38581,1.1307526728840012,1.226625515661207,3360.5611836296375,1.0972393,1.0876489,0.0,True,1.120698661018801,1.184932530962845
218,45373,324.83881,1192,4374.0586,4.2137804,6,114.89498,1.1231774549334606,1.2789271739348953,3483.1544910751536,1.0832371,1.1277122,0.0,True,1.1111953484534225,1.2335626817544267
219,8233,209.53171,1192,6781.1406,1.4099684,4,26.571339,0.7246039336097033,1.0219538394707262,1889.169042700617,0.86916763,0.95826316,0.0,True,0.7679730425267923,1.0028466356295085
220,2585,291.29752,1192,4877.707,4.4189124,5,18.576481,1.0072511240916069,0.92521200832644,2289.0899548004186,1.0564306,0.90835029,0.0,True,1.022004966864125,0.920153492828508
221,9723,315.71494,1192,4500.4648,3.154011,5,108.89825,1.0916443724307814,1.0914996299276714,2899.038282571452,1.1001211,1.0208088,0.0,True,1.094187390701547,1.07029238094937
222,1741,263.97787,1192,5382.5117,2.2336569,3,55.021328,0.9128200726145108,0.868627980417764,1970.162679793088,0.97775882,0.86104697,0.0,True,0.9323016968301576,0.8663536772924348
223,2139,268.6965,1192,5287.9883,1.7768166,3,98.422913,0.9291306676401692,0.8944221451762101,2060.641059545038,1.0001378,0.88523644,0.0,True,0.9504328073481184,0.8916664336233471
224,161,248.65428,1192,5714.2148,4.5912519,5,89.736084,0.8598505362303186,0.5880773246779377,1266.582788681461,0.95515031,0.54848522,0.0,True,0.888440468361223,0.5761996932745563
225,20324,294.85938,1192,4818.7852,2.6037326,5,75.016953,1.0195621993254715,1.1696408995858316,2924.9036573953044,0.98677015,0.98520619,0.0,True,1.00972458452783,1.1143104867100821
226,2253,261.7261,1192,5428.8203,2.7715335,4,57.496021,0.9050364566449902,0.8977250155408673,2020.7624200589305,0.95132226,0.8161006,0.0,True,0.9189221976514931,0.873237690878607
227,413,264.12335,1192,5379.5469,3.9723308,5,108.45824,0.9133229631405206,0.7014229114389505,1592.2091174963748,0.97499466,0.54014206,0.0,True,0.9318244721983644,0.6530386560072654
228,1180,260.68378,1192,5450.5273,1.9218349,3,55.222328,0.9014334253746301,0.8221875997005801,1844.3281498066767,0.94919389,0.71868312,0.0,True,0.915761564762241,0.791136255790406
229,1270,261.18018,1192,5440.168,2.9439144,4,76.199692,0.9031493259648882,0.83090705082151,1867.0062280940535,0.97661257,0.75511992,0.0,True,0.9251882991754218,0.808170911575057
230,381,252.70334,1192,5622.6562,4.0259752,5,70.671066,0.8738472514973774,0.6885184320045968,1503.088308202813,0.9520613,0.67914194,0.0,True,0.8973114660481643,0.6857054844032178
231,0,220.69865,1192,6438.0273,1.9940531,3,45.340103,0.7632095536283958,0.0,152.97664700088615,0.88055837,0.0,0.0,True,0.7984141985398772,0.0
232,7290,242.41219,1192,5861.3555,3.9910169,5,10.331857,0.8382726172731099,1.0250958811854678,2156.143256476495,0.90049779,0.90243298,0.0,True,0.8569401690911769,0.9882970108298275
233,4988,240.70377,1192,5902.957,4.1267786,6,17.986614,0.8323668336598696,0.9805698391680124,2049.638621401839,0.89712185,0.83562708,0.0,True,0.8517933385619088,0.9370870114176086
234,5965,244.77888,1192,5804.6836,4.0235219,6,24.339489,0.8464539657348789,1.0031031593277515,2128.1074768585395,0.91082841,0.91961539,0.0,True,0.8657662990144153,0.978056828529426
235,3349,244.2019,1192,5818.3984,3.9709163,6,43.929451,0.8444594378604192,0.9362600866841082,1982.1902625522177,0.90945584,0.8645193,0.0,True,0.8639583585022934,0.9147378506788757
236,1502,251.03569,1192,5660.0078,5.2214165,6,55.777885,0.8680825838826437,0.8465012149622146,1836.547863514232,0.95753217,0.85781503,0.0,True,0.8949174597178506,0.8498953594735502
237,10208,293.53305,1192,4840.5586,4.5461326,6,69.000923,1.0149779831239798,1.087870878015305,2709.639663037296,0.98436916,0.87938195,0.0,True,1.005795336186786,1.0253241996107134
238,4682,261.60205,1192,5431.3945,5.2200546,6,57.083237,0.9046076740769851,0.9826976201337947,2211.0363871969616,0.97844821,0.95142144,0.0,True,0.9267598348538896,0.9733147660936563
239,1281,216.22072,1192,6571.3594,4.0524325,5,60.986782,0.7477288342073131,0.8140406834489409,1547.4822581657754,0.87850279,0.85376602,0.0,True,0.7869610209451191,0.8259582844142586
240,1528,244.18715,1192,5818.75,4.0563817,5,83.979347,0.8444084286368051,0.8457801307627887,1790.6299907674438,0.90945542,0.59276181,0.0,True,0.8639225260457636,0.769874634533952
241,41188,322.7251,1192,4402.707,4.6609235,7,107.87519,1.1158722614211758,1.2663999665621184,3429.2610304684663,1.0749031,1.117415,0.0,True,1.1035815129948232,1.2217044765934828
242,27425,342.80215,1192,4144.8516,3.978641,5,108.12784,1.1852583200680928,1.2267494053901338,3503.19225538299,1.0735096,1.0501411,0.0,True,1.151733704047665,1.1737669137730937
243,19378,337.8736,1192,4205.3125,4.3087792,6,199.92603,1.1682256454655278,1.1830032062798839,3335.4871268740076,1.056921,0.93339872,0.0,True,1.1348342518258694,1.1081218603959186
244,19654,337.40942,1192,4211.0977,1.3438486,3,115.6911,1.166621500609322,1.1845028828078648,3335.6760596705744,1.0538554,0.9306882,0.0,True,1.1327916704265253,1.1083584779655054
245,4876,267.37024,1192,5314.2188,1.2788206,4,21.789328,0.9245462886116883,0.9899262066609333,2270.6392442450424,0.96859425,0.90399933,0.0,True,0.9377606770281819,0.9641481436626533
246,6392,269.66763,1192,5268.9453,1.5460768,4,106.60863,0.9324874536238658,1.0224971691811664,2363.1285423552363,0.96997809,0.91261876,0.0,True,0.9437346445367061,0.9895336464268165
247,100617,372.92444,1192,3810.0586,4.9539208,8,56.059505,1.2893533066327163,1.3968985359365529,4295.752568911084,1.1285505,1.0855932,0.0,True,1.2411124646429015,1.303506935155587
248,889,249.46706,1192,5695.5977,2.9383738,4,69.191658,0.8626601279672103,0.7852961119668976,1694.4661948285259,0.93866795,0.68882143,0.0,True,0.8854624745770472,0.7563537073768283
249,7356,286.6232,1192,4957.2539,5.3600521,6,28.193407,0.9910947211207887,1.0463257117550988,2551.962110869216,0.99898708,0.91986257,0.0,True,0.9934624287845522,1.008386769228569
250,6770,269.77722,1192,5266.8047,1.8929369,3,110.04863,0.9328663028613841,1.0292488724799003,2379.583928160955,0.97059029,0.90880907,0.0,True,0.9441834990029689,0.9931169317359301
251,2636,249.46706,1192,5695.5977,2.1049693,4,57.176434,0.8626601279672103,0.9108949570875791,1965.2457012002583,0.93866795,0.86380529,0.0,True,0.8854624745770472,0.8967680569613053
252,1611,254.10307,1192,5591.6836,2.5305386,4,132.68242,0.8786858021407723,0.8558049998668386,1876.7674335144254,0.95147151,0.77996963,0.0,True,0.9005215144985406,0.833054388906787
253,134,231.24454,1192,6144.4219,2.5098491,3,18.145157,0.7996669348369468,0.5622872471534687,1136.024619230786,0.90927917,0.36619231,0.0,True,0.8325506053858628,0.503458766007428
254,105836,372.1362,1192,3818.1289,7.1426177,8,177.23613,1.2866294540447791,1.402671313659357,4305.491131964247,1.1310751,1.1025262,0.0,True,1.2399631478313453,1.31262777956155
255,1516,254.39311,1192,5585.3086,4.1820521,6,63.137737,0.8796883639088205,0.8488784551586215,1863.4674246275779,0.95686167,0.86217493,0.0,True,0.9028403557361744,0.852867397611035
256,16218,279.36426,1192,5086.0625,5.4302716,7,17.809286,0.9660043210922985,1.1358067117637585,2708.1572279791203,1.0143962,1.0402184,0.0,True,0.9805218847646089,1.107130218234631
257,5592,248.21667,1192,5724.2891,3.4530327,5,21.319048,0.8583377952377017,0.9972580026482806,2141.9733115971003,0.9564085,0.94862908,0.0,True,0.8877590066663912,0.9826693258537964
258,1757,247.29309,1192,5745.668,3.297899,5,63.704601,0.8551451407749514,0.8631362798262462,1847.897799193452,0.95414495,0.82635599,0.0,True,0.8848450835424659,0.8521021928783724
259,1786,261.81729,1192,5426.9297,3.1593804,5,115.88393,0.9053516314620327,0.8707640561509975,1960.7111860786242,0.97201717,0.86307913,0.0,True,0.9253512930234229,0.8684585783056982
260,24229,321.90768,1192,4413.8867,4.6213484,6,97.630852,1.113047207707499,1.202802078870234,3249.782956855626,1.0720962,1.0613704,0.0,True,1.1007619053952493,1.1603725752091638
261,2646,255.42206,1192,5562.8086,4.0310988,5,13.791048,0.883245177738491,0.9138240848418812,2013.1242700281023,0.95967388,0.91088653,0.0,True,0.9061737884169436,0.9129428183893168
262,509,243.91484,1192,5825.2461,3.9133313,5,82.869102,0.8434670986330375,0.7190394204308533,1521.143090775402,0.9452163,0.54730976,0.0,True,0.8739918590431263,0.6675205223015974
263,4492,293.70563,1192,4837.7148,4.9173498,7,104.22315,1.0155743807440232,0.9912146885715406,2470.210746677576,0.98432785,0.92238009,0.0,True,1.0062004215208162,0.9705643090000784
264,20517,317.28467,1192,4478.1992,2.3185675,4,86.777557,1.0970696037327277,1.180955747452756,3150.35329991964,1.0639479,1.0438896,0.0,True,1.0871330926129095,1.1398359032169294
265,0,187.85849,1192,7563.4805,3.3308072,3,28.18112,0.649673257499994,0.0,130.21358268774867,0.81909335,0.0,0.0,True,0.7004992852499958,0.0
266,0,169.884,1192,8363.7305,3.1908393,3,27.635551,0.5875267391159306,0.0,117.75461562224574,0.77322578,0.0,0.0,True,0.6432364513811515,0.0
267,5184,209.36769,1192,6786.4531,2.814199,4,28.19895,0.7240368738774499,0.9694438726436982,1790.8721714735643,0.86885065,0.92444134,0.0,True,0.7674810067142149,0.9559431128505889
268,2127,204.63777,1192,6943.3125,1.462085,3,20.421297,0.7076845514132997,0.8662635214701738,1568.2226551447088,0.8582378,0.8595376,0.0,True,0.7528505259893098,0.8642457450291217
269,0,180.26015,1192,7882.2969,0.78857011,1,25.135534,0.6234024952799131,0.0,124.94681473981282,0.80016237,0.0,0.0,True,0.6764304576959392,0.0
270,214976,398.01376,1192,3569.8867,5.7703972,8,177.23543,1.3760487870423446,1.5008058305051504,4886.928757848363,1.2182928,1.2728598,0.0,True,1.3287219909296413,1.4324220213536054
271,205309,397.06226,1192,3578.4414,5.0298867,7,43.931728,1.372761012367828,1.4947449726052637,4856.977210960599,1.2145451,1.2919447,0.0,True,1.3252962386574796,1.4339048908236844
272,19699,355.31107,1192,3998.9297,6.0956097,8,285.20578,1.2284870591421997,1.1921557449892577,3513.4667518385827,1.2444065,1.1438316,0.0,True,1.2332628913995398,1.1776585014924803
273,31636,333.12164,1192,4265.3008,4.4446011,5,222.3293,1.151803116618281,1.2396361336481867,3451.8444790889425,1.1023206,1.0567178,0.0,True,1.1369583616327967,1.1847606335537306
274,178671,396.15152,1192,3586.668,2.0625339,4,90.954063,1.3696141189398638,1.4773491710350923,4790.784167737963,1.2149804,1.2950168,0.0,True,1.3232240032579048,1.4226494597245647
275,2932,297.59357,1192,4774.5117,3.0072978,4,77.530563,1.0290125241371613,0.9424087858765324,2376.0233570057967,1.0750932,0.90930259,0.0,True,1.042836726896013,0.9324769271135727
276,177853,396.15543,1192,3586.6328,3.00108,5,43.734394,1.3696275531415985,1.4767903687240809,4789.013611016181,1.2149805,1.2955883,0.0,True,1.3232334371991188,1.4224297481068566
277,3875,253.29408,1192,5609.543,3.1008241,4,15.344386,0.8758892805397167,0.9571168137344132,2092.9226144357754,0.95144272,0.91251254,0.0,True,0.8985553123778017,0.9437355316140892
278,4,239.17171,1192,5940.7695,4.447053,5,99.496216,0.8270706715089123,0.18520363786074143,428.5381761639663,0.89468706,0.11912195,0.0,True,0.8473555880562387,0.165379131502519
279,660,290.5975,1192,4889.457,1.8155667,4,92.60128,1.0048315585699072,0.7643802162852299,1887.507932391405,1.0062598,0.72845101,0.0,True,1.005260030998935,0.7536014543996609
280,418,259.79529,1192,5469.168,2.0877552,3,14.183506,0.8983621707444706,0.7014719616977336,1569.2297243901821,0.96798408,0.67410314,0.0,True,0.9192487435211294,0.6932613151884136
281,715,267.61929,1192,5309.2734,5.7589059,6,11.821658,0.9254071464270099,0.7663619115351149,1759.6171281574234,0.94185466,0.67433864,0.0,True,0.930341400498907,0.7387549300745804
282,1600,252.96555,1192,5616.8281,3.115556,4,110.73563,0.8747536449794012,0.8545674720464609,1866.6348494599642,0.94895583,0.86149102,0.0,True,0.8970143004855808,0.8566445364325226
283,28436,351.71432,1192,4039.8242,2.152297,4,122.04238,1.2160574329253813,1.2348968526402861,3606.9997224291474,1.260514,1.4151298,0.0,True,1.2293944030477668,1.2889667368482003
284,29401,356.03131,1192,3990.8398,4.0649648,6,166.92227,1.2309760990129588,1.2407365152013787,3663.1534520174487,1.2628589,1.4153411,0.0,True,1.2405409393090712,1.293117890640965
285,528,242.52808,1192,5858.5547,4.3936634,4,71.560623,0.8386732336083619,0.7227830160257086,1521.3488164737894,1.0063809,0.82187611,0.0,True,0.8889855335258533,0.752510944217996
286,1939,280.38153,1192,5067.6094,2.8950667,4,18.932669,0.9695205238075507,0.8873814703241781,2122.7569511155593,1.1168281,0.88419098,0.0,True,1.0137127966652857,0.8864243232269247
287,837,239.13727,1192,5941.625,3.6307461,5,200.86729,0.8269516264884954,0.7745489177285444,1609.922489409339,0.89294076,0.57229054,0.0,True,0.8467483665419469,0.7138714044099811
288,1380,284.51178,1192,4994.043,4.5250301,5,208.33723,0.9837966488654488,0.8489962873719591,2057.3863372921173,1.0013341,0.7017926,0.0,True,0.9890578842058142,0.8048351811603713
289,1717,279.8302,1192,5077.5938,4.031332,6,37.106194,0.9676148437277964,0.8729351911064818,2084.5945167458835,1.1130135,0.82817036,0.0,True,1.0112344406094576,0.8595057417745372
290,22893,316.2439,1192,4492.9375,2.1728406,4,17.259527,1.0934724589580351,1.193522090291866,3174.6693612747576,1.060552,1.0315038,0.0,True,1.0835963212706246,1.1449166032043063
291,23970,317.13724,1192,4480.2812,3.0825965,5,100.8034,1.0965600197032892,1.1993895755418684,3198.2154546556094,1.0565834,1.0200356,0.0,True,1.0845670337923023,1.1455833828793078
292,24920,317.63324,1192,4473.2852,4.1895919,6,121.71729,1.0982742197050779,1.2042356928401294,3215.5620828842625,1.0564024,1.0171223,0.0,True,1.0857126737935545,1.1481016749880906
293,19540,317.608,1192,4473.6406,4.3058195,6,123.4483,1.0981870083553364,1.1752952422899727,3138.069079352758,1.0551069,0.9902603,0.0,True,1.0852629758487355,1.1197847596029809
294,38,252.64752,1192,5623.8984,4.1030383,5,122.63607,0.8736543057705562,0.424253453771867,931.9862456608397,0.9506433,0.27238017,0.0,True,0.8967510040393893,0.3786914686403069
295,130096,373.83856,1192,3800.7422,2.9484434,5,91.000206,1.2925121142810267,1.4284820573765613,4402.339066626515,1.1347765,1.126392,0.0,True,1.2451914299967188,1.337855040163593
296,3021,285.96387,1192,4968.6836,2.1081188,4,107.86588,0.9888157759604097,0.9415098556761572,2291.715882506464,1.0038552,0.86438894,0.0,True,0.9933276031722869,0.91837358097331
297,27077,350.15012,1192,4057.8711,4.0518055,6,358.13095,1.2106518261103618,1.2283414605116918,3573.812031404342,1.2595928,1.4150765,0.0,True,1.2253341182772532,1.2843619723581843
298,0,234.42581,1192,6061.0391,2.0003557,2,36.097355,0.8106644670966551,0.0,162.49158925198142,0.9359262,0.0,0.0,True,0.8482429869676585,0.0
299,5444,288.61499,1192,4923.043,3.0887048,5,113.70626,0.9979791772351396,1.0117805570176526,2482.849897418979,1.0085092,0.92455226,0.0,True,1.0011381840645976,0.9856120679123568
300,253,253.47076,1192,5605.6328,2.997076,4,10.475174,0.8765000377677516,0.6414845143019885,1404.5482821516007,0.94897765,0.45415393,0.0,True,0.8982433214374261,0.5852853390113919
301,584,278.2868,1192,5105.7539,3.0622406,4,49.57008,0.9622801836610968,0.7462030273375176,1773.6107696180602,1.1109599,0.79096204,0.0,True,1.0068840985627676,0.7596307311362623
302,200,243.96262,1192,5824.1055,2.4863482,2,69.633064,0.8436322275639676,0.6116650852257415,1295.0188951193652,0.99511814,0.39563748,0.0,True,0.8890780012947773,0.546856803658019
303,705,312.69418,1192,4543.9414,3.8749561,4,12.594248,1.0812040738113526,0.7788472605162939,2051.596104027383,1.077585,0.669716,0.0,True,1.080118351667947,0.7461078823614058
304,32362,331.67819,1192,4283.8633,2.5636148,5,109.81206,1.1468145428221388,1.2417057785717736,3444.4123218890986,1.1019387,1.0616852,0.0,True,1.1333517899754972,1.1876996050002415
305,17797,354.25873,1192,4010.8086,4.1252556,6,358.491,1.2248504354251244,1.179493374038167,3467.093898448457,1.2435896,1.1411177,0.0,True,1.2304721847975872,1.167980671826717
306,15793,325.33215,1192,4367.4258,3.907475,6,120.47547,1.1248824413010248,1.1532659640492502,3145.1318748918616,1.1116288,0.88319266,0.0,True,1.1209063489107174,1.072243972834475
307,31471,331.66669,1192,4284.0117,3.0427022,5,311.49393,1.1467748352128118,1.238362556870223,3435.033870936523,1.1019386,1.0607731,0.0,True,1.1333239646489681,1.1850857198091562
308,161,261.34024,1192,5436.8359,3.9986553,4,176.66389,0.9037026399321375,0.5914775174600403,1331.2018999788875,0.98587829,0.49740127,0.0,True,0.9283553349524962,0.5632546432220282
309,1782,274.32785,1192,5179.4375,5.4126759,6,43.266178,0.9485958985296422,0.875251452561015,2053.7865339750606,0.97391701,0.79166663,0.0,True,0.9561922319707495,0.8501760057927105
310,14095,324.24695,1192,4382.043,3.5536771,5,65.276024,1.1211318778095205,1.139243732826327,3097.763691721995,1.1115994,0.9184733,0.0,True,1.1182721344666644,1.0730126029784288
311,6478,294.11337,1192,4831.0078,2.964994,4,105.05007,1.0169837427093917,1.0345249788182629,2581.2788711280564,1.012477,0.88050663,0.0,True,1.0156317198965743,0.988319474172784
312,130500,374.14389,1192,3797.6406,2.9666741,5,19.398369,1.2935671760607261,1.4289995719373831,4407.094693911317,1.1358378,1.1326356,0.0,True,1.2462483632425083,1.3400903803561683
313,5497,291.53754,1192,4873.6914,3.06991,4,66.531235,1.0080806921019825,1.014120849373547,2510.815034442508,1.0361201,0.88275176,0.0,True,1.0164925144713877,0.9747101225614828
314,5181,291.54456,1192,4873.5742,2.8482013,5,60.165058,1.0081049245415408,1.0071534030704863,2493.6212391403183,1.0361202,0.92534596,0.0,True,1.0165095071790786,0.9826111701493404
315,134380,374.06384,1192,3798.4531,4.0606146,6,29.01605,1.29329062394894,1.4325167638864968,4417.111072726983,1.1358362,1.143694,0.0,True,1.2460542967642578,1.3458699347205478
316,996,289.42587,1192,4909.25,3.1885271,5,130.259,1.0007819518427454,0.8123726142550349,1998.7036500017957,1.0126961,0.7986573,0.0,True,1.004356196289922,0.8082580199785244
317,163,255.17137,1192,5568.2734,4.0516229,5,20.719004,0.8823786568515081,0.5912628850896426,1302.8911017205103,0.95259166,0.37738881,0.0,True,0.9034425577960556,0.5271006625627499
318,131427,374.32831,1192,3795.7695,4.093008,6,47.616428,1.2942044958198973,1.429943707070583,4411.916585316767,1.1374025,1.1639422,0.0,True,1.247163897073928,1.3501432549494081
319,24185,349.62573,1192,4063.957,4.1191435,6,217.73813,1.2088397297334141,1.2145294084061686,3528.971981543222,1.2593496,1.41649,0.0,True,1.22399269081339,1.2751175858843182
320,9231,349.93484,1192,4060.3672,4.3239369,6,226.37061,1.20990794751092,1.0987589295537072,3195.093809679516,1.2413989,1.0585418,0.0,True,1.219355233257644,1.086693790687595
321,135898,374.897,1192,3790.0117,3.9188223,6,65.948166,1.2961696191463974,1.4342662609018286,4431.160548568399,1.137943,1.1815205,0.0,True,1.248701633402478,1.3584425326312801
322,27369,331.78528,1192,4282.4805,3.0140147,5,78.14212,1.1471846729113795,1.2217167895948091,3389.929614492763,1.0926909,1.0062782,0.0,True,1.1308365410379657,1.1570852127163662
323,20951,332.19586,1192,4277.1875,3.0034683,5,51.501984,1.1486036451984596,1.1899407291582575,3305.361135847773,1.0928739,1.0582006,0.0,True,1.1318847216389218,1.1504186904107803
324,16803,332.19949,1192,4277.1406,1.5518221,4,51.422409,1.148616234060569,1.1635581718128214,3232.112262070701,1.0928741,1.0423756,0.0,True,1.1318935938423982,1.127203400268975
325,4757,331.54276,1192,4285.6133,2.4435766,4,13.148154,1.146346467622834,1.0124183960233293,2807.435409653534,1.0928587,0.91624498,0.0,True,1.130300137335984,0.9835663712163305
326,1753,271.76138,1192,5228.3516,2.9112713,4,44.15007,0.9397246565580186,0.8723760163150988,2030.118420081482,0.98066735,0.84668452,0.0,True,0.9520074645906131,0.8646685674205692
327,9190,290.28418,1192,4894.7344,4.0308123,5,20.662449,1.003748612746422,1.0740834388826888,2649.159209584025,1.0268908,1.0010781,0.0,True,1.0106912689224954,1.0521818372178822
328,150930,396.11832,1192,3586.9688,4.0083437,6,83.881149,1.3694993283273131,1.4567219022252245,4723.546451423442,1.2152581,1.2977003,0.0,True,1.323226959829119,1.409015421557657
329,49,271.00815,1192,5242.8828,4.1913824,5,15.834757,0.9371211042099326,0.4567346407175149,1065.556790847199,0.98030388,0.29151878,0.0,True,0.9500759369469529,0.40716988250226044
330,2761,331.23691,1192,4289.5703,4.5037451,5,103.20412,1.1452894901867698,0.9472863643938775,2624.745231524149,1.0923617,0.62280488,0.0,True,1.129411153130739,0.8499419190757143
331,5467,286.50513,1192,4959.2969,4.3149323,6,21.359205,0.9906866007127457,1.0114040527137194,2465.906982794805,1.0176231,0.94441694,0.0,True,0.9987675504989221,0.9913079188996036
332,2819,274.49927,1192,5176.2031,4.1826692,6,19.839334,0.9491884088107095,0.9289189166713423,2180.854622431949,0.98855263,0.90532607,0.0,True,0.9609976751674967,0.9218410626699396
333,1048,254.65848,1192,5579.4883,3.6871347,6,14.92916,0.8806056909566008,0.8062221249755033,1771.543288603905,0.94482559,0.83335078,0.0,True,0.8998716606696205,0.8143607214828523
334,0,240.15517,1192,5916.4414,2.2134833,3,17.454977,0.8304703939431898,0.0,166.46287898239436,0.93271148,0.0,0.0,True,0.8611427197602329,0.0
335,8,249.17928,1192,5702.1758,3.1257048,4,51.537094,0.8616653015826902,0.25403997995654676,573.7564956109894,0.94229734,0.16325323,0.0,True,0.8858549131078831,0.22680395496958272
336,53,259.20139,1192,5481.6992,3.6995251,4,23.436687,0.8963092579891477,0.4633118371567939,1038.706331805384,0.96244383,0.29684711,0.0,True,0.9161496295924034,0.41337241900975574
337,5605,283.91571,1192,5004.5273,3.8274667,5,17.187555,0.9817364545256116,1.0132526377560596,2450.6954193134306,1.0110965,0.95101023,0.0,True,0.9905444681679282,0.9945799154292416
338,10,226.13168,1192,6283.3477,2.8050227,3,29.051298,0.7819917999107167,0.2741662606057855,561.9161153597321,0.89548326,0.17749101,0.0,True,0.8160392379375017,0.24516368542404982
339,663,238.68941,1192,5952.7734,2.5064466,3,21.424679,0.8254034252567333,0.7476064389556066,1551.430333859792,0.92439628,0.72422504,0.0,True,0.8551012816797133,0.7405920192689247
340,3678,278.85645,1192,5095.3242,3.9616692,6,15.189044,0.9642491174070669,0.9617800583494304,2289.597739298597,0.9922483,0.89049459,0.0,True,0.9726488721849468,0.9403944178446013
341,941,271.72565,1192,5229.0391,3.1839108,4,41.050575,0.9396011513253042,0.7997617745896293,1861.0669875416597,0.98066634,0.82630199,0.0,True,0.9519207079277129,0.8077238392127405
342,2111,287.44495,1192,4943.082,4.2029519,5,33.860458,0.993935057292818,0.8999617603987002,2200.6394497504466,1.0016148,0.68700242,0.0,True,0.9962389801049726,0.8360739582790901
343,7665,287.75809,1192,4937.7031,1.0518965,4,14.730639,0.9950173647051143,1.0516488816007488,2573.9042291608016,1.0149783,0.95714438,0.0,True,1.00100564529358,1.0232975311205241
344,705,269.01804,1192,5281.668,4.4556437,5,28.141415,0.9302420895839185,0.7651869864562073,1765.0356101193909,0.96122116,0.58333659,0.0,True,0.9395358107087429,0.7106318675193452
345,23025,348.98068,1192,4071.4688,3.1086407,5,51.007412,1.20661053326042,1.2083470115884216,3505.3094708437693,1.0964888,1.0314854,0.0,True,1.173574013282294,1.1552885281118952
346,0,208.04315,1192,6829.6602,2.4357922,2,16.499125,0.7194576745763326,0.0,144.20452285730977,0.86169857,0.0,0.0,True,0.7621299432034329,0.0
347,2082,285.92093,1192,4969.4297,4.4401307,6,19.99865,0.9886673769092387,0.8977756353393085,2185.0204427708163,1.0035322,0.87341642,0.0,True,0.9931268238364671,0.890467870737516
348,5125,280.95413,1192,5057.2812,4.5778279,5,25.070635,0.9714997381421857,1.0015128742854107,2399.987713872394,1.0282725,0.95178008,0.0,True,0.9885315666995299,0.9865930359997875
349,7283,297.89651,1192,4769.6562,5.1648321,6,36.366486,1.0300596176622454,1.0499107793537257,2649.364274310882,1.0224351,0.91474694,0.0,True,1.0277722623635719,1.009361627547608
350,59,262.26108,1192,5417.7461,5.8066883,6,31.555712,0.9068857231130593,0.4761979440986575,1078.122219361866,0.95882446,0.30460227,0.0,True,0.9224673441791416,0.42471924186906024
351,4035,261.13443,1192,5441.1211,4.5310321,5,15.565116,0.90299118294239,0.9652090116965691,2168.266315397374,0.96588206,0.90321267,0.0,True,0.921858446059673,0.9466101091875985
352,19859,340.58386,1192,4171.8477,3.3038385,5,44.554581,1.1775921677706838,1.187077005205975,3370.5926964403875,1.0845602,1.0084221,0.0,True,1.1496825774394788,1.1334805336441824
353,3095,305.79926,1192,4646.3945,6.147893,6,75.833771,1.0573737579690543,0.9518471890203786,2458.0723029758124,1.0315225,0.82061172,0.0,True,1.049618380578338,0.912476548314265
354,9838,333.10699,1192,4265.4883,3.327009,6,21.577351,1.1517525100157118,1.099903438609296,3062.6559483192427,1.0702882,0.97088212,0.0,True,1.1273132170109983,1.0611970430265072
355,127372,395.49551,1192,3592.6172,3.0738168,5,64.147362,1.3673473662196027,1.435715028156986,4649.003415301244,1.2166916,1.3006928,0.0,True,1.3221506363537219,1.39520835970989
356,7666,288.57791,1192,4923.6758,5.1397166,6,47.656498,0.9978509671683392,1.0520158891668443,2581.274893784882,1.050581,0.99496323,0.0,True,1.0136699770178375,1.034900091416791
357,5146,331.21158,1192,4289.8984,6.2267075,6,101.40445,1.1452019369768127,1.0216925317894427,2830.654580848871,1.0664874,0.94156355,0.0,True,1.121587575883769,0.99765383725261
358,20935,324.71353,1192,4375.7461,3.4846373,5,19.868725,1.1227445011001627,1.1866186964312133,3230.663624201904,1.1126211,0.9826206,0.0,True,1.119707480770114,1.1254192675018493
359,32053,325.66071,1192,4363.0195,2.5278199,5,39.048275,1.1260179618871538,1.2378506001661598,3378.7977523161835,1.1126448,1.0734785,0.0,True,1.1220060133210077,1.1885389701163118
360,397,302.72311,1192,4693.6094,3.9896722,4,218.80196,1.0467417415485374,0.7080707248598265,1812.9970257909063,1.0802358,0.44935298,0.0,True,1.0567899590839762,0.6304554014018786
361,127024,395.48691,1192,3592.6953,3.0085909,5,85.069382,1.3673176586031321,1.4353770667011378,4647.820330143631,1.2174724,1.3010623,0.0,True,1.3223640810221924,1.3950826366907965
362,33397,325.66769,1192,4362.9258,1.977427,4,23.933083,1.126042133634364,1.2427542789763604,3392.2462492990303,1.112645,1.087945,0.0,True,1.1220229935440549,1.1963114952834522
363,33871,325.95602,1192,4359.0664,3.0127156,5,39.465012,1.1270386438022781,1.2445669858663342,3399.8430383394275,1.1151915,1.0930483,0.0,True,1.1234845006615948,1.199111380106434
364,39637,331.61136,1192,4284.7266,4.0307579,6,226.29231,1.1465835868766818,1.2659207767359522,3510.9580759560254,1.1019157,1.0754002,0.0,True,1.1331832208136774,1.2087646037151665
365,126504,374.9248,1192,3789.7305,3.0497155,5,99.057129,1.29626574488553,1.4255870750905215,4404.633428335337,1.1376299,1.1780312,0.0,True,1.248674991419871,1.351320312563365
366,5662,286.55206,1192,4958.4844,2.7622185,4,27.099379,0.9908488697167726,1.0155413872446557,2476.3501311007008,1.013359,0.93651259,0.0,True,0.9976019088017407,0.991832748071259
367,125227,374.25937,1192,3796.4688,2.1140614,4,50.578217,1.2939662321269252,1.4240491825189077,4393.018812193838,1.1354135,1.1760608,0.0,True,1.2464004124888475,1.3496526677632352
368,2307,285.82388,1192,4971.1172,1.692024,3,71.07235,0.9883318979467614,0.9097901466730267,2213.582991840562,1.0125639,0.8272298,0.0,True,0.995601498562733,0.8850220426711186
369,1492,264.31836,1192,5375.5781,2.2429368,3,21.359491,0.9139970205151802,0.8508021219833294,1931.9590253916313,0.97954679,0.77920759,0.0,True,0.9336619513606261,0.8293237623883305
370,1677,247.63031,1192,5737.8438,2.8068252,4,48.407684,0.8563108217313655,0.8578911351622178,1838.8912061477452,0.94702595,0.86405087,0.0,True,0.8835253602119559,0.8597390556135525
371,5851,294.0007,1192,4832.8594,3.0358124,4,50.914768,1.016594269729474,1.0224809998600815,2550.370703308359,1.0125428,0.89434689,0.0,True,1.0153788288106318,0.984040766902057
372,9,210.73203,1192,6742.5156,3.5857649,4,56.281013,0.7287536500008516,0.2611637615850599,505.31333856420446,0.89525133,0.17043294,0.0,True,0.7787029540005961,0.23394451510954192
373,0,215.86182,1192,6582.2852,3.2757516,4,20.0145,0.7464880714747416,0.0,149.6240119235384,0.89136428,0.0,0.0,True,0.7899509340323192,0.0
374,0,236.72821,1192,6002.0898,1.9819407,2,53.466648,0.8186237256124456,0.0,164.08749132050264,0.91485971,0.0,0.0,True,0.8474945209287119,0.0
375,119926,374.41385,1192,3794.9023,2.107482,4,28.859388,1.2945000878710213,1.418872702787176,4378.637748388299,1.1345401,1.1754907,0.0,True,1.246512091509715,1.3458581019510232
376,172,245.10745,1192,5796.9023,2.7847033,4,17.955975,0.8475897862579411,0.5946840108202213,1264.5228887994601,0.94362372,0.74173236,0.0,True,0.8763999663805588,0.6387985155741549
377,350,221.05463,1192,6427.6602,3.2042124,4,17.754833,0.7644401427291108,0.6683656270326412,1296.1828199783024,0.94472015,0.85647112,0.0,True,0.8185241449103775,0.7247972749228488
378,449,241.49738,1192,5883.5586,3.8744755,5,57.010448,0.8351102580114796,0.7037957584579669,1475.9033504454674,0.97055686,0.7515198,0.0,True,0.8757442386080359,0.7181129709205769
379,907,243.27715,1192,5840.5156,2.7353325,4,14.479707,0.8412626850303461,0.7853309538717532,1657.2878993279787,0.96346307,0.83022374,0.0,True,0.8779228005212423,0.7987987897102272
380,1350,263.42957,1192,5393.7148,3.2020569,5,24.617285,0.9109247881277349,0.8388388924506264,1899.1534037805943,0.97657174,0.74704152,0.0,True,0.9306188736894145,0.8112996807154385
381,5915,296.86252,1192,4786.2695,3.9971626,5,34.700176,1.0264857399918035,1.0249326563493675,2578.4246040708067,1.0647746,0.896559,0.0,True,1.0379723979942623,0.9864205594445572
382,120960,374.59894,1192,3793.0273,1.992443,4,14.90536,1.2951396584123869,1.4199993641449151,4384.01819900968,1.1350284,1.1773833,0.0,True,1.2471062808886708,1.3472145449014405
383,2853,244.30179,1192,5816.0195,3.1084123,4,23.47015,0.844804724526565,0.9178198708640894,1943.8671086471627,0.99675876,0.94488138,0.0,True,0.8903909351685955,0.9259383236048626
384,145,266.15787,1192,5338.4258,4.0105071,5,23.689644,0.9203555194021577,0.5806201428334914,1328.2429076756187,1.0113106,0.76082915,0.0,True,0.9476420435815104,0.634682844983444
385,4188,286.2312,1192,4964.043,3.2461281,4,44.616474,0.9897397910142307,0.9799822512900059,2387.298733124215,1.0696957,0.92584252,0.0,True,1.0137265637099615,0.9637403319030041
386,2096,241.90662,1192,5873.6055,1.2190763,2,30.884998,0.8365249098135815,0.881264769871811,1850.280789605918,0.98338175,0.86837381,0.0,True,0.8805819618695072,0.8773974819102677
387,0,221.56602,1192,6412.8242,0.45278218,1,29.411692,0.7662081154129965,0.0,153.57786207088844,0.93855911,0.0,0.0,True,0.8179134137890975,0.0
388,26078,324.81705,1192,4374.3516,2.9799619,5,100.60469,1.1231022573660863,1.2128630861579568,3303.039900564457,1.1226767,1.0704478,0.0,True,1.1229745901562604,1.1701385003105698
389,20355,328.90222,1192,4320.0195,3.4831777,5,111.13192,1.1372207739894933,1.185078281998613,3263.0981638787007,1.1018133,1.073173,0.0,True,1.1265985317926452,1.1515066973990291
390,1930,259.93768,1192,5466.1719,2.9891739,4,99.621422,0.8988543979364809,0.8790399180204399,1966.7693313383998,0.98753595,0.86336052,0.0,True,0.9254588635555366,0.8743360986143079
391,0,255.49561,1192,5561.207,4.0099459,4,107.36465,0.8834994565163012,0.0,177.09606171694335,1.0025949,0.0,0.0,True,0.9192280895614109,0.0
392,26410,324.90729,1192,4373.1367,3.0083647,5,49.202011,1.1234141234918862,1.2144121064599176,3308.06752897657,1.1221495,1.064544,0.0,True,1.1230347364443203,1.1694516745219423
393,19087,312.13498,1192,4552.082,4.4782319,6,150.55254,1.0792713791687727,1.1700874328965478,3076.673149932537,1.105356,0.92761809,0.0,True,1.087096765418141,1.0973466300275834
394,90,259.93732,1192,5466.1797,3.024775,4,51.711384,0.8988531157795863,0.5240990291097647,1175.3816043247411,0.98753595,0.69240147,0.0,True,0.9254579660457104,0.5745897613768354
395,6128,289.69028,1192,4904.7695,3.0474195,5,105.63768,1.001695792106738,1.0261469772363139,2526.374455746814,1.0840791,1.0374393,0.0,True,1.0264107844747166,1.0295346740654197
396,5956,289.70041,1192,4904.5977,3.0335486,5,111.72114,1.001730865562441,1.0228018515123645,2518.2179555302087,1.0851113,1.0430939,0.0,True,1.0267449958937087,1.0288894660586552
397,229,316.67752,1192,4486.7852,4.0413933,6,141.29021,1.0949711652470435,0.6466544288197017,1723.4913433721194,1.0764459,0.87620753,0.0,True,1.0894135856729306,0.7155203591737912
398,439,255.96289,1192,5551.0547,3.8115811,4,44.612782,0.8851147029017531,0.7059353494014426,1558.5695236590648,0.97490102,0.64795983,0.0,True,0.9120505980312272,0.6885426935810098
399,0,245.76675,1192,5781.3516,1.5213711,2,18.071636,0.849868847847273,0.0,170.35252983788092,0.95564425,0.0,0.0,True,0.8816014684930911,0.0
400,4494,284.50754,1192,4994.1172,3.7386572,6,22.244467,0.9837820379769481,0.9875660106722766,2392.9768134158408,0.98384607,0.92057246,0.0,True,0.9838012475838636,0.9674679454705936
401,6817,330.82748,1192,4294.8789,5.4885244,6,187.26222,1.1438745366986451,1.05515794186954,2920.369030445564,1.0420541,0.8023411,0.0,True,1.1133284056890516,0.9793128893086781
402,2437,258.13779,1192,5504.2852,2.4757254,4,20.819292,0.8926327246884493,0.9053970135143555,2013.3052682665475,0.97276592,0.8682512,0.0,True,0.9166726832819145,0.8942532694600489
403,4806,284.82388,1192,4988.5703,3.1930561,5,21.881271,0.9848754882758957,0.9955754406744207,2414.7472439370963,0.98361671,0.89714175,0.0,True,0.9844978547931269,0.9660453334720945
404,0,247.06297,1192,5751.0195,4.0941544,4,96.802277,0.8543496786318355,0.0,171.25100107626636,1.0125146,0.0,0.0,True,0.9017991550422848,0.0
405,5646,322.97983,1192,4399.2344,3.935358,7,194.71509,1.1167526912421848,1.0296801111826688,2790.241089897668,1.0893229,1.0578606,0.0,True,1.1085237538695294,1.0381342578278683
406,7255,332.70694,1192,4270.6172,4.1586957,5,116.63106,1.1503699327399803,1.0633199110113234,2957.672137289123,1.0771689,1.0524306,0.0,True,1.1284096229179863,1.0600531177079264
407,13706,340.41653,1192,4173.8984,3.8645363,5,95.561157,1.1770138758614632,1.1425322628009746,3242.7176145689436,1.0586004,0.92829227,0.0,True,1.1414898331030243,1.0782602649606823
408,0,320.32977,1192,4435.6289,2.9617672,4,21.311073,1.1075938235817069,0.0,222.03567692491575,,,,False,1.1075938235817069,0.0
409,11599,306.69601,1192,4632.8086,9.2974157,10,103.21726,1.0604732115556363,1.10865217046053,2870.320904372612,1.1155107,0.88998449,0.0,True,1.0769844580889454,1.0430518663223711
410,0,322.01511,1192,4412.4141,2.8627808,4,21.155365,1.1134185080162016,0.0,223.20386559420064,,,,False,1.1134185080162016,0.0
411,15200,307.03101,1192,4627.7539,6.9545946,9,24.677671,1.061631021248815,1.140826379573182,2956.4575600200915,1.1166911,0.98920363,0.0,True,1.0781490448741704,1.0953395547012272
412,0,314.51352,1192,4517.6562,6.1763849,6,44.20153,1.087492088665435,0.0,218.004159635984,1.0803982,0.97346979,6.8387587813131185,True,1.0853639220658045,0.29204093700000006
413,0,319.67749,1192,4444.6797,6.2450099,6,42.953262,1.1053394201043272,0.0,221.5835508819801,1.0803982,0.97346979,7.931572916151549,True,1.097857054073029,0.29204093700000006
414,0,315.1785,1192,4508.125,2.2072408,3,45.770306,1.0897902743244774,0.0,218.4650886481127,1.0708667,0.95633382,6.546888952740801,True,1.084113202027134,0.286900146
415,0,321.67422,1192,4417.0898,6.2255831,6,42.185627,1.11224043489401,0.0,222.96757865181957,1.0803982,0.97346979,9.721158958908102,True,1.102687764425807,0.29204093700000006
416,2552,319.85205,1192,4442.2539,1.104224,3,96.604736,1.105942745752596,0.9339768131799344,2509.3724024069816,1.0399678,0.92556059,0.0,True,1.0861502620268173,0.9314519462259541
417,1297,299.67117,1192,4741.4102,5.0226936,7,37.159267,1.0361934038484977,0.8468771396247118,2148.4475076351982,1.074689,0.95192617,0.0,True,1.0477420826939485,0.8783918487372984
418,10609,324.59821,1192,4377.3008,2.1988976,4,99.600784,1.1223459144408814,1.105509002807296,3008.9106540505722,1.0630084,0.96901166,0.0,True,1.1045446601086168,1.064559799965107
419,11832,333.33258,1192,4262.6016,0.44998193,3,115.39523,1.1525321289068793,1.1220707933384821,3126.2369424340886,1.054812,0.9530533,0.0,True,1.1232160902348154,1.0713655453369375
420,1581,275.74033,1192,5152.9062,3.8656874,5,113.43826,0.953478137194365,0.8617843826089983,2031.40025962702,0.97326642,0.67624134,0.0,True,0.9594146220360555,0.8061214698262987
421,25100,310.22781,1192,4580.0664,2.9397085,5,120.52336,1.072679863606447,1.20172176333618,3142.8257444039227,1.1244518,1.0242257,0.0,True,1.0882114445245128,1.148472944335326
422,7659,270.0376,1192,5261.7266,1.3898565,3,164.55508,0.9337662714069692,1.0437614888718068,2415.188697236916,1.0168818,0.8720184,0.0,True,0.9587009299848784,0.9922385622102647
423,8800,279.26022,1192,5087.957,1.2889373,3,147.12454,0.9656447708669608,1.0641341935826574,2536.44636412237,0.99823195,0.86001003,0.0,True,0.9754209246068726,1.0028969445078602
424,26730,310.8559,1192,4570.8125,3.5155392,6,92.535805,1.0748506222347152,1.2094750109288033,3168.7458713480432,1.1267908,1.0356201,0.0,True,1.0904326755643006,1.1573185376501622
425,3006,269.42056,1192,5273.7773,4.4402204,6,36.315937,0.9316334032878308,0.9343871193414621,2157.7975322286707,1.0197552,0.94891417,0.0,True,0.9580699423014816,0.9387452345390235
426,3247,221.88582,1192,6403.582,3.1317093,4,18.885906,0.7673136275497968,0.9225008344745167,1794.1914917310175,0.92586428,0.89901662,0.0,True,0.8148788232848578,0.9154555701321617
427,4203,252.96449,1192,5616.8516,5.5185089,6,35.262199,0.8747499864541152,0.9663809625135694,2110.743185328867,0.97798109,0.70938742,0.0,True,0.9057193175178806,0.8892828997594986
428,3457,232.70128,1192,6105.957,2.8899484,4,15.479459,0.8047028426997248,0.9347215454279728,1896.2210204202347,0.96839726,0.89316463,0.0,True,0.8538111678898074,0.922254470799581
429,0,247.30334,1192,5745.4297,1.979584,2,42.649731,0.8551805968131604,0.0,171.41761286405753,,,,False,0.8551805968131604,0.0
430,9563,282.57162,1192,5028.332,2.4756153,4,109.80815,0.9770906494815219,1.0753593955557412,2590.0135709439646,0.99207419,0.86448574,0.0,True,0.9815857116370654,1.012097298889019
431,887,253.79901,1192,5598.3828,3.8972292,6,105.03742,0.8776347147176587,0.7866010456454848,1723.319956177166,0.95562214,0.86596084,0.0,True,0.9010309423023611,0.8104089839518394
432,4807,291.53778,1192,4873.6875,2.7164152,5,38.326241,1.00808149845282,0.998329647760198,2471.7285627074302,1.0361202,0.96889162,0.0,True,1.016493108916974,0.9894982394321385
433,0,260.59039,1192,5452.4805,3.7665534,3,38.778229,0.9011106302401638,0.0,180.62749410951656,0.96636885,0.0,0.0,True,0.9206880961681146,0.0
434,28,287.11008,1192,4948.8477,2.4867716,3,64.582939,0.9927775320149078,0.3958024653466643,976.518052344812,1.0084329,0.25145656,0.0,True,0.9974741424104355,0.35249869374266496
435,4180,292.78384,1192,4852.9453,2.4476011,3,34.993931,1.0123884116650466,0.9823687489889328,2441.3911899753953,1.0514812,0.97596306,0.0,True,1.0241162481655326,0.980447042292253
436,5018,309.27426,1192,4594.1875,2.6612761,4,44.593773,1.0693842148493036,1.0104095725695048,2635.383250976336,1.1191059,0.99603122,0.0,True,1.0843007203945125,1.0060960667986534
437,8548,321.33069,1192,4421.8125,4.2254043,6,25.876785,1.111053047792528,1.0784499978088058,2909.227349988954,1.1368811,1.0367218,0.0,True,1.1188014634547696,1.065931538466164
438,16671,343.44852,1192,4137.0508,2.0502844,4,334.64215,1.187492156652845,1.1672604598069012,3338.8505595588726,1.2582325,1.4159765,0.0,True,1.2087142596569915,1.241875271864831
439,18552,348.75116,1192,4074.1484,1.9555081,4,202.40198,1.2058173252445086,1.1822694301502639,3427.6800875180465,1.2593174,1.4160768,0.0,True,1.221867347671156,1.2524116411051847
440,10999,322.66925,1192,4403.4688,4.2633624,6,101.11635,1.1156793031850967,1.109026371317081,3002.676616540021,1.122949,1.0713117,0.0,True,1.1178602122295676,1.0977119699219566
441,9180,346.23685,1192,4103.7344,3.9206185,6,528.22125,1.1971281827162719,1.0966912130891837,3159.4113687109034,1.240328,1.0927697,0.0,True,1.2100881279013904,1.0955147591624286
442,23126,329.09238,1192,4317.5234,3.0458417,5,109.3373,1.137877933706224,1.2004059006151053,3306.9832724138714,1.1017859,1.0734323,0.0,True,1.1270503235943568,1.1623138204305739
443,4578,210.68735,1192,6743.9453,3.8876309,5,26.971659,0.7285992018031459,0.9560376512492986,1775.979383590099,0.89705175,0.91400337,0.0,True,0.7791349662622022,0.943427366874509
444,0,164.62042,1192,8631.1523,3.43294,3,11.328484,0.5693274241191927,0.0,114.10617998559403,0.77812052,0.0,0.0,True,0.6319653528834349,0.0
445,4235,247.19377,1192,5747.9766,2.1962736,4,11.440355,0.8548018023217143,0.9646822406470139,2064.466147019909,1.0165439,0.92255569,0.0,True,0.9033244316252,0.9520442754529097
446,23707,310.72339,1192,4572.7617,4.9673419,6,51.426567,1.0743926532802097,1.1951751573134213,3130.1062493199115,1.1277275,1.0483611,0.0,True,1.0903931072961468,1.151130940119395
447,0,209.15808,1192,6793.2539,1.3013291,3,15.297717,0.7233122460645192,0.0,144.9773334433315,0.89336336,0.0,0.0,True,0.7743275802451635,0.0
448,111,186.33842,1192,7625.1797,5.8524466,5,26.892109,0.644417799804518,0.5278196432988763,880.8939768661041,0.85890412,0.34818608,0.0,True,0.7087636958631626,0.47392957430921345
449,2718,216.43956,1192,6564.7148,4.1976056,4,23.135342,0.748485431556687,0.8996689776764811,1711.6878370663867,0.94388318,0.88953716,0.0,True,0.8071047560896809,0.8966294323735368
450,0,169.84554,1192,8365.625,2.9790502,2,10.113143,0.5873937181682596,0.0,117.7279571816814,0.81675559,0.0,0.0,True,0.6562022797177818,0.0
451,7176,257.26218,1192,5523.0195,3.3752623,4,25.531851,0.8896059753250976,1.0303361897609986,2284.173287939321,1.0529317,0.99358779,0.0,True,0.9386036927275683,1.0193116698326992
452,32966,311.74814,1192,4557.7305,2.6515341,5,70.183861,1.0779344000676538,1.234773692165391,3243.207140689193,1.1313138,1.0888759,0.0,True,1.0939482200473578,1.1910043545157736
453,0,269.54053,1192,5271.4297,2.5154214,4,43.107002,0.932048143353022,0.0,186.83125841613335,,,,False,0.932048143353022,0.0
454,0,343.47934,1192,4136.6797,2.0134792,3,45.298424,1.1875986346533856,0.0,238.08173610159082,,,,False,1.1875986346533856,0.0
455,21665,309.63654,1192,4588.8125,3.9734776,6,44.705551,1.0706362677603765,1.183997135428751,3091.270530359054,1.1310512,1.0592856,0.0,True,1.0887607474322636,1.1465836748001257
456,18190,308.75421,1192,4601.9258,3.0628939,5,53.358261,1.0675867888634702,1.1628713284184746,3028.48891022069,1.1310966,1.0683566,0.0,True,1.0866397322044292,1.1345169098929322
457,0,342.17557,1192,4152.4414,2.0534496,3,46.032299,1.1830929570910986,0.0,237.1780316019922,,,,False,1.1830929570910986,0.0
458,12261,329.1987,1192,4316.1289,3.5121238,6,306.77002,1.1382454009160503,1.124653579930978,3099.189107514818,1.101819,1.078903,0.0,True,1.1273174806412354,1.1109284059516846
459,16792,308.66226,1192,4603.2969,3.011291,5,55.940403,1.067268944373094,1.1533503665700406,3002.9062831216984,1.13122,1.0715494,0.0,True,1.0864542610611658,1.1288100765990285
460,0,245.40379,1192,5789.9023,1.9956068,2,46.211266,0.8486141696464188,0.0,170.1009451372249,,,,False,0.8486141696464188,0.0
461,0,328.79312,1192,4321.4531,2.0163422,3,46.247089,1.1368436865864657,0.0,227.90202411550774,,,,False,1.1368436865864657,0.0
462,6991,307.98276,1192,4613.4531,4.0141644,6,150.30412,1.0649204432361545,1.0492024608175847,2726.468177789437,1.1317003,1.0739027,0.0,True,1.0849544002653082,1.0566125325723092
463,0,255.98126,1192,5550.6562,2.0113568,3,105.68147,0.8851782253307314,0.0,177.43268864518228,0.99531734,0.0,0.0,True,0.9182199597315119,0.0
464,199856,388.78226,1192,3654.6523,3.0338211,5,157.41081,1.3441503204960676,1.4876279091832294,4745.2283754098235,1.2339289,1.3645947,0.0,True,1.3110838943472474,1.4507179464282607
465,0,256.23407,1192,5545.1797,2.0048819,3,71.42205,0.8860521250082602,0.0,177.60792318389963,0.99613953,0.0,0.0,True,0.9190783465057821,0.0
466,35156,325.95486,1192,4359.082,4.0196857,6,43.26506,1.1270346122791737,1.249009402198034,3411.9675265582305,1.1151915,1.1045886,0.0,True,1.1234816785954216,1.2056831615386239
467,198630,388.68048,1192,3655.6094,3.0133367,5,63.487217,1.3437985917762798,1.4868305142869078,4741.594466296739,1.2338258,1.3645256,0.0,True,1.3108067542433959,1.4501390400008354
468,2117,293.2316,1192,4845.5352,3.0036936,3,47.053341,1.0139359815247309,0.9024084091445699,2245.7727253903067,1.0895721,0.87505877,0.0,True,1.0366268170673116,0.8942035174011989
469,0,235.59785,1192,6030.8867,0.99733198,1,43.742107,0.8147161724399172,0.0,163.30398547348491,0.97603983,0.0,0.0,True,0.8631132697079421,0.0
470,26856,325.24255,1192,4368.6289,3.0431476,5,105.15892,1.1245727956879807,1.2165590387159164,3316.9272795960464,1.1148474,1.0720346,0.0,True,1.1216551769815863,1.1732017071011416
471,0,261.10367,1192,5441.7617,1.9997454,2,72.977875,0.9028849225688338,0.0,180.98327269435438,0.98719394,0.0,0.0,True,0.9281776277981837,0.0
472,42780,334.18518,1192,4251.7266,3.0634367,4,118.55885,1.1554786715694618,1.2762234016048224,3563.7082285614038,1.1039782,1.1197845,0.0,True,1.1400285300986233,1.2292917311233755
473,0,210.69308,1192,6743.7617,0.98425293,1,29.1639,0.728619032152838,0.0,146.041314365491,0.90112025,0.0,0.0,True,0.7803693975069865,0.0
474,2084,254.98445,1192,5572.3555,2.9955039,3,38.812946,0.8817324910454103,0.8859755936710035,1948.8470783614503,0.99578875,0.86913472,0.0,True,0.9159493687317872,0.8809233315697025
475,5711,294.00995,1192,4832.707,2.0425255,4,266.31714,1.016626314890992,1.0196306162934963,2543.332942735601,1.0124669,0.87046999,0.0,True,1.0153784904236942,0.9748824284054474
476,2093,256.22253,1192,5545.4297,3.00792,3,67.278038,0.8860121942577629,0.8869727067626175,1959.4128167176611,0.99654448,0.86921513,0.0,True,0.919171879980434,0.8816454337338322
477,0,210.66295,1192,6744.7266,1.0079113,1,20.377337,0.7285148268773309,0.0,146.02042984094072,0.89970112,0.0,0.0,True,0.7798707148141316,0.0
478,184502,388.75067,1192,3654.9492,3.0026338,5,205.63481,1.3440411917638022,1.4778703864282756,4713.767645761006,1.2338275,1.3634109,0.0,True,1.3109770842346615,1.443532540499793
479,161695,388.66428,1192,3655.7617,3.0102518,5,216.52217,1.3437426393818064,1.4617487709436232,4661.43707165404,1.2337267,1.3626668,0.0,True,1.3107378575672644,1.4320241796605362
480,23998,305.42746,1192,4652.0508,3.1625738,4,108.18727,1.056088678917661,1.1941884942285244,3080.483058307549,1.0909443,1.0569446,0.0,True,1.0665453652423627,1.153015325959967
481,0,261.521,1192,5433.0781,1.9956764,3,33.124107,0.9043274577761234,0.0,181.27254380721746,0.9879958,0.0,0.0,True,0.9294279604432865,0.0
482,0,214.14616,1192,6635.0195,2.0176058,3,30.479368,0.7405568660733456,0.0,148.43480703173893,0.89239627,0.0,0.0,True,0.7861086872513419,0.0
483,0,214.89806,1192,6611.8047,2.0043235,3,29.193863,0.7431562593597122,0.0,148.95598439680194,0.89406633,0.0,0.0,True,0.7884292805517985,0.0
484,6312,261.74362,1192,5428.457,4.0068259,5,39.863956,0.905097003988372,1.0174888639096473,2290.394003794231,0.98840457,0.95080173,0.0,True,0.9300892737918605,0.9974827237367531
485,0,245.08269,1192,5797.4883,1.9970886,2,41.131138,0.8475041429064842,0.0,169.8783755775471,0.96841747,0.0,0.0,True,0.8837781410345389,0.0
486,3126,295.98877,1192,4800.3984,3.6621382,5,50.189613,1.0234657668109508,0.9493635022583377,2382.161753378488,1.0648855,0.9163363,0.0,True,1.0358916867676655,0.9394553415808364
487,4214,290.76221,1192,4886.6875,2.4797792,4,17.90501,1.0054008076784788,0.9825213846651969,2426.888100231735,1.023538,0.86851948,0.0,True,1.0108419653749352,0.9483208132656378
488,7062,289.88675,1192,4901.4453,2.8780293,5,29.861355,1.002374873232028,1.0429197812828468,2569.198646928737,1.068097,1.0064765,0.0,True,1.0220915112624196,1.0319867968979928
489,1005,285.77921,1192,4971.8945,2.4911063,3,95.07209,0.9881774454580174,0.8122189670766727,1976.0863318837055,1.0126719,0.69197905,0.0,True,0.9955257818206122,0.7761469919536709
490,104,241.32866,1192,5887.6719,3.120059,4,23.688972,0.834527023650958,0.5361010428126657,1125.421507573679,0.97506744,0.6404174,0.0,True,0.8766891485556707,0.567395949968866
491,123094,374.62671,1192,3792.7461,1.9748549,4,48.288883,1.2952356314399225,1.4221340651471284,4390.894704150692,1.1350288,1.1789193,0.0,True,1.2471735820079457,1.3491696356029899
492,7904,288.87582,1192,4918.5977,4.141397,6,113.796,0.9988807581216572,1.0557393956899785,2592.769461128424,1.0801892,1.0247247,0.0,True,1.02327329068516,1.046434986982985
493,28253,325.01587,1192,4371.6758,3.0605526,5,41.990471,1.1237893675127186,1.2225064846400213,3331.0960084588323,1.1211108,1.0452241,0.0,True,1.1229857972589032,1.169321769248015
494,122509,374.63135,1192,3792.6992,2.0194471,4,29.500948,1.2952516397051137,1.4215581854641468,4389.164450603623,1.135029,1.1796993,0.0,True,1.2471848477935796,1.3490005198249027
495,0,285.20242,1192,4981.9492,2.0129457,2,74.112953,0.986183880242536,0.0,197.68725331187338,1.012496,0.0,0.0,True,0.9940775161697752,0.0
496,1029,286.4007,1192,4961.1055,2.7504025,3,113.04373,0.9903255856615749,0.8151966554902378,1987.129533021596,1.0123396,0.76209879,0.0,True,0.9969297899631024,0.7992672958431665
497,428,246.45013,1192,5765.3203,1.4606837,2,18.276693,0.852231210565448,0.6999262798399478,1494.4206529731382,0.9391343,0.55296767,0.0,True,0.8783021373958138,0.6558386968879635
498,531,260.81406,1192,5447.8047,2.7126064,3,108.26523,0.9018837612635336,0.7295437870932255,1637.5266634336758,1.0028769,0.73799181,0.0,True,0.9321817028844736,0.7320781939652579
499,122847,374.70544,1192,3791.9492,3.0193715,5,43.846989,1.2955076891877422,1.4219265775064973,4391.064850633283,1.1357405,1.1808434,0.0,True,1.2475775324314196,1.349601624254548
500,29271,325.12946,1192,4370.1484,2.0407186,4,33.97858,1.1241819607467312,1.2267796894295646,3343.7682033734923,1.1207572,1.0341684,0.0,True,1.1231545325227117,1.1689963026006953
501,30177,325.46286,1192,4365.6719,2.0835714,4,25.962191,1.1253341536454886,1.2305660600404036,3357.11737445848,1.1200109,1.0176431,0.0,True,1.123737177551842,1.1666891720282826
502,94271,388.42606,1192,3658.0039,3.0078855,5,120.10276,1.3429194326781135,1.3958868709943693,4449.01271164214,1.2336503,1.3576357,0.0,True,1.3101386928746794,1.3844115196960585
503,89615,373.70184,1192,3802.1328,3.0400565,5,56.614555,1.29203963673079,1.3832050337221133,4261.434309081414,1.134905,1.2160146,0.0,True,1.244899245711553,1.3330479036054794
504,31345,325.48383,1192,4365.3906,2.9860091,5,50.468407,1.125406635483367,1.235105793219963,3369.6930314569554,1.1200113,1.024321,0.0,True,1.1237880348383569,1.171870355253974
505,85068,387.64822,1192,3665.3438,3.0666416,5,108.76205,1.3402316851198088,1.383030656540382,4400.2839980833305,1.2334238,1.3573176,0.0,True,1.308189319583866,1.3753167395782673
506,7479,299.38483,1192,4745.9453,4.0467486,5,55.953236,1.0352036618845804,1.0536649574681125,2670.5491342636224,1.0896344,0.99014449,0.0,True,1.0515328833192061,1.0346088172276788
507,87787,373.11496,1192,3808.1133,2.0073819,4,30.717913,1.2900116017514973,1.3804422131212746,4247.0524788779185,1.1345836,1.2158496,0.0,True,1.243383201226048,1.331064429184892
508,499,285.63107,1192,4974.4727,4.0461898,5,120.67518,0.9876654926666598,0.7300415246569865,1775.655852421398,1.0125353,0.76263976,0.0,True,0.9951264348666619,0.7398209952598905
509,13,212.86102,1192,6675.0781,2.9953237,3,33.032787,0.736113953944568,0.29966862014277373,576.4383280178215,0.90565735,0.1955052,0.0,True,0.7869769727611976,0.2684195940999416
510,2000,256.12546,1192,5547.5312,2.9845862,3,167.31018,0.8856766785972269,0.8816645644608861,1947.0406363479283,1.0018319,0.84819955,0.0,True,0.9205232450180588,0.8716250601226203
511,3690,258.2406,1192,5502.0938,3.0271916,4,72.366997,0.8929881174967773,0.9535868489831918,2121.1685576877744,1.0006847,0.90923113,0.0,True,0.9252970922477441,0.9402801332882342
512,22468,312.10016,1192,4552.5898,3.0212276,5,75.687279,1.0791510491214122,1.1894302805814034,3127.2237427623013,1.105355,0.96194565,0.0,True,1.0870122343849886,1.1211848914069824
513,1765,258.05795,1192,5505.9883,2.0123155,4,95.438835,0.8923567177852726,0.8679305903267261,1929.5092202379526,1.0004333,0.86134923,0.0,True,0.9247796924496908,0.8659561822287083
514,296,258.05869,1192,5505.9727,3.0085335,4,50.028324,0.892359245169767,0.6609756137612092,1470.1844819351174,1.0004333,0.81137556,0.0,True,0.9247814616188369,0.7060955976328465
515,0,212.60126,1192,6683.2344,3.0030842,3,32.988983,0.7352158603425608,0.0,147.36396395249187,0.90456718,0.0,0.0,True,0.7860212562397926,0.0
516,1204,248.60925,1192,5715.25,2.9796538,3,144.85043,0.8596948464712376,0.8200083234040768,1763.8986335390707,0.9915266,0.79731578,0.0,True,0.8992443725298664,0.8132005603828537
517,22930,312.27298,1192,4550.0703,2.0255134,4,32.147018,1.079748342416347,1.191924610446618,3135.3108393172197,1.1063535,0.99288112,0.0,True,1.087729889691443,1.1322115633126324
518,59253,387.10861,1192,3670.4531,2.9747977,5,105.55051,1.338367087924876,1.338742759478959,4254.1708877291585,1.2332045,1.3565104,0.0,True,1.306818311547413,1.3440730516352712
519,25342,312.63263,1192,4544.8359,3.0236623,5,44.375839,1.080991368302446,1.2039620159363384,3170.187812197107,1.1083601,1.0188498,0.0,True,1.089201987811712,1.148428351155437
520,41688,384.90073,1192,3691.5078,3.0422416,5,110.90637,1.330737777509955,1.2950100058878113,4094.580343881824,1.2326636,1.3551782,0.0,True,1.3013155242569683,1.313060464121468
521,23336,324.7724,1192,4374.9531,3.0266337,5,45.476513,1.1229479157516409,1.1995934662755916,3266.5082550418324,1.114908,1.074996,0.0,True,1.1205359410261486,1.1622142263929143
522,42043,334.18457,1192,4251.7344,3.0279751,5,103.3123,1.1554765527879887,1.2741434385583779,3557.8946049781734,1.1039782,1.1189469,0.0,True,1.140027046951592,1.2275844769908646
523,50007,334.41562,1192,4248.7969,3.0102849,5,41.009251,1.1562750412723042,1.2950104956461796,3618.363052638318,1.1041925,1.1239073,0.0,True,1.1406502788906128,1.2436795369523257
524,48933,334.42606,1192,4248.6641,2.0095508,4,41.630013,1.1563111658217555,1.2924168484970813,3611.2155890107597,1.1041929,1.1238214,0.0,True,1.1406756860752287,1.241838213947957
525,49834,334.44174,1192,4248.4648,1.5098213,4,26.470013,1.156365384084038,1.2946078287655567,3617.4867039726028,1.1042844,1.1298909,0.0,True,1.1407410888588265,1.2451927501358897
526,5818,271.69601,1192,5229.6094,2.9934437,4,41.039711,0.9394987249980251,1.0124048223629023,2355.3478008835064,0.99404913,0.92620891,0.0,True,0.9558638464986176,0.9865460486540316
527,0,221.33185,1192,6419.6094,2.0000105,2,15.440402,0.7653985247043651,0.0,153.41554779561673,0.89834189,0.0,0.0,True,0.8052815342930555,0.0
528,20622,324.20822,1192,4382.5664,3.9886484,6,143.22786,1.1209980446385037,1.1846022537951217,3220.752776315182,1.1151322,1.0849475,0.0,True,1.1192382912469525,1.1547058276565854
529,3426,271.69601,1192,5229.6094,2.012821,4,23.605499,0.9394987249980251,0.9505732360044657,2211.532782867495,0.99404913,0.91095769,0.0,True,0.9558638464986176,0.9386885722031261
530,1671,273.98361,1192,5185.9453,4.0674057,5,143.98586,0.9474059722618283,0.8676090583302153,2033.6087413654304,1.0995634,0.70970714,0.0,True,0.9930532005832798,0.8202384828311506
531,40639,333.53738,1192,4259.9844,2.4574003,4,24.036083,1.1532398760041644,1.2697843480550162,3539.6763480028767,1.1043557,1.1151781,0.0,True,1.138574623202915,1.2234024736385112
532,23792,305.44925,1192,4651.7188,3.3319845,6,39.976521,1.0561640211238554,1.193177845742217,3078.069738781745,1.090945,1.0490053,0.0,True,1.0665983147866989,1.149926082019552
533,9337,288.81964,1192,4919.5547,2.6391792,4,34.662994,0.9986865250096039,1.0753112048264237,2640.3759957764632,1.0237535,0.9913339,0.0,True,1.0062066175067228,1.0501180133784966
534,36550,333.53555,1192,4260.0078,4.5484447,6,72.614952,1.1532335442904826,1.2570953494262056,3504.288315373141,1.1045504,1.1141435,0.0,True,1.1386286010033377,1.2142097945983439
535,5433,252.36951,1192,5630.0938,3.2137835,5,18.180298,0.8726932710154229,0.9958335368979452,2170.5329426625217,0.97070158,0.93853569,0.0,True,0.902095763710796,0.9786441828285617
536,14926,295.17188,1192,4813.6836,6.0194211,7,62.371174,1.0206422948940588,1.1333852866826772,2836.895144946202,1.0622599,1.0325344,0.0,True,1.0331275764258412,1.1031300206778742
537,2952,289.6785,1192,4904.9688,3.5074158,5,32.819714,1.0016551075253797,0.9402210195111653,2314.7964049751004,1.0192572,0.89567387,0.0,True,1.0069357352677657,0.9268568746578156
538,1883,232.1734,1192,6119.8398,4.2140493,5,12.8824,0.8028779781182257,0.8648327528529889,1750.9782070221693,0.92127186,0.8639487,0.0,True,0.8383961426827581,0.8645675369970922
539,40087,333.74945,1192,4257.2773,3.5070109,6,164.70099,1.1539728490999361,1.2682444381230098,3537.3627816371672,1.1040733,1.1243012,0.0,True,1.1390029843699554,1.2250614666861068
540,0,260.77106,1192,5448.7031,2.0077,2,43.983612,0.9017351102810357,0.0,180.7527250106283,0.98706758,0.0,0.0,True,0.927334851196725,0.0
541,1350,251.83188,1192,5642.1133,4.2798042,5,11.944629,0.8708348149190561,0.834469216899837,1815.5417103799932,0.96990949,0.84386301,0.0,True,0.9005572174433393,0.8372873548298858
542,0,219.43369,1192,6475.1406,3.8594148,4,13.435264,0.758836447210623,0.0,152.09984354336507,0.90445161,0.0,0.0,True,0.8025209960474362,0.0
543,2529,251.02721,1192,5660.1992,4.647665,6,19.528517,0.8680532399827409,0.9067584463291296,1967.1420375180105,0.96998298,0.9040668,0.0,True,0.8986321619879187,0.9059509524303908
544,12232,294.65277,1192,4822.1641,4.0207987,6,16.466505,1.0188480862389575,1.1096836057943795,2773.264280926454,1.0613173,1.0196675,0.0,True,1.03158885036727,1.0826787740560657
545,7322,304.5827,1192,4664.9531,5.9355845,7,73.499107,1.0531690067739663,1.0532994845106483,2710.4546153290044,1.0909313,0.94658494,0.0,True,1.0644976947417764,1.0212851211574538
546,2406,286.64014,1192,4956.9609,3.548584,5,23.827242,0.9911532799114595,0.9150307101974167,2231.9382999119784,1.0150076,0.85900974,0.0,True,0.9983095759380216,0.8982244191381916
547,1819,247.85675,1192,5732.6016,3.9873576,5,11.206643,0.8570936054193692,0.8673680685543439,1860.695589812776,0.95603639,0.86755103,0.0,True,0.8867764407935584,0.8674229569880407
548,2704,264.69806,1192,5367.8672,3.4781513,5,37.728664,0.915309481207968,0.920141126584039,2091.968804011016,1.0048376,0.89688271,0.0,True,0.9421679168455777,0.9131636016088274
549,6431,294.09933,1192,4831.2383,5.315012,6,15.896929,1.0169352421517646,1.033660949592188,2579.0147480604737,1.0603755,0.96599948,0.0,True,1.029967319506235,1.0133625087145317
550,203,243.51787,1192,5834.7422,4.0623136,5,12.762573,0.8420948180626657,0.6132448157903689,1296.2480521085297,0.94943702,0.71820098,0.0,True,0.874297478643866,0.6447316650532583
551,20899,324.2738,1192,4381.6797,3.1307364,5,54.79789,1.1212247922647458,1.1862218510835238,3225.730579733503,1.118793,1.0393019,0.0,True,1.1204952545853222,1.1421458657584667
552,2,285.38547,1192,4978.7539,3.997848,4,120.34027,0.986816546183437,0.12904298769971234,395.6282678065497,1.0124911,0.082064703,0.0,True,0.994518912328406,0.11494950228979864
553,5306,299.38828,1192,4745.8906,2.9648561,5,31.234543,1.0352155883683765,1.0131254489463202,2567.844414305324,1.0896345,0.96327102,0.0,True,1.0515412618578635,0.9981691202624241
554,86014,373.11496,1192,3808.1133,2.9925382,5,61.299583,1.2900116017514973,1.377967811285411,4239.439858155119,1.1345836,1.2157245,0.0,True,1.243383201226048,1.3292948178997877
555,2,283.64539,1192,5009.2969,3.0740705,4,51.112404,0.9808020676219928,0.12895040834144592,393.21600471465223,1.0087757,0.082042173,0.0,True,0.989194157335395,0.11487793773901214
556,0,261.0278,1192,5443.3438,2.0427256,3,45.301102,0.9026225967564588,0.0,180.93068361776528,0.98733819,0.0,0.0,True,0.9280372747295211,0.0
557,3590,299.38705,1192,4745.9102,2.0162418,4,10.983471,1.0352113148617854,0.9669861416281342,2450.9214354546125,1.0896344,0.92576861,0.0,True,1.0515382404032498,0.954620882139694
558,718,257.49127,1192,5518.1055,3.086833,4,56.430264,0.8903979029001681,0.7634176927999837,1694.0997502295202,0.99854821,0.84446621,0.0,True,0.9228429950301177,0.7877322479599886
559,593,239.51724,1192,5932.1992,3.9896669,4,50.866955,0.8282651450237267,0.735082550725909,1530.17059542681,0.97540987,0.7461949,0.0,True,0.8724085625166087,0.7384162555081363
560,1619,299.18314,1192,4749.1445,2.9991775,4,50.697113,1.0345066038272848,0.8728885907953008,2211.2023088402375,1.0891788,0.791942,0.0,True,1.0509082626790993,0.8486046135567105
561,35266,333.47653,1192,4260.7617,2.9993613,5,119.41135,1.1530295866615492,1.2527900662249334,3491.743145891016,1.1043929,1.1278833,0.0,True,1.1384385806630846,1.2153180363574534
562,189,226.39136,1192,6276.1406,2.930721,4,26.975042,0.7828895009117323,0.6000035483617151,1189.0693244673387,0.90668952,0.44201812,0.0,True,0.8200295066382126,0.5526079198532006
563,1744,264.87308,1192,5364.3203,2.4317479,4,19.010403,0.915914460228489,0.8691705613555161,1977.2994568449762,1.0048431,0.85419643,0.0,True,0.9425930521599423,0.8646783219488612
564,2707,271.71124,1192,5229.3164,2.9625018,4,77.928673,0.9395513452383961,0.9230790868551668,2147.6966213181454,0.99404961,0.91717207,0.0,True,0.9559008246668772,0.9213069817986168
565,14406,329.8468,1192,4307.6484,3.0252025,5,91.902084,1.1404852333168718,1.1441807162131974,3158.460860104945,1.0946527,1.0416317,0.0,True,1.1267354733218102,1.1134160113492382
566,14015,329.12393,1192,4317.1094,4.0830212,6,41.968315,1.1379870028269445,1.1405941639102741,3142.483892752865,1.0934211,1.0374751,0.0,True,1.1246172319788612,1.109658444737192
567,14599,328.57391,1192,4324.3359,2.986167,5,40.884472,1.136086164966452,1.1452420810230068,3150.644392113776,1.0915852,1.0345652,0.0,True,1.1227358754765162,1.1120390167161047
568,15742,324.17758,1192,4382.9805,3.0448582,5,43.333328,1.1208921820718891,1.152391717457291,3132.921707882713,1.1151327,1.0852333,0.0,True,1.1191643374503224,1.1322441922201039
569,12811,328.36096,1192,4327.1406,2.0757153,4,23.083477,1.135350134155422,1.1295516768787004,3105.708741007501,1.090326,1.0080937,0.0,True,1.1218428939087954,1.0931142838150902
570,1425,273.36075,1192,5197.7617,4.0258417,6,42.569641,0.9452530028419731,0.8487789816248449,1985.509231730681,1.1024621,0.88033223,0.0,True,0.9924157319893812,0.8582449561373914
571,13104,328.51367,1192,4325.1289,2.0475445,4,39.710114,1.135877963096427,1.1323149394167846,3114.580753221903,1.0896382,1.0062474,0.0,True,1.122006034167499,1.0944946775917492
572,5798,289.87518,1192,4901.6406,4.0266695,6,308.14883,1.0023349510948423,1.0197110979780102,2511.9461851558167,1.0853744,1.0481772,0.0,True,1.0272467857663896,1.028250928584607
573,0,290.02289,1192,4899.1445,1.9938774,3,28.404934,1.0028454294680933,0.0,201.02854850134716,,,,False,1.0028454294680933,0.0
574,0,307.07248,1192,4627.1289,2.0204628,3,104.46834,1.0617743569395277,0.0,212.84642373955018,,,,False,1.0617743569395277,0.0
575,0,384.10449,1192,3699.1602,0.9914102,2,153.45462,1.327986386805868,0.0,266.2409442839157,1.2324634,1.3522087,9.09495790797843,True,1.2993294907641075,0.4056626100000001
576,0,247.74399,1192,5735.2109,2.0266902,3,118.83329,0.8567037967852433,0.0,171.72304816917128,,,,False,0.8567037967852433,0.0
577,2414,248.13658,1192,5726.1367,3.9610806,5,133.63585,0.8580609399541186,0.900169466100901,1932.9513428933628,1.014775,0.77006096,0.0,True,0.9050751579678831,0.8611369142706307
578,14637,308.56696,1192,4604.7188,3.0314691,5,74.770645,1.0669395234169021,1.1370268045912488,2959.6028649467057,1.1087993,1.0785389,0.0,True,1.0794974563918316,1.1194804332138741
579,20608,330.91898,1192,4293.6914,3.0226862,5,55.185146,1.1441907491277616,1.187420206952694,3287.1941693195527,1.1045086,1.1347915,0.0,True,1.1322861043894332,1.1716315948668858
580,17382,330.91867,1192,4293.6953,2.9989119,5,54.146496,1.1441897103334315,1.1670706558983146,3230.860078122805,1.1045086,1.135074,0.0,True,1.132285377233402,1.1574716591288203
581,12031,296.55731,1192,4791.1953,4.0047727,6,72.181755,1.025430856319934,1.108571846249922,2786.276968632246,1.109781,1.0139945,0.0,True,1.0507358994239537,1.0801986423749455
582,11058,330.85999,1192,4294.457,4.0138397,6,135.63797,1.1439868619627016,1.112986627310515,3080.6672353008503,1.1045103,1.1351131,0.0,True,1.1321438933738912,1.1196245691173605
583,12402,308.07144,1192,4612.125,3.0582044,5,70.734772,1.0652269630726698,1.1171729743027363,2903.8118556224435,1.1088798,1.0794631,0.0,True,1.078322814150869,1.1058600120119153
584,18521,296.81744,1192,4786.9961,4.0267606,6,37.775856,1.0263299986791976,1.1595921823821127,2916.756264336352,1.1097854,1.0156341,0.0,True,1.0513666190754383,1.116404757667479
585,0,210.32602,1192,6755.5312,1.975255,2,35.936993,0.7273500063140934,0.0,145.78688776139467,0.91757601,0.0,0.0,True,0.7844178074198653,0.0
586,0,330.50165,1192,4299.1133,2.006875,3,72.444572,1.142748404462557,0.0,229.08628686790982,,,,False,1.142748404462557,0.0
587,3984,245.35199,1192,5791.125,2.8475964,4,37.657219,0.8484350606948207,0.9568004095259004,2034.1013460961583,1.0063703,0.87530082,0.0,True,0.8958156324863745,0.9323505326681303
588,5531,237.43222,1192,5984.293,2.9549801,4,39.54924,0.8210574325359089,0.9909064749478524,2046.3061317449813,0.99198312,0.81575406,0.0,True,0.8723351387751361,0.9383607504634968
589,3901,206.50064,1192,6880.6758,2.9433248,4,33.367004,0.7141249281257274,0.9357621991339352,1707.657200903288,0.91187954,0.71337843,0.0,True,0.7734513116880092,0.8690470683937547
590,2442,245.60065,1192,5785.2617,3.1952949,5,55.700874,0.8492946432658615,0.9004332501374215,1916.026779167947,1.0081109,0.8620171,0.0,True,0.896939520286103,0.8889084050961951
591,7199,296.2554,1192,4796.0781,4.0117893,6,33.482697,1.0243873189533292,1.0478584965590456,2631.333110999722,1.1098999,1.0152022,0.0,True,1.0500410932673305,1.0380616075913318
592,2375,245.85912,1192,5779.1797,4.0286646,6,43.158867,0.8501881304585089,0.8973323377024691,1911.209094982046,1.0089595,0.92152542,0.0,True,0.8978195413209562,0.9045902623917284
593,6443,306.45728,1192,4636.418,3.0587101,5,74.878723,1.059648000889028,1.038918164190968,2687.955164382328,1.1094496,1.0829786,0.0,True,1.0745884806223196,1.0521362949336774
594,0,238.28459,1192,5962.8867,2.000469,3,45.017349,0.8240039766367537,0.0,165.16629172938255,,,,False,0.8240039766367537,0.0
595,2106,205.48062,1192,6914.832,3.0850797,4,36.707268,0.7105984880054457,0.8655443990817444,1572.6448792040383,0.91458172,0.081445955,0.0,True,0.771793457603812,0.6303148658572211
596,0,173.81538,1192,8174.5586,1.0576594,1,28.839828,0.6011196887878579,0.0,120.4796405849555,0.99196845,0.081939362,8.784997241073233,True,0.7183743171515006,0.024581808600000005
597,3511,304.33728,1192,4668.7148,3.1335952,5,108.74765,1.0523208055836943,0.9662290191055913,2484.6782283168077,1.0944617,1.0376791,0.0,True,1.064963073908586,0.9876640433739139
598,0,295.97839,1192,4800.5664,1.9987561,3,17.756353,1.0234299646513338,0.0,205.1565865351719,1.1099644,0.9935109,8.897549356952288,True,1.0493902952559337,0.29805327000000004
599,14384,302.73242,1192,4693.4648,4.0030956,5,53.617863,1.046773976665246,1.1323989935898044,2898.3634556921697,1.092308,1.0543854,0.0,True,1.060434183665672,1.108994915512863
600,1637,257.9357,1192,5508.5977,3.0621138,5,51.678368,0.8919341655058004,0.8591487502950901,1909.1991889023948,0.99938822,0.86621058,0.0,True,0.9241703818540603,0.8612672992065631
601,17046,384.06799,1192,3699.5117,3.0029945,5,134.50824,1.3278602796224264,1.1858349960017087,3742.2771388888614,1.2324616,1.3531697,0.0,True,1.2992406757356985,1.236035407201196
602,21111,311.3996,1192,4562.832,3.0487843,5,55.417343,1.0767297374772353,1.1817204067234857,3100.806434364492,1.1082656,1.0759424,0.0,True,1.0861904962340647,1.14998700470644
603,2213,258.58942,1192,5494.6719,3.0187771,5,54.687382,0.894193877751314,0.8943897550403238,1991.91628886785,1.0001824,0.86890233,0.0,True,0.9259904344259198,0.8867435275282267
604,1140,258.51996,1192,5496.1484,2.9801168,4,55.071983,0.8939537464990365,0.8173914851645318,1820.1191859771734,1.0000144,0.78929174,0.0,True,0.9257719425493256,0.8089615616151722
605,18490,309.8259,1192,4586.0078,2.0109341,4,16.39488,1.0712907595727459,1.1652889357338008,3044.0684316077586,1.1082999,1.0774101,0.0,True,1.082393501700922,1.1389252850136606
606,8915,302.50735,1192,4696.957,3.9943693,6,91.83345,1.0459960286905547,1.0757268697269637,2751.5205944599197,1.091881,1.0366482,0.0,True,1.0597615200833883,1.0640032688088745
607,13692,297.19165,1192,4780.9688,4.0291328,5,73.636269,1.0276233374107904,1.1241131900843773,2830.6651899831472,1.1095691,1.0130433,0.0,True,1.0522070661875533,1.090792223059064
608,0,259.6738,1192,5471.7266,4.0042872,4,91.674133,0.8979422466930816,0.0,179.99216233528713,0.98754221,0.0,0.0,True,0.9248222356851572,0.0
609,283,243.09116,1192,5844.9844,4.1432147,5,22.454906,0.8406197151796203,0.6512647461287286,1374.0701517189555,0.92740083,0.74618185,0.0,True,0.8666540496257342,0.6797398772901101
610,1923,244.42163,1192,5813.168,2.6752105,4,22.171356,0.8452189792259972,0.8723829462847917,1848.482877494195,0.92903566,0.83572304,0.0,True,0.870363983458198,0.8613849743993542
611,39060,333.74823,1192,4257.293,3.0323653,5,52.342178,1.1539685954893648,1.2651384317688847,3528.6884653423745,1.1041721,1.1244752,0.0,True,1.1390296468425554,1.2229394622382195
612,5744,287.26971,1192,4946.0977,3.0812001,5,29.338108,0.9933292871294119,1.0175297197136612,2486.6810814272562,1.0142007,0.92078561,0.0,True,0.9995907109905884,0.988506486799563
613,68616,372.69824,1192,3812.3711,3.0155196,5,73.833656,1.2885716235076559,1.3503789059480382,4150.483200440473,1.1344345,1.216342,0.0,True,1.242330486455359,1.310167834163627
614,4761,295.2471,1192,4812.457,4.4004555,5,217.04651,1.0209023283389347,0.9986835201493289,2500.3393344507517,1.0228803,0.89463037,0.0,True,1.0214957198372543,0.9674675751045303
615,5029,304.53476,1192,4665.6875,3.607862,5,71.825264,1.0530033043102571,1.0088229656646575,2595.6636708566016,1.0894402,0.85808164,0.0,True,1.06393437301718,0.9636005679652602
616,17526,328.68616,1192,4322.8594,1.9951004,4,59.719837,1.13647402294458,1.1671130604808542,3211.7748511556347,1.0884618,1.0057468,0.0,True,1.122070356061206,1.1187031823365978
617,12921,328.24063,1192,4328.7266,2.0498211,4,67.813438,1.1349343458872891,1.130523217239329,3107.3765625251963,1.0880225,0.99002594,0.0,True,1.1208607921211025,1.0883740340675303
618,62274,372.30112,1192,3816.4375,2.7675159,5,49.232723,1.2871993743481942,1.3384462671339958,4109.955443455667,1.1342475,1.215804,0.0,True,1.241313812043736,1.301653586993797
619,19738,321.85867,1192,4414.5586,3.0599325,5,92.574051,1.112877877582714,1.1783567379801885,3183.3117342230717,1.1164007,1.0266671,0.0,True,1.1139347243078999,1.132849846586132
620,808,261.11679,1192,5441.4883,3.0025492,4,50.471081,0.902930270096784,0.7783677563774761,1748.7080852707372,0.98756635,0.79886699,0.0,True,0.9283210940677488,0.7845175264642332
621,52,260.53217,1192,5453.6992,4.0536728,5,94.17189,0.9009093391709871,0.46141508220374317,1039.2586697467716,0.98744386,0.28043133,0.0,True,0.926869695419691,0.4071199565426202
622,32712,333.11646,1192,4265.3672,2.0126917,4,51.436283,1.1517851946248459,1.2436349373095736,3462.931613870794,1.1040198,1.1276019,0.0,True,1.1374555762373921,1.2088250261167015
623,30269,333.11554,1192,4265.3789,3.0394025,5,57.483444,1.151782036741027,1.2343492647574457,3437.067966096466,1.1040198,1.1280292,0.0,True,1.137453365718719,1.202453245330212
624,25529,332.34003,1192,4275.332,4.0117974,6,52.805145,1.1491019076816302,1.213637480589221,3372.4698664325174,1.1041704,1.1292815,0.0,True,1.1356224553771412,1.1883306864124548
625,17950,320.9567,1192,4426.9648,3.0586262,5,40.834606,1.1097605383966211,1.1666543236188076,3143.9174921916974,1.115646,1.0255054,0.0,True,1.1115261768776348,1.1243096465331655
626,22221,331.46933,1192,4286.5625,4.018085,6,52.275726,1.1460927434280561,1.1966654516633302,3317.637764459574,1.1047664,1.1305547,0.0,True,1.1336948403996394,1.1768322261643311
627,623,261.52777,1192,5432.9375,2.9731734,4,39.016933,0.9043508524224396,0.7483210734669432,1683.6508327693819,0.9898349,0.51660496,0.0,True,0.9299960666957077,0.6788062394268602
628,46,253.07854,1192,5614.3203,2.9766436,3,52.829044,0.8751442400796983,0.4459487509123967,979.7178998870932,0.99710435,0.36654872,0.0,True,0.9117322730557889,0.4221287416386777
629,16053,320.15976,1192,4437.9844,2.8906784,5,84.978172,1.1070062230371087,1.153010880429441,3100.355274078455,1.1152217,1.020596,0.0,True,1.1094708661259762,1.1132864163006086
630,3507,295.89438,1192,4801.9297,3.9766498,5,40.18259,1.0231395269975918,0.9628899871528823,2415.411381989643,1.0141283,0.75539434,0.0,True,1.0204361588983144,0.9006412930070176
631,176,264.85187,1192,5364.75,4.0226784,5,44.12994,0.9158411256324,0.6027073620294966,1372.4050632300978,1.1047444,0.38206199,0.0,True,0.97251210794268,0.5365137504206476
632,11467,324.38428,1192,4380.1875,2.9721048,4,42.10611,1.1216065859773647,1.1146956935354373,3032.1505992795396,1.115142,1.0871077,0.0,True,1.1196672101841554,1.106419295474806
633,4984,295.93411,1192,4801.2852,4.039762,6,66.182068,1.0232768108351515,1.0043557845703854,2519.6982090601064,1.0145134,0.87809336,0.0,True,1.020647787584606,0.9664770571992698
634,4983,266.24066,1192,5336.7656,3.9723217,5,42.709915,0.9206417230581697,0.9919667387626899,2266.823214165625,1.1102328,0.79735106,0.0,True,0.9775190461407188,0.9335820351338829
635,580,272.75217,1192,5209.3594,4.0303597,5,42.805866,0.9431493749956457,0.7436509511715175,1736.4686298596212,1.1060665,0.9254992,0.0,True,0.992024512496952,0.7982054258200622
636,39085,328.01865,1192,4331.6562,2.0017397,4,50.136009,1.1341671175917654,1.2626006261306404,3468.320025455865,1.2530767,1.4610134,0.0,True,1.1698399923142357,1.3221244582914482
637,7620,295.93674,1192,4801.2422,4.0066667,6,40.300472,1.0232859715022664,1.0544289746249558,2645.317579990815,1.0145134,0.92261136,0.0,True,1.0206542000515866,1.0148836902374692
638,36395,327.20483,1192,4342.4297,2.0202649,4,40.273014,1.1313545621391188,1.2537143002680184,3436.3841880288237,1.2528383,1.4611543,0.0,True,1.1677996834973832,1.3159463001876128
639,1043,265.2236,1192,5357.2305,4.0015917,5,42.9897,0.9171261361099664,0.8094802861090271,1843.774039821671,1.1047542,0.87335736,0.0,True,0.9734145552769764,0.828643408276319
640,3952,258.10739,1192,5504.9336,4.0225492,5,52.72731,0.8925276239008371,0.9614909604354273,2137.7700708122557,1.1266156,1.0424021,0.0,True,0.9627540167305859,0.9857643023047991
641,35622,327.06067,1192,4344.3438,2.027745,4,28.708128,1.1308563213493796,1.251085834036379,3427.8492435794706,1.252764,1.4611231,0.0,True,1.1674286249445658,1.3140970138254655
642,4889,266.24142,1192,5336.75,4.0024877,6,42.497093,0.9206444132030313,0.9897486651141135,2261.7613477139244,1.1102328,0.94307661,0.0,True,0.9775209292421219,0.9757470485798794
643,37588,326.7789,1192,4348.0898,1.9831703,4,37.652103,1.1298825051813146,1.2573691057764684,3442.4501445778264,1.2524872,1.4611497,0.0,True,1.1666639136269201,1.318503284043528
644,36031,326.77185,1192,4348.1836,3.012804,5,40.796474,1.1298581423063805,1.2523165752013377,3428.552488546378,1.2524871,1.4611379,0.0,True,1.1666468296144663,1.3149629726409362
645,5255,258.18542,1192,5503.2695,3.9463143,5,43.235153,0.892797411822924,0.9945996051918886,2211.956028307206,1.1109549,1.0981102,0.0,True,0.9582446582760469,1.0256527836343219
646,2301,220.21391,1192,6452.1992,4.0532103,6,117.72602,0.7615337253594037,0.8824632679931256,1704.8890223140013,1.0136012,0.89927107,0.0,True,0.8371539677515826,0.8875056085951878
647,0,257.92255,1192,5508.8789,1.9817154,3,16.400795,0.8918886533666497,0.0,178.77828833533152,1.126416,1.0460676,12.046315997333709,True,0.9622468573566547,0.31382028000000006
648,3443,265.86838,1192,5344.2383,4.0560927,6,44.064983,0.9193548968791165,0.9487500651152804,2165.412660122978,1.1095572,1.0557247,0.0,True,0.9764155878153816,0.9808424555806963
649,654,218.34135,1192,6507.5352,4.1047421,6,80.030479,0.7550601095125322,0.738469942825842,1416.1971029751173,1.0077004,0.82455349,0.0,True,0.8308521966587725,0.7642950069780894
650,14160,334.34613,1192,4249.6797,2.516572,4,55.047474,1.1560349574281628,1.143973495365338,3195.7864989416757,1.0851767,0.98783749,0.0,True,1.134777480199714,1.0971326937557366
651,13849,328.27353,1192,4328.293,1.2289298,3,100.11346,1.1350479888976759,1.1388191639715461,3130.45338217532,1.0881498,0.98862606,0.0,True,1.1209785322283732,1.0937612327800823
652,296,265.17642,1192,5358.1836,4.019052,5,44.057819,0.9169630609271823,0.6630688120870385,1510.7348551568216,1.1052729,0.68289685,0.0,True,0.9734560126490275,0.669017223460927
653,8638,295.9389,1192,4801.207,4.0124569,6,126.77515,1.0232934705890633,1.0692199748587112,2682.436907046882,1.0145135,0.93025494,0.0,True,1.0206594794123443,1.0275304644010979
654,47891,371.01871,1192,3829.6289,4.3430405,6,62.823162,1.2827678486785823,1.3060603299293396,3998.366472077982,1.1340495,1.2149513,0.0,True,1.2381523440750075,1.2787276209505378
655,33213,326.75983,1192,4348.3438,3.0364957,5,106.40141,1.1298165356466041,1.2425911358280524,3401.817141777395,1.252419,1.4611719,0.0,True,1.1665972749526228,1.3081653650796368
656,10343,296.51935,1192,4791.8086,4.0726123,6,149.51068,1.0252996669470038,1.0907193659314276,2741.101548391984,1.0155673,0.9452616,0.0,True,1.0223799568629026,1.0470820361519992
657,1019,265.65634,1192,5348.5039,3.981205,5,42.447002,0.9186219565203351,0.8069249462291694,1840.6099983252104,1.1052872,0.88178813,0.0,True,0.9746215295642345,0.8293839013604187
658,32659,326.77713,1192,4348.1133,1.9819895,4,19.972492,1.129876401377335,1.240591352134941,3396.5008972118712,1.2522885,1.4611609,0.0,True,1.1666000309641344,1.3067622164944588
659,0,288.72427,1192,4921.1797,2.0723643,3,75.389557,0.9983568873156679,0.0,200.1284137097284,1.0110699,0.0,0.0,True,1.0021707911209676,0.0
660,31202,326.77567,1192,4348.1328,2.0315411,4,61.923576,1.1298713365687785,1.2351435889371498,3381.5731791302255,1.252225,1.461146,0.0,True,1.1665774355981449,1.302944312256005
661,4199,301.44812,1192,4713.4609,3.0572941,5,102.436,1.0423350898716355,0.9862895455671575,2515.0051392776127,1.090175,1.0013835,0.0,True,1.0566870629101448,0.9908177318970103
662,6958,315.2804,1192,4506.668,4.3535256,6,226.65166,1.0901424458371483,1.051558514557268,2789.5804082032996,1.0806552,0.98242307,0.0,True,1.0872962720860038,1.0308178811900874
663,0,239.63716,1192,5929.2305,2.0110979,2,25.948744,0.8286797083653524,0.0,166.1038218113925,0.97414571,0.0,0.0,True,0.8723195088557467,0.0
664,0,248.35785,1192,5721.0352,1.1678311,2,38.205002,0.8588258134403373,0.0,172.1485434974298,0.98688179,0.0,0.0,True,0.897242606408236,0.0
665,13222,319.47644,1192,4447.4766,3.1309664,5,50.887207,1.1046446139277781,1.1296246657760858,3031.7638909001785,1.1142056,1.011377,0.0,True,1.1075129097494447,1.09415036604326
666,4658,310.80197,1192,4571.6055,3.3334773,5,110.9635,1.074664257988076,1.002168933229945,2625.2729821271323,1.0870197,0.98880446,0.0,True,1.0783708905916534,0.9981595912609615
667,1088,300.90302,1192,4722.0,3.1055753,4,42.130943,1.0404509654927356,0.8265366811922088,2104.495553922243,1.0893304,0.97658765,0.0,True,1.055114795844915,0.8715519718345461
668,3005,252.66928,1192,5623.4141,2.0901091,4,31.460108,0.87372951992773,0.9274064274378141,2023.5520036330195,0.9955194,0.89336902,0.0,True,0.910266483949411,0.9171952052064698
669,0,208.60033,1192,6811.418,3.0921059,3,19.562,0.7213839457652067,0.0,144.59073060337417,0.89954495,0.0,0.0,True,0.7748322470356448,0.0
670,0,178.24142,1192,7971.5703,1.9936616,2,31.271946,0.6164227787629443,0.0,123.54753773200105,0.82214272,0.0,0.0,True,0.678138761134061,0.0
671,910,208.88507,1192,6802.1328,2.9853239,3,19.167891,0.7223683760240075,0.7721483282936079,1423.685436421476,0.90022296,0.79172182,0.0,True,0.7757247512168053,0.7780203758055255
672,6907,252.67068,1192,5623.3828,3.0133247,4,38.19603,0.8737343814162626,1.023764694252169,2233.7554078199923,0.9955194,0.95476305,0.0,True,0.9102698869913839,1.0030642009765183
673,0,257.51605,1192,5517.5742,2.0659232,3,35.119095,0.8904836103095929,0.0,178.4965240064339,1.1099366,1.0905992,8.136814488930769,True,0.956319507216715,0.32717976000000004
674,0,264.73486,1192,5367.1211,2.0017915,3,40.079674,0.9154366737952108,0.0,183.50022180493187,1.1079198,1.0510488,4.944613066478593,True,0.9731816116566475,0.31531464000000003
675,5468,257.79147,1192,5511.6797,3.9073691,5,40.806488,0.8914355980793885,0.9990345182052811,2218.819920239124,1.1083013,0.95095235,0.0,True,0.956495308655572,0.9846098677436967
676,1367,218.8454,1192,6492.5469,4.0803833,6,105.16034,0.756802658702439,0.8225549925141998,1580.4655499195808,1.0083866,0.86227041,0.0,True,0.8322778410917073,0.83446961775994
677,34217,370.14392,1192,3838.6797,3.9469824,6,45.900135,1.2797449266565195,1.2649540702265505,3864.5010419944856,1.1336889,1.2126902,0.0,True,1.2359281186595636,1.2492749091585853
678,31538,326.77917,1192,4348.0859,2.9915748,5,87.122299,1.1298835181594191,1.2364235738186884,3385.1092977999106,1.2522258,1.4611851,0.0,True,1.1665862027115934,1.303852031673082
679,2094,257.18924,1192,5524.5859,3.0658884,4,50.120392,0.8893538343424071,0.8874155040074132,1966.9282807095587,1.1072052,1.0083982,0.0,True,0.9547092440396849,0.9237103128051892
680,20,219.64079,1192,6469.0352,4.0967965,5,82.182098,0.7595524068525671,0.3469444017036589,678.9190063791588,1.0085322,0.52576375,0.0,True,0.8342463447967969,0.40059020619256125
681,4144,368.80487,1192,3852.6172,3.0294211,5,80.173645,1.2751176332082166,1.0087645852792433,3072.1074258663803,1.1325934,1.215735,0.0,True,1.2323603632457516,1.0708557096954703
682,0,257.53738,1192,5517.1172,2.0912952,3,50.881596,0.89055734511086,0.0,178.51130883579523,,,,False,0.89055734511086,0.0
683,0,257.01312,1192,5528.3711,0.95321929,2,49.133129,0.8887451261611871,0.0,178.1479194949149,,,,False,0.8887451261611871,0.0
684,0,368.80563,1192,3852.6094,0.99734408,2,23.841091,1.2751202134742066,0.0,255.6365826091344,,,,False,1.2751202134742066,0.0
685,0,246.17293,1192,5771.8125,2.0122585,3,15.669868,0.8512729433087207,0.0,170.63407235968077,,,,False,0.8512729433087207,0.0
686,3195,304.3154,1192,4669.0508,3.0168486,5,39.790627,1.052245109598826,0.9550618759830584,2455.8155852684054,1.1100495,1.0903038,0.0,True,1.0695864267191781,0.9956344531881409
687,0,304.5062,1192,4666.125,1.9717212,3,74.006516,1.0529046160905466,0.0,211.0676139930228,,,,False,1.0529046160905466,0.0
688,0,303.92941,1192,4674.9805,1.0231861,2,17.153425,1.0509110228250222,0.0,210.66781363074764,,,,False,1.0509110228250222,0.0
689,0,323.87363,1192,4387.0938,1.008955,2,37.723568,1.1198417224502433,0.0,224.4920934922149,,,,False,1.1198417224502433,0.0
690,0,158.68567,1192,8953.9531,1.4692754,3,44.935936,0.548807067891823,0.0,109.99252475576588,0.71509534,0.0,0.0,True,0.598693549524276,0.0
691,0,152.23201,1192,9333.543,1.825073,2,44.533588,0.5264921773685455,0.0,105.5191885224734,0.69796228,0.0,0.0,True,0.5779332081579819,0.0
692,906,184.95959,1192,7682.0234,1.8661318,2,82.031204,0.6396506237848889,0.7611624683242602,1259.8049676559,0.78049588,0.78397691,0.0,True,0.6819042006494223,0.7680068008269821
693,1817,198.79892,1192,7147.2422,2.1506035,3,43.306942,0.6874980904951973,0.8456986555764016,1492.19307856385,0.81124079,0.8371399,0.0,True,0.7246209003466382,0.8431310289034811
694,4,153.32288,1192,9267.1367,3.2878413,3,27.588591,0.5302640925543458,0.17619229327213604,274.71772208931674,0.70123482,0.11701196,0.0,True,0.581555310788042,0.15843819329049522
695,2084,182.07999,1192,7803.5156,1.9109015,2,25.109468,0.6296945151179614,0.8527019981361676,1391.6380255328593,0.7739203,0.85332072,0.0,True,0.672962250582573,0.8528876146953173
696,4169,202.29636,1192,7023.6758,2.2548289,3,19.361296,0.6995896908575946,0.9410895258915408,1686.324471639659,0.81874675,0.90782213,0.0,True,0.7353368086003162,0.9311093071240786
697,907,159.42387,1192,8912.4922,1.5829394,3,53.641407,0.5513595447408303,0.7488549421863042,1086.050418689288,0.71702701,0.77913642,0.0,True,0.6010597843185812,0.757939385530413
698,1812,171.35472,1192,8291.9453,2.0165453,3,115.85419,0.5926118612076793,0.8314755938469468,1285.7240937432318,0.74730599,0.83211631,0.0,True,0.6390200998453754,0.8316678086928628
699,8974,213.17203,1192,6665.3398,1.1650009,3,28.914528,0.7371891201626897,1.0337385295960728,1940.357821038672,0.8409425,0.96350008,0.0,True,0.7683151341138827,1.012666994717251
700,11048,231.87946,1192,6127.5977,1.8668642,3,82.786644,0.8018618189229095,1.0675432251629602,2158.8408342263333,0.87706321,0.98242784,0.0,True,0.8244222362460367,1.0420086096140722
701,22,196.17795,1192,7242.7305,3.8379009,4,13.833524,0.6784366045069149,0.3527717218646021,623.4640854273079,0.80496418,0.23027135,0.0,True,0.7163948771548405,0.31602161030522147
702,2733,185.00391,1192,7680.1836,1.8767741,4,47.529846,0.6398038132006743,0.8845096019523717,1464.0999855454302,0.77974612,0.86442304,0.0,True,0.681786505240472,0.8784836333666601
703,13998,248.66669,1192,5713.9297,1.9156408,4,89.927872,0.8598934239844979,1.1035180472782076,2373.9742914301796,0.90737081,1.0025293,0.0,True,0.8741366397891486,1.0732214230947452
704,6,190.61925,1192,7453.9375,2.1257563,3,25.677303,0.6592182889123847,0.2182272011866387,396.381587093854,0.79293722,0.14275023,0.0,True,0.6993339682386692,0.19558410983064706
705,2072,207.37302,1192,6851.7305,3.416585,4,58.60463,0.717140885680825,0.8646005253965805,1583.756359651127,0.82954705,0.85767251,0.0,True,0.7508627349765775,0.8625221207776064
706,26,220.87663,1192,6432.8398,4.0522604,5,53.137009,0.7638248214023422,0.37582360983520596,736.0061026782997,0.85631281,0.2431512,0.0,True,0.7915712179816395,0.3360218868846442
707,78,9.558527,33,113.92969,1.5364304,3,194.58574,0.5728251180851378,0.9176480174007248,41.88571990224943,0.20802765,0.82197529,0.0,True,0.46338587765959643,0.8889461991805074
708,65,8.7060146,33,125.08594,1.0545316,2,34.44735,0.5225396166076548,0.8633654449212422,36.60611533292999,0.20559286,0.80644339,0.0,True,0.42745558962535835,0.8462888284448695
709,50,7.981905,33,136.43359,1.5754607,2,96.604561,0.4797061057495035,0.7963048536786255,31.53845199356369,0.20324895,0.78665233,0.0,True,0.3967689590246525,0.7934090965750379
710,33,6.8259144,33,159.53906,2.0041194,2,23.354446,0.41109214306325303,0.6926767014593495,24.268501529932674,0.19868483,0.7584852,0.0,True,0.34736994914427716,0.7124192510215446
711,14,6.0680408,33,179.46484,2.9052358,2,87.917358,0.36595209498337755,0.5201229800497377,16.82418148817086,0.19474897,0.71144921,0.0,True,0.3145911574883643,0.5775208490348164
712,8,5.6229124,33,193.67188,3.0128679,2,76.652122,0.33938161356564583,0.41601993485938715,12.947234271451373,0.18710865,0.30807284,0.0,True,0.29369972449595205,0.383635806401571
713,21,6.1016417,33,178.47656,2.0511518,2,55.991753,0.3679560291032997,0.5943024946113244,19.131662258022104,0.18323642,0.0,0.0,True,0.3125401463723098,0.4160117462279271
714,40,6.826416,33,159.52734,1.8149381,2,28.756132,0.4111219708305938,0.729460662565111,25.51488768496348,0.18687446,0.70921749,0.0,True,0.34384771758141564,0.7233877107955777
715,61,7.709095,33,141.26172,1.5888851,2,40.483379,0.4635393066886494,0.8301372167130239,31.93981920355133,0.19001071,0.75610006,0.0,True,0.38148072768205454,0.8079260696991167
716,80,8.7256336,33,124.80469,1.3342638,2,34.672935,0.5236985979290153,0.9059779857738889,38.451417529695675,0.19301979,0.78386438,0.0,True,0.4244949555503107,0.8693439040417222
717,97,9.6448364,33,112.91016,0.96909332,2,34.424606,0.5779074571284507,0.9646845258669187,44.31917919294064,0.19530793,0.80362695,0.0,True,0.4631275989899155,0.9163672531068431
718,112,10.378378,33,104.92969,1.0022066,2,55.533127,0.6210383511242146,1.0098062625803257,49.154057780451566,0.19695027,0.81893301,0.0,True,0.4938119267869502,0.9525442868062279
719,125,11.647058,33,93.5,1.0836577,2,161.47762,0.6953658467416065,1.0583732110890338,56.42052795883422,0.19948286,0.83177894,0.0,True,0.5466009507191245,0.9903949297623237
720,136,12.761913,33,85.332031,1.5037566,3,15.931891,0.7604018548912874,1.0979397599673137,62.88118285890564,0.20155285,0.84262931,0.0,True,0.5927471534239012,1.0213466249771197
721,16018,255.44107,1192,5562.3945,3.6385655,4,70.35894,0.8833109084892674,1.1225844193851366,2473.0765315805193,0.91958302,1.014069,0.0,True,0.8941925419424872,1.0900297935695957
722,14319,254.75568,1192,5577.3594,4.1713886,5,29.408979,0.880941701118534,1.109238791496833,2437.879963063746,0.91817373,1.0025702,0.0,True,0.8921113097829738,1.077238214047783
723,493,236.51456,1192,6007.5117,5.8815236,7,280.16602,0.8178851471389403,0.7128314560390139,1467.4682492085183,0.89856064,0.78142643,0.0,True,0.8420877949972583,0.7334099482273098
724,386,232.22365,1192,6118.5156,7.9260721,8,88.878021,0.8030516842384461,0.6833396733163778,1384.2864176368062,0.92838806,0.80873692,0.0,True,0.8406525969669123,0.7209588473214644
725,34437,268.93829,1192,5283.2344,4.6381993,8,66.240448,0.9299663910814784,1.2186031421047037,2809.583503077917,0.94132733,1.0717553,0.0,True,0.9333746727570349,1.1745487894732927
726,512,226.60263,1192,6270.2891,7.0534797,8,25.866606,0.7836198686995604,0.7136591751884819,1414.5042089993287,0.96522677,0.84353411,0.0,True,0.8381019390896922,0.7526216556319373
727,139,212.35376,1192,6691.0234,1.3007593,2,64.810944,0.7343602535421709,0.5609784357169536,1050.887770058992,0.91080576,0.74884385,0.0,True,0.7872939054795196,0.6173380600018675
728,627,235.63174,1192,6030.0195,6.0482302,7,282.49341,0.8148333010176249,0.7400962679265759,1518.4418608047117,0.89163977,0.47915575,0.0,True,0.8378752417123374,0.6618141125486032
729,5359,241.26608,1192,5889.1992,7.816802,10,312.63449,0.834310671584095,0.9890955952282595,2071.729102618719,0.96253073,0.96337712,0.0,True,0.8727766891088666,0.9813800526597818
730,37364,277.65759,1192,5117.3242,8.3441515,9,135.82365,0.9601053125308382,1.232703776439312,2923.322511839919,0.95637184,1.0790048,0.0,True,0.9589852707715867,1.1865940835075184
731,532,207.57906,1192,6844.9297,8.248579,8,133.55356,0.7178531949857296,0.7109073281189875,1303.6786646792686,0.87039191,0.55756742,0.0,True,0.7636148094900108,0.6649053556832912
732,17965,299.84659,1192,4738.6367,4.1506095,6,308.27338,1.0367996267226474,1.1573815037461905,2937.3847571208403,1.0172819,1.0567206,0.0,True,1.0309443087058532,1.1271832326223334
733,7693,246.3842,1192,5766.8633,3.2181306,5,14.207262,0.8520032639684292,1.0332308315686765,2204.726154250131,0.95448381,0.94217861,0.0,True,0.8827474277779004,1.0059151650980735
734,3616,196.66629,1192,7224.7461,2.6047635,3,62.015301,0.6801249542982675,0.9220901388266981,1611.4199913529867,0.80631763,0.88766891,0.0,True,0.7179827570087872,0.9117637701786887
735,4515,237.06161,1192,5993.6484,2.6620927,4,53.736031,0.819776283243641,0.9674013678052954,1995.0164758716508,0.88714945,0.91044551,0.0,True,0.8399882332705486,0.9503146104637068
736,10459,249.19122,1192,5701.9023,4.704936,6,31.055399,0.8617066181143537,1.0700921394085647,2306.3667438737007,0.90874338,0.97810245,0.0,True,0.8758176466800476,1.0424952325859953
737,8,191.8275,1192,7406.9883,4.1995177,4,49.331337,0.663395616509164,0.24658591883276823,441.6991419263153,0.79557878,0.16122578,0.0,True,0.7030505655564149,0.22097787718293777
738,0,185.60222,1192,7655.4258,4.187088,4,73.565392,0.6418724110898578,0.0,128.64965549866668,0.7820279,0.0,0.0,True,0.6839190577629005,0.0
739,3626,242.53633,1192,5858.3555,5.1642013,7,43.508015,0.838701741044154,0.9446787116824846,1987.9337032738463,0.90317339,0.82703799,0.0,True,0.8580432357309078,0.9093864951777393
740,3607,241.98209,1192,5871.7734,0.66167969,2,75.138626,0.8367858319130396,0.9438245980977428,1982.1203089822118,0.90920794,0.84111845,0.0,True,0.8585124643391278,0.9130127536684198
741,3890,247.62643,1192,5737.9336,3.8067293,4,50.73328,0.8562974249367071,0.9550619637241804,2047.0480708737964,0.94491971,0.86643952,0.0,True,0.882884110455695,0.9284752306069263
742,1874,247.3824,1192,5743.5938,3.8134158,4,54.26701,0.8554538542191554,0.8706155585025772,1864.49570046519,0.94560856,0.87290376,0.0,True,0.8825002659534089,0.8713020189518041
743,1009,240.45999,1192,5908.9414,0.8094238,2,80.58889,0.8315241225344719,0.7965366761949048,1663.6693831787104,0.9051882,0.81497705,0.0,True,0.8536233457741305,0.8020687883364334
744,608,241.32866,1192,5887.6719,4.9808493,7,40.965141,0.834527023650958,0.7385929833992312,1547.7514560981958,0.89929855,0.71088719,0.0,True,0.8539584815556707,0.7302812453794618
745,636,232.2146,1192,6118.7539,1.9390119,3,58.198689,0.8030204189369031,0.7404888702793924,1499.720441131597,0.91487503,0.74708074,0.0,True,0.8365768022558322,0.7424664311955746
746,138,221.94119,1192,6401.9844,3.992727,4,42.416431,0.7675050490422312,0.5629855834888939,1096.753999828392,0.89397836,0.2924327,0.0,True,0.8054470423295619,0.48181971844222576
747,8680,249.24637,1192,5700.6406,4.7804303,7,98.806503,0.861897269308482,1.0485650200192773,2260.4171230718694,0.9478882,0.95892733,0.0,True,0.8876945485159373,1.021673713013494
748,2354,243.7375,1192,5829.4844,5.9847555,6,32.614605,0.8428540700525038,0.8954121116435334,1892.5535737812381,0.89976054,0.79750395,0.0,True,0.8599260110367526,0.8660396631504734
749,7633,269.34814,1192,5275.1953,4.2668166,6,256.41843,0.9313830702812312,1.0430536806358683,2408.1065655980788,0.97510147,0.88228506,0.0,True,0.9444985901968619,0.9948230944451077
750,3285,241.8569,1192,5874.8125,1.5368257,3,30.620544,0.8363531014453299,0.9329971571688369,1958.4920135816496,0.94021457,0.90787607,0.0,True,0.867511542011731,0.9254608310181858
751,2979,234.23923,1192,6065.8672,1.4444048,3,28.355698,0.8100194349981298,0.9183498329754737,1873.9171412922992,0.8906638,0.88471502,0.0,True,0.8342127444986909,0.9082593890828315
752,3474,214.44513,1192,6625.7695,5.1910148,5,166.84381,0.7415904190674831,0.9266039428621372,1748.5078507407652,0.87647444,0.88511091,0.0,True,0.7820556253472383,0.9141560330034961
753,2685,206.32974,1192,6886.375,0.44732881,2,265.29675,0.713534086194158,0.8934198408875155,1629.216891968676,0.85730898,0.85979986,0.0,True,0.7566665543359106,0.8833338466212608
754,1898,199.82803,1192,7110.4336,1.1498982,2,173.78613,0.691056062862602,0.8511052667287633,1508.6235267427749,0.84132761,0.82316762,0.0,True,0.7361375270038215,0.8427239727101343
755,1144,175.64816,1192,8089.2617,1.9367292,2,176.48271,0.607456604819454,0.7826895500619369,1237.2714173857673,0.77562386,0.74796432,0.0,True,0.6579067813736178,0.7722719810433558
756,696,163.63362,1192,8683.2031,1.3800037,2,267.89343,0.5659154200996961,0.7218470440955478,1071.508796338159,0.73201197,0.47694102,0.0,True,0.6157443850697872,0.6483752368668835
757,889,165.09608,1192,8606.2852,1.2848064,2,21.534538,0.5709720631685952,0.74953358833357,1121.3894389852749,0.73821658,0.71396518,0.0,True,0.6211454182180166,0.738863065833499
758,1578,180.05608,1192,7891.2305,1.6043227,2,64.422119,0.6226969250407274,0.8206640712880431,1326.1454619852495,0.79396379,0.80891609,0.0,True,0.6740769845285092,0.8171396769016301
759,2456,199.34476,1192,7127.6719,0.83857822,2,439.77533,0.6893852101367642,0.8799092574240416,1556.305131665374,0.84422541,0.85241514,0.0,True,0.735837270095735,0.8716610221968291
760,3368,203.61311,1192,6978.2539,0.84306037,2,40.042042,0.7041420600743024,0.9176800463374806,1653.8816977311144,0.85444957,0.87893963,0.0,True,0.7492343130520116,0.9060579214362363
761,4311,230.4534,1192,6165.5156,2.4785323,3,26.817101,0.7969319706281218,0.9589724266842674,1928.7541502000838,0.91371518,0.9024685,0.0,True,0.8319669334396853,0.9420212486789872
762,4888,259.52631,1192,5474.8359,2.2210019,3,40.717514,0.8974324684418029,0.9867894769377468,2204.662399721579,0.93256432,0.86373043,0.0,True,0.9079720239092621,0.9498717628564228
763,3832,244.94339,1192,5800.7852,0.65705073,2,171.81577,0.8470226264773135,0.9521290302052797,2021.190534588654,0.90009886,0.82886636,0.0,True,0.8629454965341194,0.9151502291436958
764,3204,243.82051,1192,5827.5,1.1993719,3,133.41405,0.8431409831010692,0.9309882981687747,1968.309174130847,0.89951307,0.81152546,0.0,True,0.8600526091707484,0.8951494467181422
765,2971,235.55118,1192,6032.082,1.6736811,3,74.426208,0.814554784139109,0.9186299523197263,1883.779770002853,0.88818353,0.83071154,0.0,True,0.8366434078973763,0.8922544286238084
766,2925,234.18855,1192,6067.1797,1.5885291,3,60.089127,0.8098442629714331,0.9162277710573511,1869.230544897107,0.89031655,0.85101426,0.0,True,0.8339859490800032,0.8966637177401457
767,4235,237.67828,1192,5978.0977,3.2728734,4,73.687485,0.82190803688503,0.960329987561308,1984.9964784384294,0.89087719,0.84314185,0.0,True,0.8425987828195209,0.9251735462929156
768,7,228.94745,1192,6206.0703,3.971503,4,55.461685,0.7917259508140047,0.2380921853971349,503.0489640584553,0.89212966,0.1538765,0.0,True,0.8218470635698033,0.21282747977799443
769,11717,276.05338,1192,5147.0625,2.738929,4,89.635895,0.954560244896558,1.0961904714042616,2586.3349343757027,0.96056467,0.93944144,0.0,True,0.9563615724275907,1.049165761982983
770,7438,266.8158,1192,5325.2617,1.4737648,4,79.530136,0.9226297932740348,1.0388905633892362,2378.5631019971,0.95617259,0.92818451,0.0,True,0.9326926322918243,1.0056787473724653
771,7370,268.42169,1192,5293.4023,2.2763889,3,59.524544,0.9281807278339709,1.0385462350757513,2390.4144142504338,0.94495714,0.89860177,0.0,True,0.9332136514837795,0.9965628955530259
772,6795,266.29678,1192,5335.6406,1.7005352,3,66.75853,0.9208357642115663,1.0281219676879747,2349.865797157502,0.94906092,0.89394379,0.0,True,0.9293033109480964,0.9878685143815823
773,21481,282.47574,1192,5030.0391,1.0542593,4,84.104851,0.9767591752193824,1.1702521066988731,2817.70036612084,0.96913666,0.98934668,0.0,True,0.9744724206535678,1.1159804786892114
774,1280,268.56717,1192,5290.5352,3.5038934,4,53.865524,0.928683546778807,0.8345223579187627,1921.9141075482846,0.98615569,0.83598858,0.0,True,0.9459251897451649,0.8349622245431338
775,1221,263.42041,1192,5393.9023,0.62241817,2,154.03967,0.9108931347751947,0.8271574585314345,1872.6720624981906,0.95324188,0.79086637,0.0,True,0.9235977583426364,0.8162701319720043
776,1385,262.90216,1192,5404.5352,0.65357894,2,107.12403,0.9091017036174449,0.8416190123249012,1902.0704220813568,0.94489521,0.75010318,0.0,True,0.9198397555322115,0.8141642626274309
777,1877,267.2457,1192,5316.6953,0.78188413,2,69.410316,0.9241157997879071,0.8786352889664899,2014.630373064751,0.94513512,0.76053852,0.0,True,0.930421595851535,0.8432062582765429
778,2836,283.22577,1192,5016.7188,3.664957,4,143.03316,0.9793516147961275,0.9330339034532588,2251.886989235984,0.97688925,0.82002288,0.0,True,0.9786129053572894,0.8991305964172811
779,12,197.05891,1192,7210.3516,2.5131097,3,22.8857,0.6814823560442732,0.28872570440130774,520.0497608014936,0.8252244,0.18871494,0.0,True,0.7246049692309913,0.2587224750809154
780,16,209.80545,1192,6772.293,2.575057,4,23.200235,0.7255503062810663,0.32118820695818473,606.4157473326959,0.85899478,0.20906927,0.0,True,0.7655836483967464,0.2875525258707293
781,968,210.85858,1192,6738.4688,2.5496793,4,25.55769,0.7291911745052041,0.779972639796519,1450.136883875526,0.84244072,0.73930454,0.0,True,0.7631660381536429,0.7677722098575633
782,4,203.85617,1192,6969.9336,2.6055284,3,26.219423,0.7049823826474313,0.18186167978600107,365.26122295806414,0.8390134,0.11855818,0.0,True,0.7451916878532019,0.16287062985020073
783,15,228.13385,1192,6228.2031,5.4785385,5,144.58096,0.7889133439305829,0.31732696393738213,646.3518680509192,0.9021771,0.20533884,0.0,True,0.822892470751408,0.2837305267561675
784,32749,254.11603,1192,5591.3984,2.1783297,5,82.10302,0.8787306051697807,1.2047781252475438,2641.965276635445,0.95649797,1.1646526,0.0,True,0.9020608146188466,1.1927404676732807
785,34435,265.14764,1192,5358.7656,2.3150744,4,61.865944,0.9168635093815114,1.2165830532694162,2769.9673927584577,0.98021775,1.1677166,0.0,True,0.935869781567058,1.2019231172885914
786,2428,223.60378,1192,6354.3828,4.6279874,5,50.949207,0.7732527312526997,0.8901340349170548,1743.1360330683226,0.86755592,0.81154937,0.0,True,0.8015436878768898,0.8665586354419383
787,4369,242.03087,1192,5870.5898,4.7754359,5,114.89697,0.8369544831800926,0.9659258529302751,2028.8835723597404,0.94094694,0.93711925,0.0,True,0.8681522202260648,0.9572838720511925
788,925,221.26129,1192,6421.6562,4.720952,5,45.070637,0.7651546421472063,0.7790777132788965,1511.6468591372006,0.89029366,0.82026565,0.0,True,0.8026963475030444,0.7914340942952276
789,5548,267.15131,1192,5318.5742,2.6974993,4,40.527561,0.9237894588497014,1.004877726008437,2303.25923341542,0.96314311,0.94211578,0.0,True,0.9355955541947909,0.9860491422059059
790,2089,271.95175,1192,5224.6914,2.4739938,4,32.870644,0.9403827363880108,0.8929181099663765,2079.179283805591,0.95126069,0.8662951,0.0,True,0.9436461224716076,0.8849312069764635
791,0,254.51558,1192,5582.6211,0.30080193,1,68.22113,0.8801116983545549,0.0,176.4167566855792,0.92295808,0.0,0.0,True,0.8929656128481884,0.0
792,7420,267.35001,1192,5314.6211,1.1512461,3,74.933372,0.9244763297101768,1.0388502474695256,2382.6777861792903,0.96492547,0.97789508,0.0,True,0.9366110717971237,1.020563697228668
793,8339,273.82233,1192,5189.0,2.5928648,4,39.15876,0.9468484609878026,1.0554004913052222,2472.3249479900524,0.99674928,0.9928087,0.0,True,0.9618187066914619,1.0366229539136556
794,7612,245.85413,1192,5779.2969,2.4134865,4,63.539543,0.850170895216899,1.0317523271944546,2197.381259779759,0.94683832,0.90062767,0.0,True,0.8791711226518293,0.9924149300361182
795,45089,279.1387,1192,5090.1719,3.8141503,6,17.668346,0.9652247523277215,1.2554882334561357,2991.3725577244895,0.95867366,1.0860281,0.0,True,0.9632594246294051,1.2046501934192948
796,46739,279.3269,1192,5086.7422,4.0926275,5,199.83246,0.9658752925207498,1.2597982079717966,3003.4281358275416,0.95922309,1.0830903,0.0,True,0.9638796317645248,1.2067858355802576
797,21731,333.35336,1192,4262.3359,2.2467797,4,189.61151,1.1526039402730173,1.194808696410736,3329.0623719533246,1.055167,1.0561811,0.0,True,1.1233728581911122,1.1532204174875154
798,19800,306.18616,1192,4640.5234,2.451617,4,111.83752,1.0587109503826482,1.1717659274286472,3029.264476910181,1.0218072,1.0489653,0.0,True,1.0476398252678538,1.1349257392000531
799,69602,352.91891,1192,4026.0352,2.8446405,5,184.50316,1.220220310137231,1.3432338102591792,3935.249592210671,1.064957,1.1243323,0.0,True,1.1736413170960618,1.2775633571814256
800,3426,281.57593,1192,5046.1133,2.5466647,4,120.4319,0.973648979112193,0.9545527314828657,2291.9526866125234,0.96817023,0.88430327,0.0,True,0.9720053543785351,0.933477893038006
801,3838,283.72238,1192,5007.9375,1.8134804,3,38.713764,0.9810681991517226,0.9687288088559024,2341.625390286257,0.99165738,0.91488385,0.0,True,0.9842449534062059,0.9525753211991317
802,13364,308.52063,1192,4605.4102,3.3272595,5,48.546078,1.066779415687295,1.1262212038505608,2931.090819414622,1.0503397,1.0099893,0.0,True,1.0618475009811066,1.0913516326953925
803,141581,359.23849,1192,3955.2109,3.0630364,5,131.58931,1.2420592394981231,1.4318303194959145,4260.798905723524,1.147077,1.2373207,0.0,True,1.2135645676486861,1.3734774336471403
804,888,267.39719,1192,5313.6836,4.4027834,4,56.321213,0.9246393748844801,0.7915153141982635,1815.953535800672,1.0192558,0.79896444,0.0,True,0.953024302419136,0.7937500519387843
805,25596,291.11313,1192,4880.7969,2.2724202,4,20.939051,1.0066137219403255,1.1950335458703611,2954.876725191788,1.0567603,1.0908577,0.0,True,1.021657695358228,1.163780792109253
806,15828,276.7467,1192,5134.168,4.8405528,6,20.382071,0.9569566963128315,1.1317073813488159,2676.0470909230676,1.0042322,1.0433058,0.0,True,0.971139347418982,1.105186906944171
807,52259,308.54654,1192,4605.0234,5.3707519,7,10.964417,1.0668689811707237,1.2878805799642525,3352.0513612485297,1.0620518,1.1903009,0.0,True,1.0654238268195066,1.2586066759749768
808,66043,320.4881,1192,4433.4375,5.2305946,7,15.725821,1.1081410483154555,1.3215760760403208,3556.8062927078554,1.0816723,1.1976411,0.0,True,1.1002004238208187,1.2843955832282246
809,79084,345.31516,1192,4114.6875,4.2851505,6,52.161461,1.1939430333217382,1.3550660598967939,3894.5649119323493,1.1220974,1.2098484,0.0,True,1.1723893433252168,1.3115007619277557
810,74713,352.85526,1192,4026.7617,4.0060978,6,58.70248,1.2200002698068946,1.3517404602609024,3959.542771754994,1.0649557,1.1291618,0.0,True,1.1734868988648262,1.2849668621826318
811,1933,282.65506,1192,5026.8477,4.253541,5,98.771698,0.9773790447039553,0.8878583773886108,2139.09465881915,0.99646503,0.82988715,0.0,True,0.9831048402927687,0.8704670091720276
812,1756,281.96509,1192,5039.1484,1.3100787,3,92.413536,0.9749941820771797,0.876345829898947,2106.824000916273,0.9812457,0.7864244,0.0,True,0.9768696374540258,0.8493694009292629
813,12296,323.88892,1192,4386.8867,4.5490389,5,124.8084,1.1198945648306855,1.1228144393994663,3050.124122511149,1.0303247,0.97588181,0.0,True,1.0930236053814797,1.0787346505796265
814,1560,266.42593,1192,5333.0547,4.2404251,5,96.857178,0.9212820931316194,0.8567786900837571,1959.222310838489,0.98612827,0.86786634,0.0,True,0.9407359461921336,0.86010498505863
815,138,252.81117,1192,5620.2578,2.567992,3,99.93187,0.8742200261588294,0.5714724429767934,1249.3024025814925,0.95698047,0.36705184,0.0,True,0.8990481593111805,0.5101462620837555
816,81960,348.62582,1192,4075.6133,3.9416428,5,124.49648,1.2053841302184498,1.3609168244766434,3944.3563638291184,1.0589516,1.1121145,0.0,True,1.161454371152915,1.2862761271336502
817,208,262.77206,1192,5407.2109,3.1965535,4,13.657039,0.9086520107743781,0.621487588147447,1405.0704608881426,0.93017817,0.39064085,0.0,True,0.9151098585420647,0.5522335667032129
818,19916,283.82755,1192,5006.082,4.7399402,5,68.544746,0.9814316860202534,1.1620283702918959,2809.7165234255913,0.97302377,0.9957031,0.0,True,0.9789093112141773,1.112130789204327
819,1599,281.867,1192,5040.9023,4.2729068,5,254.32269,0.9746550832419822,0.8653313243605917,2079.7228820312453,0.97570813,0.7315414,0.0,True,0.9749709972693876,0.8251943470524142
820,95907,350.44293,1192,4054.4805,2.8033025,5,237.11784,1.2116637466857496,1.3806820317890172,4019.9852052094802,1.0607553,1.1209081,0.0,True,1.1663912126800247,1.302749852252312
821,26431,292.22003,1192,4862.3086,2.739996,5,21.898096,1.0104396667982132,1.1993484206498555,2975.4920310351063,0.98074234,1.0168544,0.0,True,1.0015304687587492,1.1446002144548988
822,93747,349.15121,1192,4069.4805,3.0734563,4,42.14801,1.2071997792910178,1.3773285861814752,3997.214429687938,1.061123,1.1200883,0.0,True,1.1633767455037125,1.3001565003270326
823,2468,304.38745,1192,4667.9453,3.9839883,4,46.565067,1.0524942039444622,0.9245426144048726,2377.866671710402,1.0357888,0.67385381,0.0,True,1.0474825827611234,0.8493359730834109
824,21489,307.36597,1192,4622.7109,2.3728907,4,57.434078,1.0627886731228287,1.1819987570632282,3066.095276503641,1.0523086,1.0095493,0.0,True,1.05964465118598,1.1302639199442597
825,21918,312.18747,1192,4551.3164,2.8309014,4,23.118212,1.0794528491338058,1.1865277745863219,3120.362070870636,1.0638165,1.0158584,0.0,True,1.074761944393664,1.1353269622104252
826,21249,305.59219,1192,4649.543,2.295469,4,90.022354,1.0566580510999648,1.1798593849361125,3044.9692412366417,1.0479708,1.0080382,0.0,True,1.0540518757699755,1.1283130294552788
827,21702,307.20267,1192,4625.168,3.5561805,5,122.1325,1.0622243153885236,1.1830929738245173,3067.4960302753207,1.0487723,1.0120957,0.0,True,1.0581887107719665,1.131793791677162
828,95447,349.97592,1192,4059.8906,2.0531392,5,76.424004,1.2100499114839978,1.3798820548825115,4012.94546369913,1.0594159,1.1239791,0.0,True,1.1648597080387986,1.303111168417758
829,2039,277.93808,1192,5112.1602,4.0522318,5,19.530201,0.9610747745030911,0.892357987578221,2118.220350856656,0.95651579,0.86611247,0.0,True,0.9597070791521638,0.8844843323047547
830,125283,357.76788,1192,3971.4688,4.4364619,6,160.15121,1.2369772127033394,1.4163657444845503,4199.603313756946,1.1454366,1.2301023,0.0,True,1.2095150288923375,1.3604867111391852
831,7149,288.51129,1192,4924.8125,4.7162728,6,101.80801,0.9976207458651376,1.0437766060110383,2560.5398585594794,0.96678621,0.83467472,0.0,True,0.9883703851055964,0.9810460402077268
832,13223,313.97763,1192,4525.3672,3.291327,5,81.010651,1.085639874978041,1.1273054252112829,2979.605088348698,1.0545374,0.96782321,0.0,True,1.0763091324846286,1.079460760647898
833,31159,313.65488,1192,4530.0234,2.8709018,5,144.76694,1.0845244887719871,1.2289717330326122,3245.362763930404,1.0526512,1.0226195,0.0,True,1.074962502140391,1.1670660631228285
834,18954,258.14694,1192,5504.0898,3.1430097,4,110.01704,0.8926644024199685,1.1434944668183455,2542.715292784136,0.96105677,0.97027361,0.0,True,0.913182112693978,1.091528209772842
835,0,258.45914,1192,5497.4414,4.4642711,4,39.387577,0.8937435647532644,0.0,179.15022418094816,1.0009151,0.0,0.0,True,0.9258950253272851,0.0
836,28,220.50533,1192,6443.6719,2.6104946,3,28.48844,0.7625411962075952,0.3838984442179145,749.9821510385495,0.9148047,0.24964002,0.0,True,0.8082202473453166,0.34362091695254016
837,0,238.46455,1192,5958.3867,1.9007155,3,26.093834,0.8246260869261525,0.0,165.2910304959961,0.95952708,0.0,0.0,True,0.8650963848483066,0.0
838,21308,283.66266,1192,5008.9922,2.49298,4,12.957069,0.9808617065873069,1.1698786266250065,2827.2463651781736,1.0424895,1.0786722,0.0,True,0.9993500446111148,1.1425166986375044
839,428,269.93759,1192,5263.6758,3.1333728,4,84.053535,0.9334206182970253,0.7073576281710942,1636.8435655107799,0.98289508,0.47666022,0.0,True,0.9482629568079177,0.6381484057197659
840,42,226.3584,1192,6277.0547,4.0462618,5,107.24161,0.7827755284545751,0.4300906228265567,856.5831108303232,0.8922894,0.27832854,0.0,True,0.8156296899182025,0.38456199797858964
841,0,256.86832,1192,5531.4883,4.2044158,4,176.26477,0.8882444661512492,0.0,178.04755178316978,0.94787419,0.0,0.0,True,0.9061333833058745,0.0
842,41,260.75909,1192,5448.9531,4.0420594,4,141.93111,0.9016937535176525,0.43442436826580827,980.7671194761481,0.95722681,0.2744033,0.0,True,0.9183536704623567,0.3864180477860658
843,7235,301.65063,1192,4710.2969,1.9715594,3,109.14033,1.0430349498962348,1.05068262969964,2680.7576966034494,1.0305327,0.89682794,0.0,True,1.0392842749273643,1.004526222789748
844,7109,292.36121,1192,4859.9609,2.7332761,4,92.67746,1.0109275788268235,1.0447445789790417,2593.0679779953193,0.98848701,0.86864084,0.0,True,1.0041954081787765,0.9919134572853292
845,2603,270.05865,1192,5261.3164,2.7435122,4,98.063263,0.9338390450909779,0.9178519455789318,2124.0620409041294,0.98329425,0.91605961,0.0,True,0.9486756065636845,0.9173142449052523
846,8544,305.99554,1192,4643.4141,2.1134746,4,75.266205,1.0580521467370763,1.0721531624474694,2770.244519203387,1.0442342,0.94596493,0.0,True,1.0539067627159535,1.0342966927132284
847,10546,307.57233,1192,4619.6094,2.1696467,4,26.986412,1.0635018963280807,1.097749733772576,2849.255193657631,1.0491887,0.98116672,0.0,True,1.0592079374296566,1.062774829640803
848,14939,317.70731,1192,4472.2422,2.3104181,4,94.667007,1.0985302407159996,1.1434019066235037,3053.759579702087,1.0771431,1.0305098,0.0,True,1.0921140985011997,1.1095342746364527
849,30987,217.19121,1192,6541.9961,2.5123448,5,249.24355,0.751083937991296,1.1769654585066491,2246.0584819673913,0.88625109,1.0595069,0.0,True,0.7916340835939072,1.1417278909546544
850,0,7.5000405,33,145.19922,1.5993733,2,33.678589,0.45113987943566153,0.0,5.198631926660402,,,,False,0.45113987943566153,0.0
851,0,7.6937766,33,141.54297,1.5343192,2,21.15675,0.46263107391343106,0.0,5.332919558148082,0.21362333,0.80835533,11.46712040110979,True,0.3879287507394017,0.24250659900000004
852,21,8.4744501,33,128.50391,3.5831201,4,11.170646,0.5088540133688211,0.6335354120629387,26.571589271730204,0.21362333,0.80835533,0.0,True,0.4202848083581747,0.6859813874440571
853,89,9.4686003,33,115.01172,1.4895921,3,33.006069,0.5675280934578469,0.9432013114498407,42.7115256766633,0.21314715,0.88709748,0.0,True,0.46121381042049286,0.9263701620148884
854,60,8.3438282,33,130.51562,2.5718498,3,58.116371,0.5011291375599601,0.8399449034384746,34.4361002671289,0.21656518,0.89300537,0.0,True,0.4157599502919721,0.8558630434069323
855,95,11.103394,33,98.078125,1.855626,3,38.303463,0.6635559805284463,0.9888330312174448,50.794818430448586,0.20621926,0.206367,0.0,True,0.5263549643699124,0.7540932218522113
856,70,9.9990673,33,108.91016,1.1725489,2,32.821888,0.5987498202493209,0.9035511210775997,42.76267234367135,0.20846272,0.71444005,0.0,True,0.4816636901745246,0.8468177997543198
857,45,8.9348116,33,121.88281,1.97317,3,57.550884,0.5360504686955633,0.7931102886769276,34.40034345347121,0.21169354,0.76151431,0.0,True,0.4387433900868943,0.7836314950738492
858,0,5.96457,33,182.57812,1.0404344,1,25.147097,0.3597795793121276,0.0,4.134324878752433,0.21615067,0.71614707,4.0585526947717385,True,0.31669090651848936,0.21484412100000003
859,45,7.2422714,33,150.36719,1.5572613,2,105.06351,0.43583817725996926,0.7607325515546214,27.883813861643347,0.21107377,0.0,0.0,True,0.36840885508197846,0.5325127860882349
860,86,8.0420008,33,135.41406,2.1144743,3,77.555,0.48326523766071255,0.9058178502031086,36.006746243903194,0.21124285,0.0,0.0,True,0.4016585213624988,0.634072495142176
861,174,9.920433,33,109.77344,3.6644189,4,14.111321,0.5941253876039193,1.09298829819095,51.29344005034831,0.21120706,0.87538528,0.0,True,0.47924988932274354,1.027707392733665
862,0,111.09939,1192,12789.125,0.30683011,1,6.6186557,0.38425786324406047,0.0,77.00822894042977,,,,False,0.38425786324406047,0.0
863,2112,114.34102,1192,12426.547,0.56567097,2,36.005943,0.39546781783805324,0.812049284389966,875.4334010735369,0.60436255,1.1119699,0.0,True,0.4581362374866373,0.9020254690729762
864,4220,117.23043,1192,12120.266,0.76765633,2,94.773705,0.40545970208768584,0.8877945736552496,978.6471591639191,0.61458522,1.1139208,0.0,True,0.46819735746138014,0.9556324415586748
865,6324,123.36031,1192,11518.0,1.2570846,2,116.75142,0.42665714939129196,0.9358783019405497,1079.701664352115,0.63576716,1.1172497,0.0,True,0.4893901525739044,0.9902897213583847
866,8424,133.60735,1192,10634.625,1.5529839,2,104.77348,0.4620911577674011,0.9748500935594575,1207.687183542408,0.66967762,1.1220578,0.0,True,0.5243670964371807,1.0190124054916203
867,10520,146.73065,1192,9683.4844,1.8068426,2,153.84821,0.5074697514341857,1.009003848704446,1358.9053560248506,0.71055543,1.1274949,0.0,True,0.56839545500393,1.0445511640931122
868,12612,167.1826,1192,8498.875,2.1077313,2,43.564442,0.5781864056332652,1.0435941058210199,1578.6321639947678,0.76913011,1.1346296,0.0,True,0.6354695169432856,1.0709047540747139
869,14700,197.43456,1192,7196.6328,1.7489014,2,19.564236,0.6827810915688994,1.0803763510994444,1894.5304713937257,0.84592152,1.1431853,0.0,True,0.7317232200982295,1.099219035769611
870,16784,220.67683,1192,6438.6641,1.2353311,2,116.84425,0.7631340937323037,1.1091949280588298,2146.810512238431,0.89820796,1.1488559,0.0,True,0.8036562536126126,1.121093219641181
871,18864,247.27074,1192,5746.1875,4.6989498,5,153.44908,0.8550678559089597,1.1372617960511338,2434.40927676372,0.95206255,1.1544225,0.0,True,0.8841662641362719,1.1424100072357937
872,290,12.790017,33,85.144531,1.5882459,3,19.114552,0.7620379340135919,1.2666557947458832,72.60577763582596,0.20158692,0.85144746,0.0,True,0.5939026298095144,1.1420932943221183
873,293,12.367314,33,88.054688,1.3629234,2,40.17598,0.7374123417519742,1.2598093296100008,70.33260994211645,0.20414694,0.86001951,0.0,True,0.5774327212263819,1.1398723837270004
874,292,11.647546,33,93.496094,1.5937247,3,50.299904,0.6953942887320964,1.2430614866014003,66.1997567847466,0.20766984,0.86803699,0.0,True,0.5490769541124675,1.1305541376209802
875,0,7.4008865,33,147.14453,0.55857491,1,157.69212,0.44525560785785046,0.0,5.129903611119162,,,,False,0.44525560785785046,0.0
876,47,8.3880129,33,129.82812,1.111341,2,35.110603,0.5037425881809087,0.7918095111410985,32.64463886503378,0.21063043,0.85416949,0.0,True,0.41580894072663604,0.8105175047987689
877,90,9.5647583,33,113.85547,1.552691,3,37.611481,0.5731920846190811,0.9474728777719886,43.249814823174994,0.20804575,0.84456849,0.0,True,0.4636481842333568,0.9166015614403921
878,178,10.947732,33,99.472656,4.004077,4,16.774067,0.6544367811149382,1.1204834751275339,56.85109989110999,0.20352849,0.43285868,0.0,True,0.5191642937804567,0.9141960365892737
879,2091,231.23645,1192,6144.6367,3.4621301,4,44.682247,0.7996389897238734,0.876436376111779,1768.115690222698,0.89256495,0.73396134,0.0,True,0.8275167778067114,0.8336938652782453
880,0,201.77611,1192,7041.7852,0.75476301,1,187.39658,0.6977910628205533,0.0,139.86054175085337,,,,False,0.6977910628205533,0.0
881,884,274.17215,1192,5182.3789,2.9984813,4,65.08165,0.9480577048463189,0.7933021274753034,1860.728777788839,0.9593209,0.79597092,0.0,True,0.9514366633924233,0.7941027652327124
882,9,228.00987,1192,6231.5898,1.7478248,2,46.62215,0.788484728492671,0.263517951471411,546.743789424371,0.87695467,0.17017284,0.0,True,0.8150257109448698,0.23551441802998768
883,37,210.93855,1192,6735.9141,1.7269717,3,34.781956,0.7294676494892809,0.4126280509049733,772.7863814702007,0.83996695,0.26192427,0.0,True,0.7626174396424967,0.3674169166334813
884,4,206.35738,1192,6885.4531,4.6192865,5,11.190768,0.7136295942236882,0.18211251698158548,369.74278966009206,0.84190249,0.18899316,0.0,True,0.7521114629565817,0.18417670988710982
885,1,207.38176,1192,6851.4414,4.3468523,4,27.860991,0.7171711369688932,0.07847554422574181,227.8321499816207,0.84427696,0.051083762,0.0,True,0.7553028838782252,0.07025800955801927
886,0,246.47269,1192,5764.793,9.0220499,8,52.228222,0.8523091362890403,0.0,170.84185015852543,0.92535031,0.0,0.0,True,0.8742214884023282,0.0
887,931,212.78668,1192,6677.4102,1.9176834,3,26.434319,0.7358569415287121,0.7763578440697231,1455.1215391830394,0.84382105,0.78792661,0.0,True,0.7682461740700983,0.7798284738488062
888,1829,240.60234,1192,5905.4453,6.9447002,8,17.910267,0.832016228908236,0.8650336089117839,1807.5533607737418,0.8970499,0.84278417,0.0,True,0.8515263302357652,0.8583587772382487
889,7085,234.33203,1192,6063.4648,8.8150578,10,32.373917,0.8103402662542338,1.0178341562408393,2077.591855078527,0.8982687,0.91175538,0.0,True,0.8367187963779636,0.9860105233685874
890,4681,277.81134,1192,5114.4922,3.9841242,6,15.477046,0.9606367348684092,0.9895860920828595,2347.97649352352,0.96449,0.87682569,0.0,True,0.9617927144078864,0.9557579714580017
891,0,237.21761,1192,5989.707,1.9726843,3,156.3633,0.8203155396263007,0.0,164.42671755066868,,,,False,0.8203155396263007,0.0
892,0,291.34537,1192,4876.9062,2.0431914,3,161.05675,1.0074164494057465,0.0,201.94522178469407,,,,False,1.0074164494057465,0.0
893,2450,239.42786,1192,5934.4141,8.0870342,10,90.833481,0.8279561159636224,0.8981730180334675,1868.652873523247,0.97733146,1.0039233,0.0,True,0.8727687191745357,0.9298981026234273
894,2062,294.65302,1192,4822.1602,4.1282368,6,91.341187,1.0188489099071965,0.8998204606637147,2248.910041804521,1.014424,1.0320828,0.0,True,1.0175214369350374,0.9394991624646003
895,10322,248.7131,1192,5712.8633,6.588099,10,25.665382,0.86005388107668,1.068330716498349,2298.6628188484833,0.92602819,0.94387126,0.0,True,0.879846173753676,1.0309928795488443
896,0,238.69318,1192,5952.6797,2.0714738,3,49.220135,0.825416413411402,0.0,165.44950473588753,0.91407663,0.0,0.0,True,0.8520144783879815,0.0
897,6147,278.02328,1192,5110.5938,4.1343012,5,213.29153,0.9613692292526121,1.0215728061874874,2425.48753513675,0.96441412,0.89650983,0.0,True,0.9622826964768285,0.9840539133312411
898,11734,351.46759,1192,4042.6602,2.0840936,4,76.398308,1.2152047682491804,1.1282215274902037,3293.397641224795,1.0630776,1.0024706,0.0,True,1.1695666177744264,1.0904962492431425
899,20207,353.07101,1192,4024.3008,1.9769896,4,294.15109,1.2207459415321587,1.1943152652263118,3500.3047998927136,1.06496,1.0339705,0.0,True,1.1740101590725112,1.1462118356584183
900,8854,271.72849,1192,5228.9844,1.7256483,3,130.34973,0.9396109766619994,1.0614527085957188,2469.6996152413635,0.98909861,0.95041043,0.0,True,0.9544572666633997,1.0281400250170032
901,6787,256.59921,1192,5537.2891,0.62010342,2,59.03112,0.8873142874936214,1.0235631473602915,2263.9899523252448,0.9624148,0.92912632,0.0,True,0.9098444412455349,0.9952320991522041
902,4716,238.55573,1192,5956.1094,0.71883845,2,47.959114,0.8249412743223015,0.9731097733895212,2017.9763798889655,0.92846113,0.9005276,0.0,True,0.855997231025611,0.9513351213726648
903,2641,222.69995,1192,6380.1719,1.3554633,3,506.1713,0.7701281692189587,0.8993166759661227,1754.8020959988794,0.90258962,0.86472529,0.0,True,0.8098666044532711,0.888939260176286
904,0,234.40376,1192,6061.6094,2.0035188,3,66.384521,0.8105882217590867,0.0,162.47630535665007,0.96192896,0.0,0.0,True,0.8559904432313608,0.0
905,15204,279.51389,1192,5083.3398,1.3713717,3,47.949932,0.9665215215289416,1.1283132864569354,2691.563732733983,1.0401776,1.0228617,0.0,True,0.988618345070259,1.0966778105198547
906,13125,263.68872,1192,5388.4141,1.3306886,3,142.01872,0.9118205521515839,1.103553187891049,2500.4088948886256,1.0512601,1.028753,0.0,True,0.9536524165061087,1.0811131315237343
907,0,224.45734,1192,6330.2188,1.0431827,2,80.151489,0.7762034945772378,0.0,155.58197237698502,,,,False,0.7762034945772378,0.0
908,0,222.69777,1192,6380.2344,1.0071865,2,70.842796,0.7701206275011904,0.0,154.36233139248716,,,,False,0.7701206275011904,0.0
909,0,-1.0,1,-1.0,0.0,0,139.95151,1.0,0.0,-0.6931471805599453,,,,False,1.0,0.0
910,2101,343.86313,1192,4132.0625,1.3114322,3,162.04489,1.188925024957335,0.9187471802422374,2630.9381316232807,1.054134,0.96124023,0.0,True,1.1484877174701345,0.9314950951695662
911,0,334.09125,1192,4252.9219,0.10455147,1,30.381723,1.1551540725078133,0.0,231.5744079872478,,,,False,1.1551540725078133,0.0
912,4530,274.40506,1192,5177.9805,2.9423614,3,174.9805,0.9488627150213564,0.9843264839250637,2310.193869645611,0.9581663,0.9108054,0.0,True,0.9516537905149496,0.9622701587475446
913,2499,226.75406,1192,6266.1016,1.9399779,3,166.25902,0.7841433777952296,0.8948528543521825,1774.2248820769796,0.87508589,0.87369096,0.0,True,0.8114261314566608,0.8885042860465278
914,89,199.68608,1192,7115.4883,3.942071,4,129.90709,0.6905652884582449,0.5072808406866223,900.7558522870842,0.8265819,0.29074603,0.0,True,0.7313702719207714,0.44232039748063556
915,0,348.54663,1192,4076.5391,2.0014725,3,800.06122,1.205110516407133,0.0,241.59411387817045,,,,False,1.205110516407133,0.0
916,0,205.20369,1192,6924.1641,2.0200822,3,107.56757,0.709641049507863,0.0,142.23635916399704,0.97083318,0.0,0.0,True,0.7879986886555042,0.0
917,10560,263.0712,1192,5401.0625,1.2273195,3,72.058273,0.9096860088121659,1.077955124186992,2437.3593857260375,1.0519601,1.0364132,0.0,True,0.9523682361685162,1.0654925469308942
918,8456,248.01764,1192,5728.8828,2.3007121,4,123.48606,0.8576497779692307,1.044945627034061,2242.790784663882,1.0824546,1.0443498,0.0,True,0.9250912245784615,1.0447668789238427
919,684,230.56631,1192,6162.4961,1.749907,3,98.218407,0.7973223246889041,0.7482096289493754,1505.800355686311,0.98791981,0.71896189,0.0,True,0.8545015702822328,0.7394353072645627
920,315,220.01079,1192,6458.1562,2.6596708,3,21.995348,0.7608315045056779,0.6560324291061305,1267.0205288031418,0.95250434,0.54275739,0.0,True,0.8183333551539747,0.6220499173742913
921,27048,288.08765,1192,4932.0547,3.0878415,5,46.593098,0.9961564392441137,1.2000543821098189,2940.0618848873096,1.1241539,1.0842547,0.0,True,1.0345556774708795,1.1653144774768731
922,2866,358.71875,1192,3960.9414,3.8336568,6,252.43668,1.2402631946532652,0.960896454237776,2855.8927670480707,1.2536629,1.382993,0.0,True,1.2442831062572857,1.087525417966443
923,21687,310.71915,1192,4572.8242,3.4727859,5,41.865551,1.074377975220924,1.1846075223393795,3102.3941512369493,1.1124647,0.96628106,0.0,True,1.0858039926546468,1.1191095836375657
924,0,247.41774,1192,5742.7734,2.0081182,3,59.500305,0.8555760199327763,0.0,171.4969089015136,1.083901,1.0591892,11.68344048296036,True,0.9240735139529435,0.3177567600000001
925,22837,281.81284,1192,5041.8711,1.8373475,4,25.910948,0.9744678766647472,1.1771089785692017,2828.3370363042227,1.0406032,1.0238225,0.0,True,0.994308473665323,1.1311230349984411
926,31626,281.72662,1192,5043.4141,3.174902,5,52.086308,0.974169862685341,1.2152521732385912,2919.194351099828,1.0406008,1.0115452,0.0,True,0.9940991438797386,1.154140081267014
927,4845,221.88068,1192,6403.7305,2.9966056,4,34.219608,0.7672958394031225,0.9681469330397189,1882.9050190877326,0.93969887,0.93821138,0.0,True,0.8190167485821858,0.9591662671278033
928,3554,229.98276,1192,6178.1328,3.1934667,4,52.824085,0.7953049748360882,0.9366330372828974,1880.4291062346472,0.93733299,0.86470956,0.0,True,0.8379133793852618,0.9150559940980281
929,5132,234.33444,1192,6063.4023,2.9157403,5,27.100304,0.8103486162801903,0.9808191216301808,2002.069179657351,0.96194273,0.90382797,0.0,True,0.8558268503961332,0.9577217761411265
930,2,195.77271,1192,7257.7227,3.918735,4,43.341927,0.6770355513699832,0.1235751734489743,271.3986039341596,0.87447411,0.081176087,0.0,True,0.7362671189589882,0.110855447514282
931,2796,218.83368,1192,6492.8945,1.8965907,4,17.563236,0.7567621554110976,0.9040175321893582,1736.8085486773512,0.93243259,0.88915956,0.0,True,0.8094632857877684,0.8995601405325507
932,524,198.43982,1192,7160.1758,2.579849,3,15.15108,0.6862565927225193,0.705599166070283,1243.2852449014529,0.86532527,0.54936635,0.0,True,0.7399771959057635,0.658729321249198
933,17,199.26842,1192,7130.4023,2.870698,3,15.774479,0.6891213022276776,0.3257658563934564,586.7337031649095,0.90567183,0.77303416,0.0,True,0.7540864605593743,0.4599463474754195
934,14,216.85054,1192,6552.2734,3.1694441,4,17.453007,0.7499062155368257,0.3081523060153539,601.2373616156066,0.91023844,0.22562698,0.0,True,0.7980058828757781,0.28339470821074775
935,4553,234.3213,1192,6063.7422,3.0885918,5,29.797619,0.810303207575766,0.9670726994208418,1973.9181345025643,0.96194232,0.92220998,0.0,True,0.8557949413030361,0.9536138835945893
936,0,391.12628,1192,3632.75,2.0264585,3,11.406821,1.3522499101692504,0.0,271.1080782248997,,,,False,1.3522499101692504,0.0
937,23331,284.5307,1192,4993.7109,2.7899811,4,60.324734,0.9838620487401869,1.1809475220704877,2861.7027818477977,1.0443071,1.0845512,0.0,True,1.0019955641181308,1.1520286254493413
938,37040,254.25601,1192,5588.3203,1.5818324,4,26.873768,0.8792144451879945,1.2191234641972395,2674.724327442538,0.96262157,1.0824884,0.0,True,0.9042365826315961,1.1781329449380675
939,33476,246.1153,1192,5773.1641,3.3906963,4,37.945652,0.8510737142495541,1.202865533674364,2564.187640901478,0.94809091,1.0751729,0.0,True,0.8801788729746879,1.1645577435720549
940,847,239.72055,1192,5927.168,3.3763146,4,41.02322,0.8289679700402626,0.7761314216261928,1616.6895773751087,0.94139582,0.70715994,0.0,True,0.8626963250281838,0.755439977138335
941,155,204.91502,1192,6933.918,3.6681712,4,30.313793,0.7086430896368272,0.5709527466802117,1036.1007103278646,0.86714476,0.37290022,0.0,True,0.7561935907457791,0.5115369886761482
942,30464,222.44908,1192,6387.3672,2.7048342,4,110.19018,0.7692608997316172,1.1782343364663501,2296.645848793409,0.89822465,1.0652186,0.0,True,0.8079500248121321,1.144329615526445
943,9340,283.47983,1192,5012.2227,3.8188558,4,129.48178,0.9802297694092612,1.0729951255947778,2591.6507445414118,1.0333409,0.86893642,0.0,True,0.9961631085864828,1.0117775139163445
944,1305,239.42848,1192,5934.3984,2.485683,4,23.018738,0.8279583056601597,0.8257224724478561,1718.0165953886828,0.94507915,0.80333149,0.0,True,0.8630945589621117,0.8190051777134992
945,2558,214.22954,1192,6632.4375,3.834676,4,121.05145,0.7408450770676012,0.8917285715373212,1681.2225584322036,0.88897341,0.64804792,0.0,True,0.7852835769473209,0.8186243760761248
946,9040,256.36682,1192,5542.3086,1.7465119,4,11.587997,0.8865109638716148,1.056702713995587,2335.4083275264475,0.97704691,0.89176905,0.0,True,0.9136717477101304,1.0072226147969108
947,28723,291.21356,1192,4879.1133,2.3149068,4,12.686412,1.0069609244652615,1.208652449539139,2989.4595280044505,1.0567632,1.0972983,0.0,True,1.021901607125683,1.1752462046773973
948,169532,361.15747,1192,3934.1953,1.8015063,4,62.225533,1.248690673704042,1.4545152472764327,4348.62803417032,1.1481926,1.2503039,0.0,True,1.2185412515928293,1.393251843093503
949,170541,361.66055,1192,3928.7227,2.9183531,5,38.951225,1.2504291795978595,1.4554766231675194,4356.831606258442,1.1492797,1.2515731,0.0,True,1.2200843357185016,1.3943055662172634
950,0,197.2303,1192,7204.0859,0.9491567,1,117.56361,0.6820749057387289,0.0,136.70962636599216,0.87532657,0.0,0.0,True,0.7400504050171102,0.0
951,2109,233.90573,1192,6074.5156,3.3163791,5,87.809883,0.8088665749476037,0.8785737611571716,1790.5289601664063,0.96089369,0.86690176,0.0,True,0.8544747094633226,0.87507216081002
952,157566,360.91272,1192,3936.8633,4.0635061,6,118.16801,1.247844869606844,1.4455548630070616,4319.263539618161,1.1476635,1.2384793,0.0,True,1.217790458724791,1.383432194104943
953,39454,281.72705,1192,5043.4062,3.0013485,5,155.86066,0.9741713880217777,1.2411893422648719,2981.5008626251106,1.0406008,1.0163393,0.0,True,0.9941002116152444,1.1737343295854104
954,42342,281.72751,1192,5043.3984,4.3420901,6,55.876087,0.9741728940548448,1.2494746684797033,3001.4071332547974,1.0406008,1.0204426,0.0,True,0.9941012658383914,1.1807650479357923
955,0,228.31543,1192,6223.25,3.033875,3,37.618275,0.7895410402775284,0.0,158.25619658283154,0.93634766,0.0,0.0,True,0.8335830261942698,0.0
956,51442,281.87814,1192,5040.7031,4.6944423,7,48.00108,0.9746935846743948,1.272385904031956,3057.8842831835227,1.0406052,1.033056,0.0,True,0.9944670692720763,1.2005869328223693
957,0,232.70351,1192,6105.8984,0.91887796,1,67.20285,0.8047105631271934,0.0,161.29778186290304,0.946859,0.0,0.0,True,0.8473550941890353,0.0
958,2110,283.40671,1192,5013.5156,2.9493484,4,112.15153,0.979977085703349,0.8984126814229512,2169.589076414958,1.044125,0.87230134,0.0,True,0.9992214599923442,0.8905792789960658
959,0,186.39218,1192,7622.9805,2.0149388,3,31.191584,0.6446036630503754,0.0,129.19721404542182,0.81545901,0.0,0.0,True,0.6958602671352627,0.0
960,18501,214.94391,1192,6610.3945,3.6829371,5,101.07695,0.7433147494432891,1.1169488508295653,2111.97183156867,0.88134754,1.0197061,0.0,True,0.7847245866103023,1.0877760255806956
961,6369,183.62782,1192,7737.7383,3.4690857,5,54.030521,0.6350460662200533,0.9782340732140103,1608.4900417966965,0.80855948,0.9364782,0.0,True,0.6871000903540374,0.9657073112498072
962,0,153.26614,1192,9270.5664,2.0458126,2,10.878825,0.530067960579682,0.0,106.23599281630585,0.72731429,0.0,0.0,True,0.5892418594057773,0.0
963,3062,169.26169,1192,8394.4805,3.1402283,4,32.614758,0.5853750700650926,0.8883829317458343,1358.7442440487823,0.77123433,0.87653798,0.0,True,0.6411328480455648,0.884829446222084
964,11272,213.56653,1192,6653.0273,2.0763602,4,26.654373,0.7385529975192864,1.0598513049296625,1992.6300708847632,0.87811202,0.9821043,0.0,True,0.7804207042635005,1.0365272034507638
965,0,164.6237,1192,8630.9805,1.0184131,2,48.002647,0.5693387539781519,0.0,114.10845350834627,0.75874072,0.0,0.0,True,0.6261593437847064,0.0
966,2127,182.43788,1192,7788.207,1.8314281,3,15.407239,0.6309319330009694,0.8551669152923478,1398.095847958917,0.80556059,0.8555389,0.0,True,0.6833205301006786,0.8552785107046434
967,0,157.6042,1192,9015.3945,1.0298316,1,13.995677,0.5450676867899794,0.0,109.24290687440572,0.73970175,0.0,0.0,True,0.6034579057529856,0.0
968,1,148.64046,1192,9559.0664,2.894444,3,23.692205,0.5140734469732041,0.07562519323457588,163.2982359492806,0.71341854,0.0504575,0.0,True,0.5738769748812429,0.06807488526420312
969,0,169.10181,1192,8402.418,3.204711,3,53.936214,0.5848222162424196,0.0,117.21244282908356,0.77098244,0.0,0.0,True,0.6406702833696938,0.0
970,2136,244.61526,1192,5808.5664,1.5308686,4,286.10321,0.8458883390417298,0.8845762913612946,1875.6183499758463,0.97320229,0.86761189,0.0,True,0.8840825243292108,0.8794869709529063
971,0,238.88019,1192,5948.0195,0.11697038,1,243.2238,0.826062899623721,0.0,165.57913019012403,0.9614504,0.0,0.0,True,0.8666791497366048,0.0
972,2653,242.72227,1192,5853.8672,4.893918,6,27.522993,0.8393445741029926,0.9087592915157381,1913.6709050356978,0.95306045,0.86225462,0.0,True,0.8734593368720949,0.8948078900610166
973,3919,234.03877,1192,6071.0625,6.5188174,7,39.977402,0.8093264907100303,0.9497306113134724,1936.4606554710342,0.96223402,0.89602995,0.0,True,0.8551987494970212,0.9336204129194307
974,926,237.57195,1192,5980.7734,3.0973244,4,15.478378,0.8215404516219322,0.785570363870544,1623.3366731698966,0.9429006,0.79446852,0.0,True,0.8579484961353525,0.7882398107093808
975,3,214.93527,1192,6610.6602,1.7096244,3,33.100372,0.7432848826842309,0.15758909848482305,345.9249722572597,0.89420331,0.10260195,0.0,True,0.7885604108789617,0.14109295393937613
976,17,214.87407,1192,6612.543,5.604917,5,20.789757,0.7430733099758643,0.32855672968059146,632.6835873201381,0.91674125,0.22574608,0.0,True,0.7951736919831051,0.297713534776414
977,0,196.67192,1192,7224.5391,5.1703701,5,23.346357,0.6801444360811226,0.0,136.32258684331111,0.87568533,0.0,0.0,True,0.7388067042567859,0.0
978,6230,236.11998,1192,6017.5508,2.4612713,4,51.008671,0.816521119979199,1.003947873590118,2063.087130223392,0.97128838,0.94842947,0.0,True,0.8629512979854392,0.9872923525130826
979,7425,248.6684,1192,5713.8906,1.8532807,3,209.47134,0.859899306153215,1.0302342905167792,2216.3509345210637,1.0364748,0.97193009,0.0,True,0.9128719543072504,1.0127430303617455
980,164815,360.91772,1192,3936.8086,3.9731174,6,108.67234,1.247862198987705,1.4509902558374161,4335.556971786953,1.1479602,1.2419221,0.0,True,1.2178915992913935,1.3882698090861911
981,28443,352.6076,1192,4029.5898,3.9875045,6,223.8566,1.2191444578482868,1.2353035213039192,3616.2475225056887,1.2532386,1.3752832,0.0,True,1.2293727004938009,1.2772974249127433
982,176587,367.01422,1192,3871.4141,3.995419,6,62.143021,1.2689297436562963,1.4622797950859037,4434.111761934717,1.1346719,1.192723,0.0,True,1.2286523905594073,1.3814127565601324
983,4011,241.9359,1192,5872.8945,2.9497819,4,14.02005,0.8366261489440675,0.9560334804606581,2007.4133810354597,0.96609199,0.79107219,0.0,True,0.8754659012608472,0.9065450933224606
984,3362,254.17854,1192,5590.0234,5.0259743,5,96.972595,0.8789466726816063,0.9410510673898159,2064.154952347787,0.99295837,0.87215024,0.0,True,0.9131501818771244,0.9203808191728711
985,1464,241.95859,1192,5872.3438,4.6455574,5,84.324059,0.8367045798353994,0.839960113248363,1763.9489865238143,0.99467534,0.87172401,0.0,True,0.8840958078847796,0.849489282273854
986,20554,347.75754,1192,4085.7891,4.2193942,6,226.67456,1.2023835478664209,1.1941864542389984,3453.5481875534265,1.1915784,1.3515259,0.0,True,1.1991420035064946,1.2413882879672988
987,6104,276.08713,1192,5146.4336,4.7820106,6,33.565193,0.9546768479227707,1.0199167555371924,2406.6590144069805,1.0822657,0.99596667,0.0,True,0.9929535035459396,1.0127317298760348
988,710,283.0697,1192,5019.4844,2.5172057,4,88.637459,0.978812233487708,0.7705842553345634,1859.2238439600146,1.1013299,0.92853683,0.0,True,1.0155675334413956,0.8179700277341944
989,1048,282.3718,1192,5031.8906,2.3820138,4,49.128765,0.9763999163962132,0.8159869304876558,1964.3322585645062,1.1142231,0.94195664,0.0,True,1.0177468714773492,0.8537778433413591
990,1915,281.43933,1192,5048.5625,2.9434404,4,37.199394,0.9731768215892157,0.8863133065142403,2127.2638879565484,1.1092398,0.77435976,0.0,True,1.013995715112451,0.8527272425599682
991,2160,272.24933,1192,5218.9805,1.318686,2,61.59425,0.9414113615225499,0.8969345187373363,2090.5451599710905,1.031854,0.65748215,0.0,True,0.9685441530657849,0.8250988081161355
992,3038,299.11154,1192,4750.2812,2.6720126,4,70.133308,1.0342591597878683,0.9471680308757815,2398.758733136767,1.0793388,0.76307577,0.0,True,1.0477830518515079,0.891940352613047
993,38386,346.31827,1192,4102.7695,3.5016556,5,192.62589,1.197409589256518,1.2686641581047415,3655.562564694569,1.0837096,1.0075159,0.0,True,1.1632995924795626,1.1903196806733192
994,41466,348.56735,1192,4076.2969,1.7139223,4,75.883942,1.2051820849501378,1.2789346361926288,3706.204158386188,1.0950192,1.0298823,0.0,True,1.1721332194650964,1.2042189353348403
995,41679,348.56735,1192,4076.2969,2.783659,5,26.640467,1.2051820849501378,1.279550905678826,3707.989988833991,1.0950192,1.0300246,0.0,True,1.1721332194650964,1.2046930139751781
996,28553,351.30328,1192,4044.5508,4.1007242,6,293.59537,1.2146370091258172,1.2352174695677398,3604.2266808615113,1.1950809,1.3523047,0.0,True,1.208770176388072,1.2703436386974178
997,27878,348.56268,1192,4076.3516,1.9291621,4,256.71686,1.2051659207086713,1.231177117797948,3567.77077688248,1.1923064,1.3520328,0.0,True,1.20130806449607,1.2674338224585637
998,29697,352.90524,1192,4026.1914,2.1333585,4,248.94131,1.2201729940110797,1.2406260395543771,3634.524714135495,1.2528542,1.3749301,0.0,True,1.2299773558077558,1.2809172576880639
999,29764,353.36703,1192,4020.9297,4.094532,6,332.935,1.2217688917078722,1.2410928687503475,3640.0769156173574,1.2525032,1.3748946,0.0,True,1.2309891841955105,1.2812333881252433
1000,0,317.84195,1192,4470.3477,0.94650257,2,73.081696,1.0989955814454415,0.0,220.3112515061751,1.1238877,0.0,0.0,True,1.1064632170118092,0.0
1001,3325,317.81613,1192,4470.7109,2.6796985,5,36.159988,1.098906339103581,0.9647336668815548,2577.433602016504,1.1238871,0.92323095,0.0,True,1.1064005673725066,0.9522828518170884
1002,0,297.03705,1192,4783.457,1.0035709,2,28.325737,1.0270890243058672,0.0,205.89039372934351,1.0741273,0.0,0.0,True,1.041200507014107,0.0
1003,648,251.02513,1192,5660.2461,2.360137,3,32.25922,0.8680460499566918,0.749319388595527,1625.8828294007897,0.99662411,0.80438769,0.0,True,0.9066194679696842,0.765839879016869
1004,668,255.515,1192,5560.7852,0.93905383,2,141.45821,0.8835664481504126,0.7543782990798404,1662.7070646800562,0.97125584,0.6953575,0.0,True,0.9098732657052888,0.7366720593558883
1005,1069,270.05826,1192,5261.3242,2.5825913,3,31.533789,0.9338376611852417,0.8140566674951892,1884.0204210594766,0.98008031,0.70732337,0.0,True,0.9477104558296692,0.7820366782466324
1006,127,260.02908,1192,5464.25,3.9896216,4,43.857727,0.899170429634152,0.5637614328965534,1263.6925484787537,0.97865343,0.4128758,0.0,True,0.9230153297439063,0.5184957430275874
1007,27951,331.78799,1192,4282.4453,3.3802872,5,137.64867,1.1471940979122042,1.2242339863277452,3396.9382783379933,1.0926911,1.0094383,0.0,True,1.130843198538543,1.1597952804294216
1008,16028,332.76752,1192,4269.8398,4.6451707,6,144.96541,1.1505792799129975,1.1581477929168265,3221.9274209207406,1.0955307,0.993415,0.0,True,1.1340647059390982,1.1087279550417786
1009,15293,317.82834,1192,4470.5391,4.4116387,6,83.943779,1.0989485504973413,1.1462396196077016,3062.365447213526,1.125971,0.98523563,0.0,True,1.107055285348139,1.0979384227253912
1010,20795,346.61264,1192,4099.2852,2.1942258,4,83.024132,1.1984268640931586,1.1951145626376003,3446.2183649071812,1.0843807,1.0161686,0.0,True,1.164213014865211,1.1414307738463203
1011,19343,336.40369,1192,4223.6875,0.98942089,3,72.668243,1.1631457274083052,1.1821693653177212,3320.3680904624794,1.0874836,1.0146605,0.0,True,1.1404470891858138,1.1319167057224049
1012,35964,346.44394,1192,4101.2812,3.0327897,5,103.56899,1.197843901360619,1.260885994493111,3634.3110238482054,1.0837839,1.0094653,0.0,True,1.1636259009524332,1.1854597861451777
1013,37482,346.56308,1192,4099.8711,2.7979338,5,49.11834,1.1982556840919947,1.2659073080333967,3649.887803604621,1.0837148,1.0079834,0.0,True,1.1638934188643963,1.1885301356233777
1014,146748,366.67383,1192,3875.0078,3.9546907,6,80.240044,1.2677535394661015,1.4397153921502155,4362.129988979294,1.1342875,1.1893576,0.0,True,1.2277137276262708,1.3646080545051507
1015,2600,282.38626,1192,5031.6328,3.7633576,5,24.251656,0.9764499232021221,0.9225202745967508,2220.695618272104,1.0365837,0.89342499,0.0,True,0.9944900562414856,0.9137916892177256
1016,3732,305.78049,1192,4646.6797,3.481153,5,47.013271,1.057308887292812,0.9739967148533245,2515.1164877691167,1.1041273,0.83432579,0.0,True,1.0713544111049684,0.9320954373973271
1017,3370,304.12888,1192,4671.9141,2.9864635,4,78.171783,1.0516004906867422,0.961301459747062,2470.518366931819,1.0902361,0.74978215,0.0,True,1.0631911734807196,0.8978456668229434
1018,5322,289.19025,1192,4913.25,3.4422195,6,94.261078,0.9999675216901853,1.0093515519508323,2481.2466131089886,1.0296483,0.91195291,0.0,True,1.0088717551831297,0.9801319593655826
1019,2145,295.7291,1192,4804.6133,4.3843756,5,44.026184,1.0225682937688545,0.9048597188873261,2268.782434292574,1.0863024,0.86489922,0.0,True,1.041688525638198,0.8928715692211283
1020,0,256.0647,1192,5548.8477,1.9774065,2,13.770927,0.8854666217896202,0.0,177.49052484592823,1.0187113,0.0,0.0,True,0.9254400252527342,0.0
1021,115,284.13394,1192,5000.6836,4.0865674,5,104.24104,0.9824907497623242,0.5580687317124614,1353.0952430593895,1.0231664,0.37255988,0.0,True,0.9946934448336269,0.502416076198723
1022,139780,366.40274,1192,3877.875,4.1046925,6,68.038582,1.266816678626936,1.4336999156312622,4341.080799134469,1.1344732,1.1879368,0.0,True,1.2271136350388552,1.3599709809418836
1023,4679,297.16275,1192,4781.4336,2.7500241,4,10.56003,1.0275234845922567,0.9973953478247228,2511.401754977093,1.0906241,0.93710715,0.0,True,1.0464536692145798,0.979308888477306
1024,73880,388.83463,1192,3654.1602,1.9851807,4,29.074345,1.3443312360841528,1.366358694982823,4358.923497569067,1.2333553,1.3647082,0.0,True,1.311038455258907,1.365863546487976
1025,84972,388.81259,1192,3654.3672,3.0071225,5,61.128555,1.344255128693771,1.383398191946396,4413.062013506946,1.2333547,1.3645525,0.0,True,1.3109850000856396,1.377744484362477
1026,6193,306.19543,1192,4640.3828,2.7614119,5,100.33641,1.0587430146836843,1.0341266324085354,2673.544721597246,1.1065633,0.92673331,0.0,True,1.073089100278579,1.0019086356859748
1027,3820,304.12253,1192,4672.0117,3.0040441,5,68.687141,1.0515785317755373,0.9761278333003349,2508.563546212928,1.0902358,0.87954795,0.0,True,1.0631757122428762,0.9471538683102345
1028,158913,389.16953,1192,3651.0156,3.0200906,5,55.375278,1.3454884673877885,1.4598645378672641,4660.742839035713,1.2333826,1.3649038,0.0,True,1.311856707171452,1.4313763165070847
1029,8353,297.11954,1192,4782.1289,3.0252481,4,80.080498,1.0273741497616595,1.0657629957269827,2683.1723057555805,1.1137187,0.90690511,0.0,True,1.0532775148331617,1.018105630008888
1030,161615,389.17825,1192,3650.9336,3.0044012,5,48.934483,1.3455186705248854,1.4619237338597677,4667.4087657373675,1.2333828,1.3649619,0.0,True,1.3118779093674198,1.4328351837018376
1031,2249,309.69769,1192,4587.9062,3.2988131,4,117.38618,1.0708476702612535,0.9154220390919202,2390.5966805388825,1.1031488,0.92298162,0.0,True,1.0805380091828776,0.9176899133643441
1032,13355,320.12482,1192,4438.4688,2.9307823,5,127.35748,1.1068854624060602,1.1310887746953908,3041.1204432332893,1.10803,1.0019184,0.0,True,1.1072288236842422,1.0923376622867735
1033,0,223.32166,1192,6362.4102,1.9961851,2,72.364883,0.7722774312987687,0.0,154.79477898696672,0.94926661,0.0,0.0,True,0.8253741849091382,0.0
1034,2350,272.56924,1192,5212.8555,2.6413519,4,36.068821,0.9425170766453037,0.9069027134401817,2115.9608183029823,1.0230272,0.90921807,0.0,True,0.9666701136517126,0.9075973204081271
1035,1870,272.53186,1192,5213.5703,3.2619462,4,46.347202,0.9423879035793425,0.8802084612661903,2053.462881580982,1.0230261,0.76515913,0.0,True,0.9665793625055399,0.8456936618863332
1036,5917,309.97903,1192,4583.7422,2.6929338,4,46.451675,1.0718200340585398,1.0302254537273814,2692.4539225531203,1.1035835,0.99926758,0.0,True,1.0813490738409777,1.020938091609167
1037,192619,390.27731,1192,3640.6523,1.5800123,4,11.255236,1.3493163651627367,1.4838260803008736,4749.081565736594,1.2334394,1.365105,0.0,True,1.3145532756139158,1.4482097562106113
1038,11431,320.65988,1192,4431.0625,3.4670863,5,47.905388,1.1087347315738687,1.1127893498966603,2996.3290304074253,1.1169308,1.0047685,0.0,True,1.111193552101708,1.0803830949276623
1039,191672,390.17557,1192,3641.6016,3.2307699,5,82.42379,1.348964815743764,1.4831779790621025,4745.92055828732,1.2334974,1.3646896,0.0,True,1.3143245910206347,1.4476314653434716
1040,16183,308.53345,1192,4605.2188,3.1363568,4,40.671368,1.0668237334392896,1.148914385316647,2990.2568833757314,1.0921913,1.0338422,0.0,True,1.0744340034075028,1.114392729721653
1041,165478,389.36157,1192,3649.2148,4.0067749,6,50.478882,1.3461520699871403,1.4648871289738654,4678.804430498041,1.2334026,1.3650812,0.0,True,1.3123272289909982,1.4349453502817058
1042,175551,389.52542,1192,3647.6797,3.1472311,5,107.82002,1.3467182780416822,1.4721660830010816,4703.790661597491,1.2334232,1.364678,0.0,True,1.3127297546291776,1.4399196581007572
1043,55504,365.80688,1192,3884.1914,4.0131578,6,149.19258,1.2647576650464727,1.3216750126801449,3996.1644926666168,1.1352521,1.1848155,0.0,True,1.2259059955325309,1.2806171588761015
1044,1107,298.40656,1192,4761.5039,4.0048776,5,149.37975,1.0318224702172876,0.8277664817485081,2092.192247389107,1.0895648,0.84805489,0.0,True,1.0491451691521014,0.8338530042239556
1045,2162,303.99112,1192,4674.0312,4.0188699,6,149.30026,1.0511243725208,0.9087421087249231,2334.5647506926543,1.0897605,0.85092169,0.0,True,1.0627152107645599,0.8913959831074462
1046,10065,306.56549,1192,4634.7812,3.9958544,6,148.4446,1.0600220603438615,1.0917943782243356,2825.619647703139,1.1070907,0.97667861,0.0,True,1.0741426522407032,1.0572596477570348
1047,15228,326.98218,1192,4345.3867,4.0388365,6,64.737175,1.1305850388206053,1.1496135599069037,3149.1727149857857,1.0598348,1.0162773,0.0,True,1.1093599671744236,1.1096126819348326
1048,40559,327.72104,1192,4335.5898,3.9955449,6,52.304798,1.1331385833182481,1.266883783935484,3477.3045095790662,1.0607865,1.0564258,0.0,True,1.1114329583227738,1.2037463887548387
1049,40452,327.724,1192,4335.5508,4.0004511,6,49.089142,1.133148771649587,1.266569745505145,3476.470237934866,1.0607865,1.0531307,0.0,True,1.1114400901547108,1.2025380318536014
1050,40942,327.77921,1192,4334.8203,4.009963,6,51.27602,1.1333396407934364,1.2680328068239208,3481.00228206337,1.0605601,1.0498234,0.0,True,1.1115057785554054,1.2025699847767446
1051,2120,205.61769,1192,6910.2227,2.9987156,4,134.8212,0.7110723387120734,0.8663587055041275,1575.055011444466,0.97235078,0.65265459,0.0,True,0.7894558710984514,0.8022474708528893
1052,0,175.2094,1192,8109.5195,1.0068337,1,5.3544369,0.605939535864727,0.0,121.44590161759967,,,,False,0.605939535864727,0.0
1053,5532,233.3125,1192,6089.9609,1.9708196,4,49.23859,0.8068158088453397,0.9889380133998744,2010.8425485359294,0.9932121,0.97146881,0.0,True,0.8627346961917377,0.9836972523799121
1054,71,218.64072,1192,6498.625,3.1999288,4,12.760384,0.7560950463974899,0.4871024969197352,938.0691413434818,0.93207097,0.51268005,0.0,True,0.8088878234782431,0.49477576284381464
1055,3492,232.62389,1192,6107.9883,2.2839017,4,21.761795,0.8044353147104526,0.9358410681632646,1897.9323731269276,0.9900164,0.92422736,0.0,True,0.8601096402973167,0.9323569557142852
1056,2,197.46875,1192,7195.3867,5.8030777,5,40.936501,0.6828993030189253,0.12369514257503829,273.7498146223934,0.88219756,0.08122886,0.0,True,0.7426887801132478,0.1109552578025268
1057,2131,232.66556,1192,6106.8945,1.8002011,4,34.51968,0.8045793491748274,0.8792280930854839,1783.4477615825792,0.99001807,0.86950999,0.0,True,0.8602109654223792,0.8763126621598387
1058,692,232.66466,1192,6106.918,4.8049717,5,39.014019,0.8045762540907708,0.7503187234703599,1522.202014250849,0.99001795,0.55315477,0.0,True,0.8602087628635396,0.6911695374292519
1059,8310,276.43878,1192,5139.8867,3.2033114,4,112.48167,0.955892388875018,1.0561667209637695,2494.985916425694,1.1008428,1.0042292,0.0,True,0.9993775122125126,1.0405854646746386
1060,5533,234.26306,1192,6065.25,4.016892,5,97.33284,0.8101018354258821,0.9894201326162709,2019.0774356144839,0.96194017,0.94722855,0.0,True,0.8556533357981175,0.9767626578313897
1061,15492,249.1779,1192,5702.207,2.648113,4,137.85117,0.8616605885774627,1.1155039313043427,2404.120240893309,1.0378164,1.0299985,0.0,True,0.9145073320042241,1.08985230191304
1062,13649,357.45499,1192,3974.9453,4.2212062,6,418.92722,1.2358958925051555,1.1487568331257654,3403.5320149577738,1.2536294,1.3821557,0.0,True,1.2412159447536089,1.2187764931880358
1063,0,396.82401,1192,3580.5898,1.9735417,3,13.90003,1.3719377978990737,0.0,275.0574437099915,,,,False,1.3719377978990737,0.0
1064,16256,335.98541,1192,4228.9453,2.0542169,4,108.3572,1.1617002850374083,1.1611730058934995,3257.8288961609287,1.0875835,1.0088379,0.0,True,1.1394652495261859,1.1154724741254496
1065,1541,332.26111,1192,4276.3477,3.1760359,4,144.59447,1.1488291054482747,0.8779269872600469,2439.2895738332595,1.0670078,0.86897147,0.0,True,1.1242827138137923,0.8752403320820328
1066,930,273.13925,1192,5201.9766,4.9342813,5,57.911804,0.9444874062246328,0.7988738233282289,1867.5439570036112,0.9759357,0.77478033,0.0,True,0.953921894357243,0.7916457753297602
1067,12760,303.58871,1192,4680.2266,4.0407729,5,90.200729,1.0497335521923872,1.1186035088709152,2870.196665326388,1.1603718,1.0047804,0.0,True,1.082925026534671,1.0844565762096408
1068,293,264.79941,1192,5365.8125,3.3593957,4,10.308897,0.9156598448600213,0.6617769196732747,1505.9077190433243,0.98266631,0.6756565,0.0,True,0.935761784402015,0.6659407937712922
1069,456,298.78455,1192,4755.4805,5.6935358,7,39.807724,1.0331288506569147,0.7233009199443962,1830.6138520844243,1.0822164,0.71895874,0.0,True,1.0478551154598403,0.7219982659610773
1070,1269,281.57877,1192,5046.0625,5.5628986,6,59.522762,0.9736587772016855,0.8381385595612184,2012.600948083623,1.0110406,0.82875913,0.0,True,0.9848733240411799,0.8353247306928528
1071,22,259.96906,1192,5465.5117,4.5903673,5,42.66185,0.8989629342700233,0.36430591413509794,826.1956669049549,0.95246702,0.31696886,0.0,True,0.9150141599890163,0.3501047978945686
1072,33008,387.29327,1192,3668.7031,3.036258,5,134.9718,1.3390051516254973,1.2675456511278165,4029.6183212353344,1.2333241,1.365712,0.0,True,1.307300836137848,1.2969955557894715
1073,0,275.49011,1192,5157.5859,6.0410509,6,10.017402,0.9526133407310232,0.0,190.9551930186492,1.0925303,0.0,0.0,True,0.9945884285117162,0.0
1074,2076,282.29993,1192,5033.1719,8.955225,8,30.637239,0.9761514519469897,0.8960957315366875,2156.5346640181024,1.042926,0.88765001,0.0,True,0.9961838163628929,0.8935620150756813
1075,0,239.57214,1192,5930.8398,7.6036301,6,44.451332,0.8284549265914248,0.0,166.05875338171248,1.0128999,0.0,0.0,True,0.8837884186139974,0.0
1076,6320,293.07849,1192,4848.0664,7.0281177,9,37.334831,1.0134068187164784,1.0311865566296652,2564.961659650414,1.1147308,0.98171216,0.0,True,1.043804013101535,1.0163442376407656
1077,46870,387.75858,1192,3664.3008,3.7783017,6,97.569855,1.3406129581587205,1.3104517688867747,4170.411680822879,1.2333667,1.3657795,0.0,True,1.3084390807111044,1.3270500882207423
1078,1424,303.59076,1192,4680.1953,7.8508172,8,36.476177,1.0497405695545599,0.8592231427973861,2204.8669365675064,1.091221,0.80134892,0.0,True,1.062184698688192,0.8418608759581703
1079,18,253.54108,1192,5604.0781,9.4111509,8,59.718227,0.8767431122637559,0.3411158839826926,759.5411960277343,1.0097054,0.3503646,0.0,True,0.9166317985846292,0.3438904987878848
1080,61930,387.436,1192,3667.3516,3.3828971,5,19.874146,1.339498335615394,1.3442639725698922,4274.8883488690535,1.2333511,1.3646456,0.0,True,1.3076541649307758,1.3503784607989244
1081,22981,303.44385,1192,4682.4609,3.9748189,6,80.245743,1.0492328713828485,1.188145492371214,3047.337925733006,1.1601875,1.1093925,0.0,True,1.0825192599679938,1.1645195946598497
1082,66178,387.95706,1192,3662.4258,1.8769542,4,46.267784,1.3412989180972592,1.3525678723808945,4306.375189876546,1.2333486,1.364671,0.0,True,1.3089138226680814,1.356198810666626
1083,8648,297.24072,1192,4780.1797,4.2635708,6,80.748032,1.0277929039320048,1.0699100558601404,2694.580638708494,1.1208513,1.0454426,0.0,True,1.0557104227524032,1.0625698191020985
1084,1937,243.90683,1192,5825.4375,4.0770454,6,101.00771,0.843439395272396,0.8730071041919851,1846.3570577195683,1.0332607,0.87593925,0.0,True,0.9003857866906771,0.8738867479343897
1085,3754,386.91507,1192,3672.2891,3.1251061,5,185.27028,1.3376983212855198,1.0026136529782423,3184.7404400482565,1.2332679,1.3653519,0.0,True,1.306369194899864,1.1114351270847695
1086,21004,311.6843,1192,4558.6641,2.8591864,4,37.561253,1.0777137393187284,1.181245431856424,3102.0577534747285,1.1068939,0.9872849,0.0,True,1.08646778752311,1.123057272299497
1087,9609,386.94635,1192,3671.9922,1.9188974,4,60.088566,1.3378064223946047,1.1170931110261704,3548.5547896168946,1.2333161,1.365411,0.0,True,1.3064593256762234,1.1915884777183192
1088,2107,297.69391,1192,4772.9023,2.7255769,3,24.329157,1.02935935694175,0.9034576037932088,2278.540012356222,1.0919496,0.86402488,0.0,True,1.048136429859225,0.8916277866552462
1089,0,252.03743,1192,5637.5117,0.72566831,1,149.06152,0.8715453788291073,0.0,174.69903400007456,,,,False,0.8715453788291073,0.0
1090,0,242.47763,1192,5859.7734,1.1000909,2,26.395216,0.8384988681049463,0.0,168.0726855833576,1.0242842,0.0,0.0,True,0.8942344676734624,0.0
1091,0,207.42871,1192,6849.8906,1.9324654,2,31.269007,0.7173334555265204,0.0,143.77862550368653,0.93855757,0.0,0.0,True,0.7837006898685642,0.0
1092,4196,245.79515,1192,5780.6836,3.0056214,5,139.51082,0.849967022402485,0.9629829913840313,2050.5124879305695,1.0318062,0.92337555,0.0,True,0.9045187756817394,0.9511007589688218
1093,0,219.63681,1192,6469.1523,0.25509,1,199.31654,0.7595386622236789,0.0,152.2406355986804,,,,False,0.7595386622236789,0.0
1094,2100,230.39778,1192,6167.0039,2.2796953,3,83.312569,0.7967397071977347,0.8765635481215568,1762.691520220157,1.0566632,0.79018086,0.0,True,0.8747167550384143,0.8506487416850897
1095,12031,303.4274,1192,4682.7148,3.038162,5,68.018379,1.0491760055463106,1.1115736804609047,2850.82426823997,1.160187,1.1147629,0.0,True,1.0824793038824176,1.112530446322633
1096,49,243.84323,1192,5826.957,4.0011349,5,92.848778,0.843219526407157,0.4511739216652595,958.7490620802934,1.0345744,0.26383913,0.0,True,0.90062598848501,0.3949734841656816
1097,7442,296.12613,1192,4798.1719,4.0333929,6,68.846542,1.02394048867035,1.0517204029255127,2640.012900444702,1.1213021,1.049958,0.0,True,1.053148972069245,1.0511916820478588
1098,9735,303.38007,1192,4683.4453,2.2853184,4,21.612492,1.049012430256668,1.0865024641806693,2786.148011744319,1.1601857,1.1325417,0.0,True,1.0823644111796675,1.1003142349264685
1099,1304,325.37842,1192,4366.8047,4.0071378,5,100.6497,1.1250423624996748,0.8558283229388148,2334.5004598701507,1.0598056,1.0023162,0.0,True,1.1054713337497724,0.8997746860571705
1100,6630,295.90665,1192,4801.7305,3.0702701,5,69.653984,1.0231819543139824,1.038001785003946,2603.878413837881,1.1138463,0.90712976,0.0,True,1.0503812580197875,0.9987401775027622
1101,3545,301.66113,1192,4710.1328,1.8542331,4,23.279654,1.0430712735828844,0.9663597800147727,2465.735076265935,1.161567,1.1353327,0.0,True,1.078619991508019,1.017051656010341
1102,6631,326.01855,1192,4358.2305,3.0229344,5,47.137234,1.127254708435181,1.0500151183474244,2868.902101586641,1.0597247,1.0036027,0.0,True,1.1069957059046267,1.0360913928431972
1103,9526,326.66766,1192,4349.5703,3.0054467,5,44.160206,1.1294980942828117,1.093496602991895,2992.925870514988,1.0598621,1.0100502,0.0,True,1.108607295997968,1.0684626820943266
1104,865,241.36261,1192,5886.8438,3.0350585,4,52.27285,0.8346443763693789,0.7791610166448004,1632.8274641874807,1.0367852,0.82655072,0.0,True,0.8952866234585652,0.7933779276513603
1105,8178,296.42004,1192,4793.4141,2.9856067,5,43.070381,1.0249563976107263,1.062968971564428,2670.5807674589782,1.1213039,1.0522903,0.0,True,1.0538606483275084,1.0597653700950995
1106,2278,241.36325,1192,5886.8281,2.9923427,4,49.246651,0.8346466015857524,0.8906241192593312,1866.2039278243328,1.0367852,0.84330398,0.0,True,0.8952881811100266,0.8764280774815318
1107,0,299.62576,1192,4742.1289,1.0257221,2,109.46906,1.036036428307773,0.0,207.68475076713085,1.1633511,1.1389574,11.784761417486536,True,1.074230829815441,0.34168722000000007
1108,0,200.84381,1192,7074.4727,2.0000069,2,126.24155,0.6945678404140078,0.0,139.21432063441733,0.93422723,0.1444883,3.792385904890156,True,0.7664656572898054,0.04334649
1109,0,256.36771,1192,5542.2891,4.0095205,4,176.89427,0.8865140818482361,0.0,177.7005553731097,0.95380062,0.0,0.0,True,0.9067000432937653,0.0
1110,2413,296.41568,1192,4793.4844,3.0498512,5,134.5528,1.0249413721349365,0.9189915769459448,2308.916472035686,1.1213028,1.0502841,0.0,True,1.0538498004944556,0.9583793338621613
1111,8075,295.60654,1192,4806.6055,3.0095797,5,175.5607,1.022144644843018,1.0611298652163765,2659.505764046445,1.1140306,0.93178189,0.0,True,1.0497104313901127,1.0223254726514637
1112,0,238.49957,1192,5957.5117,1.9918642,3,18.013975,0.8247471619172563,0.0,165.31530451025932,,,,False,0.8247471619172563,0.0
1113,2095,239.16919,1192,5940.832,3.031841,5,47.786667,0.8270619733130068,0.8800563677491684,1829.2288740077572,1.0355352,0.90821791,0.0,True,0.8896039413191048,0.8885048304244179
1114,38449,349.26016,1192,4068.2109,4.2335315,6,115.43059,1.2075763349235007,1.2701516380232272,3687.188399394699,1.0959918,1.031278,0.0,True,1.1741009744464503,1.198489546616259
1115,20145,317.20471,1192,4479.3281,3.0196481,5,42.971867,1.0967932388141104,1.1787442243832373,3143.7558253671955,1.1259172,1.0078864,0.0,True,1.1055304271698772,1.1274868770682662
1116,36209,349.30978,1192,4067.6328,4.0515308,6,217.01384,1.2077478737117715,1.2629516603300899,3666.746055733431,1.0959553,1.029232,0.0,True,1.17421010159824,1.1928357622310628
1117,0,250.96295,1192,5661.6484,3.000937,3,39.970104,0.86783112471948,0.0,173.9542612175065,1.0055255,0.0,0.0,True,0.9091394373036361,0.0
1118,0,207.33046,1192,6853.1367,2.0087376,2,62.170208,0.7169937779632729,0.0,143.7105237931965,0.9073633,0.0,0.0,True,0.774104634574291,0.0
1119,927,251.01439,1192,5660.4883,2.9996161,3,40.32336,0.8680089212701213,0.7906958571049643,1715.459636267025,1.0055271,0.79814875,0.0,True,0.909264374889085,0.7929317249734749
1120,21484,317.20609,1192,4479.3086,1.9994467,4,61.620159,1.0967980114084719,1.18639826849165,3164.180498107793,1.1259172,1.0241461,0.0,True,1.1055337679859303,1.137722617944155
1121,23263,317.36053,1192,4477.1289,3.0061526,5,45.347935,1.0973317514902694,1.195929049699814,3190.966623401347,1.1264439,1.0408723,0.0,True,1.1060653960431885,1.1494120247898698
1122,33149,317.64514,1192,4473.1172,2.9991317,5,41.432732,1.0983154499255758,1.2381828421004208,3306.313678459514,1.1263266,1.0883683,0.0,True,1.1067187949479032,1.1932384794702946
1123,215913,389.52542,1192,3647.6797,3.9961653,6,214.17882,1.3467182780416822,1.4973950534506892,4784.400540038387,1.2335885,1.3637214,0.0,True,1.3127793446291776,1.4572929574154823
1124,2954,251.7951,1192,5642.9375,2.9814639,4,42.603584,0.8707076670003314,0.9250537415061618,2012.2437778225635,1.0051497,0.88104284,0.0,True,0.911040276900232,0.9118504710543134
1125,951,254.20679,1192,5589.4023,4.0214157,5,32.637798,0.8790443071834919,0.7948122039680119,1743.760685294094,0.95029473,0.69094437,0.0,True,0.9004194340284444,0.7636518537776082
1126,0,197.862,1192,7181.0859,1.1526346,1,11.507511,0.6842588866976633,0.0,137.1474874399519,0.86474836,0.0,0.0,True,0.7384057286883643,0.0
1127,2138,244.56346,1192,5809.7969,3.1266437,3,46.166912,0.8457092437259263,0.8846626083249304,1875.4498377978014,0.96814519,0.86738569,0.0,True,0.8824400276081483,0.8794795328274512
1128,14181,307.94861,1192,4613.9648,2.0417714,4,33.256294,1.0648023921212926,1.133005865864146,2943.9269196464866,1.0894824,1.0052001,0.0,True,1.0722063944849047,1.094664136104902
1129,200253,389.4975,1192,3647.9414,4.0929122,6,205.70102,1.3466217186357248,1.4882028867151924,4754.731073245295,1.233578,1.3645031,0.0,True,1.3127086030450072,1.4510929507006347
1130,18598,323.77188,1192,4388.4727,2.8911631,5,75.671379,1.1194900177804734,1.1720962098420362,3182.9744337891843,1.1006542,0.9993704,0.0,True,1.1138392724463313,1.1202784668894255
1131,10,265.31879,1192,5355.3086,3.9758122,4,86.192047,0.917455149211991,0.2792665441854096,659.2924255847059,1.0036381,0.17900178,0.0,True,0.9433100344483937,0.24918711492978668
1132,14051,307.99057,1192,4613.3359,2.0102212,4,36.978004,1.0649474854013732,1.131932724358491,2941.492019856248,1.0894835,0.99299884,0.0,True,1.0723082897809613,1.0902525590509438
1133,0,242.69604,1192,5854.5,2.0004156,2,43.132572,0.8392538821800877,0.0,168.2240758590637,0.96148282,0.0,0.0,True,0.8759225635260615,0.0
1134,0,251.49913,1192,5649.5781,1.0167323,2,71.551544,0.8696845861490764,0.0,174.32591287277916,1.0051217,0.0,0.0,True,0.9103157203043535,0.0
1135,16848,323.05988,1192,4398.1445,3.2484436,5,80.073181,1.1170293068756454,1.1600104299319107,3144.0529757605386,1.1000249,0.98445594,0.0,True,1.1119279848129517,1.1073440829523375
1136,0,251.49271,1192,5649.7227,2.0054924,3,71.185066,0.869662335165114,0.0,174.32146286787994,1.0033729,0.0,0.0,True,0.9097755046155799,0.0
1137,13034,308.01196,1192,4613.0156,2.832799,5,42.367836,1.0650213968914175,1.1230379049021182,2918.558098928573,1.0894841,0.96544158,0.0,True,1.0723602078239922,1.0757590074314827
1138,39206,327.82855,1192,4334.168,4.0173941,6,71.023453,1.1335101317540472,1.262882361753751,3467.323272144272,1.0603338,1.0459422,0.0,True,1.111557232227833,1.1978003132276256
1139,16058,364.98212,1192,3892.9688,3.0207651,5,111.2289,1.2619075051352615,1.171308521596493,3534.518598962438,1.1347332,1.1755294,0.0,True,1.223755213594683,1.172574785117545
1140,7957,306.28256,1192,4639.0625,2.9581075,5,34.180935,1.0590442083009404,1.0638427605655871,2751.047915188701,1.1070623,0.97687095,0.0,True,1.0734496358106582,1.0377512173959111
1141,76,298.38428,1192,4761.8594,3.9980187,5,111.19201,1.031745471116902,0.5129051206322104,1299.9734264214185,1.0895594,0.46885404,0.0,True,1.0490896497818314,0.4996897964425473
1142,7980,306.66992,1192,4633.2031,2.9528499,5,43.144093,1.0603829551692532,1.0643438093132258,2755.4121452720706,1.0888392,0.93652433,0.0,True,1.0689198286184771,1.0259979655192581
1143,334,303.75403,1192,4677.6797,4.002584,5,111.45825,1.050304866161606,0.6879651985222843,1766.9709577967978,1.0892698,0.5494858,0.0,True,1.061994346313124,0.646421378965599
1144,27,252.25417,1192,5632.668,4.0141215,4,60.570614,0.8722945807965409,0.3858115426252377,849.4144147376991,0.99369401,0.24856277,0.0,True,0.9087144095575787,0.3446369108376664
1145,5427,304.02771,1192,4673.4688,3.2378025,5,78.005722,1.0512508095418547,1.0176357610858429,2614.489403535839,1.1069174,0.97431999,0.0,True,1.0679507866792983,1.00464102976009
1146,13083,296.60519,1192,4790.4219,3.0045395,4,51.712444,1.0255963401276675,1.1184832555230997,2811.586387479615,1.0151957,0.98903233,0.0,True,1.0224761480893674,1.0796479778661698
1147,31436,317.64267,1192,4473.1523,3.0097456,5,31.550203,1.0983068354986898,1.231870255143658,3289.435268515304,1.1263266,1.090993,0.0,True,1.1067127648490829,1.1896070786005606
1148,2830,252.46042,1192,5628.0664,4.0319648,6,43.137703,0.8730075298912431,0.9203723340985237,2006.741848772395,1.0046742,0.88068753,0.0,True,0.9125075309238702,0.9084668928689666
1149,0,251.56697,1192,5648.0547,1.9993389,3,56.458649,0.8699190754715496,0.0,174.37293597750835,1.0061133,0.0,0.0,True,0.9107773428300847,0.0
1150,106493,395.14407,1192,3595.8125,3.017951,5,71.294502,1.3661329935864315,1.4136951774063058,4574.129792482761,1.217708,1.3112921,0.0,True,1.321605495510502,1.382974254184414
1151,27209,317.57028,1192,4474.1719,4.0101514,6,73.904251,1.0980566588579146,1.214660083076094,3242.8297204253104,1.1264218,1.0933354,0.0,True,1.1065662012005402,1.178262678153266
1152,0,266.08038,1192,5339.9805,1.610132,2,53.476597,0.9200876643012238,0.0,184.43286519931885,0.97192121,0.0,0.0,True,0.9356377280108568,0.0
1153,2131,254.4045,1192,5585.0586,3.2204387,4,34.951359,0.8797277266767316,0.8883254310837022,1950.0829261603449,0.95181412,0.86633128,0.0,True,0.901353644673712,0.8817271857585915
1154,0,211.31465,1192,6723.9258,0.95677364,1,32.652515,0.7307678536964656,0.0,146.47215385851163,0.86715567,0.0,0.0,True,0.7716841985875259,0.0
1155,0,296.74142,1192,4788.2227,1.9897926,2,48.481937,1.0260671932826178,0.0,205.68547862835456,1.0792612,0.0,0.0,True,1.0420253952978324,0.0
1156,11526,307.88004,1192,4614.9922,1.7878959,4,26.585117,1.064565446090137,1.1084099255679487,2879.458584410086,1.0378054,0.98628479,0.0,True,1.056537432263096,1.0717723848975642
1157,15558,321.45279,1192,4420.1328,4.1951861,6,38.186523,1.1114750694478652,1.1498332858347173,3102.80981089112,1.0574179,1.0160666,0.0,True,1.0952579186135056,1.109703280084302
1158,35856,327.88647,1192,4333.4023,3.9850264,6,83.13649,1.133710327410142,1.2522440755650674,3438.6509815313498,1.0598824,1.0391722,0.0,True,1.1115619491870994,1.1883225128955472
1159,3853,254.59573,1192,5580.8633,3.0009532,5,32.553978,0.8803888071176099,0.9570253882426689,2102.2290944857045,0.95076501,0.8244065,0.0,True,0.901501667982327,0.9172397217698682
1160,0,209.67061,1192,6776.6484,2.010977,2,73.716011,0.7250841275360562,0.0,145.33259216778387,0.86227828,0.0,0.0,True,0.7662423732752393,0.0
1161,31848,321.72403,1192,4416.4062,3.0266912,5,207.04059,1.1124125167549517,1.2352938962739457,3335.8897611314437,1.0576924,1.0347309,0.0,True,1.0959964817284662,1.175124997391762
1162,11622,314.65256,1192,4515.6602,3.2070749,5,73.697861,1.087972566194262,1.112259224833807,2945.4082438495957,1.0989019,0.98464268,0.0,True,1.0912513663359835,1.073974261383665
1163,5415,254.81439,1192,5576.0742,3.0265198,4,40.522499,0.8811446719349275,0.9965612523469815,2190.7151017157316,0.95142949,0.90447098,0.0,True,0.9022301173544492,0.968934170642887
1164,27833,321.70355,1192,4416.6875,3.0347652,5,43.394985,1.1123416989745674,1.219231335241982,3292.330055224412,1.0576919,1.0150875,0.0,True,1.0959467592821972,1.1579881846693874
1165,10809,313.34091,1192,4534.5625,1.9083545,4,45.394936,1.083439357660714,1.1030958055959947,2910.410457331823,1.1012871,1.0011567,0.0,True,1.0887936803624998,1.0725140739171963
1166,884,253.04086,1192,5615.1562,3.0495408,4,226.0658,0.8750140081537492,0.7859366695009095,1717.3166937576873,1.0071591,0.80853468,0.0,True,0.9146575357076244,0.7927160726506366
1167,3369,253.04192,1192,5615.1328,2.9762156,4,39.046253,0.8750176533101875,0.9408036661547975,2055.45058763508,1.0071592,0.90447557,0.0,True,0.9146601173171314,0.9299052373083583
1168,12628,296.60083,1192,4790.4922,2.0020804,4,13.753002,1.0255812958835246,1.1143050023115397,2801.047880250268,1.0151956,0.98519677,0.0,True,1.0224655871184671,1.0755725326180778
1169,6276,306.06918,1192,4642.2969,2.9692016,4,69.028702,1.0583066644571502,1.0356526237819468,2676.5158273750744,1.0869492,0.88985348,0.0,True,1.0668994251200052,0.9919128806473627
1170,11761,296.59891,1192,4790.5234,2.0097754,4,36.761902,1.0255746192053403,1.105912219158805,2779.9368424402896,1.0151956,0.95008296,0.0,True,1.0224609134437381,1.0591634414111635
1171,12064,296.61728,1192,4790.2266,3.0049558,5,55.862907,1.025638136766672,1.1089214584440525,2787.6527583573334,1.0151961,0.9442324,0.0,True,1.0225055257366704,1.0595147409108367
1172,4543,237.83261,1192,5974.2188,3.0102932,4,42.518753,0.8224415011357489,0.9684732271324561,2002.9746333160788,0.91585577,0.89319551,0.0,True,0.8504657817950243,0.9458899119927193
1173,10087,296.57858,1192,4790.8516,3.0100901,5,40.444126,1.025504390953328,1.0877881492668822,2734.2175414356966,1.0134296,0.89957684,0.0,True,1.0218819536673296,1.0313247564868175
1174,0,364.11258,1192,3902.2656,1.0157185,2,91.058922,1.2589026630226394,0.0,252.3836082334075,1.1342334,1.166903,14.024264403895275,True,1.2215018841158476,0.3500709000000001
1175,5867,303.65411,1192,4679.2188,3.1538467,5,42.918678,1.0499595449346832,1.0267101732044046,2634.9401807670497,1.1071316,0.99418825,0.0,True,1.0671111614542783,1.0169535962430831
1176,3875,290.29486,1192,4894.5547,3.1577163,4,84.449249,1.0037854495912573,0.9724671824010451,2398.653286126811,1.0020578,0.57179195,0.0,True,1.00326715471388,0.8522646126807316
1177,47,239.265,1192,5938.4531,4.0699325,4,97.83123,0.8273931766227871,0.44549259423199045,931.176383627439,0.99069256,0.84958082,0.0,True,0.876382991635951,0.5667190619623933
1178,103776,394.45074,1192,3602.1328,1.9680212,4,40.562756,1.363737307622983,1.4102367567639265,4555.909707976243,1.2182193,1.3115586,0.0,True,1.320081905336088,1.3806333097347485
1179,11756,312.20221,1192,4551.1016,3.6411014,5,53.871284,1.0795037740839526,1.112588425863776,2926.0493819429958,1.0436627,0.98811406,0.0,True,1.0687514518587669,1.0752461161046432
1180,11987,319.11014,1192,4452.582,3.3916225,4,103.71371,1.1033785798505187,1.117800370074972,2997.001011281607,1.0783539,0.99499309,0.0,True,1.095871175895363,1.0809581860524804
1181,28013,316.63699,1192,4487.3594,3.0093598,5,73.872368,1.0948311157684731,1.2176979261676157,3242.5196268991717,1.1264639,1.0972053,0.0,True,1.1043209510379313,1.181550138317331
1182,243,289.74841,1192,4903.7852,1.9831185,3,57.894478,1.0018967730155985,0.646849392190755,1593.98081950478,1.081736,0.83936948,0.0,True,1.025848541110919,0.7046054185335284
1183,124,257.57751,1192,5516.2578,2.7970083,3,52.761902,0.8906960383379847,0.5603893315391658,1245.7174512506135,0.9777776,0.36322343,0.0,True,0.9168205068365893,0.5012395610774161
1184,93354,394.31177,1192,3603.4023,2.1069241,4,35.05899,1.3632571214002063,1.3972544130033024,4512.573066500648,1.2182164,1.3129344,0.0,True,1.3197449049801444,1.3719584091023118
1185,0,259.78879,1192,5469.3047,1.8057251,3,71.34613,0.8983397252556019,0.0,180.0718673295797,0.96040618,0.0,0.0,True,0.9169596616789213,0.0
1186,51222,387.35431,1192,3668.125,2.2389057,4,35.123245,1.339216065117042,1.321102475289137,4200.455980304267,1.2228466,1.3179976,0.0,True,1.3043052255819294,1.3201710127023958
1187,3188,291.06955,1192,4881.5273,3.0701833,4,67.821075,1.006463168740284,0.949802946621124,2348.2839868060732,1.0841892,0.93918478,0.0,True,1.0297809781181988,0.9466174966347869
1188,0,234.7476,1192,6052.7305,1.9797516,2,52.680611,0.8117769008856272,0.0,162.7146370832138,0.97290581,0.0,0.0,True,0.8601155736199391,0.0
1189,2119,237.28647,1192,5987.9688,1.9792579,3,31.36215,0.8205535830149372,0.8805661023632004,1817.5296381490239,0.9151516,0.86367393,0.0,True,0.848932988110456,0.8754984506542403
1190,0,198.72006,1192,7150.0781,0.97665149,1,31.97994,0.6872254877904205,0.0,137.74224930970314,0.83515769,0.0,0.0,True,0.7316051484532943,0.0
1191,8608,310.84207,1192,4571.0156,2.1644533,4,30.603495,1.0748028852094194,1.0750362656964103,2816.4404016693516,1.1036094,1.0064173,0.0,True,1.0834448396465937,1.0544505759874871
1192,3664,298.65378,1192,4757.5625,2.0856991,4,34.052734,1.0326769237692925,0.9691150498774306,2451.0086942588546,1.1086782,1.0106984,0.0,True,1.0554773066385048,0.9815900549142014
1193,3459,308.78305,1192,4601.4961,3.0191052,5,42.020969,1.067686439657825,0.9661207095475575,2516.369675261895,1.1072224,1.0156206,0.0,True,1.0795472277604774,0.9809706766832902
1194,2019,302.88998,1192,4691.0234,3.9971976,5,112.31785,1.0473185283899678,0.900261645752225,2305.4009578974283,1.0879229,0.48276114,0.0,True,1.0594998398729776,0.7750114940265576
1195,0,298.61749,1192,4758.1406,1.0085117,2,24.890627,1.0325515092952682,0.0,206.98587125938764,1.1086779,1.0132459,8.00177590138224,True,1.0553894265066877,0.30397377000000003
1196,0,209.0791,1192,6795.8203,2.0006378,2,33.804268,0.7230391719810073,0.0,144.92258867901086,0.90974569,0.0,0.0,True,0.7790511273867051,0.0
1197,22650,315.89233,1192,4497.9375,2.0188322,4,31.030508,1.0922574726843834,1.1920958653286735,3167.769367876838,1.1267613,1.0986178,0.0,True,1.1026086208790684,1.1640524457300714
1198,4015,331.11118,1192,4291.1992,3.0489416,4,215.46921,1.1448549512884665,0.9919930014083341,2747.656803925651,1.0941896,0.79585356,0.0,True,1.1296553459019265,0.933151168985834
1199,20466,315.89261,1192,4497.9336,3.0032711,5,43.942562,1.0922584193214946,1.1800430061321834,3135.745258992504,1.1267613,1.1003573,0.0,True,1.1026092835250463,1.1561372942925283
1200,3159,301.68314,1192,4709.7891,4.0228953,6,217.77325,1.0431473600946366,0.9527422312165476,2431.156939242464,1.0886846,0.87617958,0.0,True,1.0568085320662455,0.9297734358515833
1201,6037,331.13708,1192,4290.8633,2.9866865,5,60.575703,1.144944531773859,1.0407517424070232,2882.8773370542726,1.0942684,0.88811713,0.0,True,1.1297416922417014,0.9949613586849162
1202,550,266.64075,1192,5328.7578,3.999125,5,39.719166,0.9220246999380994,0.7355103062657609,1683.4491862203595,1.1056978,0.69366658,0.0,True,0.9771266299566697,0.7229571883860326
1203,14297,315.66562,1192,4501.168,4.0188899,6,39.98193,1.0914739048127193,1.1373053180167183,3020.271253849357,1.1268708,1.1035031,0.0,True,1.1020929733689036,1.1271646526117027
1204,3123,301.7998,1192,4707.9688,4.0030313,6,61.069199,1.0435505137502574,0.951431023926322,2428.640200425145,1.0891238,0.92006278,0.0,True,1.0572224996251802,0.9420205507484254
1205,0,307.85791,1192,4615.3242,2.0060995,3,29.86684,1.0644889005168152,0.0,213.3908423295774,1.1084362,1.0221978,5.79430578874542,True,1.0776730903617708,0.30665934000000006
1206,3980,239.16824,1192,5940.8555,3.0024574,4,44.308964,0.8270587028386747,0.9538757505053699,1982.594568948063,1.0355351,0.70514411,0.0,True,0.8896016219870723,0.8792562583537589
1207,0,294.71149,1192,4821.2031,2.0081358,3,4.3830829,1.0190510868156648,0.0,204.27843837212052,,,,False,1.0190510868156648,0.0
1208,0,295.0347,1192,4815.9219,1.0112509,2,20.385618,1.020168127048237,0.0,204.50247047234927,,,,False,1.020168127048237,0.0
1209,0,258.9003,1192,5488.0742,3.0151243,3,43.530964,0.8952684757862986,0.0,179.45601299112403,0.97878408,0.0,0.0,True,0.9203231570504091,0.0
1210,0,249.91716,1192,5685.3398,3.0045588,3,56.757351,0.8642160542241002,0.0,173.22937482754872,1.0056107,0.0,0.0,True,0.9066344479568702,0.0
1211,46489,381.43759,1192,3725.0234,3.0976348,5,111.35172,1.3187709959072655,1.3068423558292241,4099.315129184485,1.2284665,1.3191313,0.0,True,1.2916796471350858,1.310529039080457
1212,10041,330.85638,1192,4294.5039,3.0011594,5,56.535599,1.1439743743716102,1.1014538935204063,3048.719506446945,1.0940593,0.95457286,0.0,True,1.1289998520601272,1.0573895834642844
1213,10492,331.14764,1192,4290.7266,3.0223155,5,159.4063,1.1449809920314242,1.1068216284786974,3065.949944188172,1.0944428,0.96442628,0.0,True,1.129819534421997,1.0641030239350882
1214,0,259.40305,1192,5477.4375,1.9811389,2,62.131908,0.8970063735534319,0.0,179.8044927361505,0.98351032,0.0,0.0,True,0.9229575574874024,0.0
1215,14316,329.7496,1192,4308.918,3.0109823,5,45.691238,1.1401493512490108,1.1433916864467788,3155.4638668649272,1.0969049,1.054455,0.0,True,1.1271760158743076,1.1167106805127451
1216,2785,301.67215,1192,4709.9609,4.0152426,6,215.61971,1.0431093265200233,0.9378452324238767,2393.0810077106885,1.0886117,0.92518866,0.0,True,1.0567600385640163,0.9340482606967138
1217,37157,380.90714,1192,3730.2109,4.0066748,6,42.491123,1.3169380007404412,1.2793803889391133,4008.2710862227127,1.22922,1.3220146,0.0,True,1.2906226005183088,1.2921706522573793
1218,13524,329.69672,1192,4309.6094,2.0297978,4,80.677803,1.1399665194596902,1.1365701897547449,3136.1968713026267,1.0956545,1.0441564,0.0,True,1.126672913621783,1.1088460528283215
1219,14647,328.10178,1192,4330.5586,3.04813,5,114.93652,1.1344544447679676,1.1454375166188862,3147.194058417326,1.254546,1.4517734,0.0,True,1.1704819113375773,1.2373382816332203
1220,555,266.36096,1192,5334.3555,4.0075674,5,43.517838,0.9210575196850517,0.7364729287298439,1684.0845469696617,1.1067086,0.86016184,0.0,True,0.9767528437795361,0.7735796021108907
1221,0,327.5419,1192,4337.9609,0.99607205,2,1.6438012,1.132519502880241,0.0,227.03474450024754,,,,False,1.132519502880241,0.0
1222,12156,314.90289,1192,4512.0703,4.0456791,6,43.202187,1.0888377970072116,1.1177021578944386,2961.895548846711,1.1272198,1.1056873,0.0,True,1.1003523979050482,1.114097700526107
1223,3207,327.87701,1192,4333.5273,2.9769249,5,61.911827,1.1336776407768632,0.9640080804896639,2647.185416120323,1.2545524,1.4512769,0.0,True,1.1699400685438042,1.1101887263427648
1224,0,312.18613,1192,4551.3359,2.0360742,3,21.632563,1.079448226296611,0.0,216.39093581942055,1.1247627,1.087833,12.311128936428908,True,1.0930425684076277,0.3263499000000001
1225,1179,301.15564,1192,4718.0391,2.9979153,4,126.72632,1.0413240773763257,0.8361052182914248,2130.410177216679,1.0898159,0.80116636,0.0,True,1.055871624163428,0.8256235608039973
1226,175,261.63519,1192,5430.707,2.9821584,3,42.475395,0.9047221506677394,0.6011927237531332,1354.262918750403,0.98174822,0.47624454,0.0,True,0.9278299714674176,0.5637082686271933
1227,32340,380.88321,1192,3730.4453,4.0383563,6,41.621658,1.3168552961747848,1.2624901545811889,3955.137710541176,1.2292199,1.3226391,0.0,True,1.2905646773223494,1.2805348382068322
1228,17705,328.29752,1192,4327.9766,2.9580305,5,99.478973,1.1351309291111835,1.1681617456534141,3211.312881101026,1.2546359,1.4525561,0.0,True,1.1709824203778285,1.2534800519573899
1229,0,258.07425,1192,5505.6406,1.9922029,2,45.347301,0.8924130526940489,0.0,178.88343876262246,1.1247444,1.1150548,2.337691053398666,True,0.9621124568858341,0.33451644
1230,39477,327.95889,1192,4332.4453,3.0558834,5,166.99135,1.1339606387437127,1.2637647895972492,3470.960837095901,1.2531533,1.4610084,0.0,True,1.1697184371205989,1.3229378727180745
1231,4206,375.66635,1192,3782.25,3.1702709,5,55.374516,1.2988281326518287,1.0128218924956047,3134.839052240986,1.2333611,1.3801836,0.0,True,1.2791880228562802,1.1230304047469233
1232,0,281.55435,1192,5046.5,2.048218,2,38.954781,0.9735744005125647,0.0,195.15860387688804,,,,False,0.9735744005125647,0.0
1233,0,370.21854,1192,3837.9062,1.0324167,2,1.1417015,1.2800027149068598,0.0,256.6159371920193,,,,False,1.2800027149068598,0.0
1234,2089,219.41,1192,6475.8398,2.9983091,4,121.54547,0.7587545405163745,0.8710871544182923,1677.4767092316363,1.0098745,0.82905173,0.0,True,0.8340905283614621,0.8584765270928045
1235,0,186.2536,1192,7628.6523,0.9684087,1,1.4699774,0.6441245345417826,0.0,129.10115770913984,,,,False,0.6441245345417826,0.0
1236,4486,318.03732,1192,4467.6016,2.106652,4,10.039411,1.099670798620549,1.0004356002477517,2674.4274881529354,1.1134913,0.98680413,0.0,True,1.1038169490343843,0.9963461591734262
1237,17326,325.83429,1192,4360.6953,3.0478883,5,228.18231,1.126617841266082,1.1645310193144063,3180.1684012864985,1.2519993,1.4615457,0.0,True,1.1642322788862576,1.2536354235200844
1238,4015,316.18588,1192,4493.7617,3.0455089,4,48.646526,1.0932719945960845,0.9865569353455323,2623.802326720648,1.114099,0.9949789,0.0,True,1.099520096217259,0.9890835247418727
1239,456,252.64752,1192,5623.8984,4.0366454,4,218.12407,0.8736543057705562,0.7092600951839159,1547.9383047308722,0.9965409,0.32600456,0.0,True,0.9105202840393893,0.5942834346287411
1240,12594,325.24603,1192,4368.582,2.0094259,4,20.572916,1.124584863294564,1.1262304748068601,3070.6915415630615,1.2518555,1.4615889,0.0,True,1.1627660543061948,1.226838002364802
1241,4214,324.55939,1192,4377.8242,2.0296226,4,109.7498,1.12221179128324,0.9953980530911006,2708.9810653505174,1.2517154,1.4616129,0.0,True,1.1610628738982678,1.1352625071637705
1242,4214,256.01495,1192,5549.9258,3.015641,4,50.062664,0.8852946775671395,0.9680268147676646,2136.8651573958755,1.1049478,0.94350225,0.0,True,0.9511906142969977,0.9606694453373652
1243,0,281.51208,1192,5047.2578,1.9992583,2,206.35347,0.9734282850417507,0.0,195.1293045455658,,,,False,0.9734282850417507,0.0
1244,0,254.34383,1192,5586.3906,2.0114667,2,19.510065,0.8795180424553151,0.0,176.29770865731803,1.1135211,1.1257128,14.399446117991012,True,0.9497189597187206,0.3377138400000001
1245,0,255.58897,1192,5559.1758,0.98453504,2,12.994654,0.8838221516010487,0.0,177.16077393772042,1.1039475,0.92645675,5.435538978806172,True,0.9498597561207341,0.27793702500000006
1246,0,210.23448,1192,6758.4727,1.9904723,2,38.05669,0.727033534354437,0.0,145.7234370684862,,,,False,0.727033534354437,0.0

metric,value
avg_local_nain,0.932376
avg_local_nach,0.846079
avg_citywide_nain,0.969094
avg_citywide_nach,0.821525
avg_blended_nain,0.942622
avg_blended_nach,0.829029
avg_segment_length,75.1554
blended_nain_nach_pearson_r,0.420558
blended_nain_nach_p_value,1.2830e-54
pct_citywide_matched,96.07
