segment_id,T1024 Choice,T1024 Integration,T1024 Node Count,T1024 Total Depth,Angular Connectivity,Connectivity,Segment Length,local_nain,local_nach,integrated,citywide_nain,citywide_nach,citywide_match_distance_m,citywide_matched,blended_nain,blended_nach
0,0,235.12469,1075,4914.9453,1.0009867,2,16.196579,0.8830692867584877,0.0,162.97601595353115,1.0528126,1.0068614,12.964656273267314,True,0.9339922807309414,0.30205842000000005
1,0,-1.0,1,-1.0,0.0,0,29.376997,1.0,0.0,-0.6931471805599453,,,,False,1.0,0.0
2,0,358.67566,1075,3221.9219,1.002383,2,27.405918,1.3468078674925403,0.0,248.61502246447753,,,,False,1.3468078674925403,0.0
3,1669,297.68713,1075,3882.0117,3.9868593,5,41.65424,1.1179171728811987,0.8978445859123685,2209.1890397080556,1.0723587,0.81300157,0.0,True,1.1042496310168393,0.872391681138658
4,1971,235.32425,1075,4910.7773,2.9696455,5,15.57016,0.8838184826944016,0.8925863094139107,1785.4781543468926,1.0524646,0.9966231,0.0,True,0.934412317886081,0.9237973465897376
5,3249,293.58148,1075,3936.3008,2.9920177,4,108.66998,1.1025067915334192,0.9767660514895884,2374.110615385343,1.0697935,0.95112795,0.0,True,1.0926928040733936,0.9690746210427119
6,2026,236.70325,1075,4882.168,2.9660969,4,43.598515,0.8889955011992828,0.8964385378950822,1802.4491779445464,0.9644596,0.92797482,0.0,True,0.911634730839498,0.9058994225265575
7,4,291.48062,1075,3964.6719,3.9947104,4,166.51701,1.0946212564496445,0.19423733778491076,522.2631609814644,1.0720733,0.0,0.0,True,1.0878568695147512,0.13596613644943753
8,4628,295.8974,1075,3905.4922,3.0325859,5,119.15885,1.1111995000531283,1.0204559415315766,2497.4664195094724,1.0735897,0.96332312,0.0,True,1.0999165600371898,1.0033160950721036
9,3737,235.28644,1075,4911.5664,4.0468559,6,49.445896,0.8836765448211912,0.967805394462572,1935.601186325794,1.0524631,0.98362881,0.0,True,0.9343125113748338,0.9725524191238004
10,2403,297.68234,1075,3882.0742,4.0196004,6,108.87337,1.1178991840839443,0.941922077788083,2317.547864352593,1.0723587,0.88315678,0.0,True,1.104237038858761,0.9242924884516581
11,954,236.54634,1075,4885.4062,3.0137358,5,43.774303,0.8884064883130643,0.807771277462453,1623.360266638347,0.96409023,0.90838772,0.0,True,0.911111610819145,0.8379562102237171
12,5893,295.89594,1075,3905.5117,2.9949899,4,47.426224,1.1111939547363348,1.0496654087348163,2568.9270703074176,1.0735897,0.98198736,0.0,True,1.0999126783154343,1.0293619941143715
13,1,234.38998,1075,4930.3516,3.9915233,4,48.591156,0.8803110019775351,0.08151053765636408,257.5037123686725,0.96391416,0.051587597,0.0,True,0.9053919493842746,0.07253365545945485
14,0,213.76248,1075,5406.1172,1.0078115,2,132.76399,0.8028678407896742,0.0,148.1688603215017,,,,False,0.8028678407896742,0.0
15,3515,359.12979,1075,3217.8477,2.0131674,4,87.071167,1.3485120364859178,1.0108549032500702,2932.425326604018,1.1349303,1.116774,0.0,True,1.2844375155401424,1.0426306322750492
16,0,348.98029,1075,3311.4336,1.0045011,2,167.70212,1.310424141018398,0.0,241.89470408449208,,,,False,1.310424141018398,0.0
17,1103,295.46475,1075,3911.2109,4.0052075,5,42.065166,1.1095756119613942,0.846999837824868,2070.4989635011307,1.0692279,0.72423273,0.0,True,1.097471298372976,0.8101697054774075
18,8029,237.06686,1075,4874.6797,3.0067065,5,45.004375,0.8903605826524753,1.0587011245313926,2131.4833892899155,0.96476829,0.99810219,0.0,True,0.9126828948567327,1.0405214441719748
19,6861,359.14114,1075,3217.7461,2.0125651,4,89.302742,1.3485545891651205,1.0936426164687822,3172.616896142142,1.1349305,1.1144841,0.0,True,1.2844673624155845,1.0998950615281475
20,1,263.82086,1075,4380.3398,4.0074868,4,51.254753,0.9907956884360037,0.08265955595911641,289.83683880298895,0.97326428,0.25079176,0.0,True,0.9855362659052026,0.13309921717138148
21,7087,237.06914,1075,4874.6328,3.0218539,5,43.727249,0.8903691455098891,1.0440090574857919,2101.9260130596226,0.96476835,0.98641312,0.0,True,0.9126889068569224,1.0267302762400543
22,0,219.66762,1075,5260.7891,0.99058264,2,86.893173,0.8250384532987458,0.0,152.26199146331345,0.91411084,0.0,0.0,True,0.851760169309122,0.0
23,5169,273.11368,1075,4231.2969,3.9683018,5,42.156525,1.0256789168511895,1.0239080410967987,2335.3462920377824,1.0106748,0.90262526,0.0,True,1.0211776817958327,0.9875232067677591
24,3549,297.94977,1075,3878.5898,3.0059109,5,119.5615,1.1189029510672575,0.989194432779339,2435.73476134395,1.0726714,0.92042339,0.0,True,1.10503348574708,0.9685631199455373
25,5259,235.83376,1075,4900.168,4.0044785,6,42.619907,0.8857312477054028,1.0082669454504953,2020.6416737874467,1.0522299,0.96921897,0.0,True,0.935680843393782,0.9965525528153467
26,11706,398.35455,1075,2900.9961,2.0181947,4,48.894989,1.4956972829214268,1.174834040969588,3731.7964380316193,1.211231,1.3252875,0.0,True,1.4103573980449986,1.2199700786787115
27,9121,296.44861,1075,3898.2305,3.998584,5,108.29759,1.113268402752478,1.1027200633612009,2703.1826514975883,1.0732249,1.0054257,0.0,True,1.1012553519267345,1.0735317543528407
28,9036,237.06363,1075,4874.7461,2.9976602,5,42.978069,0.8903484598268296,1.0726109480229555,2159.4584039858582,0.96476817,1.0082165,0.0,True,0.9126743728787807,1.053292613616069
29,4982,298.45959,1075,3871.9648,2.9977052,4,48.023273,1.1208164253587174,1.0304389562523708,2541.0813857919625,1.0734695,0.95782214,0.0,True,1.1066123477511023,1.0086539113766597
30,19285,398.4404,1075,2900.3711,1.9902935,4,14.700518,1.49601936813025,1.2374711968021543,3931.4857649449646,1.2112328,1.3257619,0.0,True,1.410583397691175,1.263958407761508
31,4346,235.83958,1075,4900.0469,4.0028353,6,43.008327,0.8857531287800405,0.985834741022467,1975.7393006472569,1.0514212,0.93830019,0.0,True,0.9354535501460284,0.9715743757157269
32,21983,296.7287,1075,3894.5508,4.0104685,5,168.26784,1.114319715554972,1.2092337779715983,2966.7278686552063,1.0736916,1.0270308,0.0,True,1.1021312808884804,1.1545728845801186
33,1439,295.46802,1075,3911.168,4.0158987,6,108.33053,1.1095877762215929,0.8791203585653184,2148.966268616639,1.0692281,0.86093479,0.0,True,1.097479873355115,0.8736646879957229
34,0,221.01958,1075,5228.6094,1.0055989,2,102.1901,0.8301142461720614,0.0,153.19909872554325,,,,False,0.8301142461720614,0.0
35,0,353.21985,1075,3271.6875,1.0020862,2,39.508427,1.3263341046149024,0.0,244.8333431453068,1.1386921,1.1380506,4.162460610523966,True,1.2700415032304317,0.34141518000000004
36,0,350.74326,1075,3294.7891,1.0041088,2,286.19513,1.3170400797252995,0.0,243.11670176940385,1.0874627,1.0450357,12.573931642069418,True,1.2481668658077094,0.31351071
37,0,215.8466,1075,5353.918,1.9638175,3,61.477619,0.8106926542007362,0.0,149.61346222345028,,,,False,0.8106926542007362,0.0
38,188,269.19949,1075,4292.8203,3.9687562,4,50.54541,1.0109860426759876,0.6265986551751277,1412.4962042433262,1.0176314,0.83788276,0.0,True,1.0129796498731913,0.6899838866225894
39,2922,355.93799,1075,3246.7031,2.0287035,4,93.292564,1.336534378626812,0.9868972330578468,2840.63710053763,1.1380322,1.1376153,0.0,True,1.2769837250387686,1.0321126531404927
40,22465,401.01935,1075,2881.7188,2.0161796,4,28.6959,1.5056958324443765,1.2576287887204793,4018.134823996957,1.2119499,1.3258756,0.0,True,1.4175720527110636,1.2781028321043355
41,1796,295.92078,1075,3905.1836,3.0118711,5,118.72247,1.111287265615442,0.9060609038753663,2217.7576348877083,1.0703425,0.90945888,0.0,True,1.0990038359308094,0.9070802967127565
42,2462,235.77736,1075,4901.3398,4.0103078,5,45.024055,0.8855195756780916,0.91895146664075,1841.3130363376838,1.0514196,0.89697784,0.0,True,0.9352895829746641,0.912359378648525
43,47910,401.56479,1075,2877.8047,1.987998,4,42.761131,1.5077423059631434,1.352917052298943,4327.712441175974,1.2121441,1.3275741,0.0,True,1.4190628441742004,1.34531416660926
44,115,195.02676,1075,5925.4688,2.9987354,4,108.45404,0.7325223507041486,0.5471745111647233,928.7513530600577,0.94573969,0.37992233,0.0,True,0.796487552492904,0.49699885681530626
45,3605,297.45789,1075,3885.0039,3.0287848,4,49.619747,1.1170566047287729,0.9908904013287636,2436.3680175687205,1.0730762,0.95021868,0.0,True,1.1038624833101411,0.9786888849301345
46,1,233.37561,1075,4951.7812,2.9926274,3,43.161022,0.8765028578778364,0.08146901250742622,256.3893130214162,0.96223754,0.051580913,0.0,True,0.9022232625144855,0.07250258265519835
47,0,194.7683,1075,5933.332,2.0257483,3,120.15503,0.731551896187357,0.0,135.0030980074536,0.9449923,0.0,0.0,True,0.7955840173311499,0.0
48,53849,401.54025,1075,2877.9805,2.5872331,5,50.296852,1.507650270236725,1.3675764037159268,4374.369947928634,1.2121439,1.3278632,0.0,True,1.4189983591657074,1.3556624426011488
49,385,316.34586,1075,3653.043,5.7101431,6,58.9743,1.1879486449547922,0.7259554041591921,1884.9229837617424,1.0837569,0.85716826,0.0,True,1.1566911214683546,0.7653192609114344
50,56714,400.86179,1075,2882.8516,3.6591651,5,53.689846,1.5051045880840104,1.3737923482371963,4387.757645753507,1.2121329,1.3277471,0.0,True,1.4172130816588073,1.3599787737660374
51,0,265.57578,1075,4351.3945,2.0471964,3,33.796307,0.997383393373033,0.0,184.08310313200832,1.0151172,0.97417551,5.786970420707381,True,1.0027035353611229,0.29225265300000003
52,1818,221.19688,1075,5224.418,3.0045314,5,129.64778,0.8307799680587161,0.8767027661720316,1660.434681185316,0.92228711,0.81029212,0.0,True,0.8582321106411013,0.8567795723204221
53,3762,268.15439,1075,4309.5508,4.0354314,5,48.264668,1.0070630222196382,0.9837127003110848,2207.778779726746,1.0163662,0.97868901,0.0,True,1.0098539755537468,0.9822055932177594
54,0,344.25818,1075,3356.8555,1.0010633,2,58.879948,1.2927032374871437,0.0,238.62158685169814,1.0746671,1.0139251,12.302824847884972,True,1.2272923962410005,0.30417753000000003
55,10388,355.94055,1075,3246.6797,1.9994247,4,36.224838,1.336544005585253,1.1437232643481756,3291.9514447216557,1.1380323,1.1373677,0.0,True,1.2769904939096772,1.141816595043723
56,143,271.44199,1075,4257.3555,3.9914453,5,52.067474,1.0194038462160528,0.5946810029355519,1350.894510742788,1.0178643,0.83140987,0.0,True,1.0189419823512371,0.6656996630548864
57,0,260.87195,1075,4429.8555,2.0000002,2,22.683748,0.9797258460032144,0.0,180.82265662967504,0.9636904,0.86707693,7.582711326442333,True,0.9749152122022501,0.26012307900000003
58,0,272.24683,1075,4244.7695,2.0580869,3,57.247646,1.0224250172046065,0.0,188.7071226308827,1.0093843,0.0,0.0,True,1.0185128020432246,0.0
59,15383,359.18912,1075,3217.3164,1.9920436,4,49.139507,1.3487345882192563,1.1936118502307163,3462.9955692686353,1.1349314,1.106734,0.0,True,1.2845936317534794,1.1675484951615014
60,7187,236.00119,1075,4896.6914,3.0515962,5,50.056702,0.886359850939273,1.0451034500725167,2095.763104285951,0.96110857,0.97697961,0.0,True,0.9087844666574911,1.0246662980507617
61,648,271.36554,1075,4258.5547,3.9991169,4,50.418331,1.0191169190015326,0.7748152520265543,1757.6271028206347,1.0112467,0.87114602,0.0,True,1.0167558533010728,0.803714482418588
62,0,194.80794,1075,5932.125,1.9728556,2,52.968262,0.7317006937166808,0.0,135.03057436169098,0.87422293,0.0,0.0,True,0.7744573646016766,0.0
63,17674,359.20306,1075,3217.1914,1.9902501,4,47.475662,1.3487869590796926,1.2108046402001025,3512.992660084209,1.1349316,1.0975026,0.0,True,1.2846303513557848,1.1768140281400719
64,3972,234.81004,1075,4921.5312,3.0432398,5,48.35593,0.8818880601592406,0.974746177325136,1945.9948805320098,0.95879424,0.93988645,0.0,True,0.9049599141114684,0.9642882591275952
65,7627,271.21552,1075,4260.9102,3.9986198,5,47.302658,1.0185537990224374,1.0695911825787106,2424.58865340035,1.0125302,0.95987439,0.0,True,1.016746719315706,1.0366761448050974
66,0,271.2471,1075,4260.4141,2.0096047,3,50.845005,1.01867234793107,0.0,188.01416260006152,1.0125309,0.0,0.0,True,1.016829913551749,0.0
67,7776,234.75172,1075,4922.7539,2.9897399,5,47.880066,0.8816691081967566,1.053714517254318,2103.153456903274,0.96019655,0.96988064,0.0,True,0.9052273407377296,1.0285643540780227
68,790,271.42752,1075,4257.582,4.0048089,5,53.20063,1.019349640199789,0.798512548474467,1811.659645667938,1.017864,0.81880426,0.0,True,1.0189039481398523,0.8046000619321269
69,0,218.21695,1075,5295.7617,0.8784821,1,43.100609,0.8195920513188614,0.0,151.25646364289054,,,,False,0.8195920513188614,0.0
70,1894,265.49643,1075,4352.6953,2.8856452,3,31.844334,0.9970854629258442,0.9006753045541486,2003.834752206366,0.97073042,0.93531525,0.0,True,0.989178950048091,0.9110672881879041
71,3784,344.25818,1075,3356.8555,2.0811083,4,88.742516,1.2927032374871437,1.014674015771423,2836.3656360159844,1.0746671,1.0425535,0.0,True,1.2272923962410005,1.0230378610399962
72,21,215.84267,1075,5354.0156,4.0471778,5,269.92657,0.8106778813529779,0.3600027978151215,676.7734433357042,0.91778034,0.10279997,0.0,True,0.8428086189470845,0.28284194947058505
73,1902,213.76294,1075,5406.1055,3.0328655,4,491.09805,0.8028695777294838,0.8784700193960743,1614.2762051874092,0.99690396,0.63529092,0.0,True,0.8610798924106386,0.805516289577252
74,12355,356.3938,1075,3242.5508,2.0028486,4,233.58553,1.3382448439708505,1.1653494160711029,3357.934536914838,1.1379305,1.1374048,0.0,True,1.2781505407795952,1.156966031249772
75,3616,221.38841,1075,5219.8984,3.1022997,5,252.47214,0.8314990155881812,0.9570826079157455,1813.985049129932,0.92243201,0.73315734,0.0,True,0.8587789139117268,0.8899050275410219
76,9430,344.71509,1075,3352.4062,1.9605467,4,94.841858,1.294417885079481,1.1272958280066367,3154.785430151614,1.0751508,1.0700916,0.0,True,1.2286377595556366,1.1101345596046457
77,3395,350.75531,1075,3294.6758,2.9976468,5,291.85297,1.3170853436972778,1.003626768097237,2851.867948573036,1.0874628,1.0439796,0.0,True,1.2481985805880944,1.0157326176680659
78,163,269.30585,1075,4291.125,3.0174296,4,46.77943,1.0113852680975977,0.6096670107504626,1375.0609859024487,1.0167484,0.82746732,0.0,True,1.0129942076683185,0.6750071035253239
79,0,193.82149,1075,5962.3164,1.983292,2,49.266678,0.7279968210776844,0.0,134.34681932542765,0.8731491,0.0,0.0,True,0.7715425047543791,0.0
80,3896,233.95642,1075,4939.4883,2.0370314,4,32.965118,0.8786833268635885,0.9720582667147984,1934.4028889570031,0.95865512,0.91820085,0.0,True,0.902674864804512,0.9559010417003589
81,0,192.60617,1075,5999.9375,2.0159371,2,49.040974,0.723433621076777,0.0,133.50442369394952,0.87028605,0.0,0.0,True,0.7674893497537439,0.0
82,0,233.16391,1075,4956.2773,1.042769,2,27.453445,0.8757080567279887,0.0,161.61690682483282,0.95711857,0.0,0.0,True,0.900131210709592,0.0
83,2692,349.42133,1075,3307.2539,3.0355177,5,491.33606,1.3120792511875556,0.9745373624975475,2760.0030365531,1.0865259,1.0189067,0.0,True,1.2444132458312889,0.9878481637482832
84,27905,359.18781,1075,3217.3281,2.0172386,4,285.76685,1.3487296865148657,1.26733870285915,3676.87372884301,1.1349312,1.0796939,0.0,True,1.2845901405604059,1.211045262001405
85,3810,268.11041,1075,4310.2578,3.0010972,4,53.18121,1.0068979129915419,0.9852078828361694,2210.8141138013807,0.97481608,0.81578726,0.0,True,0.9972733630940793,0.9343816959853186
86,2144,219.60777,1075,5262.2227,1.9855182,3,461.93951,0.8248137714807351,0.895204037814744,1684.6904652070384,0.91308337,0.74870598,0.0,True,0.8512946510365145,0.8512546204703209
87,2045,296.99234,1075,3891.0938,2.9979661,4,127.93694,1.1153092122007178,0.9221534424475115,2264.3083831011168,1.0732923,0.83624095,0.0,True,1.1027041385405023,0.8963796947132581
88,2249,296.93658,1075,3891.8242,2.024437,4,103.72527,1.1151000035136405,0.9336287014544563,2292.092015534789,1.0732754,0.89832121,0.0,True,1.1025526224595483,0.9230364540181194
89,28430,359.22662,1075,3216.9805,1.9977467,4,109.74247,1.348875328415782,1.2696631895744872,3683.9661770037314,1.1349415,1.0736184,0.0,True,1.2846951798910473,1.2108497527021411
90,1750,269.30707,1075,4291.1055,2.9947815,4,47.392689,1.011389861977885,0.8927607446738243,2011.323426402793,1.0167484,0.85893208,0.0,True,1.0129974233845194,0.8826121452716771
91,16469,356.3981,1075,3242.5117,2.0751369,4,18.065569,1.3382609713201215,1.200898185676916,3460.3962222883238,1.1379305,1.1375765,0.0,True,1.278161829924085,1.1819016799738413
92,506,268.87555,1075,4297.9922,4.0082598,4,58.588734,1.0097700593739447,0.7444493874227143,1675.2241259824605,1.0144453,0.74942851,0.0,True,1.0111726315617613,0.7459431241959
93,19213,365.7041,1075,3160.0,3.1951861,5,86.39518,1.3731825993363374,1.223856111352397,3607.1028262773757,1.138133,1.1376241,0.0,True,1.3026677195354361,1.1979865079466778
94,7580,269.30093,1075,4291.2031,2.8852386,4,44.321892,1.0113668694363653,1.0679471218822993,2405.8085555183775,0.97546268,0.81055593,0.0,True,1.0005956126054558,0.9907297643176095
95,5853,224.78552,1075,5141.0117,1.8636341,3,37.925144,0.8442530626756106,1.0151296690954665,1950.0259121094757,0.92783785,0.7669664,0.0,True,0.8693284988729275,0.9406806883668266
96,14852,502.25201,1075,2300.8867,3.0423915,5,104.25591,1.8854611384491902,1.2407025791792985,4824.645097277317,1.2143555,1.3781139,0.0,True,1.684129446914433,1.281925975425509
97,485,264.91751,1075,4362.207,3.0711513,5,51.586712,0.9949123355288826,0.7380859051484997,1639.379522709373,0.9744969,0.79324168,0.0,True,0.9887877048702178,0.7546326376039498
98,14745,350.74991,1075,3294.7266,3.9938569,5,47.529442,1.3170650484336488,1.18488342736539,3366.776465259722,1.0874629,1.0450653,0.0,True,1.2481844039035541,1.1429379891557732
99,3955,266.4505,1075,4337.1094,3.056756,5,49.200474,1.0006669523247094,0.9889362511657485,2207.073823677867,0.97494048,0.7881496,0.0,True,0.9929490106272966,0.928700255816024
100,53287,504.12207,1075,2292.3516,2.9741468,5,84.312157,1.8924751459634603,1.4063794926485491,5486.605092813038,1.2142932,1.3782461,0.0,True,1.689020562174422,1.3979394748539844
101,17643,348.09744,1075,3319.832,3.154088,5,51.201405,1.3071110697655688,1.2059028648461003,3403.7690807278677,1.141153,1.1356694,0.0,True,1.2573236488358983,1.1848328253922702
102,59137,505.72757,1075,2285.0742,2.0354948,4,13.10285,1.898496943868939,1.4204224133834584,5556.755453054207,1.2142278,1.3782523,0.0,True,1.6932162007082572,1.407771379368421
103,14634,349.43948,1075,3307.082,3.9962721,5,47.39645,1.3121474110044715,1.1834044169476974,3351.5577525694925,1.0865262,1.0251981,0.0,True,1.2444610477031302,1.135942521863388
104,76783,507.48776,1075,2277.1484,1.9841094,4,70.194969,1.9050990181690224,1.4548315653656365,5708.610343308043,1.2143241,1.3787192,0.0,True,1.6978665427183157,1.4319978557559456
105,3674,351.07748,1075,3291.6523,3.963665,5,41.601692,1.3182943989265345,1.0134878690847158,2882.198827995787,1.0771551,0.94206876,0.0,True,1.2459526092485742,0.992062136359301
106,117862,508.90201,1075,2270.8203,2.0428319,4,30.145319,1.910403290177186,1.5107971149782842,5942.594671137701,1.2143986,1.3796246,0.0,True,1.70160188312403,1.4714453604847988
107,0,270.1698,1075,4277.4023,2.0264697,3,60.211136,1.014628463208869,0.0,187.2674351424443,0.96941835,0.0,0.0,True,1.0010654292462082,0.0
108,133380,512.70764,1075,2253.9648,2.0555704,4,54.798107,1.9246769183196024,1.5282707886456888,6050.44874522202,1.2147726,1.3801191,0.0,True,1.7117056228237217,1.4838252820519822
109,41512,357.45096,1075,3232.9609,4.0054679,5,38.66589,1.3422120122383854,1.3157207473216466,3801.057013679477,1.079777,1.0628449,0.0,True,1.2634815085668698,1.2398579931251525
110,323,269.95016,1075,4280.8828,3.0447974,5,42.578964,1.0138039217653816,0.6912602654704108,1561.3445333819416,0.96838796,0.78292245,0.0,True,1.0001791332357672,0.7187589208292875
111,11158,345.98215,1075,3340.1289,3.0076566,4,103.05711,1.2991729251081543,1.148538425432594,3224.5852040050527,1.0766006,1.0796759,0.0,True,1.232401227575708,1.1278796678028158
112,0,498.63727,1075,2317.5664,1.0131882,2,63.672478,1.8719030328692028,0.0,345.6290178226082,,,,False,1.8719030328692028,0.0
113,0,260.75308,1075,4431.875,2.0549278,2,170.62613,0.9792796096194635,0.0,180.74026222432187,,,,False,0.9792796096194635,0.0
114,81009,402.00351,1075,2874.6641,2.4345746,5,60.647491,1.5093883846575964,1.4190464672058871,4543.58044242936,1.2121577,1.329865,0.0,True,1.4202191792603174,1.392292027044121
115,83401,401.9931,1075,2874.7383,2.0170846,4,78.86895,1.5093494528513416,1.4226954279861146,4555.160515754054,1.2121576,1.3297765,0.0,True,1.420191896995939,1.39481974959028
116,2958,297.29944,1075,3887.0742,2.9786327,4,87.333527,1.116461953619064,0.9669040908398565,2376.2979378687264,1.0733935,0.9353444,0.0,True,1.103541417533345,0.9574361835878995
117,1228,292.10977,1075,3956.1328,2.9845152,3,65.350876,1.0969827437577382,0.8587813607077476,2078.2936671653547,1.0724783,0.87515897,0.0,True,1.0896314106304166,0.8636946434954234
118,230,230.54449,1075,5012.5898,1.9959931,3,148.31084,0.8658740898610487,0.6387584575569365,1255.7152895147499,0.9630819,0.79778999,0.0,True,0.8950364329027342,0.6864679172898556
119,86693,401.97455,1075,2874.8711,1.9987228,4,70.405083,1.5092797793761072,1.4275476158182887,4570.511529018022,1.2121569,1.330096,0.0,True,1.420142915563275,1.398312131072802
120,40721,365.07681,1075,3165.4297,4.0309129,5,317.47641,1.3708286498360163,1.31677646876947,3875.1254411256896,1.1003377,1.0411601,0.0,True,1.2896813648852115,1.234091558138629
121,465,362.05209,1075,3191.875,3.9997816,5,176.1487,1.359478182177292,0.7614270339760255,2225.291353567173,1.0785742,0.6481607,0.0,True,1.2752069875241046,0.7274471337832178
122,1719,292.28177,1075,3953.8047,3.9979293,4,64.288864,1.0976283483109008,0.8994213213602869,2177.692325186318,1.0722142,0.83625257,0.0,True,1.0900041038176305,0.8804706959522007
123,0,230.52672,1075,5012.9766,0.99710006,2,35.114719,0.8658073058808486,0.0,159.78894601173195,0.96292919,0.0,0.0,True,0.894943871116594,0.0
124,91393,401.96799,1075,2874.918,3.0081835,5,106.17406,1.5092551748438774,1.434173236166157,4591.658664139879,1.2121569,1.3303734,0.0,True,1.4201256923907142,1.4030332853163099
125,0,269.1532,1075,4293.5586,2.0010858,2,100.23258,1.0108122792461727,0.0,186.5627817186871,1.0118153,0.0,0.0,True,1.011113185472321,0.0
126,720,359.62442,1075,3213.4219,4.0084305,5,175.9342,1.3503681675805899,0.814836419216986,2367.056972999752,1.0791172,0.65353483,0.0,True,1.2689928773064127,0.7664459424518901
127,31229,359.22617,1075,3216.9844,3.0058329,4,66.845764,1.3488736941693469,1.2812882981819287,3717.691433803055,1.1349415,1.065557,0.0,True,1.2846940359185428,1.2165689087273501
128,140085,515.02832,1075,2243.8086,2.0201511,4,49.091942,1.9333808674085133,1.535519400665608,6103.095345171688,1.2150532,1.3802378,0.0,True,1.7178825671859594,1.4889349204659257
129,163666,515.06866,1075,2243.6328,2.0190184,4,40.698299,1.9335322226775005,1.5556948207318726,6183.705865499036,1.2150563,1.3807223,0.0,True,1.7179894458742502,1.5032030645123107
130,4573,355.97354,1075,3246.3789,4.0956535,5,48.931618,1.336667769607018,1.0422848081283296,3000.2738496066954,1.0754449,0.8946501,0.0,True,1.2583009087249126,0.9979943956898307
131,172017,515.80328,1075,2240.4375,3.0127387,5,88.493805,1.936287356549067,1.5624316031364125,6218.194340381043,1.21517,1.3809656,0.0,True,1.7199521495843468,1.5079918021954886
132,7303,359.46536,1075,3214.8438,3.9819536,5,48.120834,1.3497712817456347,1.1014937171158483,3197.9168312162456,1.0772634,0.94311392,0.0,True,1.2680189172219443,1.0539797779810938
133,631,308.15384,1075,3750.1562,5.0783954,6,44.323746,1.1572021919294029,0.7835496059443354,1987.7372303901489,1.0472049,0.84388769,0.0,True,1.1242030043505822,0.8016510311610348
134,518,309.25616,1075,3736.7891,4.874258,5,42.327293,1.161339477292661,0.759945016713173,1934.0350835651946,1.0547433,0.73693001,0.0,True,1.1293606241048628,0.7530405146992212
135,1913,260.95963,1075,4428.3672,2.933486,3,154.02988,0.9800549667985757,0.9000158968605207,1972.1953321404105,1.0147681,0.79770136,0.0,True,0.990468906759003,0.8693215358023645
136,0,212.98224,1075,5425.9219,0.92789078,1,65.271034,0.7999384403636128,0.0,147.6280391653416,0.92209536,0.29310444,5.841535783850074,True,0.836585516254529,0.08793133200000001
137,0,260.68277,1075,4433.0703,0.99898356,2,111.33267,0.9790156830437385,0.0,180.6915270460567,1.0138805,0.35250095,1.3819581060352497,True,0.9894751281306169,0.10575028500000001
138,0,209.24486,1075,5522.8359,2.0139768,2,32.609196,0.7859063070274175,0.0,145.03748475566047,0.9131102,0.0,0.0,True,0.8240674749191923,0.0
139,15148,344.29666,1075,3356.4805,2.0533307,4,50.484344,1.2928475776773152,1.185496699601031,3314.1155756813782,1.1388757,1.1352873,0.0,True,1.2466560143741205,1.1704338797207217
140,4976,270.39206,1075,4273.8867,3.007041,5,40.676537,1.0154626826528164,1.0181320790528765,2301.7890622827517,0.96870947,0.86264735,0.0,True,1.0014367188569715,0.9714866603370136
141,0,268.14273,1075,4309.7383,2.0146301,3,32.942562,1.0070192291358449,0.0,185.86237728714664,0.96807176,0.0,0.0,True,0.9953349883950915,0.0
142,0,303.97842,1075,3801.668,1.9166888,3,44.486622,1.1415305907617328,0.0,210.7017847740669,1.0424428,0.0,0.0,True,1.1118042535332129,0.0
143,1386,342.23352,1075,3376.7148,3.3394442,5,12.860662,1.2851050284272287,0.8903891357632134,2476.2714080266505,1.0621356,0.83461016,0.0,True,1.21821419989906,0.8736554430342494
144,11764,344.048,1075,3358.9062,2.0044429,4,78.179878,1.2919144780361613,1.1542586519491536,3224.751340152174,1.1389802,1.1352807,0.0,True,1.2460341946253128,1.1485652663644075
145,3812,261.42105,1075,4420.5508,3.0449064,4,47.749775,0.9817871123383135,0.9823071132396223,2155.7913791335177,1.0151719,0.92218393,0.0,True,0.9918025486368194,0.9642701582677355
146,1739,351.07416,1075,3291.6836,4.0394821,6,222.82715,1.318281871124931,0.9211827321275953,2619.7908417185677,1.0771551,0.90826762,0.0,True,1.2459438397874516,0.9173081984893168
147,1671,219.75475,1075,5258.7031,3.9992549,5,222.99393,0.8253656016249042,0.8661990966544815,1631.101877066934,0.91868246,0.74034113,0.0,True,0.853360659137433,0.8284417066581371
148,32659,357.44061,1075,3233.0547,3.0050001,5,224.23495,1.342173094971624,1.2860386870450742,3715.2151760588586,1.0797768,1.0558497,0.0,True,1.2634542064801368,1.216981990931552
149,193688,516.66174,1075,2236.7148,4.0295181,6,92.830894,1.939507157902158,1.5781494973875396,6289.84737063868,1.2152966,1.3815376,0.0,True,1.7222439905315108,1.5191659281712777
150,250202,519.3009,1075,2225.3477,3.0031199,5,104.2459,1.9494052855337758,1.6124014316129498,6454.926734054449,1.2157706,1.382269,0.0,True,1.7293148798736429,1.5433617021290649
151,74506,400.0741,1075,2888.5273,4.0349922,6,48.495655,1.5021492373040373,1.4076908067644804,4488.29601529914,1.2124656,1.3334161,0.0,True,1.4152441461128262,1.3854083947351363
152,7923,319.92215,1075,3612.207,4.0395579,6,93.744125,1.2013709726923496,1.095783738669521,2872.1899116124914,1.0768031,1.0059961,0.0,True,1.1640006108846448,1.0688474470686646
153,255001,520.18658,1075,2221.5586,2.0263734,4,23.103991,1.9527272090339778,1.615222501868173,6475.818646291421,1.2158952,1.3822671,0.0,True,1.7316776063237844,1.545335881307721
154,282990,520.38696,1075,2220.7031,2.0067945,4,65.835976,1.953478797551278,1.6288161124250093,6532.5080081660935,1.2158995,1.3824829,0.0,True,1.7322050082858946,1.5549161486975065
155,16479,371.00623,1075,3114.8398,4.0054259,5,47.611385,1.3930787777740448,1.2069644160368134,3602.4569446103687,1.0793525,1.051365,0.0,True,1.2989608944418314,1.1602845912257693
156,284123,520.80841,1075,2218.9062,1.9889483,4,12.615744,1.9550593262792904,1.6295054854002293,6539.879513245452,1.2159628,1.3825117,0.0,True,1.7333303683955033,1.5554073497801606
157,12538,320.51901,1075,3605.4805,4.0091848,6,104.37944,1.2036110462971312,1.1520633162681198,3024.634951211163,1.0783319,1.0428984,0.0,True,1.166027302407992,1.1193138413876838
158,289202,520.80841,1075,2218.9062,2.0168586,4,40.836559,1.9550593262792904,1.631804709828322,6549.107217108528,1.2159628,1.3825841,0.0,True,1.7333303683955033,1.5570385268798252
159,7108,344.0408,1075,3358.9766,3.0470195,5,86.699745,1.2918874172172155,1.0922175233650955,3051.386453549197,1.13898,1.1334605,0.0,True,1.2460151920520508,1.1045904163555669
160,2491,271.94424,1075,4249.4922,3.0253563,5,42.45256,1.0212892732348182,0.9360379474964253,2126.9417342598304,1.0193083,0.9907077,0.0,True,1.0206949812643726,0.9524388732474978
161,5886,272.49634,1075,4240.8828,3.0248098,5,40.23983,1.0233616113792958,1.0391785899546966,2365.451256203097,1.0184748,0.97065675,0.0,True,1.021895567965507,1.0186220379682875
162,6989,272.92142,1075,4234.2773,4.0297771,6,41.510544,1.0249573084135684,1.0599352306963317,2416.00381608487,1.0179375,0.95427531,0.0,True,1.022851365889498,1.0282372544874323
163,8097,273.27161,1075,4228.8516,4.0061255,5,41.224934,1.0262717272100725,1.0777181794487278,2459.306727290922,1.0173069,0.85475421,0.0,True,1.0235822790470508,1.0108289886141095
164,0,219.06837,1075,5275.1797,2.0241883,3,38.313824,0.8227886154988239,0.0,151.8466230153629,0.91673923,0.0,0.0,True,0.8509737998491766,0.0
165,14,247.82138,1075,4663.1367,5.0172338,5,361.63962,0.9307344368068567,0.32055189316804344,687.1067633178993,0.95772308,0.2014505,0.0,True,0.9388310297647997,0.2848214752176304
166,582,334.2583,1075,3457.2812,3.0139735,4,400.86111,1.255175028587297,0.7814584644251692,2129.1922736884926,1.0637599,0.84438944,0.0,True,1.1977504900111078,0.8003377570976185
167,0,217.46609,1075,5314.0469,2.0139461,2,156.97105,0.8167729632147336,0.0,150.73600715089532,0.9179619,0.0,0.0,True,0.8471296442503136,0.0
168,2587,351.09332,1075,3291.5039,3.992089,5,198.12434,1.3183537991564238,0.9702012475941216,2759.2518742905404,1.0771554,0.89621925,0.0,True,1.2459942794094967,0.9480066483158851
169,176066,516.60583,1075,2236.957,3.9977996,6,97.238647,1.939297350999371,1.5657619941540664,6239.8883842521755,1.2152961,1.3811126,0.0,True,1.7220969756995597,1.5103671759078465
170,3554,314.87717,1075,3670.082,3.1623824,6,45.067429,1.182436388703057,0.9960193837514344,2574.559046759831,1.0597425,0.94193798,0.0,True,1.1456282220921397,0.9797949626260041
171,2823,360.32394,1075,3207.1836,3.940619,6,44.726368,1.3529931347964943,0.9841252801567156,2863.229024333696,1.0799886,0.87852198,0.0,True,1.271091774357546,0.952444290109701
172,3339,314.14825,1075,3678.5977,4.1023073,6,88.560959,1.179700617402847,0.9881409331584876,2549.0068931718515,1.0612459,0.95656592,0.0,True,1.1441642021819929,0.9786684292109413
173,15944,364.56396,1075,3169.8828,3.9907594,6,48.122303,1.3689041029830922,1.2002512347921341,3527.872058893484,1.0800177,0.97953981,0.0,True,1.2822381820881645,1.1340378073544939
174,4409,317.33774,1075,3641.625,3.1083035,5,47.684826,1.1916713106045487,1.0232436296024887,2663.0528396151594,1.0684197,0.97336358,0.0,True,1.154695827423184,1.008279614721742
175,5299,320.03461,1075,3610.9375,3.0531735,5,48.838512,1.2017931057765319,1.0467386557176088,2744.5050467889355,1.0755348,0.99330044,0.0,True,1.1639156140435722,1.030707191002326
176,4322,357.61774,1075,3231.4531,3.0510283,5,366.12173,1.3428379026439252,1.0358950215209732,2993.9528956720646,1.0766457,0.92687201,0.0,True,1.2629802418507476,1.0031881180646813
177,16262,364.65112,1075,3169.125,3.0437465,5,318.34299,1.3692312283815675,1.202736176039117,3535.915926727607,1.08002,0.97698098,0.0,True,1.282467859867097,1.135009617227382
178,21,248.94583,1075,4642.0742,2.9442706,3,366.57709,0.9349556428494399,0.3660827295934897,780.5682100446813,0.96724933,0.23011053,0.0,True,0.944643748994608,0.3252910697154428
179,0,273.94342,1075,4218.4805,3.0006862,3,45.683834,1.028793612267963,0.0,189.88310920594893,0.96912438,0.0,0.0,True,1.010892842587574,0.0
180,13177,372.31265,1075,3103.9102,3.9945276,5,47.723461,1.3979809780403498,1.179685492423847,3531.899251629468,1.148898,1.0490832,0.0,True,1.3232560846282448,1.1405048046966928
181,13581,320.58533,1075,3604.7344,3.98948,6,100.72546,1.2038600289229777,1.1618474012256608,3050.8741091722586,1.078357,1.040284,0.0,True,1.1662091202460845,1.1253783808579625
182,9632,320.41693,1075,3606.6289,3.0318499,5,52.135849,1.2032280124735182,1.1198323239058277,2939.2017332163464,1.0773059,1.0244197,0.0,True,1.1654513787314627,1.0912085367340794
183,13529,372.10333,1075,3105.6562,3.0113568,5,34.055241,1.3971955389085506,1.1828809758232153,3539.7217209965343,1.1491867,1.0829915,0.0,True,1.3227928872359855,1.1529141330762507
184,852,276.68665,1075,4176.6562,2.9557872,3,35.524734,1.0390908395626082,0.8093994095283262,1867.61584973986,1.0231718,0.79960579,0.0,True,1.0343151276938258,0.8064613236698284
185,0,222.16565,1075,5201.6367,1.991627,2,108.42002,0.8344170873999521,0.0,153.9934939147676,0.92599428,0.0,0.0,True,0.8618902451799664,0.0
186,0,276.88916,1075,4173.6016,3.0363722,3,42.824791,1.0398509711993353,0.0,191.9249405816116,1.0227143,0.0,0.0,True,1.0347099698395348,0.0
187,12322,372.10144,1075,3105.6719,2.0116296,4,108.73773,1.3971884802580024,1.17126091214272,3504.9365299980896,1.1491867,1.0858639,0.0,True,1.3227879461806016,1.145641808499904
188,71470,399.72113,1075,2891.0781,4.0498438,6,316.81723,1.500824806320126,1.4023156115286817,4467.707470423534,1.2131722,1.3339915,0.0,True,1.4145290244240882,1.381818378070077
189,16273,370.63068,1075,3117.9961,3.0257418,5,261.2467,1.3916694892988803,1.2052492562324961,3594.148569884781,1.0783583,1.0456953,0.0,True,1.2976761325092163,1.1573830693627474
190,0,248.03789,1075,4659.0664,1.9792891,2,268.30856,0.931547205399498,0.0,171.92676412553786,0.96627444,0.0,0.0,True,0.9419653757796486,0.0
191,1933,275.61765,1075,4192.8555,2.9834425,3,51.805748,1.0350781758993841,0.9071540940770174,2085.8365068408325,0.96605194,0.86730754,0.0,True,1.014370305129569,0.8952001278539121
192,0,220.33315,1075,5244.8984,0.98039806,1,108.37022,0.8275371558750783,0.0,152.7233017063915,0.87702131,0.0,0.0,True,0.8423824021125548,0.0
193,23199,356.39853,1075,3242.5078,3.0578017,5,198.3837,1.338262579951726,1.2432744415825208,3582.500438918454,1.0798184,1.0519608,0.0,True,1.2607293259662082,1.1858803491077645
194,16633,306.55087,1075,3769.7656,2.0007205,4,19.810383,1.1511859006035525,1.180150449131608,2979.4488927299813,1.1504614,1.1418902,0.0,True,1.150968550422487,1.1686723743921257
195,20755,306.55087,1075,3769.7656,3.0348246,5,78.620125,1.1511859006035525,1.2070322242007925,3047.311478064841,1.1504614,1.1389337,0.0,True,1.150968550422487,1.1866026669405547
196,0,270.59833,1075,4270.6289,0.98136824,2,11.944345,1.0162369540452012,0.0,187.56446950372964,0.96784997,0.0,0.0,True,1.0017208588316409,0.0
197,1895,271.10892,1075,4262.5859,2.9954209,4,35.326889,1.0181535747940962,0.9029910671588851,2046.3379821677943,0.96863437,0.86740404,0.0,True,1.0032978133558674,0.8923149590112196
198,25131,306.64432,1075,3768.6172,2.9697404,5,85.44912,1.151536512139577,1.2303070278761472,3106.9009324575404,1.1504644,1.1336941,0.0,True,1.1512148784977039,1.201323149513303
199,7559,272.37241,1075,4242.8125,3.0046206,5,48.426304,1.022896389204823,1.0690638618296278,2432.4922799325586,1.0411997,0.97636598,0.0,True,1.028387382443376,1.0412544972807396
200,22876,354.75357,1075,3257.543,4.0284967,6,42.132988,1.332089614740931,1.2408310035589478,3560.9918679818975,1.0768756,1.0381187,0.0,True,1.2555254103186515,1.1800173124912634
201,520,354.8757,1075,3256.4219,3.0289273,4,47.635101,1.3325479365030963,0.773335897616802,2220.694165617163,1.0765659,0.90249729,0.0,True,1.2557533255521673,0.8120843153317614
202,11191,272.62891,1075,4238.8203,3.0033827,5,47.208336,1.0238593177601745,1.1161542010699876,2541.7312859490617,1.0408565,0.95025057,0.0,True,1.0289584724321221,1.0663831117489915
203,838,359.63928,1075,3213.2891,4.0921483,5,418.15912,1.3504239413810406,0.8336087721510578,2421.5958083310256,1.079931,0.85792756,0.0,True,1.2692760589667285,0.8409044085057404
204,3330,325.89609,1075,3545.9922,3.9857497,5,92.408241,1.2237916924116965,0.9922451837863466,2643.4500809786537,1.0786402,0.78188658,0.0,True,1.1802462446881876,0.9291376026504427
205,18112,365.22464,1075,3164.1484,1.965662,4,49.668755,1.3713834067605606,1.2163363919609242,3580.823215102453,1.0801927,0.9787215,0.0,True,1.2840261947323923,1.145051924372647
206,16210,364.38882,1075,3171.4062,3.0131931,4,47.081322,1.3682469578276801,1.202231742020446,3532.2055729273206,1.0800805,0.9725458,0.0,True,1.281797020479376,1.1333259594143121
207,71640,399.42538,1075,2893.2188,3.0207605,5,97.290115,1.4997151093041736,1.402483576685212,4465.350781301239,1.2141352,1.3342351,0.0,True,1.4140411365129215,1.3820090336796484
208,28159,307.38477,1075,3759.5391,2.0027401,4,92.699844,1.1543156308282156,1.2444850422551177,3149.3700849676893,1.1493578,1.1167369,0.0,True,1.152828281579751,1.2061605995785825
209,15428,306.48007,1075,3770.6367,2.0488319,4,49.24308,1.150920092332638,1.170986500980076,2955.714925457903,1.1492701,1.1001697,0.0,True,1.1504250946328467,1.1497414606860532
210,18664,306.49722,1075,3770.4258,2.9918838,4,45.144329,1.1509844352939953,1.194113352438582,3014.2343333215986,1.148488,1.0935415,0.0,True,1.1502355047057966,1.1639417967070074
211,2048,241.88748,1075,4777.5312,2.9794569,4,48.822678,0.9084580050657475,0.9000036464829162,1844.5359754985375,1.0216064,0.863864,0.0,True,0.9424025235460233,0.8891617525380413
212,571,277.89624,1075,4158.4766,2.9714427,3,51.434448,1.0436312462619062,0.7618699913730844,1764.8872613447313,0.96823478,0.65867484,0.0,True,1.0210123063833343,0.7309114459611591
213,759,287.73563,1075,4016.2734,1.9845054,3,154.06084,1.0805644481785381,0.7993051208944062,1909.0204090433479,0.97089285,0.63127178,0.0,True,1.0476629687249768,0.7488951186260843
214,0,271.03091,1075,4263.8125,2.0326715,3,138.25143,1.0178608129404418,0.0,187.86431111109627,1.0164304,0.89520776,10.794919852511306,True,1.0174316890583093,0.2685623280000001
215,5413,343.16284,1075,3367.5703,4.2795734,6,197.77882,1.2885926075207568,1.0583424508951096,2950.1462824677187,1.1394091,1.1402073,0.0,True,1.2438375552645298,1.0829019056265767
216,1943,239.202,1075,4831.168,2.9762573,3,41.793892,0.8983762573743554,0.892619182954466,1811.4808736822813,1.0227987,0.78888023,0.0,True,0.9357029901620488,0.8614974970681262
217,0,196.4276,1075,5883.2109,0.98083514,1,32.570091,0.7377821207905223,0.0,136.1532371241567,,,,False,0.7377821207905223,0.0
218,0,305.96973,1075,3776.9258,1.013585,2,8.8426647,1.1490046666440232,0.0,212.08205568618772,,,,False,1.1490046666440232,0.0
219,5817,306.31219,1075,3772.7031,3.2680774,5,33.509987,1.150290039791871,1.0524953855144439,2655.3847524286975,1.1488782,1.1488916,0.0,True,1.1498664878543097,1.0814142498601107
220,11493,306.54803,1075,3769.8008,2.7339082,5,70.734749,1.1511751572621487,1.135267761839895,2866.1221340279753,1.1504612,1.1470377,0.0,True,1.1509609700835042,1.1387987432879265
221,0,327.06055,1075,3533.3672,2.2686534,3,40.352219,1.2281619230674252,0.0,226.701098104885,1.1433542,1.1391933,3.1547578655522437,True,1.2027196061471976,0.34175799000000007
222,10832,372.10144,1075,3105.6719,2.9975643,5,169.36674,1.3971884802580024,1.1552361432724432,3456.9878199349073,1.1491867,1.0894527,0.0,True,1.3227879461806016,1.1355011102907102
223,14274,370.63345,1075,3117.9727,2.9829743,5,51.222042,1.3916799269113793,1.1889614636555368,3545.603776265065,1.0783583,1.0283651,0.0,True,1.2976834388379654,1.140782554558876
224,8749,325.67368,1075,3548.4141,4.0579176,6,106.08678,1.222956888071591,1.1102992883631988,2956.1150006849557,1.0782672,0.99800617,0.0,True,1.1795499816501138,1.0766113528542391
225,10799,326.44846,1075,3539.9922,4.0193315,6,104.73007,1.225864748968532,1.1363773099181917,3031.8554691762984,1.0776799,0.99886101,0.0,True,1.1814092942779721,1.0951224199427343
226,12325,370.05441,1075,3122.8516,3.0132473,5,47.918736,1.3895070662240403,1.1704890421552068,3485.7450028603457,1.0776969,1.018706,0.0,True,1.2959640163568282,1.1249541295086447
227,11537,326.45709,1075,3539.8984,4.0071726,6,104.41376,1.225897213511686,1.1444688688885292,3053.5124350450765,1.0776799,0.99734163,0.0,True,1.18143201945818,1.1003306972219704
228,10043,369.79028,1075,3125.082,2.0510519,4,45.757812,1.388515996415028,1.1449465696628718,3407.5546683763982,1.0773703,1.0065786,0.0,True,1.2951722874905196,1.1034361787640101
229,9285,372.06213,1075,3106.0,3.0136843,5,96.949318,1.3970409842668914,1.1360605674380142,3399.2975995816964,1.1491861,1.091319,0.0,True,1.322684518986824,1.12263809720661
230,13685,371.89142,1075,3107.4258,4.0030723,6,96.312645,1.3964003833445706,1.1842226964195532,3541.968915483901,1.0756189,1.0192511,0.0,True,1.3001659383411994,1.1347312174936872
231,705,282.2012,1075,4095.0391,3.9889112,5,104.19852,1.0597905641421628,0.7885798455079299,1851.5307271528118,1.0244027,0.85738623,0.0,True,1.0491742048995139,0.809221760855551
232,0,215.9427,1075,5351.5352,2.0337853,3,23.979971,0.8110534846397383,0.0,149.68007366750209,0.93925554,0.0,0.0,True,0.8495141012478168,0.0
233,0,272.37213,1075,4242.8164,1.9680984,3,38.398643,1.0228954494007088,0.0,188.79397397260692,1.0412,1.0082603,3.442252111674122,True,1.0283868145804962,0.3024780900000001
234,2131,240.43295,1075,4806.4336,3.99895,5,41.867619,0.9029974707566926,0.9040473330623361,1842.9870174519863,1.0324097,0.91349596,0.0,True,0.9418211395296848,0.9068819211436352
235,5700,272.36765,1075,4242.8867,4.0329614,6,46.408291,1.0228785091252255,1.0352766688874289,2355.591304891424,1.0412,0.98918921,0.0,True,1.0283749563876579,1.0214504312212003
236,0,217.47281,1075,5313.8828,2.0319018,3,49.854214,0.8167981767960532,0.0,150.74066509994867,,,,False,0.8167981767960532,0.0
237,0,240.42435,1075,4806.6055,2.0050569,3,101.6943,0.9029651900330561,0.0,166.6494603404575,,,,False,0.9029651900330561,0.0
238,0,217.5654,1075,5311.6211,1.9960976,2,146.73395,0.8171458403576232,0.0,150.80484359739674,,,,False,0.8171458403576232,0.0
239,26219,307.16168,1075,3762.2695,2.0377047,4,80.300011,1.1534783519356142,1.2357060093294985,3125.1599632866055,1.1497252,1.129457,0.0,True,1.15235240635493,1.203831306530649
240,3758,270.7796,1075,4267.7695,3.1080709,5,47.920322,1.016917512549916,0.9847311077902586,2229.104846858349,1.0349295,0.89869803,0.0,True,1.0223211087849413,0.9589211844531811
241,27470,307.43713,1075,3758.8984,1.9858539,4,94.885262,1.1545122779975918,1.2415018463086536,3142.291104911905,1.1493592,1.1223946,0.0,True,1.1529663545983142,1.2057696724160576
242,3504,349.05191,1075,3310.7539,3.1130071,5,59.708611,1.310693009553622,1.0069220322842725,2849.042343267541,1.0731659,1.0222793,0.0,True,1.2394348766875354,1.0115292125989908
243,1549,235.96278,1075,4897.4883,3.9523149,5,55.280571,0.886215684830087,0.8645324570678322,1733.5371760044898,0.97060305,0.825405,0.0,True,0.9115318943810609,0.8527942199474826
244,300,297.20386,1075,3888.3242,3.9950933,5,47.042934,1.1161032232484631,0.6903897608158419,1697.1609518120983,1.0743848,0.63421965,0.0,True,1.1035876962739242,0.6735387275710893
245,37,267.58951,1075,4318.6484,3.0485482,4,355.99194,1.0049425403607242,0.4345258327900301,980.3306657426256,1.0287585,0.30367061,0.0,True,1.012087328252507,0.3952692659530211
246,2507,236.13493,1075,4893.918,3.0024045,5,48.510433,0.886861948893241,0.9212462393351413,1848.3791163464668,0.9708038,0.85139334,0.0,True,0.9120445042252687,0.900290369534599
247,1711,348.20807,1075,3318.7773,2.0199847,4,100.37037,1.3075262165582433,0.9182515013577446,2592.7578109485503,1.0731268,1.0199231,0.0,True,1.2372063915907703,0.9487529809504212
248,3715,297.50006,1075,3884.4531,2.9897726,5,354.76126,1.11721491740155,0.9945428176913494,2445.650463903763,1.0748564,0.90800714,0.0,True,1.104507362181085,0.9685821143839446
249,7587,369.31342,1075,3129.1172,1.9988735,4,109.89697,1.3867265585272561,1.1099276674912977,3299.6141722904335,1.0767214,0.97557992,0.0,True,1.2937250109690792,1.0696233432439084
250,1919,275.39468,1075,4196.25,2.9935567,3,54.162655,1.0342412622167567,0.9061953096824481,2082.149337828275,0.96540624,0.86721706,0.0,True,1.0135907555517296,0.8945018347777136
251,0,219.14058,1075,5273.4414,1.0048054,1,140.35342,0.823059730907351,0.0,151.89667517327115,0.87456357,0.0,0.0,True,0.8385108826351457,0.0
252,1129,282.18021,1075,4095.3438,5.5272164,6,103.94786,1.0597117525508837,0.8451174652793203,1983.968839090517,1.0244021,0.76273215,0.0,True,1.0491188567856187,0.8204018706955243
253,12613,371.64383,1075,3109.4961,2.7880569,5,45.500568,1.3954712586981866,1.1739837041316858,3509.299586568299,1.0752809,1.0119653,0.0,True,1.2994141510887305,1.12537818289218
254,7863,371.85635,1075,3107.7188,3.5384245,5,142.57024,1.396268813470047,1.115316005786095,3335.6175813199698,1.1494781,1.0987322,0.0,True,1.322231599429033,1.1103408640502663
255,10136,371.29959,1075,3112.3789,2.2369823,4,31.240862,1.3941795518526978,1.1466715263775256,3424.8845050078235,1.0749432,0.99248099,0.0,True,1.2984086462968885,1.100414365464268
256,802,289.09738,1075,3997.3555,2.8127024,3,15.747529,1.0856757742845062,0.8063953483478884,1933.945621969554,0.98619992,0.79675257,0.0,True,1.0558330179991544,0.8035025148435219
257,0,237.39482,1075,4867.9453,1.7674181,2,25.687359,0.891591817078828,0.0,164.54955016253572,0.90790665,0.0,0.0,True,0.8964862669551796,0.0
258,26,275.88806,1075,4188.7461,2.9503152,3,13.295956,1.036093162289526,0.39514293069420137,919.3154378354873,0.96309584,0.42013681,0.0,True,1.0141939656026682,0.40264109448594093
259,8861,371.30518,1075,3112.332,2.0176926,4,43.646683,1.3942005473730799,1.1299633164642076,3375.0306341942064,1.0749433,0.9763943,0.0,True,1.2984233731611559,1.0838926115249454
260,0,276.44696,1075,4180.2773,3.538712,3,23.359047,1.0381911737659046,0.0,191.61843089836796,1.0679184,0.0,0.0,True,1.0471093416361332,0.0
261,843,288.93448,1075,3999.6094,2.8962936,3,56.38023,1.0850642691666754,0.8123441535828753,1947.2267239703988,0.98195255,0.79623711,0.0,True,1.0541307534166728,0.8075120405080127
262,23,234.16994,1075,4934.9844,1.9427629,2,23.051844,0.8794849299304042,0.37368151202520905,753.7639587768371,0.89751971,0.23527752,0.0,True,0.8848953639512829,0.3321603144176464
263,32,276.94305,1075,4172.7891,3.030302,3,50.947556,1.0400533476293445,0.4193934238159468,976.6010390867999,0.96369201,0.46176735,0.0,True,1.017144946340541,0.43210560167116274
264,72228,398.29501,1075,2901.4297,2.0220385,4,99.064247,1.4954739145574967,1.4030107427543717,4455.969535963533,1.2150968,1.3363179,0.0,True,1.4113607801902477,1.3830028899280602
265,9,241.25586,1075,4790.0391,3.0258489,4,50.215279,0.9060868011493267,0.27169402244692686,578.5062862289055,1.0202985,0.3008604,0.0,True,0.9403503108045287,0.2804439357128488
266,5124,297.48898,1075,3884.5977,3.0211904,4,44.927349,1.1171733516698934,1.0334326483695462,2541.174936078301,1.0748562,0.9424895,0.0,True,1.1044782061689253,1.0061497038586824
267,66200,398.23444,1075,2901.8711,2.0143404,4,50.753536,1.4952465965522708,1.3920554274874815,4420.587842511753,1.2150959,1.3364149,0.0,True,1.4112013875865894,1.375363269241237
268,10,276.46609,1075,4179.9883,3.9813087,4,49.700409,1.0382629188851387,0.28755944335835626,686.9924254818878,0.9668358,0.22664015,0.0,True,1.016834783219597,0.26928365535084936
269,3996,293.80481,1075,3933.3086,2.994885,4,50.683052,1.103345079240164,1.0018483572866268,2436.6847394978968,1.0744179,0.93658018,0.0,True,1.0946669254681147,0.9822679041006388
270,0,231.36902,1075,4994.7266,2.0067692,2,24.694437,0.8689695728202337,0.0,160.3727838819176,0.9646371,0.0,0.0,True,0.8976698309741636,0.0
271,64438,398.22104,1075,2901.9688,1.9978139,4,49.515961,1.495196291055709,1.388666570683592,4409.696639435418,1.2150958,1.3367777,0.0,True,1.4111661437389964,1.3730999094785143
272,1433,287.93866,1075,4013.4414,3.0038333,4,130.8063,1.0813265458441252,0.8758845826835446,2093.0031213591287,0.97126424,0.79675138,0.0,True,1.0483078540908877,0.8521446218784812
273,5866,368.26114,1075,3138.0586,3.0286708,5,130.52216,1.3827778179367414,1.077590548927909,3195.5010253117644,1.0751706,0.94410235,0.0,True,1.290495652555719,1.0375440892495362
274,739,236.08858,1075,4894.8789,3.0026052,5,51.451263,0.8866879226074998,0.7775678768986933,1560.0734842652653,0.97065508,0.74994314,0.0,True,0.9118780698252499,0.7692804558290853
275,310,297.03259,1075,3890.5664,3.9994655,5,47.332958,1.1154603243509214,0.6942950033933445,1705.8591112533072,1.0757135,0.78035289,0.0,True,1.103536277045645,0.7201123693753411
276,1119,293.51419,1075,3937.2031,3.0191462,4,347.23688,1.1022542552074805,0.8480606985547178,2061.0497220171223,1.0739365,0.81964296,0.0,True,1.0937589286452365,0.8395353769883025
277,0,348.03601,1075,3320.418,0.99312216,2,24.124832,1.306880524696621,0.0,241.24017906483292,,,,False,1.306880524696621,0.0
278,2680,236.43423,1075,4887.7227,3.9614942,5,53.763454,0.8879856068528177,0.9292356119573363,1866.4870127994852,0.97102541,0.64930403,0.0,True,0.9128975477969724,0.8452561373701354
279,0,196.32033,1075,5886.4258,0.98183095,2,3.7582836,0.7373793143664132,0.0,136.07888322609804,,,,False,0.7373793143664132,0.0
280,5122,297.01648,1075,3890.7773,3.9936042,5,396.71021,1.1153998917691743,1.0331868888556406,2537.0228939780645,1.0757132,0.90077794,0.0,True,1.103493884238422,0.9934642041989484
281,269,231.09215,1075,5000.7109,3.0453668,4,50.435032,0.8679301014778804,0.6572510703371559,1294.605682872555,0.96936405,0.31945223,0.0,True,0.8983602860345163,0.5559114182360091
282,102,193.68102,1075,5966.6406,2.0836997,3,347.16623,0.7274693971524268,0.5330680205040031,899.5303666244181,1.0281401,0.34660447,0.0,True,0.8176706080066988,0.4771289553528022
283,60351,397.9425,1075,2904.0,2.0355117,4,33.059669,1.4941511972131791,1.3803284368216013,4380.537484214101,1.2153498,1.3369817,0.0,True,1.4105107780492254,1.367324415775121
284,52201,390.86829,1075,2956.5586,2.991327,4,52.537201,1.4676076989320066,1.3590834650292671,4245.961288269603,1.0836807,1.0285007,0.0,True,1.3524295992524045,1.259908635520487
285,54452,390.86673,1075,2956.5703,3.0209756,5,51.423096,1.4676018951118042,1.3643646889362926,4262.445306512559,1.0836807,1.0285298,0.0,True,1.352425536578263,1.2636142222554048
286,22157,397.92642,1075,2904.1172,1.9775081,4,67.680435,1.494090940001146,1.254678087908568,3981.6513659612915,1.2156126,1.3372858,0.0,True,1.410547438000802,1.2794604015359976
287,6818,293.56778,1075,3936.4844,3.9799356,5,48.293297,1.1024553960659331,1.0662732088832423,2591.503265098621,1.0818319,0.99577814,0.0,True,1.0962683472461532,1.0451246882182696
288,1954,234.14325,1075,4935.5469,2.9715931,4,47.272045,0.8793847363964276,0.8910405810482296,1774.491345633022,0.97026688,0.86746931,0.0,True,0.9066493794774994,0.8839691997337606
289,0,193.68126,1075,5966.6328,0.9597916,1,109.34657,0.7274703478326725,0.0,134.2496192962977,0.8821196,0.0,0.0,True,0.7738651234828707,0.0
290,11616,396.7662,1075,2912.6094,1.800122,4,63.456245,1.489737657163083,1.1732789457432786,3713.854986037252,1.2161146,1.3376422,0.0,True,1.407650740014158,1.222587922020295
291,0,299.43744,1075,3859.3203,3.5584645,4,3.1002893,1.124486714842459,0.0,207.55421729008776,1.0475742,0.48090929,9.383170048748383,True,1.1014129603897214,0.144272787
292,7760,310.2915,1075,3724.3203,4.3248043,6,46.793385,1.165225485072096,1.0891866668093193,2779.279510831371,1.0740813,1.0514561,0.0,True,1.1378822295504671,1.0778674967665236
293,0,293.56631,1075,3936.5039,2.0184276,3,269.45999,1.1024499376784922,0.0,203.48466008388687,,,,False,1.1024499376784922,0.0
294,0,8.0629921,2,0.49609375,0.49785995,1,28.947687,0.920396804003884,0.0,5.588840240992113,1.0097826,0.95205516,9.985608391486995,True,0.9472125428027188,0.285616548
295,0,8.0629921,2,0.49609375,0.49785995,1,23.378616,0.920396804003884,0.0,5.588840240992113,0.95833325,0.91818893,10.27698462522268,True,0.9317777378027188,0.27545667900000004
296,0,297.45996,1075,3884.9766,4.1355805,4,1.1301254,1.1170644503240639,0.0,206.1835326034741,1.0475742,0.48090929,8.338495174979396,True,1.0962173752268447,0.144272787
297,0,213.94798,1075,5401.4297,3.3665118,4,2.7047191,0.8035643323168429,0.0,148.29743912349556,1.0475742,0.48090929,6.631142925580773,True,0.87676729262179,0.144272787
298,0,395.30243,1075,2923.3945,1.2573994,2,19.94347,1.4842454168494192,0.0,274.0027648229951,1.2166107,1.3370907,0.2661824412920199,True,1.4039550017945934,0.40112721000000007
299,0,-1.0,1,-1.0,0.0,0,112.23142,1.0,0.0,-0.6931471805599453,,,,False,1.0,0.0
300,0,273.05469,1075,4232.2109,4.4585991,4,0.75321585,1.0254575130165335,0.0,189.2670885121699,1.0475742,0.48090929,8.04642460921202,True,1.0320925191115735,0.144272787
301,115,281.68881,1075,4102.4883,5.5361576,6,105.73518,1.057867159495009,0.5713394834886096,1341.4511087061976,1.0250689,0.8826794,0.0,True,1.0480276816465064,0.6647414584420268
302,7732,370.40329,1075,3119.9102,2.9890144,5,20.541754,1.3908162313898391,1.1126861667220749,3316.3619539157903,1.0736148,0.95692164,0.0,True,1.2956558019728874,1.0659568087054523
303,7560,370.94901,1075,3115.3203,3.5511751,6,94.149025,1.3928640502875174,1.1100936588812036,3312.9051690999786,1.1509547,1.1111636,0.0,True,1.320291245201262,1.1104146412168425
304,833,281.96103,1075,4098.5273,4.0257325,5,103.56961,1.058889030954994,0.808527547526093,1896.8735783936236,1.0243534,0.73911148,0.0,True,1.0485283416684958,0.7877027272682652
305,60147,391.20633,1075,2954.0039,4.0124035,6,108.58508,1.4688760657932483,1.3769591248610151,4305.061392610081,1.0837727,1.031666,0.0,True,1.3533450560552738,1.2733711874027105
306,6285,369.64014,1075,3126.3516,4.0294633,6,96.099617,1.3879524856162262,1.08666112730776,3232.9611150314145,1.0722719,0.91833812,0.0,True,1.2932483099313583,1.036164225115432
307,66925,391.32068,1075,2953.1406,3.9930043,6,103.88359,1.4693051759031357,1.3903708157008596,4348.1040712909935,1.0839033,1.0398694,0.0,True,1.3536846131321951,1.2852203909906017
308,9326,374.86395,1075,3082.7852,3.0020068,5,96.055351,1.4075545289511564,1.1376686559811375,3426.5473631589884,1.0772632,0.94093126,0.0,True,1.3084671302658095,1.0786474371867962
309,72805,391.32947,1075,2953.0742,4.0021372,6,103.83266,1.4693381909332424,1.400912119722869,4381.155450498514,1.0839033,1.0389122,0.0,True,1.3537077236532697,1.2923121438060083
310,0,369.51547,1075,3127.4062,2.0173807,3,152.33463,1.3874847500147147,0.0,256.128606203783,,,,False,1.3874847500147147,0.0
311,0,367.92267,1075,3140.9453,2.004977,3,152.0327,1.3815077784209284,0.0,255.02456137458717,,,,False,1.3815077784209284,0.0
312,0,369.50348,1075,3127.5078,2.0026102,3,152.6414,1.3874397050876495,0.0,256.1202953690881,,,,False,1.3874397050876495,0.0
313,0,374.69635,1075,3084.1641,1.99885,3,158.13385,1.4069256327301256,0.0,259.71971856860245,,,,False,1.4069256327301256,0.0
314,0,210.38618,1075,5492.875,2.021488,2,2.9817486,0.7901914746198045,0.0,145.82858749577716,,,,False,0.7901914746198045,0.0
315,0,261.21332,1075,4424.0664,1.0255936,2,33.601559,0.9810072842787669,0.0,181.05927628270277,,,,False,0.9810072842787669,0.0
316,0,349.02145,1075,3311.043,2.1101277,3,4.6980371,1.3105786369514365,0.0,241.92323402244392,,,,False,1.3105786369514365,0.0
317,0,397.19876,1075,2909.4375,1.0018177,2,39.488163,1.4913606694636234,0.0,275.31720061590636,1.2109817,1.3256663,0.6119993295951118,True,1.4072469786245363,0.39769989000000006
318,3824,262.45471,1075,4403.1406,3.1489978,5,51.889408,0.9856673766783968,0.9831432688597911,2165.1398536165084,1.1299601,1.1405301,0.0,True,1.0289551936748778,1.0303593182018538
319,0,273.05997,1075,4232.1289,2.1003339,3,27.996744,1.0254773724771342,0.0,189.27074832928326,,,,False,1.0254773724771342,0.0
320,2760,397.19876,1075,2909.4375,2.0117354,4,15.265863,1.4913606694636234,0.9933058632045483,3147.287919251767,1.2109817,1.3257699,0.0,True,1.4072469786245363,1.0930450742431839
321,9530,349.47372,1075,3306.7578,2.9226451,5,38.550423,1.3122759783449542,1.1305025141367577,3202.021450326864,1.1156423,1.0976152,0.0,True,1.253285874841468,1.1206363198957303
322,3824,266.12094,1075,4342.4805,3.0066159,3,42.033443,0.9994298234510429,0.9847702610924549,2195.384693518694,0.99666154,0.92092103,0.0,True,0.99859933841573,0.9656154917647184
323,1914,212.65002,1075,5434.3984,2.1235261,2,14.782246,0.798691166398235,0.8786680275371459,1607.207779091475,0.89878339,0.86255407,0.0,True,0.8287188334787645,0.8738338402760021
324,0,174.55078,1075,6620.5664,1.105476,1,15.759057,0.6556375756536769,0.0,120.98938102153929,0.81228548,0.0,0.0,True,0.7026319469575738,0.0
325,17082,350.36234,1075,3298.3711,2.9937079,5,83.004402,1.3156106533297116,1.2028791721239078,3414.59549973444,1.1152332,1.0909586,0.0,True,1.255497417330798,1.1693030004867353
326,0,360.65909,1075,3204.2031,1.0019428,2,130.07417,1.354250882952954,0.0,249.98983137681554,1.0748864,0.83621699,7.50369416277165,True,1.2704415380670677,0.25086509700000004
327,3521,301.56891,1075,3832.043,3.9956894,5,125.01477,1.1324868758909326,0.9896810108610127,2462.933848438053,1.0754167,0.87550849,0.0,True,1.1153658231236527,0.9554292546027088
328,904,301.3551,1075,3834.7617,3.9878316,5,126.7907,1.1316844043510699,0.8249397963976035,2051.9387209765127,1.0749531,0.73320782,0.0,True,1.114665013045749,0.7974202034783224
329,19176,351.2171,1075,3290.3438,3.0570636,5,52.167225,1.3188183382007366,1.2175163562598683,3463.5341285570835,1.114835,1.0890784,0.0,True,1.2576233367405156,1.1789849693819079
330,0,267.56943,1075,4318.9727,1.99663,2,77.027145,1.0048671168650287,0.0,185.46499600853164,0.99455261,0.0,0.0,True,1.0017727648055201,0.0
331,22628,351.22586,1075,3290.2617,3.679522,6,70.663666,1.318851225922137,1.2379556726870893,3521.752845646768,1.1148351,1.0854307,0.0,True,1.257646388145496,1.1921981808809625
332,0,356.91534,1075,3237.8125,2.0042899,3,283.81244,1.3402020577121356,0.0,247.39486161959428,1.0887327,1.050796,6.649764730945103,True,1.2647612503984949,0.31523880000000004
333,0,253.67818,1075,4555.4766,2.0064433,3,279.81699,0.9527209375252741,0.0,175.8363152365783,0.99979156,0.96023858,8.909626912956405,True,0.9668421242676919,0.28807157400000005
334,2262,361.01074,1075,3201.082,2.0219228,4,124.04636,1.355570472158221,0.9569218951475058,2788.767691897468,1.0752566,0.89950126,0.0,True,1.2714763105107547,0.9396957046032541
335,1772,301.22745,1075,3836.3867,7.3100009,7,123.92366,1.1312053001594389,0.9063815273584575,2253.4801926911714,1.0733731,0.8547129,0.0,True,1.1138556401116073,0.8908809391509203
336,2921,313.69855,1075,3683.8711,5.9706664,7,85.266716,1.1780128119785573,0.9716884142482023,2503.429168985039,1.0935533,0.99423021,0.0,True,1.1526749583849902,0.9784509529737415
337,1953,301.30261,1075,3835.4297,4.2776413,6,127.36246,1.131487406557962,0.9181873699943368,2283.315009799668,1.0729088,0.71880937,0.0,True,1.1139138245905733,0.8583739699960358
338,20926,350.6817,1075,3295.3672,5.133213,7,50.149467,1.316809174028752,1.2280670206139723,3488.8772654363506,1.1143602,1.0521424,0.0,True,1.2560744818201264,1.1752896344297805
339,6094,361.9046,1075,3193.1758,1.9978365,4,28.771767,1.3589247199172887,1.0799921812997137,3154.139043222178,1.076055,0.93493152,0.0,True,1.2740638039421022,1.0364739829097998
340,0,268.17361,1075,4309.2422,3.7524071,3,76.905075,1.0071351080905404,0.0,185.88378167208234,0.99590796,0.0,0.0,True,1.0037669636633781,0.0
341,2014,319.8858,1075,3612.6172,5.1903872,6,105.86073,1.2012346367138125,0.9286412663587648,2433.9696683153497,1.0759236,0.788046,0.0,True,1.1636413256996687,0.8864626864511354
342,25243,352.40906,1075,3279.2148,4.3753848,6,61.302383,1.3232914160638,1.2519764198327659,3572.1533441348206,1.1133484,1.0390491,0.0,True,1.2603085112446601,1.188098223882936
343,4512,327.44681,1075,3529.1992,4.0058851,5,109.73623,1.2296115662638059,1.0299940220749288,2755.4449179379826,1.0372857,0.6783396,0.0,True,1.1719138063846641,0.9244976954524502
344,0,386.17123,1075,2992.5195,1.0208843,2,24.60952,1.449983337594395,0.0,267.67349928786615,1.0826784,0.85764122,13.97025573345123,True,1.3397918563160764,0.25729236600000005
345,0,395.08337,1075,2925.0156,2.0262446,3,19.616735,1.4834233815158,0.0,273.85092400162165,1.1572285,1.1639007,14.623433422730372,True,1.38556491706106,0.34917021000000004
346,2497,308.64313,1075,3744.2109,4.0221572,5,106.91691,1.15903869136185,0.9507190582137653,2414.714568104663,1.0357869,0.82051277,0.0,True,1.122063153953295,0.9116571717496358
347,1845,308.04761,1075,3751.4492,3.0743287,5,50.240299,1.1568035552743057,0.9137472239285453,2316.9240278504035,1.0368984,0.86692929,0.0,True,1.120832008692014,0.8997018437499817
348,2391,395.56989,1075,2921.418,2.8697276,5,69.29631,1.485248903544241,0.9748190191317754,3077.653636650575,1.1571938,1.1640724,0.0,True,1.3868323724809688,1.0315950333922428
349,0,281.40158,1075,4106.6758,1.9992213,2,46.145943,1.0567889973459328,0.0,195.0527117821139,1.0312514,0.0,0.0,True,1.049127718142153,0.0
350,5318,386.74017,1075,2988.1172,3.0033984,5,244.02563,1.4521181240325625,1.0719242061374898,3317.9323204013635,1.0831399,0.94100845,0.0,True,1.3414246568227937,1.0326494792962428
351,0,240.14508,1075,4812.1953,3.9795439,4,266.48358,0.9019167500540534,0.0,166.4558851273425,0.93859822,0.0,0.0,True,0.9129211910378374,0.0
352,5017,317.33875,1075,3641.6133,4.1300654,5,49.514935,1.1916751371781134,1.038992923095103,2704.0390427246098,1.0960075,1.0039486,0.0,True,1.1629748460246794,1.028479626166572
353,64994,401.81894,1075,2875.9844,1.4444071,4,72.952026,1.508695939804781,1.391311648174915,4452.990043838709,1.2121549,1.3290707,0.0,True,1.4197336278633466,1.3726393637224406
354,1421,314.93314,1075,3669.4297,4.1770644,5,99.265427,1.1826464712374851,0.8844153519406225,2286.579179857395,1.0792348,0.91459376,0.0,True,1.1516229698662397,0.8934688743584358
355,67413,401.09439,1075,2881.1797,2.3354683,4,130.32396,1.5059773690490046,1.3955835124741331,4459.617239259702,1.2121433,1.3290431,0.0,True,1.4178271483343032,1.375621388731893
356,2078,317.79999,1075,3636.3281,4.7953024,6,42.674454,1.193406218395064,0.9317143293971386,2428.031067881355,1.0749431,0.87239701,0.0,True,1.1578672828765448,0.913919133577997
357,2950,306.30014,1075,3772.8516,2.4740803,4,42.737541,1.1502447881928652,0.9700740113952927,2447.4110749194933,1.0895236,0.90349281,0.0,True,1.1320284317350056,0.9500996509767049
358,4639,331.07907,1075,3490.4805,1.0977107,3,64.197861,1.2432434137002335,1.034787093082801,2795.196344202789,1.1138279,0.92424363,0.0,True,1.2044187595901634,1.0016240541579606
359,3,295.12787,1075,3915.6758,4.1194582,4,21.025505,1.1083110499091064,0.16755820891221118,474.98998299392247,1.0733864,0.10400788,0.0,True,1.0978336549363745,0.14849311023854783
360,70566,401.10147,1075,2881.1289,3.5539861,5,25.781292,1.5060039039883018,1.401324018049337,4478.030002012806,1.2121434,1.3291647,0.0,True,1.4178457527918111,1.3796762226345358
361,6316,342.43317,1075,3374.7461,4.9855976,5,33.444569,1.2858542663605945,1.0770508970174801,2996.6867687286012,1.1263738,0.94369835,0.0,True,1.2380101264524161,1.037045132912236
362,1272,301.24063,1075,3836.2188,5.4728866,6,127.34063,1.1312547838860822,0.8662438684578909,2153.8454521640433,1.0729779,0.86320454,0.0,True,1.1137717187202576,0.8653320699205236
363,0,377.7811,1075,3058.9805,2.0031555,3,273.8363,1.4185008297509567,0.0,261.8579043338347,1.149879,1.1556406,11.939115086705469,True,1.3379142808256699,0.34669218
364,0,383.87476,1075,3010.4219,2.0010858,3,268.8761,1.4413662903929554,0.0,266.08170758212566,1.0953485,0.79501355,14.160627683395441,True,1.3375609532750687,0.23850406500000002
365,4824,327.72174,1075,3526.2383,4.0021534,6,72.919952,1.2306434571331246,1.0382831304944313,2779.661486525189,1.0386868,0.90784538,0.0,True,1.1730564599931872,0.9991518053461019
366,6065,327.98843,1075,3523.3711,4.0055537,6,73.209435,1.2316443449319416,1.0664089679423958,2856.982423297135,1.0389289,0.92806059,0.0,True,1.1738297114523593,1.024904454559677
367,7175,327.98917,1075,3523.3633,3.999099,6,102.0451,1.2316470699917648,1.086982500459658,2912.096697521089,1.0390995,0.94144094,0.0,True,1.1738827989942355,1.0433200323217606
368,5150,253.76521,1075,4553.9141,2.9924836,5,256.68182,0.9530476834717974,1.0145464596781189,2168.966844953711,0.99979204,0.9443844,0.0,True,0.9670709904302581,0.9934978417746831
369,2639,383.87476,1075,3010.4219,3.985682,6,213.32057,1.4413662903929554,0.9834851901683473,3024.515803268963,1.0953485,0.88920534,0.0,True,1.3375609532750687,0.9552012351178432
370,0,221.56168,1075,5215.8164,1.0432904,2,179.35559,0.8321495135592542,0.0,153.57485381212481,0.88101256,0.0,0.0,True,0.846808427491478,0.0
371,3494,377.7753,1075,3059.0273,4.0065794,6,322.38303,1.4184791423132679,1.0164767562898347,3082.410238997758,1.1498787,1.1539681,0.0,True,1.3378990096192875,1.0577241594028843
372,0,226.41278,1075,5104.0625,0.99444675,2,88.976479,0.8503623641703364,0.0,156.93738009973916,0.88969165,0.0,0.0,True,0.8621611499192354,0.0
373,728,257.09882,1075,4494.8672,4.2709608,4,52.855869,0.9655618424981505,0.7836633817819361,1695.0639699354701,1.0095208,0.82664788,0.0,True,0.9787495297487054,0.7965587312473553
374,95,232.08798,1075,4979.2539,1.258635,2,55.775249,0.8716687537452164,0.536121969811945,1061.7354300846735,0.95582998,0.703529,0.0,True,0.8969171216216514,0.5863440788683615
375,275,256.58173,1075,4503.9258,2.6420636,3,44.215977,0.9636207012333622,0.6680320123925398,1443.020141287833,0.94154888,0.31773645,0.0,True,0.9569991548633535,0.5629433436747778
376,8354,363.20242,1075,3181.7656,1.7904081,4,83.552071,1.363794928590691,1.119571714808684,3279.984850935086,1.0775561,0.9563809,0.0,True,1.2779232800134837,1.0706144703660787
377,0,257.56393,1075,4486.75,3.1515937,3,21.971024,0.9673079095742687,0.0,178.52971189343913,1.0203511,0.0,0.0,True,0.9832208667019882,0.0
378,31505,362.1496,1075,3191.0156,2.3134568,5,26.641516,1.3598440856666965,1.283664563756578,3751.1328896574087,1.1135514,1.0346118,0.0,True,1.2859562799666875,1.2089487346296046
379,1269,298.13684,1075,3876.1562,4.0995831,5,50.98312,1.119605079109887,0.864873488815603,2130.950734825127,1.0875423,0.88674217,0.0,True,1.109986245376921,0.8714340931709221
380,1367,289.5654,1075,3990.8945,2.3007936,4,10.94817,1.087432532740722,0.8707972088550693,2091.19377948398,0.99194908,0.79327875,0.0,True,1.0587874969185054,0.8475416711985485
381,31709,356.93472,1075,3237.6367,4.4855509,5,60.891872,1.3402747842378433,1.2821618337266156,3699.4209590437176,1.1038262,1.0185555,0.0,True,1.2693402089664905,1.203079933608631
382,3225,311.43381,1075,3710.6602,3.1719561,4,46.499485,1.1695127335115394,0.9828736166832927,2516.169732414954,1.0253651,0.9206956,0.0,True,1.1262684434580774,0.964220211678305
383,1663,294.59476,1075,3922.7617,2.0166571,3,98.943588,1.1063100669529817,0.8962775454855255,2185.180318430016,1.0018507,0.86792684,0.0,True,1.0749722568670872,0.8877723338398678
384,9458,362.71838,1075,3186.0117,2.2243552,4,170.88081,1.3619784955938206,1.1347703934647468,3320.6242587564857,1.0775486,0.97375834,0.0,True,1.2766495269156743,1.086466777425323
385,38761,361.98254,1075,3192.4883,3.1736875,6,85.533424,1.359217180135391,1.3092759111356431,3824.4257006185658,1.1013969,1.0388905,0.0,True,1.2818710960947737,1.22816028779495
386,5986,395.53922,1075,2921.6445,2.1279981,4,178.69545,1.485133838639239,1.0897661898357813,3440.20740731076,1.1571933,1.1639329,0.0,True,1.3867516770474673,1.112016202885047
387,7711,327.98917,1075,3523.3633,4.0126557,6,106.2141,1.2316470699917648,1.0958017016190593,2935.7203629915207,1.0390995,0.94470203,0.0,True,1.1738827989942355,1.0504718001333415
388,2239,327.66949,1075,3526.8008,3.9850156,5,104.18863,1.2304472893741971,0.9443303028995591,2527.864433354838,1.0389366,0.91466361,0.0,True,1.172994082561938,0.9354302950296913
389,8712,396.34946,1075,2915.6719,2.059356,4,16.906235,1.4881739715495421,1.1370727390283835,3595.954278766031,1.1571676,1.1676419,0.0,True,1.3888720600846796,1.1462434873198684
390,1741,302.55243,1075,3819.5859,2.9377549,4,52.313271,1.1361784067450893,0.9047249956656178,2258.058625394283,1.039629,0.89121157,0.0,True,1.1072135847215625,0.9006709679659325
391,12720,403.04736,1075,2867.2188,1.9976835,4,35.971977,1.5133050777101762,1.1869931004602936,3809.236090597607,1.1584959,1.1696159,0.0,True,1.4068623243971232,1.1817799403222056
392,441,302.45251,1075,3820.8477,3.0191853,4,49.112881,1.1358033905199778,0.7384289843145851,1843.0154718102742,1.0394315,0.77808642,0.0,True,1.1068918233639846,0.7503262150202096
393,774,298.20026,1075,3875.332,2.9562368,3,50.238106,1.1198430722727635,0.8051233030051398,1984.2700115982911,1.0364285,0.75637722,0.0,True,1.0948187005909344,0.7904994781035978
394,264,274.99869,1075,4202.293,2.0474358,3,135.92934,1.0327547055120798,0.668703674240163,1535.4541705348029,0.97912568,0.65225476,0.0,True,1.0166659978584558,0.6637689999681141
395,15202,409.36853,1075,2822.9453,3.0688355,5,132.82198,1.537022107685235,1.2117446742438003,3941.9380475404478,1.1624874,1.1710519,0.0,True,1.4246616953796645,1.19953684197066
396,7466,380.73862,1075,3035.2188,3.0369284,5,167.58147,1.4295984797346502,1.1121360388068338,3395.5726474570065,1.1035075,1.0537069,0.0,True,1.331771185814255,1.0946072971647836
397,1778,358.01199,1075,3227.8945,4.0325098,6,323.24673,1.3443174008010164,0.926154746827663,2679.4937118764683,1.0885923,1.0402325,0.0,True,1.2675998705607114,0.960378072779364
398,1067,300.95993,1075,3839.7969,3.9619226,5,121.58555,1.1302011772411755,0.8448728390760958,2099.0386848485737,1.0724978,0.74607211,0.0,True,1.112890164068823,0.815232620353267
399,12257,363.07806,1075,3182.8555,1.9994431,4,68.092133,1.3633282197894059,1.1670441846934503,3418.022535415349,1.0779402,0.9898172,0.0,True,1.277711813852584,1.1138760892854151
400,1924,205.49838,1075,5623.5234,2.8782825,3,14.983981,0.771839892995823,0.8757921147791187,1554.225469344624,0.90372211,0.86321872,0.0,True,0.8114045580970761,0.872020096345383
401,0,176.21051,1075,6558.207,0.87280524,1,18.904556,0.6618698737862232,0.0,122.13981819153004,0.83340645,0.0,0.0,True,0.7133308466503563,0.0
402,2807,328.31567,1075,3519.8594,4.0082207,5,109.73769,1.2328724363901349,0.9722297394134151,2607.018099386894,1.0405083,0.64819086,0.0,True,1.1751631954730943,0.8750180755893905
403,3867,253.92007,1075,4551.1367,3.0137815,4,65.435715,0.9536290397565921,0.9806146185186394,2097.5705622381493,0.99953055,0.83882171,0.0,True,0.9673994928296143,0.9380767459630476
404,11928,362.93732,1075,3184.0898,2.0129702,4,52.798542,1.3628000626666261,1.1636155365424152,3406.824214632616,1.0779374,1.0007249,0.0,True,1.2773412638666382,1.1147483455796907
405,4458,328.75385,1075,3515.168,3.0075035,5,72.781685,1.234516912215026,1.0290219150202233,2762.4870559789615,1.0408057,0.89035678,0.0,True,1.176403548550518,0.9874223745141563
406,0,271.83081,1075,4251.2656,3.0115843,3,54.505386,1.0208634464542958,0.0,188.41875954082616,0.96697104,0.0,0.0,True,1.004695724518007,0.0
407,20,352.27646,1075,3280.4492,3.0061355,3,198.21204,1.3227937782255696,0.3760224954350731,1088.9014931787826,1.076411,0.65785658,0.0,True,1.2488789447578987,0.46057272080455125
408,13335,362.93909,1075,3184.0742,2.995717,4,198.59167,1.3628067353552213,1.1774375751261876,3447.303417308892,1.0779374,1.0139979,0.0,True,1.2773459347486549,1.1284056725883314
409,13338,387.81802,1075,2979.8125,4.045392,6,324.5903,1.4561624445204044,1.1872136243375053,3683.698118862513,1.0840695,0.98810345,0.0,True,1.3445345611642832,1.1274805720362537
410,0,301.3941,1075,3834.2656,1.9603462,3,113.65142,1.1318307520473812,0.0,208.91047065240218,0.98969412,0.0,0.0,True,1.0891897624331668,0.0
411,5800,370.0285,1075,3123.0703,4.0061302,5,51.481373,1.389409825149053,1.076825242318996,3206.6514267340926,1.0966926,0.96249843,0.0,True,1.3015946576043371,1.0425271986232971
412,12152,373.08502,1075,3097.4844,4.0768609,6,53.893219,1.400879249174959,1.1699172040467296,3509.018925800698,1.0993085,1.0282152,0.0,True,1.3104080244224714,1.1274066028327108
413,0,301.78671,1075,3829.2773,1.9951336,3,58.500702,1.1333043888787424,0.0,209.18260716696187,0.99113703,0.0,0.0,True,1.0906541812151196,0.0
414,13805,373.21729,1075,3096.3867,4.0554199,6,50.170486,1.4013755542849118,1.185832385533278,3557.8546694403067,1.1024344,1.0440737,0.0,True,1.3116932079994381,1.1433047798732945
415,3810,277.91687,1075,4158.168,2.9427769,4,86.827034,1.043708662511105,0.9894517737603584,2291.6772931700175,0.98420459,0.92014146,0.0,True,1.0258574407577734,0.9686586796322509
416,16411,374.29623,1075,3087.4609,4.0291548,6,50.301105,1.4054242858686117,1.207774619914093,3632.855197261298,1.1028247,1.0501813,0.0,True,1.3146444101080281,1.160496623939865
417,26343,412.59369,1075,2800.8789,3.0179935,5,110.24373,1.5491227177533422,1.2821897916929244,4199.805109015493,1.1639278,1.179708,0.0,True,1.4335642424273396,1.2514452541850472
418,1849,301.30048,1075,3835.457,4.0316434,6,112.59331,1.1314793570589843,0.9115594044190833,2266.8285307494248,0.98920161,0.85292357,0.0,True,1.0887960329412891,0.8939686540933584
419,0,273.60419,1075,4223.7109,2.2635734,3,15.208252,1.0275202165632056,0.0,189.6479728878876,,,,False,1.0275202165632056,0.0
420,0,380.31671,1075,3038.5859,2.0046661,3,6.9693131,1.428015363453964,0.0,263.61545525633437,,,,False,1.428015363453964,0.0
421,1320,307.22165,1075,3761.5352,2.9715128,5,50.868896,1.1537034060692455,0.872806136001456,2207.9715898775453,1.0362098,0.88159919,0.0,True,1.1184553242484718,0.8754440522010192
422,0,430.90628,1075,2681.8477,1.0121026,2,13.497544,1.6178277847515337,0.0,298.6814730675743,,,,False,1.6178277847515337,0.0
423,6864,311.11481,1075,3714.4648,4.2635765,5,105.49419,1.1683154860235723,1.0746149178729552,2748.493069147472,1.0359688,0.95420325,0.0,True,1.1286114802165006,1.0384914175110684
424,946,312.25427,1075,3700.9102,2.9683988,3,47.91597,1.1725921355320739,0.8340244250435596,2140.301461422855,1.0374106,0.79812622,0.0,True,1.1320376748724517,0.8232549635304917
425,156,252.41933,1075,4578.1953,2.0394678,2,95.103096,0.9479952479540552,0.5998121727764345,1277.896846297995,0.9362098,0.2011106,0.0,True,0.9444596135678387,0.4802017009435041
426,205,310.56775,1075,3721.0078,3.0622976,4,53.117184,1.1662622299908958,0.6479586568760934,1656.1704770071408,1.0341599,0.54347187,0.0,True,1.126631530993627,0.6166126208132654
427,10355,430.94394,1075,2681.6133,2.0132837,4,82.974403,1.6179690937965983,1.1709916961974887,3984.256816164412,1.1649275,1.2378198,0.0,True,1.4820566156576187,1.191040127338242
428,3358,379.7894,1075,3042.8047,3.0072577,5,161.25026,1.4260367435394126,1.012201948013511,3083.774568092882,1.1033893,1.0528232,0.0,True,1.3292425104775887,1.0243883236094575
429,0,247.46524,1075,4669.8477,1.9847101,3,10.568977,0.9293974585476102,0.0,171.52983339259018,,,,False,0.9293974585476102,0.0
430,4863,308.29126,1075,3748.4844,3.8554902,6,56.890045,1.157718021464507,1.0315568021330175,2617.3379198971456,1.0311124,0.92941189,0.0,True,1.1197363350251548,1.0009133284931122
431,1938,306.59601,1075,3769.2109,4.0479727,5,45.411259,1.151355226275332,0.919191835099893,2321.067695012215,1.0288687,0.87865657,0.0,True,1.1146092683927324,0.907031255569925
432,0,241.7341,1075,4780.5625,1.0367074,2,5.8091097,0.9078822031288662,0.0,167.5573098601959,0.9271462,0.6124171,2.2913573341656246,True,0.9136614021902063,0.18372513000000004
433,1383,245.93509,1075,4698.9023,2.5164633,4,193.73552,0.9236531844325926,0.8553654851522241,1778.9605093896514,1.0038795,0.84103602,0.0,True,0.9477210791028148,0.851066645606557
434,2431,264.45523,1075,4369.832,2.4929326,3,21.257423,0.9931770889415463,0.930014879735094,2061.925784333295,0.96867794,0.55467695,0.0,True,0.9858273442590824,0.8174135008145658
435,494,242.1302,1075,4772.7422,3.121628,4,265.49191,0.9093691758062873,0.7324205657001986,1502.7994704530922,0.92598742,0.66628534,0.0,True,0.914354649064401,0.712579997990139
436,0,392.36334,1075,2945.293,1.0271963,2,155.53209,1.4732174164908267,0.0,271.9655428760832,,,,False,1.4732174164908267,0.0
437,0,398.1803,1075,2902.2656,0.99851352,2,95.62767,1.4950434902033403,0.0,275.9975522995132,,,,False,1.4950434902033403,0.0
438,1602,285.11566,1075,4053.1797,2.5976324,4,80.782127,1.070730201944318,0.8882564939197218,2104.2265000860307,1.0658815,0.89352798,0.0,True,1.0692755913610226,0.8898379397438052
439,3238,317.04083,1075,3645.0352,1.8766797,3,80.174538,1.1905570253617237,0.9855005007233376,2562.745211292378,1.0291969,0.87023795,0.0,True,1.1421489877532067,0.9509217355063363
440,13967,432.952,1075,2669.1758,2.9957974,5,68.689766,1.625502664070818,1.2095995010630751,4132.351870124378,1.1649243,1.2379494,0.0,True,1.4873291548495724,1.2181044707441526
441,404,316.57571,1075,3650.3906,4.0177975,5,101.83825,1.1888113443018657,0.7318769114425625,1901.465516011662,1.0362054,0.50934088,0.0,True,1.1430295610113061,0.6651161020097938
442,1931,317.70645,1075,3637.3984,3.7313573,5,101.69873,1.1930552530609175,0.9227379142744352,2404.030213888178,1.0371357,0.87404418,0.0,True,1.1462793871426422,0.9081297939921047
443,5474,380.32062,1075,3038.5547,2.0031354,4,108.54734,1.428030016727375,1.0732935638914003,3273.849409535536,1.1034468,1.052366,0.0,True,1.3306550517091624,1.0670152947239802
444,6549,347.76312,1075,3323.0234,1.672868,4,16.770321,1.3058564878374987,1.083566792180729,3055.9242471651223,1.0434566,0.92651373,0.0,True,1.227136521486249,1.0364508735265103
445,8226,345.78119,1075,3342.0703,2.2103887,4,52.642639,1.2984186902714032,1.110894241814914,3117.3205573571536,1.0434173,0.92955691,0.0,True,1.2219182731899823,1.0564930422704397
446,12926,346.08859,1075,3339.1016,1.9404151,4,71.998558,1.2995723862756818,1.166706817529387,3276.472865030931,1.043617,0.93599433,0.0,True,1.2227857703929772,1.097493071270571
447,18421,434.24652,1075,2661.2188,4.0172901,6,277.44052,1.6303592401426041,1.2451466228161876,4264.889301215701,1.165059,1.2386538,0.0,True,1.490769168099823,1.2431987759713312
448,0,303.37305,1075,3809.2539,2.015718,3,243.66789,1.1392584941930786,0.0,210.28217426537128,0.99110216,0.0,0.0,True,1.094811593935155,0.0
449,0,232.0088,1075,4980.9531,1.957087,2,264.14978,0.8713715124273392,0.0,160.81624558509623,1.0024251,0.66299623,5.185909760277287,True,0.9106875886991375,0.198898869
450,0,279.78668,1075,4130.3789,0.99789029,2,234.07028,1.0507273132919874,0.0,193.93334840022763,,,,False,1.0507273132919874,0.0
451,0,275.59506,1075,4193.1992,1.0496342,2,256.30652,1.0349933750706042,0.0,191.02793881524894,,,,False,1.0349933750706042,0.0
452,0,397.7146,1075,2905.6641,2.0091624,3,419.87839,1.4932960719573827,0.0,275.6747536575264,,,,False,1.4932960719573827,0.0
453,4821,296.08575,1075,3903.0078,2.612731,4,12.290787,1.11190645486073,1.0254735240983408,2511.148079074687,0.98532766,0.8922224,0.0,True,1.073932816402511,0.9854981868688385
454,2865,292.47131,1075,3951.2422,2.0983043,4,48.16254,1.0983398333402132,0.9611385538147534,2328.3703770650295,0.98086596,0.84780043,0.0,True,1.0630976713381493,0.9271371166703274
455,1126,290.34692,1075,3980.1523,2.9951081,4,51.128578,1.0903659759827615,0.8477032115692907,2040.616638937631,0.97815824,0.73726463,0.0,True,1.056703655187933,0.8145716370985034
456,790,289.54755,1075,3991.1406,2.9952087,4,39.369881,1.087365513526245,0.8047308530347317,1932.602898324457,0.96511084,0.60345173,0.0,True,1.0506891114683716,0.7443471161243121
457,0,228.29468,1075,5061.9883,2.0005667,2,34.639618,0.8574276088081598,0.0,158.24181377883494,0.87495345,0.0,0.0,True,0.8626853611657119,0.0
458,0,267.04193,1075,4327.5039,1.5802654,3,13.960588,1.0028870465046813,0.0,185.09936087078626,0.99166977,0.0,0.0,True,0.999521863553277,0.0
459,0,3.9536679,2,1.0117188,1.0117471,1,30.58625,0.7628191283974022,0.0,2.74047375775536,,,,False,0.7628191283974022,0.0
460,0,3.9536679,2,1.0117188,1.0117471,1,39.718899,0.7628191283974022,0.0,2.74047375775536,1.0056549,0.10350174,5.876571616568396,True,0.8356698598781814,0.031050522000000004
461,0,295.02866,1075,3916.9922,2.0172963,3,36.872837,1.1079387652523265,0.0,204.4982838633787,1.107474,1.0135432,6.762743436580003,True,1.1077993356766287,0.30406296000000005
462,0,279.9935,1075,4127.3281,1.9994754,3,183.69356,1.0515036039644075,0.0,194.07670510011104,0.99801177,0.86566931,6.126554178581834,True,1.0354560537750852,0.25970079300000004
463,0,383.42798,1075,3013.9297,2.0172009,3,125.58107,1.439689850562995,0.0,265.77202328479507,,,,False,1.439689850562995,0.0
464,0,275.63461,1075,4192.5977,1.9959447,2,50.927063,1.0351417918103323,0.0,191.05535278624012,,,,False,1.0351417918103323,0.0
465,7645,369.96185,1075,3123.6328,4.0154958,6,52.840359,1.389159782013261,1.1111155569729412,3308.224276505724,1.1139711,1.155753,0.0,True,1.3066031774092828,1.1245067898810588
466,964,352.78476,1075,3275.7227,2.4009595,3,18.56881,1.3247012564856382,0.8489129715464363,2424.747453693343,1.0322275,0.58374679,0.0,True,1.236959129539947,0.7693631170825054
467,2311,402.57352,1075,2870.5938,2.3891835,4,251.55394,1.5115271010824776,0.9726934839139099,3118.455524572841,1.0760216,0.86863017,0.0,True,1.3808754507577343,0.9414744897397369
468,0,302.28717,1075,3822.9375,2.0047896,3,170.88954,1.135182830857105,0.0,209.52949960494487,0.9928363,0.0,0.0,True,1.0924788715999736,0.0
469,18257,386.009,1075,2993.7773,3.5131521,5,174.91664,1.4493745510060103,1.2257338884514117,3787.6798795412724,1.0831687,0.96890163,0.0,True,1.3395127957042072,1.148684210915988
470,18797,374.81976,1075,3083.1484,4.0138392,6,50.224209,1.4073888241815202,1.22487850644797,3688.8107658815215,1.1043535,1.0676597,0.0,True,1.316478226927064,1.177712864513579
471,38018,374.69873,1075,3084.1445,4.0045824,6,50.270954,1.406934568067535,1.3124877297419555,3951.5232024792226,1.1046876,1.0883837,0.0,True,1.3162604776472744,1.2452565208193689
472,41527,374.6337,1075,3084.6797,4.0240331,6,49.625183,1.4066906194061852,1.323446339012447,3983.9099333680724,1.1057333,1.0957735,0.0,True,1.3164034235843296,1.255144487308713
473,43604,374.65884,1075,3084.4727,4.0252271,6,48.363136,1.4067849617142243,1.3295312168962696,4002.461667721711,1.107407,1.0996863,0.0,True,1.316971573199957,1.2605777418273887
474,44611,374.63275,1075,3084.6875,4.0078983,6,44.60207,1.4066870647260206,1.332361093852644,4010.736017842498,1.1074066,1.1068052,0.0,True,1.3169029253082143,1.2646943256968508
475,41154,434.57568,1075,2659.2031,3.008122,5,113.24626,1.631594138418634,1.3471818061987524,4617.420923479146,1.1651191,1.2363222,0.0,True,1.491651626893044,1.3139239243391267
476,52470,373.8743,1075,3090.9453,5.7503982,8,56.604534,1.4038409858400984,1.3522137977338469,4063.278967896013,1.1086059,1.1097538,0.0,True,1.315270460088069,1.2794757984136929
477,80,296.50983,1075,3897.4258,3.0507665,4,50.561203,1.1134981409574451,0.5314468075601257,1306.635574864052,0.97869945,0.36712763,0.0,True,1.0730585336702116,0.482151054292088
478,2908,392.38675,1075,2945.1172,1.9952859,4,38.894222,1.4733052961387143,0.9983280159980841,3129.640759743185,1.0765084,1.0460458,0.0,True,1.3542662272971,1.0126433511986588
479,323,297.70663,1075,3881.7578,3.0082355,4,50.259434,1.1179902565246211,0.6994400810357395,1721.8831035405217,0.98054165,0.84384513,0.0,True,1.0767556745672349,0.7427615957250177
480,2111,289.54813,1075,3991.1328,3.0071459,4,51.053642,1.0873676375354957,0.9231613101131178,2216.7411098350162,0.96511084,0.912705,0.0,True,1.0506905982748471,0.9200244170791825
481,2895,398.74167,1075,2898.1797,2.0202532,4,14.367732,1.497149772857695,0.9997758683832221,3178.541708340317,1.0948476,1.099967,0.0,True,1.3764591210003865,1.0298332078682555
482,2385,296.35507,1075,3899.4609,3.002084,4,51.874146,1.1129173123589418,0.9405046008633676,2304.988278224128,1.1045738,0.74097812,0.0,True,1.110414258651259,0.8806466566043574
483,0,398.17548,1075,2902.3008,1.9827036,3,33.583588,1.4950253703409435,0.0,275.99421133010287,1.1250827,1.1414846,5.092562829258572,True,1.3840425692386604,0.3424453800000001
484,1466,296.35803,1075,3899.4219,1.8645658,4,12.37267,1.112928437475962,0.8816862813933941,2160.940869588211,1.104574,0.92209017,0.0,True,1.1104221062331734,0.8938074479753759
485,434,296.01614,1075,3903.9258,3.1677191,5,38.845951,1.1116451262595666,0.7345797167901329,1799.0801971771218,1.1050098,0.95547527,0.0,True,1.1096545283816965,0.8008483827530931
486,46,294.11035,1075,3929.2227,2.4165461,3,25.183613,1.1044918363697631,0.46516445011818314,1138.5602842384735,1.0062213,0.46001956,0.0,True,1.0750106754588342,0.4636209830827282
487,1841,330.32126,1075,3498.4883,2.4227834,3,42.519005,1.2403993406009952,0.9212914318241773,2483.7350881464426,1.0225308,0.82491952,0.0,True,1.1750387784206966,0.892379858276924
488,3298,278.67395,1075,4146.8711,4.6630235,5,176.43967,1.0465505614530897,0.9724567887030785,2257.7265395102677,0.99474502,0.87017047,0.0,True,1.0310088990171629,0.941770893092155
489,1590,270.47906,1075,4272.5117,4.1497488,5,22.851946,1.015789330767652,0.8817627852677161,1994.1735068034584,0.96553737,0.8000989,0.0,True,1.0007137425373565,0.8572636196874013
490,1456,265.76807,1075,4348.2461,3.8180718,5,17.352293,0.9981052288286628,0.8694134246284833,1936.0727942289966,0.99397951,0.86825758,0.0,True,0.996867513180064,0.8690666712399382
491,270,243.51357,1075,4745.6289,3.6530948,4,36.73349,0.9145625048961806,0.661750071757824,1365.088873877115,0.92300981,0.51126045,0.0,True,0.9170966964273265,0.6166031852304767
492,1,196.99303,1075,5866.3242,1.9627967,2,31.675114,0.739905163914001,0.07987872055921479,216.4189635399656,0.85266846,0.051121023,0.0,True,0.7737341527398006,0.07125141129145035
493,603,220.73213,1075,5235.418,2.684552,3,21.244104,0.829035104530801,0.7477513514818626,1413.8397206777634,0.91305709,0.79123873,0.0,True,0.8542417001715606,0.7607975650373038
494,26,250.69827,1075,4609.625,3.9304926,4,16.363815,0.9415343570002979,0.39066157765980275,835.377905987121,0.95711946,0.24516416,0.0,True,0.9462098879002085,0.3470123523618619
495,3753,286.06625,1075,4039.7109,1.785341,4,14.566827,1.0742983569412394,0.9910780877695516,2354.5665527468236,1.0255579,0.93532461,0.0,True,1.0596762198588676,0.9743520444386862
496,0,278.57214,1075,4148.3867,3.9896073,5,70.219597,1.0461683917552786,0.0,193.09149342355036,0.99576974,0.0,0.0,True,1.031048796228695,0.0
497,3157,280.34586,1075,4122.1406,2.9984107,5,170.44807,1.052826224959813,0.9679080084964359,2259.0299678401493,0.99358732,0.80913049,0.0,True,1.0350545534718691,0.920274752947505
498,2944,286.12906,1075,4038.8242,5.2666245,7,57.098091,1.0745340960642382,0.96187739656458,2285.6571863046884,0.98789865,0.85262406,0.0,True,1.0485434622449668,0.929101395595206
499,6804,289.21579,1075,3995.7188,4.8745203,5,54.923378,1.086120259159173,1.064106701313347,2552.4912656737097,1.030421,0.97724301,0.0,True,1.0694104814114211,1.0380475939193428
500,3598,398.72769,1075,2898.2812,3.4648206,5,52.238182,1.4970973776961691,1.0270294858990505,3265.057098717759,1.1247566,1.1313099,0.0,True,1.3853951443873185,1.0583136101293353
501,8284,393.48169,1075,2936.9219,2.0158777,4,140.49728,1.4774136662500281,1.1297327439357476,3550.1187532805757,1.0769597,1.0578083,0.0,True,1.3572774763750197,1.1081554107550233
502,147,278.13007,1075,4154.9805,4.0229402,5,212.3007,1.0445089600736637,0.5997049493665615,1391.747936348852,0.99231058,0.53799367,0.0,True,1.0288494460515647,0.581191565556593
503,8033,399.90646,1075,2889.7383,3.0118597,5,198.07271,1.5015201683712176,1.1281661541952577,3595.7838405331454,1.0951743,1.1014138,0.0,True,1.3796164078598525,1.1201404479366803
504,0,278.00513,1075,4156.8477,4.0059614,4,197.52596,1.0440400063463489,0.0,192.69847204070106,0.99261707,0.0,0.0,True,1.0286131254424442,0.0
505,9151,398.96643,1075,2896.5469,2.5527735,5,144.73283,1.4979931423919683,1.1441762783295244,3639.3067323133305,1.1247599,1.1319112,0.0,True,1.3860231696743779,1.140496754830667
506,32765,372.33981,1075,3103.6836,4.0148482,6,50.751549,1.3980829789298237,1.292966604741122,3871.2829795932576,1.1107641,1.1479584,0.0,True,1.3118873152508765,1.2494641433187854
507,29834,372.34732,1075,3103.6211,4.0016375,6,48.853802,1.3981111150685763,1.281316338641625,3836.469812458625,1.1107643,1.1518141,0.0,True,1.3119070705480034,1.2424656670491376
508,18987,371.74704,1075,3108.6328,3.0022373,5,52.782722,1.3958585465637405,1.2248764684090552,3662.30876867605,1.1117264,1.1542125,0.0,True,1.3106189025946184,1.2036772778863387
509,15686,371.28979,1075,3112.4609,3.0444229,5,51.113609,1.3941428447862352,1.2009483638993654,3586.9012176419606,1.1121424,1.1556002,0.0,True,1.3095427113503646,1.187343914729556
510,45706,373.31805,1075,3095.5508,6.691658,8,69.499901,1.401753727203279,1.3347954714742418,4005.7133594688476,1.1085973,1.1137292,0.0,True,1.3138067990422952,1.2684755900319693
511,5114,287.49655,1075,4019.6133,4.5969934,7,24.262461,1.0796670527973184,1.0289463484646153,2455.2573833337246,0.98864728,0.95039284,0.0,True,1.052361120958123,1.0053802959252307
512,53040,373.9726,1075,3090.1328,3.6020534,6,48.77948,1.4042098641757879,1.3536023504478298,4068.3878297980837,1.1086081,1.1336275,0.0,True,1.3155293349230517,1.287609895313481
513,44142,373.9986,1075,3089.918,4.004231,6,48.85561,1.4043074166590117,1.3307654965088378,3999.994425577728,1.108623,1.1355453,0.0,True,1.315602091661308,1.2721994375561865
514,16029,398.52197,1075,2899.7773,2.3338156,5,17.276588,1.4963255033739145,1.2143112117918247,3858.6011509192335,1.1057447,1.111635,0.0,True,1.3791512623617401,1.1835083482542772
515,23,288.63705,1075,4003.7305,2.9852343,3,48.073837,1.0839479538380075,0.3830950988406637,929.086822406274,0.96584606,0.54387093,0.0,True,1.0485173856866052,0.4313278481884646
516,284,276.93994,1075,4172.8359,3.0019612,4,30.571543,1.0400416886090058,0.6779947024098766,1566.3700327289412,0.99222976,0.57517272,0.0,True,1.025698110026304,0.6471481076869137
517,39745,373.03702,1075,3097.8828,4.0153384,6,39.618526,1.4006992067898498,1.3172884787996566,3950.570090307692,1.1098777,1.1417075,0.0,True,1.3134527547528947,1.2646141851597597
518,275,277.95706,1075,4157.5664,2.4988537,3,47.662724,1.0438596145746102,0.674442182459048,1563.2353714083645,0.97746748,0.7046209,0.0,True,1.023941974202227,0.6834957977213336
519,35,242.15179,1075,4772.3164,2.3771758,3,62.701683,0.909450278389907,0.4230229927651399,874.3902360898626,0.95138156,0.68042678,0.0,True,0.9220296628729349,0.5002441289355979
520,10786,394.02725,1075,2932.8555,3.0221338,5,31.190557,1.4794607022735866,1.1629784442272284,3659.011784267186,1.0771892,1.0618058,0.0,True,1.3587792515915107,1.13262665095906
521,36712,372.71463,1075,3100.5625,4.011869,6,48.301151,1.3994894153144373,1.3072744114265722,3917.571211027305,1.1103209,1.1460587,0.0,True,1.3127388607201063,1.2589096979986005
522,4422,303.49847,1075,3807.6797,3.8739464,5,350.12122,1.139729247868659,1.0180716137149683,2547.8088173185574,0.99148941,0.81187278,0.0,True,1.0952572965080614,0.9562119636004778
523,2756,273.50958,1075,4225.1719,2.2574382,4,183.73245,1.027165083847548,0.9487843209676721,2166.8142947205524,0.96845496,0.90927553,0.0,True,1.0095520466932835,0.9369316836773705
524,0,265.00601,1075,4360.75,3.6206961,3,41.979927,0.9952446001034895,0.0,183.68816866294065,0.95714873,0.0,0.0,True,0.9838158390724427,0.0
525,0,278.12433,1075,4155.0664,5.8947811,6,248.12459,1.0444873767475782,0.0,192.7810951846238,0.99228364,0.0,0.0,True,1.0288262557233048,0.0
526,6259,402.58667,1075,2870.5,5.210155,7,355.70154,1.5115764592172318,1.097779908761863,3519.450993678103,1.0757501,0.90753317,0.0,True,1.3808285514520624,1.0407058871333041
527,1820,301.91977,1075,3827.5898,3.9167669,5,349.9408,1.1338037768696527,0.9098711248784571,2266.7200615266675,0.9911322,0.73280931,0.0,True,1.0910023038087568,0.8567525804149201
528,27906,387.53961,1075,2981.9531,3.0190568,5,350.4946,1.4551178365040316,1.2793649201614308,3967.114582156235,1.0844328,1.0002288,0.0,True,1.343912325552822,1.1956240841130015
529,1129,267.01904,1075,4327.875,5.2472916,6,58.960197,1.0028010922027768,0.8395476233969412,1877.3728136493496,0.94574714,0.83476001,0.0,True,0.9856849065419437,0.8381113393778589
530,0,271.74591,1075,4252.5938,2.7710936,4,22.263901,1.020544753085829,0.0,188.35991134519662,0.9582808,0.0,0.0,True,1.0018655671600802,0.0
531,0,257.43015,1075,4489.082,2.8893855,4,10.90324,0.9668056337206709,0.0,178.4369826636238,0.94188571,0.0,0.0,True,0.9593296566044696,0.0
532,3097,286.03888,1075,4040.0977,3.9753175,5,64.641724,1.0741955542295523,0.9679395663088836,2299.419290622679,0.97383714,0.84674203,0.0,True,1.0440880299606867,0.9315803054162185
533,4680,325.70056,1075,3548.1211,2.4926989,3,34.273342,1.2230578216336052,1.0337917768984208,2752.6519798993268,1.0281802,0.90104002,0.0,True,1.1645945351435236,0.9939662498288946
534,4567,277.37045,1075,4166.3594,2.9964406,4,54.901669,1.0416576313216894,1.010954696868492,2337.4145512527434,1.0169293,0.95440108,0.0,True,1.0342391319251827,0.9939886118079444
535,0,278.03284,1075,4156.4336,1.9980609,3,182.60162,1.0441439726491,0.0,192.7176791490744,0.99199486,0.0,0.0,True,1.0284992388543701,0.0
536,2530,279.97043,1075,4127.668,3.0725181,5,214.08537,1.0514170580059943,0.9411706439717222,2194.062406179298,0.99060684,0.87390858,0.0,True,1.0331739926041958,0.9209920247802056
537,18249,397.28732,1075,2908.7891,3.1202297,4,257.13132,1.491692881185208,1.230099929612591,3898.1733120565996,1.105728,1.0976094,0.0,True,1.3759034168296456,1.1903527707288137
538,2095,256.71774,1075,4501.5391,1.7208532,3,105.86704,0.9641313826056265,0.9090610622626881,1963.444800218691,0.98303574,0.9072668,0.0,True,0.9698026898239385,0.9085227835838817
539,234,235.04417,1075,4916.6289,3.9055867,5,111.54147,0.8827670205210031,0.6422294997025605,1284.2418116318465,0.94381601,0.8374328,0.0,True,0.9010817173647021,0.7007904897917924
540,13870,394.74649,1075,2927.5117,3.0239265,5,212.93103,1.4821594257846789,1.1947433870673148,3764.9450571150487,1.0774362,1.0633417,0.0,True,1.360742458049275,1.1553228809471203
541,1253,277.73526,1075,4160.8867,3.0023043,4,363.51483,1.043027036767899,0.8560017888828634,1981.610765731272,0.99339581,0.68187261,0.0,True,1.0281376687375294,0.8037630352180044
542,1562,294.1741,1075,3928.3711,3.0070033,4,45.034485,1.104731148440792,0.8885574753787814,2163.65107063941,0.9712916,0.67649466,0.0,True,1.0646992839085545,0.824938630765147
543,163,290.3378,1075,3980.2773,3.9600737,4,88.417755,1.090331750403594,0.6151932968436519,1482.448975812252,0.965837,0.64526606,0.0,True,1.0529833252825158,0.6242151257905564
544,2352,278.86072,1075,4144.0938,2.1306143,4,58.282185,1.047251603208181,0.9319681157900295,2165.0387373088743,0.98504776,0.8436619,0.0,True,1.0285904502457266,0.9054762510530207
545,16257,396.46686,1075,2914.8086,2.0493486,4,56.869652,1.488614432603325,1.215295264197691,3844.302006897815,1.0785903,1.0689054,0.0,True,1.3656071928223277,1.1713783049383837
546,11436,370.34488,1075,3120.4023,4.0327206,6,49.85186,1.3905970345658207,1.1613002034310487,3460.7604759587193,1.1132396,1.1545824,0.0,True,1.3073898041960745,1.159284862401734
547,10329,398.00299,1075,2903.5586,3.0404809,5,135.4422,1.4943781822543516,1.159012693946673,3678.7035726981244,1.1247439,1.0940233,0.0,True,1.3834878975780462,1.139515875762671
548,1748,279.22446,1075,4138.6953,4.023016,6,134.68312,1.0486169748113314,0.896497125477769,2085.0726537796795,0.99721813,0.7407428,0.0,True,1.033197321367932,0.8497708278344384
549,19292,400.07953,1075,2888.4883,3.0228996,5,266.52222,1.502169505097633,1.2381535405269801,3947.804544499618,1.0953462,1.1084358,0.0,True,1.380122513568343,1.199238218368886
550,2925,296.30341,1075,3900.1406,3.9877105,5,47.989166,1.112723457248439,0.9651558224073491,2365.014790557313,1.1095107,0.90211207,0.0,True,1.1117596300739074,0.9462426966851443
551,549,296.0582,1075,3903.3711,4.0195436,6,55.080063,1.1118030189503627,0.7629553174187561,1868.6408464751555,1.1098804,0.94638848,0.0,True,1.1112262332652538,0.8179852661931293
552,16103,398.48816,1075,2900.0234,1.9699136,4,59.57983,1.4961986106319813,1.2148759288145818,3860.1090043943404,1.1251167,1.0893888,0.0,True,1.384874037442387,1.1772297901702073
553,757,278.41772,1075,4150.6875,4.0317969,6,133.79526,1.045588761278449,0.7958330452427412,1846.4668138984387,0.99796993,0.79736751,0.0,True,1.0313031118949143,0.7962933846699188
554,1515,291.25479,1075,3967.7461,2.9684904,3,50.942245,1.0937735738569019,0.8838044523378744,2133.2927907922613,1.0063759,0.72801924,0.0,True,1.0675542716998314,0.8370688886365121
555,59,235.42145,1075,4908.75,3.0439577,4,72.340118,0.884183348592679,0.48172241712873903,967.787885870784,0.98958111,0.36796877,0.0,True,0.9158026770148753,0.4475963229901173
556,19758,399.80054,1075,2890.5039,3.0329537,5,73.477943,1.5011227397485958,1.2410397777901456,3954.593046890568,1.1241401,1.0860354,0.0,True,1.388027947824017,1.1945384644531019
557,169,350.88052,1075,3293.5,5.1659379,6,51.339317,1.3175552659995444,0.6340009290956264,1804.1095823707028,1.0320868,0.39999372,0.0,True,1.231914726199681,0.5637987663669385
558,5233,358.02414,1075,3227.7852,3.1774192,6,47.191658,1.3443628941954093,1.05970568228921,3065.8044339111166,1.0410672,0.87857056,0.0,True,1.2533741859367864,1.0053651456024468
559,1416,350.36649,1075,3298.332,3.0648506,4,46.106167,1.315626239754515,0.8956090378357544,2542.6105664043475,1.0328705,0.59514433,0.0,True,1.2307995178281605,0.805469625485028
560,10527,406.95834,1075,2839.6641,4.9710488,7,48.598839,1.5279791088262327,1.16463969821969,3769.202823699215,1.0805917,0.94521332,0.0,True,1.3937628861783629,1.098811784753783
561,1920,295.0116,1075,3917.2188,3.0711949,4,49.58305,1.1078747068424704,0.9137889812645265,2230.6185779218586,0.98912096,0.86894339,0.0,True,1.0722485827897292,0.9003353038851685
562,0,232.55467,1075,4969.2617,0.97948313,1,84.31839,0.8734208016249675,0.0,161.19461383654848,0.8959924,0.0,0.0,True,0.8801922811374774,0.0
563,28527,387.83481,1075,2979.6836,3.3441839,5,53.263603,1.4562253953107227,1.282237411873422,3978.6718096412665,1.0844446,1.0098354,0.0,True,1.344691156717506,1.2005168083113955
564,295023,530.85089,1075,2176.9297,2.6388943,5,36.726658,1.9927230231895496,1.638445881879262,6685.968952528349,1.2216213,1.3882453,0.0,True,1.7613925062326845,1.5633857073154833
565,284902,529.19098,1075,2183.7578,3.0247064,5,59.60799,1.9864979455187115,1.6332402852630061,6646.589790598267,1.2216059,1.3879956,0.0,True,1.757030331863098,1.5596668796841044
566,20693,405.0827,1075,2852.8125,4.5223517,7,51.970551,1.520941700760207,1.2488952642925715,4025.5690421343734,1.0821139,1.0232307,0.0,True,1.389293360532145,1.1811958950048
567,12417,395.84671,1075,2919.375,4.0726466,5,43.391972,1.4862875800270416,1.1812935900776933,3731.6401412323453,1.0843034,1.0079252,0.0,True,1.365692326018929,1.1292830730543852
568,134,294.2771,1075,3926.9961,4.0250072,4,92.252296,1.1051177625504638,0.5926826283085143,1445.681833075237,0.97077376,0.51737446,0.0,True,1.0648145617853246,0.5700901778159599
569,2791,278.95486,1075,4142.6953,2.0505831,4,68.266457,1.0476049660638498,0.952542544887845,2213.470986796218,0.97976732,0.79857528,0.0,True,1.027253672244695,0.9063523654214914
570,25751,398.99335,1075,2896.3516,2.6698518,5,89.990173,1.4980940818572523,1.273953682956722,4052.2987158222872,1.1059328,1.1061672,0.0,True,1.3804456973000767,1.2236177380697053
571,18455,400.11847,1075,2888.207,2.0634527,4,69.800735,1.5023157092559456,1.2326032868310426,3930.443346906232,1.0817081,1.0751988,0.0,True,1.3761334264791618,1.1853819407817299
572,105,294.39481,1075,3925.4258,3.0026608,4,48.533596,1.1055596210376524,0.5634899031567546,1375.6565568839342,0.97084832,0.36072189,0.0,True,1.0651462307263566,0.5026594992097282
573,3945,303.66702,1075,3805.5664,2.9368787,4,42.456486,1.1403618277284668,1.0042995181692362,2514.5788558275312,0.99857163,0.71324402,0.0,True,1.097824768409927,0.9169828687184653
574,3224,278.93698,1075,4142.9609,2.0098004,3,24.339821,1.047537837836178,0.9698433428171219,2253.5313757028957,0.97976685,0.68456525,0.0,True,1.0272065414853246,0.8842599149719854
575,1784,294.39569,1075,3925.4141,3.0160983,4,45.51799,1.105562914565464,0.9046860510041689,2204.3565472343776,0.97084832,0.86793792,0.0,True,1.0651485361958248,0.8936616117029181
576,21,233.30678,1075,4953.2422,3.9838667,4,22.168793,0.8762444304138148,0.36329290147759535,731.5320592270547,0.88193977,0.22853963,0.0,True,0.8779530322896704,0.3228669200343167
577,34602,407.83804,1075,2833.5391,4.6383281,7,43.855453,1.5312796706282408,1.314622483241088,4262.61085970056,1.1089276,1.1102747,0.0,True,1.4045740494397685,1.2533181482687614
578,0,293.61908,1075,3935.7969,1.0149322,2,13.866582,1.1026478737645151,0.0,203.52123746060502,0.97079635,0.0,0.0,True,1.0630924166351607,0.0
579,3774,281.66037,1075,4102.9023,4.0241508,5,52.150707,1.0577604682823996,0.9899010438406887,2319.873253185165,0.97684991,0.91956693,0.0,True,1.0334873007976797,0.968800809688482
580,7540,285.36758,1075,4049.6016,4.0066271,5,54.916927,1.0716757983068963,1.0747546897424072,2547.831006621728,0.9822464,0.97160953,0.0,True,1.0448469788148274,1.0438111418196852
581,0,224.99699,1075,5136.1797,0.97150421,2,51.095139,0.8450470074258981,0.0,155.95602925297422,0.88723022,0.0,0.0,True,0.8577019711981286,0.0
582,3778,225.67323,1075,5120.7891,2.9933352,4,62.843376,0.847585815918422,0.9643587811153514,1858.9785581195406,0.88836813,0.9131158,0.0,True,0.8598205101428954,0.948985886780746
583,18348,383.87177,1075,3010.4453,4.0097003,6,108.86273,1.4413550941826225,1.2255058380983437,3768.616900477601,1.0953485,1.0462477,0.0,True,1.3375531159278358,1.1717283966688405
584,10052,328.90552,1075,3513.5469,3.0039032,5,73.618477,1.2350861765210694,1.128641932568745,3031.1031009813146,1.0410291,0.94467062,0.0,True,1.1768690535647486,1.0734505387981215
585,0,186.3849,1075,6200.207,1.0269483,2,19.740341,0.7000739219283553,0.0,129.19216793394733,0.81059009,0.0,0.0,True,0.7332287723498487,0.0
586,0,187.52583,1075,6162.4844,0.99196792,2,11.264424,0.7043579150109454,0.0,129.9830003466636,0.81307334,0.0,0.0,True,0.7369725425076618,0.0
587,10633,329.00394,1075,3512.4961,4.014205,6,101.58966,1.2354554552220156,1.1355645373069443,3050.4935157002637,1.0412706,0.95892668,0.0,True,1.177199998655411,1.082573180114861
588,11013,329.28186,1075,3509.5312,4.0381641,6,107.78655,1.2364985904443904,1.139982529128524,3064.6306370460384,1.0416925,0.96381533,0.0,True,1.1780567633110732,1.0871323693899668
589,0,220.81567,1075,5233.4375,1.0433172,2,12.807742,0.8293487180587101,0.0,153.0577590839553,0.8899647,0.0,0.0,True,0.847533512641097,0.0
590,0,222.95845,1075,5183.1406,0.99606371,2,12.828091,0.8373935663579689,0.0,154.54302099951553,0.89396167,0.0,0.0,True,0.8543639974505783,0.0
591,9079,381.87982,1075,3026.1484,4.013236,6,112.90224,1.433880644390314,1.1369495544612338,3480.429613056664,1.1036435,1.0519823,0.0,True,1.3348095010732197,1.1114593781228637
592,1550,301.42389,1075,3833.8867,4.0380912,6,114.05446,1.131942551666476,0.8902428892672364,2214.65165679384,0.98923033,0.84648812,0.0,True,1.0891288851665333,0.8771164584870654
593,1196,323.82141,1075,3568.7109,3.9994025,5,50.438923,1.2160052999814401,0.8663668226063349,2295.3785253670444,1.0445248,0.91372794,0.0,True,1.164561149987008,0.8805751578244344
594,5986,327.96445,1075,3523.6289,4.0339789,5,105.3991,1.2315542849962169,1.0647945264682208,2852.4749839588585,1.0416776,0.94631499,0.0,True,1.1745912794973519,1.0292506655277545
595,28832,413.88669,1075,2792.1289,1.9929323,4,26.505466,1.5539738983056572,1.29407133534265,4250.330941928316,1.1649858,1.1837152,0.0,True,1.43727746881396,1.260964494739855
596,1873,324.12296,1075,3565.3906,4.0125718,6,49.065716,1.2171370802797703,0.9212653133741517,2442.7085873529277,1.0441275,0.91558129,0.0,True,1.1652342061958392,0.9195601063619062
597,1952,323.61383,1075,3571.0,4.0257645,6,51.548412,1.2152262465999155,0.9261354097257123,2452.2271069061476,1.0436707,0.89893115,0.0,True,1.163759582619941,0.9179741318079986
598,2571,323.5986,1075,3571.168,3.9999642,5,49.18082,1.215169110184995,0.9597813224871435,2541.1640860954353,1.0435141,0.89421302,0.0,True,1.1636726071294965,0.9401108317410005
599,3540,358.57828,1075,3222.7969,4.0062218,5,252.82138,1.3464424314912666,1.0115397820597969,2930.461923512826,1.0885556,1.0340909,0.0,True,1.2690763820438866,1.0183051174418578
600,0,360.26294,1075,3207.7266,1.0094663,2,13.031548,1.3527642445002943,0.0,249.71524112123674,1.073853,0.0,0.0,True,1.269090871150206,0.0
601,294872,520.89551,1075,2218.5352,2.0010488,4,63.638687,1.95538597140973,1.6343596671228366,6560.316105887617,1.2159636,1.3825458,0.0,True,1.7335592599868108,1.5588155069859857
602,1036,353.8045,1075,3266.2812,4.0546489,5,73.726646,1.3285280896581049,0.858107755813813,2457.1903190759867,1.0426729,0.71205032,0.0,True,1.2427715327606734,0.8142905250696691
603,299163,521.17542,1075,2217.3438,2.0232477,4,43.457306,1.9564356721574632,1.6363483846090972,6571.37085816705,1.2159532,1.3825589,0.0,True,1.7342909305102243,1.560211539226368
604,1922,361.77228,1075,3194.3438,3.0096455,4,44.93647,1.3584281450266702,0.9369976247972556,2735.7804550570236,1.0761149,0.87311321,0.0,True,1.2737341715186692,0.917832300358079
605,14308,372.5405,1075,3102.0117,4.0039029,5,47.505371,1.398836022139188,1.190015471343796,3564.7334504368982,1.0773214,1.0373396,0.0,True,1.3023816354974316,1.1442127099406574
606,300510,521.49695,1075,2215.9766,2.0031502,4,59.859867,1.957641653704326,1.6370622706300069,6577.767736171619,1.2159444,1.3830196,0.0,True,1.735132477593028,1.5608494694410049
607,303482,521.65601,1075,2215.3008,2.0122118,4,15.453807,1.9582383134942714,1.638404329458384,6584.907721914836,1.2159337,1.3830442,0.0,True,1.73554692944599,1.5617962906208689
608,31097,386.64365,1075,2988.8633,4.1049876,6,46.732483,1.4517558790137612,1.2925223685868508,3999.801858919139,1.1508446,1.1554126,0.0,True,1.361482495309633,1.2513894380107955
609,7136,377.78351,1075,3058.9609,4.0714374,6,207.19035,1.4185099127210343,1.105426303502743,3352.144071281592,1.149879,1.1519052,0.0,True,1.337920638904724,1.1193699724519202
610,19940,384.33307,1075,3006.832,4.02918,6,206.5786,1.4430860144738884,1.2360772467360053,3805.121589618126,1.0958301,1.0531071,0.0,True,1.3389092401317217,1.1811862027152036
611,1943,273.45398,1075,4226.0312,2.4025536,3,139.30269,1.026956324045456,0.906916104328736,2070.871709276248,0.94443351,0.8658644,0.0,True,1.0021994798318192,0.8946005930301152
612,0,246.11494,1075,4695.4688,0.43873921,1,23.570896,0.9243283061510699,0.0,170.59387675468008,0.9043839,0.0,0.0,True,0.918344984305749,0.0
613,22431,388.39337,1075,2975.3984,3.9808559,6,205.3206,1.4583212576125177,1.2524149540773444,3891.036780884488,1.0845419,1.0171468,0.0,True,1.3461874503287623,1.181834507854141
614,25764,360.97375,1075,3201.4102,2.9793849,5,52.323887,1.355431589467218,1.2582279200003446,3666.3421808282314,1.0448329,0.93514901,0.0,True,1.2622519826270526,1.161304247000241
615,26606,361.77139,1075,3194.3516,3.008276,5,49.815208,1.3584248300786117,1.2625565038066913,3686.076827126721,1.0465443,0.96689695,0.0,True,1.264860671055028,1.1738586376646838
616,26281,361.95242,1075,3192.7539,4.0101595,6,110.20515,1.3591041798560755,1.261111695442014,3683.4730926018565,1.047081,0.96804518,0.0,True,1.2654972258992527,1.17319174080941
617,0,270.88623,1075,4266.0898,1.9902403,2,67.250549,1.0173177188309155,0.0,187.76402657701288,0.9457835,0.0,0.0,True,0.9958574531816409,0.0
618,22772,384.3096,1075,3007.0156,3.8537064,5,46.458954,1.4429979622244227,1.2526474431859964,3855.9222611765103,1.0958298,1.0632838,0.0,True,1.3388475135570959,1.1958383502301975
619,288108,521.19281,1075,2217.2695,3.1903145,5,107.10284,1.9565011726162589,1.631468903014983,6551.965698897768,1.2153358,1.3820341,0.0,True,1.7341515608313811,1.556638462110488
620,29841,413.76572,1075,2792.9453,3.0406861,5,209.90187,1.553519984488247,1.2983579577347704,4263.320160234763,1.1649809,1.1884023,0.0,True,1.4369582591417729,1.2653712604143392
621,2034,301.24615,1075,3836.1484,4.0525646,5,240.80203,1.1312755335623548,0.9230880525469227,2295.116809115058,0.98855054,0.7406888,0.0,True,1.0884580354936484,0.8683682767828459
622,11376,383.03183,1075,3017.0469,4.0325918,6,241.42569,1.4382033545426203,1.1655206336567492,3577.3016243319266,1.1038393,1.0562577,0.0,True,1.3378941381798342,1.1327417535597244
623,2151,301.50958,1075,3832.7969,4.0076246,5,241.80997,1.132264235193655,0.9299599747912631,2313.97069829098,0.98930186,0.80916941,0.0,True,1.0893755226355584,0.8937228053538843
624,44415,435.57959,1075,2653.0742,4.0627289,6,241.68732,1.6353604652937754,1.3572469127480309,4661.301649158534,1.1652578,1.2353935,0.0,True,1.4943296657056426,1.3206908889236217
625,27735,360.85574,1075,3202.457,3.0354033,5,50.948406,1.3549888106164316,1.2673084110507835,3691.7427820977564,1.0490679,1.0297322,0.0,True,1.2632125374315022,1.1960355477355484
626,25220,360.40295,1075,3206.4805,3.0313292,5,50.670933,1.3532896270061476,1.2553384354231083,3652.8539754712315,1.0479324,1.0247935,0.0,True,1.2616824589043034,1.1861749547961757
627,23923,360.30551,1075,3207.3477,3.0113585,5,48.530975,1.352923953706075,1.248757669714363,3632.8448772029947,1.0478237,1.0177197,0.0,True,1.2613938775942526,1.1794462788000541
628,20187,359.78055,1075,3212.0273,3.0950894,6,49.772114,1.3509541064263824,1.2275068772351894,3566.466160611196,1.0469869,1.0019325,0.0,True,1.2597639444984676,1.1598345640646326
629,13886,384.21127,1075,3007.7852,4.0088139,5,46.256191,1.4426289886406176,1.1908565048797248,3664.9069459125544,1.1040603,1.0633985,0.0,True,1.3410583820484323,1.1526191034158075
630,10288,320.56555,1075,3604.957,3.027993,5,52.663185,1.2037857338198095,1.1279388184149757,2961.6819808585838,1.0750567,1.0036161,0.0,True,1.1651670236738667,1.0906420028904829
631,303106,521.66156,1075,2215.2773,2.9593215,5,68.856331,1.95825906804778,1.6382456737880688,6584.331069321382,1.2159338,1.3830308,0.0,True,1.7355614876334462,1.561681211651648
632,9867,320.47177,1075,3606.0117,3.02389,5,51.672546,1.20343384116562,1.1227981921602188,2947.4281605080673,1.0736635,0.9905026,0.0,True,1.164502738815934,1.0831095145121532
633,24775,375.83115,1075,3074.8516,3.9677124,5,46.79253,1.4111838800095196,1.2596672025921272,3802.535958249762,1.078613,1.0648834,0.0,True,1.3114126160066637,1.201232061814489
634,13006,372.13516,1075,3105.3906,3.112973,5,19.967987,1.3973149623035799,1.1779914729043799,3525.3553913334486,1.0766293,1.0305247,0.0,True,1.301109263612506,1.1337514410330658
635,1306,249.68224,1075,4628.3828,3.9512835,5,14.386468,0.9377201770664616,0.8501149875007721,1791.7833063641924,0.96227658,0.86348164,0.0,True,0.9450870979465231,0.8541249832505404
636,11624,320.77444,1075,3602.6094,3.0132167,5,52.358227,1.204569732049608,1.1429343075674,3002.7692917014383,1.0728403,0.9430061,0.0,True,1.1650509024347255,1.08295584529718
637,749,282.61395,1075,4089.0586,4.0509419,5,51.977768,1.0613398153479148,0.7959876950615002,1871.3016057973864,0.96721697,0.68590099,0.0,True,1.0331029617435403,0.7629616835430502
638,19678,385.14966,1075,3000.457,3.0737069,5,47.975071,1.446150062799067,1.2347528695196022,3808.112637707217,1.1485571,1.1324452,0.0,True,1.356872173959347,1.2040605686637216
639,1880,283.45825,1075,4076.8789,4.1319041,6,52.909595,1.0645090196478983,0.9068703056489831,2137.3008069903335,0.97128773,0.86334479,0.0,True,1.0365426327535288,0.8938126509542881
640,11207,321.56696,1075,3593.7305,3.2913675,5,37.268337,1.2075441635855353,1.1388169319229136,2998.442213051393,1.0708135,0.91856271,0.0,True,1.1665249645098748,1.0727406653460396
641,24723,375.7858,1075,3075.2227,4.0905519,6,13.941206,1.4110136972216858,1.2593867181548923,3801.2876237130627,1.0786124,1.0597528,0.0,True,1.31129330805518,1.1994965427084245
642,991,259.91599,1075,4446.1484,3.2254305,4,10.334998,0.9761372572690017,0.8213498484530212,1793.6102422686586,0.96524388,0.86482847,0.0,True,0.9728692440883011,0.8343934349171148
643,2528,283.55499,1075,4075.4883,3.4653764,5,33.190578,1.0648720632997275,0.9425147663123394,2221.929694160313,0.96844506,0.86436558,0.0,True,1.0359439623098092,0.9190700104186376
644,11469,322.05215,1075,3588.3164,2.7061985,4,45.4613,1.2093651075157328,1.1418491607417502,3010.407395831471,1.0683156,0.92658079,0.0,True,1.167050255261013,1.0772686495192252
645,0,247.60919,1075,4667.1328,1.3180451,2,11.393314,0.9299378632155201,0.0,171.6296119292318,0.92835635,0.0,0.0,True,0.9294634092508641,0.0
646,16410,380.98428,1075,3033.2617,2.0858421,4,11.920311,1.430520267528002,1.2104320693005217,3697.7450537333493,1.1472689,1.1309676,0.0,True,1.3455448572696014,1.1865927285103652
647,20988,375.37766,1075,3078.5664,2.9707568,5,58.893864,1.409482158573663,1.2388291151292277,3735.683927127068,1.0776033,1.034132,0.0,True,1.3099185010015642,1.1774199805904595
648,2449,285.37308,1075,4049.5234,3.1354346,4,47.75354,1.0716964831306413,0.9394190481048688,2227.1232544116788,1.0230331,0.88544947,0.0,True,1.057097468191449,0.9232281746734081
649,0,283.97495,1075,4069.4609,1.0124934,2,29.2785,1.0664485023303303,0.0,196.8364359421514,1.0208495,0.0,0.0,True,1.052768801631231,0.0
650,27278,360.91473,1075,3201.9336,3.0618067,5,53.565647,1.3552101638752747,1.2652759312421866,3686.3502493866445,1.0465308,0.97999227,0.0,True,1.2626063547126922,1.1796908328695306
651,294682,529.25348,1075,2183.5,2.013438,4,10.918141,1.9867322713802327,1.6376542948837414,6665.237785394875,1.2168925,1.3824344,0.0,True,1.755780339966163,1.561088326418619
652,25180,388.7782,1075,2972.4531,4.0290942,6,49.767799,1.4597652856256158,1.267023371948476,3939.833465332798,1.0850093,1.0314127,0.0,True,1.347338489937931,1.1963401703639331
653,27011,360.66086,1075,3204.1875,3.0180249,5,50.32803,1.3542574721851104,1.2639473954507532,3680.2099278336664,1.047022,1.001496,0.0,True,1.2620868305295772,1.1852119768155271
654,301416,531.25409,1075,2175.2773,3.1294851,5,100.36038,1.9942353595022086,1.6413966426670232,6702.436157968497,1.2210271,1.3828473,0.0,True,1.7622728816515458,1.5638318398669162
655,24738,383.58759,1075,3012.6758,2.9196093,4,46.933178,1.4402886635775225,1.262689406715294,3880.439819632893,1.093045,1.0618597,0.0,True,1.336115564504266,1.202440494700706
656,30609,418.09521,1075,2764.0234,4.0947108,6,48.533852,1.5697637912613098,1.3032674625902259,4318.553379806353,1.1694036,1.2004942,0.0,True,1.4496557338829168,1.2724354838131582
657,326109,531.33044,1075,2174.9648,3.9573622,6,99.547142,1.9945216289677712,1.6516716951030062,6745.23626600296,1.2211915,1.3842118,0.0,True,1.7625225902774397,1.5714337265721041
658,30199,388.29193,1075,2976.1758,2.9886754,5,41.206207,1.4579405886991286,1.289546049780277,4005.4760043322162,1.0843127,1.0861198,0.0,True,1.34585222208939,1.228518174846194
659,0,282.28012,1075,4093.8945,2.0301895,2,68.755402,1.060086723205761,0.0,195.66166930612303,0.97729671,0.0,0.0,True,1.0352497192440326,0.0
660,325708,530.92706,1075,2176.6172,3.0364223,5,86.223572,1.9930088586014552,1.6513486737031713,6739.4621074068245,1.2211772,1.3856051,0.0,True,1.7614593610210185,1.5716256015922199
661,6369,359.51999,1075,3214.3555,5.0367727,6,51.300827,1.3499762010454064,1.0845731894306736,3149.2195667402025,1.0439587,0.8977226,0.0,True,1.2581709507317844,1.0285180126014715
662,321181,530.85846,1075,2176.8984,2.0077846,4,18.191721,1.9927516487696253,1.6495001795544266,6731.161228764473,1.2213339,1.3858149,0.0,True,1.7613263241387378,1.5703945956880987
663,8057,358.85709,1075,3220.293,7.9942932,8,102.20917,1.3474886917798903,1.1134245937919711,3227.7561578470877,1.0464569,0.91783756,0.0,True,1.2571791542459232,1.0547484836543797
664,52149,437.39697,1075,2642.0508,4.9763288,7,47.877655,1.6421785009204433,1.378333165465798,4750.961551702528,1.1655529,1.2337476,0.0,True,1.4991908206443103,1.3349574958260586
665,321469,530.78992,1075,2177.1797,3.0131028,5,97.580467,1.9924944138849578,1.6495890867193828,6730.767895713408,1.2214922,1.3867685,0.0,True,1.7611937497194703,1.570742910703568
666,12185,363.42059,1075,3179.8555,2.9939353,4,47.441196,1.3646136284634856,1.1664501069838982,3419.1063705740394,1.0805749,0.97394103,0.0,True,1.2794020099244399,1.1086973838887286
667,129,307.19357,1075,3761.8789,3.0480838,4,42.081314,1.1535980552141298,0.5911886329848529,1497.6292701686057,1.0351098,0.41282684,0.0,True,1.118051578649891,0.5376800950893971
668,306284,531.22644,1075,2175.3906,3.9730155,6,100.35072,1.994131589941418,1.6434699281220242,6710.598256867009,1.2214828,1.3880267,0.0,True,1.7623369529589925,1.5668369596854168
669,10453,363.4108,1075,3179.9414,2.0280485,4,24.955584,1.3645767892210392,1.1474390857606622,3363.307213575526,1.0805742,0.94912136,0.0,True,1.2793760124547273,1.0879437680324635
670,22553,381.66599,1075,3027.8438,3.0591106,5,73.545921,1.4330782923863925,1.2503645294947268,3825.709982978066,1.0898277,1.0490706,0.0,True,1.330103114670475,1.1899763506463086
671,39921,419.52527,1075,2754.6016,4.0090017,6,44.538273,1.5751290934103421,1.3373550744632696,4444.747683048114,1.1723082,1.2122717,0.0,True,1.4542828253872393,1.2998300621242889
672,29689,387.74789,1075,2980.3516,2.0297732,4,30.698717,1.4558992236534078,1.2871915511585335,3993.2601285865867,1.0834644,1.0813178,0.0,True,1.3441687765573853,1.2254294258109735
673,1977,310.82227,1075,3717.9609,4.0175252,5,99.071648,1.1672174777701287,0.9231432857503992,2359.2488677197557,1.043517,0.7026397,0.0,True,1.13010733443909,0.8569922100252794
674,9674,327.41888,1075,3529.5,3.031383,5,70.655434,1.229506832536174,1.1233254423490848,3004.8552969894736,1.0485114,0.95275819,0.0,True,1.1752082027753217,1.0721552666443595
675,2709,310.89673,1075,3717.0703,3.0293906,5,44.426971,1.1674969895302862,0.961467613683145,2457.6612993209174,1.0406096,0.91453522,0.0,True,1.1294307726712005,0.9473878955782015
676,28426,387.74789,1075,2980.3516,3.0118999,5,48.584827,1.4558992236534078,1.2817582349098553,3976.4049625438743,1.0834644,1.0752478,0.0,True,1.3441687765573853,1.2198051044368987
677,10599,327.57623,1075,3527.8047,4.0020218,6,100.78532,1.230097341958182,1.1345685360155113,3036.2069872785314,1.0481657,0.93494666,0.0,True,1.1755178493707275,1.074681973210858
678,201,285.54028,1075,4047.1523,2.9834023,3,47.50304,1.0723240464680714,0.6390491130456417,1517.134322953266,0.97082341,0.53949279,0.0,True,1.0418738555276499,0.6091822161319492
679,286,289.28113,1075,3994.8164,3.0092094,4,48.298756,1.0863654830633447,0.6823994411566826,1638.187606839069,0.99990386,0.65758055,0.0,True,1.0604269961443413,0.6749537738096778
680,38412,419.50507,1075,2754.7344,3.0127933,5,74.642143,1.575053214811517,1.3324831726355055,4428.369878486168,1.172308,1.2137017,0.0,True,1.4542296503680618,1.296848730844854
681,3812,368.95508,1075,3132.1562,3.0086157,5,52.709145,1.385381934410767,1.0243138788232158,3042.5636372875006,1.1153694,1.1588931,0.0,True,1.3043781740875369,1.064687645176251
682,0,368.46017,1075,3136.3633,1.0126406,2,30.447712,1.3835247751914186,0.0,255.39712798413814,1.1157128,1.1616271,9.509475124498437,True,1.303181182633993,0.34848813000000006
683,7581,383.53735,1075,3013.0703,3.9836745,6,133.40654,1.4401002122907378,1.1150593635870083,3426.3938848888833,1.1221884,1.1037761,0.0,True,1.3447266686035164,1.1116743845109058
684,0,364.19415,1075,3173.1016,2.0040805,3,93.766983,1.3675163588785626,0.0,252.4401482489258,,,,False,1.3675163588785626,0.0
685,4442,364.49164,1075,3170.5117,4.0356913,6,149.73169,1.3686327395109366,1.0417348381321465,3061.478331718985,1.1232482,1.1002518,0.0,True,1.2950173776576555,1.0592899266925024
686,0,520.85791,1075,2218.6953,2.0118451,3,74.944511,1.9552449987629994,0.0,361.0311917888457,1.2226868,1.3922222,13.437242333681958,True,1.7354775391340995,0.4176666600000001
687,11521,372.28406,1075,3104.1484,3.4845905,5,62.60696,1.3978737716142275,1.1629744784539762,3481.6378755452647,1.1529989,1.1295305,0.0,True,1.3244113101299593,1.1529412849177834
688,228,251.60742,1075,4592.9688,3.9864953,4,59.214931,0.9449473039080263,0.6443453080008898,1368.261104673548,0.94324571,0.43290269,0.0,True,0.9444368257356184,0.5809125226006229
689,3562,326.60019,1075,3538.3477,4.1851306,5,100.59598,1.2264341660852969,1.0007458798110322,2671.144982295092,1.0468595,0.76470065,0.0,True,1.1725617662597079,0.9299323108677225
690,8608,327.32617,1075,3530.5,2.8438683,5,30.224337,1.2291587768157108,1.1089980995295843,2965.797550221212,1.0488671,0.97164786,0.0,True,1.1750712737709976,1.067793027670709
691,0,248.03268,1075,4659.1641,2.068167,3,247.64111,0.9315276797702743,0.0,171.92315282872713,0.96108037,0.0,0.0,True,0.9403934868391921,0.0
692,13826,371.84,1075,3107.8555,2.9504542,5,292.55447,1.3962074376450926,1.1854767854343686,3545.290185859277,1.0756173,1.0256768,0.0,True,1.300030396351565,1.137536789804058
693,7332,362.60367,1075,3187.0195,3.1901379,5,71.281319,1.3615480805625362,1.103170567529113,3227.2728680278988,1.1654193,1.1386977,0.0,True,1.3027094463937754,1.113828707270379
694,0,229.09465,1075,5044.3125,1.0071331,2,18.071974,0.8604309342914254,0.0,158.79631072886747,0.9472391,0.0,0.0,True,0.8864733840039978,0.0
695,1602,271.7272,1075,4252.8867,3.8564954,4,48.415543,1.0204745003201845,0.8831475069973826,2005.4162406729142,1.0365359,0.94289017,0.0,True,1.0252929202241292,0.901070305898168
696,19977,375.40433,1075,3078.3477,3.0008559,5,240.07701,1.4095822296624172,1.2326946511663899,3717.417727690055,1.0776041,1.0254314,0.0,True,1.309988790763692,1.170515675816473
697,72045,437.2735,1075,2642.7969,3.7020197,6,45.628017,1.641715240630197,1.419292820764825,4890.9364394764625,1.1658834,1.2265121,0.0,True,1.4989656884411378,1.3614586045353776
698,1921,247.47043,1075,4669.75,2.9557028,3,31.110975,0.9294168949754371,0.8948599167959059,1871.2827342868059,0.93289334,0.86513412,0.0,True,0.930459828482806,0.8859421777571341
699,0,202.26537,1075,5713.4102,0.97169429,1,25.818581,0.7597010935630654,0.0,140.19967094041414,0.85021085,0.0,0.0,True,0.7868540204941458,0.0
700,3897,319.5296,1075,3616.6445,3.0234573,4,37.942093,1.1998977459934235,1.0090415669002337,2642.022633651454,1.034184,0.8304401,0.0,True,1.1501836221953965,0.9554611268301636
701,1936,324.64368,1075,3559.6719,2.8019075,4,29.914879,1.2190913427768286,0.925489045358609,2457.3616997365953,1.0415716,0.82959616,0.0,True,1.1658354199437801,0.8967211797510263
702,933,279.80707,1075,4130.0781,3.1107247,4,29.053516,1.0508038023534692,0.8213833340571234,1914.0332815589368,0.97253937,0.6504904,0.0,True,1.0273244726474284,0.7701154538399864
703,4508,347.08014,1075,3329.5625,4.1677308,6,18.75572,1.3032933883430067,1.0372722666438947,2920.3504962383035,1.0538279,0.89530301,0.0,True,1.2284537418401047,0.9946814896507263
704,4767,319.83914,1075,3613.1445,2.5885835,5,11.728444,1.201059426283375,1.0337499087630788,2709.002947041454,1.0354334,0.94109297,0.0,True,1.1513716183983624,1.0059528271341551
705,1184,318.84705,1075,3624.3867,4.7049999,5,22.990101,1.1973360091745038,0.8635025439496912,2256.908331534304,1.0213939,0.67998147,0.0,True,1.1445533764221527,0.8084462217647839
706,17864,341.78635,1075,3381.1328,3.3115363,5,50.833027,1.2834268223527905,1.2047220264085208,3346.312149151419,1.0567256,1.0458513,0.0,True,1.2154164556469533,1.1570608084859646
707,5172,320.15686,1075,3609.5586,3.0189772,5,33.495949,1.202251952689207,1.0438267819351377,2737.789808896472,1.0367057,0.96293801,0.0,True,1.152588076882445,1.0195601503545964
708,59243,435.63284,1075,2652.75,4.8627734,6,26.076082,1.6355601767027022,1.3938035826418556,4787.359505354619,1.1656122,1.222298,0.0,True,1.4945757836918916,1.342351907849299
709,8711,327.67783,1075,3526.7109,4.0325623,6,48.838318,1.2304786371423906,1.1105996567457528,2972.880522710318,1.0475931,0.91176784,0.0,True,1.1756129759996734,1.050950111722027
710,22610,380.88077,1075,3034.0859,3.0217547,5,94.140205,1.4301319271307502,1.2503584898637887,3818.800494659562,1.0884731,1.0421706,0.0,True,1.3276342789915252,1.187902122904652
711,0,243.82445,1075,4739.5781,1.9484422,2,95.70195,0.9157295920321336,0.0,169.00623006907935,0.94062185,0.0,0.0,True,0.9231972694224935,0.0
712,9558,327.72684,1075,3526.1836,3.9890809,5,50.090302,1.2306625366949437,1.1219779997856452,3003.728900887375,1.0470408,0.88510692,0.0,True,1.1755760156864605,1.0509166758499515
713,27714,387.78143,1075,2980.0938,2.974438,5,104.57619,1.4560250851604661,1.2786016613031301,3966.9129556186913,1.0834647,1.0704138,0.0,True,1.3442569696123263,1.2161453029121911
714,0,229.9771,1075,5024.957,1.024985,2,69.219681,0.863743887027778,0.0,159.4079784583526,0.88426363,0.0,0.0,True,0.8698998099194446,0.0
715,33113,419.11755,1075,2757.2812,2.0078332,4,122.39729,1.573599450139949,1.3135928372904824,4362.067173383809,1.1723007,1.2128795,0.0,True,1.4532098250979644,1.2833788361033376
716,3265,286.33316,1075,4035.9453,3.9865546,4,47.432076,1.0753001976281102,0.9744190415611215,2316.9012463063555,0.97246635,0.91307664,0.0,True,1.0444500433396773,0.956016321092785
717,0,248.0797,1075,4658.2812,2.0141487,3,49.088837,0.9317041596334354,0.0,171.95574460915705,0.94013977,0.0,0.0,True,0.9342348427434048,0.0
718,5259,322.39575,1075,3584.4922,4.0088415,5,41.686077,1.2106546276892776,1.0467523351657289,2762.3114175933047,1.0457631,1.0003543,0.0,True,1.1611871693824942,1.0328329246160102
719,1832,320.91153,1075,3601.0703,6.1866732,6,24.621986,1.2050842802321948,0.9174450782718429,2411.410957444933,1.0657434,0.86091322,0.0,True,1.1632820161625363,0.90048552079029
720,4695,313.17053,1075,3690.082,4.911912,5,31.248688,1.1760311334096856,1.0292480407909699,2647.7563929850953,1.0362468,0.97818196,0.0,True,1.1340958333867799,1.013928216553679
721,10510,341.11127,1075,3387.8242,3.5094233,6,50.223156,1.2808933805775233,1.1391774149640188,3158.783395134878,1.0567307,1.0279726,0.0,True,1.2136445764042663,1.1058159704748132
722,3327,351.9169,1075,3283.8008,5.171072,6,12.834829,1.3214444950836637,1.0015383230649373,2854.196411122966,1.0388583,0.90673369,0.0,True,1.2366686365585646,0.9730969331454562
723,258,257.04565,1075,4495.7969,3.4343534,5,101.09065,0.9653622597101924,0.6606175989583681,1429.3490242874466,0.93894124,0.57927471,0.0,True,0.9574359537971346,0.6362147322708577
724,1625,306.18286,1075,3774.2969,3.0061798,4,34.458099,1.1498045556485506,0.897667865153404,2264.0670478186116,0.98520082,0.85206652,0.0,True,1.1004234349539854,0.8839874616073828
725,4521,362.15091,1075,3191.0039,2.9874315,4,169.36458,1.359849068490489,1.0430880885724596,3048.1991375734015,1.079114,0.87229073,0.0,True,1.2756285479433422,0.9918488810007217
726,62007,436.05661,1075,2650.1719,2.479543,5,100.78411,1.6371500576947893,1.3997593816690865,4811.8998725661095,1.1656175,1.2233225,0.0,True,1.4956902903863525,1.3468283171683606
727,14031,404.57028,1075,2856.4258,4.575943,6,115.47955,1.519019097540156,1.1998799224005194,3863.309157955531,1.0822001,0.98743695,0.0,True,1.3879733982781093,1.1361470306803636
728,1016,311.08273,1075,3714.8477,3.9859686,4,64.877136,1.1681951291955004,0.842318021596751,2154.433060792013,1.0364305,0.80152076,0.0,True,1.1286657404368503,0.8300788431177257
729,1354,230.19003,1075,5020.3086,2.1325753,4,23.958164,0.8645433255737208,0.8462436846119525,1660.1982800729274,0.93829244,0.86104488,0.0,True,0.8866680599016046,0.8506840432283669
730,3805,282.21576,1075,4094.8281,3.9808826,4,51.144867,1.0598451468104062,0.9911184844301846,2326.7551394960215,0.97517115,0.79676574,0.0,True,1.0344429477672843,0.9328126611011293
731,0,229.45714,1075,5036.3438,1.0145328,2,45.202126,0.8617918013259632,0.0,159.04756965034866,0.93713254,0.0,0.0,True,0.8843940229281744,0.0
732,7295,362.61258,1075,3186.9414,2.9977884,5,169.33292,1.3615814260812376,1.1025469187255565,3225.5181603231977,1.1654196,1.1452591,0.0,True,1.3027328782568663,1.1153605731078897
733,10972,326.46539,1075,3539.8086,4.0058632,6,104.06191,1.2259282952504826,1.1383289922015836,3037.2002777392668,1.0776801,0.9949075,0.0,True,1.1814538366753378,1.0953025445411084
734,18052,380.66855,1075,3035.7773,2.0092437,4,146.07191,1.429335645868938,1.2221985123433396,3730.979107904111,1.0880412,1.0271673,0.0,True,1.3269473121082564,1.1636891486403376
735,10412,326.4798,1075,3539.6523,2.9992123,5,47.76696,1.2259823978490205,1.1319256120274421,3020.234049652567,1.0776815,0.99363428,0.0,True,1.1814921284943143,1.0904382124192096
736,11320,326.4791,1075,3539.6602,3.0089483,5,52.873783,1.225979663182114,1.1421551006660307,3047.5201431527867,1.0776815,0.99112505,0.0,True,1.18149021422748,1.0968460854662214
737,9833,326.4834,1075,3539.6133,2.9931087,5,48.320595,1.2259958982821468,1.1249270245756948,3001.59132614843,1.0781024,0.90496403,0.0,True,1.1816278487975027,1.0589381262029864
738,19194,375.3605,1075,3078.707,3.5206194,6,96.516594,1.409417831394384,1.2276997083168726,3701.976866938475,1.0776033,1.0190884,0.0,True,1.3098734719760687,1.1651163158218107
739,379,306.71774,1075,3767.7148,2.3410165,4,70.88958,1.1518121686822298,0.7213305311212912,1822.761993612274,0.98522013,0.68736964,0.0,True,1.101834557077561,0.7111422637849039
740,894,257.50385,1075,4487.7969,2.9912097,4,68.659401,0.9670823593605088,0.8082041759652214,1750.4958284116344,0.93986571,0.8266204,0.0,True,0.9589173645523561,0.8137290431756551
741,2395,293.76544,1075,3933.8359,2.9572561,4,11.213586,1.1031972595964934,0.9400134459260833,2286.07479128184,0.96344984,0.87933749,0.0,True,1.0612730337175456,0.9218106591482583
742,13118,291.51135,1075,3964.2539,4.0212898,5,283.1301,1.094736617618327,1.144341303417107,2764.07944720445,1.002278,0.96617097,0.0,True,1.066999032332829,1.090890203391975
743,60955,436.05533,1075,2650.1797,2.0226376,4,69.142616,1.6371452428738136,1.397588366119586,4804.424475509913,1.1656175,1.2229059,0.0,True,1.4956869200116696,1.3451836262837102
744,5780,323.11441,1075,3576.5195,1.9942868,4,11.547762,1.213351884515789,1.0585786448088663,2798.9801671803343,1.0441196,0.97876525,0.0,True,1.162582199161052,1.0346346263662065
745,5068,322.87286,1075,3579.1953,2.0235078,4,33.254547,1.2124452914091277,1.042421693763369,2754.459395639309,1.0417973,0.95506585,0.0,True,1.1612508939863895,1.0162149406343584
746,3565,322.85419,1075,3579.4023,3.0296044,4,66.481567,1.2123752137819028,0.9994392463549873,2640.7794498650946,1.0415548,0.90028566,0.0,True,1.161129089647332,0.9696931704484911
747,10762,403.91794,1075,2861.0391,1.5289322,4,116.92351,1.5165714569184536,1.166317008903573,3749.9590128223836,1.0812289,0.92166269,0.0,True,1.3859686898429175,1.0929207132325012
748,61485,435.5065,1075,2653.5195,2.0605652,4,91.237587,1.6350862342006898,1.3984633499671162,4802.147719762841,1.1655706,1.2216897,0.0,True,1.4942315439404827,1.3454312549769814
749,2056,321.65192,1075,3592.7812,3.062341,5,48.893982,1.2078630485497972,0.9317848513154158,2454.040080228768,1.0449183,0.9714238,0.0,True,1.158979623984858,0.943676535920791
750,0,248.75116,1075,4645.707,1.9902899,3,80.382591,0.9342248508999165,0.0,172.42116521501583,0.94125116,0.0,0.0,True,0.9363327436299416,0.0
751,1894,231.25453,1075,4997.1992,2.0078127,4,243.84262,0.868539781151649,0.8860828499563563,1745.3939543335841,0.8864553,0.86188036,0.0,True,0.8739144368061543,0.8788221029694494
752,22710,387.76364,1075,2980.2305,2.0205846,4,244.94286,1.4559583436295411,1.2537061596737842,3889.520850756994,1.0834646,1.0495213,0.0,True,1.344210220540679,1.1924507017716488
753,0,250.67787,1075,4610.0,1.9617589,2,98.31562,0.9414578011928662,0.0,173.7566588192725,0.94244814,0.0,0.0,True,0.9417549028350063,0.0
754,28435,419.09143,1075,2757.4531,2.0335536,4,207.79231,1.573501422836829,1.2943603342364196,4297.9696941814855,1.1723002,1.2174969,0.0,True,1.4531410559857803,1.2713013039654937
755,1253,290.12854,1075,3983.1484,4.0282207,6,573.73846,1.0895462209390994,0.8605059106469735,2070.0354658241667,1.0015243,0.82167083,0.0,True,1.0631396446573695,0.8488553864528814
756,0,260.35471,1075,4438.6562,1.9874601,2,43.754757,0.9777841795321822,0.0,180.4641331820022,0.94744885,0.0,0.0,True,0.9686835806725276,0.0
757,10126,342.5307,1075,3373.7852,2.9891589,4,104.00958,1.2862202782041638,1.1351783788726124,3159.1809048672385,1.0538856,0.99123651,0.0,True,1.2165198747429147,1.0919958182108287
758,21624,417.89975,1075,2765.3164,2.0434158,4,77.517044,1.569030335346366,1.2593505061107244,4171.329697155047,1.1732239,1.2220125,0.0,True,1.450288404742456,1.248149104277507
759,9981,326.48196,1075,3539.6289,3.0089438,4,52.471874,1.2259904980732166,1.1267541914399073,3006.4544852761296,1.0781024,0.81496477,0.0,True,1.1816240686512516,1.033217365007935
760,0,313.92023,1075,3681.2695,3.5185895,3,20.844265,1.1788448765699873,0.0,217.59292234522957,1.0154572,0.0,0.0,True,1.129828573598991,0.0
761,4946,362.41711,1075,3188.6602,3.0283749,5,189.16595,1.3608479458581952,1.054316312247373,3082.9876673246163,1.1657345,1.1555438,0.0,True,1.3023139121007365,1.0846845585731613
762,15058,375.24243,1075,3079.6758,3.3186395,5,81.859711,1.4089747465004263,1.1974441172807753,3609.75619051596,1.0776016,0.99416435,0.0,True,1.3095628025502983,1.1364601870965427
763,168,250.64091,1075,4610.6797,2.9965892,3,188.65779,0.9413190729678236,0.608039808605447,1287.2411938388555,0.96678948,0.40416959,0.0,True,0.9489601950774764,0.5468787430238129
764,203,271.06271,1075,4263.3125,3.0114017,3,51.062538,1.0179801313740784,0.6362525234378568,1442.8695103023003,1.0366784,0.80787271,0.0,True,1.0235896119618548,0.6877385794064997
765,1910,250.72929,1075,4609.0547,2.8318167,3,282.65692,0.9416508069404379,0.8955663795167835,1894.4867194285564,0.96630013,0.86709434,0.0,True,0.9490456038583066,0.8870247676617484
766,0,210.04398,1075,5501.8242,0.83349478,1,15.461123,0.7889066258877779,0.0,145.59139253058953,0.88964134,0.0,0.0,True,0.8191270401214445,0.0
767,300,285.83023,1075,4043.0469,4.0048165,4,49.800945,1.0734123698544753,0.6871486703719288,1632.212667774473,0.97114456,0.70022345,0.0,True,1.0427320268981326,0.6910711042603501
768,11961,380.61615,1075,3036.1953,2.0064807,4,285.47119,1.4291389954758664,1.17085455983758,3573.823442141636,1.0880404,1.0128728,0.0,True,1.3268094168331066,1.123460031886306
769,12350,375.13538,1075,3080.5547,2.1710527,4,59.334438,1.4085730187047445,1.172726151425574,3534.3654696888084,1.0776,0.96791762,0.0,True,1.309281113093321,1.1112835919979018
770,1430,231.17195,1075,4998.9844,3.0111499,4,175.30872,0.8682297387493346,0.8530733207163969,1679.8866482396627,0.88630521,0.83753866,0.0,True,0.8736523801245343,0.8484129225014778
771,2668,401.14169,1075,2880.8398,3.4654741,4,45.0826,1.5061549306699242,0.9902824167631598,3164.9412448533476,1.0783161,0.77276725,0.0,True,1.377803281468947,0.9250278667342118
772,8340,352.42877,1075,3279.0312,4.0282612,5,50.72263,1.3233654648274904,1.1152044868126365,3182.0999020308927,1.0825008,0.89349401,0.0,True,1.2511060653792434,1.0486913437688457
773,6004,357.23471,1075,3234.918,4.0229368,4,70.482986,1.3414004862345905,1.0764179060547594,3108.1256844292247,1.0529273,0.78033876,0.0,True,1.2548585303642132,0.9875941622383315
774,3850,307.53781,1075,3757.668,4.2643318,4,38.141731,1.1548901070790023,1.0028832894878128,2539.139112681584,1.0569147,0.9251169,0.0,True,1.1254974849553017,0.9795533726414689
775,1927,212.61519,1075,5435.2891,2.3888366,2,19.51071,0.7985603302023243,0.8794378777369435,1608.3822496027842,0.89764541,0.86261636,0.0,True,0.828285854141627,0.8743914224158604
776,0,182.86143,1075,6319.6758,0.82351923,1,61.732948,0.6868437288577023,0.0,126.7498846376598,0.83169651,0.0,0.0,True,0.7302995632003916,0.0
777,12491,352.74857,1075,3276.0586,3.0407543,5,50.891258,1.324565515424739,1.165223048670195,3327.4503695278413,1.0824703,0.91036731,0.0,True,1.2519369507973175,1.0887663270691366
778,11156,353.73386,1075,3266.9336,2.5612044,4,52.243076,1.3282629476173815,1.1516581575104292,3296.7684495936205,1.0824066,0.91550279,0.0,True,1.254506043332167,1.0808115472573006
779,16618,291.98868,1075,3957.7734,2.9830298,5,55.48819,1.0965282455560459,1.1731136677980638,2837.651712116942,1.0022929,0.97766846,0.0,True,1.068257641889232,1.1144801054586446
780,16716,354.06534,1075,3263.875,3.2491937,5,53.47612,1.329506909817889,1.2017641114839532,3443.0167887637976,1.0824511,0.94328487,0.0,True,1.2553901668725223,1.1242203390387673
781,61932,435.25534,1075,2655.0508,3.0138574,5,115.51818,1.634143908389519,1.3992797709262808,4802.5310694593245,1.1656377,1.2216094,0.0,True,1.4935920458726633,1.3459786596483965
782,299,248.41362,1075,4652.0195,4.0698376,5,157.18938,0.9329577108779836,0.6753474008694816,1417.7239206054267,0.9096818,0.83582795,0.0,True,0.9259749376145885,0.7234915656086371
783,16129,291.9155,1075,3958.7656,3.0252447,5,58.822063,1.0962535574186714,1.1694731628846575,2828.222786224531,1.0030274,1.000201,0.0,True,1.0682857101930698,1.1186915140192601
784,8624,341.66159,1075,3382.3672,3.0239654,5,39.512363,1.2829587105978035,1.115070448855131,3096.3205197373345,1.0520157,0.97039092,0.0,True,1.2136758074184624,1.0716665901985918
785,11339,341.3667,1075,3385.2891,4.0521235,6,50.912853,1.281852021163915,1.1486219547165657,3187.0608741908513,1.0502257,0.95672673,0.0,True,1.2123641248147403,1.091053387301596
786,1965,276.60413,1075,4177.9023,4.0832281,6,55.222145,1.0387810689023758,0.9095106126332722,2097.8389717801138,0.97559446,0.84768939,0.0,True,1.0198250862316631,0.8909642458432905
787,61968,435.38345,1075,2654.2695,2.9955745,5,78.0746,1.6346245661825725,1.3994056375625559,4804.197611897372,1.1656394,1.2200809,0.0,True,1.4939290163278007,1.345608216293789
788,8607,339.61893,1075,3402.7109,4.0058417,6,152.76488,1.2752928241576982,1.11400645267006,3077.1388629510866,1.0472741,0.93987072,0.0,True,1.2068872069103886,1.061765732869042
789,17689,291.36063,1075,3966.3047,3.0730243,5,54.710495,1.094170863215594,1.180345900075799,2849.743346552976,1.0037522,1.0076666,0.0,True,1.0670452642509158,1.1285421100530593
790,400,275.59045,1075,4193.2695,4.0091877,5,47.773632,1.0349760317189391,0.7185323058100688,1652.5649295059557,0.97344726,0.42915601,0.0,True,1.0165174002032573,0.6317194170670482
791,693,249.56366,1075,4630.582,2.9816465,4,152.7502,0.9372750183594156,0.7750747178190056,1633.1225908965043,0.91339958,0.88976902,0.0,True,0.9301123868515909,0.809483008473304
792,59667,435.38602,1075,2654.2539,2.0121839,4,30.371517,1.6346341662224,1.3946079269063238,4787.751932309253,1.1656394,1.2197139,0.0,True,1.49393573635568,1.3421397188344266
793,1924,296.1554,1075,3902.0898,4.0054345,6,102.56654,1.1121679063584804,0.9144677476046037,2239.8826967100413,1.1097993,0.96532375,0.0,True,1.1114573244509363,0.9297245483232226
794,0,296.20343,1075,3901.457,1.9968292,3,37.136131,1.1123482029138527,0.0,205.31257237668513,1.1097982,0.97638166,6.991598213852686,True,1.111583202039697,0.2929144980000001
795,2245,364.18652,1075,3173.168,3.9932997,6,133.6819,1.3674877609945357,0.9570251677571033,2810.5553034347477,1.1234136,1.1011343,0.0,True,1.2942655126961748,1.0002579074299722
796,0,234.31406,1075,4931.9492,2.0188365,2,83.878128,0.8800259595501102,0.0,162.41413005455385,,,,False,0.8800259595501102,0.0
797,6434,301.40637,1075,3834.1094,3.0075653,5,50.331715,1.1318768383147515,1.0626518157626417,2643.2321426952158,1.1069061,1.0202329,0.0,True,1.1243856168203261,1.0499261410338492
798,3792,300.11697,1075,3850.582,3.0523958,5,51.966965,1.1270372386886245,0.9980808639514979,2473.3168155228113,1.1082329,1.0269569,0.0,True,1.121395937082037,1.0067436747660485
799,0,298.81711,1075,3867.332,1.0279599,2,16.23321,1.122158392999489,0.0,207.12423729957104,,,,False,1.122158392999489,0.0
800,11319,416.66138,1075,2773.5352,3.4221988,5,11.155533,1.5643841876339737,1.1772448610060047,3889.290105010233,1.0843935,0.93078929,0.0,True,1.4203869813437815,1.1033081897042032
801,259918,526.96735,1075,2192.9727,3.3394186,5,56.092934,1.9781582609667532,1.6204196728069167,6570.29698835334,1.2215858,1.3880363,0.0,True,1.7511865226767271,1.5507046609648416
802,1087,325.97403,1075,3545.1445,4.1167932,5,48.773472,1.2240841553259245,0.8553881083772484,2279.5413214734026,1.0101863,0.5636912,0.0,True,1.159914798728147,0.7678790358640739
803,11513,341.68686,1075,3382.1172,7.0368056,8,32.561451,1.2830534885439246,1.150627967962451,3195.2524885750877,1.0568918,1.0207218,0.0,True,1.2152049819807473,1.1116561175737156
804,2845,324.3248,1075,3563.1719,4.4311333,7,35.561657,1.2178945366144893,0.9724206646120036,2579.6862983272317,1.0084765,0.86923587,0.0,True,1.1550691256301424,0.9414652262284025
805,235,325.58621,1075,3549.3672,5.1960959,6,24.167639,1.2226286763873637,0.6683284248251709,1780.3249774042524,1.0243793,0.61112893,0.0,True,1.1631538634711547,0.6511685763776196
806,257834,526.91479,1075,2193.1914,4.1391692,6,114.74094,1.9779611832943123,1.6193524700271662,6565.399911181837,1.2215853,1.3880626,0.0,True,1.7510484183060187,1.5499655090190163
807,9007,411.85675,1075,2805.8906,3.1422558,5,55.33371,1.5463577459540263,1.1467561090420986,3750.3590633975527,1.0795811,0.91110724,0.0,True,1.4063247521678184,1.076061448329469
808,8418,390.03091,1075,2962.9062,4.4700403,6,31.613483,1.4644656816129626,1.130496127881223,3525.24176768765,1.0765215,0.97778738,0.0,True,1.3480824271290737,1.084683503516856
809,9863,341.85544,1075,3380.4492,4.3083372,7,51.002209,1.2836862055759768,1.1316650747058035,3143.9584771608247,1.0568947,1.0163268,0.0,True,1.2156487539031837,1.0970635922940626
810,11242,383.52344,1075,3013.1797,4.0026865,6,133.82249,1.4400479610225216,1.1642282008599392,3577.3493776401397,1.1221883,1.1025689,0.0,True,1.344690062715765,1.1457304106019575
811,4985,300.54474,1075,3845.1016,4.0854449,5,51.346474,1.1286427629313192,1.0313801974820822,2559.01517931451,1.1065022,0.71106732,0.0,True,1.1220005940519235,0.9352863342374576
812,7364,300.55389,1075,3844.9844,3.9472926,6,51.301674,1.128677147508448,1.0786390799886643,2676.321214665934,1.1065024,0.94180429,0.0,True,1.1220247232559137,1.0375886429920649
813,7081,301.24033,1075,3836.2227,3.989187,6,47.943409,1.131253634423427,1.0741893323210143,2670.6319348294537,1.1065996,0.98489279,0.0,True,1.123857424096399,1.04740036962471
814,4367,300.94186,1075,3840.0273,4.0186234,6,54.714512,1.1301334009525383,1.015513033631304,2522.5817718069834,1.1069633,0.99578702,0.0,True,1.123182370666777,1.0095952295419128
815,0,237.9252,1075,4857.0938,2.0637305,3,95.924522,0.8935829514345862,0.0,164.9171815641611,0.99618769,0.0,0.0,True,0.9243643730042104,0.0
816,9948,301.40576,1075,3834.1172,3.0093455,5,52.204861,1.13187453686282,1.1154502739374201,2774.538830696307,1.1069059,1.0044655,0.0,True,1.1243839458039742,1.0821548417561941
817,28455,400.21646,1075,2887.5,3.0153551,5,95.907028,1.5026832943767083,1.286971578804789,4104.679828104786,1.1238167,1.0764369,0.0,True,1.3890233160636958,1.2238111751633522
818,40,278.20514,1075,4153.8594,3.0150852,4,96.062958,1.044790730673299,0.4456724068197411,1039.838899428271,0.99716473,0.44082275,0.0,True,1.0305029304713094,0.44421750977381874
819,0,292.61102,1075,3949.3555,3.0133944,3,49.672646,1.0988642705272909,0.0,202.82250351376976,1.0027703,0.0,0.0,True,1.0700360793691035,0.0
820,0,235.31134,1075,4911.0469,1.9973569,2,94.892181,0.8837699837755464,0.0,163.10539187478267,0.98978347,0.0,0.0,True,0.9155740296428825,0.0
821,22848,401.97345,1075,2874.8789,3.033828,5,23.382099,1.5092756873087352,1.2601259958289779,4034.4894967667633,1.0835649,1.0881336,0.0,True,1.3815624511161146,1.2085282770802843
822,3676,294.87518,1075,3919.0312,3.0188851,5,45.674187,1.1073626190736505,0.9922033315129609,2420.961911795206,0.97237718,0.91751134,0.0,True,1.0668669873515553,0.9697957340590726
823,21546,402.10239,1075,2873.957,3.0477424,5,143.87311,1.5097594919192112,1.252810143211622,4012.1930414276494,1.0961335,1.1091958,0.0,True,1.385671694343448,1.2097258402481355
824,232347,528.12726,1075,2188.1562,3.9141431,6,39.785122,1.9825085439575034,1.6063045965730007,6525.53822261362,1.2217302,1.3887695,0.0,True,1.7542750407702525,1.5410440676011004
825,31304,402.45193,1075,2871.4609,4.0716252,6,46.41328,1.511070980329504,1.299852649781747,4166.0073334758645,1.0840341,1.1045816,0.0,True,1.3829599162306527,1.241271334847223
826,8893,418.35065,1075,2762.3359,5.1056118,6,52.612331,1.5707220598992686,1.147410341871118,3804.1647890607983,1.1189086,1.081405,0.0,True,1.4351780219294878,1.1276087393097827
827,189957,526.99365,1075,2192.8633,2.9299536,5,100.7431,1.978256859596449,1.579677165320521,6405.377803249394,1.2220107,1.3899909,0.0,True,1.7513830117175142,1.5227712857243647
828,48804,391.53146,1075,2951.5508,4.61414,5,44.419346,1.4700960549253117,1.350951117166201,4226.82037133737,1.1460285,1.1250689,0.0,True,1.3728757884477183,1.2831864520163407
829,64,289.15643,1075,3996.5391,3.2149663,3,22.882156,1.085897441668508,0.503306038402727,1211.4656081369321,1.0134169,0.31184182,0.0,True,1.0641532791679555,0.4458667728819089
830,294,295.86575,1075,3905.9102,3.850668,4,16.671278,1.1110806433324643,0.687578987289622,1683.5824677231788,1.081525,0.66461951,0.0,True,1.1022139503327248,0.6806911441027353
831,143920,526.53027,1075,2194.793,4.0692616,6,100.78609,1.9765191254257903,1.543430449763696,6253.614109444856,1.2220066,1.3900682,0.0,True,1.750165367798053,1.497421774834587
832,10,364.25333,1075,3172.5859,4.0169735,4,58.55632,1.3677385069660577,0.2973857981779793,905.135521924423,1.0796163,0.17998223,0.0,True,1.2813018448762405,0.2621647277245855
833,173,302.04675,1075,3825.9805,5.804266,6,46.856407,1.1342804330120015,0.6253132153528813,1560.0068178691822,0.98428822,0.59136808,0.0,True,1.0892827691084013,0.615129674747017
834,7490,381.41406,1075,3029.8438,4.3355651,6,47.727592,1.4321329413809176,1.1127819258922709,3402.820269213655,1.0763531,0.99432629,0.0,True,1.3253989889666422,1.0772452351245896
835,11647,380.5256,1075,3036.918,3.2714367,5,24.812498,1.4287991249192964,1.1675029085261666,3562.851914976946,1.0786002,1.0050479,0.0,True,1.3237394474435076,1.1187664059683167
836,4337,369.70111,1075,3125.8359,5.7324185,6,72.056236,1.388181323419652,1.0405983465428352,3096.3943756827466,1.1026546,0.97810441,0.0,True,1.3025233063937565,1.0218501655799845
837,9193,373.67453,1075,3092.5977,3.1269457,4,39.810196,1.403091387000481,1.1354324219459817,3410.3088869177177,1.0607181,0.99480331,0.0,True,1.3003794009003369,1.0932436883621872
838,7317,286.33621,1075,4035.9023,1.9099915,3,31.582167,1.075311648600685,1.071577983199735,2547.8851634492,0.96244848,0.97118497,0.0,True,1.0414526980204795,1.0414600792398145
839,10896,379.62225,1075,3044.1445,1.6322949,4,72.887306,1.4254095231206196,1.1588492796527374,3529.0954443723735,1.0790882,1.0099293,0.0,True,1.3215131261844337,1.1141732857569162
840,0,231.72476,1075,4987.0586,1.8757403,2,61.940601,0.8703051471677439,0.0,160.61936405992998,0.88179487,0.0,0.0,True,0.8737520640174208,0.0
841,3198,393.02377,1075,2940.3438,4.2700338,5,109.85571,1.4756954571731211,1.0104280498652927,3172.0579383313434,1.0640589,0.85934788,0.0,True,1.3522044900211847,0.9651039989057049
842,5612,367.09497,1075,3148.0273,1.721882,3,42.892517,1.3784018249941827,1.0716725181549365,3169.137761581656,1.0584005,0.94752455,0.0,True,1.282401427495928,1.0344281277084555
843,4475,342.34875,1075,3375.5781,3.7598209,4,27.984785,1.2855375214274092,1.034617547403781,2878.0261322932215,1.0719223,0.95188504,0.0,True,1.2214529549991864,1.0097977951826467
844,19857,383.43546,1075,3013.8711,4.0645528,6,148.33394,1.439717824512294,1.235196264727624,3794.6355114437442,1.1221865,1.1005054,0.0,True,1.3444584271586058,1.1947890053093368
845,30536,400.64301,1075,2884.4258,3.0574319,5,49.777119,1.5042837335716368,1.2960012512312207,4137.331024282716,1.1234955,1.0743827,0.0,True,1.3900472635001457,1.2295156858618543
846,104482,525.65277,1075,2198.457,3.9705992,6,97.618599,1.9732280063193686,1.5014899058232358,6074.858270328487,1.2221392,1.3912901,0.0,True,1.747901364423558,1.468429964076265
847,49214,524.19885,1075,2204.5547,4.0160637,6,102.2152,1.9677750925918573,1.4031763479769936,5663.430773941837,1.2222905,1.3914907,0.0,True,1.7441297148143,1.3996706535838954
848,28937,409.25076,1075,2823.7578,4.1026597,6,52.088711,1.536580162355563,1.2926964477340785,4204.210730943234,1.1168875,0.99614245,0.0,True,1.4106723636488943,1.203730248413855
849,5863,324.04947,1075,3566.1992,3.1200488,5,49.96365,1.2168612613055623,1.0606949692466676,2811.6987537988152,1.0397185,0.97064006,0.0,True,1.1637184329138934,1.0336784964726673
850,11695,521.89624,1075,2214.2812,4.0635514,6,103.83447,1.9591392008836688,1.2158563275059515,4888.647838716236,1.2225575,1.391948,0.0,True,1.7381646906185682,1.268683829254166
851,18029,390.76089,1075,2957.3711,4.0989218,6,51.643734,1.4672047649250541,1.2260361069294805,3829.3972395084156,1.1166205,0.98537409,0.0,True,1.3620294854475379,1.1538375018506364
852,15981,326.55188,1075,3538.8711,2.9485779,5,50.611553,1.2262528785929254,1.1843774190982577,3160.787386819344,1.041536,1.0001296,0.0,True,1.1708378150150478,1.1291030733687804
853,10653,326.1839,1075,3542.8633,3.0682101,5,50.883686,1.2248718812659147,1.1345994715334196,3024.9592104954054,1.0411712,0.98081034,0.0,True,1.1697616768861403,1.0884627320733937
854,5774,317.60825,1075,3638.5234,3.6192598,5,51.61945,1.192686573337641,1.0562350359782535,2750.9532748499923,1.0431981,0.99834824,0.0,True,1.1478400313363486,1.0388689971847775
855,27267,411.56512,1075,2807.8789,4.1674185,6,46.738548,1.545263526873524,1.2861282456818421,4203.522742187021,1.0827236,1.004591,0.0,True,1.4065015488114667,1.2016670719772895
856,7992,418.11826,1075,2763.8711,3.4273386,5,30.330597,1.5698502287765683,1.133853099341111,3757.3973905831244,1.118497,1.0816799,0.0,True,1.4344442601435978,1.1182011395387776
857,3941,316.83441,1075,3647.4102,3.1345515,5,55.379345,1.1897822226455932,1.0093688235905356,2623.292956390809,1.0423975,0.99202514,0.0,True,1.1455668058519153,1.004165718513375
858,46799,391.46255,1075,2952.0703,3.0862083,5,56.412903,1.4698375252279876,1.3456719762520175,4209.655106399988,1.1461823,1.1391021,0.0,True,1.3727409576595915,1.2837010133764122
859,12038,413.04303,1075,2797.832,3.143898,5,25.717854,1.5508085410487125,1.1837106524098124,3880.9480633279436,1.1163015,1.0987177,0.0,True,1.4204564287340986,1.1582127666868687
860,13776,328.93588,1075,3513.2227,2.944562,5,49.179688,1.2352000853605942,1.1672491572802057,3135.0314256176225,1.0432472,0.99475622,0.0,True,1.177614219752416,1.115501276096144
861,43867,408.69046,1075,2827.6289,4.053709,6,50.166889,1.5344780296460423,1.3448161250942403,4368.47728683681,1.091787,1.0973717,0.0,True,1.4016707207522296,1.270582797565968
862,11967,327.16254,1075,3532.2656,3.1006467,5,49.221085,1.228544730509642,1.1492493074678793,3072.080870521194,1.0420783,0.98920125,0.0,True,1.1726048013567494,1.1012348902275155
863,11506,327.86813,1075,3524.6641,2.9684494,5,49.502022,1.231192780480993,1.1447432661609693,3065.8285639962796,1.0427825,0.99046278,0.0,True,1.1746696963366952,1.0984591203126786
864,3641,277.63257,1075,4162.4258,1.8512502,3,25.348112,1.042641551952132,0.9838881356756594,2276.743324779876,0.95057964,0.91988921,0.0,True,1.0150229783664924,0.9646884579729615
865,2009,238.70732,1075,4841.1797,1.5534331,3,31.021669,0.8965191564338401,0.8963361312139846,1815.7003486944252,0.88488585,0.86696064,0.0,True,0.8930291645036881,0.8875234838497892
866,1411,292.62811,1075,3949.125,2.6697195,4,138.84502,1.098928375868012,0.8757250434462849,2122.56932902595,0.96211153,0.83260727,0.0,True,1.0578833221076085,0.8627897114123995
867,965,305.17688,1075,3786.7383,3.9258928,4,55.468666,1.1460288453022736,0.8341165358406069,2097.84644934313,1.0140524,0.83883923,0.0,True,1.1064359117115914,0.8355333440884247
868,856,294.17526,1075,3928.3555,1.7773589,3,63.564541,1.104735533236497,0.8159538997970939,1987.037417163937,0.97449303,0.81189752,0.0,True,1.0656627822655478,0.8147369858579657
869,0,217.87946,1075,5303.9648,1.5590303,2,14.20424,0.8183249498944092,0.0,151.02253340092338,0.85400605,0.0,0.0,True,0.8290292799260863,0.0
870,391,237.37349,1075,4868.3828,3.2603741,4,10.291297,0.8915117265734221,0.7032349813167958,1418.024036164952,0.88422924,0.58334452,0.0,True,0.8893269806013955,0.6672678429217571
871,1061,270.55649,1075,4271.2891,2.2982409,4,36.163609,1.0160799509449288,0.8334447684538244,1885.4676976993694,0.93565673,0.76504612,0.0,True,0.9919529846614501,0.8129251739176772
872,2303,310.62122,1075,3720.3672,2.308871,4,36.883385,1.1664629376439537,0.9416249964860997,2405.089150735765,0.98722988,0.84178036,0.0,True,1.1126930203507674,0.9116716055402698
873,57309,410.53595,1075,2814.918,1.8616759,5,200.60831,1.5414021207225408,1.3792258632834635,4497.933622144303,1.1492664,1.1755956,0.0,True,1.4237614045057785,1.3181367842984244
874,531,277.16129,1075,4169.5039,2.0971704,3,27.084873,1.0408724247151007,0.7529317418952686,1740.1630972144426,0.94236463,0.52541894,0.0,True,1.0113200863005705,0.684677901326688
875,169,250.21631,1075,4618.5039,1.7472613,2,85.392914,0.9397250761116117,0.6086168606076124,1286.528082369572,0.9861607,0.63208365,0.0,True,0.9536557632781282,0.6156568974253287
876,538,283.31845,1075,4078.8906,3.0816011,4,122.13351,1.063984263410908,0.7564922859634748,1782.517616687497,1.0765096,0.80896086,0.0,True,1.0677418643876355,0.7722328581744324
877,1706,276.57385,1075,4178.3594,4.8639989,6,61.902882,1.038667483733934,0.8925573421481182,2058.5608418453103,0.97555876,0.85273558,0.0,True,1.0197348666137538,0.8806108135036828
878,4823,366.2338,1075,3155.4297,3.9979675,6,50.241367,1.3751702465779359,1.0525611079453083,3106.2361511749696,1.1230485,1.0770019,0.0,True,1.2995337226045551,1.0598933455617159
879,8706,325.88748,1075,3546.0859,2.9647677,5,50.174007,1.223759373779958,1.1097857020692232,2956.450378537583,1.0423502,0.98307163,0.0,True,1.1693366216459706,1.0717714804484562
880,4691,325.14929,1075,3554.1367,3.0160754,5,50.258266,1.2209888835548697,1.0338648388630076,2748.7559495131604,1.041657,0.96657926,0.0,True,1.1671893184884088,1.0136791652041053
881,15664,402.39609,1075,2871.8594,4.1121511,6,120.71644,1.510861449624675,1.2128925731612612,3886.8436428020705,1.1114994,0.92222172,0.0,True,1.3910528347372724,1.1256913172128828
882,1856,252.48375,1075,4577.0273,3.9881372,5,119.28561,0.9482370587966354,0.8929062299399116,1900.5098017331904,0.99412078,0.80980891,0.0,True,0.9620021751576449,0.8679770339579381
883,16337,385.00381,1075,3001.5938,4.0613055,6,119.30788,1.4456027240106497,1.211460157211567,3735.0413762986036,1.1123128,0.95617121,0.0,True,1.3456157468074548,1.134873473048097
884,1479,252.86745,1075,4570.082,4.0006638,5,120.10032,0.9496774946515609,0.8661422681337009,1846.0519443382218,0.99440593,0.78295147,0.0,True,0.9630960252560927,0.8411850286935907
885,2324,365.73215,1075,3159.7578,4.0094666,6,121.32895,1.3732877891853381,0.9618170112495046,2835.121004063306,1.1226823,1.0623294,0.0,True,1.2981061424297367,0.9919707278746532
886,2876,301.52066,1075,3832.6562,4.0451069,6,51.121166,1.1323057798770848,0.9651491632502418,2401.5670963846997,1.1078386,0.91971499,0.0,True,1.1249656259139593,0.9515189112751693
887,2624,301.36093,1075,3834.6875,4.0449014,6,50.608356,1.1317062906743118,0.9539796047831357,2372.680013745297,1.1093324,0.98662502,0.0,True,1.1249941234720182,0.963773229348195
888,40535,404.70145,1075,2855.5,3.0413501,5,121.66965,1.519511243780052,1.3332339823337747,4293.8704119260665,1.0888376,1.0929874,0.0,True,1.3903091506460363,1.2611600076336422
889,0,257.01282,1075,4496.3711,4.0070124,4,255.61215,0.9652390348812036,0.0,178.1477115507607,0.94222522,0.0,0.0,True,0.9583348904168425,0.0
890,3744,277.30963,1075,4167.2734,3.9312294,5,118.3702,1.0414292761663215,0.9870965240579166,2281.826728671612,0.99431628,0.84484935,0.0,True,1.027295377316425,0.9444223718405417
891,16513,401.8566,1075,2875.7148,4.0774908,6,253.53702,1.5088372826596639,1.2193148525113016,3902.8410795155614,1.0751537,0.98414934,0.0,True,1.3787322078617645,1.148765198757911
892,0,262.35696,1075,4404.7812,3.0446455,3,254.33269,0.9853004226988846,0.0,181.85198712427837,0.94017392,0.0,0.0,True,0.9717624718892193,0.0
893,476,318.05109,1075,3633.457,3.0127831,4,51.612598,1.194348710245094,0.7522494411485948,1962.251418344606,1.0298313,0.83258259,0.0,True,1.1449934871715657,0.7763493858040164
894,2221,302.44138,1075,3820.9883,4.0328135,5,49.849323,1.1357616184965824,0.9341880221315094,2330.7986448251527,1.1010092,0.64541411,0.0,True,1.1253358929476076,0.8475558484920567
895,1504,301.09348,1075,3838.0938,4.0507283,6,49.006157,1.1307024268786086,0.8864769057532613,2203.164947932245,1.1038377,0.86952043,0.0,True,1.1226430088150259,0.881389963027283
896,36650,404.68872,1075,2855.5898,3.025722,5,173.06738,1.5194634930113127,1.3205686671891184,4252.964115793087,1.0888375,1.0900725,0.0,True,1.390275695107919,1.251419817032383
897,2196,318.3725,1075,3629.7891,3.0604858,5,52.176117,1.195554934371464,0.9386529791540879,2449.972897336188,1.0314006,0.89468044,0.0,True,1.1463086340600248,0.9254612174078616
898,2349,277.13272,1075,4169.9336,4.0168037,6,172.82172,1.0407652171409196,0.9311206620115158,2151.2693571931613,0.9946118,0.89252853,0.0,True,1.0269191919986438,0.919543022408061
899,1922,324.77948,1075,3558.1836,2.7339218,4,39.063545,1.219600972012089,0.924649311556163,2456.034922265419,1.0413694,0.8723014,0.0,True,1.1661315004084623,0.9089449380893142
900,0,265.89514,1075,4346.168,0.73528409,1,22.472883,0.9985822486853081,0.0,184.30446661559193,0.96248156,0.0,0.0,True,0.9877520420797157,0.0
901,0,235.19833,1075,4913.4062,2.0186775,3,35.867149,0.8833457912596314,0.0,163.0270593119076,0.99663389,0.0,0.0,True,0.9173322208817419,0.0
902,0,301.74268,1075,3829.8359,1.9953444,3,0.54965746,1.133139177254824,0.0,209.15208789660178,,,,False,1.133139177254824,0.0
903,20269,351.49167,1075,3287.7734,2.7921262,6,155.95084,1.3198487710738673,1.2244779303430946,3485.7241119704836,1.0836594,1.0187205,0.0,True,1.2489919597517072,1.162750701240166
904,28693,359.90268,1075,3210.9375,4.7798448,6,21.818455,1.3514123381178433,1.271098808263889,3694.213202379729,1.0486627,1.0100187,0.0,True,1.2605874466824902,1.1927747757847222
905,2175,318.14172,1075,3632.4219,3.4690897,5,50.228966,1.194688866226978,0.9373985405639524,2445.1427913104244,1.032173,0.94579667,0.0,True,1.1459341063588846,0.9399179793947667
906,26804,353.27173,1075,3271.207,4.5752645,6,44.256519,1.3265288077110609,1.2597673141140302,3602.093163394689,1.035901,1.0011978,0.0,True,1.2393404653977425,1.1821964598798211
907,27252,406.35129,1075,2843.9062,6.0818567,7,40.478157,1.5257015073446547,1.2839997629246662,4150.047673958869,1.1499363,1.1699885,0.0,True,1.4129719451412581,1.2497963840472663
908,1241,306.1062,1075,3775.2422,6.0333757,7,29.227068,1.149516803317907,0.8649345660081754,2181.093331066596,1.1022589,0.89152324,0.0,True,1.135339432322535,0.8729111682057228
909,16387,349.70175,1075,3304.6016,6.0773764,7,50.249527,1.3131316996584947,1.1974741175158432,3393.63365291512,1.0914052,1.0265288,0.0,True,1.2466137497609464,1.1461905222610902
910,1403,248.96342,1075,4641.7461,3.9799974,5,156.06888,0.9350217013590597,0.8583037200928847,1804.4352286075527,0.9092896,0.77232456,0.0,True,0.9273020709513419,0.8325099720650193
911,21509,349.79562,1075,3303.7148,3.6788421,6,49.340565,1.3134839639225677,1.2310747356670437,3489.672938692457,1.097114,1.0256749,0.0,True,1.2485729747457974,1.1694547849669306
912,24334,315.67041,1075,3660.8594,3.5360708,5,48.835457,1.185413608587187,1.230725777725511,3188.180232498849,1.0027906,0.99480826,0.0,True,1.1306267060110309,1.1599505224078577
913,0,252.22607,1075,4581.7031,2.0201726,3,41.269333,0.9472697695235756,0.0,174.8297892842154,0.99209672,0.0,0.0,True,0.960717854666503,0.0
914,9731,302.66602,1075,3818.1523,3.9929638,6,50.73735,1.1366047838201367,1.113340515086192,2779.466037081666,1.1094187,1.0114172,0.0,True,1.1284489586740958,1.0827635205603343
915,7828,302.35794,1075,3822.043,4.0044589,6,49.748165,1.135448366846685,1.0868271137238428,2710.8559612988133,1.1098956,1.0429252,0.0,True,1.1277825367926795,1.07365653960669
916,5864,382.45447,1075,3021.6016,3.8278189,5,50.682404,1.4360368704334256,1.0826277669167068,3318.529994904853,1.1101536,0.92938501,0.0,True,1.338271889303398,1.0366549398416947
917,5721,302.0708,1075,3825.6758,4.022284,6,50.613884,1.1343707267740644,1.048701337893995,2613.5916027558555,1.1106119,1.0469761,0.0,True,1.127243078741845,1.0481837665257965
918,733,252.68279,1075,4573.4219,2.5622063,4,41.531975,0.948984262872348,0.7828645437012004,1667.6736913797924,0.99367851,0.85254544,0.0,True,0.9623925370106436,0.8037688125908402
919,452,266.46011,1075,4336.9531,1.6611047,3,22.312059,1.000702998864288,0.7302018222763712,1630.2288523807895,0.97444886,0.79777277,0.0,True,0.9928267572050016,0.7504731065934598
920,2509,291.96301,1075,3958.1211,2.5539491,4,35.413284,1.0964319699974576,0.9449265105019583,2285.6138430130895,1.0009842,0.84781957,0.0,True,1.0677976389982202,0.9157944283513708
921,1780,295.00632,1075,3917.2891,1.9899328,3,34.204483,1.1078548349754291,0.9046412907152452,2208.2673326760355,1.0043675,0.79204839,0.0,True,1.0768086344828005,0.8708634205006717
922,1267,251.31181,1075,4598.3711,2.3078067,3,60.850296,0.9438376349902508,0.8471784777632911,1795.8702908131893,0.93849665,0.71264583,0.0,True,0.9422353394931756,0.8068186834343037
923,1382,247.4549,1075,4670.043,3.0754495,4,63.248745,0.92935860802255,0.8559031967305758,1789.7752549395182,0.93145311,0.72363877,0.0,True,0.929986958615785,0.8162238687114031
924,46,222.46001,1075,5194.7539,2.5554893,4,36.540146,0.8355222245759027,0.44999482942844393,861.1874155985796,0.91132027,0.57982516,0.0,True,0.8582616382031321,0.48894392859991076
925,12544,398.78305,1075,2897.8789,4.0822592,6,44.671787,1.4973050699122292,1.183663719920805,3763.378319046278,1.0732241,0.96970934,0.0,True,1.3700807789385605,1.1194774059445636
926,15264,402.02426,1075,2874.5156,3.9903374,6,171.8011,1.5094663067711152,1.2095043123483293,3872.853837649667,1.1111578,0.8889637,0.0,True,1.3899737547397806,1.1133421286438305
927,19332,348.97287,1075,3311.5039,3.029923,5,51.207142,1.3103963387824888,1.2175538814778923,3444.229785771864,1.1041515,1.0455753,0.0,True,1.2485228871477423,1.1659603070345246
928,18132,346.35968,1075,3336.4883,3.0555887,5,50.199142,1.3005896648197026,1.20852908058978,3396.2450502721804,1.1040102,1.0536829,0.0,True,1.241615825373792,1.162075226412846
929,8949,395.01163,1075,2925.5469,4.0464706,6,41.46423,1.4831541653872389,1.1399537150204058,3594.416439487865,1.0714577,0.96019703,0.0,True,1.3596452257710672,1.086026709514284
930,17659,346.90189,1075,3331.2734,3.0566578,5,55.26812,1.3026244349177893,1.2055036171738838,3392.3931630165157,1.1059884,1.0675122,0.0,True,1.2436336244424524,1.1641061920217186
931,927,265.24695,1075,4356.7891,4.0168195,5,41.506538,0.9961489944768144,0.8153801681867447,1812.7264989387174,0.98913318,0.83049726,0.0,True,0.9940442501337701,0.8199152957307213
932,14757,347.61929,1075,3324.3984,4.0228806,6,48.900188,1.3053166990164191,1.1836750291854004,3337.009037230164,1.1074945,1.0729587,0.0,True,1.2459700393114934,1.1504601304297803
933,4507,314.01254,1075,3680.1875,4.0127468,6,50.737019,1.1791912766803696,1.0246086851420142,2642.048342460928,1.0279741,0.87135601,0.0,True,1.1338261236762586,0.97863288259941
934,26766,404.41379,1075,2857.5312,2.9952729,5,40.493416,1.518431895095776,1.2809686065774475,4122.983392484656,1.0885227,1.0867178,0.0,True,1.3894591365670432,1.2226933646042133
935,21877,406.56128,1075,2842.4375,3.4620364,6,46.159702,1.526489289745863,1.2564621717819398,4062.8817456014426,1.1499357,1.1746185,0.0,True,1.413523212822104,1.2319090702473579
936,2785,274.60583,1075,4208.3047,3.9381771,5,41.330093,1.0312800826746575,0.9504925703892064,2178.3714419101334,0.99307102,0.88338822,0.0,True,1.0198173638722603,0.9303612652724444
937,1815,314.06888,1075,3679.5273,4.0161648,5,50.432407,1.1794027383965069,0.9139042167435958,2357.068749886069,1.02801,0.9355256,0.0,True,1.1339849168775549,0.920390631720517
938,20440,315.40991,1075,3663.8828,3.0008776,5,49.814541,1.184435950625999,1.209355478151326,3130.552768312447,1.0025903,0.98270255,0.0,True,1.1298822554381993,1.1413595997059283
939,5881,339.22327,1075,3406.6797,4.0633154,6,160.00877,1.2738079729525478,1.0670338623784166,2944.3976408226363,1.0470295,0.88535327,0.0,True,1.2057744310667835,1.0125296846648917
940,3641,314.05054,1075,3679.7422,3.9953253,6,50.567493,1.1793338977132886,0.9986452201910189,2575.39117470445,1.0280094,0.91371465,0.0,True,1.133936548399302,0.9731660491337132
941,20629,404.82828,1075,2854.6055,2.0160403,4,53.03336,1.5199870542507525,1.248407520321042,4021.7868206457265,1.1506827,1.1780266,0.0,True,1.4091957479755268,1.2272932442247295
942,4839,339.18048,1075,3407.1094,3.9971657,5,49.524395,1.2736474162728537,1.0430475582792127,2877.9045145165087,1.047003,0.87118208,0.0,True,1.2056540913909974,0.991487914795449
943,19600,315.30841,1075,3665.0625,3.0054433,5,48.470181,1.1840549156447424,1.2041953771182707,3116.315002809091,1.0025735,0.97881949,0.0,True,1.1296104909513196,1.1365826109827895
944,2924,249.57671,1075,4630.3398,2.9732108,4,148.41508,0.937324023402061,0.9455062604133458,1991.9694521524505,0.91308761,0.82224429,0.0,True,0.9300530993814426,0.908527669289342
945,0,365.76831,1075,3159.4453,2.0058417,3,146.59956,1.3734235348312047,0.0,253.53127281467604,1.1226825,1.0492767,13.162597788671265,True,1.2982012243818433,0.3147830100000001
946,93,220.15181,1075,5249.2188,2.4244802,4,32.307301,0.8268563060258504,0.5303618387949858,1002.5442402030329,0.90785199,0.58640444,0.0,True,0.8511550112180952,0.5471746191564901
947,739,263.67908,1075,4382.6953,2.4815969,3,40.656784,0.9902634235727846,0.7878092872619179,1742.3915255174968,0.9944123,0.81474519,0.0,True,0.9915080865009492,0.7958900580833426
948,437,242.45166,1075,4766.4141,1.5828595,3,20.391867,0.910575987748526,0.7180914017218148,1475.196982969101,0.94723791,0.73164392,0.0,True,0.9215745644239682,0.7221571572052704
949,0,236.20432,1075,4892.4805,2.0046556,3,2.318363,0.8871224186308432,0.0,163.7243584440791,,,,False,0.8871224186308432,0.0
950,689,262.83105,1075,4396.8359,3.8876143,5,50.730316,0.9870800997831036,0.7791679934918636,1718.4261549276719,0.99941015,0.87966835,0.0,True,0.9907791148481726,0.8093181004443045
951,532,262.4964,1075,4402.4414,2.6473913,4,42.348915,0.9858238502393286,0.7482807681918239,1648.581298302031,0.99638546,0.78884882,0.0,True,0.9889923331675301,0.7604511837342767
952,259,234.11638,1075,4936.1133,1.6933173,3,21.038521,0.8792838712512931,0.653817770815774,1302.7453741985146,0.93439949,0.49293566,0.0,True,0.8958185568759052,0.6055531375710418
953,11112,345.67734,1075,3343.0742,2.9893208,5,49.80759,1.2980290180413632,1.1479048053490772,3220.316567499494,1.111864,1.0927004,0.0,True,1.242179512628954,1.1313434837443541
954,5174,345.6745,1075,3343.1016,4.0364962,6,51.243107,1.2980183857798215,1.0537293597479722,2956.134984377858,1.1118625,1.1023015,0.0,True,1.242171620045875,1.0683010018235806
955,0,344.82516,1075,3351.3359,2.002337,3,36.896439,1.2948310305273916,0.0,239.014587440132,1.1128237,1.1084265,6.085794851701248,True,1.240228831369174,0.33252795
956,3467,274.60327,1075,4208.3438,3.9888127,6,134.14844,1.0312705055348446,0.9767296306207447,2238.461960060679,0.9930709,0.87047917,0.0,True,1.0198106238743911,0.9448544924345212
957,14749,404.24579,1075,2858.7188,2.0478442,4,81.376534,1.5178015326432988,1.2060289040877699,3880.3820815268427,1.1508747,1.179391,0.0,True,1.407723482850309,1.198037532861439
958,7312,394.12909,1075,2932.0977,4.0328417,6,135.41066,1.4798428079274588,1.1143356879902933,3506.7815500528122,1.0710316,0.95023757,0.0,True,1.3571994455492211,1.0651062525932053
959,13850,314.38058,1075,3675.8789,3.019444,5,60.589622,1.180572687997285,1.1614726801465636,2997.99134158535,1.0020312,0.95901185,0.0,True,1.1270102415980996,1.1007344311025946
960,2530,326.1235,1075,3543.5195,3.0526075,5,150.91573,1.2246451836187895,0.9587272212919552,2555.7531597948187,1.0531083,0.95158809,0.0,True,1.1731841185331526,0.9565854819043687
961,1231,315.70309,1075,3660.4805,4.0692387,5,50.310894,1.1855362449305868,0.8672005419456503,2246.923769513988,1.0956941,0.73436779,0.0,True,1.1585836014514108,0.8273507163619552
962,12090,398.56601,1075,2899.457,2.1896489,4,28.181833,1.496490686955381,1.1789599596384586,3746.639807086374,1.1538947,1.1804398,0.0,True,1.3937118908687665,1.179403911746921
963,1127,326.17456,1075,3542.9648,4.041677,5,52.518364,1.2248368105380054,0.8598697080907768,2292.7095434379876,1.0531095,0.97466362,0.0,True,1.1733186173766037,0.8943078816635437
964,2816,316.92368,1075,3646.3828,4.0342517,6,50.170284,1.1901172703427663,0.968437493437011,2517.5728440142957,1.0964288,0.84063077,0.0,True,1.1620107292399364,0.9300954764059077
965,12134,313.42868,1075,3687.043,3.1001835,5,62.042366,1.1769999371385744,1.1449407901872621,2947.4618434463137,1.0016811,0.94075245,0.0,True,1.1244042859970023,1.0836842881310835
966,11694,346.10846,1075,3338.9102,4.0371575,6,49.95797,1.2996468384877566,1.1543718095229496,3241.998700025046,1.10939,1.0782034,0.0,True,1.2425697869414296,1.1315212866660647
967,6030,314.20197,1075,3677.9688,4.0019574,5,54.610077,1.1799022261008023,1.060131651403293,2735.0759629467066,1.0276704,0.79420358,0.0,True,1.1342326782705616,0.9803532299823051
968,14586,346.52032,1075,3334.9414,3.0176914,5,50.909458,1.3011925768614032,1.181776967585406,3322.421079479745,1.1109052,1.0849336,0.0,True,1.2441063638029823,1.1527239573097843
969,618,264.92413,1075,4362.0977,4.0560856,6,135.34587,0.9949372533757661,0.7669492513249127,1703.3878388635726,0.9890222,0.79376239,0.0,True,0.9931627373630363,0.7749931929274388
970,185,277.03564,1075,4171.3945,4.0096569,5,172.43629,1.0404008964648557,0.6268345095269384,1449.2035235798253,0.99450153,0.92018521,0.0,True,1.026631086525399,0.714839719668857
971,18511,403.86612,1075,2861.4062,2.9702103,5,131.69258,1.516377026459431,1.2344259832779743,3968.480765196467,1.0882051,1.082064,0.0,True,1.3879254485216015,1.1887173882945818
972,1555,401.82877,1075,2875.9141,3.9888465,5,172.10565,1.5087327933455341,0.922751822227213,2953.648872193164,1.1107339,0.75096118,0.0,True,1.389333125341874,0.871214629559049
973,4034,317.62051,1075,3638.3828,4.0546875,6,51.3853,1.192732637650496,1.0125172335760806,2637.2060742783974,1.0976198,0.89201647,0.0,True,1.1641987863553473,0.9763670045032564
974,7247,319.68256,1075,3614.9141,4.0822449,6,53.221516,1.200471799731572,1.0848007513809708,2841.5364151820913,1.1020898,0.94778323,0.0,True,1.1709571998121002,1.0436954949666795
975,1954,316.63806,1075,3649.6719,3.0439849,5,48.718552,1.1890453189678676,0.9238019734651531,2399.6912025780352,1.1071994,0.95880502,0.0,True,1.1644915432775074,0.9343028874256072
976,0,263.80087,1075,4380.6719,2.0122235,3,135.93269,0.9907206102061845,0.0,182.85282926976063,,,,False,0.9907206102061845,0.0
977,0,263.4689,1075,4386.1914,2.0180228,3,65.779823,0.9894744744045346,0.0,182.62272520023018,,,,False,0.9894744744045346,0.0
978,112,243.81018,1075,4739.8555,2.8776674,3,65.183731,0.9156760215703533,0.5585027646870008,1154.7333962187827,0.91383529,0.6782226,0.0,True,0.9151238020992474,0.5944187152809005
979,76,250.49702,1075,4613.3281,2.9650464,3,43.588585,0.9407789186431835,0.5148302378301322,1091.3425780934392,0.94322985,0.31131318,0.0,True,0.9415141980502285,0.4537751204810925
980,10467,392.83328,1075,2941.7695,2.0640299,4,106.04826,1.4749807616056552,1.1587789741364347,3636.133109515518,1.1580181,1.1874194,0.0,True,1.3798919631239586,1.1673711018955044
981,9511,306.17938,1075,3774.3398,3.1049767,5,44.498676,1.149791493631346,1.1121232669646768,2804.7300515055235,1.0032223,0.94130158,0.0,True,1.1058207355419423,1.0608767608752738
982,2456,323.43198,1075,3573.0078,3.1285915,5,73.217575,1.2145437498350349,0.9541303057107153,2525.0668751899602,1.049793,0.92534107,0.0,True,1.1651185248845244,0.9454935349975008
983,3108,274.46368,1075,4210.4844,3.9909458,5,219.76842,1.0307464590495572,0.963576902079779,2207.3406632509177,0.99299353,0.85402459,0.0,True,1.01942058033469,0.9307112084558453
984,1861,323.78598,1075,3569.1016,3.9278221,5,46.38028,1.2158722616857214,0.9203630187622891,2438.0900935947384,1.0501083,0.93207037,0.0,True,1.1661430731800049,0.9238752241336023
985,5581,393.68488,1075,2935.4062,4.0164795,6,220.05128,1.4781760108974709,1.080354387050548,3396.509036867724,1.0708227,0.93461788,0.0,True,1.3559700176282297,1.0366334349353836
986,7906,300.97586,1075,3839.5938,3.0904922,5,43.53587,1.1302609294875212,1.087425409010172,2701.448013758794,1.0053437,0.94923037,0.0,True,1.0927857606412648,1.0459668973071206
987,0,267.922,1075,4313.2891,1.9711461,3,195.7422,1.0061906116791801,0.0,185.70937890998167,0.99244654,0.84516495,12.194772974680625,True,1.002067390175426,0.253549485
988,6521,391.81409,1075,2949.4219,3.0574253,5,86.552895,1.4711564548265699,1.0991886683886645,3441.3382871431863,1.1586744,1.1910661,0.0,True,1.377411838378599,1.1267518978720652
989,845,316.03259,1075,3656.6641,2.0079522,4,49.043095,1.186772893171991,0.8215009530298195,2130.5971315356883,1.1081505,1.0165446,0.0,True,1.1631861752203938,0.8800140471208737
990,7632,402.63379,1075,2870.1641,3.0594029,5,81.325806,1.5117532382991272,1.1226982668509122,3599.6939431374763,1.0875771,1.0766675,0.0,True,1.3845003968093892,1.1088890367956385
991,0,316.77536,1075,3648.0898,0.99281514,2,70.943863,1.1895607004248219,0.0,219.57194765486165,,,,False,1.1895607004248219,0.0
992,0,293.06961,1075,3943.1758,2.0066934,2,91.98642,1.100585525010444,0.0,203.14037387930276,,,,False,1.100585525010444,0.0
993,3824,402.04828,1075,2874.3438,2.0191736,4,74.193832,1.5095564650865096,1.0357444282699964,3316.727499788322,1.0872555,1.0715888,0.0,True,1.3828661755605567,1.0464977397889974
994,0,293.07077,1075,3943.1602,2.0071354,2,10.366454,1.1005898769589886,0.0,203.14117793003217,,,,False,1.1005898769589886,0.0
995,0,401.46179,1075,2878.543,1.0163004,2,7.446681,1.507355862801388,0.0,278.27210784104886,,,,False,1.507355862801388,0.0
996,4371,361.96616,1075,3192.6328,3.0179648,5,144.46281,1.35915569986682,1.038841796041947,3034.436359969457,1.1666952,1.1583265,0.0,True,1.301417549906774,1.074687207229363
997,21548,387.51068,1075,2982.1758,2.0085015,4,175.28288,1.4550092454678771,1.2470401846843335,3866.632365958709,1.0830456,1.0399516,0.0,True,1.343420151827514,1.1849136092790333
998,79805,391.42889,1075,2952.3242,4.0140638,6,101.11196,1.4697112047152776,1.4124440436532435,4418.201339683321,1.0839154,1.0379786,0.0,True,1.3539724633006944,1.3001044105572706
999,1902,287.14328,1075,4024.5586,2.644865,3,48.146122,1.0783410377043807,0.9096811932704006,2168.4234151320416,0.97076917,0.86734611,0.0,True,1.0460694773930665,0.8969806682892805
1000,0,245.69122,1075,4703.5664,0.63353956,1,16.054035,0.922737670666277,0.0,170.30017643133323,0.91080242,0.0,0.0,True,0.9191570954663939,0.0
1001,2894,292.02844,1075,3957.2344,3.0025864,4,49.746502,1.0966775240944306,0.9621781878266492,2327.7837377024666,0.97694665,0.89557141,0.0,True,1.0607582618661016,0.9421961544786545
1002,906,292.02844,1075,3957.2344,3.0053513,4,50.191914,1.0966775240944306,0.8220780254878287,1989.0770703417052,0.97694665,0.83100557,0.0,True,1.0607582618661016,0.8247562888414801
1003,9003,380.61615,1075,3036.1953,3.0114627,5,48.181602,1.4291389954758664,1.135431975156753,3465.7137734407975,1.0880404,0.97523564,0.0,True,1.3268094168331066,1.087373074609727
1004,82330,391.59781,1075,2951.0508,3.0075552,5,63.004196,1.470344966331598,1.416418266564369,4432.305738330593,1.0835638,1.0295419,0.0,True,1.3543106164321186,1.3003553565950583
1005,83157,391.84729,1075,2949.1719,3.04777,5,37.251011,1.4712810795946853,1.4177819072335978,4439.045832301083,1.0828563,1.0097833,0.0,True,1.3547536457162797,1.2953823250635184
1006,19494,387.50916,1075,2982.1875,3.0089772,5,48.228783,1.4550035408638025,1.2345203689524045,3827.8017628363973,1.0830456,1.0225984,0.0,True,1.3434161586046618,1.1709437782666832
1007,8846,342.07999,1075,3378.2305,2.0144894,4,58.044514,1.2845287855669896,1.1183656555173236,3108.8047243850774,1.0531343,0.97514051,0.0,True,1.2151104398968926,1.0753981118621265
1008,645,261.52112,1075,4418.8594,2.9955611,3,38.959789,0.9821627394667874,0.7708549259807589,1692.6552519657255,0.94859242,0.73344994,0.0,True,0.9720916436267513,0.7596334301865312
1009,1,209.57556,1075,5514.1211,2.0405474,2,100.78806,0.7871479433440101,0.08045246509863777,230.24228562050075,0.85908282,0.051149298,0.0,True,0.8087284063408071,0.07166151496904644
1010,210,247.7,1075,4665.4219,3.0189404,3,41.407108,0.9302787431968595,0.6334627159284864,1326.8264202362575,0.94410235,0.75237036,0.0,True,0.9344258252378017,0.6691350091499404
1011,1702,321.29666,1075,3596.7539,3.0262649,4,64.25795,1.2065296765920832,0.9085958304603908,2390.6828881335864,1.0501648,0.88617814,0.0,True,1.1596202136144582,0.9018705233222736
1012,20612,416.21823,1075,2776.4883,2.0284333,4,81.172951,1.5627214910717813,1.252667025024989,4134.597742975522,1.1748239,1.2239221,0.0,True,1.446352213750247,1.2440435475174922
1013,1191,321.25931,1075,3597.1719,3.0113528,4,140.66762,1.2063895528583946,0.8650159306886002,2275.873692246945,1.0499535,0.80441916,0.0,True,1.1594587370008762,0.8468368994820201
1014,0,309.95178,1075,3728.4023,2.0097599,2,159.65887,1.1639504348100735,0.0,214.84220241653642,1.0362889,0.0,0.0,True,1.1256519743670514,0.0
1015,19233,415.8923,1075,2778.6641,2.0316899,4,47.132492,1.5614987006526602,1.2438126132279674,4102.564109887545,1.1751056,1.2248262,0.0,True,1.445580770456862,1.2381166892595772
1016,353,321.58234,1075,3593.5586,3.9847782,4,204.10857,1.2076018950439296,0.7168403160980692,1888.3693794951316,1.050311,0.50792629,0.0,True,1.1604146265307507,0.6541661082686484
1017,55105,434.64334,1075,2658.7891,2.0299165,4,41.037064,1.6318480029482603,1.3842214681681795,4745.015263890768,1.166016,1.2187661,0.0,True,1.4920984020637822,1.3345848577177257
1018,17673,415.89816,1075,2778.625,2.9896259,5,37.728733,1.561520657802292,1.233149435465577,4067.4451144811264,1.1751057,1.2255496,0.0,True,1.4455961704616043,1.2308694848259039
1019,17059,291.38675,1075,3965.9492,2.9765744,5,55.139599,1.0942688931354005,1.1759823800438316,2839.432881749812,1.0037528,1.0287157,0.0,True,1.0671140651947804,1.1318023760306821
1020,1839,249.46181,1075,4632.4727,2.0567734,4,12.20667,0.9368926434935086,0.8905439408648936,1875.4698983465719,0.91323847,0.86321199,0.0,True,0.9297963914454561,0.8823443556054256
1021,56557,435.19769,1075,2655.4023,2.0031385,4,11.04915,1.6339277568554442,1.3877431851062472,4762.3855642349845,1.1657641,1.218336,0.0,True,1.493478659798811,1.336921029574373
1022,6529,327.70505,1075,3526.418,4.0109134,5,50.427628,1.2305807812740719,1.075319179132724,2878.664500955618,1.0519726,0.91396761,0.0,True,1.1769983268918502,1.0269137083929067
1023,0,252.00006,1075,4585.8125,4.0232859,4,61.446903,0.9464212800984125,0.0,174.67313108993704,0.94556159,0.0,0.0,True,0.9461633730688888,0.0
1024,5069,327.22043,1075,3531.6406,3.017663,5,164.14737,1.2287620249499902,1.0441509171717307,2791.613467250572,1.0523498,0.92893046,0.0,True,1.175838357464993,1.0095847800202116
1025,16236,291.27197,1075,3967.5117,3.987354,6,99.315414,1.0938381612785015,1.1699598229481933,2823.9136298639633,1.0039972,1.0334727,0.0,True,1.066885872894951,1.1290136860637354
1026,12596,328.53662,1075,3517.4922,4.0057077,5,50.203682,1.2337016627289294,1.1561109835519796,3101.8106056972297,1.0464274,0.88100678,0.0,True,1.1775193839102507,1.0735797224863857
1027,15801,290.14673,1075,3982.8984,3.052753,5,46.552189,1.089614575644262,1.166138446376977,2805.125550626708,1.0047351,1.0385526,0.0,True,1.0641507329509832,1.127862692463884
1028,4827,325.82718,1075,3546.7422,3.0923023,5,157.95863,1.223533053232635,1.03762339241248,2763.794740145162,1.0475081,0.8836658,0.0,True,1.1707255672628445,0.991436114688736
1029,83818,391.92203,1075,2948.6094,4.0005875,6,99.844963,1.471561562537386,1.418806607805507,4442.995452012725,1.0825052,1.0024308,0.0,True,1.35484465377617,1.293893865463855
1030,3468,378.85461,1075,3050.3125,3.061789,5,47.651394,1.4225291083732412,1.0159072260675344,3088.388635668176,1.0861892,0.95007324,0.0,True,1.3216271358612688,0.996157030247274
1031,75230,392.01291,1075,2947.9258,4.0160227,6,49.666748,1.4719025743296656,1.4053185738545921,4401.6510826906915,1.0821571,0.98241228,0.0,True,1.354978932030766,1.2784466856982144
1032,954,290.97949,1075,3971.5,3.0158989,4,50.70295,1.0927402489244995,0.8279437278099375,1996.921797533161,0.97588897,0.79621035,0.0,True,1.0576848652471496,0.8184237144669562
1033,4946,386.90305,1075,2986.8594,3.0178468,5,48.285194,1.4527292180761326,1.0629209202137397,3291.2831615490763,1.0825896,1.0010042,0.0,True,1.3416873326532928,1.0443459041496177
1034,1790,290.97833,1075,3971.5156,2.995811,4,49.854568,1.0927359588323997,0.9038173702670562,2179.7441578504972,0.97588885,0.83943856,0.0,True,1.0576818261826797,0.8845037271869394
1035,0,361.32291,1075,3198.3164,2.0120687,3,163.95941,1.3567419081130536,0.0,250.44995633821483,,,,False,1.3567419081130536,0.0
1036,0,376.28192,1075,3071.168,1.030648,2,114.38875,1.412875371311135,0.0,260.8187519436829,,,,False,1.412875371311135,0.0
1037,0,228.94023,1075,5047.7148,1.9999936,2,110.45132,0.8598512096369282,0.0,158.6892749412454,,,,False,0.8598512096369282,0.0
1038,0,385.82626,1075,2995.1953,1.0048269,2,105.07635,1.4486888388959833,0.0,267.4343843049884,,,,False,1.4486888388959833,0.0
1039,0,299.3508,1075,3860.4375,2.0000103,2,164.17723,1.1241614599851772,0.0,207.49416301836408,1.0447986,0.0,0.0,True,1.100352601989624,0.0
1040,74479,391.29324,1075,2953.3477,4.0109611,6,48.173725,1.4692022123493282,1.4037403824558037,4389.644695367009,1.0814379,0.97587305,0.0,True,1.3528729186445299,1.2753801827190625
1041,54264,433.50586,1075,2665.7656,2.0423598,4,47.769005,1.6275805412220241,1.3818128575007027,4725.930528025022,1.1666852,1.2189164,0.0,True,1.4893119388554168,1.3329439202504918
1042,60000,391.19131,1075,2954.1172,3.9788907,5,203.13858,1.46881976773502,1.37664634576453,4303.938889124487,1.0814345,0.95929629,0.0,True,1.352604187414514,1.251441329035171
1043,3581,414.71115,1075,2786.5781,3.0089588,5,75.887154,1.557067158743554,1.031515264113619,3393.9776870726123,1.175657,1.2264445,0.0,True,1.442644111120488,1.0899940348795334
1044,61929,432.49374,1075,2672.0039,1.9922452,4,31.89411,1.623783487788293,1.398146336161957,4772.039109571874,1.1675607,1.218419,0.0,True,1.486916651451805,1.3442281353133698
1045,14115,428.22485,1075,2698.6406,2.0842321,4,61.502663,1.6077679418362807,1.2092546641340443,4091.7462623325578,1.1684968,1.2164007,0.0,True,1.4759865992853964,1.211398474893831
1046,1046,320.22375,1075,3608.8047,3.9229624,4,201.38181,1.2025029709032722,0.8488422547657571,2227.040537207933,1.0508841,0.58462179,0.0,True,1.1570173096322907,0.76957611533603
1047,0,412.23093,1075,2803.3438,1.0165695,2,76.334869,1.5477615895426073,0.0,285.7367068691042,1.1767831,1.2272304,2.310589024586005,True,1.436468042679825,0.36816912000000007
1048,10733,333.31232,1075,3467.0938,3.9380212,5,49.949318,1.2516246689845913,1.1385234775147275,3093.559873128514,1.0546595,0.96111649,0.0,True,1.1925351182892139,1.0853013812603094
1049,0,290.97003,1075,3971.6289,1.9815376,3,149.87645,1.0927048016742325,0.0,201.6850559219427,,,,False,1.0927048016742325,0.0
1050,12388,289.34763,1075,3993.8984,3.0143909,5,47.563854,1.0866150598577526,1.1364105816434666,2726.9986869986296,1.0054854,1.0457969,0.0,True,1.0622761619004268,1.1092264771504268
1051,3741,323.49847,1075,3572.2734,1.9766886,4,92.272064,1.214793300115626,1.0055707296952199,2661.62982771374,1.0495193,0.90830928,0.0,True,1.1652111000809382,0.9763922947866539
1052,1091,241.92467,1075,4776.7969,3.9782686,5,155.66316,0.9085975968347804,0.8257364898447398,1692.669860122218,0.91129076,0.80493265,0.0,True,0.9094055457843463,0.8194953378913179
1053,713,256.74069,1075,4501.1367,3.9911933,5,41.769417,0.9642175373227063,0.7810622893823433,1687.3723548862138,0.9500379,0.62318081,0.0,True,0.9599636461258945,0.7336978455676404
1054,11288,333.00577,1075,3470.2852,4.02003,6,155.71095,1.2504742925787025,1.14457852393211,3107.500838580086,1.0545906,0.96357948,0.0,True,1.1917091848050916,1.090278810752477
1055,945,256.60464,1075,4503.5234,4.0207348,6,45.449986,0.9637067647016323,0.8144554245550304,1758.5883466193402,0.9509117,0.78819197,0.0,True,0.9598682452911427,0.8065763881885213
1056,1281,241.98541,1075,4775.5977,4.0277271,5,167.63509,0.9088256592013803,0.8446953573791108,1731.8790202436244,0.91131538,0.81435651,0.0,True,0.9095725754409663,0.8355937031653776
1057,264,241.54068,1075,4784.3906,4.0031118,5,155.47955,0.9071560894134922,0.6584730368202812,1348.6414952006216,0.9108544,0.80887842,0.0,True,0.9082655825894446,0.7035946517741969
1058,1252,256.57904,1075,4503.9727,4.0128565,6,45.601974,0.963610671476438,0.8478512959543814,1830.4589182536934,0.95124447,0.87358409,0.0,True,0.9599008110335066,0.855571134168067
1059,10721,332.54349,1075,3475.1094,4.0155525,6,168.769,1.248739363536131,1.1380641558553808,3086.0522204284466,1.0547577,0.967049,0.0,True,1.1905448644752918,1.0867596090987666
1060,2929,420.27383,1075,2749.6953,2.0232518,4,19.2335,1.577937564199604,1.0078812166142221,3355.0875670815094,1.1720117,1.2145163,0.0,True,1.4561598049397229,1.0698717416299557
1061,9683,289.11038,1075,3997.1758,3.0227251,5,47.098148,1.0857245583206165,1.106598354530235,2653.551507878178,1.0057409,1.0495396,0.0,True,1.0617294608244316,1.0894807281711645
1062,0,411.03503,1075,2811.5,1.0451462,2,76.886345,1.5432747037858534,0.0,284.9077721558725,1.1760651,1.2152212,1.7753585440334225,True,1.4331118226500974,0.36456636000000003
1063,7315,288.81796,1075,4001.2227,2.9616365,5,47.823906,1.0846269879268766,1.0726590282830253,2569.8894096562444,1.0059904,1.0563229,0.0,True,1.0610360115488136,1.0677581897981177
1064,0,231.31819,1075,4995.8242,2.0408759,3,20.371439,0.8687787335740017,0.0,160.3375512107297,1.0565823,1.0486283,14.976107738901986,True,0.9251198035018011,0.31458849000000005
1065,0,288.81995,1075,4001.1953,2.0408759,3,2.1316993,1.0846344116914552,0.0,200.19473403196437,,,,False,1.0846344116914552,0.0
1066,266,255.87799,1075,4516.3125,3.9971259,5,43.527328,0.9609789891915397,0.6638750245832354,1430.6105106892871,0.95130575,0.8751502,0.0,True,0.9580770174340778,0.7272575772082648
1067,1777,227.38539,1075,5082.2305,3.027106,5,155.87338,0.8540138727190868,0.8768643725711914,1701.7083023595042,1.0522475,0.97305512,0.0,True,0.9134839609033608,0.905721596799834
1068,595,241.60599,1075,4783.0977,4.022934,5,169.85843,0.9074011966571756,0.7541467843471951,1544.3254621791618,0.91086268,0.81364918,0.0,True,0.9084396416600229,0.7719975030430365
1069,0,227.08798,1075,5088.8867,1.0169368,2,48.987625,0.8528972721199036,0.0,157.40539307605323,,,,False,0.8528972721199036,0.0
1070,4773,300.9924,1075,3839.3828,2.9995871,5,43.030746,1.1303230126144936,1.02630189380901,2549.7515443930415,1.005344,0.9696843,0.0,True,1.0928293088301455,1.009316615666307
1071,9668,332.53452,1075,3475.2031,4.0015225,6,44.665543,1.24870571382543,1.1253832587248682,3051.5973257282135,1.0547576,0.9623754,0.0,True,1.190521279677801,1.0764809011074077
1072,7987,331.64804,1075,3484.4922,3.0435338,5,50.194221,1.2453787732843624,1.1016015428470005,2980.1298808130555,1.0564734,1.0148047,0.0,True,1.1887071612990536,1.0755624899929004
1073,3166,300.93729,1075,3840.0859,2.9901447,5,44.072796,1.1301161640091124,0.9765580117823831,2425.812085368963,1.0052668,0.98423719,0.0,True,1.0926613548063786,0.9788617652476682
1074,4112,330.2995,1075,3498.7188,3.0287549,5,49.509197,1.2403176682175954,1.0197155463729146,2748.8023374157865,1.0533142,0.98823875,0.0,True,1.1842166277523167,1.0102725074610404
1075,3838,390.17133,1075,2961.8398,3.0149858,5,47.306026,1.4649926015237051,1.0323205185246047,3220.1728072694086,1.1596746,1.2003337,0.0,True,1.3733972010665936,1.0827244729672234
1076,0,329.60507,1075,3506.0898,2.0246692,3,9.0032959,1.2377115828396121,0.0,228.46482496876342,,,,False,1.2377115828396121,0.0
1077,0,300.92841,1075,3840.1992,1.0082356,2,19.317547,1.1300828387818878,0.0,208.58767894188725,1.0052667,0.99775004,11.858114233188987,True,1.0926379971473215,0.29932501200000006
1078,0,393.62778,1075,2935.832,1.9904265,3,5.1322398,1.4779617687810258,0.0,272.8419858970704,,,,False,1.4779617687810258,0.0
1079,0,285.22864,1075,4051.5742,1.9999866,2,4.618371,1.0711542862843113,0.0,197.7054276309476,,,,False,1.0711542862843113,0.0
1080,0,390.17545,1075,2961.8086,0.9860667,2,1.4472415,1.4650080234943306,0.0,270.4490130912079,,,,False,1.4650080234943306,0.0

metric,value
avg_local_nain,1.224703
avg_local_nach,0.85961
avg_citywide_nain,1.053394
avg_citywide_nach,0.861704
avg_blended_nain,1.17476
avg_blended_nach,0.84589
avg_segment_length,83.455
blended_nain_nach_pearson_r,0.608254
blended_nain_nach_p_value,2.2635e-110
pct_citywide_matched,94.45
