  0
SECTION
  2
HEADER
  9
$ACADVER
  1
AC1015
  9
$ACADMAINTVER
 70
6
  9
$DWGCODEPAGE
  3
ANSI_1252
  9
$INSBASE
 10
0.0
 20
0.0
 30
0.0
  9
$EXTMIN
 10
1e+20
 20
1e+20
 30
1e+20
  9
$EXTMAX
 10
-1e+20
 20
-1e+20
 30
-1e+20
  9
$LIMMIN
 10
0.0
 20
0.0
  9
$LIMMAX
 10
420.0
 20
297.0
  9
$ORTHOMODE
 70
0
  9
$REGENMODE
 70
1
  9
$FILLMODE
 70
1
  9
$QTEXTMODE
 70
0
  9
$MIRRTEXT
 70
1
  9
$LTSCALE
 40
1.0
  9
$ATTMODE
 70
1
  9
$TEXTSIZE
 40
2.5
  9
$TRACEWID
 40
1.0
  9
$TEXTSTYLE
  7
Standard
  9
$CLAYER
  8
0
  9
$CELTYPE
  6
ByLayer
  9
$CECOLOR
 62
256
  9
$CELTSCALE
 40
1.0
  9
$DISPSILH
 70
0
  9
$DIMSCALE
 40
1.0
  9
$DIMASZ
 40
2.5
  9
$DIMEXO
 40
0.625
  9
$DIMDLI
 40
3.75
  9
$DIMRND
 40
0.0
  9
$DIMDLE
 40
0.0
  9
$DIMEXE
 40
1.25
  9
$DIMTP
 40
0.0
  9
$DIMTM
 40
0.0
  9
$DIMTXT
 40
2.5
  9
$DIMCEN
 40
2.5
  9
$DIMTSZ
 40
0.0
  9
$DIMTOL
 70
0
  9
$DIMLIM
 70
0
  9
$DIMTIH
 70
0
  9
$DIMTOH
 70
0
  9
$DIMSE1
 70
0
  9
$DIMSE2
 70
0
  9
$DIMTAD
 70
1
  9
$DIMZIN
 70
8
  9
$DIMBLK
  1

  9
$DIMASO
 70
1
  9
$DIMSHO
 70
1
  9
$DIMPOST
  1

  9
$DIMAPOST
  1

  9
$DIMALT
 70
0
  9
$DIMALTD
 70
3
  9
$DIMALTF
 40
0.03937007874
  9
$DIMLFAC
 40
1.0
  9
$DIMTOFL
 70
1
  9
$DIMTVP
 40
0.0
  9
$DIMTIX
 70
0
  9
$DIMSOXD
 70
0
  9
$DIMSAH
 70
0
  9
$DIMBLK1
  1

  9
$DIMBLK2
  1

  9
$DIMSTYLE
  2
ISO-25
  9
$DIMCLRD
 70
0
  9
$DIMCLRE
 70
0
  9
$DIMCLRT
 70
0
  9
$DIMTFAC
 40
1.0
  9
$DIMGAP
 40
0.625
  9
$DIMJUST
 70
0
  9
$DIMSD1
 70
0
  9
$DIMSD2
 70
0
  9
$DIMTOLJ
 70
0
  9
$DIMTZIN
 70
8
  9
$DIMALTZ
 70
0
  9
$DIMALTTZ
 70
0
  9
$DIMUPT
 70
0
  9
$DIMDEC
 70
2
  9
$DIMTDEC
 70
2
  9
$DIMALTU
 70
2
  9
$DIMALTTD
 70
3
  9
$DIMTXSTY
  7
Standard
  9
$DIMAUNIT
 70
0
  9
$DIMADEC
 70
0
  9
$DIMALTRND
 40
0.0
  9
$DIMAZIN
 70
0
  9
$DIMDSEP
 70
44
  9
$DIMATFIT
 70
3
  9
$DIMFRAC
 70
0
  9
$DIMLDRBLK
  1

  9
$DIMLUNIT
 70
2
  9
$DIMLWD
 70
-2
  9
$DIMLWE
 70
-2
  9
$DIMTMOVE
 70
0
  9
$LUNITS
 70
2
  9
$LUPREC
 70
4
  9
$SKETCHINC
 40
1.0
  9
$FILLETRAD
 40
10.0
  9
$AUNITS
 70
0
  9
$AUPREC
 70
2
  9
$MENU
  1
.
  9
$ELEVATION
 40
0.0
  9
$PELEVATION
 40
0.0
  9
$THICKNESS
 40
0.0
  9
$LIMCHECK
 70
0
  9
$CHAMFERA
 40
0.0
  9
$CHAMFERB
 40
0.0
  9
$CHAMFERC
 40
0.0
  9
$CHAMFERD
 40
0.0
  9
$SKPOLY
 70
0
  9
$TDCREATE
 40
2461229.6000810186
  9
$TDUCREATE
 40
2458532.153996898
  9
$TDUPDATE
 40
2461229.6000810186
  9
$TDUUPDATE
 40
2458532.1544311
  9
$TDINDWG
 40
0.0
  9
$TDUSRTIMER
 40
0.0
  9
$USRTIMER
 70
1
  9
$ANGBASE
 50
0.0
  9
$ANGDIR
 70
0
  9
$PDMODE
 70
0
  9
$PDSIZE
 40
0.0
  9
$PLINEWID
 40
0.0
  9
$SPLFRAME
 70
0
  9
$SPLINETYPE
 70
6
  9
$SPLINESEGS
 70
8
  9
$HANDSEED
  5
421
  9
$SURFTAB1
 70
6
  9
$SURFTAB2
 70
6
  9
$SURFTYPE
 70
6
  9
$SURFU
 70
6
  9
$SURFV
 70
6
  9
$UCSBASE
  2

  9
$UCSNAME
  2

  9
$UCSORG
 10
0.0
 20
0.0
 30
0.0
  9
$UCSXDIR
 10
1.0
 20
0.0
 30
0.0
  9
$UCSYDIR
 10
0.0
 20
1.0
 30
0.0
  9
$UCSORTHOREF
  2

  9
$UCSORTHOVIEW
 70
0
  9
$UCSORGTOP
 10
0.0
 20
0.0
 30
0.0
  9
$UCSORGBOTTOM
 10
0.0
 20
0.0
 30
0.0
  9
$UCSORGLEFT
 10
0.0
 20
0.0
 30
0.0
  9
$UCSORGRIGHT
 10
0.0
 20
0.0
 30
0.0
  9
$UCSORGFRONT
 10
0.0
 20
0.0
 30
0.0
  9
$UCSORGBACK
 10
0.0
 20
0.0
 30
0.0
  9
$PUCSBASE
  2

  9
$PUCSNAME
  2

  9
$PUCSORG
 10
0.0
 20
0.0
 30
0.0
  9
$PUCSXDIR
 10
1.0
 20
0.0
 30
0.0
  9
$PUCSYDIR
 10
0.0
 20
1.0
 30
0.0
  9
$PUCSORTHOREF
  2

  9
$PUCSORTHOVIEW
 70
0
  9
$PUCSORGTOP
 10
0.0
 20
0.0
 30
0.0
  9
$PUCSORGBOTTOM
 10
0.0
 20
0.0
 30
0.0
  9
$PUCSORGLEFT
 10
0.0
 20
0.0
 30
0.0
  9
$PUCSORGRIGHT
 10
0.0
 20
0.0
 30
0.0
  9
$PUCSORGFRONT
 10
0.0
 20
0.0
 30
0.0
  9
$PUCSORGBACK
 10
0.0
 20
0.0
 30
0.0
  9
$USERI1
 70
0
  9
$USERI2
 70
0
  9
$USERI3
 70
0
  9
$USERI4
 70
0
  9
$USERI5
 70
0
  9
$USERR1
 40
0.0
  9
$USERR2
 40
0.0
  9
$USERR3
 40
0.0
  9
$USERR4
 40
0.0
  9
$USERR5
 40
0.0
  9
$WORLDVIEW
 70
1
  9
$SHADEDGE
 70
3
  9
$SHADEDIF
 70
70
  9
$TILEMODE
 70
1
  9
$MAXACTVP
 70
64
  9
$PINSBASE
 10
0.0
 20
0.0
 30
0.0
  9
$PLIMCHECK
 70
0
  9
$PEXTMIN
 10
1e+20
 20
1e+20
 30
1e+20
  9
$PEXTMAX
 10
-1e+20
 20
-1e+20
 30
-1e+20
  9
$PLIMMIN
 10
0.0
 20
0.0
  9
$PLIMMAX
 10
420.0
 20
297.0
  9
$UNITMODE
 70
0
  9
$VISRETAIN
 70
1
  9
$PLINEGEN
 70
0
  9
$PSLTSCALE
 70
1
  9
$TREEDEPTH
 70
3020
  9
$CMLSTYLE
  2
Standard
  9
$CMLJUST
 70
0
  9
$CMLSCALE
 40
20.0
  9
$PROXYGRAPHICS
 70
1
  9
$MEASUREMENT
 70
1
  9
$CELWEIGHT
370
-1
  9
$ENDCAPS
280
0
  9
$JOINSTYLE
280
0
  9
$LWDISPLAY
290
0
  9
$INSUNITS
 70
6
  9
$HYPERLINKBASE
  1

  9
$STYLESHEET
  1

  9
$XEDIT
290
1
  9
$CEPSNTYPE
380
0
  9
$PSTYLEMODE
290
1
  9
$FINGERPRINTGUID
  2
{625CC9B7-8956-415E-A370-17DBDD742A4B}
  9
$VERSIONGUID
  2
{E57CE9C3-F68D-4A00-B74F-81C504CE97AB}
  9
$EXTNAMES
290
1
  9
$PSVPSCALE
 40
0.0
  9
$OLESTARTUP
290
0
  0
ENDSEC
  0
SECTION
  2
CLASSES
  0
CLASS
  1
ACDBDICTIONARYWDFLT
  2
AcDbDictionaryWithDefault
  3
ObjectDBX Classes
 90
0
280
0
281
0
  0
CLASS
  1
SUN
  2
AcDbSun
  3
SCENEOE
 90
1153
280
0
281
0
  0
CLASS
  1
VISUALSTYLE
  2
AcDbVisualStyle
  3
ObjectDBX Classes
 90
4095
280
0
281
0
  0
CLASS
  1
MATERIAL
  2
AcDbMaterial
  3
ObjectDBX Classes
 90
1153
280
0
281
0
  0
CLASS
  1
SCALE
  2
AcDbScale
  3
ObjectDBX Classes
 90
1153
280
0
281
0
  0
CLASS
  1
TABLESTYLE
  2
AcDbTableStyle
  3
ObjectDBX Classes
 90
4095
280
0
281
0
  0
CLASS
  1
MLEADERSTYLE
  2
AcDbMLeaderStyle
  3
ACDB_MLEADERSTYLE_CLASS
 90
4095
280
0
281
0
  0
CLASS
  1
DICTIONARYVAR
  2
AcDbDictionaryVar
  3
ObjectDBX Classes
 90
0
280
0
281
0
  0
CLASS
  1
CELLSTYLEMAP
  2
AcDbCellStyleMap
  3
ObjectDBX Classes
 90
1152
280
0
281
0
  0
CLASS
  1
MENTALRAYRENDERSETTINGS
  2
AcDbMentalRayRenderSettings
  3
SCENEOE
 90
1024
280
0
281
0
  0
CLASS
  1
ACDBDETAILVIEWSTYLE
  2
AcDbDetailViewStyle
  3
ObjectDBX Classes
 90
1025
280
0
281
0
  0
CLASS
  1
ACDBSECTIONVIEWSTYLE
  2
AcDbSectionViewStyle
  3
ObjectDBX Classes
 90
1025
280
0
281
0
  0
CLASS
  1
RASTERVARIABLES
  2
AcDbRasterVariables
  3
ISM
 90
0
280
0
281
0
  0
CLASS
  1
ACDBPLACEHOLDER
  2
AcDbPlaceHolder
  3
ObjectDBX Classes
 90
0
280
0
281
0
  0
CLASS
  1
LAYOUT
  2
AcDbLayout
  3
ObjectDBX Classes
 90
0
280
0
281
0
  0
ENDSEC
  0
SECTION
  2
TABLES
  0
TABLE
  2
VPORT
  5
8
330
0
100
AcDbSymbolTable
 70
1
  0
VPORT
  5
23
330
8
100
AcDbSymbolTableRecord
100
AcDbViewportTableRecord
  2
*Active
 70
0
 10
0.0
 20
0.0
 11
1.0
 21
1.0
 12
0.0
 22
0.0
 13
0.0
 23
0.0
 14
0.5
 24
0.5
 15
0.5
 25
0.5
 16
0.0
 26
0.0
 36
1.0
 17
0.0
 27
0.0
 37
0.0
 40
1000.0
 41
1.34
 42
50.0
 43
0.0
 44
0.0
 50
0.0
 51
0.0
 71
0
 72
1000
 73
1
 74
3
 75
0
 76
0
 77
0
 78
0
281
0
 65
0
146
0.0
  0
ENDTAB
  0
TABLE
  2
LTYPE
  5
2
330
0
100
AcDbSymbolTable
 70
3
  0
LTYPE
  5
24
330
2
100
AcDbSymbolTableRecord
100
AcDbLinetypeTableRecord
  2
ByBlock
 70
0
  3

 72
65
 73
0
 40
0.0
  0
LTYPE
  5
25
330
2
100
AcDbSymbolTableRecord
100
AcDbLinetypeTableRecord
  2
ByLayer
 70
0
  3

 72
65
 73
0
 40
0.0
  0
LTYPE
  5
26
330
2
100
AcDbSymbolTableRecord
100
AcDbLinetypeTableRecord
  2
Continuous
 70
0
  3

 72
65
 73
0
 40
0.0
  0
ENDTAB
  0
TABLE
  2
LAYER
  5
1
330
0
100
AcDbSymbolTable
 70
2
  0
LAYER
  5
27
330
1
100
AcDbSymbolTableRecord
100
AcDbLayerTableRecord
  2
0
 70
0
 62
7
  6
Continuous
370
-3
390
13
  0
LAYER
  5
28
330
1
100
AcDbSymbolTableRecord
100
AcDbLayerTableRecord
  2
Defpoints
 70
0
 62
7
  6
Continuous
290
0
370
-3
390
13
  0
ENDTAB
  0
TABLE
  2
STYLE
  5
5
330
0
100
AcDbSymbolTable
 70
1
  0
STYLE
  5
29
330
5
100
AcDbSymbolTableRecord
100
AcDbTextStyleTableRecord
  2
Standard
 70
0
 40
0.0
 41
1.0
 50
0.0
 71
0
 42
2.5
  3
txt
  4

  0
ENDTAB
  0
TABLE
  2
VIEW
  5
7
330
0
100
AcDbSymbolTable
 70
0
  0
ENDTAB
  0
TABLE
  2
UCS
  5
6
330
0
100
AcDbSymbolTable
 70
0
  0
ENDTAB
  0
TABLE
  2
APPID
  5
3
330
0
100
AcDbSymbolTable
 70
3
  0
APPID
  5
2A
330
3
100
AcDbSymbolTableRecord
100
AcDbRegAppTableRecord
  2
ACAD
 70
0
  0
APPID
  5
41E
330
3
100
AcDbSymbolTableRecord
100
AcDbRegAppTableRecord
  2
HATCHBACKGROUNDCOLOR
 70
0
  0
APPID
  5
41F
330
3
100
AcDbSymbolTableRecord
100
AcDbRegAppTableRecord
  2
EZDXF
 70
0
  0
ENDTAB
  0
TABLE
  2
DIMSTYLE
  5
4
330
0
100
AcDbSymbolTable
 70
1
100
AcDbDimStyleTable
  0
DIMSTYLE
105
2B
330
4
100
AcDbSymbolTableRecord
100
AcDbDimStyleTableRecord
  2
Standard
 70
0
  3

  4

 40
1.0
 41
2.5
 42
0.625
 43
3.75
 44
1.25
 45
0.0
 46
0.0
 47
0.0
 48
0.0
140
2.5
141
2.5
142
0.0
143
0.03937007874
144
1.0
145
0.0
146
1.0
147
0.625
148
0.0
 71
0
 72
0
 73
0
 74
0
 75
0
 76
0
 77
1
 78
8
 79
3
170
0
171
3
172
1
173
0
174
0
175
0
176
0
177
0
178
0
179
2
271
2
272
2
273
2
274
3
275
0
276
0
277
2
278
44
279
0
280
0
281
0
282
0
283
0
284
8
285
0
286
0
288
0
289
3
371
-2
372
-2
  0
ENDTAB
  0
TABLE
  2
BLOCK_RECORD
  5
9
330
0
100
AcDbSymbolTable
 70
2
  0
BLOCK_RECORD
  5
17
330
9
100
AcDbSymbolTableRecord
100
AcDbBlockTableRecord
  2
*Model_Space
340
1A
  0
BLOCK_RECORD
  5
1B
330
9
100
AcDbSymbolTableRecord
100
AcDbBlockTableRecord
  2
*Paper_Space
340
1E
  0
ENDTAB
  0
ENDSEC
  0
SECTION
  2
BLOCKS
  0
BLOCK
  5
18
330
17
100
AcDbEntity
  8
0
100
AcDbBlockBegin
  2
*Model_Space
 70
0
 10
0.0
 20
0.0
 30
0.0
  3
*Model_Space
  1

  0
ENDBLK
  5
19
330
17
100
AcDbEntity
  8
0
100
AcDbBlockEnd
  0
BLOCK
  5
1C
330
1B
100
AcDbEntity
  8
0
100
AcDbBlockBegin
  2
*Paper_Space
 70
0
 10
0.0
 20
0.0
 30
0.0
  3
*Paper_Space
  1

  0
ENDBLK
  5
1D
330
1B
100
AcDbEntity
  8
0
100
AcDbBlockEnd
  0
ENDSEC
  0
SECTION
  2
ENTITIES
  0
LWPOLYLINE
  5
2F
330
17
100
AcDbEntity
  8
ROADS
100
AcDbPolyline
 90
2
 70
0
 10
626233.0833196457
 20
4834455.127292347
 10
626228.526319211
 20
4834470.669586644
  0
LWPOLYLINE
  5
30
330
17
100
AcDbEntity
  8
ROADS
100
AcDbPolyline
 90
2
 70
0
 10
626017.5002500964
 20
4834474.499312989
 10
626009.3898926419
 20
4834502.734574796
  0
LWPOLYLINE
  5
31
330
17
100
AcDbEntity
  8
ROADS
100
AcDbPolyline
 90
2
 70
0
 10
626073.1910690528
 20
4834463.839503773
 10
626065.5693822538
 20
4834490.164287139
  0
LWPOLYLINE
  5
32
330
17
100
AcDbEntity
  8
ROADS
100
AcDbPolyline
 90
2
 70
0
 10
626105.4961443979
 20
4834502.035659854
 10
626065.5693822538
 20
4834490.164287139
  0
LWPOLYLINE
  5
33
330
17
100
AcDbEntity
  8
ROADS
100
AcDbPolyline
 90
2
 70
0
 10
625900.7085646082
 20
4834508.716329614
 10
625862.2453919129
 20
4834635.786630575
  0
LWPOLYLINE
  5
34
330
17
100
AcDbEntity
  8
ROADS
100
AcDbPolyline
 90
2
 70
0
 10
626228.526319211
 20
4834470.669586644
 10
626224.0505035574
 20
4834485.58256574
  0
LWPOLYLINE
  5
35
330
17
100
AcDbEntity
  8
ROADS
100
AcDbPolyline
 90
3
 70
0
 10
626224.0505035574
 20
4834485.58256574
 10
626118.3449415541
 20
4834460.373459266
 10
626105.4961443979
 20
4834502.035659854
  0
LWPOLYLINE
  5
36
330
17
100
AcDbEntity
  8
ROADS
100
AcDbPolyline
 90
2
 70
0
 10
626388.0890360828
 20
4834518.289505574
 10
626228.526319211
 20
4834470.669586644
  0
LWPOLYLINE
  5
37
330
17
100
AcDbEntity
  8
ROADS
100
AcDbPolyline
 90
2
 70
0
 10
626338.3132095308
 20
4834519.3888683105
 10
626224.0505035574
 20
4834485.58256574
  0
LWPOLYLINE
  5
38
330
17
100
AcDbEntity
  8
ROADS
100
AcDbPolyline
 90
2
 70
0
 10
626224.0505035574
 20
4834485.58256574
 10
626209.8863844848
 20
4834532.956340519
  0
LWPOLYLINE
  5
39
330
17
100
AcDbEntity
  8
ROADS
100
AcDbPolyline
 90
2
 70
0
 10
626209.8863844848
 20
4834532.956340519
 10
626105.4961443979
 20
4834502.035659854
  0
LWPOLYLINE
  5
3A
330
17
100
AcDbEntity
  8
ROADS
100
AcDbPolyline
 90
2
 70
0
 10
626105.4961443979
 20
4834502.035659854
 10
626093.0458670594
 20
4834544.002078477
  0
LWPOLYLINE
  5
3B
330
17
100
AcDbEntity
  8
ROADS
100
AcDbPolyline
 90
2
 70
0
 10
626388.0890360828
 20
4834518.289505574
 10
626383.7651465264
 20
4834532.930221096
  0
LWPOLYLINE
  5
3C
330
17
100
AcDbEntity
  8
ROADS
100
AcDbPolyline
 90
2
 70
0
 10
626383.7651465264
 20
4834532.930221096
 10
626338.3132095308
 20
4834519.3888683105
  0
LWPOLYLINE
  5
3D
330
17
100
AcDbEntity
  8
ROADS
100
AcDbPolyline
 90
2
 70
0
 10
626065.5693822538
 20
4834490.164287139
 10
626040.442048476
 20
4834573.530979979
  0
LWPOLYLINE
  5
3E
330
17
100
AcDbEntity
  8
ROADS
100
AcDbPolyline
 90
2
 70
0
 10
625958.7870389345
 20
4834489.366583652
 10
625911.419984792
 20
4834650.240322923
  0
LWPOLYLINE
  5
3F
330
17
100
AcDbEntity
  8
ROADS
100
AcDbPolyline
 90
2
 70
0
 10
626093.0458670594
 20
4834544.002078477
 10
626080.8522360607
 20
4834585.214088859
  0
LWPOLYLINE
  5
40
330
17
100
AcDbEntity
  8
ROADS
100
AcDbPolyline
 90
2
 70
0
 10
626080.8522360607
 20
4834585.214088859
 10
626040.442048476
 20
4834573.530979979
  0
LWPOLYLINE
  5
41
330
17
100
AcDbEntity
  8
ROADS
100
AcDbPolyline
 90
2
 70
0
 10
626080.8522360607
 20
4834585.214088859
 10
626067.9929275612
 20
4834628.342176032
  0
LWPOLYLINE
  5
42
330
17
100
AcDbEntity
  8
ROADS
100
AcDbPolyline
 90
2
 70
0
 10
626040.442048476
 20
4834573.530979979
 10
626014.8580319289
 20
4834659.090533849
  0
LWPOLYLINE
  5
43
330
17
100
AcDbEntity
  8
ROADS
100
AcDbPolyline
 90
2
 70
0
 10
625911.419984792
 20
4834650.240322923
 10
625862.2453919129
 20
4834635.786630575
  0
LWPOLYLINE
  5
44
330
17
100
AcDbEntity
  8
ROADS
100
AcDbPolyline
 90
2
 70
0
 10
626067.9929275612
 20
4834628.342176032
 10
626055.5106928493
 20
4834670.250004469
  0
LWPOLYLINE
  5
45
330
17
100
AcDbEntity
  8
ROADS
100
AcDbPolyline
 90
2
 70
0
 10
625952.4895074993
 20
4834691.006046178
 10
625977.2156519716
 20
4834607.705135729
  0
LWPOLYLINE
  5
46
330
17
100
AcDbEntity
  8
ROADS
100
AcDbPolyline
 90
2
 70
0
 10
626055.5106928493
 20
4834670.250004469
 10
626014.8580319289
 20
4834659.090533849
  0
LWPOLYLINE
  5
47
330
17
100
AcDbEntity
  8
ROADS
100
AcDbPolyline
 90
2
 70
0
 10
626338.3132095308
 20
4834519.3888683105
 10
626324.7748922629
 20
4834566.05592758
  0
LWPOLYLINE
  5
48
330
17
100
AcDbEntity
  8
ROADS
100
AcDbPolyline
 90
2
 70
0
 10
626324.7748922629
 20
4834566.05592758
 10
626209.8863844848
 20
4834532.956340519
  0
LWPOLYLINE
  5
49
330
17
100
AcDbEntity
  8
ROADS
100
AcDbPolyline
 90
2
 70
0
 10
626209.8863844848
 20
4834532.956340519
 10
626197.2071538153
 20
4834573.646557625
  0
LWPOLYLINE
  5
4A
330
17
100
AcDbEntity
  8
ROADS
100
AcDbPolyline
 90
2
 70
0
 10
626383.7651465264
 20
4834532.930221096
 10
626370.7136514282
 20
4834580.051112593
  0
LWPOLYLINE
  5
4B
330
17
100
AcDbEntity
  8
ROADS
100
AcDbPolyline
 90
2
 70
0
 10
626197.2071538153
 20
4834573.646557625
 10
626093.0458670594
 20
4834544.002078477
  0
LWPOLYLINE
  5
4C
330
17
100
AcDbEntity
  8
ROADS
100
AcDbPolyline
 90
2
 70
0
 10
626370.7136514282
 20
4834580.051112593
 10
626324.7748922629
 20
4834566.05592758
  0
LWPOLYLINE
  5
4D
330
17
100
AcDbEntity
  8
ROADS
100
AcDbPolyline
 90
2
 70
0
 10
626370.7136514282
 20
4834580.051112593
 10
626366.8669650413
 20
4834594.239425329
  0
LWPOLYLINE
  5
4E
330
17
100
AcDbEntity
  8
ROADS
100
AcDbPolyline
 90
2
 70
0
 10
626197.2071538153
 20
4834573.646557625
 10
626185.0368222488
 20
4834614.89700325
  0
LWPOLYLINE
  5
4F
330
17
100
AcDbEntity
  8
ROADS
100
AcDbPolyline
 90
2
 70
0
 10
626358.4734623862
 20
4834621.680339193
 10
626197.2071538153
 20
4834573.646557625
  0
LWPOLYLINE
  5
50
330
17
100
AcDbEntity
  8
ROADS
100
AcDbPolyline
 90
2
 70
0
 10
626185.0368222488
 20
4834614.89700325
 10
626080.8522360607
 20
4834585.214088859
  0
LWPOLYLINE
  5
51
330
17
100
AcDbEntity
  8
ROADS
100
AcDbPolyline
 90
2
 70
0
 10
625770.7919740753
 20
4834571.435149912
 10
625741.5139066062
 20
4834669.341283115
  0
LWPOLYLINE
  5
52
330
17
100
AcDbEntity
  8
ROADS
100
AcDbPolyline
 90
2
 70
0
 10
625702.9991437858
 20
4834616.613082109
 10
625693.0879150705
 20
4834654.858124517
  0
LWPOLYLINE
  5
53
330
17
100
AcDbEntity
  8
ROADS
100
AcDbPolyline
 90
2
 70
0
 10
625838.667347614
 20
4834535.230491024
 10
625756.3632524058
 20
4834809.335754476
  0
LWPOLYLINE
  5
54
330
17
100
AcDbEntity
  8
ROADS
100
AcDbPolyline
 90
2
 70
0
 10
626366.8669650413
 20
4834594.239425329
 10
626358.4734623862
 20
4834621.680339193
  0
LWPOLYLINE
  5
55
330
17
100
AcDbEntity
  8
ROADS
100
AcDbPolyline
 90
2
 70
0
 10
626298.4350767747
 20
4834650.051800764
 10
626185.0368222488
 20
4834614.89700325
  0
LWPOLYLINE
  5
56
330
17
100
AcDbEntity
  8
ROADS
100
AcDbPolyline
 90
2
 70
0
 10
626185.0368222488
 20
4834614.89700325
 10
626172.2905356688
 20
4834658.079148899
  0
LWPOLYLINE
  5
57
330
17
100
AcDbEntity
  8
ROADS
100
AcDbPolyline
 90
2
 70
0
 10
626358.4734623862
 20
4834621.680339193
 10
626346.41419275
 20
4834662.705797233
  0
LWPOLYLINE
  5
58
330
17
100
AcDbEntity
  8
ROADS
100
AcDbPolyline
 90
2
 70
0
 10
626172.2905356688
 20
4834658.079148899
 10
626067.9929275612
 20
4834628.342176032
  0
LWPOLYLINE
  5
59
330
17
100
AcDbEntity
  8
ROADS
100
AcDbPolyline
 90
2
 70
0
 10
626346.41419275
 20
4834662.705797233
 10
626298.4350767747
 20
4834650.051800764
  0
LWPOLYLINE
  5
5A
330
17
100
AcDbEntity
  8
ROADS
100
AcDbPolyline
 90
3
 70
0
 10
626298.4350767747
 20
4834650.051800764
 10
626287.6072261112
 20
4834691.832553802
 10
626172.2905356688
 20
4834658.079148899
  0
LWPOLYLINE
  5
5B
330
17
100
AcDbEntity
  8
ROADS
100
AcDbPolyline
 90
2
 70
0
 10
626346.41419275
 20
4834662.705797233
 10
626332.3176479293
 20
4834710.986857553
  0
LWPOLYLINE
  5
5C
330
17
100
AcDbEntity
  8
ROADS
100
AcDbPolyline
 90
2
 70
0
 10
626332.3176479293
 20
4834710.986857553
 10
626366.4655551722
 20
4834759.068959499
  0
LWPOLYLINE
  5
5D
330
17
100
AcDbEntity
  8
ROADS
100
AcDbPolyline
 90
2
 70
0
 10
626332.3176479293
 20
4834710.986857553
 10
626317.067234023
 20
4834762.46524626
  0
LWPOLYLINE
  5
5E
330
17
100
AcDbEntity
  8
ROADS
100
AcDbPolyline
 90
2
 70
0
 10
625496.7941128898
 20
4834974.375161658
 10
625467.9350812153
 20
4835073.309104861
  0
LWPOLYLINE
  5
5F
330
17
100
AcDbEntity
  8
ROADS
100
AcDbPolyline
 90
2
 70
0
 10
625467.9350812153
 20
4835073.309104861
 10
625406.7093781526
 20
4835055.827747184
  0
LWPOLYLINE
  5
60
330
17
100
AcDbEntity
  8
ROADS
100
AcDbPolyline
 90
2
 70
0
 10
625556.5643833518
 20
4835154.61387237
 10
625393.9668939405
 20
4835102.890272603
  0
LWPOLYLINE
  5
61
330
17
100
AcDbEntity
  8
ROADS
100
AcDbPolyline
 90
3
 70
0
 10
625541.6745213604
 20
4835202.852455868
 10
625394.3741986006
 20
4835157.821137245
 10
625368.3591425556
 20
4835217.683683522
  0
LWPOLYLINE
  5
62
330
17
100
AcDbEntity
  8
ROADS
100
AcDbPolyline
 90
2
 70
0
 10
625637.3250120737
 20
4834670.8769803615
 10
625619.9651517469
 20
4834729.852679363
  0
LWPOLYLINE
  5
63
330
17
100
AcDbEntity
  8
ROADS
100
AcDbPolyline
 90
2
 70
0
 10
625741.5139066062
 20
4834669.341283115
 10
625693.0879150705
 20
4834654.858124517
  0
LWPOLYLINE
  5
64
330
17
100
AcDbEntity
  8
ROADS
100
AcDbPolyline
 90
2
 70
0
 10
625693.0879150705
 20
4834654.858124517
 10
625666.0633416908
 20
4834744.150758394
  0
LWPOLYLINE
  5
65
330
17
100
AcDbEntity
  8
ROADS
100
AcDbPolyline
 90
2
 70
0
 10
625619.9651517469
 20
4834729.852679363
 10
625587.0998964532
 20
4834721.974531713
  0
LWPOLYLINE
  5
66
330
17
100
AcDbEntity
  8
ROADS
100
AcDbPolyline
 90
2
 70
0
 10
625741.5139066062
 20
4834669.341283115
 10
625705.4587981064
 20
4834793.87471827
  0
LWPOLYLINE
  5
67
330
17
100
AcDbEntity
  8
ROADS
100
AcDbPolyline
 90
2
 70
0
 10
625666.0633416908
 20
4834744.150758394
 10
625619.9651517469
 20
4834729.852679363
  0
LWPOLYLINE
  5
68
330
17
100
AcDbEntity
  8
ROADS
100
AcDbPolyline
 90
2
 70
0
 10
626110.3573679717
 20
4834686.6553504085
 10
626055.5106928493
 20
4834670.250004469
  0
LWPOLYLINE
  5
69
330
17
100
AcDbEntity
  8
ROADS
100
AcDbPolyline
 90
2
 70
0
 10
626014.8580319289
 20
4834659.090533849
 10
626000.5912335787
 20
4834706.113395627
  0
LWPOLYLINE
  5
6A
330
17
100
AcDbEntity
  8
ROADS
100
AcDbPolyline
 90
2
 70
0
 10
626055.5106928493
 20
4834670.250004469
 10
626044.5392461545
 20
4834719.089543451
  0
LWPOLYLINE
  5
6B
330
17
100
AcDbEntity
  8
ROADS
100
AcDbPolyline
 90
2
 70
0
 10
626000.5912335787
 20
4834706.113395627
 10
625952.4895074993
 20
4834691.006046178
  0
LWPOLYLINE
  5
6C
330
17
100
AcDbEntity
  8
ROADS
100
AcDbPolyline
 90
2
 70
0
 10
626095.5343385213
 20
4834733.412154643
 10
626044.5392461545
 20
4834719.089543451
  0
LWPOLYLINE
  5
6D
330
17
100
AcDbEntity
  8
ROADS
100
AcDbPolyline
 90
2
 70
0
 10
626000.5912335787
 20
4834706.113395627
 10
625986.8261361863
 20
4834751.5497297235
  0
LWPOLYLINE
  5
6E
330
17
100
AcDbEntity
  8
ROADS
100
AcDbPolyline
 90
2
 70
0
 10
626031.9391341397
 20
4834765.775014064
 10
626044.5392461545
 20
4834719.089543451
  0
LWPOLYLINE
  5
6F
330
17
100
AcDbEntity
  8
ROADS
100
AcDbPolyline
 90
2
 70
0
 10
626031.9391341397
 20
4834765.775014064
 10
625986.8261361863
 20
4834751.5497297235
  0
LWPOLYLINE
  5
70
330
17
100
AcDbEntity
  8
ROADS
100
AcDbPolyline
 90
2
 70
0
 10
626080.485239994
 20
4834780.890910715
 10
626031.9391341397
 20
4834765.775014064
  0
LWPOLYLINE
  5
71
330
17
100
AcDbEntity
  8
ROADS
100
AcDbPolyline
 90
2
 70
0
 10
626019.994823598
 20
4834812.141316891
 10
626031.9391341397
 20
4834765.775014064
  0
LWPOLYLINE
  5
72
330
17
100
AcDbEntity
  8
ROADS
100
AcDbPolyline
 90
2
 70
0
 10
625568.6555851679
 20
4834742.808531249
 10
625551.4521894235
 20
4834799.119201935
  0
LWPOLYLINE
  5
73
330
17
100
AcDbEntity
  8
ROADS
100
AcDbPolyline
 90
2
 70
0
 10
625666.0633416908
 20
4834744.150758394
 10
625655.6107991969
 20
4834778.834807138
  0
LWPOLYLINE
  5
74
330
17
100
AcDbEntity
  8
ROADS
100
AcDbPolyline
 90
2
 70
0
 10
625705.4587981064
 20
4834793.87471827
 10
625655.6107991969
 20
4834778.834807138
  0
LWPOLYLINE
  5
75
330
17
100
AcDbEntity
  8
ROADS
100
AcDbPolyline
 90
2
 70
0
 10
625551.4521894235
 20
4834799.119201935
 10
625529.7693638114
 20
4834792.45530521
  0
LWPOLYLINE
  5
76
330
17
100
AcDbEntity
  8
ROADS
100
AcDbPolyline
 90
2
 70
0
 10
625756.3632524058
 20
4834809.335754476
 10
625705.4587981064
 20
4834793.87471827
  0
LWPOLYLINE
  5
77
330
17
100
AcDbEntity
  8
ROADS
100
AcDbPolyline
 90
3
 70
0
 10
625505.9243592587
 20
4834829.140578106
 10
625496.3736656836
 20
4834871.169697685
 10
625525.5235925217
 20
4834883.989346515
  0
LWPOLYLINE
  5
78
330
17
100
AcDbEntity
  8
ROADS
100
AcDbPolyline
 90
2
 70
0
 10
625551.4521894235
 20
4834799.119201935
 10
625525.5235925217
 20
4834883.989346515
  0
LWPOLYLINE
  5
79
330
17
100
AcDbEntity
  8
ROADS
100
AcDbPolyline
 90
2
 70
0
 10
625619.9651517469
 20
4834729.852679363
 10
625541.5071038207
 20
4834988.125198658
  0
LWPOLYLINE
  5
7A
330
17
100
AcDbEntity
  8
ROADS
100
AcDbPolyline
 90
2
 70
0
 10
625862.2453919129
 20
4834635.786630575
 10
625721.9540530344
 20
4835106.419853486
  0
LWPOLYLINE
  5
7B
330
17
100
AcDbEntity
  8
ROADS
100
AcDbPolyline
 90
2
 70
0
 10
626067.026379097
 20
4834826.812316704
 10
626019.994823598
 20
4834812.141316891
  0
LWPOLYLINE
  5
7C
330
17
100
AcDbEntity
  8
ROADS
100
AcDbPolyline
 90
2
 70
0
 10
626010.9363552467
 20
4834843.837425442
 10
626019.994823598
 20
4834812.141316891
  0
LWPOLYLINE
  5
7D
330
17
100
AcDbEntity
  8
ROADS
100
AcDbPolyline
 90
2
 70
0
 10
626057.8519531307
 20
4834858.118310451
 10
626010.9363552467
 20
4834843.837425442
  0
LWPOLYLINE
  5
7E
330
17
100
AcDbEntity
  8
ROADS
100
AcDbPolyline
 90
2
 70
0
 10
626010.9363552467
 20
4834843.837425442
 10
626004.0555418454
 20
4834870.414597424
  0
LWPOLYLINE
  5
7F
330
17
100
AcDbEntity
  8
ROADS
100
AcDbPolyline
 90
2
 70
0
 10
625911.419984792
 20
4834650.240322923
 10
625769.0935462224
 20
4835120.510800147
  0
LWPOLYLINE
  5
80
330
17
100
AcDbEntity
  8
ROADS
100
AcDbPolyline
 90
2
 70
0
 10
625986.8261361863
 20
4834751.5497297235
 10
625905.5362316283
 20
4835025.5107479645
  0
LWPOLYLINE
  5
81
330
17
100
AcDbEntity
  8
ROADS
100
AcDbPolyline
 90
3
 70
0
 10
625769.0935462224
 20
4835120.510800147
 10
625820.6082414435
 20
4835133.719790021
 10
625952.4895074993
 20
4834691.006046178
  0
LWPOLYLINE
  5
82
330
17
100
AcDbEntity
  8
ROADS
100
AcDbPolyline
 90
2
 70
0
 10
626028.2972175289
 20
4835061.532955316
 10
625905.5362316283
 20
4835025.5107479645
  0
LWPOLYLINE
  5
83
330
17
100
AcDbEntity
  8
ROADS
100
AcDbPolyline
 90
2
 70
0
 10
626127.781362042
 20
4835090.890025655
 10
626028.2972175289
 20
4835061.532955316
  0
LWPOLYLINE
  5
84
330
17
100
AcDbEntity
  8
ROADS
100
AcDbPolyline
 90
2
 70
0
 10
625905.5362316283
 20
4835025.5107479645
 10
625874.1793276783
 20
4835130.678015383
  0
LWPOLYLINE
  5
85
330
17
100
AcDbEntity
  8
ROADS
100
AcDbPolyline
 90
2
 70
0
 10
625655.6107991969
 20
4834778.834807138
 10
625586.80585089
 20
4835002.056838042
  0
LWPOLYLINE
  5
86
330
17
100
AcDbEntity
  8
ROADS
100
AcDbPolyline
 90
2
 70
0
 10
625705.4587981064
 20
4834793.87471827
 10
625637.429928924
 20
4835037.008948261
  0
LWPOLYLINE
  5
87
330
17
100
AcDbEntity
  8
ROADS
100
AcDbPolyline
 90
2
 70
0
 10
625525.5235925217
 20
4834883.989346515
 10
625496.7941128898
 20
4834974.375161658
  0
LWPOLYLINE
  5
88
330
17
100
AcDbEntity
  8
ROADS
100
AcDbPolyline
 90
2
 70
0
 10
625756.3632524058
 20
4834809.335754476
 10
625673.3497402349
 20
4835089.133748123
  0
LWPOLYLINE
  5
89
330
17
100
AcDbEntity
  8
ROADS
100
AcDbPolyline
 90
2
 70
0
 10
625541.5071038207
 20
4834988.125198658
 10
625496.7941128898
 20
4834974.375161658
  0
LWPOLYLINE
  5
8A
330
17
100
AcDbEntity
  8
ROADS
100
AcDbPolyline
 90
2
 70
0
 10
625586.80585089
 20
4835002.056838042
 10
625541.5071038207
 20
4834988.125198658
  0
LWPOLYLINE
  5
8B
330
17
100
AcDbEntity
  8
ROADS
100
AcDbPolyline
 90
2
 70
0
 10
625586.80585089
 20
4835002.056838042
 10
625581.5670204406
 20
4835019.34612474
  0
LWPOLYLINE
  5
8C
330
17
100
AcDbEntity
  8
ROADS
100
AcDbPolyline
 90
2
 70
0
 10
625581.5670204406
 20
4835019.34612474
 10
625637.429928924
 20
4835037.008948261
  0
LWPOLYLINE
  5
8D
330
17
100
AcDbEntity
  8
ROADS
100
AcDbPolyline
 90
2
 70
0
 10
625581.5670204406
 20
4835019.34612474
 10
625567.3936272911
 20
4835104.570778485
  0
LWPOLYLINE
  5
8E
330
17
100
AcDbEntity
  8
ROADS
100
AcDbPolyline
 90
3
 70
0
 10
625673.3497402349
 20
4835089.133748123
 10
625631.5233938224
 20
4835074.471321569
 10
625637.429928924
 20
4835037.008948261
  0
LWPOLYLINE
  5
8F
330
17
100
AcDbEntity
  8
ROADS
100
AcDbPolyline
 90
2
 70
0
 10
625567.3936272911
 20
4835104.570778485
 10
625467.9350812153
 20
4835073.309104861
  0
LWPOLYLINE
  5
90
330
17
100
AcDbEntity
  8
ROADS
100
AcDbPolyline
 90
2
 70
0
 10
625721.9540530344
 20
4835106.419853486
 10
625673.3497402349
 20
4835089.133748123
  0
LWPOLYLINE
  5
91
330
17
100
AcDbEntity
  8
ROADS
100
AcDbPolyline
 90
2
 70
0
 10
625673.3497402349
 20
4835089.133748123
 10
625660.0133072546
 20
4835134.753782425
  0
LWPOLYLINE
  5
92
330
17
100
AcDbEntity
  8
ROADS
100
AcDbPolyline
 90
2
 70
0
 10
625769.0935462224
 20
4835120.510800147
 10
625721.9540530344
 20
4835106.419853486
  0
LWPOLYLINE
  5
93
330
17
100
AcDbEntity
  8
ROADS
100
AcDbPolyline
 90
2
 70
0
 10
625647.5019529623
 20
4835130.861392235
 10
625567.3936272911
 20
4835104.570778485
  0
LWPOLYLINE
  5
94
330
17
100
AcDbEntity
  8
ROADS
100
AcDbPolyline
 90
2
 70
0
 10
625567.3936272911
 20
4835104.570778485
 10
625556.5643833518
 20
4835154.61387237
  0
LWPOLYLINE
  5
95
330
17
100
AcDbEntity
  8
ROADS
100
AcDbPolyline
 90
2
 70
0
 10
625660.0133072546
 20
4835134.753782425
 10
625647.5019529623
 20
4835130.861392235
  0
LWPOLYLINE
  5
96
330
17
100
AcDbEntity
  8
ROADS
100
AcDbPolyline
 90
2
 70
0
 10
625769.0935462224
 20
4835120.510800147
 10
625755.3995130655
 20
4835165.885867877
  0
LWPOLYLINE
  5
97
330
17
100
AcDbEntity
  8
ROADS
100
AcDbPolyline
 90
2
 70
0
 10
625726.6492128976
 20
4835156.8216260215
 10
625660.0133072546
 20
4835134.753782425
  0
LWPOLYLINE
  5
98
330
17
100
AcDbEntity
  8
ROADS
100
AcDbPolyline
 90
2
 70
0
 10
625647.5019529623
 20
4835130.861392235
 10
625635.3370920658
 20
4835170.644765945
  0
LWPOLYLINE
  5
99
330
17
100
AcDbEntity
  8
ROADS
100
AcDbPolyline
 90
2
 70
0
 10
626372.8491566383
 20
4835020.394877048
 10
626391.9344514984
 20
4834937.017914294
  0
LWPOLYLINE
  5
9A
330
17
100
AcDbEntity
  8
ROADS
100
AcDbPolyline
 90
2
 70
0
 10
626251.4583613018
 20
4834981.925273692
 10
626372.8491566383
 20
4835020.394877048
  0
LWPOLYLINE
  5
9B
330
17
100
AcDbEntity
  8
ROADS
100
AcDbPolyline
 90
2
 70
0
 10
626251.4583613018
 20
4834981.925273692
 10
626234.2769625151
 20
4835040.088127181
  0
LWPOLYLINE
  5
9C
330
17
100
AcDbEntity
  8
ROADS
100
AcDbPolyline
 90
2
 70
0
 10
626234.2769625151
 20
4835040.088127181
 10
626211.5434373516
 20
4835115.609633441
  0
LWPOLYLINE
  5
9D
330
17
100
AcDbEntity
  8
ROADS
100
AcDbPolyline
 90
2
 70
0
 10
626211.5434373516
 20
4835115.609633441
 10
626127.781362042
 20
4835090.890025655
  0
LWPOLYLINE
  5
9E
330
17
100
AcDbEntity
  8
ROADS
100
AcDbPolyline
 90
3
 70
0
 10
626234.2769625151
 20
4835040.088127181
 10
626296.3554994492
 20
4835060.50850789
 10
626252.7205772046
 20
4835202.25510631
  0
LWPOLYLINE
  5
9F
330
17
100
AcDbEntity
  8
ROADS
100
AcDbPolyline
 90
2
 70
0
 10
626211.5434373516
 20
4835115.609633441
 10
626191.3639347951
 20
4835183.060823742
  0
LWPOLYLINE
  5
A0
330
17
100
AcDbEntity
  8
ROADS
100
AcDbPolyline
 90
2
 70
0
 10
626372.8491566383
 20
4835020.394877048
 10
626282.4204930017
 20
4835324.720242162
  0
LWPOLYLINE
  5
A1
330
17
100
AcDbEntity
  8
ROADS
100
AcDbPolyline
 90
2
 70
0
 10
626127.781362042
 20
4835090.890025655
 10
626072.5613831547
 20
4835258.15961746
  0
LWPOLYLINE
  5
A2
330
17
100
AcDbEntity
  8
ROADS
100
AcDbPolyline
 90
2
 70
0
 10
626252.7205772046
 20
4835202.25510631
 10
626191.3639347951
 20
4835183.060823742
  0
LWPOLYLINE
  5
A3
330
17
100
AcDbEntity
  8
ROADS
100
AcDbPolyline
 90
2
 70
0
 10
625970.169331304
 20
4835159.5309006
 10
625874.1793276783
 20
4835130.678015383
  0
LWPOLYLINE
  5
A4
330
17
100
AcDbEntity
  8
ROADS
100
AcDbPolyline
 90
2
 70
0
 10
626028.2972175289
 20
4835061.532955316
 10
625979.3346459257
 20
4835230.516718326
  0
LWPOLYLINE
  5
A5
330
17
100
AcDbEntity
  8
ROADS
100
AcDbPolyline
 90
2
 70
0
 10
625874.1793276783
 20
4835130.678015383
 10
625855.1886450714
 20
4835194.7694326965
  0
LWPOLYLINE
  5
A6
330
17
100
AcDbEntity
  8
ROADS
100
AcDbPolyline
 90
2
 70
0
 10
625855.1886450714
 20
4835194.7694326965
 10
625808.1743685106
 20
4835180.63873341
  0
LWPOLYLINE
  5
A7
330
17
100
AcDbEntity
  8
ROADS
100
AcDbPolyline
 90
2
 70
0
 10
625894.2056275152
 20
4835206.346419261
 10
625855.1886450714
 20
4835194.7694326965
  0
LWPOLYLINE
  5
A8
330
17
100
AcDbEntity
  8
ROADS
100
AcDbPolyline
 90
2
 70
0
 10
625979.3346459257
 20
4835230.516718326
 10
625894.2056275152
 20
4835206.346419261
  0
LWPOLYLINE
  5
A9
330
17
100
AcDbEntity
  8
ROADS
100
AcDbPolyline
 90
2
 70
0
 10
625894.2056275152
 20
4835206.346419261
 10
625879.8302915209
 20
4835252.269882995
  0
LWPOLYLINE
  5
AA
330
17
100
AcDbEntity
  8
ROADS
100
AcDbPolyline
 90
2
 70
0
 10
625835.5711689747
 20
4835243.772639457
 10
625794.3162399877
 20
4835227.566927377
  0
LWPOLYLINE
  5
AB
330
17
100
AcDbEntity
  8
ROADS
100
AcDbPolyline
 90
2
 70
0
 10
625793.3789854222
 20
4835240.39339136
 10
625835.5711689747
 20
4835243.772639457
  0
LWPOLYLINE
  5
AC
330
17
100
AcDbEntity
  8
ROADS
100
AcDbPolyline
 90
2
 70
0
 10
626072.5613831547
 20
4835258.15961746
 10
625979.3346459257
 20
4835230.516718326
  0
LWPOLYLINE
  5
AD
330
17
100
AcDbEntity
  8
ROADS
100
AcDbPolyline
 90
2
 70
0
 10
625755.3995130655
 20
4835165.885867877
 10
625726.6492128976
 20
4835156.8216260215
  0
LWPOLYLINE
  5
AE
330
17
100
AcDbEntity
  8
ROADS
100
AcDbPolyline
 90
2
 70
0
 10
625635.3370920658
 20
4835170.644765945
 10
625576.9280527224
 20
4835156.024067365
  0
LWPOLYLINE
  5
AF
330
17
100
AcDbEntity
  8
ROADS
100
AcDbPolyline
 90
2
 70
0
 10
625808.1743685106
 20
4835180.63873341
 10
625755.3995130655
 20
4835165.885867877
  0
LWPOLYLINE
  5
B0
330
17
100
AcDbEntity
  8
ROADS
100
AcDbPolyline
 90
2
 70
0
 10
625726.6492128976
 20
4835156.8216260215
 10
625715.3093302983
 20
4835193.787259534
  0
LWPOLYLINE
  5
B1
330
17
100
AcDbEntity
  8
ROADS
100
AcDbPolyline
 90
2
 70
0
 10
625676.1553807758
 20
4835182.762335949
 10
625635.3370920658
 20
4835170.644765945
  0
LWPOLYLINE
  5
B2
330
17
100
AcDbEntity
  8
ROADS
100
AcDbPolyline
 90
2
 70
0
 10
625556.5643833518
 20
4835154.61387237
 10
625541.6745213604
 20
4835202.852455868
  0
LWPOLYLINE
  5
B3
330
17
100
AcDbEntity
  8
ROADS
100
AcDbPolyline
 90
2
 70
0
 10
625715.3093302983
 20
4835193.787259534
 10
625676.1553807758
 20
4835182.762335949
  0
LWPOLYLINE
  5
B4
330
17
100
AcDbEntity
  8
ROADS
100
AcDbPolyline
 90
2
 70
0
 10
625715.3093302983
 20
4835193.787259534
 10
625747.2127759329
 20
4835201.995954934
  0
LWPOLYLINE
  5
B5
330
17
100
AcDbEntity
  8
ROADS
100
AcDbPolyline
 90
2
 70
0
 10
625808.1743685106
 20
4835180.63873341
 10
625794.3162399877
 20
4835227.566927377
  0
LWPOLYLINE
  5
B6
330
17
100
AcDbEntity
  8
ROADS
100
AcDbPolyline
 90
2
 70
0
 10
625794.3162399877
 20
4835227.566927377
 10
625751.6994865853
 20
4835214.804799571
  0
LWPOLYLINE
  5
B7
330
17
100
AcDbEntity
  8
ROADS
100
AcDbPolyline
 90
2
 70
0
 10
626252.7205772046
 20
4835202.25510631
 10
626242.668771711
 20
4835235.900385365
  0
LWPOLYLINE
  5
B8
330
17
100
AcDbEntity
  8
ROADS
100
AcDbPolyline
 90
2
 70
0
 10
626191.3639347951
 20
4835183.060823742
 10
626161.4476072262
 20
4835284.93301528
  0
LWPOLYLINE
  5
B9
330
17
100
AcDbEntity
  8
ROADS
100
AcDbPolyline
 90
2
 70
0
 10
626161.4476072262
 20
4835284.93301528
 10
626072.5613831547
 20
4835258.15961746
  0
LWPOLYLINE
  5
BA
330
17
100
AcDbEntity
  8
ROADS
100
AcDbPolyline
 90
2
 70
0
 10
626260.3868414459
 20
4835317.769518122
 10
626161.4476072262
 20
4835284.93301528
  0
LWPOLYLINE
  5
BB
330
17
100
AcDbEntity
  8
ROADS
100
AcDbPolyline
 90
2
 70
0
 10
626161.4476072262
 20
4835284.93301528
 10
626146.9422113913
 20
4835331.20851543
  0
LWPOLYLINE
  5
BC
330
17
100
AcDbEntity
  8
ROADS
100
AcDbPolyline
 90
2
 70
0
 10
626146.9422113913
 20
4835331.20851543
 10
626057.2954979646
 20
4835303.796321329
  0
LWPOLYLINE
  5
BD
330
17
100
AcDbEntity
  8
ROADS
100
AcDbPolyline
 90
2
 70
0
 10
626282.4204930017
 20
4835324.720242162
 10
626260.3868414459
 20
4835317.769518122
  0
LWPOLYLINE
  5
BE
330
17
100
AcDbEntity
  8
ROADS
100
AcDbPolyline
 90
2
 70
0
 10
626345.1075354146
 20
4835344.837660823
 10
626282.4204930017
 20
4835324.720242162
  0
LWPOLYLINE
  5
BF
330
17
100
AcDbEntity
  8
ROADS
100
AcDbPolyline
 90
2
 70
0
 10
626260.3868414459
 20
4835317.769518122
 10
626246.2839366132
 20
4835363.244259412
  0
LWPOLYLINE
  5
C0
330
17
100
AcDbEntity
  8
ROADS
100
AcDbPolyline
 90
2
 70
0
 10
626357.0867176843
 20
4835348.794450102
 10
626345.1075354146
 20
4835344.837660823
  0
LWPOLYLINE
  5
C1
330
17
100
AcDbEntity
  8
ROADS
100
AcDbPolyline
 90
2
 70
0
 10
625472.2291967868
 20
4835263.612529742
 10
625366.33161338
 20
4835229.251702529
  0
LWPOLYLINE
  5
C2
330
17
100
AcDbEntity
  8
ROADS
100
AcDbPolyline
 90
2
 70
0
 10
625472.2291967868
 20
4835263.612529742
 10
625483.0210782135
 20
4835232.840870754
  0
LWPOLYLINE
  5
C3
330
17
100
AcDbEntity
  8
ROADS
100
AcDbPolyline
 90
2
 70
0
 10
625517.9604762369
 20
4835277.349011713
 10
625472.2291967868
 20
4835263.612529742
  0
LWPOLYLINE
  5
C4
330
17
100
AcDbEntity
  8
ROADS
100
AcDbPolyline
 90
2
 70
0
 10
625491.4079624908
 20
4835359.88270126
 10
625359.62275269
 20
4835318.096115487
  0
LWPOLYLINE
  5
C5
330
17
100
AcDbEntity
  8
ROADS
100
AcDbPolyline
 90
2
 70
0
 10
625491.4079624908
 20
4835359.88270126
 10
625425.6611404308
 20
4835546.413717785
  0
LWPOLYLINE
  5
C6
330
17
100
AcDbEntity
  8
ROADS
100
AcDbPolyline
 90
3
 70
0
 10
625393.7205552995
 20
4835536.278716543
 10
625405.5081029618
 20
4835496.181545246
 10
625374.5509274085
 20
4835486.059094231
  0
LWPOLYLINE
  5
C7
330
17
100
AcDbEntity
  8
ROADS
100
AcDbPolyline
 90
2
 70
0
 10
625794.3162399877
 20
4835227.566927377
 10
625793.3789854222
 20
4835240.39339136
  0
LWPOLYLINE
  5
C8
330
17
100
AcDbEntity
  8
ROADS
100
AcDbPolyline
 90
2
 70
0
 10
625541.6745213604
 20
4835202.852455868
 10
625517.9604762369
 20
4835277.349011713
  0
LWPOLYLINE
  5
C9
330
17
100
AcDbEntity
  8
ROADS
100
AcDbPolyline
 90
2
 70
0
 10
625635.3370920658
 20
4835170.644765945
 10
625570.5472913818
 20
4835383.844720473
  0
LWPOLYLINE
  5
CA
330
17
100
AcDbEntity
  8
ROADS
100
AcDbPolyline
 90
2
 70
0
 10
625676.1553807758
 20
4835182.762335949
 10
625610.2962753912
 20
4835395.808974937
  0
LWPOLYLINE
  5
CB
330
17
100
AcDbEntity
  8
ROADS
100
AcDbPolyline
 90
2
 70
0
 10
625715.3093302983
 20
4835193.787259534
 10
625649.6198033326
 20
4835408.184564427
  0
LWPOLYLINE
  5
CC
330
17
100
AcDbEntity
  8
ROADS
100
AcDbPolyline
 90
2
 70
0
 10
625517.9604762369
 20
4835277.349011713
 10
625491.4079624908
 20
4835359.88270126
  0
LWPOLYLINE
  5
CD
330
17
100
AcDbEntity
  8
ROADS
100
AcDbPolyline
 90
2
 70
0
 10
625532.1677261865
 20
4835371.751217301
 10
625491.4079624908
 20
4835359.88270126
  0
LWPOLYLINE
  5
CE
330
17
100
AcDbEntity
  8
ROADS
100
AcDbPolyline
 90
2
 70
0
 10
625570.5472913818
 20
4835383.844720473
 10
625532.1677261865
 20
4835371.751217301
  0
LWPOLYLINE
  5
CF
330
17
100
AcDbEntity
  8
ROADS
100
AcDbPolyline
 90
2
 70
0
 10
625610.2962753912
 20
4835395.808974937
 10
625570.5472913818
 20
4835383.844720473
  0
LWPOLYLINE
  5
D0
330
17
100
AcDbEntity
  8
ROADS
100
AcDbPolyline
 90
2
 70
0
 10
625649.6198033326
 20
4835408.184564427
 10
625610.2962753912
 20
4835395.808974937
  0
LWPOLYLINE
  5
D1
330
17
100
AcDbEntity
  8
ROADS
100
AcDbPolyline
 90
2
 70
0
 10
625610.2962753912
 20
4835395.808974937
 10
625598.0522661064
 20
4835432.113705543
  0
LWPOLYLINE
  5
D2
330
17
100
AcDbEntity
  8
ROADS
100
AcDbPolyline
 90
2
 70
0
 10
625835.5711689747
 20
4835243.772639457
 10
625725.3656230627
 20
4835588.21123648
  0
LWPOLYLINE
  5
D3
330
17
100
AcDbEntity
  8
ROADS
100
AcDbPolyline
 90
2
 70
0
 10
625793.3789854222
 20
4835240.39339136
 10
625668.9643269348
 20
4835621.458503807
  0
LWPOLYLINE
  5
D4
330
17
100
AcDbEntity
  8
ROADS
100
AcDbPolyline
 90
2
 70
0
 10
625532.1677261865
 20
4835371.751217301
 10
625485.0034593438
 20
4835521.469102566
  0
LWPOLYLINE
  5
D5
330
17
100
AcDbEntity
  8
ROADS
100
AcDbPolyline
 90
2
 70
0
 10
625570.5472913818
 20
4835383.844720473
 10
625512.162326026
 20
4835573.171025356
  0
LWPOLYLINE
  5
D6
330
17
100
AcDbEntity
  8
ROADS
100
AcDbPolyline
 90
2
 70
0
 10
625649.6198033326
 20
4835408.184564427
 10
625587.2397560816
 20
4835596.505628235
  0
LWPOLYLINE
  5
D7
330
17
100
AcDbEntity
  8
ROADS
100
AcDbPolyline
 90
2
 70
0
 10
625587.2397560816
 20
4835596.505628235
 10
625512.162326026
 20
4835573.171025356
  0
LWPOLYLINE
  5
D8
330
17
100
AcDbEntity
  8
ROADS
100
AcDbPolyline
 90
2
 70
0
 10
625725.3656230627
 20
4835588.21123648
 10
625713.8299611659
 20
4835585.113513155
  0
LWPOLYLINE
  5
D9
330
17
100
AcDbEntity
  8
ROADS
100
AcDbPolyline
 90
2
 70
0
 10
625725.3656230627
 20
4835588.21123648
 10
625759.3128392813
 20
4835597.987508018
  0
LWPOLYLINE
  5
DA
330
17
100
AcDbEntity
  8
ROADS
100
AcDbPolyline
 90
2
 70
0
 10
625668.9643269348
 20
4835621.458503807
 10
625587.2397560816
 20
4835596.505628235
  0
LWPOLYLINE
  5
DB
330
17
100
AcDbEntity
  8
ROADS
100
AcDbPolyline
 90
2
 70
0
 10
625879.8302915209
 20
4835252.269882995
 10
625835.5711689747
 20
4835243.772639457
  0
LWPOLYLINE
  5
DC
330
17
100
AcDbEntity
  8
ROADS
100
AcDbPolyline
 90
2
 70
0
 10
625979.3346459257
 20
4835230.516718326
 10
625965.8887321036
 20
4835273.174137438
  0
LWPOLYLINE
  5
DD
330
17
100
AcDbEntity
  8
ROADS
100
AcDbPolyline
 90
2
 70
0
 10
625965.8887321036
 20
4835273.174137438
 10
625879.8302915209
 20
4835252.269882995
  0
LWPOLYLINE
  5
DE
330
17
100
AcDbEntity
  8
ROADS
100
AcDbPolyline
 90
2
 70
0
 10
626072.5613831547
 20
4835258.15961746
 10
626057.2954979646
 20
4835303.796321329
  0
LWPOLYLINE
  5
DF
330
17
100
AcDbEntity
  8
ROADS
100
AcDbPolyline
 90
2
 70
0
 10
626010.2690083832
 20
4835290.616433409
 10
625965.8887321036
 20
4835273.174137438
  0
LWPOLYLINE
  5
E0
330
17
100
AcDbEntity
  8
ROADS
100
AcDbPolyline
 90
2
 70
0
 10
626057.2954979646
 20
4835303.796321329
 10
626010.2690083832
 20
4835290.616433409
  0
LWPOLYLINE
  5
E1
330
17
100
AcDbEntity
  8
ROADS
100
AcDbPolyline
 90
2
 70
0
 10
625879.8302915209
 20
4835252.269882995
 10
625759.3128392813
 20
4835597.987508018
  0
LWPOLYLINE
  5
E2
330
17
100
AcDbEntity
  8
ROADS
100
AcDbPolyline
 90
2
 70
0
 10
626057.2954979646
 20
4835303.796321329
 10
625956.0891947027
 20
4835605.6233399175
  0
LWPOLYLINE
  5
E3
330
17
100
AcDbEntity
  8
ROADS
100
AcDbPolyline
 90
3
 70
0
 10
626010.2690083832
 20
4835290.616433409
 10
625896.6388560833
 20
4835639.137521376
 10
625940.2621488279
 20
4835652.7029519
  0
LWPOLYLINE
  5
E4
330
17
100
AcDbEntity
  8
ROADS
100
AcDbPolyline
 90
2
 70
0
 10
625965.8887321036
 20
4835273.174137438
 10
625837.0038215008
 20
4835670.97525481
  0
LWPOLYLINE
  5
E5
330
17
100
AcDbEntity
  8
ROADS
100
AcDbPolyline
 90
2
 70
0
 10
626146.9422113913
 20
4835331.20851543
 10
626044.9035059367
 20
4835631.143948013
  0
LWPOLYLINE
  5
E6
330
17
100
AcDbEntity
  8
ROADS
100
AcDbPolyline
 90
2
 70
0
 10
625956.0891947027
 20
4835605.6233399175
 10
626044.9035059367
 20
4835631.143948013
  0
LWPOLYLINE
  5
E7
330
17
100
AcDbEntity
  8
ROADS
100
AcDbPolyline
 90
2
 70
0
 10
625956.0891947027
 20
4835605.6233399175
 10
625940.2621488279
 20
4835652.7029519
  0
LWPOLYLINE
  5
E8
330
17
100
AcDbEntity
  8
ROADS
100
AcDbPolyline
 90
2
 70
0
 10
626147.1143184993
 20
4835659.55792784
 10
626044.9035059367
 20
4835631.143948013
  0
LWPOLYLINE
  5
E9
330
17
100
AcDbEntity
  8
ROADS
100
AcDbPolyline
 90
2
 70
0
 10
625940.2621488279
 20
4835652.7029519
 10
625925.8231627184
 20
4835697.515521979
  0
LWPOLYLINE
  5
EA
330
17
100
AcDbEntity
  8
ROADS
100
AcDbPolyline
 90
2
 70
0
 10
626044.9035059367
 20
4835631.143948013
 10
626016.370813842
 20
4835724.156054267
  0
LWPOLYLINE
  5
EB
330
17
100
AcDbEntity
  8
ROADS
100
AcDbPolyline
 90
2
 70
0
 10
625925.8231627184
 20
4835697.515521979
 10
625837.0038215008
 20
4835670.97525481
  0
LWPOLYLINE
  5
EC
330
17
100
AcDbEntity
  8
ROADS
100
AcDbPolyline
 90
2
 70
0
 10
625972.9752398318
 20
4835711.7127937535
 10
625925.8231627184
 20
4835697.515521979
  0
LWPOLYLINE
  5
ED
330
17
100
AcDbEntity
  8
ROADS
100
AcDbPolyline
 90
2
 70
0
 10
626016.370813842
 20
4835724.156054267
 10
625972.9752398318
 20
4835711.7127937535
  0
LWPOLYLINE
  5
EE
330
17
100
AcDbEntity
  8
ROADS
100
AcDbPolyline
 90
2
 70
0
 10
625972.9752398318
 20
4835711.7127937535
 10
625956.941608536
 20
4835757.827612387
  0
LWPOLYLINE
  5
EF
330
17
100
AcDbEntity
  8
ROADS
100
AcDbPolyline
 90
2
 70
0
 10
625393.7205552995
 20
4835536.278716543
 10
625385.273013726
 20
4835533.664952195
  0
LWPOLYLINE
  5
F0
330
17
100
AcDbEntity
  8
ROADS
100
AcDbPolyline
 90
2
 70
0
 10
625425.6611404308
 20
4835546.413717785
 10
625393.7205552995
 20
4835536.278716543
  0
LWPOLYLINE
  5
F1
330
17
100
AcDbEntity
  8
ROADS
100
AcDbPolyline
 90
2
 70
0
 10
625493.2232966305
 20
4835567.360310155
 10
625425.6611404308
 20
4835546.413717785
  0
LWPOLYLINE
  5
F2
330
17
100
AcDbEntity
  8
ROADS
100
AcDbPolyline
 90
2
 70
0
 10
625425.6611404308
 20
4835546.413717785
 10
625397.6431592149
 20
4835575.453248902
  0
LWPOLYLINE
  5
F3
330
17
100
AcDbEntity
  8
ROADS
100
AcDbPolyline
 90
2
 70
0
 10
625512.162326026
 20
4835573.171025356
 10
625493.2232966305
 20
4835567.360310155
  0
LWPOLYLINE
  5
F4
330
17
100
AcDbEntity
  8
ROADS
100
AcDbPolyline
 90
2
 70
0
 10
625436.4749745501
 20
4835593.529882535
 10
625444.8417228047
 20
4835571.0568652535
  0
LWPOLYLINE
  5
F5
330
17
100
AcDbEntity
  8
ROADS
100
AcDbPolyline
 90
2
 70
0
 10
625436.4749745501
 20
4835593.529882535
 10
625399.8319697458
 20
4835582.051809385
  0
LWPOLYLINE
  5
F6
330
17
100
AcDbEntity
  8
ROADS
100
AcDbPolyline
 90
2
 70
0
 10
625526.9672757365
 20
4835621.897447834
 10
625480.7818846086
 20
4835607.336661966
  0
LWPOLYLINE
  5
F7
330
17
100
AcDbEntity
  8
ROADS
100
AcDbPolyline
 90
2
 70
0
 10
625587.2397560816
 20
4835596.505628235
 10
625572.0772262153
 20
4835635.815758633
  0
LWPOLYLINE
  5
F8
330
17
100
AcDbEntity
  8
ROADS
100
AcDbPolyline
 90
2
 70
0
 10
625759.3128392813
 20
4835597.987508018
 10
625746.1066681478
 20
4835643.755398491
  0
LWPOLYLINE
  5
F9
330
17
100
AcDbEntity
  8
ROADS
100
AcDbPolyline
 90
2
 70
0
 10
625572.0772262153
 20
4835635.815758633
 10
625526.9672757365
 20
4835621.897447834
  0
LWPOLYLINE
  5
FA
330
17
100
AcDbEntity
  8
ROADS
100
AcDbPolyline
 90
2
 70
0
 10
625746.1066681478
 20
4835643.755398491
 10
625668.9643269348
 20
4835621.458503807
  0
LWPOLYLINE
  5
FB
330
17
100
AcDbEntity
  8
ROADS
100
AcDbPolyline
 90
2
 70
0
 10
625572.0772262153
 20
4835635.815758633
 10
625616.4679364162
 20
4835653.866306681
  0
LWPOLYLINE
  5
FC
330
17
100
AcDbEntity
  8
ROADS
100
AcDbPolyline
 90
2
 70
0
 10
625837.0038215008
 20
4835670.97525481
 10
625746.1066681478
 20
4835643.755398491
  0
LWPOLYLINE
  5
FD
330
17
100
AcDbEntity
  8
ROADS
100
AcDbPolyline
 90
2
 70
0
 10
625572.0772262153
 20
4835635.815758633
 10
625555.5937894547
 20
4835693.204036457
  0
LWPOLYLINE
  5
FE
330
17
100
AcDbEntity
  8
ROADS
100
AcDbPolyline
 90
2
 70
0
 10
625616.4679364162
 20
4835653.866306681
 10
625600.6210785446
 20
4835706.826846692
  0
LWPOLYLINE
  5
FF
330
17
100
AcDbEntity
  8
ROADS
100
AcDbPolyline
 90
2
 70
0
 10
625600.6210785446
 20
4835706.826846692
 10
625555.5937894547
 20
4835693.204036457
  0
LWPOLYLINE
  5
100
330
17
100
AcDbEntity
  8
ROADS
100
AcDbPolyline
 90
3
 70
0
 10
626163.176570189
 20
4835610.919447431
 10
626212.5011028947
 20
4835626.760087868
 10
626248.798230158
 20
4835524.649247999
  0
LWPOLYLINE
  5
101
330
17
100
AcDbEntity
  8
ROADS
100
AcDbPolyline
 90
2
 70
0
 10
626298.4741790874
 20
4835530.069615227
 10
626246.8897291288
 20
4835691.389597792
  0
LWPOLYLINE
  5
102
330
17
100
AcDbEntity
  8
ROADS
100
AcDbPolyline
 90
2
 70
0
 10
626163.176570189
 20
4835610.919447431
 10
626147.1143184993
 20
4835659.55792784
  0
LWPOLYLINE
  5
103
330
17
100
AcDbEntity
  8
ROADS
100
AcDbPolyline
 90
2
 70
0
 10
626246.8897291288
 20
4835691.389597792
 10
626147.1143184993
 20
4835659.55792784
  0
LWPOLYLINE
  5
104
330
17
100
AcDbEntity
  8
ROADS
100
AcDbPolyline
 90
2
 70
0
 10
626147.1143184993
 20
4835659.55792784
 10
626131.4357777655
 20
4835704.839143455
  0
LWPOLYLINE
  5
105
330
17
100
AcDbEntity
  8
ROADS
100
AcDbPolyline
 90
2
 70
0
 10
626346.1890673996
 20
4835723.667705959
 10
626246.8897291288
 20
4835691.389597792
  0
LWPOLYLINE
  5
106
330
17
100
AcDbEntity
  8
ROADS
100
AcDbPolyline
 90
2
 70
0
 10
626131.4357777655
 20
4835704.839143455
 10
626116.9889999151
 20
4835748.256514277
  0
LWPOLYLINE
  5
107
330
17
100
AcDbEntity
  8
ROADS
100
AcDbPolyline
 90
2
 70
0
 10
626246.8897291288
 20
4835691.389597792
 10
626217.2143837921
 20
4835783.685555274
  0
LWPOLYLINE
  5
108
330
17
100
AcDbEntity
  8
ROADS
100
AcDbPolyline
 90
2
 70
0
 10
626346.1890673996
 20
4835723.667705959
 10
626316.5038568212
 20
4835815.291469944
  0
LWPOLYLINE
  5
109
330
17
100
AcDbEntity
  8
ROADS
100
AcDbPolyline
 90
2
 70
0
 10
626316.5038568212
 20
4835815.291469944
 10
626217.2143837921
 20
4835783.685555274
  0
LWPOLYLINE
  5
10A
330
17
100
AcDbEntity
  8
ROADS
100
AcDbPolyline
 90
2
 70
0
 10
625493.2232966305
 20
4835567.360310155
 10
625480.7818846086
 20
4835607.336661966
  0
LWPOLYLINE
  5
10B
330
17
100
AcDbEntity
  8
ROADS
100
AcDbPolyline
 90
2
 70
0
 10
625480.7818846086
 20
4835607.336661966
 10
625436.4749745501
 20
4835593.529882535
  0
LWPOLYLINE
  5
10C
330
17
100
AcDbEntity
  8
ROADS
100
AcDbPolyline
 90
2
 70
0
 10
625436.4749745501
 20
4835593.529882535
 10
625421.5129989953
 20
4835641.08597426
  0
LWPOLYLINE
  5
10D
330
17
100
AcDbEntity
  8
ROADS
100
AcDbPolyline
 90
2
 70
0
 10
625480.7818846086
 20
4835607.336661966
 10
625451.0111100753
 20
4835704.575707118
  0
LWPOLYLINE
  5
10E
330
17
100
AcDbEntity
  8
ROADS
100
AcDbPolyline
 90
2
 70
0
 10
625526.9672757365
 20
4835621.897447834
 10
625483.8021713855
 20
4835762.138750704
  0
LWPOLYLINE
  5
10F
330
17
100
AcDbEntity
  8
ROADS
100
AcDbPolyline
 90
2
 70
0
 10
625956.941608536
 20
4835757.827612387
 10
625616.4679364162
 20
4835653.866306681
  0
LWPOLYLINE
  5
110
330
17
100
AcDbEntity
  8
ROADS
100
AcDbPolyline
 90
2
 70
0
 10
625600.6210785446
 20
4835706.826846692
 10
625586.8642886052
 20
4835753.345799799
  0
LWPOLYLINE
  5
111
330
17
100
AcDbEntity
  8
ROADS
100
AcDbPolyline
 90
2
 70
0
 10
625555.5937894547
 20
4835693.204036457
 10
625526.3224277231
 20
4835789.211317813
  0
LWPOLYLINE
  5
112
330
17
100
AcDbEntity
  8
ROADS
100
AcDbPolyline
 90
2
 70
0
 10
625941.3646497877
 20
4835805.565777317
 10
625600.6210785446
 20
4835706.826846692
  0
LWPOLYLINE
  5
113
330
17
100
AcDbEntity
  8
ROADS
100
AcDbPolyline
 90
2
 70
0
 10
625586.8642886052
 20
4835753.345799799
 10
625571.7443158067
 20
4835802.525256164
  0
LWPOLYLINE
  5
114
330
17
100
AcDbEntity
  8
ROADS
100
AcDbPolyline
 90
2
 70
0
 10
625571.7443158067
 20
4835802.525256164
 10
625526.3224277231
 20
4835789.211317813
  0
LWPOLYLINE
  5
115
330
17
100
AcDbEntity
  8
ROADS
100
AcDbPolyline
 90
2
 70
0
 10
625586.8642886052
 20
4835753.345799799
 10
625919.9996469488
 20
4835851.296178698
  0
LWPOLYLINE
  5
116
330
17
100
AcDbEntity
  8
ROADS
100
AcDbPolyline
 90
2
 70
0
 10
625526.3224277231
 20
4835789.211317813
 10
625519.1370905547
 20
4835812.2412646385
  0
LWPOLYLINE
  5
117
330
17
100
AcDbEntity
  8
ROADS
100
AcDbPolyline
 90
2
 70
0
 10
625571.7443158067
 20
4835802.525256164
 10
625555.7961633262
 20
4835853.868858913
  0
LWPOLYLINE
  5
118
330
17
100
AcDbEntity
  8
ROADS
100
AcDbPolyline
 90
2
 70
0
 10
625555.7961633262
 20
4835853.868858913
 10
625552.1220264955
 20
4835853.078027446
  0
LWPOLYLINE
  5
119
330
17
100
AcDbEntity
  8
ROADS
100
AcDbPolyline
 90
3
 70
0
 10
626131.4357777655
 20
4835704.839143455
 10
626082.1487663499
 20
4835690.132239879
 10
626033.2874624389
 20
4835836.239437366
  0
LWPOLYLINE
  5
11A
330
17
100
AcDbEntity
  8
ROADS
100
AcDbPolyline
 90
2
 70
0
 10
626016.370813842
 20
4835724.156054267
 10
625984.5459246666
 20
4835817.969172275
  0
LWPOLYLINE
  5
11B
330
17
100
AcDbEntity
  8
ROADS
100
AcDbPolyline
 90
2
 70
0
 10
625956.941608536
 20
4835757.827612387
 10
625941.3646497877
 20
4835805.565777317
  0
LWPOLYLINE
  5
11C
330
17
100
AcDbEntity
  8
ROADS
100
AcDbPolyline
 90
2
 70
0
 10
625984.5459246666
 20
4835817.969172275
 10
625941.3646497877
 20
4835805.565777317
  0
LWPOLYLINE
  5
11D
330
17
100
AcDbEntity
  8
ROADS
100
AcDbPolyline
 90
2
 70
0
 10
625984.5459246666
 20
4835817.969172275
 10
625968.4696592604
 20
4835866.10933492
  0
LWPOLYLINE
  5
11E
330
17
100
AcDbEntity
  8
ROADS
100
AcDbPolyline
 90
2
 70
0
 10
626080.4550391167
 20
4835851.903099135
 10
626033.2874624389
 20
4835836.239437366
  0
LWPOLYLINE
  5
11F
330
17
100
AcDbEntity
  8
ROADS
100
AcDbPolyline
 90
2
 70
0
 10
625919.9996469488
 20
4835851.296178698
 10
625968.4696592604
 20
4835866.10933492
  0
LWPOLYLINE
  5
120
330
17
100
AcDbEntity
  8
ROADS
100
AcDbPolyline
 90
2
 70
0
 10
625919.9996469488
 20
4835851.296178698
 10
625912.3218739249
 20
4835874.766735342
  0
LWPOLYLINE
  5
121
330
17
100
AcDbEntity
  8
ROADS
100
AcDbPolyline
 90
2
 70
0
 10
625968.4696592604
 20
4835866.10933492
 10
625952.7438814661
 20
4835913.061760459
  0
LWPOLYLINE
  5
122
330
17
100
AcDbEntity
  8
ROADS
100
AcDbPolyline
 90
2
 70
0
 10
626033.2874624389
 20
4835836.239437366
 10
625992.5846151309
 20
4835960.551822204
  0
LWPOLYLINE
  5
123
330
17
100
AcDbEntity
  8
ROADS
100
AcDbPolyline
 90
2
 70
0
 10
626116.9889999151
 20
4835748.256514277
 10
626080.4550391167
 20
4835851.903099135
  0
LWPOLYLINE
  5
124
330
17
100
AcDbEntity
  8
ROADS
100
AcDbPolyline
 90
3
 70
0
 10
626116.9889999151
 20
4835748.256514277
 10
626168.6997576077
 20
4835764.368328986
 10
626125.9384275896
 20
4835898.049107066
  0
LWPOLYLINE
  5
125
330
17
100
AcDbEntity
  8
ROADS
100
AcDbPolyline
 90
2
 70
0
 10
626415.4328477136
 20
4835847.200903753
 10
626316.5038568212
 20
4835815.291469944
  0
LWPOLYLINE
  5
126
330
17
100
AcDbEntity
  8
ROADS
100
AcDbPolyline
 90
2
 70
0
 10
626316.5038568212
 20
4835815.291469944
 10
626302.9010658967
 20
4835858.711118945
  0
LWPOLYLINE
  5
127
330
17
100
AcDbEntity
  8
ROADS
100
AcDbPolyline
 90
2
 70
0
 10
626217.2143837921
 20
4835783.685555274
 10
626172.0121632899
 20
4835918.90031126
  0
LWPOLYLINE
  5
128
330
17
100
AcDbEntity
  8
ROADS
100
AcDbPolyline
 90
2
 70
0
 10
626302.9010658967
 20
4835858.711118945
 10
626293.3566968803
 20
4835888.458327656
  0
LWPOLYLINE
  5
129
330
17
100
AcDbEntity
  8
ROADS
100
AcDbPolyline
 90
4
 70
0
 10
626302.9010658967
 20
4835858.711118945
 10
626315.370938258
 20
4835868.328133081
 10
626306.0913445987
 20
4835892.28078608
 10
626293.3566968803
 20
4835888.458327656
  0
LWPOLYLINE
  5
12A
330
17
100
AcDbEntity
  8
ROADS
100
AcDbPolyline
 90
2
 70
0
 10
626293.3566968803
 20
4835888.458327656
 10
626280.0205459523
 20
4835930.017681396
  0
LWPOLYLINE
  5
12B
330
17
100
AcDbEntity
  8
ROADS
100
AcDbPolyline
 90
2
 70
0
 10
626192.9013935021
 20
4835908.44635704
 10
626172.0121632899
 20
4835918.90031126
  0
LWPOLYLINE
  5
12C
330
17
100
AcDbEntity
  8
ROADS
100
AcDbPolyline
 90
4
 70
0
 10
626390.0980462013
 20
4835925.0415083235
 10
626333.798064646
 20
4835922.034466994
 10
626328.8517172397
 20
4835944.549376812
 10
626280.0205459523
 20
4835930.017681396
  0
LWPOLYLINE
  5
12D
330
17
100
AcDbEntity
  8
ROADS
100
AcDbPolyline
 90
2
 70
0
 10
626080.4550391167
 20
4835851.903099135
 10
626041.4816660762
 20
4835976.47078258
  0
LWPOLYLINE
  5
12E
330
17
100
AcDbEntity
  8
ROADS
100
AcDbPolyline
 90
2
 70
0
 10
625952.7438814661
 20
4835913.061760459
 10
625942.5556827108
 20
4835944.512395648
  0
LWPOLYLINE
  5
12F
330
17
100
AcDbEntity
  8
ROADS
100
AcDbPolyline
 90
2
 70
0
 10
625992.5846151309
 20
4835960.551822204
 10
625942.5556827108
 20
4835944.512395648
  0
LWPOLYLINE
  5
130
330
17
100
AcDbEntity
  8
ROADS
100
AcDbPolyline
 90
2
 70
0
 10
626041.4816660762
 20
4835976.47078258
 10
625992.5846151309
 20
4835960.551822204
  0
LWPOLYLINE
  5
131
330
17
100
AcDbEntity
  8
ROADS
100
AcDbPolyline
 90
2
 70
0
 10
625942.5556827108
 20
4835944.512395648
 10
625920.9309397326
 20
4836008.645162544
  0
LWPOLYLINE
  5
132
330
17
100
AcDbEntity
  8
ROADS
100
AcDbPolyline
 90
2
 70
0
 10
626145.0467280893
 20
4836009.105100009
 10
626041.4816660762
 20
4835976.47078258
  0
LWPOLYLINE
  5
133
330
17
100
AcDbEntity
  8
ROADS
100
AcDbPolyline
 90
2
 70
0
 10
625920.9309397326
 20
4836008.645162544
 10
625874.5174781517
 20
4835995.3022543285
  0
LWPOLYLINE
  5
134
330
17
100
AcDbEntity
  8
ROADS
100
AcDbPolyline
 90
3
 70
0
 10
625874.5174781517
 20
4835995.3022543285
 10
625858.8114603289
 20
4836039.888881075
 10
625753.5892127005
 20
4836010.140785582
  0
LWPOLYLINE
  5
135
330
17
100
AcDbEntity
  8
ROADS
100
AcDbPolyline
 90
2
 70
0
 10
625920.9309397326
 20
4836008.645162544
 10
625901.4380124396
 20
4836069.033246532
  0
LWPOLYLINE
  5
136
330
17
100
AcDbEntity
  8
ROADS
100
AcDbPolyline
 90
2
 70
0
 10
625952.7438814661
 20
4835913.061760459
 10
625571.7443158067
 20
4835802.525256164
  0
LWPOLYLINE
  5
137
330
17
100
AcDbEntity
  8
ROADS
100
AcDbPolyline
 90
3
 70
0
 10
625874.5174781517
 20
4835995.3022543285
 10
625890.1403718485
 20
4835947.347925194
 10
625555.7961633262
 20
4835853.868858913
  0
LWPOLYLINE
  5
138
330
17
100
AcDbEntity
  8
ROADS
100
AcDbPolyline
 90
2
 70
0
 10
625874.5174781517
 20
4835995.3022543285
 10
625615.9372831342
 20
4835919.506703473
  0
LWPOLYLINE
  5
139
330
17
100
AcDbEntity
  8
ROADS
100
AcDbPolyline
 90
3
 70
0
 10
625812.7588438507
 20
4836053.6376281185
 10
625792.7492656398
 20
4836032.719086029
 10
625769.3782894826
 20
4836032.121436565
  0
LWPOLYLINE
  5
13A
330
17
100
AcDbEntity
  8
ROADS
100
AcDbPolyline
 90
2
 70
0
 10
625854.7346505511
 20
4836071.934430497
 10
625851.6631334762
 20
4836071.513031412
  0
LWPOLYLINE
  5
13B
330
17
100
AcDbEntity
  8
ROADS
100
AcDbPolyline
 90
2
 70
0
 10
625901.4380124396
 20
4836069.033246532
 10
625854.7346505511
 20
4836071.934430497
  0
LWPOLYLINE
  5
13C
330
17
100
AcDbEntity
  8
ROADS
100
AcDbPolyline
 90
2
 70
0
 10
625854.7346505511
 20
4836071.934430497
 10
625853.6543641896
 20
4836072.266341303
  0
LWPOLYLINE
  5
13D
330
17
100
AcDbEntity
  8
ROADS
100
AcDbPolyline
 90
2
 70
0
 10
625854.7346505511
 20
4836071.934430497
 10
625856.9349239701
 20
4836073.5074220635
  0
LWPOLYLINE
  5
13E
330
17
100
AcDbEntity
  8
ROADS
100
AcDbPolyline
 90
2
 70
0
 10
625901.4380124396
 20
4836069.033246532
 10
625895.0272095662
 20
4836087.918256177
  0
LWPOLYLINE
  5
13F
330
17
100
AcDbEntity
  8
ROADS
100
AcDbPolyline
 90
2
 70
0
 10
625942.9287612865
 20
4836104.405668358
 10
625977.0807680812
 20
4835997.4966758825
  0
LWPOLYLINE
  5
140
330
17
100
AcDbEntity
  8
ROADS
100
AcDbPolyline
 90
2
 70
0
 10
625854.7346505511
 20
4836071.934430497
 10
625854.2128516911
 20
4836072.477624784
  0
LWPOLYLINE
  5
141
330
17
100
AcDbEntity
  8
ROADS
100
AcDbPolyline
 90
2
 70
0
 10
626273.2495196273
 20
4835949.411413742
 10
626172.0121632899
 20
4835918.90031126
  0
LWPOLYLINE
  5
142
330
17
100
AcDbEntity
  8
ROADS
100
AcDbPolyline
 90
2
 70
0
 10
626280.0205459523
 20
4835930.017681396
 10
626273.2495196273
 20
4835949.411413742
  0
LWPOLYLINE
  5
143
330
17
100
AcDbEntity
  8
ROADS
100
AcDbPolyline
 90
2
 70
0
 10
626390.0980462013
 20
4835925.0415083235
 10
626371.7348915625
 20
4835981.462871425
  0
LWPOLYLINE
  5
144
330
17
100
AcDbEntity
  8
ROADS
100
AcDbPolyline
 90
2
 70
0
 10
626172.0121632899
 20
4835918.90031126
 10
626145.0467280893
 20
4836009.105100009
  0
LWPOLYLINE
  5
145
330
17
100
AcDbEntity
  8
ROADS
100
AcDbPolyline
 90
2
 70
0
 10
626371.7348915625
 20
4835981.462871425
 10
626273.2495196273
 20
4835949.411413742
  0
LWPOLYLINE
  5
146
330
17
100
AcDbEntity
  8
ROADS
100
AcDbPolyline
 90
2
 70
0
 10
626273.2495196273
 20
4835949.411413742
 10
626243.9351616104
 20
4836040.930837558
  0
LWPOLYLINE
  5
147
330
17
100
AcDbEntity
  8
ROADS
100
AcDbPolyline
 90
2
 70
0
 10
626243.9351616104
 20
4836040.930837558
 10
626145.0467280893
 20
4836009.105100009
  0
LWPOLYLINE
  5
148
330
17
100
AcDbEntity
  8
ROADS
100
AcDbPolyline
 90
2
 70
0
 10
626371.7348915625
 20
4835981.462871425
 10
626342.6848488194
 20
4836073.020100563
  0
LWPOLYLINE
  5
149
330
17
100
AcDbEntity
  8
ROADS
100
AcDbPolyline
 90
2
 70
0
 10
626342.6848488194
 20
4836073.020100563
 10
626243.9351616104
 20
4836040.930837558
  0
LWPOLYLINE
  5
14A
330
17
100
AcDbEntity
  8
ROADS
100
AcDbPolyline
 90
2
 70
0
 10
626145.0467280893
 20
4836009.105100009
 10
626098.3327366635
 20
4836154.100419591
  0
LWPOLYLINE
  5
14B
330
17
100
AcDbEntity
  8
ROADS
100
AcDbPolyline
 90
2
 70
0
 10
626041.4816660762
 20
4835976.47078258
 10
625993.5825723064
 20
4836120.760831592
  0
LWPOLYLINE
  5
14C
330
17
100
AcDbEntity
  8
ROADS
100
AcDbPolyline
 90
2
 70
0
 10
626243.9351616104
 20
4836040.930837558
 10
626197.1879112056
 20
4836186.2377222255
  0
LWPOLYLINE
  5
14D
330
17
100
AcDbEntity
  8
ROADS
100
AcDbPolyline
 90
2
 70
0
 10
626342.6848488194
 20
4836073.020100563
 10
626294.9604094693
 20
4836223.780483692
  0
LWPOLYLINE
  5
14E
330
17
100
AcDbEntity
  8
ROADS
100
AcDbPolyline
 90
2
 70
0
 10
626471.2212727405
 20
4834497.092168118
 10
626470.4022604083
 20
4834499.959229875
  0
LWPOLYLINE
  5
14F
330
17
100
AcDbEntity
  8
ROADS
100
AcDbPolyline
 90
2
 70
0
 10
626470.4022604083
 20
4834499.959229875
 10
626438.1533096823
 20
4834490.521538942
  0
LWPOLYLINE
  5
150
330
17
100
AcDbEntity
  8
ROADS
100
AcDbPolyline
 90
2
 70
0
 10
626521.9965868774
 20
4834508.338745899
 10
626520.6663623089
 20
4834512.8445259705
  0
LWPOLYLINE
  5
151
330
17
100
AcDbEntity
  8
ROADS
100
AcDbPolyline
 90
2
 70
0
 10
626399.3470975995
 20
4834480.440183646
 10
626388.0890360828
 20
4834518.289505574
  0
LWPOLYLINE
  5
152
330
17
100
AcDbEntity
  8
ROADS
100
AcDbPolyline
 90
2
 70
0
 10
626520.6663623089
 20
4834512.8445259705
 10
626470.4022604083
 20
4834499.959229875
  0
LWPOLYLINE
  5
153
330
17
100
AcDbEntity
  8
ROADS
100
AcDbPolyline
 90
2
 70
0
 10
626548.5604734396
 20
4834515.239563069
 10
626520.6663623089
 20
4834512.8445259705
  0
LWPOLYLINE
  5
154
330
17
100
AcDbEntity
  8
ROADS
100
AcDbPolyline
 90
2
 70
0
 10
626520.6663623089
 20
4834512.8445259705
 10
626509.4669413178
 20
4834549.732302031
  0
LWPOLYLINE
  5
155
330
17
100
AcDbEntity
  8
ROADS
100
AcDbPolyline
 90
2
 70
0
 10
627082.2120479074
 20
4834691.708434384
 10
627075.2264534595
 20
4834715.305678545
  0
LWPOLYLINE
  5
156
330
17
100
AcDbEntity
  8
ROADS
100
AcDbPolyline
 90
2
 70
0
 10
627184.2279405063
 20
4834724.39989895
 10
627178.4545529501
 20
4834743.147813054
  0
LWPOLYLINE
  5
157
330
17
100
AcDbEntity
  8
ROADS
100
AcDbPolyline
 90
2
 70
0
 10
627178.4545529501
 20
4834743.147813054
 10
627075.2264534595
 20
4834715.305678545
  0
LWPOLYLINE
  5
158
330
17
100
AcDbEntity
  8
ROADS
100
AcDbPolyline
 90
4
 70
0
 10
626509.4669413178
 20
4834549.732302031
 10
626469.474419672
 20
4834536.79365784
 10
626465.32472452
 20
4834550.981498271
 10
626451.1360852256
 20
4834544.123627052
  0
LWPOLYLINE
  5
159
330
17
100
AcDbEntity
  8
ROADS
100
AcDbPolyline
 90
2
 70
0
 10
626509.4669413178
 20
4834549.732302031
 10
626486.7833677761
 20
4834629.577062965
  0
LWPOLYLINE
  5
15A
330
17
100
AcDbEntity
  8
ROADS
100
AcDbPolyline
 90
2
 70
0
 10
626646.894908337
 20
4834542.301045487
 10
626608.0930881744
 20
4834666.45300255
  0
LWPOLYLINE
  5
15B
330
17
100
AcDbEntity
  8
ROADS
100
AcDbPolyline
 90
2
 70
0
 10
626486.7833677761
 20
4834629.577062965
 10
626366.8669650413
 20
4834594.239425329
  0
LWPOLYLINE
  5
15C
330
17
100
AcDbEntity
  8
ROADS
100
AcDbPolyline
 90
2
 70
0
 10
626608.0930881744
 20
4834666.45300255
 10
626486.7833677761
 20
4834629.577062965
  0
LWPOLYLINE
  5
15D
330
17
100
AcDbEntity
  8
ROADS
100
AcDbPolyline
 90
2
 70
0
 10
626486.7833677761
 20
4834629.577062965
 10
626471.6868646997
 20
4834679.512168819
  0
LWPOLYLINE
  5
15E
330
17
100
AcDbEntity
  8
ROADS
100
AcDbPolyline
 90
2
 70
0
 10
626471.6868646997
 20
4834679.512168819
 10
626546.6047523997
 20
4834697.414424517
  0
LWPOLYLINE
  5
15F
330
17
100
AcDbEntity
  8
ROADS
100
AcDbPolyline
 90
2
 70
0
 10
626471.6868646997
 20
4834679.512168819
 10
626450.8799566034
 20
4834747.043100225
  0
LWPOLYLINE
  5
160
330
17
100
AcDbEntity
  8
ROADS
100
AcDbPolyline
 90
2
 70
0
 10
626608.0930881744
 20
4834666.45300255
 10
626572.3776670694
 20
4834785.246556467
  0
LWPOLYLINE
  5
161
330
17
100
AcDbEntity
  8
ROADS
100
AcDbPolyline
 90
2
 70
0
 10
626450.8799566034
 20
4834747.043100225
 10
626332.3176479293
 20
4834710.986857553
  0
LWPOLYLINE
  5
162
330
17
100
AcDbEntity
  8
ROADS
100
AcDbPolyline
 90
2
 70
0
 10
626747.5328302267
 20
4834571.837109392
 10
626669.5085816158
 20
4834844.713868224
  0
LWPOLYLINE
  5
163
330
17
100
AcDbEntity
  8
ROADS
100
AcDbPolyline
 90
2
 70
0
 10
626821.1781830807
 20
4834599.331573474
 10
626739.0003800169
 20
4834866.809341938
  0
LWPOLYLINE
  5
164
330
17
100
AcDbEntity
  8
ROADS
100
AcDbPolyline
 90
2
 70
0
 10
626888.3459115631
 20
4834626.442825222
 10
626808.9203986982
 20
4834888.507541022
  0
LWPOLYLINE
  5
165
330
17
100
AcDbEntity
  8
ROADS
100
AcDbPolyline
 90
2
 70
0
 10
626985.3969521978
 20
4834661.643035162
 10
626906.4103695066
 20
4834918.655625207
  0
LWPOLYLINE
  5
166
330
17
100
AcDbEntity
  8
ROADS
100
AcDbPolyline
 90
2
 70
0
 10
626739.0003800169
 20
4834866.809341938
 10
626669.5085816158
 20
4834844.713868224
  0
LWPOLYLINE
  5
167
330
17
100
AcDbEntity
  8
ROADS
100
AcDbPolyline
 90
2
 70
0
 10
626808.9203986982
 20
4834888.507541022
 10
626739.0003800169
 20
4834866.809341938
  0
LWPOLYLINE
  5
168
330
17
100
AcDbEntity
  8
ROADS
100
AcDbPolyline
 90
2
 70
0
 10
626366.4655551722
 20
4834759.068959499
 10
626450.8799566034
 20
4834747.043100225
  0
LWPOLYLINE
  5
169
330
17
100
AcDbEntity
  8
ROADS
100
AcDbPolyline
 90
2
 70
0
 10
626572.3776670694
 20
4834785.246556467
 10
626450.8799566034
 20
4834747.043100225
  0
LWPOLYLINE
  5
16A
330
17
100
AcDbEntity
  8
ROADS
100
AcDbPolyline
 90
2
 70
0
 10
626450.8799566034
 20
4834747.043100225
 10
626435.8532180374
 20
4834794.8883322105
  0
LWPOLYLINE
  5
16B
330
17
100
AcDbEntity
  8
ROADS
100
AcDbPolyline
 90
2
 70
0
 10
626572.3776670694
 20
4834785.246556467
 10
626564.481088386
 20
4834812.913478621
  0
LWPOLYLINE
  5
16C
330
17
100
AcDbEntity
  8
ROADS
100
AcDbPolyline
 90
2
 70
0
 10
626435.8532180374
 20
4834794.8883322105
 10
626510.0489117554
 20
4834815.121697096
  0
LWPOLYLINE
  5
16D
330
17
100
AcDbEntity
  8
ROADS
100
AcDbPolyline
 90
2
 70
0
 10
626415.7005046218
 20
4834852.783501148
 10
626366.4655551722
 20
4834759.068959499
  0
LWPOLYLINE
  5
16E
330
17
100
AcDbEntity
  8
ROADS
100
AcDbPolyline
 90
2
 70
0
 10
626415.7005046218
 20
4834852.783501148
 10
626435.8532180374
 20
4834794.8883322105
  0
LWPOLYLINE
  5
16F
330
17
100
AcDbEntity
  8
ROADS
100
AcDbPolyline
 90
2
 70
0
 10
626669.5085816158
 20
4834844.713868224
 10
626564.481088386
 20
4834812.913478621
  0
LWPOLYLINE
  5
170
330
17
100
AcDbEntity
  8
ROADS
100
AcDbPolyline
 90
4
 70
0
 10
626435.8532180374
 20
4834794.8883322105
 10
626478.7331585465
 20
4834825.7922720425
 10
626486.061138035
 20
4834881.084036724
 10
626528.5974830384
 20
4834893.155153429
  0
LWPOLYLINE
  5
171
330
17
100
AcDbEntity
  8
ROADS
100
AcDbPolyline
 90
2
 70
0
 10
626564.481088386
 20
4834812.913478621
 10
626539.5341913875
 20
4834892.654317488
  0
LWPOLYLINE
  5
172
330
17
100
AcDbEntity
  8
ROADS
100
AcDbPolyline
 90
2
 70
0
 10
627227.3758574994
 20
4834754.584309215
 10
627178.4545529501
 20
4834743.147813054
  0
LWPOLYLINE
  5
173
330
17
100
AcDbEntity
  8
ROADS
100
AcDbPolyline
 90
2
 70
0
 10
627178.4545529501
 20
4834743.147813054
 10
627158.5525075353
 20
4834809.524668494
  0
LWPOLYLINE
  5
174
330
17
100
AcDbEntity
  8
ROADS
100
AcDbPolyline
 90
2
 70
0
 10
627158.5525075353
 20
4834809.524668494
 10
627112.6947557619
 20
4834804.375430339
  0
LWPOLYLINE
  5
175
330
17
100
AcDbEntity
  8
ROADS
100
AcDbPolyline
 90
2
 70
0
 10
627075.2264534595
 20
4834715.305678545
 10
627007.9343441003
 20
4834949.869711816
  0
LWPOLYLINE
  5
176
330
17
100
AcDbEntity
  8
ROADS
100
AcDbPolyline
 90
2
 70
0
 10
627227.3758574994
 20
4834754.584309215
 10
627153.3031137371
 20
4835010.566194604
  0
LWPOLYLINE
  5
177
330
17
100
AcDbEntity
  8
ROADS
100
AcDbPolyline
 90
2
 70
0
 10
627158.5525075353
 20
4834809.524668494
 10
627107.4401783075
 20
4834980.754315741
  0
LWPOLYLINE
  5
178
330
17
100
AcDbEntity
  8
ROADS
100
AcDbPolyline
 90
2
 70
0
 10
627007.9343441003
 20
4834949.869711816
 10
626906.4103695066
 20
4834918.655625207
  0
LWPOLYLINE
  5
179
330
17
100
AcDbEntity
  8
ROADS
100
AcDbPolyline
 90
2
 70
0
 10
627107.4401783075
 20
4834980.754315741
 10
627007.9343441003
 20
4834949.869711816
  0
LWPOLYLINE
  5
17A
330
17
100
AcDbEntity
  8
ROADS
100
AcDbPolyline
 90
2
 70
0
 10
627230.9066335754
 20
4834919.468349186
 10
627200.6255094337
 20
4835023.706431742
  0
LWPOLYLINE
  5
17B
330
17
100
AcDbEntity
  8
ROADS
100
AcDbPolyline
 90
2
 70
0
 10
627107.4401783075
 20
4834980.754315741
 10
627102.7781355982
 20
4834997.005043718
  0
LWPOLYLINE
  5
17C
330
17
100
AcDbEntity
  8
ROADS
100
AcDbPolyline
 90
2
 70
0
 10
626366.4655551722
 20
4834759.068959499
 10
626317.067234023
 20
4834762.46524626
  0
LWPOLYLINE
  5
17D
330
17
100
AcDbEntity
  8
ROADS
100
AcDbPolyline
 90
2
 70
0
 10
626317.067234023
 20
4834762.46524626
 10
626296.1805246219
 20
4834832.363339197
  0
LWPOLYLINE
  5
17E
330
17
100
AcDbEntity
  8
ROADS
100
AcDbPolyline
 90
2
 70
0
 10
626296.1805246219
 20
4834832.363339197
 10
626364.879397148
 20
4834904.015897751
  0
LWPOLYLINE
  5
17F
330
17
100
AcDbEntity
  8
ROADS
100
AcDbPolyline
 90
2
 70
0
 10
626409.067698099
 20
4834878.586142008
 10
626364.879397148
 20
4834904.015897751
  0
LWPOLYLINE
  5
180
330
17
100
AcDbEntity
  8
ROADS
100
AcDbPolyline
 90
2
 70
0
 10
626296.1805246219
 20
4834832.363339197
 10
626258.8681698319
 20
4834957.231757811
  0
LWPOLYLINE
  5
181
330
17
100
AcDbEntity
  8
ROADS
100
AcDbPolyline
 90
2
 70
0
 10
626391.9344514984
 20
4834937.017914294
 10
626364.879397148
 20
4834904.015897751
  0
LWPOLYLINE
  5
182
330
17
100
AcDbEntity
  8
ROADS
100
AcDbPolyline
 90
3
 70
0
 10
626364.879397148
 20
4834904.015897751
 10
626324.334710387
 20
4834917.529803485
 10
626279.071095488
 20
4834963.055298411
  0
LWPOLYLINE
  5
183
330
17
100
AcDbEntity
  8
ROADS
100
AcDbPolyline
 90
2
 70
0
 10
626279.071095488
 20
4834963.055298411
 10
626258.8681698319
 20
4834957.231757811
  0
LWPOLYLINE
  5
184
330
17
100
AcDbEntity
  8
ROADS
100
AcDbPolyline
 90
2
 70
0
 10
626258.8681698319
 20
4834957.231757811
 10
626251.4583613018
 20
4834981.925273692
  0
LWPOLYLINE
  5
185
330
17
100
AcDbEntity
  8
ROADS
100
AcDbPolyline
 90
2
 70
0
 10
626279.071095488
 20
4834963.055298411
 10
626251.4583613018
 20
4834981.925273692
  0
LWPOLYLINE
  5
186
330
17
100
AcDbEntity
  8
ROADS
100
AcDbPolyline
 90
2
 70
0
 10
626415.7005046218
 20
4834852.783501148
 10
626394.0180571228
 20
4834856.332778563
  0
LWPOLYLINE
  5
187
330
17
100
AcDbEntity
  8
ROADS
100
AcDbPolyline
 90
2
 70
0
 10
626409.067698099
 20
4834878.586142008
 10
626415.7005046218
 20
4834852.783501148
  0
LWPOLYLINE
  5
188
330
17
100
AcDbEntity
  8
ROADS
100
AcDbPolyline
 90
2
 70
0
 10
626528.5974830384
 20
4834893.155153429
 10
626539.5341913875
 20
4834892.654317488
  0
LWPOLYLINE
  5
189
330
17
100
AcDbEntity
  8
ROADS
100
AcDbPolyline
 90
2
 70
0
 10
626391.9344514984
 20
4834937.017914294
 10
626409.067698099
 20
4834878.586142008
  0
LWPOLYLINE
  5
18A
330
17
100
AcDbEntity
  8
ROADS
100
AcDbPolyline
 90
3
 70
0
 10
626391.9344514984
 20
4834937.017914294
 10
626431.6208403455
 20
4834912.785854403
 10
626528.5974830384
 20
4834893.155153429
  0
LWPOLYLINE
  5
18B
330
17
100
AcDbEntity
  8
ROADS
100
AcDbPolyline
 90
2
 70
0
 10
626539.5341913875
 20
4834892.654317488
 10
626489.125715846
 20
4835055.9308836935
  0
LWPOLYLINE
  5
18C
330
17
100
AcDbEntity
  8
ROADS
100
AcDbPolyline
 90
2
 70
0
 10
626669.5085816158
 20
4834844.713868224
 10
626574.2660735382
 20
4835153.610802746
  0
LWPOLYLINE
  5
18D
330
17
100
AcDbEntity
  8
ROADS
100
AcDbPolyline
 90
2
 70
0
 10
626489.125715846
 20
4835055.9308836935
 10
626372.8491566383
 20
4835020.394877048
  0
LWPOLYLINE
  5
18E
330
17
100
AcDbEntity
  8
ROADS
100
AcDbPolyline
 90
2
 70
0
 10
626489.125715846
 20
4835055.9308836935
 10
626469.4491654264
 20
4835121.1180899795
  0
LWPOLYLINE
  5
18F
330
17
100
AcDbEntity
  8
ROADS
100
AcDbPolyline
 90
3
 70
0
 10
626662.837837209
 20
4835111.931398299
 10
626677.0710314946
 20
4835116.614972073
 10
626674.8435422234
 20
4835135.387838719
  0
LWPOLYLINE
  5
190
330
17
100
AcDbEntity
  8
ROADS
100
AcDbPolyline
 90
2
 70
0
 10
626906.4103695066
 20
4834918.655625207
 10
626808.9203986982
 20
4834888.507541022
  0
LWPOLYLINE
  5
191
330
17
100
AcDbEntity
  8
ROADS
100
AcDbPolyline
 90
2
 70
0
 10
626739.0003800169
 20
4834866.809341938
 10
626662.837837209
 20
4835111.931398299
  0
LWPOLYLINE
  5
192
330
17
100
AcDbEntity
  8
ROADS
100
AcDbPolyline
 90
2
 70
0
 10
626906.4103695066
 20
4834918.655625207
 10
626843.7590092622
 20
4835122.568527612
  0
LWPOLYLINE
  5
193
330
17
100
AcDbEntity
  8
ROADS
100
AcDbPolyline
 90
2
 70
0
 10
626793.1866082342
 20
4835109.835564517
 10
626847.3715407252
 20
4834938.860653581
  0
LWPOLYLINE
  5
194
330
17
100
AcDbEntity
  8
ROADS
100
AcDbPolyline
 90
2
 70
0
 10
626808.9203986982
 20
4834888.507541022
 10
626714.1913229786
 20
4835196.658828941
  0
LWPOLYLINE
  5
195
330
17
100
AcDbEntity
  8
ROADS
100
AcDbPolyline
 90
2
 70
0
 10
626922.2209609672
 20
4835052.1095705405
 10
626896.6538248967
 20
4835137.3336004205
  0
LWPOLYLINE
  5
196
330
17
100
AcDbEntity
  8
ROADS
100
AcDbPolyline
 90
2
 70
0
 10
626843.7590092622
 20
4835122.568527612
 10
626793.1866082342
 20
4835109.835564517
  0
LWPOLYLINE
  5
197
330
17
100
AcDbEntity
  8
ROADS
100
AcDbPolyline
 90
2
 70
0
 10
626843.7590092622
 20
4835122.568527612
 10
626896.6538248967
 20
4835137.3336004205
  0
LWPOLYLINE
  5
198
330
17
100
AcDbEntity
  8
ROADS
100
AcDbPolyline
 90
2
 70
0
 10
626793.1866082342
 20
4835109.835564517
 10
626778.1280765187
 20
4835158.66131492
  0
LWPOLYLINE
  5
199
330
17
100
AcDbEntity
  8
ROADS
100
AcDbPolyline
 90
2
 70
0
 10
626896.6538248967
 20
4835137.3336004205
 10
626879.2302788318
 20
4835197.7133164555
  0
LWPOLYLINE
  5
19A
330
17
100
AcDbEntity
  8
ROADS
100
AcDbPolyline
 90
2
 70
0
 10
627153.3031137371
 20
4835010.566194604
 10
627102.7781355982
 20
4834997.005043718
  0
LWPOLYLINE
  5
19B
330
17
100
AcDbEntity
  8
ROADS
100
AcDbPolyline
 90
2
 70
0
 10
627102.7781355982
 20
4834997.005043718
 10
627089.8932392166
 20
4835030.590197826
  0
LWPOLYLINE
  5
19C
330
17
100
AcDbEntity
  8
ROADS
100
AcDbPolyline
 90
2
 70
0
 10
627200.6255094337
 20
4835023.706431742
 10
627153.3031137371
 20
4835010.566194604
  0
LWPOLYLINE
  5
19D
330
17
100
AcDbEntity
  8
ROADS
100
AcDbPolyline
 90
3
 70
0
 10
627089.8932392166
 20
4835030.590197826
 10
627041.9941677062
 20
4835015.439415979
 10
627001.6174377108
 20
4835145.233501549
  0
LWPOLYLINE
  5
19E
330
17
100
AcDbEntity
  8
ROADS
100
AcDbPolyline
 90
2
 70
0
 10
627089.8932392166
 20
4835030.590197826
 10
627051.55209936
 20
4835157.757936152
  0
LWPOLYLINE
  5
19F
330
17
100
AcDbEntity
  8
ROADS
100
AcDbPolyline
 90
2
 70
0
 10
627200.6255094337
 20
4835023.706431742
 10
627152.1586380745
 20
4835184.126224327
  0
LWPOLYLINE
  5
1A0
330
17
100
AcDbEntity
  8
ROADS
100
AcDbPolyline
 90
2
 70
0
 10
627007.9343441003
 20
4834949.869711816
 10
626913.5992833596
 20
4835260.449437824
  0
LWPOLYLINE
  5
1A1
330
17
100
AcDbEntity
  8
ROADS
100
AcDbPolyline
 90
2
 70
0
 10
627104.1011023205
 20
4835169.719599113
 10
627136.7867777062
 20
4835060.869740767
  0
LWPOLYLINE
  5
1A2
330
17
100
AcDbEntity
  8
ROADS
100
AcDbPolyline
 90
2
 70
0
 10
627051.55209936
 20
4835157.757936152
 10
627001.6174377108
 20
4835145.233501549
  0
LWPOLYLINE
  5
1A3
330
17
100
AcDbEntity
  8
ROADS
100
AcDbPolyline
 90
2
 70
0
 10
627104.1011023205
 20
4835169.719599113
 10
627051.55209936
 20
4835157.757936152
  0
LWPOLYLINE
  5
1A4
330
17
100
AcDbEntity
  8
ROADS
100
AcDbPolyline
 90
2
 70
0
 10
627279.1673416878
 20
4834758.320186326
 10
627277.1677383095
 20
4834764.99648128
  0
LWPOLYLINE
  5
1A5
330
17
100
AcDbEntity
  8
ROADS
100
AcDbPolyline
 90
2
 70
0
 10
627277.1677383095
 20
4834764.99648128
 10
627227.3758574994
 20
4834754.584309215
  0
LWPOLYLINE
  5
1A6
330
17
100
AcDbEntity
  8
ROADS
100
AcDbPolyline
 90
2
 70
0
 10
627376.0467091025
 20
4834789.427634979
 10
627372.0688890022
 20
4834802.3257220425
  0
LWPOLYLINE
  5
1A7
330
17
100
AcDbEntity
  8
ROADS
100
AcDbPolyline
 90
2
 70
0
 10
627477.9579444457
 20
4834816.969177463
 10
627473.4504842444
 20
4834831.494112269
  0
LWPOLYLINE
  5
1A8
330
17
100
AcDbEntity
  8
ROADS
100
AcDbPolyline
 90
2
 70
0
 10
627473.4504842444
 20
4834831.494112269
 10
627372.0688890022
 20
4834802.3257220425
  0
LWPOLYLINE
  5
1A9
330
17
100
AcDbEntity
  8
ROADS
100
AcDbPolyline
 90
2
 70
0
 10
627531.9997367559
 20
4834833.220356427
 10
627529.0851367258
 20
4834843.379509317
  0
LWPOLYLINE
  5
1AA
330
17
100
AcDbEntity
  8
ROADS
100
AcDbPolyline
 90
2
 70
0
 10
627529.0851367258
 20
4834843.379509317
 10
627473.4504842444
 20
4834831.494112269
  0
LWPOLYLINE
  5
1AB
330
17
100
AcDbEntity
  8
ROADS
100
AcDbPolyline
 90
4
 70
0
 10
627347.6161282463
 20
4834881.615158265
 10
627302.1010234286
 20
4834866.637990339
 10
627329.238318533
 20
4834775.48885066
 10
627277.1677383095
 20
4834764.99648128
  0
LWPOLYLINE
  5
1AC
330
17
100
AcDbEntity
  8
ROADS
100
AcDbPolyline
 90
2
 70
0
 10
627372.0688890022
 20
4834802.3257220425
 10
627347.6161282463
 20
4834881.615158265
  0
LWPOLYLINE
  5
1AD
330
17
100
AcDbEntity
  8
ROADS
100
AcDbPolyline
 90
2
 70
0
 10
627277.1677383095
 20
4834764.99648128
 10
627230.9066335754
 20
4834919.468349186
  0
LWPOLYLINE
  5
1AE
330
17
100
AcDbEntity
  8
ROADS
100
AcDbPolyline
 90
3
 70
0
 10
627473.4504842444
 20
4834831.494112269
 10
627424.8682971066
 20
4834896.03497957
 10
627426.3783915178
 20
4834976.195291187
  0
LWPOLYLINE
  5
1AF
330
17
100
AcDbEntity
  8
ROADS
100
AcDbPolyline
 90
2
 70
0
 10
627347.6161282463
 20
4834881.615158265
 10
627328.7629866011
 20
4834947.666979621
  0
LWPOLYLINE
  5
1B0
330
17
100
AcDbEntity
  8
ROADS
100
AcDbPolyline
 90
2
 70
0
 10
627328.7629866011
 20
4834947.666979621
 10
627230.9066335754
 20
4834919.468349186
  0
LWPOLYLINE
  5
1B1
330
17
100
AcDbEntity
  8
ROADS
100
AcDbPolyline
 90
2
 70
0
 10
627426.3783915178
 20
4834976.195291187
 10
627328.7629866011
 20
4834947.666979621
  0
LWPOLYLINE
  5
1B2
330
17
100
AcDbEntity
  8
ROADS
100
AcDbPolyline
 90
2
 70
0
 10
627426.3783915178
 20
4834976.195291187
 10
627433.3491087933
 20
4834991.448251233
  0
LWPOLYLINE
  5
1B3
330
17
100
AcDbEntity
  8
ROADS
100
AcDbPolyline
 90
2
 70
0
 10
627433.3491087933
 20
4834991.448251233
 10
627454.9698291952
 20
4835039.446083985
  0
LWPOLYLINE
  5
1B4
330
17
100
AcDbEntity
  8
ROADS
100
AcDbPolyline
 90
2
 70
0
 10
627454.9698291952
 20
4835039.446083985
 10
627485.2418623853
 20
4835104.771397613
  0
LWPOLYLINE
  5
1B5
330
17
100
AcDbEntity
  8
ROADS
100
AcDbPolyline
 90
2
 70
0
 10
627838.3499312663
 20
4835011.825557297
 10
627793.0836666812
 20
4835160.6247385405
  0
LWPOLYLINE
  5
1B6
330
17
100
AcDbEntity
  8
ROADS
100
AcDbPolyline
 90
2
 70
0
 10
627918.3718785102
 20
4835096.494960491
 10
627890.1425108226
 20
4835187.861005832
  0
LWPOLYLINE
  5
1B7
330
17
100
AcDbEntity
  8
ROADS
100
AcDbPolyline
 90
2
 70
0
 10
627573.1257564833
 20
4834854.452284878
 10
627529.0851367258
 20
4834843.379509317
  0
LWPOLYLINE
  5
1B8
330
17
100
AcDbEntity
  8
ROADS
100
AcDbPolyline
 90
2
 70
0
 10
627574.5065694748
 20
4834848.809669369
 10
627573.1257564833
 20
4834854.452284878
  0
LWPOLYLINE
  5
1B9
330
17
100
AcDbEntity
  8
ROADS
100
AcDbPolyline
 90
3
 70
0
 10
627529.0851367258
 20
4834843.379509317
 10
627473.4595828557
 20
4835028.957657873
 10
627454.9698291952
 20
4835039.446083985
  0
LWPOLYLINE
  5
1BA
330
17
100
AcDbEntity
  8
ROADS
100
AcDbPolyline
 90
2
 70
0
 10
627573.1257564833
 20
4834854.452284878
 10
627496.8685484665
 20
4835108.756820825
  0
LWPOLYLINE
  5
1BB
330
17
100
AcDbEntity
  8
ROADS
100
AcDbPolyline
 90
2
 70
0
 10
627621.5161909494
 20
4834867.567985472
 10
627543.7013213891
 20
4835119.996114042
  0
LWPOLYLINE
  5
1BC
330
17
100
AcDbEntity
  8
ROADS
100
AcDbPolyline
 90
2
 70
0
 10
627758.8179309911
 20
4834946.425052549
 10
627695.3965397163
 20
4835171.739559577
  0
LWPOLYLINE
  5
1BD
330
17
100
AcDbEntity
  8
ROADS
100
AcDbPolyline
 90
2
 70
0
 10
627667.301837018
 20
4834890.100368143
 10
627592.5016672793
 20
4835135.24923095
  0
LWPOLYLINE
  5
1BE
330
17
100
AcDbEntity
  8
ROADS
100
AcDbPolyline
 90
2
 70
0
 10
627713.5335020134
 20
4834916.8496743925
 10
627599.9211165917
 20
4835321.065074834
  0
LWPOLYLINE
  5
1BF
330
17
100
AcDbEntity
  8
ROADS
100
AcDbPolyline
 90
3
 70
0
 10
627957.4157880644
 20
4835144.873578735
 10
627948.2478300906
 20
4835174.053490377
 10
627986.3536957975
 20
4835185.257683217
  0
LWPOLYLINE
  5
1C0
330
17
100
AcDbEntity
  8
ROADS
100
AcDbPolyline
 90
2
 70
0
 10
628020.0119374047
 20
4835241.980133678
 10
627984.9802694304
 20
4835230.474125449
  0
LWPOLYLINE
  5
1C1
330
17
100
AcDbEntity
  8
ROADS
100
AcDbPolyline
 90
2
 70
0
 10
628029.1575952332
 20
4835257.880405089
 10
627973.6217944839
 20
4835432.9777995255
  0
LWPOLYLINE
  5
1C2
330
17
100
AcDbEntity
  8
ROADS
100
AcDbPolyline
 90
2
 70
0
 10
628061.6400750428
 20
4835329.328682859
 10
628023.9372791399
 20
4835449.116427911
  0
LWPOLYLINE
  5
1C3
330
17
100
AcDbEntity
  8
ROADS
100
AcDbPolyline
 90
2
 70
0
 10
628089.8101277881
 20
4835415.3647017
 10
628074.5185289495
 20
4835463.941780737
  0
LWPOLYLINE
  5
1C4
330
17
100
AcDbEntity
  8
ROADS
100
AcDbPolyline
 90
2
 70
0
 10
628023.9372791399
 20
4835449.116427911
 10
627973.6217944839
 20
4835432.9777995255
  0
LWPOLYLINE
  5
1C5
330
17
100
AcDbEntity
  8
ROADS
100
AcDbPolyline
 90
2
 70
0
 10
628074.5185289495
 20
4835463.941780737
 10
628023.9372791399
 20
4835449.116427911
  0
LWPOLYLINE
  5
1C6
330
17
100
AcDbEntity
  8
ROADS
100
AcDbPolyline
 90
2
 70
0
 10
628103.6819064452
 20
4835472.691670911
 10
628074.5185289495
 20
4835463.941780737
  0
LWPOLYLINE
  5
1C7
330
17
100
AcDbEntity
  8
ROADS
100
AcDbPolyline
 90
2
 70
0
 10
627328.7629866011
 20
4834947.666979621
 10
627248.3759105545
 20
4835213.2063508555
  0
LWPOLYLINE
  5
1C8
330
17
100
AcDbEntity
  8
ROADS
100
AcDbPolyline
 90
2
 70
0
 10
627296.241124664
 20
4835228.571571137
 10
627367.978116049
 20
4834995.702841598
  0
LWPOLYLINE
  5
1C9
330
17
100
AcDbEntity
  8
ROADS
100
AcDbPolyline
 90
3
 70
0
 10
627433.3491087933
 20
4834991.448251233
 10
627418.5084392368
 20
4835002.608682705
 10
627343.7807510244
 20
4835242.806839542
  0
LWPOLYLINE
  5
1CA
330
17
100
AcDbEntity
  8
ROADS
100
AcDbPolyline
 90
2
 70
0
 10
627389.7520822794
 20
4835257.827810519
 10
627439.6020123226
 20
4835094.370725016
  0
LWPOLYLINE
  5
1CB
330
17
100
AcDbEntity
  8
ROADS
100
AcDbPolyline
 90
2
 70
0
 10
627485.2418623853
 20
4835104.771397613
 10
627432.2203347277
 20
4835271.458372347
  0
LWPOLYLINE
  5
1CC
330
17
100
AcDbEntity
  8
ROADS
100
AcDbPolyline
 90
2
 70
0
 10
627248.3759105545
 20
4835213.2063508555
 10
627200.5045766595
 20
4835198.014034912
  0
LWPOLYLINE
  5
1CD
330
17
100
AcDbEntity
  8
ROADS
100
AcDbPolyline
 90
2
 70
0
 10
627296.241124664
 20
4835228.571571137
 10
627248.3759105545
 20
4835213.2063508555
  0
LWPOLYLINE
  5
1CE
330
17
100
AcDbEntity
  8
ROADS
100
AcDbPolyline
 90
2
 70
0
 10
627343.7807510244
 20
4835242.806839542
 10
627296.241124664
 20
4835228.571571137
  0
LWPOLYLINE
  5
1CF
330
17
100
AcDbEntity
  8
ROADS
100
AcDbPolyline
 90
2
 70
0
 10
627389.7520822794
 20
4835257.827810519
 10
627343.7807510244
 20
4835242.806839542
  0
LWPOLYLINE
  5
1D0
330
17
100
AcDbEntity
  8
ROADS
100
AcDbPolyline
 90
2
 70
0
 10
627432.2203347277
 20
4835271.458372347
 10
627389.7520822794
 20
4835257.827810519
  0
LWPOLYLINE
  5
1D1
330
17
100
AcDbEntity
  8
ROADS
100
AcDbPolyline
 90
2
 70
0
 10
627496.8685484665
 20
4835108.756820825
 10
627485.2418623853
 20
4835104.771397613
  0
LWPOLYLINE
  5
1D2
330
17
100
AcDbEntity
  8
ROADS
100
AcDbPolyline
 90
2
 70
0
 10
627543.7013213891
 20
4835119.996114042
 10
627496.8685484665
 20
4835108.756820825
  0
LWPOLYLINE
  5
1D3
330
17
100
AcDbEntity
  8
ROADS
100
AcDbPolyline
 90
2
 70
0
 10
627592.5016672793
 20
4835135.24923095
 10
627543.7013213891
 20
4835119.996114042
  0
LWPOLYLINE
  5
1D4
330
17
100
AcDbEntity
  8
ROADS
100
AcDbPolyline
 90
2
 70
0
 10
627733.0894297296
 20
4835183.107654324
 10
627695.3965397163
 20
4835171.739559577
  0
LWPOLYLINE
  5
1D5
330
17
100
AcDbEntity
  8
ROADS
100
AcDbPolyline
 90
2
 70
0
 10
627733.0894297296
 20
4835183.107654324
 10
627722.861516882
 20
4835216.202864472
  0
LWPOLYLINE
  5
1D6
330
17
100
AcDbEntity
  8
ROADS
100
AcDbPolyline
 90
2
 70
0
 10
627533.925974663
 20
4835209.930063039
 10
627533.2823354977
 20
4835223.875805043
  0
LWPOLYLINE
  5
1D7
330
17
100
AcDbEntity
  8
ROADS
100
AcDbPolyline
 90
2
 70
0
 10
627553.1410435834
 20
4835307.242541775
 10
627592.5016672793
 20
4835135.24923095
  0
LWPOLYLINE
  5
1D8
330
17
100
AcDbEntity
  8
ROADS
100
AcDbPolyline
 90
2
 70
0
 10
627533.2823354977
 20
4835223.875805043
 10
627515.6166773243
 20
4835238.371871587
  0
LWPOLYLINE
  5
1D9
330
17
100
AcDbEntity
  8
ROADS
100
AcDbPolyline
 90
2
 70
0
 10
627533.2823354977
 20
4835223.875805043
 10
627531.7412979356
 20
4835241.159534443
  0
LWPOLYLINE
  5
1DA
330
17
100
AcDbEntity
  8
ROADS
100
AcDbPolyline
 90
4
 70
0
 10
627533.2823354977
 20
4835223.875805043
 10
627570.0117142603
 20
4835224.425301287
 10
627558.2180449062
 20
4835253.822956768
 10
627536.9940168512
 20
4835254.746343489
  0
LWPOLYLINE
  5
1DB
330
17
100
AcDbEntity
  8
ROADS
100
AcDbPolyline
 90
2
 70
0
 10
627841.9748139681
 20
4835173.512362546
 10
627793.0836666812
 20
4835160.6247385405
  0
LWPOLYLINE
  5
1DC
330
17
100
AcDbEntity
  8
ROADS
100
AcDbPolyline
 90
2
 70
0
 10
627793.0836666812
 20
4835160.6247385405
 10
627781.9552616837
 20
4835197.892942596
  0
LWPOLYLINE
  5
1DD
330
17
100
AcDbEntity
  8
ROADS
100
AcDbPolyline
 90
2
 70
0
 10
627890.1425108226
 20
4835187.861005832
 10
627841.9748139681
 20
4835173.512362546
  0
LWPOLYLINE
  5
1DE
330
17
100
AcDbEntity
  8
ROADS
100
AcDbPolyline
 90
2
 70
0
 10
627781.9552616837
 20
4835197.892942596
 10
627733.0894297296
 20
4835183.107654324
  0
LWPOLYLINE
  5
1DF
330
17
100
AcDbEntity
  8
ROADS
100
AcDbPolyline
 90
2
 70
0
 10
627890.1425108226
 20
4835187.861005832
 10
627886.0085039122
 20
4835201.621155226
  0
LWPOLYLINE
  5
1E0
330
17
100
AcDbEntity
  8
ROADS
100
AcDbPolyline
 90
2
 70
0
 10
627935.7665905528
 20
4835216.2860742
 10
627886.0085039122
 20
4835201.621155226
  0
LWPOLYLINE
  5
1E1
330
17
100
AcDbEntity
  8
ROADS
100
AcDbPolyline
 90
2
 70
0
 10
627994.6860051152
 20
4835198.323602891
 10
627984.9802694304
 20
4835230.474125449
  0
LWPOLYLINE
  5
1E2
330
17
100
AcDbEntity
  8
ROADS
100
AcDbPolyline
 90
2
 70
0
 10
627947.6255729999
 20
4835219.814176284
 10
627935.7665905528
 20
4835216.2860742
  0
LWPOLYLINE
  5
1E3
330
17
100
AcDbEntity
  8
ROADS
100
AcDbPolyline
 90
2
 70
0
 10
627984.9802694304
 20
4835230.474125449
 10
627947.6255729999
 20
4835219.814176284
  0
LWPOLYLINE
  5
1E4
330
17
100
AcDbEntity
  8
ROADS
100
AcDbPolyline
 90
3
 70
0
 10
627947.6255729999
 20
4835219.814176284
 10
627945.6815592248
 20
4835244.922644154
 10
627969.2746315257
 20
4835280.295410824
  0
LWPOLYLINE
  5
1E5
330
17
100
AcDbEntity
  8
ROADS
100
AcDbPolyline
 90
2
 70
0
 10
627515.6166773243
 20
4835238.371871587
 10
627531.7412979356
 20
4835241.159534443
  0
LWPOLYLINE
  5
1E6
330
17
100
AcDbEntity
  8
ROADS
100
AcDbPolyline
 90
2
 70
0
 10
627531.7412979356
 20
4835241.159534443
 10
627536.9940168512
 20
4835254.746343489
  0
LWPOLYLINE
  5
1E7
330
17
100
AcDbEntity
  8
ROADS
100
AcDbPolyline
 90
2
 70
0
 10
627486.5065581639
 20
4835287.492058866
 10
627501.0875139777
 20
4835218.802996498
  0
LWPOLYLINE
  5
1E8
330
17
100
AcDbEntity
  8
ROADS
100
AcDbPolyline
 90
2
 70
0
 10
627695.3965397163
 20
4835171.739559577
 10
627646.7205476045
 20
4835335.08947435
  0
LWPOLYLINE
  5
1E9
330
17
100
AcDbEntity
  8
ROADS
100
AcDbPolyline
 90
2
 70
0
 10
627515.6166773243
 20
4835238.371871587
 10
627486.5065581639
 20
4835287.492058866
  0
LWPOLYLINE
  5
1EA
330
17
100
AcDbEntity
  8
ROADS
100
AcDbPolyline
 90
2
 70
0
 10
627536.9940168512
 20
4835254.746343489
 10
627553.1410435834
 20
4835307.242541775
  0
LWPOLYLINE
  5
1EB
330
17
100
AcDbEntity
  8
ROADS
100
AcDbPolyline
 90
2
 70
0
 10
627553.1410435834
 20
4835307.242541775
 10
627486.5065581639
 20
4835287.492058866
  0
LWPOLYLINE
  5
1EC
330
17
100
AcDbEntity
  8
ROADS
100
AcDbPolyline
 90
2
 70
0
 10
627486.5065581639
 20
4835287.492058866
 10
627486.5212913335
 20
4835311.754514526
  0
LWPOLYLINE
  5
1ED
330
17
100
AcDbEntity
  8
ROADS
100
AcDbPolyline
 90
2
 70
0
 10
627599.9211165917
 20
4835321.065074834
 10
627553.1410435834
 20
4835307.242541775
  0
LWPOLYLINE
  5
1EE
330
17
100
AcDbEntity
  8
ROADS
100
AcDbPolyline
 90
2
 70
0
 10
627646.7205476045
 20
4835335.08947435
 10
627599.9211165917
 20
4835321.065074834
  0
LWPOLYLINE
  5
1EF
330
17
100
AcDbEntity
  8
ROADS
100
AcDbPolyline
 90
2
 70
0
 10
627984.9802694304
 20
4835230.474125449
 10
627969.2746315257
 20
4835280.295410824
  0
LWPOLYLINE
  5
1F0
330
17
100
AcDbEntity
  8
ROADS
100
AcDbPolyline
 90
2
 70
0
 10
627781.9552616837
 20
4835197.892942596
 10
627739.5730784215
 20
4835331.845305438
  0
LWPOLYLINE
  5
1F1
330
17
100
AcDbEntity
  8
ROADS
100
AcDbPolyline
 90
2
 70
0
 10
627841.9748139681
 20
4835173.512362546
 10
627779.1230333537
 20
4835376.296095812
  0
LWPOLYLINE
  5
1F2
330
17
100
AcDbEntity
  8
ROADS
100
AcDbPolyline
 90
2
 70
0
 10
627886.0085039122
 20
4835201.621155226
 10
627825.9098394918
 20
4835390.356284168
  0
LWPOLYLINE
  5
1F3
330
17
100
AcDbEntity
  8
ROADS
100
AcDbPolyline
 90
2
 70
0
 10
627935.7665905528
 20
4835216.2860742
 10
627876.6865224615
 20
4835404.76962651
  0
LWPOLYLINE
  5
1F4
330
17
100
AcDbEntity
  8
ROADS
100
AcDbPolyline
 90
2
 70
0
 10
627969.2746315257
 20
4835280.295410824
 10
627925.9514128957
 20
4835418.3920926945
  0
LWPOLYLINE
  5
1F5
330
17
100
AcDbEntity
  8
ROADS
100
AcDbPolyline
 90
2
 70
0
 10
627825.9098394918
 20
4835390.356284168
 10
627779.1230333537
 20
4835376.296095812
  0
LWPOLYLINE
  5
1F6
330
17
100
AcDbEntity
  8
ROADS
100
AcDbPolyline
 90
2
 70
0
 10
627876.6865224615
 20
4835404.76962651
 10
627825.9098394918
 20
4835390.356284168
  0
LWPOLYLINE
  5
1F7
330
17
100
AcDbEntity
  8
ROADS
100
AcDbPolyline
 90
2
 70
0
 10
627925.9514128957
 20
4835418.3920926945
 10
627876.6865224615
 20
4835404.76962651
  0
LWPOLYLINE
  5
1F8
330
17
100
AcDbEntity
  8
ROADS
100
AcDbPolyline
 90
2
 70
0
 10
627973.6217944839
 20
4835432.9777995255
 10
627925.9514128957
 20
4835418.3920926945
  0
LWPOLYLINE
  5
1F9
330
17
100
AcDbEntity
  8
ROADS
100
AcDbPolyline
 90
2
 70
0
 10
627248.3759105545
 20
4835213.2063508555
 10
627214.3969441573
 20
4835321.2348012775
  0
LWPOLYLINE
  5
1FA
330
17
100
AcDbEntity
  8
ROADS
100
AcDbPolyline
 90
2
 70
0
 10
627486.5065581639
 20
4835287.492058866
 10
627432.2203347277
 20
4835271.458372347
  0
LWPOLYLINE
  5
1FB
330
17
100
AcDbEntity
  8
ROADS
100
AcDbPolyline
 90
2
 70
0
 10
627296.241124664
 20
4835228.571571137
 10
627194.8427080531
 20
4835563.688318122
  0
LWPOLYLINE
  5
1FC
330
17
100
AcDbEntity
  8
ROADS
100
AcDbPolyline
 90
2
 70
0
 10
627486.5212913335
 20
4835311.754514526
 10
627430.6615649213
 20
4835486.789672927
  0
LWPOLYLINE
  5
1FD
330
17
100
AcDbEntity
  8
ROADS
100
AcDbPolyline
 90
3
 70
0
 10
627430.6615649213
 20
4835486.789672927
 10
627410.8512291131
 20
4835523.801358169
 10
627486.5065581639
 20
4835287.492058866
  0
LWPOLYLINE
  5
1FE
330
17
100
AcDbEntity
  8
ROADS
100
AcDbPolyline
 90
2
 70
0
 10
627343.7807510244
 20
4835242.806839542
 10
627242.1318165517
 20
4835583.674958043
  0
LWPOLYLINE
  5
1FF
330
17
100
AcDbEntity
  8
ROADS
100
AcDbPolyline
 90
2
 70
0
 10
627288.4365693176
 20
4835592.781131498
 10
627389.7520822794
 20
4835257.827810519
  0
LWPOLYLINE
  5
200
330
17
100
AcDbEntity
  8
ROADS
100
AcDbPolyline
 90
2
 70
0
 10
627432.2203347277
 20
4835271.458372347
 10
627332.173537387
 20
4835607.370727947
  0
LWPOLYLINE
  5
201
330
17
100
AcDbEntity
  8
ROADS
100
AcDbPolyline
 90
2
 70
0
 10
627430.6615649213
 20
4835486.789672927
 10
627436.857972838
 20
4835545.423362805
  0
LWPOLYLINE
  5
202
330
17
100
AcDbEntity
  8
ROADS
100
AcDbPolyline
 90
2
 70
0
 10
627436.857972838
 20
4835545.423362805
 10
627415.1104307455
 20
4835550.190506985
  0
LWPOLYLINE
  5
203
330
17
100
AcDbEntity
  8
ROADS
100
AcDbPolyline
 90
2
 70
0
 10
627599.9211165917
 20
4835321.065074834
 10
627594.9437282359
 20
4835337.609140161
  0
LWPOLYLINE
  5
204
330
17
100
AcDbEntity
  8
ROADS
100
AcDbPolyline
 90
3
 70
0
 10
627739.5730784215
 20
4835331.845305438
 10
627693.5151814902
 20
4835318.069823504
 10
627684.4239518993
 20
4835347.258326764
  0
LWPOLYLINE
  5
205
330
17
100
AcDbEntity
  8
ROADS
100
AcDbPolyline
 90
2
 70
0
 10
627684.4239518993
 20
4835347.258326764
 10
627646.7205476045
 20
4835335.08947435
  0
LWPOLYLINE
  5
206
330
17
100
AcDbEntity
  8
ROADS
100
AcDbPolyline
 90
3
 70
0
 10
627486.5212913335
 20
4835311.754514526
 10
627495.661234611
 20
4835358.532677939
 10
627555.8386371434
 20
4835376.144645722
  0
LWPOLYLINE
  5
207
330
17
100
AcDbEntity
  8
ROADS
100
AcDbPolyline
 90
2
 70
0
 10
627739.5730784215
 20
4835331.845305438
 10
627730.5179411023
 20
4835361.692506642
  0
LWPOLYLINE
  5
208
330
17
100
AcDbEntity
  8
ROADS
100
AcDbPolyline
 90
2
 70
0
 10
627730.5179411023
 20
4835361.692506642
 10
627684.4239518993
 20
4835347.258326764
  0
LWPOLYLINE
  5
209
330
17
100
AcDbEntity
  8
ROADS
100
AcDbPolyline
 90
2
 70
0
 10
627594.9437282359
 20
4835337.609140161
 10
627555.8386371434
 20
4835376.144645722
  0
LWPOLYLINE
  5
20A
330
17
100
AcDbEntity
  8
ROADS
100
AcDbPolyline
 90
2
 70
0
 10
627779.1230333537
 20
4835376.296095812
 10
627730.5179411023
 20
4835361.692506642
  0
LWPOLYLINE
  5
20B
330
17
100
AcDbEntity
  8
ROADS
100
AcDbPolyline
 90
2
 70
0
 10
627684.4239518993
 20
4835347.258326764
 10
627631.1133663438
 20
4835521.904642042
  0
LWPOLYLINE
  5
20C
330
17
100
AcDbEntity
  8
ROADS
100
AcDbPolyline
 90
2
 70
0
 10
627646.7205476045
 20
4835335.08947435
 10
627585.5836682394
 20
4835540.259713174
  0
LWPOLYLINE
  5
20D
330
17
100
AcDbEntity
  8
ROADS
100
AcDbPolyline
 90
2
 70
0
 10
627594.9437282359
 20
4835337.609140161
 10
627520.4281275447
 20
4835583.706558412
  0
LWPOLYLINE
  5
20E
330
17
100
AcDbEntity
  8
ROADS
100
AcDbPolyline
 90
3
 70
0
 10
627555.8386371434
 20
4835376.144645722
 10
627525.3549387098
 20
4835477.527949189
 10
627436.857972838
 20
4835545.423362805
  0
LWPOLYLINE
  5
20F
330
17
100
AcDbEntity
  8
ROADS
100
AcDbPolyline
 90
2
 70
0
 10
627730.5179411023
 20
4835361.692506642
 10
627670.2014503395
 20
4835565.902062608
  0
LWPOLYLINE
  5
210
330
17
100
AcDbEntity
  8
ROADS
100
AcDbPolyline
 90
3
 70
0
 10
627779.1230333537
 20
4835376.296095812
 10
627670.0094854194
 20
4835723.048543025
 10
627627.0415687683
 20
4835709.562890622
  0
LWPOLYLINE
  5
211
330
17
100
AcDbEntity
  8
ROADS
100
AcDbPolyline
 90
2
 70
0
 10
627670.2014503395
 20
4835565.902062608
 10
627585.5836682394
 20
4835540.259713174
  0
LWPOLYLINE
  5
212
330
17
100
AcDbEntity
  8
ROADS
100
AcDbPolyline
 90
2
 70
0
 10
627563.5816101045
 20
4835594.229358624
 10
627585.5836682394
 20
4835540.259713174
  0
LWPOLYLINE
  5
213
330
17
100
AcDbEntity
  8
ROADS
100
AcDbPolyline
 90
2
 70
0
 10
627670.2014503395
 20
4835565.902062608
 10
627652.2050442508
 20
4835619.8491340745
  0
LWPOLYLINE
  5
214
330
17
100
AcDbEntity
  8
ROADS
100
AcDbPolyline
 90
2
 70
0
 10
627652.2050442508
 20
4835619.8491340745
 10
627563.5816101045
 20
4835594.229358624
  0
LWPOLYLINE
  5
215
330
17
100
AcDbEntity
  8
ROADS
100
AcDbPolyline
 90
2
 70
0
 10
627543.9125634795
 20
4835659.600891929
 10
627563.5816101045
 20
4835594.229358624
  0
LWPOLYLINE
  5
216
330
17
100
AcDbEntity
  8
ROADS
100
AcDbPolyline
 90
2
 70
0
 10
627520.4281275447
 20
4835583.706558412
 10
627496.3500577307
 20
4835670.415715911
  0
LWPOLYLINE
  5
217
330
17
100
AcDbEntity
  8
ROADS
100
AcDbPolyline
 90
2
 70
0
 10
627925.9514128957
 20
4835418.3920926945
 10
627885.1709166915
 20
4835547.549135675
  0
LWPOLYLINE
  5
218
330
17
100
AcDbEntity
  8
ROADS
100
AcDbPolyline
 90
2
 70
0
 10
627973.6217944839
 20
4835432.9777995255
 10
627931.2847107593
 20
4835560.833635676
  0
LWPOLYLINE
  5
219
330
17
100
AcDbEntity
  8
ROADS
100
AcDbPolyline
 90
2
 70
0
 10
627825.9098394918
 20
4835390.356284168
 10
627747.2104862974
 20
4835644.994268838
  0
LWPOLYLINE
  5
21A
330
17
100
AcDbEntity
  8
ROADS
100
AcDbPolyline
 90
2
 70
0
 10
627931.2847107593
 20
4835560.833635676
 10
627885.1709166915
 20
4835547.549135675
  0
LWPOLYLINE
  5
21B
330
17
100
AcDbEntity
  8
ROADS
100
AcDbPolyline
 90
2
 70
0
 10
627984.1079923132
 20
4835576.438583441
 10
627931.2847107593
 20
4835560.833635676
  0
LWPOLYLINE
  5
21C
330
17
100
AcDbEntity
  8
ROADS
100
AcDbPolyline
 90
2
 70
0
 10
627885.1709166915
 20
4835547.549135675
 10
627866.7076657396
 20
4835604.1959755765
  0
LWPOLYLINE
  5
21D
330
17
100
AcDbEntity
  8
ROADS
100
AcDbPolyline
 90
2
 70
0
 10
627891.3695087864
 20
4835688.536214511
 10
627931.2847107593
 20
4835560.833635676
  0
LWPOLYLINE
  5
21E
330
17
100
AcDbEntity
  8
ROADS
100
AcDbPolyline
 90
3
 70
0
 10
627866.7076657396
 20
4835604.1959755765
 10
627817.6208170266
 20
4835590.572702906
 10
627796.3972279086
 20
4835659.729423545
  0
LWPOLYLINE
  5
21F
330
17
100
AcDbEntity
  8
ROADS
100
AcDbPolyline
 90
2
 70
0
 10
627866.7076657396
 20
4835604.1959755765
 10
627845.5114222219
 20
4835674.55027639
  0
LWPOLYLINE
  5
220
330
17
100
AcDbEntity
  8
ROADS
100
AcDbPolyline
 90
2
 70
0
 10
627984.1079923132
 20
4835576.438583441
 10
627943.8362639112
 20
4835704.057729871
  0
LWPOLYLINE
  5
221
330
17
100
AcDbEntity
  8
ROADS
100
AcDbPolyline
 90
2
 70
0
 10
627436.857972838
 20
4835545.423362805
 10
627433.7200061122
 20
4835555.865288158
  0
LWPOLYLINE
  5
222
330
17
100
AcDbEntity
  8
ROADS
100
AcDbPolyline
 90
3
 70
0
 10
627436.857972838
 20
4835545.423362805
 10
627500.678270116
 20
4835555.695757057
 10
627520.4281275447
 20
4835583.706558412
  0
LWPOLYLINE
  5
223
330
17
100
AcDbEntity
  8
ROADS
100
AcDbPolyline
 90
2
 70
0
 10
627288.4365693176
 20
4835592.781131498
 10
627242.1318165517
 20
4835583.674958043
  0
LWPOLYLINE
  5
224
330
17
100
AcDbEntity
  8
ROADS
100
AcDbPolyline
 90
2
 70
0
 10
627332.173537387
 20
4835607.370727947
 10
627288.4365693176
 20
4835592.781131498
  0
LWPOLYLINE
  5
225
330
17
100
AcDbEntity
  8
ROADS
100
AcDbPolyline
 90
2
 70
0
 10
627242.1318165517
 20
4835583.674958043
 10
627225.0517217477
 20
4835629.173501161
  0
LWPOLYLINE
  5
226
330
17
100
AcDbEntity
  8
ROADS
100
AcDbPolyline
 90
3
 70
0
 10
627496.3500577307
 20
4835670.415715911
 10
627449.2449307067
 20
4835654.937157751
 10
627472.9721535433
 20
4835574.026032468
  0
LWPOLYLINE
  5
227
330
17
100
AcDbEntity
  8
ROADS
100
AcDbPolyline
 90
2
 70
0
 10
627332.173537387
 20
4835607.370727947
 10
627316.8513665872
 20
4835658.382905991
  0
LWPOLYLINE
  5
228
330
17
100
AcDbEntity
  8
ROADS
100
AcDbPolyline
 90
2
 70
0
 10
627260.0495835918
 20
4835640.308896259
 10
627225.0517217477
 20
4835629.173501161
  0
LWPOLYLINE
  5
229
330
17
100
AcDbEntity
  8
ROADS
100
AcDbPolyline
 90
2
 70
0
 10
627316.8513665872
 20
4835658.382905991
 10
627260.0495835918
 20
4835640.308896259
  0
LWPOLYLINE
  5
22A
330
17
100
AcDbEntity
  8
ROADS
100
AcDbPolyline
 90
2
 70
0
 10
627260.0495835918
 20
4835640.308896259
 10
627272.8407768682
 20
4835681.772716921
  0
LWPOLYLINE
  5
22B
330
17
100
AcDbEntity
  8
ROADS
100
AcDbPolyline
 90
2
 70
0
 10
627200.5045766595
 20
4835198.014034912
 10
627216.4251646019
 20
4835141.721345256
  0
LWPOLYLINE
  5
22C
330
17
100
AcDbEntity
  8
ROADS
100
AcDbPolyline
 90
2
 70
0
 10
627152.1586380745
 20
4835184.126224327
 10
627104.1011023205
 20
4835169.719599113
  0
LWPOLYLINE
  5
22D
330
17
100
AcDbEntity
  8
ROADS
100
AcDbPolyline
 90
2
 70
0
 10
627001.6174377108
 20
4835145.233501549
 10
626976.9818557211
 20
4835228.492264494
  0
LWPOLYLINE
  5
22E
330
17
100
AcDbEntity
  8
ROADS
100
AcDbPolyline
 90
2
 70
0
 10
627200.5045766595
 20
4835198.014034912
 10
627152.1586380745
 20
4835184.126224327
  0
LWPOLYLINE
  5
22F
330
17
100
AcDbEntity
  8
ROADS
100
AcDbPolyline
 90
2
 70
0
 10
627051.55209936
 20
4835157.757936152
 10
627022.505842093
 20
4835264.10639513
  0
LWPOLYLINE
  5
230
330
17
100
AcDbEntity
  8
ROADS
100
AcDbPolyline
 90
2
 70
0
 10
627104.1011023205
 20
4835169.719599113
 10
627071.1647396756
 20
4835277.38783239
  0
LWPOLYLINE
  5
231
330
17
100
AcDbEntity
  8
ROADS
100
AcDbPolyline
 90
2
 70
0
 10
626976.9818557211
 20
4835228.492264494
 10
626964.7231684485
 20
4835224.78243507
  0
LWPOLYLINE
  5
232
330
17
100
AcDbEntity
  8
ROADS
100
AcDbPolyline
 90
2
 70
0
 10
626989.0068298009
 20
4835232.959915753
 10
626976.9818557211
 20
4835228.492264494
  0
LWPOLYLINE
  5
233
330
17
100
AcDbEntity
  8
ROADS
100
AcDbPolyline
 90
2
 70
0
 10
627152.1586380745
 20
4835184.126224327
 10
627118.077786492
 20
4835291.761780405
  0
LWPOLYLINE
  5
234
330
17
100
AcDbEntity
  8
ROADS
100
AcDbPolyline
 90
2
 70
0
 10
627200.5045766595
 20
4835198.014034912
 10
627167.2841292236
 20
4835307.123250174
  0
LWPOLYLINE
  5
235
330
17
100
AcDbEntity
  8
ROADS
100
AcDbPolyline
 90
2
 70
0
 10
626574.2660735382
 20
4835153.610802746
 10
626469.4491654264
 20
4835121.1180899795
  0
LWPOLYLINE
  5
236
330
17
100
AcDbEntity
  8
ROADS
100
AcDbPolyline
 90
2
 70
0
 10
626662.837837209
 20
4835111.931398299
 10
626643.9601158311
 20
4835174.584923179
  0
LWPOLYLINE
  5
237
330
17
100
AcDbEntity
  8
ROADS
100
AcDbPolyline
 90
2
 70
0
 10
626469.4491654264
 20
4835121.1180899795
 10
626454.0035595938
 20
4835171.606894721
  0
LWPOLYLINE
  5
238
330
17
100
AcDbEntity
  8
ROADS
100
AcDbPolyline
 90
2
 70
0
 10
626643.9601158311
 20
4835174.584923179
 10
626574.2660735382
 20
4835153.610802746
  0
LWPOLYLINE
  5
239
330
17
100
AcDbEntity
  8
ROADS
100
AcDbPolyline
 90
2
 70
0
 10
626714.1913229786
 20
4835196.658828941
 10
626643.9601158311
 20
4835174.584923179
  0
LWPOLYLINE
  5
23A
330
17
100
AcDbEntity
  8
ROADS
100
AcDbPolyline
 90
3
 70
0
 10
626454.0035595938
 20
4835171.606894721
 10
626402.0917860788
 20
4835154.993495175
 10
626345.1075354146
 20
4835344.837660823
  0
LWPOLYLINE
  5
23B
330
17
100
AcDbEntity
  8
ROADS
100
AcDbPolyline
 90
2
 70
0
 10
626454.0035595938
 20
4835171.606894721
 10
626395.8942174666
 20
4835361.50675156
  0
LWPOLYLINE
  5
23C
330
17
100
AcDbEntity
  8
ROADS
100
AcDbPolyline
 90
2
 70
0
 10
626574.2660735382
 20
4835153.610802746
 10
626497.7554607614
 20
4835394.577135965
  0
LWPOLYLINE
  5
23D
330
17
100
AcDbEntity
  8
ROADS
100
AcDbPolyline
 90
2
 70
0
 10
626714.1913229786
 20
4835196.658828941
 10
626653.4646863234
 20
4835394.750008754
  0
LWPOLYLINE
  5
23E
330
17
100
AcDbEntity
  8
ROADS
100
AcDbPolyline
 90
2
 70
0
 10
626586.0028002023
 20
4835361.7714727
 10
626582.6151168572
 20
4835374.354987471
  0
LWPOLYLINE
  5
23F
330
17
100
AcDbEntity
  8
ROADS
100
AcDbPolyline
 90
2
 70
0
 10
626843.7590092622
 20
4835122.568527612
 10
626811.3051056161
 20
4835226.481174767
  0
LWPOLYLINE
  5
240
330
17
100
AcDbEntity
  8
ROADS
100
AcDbPolyline
 90
2
 70
0
 10
626879.2302788318
 20
4835197.7133164555
 10
626860.334382737
 20
4835192.001385941
  0
LWPOLYLINE
  5
241
330
17
100
AcDbEntity
  8
ROADS
100
AcDbPolyline
 90
2
 70
0
 10
626889.9112447344
 20
4835201.291615364
 10
626879.2302788318
 20
4835197.7133164555
  0
LWPOLYLINE
  5
242
330
17
100
AcDbEntity
  8
ROADS
100
AcDbPolyline
 90
2
 70
0
 10
626811.3051056161
 20
4835226.481174767
 10
626714.1913229786
 20
4835196.658828941
  0
LWPOLYLINE
  5
243
330
17
100
AcDbEntity
  8
ROADS
100
AcDbPolyline
 90
2
 70
0
 10
626913.5992833596
 20
4835260.449437824
 10
626811.3051056161
 20
4835226.481174767
  0
LWPOLYLINE
  5
244
330
17
100
AcDbEntity
  8
ROADS
100
AcDbPolyline
 90
2
 70
0
 10
626811.3051056161
 20
4835226.481174767
 10
626751.2423744103
 20
4835424.135382494
  0
LWPOLYLINE
  5
245
330
17
100
AcDbEntity
  8
ROADS
100
AcDbPolyline
 90
3
 70
0
 10
626703.9727051025
 20
4835408.414902413
 10
626740.8005817564
 20
4835274.0685329335
 10
626760.0652666008
 20
4835260.486963787
  0
LWPOLYLINE
  5
246
330
17
100
AcDbEntity
  8
ROADS
100
AcDbPolyline
 90
2
 70
0
 10
626913.5992833596
 20
4835260.449437824
 10
626856.2448454722
 20
4835457.596629578
  0
LWPOLYLINE
  5
247
330
17
100
AcDbEntity
  8
ROADS
100
AcDbPolyline
 90
2
 70
0
 10
626751.2423744103
 20
4835424.135382494
 10
626703.9727051025
 20
4835408.414902413
  0
LWPOLYLINE
  5
248
330
17
100
AcDbEntity
  8
ROADS
100
AcDbPolyline
 90
2
 70
0
 10
626856.2448454722
 20
4835457.596629578
 10
626751.2423744103
 20
4835424.135382494
  0
LWPOLYLINE
  5
249
330
17
100
AcDbEntity
  8
ROADS
100
AcDbPolyline
 90
2
 70
0
 10
627071.1647396756
 20
4835277.38783239
 10
627022.505842093
 20
4835264.10639513
  0
LWPOLYLINE
  5
24A
330
17
100
AcDbEntity
  8
ROADS
100
AcDbPolyline
 90
2
 70
0
 10
627014.9152967818
 20
4835289.501736858
 10
626913.5992833596
 20
4835260.449437824
  0
LWPOLYLINE
  5
24B
330
17
100
AcDbEntity
  8
ROADS
100
AcDbPolyline
 90
2
 70
0
 10
627022.505842093
 20
4835264.10639513
 10
627014.9152967818
 20
4835289.501736858
  0
LWPOLYLINE
  5
24C
330
17
100
AcDbEntity
  8
ROADS
100
AcDbPolyline
 90
2
 70
0
 10
627118.077786492
 20
4835291.761780405
 10
627071.1647396756
 20
4835277.38783239
  0
LWPOLYLINE
  5
24D
330
17
100
AcDbEntity
  8
ROADS
100
AcDbPolyline
 90
2
 70
0
 10
627167.2841292236
 20
4835307.123250174
 10
627118.077786492
 20
4835291.761780405
  0
LWPOLYLINE
  5
24E
330
17
100
AcDbEntity
  8
ROADS
100
AcDbPolyline
 90
2
 70
0
 10
627214.3969441573
 20
4835321.2348012775
 10
627167.2841292236
 20
4835307.123250174
  0
LWPOLYLINE
  5
24F
330
17
100
AcDbEntity
  8
ROADS
100
AcDbPolyline
 90
2
 70
0
 10
627014.9152967818
 20
4835289.501736858
 10
626954.7547717739
 20
4835490.597496992
  0
LWPOLYLINE
  5
250
330
17
100
AcDbEntity
  8
ROADS
100
AcDbPolyline
 90
2
 70
0
 10
627071.1647396756
 20
4835277.38783239
 10
627002.5617868735
 20
4835508.210830042
  0
LWPOLYLINE
  5
251
330
17
100
AcDbEntity
  8
ROADS
100
AcDbPolyline
 90
2
 70
0
 10
627118.077786492
 20
4835291.761780405
 10
627050.8289598817
 20
4835523.632352023
  0
LWPOLYLINE
  5
252
330
17
100
AcDbEntity
  8
ROADS
100
AcDbPolyline
 90
2
 70
0
 10
627167.2841292236
 20
4835307.123250174
 10
627097.0259989483
 20
4835538.501420227
  0
LWPOLYLINE
  5
253
330
17
100
AcDbEntity
  8
ROADS
100
AcDbPolyline
 90
2
 70
0
 10
626456.488245613
 20
4835380.955306834
 10
626395.8942174666
 20
4835361.50675156
  0
LWPOLYLINE
  5
254
330
17
100
AcDbEntity
  8
ROADS
100
AcDbPolyline
 90
2
 70
0
 10
626653.4646863234
 20
4835394.750008754
 10
626582.6151168572
 20
4835374.354987471
  0
LWPOLYLINE
  5
255
330
17
100
AcDbEntity
  8
ROADS
100
AcDbPolyline
 90
2
 70
0
 10
626497.7554607614
 20
4835394.577135965
 10
626456.488245613
 20
4835380.955306834
  0
LWPOLYLINE
  5
256
330
17
100
AcDbEntity
  8
ROADS
100
AcDbPolyline
 90
2
 70
0
 10
626582.6151168572
 20
4835374.354987471
 10
626569.5436127295
 20
4835417.348266793
  0
LWPOLYLINE
  5
257
330
17
100
AcDbEntity
  8
ROADS
100
AcDbPolyline
 90
2
 70
0
 10
626703.9727051025
 20
4835408.414902413
 10
626653.4646863234
 20
4835394.750008754
  0
LWPOLYLINE
  5
258
330
17
100
AcDbEntity
  8
ROADS
100
AcDbPolyline
 90
2
 70
0
 10
626456.488245613
 20
4835380.955306834
 10
626441.9229491382
 20
4835426.172697928
  0
LWPOLYLINE
  5
259
330
17
100
AcDbEntity
  8
ROADS
100
AcDbPolyline
 90
2
 70
0
 10
626554.7776467983
 20
4835412.789057788
 10
626497.7554607614
 20
4835394.577135965
  0
LWPOLYLINE
  5
25A
330
17
100
AcDbEntity
  8
ROADS
100
AcDbPolyline
 90
2
 70
0
 10
626569.5436127295
 20
4835417.348266793
 10
626554.7776467983
 20
4835412.789057788
  0
LWPOLYLINE
  5
25B
330
17
100
AcDbEntity
  8
ROADS
100
AcDbPolyline
 90
2
 70
0
 10
626653.4646863234
 20
4835394.750008754
 10
626635.2912708581
 20
4835437.804068716
  0
LWPOLYLINE
  5
25C
330
17
100
AcDbEntity
  8
ROADS
100
AcDbPolyline
 90
2
 70
0
 10
626441.9229491382
 20
4835426.172697928
 10
626391.5294264177
 20
4835410.878784458
  0
LWPOLYLINE
  5
25D
330
17
100
AcDbEntity
  8
ROADS
100
AcDbPolyline
 90
2
 70
0
 10
626635.2912708581
 20
4835437.804068716
 10
626569.5436127295
 20
4835417.348266793
  0
LWPOLYLINE
  5
25E
330
17
100
AcDbEntity
  8
ROADS
100
AcDbPolyline
 90
2
 70
0
 10
626491.0704454484
 20
4835442.128129974
 10
626441.9229491382
 20
4835426.172697928
  0
LWPOLYLINE
  5
25F
330
17
100
AcDbEntity
  8
ROADS
100
AcDbPolyline
 90
2
 70
0
 10
626554.7776467983
 20
4835412.789057788
 10
626541.1088165818
 20
4835457.540639151
  0
LWPOLYLINE
  5
260
330
17
100
AcDbEntity
  8
ROADS
100
AcDbPolyline
 90
2
 70
0
 10
626441.9229491382
 20
4835426.172697928
 10
626435.4759195896
 20
4835445.071276968
  0
LWPOLYLINE
  5
261
330
17
100
AcDbEntity
  8
ROADS
100
AcDbPolyline
 90
2
 70
0
 10
626491.0704454484
 20
4835442.128129974
 10
626486.3514761614
 20
4835455.71863382
  0
LWPOLYLINE
  5
262
330
17
100
AcDbEntity
  8
ROADS
100
AcDbPolyline
 90
2
 70
0
 10
626541.1088165818
 20
4835457.540639151
 10
626491.0704454484
 20
4835442.128129974
  0
LWPOLYLINE
  5
263
330
17
100
AcDbEntity
  8
ROADS
100
AcDbPolyline
 90
2
 70
0
 10
626486.3514761614
 20
4835455.71863382
 10
626435.4759195896
 20
4835445.071276968
  0
LWPOLYLINE
  5
264
330
17
100
AcDbEntity
  8
ROADS
100
AcDbPolyline
 90
2
 70
0
 10
626635.2912708581
 20
4835437.804068716
 10
626619.7398772691
 20
4835483.188665119
  0
LWPOLYLINE
  5
265
330
17
100
AcDbEntity
  8
ROADS
100
AcDbPolyline
 90
2
 70
0
 10
626537.0434986062
 20
4835470.875946172
 10
626486.3514761614
 20
4835455.71863382
  0
LWPOLYLINE
  5
266
330
17
100
AcDbEntity
  8
ROADS
100
AcDbPolyline
 90
2
 70
0
 10
626576.2390025959
 20
4835469.982465433
 10
626541.1088165818
 20
4835457.540639151
  0
LWPOLYLINE
  5
267
330
17
100
AcDbEntity
  8
ROADS
100
AcDbPolyline
 90
2
 70
0
 10
627214.3969441573
 20
4835321.2348012775
 10
627144.7398635559
 20
4835552.666536969
  0
LWPOLYLINE
  5
268
330
17
100
AcDbEntity
  8
ROADS
100
AcDbPolyline
 90
2
 70
0
 10
626954.7547717739
 20
4835490.597496992
 10
627002.5617868735
 20
4835508.210830042
  0
LWPOLYLINE
  5
269
330
17
100
AcDbEntity
  8
ROADS
100
AcDbPolyline
 90
2
 70
0
 10
627050.8289598817
 20
4835523.632352023
 10
627002.5617868735
 20
4835508.210830042
  0
LWPOLYLINE
  5
26A
330
17
100
AcDbEntity
  8
ROADS
100
AcDbPolyline
 90
2
 70
0
 10
627097.0259989483
 20
4835538.501420227
 10
627050.8289598817
 20
4835523.632352023
  0
LWPOLYLINE
  5
26B
330
17
100
AcDbEntity
  8
ROADS
100
AcDbPolyline
 90
2
 70
0
 10
627144.7398635559
 20
4835552.666536969
 10
627097.0259989483
 20
4835538.501420227
  0
LWPOLYLINE
  5
26C
330
17
100
AcDbEntity
  8
ROADS
100
AcDbPolyline
 90
2
 70
0
 10
627050.8289598817
 20
4835523.632352023
 10
627036.8957174874
 20
4835567.740175894
  0
LWPOLYLINE
  5
26D
330
17
100
AcDbEntity
  8
ROADS
100
AcDbPolyline
 90
2
 70
0
 10
627019.5402155407
 20
4835562.288085389
 10
626937.4415412992
 20
4835535.938281153
  0
LWPOLYLINE
  5
26E
330
17
100
AcDbEntity
  8
ROADS
100
AcDbPolyline
 90
2
 70
0
 10
627194.8427080531
 20
4835563.688318122
 10
627144.7398635559
 20
4835552.666536969
  0
LWPOLYLINE
  5
26F
330
17
100
AcDbEntity
  8
ROADS
100
AcDbPolyline
 90
2
 70
0
 10
627036.8957174874
 20
4835567.740175894
 10
627019.5402155407
 20
4835562.288085389
  0
LWPOLYLINE
  5
270
330
17
100
AcDbEntity
  8
ROADS
100
AcDbPolyline
 90
2
 70
0
 10
627242.1318165517
 20
4835583.674958043
 10
627144.7398635559
 20
4835552.666536969
  0
LWPOLYLINE
  5
271
330
17
100
AcDbEntity
  8
ROADS
100
AcDbPolyline
 90
2
 70
0
 10
626907.1611793883
 20
4835474.234103397
 10
626923.6836678362
 20
4835409.044812923
  0
LWPOLYLINE
  5
272
330
17
100
AcDbEntity
  8
ROADS
100
AcDbPolyline
 90
2
 70
0
 10
626751.2423744103
 20
4835424.135382494
 10
626737.8632665167
 20
4835468.626211508
  0
LWPOLYLINE
  5
273
330
17
100
AcDbEntity
  8
ROADS
100
AcDbPolyline
 90
2
 70
0
 10
626737.8632665167
 20
4835468.626211508
 10
626635.2912708581
 20
4835437.804068716
  0
LWPOLYLINE
  5
274
330
17
100
AcDbEntity
  8
ROADS
100
AcDbPolyline
 90
2
 70
0
 10
626907.1611793883
 20
4835474.234103397
 10
626856.2448454722
 20
4835457.596629578
  0
LWPOLYLINE
  5
275
330
17
100
AcDbEntity
  8
ROADS
100
AcDbPolyline
 90
2
 70
0
 10
626747.3811371458
 20
4835473.9755985895
 10
626737.8632665167
 20
4835468.626211508
  0
LWPOLYLINE
  5
276
330
17
100
AcDbEntity
  8
ROADS
100
AcDbPolyline
 90
2
 70
0
 10
626856.2448454722
 20
4835457.596629578
 10
626842.669438791
 20
4835505.477128898
  0
LWPOLYLINE
  5
277
330
17
100
AcDbEntity
  8
ROADS
100
AcDbPolyline
 90
2
 70
0
 10
626954.7547717739
 20
4835490.597496992
 10
626907.1611793883
 20
4835474.234103397
  0
LWPOLYLINE
  5
278
330
17
100
AcDbEntity
  8
ROADS
100
AcDbPolyline
 90
2
 70
0
 10
626842.669438791
 20
4835505.477128898
 10
626747.3811371458
 20
4835473.9755985895
  0
LWPOLYLINE
  5
279
330
17
100
AcDbEntity
  8
ROADS
100
AcDbPolyline
 90
2
 70
0
 10
626747.3811371458
 20
4835473.9755985895
 10
626731.7213544793
 20
4835518.219180105
  0
LWPOLYLINE
  5
27A
330
17
100
AcDbEntity
  8
ROADS
100
AcDbPolyline
 90
2
 70
0
 10
626954.7547717739
 20
4835490.597496992
 10
626937.4415412992
 20
4835535.938281153
  0
LWPOLYLINE
  5
27B
330
17
100
AcDbEntity
  8
ROADS
100
AcDbPolyline
 90
2
 70
0
 10
626246.2839366132
 20
4835363.244259412
 10
626146.9422113913
 20
4835331.20851543
  0
LWPOLYLINE
  5
27C
330
17
100
AcDbEntity
  8
ROADS
100
AcDbPolyline
 90
2
 70
0
 10
626395.8942174666
 20
4835361.50675156
 10
626357.0867176843
 20
4835348.794450102
  0
LWPOLYLINE
  5
27D
330
17
100
AcDbEntity
  8
ROADS
100
AcDbPolyline
 90
2
 70
0
 10
626357.0867176843
 20
4835348.794450102
 10
626342.1593933969
 20
4835394.123291059
  0
LWPOLYLINE
  5
27E
330
17
100
AcDbEntity
  8
ROADS
100
AcDbPolyline
 90
2
 70
0
 10
626342.1593933969
 20
4835394.123291059
 10
626246.2839366132
 20
4835363.244259412
  0
LWPOLYLINE
  5
27F
330
17
100
AcDbEntity
  8
ROADS
100
AcDbPolyline
 90
2
 70
0
 10
626391.5294264177
 20
4835410.878784458
 10
626342.1593933969
 20
4835394.123291059
  0
LWPOLYLINE
  5
280
330
17
100
AcDbEntity
  8
ROADS
100
AcDbPolyline
 90
2
 70
0
 10
626342.1593933969
 20
4835394.123291059
 10
626331.8142306509
 20
4835426.569199281
  0
LWPOLYLINE
  5
281
330
17
100
AcDbEntity
  8
ROADS
100
AcDbPolyline
 90
4
 70
0
 10
626298.4741790874
 20
4835530.069615227
 10
626264.6600651825
 20
4835519.17867616
 10
626290.8824346935
 20
4835413.97749721
 10
626331.8142306509
 20
4835426.569199281
  0
LWPOLYLINE
  5
282
330
17
100
AcDbEntity
  8
ROADS
100
AcDbPolyline
 90
2
 70
0
 10
626331.8142306509
 20
4835426.569199281
 10
626298.4741790874
 20
4835530.069615227
  0
LWPOLYLINE
  5
283
330
17
100
AcDbEntity
  8
ROADS
100
AcDbPolyline
 90
2
 70
0
 10
626246.2839366132
 20
4835363.244259412
 10
626163.176570189
 20
4835610.919447431
  0
LWPOLYLINE
  5
284
330
17
100
AcDbEntity
  8
ROADS
100
AcDbPolyline
 90
2
 70
0
 10
626391.5294264177
 20
4835410.878784458
 10
626307.2285399305
 20
4835665.59990953
  0
LWPOLYLINE
  5
285
330
17
100
AcDbEntity
  8
ROADS
100
AcDbPolyline
 90
2
 70
0
 10
626541.1088165818
 20
4835457.540639151
 10
626537.0434986062
 20
4835470.875946172
  0
LWPOLYLINE
  5
286
330
17
100
AcDbEntity
  8
ROADS
100
AcDbPolyline
 90
2
 70
0
 10
626576.2390025959
 20
4835469.982465433
 10
626569.4999457939
 20
4835477.818107818
  0
LWPOLYLINE
  5
287
330
17
100
AcDbEntity
  8
ROADS
100
AcDbPolyline
 90
2
 70
0
 10
626569.4999457939
 20
4835477.818107818
 10
626537.0434986062
 20
4835470.875946172
  0
LWPOLYLINE
  5
288
330
17
100
AcDbEntity
  8
ROADS
100
AcDbPolyline
 90
2
 70
0
 10
626619.7398772691
 20
4835483.188665119
 10
626576.2390025959
 20
4835469.982465433
  0
LWPOLYLINE
  5
289
330
17
100
AcDbEntity
  8
ROADS
100
AcDbPolyline
 90
2
 70
0
 10
626569.4999457939
 20
4835477.818107818
 10
626571.6407753226
 20
4835489.008481507
  0
LWPOLYLINE
  5
28A
330
17
100
AcDbEntity
  8
ROADS
100
AcDbPolyline
 90
2
 70
0
 10
626619.7398772691
 20
4835483.188665119
 10
626616.9233146914
 20
4835494.771444505
  0
LWPOLYLINE
  5
28B
330
17
100
AcDbEntity
  8
ROADS
100
AcDbPolyline
 90
2
 70
0
 10
626537.0434986062
 20
4835470.875946172
 10
626518.7304982385
 20
4835526.850237517
  0
LWPOLYLINE
  5
28C
330
17
100
AcDbEntity
  8
ROADS
100
AcDbPolyline
 90
2
 70
0
 10
626616.9233146914
 20
4835494.771444505
 10
626661.9362781757
 20
4835510.716149669
  0
LWPOLYLINE
  5
28D
330
17
100
AcDbEntity
  8
ROADS
100
AcDbPolyline
 90
2
 70
0
 10
626661.9362781757
 20
4835510.716149669
 10
626689.8242830593
 20
4835519.631848226
  0
LWPOLYLINE
  5
28E
330
17
100
AcDbEntity
  8
ROADS
100
AcDbPolyline
 90
2
 70
0
 10
626616.9233146914
 20
4835494.771444505
 10
626614.5961435225
 20
4835557.335138718
  0
LWPOLYLINE
  5
28F
330
17
100
AcDbEntity
  8
ROADS
100
AcDbPolyline
 90
2
 70
0
 10
628023.9372791399
 20
4835449.116427911
 10
627984.1079923132
 20
4835576.438583441
  0
LWPOLYLINE
  5
290
330
17
100
AcDbEntity
  8
ROADS
100
AcDbPolyline
 90
2
 70
0
 10
628110.0663236387
 20
4835516.378297316
 10
628082.3367818393
 20
4835605.951283422
  0
LWPOLYLINE
  5
291
330
17
100
AcDbEntity
  8
ROADS
100
AcDbPolyline
 90
2
 70
0
 10
628082.3367818393
 20
4835605.951283422
 10
627984.1079923132
 20
4835576.438583441
  0
LWPOLYLINE
  5
292
330
17
100
AcDbEntity
  8
ROADS
100
AcDbPolyline
 90
2
 70
0
 10
628117.9099740502
 20
4835616.611500177
 10
628082.3367818393
 20
4835605.951283422
  0
LWPOLYLINE
  5
293
330
17
100
AcDbEntity
  8
ROADS
100
AcDbPolyline
 90
2
 70
0
 10
628082.3367818393
 20
4835605.951283422
 10
628042.0766308628
 20
4835733.426664058
  0
LWPOLYLINE
  5
294
330
17
100
AcDbEntity
  8
ROADS
100
AcDbPolyline
 90
2
 70
0
 10
628116.2447977711
 20
4835669.378356017
 10
628091.488872503
 20
4835749.520008431
  0
LWPOLYLINE
  5
295
330
17
100
AcDbEntity
  8
ROADS
100
AcDbPolyline
 90
2
 70
0
 10
628042.0766308628
 20
4835733.426664058
 10
627993.823307246
 20
4835719.112390268
  0
LWPOLYLINE
  5
296
330
17
100
AcDbEntity
  8
ROADS
100
AcDbPolyline
 90
2
 70
0
 10
628091.488872503
 20
4835749.520008431
 10
628042.0766308628
 20
4835733.426664058
  0
LWPOLYLINE
  5
297
330
17
100
AcDbEntity
  8
ROADS
100
AcDbPolyline
 90
2
 70
0
 10
628107.0660174842
 20
4835754.088342497
 10
628091.488872503
 20
4835749.520008431
  0
LWPOLYLINE
  5
298
330
17
100
AcDbEntity
  8
ROADS
100
AcDbPolyline
 90
2
 70
0
 10
628042.0766308628
 20
4835733.426664058
 10
627998.5527404033
 20
4835876.693025257
  0
LWPOLYLINE
  5
299
330
17
100
AcDbEntity
  8
ROADS
100
AcDbPolyline
 90
2
 70
0
 10
628070.3228003657
 20
4835898.2739846455
 10
627998.5527404033
 20
4835876.693025257
  0
LWPOLYLINE
  5
29A
330
17
100
AcDbEntity
  8
ROADS
100
AcDbPolyline
 90
3
 70
0
 10
627984.2679898492
 20
4835924.860866294
 10
628021.6717163832
 20
4835936.126820749
 10
628024.4346836729
 20
4835958.4292091355
  0
LWPOLYLINE
  5
29B
330
17
100
AcDbEntity
  8
ROADS
100
AcDbPolyline
 90
2
 70
0
 10
626937.4415412992
 20
4835535.938281153
 10
626842.669438791
 20
4835505.477128898
  0
LWPOLYLINE
  5
29C
330
17
100
AcDbEntity
  8
ROADS
100
AcDbPolyline
 90
2
 70
0
 10
626842.669438791
 20
4835505.477128898
 10
626830.5109370742
 20
4835544.848721961
  0
LWPOLYLINE
  5
29D
330
17
100
AcDbEntity
  8
ROADS
100
AcDbPolyline
 90
2
 70
0
 10
626731.7213544793
 20
4835518.219180105
 10
626796.9619837089
 20
4835539.920920729
  0
LWPOLYLINE
  5
29E
330
17
100
AcDbEntity
  8
ROADS
100
AcDbPolyline
 90
2
 70
0
 10
626731.7213544793
 20
4835518.219180105
 10
626710.4960695681
 20
4835588.635725951
  0
LWPOLYLINE
  5
29F
330
17
100
AcDbEntity
  8
ROADS
100
AcDbPolyline
 90
2
 70
0
 10
626937.4415412992
 20
4835535.938281153
 10
626923.7564861451
 20
4835578.3219710095
  0
LWPOLYLINE
  5
2A0
330
17
100
AcDbEntity
  8
ROADS
100
AcDbPolyline
 90
2
 70
0
 10
626830.5109370742
 20
4835544.848721961
 10
626821.0901661152
 20
4835574.0661883
  0
LWPOLYLINE
  5
2A1
330
17
100
AcDbEntity
  8
ROADS
100
AcDbPolyline
 90
2
 70
0
 10
626923.7564861451
 20
4835578.3219710095
 10
626830.5109370742
 20
4835544.848721961
  0
LWPOLYLINE
  5
2A2
330
17
100
AcDbEntity
  8
ROADS
100
AcDbPolyline
 90
2
 70
0
 10
626964.9554493489
 20
4835594.947292482
 10
626923.7564861451
 20
4835578.3219710095
  0
LWPOLYLINE
  5
2A3
330
17
100
AcDbEntity
  8
ROADS
100
AcDbPolyline
 90
2
 70
0
 10
626821.0901661152
 20
4835574.0661883
 10
626806.1763348818
 20
4835620.305381935
  0
LWPOLYLINE
  5
2A4
330
17
100
AcDbEntity
  8
ROADS
100
AcDbPolyline
 90
2
 70
0
 10
626806.1763348818
 20
4835620.305381935
 10
626710.4960695681
 20
4835588.635725951
  0
LWPOLYLINE
  5
2A5
330
17
100
AcDbEntity
  8
ROADS
100
AcDbPolyline
 90
2
 70
0
 10
627242.1318165517
 20
4835583.674958043
 10
627194.8427080531
 20
4835563.688318122
  0
LWPOLYLINE
  5
2A6
330
17
100
AcDbEntity
  8
ROADS
100
AcDbPolyline
 90
2
 70
0
 10
627144.7398635559
 20
4835552.666536969
 10
627129.6336016764
 20
4835598.098581016
  0
LWPOLYLINE
  5
2A7
330
17
100
AcDbEntity
  8
ROADS
100
AcDbPolyline
 90
2
 70
0
 10
627129.6336016764
 20
4835598.098581016
 10
627036.8957174874
 20
4835567.740175894
  0
LWPOLYLINE
  5
2A8
330
17
100
AcDbEntity
  8
ROADS
100
AcDbPolyline
 90
2
 70
0
 10
627019.5402155407
 20
4835562.288085389
 10
627005.1252280247
 20
4835607.486261368
  0
LWPOLYLINE
  5
2A9
330
17
100
AcDbEntity
  8
ROADS
100
AcDbPolyline
 90
2
 70
0
 10
627005.1252280247
 20
4835607.486261368
 10
626964.9554493489
 20
4835594.947292482
  0
LWPOLYLINE
  5
2AA
330
17
100
AcDbEntity
  8
ROADS
100
AcDbPolyline
 90
2
 70
0
 10
627225.0517217477
 20
4835629.173501161
 10
627129.6336016764
 20
4835598.098581016
  0
LWPOLYLINE
  5
2AB
330
17
100
AcDbEntity
  8
ROADS
100
AcDbPolyline
 90
2
 70
0
 10
627005.1252280247
 20
4835607.486261368
 10
626997.4753232548
 20
4835631.240420706
  0
LWPOLYLINE
  5
2AC
330
17
100
AcDbEntity
  8
ROADS
100
AcDbPolyline
 90
2
 70
0
 10
627129.6336016764
 20
4835598.098581016
 10
627114.4830892214
 20
4835641.137840172
  0
LWPOLYLINE
  5
2AD
330
17
100
AcDbEntity
  8
ROADS
100
AcDbPolyline
 90
3
 70
0
 10
627033.6846216334
 20
4835642.575721996
 10
627043.3448495659
 20
4835613.002546005
 10
627068.219311279
 20
4835619.920659932
  0
LWPOLYLINE
  5
2AE
330
17
100
AcDbEntity
  8
ROADS
100
AcDbPolyline
 90
2
 70
0
 10
627033.6846216334
 20
4835642.575721996
 10
626997.4753232548
 20
4835631.240420706
  0
LWPOLYLINE
  5
2AF
330
17
100
AcDbEntity
  8
ROADS
100
AcDbPolyline
 90
2
 70
0
 10
626661.9362781757
 20
4835510.716149669
 10
626643.263774264
 20
4835566.909973938
  0
LWPOLYLINE
  5
2B0
330
17
100
AcDbEntity
  8
ROADS
100
AcDbPolyline
 90
2
 70
0
 10
626614.5961435225
 20
4835557.335138718
 10
626518.7304982385
 20
4835526.850237517
  0
LWPOLYLINE
  5
2B1
330
17
100
AcDbEntity
  8
ROADS
100
AcDbPolyline
 90
2
 70
0
 10
626643.263774264
 20
4835566.909973938
 10
626614.5961435225
 20
4835557.335138718
  0
LWPOLYLINE
  5
2B2
330
17
100
AcDbEntity
  8
ROADS
100
AcDbPolyline
 90
2
 70
0
 10
626486.3514761614
 20
4835455.71863382
 10
626410.484304604
 20
4835691.45215933
  0
LWPOLYLINE
  5
2B3
330
17
100
AcDbEntity
  8
ROADS
100
AcDbPolyline
 90
2
 70
0
 10
626710.4960695681
 20
4835588.635725951
 10
626643.263774264
 20
4835566.909973938
  0
LWPOLYLINE
  5
2B4
330
17
100
AcDbEntity
  8
ROADS
100
AcDbPolyline
 90
2
 70
0
 10
626435.4759195896
 20
4835445.071276968
 10
626346.1890673996
 20
4835723.667705959
  0
LWPOLYLINE
  5
2B5
330
17
100
AcDbEntity
  8
ROADS
100
AcDbPolyline
 90
2
 70
0
 10
626614.5961435225
 20
4835557.335138718
 10
626592.9719278653
 20
4835625.257295581
  0
LWPOLYLINE
  5
2B6
330
17
100
AcDbEntity
  8
ROADS
100
AcDbPolyline
 90
2
 70
0
 10
626648.0560169052
 20
4835623.7210334875
 10
626639.2452330708
 20
4835639.499699663
  0
LWPOLYLINE
  5
2B7
330
17
100
AcDbEntity
  8
ROADS
100
AcDbPolyline
 90
2
 70
0
 10
626592.9719278653
 20
4835625.257295581
 10
626639.2452330708
 20
4835639.499699663
  0
LWPOLYLINE
  5
2B8
330
17
100
AcDbEntity
  8
ROADS
100
AcDbPolyline
 90
2
 70
0
 10
626518.7304982385
 20
4835526.850237517
 10
626445.2889590368
 20
4835755.418195492
  0
LWPOLYLINE
  5
2B9
330
17
100
AcDbEntity
  8
ROADS
100
AcDbPolyline
 90
3
 70
0
 10
626821.0901661152
 20
4835574.0661883
 10
626866.323646883
 20
4835588.573812375
 10
626852.7727316043
 20
4835634.9326582765
  0
LWPOLYLINE
  5
2BA
330
17
100
AcDbEntity
  8
ROADS
100
AcDbPolyline
 90
2
 70
0
 10
626923.7564861451
 20
4835578.3219710095
 10
626900.7493775316
 20
4835649.329877254
  0
LWPOLYLINE
  5
2BB
330
17
100
AcDbEntity
  8
ROADS
100
AcDbPolyline
 90
2
 70
0
 10
626852.7727316043
 20
4835634.9326582765
 10
626806.1763348818
 20
4835620.305381935
  0
LWPOLYLINE
  5
2BC
330
17
100
AcDbEntity
  8
ROADS
100
AcDbPolyline
 90
2
 70
0
 10
626710.4960695681
 20
4835588.635725951
 10
626681.1581483847
 20
4835678.087748458
  0
LWPOLYLINE
  5
2BD
330
17
100
AcDbEntity
  8
ROADS
100
AcDbPolyline
 90
2
 70
0
 10
626964.9554493489
 20
4835594.947292482
 10
626935.6834383225
 20
4835686.062675844
  0
LWPOLYLINE
  5
2BE
330
17
100
AcDbEntity
  8
ROADS
100
AcDbPolyline
 90
2
 70
0
 10
626900.7493775316
 20
4835649.329877254
 10
626852.7727316043
 20
4835634.9326582765
  0
LWPOLYLINE
  5
2BF
330
17
100
AcDbEntity
  8
ROADS
100
AcDbPolyline
 90
2
 70
0
 10
626806.1763348818
 20
4835620.305381935
 10
626773.600841135
 20
4835719.67849842
  0
LWPOLYLINE
  5
2C0
330
17
100
AcDbEntity
  8
ROADS
100
AcDbPolyline
 90
2
 70
0
 10
626728.1045608502
 20
4835706.266175623
 10
626748.9202861569
 20
4835640.250495507
  0
LWPOLYLINE
  5
2C1
330
17
100
AcDbEntity
  8
ROADS
100
AcDbPolyline
 90
2
 70
0
 10
626900.7493775316
 20
4835649.329877254
 10
626863.2527130685
 20
4835765.842094932
  0
LWPOLYLINE
  5
2C2
330
17
100
AcDbEntity
  8
ROADS
100
AcDbPolyline
 90
2
 70
0
 10
626773.600841135
 20
4835719.67849842
 10
626728.1045608502
 20
4835706.266175623
  0
LWPOLYLINE
  5
2C3
330
17
100
AcDbEntity
  8
ROADS
100
AcDbPolyline
 90
2
 70
0
 10
627208.4135946953
 20
4835678.4087613
 10
627161.8311047815
 20
4835659.635459425
  0
LWPOLYLINE
  5
2C4
330
17
100
AcDbEntity
  8
ROADS
100
AcDbPolyline
 90
2
 70
0
 10
627208.4135946953
 20
4835678.4087613
 10
627214.3340881281
 20
4835689.796500617
  0
LWPOLYLINE
  5
2C5
330
17
100
AcDbEntity
  8
ROADS
100
AcDbPolyline
 90
2
 70
0
 10
627044.7858964019
 20
4835646.359647849
 10
627014.0081949888
 20
4835742.651145512
  0
LWPOLYLINE
  5
2C6
330
17
100
AcDbEntity
  8
ROADS
100
AcDbPolyline
 90
2
 70
0
 10
627214.3340881281
 20
4835689.796500617
 10
627204.0210509282
 20
4835722.675092486
  0
LWPOLYLINE
  5
2C7
330
17
100
AcDbEntity
  8
ROADS
100
AcDbPolyline
 90
2
 70
0
 10
626997.4753232548
 20
4835631.240420706
 10
626949.4531663352
 20
4835793.654195045
  0
LWPOLYLINE
  5
2C8
330
17
100
AcDbEntity
  8
ROADS
100
AcDbPolyline
 90
2
 70
0
 10
627106.4923615528
 20
4835665.959410805
 10
627075.933219305
 20
4835761.998860313
  0
LWPOLYLINE
  5
2C9
330
17
100
AcDbEntity
  8
ROADS
100
AcDbPolyline
 90
2
 70
0
 10
627208.4135946953
 20
4835678.4087613
 10
627171.4424757083
 20
4835787.810144646
  0
LWPOLYLINE
  5
2CA
330
17
100
AcDbEntity
  8
ROADS
100
AcDbPolyline
 90
2
 70
0
 10
627075.933219305
 20
4835761.998860313
 10
627014.0081949888
 20
4835742.651145512
  0
LWPOLYLINE
  5
2CB
330
17
100
AcDbEntity
  8
ROADS
100
AcDbPolyline
 90
2
 70
0
 10
627204.0210509282
 20
4835722.675092486
 10
627182.4011754252
 20
4835790.18741216
  0
LWPOLYLINE
  5
2CC
330
17
100
AcDbEntity
  8
ROADS
100
AcDbPolyline
 90
2
 70
0
 10
627014.0081949888
 20
4835742.651145512
 10
626991.9861463872
 20
4835807.683002669
  0
LWPOLYLINE
  5
2CD
330
17
100
AcDbEntity
  8
ROADS
100
AcDbPolyline
 90
2
 70
0
 10
626639.2452330708
 20
4835639.499699663
 10
626632.4544605225
 20
4835662.475317206
  0
LWPOLYLINE
  5
2CE
330
17
100
AcDbEntity
  8
ROADS
100
AcDbPolyline
 90
2
 70
0
 10
626681.1581483847
 20
4835678.087748458
 10
626632.4544605225
 20
4835662.475317206
  0
LWPOLYLINE
  5
2CF
330
17
100
AcDbEntity
  8
ROADS
100
AcDbPolyline
 90
2
 70
0
 10
626632.4544605225
 20
4835662.475317206
 10
626618.7608478218
 20
4835705.55335061
  0
LWPOLYLINE
  5
2D0
330
17
100
AcDbEntity
  8
ROADS
100
AcDbPolyline
 90
2
 70
0
 10
626592.9719278653
 20
4835625.257295581
 10
626541.0330668719
 20
4835786.427990167
  0
LWPOLYLINE
  5
2D1
330
17
100
AcDbEntity
  8
ROADS
100
AcDbPolyline
 90
2
 70
0
 10
626445.2889590368
 20
4835755.418195492
 10
626346.1890673996
 20
4835723.667705959
  0
LWPOLYLINE
  5
2D2
330
17
100
AcDbEntity
  8
ROADS
100
AcDbPolyline
 90
2
 70
0
 10
626681.1581483847
 20
4835678.087748458
 10
626636.9753881926
 20
4835817.317378332
  0
LWPOLYLINE
  5
2D3
330
17
100
AcDbEntity
  8
ROADS
100
AcDbPolyline
 90
2
 70
0
 10
626490.7114493233
 20
4835770.199262184
 10
626445.2889590368
 20
4835755.418195492
  0
LWPOLYLINE
  5
2D4
330
17
100
AcDbEntity
  8
ROADS
100
AcDbPolyline
 90
2
 70
0
 10
626541.0330668719
 20
4835786.427990167
 10
626490.7114493233
 20
4835770.199262184
  0
LWPOLYLINE
  5
2D5
330
17
100
AcDbEntity
  8
ROADS
100
AcDbPolyline
 90
2
 70
0
 10
626586.9984170357
 20
4835801.32988663
 10
626541.0330668719
 20
4835786.427990167
  0
LWPOLYLINE
  5
2D6
330
17
100
AcDbEntity
  8
ROADS
100
AcDbPolyline
 90
2
 70
0
 10
626445.2889590368
 20
4835755.418195492
 10
626415.4328477136
 20
4835847.200903753
  0
LWPOLYLINE
  5
2D7
330
17
100
AcDbEntity
  8
ROADS
100
AcDbPolyline
 90
2
 70
0
 10
627171.4424757083
 20
4835787.810144646
 10
627182.4011754252
 20
4835790.18741216
  0
LWPOLYLINE
  5
2D8
330
17
100
AcDbEntity
  8
ROADS
100
AcDbPolyline
 90
2
 70
0
 10
627161.8311047815
 20
4835659.635459425
 10
627074.6268974303
 20
4835929.001524363
  0
LWPOLYLINE
  5
2D9
330
17
100
AcDbEntity
  8
ROADS
100
AcDbPolyline
 90
2
 70
0
 10
627075.933219305
 20
4835761.998860313
 10
627055.2909370922
 20
4835827.988231925
  0
LWPOLYLINE
  5
2DA
330
17
100
AcDbEntity
  8
ROADS
100
AcDbPolyline
 90
2
 70
0
 10
626991.9861463872
 20
4835807.683002669
 10
626960.2476602023
 20
4835797.756598256
  0
LWPOLYLINE
  5
2DB
330
17
100
AcDbEntity
  8
ROADS
100
AcDbPolyline
 90
2
 70
0
 10
627055.2909370922
 20
4835827.988231925
 10
626991.9861463872
 20
4835807.683002669
  0
LWPOLYLINE
  5
2DC
330
17
100
AcDbEntity
  8
ROADS
100
AcDbPolyline
 90
2
 70
0
 10
627171.4424757083
 20
4835787.810144646
 10
627135.7503081233
 20
4835899.152746666
  0
LWPOLYLINE
  5
2DD
330
17
100
AcDbEntity
  8
ROADS
100
AcDbPolyline
 90
2
 70
0
 10
627055.2909370922
 20
4835827.988231925
 10
627026.0476712054
 20
4835914.412352253
  0
LWPOLYLINE
  5
2DE
330
17
100
AcDbEntity
  8
ROADS
100
AcDbPolyline
 90
2
 70
0
 10
627135.7503081233
 20
4835899.152746666
 10
627123.6713040692
 20
4835942.587048773
  0
LWPOLYLINE
  5
2DF
330
17
100
AcDbEntity
  8
ROADS
100
AcDbPolyline
 90
2
 70
0
 10
627074.6268974303
 20
4835929.001524363
 10
627026.0476712054
 20
4835914.412352253
  0
LWPOLYLINE
  5
2E0
330
17
100
AcDbEntity
  8
ROADS
100
AcDbPolyline
 90
2
 70
0
 10
627135.7503081233
 20
4835899.152746666
 10
627173.3437405783
 20
4835958.773092256
  0
LWPOLYLINE
  5
2E1
330
17
100
AcDbEntity
  8
ROADS
100
AcDbPolyline
 90
2
 70
0
 10
626902.793472611
 20
4835779.042749236
 10
626918.0071692392
 20
4835732.370943644
  0
LWPOLYLINE
  5
2E2
330
17
100
AcDbEntity
  8
ROADS
100
AcDbPolyline
 90
2
 70
0
 10
626902.793472611
 20
4835779.042749236
 10
626863.2527130685
 20
4835765.842094932
  0
LWPOLYLINE
  5
2E3
330
17
100
AcDbEntity
  8
ROADS
100
AcDbPolyline
 90
2
 70
0
 10
626949.4531663352
 20
4835793.654195045
 10
626902.793472611
 20
4835779.042749236
  0
LWPOLYLINE
  5
2E4
330
17
100
AcDbEntity
  8
ROADS
100
AcDbPolyline
 90
2
 70
0
 10
626960.2476602023
 20
4835797.756598256
 10
626949.4531663352
 20
4835793.654195045
  0
LWPOLYLINE
  5
2E5
330
17
100
AcDbEntity
  8
ROADS
100
AcDbPolyline
 90
2
 70
0
 10
626902.793472611
 20
4835779.042749236
 10
626878.1477303558
 20
4835855.5538486615
  0
LWPOLYLINE
  5
2E6
330
17
100
AcDbEntity
  8
ROADS
100
AcDbPolyline
 90
2
 70
0
 10
626650.0295082298
 20
4835937.2716160165
 10
626728.1045608502
 20
4835706.266175623
  0
LWPOLYLINE
  5
2E7
330
17
100
AcDbEntity
  8
ROADS
100
AcDbPolyline
 90
2
 70
0
 10
626773.600841135
 20
4835719.67849842
 10
626697.4503529859
 20
4835952.483370911
  0
LWPOLYLINE
  5
2E8
330
17
100
AcDbEntity
  8
ROADS
100
AcDbPolyline
 90
2
 70
0
 10
626960.2476602023
 20
4835797.756598256
 10
626930.2431727828
 20
4835891.381874501
  0
LWPOLYLINE
  5
2E9
330
17
100
AcDbEntity
  8
ROADS
100
AcDbPolyline
 90
2
 70
0
 10
626863.2527130685
 20
4835765.842094932
 10
626799.325333352
 20
4835963.556375632
  0
LWPOLYLINE
  5
2EA
330
17
100
AcDbEntity
  8
ROADS
100
AcDbPolyline
 90
2
 70
0
 10
626852.7727316043
 20
4835634.9326582765
 10
626676.5507071008
 20
4836180.937814763
  0
LWPOLYLINE
  5
2EB
330
17
100
AcDbEntity
  8
ROADS
100
AcDbPolyline
 90
2
 70
0
 10
626636.9753881926
 20
4835817.317378332
 10
626586.9984170357
 20
4835801.32988663
  0
LWPOLYLINE
  5
2EC
330
17
100
AcDbEntity
  8
ROADS
100
AcDbPolyline
 90
2
 70
0
 10
626415.4328477136
 20
4835847.200903753
 10
626396.6127331225
 20
4835856.161187647
  0
LWPOLYLINE
  5
2ED
330
17
100
AcDbEntity
  8
ROADS
100
AcDbPolyline
 90
2
 70
0
 10
626541.0330668719
 20
4835786.427990167
 10
626481.6265760525
 20
4835966.023728172
  0
LWPOLYLINE
  5
2EE
330
17
100
AcDbEntity
  8
ROADS
100
AcDbPolyline
 90
2
 70
0
 10
626415.4328477136
 20
4835847.200903753
 10
626390.0980462013
 20
4835925.0415083235
  0
LWPOLYLINE
  5
2EF
330
17
100
AcDbEntity
  8
ROADS
100
AcDbPolyline
 90
3
 70
0
 10
626586.9984170357
 20
4835801.32988663
 10
626530.3556035578
 20
4835981.283634026
 10
626481.6265760525
 20
4835966.023728172
  0
LWPOLYLINE
  5
2F0
330
17
100
AcDbEntity
  8
ROADS
100
AcDbPolyline
 90
3
 70
0
 10
626490.7114493233
 20
4835770.199262184
 10
626404.542342089
 20
4836039.401463469
 10
626417.547960021
 20
4836047.76209843
  0
LWPOLYLINE
  5
2F1
330
17
100
AcDbEntity
  8
ROADS
100
AcDbPolyline
 90
2
 70
0
 10
626697.4503529859
 20
4835952.483370911
 10
626650.0295082298
 20
4835937.2716160165
  0
LWPOLYLINE
  5
2F2
330
17
100
AcDbEntity
  8
ROADS
100
AcDbPolyline
 90
2
 70
0
 10
626636.9753881926
 20
4835817.317378332
 10
626549.1363712928
 20
4836088.938639613
  0
LWPOLYLINE
  5
2F3
330
17
100
AcDbEntity
  8
ROADS
100
AcDbPolyline
 90
2
 70
0
 10
626596.483247333
 20
4836104.2025775025
 10
626650.0295082298
 20
4835937.2716160165
  0
LWPOLYLINE
  5
2F4
330
17
100
AcDbEntity
  8
ROADS
100
AcDbPolyline
 90
2
 70
0
 10
626481.6265760525
 20
4835966.023728172
 10
626438.9239104134
 20
4836104.030925976
  0
LWPOLYLINE
  5
2F5
330
17
100
AcDbEntity
  8
ROADS
100
AcDbPolyline
 90
4
 70
0
 10
627224.1396469425
 20
4835975.490485006
 10
627194.7830825709
 20
4835951.139228555
 10
627214.2928790402
 20
4835951.327963895
 10
627231.7614302175
 20
4835892.118110353
  0
LWPOLYLINE
  5
2F6
330
17
100
AcDbEntity
  8
ROADS
100
AcDbPolyline
 90
2
 70
0
 10
627123.6713040692
 20
4835942.587048773
 10
627074.6268974303
 20
4835929.001524363
  0
LWPOLYLINE
  5
2F7
330
17
100
AcDbEntity
  8
ROADS
100
AcDbPolyline
 90
2
 70
0
 10
627173.3437405783
 20
4835958.773092256
 10
627123.6713040692
 20
4835942.587048773
  0
LWPOLYLINE
  5
2F8
330
17
100
AcDbEntity
  8
ROADS
100
AcDbPolyline
 90
2
 70
0
 10
627074.6268974303
 20
4835929.001524363
 10
627057.4698123899
 20
4835981.770583184
  0
LWPOLYLINE
  5
2F9
330
17
100
AcDbEntity
  8
ROADS
100
AcDbPolyline
 90
2
 70
0
 10
627224.1396469425
 20
4835975.490485006
 10
627173.3437405783
 20
4835958.773092256
  0
LWPOLYLINE
  5
2FA
330
17
100
AcDbEntity
  8
ROADS
100
AcDbPolyline
 90
2
 70
0
 10
627026.0476712054
 20
4835914.412352253
 10
626991.3952288409
 20
4836024.61062068
  0
LWPOLYLINE
  5
2FB
330
17
100
AcDbEntity
  8
ROADS
100
AcDbPolyline
 90
2
 70
0
 10
627224.1396469425
 20
4835975.490485006
 10
627205.5395390901
 20
4836034.532864689
  0
LWPOLYLINE
  5
2FC
330
17
100
AcDbEntity
  8
ROADS
100
AcDbPolyline
 90
2
 70
0
 10
627205.5395390901
 20
4836034.532864689
 10
627057.4698123899
 20
4835981.770583184
  0
LWPOLYLINE
  5
2FD
330
17
100
AcDbEntity
  8
ROADS
100
AcDbPolyline
 90
2
 70
0
 10
627057.4698123899
 20
4835981.770583184
 10
627040.4915583823
 20
4836038.089088122
  0
LWPOLYLINE
  5
2FE
330
17
100
AcDbEntity
  8
ROADS
100
AcDbPolyline
 90
2
 70
0
 10
626991.3952288409
 20
4836024.61062068
 10
626953.4212985873
 20
4836013.692401213
  0
LWPOLYLINE
  5
2FF
330
17
100
AcDbEntity
  8
ROADS
100
AcDbPolyline
 90
3
 70
0
 10
627095.9072023978
 20
4835643.728877647
 10
627069.0989362298
 20
4835630.454210243
 10
627044.7858964019
 20
4835646.359647849
  0
LWPOLYLINE
  5
300
330
17
100
AcDbEntity
  8
ROADS
100
AcDbPolyline
 90
2
 70
0
 10
627114.4830892214
 20
4835641.137840172
 10
627095.9072023978
 20
4835643.728877647
  0
LWPOLYLINE
  5
301
330
17
100
AcDbEntity
  8
ROADS
100
AcDbPolyline
 90
2
 70
0
 10
627044.7858964019
 20
4835646.359647849
 10
627033.6846216334
 20
4835642.575721996
  0
LWPOLYLINE
  5
302
330
17
100
AcDbEntity
  8
ROADS
100
AcDbPolyline
 90
2
 70
0
 10
627095.9072023978
 20
4835643.728877647
 10
627076.7360247327
 20
4835656.417874519
  0
LWPOLYLINE
  5
303
330
17
100
AcDbEntity
  8
ROADS
100
AcDbPolyline
 90
2
 70
0
 10
627161.8311047815
 20
4835659.635459425
 10
627114.4830892214
 20
4835641.137840172
  0
LWPOLYLINE
  5
304
330
17
100
AcDbEntity
  8
ROADS
100
AcDbPolyline
 90
2
 70
0
 10
627076.7360247327
 20
4835656.417874519
 10
627044.7858964019
 20
4835646.359647849
  0
LWPOLYLINE
  5
305
330
17
100
AcDbEntity
  8
ROADS
100
AcDbPolyline
 90
2
 70
0
 10
627114.4830892214
 20
4835641.137840172
 10
627106.4923615528
 20
4835665.959410805
  0
LWPOLYLINE
  5
306
330
17
100
AcDbEntity
  8
ROADS
100
AcDbPolyline
 90
2
 70
0
 10
627225.0517217477
 20
4835629.173501161
 10
627208.4135946953
 20
4835678.4087613
  0
LWPOLYLINE
  5
307
330
17
100
AcDbEntity
  8
ROADS
100
AcDbPolyline
 90
2
 70
0
 10
627095.9072023978
 20
4835643.728877647
 10
627106.4923615528
 20
4835665.959410805
  0
LWPOLYLINE
  5
308
330
17
100
AcDbEntity
  8
ROADS
100
AcDbPolyline
 90
2
 70
0
 10
627106.4923615528
 20
4835665.959410805
 10
627076.7360247327
 20
4835656.417874519
  0
LWPOLYLINE
  5
309
330
17
100
AcDbEntity
  8
ROADS
100
AcDbPolyline
 90
2
 70
0
 10
627319.9397669721
 20
4835669.102407045
 10
627316.8513665872
 20
4835658.382905991
  0
LWPOLYLINE
  5
30A
330
17
100
AcDbEntity
  8
ROADS
100
AcDbPolyline
 90
2
 70
0
 10
627370.2385428534
 20
4835675.594136907
 10
627316.8513665872
 20
4835658.382905991
  0
LWPOLYLINE
  5
30B
330
17
100
AcDbEntity
  8
ROADS
100
AcDbPolyline
 90
2
 70
0
 10
627272.8407768682
 20
4835681.772716921
 10
627319.9397669721
 20
4835669.102407045
  0
LWPOLYLINE
  5
30C
330
17
100
AcDbEntity
  8
ROADS
100
AcDbPolyline
 90
2
 70
0
 10
627208.4135946953
 20
4835678.4087613
 10
627238.4756128658
 20
4835690.91968024
  0
LWPOLYLINE
  5
30D
330
17
100
AcDbEntity
  8
ROADS
100
AcDbPolyline
 90
2
 70
0
 10
627238.4756128658
 20
4835690.91968024
 10
627272.8407768682
 20
4835681.772716921
  0
LWPOLYLINE
  5
30E
330
17
100
AcDbEntity
  8
ROADS
100
AcDbPolyline
 90
2
 70
0
 10
627214.3340881281
 20
4835689.796500617
 10
627238.4756128658
 20
4835690.91968024
  0
LWPOLYLINE
  5
30F
330
17
100
AcDbEntity
  8
ROADS
100
AcDbPolyline
 90
2
 70
0
 10
627479.4216013309
 20
4835710.872214439
 10
627370.2385428534
 20
4835675.594136907
  0
LWPOLYLINE
  5
310
330
17
100
AcDbEntity
  8
ROADS
100
AcDbPolyline
 90
2
 70
0
 10
627319.9397669721
 20
4835669.102407045
 10
627331.5368538122
 20
4835723.207186226
  0
LWPOLYLINE
  5
311
330
17
100
AcDbEntity
  8
ROADS
100
AcDbPolyline
 90
2
 70
0
 10
627272.8407768682
 20
4835681.772716921
 10
627285.4615552942
 20
4835710.7576840045
  0
LWPOLYLINE
  5
312
330
17
100
AcDbEntity
  8
ROADS
100
AcDbPolyline
 90
2
 70
0
 10
627285.4615552942
 20
4835710.7576840045
 10
627238.4756128658
 20
4835690.91968024
  0
LWPOLYLINE
  5
313
330
17
100
AcDbEntity
  8
ROADS
100
AcDbPolyline
 90
2
 70
0
 10
627652.2050442508
 20
4835619.8491340745
 10
627633.8275181954
 20
4835687.187156356
  0
LWPOLYLINE
  5
314
330
17
100
AcDbEntity
  8
ROADS
100
AcDbPolyline
 90
2
 70
0
 10
627590.3089837756
 20
4835673.844564648
 10
627543.9125634795
 20
4835659.600891929
  0
LWPOLYLINE
  5
315
330
17
100
AcDbEntity
  8
ROADS
100
AcDbPolyline
 90
3
 70
0
 10
627496.3500577307
 20
4835670.415715911
 10
627536.9246219302
 20
4835682.9160281
 10
627543.9125634795
 20
4835659.600891929
  0
LWPOLYLINE
  5
316
330
17
100
AcDbEntity
  8
ROADS
100
AcDbPolyline
 90
2
 70
0
 10
627633.8275181954
 20
4835687.187156356
 10
627590.3089837756
 20
4835673.844564648
  0
LWPOLYLINE
  5
317
330
17
100
AcDbEntity
  8
ROADS
100
AcDbPolyline
 90
2
 70
0
 10
627590.3089837756
 20
4835673.844564648
 10
627583.7447636263
 20
4835695.01922904
  0
LWPOLYLINE
  5
318
330
17
100
AcDbEntity
  8
ROADS
100
AcDbPolyline
 90
2
 70
0
 10
627496.3500577307
 20
4835670.415715911
 10
627479.4216013309
 20
4835710.872214439
  0
LWPOLYLINE
  5
319
330
17
100
AcDbEntity
  8
ROADS
100
AcDbPolyline
 90
2
 70
0
 10
627583.7447636263
 20
4835695.01922904
 10
627570.4937936962
 20
4835690.933413477
  0
LWPOLYLINE
  5
31A
330
17
100
AcDbEntity
  8
ROADS
100
AcDbPolyline
 90
2
 70
0
 10
627633.8275181954
 20
4835687.187156356
 10
627627.0415687683
 20
4835709.562890622
  0
LWPOLYLINE
  5
31B
330
17
100
AcDbEntity
  8
ROADS
100
AcDbPolyline
 90
2
 70
0
 10
627627.0415687683
 20
4835709.562890622
 10
627583.7447636263
 20
4835695.01922904
  0
LWPOLYLINE
  5
31C
330
17
100
AcDbEntity
  8
ROADS
100
AcDbPolyline
 90
2
 70
0
 10
627747.2104862974
 20
4835644.994268838
 10
627709.4396329392
 20
4835783.820907488
  0
LWPOLYLINE
  5
31D
330
17
100
AcDbEntity
  8
ROADS
100
AcDbPolyline
 90
2
 70
0
 10
627796.3972279086
 20
4835659.729423545
 10
627747.2104862974
 20
4835644.994268838
  0
LWPOLYLINE
  5
31E
330
17
100
AcDbEntity
  8
ROADS
100
AcDbPolyline
 90
2
 70
0
 10
627845.5114222219
 20
4835674.55027639
 10
627796.3972279086
 20
4835659.729423545
  0
LWPOLYLINE
  5
31F
330
17
100
AcDbEntity
  8
ROADS
100
AcDbPolyline
 90
2
 70
0
 10
627891.3695087864
 20
4835688.536214511
 10
627845.5114222219
 20
4835674.55027639
  0
LWPOLYLINE
  5
320
330
17
100
AcDbEntity
  8
ROADS
100
AcDbPolyline
 90
2
 70
0
 10
627943.8362639112
 20
4835704.057729871
 10
627891.3695087864
 20
4835688.536214511
  0
LWPOLYLINE
  5
321
330
17
100
AcDbEntity
  8
ROADS
100
AcDbPolyline
 90
2
 70
0
 10
627796.3972279086
 20
4835659.729423545
 10
627759.4078154452
 20
4835748.235341817
  0
LWPOLYLINE
  5
322
330
17
100
AcDbEntity
  8
ROADS
100
AcDbPolyline
 90
2
 70
0
 10
627993.823307246
 20
4835719.112390268
 10
627943.8362639112
 20
4835704.057729871
  0
LWPOLYLINE
  5
323
330
17
100
AcDbEntity
  8
ROADS
100
AcDbPolyline
 90
2
 70
0
 10
627845.5114222219
 20
4835674.55027639
 10
627816.8957091202
 20
4835766.08878525
  0
LWPOLYLINE
  5
324
330
17
100
AcDbEntity
  8
ROADS
100
AcDbPolyline
 90
3
 70
0
 10
627891.3695087864
 20
4835688.536214511
 10
627864.3631371242
 20
4835780.724871256
 10
627816.8957091202
 20
4835766.08878525
  0
LWPOLYLINE
  5
325
330
17
100
AcDbEntity
  8
ROADS
100
AcDbPolyline
 90
2
 70
0
 10
627993.823307246
 20
4835719.112390268
 10
627966.1296826608
 20
4835809.873556534
  0
LWPOLYLINE
  5
326
330
17
100
AcDbEntity
  8
ROADS
100
AcDbPolyline
 90
2
 70
0
 10
627943.8362639112
 20
4835704.057729871
 10
627899.4814256955
 20
4835845.604919828
  0
LWPOLYLINE
  5
327
330
17
100
AcDbEntity
  8
ROADS
100
AcDbPolyline
 90
2
 70
0
 10
627370.2385428534
 20
4835675.594136907
 10
627354.7178234797
 20
4835732.056068319
  0
LWPOLYLINE
  5
328
330
17
100
AcDbEntity
  8
ROADS
100
AcDbPolyline
 90
2
 70
0
 10
627238.4756128658
 20
4835690.91968024
 10
627204.0210509282
 20
4835722.675092486
  0
LWPOLYLINE
  5
329
330
17
100
AcDbEntity
  8
ROADS
100
AcDbPolyline
 90
2
 70
0
 10
627285.4615552942
 20
4835710.7576840045
 10
627331.5368538122
 20
4835723.207186226
  0
LWPOLYLINE
  5
32A
330
17
100
AcDbEntity
  8
ROADS
100
AcDbPolyline
 90
2
 70
0
 10
627331.5368538122
 20
4835723.207186226
 10
627354.7178234797
 20
4835732.056068319
  0
LWPOLYLINE
  5
32B
330
17
100
AcDbEntity
  8
ROADS
100
AcDbPolyline
 90
2
 70
0
 10
627479.4216013309
 20
4835710.872214439
 10
627423.4653554751
 20
4835756.270446421
  0
LWPOLYLINE
  5
32C
330
17
100
AcDbEntity
  8
ROADS
100
AcDbPolyline
 90
3
 70
0
 10
627285.4615552942
 20
4835710.7576840045
 10
627316.7597260708
 20
4835735.360042882
 10
627301.4177019722
 20
4835762.96539749
  0
LWPOLYLINE
  5
32D
330
17
100
AcDbEntity
  8
ROADS
100
AcDbPolyline
 90
2
 70
0
 10
627479.4216013309
 20
4835710.872214439
 10
627480.2656162962
 20
4835763.477774638
  0
LWPOLYLINE
  5
32E
330
17
100
AcDbEntity
  8
ROADS
100
AcDbPolyline
 90
2
 70
0
 10
627354.7178234797
 20
4835732.056068319
 10
627423.4653554751
 20
4835756.270446421
  0
LWPOLYLINE
  5
32F
330
17
100
AcDbEntity
  8
ROADS
100
AcDbPolyline
 90
2
 70
0
 10
627242.8115160274
 20
4835742.916626992
 10
627301.4177019722
 20
4835762.96539749
  0
LWPOLYLINE
  5
330
330
17
100
AcDbEntity
  8
ROADS
100
AcDbPolyline
 90
2
 70
0
 10
627331.5368538122
 20
4835723.207186226
 10
627375.765127586
 20
4835823.766302726
  0
LWPOLYLINE
  5
331
330
17
100
AcDbEntity
  8
ROADS
100
AcDbPolyline
 90
2
 70
0
 10
627517.1634328114
 20
4835723.458324433
 10
627479.4216013309
 20
4835710.872214439
  0
LWPOLYLINE
  5
332
330
17
100
AcDbEntity
  8
ROADS
100
AcDbPolyline
 90
2
 70
0
 10
627627.0415687683
 20
4835709.562890622
 10
627613.2077442792
 20
4835753.866592959
  0
LWPOLYLINE
  5
333
330
17
100
AcDbEntity
  8
ROADS
100
AcDbPolyline
 90
2
 70
0
 10
627613.2077442792
 20
4835753.866592959
 10
627517.1634328114
 20
4835723.458324433
  0
LWPOLYLINE
  5
334
330
17
100
AcDbEntity
  8
ROADS
100
AcDbPolyline
 90
2
 70
0
 10
627517.1634328114
 20
4835723.458324433
 10
627503.3016223406
 20
4835765.659373589
  0
LWPOLYLINE
  5
335
330
17
100
AcDbEntity
  8
ROADS
100
AcDbPolyline
 90
3
 70
0
 10
627480.2656162962
 20
4835763.477774638
 10
627498.5250820136
 20
4835749.687016411
 10
627503.3016223406
 20
4835765.659373589
  0
LWPOLYLINE
  5
336
330
17
100
AcDbEntity
  8
ROADS
100
AcDbPolyline
 90
2
 70
0
 10
627709.4396329392
 20
4835783.820907488
 10
627613.2077442792
 20
4835753.866592959
  0
LWPOLYLINE
  5
337
330
17
100
AcDbEntity
  8
ROADS
100
AcDbPolyline
 90
2
 70
0
 10
627552.4366836986
 20
4835781.480670049
 10
627503.3016223406
 20
4835765.659373589
  0
LWPOLYLINE
  5
338
330
17
100
AcDbEntity
  8
ROADS
100
AcDbPolyline
 90
2
 70
0
 10
627613.2077442792
 20
4835753.866592959
 10
627604.6903799351
 20
4835799.822511442
  0
LWPOLYLINE
  5
339
330
17
100
AcDbEntity
  8
ROADS
100
AcDbPolyline
 90
2
 70
0
 10
627604.6903799351
 20
4835799.822511442
 10
627552.4366836986
 20
4835781.480670049
  0
LWPOLYLINE
  5
33A
330
17
100
AcDbEntity
  8
ROADS
100
AcDbPolyline
 90
2
 70
0
 10
627503.3016223406
 20
4835765.659373589
 10
627485.0951745613
 20
4835819.053575931
  0
LWPOLYLINE
  5
33B
330
17
100
AcDbEntity
  8
ROADS
100
AcDbPolyline
 90
3
 70
0
 10
627423.4653554751
 20
4835756.270446421
 10
627463.6686196066
 20
4835771.219207377
 10
627480.1877729888
 20
4835793.808270983
  0
LWPOLYLINE
  5
33C
330
17
100
AcDbEntity
  8
ROADS
100
AcDbPolyline
 90
2
 70
0
 10
627480.2656162962
 20
4835763.477774638
 10
627480.1877729888
 20
4835793.808270983
  0
LWPOLYLINE
  5
33D
330
17
100
AcDbEntity
  8
ROADS
100
AcDbPolyline
 90
3
 70
0
 10
627301.4177019722
 20
4835762.96539749
 10
627293.6350888364
 20
4835787.08919832
 10
627316.8883111357
 20
4835807.622867865
  0
LWPOLYLINE
  5
33E
330
17
100
AcDbEntity
  8
ROADS
100
AcDbPolyline
 90
2
 70
0
 10
627318.4745781301
 20
4835817.791179117
 10
627182.4011754252
 20
4835790.18741216
  0
LWPOLYLINE
  5
33F
330
17
100
AcDbEntity
  8
ROADS
100
AcDbPolyline
 90
3
 70
0
 10
627480.1877729888
 20
4835793.808270983
 10
627425.5497428596
 20
4835784.244880699
 10
627375.765127586
 20
4835823.766302726
  0
LWPOLYLINE
  5
340
330
17
100
AcDbEntity
  8
ROADS
100
AcDbPolyline
 90
2
 70
0
 10
627480.1877729888
 20
4835793.808270983
 10
627485.0951745613
 20
4835819.053575931
  0
LWPOLYLINE
  5
341
330
17
100
AcDbEntity
  8
ROADS
100
AcDbPolyline
 90
2
 70
0
 10
627316.8883111357
 20
4835807.622867865
 10
627330.9625205336
 20
4835809.54043326
  0
LWPOLYLINE
  5
342
330
17
100
AcDbEntity
  8
ROADS
100
AcDbPolyline
 90
2
 70
0
 10
627316.8883111357
 20
4835807.622867865
 10
627318.4745781301
 20
4835817.791179117
  0
LWPOLYLINE
  5
343
330
17
100
AcDbEntity
  8
ROADS
100
AcDbPolyline
 90
2
 70
0
 10
627318.4745781301
 20
4835817.791179117
 10
627344.3361880954
 20
4835843.069305129
  0
LWPOLYLINE
  5
344
330
17
100
AcDbEntity
  8
ROADS
100
AcDbPolyline
 90
2
 70
0
 10
627375.765127586
 20
4835823.766302726
 10
627344.3361880954
 20
4835843.069305129
  0
LWPOLYLINE
  5
345
330
17
100
AcDbEntity
  8
ROADS
100
AcDbPolyline
 90
2
 70
0
 10
627816.8957091202
 20
4835766.08878525
 10
627802.3730249443
 20
4835813.700267534
  0
LWPOLYLINE
  5
346
330
17
100
AcDbEntity
  8
ROADS
100
AcDbPolyline
 90
2
 70
0
 10
627899.4814256955
 20
4835845.604919828
 10
627802.3730249443
 20
4835813.700267534
  0
LWPOLYLINE
  5
347
330
17
100
AcDbEntity
  8
ROADS
100
AcDbPolyline
 90
2
 70
0
 10
627802.3730249443
 20
4835813.700267534
 10
627791.5432044462
 20
4835864.650721805
  0
LWPOLYLINE
  5
348
330
17
100
AcDbEntity
  8
ROADS
100
AcDbPolyline
 90
2
 70
0
 10
627791.5432044462
 20
4835864.650721805
 10
627743.7080000049
 20
4835850.222991103
  0
LWPOLYLINE
  5
349
330
17
100
AcDbEntity
  8
ROADS
100
AcDbPolyline
 90
2
 70
0
 10
627998.5527404033
 20
4835876.693025257
 10
627899.4814256955
 20
4835845.604919828
  0
LWPOLYLINE
  5
34A
330
17
100
AcDbEntity
  8
ROADS
100
AcDbPolyline
 90
2
 70
0
 10
627899.4814256955
 20
4835845.604919828
 10
627888.0830524345
 20
4835895.975071877
  0
LWPOLYLINE
  5
34B
330
17
100
AcDbEntity
  8
ROADS
100
AcDbPolyline
 90
2
 70
0
 10
627839.6288143547
 20
4835880.440070528
 10
627791.5432044462
 20
4835864.650721805
  0
LWPOLYLINE
  5
34C
330
17
100
AcDbEntity
  8
ROADS
100
AcDbPolyline
 90
2
 70
0
 10
627888.0830524345
 20
4835895.975071877
 10
627839.6288143547
 20
4835880.440070528
  0
LWPOLYLINE
  5
34D
330
17
100
AcDbEntity
  8
ROADS
100
AcDbPolyline
 90
2
 70
0
 10
627998.5527404033
 20
4835876.693025257
 10
627984.2679898492
 20
4835924.860866294
  0
LWPOLYLINE
  5
34E
330
17
100
AcDbEntity
  8
ROADS
100
AcDbPolyline
 90
2
 70
0
 10
627936.0139277829
 20
4835910.809570704
 10
627888.0830524345
 20
4835895.975071877
  0
LWPOLYLINE
  5
34F
330
17
100
AcDbEntity
  8
ROADS
100
AcDbPolyline
 90
2
 70
0
 10
627802.3730249443
 20
4835813.700267534
 10
627709.4396329392
 20
4835783.820907488
  0
LWPOLYLINE
  5
350
330
17
100
AcDbEntity
  8
ROADS
100
AcDbPolyline
 90
2
 70
0
 10
627651.3874070636
 20
4835815.250715643
 10
627604.6903799351
 20
4835799.822511442
  0
LWPOLYLINE
  5
351
330
17
100
AcDbEntity
  8
ROADS
100
AcDbPolyline
 90
2
 70
0
 10
627709.4396329392
 20
4835783.820907488
 10
627697.4722643862
 20
4835832.539474631
  0
LWPOLYLINE
  5
352
330
17
100
AcDbEntity
  8
ROADS
100
AcDbPolyline
 90
2
 70
0
 10
627697.4722643862
 20
4835832.539474631
 10
627651.3874070636
 20
4835815.250715643
  0
LWPOLYLINE
  5
353
330
17
100
AcDbEntity
  8
ROADS
100
AcDbPolyline
 90
2
 70
0
 10
627743.7080000049
 20
4835850.222991103
 10
627697.4722643862
 20
4835832.539474631
  0
LWPOLYLINE
  5
354
330
17
100
AcDbEntity
  8
ROADS
100
AcDbPolyline
 90
2
 70
0
 10
627697.4722643862
 20
4835832.539474631
 10
627661.8004890952
 20
4835948.862431386
  0
LWPOLYLINE
  5
355
330
17
100
AcDbEntity
  8
ROADS
100
AcDbPolyline
 90
2
 70
0
 10
627552.4366836986
 20
4835781.480670049
 10
627476.7200707062
 20
4836025.621127537
  0
LWPOLYLINE
  5
356
330
17
100
AcDbEntity
  8
ROADS
100
AcDbPolyline
 90
2
 70
0
 10
627743.7080000049
 20
4835850.222991103
 10
627709.4444067851
 20
4835963.5257295
  0
LWPOLYLINE
  5
357
330
17
100
AcDbEntity
  8
ROADS
100
AcDbPolyline
 90
2
 70
0
 10
627604.6903799351
 20
4835799.822511442
 10
627526.5707197748
 20
4836041.024372254
  0
LWPOLYLINE
  5
358
330
17
100
AcDbEntity
  8
ROADS
100
AcDbPolyline
 90
3
 70
0
 10
627651.3874070636
 20
4835815.250715643
 10
627575.3308731242
 20
4836057.945001369
 10
627526.5707197748
 20
4836041.024372254
  0
LWPOLYLINE
  5
359
330
17
100
AcDbEntity
  8
ROADS
100
AcDbPolyline
 90
2
 70
0
 10
627485.0951745613
 20
4835819.053575931
 10
627428.5120499409
 20
4836011.51666648
  0
LWPOLYLINE
  5
35A
330
17
100
AcDbEntity
  8
ROADS
100
AcDbPolyline
 90
4
 70
0
 10
627344.3361880954
 20
4835843.069305129
 10
627337.0441459207
 20
4835869.154098609
 10
627416.7816382868
 20
4835899.713589693
 10
627409.1683644926
 20
4836021.609574182
  0
LWPOLYLINE
  5
35B
330
17
100
AcDbEntity
  8
ROADS
100
AcDbPolyline
 90
2
 70
0
 10
627367.5696575837
 20
4836036.715433188
 10
627224.1396469425
 20
4835975.490485006
  0
LWPOLYLINE
  5
35C
330
17
100
AcDbEntity
  8
ROADS
100
AcDbPolyline
 90
2
 70
0
 10
627428.5120499409
 20
4836011.51666648
 10
627409.1683644926
 20
4836021.609574182
  0
LWPOLYLINE
  5
35D
330
17
100
AcDbEntity
  8
ROADS
100
AcDbPolyline
 90
2
 70
0
 10
627476.7200707062
 20
4836025.621127537
 10
627428.5120499409
 20
4836011.51666648
  0
LWPOLYLINE
  5
35E
330
17
100
AcDbEntity
  8
ROADS
100
AcDbPolyline
 90
2
 70
0
 10
627409.1683644926
 20
4836021.609574182
 10
627367.5696575837
 20
4836036.715433188
  0
LWPOLYLINE
  5
35F
330
17
100
AcDbEntity
  8
ROADS
100
AcDbPolyline
 90
2
 70
0
 10
627428.5120499409
 20
4836011.51666648
 10
627416.0256308564
 20
4836050.020828329
  0
LWPOLYLINE
  5
360
330
17
100
AcDbEntity
  8
ROADS
100
AcDbPolyline
 90
2
 70
0
 10
627409.1683644926
 20
4836021.609574182
 10
627416.0256308564
 20
4836050.020828329
  0
LWPOLYLINE
  5
361
330
17
100
AcDbEntity
  8
ROADS
100
AcDbPolyline
 90
2
 70
0
 10
627416.0256308564
 20
4836050.020828329
 10
627367.5696575837
 20
4836036.715433188
  0
LWPOLYLINE
  5
362
330
17
100
AcDbEntity
  8
ROADS
100
AcDbPolyline
 90
2
 70
0
 10
627353.7131526269
 20
4836083.543835888
 10
627205.5395390901
 20
4836034.532864689
  0
LWPOLYLINE
  5
363
330
17
100
AcDbEntity
  8
ROADS
100
AcDbPolyline
 90
2
 70
0
 10
627984.2679898492
 20
4835924.860866294
 10
627936.0139277829
 20
4835910.809570704
  0
LWPOLYLINE
  5
364
330
17
100
AcDbEntity
  8
ROADS
100
AcDbPolyline
 90
2
 70
0
 10
627791.5432044462
 20
4835864.650721805
 10
627755.6332626306
 20
4835979.902334034
  0
LWPOLYLINE
  5
365
330
17
100
AcDbEntity
  8
ROADS
100
AcDbPolyline
 90
2
 70
0
 10
627839.6288143547
 20
4835880.440070528
 10
627804.6328876495
 20
4835994.476645152
  0
LWPOLYLINE
  5
366
330
17
100
AcDbEntity
  8
ROADS
100
AcDbPolyline
 90
2
 70
0
 10
627888.0830524345
 20
4835895.975071877
 10
627852.8171808248
 20
4836009.951777215
  0
LWPOLYLINE
  5
367
330
17
100
AcDbEntity
  8
ROADS
100
AcDbPolyline
 90
2
 70
0
 10
627936.0139277829
 20
4835910.809570704
 10
627901.0464238692
 20
4836025.706744194
  0
LWPOLYLINE
  5
368
330
17
100
AcDbEntity
  8
ROADS
100
AcDbPolyline
 90
2
 70
0
 10
627984.2679898492
 20
4835924.860866294
 10
627948.4548762378
 20
4836040.783832571
  0
LWPOLYLINE
  5
369
330
17
100
AcDbEntity
  8
ROADS
100
AcDbPolyline
 90
2
 70
0
 10
627804.6328876495
 20
4835994.476645152
 10
627755.6332626306
 20
4835979.902334034
  0
LWPOLYLINE
  5
36A
330
17
100
AcDbEntity
  8
ROADS
100
AcDbPolyline
 90
2
 70
0
 10
627852.8171808248
 20
4836009.951777215
 10
627804.6328876495
 20
4835994.476645152
  0
LWPOLYLINE
  5
36B
330
17
100
AcDbEntity
  8
ROADS
100
AcDbPolyline
 90
2
 70
0
 10
627804.6328876495
 20
4835994.476645152
 10
627792.9216864149
 20
4836034.049434588
  0
LWPOLYLINE
  5
36C
330
17
100
AcDbEntity
  8
ROADS
100
AcDbPolyline
 90
2
 70
0
 10
627901.0464238692
 20
4836025.706744194
 10
627852.8171808248
 20
4836009.951777215
  0
LWPOLYLINE
  5
36D
330
17
100
AcDbEntity
  8
ROADS
100
AcDbPolyline
 90
2
 70
0
 10
627709.4444067851
 20
4835963.5257295
 10
627661.8004890952
 20
4835948.862431386
  0
LWPOLYLINE
  5
36E
330
17
100
AcDbEntity
  8
ROADS
100
AcDbPolyline
 90
2
 70
0
 10
627755.6332626306
 20
4835979.902334034
 10
627709.4444067851
 20
4835963.5257295
  0
LWPOLYLINE
  5
36F
330
17
100
AcDbEntity
  8
ROADS
100
AcDbPolyline
 90
2
 70
0
 10
627661.8004890952
 20
4835948.862431386
 10
627611.5372007304
 20
4836114.470168257
  0
LWPOLYLINE
  5
370
330
17
100
AcDbEntity
  8
ROADS
100
AcDbPolyline
 90
2
 70
0
 10
627526.5707197748
 20
4836041.024372254
 10
627476.7200707062
 20
4836025.621127537
  0
LWPOLYLINE
  5
371
330
17
100
AcDbEntity
  8
ROADS
100
AcDbPolyline
 90
2
 70
0
 10
627709.4444067851
 20
4835963.5257295
 10
627658.3453286594
 20
4836128.620344495
  0
LWPOLYLINE
  5
372
330
17
100
AcDbEntity
  8
ROADS
100
AcDbPolyline
 90
2
 70
0
 10
627526.5707197748
 20
4836041.024372254
 10
627510.9262340561
 20
4836082.8671574425
  0
LWPOLYLINE
  5
373
330
17
100
AcDbEntity
  8
ROADS
100
AcDbPolyline
 90
2
 70
0
 10
627755.6332626306
 20
4835979.902334034
 10
627705.77567082
 20
4836144.3098717835
  0
LWPOLYLINE
  5
374
330
17
100
AcDbEntity
  8
ROADS
100
AcDbPolyline
 90
2
 70
0
 10
627510.9262340561
 20
4836082.8671574425
 10
627461.7780335913
 20
4836068.4926717235
  0
LWPOLYLINE
  5
375
330
17
100
AcDbEntity
  8
ROADS
100
AcDbPolyline
 90
2
 70
0
 10
627559.0265729453
 20
4836097.23070151
 10
627510.9262340561
 20
4836082.8671574425
  0
LWPOLYLINE
  5
376
330
17
100
AcDbEntity
  8
ROADS
100
AcDbPolyline
 90
2
 70
0
 10
627510.9262340561
 20
4836082.8671574425
 10
627498.5996889088
 20
4836122.456784975
  0
LWPOLYLINE
  5
377
330
17
100
AcDbEntity
  8
ROADS
100
AcDbPolyline
 90
2
 70
0
 10
627461.7780335913
 20
4836068.4926717235
 10
627416.0256308564
 20
4836050.020828329
  0
LWPOLYLINE
  5
378
330
17
100
AcDbEntity
  8
ROADS
100
AcDbPolyline
 90
2
 70
0
 10
627367.5696575837
 20
4836036.715433188
 10
627353.7131526269
 20
4836083.543835888
  0
LWPOLYLINE
  5
379
330
17
100
AcDbEntity
  8
ROADS
100
AcDbPolyline
 90
2
 70
0
 10
627416.0256308564
 20
4836050.020828329
 10
627401.7187813096
 20
4836093.907411203
  0
LWPOLYLINE
  5
37A
330
17
100
AcDbEntity
  8
ROADS
100
AcDbPolyline
 90
2
 70
0
 10
627461.7780335913
 20
4836068.4926717235
 10
627450.1015065702
 20
4836108.139049669
  0
LWPOLYLINE
  5
37B
330
17
100
AcDbEntity
  8
ROADS
100
AcDbPolyline
 90
2
 70
0
 10
627401.7187813096
 20
4836093.907411203
 10
627450.1015065702
 20
4836108.139049669
  0
LWPOLYLINE
  5
37C
330
17
100
AcDbEntity
  8
ROADS
100
AcDbPolyline
 90
2
 70
0
 10
627353.7131526269
 20
4836083.543835888
 10
627339.0544795546
 20
4836131.152780437
  0
LWPOLYLINE
  5
37D
330
17
100
AcDbEntity
  8
ROADS
100
AcDbPolyline
 90
2
 70
0
 10
627339.0544795546
 20
4836131.152780437
 10
627185.546138787
 20
4836086.008579265
  0
LWPOLYLINE
  5
37E
330
17
100
AcDbEntity
  8
ROADS
100
AcDbPolyline
 90
2
 70
0
 10
627450.1015065702
 20
4836108.139049669
 10
627498.5996889088
 20
4836122.456784975
  0
LWPOLYLINE
  5
37F
330
17
100
AcDbEntity
  8
ROADS
100
AcDbPolyline
 90
2
 70
0
 10
627401.7187813096
 20
4836093.907411203
 10
627386.6724077578
 20
4836144.761555427
  0
LWPOLYLINE
  5
380
330
17
100
AcDbEntity
  8
ROADS
100
AcDbPolyline
 90
2
 70
0
 10
627386.6724077578
 20
4836144.761555427
 10
627339.0544795546
 20
4836131.152780437
  0
LWPOLYLINE
  5
381
330
17
100
AcDbEntity
  8
ROADS
100
AcDbPolyline
 90
2
 70
0
 10
627948.4548762378
 20
4836040.783832571
 10
627901.0464238692
 20
4836025.706744194
  0
LWPOLYLINE
  5
382
330
17
100
AcDbEntity
  8
ROADS
100
AcDbPolyline
 90
2
 70
0
 10
627852.8171808248
 20
4836009.951777215
 10
627836.2054231279
 20
4836057.834502365
  0
LWPOLYLINE
  5
383
330
17
100
AcDbEntity
  8
ROADS
100
AcDbPolyline
 90
2
 70
0
 10
627996.5731732063
 20
4836056.480798655
 10
627948.4548762378
 20
4836040.783832571
  0
LWPOLYLINE
  5
384
330
17
100
AcDbEntity
  8
ROADS
100
AcDbPolyline
 90
3
 70
0
 10
627901.0464238692
 20
4836025.706744194
 10
627888.5574979286
 20
4836065.316485409
 10
627867.8738921586
 20
4836073.684068731
  0
LWPOLYLINE
  5
385
330
17
100
AcDbEntity
  8
ROADS
100
AcDbPolyline
 90
2
 70
0
 10
627867.8738921586
 20
4836073.684068731
 10
627836.2054231279
 20
4836057.834502365
  0
LWPOLYLINE
  5
386
330
17
100
AcDbEntity
  8
ROADS
100
AcDbPolyline
 90
3
 70
0
 10
627836.2054231279
 20
4836057.834502365
 10
627802.4095712679
 20
4836052.563151044
 10
627784.3896164667
 20
4836110.684059179
  0
LWPOLYLINE
  5
387
330
17
100
AcDbEntity
  8
ROADS
100
AcDbPolyline
 90
2
 70
0
 10
627848.7894501053
 20
4836133.984880694
 10
627867.8738921586
 20
4836073.684068731
  0
LWPOLYLINE
  5
388
330
17
100
AcDbEntity
  8
ROADS
100
AcDbPolyline
 90
2
 70
0
 10
627784.3896164667
 20
4836110.684059179
 10
627817.3931802871
 20
4836126.366755811
  0
LWPOLYLINE
  5
389
330
17
100
AcDbEntity
  8
ROADS
100
AcDbPolyline
 90
2
 70
0
 10
627948.4548762378
 20
4836040.783832571
 10
627904.9367191988
 20
4836180.775269935
  0
LWPOLYLINE
  5
38A
330
17
100
AcDbEntity
  8
ROADS
100
AcDbPolyline
 90
2
 70
0
 10
627817.3931802871
 20
4836126.366755811
 10
627848.7894501053
 20
4836133.984880694
  0
LWPOLYLINE
  5
38B
330
17
100
AcDbEntity
  8
ROADS
100
AcDbPolyline
 90
2
 70
0
 10
627339.0544795546
 20
4836131.152780437
 10
627324.6299490312
 20
4836177.426871038
  0
LWPOLYLINE
  5
38C
330
17
100
AcDbEntity
  8
ROADS
100
AcDbPolyline
 90
2
 70
0
 10
627324.6299490312
 20
4836177.426871038
 10
627182.4624687548
 20
4836134.818848483
  0
LWPOLYLINE
  5
38D
330
17
100
AcDbEntity
  8
ROADS
100
AcDbPolyline
 90
2
 70
0
 10
627450.1015065702
 20
4836108.139049669
 10
627412.5964773489
 20
4836236.938028088
  0
LWPOLYLINE
  5
38E
330
17
100
AcDbEntity
  8
ROADS
100
AcDbPolyline
 90
2
 70
0
 10
627386.6724077578
 20
4836144.761555427
 10
627364.2576343606
 20
4836222.990183603
  0
LWPOLYLINE
  5
38F
330
17
100
AcDbEntity
  8
ROADS
100
AcDbPolyline
 90
2
 70
0
 10
627498.5996889088
 20
4836122.456784975
 10
627460.3408138071
 20
4836252.350219547
  0
LWPOLYLINE
  5
390
330
17
100
AcDbEntity
  8
ROADS
100
AcDbPolyline
 90
2
 70
0
 10
627324.6299490312
 20
4836177.426871038
 10
627307.9746482718
 20
4836235.682371315
  0
LWPOLYLINE
  5
391
330
17
100
AcDbEntity
  8
ROADS
100
AcDbPolyline
 90
2
 70
0
 10
627307.9746482718
 20
4836235.682371315
 10
627163.1734757578
 20
4836193.159714014
  0
LWPOLYLINE
  5
392
330
17
100
AcDbEntity
  8
ROADS
100
AcDbPolyline
 90
2
 70
0
 10
627412.5964773489
 20
4836236.938028088
 10
627364.2576343606
 20
4836222.990183603
  0
LWPOLYLINE
  5
393
330
17
100
AcDbEntity
  8
ROADS
100
AcDbPolyline
 90
2
 70
0
 10
627364.2576343606
 20
4836222.990183603
 10
627358.3460696382
 20
4836250.545021948
  0
LWPOLYLINE
  5
394
330
17
100
AcDbEntity
  8
ROADS
100
AcDbPolyline
 90
2
 70
0
 10
627358.3460696382
 20
4836250.545021948
 10
627307.9746482718
 20
4836235.682371315
  0
LWPOLYLINE
  5
395
330
17
100
AcDbEntity
  8
ROADS
100
AcDbPolyline
 90
2
 70
0
 10
627611.5372007304
 20
4836114.470168257
 10
627559.0265729453
 20
4836097.23070151
  0
LWPOLYLINE
  5
396
330
17
100
AcDbEntity
  8
ROADS
100
AcDbPolyline
 90
2
 70
0
 10
627559.0265729453
 20
4836097.23070151
 10
627547.202492506
 20
4836137.0174311455
  0
LWPOLYLINE
  5
397
330
17
100
AcDbEntity
  8
ROADS
100
AcDbPolyline
 90
2
 70
0
 10
627658.3453286594
 20
4836128.620344495
 10
627611.5372007304
 20
4836114.470168257
  0
LWPOLYLINE
  5
398
330
17
100
AcDbEntity
  8
ROADS
100
AcDbPolyline
 90
2
 70
0
 10
627547.202492506
 20
4836137.0174311455
 10
627498.5996889088
 20
4836122.456784975
  0
LWPOLYLINE
  5
399
330
17
100
AcDbEntity
  8
ROADS
100
AcDbPolyline
 90
2
 70
0
 10
627611.5372007304
 20
4836114.470168257
 10
627599.3910307052
 20
4836153.099007121
  0
LWPOLYLINE
  5
39A
330
17
100
AcDbEntity
  8
ROADS
100
AcDbPolyline
 90
2
 70
0
 10
627705.77567082
 20
4836144.3098717835
 10
627658.3453286594
 20
4836128.620344495
  0
LWPOLYLINE
  5
39B
330
17
100
AcDbEntity
  8
ROADS
100
AcDbPolyline
 90
2
 70
0
 10
627599.3910307052
 20
4836153.099007121
 10
627547.202492506
 20
4836137.0174311455
  0
LWPOLYLINE
  5
39C
330
17
100
AcDbEntity
  8
ROADS
100
AcDbPolyline
 90
2
 70
0
 10
627754.4415256147
 20
4836159.256694112
 10
627705.77567082
 20
4836144.3098717835
  0
LWPOLYLINE
  5
39D
330
17
100
AcDbEntity
  8
ROADS
100
AcDbPolyline
 90
2
 70
0
 10
627547.202492506
 20
4836137.0174311455
 10
627509.5844842179
 20
4836267.03047758
  0
LWPOLYLINE
  5
39E
330
17
100
AcDbEntity
  8
ROADS
100
AcDbPolyline
 90
2
 70
0
 10
627607.9585514213
 20
4836293.530777499
 10
627658.3453286594
 20
4836128.620344495
  0
LWPOLYLINE
  5
39F
330
17
100
AcDbEntity
  8
ROADS
100
AcDbPolyline
 90
3
 70
0
 10
627754.4415256147
 20
4836159.256694112
 10
627766.4724389139
 20
4836120.42074056
 10
627784.3896164667
 20
4836110.684059179
  0
LWPOLYLINE
  5
3A0
330
17
100
AcDbEntity
  8
ROADS
100
AcDbPolyline
 90
2
 70
0
 10
627996.5731732063
 20
4836056.480798655
 10
627995.8724632215
 20
4836058.690733683
  0
LWPOLYLINE
  5
3A1
330
17
100
AcDbEntity
  8
ROADS
100
AcDbPolyline
 90
2
 70
0
 10
627817.3931802871
 20
4836126.366755811
 10
627801.8123198928
 20
4836174.64513419
  0
LWPOLYLINE
  5
3A2
330
17
100
AcDbEntity
  8
ROADS
100
AcDbPolyline
 90
3
 70
0
 10
627850.6255223153
 20
4836190.237670275
 10
627862.8026301404
 20
4836149.677239541
 10
627848.7894501053
 20
4836133.984880694
  0
LWPOLYLINE
  5
3A3
330
17
100
AcDbEntity
  8
ROADS
100
AcDbPolyline
 90
2
 70
0
 10
627801.8123198928
 20
4836174.64513419
 10
627754.4415256147
 20
4836159.256694112
  0
LWPOLYLINE
  5
3A4
330
17
100
AcDbEntity
  8
ROADS
100
AcDbPolyline
 90
2
 70
0
 10
627850.6255223153
 20
4836190.237670275
 10
627801.8123198928
 20
4836174.64513419
  0
LWPOLYLINE
  5
3A5
330
17
100
AcDbEntity
  8
ROADS
100
AcDbPolyline
 90
2
 70
0
 10
627885.5883514906
 20
4836202.025274832
 10
627850.6255223153
 20
4836190.237670275
  0
LWPOLYLINE
  5
3A6
330
17
100
AcDbEntity
  8
ROADS
100
AcDbPolyline
 90
2
 70
0
 10
627801.8123198928
 20
4836174.64513419
 10
627763.1938245633
 20
4836304.9766756985
  0
LWPOLYLINE
  5
3A7
330
17
100
AcDbEntity
  8
ROADS
100
AcDbPolyline
 90
2
 70
0
 10
627599.3910307052
 20
4836153.099007121
 10
627561.3978618954
 20
4836279.192042054
  0
LWPOLYLINE
  5
3A8
330
17
100
AcDbEntity
  8
ROADS
100
AcDbPolyline
 90
2
 70
0
 10
627705.77567082
 20
4836144.3098717835
 10
627654.6173885667
 20
4836308.636339918
  0
LWPOLYLINE
  5
3A9
330
17
100
AcDbEntity
  8
ROADS
100
AcDbPolyline
 90
2
 70
0
 10
627509.5844842179
 20
4836267.03047758
 10
627460.3408138071
 20
4836252.350219547
  0
LWPOLYLINE
  5
3AA
330
17
100
AcDbEntity
  8
ROADS
100
AcDbPolyline
 90
2
 70
0
 10
627561.3978618954
 20
4836279.192042054
 10
627509.5844842179
 20
4836267.03047758
  0
LWPOLYLINE
  5
3AB
330
17
100
AcDbEntity
  8
ROADS
100
AcDbPolyline
 90
2
 70
0
 10
627607.9585514213
 20
4836293.530777499
 10
627561.3978618954
 20
4836279.192042054
  0
LWPOLYLINE
  5
3AC
330
17
100
AcDbEntity
  8
ROADS
100
AcDbPolyline
 90
2
 70
0
 10
627654.6173885667
 20
4836308.636339918
 10
627607.9585514213
 20
4836293.530777499
  0
LWPOLYLINE
  5
3AD
330
17
100
AcDbEntity
  8
ROADS
100
AcDbPolyline
 90
2
 70
0
 10
627561.3978618954
 20
4836279.192042054
 10
627536.7182462416
 20
4836356.682706725
  0
LWPOLYLINE
  5
3AE
330
17
100
AcDbEntity
  8
ROADS
100
AcDbPolyline
 90
2
 70
0
 10
627722.0372553802
 20
4836330.717845513
 10
627654.6173885667
 20
4836308.636339918
  0
LWPOLYLINE
  5
3AF
330
17
100
AcDbEntity
  8
ROADS
100
AcDbPolyline
 90
2
 70
0
 10
627624.3368922067
 20
4836384.6911762385
 10
627536.7182462416
 20
4836356.682706725
  0
LWPOLYLINE
  5
3B0
330
17
100
AcDbEntity
  8
ROADS
100
AcDbPolyline
 90
2
 70
0
 10
627850.6255223153
 20
4836190.237670275
 10
627830.936326641
 20
4836253.001679807
  0
LWPOLYLINE
  5
3B1
330
17
100
AcDbEntity
  8
ROADS
100
AcDbPolyline
 90
2
 70
0
 10
627460.3408138071
 20
4836252.350219547
 10
627412.5964773489
 20
4836236.938028088
  0
LWPOLYLINE
  5
3B2
330
17
100
AcDbEntity
  8
ROADS
100
AcDbPolyline
 90
2
 70
0
 10
627307.9746482718
 20
4836235.682371315
 10
627289.68064183
 20
4836294.966301637
  0
LWPOLYLINE
  5
3B3
330
17
100
AcDbEntity
  8
ROADS
100
AcDbPolyline
 90
3
 70
0
 10
627289.68064183
 20
4836294.966301637
 10
627227.2006705069
 20
4836276.387490572
 10
627212.8426665176
 20
4836317.543445324
  0
LWPOLYLINE
  5
3B4
330
17
100
AcDbEntity
  8
ROADS
100
AcDbPolyline
 90
2
 70
0
 10
627358.3460696382
 20
4836250.545021948
 10
627327.3763318355
 20
4836351.97040548
  0
LWPOLYLINE
  5
3B5
330
17
100
AcDbEntity
  8
ROADS
100
AcDbPolyline
 90
2
 70
0
 10
627289.68064183
 20
4836294.966301637
 10
627282.8641597047
 20
4836338.939792714
  0
LWPOLYLINE
  5
3B6
330
17
100
AcDbEntity
  8
ROADS
100
AcDbPolyline
 90
2
 70
0
 10
627282.8641597047
 20
4836338.939792714
 10
627212.8426665176
 20
4836317.543445324
  0
LWPOLYLINE
  5
3B7
330
17
100
AcDbEntity
  8
ROADS
100
AcDbPolyline
 90
2
 70
0
 10
627412.5964773489
 20
4836236.938028088
 10
627349.1084114653
 20
4836447.336283551
  0
LWPOLYLINE
  5
3B8
330
17
100
AcDbEntity
  8
ROADS
100
AcDbPolyline
 90
2
 70
0
 10
627327.3763318355
 20
4836351.97040548
 10
627282.8641597047
 20
4836338.939792714
  0
LWPOLYLINE
  5
3B9
330
17
100
AcDbEntity
  8
ROADS
100
AcDbPolyline
 90
2
 70
0
 10
627460.3408138071
 20
4836252.350219547
 10
627396.1322923242
 20
4836462.825480699
  0
LWPOLYLINE
  5
3BA
330
17
100
AcDbEntity
  8
ROADS
100
AcDbPolyline
 90
2
 70
0
 10
627282.8641597047
 20
4836338.939792714
 10
627270.1385947843
 20
4836380.574296982
  0
LWPOLYLINE
  5
3BB
330
17
100
AcDbEntity
  8
ROADS
100
AcDbPolyline
 90
2
 70
0
 10
626911.7039477357
 20
4835953.336485287
 10
626898.4562093797
 20
4835995.037520572
  0
LWPOLYLINE
  5
3BC
330
17
100
AcDbEntity
  8
ROADS
100
AcDbPolyline
 90
2
 70
0
 10
626898.4562093797
 20
4835995.037520572
 10
626799.325333352
 20
4835963.556375632
  0
LWPOLYLINE
  5
3BD
330
17
100
AcDbEntity
  8
ROADS
100
AcDbPolyline
 90
2
 70
0
 10
626799.325333352
 20
4835963.556375632
 10
626772.7924089646
 20
4836036.391096006
  0
LWPOLYLINE
  5
3BE
330
17
100
AcDbEntity
  8
ROADS
100
AcDbPolyline
 90
2
 70
0
 10
626953.4212985873
 20
4836013.692401213
 10
626898.4562093797
 20
4835995.037520572
  0
LWPOLYLINE
  5
3BF
330
17
100
AcDbEntity
  8
ROADS
100
AcDbPolyline
 90
4
 70
0
 10
626953.4212985873
 20
4836013.692401213
 10
626941.8102208035
 20
4836050.881753668
 10
626846.8890573913
 20
4836016.996551568
 10
626833.885515958
 20
4836056.308846017
  0
LWPOLYLINE
  5
3C0
330
17
100
AcDbEntity
  8
ROADS
100
AcDbPolyline
 90
2
 70
0
 10
626833.885515958
 20
4836056.308846017
 10
626772.7924089646
 20
4836036.391096006
  0
LWPOLYLINE
  5
3C1
330
17
100
AcDbEntity
  8
ROADS
100
AcDbPolyline
 90
2
 70
0
 10
626772.7924089646
 20
4836036.391096006
 10
626748.020831114
 20
4836113.691920567
  0
LWPOLYLINE
  5
3C2
330
17
100
AcDbEntity
  8
ROADS
100
AcDbPolyline
 90
2
 70
0
 10
626967.8976731302
 20
4836099.0653563095
 10
626833.885515958
 20
4836056.308846017
  0
LWPOLYLINE
  5
3C3
330
17
100
AcDbEntity
  8
ROADS
100
AcDbPolyline
 90
2
 70
0
 10
626955.2985147849
 20
4836138.522982085
 10
626803.5781548262
 20
4836088.804874402
  0
LWPOLYLINE
  5
3C4
330
17
100
AcDbEntity
  8
ROADS
100
AcDbPolyline
 90
2
 70
0
 10
626958.7306103309
 20
4836128.02039088
 10
626955.2985147849
 20
4836138.522982085
  0
LWPOLYLINE
  5
3C5
330
17
100
AcDbEntity
  8
ROADS
100
AcDbPolyline
 90
2
 70
0
 10
626697.4503529859
 20
4835952.483370911
 10
626644.2843934783
 20
4836119.508735259
  0
LWPOLYLINE
  5
3C6
330
17
100
AcDbEntity
  8
ROADS
100
AcDbPolyline
 90
2
 70
0
 10
626438.9239104134
 20
4836104.030925976
 10
626342.6848488194
 20
4836073.020100563
  0
LWPOLYLINE
  5
3C7
330
17
100
AcDbEntity
  8
ROADS
100
AcDbPolyline
 90
3
 70
0
 10
626498.7598079244
 20
4836123.758928073
 10
626513.8572798577
 20
4836078.041149527
 10
626503.8100613607
 20
4836065.5197489085
  0
LWPOLYLINE
  5
3C8
330
17
100
AcDbEntity
  8
ROADS
100
AcDbPolyline
 90
2
 70
0
 10
626596.483247333
 20
4836104.2025775025
 10
626549.1363712928
 20
4836088.938639613
  0
LWPOLYLINE
  5
3C9
330
17
100
AcDbEntity
  8
ROADS
100
AcDbPolyline
 90
2
 70
0
 10
626644.2843934783
 20
4836119.508735259
 10
626596.483247333
 20
4836104.2025775025
  0
LWPOLYLINE
  5
3CA
330
17
100
AcDbEntity
  8
ROADS
100
AcDbPolyline
 90
2
 70
0
 10
626549.1363712928
 20
4836088.938639613
 10
626534.3394655352
 20
4836134.791864847
  0
LWPOLYLINE
  5
3CB
330
17
100
AcDbEntity
  8
ROADS
100
AcDbPolyline
 90
2
 70
0
 10
626498.7598079244
 20
4836123.758928073
 10
626438.9239104134
 20
4836104.030925976
  0
LWPOLYLINE
  5
3CC
330
17
100
AcDbEntity
  8
ROADS
100
AcDbPolyline
 90
2
 70
0
 10
626534.3394655352
 20
4836134.791864847
 10
626498.7598079244
 20
4836123.758928073
  0
LWPOLYLINE
  5
3CD
330
17
100
AcDbEntity
  8
ROADS
100
AcDbPolyline
 90
2
 70
0
 10
626644.2843934783
 20
4836119.508735259
 10
626629.3841814232
 20
4836165.378105475
  0
LWPOLYLINE
  5
3CE
330
17
100
AcDbEntity
  8
ROADS
100
AcDbPolyline
 90
2
 70
0
 10
626629.3841814232
 20
4836165.378105475
 10
626534.3394655352
 20
4836134.791864847
  0
LWPOLYLINE
  5
3CF
330
17
100
AcDbEntity
  8
ROADS
100
AcDbPolyline
 90
2
 70
0
 10
627040.4915583823
 20
4836038.089088122
 10
626991.3952288409
 20
4836024.61062068
  0
LWPOLYLINE
  5
3D0
330
17
100
AcDbEntity
  8
ROADS
100
AcDbPolyline
 90
2
 70
0
 10
627205.5395390901
 20
4836034.532864689
 10
627185.546138787
 20
4836086.008579265
  0
LWPOLYLINE
  5
3D1
330
17
100
AcDbEntity
  8
ROADS
100
AcDbPolyline
 90
2
 70
0
 10
626991.3952288409
 20
4836024.61062068
 10
626967.8976731302
 20
4836099.0653563095
  0
LWPOLYLINE
  5
3D2
330
17
100
AcDbEntity
  8
ROADS
100
AcDbPolyline
 90
2
 70
0
 10
627185.546138787
 20
4836086.008579265
 10
627040.4915583823
 20
4836038.089088122
  0
LWPOLYLINE
  5
3D3
330
17
100
AcDbEntity
  8
ROADS
100
AcDbPolyline
 90
2
 70
0
 10
627040.4915583823
 20
4836038.089088122
 10
627023.6692968811
 20
4836090.149146253
  0
LWPOLYLINE
  5
3D4
330
17
100
AcDbEntity
  8
ROADS
100
AcDbPolyline
 90
2
 70
0
 10
627185.546138787
 20
4836086.008579265
 10
627170.736037854
 20
4836131.428626559
  0
LWPOLYLINE
  5
3D5
330
17
100
AcDbEntity
  8
ROADS
100
AcDbPolyline
 90
2
 70
0
 10
627170.736037854
 20
4836131.428626559
 10
627023.6692968811
 20
4836090.149146253
  0
LWPOLYLINE
  5
3D6
330
17
100
AcDbEntity
  8
ROADS
100
AcDbPolyline
 90
2
 70
0
 10
626967.8976731302
 20
4836099.0653563095
 10
626958.7306103309
 20
4836128.02039088
  0
LWPOLYLINE
  5
3D7
330
17
100
AcDbEntity
  8
ROADS
100
AcDbPolyline
 90
2
 70
0
 10
627023.6692968811
 20
4836090.149146253
 10
627006.9741527956
 20
4836142.700527727
  0
LWPOLYLINE
  5
3D8
330
17
100
AcDbEntity
  8
ROADS
100
AcDbPolyline
 90
2
 70
0
 10
627182.4624687548
 20
4836134.818848483
 10
627170.736037854
 20
4836131.428626559
  0
LWPOLYLINE
  5
3D9
330
17
100
AcDbEntity
  8
ROADS
100
AcDbPolyline
 90
2
 70
0
 10
626748.020831114
 20
4836113.691920567
 10
626733.9675902862
 20
4836158.680565117
  0
LWPOLYLINE
  5
3DA
330
17
100
AcDbEntity
  8
ROADS
100
AcDbPolyline
 90
2
 70
0
 10
626941.9550677165
 20
4836177.330108426
 10
626748.020831114
 20
4836113.691920567
  0
LWPOLYLINE
  5
3DB
330
17
100
AcDbEntity
  8
ROADS
100
AcDbPolyline
 90
2
 70
0
 10
626955.2985147849
 20
4836138.522982085
 10
626941.9550677165
 20
4836177.330108426
  0
LWPOLYLINE
  5
3DC
330
17
100
AcDbEntity
  8
ROADS
100
AcDbPolyline
 90
2
 70
0
 10
626733.9675902862
 20
4836158.680565117
 10
626722.7187975652
 20
4836194.693367343
  0
LWPOLYLINE
  5
3DD
330
17
100
AcDbEntity
  8
ROADS
100
AcDbPolyline
 90
2
 70
0
 10
626733.9675902862
 20
4836158.680565117
 10
626891.9911351423
 20
4836203.20834013
  0
LWPOLYLINE
  5
3DE
330
17
100
AcDbEntity
  8
ROADS
100
AcDbPolyline
 90
2
 70
0
 10
626722.7187975652
 20
4836194.693367343
 10
626676.5507071008
 20
4836180.937814763
  0
LWPOLYLINE
  5
3DF
330
17
100
AcDbEntity
  8
ROADS
100
AcDbPolyline
 90
2
 70
0
 10
626941.9550677165
 20
4836177.330108426
 10
626927.8420913746
 20
4836222.9667361565
  0
LWPOLYLINE
  5
3E0
330
17
100
AcDbEntity
  8
ROADS
100
AcDbPolyline
 90
2
 70
0
 10
626917.2902680808
 20
4836253.064797143
 10
626722.7187975652
 20
4836194.693367343
  0
LWPOLYLINE
  5
3E1
330
17
100
AcDbEntity
  8
ROADS
100
AcDbPolyline
 90
2
 70
0
 10
626976.0240473778
 20
4836237.0702365935
 10
626927.8420913746
 20
4836222.9667361565
  0
LWPOLYLINE
  5
3E2
330
17
100
AcDbEntity
  8
ROADS
100
AcDbPolyline
 90
2
 70
0
 10
626722.7187975652
 20
4836194.693367343
 10
626701.0853687266
 20
4836267.431632018
  0
LWPOLYLINE
  5
3E3
330
17
100
AcDbEntity
  8
ROADS
100
AcDbPolyline
 90
2
 70
0
 10
627006.9741527956
 20
4836142.700527727
 10
626958.7306103309
 20
4836128.02039088
  0
LWPOLYLINE
  5
3E4
330
17
100
AcDbEntity
  8
ROADS
100
AcDbPolyline
 90
2
 70
0
 10
627182.4624687548
 20
4836134.818848483
 10
627163.1734757578
 20
4836193.159714014
  0
LWPOLYLINE
  5
3E5
330
17
100
AcDbEntity
  8
ROADS
100
AcDbPolyline
 90
2
 70
0
 10
627163.1734757578
 20
4836193.159714014
 10
627006.9741527956
 20
4836142.700527727
  0
LWPOLYLINE
  5
3E6
330
17
100
AcDbEntity
  8
ROADS
100
AcDbPolyline
 90
2
 70
0
 10
627006.9741527956
 20
4836142.700527727
 10
626976.0240473778
 20
4836237.0702365935
  0
LWPOLYLINE
  5
3E7
330
17
100
AcDbEntity
  8
ROADS
100
AcDbPolyline
 90
2
 70
0
 10
626976.0240473778
 20
4836237.0702365935
 10
626962.3824857738
 20
4836281.578820827
  0
LWPOLYLINE
  5
3E8
330
17
100
AcDbEntity
  8
ROADS
100
AcDbPolyline
 90
2
 70
0
 10
627124.3785156514
 20
4836291.309358476
 10
626976.0240473778
 20
4836237.0702365935
  0
LWPOLYLINE
  5
3E9
330
17
100
AcDbEntity
  8
ROADS
100
AcDbPolyline
 90
2
 70
0
 10
627212.8426665176
 20
4836317.543445324
 10
627124.3785156514
 20
4836291.309358476
  0
LWPOLYLINE
  5
3EA
330
17
100
AcDbEntity
  8
ROADS
100
AcDbPolyline
 90
2
 70
0
 10
627110.133703577
 20
4836330.574729888
 10
626962.3824857738
 20
4836281.578820827
  0
LWPOLYLINE
  5
3EB
330
17
100
AcDbEntity
  8
ROADS
100
AcDbPolyline
 90
2
 70
0
 10
627124.3785156514
 20
4836291.309358476
 10
627110.133703577
 20
4836330.574729888
  0
LWPOLYLINE
  5
3EC
330
17
100
AcDbEntity
  8
ROADS
100
AcDbPolyline
 90
2
 70
0
 10
627095.9680044319
 20
4836373.760770152
 10
626947.5196676285
 20
4836326.7608619165
  0
LWPOLYLINE
  5
3ED
330
17
100
AcDbEntity
  8
ROADS
100
AcDbPolyline
 90
2
 70
0
 10
626534.3394655352
 20
4836134.791864847
 10
626518.4269323964
 20
4836179.707859393
  0
LWPOLYLINE
  5
3EE
330
17
100
AcDbEntity
  8
ROADS
100
AcDbPolyline
 90
2
 70
0
 10
626676.5507071008
 20
4836180.937814763
 10
626629.3841814232
 20
4836165.378105475
  0
LWPOLYLINE
  5
3EF
330
17
100
AcDbEntity
  8
ROADS
100
AcDbPolyline
 90
2
 70
0
 10
626566.5908660922
 20
4836195.551616106
 10
626518.4269323964
 20
4836179.707859393
  0
LWPOLYLINE
  5
3F0
330
17
100
AcDbEntity
  8
ROADS
100
AcDbPolyline
 90
2
 70
0
 10
626629.3841814232
 20
4836165.378105475
 10
626613.9490592079
 20
4836211.129793383
  0
LWPOLYLINE
  5
3F1
330
17
100
AcDbEntity
  8
ROADS
100
AcDbPolyline
 90
2
 70
0
 10
626613.9490592079
 20
4836211.129793383
 10
626566.5908660922
 20
4836195.551616106
  0
LWPOLYLINE
  5
3F2
330
17
100
AcDbEntity
  8
ROADS
100
AcDbPolyline
 90
2
 70
0
 10
626438.9239104134
 20
4836104.030925976
 10
626388.5507329123
 20
4836260.060510105
  0
LWPOLYLINE
  5
3F3
330
17
100
AcDbEntity
  8
ROADS
100
AcDbPolyline
 90
2
 70
0
 10
626518.4269323964
 20
4836179.707859393
 10
626484.0691545238
 20
4836288.814816117
  0
LWPOLYLINE
  5
3F4
330
17
100
AcDbEntity
  8
ROADS
100
AcDbPolyline
 90
2
 70
0
 10
626566.5908660922
 20
4836195.551616106
 10
626533.1743360447
 20
4836300.826637143
  0
LWPOLYLINE
  5
3F5
330
17
100
AcDbEntity
  8
ROADS
100
AcDbPolyline
 90
2
 70
0
 10
626613.9490592079
 20
4836211.129793383
 10
626582.0593373621
 20
4836311.2501406735
  0
LWPOLYLINE
  5
3F6
330
17
100
AcDbEntity
  8
ROADS
100
AcDbPolyline
 90
2
 70
0
 10
626676.5507071008
 20
4836180.937814763
 10
626630.5057464204
 20
4836323.566041846
  0
LWPOLYLINE
  5
3F7
330
17
100
AcDbEntity
  8
ROADS
100
AcDbPolyline
 90
2
 70
0
 10
626927.8420913746
 20
4836222.9667361565
 10
626917.2902680808
 20
4836253.064797143
  0
LWPOLYLINE
  5
3F8
330
17
100
AcDbEntity
  8
ROADS
100
AcDbPolyline
 90
2
 70
0
 10
626917.2902680808
 20
4836253.064797143
 10
626899.7931615184
 20
4836312.026045849
  0
LWPOLYLINE
  5
3F9
330
17
100
AcDbEntity
  8
ROADS
100
AcDbPolyline
 90
2
 70
0
 10
626892.5515595431
 20
4836329.844202461
 10
626701.0853687266
 20
4836267.431632018
  0
LWPOLYLINE
  5
3FA
330
17
100
AcDbEntity
  8
ROADS
100
AcDbPolyline
 90
2
 70
0
 10
626962.3824857738
 20
4836281.578820827
 10
626947.5196676285
 20
4836326.7608619165
  0
LWPOLYLINE
  5
3FB
330
17
100
AcDbEntity
  8
ROADS
100
AcDbPolyline
 90
2
 70
0
 10
626701.0853687266
 20
4836267.431632018
 10
626677.5352272735
 20
4836340.042945849
  0
LWPOLYLINE
  5
3FC
330
17
100
AcDbEntity
  8
ROADS
100
AcDbPolyline
 90
2
 70
0
 10
626947.5196676285
 20
4836326.7608619165
 10
626899.7931615184
 20
4836312.026045849
  0
LWPOLYLINE
  5
3FD
330
17
100
AcDbEntity
  8
ROADS
100
AcDbPolyline
 90
2
 70
0
 10
626899.7931615184
 20
4836312.026045849
 10
626892.5515595431
 20
4836329.844202461
  0
LWPOLYLINE
  5
3FE
330
17
100
AcDbEntity
  8
ROADS
100
AcDbPolyline
 90
2
 70
0
 10
626947.5196676285
 20
4836326.7608619165
 10
626933.1150327944
 20
4836371.602162474
  0
LWPOLYLINE
  5
3FF
330
17
100
AcDbEntity
  8
ROADS
100
AcDbPolyline
 90
2
 70
0
 10
626892.5515595431
 20
4836329.844202461
 10
626870.5981908569
 20
4836403.529750348
  0
LWPOLYLINE
  5
400
330
17
100
AcDbEntity
  8
ROADS
100
AcDbPolyline
 90
2
 70
0
 10
627110.133703577
 20
4836330.574729888
 10
627095.9680044319
 20
4836373.760770152
  0
LWPOLYLINE
  5
401
330
17
100
AcDbEntity
  8
ROADS
100
AcDbPolyline
 90
2
 70
0
 10
627110.133703577
 20
4836330.574729888
 10
627270.1385947843
 20
4836380.574296982
  0
LWPOLYLINE
  5
402
330
17
100
AcDbEntity
  8
ROADS
100
AcDbPolyline
 90
2
 70
0
 10
627081.7879923993
 20
4836417.1020576395
 10
626933.1150327944
 20
4836371.602162474
  0
LWPOLYLINE
  5
403
330
17
100
AcDbEntity
  8
ROADS
100
AcDbPolyline
 90
2
 70
0
 10
627095.9680044319
 20
4836373.760770152
 10
627081.7879923993
 20
4836417.1020576395
  0
LWPOLYLINE
  5
404
330
17
100
AcDbEntity
  8
ROADS
100
AcDbPolyline
 90
2
 70
0
 10
627257.759690494
 20
4836421.786039769
 10
627095.9680044319
 20
4836373.760770152
  0
LWPOLYLINE
  5
405
330
17
100
AcDbEntity
  8
ROADS
100
AcDbPolyline
 90
2
 70
0
 10
627081.7879923993
 20
4836417.1020576395
 10
627069.0899362218
 20
4836458.736031424
  0
LWPOLYLINE
  5
406
330
17
100
AcDbEntity
  8
ROADS
100
AcDbPolyline
 90
2
 70
0
 10
627069.0899362218
 20
4836458.736031424
 10
626918.8398927358
 20
4836417.245849683
  0
LWPOLYLINE
  5
407
330
17
100
AcDbEntity
  8
ROADS
100
AcDbPolyline
 90
2
 70
0
 10
627245.0478963065
 20
4836463.985822034
 10
627081.7879923993
 20
4836417.1020576395
  0
LWPOLYLINE
  5
408
330
17
100
AcDbEntity
  8
ROADS
100
AcDbPolyline
 90
2
 70
0
 10
627116.2133346089
 20
4836472.12157892
 10
627069.0899362218
 20
4836458.736031424
  0
LWPOLYLINE
  5
409
330
17
100
AcDbEntity
  8
ROADS
100
AcDbPolyline
 90
2
 70
0
 10
626933.1150327944
 20
4836371.602162474
 10
626918.8398927358
 20
4836417.245849683
  0
LWPOLYLINE
  5
40A
330
17
100
AcDbEntity
  8
ROADS
100
AcDbPolyline
 90
2
 70
0
 10
626918.8398927358
 20
4836417.245849683
 10
626898.9008365573
 20
4836413.070977839
  0
LWPOLYLINE
  5
40B
330
17
100
AcDbEntity
  8
ROADS
100
AcDbPolyline
 90
2
 70
0
 10
626918.8398927358
 20
4836417.245849683
 10
626918.201191419
 20
4836419.279615217
  0
LWPOLYLINE
  5
40C
330
17
100
AcDbEntity
  8
ROADS
100
AcDbPolyline
 90
2
 70
0
 10
627996.5731732063
 20
4836056.480798655
 10
628006.7854510657
 20
4836022.098220083
  0
LWPOLYLINE
  5
40D
330
17
100
AcDbEntity
  8
ROADS
100
AcDbPolyline
 90
2
 70
0
 10
627997.097574598
 20
4836056.645499967
 10
627996.5731732063
 20
4836056.480798655
  0
LWPOLYLINE
  5
40E
330
17
100
AcDbEntity
  8
ROADS
100
AcDbPolyline
 90
2
 70
0
 10
627509.5844842179
 20
4836267.03047758
 10
627452.5796902626
 20
4836454.28822218
  0
LWPOLYLINE
  5
40F
330
17
100
AcDbEntity
  8
ROADS
100
AcDbPolyline
 90
2
 70
0
 10
627327.3763318355
 20
4836351.97040548
 10
627300.6392748511
 20
4836434.290111467
  0
LWPOLYLINE
  5
410
330
17
100
AcDbEntity
  8
ROADS
100
AcDbPolyline
 90
2
 70
0
 10
627270.1385947843
 20
4836380.574296982
 10
627257.759690494
 20
4836421.786039769
  0
LWPOLYLINE
  5
411
330
17
100
AcDbEntity
  8
ROADS
100
AcDbPolyline
 90
2
 70
0
 10
627300.6392748511
 20
4836434.290111467
 10
627257.759690494
 20
4836421.786039769
  0
LWPOLYLINE
  5
412
330
17
100
AcDbEntity
  8
ROADS
100
AcDbPolyline
 90
2
 70
0
 10
627349.1084114653
 20
4836447.336283551
 10
627300.6392748511
 20
4836434.290111467
  0
LWPOLYLINE
  5
413
330
17
100
AcDbEntity
  8
ROADS
100
AcDbPolyline
 90
2
 70
0
 10
627257.759690494
 20
4836421.786039769
 10
627245.0478963065
 20
4836463.985822034
  0
LWPOLYLINE
  5
414
330
17
100
AcDbEntity
  8
ROADS
100
AcDbPolyline
 90
2
 70
0
 10
627396.1322923242
 20
4836462.825480699
 10
627349.1084114653
 20
4836447.336283551
  0
LWPOLYLINE
  5
415
330
17
100
AcDbEntity
  8
ROADS
100
AcDbPolyline
 90
2
 70
0
 10
627300.6392748511
 20
4836434.290111467
 10
627287.0392063649
 20
4836479.5990314
  0
LWPOLYLINE
  5
416
330
17
100
AcDbEntity
  8
ROADS
100
AcDbPolyline
 90
2
 70
0
 10
627404.7562828806
 20
4836465.411234887
 10
627396.1322923242
 20
4836462.825480699
  0
LWPOLYLINE
  5
417
330
17
100
AcDbEntity
  8
ROADS
100
AcDbPolyline
 90
2
 70
0
 10
627536.7182462416
 20
4836356.682706725
 10
627514.9474579991
 20
4836427.610541201
  0
LWPOLYLINE
  5
418
330
17
100
AcDbEntity
  8
ROADS
100
AcDbPolyline
 90
2
 70
0
 10
627524.8478348848
 20
4836430.683961749
 10
627514.9474579991
 20
4836427.610541201
  0
LWPOLYLINE
  5
419
330
17
100
AcDbEntity
  8
ROADS
100
AcDbPolyline
 90
2
 70
0
 10
627514.9474579991
 20
4836427.610541201
 10
627512.8422952649
 20
4836434.753464106
  0
LWPOLYLINE
  5
41A
330
17
100
AcDbEntity
  8
ROADS
100
AcDbPolyline
 90
2
 70
0
 10
627245.0478963065
 20
4836463.985822034
 10
627239.5035686117
 20
4836482.490634012
  0
LWPOLYLINE
  5
41B
330
17
100
AcDbEntity
  8
ROADS
100
AcDbPolyline
 90
2
 70
0
 10
627396.1322923242
 20
4836462.825480699
 10
627394.6930666439
 20
4836467.751789193
  0
LWPOLYLINE
  5
41C
330
17
100
AcDbEntity
  8
ROADS
100
AcDbPolyline
 90
2
 70
0
 10
627291.4906027603
 20
4836480.829650104
 10
627287.0392063649
 20
4836479.5990314
  0
LWPOLYLINE
  5
41D
330
17
100
AcDbEntity
  8
ROADS
100
AcDbPolyline
 90
2
 70
0
 10
627287.0392063649
 20
4836479.5990314
 10
627286.6231079212
 20
4836480.985166392
  0
ENDSEC
  0
SECTION
  2
OBJECTS
  0
DICTIONARY
  5
A
330
0
100
AcDbDictionary
281
1
  3
ACAD_COLOR
350
B
  3
ACAD_GROUP
350
C
  3
ACAD_LAYOUT
350
D
  3
ACAD_MATERIAL
350
E
  3
ACAD_MLEADERSTYLE
350
F
  3
ACAD_MLINESTYLE
350
10
  3
ACAD_PLOTSETTINGS
350
11
  3
ACAD_PLOTSTYLENAME
350
12
  3
ACAD_SCALELIST
350
14
  3
ACAD_TABLESTYLE
350
15
  3
ACAD_VISUALSTYLE
350
16
  3
EZDXF_META
350
2D
  0
DICTIONARY
  5
B
330
A
100
AcDbDictionary
281
1
  0
DICTIONARY
  5
C
330
A
100
AcDbDictionary
281
1
  0
DICTIONARY
  5
D
330
A
100
AcDbDictionary
281
1
  3
Model
350
1A
  3
Layout1
350
1E
  0
DICTIONARY
  5
E
330
A
100
AcDbDictionary
281
1
  3
ByBlock
350
1F
  3
ByLayer
350
20
  3
Global
350
21
  0
DICTIONARY
  5
F
330
A
100
AcDbDictionary
281
1
  3
Standard
350
2C
  0
DICTIONARY
  5
10
330
A
100
AcDbDictionary
281
1
  3
Standard
350
22
  0
DICTIONARY
  5
11
330
A
100
AcDbDictionary
281
1
  0
ACDBDICTIONARYWDFLT
  5
12
330
A
100
AcDbDictionary
281
1
  3
Normal
350
13
100
AcDbDictionaryWithDefault
340
13
  0
ACDBPLACEHOLDER
  5
13
330
12
  0
DICTIONARY
  5
14
330
A
100
AcDbDictionary
281
1
  0
DICTIONARY
  5
15
330
A
100
AcDbDictionary
281
1
  0
DICTIONARY
  5
16
330
A
100
AcDbDictionary
281
1
  0
LAYOUT
  5
1A
330
D
100
AcDbPlotSettings
  1

  4
A3
  6

 40
7.5
 41
20.0
 42
7.5
 43
20.0
 44
420.0
 45
297.0
 46
0.0
 47
0.0
 48
0.0
 49
0.0
140
0.0
141
0.0
142
1.0
143
1.0
 70
1024
 72
1
 73
0
 74
5
  7

 75
16
 76
0
 77
2
 78
300
147
1.0
148
0.0
149
0.0
100
AcDbLayout
  1
Model
 70
1
 71
0
 10
0.0
 20
0.0
 11
420.0
 21
297.0
 12
0.0
 22
0.0
 32
0.0
 14
1e+20
 24
1e+20
 34
1e+20
 15
-1e+20
 25
-1e+20
 35
-1e+20
146
0.0
 13
0.0
 23
0.0
 33
0.0
 16
1.0
 26
0.0
 36
0.0
 17
0.0
 27
1.0
 37
0.0
 76
1
330
17
  0
LAYOUT
  5
1E
330
D
100
AcDbPlotSettings
  1

  4
A3
  6

 40
7.5
 41
20.0
 42
7.5
 43
20.0
 44
420.0
 45
297.0
 46
0.0
 47
0.0
 48
0.0
 49
0.0
140
0.0
141
0.0
142
1.0
143
1.0
 70
0
 72
1
 73
0
 74
5
  7

 75
16
 76
0
 77
2
 78
300
147
1.0
148
0.0
149
0.0
100
AcDbLayout
  1
Layout1
 70
1
 71
1
 10
0.0
 20
0.0
 11
420.0
 21
297.0
 12
0.0
 22
0.0
 32
0.0
 14
1e+20
 24
1e+20
 34
1e+20
 15
-1e+20
 25
-1e+20
 35
-1e+20
146
0.0
 13
0.0
 23
0.0
 33
0.0
 16
1.0
 26
0.0
 36
0.0
 17
0.0
 27
1.0
 37
0.0
 76
1
330
1B
  0
MATERIAL
  5
1F
102
{ACAD_REACTORS
330
E
102
}
330
E
100
AcDbMaterial
  1
ByBlock
  2

 70
0
 40
1.0
 71
1
 41
1.0
 91
-1023410177
 42
1.0
 72
1
  3

 73
1
 74
1
 75
1
 44
0.5
 73
0
 45
1.0
 46
1.0
 77
1
  4

 78
1
 79
1
170
1
 48
1.0
171
1
  6

172
1
173
1
174
1
140
1.0
141
1.0
175
1
  7

176
1
177
1
178
1
143
1.0
179
1
  8

270
1
271
1
272
1
145
1.0
146
1.0
273
1
  9

274
1
275
1
276
1
 42
1.0
 72
1
  3

 73
1
 74
1
 75
1
 94
63
  0
MATERIAL
  5
20
102
{ACAD_REACTORS
330
E
102
}
330
E
100
AcDbMaterial
  1
ByLayer
  2

 70
0
 40
1.0
 71
1
 41
1.0
 91
-1023410177
 42
1.0
 72
1
  3

 73
1
 74
1
 75
1
 44
0.5
 73
0
 45
1.0
 46
1.0
 77
1
  4

 78
1
 79
1
170
1
 48
1.0
171
1
  6

172
1
173
1
174
1
140
1.0
141
1.0
175
1
  7

176
1
177
1
178
1
143
1.0
179
1
  8

270
1
271
1
272
1
145
1.0
146
1.0
273
1
  9

274
1
275
1
276
1
 42
1.0
 72
1
  3

 73
1
 74
1
 75
1
 94
63
  0
MATERIAL
  5
21
102
{ACAD_REACTORS
330
E
102
}
330
E
100
AcDbMaterial
  1
Global
  2

 70
0
 40
1.0
 71
1
 41
1.0
 91
-1023410177
 42
1.0
 72
1
  3

 73
1
 74
1
 75
1
 44
0.5
 73
0
 45
1.0
 46
1.0
 77
1
  4

 78
1
 79
1
170
1
 48
1.0
171
1
  6

172
1
173
1
174
1
140
1.0
141
1.0
175
1
  7

176
1
177
1
178
1
143
1.0
179
1
  8

270
1
271
1
272
1
145
1.0
146
1.0
273
1
  9

274
1
275
1
276
1
 42
1.0
 72
1
  3

 73
1
 74
1
 75
1
 94
63
  0
MLINESTYLE
  5
22
102
{ACAD_REACTORS
330
10
102
}
330
10
100
AcDbMlineStyle
  2
Standard
 70
0
  3

 62
256
 51
90.0
 52
90.0
 71
2
 49
0.5
 62
256
  6
BYLAYER
 49
-0.5
 62
256
  6
BYLAYER
  0
MLEADERSTYLE
  5
2C
102
{ACAD_REACTORS
330
F
102
}
330
F
100
AcDbMLeaderStyle
179
2
170
2
171
1
172
0
 90
2
 40
0.0
 41
0.0
173
1
 91
-1056964608
 92
-2
290
1
 42
2.0
291
1
 43
8.0
  3
Standard
 44
4.0
300

342
29
174
1
175
1
176
0
178
1
 93
-1056964608
 45
4.0
292
0
297
0
 46
4.0
 94
-1056964608
 47
1.0
 49
1.0
140
1.0
294
1
141
0.0
177
0
142
1.0
295
0
296
0
143
3.75
271
0
272
9
273
9
  0
DICTIONARY
  5
2D
330
A
100
AcDbDictionary
280
1
281
1
  3
CREATED_BY_EZDXF
350
2E
  3
WRITTEN_BY_EZDXF
350
420
  0
DICTIONARYVAR
  5
2E
330
2D
100
DictionaryVariables
280
0
  1
1.4.4 @ 2026-07-07T18:24:07.577162+00:00
  0
DICTIONARYVAR
  5
420
330
2D
100
DictionaryVariables
280
0
  1
1.4.4 @ 2026-07-07T18:24:07.602484+00:00
  0
ENDSEC
  0
EOF
