segment_id,T1024 Choice,T1024 Integration,T1024 Node Count,T1024 Total Depth,Angular Connectivity,Connectivity,Segment Length,local_nain,local_nach,integrated,citywide_nain,citywide_nach,citywide_match_distance_m,citywide_matched,blended_nain,blended_nach
0,12752,413.49042,1682,6842.0547,2.9203854,4,189.8318,1.0856197056846666,1.0704586386440125,3908.9731283227284,1.034646,0.99730498,0.0,True,1.0703275939792665,1.0485125410508087
1,185721,517.96521,1682,5461.9961,3.0159974,5,101.8808,1.3598180732785952,1.4096954332424085,6283.959933709203,1.0678815,1.081568,0.0,True,1.2722371012950164,1.3112572032696859
2,26131,401.39514,1682,7048.2266,1.9999166,4,38.421593,1.0538726016414506,1.1478349403129051,4082.571569985053,1.065744,1.0766416,0.0,True,1.0574340211490154,1.1264769382190336
3,1931,370.02722,1682,7645.7188,2.9170556,4,89.505623,0.9715368521530575,0.8461264516986969,2799.9325063782867,0.9315424,0.94042271,0.0,True,0.9595385165071403,0.8744153291890879
4,12733,399.25894,1682,7085.9375,2.0357728,4,52.503338,1.0482655425649223,1.0660637156841102,3773.8391747827864,1.0629499,1.0392851,0.0,True,1.0526708497954456,1.058030130978877
5,8093,420.3526,1682,6730.3594,2.1312501,3,37.05529,1.1036310166542442,1.020879457752969,3782.75383182492,0.93914419,0.71509647,0.0,True,1.054284968657971,0.9291445614270784
6,10787,461.38727,1682,6131.7773,4.5249877,5,40.04958,1.211331987730262,1.0647188904896003,4284.572473704748,0.97592252,0.83910328,0.0,True,1.1407091474111835,0.9970342073427202
7,5533,344.13022,1682,8221.0859,4.0451431,6,53.897469,0.9035586809452834,0.9560550110342334,2966.005660965276,0.91312575,0.92081213,0.0,True,0.9064288016616984,0.9454821467239634
8,678,322.58578,1682,8770.1445,3.0071607,3,88.551254,0.8470039052712547,0.7181735365090692,2103.934392530101,0.95386297,0.85884523,0.0,True,0.8790616246898783,0.7603750445563484
9,26,320.65115,1682,8823.0586,2.9913888,3,85.774948,0.8419253611645998,0.36275934040726765,1068.4752082228656,0.86918229,0.24341908,0.0,True,0.8501024398152198,0.32695726228508737
10,17179,406.40671,1682,6961.3125,8.2857695,8,71.049774,1.067026741813434,1.1020445831391925,3963.099173555164,0.96009481,0.92058885,0.0,True,1.0349471622694038,1.0476078631974348
11,1511,368.25696,1682,7682.4727,5.3724332,6,35.705063,0.9668901093374641,0.8182762079925029,2696.32211717657,1.0064284,0.9444778,0.0,True,0.9787515965362249,0.8561366855947521
12,131418,616.73431,1682,4587.2656,2.651783,5,71.892761,1.6190042801409792,1.3978385762817194,7268.925295994008,1.1542934,1.1557826,0.0,True,1.4795910160986854,1.3252217833972035
13,947,360.60953,1682,7845.3945,3.0859466,4,103.27995,0.946816252082619,0.7643070229820512,2472.125744824591,0.92591971,0.73446006,0.0,True,0.9405472894578333,0.7553529340874359
14,2790,462.52905,1682,6116.6406,3.0008297,4,49.819897,1.2143286613539221,0.9099575495550579,3669.9429746616725,1.0294005,0.85187846,0.0,True,1.1588502129477454,0.8925338226885406
15,10421,457.99463,1682,6177.1992,2.0028977,4,73.49131,1.202427759426134,1.0598650612698917,4237.2610612307335,1.027952,0.95899659,0.0,True,1.1500850315982936,1.029604519888924
16,130686,616.82831,1682,4586.5664,1.9977438,4,44.276398,1.6192509819850833,1.3972013733275905,7266.58790091199,1.1541088,1.1542327,0.0,True,1.4797083273895582,1.3243107713293134
17,1850,462.10263,1682,6122.2852,2.9940057,4,102.37498,1.2132094450963449,0.862766685663499,3476.8700841430723,1.0291829,0.82113713,0.0,True,1.1580014815674415,0.8502778189644493
18,13692,457.99115,1682,6177.2461,2.9990137,4,72.996269,1.2024186330924347,1.0911348755360628,4362.234287623324,1.0279518,0.98054373,0.0,True,1.1500785831647042,1.0579575318752439
19,236,367.211,1682,7704.3555,3.0472767,4,46.1618,0.9641445491456706,0.6109611907195132,2009.477986349576,0.92720848,0.61686796,0.0,True,0.9530637284019694,0.6127332215036592
20,125837,616.85931,1682,4586.3359,2.0224805,4,45.949776,1.6193323268036584,1.3927253423709622,7243.629962003585,1.1540811,1.149105,0.0,True,1.4797569587625607,1.3196392396596734
21,0,304.64105,1682,9286.7461,1.9702895,2,51.520214,0.799897054899989,0.0,211.16108489032132,0.84795332,0.0,0.0,True,0.8143139344299923,0.0
22,9714,399.69016,1682,7078.293,3.7901874,6,24.846069,1.0493973411981339,1.0356691494704875,3669.7669110135735,0.95194519,0.92416841,0.0,True,1.0201616958386936,1.0022189276293414
23,4419,321.46954,1682,8800.5977,4.5222683,6,12.165851,0.8440736362521438,0.9241410147770842,2698.454278883573,0.9087851,0.86778748,0.0,True,0.8634870753765007,0.9072349543439591
24,8581,398.53769,1682,7098.7617,1.4000057,3,53.964355,1.0463723418719655,1.021348896138172,3609.7705831513936,1.0620052,1.0121975,0.0,True,1.0510621993103757,1.0186034772967205
25,7465,375.8049,1682,7528.1719,1.0020871,2,39.813808,0.9867026606794671,0.9990263841200095,3351.521519929313,1.0179008,0.99738991,0.0,True,0.9960621024756271,0.9985354418840067
26,7372,395.50946,1682,7153.1133,1.6180089,3,65.500755,1.0384238987667405,1.003363971932175,3522.294759482438,0.95773304,0.97984594,0.0,True,1.0142166411367184,0.9963085623525225
27,943,323.54831,1682,8744.0547,2.9967842,4,20.581991,0.8495305487974776,0.7547123956226695,2216.689304788073,0.91719335,0.56744379,0.0,True,0.8698293891582343,0.6985318139358687
28,6560,339.1741,1682,8341.2148,2.4120708,4,23.339525,0.8905488863961357,0.9733728198265593,2981.018365612859,0.94824773,0.89626145,0.0,True,0.9078585394772949,0.9502394088785915
29,8688,395.7048,1682,7149.582,2.0708225,4,69.554955,1.0389366505346311,1.0219244432192007,3589.0141316207073,0.95742178,0.96559441,0.0,True,1.0144821893742417,1.0050254332534405
30,8543,344.54767,1682,8211.125,4.7509985,6,28.746746,0.9046545193338417,1.0043682882486233,3119.2250610199285,0.91991693,0.93121886,0.0,True,0.9092332425336891,0.9824234597740363
31,2001,320.65231,1682,8823.0273,4.0506644,5,31.318712,0.8419283472475784,0.8367107139452099,2437.72754982833,0.86882609,0.8127417,0.0,True,0.849997670073305,0.8295200097616469
32,407,293.52695,1682,9638.3789,5.7199645,5,31.288822,0.7707208115133066,0.6552632988828331,1765.1874679220177,0.86860889,0.26043206,0.0,True,0.8000872350593147,0.5368139272179832
33,2505,305.75015,1682,9253.0586,4.6108108,5,26.80311,0.8028086012447029,0.8569379549372442,2393.058145538213,0.90001565,0.83923841,0.0,True,0.831970715871292,0.851628091456071
34,2940,364.79727,1682,7755.332,2.9447155,4,41.31741,0.9578087735710884,0.8916970634833793,2913.5792158570925,0.92941552,0.87185872,0.0,True,0.9492907974997619,0.8857455604383655
35,7066,546.11102,1682,5180.4922,4.0681376,6,91.45504,1.4336810095158,1.0362385797734193,4840.363734269184,1.1023378,0.94107521,0.0,True,1.33427804666106,1.0076895688413936
36,0,299.94952,1682,9432.0,1.9993179,2,49.759338,0.7875811584803645,0.0,207.90916409830893,0.84544379,0.0,0.0,True,0.8049399479362551,0.0
37,3178,364.79636,1682,7755.3516,2.9837921,4,46.200634,0.9578063535374313,0.9003851169630371,2941.9500310856642,0.92941552,0.85572267,0.0,True,0.9492891034762019,0.886986382874126
38,2537,456.66855,1682,6195.1367,4.0976424,6,55.888226,1.198947354042353,0.8977471441852644,3580.064780084982,1.0252759,0.80307776,0.0,True,1.146845917829647,0.8693463289296851
39,9920,458.93027,1682,6164.6055,3.0274508,5,41.39658,1.2048834077522486,1.0544676813603526,4223.31030391534,1.0275999,0.94431055,0.0,True,1.151698355426574,1.0214205419522469
40,126067,599.6651,1682,4717.8398,3.4843011,5,205.11377,1.5742145843813933,1.3882901797317393,7042.817531654596,1.1541365,1.1380947,0.0,True,1.4481911590669754,1.3132315358122173
41,1374,455.92798,1682,6205.1992,2.9589458,4,54.829563,1.19700373867553,0.8274007710928868,3294.962340500888,1.024403,0.59037656,0.0,True,1.1452235170728708,0.7562935077650208
42,1243,408.15121,1682,6931.5586,1.6424552,2,154.20036,1.0716056613560254,0.8057290326823128,2908.849107189927,0.97286206,0.57321995,0.0,True,1.0419825809492178,0.7359763078776189
43,2388,464.92514,1682,6085.1172,2.654017,3,13.157482,1.2206173144002812,0.8926493119219662,3616.6752803088243,1.0411123,0.80337936,0.0,True,1.1667658100801968,0.8658683263453764
44,20061,546.65472,1682,5175.3398,2.9775422,5,112.80283,1.4351077843304314,1.1583612024478473,5415.507471014362,1.1023943,1.0179828,0.0,True,1.335293739031302,1.1162476817134932
45,2175,505.38968,1682,5597.9062,3.0671327,5,176.71123,1.3268151972087958,0.8904559462976406,3884.275010692348,1.030948,0.79161334,0.0,True,1.238055038046157,0.8608031644083485
46,4195,368.80884,1682,7670.9766,2.992332,5,44.180866,0.9683387603584974,0.9325138714072952,3076.649541504756,0.92909247,0.87445587,0.0,True,0.9565648732509482,0.9150964709851067
47,8972,460.7131,1682,6140.75,4.0057011,5,47.781654,1.2095625980389497,1.0434227315979872,4193.450619894005,1.0275753,0.94536781,0.0,True,1.1549664086272649,1.014006255118591
48,32959,561.6001,1682,5037.6133,2.0206556,4,71.320854,1.474327534039915,1.2202586043191104,5842.370949912058,1.0784798,1.048317,0.0,True,1.3555732138279404,1.1686761230233773
49,4786,458.96893,1682,6164.0859,2.0366931,4,106.66396,1.2049849401390529,0.9709724939188981,3889.242159524308,1.0277666,0.87577182,0.0,True,1.151819438097337,0.9424122917432286
50,127919,616.8656,1682,4586.2891,2.948786,5,43.026115,1.6193488437996983,1.3946732690414179,7253.826325519203,1.1540812,1.1492784,0.0,True,1.4797685506597889,1.3210548083289926
51,3018,460.70813,1682,6140.8164,4.0108843,5,104.10434,1.2095495234244278,0.918548199225524,3691.6598250354164,1.0275751,0.8768189,0.0,True,1.1549571963970995,0.9060294094578668
52,4977,459.09317,1682,6162.418,3.0651293,5,55.794876,1.205310971628426,0.9754858700831768,3908.2529698603385,1.0278473,0.88581026,0.0,True,1.1520718701398982,0.9485831870582238
53,1229,368.25171,1682,7682.582,4.0866528,6,47.221928,0.9668763569838618,0.7952038478354949,2620.325285612861,0.92874354,0.78598171,0.0,True,0.9554365118887032,0.7924372064848464
54,6998,459.88376,1682,6151.8242,4.0831566,6,45.178165,1.2073859128286049,1.0147313707957273,4071.656946827872,1.0286191,0.92975008,0.0,True,1.1537558689800234,0.9892369835570092
55,7233,371.82373,1682,7608.7773,1.7290525,3,122.25716,0.9762525371887781,0.9943043543953186,3304.2806016547993,0.91684473,0.92799032,0.0,True,0.9584301950321447,0.9744101440767231
56,10196,447.25946,1682,6325.4648,2.7831721,3,56.189308,1.174252387639321,1.0545008653299837,4128.181067045043,0.99183059,0.95972222,0.0,True,1.1195258483475246,1.0260672717309887
57,2733,299.38315,1682,9449.8438,3.3163872,5,15.112414,0.7860943120011947,0.8644810705717629,2369.2843334367653,0.85690141,0.86276573,0.0,True,0.8073364414008363,0.863966468400234
58,31,301.53476,1682,9382.4141,5.1426687,5,19.252798,0.791742624518643,0.3788968206595043,1054.3185683849804,0.85998863,0.25576636,0.0,True,0.81221642616305,0.34195768246165303
59,0,297.57175,1682,9507.3672,2.0526357,3,15.73501,0.7813391251842455,0.0,206.2610195267889,0.85414463,0.0,0.0,True,0.8031807766289718,0.0
60,280,319.97247,1682,8841.7734,3.6980333,5,14.281577,0.8401437161544368,0.6204460853537086,1805.2549409985334,0.86789358,0.38709486,0.0,True,0.8484686753081058,0.5504407177475961
61,97,284.7338,1682,9936.0312,4.2124414,5,28.895073,0.7476370821922715,0.4981372753597586,1308.385936384252,0.86265886,0.77270067,0.0,True,0.78214361553459,0.580506293751831
62,50,300.00931,1682,9430.1211,1.7338395,3,72.620895,0.7877380464404511,0.42961464580606706,1185.4099016534483,0.84151125,0.27882087,0.0,True,0.8038700075083158,0.3843765130642469
63,1044,335.51282,1682,8432.2383,1.5892091,2,43.357594,0.880937956081198,0.7689866084746136,2332.729594252867,0.86180931,0.6721378,0.0,True,0.8751993622568386,0.7399319659322295
64,2336,396.20248,1682,7140.6016,2.3194518,3,118.59724,1.040242906604753,0.8740869393298164,3073.362899959916,0.93128645,0.80788589,0.0,True,1.007555969623327,0.8542266245308715
65,4613,581.00116,1682,4869.3945,2.2118223,4,199.53955,1.5252389534667656,0.9935828343600396,4901.94579936826,1.2474953,1.3164201,0.0,True,1.441915857426736,1.0904340140520277
66,4751,587.07416,1682,4819.0234,2.2045817,3,202.22078,1.5411749814580362,0.998275187057755,4970.481737331897,1.2384394,1.3156185,0.0,True,1.4503543070206253,1.0934781809404286
67,64757,588.07947,1682,4810.7852,2.1560516,4,284.04251,1.5438130604922402,1.30653382070424,6514.996046702988,1.2650617,1.4574311,0.0,True,1.460187652344568,1.351803004492968
68,64948,594.19971,1682,4761.2344,2.0605116,3,252.97459,1.5598729823381687,1.3084778331457172,6584.548636132898,1.261354,1.4571018,0.0,True,1.470317287636718,1.353065023202002
69,475658,775.69604,1682,3647.207,4.3960671,6,104.72993,2.036069932208219,1.5937085138206046,10140.254363092226,1.201031,1.3285969,0.0,True,1.7855582525457532,1.5141750296744232
70,523050,770.34552,1682,3672.5391,4.1097021,6,93.588699,2.02203336170889,1.6039352308569417,10143.475459201483,1.2048361,1.334633,0.0,True,1.776874183196223,1.5231445615998591
71,0,453.12881,1682,6243.5312,2.0834944,3,68.173927,1.1896571182133808,0.0,314.08495708198313,1.022455,0.0,0.0,True,1.1394964827493665,0.0
72,157,381.00174,1682,7425.4883,3.8136818,4,99.063278,1.0003436355603224,0.5679962889640411,1931.26132093922,0.94722599,0.37629539,0.0,True,0.9844083418922257,0.5104860192748288
73,38433,562.64935,1682,5028.2188,2.2914157,4,87.971642,1.4770810067156044,1.2385522255676715,5939.733773949877,1.0792156,1.0626097,0.0,True,1.357721384700923,1.18576946789737
74,0,370.69766,1682,7631.8906,1.9681704,3,63.869717,0.9732967157144954,0.0,256.9480378691692,0.93136513,0.0,0.0,True,0.9607172400001467,0.0
75,121595,616.95807,1682,4585.6016,4.1050987,6,98.672241,1.6195915201319484,1.3886846473693477,7223.633559060505,1.1541374,1.1438117,0.0,True,1.4799552840923638,1.3152227631585434
76,4925,463.23404,1682,6107.332,1.9884779,4,50.101357,1.2161788963349442,0.9752855787814777,3938.640737178913,1.0318772,0.90270185,0.0,True,1.1608883874344609,0.9535104601470344
77,2536,458.96515,1682,6164.1367,3.1906421,5,55.214504,1.2049750128153596,0.8982177832781576,3597.8882328199766,1.0299423,0.85747421,0.0,True,1.1524651989707517,0.8859947112947104
78,0,457.06711,1682,6189.7344,2.0379155,3,38.448093,1.1999934378812758,0.0,316.8147786231824,1.0277083,0.0,0.0,True,1.1483078965168931,0.0
79,53216,564.5968,1682,5010.875,2.7909927,5,48.541443,1.48219148674239,1.277251022234705,6144.028175970242,1.0805092,1.0891573,0.0,True,1.361686800719673,1.2208229055642936
80,121547,617.65472,1682,4580.4297,4.0245132,6,49.631687,1.6214194511491926,1.388823584456816,7231.5463977735735,1.1544276,1.1422044,0.0,True,1.4813218958044347,1.3148378291197713
81,217,445.21747,1682,6354.4766,3.1810741,4,99.607224,1.1688929444188874,0.6148518017479991,2399.308881197426,1.0130508,0.39196107,0.0,True,1.1221403010932212,0.5479845822235994
82,130212,601.93927,1682,4700.0156,1.6814549,4,29.574705,1.5801820498221568,1.392736953082184,7088.999373740353,1.1546406,1.1394706,0.0,True,1.4525196148755097,1.3167570471575287
83,24384,547.21271,1682,5170.0625,2.0065637,4,63.306568,1.4365720926813546,1.1813195413880273,5527.81391475947,1.1028851,1.0308918,0.0,True,1.3364659948769482,1.1361912189716192
84,6559,537.96411,1682,5258.9453,2.6330757,4,30.488249,1.4123014449710698,1.0257333363958572,4728.111856867222,1.1003381,0.92639542,0.0,True,1.3187124414797489,0.9959319614771001
85,2287,481.61707,1682,5874.2188,2.9651797,4,46.731052,1.2644254582732282,0.8912981805195462,3725.727197395518,1.0383292,0.81948727,0.0,True,1.1965965807912597,0.8697549073636823
86,3500,505.38968,1682,5597.9062,2.2796926,4,14.511193,1.3268151972087958,0.9455570634666124,4124.530417348493,1.030948,0.84830838,0.0,True,1.238055038046157,0.9163824584266287
87,69,416.04071,1682,6800.1133,3.9849315,4,55.506187,1.0923135680647598,0.4814084930542455,1773.4483625469816,0.98838168,0.62573272,0.0,True,1.061134001645332,0.5247057611379718
88,130406,604.3316,1682,4681.4102,2.1373386,4,30.809256,1.5864595095906309,1.3935662758992973,7118.073384035237,1.1558115,1.1389271,0.0,True,1.4572651067134417,1.317174523129508
89,3941,481.61835,1682,5874.2031,2.7166686,4,12.083246,1.2644288365566805,0.9539808374555476,3987.654072117872,1.0383292,0.83742088,0.0,True,1.1965989455896764,0.9190128502188833
90,0,394.36441,1682,7173.8828,2.0250359,2,68.049744,1.0354183389260145,0.0,273.3525789046863,0.96589255,0.0,0.0,True,1.01456060224821,0.0
91,848,447.52725,1682,6321.6797,2.8977885,3,44.363708,1.1749552478288485,0.7705545897873134,3018.6770740847755,1.0305153,0.83029169,0.0,True,1.131623263480194,0.7884757198511194
92,11,377.66953,1682,7491.0039,2.9025741,3,24.299931,0.9915970615074361,0.2785189486979766,968.7032183063006,0.94200015,0.18462361,0.0,True,0.9767179880552053,0.2503503470885836
93,8472,546.91272,1682,5172.8984,1.5358267,4,33.223331,1.435784835718467,1.0576338948088084,4946.693161886785,1.0632924,0.92374802,0.0,True,1.324037105002927,1.0174681323661658
94,10692,540.93744,1682,5230.0391,3.3160119,5,43.410866,1.42010419018156,1.0834541862202167,5018.513623961688,1.1032254,0.97129178,0.0,True,1.3250405531270921,1.0498054643541517
95,28618,548.9256,1682,5153.9297,3.0218191,5,47.14893,1.4410670977736098,1.200480822533924,5632.998235695281,1.104377,1.0454873,0.0,True,1.3400600684415267,1.1539827657737467
96,133551,604.66913,1682,4678.7969,2.966526,5,43.815411,1.5873452336938092,1.3964779977107185,7136.458465802796,1.1559697,1.1418663,0.0,True,1.4579325735856665,1.320094488397503
97,8381,552.37616,1682,5121.7344,3.5363584,4,17.558527,1.4501221314484525,1.057599790801721,4990.144755616741,1.0611051,0.8631655,0.0,True,1.3334170220139168,0.9992695035612047
98,1855,509.57059,1682,5551.9766,3.9234848,4,21.704716,1.3377875321087522,0.8728585679029844,3835.3939085018596,1.0905962,0.91519463,0.0,True,1.2636301324761265,0.8855593865320891
99,620240,780.03528,1682,3626.918,3.9230156,6,104.80331,2.0474534417982877,1.6271708909390161,10404.005262565104,1.200507,1.3274215,0.0,True,1.7933695092588013,1.5372460736573113
100,594500,779.16168,1682,3630.9844,2.8946731,5,35.240704,2.045161726844673,1.6217784700087454,10359.328033981063,1.200423,1.3284378,0.0,True,1.7917401087912712,1.5337762690061219
101,583380,778.7395,1682,3632.9531,2.5401571,4,16.549805,2.044054061964034,1.6193682779435246,10339.010885085509,1.2004186,1.3283187,0.0,True,1.7909634233748237,1.5320534045604672
102,706321,776.89673,1682,3641.5703,2.9788697,5,41.101501,2.039219786456092,1.642218847342504,10463.111470421813,1.2001446,1.3206395,0.0,True,1.7874972305192642,1.5457450431397528
103,691295,776.83008,1682,3641.8828,3.9704471,6,157.89546,2.0390449026252324,1.6395796908975058,10445.5095873931,1.200668,1.3237388,0.0,True,1.7875318318376627,1.5448274236282542
104,635737,780.83087,1682,3623.2227,4.0863285,6,112.62762,2.0495404735007754,1.63038415481178,10433.886373392783,1.200516,1.3264612,0.0,True,1.7948331314505428,1.539207268368246
105,7457,537.85864,1682,5259.9766,2.9612303,4,42.776199,1.412024646613548,1.040683021849577,4796.180498054619,1.0703741,0.90623951,0.0,True,1.3095294826294837,1.000349968294704
106,59636,584.29633,1682,4841.9336,3.0311689,5,52.603916,1.5338857347474288,1.2958325128171833,6424.950627498183,1.0620733,1.0871512,0.0,True,1.3923420043232002,1.2332281189720282
107,125978,636.95251,1682,4441.6562,3.0656853,5,69.524506,1.6720556934858637,1.3981700706801594,7480.292851515794,1.1369518,1.1433774,0.0,True,1.5115245254401046,1.3217322694761116
108,0,433.71307,1682,6523.0312,2.000417,2,46.719387,1.1386981029460455,0.0,300.6269916424982,0.95350701,0.0,0.0,True,1.083140775062232,0.0
109,55867,584.29584,1682,4841.9375,1.9990181,4,31.471424,1.5338844997698171,1.2881389172031579,6386.80048456309,1.0620733,1.0796046,0.0,True,1.3923411398388719,1.2255786220422105
110,1897,532.24866,1682,5315.418,3.0514333,4,63.160057,1.3973023465719188,0.8798946896599225,4017.9891570590066,1.0669558,0.81860179,0.0,True,1.2981983826003431,0.8615068197619458
111,863,460.14526,1682,6148.3281,3.251199,4,79.329353,1.2080722407482227,0.7750165879224495,3111.837927276841,1.0707545,0.81177819,0.0,True,1.166876918523756,0.7860450685457145
112,6648,402.45395,1682,7029.6836,2.0124807,4,144.31908,1.056651731187643,0.9936667587217772,3542.54943455733,1.0357797,0.9896546,0.0,True,1.05039012183135,0.9924631111052441
113,318,456.77454,1682,6193.6992,2.9929159,4,47.913425,1.1992255287512599,0.6602544220054285,2634.8221694260424,0.97857183,0.89290839,0.0,True,1.133029419125882,0.7300506124038
114,20717,476.43671,1682,5938.0898,4.0468268,6,98.175156,1.2508296842757762,1.1437469414976893,4735.212238103597,1.1188029,1.2386413,0.0,True,1.2112216489930434,1.1722152490483826
115,0,352.41479,1682,8027.8242,1.9588258,3,44.986565,0.9253055190303865,0.0,244.2753180761252,0.93245655,0.0,0.0,True,0.9274508283212706,0.0
116,0,399.01523,1682,7090.2656,2.0504346,3,72.362747,1.047625831878569,0.0,276.5762816749781,1.0300071,1.0197397,11.5233143725793,True,1.0423402123149983,0.30592191
117,3127,457.66641,1682,6181.6289,3.0220971,5,50.615993,1.2015663891317538,0.9219144262894446,3683.5137959121475,0.97903645,0.91787314,0.0,True,1.1348074073922276,0.9207020404026112
118,5538,403.06879,1682,7018.9609,4.0816035,6,48.356167,1.0582654931326791,0.9732150901340835,3474.352113823104,1.0302562,0.97584951,0.0,True,1.0498627051928753,0.9740054160938584
119,4510,352.06616,1682,8035.7734,3.0559478,5,46.531712,0.9243904100486036,0.935747819343164,2962.459222240296,0.93099296,0.95152509,0.0,True,0.9263711750340224,0.9404810005402148
120,8341,406.63739,1682,6957.3633,4.0524874,6,49.933121,1.0676322428955187,1.0204646916336026,3671.6014338747464,1.0282797,0.96720374,0.0,True,1.055826480026863,1.004486406143522
121,0,290.84113,1682,9727.3867,2.0076754,2,77.940514,0.7636699905353499,0.0,201.59570925036854,0.84978735,0.081004687,8.535321478861592,True,0.7895051983747449,0.024301406100000006
122,15185,402.7572,1682,7024.3906,1.9927663,4,189.79791,1.0574477099385506,1.0869943371111015,3877.824890560426,1.0353384,0.92304957,0.0,True,1.0508149169569854,1.037810906977771
123,237424,520.95959,1682,5430.6016,3.9146976,6,63.705795,1.3676763356075583,1.4391968129981718,6448.2352949818405,1.0659463,1.0576694,0.0,True,1.2771573249252908,1.3247385890987202
124,18626,403.06204,1682,7019.0781,3.0203207,4,50.975227,1.0582478279373875,1.1101471577064466,3963.0757083585127,1.0348976,0.79086083,0.0,True,1.0512427595561713,1.0143612593945126
125,11417,402.5007,1682,7028.8672,2.4879277,4,76.975204,1.056774425934792,1.0547219942041668,3760.5776903886526,0.96730828,0.81734824,0.0,True,1.0299345821543544,0.9835098679429167
126,2759,471.81647,1682,5996.2383,3.0004323,4,48.648773,1.2387038122683052,0.9107521299005507,3738.366183933697,0.98531109,0.84463251,0.0,True,1.1626859955878135,0.8909162439303854
127,20,372.25412,1682,7599.9805,2.9800115,3,333.6828,0.9773822294208409,0.3406917773352225,1150.653288357541,0.89549565,0.21794613,0.0,True,0.9528162555945887,0.30386808313465574
128,258762,520.94421,1682,5430.7617,2.0237236,4,40.123619,1.3676360310638618,1.4491985020330664,6492.877622239325,1.0658959,1.0553905,0.0,True,1.2771139917447032,1.3310561014231466
129,11963,406.64285,1682,6957.2695,4.0147514,6,334.12543,1.0676466328978578,1.0612212443344238,3818.2710411411144,1.0282799,0.95070946,0.0,True,1.0558366130285004,1.0280677090340966
130,16,399.58032,1682,7080.2383,3.9050853,4,21.471567,1.0491091000289778,0.31957787696406126,1154.935671939112,0.95561892,0.22644344,0.0,True,1.0210620460202846,0.29163754587484286
131,13901,409.88501,1682,6902.2383,2.4734507,4,29.262745,1.076156460170814,1.0791571946894902,3910.2455800069474,0.96409154,0.78192961,0.0,True,1.04253698411957,0.9899889192826432
132,262210,520.95209,1682,5430.6797,3.5711045,5,60.685894,1.3676566739437555,1.4507401572444747,6499.8716201686,1.065896,1.0484117,0.0,True,1.2771284717606288,1.3300416200711322
133,6516,458.11832,1682,6175.5312,3.0109293,5,50.871883,1.202752427879888,1.0061100443328266,4023.342994044782,0.97928047,0.93809921,0.0,True,1.1357108405159217,0.9857067940329787
134,22689,476.46179,1682,5937.7773,2.9557617,5,89.738693,1.2508954921767452,1.1542171154039844,4778.780083046594,1.118804,1.2387954,0.0,True,1.2112680445237216,1.1795906007827892
135,9489,352.31039,1682,8030.2031,3.0190377,5,46.994801,0.9250314710174297,1.018535090224464,3226.493521995285,0.93106997,0.95914418,0.0,True,0.9268430207122008,1.000717817157125
136,0,372.62048,1682,7592.5078,1.9985192,3,78.507294,0.9783439354823966,0.0,258.2808351308935,1.0304981,0.94875312,7.904270523042692,True,0.9939901848376776,0.284625936
137,4111,372.62988,1682,7592.3164,3.9960675,5,48.794426,0.9783685927417718,0.9313259595366167,3100.9915675727466,1.0304983,0.98977655,0.0,True,0.9940075049192403,0.9488611366756317
138,9243,458.54526,1682,6169.7812,3.0046198,5,52.080879,1.203872983880854,1.0462682859885368,4187.361095936421,0.97952455,0.95350361,0.0,True,1.1365684537165976,1.0184388831919757
139,28496,476.85706,1682,5932.8555,2.0129318,4,13.220222,1.2519328649372776,1.180553553436039,4891.4038230471015,1.1187893,1.236587,0.0,True,1.2119897954560943,1.1973635874052273
140,12356,352.43161,1682,8027.4414,2.9978483,5,45.990425,0.9253496325539855,1.0479349860195055,3320.6313896228207,0.93175852,0.97776091,0.0,True,0.9272722987877899,1.026882763213654
141,0,292.10764,1682,9685.2109,1.9819393,2,77.535065,0.7669948270769823,0.0,202.4735870860195,0.84864211,0.21708262,8.042211430283855,True,0.7914890119538875,0.065124786
142,3357,507.66537,1682,5572.8125,3.9902511,5,49.767937,1.3327875420211457,0.941214801379878,4121.937489173003,1.0177679,0.97694224,0.0,True,1.238281649414802,0.9519330329659146
143,15,371.97824,1682,7605.6172,3.990562,4,333.83908,0.9766580591231324,0.31023579819842434,1053.8937132665458,0.89496595,0.20521685,0.0,True,0.9521504263861926,0.27873011373889706
144,19714,455.03256,1682,6217.4102,3.6325452,5,40.515041,1.1946535781003411,1.132051042311214,4499.901516249097,0.98566717,0.87183839,0.0,True,1.1319576556702389,1.05398724661785
145,14915,406.65771,1682,6957.0156,4.5701065,6,49.404346,1.0676855860337142,1.0861503361800147,3908.0850151360287,1.0282803,0.86066085,0.0,True,1.0558640002236,1.0185034903260104
146,6205,473.18637,1682,5978.8789,3.0112462,5,50.573498,1.2422991291637353,1.0042295052498609,4132.541443015608,0.98638308,0.94179618,0.0,True,1.1655243144146148,0.9854995076749027
147,2089,405.1087,1682,6983.6172,4.4388657,6,279.84705,1.063619782816579,0.8636617410831108,3097.2171229985242,0.99964678,0.89445162,0.0,True,1.0444278819716053,0.8728987047581775
148,295021,521.55945,1682,5424.3555,2.4273317,5,102.12021,1.3692506230201391,1.4646472403847546,6568.941445428666,1.0659066,1.0502994,0.0,True,1.2782474161140973,1.3403428882693282
149,11263,473.17987,1682,5978.9609,3.0347157,5,50.928757,1.2422820970295523,1.072772161908498,4414.5107076300355,0.98638296,0.9728452,0.0,True,1.1655123559206866,1.0427940733359486
150,7164,436.59189,1682,6480.0195,2.5246923,3,20.597857,1.146253979813507,1.011395961278888,3875.6711319033134,0.94633442,0.93183124,0.0,True,1.0862781118694549,0.9875265448952217
151,5996,398.87811,1682,7092.7031,1.0270228,3,71.325081,1.0472659030796876,0.98102792180739,3469.9130191483864,0.95066953,0.91875154,0.0,True,1.0182869911557813,0.962345007265173
152,3576,405.9288,1682,6969.5078,4.0551124,5,49.234692,1.0657724070973222,0.924579565595925,3321.5364629922765,0.99841231,0.77445847,0.0,True,1.0455643779681254,0.8795432369171475
153,14357,478.11246,1682,5917.2773,4.1644402,6,60.039726,1.255227669280464,1.1019928455209347,4576.555674684182,0.98911065,0.98379332,0.0,True,1.1753925634963247,1.0665329878646541
154,4423,507.65897,1682,5572.8828,3.54002,6,54.479065,1.3327707353962235,0.9731740243453458,4261.810027614697,1.0177674,0.9715454,0.0,True,1.2382697347773566,0.972685437041742
155,28921,477.24451,1682,5928.0391,2.0296826,4,82.573792,1.2529496895060537,1.1823677930887329,4902.442880010625,1.1187901,1.2374114,0.0,True,1.2127018126542375,1.198880875162113
156,16840,353.29376,1682,8007.8516,2.9956098,5,46.993015,0.9276127723894109,1.0826628457936363,3438.1245230292006,0.93139106,0.96808386,0.0,True,0.9287462586725876,1.0482891500555453
157,638,431.31564,1682,6559.2891,4.052618,5,86.566658,1.1324056196675982,0.7349908749403185,2786.9322818236365,0.94636559,0.80076855,0.0,True,1.0765936107673189,0.754724177458223
158,3807,566.85443,1682,4990.918,4.4493823,5,94.292465,1.488115897177514,0.9681637602705404,4673.7839125887085,1.0489763,0.91013217,0.0,True,1.3563740180242598,0.9507542831893783
159,3246,374.65775,1682,7551.2227,4.026135,5,48.268467,0.9836914578334567,0.9054436436614272,3029.4056497440747,0.99939221,0.97060758,0.0,True,0.9884016834834197,0.924992824562999
160,18942,353.6557,1682,7999.6562,3.0460949,5,47.615807,0.9285628454148978,1.0958729566997367,3483.240764134317,0.92908025,0.93866211,0.0,True,0.9287180667904285,1.0487097026898158
161,11622,458.92618,1682,6164.6602,3.9348674,6,166.21753,1.20487272009957,1.0726092490973063,4295.928670945514,0.97979504,0.96746552,0.0,True,1.1373494160696989,1.0410661303681144
162,35649,477.27594,1682,5927.6484,3.0500665,5,91.013405,1.253032245403245,1.2064501092198434,5002.583265094751,1.118791,1.2399113,0.0,True,1.2127598717822714,1.2164884664538904
163,23437,353.6557,1682,7999.6562,3.0167863,5,47.052715,0.9285628454148978,1.119564025919349,3558.5390290446358,0.92908025,0.86612695,0.0,True,0.9287180667904285,1.043532903143544
164,0,371.76532,1682,7609.9727,2.0457585,3,74.909111,0.9760992244630302,0.0,257.68808338796583,0.99569726,0.84947467,9.652360967943224,True,0.9819786351241212,0.25484240100000005
165,0,292.27527,1682,9679.6562,1.9992115,2,68.429024,0.7674348784564111,0.0,202.58977934789675,0.84494519,0.0,13.590603658871618,True,0.7906879719194878,0.0
166,0,436.2713,1682,6484.7812,2.0163343,3,60.231171,1.1454125582505785,0.0,302.40022155422207,,,,False,1.1454125582505785,0.0
167,2736,401.62643,1682,7044.168,3.7227387,5,130.11844,1.054479633341663,0.8932592862682702,3178.86636814956,0.95444119,0.85465813,0.0,True,1.0244681003391642,0.8816789393877891
168,4852,367.4021,1682,7700.3477,3.4889648,4,59.809788,0.964646227163149,0.9483700136934685,3118.346774994289,0.88147885,0.89456677,0.0,True,0.9396960140142043,0.9322290405854279
169,301018,521.56549,1682,5424.293,2.0198731,4,59.403618,1.3692663940380216,1.4669893573684238,6579.513182963173,1.0659068,1.0445417,0.0,True,1.278258515826615,1.3402550601578969
170,0,324.40826,1682,8720.875,1.9964203,2,19.852551,0.851788045696374,0.0,224.86267076935766,0.83724451,0.0,0.0,True,0.8474249849874618,0.0
171,4775,405.12567,1682,6983.3242,3.9385693,5,45.076633,1.0636643964361394,0.957030767663816,3432.0496673751777,0.957892,0.88735539,0.0,True,1.0319326775052975,0.9361281543646712
172,8724,367.44479,1682,7699.4531,1.3381586,5,22.886765,0.9647582803696823,1.0139288756832987,3334.2169359961595,0.88147992,0.9412868,0.0,True,0.9397747722587776,0.9921362529783091
173,14064,567.48779,1682,4985.3477,2.8827863,5,170.68527,1.4897779533405617,1.1217383148795768,5420.368602064445,1.0493469,0.99262238,0.0,True,1.3576486373383934,1.0830035344157039
174,16799,485.95343,1682,5821.8008,4.6948504,7,52.421093,1.2758061108655636,1.1221763248327712,4727.935043540667,0.99364138,0.99371201,0.0,True,1.1911566916058944,1.08363703038294
175,14,380.5881,1682,7433.5586,4.6670156,5,34.990139,0.9992578969256941,0.30379184890554567,1055.214273878666,0.89972478,0.20051867,0.0,True,0.969397961847986,0.272809895233882
176,8413,397.30899,1682,7120.7148,9.3207521,7,65.901543,1.0431472911289048,1.0187649859123762,3590.7877102243233,0.91726226,0.94470972,0.0,True,1.0053817817902333,0.9965484061386634
177,583231,779.14746,1682,3631.0508,2.579556,5,65.220642,2.045124348138418,1.6194404923569188,10344.228180456696,1.2004229,1.328846,0.0,True,1.7917139136968925,1.532262144649843
178,29014,569.92334,1682,4964.043,2.933728,5,42.044437,1.4961692134167504,1.207387540000993,5856.305800447239,1.0884032,1.037627,0.0,True,1.3738394093917252,1.156459378000695
179,38777,581.24457,1682,4867.3555,3.0134974,5,52.442795,1.5258776339299438,1.244341673553014,6141.217473630325,1.0884691,1.0550684,0.0,True,1.3946550737509606,1.1875596914871098
180,155654,631.03101,1682,4483.3359,3.0120573,5,63.136162,1.6565182217687995,1.42177352966979,7544.23048637787,1.1435604,1.1470726,0.0,True,1.5026308752381596,1.3393632507688529
181,33499,580.67188,1682,4872.1562,2.0300422,4,14.495302,1.5243747521065816,1.226968241367573,6050.212269328167,1.0883132,1.0521485,0.0,True,1.3935562864746072,1.174522318957301
182,1982,442.91028,1682,6387.5781,2.8345726,3,44.643555,1.1628374413490241,0.8664532726047837,3362.960305193029,0.98191816,0.81566489,0.0,True,1.1085616569443169,0.8512167578233485
183,196,392.40146,1682,7209.7695,2.7880127,3,48.007854,1.0302659630349746,0.5947137204516733,2075.1237037144006,0.931633,0.39295891,0.0,True,1.0006760741244822,0.5341872773161712
184,23146,564.29242,1682,5013.5781,3.2814655,5,63.202332,1.4813926731803377,1.179463240134447,5670.949028407508,1.0869507,1.026646,0.0,True,1.3630600812262363,1.1336180680941128
185,1624,433.37103,1682,6528.1797,2.9963772,3,39.856018,1.137800334821377,0.8416409979489428,3204.2926502786368,0.9755463,0.71346837,0.0,True,1.0891241243749639,0.8031892095642599
186,0,366.81912,1682,7712.5859,3.0039179,3,51.641914,0.9631159397815193,0.0,254.25963880348024,0.92109662,0.0,0.0,True,0.9505101438470636,0.0
187,4245,479.01462,1682,5906.1328,2.971318,4,43.429043,1.257595402917104,0.9619401149345544,4001.672869434122,1.0143099,0.84249759,0.0,True,1.1846097520419727,0.9261073574541882
188,4413,479.01462,1682,5906.1328,2.0103269,4,15.717981,1.257595402917104,0.9664084253871591,4020.2562333419437,1.0143099,0.86009878,0.0,True,1.1846097520419727,0.9345155317710113
189,2277,468.45224,1682,6039.3008,3.0058005,4,67.031502,1.2298743093712132,0.8879592828801626,3621.8347596422864,1.0221674,0.87419069,0.0,True,1.1675622365598493,0.8838287050161138
190,28530,576.74146,1682,4905.3594,2.0060902,4,37.301056,1.5140608305769816,1.2070966727903378,5916.664645160374,1.0875105,1.0515168,0.0,True,1.386095731403887,1.1604227109532363
191,152110,630.96942,1682,4483.7734,3.3512194,5,33.060238,1.6563566606159281,1.419018095013181,7528.962073900757,1.1435596,1.1443537,0.0,True,1.5025175424311497,1.3366187765092268
192,4893,479.01715,1682,5906.1016,3.0053077,5,41.355305,1.257602044132714,0.9782958964610097,4069.7151227059157,1.0143099,0.88231075,0.0,True,1.1846144008928998,0.9495003525227068
193,643,480.46271,1682,5888.332,3.0206981,4,35.50378,1.2613959024896657,0.7450203732792007,3108.2335388760553,1.0090709,0.4841561,0.0,True,1.185698401742766,0.6667610912954405
194,2039,468.45285,1682,6039.293,2.9675012,4,37.609917,1.2298758972795656,0.8752852556065707,3570.170594424486,1.0221674,0.77808356,0.0,True,1.167563348095696,0.8461247469245995
195,5702,479.28375,1682,5902.8164,3.0254602,5,56.987896,1.2583017228281237,0.995975750900518,4145.288230733583,1.0145332,0.90359288,0.0,True,1.1851711659796866,0.9682608896303626
196,21730,563.89612,1682,5017.1016,2.9686081,5,33.554707,1.48035270876042,1.1719580226448763,5631.371782836412,1.0868351,1.0250251,0.0,True,1.362297426132294,1.1278781458514133
197,8,425.60394,1682,6647.3164,3.9999781,4,56.879711,1.1174142125502944,0.2496159748522632,979.9892877635324,0.97418904,0.16365796,0.0,True,1.0744466607852061,0.22382857039658421
198,23220,573.38269,1682,4934.0938,3.083271,5,41.904678,1.5052470536730398,1.182053540177042,5764.133262366098,1.0874488,1.0516572,0.0,True,1.3799075775711278,1.1429346381239294
199,257,469.82123,1682,6021.7031,3.9967442,4,150.74858,1.2334672751556695,0.6380054925667151,2610.7157948461927,1.0134376,0.51882118,0.0,True,1.1674583726089687,0.6022501987967006
200,52778,584.26569,1682,4842.1875,1.9977169,4,35.152706,1.533805338687604,1.2814282662182608,6353.239447472587,1.0620577,1.0728519,0.0,True,1.3922810470813227,1.2188553563527824
201,124309,636.34302,1682,4445.9102,2.9736099,5,73.316574,1.6704565323966654,1.396423212186244,7464.648375622476,1.1365438,1.1411911,0.0,True,1.510282712677666,1.3198535785303709
202,48960,583.08081,1682,4852.0273,2.0210667,4,12.309098,1.5306960982901268,1.2722752073874273,6296.572914601718,1.0612135,1.0657376,0.0,True,1.3898513188030888,1.2103139251711992
203,7591,481.97314,1682,5869.8789,3.0072966,5,44.741356,1.2653599939031028,1.0295859805484002,4306.421354102937,1.0166215,0.93638659,0.0,True,1.190738445732172,1.00162616338388
204,215,436.14966,1682,6486.5898,3.9739132,4,118.8228,1.145093291165325,0.6123611537006526,2346.440401581571,0.95449603,0.39976388,0.0,True,1.0879141128157275,0.5485819715904567
205,45232,580.50989,1682,4873.5156,2.0491405,4,48.350101,1.5239497232054307,1.2622876961077087,6222.836310389261,1.0592055,1.0554702,0.0,True,1.3845264562438013,1.200242447275396
206,3313,477.16495,1682,5929.0273,3.9737158,5,150.56284,1.2527409288950262,0.9329878017407157,3868.0006743680087,1.0130936,0.71794885,0.0,True,1.1808467302265182,0.868476116218501
207,44085,577.32159,1682,4900.4297,1.9809797,4,13.844273,1.5155833135360939,1.2584475694774924,6173.831032477883,1.0564874,1.0510625,0.0,True,1.3778545394752655,1.1962320486342446
208,116819,636.23682,1682,4446.6523,4.0189199,6,79.332588,1.6701778759162091,1.388997884553252,7423.864519284523,1.1365422,1.1315621,0.0,True,1.5100871731413466,1.3117671491872764
209,100443,662.63531,1682,4269.5039,4.2714992,6,103.58788,1.7394437235802966,1.3776814810175728,7631.8131200984035,1.1303369,1.1264914,0.0,True,1.5567116765062077,1.302324456712301
210,3488,480.48886,1682,5888.0117,3.0494041,5,43.215649,1.261464497448071,0.9396611516255284,3919.6633195027553,1.0090714,0.8721385,0.0,True,1.1857465682136499,0.91940435613787
211,113406,666.25922,1682,4246.2812,3.9769828,6,44.158154,1.748952176024449,1.3931092544796428,7754.422640926399,1.1314632,1.1280743,0.0,True,1.5637054832171144,1.31359876813575
212,17810,563.8869,1682,5017.1836,3.0462999,5,44.598728,1.480328523767044,1.148611287097172,5519.115023183983,1.086835,1.0224956,0.0,True,1.3622804666369308,1.1107765809680206
213,801,480.0831,1682,5892.9883,3.976583,4,77.878372,1.2603995582321612,0.7702243107137333,3210.9660649711745,1.009513,0.61435765,0.0,True,1.185133590762513,0.7234643124996133
214,116695,666.08215,1682,4247.4102,4.0628295,6,56.553909,1.7484875075378126,1.3964868523750176,7771.404321589745,1.131461,1.1293497,0.0,True,1.5633795552764689,1.3163457066625122
215,10319,479.91736,1682,5895.0234,3.0161481,5,35.581795,1.259964586388407,1.064437050882197,4435.365494526098,1.0089868,0.94958442,0.0,True,1.1846712504718848,1.029981261617538
216,123482,666.50385,1682,4244.7227,3.0222988,5,59.172981,1.7495940220216775,1.403359434161134,7814.002407076371,1.1316149,1.1306463,0.0,True,1.5642002854151742,1.3215454939127937
217,11508,562.43787,1682,5030.1094,4.0430026,6,36.445301,1.4765260566679568,1.0970332515469088,5259.340493855808,1.0865868,1.020787,0.0,True,1.3595442796675696,1.074159376082836
218,126003,666.50385,1682,4244.7227,3.0066624,5,43.736172,1.7495940220216775,1.4057786133778745,7827.4724470086385,1.1316149,1.1318908,0.0,True,1.5642002854151742,1.3236122693645123
219,2206,557.02039,1682,5079.0312,4.4781256,5,36.781868,1.4623095896564773,0.9022581366953684,4288.969220706808,1.061435,0.8698895,0.0,True,1.3420472127595342,0.8925475456867578
220,50937,634.54895,1682,4458.4805,5.1926684,5,76.843124,1.665748936488739,1.2897846213643038,6877.485261394369,1.1271988,1.1266528,0.0,True,1.5041838955421172,1.2408450749550126
221,520957,768.38647,1682,3681.9023,2.9823809,6,74.346306,2.0168940552803907,1.6029500534780834,10114.59891581364,1.2151338,1.3160483,0.0,True,1.7763659786962736,1.5168795274346585
222,246,535.1087,1682,5287.0078,3.9039354,4,60.824024,1.4048080339574764,0.6426010546426216,2950.2836889029736,1.0386481,0.56953049,0.0,True,1.2949600537702335,0.6206798852498351
223,493480,762.18994,1682,3711.8359,5.0203886,6,86.158524,2.000637844311796,1.5947805901440666,9991.732116587546,1.2155849,1.3151352,0.0,True,1.7651219610182571,1.5108869731008465
224,52923,634.80811,1682,4456.6602,2.6387043,5,38.782867,1.666428997909228,1.2943990273799733,6904.573629220936,1.1272024,1.127798,0.0,True,1.5046610185364595,1.2444187191659812
225,158,540.08191,1682,5238.3242,2.0991695,3,66.610573,1.4178589655013631,0.591862355210504,2741.0095677134723,1.0501938,0.76250631,0.0,True,1.3075594158509543,0.6430555416473529
226,53,455.42255,1682,6212.0859,2.9563708,3,91.212952,1.1956771709743759,0.4566806121043862,1825.0298979181944,1.0198007,0.42654184,0.0,True,1.1429142296820631,0.4476389804730703
227,132778,618.15869,1682,4576.6953,2.7847283,5,47.89996,1.6227418865596401,1.3994422520037662,7292.077400081108,1.1405934,1.146794,0.0,True,1.478097340591748,1.3236477764026362
228,128849,614.00397,1682,4607.6641,2.0199893,4,209.21408,1.6118399275781847,1.3947637301113427,7224.62366654138,1.1396698,1.1458771,0.0,True,1.4701888893047295,1.32009774107794
229,0,352.27441,1682,8031.0234,1.3102731,2,31.460138,0.9249370105287827,0.0,244.1780140749182,1.0717596,0.0,0.0,True,0.9689837873701479,0.0
230,1947,461.0997,1682,6135.6016,3.9430208,5,118.28551,1.210577214575765,0.8684077727416835,3492.863288121426,1.0718728,0.75018752,0.0,True,1.1689658902030355,0.8329416969191784
231,39560,572.47083,1682,4941.9531,2.0495949,4,33.23262,1.5028541935609703,1.2444681745774349,6059.961152317757,1.0531967,1.0412769,0.0,True,1.3679569454926792,1.1835107922042043
232,6671,480.08945,1682,5892.9102,3.0746765,5,47.860638,1.2604162569098607,1.0142433239634954,4227.583591223246,1.0090525,0.89886558,0.0,True,1.1850071298369025,0.9796300007744467
233,38,428.90671,1682,6596.1289,4.0182848,4,120.19226,1.1260829792373044,0.41656504364999347,1582.1851502506042,0.94700563,0.27230254,0.0,True,1.072359774466113,0.37328629255499546
234,91226,635.54846,1682,4451.4688,2.9953554,5,34.887989,1.668371550981509,1.3593863565345334,7258.673413928796,1.1361487,1.129019,0.0,True,1.5087046956870562,1.2902761495741735
235,36634,572.09595,1682,4945.1914,2.9954438,5,48.398544,1.501870465149935,1.2353396396606906,6012.034277601437,1.0529066,1.0296726,0.0,True,1.3671813056049544,1.1736395277624834
236,152290,666.12073,1682,4247.1641,4.0124249,6,150.75403,1.7485887751672755,1.4283612883810974,7949.188374488685,1.1316115,1.1343426,0.0,True,1.5634955926170928,1.3401556818667681
237,8086,481.54855,1682,5875.0547,3.0252528,4,48.907501,1.2642456176396928,1.036759148874309,4333.03970981693,1.0105743,0.92354614,0.0,True,1.188144222347785,1.0027952462120164
238,161946,666.79474,1682,4242.8711,3.0207193,5,119.90376,1.7503571896691417,1.435893211495826,7998.223293570938,1.1322354,1.1409665,0.0,True,1.5649206527683992,1.3474151980470783
239,25051,571.4613,1682,4950.6836,3.0202556,5,42.125893,1.5002049896956384,1.190508201703664,5788.1879908070205,1.0528126,1.0068614,0.0,True,1.3659872727869469,1.1354141611925648
240,1032,462.97818,1682,6110.707,4.0584297,5,53.202755,1.2155074092548126,0.7960533087001663,3213.6195387296557,1.0107493,0.75559938,0.0,True,1.154079976478369,0.7839171300901164
241,6343,475.95267,1682,5944.1289,2.1199126,4,28.497561,1.2495592971594947,1.0074333699020699,4167.166658809428,1.006592,0.91905266,0.0,True,1.1766691080116463,0.9809191569314489
242,2316,466.33032,1682,6066.7812,3.06359,5,51.788334,1.22430524420682,0.8894454474138633,3613.341842452353,1.0136746,0.83491784,0.0,True,1.161116050944774,0.8730871651897043
243,8535,562.52832,1682,5029.3008,2.9776289,5,27.66325,1.4767633549367112,1.061994133883029,5092.099134379314,1.0865881,1.0220717,0.0,True,1.3597107784556979,1.0500174037181202
244,32,422.52731,1682,6695.7188,3.9115016,4,49.456249,1.1093389960032003,0.3968942016030529,1489.9836265562556,0.97297359,0.63273931,0.0,True,1.0684293742022404,0.467647734122137
245,6242,467.60178,1682,6050.2852,2.9997425,4,50.674072,1.2276421886238538,1.0035436885777682,4086.5479053824583,1.0147415,0.9237963,0.0,True,1.1637719820366976,0.9796194720044378
246,14477,574.1955,1682,4927.1094,2.9159679,5,186.68253,1.5073799435459392,1.126691088236018,5501.05392087138,1.0874633,1.0534517,0.0,True,1.3814049504821573,1.1047192717652126
247,0,366.23984,1682,7724.7852,2.0125351,2,97.305672,0.9615953409839526,0.0,253.85811250472548,0.91551763,0.0,0.0,True,0.9477720276887668,0.0
248,80518,633.81256,1682,4463.6602,2.0165172,4,70.004654,1.6638168414837649,1.344088037384281,7159.712026624562,1.1353341,1.1192036,0.0,True,1.5052720190386353,1.2766227061689968
249,10241,483.72336,1682,5848.6406,3.9868593,5,41.65424,1.2699533533308744,1.064531247749377,4466.8707244918505,1.0723587,0.81300157,0.0,True,1.2106749573316122,0.9890723444245638
250,40948,544.80017,1682,5192.957,3.3623538,4,27.700645,1.430241029733982,1.2412966776693406,5785.8361476586115,1.0357838,1.0626152,0.0,True,1.3119038608137874,1.1876922343685383
251,263357,785.78424,1682,3600.3828,1.6472358,4,37.259312,2.062535011299676,1.5240337007998588,9807.587932363867,1.1633307,1.2222488,0.0,True,1.7927737179097731,1.433498230559901
252,4423,429.35193,1682,6589.2891,3.1321824,5,64.400421,1.1272515188423093,0.9546427120944706,3604.4204254870615,0.94560534,0.90785474,0.0,True,1.0727576651896165,0.9406063204661295
253,30287,567.25665,1682,4987.3789,4.0297704,5,46.638515,1.4891714576144455,1.2117654949389203,5853.260370484456,1.0493436,1.0480541,0.0,True,1.3572231003301118,1.162652076457244
254,218157,785.69727,1682,3600.7812,1.9768777,4,90.122086,2.062306933627765,1.501021582024085,9658.56038123779,1.16333,1.2111049,0.0,True,1.7926138535394354,1.4140465774168596
255,182868,753.7453,1682,3753.4219,2.1906416,4,72.832664,1.9784836023626955,1.4720202044783484,9132.778140445022,1.1529505,1.1982446,0.0,True,1.7308236716538867,1.3898875231348438
256,19598,517.12201,1682,5470.9023,3.0263484,4,45.546169,1.3576052050305665,1.14817893415511,5110.864124561986,1.0233006,0.97550917,0.0,True,1.2573138235213965,1.096378004908577
257,4316,516.49506,1682,5477.543,2.0251009,4,45.22403,1.3559599129167814,0.9722796386595806,4323.34649061491,1.0228622,0.89508289,0.0,True,1.2560305990417469,0.9491206140617063
258,9048,596.36768,1682,4743.9258,4.3810854,4,20.610624,1.5655619076690492,1.0762123807646724,5433.219697876698,1.0914934,0.92010468,0.0,True,1.4233413553683345,1.0293800705352707
259,6040,510.91104,1682,5537.4102,0.87028348,2,53.056469,1.3413053702186124,1.0100351261951843,4448.242045572123,1.0679045,0.91293228,0.0,True,1.2592851091530286,0.980904272336629
260,3030,457.32425,1682,6186.2539,1.5060488,3,498.13776,1.2006683580167514,0.9182273365285178,3666.358335304741,1.0910919,0.92182183,0.0,True,1.1677954206117258,0.9193056845699625
261,0,515.26007,1682,5490.6719,1.0209019,2,57.909473,1.3527188196155968,0.0,357.15106477562006,1.021987,0.0,0.0,True,1.2534992737309176,0.0
262,162111,666.79474,1682,4242.8711,3.0010681,5,46.784996,1.7503571896691417,1.4360151135142036,7998.902308581122,1.1322354,1.1409868,0.0,True,1.5649206527683992,1.3475066194599425
263,22366,570.8429,1682,4956.0469,2.9696455,5,15.57016,1.4985821632917102,1.1770335655156128,5717.212357072215,1.0524646,0.9966231,0.0,True,1.3647468943041972,1.122910425860929
264,11194,459.20145,1682,6160.9648,2.9920177,4,108.66998,1.2055951786555326,1.0683835122386571,4281.278320613934,1.0697935,0.95112795,0.0,True,1.1648546750588729,1.03320684356706
265,9720,380.90656,1682,7427.3438,2.9660969,4,43.598515,1.0000937968577734,1.0301477048910332,3497.53988914584,0.9644596,0.92797482,0.0,True,0.9894035378004414,0.9994958394237232
266,0,458.35199,1682,6172.3828,3.9947104,4,166.51701,1.2033657273571956,0.0,317.70538957254024,1.0720733,0.0,0.0,True,1.163977999150037,0.0
267,8163,461.28149,1682,6133.1836,3.0325859,5,119.15885,1.211054327551625,1.0327370586859472,4155.044687194906,1.0735897,0.96332312,0.0,True,1.1698149392861374,1.011912877080163
268,14290,570.73761,1682,4956.9609,4.0468559,6,49.445896,1.4983059554076659,1.124363975341304,5460.506525555873,1.0524631,0.98362881,0.0,True,1.364553098785366,1.0821434257389129
269,7320,483.71817,1682,5848.7031,4.0196004,6,108.87337,1.2699397870836684,1.0258244847317999,4304.433272769985,1.0723587,0.88315678,0.0,True,1.2106654609585679,0.98302417331226
270,8820,380.53693,1682,7434.5586,3.0137358,5,43.774303,0.9991235259147636,1.0191369633151819,3457.1794857863015,0.96409023,0.90838772,0.0,True,0.9886135371403345,0.9859121903206273
271,11272,461.28,1682,6133.2031,2.9949899,4,47.426224,1.2110504783621194,1.0697325168007026,4303.85978129496,1.0735897,0.98198736,0.0,True,1.1698122448534836,1.0434089697604918
272,1,376.56519,1682,7512.9727,3.9915233,4,48.591156,0.9886982888312765,0.07766541423665915,413.6991452186416,0.96391416,0.051587597,0.0,True,0.9812630501818935,0.0698420690656614
273,3034,464.19568,1682,6094.6797,2.1019366,4,237.83553,1.2187028045944022,0.9199490791272803,3722.058428459586,0.99690384,0.86620772,0.0,True,1.1521631152160816,0.9038266713890961
274,66580,632.93964,1682,4469.8164,2.0131674,4,87.071167,1.6615263205134627,1.321255498513975,7029.547615376995,1.1349303,1.116774,0.0,True,1.503547514359424,1.2599110489597825
275,4434,562.53357,1682,5029.2539,1.9981427,4,237.15166,1.4767771209287925,0.9851776227467101,4723.880350369778,1.0865883,1.0211539,0.0,True,1.359720474650155,0.9959705059226971
276,2670,481.75128,1682,5872.582,4.0052075,5,42.065166,1.2647777576521628,0.9091609496647379,3801.2982360164306,1.0692279,0.72423273,0.0,True,1.206112800356514,0.8536824837653165
277,6278,380.56451,1682,7434.0195,3.0067065,5,45.004375,0.9991959608368104,0.9810124353822687,3328.0843092558716,0.96476829,0.99810219,0.0,True,0.9888676595857673,0.9861393617675881
278,60265,632.95459,1682,4469.7109,2.0125651,4,89.302742,1.6615655205044133,1.3094040884771085,6966.639993542752,1.1349305,1.1144841,0.0,True,1.5035750143530895,1.250928091933976
279,57,422.37848,1682,6698.0781,4.0074868,4,51.254753,1.108948364214405,0.4608889995628594,1722.2640676999833,0.97326428,0.25079176,0.0,True,1.0682431389500835,0.3978598276940016
280,4649,380.56689,1682,7433.9727,3.0218539,5,43.727249,0.9992022495058055,0.9473204951117408,3213.825555052099,0.96476835,0.98641312,0.0,True,0.9888720796540638,0.9590482825782185
281,0,361.94312,1682,7816.4883,0.99058264,2,86.893173,0.9503167829903587,0.0,250.87985315106997,0.91411084,0.0,0.0,True,0.9394550000932511,0.0
282,8503,461.46371,1682,6130.7617,3.9683018,5,42.156525,1.2115325872035365,1.0374621391373384,4175.512619698097,1.0106748,0.90262526,0.0,True,1.1512752510424757,0.997011075396137
283,2659,434.92496,1682,6504.8555,3.085001,4,79.55452,1.1418788459500535,0.898108668674179,3430.0171131216807,0.95037085,0.8648079,0.0,True,1.0844264471650376,0.8881184380719254
284,31503,437.13419,1682,6471.9805,4.0774398,6,47.605728,1.147677329133716,1.1802897510339636,4527.792900826352,1.0008103,0.93166018,0.0,True,1.103617220393601,1.1057008797237744
285,34622,443.97458,1682,6372.2656,4.1807661,6,51.035786,1.165630853082708,1.1931572466393328,4640.5565512934845,1.0034959,0.94312179,0.0,True,1.1169903671578956,1.118146609647533
286,0,356.55896,1682,7934.5195,1.9935641,3,46.439194,0.9361837577673384,0.0,247.14783782738633,0.93031234,0.0,0.0,True,0.9344223324371369,0.0
287,36980,452.32202,1682,6254.668,3.50424,5,49.919899,1.187539541670384,1.2032355886200288,4757.6074036633245,0.99684614,0.90620613,0.0,True,1.1303315211692688,1.11412675103402
288,13217,460.05435,1682,6149.543,2.9366012,5,57.003422,1.2078336523216628,1.0876501185334015,4365.644564545437,0.97944999,0.96510857,0.0,True,1.139318553625164,1.0508876539733811
289,10,349.65363,1682,8091.2188,4.0436878,4,211.23729,0.9180575532078483,0.26646521744067936,868.8566303095131,0.87015432,0.17711486,0.0,True,0.9036865832454939,0.23966011020847555
290,37069,477.45654,1682,5925.4062,3.9274895,6,122.8895,1.2535062383785607,1.21099860193717,5023.124629918063,1.118795,1.2409632,0.0,True,1.2130928668649925,1.219987981356019
291,44570,501.99844,1682,5635.7227,2.5570178,4,119.00352,1.3179152371406557,1.239357072732767,5373.8235917764305,1.0078349,0.95159709,0.0,True,1.2248911359984591,1.1530290779129369
292,2842,439.95529,1682,6430.4805,2.2359791,3,85.882469,1.1550817214453675,0.9068730053461737,3498.9498108609555,0.96024537,0.85956371,0.0,True,1.0966308160117573,0.8926802167423216
293,77,417.55182,1682,6775.5039,2.2489808,3,61.830128,1.0962798042954662,0.4938732700668516,1824.4709031926964,0.94045138,0.5293296,0.0,True,1.0495312770068264,0.5045101690467961
294,2709,391.3299,1682,7229.5117,6.8663726,6,31.305807,1.0274533123003533,0.8895340986387967,3093.491367687028,0.91169095,0.8630392,0.0,True,0.9927246036102473,0.8815856290471578
295,96,349.82489,1682,8087.2578,5.5527964,5,49.305298,0.9185070908611366,0.5083907035994008,1603.9357438795103,0.86036557,0.32787192,0.0,True,0.9010646346027956,0.4542350685195805
296,45,344.40118,1682,8214.6172,3.49647,4,16.450472,0.9042700260033725,0.4247422109377919,1325.9953772031142,0.86030215,0.28255588,0.0,True,0.8910796632023607,0.3820863116564543
297,303821,524.33209,1682,5395.6719,2.9764695,4,82.273994,1.3765269150768051,1.468970450207099,6619.273471534428,1.0641524,1.0297807,0.0,True,1.2828145605537635,1.3372135251449693
298,335,370.53912,1682,7635.1562,6.5614252,6,28.880756,0.9728805401549543,0.6506172383297495,2156.5684073397856,0.89585567,0.72782522,0.0,True,0.949773079108468,0.6737796328308246
299,3197,388.26822,1682,7286.5195,2.4641182,4,13.520262,1.0194169953313232,0.9073651734893182,3133.554988099698,0.90716028,0.86290818,0.0,True,0.9857399807319263,0.8940280754425227
300,35547,498.89597,1682,5670.7695,4.181561,6,29.268663,1.3097730568999424,1.2122990739399773,5227.764889655039,1.0033704,1.0491734,0.0,True,1.2178522598299597,1.163361371757984
301,552484,768.32861,1682,3682.1797,3.3075926,5,107.91854,2.0167421934124867,1.6100902947327838,10158.981771901317,1.1651819,1.2235519,0.0,True,1.7612741053887406,1.4941287763129487
302,6081,419.00775,1682,6751.9609,3.588933,5,72.60228,1.1001012234322765,0.9880989785094746,3650.920649653251,0.93513012,0.91221642,0.0,True,1.0506098924025935,0.9653342109566322
303,0,411.00897,1682,6883.3633,1.6811897,2,14.062977,1.0791065518799507,0.0,284.88970874034715,0.93135643,0.0,0.0,True,1.0347815153159654,0.0
304,15338,461.90399,1682,6124.918,3.2299547,4,73.244095,1.2126881164565544,1.1052155203458784,4451.931847200233,0.98065716,0.9749887,0.0,True,1.1430788295195882,1.0661474742421149
305,47860,616.35168,1682,4590.1133,3.0022645,5,49.116592,1.6180002895624894,1.2779477950697982,6641.853254681548,1.0880051,1.0531061,0.0,True,1.4590017326937426,1.2104952865488587
306,52773,502.68832,1682,5627.9883,1.5575665,4,38.906803,1.3197257708517367,1.2591157072662342,5466.128671213842,1.0081089,0.99807501,0.0,True,1.2262407095962158,1.180803498086364
307,11335,477.89572,1682,5919.9609,2.585979,5,42.097282,1.2546588494199207,1.0747297725987623,4461.551762145684,1.1187785,1.2409623,0.0,True,1.2138947445939443,1.1245995308191337
308,576,429.35345,1682,6589.2656,2.8787351,4,48.828941,1.1272555378596425,0.7230035944965804,2730.5049810443325,0.94560534,0.80735475,0.0,True,1.0727604785017497,0.7483089411476063
309,68289,616.35168,1682,4590.1133,4.4261017,5,200.5123,1.6180002895624894,1.320102581259285,6860.939229031424,1.0880051,1.0829073,0.0,True,1.4590017326937426,1.2489439968814995
310,55184,517.50073,1682,5466.8984,4.4523582,5,40.78508,1.3585991374613502,1.2685519949417874,5650.3133890295385,1.020022,1.0164902,0.0,True,1.257025996222945,1.1929334564592513
311,158469,747.83887,1682,3783.0664,2.6141455,5,45.669315,1.9629881919914953,1.45323463411907,8954.11925175235,1.1509664,1.192956,0.0,True,1.7193816543940468,1.375151043883349
312,5978,473.60812,1682,5973.5547,2.5305958,4,70.479103,1.2434060136883625,1.0000470427701598,4118.579494060877,1.1188487,1.2390783,0.0,True,1.2060388195818539,1.0717564199391119
313,28015,741.32776,1682,3816.293,3.3988473,5,102.74854,1.945906364206141,1.2416044848445995,7591.616408260623,1.1479807,1.1598023,0.0,True,1.7065286649442988,1.2170638293912197
314,0,616.39209,1682,4589.8125,2.0044587,3,68.971695,1.6181062813657479,0.0,427.2504393029521,,,,False,1.6181062813657479,0.0
315,0,367.44534,1682,7699.4414,2.0070395,2,16.415821,0.9647597460267319,0.0,254.69370143089048,,,,False,0.9647597460267319,0.0
316,0,473.09241,1682,5980.0664,0.98818237,2,26.748417,1.242052520363826,0.0,327.92267013580965,,,,False,1.242052520363826,0.0
317,2308,535.52063,1682,5282.9414,4.0443048,5,157.20598,1.4058889374069046,0.9033879690067979,4147.608780690568,1.0353463,0.9501155,0.0,True,1.2947261461848332,0.9174062283047585
318,9685,406.2952,1682,6963.2227,3.9888234,5,147.88254,1.0667341116176743,1.037248818412785,3729.196769152655,0.93232697,0.87831002,0.0,True,1.026411969132372,0.9895671788889495
319,6099,516.26532,1682,5479.9805,4.028707,5,45.946068,1.3553570008327755,1.0123864473937458,4499.875897413262,1.0222406,0.92263132,0.0,True,1.2554220805829428,0.9854599091756221
320,16247,741.32776,1682,3816.293,3.0412197,5,91.079483,1.945906364206141,1.175549950283892,7187.75579675701,1.1479807,1.1544948,0.0,True,1.7065286649442988,1.1692334051987243
321,0,395.79086,1682,7148.0273,4.0233474,4,148.51833,1.0391625566385962,0.0,274.341318700396,0.9218207,0.0,0.0,True,1.0039599996470174,0.0
322,7182,405.97751,1682,6968.6719,3.0436306,5,43.850086,1.0659002110117617,1.0033743922096439,3604.922611187598,0.93234295,0.85961652,0.0,True,1.0258330327082332,0.9602470305467508
323,3052,513.22742,1682,5512.418,3.0396352,5,43.219398,1.3473843747615357,0.931352066381368,4118.243305470826,1.0200585,0.87068915,0.0,True,1.249186612333075,0.9131531914669575
324,11124,524.61389,1682,5392.7734,4.1067743,6,45.626675,1.3772664944747741,1.084201981496404,4887.848592772716,1.0308443,0.98466116,0.0,True,1.2733398361323418,1.0543397350474828
325,3321,405.73871,1682,6972.7734,2.9710913,5,43.735649,1.0652734107610948,0.9161740616804642,3289.9823447781773,0.93272567,0.8775534,0.0,True,1.0255090885327665,0.9045878631763249
326,0,737.61694,1682,3835.4922,1.9820883,3,93.711685,1.9361708798010737,0.0,511.27710229425435,,,,False,1.9361708798010737,0.0
327,22464,586.02527,1682,4827.6484,3.9546721,4,267.03381,1.5384226829232037,1.1811889280572798,5871.831583135192,1.0814514,0.9183386,0.0,True,1.4013312980462427,1.102333829640096
328,19462,575.95624,1682,4912.0469,0.95366681,2,258.19223,1.5120003533347959,1.1619064437261175,5688.32921760523,1.075145,0.88873589,0.0,True,1.380943747334357,1.0799552776082821
329,16456,441.27872,1682,6411.1953,1.8756169,3,83.870438,1.1585551821731919,1.1074844254937442,4284.184001216193,0.99804598,0.85564834,0.0,True,1.1104024215212343,1.031933599845621
330,0,631.39355,1682,4480.7617,2.0721178,3,667.0174,1.6574694677845039,0.0,437.6486590062348,,,,False,1.6574694677845039,0.0
331,26,419.31293,1682,6747.0469,3.9152608,4,95.785637,1.1009022102222699,0.37379187474903847,1397.2364365207795,1.0001525,0.78127772,0.0,True,1.070677297155589,0.4960376283243269
332,7424,430.77692,1682,6567.4922,1.3217671,4,12.83321,1.130991623538842,1.0139088912066505,3839.403820944701,0.99966723,0.83723319,0.0,True,1.0915943054771895,0.9609061808446553
333,0,296.1192,1682,9554.0039,1.9937444,3,44.487492,0.7775259121758792,0.0,205.25418858966654,0.96330142,0.0,0.0,True,0.8332585645231154,0.0
334,3035,420.65265,1682,6725.5586,2.6072578,3,56.240612,1.1044185700744038,0.9097107338282922,3373.0560512289767,0.98277986,0.7118578,0.0,True,1.0679269570520826,0.8503548536798045
335,0,356.91986,1682,7926.4961,0.71598458,1,169.22952,0.9371311476212694,0.0,247.3979946448504,,,,False,0.9371311476212694,0.0
336,3035,358.73282,1682,7886.4375,2.0769141,3,56.226254,0.9418900319744891,0.8935747054150257,2876.5441255996734,1.0517881,0.61990249,0.0,True,0.9748594523821423,0.811473040790518
337,0,346.06229,1682,8175.1875,0.17221236,1,145.22878,0.9086303388669709,0.0,239.87210061161815,,,,False,0.9086303388669709,0.0
338,0,3.072,3,2.9296875,0.97604233,1,14.547453,0.758099335677272,0.0,2.129348138680152,,,,False,0.758099335677272,0.0
339,2,4.6079998,3,1.953125,1.9536195,2,110.50483,0.9453768395501159,0.6866246595611373,6.388044138781583,0.96529269,0.86718482,0.0,True,0.951351594685081,0.740792707692796
340,0,3.072,3,2.9296875,0.97757715,1,101.45127,0.758099335677272,0.0,2.129348138680152,0.87671721,0.0,0.0,True,0.7936846979740904,0.0
341,5994,515.87665,1682,5484.1094,3.059288,5,46.093456,1.3543369457969172,1.0102813681390812,4487.532492475369,1.0246544,0.91368091,0.0,True,1.255432182057842,0.9813012306973568
342,0,326.8923,1682,8654.6055,2.0124519,2,145.37234,0.8583087965720234,0.0,226.5844760917558,0.84749955,0.0,0.0,True,0.8550660226004164,0.0
343,0,511.4024,1682,5532.0898,1.0162258,2,119.34849,1.3425948832821177,0.0,354.47713169158936,1.0187534,0.0,0.0,True,1.2454424382974825,0.0
344,0,403.81018,1682,7006.0742,2.0650449,3,102.13604,1.0602114699504406,0.0,279.899887748404,,,,False,1.0602114699504406,0.0
345,0,394.90305,1682,7164.0977,1.993556,2,104.69183,1.0368321728440513,0.0,273.7259357020231,0.92326629,0.79333442,5.040557447838828,True,1.002762407990836,0.23800032600000004
346,0,515.26117,1682,5490.6602,0.99827904,2,100.49673,1.352721701062767,0.0,357.15182723751866,1.0242151,0.0,0.0,True,1.2541697207439368,0.0
347,0,456.98233,1682,6190.8828,0.90486872,2,176.39406,1.199770912684438,0.0,316.7560136052145,,,,False,1.199770912684438,0.0
348,4500,483.33499,1682,5853.3398,3.0059109,5,119.5615,1.268934152908386,0.9696580163180544,4065.9478300478263,1.0726714,0.92042339,0.0,True,1.21005532703587,0.954887628422638
349,10945,570.01843,1682,4963.2148,4.0044785,6,42.619907,1.4964187750958446,1.0928646038778083,5301.639227435561,1.0522299,0.96921897,0.0,True,1.3631621125670912,1.0557709137144657
350,59240,611.99762,1682,4622.7695,2.0181947,4,48.894989,1.6065753437233483,1.3021508323061717,6725.478094877159,1.211231,1.3252875,0.0,True,1.4879720406063437,1.3090918326143202
351,854,458.52466,1682,6170.0586,3.998584,5,108.29759,1.2038188764286455,0.7735037081046182,3096.0824784484644,1.0732249,1.0054257,0.0,True,1.1646406835000518,0.8430803056732328
352,7966,380.5611,1682,7434.0859,2.9976602,5,42.978069,0.9991870385875664,1.0077212372395563,3418.6522109557523,0.96476817,1.0082165,0.0,True,0.9888613780112965,1.0078698160676893
353,1785,482.63284,1682,5861.8555,2.9977052,4,48.023273,1.2670913614947978,0.8629669318166997,3614.0963659749777,1.0734695,0.95782214,0.0,True,1.2090048030463585,0.8914234942716898
354,57057,612.11554,1682,4621.8789,1.9902935,4,14.700518,1.6068847843536211,1.2977315954311155,6703.79212843227,1.2112328,1.3257619,0.0,True,1.4881891890475347,1.3061406868017809
355,7468,568.64093,1682,4975.2383,4.0028353,6,43.008327,1.4928038806387387,1.0476557130230877,5071.509588498819,1.0514212,0.93830019,0.0,True,1.3603890764471172,1.0148490561161614
356,3122,458.42395,1682,6171.4141,4.0104685,5,168.26784,1.203554553242064,0.9219057404031665,3688.8777063486573,1.0736916,1.0270308,0.0,True,1.1645956672694449,0.9534432582822165
357,2183,481.75482,1682,5872.5391,4.0158987,6,108.33053,1.2647869939454073,0.8859671942275228,3704.3915938211667,1.0692281,0.86093479,0.0,True,1.206119325761785,0.8784574729592659
358,3068,421.59711,1682,6710.4922,3.5684142,4,23.322792,1.1068974723134515,0.9111690159281861,3385.1856805281427,1.0155306,0.82533354,0.0,True,1.079487410619416,0.8854183731497303
359,11893,452.05917,1682,6258.3047,2.7926068,4,55.179794,1.1868496830679438,1.0733968119910917,4242.066030867573,1.017071,0.91411519,0.0,True,1.1359160781475608,1.0256123253937641
360,3036,355.90347,1682,7949.1328,3.0599079,3,18.804327,0.9344631558793431,0.892823846348417,2853.9737975078706,0.91658926,0.86377704,0.0,True,0.9291009871155402,0.884109804443892
361,0,305.4671,1682,9261.6328,0.78060722,1,19.617426,0.8020655405408296,0.0,211.73365911882289,0.85125804,0.0,0.0,True,0.8168232903785806,0.0
362,38412,452.1492,1682,6257.0586,2.4940755,4,13.52822,1.1870859699418308,1.2075289233894706,4772.967101116604,1.0173043,0.94619638,0.0,True,1.1361514689592815,1.1291291603726294
363,3183,358.67188,1682,7887.7773,3.2933249,5,65.027168,0.941730085221006,0.89886204451936,2893.1218328870345,1.0736991,0.92163575,0.0,True,0.9813207896547043,0.905694156163552
364,20584,400.44659,1682,7064.9219,5.551477,5,106.65524,1.0513828728040362,1.1206089744601395,3977.382300395235,1.0253134,0.74646461,0.0,True,1.0435620309628253,1.0083656651220976
365,84906,614.00397,1682,4607.6641,2.0331085,4,71.410316,1.6118399275781847,1.3453225128039519,6968.529744982378,1.1396698,1.1418022,0.0,True,1.4701888893047295,1.2842664189627664
366,4322,433.27045,1682,6529.6953,2.9633861,3,54.772373,1.1375363221710233,0.9530005704373166,3627.312555542235,0.97464806,0.85695171,0.0,True,1.0886698435197164,0.9241859123061216
367,3123,367.24115,1682,7703.7227,1.9696954,3,178.38419,0.9642237254532606,0.8991068045920056,2955.2591490794916,0.92213982,0.82341081,0.0,True,0.9515985538172824,0.8763980062144039
368,156,444.37094,1682,6366.582,4.6580181,5,42.564926,1.1666711128323004,0.5772438530606177,2249.6701136655242,1.0162584,0.70932925,0.0,True,1.1215472989826103,0.6168694721424324
369,8987,451.16,1682,6270.7773,3.0437684,4,47.415218,1.1844897871798763,1.041114619847323,4107.250956946455,1.0183927,0.88493109,0.0,True,1.1346606610259133,0.994259560893126
370,70487,609.09631,1682,4644.7891,1.996103,4,47.833355,1.5989623133754356,1.3220042075470237,6799.4712054317815,1.1386921,1.1380506,0.0,True,1.460881249362805,1.2668181252829167
371,0,599.31427,1682,4720.6016,2.187264,3,807.35461,1.5732939761642732,0.0,415.4129965198418,,,,False,1.5732939761642732,0.0
372,22659,359.34689,1682,7872.9609,3.4534645,6,140.56133,0.9435019098448804,1.117792761277862,3603.674590366754,1.0741851,0.97478843,0.0,True,0.9827068668914163,1.0748914618945034
373,5744,574.14087,1682,4927.5781,2.0414369,4,311.34302,1.5072366231714147,1.017978344777742,4969.912210734595,1.0874627,1.0450357,0.0,True,1.3813044462199902,1.0260955513444194
374,2951,356.0972,1682,7944.8086,4.022419,5,141.31343,0.9349716374323849,0.889716983926884,2845.422053973742,0.9199512,0.79127067,0.0,True,0.9304655062026694,0.8601830897488189
375,1168,450.87521,1682,6274.7383,3.9687562,4,50.54541,1.183742302766352,0.8077865923265378,3185.3247102550245,1.0176314,0.83788276,0.0,True,1.1339090319364464,0.8168154426285765
376,0,348.0871,1682,8127.6328,2.0358057,3,38.105301,0.9139454181871238,0.0,241.27559195428773,0.91783321,0.0,0.0,True,0.9151117557309867,0.0
377,64292,604.19446,1682,4682.4727,2.0287035,4,93.292564,1.5860996797150206,1.309857446583304,6689.170752088899,1.1380322,1.1376153,0.0,True,1.4516794358005145,1.2581848026083127
378,0,439.53799,1682,6436.5859,2.0227485,3,25.303642,1.1539864132439017,0.0,304.6645185174854,1.0090708,0.0,0.0,True,1.1105117292707312,0.0
379,21128,442.69937,1682,6390.6211,4.0310273,6,40.263332,1.162283910288967,1.1364074022569766,4408.599147444153,1.0120637,0.94979841,0.0,True,1.117217847202277,1.0804247045798836
380,48473,608.08173,1682,4652.5391,2.0161796,4,28.6959,1.5962999750294844,1.2774119979238636,6560.474284815828,1.2119499,1.3258756,0.0,True,1.480994952520639,1.2919510785467045
381,1884,480.8819,1682,5883.1992,3.0118711,5,118.72247,1.2624960339666598,0.8688208882707528,3626.9139403860236,1.0703425,0.90945888,0.0,True,1.2048499737766618,0.8810122857895268
382,3943,568.53156,1682,4976.1953,4.0103078,5,45.024055,1.4925169064989792,0.9726216128780877,4707.557429865268,1.0514196,0.89697784,0.0,True,1.3601877145492853,0.9499284810146614
383,42561,607.29651,1682,4658.5547,1.987998,4,42.761131,1.5942395545971726,1.2618190493758938,6473.015973601989,1.2121441,1.3275741,0.0,True,1.4796109182180208,1.2815455645631257
384,121,428.36966,1682,6604.3984,2.9987354,4,108.45404,1.1246734149584074,0.5461631350954395,2061.3937761682014,0.94573969,0.37992233,0.0,True,1.0709932974708851,0.4962908935668076
385,1414,482.21188,1682,5866.9727,3.0287848,4,49.619747,1.2659865753173052,0.8360468805615915,3498.7323088694557,1.0730762,0.95021868,0.0,True,1.2081134627221135,0.870298420393114
386,1,376.7113,1682,7510.0586,2.9926274,3,43.161022,0.9890818275969996,0.07766878906897544,413.8596634601389,0.96223754,0.051580913,0.0,True,0.9810285413178997,0.0698424262482828
387,0,427.55615,1682,6616.9648,2.0257483,3,120.15503,1.1225381722990517,0.0,296.35933990356506,0.9449923,0.0,0.0,True,1.0692744106093361,0.0
388,37497,607.27362,1682,4658.7305,2.5872331,5,50.296852,1.5941794208233577,1.246817309876985,6395.847998645204,1.2121439,1.3278632,0.0,True,1.4795687645763504,1.2711310769138895
389,3889,511.3024,1682,5533.1719,5.7101431,6,58.9743,1.342332412314739,0.9590565362175609,4226.641138548537,1.0837569,0.85716826,0.0,True,1.2647597586203174,0.9284900533522926
390,25105,606.64337,1682,4663.5703,3.6591651,5,53.689846,1.5925257088300133,1.1991769276278463,6145.844512645686,1.2121329,1.3277471,0.0,True,1.4784078661810094,1.2377479793394925
391,24198,442.6669,1682,6391.0898,4.0552893,6,45.370247,1.1621986991491593,1.1518792155456974,4468.327457734601,1.0151172,0.97417551,0.0,True,1.1180742494044114,1.0985681038819881
392,12104,353.75674,1682,7997.3711,3.0052056,5,41.417332,0.9288280986368739,1.04607983257419,3325.8285943614164,0.92159462,0.88822502,0.0,True,0.9266580550458118,0.9987233888019331
393,2115,367.07996,1682,7707.1055,3.0045314,5,129.64778,0.9638006185158263,0.8555348744297373,2811.008498617976,0.92228711,0.81029212,0.0,True,0.9513465659610785,0.8419620481008161
394,27132,447.11755,1682,6327.4727,4.0354314,5,48.264668,1.173879879299228,1.1662691812412653,4564.418660581253,1.0163662,0.97868901,0.0,True,1.1266257755094595,1.1099951298688857
395,0,292.36246,1682,9676.7695,1.9719585,2,52.010185,0.7676637664636768,0.0,202.65021485056977,0.84077531,0.0,0.0,True,0.7895972295245739,0.0
396,21362,359.04993,1682,7879.4727,3.009156,5,83.485603,0.9427223733330647,1.111120675177539,3579.5348276487134,1.0746671,1.0139251,0.0,True,0.9823057913331454,1.0819620026242773
397,32535,604.20605,1682,4682.3828,1.9994247,4,36.224838,1.5861301192344395,1.229277452499927,6277.781329051646,1.1380323,1.1373677,0.0,True,1.4517007734641076,1.2017045267499489
398,6101,351.76266,1682,8042.707,3.0063431,5,39.489857,0.9235936932325512,0.9692510472245669,3066.1517952649,0.92154551,0.90207738,0.0,True,0.9229792382627859,0.9490989470571969
399,1275,459.81281,1682,6152.7734,3.9914453,5,52.067474,1.207199707645412,0.8196408085740297,3288.7048405678074,1.0178643,0.83140987,0.0,True,1.1503990853517885,0.8231715270018207
400,3037,296.33087,1682,9547.1797,4.0213385,5,37.849171,0.7780815611945975,0.8750195147543081,2376.361343131933,0.9636904,0.86707693,0.0,True,0.8337642128362183,0.8726367393280157
401,0,459.92844,1682,6151.2266,2.0580869,3,57.247646,1.2075031738801492,0.0,318.798101445334,1.0093843,0.0,0.0,True,1.1480675117161043,0.0
402,46504,633.01544,1682,4469.2812,1.9920436,4,49.139507,1.6617252006211907,1.2785816843618956,6803.230016494898,1.1349314,1.106734,0.0,True,1.5036870604348336,1.227027379053327
403,6258,379.2598,1682,7459.5938,3.0515962,5,50.056702,0.9957712585619118,0.9802770398058205,3315.464695725252,0.96110857,0.97697961,0.0,True,0.9853724519933382,0.9792878108640743
404,6102,459.40973,1682,6158.1719,3.9991169,4,50.418331,1.206141771645002,0.9989128437804706,4004.5365973066414,1.0112467,0.87114602,0.0,True,1.1476732501515015,0.9605827966463294
405,0,311.55396,1682,9080.6875,1.9728556,2,52.968262,0.8180442902063688,0.0,215.95274896628598,0.87422293,0.0,0.0,True,0.8348978821444581,0.0
406,34508,633.02209,1682,4469.2344,1.9902501,4,47.475662,1.661742593746317,1.2430904936022829,6614.450613893819,1.1349316,1.0975026,0.0,True,1.5036992956224218,1.199414125521598
407,1721,377.28394,1682,7498.6602,3.0432398,5,48.35593,0.9905848886613685,0.835071410773814,2811.452853576869,0.95879424,0.93988645,0.0,True,0.981047694062958,0.8665159225416699
408,16428,464.08118,1682,6096.1836,3.9986198,5,47.302658,1.2184022549114064,1.1136878554787213,4504.772997155182,1.0125302,0.95987439,0.0,True,1.1566406384379846,1.067543815835105
409,0,464.11984,1682,6095.6758,2.0096047,3,50.845005,1.2185037205657536,0.0,321.7033585379329,1.0125309,0.0,0.0,True,1.1567118743960276,0.0
410,12100,380.72916,1682,7430.8047,2.9897399,5,47.880066,0.9996281281416904,1.0546625088933803,3579.282807768658,0.96019655,0.96988064,0.0,True,0.9877986546991834,1.0292279482253663
411,1901,459.81281,1682,6152.7734,4.0048089,5,53.20063,1.207199707645412,0.8653908503071086,3472.1324522865393,1.017864,0.81880426,0.0,True,1.1503989953517884,0.851414873214976
412,3033,350.91116,1682,8062.2227,2.8998203,4,85.289925,0.9213585643044999,0.8913123921561777,2813.593996764315,0.9215529,0.9148891,0.0,True,0.92141686501315,0.8983854045093245
413,43,297.52371,1682,9508.9023,2.8856452,3,31.844334,0.781213013733067,0.413107646911482,1132.5723466743025,0.97073042,0.93531525,0.0,True,0.8380682356131468,0.5697699278380375
414,14023,359.04993,1682,7879.4727,2.0811083,4,88.742516,0.9427223733330647,1.0642112139238145,3428.422987645081,1.0746671,1.0425535,0.0,True,0.9823057913331454,1.0577138997466702
415,3,355.76028,1682,7952.332,4.0471778,5,269.92657,0.934087318596176,0.1543483032012474,572.574082370171,0.91778034,0.10279997,0.0,True,0.9291952250173232,0.13888380324087318
416,0,464.20401,1682,6094.5703,1.0002493,2,432.8869,1.21872467362572,0.0,321.76170073612064,,,,False,1.21872467362572,0.0
417,28612,603.38757,1682,4688.7344,2.0028486,4,233.58553,1.5839823821838555,1.2138814121944352,6191.75289490661,1.1379305,1.1374048,0.0,True,1.4501668175286988,1.1909384285361049
418,496,366.78012,1682,7713.4062,3.1022997,5,252.47214,0.9630135415428623,0.693611649988,2277.9246415231114,0.92243201,0.73315734,0.0,True,0.9508390820800037,0.7054753569916
419,12672,358.79166,1682,7885.1445,1.9605467,4,94.841858,0.9420444432207066,1.0528370299278051,3389.615294694051,1.0751508,1.0700916,0.0,True,0.9819763502544946,1.0580134009494637
420,0,574.16772,1682,4927.3477,0.99798018,2,248.42799,1.5073070721109323,0.0,397.98273628653214,,,,False,1.5073070721109323,0.0
421,11357,446.24011,1682,6339.9141,3.0174296,4,46.77943,1.1715769926785604,1.066542297477748,4166.885575375892,1.0167484,0.82746732,0.0,True,1.1251284148749923,0.9948198042344236
422,0,312.32056,1682,9058.3984,1.983292,2,49.266678,0.8200567261042029,0.0,216.48411559490322,0.8731491,0.0,0.0,True,0.835984438272942,0.0
423,6058,379.39053,1682,7457.0234,2.0370314,4,32.965118,0.9961144040791933,0.9766730447145273,3304.2885723623403,0.95865512,0.91820085,0.0,True,0.9848766188554353,0.9591313863001691
424,0,310.30081,1682,9117.3594,2.0159371,2,49.040974,0.8147546689632343,0.0,215.08413157696728,0.87028605,0.0,0.0,True,0.831414083274264,0.0
425,0,378.0585,1682,7483.2969,1.042769,2,27.453445,0.9926180281644884,0.0,262.0501833617221,0.95711857,0.0,0.0,True,0.9819681907151419,0.0
426,0,561.80048,1682,5035.8164,1.0098989,2,420.18564,1.474853400593114,0.0,389.41041874922394,,,,False,1.474853400593114,0.0
427,12188,633.00269,1682,4469.3711,2.0172386,4,285.76685,1.661691790489892,1.1192783815939928,5955.524292345464,1.1349312,1.0796939,0.0,True,1.5036636133429244,1.107403037115795
428,0,360.43005,1682,7849.3008,1.0100396,2,388.90207,0.9463451774900483,0.0,249.8310729465801,,,,False,0.9463451774900483,0.0
429,6102,460.36694,1682,6145.3672,2.9979661,4,127.93694,1.2086541127889283,0.9991510606999141,4012.880309304878,1.0732923,0.83624095,0.0,True,1.16804556895225,0.9502780274899398
430,0,460.36636,1682,6145.375,1.0041072,2,36.744808,1.2086525792071834,0.0,319.1016444586448,,,,False,1.2086525792071834,0.0
431,0,633.00439,1682,4469.3594,0.99807501,2,47.593258,1.6616961385621916,0.0,438.765208210568,,,,False,1.6616961385621916,0.0
432,14348,446.24176,1682,6339.8906,2.9947815,4,47.392689,1.1715813339800845,1.0932424075548448,4271.205335752018,1.0167484,0.85893208,0.0,True,1.125131453786059,1.0229493092883915
433,8376,603.39056,1682,4688.7109,2.0751369,4,18.065569,1.5839903177797119,1.068573837503357,5450.646865248418,1.1379305,1.1375765,0.0,True,1.4501723724457982,1.08927463625235
434,2569,445.86157,1682,6345.2969,4.0082598,4,58.588734,1.1705834414495024,0.8967237689938579,3500.9274331303945,1.0144453,0.74942851,0.0,True,1.1237419990146518,0.8525351912957005
435,0,586.15808,1682,4826.5547,1.1724321,2,24.740206,1.5387711459712279,0.0,406.2938205144309,,,,False,1.5387711459712279,0.0
436,0,364.21701,1682,7767.6875,0.97872889,2,10.999329,0.9562856484387253,0.0,252.4559935934734,0.92783785,0.7669664,13.462907349025981,True,0.9477513089071077,0.23008992000000006
437,0,357.90656,1682,7904.6445,1.0244746,2,56.235638,0.9397210977556608,0.0,248.0819229679089,,,,False,0.9397210977556608,0.0
438,0,608.09552,1682,4652.4336,1.4507464,3,54.085236,1.5963361576591741,0.0,421.4996951991338,1.2121577,1.329865,3.2811278176330556,True,1.4810826203614218,0.3989595000000001
439,0,580.75476,1682,4871.4609,2.0340686,3,17.553005,1.5245922356951214,0.0,402.5485244907677,,,,False,1.5245922356951214,0.0
440,0,361.83551,1682,7818.8125,2.000972,2,13.456453,0.9500343665193045,0.0,250.8052635829699,,,,False,0.9500343665193045,0.0
441,0,329.74194,1682,8579.8125,0.99949527,2,9.9663372,0.865789208177615,0.0,228.55969602336666,1.0605936,1.0164996,7.403066249956028,True,0.9242305257243305,0.30494988
442,0,237.19827,1682,11927.254,1.0275161,2,23.930149,0.6228420192162694,0.0,164.41331208419666,0.92441517,0.86486423,5.494690355944909,True,0.7133139644513886,0.25945926900000005
443,0,-1.0,1,-1.0,0.0,0,46.138889,1.0,0.0,-0.6931471805599453,,,,False,1.0,0.0
444,0,10.42534,3,0.86328125,0.86534685,2,85.38636,1.305213317359778,0.0,7.2262950273788205,0.9592694,0.86794788,1.8436582426106887,True,1.2014301421518445,0.26038436400000003
445,0,-1.0,1,-1.0,0.0,0,13.873446,1.0,0.0,-0.6931471805599453,,,,False,1.0,0.0
446,0,516.86664,1682,5473.6055,0.99919784,2,84.018448,1.3569349817301044,0.0,358.2646542414922,1.0684425,1.1083535,0.950167015135542,True,1.270387237211073,0.33250605000000005
447,0,395.11978,1682,7160.168,2.0024867,2,103.59296,1.037401056370607,0.0,273.87616149046585,0.95887333,0.0,0.0,True,1.013842738459425,0.0
448,0,396.24063,1682,7139.9141,2.0020003,3,189.47058,1.0403430432051484,0.0,274.6530755077965,0.99988598,0.90026194,9.911799795857878,True,1.0282059242436037,0.27007858200000007
449,0,523.8584,1682,5400.5508,2.0036018,3,13.335655,1.3752838102149374,0.0,363.110972972644,,,,False,1.3752838102149374,0.0
450,12260,399.61273,1682,7079.6641,3.0102348,5,50.996246,1.0491941645613718,1.061900538799486,3762.058270731704,1.0246763,0.92989945,0.0,True,1.0418388051929603,1.02230021215964
451,0,322.80331,1682,8764.2344,1.0043839,2,14.558476,0.8475749461027142,0.0,223.750204201918,,,,False,0.8475749461027142,0.0
452,6138,399.6123,1682,7079.6719,3.0055974,4,54.044632,1.049193008942388,0.9838710880281667,3485.650264182279,1.0246763,0.89144731,0.0,True,1.0418379962596718,0.9561439546197167
453,0,595.14502,1682,4753.6719,0.92440522,2,69.218597,1.5623535023733992,0.0,412.5230926372923,1.2010316,1.351616,8.440625715415935,True,1.4539569316613794,0.40548480000000003
454,0,373.05847,1682,7583.5938,2.0063636,3,42.842922,0.9794936092021904,0.0,258.5844266645069,1.0644951,1.0529178,3.6188484630738134,True,1.0049940564415332,0.31587534
455,0,274.37558,1682,10311.137,1.0326716,2,132.07237,0.7204442885907322,0.0,190.1826596914997,,,,False,0.7204442885907322,0.0
456,0,407.45432,1682,6943.4141,2.0038548,3,171.52464,1.069776480153107,0.0,282.42581311496974,,,,False,1.069776480153107,0.0
457,0,275.2518,1682,10278.312,0.99510634,2,208.11742,0.722744664666185,0.0,190.79000911404995,,,,False,0.722744664666185,0.0
458,0,4.3227015,3,2.0820312,2.0821235,2,45.982487,0.9155228453046984,0.0,2.996268357127246,0.94904983,0.71236223,11.653296449992533,True,0.9255809407132889,0.21370866900000002
459,0,401.08817,1682,7053.6211,1.024296,2,48.987186,1.0530668446897975,0.0,278.01313419144805,1.0251975,1.0164715,1.3925817577353599,True,1.0447060412828582,0.30494145000000006
460,6084,275.85547,1682,10255.82,4.0274858,4,49.120251,0.7243294042110077,0.9434476892322711,2403.734589448968,0.95271254,0.31485021,0.0,True,0.7928443449477054,0.7548684454625898
461,6138,402.21078,1682,7033.9336,3.011241,5,50.690228,1.0560134690730678,0.9845906132263712,3508.315713915614,1.0262077,1.0304422,0.0,True,1.0470717383511476,0.9983460892584599
462,0,235.90033,1682,11992.879,1.0654767,2,25.94165,0.6194343977212073,0.0,163.51364863266068,0.92191738,0.0,0.0,True,0.7101792924048451,0.0
463,0,6.5084743,3,1.3828125,1.3810234,2,14.181542,1.104759078088588,0.0,4.511330610791863,0.95006722,0.0,0.0,True,1.0583515206620118,0.0
464,0,324.66669,1682,8713.9336,2.0130463,2,161.9561,0.8524664126748004,0.0,225.0418007952298,0.92452461,0.0,0.0,True,0.8740838718723603,0.0
465,0,400.04117,1682,7072.082,1.0076354,2,195.69598,1.0503187055371648,0.0,277.2874090934018,1.0663188,1.1401199,0.270447328930256,True,1.0551187338760153,0.34203597
466,12152,329.74149,1682,8579.8242,2.020443,4,190.19867,0.865788027806927,1.0384004780584817,3101.3550987164313,1.0605935,1.0011398,0.0,True,0.9242296694648489,1.0272222746409372
467,27495,525.12054,1682,5387.5703,4.0219426,6,195.89287,1.378596109805592,1.1896313168776755,5367.694037719028,1.1455808,1.1005118,0.0,True,1.3086915168639144,1.1628954618143728
468,0,323.21301,1682,8753.125,1.9999986,2,92.40802,0.848650436070731,0.0,224.0341866017934,0.92363846,0.0,0.0,True,0.8711468432495117,0.0
469,0,307.48422,1682,9200.875,2.0063636,3,49.763912,0.8073608137787114,0.0,213.13182015967394,0.95473617,0.0,0.0,True,0.851573420645098,0.0
470,0,323.28748,1682,8751.1094,0.99563909,2,104.59687,0.8488458568910106,0.0,224.0858052723297,1.0641415,0.0,0.0,True,0.9134345498237074,0.0
471,0,448.57251,1682,6306.9492,1.0031673,2,64.159134,1.1776986013936772,0.0,310.9267705831979,1.0480732,0.0,0.0,True,1.138810980975574,0.0
472,6862,373.05905,1682,7583.582,2.9957147,5,104.40829,0.979495132885487,0.9887805052732932,3295.6206745506997,1.0644951,1.0345488,0.0,True,1.004995123019841,1.0025109936913053
473,528,307.34006,1682,9205.1914,3.0313931,4,53.967327,0.8069823170075251,0.6870171288893834,1927.9063955645195,0.95549947,0.25776979,0.0,True,0.8515374629052677,0.5582429272225683
474,1052,373.12711,1682,7582.1992,3.0805893,4,145.04665,0.9796737207408475,0.7789830115901847,2597.094432754634,0.94321185,0.30298185,0.0,True,0.9687351595185932,0.6361826631131292
475,10886,450.84464,1682,6275.1641,2.86075,4,39.016384,1.183662005762086,1.0629505249250233,4190.78872557909,1.048197,0.82722479,0.0,True,1.14302250403346,0.9922328044475164
476,0,308.26819,1682,9177.4766,2.0540249,3,59.577835,0.8094187689419851,0.0,213.67522675481752,0.95551145,0.0,0.0,True,0.8532465732593896,0.0
477,12417,373.05905,1682,7583.582,2.0028048,4,39.399494,0.979495132885487,1.055155400376649,3516.8212615181383,1.0644951,1.0159502,0.0,True,1.004995123019841,1.0433938402636542
478,15183,451.22467,1682,6269.8789,3.150506,5,112.70145,1.1846594565312412,1.1010987854344965,4344.41972024243,1.0484059,0.89392811,0.0,True,1.1437833895718688,1.0389475828041475
479,6024,516.86591,1682,5473.6133,3.0102627,5,54.83707,1.3569330487789848,1.0110859544190887,4498.717520345934,1.0684425,1.1047199,0.0,True,1.2703858841452893,1.0391761380933622
480,22089,396.95468,1682,7127.0703,3.9783192,5,153.49043,1.0422173350014179,1.1274565136448256,3970.7081166160533,0.99989289,0.91100961,0.0,True,1.0295200015009924,1.062522442551378
481,0,276.31,1682,10238.949,0.98691672,2,61.398148,0.725522668758897,0.0,191.52349746051848,0.8241477,0.0,0.0,True,0.7551101781312279,0.0
482,6074,328.45575,1682,8613.4102,3.9783733,5,51.878136,0.8624128714270342,0.9614313859197468,2861.5399517231263,0.90126503,0.914298,0.0,True,0.8740685189989239,0.9472913701438228
483,36507,516.87213,1682,5473.5469,3.973084,6,98.129326,1.3569495038210262,1.2203770842827903,5429.904067183997,1.0684423,1.1031259,0.0,True,1.2703973426747184,1.1852017289979533
484,21189,407.45499,1682,6943.4023,4.0345283,6,101.94243,1.0697782976666101,1.1260805030755379,4058.794366158663,0.99721152,0.93584245,0.0,True,1.048008264366627,1.0690090871528766
485,6074,328.70514,1682,8606.875,4.0038443,5,53.215164,0.8630675493724509,0.9615118969686364,2863.7126628069177,0.9006201,0.42965183,0.0,True,0.8743333145607156,0.8019538768780454
486,13545,406.38116,1682,6961.75,3.0262852,5,38.09351,1.06695970548968,1.0751789334508375,3866.2780081292835,0.9962374,0.94955033,0.0,True,1.045743013842776,1.0374903524155863
487,0,274.90076,1682,10291.438,1.0049039,2,28.472246,0.7218230341605748,0.0,190.54668672778618,0.84522533,0.0,0.0,True,0.7588437229124023,0.0
488,8175,404.63928,1682,6991.7188,2.0358477,4,116.20284,1.062387674080313,1.01762670288079,3645.42789317646,0.99531227,0.81456399,0.0,True,1.0422650528562192,0.9567078890165529
489,1122,309.96429,1682,9127.2578,3.9966781,5,47.89119,0.8138712710143599,0.7702039688546185,2177.3903492237496,0.95721233,0.91104728,0.0,True,0.8568735887100519,0.8124569621982329
490,0,347.61627,1682,8138.6406,1.9929729,2,44.641167,0.9127095782982679,0.0,240.94923746726468,0.93860853,0.0,0.0,True,0.9204792638087875,0.0
491,7728,376.03769,1682,7523.5117,3.906378,6,50.02351,0.9873136798264174,1.0029741486952553,3366.614350684128,0.94599551,0.85109895,0.0,True,0.9749182288784922,0.9574115890866786
492,48887,458.34186,1682,6172.5195,3.1354527,5,57.401924,1.203339085592613,1.2370367096856907,4948.8580947983355,1.0329466,0.90848422,0.0,True,1.1522213399148291,1.1384709627799834
493,11721,373.44415,1682,7575.7617,3.1910443,5,60.548962,0.9805059783159661,1.0488203811465355,3498.9132632953556,1.0627031,0.9593215,0.0,True,1.0051651148211764,1.021970716802575
494,56524,467.8295,1682,6047.3398,4.1896338,6,47.878841,1.22823992282658,1.2566148387162386,5119.203713767505,1.0377764,0.96846664,0.0,True,1.171100865978606,1.1701703791013671
495,0,375.58023,1682,7532.6758,2.0266855,3,45.318325,0.9861128529383784,0.0,260.3323774985558,0.95000803,0.0,0.0,True,0.9752814060568649,0.0
496,66793,476.95157,1682,5931.6797,4.1495857,6,107.06212,1.252180944162483,1.2786189972235253,5298.63790512099,1.0496811,0.99745733,0.0,True,1.191430990913738,1.1942704970564677
497,60080,612.039,1682,4622.457,2.0030966,4,60.099922,1.6066839088575713,1.3038296092686357,6734.5500669546145,1.1815115,1.0959556,0.0,True,1.4791321862003,1.2414674064880449
498,72959,478.32022,1682,5914.707,4.0139675,5,46.240662,1.2557729576779377,1.2892065179663954,5356.076919315363,1.0512724,1.0211183,0.0,True,1.1944227903745563,1.208780052576477
499,10263,330.5878,1682,8557.8594,2.0180087,4,14.635298,0.8680096601941568,1.0200378718330918,3053.4726706741535,1.0584145,0.94729209,0.0,True,0.9251311121359098,0.9982141372831643
500,3037,276.76794,1682,10222.008,2.9575636,3,43.884487,0.726724846958625,0.8685486035487412,2219.4806556409676,0.95096678,0.86624408,0.0,True,0.7939974268710375,0.8678572464841188
501,0,238.4904,1682,11862.633,0.9763065,1,29.999832,0.6262343427819266,0.0,165.30894835061358,0.8648836,0.0,0.0,True,0.6978291199473485,0.0
502,40354,457.22754,1682,6187.5625,4.0257568,5,105.12738,1.2004145121894736,1.2147218327438194,4849.124554632981,1.0316995,0.72804463,0.0,True,1.1498000085326314,1.0687186719206736
503,41964,400.27353,1682,7067.9766,1.9469295,4,69.908279,1.050928605492663,1.2009123174961251,4260.757639799283,1.0663193,1.1395602,0.0,True,1.055545813844864,1.1825066822472876
504,45940,458.0369,1682,6176.6289,3.0017114,5,101.51228,1.2025387459511865,1.2298197549356327,4917.087961218142,1.0328207,0.8793,0.0,True,1.1516233321658305,1.1246638284549428
505,4691,329.95496,1682,8574.2734,3.0001073,4,85.031929,0.8663483896285021,0.9333923246874803,2789.3822538298546,1.0565447,0.44553149,0.0,True,0.9234072827399515,0.7870340742812362
506,44892,400.23727,1682,7068.6172,2.050468,4,58.962585,1.0508333910515986,1.208509150980959,4287.365424146623,1.0663183,1.1350293,0.0,True,1.055478863736119,1.1864651956866712
507,11446,404.42755,1682,6995.3789,3.004859,4,99.322441,1.061831973841485,1.0555772100034009,3779.606108370304,0.99534339,0.76019526,0.0,True,1.0418853986890395,0.9669626250023806
508,32500,526.69391,1682,5371.4766,3.015038,5,253.63702,1.3827250404521643,1.2095147757166045,5471.853002446881,1.1460023,1.0985593,0.0,True,1.311708218316515,1.176228133001623
509,1778,322.75342,1682,8765.5898,2.9562426,3,51.663937,0.8474439177234043,0.8243048065450652,2415.605576161359,0.95993388,0.88073075,0.0,True,0.881190906406383,0.8412325895815457
510,1228,338.12332,1682,8367.1367,1.9972445,3,179.08224,0.8877905709323352,0.787601969495249,2405.669466916237,0.92573136,0.84799129,0.0,True,0.8991728076526346,0.8057187656466742
511,0,476.03555,1682,5943.0938,2.0459547,3,20.356743,1.2497768578695527,0.0,329.96269932880284,,,,False,1.2497768578695527,0.0
512,0,403.84079,1682,7005.543,2.0389452,3,8.1562624,1.0602918382525457,0.0,279.92110498360097,,,,False,1.0602918382525457,0.0
513,5568,407.77411,1682,6937.9688,4.1318884,6,49.51717,1.0706158576827836,0.975102209067134,3517.113000623199,1.0000858,1.0128018,0.0,True,1.0494568403779485,0.9864120863469937
514,19549,412.84717,1682,6852.7148,3.0635536,5,221.83051,1.0839314057389753,1.11863601722499,4079.252768425699,0.99927253,1.007967,0.0,True,1.0585337430172825,1.085435312057493
515,3019,332.92365,1682,8497.8164,3.0858414,4,47.456535,0.8741413107586369,0.8856194946206817,2667.831460649863,0.91180724,0.86370808,0.0,True,0.8854410895310458,0.8790460702344771
516,0,277.96964,1682,10177.816,0.99990737,1,90.456017,0.7298796608017039,0.0,192.673872247263,0.83063483,0.0,0.0,True,0.7601062115611927,0.0
517,3792,332.3924,1682,8511.3984,4.0216951,4,48.458775,0.8727467340308845,0.910646980314247,2739.304319485781,0.90263569,0.80098271,0.0,True,0.8817134208216191,0.8777476992199729
518,764,333.88211,1682,8473.4219,3.01566,4,48.87653,0.8766573200448887,0.7340899677732419,2217.3719157273667,0.93170017,0.88944596,0.0,True,0.8931701750314222,0.7806967654412693
519,384,279.14084,1682,10135.113,2.0170579,3,111.63207,0.7329543085002366,0.6454039938930854,1662.5174462158034,0.84674132,0.83216935,0.0,True,0.7670904119501656,0.7014336007251598
520,28557,413.89307,1682,6835.3984,3.0078845,5,111.00144,1.0866765711800206,1.1618724307575357,4246.430071708576,0.99930316,1.0147064,0.0,True,1.0604645478260144,1.117722621530275
521,0,279.49957,1682,10122.105,2.0982819,3,105.50717,0.73389604800659,0.0,193.73433891321707,0.8473419,0.0,0.0,True,0.767929803604613,0.0
522,8871,412.45947,1682,6859.1562,4.0053201,6,381.95102,1.08291378778168,1.0290791292591228,3749.573448857938,1.0351945,1.0770581,0.0,True,1.0685980014471759,1.043472820481386
523,2334,334.36658,1682,8461.1445,3.9129822,6,49.831173,0.8779290781462799,0.8575978727112377,2593.4125109678557,0.9321689,0.96343541,0.0,True,0.8942010247023959,0.8893491338978664
524,0,280.96561,1682,10069.289,1.0330006,2,228.12209,0.737744756317067,0.0,194.7505204058052,0.84819192,0.0,0.0,True,0.7708789054219469,0.0
525,2485,334.69647,1682,8452.8047,2.9376731,4,48.145851,0.8787950653790687,0.8646211247017298,2616.9356184624726,0.93146485,0.9354189,0.0,True,0.8945960007653482,0.8858604572912109
526,1793,283.13248,1682,9992.2266,1.8983281,3,14.646384,0.7434332786794886,0.8134977805114842,2121.4438060456996,0.85234553,0.89984584,0.0,True,0.776106954075642,0.839402198358039
527,5927,476.29852,1682,5939.8125,3.9668617,6,101.95523,1.250467033266997,0.9997128151855198,4137.896187193771,1.1188003,1.2433864,0.0,True,1.210967013286898,1.0728148906298638
528,0,412.39981,1682,6860.1484,2.0058069,3,47.260288,1.0827572089673487,0.0,285.85376556495714,,,,False,1.0827572089673487,0.0
529,14073,476.39816,1682,5938.5703,4.0190682,6,103.96173,1.2507285115544813,1.0992385022442943,4550.6292818469265,1.1188011,1.2442746,0.0,True,1.2111502880881369,1.142749331571006
530,0,401.05643,1682,7054.1797,2.0138474,3,78.819855,1.052983479021057,0.0,277.99113369993705,,,,False,1.052983479021057,0.0
531,18550,476.42575,1682,5938.2266,3.9897301,6,100.01456,1.2508008783879994,1.1310300585696285,4682.4708630964415,1.1188035,1.2400601,0.0,True,1.2112016648715995,1.1637390709987399
532,0,402.46671,1682,7029.4609,2.0035775,3,104.93987,1.0566851973967115,0.0,278.96866530573715,,,,False,1.0566851973967115,0.0
533,4225,402.47253,1682,7029.3594,2.9892454,5,47.810711,1.0567004509972506,0.9425095515036426,3360.3428858910515,1.0357802,1.0216123,0.0,True,1.0504243756980753,0.9662403760525498
534,4729,402.4649,1682,7029.4922,3.0220776,5,294.26199,1.0566804936658762,0.9552266112541555,3405.6144675367023,1.0335544,0.97123188,0.0,True,1.0497426655661133,0.960028191877909
535,836,282.25726,1682,10023.211,2.060523,4,73.913254,0.7411355879795207,0.7304737565463388,1899.8787260524773,0.85112649,0.84554601,0.0,True,0.7741328585856645,0.7649954325824372
536,4466,326.04233,1682,8677.168,3.9559517,4,48.140102,0.8560775236870353,0.9267461933134049,2740.2867190101047,0.93051964,0.73819721,0.0,True,0.8784101585809246,0.8701814983193834
537,1071,325.92889,1682,8680.1875,3.9831355,4,52.451164,0.855779796175072,0.7693428805984338,2274.4014593183692,0.93051928,0.64982468,0.0,True,0.8782016413225504,0.7334874204189037
538,0,273.02701,1682,10362.066,0.99285555,2,65.103569,0.7169040267693932,0.0,189.247902198212,0.84850812,0.0,0.0,True,0.7563852547385752,0.0
539,13878,402.46558,1682,7029.4805,2.0003901,4,73.581322,1.0566822519245782,1.0767458563615175,3838.798899219734,1.0335544,0.93255788,0.0,True,1.0497438963472048,1.0334894634530623
540,18568,402.46558,1682,7029.4805,2.981288,4,64.596901,1.0566822519245782,1.1096095874615681,3955.9559937772046,1.0335544,0.86570221,0.0,True,1.0497438963472048,1.0364373742230977
541,4181,324.97379,1682,8705.6992,3.9988496,4,51.317703,0.8532725440382414,0.9191438988596073,2709.8862311908233,0.93229175,0.86549324,0.0,True,0.876978305826769,0.9030487012017252
542,205813,520.03638,1682,5440.2422,4.0776987,6,36.361843,1.3652535804275228,1.422290514892875,6362.506252318191,1.0667742,1.0820521,0.0,True,1.2757097662992658,1.3202189904250126
543,128,324.66205,1682,8714.0586,3.0040503,3,47.765434,0.85245418716021,0.5356323717743382,1580.303713130533,0.93409461,0.79384923,0.0,True,0.8769463140121471,0.6130974292420367
544,1,272.2373,1682,10392.125,2.022485,3,191.10796,0.7148307961568442,0.07494218499292463,299.0832432138268,0.8481971,0.051101208,0.0,True,0.754840687309791,0.06778989189504724
545,0,406.21658,1682,6964.5703,2.0003817,3,341.19739,1.066527764616652,0.0,281.56787712370345,,,,False,1.066527764616652,0.0
546,0,274.81711,1682,10294.57,1.0035806,2,209.6545,0.7216034707775267,0.0,190.48870496613236,0.83083701,0.0,0.0,True,0.7543735325442686,0.0
547,0,407.70181,1682,6939.1992,0.98368007,2,9.620162,1.0704260798485308,0.0,282.5973601106865,,,,False,1.0704260798485308,0.0
548,819,334.78482,1682,8450.5742,2.9856253,4,48.365891,0.879026965430692,0.7419872419469432,2246.5812713038713,0.91668969,0.9230659,0.0,True,0.8903257828014843,0.7963108393628602
549,3670,407.62149,1682,6940.5664,2.0265849,4,234.83658,1.0702152807791308,0.9279468287526219,3345.957638497124,1.0108528,1.0420511,0.0,True,1.0524065365453916,0.9621781101268354
550,6072,328.33542,1682,8616.5664,4.0063124,4,51.124973,0.862097047729859,0.9613561931447826,2860.3835305394564,0.91204834,0.9150905,0.0,True,0.8770824354109013,0.9474764852013479
551,4999,334.78375,1682,8450.6016,2.9774587,5,47.423664,0.879024115972029,0.9419227537542944,2851.4848261520137,0.91668969,0.93107915,0.0,True,0.8903237881804202,0.938669672628006
552,0,278.7355,1682,10149.852,1.9979167,2,161.20126,0.7318901663562233,0.0,193.20472594696662,0.83458817,0.0,0.0,True,0.7626995674493562,0.0
553,0,278.46533,1682,10159.699,1.0201385,2,44.043102,0.7311809421932058,0.0,193.01745837319476,0.84596437,0.0,0.0,True,0.7656159705352441,0.0
554,70672,516.84229,1682,5473.8633,4.0321083,6,102.1849,1.356871098134199,1.2971010158915337,5770.974714629932,1.0684416,1.0960222,0.0,True,1.2703422486939393,1.2367773711240737
555,3035,329.65848,1682,8581.9844,2.9611349,3,50.848732,0.8655701481824406,0.8852395432079622,2643.407882496275,0.90319371,0.86306095,0.0,True,0.8768572167277084,0.8785859652455735
556,0,275.86618,1682,10255.422,0.99475014,1,160.65149,0.724357509041137,0.0,191.21586487884235,0.82376462,0.0,0.0,True,0.7541796423287959,0.0
557,0,274.9924,1682,10288.008,0.99842471,2,106.51188,0.7220636416515671,0.0,190.61020673541267,0.83112609,0.0,0.0,True,0.754782376156097,0.0
558,655,407.17691,1682,6948.1445,4.0073495,5,253.83275,1.0690483700164446,0.733176093004411,2641.6351317029466,1.0009762,0.96376592,0.0,True,1.0486267190115113,0.8023530411030877
559,78155,517.45306,1682,5467.4023,3.9914196,6,101.16977,1.3584739687376368,1.3089719383370493,5829.871914061378,1.0681827,1.0938498,0.0,True,1.2713865881163458,1.2444352968359345
560,0,275.03992,1682,10286.23,0.9936415,2,50.397846,0.7221884278543305,0.0,190.6431450894329,0.83042777,0.0,0.0,True,0.7546602304980314,0.0
561,15210,408.35925,1682,6928.0273,3.0328312,5,151.85811,1.0721517141936452,1.0888774133895018,3932.4341865446004,1.0101823,1.0098832,0.0,True,1.0535608899355515,1.0651791493726512
562,0,274.16534,1682,10319.043,1.0127454,2,89.089676,0.7198924226072654,0.0,190.0369324282588,0.82898676,0.0,0.0,True,0.7526207238250857,0.0
563,6078,328.15289,1682,8621.3594,4.0020928,4,51.154839,0.8616178805099738,0.9614061877338629,2859.1173656595215,0.91086,0.91497886,0.0,True,0.8763905163569816,0.947477989413704
564,22789,408.31274,1682,6928.8164,2.9212976,5,38.523987,1.0720296456134315,1.1345789788192424,4097.059439071497,1.009768,1.0129292,0.0,True,1.053351151929402,1.0980840451734697
565,42571,400.23727,1682,7068.6172,1.9987342,4,100.34957,1.0508333910515986,1.2025202010882428,4266.119266524707,1.0663183,1.1331865,0.0,True,1.055478863736119,1.18172009076177
566,5391,361.54471,1682,7825.1016,3.232132,4,336.55655,0.949271011009204,0.9584178593879932,3106.70202660514,0.92992985,0.61402822,0.0,True,0.9434686627064428,0.8551009675715953
567,11,401.12927,1682,7052.8984,4.0214558,4,53.253742,1.0531747202913309,0.28041225809064624,1028.8762633455153,1.0205922,0.0,0.0,True,1.0433999642039316,0.19628858066345237
568,43819,400.23593,1682,7068.6406,1.9841558,4,100.36649,1.0508299133608572,1.2057794622533937,4277.668962207088,1.0663149,1.1219857,0.0,True,1.0554754093526,1.1806413335773756
569,8100,406.67551,1682,6956.7109,2.9914889,4,41.01033,1.067732336617657,1.0171622295872351,3660.025186480444,1.0091417,0.950032,0.0,True,1.05015514563236,0.9970231607110647
570,1754,339.10773,1682,8342.8477,2.0342205,4,113.60759,0.89037462590285,0.8273113766580551,2533.4039180654204,0.9261933,0.82897931,0.0,True,0.901120228131995,0.8278117566606386
571,35949,526.69202,1682,5371.4961,2.9792976,5,115.62004,1.3827200226503855,1.221256410946469,5524.953035271758,1.1460023,1.0997133,0.0,True,1.3117047058552698,1.1847934776625282
572,41789,400.19833,1682,7069.3047,2.0151243,4,101.49522,1.0507312249044733,1.2004154279230799,4258.284831458399,1.0663129,1.1111311,0.0,True,1.0554057274331314,1.1736301295461558
573,4722,404.37268,1682,6996.3281,3.9975204,5,49.78101,1.0616879550279672,0.9555693361205974,3421.159141673733,1.0212001,0.87428325,0.0,True,1.049541598519577,0.9311835102844181
574,1850,307.81485,1682,9190.9922,3.2052877,4,52.906898,0.8082287559325633,0.8243731583938573,2316.0055233184607,0.86697596,0.51255602,0.0,True,0.8258529171527943,0.7308280168757001
575,6202,374.79907,1682,7548.375,2.9306145,5,104.16291,0.9840624669773036,0.9779722323170904,3273.101360063244,1.0589889,0.92518103,0.0,True,1.0065403968841125,0.9621348716219633
576,0,369.85147,1682,7649.3516,1.9896855,3,49.384964,0.9710755742951034,0.0,256.3615036564512,0.94300008,0.0,0.0,True,0.9626529260065724,0.0
577,0,361.28897,1682,7830.6406,2.1246283,3,173.16806,0.948599716052816,0.0,250.42643092290666,0.93207991,0.0,0.0,True,0.9436437742369712,0.0
578,97638,612.80127,1682,4616.707,3.0331502,5,135.71797,1.6086841293686216,1.361568431199072,7040.499850101833,1.1823107,1.1234844,0.0,True,1.480772100558035,1.2901432218393503
579,0,307.22363,1682,9208.6797,1.983727,2,137.93478,0.8066766939147562,0.0,212.95119293589184,0.95218468,0.0,0.0,True,0.8503290897403293,0.0
580,0,373.50058,1682,7574.6172,1.0109855,2,53.90181,0.9806540904697889,0.0,258.8908739645043,1.0571142,0.0,0.0,True,1.0035921233288523,0.0
581,144197,617.13,1682,4584.3242,3.0351524,5,70.840195,1.6200426147597151,1.408951385241713,7330.8561475146125,1.1549104,1.1678498,0.0,True,1.4805029503318006,1.3366209096691992
582,6867,465.74255,1682,6074.4375,3.3575742,4,47.404682,1.222762621865815,1.0140363922733668,4114.7300849052,1.0449986,0.85100114,0.0,True,1.1694334153060706,0.9651258165913568
583,5680,375.98615,1682,7524.543,2.6245806,4,46.289566,0.9871783963904489,0.9684706245224525,3250.4222854066247,0.96969056,0.91592491,0.0,True,0.9819320454733143,0.9527069101657168
584,140153,617.08112,1682,4584.6875,2.569159,5,93.930611,1.619914295252022,1.4055642814902605,7312.72242405836,1.1546907,1.1658061,0.0,True,1.4803472166764153,1.3336368270431822
585,16140,407.57172,1682,6941.4141,2.11607,4,58.018696,1.070084621498199,1.0953486651186461,3949.035696806693,1.0094823,0.97955489,0.0,True,1.0519039250487392,1.0606105325830524
586,8865,407.57309,1682,6941.3906,2.0192742,4,116.08899,1.0700882432141667,1.0276167856010974,3704.876803056969,1.0094823,0.96015829,0.0,True,1.0519064602499166,1.0073792369207681
587,115118,517.42719,1682,5467.6758,4.019238,6,100.97879,1.3584060410132093,1.3539570693055818,6029.956943651778,1.068182,1.0879868,0.0,True,1.2713388287092464,1.2741659885139072
588,2451,333.87811,1682,8473.5234,2.8906813,3,51.713493,0.8766468214934972,0.8628647056758756,2605.941033160311,0.91992694,0.86413723,0.0,True,0.8896308570454481,0.8632464629731129
589,7,286.27841,1682,9882.4219,2.935246,3,165.49226,0.7516919779702805,0.22605533665947236,629.017958412735,0.84482938,0.15325868,0.0,True,0.7796331985791964,0.20421633966163064
590,37283,413.89212,1682,6835.4141,3.0114284,5,14.003567,1.0866740759644438,1.1920666676154916,4356.771819063376,0.99930304,1.021777,0.0,True,1.0604627651751106,1.140979767330844
591,1010,334.5878,1682,8455.5508,3.0056233,4,50.725315,0.878509727556559,0.7650941474048771,2315.2417960159755,0.91269904,0.88018531,0.0,True,0.8887665212895913,0.7996214961834139
592,47697,413.89352,1682,6835.3906,3.0064921,5,37.626198,1.0866778108455233,1.2199625567776307,4458.7365314455365,0.99930316,1.0291219,0.0,True,1.0604654155918665,1.1627103597443416
593,3992,334.35132,1682,8461.5312,4.1059361,6,50.602692,0.8778889654360533,0.9169204200635461,2772.6245418118338,0.93216842,0.92976123,0.0,True,0.8941728018052374,0.9207726630444824
594,25462,414.23773,1682,6829.7109,3.0184658,5,71.461655,1.0875812454393756,1.1489901321068992,4202.45045698519,0.99932617,1.0281945,0.0,True,1.061104722807563,1.1127514424748295
595,5222,332.71259,1682,8503.207,2.897449,3,48.449997,0.873587280016084,0.9460991974653384,2848.358695052217,0.90288043,0.82721066,0.0,True,0.8823752250112588,0.9104326362257369
596,2617,283.98834,1682,9962.1133,2.990931,4,13.933559,0.7456800645877599,0.8548167620447918,2235.143817252323,0.85548174,0.77617127,0.0,True,0.7786205672114319,0.8312231144313543
597,2652,335.89108,1682,8422.7422,3.1039913,5,50.050716,0.8819309211745088,0.8721546074703961,2648.105894179197,0.91223419,0.86885172,0.0,True,0.8910219018221561,0.8711637412292772
598,18090,413.74292,1682,6837.8789,3.0207622,5,137.73889,1.0862824850749564,1.1101273396809281,4056.0149909508877,0.99934411,1.0208167,0.0,True,1.0602009725524695,1.0833341477766498
599,3439,332.5444,1682,8507.5078,4.0312648,4,49.196781,0.8731457592769066,0.8998978400368165,2708.0811096004795,0.90355438,0.81568855,0.0,True,0.8822683454938346,0.8746350530257715
600,173050,517.9693,1682,5461.9531,4.0036545,6,100.0975,1.3598287747205882,1.4014857444701945,6247.407673123962,1.0679234,1.0867764,0.0,True,1.2722571623044117,1.3070729411291362
601,0,278.09344,1682,10173.285,1.0734011,2,21.822092,0.7302046723117592,0.0,192.7596838682163,0.83127964,0.0,0.0,True,0.7605271626182314,0.0
602,12184,413.737,1682,6837.9766,3.9700971,5,44.00705,1.08626696896942,1.0653715014163043,3892.4554994375917,0.99934405,1.0251573,0.0,True,1.0601900932785941,1.053307240991413
603,1294,330.86826,1682,8550.6055,2.9685152,4,51.962219,0.8687458633633643,0.7914933023122792,2371.3453516880404,0.9104318,0.87914026,0.0,True,0.881251644354355,0.8177873896185954
604,649,279.46851,1682,10123.23,1.9874711,3,133.39697,0.7338145058535716,0.7022718821795261,1810.5394367286617,0.83384323,0.8223834,0.0,True,0.7638231230975001,0.7383053375256683
605,15427,412.46231,1682,6859.1094,4.0062699,6,51.007607,1.082921174395464,1.0917127271735123,3977.788222941921,1.0351945,1.0419557,0.0,True,1.0686031720768248,1.0767856190214586
606,36274,400.17447,1682,7069.7266,2.0296798,4,61.904671,1.0506685381620604,1.1844407138914672,4201.396402941611,1.0663121,1.0759596,0.0,True,1.0553616067134421,1.1518963797240271
607,12716,413.65146,1682,6839.3906,3.0675216,5,62.979553,1.0860424559158717,1.0701857157560704,3909.3262943888285,1.0348307,1.033273,0.0,True,1.0706789291411103,1.0591119010292493
608,1949,324.59845,1682,8715.7656,2.7606921,3,16.86479,0.852287270617113,0.8349377444182451,2459.189453815384,0.91904354,0.8636027,0.0,True,0.872314151431979,0.8435372310927716
609,522,301.17001,1682,9393.7773,2.2787147,3,31.262703,0.7907850954602509,0.684247697704301,1885.773513181885,0.85881007,0.40860602,0.0,True,0.8111925878221756,0.6015551943930108
610,1851,332.73688,1682,8502.5859,4.1665649,4,29.277859,0.873651079131761,0.831523388772418,2503.6990258031647,0.93085921,0.86323595,0.0,True,0.8908135183922327,0.8410371571406926
611,23390,399.63348,1682,7079.2969,3.0746703,5,19.361265,1.0492485704283572,1.1347665436679757,4020.3724990754404,1.0194223,1.0407267,0.0,True,1.04030068929985,1.1065545905675829
612,2066,360.11267,1682,7856.2188,2.2554011,3,32.561424,0.9455120604562142,0.8510956580853534,2749.2215656025332,0.94424695,0.52705741,0.0,True,0.9451325273193499,0.7538841836597473
613,2553,387.87396,1682,7293.9258,1.6513338,3,28.143681,1.0183821563952526,0.8819822617342088,3043.184425445836,1.0011132,0.79942846,0.0,True,1.0132014694766769,0.8572161212139462
614,16487,396.00143,1682,7144.2266,1.9302663,4,22.59907,1.0397152322463101,1.0941923899886394,3845.3515992185257,1.0150912,1.0129306,0.0,True,1.0323280225724172,1.0698138529920476
615,9932,395.0881,1682,7160.7422,2.2317712,4,17.879513,1.037317893292845,1.0368185043254268,3636.27965338805,1.0137998,0.9694646,0.0,True,1.0302624653049914,1.0166123330277987
616,70096,526.5863,1682,5372.5742,3.0255103,5,44.657051,1.3824426591977759,1.2989671718937825,5875.46538898962,1.1460001,1.1129326,0.0,True,1.311509891438443,1.2431568003256477
617,0,336.72391,1682,8401.9102,1.0357111,2,98.422752,0.8841170921964109,0.0,233.39922884362076,0.92297232,0.0,0.0,True,0.8957736605374875,0.0
618,6132,325.9072,1682,8680.7656,3.0225637,3,46.623558,0.8557228182117179,0.9616536377269633,2842.4329996662027,0.92186975,0.91581821,0.0,True,0.8755668977482026,0.9479030094088743
619,3068,266.86603,1682,10601.289,1.6716051,2,21.987551,0.7007298064877566,0.866230993907037,2142.7828653175397,0.82821631,0.85758781,0.0,True,0.7389757575414296,0.8636380387349258
620,0,246.28433,1682,11487.227,0.52848881,1,29.303818,0.6466963050781186,0.0,170.71128895559517,0.79118156,0.0,0.0,True,0.690041881554683,0.0
621,0,323.33871,1682,8749.7227,1.0081359,2,17.031693,0.8489803555023239,0.0,224.12131520238978,0.91912055,0.0,0.0,True,0.8700224138516266,0.0
622,0,308.22134,1682,9178.8711,1.9908845,2,53.107243,0.8092958247833104,0.0,213.64275280940828,0.87969428,0.0,0.0,True,0.8304153613483174,0.0
623,100606,627.47522,1682,4508.7422,3.9114149,6,522.66052,1.6471880501403424,1.368953722166465,7227.878937359631,1.2678269,1.4689782,0.0,True,1.5333797050982398,1.3989610655165254
624,141,375.42642,1682,7535.7617,3.0146313,4,46.185585,0.9857091461386686,0.5550997693708333,1863.1829925547006,0.96890652,0.36898014,0.0,True,0.980668358297068,0.49926388055958326
625,0,362.96143,1682,7794.5586,2.0000143,2,32.849079,0.9529897779648264,0.0,251.58569185650595,0.92711896,0.0,0.0,True,0.9452285325753784,0.0
626,11601,461.82062,1682,6126.0234,4.5038915,5,35.787823,1.2124693664034896,1.073174795323408,4322.187940706741,1.0285214,0.97323817,0.0,True,1.1572849764824427,1.0431938077263856
627,6921,461.81946,1682,6126.0391,2.008467,4,12.920046,1.2124662600641303,1.0139513410711418,4083.6868262603057,1.0285214,0.92949545,0.0,True,1.1572828020448913,0.9886145737497993
628,2476,463.07141,1682,6109.4766,4.604394,5,37.725639,1.2157521226709367,0.8963896730547729,3618.998953729859,1.0607171,0.88226801,0.0,True,1.1692416158696557,0.892153174138341
629,136017,616.77472,1682,4586.9648,3.4776936,5,37.488297,1.6191104035279937,1.4019289064644818,7290.616330667224,1.1545995,1.1589621,0.0,True,1.4797571324695955,1.3290388645251372
630,5119,461.81946,1682,6126.0391,2.6370771,4,32.984329,1.2124662600641303,0.9793730295496338,3944.4485041969288,1.0285214,0.89882332,0.0,True,1.1572828020448913,0.9552081166847437
631,13512,453.70905,1682,6235.5469,3.0464995,4,72.53981,1.1911799250926287,1.0884482086690865,4315.445219174919,1.0285189,0.98194009,0.0,True,1.14238161756484,1.0564957730683606
632,0,391.8291,1682,7220.3008,1.9958899,2,25.306507,1.0287636661579864,0.0,271.5952359263408,0.93985748,0.0,0.0,True,1.0020918103105905,0.0
633,7433,360.62497,1682,7845.0586,2.9641364,4,37.51561,0.9468567813554697,0.9939560674086766,3214.594342945125,0.92592013,0.93299967,0.0,True,0.9405757859488287,0.9756691481860735
634,0,409.84048,1682,6902.9883,1.381362,2,31.152472,1.076039571146523,0.0,284.07977319133465,1.0066289,0.0,0.0,True,1.055216369802566,0.0
635,1146,442.54221,1682,6392.8906,3.0857699,4,13.189394,1.1618714242122858,0.8038998903229582,3118.053537498494,1.0180446,0.63932639,0.0,True,1.1187233769486,0.7545278402260707
636,135198,616.84723,1682,4586.4258,3.399827,5,22.24165,1.6193005995877188,1.4012321363320484,7287.748040318333,1.1545466,1.1571518,0.0,True,1.479874399711403,1.328008035432434
637,0,430.32925,1682,6574.3242,1.5258863,2,13.060563,1.12981666097054,0.0,298.2815063499758,0.99500805,0.0,0.0,True,1.0893740776793779,0.0
638,5666,484.53885,1682,5838.7969,4.4583097,5,33.5546,1.2720936502866171,0.9964972577840248,4187.671395276413,1.0437031,0.89085168,0.0,True,1.203576485200632,0.9648035844488174
639,2273,448.60611,1682,6306.4766,1.532428,3,46.394039,1.1777868287731714,0.8833674602265538,3467.6064983422084,1.0236722,0.83755165,0.0,True,1.13155244014122,0.8696227171585875
640,809,401.50687,1682,7046.2656,0.97402942,2,38.380596,1.0541658147933244,0.7558150407173232,2689.40064082887,0.97483778,0.75970143,0.0,True,1.030367404355327,0.7569809575021262
641,53,360.25491,1682,7853.1172,2.5116851,3,112.95105,0.9458853967326877,0.4447500057467851,1443.6614559859372,0.9257167,0.29027945,0.0,True,0.9398347877128814,0.39840883902274954
642,3112,300.86176,1682,9403.4023,2.9073727,3,31.64489,0.789975847083517,0.8791358579252881,2420.030713048742,0.84820175,0.8589626,0.0,True,0.8074436179584619,0.8730838805477017
643,0,258.93732,1682,10925.902,0.90490538,1,52.776779,0.6799146486767321,0.0,179.48167329974834,0.78364229,0.0,0.0,True,0.7110329410737124,0.0
644,10098,479.40082,1682,5901.375,5.5683818,6,153.92711,1.2586089565890288,1.0618121687463433,4420.214923574767,1.0815581,0.92145914,0.0,True,1.2054936996123202,1.0197062601224403
645,6144,400.80518,1682,7058.6016,4.0014105,4,49.771278,1.052324018551586,0.9843120698462294,3496.446730494252,1.0204219,0.92286986,0.0,True,1.0427533829861102,0.9658794068923606
646,0,324.06787,1682,8730.0352,0.99603826,2,43.838909,0.8508944912525958,0.0,224.62673040056688,0.92018282,0.0,0.0,True,0.871680989876817,0.0
647,79294,526.58173,1682,5372.6211,2.2168841,4,79.46788,1.3824305957314382,1.313319798661427,5940.338462535139,1.146,1.1163731,0.0,True,1.3115014170120067,1.2542357890629987
648,32222,458.70529,1682,6167.6289,3.7644241,4,101.37909,1.2042929598413543,1.1893863200905455,4761.575031773587,1.0551432,0.97229463,0.0,True,1.159548031888948,1.1242588130633817
649,3030,545.07611,1682,5190.3281,2.4668362,4,56.209984,1.4309651674561472,0.9370573977782849,4369.863044161739,1.1009473,0.87585974,0.0,True,1.3319598072193033,0.9186981004447994
650,0,472.2327,1682,5990.9531,0.47865042,1,39.202785,1.2397962281906993,0.0,327.3267645732105,1.0423349,0.0,0.0,True,1.1805578297334895,0.0
651,112603,560.65845,1682,5046.0742,3.1254685,5,50.129169,1.471856465402937,1.3641007198613897,6521.378037537077,1.1572742,1.1307769,0.0,True,1.3774817857820558,1.2941035739029727
652,2208,454.02902,1682,6231.1523,3.0257905,5,42.04715,1.1920197504405208,0.881262681954397,3496.3629744093532,1.0241679,0.79620767,0.0,True,1.1416641953083646,0.855746178368078
653,70987,606.47064,1682,4664.8984,2.3801985,5,20.296743,1.5920725098930284,1.322165286643126,6774.44699063268,1.2680055,1.4689003,0.0,True,1.49485240692512,1.3661857906501882
654,7632,457.54382,1682,6183.2852,2.0276632,4,15.570611,1.2012446328430835,1.0240714785477847,4090.609776129281,1.0275105,0.93418068,0.0,True,1.1491243929901584,0.9971042389834492
655,552,499.01077,1682,5669.4648,3.0025537,4,92.134445,1.3100743654626505,0.7306584604581884,3152.333214550571,1.025323,0.46943784,0.0,True,1.2246489558238554,0.6522922743207318
656,949,455.44717,1682,6211.75,2.9894004,4,47.382179,1.1957418063333347,0.7849699558526059,3123.2353730215013,1.025484,0.71946299,0.0,True,1.1446644644333344,0.7653178660968241
657,0,440.65021,1682,6420.3398,1.9998364,3,24.592997,1.1569055640911057,0.0,305.4354506746478,,,,False,1.1569055640911057,0.0
658,0,440.27356,1682,6425.832,2.0034199,3,47.17905,1.1559170571203103,0.0,305.1743767890899,,,,False,1.1559170571203103,0.0
659,0,456.617,1682,6195.8359,2.0014877,3,77.476067,1.1988120965099702,0.0,316.5027861457406,,,,False,1.1988120965099702,0.0
660,0,431.80887,1682,6551.7969,1.9950932,2,30.682936,1.1337001683869328,0.0,299.30710078127595,1.065794,0.96542162,9.136304777308242,True,1.1133283178708528,0.289626486
661,4045,456.61728,1682,6195.832,4.0006862,6,124.19928,1.1988128508652311,0.9511421813061128,3792.540363784504,1.0932193,0.93305469,0.0,True,1.1671347856056618,0.9457159339142789
662,6104,595.94763,1682,4747.2695,2.0774896,4,64.729965,1.5644596814528546,1.0296371414575114,5194.89168457065,1.2015003,1.3518584,0.0,True,1.4555718670169981,1.126303519020258
663,2137,440.50574,1682,6422.4453,4.0023007,5,49.118431,1.156526408451755,0.8744990350481769,3377.83929370869,1.0706249,0.82805812,0.0,True,1.1307559559162286,0.8605667605337239
664,0,585.58557,1682,4831.2734,2.0505748,3,175.92046,1.537268851603503,0.0,405.8969868220885,1.2689195,1.4244376,2.8174462434052043,True,1.456764046122452,0.4273312800000001
665,0,624.82001,1682,4527.9023,1.0139887,2,19.224564,1.6402209489382935,0.0,433.09222828893684,,,,False,1.6402209489382935,0.0
666,0,406.06558,1682,6967.1602,0.47238147,1,18.686644,1.0661314184030033,0.0,281.46321189943893,,,,False,1.0661314184030033,0.0
667,3105,458.29892,1682,6173.0977,2.4683416,3,48.893089,1.2032264119649083,0.9212515917285776,3685.3708516488914,1.0948274,1.0545905,0.0,True,1.170706708375436,0.9612532642100045
668,9045,456.61728,1682,6195.832,4.0002003,5,123.86401,1.1988128508652311,1.0432840993700843,4159.869488602862,1.0932193,0.99132431,0.0,True,1.1671347856056618,1.027696162559059
669,9303,625.7334,1682,4521.293,1.9880151,4,30.237782,1.6426175905703564,1.0856557609904298,5718.144015150519,1.2381439,1.2875074,0.0,True,1.5212754833992495,1.1462112526933008
670,24369,625.72852,1682,4521.3281,2.991112,5,48.79184,1.6426048442304593,1.2000521449702795,6320.577126597773,1.2381436,1.2897005,0.0,True,1.5212664709613213,1.2269466514791956
671,70663,595.55951,1682,4750.3633,3.0323634,5,90.920441,1.5634412144172056,1.3187916473001897,6649.842203467246,1.2014962,1.3531667,0.0,True,1.454857710092044,1.3291041631101328
672,69605,597.57269,1682,4734.3594,4.0368395,6,34.182308,1.5687239969804145,1.3175347044484336,6663.306237144807,1.2035482,1.3471099,0.0,True,1.45917125788629,1.3264072631139034
673,31303,625.87994,1682,4520.2344,4.0430994,6,38.76442,1.6430021073440506,1.2298351636784681,6478.816920655343,1.2389122,1.3029634,0.0,True,1.5217751351408353,1.2517736345749277
674,53805,595.54919,1682,4750.4453,2.0092967,4,64.434563,1.5634142383719298,1.2865977074708568,6487.411929188508,1.2014966,1.3524392,0.0,True,1.4548389468603509,1.3063501552295997
675,47125,611.51605,1682,4626.4102,2.9988244,4,51.148777,1.6053116141485813,1.2749223459450367,6580.280441840657,1.1810373,1.0328456,0.0,True,1.4780293199040069,1.2022993221615257
676,2093,440.27356,1682,6425.832,4.0025191,5,48.949745,1.1559170571203103,0.8720749728110975,3366.907884040924,1.0720234,0.94755584,0.0,True,1.1307489599842173,0.8947192329677682
677,58325,595.54919,1682,4750.4453,2.0037858,4,124.19366,1.5634142383719298,1.2961248777814702,6535.449842632515,1.2014966,1.3526137,0.0,True,1.4548389468603509,1.3130715244470292
678,0,353.92755,1682,7993.5117,2.0046287,2,27.355217,0.9292764400687148,0.0,245.32388340498906,0.9418627,0.0,0.0,True,0.9330523180481004,0.0
679,3112,449.66757,1682,6291.5898,3.0026579,4,50.095192,1.1805727550123712,0.9195075192608914,3616.9745535690386,1.0491308,0.87364227,0.0,True,1.14114016850866,0.905747944482624
680,62526,595.54822,1682,4750.4531,2.0154843,4,32.817978,1.5634116724063534,1.3043392914831642,6576.859188720802,1.2014961,1.3528161,0.0,True,1.4548370006844475,1.318882334038215
681,49236,611.78204,1682,4624.3984,2.0050838,4,24.125704,1.6060096876014305,1.280180163993134,6609.950697205719,1.1812738,1.0403298,0.0,True,1.4785889213210013,1.2082250547951938
682,6214,449.03891,1682,6300.3984,3.0083785,4,41.283726,1.178922717596488,0.9983857077287768,3922.301843783739,1.0485333,0.92474037,0.0,True,1.1398058923175416,0.9762921064101437
683,0,449.20184,1682,6298.1133,0.99604738,2,50.392376,1.1793503220178212,0.0,311.36298889833967,1.0486702,0.0,0.0,True,1.1401462854124749,0.0
684,0,501.83148,1682,5637.5977,0.1015238,1,83.6231,1.3174770691717528,0.0,347.8430754782246,,,,False,1.3174770691717528,0.0
685,3069,517.49371,1682,5466.9727,0.45971799,2,104.44016,1.3585806798969315,0.9328925149004511,4155.349527147032,1.0696084,0.86492431,0.0,True,1.271888995927852,0.9125020534303159
686,6134,580.86975,1682,4870.4961,2.4726684,4,33.390572,1.5248941192797996,1.0271090739619713,5066.304336143678,1.1132327,0.90659159,0.0,True,1.4013956934958598,0.9909538287733799
687,0,467.73251,1682,6048.5938,0.99497056,2,121.4135,1.2279853671723524,0.0,324.2074705627264,,,,False,1.2279853671723524,0.0
688,0,489.17062,1682,5783.5117,2.0009897,3,128.05742,1.2842495243944902,0.0,339.06723606576037,,,,False,1.2842495243944902,0.0
689,1211,460.90897,1682,6138.1406,3.9713771,5,65.723129,1.2100766306725548,0.81396512922176,3272.846339473936,1.034981,0.56506819,0.0,True,1.1575479414707883,0.7392960474552319
690,2985,460.90897,1682,6138.1406,3.0064785,5,50.51667,1.2100766306725548,0.9173340417101558,3688.205016878425,1.034981,0.81177604,0.0,True,1.1575479414707883,0.885666641197109
691,2361,469.45245,1682,6026.4336,3.0743029,4,55.017166,1.2324993758086276,0.8923368114192631,3646.559823109223,1.1030287,0.88875949,0.0,True,1.1936581730660394,0.8912636149934843
692,220182,650.1748,1682,4351.3281,2.0320768,4,99.530685,1.7067495209248664,1.4682329086633834,7998.592673472026,1.2493309,1.4396974,0.0,True,1.5695239346474064,1.4596722560643685
693,3866,489.17062,1682,5783.5117,4.0169411,6,54.530708,1.2842495243944902,0.9534760046121076,4040.7904121554757,1.1031079,0.85003829,0.0,True,1.2299070370761431,0.9224446902284753
694,203352,649.04913,1682,4358.875,2.1426325,4,33.483021,1.7037958320529156,1.4584415328656197,7933.135125924773,1.2499303,1.4396921,0.0,True,1.567636172437041,1.4528167030059338
695,19212,481.05246,1682,5881.1133,3.0264115,5,49.133392,1.262943660987076,1.1363282868103526,4744.810168437735,1.0357029,0.90417981,0.0,True,1.1947714326909533,1.0666837437672467
696,53176,611.78204,1682,4624.3984,2.0017166,4,26.586443,1.6060096876014305,1.2893013580862651,6657.04512429527,1.1812738,1.0531677,0.0,True,1.4785889213210013,1.2184612606603855
697,4,355.55124,1682,7957.0078,3.9952781,4,50.694626,0.9335385560375702,0.17918110861368783,637.0623010657768,0.94329369,0.11959022,0.0,True,0.936465096226299,0.16130384202958148
698,3695,450.28964,1682,6282.8984,2.9958451,4,49.897903,1.1822053717055725,0.9392803873530967,3699.2541043398714,1.0491709,0.85409915,0.0,True,1.1422950301939008,0.9137260161471678
699,4349,441.68533,1682,6405.293,2.9373538,3,94.612267,1.1596224254304834,0.9558012895376379,3700.510798446108,1.0651946,0.88403082,0.0,True,1.1312940778013385,0.9342701486763465
700,3688,448.94119,1682,6301.7695,1.8987699,3,82.008713,1.1786662962698362,0.9387418890309505,3687.325370948568,1.0467513,0.85924429,0.0,True,1.1390917973888852,0.9148926093216653
701,58938,611.78204,1682,4624.3984,2.9953086,5,52.087082,1.6060096876014305,1.3014909416215148,6719.982324215651,1.1812738,1.0631281,0.0,True,1.4785889213210013,1.2299820891350604
702,3168,450.28851,1682,6282.9141,2.1013343,4,89.11544,1.1822024185030242,0.921691060979804,3629.994909668058,1.0491709,0.84087157,0.0,True,1.142292962952117,0.8974452136858628
703,5795,451.3526,1682,6268.1016,3.0509043,5,47.643391,1.1849952557553067,0.9909896333759869,3911.013528210824,1.048592,0.9144426,0.0,True,1.1440742790287146,0.9680255233631908
704,49993,611.77277,1682,4624.4688,3.0169718,5,44.14061,1.6059852492907245,1.281985682052966,6619.184551503459,1.1812737,1.0771488,0.0,True,1.4785717845035071,1.2205346174370761
705,0,450.90863,1682,6274.2734,0.95861691,2,53.243771,1.183829985657374,0.0,312.54604557464756,1.0481324,0.0,0.0,True,1.143120709960162,0.0
706,15,362.99362,1682,7793.8672,2.8880591,3,93.97377,0.9530742967381177,0.3093896946023331,1028.4383679912714,0.95154887,0.20615229,0.0,True,0.9526166687166824,0.27841847322163316
707,1615,449.17786,1682,6298.4492,2.9584138,4,88.984749,1.1792874465369483,0.8444510204968784,3318.6732969432255,1.0483496,0.84098661,0.0,True,1.140006092575864,0.8434116973478148
708,0,-1.0,1,-1.0,0.0,0,6.4664946,1.0,0.0,-0.6931471805599453,0.93855757,0.0,12.401255552740183,True,0.981567271,0.0
709,0,469.39282,1682,6027.1992,1.1214708,2,118.94511,1.232342870526447,0.0,325.3583097580819,1.096061,0.71214843,6.57107578873938,True,1.191458309368513,0.21364452900000006
710,0,436.11554,1682,6487.0977,0.25509,1,274.30792,1.1450036650093522,0.0,302.29225694937804,,,,False,1.1450036650093522,0.0
711,3071,466.81091,1682,6060.5352,2.2796953,3,83.312569,1.2255665994489826,0.921933362531634,3748.682795370833,1.0566632,0.79018086,0.0,True,1.174895579614288,0.8824076117721438
712,1609,466.13583,1682,6069.3125,3.0004029,5,94.701447,1.2237947971058578,0.8476145186894813,3442.2314901888167,1.0410395,0.81620854,0.0,True,1.1689682079741004,0.8381927250826369
713,2834,630.55908,1682,4486.6914,4.0156751,5,107.76656,1.6552798994165112,0.9453308893448555,5013.03919901996,1.1707653,0.87871832,0.0,True,1.5099255195915577,0.9253471185413988
714,0,362.74472,1682,7799.2148,1.9936376,2,144.01112,0.9524209805252073,0.0,251.43547993100677,,,,False,0.9524209805252073,0.0
715,0,361.23364,1682,7831.8398,1.0029076,1,164.33302,0.948454504916447,0.0,250.38807908940626,,,,False,0.948454504916447,0.0
716,3048,460.37369,1682,6145.2773,3.0088038,4,50.153725,1.2086717885825256,0.9196052140222246,3693.5306363478717,1.0345411,0.27599797,0.0,True,1.1564325820077679,0.7265230408155572
717,0,625.4621,1682,4523.2539,2.0103936,3,156.4483,1.6419058053524376,0.0,433.5372911621025,1.1634291,0.95464778,10.034523706093799,True,1.4983627937467063,0.28639433400000003
718,0,476.66937,1682,5935.1914,2.0067098,3,46.761997,1.251440310498287,0.0,330.4020298747854,1.1026391,0.0,0.0,True,1.206799947348801,0.0
719,77,466.03625,1682,6070.6094,4.0687361,5,98.61618,1.2235334367304702,0.5000981045655457,2036.321091734284,1.0410241,0.31907824,0.0,True,1.1687806357113293,0.445792145195882
720,7374,461.35611,1682,6132.1914,3.0107234,5,51.346798,1.211250214511363,1.0211028341868873,4108.831409720962,1.0354284,0.91712594,0.0,True,1.158503670157954,0.9899097659308211
721,18941,625.47668,1682,4523.1484,3.9878304,6,52.252182,1.6419440849948166,1.1700610408897043,6160.438504974788,1.1634294,1.0182565,0.0,True,1.4983896794963716,1.124519678622793
722,3169,477.19229,1682,5928.6875,3.0649054,5,110.25189,1.2528127049526312,0.9278806932049308,3847.029888914163,1.1034633,0.82303208,0.0,True,1.2080078834668417,0.8964261092434516
723,3538,477.1904,1682,5928.7109,4.0466027,6,110.48241,1.2528077618998017,0.94055427650299,3899.5436432569372,1.1031481,0.87781012,0.0,True,1.2079098633298613,0.9217310295520929
724,0,588.56451,1682,4806.8203,0.99443233,2,31.857414,1.5450859432413722,0.0,407.96183068414575,,,,False,1.5450859432413722,0.0
725,0,561.92816,1682,5034.6719,2.0112801,3,20.828726,1.4751885365222535,0.0,389.4989197812379,,,,False,1.4751885365222535,0.0
726,9867,588.5545,1682,4806.9023,2.2853184,4,21.612492,1.5450595968863328,1.0847586466789718,5413.026262168881,1.1601857,1.1325417,0.0,True,1.429597427820433,1.0990935626752802
727,4566,440.81113,1682,6417.9961,4.0071378,5,100.6497,1.1573279069599058,0.9611379081260216,3714.6407858151033,1.0598056,1.0023162,0.0,True,1.128071214871934,0.9734913956882152
728,19008,593.48639,1682,4766.957,1.8542331,4,23.279654,1.5580011832993583,1.163230242143088,5847.455482933722,1.161567,1.1353327,0.0,True,1.4390709283095509,1.1548609795001616
729,3084,440.14862,1682,6427.6562,3.0229344,5,47.137234,1.1555891042982607,0.9162345749264171,3536.43176135028,1.0597247,1.0036027,0.0,True,1.1268297830087826,0.942445012448492
730,0,439.25223,1682,6440.7734,1.0169472,2,38.207924,1.1532363762946805,0.0,304.4664447791686,1.0598621,1.0100502,2.976141687626117,True,1.1252240934062763,0.30301506000000006
731,1546,446.75732,1682,6332.5742,3.0350585,4,52.27285,1.172934504280297,0.8389452560317376,3281.307000784843,1.0367852,0.82655072,0.0,True,1.132089712996208,0.8352268952222163
732,5015,561.93384,1682,5034.6211,2.9856067,5,43.070381,1.4752034154611626,0.9994954463169843,4788.006410496147,1.1213039,1.0522903,0.0,True,1.369033560822814,1.015333902421889
733,298,446.75845,1682,6332.5586,2.9923427,4,49.246651,1.1729373928443503,0.6511865467092569,2548.2130175145685,1.0367852,0.84330398,0.0,True,1.132091734991045,0.7088217766964798
734,24892,599.21661,1682,4721.3711,2.0251985,4,133.03857,1.5730376656417613,1.1964250582200922,6065.499480831411,1.1633511,1.1389574,0.0,True,1.4501316959492327,1.1791847607540644
735,6,353.89435,1682,7994.2617,4.0003152,4,133.82632,0.9291892796734952,0.21652850333362078,735.9026127557834,0.93422723,0.1444883,0.0,True,0.9307006647714466,0.19491644233353456
736,5,353.67557,1682,7999.207,4.0095205,4,176.89427,0.9286149763534124,0.1993618826433727,688.2208811359228,0.95380062,0.0,0.0,True,0.9361706694473887,0.13955331785036088
737,7998,561.86542,1682,5035.2344,3.0498512,5,134.5528,1.475023804551116,1.0542253466478995,5049.595116263904,1.1213028,1.0502841,0.0,True,1.3689075031857811,1.0530429726535295
738,0,462.69897,1682,6114.3945,0.998079,2,173.96761,1.2147745945922483,0.0,320.7184865034907,1.1140306,0.93178189,0.7965418262867286,True,1.184551396214574,0.27953456700000007
739,8834,447.99454,1682,6315.0859,2.9961839,4,51.298943,1.1761816709036295,1.0383154191922765,4070.7425121349006,1.0377356,0.94053751,0.0,True,1.1346478496325405,1.0089820464345935
740,5974,447.99509,1682,6315.0781,2.9897811,5,49.545795,1.1761831231916793,0.9936201714964098,3895.54431867404,1.0377356,0.92851359,0.0,True,1.1346488662341754,0.9740881970474868
741,3669,445.89395,1682,6344.8359,3.031841,5,47.786667,1.1706684663304054,0.9374222849647089,3659.9953633739683,1.0355352,0.90821791,0.0,True,1.1301284864312837,0.9286609724752961
742,202037,648.84619,1682,4360.2383,4.0001554,6,100.11446,1.7032633565900694,1.457613066695328,7926.445225371439,1.2511402,1.4413764,0.0,True,1.5676264096130488,1.4527420666867297
743,45943,625.96594,1682,4519.6133,4.0159864,6,42.143532,1.6432277941821691,1.2754396925273452,6719.8697518448125,1.1638875,1.1320683,0.0,True,1.4994257059275184,1.2324282747691417
744,194622,648.81769,1682,4360.4297,4.0420618,6,98.271034,1.7031886265362073,1.4531439911020083,7901.836954859028,1.2511398,1.4413711,0.0,True,1.567573978575345,1.449612123771406
745,21546,483.02682,1682,5857.0742,3.0202162,5,49.043873,1.2681253719408023,1.150079149946127,4819.660102062377,1.037855,1.009509,0.0,True,1.1990442603585616,1.1079081049622888
746,5902,477.70218,1682,5922.3594,4.013298,6,42.357491,1.2541508958932772,0.9995647923770213,4148.072119252202,1.1033268,0.88323164,0.0,True,1.208903667125294,0.9646648466639149
747,18172,482.65439,1682,5861.5938,2.9980664,5,51.676453,1.267147913469681,1.130349701346893,4733.752280825776,1.0376494,1.0056809,0.0,True,1.1982983594287768,1.0929490609428252
748,199047,645.85419,1682,4380.4375,3.1091955,5,49.186657,1.6954128037430674,1.455032197425501,7880.264800268644,1.2520335,1.4418622,0.0,True,1.5623990126201472,1.4510811981978509
749,13025,482.22507,1682,5866.8125,3.0085123,5,48.414154,1.2660211327425708,1.0918602715650698,4568.976162147066,1.0374438,0.99964857,0.0,True,1.1974479329197996,1.0641967610955487
750,13162,479.48492,1682,5900.3398,3.9621232,6,42.030586,1.2588297015877938,1.0923489973481375,4548.030074839379,1.1089973,1.0376807,0.0,True,1.2138799811114556,1.0759485081436961
751,1828,474.37402,1682,5963.9102,3.0439448,4,45.03661,1.2454161058447977,0.8639910311393727,3563.5314354133784,1.1046314,0.86408901,0.0,True,1.2031806940913583,0.8640204247975609
752,0,476.17734,1682,5941.3242,1.0078574,2,85.680145,1.2501489737180682,0.0,330.06098066753447,1.1347332,1.1755294,12.774374670077842,True,1.2155242416026477,0.3526588200000001
753,0,304.96713,1682,9276.8164,2.000071,2,61.651356,0.8007530625461841,0.0,211.38710632295832,,,,False,0.8007530625461841,0.0
754,0,304.53729,1682,9289.9102,2.000983,2,34.727592,0.7996246723417277,0.0,211.08916393886642,,,,False,0.7996246723417277,0.0
755,17385,372.09232,1682,7603.2852,3.0045395,4,51.712444,0.976957530679291,1.092504793372261,3632.9152098806394,1.0151957,0.98903233,0.0,True,0.9884289814755038,1.0614630543605827
756,11343,372.09195,1682,7603.293,2.0020804,4,13.753002,0.9769565287101705,1.0447269845556768,3474.04854591751,1.0151956,0.98519677,0.0,True,0.9884282500971193,1.0268679201889739
757,6122,372.08887,1682,7603.3555,2.0097754,4,36.761902,0.9769485001856598,0.9757258251613107,3244.604065322412,1.0151956,0.95008296,0.0,True,0.9884226301299619,0.9680329656129175
758,0,372.08926,1682,7603.3477,0.99661094,2,54.022022,0.9769495021383122,0.0,257.91262148563646,1.0151961,0.9442324,0.9204429815712388,True,0.9884234814968186,0.28326972000000006
759,1531,305.99481,1682,9245.6602,3.0102932,4,42.518753,0.803450871724694,0.8031254311875043,2244.4663863788237,0.91585577,0.89319551,0.0,True,0.8371723412072858,0.8301464548312532
760,23430,477.21902,1682,5928.3555,3.041646,5,119.10745,1.2528828413581208,1.1581268288160353,4801.709960932852,1.1342334,1.166903,0.0,True,1.2172880089506846,1.1607596801712248
761,0,458.10818,1682,6175.668,1.1621916,2,41.335598,1.2027257937952895,0.0,317.5363933584479,1.1071316,0.99418825,0.7915401650932707,True,1.1740475356567028,0.298256475
762,5713,367.11514,1682,7706.3672,4.0699325,4,97.83123,0.9638929304125209,0.966535150793069,3175.8578532962174,0.99069256,0.84958082,0.0,True,0.9719328192887646,0.9314488515551482
763,3057,306.00012,1682,9245.5,1.9792579,3,31.36215,0.8034647903869974,0.8788136209979117,2455.9090264113775,0.9151516,0.86367393,0.0,True,0.8369708332708982,0.8742717136985383
764,0,259.88348,1682,10886.125,0.97665149,1,31.97994,0.6823985442033186,0.0,180.13750143610693,0.83515769,0.0,0.0,True,0.7282262879423229,0.0
765,11292,468.56134,1682,6037.8945,2.0856991,4,34.052734,1.230160667393074,1.0718595083673228,4372.627024603506,1.1086782,1.0106984,0.0,True,1.1937159271751518,1.053511175857126
766,93851,639.32184,1682,4425.1953,4.5254211,6,142.95107,1.6782726185817367,1.3637230622697343,7319.905821987723,1.2538201,1.4477257,0.0,True,1.5509368630072158,1.388923853588814
767,0,366.25742,1682,7724.4141,2.0032969,2,85.432701,0.9616415264493471,0.0,253.87029803215972,1.0879229,0.48276114,13.442574343705045,True,0.999525938514543,0.14482834200000003
768,17266,468.56104,1682,6037.8984,2.9983134,4,40.894176,1.2301598730706726,1.1206302855605716,4571.567495598581,1.1086779,1.0132459,0.0,True,1.193715281149471,1.0884149698924002
769,63383,646.0224,1682,4379.2969,2.4918334,5,18.937969,1.6958541771281828,1.3186086917022772,7143.0583839232795,1.2539272,1.4487085,0.0,True,1.563276083989728,1.357638634191594
770,15810,481.37506,1682,5877.1719,3.785141,5,39.128593,1.263790339095844,1.1139625546217247,4654.186524914995,1.1302271,1.0999888,0.0,True,1.2237213673670908,1.1097704282352074
771,42548,644.27594,1682,4391.168,2.0092926,4,40.416016,1.6912716857410777,1.2706687031635333,6866.973314887855,1.2541221,1.4489678,0.0,True,1.5601268100187542,1.3241584322144733
772,0,468.57227,1682,6037.7539,2.0049582,2,16.405235,1.2301893044191352,0.0,324.78954783907346,1.1084362,1.0221978,12.525104698244608,True,1.1936633730933948,0.30665934000000006
773,16834,544.42914,1682,5196.4961,5.4251719,6,45.400997,1.4292673315853326,1.1373135586389234,5297.989532297996,1.1141219,1.0134923,0.0,True,1.334723702109733,1.1001671810472464
774,14174,482.06458,1682,5868.7656,3.5578721,4,37.911514,1.2655999498777057,1.101559524265026,4608.202674271576,1.1213903,1.0901194,0.0,True,1.222337054914394,1.0981274869855182
775,263,411.55594,1682,6874.2148,3.9244246,4,115.44477,1.0805422554722635,0.631051228042004,2296.3709534797963,1.1023959,0.85824394,0.0,True,1.0870983488305845,0.6992090416294028
776,6060,644.37054,1682,4390.5234,1.9804963,4,69.973183,1.6915198787794183,1.038358088202814,5612.33534456648,1.2541231,1.4493133,0.0,True,1.5603008451455929,1.1616446517419698
777,4577,446.36362,1682,6338.1602,4.0662422,5,57.316898,1.1719010899919782,0.9627862551555751,3762.5042558076248,1.0061239,0.84308374,0.0,True,1.1221679329943848,0.9268755006089027
778,33978,551.67224,1682,5128.2695,4.0369635,5,46.726498,1.4482749198855456,1.221276555282568,5755.88742922565,1.1140201,1.0483048,0.0,True,1.3479984739198818,1.1693850286977976
779,0,643.40259,1682,4397.1289,1.0309505,2,15.225948,1.688979981719508,0.0,445.9726912234665,1.2542038,1.4494433,8.326358511438885,True,1.5585471272036555,0.4348329900000001
780,19703,483.64969,1682,5849.5312,2.0424371,5,63.112621,1.2697600670921412,1.1399422770896823,4782.631716614533,1.1200788,1.0903639,0.0,True,1.2248556869644989,1.1250687639627777
781,7013,447.67249,1682,6319.6289,3.0684218,5,15.177074,1.1753364151292967,1.0118572171863476,3964.5007196357637,1.0039837,0.91534752,0.0,True,1.1239306005905076,0.9829043080304433
782,234891,650.29218,1682,4350.543,3.9361005,6,91.350746,1.707057379813079,1.475982465946733,8042.0888472547695,1.2491424,1.4391195,0.0,True,1.5696828858691552,1.4649235761627133
783,165880,661.66791,1682,4275.7461,4.0210347,6,51.209518,1.7369054813944562,1.4374391825626192,7952.607764604598,1.2725585,1.4715996,0.0,True,1.5976013869761192,1.4476873077938333
784,235226,650.15326,1682,4351.4727,3.1494336,5,97.115723,1.7066928314730807,1.4761149416675543,8041.2974153737105,1.2493304,1.4398289,0.0,True,1.5694841020311565,1.4652291291672879
785,25270,601.40692,1682,4704.1758,4.1389465,6,46.06464,1.5787851888371358,1.1987230111179916,6096.733989938838,1.1281815,1.087339,0.0,True,1.443604082185995,1.165307807782594
786,15810,489.88895,1682,5775.0312,3.9831524,5,42.758766,1.2861347622813182,1.1162161183567108,4736.503278326791,1.1021041,1.0010538,0.0,True,1.2309255635969227,1.0816674228496974
787,17488,479.90048,1682,5895.2305,4.0237727,6,96.521248,1.259920338725739,1.1251864416585562,4688.332343493862,1.0343057,0.8890869,0.0,True,1.1922359471080173,1.0543565791609892
788,61393,610.94757,1682,4630.7148,3.0511031,5,142.29176,1.603819999690842,1.306115186115062,6735.748081873093,1.219734,1.3182904,0.0,True,1.4885941997835894,1.3097677502805434
789,7460,389.52679,1682,7262.9766,2.9707184,4,132.45807,1.0227205204079746,1.002979064820399,3473.635826532554,0.97289908,0.8155697,0.0,True,1.0077740882855821,0.9467562553742792
790,8778,477.8869,1682,5920.0703,2.9927504,4,48.12764,1.2546356717690024,1.045300473894082,4339.323772004982,1.0326656,0.83539313,0.0,True,1.1880446502383017,0.9823282707258575
791,33060,602.90985,1682,4692.4492,3.036222,5,135.24809,1.5827289491392853,1.2308587616878757,6273.964225455728,1.1283356,1.0883173,0.0,True,1.4464109443974997,1.188096323181513
792,4831,467.09332,1682,6056.8711,3.0070422,4,40.502823,1.226307760385224,0.9740020059166145,3962.4566420913907,1.081187,0.92862248,0.0,True,1.1827715322696566,0.9603881481416301
793,2118,360.58438,1682,7845.9414,4.007618,5,43.8773,0.9467502712372137,0.8539903175534976,2761.7775589236176,0.94811666,0.82486933,0.0,True,0.9471601878660496,0.8452540212874484
794,9270,450.57816,1682,6278.875,4.0065465,5,44.802761,1.1829626682753211,1.044505875934671,4115.920822854057,1.0497315,0.96143597,0.0,True,1.1429933177927247,1.0195849041542697
795,3117,353.81067,1682,7996.1523,3.0335979,4,40.97646,0.9289696382880529,0.8951669880289725,2846.5015611423773,0.93938017,0.86571175,0.0,True,0.932092797801637,0.8863304166202808
796,0,290.21597,1682,9748.3398,1.0444438,1,59.105995,0.7620288935062303,0.0,201.1623813589697,0.85011441,0.0,0.0,True,0.7884545484543612,0.0
797,145411,643.09979,1682,4399.1992,3.9781835,6,472.99777,1.6881854947860024,1.4168683459947362,7644.74151584307,1.268014,1.4696631,0.0,True,1.5621340463502018,1.4327067721963154
798,71461,612.03955,1682,4622.4531,2.9925556,5,48.747021,1.606685263843147,1.3243849490166664,6840.726336464977,1.2206452,1.3190732,0.0,True,1.4908732446902029,1.3227914243116665
799,0,464.95917,1682,6084.6719,2.0101733,3,50.229309,1.2207066145792675,0.0,322.28513776099226,1.0791215,0.0,0.0,True,1.1782310802054874,0.0
800,76873,612.03851,1682,4622.4609,3.9906046,6,51.473686,1.6066825538742815,1.3330348813513124,6885.394070162153,1.2206452,1.3194832,0.0,True,1.490871347711997,1.3289693769459188
801,0,451.51328,1682,6265.8711,2.0195687,3,49.947098,1.1854169510766994,0.0,312.96515701737314,1.076766,0.0,0.0,True,1.1528216657536896,0.0
802,83425,612.11761,1682,4621.8633,3.0319123,5,46.713814,1.6068902056649812,1.3427472367432916,6936.34981794531,1.2206464,1.319909,0.0,True,1.4910170639654867,1.335895765720304
803,0,365.82895,1682,7733.4609,1.0131989,2,12.185703,0.9605168644965626,0.0,253.57330525970522,0.96532911,0.0,0.0,True,0.9619605381475939,0.0
804,19088,490.02386,1682,5773.4414,4.027627,5,41.870655,1.2864887953159319,1.1380036352818328,4830.125945301912,1.1023268,1.019351,0.0,True,1.2312401967211524,1.102407844697283
805,202074,648.34723,1682,4363.5938,3.0567384,5,65.398811,1.7019541875617834,1.4575012267420726,7920.4685450988745,1.2508236,1.439804,0.0,True,1.5666150112932484,1.4521920587194508
806,23065,481.05374,1682,5881.0977,3.0078325,5,50.505619,1.2629470098896638,1.1573853568908712,4832.74202462708,1.0357029,0.95017475,0.0,True,1.1947737769227647,1.09522217482361
807,213498,648.67938,1682,4361.3594,4.0116591,6,101.9911,1.7028257285209552,1.4641517128956734,7960.199026722543,1.2509296,1.4403831,0.0,True,1.5672568899646686,1.4570211290269712
808,28924,481.70163,1682,5873.1875,3.0184207,5,49.393425,1.2646474089726938,1.1836455711972824,4948.2781269230245,1.0364662,0.97671759,0.0,True,1.1961930462808856,1.1215671768380977
809,23029,489.70413,1682,5777.2109,4.0009198,6,40.519661,1.2856496808420261,1.1595851250506979,4918.880347872183,1.1043736,1.0680157,0.0,True,1.2312668565894183,1.1321142975354885
810,34306,482.32751,1682,5865.5664,2.9996552,5,49.078091,1.2662899987128835,1.2034879138912327,5037.0107426618,1.0372381,1.0046211,0.0,True,1.1975744290990185,1.1438278697238629
811,37436,482.35995,1682,5865.1719,3.0070071,5,50.844772,1.2663751421879692,1.213559137109943,5079.463240415789,1.0372387,1.0152497,0.0,True,1.1976342095315784,1.15406630597696
812,41795,482.36124,1682,5865.1562,2.9999361,5,51.597603,1.2663785308977726,1.226252535015542,5132.603288643737,1.0372387,1.0331929,0.0,True,1.1976365816284407,1.1683346445108793
813,24,375.20935,1682,7540.1211,4.0046396,4,227.09373,0.9851393991941814,0.3605213651082413,1222.4682842682905,0.93291986,0.23898408,0.0,True,0.9694735374359269,0.3240601795757689
814,4204,466.81754,1682,6060.4492,3.0041327,5,35.636173,1.2255839849517847,0.957978979670269,3895.250360352831,1.0807019,0.88799578,0.0,True,1.1821193594662494,0.9369840197691883
815,65837,612.03333,1682,4622.5,2.0096641,4,47.124901,1.6066689694245342,1.3146706714007605,6790.489995174624,1.220645,1.3187068,0.0,True,1.4908617785971738,1.3158815099805323
816,2852,466.82236,1682,6060.3867,3.9805169,5,46.180355,1.2255966200743609,0.9134448479364449,3714.261276144774,1.0807019,0.74589145,0.0,True,1.1821282040520527,0.8631788285555114
817,11,366.42291,1682,7720.9258,4.0059228,4,47.430733,0.9620758817990661,0.27757875205010285,939.8562075636866,0.96930283,0.18501636,0.0,True,0.9642439662593463,0.249810034435072
818,15573,489.99368,1682,5773.7969,3.0233519,5,226.70956,1.2864096119972221,1.1144999730442864,4730.115938762058,1.1021082,0.99131936,0.0,True,1.2311191883980555,1.0775457891310005
819,6841,389.54691,1682,7262.6016,3.0132599,5,47.358704,1.022773313419384,0.993243544308005,3440.081559858677,0.97314727,0.83526123,0.0,True,1.0078855003935687,0.9458488500156035
820,3891,454.10446,1682,6230.1172,2.990536,4,39.943768,1.1922177344649036,0.9461005676244227,3754.052211881559,1.0797929,0.89775813,0.0,True,1.1584902841254325,0.931597836337096
821,287,454.09705,1682,6230.2188,2.9992311,4,36.03561,1.1921982984781854,0.6481103827496418,2573.1076431131255,1.0797926,0.66437852,0.0,True,1.1584765889347297,0.6529908239247493
822,34903,604.13196,1682,4682.957,2.0166659,4,95.776787,1.5859357191760262,1.237571457186204,6319.453112553007,1.1285703,1.0869615,0.0,True,1.4487260934232182,1.1923884700303429
823,0,416.36432,1682,6794.8281,2.0212822,3,180.07164,1.0931629489208001,0.0,288.60175449375885,0.9500885,0.0,0.0,True,1.0502406142445602,0.0
824,15539,489.85846,1682,5775.3906,4.0121069,6,227.13995,1.2860547543909804,1.114212167464085,4727.740080157645,1.1018373,1.0010676,0.0,True,1.2307895180736863,1.0802687972248595
825,1686,376.6492,1682,7511.2969,3.9636524,4,226.9691,0.9889188126059224,0.832613014269941,2798.993077607731,0.9349165,0.5923894,0.0,True,0.9727181188241456,0.7605459299889586
826,23832,489.67136,1682,5777.5977,4.0165029,6,229.59204,1.2855636386428346,1.1635328081336556,4935.333202394063,1.1043729,1.0637167,0.0,True,1.2312064170499841,1.133587975693559
827,86128,625.91455,1682,4519.9844,3.0014586,5,173.86516,1.643092941475817,1.350089054918193,7112.650755940165,1.1638869,1.1541559,0.0,True,1.499331129033072,1.291309108442735
828,1940,400.51062,1682,7063.793,3.0281315,4,231.46864,1.0515508519855816,0.8542051404622947,3032.455605415085,0.93948019,0.8189134,0.0,True,1.0179296533899072,0.8436176183236063
829,5637,383.58463,1682,7375.4883,3.0300398,5,48.836449,1.0071233388609724,0.9697923199569969,3313.197674541129,0.98851645,0.92055851,0.0,True,1.0015412722026806,0.9550221769698979
830,4628,477.68359,1682,5922.5898,4.017386,5,45.73642,1.2541021235096748,0.9715738051065304,4031.7986071379155,1.04415,0.85901183,0.0,True,1.1911164864567723,0.9378052125745713
831,7723,489.61905,1682,5778.2148,4.021049,6,42.755974,1.2854263909195482,1.0334456460108188,4383.176032760396,1.1013455,0.94155633,0.0,True,1.2302021236436838,1.0058788512075731
832,4959,383.57245,1682,7375.7227,3.0104938,5,48.940636,1.0070913412215612,0.9554032182474498,3263.9570651387135,0.98884416,0.92431921,0.0,True,1.0016171868550927,0.9460780157732148
833,33,383.57629,1682,7375.6484,4.0204477,5,53.955944,1.0071014835979115,0.39593797734264613,1363.747219084801,0.99032098,0.25364491,0.0,True,1.002067332518538,0.3532500571398523
834,5752,389.60413,1682,7261.5352,3.0161607,5,48.57164,1.0229234724578409,0.9737612004239476,3373.056408082585,0.97352827,0.85063225,0.0,True,1.0081049117204886,0.9368225152967633
835,2925,466.14182,1682,6069.2344,4.0216064,6,76.599655,1.2238105399296983,0.9161921764019798,3720.6196810131373,1.0800818,0.87089771,0.0,True,1.1806919179507889,0.902603836481386
836,1219,466.22345,1682,6068.1719,3.9852147,5,47.180458,1.2240247511118685,0.8157910397489532,3313.6484251577785,1.0800833,0.51092643,0.0,True,1.1808423157783081,0.7243316568242673
837,4771,389.75317,1682,7258.7578,2.9945645,5,48.704277,1.0233147632474062,0.9527740604167432,3301.493993268153,0.97428185,0.8636409,0.0,True,1.0086048892731845,0.9260341122917202
838,38087,604.1496,1682,4682.8203,2.0020394,4,34.276871,1.585981995745655,1.2479040267714443,6372.377139581466,1.1285707,1.0864041,0.0,True,1.4487586070219585,1.199454048740011
839,3831,455.5463,1682,6210.3984,4.0088706,5,76.422096,1.1960019578112953,0.9446650449490905,3758.89613624277,1.0812783,0.89104569,0.0,True,1.1615848604679067,0.9285792384643634
840,239,383.79196,1682,7371.5039,3.0036035,4,49.431049,1.0076675553265468,0.6154021900846905,2105.020965306368,0.98859358,0.41081014,0.0,True,1.0019453627285828,0.5540245750592834
841,14726,489.99667,1682,5773.7617,2.9928689,5,42.076511,1.2864174519360378,1.1080446377999906,4702.74584453327,1.1021084,0.98054707,0.0,True,1.2311247363552265,1.0697953674599934
842,17839,514.80444,1682,5495.5312,3.985986,5,47.505909,1.3515231435346393,1.1366616157198977,5039.551659461093,1.040632,0.86229491,0.0,True,1.2582558004742475,1.0543516040039282
843,2924,384.09341,1682,7365.7188,3.0136738,5,49.066528,1.0084587714047608,0.8962437438783457,3065.599909114382,0.98900181,0.86858606,0.0,True,1.0026216829833325,0.887946438714842
844,27885,514.85278,1682,5495.0156,4.026072,6,46.12476,1.3516499114726468,1.1885404871650882,5269.989761800983,1.0414044,0.99102437,0.0,True,1.2585762580308528,1.1292856520155616
845,201,387.47681,1682,7301.4023,3.0318842,4,48.742947,1.0173396375965431,0.5966871591206544,2058.7441036320383,0.97079331,0.39601159,0.0,True,1.0033757393175802,0.5364844883844581
846,48283,606.83246,1682,4662.1172,2.022886,4,62.629475,1.5930218582637157,1.2766363324153103,6544.612974903441,1.1292819,1.0895917,0.0,True,1.453899870784601,1.2205229426907171
847,28993,514.5733,1682,5498.0,4.0295134,6,98.811127,1.3509164816552288,1.1929896408346772,5287.17822962704,1.0417981,0.99932474,0.0,True,1.2581809671586601,1.134890170584274
848,12025,489.46683,1682,5780.0117,3.0181451,5,41.960339,1.2850269135746921,1.0845173064573383,4598.496522796706,1.1016053,0.9623614,0.0,True,1.2300004295022844,1.047870534520137
849,1677,466.94485,1682,6058.7969,2.9742553,4,45.63599,1.2259181047798777,0.8525328554196624,3467.5108165110237,1.0806146,0.69729125,0.0,True,1.1823270533459143,0.8059603737937637
850,2009,455.07773,1682,6216.793,3.0005672,4,50.016129,1.1947721445469819,0.8706882318006008,3461.4975068383637,1.0258259,0.79664177,0.0,True,1.1440882711828873,0.8484742932604206
851,7343,489.59619,1682,5778.4844,4.0090032,6,41.514614,1.2853664390312616,1.0276162209284796,4358.275167619378,1.1008704,0.91445553,0.0,True,1.230017627321883,0.9936680136499357
852,5936,455.078,1682,6216.7891,2.9923239,5,48.342785,1.19477289382651,0.9946732195531673,3954.230835129401,1.0258259,0.89628631,0.0,True,1.1440887956785573,0.9651571466872171
853,7631,489.46088,1682,5780.082,2.0042114,4,66.453316,1.2850112898958814,1.0320238990808335,4375.895893423964,1.1016052,0.92871743,0.0,True,1.2299894629271169,1.0010319583565834
854,8936,470.62628,1682,6011.4023,1.3508862,3,49.279606,1.2355801721604023,1.0455121787648682,4281.789488343756,1.0806067,0.96470594,0.0,True,1.1890881305122816,1.0212703071354077
855,7454,437.34219,1682,6468.9023,1.37872,3,65.424927,1.148223277780559,1.01611524018184,3899.6816247486963,1.0395604,0.94247061,0.0,True,1.1156244144463914,0.994021851127288
856,0,300.3309,1682,9420.0234,2.0167818,2,12.926185,0.7885822751303885,0.0,208.17351657003087,0.87450027,0.0,0.0,True,0.8143576735912719,0.0
857,3961,466.94907,1682,6058.7422,2.9966116,4,76.935272,1.2259291690551957,0.9511756159780496,3868.5593863666422,1.0806147,0.91580188,0.0,True,1.182334828338637,0.9405634951846347
858,11474,470.60703,1682,6011.6484,2.010057,4,112.08195,1.2355296078007751,1.0742330887403924,4399.240717676486,1.0806063,0.9820596,0.0,True,1.1890526154605425,1.0465810421182746
859,6178,367.07309,1682,7707.25,3.0371392,4,38.712387,0.9637825533098237,0.9752640670523176,3204.2080010015898,0.96689212,0.91885316,0.0,True,0.9647154233168765,0.9583407949366223
860,90305,612.15643,1682,4621.5703,1.992465,4,56.836132,1.6069920358091576,1.3521473621051974,6985.298814614747,1.2206471,1.320382,0.0,True,1.4910885550664104,1.342617753473638
861,18149,470.60703,1682,6011.6484,1.9862763,4,13.174685,1.2355296078007751,1.126922386839072,4614.998867380897,1.0806063,1.0220268,0.0,True,1.1890526154605425,1.0954537107873505
862,27464,470.5997,1682,6011.7422,3.0097773,4,38.19384,1.2355103364929343,1.1745236070478533,4809.860309174214,1.0806062,1.0552728,0.0,True,1.189039095545054,1.1387483649334973
863,973,545.85834,1682,5182.8906,3.0198822,4,100.11485,1.4330178247355418,0.8044955774945571,3756.835893072683,1.0678962,0.51608503,0.0,True,1.3234813373148793,0.71797241324619
864,0,360.26422,1682,7852.9141,1.008417,2,31.85137,0.945909853947831,0.0,249.71612834962787,0.96806937,0.0,0.0,True,0.9525577087634817,0.0
865,20614,489.40863,1682,5780.6992,3.9864628,6,40.296143,1.2848741378600081,1.1467164970405213,4861.698583881732,1.1038721,1.0393416,0.0,True,1.2305735265020057,1.114504027928365
866,93017,625.91455,1682,4519.9844,2.9625874,5,95.72612,1.643092941475817,1.3592309718560087,7160.812370996345,1.1638869,1.1568933,0.0,True,1.499331129033072,1.2985296702992062
867,33213,514.54114,1682,5498.3438,4.0092955,6,97.569695,1.3508320423722893,1.208757896235712,5356.762703058336,1.041941,1.0069965,0.0,True,1.2581647296606024,1.1482294773649984
868,1144,400.41141,1682,7065.543,3.0231593,4,39.416656,1.0512904766343492,0.7946332381834188,2820.511144484142,0.93945205,0.80780894,0.0,True,1.0177389486440445,0.7985859487283931
869,1110,406.23096,1682,6964.3242,5.6467805,7,97.673103,1.0665654419448005,0.7925219196301363,2849.2696166911364,0.94425642,0.8040992,0.0,True,1.0298727353613604,0.7959951037410954
870,32009,514.32812,1682,5500.6211,3.0387778,5,53.72477,1.3502729906487216,1.2044129892516997,5335.554987273106,1.0420692,0.98314768,0.0,True,1.2578118534541052,1.1380333964761897
871,6869,454.90909,1682,6219.0977,3.057081,5,49.010956,1.194329523084609,1.0113391215692664,4019.1513496858956,1.0258173,0.91880572,0.0,True,1.1437758561592262,0.9835791010984865
872,16059,489.31802,1682,5781.7695,4.0309877,6,45.815556,1.2846363689119626,1.1178696875493481,4738.6287374038975,1.10387,1.0090219,0.0,True,1.2304064582383738,1.0852153512845437
873,33226,516.22668,1682,5480.3906,3.1058872,5,52.072819,1.3552556158811009,1.2092622776290942,5374.51245631467,1.0440866,1.0006181,0.0,True,1.2619049111167706,1.1466690243403659
874,10124,458.83258,1682,6165.918,3.1102295,5,48.926414,1.2046270149998362,1.0567741870130616,4231.749407013336,1.0307946,0.95791739,0.0,True,1.1524772904998852,1.0271171479091432
875,10397,417.17709,1682,6781.5898,2.9981925,5,182.58702,1.0952962764794179,1.0483949043733047,3858.6648621611794,0.95117015,0.95267397,0.0,True,1.0520584385355924,1.0196786240613132
876,10,359.35669,1682,7872.7461,4.0044327,4,66.37381,0.9435276458124482,0.2672779051263928,892.967828626805,0.92612201,0.17793411,0.0,True,0.9383059550687138,0.240474766588475
877,4267,488.59641,1682,5790.3086,4.013031,6,65.956825,1.2827425405310342,0.9647342974261384,4084.243296375697,1.099859,0.86452556,0.0,True,1.227877478371724,0.9346716761982968
878,4303,383.30185,1682,7380.9297,3.0060756,4,50.036018,1.0063810642953512,0.9394007587660598,3207.290655318111,0.98961961,0.88332486,0.0,True,1.0013526280067457,0.9225779891362418
879,48169,608.50171,1682,4649.3281,2.0296421,4,169.40239,1.5974019654953515,1.276771415716404,6561.177269530333,1.1299593,1.0883415,0.0,True,1.457169165846746,1.220242441001483
880,4238,383.2767,1682,7381.4141,3.02316,5,48.74453,1.0063150391502163,0.9376853846377182,3201.2490905128534,0.98967302,0.89211649,0.0,True,1.0013224334051514,0.9240147162464027
881,661,489.46088,1682,5780.082,2.0042496,3,41.701103,1.2850112898958814,0.7497975834512679,3179.9172038583633,1.1016052,0.58298576,0.0,True,1.2299894629271169,0.6997540364158876
882,544,445.62949,1682,6348.6016,2.0185258,3,40.407887,1.1699742980418986,0.7195583778912243,2808.6328798255245,1.0070633,0.47209665,0.0,True,1.121100998629329,0.6453198595238571
883,3903,383.30508,1682,7380.8672,3.0007868,5,49.442024,1.0063895838602865,0.928450424781771,3169.9380184358984,0.98967385,0.89410663,0.0,True,1.0013748637022006,0.9181472863472397
884,2633,488.0936,1682,5796.2734,3.9977894,5,41.364166,1.2814229575831588,0.9089227244373055,3844.536822315973,1.099354,0.71906435,0.0,True,1.226802270308211,0.8519652121061139
885,5136,447.32022,1682,6324.6055,1.99196,4,58.392731,1.174411878392569,0.9761841284532258,3822.091466327487,1.008548,0.86919838,0.0,True,1.1246527148747982,0.9440884039172581
886,623,465.43875,1682,6078.4023,1.9998531,3,115.07517,1.2219653046811982,0.7386844163350433,2996.3790806637485,1.0404524,0.75549662,0.0,True,1.1675114332768386,0.7437280774345304
887,806,480.71942,1682,5885.1875,3.002542,4,108.41483,1.2620696468566286,0.7710577449086321,3218.2059899262667,1.1056371,0.78927898,0.0,True,1.21513988279964,0.7765241154360424
888,196958,644.39288,1682,4390.3711,3.0327246,5,45.91386,1.6915785301255073,1.453381711558836,7855.636330467636,1.2530689,1.4419695,0.0,True,1.560025641087855,1.4499580480911851
889,182188,642.10712,1682,4406.0,4.0418344,6,116.22729,1.6855809095062972,1.4434772851702202,7777.718576105392,1.2532612,1.4433933,0.0,True,1.5558849966544082,1.443452089619154
890,38960,600.01935,1682,4715.0547,3.0105507,5,51.713364,1.5751440510333194,1.249571660075432,6342.409790804154,1.1636188,1.1467915,0.0,True,1.4516864757233234,1.2187376120528024
891,41681,633.30713,1682,4467.2227,3.0190132,5,98.408211,1.6624905823340954,1.2656251935854645,6737.025398415308,1.1714582,1.1510206,0.0,True,1.5151808676338667,1.231243815509825
892,175067,641.22992,1682,4412.0273,4.0012851,6,100.47556,1.6832792695015182,1.4384917924429372,7741.5274397643225,1.2534947,1.443673,0.0,True,1.5543438986510627,1.440046154710056
893,16416,482.38339,1682,5864.8867,2.9817963,5,74.27256,1.266436702979752,1.1185655422364928,4682.077616692275,1.1064852,1.0500271,0.0,True,1.2184512520858264,1.098004009565545
894,65678,600.54773,1682,4710.9062,4.3268118,6,51.279842,1.5765305596584456,1.3114421333220372,6661.605568747135,1.1637925,1.2114224,0.0,True,1.452709141760912,1.281436213325426
895,0,476.56934,1682,5936.4375,2.3175263,3,21.624395,1.2511777128417632,0.0,330.332694362314,1.0582852,0.0,0.0,True,1.1933099589892342,0.0
896,7,461.69138,1682,6127.7383,3.9958472,4,113.36662,1.2121301571885637,0.23843879609830038,1014.439647280276,1.0414938,0.15565957,0.0,True,1.1609392500319946,0.21360502826881025
897,10326,482.22473,1682,5866.8164,3.0076432,5,49.384529,1.2660202914345315,1.0651032382196728,4457.017008106819,1.0374438,0.99302131,0.0,True,1.1974473440041722,1.0434786597537709
898,1005,482.22443,1682,5866.8203,4.0048666,5,49.393383,1.2660194501276105,0.7967357153859858,3334.4521633445997,1.0374438,0.56236708,0.0,True,1.1974467550893273,0.7264251247701901
899,971,405.53445,1682,6976.2852,4.01861,5,174.14804,1.0647373152796562,0.7772667041137773,2790.2327745580565,0.94281292,0.61861128,0.0,True,1.0281599966957593,0.729670076879644
900,6313,477.9115,1682,5919.7656,3.9878321,5,174.12704,1.2547002281049016,1.0073637777371915,4182.052055178457,1.1033317,0.78619826,0.0,True,1.209289669673431,0.9410141224160341
901,0,387.56097,1682,7299.8164,4.0115395,4,175.07048,1.0175605961694352,0.0,268.63679365057754,0.94076276,0.0,0.0,True,0.9945212453186046,0.0
902,4427,479.48462,1682,5900.3438,4.000237,5,175.15053,1.2588288484828278,0.9668822020168805,4025.718875941555,1.1089973,0.95482332,0.0,True,1.2138793839379796,0.9632645374118163
903,770,474.5571,1682,5961.6094,2.9964666,4,175.29651,1.2458965956260915,0.7646647249257412,3155.3228260045626,1.1046389,0.52304685,0.0,True,1.203519286938264,0.6921793624480188
904,3695,477.6962,1682,5922.4336,3.0015326,5,57.694588,1.254135188400754,0.9456656826148938,3924.4065852315853,1.0441502,0.90065068,0.0,True,1.191139691880528,0.9321611818304257
905,10276,478.00769,1682,5918.5742,2.012794,4,47.707584,1.2549527120365722,1.0634680366642344,4415.72078087178,1.0443721,0.93198329,0.0,True,1.1917785284256004,1.024022612664964
906,12996,478.60849,1682,5911.1445,2.0088162,4,48.248932,1.2565295248752602,1.0906577372151418,4533.643224524335,1.045163,0.97056758,0.0,True,1.1931195674126822,1.0546306900505993
907,670,445.88846,1682,6344.9141,3.0024574,4,44.308964,1.1706540425848457,0.7433596605894743,2902.849065658023,1.0355351,0.70514411,0.0,True,1.130118359809392,0.731894995412632
908,12717,566.31189,1682,4995.6992,4.0418415,6,51.29467,1.4866922461247285,1.1096451732713142,5352.12998137564,1.1219697,1.051316,0.0,True,1.37727548228731,1.09214642128992
909,153102,641.1153,1682,4412.8164,4.0532222,6,103.21987,1.682978401798036,1.4224878029548493,7654.193957863443,1.2534884,1.4455037,0.0,True,1.5541314012586251,1.4293925720683944
910,2642,463.39645,1682,6105.1914,3.0132377,4,54.155361,1.2166051728956389,0.9039028342873531,3651.586362159115,1.1141083,0.93024498,0.0,True,1.1858561110269472,0.9118054780011472
911,132524,640.69104,1682,4415.7383,2.986428,5,91.013191,1.6818652768779352,1.4051793345142947,7556.652339073402,1.2536057,1.4462599,0.0,True,1.5533874038145545,1.4175035041600061
912,28328,571.26251,1682,4952.4062,4.0573587,6,48.477814,1.4996833826632459,1.2049081849909955,5856.398502125207,1.1202505,1.0868489,0.0,True,1.3858535178642721,1.169490399493697
913,126602,640.70123,1682,4415.668,3.0117545,5,64.684448,1.6818920410279268,1.3997355702357104,7527.483030229091,1.2536066,1.4463667,0.0,True,1.5534064087195487,1.4137249091649973
914,2873,447.22244,1682,6325.9883,3.0299625,5,51.048271,1.1741552444247974,0.9098086349122968,3561.5936245355756,1.0364561,0.88818091,0.0,True,1.1328455010973582,0.9033203174386077
915,28997,572.67816,1682,4940.1641,2.7458005,5,12.046463,1.503398207498565,1.2080026993847561,5884.277615126864,1.118714,1.0767258,0.0,True,1.3879929452489954,1.1686196295693292
916,21991,478.7901,1682,5908.9023,2.2780609,5,15.714662,1.257006167925286,1.1512668973583782,4787.1729996010945,1.1335661,1.0430093,0.0,True,1.2199741475477002,1.1187896181508648
917,0,446.69754,1682,6333.4219,1.9865777,3,69.935928,1.1727775618390557,0.0,309.6271404140634,1.0331438,0.0,0.0,True,1.1308874332873389,0.0
918,1819,431.15903,1682,6561.6719,2.3867316,3,52.747822,1.131994524147948,0.8540449187834032,3236.771666008508,1.0324558,0.7932272,0.0,True,1.1021329069035637,0.8357996031483823
919,1202,421.86945,1682,6706.1602,1.2445039,3,38.255623,1.1076122852736519,0.8049471490446776,2992.490708142712,1.0025394,0.68149441,0.0,True,1.0760904196915564,0.7679113273312743
920,4890,472.2016,1682,5991.3477,3.2680192,4,55.918087,1.239714600423359,0.9766145307852575,4011.52093036269,1.1334137,0.90983039,0.0,True,1.2078243302963514,0.9565792885496802
921,13836,462.22678,1682,6120.6406,3.7438586,4,79.49398,1.2135353247916854,1.093485962747873,4407.412640741113,1.0983088,1.007586,0.0,True,1.1789673673541798,1.0677159739235111
922,1519,429.23361,1682,6591.1055,2.9881222,4,37.034122,1.1269409611455117,0.8331274445425103,3145.0475816515413,1.048241,0.54914045,0.0,True,1.1033309728018583,0.7479313461797572
923,3242,407.57904,1682,6941.2891,1.8810569,4,11.286632,1.0701038862264511,0.9139216858153609,3295.098188021687,1.0692241,0.87874377,0.0,True,1.0698399503585159,0.9033683110707527
924,219,388.06851,1682,7290.2695,3.3276558,4,31.950148,1.018892767073921,0.6063861817650955,2094.856956315569,0.99239391,0.66467249,0.0,True,1.0109431099517447,0.6238720742355668
925,16002,458.32938,1682,6172.6875,1.4607335,4,16.869884,1.2033063453176793,1.1090874233424628,4436.900632291355,1.0769209,0.99475366,0.0,True,1.1653907117223756,1.0747872943397239
926,1442,398.91061,1682,7092.125,3.872438,5,28.429447,1.047351244741777,0.8203840832248971,2902.14342780802,1.0526161,0.82053244,0.0,True,1.048930701319244,0.820428590257428
927,1327,482.62546,1682,5861.9453,3.7852011,4,47.707897,1.2670719573567233,0.8288161612957033,3471.130174490227,1.0354935,0.69578844,0.0,True,1.1975984201497063,0.7889078449069924
928,10517,482.08414,1682,5868.5273,2.0095201,4,21.328342,1.265651323877458,1.0671793059031318,4464.551536083388,1.105502,1.0241288,0.0,True,1.2176065267142206,1.0542641541321922
929,4083,448.27515,1682,6311.1328,3.3384366,5,51.020451,1.1769181616302697,0.9502072742546456,3727.4423927063153,1.0366659,0.88247675,0.0,True,1.1348424831411887,0.929888116978252
930,44473,633.97406,1682,4462.5234,2.0071778,4,68.577309,1.6642404985723132,1.2734982819143914,6785.223085362204,1.1717567,1.1527486,0.0,True,1.5164953590006192,1.237273377340074
931,3039,376.45325,1682,7515.207,2.9997306,3,49.197037,0.9884044232257749,0.8985477034153612,3019.133113136629,0.99161714,0.86886775,0.0,True,0.9893682382580424,0.8896437173907528
932,0,307.23523,1682,9208.332,1.0085652,1,37.222466,0.8067071468329,0.0,212.95923344318632,0.89568287,0.0,0.0,True,0.83339986378303,0.0
933,9250,482.08029,1682,5868.5742,2.0172408,4,69.447441,1.2656412125927576,1.0523871015355513,4402.644057309766,1.105502,1.0109254,0.0,True,1.2175994488149304,1.039948591074886
934,2270,462.22235,1682,6120.6992,3.007659,4,54.869869,1.2135237101152638,0.8862436915724403,3572.246503535209,1.0414225,0.85203516,0.0,True,1.1618933470806847,0.8759811321007083
935,374,461.56693,1682,6129.3906,3.011055,4,56.202579,1.2118035098112585,0.679588924300737,2736.9022570758034,1.0409161,0.76127243,0.0,True,1.160537286867881,0.7040939760105159
936,74882,600.63336,1682,4710.2344,2.7020612,5,205.71472,1.5767553178389764,1.3269697468597224,6741.325956916845,1.1637939,1.2135038,0.0,True,1.4528668924872834,1.2929299628018056
937,118,364.25439,1682,7766.8906,3.9909859,4,205.38878,0.9563837401834129,0.5335027272460481,1743.864884397111,0.96456683,0.35570499,0.0,True,0.958838667128389,0.4801634060722336
938,106,396.38181,1682,7137.3711,4.0076528,4,149.26428,1.040713606987562,0.5266037400389009,1855.9116504650192,0.94341409,0.35257828,0.0,True,1.0115237518912934,0.4743961020272306
939,49961,633.9707,1682,4462.5469,2.0247724,4,53.651165,1.6642317385228405,1.2873427882391204,6858.953100827527,1.1717567,1.1565521,0.0,True,1.5164892269659884,1.2481055817673843
940,16800,478.64868,1682,5910.6484,1.9806926,4,38.046276,1.2566349538226826,1.1202272017508836,4656.89420440167,1.0452595,0.98727483,0.0,True,1.1932223176758778,1.0803414902256185
941,14860,478.59839,1682,5911.2695,2.0253327,4,11.971965,1.2565029632259714,1.1060862710857184,4597.685536759888,1.0452579,0.97618937,0.0,True,1.19312944425818,1.067117200760003
942,17255,478.60281,1682,5911.2148,2.9909587,4,50.087196,1.2565145864655143,1.1232915497956857,4669.236157771207,1.045258,0.98396826,0.0,True,1.19313761052586,1.0814945628569799
943,0,381.71442,1682,7411.625,0.4435471,1,23.379528,1.002214254039523,0.0,264.5842740020748,0.93081009,0.0,0.0,True,0.9807930048276661,0.0
944,3040,424.15256,1682,6670.0625,4.4960752,5,66.092529,1.1136047735020105,0.9107532034657021,3401.81825293869,0.97368604,0.86775631,0.0,True,1.0716291534514073,0.8978541354259915
945,2768,402.90308,1682,7021.8477,3.0231605,4,46.395733,1.0578305462266442,0.8948915724350197,3193.652601146185,0.94516939,0.85317087,0.0,True,1.024032199358651,0.8823753617045138
946,0,326.19916,1682,8672.9961,2.0000067,2,102.58469,0.8564892206814662,0.0,226.1040280550225,0.8597579,0.0,0.0,True,0.8574698244770262,0.0
947,0,401.40851,1682,7047.9922,2.0000074,2,28.530941,1.0539076410756538,0.0,278.2351769592686,0.95044488,0.0,0.0,True,1.0228688127529577,0.0
948,40938,518.78406,1682,5453.375,4.5838079,6,70.571602,1.3619669865231554,1.2342133944130715,5509.415570746911,1.0496817,1.0418484,0.0,True,1.2682814005662086,1.17650389608915
949,70854,634.15833,1682,4461.2266,2.9932978,5,95.384705,1.6647240471957572,1.3289610278493773,7082.537017580461,1.1717598,1.1667641,0.0,True,1.51683477303703,1.280301949494564
950,16119,460.52328,1682,6143.2812,1.7513471,4,25.313198,1.209064387338981,1.110529282098339,4461.493375308375,1.0476112,0.96722561,0.0,True,1.1606284311372868,1.0675381804688373
951,29641,576.07257,1682,4911.0547,4.8141441,6,193.72035,1.512305704453842,1.2114263050070528,5931.808474317263,1.1175486,1.070568,0.0,True,1.3938785731176893,1.169168813504937
952,15606,469.38156,1682,6027.3438,3.4779024,4,11.841919,1.2323133156055488,1.1092433831993287,4532.131903216014,1.0433691,0.93809354,0.0,True,1.1756300509238842,1.05789843023953
953,21645,485.23096,1682,5830.4688,4.9389853,6,107.25646,1.2739100548816924,1.1512113200647363,4843.877331927511,1.1126159,1.0802073,0.0,True,1.2255218084171848,1.1299101140453154
954,896,415.61432,1682,6807.0898,4.3337574,5,37.016865,1.091194398567597,0.7703299522096073,2826.2480588217727,1.0114819,0.79588491,0.0,True,1.067280648997318,0.7779964395467251
955,20118,514.56561,1682,5498.082,2.5561824,5,37.389561,1.3508963410188717,1.1505590384116735,5099.0722819599805,1.0629451,0.95785964,0.0,True,1.2645109687132101,1.0927492188881716
956,1380,390.7594,1682,7240.0664,3.0483274,4,43.96434,1.025955885892424,0.81353801942378,2825.6933710388566,0.99622601,0.79797649,0.0,True,1.0170369231246967,0.8088695605966459
957,5,347.20966,1682,8148.1719,1.093528,2,46.148556,0.9116422009582102,0.19895358482128842,675.6388012440445,0.94164181,0.1331204,0.0,True,0.9206420836707472,0.17920362937490186
958,0,338.48251,1682,8358.2578,1.1114634,2,45.986137,0.8887334370363267,0.0,234.61819747535347,0.96588653,0.0,0.0,True,0.9118793649254286,0.0
959,1365,381.42813,1682,7417.1875,2.9980507,4,44.334114,1.0014628487423667,0.8101071324166652,2754.053690442541,1.0256011,0.79944062,0.0,True,1.0087043241196567,0.8069071786916657
960,25756,485.96451,1682,5821.668,3.5388994,6,16.848421,1.2758352037073128,1.171468155069644,4935.698806997897,1.1137997,1.0747949,0.0,True,1.2272245525951189,1.1424661785487509
961,18661,485.86996,1682,5822.8008,4.2031269,6,59.053532,1.2755870808669987,1.1342775035955959,4778.190089184758,1.1110077,0.98856366,0.0,True,1.226213266606899,1.090563350516917
962,29009,519.80609,1682,5442.6523,3.1146564,5,41.287998,1.364649244746769,1.1944561336179051,5341.231271945934,1.093153,1.0555414,0.0,True,1.2832003713227385,1.1527817135325336
963,8108,481.97925,1682,5869.8047,2.9979024,5,148.83661,1.2653759838272138,1.0371789556270294,4338.224449203956,1.1050121,0.99146277,0.0,True,1.2172668186790496,1.0234640999389206
964,15170,461.79559,1682,6126.3555,3.0055022,4,51.179054,1.2124036618149452,1.1039229704215268,4445.801691734658,1.0741372,0.99433172,0.0,True,1.1709237232704615,1.0710455952950686
965,38362,518.30219,1682,5458.4453,3.0145741,5,54.919987,1.360702331200673,1.226528042862051,5470.614723418646,1.0494019,1.0807618,0.0,True,1.267312201840471,1.1827981700034358
966,89057,600.74994,1682,4709.3203,1.9853446,4,40.690216,1.5770612431304571,1.3474970167962492,6846.779717195938,1.1637958,1.2170198,0.0,True,1.45308161019132,1.3083538517573745
967,11439,461.03189,1682,6136.5039,3.4059391,6,52.761158,1.210399271572306,1.071352490773233,4308.323959308239,1.0741435,0.9961592,0.0,True,1.1695225401006142,1.0487945035412631
968,34838,517.7749,1682,5464.0039,4.0108843,5,101.31406,1.3593185780756136,1.215187326512647,5415.159888066505,1.0497299,1.0715154,0.0,True,1.2664419746529294,1.1720857485588527
969,4058,481.46436,1682,5876.082,4.0249319,6,40.813423,1.2640246680981582,0.9573156660143168,4000.457638065545,1.1044912,0.89804488,0.0,True,1.2161646276687106,0.9395344302100217
970,90901,600.74249,1682,4709.3789,2.0311191,4,17.903456,1.5770416276864845,1.3499181008782142,6859.0063851773675,1.1637957,1.2165457,0.0,True,1.4530678493805391,1.30990638061475
971,7540,483.14734,1682,5855.6133,2.9930656,5,54.611862,1.2684416448425775,1.0290976851079385,4313.656700662389,1.0475254,0.90234029,0.0,True,1.2021667713898043,0.991070466575557
972,4781,482.87933,1682,5858.8633,3.0205278,5,49.672035,1.2677382612052661,0.9765325697648362,4091.3512111167684,1.0475945,0.89659268,0.0,True,1.2016951328436862,0.9525506028353853
973,7145,402.90576,1682,7021.8008,2.9939566,5,49.545845,1.057837609674773,1.0019312984381465,3575.5662028132206,0.94516939,0.92860007,0.0,True,1.024037143772341,0.9799319299067026
974,43926,518.79895,1682,5453.2188,2.9390264,5,128.06497,1.362005983903663,1.2424046026283926,5546.120155185208,1.0496819,1.0536636,0.0,True,1.268308758732564,1.1857823018398748
975,56468,518.85059,1682,5452.6758,3.9914665,6,61.761116,1.3621415683593439,1.2716089580138168,5676.9854683279455,1.0496827,1.0832313,0.0,True,1.2684039078515408,1.2150956606096717
976,11,329.59518,1682,8583.6328,3.9832349,4,199.35054,0.8654039628976165,0.2743339687455263,845.3949451634196,0.85956246,0.18337587,0.0,True,0.8636515120283315,0.2470465391218684
977,4573,402.27805,1682,7032.7578,3.0172484,5,51.558216,1.0561899727526878,0.9513907957153472,3390.5450210871704,0.94426805,0.90309006,0.0,True,1.0226133959268815,0.9369005750007431
978,40765,518.30139,1682,5458.4531,2.9983907,5,53.125099,1.3607003875014985,1.2335878774009066,5502.094856752986,1.0494019,1.0781082,0.0,True,1.267310841251049,1.1869439741806347
979,97565,634.79364,1682,4456.7617,3.0042949,5,40.268494,1.6663910630397132,1.367188931474357,7292.696346826858,1.1720564,1.1739677,0.0,True,1.5180906641277994,1.30922256203205
980,8651,483.34628,1682,5853.2031,3.0080833,4,52.634846,1.2689637784048444,1.0449887607329058,4381.853694389006,1.0473783,0.87583637,0.0,True,1.2024881348833911,0.994243043513034
981,1248,402.27805,1682,7032.7578,3.0437555,4,52.326382,1.0561899727526878,0.8048641075013788,2868.604076198895,0.94426805,0.694143,0.0,True,1.0226133959268815,0.7716477752509652
982,1198,550.02075,1682,5143.668,3.0133371,4,38.940083,1.4439409322761902,0.8295291628091144,3899.689378771193,1.068702,0.53226274,0.0,True,1.3313692525933334,0.7403492359663799
983,840,438.77588,1682,6447.7656,4.9361982,5,44.293072,1.151986151109702,0.7677413245527953,2955.4978032355893,1.004035,0.50158602,0.0,True,1.1076008057767914,0.6878947331869567
984,22598,494.70007,1682,5718.8672,5.8026042,7,69.425247,1.2987612523331706,1.1587612644459275,4959.717056947672,1.1041355,0.97776937,0.0,True,1.2403735266332194,1.1044636961121492
985,41,392.53119,1682,7207.3867,4.8813772,5,36.416065,1.0306064798970707,0.42075342863975657,1476.3883572413317,1.0429028,0.27981693,0.0,True,1.0342953759279494,0.3784724790478296
986,7392,458.09052,1682,6175.9062,4.6627669,6,60.329151,1.2026794205945952,1.0205515485430257,4080.86464644254,1.0365213,0.92306405,0.0,True,1.1528319844162167,0.991305298980118
987,30966,524.52539,1682,5393.6836,2.9372287,5,36.768414,1.3770341628452338,1.2033082438433829,5423.964784208137,1.0934021,1.0523472,0.0,True,1.2919445439916637,1.158019930690368
988,5488,456.85376,1682,6192.625,3.1050293,5,42.060455,1.199433484529533,0.9861311413041454,3933.8231489080486,1.0352232,0.8954708,0.0,True,1.150170399170673,0.9589330389129018
989,32490,524.63745,1682,5392.5312,2.4277749,5,22.220776,1.377328330050952,1.2089286502856544,5450.326880672972,1.0934302,1.048453,0.0,True,1.2921588910356663,1.1607859551999582
990,31334,525.02924,1682,5388.5078,1.8721008,4,63.58884,1.3783563487476556,1.204817473081294,5435.37721732535,1.0934981,1.0290643,0.0,True,1.292898874123359,1.1520915211569058
991,3595,447.2998,1682,6324.8945,2.6961083,4,82.854889,1.1743582335858072,0.9354320418590701,3662.4261023939634,1.0250937,0.87355191,0.0,True,1.1295788735100651,0.9168680023013491
992,3821,471.55322,1682,5999.5859,1.1019807,4,68.668808,1.2380128807460304,0.9481127201658834,3889.7438315807062,1.0095578,0.86768794,0.0,True,1.1694763565222213,0.9239852861161184
993,1168,395.16895,1682,7159.2773,3.9638414,4,101.09261,1.0375300854644685,0.7957908745026231,2791.7734070155075,1.0141801,0.89176393,0.0,True,1.030525089825128,0.8245827911518362
994,3601,368.2019,1682,7683.6211,3.0148022,4,51.054935,0.9667456347937524,0.9152819929534843,3015.397601269459,0.9684577,0.87489378,0.0,True,0.9672592543556267,0.903165529067439
995,27,302.82187,1682,9342.5352,3.9811654,4,62.987717,0.7951214790334096,0.3644679667409087,1019.6908200797061,0.87796545,0.24628796,0.0,True,0.8199746703233868,0.3290139647186361
996,3997,360.27069,1682,7852.7734,2.9891195,4,48.207817,0.9459267977232492,0.9246901339374978,2988.012907800973,0.96806961,0.88554394,0.0,True,0.9525696414062745,0.9129462757562484
997,0,366.64365,1682,7716.2773,1.0056653,2,17.034,0.9626553128771052,0.0,254.13801226770738,0.96649855,0.0,0.0,True,0.9638082840139736,0.0
998,106703,612.50378,1682,4618.9492,2.005779,4,99.953323,1.6079035556382568,1.3720110700560648,7091.460533307755,1.2209588,1.3221936,0.0,True,1.4918201289467798,1.3570658290392454
999,1578,457.23965,1682,6187.3984,2.9830017,4,48.118755,1.2004463388725726,0.8435177995278629,3367.6523830088036,1.079635,0.76159394,0.0,True,1.1642029372108007,0.818940641669504
1000,4070,548.56305,1682,5157.3359,2.0140629,4,26.198811,1.4401157034772165,0.9722634523300105,4559.595487325998,1.0697968,0.84890836,0.0,True,1.3290200324340515,0.9352569246310074
1001,5644,461.66107,1682,6128.1406,2.3346889,4,71.163216,1.2120506092639636,0.9905275410457655,3988.1526897966014,1.0284059,0.89719397,0.0,True,1.1569571964847745,0.9625274697320358
1002,9037,552.82776,1682,5117.5508,2.0193636,4,10.38799,1.4513071438032725,1.0665232114960403,5035.876030281222,1.0726646,0.94054282,0.0,True,1.3377143806622909,1.0287290940472282
1003,8684,457.63721,1682,6182.0234,3.006264,4,114.84232,1.2014897371028315,1.0388855716853902,4150.52594616949,1.0801213,0.95472747,0.0,True,1.1650792059719821,1.0136381411797732
1004,43503,517.53479,1682,5466.5391,4.6321812,7,41.341969,1.3586884016434588,1.240928391962438,5527.598200835378,1.0470046,1.0323662,0.0,True,1.2651832611504212,1.1783597343737067
1005,15904,461.444,1682,6131.0234,3.0096192,5,52.597702,1.2114808903392995,1.1092439428348966,4464.217678957303,1.0343481,0.98176593,0.0,True,1.1583410532375096,1.0710005389844277
1006,95799,625.55719,1682,4522.5664,3.0572221,5,50.868996,1.6421552900856442,1.3626398173530996,7175.158736574133,1.164083,1.1599792,0.0,True,1.498733603059951,1.3018416321471697
1007,0,358.94653,1682,7881.7422,4.0542622,4,65.684555,0.942450990990517,0.0,248.8027752412758,0.92568815,0.0,0.0,True,0.9374221386933619,0.0
1008,5500,407.8894,1682,6936.0078,3.4535694,6,51.122433,1.07091846294894,0.9737443574763887,3513.0971290419557,0.94607437,0.90793163,0.0,True,1.0334652350642581,0.9540005392334721
1009,16412,463.26157,1682,6106.9688,3.0462017,4,53.121784,1.2162512025112584,1.1133503848685085,4496.365797115097,1.0359217,0.98560065,0.0,True,1.162152351757881,1.075025464407956
1010,10200,487.58035,1682,5802.375,3.0274892,5,61.248653,1.2800759167186404,1.0650434400841051,4500.53194875375,1.1023355,0.9867807,0.0,True,1.2267537917030482,1.0415646180588736
1011,4004,383.30612,1682,7380.8477,3.0183208,4,48.856148,1.0063922419940694,0.9313183062329268,3179.7345150262545,0.98967385,0.90956581,0.0,True,1.0013767243958487,0.9247925573630487
1012,114616,625.56531,1682,4522.5078,2.0183368,4,53.474392,1.6421765587637527,1.3839467865155124,7287.43558664999,1.1640831,1.1695549,0.0,True,1.498748521134627,1.3196292205608586
1013,6277,407.84369,1682,6936.7852,3.0015399,5,50.703701,1.0707984805616635,0.9886694099649402,3566.5792068973587,0.94570267,0.9056502,0.0,True,1.0332697373931645,0.9637636469754582
1014,4330,485.29663,1682,5829.6797,2.0126684,3,41.344891,1.2740824310196184,0.9656706130428481,4063.769450666934,1.0998082,0.91846097,0.0,True,1.2218001617137328,0.9515077201299936
1015,4057,446.46899,1682,6336.6641,1.966989,3,49.057991,1.1721776910538229,0.9490397608681354,3709.5732883322266,1.0084474,0.90143061,0.0,True,1.1230586037376762,0.9347570156076948
1016,264,367.34863,1682,7701.4688,3.5694549,4,135.76193,0.9645058404213643,0.6234644432334113,2051.089719641014,0.93553895,0.40852362,0.0,True,0.955815773294955,0.558982196263388
1017,18251,477.40839,1682,5926.0039,4.023767,5,39.601593,1.2533798517075467,1.1294277996159703,4684.37157304545,1.0391643,0.98193711,0.0,True,1.1891151861952827,1.0851805927311793
1018,12295,476.91452,1682,5932.1406,3.0112262,5,15.755039,1.2520836882603958,1.08383162218302,4491.156785960385,1.0391444,0.95685452,0.0,True,1.1882019017822771,1.045738491528114
1019,2755,437.91922,1682,6460.3789,3.8381939,5,44.064827,1.1497376993948403,0.9028515086913887,3469.1515730747806,0.98854136,0.80722326,0.0,True,1.1013787975763882,0.8741630340839721
1020,9467,476.6427,1682,5935.5234,2.0114257,4,56.472656,1.2513703355011212,1.053682309889783,4364.0350248720715,1.0390569,0.94429052,0.0,True,1.1876763048507848,1.0208647729228482
1021,0,405.02261,1682,6985.1016,2.0179892,3,46.706402,1.0633938182756293,0.0,280.74028018453026,0.94327503,0.0,0.0,True,1.0273581817929405,0.0
1022,129229,626.04822,1682,4519.0195,2.0095992,4,82.664757,1.6434436191004613,1.398330641904807,7368.184862432668,1.1643085,1.1737686,0.0,True,1.4997030833703229,1.3309620293333648
1023,1972,544.36206,1682,5197.1367,3.042794,4,51.572029,1.4290912276077985,0.8867368128755967,4130.519812779095,1.0690114,0.81735313,0.0,True,1.321067279325459,0.8659217080129178
1024,0,414.60458,1682,6823.668,2.0042167,2,35.462749,1.0885441028048477,0.0,287.3819956742403,0.95887399,0.0,0.0,True,1.0496430689633933,0.0
1025,0,334.25763,1682,8463.9023,2.014878,2,34.389393,0.8776430893968336,0.0,231.6897338151494,0.86302507,0.0,0.0,True,0.8732576835777834,0.0
1026,6010,545.41644,1682,5187.0898,4.0093145,5,48.635715,1.4318581746463048,1.017165236630066,4745.948107195685,1.0720273,0.88078564,0.0,True,1.3239089122524135,0.9762513576410463
1027,3450,446.82846,1682,6331.5664,2.0343947,4,48.673561,1.1731211421583516,0.9306176811699726,3640.1814598640685,1.0084319,0.87282777,0.0,True,1.123714369510846,0.9132807078189809
1028,12501,417.55063,1682,6775.5234,3.0426974,5,48.256809,1.0962766501261743,1.069390503870645,3939.0573553924405,0.95122302,0.95670372,0.0,True,1.052760561088322,1.0355844687094515
1029,0,417.42307,1682,6777.5938,1.9945972,3,36.623024,1.0959418614583898,0.0,289.33562407117665,0.96531171,0.0,0.0,True,1.0567528160208728,0.0
1030,2037,453.80768,1682,6234.1914,4.0176992,5,47.181454,1.191438840235686,0.8719930722877488,3458.111986136126,1.0079778,0.83758426,0.0,True,1.13640052816498,0.8616704286014242
1031,5169,417.09854,1682,6782.8672,3.0741968,5,53.031944,1.09509006294239,0.9691735442099327,3566.5351102272602,0.9650262,0.90282476,0.0,True,1.056070904059673,0.9492689089469529
1032,17535,546.64233,1682,5175.457,3.0115342,5,32.520802,1.4350752983759707,1.1426229360382822,5341.826137239121,1.072982,0.99252182,0.0,True,1.3264473088631794,1.0975926012267976
1033,1400,454.06775,1682,6230.6211,3.9893913,5,86.016197,1.192121345079642,0.8291576769107091,3290.0182938187486,1.0079921,0.54660118,0.0,True,1.1368825715557493,0.7443907278374963
1034,2398,413.51047,1682,6841.7227,3.1401126,5,53.905224,1.0856723708433946,0.8812820434066522,3218.4446211104023,0.96146029,0.84803009,0.0,True,1.0484087465903764,0.8713064573846565
1035,0,418.21634,1682,6764.7383,1.9798357,2,49.805035,1.0980239399983531,0.0,289.88547693509946,0.9640041,0.0,0.0,True,1.0578179879988472,0.0
1036,13553,555.62946,1682,5091.7461,2.0262811,4,30.124937,1.458659403754686,1.1146293197897066,5286.5424768168905,1.0744823,0.97676587,0.0,True,1.3434062726282803,1.0732702848527946
1037,3017,418.68826,1682,6757.1133,2.995434,3,48.489796,1.099262627999409,0.9085537994257191,3354.815436394139,0.96430469,0.8673861,0.0,True,1.0587752465995863,0.8962034895980033
1038,0,335.57999,1682,8430.5508,0.99628431,1,15.384093,0.8811142470797517,0.0,232.60632392083463,0.87429905,0.0,0.0,True,0.8790696879558262,0.0
1039,21832,555.63287,1682,5091.7148,3.0178392,5,29.09947,1.458668366965453,1.17048100905087,5551.452280818353,1.0744823,1.0174223,0.0,True,1.3434125468758171,1.124563396335609
1040,112774,612.51782,1682,4618.8438,1.9910657,4,71.170303,1.607940231414825,1.378572307710766,7125.517085928933,1.2209592,1.322734,0.0,True,1.4918459219903775,1.3618208153975364
1041,8,364.5061,1682,7761.5273,3.0188513,4,39.036057,0.9570444415264384,0.24529930457637955,839.306312165397,0.96686941,0.16356608,0.0,True,0.9599919320685069,0.22077933720346568
1042,1,300.56732,1682,9412.6133,1.9889276,2,52.730755,0.7892029563342509,0.07575275883101441,330.2069513240401,0.87674654,0.051226232,0.0,True,0.8154660314339757,0.06839480078171009
1043,1370,364.40668,1682,7763.6445,3.0036798,4,39.122616,0.9567835160499245,0.806387974866156,2632.4828966250757,0.96610254,0.79576397,0.0,True,0.9595792232349472,0.8032007734063091
1044,8478,479.27139,1682,5902.9688,4.0182481,5,163.42793,1.2582692476044512,1.0416444874550734,4335.232933032605,1.0825022,0.92578506,0.0,True,1.2055391333231158,1.0068866592185515
1045,10711,464.76999,1682,6087.1484,4.0135541,5,35.874863,1.2202101445094946,1.064799683554551,4312.699843025617,1.0795869,0.97986341,0.0,True,1.1780231711566462,1.0393188014881858
1046,26336,556.63208,1682,5082.5742,2.9972754,5,63.307747,1.4612906325772095,1.19270393690201,5665.82882720637,1.0753968,1.0280962,0.0,True,1.3455224828040468,1.143321615831407
1047,119245,612.49554,1682,4619.0117,2.0249934,4,28.348196,1.607881808458472,1.3851781334077653,7159.431121133839,1.2209587,1.3233304,0.0,True,1.4918048759209304,1.3666238133854356
1048,49372,608.47406,1682,4649.5391,2.0038991,4,60.650925,1.5973295052176941,1.2796854358248761,6575.888234685633,1.129959,1.086416,0.0,True,1.457118353652386,1.2217046050774134
1049,0,334.99884,1682,8445.1758,1.9474871,2,99.000999,0.8795887317869906,0.0,232.2035014368522,0.87535512,0.0,0.0,True,0.8783186482508935,0.0
1050,12632,418.03168,1682,6767.7266,3.1337972,5,132.42809,1.097539249089285,1.0707118269047158,3947.9525828426017,0.95145041,0.96005124,0.0,True,1.0537125973624994,1.0375136508333012
1051,49781,608.47406,1682,4649.5391,2.0053725,4,43.359917,1.5973295052176941,1.2806622969666501,6580.907896473192,1.129959,1.0860448,0.0,True,1.457118353652386,1.2222770478766551
1052,21078,547.23383,1682,5169.8633,1.9991081,4,106.85632,1.4366274238346088,1.1642873438673689,5448.303791639469,1.0734596,1.0058132,0.0,True,1.3276770766842263,1.116745100707158
1053,4143,439.48279,1682,6437.3945,3.7924454,5,119.83059,1.1538415062322642,0.9497250920828142,3660.741367281407,0.99017662,0.88817036,0.0,True,1.104742040362585,0.9312586724579699
1054,6086,337.13644,1682,8391.6289,2.9380455,3,38.604923,0.8852000413198824,0.9644245293269038,2937.8321895247864,0.86486483,0.91145098,0.0,True,0.8790994779239177,0.9485324645288327
1055,3045,285.03806,1682,9925.4258,2.1205585,2,71.521034,0.7484357776921141,0.8716122463480832,2286.550456011295,0.79731315,0.85514349,0.0,True,0.7630989893844798,0.8666716194436583
1056,0,236.68265,1682,11953.238,1.2075268,1,16.567991,0.6214883090661816,0.0,164.05591153495632,0.72276461,0.0,0.0,True,0.6518711993463271,0.0
1057,3812,433.37466,1682,6528.125,2.4860601,4,42.625065,1.13780986567696,0.9387360613360427,3573.795438289761,0.98755342,0.86611652,0.0,True,1.0927329319738721,0.9169501989352298
1058,587,439.83133,1682,6432.293,3.4666336,4,87.636795,1.1547563421659162,0.7271439264347824,2805.4316716623016,0.99290156,0.67418623,0.0,True,1.1061999075161413,0.7112566175043477
1059,11056,482.09924,1682,5868.3438,1.9480237,4,33.794521,1.2656908866400225,1.0729421450187215,4488.7823584163025,1.0305945,0.96560752,0.0,True,1.1951619706480159,1.0407417575131053
1060,7569,464.77536,1682,6087.0781,4.0091262,6,53.411678,1.2202242321549068,1.0249623333211908,4151.410901168422,1.079587,0.93782383,0.0,True,1.1780330625084348,0.9988207823248336
1061,3675,464.2659,1682,6093.7578,3.9993284,5,35.063404,1.2188871167262842,0.9419504104945109,3811.5545510985685,1.0786215,0.68793565,0.0,True,1.176807431708399,0.8657459823461576
1062,190,364.81564,1682,7754.9414,2.9722176,4,40.180897,0.9578570039350508,0.5864221152433784,1918.016538943353,0.96726102,0.55006546,0.0,True,0.9606782087545356,0.5755151186703649
1063,103,442.64365,1682,6391.4258,1.8804368,3,27.404196,1.16213762097681,0.5299890999600303,2060.045996349004,1.0024915,0.49924001,0.0,True,1.114243784683767,0.5207643729720212
1064,30136,558.57684,1682,5064.8789,1.9991336,4,17.713284,1.4663939667284644,1.2089905819389177,5760.90576267423,1.0766082,1.0412412,0.0,True,1.349458236709925,1.1586657673572422
1065,83,365.5437,1682,7739.4961,4.0367489,5,43.298946,0.9597680542787793,0.49481567792969655,1623.9831781071193,0.96843219,0.48941761,0.0,True,0.9623672949951456,0.4931962575507876
1066,1659,444.31204,1682,6367.4258,2.1690969,4,26.992329,1.1665165561868636,0.8464683203557344,3294.651579909507,1.0041538,0.81996328,0.0,True,1.1178077293308046,0.8385168082490141
1067,161,422.43143,1682,6697.2383,2.7959695,3,45.727486,1.1090873792478406,0.5774863818467588,2151.7601813895876,0.9675914,0.58151197,0.0,True,1.0666385854734886,0.5786940582927311
1068,42,358.77991,1682,7885.4023,2.0400171,3,17.783623,0.9420136524675251,0.41916167435483787,1357.6912162801266,0.9013167,0.27853602,0.0,True,0.9298045667272676,0.3769739780483865
1069,2971,448.2868,1682,6310.9688,3.0416207,4,35.200253,1.1769487359265516,0.9138874780794779,3585.096050035984,1.0079358,0.8616488,0.0,True,1.126244855148586,0.8982158746556346
1070,51824,608.70984,1682,4647.7383,2.0227802,4,71.492035,1.5979481359421364,1.2854836144190798,6607.93929018906,1.1300615,1.0861485,0.0,True,1.4575821451594955,1.2256830800933558
1071,3011,317.05154,1682,8923.2305,3.0235879,3,67.923599,0.832476051918632,0.8805738375933277,2539.802088946232,0.85147619,0.85944515,0.0,True,0.8381760933430424,0.8742352313153294
1072,0,258.4978,1682,10944.48,1.2017852,1,84.224197,0.6787607202592759,0.0,179.17702125094863,0.76723808,0.0,0.0,True,0.7053039281814931,0.0
1073,3910,453.6167,1682,6236.8164,2.3471799,4,10.37806,1.1909375389062193,0.9465415519100231,3752.2284476590958,1.0307603,0.88823575,0.0,True,1.1428843672343536,0.9290498113370161
1074,1187,484.5596,1682,5838.5469,4.0234742,5,56.615189,1.2721481012512301,0.8163530308328462,3431.1025156733263,1.0445149,0.73019928,0.0,True,1.203858140875861,0.7905069055829923
1075,9168,458.11832,1682,6175.5312,3.044328,4,42.118202,1.202752427879888,1.0452234023446543,4179.730710189055,1.0352206,0.95535964,0.0,True,1.1524928795159215,1.018264273641258
1076,5464,550.61743,1682,5138.0938,3.0093312,5,12.590025,1.4455068211213886,1.0071501594041554,4738.780090838548,1.0691787,0.9184823,0.0,True,1.332608384784972,0.9805498015829088
1077,0,360.63486,1682,7844.8438,1.958801,2,37.535809,0.946882700673073,0.0,249.9730364206306,0.93220258,0.0,0.0,True,0.9424786644711511,0.0
1078,85,400.04138,1682,7072.0781,3.0711637,4,42.112541,1.050319284586886,0.5025022089861293,1786.5480467397833,0.94781911,0.32756034,0.0,True,1.0195692322108203,0.4500196482902905
1079,18,359.00241,1682,7880.5156,2.9791265,3,100.26165,0.9425976459981581,0.3281615367494057,1075.475105920662,0.90868944,0.21818234,0.0,True,0.9324251841987107,0.29516777772458397
1080,604,413.33536,1682,6844.6211,1.6798968,3,23.905067,1.0852127700047192,0.725257871551582,2648.1900455187547,0.98819238,0.74506986,0.0,True,1.0561066530033034,0.7312014680861074
1081,383,377.49533,1682,7494.4609,1.3309044,2,85.489983,0.9911397855891916,0.6669389526093413,2247.3215570472676,0.93829286,0.59569114,0.0,True,0.9752857079124342,0.6455646088265389
1082,1332,424.95291,1682,6657.5,2.069613,3,41.699005,1.1157054807573779,0.8172680960683628,3057.9344645681217,0.97847939,0.75611067,0.0,True,1.0745376535301645,0.798920868247854
1083,7739,552.12097,1682,5124.1016,3.030915,5,70.32576,1.4494524745868786,1.0482143429060722,4943.849158773439,1.0705519,0.94506544,0.0,True,1.335782302210815,1.0172696720342507
1084,4632,547.59375,1682,5166.4648,2.0878251,4,150.95653,1.4375720715179794,0.9871862179725849,4622.335058705639,1.0716538,0.89876962,0.0,True,1.3277965900625857,0.9606612385808094
1085,709,464.36176,1682,6092.5,4.0241394,5,39.850121,1.2191386740673982,0.7533028576438205,3049.3115668469095,1.0414542,0.70569241,0.0,True,1.1658333318471787,0.7390197233506745
1086,1299,424.79861,1682,6659.918,2.8659258,3,35.837955,1.1153005259301838,0.8143871874694062,3046.1834581371268,0.98381364,0.82171702,0.0,True,1.0758544601511286,0.8165861372285843
1087,48,370.32898,1682,7639.4883,2.8393157,3,142.8998,0.9723289963165629,0.43525467160319775,1448.7354893367399,0.92522579,0.28245038,0.0,True,0.958198034421594,0.3894133841222384
1088,125412,612.78674,1682,4616.8164,2.971283,5,223.24045,1.6086460265239724,1.3912318317684058,7193.733669055111,1.2209624,1.3239362,0.0,True,1.4923409385667805,1.371043142237884
1089,54917,608.74207,1682,4647.4922,2.1990066,4,50.264297,1.5980327161541983,1.2923561303639,6643.576374083568,1.130062,1.088093,0.0,True,1.4576415013079387,1.23107719125473
1090,0,530.02844,1682,5337.6836,1.2113279,2,48.130959,1.391475826227561,0.0,367.38771880258616,1.0745022,0.0,0.0,True,1.2963837383592927,0.0
1091,23360,468.99161,1682,6032.3555,2.7935832,4,46.826958,1.2312898451381857,1.155470714136144,4717.523783430479,1.0202473,1.0154835,0.0,True,1.16797708159673,1.1134745498953007
1092,79095,609.88416,1682,4638.7891,2.8224676,5,45.895729,1.601029585486606,1.3358534973607328,6878.535944723041,1.1303344,1.1154864,0.0,True,1.459821029840624,1.269743368152513
1093,5845,531.66064,1682,5321.2969,2.813436,4,42.820229,1.395759204996392,1.0108947097630825,4611.456380311229,1.0754755,0.93349892,0.0,True,1.2996740934974744,0.9876759728341578
1094,717577,776.65344,1682,3642.7109,3.1823387,5,89.020638,2.038581619492443,1.6440839845354256,10472.114088892693,1.1962636,1.3208419,0.0,True,1.78588621364471,1.547111359174798
1095,717676,776.90839,1682,3641.5156,2.8198256,5,41.007618,2.0392504012069437,1.6441665454258698,10475.658920404747,1.1965634,1.3214403,0.0,True,1.7864443008448605,1.5473486717981089
1096,701977,777.13013,1682,3640.4766,3.0901728,5,139.02806,2.039832088174227,1.6415266776173039,10461.460628415249,1.19981,1.3202114,0.0,True,1.787825461721959,1.5451320943321125
1097,18102,418.81973,1682,6754.9922,2.9804888,5,42.3839,1.0996076995772999,1.1117371374564513,4106.061803560776,0.95189041,0.98355657,0.0,True,1.05529251270411,1.0732829672195159
1098,23660,547.16187,1682,5170.543,2.0113456,4,68.093689,1.436438643256085,1.1777820977518108,5510.809532699407,1.0734582,1.0175029,0.0,True,1.3275445102792593,1.1296983384262675
1099,2012,453.64255,1682,6236.4609,4.0487995,5,45.753071,1.1910054047311185,0.8705443336203158,3451.257209251149,1.0081745,0.86173242,0.0,True,1.136156133311783,0.8679007595342211
1100,417,453.1467,1682,6243.2852,3.9763689,5,85.237015,1.1897039784674297,0.6905788861700638,2736.041282388681,1.0069758,0.45207316,0.0,True,1.1348855249272007,0.6190271683190447
1101,18715,419.88858,1682,6737.7969,4.0632915,5,36.684464,1.1024131378652906,1.115835790798669,4130.522682498028,0.95253354,0.99038672,0.0,True,1.0574492585057034,1.0782010695590682
1102,0,353.4686,1682,8003.8906,1.9974036,2,15.017485,0.9280717187296762,0.0,245.00576350647106,0.90058726,0.0,0.0,True,0.9198263811107733,0.0
1103,25926,547.14948,1682,5170.6602,3.0178175,5,12.385909,1.4364060970221393,1.1884740055636531,5560.723250428073,1.073458,1.0271163,0.0,True,1.3275216679154975,1.1400666938945572
1104,15292,560.16797,1682,5050.4922,3.5212183,5,88.959351,1.4705694447393227,1.1298472242071098,5397.339316428624,1.0946856,0.99884975,0.0,True,1.357804291317526,1.0905479819449768
1105,0,462.60971,1682,6115.5742,1.2513797,2,16.79723,1.2145403400425872,0.0,320.65661618615394,1.0183697,0.0,0.0,True,1.155689148029811,0.0
1106,0,432.99225,1682,6533.8906,1.1252509,2,22.793562,1.1368061529524007,0.0,300.12735729180696,0.98366326,0.0,0.0,True,1.0908632850666806,0.0
1107,7336,447.67029,1682,6319.6602,3.029038,5,43.752728,1.1753305957671938,1.0170008891828777,3984.6333891106656,1.0039837,0.89266604,0.0,True,1.1239265270370355,0.9797004344280145
1108,0,445.92334,1682,6344.418,2.0358763,3,75.631271,1.1707455527044954,0.0,309.09050586687385,1.0022147,0.0,0.0,True,1.1201862968931469,0.0
1109,0,353.56213,1682,8001.7734,2.0000021,2,63.16502,0.9283172171145873,0.0,245.07059356226887,0.90680826,0.0,0.0,True,0.9218645299802111,0.0
1110,43774,552.28815,1682,5122.5508,2.9834495,5,40.584461,1.4498911102810725,1.2510918491275491,5902.215645776619,1.1140651,1.0605572,0.0,True,1.349143307196751,1.1939314543892843
1111,0,514.76752,1682,5495.9258,1.9873403,3,67.580513,1.3514261413101936,0.0,356.80965513183526,1.1136714,1.0446471,9.349537178364361,True,1.2800997189171355,0.31339413000000005
1112,1964,419.43509,1682,6745.082,3.0116901,4,51.873192,1.1012228173755347,0.8600698459068602,3180.8935065251544,0.99666196,0.49282584,0.0,True,1.0698545601628742,0.7498966441348021
1113,3180,419.87009,1682,6738.0938,3.0116358,5,50.339218,1.1023645767517003,0.9148107415275258,3386.36362913376,0.99790257,0.90118241,0.0,True,1.07102597472619,0.910722242069268
1114,0,418.67761,1682,6757.2852,2.0143156,3,51.28307,1.0992346719004782,0.0,290.2052049350764,0.99685311,0.0,0.0,True,1.0685202033303347,0.0
1115,42086,552.28058,1682,5122.6211,2.0194926,4,87.996887,1.4498712205481412,1.2464862414308977,5880.417385347237,1.1140649,1.060802,0.0,True,1.3491293243836988,1.1907809690016284
1116,6179,513.98022,1682,5504.3438,3.9827251,5,87.219856,1.3493601051760986,1.0133779898448925,4486.654305449651,1.0495639,0.92641884,0.0,True,1.259421243623269,0.9872902448914247
1117,0,314.8938,1682,8984.375,2.1543179,2,43.0839,0.82681177327941,0.0,218.2677496458073,,,,False,0.82681177327941,0.0
1118,2936,514.62598,1682,5497.4375,4.0327606,6,87.922073,1.3510546576997662,0.9271485698757592,4109.537712858813,1.1136709,1.0273451,0.0,True,1.2798395303898362,0.9572075289130315
1119,6118,423.67664,1682,6677.5547,3.9967504,5,51.270432,1.1123556857920123,0.9900303424325184,3694.1710887481577,1.0665685,0.73573405,0.0,True,1.0986195300544086,0.9137414547027629
1120,15151,543.98102,1682,5200.7773,3.2651258,5,336.99918,1.4280912329466338,1.1248954399635192,5236.336172654736,1.1141137,0.98800915,0.0,True,1.3338979730626437,1.0838295529744635
1121,4298,423.29459,1682,6683.582,4.0261006,6,50.775146,1.1113528559074974,0.9498492835939184,3541.4392866385124,1.0668961,0.85646605,0.0,True,1.0980158291352482,0.921834313515743
1122,9046,423.32748,1682,6683.0625,3.1803553,5,55.905373,1.111439219768515,1.0343341978291358,3856.6399252500373,1.0668113,0.89467806,0.0,True,1.0980508438379606,0.992437356480395
1123,40477,552.81677,1682,5117.6523,2.0183644,4,79.675262,1.4512783708190025,1.2420639035036591,5864.578043326994,1.1141132,1.0630487,0.0,True,1.3501288195733019,1.1883593424525614
1124,8659,513.97992,1682,5504.3477,3.9881077,6,79.366089,1.3493591494601327,1.0525470242329955,4660.042873685953,1.049564,0.95108497,0.0,True,1.2594206046220928,1.0221084079630969
1125,13400,517.0072,1682,5472.1172,4.0569301,6,80.151825,1.357303904473174,1.1039868583684733,4913.2017438980665,1.1137556,1.0248491,0.0,True,1.2842394131312218,1.0802455308579313
1126,465,516.86847,1682,5473.5859,3.1621714,4,78.795853,1.3569398389136327,0.7137565461233933,3176.843799527559,1.0909375,0.77943426,0.0,True,1.2771391372395429,0.7334598602863753
1127,1570,422.64566,1682,6693.8438,4.0258965,5,51.930176,1.109649638049167,0.8354115648288906,3110.7160013326225,1.0047017,0.4873476,0.0,True,1.0781652566344169,0.7309923753802234
1128,6108,405.13339,1682,6983.1914,2.6947637,4,31.167315,1.063684618449218,0.9848421671426981,3531.8240827360232,1.0739219,0.91497475,0.0,True,1.0667558029144526,0.9638819419998886
1129,0,390.83047,1682,7238.75,1.1189549,2,22.908472,1.026142409157029,0.0,270.90303835741827,,,,False,1.026142409157029,0.0
1130,883,421.80579,1682,6707.1719,4.0313325,6,48.922066,1.107445264460098,0.7699653379586323,2862.200157216809,1.0056386,0.82417595,0.0,True,1.0769032651220687,0.7862285215710426
1131,122,422.05899,1682,6703.1484,4.0335541,5,56.729759,1.1081097994943345,0.5461700694680858,2034.4431690948807,1.0047305,0.77665502,0.0,True,1.0770960096460342,0.6153155546276601
1132,41322,553.07806,1682,5115.2344,1.9956465,4,163.92421,1.4519641017624203,1.2445517076611208,5878.7766096074365,1.1141376,1.0661058,0.0,True,1.3506161512336943,1.1910179353627846
1133,11042,513.95215,1682,5504.6445,4.0389571,6,165.17767,1.3492864209962634,1.0807602047138467,4784.710816150602,1.0495636,0.96958375,0.0,True,1.2593695746973843,1.0474072682996927
1134,19526,518.83759,1682,5452.8125,4.002583,6,163.68901,1.3621074324926399,1.148192914176411,5125.910247080735,1.113829,1.0205353,0.0,True,1.287623902744848,1.1098956299234877
1135,1991,518.06934,1682,5460.8984,2.0118136,4,163.1579,1.3600913114371225,0.8827523814231412,3935.9780973310712,1.091934,0.90872157,0.0,True,1.2796441180059857,0.8905431379961988
1136,1617,422.98901,1682,6688.4102,4.0141039,5,51.712841,1.1105508372422006,0.8388351087342938,3125.704341097789,1.0052819,0.83560777,0.0,True,1.0789701560695404,0.8378669071140057
1137,1047,423.72226,1682,6676.8359,4.0246916,6,49.019939,1.112475401454879,0.7896852894266438,2947.239419668974,1.0063818,0.8239727,0.0,True,1.0806473210184153,0.7999715125986506
1138,476,423.72919,1682,6676.7266,4.0033484,5,56.546364,1.1124936075544338,0.7003104242818505,2614.244158293912,1.0056655,0.78105968,0.0,True,1.0804451752881037,0.7245352009972954
1139,3493,519.14697,1682,5449.5625,2.0356998,4,60.770035,1.3629194655850976,0.9482744425444722,4235.766153032222,1.0929301,0.95524836,0.0,True,1.2819226559095682,0.9503666177811306
1140,7100,476.05716,1682,5942.8242,2.0602162,4,129.18243,1.249833535717298,1.0204300783973193,4221.737598036188,1.0388846,0.93848395,0.0,True,1.1865488550021086,0.9958462398781235
1141,106310,635.8866,1682,4449.1016,2.0184619,4,62.902237,1.669258830017216,1.3776863263907448,7359.836364930437,1.1726563,1.1765113,0.0,True,1.5202780710120511,1.3173338184735215
1142,0,391.1553,1682,7232.7383,1.9869804,3,28.850039,1.0269950813706363,0.0,271.1281933560796,0.94366187,0.0,0.0,True,1.0019951179594455,0.0
1143,4348,473.24451,1682,5978.1445,3.0880466,5,17.003841,1.2424516914438704,0.9633564227386158,3964.809909630281,1.0398438,0.93130863,0.0,True,1.1816693240107092,0.953742084917031
1144,4657,476.48468,1682,5937.4922,4.064858,5,44.986416,1.2509555360816467,0.9720116810633488,4024.654586041071,1.0431429,0.95226002,0.0,True,1.1886117452571527,0.9660861827443441
1145,5030,485.59274,1682,5826.125,3.0135753,5,59.529591,1.274859521562039,0.983017581814806,4138.985069754946,1.045428,0.86669153,0.0,True,1.2060300650934273,0.9481197662703642
1146,754,389.62906,1682,7261.0703,4.0289965,5,53.213261,1.0229889485034667,0.7453542499719465,2582.4775310419377,0.94609034,0.80261648,0.0,True,0.9999193659524267,0.7625329189803626
1147,58,519.57117,1682,5445.1133,4.0540171,5,120.22433,1.3640326976682784,0.4739655658940594,2127.303394576875,1.0469086,0.30534843,0.0,True,1.2688954683677949,0.4233804251258416
1148,8435,485.58655,1682,5826.1992,1.9793001,4,81.871193,1.2748432910638603,1.0426299381712434,4389.887942075931,1.0454279,0.92373431,0.0,True,1.2060186737447023,1.0069612497198703
1149,324,376.67841,1682,7510.7148,3.9989562,4,30.937847,0.988995435991229,0.6480850164023433,2179.799304446375,0.93900728,0.68222946,0.0,True,0.9739989891938603,0.6583283494816403
1150,109541,601.53833,1682,4703.1484,1.9932014,4,38.431728,1.5791299269336028,1.3721860878310181,6980.294359895744,1.1639091,1.2269459,0.0,True,1.454563678853522,1.3286140314817128
1151,3357,482.64444,1682,5861.7148,3.0082994,4,51.871277,1.2671217653873204,0.9357350481265891,3918.782585420215,1.0477425,0.91442478,0.0,True,1.2013079857711242,0.9293419676886124
1152,2313,442.37274,1682,6395.3398,2.991169,3,50.182873,1.161426605650017,0.8839474157555808,3427.1345934716087,1.0346086,0.88049084,0.0,True,1.123381203955012,0.8829104430289065
1153,657,351.18289,1682,8055.9844,1.9986775,3,135.95164,0.922071858206099,0.7214602297541266,2279.431049037605,0.93207234,0.80707413,0.0,True,0.9250720027442694,0.7471443998278886
1154,1269,481.29349,1682,5878.168,3.9943285,5,120.13461,1.2635762531110946,0.8234072701674948,3440.073746612629,1.1044841,0.67138684,0.0,True,1.215848607177766,0.7778011411172463
1155,53163,580.12628,1682,4876.7383,3.2432766,6,216.32304,1.5229430627799319,1.2812119328933511,6312.444299494041,1.1182282,1.0763278,0.0,True,1.4015286039459522,1.2197466930253458
1156,111650,601.52582,1682,4703.2461,1.9998621,4,79.883507,1.579097137789192,1.3744377383510782,6991.620124923716,1.163909,1.2281928,0.0,True,1.4545406964524343,1.3305642568457547
1157,201,522.52692,1682,5414.3125,4.0205574,5,120.6389,1.3717895060714755,0.6174303168370571,2776.2931555542896,1.0465319,0.46537149,0.0,True,1.2742122242500329,0.57181266878594
1158,2503,443.32452,1682,6381.6094,3.9989233,4,50.313648,1.1639246989491177,0.8931706549959639,3469.4772057921687,1.0347452,0.82592219,0.0,True,1.1251708492643824,0.8729961154971748
1159,9792,485.09933,1682,5832.0508,2.9952159,5,51.014381,1.2735646129621907,1.059710156025971,4457.832533188518,1.0471023,0.9731276,0.0,True,1.2056259190735334,1.0337353892181798
1160,116076,601.52332,1682,4703.2656,2.0208654,4,40.617634,1.579090593547739,1.3790341369588728,7014.975579486297,1.1639088,1.2291882,0.0,True,1.4545360554834175,1.3340803558712109
1161,113352,637.08698,1682,4440.7188,3.0344417,5,55.664127,1.672408492093571,1.3856316285313122,7414.590888288332,1.1732709,1.181491,0.0,True,1.5226672144654996,1.3243894399719185
1162,11447,488.74908,1682,5788.5,3.068064,5,49.494381,1.2831431912794677,1.0786486826665653,4567.681587681457,1.0481777,0.96059668,0.0,True,1.2126535438956274,1.0432330818665958
1163,2,365.78168,1682,7734.4609,3.0224812,4,38.379402,0.960392709941022,0.12269748566737959,507.0810803849603,0.9383691,0.081601292,0.0,True,0.9537856269587154,0.11036862756716571
1164,2,310.24326,1682,9119.0508,2.0199847,3,20.300003,0.8146035815416967,0.12048235144772022,430.08848191345214,0.85545862,0.081044436,0.0,True,0.8268600930791876,0.10865097681340416
1165,11302,486.07571,1682,5820.3359,4.0696611,6,50.984108,1.2761271037460684,1.076496345460647,4536.501790002874,1.0460732,0.94848657,0.0,True,1.2071109326222478,1.038093412822453
1166,1213,310.29974,1682,9117.3906,1.9827442,3,87.478706,0.8147518814583683,0.7788404597078569,2203.9037034470407,0.85551572,0.78029305,0.0,True,0.8269810330208578,0.7792762367954998
1167,2411,365.86038,1682,7732.7969,3.0223782,4,38.046303,0.9605993208566029,0.8698400161856648,2849.5496920474793,0.9383713,0.83704734,0.0,True,0.9539309145996221,0.8600022133299654
1168,11825,485.19846,1682,5830.8594,2.9870243,5,56.856876,1.2738247469335122,1.081488450730195,4550.2592468721305,1.0471369,0.9678331,0.0,True,1.2058183928534585,1.0473918455111364
1169,127637,637.07855,1682,4440.7773,2.9827356,5,65.945374,1.672386470756425,1.3997606169376091,7490.10782289757,1.1732701,1.18641,0.0,True,1.5226515595294976,1.3357554318563263
1170,5164,464.85263,1682,6086.0664,4.0266476,6,107.60844,1.2204270060365567,0.9811125838723248,3974.422105769843,1.0419083,0.89453483,0.0,True,1.1668713942255897,0.9551392577106275
1171,0,364.86804,1682,7753.8281,3.019659,4,39.495399,0.9579944982411045,0.0,252.90725320243334,0.93726492,0.0,0.0,True,0.9517756247687732,0.0
1172,1,312.77536,1682,9045.2266,2.8078806,3,20.533325,0.8212506415063991,0.07608370194806069,343.61885408859195,0.86394656,0.051170614,0.0,True,0.8340594170544795,0.06860977556364248
1173,3333,524.52234,1682,5393.7148,3.0912035,5,58.381821,1.3770262003291498,0.9439558906371853,4255.04479132702,1.0507241,0.87776774,0.0,True,1.2791355702304048,0.9240994454460297
1174,137904,626.48956,1682,4515.8359,3.0303349,5,189.00919,1.6446017105454755,1.4061676197615247,7414.082673869436,1.1645362,1.17748,0.0,True,1.5005820573818327,1.3375613338330672
1175,10010,552.63538,1682,5119.332,2.1999454,4,58.095253,1.4508023789716733,1.0784505378018558,5090.622716272957,1.0710217,0.96841741,0.0,True,1.3368681752801714,1.045440599461299
1176,2129,434.09286,1682,6517.3242,3.9891372,4,62.601303,1.13969491640004,0.8726126651327494,3327.0381495590564,0.98045474,0.81730008,0.0,True,1.091922863480028,0.8560188895929245
1177,15387,553.25977,1682,5113.5547,2.0349154,4,11.987254,1.4524408563364124,1.128931636964522,5334.203309467954,1.0714258,0.99947041,0.0,True,1.3381363394354886,1.0900932688751654
1178,0,436.82968,1682,6476.4922,1.9899209,2,45.849342,1.1468780728182029,0.0,302.7872610769031,0.98406112,0.0,0.0,True,1.098032986972742,0.0
1179,37,427.08215,1682,6624.3086,3.918061,4,53.433846,1.1212940865904975,0.4134112004354434,1564.6417844865887,0.97283697,0.27091375,0.0,True,1.0767569516133482,0.3706619653048104
1180,20435,554.3468,1682,5103.5273,1.7936882,4,10.930944,1.4552934912528543,1.1624190471201055,5501.948678894368,1.0723,1.0229192,0.0,True,1.340395443876998,1.120569092984074
1181,7479,556.72797,1682,5081.6992,3.0136786,4,52.520802,1.4615421481081647,1.0452305271613203,4966.081275072767,1.0794132,0.95620292,0.0,True,1.3469034636757153,1.018522245012924
1182,23446,555.99585,1682,5088.3906,3.0049565,4,33.535465,1.4596209275382048,1.1789263923519933,5594.730748666243,1.0737156,1.0333444,0.0,True,1.3438493292767435,1.1352517946463954
1183,579146,772.77686,1682,3660.9844,2.4708672,4,44.922321,2.028411764217112,1.6169651550126112,10254.218294936692,1.1945046,1.305535,0.0,True,1.7782396149519784,1.5235361085088277
1184,0,379.59195,1682,7453.0664,2.0200555,2,46.144794,0.9966431216633777,0.0,263.11308990575174,1.0274734,0.0,0.0,True,1.0058922051643644,0.0
1185,31806,526.8916,1682,5369.4609,2.5529084,4,53.662624,1.3832439232879379,1.2070545765275191,5462.534494598405,1.093717,1.0183939,0.0,True,1.2963858463015565,1.1504563735692632
1186,0,417.68402,1682,6773.3594,1.3777102,2,13.854924,1.0966267928316478,0.0,289.5165008279438,0.96511346,0.0,0.0,True,1.0571727929821535,0.0
1187,786,412.11142,1682,6864.9492,4.8898363,5,63.433578,1.0820002351413578,0.7547837513603359,2748.5763284986183,0.97901398,0.74610013,0.0,True,1.0511043585989506,0.7521786649522351
1188,891,389.88831,1682,7256.2422,5.023509,5,64.337868,1.0236694290945207,0.7641667779180172,2649.1298791666163,0.96448338,0.75400949,0.0,True,1.0059136143661644,0.7611195915426121
1189,5176,427.28046,1682,6621.2344,1.5889552,4,58.37125,1.1218145396007362,0.9719827990126056,3654.176909218004,0.99392319,0.90867424,0.0,True,1.0834471347205152,0.9529902313088239
1190,22891,579.31281,1682,4883.5859,2.4466698,4,63.41362,1.5208085173783883,1.1818046063888175,5815.481734021949,1.1172688,0.9692145,0.0,True,1.3997466021648717,1.1180275744721722
1191,10783,527.599,1682,5362.2617,2.8988247,4,31.189314,1.3851003296695532,1.0812928217046804,4899.237652523591,1.0788002,0.95916378,0.0,True,1.2932102907686873,1.0446541091932764
1192,1750,495.4856,1682,5709.8008,4.1195984,4,70.279015,1.3008227893913524,0.8632995566914036,3700.5407794353255,1.0183944,0.77695,0.0,True,1.2160942725739468,0.8373946896839826
1193,2982,582.44354,1682,4857.3359,1.2573738,3,80.602676,1.5290238835112753,0.9424919385541346,4660.14238988401,1.0802841,0.84455478,0.0,True,1.3944019484578927,0.9131107909878942
1194,7481,462.25479,1682,6120.2695,3.2035913,4,13.873704,1.2136088829646845,1.0229824958411062,4123.492571685743,1.0052532,0.90857732,0.0,True,1.1511021780752793,0.9886609430887744
1195,0,351.86948,1682,8040.2656,0.99405217,2,20.305346,0.9238740696531782,0.0,243.89733798709406,0.93266171,0.0,0.0,True,0.9265103617572247,0.0
1196,7662,485.0701,1682,5832.4023,4.0321898,5,50.993721,1.2734878856577578,1.0314194898469697,4338.607314711896,1.0471017,0.97790176,0.0,True,1.2055720299604304,1.015364170892879
1197,115768,602.57733,1682,4695.0391,1.6647737,4,23.672487,1.5818562483552157,1.379005243416752,7025.6664661441355,1.1646867,1.2294081,0.0,True,1.456705383848651,1.3341261003917264
1198,2558,523.97821,1682,5399.3164,3.0725043,5,58.176823,1.375598113286561,0.9130602079966249,4112.056566890479,1.0476637,0.85696644,0.0,True,1.2772177893005927,0.8962320775976373
1199,24597,585.89062,1682,4828.7578,3.4620836,5,74.499512,1.5380693789085758,1.1918497466139115,5923.624305191081,1.1207869,0.96993107,0.0,True,1.412884635236003,1.125274143629738
1200,54605,580.41406,1682,4874.3203,3.3576508,5,11.952853,1.523698238014381,1.2844380491863692,6331.1086002748225,1.1183637,1.0720513,0.0,True,1.4020978766100667,1.2207220244304584
1201,0,429.80063,1682,6582.4102,1.9932801,2,43.785637,1.1284291870369434,0.0,297.91509488738825,1.0300329,0.0,0.0,True,1.0989103009258603,0.0
1202,3438,508.92749,1682,5558.9922,4.081161,5,58.799545,1.3360998149042105,0.9442495711266593,4144.31195056536,1.0721188,0.77566427,0.0,True,1.2569055104329472,0.8936739807886616
1203,26923,602.79297,1682,4693.3594,3.9588985,6,72.181984,1.5824221355885468,1.2065434514532127,6148.976858922593,1.1305338,1.0043727,0.0,True,1.4468556349119828,1.1458922260172488
1204,112823,600.34613,1682,4712.4883,4.9714942,6,93.848785,1.576001503514975,1.3753545147567159,6984.1826704399855,1.1646509,1.229578,0.0,True,1.4525963224604825,1.331621560329701
1205,12707,464.87411,1682,6085.7852,3.9623032,5,42.038143,1.22048337860274,1.0844349226187626,4393.090873771345,1.0419087,0.9667781,0.0,True,1.166910975021918,1.0491378758331338
1206,704,366.78494,1682,7713.3047,3.0064025,4,39.069019,0.9630262106308982,0.7326702301951217,2405.9680813070445,0.93947822,0.76760185,0.0,True,0.9559618134416288,0.7431497161365852
1207,557,415.50058,1682,6808.9531,1.1687868,3,85.645721,1.0908958761004768,0.7165247992557892,2628.5187752626384,0.96168804,0.75789374,0.0,True,1.0521335252703339,0.7289354814790524
1208,11,407.31409,1682,6945.8047,4.0815578,4,113.7564,1.0694083915605397,0.28089705806193743,1044.7400134305306,0.94930077,0.18472958,0.0,True,1.0333761050923778,0.2520468146433562
1209,136333,637.04211,1682,4441.0312,2.8594494,5,54.214859,1.67229090110908,1.40759811720478,7531.666287539097,1.1732696,1.1890712,0.0,True,1.522584510776356,1.342040042043346
1210,7202,528.16077,1682,5356.5586,2.9861441,4,58.002781,1.3865744883528488,1.034427446788193,4691.330843038828,1.0535405,0.93699831,0.0,True,1.2866642918469942,1.0051987057517353
1211,582155,774.35577,1682,3653.5195,2.8755569,5,152.76648,2.0325539636989376,1.6179987442450792,10279.182145379922,1.1945206,1.3062351,0.0,True,1.7811439545892562,1.5244696509715554
1212,472360,744.44354,1682,3800.3203,3.1729484,5,47.208843,1.9540806830775825,1.5849206277876953,9726.52775658313,1.1820312,1.297078,0.0,True,1.7224658381543076,1.4985678394513868
1213,467498,740.50391,1682,3820.5391,2.0485137,4,57.846897,1.9437448394193688,1.5826476569661592,9667.393047474501,1.1821166,1.2968302,0.0,True,1.7152563675935582,1.4969024198763115
1214,99336,598.4165,1682,4727.6836,3.1759851,5,46.095284,1.570938201680924,1.3597862630347908,6885.549873497097,1.1584997,1.1678053,0.0,True,1.4472066511766468,1.3021919741243535
1215,31388,542.08936,1682,5218.9258,3.9988093,5,48.331181,1.4231270341179256,1.2095164753653318,5612.925855513022,1.1029199,1.0410079,0.0,True,1.327064893882548,1.1589639027557324
1216,0,375.13202,1682,7541.6758,3.3470631,4,22.533358,0.9849363687002242,0.0,260.021702000757,0.93962336,0.0,0.0,True,0.9713424660901568,0.0
1217,4032,432.85043,1682,6536.0312,2.9154024,4,36.654911,1.1364339541701418,0.9449916262891518,3593.7466331397522,0.99936163,0.88981336,0.0,True,1.0953122569190994,0.9284381464024063
1218,123,375.17981,1682,7540.7148,2.219171,3,28.568851,0.9850618571848638,0.5398776672260971,1811.4858305814673,0.93763751,0.74825376,0.0,True,0.9708345530294047,0.6023904950582679
1219,1461,412.79047,1682,6853.6562,2.5168529,3,28.425621,1.083782563236435,0.8250403179143646,3008.517831771966,0.95383978,0.77284533,0.0,True,1.0447997282655046,0.8093818215400552
1220,158,439.12039,1682,6442.707,2.325582,3,37.458691,1.1528903717583683,0.577905163103026,2228.612305063266,1.0015363,0.75254649,0.0,True,1.1074841502308579,0.6302975611721182
1221,2649,476.14542,1682,5941.7227,4.4309406,5,57.897636,1.2500651568256638,0.9070287514342941,3753.307791294215,1.0131385,0.82406968,0.0,True,1.1789871597779644,0.8821410300040059
1222,22491,559.33563,1682,5058.0078,4.4830775,6,96.756348,1.468385216541318,1.174878407357322,5605.079655243098,1.084464,1.0034593,0.0,True,1.3532088515789225,1.1234526751501255
1223,3745,447.76797,1682,6318.2812,2.619992,3,73.166061,1.1755870370298964,0.9402133678078057,3684.5531300929274,1.0075314,0.85629177,0.0,True,1.1251703459209275,0.915036888465464
1224,1796,401.77838,1682,7041.5039,1.5018678,3,60.335827,1.0548784744910495,0.845809407078929,3011.1000308184343,0.95840561,0.79105347,0.0,True,1.0259366151437348,0.8293826259552504
1225,7575,596.24103,1682,4744.9336,4.6276593,6,92.856522,1.5652295303022057,1.055197898369604,5326.145172959163,1.0891404,0.92142516,0.0,True,1.422402791211544,1.0150660768587227
1226,20064,544.29047,1682,5197.8203,2.2615123,4,108.0665,1.428903350583819,1.1577922440250723,5392.16709600239,1.1141194,0.9939512,0.0,True,1.3344681654086732,1.1086399308175507
1227,19946,552.42041,1682,5121.3242,4.4414644,7,73.401833,1.4502382357735157,1.1591101914207762,5469.450490712147,1.0813199,0.99279106,0.0,True,1.339562735041461,1.1092144519945433
1228,0,407.86871,1682,6936.3594,1.0596503,2,141.89456,1.0708641943661434,0.0,282.71304637512196,0.98102993,0.0,0.0,True,1.0439139150563004,0.0
1229,4493,530.58643,1682,5332.0703,3.0759587,5,58.290764,1.392940143496751,0.9800095849720469,4462.614400944926,1.0524803,0.91136903,0.0,True,1.2908021904477258,0.9594174184804329
1230,55486,579.10303,1682,4885.3555,7.0014434,8,108.89919,1.5202578672870757,1.2859804581644982,6326.07636451104,1.1130593,1.0625191,0.0,True,1.398098297100953,1.2189420507151487
1231,446439,740.03625,1682,3822.9531,3.0209761,5,54.321663,1.9425181054125233,1.5769393436434052,9627.177851982025,1.1821456,1.2948174,0.0,True,1.7144063537887662,1.4923027605503836
1232,29458,611.94641,1682,4623.1562,6.2423134,7,78.145714,1.6064410211927023,1.219358631634915,6297.411194924274,1.1362669,1.012421,0.0,True,1.4653887848348917,1.1572773421444404
1233,438729,738.52478,1682,3830.7773,4.5714202,7,49.088619,1.9385526649575382,1.5744377187065997,9594.64936376665,1.1822357,1.2947598,0.0,True,1.7116575754702765,1.4905343430946199
1234,3132,518.07825,1682,5460.8047,7.1797571,8,78.379997,1.360114640214716,0.9353752281435797,4170.563806689814,1.0786709,0.7870577,0.0,True,1.2756815181503012,0.8908799697005058
1235,19715,616.48547,1682,4589.1172,8.0415192,9,122.72018,1.6183513348567444,1.1728027323169252,6096.570603485252,1.1064426,0.99109864,0.0,True,1.464778714399721,1.1182915046218476
1236,10647,525.18304,1682,5386.9297,3.0209475,5,48.780716,1.378759988111138,1.079238471632743,4870.13853717934,1.0509114,0.96811825,0.0,True,1.2804054116777968,1.0459024051429202
1237,361818,734.47375,1682,3851.9062,7.3400488,9,101.90881,1.9279246207662653,1.550047394059991,9400.457642992122,1.1821654,1.2919317,0.0,True,1.7041968545363857,1.4726126858419937
1238,95019,603.6994,1682,4686.3125,3.4398055,6,63.870102,1.5848006396979208,1.3559430646557113,6919.513898995022,1.1652544,1.2363697,0.0,True,1.4589367677885448,1.3200710552589978
1239,4280,449.61343,1682,6292.3477,3.9991851,5,104.24034,1.1804306026983158,0.9559163926035658,3759.7463949462235,1.0338081,0.81588191,0.0,True,1.1364438518888211,0.9139060478224961
1240,3067,354.86432,1682,7972.4102,2.9956579,4,35.328995,0.9317354466044094,0.8936637785613488,2849.2436151448355,0.93290347,0.86505276,0.0,True,0.9320858536230866,0.8850804729929442
1241,0,295.71393,1682,9567.0977,0.95055294,1,29.240717,0.7764619906748113,0.0,204.97327683180103,0.85203892,0.0,0.0,True,0.799135069472368,0.0
1242,92275,598.38239,1682,4727.9531,2.01752,4,51.156696,1.5708486938493658,1.3510634414449552,6841.0367136715195,1.158499,1.167166,0.0,True,1.447143785694556,1.2958942090114685
1243,7639,441.2529,1682,6411.5703,3.0668504,5,46.528481,1.158487441714603,1.0199428546504825,3945.3673904324037,1.0282602,0.94469589,0.0,True,1.119419269200222,0.9973687652553378
1244,1517,449.55344,1682,6293.1875,3.9650309,5,51.41021,1.18027312913297,0.8373800333388114,3293.3419635697387,1.0337629,0.73932719,0.0,True,1.136320060393079,0.807964180337168
1245,0,349.01654,1682,8105.9883,2.0047731,2,41.098667,0.9163852208696155,0.0,241.9198306697874,0.92505157,0.0,0.0,True,0.9189851256087309,0.0
1246,19100,443.7276,1682,6375.8125,4.0167432,5,43.038868,1.1649826094924802,1.1251902333493344,4374.0662581815095,1.0311641,1.017902,0.0,True,1.124837056644736,1.0930037633445342
1247,3077,350.92834,1682,8061.8281,3.007236,4,36.236969,0.9214036505941587,0.8929178767874821,2818.782812993299,0.92656779,0.86463213,0.0,True,0.9229528924159112,0.8844321527512375
1248,0,289.04697,1682,9787.7656,1.0290561,1,33.057793,0.7589600152534559,0.0,200.35209230489508,0.84078985,0.0,0.0,True,0.7835089656774192,0.0
1249,32194,542.14612,1682,5218.3789,3.204845,5,83.657898,1.4232761244789642,1.2124929696109032,5627.258511902515,1.1029221,1.0426544,0.0,True,1.3271699171352749,1.1615413987276324
1250,77275,597.90771,1682,4731.707,3.0237372,5,88.550652,1.5696029874903026,1.3299740971597835,6729.541947712135,1.1584207,1.1659852,0.0,True,1.4462483012432117,1.2807774280118485
1251,0,508.33633,1682,5565.457,0.99411643,2,171.5981,1.3345483672534442,0.0,352.3518939156899,,,,False,1.3345483672534442,0.0
1252,16327,514.56598,1682,5498.0781,3.0038033,5,131.4274,1.3508972989135843,1.126317811354413,4991.649145834687,1.0499401,0.99721599,0.0,True,1.260610139239509,1.087587264948089
1253,40377,553.33966,1682,5112.8164,3.0184996,5,171.87993,1.4526505094305553,1.2419116819922036,5868.756471215291,1.1141635,1.0604891,0.0,True,1.3511044066013889,1.1874849073945426
1254,23510,518.85394,1682,5452.6406,2.9847865,5,131.74968,1.3621503585596013,1.1697756318580945,5222.403029220898,1.1138315,1.0234238,0.0,True,1.287654700991721,1.1258700823006662
1255,1382,399.88834,1682,7074.7852,3.0007682,4,50.114826,1.0499175033748034,0.8158197145180576,2892.2856474890605,1.0083406,0.81756783,0.0,True,1.0374444323623624,0.8163441491626403
1256,45,399.89142,1682,7074.7305,2.997005,4,51.230335,1.0499256187732116,0.43189703981965527,1539.6409916574296,1.0085537,0.84585434,0.0,True,1.0375140431412482,0.5560842298737587
1257,0,399.41882,1682,7083.1016,4.0025783,4,49.798431,1.0486851238807582,0.0,276.85602894558025,0.99670261,0.0,0.0,True,1.0330903697165308,0.0
1258,7562,520.98511,1682,5430.3359,3.0093689,5,112.25747,1.3677432297777754,1.0384538115842035,4652.99899401017,1.094411,0.98674053,0.0,True,1.2857435608444427,1.0229398271089425
1259,20517,514.57074,1682,5498.0273,2.9956021,5,39.862446,1.3509097762303395,1.1528404798414578,5109.227712770022,1.0499401,1.0139683,0.0,True,1.2606188733612376,1.1111788258890205
1260,3,509.82492,1682,5549.207,3.9928479,4,111.55941,1.3384549790890086,0.16078662423762452,820.5315549516822,1.0505413,0.71901739,0.0,True,1.252080875362306,0.32825585396633716
1261,161278,727.74603,1682,3887.5156,4.0076537,6,51.51947,1.910274032350907,1.4505758869879792,8726.32787991572,1.1821812,1.2829924,0.0,True,1.691846182645635,1.4003008408915856
1262,26386,519.44189,1682,5446.4688,3.0470204,5,40.31601,1.3636933461202456,1.1833433918118876,5288.263682235814,1.1138569,1.0188017,0.0,True,1.288742412284172,1.1339808842683214
1263,3037,508.32172,1682,5565.6172,3.0180926,5,111.42089,1.3345099675860903,0.9297444356636932,4076.3761307835885,1.1282179,1.1701958,0.0,True,1.2726223473102634,1.0018798449645852
1264,134425,727.70288,1682,3887.7461,4.009625,6,49.867123,1.9101608326321757,1.4285337855931408,8593.280726362125,1.1821809,1.2823703,0.0,True,1.6917668528425232,1.3846847399151985
1265,86750,724.22821,1682,3906.3984,4.0225368,6,57.150379,1.9010448497532284,1.3747559469861543,8235.060468929398,1.1821753,1.2813069,0.0,True,1.68538398482726,1.346721232890308
1266,543,512.97693,1682,5515.1094,4.012619,5,70.546814,1.3467270830452915,0.7310935877475689,3232.1577535339616,1.0495715,0.57702094,0.0,True,1.257580408131704,0.6848717934232982
1267,33175,724.32526,1682,3905.875,2.9986887,5,50.135796,1.9012994655928754,1.2585631544346532,7539.945022516145,1.1821797,1.2762562,0.0,True,1.685563535915013,1.263871068104257
1268,16647,519.53058,1682,5445.5391,3.0176241,5,70.403,1.3639260797786212,1.1298302017065858,5049.892013550708,1.1135974,1.0179302,0.0,True,1.2888274758450349,1.0962602011946099
1269,28847,721.91388,1682,3918.9219,3.0321167,5,51.305634,1.8949728759207773,1.2411623831258731,7413.9332620956275,1.1822175,1.2764013,0.0,True,1.6811462631445442,1.2517340581881111
1270,41896,516.42548,1682,5478.2812,3.0109177,5,49.122025,1.355777263601685,1.236247312556292,5496.31296081018,1.0937753,1.0954076,0.0,True,1.2771766745211794,1.1939953987894043
1271,3823,442.7186,1682,6390.3438,3.0050206,5,51.572563,1.1623343301878974,0.9413488898742444,3652.124632705264,1.0145493,0.84127367,0.0,True,1.1179988211315282,0.911326323911971
1272,6040,433.00854,1682,6533.6445,2.890043,5,44.256256,1.1368489594413769,0.9910241558991465,3769.984680150576,0.98366362,0.92019784,0.0,True,1.0908933576089637,0.9697762611294025
1273,0,401.60995,1682,7044.457,1.98815,3,47.768456,1.0544363854208942,0.0,278.37480452732063,0.94792956,0.0,0.0,True,1.022484337794626,0.0
1274,38722,548.96844,1682,5153.5273,4.1560888,6,42.055897,1.4411795761616388,1.2358640613025387,5799.420541549731,1.0749009,1.0630451,0.0,True,1.3312959733131473,1.184018372911777
1275,679599,776.1308,1682,3645.1641,3.0586703,5,77.271149,2.037210403859744,1.6373193740619096,10422.863192177661,1.1953841,1.3137602,0.0,True,1.7846625127018207,1.5402516218433369
1276,689249,773.38092,1682,3658.125,4.2691574,6,107.88907,2.0299964206423984,1.6383300385969237,10396.8387277252,1.195917,1.3153448,0.0,True,1.7797725944496787,1.5414344670178466
1277,696025,775.32404,1682,3648.957,3.8754537,6,138.2847,2.035093990179495,1.6400234070677624,10430.545748737177,1.1962328,1.3177754,0.0,True,1.7834356331256467,1.5433490049474337
1278,14224,530.98279,1682,5328.0898,3.0126655,4,33.522205,1.3939803883048572,1.1143700888875236,5077.696324615811,1.0544217,0.98705387,0.0,True,1.2921127818134,1.0761752232212665
1279,35558,555.31079,1682,5094.668,2.9138932,5,43.326084,1.457823159975058,1.2275407201391022,5819.088823908821,1.0893545,1.0671034,0.0,True,1.3472825619825406,1.1794095240973714
1280,4024,543.1402,1682,5208.8281,3.1983571,5,40.728374,1.4258848126469108,0.9698077756805146,4508.350767277047,1.0580137,0.87109381,0.0,True,1.3155234788528376,0.9401935859763602
1281,159,438.50916,1682,6451.6875,3.9907696,4,97.326561,1.1512860901777098,0.57852812882455,2228.2423597096704,0.98196077,0.4052895,0.0,True,1.1004884941243969,0.526556540177185
1282,591700,773.86102,1682,3655.8555,1.6107659,4,45.458614,2.0312559227951343,1.619854907428553,10285.199858769112,1.1945156,1.3073936,0.0,True,1.7802338259565942,1.5261165151999871
1283,599589,773.77087,1682,3656.2812,2.4525383,4,15.375139,2.031019553418627,1.621446151531237,10294.250002945202,1.1948054,1.3078158,0.0,True,1.780155307393039,1.5273570460718657
1284,607071,774.46674,1682,3652.9961,2.7296374,5,57.611813,2.0328450279615233,1.623135254528339,10313.11224719044,1.1951059,1.3088541,0.0,True,1.7815232895730664,1.5288509081698374
1285,674855,776.46362,1682,3643.6016,2.8859556,5,89.649635,2.0380835495309633,1.6365507822610688,10421.89355652484,1.1950946,1.3133152,0.0,True,1.7851868646716742,1.5395801075827482
1286,16609,527.80817,1682,5360.1367,4.0551286,5,47.802284,1.3856492411138563,1.1316426991003388,5129.145004610903,1.0552348,1.0011976,0.0,True,1.2865249087796995,1.0925091693702371
1287,85766,600.88153,1682,4708.2891,3.0741715,5,45.665287,1.5774065012493095,1.3430799122098838,6825.654406310438,1.1505932,1.1593233,0.0,True,1.4493625108745165,1.2879529285469187
1288,12632,528.86304,1682,5349.4453,3.0224853,4,47.775948,1.388417564336079,1.1000265611707736,4994.660224646108,1.0546548,0.97182983,0.0,True,1.2882887350352552,1.0615675418195414
1289,0,444.58478,1682,6363.5195,1.9433784,3,30.840553,1.167232407206318,0.0,308.16268677686355,1.0293618,0.0,0.0,True,1.1258712250444227,0.0
1290,2369,450.74893,1682,6276.4961,2.9487305,4,38.572281,1.1834108886527392,0.8885769276976081,3502.8001740021996,1.0296355,0.82033575,0.0,True,1.1372782720569174,0.8681045743883257
1291,2186,405.14789,1682,6982.9414,3.0203023,4,23.151394,1.0637226890842288,0.8687963989131184,3115.8883652409145,0.94812685,0.81855905,0.0,True,1.0290439373589602,0.8537251942391828
1292,83885,600.39386,1682,4712.1133,1.9619927,4,15.643938,1.5761268718559986,1.3403293944703345,6806.800840257489,1.1505004,1.1589916,0.0,True,1.448438930299199,1.285928056129234
1293,4231,441.00116,1682,6415.2305,3.0795617,5,63.444721,1.1578266744670864,0.9524954237336621,3682.653498842567,1.0279081,0.87926161,0.0,True,1.1188511021269605,0.9305252796135636
1294,2920,450.74924,1682,6276.4922,2.9842017,4,41.173546,1.1834116237500079,0.9124803649648019,3596.989569416093,1.0296355,0.87525433,0.0,True,1.1372787866250054,0.9013125544753613
1295,242,443.43692,1682,6379.9922,4.0182152,4,71.651512,1.164219638047154,0.6269621628945349,2437.6473465458835,1.0254858,0.53215158,0.0,True,1.1225994866330078,0.5985189880261743
1296,6573,527.24414,1682,5365.8711,2.0206451,4,18.579134,1.3841689769904792,1.023578949546556,4635.018976692523,1.0532739,0.91658741,0.0,True,1.2849004538933355,0.9914814876825891
1297,10313,518.01636,1682,5461.457,3.0802815,5,26.444145,1.3599522516794327,1.073813148915754,4787.172780970174,1.0469804,0.96890891,0.0,True,1.266060696175603,1.0423418772410278
1298,0,355.46713,1682,7958.8906,2.0036821,2,17.249962,0.9333177683793015,0.0,246.39103894123554,0.92721313,0.0,0.0,True,0.9314863768655111,0.0
1299,1447,405.19391,1682,6982.1484,2.9812739,4,57.006496,1.06384346717257,0.8222227234628973,2949.2561205780817,0.94813025,0.82663304,0.0,True,1.0291295020207991,0.8235458184240282
1300,79491,598.34137,1682,4728.2773,2.0421691,4,30.917816,1.5707410322654358,1.3334291761176689,6751.33952191289,1.1501588,1.1587358,0.0,True,1.444566362585805,1.2810211632823683
1301,181,374.88541,1682,7546.6367,3.9939284,4,65.196754,0.9842890768744716,0.5828041476210816,1952.9603522972789,0.9286949,0.47277129,0.0,True,0.9676108238121301,0.5497942903347571
1302,79413,609.72656,1682,4639.9883,3.8480463,6,39.258465,1.600615979386195,1.3362878512465353,6879.204882134393,1.1163141,1.1084492,0.0,True,1.4553254155703366,1.2679362558725746
1303,115498,614.98413,1682,4600.3203,4.0038877,6,43.375095,1.6144118976473145,1.3820583755066462,7168.885875500963,1.2106689,1.3242027,0.0,True,1.4932889983531201,1.3647016728546524
1304,4022,490.24442,1682,5770.8438,4.2361741,6,132.43167,1.287067675225122,0.9582835419532271,4069.0442325229847,1.0925847,0.86710787,0.0,True,1.2287227826575853,0.9309308403672589
1305,0,464.01547,1682,6097.0469,2.1698289,3,64.06234,1.218229794085328,0.0,321.6310147666979,1.0688745,0.0,0.0,True,1.1734232058597296,0.0
1306,6774,492.76205,1682,5741.3594,3.0105577,5,76.45047,1.2936750308719593,1.019064402627631,4346.724131716487,1.0751976,0.93214607,0.0,True,1.2281318016103715,0.9929889028393417
1307,2939,490.8884,1682,5763.2734,3.0132322,4,43.723297,1.288757728142391,0.9222132280436073,3920.4826308788693,1.0732334,0.84052569,0.0,True,1.2241004296996736,0.8977069666305251
1308,73499,605.64099,1682,4671.2891,3.1848085,5,35.465424,1.5898953585182134,1.3260666247418267,6786.240173532783,1.1156546,1.1056675,0.0,True,1.4476231309627494,1.2599468873192787
1309,0,446.73831,1682,6332.8438,2.0021071,2,60.077003,1.1728845862156474,0.0,309.65540002461483,0.9973622,0.0,0.0,True,1.1202278703509532,0.0
1310,2853,466.75406,1682,6061.2734,4.1942205,5,77.306763,1.2254173874303207,0.9134697470913078,3713.8813639536747,1.0113896,0.855084,0.0,True,1.1612090512012245,0.8959540229639155
1311,111012,614.45978,1682,4604.2461,3.0361664,5,102.30408,1.6130359706798467,1.3772224727985336,7138.4321749637065,1.2107576,1.3242457,0.0,True,1.4923524594758926,1.3613294409589736
1312,8156,521.64099,1682,5423.5078,2.0662186,4,34.0457,1.3694645594470913,1.0473983297060363,4698.292240107678,1.0474946,0.95074475,0.0,True,1.272873571612964,1.0184022557942254
1313,2478,541.18036,1682,5227.6914,1.63621,3,41.56953,1.4207416998073268,0.912793487217965,4229.873183241064,1.0566112,0.83303678,0.0,True,1.3115025498651287,0.8888664750525755
1314,1185,447.84467,1682,6317.1992,1.1819918,2,59.27702,1.1757883260119033,0.8088141143938893,3170.3749990731167,0.98240602,0.74969625,0.0,True,1.1177736342083322,0.7910787550757225
1315,156,410.70248,1682,6888.5,2.5177438,3,54.296551,1.0783021042164949,0.5721000911946874,2079.220335299857,0.95934403,0.43144587,0.0,True,1.0426146819515465,0.5299038248362812
1316,33253,554.78796,1682,5099.4688,3.1971591,5,164.60309,1.456451257548367,1.219555490365246,5776.43027586329,1.0892309,1.0646205,0.0,True,1.3462851502838569,1.173074993255672
1317,427,521.06531,1682,5429.5,3.0058322,4,165.59602,1.367953723484076,0.7045365343294762,3158.414928512872,1.0470378,0.53954697,0.0,True,1.2716789464388532,0.6550396650306333
1318,0,449.8075,1682,6289.6328,1.0021088,2,24.724113,1.1809399698443555,0.0,311.7828004197176,1.0256919,0.0,0.0,True,1.134365548891049,0.0
1319,3427,450.25714,1682,6283.3516,3.0158219,5,127.51711,1.1821201297798134,0.9306660839114053,3665.1039043674505,1.026132,0.88399398,0.0,True,1.1353236908458695,0.9166644527379837
1320,5653,450.40445,1682,6281.2969,3.0051517,5,75.767677,1.1825066947105043,0.9879152741594617,3891.6274923174988,1.0262419,0.91928768,0.0,True,1.135627256297353,0.9673269959116232
1321,6202,450.40894,1682,6281.2344,2.9965382,4,78.3536,1.1825184572302059,0.998512317245927,3933.398538311859,1.026242,0.93453985,0.0,True,1.135635520061144,0.9793205770721489
1322,3060,346.29642,1682,8169.6602,2.9902375,3,38.209381,0.9092449352095867,0.8909865816308409,2779.660268415762,0.88638312,0.86175996,0.0,True,0.9023863906467107,0.8822185951415886
1323,0,286.84839,1682,9862.7852,1.0090109,1,93.637833,0.7531882852455579,0.0,198.8281527766596,0.80893511,0.0,0.0,True,0.7699123326718905,0.0
1324,29161,554.77734,1682,5099.5664,3.0184903,5,86.522758,1.456423393627447,1.2041725430207437,5703.475023247843,1.0892307,1.0589762,0.0,True,1.3462655855392132,1.1606136401145206
1325,2379,525.55804,1682,5383.0859,3.0314398,4,46.67334,1.3797441279634477,0.9049396031237777,4086.3587343389763,1.0518942,0.81761825,0.0,True,1.2813891495744134,0.8787431971866444
1326,3027,397.69974,1682,7113.7188,2.9927964,3,38.227604,1.0441728879314003,0.9036612203887011,3187.9562682887017,0.9410308,0.86561471,0.0,True,1.0132302615519801,0.8922472672720907
1327,0,322.4429,1682,8774.0312,0.98675001,1,43.689415,0.8466287869514136,0.0,223.50038702657238,0.85573655,0.0,0.0,True,0.8493611158659895,0.0
1328,9571,481.72501,1682,5872.9023,2.9843388,4,72.305153,1.2647088018985029,1.0562281589722804,4415.829571644551,1.0312423,0.85475379,0.0,True,1.1946688513289518,0.9957858482805961
1329,5674,516.45197,1682,5478.0,2.9897251,5,65.62973,1.355846833778058,1.004040286235014,4464.211881353686,1.0456228,0.90352666,0.0,True,1.2627796236446407,0.9738861983645098
1330,9117,480.32602,1682,5890.0078,2.014154,4,23.635685,1.261037137307211,1.0502773548190212,4379.668093399974,1.0303971,0.89462918,0.0,True,1.1918451261150476,1.003582902373315
1331,7723,480.0939,1682,5892.8555,3.0572176,5,57.080414,1.2604279526620727,1.0311083350493917,4297.90482203351,1.0305594,0.9362306,0.0,True,1.1914673868634509,1.0026450145345742
1332,7357,479.69547,1682,5897.75,3.0455594,5,47.792801,1.2593822872331468,1.0254189676301573,4271.054642337511,1.0332326,0.95087492,0.0,True,1.1915373810632028,1.0030557533411102
1333,74743,598.44519,1682,4727.457,1.9612786,4,140.07974,1.5710134692214683,1.3261781887665576,6715.654734312272,1.1501603,1.1596254,0.0,True,1.4447575184550279,1.2762123521365902
1334,0,377.4794,1682,7494.7773,1.9510918,2,36.956753,0.991097954730996,0.0,261.64878182945984,0.93556249,0.0,0.0,True,0.9744373153116972,0.0
1335,1701,515.19336,1682,5491.3828,4.1410465,5,142.83658,1.3525437639451883,0.8639116596106153,3833.114167303457,1.0447057,0.74806267,0.0,True,1.2601923447616317,0.8291569627274307
1336,3923,476.38876,1682,5938.6875,2.9831672,5,41.469669,1.2507038367367007,0.9522561965970929,3942.174932268021,1.08239,0.90938598,0.0,True,1.2002096857156905,0.9393951316179652
1337,4924,476.64584,1682,5935.4844,3.7901375,5,46.819092,1.2513785550499734,0.978464130651898,4052.5776216325257,1.082675,0.94847214,0.0,True,1.2007674885349813,0.9694665334563286
1338,4249,478.4975,1682,5912.5156,3.1991489,5,47.363724,1.256238236839507,0.9619289619530855,3997.8033220458606,1.0087675,0.87553382,0.0,True,1.181997015787655,0.9360104193671599
1339,106582,614.45978,1682,4604.2461,1.9864463,4,33.423809,1.6130359706798467,1.372394799323242,7113.409582906874,1.2107576,1.3246306,0.0,True,1.4923524594758926,1.3580655395262693
1340,4051,452.66324,1682,6249.9531,2.9773171,4,44.950256,1.1884351226345187,0.9503657778747568,3760.36978293848,1.0714747,0.89298254,0.0,True,1.1533469958441631,0.9331508065123298
1341,70133,605.63593,1682,4671.3281,2.0061312,4,259.29761,1.5898820904750426,1.3205175529915354,6757.793046917184,1.1156546,1.1023791,0.0,True,1.4476138433325298,1.255076017094075
1342,5435,478.62274,1682,5910.9688,3.048912,5,48.319447,1.2565668618281496,0.9902967246110888,4116.625914773026,1.0087569,0.88412738,0.0,True,1.1822238732797048,0.9584459212277621
1343,100199,614.43475,1682,4604.4336,2.0195305,4,62.045029,1.6129703137593816,1.365067168858307,7075.1752541568885,1.2107573,1.3245386,0.0,True,1.4923064096315672,1.3529085982008149
1344,1968,461.08414,1682,6135.8086,4.0383244,5,48.864079,1.2105363873848654,0.8696337344643672,3497.6869150899283,1.0718726,0.8644678,0.0,True,1.1689372511694058,0.868083954125057
1345,208,444.17743,1682,6369.3555,3.0622907,4,23.738838,1.1661632519334009,0.6098746913895559,2375.0644809277314,0.99386179,0.39992577,0.0,True,1.1144728133533808,0.5468900149726891
1346,0,366.62024,1682,7716.7695,3.0444832,3,117.33157,0.9625939275818196,0.0,254.1217856922105,0.96480972,0.0,0.0,True,0.9632586653072738,0.0
1347,1553,479.25394,1682,5903.1836,2.9439728,4,114.18311,1.2582234782850372,0.8462453633207385,3522.1478286653896,1.0097264,0.7570743,0.0,True,1.183674354799526,0.819494044324517
1348,1744,451.98834,1682,6259.2852,2.0309803,3,27.265318,1.1866638256797115,0.8538381723727005,3374.130353987889,1.0705252,0.80810094,0.0,True,1.151822237975798,0.8401170026608904
1349,96110,613.89154,1682,4608.5078,3.0308671,5,97.401268,1.6115449688868888,1.3599854489624947,7043.3430558479085,1.2108465,1.3246479,0.0,True,1.4913354282208222,1.3493841842737464
1350,1896,448.18195,1682,6312.4453,4.0404468,5,52.248905,1.1766735312607361,0.8625575991188874,3383.126538428513,0.99753892,0.79769242,0.0,True,1.1229331478825153,0.8430980453832212
1351,2561,479.78192,1682,5896.6875,4.0637045,5,42.778458,1.2596091332357848,0.9039336225652506,3765.7764931877086,1.0099913,0.78706908,0.0,True,1.1847237832650492,0.8688742597956755
1352,167498,666.39655,1682,4245.4062,3.0407469,5,73.671814,1.749312474305791,1.4398254600621587,8015.909924048498,1.1316884,1.1422739,0.0,True,1.5640252520140536,1.350559992043511
1353,66523,605.6192,1682,4671.457,3.1276841,5,42.198334,1.5898382394667925,1.3142593101933782,6725.602945239711,1.1156543,1.0993767,0.0,True,1.4475830576267548,1.2497945271353648
1354,78890,613.52649,1682,4611.25,2.9993396,5,40.712166,1.6105870371438267,1.3364880770260672,6918.0235353376,1.2109817,1.3256663,0.0,True,1.4907054360006786,1.333241543918247
1355,165806,666.14459,1682,4247.0117,3.1489978,5,51.889408,1.7486514920878562,1.4385451070056827,8006.115891085073,1.1299601,1.1405301,0.0,True,1.5630440744614993,1.349140604903978
1356,169961,657.47711,1682,4303.0,2.9830887,5,115.32133,1.7259095584445432,1.4392529696021108,7918.2177778128225,1.1221211,1.1400244,0.0,True,1.54477302091118,1.3494843987214775
1357,163861,655.17889,1682,4318.0938,2.2681987,4,16.661179,1.719879473242863,1.4342852063243556,7866.592718601401,1.1173909,1.1366172,0.0,True,1.5391329012700041,1.344984804427049
1358,0,415.991,1682,6800.9258,1.4219463,2,59.027218,1.092183108788833,0.0,288.3429887883122,0.9737606,0.0,0.0,True,1.0566563561521831,0.0
1359,6319,433.72919,1682,6522.7891,1.5976803,4,29.866207,1.1387403539378398,0.9963519542318751,3795.838563220821,0.97701484,0.89447308,0.0,True,1.090222699756488,0.9657882919623126
1360,63412,598.4007,1682,4727.8086,1.9309671,4,63.766514,1.570896684720764,1.3067381616837501,6616.779798052417,1.1501597,1.1589605,0.0,True,1.4446755893045347,1.262404863178625
1361,9795,434.20062,1682,6515.707,3.002378,4,36.769009,1.1399777021433701,1.0463764623657146,3990.2305329741707,0.97811413,0.96534091,0.0,True,1.091418630500359,1.0220657966560003
1362,0,440.23477,1682,6426.3984,1.1220661,2,65.982933,1.1558152103802026,0.0,305.147489609956,1.0179489,0.0,0.0,True,1.1144553172661418,0.0
1363,4310,448.62057,1682,6306.2734,2.9472547,4,79.739021,1.1778247672499036,0.9564730991535894,3754.5760342691565,1.0258213,0.89340514,0.0,True,1.1322237270749325,0.9375527114075126
1364,21479,554.79816,1682,5099.375,2.0510414,4,54.173317,1.4564780376082445,1.1683657571334283,5534.069538192215,1.089231,1.0541754,0.0,True,1.346303926325771,1.1341086499933999
1365,4241,470.89832,1682,6007.9297,2.2805009,3,53.437237,1.2362941032577734,0.9599435506933812,3933.425837422355,0.99797106,0.82538819,0.0,True,1.1647971902804415,0.9195769424853668
1366,5975,501.08154,1682,5646.0352,2.1281438,3,93.695808,1.315508913454321,1.0065129198864236,4357.241743722892,1.0260178,0.87076843,0.0,True,1.2286615794180247,0.9657895729204964
1367,131,366.51263,1682,7719.0352,2.8312719,3,62.968632,0.9623114591037946,0.5454527351309925,1792.3747206027622,0.93637723,0.3896701,0.0,True,0.9545311903726561,0.4987179445916947
1368,293,416.72488,1682,6788.9492,2.9238133,3,69.603653,1.0941092961060228,0.6441416803096817,2369.9041229336685,0.97497785,0.62809181,0.0,True,1.058369862274216,0.6393267192167771
1369,55514,598.32751,1682,4728.3867,2.070241,4,55.407784,1.5707047056224301,1.2910000712929561,6536.384933730723,1.1501584,1.1575073,0.0,True,1.444540813935701,1.2509522399050694
1370,0,356.43945,1682,7937.1797,3.0954468,3,59.876522,0.9358700684283238,0.0,247.0649998078376,0.92289215,0.0,0.0,True,0.9319766928998267,0.0
1371,0,298.82126,1682,9467.6133,1.9758447,2,60.277168,0.7846192250642122,0.0,207.12711386037034,0.84749478,0.0,0.0,True,0.8034818915449486,0.0
1372,1396,356.88541,1682,7927.2617,2.917624,3,53.375748,0.937040664089036,0.8066079740232017,2584.8489062233975,0.92458409,0.7935546,0.0,True,0.9333036918623252,0.8026919618162411
1373,4558,454.81937,1682,6220.3242,3.0651155,4,40.834873,1.1940941053993552,0.9643774288898964,3831.8886238198065,1.0255111,0.80323863,0.0,True,1.1435192037795485,0.9160357892229275
1374,69803,598.4007,1682,4727.8086,2.024375,4,29.054445,1.570896684720764,1.318085846986646,6674.238821605217,1.1501597,1.1591041,0.0,True,1.4446755893045347,1.2703913228906523
1375,3129,452.29291,1682,6255.0703,2.0613813,4,62.058357,1.1874631884995375,0.9207425732364547,3640.5543541821894,1.0251638,0.81424242,0.0,True,1.1387733719496762,0.8887925272655183
1376,4218,452.2963,1682,6255.0234,2.0643375,4,50.451267,1.1874720892211716,0.9548978030970122,3775.584255015189,1.0251638,0.89790952,0.0,True,1.1387796024548202,0.9378013181679086
1377,3190,457.49844,1682,6183.8984,3.1931093,4,155.94429,1.201125555037205,0.9241597708362586,3691.281766837022,1.0334967,0.90634537,0.0,True,1.1508368985260435,0.9188154505853809
1378,1556,452.5679,1682,6251.2695,4.0070772,4,310.35742,1.1881849405505005,0.8409220529625895,3326.8982411034635,1.0342786,0.55594695,0.0,True,1.1420130383853504,0.7554295220738125
1379,0,442.42679,1682,6394.5586,2.0343618,3,215.85767,1.1615684485566595,0.0,306.666882092687,1.0314919,0.0,0.0,True,1.1225454839896616,0.0
1380,45818,589.79584,1682,4796.7852,2.9645145,5,53.558002,1.5483169884544443,1.2661680976712018,6329.969671753239,1.1573225,1.1630144,0.0,True,1.431018641918111,1.2352219883698412
1381,170533,655.12378,1682,4318.457,1.9978623,4,101.08868,1.7197348912635302,1.4390382676056745,7892.07691077675,1.1176445,1.1433848,0.0,True,1.5391077738844712,1.3503422273239722
1382,296141,733.14069,1682,3858.9102,6.1114759,8,92.975708,1.9244272112580496,1.5254535221589245,9236.544628959424,1.182117,1.2894763,0.0,True,1.7017341478806347,1.4546603555112472
1383,51094,586.1889,1682,4826.3008,4.0353665,7,40.591026,1.5388520634637672,1.2781016110003287,6355.144388287927,1.1129117,1.0731976,0.0,True,1.411069954424637,1.2166304077002301
1384,7859,520.13574,1682,5439.2031,1.8479674,4,66.71299,1.3655143012588078,1.0427348573041721,4665.445476856903,1.0468485,0.93995613,0.0,True,1.2699145608811655,1.0119012391129205
1385,0,378.96707,1682,7465.3555,2.0237007,3,28.786602,0.9950029363278283,0.0,262.6799560955634,0.93615353,0.0,0.0,True,0.9773481144294798,0.0
1386,7465,452.20453,1682,6256.293,4.0326247,5,52.719944,1.187231190534505,1.0201665202747126,4032.8724125324616,1.0362047,0.92924011,0.0,True,1.1419232433741535,0.9928885971922987
1387,9035,447.7951,1682,6317.8984,3.0223553,4,47.01767,1.175658243035008,1.0408330556287504,4079.00252686365,1.0059943,0.94984674,0.0,True,1.1247590601245054,1.0135371609401254
1388,26994,548.92188,1682,5153.9648,4.0376754,6,44.814552,1.4410572874942356,1.1936456993562035,5600.8936551947745,1.0788012,1.0322025,0.0,True,1.332380461245965,1.1452127395493426
1389,40381,586.1709,1682,4826.4492,2.0036969,4,24.96833,1.538804767606079,1.2503571819518582,6217.0248048798785,1.1129115,1.0437248,0.0,True,1.4110367873242553,1.1883674673663007
1390,867,450.34256,1682,6282.1602,4.0145679,5,49.367985,1.182344245314395,0.7736374364502976,3047.622627430417,1.0341368,0.69972605,0.0,True,1.1378820117200765,0.7514640205152083
1391,5366,446.11835,1682,6341.6445,3.0723557,5,46.306843,1.1712574134795477,0.9808869245055402,3831.3583774123954,1.0046996,0.91658241,0.0,True,1.1212900694356833,0.9615955701538781
1392,0,337.59988,1682,8380.1094,1.9153516,2,27.557367,0.8864165682571215,0.0,234.00640497937584,0.89973307,0.0,0.0,True,0.890411518779985,0.0
1393,27100,545.77277,1682,5183.7031,2.6128128,5,99.846397,1.4327932983868203,1.1933014595850515,5570.900672415779,1.1142467,1.0111232,0.0,True,1.3372293188707742,1.138647981709536
1394,280404,731.57367,1682,3867.1758,3.0534348,5,85.615173,1.920316117221595,1.5184489081274093,9176.85560407251,1.1820842,1.2890604,0.0,True,1.6988465420551164,1.4496323556891866
1395,9189,535.84747,1682,5279.7188,2.9312799,4,61.768738,1.4067467297016567,1.06458963794775,4890.133306786985,1.0947831,0.95810044,0.0,True,1.3131576407911596,1.032642878563425
1396,6130,416.1337,1682,6798.5938,1.9326508,3,12.548052,1.0925576306445122,0.9882379455571797,3629.216950469836,0.98956478,0.92064655,0.0,True,1.0616597754511585,0.9679605268900258
1397,273582,731.67493,1682,3866.6406,3.0220814,5,83.402855,1.9205817798385711,1.5154928271759684,9160.104766263377,1.1820855,1.289162,0.0,True,1.6990328958869998,1.4475935790231778
1398,11200,532.74231,1682,5310.4922,3.9775546,5,47.207687,1.3985979403609776,1.086937908542104,4967.208115314957,1.0545517,0.98083973,0.0,True,1.2953840682526843,1.055108454979473
1399,222253,731.65942,1682,3866.7227,3.9500799,6,39.71043,1.9205410222613677,1.4903363222981751,9007.883957889728,1.1820822,1.2861607,0.0,True,1.6990033755829574,1.4290836356087226
1400,3266,446.20932,1682,6340.3516,3.0667758,5,41.484573,1.1714961764503498,0.9242121278966515,3610.696124878038,1.0064079,0.91396081,0.0,True,1.1219696935152448,0.921136732527656
1401,203110,729.94714,1682,3875.793,4.0446949,6,54.635693,1.9160488063967722,1.479014258180795,8921.058336744982,1.1823667,1.2853405,0.0,True,1.6959441744777406,1.4209121307265564
1402,47671,540.12781,1682,5237.8789,3.0501561,5,47.73867,1.4179794592397468,1.2577991569676659,5818.321843314008,1.0968688,1.0683104,0.0,True,1.3216462614678228,1.200952529877366
1403,866,432.31613,1682,6544.1094,3.9857917,4,53.959946,1.1350315424156765,0.7699111403307914,2925.133816920027,1.0053688,0.78977954,0.0,True,1.0961327196909736,0.775871660231554
1404,9181,482.24625,1682,5866.5547,3.0842566,5,107.1521,1.2660767478411266,1.051566063885382,4400.549705857017,1.0372648,0.97938097,0.0,True,1.1974331634887885,1.0299105357197675
1405,32537,543.19397,1682,5208.3125,2.8153265,5,55.365166,1.4260259147803052,1.214004588475539,5643.891080405115,1.1029407,1.0490599,0.0,True,1.3291003503462138,1.1645211819328773
1406,3087,516.70142,1682,5475.3555,3.2175889,5,72.443001,1.3565014447398491,0.9334056664188393,4152.0073219868555,1.0436711,0.86021531,0.0,True,1.2626523413178945,0.9114485594931874
1407,23348,484.41281,1682,5840.3164,4.000031,6,101.57964,1.271762797561556,1.159719480312096,4872.394683736698,1.0399777,1.0148523,0.0,True,1.2022272682930892,1.1162593262184672
1408,63066,593.73743,1682,4764.9414,3.031863,5,57.166454,1.5586599510335408,1.30488590922754,6561.967544839521,1.1577841,1.1639234,0.0,True,1.4383971957234787,1.262597156459278
1409,22820,484.47955,1682,5839.5117,3.9967773,6,52.671906,1.2719379898021532,1.1571006065146323,4861.9849613650385,1.0402842,1.0112348,0.0,True,1.2024418528615073,1.1133408645602425
1410,0,443.13953,1682,6384.2734,1.9758958,2,72.701813,1.163439173948262,0.0,307.1609158141593,1.0329323,0.0,0.0,True,1.1242871117637834,0.0
1411,19904,483.85324,1682,5847.0703,4.020534,6,50.903339,1.2702942977286078,1.1411676020513155,4789.5550684029595,1.0398948,1.0094532,0.0,True,1.2011744484100255,1.1016532814359208
1412,33689,542.33942,1682,5216.5195,2.9372549,5,54.603855,1.4237832490812303,1.2178458782331811,5653.880870704616,1.1032699,1.0558773,0.0,True,1.3276292443568614,1.1692553047632268
1413,2369,445.5889,1682,6349.1797,3.0382662,5,43.728077,1.1698678041031902,0.8874091179794132,3462.7012347060895,1.0060455,0.92249423,0.0,True,1.1207211128722332,0.8979346515855893
1414,4061,445.9346,1682,6344.2578,2.986053,4,40.532715,1.1707751060953997,0.9490225304937496,3705.5724427415284,1.0061095,0.92677039,0.0,True,1.12137542426678,0.9423468883456247
1415,8749,551.43658,1682,5130.4609,4.0912929,6,70.792168,1.4476565518704212,1.0624183792102928,5005.347518609456,1.1138428,0.93228954,0.0,True,1.3475124263092948,1.023379727447205
1416,48369,539.92163,1682,5239.8789,1.9955543,4,22.803049,1.4174384396983606,1.259440286351673,5823.948749160079,1.0973657,1.0779274,0.0,True,1.3214166177888524,1.204986420446171
1417,35140,554.09021,1682,5105.8906,4.0069127,6,70.483986,1.4546201614231438,1.225839739235306,5799.746602332837,1.1145402,1.0490575,0.0,True,1.3525961729962006,1.1728050674647141
1418,2251,436.96646,1682,6474.4648,4.0350652,5,43.519787,1.1472370928509885,0.8796148223518281,3373.3889105671688,1.0107752,0.83191484,0.0,True,1.106298524995692,0.8653048276462797
1419,6110,443.11703,1682,6384.5977,3.960314,6,49.064014,1.1633800965894185,0.9949478142632984,3863.0984021969252,1.0148872,0.89467579,0.0,True,1.118832227612593,0.9648662069843089
1420,48398,539.94299,1682,5239.6719,2.0378094,4,46.025841,1.4174944160667053,1.2595160742339881,5824.502768647716,1.0978531,1.080317,0.0,True,1.3216020212466937,1.2057563519637917
1421,2181,542.18469,1682,5218.0078,3.046783,4,45.388885,1.423377307808574,0.8980837460141797,4168.562784069871,1.1066498,0.83406204,0.0,True,1.3283590554660019,0.8788772342099258
1422,441,429.35016,1682,6589.3164,2.983387,3,42.866016,1.1272468499773063,0.6926933535032548,2616.2751557400425,1.0081351,0.57655442,0.0,True,1.0915133249841142,0.6578516734522784
1423,31494,554.10333,1682,5105.7695,2.9999592,5,105.01075,1.4546546489820573,1.2130145431457082,5739.189423717445,1.1145405,1.0368929,0.0,True,1.3526204042874401,1.1601780502019956
1424,5921,448.84048,1682,6303.1836,3.0262301,5,43.937302,1.1784019499612601,0.9928158198883043,3898.896975798564,1.0077273,0.92833501,0.0,True,1.127199554972882,0.973471576921813
1425,84979,602.14795,1682,4698.3867,3.0424802,5,122.58979,1.5807296555204189,1.3423239095663102,6834.489414178758,1.1650971,1.2353344,0.0,True,1.4560398888642931,1.3102270566964171
1426,5438,379.71771,1682,7450.5977,3.9813824,6,120.84387,0.9969732633097528,0.964660651530859,3266.1549220141997,0.93709522,0.88522178,0.0,True,0.979009850316827,0.9408289900716014
1427,37488,585.07465,1682,4835.4922,2.0150671,4,120.84401,1.535928192112384,1.2413198867194675,6161.906464264927,1.1119286,1.0345629,0.0,True,1.4087283144786686,1.1792927907036272
1428,13852,483.61224,1682,5849.9844,3.9951692,6,51.1721,1.2696617320278156,1.0993174909823116,4611.885563792892,1.0399235,0.93467909,0.0,True,1.200740262419471,1.049925970687618
1429,6557,483.61157,1682,5849.9922,4.0057611,5,50.617149,1.2696600397218163,1.0131108340332589,4250.26546739965,1.0399235,0.72565937,0.0,True,1.2007390778052713,0.9268753948232812
1430,1069,362.51196,1682,7804.2227,3.9780881,5,362.8945,0.9518099770717223,0.7782624146149234,2529.0096126602316,0.93369263,0.76465964,0.0,True,0.9463747729502057,0.7741815822304464
1431,24476,548.89148,1682,5154.25,3.0071402,5,359.90469,1.440977580432244,1.182183140393538,5546.8393365150305,1.0788012,1.0181508,0.0,True,1.3323246663025707,1.1329734382754766
1432,1362,379.51416,1682,7454.5938,4.0643663,6,225.98686,0.9964389704456958,0.8094037308796469,2739.400319558125,0.93689162,0.70035607,0.0,True,0.9785747653119872,0.7766894326157527
1433,31854,584.4043,1682,4841.0391,3.0267651,5,221.8777,1.5341690404902488,1.2219603477762493,6059.677098390458,1.111434,1.0246907,0.0,True,1.4073485283431741,1.1627794534433744
1434,59231,591.08539,1682,4786.3203,1.948789,4,61.562759,1.551700843634825,1.2967938118541658,6495.575722615727,1.1574564,1.1633912,0.0,True,1.4334275105443774,1.256773028297916
1435,3052,418.08932,1682,6766.793,2.8485603,3,18.474297,1.0976906294968334,0.9097136722290022,3354.835451268075,0.98685044,0.86871672,0.0,True,1.0644385726477834,0.8974145865603016
1436,0,347.06873,1682,8151.4805,0.82392043,1,34.339928,0.9112722657647564,0.0,240.56971166002091,0.90772045,0.0,0.0,True,0.9102067210353295,0.0
1437,0,516.70917,1682,5475.2734,1.9963405,3,158.62106,1.3565217776245675,0.0,358.1555043549694,1.0432938,0.0,0.0,True,1.2625533843371972,0.0
1438,27686,541.22003,1682,5227.3086,3.7051783,6,118.34328,1.4208457020692482,1.1946331237125387,5536.006755282913,1.1042932,1.0561707,0.0,True,1.3258799514484738,1.1530943965987772
1439,82158,600.60052,1682,4710.4922,2.4943786,5,166.87778,1.5766690603973326,1.337924452439929,6796.650045608624,1.1649567,1.2364092,0.0,True,1.4531553522781329,1.3074698767079502
1440,53526,590.37518,1682,4792.0781,2.1363635,4,60.435806,1.5498372146051935,1.2846605212194653,6427.981439565968,1.1574048,1.1630367,0.0,True,1.4321074902236355,1.2481733748536257
1441,51707,590.45795,1682,4791.4062,1.9492869,4,14.838319,1.550054457955964,1.2806023695179545,6408.468713319209,1.1574061,1.1630217,0.0,True,1.4322599505691749,1.2453281686625681
1442,1221,448.61917,1682,6306.293,4.7033091,6,102.14601,1.1778211077233982,0.8123912863402727,3189.2615547904065,1.0351909,0.74968606,0.0,True,1.1350320454063787,0.793579718438191
1443,3745,493.68237,1682,5730.6562,5.6383934,6,44.535244,1.2960903968222894,0.9508135593257259,4062.3694491930605,1.08564,0.91810852,0.0,True,1.2329552777756025,0.9410020475280081
1444,174,437.91205,1682,6460.4844,4.3811169,5,18.891504,1.1497189299371862,0.5886517905464062,2264.217245759347,1.0289618,0.42532125,0.0,True,1.1134917909560302,0.5396526283824843
1445,111,422.0976,1682,6702.5352,2.9598932,3,39.775696,1.108211147747238,0.5355425754161252,1995.419052547714,1.0516444,0.50940633,0.0,True,1.0912411234230666,0.5277017017912876
1446,1404,358.46347,1682,7892.3633,2.9493055,4,444.67355,0.9411830146078732,0.8076406944139769,2598.3239220911,0.91418338,0.79376358,0.0,True,0.9330831242255113,0.8034775600897839
1447,10200,532.61108,1682,5311.8008,3.043963,5,422.84628,1.3982535154693339,1.0760050314206244,4916.180854704746,1.0545405,0.9537437,0.0,True,1.2951396108285338,1.0393266319944372
1448,6071,452.77444,1682,6248.418,4.0796022,6,51.409729,1.1887270017947213,0.9966683752599648,3944.393431842047,1.0346365,0.95324796,0.0,True,1.142499851256305,0.9836422506819753
1449,3349,445.98511,1682,6343.5391,4.0418468,6,45.475075,1.1709077088664945,0.9270244692176756,3620.0674207910743,1.0297513,0.91281182,0.0,True,1.1285607862065463,0.9227606744523729
1450,3877,447.00467,1682,6329.0703,4.0544424,5,46.541248,1.1735836591648268,0.9439864890891944,3693.748292109222,1.0279914,0.84746879,0.0,True,1.1299059814153787,0.9150311793624362
1451,25798,583.20618,1682,4850.9844,3.0251586,5,58.950726,1.531025042879544,1.1968217942731558,5924.284059636526,1.1104474,1.0025793,0.0,True,1.4048517500156807,1.138549045991209
1452,0,360.40836,1682,7849.7734,2.0575821,3,55.113373,0.946288216761803,0.0,249.81603858423378,0.92822641,0.0,0.0,True,0.940869674733262,0.0
1453,583,448.54279,1682,6307.3672,2.9715917,4,50.175976,1.1776205780357432,0.7279929146647448,2857.940554754431,1.0360191,0.70278025,0.0,True,1.1351401346250203,0.7204291152653214
1454,19665,548.87738,1682,5154.3828,1.9176276,4,85.721901,1.4409404687921459,1.1565785122713772,5426.5845565594,1.0788009,0.99298173,0.0,True,1.3322985981545021,1.107499477589964
1455,23151,578.45544,1682,4890.8242,2.133076,4,37.610855,1.5185586780542326,1.1829280416289596,5813.407549537776,1.1065078,0.98925918,0.0,True,1.3949434146379627,1.1248273831402718
1456,48929,539.95062,1682,5239.5977,1.992551,4,171.71043,1.4175144821022334,1.2607921892119263,5830.4766541163735,1.0978532,1.0815203,0.0,True,1.3216160974715634,1.2070106224483483
1457,3166,419.36514,1682,6746.207,3.0003033,4,38.757004,1.1010392314734503,0.9141856893487211,3380.4419013491047,0.99552888,0.86965269,0.0,True,1.0693861260314153,0.9008257895441047
1458,1819,419.36514,1682,6746.207,2.0136852,4,24.773485,1.1010392314734503,0.8513596783220956,3148.2332698997197,0.99552888,0.86214685,0.0,True,1.0693861260314153,0.854595829825467
1459,193,349.25418,1682,8100.4727,3.0029469,4,35.372715,0.9170090322061508,0.5853144530364142,1841.6171369665435,0.9140411,0.74801463,0.0,True,0.9161186525443057,0.6341245061254899
1460,765,354.68515,1682,7976.4375,3.0363731,4,399.02438,0.9312651316882232,0.7391720300862626,2355.9914275159654,0.90945482,0.75808156,0.0,True,0.9247220381817562,0.7448448890603838
1461,0,290.04141,1682,9754.207,3.9913831,4,24.233826,0.7615706236146648,0.0,201.04138558713112,0.83383906,0.0,0.0,True,0.7832511545302653,0.0
1462,24559,554.10718,1682,5105.7344,3.0072312,4,112.57903,1.4546646452689,1.1838881934246563,5601.422437836893,1.1145405,1.0127697,0.0,True,1.35262740168823,1.1325526453972594
1463,4775,349.52826,1682,8094.1211,2.0045438,4,33.606865,0.9177284476517722,0.9413390682833535,2961.0524271918503,0.91432005,0.87873656,0.0,True,0.9167059283562407,0.9225583157983475
1464,3401,349.74176,1682,8089.1797,2.0097532,4,33.731575,0.9182889176350587,0.9037039662282597,2844.244321826254,0.91532534,0.88231885,0.0,True,0.9173998443445411,0.8972884313597818
1465,0,289.87784,1682,9759.7109,3.9998505,4,24.176878,0.7611412307963104,0.0,200.92800750280693,0.83361924,0.0,0.0,True,0.7828846335574172,0.0
1466,46343,590.02698,1682,4794.9062,2.0478044,4,99.496956,1.5489234809519015,1.2675707456350742,6339.1723968601245,1.1573611,1.1624961,0.0,True,1.4314547666663309,1.236048351944552
1467,7309,514.69434,1682,5496.707,4.0169182,5,84.984238,1.3512341445186582,1.0330391993523702,4579.305202892332,1.0736367,0.90981334,0.0,True,1.2679549111630606,0.9960714415466592
1468,71205,597.95654,1682,4731.3203,2.5204315,4,58.192688,1.5697312199860547,1.3203201161834566,6681.175557855343,1.1648755,1.2349139,0.0,True,1.4482745039902383,1.2946982513284195
1469,21295,539.35028,1682,5245.4297,5.0251875,6,110.99521,1.4159390547154465,1.1635117873662955,5375.338289819207,1.0949594,1.0412767,0.0,True,1.3196451583008124,1.126841261156407
1470,4619,493.7699,1682,5729.6406,2.2568426,5,26.921158,1.2963200534771422,0.9750654883104104,4166.61133885877,1.086973,0.94534898,0.0,True,1.2335159374339995,0.9661505358172873
1471,2040,438.60687,1682,6450.25,2.9799094,3,50.282681,1.1515425857807366,0.86877570791549,3342.9234014165554,1.0298871,0.85295159,0.0,True,1.1150459400465156,0.8640284725408429
1472,19,354.35718,1682,7983.8203,3.0260446,3,156.40854,0.9304041876704586,0.333394498998419,1078.8483854783979,0.9323439,0.23897311,0.0,True,0.930986101369321,0.30506808229889326
1473,4160,510.77521,1682,5538.8828,4.0727596,5,71.269936,1.3409488915924657,0.9667545370571381,4256.673420664427,1.0667621,0.87795627,0.0,True,1.258692854114726,0.9401150569399968
1474,4707,451.34726,1682,6268.1758,4.0619712,5,51.718868,1.1849812327596554,0.967210671928491,3817.1479714448988,1.0359453,0.95188183,0.0,True,1.1402704529317589,0.9626120193499437
1475,66776,597.94122,1682,4731.4414,2.009069,4,55.300579,1.5696910601034924,1.3127276502198122,6642.606125849139,1.1648753,1.2359327,0.0,True,1.4482463320724448,1.2896891651538684
1476,2914,498.08554,1682,5679.9961,4.0738082,5,99.306282,1.3076462071319896,0.9227772472729745,3973.7105457687035,1.0905994,0.95971924,0.0,True,1.2425321649923928,0.9338598450910822
1477,15656,439.54013,1682,6436.5547,3.0073569,4,90.792526,1.1539920052405175,1.101304100631676,4245.402625387865,1.0131686,0.95225543,0.0,True,1.1117449836683622,1.0565894994421732
1478,10665,349.52841,1682,8094.1172,2.9958205,4,43.181396,0.91772888973294,1.0306195077938198,3241.8445950447585,0.91432005,0.93839246,0.0,True,0.9167062378130579,1.0029513934556737
1479,3866,349.74161,1682,8089.1836,2.9951982,4,42.676243,0.9182884750141819,0.9179411048849592,2889.0380710514046,0.91532534,0.90975863,0.0,True,0.9173995345099273,0.9154863624194715
1480,28490,438.43085,1682,6452.8398,2.0123627,4,38.859875,1.1510805657955692,1.169229119347297,4497.151229373655,1.0124648,1.018543,0.0,True,1.1094958360568985,1.1240232835431079
1481,63360,539.92163,1682,5239.8789,2.0107937,4,75.139191,1.4174384396983606,1.290961656026978,5969.708072211815,1.0978328,1.0952493,0.0,True,1.3215567477888523,1.2322479492188847
1482,13037,438.42316,1682,6452.9531,2.0370092,4,10.934185,1.1510603615545647,1.080119103764019,4154.366400969018,1.0124646,0.97244638,0.0,True,1.1094816330881954,1.0478172866348134
1483,10568,437.64346,1682,6464.4492,1.9776523,4,13.18998,1.1490139981465808,1.0559737116972299,4055.105865095938,1.0122284,0.98524934,0.0,True,1.1079783187026067,1.034756400188061
1484,4651,437.13025,1682,6472.0391,2.0154483,4,39.517555,1.1476669408906965,0.9623212920275531,3691.681872541714,1.0122514,0.91507369,0.0,True,1.1070422786234877,0.9481470114192871
1485,3718,431.08871,1682,6562.7422,3.9962511,5,38.706497,1.1318099664452563,0.9353315972094772,3544.1867536695718,1.0712507,0.92744708,0.0,True,1.1136421865116795,0.932966242046634
1486,0,402.23849,1682,7033.4492,2.0055461,3,97.976875,1.0560861769997227,0.0,278.81047525618976,0.98126733,0.0,0.0,True,1.033640522899806,0.0
1487,0,721.95416,1682,3918.7031,1.9879457,3,37.040554,1.8950786273777676,0.0,500.42049049752364,1.1820163,1.2715299,7.322546137911565,True,1.6811599291644372,0.38145897000000006
1488,1614,442.7186,1682,6390.3438,3.009769,4,50.605797,1.1623343301878974,0.8429852256494454,3270.6762915330232,1.0145493,0.78965104,0.0,True,1.1179988211315282,0.8269849699546118
1489,17215,504.3606,1682,5609.3281,3.006506,5,50.181683,1.3241144550260318,1.1298401247960523,4919.358050683709,1.1272792,1.1690559,0.0,True,1.2650638785182222,1.1416048573572366
1490,917,396.49313,1682,7135.3672,3.0003397,4,49.93251,1.0410057996040556,0.7688508249155089,2705.3860715383694,1.0082337,0.79495782,0.0,True,1.031174169722839,0.7766829234408563
1491,6022,396.49377,1682,7135.3555,2.982748,4,50.051636,1.0410075060859387,0.9808528792703247,3450.8862112515385,1.0082339,0.91852027,0.0,True,1.0311754242601572,0.9621530964892273
1492,14461,518.40527,1682,5457.3594,2.00771,4,104.49891,1.360972983222859,1.1131876071700664,4965.984975258352,1.1125674,0.99953139,0.0,True,1.2864513082560012,1.0790907420190465
1493,40032,515.90277,1682,5483.832,1.9995277,4,185.23238,1.3544054300430195,1.2308163221948571,5467.271542572642,1.0937377,1.0965397,0.0,True,1.2762051110301136,1.1905333355364
1494,5604,419.48706,1682,6744.2461,2.9844153,4,38.640816,1.1013592654296673,0.9789636270938172,3620.841458148577,0.99554276,0.92941815,0.0,True,1.0696143138007672,0.9640999839656721
1495,4241,349.74329,1682,8089.1445,2.9919851,4,35.478443,0.9182929125915077,0.9282271242961622,2921.4147405560916,0.91532534,0.87789375,0.0,True,0.9174026408140554,0.9131271120073136
1496,6068,502.5209,1682,5629.8633,2.0388753,4,187.27879,1.3192863983583831,1.0086351010393002,4377.516789017082,1.1263086,1.1647481,0.0,True,1.2613930588508682,1.0554690007275103
1497,6139,517.79523,1682,5463.7891,2.0173335,4,58.692528,1.359371997925013,1.0134937569089693,4516.594652844252,1.1120524,0.90568775,0.0,True,1.285176118547509,0.9811519548362785
1498,140,399.28296,1682,7085.5117,4.0009661,4,54.640171,1.0483285197403989,0.5581582600100471,1978.777296807122,1.0045053,0.43224573,0.0,True,1.0351815538182791,0.5203845010070329
1499,2741,517.22687,1682,5469.793,3.0008409,4,53.393841,1.3578804331786234,0.9197097942580864,4094.7855589302094,1.1115403,0.77531171,0.0,True,1.2839783932250364,0.8763903689806605
1500,0,321.34787,1682,8803.9297,1.9975574,2,333.54288,0.8437542544887404,0.0,222.74137006944383,,,,False,0.8437542544887404,0.0
1501,37336,514.84033,1682,5495.1484,2.0140767,4,53.276344,1.35161725834139,1.2224264214458624,5420.118961172049,1.0936704,1.0964551,0.0,True,1.2742332008389727,1.1846350250121038
1502,0,385.98996,1682,7329.5273,2.0061586,2,7.7919354,1.0134369477289893,0.0,267.54785249844605,,,,False,1.0134369477289893,0.0
1503,1211,436.35962,1682,6483.4688,3.0193663,4,53.842903,1.1456443440301123,0.8088918884985947,3098.5250406631003,1.0114764,0.88390362,0.0,True,1.1053939608210785,0.8313954079490163
1504,33684,514.0769,1682,5503.3086,2.0304866,4,38.854847,1.349613834382283,1.210266058831007,5359.168196287204,1.0936359,1.0969338,0.0,True,1.272820454067598,1.176266381181705
1505,3262,402.39404,1682,7030.7305,3.9727283,5,105.60765,1.0564944368483562,0.9132954127315078,3255.6529667282525,0.98129678,0.86836106,0.0,True,1.0339351397938494,0.8998151069120555
1506,25010,511.2876,1682,5533.332,2.0384469,4,36.915474,1.3422935876481767,1.1749586074309126,5177.8662723395,1.0939332,1.0963888,0.0,True,1.2677854713537235,1.1513876652016388
1507,0,501.9379,1682,5636.4023,0.99992192,2,25.015543,1.31775638802924,0.0,347.91684020117975,,,,False,1.31775638802924,0.0
1508,22081,510.11902,1682,5546.0078,3.0172729,5,64.159386,1.3392267849918593,1.160199939519495,5102.497819061869,1.094196,1.0992646,0.0,True,1.2657175494943014,1.1419193376636465
1509,0,396.07919,1682,7142.8242,2.0233841,3,27.377544,1.0399193095757007,0.0,274.5411738269669,1.0039825,0.95529777,12.474546691010756,True,1.0291382667029905,0.28658933100000006
1510,0,508.27817,1682,5566.0938,2.0233841,3,41.946907,1.334395740442404,0.0,352.31158047566856,1.0946954,1.0943828,5.9083680929052695,True,1.2624856383096827,0.32831484000000005
1511,74827,613.52649,1682,4611.25,2.0117354,4,15.265863,1.6105870371438267,1.3302209673693706,6885.583740504219,1.2109817,1.3257699,0.0,True,1.4907054360006786,1.3288856471585595
1512,64343,606.26404,1682,4666.4883,2.9226451,5,38.550423,1.5915303138070964,1.3104810995355367,6712.564247727427,1.1156423,1.0976152,0.0,True,1.4487639096649674,1.2466213296748756
1513,6098,445.07327,1682,6356.5352,3.0066159,3,42.033443,1.1685145108741017,0.9952235839192598,3879.278226869379,0.99666154,0.92092103,0.0,True,1.116958619611871,0.972932817743482
1514,3051,350.68994,1682,8067.3086,2.1235261,2,14.782246,0.9207778531488755,0.8919074769532798,2813.893993219395,0.89878339,0.86255407,0.0,True,0.9141795142042128,0.8831014548672959
1515,0,285.06476,1682,9924.4961,1.105476,1,15.759057,0.7485058750089831,0.0,197.59183467099746,0.81228548,0.0,0.0,True,0.7676397565062882,0.0
1516,54026,604.82568,1682,4677.5859,2.9937079,5,83.004402,1.5877560125787538,1.2894342612648504,6590.941304392845,1.1152332,1.0909586,0.0,True,1.4459991688051277,1.2298915628853953
1517,14061,481.22794,1682,5878.9688,2.9893045,4,145.08154,1.2634041944082,1.1004170568891316,4596.3536330666,1.0748864,0.83621699,0.0,True,1.20684885608574,1.0211570368223921
1518,4721,466.9635,1682,6058.5547,3.9956894,5,125.01477,1.22596709656028,0.9713269962903993,3950.604355160836,1.0754167,0.87550849,0.0,True,1.1808019775921959,0.9425814444032794
1519,2093,467.23495,1682,6055.0352,3.9878316,5,126.7907,1.2266794568246455,0.8780236265802492,3573.0899599205254,1.0749531,0.73320782,0.0,True,1.1811615497772519,0.8345788846061744
1520,50882,603.34985,1682,4689.0273,3.0570636,5,52.167225,1.5838834809389744,1.2819696322316225,6538.685628937863,1.114835,1.0890784,0.0,True,1.443168936657282,1.2241022625621358
1521,0,440.29526,1682,6425.5156,1.99663,2,77.027145,1.1559739581345798,0.0,305.18941808290805,0.99455261,0.0,0.0,True,1.1075475536942059,0.0
1522,45414,603.36041,1682,4688.9453,3.679522,6,70.663666,1.5839111679907583,1.2685240003331455,6470.207605937131,1.1148351,1.0854307,0.0,True,1.4431883475935308,1.2135960102332017
1523,20169,553.45508,1682,5111.75,3.0099025,5,80.699097,1.4529534390816443,1.1606658663666691,5485.8474217005105,1.0888834,1.0537962,0.0,True,1.3437324273571511,1.1286049664566684
1524,50105,598.31171,1682,4728.5117,2.0078475,4,64.397423,1.5706632010029187,1.2788815887064429,6474.879066163051,1.1501582,1.1563271,0.0,True,1.444511700702043,1.2421152420945099
1525,161372,655.04974,1682,4318.9453,3.0235896,5,104.54208,1.7195405480147499,1.4324230746951578,7855.015811267676,1.1176846,1.1380545,0.0,True,1.538983763610325,1.3441125022866105
1526,0,441.77048,1682,6404.0586,2.0080876,2,41.66938,1.1598458760748391,0.0,306.2119626666137,1.0240026,0.0,0.0,True,1.1190928932523874,0.0
1527,164021,655.25952,1682,4317.5625,2.9899676,5,78.732933,1.7200910159544534,1.434422860003297,7868.20032565236,1.1176871,1.1390846,0.0,True,1.5393698411681171,1.345821382002308
1528,46249,597.26965,1682,4736.7617,3.025528,5,37.567608,1.5679287373964719,1.2691569008507075,6415.774040219025,1.1500145,1.1560695,0.0,True,1.4425544661775302,1.2352306805954951
1529,162947,655.25952,1682,4317.5625,2.9957249,5,72.077271,1.7200910159544534,1.4336380883983866,7863.895668033678,1.1176871,1.1399974,0.0,True,1.5393698411681171,1.3455458818788708
1530,173990,655.12616,1682,4318.4414,3.0076053,5,103.20467,1.7197411007828411,1.4414362191785153,7905.253156105921,1.1176566,1.1426971,0.0,True,1.5391157505479889,1.3518144834249606
1531,7792,553.29736,1682,5113.207,4.0133548,6,297.11197,1.452539584244344,1.049274501386704,4958.158221218683,1.0887327,1.050796,0.0,True,1.3433975189710408,1.0497309509706927
1532,3016,472.83975,1682,5983.2617,4.0065374,5,297.63623,1.241389436505969,0.9212157473986632,3788.5574003723445,0.99979156,0.96023858,0.0,True,1.1689100735541782,0.9329225971790642
1533,12984,480.72995,1682,5885.0586,2.0219228,4,124.04636,1.2620972804829491,1.0911067294675802,4553.294838098631,1.0752566,0.89950126,0.0,True,1.2060450763380643,1.0336250886273062
1534,1795,464.47461,1682,6091.0195,7.3100009,7,123.92366,1.2194349040083916,0.8598121564697957,3480.714150952978,1.0733731,0.8547129,0.0,True,1.175616362805874,0.858282379528857
1535,2053,492.8157,1682,5740.7344,5.9706664,7,85.266716,1.2938158256289474,0.8811995687262012,3759.2134994399617,1.0935533,0.99423021,0.0,True,1.2337370679402633,0.9151087611083408
1536,1090,464.54166,1682,6090.1406,4.2776413,6,127.36246,1.2196108292549517,0.8026293813533211,3249.8248232216747,1.0729088,0.71880937,0.0,True,1.1756002204784661,0.7774833779473248
1537,37607,602.99774,1682,4691.7656,5.133213,7,50.149467,1.582959457776025,1.246122371715885,6352.580384352939,1.1143602,1.0521424,0.0,True,1.4423796804432176,1.1879283802011193
1538,11293,479.85535,1682,5895.7852,1.9978365,4,28.771767,1.2598018403762412,1.074808528867533,4478.065515376219,1.076055,0.93493152,0.0,True,1.2046777882633688,1.0328454262072733
1539,0,441.41641,1682,6409.1953,3.7524071,3,76.905075,1.1589165984545438,0.0,305.96654004439284,0.99590796,0.0,0.0,True,1.1100140069181808,0.0
1540,989,498.68127,1682,5673.2109,5.1903872,6,105.86073,1.3092096100082833,0.7979724279693532,3440.259725347137,1.0759236,0.788046,0.0,True,1.2392238070057982,0.7949944995785472
1541,27392,598.78015,1682,4724.8125,4.3753848,6,61.302383,1.5718924008734763,1.2076326251035678,6118.3830501545945,1.1133484,1.0390491,0.0,True,1.4343292006114332,1.1570575675724974
1542,3272,461.14108,1682,6135.0508,4.0058851,5,109.73623,1.2106858638197615,0.9279085860887806,3732.3688051615163,1.0372857,0.6783396,0.0,True,1.1586658146738331,0.8530378902621464
1543,40407,589.76898,1682,4797.0039,4.032711,6,49.172554,1.548246428619022,1.2513352472485608,6255.566223995089,1.1573222,1.1629623,0.0,True,1.4309691600333154,1.2248233630739926
1544,165260,654.74121,1682,4320.9805,3.0330393,5,107.42413,1.7187310118802892,1.4351862624186773,7866.903792653153,1.1176966,1.1442997,0.0,True,1.5384206883162024,1.347920293693074
1545,5848,474.91745,1682,5957.0859,3.016438,4,52.550037,1.24684234692837,0.9978356685628184,4119.527491649888,1.0826784,0.85764122,0.0,True,1.197593162849859,0.9557773339939729
1546,25008,588.16498,1682,4810.0859,4.0484123,6,48.863598,1.5440374098691294,1.1943482850285851,5956.364999614857,1.1572285,1.1639007,0.0,True,1.4279947369083907,1.1852140095200094
1547,778,448.87164,1682,6302.7461,4.0221572,5,106.91691,1.178483721827237,0.7609836821383502,2989.168182970423,1.0357869,0.82051277,0.0,True,1.1356746752790658,0.778842408496845
1548,3320,448.65643,1682,6305.7695,3.0743287,5,50.240299,1.1779188584972482,0.9266631992180423,3637.8509319985496,1.0368984,0.86692929,0.0,True,1.1356127209480738,0.9087430264526295
1549,20126,587.50464,1682,4815.4922,2.8697276,5,69.29631,1.5423046557509235,1.1685807393313665,5822.092937989969,1.1571938,1.1640724,0.0,True,1.4267713990256465,1.1672282375319565
1550,0,448.4989,1682,6307.9844,1.9992213,2,46.145943,1.17750539115497,0.0,310.8757480192368,1.0312514,0.0,0.0,True,1.133629193808479,0.0
1551,3122,474.68771,1682,5959.9688,3.0033984,5,244.02563,1.2462394384056084,0.9256010223878374,3819.7500608262208,1.0831399,0.94100845,0.0,True,1.1973095768839257,0.9302232506714861
1552,46,358.43332,1682,7893.0273,3.9795439,4,266.48358,0.9411038577540775,0.429028108640155,1387.5674307270715,0.93859822,0.0,0.0,True,0.9403521664278542,0.3003196760481085
1553,537,487.60431,1682,5802.0898,4.1300654,5,49.514935,1.2801388167880792,0.72553690092253,3066.892421049338,1.0960075,1.0039486,0.0,True,1.2248994217516556,0.8090604106457709
1554,22473,607.91022,1682,4653.8516,1.4444071,4,72.952026,1.5958499727748536,1.1863606212128972,6091.356976616219,1.2121549,1.3290707,0.0,True,1.4807414509423977,1.229173644849028
1555,2894,497.68442,1682,5684.5742,4.1770644,5,99.265427,1.3065934581674425,0.9218950191201083,3967.085190003701,1.0792348,0.91459376,0.0,True,1.2383858607172098,0.9197046413840758
1556,14340,607.23236,1682,4659.0469,2.3354683,4,130.32396,1.5940712051414367,1.133022380542127,5811.789083065007,1.2121433,1.3290431,0.0,True,1.4794928335990056,1.191828596379489
1557,565,491.18268,1682,5759.8203,4.7953024,6,42.674454,1.2895300898404898,0.7320083907570181,3114.274674967931,1.0749431,0.87239701,0.0,True,1.2251539928883428,0.7741249765299127
1558,5943,489.82401,1682,5775.7969,2.4740803,4,42.737541,1.2859643178360523,1.0032540932020375,4256.720439551845,1.0895236,0.90349281,0.0,True,1.2270321024852366,0.9733257082414263
1559,3098,453.8074,1682,6234.1953,1.0977107,3,64.197861,1.1914380951321004,0.9199555679167528,3648.229113561444,1.1138279,0.92424363,0.0,True,1.1681550365924702,0.921241986541727
1560,3,452.48819,1682,6252.3711,4.1194582,4,21.025505,1.1879756621898816,0.15859321777239777,728.2516479146844,1.0733864,0.10400788,0.0,True,1.1535988835329172,0.14221761644067843
1561,8532,607.23895,1682,4658.9961,3.5539861,5,25.781292,1.5940885788563002,1.0715618628974453,5496.613703322166,1.2121434,1.3291647,0.0,True,1.4795050251994102,1.1488427140282116
1562,119,441.54425,1682,6407.3398,4.9855976,5,33.444569,1.1592521041096555,0.5461639641617085,2117.5537396126037,1.1263738,0.94369835,0.0,True,1.149388612876759,0.665424279913196
1563,2665,459.68149,1682,6154.5312,5.4728866,6,127.34063,1.2068550304924561,0.9040624265623631,3626.2937482531793,1.0729779,0.86320454,0.0,True,1.1666918913447193,0.8918050605936543
1564,8420,595.83881,1682,4748.1367,4.0150352,6,297.71454,1.5641740687386445,1.067603978581828,5385.550222443737,1.149879,1.1556406,0.0,True,1.4398855481170512,1.0940149650072797
1565,3015,472.96326,1682,5981.6992,4.00109,5,297.19733,1.241713595680705,0.9212052807375195,3789.3902655721295,1.0953485,0.79501355,0.0,True,1.1978040669764936,0.8833477615162636
1566,6879,462.90863,1682,6111.625,4.0021534,6,72.919952,1.215324893022349,1.013527101934613,4090.5010288751214,1.0386868,0.90784538,0.0,True,1.1623334651156443,0.9818225853542291
1567,6643,462.79358,1682,6113.1445,4.0055537,6,73.209435,1.2150229073252083,1.009494809892185,4073.3332162467773,1.0389289,0.92806059,0.0,True,1.162194705127646,0.9850645439245295
1568,5262,463.17062,1682,6108.168,3.999099,6,102.0451,1.2160124973820292,0.9828608759023917,3968.7452994626096,1.0390995,0.94144094,0.0,True,1.1629385981674205,0.9704348951316741
1569,0,472.85211,1682,5983.1055,1.997602,3,163.03613,1.2414218344361279,0.0,327.75610686832107,,,,False,1.2414218344361279,0.0
1570,0,472.96326,1682,5981.6992,1.9990073,3,83.436966,1.241713595680705,0.0,327.83315017744036,,,,False,1.241713595680705,0.0
1571,0,-1.0,1,-1.0,0.0,0,75.108284,1.0,0.0,-0.6931471805599453,,,,False,1.0,0.0
1572,0,595.83533,1682,4748.1641,2.0018938,3,136.16875,1.5641650462357202,0.0,413.00157906750457,,,,False,1.5641650462357202,0.0
1573,2578,469.34567,1682,6027.8047,4.2709608,4,52.855869,1.2322191213098095,0.9024107670117606,3686.965880071261,1.0095208,0.82664788,0.0,True,1.1654096249168666,0.8796819009082325
1574,790,410.88608,1682,6885.4219,1.258635,2,55.775249,1.078784014829084,0.755103196547211,2742.4843660019737,0.95582998,0.703529,0.0,True,1.0418978043803588,0.7396309375830478
1575,28,392.39124,1682,7209.957,2.6420636,3,44.215977,1.0302391776744866,0.3790448511560611,1334.6000580751663,0.94154888,0.31773645,0.0,True,1.0036320883721406,0.36065233080924275
1576,9089,477.99161,1682,5918.7734,1.7904081,4,83.552071,1.254910490089649,1.0493345200915813,4356.912736647037,1.0775561,0.9563809,0.0,True,1.2017041730627542,1.0214484340641068
1577,0,487.30838,1682,5805.6133,3.1515937,3,21.971024,1.279362151936624,0.0,337.77642966023444,1.0203511,0.0,0.0,True,1.2016588363556369,0.0
1578,22284,599.10907,1682,4722.2188,2.3134568,5,26.641516,1.5727554043652168,1.183318826552705,5998.108638247948,1.1135514,1.0346118,0.0,True,1.4349942030556515,1.1387067185868935
1579,8906,508.98474,1682,5558.3672,4.0995831,5,50.98312,1.3362499960620873,1.0546168129033848,4629.066074245292,1.0875423,0.88674217,0.0,True,1.2616376872434611,1.0042544200323693
1580,4340,416.10477,1682,6799.0664,2.3007936,4,10.94817,1.0924817097953579,0.949107915922076,3485.3311487683222,0.99194908,0.79327875,0.0,True,1.0623219208567505,0.9023591661454532
1581,7547,594.32745,1682,4760.2109,4.4855509,5,60.891872,1.5602082320847568,1.0543603933300558,5306.851064426895,1.1038262,1.0185555,0.0,True,1.4232936224593296,1.043618925331039
1582,893,411.48251,1682,6875.4414,3.1719561,4,46.499485,1.0803495394528202,0.7690801765513202,2796.77408362327,1.0253651,0.9206956,0.0,True,1.0638542076169741,0.8145648035859241
1583,1961,412.33432,1682,6861.2383,2.0166571,3,98.943588,1.082585264321036,0.8582353038387895,3126.4133189061326,1.0018507,0.86792684,0.0,True,1.0583648950247253,0.8611427646871526
1584,0,477.57208,1682,5923.9727,1.2221583,2,157.76355,1.2538094630614411,0.0,331.02774076614867,1.0775486,0.97375834,6.5586308518391645,True,1.200931204143009,0.29212750200000004
1585,3528,588.67029,1682,4805.957,3.1736875,6,85.533424,1.5453633734876908,0.9634988110431024,4808.878886793143,1.1013969,1.0388905,0.0,True,1.4121734314413836,0.9861163177301716
1586,14133,587.47699,1682,4815.7188,2.1279981,4,178.69545,1.5422321139008277,1.126891714638989,5614.170553222713,1.1571933,1.1639329,0.0,True,1.4267204697305795,1.1380040702472924
1587,3927,463.17062,1682,6108.168,4.0126557,6,106.2141,1.2160124973820292,0.9493009915929769,3833.264996699828,1.0390995,0.94470203,0.0,True,1.1629385981674205,0.9479213031150838
1588,2748,463.21091,1682,6107.6367,3.9850156,5,104.18863,1.2161182430215136,0.9083719488396751,3668.3321876900377,1.0389366,0.91466361,0.0,True,1.1629637501150596,0.9102594471877725
1589,9854,586.87006,1682,4820.6992,2.059356,4,16.906235,1.5406394512649177,1.0842368673223801,5396.760640659917,1.1571676,1.1676419,0.0,True,1.4255978958854425,1.109258377125666
1590,3686,434.22119,1682,6515.3984,2.9377549,4,52.313271,1.1400316802949715,0.9351183478654852,3566.1889777373285,1.039629,0.89121157,0.0,True,1.10991087620648,0.9219463145058396
1591,0,575.94067,1682,4912.1797,0.98907912,2,25.083775,1.5119594932809963,0.0,399.21165158030584,1.1584959,1.1696159,5.44410346799032,True,1.4059204152966973,0.35088477
1592,0,433.76245,1682,6522.2891,1.0123817,2,27.318035,1.1388276232430838,0.0,300.66121925027426,1.0394315,0.77808642,10.897422615600519,True,1.1090087862701588,0.233425926
1593,0,3.9844358,2,1.0039062,1.0030274,1,4.8088679,0.7648030787359703,0.0,2.76180044089211,,,,False,0.7648030787359703,0.0
1594,0,3.9844358,2,1.0039062,1.0030274,1,1.1037704,0.7648030787359703,0.0,2.76180044089211,,,,False,0.7648030787359703,0.0
1595,0,551.12146,1682,5133.3945,2.021915,3,195.18954,1.4468295764042582,0.0,382.00828614508066,,,,False,1.4468295764042582,0.0
1596,0,460.53998,1682,6143.0586,1.9659314,3,79.086601,1.2091081847622671,0.0,319.2219886721336,,,,False,1.2091081847622671,0.0
1597,0,473.67099,1682,5972.7617,2.01157,3,62.975513,1.2435710447002026,0.0,328.323711231538,,,,False,1.2435710447002026,0.0
1598,462,382.23154,1682,7401.5977,3.9381027,5,54.572399,1.00357163505842,0.6888693577715821,2346.8575278196518,0.93917239,0.79823947,0.0,True,0.9842518615408941,0.7216803914401074
1599,25249,562.28021,1682,5031.5195,1.4387286,4,68.279366,1.4761124197698565,1.1891710683787204,5699.621405869408,1.1033614,1.052651,0.0,True,1.3642871138388997,1.1482150478651043
1600,3047,448.54779,1682,6307.2969,2.9972267,4,51.626778,1.1776336994227927,0.9168340290685099,3598.505571294209,1.0360191,0.90332574,0.0,True,1.135149319595955,0.9127815423479569
1601,63485,597.94122,1682,4731.4414,2.6017866,4,29.334579,1.5696910601034924,1.3067555864212956,6612.3870588824,1.1648753,1.2364876,0.0,True,1.4482463320724448,1.2856751904949069
1602,1266,447.94495,1682,6315.7852,3.1537895,5,51.499226,1.1760514822668802,0.8163840421766697,3200.654525431501,1.0326154,0.84485531,0.0,True,1.1330206575868162,0.8249254225236688
1603,1080,445.40283,1682,6351.832,3.0354285,4,49.385845,1.1693794625202174,0.7977235529438985,3111.8364730027024,1.0297148,0.81161135,0.0,True,1.1274800637641522,0.8018898920607289
1604,65149,600.2486,1682,4713.2539,1.4013119,4,40.243641,1.5757456134236503,1.3104088956033222,6653.433356462419,1.1649127,1.2388598,0.0,True,1.4524957393965552,1.2889441669223254
1605,23742,562.28986,1682,5031.4336,3.0076015,5,47.182953,1.4761376109349607,1.181954068248367,5665.118216213924,1.1033616,1.0568067,0.0,True,1.3643048076544724,1.1444098577738568
1606,159565,653.8634,1682,4326.7812,4.0179567,6,100.49425,1.7164278594408415,1.4307683419199833,7833.426842969266,1.117429,1.1450385,0.0,True,1.536728201608589,1.3450493893439883
1607,0,442.23849,1682,6397.2812,2.0000405,2,22.06646,1.161074254574679,0.0,306.5363624785876,1.0355953,0.0,0.0,True,1.1234305682022754,0.0
1608,2301,414.61646,1682,6823.4727,3.9885828,5,139.65457,1.08857524975578,0.8768735363506205,3209.9473240572875,0.99090135,0.82437205,0.0,True,1.059273079829046,0.8611230904454343
1609,6365,431.3963,1682,6558.0625,4.0138736,6,35.955391,1.1326173567864266,0.9965659865810418,3778.5500116897283,1.0716894,0.95636058,0.0,True,1.1143389697504986,0.9845043646067293
1610,62987,539.94458,1682,5239.6562,2.953927,5,80.493759,1.4174986617977268,1.2902786734622327,5966.7738783085,1.0978354,1.0954146,0.0,True,1.3215996832584087,1.2318194514235628
1611,8397,432.17734,1682,6546.2109,3.0281727,5,31.224798,1.1346672797456414,1.0282970510695675,3905.0973666329996,1.0730823,0.97967666,0.0,True,1.116191785821949,1.0137109337486971
1612,525,414.21027,1682,6830.1641,4.0288129,5,106.32469,1.0875091025848982,0.7095838521282464,2595.938831355466,0.99081457,0.78873438,0.0,True,1.0585007428094286,0.7333290104897725
1613,0,343.9158,1682,8226.2109,2.0078168,2,96.648674,0.9029958929593987,0.0,238.38426712001802,0.96239871,0.0,0.0,True,0.9208167380715792,0.0
1614,0,391.65472,1682,7223.5156,1.0101687,2,11.701665,1.0283059452675956,0.0,271.4743649209948,0.99509358,0.0,0.0,True,1.0183422356873169,0.0
1615,844,411.36053,1682,6877.4805,4.112792,5,42.59613,1.0800293203976317,0.762675212318036,2772.783616242876,0.98149848,0.72568214,0.0,True,1.050470068278342,0.7515772906226252
1616,3082,393.40558,1682,7191.3672,2.0784471,4,34.176868,1.0329016220809302,0.9045839300695591,3160.6136374480384,0.99716973,0.90202969,0.0,True,1.0221820544566511,0.9038176580486914
1617,93,334.13843,1682,8466.9219,4.0075083,4,22.757975,0.877330165142243,0.5023392140544911,1521.625274972685,0.91221267,0.33675379,0.0,True,0.8877949165995702,0.4526635868381438
1618,79,443.28192,1682,6382.2227,3.9532642,4,93.348305,1.1638128865873927,0.5001319157172665,1947.9798586255758,0.99457806,0.36969995,0.0,True,1.113042438611175,0.46100232600208646
1619,21913,574.50293,1682,4924.4727,2.0838137,4,32.193932,1.5081867091446093,1.1755113411757272,5742.114624218972,1.1025993,0.97016269,0.0,True,1.3865104864012265,1.113906745823009
1620,103,356.55508,1682,7934.6055,1.945876,3,22.62429,0.9361736134048441,0.517229213712406,1659.3932049672435,0.91096884,0.42774203,0.0,True,0.9286121813833909,0.49038305859868425
1621,10,405.69415,1682,6973.5391,2.9980135,3,43.162251,1.0651564764512262,0.27093918169546194,1008.1120911150904,0.94693995,0.1782281,0.0,True,1.0296915185158584,0.24312585718682336
1622,17210,548.03467,1682,5162.3086,2.1228848,4,17.593473,1.438729019622057,1.1407746507681553,5345.18057655305,1.0775102,0.96719801,0.0,True,1.33036337373544,1.0887016585377087
1623,9776,532.55707,1682,5312.3398,2.003191,4,22.601944,1.3981116994257234,1.0710434510970706,4893.075907367475,1.0541958,0.92300898,0.0,True,1.2949369295980064,1.0266331097679493
1624,15,405.30615,1682,6980.2148,3.9967322,4,42.366833,1.064138079668325,0.3132420990522602,1148.3187926080504,0.94722015,0.20128538,0.0,True,1.0290627007678275,0.2796550833365821
1625,585,358.26862,1682,7896.6562,1.9798553,3,14.9606,0.9406714839802444,0.7101528631161753,2283.971344665561,0.91383713,0.50549251,0.0,True,0.932621177786171,0.6487547571813227
1626,1027,416.21933,1682,6797.1953,2.9592226,3,42.821655,1.0927823545683057,0.7859037984450334,2887.039926159215,0.96701843,0.53018743,0.0,True,1.055053177197814,0.7091888879115235
1627,17536,546.99866,1682,5172.0859,1.9080875,4,14.960249,1.436010300699445,1.142716613941623,5345.339408535783,1.0745819,0.93615317,0.0,True,1.3275817804896115,1.080747580759136
1628,0,440.06625,1682,6428.8594,4.0422544,4,94.133278,1.1553728960555036,0.0,305.03068044708806,0.98997557,0.0,0.0,True,1.1057536982388525,0.0
1629,21307,569.62439,1682,4966.6484,3.1190112,5,49.789825,1.4953846702261642,1.1710393190199695,5677.380673070722,1.095914,0.94881892,0.0,True,1.3755434691583148,1.1043731993139787
1630,12142,432.70563,1682,6538.2188,3.0337768,5,32.311573,1.1360538349426106,1.0704117798618142,4069.419257036755,1.0740424,1.0091454,0.0,True,1.1174504044598272,1.05203186590327
1631,9096,413.92877,1682,6834.8086,3.0946631,5,55.314449,1.0867703169434577,1.0323295801544825,3773.2959745474673,0.98593849,0.93158799,0.0,True,1.0565207688604203,1.0021071031081377
1632,6178,397.27368,1682,7121.3477,3.0612967,5,50.450768,1.0430546088749477,0.9839525040222338,3467.8311723786273,1.0017667,0.94578612,0.0,True,1.0306682362124633,0.9725025888155636
1633,94,334.89862,1682,8447.7031,4.0317416,4,22.933155,0.879325647442424,0.5036357455986528,1528.593910522074,0.91288513,0.45050585,0.0,True,0.8893934922096969,0.4876967769190569
1634,61503,540.32281,1682,5235.9883,3.9034591,6,48.084217,1.4184912648819317,1.287600100192469,5958.071410819216,1.0986174,1.0971774,0.0,True,1.322529105417352,1.2304732901347284
1635,4549,411.20242,1682,6880.125,2.0356641,4,33.840466,1.0796143123096076,0.9531567742448153,3463.600036515932,0.98310304,0.87979686,0.0,True,1.0506609306167254,0.9311487999713707
1636,0,322.61423,1682,8769.3711,2.0651844,2,38.091335,0.8470785883296806,0.0,223.61914393301774,0.90395039,0.0,0.0,True,0.8641401288307764,0.0
1637,0,410.02725,1682,6899.8438,1.0162946,2,14.292172,1.076529817887759,0.0,284.2092322902478,0.98189032,0.0,0.0,True,1.0481379685214312,0.0
1638,8839,397.26974,1682,7121.418,3.1141503,5,55.226891,1.0430443151172315,1.0243210401829794,3610.051812011013,0.99852645,0.92941076,0.0,True,1.029688955582062,0.9958479561280856
1639,13750,401.96793,1682,7038.1836,3.0992141,5,50.498741,1.0553759775673688,1.0755497356906214,3830.328104827925,1.0046952,0.97432393,0.0,True,1.040171744297158,1.045181993983435
1640,9836,532.55707,1682,5312.3398,3.0093908,4,41.040962,1.3981116994257234,1.0717566531024756,4896.333811512119,1.0541958,0.83912438,0.0,True,1.2949369295980064,1.001966971171733
1641,15448,546.71375,1682,5174.7812,3.1984725,4,48.244972,1.4352626394763908,1.127823993350108,5273.253276906446,1.0733511,0.86579341,0.0,True,1.3266891776334735,1.0492148183450756
1642,64112,602.67657,1682,4694.2656,3.6048515,5,92.467392,1.5821167885188945,1.309136400177672,6670.676212319099,1.1157473,1.1533698,0.0,True,1.442205941963226,1.2624064201243703
1643,20604,512.8894,1682,5516.0508,3.4706514,5,41.228207,1.3464973263935442,1.1528938965867173,5094.703548585332,1.1050833,1.1127779,0.0,True,1.274073118475481,1.140859097610702
1644,77173,604.04578,1682,4683.625,1.5470452,4,32.628777,1.5857096223243983,1.3314239001097172,6797.829033395982,1.1155185,1.151889,0.0,True,1.444652285627079,1.277563430076802
1645,107794,638.63129,1682,4429.9805,3.1878681,5,56.164093,1.676460591174478,1.38004343219404,7400.456726077141,1.1140059,1.1427099,0.0,True,1.5077241838221345,1.308843372535828
1646,87757,610.38019,1682,4635.0195,2.5460279,4,61.132278,1.602331120044623,1.3482919572682077,6947.5607726370245,1.1136259,1.1456636,0.0,True,1.455719554031236,1.2875034500877454
1647,102784,626.54102,1682,4515.4648,1.845325,4,35.289932,1.6447368110325418,1.3712564197094477,7230.536766517972,1.1124541,1.1440089,0.0,True,1.4850519977227792,1.3030821637966135
1648,18042,566.78656,1682,4991.5156,4.231926,6,45.938698,1.4879378066033795,1.1508223264901773,5554.830505325213,1.0908554,0.91867304,0.0,True,1.3688130846223656,1.0811775405431243
1649,9315,436.97122,1682,6474.3945,2.9685433,4,45.999535,1.1472495458860263,1.0414097489800824,3993.740400203893,1.0114155,0.95097947,0.0,True,1.1064993321202183,1.0142806652860576
1650,61614,600.24957,1682,4713.2461,3.0093255,5,50.788189,1.575748220035378,1.3038139888719578,6619.958540515779,1.1649127,1.2388874,0.0,True,1.4524975640247646,1.2843360122103704
1651,146136,652.51794,1682,4335.7031,4.0256863,6,102.00214,1.7128974661967433,1.419920020012324,7759.94344346477,1.1171583,1.1446315,0.0,True,1.5341757163377203,1.3373334640086267
1652,15874,564.13855,1682,5014.9453,3.992979,6,38.626488,1.4809889693443055,1.1351666821373299,5456.666124757683,1.1033957,1.0584272,0.0,True,1.3677109885410137,1.112144837496131
1653,6399,449.44183,1682,6294.75,2.9715128,5,50.868896,1.1799802515748217,1.00184106766041,3939.0023593933,1.0362098,0.88159919,0.0,True,1.136849116102375,0.9657685043622869
1654,122117,651.33838,1682,4343.5547,4.1321373,6,105.56944,1.7098025826492895,1.3981794222113335,7628.9644298253415,1.117218,1.1427076,0.0,True,1.5320272078545027,1.3215378755479334
1655,27649,600.53479,1682,4711.0078,3.0044765,5,46.241104,1.5764965738235692,1.2091541537311248,6141.919824026832,1.164927,1.23791,0.0,True,1.4530257016764985,1.2177809076117874
1656,10746,449.44434,1682,6294.7148,4.2635765,5,105.49419,1.1799868479200866,1.0610932035569491,4171.955836339239,1.0359688,0.95420325,0.0,True,1.1367814335440607,1.0290262174898643
1657,1333,442.19125,1682,6397.9648,2.9683988,3,47.91597,1.1609502366487638,0.8210599867276575,3182.311830615455,1.0374106,0.79812622,0.0,True,1.1238883456541346,0.8141798567093602
1658,22,360.285,1682,7852.4609,2.0394678,2,95.103096,0.9459644326581037,0.34959379224631965,1145.0051242669097,0.9362098,0.2011106,0.0,True,0.9430380428606726,0.3050488345724237
1659,132,440.32764,1682,6425.043,3.0622976,4,53.117184,1.1560589604120837,0.5577226122173015,2156.6542402104565,1.0341599,0.54347187,0.0,True,1.1194892422884586,0.553447389552111
1660,11482,600.56213,1682,4710.793,2.0132837,4,82.974403,1.5765684274916718,1.105267044785045,5614.481215120056,1.1649275,1.2378198,0.0,True,1.4530761492441702,1.1450328713495315
1661,4364,563.99487,1682,5016.2227,3.0072577,5,161.25026,1.4806119802343085,0.9836103281077146,4727.180833308962,1.1033893,1.0528232,0.0,True,1.367445176164016,1.0043741896754002
1662,11534,499.91251,1682,5659.2383,2.0136023,4,22.700113,1.3124408928526747,1.082342241440653,4675.795615856936,1.1054914,1.1119205,0.0,True,1.2503560449968723,1.091215719008457
1663,2889,464.01874,1682,6097.0039,3.9042568,5,48.678867,1.2182383830093564,0.914292212234932,3697.9313380596695,1.0054551,0.89697182,0.0,True,1.1544033981065496,0.9090960945644524
1664,5604,393.99539,1682,7180.6016,2.8726058,3,49.317062,1.034449780578636,0.972054704973573,3400.807744657052,0.98919588,0.71348637,0.0,True,1.020873610405045,0.8944842044815011
1665,2813,327.94992,1682,8626.6953,1.8750589,3,31.175423,0.8610850645176634,0.8763536763681163,2604.813582013772,0.98852897,0.67162615,0.0,True,0.8993182361623644,0.8149354184576815
1666,8417,444.86142,1682,6359.5625,3.8554902,6,56.890045,1.167958445602595,1.031963359749065,4020.7670990481097,1.0311124,0.92941189,0.0,True,1.1269046319218166,1.0011979188243454
1667,363,352.66052,1682,8022.2305,3.8882496,4,50.193584,0.9259505505361242,0.6559429507922517,2080.6608686610252,0.92031503,0.41766509,0.0,True,0.9242598943752869,0.5844595925545761
1668,4456,427.51678,1682,6617.5742,2.0530512,4,21.534538,1.1224348310958971,0.9550228431748187,3592.1907254153593,1.0024252,0.88346529,0.0,True,1.086431941767128,0.9335555772223731
1669,4606,442.39462,1682,6395.0234,4.0479727,5,45.411259,1.1614840503950257,0.9625260392363646,3731.8415838763126,1.0288687,0.87865657,0.0,True,1.1216994452765179,0.9373651984654552
1670,243,347.55505,1682,8140.0742,3.0134292,3,50.748997,0.9125488747208614,0.6104625428340805,1911.9900724287832,0.90753347,0.43529013,0.0,True,0.9110442533046029,0.5579108189838564
1671,401,351.11377,1682,8057.5703,2.0527105,3,10.391825,0.9218904200269533,0.6666621116418692,2106.3092322559382,0.9271462,0.6124171,0.0,True,0.9234671540188673,0.6503886081493084
1672,0,461.86069,1682,6125.4922,2.0303524,3,180.96425,1.2125744768967244,0.0,320.1374350849709,1.0038795,0.84103602,6.385631525034272,True,1.149965983827707,0.25231080600000005
1673,0,349.3829,1682,8097.4883,1.0613419,2,166.70174,0.9173469204349315,0.0,242.17377207085732,,,,False,0.9173469204349315,0.0
1674,14665,433.78375,1682,6521.9688,3.9790177,6,55.060085,1.138883534989278,1.0922076310319626,4161.441659346385,1.0759676,1.0362318,0.0,True,1.1200087544924946,1.0754148817223737
1675,21596,551.25238,1682,5132.1758,4.263021,6,144.07741,1.4471730105353537,1.1681252694338602,5501.694996479251,1.1357176,1.1666021,0.0,True,1.3537363873747474,1.1676683186037022
1676,0,543.75964,1682,5202.8945,2.0332882,3,96.00293,1.42751032688631,0.0,376.90546136829084,1.1393236,1.1775907,4.490086431958999,True,1.341054308820417,0.35327721000000006
1677,0,426.41934,1682,6634.6055,2.0556166,3,110.00227,1.1195543639144678,0.0,295.5713632572327,,,,False,1.1195543639144678,0.0
1678,14198,528.54736,1682,5352.6406,2.5976324,4,80.782127,1.3875890473589878,1.1135606727466274,5053.439852066429,1.0658815,0.89352798,0.0,True,1.2910767831512915,1.0475508649226393
1679,11324,468.80945,1682,6034.6992,1.8766797,3,80.174538,1.2308118067409684,1.072249675802252,4376.268822832186,1.0291969,0.87023795,0.0,True,1.1703273347186778,1.0116461580615763
1680,5723,598.10516,1682,4730.1445,2.9957974,5,68.689766,1.5701212524477555,1.0224616320387325,5175.163408584256,1.1649243,1.2379494,0.0,True,1.4485621667134287,1.0871079624271127
1681,576,447.44681,1682,6322.8164,4.0177975,5,101.83825,1.1747440841292656,0.7264117669070249,2845.5710404968145,1.0362054,0.50934088,0.0,True,1.133182478890486,0.6612905008349175
1682,1010,447.82141,1682,6317.5273,3.7313573,5,101.69873,1.175727280916052,0.7905672663628155,3098.782578392896,1.0371357,0.87404418,0.0,True,1.1341498066412363,0.8156103404539707
1683,0,563.27771,1682,5022.6094,1.0038866,2,99.49601,1.4787299982171267,0.0,390.4343565587625,1.1034468,1.052366,4.525660758301381,True,1.3661450387519887,0.31570980000000004
1684,9165,444.5163,1682,6364.5,1.672868,4,16.770321,1.1670526425985641,1.0415910069723109,4055.484612469344,1.0434566,0.92651373,0.0,True,1.129973829818995,1.0070678238806177
1685,0,444.47757,1682,6365.0547,1.1445109,2,28.408077,1.1669509685700923,0.0,308.08837446763573,1.0434173,0.92955691,12.117281352235016,True,1.1298908679990647,0.278867073
1686,0,596.45905,1682,4743.1992,2.0125384,3,65.186867,1.5658016314897294,0.0,413.4339088269635,,,,False,1.5658016314897294,0.0
1687,0,-1.0,1,-1.0,0.0,0,17.291016,1.0,0.0,-0.6931471805599453,,,,False,1.0,0.0
1688,0,427.4986,1682,6617.8555,1.0241488,2,156.16563,1.1223871350520807,0.0,296.3194492833238,,,,False,1.1223871350520807,0.0
1689,3045,385.92743,1682,7330.7148,3.0722077,3,51.28619,1.013272826198526,0.9012775860255902,3095.8761824781127,0.98842889,0.52245104,0.0,True,1.0058196453389683,0.7876296222179131
1690,0,314.89066,1682,8984.4648,0.98510438,1,140.69278,0.8268035111097034,0.0,218.26557316366035,,,,False,0.8268035111097034,0.0
1691,0,326.38098,1682,8668.1641,1.032721,2,151.354,0.856966553736135,0.0,226.2300560753919,,,,False,0.856966553736135,0.0
1692,0,498.69946,1682,5673.0039,1.0886391,2,156.21193,1.309257364405293,0.0,345.6721246457672,,,,False,1.309257364405293,0.0
1693,3059,362.08786,1682,7813.3633,2.4009595,3,18.56881,0.9506967704372435,0.895380730830327,2906.297099919295,1.0322275,0.58374679,0.0,True,0.9751559893060705,0.8018905485812289
1694,0,333.77362,1682,8476.1758,0.39749846,1,14.01711,0.8763725622561115,0.0,231.35424364828657,,,,False,0.8763725622561115,0.0

metric,value
avg_local_nain,1.239804
avg_local_nach,0.854416
avg_citywide_nain,1.039701
avg_citywide_nach,0.831588
avg_blended_nain,1.181281
avg_blended_nach,0.836528
avg_segment_length,72.9311
blended_nain_nach_pearson_r,0.611814
blended_nain_nach_p_value,1.3028e-174
pct_citywide_matched,95.58
