segment_id,T1024 Choice,T1024 Integration,T1024 Node Count,T1024 Total Depth,Angular Connectivity,Connectivity,Segment Length,local_nain,local_nach,integrated,citywide_nain,citywide_nach,citywide_match_distance_m,citywide_matched,blended_nain,blended_nach
0,0,460.52792,1569,5345.5195,0.99919784,2,22.958509,1.2781892344465693,0.0,319.21362931713605,,,,False,1.2781892344465693,0.0
1,0,-1.0,1,-1.0,0.0,0,12.573568,1.0,0.0,-0.6931471805599453,,,,False,1.0,0.0
2,0,-1.0,1,-1.0,0.0,0,77.346809,1.0,0.0,-0.6931471805599453,,,,False,1.0,0.0
3,0,375.51508,1569,6555.6914,1.0076354,2,108.46742,1.04230916628573,0.0,260.2872189597423,,,,False,1.04230916628573,0.0
4,0,-1.0,1,-1.0,0.0,0,23.011614,1.0,0.0,-0.6931471805599453,,,,False,1.0,0.0
5,0,488.20325,1569,5042.4922,2.0061195,3,114.92488,1.3549712408898367,0.0,338.39670627770215,,,,False,1.3549712408898367,0.0
6,34107,420.12009,1569,5859.6602,4.0257568,5,105.12738,1.1660760983540297,1.2029570876800129,4384.926371733633,1.0316995,0.72804463,0.0,True,1.1257631188478208,1.060483350376009
7,0,284.09836,1569,8665.1719,2.0540249,3,59.577835,0.7886242403814677,0.0,196.92197723570436,0.95551145,0.0,0.0,True,0.8386904032670275,0.0
8,93,285.90637,1569,8610.375,3.9966784,5,47.89119,0.7936419229182544,0.5014081148042576,1301.9824115043941,0.95721233,0.91104728,0.0,True,0.8427130450427781,0.6242998643629805
9,37990,420.80823,1569,5850.0781,3.0017114,5,101.51228,1.167985412890013,1.21561283301295,4437.477865035572,1.0328207,0.8793,0.0,True,1.127435999023009,1.1147189831090651
10,8282,346.021,1569,7114.4844,3.906378,6,50.02351,0.9604660773082143,1.0170964576886226,3121.829566696027,0.94599551,0.85109895,0.0,True,0.95612490711575,0.9672972053820357
11,39831,421.07224,1569,5846.4102,3.1354527,5,57.401924,1.1687179288301464,1.221156158329405,4460.187066902108,1.0329466,0.90848422,0.0,True,1.1279865301811025,1.1273545768305835
12,49084,429.24805,1569,5735.0547,4.1896334,6,47.878841,1.1914025947657605,1.2480027854118396,4636.449471071573,1.0377764,0.96846664,0.0,True,1.1453147363360323,1.1641419417882877
13,0,300.82782,1569,8183.2891,1.0164264,2,120.46253,0.8350519782976391,0.0,208.5179552669947,,,,False,0.8350519782976391,0.0
14,0,355.8157,1569,6918.6406,2.0024867,2,103.59296,0.9876458338109773,0.0,246.6326492539633,0.95887333,0.0,0.0,True,0.9790140826676841,0.0
15,5640,460.52725,1569,5345.5273,3.0102627,5,54.83707,1.2781873700566433,1.006201832155602,3978.031572397819,1.0684425,1.1047199,0.0,True,1.2152639090396504,1.0357572525089216
16,10613,357.06543,1569,6894.4258,3.9783192,5,153.49043,0.9911136658489245,1.048764602137516,3310.0048821964056,0.99989289,0.91100961,0.0,True,0.9937474330942471,1.0074381044962613
17,24070,460.53027,1569,5345.4922,3.973084,6,98.129326,1.278195759854143,1.1752205541515122,4646.199914847496,1.0684423,1.1031259,0.0,True,1.2152697218979,1.1535921579060586
18,7145,301.61996,1569,8161.7969,2.0180087,4,14.635298,0.837250355394449,0.9852036855025877,2676.710640894971,1.0584145,0.94729209,0.0,True,0.9035995987761143,0.9738302068518114
19,2868,253.49692,1569,9711.207,2.9575636,3,43.884487,0.703695685255457,0.867162605072475,2018.3595396017433,0.95096678,0.86624408,0.0,True,0.7778770136788199,0.8668870475507324
20,0,218.98904,1569,11241.48,0.9763065,1,29.999832,0.6079204886648175,0.0,151.79163564952907,0.8648836,0.0,0.0,True,0.6850094220653722,0.0
21,36295,375.64514,1569,6553.4219,1.9469295,4,69.908279,1.0426700157762694,1.1947227502345181,3944.0825307973228,1.0663193,1.1395602,0.0,True,1.0497648010433887,1.1781739851641628
22,3070,301.18668,1569,8173.5391,3.0001073,4,85.031929,0.8360478461772756,0.8913016881904525,2418.5543684732547,1.0565447,0.44553149,0.0,True,0.9021969023240928,0.7575706287333167
23,14088,369.43466,1569,6663.5898,3.0262852,5,38.09351,1.0254369172092022,1.0849855169682057,3529.2908060735385,0.9962374,0.94955033,0.0,True,1.0166770620464416,1.044354960877744
24,10201,368.29944,1569,6684.1289,2.0358477,4,116.20284,1.0222868805136411,1.0479566351831477,3399.5648051898534,0.99531227,0.81456399,0.0,True,1.014194497359549,0.9779388416282034
25,39846,375.6084,1569,6554.0625,2.050468,4,58.962585,1.0425681353545824,1.205330361885644,3978.754986780228,1.0663183,1.1350293,0.0,True,1.0496931847482078,1.1842400433199507
26,55862,460.50235,1569,5345.8164,4.0321083,6,102.1849,1.2781182719535962,1.2732822268395039,5033.6017292914585,1.0684416,1.0960222,0.0,True,1.2152152703675174,1.2201042187876525
27,12727,368.16669,1569,6686.5391,3.004859,4,99.322441,1.0219185017387582,1.0730287676828265,3479.7783268248545,0.99534339,0.76019526,0.0,True,1.0139459682171308,0.9791787153779786
28,2866,301.12766,1569,8175.1406,2.9611349,3,50.848732,0.835884105489528,0.8836526784214073,2397.3887792375244,0.90319371,0.86306095,0.0,True,0.8560769868426696,0.877475159894985
29,0,252.85088,1569,9736.0195,0.99475014,1,160.65149,0.7019026667479051,0.0,175.26287457410106,0.82376462,0.0,0.0,True,0.7384612527235336,0.0
30,44047,375.6084,1569,6554.0625,1.9987342,4,100.34957,1.0425681353545824,1.2167356224261485,4016.4023800560303,1.0663183,1.1331865,0.0,True,1.0496931847482078,1.191670885698304
31,809,370.3049,1569,6647.9297,4.0073495,5,253.83275,1.0278517464467485,0.7608094487287806,2480.4014819524023,1.0009762,0.96376592,0.0,True,1.019789082512724,0.8216963901101464
32,0,254.60121,1569,9669.0859,0.9936415,2,50.397846,0.7067605361558315,0.0,176.47611087865056,0.83042777,0.0,0.0,True,0.7438607063090821,0.0
33,0,253.79787,1569,9699.6914,1.0127454,2,89.089676,0.7045309497159539,0.0,175.91927802261952,0.82898676,0.0,0.0,True,0.7418676928011677,0.0
34,5712,303.30954,1569,8116.332,4.0020928,4,51.154839,0.8419391884802323,0.9609527347810344,2623.8321283959453,0.91086,0.91497886,0.0,True,0.8626154319361625,0.947160572346724
35,5662,344.9545,1569,7136.4805,2.9306145,5,104.16291,0.9575065528151407,0.9738897885416349,2981.057338407467,1.0589889,0.92518103,0.0,True,0.9879512569705985,0.9592771609791444
36,7506,489.63168,1569,5027.7812,3.015038,5,253.63702,1.35893423274418,1.0469605907699795,4369.338168705973,1.1460023,1.0985593,0.0,True,1.295054652920926,1.0624402035389857
37,0,332.82098,1569,7396.6523,2.1246283,3,173.16806,0.9238360688869109,0.0,230.69392391819795,0.93207991,0.0,0.0,True,0.9263092212208377,0.0
38,1960,302.04572,1569,8150.293,2.9562426,3,51.663937,0.8384318198441962,0.8417788901963544,2290.0259675397897,0.95993388,0.88073075,0.0,True,0.8748824378909373,0.8534644481374482
39,1352,316.30579,1569,7782.8516,1.9972445,3,179.08224,0.8780054145018129,0.8046906870481495,2280.823627472109,0.92573136,0.84799129,0.0,True,0.892323198151269,0.8176808679337046
40,4908,333.32126,1569,7385.5508,3.2321315,4,336.55655,0.9252243457863061,0.9541001650849436,2832.907128650063,0.92992985,0.61402822,0.0,True,0.9266359970504142,0.8520785815594605
41,0,343.77542,1569,7160.957,1.0109855,2,53.90181,0.9542346625692576,0.0,238.28696311881103,1.0571142,0.0,0.0,True,0.9850985237984804,0.0
42,2,373.26407,1569,6595.2266,4.0214558,4,53.253742,1.0360629201205704,0.12491958255952558,517.4538754496601,1.0205922,0.0,0.0,True,1.0314217040843994,0.08744370779166791
43,10673,489.62979,1569,5027.8008,2.9792976,5,115.62004,1.3589289372837792,1.088255565430982,4541.639378638783,1.1460023,1.0997133,0.0,True,1.2950509460986455,1.0916928858016872
44,1560,285.05066,1569,8636.2227,3.2052877,4,52.906898,0.7912671498840962,0.8112342060700389,2096.183403737153,0.86697596,0.51255602,0.0,True,0.8139797929188674,0.7216307502490272
45,2110,302.46481,1569,8139.0,2.7606921,3,16.86479,0.8395948723612703,0.8500937931966137,2315.4862768631197,0.91904354,0.8636027,0.0,True,0.8634294726528893,0.8541464652376296
46,481,279.21039,1569,8816.8672,2.2787147,3,31.262703,0.7750589390770167,0.6800336708163361,1725.5248600728298,0.85881007,0.40860602,0.0,True,0.8001842783539117,0.5986053755714353
47,65613,438.14752,1569,5618.5664,4.0139675,5,46.240662,1.216094850492844,1.2845812710735447,4859.739334883982,1.0512724,1.0211183,0.0,True,1.1666481153449908,1.2055423797514813
48,0,340.40976,1569,7231.7578,1.9896855,3,49.384964,0.9448950386330465,0.0,235.95406537908764,0.94300008,0.0,0.0,True,0.9443265510431326,0.0
49,97447,551.74835,1569,4461.7461,1.0271058,3,135.71797,1.5312568642497613,1.3668632116349366,6337.979887852008,1.1823107,1.1234844,0.0,True,1.4265730149748328,1.2938495681444555
50,0,283.44617,1569,8685.1094,1.983727,2,137.93478,0.7868142947403313,0.0,196.46991357601493,0.95218468,0.0,0.0,True,0.8364254103182318,0.0
51,99657,554.77429,1569,4437.4102,1.0411967,3,70.840195,1.5396508878348527,1.3704229100115035,6385.180037486009,1.1549104,1.1678498,0.0,True,1.4242287414843968,1.3096509770080524
52,11555,438.2941,1569,5616.6875,1.3508863,3,49.279606,1.2165015149700178,1.083498506913062,4100.261726926237,1.0806067,0.96470594,0.0,True,1.1757330704790125,1.0478607368391435
53,9467,406.36215,1569,6058.0469,1.37872,3,65.424927,1.1279024681959313,1.0512116760694048,3720.56187031149,1.0395604,0.94247061,0.0,True,1.1013998477371518,1.0185893562485835
54,4002,426.18845,1569,5776.2266,3.3575742,4,47.404682,1.1829134315869685,0.9576050887312844,3535.254135835872,1.0449986,0.85100114,0.0,True,1.141538982110878,0.9256239041118991
55,5292,348.41742,1569,7065.5508,2.6245804,4,46.289566,0.9671160560873651,0.9673635471603124,2987.4457217808554,0.96969056,0.91592491,0.0,True,0.9678884072611555,0.9519319560122186
56,102501,557.15796,1569,4418.4258,2.569159,5,93.930611,1.5462632255682478,1.3744744625078913,6428.292058176395,1.1546907,1.1658061,0.0,True,1.4287914678977733,1.3118739537555237
57,950,505.59604,1569,4869.0273,3.0198822,4,100.11485,1.403223885830634,0.8075962449825371,3467.6633216729765,1.0678962,0.51608503,0.0,True,1.302625580081444,0.720142880487776
58,18489,375.81,1569,6550.5469,2.11607,4,58.018696,1.0431274983919767,1.1180304686267613,3692.3480592466476,1.0094823,0.97955489,0.0,True,1.0330339388743837,1.0764877950387328
59,46174,375.60706,1569,6554.0859,1.9841558,4,100.36649,1.0425644142174986,1.2221011911014898,4034.100753288202,1.0663149,1.1219857,0.0,True,1.0496895599522489,1.192066543771043
60,13317,375.81134,1569,6550.5234,2.0192742,4,116.08899,1.0431312394692251,1.080693353904195,3569.0603276958095,1.0094823,0.96015829,0.0,True,1.0330365576284577,1.0445328347329363
61,2165,307.53137,1569,8004.9102,2.8906813,3,51.713493,0.8536553658230239,0.8545259511238281,2362.1788990481086,0.91992694,0.86413723,0.0,True,0.8735368380761168,0.8574093347866797
62,7,263.22165,1569,9352.4258,2.935246,3,165.49226,0.7306853463836446,0.22741766120281157,578.3570786669924,0.84482938,0.15325868,0.0,True,0.7649285564685513,0.2051699668419681
63,13392,375.19919,1569,6561.2109,2.9914889,4,41.01033,1.041432609744889,1.081131918837658,3565.353612025822,1.0091417,0.950032,0.0,True,1.0317453368214222,1.0418019431863605
64,1715,317.13028,1569,7762.6172,2.0342205,4,113.60759,0.880293474853223,0.8314578315639608,2362.0922028398977,0.9261933,0.82897931,0.0,True,0.8940634223972561,0.8307142750947726
65,1390,307.2182,1569,8013.0703,3.0056233,4,50.725315,0.8527862638825641,0.8051634515610815,2223.7979701652534,0.91269904,0.88018531,0.0,True,0.8707600967177949,0.827670009092757
66,49305,375.56006,1569,6554.9062,2.0151243,4,101.49522,1.0424339844747361,1.2295489831917918,4058.234909966342,1.0663129,1.1111311,0.0,True,1.0495976591323153,1.1940236182342543
67,4252,376.33109,1569,6541.4766,3.9975204,5,49.78101,1.044573439124563,0.950947150926215,3144.477698974775,1.0212001,0.87428325,0.0,True,1.037561437387194,0.9279479806483505
68,2373,308.10843,1569,7989.918,3.1039913,5,50.050716,0.8552567551235013,0.8649079050012666,2394.850636249419,0.91223419,0.86885172,0.0,True,0.8723499855864509,0.8660910495008866
69,0,356.44479,1569,6906.4297,2.0020003,3,169.96852,0.9893915336350751,0.0,247.0687012137818,,,,False,0.9893915336350751,0.0
70,0,251.4572,1569,9789.9805,1.0326716,2,148.91661,0.6980346678481542,0.0,174.29684921149828,,,,False,0.6980346678481542,0.0
71,0,253.19861,1569,9722.6484,0.98691672,2,61.398148,0.7028677618712778,0.0,175.50390264319716,0.8241477,0.0,0.0,True,0.7392517433098944,0.0
72,0,370.10135,1569,6651.5859,2.0038548,3,217.06294,1.027286933485461,0.0,256.53470727392954,,,,False,1.027286933485461,0.0
73,5736,299.97412,1569,8206.5781,3.9783733,5,51.878136,0.8326828072566065,0.9602393377268401,2596.235811030403,0.90126503,0.914298,0.0,True,0.8532574740796246,0.946456936408788
74,0,221.57793,1569,11110.137,0.86345255,1,2.8529527,0.6151059742957724,0.0,153.58611745380892,,,,False,0.6151059742957724,0.0
75,2870,252.29747,1569,9757.375,1.8585589,3,273.69653,0.7003667607703467,0.8667908827272455,2008.9851937886722,0.84522641,0.85873049,0.0,True,0.7438246555392427,0.8643727649090718
76,22848,370.10245,1569,6651.5664,4.0345283,6,101.94243,1.0272899442159473,1.1401335736364036,3714.609627209573,0.99721152,0.93584245,0.0,True,1.018266416951163,1.0788462365454825
77,8598,300.19687,1569,8200.4883,4.0038443,5,53.215164,0.8333010186546808,1.0052246789541384,2719.6387918792084,0.9006201,0.42965183,0.0,True,0.8534967430582766,0.8325528242678968
78,0,251.98152,1569,9769.6094,1.0049039,2,28.472246,0.6994898768562221,0.0,174.66028014120945,0.84522533,0.0,0.0,True,0.7432105127993555,0.0
79,0,369.50027,1569,6662.4062,2.0003817,3,429.48553,1.0256190350301728,0.0,256.11807036663856,1.0009742,0.96576768,1.8862465327546045,True,1.018225584521121,0.28973030400000005
80,0,430.42102,1569,5719.4258,1.9746871,3,94.817467,1.1946570828364325,0.0,298.3451164667358,1.1187991,1.2368625,2.049637877362623,True,1.1718996879855026,0.37105875000000005
81,0,370.90381,1569,6637.1953,1.0279381,2,27.441452,1.0295136002239762,0.0,257.09093016044164,,,,False,1.0295136002239762,0.0
82,8541,373.31381,1569,6594.3477,3.0295963,5,50.521069,1.0362009655575162,1.0293740099007689,3379.5604627598555,1.0110201,1.0366296,0.0,True,1.0286467058902613,1.0315506869305382
83,0,254.22079,1569,9683.5547,1.0013771,1,58.115932,0.7057047394397661,0.0,176.21242382822192,,,,False,0.7057047394397661,0.0
84,2851,303.30124,1569,8116.5547,2.9735305,3,47.438301,0.8419160932540249,0.8837756882124916,2413.1029879197304,0.9146269,0.7784695,0.0,True,0.8637293352778175,0.8521838317487441
85,14185,375.7988,1569,6550.7422,3.0089931,5,46.576611,1.0430964086902583,1.0878741090506614,3592.667092209447,1.0108539,1.0663824,0.0,True,1.0334236560831809,1.081426596335463
86,1065,307.49927,1569,8005.7461,2.9856253,4,48.365891,0.853566255789891,0.7756390818960385,2144.071332272726,0.91668969,0.9230659,0.0,True,0.8725032860529236,0.8198671273272269
87,7400,430.41071,1569,5719.5625,4.0756426,6,99.828453,1.1946285399998866,1.0297264585604902,3834.7465935760456,1.1187977,1.2391655,0.0,True,1.1718792879999205,1.092558170992343
88,0,369.28268,1569,6666.332,2.0389452,3,139.94226,1.0250152295796162,0.0,255.9672484716205,,,,False,1.0250152295796162,0.0
89,0,254.32698,1569,9679.5117,1.0035806,2,209.6545,0.7059994417910069,0.0,176.28602912732558,0.83083701,0.0,0.0,True,0.7434507122537048,0.0
90,0,254.48792,1569,9673.3906,0.99842471,2,106.51188,0.7064460897209774,0.0,176.3975842345649,0.83112609,0.0,0.0,True,0.7438500898046843,0.0
91,15942,375.75488,1569,6551.5078,2.0265849,4,234.83658,1.0429745511088124,1.1011465759349892,3636.1190495749224,1.0108528,1.0420511,0.0,True,1.0333380257761688,1.0834179331544924
92,5708,303.37775,1569,8114.5078,4.0063124,4,51.124973,0.842128415855536,0.9608989145563704,2624.209741495793,0.91204834,0.9150905,0.0,True,0.8631043930988752,0.9471563901894593
93,62483,461.02249,1569,5339.7852,3.9914193,6,101.16977,1.2795613451272996,1.2864988355815878,5090.924662903904,1.0681827,1.0938498,0.0,True,1.2161477515891097,1.2287041249071116
94,25185,376.32346,1569,6541.6094,3.0328312,5,151.85811,1.0445522399141216,1.1533787474596193,3813.693279106807,1.0101823,1.0098832,0.0,True,1.0342412579398852,1.1103300832217335
95,0,256.31641,1569,9604.3828,1.0201385,2,44.043102,0.7115208708831697,0.0,177.66499692274698,0.84596437,0.0,0.0,True,0.7518539206182189,0.0
96,23883,376.33377,1569,6541.4297,2.9212976,5,38.523987,1.0445809260995196,1.1473412326379173,3793.82296545771,1.009768,1.0129292,0.0,True,1.0341370482696637,1.1070176228465423
97,3177,304.81308,1569,8076.2969,4.0216951,4,48.458775,0.8461117411880593,0.8962935925978066,2458.1108150168616,0.90263569,0.80098271,0.0,True,0.8630689258316415,0.8677003278184646
98,1308,306.60284,1569,8029.1523,3.01566,4,48.87653,0.8510786000027795,0.798226325410012,2200.7284737075097,0.93170017,0.88944596,0.0,True,0.8752650710019456,0.8255922157870084
99,656,256.89548,1569,9582.7344,2.0170579,3,111.63207,0.7131279355944493,0.7076420035905132,1667.0474156511846,0.84674132,0.83216935,0.0,True,0.7532119509161146,0.7450002075133593
100,6347,307.4982,1569,8005.7734,2.9774587,5,47.423664,0.8535633458225855,0.9741443880580929,2692.470413350235,0.91668969,0.93107915,0.0,True,0.87250124907581,0.961224816640665
101,0,256.68652,1569,9590.5352,1.9979167,2,161.20126,0.7125480087780237,0.0,177.92153762574398,0.83458817,0.0,0.0,True,0.7491600571446166,0.0
102,5232,372.82022,1569,6603.0781,4.1318884,6,49.51717,1.0348313452785822,0.9735093035616884,3192.4338502424866,1.0000858,1.0128018,0.0,True,1.0244076816950076,0.9852970524931819
103,19959,377.07956,1569,6528.4922,3.0635536,5,221.83051,1.0466503360792778,1.1271681640696867,3733.6667057779223,0.99927253,1.007967,0.0,True,1.0324369942554945,1.0914078148487807
104,2852,305.74222,1569,8051.7539,3.0858412,4,47.456535,0.8486901810959362,0.8846020297967254,2432.630879610257,0.91180724,0.86370808,0.0,True,0.8676252987671553,0.8783338448577077
105,0,255.93346,1569,9618.7539,0.99990737,1,90.456017,0.7104580292707728,0.0,177.39955620995153,0.83063483,0.0,0.0,True,0.746511069489541,0.0
106,13035,430.51892,1569,5718.125,3.9668617,6,101.95523,1.1949287569577767,1.0951868748026747,4079.402152213292,1.1188003,1.2433864,0.0,True,1.1720902198704437,1.1396467323618722
107,0,377.0473,1569,6529.0508,2.0058069,3,186.5843,1.0465608162002202,0.0,261.34927293273984,1.0351293,1.0719311,0.4884615463350948,True,1.043131361340154,0.32157933000000005
108,22772,430.60718,1569,5716.9531,4.0190682,6,103.96173,1.1951736159355988,1.159692601560625,4320.443234268519,1.1188011,1.2442746,0.0,True,1.1722618611549191,1.1850672010924375
109,10612,377.12335,1569,6527.7344,4.0053205,6,381.95102,1.046771803749491,1.0552760791160842,3495.9067403595195,1.0351945,1.0770581,0.0,True,1.0432986126246437,1.061810685381259
110,0,259.22388,1569,9496.6602,1.0330006,2,228.12209,0.7195901013379867,0.0,179.6803015558096,0.84819192,0.0,0.0,True,0.7581706469365908,0.0
111,0,410.31326,1569,5999.7109,1.9887047,3,98.346977,1.1388655618005696,0.0,284.4074793153598,1.0579654,1.0502477,1.443639634280966,True,1.1145955132603986,0.31507431
112,0,362.77182,1569,6785.9766,2.0154164,3,30.972023,1.0069483527525864,0.0,251.45426421959996,,,,False,1.0069483527525864,0.0
113,4716,363.7742,1569,6767.2773,4.0251427,6,189.61195,1.0097299243293079,0.9590298344173134,3077.2169807575133,1.0348543,1.0564913,0.0,True,1.0172672370305156,0.9882682740921194
114,3917,410.53967,1569,5996.4023,4.011095,6,103.5962,1.1394937375062526,0.9510221639182307,3396.6376465475837,1.0579573,1.0442749,0.0,True,1.1150328062543768,0.9789979847427615
115,0,364.07831,1569,6761.625,2.0043213,3,51.58345,1.0105737464589035,0.0,252.35985407952973,,,,False,1.0105737464589035,0.0
116,3512,365.0704,1569,6743.25,4.0261545,6,192.37009,1.0133266900252922,0.9259912089754533,2980.6210296155905,1.0359486,1.0146897,0.0,True,1.0201132630177046,0.9526007562828174
117,6723,411.28531,1569,5985.5312,4.0456862,6,97.225281,1.141562628666236,1.013318274331515,3624.8989456024933,1.0569766,1.0297205,0.0,True,1.1161868200663652,1.0182389420320606
118,0,358.8718,1569,6859.7227,2.0197382,3,61.974686,0.9961262141784164,0.0,248.75097635247258,,,,False,0.9961262141784164,0.0
119,3339,360.41107,1569,6830.4258,3.0920062,5,49.534729,1.0003975243892296,0.918925338697393,2924.3845916870223,1.0310391,1.0375483,0.0,True,1.0095899970724607,0.9545122270881752
120,9031,364.95688,1569,6745.3477,3.0220776,5,294.26199,1.0130116543264995,1.0330582268414474,3324.2607687107775,1.0335544,0.97123188,0.0,True,1.0191744780285497,1.0145103227890133
121,27569,430.63571,1569,5716.5742,3.9897301,6,100.01456,1.1952528054795726,1.181795834116158,4403.043332573819,1.1188035,1.2400601,0.0,True,1.1723180138357008,1.1992751138813107
122,0,249.89474,1569,9851.1914,0.99285555,2,65.103569,0.6936982728147453,0.0,173.2138344677606,0.84850812,0.0,0.0,True,0.7401412269703217,0.0
123,7304,365.07526,1569,6743.1602,2.9892454,5,47.810711,1.0133401806962423,1.00902665416856,3247.8742376025234,1.0357802,1.0216123,0.0,True,1.0200721864873696,1.012802347917992
124,3872,296.36563,1569,8306.5,3.9988496,4,51.317703,0.8226685750608536,0.9154175122818764,2448.5855325392545,0.93229175,0.86549324,0.0,True,0.8555555275425974,0.9004402305973136
125,9166,365.05771,1569,6743.4844,2.0124807,4,144.31908,1.0132914777614936,1.0347733129365786,3330.594685928272,1.0357797,0.9896546,0.0,True,1.0200379444330454,1.0212376990556051
126,477,408.65118,1569,6024.1133,2.9929159,4,47.913425,1.1342537910618278,0.7088228526132545,2522.0727317386754,0.97857183,0.89290839,0.0,True,1.0875492027432796,0.7640485138292781
127,29053,430.64453,1569,5716.457,4.0468268,6,98.175156,1.1952773022325955,1.1878585256596499,4425.71052165701,1.1188029,1.2386413,0.0,True,1.1723349815628168,1.2030933579617549
128,2962,409.38226,1569,6013.3555,3.0220971,5,50.615993,1.1362822788932594,0.918609500949368,3272.722548645642,0.97903645,0.91787314,0.0,True,1.0891085302252814,0.9183885926645576
129,20769,366.37906,1569,6719.1641,4.0816035,6,48.356167,1.0169580379525478,1.1280016251481162,3642.2889348491663,1.0302562,0.97584951,0.0,True,1.0209474865667834,1.0823559906036815
130,98348,460.99347,1569,5340.1211,4.019238,6,100.97879,1.2794808893218654,1.3393359680678627,5299.713616020242,1.068182,1.0879868,0.0,True,1.2160912225253058,1.263931217647504
131,27630,377.95929,1569,6513.2969,3.0078845,5,111.00144,1.0490913861336237,1.1644980590100917,3865.2875343759083,0.99930316,1.0147064,0.0,True,1.0341549182935368,1.1195605613070643
132,34937,377.95837,1569,6513.3125,3.0114284,5,14.003567,1.0490888742317581,1.1912154622759397,3953.9581815595634,0.99930304,1.021777,0.0,True,1.0341531239622306,1.1403839235931579
133,43766,377.95975,1569,6513.2891,3.0064921,5,37.626198,1.0490926420890674,1.2168710961125515,4039.1266751171156,0.99930316,1.0291219,0.0,True,1.0341557974623472,1.160546337278786
134,4403,307.00073,1569,8018.7461,4.1059361,6,50.602692,0.8521827982926802,0.9332982416451536,2575.8882553414187,0.93216842,0.92976123,0.0,True,0.8761784848048761,0.9322371381516076
135,24855,378.24988,1569,6508.293,3.0184658,5,71.461655,1.0498977320825809,1.152547132555943,3828.2271989585333,0.99932617,1.0281945,0.0,True,1.0347262634578067,1.11524134278916
136,4330,305.09671,1569,8068.7891,2.897449,3,48.449997,0.8468988312299106,0.9307950570895129,2554.8141341863197,0.90288043,0.82721066,0.0,True,0.8636933108609374,0.8997197379626591
137,2170,261.3653,1569,9418.8516,2.990931,4,13.933559,0.725533332452992,0.8395937143416259,2008.1751081197374,0.85548174,0.77617127,0.0,True,0.7645178547170943,0.820566981039138
138,0,257.22009,1569,9570.6406,2.0982819,3,105.50717,0.7140288810062608,0.0,178.2913801668754,0.8473419,0.0,0.0,True,0.7540227867043825,0.0
139,147093,461.4512,1569,5334.8242,4.0036545,6,100.0975,1.280750798554148,1.3863938667959097,5490.731188921635,1.0679234,1.0867764,0.0,True,1.2169025789879035,1.2965086267571366
140,3854,307.01553,1569,8018.3594,3.9129825,6,49.831173,0.8522238861132709,0.9184929863287272,2535.1456335084777,0.9321689,0.96343541,0.0,True,0.8762073902792897,0.9319757134301091
141,2003,310.03403,1569,7940.293,4.1665649,4,29.277859,0.8606005665987269,0.8466403138676578,2357.3125389991387,0.93085921,0.86323595,0.0,True,0.8816781596191088,0.8516190047073605
142,22519,372.06503,1569,6616.4805,3.0746703,5,19.361265,1.0327358154025086,1.1391701088468786,3728.9114407744037,1.0194223,1.0407267,0.0,True,1.028741760781756,1.109637086192815
143,2150,334.45993,1569,7360.4062,2.2554011,3,32.561424,0.9283842361065464,0.8617979147062089,2566.6966488611647,0.94424695,0.52705741,0.0,True,0.9331430502745826,0.7613757632943462
144,2651,361.30597,1569,6813.5078,1.6513338,3,28.143681,1.002880791346626,0.8930528779464793,2848.3362319246994,1.0011132,0.79942846,0.0,True,1.0023505139426383,0.8649655525625355
145,15664,368.6929,1569,6676.9961,1.9302663,4,22.59907,1.0233786266012495,1.0967779995687392,3561.2961709226834,1.0150912,1.0129306,0.0,True,1.0208923986208747,1.0716237796981174
146,9166,367.86539,1569,6692.0156,2.2317712,4,17.879513,1.021082451001922,1.0356728958289163,3356.210482641036,1.0137998,0.9694646,0.0,True,1.0188976557013454,1.0158104070802414
147,5718,303.64859,1569,8107.2695,3.0225637,3,46.623558,0.8428800961533097,0.9611885853698918,2627.0838192891583,0.92186975,0.91581821,0.0,True,0.8665769923073169,0.9475774727589242
148,2861,248.70139,1569,9898.4609,1.6716051,2,21.987551,0.6903862279677405,0.8650975436206716,1979.5698772570752,0.82821631,0.85758781,0.0,True,0.7317352525774183,0.8628446235344701
149,0,229.53893,1569,10724.809,0.52848881,1,29.303818,0.637201786280813,0.0,159.10426215824663,0.79118156,0.0,0.0,True,0.6833957183965691,0.0
150,0,301.01578,1569,8178.1797,1.0081359,2,17.031693,0.8355735578636618,0.0,208.64823921105278,0.91912055,0.0,0.0,True,0.8606376555045632,0.0
151,5740,372.94089,1569,6600.9414,4.0014105,4,49.771278,1.0351662148467806,0.984078848915707,3228.0133167133217,1.0204219,0.92286986,0.0,True,1.0307429203927465,0.9657161522409949
152,0,301.69318,1569,8159.8164,0.99603826,2,43.838909,0.8374535178092345,0.0,209.11777711116406,0.92018282,0.0,0.0,True,0.8622723084664641,0.0
153,6024,331.95984,1569,7415.8398,2.9641364,4,37.51561,0.9214464103003548,0.9766482956307082,2889.3249087741788,0.92592013,0.93299967,0.0,True,0.9227885262102483,0.9635537079414958
154,18859,377.91034,1569,6514.1406,3.0207622,5,137.73889,1.0489555513724031,1.1209957236969776,3720.4712067329447,0.99934411,1.0208167,0.0,True,1.0340721189606823,1.0909420165878845
155,2978,305.08978,1569,8068.9727,4.0312648,4,49.196781,0.8468795658165343,0.8891959477220982,2440.6201778902,0.90355438,0.81568855,0.0,True,0.8638820100715741,0.8671437284054687
156,43226,489.52481,1569,5028.8789,3.0255103,5,44.657051,1.3586377234985922,1.252321176833931,5225.307125217591,1.1460001,1.1129326,0.0,True,1.2948464364490144,1.2105046037837517
157,14896,377.90466,1569,6514.2383,3.9700971,5,44.00705,1.048939824053565,1.0941345646646041,3631.2791719221254,0.99934405,1.0251573,0.0,True,1.0340610918374955,1.073441385265223
158,0,314.89554,1569,7817.707,1.0357111,2,98.422752,0.8740918113547095,0.0,218.26895572190145,0.92297232,0.0,0.0,True,0.8887559639482967,0.0
159,1619,304.49924,1569,8084.6211,2.9685152,4,51.962219,0.8452407713146226,0.8213055770896693,2250.492532861637,0.9104318,0.87914026,0.0,True,0.8647980799202359,0.8386559819627686
160,810,257.7193,1569,9552.1016,1.9874711,3,133.39697,0.7154143991825566,0.7308665513862476,1726.5905380162294,0.83384323,0.8223834,0.0,True,0.7509430484277896,0.7583216059703732
161,49699,375.53589,1569,6555.3281,2.0296798,4,61.904671,1.0423669140321197,1.2304456167174667,4060.9626214699333,1.0663121,1.0759596,0.0,True,1.0495504698224838,1.1840998117022266
162,51591,489.52026,1569,5028.9258,2.2168844,4,79.46788,1.358625057816019,1.273074206061721,5311.853502323412,1.146,1.1163731,0.0,True,1.2948375404712134,1.2260638742432046
163,17641,377.99466,1569,6512.6875,2.9203854,4,189.8318,1.0491895207395754,1.1134221499118375,3696.067461798403,1.034646,0.99730498,0.0,True,1.0448264645177028,1.0785869989382864
164,54656,428.26212,1569,5748.2578,3.7644241,4,101.37909,1.1886670291361723,1.2600916595358138,4671.847599915191,1.0551432,0.97229463,0.0,True,1.1486098803953206,1.1737525506750697
165,10890,414.91785,1569,5933.1289,3.0464993,4,72.53981,1.151641686483524,1.069846085357997,3856.9866506807757,1.0285189,0.98194009,0.0,True,1.1147048505384667,1.043474286750598
166,1722,426.70612,1569,5769.2188,2.9830017,4,48.118755,1.1843498042204017,0.8604068978716131,3179.9857346401277,1.079635,0.76159394,0.0,True,1.1529353629542811,0.8307630105101291
167,0,361.36481,1569,6812.3984,1.9958899,2,25.306507,1.0030440626854311,0.0,250.4789992050803,0.93985748,0.0,0.0,True,0.9840880878798017,0.0
168,4011,508.09357,1569,4845.0938,2.0140629,4,26.198811,1.410152585842903,0.9776940698663239,4215.80191792982,1.0697968,0.84890836,0.0,True,1.308045850090032,0.9390583569064268
169,4482,421.89816,1569,5834.9648,2.3346889,4,71.163216,1.1710096068924558,0.9695473258916435,3547.4339726323833,1.0284059,0.89719397,0.0,True,1.1282284948247192,0.9478413191241505
170,0,342.17096,1569,7194.5352,1.381362,2,31.152472,0.9497823141187584,0.0,237.1748361934898,1.0066289,0.0,0.0,True,0.9668362898831309,0.0
171,2181,407.06848,1569,6047.5352,3.0857699,4,13.189394,1.1298623166773376,0.8828759393058102,3129.727835538644,1.0180446,0.63932639,0.0,True,1.0963170016741364,0.8098110745140672
172,124550,559.21857,1569,4402.1445,3.399827,5,22.24165,1.5519794720389173,1.3982993766414424,6561.019893151431,1.1545466,1.1571518,0.0,True,1.4327496104272421,1.3259551036490098
173,0,406.19348,1569,6060.5625,1.5258863,2,13.060563,1.1274344562869416,0.0,281.55186542383257,0.99500805,0.0,0.0,True,1.0877065344008592,0.0
174,8593,512.33197,1569,4805.0117,2.0193636,4,10.38799,1.4219108008189583,1.0685041270590419,4641.182484878916,1.0726646,0.94054282,0.0,True,1.3171369405732707,1.0301157349413292
175,0,256.42896,1569,9600.168,1.0734011,2,21.822092,0.7118331876606514,0.0,177.743010637919,0.83127964,0.0,0.0,True,0.747667123362456,0.0
176,18344,377.12604,1569,6527.6875,4.0062695,6,51.007607,1.0467793222712576,1.1175789372020735,3702.309256677518,1.0351945,1.0419557,0.0,True,1.0433038755898802,1.0948919660414513
177,3126,307.36188,1569,8009.3242,2.9376731,4,48.145851,0.8531850272509384,0.8953237934637043,2473.694238408127,0.93146485,0.9354189,0.0,True,0.8766689740756568,0.907352325424593
178,2293,261.24384,1569,9423.2305,1.8983281,3,14.646384,0.725196254446308,0.8455731160113507,2021.6323529148915,0.85234553,0.89984584,0.0,True,0.7633410371124156,0.8618549332079455
179,16628,378.08194,1569,6511.1836,3.0675216,5,62.979553,1.0494317795514165,1.106717640139495,3674.564602161781,1.0348307,1.033273,0.0,True,1.0450514556859916,1.0846842480976464
180,997,260.45804,1569,9451.6602,2.060523,4,73.913254,0.7230153941743221,0.7543756657183807,1798.919812407436,0.85112649,0.84554601,0.0,True,0.7614487229220255,0.7817267690028664
181,3754,297.2858,1569,8280.7891,3.9559517,4,48.140102,0.8252222498207883,0.9123024485748971,2446.9920737698276,0.93051964,0.73819721,0.0,True,0.8568114668745518,0.8600708770024279
182,158095,461.4458,1569,5334.8867,3.0159974,5,101.8808,1.2807357997487752,1.3947962736859711,5523.9510817554565,1.0678815,1.081568,0.0,True,1.2168795098241425,1.3008277915801798
183,1122,297.19315,1569,8283.3711,3.9831355,4,52.451164,0.8249650828425901,0.7784829232839842,2087.677573004962,0.93051928,0.64982468,0.0,True,0.856631341989813,0.7398854502987888
184,2803,335.18893,1569,7344.3984,2.9170556,4,89.505623,0.9304071850899213,0.8917896729669746,2661.1181492910036,0.9315424,0.94042271,0.0,True,0.9307477495629449,0.9063795840768822
185,16611,364.95752,1569,6745.3359,2.0003901,4,73.581322,1.0130134259201624,1.1021690089033584,3546.635574015864,1.0335544,0.93255788,0.0,True,1.0191757181441137,1.051285670232351
186,1739,410.34799,1569,5999.2031,1.5324279,3,46.394039,1.1389619284661607,0.8576714613743919,3062.1049014818473,1.0236722,0.83755165,0.0,True,1.1043750099263125,0.8516355179620743
187,404,368.25061,1569,6685.0156,0.97402942,2,38.380596,1.0221513250085885,0.6816346114050338,2211.8432148987654,0.97483778,0.75970143,0.0,True,1.007957261506012,0.7050546569835237
188,49,331.69409,1569,7421.7812,2.5116851,3,112.95105,0.9207089583800101,0.43893279677983443,1304.1633252851695,0.9257167,0.29027945,0.0,True,0.922211280866007,0.39433679274588407
189,2829,530.22296,1569,4642.8789,2.4668362,4,56.209984,1.4715436081429598,0.9412933012270757,4214.416373092475,1.1009473,0.87585974,0.0,True,1.3603647157000718,0.9216632328589529
190,0,456.75693,1569,5389.6523,0.47865042,1,39.202785,1.267726751573558,0.0,316.5997782307163,1.0423349,0.0,0.0,True,1.2001091961014905,0.0
191,2835,277.34027,1569,8876.3203,2.9073725,3,31.64489,0.7698688068162063,0.8744615435360824,2204.9944919055442,0.84820175,0.8589626,0.0,True,0.7933686897713444,0.8698118604752577
192,0,239.08916,1569,10296.414,0.90490538,1,52.776779,0.6637082036023315,0.0,165.72397715644564,0.78364229,0.0,0.0,True,0.6996884295216321,0.0
193,1218,331.94479,1569,7416.1758,3.0859466,4,103.27995,0.9214046741643818,0.797343700462908,2359.0008820006005,0.92591971,0.73446006,0.0,True,0.9227591849150673,0.7784786083240356
194,1378,416.85406,1569,5905.5703,3.0257905,5,42.04715,1.157014052950517,0.8324483392126583,3013.7876478177877,1.0241679,0.79620767,0.0,True,1.117160207065362,0.8215761384488608
195,4425,419.52692,1569,5867.9453,2.027663,4,15.570611,1.1644302470575154,0.9674433192103479,3522.1287892836226,1.0275105,0.93418068,0.0,True,1.1233543229402607,0.9574645274472435
196,7028,419.92807,1569,5862.3398,2.0028977,4,73.49131,1.165543281767728,1.0208583467929835,3719.6984818510114,1.027952,0.95899659,0.0,True,1.1242658972374096,1.0022998197550885
197,493,446.63333,1569,5511.8164,3.0025537,4,92.134445,1.2396390013808045,0.719953117282396,2771.1622946734037,1.025323,0.46943784,0.0,True,1.1753442009665633,0.6447985340976772
198,1092,420.05261,1569,5860.6016,2.9894004,4,47.382179,1.1658888531489333,0.8063926610685602,2939.3584563770737,1.025484,0.71946299,0.0,True,1.1237673972042534,0.7803137597479921
199,1577,336.50439,1569,7315.6875,2.9447155,4,41.31741,0.9340576317167277,0.8275746611045687,2478.202400658416,0.92941552,0.87185872,0.0,True,0.9326649982017094,0.8408598787731981
200,7745,531.57587,1569,4631.0625,4.0681376,6,91.45504,1.4752967083636583,1.0608614090040644,4760.29431573518,1.1023378,0.94107521,0.0,True,1.3634090358545607,1.024925549302845
201,202734,463.86441,1569,5307.0703,3.9146974,6,63.705795,1.2874461006653277,1.4246405051379274,5668.265338745529,1.0659463,1.0576694,0.0,True,1.2209961604657296,1.314549173596549
202,1416,299.50308,1569,8219.4844,2.9967844,4,20.581991,0.8313756401329548,0.8049469702584561,2173.494662342414,0.91719335,0.56744379,0.0,True,0.8571209530930683,0.7336960161809192
203,5714,310.17105,1569,7936.7852,2.4120708,4,23.339525,0.8609808281364133,0.9633847381642373,2683.297364852829,0.94824773,0.89626145,0.0,True,0.8871608986954893,0.943247751714966
204,7824,313.59827,1569,7850.0469,4.7509985,6,28.746746,0.8704917256534855,0.9996010706800112,2811.4733435410153,0.91991693,0.93121886,0.0,True,0.8853192869574398,0.9790864074760078
205,2227,294.14481,1569,8369.2148,4.0506644,5,31.318712,0.8165053721824342,0.85344160796472,2267.653034955203,0.86882609,0.8127417,0.0,True,0.832201587527704,0.841231635575304
206,582,272.7471,1569,9025.8008,5.7199645,5,31.288822,0.7571214747996102,0.6991726993761659,1737.3720203535486,0.86860889,0.26043206,0.0,True,0.7905676993597273,0.567550507563316
207,2141,279.42731,1569,8810.0234,4.6108108,5,26.80311,0.7756608835029991,0.8442874512971323,2143.1968481974136,0.90001565,0.83923841,0.0,True,0.8129673134520994,0.8427727389079926
208,19347,365.54324,1569,6734.5273,3.0203207,4,50.975227,1.0146387821946632,1.1196644838488712,3608.0565403331807,1.0348976,0.79086083,0.0,True,1.0207164275362643,1.0210233876942099
209,2380,273.39362,1569,9004.457,3.3163872,5,15.112414,0.7589157263386814,0.8538809282745974,2125.8256090879436,0.85690141,0.86276573,0.0,True,0.788311431437077,0.8565463687922181
210,31,275.32037,1569,8941.4414,5.1426687,5,19.252798,0.7642630560416153,0.38090084919484396,962.6597555307492,0.85998863,0.25576636,0.0,True,0.7929807282291308,0.34336050243639077
211,130781,561.89905,1569,4381.1445,1.9977438,4,44.276398,1.5594151312814581,1.40491755543671,6619.898322254392,1.1541088,1.1542327,0.0,True,1.4378232318970205,1.3297120988056967
212,1854,423.95102,1569,5806.7109,2.9940057,4,102.37498,1.1767054641836456,0.8682810163721435,3190.7312270155903,1.0291829,0.82113713,0.0,True,1.132448694928552,0.8541378504605004
213,477,338.93491,1569,7263.2266,3.047277,4,46.1618,0.940802294575795,0.693916995523878,2091.8047865304147,0.92720848,0.61686796,0.0,True,0.9367241502030565,0.6708022848667146
214,28815,517.45312,1569,4757.457,1.9991336,4,17.713284,1.4361179974717917,1.2126317992751454,5313.581600719258,1.0766082,1.0412412,0.0,True,1.3282650582302542,1.1612146194926019
215,0,281.77179,1569,8736.7188,1.9702895,2,51.520214,0.7821675021621134,0.0,195.30932179982898,0.84795332,0.0,0.0,True,0.8019032475134793,0.0
216,129,392.03357,1569,6279.4648,2.7959695,3,45.727486,1.0881445767065514,0.5565747661891156,1911.2410110689912,0.9675914,0.58151197,0.0,True,1.051978623694586,0.5640559273323809
217,42,333.54688,1569,7380.5547,2.0400171,3,17.783623,0.9258504858613648,0.4222741321659951,1262.204645721778,0.9013167,0.27853602,0.0,True,0.9184903501029553,0.3791526985161966
218,4728,340.5192,1569,7229.4336,2.992332,5,44.180866,0.9451987301512527,0.9521892870897417,2881.3646682112208,0.92909247,0.87445587,0.0,True,0.9403668521058768,0.9288692619628192
219,8700,423.38339,1569,5814.4961,4.0057011,5,47.781654,1.1751304803407505,1.0464396608853097,3840.6412019044246,1.0275753,0.94536781,0.0,True,1.1308639262385254,1.0161181056197168
220,31798,520.5368,1569,4729.2734,2.0206556,4,71.320854,1.4446727715826149,1.2251232423260254,5396.520340297614,1.0784798,1.048317,0.0,True,1.3348148801078303,1.1720813696282177
221,3312,423.37854,1569,5814.5625,4.0108843,5,104.10434,1.1751170654305017,0.9350500822977711,3431.8688483731785,1.0275751,0.8768189,0.0,True,1.1308544758013512,0.9175807276084398
222,34102,376.94266,1569,6530.8633,1.9999166,4,38.421593,1.0462704547779382,1.1880971313814424,3934.2146070083654,1.065744,1.0766416,0.0,True,1.0521125183445568,1.1546604719670097
223,108709,520.93658,1569,4725.6445,1.146822,3,50.129169,1.4457816902038851,1.370511673338945,6041.014098764622,1.1572742,1.1307769,0.0,True,1.3592294431427197,1.2985912413372616
224,15965,374.93689,1569,6565.8008,2.0357728,4,52.503338,1.040704805768942,1.1010377048205764,3628.743968041263,1.0629499,1.0392851,0.0,True,1.0473783340382594,1.0825119233744034
225,863,302.55527,1569,8136.5664,3.0071607,3,88.551254,0.839845928626091,0.7509110593143695,2046.0994519067415,0.95386297,0.85884523,0.0,True,0.8740510410382637,0.7832913105200586
226,26,294.06891,1569,8371.375,2.9913888,3,85.774948,0.8162947265461181,0.36486901103627556,979.8977482043061,0.86918229,0.24341908,0.0,True,0.8321609955822827,0.32843403172539287
227,11562,374.25623,1569,6577.7422,1.4000057,3,53.964355,1.038816058156975,1.06411158331966,3501.4110853113393,1.0620052,1.0121975,0.0,True,1.0457728007098825,1.0485373583237618
228,10259,351.80048,1569,6997.6055,1.0020871,2,39.813808,0.9765038695242327,1.043174486669231,3249.266376326203,1.0179008,0.99738991,0.0,True,0.9889229486669628,1.0294391136684617
229,9824,361.25916,1569,6814.3906,1.6180089,3,65.500755,1.002750906893907,1.041400675351415,3320.978586529073,0.95773304,0.97984594,0.0,True,0.9892455468257348,1.0229342547459905
230,10663,361.38034,1569,6812.1055,2.0708225,4,69.554955,1.003087177897833,1.0507236060632252,3351.702417762306,0.95742178,0.96559441,0.0,True,0.989387558528483,1.0251848472442577
231,110852,540.45667,1569,4554.9648,1.4629478,3,205.11377,1.4999329939728967,1.3788093041312908,6277.928086263918,1.1541365,1.1380947,0.0,True,1.3961940457810278,1.3065949228919034
232,1324,420.45953,1569,5854.9297,2.958946,4,54.829563,1.167017909723776,0.828669821895529,3023.071296648362,1.024403,0.59037656,0.0,True,1.1242334368066431,0.7571818433268702
233,1185,380.60736,1569,6467.9805,1.6424552,2,154.20036,1.0564393286646077,0.8066409904945366,2694.3896833855842,0.97286206,0.57321995,0.0,True,1.0313661480652252,0.7366146783461757
234,2223,432.7616,1569,5688.4922,2.654017,3,13.157482,1.2011512564577633,0.8913270875487025,3335.5153093547547,1.0411123,0.80337936,0.0,True,1.1531395695204343,0.8649427692840918
235,116248,544.48962,1569,4521.2266,1.6814549,4,29.574705,1.5111208127165465,1.3856730331552447,6350.653770005711,1.1546406,1.1394706,0.0,True,1.4041767489015826,1.3118123032086713
236,2283,434.27264,1569,5668.6992,2.9651797,4,46.731052,1.2053437530054674,0.894766309967263,3358.7172764766237,1.0383292,0.81948727,0.0,True,1.1552393871038271,0.8721825979770841
237,10369,419.92471,1569,5862.3867,2.9990137,4,72.996269,1.1655339604213177,1.0656747940267164,3882.9466767901126,1.0279518,0.98054373,0.0,True,1.1242593122949225,1.0401354748187015
238,0,277.00394,1569,8887.0977,1.9993179,2,49.759338,0.7689353955343636,0.0,192.00450001499624,0.84544379,0.0,0.0,True,0.7918879138740547,0.0
239,4034,336.50351,1569,7315.707,2.9837921,4,46.200634,0.9340551426687488,0.9330844316168316,2793.9918004287615,0.92941552,0.85572267,0.0,True,0.9326632558681242,0.9098759031317821
240,2443,421.14456,1569,5845.4062,4.0976424,6,55.888226,1.168918597769572,0.8994073394887666,3285.6857974697778,1.0252759,0.80307776,0.0,True,1.1258257884387004,0.8705084656421367
241,138402,562.40399,1569,4377.2109,2.0224805,4,45.949776,1.5608158665966743,1.4118227468259428,6657.70031583594,1.1540811,1.149105,0.0,True,1.438795436617672,1.3330074227781599
242,11212,422.87003,1569,5821.5547,3.0274508,5,41.39658,1.1737061310496666,1.075548272321555,3943.22847140875,1.0275999,0.94431055,0.0,True,1.1298742617347668,1.0361769556250886
243,4113,421.94788,1569,5834.2773,2.0366931,4,106.66396,1.1711475491222978,0.9596554561480485,3511.616552551738,1.0277666,0.87577182,0.0,True,1.1281332643856086,0.9344903653036339
244,148634,562.41003,1569,4377.1641,2.9487863,5,43.026115,1.5608325469906692,1.4203308386941107,6697.88482347358,1.1540812,1.1492784,0.0,True,1.4388071428934686,1.3390151070858776
245,3675,421.97784,1569,5833.8633,3.0651293,5,55.794876,1.1712306311035596,0.9466823027672006,3464.3758167781516,1.0278473,0.88581026,0.0,True,1.1282156317724916,0.9284206899370404
246,23739,532.00665,1569,4627.3125,2.9775422,5,112.80283,1.4764917805598783,1.1936568138629613,5359.945074902611,1.1023943,1.0179828,0.0,True,1.3642625363919147,1.1409546097040728
247,20492,364.95752,1569,6745.3359,2.981288,4,64.596901,1.0130134259201624,1.1259817364703428,3623.257178707853,1.0335544,0.86570221,0.0,True,1.0191757181441137,1.04789787852924
248,177110,463.15295,1569,5315.2227,4.0776987,6,36.361843,1.285472180033592,1.4086351111435056,5596.989229472111,1.0667742,1.0820521,0.0,True,1.2198627860235143,1.310660207800454
249,6591,377.15201,1569,6527.2383,2.1312501,3,37.05529,1.046851338829692,1.0010716238534305,3316.585677214737,0.93914419,0.71509647,0.0,True,1.0145391941807844,0.9152790776974014
250,8970,412.32181,1569,5970.4844,4.5249877,5,40.04958,1.1444386285702315,1.0467697223977956,3752.896995823977,0.97592252,0.83910328,0.0,True,1.093883795999162,0.984469789678457
251,5360,314.11734,1569,7837.0742,4.0451431,6,53.897469,0.8719322819897664,0.9576115064002019,2697.354597514602,0.91312575,0.92081213,0.0,True,0.8842903223928364,0.9465716934801414
252,172,296.14584,1569,8312.6641,3.0040505,3,47.765434,0.8220586873609365,0.5709451392141066,1527.8327651923382,0.93409461,0.79384923,0.0,True,0.8556694641526555,0.6378163664498746
253,1,249.20915,1569,9878.293,2.022485,3,191.10796,0.6917954615205341,0.07535520113190332,273.78423463853426,0.8481971,0.051101208,0.0,True,0.7387159530643739,0.06807900319233232
254,14701,368.53162,1569,6679.918,8.2857704,8,71.049774,1.0229311188633416,1.089519821677782,3536.3582375854444,0.96009481,0.92058885,0.0,True,1.0040802262043391,1.0388405301744474
255,1727,334.26321,1569,7364.7383,5.3724327,6,35.705063,0.927838288471996,0.837151272136029,2492.032003332636,1.0064284,0.9444778,0.0,True,0.9514153219303972,0.8693492304952203
256,16467,365.2998,1569,6739.0156,1.9927663,4,189.79791,1.013963215853276,1.1012986166023129,3546.7816419635274,1.0353384,0.92304957,0.0,True,1.0203757710972932,1.047823902621619
257,10589,363.96497,1569,6763.7305,3.7901874,6,24.846069,1.010259255211703,1.0507827257059112,3373.1399404471,0.95194519,0.92416841,0.0,True,0.9927650356481921,1.0127984309941378
258,4994,299.1785,1569,8228.4023,4.5222683,6,12.165851,0.830474818453662,0.9445946149021699,2547.9216446299124,0.9087851,0.86778748,0.0,True,0.8539679029175634,0.9215524744315189
259,0,320.90479,1569,7671.3125,1.9588258,3,44.986565,0.8907680816978458,0.0,222.43425041668132,0.93245655,0.0,0.0,True,0.9032746221884922,0.0
260,15942,362.88983,1569,6783.7695,3.0854928,5,95.409378,1.0072758669290345,1.0968005111707453,3511.6260466397803,1.0300071,1.0197397,0.0,True,1.0140952368503242,1.0736822678195217
261,7498,296.04541,1569,8315.4844,3.0349889,4,46.097916,0.8217799429708702,0.9885101160789758,2641.5120345726045,0.93408799,0.89618301,0.0,True,0.8554723570796092,0.960811984255283
262,9075,411.47568,1569,5982.7617,4.0098367,6,95.730309,1.1420908966004615,1.0478605635337135,3749.983206650528,1.056981,1.0159581,0.0,True,1.116557927620323,1.0382898244735994
263,4004,320.58109,1569,7679.0586,3.0559478,5,46.531712,0.8898697708012671,0.927196827965992,2659.395985479538,0.93099296,0.95152509,0.0,True,0.9022067275608869,0.9344953065761944
264,2,266.26495,1569,9245.5312,4.004035,4,95.011154,0.7391315268980225,0.1203006810188984,369.1215987488696,0.84978735,0.081004687,0.0,True,0.7723282738286158,0.10851188281322888
265,0,336.48392,1569,7316.1328,2.0266581,3,64.67733,0.9340007953795402,0.0,233.2328804517582,,,,False,0.9340007953795402,0.0
266,5491,296.04529,1569,8315.4883,2.9551759,5,48.002457,0.821779557645197,0.954002081945606,2549.3140332685675,0.93408799,0.94684303,0.0,True,0.8554720873516379,0.9518543663619243
267,0,-1.0,1,-1.0,0.0,0,4.9575682,1.0,0.0,-0.6931471805599453,,,,False,1.0,0.0
268,1164,342.3334,1569,7191.1211,4.077702,6,51.004414,0.9502331131187408,0.7950074200061226,2417.3306023612977,1.0316499,0.95516324,0.0,True,0.9746581491831185,0.8430541660042858
269,22684,369.39417,1569,6664.3203,4.0524874,6,49.933121,1.0253245491209149,1.1390675298778319,3704.8400370860713,1.0282797,0.96720374,0.0,True,1.0262110943846403,1.0875083929144824
270,2481,420.5047,1569,5854.3008,3.0004323,4,48.648773,1.1671432341544175,0.9010282147736486,3287.1789222532757,0.98531109,0.84463251,0.0,True,1.1125935909080922,0.8841095033415539
271,26,335.38675,1569,7340.0664,2.9800115,3,333.6828,0.9309561482436474,0.3702558554144553,1117.5772410030036,0.89549565,0.21794613,0.0,True,0.9203179987705532,0.3245629377901187
272,6109,409.76822,1569,6007.6914,3.0109293,5,50.871883,1.1373532184852457,1.0018832816883123,3572.296116729435,0.97928047,0.93809921,0.0,True,1.089931393939672,0.9827480601818186
273,30530,430.67838,1569,5716.0078,2.9557617,5,89.738693,1.1953712018184204,1.193600813080011,4447.413466778519,1.118804,1.2387954,0.0,True,1.1724010412728942,1.2071591891560078
274,25558,369.39999,1569,6664.2148,4.0147514,6,334.12543,1.0253407759817614,1.1526171258163544,3748.9606743089103,1.0282799,0.95070946,0.0,True,1.026222513187233,1.0920448260714481
275,8701,410.13248,1569,6002.3555,3.0046198,5,52.080879,1.138363951950064,1.0426303312811356,3720.485241972384,0.97952455,0.95350361,0.0,True,1.0907121313650447,1.0158923148967949
276,31296,431.0018,1569,5711.7188,2.0129318,4,13.220222,1.1962685065798306,1.1965687660286042,4461.433016824722,1.1187893,1.236587,0.0,True,1.1730247446058815,1.208574236220023
277,4722,451.13437,1569,5456.8242,3.9902511,5,49.767937,1.252127125818249,0.9831528756536939,3816.782266419977,1.0177679,0.97694224,0.0,True,1.1818193580727743,0.9812896849575857
278,15,335.16754,1569,7344.8672,3.990562,4,333.83908,0.9303478162628422,0.3114510465710241,949.6011468224955,0.89496595,0.20521685,0.0,True,0.9197332563839895,0.2795807875997169
279,5384,451.12793,1569,5456.9023,3.54002,6,54.479065,1.2521092117536345,0.998394737204418,3875.891899340479,1.0177674,0.9715454,0.0,True,1.1818066682275443,0.9903399360430926
280,8561,320.80026,1569,7673.8125,3.0190377,5,46.994801,0.8904779599414527,1.012198734336677,2904.91239906193,0.93106997,0.95914418,0.0,True,0.9026555629590169,0.9962823680356738
281,2587,340.76611,1569,7224.1953,4.0502892,6,94.315834,0.945883908769128,0.8844236822338924,2678.0900522749803,1.0304981,0.94875312,0.0,True,0.9712681661383896,0.9037225135637248
282,2899,296.04874,1569,8315.3906,3.0636477,5,46.937733,0.8217892106561764,0.883255938189717,2360.3405868975537,0.92993265,0.8729406,0.0,True,0.8542322424593235,0.8801613367328018
283,14924,411.56033,1569,5981.5312,2.9820673,5,87.731339,1.142325765075496,1.1050783790636085,3955.4486875400244,1.0565768,0.98346388,0.0,True,1.1166010755528473,1.068594029344526
284,5487,340.77237,1569,7224.0625,3.9960675,5,48.794426,0.9459012921481238,0.9690207590265043,2934.220958248989,1.0304983,0.98977655,0.0,True,0.9712803945036868,0.9752474963185531
285,11530,320.94321,1569,7670.3945,2.9978483,5,45.990425,0.8908746618663966,1.0455289610247198,3001.7436697460853,0.93175852,0.97776091,0.0,True,0.9031398193064777,1.0251985457173038
286,18,267.34128,1569,9208.3086,3.9819365,4,93.619484,0.7421186577714781,0.3225655777442409,800.882900549234,0.84864211,0.21708262,0.0,True,0.7740756934400347,0.29092069042096863
287,0,327.00342,1569,7528.2422,2.0113287,2,60.496769,0.9076921663811959,0.0,226.66149860645962,,,,False,0.9076921663811959,0.0
288,174,296.05374,1569,8315.25,3.0003059,4,45.863361,0.8218031026953743,0.5721989174080742,1530.7411243411862,0.92993283,0.72198659,0.0,True,0.854242020886762,0.617135219185652
289,16644,412.13766,1569,5973.1523,2.0452476,4,13.219511,1.1439276377763796,1.1177999130244358,4005.9472381447417,1.0557653,0.96291649,0.0,True,1.1174789364434659,1.071334886117105
290,220,339.2659,1569,7256.1406,3.0292773,4,51.863583,0.9417207839557561,0.6072162592939994,1832.9442043705424,0.99481839,0.55749387,0.0,True,0.9576500657690292,0.5922995425057995
291,30845,431.32333,1569,5707.4609,2.0296826,4,82.573792,1.1971606383876106,1.1949938284153745,4458.500745981172,1.1187901,1.2374114,0.0,True,1.1736494768713275,1.2077190998907623
292,15479,321.66202,1569,7653.2539,2.9956098,5,46.993015,0.892869386852486,1.0787212522592589,3103.1921180537497,0.93139106,0.96808386,0.0,True,0.9044258887967402,1.0455300345814813
293,2886,340.01306,1569,7240.1953,3.0621347,5,94.213837,0.9437941912299854,0.8965050166074822,2709.332696256994,0.99569726,0.84947467,0.0,True,0.9593651118609898,0.8823959126252374
294,5708,342.3851,1569,7190.0352,4.026135,5,48.268467,0.9503765854612477,0.9739812218313326,2961.62231661027,0.99939221,0.97060758,0.0,True,0.9650812728228735,0.9729691292819329
295,20567,412.72552,1569,5964.6445,2.0285699,4,82.73317,1.1455587568344487,1.1423244612772845,4099.000162362054,1.0550929,0.93315905,0.0,True,1.118418999784114,1.079574837894099
296,17292,321.93048,1569,7646.8711,3.0460949,5,47.615807,0.8936144650016525,1.0912069441303822,3141.4346134977463,0.92908025,0.93866211,0.0,True,0.9042542005011568,1.0454434938912676
297,0,267.17987,1569,9213.8711,1.9992115,2,95.610229,0.7416707310384475,0.0,185.1949735928727,0.84494519,0.0,0.0,True,0.7726530687269132,0.0
298,0,327.20972,1569,7523.4961,1.9907322,2,46.682278,0.9082646200418736,0.0,226.80449486980913,,,,False,0.9082646200418736,0.0
299,22637,413.20721,1569,5957.6914,1.9714959,4,15.015678,1.1468952664047507,1.153508842689323,4143.40611003266,1.0546438,0.89996046,0.0,True,1.1192198264833255,1.077444327882526
300,2498,366.22449,1569,6722.0,4.4388657,6,279.84705,1.0165291278841615,0.8876800954402525,2865.35726006238,0.99964678,0.89445162,0.0,True,1.011464423518913,0.8897115528081767
301,717,386.05072,1569,6376.7812,4.052618,5,86.566658,1.0715435506540185,0.7506623481001284,2539.388113208388,0.94636559,0.80076855,0.0,True,1.033990162457813,0.76569420867009
302,4103,497.24149,1569,4950.8359,4.4493823,5,94.292465,1.3800460976090692,0.9778794166445953,4137.02981526478,1.0489763,0.91013217,0.0,True,1.2807251583263484,0.9575552426512167
303,10834,410.43832,1569,5997.8828,3.9348674,6,166.21753,1.1392125619342266,1.0679193113514707,3813.230241906393,0.97979504,0.96746552,0.0,True,1.0913873053539587,1.0377831739460295
304,6550,389.43973,1569,6321.2891,2.5246923,3,20.597857,1.0809472329666379,1.0040241614907703,3422.211606975616,0.94633442,0.93183124,0.0,True,1.0405633890766466,0.9823662850435393
305,5543,359.17285,1569,6853.9727,1.0270228,3,71.325081,0.99696165007966,0.9759369102337073,3096.3041117035013,0.95066953,0.91875154,0.0,True,0.983074014055762,0.9587812991635951
306,2721,361.47278,1569,6810.3633,3.7227387,5,130.11844,1.0033437083270502,0.8960511756769427,2859.0651552975733,0.95444119,0.85465813,0.0,True,0.9886729528289352,0.8836332619738598
307,4508,330.42004,1569,7450.3984,3.4889648,4,59.809788,0.9171734371974936,0.943632714989619,2780.171541307665,0.88147885,0.89456677,0.0,True,0.9064650610382454,0.9289129314927332
308,2435,389.00726,1569,6328.3164,3.085001,4,79.55452,1.0797472707514433,0.8908806033752711,3033.682085137574,0.95037085,0.8648079,0.0,True,1.0409343445260104,0.8830587923626898
309,0,292.69669,1569,8410.6211,1.9964203,2,19.852551,0.8124865930183284,0.0,202.88188543272832,0.83724451,0.0,0.0,True,0.8199139681128298,0.0
310,32375,407.33871,1569,6043.5234,3.50424,5,49.919899,1.1306120915673077,1.1927056320835758,4230.295426576573,0.99684614,0.90620613,0.0,True,1.0904823060971154,1.106755781458503
311,39334,431.35696,1569,5707.0156,3.0500665,5,91.013405,1.197254016242853,1.2231096041442786,4563.711520783785,1.118791,1.2399113,0.0,True,1.1737151113699973,1.228150112900995
312,21096,321.93048,1569,7646.8711,3.0167863,5,47.052715,0.8936144650016525,1.113441252024593,3205.440390074961,0.92908025,0.86612695,0.0,True,0.9042542005011568,1.039246961417215
313,943,394.54337,1569,6239.5195,4.0103145,5,147.14233,1.0951086279379727,0.7838445013615769,2703.089589786587,0.99999493,0.59658331,0.0,True,1.066574518556581,0.7276661439531038
314,27913,395.27957,1569,6227.8984,4.0774398,6,47.605728,1.0971514167699912,1.1716333397707166,4046.445121381864,1.0008103,0.93166018,0.0,True,1.0682490817389938,1.0996413918395016
315,30534,400.76846,1569,6142.6016,4.1807661,6,51.035786,1.11238161574106,1.1837723864247296,4138.600264138878,1.0034959,0.94312179,0.0,True,1.079715901018742,1.1115772074973107
316,0,324.46008,1569,7587.2539,1.9935641,3,46.439194,0.9006342317646142,0.0,224.8985896562543,0.93031234,0.0,0.0,True,0.90953766423523,0.0
317,26573,413.7666,1569,5949.6367,3.0315642,4,105.86891,1.1484474272250358,1.1721318088562045,4215.3408328331725,1.0537746,0.78693104,0.0,True,1.120045579057525,1.0565715781993432
318,11961,411.1683,1569,5987.2344,2.9366012,5,57.003422,1.1412379946079756,1.0795140830207883,3860.695110298196,0.97944999,0.96510857,0.0,True,1.0927015932255828,1.045192429114552
319,0,539.45923,1569,4563.3867,1.0098428,2,21.769823,1.4971660244888132,0.0,373.9246443015391,1.0870427,1.0459738,10.264294507801395,True,1.3741290271421693,0.31379214000000005
320,8073,330.45972,1569,7449.5039,1.3381587,5,22.886765,0.9172835373397714,1.0089834241215903,2972.990172790223,0.88147992,0.9412868,0.0,True,0.90654245213784,0.9886744368851133
321,13104,497.72647,1569,4946.0117,2.8827865,5,170.68527,1.3813916114816587,1.114471898565297,4718.8577687834995,1.0493469,0.99262238,0.0,True,1.281778198037161,1.077917042995708
322,14,341.66251,1569,7205.2422,4.6670156,5,34.990139,0.948371327925278,0.3048582884431015,947.2896220381365,0.89972478,0.20051867,0.0,True,0.9337773635476947,0.273556402910171
323,10,315.79764,1569,7795.375,4.0436878,4,211.23729,0.8765952459504771,0.2675723494429169,784.727655623357,0.87015432,0.17711486,0.0,True,0.874662968165334,0.24043510261004186
324,84,315.30374,1569,7807.5859,5.5527968,5,49.305298,0.8752246205388562,0.49565264416298643,1404.4723617676188,0.86036557,0.32787192,0.0,True,0.8707669053771994,0.4453184269140905
325,38976,446.22159,1569,5516.9023,2.5570178,4,119.00352,1.2384966220353462,1.2268553133211308,4716.898060951036,1.0078349,0.95159709,0.0,True,1.1692981054247422,1.1442778463247916
326,5693,375.25638,1569,6560.2109,3.588933,5,72.60228,1.041591311229132,0.9838362545639,3244.9709594783794,0.93513012,0.91221642,0.0,True,1.0096529538603924,0.96235030419473
327,2591,391.87949,1569,6281.9336,2.2359791,3,85.882469,1.0877170719775113,0.898726897219582,3080.396470545791,0.96024537,0.85956371,0.0,True,1.049475561384258,0.8869779410537074
328,95,373.53574,1569,6590.4297,2.2489808,3,61.830128,1.0368167985004226,0.519039911587042,1708.818050641385,0.94045138,0.5293296,0.0,True,1.0079071729502957,0.5221268181109294
329,4131,383.57672,1569,6417.9102,3.1321826,5,64.400421,1.0646787327170248,0.9497225406028686,3193.950834301499,0.94560534,0.90785474,0.0,True,1.0289567149019174,0.9371622004220082
330,27160,497.52216,1569,4948.043,4.0297704,5,46.638515,1.3808247435210366,1.2000838276342116,5079.489416954988,1.0493436,1.0480541,0.0,True,1.2813804004647256,1.1544749093439481
331,0,271.80286,1569,9057.1562,2.0526357,3,15.73501,0.7545009386076269,0.0,188.39938607712955,0.85414463,0.0,0.0,True,0.7843940460253389,0.0
332,354,293.53513,1569,8386.5977,3.6980333,5,14.281577,0.8148134050930946,0.6499481654636377,1724.4985558216456,0.86789358,0.38709486,0.0,True,0.8307374575651663,0.5710921738245464
333,100,261.7746,1569,9404.125,4.2124414,5,28.895073,0.7266692560319049,0.5044276096906711,1210.7004082083647,0.86265886,0.77270067,0.0,True,0.7674661372223335,0.5849095277834698
334,9854,363.49475,1569,6772.4805,2.4879277,4,76.975204,1.008954392280427,1.0424743077865388,3342.6379936412445,0.96730828,0.81734824,0.0,True,0.9964605585962989,0.9749364874505771
335,224433,463.83505,1569,5307.4062,2.0237236,4,40.123619,1.2873646502867122,1.436484604085058,5715.070009877922,1.0658959,1.0553905,0.0,True,1.2209240252006985,1.3221563728595407
336,18,359.61023,1569,6845.6367,3.9050853,4,21.471567,0.9981753056340009,0.3333904016210826,1077.2959719111736,0.95561892,0.22644344,0.0,True,0.9854083899438006,0.30130631313475775
337,47,275.32941,1569,8941.1484,1.7338395,3,72.620895,0.7642880952185812,0.4254649236480899,1071.5325865048228,0.84151125,0.27882087,0.0,True,0.7874550416530068,0.38147170755366294
338,905,304.29971,1569,8089.9219,1.5892091,2,43.357594,0.8446870768603317,0.7566654256675085,2072.3243726287255,0.86180931,0.6721378,0.0,True,0.8498237468022323,0.7313071379672559
339,2115,357.34198,1569,6889.0898,2.3194518,3,118.59724,0.9918811181205478,0.8663917724678815,2736.4374309427694,0.93128645,0.80788589,0.0,True,0.9737027176843835,0.848840007727517
340,12092,369.82706,1569,6656.5195,2.4734507,4,29.262745,1.0265257698641719,1.0677638361708184,3476.546237735989,0.96409154,0.78192961,0.0,True,1.0077955009049204,0.9820135683195729
341,227509,463.84222,1569,5307.3242,3.5711045,5,60.685894,1.28738453302458,1.4380742098676622,5721.472385662332,1.065896,1.0484117,0.0,True,1.2209379731172059,1.3211754569073637
342,17329,408.27444,1569,6029.6719,3.6325452,5,40.515041,1.133208498276092,1.1212240921086272,3984.8614540374015,0.98566717,0.87183839,0.0,True,1.0889460997932643,1.046408381476039
343,5305,419.1441,1569,5873.3047,4.0831566,6,45.178165,1.1633680642798154,0.9882367115314418,3594.907565088613,1.0286191,0.92975008,0.0,True,1.1229433749958708,0.9706907220720092
344,1877,450.92682,1569,5459.3359,3.0671327,5,176.71123,1.2515512653036232,0.8759336719156358,3399.309577671416,1.030948,0.79161334,0.0,True,1.185370285712536,0.8506375723409451
345,157,355.96524,1569,6915.7344,3.8136818,4,99.063278,0.988060752360354,0.5725629747391655,1804.3537008803332,0.94722599,0.37629539,0.0,True,0.9758103236522477,0.5136826993174158
346,152672,563.41815,1569,4369.332,4.1050987,6,98.672241,1.563629085114812,1.4238315550885137,6724.992960797768,1.1541374,1.1438117,0.0,True,1.4407815795803685,1.3398255985619596
347,189,416.65948,1569,5908.3281,3.1810741,4,99.607224,1.1564741821850977,0.6041738803018721,2188.409515347726,1.0130508,0.39196107,0.0,True,1.1134471675295683,0.5405100372113105
348,4059,432.59821,1569,5690.6406,1.9884779,4,50.101357,1.200697942514253,0.9608924734419824,3594.538353236788,1.0318772,0.90270185,0.0,True,1.150051719759977,0.9434352864093877
349,27998,532.60645,1569,4622.1016,2.0065637,4,63.306568,1.4781556391176833,1.2133684492282084,5453.86863144584,1.1028851,1.0308918,0.0,True,1.3655744773823784,1.1586254544597459
350,1364,422.69473,1569,5823.9688,3.1906421,5,55.214504,1.173219783788252,0.8326066567023667,3051.7046428497106,1.0299423,0.85747421,0.0,True,1.1302365386517765,0.8400669226916566
351,6359,522.56287,1569,4710.9375,2.6330755,4,30.488249,1.4502933374128348,1.035409666375506,4576.5747198075915,1.1003381,0.92639542,0.0,True,1.3453067661889844,1.0027053924628542
352,0,422.78378,1569,5822.7422,2.0379155,3,38.448093,1.1734668456044461,0.0,293.05138509347614,1.0277083,0.0,0.0,True,1.1297392819231122,0.0
353,1344,338.7782,1569,7266.5859,4.0866528,6,47.221928,0.9403674868715662,0.8102329268947457,2440.860515800621,0.92874354,0.78598171,0.0,True,0.9368803028100963,0.8029575618263219
354,2825,294.82858,1569,8349.8047,3.0235882,3,67.923599,0.8184029801239368,0.8799897266495521,2342.9942806894733,0.85147619,0.85944515,0.0,True,0.8283249430867557,0.8738263536546864
355,0,240.52141,1569,10235.102,1.2017852,1,84.224197,0.6676832814494865,0.0,166.71673720580264,0.76723808,0.0,0.0,True,0.6975497210146405,0.0
356,6819,345.57663,1569,7123.6328,1.7290525,3,122.25716,0.9592329618631347,0.9950426730253303,3050.668023878309,0.91684473,0.92799032,0.0,True,0.9465164923041942,0.9749269671177313
357,9596,415.32745,1569,5927.2773,2.7831721,3,56.189308,1.1527782409321794,1.05540851778891,3808.26614987039,0.99183059,0.95972222,0.0,True,1.1044939456525256,1.0267026284522371
358,0,413.12811,1569,5958.832,2.0834944,3,68.173927,1.1466758089966471,0.0,286.35858465655895,1.022455,0.0,0.0,True,1.1094095662976529,0.0
359,37652,521.62256,1569,4719.4297,2.2914157,4,87.971642,1.447684767157097,1.2453983312278918,5495.916731726104,1.0792156,1.0626097,0.0,True,1.3371440170099678,1.1905617418595242
360,0,339.82935,1569,7244.1094,1.9681704,3,63.869717,0.9432843859482858,0.0,235.55175582401884,0.93136513,0.0,0.0,True,0.9397086091638001,0.0
361,51721,523.5918,1569,4701.6797,2.7909927,5,48.541443,1.4531478101906263,1.2834953645059841,5682.886242853645,1.0805092,1.0891573,0.0,True,1.3413562271334385,1.225193945154189
362,574966,679.258,1569,3624.1914,3.0901728,5,139.02806,1.884936866788968,1.6180724508213047,9008.366917226502,1.19981,1.3202114,0.0,True,1.6793988067522778,1.5287141355749134
363,581235,679.7738,1569,3621.4414,2.9788694,5,41.101501,1.886367433979504,1.6195453951516707,9022.579098511287,1.2001446,1.3206395,0.0,True,1.6805005837856528,1.5298736266061697
364,591008,680.79675,1569,3616.0,3.9704471,6,157.89546,1.889204493060559,1.6218773144636272,9047.508466780493,1.200668,1.3237388,0.0,True,1.6826435451423913,1.532435760124539
365,27408,369.41409,1569,6663.9609,4.5701065,6,49.404346,1.0253798302196915,1.160558801712591,3774.918163090587,1.0282803,0.86066085,0.0,True,1.026249971153784,1.0705894161988136
366,6195,421.67261,1569,5838.0859,3.0112462,5,50.573498,1.1703837876585175,1.0068015026068704,3681.9695752693538,0.98638308,0.94179618,0.0,True,1.1151835753609622,0.9872999058248093
367,270024,464.39285,1569,5301.0312,2.4273317,5,102.12021,1.2889122462438278,1.4582492410152028,5807.824007309366,1.0659066,1.0502994,0.0,True,1.2220105523706795,1.335864288710642
368,10753,421.66669,1569,5838.168,3.0347157,5,50.928757,1.1703673346200147,1.0703757748886518,3914.385030857213,0.98638296,0.9728452,0.0,True,1.1151720222340102,1.0411166024220562
369,3309,366.85977,1569,6710.3594,4.0551124,5,49.234692,1.0182919966849662,0.9197500059553207,2973.400467353309,0.99841231,0.77445847,0.0,True,1.0123280906794763,0.8761625451687245
370,13630,425.71228,1569,5782.6875,4.1644402,6,60.039726,1.1815922391474218,1.0989201571721035,4052.8555112807735,0.98911065,0.98379332,0.0,True,1.1238477624031953,1.0643821060204723
371,275268,464.39832,1569,5300.9688,2.0198731,4,59.403618,1.2889274128659973,1.460493986478247,5816.824739139616,1.0659068,1.0445417,0.0,True,1.2220212290061983,1.335708300534773
372,4610,364.54437,1569,6752.9805,3.9385693,5,45.076633,1.0118670003404306,0.9566823071793439,3075.448277083299,0.957892,0.88735539,0.0,True,0.9956745002383015,0.9358842320255407
373,15773,431.89471,1569,5699.9102,4.6948504,7,52.421093,1.198745966903004,1.1176341714091274,4174.772736690999,0.99364138,0.99371201,0.0,True,1.1372145908321027,1.080457522986389
374,556328,661.65393,1569,3720.6172,1.110687,4,74.346306,1.8361119311147818,1.6089016987274203,8753.097202099847,1.2151338,1.3160483,0.0,True,1.6498184917803473,1.5210456791091942
375,2941,450.92682,1569,5459.3359,2.2796926,4,14.511193,1.2515512653036232,0.9280951229214616,3601.6358192734206,1.030948,0.84830838,0.0,True,1.185370285712536,0.9041591000450231
376,119252,550.01575,1569,4475.8008,2.1373386,4,30.809256,1.5264506308304517,1.3903709736333676,6429.140125063217,1.1558115,1.1389271,0.0,True,1.415258891581316,1.3149378115433574
377,3229,434.27383,1569,5668.6836,2.7166686,4,12.083246,1.20534706889538,0.934861951765967,3509.1700793434834,1.0383292,0.83742088,0.0,True,1.155241708226766,0.9056296302361769
378,1296,411.56357,1569,5981.4844,2.8977885,3,44.363708,1.1423346998102144,0.8241773731059275,2950.3263343482195,1.0305153,0.83029169,0.0,True,1.1087888798671501,0.8260116681741493
379,11,345.23663,1569,7130.6484,2.9025741,3,24.299931,0.958289470134698,0.28006590953580185,885.5144722906863,0.94200015,0.18462361,0.0,True,0.9534026740942887,0.25143321967506127
380,6481,483.16156,1569,5095.1094,1.5358267,4,33.223331,1.3409839419756424,1.028132820448261,4240.679367827038,1.0632924,0.92374802,0.0,True,1.2576764793829496,0.9968173803137828
381,124283,550.61407,1569,4470.9375,2.966526,5,43.815411,1.5281102979626033,1.395466430724888,6458.8861722741385,1.1559697,1.1418663,0.0,True,1.4164681185738224,1.3193863915074215
382,5463,484.71753,1569,5078.7539,3.5363584,4,17.558527,1.3453007152920953,1.0084989060174092,4171.53693874907,1.0611051,0.8631655,0.0,True,1.2600420307044666,0.9648988842121864
383,1721,467.14844,1569,5269.7617,3.9234848,4,21.704716,1.2965574403511262,0.8694250359310148,3481.1071329513334,1.0905962,0.91519463,0.0,True,1.2347690682457884,0.8831559141517105
384,546769,675.77783,1569,3642.8555,2.5401571,4,16.549805,1.8752847282678564,1.6109286206159357,8928.231631938013,1.2004186,1.3283187,0.0,True,1.6728248897874995,1.526145644431155
385,547402,676.13092,1569,3640.9531,2.579556,5,65.220642,1.8762640276354645,1.6111722347868767,8933.6788892117,1.2004229,1.328846,0.0,True,1.673511689344825,1.5264743643508139
386,470,400.79547,1569,6142.1875,3.9849315,4,55.506187,1.1124565869601313,0.705555263294153,2467.689286307886,0.98838168,0.62573272,0.0,True,1.0752341148720919,0.6816085003059071
387,0,376.49115,1569,6538.6953,2.0250359,2,68.049744,1.045017623110054,0.0,260.9637791282714,0.96589255,0.0,0.0,True,1.0212801011770378,0.0
388,157048,566.19611,1569,4347.8945,4.0245132,6,49.631687,1.571335087757439,1.4280398513173587,6774.1511625093235,1.1544276,1.1422044,0.0,True,1.4462628414302072,1.342289215922151
389,10846,525.87903,1569,4681.2305,3.3160119,5,43.410866,1.4594929410143496,1.0993482214893984,4886.329120049621,1.1032254,0.97129178,0.0,True,1.3526126787100448,1.0609312890425788
390,32254,534.41571,1569,4606.4531,3.0218191,5,47.14893,1.4831748761624812,1.2306300503576906,5548.014970131158,1.104377,1.0454873,0.0,True,1.3695355133137368,1.1750872252503834
391,570235,682.24646,1569,3608.3164,4.0863285,6,112.62762,1.893225163282947,1.6179302316815232,9042.36314119365,1.200516,1.3264612,0.0,True,1.685412414298063,1.5304895221770662
392,582342,681.47626,1569,3612.3945,3.9230156,6,104.80331,1.891089048495703,1.620271667924176,9046.472380608457,1.200507,1.3274215,0.0,True,1.683914433946992,1.5324166175469232
393,553399,676.14325,1569,3640.8867,2.8946731,5,35.240704,1.8762982268685715,1.6125044390952459,8941.208906476371,1.200423,1.3284378,0.0,True,1.673535658808,1.527284447366672
394,45406,537.59961,1569,4579.1719,2.9337282,5,42.044437,1.4920072865838327,1.272065559215071,5764.919086443375,1.0884032,1.037627,0.0,True,1.370926060608683,1.2017339914505496
395,153158,575.61908,1569,4276.7188,3.0656853,5,69.524506,1.5974739578336166,1.4278572367083044,6872.453426927092,1.1369518,1.1433774,0.0,True,1.4593173104835317,1.342513285695813
396,485864,667.026,1569,3690.6523,4.3960671,6,104.72993,1.851011495421083,1.5939974025460824,8733.830428406814,1.201031,1.3285969,0.0,True,1.656017346794758,1.5143772517822576
397,557971,671.37555,1569,3666.7422,1.981396,4,93.588699,1.8630749949923169,1.6121177930967252,8883.685489758533,1.2048361,1.334633,0.0,True,1.665603326494622,1.5288723551677075
398,1926,494.54636,1569,4977.8164,4.4781256,5,36.781868,1.372569048106493,0.8884540721151272,3740.8666040675166,1.061435,0.8698895,0.0,True,1.279228833674545,0.8828847004805891
399,139903,567.17859,1569,4340.3633,3.0120573,5,63.136162,1.5740603408040736,1.4145343699716415,6720.339678911405,1.1435604,1.1470726,0.0,True,1.4449103585628515,1.334295838980149
400,74102,597.05457,1569,4123.1758,5.1926684,5,76.843124,1.656933470785197,1.3469150893026536,6694.907105864358,1.1271988,1.1266528,0.0,True,1.4980130695496379,1.2808364025118575
401,1293,406.51996,1569,6055.6953,2.9963772,3,39.856018,1.1283403204339284,0.8227452046344544,2913.2301571541675,0.9755463,0.71346837,0.0,True,1.0825021143037499,0.7899621542441181
402,0,336.91385,1569,7306.7969,3.0039179,3,51.641914,0.9351938423536029,0.0,233.53088521909635,0.92109662,0.0,0.0,True,0.930964675647522,0.0
403,504,497.41299,1569,4949.1289,3.9039354,4,60.824024,1.3805218959040033,0.7316491487615319,3097.1602220149193,1.0386481,0.56953049,0.0,True,1.2779597571328023,0.6830135511330723
404,1658,428.39429,1569,5746.4844,3.0058005,4,67.031502,1.1890337313767612,0.8564266505320441,3176.36068515944,1.0221674,0.87419069,0.0,True,1.1389738319637328,0.8617558623724308
405,58878,544.14832,1569,4524.0625,2.0060902,4,37.301056,1.5101739880730993,1.3047592618330925,5976.520710492765,1.0875105,1.0515168,0.0,True,1.3833749416511696,1.2287865232831647
406,138079,567.1214,1569,4340.8008,3.3512194,5,33.060238,1.5739017677009504,1.4129506877117013,6712.2196307060585,1.1435596,1.1443537,0.0,True,1.4447991173906651,1.3323715913981908
407,64721,546.55981,1569,4504.1016,3.0134974,5,52.442795,1.516863680102797,1.3166905007801961,6054.719563153478,1.0884691,1.0550684,0.0,True,1.388345306071958,1.2382038705461373
408,61330,546.23157,1569,4506.8086,2.0300422,4,14.495302,1.5159529849843485,1.3102005718383445,6021.687967553201,1.0883132,1.0521485,0.0,True,1.387661049489044,1.232784950286841
409,1765,411.66705,1569,5979.9805,2.8345726,3,44.643555,1.142621888502161,0.8596932880128494,3078.050370636356,0.98191816,0.81566489,0.0,True,1.0944107699515127,0.8464847686089946
410,198,358.92636,1569,6858.6797,2.7880127,3,48.007854,0.9962776510165753,0.5992166706645498,1901.7057664998724,0.931633,0.39295891,0.0,True,0.9768842557116028,0.5373393424651848
411,41322,535.1886,1569,4599.8008,3.2814655,5,63.202332,1.485318933382145,1.260214002681101,5688.625984202935,1.0869507,1.026646,0.0,True,1.3658084633675014,1.1901436018767708
412,1073,429.76529,1569,5728.1523,3.9967442,4,150.74858,1.1928377289191952,0.8064952501800445,2999.7943608175487,1.0134376,0.51882118,0.0,True,1.1390176902434366,0.7201930291260312
413,4759,438.56982,1569,5613.1562,2.971318,4,43.429043,1.2172665572318542,0.9808418747385719,3713.9026551640986,1.0143099,0.84249759,0.0,True,1.156379560062298,0.9393385893170003
414,4759,438.56982,1569,5613.1562,2.0103269,4,15.717981,1.2172665572318542,0.9808418747385719,3713.9026551640986,1.0143099,0.86009878,0.0,True,1.156379560062298,0.9446189463170003
415,153983,575.3642,1569,4278.6133,2.9736099,5,73.316574,1.5967669529721598,1.4284241018730466,6872.501249715944,1.1365438,1.1411911,0.0,True,1.4587000070805118,1.3422542013111327
416,4682,438.57227,1569,5613.125,3.0053077,5,41.355305,1.2172733208776478,0.978953476849199,3706.772356659936,1.0143099,0.88231075,0.0,True,1.1563842946143534,0.9499606587944392
417,589,449.05234,1569,5482.125,3.0206981,4,35.50378,1.2463504854271377,0.7410307001438655,2865.7694160656893,1.0090709,0.4841561,0.0,True,1.1751666097989963,0.6639683201007058
418,5332,438.65012,1569,5612.1289,3.0254602,5,56.987896,1.2174892984543162,0.9940288080541703,3764.432473357865,1.0145332,0.90359288,0.0,True,1.1566024689180214,0.9668980296379193
419,41195,535.07367,1569,4600.7891,2.9686081,5,33.554707,1.4850000092103073,1.2598169918000177,5685.7574099897965,1.0868351,1.0250251,0.0,True,1.3655505364472151,1.1893794242600124
420,6483,440.2955,1569,5591.1562,3.0072966,5,44.741356,1.2220545272619243,1.0171059118751091,3864.5823990873296,1.0166215,0.93638659,0.0,True,1.1604246190833472,0.9928901153125764
421,8,401.33173,1569,6133.9805,3.9999781,4,56.879711,1.1139445205037894,0.25191497103251254,924.1004588435113,0.97418904,0.16365796,0.0,True,1.0720178763526524,0.22543786772275876
422,3316,449.07858,1569,5481.8047,3.0494041,5,43.215649,1.246423282706093,0.9415869798803972,3640.7328016577767,1.0090714,0.8721385,0.0,True,1.175217717894265,0.920752435916278
423,4407,437.73608,1569,5623.8477,3.9737158,5,150.56284,1.214953233784324,0.971729045805755,3673.219936058097,1.0130936,0.71794885,0.0,True,1.1543953436490269,0.8955949870640285
424,113483,619.81403,1569,3971.7734,3.9769828,6,44.158154,1.72006331712148,1.4044167631899547,7214.2795040756755,1.1314632,1.1280743,0.0,True,1.5434832819850361,1.3215140242329684
425,39536,535.06409,1569,4600.8711,3.0462999,5,44.598728,1.4849735539831002,1.2549410755093247,5663.6627636318535,1.086835,1.0224956,0.0,True,1.36553198778817,1.1852074328565272
426,847,446.58493,1569,5512.4141,3.976583,4,77.878372,1.2395046385604414,0.7826632919024654,3011.79519963471,1.009513,0.61435765,0.0,True,1.170507146992309,0.7321715993317257
427,150837,575.2644,1569,4279.3555,4.0189199,6,79.332588,1.5964901433420098,1.4259259875551271,6859.434482264509,1.1365422,1.1315621,0.0,True,1.4585057603394067,1.3376168212885888
428,116991,619.63794,1569,3972.9023,4.0628295,6,56.553909,1.7195748071325179,1.4080418660792304,7231.0938245079615,1.131461,1.1293497,0.0,True,1.5431406649927626,1.3244342162554612
429,8937,449.05042,1569,5482.1484,3.0161481,5,35.581795,1.2463451674453416,1.0567106940910642,4085.541103469882,1.0089868,0.94958442,0.0,True,1.1751376572117391,1.024572811863745
430,123305,619.85736,1569,3971.4961,3.0222988,5,59.172981,1.720183355884784,1.4144443539892957,7266.236037211704,1.1316149,1.1306463,0.0,True,1.5436128191193488,1.329304937792507
431,36430,534.59296,1569,4604.9258,4.0430026,6,36.445301,1.4836665821474924,1.2451110339143219,5614.9382680794315,1.0865868,1.020787,0.0,True,1.3645426475032447,1.1778138237400253
432,125125,619.85736,1569,3971.4961,3.0066624,5,43.736172,1.720183355884784,1.4162123042617685,7275.318212580421,1.1316149,1.1318908,0.0,True,1.5436128191193488,1.330915852983238
433,874,424.58337,1569,5798.0625,4.0584297,5,53.202755,1.1784600348518834,0.7817197171016457,2876.7077678734995,1.0107493,0.75559938,0.0,True,1.1281468143963185,0.773883615971152
434,5624,445.85699,1569,5521.4141,2.1199126,4,28.497561,1.2374849562507186,1.0020939878094675,3850.043765744238,1.006592,0.91905266,0.0,True,1.168217069375503,0.9771815894666271
435,1986,427.02618,1569,5764.8945,3.06359,5,51.788334,1.1852378877215635,0.876943017509255,3243.214467414711,1.0136746,0.83491784,0.0,True,1.1337689014050945,0.8643354642564784
436,121911,575.08173,1569,4280.7148,2.9953554,5,34.887989,1.5959834299246596,1.4004123793375727,6734.818344055341,1.1361487,1.129019,0.0,True,1.4580330109472617,1.3189943655363008
437,36285,534.67871,1569,4604.1875,2.9776289,5,27.66325,1.4839043907555005,1.2446619066393212,5613.706640990308,1.0865881,1.0220717,0.0,True,1.3647095035288503,1.177884844647525
438,7789,355.72675,1569,6920.3711,9.3207521,7,65.901543,0.9873989355891511,1.0133373986176102,3187.56940414807,0.91726226,0.94470972,0.0,True,0.9663579329124058,0.992749095032327
439,2507,350.8342,1569,7016.8789,6.8663726,6,31.305807,0.9738224513167056,0.8837847682963514,2746.2036581378266,0.91169095,0.8630392,0.0,True,0.955183000921694,0.8775610978074461
440,45,310.84235,1569,7919.6445,3.49647,4,16.450472,0.8628438016744,0.42647171093685765,1196.7889283624186,0.86030215,0.28255588,0.0,True,0.86208130617208,0.38329696165580035
441,543924,655.14838,1569,3757.5625,2.9534988,4,86.158524,1.8180684204327238,1.6042331336094204,8652.261949730753,1.2155849,1.3151352,0.0,True,1.6373233643029066,1.5175037535265943
442,277402,466.56985,1569,5276.2969,2.9764695,4,82.273994,1.2949521380453421,1.4621893620417246,5847.627337401323,1.0641524,1.0297807,0.0,True,1.2257122166317393,1.3324667634292073
443,385,334.43048,1569,7361.0547,6.5614252,6,28.880756,0.9283024687964225,0.6688670916373287,1992.6788301338026,0.89585567,0.72782522,0.0,True,0.9185684291574958,0.6865545301461301
444,3024,348.99915,1569,7053.7734,2.4641182,4,13.520262,0.968730352918236,0.9044119412071695,2797.227103380197,0.90716028,0.86290818,0.0,True,0.9502593310427652,0.8919608128450186
445,32229,442.117,1569,5568.1211,4.181561,6,29.268663,1.227108303963643,1.2035049087191843,4589.47686861232,1.0033704,1.0491734,0.0,True,1.15998693277455,1.157205456103429
446,542168,654.47278,1569,3761.4414,1.3744825,3,107.91854,1.8161945755002593,1.6036395151785798,8641.223287050798,1.1651819,1.2235519,0.0,True,1.6208907728501813,1.4896132306250058
447,0,367.6362,1569,6696.1875,1.6811897,2,14.062977,1.0204464798713238,0.0,254.82599550177213,0.93135643,0.0,0.0,True,0.9937194649099266,0.0
448,40115,431.51587,1569,5704.9141,3.9274895,6,122.8895,1.1976948901146247,1.2254346552182414,4573.87639749165,1.118795,1.2409632,0.0,True,1.1740249230802373,1.2300932186527689
449,31584,540.8667,1569,4551.5117,3.0216012,5,195.61313,1.501070449844919,1.229889964108398,5603.6328209628155,1.0878894,1.0539223,0.0,True,1.3771161348914434,1.1770996648758785
450,13817,412.70605,1569,5964.9258,3.2299547,4,73.244095,1.145504751524328,1.0965674856654635,3934.6568304544994,0.98065716,0.9749887,0.0,True,1.0960504740670296,1.0600938499658246
451,70503,540.83374,1569,4551.7891,3.0022645,5,49.116592,1.5009790101814557,1.3252031713175916,6037.564416021902,1.0880051,1.0531061,0.0,True,1.377086837127019,1.243574049922314
452,9832,431.88376,1569,5700.0547,2.585979,5,42.097282,1.1987155885917935,1.0629850183337293,3970.566988538038,1.1187785,1.2409623,0.0,True,1.1747344620142555,1.1163782028336104
453,0,336.03717,1569,7325.8594,2.0070395,2,179.82742,0.9327610537796484,0.0,232.92321694884302,,,,False,0.9327610537796484,0.0
454,5490,428.42487,1569,5746.0742,2.5305958,4,70.479103,1.1891185844283467,0.9946945203664702,3689.187020092722,1.1188487,1.2390783,0.0,True,1.1680376190998427,1.0680096542565292
455,2774,475.90845,1569,5172.7617,4.0443048,5,157.20598,1.3208611820507796,0.9271100806808142,3773.366890537562,1.0353463,0.9501155,0.0,True,1.2352067174355457,0.93401170647657
456,5735,427.98029,1569,5752.043,2.0784211,4,121.32888,1.1878850846080056,0.999617177754017,3704.0374655961036,1.1189437,1.2393138,0.0,True,1.167202669225604,1.071526164427812
457,5608,343.93152,1569,7157.707,1.9851751,4,45.326855,0.9546678175368212,0.9724846492729777,2968.9221231749807,1.0091593,0.87184995,0.0,True,0.9710152622757748,0.9422942394910845
458,237802,670.84808,1569,3669.625,1.9768777,4,90.122086,1.8616121896689073,1.5080652562999557,8304.563949953354,1.16333,1.2111049,0.0,True,1.652127532768235,1.418977149409969
459,46313,446.78122,1569,5509.9922,1.5575665,4,38.906803,1.2400492612985015,1.2470540523872509,4799.869457348839,1.0081089,0.99807501,0.0,True,1.1704671529089512,1.1723603396710756
460,683,383.57812,1569,6417.8867,2.8787351,4,48.828941,1.0646826299743113,0.7445792151706709,2504.5422026732085,0.94560534,0.80735475,0.0,True,1.028959442982018,0.7634118756194697
461,206298,646.71832,1569,3806.543,2.1906416,4,72.832664,1.7946868017226276,1.4841345395069985,7913.948151710004,1.1529505,1.1982446,0.0,True,1.6021659112058393,1.3983675576548988
462,88705,540.83374,1569,4551.7891,4.4261017,5,200.5123,1.5009790101814557,1.3524657390357144,6161.769683017995,1.0880051,1.0829073,0.0,True,1.377086837127019,1.271598207325
463,48245,458.21317,1569,5372.5234,4.4523582,5,40.78508,1.2717670660607974,1.2554780326250627,4941.41157356701,1.020022,1.0164902,0.0,True,1.1962435462425582,1.183781682837544
464,187229,642.24719,1569,3833.043,2.6141455,5,45.669315,1.7822855847752168,1.4711347303104487,7796.944101453593,1.1509664,1.192956,0.0,True,1.5928898293426519,1.387681111217314
465,15158,455.54849,1569,5403.9492,3.0263484,4,45.546169,1.2643740447825706,1.119936776311162,4385.299117659258,1.0233006,0.97550917,0.0,True,1.1920520113477995,1.0766084944178134
466,44282,635.63599,1569,3872.9102,3.3988473,5,102.74854,1.7639484537972265,1.294802998534994,6800.274547162104,1.1479807,1.1598023,0.0,True,1.5791581276580584,1.2543027889744958
467,4035,455.02585,1569,5410.1562,2.0251009,4,45.22403,1.2629239813686644,0.9658494469053137,3778.196629184662,1.0228622,0.89508289,0.0,True,1.190905446958065,0.9446194798337195
468,37039,478.65628,1569,5143.0664,3.3623538,4,27.700645,1.3284846733743032,1.2309581778957743,5035.3590896895,1.0357838,1.0626152,0.0,True,1.2406744113620123,1.180455284527042
469,278541,670.92096,1569,3669.2266,1.6472358,4,37.259312,1.8618142110577163,1.527348782688252,8411.555953088247,1.1633307,1.2222488,0.0,True,1.6522691577404014,1.4358187878817763
470,9050,527.6062,1569,4665.9062,4.3810854,4,20.610624,1.4642843200004965,1.078349566417585,4806.88344175735,1.0914934,0.92010468,0.0,True,1.3524470440003475,1.0308761004923095
471,7425,467.418,1569,5266.7227,0.87028348,2,53.056469,1.297305294866458,1.0400257058556068,4166.039276047807,1.0679045,0.91293228,0.0,True,1.2284850564065206,1.0018976780989248
472,6130,439.54285,1569,5600.7305,1.5060488,3,498.13776,1.2199662032455607,1.0104186508314252,3833.3746141632378,1.0910919,0.92182183,0.0,True,1.1813039122718925,0.9838396045819977
473,16337,510.48187,1569,4822.4258,3.9546721,4,267.03381,1.4167783150262363,1.1437920794853709,4952.342955515907,1.0814514,0.9183386,0.0,True,1.3161802405183654,1.0761560356397597
474,13835,502.73807,1569,4896.707,0.95366681,2,258.19223,1.3952950964189328,1.1221733496457762,4793.658496541822,1.075145,0.88873589,0.0,True,1.299250067493253,1.0521421117520433
475,11432,406.70044,1569,6053.0078,1.8756169,3,83.870438,1.1288411314504172,1.0729667305005366,3800.3498948093143,0.99804598,0.85564834,0.0,True,1.089602586015292,1.0077712133503756
476,13312,413.84839,1569,5948.4609,3.4534645,6,140.56133,1.1486743582993886,1.0926323749774929,3930.1407811657427,1.0741851,0.97478843,0.0,True,1.126327580809572,1.057279191484245
477,0,325.36212,1569,7566.2188,2.0358057,3,38.105301,0.9031374536757714,0.0,225.5238361390066,0.91783321,0.0,0.0,True,0.9075461805730399,0.0
478,0,404.85614,1569,6080.582,2.0227485,3,25.303642,1.1237237501924513,0.0,280.6248919733825,1.0090708,0.0,0.0,True,1.0893278651347158,0.0
479,11251,407.73111,1569,6037.707,4.0310273,6,40.263332,1.1317009013670865,1.0714455650693318,3803.4748250124794,1.0120637,0.94979841,0.0,True,1.0958097409569605,1.0349514185485322
480,14609,409.21851,1569,6015.7617,4.0552893,6,45.370247,1.1358279368046598,1.1019029868385335,3924.2131571959662,1.0151172,0.97417551,0.0,True,1.0996147157632619,1.0635847437869734
481,5352,329.14749,1569,7479.2031,3.0052056,5,41.417332,0.9136420659256133,0.9624596948522722,2825.9284347519774,0.92159462,0.88822502,0.0,True,0.9160278321479293,0.9401892923965907
482,5991,365.49725,1569,6735.375,3.9888234,5,147.88254,1.014511119819381,0.9866833911559895,3179.2220544121155,0.93232697,0.87831002,0.0,True,0.9898558748735666,0.9541713798091926
483,5683,454.02307,1569,5422.1055,4.028707,5,45.946068,1.260141760866027,1.0054214429891077,3925.2956820862155,1.0222406,0.92263132,0.0,True,1.1887714126062188,0.9805844060923754
484,33661,635.63599,1569,3872.9102,3.0412197,5,91.079483,1.7639484537972265,1.2616132783320602,6625.967822939345,1.1479807,1.1544948,0.0,True,1.5791581276580584,1.2294777348324422
485,0,453.99823,1569,5422.4023,1.0209019,2,57.909473,1.2600728113202633,0.0,314.6875931037056,1.021987,0.0,0.0,True,1.1886470679241843,0.0
486,0,353.31342,1569,6967.6406,4.0233474,4,148.51833,0.9807021980291354,0.0,244.8982009269918,0.9218207,0.0,0.0,True,0.9630377486203947,0.0
487,3778,365.24222,1569,6740.0781,3.0436306,5,43.850086,1.0138034229969988,0.9343195058610106,3008.675222577264,0.93234295,0.85961652,0.0,True,0.9893652810978991,0.9119086101027075
488,2858,451.50735,1569,5452.3164,3.0396352,5,43.219398,1.2531619646951728,0.9249078647320802,3593.3559676122177,1.0200585,0.87068915,0.0,True,1.1832309252866209,0.908642250312456
489,10260,466.91724,1569,5272.3711,4.1067743,6,45.626675,1.2959159919356265,1.077624135318399,4312.542427548505,1.0308443,0.98466116,0.0,True,1.2163944843549386,1.0497352427228794
490,1825,365.07654,1569,6743.1367,2.9710913,5,43.735649,1.0133437111649792,0.8517769152688515,2741.8820014327575,0.93272567,0.8775534,0.0,True,0.9891582988154854,0.8595098606881961
491,5282,459.50513,1569,5357.418,3.059288,5,46.093456,1.2753515131480886,0.9983057898615187,3939.0795434729525,1.0246544,0.91368091,0.0,True,1.2001423792036618,0.9729183259030632
492,0,343.93451,1569,7157.6445,0.97003865,2,35.072319,0.9546761512939785,0.0,238.3972359037663,,,,False,0.9546761512939785,0.0
493,19523,632.79199,1569,3890.3164,3.9641619,5,167.33992,1.756060184596787,1.1950380908913123,6251.637442392844,1.1467646,1.1507512,0.0,True,1.5732715092177507,1.1817520236239187
494,11200,343.927,1569,7157.8008,2.9876828,4,41.744114,0.9546553105071166,1.0504013334306115,3206.7229379170712,1.009159,0.93192816,0.0,True,0.9710064173549815,1.014859381401428
495,15224,430.38779,1569,5719.8672,2.455585,4,36.496861,1.1945649238229614,1.1130886968902631,4144.96141423438,1.1210629,1.2403917,0.0,True,1.172514316676073,1.1512795978231842
496,0,280.58691,1569,8773.6133,1.9974802,2,56.806957,0.7788791076166838,0.0,194.48802556852712,,,,False,0.7788791076166838,0.0
497,9,363.1759,1569,6778.4258,3.3541136,4,137.04407,1.008069707936794,0.26100658135647725,870.8577738042939,0.92806184,0.17088822,0.0,True,0.9840673475557558,0.23397107294953406
498,0,307.43567,1569,8007.4023,1.9938552,2,50.056808,0.8533897536765137,0.0,213.09816786405776,0.86322731,0.0,0.0,True,0.8563410205735595,0.0
499,1235,355.62274,1569,6922.3945,2.6983423,3,114.77294,0.9871104045116293,0.8051199428859971,2532.191937727797,0.92326629,0.79333442,0.0,True,0.9679571701581406,0.801584286020198
500,0,279.81003,1569,8797.9727,2.0000379,2,123.5844,0.7767230750492102,0.0,193.9495333868937,,,,False,0.7767230750492102,0.0
501,0,296.15463,1569,8312.418,2.0124519,2,145.37234,0.8220830196284457,0.0,205.2787467942738,0.84749955,0.0,0.0,True,0.829707978739912,0.0
502,0,449.99307,1569,5470.6641,1.0162258,2,119.34849,1.2489606032815173,0.0,311.9114277420141,1.0187534,0.0,0.0,True,1.1798984422970622,0.0
503,0,458.98273,1569,5363.5156,0.99827904,2,100.49673,1.2739021494771354,0.0,318.14258522520663,1.0242151,0.0,0.0,True,1.1989960346339947,0.0
504,42,388.63879,1569,6334.3164,3.9152608,4,95.785637,1.0787248338629527,0.42964468807532946,1470.6828804565357,1.0001525,0.78127772,0.0,True,1.055153133704067,0.5351345976527306
505,5068,399.12729,1569,6167.8594,1.3217671,4,12.83321,1.1078278146651286,0.97746291025277,3404.9932657596405,0.99966723,0.83723319,0.0,True,1.07537963926559,0.9353939941769389
506,5545,439.52628,1569,5600.9414,1.0605752,4,273.73386,1.2199202825667785,0.998795857613795,3789.1615627733026,1.0915009,0.95294809,0.0,True,1.181394467796745,0.9850415273296564
507,1834,392.43832,1569,6272.9883,2.6072578,3,56.240612,1.0892676653904043,0.8593757878945584,2949.3091977351705,0.98277986,0.7118578,0.0,True,1.057321323773283,0.8151203915261909
508,1392,395.19479,1569,6229.2344,2.0894277,3,230.23592,1.0969161833958776,0.8285233870099417,2861.183640041049,1.0483867,0.84209174,0.0,True,1.0823573383771143,0.8325938929069592
509,3258,382.51556,1569,6435.7148,2.0769141,3,56.226254,1.0617341818082873,0.9223600894857313,3094.352918790289,1.0517881,0.61990249,0.0,True,1.058750357265801,0.8316228096400119
510,4171,388.82343,1569,6331.3086,2.0311513,4,183.47162,1.079237139319739,0.9522963528370174,3241.3839404829555,1.0724211,0.85298967,0.0,True,1.0771923275238173,0.9225043479859122
511,2379,437.01697,1569,5633.1016,3.9023967,5,36.140713,1.2129580513496157,0.9001855582366708,3397.927491345874,1.0918528,0.94654375,0.0,True,1.176626475944731,0.9140930157656695
512,2025,324.55933,1569,7584.9336,4.3821459,5,78.527794,0.9009096713187396,0.8521995298383384,2471.296048663323,0.9620083,0.79645008,0.0,True,0.9192392599231177,0.8354746948868368
513,0,551.12543,1569,4466.7891,0.53183991,2,146.26529,1.5295288506439255,0.0,382.0110379393875,,,,False,1.5295288506439255,0.0
514,0,532.53351,1569,4622.7344,0.001821141,1,78.122597,1.4779533838512113,0.0,369.1241010101914,,,,False,1.4779533838512113,0.0
515,76345,597.3183,1569,4121.3555,2.6387043,5,38.782867,1.6576649420340066,1.3505685645435526,6715.675939145598,1.1272024,1.127798,0.0,True,1.4985261794238047,1.283737395180487
516,2150,428.39487,1569,5746.4766,2.9675012,4,37.609917,1.1890353447543132,0.8864281612219003,3287.5677430725837,1.0221674,0.77808356,0.0,True,1.1389749613280191,0.8539247808553302
517,177,480.37546,1569,5124.6602,2.0991695,3,66.610573,1.3332543194286801,0.6065954157408862,2491.892842678223,1.0501938,0.76250631,0.0,True,1.248336163600076,0.6533686840186204
518,262,415.16138,1569,5929.6484,2.9563708,3,91.212952,1.1523174326875312,0.6413454289076305,2314.918724471987,1.0198007,0.42654184,0.0,True,1.112562412881272,0.5769043522353413
519,56312,542.54669,1569,4537.418,3.083271,5,41.904678,1.5057308791332065,1.2990112582550688,5934.754637533907,1.0874488,1.0516572,0.0,True,1.3802462553932444,1.224805040778548
520,100442,617.5014,1569,3986.6484,4.2714996,6,103.58788,1.7136486274130107,1.3890615071127694,7111.9832302994855,1.1303369,1.1264914,0.0,True,1.5386551091891076,1.3102904749789386
521,127884,558.60095,1569,4407.0117,2.7847283,5,47.89996,1.550266209521082,1.4012632859355272,6568.529650413725,1.1405934,1.146794,0.0,True,1.4273643666647573,1.324922500154869
522,53747,543.2215,1569,4531.7812,2.9159679,5,186.68253,1.5076029376744298,1.2936659172953502,5916.812221048531,1.0874633,1.0534517,0.0,True,1.3815610463721009,1.2216016521067452
523,126038,556.31989,1569,4425.082,2.0199893,4,209.21408,1.5439383900937687,1.3988489524294063,6533.618056896066,1.1396698,1.1458771,0.0,True,1.4226578130656382,1.3229573967005845
524,0,410.17386,1569,6001.75,1.3102731,2,31.460138,1.1384787600904605,0.0,284.3108545983897,1.0717596,0.0,0.0,True,1.1184630120633223,0.0
525,2635,404.0463,1569,6092.7695,3.5684142,4,23.322792,1.1214766786329002,0.9038096735142154,3182.833186776456,1.0155306,0.82533354,0.0,True,1.08969285504303,0.8802668334599508
526,34630,511.59662,1569,4811.918,2.9954438,5,48.398544,1.4198708527841775,1.2326830828540218,5347.480752311866,1.0529066,1.0296726,0.0,True,1.3097815769489243,1.1717799379978153
527,151898,563.05371,1569,4372.1602,3.0308671,5,97.401268,1.56261808972911,1.4231154932244494,6717.78125148437,1.2108465,1.3246479,0.0,True,1.457086612810377,1.3935752152571146
528,8146,447.68002,1569,5498.9297,3.0252528,4,48.907501,1.2425430297524258,1.0455773276308273,4031.5948554731244,1.0105743,0.92354614,0.0,True,1.172952410826698,1.0089679713415791
529,171639,619.75677,1569,3972.1406,3.0207191,5,119.90376,1.7199043878551004,1.45432227444335,7470.027736250831,1.1322354,1.1409665,0.0,True,1.54360369149857,1.360315542110345
530,22240,510.82449,1569,4819.1914,3.0202556,5,42.125893,1.417728791247139,1.1802513723918626,5113.219141526681,1.0528126,1.0068614,0.0,True,1.3082539338729973,1.1282343806743038
531,170498,619.75677,1569,3972.1406,3.0010681,5,46.784996,1.7199043878551004,1.4535174992161437,7465.89408903481,1.1322354,1.1409868,0.0,True,1.54360369149857,1.3597582894513007
532,2687,445.78223,1569,5522.3398,4.0637045,5,42.778458,1.2372775939476246,0.9163816918827938,3520.308683413518,1.0099913,0.78706908,0.0,True,1.1690917057633372,0.8775879083179557
533,180940,619.31036,1569,3975.0039,3.0407469,5,73.671814,1.7186661184549257,1.4605627710922031,7497.328991663822,1.1316884,1.1422739,0.0,True,1.542572802918448,1.365076109764542
534,0,423.02246,1569,5819.457,3.9947104,4,166.51701,1.1741290635476826,0.0,293.21682546253226,1.0720733,0.0,0.0,True,1.1435123344833777,0.0
535,140573,563.01801,1569,4372.4375,2.9993396,5,40.712166,1.5625190337941968,1.413862847137652,6673.731973340067,1.2109817,1.3256663,0.0,True,1.4570578336559377,1.3874038829963564
536,158615,619.66779,1569,3972.7109,4.0124249,6,150.75403,1.7196576123041054,1.4447756892801122,7420.0556527545195,1.1316115,1.1343426,0.0,True,1.5432437786128739,1.3516457624960785
537,251,399.84546,1569,6156.7812,3.9115016,4,49.456249,1.1098205365524434,0.6336876025512308,2212.50066547942,0.97297359,0.63273931,0.0,True,1.0687664525867104,0.6334031147858615
538,5093,427.89194,1569,5753.2305,2.9997425,4,50.674072,1.1876399834712272,0.9858837007587635,3652.4919949660934,1.0147415,0.9237963,0.0,True,1.135770438429859,0.9672574805311345
539,0,336.49991,1569,7315.7852,2.0125351,2,97.305672,0.9340451610814022,0.0,233.24396387517533,0.91551763,0.0,0.0,True,0.9284869017569816,0.0
540,115224,574.18787,1569,4287.3789,2.0165172,4,70.004654,1.5935038650684608,1.3934075101871801,6691.959058858423,1.1353341,1.1192036,0.0,True,1.4560529355479224,1.3111463371310261
541,20061,510.35992,1569,4823.5781,2.9696455,5,15.57016,1.4164400024720567,1.1679683680450121,5055.948222062899,1.0524646,0.9966231,0.0,True,1.3072473817304395,1.1165647876315086
542,8358,424.44156,1569,5800.0,2.9920175,4,108.66998,1.1780665039457259,1.042113811435776,3833.2224341014444,1.0697935,0.95112795,0.0,True,1.1455846027620082,1.0148180530050432
543,7139,352.47519,1569,6984.2109,2.9660969,4,43.598515,0.9783761117050019,1.0024437089427691,3127.7267015790617,0.9644596,0.92797482,0.0,True,0.9742011581935014,0.9801030422599384
544,9988,446.68115,1569,5511.2266,3.9868593,5,41.65424,1.239771616841053,1.0689665817705147,4113.638524606169,1.0723587,0.81300157,0.0,True,1.1895477417887372,0.9921770782393603
545,13144,510.26324,1569,4824.4922,4.0468559,6,49.445896,1.416171739776789,1.1180976901115727,4839.271667178191,1.0524631,0.98362881,0.0,True,1.3070591478437523,1.0777570260781009
546,7401,446.67609,1569,5511.2891,4.0196004,6,108.87337,1.2397575624853596,1.034173435039549,3979.7234276045274,1.0723587,0.88315678,0.0,True,1.1895379037397518,0.9888684385276842
547,6541,352.18857,1569,6989.8945,3.0137358,5,43.774303,0.9775808053014962,0.9924709963487548,3094.381975818565,0.96409023,0.90838772,0.0,True,0.9735336327110473,0.9672460134441283
548,105506,573.75244,1569,4290.6328,2.0131674,4,87.071167,1.5922959578310778,1.3827479751302325,6636.331728373777,1.1349303,1.116774,0.0,True,1.4550862604817545,1.3029557825911628
549,34489,534.68372,1569,4604.1445,1.9981427,4,237.15166,1.4839182435316784,1.2386454560104803,5586.618092254636,1.0865883,1.0211539,0.0,True,1.364719260472175,1.173397989207336
550,10365,509.78568,1569,4829.0117,4.0044785,6,42.619907,1.4148468851551532,1.0899760348612881,4713.673626498088,1.0522299,0.96921897,0.0,True,1.306061789608607,1.0537489154029016
551,1832,424.60083,1569,5797.8242,3.998584,5,108.29759,1.178508454772319,0.8670576304650809,3190.5587624172094,1.0732249,1.0054257,0.0,True,1.1469233883406234,0.9085680513255567
552,7080,352.30298,1569,6987.625,2.9976602,5,42.978069,0.9778982214200478,1.0014510509519519,3123.2757068189576,0.96476817,1.0082165,0.0,True,0.9739592059940334,1.0034806856663663
553,3538,444.81723,1569,5534.3203,4.005208,5,42.065166,1.2346001469411192,0.9480621106287862,3634.99391785262,1.0692279,0.72423273,0.0,True,1.1849884728587834,0.8809132964401503
554,6913,508.67676,1569,4839.5391,4.0028353,6,43.008327,1.4117704545426684,1.0419682957376515,4497.439246515896,1.0514212,0.93830019,0.0,True,1.303665678179868,1.010867864016356
555,2921,444.82068,1569,5534.2773,4.0158987,6,108.33053,1.2346097360211892,0.9258364710823871,3549.831726285505,1.0692281,0.86093479,0.0,True,1.1849952452148322,0.906365966757671
556,5809,352.3063,1569,6987.5586,3.0067065,5,45.004375,0.9779075113402872,0.9791037846304262,3053.6176568161577,0.96476829,0.99810219,0.0,True,0.9739657449382011,0.9848033062412984
557,2585,435.07343,1569,5658.2656,2.1019366,4,237.83553,1.207565570049063,0.9093277777071614,3418.9176008555205,0.99690384,0.86620772,0.0,True,1.1443670510343442,0.8963917603950131
558,6051,413.96664,1569,5946.7617,2.7926068,4,55.179794,1.149002464814333,1.0019603519637061,3604.9495393010475,1.017071,0.91411519,0.0,True,1.1094230253700332,0.9756068033745944
559,2839,327.3717,1569,7519.7734,3.0599079,3,18.804327,0.9087141412546543,0.8908621289352142,2603.2307473269548,0.91658926,0.86377704,0.0,True,0.9110766768782581,0.8827366022546499
560,0,281.53741,1569,8743.9922,0.78060722,1,19.617426,0.7815170308399202,0.0,195.14686196364937,0.85125804,0.0,0.0,True,0.8024393335879441,0.0
561,12915,414.32751,1569,5941.582,2.4940755,4,13.52822,1.150003794999901,1.0892940860826918,3922.148322390406,1.0173043,0.94619638,0.0,True,1.1101939464999306,1.0463647742578843
562,5725,413.21912,1569,5957.5195,3.2933249,5,65.027168,1.146928348148387,0.9953823953606245,3575.5631911899304,1.0736991,0.92163575,0.0,True,1.124959573703871,0.9732584017524372
563,4319,405.65201,1569,6068.6523,5.551477,5,106.65524,1.1259320280776255,0.960927529646957,3395.811198637482,1.0253134,0.74646461,0.0,True,1.095746439654338,0.8965886537528699
564,110108,556.31989,1569,4425.082,2.0331085,4,71.410316,1.5439383900937687,1.3827549700852748,6458.448418910414,1.1396698,1.1418022,0.0,True,1.4226578130656382,1.3104691390596923
565,5031,407.255,1569,6044.7656,2.9633861,3,54.772373,1.1303798275053198,0.9788834290837606,3471.3485649922063,0.97464806,0.85695171,0.0,True,1.083660297253724,0.9423039133586324
566,3416,341.67545,1569,7204.9688,1.9696954,3,178.38419,0.9484073048704057,0.9159710623932236,2780.1485134112277,0.92213982,0.82341081,0.0,True,0.940527059409284,0.8882029866752565
567,142,410.47763,1569,5997.3086,4.6580181,5,42.564926,1.139321597140894,0.5704703576533863,2039.9971847524366,1.0162584,0.70932925,0.0,True,1.1024026379986258,0.6121280253573704
568,6132,414.2265,1569,5943.0312,3.0437684,4,47.415218,1.1497234624930315,1.0035625256057012,3612.718813626186,1.0183927,0.88493109,0.0,True,1.110324233745122,0.9679730949239909
569,55526,551.00592,1569,4467.7578,2.9937081,5,83.004402,1.5291973663300282,1.2997284459850138,6019.542788922348,1.1152332,1.0909586,0.0,True,1.4050081164310197,1.2370974921895095
570,5332,424.54907,1569,5798.5312,4.0104685,5,168.26784,1.1783648118112184,0.9902828127469564,3643.419282871463,1.0736916,1.0270308,0.0,True,1.1469628482678529,1.0013072089228694
571,126700,560.26508,1569,4393.9219,2.0161798,4,28.6959,1.5548824595571413,1.4006510276082071,6582.886746995006,1.2119499,1.3258756,0.0,True,1.4520026916899988,1.378218399325745
572,4722,434.40225,1569,5667.0078,3.9956892,5,125.01477,1.205703378268963,0.9788560165366236,3675.2216513517633,1.0754167,0.87550849,0.0,True,1.1666173747882742,0.9478517585756365
573,2235,444.00616,1569,5544.4297,3.0118711,5,118.72247,1.2323498584851986,0.8946019412931965,3424.5710983099407,1.0703425,0.90945888,0.0,True,1.183747650939639,0.8990590229052375
574,126564,559.93158,1569,4396.5391,1.987998,4,42.761131,1.5539572800189732,1.4004236608565923,6578.366912841107,1.2121441,1.3275741,0.0,True,1.4514133260132813,1.3785687925996146
575,53276,550.05707,1569,4475.4648,3.0570636,5,52.167225,1.5265651794500097,1.29454192066404,5986.4244305539305,1.114835,1.0890784,0.0,True,1.4030461256150066,1.2329028644648279
576,1631,444.8078,1569,5534.4375,3.0287848,4,49.619747,1.2345740118791375,0.8582567706590625,3290.765542311188,1.0730762,0.95021868,0.0,True,1.1861246683153963,0.8858453434613437
577,1,348.59299,1569,7061.9922,2.9926274,3,43.161022,0.9676032563984289,0.07820765417212548,382.9685425575595,0.96223754,0.051580913,0.0,True,0.9659935414789003,0.07021963182048784
578,0,386.65042,1569,6366.8906,2.0257483,3,120.15503,1.0732076094843115,0.0,268.00564848531866,0.9449923,0.0,0.0,True,1.034743016639018,0.0
579,124337,559.90918,1569,4396.7148,2.5872328,5,50.296852,1.5538952095491851,1.3983009231755064,6568.164123525388,1.2121439,1.3278632,0.0,True,1.4513698166844295,1.3771696062228544
580,100801,573.76599,1569,4290.5312,2.0125651,4,89.302742,1.5923336459134185,1.3772982296119107,6610.314018066743,1.1349305,1.1144841,0.0,True,1.455112702139393,1.2984539907283374
581,3524,508.57822,1569,4840.4766,4.0103078,5,45.024055,1.411497136794239,0.9625529992727008,4154.02589071662,1.0514196,0.89697784,0.0,True,1.3034738757559672,0.9428804514908906
582,169,387.34769,1569,6355.4297,2.9987354,4,108.45404,1.0751423418638986,0.5864432658748414,1991.6115013684898,0.94573969,0.37992233,0.0,True,1.036321546304729,0.524486985112389
583,4692,352.30869,1569,6987.5117,3.0218539,5,43.727249,0.9779140731523637,0.9549855614325194,2978.4318902204554,0.96476835,0.98641312,0.0,True,0.9739703562066546,0.9644138290027637
584,0,338.82794,1569,7265.5195,0.99058264,2,86.893173,0.9405054717628348,0.0,234.85763130593432,0.91411084,0.0,0.0,True,0.9325870822339843,0.0
585,9008,422.51678,1569,5826.4219,3.9683018,5,42.156525,1.1727259922438185,1.0502044346470405,3847.4759733255905,1.0106748,0.90262526,0.0,True,1.1241106345706728,1.0059306822529284
586,0,421.13019,1569,5845.6055,2.0580869,3,57.247646,1.16887875830425,0.0,291.9052038471741,1.0093843,0.0,0.0,True,1.1210304208129749,0.0
587,94148,573.82349,1569,4290.1016,1.9920436,4,49.139507,1.5924930239053758,1.369151945853413,6571.79645627825,1.1349314,1.106734,0.0,True,1.455224536733763,1.2904265620973892
588,6219,351.4444,1569,7004.6953,3.0515962,5,50.056702,0.9755157835810416,0.9865339194811956,3070.107905358514,0.96110857,0.97697961,0.0,True,0.9711936195067292,0.9836676266368369
589,2878,421.29883,1569,5843.2656,3.9991169,4,50.418331,1.1693466685060645,0.9183310867375813,3355.875030271345,1.0112467,0.87114602,0.0,True,1.1219166779542453,0.9041755667163069
590,100988,554.03198,1569,4443.3555,1.996103,4,47.833355,1.537591730491094,1.3717840827036258,6383.986835086871,1.1386921,1.1380506,0.0,True,1.417921841343766,1.3016640378925382
591,28,399.64413,1569,6159.8828,4.0074868,4,51.254753,1.1092619054508959,0.385878992863865,1359.26856855265,0.97326428,0.25079176,0.0,True,1.0684626178156271,0.3453528230047055
592,45415,543.18262,1569,4532.1055,2.0414369,4,311.34302,1.5074951070047007,1.2736490007688597,5824.8958289198445,1.0874627,1.0450357,0.0,True,1.3814853849032904,1.2050650105382017
593,2049,329.08081,1569,7480.7188,4.022419,5,141.31343,0.9134569985301468,0.8548408495015919,2509.5974911534927,0.9199512,0.79127067,0.0,True,0.9154052589711028,0.8357697956511143
594,699,413.75601,1569,5949.7891,3.9687562,4,50.54541,1.1484180203719083,0.7537241612457123,2711.139518832963,1.0176314,0.83788276,0.0,True,1.1091820342603358,0.7789717408719986
595,97946,551.93823,1569,4460.2109,2.0287035,4,93.292564,1.5317836850546669,1.3675269359608595,6342.980113829867,1.1380322,1.1376153,0.0,True,1.4136582395382669,1.2985534451726017
596,2176,341.59268,1569,7206.7148,3.0045314,5,129.64778,0.9481775941382925,0.8651968121651212,2625.536780165115,0.92228711,0.81029212,0.0,True,0.9404104488968048,0.8487254045155849
597,16184,411.73645,1569,5978.9727,4.0354314,5,48.264668,1.1428144214557443,1.114452232656772,3990.5093026639897,1.0163662,0.97868901,0.0,True,1.104879955019021,1.0737232658597404
598,83089,551.94934,1569,4460.1211,1.9994247,4,36.224838,1.5318145121370867,1.3479550176204866,6252.31194193444,1.1380323,1.1373677,0.0,True,1.4136798484959607,1.2847788223343406
599,537,422.97476,1569,5820.1133,3.9914453,5,52.067474,1.1739967093895445,0.7252774723563208,2660.3909340734963,1.0178643,0.83140987,0.0,True,1.1271569865726812,0.7571171916494246
600,0,289.04895,1569,8516.7617,1.9728556,2,52.968262,0.8023633124862622,0.0,200.3534647363126,0.87422293,0.0,0.0,True,0.8239211977403835,0.0
601,88137,573.83185,1569,4290.0391,1.9902501,4,47.475662,1.5925162135389452,1.3612670799889257,6534.0341368091185,1.1349316,1.0975026,0.0,True,1.4552408294772619,1.2821377359922481
602,1936,349.62668,1569,7041.1133,3.0432398,5,48.35593,0.9704716600105101,0.8542822197526839,2646.4683145473914,0.95879424,0.93988645,0.0,True,0.9669684340073571,0.8799634888268788
603,15133,423.65207,1569,5810.8086,3.9986198,5,47.302658,1.1758759536471064,1.1103725153325752,4077.5517093337658,1.0125302,0.95987439,0.0,True,1.1268722275529746,1.0652230777328027
604,0,423.68909,1569,5810.3008,2.0096047,3,50.845005,1.17597868573717,0.0,293.6788981675089,1.0125309,0.0,0.0,True,1.1269443500160188,0.0
605,11384,352.16437,1569,6990.375,2.9897399,5,47.880066,0.9775136281868609,1.0550490139670679,3289.264451728371,0.96019655,0.96988064,0.0,True,0.9723185047308027,1.0294985017769474
606,0,289.32962,1569,8508.5,1.983292,2,49.266678,0.8031422191285003,0.0,200.54801035548033,0.8731491,0.0,0.0,True,0.8241442833899502,0.0
607,5700,350.93674,1569,7014.8281,2.0370314,4,32.965118,0.9741070692458751,0.9765348600957523,3035.1017579031222,0.95865512,0.91820085,0.0,True,0.9694714844721125,0.9590346570670266
608,0,287.47174,1569,8563.4883,2.0159371,2,49.040974,0.7979862462590838,0.0,199.26022607166166,0.87028605,0.0,0.0,True,0.8196761873813586,0.0
609,0,349.71494,1569,7039.3359,1.042769,2,27.453445,0.9707166300492924,0.0,242.40392466069045,0.95711857,0.0,0.0,True,0.9666372120345046,0.0
610,2382,422.95715,1569,5820.3555,4.0048089,5,53.20063,1.173947873140536,0.8969372111730136,3289.141092396399,1.017864,0.81880426,0.0,True,1.1271227111983753,0.8734973258211095
611,409,435.07794,1569,5658.207,3.0328655,4,491.09805,1.2075780719491533,0.6962022879731455,2618.557137461,0.99690396,0.63529092,0.0,True,1.1443758383644074,0.6779288775812018
612,31261,534.28253,1569,4607.6016,3.0355177,5,491.33606,1.4828053374272305,1.2268870524782398,5529.92600300609,1.0865259,1.0189067,0.0,True,1.3639215061990613,1.1644929467347678
613,81339,551.6059,1569,4462.8984,2.0028486,4,233.58553,1.530861677814013,1.345322413584756,6236.6799669527745,1.1379305,1.1374048,0.0,True,1.412982324469809,1.282947129509329
614,1809,408.34085,1569,6028.6914,3.0010972,4,53.18121,1.1333927409870619,0.8617196248887552,3063.223790921402,0.97481608,0.81578726,0.0,True,1.0858197426909433,0.8479399154221287
615,850,338.05838,1569,7282.0586,1.9855182,3,461.93951,0.9383699708144991,0.7585709635653693,2281.0781701697447,0.91308337,0.74870598,0.0,True,0.9307839905701494,0.7556114684957584
616,640,341.44702,1569,7209.7891,3.1022997,5,252.47214,0.9477733972965324,0.7275227902106929,2207.3144118217924,0.92243201,0.73315734,0.0,True,0.9401709811075727,0.7292131551474851
617,41772,543.19623,1569,4531.9922,2.9976468,5,291.85297,1.507532777822843,1.2637218474294694,5779.623865542675,1.0874628,1.0439796,0.0,True,1.3815117844759899,1.1977991732006286
618,760,410.66245,1569,5994.6094,4.0082598,4,58.588734,1.1398344297517697,0.7626790099436669,2725.1340706273395,1.0144453,0.74942851,0.0,True,1.1022176908262389,0.7587038599605668
619,2469,408.27103,1569,6029.7227,2.8852386,4,44.321892,1.1331989542379164,0.8974169980352517,3189.567696908522,0.97546268,0.81055593,0.0,True,1.0858780719665415,0.8713586776246762
620,1492,344.69449,1569,7141.8633,1.8636341,3,37.925144,0.9567850851643679,0.8235767544803213,2519.44522869416,0.92783785,0.7669664,0.0,True,0.9481009146150574,0.8065936481362249
621,64733,573.8313,1569,4290.043,1.9977467,4,109.74247,1.592514766486054,1.3243719667084457,6356.936017625594,1.1349415,1.0736184,0.0,True,1.4552427865402378,1.249145896695912
622,0,272.90689,1569,9020.5156,1.9719585,2,52.010185,0.7575649806460962,0.0,189.1646413588831,0.84077531,0.0,0.0,True,0.7825280794522673,0.0
623,16700,414.05939,1569,5945.4297,3.009156,5,83.485603,1.1492597980423547,1.11878440692753,4026.016939031269,1.0746671,1.0139251,0.0,True,1.1268819886296484,1.087326614849271
624,4034,328.39404,1569,7496.3633,3.0063431,5,39.489857,0.9115511722262246,0.930534410431004,2726.6587949399836,0.92154551,0.90207738,0.0,True,0.9145494735583573,0.9219973013017029
625,0,327.94974,1569,7506.5195,1.9937444,3,44.487492,0.9103181866802239,0.0,227.31743764636713,0.96330142,0.0,0.0,True,0.9262131566761567,0.0
626,2791,328.22659,1569,7500.1875,4.0213385,5,37.849171,0.9110865138858635,0.8892120893446541,2604.4358361781456,0.9636904,0.86707693,0.0,True,0.9268676797201044,0.8825715415412578
627,3804,328.0882,1569,7503.3516,2.8998203,4,85.289925,0.9107024187771698,0.9238602360341963,2704.8687179598196,0.9215529,0.9148891,0.0,True,0.9139575631440189,0.9211688952239374
628,4348,332.39877,1569,7406.0469,2.8856452,3,31.844334,0.9226644955356724,0.9402100398706777,2784.814000789817,0.97073042,0.93531525,0.0,True,0.9370842728749706,0.9387416029094745
629,21401,414.05939,1569,5945.4297,2.0811083,4,88.742516,1.1492597980423547,1.1473218743680242,4128.704755231629,1.0746671,1.0425535,0.0,True,1.1268819886296484,1.115891362057617
630,3,328.14951,1569,7501.9492,4.0471778,5,269.92657,0.9108726183664865,0.15535637808369274,528.1362623406729,0.91778034,0.10279997,0.0,True,0.9129449348565406,0.1395894556585849
631,29241,414.32944,1569,5941.5547,1.9605467,4,94.841858,1.1500090772098224,1.183324289735588,4260.713502036997,1.0751508,1.0700916,0.0,True,1.1275515940468757,1.1493544828149116
632,5610,403.86194,1569,6095.5508,2.9925709,3,80.149429,1.120965135033086,0.9904401029428145,3486.4038008771945,1.0737741,0.92611796,0.0,True,1.1068078245231603,0.9711434600599702
633,2807,322.9017,1569,7623.8711,1.9536195,2,110.50483,0.8963096499091233,0.8882249913736271,2564.0280167644664,0.96529269,0.86718482,0.0,True,0.9170045619363862,0.8819129399615389
634,0,268.9231,1569,9154.1445,0.97757715,1,101.45127,0.7465087358432473,0.0,186.40328855244022,0.87671721,0.0,0.0,True,0.7855712780902732,0.0
635,1750,437.04153,1569,5632.7852,2.9871788,3,25.417118,1.2130261604103563,0.8646562374136955,3264.0504670000646,1.0332948,0.82605273,0.0,True,1.1591067522872494,0.8530751851895868
636,2645,518.18195,1569,4750.7656,5.6756859,5,52.541481,1.438139902353506,0.9308008402106809,4083.886361855334,1.1427625,0.89061886,0.0,True,1.349526681647454,0.9187462461474766
637,5605,404.75812,1569,6082.0547,3.2469227,4,48.488605,1.1234517427815207,0.9905896130511097,3493.7794411373575,1.0726734,0.93532908,0.0,True,1.1082182399470644,0.9740114531357769
638,2818,532.53351,1569,4622.7344,1.9978384,4,18.092827,1.4779533838512113,0.9413165038722396,4230.708297226288,1.2114071,1.3759207,0.0,True,1.3979894986958479,1.071697762710568
639,0,314.28058,1569,7833.0039,2.1410611,3,12.240452,0.8723852525323059,0.0,217.8426979317443,0.96722931,0.0,0.0,True,0.9008384697726142,0.0
640,7205,532.21014,1569,4625.543,6.8565006,7,59.955772,1.4770563679026003,1.052449291040572,4727.520518504464,1.2114331,1.3759221,0.0,True,1.3973693875318203,1.1494911337284004
641,1185,462.39209,1569,5323.9688,3.9549761,5,44.454056,1.2833612273307162,0.8249298433651508,3273.358867718949,1.1080208,0.95515805,0.0,True,1.2307590991315014,0.8639983053556056
642,30939,535.88171,1569,4593.8516,2.222584,6,10.312626,1.487241636760661,1.22609385941338,5540.929770733491,1.211637,1.377952,0.0,True,1.4045602457324626,1.271651301589366
643,3725,389.49292,1569,6320.4258,4.1906643,5,48.073151,1.0810948316535565,0.9395652587844557,3202.940069966163,1.0743495,0.94445282,0.0,True,1.0790712321574896,0.9410315271491191
644,1683,425.71774,1569,5782.6133,2.6361935,3,37.508957,1.181607395587377,0.8575338815545074,3162.878822473948,1.1050376,1.0224662,0.0,True,1.1586364569111638,0.9070135770881551
645,3845,516.185,1569,4769.1445,5.5838995,5,59.079639,1.4326000513908352,0.9745279692199225,4261.132417867193,1.1511948,1.0311289,0.0,True,1.3481784759735846,0.9915082484539457
646,41208,536.58527,1569,4587.8281,1.7903024,4,61.493355,1.4891934309899542,1.26027564349746,5701.98915057143,1.2116905,1.3780808,0.0,True,1.4059425516929678,1.295617190448222
647,8597,402.53784,1569,6115.6016,5.0869408,6,37.777496,1.1172911056995116,1.0390173847451107,3646.751789296658,1.0759704,1.0740584,0.0,True,1.1048948939896581,1.0495296893215775
648,48716,538.34723,1569,4572.8125,2.2753088,4,27.059731,1.4940813106314417,1.2806232029176556,5810.814404154326,1.2119578,1.3779856,0.0,True,1.4094442574420092,1.3098319220423589
649,97388,542.4472,1569,4538.25,2.062799,4,66.456779,1.5054549542190632,1.3640335357306774,6230.80827103179,1.2131784,1.3785766,0.0,True,1.4177719879533444,1.3683964550114742
650,3112,400.97781,1569,6139.3945,2.0198696,4,11.869367,1.1129625129753677,0.9220875729328397,3225.3305154201817,1.0747696,1.0694723,0.0,True,1.1015046390827574,0.9663029910529877
651,0,318.95148,1569,7718.293,2.0168991,2,73.446075,0.8853474674980732,0.0,221.08031909742178,0.96334636,0.0,0.0,True,0.9087471352486514,0.0
652,44356,404.35999,1569,6088.043,4.0298219,5,49.986317,1.1223470599293144,1.2278311092665806,4326.671445740441,1.1438177,1.0471076,0.0,True,1.1287882519505201,1.1736140564866064
653,346,321.60406,1569,7654.6328,3.017081,4,50.701336,0.8927085880222834,0.6540338939978569,1882.0920774375388,1.0189064,0.51624262,0.0,True,0.9305679316155984,0.6126965117984998
654,4238,322.09882,1569,7642.875,3.0399132,5,49.750462,0.8940815717579558,0.934036673211851,2690.2719486477085,1.0195947,0.87106138,0.0,True,0.931735510230569,0.9151440852482957
655,107889,545.17731,1569,4515.5234,1.0401241,3,145.63695,1.5130285447759058,1.3770139434999629,6317.992645509382,1.2141049,1.3788248,0.0,True,1.423351451343134,1.3775572004499739
656,10632,324.12067,1569,7595.1992,2.9955037,5,26.936859,0.8996923308122685,1.0376078380845972,3005.1858183939507,1.0204008,0.91706526,0.0,True,0.9359048715685879,1.0014450646592181
657,4140,269.98856,1569,9118.0195,2.9886956,4,24.900787,0.7494657062841917,0.9134004048847343,2248.716908322553,0.92179102,0.81904745,0.0,True,0.8011633003989342,0.885094518419314
658,21855,403.16025,1569,6106.1602,3.0466347,5,49.923092,1.119018105630743,1.1462207795367105,4028.488697997711,1.1446462,1.0487543,0.0,True,1.1267065339415203,1.1169808356756974
659,2481,323.08496,1569,7619.5469,2.0105526,3,87.884789,0.8968181847563126,0.8744755892924077,2525.6271109669947,1.0186603,0.81930155,0.0,True,0.9333708193294188,0.8579233775046853
660,1247,268.73688,1569,9160.4883,2.0002418,3,24.821074,0.7459918781989715,0.781465686279724,1916.120427703796,0.92034739,0.76171446,0.0,True,0.7982985317392801,0.7755403183958067
661,0,400.58911,1569,6145.3516,1.004135,2,36.156414,1.1118839950350492,0.0,277.66721215951776,,,,False,1.1118839950350492,0.0
662,114,269.98868,1569,9118.0156,2.9985564,4,24.052612,0.7494660267788469,0.5203725659168001,1283.415540957755,0.92179102,0.86298203,0.0,True,0.8011635247451928,0.62315540514176
663,0,230.3504,1569,10687.027,4.0040307,4,88.128578,0.6394540734056618,0.0,159.66673030085562,0.83883595,0.0,0.0,True,0.6992686363839633,0.0
664,16331,320.58191,1569,7679.0391,3.0062962,4,27.852331,0.889872029930573,1.0843044236208632,3109.9467972883363,1.0204424,0.95778233,0.0,True,0.9290431409514011,1.0463477955346043
665,13658,320.32916,1569,7685.0977,2.0100691,4,88.212608,0.8891706756755676,1.064233567792579,3050.2470188830694,1.020007,0.87913918,0.0,True,0.9284215729728974,1.0087052514548052
666,15,268.73709,1569,9160.4805,2.9954054,4,24.112862,0.7459925132602576,0.3039125714539236,761.3895094308364,0.92034739,0.76663536,0.0,True,0.7982989762821804,0.4427294080177465
667,10879,320.33112,1569,7685.0508,2.0435796,3,46.234035,0.8891761006565876,1.0388110609303998,2977.405182321787,1.020007,0.74946791,0.0,True,0.9284253704596114,0.9520081156512799
668,8084,264.21884,1569,9317.1289,1.5753412,3,10.997544,0.7334528719624323,0.9844456205889424,2377.411912980271,1.0132351,0.74702793,0.0,True,0.8173875403737025,0.9132203134122596
669,0,463.34601,1569,5313.0078,0.064304374,2,7.2846804,1.2860078692439738,0.0,321.1669804552002,,,,False,1.2860078692439738,0.0
670,0,266.95093,1569,9221.7734,2.0093341,2,56.810768,0.7410353181370546,0.0,185.03628447735534,,,,False,0.7410353181370546,0.0
671,1240,244.29115,1569,10077.16,3.0038502,3,29.528234,0.6781459819958312,0.7727730620965788,1740.4469878945204,0.89962178,0.1899211,0.0,True,0.7445887213970819,0.5979174734676052
672,1,212.58752,1569,11579.988,2.9668555,3,25.94545,0.5901527316288967,0.07407561130746379,233.5512618894776,0.96336061,0.81639051,0.0,True,0.7021150951402277,0.29677008091522467
673,2805,262.29691,1569,9385.3984,3.0888844,4,40.494877,0.7281188636771933,0.8679693488130843,2082.603780276551,1.0179759,0.79856902,0.0,True,0.8150759745740352,0.8471492501691591
674,0,402.77994,1569,6111.9258,0.99224979,2,23.54319,1.1179628408138518,0.0,279.1857797971039,,,,False,1.1179628408138518,0.0
675,0,-1.0,1,-1.0,0.0,0,15.093821,1.0,0.0,-0.6931471805599453,,,,False,1.0,0.0
676,0,-1.0,1,-1.0,0.0,0,37.393417,1.0,0.0,-0.6931471805599453,,,,False,1.0,0.0
677,0,262.15497,1569,9390.4805,0.53140062,2,19.641619,0.7277248918316203,0.0,181.71197832527704,1.0184114,0.921323,6.636194435908674,True,0.8149308442821341,0.27639690000000006
678,0,-1.0,1,-1.0,0.0,0,8.1297188,1.0,0.0,-0.6931471805599453,0.96141815,0.0,8.313442618566128,True,0.9884254450000001,0.0
679,75422,573.81354,1569,4290.1758,2.0172386,4,285.76685,1.592465494049219,1.342637204820088,6444.431472457344,1.1349312,1.0796939,0.0,True,1.4552052058344533,1.2637542133740616
680,8123,440.30783,1569,5591.0,2.9979661,4,127.93694,1.2220886565158415,1.0432389149246788,3963.9597446181388,1.0732923,0.83624095,0.0,True,1.177449749561089,0.9811395254472751
681,4228,440.25214,1569,5591.707,2.024437,4,103.72527,1.2219341942459807,0.9675702021083781,3676.086557924315,1.0732754,0.89832121,0.0,True,1.1773365559721864,0.9467955044758646
682,101513,560.73566,1569,4390.2344,2.0170846,4,78.86895,1.5561878609878155,1.3743679077984314,6464.139296300373,1.2121576,1.3297765,0.0,True,1.4529787826914708,1.3609904854589019
683,4280,440.65601,1569,5586.582,2.9786327,4,87.333527,1.2230547670040632,0.9690893038540277,3684.842877155353,1.0733935,0.9353444,0.0,True,1.1781563869028442,0.9589658326978194
684,0,420.22766,1569,5858.1602,2.0010858,2,100.23258,1.166374573837265,0.0,291.2796177223033,1.0118153,0.0,0.0,True,1.1200067916860856,0.0
685,2074,417.62146,1569,5894.7188,4.0084305,5,175.9342,1.1591432604676863,0.8796860322146741,3189.8755025480637,1.0791172,0.65353483,0.0,True,1.1351354423273805,0.811840671550272
686,97056,560.69427,1569,4390.5586,1.9987228,4,70.405083,1.5560730039874942,1.3690030690077977,6438.4881963392345,1.2121569,1.330096,0.0,True,1.452898172791246,1.3573309483054583
687,2183,417.64554,1569,5894.3789,3.9997816,5,176.1487,1.1592100799175409,0.885588595001585,3211.4315484646354,1.0785742,0.6481607,0.0,True,1.1350193159422788,0.8143602265011095
688,529,413.91553,1569,5947.4961,3.9979293,4,64.288864,1.1488606330699336,0.7217479111763068,2597.221447646228,1.0722142,0.83625257,0.0,True,1.1258667031489535,0.7560993088234147
689,1402,411.005,1569,5989.6133,3.0174296,4,46.77943,1.1407848794068707,0.8330802970911589,2978.5863556676686,1.0167484,0.82746732,0.0,True,1.1035739355848095,0.8313964039638112
690,4241,411.00662,1569,5989.5898,2.9947815,4,47.392689,1.140789353752672,0.9602807844640685,3433.1489194092505,1.0167484,0.85893208,0.0,True,1.1035770676268704,0.9298761731248479
691,76272,551.60876,1569,4462.875,2.0751369,4,18.065569,1.5308697009195333,1.337670086702645,6201.23388999792,1.1379305,1.1375765,0.0,True,1.4129879406436734,1.2776420106918516
692,30380,415.07141,1569,5930.9336,3.0076566,4,103.05711,1.152067816146316,1.1879658017067571,4284.203392664937,1.0766006,1.0796759,0.0,True,1.1294276513024213,1.15547883119473
693,110505,547.23804,1569,4498.5195,1.0254817,3,103.82511,1.5187450817384751,1.3804790800804383,6354.984597093541,1.2145251,1.3785137,0.0,True,1.4274790872169327,1.3798894660563068
694,73676,544.71552,1569,4519.3516,3.1951861,5,86.39518,1.5117474730107479,1.3315586359546294,6104.877143667123,1.138133,1.1376241,0.0,True,1.3996631311075236,1.2733782751682405
695,140294,549.9798,1569,4476.0938,3.0423915,5,104.25591,1.5263507557374305,1.4096888881398753,6518.090964944962,1.2143555,1.3781139,0.0,True,1.4327521790162014,1.4002163916979127
696,173820,555.02637,1569,4435.3945,2.9741468,5,84.312157,1.5403502789515562,1.4367364089938044,6696.829996479915,1.2142932,1.3782461,0.0,True,1.4425331552660892,1.419189316295663
697,0,393.27463,1569,6259.6484,2.0549278,2,203.39183,1.0915882558805285,0.0,272.5972009702557,1.01507,0.0,0.0,True,1.0686327791163701,0.0
698,26792,534.94604,1569,4601.8867,3.154088,5,51.201405,1.4846459744313651,1.2087787832362007,5454.274121989004,1.141153,1.1356694,0.0,True,1.3815980821019558,1.1868459682653405
699,3073,411.37094,1569,5984.2852,3.0711513,5,51.586712,1.1418002362956414,0.9233496273931465,3303.744775542153,0.9744969,0.79324168,0.0,True,1.091609235406949,0.8843172431752025
700,38233,543.19714,1569,4531.9844,3.9938569,5,47.529442,1.5075353712935362,1.2532079162703482,5731.548210786935,1.0874629,1.0450653,0.0,True,1.3815136299054753,1.1907651313892438
701,2709,409.914,1569,6005.5547,3.056756,5,49.200474,1.1377577395829792,0.9084885487671345,3240.400032029396,0.97494048,0.7881496,0.0,True,1.0889125617080855,0.8723868641369941
702,179230,556.00769,1569,4427.5664,2.0354948,4,13.10285,1.543072445170503,1.440688834911974,6725.711623860731,1.2142278,1.3782523,0.0,True,1.444419051619352,1.4219578744383818
703,30146,534.30243,1569,4607.4297,3.9962721,5,47.39645,1.482860635859812,1.2225874063391577,5510.727868763415,1.0865262,1.0251981,0.0,True,1.3639603051018683,1.1633706144374103
704,179334,557.8222,1569,4413.1641,1.9841094,4,70.194969,1.5481059596161106,1.4413168464621853,6747.984312982061,1.2143241,1.3787192,0.0,True,1.4479714017312775,1.4225375525235298
705,6493,411.51089,1569,5982.25,3.963665,5,41.601692,1.142188554270477,1.0093802533809044,3612.566833827132,1.0771551,0.94206876,0.0,True,1.122678517989334,0.9891868053666331
706,181002,558.31592,1569,4409.2617,2.0428319,4,30.145319,1.5494754835998739,1.4425718586961365,6759.125734685253,1.2143986,1.3796246,0.0,True,1.4489524185199116,1.4236876810872956
707,61962,573.83081,1569,4290.0469,3.0058329,4,66.845764,1.592513319435792,1.3191416459238154,6331.8263853155,1.1349415,1.065557,0.0,True,1.4552417736050545,1.2430662521466709
708,168927,559.43304,1569,4400.457,2.0555704,4,54.798107,1.5525743592482792,1.4346864792428722,6734.026290813004,1.2147726,1.3801191,0.0,True,1.4512338314737956,1.4183162654700103
709,8505,472.30682,1569,5212.207,2.0129702,4,52.798542,1.3108689117814274,1.0571531631495759,4273.7365719109075,1.0779374,1.0007249,0.0,True,1.2409894582469991,1.0402246842047032
710,21790,541.46289,1569,4546.5,4.0309124,5,317.47641,1.5027243829598993,1.1859814784459781,5408.834277289478,1.1003377,1.0411601,0.0,True,1.3820083780719294,1.1425350649121846
711,0,328.95816,1569,7483.5078,0.99710006,2,35.114719,0.9131166566806732,0.0,228.0164211261874,0.96292919,0.0,0.0,True,0.9280604166764712,0.0
712,0,363.16608,1569,6778.6094,3.0115843,3,54.505386,1.0080424122193357,0.0,251.72754442700756,0.96697104,0.0,0.0,True,0.995721000553535,0.0
713,12,413.66803,1569,5951.0547,3.0061355,3,198.21204,1.1481738704489146,0.29509896393959667,1091.6936465990045,1.076411,0.65785658,0.0,True,1.1266450093142402,0.4039262487577177
714,8302,472.30826,1569,5212.1914,2.995717,4,198.59167,1.310872833684836,1.0543314777700228,4262.3423998420185,1.0779374,1.0139979,0.0,True,1.2409922035793852,1.042231404439016
715,204326,560.94977,1569,4388.5586,2.0263734,4,23.103991,1.5567818308798114,1.4578319120944474,6859.003117282607,1.2158952,1.3822671,0.0,True,1.454515841615868,1.435162468466113
716,199140,561.17804,1569,4386.7734,2.0067947,4,65.835976,1.557415075449806,1.4548373136603536,6847.367290719565,1.2158995,1.3824829,0.0,True,1.4549604028148642,1.4331309895622475
717,3925,417.60788,1569,5894.9102,4.0054259,5,47.611385,1.1591056373714326,0.9531259588418168,3455.9687403644875,1.0793525,1.051365,0.0,True,1.135179696160003,0.9825976711892719
718,198442,560.98376,1569,4388.293,1.9889483,4,12.615744,1.5568760116678095,1.4543586489208336,6843.027007570319,1.2159628,1.3825117,0.0,True,1.4546020481674666,1.4328045642445835
719,193840,560.98376,1569,4388.293,2.0168586,4,40.836559,1.5568760116678095,1.4515611516500664,6829.864336948797,1.2159628,1.3825841,0.0,True,1.4546020481674666,1.4308680361550465
720,12364,413.48969,1569,5953.6211,4.0054679,5,38.66589,1.1476790986406273,1.0840249396548933,3896.1918036246284,1.079777,1.0628449,0.0,True,1.1273084690484392,1.0776709277584253
721,1203,328.38651,1569,7496.5352,3.0447974,5,42.578964,0.9115302753920661,0.7949933369252363,2329.651022173618,0.96838796,0.78292245,0.0,True,0.9285875807744464,0.7913720708476655
722,171148,560.35028,1569,4393.2539,2.0201511,4,49.091942,1.5551187738876933,1.4365235986248128,6752.386538174832,1.2150532,1.3802378,0.0,True,1.4530991017213852,1.4196378590373688
723,4979,328.92227,1569,7484.3242,3.007041,5,40.676537,0.9130170793155207,0.954289528945671,2800.2422330709783,0.96870947,0.86264735,0.0,True,0.9297247965208644,0.9267968752619697
724,0,326.18628,1569,7547.1016,2.0146301,3,32.942562,0.9054245416293115,0.0,226.09510031933686,0.96807176,0.0,0.0,True,0.9242187071405181,0.0
725,191696,560.59552,1569,4391.332,2.0190184,4,40.698299,1.555799073662792,1.4501154745067784,6818.902550393139,1.2150563,1.3807223,0.0,True,1.4535762415639546,1.4292975221547448
726,4588,415.85611,1569,5919.7422,4.0956535,5,48.931618,1.1542450895435978,0.970628468859653,3506.347058066953,1.0754449,0.8946501,0.0,True,1.1306050326805184,0.9478349582017571
727,0,411.68561,1569,5979.7109,1.9166888,3,44.486622,1.1426733872900983,0.0,285.3587198486012,1.0424428,0.0,0.0,True,1.1126042111030687,0.0
728,4748,416.73828,1569,5907.2109,3.9819536,5,48.120834,1.156692826091738,0.9748115563903494,3528.064561739912,1.0772634,0.94311392,0.0,True,1.1328639982642166,0.9653022654732446
729,1381,401.97296,1569,6124.1953,3.3394442,5,12.860662,1.1157237928560817,0.8292292089691349,2907.0725997698646,1.0621356,0.83461016,0.0,True,1.0996473349992573,0.8308434942783944
730,190339,560.53168,1569,4391.832,3.0127387,5,88.493805,1.5556220301306698,1.4492488933328913,6814.143994902454,1.21517,1.3809656,0.0,True,1.4534864210914689,1.4287639053330239
731,95406,560.68829,1569,4390.6055,3.0081835,5,106.17406,1.5560563897425121,1.3669571354348253,6428.805794864772,1.2121569,1.3303734,0.0,True,1.4528865428197586,1.3559820148043777
732,190947,560.47986,1569,4392.2383,3.9977996,6,97.238647,1.5554781942283609,1.449613117938254,6815.301510401564,1.2152961,1.3811126,0.0,True,1.4534235659598524,1.429062962556778
733,4631,417.08112,1569,5902.3555,3.940619,6,44.726368,1.1576440232796115,0.9720311284250983,3520.565002884647,1.0799886,0.87852198,0.0,True,1.1343473962957282,0.9439783838975688
734,11050,428.54868,1569,5744.4141,4.1023073,6,88.560959,1.189462112710099,1.0755236514287905,3989.945353619834,1.0612459,0.95656592,0.0,True,1.1509972488970694,1.0398363320001534
735,190984,560.48834,1569,4392.1719,4.0295181,6,92.830894,1.5555016989419785,1.4496388266139946,6815.513219934196,1.2152966,1.3815376,0.0,True,1.4534401692593848,1.4292084586297962
736,3052,417.20676,1569,5900.5781,3.9907594,6,48.122303,1.1579926161236396,0.9240573451244269,3347.753606709426,1.0800177,0.97953981,0.0,True,1.1346001412865476,0.9407020845870988
737,13575,436.1571,1569,5644.207,3.1083035,5,47.684826,1.2105723109147613,1.1015338503299619,4150.528738539754,1.0684197,0.97336358,0.0,True,1.1679265276403328,1.0630827692309732
738,17293,441.71817,1569,5573.1484,3.0531735,5,48.838512,1.2260017788751778,1.1312112291500296,4310.3621970280365,1.0755348,0.99330044,0.0,True,1.1808616852126246,1.0898379924050206
739,207627,561.22601,1569,4386.3984,3.0031199,5,104.2459,1.557548160598432,1.4598283055089971,6871.375206231006,1.2157706,1.382269,0.0,True,1.4550148924189026,1.436560513856298
740,0,328.76904,1569,7487.8125,2.0264697,3,60.211136,0.9125918513838767,0.0,227.88533313139988,0.96941835,0.0,0.0,True,0.9296398009687137,0.0
741,21152,525.27765,1569,4686.5898,2.0533307,4,50.484344,1.4578246652955442,1.1782111359238374,5231.547031819841,1.1388757,1.1352873,0.0,True,1.3621399757068808,1.1653339851466862
742,5690,393.91031,1569,6249.5469,2.933486,3,154.02988,1.0933520879277259,0.9892339938845626,3406.0703489155667,1.0147681,0.79770136,0.0,True,1.0697768915494081,0.9317742037191938
743,2849,319.75336,1569,7698.9375,2.0666246,3,76.954102,0.887572695648173,0.8889118686860467,2543.7739024081257,0.92209536,0.29310444,0.0,True,0.8979294949537211,0.7101696400802326
744,9809,524.59467,1569,4692.6914,2.0044429,4,78.179878,1.4559299586535341,1.0871447829066012,4821.685735979064,1.1389802,1.1352807,0.0,True,1.3608450310574738,1.1015855580346208
745,5,393.76709,1569,6251.8203,3.076473,4,114.0966,1.0929546306108446,0.20498082532105905,766.2353767949769,1.0138805,0.35250095,0.0,True,1.0692323914275912,0.24923686272474133
746,0,313.87158,1569,7843.2109,2.0139768,2,32.609196,0.8712502369940242,0.0,217.5592007348953,0.9131102,0.0,0.0,True,0.883808225895817,0.0
747,0,315.00964,1569,7814.875,1.0937346,2,11.059072,0.8744084888005887,0.0,218.34804381520337,,,,False,0.8744084888005887,0.0
748,4127,394.91965,1569,6233.5742,3.0449064,4,47.749775,1.0961527578154875,0.9527776150945,3288.0182804562505,1.0151719,0.92218393,0.0,True,1.0718585004708412,0.94359950956615
749,0,411.50928,1569,5982.2734,2.028666,3,156.74913,1.142184088028649,0.0,285.2364972062531,,,,False,1.142184088028649,0.0
750,0,524.58685,1569,4692.7617,1.0143483,2,21.315105,1.4559081573603836,0.0,363.61589603632297,,,,False,1.4559081573603836,0.0
751,1964,417.4469,1569,5897.1836,5.0783954,6,44.323746,1.1586589466198511,0.8733704588316906,3165.815558085652,1.0472049,0.84388769,0.0,True,1.1252227326338957,0.8645256281821834
752,1475,419.75885,1569,5864.7031,4.874258,5,42.327293,1.1650737627907406,0.8409481644651408,3063.302821841847,1.0547433,0.73693001,0.0,True,1.1319746239535184,0.8097427181255985
753,10217,427.57465,1569,5757.5,3.1623824,6,45.067429,1.1867595895291434,1.0661902281655893,3947.370884063687,1.0597425,0.94193798,0.0,True,1.1486544626704003,1.0289145537159126
754,0,272.71381,1569,9026.9023,1.991019,2,162.99287,0.7570291081666818,0.0,189.03080850126062,,,,False,0.7570291081666818,0.0
755,0,413.48428,1569,5953.6992,1.9858084,3,169.84303,1.1476640485626106,0.0,286.605462887859,,,,False,1.1476640485626106,0.0
756,0,341.80148,1569,7202.3125,3.0287261,3,167.75122,0.9487569918563502,0.0,236.91873217321654,,,,False,0.9487569918563502,0.0
757,0,414.70923,1569,5936.1133,2.0513585,3,174.49925,1.1510628899406654,0.0,287.45453352668585,,,,False,1.1510628899406654,0.0
758,0,393.63254,1569,6253.957,1.0044429,2,156.75815,1.0925813358200993,0.0,272.8452852776499,,,,False,1.0925813358200993,0.0
759,0,416.49179,1569,5910.707,2.0917711,3,179.49954,1.1560088899878012,0.0,288.6901099648648,,,,False,1.1560088899878012,0.0
760,36908,558.91553,1569,4404.5312,4.0349922,6,48.495655,1.551138876741211,1.2532621836533964,5877.68862137081,1.2124656,1.3334161,0.0,True,1.4495368937188478,1.2773083585573775
761,19651,442.54419,1569,5562.7461,4.0395579,6,93.744125,1.2282935704637272,1.1462768504300858,4374.985346938902,1.0768031,1.0059961,0.0,True,1.182846429324609,1.10419262530106
762,22240,442.75281,1569,5560.125,4.0091853,6,104.37944,1.2288723924566782,1.1606900562821083,4431.839481808567,1.0783319,1.0428984,0.0,True,1.1837102447196748,1.1253525593974758
763,0,417.22278,1569,5900.3516,2.0154183,3,169.49387,1.158037053552198,0.0,289.1967936223823,,,,False,1.158037053552198,0.0
764,0,347.3187,1569,7087.9023,1.9355618,2,173.35019,0.9640671431950624,0.0,240.74297766074545,,,,False,0.9640671431950624,0.0
765,0,556.66089,1569,4422.3711,2.0250592,3,167.74023,1.544884391793695,0.0,385.84792643148984,,,,False,1.544884391793695,0.0
766,0,416.34708,1569,5912.7617,2.0144231,3,166.19786,1.1556073097404924,0.0,288.589804636366,,,,False,1.1556073097404924,0.0
767,0,-1.0,1,-1.0,0.0,0,13.55975,1.0,0.0,-0.6931471805599453,,,,False,1.0,0.0
768,0,342.17877,1569,7194.3711,1.0005435,2,12.370153,0.9498039721566195,0.0,237.18024967296998,,,,False,0.9498039721566195,0.0
769,0,343.37253,1569,7169.3594,2.0540249,3,60.007587,0.9531166233131617,0.0,238.00770105123522,,,,False,0.9531166233131617,0.0
770,0,335.89191,1569,7329.0273,2.009223,2,25.380669,0.9323579869758638,0.0,232.8225303893949,,,,False,0.9323579869758638,0.0
771,0,336.17215,1569,7322.918,1.9962775,2,8.0904961,0.9331356140632704,0.0,233.016777955275,,,,False,0.9331356140632704,0.0
772,5618,427.69186,1569,5755.9219,2.0088162,4,48.248932,1.1870848501597602,0.9971592586350206,3692.72870400537,1.045163,0.97056758,0.0,True,1.1445082951118322,0.9891817550445144
773,0,427.69217,1569,5755.918,0.99974316,2,22.055487,1.1870856542057566,0.0,296.4536217830648,1.0452595,0.98727483,7.995394549761574,True,1.1445378079440296,0.29618244900000007
774,599,408.11212,1569,6032.0703,2.86075,4,39.016384,1.1327580747431965,0.7348280033626094,2611.3441437544247,1.048197,0.82722479,0.0,True,1.1073897523202376,0.7625470393538267
775,0,548.92633,1569,4484.6836,1.9959029,3,9.8989477,1.523428542162657,0.0,380.4867379746181,,,,False,1.523428542162657,0.0
776,3634,342.17877,1569,7194.3711,2.0028048,4,39.399494,0.9498039721566195,0.9230863091659534,2805.4003644871236,1.0644951,1.0159502,0.0,True,0.9842113105096337,0.9509454764161673
777,3850,408.43057,1569,6027.3672,3.150506,5,112.70145,1.133641662410792,0.9484781671261284,3372.1448270111355,1.0484059,0.89392811,0.0,True,1.1080709336875543,0.93211314998829
778,0,317.02341,1569,7765.2344,1.9929729,2,44.641167,0.8799968565250331,0.0,219.74388281299957,0.93860853,0.0,0.0,True,0.8975803585675232,0.0
779,2935,408.8378,1569,6021.3633,3.0509043,5,47.643391,1.134771640935738,0.9174173439027599,3264.6286775145954,1.048592,0.9144426,0.0,True,1.1089177486550166,0.9165249207319319
780,0,566.88416,1569,4342.6172,1.0073724,2,38.085381,1.5732437499656131,0.0,392.93415720809287,,,,False,1.5732437499656131,0.0
781,2508,436.05841,1569,5645.4844,3.0070422,4,40.502823,1.2102984925275937,0.9060667201392173,3413.481817708318,1.081187,0.92862248,0.0,True,1.1715650447693156,0.9128334480974521
782,14605,548.92059,1569,4484.7305,3.0169718,5,44.14061,1.523412617694132,1.1403342747150005,5263.740140692632,1.1812737,1.0771488,0.0,True,1.4207709423858923,1.1213786323005004
783,0,408.4491,1569,6027.0938,0.95861691,2,53.243771,1.1336930694117087,0.0,283.1153420672471,1.0481324,0.0,0.0,True,1.1080248685881962,0.0
784,6320,343.31433,1569,7170.5742,3.1910443,5,60.548962,0.9529551964611397,0.9857485548165188,3004.615226653344,1.0627031,0.9593215,0.0,True,0.9858795675227978,0.9778204383715632
785,0,327.22687,1569,7523.1016,0.94756824,1,54.018227,0.9083122353980047,0.0,226.81638234395575,,,,False,0.9083122353980047,0.0
786,2836,407.86832,1569,6035.6758,2.9584138,4,88.984749,1.1320816291416478,0.9132273377485142,3242.9018133820905,1.0483496,0.84098661,0.0,True,1.1069620203991535,0.8915551194239599
787,89,329.01468,1569,7482.2227,4.007618,5,43.8773,0.9132734460043662,0.5044241715813456,1484.1389970615992,0.94811666,0.82486933,0.0,True,0.9237264102030563,0.6005577191069419
788,12491,409.11145,1569,6017.3359,4.0065465,5,44.802761,1.1355308906906327,1.0838738264303738,3859.117119824387,1.0497315,0.96143597,0.0,True,1.1097910734834429,1.0471424695012617
789,0,345.21469,1569,7131.1016,2.0266855,3,45.318325,0.9582285854295278,0.0,239.28458906137556,0.95000803,0.0,0.0,True,0.9557624188006695,0.0
790,60357,436.98666,1569,5633.4922,4.1495857,6,107.06212,1.2128739803584685,1.2745197238906887,4810.3777083836885,1.0496811,0.99745733,0.0,True,1.163916116250928,1.191401005723482
791,32625,549.66895,1569,4478.625,2.0030966,4,60.099922,1.5254884878545074,1.2361066803424494,5712.651926948221,1.1815115,1.0959556,0.0,True,1.422295391498155,1.1940613562397147
792,2839,322.76462,1569,7627.1094,3.0335979,4,40.97646,0.8959291966494938,0.8894503480256268,2566.5956554378417,0.93938017,0.86571175,0.0,True,0.9089644886546456,0.8823287686179389
793,0,265.80756,1569,9261.4414,1.0444438,1,59.105995,0.7378620493991684,0.0,184.2437607855185,0.85011441,0.0,0.0,True,0.7715377575794178,0.0
794,0,344.41345,1569,7147.6914,2.0040438,3,49.741322,0.9560051579139629,0.0,238.7292118144237,,,,False,0.9560051579139629,0.0
795,0,547.98035,1569,4492.4258,1.0101463,2,52.98262,1.5208042495424225,0.0,379.83103460475206,,,,False,1.5208042495424225,0.0
796,0,366.04559,1569,6725.2852,1.0037652,2,144.15611,1.016032716420749,0.0,253.7234686649017,,,,False,1.016032716420749,0.0
797,0,251.43542,1569,9790.8281,2.0065284,2,145.07765,0.697974250757358,0.0,174.28175246590567,,,,False,0.697974250757358,0.0
798,0,365.85138,1569,6728.8555,1.9993387,3,142.06238,1.0154937742896282,0.0,253.58885255096516,,,,False,1.0154937742896282,0.0
799,0,253.41026,1569,9714.5273,1.9741639,2,139.41483,0.703455220662335,0.0,175.65060724396267,,,,False,0.703455220662335,0.0
800,0,383.6622,1569,6416.4805,2.0212822,3,180.07164,1.0649158871625617,0.0,265.93437221742585,0.9500885,0.0,0.0,True,1.0304676710137932,0.0
801,717,299.53784,1569,8218.5312,3.0036035,4,49.431049,0.8314720411125138,0.7295425146517319,1970.31838291123,0.98859358,0.41081014,0.0,True,0.8786085027787597,0.6339228022562123
802,3879,366.04752,1569,6725.25,2.9928689,5,42.076511,1.0160380327612475,0.93754532196111,3024.9611141442224,1.1021084,0.98054707,0.0,True,1.0418591429328732,0.950445846372777
803,2011,435.72226,1569,5649.8398,3.0041327,5,35.636173,1.2093658167545907,0.8804352835292995,3314.7054274617917,1.0807019,0.88799578,0.0,True,1.1707666417282134,0.8827034324705096
804,6213,569.22772,1569,4324.7383,2.0096641,4,47.124901,1.579744690334773,1.043206540557011,4972.045321911615,1.220645,1.3187068,0.0,True,1.472014783234341,1.1258566183899077
805,1563,435.72647,1569,5649.7852,3.9805169,5,46.180355,1.2093775000318663,0.8512828628510231,3205.047532385878,1.0807019,0.74589145,0.0,True,1.1707748200223065,0.8196654389957162
806,69,342.12769,1569,7195.4453,4.0059228,4,47.430733,0.9496622163829577,0.47834686398273707,1458.380819541629,0.96930283,0.18501636,0.0,True,0.9555544004680703,0.39034771278791597
807,2613,344.68469,1569,7142.0664,3.0132599,5,47.358704,0.9567578845422129,0.8866891604832505,2712.330504392559,0.97314727,0.83526123,0.0,True,0.9616747001795489,0.8712607813382753
808,3828,419.29886,1569,5871.1367,2.990536,4,39.943768,1.1637975080493361,0.9506868023969293,3459.4755947489543,1.0797929,0.89775813,0.0,True,1.1385961256345352,0.9348082006778504
809,26,419.28354,1569,5871.3516,2.9992311,4,36.03561,1.1637549258745385,0.379776858362906,1397.1385030302256,1.0797926,0.66437852,0.0,True,1.1385662281121771,0.46515735685403414
810,15415,569.2334,1569,4324.6953,2.9925556,5,48.747021,1.5797603903129258,1.1517260950004968,5489.246366016791,1.2206452,1.3190732,0.0,True,1.4720258332190481,1.2019302265003478
811,4546,550.21027,1569,4474.2188,2.0166659,4,95.776787,1.526990114042929,1.0018396658973696,4634.114557237829,1.1285703,1.0869615,0.0,True,1.4074641698300503,1.0273762161281588
812,0,433.83917,1569,5674.3633,2.0101733,3,50.229309,1.2041410132950972,0.0,300.7143975019668,1.0791215,0.0,0.0,True,1.166635159306568,0.0
813,0,367.99643,1569,6689.6328,2.0126805,3,134.01768,1.021446044662388,0.0,255.07568791062525,,,,False,1.021446044662388,0.0
814,0,586.61969,1569,4196.5195,1.002035,2,61.491478,1.62798859357283,0.0,406.6137841844491,,,,False,1.62798859357283,0.0
815,0,358.98648,1569,6857.5312,1.026953,2,127.20738,0.9964444590459915,0.0,248.83046647113918,,,,False,0.9964444590459915,0.0
816,0,365.28583,1569,6739.2734,2.0146995,3,53.081181,1.0139244398384883,0.0,253.19684316299947,,,,False,1.0139244398384883,0.0
817,0,336.17377,1569,7322.8828,1.9938058,2,39.381424,0.9331400982815864,0.0,233.01790085370752,,,,False,0.9331400982815864,0.0
818,21531,429.02945,1569,5737.9766,4.0173855,5,45.73642,1.190796118557888,1.1527269930091328,4280.573516874311,1.04415,0.85901183,0.0,True,1.1468022829905213,1.0646124441063929
819,16806,429.05194,1569,5737.6758,3.0015326,5,57.694588,1.1908585247781942,1.1241106061209662,4174.508149999152,1.0441502,0.90065068,0.0,True,1.1468460273447358,1.0570726282846765
820,17,299.06888,1569,8231.418,4.0204477,5,53.955944,0.8301706358031503,0.32057972088795994,880.5900677276505,0.99032098,0.25364491,0.0,True,0.8782157390622052,0.30049927762157197
821,5242,345.24722,1569,7130.4297,3.0161607,5,48.57164,0.958318853937404,0.9652976451526878,2956.987146191291,0.97352827,0.85063225,0.0,True,0.9628816787561829,0.9308980266068814
822,1808,435.56296,1569,5651.9062,4.0216064,6,76.599655,1.2089238155194548,0.8680888265142604,3267.193533245717,1.0800818,0.87089771,0.0,True,1.1702712108636184,0.8689314915599824
823,22840,569.23236,1569,4324.7031,3.9906046,6,51.473686,1.579757542386743,1.198681656478126,5713.018740104987,1.2206452,1.3194832,0.0,True,1.4720238396707201,1.2349221195346882
824,1547,435.57108,1569,5651.8008,3.9852147,5,47.180458,1.208946352671835,0.8500576274376641,3199.428496534403,1.0800833,0.51092643,0.0,True,1.1702874368702845,0.7483182682063648
825,0,413.96121,1569,5946.8398,2.0195684,3,49.947098,1.1489873800086368,0.0,286.93604557268344,1.076766,0.0,0.0,True,1.1273209660060457,0.0
826,7797,346.05539,1569,7113.7773,2.9945645,5,48.704277,0.960561519525506,1.0103055385574558,3101.2621679451267,0.97428185,0.8636409,0.0,True,0.9646776186678542,0.966306146990219
827,9152,550.22705,1569,4474.082,2.0020394,4,34.276871,1.5270367825909135,1.0850640467695933,5019.141559556999,1.1285707,1.0864041,0.0,True,1.4074969578136394,1.0854660627387154
828,9830,421.74487,1569,5837.0859,4.0088706,5,76.422096,1.1705842272149314,1.0600513237972158,3877.268297282995,1.0812783,0.89104569,0.0,True,1.1437924490504519,1.009349633658051
829,40467,569.24933,1569,4324.5742,3.0319123,5,46.713814,1.5798046075098173,1.2669972308585693,6038.762844703541,1.2206464,1.319909,0.0,True,1.472057145256872,1.2828707616009987
830,27868,465.51215,1569,5288.2852,3.985986,5,47.505909,1.2920176507484136,1.1937822911703417,4764.659358050939,1.040632,0.86229491,0.0,True,1.2166019555238896,1.0943360768192392
831,452,343.23358,1569,7172.2617,3.0318842,4,48.742947,0.9527310463030784,0.6888511336093528,2099.936404071701,0.97079331,0.39601159,0.0,True,0.9581497254121549,0.6009992705265469
832,0,340.8345,1569,7222.7461,1.0131989,2,12.185703,0.9460736420748546,0.0,236.24847271255865,0.96532911,0.0,0.0,True,0.9518502824523982,0.0
833,32814,555.69489,1569,4430.0586,2.022886,4,62.629475,1.5422047569256194,1.2383985818971168,5778.488604398204,1.1292819,1.0895917,0.0,True,1.4183278998479336,1.1937565173279818
834,0,279.87701,1569,8795.8672,2.0167818,2,12.926185,0.7769089599230483,0.0,193.9959603850476,0.87450027,0.0,0.0,True,0.8061863529461338,0.0
835,5586,436.53323,1569,5639.3438,2.9966116,4,76.935272,1.2116159018518073,0.998858877804817,3766.5731594029144,1.0806147,0.91580188,0.0,True,1.1723155412962651,0.9739417784633718
836,14341,438.2749,1569,5616.9336,2.010057,4,112.08195,1.2164482342153147,1.1085087207021074,4194.736648869892,1.0806063,0.9820596,0.0,True,1.1756956539507202,1.0705739844914752
837,5666,341.99197,1569,7198.3008,3.0371392,4,38.712387,0.9492855987201398,0.9730239426036508,2955.6969274666603,0.96689212,0.91885316,0.0,True,0.954567555104098,0.9567727078225555
838,50967,569.34448,1569,4323.8516,1.992465,4,56.836132,1.5800685016317022,1.2945750618340743,6171.109380237112,1.2206471,1.320382,0.0,True,1.4722420811421915,1.302317143283852
839,2711,436.5296,1569,5639.3906,2.9742553,4,45.63599,1.2116058504959932,0.9151868352080214,3451.1202134608784,1.0806146,0.69729125,0.0,True,1.1723084753471953,0.849818159645615
840,20581,438.2749,1569,5616.9336,1.9862763,4,13.174685,1.2164482342153147,1.1503458146124281,4353.043065345289,1.0806063,1.0220268,0.0,True,1.1756956539507202,1.1118501102286997
841,3758,299.70279,1569,8214.0078,3.0136738,5,49.066528,0.831929815827719,0.9132397923298212,2467.2055864103863,0.98900181,0.86858606,0.0,True,0.8790514140794032,0.8998436726308748
842,34163,465.16064,1569,5292.2812,4.026072,6,46.12476,1.2910424659523376,1.217428521466314,4855.791922408557,1.0414044,0.99102437,0.0,True,1.2161510461666363,1.1495072760264198
843,6006,299.8692,1569,8209.4492,3.0300398,5,48.836449,0.8323916630809945,0.9653043782030453,2609.1160872202886,0.98851645,0.92055851,0.0,True,0.8792290991566962,0.9518806177421317
844,2940,366.17917,1569,6722.832,4.021049,6,42.755974,1.016403362328323,0.9061455516546806,2924.616236826007,1.1013455,0.94155633,0.0,True,1.041886003629826,0.9167687851582764
845,11196,301.01016,1569,8178.332,3.0104938,5,48.940636,0.8355580013003264,1.0348284668191916,2806.4653581057346,0.98884416,0.92431921,0.0,True,0.8815438489102285,1.001675689773434
846,30575,464.92834,1569,5294.9258,4.0295134,6,98.811127,1.2903978862405627,1.2044181407505377,4801.781462949229,1.0417981,0.99932474,0.0,True,1.215817950368394,1.1428901205253763
847,3594,365.2384,1569,6740.1484,3.0181451,5,41.960339,1.0137928521260526,0.9286566683212171,2990.4176678420104,1.1016053,0.9623614,0.0,True,1.0401365864882368,0.938768087824852
848,17648,368.34335,1569,6683.332,3.9864628,6,40.296143,1.022408738398198,1.1101990733521032,3601.8421558552727,1.1038721,1.0393416,0.0,True,1.0468477468787385,1.0889418313464723
849,38538,464.87344,1569,5295.5508,4.0092955,6,97.569695,1.2902456463264311,1.23139285354647,4908.80874877751,1.041941,1.0069965,0.0,True,1.2157542524285017,1.164073947482529
850,502,424.12479,1569,5804.332,3.0005672,4,50.016129,1.1771875696899698,0.717743023588461,2639.1488529547532,1.0258259,0.79664177,0.0,True,1.131779068782979,0.7414126475119227
851,0,364.1189,1569,6760.8711,1.0231539,2,38.841221,1.0106864015038082,0.0,252.38798892358867,0.94516939,0.85317087,3.777258376144946,True,0.9910312980526658,0.25595126100000004
852,0,296.91449,1569,8291.1445,2.0000067,2,102.58469,0.8241918196280195,0.0,205.80544161089406,0.8597579,0.0,0.0,True,0.8348616437396137,0.0
853,0,359.55997,1569,6846.5938,1.9980654,2,26.761185,0.9980358093209006,0.0,249.22797944771852,,,,False,0.9980358093209006,0.0
854,0,586.65845,1569,4196.2422,2.007684,3,58.568058,1.6280961245859285,0.0,406.64065056916763,,,,False,1.6280961245859285,0.0
855,5632,364.12143,1569,6760.8242,2.9939566,5,49.545845,1.0106934105862313,0.9792562478486051,3144.762020526808,0.94516939,0.92860007,0.0,True,0.9910362044103619,0.9640593944940237
856,38292,467.56747,1569,5265.0391,3.9914668,6,61.761116,1.2977199762753047,1.2314754573698548,4934.2621902388755,1.0496827,1.0832313,0.0,True,1.2233087933927131,1.1870022101588984
857,4215,364.05917,1569,6761.9805,3.0172484,5,51.558216,1.0105206329162395,0.946383379785991,3038.757933209192,0.94426805,0.90309006,0.0,True,0.9906448580413676,0.9333953838501937
858,5630,466.81903,1569,5273.4805,2.9983907,5,53.125099,1.2956434690438345,1.0075869364304728,4031.551795575377,1.0494019,1.0781082,0.0,True,1.2217709983306841,1.0287433155013308
859,45845,587.63379,1569,4189.2773,3.0042949,5,40.268494,1.630801630780455,1.2867814457363513,6307.111690587332,1.1720564,1.1739677,0.0,True,1.4931780615463184,1.2529373220154458
860,56507,586.90979,1569,4194.4453,3.0572221,5,50.868996,1.6287932684105524,1.3116559624609276,6422.058008516011,1.164083,1.1599792,0.0,True,1.4893801878873867,1.2661529337226494
861,3897,368.11981,1569,6687.3906,3.4535694,6,51.122433,1.0217884205914216,0.9386713854740496,3043.78958918195,0.94607437,0.90793163,0.0,True,0.9990742054139952,0.9294494588318347
862,34548,433.92758,1569,5673.207,3.0462017,4,53.121784,1.2043863520560751,1.208941153698378,4534.613867078894,1.0359217,0.98560065,0.0,True,1.1538469564392526,1.1419390025888647
863,28819,467.55185,1569,5265.2148,2.9390264,5,128.06497,1.2976766878565693,1.1983066194882137,4801.224287977448,1.0496819,1.0536636,0.0,True,1.2232782514995986,1.1549137136417496
864,95250,586.91962,1569,4194.375,2.0183368,4,53.474392,1.6288205548582055,1.374247886097483,6728.611618384329,1.1640831,1.1695549,0.0,True,1.489399318400744,1.3128399902682382
865,5504,368.58636,1569,6678.9258,3.0015397,5,50.703701,1.0230830367691108,0.978000917908245,3174.853143132088,0.94570267,0.9056502,0.0,True,0.9998689267383776,0.9562957025357715
866,28,299.93927,1569,8207.5312,3.9832349,4,199.35054,0.8325861354778824,0.37359716346536215,1020.1526597816584,0.85956246,0.18337587,0.0,True,0.8406790328345177,0.31653077542575353
867,21146,450.79587,1569,5460.9219,4.023767,5,39.601593,1.2511879139061282,1.1572558066331642,4489.611586392238,1.0391643,0.98193711,0.0,True,1.1875808297342896,1.1046601976432149
868,15055,450.59668,1569,5463.3359,3.0112262,5,15.755039,1.250635273102446,1.1177231251347268,4334.559047146079,1.0391444,0.95685452,0.0,True,1.1871880111717121,1.0694625435943088
869,11720,450.26346,1569,5467.3789,2.0114257,4,56.472656,1.2497107954786424,1.0885355046461545,4218.61862907813,1.0390569,0.94429052,0.0,True,1.1865146268350497,1.0452620092523082
870,0,466.8197,1569,5273.4727,0.99801821,2,42.995117,1.295645384705166,0.0,323.5747588848395,1.0494019,1.0807618,5.962437331353258,True,1.2217723392936164,0.32422854000000007
871,10109,429.78171,1569,5727.9336,3.0080833,4,52.634846,1.1928832571276395,1.0655963265211117,3963.180129339566,1.0473783,0.87583637,0.0,True,1.1492317699893477,1.0086683395647782
872,0,346.8519,1569,7097.4414,2.0083761,3,31.992781,0.962771783128332,0.0,240.41941655686009,1.1044912,0.89804488,4.410317889104242,True,1.0052876081898323,0.26941346400000005
873,2287,364.05917,1569,6761.9805,3.0437555,4,52.326382,1.0105206329162395,0.8770815234577676,2816.314527909566,0.94426805,0.694143,0.0,True,0.9906448580413676,0.8221999664204372
874,7374,429.3732,1569,5733.3828,2.9930656,5,54.611862,1.1917498960824553,1.0290328294661726,3823.9920365472144,1.0475254,0.90234029,0.0,True,1.1484825472577187,0.9910250676263208
875,59620,589.16266,1569,4178.4062,2.0184619,4,62.902237,1.6350425123503791,1.3186893578619547,6478.302941999158,1.1726563,1.1765113,0.0,True,1.4963266486452655,1.2760359405033683
876,0,364.09976,1569,6761.2266,1.9869804,3,28.850039,1.0106332761189907,0.0,252.37472208655274,0.94366187,0.0,0.0,True,0.9905418542832936,0.0
877,0,428.92639,1569,5739.3555,2.0083761,3,42.617367,1.1905101253341832,0.0,297.30911789625554,1.0475945,0.89659268,3.52733438611564,True,1.1476354377339284,0.26897780400000004
878,4468,445.88663,1569,5521.0469,3.0880466,5,17.003841,1.2375672304888632,0.9754033478450139,3747.741193533132,1.0398438,0.93130863,0.0,True,1.1782502013422043,0.9621749324915096
879,0,364.9837,1569,6744.8516,2.0179892,3,46.706402,1.0130861416743036,0.0,252.9874226053369,0.94327503,0.0,0.0,True,0.9921428081720125,0.0
880,118618,587.7533,1569,4188.4258,2.0095992,4,82.664757,1.6311330118035026,1.4007861620025832,6867.1217026598415,1.1643085,1.1737686,0.0,True,1.4910856582624517,1.3326808934018084
881,2287,501.18997,1569,4911.832,3.042794,4,51.572029,1.391000314193302,0.9100496067677806,3877.1406135809175,1.0690114,0.81735313,0.0,True,1.2944036399353114,0.8822406637374465
882,1012,503.68832,1569,4887.4688,3.0133371,4,38.940083,1.397931377717985,0.8146717020849662,3486.3583823893327,1.068702,0.53226274,0.0,True,1.2991625644025895,0.7299490134594764
883,9201,449.52927,1569,5476.3086,2.0602162,4,129.18243,1.2476737538832883,1.0602227823887915,4102.98167180507,1.0388846,0.93848395,0.0,True,1.185037007718302,1.0237011326721541
884,0,381.40411,1569,6454.4688,2.0042167,2,35.462749,1.0586501797845136,0.0,264.36918350047523,0.95887399,0.0,0.0,True,1.0287173228491595,0.0
885,1041,443.01208,1569,5556.8711,4.0234742,5,56.615189,1.2295917161837233,0.8058252506061604,3078.870363831319,1.0445149,0.73019928,0.0,True,1.1740686713286064,0.7831374594243122
886,7260,429.76498,1569,5728.1562,3.044328,4,42.118202,1.1928369170622437,1.027341024059155,3820.7871130610156,1.0352206,0.95535964,0.0,True,1.1455520219435704,1.0057466088414084
887,5211,504.26022,1569,4881.9258,3.0093312,5,12.590025,1.3995179566186493,1.0076301218175325,4315.918235287538,1.0691787,0.9184823,0.0,True,1.3004161796330544,0.9808857752722727
888,4561,443.92987,1569,5545.3828,3.0135753,5,59.529591,1.2321381275316174,0.9772950434503819,3740.435701095476,1.045428,0.86669153,0.0,True,1.1761250892721322,0.9441139894152673
889,3578,448.13431,1569,5493.3555,4.064858,5,44.986416,1.2438034001427392,0.9501846552206371,3667.1359741580895,1.0431429,0.95226002,0.0,True,1.1836052500999175,0.950807264654446
890,445,360.14023,1569,6835.5625,4.0289965,5,53.213261,0.999645978503758,0.6908368088772694,2197.7768558526072,0.94609034,0.80261648,0.0,True,0.9835792869526306,0.7243707102140886
891,101,459.70422,1569,5355.0977,4.0540175,5,120.22433,1.2759039014526656,0.5386415786844477,2130.604474445494,1.0469086,0.30534843,0.0,True,1.207205311016866,0.4686536340791134
892,67377,590.68237,1569,4167.6562,3.0344417,5,55.664127,1.6392578975439513,1.3337694765056487,6567.258968803838,1.1732709,1.181491,0.0,True,1.4994617982807659,1.288085933553954
893,512,346.11279,1569,7112.5977,3.9943285,5,120.13461,0.9607207805851203,0.703522494875195,2160.513310209598,1.1044841,0.67138684,0.0,True,1.0038497764095844,0.6938817984126365
894,0,463.09439,1569,5315.8945,2.0137508,3,115.29023,1.2853097886566012,0.0,320.9925707616277,1.0465319,0.46537149,2.6743368152076807,True,1.2136764220596208,0.13961144700000003
895,10160,446.74066,1569,5510.4922,3.068064,5,49.494381,1.2399367850158776,1.070964822664293,4121.812739500098,1.0481777,0.96059668,0.0,True,1.1824090595111143,1.037854379865005
896,7450,443.30533,1569,5553.1953,4.0696611,6,50.984108,1.230405320924199,1.0340306094392262,3952.6157100192418,1.0460732,0.94848657,0.0,True,1.1751056846469392,1.0083673976074583
897,6928,441.32596,1569,5578.1016,2.9870243,5,56.856876,1.224913513383538,1.0250754351837235,3902.91692042857,1.0471369,0.9678331,0.0,True,1.1715805293684767,1.0079027346286065
898,80020,590.70282,1569,4167.5117,2.9827356,5,65.945374,1.639314708217056,1.3544053939016485,6669.06843452525,1.1732701,1.18641,0.0,True,1.4995013257519394,1.304006775731154
899,11220,428.5994,1569,5743.7344,2.012794,4,47.707584,1.1896028218591346,1.077301910877294,3996.96002965201,1.0443721,0.93198329,0.0,True,1.1460336053013942,1.0337063246141058
900,27079,586.61969,1569,4196.5195,2.9625871,5,95.72612,1.62798859357283,1.2234072495821438,5987.385285527517,1.1638869,1.1568933,0.0,True,1.488758085500981,1.2034530647075006
901,3336,359.31848,1569,6851.1953,3.0231593,4,39.416656,0.9973656895336255,0.9185078688366984,2915.196499135772,0.93945205,0.80780894,0.0,True,0.9799915976735378,0.8852981901856889
902,849,366.04559,1569,6725.2852,5.646781,7,97.673103,1.016032716420749,0.76528006596072,2469.494407986797,0.94425642,0.8040992,0.0,True,0.9944998274945243,0.776925806172504
903,40723,464.69522,1569,5297.582,3.0387778,5,53.72477,1.2897511267668094,1.2377685122371846,4932.552689557891,1.0420692,0.98314768,0.0,True,1.2154465487367665,1.1613822625660293
904,40369,466.92035,1569,5272.3359,3.1058869,5,52.072819,1.2959246406534521,1.2374393454025818,4952.095124413999,1.0440866,1.0006181,0.0,True,1.2203732284574165,1.1663929717818073
905,0,353.49554,1569,6964.0508,0.4435471,1,23.379528,0.9812075811869047,0.0,245.02443689151536,0.93081009,0.0,0.0,True,0.9660883338308333,0.0
906,2835,392.47717,1569,6272.3672,4.4960747,5,66.092529,1.0893754920644592,0.9091717501624067,3120.3906956918877,0.97368604,0.86775631,0.0,True,1.0546686564451213,0.8967471181136847
907,33019,467.0965,1569,5270.3477,4.6321812,7,41.341969,1.2964133332657672,1.2140441069990018,4860.091906543594,1.0470046,1.0323662,0.0,True,1.221590713286037,1.1595407348993012
908,0,363.41068,1569,6774.0469,2.0000074,2,28.530941,1.008721155087209,0.0,251.8970882273725,0.95044488,0.0,0.0,True,0.9912382725610464,0.0
909,27063,467.53799,1569,5265.3711,4.5838079,6,70.571602,1.2976381815765936,1.190966531621124,4771.691164003612,1.0496817,1.0418484,0.0,True,1.2232512371036155,1.1462310921347867
910,0,336.20621,1569,7322.1758,1.008417,2,31.85137,0.9332301739525561,0.0,233.04038654824487,0.96806937,0.0,0.0,True,0.9436819327667894,0.0
911,0,285.96384,1569,8608.6445,1.9908845,2,53.107243,0.7938014228659773,0.0,198.2150294380953,0.87969428,0.0,0.0,True,0.8195692800061842,0.0
912,141,347.9079,1569,7075.8984,3.0146313,4,46.185585,0.9657021716916849,0.5590409171791146,1726.6128533400006,0.96890652,0.36898014,0.0,True,0.9666634761841795,0.5020226840253802
913,0,333.11035,1569,7390.2266,2.0000143,2,32.849079,0.9246391142681019,0.0,230.89449991783655,0.92711896,0.0,0.0,True,0.9253830679876713,0.0
914,10293,421.99139,1569,5833.6758,4.5038915,5,35.787823,1.1712682626908613,1.0654295697614837,3898.9529960616546,1.0285214,0.97323817,0.0,True,1.128444203883603,1.0377721498330386
915,3923,336.21268,1569,7322.0352,2.9891195,4,48.207817,0.9332480892354397,0.9298592331271525,2782.200820621061,0.96806961,0.88554394,0.0,True,0.9436945454648078,0.9165646451890067
916,5913,421.99026,1569,5833.6914,2.008467,4,12.920046,1.1712651316505704,1.0015173487740514,3665.0895453424673,1.0285214,0.92949545,0.0,True,1.1284420121553993,0.979910779141836
917,821,381.40619,1569,6454.4336,4.604394,5,37.725639,1.058655951467247,0.7650461820683738,2560.3630481371165,1.0607171,0.88226801,0.0,True,1.059274296027073,0.8002127304478617
918,113402,558.03558,1569,4411.4766,3.4776936,5,37.488297,1.5486978804630123,1.3867742220974824,6494.815369577378,1.1545995,1.1589621,0.0,True,1.4304683663241087,1.3184305854682377
919,4116,421.99026,1569,5833.6914,2.6370771,4,32.984329,1.1712651316505704,0.9597506229761987,3512.276791345099,1.0285214,0.89882332,0.0,True,1.1284420121553993,0.9414724320833392
920,9975,366.72314,1569,6712.8594,4.0090032,6,41.514614,1.01791287780249,1.0449046989755806,3376.8005069852916,1.1008704,0.91445553,0.0,True,1.042800134461743,1.0057699482829063
921,5149,424.12506,1569,5804.3281,2.9923239,5,48.342785,1.1771883603844402,0.9861398879168889,3624.974048501273,1.0258259,0.89628631,0.0,True,1.131779622269108,0.9591838145418223
922,3564,365.23459,1569,6740.2188,2.0042114,4,66.453316,1.0137822664392175,0.9277050628143134,2987.326684905139,1.1016052,0.92871743,0.0,True,1.0401291465074523,0.9280087729700194
923,7604,424.04971,1569,5805.3594,3.057081,5,49.010956,1.176979309373052,1.03109566266861,3789.601942912543,1.0258173,0.91880572,0.0,True,1.1316307065611364,0.9974086798680271
924,18183,368.17056,1569,6686.4688,4.0309877,6,45.815556,1.0219292427428386,1.113530281845725,3611.146580109043,1.10387,1.0090219,0.0,True,1.0465114699199871,1.0821777672920074
925,10,334.60324,1569,7357.2539,4.0044327,4,66.37381,0.9287819049011343,0.2693099447234982,831.4578161166103,0.92612201,0.17793411,0.0,True,0.927983936430794,0.24189719430644874
926,12429,429.32904,1569,5733.9727,3.1102295,5,48.926414,1.191627333912015,1.0893367077656866,4047.6921352564505,1.0307946,0.95791739,0.0,True,1.1433775137384106,1.0499109124359807
927,9725,366.70416,1569,6713.207,4.013031,6,65.956825,1.0178601874660158,1.0420185468550827,3367.319916281164,1.099859,0.86452556,0.0,True,1.042459831226211,0.9887706507985579
928,32561,430.36398,1569,5720.1836,3.0096192,5,52.597702,1.194498872055259,1.2009436402025577,4471.882831402031,1.0343481,0.98176593,0.0,True,1.1464536404386814,1.1351903271417905
929,932,298.33411,1569,8251.6914,3.0060756,4,50.036018,0.828131501971724,0.7582610374485336,2040.4491160649718,0.98961961,0.88332486,0.0,True,0.8765779343802067,0.7957801842139736
930,29229,438.26758,1569,5617.0273,3.0097773,4,38.19384,1.216427949352213,1.1909707582073,4506.6989813434075,1.0806062,1.0552728,0.0,True,1.175681424546549,1.15026137074511
931,3011,343.05923,1569,7175.9062,3.0148022,4,51.054935,0.9522473079814141,0.9021790429378435,2748.141671181556,0.9684577,0.87489378,0.0,True,0.9571104255869899,0.8939934640564904
932,8144,384.18002,1569,6407.832,2.9981925,5,182.58702,1.0663527306009115,1.0273125901352058,3459.649529589533,0.95117015,0.95267397,0.0,True,1.031797956420638,1.0049210040946441
933,23,282.27563,1569,8721.125,3.9811654,4,62.987717,0.7835657354323252,0.35024325082945706,908.6102013564409,0.87796545,0.24628796,0.0,True,0.8118856498026277,0.31905666358061996
934,0,341.60971,1569,7206.3555,1.0056653,2,17.034,0.9482248559873472,0.0,236.78580733840056,0.96649855,0.0,0.0,True,0.953706964191143,0.0
935,81402,570.07892,1569,4318.2812,2.005779,4,99.953323,1.5821057795712699,1.350705107444574,6445.984786395692,1.2209588,1.3221936,0.0,True,1.473761685699889,1.3421516552112018
936,33940,559.51447,1569,4399.8164,2.0296421,4,169.40239,1.5528003066854634,1.2434301987636143,5837.083492878074,1.1299593,1.0883415,0.0,True,1.4259480046798243,1.19690358913453
937,8484,427.07858,1569,5764.1875,3.006264,4,114.84232,1.1853832113321154,1.0445863805840336,3863.4267302768535,1.0801213,0.95472747,0.0,True,1.1538046379324807,1.0176287074088235
938,0,308.63321,1569,7976.332,2.014878,2,34.389393,0.8567131395250412,0.0,213.92823933866552,0.86302507,0.0,0.0,True,0.8586067186675289,0.0
939,93288,570.09283,1569,4318.1758,1.9910657,4,71.170303,1.582144378451706,1.3669897107186797,6523.839171127356,1.2209592,1.322734,0.0,True,1.4737888249161941,1.353712997503076
940,0,333.84354,1569,7373.9961,4.0542622,4,65.684555,0.9266737350760125,0.0,231.40270849915132,0.92568815,0.0,0.0,True,0.9263780595532087,0.0
941,2871,298.49619,1569,8247.2109,3.02316,5,48.74453,0.8285812956840638,0.8829861599507657,2376.9586101483733,0.98967302,0.89211649,0.0,True,0.8769088129788447,0.885725258965536
942,2977,365.23459,1569,6740.2188,2.0042496,3,41.701103,1.0137822664392175,0.9072982856563135,2921.6367436036253,1.1016052,0.58298576,0.0,True,1.0401291465074523,0.8100045279594195
943,4287,397.02319,1569,6200.5469,2.0185258,3,40.407887,1.1019895481794908,0.957711438395461,3320.626083881233,1.0070633,0.47209665,0.0,True,1.0735116737256436,0.8120270018768228
944,1988,365.52734,1569,6734.8203,3.0274892,5,61.248653,1.0145946531916699,0.8615954153015131,2776.505436556476,1.1023355,0.9867807,0.0,True,1.0409169072341689,0.899151000711059
945,2707,298.81903,1569,8238.3008,3.0007868,5,49.442024,0.8294772268377752,0.8765710857008303,2361.9656703070714,0.98967385,0.89410663,0.0,True,0.8775362137864426,0.8818317489905811
946,11566,366.69711,1569,6713.3359,3.9977894,5,41.364166,1.0178406497719796,1.0616880479410618,3430.8174073768873,1.099354,0.71906435,0.0,True,1.0422946548403857,0.9589009385587433
947,262,298.81973,1569,8238.2812,3.0183208,4,48.856148,0.8294791997988008,0.6179670590844342,1666.2036054959242,0.98967385,0.90956581,0.0,True,0.8775375948591606,0.705446684359104
948,18687,398.72226,1569,6174.125,1.99196,4,58.392731,1.1067039374839567,1.1268276252491687,3921.708702743491,1.008548,0.86919838,0.0,True,1.0772571562387698,1.049538851674418
949,24956,497.125,1569,4951.9961,4.0093145,5,48.635715,1.3797228980243044,1.1900245820644877,5033.36561517208,1.0720273,0.88078564,0.0,True,1.287414218617013,1.0972528994451414
950,5317,398.17029,1569,6182.6836,2.0343947,4,48.673561,1.1051724385533808,0.9826872443344361,3415.919081530321,1.0084319,0.87282777,0.0,True,1.0761502769873665,0.9497294020341053
951,7306,458.047,1569,5374.4727,4.4583092,5,33.5546,1.2713059727603753,1.0356944380816189,4075.1181582851596,1.0437031,0.89085168,0.0,True,1.2030251109322627,0.9922416106571332
952,0,388.20428,1569,6341.4062,1.9798357,2,49.805035,1.0775191813970704,0.0,269.08270216330357,0.9640041,0.0,0.0,True,1.0434646569779493,0.0
953,13410,515.28101,1569,4777.5117,2.0262811,4,30.124937,1.4300920857444708,1.1217529272238977,4897.1818227811345,1.0744823,0.97676587,0.0,True,1.3234091500211296,1.0782568100567285
954,11496,444.16513,1569,5542.4453,5.5683823,6,153.92711,1.2327909260630818,1.0845762506513519,4152.912157139767,1.0815581,0.92145914,0.0,True,1.1874210782441572,1.0356411174559463
955,2834,388.85699,1569,6330.7617,2.995434,3,48.489796,1.0793303426991578,0.9081694579706631,3091.471355361202,0.96430469,0.8673861,0.0,True,1.0448226468894104,0.8959344505794642
956,0,311.9454,1569,7891.6406,0.99628431,1,15.384093,0.8659048723212838,0.0,216.22407449864437,0.87429905,0.0,0.0,True,0.8684231256248987,0.0
957,126572,559.65314,1569,4398.7266,2.651783,5,71.892761,1.5531848435876707,1.400348220414245,6575.131028667471,1.1542934,1.1557826,0.0,True,1.4335174105113695,1.3269785342899716
958,21396,515.28436,1569,4777.4805,3.0178392,5,29.09947,1.4301014212513479,1.1768953303882455,5137.92752898653,1.0744823,1.0174223,0.0,True,1.3234156848759435,1.1290534212717718
959,2255,424.21756,1569,5803.0625,3.0008297,4,49.819897,1.1774450069905538,0.8909257401719305,3275.7196663895993,1.0294005,0.85187846,0.0,True,1.1330316548933876,0.8792115561203513
960,12348,445.23581,1569,5529.1172,4.0182481,5,163.42793,1.2357615303998806,1.0931740688459395,4194.749710223545,1.0825022,0.92578506,0.0,True,1.1897837312799164,1.0429573661921576
961,25235,515.42004,1569,4776.2227,2.9972754,5,63.307747,1.4304778753600373,1.196410187443703,5224.33177542989,1.0753968,1.0280962,0.0,True,1.3239535527520263,1.145915991210592
962,2763,365.47879,1569,6735.7148,2.0126684,3,41.344891,1.014459955457465,0.8989078631902585,2896.344821629742,1.0998082,0.91846097,0.0,True,1.0400644288202254,0.9047737952331809
963,3884,397.93295,1569,6186.3711,1.966989,3,49.057991,1.104513893145985,0.9466576068233592,3288.969803371092,1.0084474,0.90143061,0.0,True,1.0756939452021896,0.9330895077763515
964,260,342.7514,1569,7182.3516,3.5694547,4,135.76193,0.9513930047484176,0.6266493135982996,1908.5578743464212,0.93553895,0.40852362,0.0,True,0.9466367883238924,0.5612116055188097
965,0,387.40744,1569,6354.4492,1.9945972,3,36.623024,1.0753081855657876,0.0,268.53037476394616,0.96531171,0.0,0.0,True,1.0423092428960514,0.0
966,2363,411.42679,1569,5983.4727,3.8381939,5,44.064827,1.1419552303518319,0.893167787888678,3196.1827190081017,0.98854136,0.80722326,0.0,True,1.0959310692462823,0.8673844295220745
967,4778,387.17349,1569,6358.2891,3.0741968,5,53.031944,1.0746589893049203,0.9673441228039563,3280.2096257166527,0.9650262,0.90282476,0.0,True,1.0417691525134443,0.9479883139627694
968,35712,498.28925,1569,4940.4258,3.0115342,5,32.520802,1.3829528519969085,1.2324828911168102,5223.714721743335,1.072982,0.99252182,0.0,True,1.289961596397836,1.1604945697817672
969,2733,384.38153,1569,6404.4727,3.1401126,5,53.905224,1.0669118836474714,0.9028319698634987,3041.9518837030546,0.96146029,0.84803009,0.0,True,1.03527640555323,0.8863914059044491
970,3118,425.52283,1569,5785.2617,2.3471799,4,10.37806,1.1810666616118468,0.9286300740238543,3423.581494262352,1.0307603,0.88823575,0.0,True,1.1359747531282927,0.916511776816698
971,0,311.66156,1569,7898.8281,1.9474871,2,99.000999,0.8651171458714692,0.0,216.02733160291422,0.87535512,0.0,0.0,True,0.8681885381100284,0.0
972,0,337.91574,1569,7285.1328,1.958801,2,37.535809,0.937974103599855,0.0,234.22534244782756,0.93220258,0.0,0.0,True,0.9362426465198985,0.0
973,11131,384.75183,1569,6398.3086,3.0426974,5,48.256809,1.0679394202793755,1.0631338583715082,3584.990179742298,0.95122302,0.95670372,0.0,True,1.0329245001955627,1.0312048168600558
974,1653,418.81207,1569,5877.9609,4.0176992,5,47.181454,1.1624468210142522,0.8538478991926857,3104.049230819709,1.0079778,0.83758426,0.0,True,1.1161061147099764,0.84896880743488
975,8,340.61658,1569,7227.3672,3.0188513,4,39.036057,0.9454689002231208,0.2472668720510026,784.2986595346139,0.96686941,0.16356608,0.0,True,0.9518890531561846,0.22215663443570183
976,1,280.67926,1569,8770.7266,1.9889276,2,52.730755,0.7791354008334309,0.07634185679605784,308.35768421027143,0.87674654,0.051226232,0.0,True,0.8084187425834017,0.06880716935724049
977,1265,340.35168,1569,7232.9922,3.0036798,4,39.122616,0.9447338251301919,0.8038438245857831,2431.610986426362,0.96610254,0.79576397,0.0,True,0.9511444395911343,0.8014198682100481
978,1142,418.99139,1569,5875.4453,3.9893913,5,86.016197,1.1629443588174442,0.8113115617485318,2950.657271958812,1.0079921,0.54660118,0.0,True,1.1164586811722108,0.7318984472239722
979,10673,434.51157,1569,5665.582,4.0135541,5,35.874863,1.206006698428554,1.0732262254489158,4030.381519037397,1.0795869,0.97986341,0.0,True,1.168080758899988,1.045217380814241
980,37742,559.48767,1569,4400.0273,2.0038991,4,60.650925,1.552725912420648,1.2560781299279304,5896.206577308138,1.129959,1.086416,0.0,True,1.4258958386944536,1.2051794909495512
981,106794,570.07062,1569,4318.3438,2.0249934,4,28.348196,1.5820828555109672,1.383134803090716,6600.662864506873,1.2209587,1.3233304,0.0,True,1.473745608857677,1.3651934821635012
982,7002,434.51697,1569,5665.5117,4.0091262,6,53.411678,1.2060216577749812,1.0244613923325523,3847.3160996814822,1.079587,0.93782383,0.0,True,1.168091260442487,0.9984701236327866
983,2536,433.90518,1569,5673.5,3.9993284,5,35.063404,1.2043241751199192,0.9068320027445171,3401.4398288881707,1.0786215,0.68793565,0.0,True,1.1666133725839434,0.841163096921162
984,144,340.9064,1569,7221.2227,2.9722176,4,40.180897,0.9462731719310138,0.5601153138310979,1698.943392422751,0.96726102,0.55006546,0.0,True,0.9525695263517097,0.5571003576817686
985,80,408.65118,1569,6024.1133,1.8804368,3,27.404196,1.1342537910618278,0.5048756105591361,1800.8110203232488,1.0024915,0.49924001,0.0,True,1.0947251037432795,0.5031849303913952
986,62,341.62546,1569,7206.0234,4.0367489,5,43.298946,0.9482685441744129,0.4664069935025626,1420.780346438966,0.96843219,0.48941761,0.0,True,0.954317637922089,0.47331017845179385
987,11875,385.48965,1569,6386.0625,3.1337972,5,132.42809,1.069986690940031,1.0707495729639611,3616.802300874949,0.95145041,0.96005124,0.0,True,1.0344258066580216,1.0375400730747728
988,39555,559.48767,1569,4400.0273,2.0053725,4,43.359917,1.552725912420648,1.2616701555723122,5922.455583099638,1.129959,1.0860448,0.0,True,1.4258958386944536,1.2089825489006185
989,1595,410.1864,1569,6001.5664,2.1690969,4,26.992329,1.1385135768454402,0.8477037027698147,3025.4865452005824,1.0041538,0.81996328,0.0,True,1.0982056437918082,0.8393815759388702
990,2819,413.8378,1569,5948.6133,3.0416207,4,35.200253,1.1486449398237828,0.914061724486353,3287.877884218302,1.0079358,0.8616488,0.0,True,1.1064321978766478,0.8983378471404471
991,5698,312.50894,1569,7877.4102,2.9380455,3,38.604923,0.8674687168708518,0.9638782487193196,2702.6465194193725,0.86486483,0.91145098,0.0,True,0.8666875508095963,0.9481500681035238
992,2851,264.48032,1569,9307.918,2.1205585,2,71.521034,0.7341785240098895,0.8705356635298799,2104.238843329379,0.79731315,0.85514349,0.0,True,0.7531189118069226,0.865918011470916
993,0,219.81313,1569,11199.336,1.2075268,1,16.567991,0.6102077337822115,0.0,152.36285130955673,0.72276461,0.0,0.0,True,0.6439747966475481,0.0
994,44285,560.01617,1569,4395.875,2.0227802,4,71.492035,1.554191934944286,1.27527608962639,5991.303011055131,1.1300615,1.0861485,0.0,True,1.4269528044610005,1.218537812738473
995,1192,389.2254,1569,6324.7695,2.8659258,3,35.837955,1.0803525963595009,0.80937584133926,2757.6869838393977,0.98381364,0.82171702,0.0,True,1.0513909094516507,0.813078194937482
996,44,341.57526,1569,7207.082,2.8393157,3,142.8998,0.948129298001202,0.42852206783225366,1307.7691804525257,0.92522579,0.28245038,0.0,True,0.9412582456008415,0.38470056148257753
997,115469,570.35699,1569,4316.1758,2.971283,5,223.24045,1.5828771621324684,1.3925477083037585,6648.52292824332,1.2209624,1.3239362,0.0,True,1.474302733492728,1.3719642558126308
998,18297,386.65115,1569,6366.8789,2.9804888,5,42.3839,1.0732095810289473,1.1204670465293332,3794.827031207776,0.95189041,0.98355657,0.0,True,1.0368138297202631,1.079393903570533
999,38762,498.84341,1569,4934.9375,1.9991081,4,106.85632,1.3844902545136741,1.2422798828355486,5270.403970598945,1.0734596,1.0058132,0.0,True,1.291181058159572,1.171339877984884
1000,5393,413.1774,1569,5958.1211,3.7924454,5,119.83059,1.146812580015044,0.9884998063429223,3550.527552112395,0.99017662,0.88817036,0.0,True,1.0998217920105307,0.9584009724400456
1001,85,371.81699,1569,6620.8945,3.0711637,4,42.112541,1.0320475218038128,0.5062656470310118,1660.50051429471,0.94781911,0.32756034,0.0,True,1.006778998262669,0.4526540549217083
1002,17,340.90677,1569,7221.2148,2.9791265,3,100.26165,0.9462742068660484,0.3253020489551259,1003.7791818497284,0.90868944,0.21818234,0.0,True,0.9349987768062338,0.2931661362685881
1003,459,387.65338,1569,6350.418,1.6798968,3,23.905067,1.0759905686138889,0.7001716092656615,2377.6324822530364,0.98819238,0.74506986,0.0,True,1.0496511120297223,0.713641084485963
1004,312,354.5127,1569,6944.0703,1.3309044,2,85.489983,0.9840300429860466,0.6495765623844423,2038.2328307953967,0.93829286,0.59569114,0.0,True,0.9703088880902326,0.6334109356691096
1005,1290,404.45471,1569,6086.6172,2.069613,3,41.699005,1.1226098851957884,0.8219982211555046,2897.491978671226,0.97847939,0.75611067,0.0,True,1.079370736637052,0.8022319558088532
1006,3560,413.065,1569,5959.7422,2.4860601,4,42.625065,1.1465007419967106,0.9407026196800958,3378.077567605038,0.98755342,0.86611652,0.0,True,1.0988165453976975,0.918326789776067
1007,961,419.29135,1569,5871.2422,3.4666336,4,87.636795,1.1637766029626877,0.7915131823504309,2880.5539696049423,0.99290156,0.67418623,0.0,True,1.1125140900738812,0.7563150966453016
1008,11610,460.34323,1569,5347.6641,1.9480237,4,33.794521,1.277676827577474,1.0902427967108963,4308.717951772699,1.0305945,0.96560752,0.0,True,1.2035521293042317,1.0528522136976275
1009,129647,588.4931,1569,4183.1602,3.0303349,5,189.00919,1.6331852376626113,1.411658140924664,6928.085675978677,1.1645362,1.17748,0.0,True,1.4925905263638277,1.3414046986472647
1010,0,324.70129,1569,7581.6172,1.9974036,2,15.017485,0.901303649120515,0.0,225.06578368767714,0.90058726,0.0,0.0,True,0.9010887323843605,0.0
1011,15479,536.83575,1569,4585.6875,3.5212183,5,88.959351,1.4898882837798133,1.1442182961875678,5179.052435501939,1.0946856,0.99884975,0.0,True,1.3713274786458691,1.1006077323312975
1012,0,497.77878,1569,4945.4922,0.99631864,2,29.538506,1.3815366613196687,0.0,345.03395789956926,,,,False,1.3815366613196687,0.0
1013,0,377.65103,1569,6518.6133,2.0009978,2,32.996849,1.048236038762351,0.0,261.7677466800593,1.0347452,0.82592219,8.65839878233926,True,1.0441887871336457,0.24777665700000004
1014,0,-1.0,1,-1.0,0.0,0,1.4629827,1.0,0.0,-0.6931471805599453,0.93266171,0.0,9.421178364780555,True,0.979798513,0.0
1015,7695,443.92392,1569,5545.457,1.9793001,4,81.871193,1.232121647070559,1.0379504002113493,3972.4913407443264,1.0454279,0.92373431,0.0,True,1.1761135229493913,1.0036855731479446
1016,258,345.96686,1569,7115.5977,3.9989562,4,30.937847,0.9603158458777603,0.6264415016275998,1923.8115633421207,0.93900728,0.68222946,0.0,True,0.9539232761144322,0.6431778891393198
1017,7399,505.6926,1569,4868.0977,3.030915,5,70.32576,1.4034917319817015,1.0492470868814026,4505.402684567361,1.0705519,0.94506544,0.0,True,1.303609782387191,1.0179925928169817
1018,4992,504.34256,1569,4881.1289,2.0878251,4,150.95653,1.3997463503150822,1.0025955547443055,4294.977443684029,1.0716538,0.89876962,0.0,True,1.3013185852205575,0.9714477743210139
1019,2,340.01968,1569,7240.0547,3.0224812,4,38.379402,0.9438125144088048,0.1236090479972977,471.3673650537896,0.9383691,0.081601292,0.0,True,0.9421794900861633,0.1110067211981084
1020,2,285.63736,1569,8618.4844,2.0199847,3,20.300003,0.7928953338043396,0.12123270435145941,395.9774614931722,0.85545862,0.081044436,0.0,True,0.8116643196630378,0.10917622384602159
1021,607,431.18225,1569,5709.3281,4.0241394,5,39.850121,1.1967692516024604,0.7410279597269694,2764.662227262256,1.0414542,0.70569241,0.0,True,1.1501747361217223,0.7304272948088787
1022,1148,285.67645,1569,8617.3047,1.9827442,3,87.478706,0.7930038551593496,0.777614646518234,2013.3097011112166,0.85551572,0.78029305,0.0,True,0.8117574146115447,0.7784181675627638
1023,2281,340.09784,1569,7238.3906,3.0223782,4,38.046303,0.9440294361871999,0.8700700868520461,2630.060140574187,0.9383713,0.83704734,0.0,True,0.94233199533104,0.8601632627964324
1024,4773,431.63528,1569,5703.3359,4.0266476,6,107.60844,1.1980261943723773,0.9793749872482933,3656.446879703684,1.0419083,0.89453483,0.0,True,1.151190826060664,0.9539229400738054
1025,9813,506.1792,1569,4863.418,2.1999454,4,58.095253,1.4048416509934198,1.0826198379180174,4652.630702741067,1.0710217,0.96841741,0.0,True,1.3046956656953939,1.0483591095426124
1026,0,339.17441,1569,7258.0977,3.0196593,4,39.495399,0.9414669248725264,0.0,235.09778600958293,0.93726492,0.0,0.0,True,0.9402063234107685,0.0
1027,1,291.99869,1569,8430.7266,2.8078806,3,20.533325,0.8105494438647046,0.07667562381435089,320.7933491089899,0.86394656,0.051170614,0.0,True,0.8265685787052932,0.06902412087004563
1028,6804,441.3204,1569,5578.1719,2.9952159,5,51.014381,1.224898081704813,1.0229807955974901,3894.8996054593968,1.0471023,0.9731276,0.0,True,1.171559347193369,1.0080248369182432
1029,5764,497.77798,1569,4945.5,2.0208654,4,40.617634,1.3815344832527745,1.017952689521363,4310.624837227139,1.1639088,1.2291882,0.0,True,1.316246778276942,1.0813233426649542
1030,1410,463.77188,1569,5308.1289,3.0912035,5,58.381821,1.2871894420290064,0.845468199991219,3363.627261813873,1.0507241,0.87776774,0.0,True,1.2162498394203045,0.8551580619938534
1031,5376,441.29257,1569,5578.5234,4.0321898,5,50.993721,1.224820929143152,0.9956728627629514,3790.7348773588064,1.0471017,0.97790176,0.0,True,1.1715051604002062,0.990341531934066
1032,11903,431.65656,1569,5703.0547,3.9623032,5,42.038143,1.198085244632817,1.0850182181461843,4050.9732577604923,1.0419087,0.9667781,0.0,True,1.1512322812429718,1.0495461827023291
1033,13195,499.83566,1569,4925.1406,1.6647737,4,23.672487,1.3872431113277146,1.1158396771959145,4742.313189026337,1.1646867,1.2294081,0.0,True,1.3204761879294002,1.1499102040371403
1034,3114,464.61951,1569,5298.4453,3.0725043,5,58.176823,1.2895410609921965,0.9379936128963422,3737.541236486341,1.0476637,0.85696644,0.0,True,1.2169778526945374,0.9136854610274394
1035,11,366.26877,1569,6721.1875,4.0815578,4,113.7564,1.0166519758512018,0.28194430464006803,939.4608462697274,0.94930077,0.18472958,0.0,True,0.9964466140958412,0.2527798872480476
1036,93693,590.66687,1569,4167.7656,2.8594494,5,54.214859,1.6392148891758094,1.3733191827516589,6761.83625641179,1.1732696,1.1890712,0.0,True,1.4994313024230665,1.3180447879261612
1037,4793,467.40656,1569,5266.8516,2.9861441,4,58.002781,1.2972735568967442,0.9889568559024703,3961.4243668303748,1.0535405,0.93699831,0.0,True,1.2241536398277209,0.9733692921317292
1038,2007,399.28659,1569,6165.3984,3.9891372,4,62.601303,1.108269875332377,0.8714019696485346,3036.731182958991,0.98045474,0.81730008,0.0,True,1.0699253347326638,0.8551714027539742
1039,702,340.95361,1569,7220.2227,3.0064025,4,39.069019,0.9464041943615366,0.7377957472138063,2235.5572505019504,0.93947822,0.76760185,0.0,True,0.9443264020530755,0.7467375780496643
1040,564,382.87576,1569,6429.6602,1.1687868,3,85.645721,1.0627336711434323,0.7226276737597664,2426.8940250235432,0.96168804,0.75789374,0.0,True,1.0324199818004027,0.7332074936318365
1041,15016,506.78488,1569,4857.6055,2.0349154,4,11.987254,1.4065219606597907,1.1328814619863021,4873.75260359042,1.0714258,0.99947041,0.0,True,1.3059931124618536,1.0928581463904115
1042,0,401.70163,1569,6128.332,1.9899209,2,45.849342,1.1149709111828041,0.0,278.43835226083434,0.98406112,0.0,0.0,True,1.0756979738279628,0.0
1043,37,394.48138,1569,6240.5,3.918061,4,53.433846,1.0949366208879618,0.4162333071030433,1445.2068538802946,0.97283697,0.27091375,0.0,True,1.0583067256215735,0.37263743997213034
1044,19858,507.79922,1569,4847.9023,1.7936882,4,10.930944,1.4093359892823207,1.1660782209202893,5025.416160471764,1.0723,1.0229192,0.0,True,1.3082251924976245,1.1231305146442025
1045,8154,512.76801,1569,4800.9258,3.0136786,4,52.520802,1.4231204354423093,1.0624260935807956,4618.249764505737,1.0794132,0.95620292,0.0,True,1.3200082648096165,1.030559141506557
1046,22275,509.27484,1569,4833.8555,3.0049565,4,33.535465,1.4134297139137226,1.1800143126126927,5098.508316298058,1.0737156,1.0333444,0.0,True,1.3115154797396058,1.136013338828885
1047,297601,683.85443,1569,3599.832,2.8755569,5,152.76648,1.8976848048140784,1.5389889536002614,8618.970019399236,1.1945206,1.3062351,0.0,True,1.686735543369855,1.469162797520183
1048,303048,682.43927,1569,3607.2969,2.4708672,4,44.922321,1.8937599331030657,1.5408142588625022,8613.511719144466,1.1945046,1.305535,0.0,True,1.6839833331721459,1.4702304812037514
1049,0,-1.0,1,-1.0,0.0,0,18.871559,1.0,0.0,-0.6931471805599453,1.0300329,0.0,12.457039113403814,True,1.0090098699999999,0.0
1050,565,413.3457,1569,5955.6953,4.081161,5,58.799545,1.147279528695115,0.7291936935113927,2620.76025465086,1.0721188,0.77566427,0.0,True,1.1247313100865806,0.7431348664579749
1051,0,531.06427,1569,4635.5234,1.9190888,3,55.582352,1.4738775993870137,0.0,368.1057014466255,1.1305338,1.0043727,8.299814520982101,True,1.3708744595709095,0.30131181000000007
1052,191430,646.57831,1569,3807.3672,3.1729484,5,47.208843,1.7942985007833063,1.4750240699425365,7863.871577555437,1.1820312,1.297078,0.0,True,1.6106183105483143,1.4216402489597757
1053,15315,498.63776,1569,4936.9727,4.9714942,6,93.848785,1.383919748309826,1.1330420832158739,4805.231777284346,1.1646509,1.229578,0.0,True,1.3181390938168782,1.1620028582511117
1054,5968,470.67154,1569,5230.3164,3.0759587,5,58.290764,1.3063319060546688,1.0153611218294052,4092.2547430134014,1.0524803,0.91136903,0.0,True,1.2301764242382682,0.9841634942805837
1055,182887,640.66583,1569,3842.5039,2.0485137,4,57.846897,1.7778995765599566,1.4678532283877164,7762.713820742264,1.1821166,1.2968302,0.0,True,1.5991646835919697,1.4165463198714014
1056,91985,544.87469,1569,4518.0312,3.1759851,5,46.095284,1.5121890875207014,1.3579751598619738,6227.592166793428,1.1584997,1.1678053,0.0,True,1.406082271264491,1.3009242019033815
1057,134198,639.88068,1569,3847.2188,3.0209761,5,54.321663,1.775721831113654,1.43014088551569,7555.12654069102,1.1821456,1.2948174,0.0,True,1.5976489617795577,1.3895438398609832
1058,4886,542.59106,1569,4537.0469,6.2423134,7,78.145714,1.5058539835517235,1.0087452753832484,4609.060649387789,1.1362669,1.012421,0.0,True,1.3949778584862065,1.009847992768274
1059,117304,637.40265,1569,3862.1758,4.5714202,7,49.088619,1.7688485746153428,1.4131801897510399,7440.108683061412,1.1822357,1.2947598,0.0,True,1.5928647122307398,1.3776540728257278
1060,45340,494.46991,1569,4978.5859,3.9988093,5,48.331181,1.372356986332291,1.2594071156824518,5301.700952785979,1.1029199,1.0410079,0.0,True,1.2915258604326039,1.1938873509777164
1061,3556,411.85028,1569,5977.3203,3.9991851,5,104.24034,1.143130241056513,0.9402549529117026,3367.6807401758706,1.0338081,0.81588191,0.0,True,1.110333598739559,0.9029430400381917
1062,0,482.38159,1569,5103.3477,4.9615355,5,84.421974,1.3388200486115964,0.0,334.3614390625235,1.1130593,1.0625191,12.238612365895191,True,1.2710918240281175,0.31875573000000007
1063,1070,427.88467,1569,5753.3281,7.1797571,8,78.379997,1.1876198432358882,0.8057638829782253,2985.4717243608297,1.0786709,0.7870577,0.0,True,1.1549351602651217,0.8001520280847577
1064,0,557.58978,1569,4415.0039,4.9615355,5,50.978638,1.547461132169954,0.0,386.49178391604016,,,,False,1.547461132169954,0.0
1065,44831,634.53326,1569,3879.6406,7.3400488,9,101.90881,1.760889932955952,1.2960220870810562,6796.295232030507,1.1821654,1.2919317,0.0,True,1.5872725730691664,1.2947949709567392
1066,0,634.74414,1569,3878.3516,4.1478848,5,62.480865,1.7614748766305357,0.0,439.9711110179472,,,,False,1.7614748766305357,0.0
1067,37321,482.49905,1569,5102.1055,4.0353665,7,40.591026,1.339145880878266,1.232998675020936,5079.443629636819,1.1129117,1.0731976,0.0,True,1.2712756266147862,1.1850583525146554
1068,6292,369.67303,1569,6659.293,3.0223553,4,47.01767,1.0260983649710502,0.9935228990719838,3233.6601470121896,1.0059943,0.94984674,0.0,True,1.020067145479735,0.9804200513503887
1069,762,360.70627,1569,6824.8359,2.9812739,4,57.006496,1.0012166625966652,0.751776663788574,2394.5730253724023,0.94813025,0.82663304,0.0,True,0.9852907388176657,0.7742335766520019
1070,88379,544.84082,1569,4518.3125,2.01752,4,51.156696,1.5120949836749344,1.3532136902987424,6205.416733252948,1.158499,1.167166,0.0,True,1.406016188572454,1.2973993832091195
1071,7125,403.95203,1569,6094.1914,3.0668504,5,46.528481,1.1212151009387767,1.0178900044893497,3583.7192768280856,1.0282602,0.94469589,0.0,True,1.0933286306571437,0.9959317701425449
1072,0,320.51196,1569,7680.7148,2.0047731,2,41.098667,0.8896779372694015,0.0,222.16196140974196,0.92505157,0.0,0.0,True,0.9002900270885811,0.0
1073,499,346.5433,1569,7103.7617,3.9939287,4,65.196754,0.9619154348918149,0.7007268992012776,2154.3231930700827,0.9286949,0.47277129,0.0,True,0.9519492744242704,0.6323402164408943
1074,19490,406.91605,1569,6049.8008,4.0167432,5,43.038868,1.1294393324864727,1.1342896873798272,4019.4188395111396,1.0311641,1.017902,0.0,True,1.099956762740531,1.099373381165879
1075,1658,462.41754,1569,5323.6758,3.0314398,4,46.67334,1.2834318333634018,0.8640504965366574,3428.628551944851,1.0518942,0.81761825,0.0,True,1.2139705433543813,0.8501208225756602
1076,2849,321.88101,1569,7648.0469,3.007236,4,36.236969,0.8934771178844801,0.889570847355144,2560.7002625985506,0.92656779,0.86463213,0.0,True,0.9034043195191361,0.8820892321486009
1077,0,265.90939,1569,9257.8945,1.0290561,1,33.057793,0.7381446792825881,0.0,184.3143439629149,0.84078985,0.0,0.0,True,0.7689382304978116,0.0
1078,4092,453.2316,1569,5431.5742,2.9897251,5,65.62973,1.2579458022112042,0.9670365938803921,3769.6531096288763,1.0456228,0.90352666,0.0,True,1.194248901547843,0.9479836137162745
1079,18968,443.15787,1569,5555.043,2.014154,4,23.635685,1.229996214874188,1.1423587855873538,4365.377146319688,1.0303971,0.89462918,0.0,True,1.1701164804119317,1.0680399039111477
1080,9080,463.16043,1569,5315.1367,3.0209475,5,48.780716,1.285492971413186,1.062369613347099,4221.267183492848,1.0509114,0.96811825,0.0,True,1.2151184999892302,1.0340942043429693
1081,841,411.74075,1569,5978.9102,3.9650309,5,51.41021,1.1428263637686955,0.7745396091334541,2773.8838280129025,1.0337629,0.73932719,0.0,True,1.1101073246380868,0.7639758833934179
1082,65675,499.0097,1569,4933.293,3.4398055,6,63.870102,1.3849515836026558,1.3043281207831678,5535.2671267615015,1.1652544,1.2363697,0.0,True,1.319042428521859,1.2839405945482174
1083,46928,494.50406,1569,4978.2422,3.204845,5,83.657898,1.372451696404063,1.2634608281024895,5319.0896071802745,1.1029221,1.0426544,0.0,True,1.2915928174828442,1.1972188996717426
1084,7267,459.53629,1569,5357.0547,1.8479674,4,66.71299,1.275437971531267,1.0354625089476703,4085.9090253209947,1.0468485,0.93995613,0.0,True,1.2068611300718868,1.0068105952633692
1085,0,346.93323,1569,7095.7773,2.0237007,3,28.786602,0.9629975085148279,0.0,240.47579021705502,0.93615353,0.0,0.0,True,0.9549443149603796,0.0
1086,4853,381.98276,1569,6444.6914,4.0326247,5,52.719944,1.0602557857652535,0.9676315604255128,3242.1796643791886,1.0362047,0.92924011,0.0,True,1.0530404600356775,0.9561141252978589
1087,1748,393.85666,1569,6250.3984,3.9857917,4,53.959946,1.093203186779189,0.8542388392781812,2941.0738273967863,1.0053688,0.78977954,0.0,True,1.0668528707454321,0.8349010494947268
1088,61678,498.72458,1569,4936.1133,3.0424802,5,122.58979,1.3841605975085873,1.296857751925928,5500.7899850028,1.1650971,1.2353344,0.0,True,1.3184415482560112,1.2784007463481495
1089,48639,495.16925,1569,4971.5547,2.8153265,5,55.365166,1.3742971110568267,1.2678672422102026,5343.976511027724,1.1029407,1.0490599,0.0,True,1.2928901877397787,1.2022250395471419
1090,30924,482.49609,1569,5102.1367,2.0036969,4,24.96833,1.3391376950960387,1.210976476954982,4988.697170321165,1.1129115,1.0437248,0.0,True,1.271269836567227,1.1608009738684875
1091,127,380.35056,1569,6472.3477,4.0145679,5,49.367985,1.0557267191400768,0.5528901883962377,1848.4323694939083,1.0341368,0.69972605,0.0,True,1.0492497433980537,0.5969409468773664
1092,0,367.29446,1569,6702.418,1.0610095,2,42.363293,1.019498166118685,0.0,254.5891193842876,1.0046996,0.91658241,1.9717745346656717,True,1.0150585962830796,0.27497472300000003
1093,41382,498.75812,1569,4935.7812,2.0113456,4,68.093689,1.3842536918997346,1.2499451048408847,5302.122814701918,1.0734582,1.0175029,0.0,True,1.2910150443298143,1.1802124433886192
1094,2088,419.58167,1569,5867.1797,4.0487995,5,45.753071,1.1645821401401464,0.8809354039232309,3207.668025773143,1.0081745,0.86173242,0.0,True,1.1176598480981026,0.8751745087462617
1095,50241,560.04749,1569,4395.6289,2.1990066,4,50.264297,1.5542789105950032,1.290325959008903,6062.304908644749,1.130062,1.088093,0.0,True,1.4270138374165022,1.2296560713062321
1096,430,418.90952,1569,5876.5938,3.9763689,5,85.237015,1.1627171545503114,0.6989213368315171,2542.121250327058,1.0069758,0.45207316,0.0,True,1.115994748185218,0.624866883782062
1097,19365,388.18683,1569,6341.6914,4.0632915,5,36.684464,1.0774707382350128,1.1274532099690393,3831.9186957138536,0.95253354,0.99038672,0.0,True,1.039989578764509,1.0863332629783276
1098,0,483.35944,1569,5093.0234,1.2113279,2,48.130959,1.3415329664419406,0.0,335.03923303303407,1.0745022,0.0,0.0,True,1.2614237365093584,0.0
1099,43314,498.74628,1569,4935.8984,3.0178175,5,12.385909,1.3842208369238829,1.2553066232892227,5324.753617921418,1.073458,1.0271163,0.0,True,1.290991985846718,1.1868495263024559
1100,0,432.69534,1569,5689.3633,1.2513797,2,16.79723,1.2009674124814878,0.0,299.9215549624269,1.0183697,0.0,0.0,True,1.1461880987370414,0.0
1101,23971,437.36334,1569,5628.6406,2.7935832,4,46.826958,1.213919044290112,1.1677234253252775,4410.670847924789,1.0202473,1.0154835,0.0,True,1.1558175210030783,1.1220514477276942
1102,5668,396.40314,1569,6210.2461,2.890043,5,44.256256,1.1002690083210163,0.9895046782088356,3426.090297705927,0.98366362,0.92019784,0.0,True,1.0652873918247114,0.968712626746185
1103,0,396.38742,1569,6210.4922,1.1252509,2,22.793562,1.1002254225595811,0.0,274.7548225824309,0.98366326,0.0,0.0,True,1.065256773791707,0.0
1104,346936,684.78174,1569,3594.957,2.7296374,5,57.611813,1.900256760337447,1.5579762150990981,8735.693116207362,1.1951059,1.3088541,0.0,True,1.6887115022362127,1.4832395805693686
1105,428518,681.73718,1569,3611.0117,2.8859556,5,89.649635,1.891812820836728,1.582907986926679,8840.830940715883,1.1950946,1.3133152,0.0,True,1.6827973545857096,1.5020301508486753
1106,438336,681.83972,1569,3610.4688,3.05867,5,77.271149,1.8920971319926976,1.5857021231063284,8857.606329715547,1.1953841,1.3137602,0.0,True,1.6830832223948884,1.5041195461744299
1107,459041,677.49084,1569,3633.6445,4.2691574,6,107.88907,1.8800358109526667,1.5900949458193236,8832.379767356177,1.195917,1.3153448,0.0,True,1.6748001676668665,1.5076699020735265
1108,12407,468.36984,1569,5256.0195,3.0126653,4,33.522205,1.2999460834812615,1.10018988003968,4414.937151365221,1.0544217,0.98705387,0.0,True,1.226288768436883,1.0662490770277762
1109,109571,556.42645,1569,4424.2344,3.0741715,5,45.665287,1.5442340459631105,1.3822041755959098,6456.965201134739,1.1505932,1.1593233,0.0,True,1.4261417921741772,1.3153399129171368
1110,34395,528.38293,1569,4659.0469,2.9138932,5,43.326084,1.4664391932836165,1.2365852993366182,5519.342586107944,1.0893545,1.0671034,0.0,True,1.3533137852985315,1.1857407295356328
1111,2636,418.33307,1569,5884.6914,2.9487305,4,38.572281,1.1611177470409104,0.9074694974967054,3295.5343582732194,1.0296355,0.82033575,0.0,True,1.1216730729286373,0.8813293732476938
1112,266,407.14792,1569,6046.3555,3.9907696,4,97.326561,1.1300826903929675,0.6416440801075949,2276.3587198620758,0.98196077,0.4052895,0.0,True,1.0856461142750773,0.5707377060753165
1113,0,367.26193,1569,6703.0117,1.98815,3,47.768456,1.0194078939329967,0.0,254.566571306504,0.94792956,0.0,0.0,True,0.9979643937530976,0.0
1114,55259,500.38574,1569,4919.7266,4.1560888,6,42.055897,1.388769107144859,1.2844384210356785,5464.123559699129,1.0749009,1.0630451,0.0,True,1.2946086450014014,1.2180204247249748
1115,77696,561.70325,1569,4382.6719,2.8224676,5,45.895729,1.5588719091827832,1.342766536292455,6325.107076813068,1.1303344,1.1154864,0.0,True,1.4303106564279482,1.2745824954047185
1116,5484,484.83536,1569,5077.5195,2.813436,4,42.820229,1.3456276436960428,1.0089771543712729,4174.410472739196,1.0754755,0.93349892,0.0,True,1.26458200058723,0.9863336840598911
1117,497754,679.70563,1569,3621.8047,3.8754537,6,138.2847,1.8861783185758056,1.600606934210078,8916.28688174524,1.1962328,1.3177754,0.0,True,1.679194663003064,1.5157574739470545
1118,543919,680.80627,1569,3615.9492,3.1823387,5,89.020638,1.8892310195768094,1.6117471069845868,8991.108372961477,1.1962636,1.3208419,0.0,True,1.6813407937037665,1.5244755448892109
1119,547185,681.42096,1569,3612.6875,2.8198256,5,41.007618,1.890935760253992,1.6126551829694122,9003.305702839447,1.1965634,1.3214403,0.0,True,1.6826240521777942,1.5252907180785884
1120,3629,483.04675,1569,5096.3203,3.1983571,5,40.728374,1.3406654454199556,0.9601874099933473,3959.6614304557374,1.0580137,0.87109381,0.0,True,1.2558699217939688,0.9334593299953431
1121,68920,553.02948,1569,4451.4102,3.8480463,6,39.258465,1.5348107515209584,1.3260152802033545,6161.152511024836,1.1163141,1.1084492,0.0,True,1.4092617560646707,1.2607454561423481
1122,4741,454.35074,1569,5418.1953,4.2361741,6,132.43167,1.2610508436648218,0.9844317022820734,3845.8178196170725,1.0925847,0.86710787,0.0,True,1.2105110005653752,0.9492345525974514
1123,325405,683.41095,1569,3602.168,1.6107659,4,45.458614,1.8964548422529421,1.5497725619259146,8674.420365415255,1.1945156,1.3073936,0.0,True,1.6858730695770596,1.47705887334814
1124,335439,683.7431,1569,3600.418,2.4525383,4,15.375139,1.8973761112378136,1.5535727217517852,8699.40114186135,1.1948054,1.3078158,0.0,True,1.6866048978664694,1.4798456452262496
1125,10006,460.45761,1569,5346.3359,4.0551291,5,47.802284,1.2779941244702118,1.0729565861067831,4241.339533786767,1.0552348,1.0011976,0.0,True,1.2111663271291482,1.0514288902747482
1126,9762,464.51334,1569,5299.6562,3.0224853,4,47.775948,1.2892465293945505,1.0711747304859287,4267.232024279856,1.0546548,0.97182983,0.0,True,1.2188690105761855,1.0413712603401502
1127,0,404.95813,1569,6079.0508,1.9433784,3,30.840553,1.1240067022451288,0.0,280.6955860543278,1.0293618,0.0,0.0,True,1.09561323157159,0.0
1128,2077,360.59955,1569,6826.8555,3.0203023,4,23.151394,1.0009205577557032,0.8652293917668344,2754.85157116257,0.94812685,0.81855905,0.0,True,0.9850824454289921,0.8512282892367842
1129,2668,403.62759,1569,6099.0898,3.0795617,5,63.444721,1.1203149076568422,0.9051295597661275,3184.5545825759386,1.0279081,0.87926161,0.0,True,1.0925928653597896,0.8973691748362893
1130,4933,463.51608,1569,5311.0586,2.0206451,4,18.579134,1.2864796665132023,0.9913493943696506,3941.7907817464898,1.0532739,0.91658741,0.0,True,1.2165179365592418,0.9689207990587554
1131,6859,454.12219,1569,5420.9219,3.0802815,5,26.444145,1.2604167977955023,1.0273171200724163,4011.5376297621647,1.0469804,0.96890891,0.0,True,1.1963858784568515,1.0097946570506915
1132,2837,326.55002,1569,7538.6953,2.9956579,4,35.328995,0.9064339008490505,0.8905325631541904,2596.4668559703923,0.93290347,0.86505276,0.0,True,0.9143747715943353,0.8828886222079333
1133,0,272.73743,1569,9026.1211,0.95055294,1,29.240717,0.7570946136171237,0.0,189.04718063766546,0.85203892,0.0,0.0,True,0.7855779055319867,0.0
1134,152610,563.48212,1569,4368.8359,4.0038877,6,43.375095,1.5638065606382299,1.4238023747327562,6725.527637368943,1.2106689,1.3242027,0.0,True,1.457865262446761,1.3939224723129293
1135,7206,483.22455,1569,5094.4453,2.9612303,4,42.776199,1.3411586809129692,1.0405685580027848,4292.457969759968,1.0703741,0.90623951,0.0,True,1.2599233066390785,1.0002698436019495
1136,51651,519.18042,1569,4741.6289,3.0311689,5,52.603916,1.4409099025206424,1.2820532772758542,5634.303518230595,1.0620733,1.0871512,0.0,True,1.3272589217644497,1.2235826540930979
1137,4800,445.7485,1569,5522.7578,3.0105577,5,76.45047,1.2371839822359456,0.9836841939728743,3778.5154363185543,1.0751976,0.93214607,0.0,True,1.1885880675651619,0.9682227567810121
1138,2789,444.34427,1569,5540.2109,3.0132322,4,43.723297,1.233287938554107,0.920358920616037,3525.4964153123765,1.0732334,0.84052569,0.0,True,1.1852715769878748,0.8964089514312259
1139,0,390.11255,1569,6310.3867,2.000417,2,46.719387,1.0828141843548815,0.0,270.40541413355066,0.95350701,0.0,0.0,True,1.044022032048417,0.0
1140,49487,519.17999,1569,4741.6328,1.9990181,4,31.471424,1.4409087178697941,1.276997055039737,5612.079062082161,1.0620733,1.0796046,0.0,True,1.327258092508856,1.2177793185278158
1141,1991,478.74863,1569,5142.0742,3.0514333,4,63.160057,1.3287409143307267,0.8889628613811617,3637.2430798689165,1.0669558,0.81860179,0.0,True,1.2502053800315087,0.8678545399668132
1142,1425,432.31747,1569,5694.3359,4.1942205,5,77.306763,1.1999190314414396,0.8398283109977559,3140.064284003654,1.0113896,0.855084,0.0,True,1.1433602020090077,0.8444050176984291
1143,153974,563.28876,1569,4370.3359,3.0361662,5,102.30408,1.5632700717008274,1.424805516670542,6728.231898971229,1.2107576,1.3242457,0.0,True,1.4575163301905791,1.3946375716693793
1144,111092,556.48932,1569,4423.7344,1.9619927,4,15.643938,1.5444085067312447,1.383864835390317,6465.366358970432,1.1505004,1.1589916,0.0,True,1.4262360747118712,1.3164028647732218
1145,6812,460.69153,1569,5343.6211,2.0662186,4,34.0457,1.278643160079771,1.0282341037994607,4066.401866958327,1.0474946,0.95074475,0.0,True,1.2092985920558397,1.0049872976596224
1146,3076,418.33334,1569,5884.6875,2.9842017,4,41.173546,1.1611185162951323,0.9252463170361818,3360.06816007041,1.0296355,0.87525433,0.0,True,1.1216736114065926,0.9102487209253272
1147,931,414.12686,1569,5944.4609,4.0182157,4,71.651512,1.1494470359492488,0.7867395423982038,2831.96727323458,1.0254858,0.53215158,0.0,True,1.1122586651644741,0.7103631536787427
1148,0,330.254,1569,7454.1445,2.0036821,2,17.249962,0.916712632902045,0.0,228.9146289686442,0.92721313,0.0,0.0,True,0.9198627820314316,0.0
1149,112830,556.74005,1569,4421.7422,2.0421691,4,30.917816,1.5451040198258168,1.3857881743892477,6476.921814340617,1.1501588,1.1587358,0.0,True,1.4266204538780716,1.3176724620724736
1150,2826,355.81268,1569,6918.6992,2.9927964,3,38.227604,0.9876374710655105,0.8987329760973232,2827.7590166938003,0.9410308,0.86561471,0.0,True,0.9736554697458573,0.8887974962681262
1151,0,290.73621,1569,8467.3359,0.98675001,1,43.689415,0.8070457868949443,0.0,201.5229842481842,0.85573655,0.0,0.0,True,0.821653015826461,0.0
1152,20208,444.20865,1569,5541.9023,2.9843388,4,72.305153,1.2329116723238616,1.1500178532736889,4403.854709897453,1.0312423,0.85475379,0.0,True,1.172410860626703,1.0614386342915823
1153,33495,528.09827,1569,4661.5586,3.1971591,5,164.60309,1.4656493982713332,1.2333678400699035,5502.367389186803,1.0892309,1.0646205,0.0,True,1.3527238487899331,1.1827436380489325
1154,1028,460.27365,1569,5348.4727,3.0058322,4,165.59602,1.2774837363235405,0.8079487556588401,3193.06287336122,1.0470378,0.53954697,0.0,True,1.2083499554264785,0.727428219961188
1155,1452,424.55792,1569,5798.4102,3.251199,4,79.329353,1.1783893932006915,0.840238449308555,3091.6620455669527,1.0707545,0.81177819,0.0,True,1.146098925240484,0.8317003715159885
1156,46713,519.12616,1569,4742.125,1.9977169,4,35.152706,1.4407592244919984,1.270166618652564,5581.5513365326315,1.0620577,1.0728519,0.0,True,1.3271487671443989,1.2109722030567949
1157,4612,441.32349,1569,5578.1328,2.9831672,5,41.469669,1.2249066645677504,0.9779169914502419,3723.3802802299874,1.08239,0.90938598,0.0,True,1.1821516651974253,0.9573576880151693
1158,43183,518.06439,1569,4751.8438,2.0210667,4,12.309098,1.4378137236846322,1.2605795777575546,5529.429969178434,1.0612135,1.0657376,0.0,True,1.3248336565792425,1.2021269844302882
1159,6128,441.5257,1569,5575.5781,3.7901375,5,46.819092,1.225467708985214,1.0109077398253983,3850.523566188452,1.082675,0.94847214,0.0,True,1.1826298962896498,0.9921770598777788
1160,3245,443.75043,1569,5547.625,3.1991489,5,47.363724,1.2316403100917812,0.9377745465234216,3587.9382318799494,1.0087675,0.87553382,0.0,True,1.164778467064247,0.9191023285663951
1161,212,392.46692,1569,6272.5312,3.9739132,4,118.8228,1.0893470186096297,0.6131105555057962,2105.9680794094998,0.95449603,0.39976388,0.0,True,1.0488917220267409,0.5491065528540573
1162,155452,563.28876,1569,4370.3359,1.9864463,4,33.423809,1.5632700717008274,1.425945068493305,6733.613065108263,1.2107576,1.3246306,0.0,True,1.4575163301905791,1.3955507279453134
1163,40832,516.7132,1569,4764.2695,2.0491405,4,48.350101,1.4340653326239947,1.253581618517292,5486.083736106475,1.0592055,1.0554702,0.0,True,1.3216073828367962,1.1941481929621043
1164,3000,416.36523,1569,5912.5039,2.9773171,4,44.950256,1.155657680079153,0.9218646886001878,3333.850558104731,1.0714747,0.89298254,0.0,True,1.1304027860554071,0.9132000440201314
1165,15827,442.82312,1569,5559.2422,3.0572176,5,57.080414,1.2290674655193228,1.1212672474636483,4281.921989333255,1.0305594,0.9362306,0.0,True,1.169515045863526,1.0657562532245537
1166,85038,544.71692,1569,4519.3398,3.0237372,5,88.550652,1.5117514184386456,1.348598726463168,6183.0147658287815,1.1584207,1.1659852,0.0,True,1.405752202907052,1.2938146685242176
1167,13408,440.84836,1569,5584.1445,3.0455594,5,47.792801,1.2235884438530191,1.1014644298567644,4189.715235981352,1.0332326,0.95087492,0.0,True,1.1664816906971134,1.056287576899735
1168,13161,441.22522,1569,5579.375,3.0842569,5,107.1521,1.2246340473258117,1.099418434298136,4185.0940767029815,1.0372648,0.97938097,0.0,True,1.1684232731280682,1.0634071950086952
1169,0,347.72574,1569,7079.6055,1.9510918,2,36.956753,0.9651966430342812,0.0,241.02511628912058,0.93556249,0.0,0.0,True,0.9563063971239969,0.0
1170,794,452.08292,1569,5445.375,4.1410465,5,142.83658,1.2547588252861428,0.7762740551624172,3019.732704366151,1.0447057,0.74806267,0.0,True,1.1917428877003,0.7678106396136921
1171,71957,543.6048,1569,4528.5859,3.031863,5,57.166454,1.5086662093512235,1.328431807461487,6079.595516271179,1.1577841,1.1639234,0.0,True,1.4034015765458565,1.2790792852230408
1172,0,406.76764,1569,6052.0078,1.9758958,2,72.701813,1.1290275932404814,0.0,281.9498428090228,1.0329323,0.0,0.0,True,1.100199005268337,0.0
1173,70879,543.06982,1569,4533.0469,1.948789,4,61.562759,1.5071821761960391,1.3264838533863463,6065.415230249814,1.1574564,1.1633912,0.0,True,1.4022644433372273,1.2775560573704423
1174,3972,423.29578,1569,5815.6992,2.0643375,4,50.451267,1.1748874633967157,0.9559853906144289,3508.0758081332633,1.0251638,0.89790952,0.0,True,1.129970364377701,0.9385626294301003
1175,0,431.24451,1569,5708.5039,2.1698289,3,64.06234,1.1969419819314198,0.0,298.9159162384551,1.0688745,0.0,0.0,True,1.1585217373519938,0.0
1176,65187,550.0177,1569,4475.7852,3.1848085,5,35.465424,1.5264559487786733,1.3185309183318457,6096.971517428279,1.1156546,1.1056675,0.0,True,1.4032155441450713,1.254671892832292
1177,0,407.83139,1569,6036.2227,2.0021071,2,60.077003,1.131979093101866,0.0,282.6871781223435,0.9973622,0.0,0.0,True,1.091594025171306,0.0
1178,2141,481.42572,1569,5113.4805,1.63621,3,41.56953,1.336168099143981,0.8980440063237709,3692.5169760435037,1.0566112,0.83303678,0.0,True,1.2523010294007868,0.8785418384266396
1179,1020,403.4129,1569,6102.3359,1.1819918,2,59.27702,1.1197191582942057,0.7948379801040796,2795.456456092399,0.98240602,0.74969625,0.0,True,1.078525216805944,0.7812954610728556
1180,256,379.11774,1569,6493.3945,2.5177438,3,54.296551,1.0523058847146392,0.6320850251004955,2105.2254881468216,0.95934403,0.43144587,0.0,True,1.0244173283002473,0.5718932785703468
1181,0,419.26651,1569,5871.5898,1.0021088,2,24.724113,1.1637077304739774,0.0,290.6133993097081,1.0256919,0.0,0.0,True,1.1223029813317842,0.0
1182,3426,419.68393,1569,5865.75,3.0158217,5,127.51711,1.1648658950863793,0.938004861985872,3416.1148322997706,1.026132,0.88399398,0.0,True,1.1232457265604654,0.9218015973901104
1183,64052,550.01288,1569,4475.8242,2.0061312,4,259.29761,1.526442653977595,1.3164403061706789,6087.2575152867075,1.1156546,1.1023791,0.0,True,1.4032062377843164,1.252221944319475
1184,2826,325.55408,1569,7561.7578,2.9902375,3,38.209381,0.903670111686165,0.8897932950134613,2587.28408763132,0.88638312,0.86175996,0.0,True,0.8984840141803154,0.8813832945094229
1185,0,269.30981,1569,9141.0,1.0090109,1,93.637833,0.7475819595201905,0.0,186.6713354986346,0.80893511,0.0,0.0,True,0.7659879046641334,0.0
1186,31162,528.08722,1569,4661.6562,3.0184903,5,86.522758,1.4656187254740394,1.2248187973657372,5464.128425831092,1.0892307,1.0589762,0.0,True,1.3527023178318276,1.175066018156016
1187,0,394.52411,1569,6239.8242,1.4219463,2,59.027218,1.0950551692713648,0.0,273.4632745094217,0.9737606,0.0,0.0,True,1.0586667984899554,0.0
1188,126940,556.84338,1569,4420.9219,1.9612786,4,140.07974,1.5453905835174484,1.3998550344101726,6543.736943824041,1.1501603,1.1596254,0.0,True,1.4268214984622138,1.3277861440871208
1189,5674,419.82288,1569,5863.8086,3.0051517,5,75.767677,1.165251429426644,0.9961691840800645,3628.9498304365516,1.0262419,0.91928768,0.0,True,1.1235485705986508,0.9731047328560452
1190,0,333.53717,1569,7380.7695,3.0954468,3,59.876522,0.925823548451987,0.0,231.19034899744318,0.92289215,0.0,0.0,True,0.9249441289163909,0.0
1191,0,279.19012,1569,8817.5078,1.9758447,2,60.277168,0.7750026431059002,0.0,193.51984451819277,0.84749478,0.0,0.0,True,0.7967502841741301,0.0
1192,1343,333.53189,1569,7380.8867,2.917624,3,53.375748,0.9258088514202855,0.8087302898262729,2402.8135292149086,0.92458409,0.7935546,0.0,True,0.9254414229941998,0.804177582878391
1193,6345,425.81006,1569,5781.3594,3.0651155,4,40.834873,1.181863581898974,1.0106969877670051,3728.2811269563404,1.0255111,0.80323863,0.0,True,1.1349578373292817,0.9484594804369035
1194,130063,556.79907,1569,4421.2734,2.024375,4,29.054445,1.5452677774548373,1.402736917056418,6556.748700289782,1.1501597,1.1591041,0.0,True,1.426735354218386,1.3296470719394926
1195,6315,419.82736,1569,5863.7461,2.9965382,4,78.3536,1.1652638452750455,1.0085035694325388,3673.9090975908175,1.026242,0.93453985,0.0,True,1.1235572916925318,0.9863144536027771
1196,4458,423.29239,1569,5815.7461,2.0613816,4,62.058357,1.174877991992999,0.9692968997031296,3556.88533615469,1.0251638,0.81424242,0.0,True,1.1299637343950992,0.9227805557921908
1197,133311,556.79907,1569,4421.2734,1.9309671,4,63.766514,1.5452677774548373,1.4056750964537463,6570.482383938203,1.1501597,1.1589605,0.0,True,1.426735354218386,1.3316607175176225
1198,0,405.44559,1569,6071.7422,1.1220661,2,65.982933,1.1253592317258876,0.0,281.03346757896355,1.0179489,0.0,0.0,True,1.0931361322081212,0.0
1199,3781,413.0845,1569,5959.4609,2.9472547,4,79.739021,1.146554841262668,0.947633977343987,3403.102728010223,1.0258213,0.89340514,0.0,True,1.1103347788838676,0.9313653261407909
1200,2481,453.90436,1569,5423.5234,3.2175889,5,72.443001,1.2598124368780903,0.9090325530194453,3548.2715054335013,1.0436711,0.86021531,0.0,True,1.1949700358146633,0.8943873801136117
1201,26317,442.39011,1569,5564.6836,4.000031,6,101.57964,1.2278660594061968,1.1800952877345081,4502.667062409564,1.0399777,1.0148523,0.0,True,1.1714995515843376,1.1305223914141558
1202,4435,347.18552,1569,7090.6211,3.9813824,6,120.84387,0.963697589300675,0.9470570140378987,2915.5715592940373,0.93709522,0.88522178,0.0,True,0.9557168785104725,0.9285064438265291
1203,24599,442.51312,1569,5563.1367,3.9967773,6,52.671906,1.2282073602779788,1.1723059557470041,4474.047649704998,1.0402842,1.0112348,0.0,True,1.1718304121945853,1.1239846090229029
1204,20774,441.67609,1569,5573.6797,4.020534,6,50.903339,1.2258849545990065,1.1524581026477891,4390.946590301177,1.0398948,1.0094532,0.0,True,1.1700879082193045,1.1095566318534524
1205,49829,494.38885,1569,4979.4023,2.9372549,5,54.603855,1.3721320713031153,1.2704715756583518,5347.5038785438865,1.1032699,1.0558773,0.0,True,1.2914734199121807,1.206093292960846
1206,15954,441.39304,1569,5577.2539,3.9951692,6,51.1721,1.2250996241438488,1.1217734153663483,4271.620964001483,1.0399235,0.93467909,0.0,True,1.1695467869006941,1.0656451177564439
1207,5575,441.39243,1569,5577.2617,4.0057611,5,50.617149,1.225097911412383,0.9999114405612687,3807.630428502837,1.0399235,0.72565937,0.0,True,1.169545587988668,0.9176358193928881
1208,2832,382.08606,1569,6442.9492,2.8485603,3,18.474297,1.0605423943284304,0.9062710907806877,3037.371897722546,0.98685044,0.86871672,0.0,True,1.0384348080299013,0.8950047795464814
1209,0,318.28314,1569,7734.5,0.82392043,1,34.339928,0.8834927752721646,0.0,220.61706111076634,0.90772045,0.0,0.0,True,0.8907610776905153,0.0
1210,0,454.17456,1569,5420.2969,1.9963405,3,158.62106,1.2605620794931207,0.0,314.8098157460537,1.0432938,0.0,0.0,True,1.1953815956451845,0.0
1211,45217,493.58463,1569,4987.5156,3.7051783,6,118.34328,1.3699008889546516,1.2588232273083675,5290.86821567751,1.1042932,1.0561707,0.0,True,1.2902185822682561,1.1980274691158572
1212,65469,498.27032,1569,4940.6133,2.4943786,5,166.87778,1.382900389130807,1.3037315471958666,5525.50023908536,1.1649567,1.2364092,0.0,True,1.3175172823915648,1.2835348430371065
1213,1425,346.74255,1569,7099.6797,4.0643663,6,225.98686,0.9624683377220042,0.8189492963627923,2518.5054330544426,0.93689162,0.70035607,0.0,True,0.9547953224054029,0.7833713284539546
1214,27738,481.51328,1569,5112.5508,3.0267651,5,221.8777,1.336410981760725,1.1979562411736215,4926.184541873453,1.111434,1.0246907,0.0,True,1.2689178872325075,1.145976578821535
1215,534,406.8945,1569,6050.1211,4.3811169,5,18.891504,1.1293795584977804,0.7214089555888605,2556.9796274018236,1.0289618,0.42532125,0.0,True,1.0992542309484463,0.6325826439122023
1216,54,384.89847,1569,6395.8711,2.9598932,3,39.775696,1.0683462903610392,0.4572557610976822,1549.3517069758723,1.0516444,0.50940633,0.0,True,1.0633357232527274,0.47290093176837755
1217,4080,449.3613,1569,5478.3555,5.6383934,6,44.535244,1.2472077506455743,0.9657327590583608,3736.1436840616952,1.08564,0.91810852,0.0,True,1.198737425451902,0.9514454873408525
1218,2359,434.13535,1569,5670.4922,4.0169182,5,84.984238,1.2049627597360297,0.89852060890591,3371.8600349618073,1.0736367,0.90981334,0.0,True,1.1655649418152207,0.901908428234137
1219,61574,495.97046,1569,4963.5234,2.5204315,4,58.192688,1.3765199164891866,1.2958161277846312,5469.575853822957,1.1648755,1.2349139,0.0,True,1.3130265915424306,1.2775454594492417
1220,4143,448.88474,1569,5484.1719,2.2568426,5,26.921158,1.245885469956401,0.9673930319852503,3739.056395949791,1.086973,0.94534898,0.0,True,1.1982117289694807,0.9607798163896752
1221,2068,434.02023,1569,5671.9961,4.0727596,5,71.269936,1.2046433827991354,0.8832687543684357,3313.876348834205,1.0667621,0.87795627,0.0,True,1.1632789979593947,0.8816750090579049
1222,30008,481.9393,1569,5108.0312,2.0150671,4,120.84401,1.33759297905913,1.207291687421959,4968.450048668924,1.1119286,1.0345629,0.0,True,1.269893665341391,1.1554730511953712
1223,1891,307.43265,1569,8007.4805,3.9780881,5,362.8945,0.8533814216656251,0.8394487057105838,2319.861613909383,0.93369263,0.76465964,0.0,True,0.8774747841659376,0.8170119859974087
1224,0,430.48276,1569,5718.6055,0.99579406,2,353.59647,1.1948283893886935,0.0,298.3879113736636,1.0788012,1.0181508,3.1541270958067247,True,1.1600202325720854,0.30544524
1225,0,282.38947,1569,8717.6094,1.0111976,2,357.45691,0.7838816559710923,0.0,195.73746495031727,,,,False,0.7838816559710923,0.0
1226,0,435.58163,1569,5651.6641,1.0136117,2,229.95833,1.2089755837976122,0.0,301.9221787382053,,,,False,1.2089755837976122,0.0
1227,0,281.30191,1569,8751.3125,1.0525969,2,15.68146,0.7808634566506225,0.0,194.9836258026275,,,,False,0.7808634566506225,0.0
1228,1019,374.07672,1569,6580.8984,4.0544424,5,46.541248,1.0383179931643942,0.7879045361458784,2591.8047014149947,1.0279914,0.84746879,0.0,True,1.035220015215076,0.805773812302115
1229,3085,381.15729,1569,6458.6484,4.0619712,5,51.718868,1.057965305137655,0.9157694270628172,3062.581682411126,1.0359453,0.95188183,0.0,True,1.0513593035963584,0.926603147943972
1230,3967,381.92303,1569,6445.6992,4.0796022,6,51.409729,1.060090063738256,0.944637879053794,3164.71713680335,1.0346365,0.95324796,0.0,True,1.0524539946167792,0.9472209033376557
1231,60739,495.95758,1569,4963.6523,2.009069,4,55.300579,1.3764841843423274,1.2942078658544405,5462.662374477843,1.1648753,1.2359327,0.0,True,1.3130015190396291,1.2767253160981085
1232,1809,376.00909,1569,6547.0781,4.0418468,6,45.475075,1.0436800037387097,0.8536342171180022,2820.682746021386,1.0297513,0.91281182,0.0,True,1.0395013926170968,0.8713874979826016
1233,2891,448.14069,1569,5493.2773,4.0738082,5,99.306282,1.2438210999639823,0.9254371044201608,3571.703394866026,1.0905994,0.95971924,0.0,True,1.1978545899747877,0.9357217450941124
1234,482,348.42264,1569,7065.4453,3.9381027,5,54.572399,0.9671304928094883,0.697251569217085,2153.9783439023627,0.93917239,0.79823947,0.0,True,0.9587430619666417,0.7275479394519595
1235,23416,480.77969,1569,5120.3516,3.0251586,5,58.950726,1.3343757691082943,1.1779127803653915,4837.249577469887,1.1104474,1.0025793,0.0,True,1.267197258375806,1.125312736255774
1236,3166,379.97791,1569,6478.6953,2.9972267,4,51.626778,1.0546926740859275,0.9183982272318356,3062.9471218114577,1.0360191,0.90332574,0.0,True,1.0490906018601494,0.9138764810622849
1237,0,305.91599,1569,8047.1797,2.0575821,3,55.113373,0.8491724760341854,0.0,212.04480595670444,0.92822641,0.0,0.0,True,0.8728886562239297,0.0
1238,60496,495.95758,1569,4963.6523,2.6017866,4,29.334579,1.3764841843423274,1.2937368380687895,5460.674270760009,1.1648753,1.2364876,0.0,True,1.3130015190396291,1.2765620666481525
1239,4781,430.47009,1569,5718.7734,1.9176276,4,85.721901,1.1947933221569484,0.9792626887745264,3647.2969842611496,1.0788009,0.99298173,0.0,True,1.159995595509864,0.9833784011421685
1240,0,240.43597,1569,10238.738,2.0019286,2,2.330173,0.6674462188069944,0.0,166.65751471069558,0.91096884,0.42774203,11.46028424270208,True,0.7405030051648961,0.128322609
1241,5690,281.30518,1569,8751.2109,1.945876,3,22.62429,0.7808725202648895,0.9525575534641313,2432.3944011375493,0.91096884,0.42774203,0.0,True,0.8199014161854227,0.7951128964248919
1242,8529,341.8912,1569,7200.4219,2.9980135,3,43.162251,0.9490060358576191,1.0190303149503714,3094.615159431654,0.94693995,0.1782281,0.0,True,0.9483862101003334,0.7667896504652599
1243,14195,436.0563,1569,5645.5117,2.003191,4,22.601944,1.2102926419600162,1.1066735061240913,4169.04094804651,1.0541958,0.92300898,0.0,True,1.1634635893720113,1.051574148286864
1244,409,379.97375,1569,6478.7656,2.9715917,4,50.175976,1.0546812333242082,0.685465391960378,2286.9074334366883,1.0360191,0.70278025,0.0,True,1.0490825933269456,0.6906598493722647
1245,63479,497.77994,1569,4945.4805,1.4013119,4,40.243641,1.3815399284328866,1.2999522248071362,5504.697439285843,1.1649127,1.2388598,0.0,True,1.3165517599030205,1.2816244973649953
1246,22007,478.5029,1569,5144.7148,2.133076,4,37.610855,1.328059183674429,1.169997747235929,4784.649422595596,1.1065078,0.98925918,0.0,True,1.2615937685721004,1.1157761770651504
1247,0,377.9704,1569,6513.1055,2.0000405,2,22.06646,1.049122206216477,0.0,261.98911709511475,1.0355953,0.0,0.0,True,1.045064134351534,0.0
1248,206,369.69644,1569,6658.8711,3.9532642,4,93.348305,1.026163358106885,0.6057047368463631,1973.2688264300134,0.99457806,0.36969995,0.0,True,1.0166877686748195,0.5349033007924542
1249,20630,476.87103,1569,5162.3203,2.0838137,4,32.193932,1.3235317445149755,1.1619734093247591,4737.522242012004,1.1025993,0.97016269,0.0,True,1.2572520111604828,1.1044301935273313
1250,7378,431.6814,1569,5702.7266,2.1228848,4,17.593473,1.1981541509619589,1.029733042277065,3844.782872287686,1.0775102,0.96719801,0.0,True,1.1619609656733711,1.0109725325939454
1251,63009,497.78073,1569,4945.4727,3.0093257,5,50.788189,1.3815421065169498,1.2990788796313848,5501.007000533468,1.1649127,1.2388874,0.0,True,1.3165532845618648,1.2810214357419694
1252,18348,434.86206,1569,5661.0156,1.9080875,4,14.960249,1.2069791677588002,1.1360167955757816,4269.208201198292,1.0745819,0.93615317,0.0,True,1.1672599874311602,1.0760577079030471
1253,93,367.25485,1569,6703.1406,4.0422544,4,94.133278,1.019388296778311,0.5156518892813562,1672.4333747432227,0.98997557,0.0,0.0,True,1.0105644787448176,0.3609563224969493
1254,60,341.62729,1569,7205.9844,3.9967322,4,42.366833,0.9482736749392939,0.46277555859494357,1409.9417354287712,0.94722015,0.20128538,0.0,True,0.9479576174575057,0.3843285050164605
1255,2828,282.59955,1569,8711.1289,1.9798553,3,14.9606,0.7844646778831772,0.8759991729368672,2246.110263939701,0.91383713,0.50549251,0.0,True,0.823276413518224,0.764847174055807
1256,5628,342.33417,1569,7191.1055,2.9592226,3,42.821655,0.950235173930523,0.9723758894172588,2956.3515815415985,0.96701843,0.53018743,0.0,True,0.9552701507513661,0.8397193515920812
1257,18297,436.0563,1569,5645.5117,3.0093908,4,41.040962,1.2102926419600162,1.136055054846292,4279.718900017361,1.0541958,0.83912438,0.0,True,1.1634635893720113,1.0469758523924044
1258,0,539.65875,1569,4561.6992,1.3037889,2,55.082157,1.4977196253191056,0.0,374.0629410270044,,,,False,1.4977196253191056,0.0
1259,40377,515.22919,1569,4777.9922,1.9809797,4,13.844273,1.4299483283452015,1.2518337346582662,5464.554344381374,1.0564874,1.0510625,0.0,True,1.317910049841641,1.1916023642607863
1260,4587,443.90891,1569,5545.6445,3.048912,5,48.319447,1.2320800036651773,0.9779488862200625,3742.7813141790284,1.0087569,0.88412738,0.0,True,1.165083072565624,0.9498024343540438
1261,2191,425.15195,1569,5790.3086,3.9430208,5,118.28551,1.1800375856861463,0.8878303641751781,3270.7048983400746,1.0718728,0.75018752,0.0,True,1.1475881499803025,0.8465375109226246
1262,152862,563.26459,1569,4370.5234,2.0195305,4,62.045029,1.5632030364647338,1.4239336380499064,6723.860596057979,1.2107573,1.3245386,0.0,True,1.4574693155253138,1.3941151266349345
1263,36105,511.75116,1569,4810.4648,2.0495949,4,33.23262,1.4202996052860692,1.2376460573457875,5370.440532859434,1.0531967,1.0412769,0.0,True,1.3101687337002486,1.1787353101420512
1264,2114,425.13675,1569,5790.5156,4.0383244,5,48.864079,1.179995416135453,0.883699565928948,3255.3923204376706,1.0718726,0.8644678,0.0,True,1.147558571294817,0.8779300361502637
1265,6178,445.68198,1569,5523.582,3.0746765,5,47.860638,1.2369994429352602,1.0129491352765634,3890.39078353096,1.0090525,0.89886558,0.0,True,1.168615360054682,0.9787240686935943
1266,1147,445.1748,1569,5529.875,2.9439726,4,114.18311,1.2355922460093733,0.8175212562559188,3136.989792586864,1.0097264,0.7570743,0.0,True,1.1678324922065613,0.7993871693791431
1267,987,415.75461,1569,5921.1875,2.0309803,3,27.265318,1.1539634455085377,0.793811717760613,2867.3324621330116,1.0705252,0.80810094,0.0,True,1.1289319718559763,0.7980984844324291
1268,209,405.64365,1569,6068.7773,3.0622907,4,23.738838,1.1259088446372596,0.6138052958091504,2170.9472675454185,0.99386179,0.39992577,0.0,True,1.0862947282460818,0.5496414380664053
1269,0,338.91885,1569,7263.5703,3.0444832,3,117.33157,0.9407577896387709,0.0,234.92064531611902,0.96480972,0.0,0.0,True,0.9479733687471397,0.0
1270,38,387.44293,1569,6353.8672,4.0182853,4,120.19226,1.075406650392743,0.4183441733734461,1429.2302641187039,0.94700563,0.27230254,0.0,True,1.03688634427492,0.3745316833614123
1271,6093,408.60614,1569,6024.7773,1.5976803,4,29.866207,1.134128824685973,1.0012553052636117,3561.0940550022383,0.97701484,0.89447308,0.0,True,1.086994629280181,0.9692206376845283
1272,8973,408.9657,1569,6019.4805,3.002378,4,36.769009,1.135126461987729,1.0458256494814444,3722.486863864083,0.97811413,0.96534091,0.0,True,1.0880227623914103,1.0216802276370112
1273,30151,528.10889,1569,4661.4648,2.0510414,4,54.173317,1.4656788780507364,1.220920710394887,5446.936057220723,1.089231,1.0541754,0.0,True,1.3527445146355155,1.1708971172764209
1274,1803,409.35248,1569,6013.793,4.0404472,5,52.248905,1.1361996424898766,0.8615829570692789,3069.4541975218235,0.99753892,0.79769242,0.0,True,1.0946014257429135,0.8424157959484952
1275,4167,440.19586,1569,5592.4219,2.2805009,3,53.437237,1.2217780457160554,0.9658722430982275,3669.222427876808,0.99797106,0.82538819,0.0,True,1.1546359500012389,0.9237270271687592
1276,5764,466.89648,1569,5272.6055,2.1281438,3,93.695808,1.2958584022811,1.0103503978337847,4043.199265467557,1.0260178,0.87076843,0.0,True,1.2149062215967699,0.9684758074836493
1277,62438,549.99707,1569,4475.9531,3.1276841,5,42.198334,1.5263987146031301,1.313400192895427,6073.046403099325,1.1156543,1.0993767,0.0,True,1.403175390222191,1.249193145026799
1278,184102,609.37506,1569,4039.8125,2.9830887,5,115.32133,1.691108099619441,1.4598066949199924,7387.6099098638415,1.1221211,1.1400244,0.0,True,1.5204119997336085,1.3638720064439946
1279,31250,528.12793,1569,4661.2969,3.0099025,5,80.699097,1.4657316491886034,1.2251637706990293,5466.038863704476,1.0888834,1.0537962,0.0,True,1.3526771744320225,1.1737534994893206
1280,177684,602.23517,1569,4087.707,2.2681987,4,16.661179,1.6713035569279417,1.4534728196624382,7279.682164025362,1.1173909,1.1366172,0.0,True,1.5051297598495592,1.3584161337637066
1281,62239,551.92859,1569,4460.2891,2.9226453,5,38.550423,1.5317568411004796,1.313567874227175,6092.612333999413,1.1156423,1.0976152,0.0,True,1.4069224787703356,1.2487820719590224
1282,2977,425.11066,1569,5790.8711,3.1931093,4,155.94429,1.1799230015480755,0.9231872097091722,3400.6059621942923,1.0334967,0.90634537,0.0,True,1.1359951110836528,0.9181346577964206
1283,68250,542.74384,1569,4535.7695,2.1363635,4,60.435806,1.5062778873834604,1.3219006857721904,6041.261067809221,1.1574048,1.1630367,0.0,True,1.4016159611684222,1.2742414900405332
1284,69383,542.82428,1569,4535.0977,1.9492869,4,14.838319,1.506500919275576,1.3238792321547266,6051.093484055125,1.1574061,1.1630217,0.0,True,1.4017724734929031,1.2756219725083087
1285,2764,414.35532,1569,5941.1836,4.7033091,6,102.14601,1.1500808852503062,0.9119266142507894,3283.8311770282708,1.0351909,0.74968606,0.0,True,1.1156138896752141,0.8632544479755526
1286,67037,542.73639,1569,4535.832,2.0478044,4,99.496956,1.50625714127211,1.3197688853010245,6031.4456856968,1.1573611,1.1624961,0.0,True,1.401588328890477,1.2725870497107172
1287,1260,425.79797,1569,5781.5234,4.0070772,4,310.35742,1.1818300684826661,0.8241612322308343,3040.390410632796,1.0342786,0.55594695,0.0,True,1.1375646279378664,0.743696947561584
1288,39809,491.76938,1569,5005.9258,5.025188,6,110.99521,1.364864842025635,1.243326952813978,5208.77137557771,1.0949594,1.0412767,0.0,True,1.2838932094179445,1.1827118769697846
1289,1884,403.8855,1569,6095.1953,2.9799094,3,50.282681,1.121030493461986,0.8652938298225166,3046.1906556885992,1.0298871,0.85295159,0.0,True,1.09368747542339,0.8615911578757616
1290,27,326.13293,1569,7548.3359,3.0260446,3,156.40854,0.9052765262924397,0.37316894120687066,1098.1860552102705,0.9323439,0.23897311,0.0,True,0.9133967384047079,0.3329101918448094
1291,0,407.84747,1569,6035.9844,2.0343618,3,215.85767,1.1320237687088264,0.0,282.69832392900685,1.0314919,0.0,0.0,True,1.1018642080961785,0.0
1292,67506,542.78918,1569,4535.3906,2.9645145,5,53.558002,1.5064036708440094,1.32061208606357,6035.816435184818,1.1573225,1.1630144,0.0,True,1.4016793195908064,1.273332780244499
1293,5602,426.3176,1569,5774.4766,3.0325859,5,119.15885,1.1832717985723515,0.9964597289838253,3679.6477771008467,1.0735897,0.96332312,0.0,True,1.150367169000646,0.9865187462886778
1294,178795,618.33868,1569,3981.25,3.1489978,5,51.889408,1.7159710929248986,1.4588478303324455,7478.191930444451,1.1299601,1.1405301,0.0,True,1.540167795047429,1.3633525112327118
1295,138524,563.01801,1569,4372.4375,2.0117354,4,15.265863,1.5625190337941968,1.4121114584269163,6665.465112034536,1.2109817,1.3257699,0.0,True,1.4570578336559377,1.3862089908988415
1296,8008,426.31616,1569,5774.4961,2.9949901,4,47.426224,1.1832678041439517,1.0377055951388237,3831.919800166611,1.0735897,0.98198736,0.0,True,1.1503643729007662,1.0209901245971766
1297,1,348.4415,1569,7065.0625,3.9915233,4,48.591156,0.9671828791514299,0.07820382039781125,382.8021137819492,0.96391416,0.051587597,0.0,True,0.9662022634060009,0.07021895337846787
1298,5714,408.36679,1569,6028.3086,3.0066159,3,42.033443,1.1334646880083552,0.9938114368615758,3532.7911212229787,0.99666154,0.92092103,0.0,True,1.0924237436058486,0.9719443148031031
1299,2859,322.90155,1569,7623.875,2.1235261,2,14.782246,0.8963091915213798,0.8902775470003541,2569.9497009419447,0.89878339,0.86255407,0.0,True,0.8970514510649659,0.8819605039002478
1300,0,263.11703,1569,9356.1445,1.105476,1,15.759057,0.7303949897218516,0.0,182.37882750180654,0.81228548,0.0,0.0,True,0.7549621368052961,0.0
1301,5143,446.36319,1569,5515.1523,3.0059109,5,119.5615,1.2388894640253274,0.9918507738730613,3814.5219112012387,1.0726714,0.92042339,0.0,True,1.1890240448177292,0.9704225587111428
1302,130902,562.22742,1569,4378.5859,2.0181947,4,48.894989,1.5603259499815085,1.4051256526308298,6624.2868764798695,1.211231,1.3252875,0.0,True,1.455597464987056,1.3811742068415809
1303,2733,445.78918,1569,5522.2539,2.9977052,4,48.023273,1.2372968331330865,0.9183524933028538,3527.9250692285864,1.0734695,0.95782214,0.0,True,1.1881486331931606,0.9301933873119977
1304,132074,562.35785,1569,4377.5703,1.9902935,4,14.700518,1.5606877816056752,1.406227519532194,6630.836086794359,1.2112328,1.3257619,0.0,True,1.4558512871239726,1.3820878336725357
1305,151,339.70993,1569,7246.6562,2.8312719,3,62.968632,0.9429529649775777,0.5651979760584065,1708.8897141455695,0.93637723,0.3896701,0.0,True,0.9409802444843045,0.5125396132408846
1306,600,396.48969,1569,6208.8906,2.9238133,3,69.603653,1.1005091372714086,0.7325891166851403,2537.6360904106864,0.97497785,0.62809181,0.0,True,1.0628497510899861,0.7012399246795982
1307,131368,556.72626,1569,4421.8516,2.070241,4,55.407784,1.5450658100495736,1.4039043048580382,6561.449350479914,1.1501584,1.1575073,0.0,True,1.4265935870347015,1.3299852034006268
1308,130593,556.71057,1569,4421.9766,2.0078475,4,64.397423,1.5450221540261089,1.403194772030597,6557.970465327643,1.1501582,1.1563271,0.0,True,1.426562967818276,1.3291344704214179
1309,0,411.03745,1569,5989.1406,2.0080876,2,41.66938,1.140874887144712,0.0,284.9094495720495,1.0240026,0.0,0.0,True,1.1058132010012984,0.0
1310,130968,556.83746,1569,4420.9688,3.025528,5,37.567608,1.54537419660141,1.4035744118702844,6561.061863667365,1.1500145,1.1560695,0.0,True,1.426766287620987,1.3293229383091991
1311,177646,602.04938,1569,4088.9688,2.9957249,5,72.077271,1.6707880675826963,1.4533932039296333,7277.307608343388,1.1176871,1.1399974,0.0,True,1.5048577773078873,1.3593744627507434
1312,204524,601.75159,1569,4090.9922,3.0076053,5,103.20467,1.669962101538601,1.4702464726140558,7358.489462859835,1.1176566,1.1426971,0.0,True,1.5042704510770206,1.371981660829839
1313,196489,601.65564,1569,4091.6445,1.9978623,4,101.08868,1.6696960021548286,1.465399676176414,7333.202700694778,1.1176445,1.1433848,0.0,True,1.50408055150838,1.36879521332349
1314,125414,556.65204,1569,4422.4414,4.0150352,6,297.71454,1.5448598451079276,1.3983571527904624,6534.7562216837205,1.149879,1.1556406,0.0,True,1.4263655915755493,1.3255421869533235
1315,19457,473.66644,1569,5197.2461,4.00109,5,297.19733,1.3146409545593738,1.15421706586815,4677.960534107788,1.0953485,0.79501355,0.0,True,1.2488532181915617,1.046456011107705
1316,42709,494.23029,1569,4981.0,1.4387286,4,68.279366,1.3716921244015858,1.2523142254970838,5269.588018727427,1.1033614,1.052651,0.0,True,1.2911929070811101,1.1924152578479588
1317,1052,409.81564,1569,6006.9961,3.1537895,5,51.499226,1.137484821448478,0.7998224389261206,2852.459359224199,1.0326154,0.84485531,0.0,True,1.1060239950139348,0.8133323002482844
1318,65993,542.763,1569,4535.6094,4.032711,6,49.172554,1.5063310332293258,1.3179125469996449,6023.222435265986,1.1573222,1.1629623,0.0,True,1.401628383260528,1.2714274728997514
1319,916,407.86752,1569,6035.6875,3.0354285,4,49.385845,1.1320794353621484,0.7835002230548423,2782.552730662851,1.0297148,0.81161135,0.0,True,1.101370044753504,0.7919335611383896
1320,185336,601.02106,1569,4095.9648,3.0330393,5,107.42413,1.6679357167472748,1.4581891013714858,7290.347271388269,1.1176966,1.1442997,0.0,True,1.5028639817230922,1.36402228096004
1321,12126,461.73993,1569,5331.4883,3.016438,4,52.550037,1.2815518608886987,1.0956940524247545,4341.866204864457,1.0826784,0.85764122,0.0,True,1.2218898226220891,1.024278202697328
1322,42669,494.2388,1569,4980.9141,3.0076015,5,47.182953,1.3717157708765444,1.2522067076702528,5269.215669343806,1.1033616,1.0568067,0.0,True,1.291209519613581,1.193586705369177
1323,169215,599.42151,1569,4106.8945,4.0179567,6,100.49425,1.6634989912476705,1.4467864979744525,7216.397911574955,1.117429,1.1450385,0.0,True,1.4996779938733693,1.3562620985821168
1324,50376,542.13129,1569,4540.8945,4.0484123,6,48.863598,1.5045786020109209,1.2856663189266626,5869.823456657807,1.1572285,1.1639007,0.0,True,1.4003735714076446,1.2491366332486638
1325,2673,414.58347,1569,5937.9141,4.0221572,5,106.91691,1.1507139229325054,0.9081331877699096,3271.7703018802436,1.0357869,0.82051277,0.0,True,1.116235816052754,0.8818470624389367
1326,174901,601.85327,1569,4090.3008,3.0235896,5,104.54208,1.670244243994259,1.4514639701853103,7265.564739112839,1.1176846,1.1380545,0.0,True,1.5044763507959813,1.3574411291297173
1327,182170,602.04938,1569,4088.9688,2.9899676,5,78.732933,1.6707880675826963,1.4564168941890956,7292.44748343253,1.1176871,1.1390846,0.0,True,1.5048577773078873,1.3612172059323668
1328,11126,473.55786,1569,5198.4375,2.9893045,4,145.08154,1.314339775431029,1.0888707584418185,4412.242638194939,1.0748864,0.83621699,0.0,True,1.2425037628017204,1.013074627909273
1329,2113,434.76187,1569,5662.3203,3.9878316,5,126.7907,1.2067011563405237,0.8859328853905848,3328.88907360688,1.0749531,0.73320782,0.0,True,1.1671767394383665,0.8401153657734093
1330,0,405.03308,1569,6077.9258,1.99663,2,77.027145,1.124214682997135,0.0,280.74753743551076,0.99455261,0.0,0.0,True,1.0853160610979944,0.0
1331,22595,527.64417,1569,4665.5703,4.0133548,6,297.11197,1.4643896966893248,1.186648497686301,5289.934845230736,1.0887327,1.050796,0.0,True,1.3516925976825274,1.1458927483804107
1332,10504,437.89182,1569,5621.8477,4.0065374,5,297.63623,1.2153853056677018,1.072340606898114,4054.747674522204,0.99979156,0.96023858,0.0,True,1.1507071819673913,1.0387099988286799
1333,11632,473.39282,1569,5200.25,2.0219228,4,124.04636,1.3138818503326641,1.094023468142125,4431.755467810879,1.0752566,0.89950126,0.0,True,1.2422942752328647,1.0356668056994875
1334,2534,432.93909,1569,5686.1602,4.2776413,6,127.36246,1.201643697709692,0.9065071380622012,3393.525222144881,1.0729088,0.71880937,0.0,True,1.1630232283967845,0.8501978076435408
1335,13309,473.24246,1569,5201.9023,1.9978365,4,28.771767,1.31346467743891,1.1097201843463829,4494.07416100311,1.076055,0.93493152,0.0,True,1.242241774207237,1.057283585042468
1336,49816,550.06714,1569,4475.3828,3.679522,6,70.663666,1.5265931373777335,1.2865575521538246,5949.598598998092,1.1148351,1.0854307,0.0,True,1.4030657261644135,1.2262194965076771
1337,1881,432.82462,1569,5687.6641,7.3100009,7,123.92366,1.2013260775610817,0.8720312970174154,3263.766647704851,1.0733731,0.8547129,0.0,True,1.1629401842927571,0.8668357779121908
1338,2422,468.94281,1569,5249.5977,5.7101431,6,58.9743,1.3015356937743159,0.9096809319540345,3654.5530771908216,1.0837569,0.85716826,0.0,True,1.2362020556420212,0.8939271303678241
1339,117594,559.29651,1569,4401.5312,3.6591654,5,53.689846,1.5521956233427168,1.3914732256148814,6529.792515151005,1.2121329,1.3277471,0.0,True,1.4501768063399016,1.372355387930417
1340,4960,457.53619,1569,5380.4727,5.9706659,7,85.266716,1.2698888107492123,0.9904870830025702,3893.433566272278,1.0935533,0.99423021,0.0,True,1.2169881575244486,0.9916100211017991
1341,3698,455.25397,1569,5407.4453,4.1300654,5,49.514935,1.263556885563313,0.9557625578524873,3740.406724772113,1.0960075,1.0039486,0.0,True,1.2132920698943193,0.9702183704967411
1342,38602,549.63489,1569,4478.9023,5.133213,7,50.149467,1.525394083216923,1.2561052457754638,5804.755180063021,1.1143602,1.0521424,0.0,True,1.4020839182518459,1.1949163920428245
1343,120261,560.57654,1569,4391.4805,1.4444071,4,72.952026,1.5557464875269396,1.394525763807284,6557.308362449171,1.2121549,1.3290707,0.0,True,1.4526690112688576,1.3748892446650989
1344,0,406.01318,1569,6063.2539,3.7524071,3,76.905075,1.1269341677341986,0.0,281.42689098717756,0.99590796,0.0,0.0,True,1.087626305413939,0.0
1345,1049,461.46539,1569,5334.6602,5.1903872,6,105.86073,1.2807901570898408,0.8105459780055105,3210.6442376757072,1.0759236,0.788046,0.0,True,1.2193301899628886,0.8037959846038574
1346,31944,546.7514,1569,4502.5234,4.3753848,6,61.302383,1.5173951268391905,1.232817994896668,5670.797404182467,1.1133484,1.0390491,0.0,True,1.3961811087874332,1.1746873264276676
1347,1925,425.41943,1569,5786.668,4.2709608,4,52.855869,1.1807797330738439,0.8729626957971115,3217.753310016629,1.0095208,0.82664788,0.0,True,1.1294020531516906,0.8590682510579781
1348,461,374.40164,1569,6575.1875,1.258635,2,55.775249,1.0392195533262663,0.6978962350380747,2297.975074922255,0.95582998,0.703529,0.0,True,1.0142026813283864,0.6995860645266523
1349,71,368.37027,1569,6682.8438,2.6420636,3,44.215977,1.0224834058042018,0.4855572914346312,1580.4777027598818,0.94154888,0.31773645,0.0,True,0.9982030480629412,0.43521103900424185
1350,0,439.32193,1569,5603.5469,3.1515937,3,21.971024,1.219353254522427,0.0,304.51475713765365,1.0203511,0.0,0.0,True,1.159652608165699,0.0
1351,29817,549.81665,1569,4477.4219,2.3134568,5,26.641516,1.5258982092964053,1.2254417154519364,5664.706542360614,1.1135514,1.0346118,0.0,True,1.4021941665074835,1.1681927408163553
1352,2672,458.63901,1569,5367.5352,4.1770644,5,99.265427,1.2729485144064427,0.918762149726107,3619.2721262765986,1.0792348,0.91459376,0.0,True,1.21483440008451,0.917511632808275
1353,5336,466.30783,1569,5279.2617,4.0995831,5,50.98312,1.294225176512859,1.0012026606650886,4002.1365334699963,1.0875423,0.88674217,0.0,True,1.2322203135590013,0.966864513465562
1354,114982,559.91412,1569,4396.6758,2.3354683,4,130.32396,1.5539089868576133,1.3889786785550196,6524.426308804208,1.2121433,1.3290431,0.0,True,1.4513792808003292,1.3709980049885138
1355,21660,545.52655,1569,4512.6328,4.4855509,5,60.891872,1.513997296943641,1.186323477786344,5446.163308991177,1.1038262,1.0185555,0.0,True,1.390945967860549,1.135993084450441
1356,2876,411.57108,1569,5981.375,3.1719561,4,46.499485,1.1423555862524248,0.9157857148882353,3278.102281785649,1.0253651,0.9206956,0.0,True,1.1072584403766974,0.9172586804217648
1357,1822,398.12653,1569,6183.3633,2.0166571,3,98.943588,1.1050509928645746,0.860040144899704,2989.447380753142,1.0018507,0.86792684,0.0,True,1.0740909050052023,0.8624061534297929
1358,1352,455.60977,1569,5403.2227,4.7953024,6,42.674454,1.2645439855592078,0.8388392099682792,3285.3193370982344,1.0749431,0.87239701,0.0,True,1.2076637198914453,0.8489065499777955
1359,12628,461.69257,1569,5332.0352,3.0033984,5,244.02563,1.2814204630470196,1.100407268370438,4360.146242766073,1.0831399,0.94100845,0.0,True,1.2219362941329137,1.0525876228593067
1360,7837,441.35995,1569,5577.6719,3.999099,6,102.0451,1.2250078460515037,1.0393731286012078,3957.615774013407,1.0390995,0.94144094,0.0,True,1.1692353422360526,1.0099934720208454
1361,6115,441.35995,1569,5577.6719,4.0126557,6,106.2141,1.2250078460515037,1.0106176448730118,3848.141074925946,1.0390995,0.94470203,0.0,True,1.1692353422360526,0.9908429604111082
1362,4232,441.38345,1569,5577.375,3.9850156,5,104.18863,1.2250730334299276,0.9679674676835767,3685.950134742514,1.0389366,0.91466361,0.0,True,1.1692321034009494,0.9519763103785037
1363,18964,473.66644,1569,5197.2461,3.985682,6,213.32057,1.3146409545593738,1.1512177977453335,4665.8054075190985,1.0953485,0.88920534,0.0,True,1.2488532181915617,1.0726140604217334
1364,0,294.02158,1569,8372.7227,1.0432904,2,179.35559,0.8161633645366074,0.0,203.80022920078036,0.88101256,0.0,0.0,True,0.8356181231756252,0.0
1365,3109,403.53558,1569,6100.4805,2.9562368,3,50.238106,1.1200595980426487,0.9226492740910799,3245.5154062462957,1.0364285,0.75637722,0.0,True,1.0949702686298541,0.8727676578637559
1366,1626,329.25153,1569,7476.8398,2.0474358,3,135.92934,0.9139307751842876,0.8289821469469759,2434.8504742202445,0.97912568,0.65225476,0.0,True,0.9334892466290012,0.7759639308628832
1367,0,297.05402,1569,8287.25,0.99444675,2,88.976479,0.8245790458597704,0.0,205.9021564369976,0.88969165,0.0,0.0,True,0.8441128271018392,0.0
1368,11106,461.04642,1569,5339.5078,4.045392,6,324.5903,1.2796277964609732,1.0852664527497153,4294.841432960488,1.0840695,0.98810345,0.0,True,1.2209603075226814,1.0561175519248007
1369,5646,364.89389,1569,6746.5117,4.0241508,5,52.150707,1.0128369275692448,0.9797730326802234,3152.3390340833353,0.97684991,0.91956693,0.0,True,1.0020408222984714,0.9617112018761564
1370,19669,476.63696,1569,5164.8555,3.1190114,5,49.789825,1.3228823325701875,1.1563278965823551,4712.462316792543,1.095914,0.94881892,0.0,True,1.2547918327991312,1.0940752036076486
1371,96567,595.7536,1569,4132.1797,4.1321373,6,105.56944,1.653324807311376,1.3783605622609911,6838.067599986426,1.117218,1.1427076,0.0,True,1.4924927651179631,1.3076646735826938
1372,21005,436.19455,1569,5643.7227,3.1984725,4,48.244972,1.210676155931835,1.1520729885614005,4341.274674069095,1.0733511,0.86579341,0.0,True,1.1694786391522844,1.0661891149929803
1373,51468,498.0687,1569,4942.6133,3.0044768,5,46.241104,1.38234103279484,1.2753830394073726,5403.424996964881,1.164927,1.23791,0.0,True,1.317116822956388,1.2641411275851608
1374,79819,579.93829,1569,4244.8672,3.1878681,5,56.164093,1.6094550486281045,1.3511247999645764,6546.077751682287,1.1140059,1.1427099,0.0,True,1.460820304039673,1.2886003299752034
1375,72161,564.75055,1569,4359.0234,1.845325,4,35.289932,1.5673251961668222,1.3348145701906666,6317.685223399172,1.1124541,1.1440089,0.0,True,1.4308638673167755,1.2775728691334667
1376,22512,476.01486,1569,5171.6055,4.231926,6,45.938698,1.3211563687824868,1.171937865284966,4770.569810975709,1.0908554,0.91867304,0.0,True,1.2520660781477406,1.095958417699476
1377,9990,381.08746,1569,6459.832,4.2635765,5,105.49419,1.0577715198867907,1.049649631791052,3509.6402261107937,1.0359688,0.95420325,0.0,True,1.0512307039207536,1.0210157172537364
1378,3643,419.6817,1569,5865.7812,3.9042568,5,48.678867,1.164859701294435,0.9450797615900244,3441.856476829532,1.0054551,0.89697182,0.0,True,1.1170383209061046,0.930647379113017
1379,7404,377.5162,1569,6520.9414,3.8554902,6,56.890045,1.0478619133222786,1.014422562974859,3363.686617697604,1.0311124,0.92941189,0.0,True,1.0428370593255951,0.9889193610824014
1380,129366,597.26056,1569,4121.7539,4.0256863,6,102.00214,1.6575047933614813,1.4139033787945454,7030.00545182921,1.1171583,1.1446315,0.0,True,1.4954008453530367,1.3331218151561817
1381,57169,496.4968,1569,4958.2617,3.992979,6,38.626488,1.3779800884080575,1.2872546582572457,5438.527668536376,1.1033957,1.0584272,0.0,True,1.2956047718856403,1.218606420780072
1382,4119,415.14908,1569,5929.8242,3.0743289,5,50.240299,1.1522832817420823,0.95802987297802,3455.639139232269,1.0368984,0.86692929,0.0,True,1.1176678172194576,0.9306996980846141
1383,7991,415.83252,1569,5920.0781,2.9715128,5,50.868896,1.1541796208147106,1.0344881058398572,3736.8046889380503,1.0362098,0.88159919,0.0,True,1.1187886745702973,0.9886214310879
1384,47011,541.7384,1569,4544.1875,2.8697276,5,69.29631,1.5034887707322018,1.2773475072607627,5828.118915758667,1.1571938,1.1640724,0.0,True,1.3996002795125413,1.243364975082534
1385,0,411.53024,1569,5981.9688,1.9992213,2,46.145943,1.1422422282504385,0.0,285.25102557115764,1.0312514,0.0,0.0,True,1.108944979775307,0.0
1386,998,378.01663,1569,6512.3086,2.9683988,3,47.91597,1.0492505460814523,0.7864752533174905,2611.2463714255373,1.0374106,0.79812622,0.0,True,1.0456985622570167,0.7899705433222434
1387,17,328.24591,1569,7499.7461,2.0394678,2,95.103096,0.9111401218835041,0.3239228803007218,966.5000521559592,0.9362098,0.2011106,0.0,True,0.9186610253184528,0.28707919621050526
1388,323,408.25302,1569,6029.9883,3.0622976,4,53.117184,1.1331490573171539,0.6640717997919353,2361.264097838166,1.0341599,0.54347187,0.0,True,1.1034523101220077,0.6278918208543547
1389,45278,496.35757,1569,4959.6523,3.0072577,5,161.25026,1.3775938825647058,1.2598098819548,5321.261245935328,1.1033893,1.0528232,0.0,True,1.295332507795294,1.19771387736836
1390,0,332.23267,1569,7409.75,3.9795439,4,266.48358,0.9222035087385707,0.0,230.2861385004027,0.93859822,0.0,0.0,True,0.9271219221169995,0.0
1391,43483,541.71143,1569,4544.4141,2.1279981,4,178.69545,1.5034138346291646,1.2680776692791016,5785.57088383223,1.1571933,1.1639329,0.0,True,1.3995476742404152,1.236834238495371
1392,37679,498.09351,1569,4942.3672,2.0132837,4,82.974403,1.3824098371765556,1.2387290069918868,5248.367117845537,1.1649275,1.2378198,0.0,True,1.317165136023589,1.2384562448943208
1393,4270,375.71881,1569,6552.1367,4.0479727,5,45.411259,1.0428744728337909,0.9512516189970625,3140.9481524475896,1.0288687,0.87865657,0.0,True,1.0386727409836536,0.9294731042979437
1394,21,312.89963,1569,7867.5742,3.0134294,3,50.748997,0.8685529460911751,0.3445637755523536,981.094980031371,0.90753347,0.43529013,0.0,True,0.8802471032638225,0.3717816818866475
1395,288,304.91913,1569,8073.4883,2.0527105,3,10.391825,0.846406013106737,0.6298330335061942,1728.855158238817,0.9271462,0.6124171,0.0,True,0.8706280691747159,0.624608253454336
1396,18865,448.19421,1569,5492.6211,2.5976324,4,80.782127,1.2439696444024324,1.1432247711654042,4412.54803055521,1.0658815,0.89352798,0.0,True,1.1905432010817028,1.068315733815783
1397,16585,404.42694,1569,6087.0352,1.8766797,3,80.174538,1.122532820288689,1.1149710884795012,3929.563621086417,1.0291969,0.87023795,0.0,True,1.0945320442020823,1.0415511469356509
1398,32993,496.40643,1569,4959.1641,2.9957974,5,68.689766,1.377729443759601,1.22262907613139,5164.667754614766,1.1649243,1.2379494,0.0,True,1.3138879006317206,1.227225173291973
1399,1840,418.66183,1569,5880.0703,2.5164633,4,193.73552,1.162029949878889,0.8661529846520971,3147.75385644308,1.0038795,0.84103602,0.0,True,1.1145848149152224,0.858617895256468
1400,68,375.23157,1569,6560.6445,2.4929326,3,21.257423,1.0415224923265463,0.481734140641937,1594.169539811711,0.96867794,0.55467695,0.0,True,1.0196691266285822,0.5036169834493558
1401,1170,385.25494,1569,6389.9531,3.7313573,5,101.69873,1.0693354204825285,0.8063051924219404,2722.3913085920954,1.0371357,0.87404418,0.0,True,1.0596755043377701,0.8266268886953583
1402,37,303.65811,1569,8107.0156,3.121628,4,265.49191,0.8429064874277837,0.4041378437015704,1112.4702053322173,0.92598742,0.66628534,0.0,True,0.8678307671994485,0.4827820925910993
1403,15501,387.54037,1569,6352.2695,1.672868,4,16.770321,1.0756770476752837,1.101824906393476,3739.295194224636,1.0434566,0.92651373,0.0,True,1.0660109133726987,1.0492315534754333
1404,1878,385.17935,1569,6391.207,2.9812357,4,274.52161,1.069125691674476,0.8602496790809193,2903.8775409947,1.0024251,0.66299623,0.0,True,1.0491155141721331,0.8010736443566434
1405,23926,541.07611,1569,4549.75,1.5470452,4,32.628777,1.501651421078289,1.1969820973894265,5455.564691025722,1.1155185,1.151889,0.0,True,1.3858115447548023,1.1834541681725985
1406,46077,548.48108,1569,4488.3242,2.5460279,4,61.132278,1.5221933988403558,1.2768388733253828,5889.651592579082,1.1136259,1.1456636,0.0,True,1.399623149188249,1.237486291327768
1407,17084,392.96664,1569,6264.5547,2.9685433,4,45.999535,1.0907336141010788,1.11469728591154,3829.8586475784623,1.0114155,0.95097947,0.0,True,1.0669381798707551,1.065581941138078
1408,0,232.10791,1569,10606.105,0.88312531,1,23.403097,0.6443320325254229,0.0,160.88494340216153,0.98919588,0.71348637,12.956982018980085,True,0.7477911867677961,0.21404591100000003
1409,2846,266.923,1569,9222.7383,1.8750589,3,31.175423,0.7409578064553984,0.871219793616863,2123.2049101010234,0.98852897,0.67162615,0.0,True,0.815229155518779,0.8113417005318041
1410,8526,319.35263,1569,7708.5977,3.8882496,4,50.193584,0.8864607027666742,1.0112298113342195,2890.495829674321,0.92031503,0.41766509,0.0,True,0.8966170009366718,0.8331603949339537
1411,4682,385.18594,1569,6391.0977,2.0530512,4,21.534538,1.069143970049621,0.9644606004236081,3255.556021738613,1.0024252,0.88346529,0.0,True,1.0491283390347348,0.9401620072965258
1412,0,265.16357,1569,9283.9336,1.032721,2,207.11897,0.7360748149107056,0.0,183.7973809327097,,,,False,0.7360748149107056,0.0
1413,1891,385.04358,1569,6393.4609,4.0177975,5,101.83825,1.0687489084474118,0.861001841266836,2905.5073393286193,1.0362054,0.50934088,0.0,True,1.0589858559131882,0.7555035528867853
1414,39465,495.81049,1569,4965.125,2.0031354,4,108.54734,1.3760760713477318,1.2435020886312576,5247.271572650139,1.1034468,1.052366,0.0,True,1.2942872899434121,1.1861612620418804
1415,41267,541.48938,1569,4546.2773,2.059356,4,16.906235,1.5027979617454508,1.2618059292907458,5754.877053950868,1.1571676,1.1676419,0.0,True,1.3991088532218154,1.233556720503522
1416,1275,410.99695,1569,5989.7305,2.9377549,4,52.313271,1.140762565321171,0.8221702477232226,2939.560685409363,1.039629,0.89121157,0.0,True,1.1104224957248197,0.8428826444062558
1417,39995,534.42889,1569,4606.3398,1.9976835,4,35.971977,1.4832113412932575,1.2561327424964612,5663.1076544740745,1.1584959,1.1696159,0.0,True,1.38579670890528,1.2301776897475227
1418,2010,411.17072,1569,5987.1992,3.0191855,4,49.112881,1.1412447019449783,0.8745105056647985,3127.7281896584377,1.0394315,0.77808642,0.0,True,1.1107007413614847,0.8455832799653589
1419,28842,495.28601,1569,4970.3828,4.0172901,6,277.44052,1.3746210078381538,1.2065080957108372,5086.4175773062325,1.165059,1.2386538,0.0,True,1.3117524054867076,1.216151806997586
1420,34821,530.1828,1569,4643.2305,3.0688355,5,132.82198,1.4714322262142001,1.238540748970081,5544.669413005067,1.1624874,1.1710519,0.0,True,1.37874877834994,1.2182940942790568
1421,33203,495.21594,1569,4971.0859,3.0369287,5,167.58147,1.3744266625060915,1.2230297730597228,5155.4236280713185,1.1035075,1.0537069,0.0,True,1.293150913754264,1.172232911141806
1422,0,329.11243,1569,7480.0,2.015718,3,243.66789,0.9135447548640874,0.0,228.12335294173238,0.99110216,0.0,0.0,True,0.9368119764048612,0.0
1423,12406,387.48962,1569,6353.1016,2.2103887,4,52.642639,1.0755362047859474,1.07637690679528,3652.514630248049,1.0434173,0.92955691,0.0,True,1.0659005333501632,1.032330907756696
1424,10381,387.2796,1569,6356.5469,1.9404151,4,71.998558,1.0749534387948136,1.0559639757154835,3581.532746068429,1.043617,0.93599433,0.0,True,1.0655525071563696,1.0199730820008384
1425,4323,344.45374,1569,7146.8555,2.612731,4,12.290787,0.95611694150107,0.9433329698177634,2883.8243795067597,0.98532766,0.8922224,0.0,True,0.9648801570507489,0.9279997988724343
1426,2419,340.94901,1569,7220.3203,2.0983043,4,48.16254,0.9463914049745346,0.8769230650760533,2656.6528505014335,0.98086596,0.84780043,0.0,True,0.9567337714821742,0.8681862745532373
1427,224,331.96088,1569,7415.8164,2.4009595,3,18.56881,0.9214493170649387,0.6077465508856922,1799.4055684292273,1.0322275,0.58374679,0.0,True,0.9546827719454571,0.6005466226199845
1428,758,331.3988,1569,7428.3945,2.3891835,4,251.55394,0.9198894965661785,0.7440427427709266,2198.273768806997,1.0760216,0.86863017,0.0,True,0.966729127596325,0.7814189709396486
1429,0,337.98859,1569,7283.5625,1.0404184,2,27.024637,0.9381762706576331,0.0,234.2758382199313,0.97815824,0.73726463,12.05196868758842,True,0.9501708614603432,0.22117938900000003
1430,0,327.07742,1569,7526.5391,2.0047896,3,170.88954,0.9078975037657839,0.0,226.71279149782106,0.9928363,0.0,0.0,True,0.9333791426360487,0.0
1431,5668,361.34015,1569,6812.8633,3.5131521,5,174.91664,1.0029756364875435,0.9791276955939698,3123.042824753114,1.0831687,0.96890163,0.0,True,1.0270335555412804,0.9760598759157789
1432,15444,414.16199,1569,5943.957,4.0252271,6,48.363136,1.1495444477471164,1.109820015786169,3994.6360251549986,1.107407,1.0996863,0.0,True,1.1369032134229815,1.1067799010503183
1433,7316,414.16144,1569,5943.9648,4.0078983,6,44.60207,1.149542939758591,1.023855495750161,3685.24673909804,1.1074066,1.1068052,0.0,True,1.1369020378310137,1.0487404070251127
1434,0,412.88586,1569,5962.3281,2.0266633,3,13.189501,1.1460036639991522,0.0,286.1906697520683,,,,False,1.1460036639991522,0.0
1435,4473,440.09872,1569,5593.6562,4.0058851,5,109.73623,1.2215085436973596,0.9740569634388138,3699.584983660124,1.0372857,0.6783396,0.0,True,1.1662416905881519,0.8853417544071697
1436,12857,472.74759,1569,5207.3477,1.7904081,4,83.552071,1.312091695452216,1.1055476955749486,4473.042785065195,1.0775561,0.9563809,0.0,True,1.2417310168165512,1.060797656902464
1437,7495,441.26385,1569,5578.8867,4.0021534,6,72.919952,1.2247411967516026,1.034175619091943,3937.070012632066,1.0386868,0.90784538,0.0,True,1.1689248777261219,0.9962765473643602
1438,6906,441.2413,1569,5579.1719,4.0055537,6,73.209435,1.2246786120121298,1.0246840425532655,3900.7652257880522,1.0389289,0.92806059,0.0,True,1.1689536984084907,0.9956970067872859
1439,2446,397.38947,1569,6194.832,2.3007936,4,10.94817,1.1030058352224332,0.8935705936585019,3100.8406223088855,0.99194908,0.79327875,0.0,True,1.0696888086557033,0.8634830405609513
1440,9384,472.36243,1569,5211.5938,2.2243552,4,170.88081,1.3110230904243254,1.0686571577112078,4320.687100245973,1.0775486,0.97375834,0.0,True,1.240980743297028,1.0401875123978455
1441,8577,437.91129,1569,5621.5977,2.9924836,5,256.68182,1.2154393362621052,1.0488773617086016,3966.194361467457,0.99979204,0.9443844,0.0,True,1.1507451473834736,1.0175294731960212
1442,17351,527.00836,1569,4671.1992,4.0325098,6,323.24673,1.46262582940892,1.1552282753404344,5144.40300524759,1.0885923,1.0402325,0.0,True,1.350415770586244,1.120729542738304
1443,125135,556.64417,1569,4422.5039,4.0065794,6,322.38303,1.5448380226070322,1.3980895168413137,6533.424144561825,1.1498787,1.1539681,0.0,True,1.4263502258249223,1.3248530917889196
1444,2847,343.3656,1569,7169.5039,2.8782825,3,14.983981,0.9530974187845177,0.8959634186560569,2731.3783505838746,0.90372211,0.86321872,0.0,True,0.9382848261491623,0.8861400090592398
1445,0,288.44791,1569,8534.5078,0.87280524,1,18.904556,0.8006953213225088,0.0,199.93685555490885,0.83340645,0.0,0.0,True,0.8105086599257562,0.0
1446,3673,452.77637,1569,5437.0352,2.4740801,4,42.737541,1.256682776366864,0.954368112261136,3716.9808628359656,1.0895236,0.90349281,0.0,True,1.2065350234568046,0.9391055215827953
1447,2597,442.3364,1569,5565.3594,1.0977107,3,64.197861,1.2277170135438178,0.9116091245527103,3478.0389328279925,1.1138279,0.92424363,0.0,True,1.1935502794806725,0.9153994761868972
1448,3,419.71161,1569,5865.3633,4.1194582,4,21.025505,1.1649426678407833,0.15976045551631401,675.4997774227553,1.0733864,0.10400788,0.0,True,1.1374757874885484,0.1430346828614198
1449,112392,559.92059,1569,4396.625,3.5539861,5,25.781292,1.5539269330513745,1.3862649044971131,6511.745347466146,1.2121434,1.3291647,0.0,True,1.451391873135962,1.369134843147979
1450,1780,442.24265,1569,5566.5391,4.9855976,5,33.444569,1.2274569205939672,0.8678112039788929,3310.4036452882824,1.1263738,0.94369835,0.0,True,1.197131984415777,0.890577347785225
1451,22778,544.36737,1569,4522.2422,3.1736875,6,85.533424,1.5107815969474627,1.1920026247264488,5461.985258607765,1.1013969,1.0388905,0.0,True,1.387966187863224,1.1460689873085141
1452,3280,430.51804,1569,5718.1367,5.472887,6,127.34063,1.1949263128437302,0.9357346026953646,3485.563716542561,1.0729779,0.86320454,0.0,True,1.1583417889906111,0.9139755838867551
1453,109424,560.74512,1569,4390.1602,2.4345746,5,60.647491,1.5562141508165166,1.3833173151538203,6506.327758582183,1.2121577,1.329865,0.0,True,1.4529972155715616,1.367281620607674
1454,2118,431.06519,1569,5710.8789,3.9619229,5,121.58555,1.196444380414418,0.8853319181648448,3301.602160845529,1.0724978,0.74607211,0.0,True,1.1592604062900926,0.8435539757153914
1455,10051,472.3309,1569,5211.9414,1.9994431,4,68.092133,1.3109356879026492,1.076670412474844,4352.8251004313115,1.0779402,0.9898172,0.0,True,1.2410370415318543,1.0506144487323907
1456,4863,414.85992,1569,5933.957,2.9845152,3,65.350876,1.1514810258721722,0.9770587329660014,3522.086873502337,1.0724783,0.87515897,0.0,True,1.1277802081105204,0.946488804076201
1457,2320,329.17294,1569,7478.625,1.9959931,3,148.31084,0.913712671854705,0.8687864406035903,2551.150906231849,0.9630819,0.79778999,0.0,True,0.9285234402982935,0.8474875054225132
1458,0,348.76758,1569,7058.457,1.9603462,3,113.65142,0.9680877393479065,0.0,241.74726474771518,0.98969412,0.0,0.0,True,0.9745696535435345,0.0
1459,17837,415.71704,1569,5921.7227,4.0768609,6,53.893219,1.1538591865370575,1.1268805332146332,4069.5132821929587,1.0993085,1.0282152,0.0,True,1.1374939805759403,1.0972809332502433
1460,0,330.91052,1569,7439.3555,1.9951336,3,58.500702,0.9185345137580246,0.0,229.3696939556254,0.99113703,0.0,0.0,True,0.9403152686306173,0.0
1461,22109,417.71252,1569,5893.4336,4.0554199,6,50.170486,1.159395952808815,1.1522306641007634,4178.725248322547,1.1024344,1.0440737,0.0,True,1.1423074869661705,1.1197835748705343
1462,22489,417.05765,1569,5902.6875,4.0291548,6,50.301105,1.1575789329906285,1.1539849763375492,4179.280705092175,1.1028247,1.0501813,0.0,True,1.14115266309344,1.1228438734362842
1463,21991,416.01645,1569,5917.4609,4.0138392,6,50.224209,1.1546899238565969,1.1510751589921975,4159.531946942719,1.1043535,1.0676597,0.0,True,1.1395889966996178,1.1260505212945384
1464,31128,417.00385,1569,5903.4492,4.0045824,6,50.270954,1.1574296254877785,1.1914018055907236,4314.291500672632,1.1046876,1.0883837,0.0,True,1.1416070178414448,1.1604963739135066
1465,3351,348.83051,1569,7057.1836,4.0316434,6,112.59331,0.9682623718546011,0.9159450632396424,2831.670296671295,0.98920161,0.85292357,0.0,True,0.9745441432982207,0.8970386152677496
1466,23061,415.78369,1569,5920.7734,4.0240331,6,49.625183,1.1540441266743553,1.1564700140674993,4176.956663408545,1.1057333,1.0957735,0.0,True,1.1395508786720487,1.1382610598472493
1467,8153,494.08032,1569,4982.5117,4.013236,6,112.90224,1.3712761183594175,1.0577819738042868,4449.878331402116,1.1036435,1.0519823,0.0,True,1.2909863328515923,1.0560420716630008
1468,11232,364.9985,1569,6744.5781,4.0066271,5,54.916927,1.0131272112440382,1.0578060298266228,3404.2315731284584,0.9822464,0.97160953,0.0,True,1.0038629678708269,1.0319470798786359
1469,7142,414.64267,1569,5937.0664,4.0061302,5,51.481373,1.1508781676347484,1.0212225171109277,3679.550714391846,1.0966926,0.96249843,0.0,True,1.1346224973443237,1.0036052909776494
1470,5624,296.18036,1569,8311.6953,2.9933352,4,62.843376,0.8221544823627469,0.9567014119280496,2557.563017132207,0.88836813,0.9131158,0.0,True,0.8420185766539229,0.9436257283496348
1471,18720,473.66431,1569,5197.2695,4.0097003,6,108.86273,1.3146350378438936,1.1497038003372266,4659.6511367070125,1.0953485,1.0462477,0.0,True,1.2488490764907254,1.1186669702360585
1472,5782,330.48105,1569,7449.0234,2.9427769,4,86.827034,0.9173426909239208,0.9715616684990492,2862.9080164266825,0.98420459,0.92014146,0.0,True,0.9374012606467446,0.9561356059493344
1473,0,248.94002,1569,9888.9727,1.0269483,2,19.740341,0.6910485008105524,0.0,172.5520729915364,0.81059009,0.0,0.0,True,0.7269109775673867,0.0
1474,0,250.33459,1569,9833.8828,0.99196792,2,11.264424,0.6949190016673544,0.0,173.51871525512988,0.81307334,0.0,0.0,True,0.7303653031671481,0.0
1475,37927,529.48077,1569,4649.3867,3.0179935,5,110.24373,1.4694847572860588,1.2484636552177215,5582.565286501892,1.1639278,1.179708,0.0,True,1.377817670100241,1.2278369586524052
1476,0,272.91577,1569,9020.2227,1.0433172,2,12.807742,0.7575895744507727,0.0,189.1707965058465,0.8899647,0.0,0.0,True,0.7973021121155408,0.0
1477,0,275.1564,1569,8946.7695,0.99606371,2,12.828091,0.7638080135926064,0.0,190.72388287302454,0.89396167,0.0,0.0,True,0.8028541105148246,0.0
1478,0,298.16318,1569,8256.4219,0.97150421,2,51.095139,0.8276571406327766,0.0,206.67096756378749,0.88723022,0.0,0.0,True,0.8455290644429436,0.0
1479,1919,438.48868,1569,5614.1953,4.0082207,5,109.73769,1.2170413404058618,0.8756591898957289,3315.2380238688497,1.0405083,0.64819086,0.0,True,1.1640814282841032,0.8074186909270102
1480,1124,437.55585,1569,5626.1641,3.0137815,4,65.435715,1.2144531919197419,0.8135443686784583,3074.454154743357,0.99953055,0.83882171,0.0,True,1.1499763993438192,0.8211275710749208
1481,5347,438.78479,1569,5610.4062,3.0075035,5,72.781685,1.2178630007024618,0.994389490322476,3766.8203882326843,1.0408057,0.89035678,0.0,True,1.1647458104917232,0.9631796772257332
1482,5551,438.68829,1569,5611.6406,3.0039032,5,73.618477,1.217595201212757,0.9987004305391654,3782.4114981486223,1.0410291,0.94467062,0.0,True,1.1646253708489298,0.9824914873774158
1483,8489,438.49051,1569,5614.1719,4.014205,6,101.58966,1.2170464112562334,1.0478434799574137,3966.9193086607897,1.0412706,0.95892668,0.0,True,1.1643136678793633,1.0211684399701895
1484,14991,526.91272,1569,4672.0469,4.0062218,5,252.82138,1.4623605629402439,1.137902756544873,5066.444270506686,1.0885556,1.0340909,0.0,True,1.3502190740581705,1.1067591995814112
1485,121751,556.65155,1569,4422.4453,4.0714374,6,207.19035,1.544858483365836,1.394826141938359,6518.25031020673,1.149879,1.1519052,0.0,True,1.4263646383560853,1.3219498593568513
1486,16438,473.59344,1569,5198.0469,4.02918,6,206.5786,1.3144385016783409,1.1344920391851023,4597.3953748330705,1.0958301,1.0531071,0.0,True,1.2488559811748385,1.1100765574295717
1487,2846,342.11765,1569,7195.6562,2.4025536,3,139.30269,0.949634390135653,0.8955567267220224,2721.331149103762,0.94443351,0.8658644,0.0,True,0.9480741260949571,0.8866490287054156
1488,0,312.35791,1569,7881.2188,0.43873921,1,23.570896,0.8670496188553212,0.0,216.51000464209713,0.9043839,0.0,0.0,True,0.8782499031987249,0.0
1489,5078,437.56436,1569,5626.0547,4.0381641,6,107.78655,1.2144767988649972,0.9880927811042849,3733.765799663032,1.0416925,0.96381533,0.0,True,1.162641509205498,0.9808095457729995
1490,4462,413.85736,1569,5948.332,3.9994025,5,50.438923,1.1486992416377946,0.9668873994345828,3477.974690577416,1.0445248,0.91372794,0.0,True,1.1174469091464563,0.950939561604208
1491,1814,435.30212,1569,5655.293,4.0339789,5,105.3991,1.208200080125442,0.868411884762885,3266.6775550129923,1.0416776,0.94631499,0.0,True,1.1582433360878093,0.8917828163340195
1492,38485,528.87292,1569,4654.7305,1.9929323,4,26.505466,1.4677984598621505,1.2500231259852015,5583.880378412551,1.1649858,1.1837152,0.0,True,1.3769546619035054,1.230130748189641
1493,11031,460.88223,1569,5341.4102,3.9808559,6,205.3206,1.279172214009155,1.0844321165263493,4290.189554763925,1.0845419,1.0171468,0.0,True,1.2207831198064085,1.0642465215684445
1494,36482,528.6897,1569,4656.3438,3.0406861,5,209.90187,1.46729012484933,1.24364412787498,5553.689200775937,1.1649809,1.1884023,0.0,True,1.376597357394531,1.227071579512486
1495,3974,348.73495,1569,7059.1172,4.0525646,5,240.80203,0.9679972251265143,0.9351514658437867,2890.3262743869473,0.98855054,0.7406888,0.0,True,0.97416321958856,0.8768126660906507
1496,18753,432.25314,1569,5695.1836,4.0101595,6,110.20515,1.1997404921079078,1.1377512724094896,4253.031865259716,1.047081,0.96804518,0.0,True,1.1539426444755354,1.0868394446866427
1497,0,336.56998,1569,7314.2617,1.9902403,2,67.250549,0.9342396617514518,0.0,233.29253269811716,0.9457835,0.0,0.0,True,0.9377028132260163,0.0
1498,17357,432.02853,1569,5698.1445,3.0618067,5,53.565647,1.1991172953410394,1.128738690403465,4217.404783447117,1.0465308,0.97999227,0.0,True,1.1533413467387275,1.0841147642824256
1499,735,330.58575,1569,7446.6641,4.0380912,6,114.05446,0.9176332512957729,0.7403865211886185,2182.7214702803312,0.98923033,0.84648812,0.0,True,0.939112374907041,0.7722170008320329
1500,9051,494.70398,1569,4976.2305,3.008122,5,113.24626,1.373006303322657,1.070211231701341,4507.174485117165,1.1651191,1.2363222,0.0,True,1.3106401423258598,1.1200445221909388
1501,5581,414.76984,1569,5935.2461,4.0125718,6,49.065716,1.1512310153175396,0.9928800228661823,3578.419140151331,1.0441275,0.91558129,0.0,True,1.1190999607222776,0.9696904030063276
1502,5844,414.08252,1569,5945.0977,4.0257645,6,51.548412,1.149323956102672,0.9979881247474857,3591.55009779615,1.0436707,0.89893115,0.0,True,1.1176279792718704,0.96827103232324
1503,5024,414.07272,1569,5945.2383,3.9999642,5,49.18082,1.149296784676192,0.9805922745711295,3528.8849507479654,1.0435141,0.89421302,0.0,True,1.1175619792733342,0.9546784981997907
1504,0,330.43375,1569,7450.0898,1.9906659,3,211.5515,0.9172114184524591,0.0,229.03922217434982,,,,False,0.9172114184524591,0.0
1505,0,492.28952,1569,5000.6367,2.0188732,3,226.50644,1.3663078623904674,0.0,341.22909280720876,1.1038393,1.0562577,7.459626240431282,True,1.2875672936733271,0.31687731
1506,0,330.8598,1569,7440.4961,2.0233474,3,156.58035,0.918393743719006,0.0,229.3345375306274,,,,False,0.918393743719006,0.0
1507,0,331.10959,1569,7434.8828,1.9931085,3,190.13538,0.9190869400137786,0.0,229.50767876485946,,,,False,0.9190869400137786,0.0
1508,0,493.48993,1569,4988.4727,1.0087327,2,147.97864,1.3696381619106144,0.0,342.0611536142248,,,,False,1.3696381619106144,0.0
1509,188254,561.03119,1569,4387.9219,2.0010488,4,63.638687,1.557007621455202,1.448089455887297,6814.036867864178,1.2159636,1.3825458,0.0,True,1.4546944150186414,1.428426359121108
1510,12144,417.22858,1569,5900.2695,3.9945276,5,47.723461,1.158053161736024,1.0830806721383004,3923.932647521021,1.148898,1.0490832,0.0,True,1.1553066132152168,1.0728814304968104
1511,21942,442.8779,1569,5558.5547,3.98948,6,100.72546,1.2292194258772604,1.159163834462558,4427.117779442643,1.078357,1.040284,0.0,True,1.1839606981140824,1.1234998841237906
1512,184478,560.78906,1569,4389.8164,2.0232477,4,43.457306,1.5563359743119276,1.4455993355816554,6799.733534208108,1.2159532,1.3825589,0.0,True,1.4542211420183493,1.4266872049071588
1513,20187,442.31,1569,5565.6914,3.0318499,5,52.135849,1.2276438050954301,1.1493264831396983,4384.571782715709,1.0773059,1.0244197,0.0,True,1.182542433566801,1.1118544481977888
1514,6075,417.17886,1569,5900.9727,4.0039029,5,47.505371,1.157915207009699,1.0033075966932925,3634.5733781744943,1.0773214,1.0373396,0.0,True,1.1337370649067893,1.0135171976853048
1515,9381,416.78156,1569,5906.5977,3.0113568,5,34.055241,1.1568128687950952,1.053224029974551,3812.1570647820063,1.1491867,1.0829915,0.0,True,1.1545250181565667,1.0621542709821858
1516,17639,441.10818,1569,5580.8555,3.027993,5,52.663185,1.2243092904505772,1.1333261773451087,4313.147410614167,1.0750567,1.0036161,0.0,True,1.1795335133154041,1.094413154141576
1517,16478,440.29367,1569,5591.1797,3.02389,5,51.672546,1.2220493927440061,1.1251940875990778,4275.208740680217,1.0736635,0.9905026,0.0,True,1.1775336249208044,1.0847866413193543
1518,2814,416.30609,1569,5913.3438,3.112973,5,19.967987,1.15549359208726,0.9144829170342794,3306.749545515652,1.0766293,1.0305247,0.0,True,1.1318343044610821,0.9492954519239956
1519,0,415.73843,1569,5921.418,1.0094663,2,13.031548,1.1539185409324655,0.0,288.16792060491815,1.073853,0.0,0.0,True,1.129898878652726,0.0
1520,2022,430.56039,1569,5717.5742,4.0546484,5,73.726646,1.195043829642616,0.8798533614367181,3277.7834974562934,1.0426729,0.71205032,0.0,True,1.1493325507498313,0.8295124490057026
1521,2546,416.90427,1569,5904.8594,3.0096455,4,44.93647,1.1571533014469757,0.9031133571424605,3269.8068784422685,1.0761149,0.87311321,0.0,True,1.132841781012883,0.8941133129997224
1522,26219,435.45462,1569,5653.3125,2.9793847,5,52.323887,1.208623193836433,1.1775065593877034,4430.452861998225,1.0448329,0.93514901,0.0,True,1.159486105685503,1.1047992945713925
1523,173697,560.57556,1569,4391.4883,2.0031502,4,59.859867,1.5557437255251372,1.4383548440896692,6763.388526271298,1.2159444,1.3830196,0.0,True,1.4538039278675958,1.4217542708627684
1524,161166,560.28302,1569,4393.7812,2.0122118,4,15.453807,1.5549322281766667,1.429339382294835,6717.906910915855,1.2159337,1.3830442,0.0,True,1.4532326697236666,1.4154508276063846
1525,21009,432.60803,1569,5690.5117,3.008276,5,49.815208,1.2007251308579834,1.1509955855659764,4305.661801915077,1.0465443,0.96689695,0.0,True,1.1544708816005884,1.0957659948961833
1526,123164,554.72058,1569,4437.8398,4.1049876,6,46.732483,1.5395019108331571,1.3956233061605414,6502.039854090292,1.1508446,1.1554126,0.0,True,1.4229047175832101,1.3235600943123789
1527,156029,560.28601,1569,4393.7578,2.9593215,5,68.856331,1.5549405055695065,1.4254787734478398,6699.793644519264,1.2159338,1.3830308,0.0,True,1.4532384938986547,1.412744381413488
1528,17366,418.39001,1569,5883.8906,3.9677124,5,46.79253,1.161275721960089,1.1246294565754258,4084.484237092652,1.078613,1.0648834,0.0,True,1.1364769053720623,1.106705639602798
1529,15239,473.60059,1569,5197.9688,3.8537064,5,46.458954,1.3144582436519816,1.1256432005519694,4561.599851353561,1.0958298,1.0632838,0.0,True,1.248869710556387,1.1069353803863786
1530,14785,439.9537,1569,5595.5,3.0132167,5,52.358227,1.221106182383761,1.1125322712693093,4224.217076343239,1.0728403,0.9430061,0.0,True,1.1766264176686327,1.0616744198885164
1531,59798,556.87927,1569,4420.6367,3.1903145,5,107.10284,1.5454902402209754,1.310198267274749,6124.98196313759,1.2153358,1.3820341,0.0,True,1.446443908154683,1.3317490170923243
1532,34628,544.2334,1569,4523.3555,3.0737069,5,47.975071,1.510409923793413,1.2417264894296371,5688.586354557447,1.1485571,1.1324452,0.0,True,1.401854076655389,1.208942102600746
1533,1691,343.09958,1569,7175.0625,4.1319041,6,52.909595,0.952359249469139,0.8372391859176691,2550.6905854217785,0.97128773,0.86334479,0.0,True,0.9580377936283972,0.8450708671423683
1534,14265,439.65353,1569,5599.3203,3.2913675,5,37.268337,1.220273344463644,1.1082962749977878,4205.595731507261,1.0708135,0.91856271,0.0,True,1.1754353911245508,1.0513762054984515
1535,13312,418.36362,1569,5884.2617,4.0905519,6,13.941206,1.1612025092076863,1.0939975427686548,3973.0199852127685,1.0786124,1.0597528,0.0,True,1.1364254764453805,1.0837241199380583
1536,46394,540.59247,1569,4553.8203,2.013438,4,10.918141,1.5003098028017263,1.2754584336054642,5808.649076408503,1.2168925,1.3824344,0.0,True,1.4152846119612086,1.307551223523825
1537,3645,356.55734,1569,6904.25,3.2254305,4,10.334998,0.9897037981383677,0.9277242891334004,2924.3621412186353,0.96524388,0.86482847,0.0,True,0.9823658226968575,0.9088555433933803
1538,2837,342.64554,1569,7184.5703,3.4653764,5,33.190578,0.9510992824898827,0.8953556015928337,2724.445669781546,0.96844506,0.86436558,0.0,True,0.9563030157429179,0.8860585951149835
1539,0,328.86908,1569,7485.5352,1.9981201,3,92.154625,0.912869412072093,0.0,227.9546755753431,,,,False,0.912869412072093,0.0
1540,0,360.80331,1569,6823.0,1.996891,3,21.630573,1.0014859862114436,0.0,250.08979706319593,,,,False,1.0014859862114436,0.0
1541,17659,438.69104,1569,5611.6055,2.7061985,4,45.4613,1.2176028144288198,1.132736483539119,4290.009733797083,1.0683156,0.92658079,0.0,True,1.1728166501001738,1.0708897754773832
1542,0,326.29776,1569,7544.5234,1.3180451,2,11.393314,0.905733871559068,0.0,226.17237236702567,0.92835635,0.0,0.0,True,0.9125206150913476,0.0
1543,17250,534.63831,1569,4604.5352,2.0858421,4,11.920311,1.483792386063413,1.156503485177674,5215.762063292067,1.1472689,1.1309676,0.0,True,1.3828353402443891,1.1488427196243718
1544,37905,525.87903,1569,4681.2305,3.1294851,5,100.36038,1.4594929410143496,1.2473874124931204,5544.285329595493,1.2210271,1.3828473,0.0,True,1.3879531887100447,1.2880253787451843
1545,5666,414.28394,1569,5942.207,2.9196093,4,46.933178,1.1498828785560633,0.9944852021827385,3580.48690019471,1.093045,1.0618597,0.0,True,1.1328315149892445,1.014697551527917
1546,5414,417.09824,1569,5902.1133,2.9707568,5,58.893864,1.1576915124398277,0.9900218784357414,3585.8406240478153,1.0776033,1.034132,0.0,True,1.1336650487078794,1.003254914905019
1547,4076,405.96271,1569,6064.0078,3.1354346,4,47.75354,1.126794109281083,0.9543655820551944,3374.914946893409,1.0230331,0.88544947,0.0,True,1.0956658064967582,0.9336907484386361
1548,0,403.92822,1569,6094.5508,1.0124934,2,29.2785,1.1211490037765455,0.0,279.9817068415973,1.0208495,0.0,0.0,True,1.0910591526435818,0.0
1549,7562,512.92529,1569,4799.4531,3.4845905,5,62.60696,1.4235569344399308,1.0535740712333965,4581.015488854134,1.1529989,1.1295305,0.0,True,1.3423895241079515,1.0763609998633776
1550,0,327.03348,1569,7527.5508,2.0301895,2,68.755402,0.9077755150935567,0.0,226.68233461070724,0.97729671,0.0,0.0,True,0.9286318735654897,0.0
1551,7475,460.60568,1569,5344.6172,4.0290942,6,49.767799,1.2784049428287296,1.039029700729719,4108.412399066272,1.0850093,1.0314127,0.0,True,1.2203862499801108,1.0367446005108032
1552,12950,431.26517,1569,5708.2305,3.0180249,5,50.32803,1.1969992902901385,1.0946497737766734,4083.6522646862745,1.047022,1.001496,0.0,True,1.1520061032030968,1.0667036416436713
1553,8025,430.86478,1569,5713.5352,3.0354033,5,50.948406,1.1958883318386528,1.0392230666274822,3873.7183011815114,1.0490679,1.0297322,0.0,True,1.1518422022870571,1.0363758066392377
1554,32006,525.25403,1569,4686.8008,4.0947104,6,48.533852,1.4577590619531335,1.227201169824795,5448.849345496433,1.1694036,1.2004942,0.0,True,1.3712524233671934,1.2191890788773565
1555,0,427.72409,1569,5755.4883,1.0148876,2,29.770247,1.1871742502530316,0.0,296.4757470410683,1.0479324,1.0247935,10.45034215315302,True,1.1454016951771222,0.30743805
1556,32593,525.75574,1569,4682.3281,3.9573622,6,99.547142,1.459150962523975,1.2294898713999998,5463.608530436705,1.2211915,1.3842118,0.0,True,1.3877631237667825,1.27590644998
1557,5688,460.46735,1569,5346.2227,2.9886751,5,41.206207,1.2780211743787524,1.0071735970066786,3981.415068139473,1.0843127,1.0861198,0.0,True,1.2199086320651267,1.0308574579046752
1558,0,522.34546,1569,4712.8984,2.0336523,3,19.005043,1.449690168486579,0.0,362.06228287728766,,,,False,1.449690168486579,0.0
1559,0,519.60162,1569,4737.7852,2.0331192,3,11.640164,1.4420783996483852,0.0,360.1603979173801,,,,False,1.4420783996483852,0.0
1560,2415,344.69696,1569,7141.8125,3.9512835,5,14.386468,0.9567918889098925,0.8778165475126929,2685.286654170053,0.96227658,0.86348164,0.0,True,0.9584372962369248,0.8735160752588851
1561,26,339.96906,1569,7241.1328,4.0509419,5,51.977768,0.9436720331695564,0.37082093422905127,1132.8464350520246,0.96721697,0.68590099,0.0,True,0.9507355142186895,0.4653449509603359
1562,1254,329.48254,1569,7471.5977,2.9557872,3,35.524734,0.9145718207300751,0.7999415186867517,2351.084391744694,1.0231718,0.79960579,0.0,True,0.9471518145110527,0.7998408000807262
1563,0,274.46365,1569,8969.3516,1.991627,2,108.42002,0.7618854059730645,0.0,190.2437051636916,0.92599428,0.0,0.0,True,0.8111180681811452,0.0
1564,0,330.0181,1569,7459.4727,3.0363722,3,42.824791,0.9160580130371718,0.0,228.75111554875008,1.0227143,0.0,0.0,True,0.9480548991260203,0.0
1565,5321,416.78046,1569,5906.6133,2.0116296,4,108.73773,1.1568098145622598,0.9879402145256042,3575.8897953242154,1.1491867,1.0858639,0.0,True,1.1545228801935818,1.017317320167923
1566,0,345.957,1569,7115.8008,1.9792891,2,160.87978,0.9602884441347532,0.0,239.799119144977,,,,False,0.9602884441347532,0.0
1567,0,343.86301,1569,7159.1328,2.068167,3,134.02127,0.9544777407134667,0.0,238.34767588035626,,,,False,0.9544777407134667,0.0
1568,0,415.09412,1569,5930.6094,0.94574213,2,137.3795,1.1521307733310575,0.0,287.7213189450116,,,,False,1.1521307733310575,0.0
1569,0,416.78046,1569,5906.6133,1.0000243,2,22.460688,1.1568098145622598,0.0,288.89020076147705,,,,False,1.1568098145622598,0.0
1570,0,417.09961,1569,5902.0938,1.0014586,2,65.837036,1.157695336055315,0.0,289.11141868415274,,,,False,1.157695336055315,0.0
1571,8,324.17984,1569,7593.8125,3.9864953,4,59.214931,0.8998565796474178,0.2458987750255065,746.4516670331949,0.94324571,0.43290269,0.0,True,0.9128733187531926,0.3019999495178546
1572,1603,386.04385,1569,6376.8945,4.1851306,5,100.59598,1.0715245182206887,0.8424077464905962,2849.3429592734587,1.0468595,0.76470065,0.0,True,1.0641250127544821,0.8190956175434174
1573,0,411.3194,1569,5985.0352,1.0482467,2,67.75769,1.1416572021980265,0.0,285.1048824196083,1.0898277,1.0490706,2.8941191766711194,True,1.1261083515386185,0.31472118000000004
1574,2840,406.26837,1569,6059.4453,2.8438683,5,30.224337,1.1276422565247106,0.912977201713148,3230.753052218905,1.0488671,0.97164786,0.0,True,1.1040097095672974,0.9305783991992036
1575,0,405.8584,1569,6065.5664,1.0114903,2,58.935036,1.1265046651806072,0.0,281.3196056665705,1.0485114,0.95275819,5.860197095491418,True,1.103106685626425,0.285827457
1576,0,485.81345,1569,5067.2969,2.181757,3,36.481018,1.3483411981438889,0.0,336.74022314559994,,,,False,1.3483411981438889,0.0
1577,0,459.41199,1569,5358.5039,1.0287297,2,26.211887,1.2750931597854265,0.0,318.44012558393376,1.0834644,1.0813178,2.24341746072096,True,1.2176045318497986,0.3243953400000001
1578,0,358.31332,1569,6870.4141,1.9921136,2,48.16444,0.9945765427454527,0.0,248.36386751507345,,,,False,0.9945765427454527,0.0

metric,value
avg_local_nain,1.174835
avg_local_nach,0.846604
avg_citywide_nain,1.034657
avg_citywide_nach,0.824259
avg_blended_nain,1.133516
avg_blended_nach,0.825649
avg_segment_length,73.205
blended_nain_nach_pearson_r,0.614439
blended_nain_nach_p_value,2.9825e-164
pct_citywide_matched,94.24
