  0
SECTION
  2
HEADER
  9
$ACADVER
  1
AC1015
  9
$ACADMAINTVER
 70
6
  9
$DWGCODEPAGE
  3
ANSI_1252
  9
$INSBASE
 10
0.0
 20
0.0
 30
0.0
  9
$EXTMIN
 10
1e+20
 20
1e+20
 30
1e+20
  9
$EXTMAX
 10
-1e+20
 20
-1e+20
 30
-1e+20
  9
$LIMMIN
 10
0.0
 20
0.0
  9
$LIMMAX
 10
420.0
 20
297.0
  9
$ORTHOMODE
 70
0
  9
$REGENMODE
 70
1
  9
$FILLMODE
 70
1
  9
$QTEXTMODE
 70
0
  9
$MIRRTEXT
 70
1
  9
$LTSCALE
 40
1.0
  9
$ATTMODE
 70
1
  9
$TEXTSIZE
 40
2.5
  9
$TRACEWID
 40
1.0
  9
$TEXTSTYLE
  7
Standard
  9
$CLAYER
  8
0
  9
$CELTYPE
  6
ByLayer
  9
$CECOLOR
 62
256
  9
$CELTSCALE
 40
1.0
  9
$DISPSILH
 70
0
  9
$DIMSCALE
 40
1.0
  9
$DIMASZ
 40
2.5
  9
$DIMEXO
 40
0.625
  9
$DIMDLI
 40
3.75
  9
$DIMRND
 40
0.0
  9
$DIMDLE
 40
0.0
  9
$DIMEXE
 40
1.25
  9
$DIMTP
 40
0.0
  9
$DIMTM
 40
0.0
  9
$DIMTXT
 40
2.5
  9
$DIMCEN
 40
2.5
  9
$DIMTSZ
 40
0.0
  9
$DIMTOL
 70
0
  9
$DIMLIM
 70
0
  9
$DIMTIH
 70
0
  9
$DIMTOH
 70
0
  9
$DIMSE1
 70
0
  9
$DIMSE2
 70
0
  9
$DIMTAD
 70
1
  9
$DIMZIN
 70
8
  9
$DIMBLK
  1

  9
$DIMASO
 70
1
  9
$DIMSHO
 70
1
  9
$DIMPOST
  1

  9
$DIMAPOST
  1

  9
$DIMALT
 70
0
  9
$DIMALTD
 70
3
  9
$DIMALTF
 40
0.03937007874
  9
$DIMLFAC
 40
1.0
  9
$DIMTOFL
 70
1
  9
$DIMTVP
 40
0.0
  9
$DIMTIX
 70
0
  9
$DIMSOXD
 70
0
  9
$DIMSAH
 70
0
  9
$DIMBLK1
  1

  9
$DIMBLK2
  1

  9
$DIMSTYLE
  2
ISO-25
  9
$DIMCLRD
 70
0
  9
$DIMCLRE
 70
0
  9
$DIMCLRT
 70
0
  9
$DIMTFAC
 40
1.0
  9
$DIMGAP
 40
0.625
  9
$DIMJUST
 70
0
  9
$DIMSD1
 70
0
  9
$DIMSD2
 70
0
  9
$DIMTOLJ
 70
0
  9
$DIMTZIN
 70
8
  9
$DIMALTZ
 70
0
  9
$DIMALTTZ
 70
0
  9
$DIMUPT
 70
0
  9
$DIMDEC
 70
2
  9
$DIMTDEC
 70
2
  9
$DIMALTU
 70
2
  9
$DIMALTTD
 70
3
  9
$DIMTXSTY
  7
Standard
  9
$DIMAUNIT
 70
0
  9
$DIMADEC
 70
0
  9
$DIMALTRND
 40
0.0
  9
$DIMAZIN
 70
0
  9
$DIMDSEP
 70
44
  9
$DIMATFIT
 70
3
  9
$DIMFRAC
 70
0
  9
$DIMLDRBLK
  1

  9
$DIMLUNIT
 70
2
  9
$DIMLWD
 70
-2
  9
$DIMLWE
 70
-2
  9
$DIMTMOVE
 70
0
  9
$LUNITS
 70
2
  9
$LUPREC
 70
4
  9
$SKETCHINC
 40
1.0
  9
$FILLETRAD
 40
10.0
  9
$AUNITS
 70
0
  9
$AUPREC
 70
2
  9
$MENU
  1
.
  9
$ELEVATION
 40
0.0
  9
$PELEVATION
 40
0.0
  9
$THICKNESS
 40
0.0
  9
$LIMCHECK
 70
0
  9
$CHAMFERA
 40
0.0
  9
$CHAMFERB
 40
0.0
  9
$CHAMFERC
 40
0.0
  9
$CHAMFERD
 40
0.0
  9
$SKPOLY
 70
0
  9
$TDCREATE
 40
2461229.097916667
  9
$TDUCREATE
 40
2458532.153996898
  9
$TDUPDATE
 40
2461229.097916667
  9
$TDUUPDATE
 40
2458532.1544311
  9
$TDINDWG
 40
0.0
  9
$TDUSRTIMER
 40
0.0
  9
$USRTIMER
 70
1
  9
$ANGBASE
 50
0.0
  9
$ANGDIR
 70
0
  9
$PDMODE
 70
0
  9
$PDSIZE
 40
0.0
  9
$PLINEWID
 40
0.0
  9
$SPLFRAME
 70
0
  9
$SPLINETYPE
 70
6
  9
$SPLINESEGS
 70
8
  9
$HANDSEED
  5
2FD
  9
$SURFTAB1
 70
6
  9
$SURFTAB2
 70
6
  9
$SURFTYPE
 70
6
  9
$SURFU
 70
6
  9
$SURFV
 70
6
  9
$UCSBASE
  2

  9
$UCSNAME
  2

  9
$UCSORG
 10
0.0
 20
0.0
 30
0.0
  9
$UCSXDIR
 10
1.0
 20
0.0
 30
0.0
  9
$UCSYDIR
 10
0.0
 20
1.0
 30
0.0
  9
$UCSORTHOREF
  2

  9
$UCSORTHOVIEW
 70
0
  9
$UCSORGTOP
 10
0.0
 20
0.0
 30
0.0
  9
$UCSORGBOTTOM
 10
0.0
 20
0.0
 30
0.0
  9
$UCSORGLEFT
 10
0.0
 20
0.0
 30
0.0
  9
$UCSORGRIGHT
 10
0.0
 20
0.0
 30
0.0
  9
$UCSORGFRONT
 10
0.0
 20
0.0
 30
0.0
  9
$UCSORGBACK
 10
0.0
 20
0.0
 30
0.0
  9
$PUCSBASE
  2

  9
$PUCSNAME
  2

  9
$PUCSORG
 10
0.0
 20
0.0
 30
0.0
  9
$PUCSXDIR
 10
1.0
 20
0.0
 30
0.0
  9
$PUCSYDIR
 10
0.0
 20
1.0
 30
0.0
  9
$PUCSORTHOREF
  2

  9
$PUCSORTHOVIEW
 70
0
  9
$PUCSORGTOP
 10
0.0
 20
0.0
 30
0.0
  9
$PUCSORGBOTTOM
 10
0.0
 20
0.0
 30
0.0
  9
$PUCSORGLEFT
 10
0.0
 20
0.0
 30
0.0
  9
$PUCSORGRIGHT
 10
0.0
 20
0.0
 30
0.0
  9
$PUCSORGFRONT
 10
0.0
 20
0.0
 30
0.0
  9
$PUCSORGBACK
 10
0.0
 20
0.0
 30
0.0
  9
$USERI1
 70
0
  9
$USERI2
 70
0
  9
$USERI3
 70
0
  9
$USERI4
 70
0
  9
$USERI5
 70
0
  9
$USERR1
 40
0.0
  9
$USERR2
 40
0.0
  9
$USERR3
 40
0.0
  9
$USERR4
 40
0.0
  9
$USERR5
 40
0.0
  9
$WORLDVIEW
 70
1
  9
$SHADEDGE
 70
3
  9
$SHADEDIF
 70
70
  9
$TILEMODE
 70
1
  9
$MAXACTVP
 70
64
  9
$PINSBASE
 10
0.0
 20
0.0
 30
0.0
  9
$PLIMCHECK
 70
0
  9
$PEXTMIN
 10
1e+20
 20
1e+20
 30
1e+20
  9
$PEXTMAX
 10
-1e+20
 20
-1e+20
 30
-1e+20
  9
$PLIMMIN
 10
0.0
 20
0.0
  9
$PLIMMAX
 10
420.0
 20
297.0
  9
$UNITMODE
 70
0
  9
$VISRETAIN
 70
1
  9
$PLINEGEN
 70
0
  9
$PSLTSCALE
 70
1
  9
$TREEDEPTH
 70
3020
  9
$CMLSTYLE
  2
Standard
  9
$CMLJUST
 70
0
  9
$CMLSCALE
 40
20.0
  9
$PROXYGRAPHICS
 70
1
  9
$MEASUREMENT
 70
1
  9
$CELWEIGHT
370
-1
  9
$ENDCAPS
280
0
  9
$JOINSTYLE
280
0
  9
$LWDISPLAY
290
0
  9
$INSUNITS
 70
6
  9
$HYPERLINKBASE
  1

  9
$STYLESHEET
  1

  9
$XEDIT
290
1
  9
$CEPSNTYPE
380
0
  9
$PSTYLEMODE
290
1
  9
$FINGERPRINTGUID
  2
{285E89A8-A74D-49CD-BDD5-24A29D1B38C1}
  9
$VERSIONGUID
  2
{944E51DD-6D52-4DA3-B73F-EE7465FB9B3B}
  9
$EXTNAMES
290
1
  9
$PSVPSCALE
 40
0.0
  9
$OLESTARTUP
290
0
  0
ENDSEC
  0
SECTION
  2
CLASSES
  0
CLASS
  1
ACDBDICTIONARYWDFLT
  2
AcDbDictionaryWithDefault
  3
ObjectDBX Classes
 90
0
280
0
281
0
  0
CLASS
  1
SUN
  2
AcDbSun
  3
SCENEOE
 90
1153
280
0
281
0
  0
CLASS
  1
VISUALSTYLE
  2
AcDbVisualStyle
  3
ObjectDBX Classes
 90
4095
280
0
281
0
  0
CLASS
  1
MATERIAL
  2
AcDbMaterial
  3
ObjectDBX Classes
 90
1153
280
0
281
0
  0
CLASS
  1
SCALE
  2
AcDbScale
  3
ObjectDBX Classes
 90
1153
280
0
281
0
  0
CLASS
  1
TABLESTYLE
  2
AcDbTableStyle
  3
ObjectDBX Classes
 90
4095
280
0
281
0
  0
CLASS
  1
MLEADERSTYLE
  2
AcDbMLeaderStyle
  3
ACDB_MLEADERSTYLE_CLASS
 90
4095
280
0
281
0
  0
CLASS
  1
DICTIONARYVAR
  2
AcDbDictionaryVar
  3
ObjectDBX Classes
 90
0
280
0
281
0
  0
CLASS
  1
CELLSTYLEMAP
  2
AcDbCellStyleMap
  3
ObjectDBX Classes
 90
1152
280
0
281
0
  0
CLASS
  1
MENTALRAYRENDERSETTINGS
  2
AcDbMentalRayRenderSettings
  3
SCENEOE
 90
1024
280
0
281
0
  0
CLASS
  1
ACDBDETAILVIEWSTYLE
  2
AcDbDetailViewStyle
  3
ObjectDBX Classes
 90
1025
280
0
281
0
  0
CLASS
  1
ACDBSECTIONVIEWSTYLE
  2
AcDbSectionViewStyle
  3
ObjectDBX Classes
 90
1025
280
0
281
0
  0
CLASS
  1
RASTERVARIABLES
  2
AcDbRasterVariables
  3
ISM
 90
0
280
0
281
0
  0
CLASS
  1
ACDBPLACEHOLDER
  2
AcDbPlaceHolder
  3
ObjectDBX Classes
 90
0
280
0
281
0
  0
CLASS
  1
LAYOUT
  2
AcDbLayout
  3
ObjectDBX Classes
 90
0
280
0
281
0
  0
ENDSEC
  0
SECTION
  2
TABLES
  0
TABLE
  2
VPORT
  5
8
330
0
100
AcDbSymbolTable
 70
1
  0
VPORT
  5
23
330
8
100
AcDbSymbolTableRecord
100
AcDbViewportTableRecord
  2
*Active
 70
0
 10
0.0
 20
0.0
 11
1.0
 21
1.0
 12
0.0
 22
0.0
 13
0.0
 23
0.0
 14
0.5
 24
0.5
 15
0.5
 25
0.5
 16
0.0
 26
0.0
 36
1.0
 17
0.0
 27
0.0
 37
0.0
 40
1000.0
 41
1.34
 42
50.0
 43
0.0
 44
0.0
 50
0.0
 51
0.0
 71
0
 72
1000
 73
1
 74
3
 75
0
 76
0
 77
0
 78
0
281
0
 65
0
146
0.0
  0
ENDTAB
  0
TABLE
  2
LTYPE
  5
2
330
0
100
AcDbSymbolTable
 70
3
  0
LTYPE
  5
24
330
2
100
AcDbSymbolTableRecord
100
AcDbLinetypeTableRecord
  2
ByBlock
 70
0
  3

 72
65
 73
0
 40
0.0
  0
LTYPE
  5
25
330
2
100
AcDbSymbolTableRecord
100
AcDbLinetypeTableRecord
  2
ByLayer
 70
0
  3

 72
65
 73
0
 40
0.0
  0
LTYPE
  5
26
330
2
100
AcDbSymbolTableRecord
100
AcDbLinetypeTableRecord
  2
Continuous
 70
0
  3

 72
65
 73
0
 40
0.0
  0
ENDTAB
  0
TABLE
  2
LAYER
  5
1
330
0
100
AcDbSymbolTable
 70
2
  0
LAYER
  5
27
330
1
100
AcDbSymbolTableRecord
100
AcDbLayerTableRecord
  2
0
 70
0
 62
7
  6
Continuous
370
-3
390
13
  0
LAYER
  5
28
330
1
100
AcDbSymbolTableRecord
100
AcDbLayerTableRecord
  2
Defpoints
 70
0
 62
7
  6
Continuous
290
0
370
-3
390
13
  0
ENDTAB
  0
TABLE
  2
STYLE
  5
5
330
0
100
AcDbSymbolTable
 70
1
  0
STYLE
  5
29
330
5
100
AcDbSymbolTableRecord
100
AcDbTextStyleTableRecord
  2
Standard
 70
0
 40
0.0
 41
1.0
 50
0.0
 71
0
 42
2.5
  3
txt
  4

  0
ENDTAB
  0
TABLE
  2
VIEW
  5
7
330
0
100
AcDbSymbolTable
 70
0
  0
ENDTAB
  0
TABLE
  2
UCS
  5
6
330
0
100
AcDbSymbolTable
 70
0
  0
ENDTAB
  0
TABLE
  2
APPID
  5
3
330
0
100
AcDbSymbolTable
 70
3
  0
APPID
  5
2A
330
3
100
AcDbSymbolTableRecord
100
AcDbRegAppTableRecord
  2
ACAD
 70
0
  0
APPID
  5
2FA
330
3
100
AcDbSymbolTableRecord
100
AcDbRegAppTableRecord
  2
HATCHBACKGROUNDCOLOR
 70
0
  0
APPID
  5
2FB
330
3
100
AcDbSymbolTableRecord
100
AcDbRegAppTableRecord
  2
EZDXF
 70
0
  0
ENDTAB
  0
TABLE
  2
DIMSTYLE
  5
4
330
0
100
AcDbSymbolTable
 70
1
100
AcDbDimStyleTable
  0
DIMSTYLE
105
2B
330
4
100
AcDbSymbolTableRecord
100
AcDbDimStyleTableRecord
  2
Standard
 70
0
  3

  4

 40
1.0
 41
2.5
 42
0.625
 43
3.75
 44
1.25
 45
0.0
 46
0.0
 47
0.0
 48
0.0
140
2.5
141
2.5
142
0.0
143
0.03937007874
144
1.0
145
0.0
146
1.0
147
0.625
148
0.0
 71
0
 72
0
 73
0
 74
0
 75
0
 76
0
 77
1
 78
8
 79
3
170
0
171
3
172
1
173
0
174
0
175
0
176
0
177
0
178
0
179
2
271
2
272
2
273
2
274
3
275
0
276
0
277
2
278
44
279
0
280
0
281
0
282
0
283
0
284
8
285
0
286
0
288
0
289
3
371
-2
372
-2
  0
ENDTAB
  0
TABLE
  2
BLOCK_RECORD
  5
9
330
0
100
AcDbSymbolTable
 70
2
  0
BLOCK_RECORD
  5
17
330
9
100
AcDbSymbolTableRecord
100
AcDbBlockTableRecord
  2
*Model_Space
340
1A
  0
BLOCK_RECORD
  5
1B
330
9
100
AcDbSymbolTableRecord
100
AcDbBlockTableRecord
  2
*Paper_Space
340
1E
  0
ENDTAB
  0
ENDSEC
  0
SECTION
  2
BLOCKS
  0
BLOCK
  5
18
330
17
100
AcDbEntity
  8
0
100
AcDbBlockBegin
  2
*Model_Space
 70
0
 10
0.0
 20
0.0
 30
0.0
  3
*Model_Space
  1

  0
ENDBLK
  5
19
330
17
100
AcDbEntity
  8
0
100
AcDbBlockEnd
  0
BLOCK
  5
1C
330
1B
100
AcDbEntity
  8
0
100
AcDbBlockBegin
  2
*Paper_Space
 70
0
 10
0.0
 20
0.0
 30
0.0
  3
*Paper_Space
  1

  0
ENDBLK
  5
1D
330
1B
100
AcDbEntity
  8
0
100
AcDbBlockEnd
  0
ENDSEC
  0
SECTION
  2
ENTITIES
  0
LWPOLYLINE
  5
2F
330
17
100
AcDbEntity
  8
ROADS
100
AcDbPolyline
 90
3
 70
0
 10
619644.2631596911
 20
4830092.421330898
 10
619730.4050697155
 20
4829960.292043772
 10
619732.7577574486
 20
4829953.551208435
  0
LWPOLYLINE
  5
30
330
17
100
AcDbEntity
  8
ROADS
100
AcDbPolyline
 90
4
 70
0
 10
619644.2631596911
 20
4830092.421330898
 10
619512.0351613592
 20
4830046.239204116
 10
619466.0395875862
 20
4830059.459936259
 10
619445.7345661726
 20
4830091.750428085
  0
LWPOLYLINE
  5
31
330
17
100
AcDbEntity
  8
ROADS
100
AcDbPolyline
 90
2
 70
0
 10
619582.1934532737
 20
4830193.420145976
 10
619644.2631596911
 20
4830092.421330898
  0
LWPOLYLINE
  5
32
330
17
100
AcDbEntity
  8
ROADS
100
AcDbPolyline
 90
2
 70
0
 10
619913.079085185
 20
4830291.767716081
 10
619582.1934532737
 20
4830193.420145976
  0
LWPOLYLINE
  5
33
330
17
100
AcDbEntity
  8
ROADS
100
AcDbPolyline
 90
2
 70
0
 10
619512.0664220338
 20
4830400.325490466
 10
619582.1934532737
 20
4830193.420145976
  0
LWPOLYLINE
  5
34
330
17
100
AcDbEntity
  8
ROADS
100
AcDbPolyline
 90
2
 70
0
 10
619792.4482073135
 20
4830489.633613853
 10
619512.0664220338
 20
4830400.325490466
  0
LWPOLYLINE
  5
35
330
17
100
AcDbEntity
  8
ROADS
100
AcDbPolyline
 90
2
 70
0
 10
619792.4482073135
 20
4830489.633613853
 10
619735.1639642399
 20
4830666.561840681
  0
LWPOLYLINE
  5
36
330
17
100
AcDbEntity
  8
ROADS
100
AcDbPolyline
 90
2
 70
0
 10
619735.1639642399
 20
4830666.561840681
 10
619643.4154427776
 20
4830636.663326986
  0
LWPOLYLINE
  5
37
330
17
100
AcDbEntity
  8
ROADS
100
AcDbPolyline
 90
2
 70
0
 10
619219.0300686025
 20
4829808.409020453
 10
619130.4276651714
 20
4830075.633660009
  0
LWPOLYLINE
  5
38
330
17
100
AcDbEntity
  8
ROADS
100
AcDbPolyline
 90
2
 70
0
 10
619130.4276651714
 20
4830075.633660009
 10
619047.750575009
 20
4830267.660501661
  0
LWPOLYLINE
  5
39
330
17
100
AcDbEntity
  8
ROADS
100
AcDbPolyline
 90
2
 70
0
 10
619334.2308371039
 20
4830341.793974268
 10
619047.750575009
 20
4830267.660501661
  0
LWPOLYLINE
  5
3A
330
17
100
AcDbEntity
  8
ROADS
100
AcDbPolyline
 90
2
 70
0
 10
619512.0664220338
 20
4830400.325490466
 10
619334.2308371039
 20
4830341.793974268
  0
LWPOLYLINE
  5
3B
330
17
100
AcDbEntity
  8
ROADS
100
AcDbPolyline
 90
2
 70
0
 10
619334.2308371039
 20
4830341.793974268
 10
619271.2638387119
 20
4830534.98094997
  0
LWPOLYLINE
  5
3C
330
17
100
AcDbEntity
  8
ROADS
100
AcDbPolyline
 90
2
 70
0
 10
619280.2169305085
 20
4830759.64123124
 10
619315.5801506429
 20
4830651.920927781
  0
LWPOLYLINE
  5
3D
330
17
100
AcDbEntity
  8
ROADS
100
AcDbPolyline
 90
2
 70
0
 10
619435.0261128144
 20
4830697.958367682
 10
619395.3503385396
 20
4830811.0130064245
  0
LWPOLYLINE
  5
3E
330
17
100
AcDbEntity
  8
ROADS
100
AcDbPolyline
 90
3
 70
0
 10
620314.1638542861
 20
4830135.46531573
 10
620237.2748026449
 20
4830280.606152988
 10
620115.9060476506
 20
4830566.646496207
  0
LWPOLYLINE
  5
3F
330
17
100
AcDbEntity
  8
ROADS
100
AcDbPolyline
 90
2
 70
0
 10
620338.5946033798
 20
4830445.936086409
 10
620302.9072697178
 20
4830551.168783529
  0
LWPOLYLINE
  5
40
330
17
100
AcDbEntity
  8
ROADS
100
AcDbPolyline
 90
2
 70
0
 10
620115.9060476506
 20
4830566.646496207
 10
619792.4482073135
 20
4830489.633613853
  0
LWPOLYLINE
  5
41
330
17
100
AcDbEntity
  8
ROADS
100
AcDbPolyline
 90
2
 70
0
 10
620217.5624971832
 20
4830613.795709695
 10
620115.9060476506
 20
4830566.646496207
  0
LWPOLYLINE
  5
42
330
17
100
AcDbEntity
  8
ROADS
100
AcDbPolyline
 90
2
 70
0
 10
620302.9072697178
 20
4830551.168783529
 10
620275.6596839596
 20
4830642.9253604645
  0
LWPOLYLINE
  5
43
330
17
100
AcDbEntity
  8
ROADS
100
AcDbPolyline
 90
2
 70
0
 10
620275.6596839596
 20
4830642.9253604645
 10
620217.5624971832
 20
4830613.795709695
  0
LWPOLYLINE
  5
44
330
17
100
AcDbEntity
  8
ROADS
100
AcDbPolyline
 90
4
 70
0
 10
620217.5624971832
 20
4830613.795709695
 10
620195.9392771169
 20
4830680.0238153525
 10
620260.8622604421
 20
4830704.5295879245
 10
620258.7285362221
 20
4830725.656410463
  0
LWPOLYLINE
  5
45
330
17
100
AcDbEntity
  8
ROADS
100
AcDbPolyline
 90
2
 70
0
 10
620419.8845808569
 20
4830190.275139955
 10
620397.6060081031
 20
4830262.6904400345
  0
LWPOLYLINE
  5
46
330
17
100
AcDbEntity
  8
ROADS
100
AcDbPolyline
 90
2
 70
0
 10
620586.0204199902
 20
4830323.301423613
 10
620397.6060081031
 20
4830262.6904400345
  0
LWPOLYLINE
  5
47
330
17
100
AcDbEntity
  8
ROADS
100
AcDbPolyline
 90
2
 70
0
 10
620397.6060081031
 20
4830262.6904400345
 10
620369.1295825306
 20
4830352.058769766
  0
LWPOLYLINE
  5
48
330
17
100
AcDbEntity
  8
ROADS
100
AcDbPolyline
 90
2
 70
0
 10
620627.1547999687
 20
4830370.467464127
 10
620609.751518036
 20
4830430.261908736
  0
LWPOLYLINE
  5
49
330
17
100
AcDbEntity
  8
ROADS
100
AcDbPolyline
 90
2
 70
0
 10
620609.751518036
 20
4830430.261908736
 10
620369.1295825306
 20
4830352.058769766
  0
LWPOLYLINE
  5
4A
330
17
100
AcDbEntity
  8
ROADS
100
AcDbPolyline
 90
2
 70
0
 10
620369.1295825306
 20
4830352.058769766
 10
620338.5946033798
 20
4830445.936086409
  0
LWPOLYLINE
  5
4B
330
17
100
AcDbEntity
  8
ROADS
100
AcDbPolyline
 90
2
 70
0
 10
620258.7285362221
 20
4830725.656410463
 10
620229.849768626
 20
4830814.316868957
  0
LWPOLYLINE
  5
4C
330
17
100
AcDbEntity
  8
ROADS
100
AcDbPolyline
 90
3
 70
0
 10
620258.7285362221
 20
4830725.656410463
 10
620378.9991424149
 20
4830766.25317153
 10
620357.9034366499
 20
4830850.387568819
  0
LWPOLYLINE
  5
4D
330
17
100
AcDbEntity
  8
ROADS
100
AcDbPolyline
 90
3
 70
0
 10
620229.849768626
 20
4830814.316868957
 10
620190.8972506964
 20
4830798.646576302
 10
620169.0679731084
 20
4830768.498016614
  0
LWPOLYLINE
  5
4E
330
17
100
AcDbEntity
  8
ROADS
100
AcDbPolyline
 90
3
 70
0
 10
620115.9060476506
 20
4830566.646496207
 10
619953.957720373
 20
4830814.199042739
 10
619851.6809654799
 20
4831072.860770018
  0
LWPOLYLINE
  5
4F
330
17
100
AcDbEntity
  8
ROADS
100
AcDbPolyline
 90
2
 70
0
 10
620357.9034366499
 20
4830850.387568819
 10
620229.849768626
 20
4830814.316868957
  0
LWPOLYLINE
  5
50
330
17
100
AcDbEntity
  8
ROADS
100
AcDbPolyline
 90
2
 70
0
 10
620326.5590494231
 20
4830941.510104193
 10
620179.1915200558
 20
4830899.79824428
  0
LWPOLYLINE
  5
51
330
17
100
AcDbEntity
  8
ROADS
100
AcDbPolyline
 90
2
 70
0
 10
620143.7751783634
 20
4831006.242790234
 10
620179.1915200558
 20
4830899.79824428
  0
LWPOLYLINE
  5
52
330
17
100
AcDbEntity
  8
ROADS
100
AcDbPolyline
 90
6
 70
0
 10
620179.1915200558
 20
4830899.79824428
 10
620052.4770897443
 20
4830867.042870095
 10
619992.3312826911
 20
4830878.1908114785
 10
619977.3322538583
 20
4830931.855016186
 10
620009.6824291826
 20
4831005.762390444
 10
619999.3393883198
 20
4831109.366713711
  0
LWPOLYLINE
  5
53
330
17
100
AcDbEntity
  8
ROADS
100
AcDbPolyline
 90
2
 70
0
 10
620143.7751783634
 20
4831006.242790234
 10
620192.2571001798
 20
4831021.413233336
  0
LWPOLYLINE
  5
54
330
17
100
AcDbEntity
  8
ROADS
100
AcDbPolyline
 90
2
 70
0
 10
620098.970917065
 20
4831148.253161056
 10
620143.7751783634
 20
4831006.242790234
  0
LWPOLYLINE
  5
55
330
17
100
AcDbEntity
  8
ROADS
100
AcDbPolyline
 90
2
 70
0
 10
619280.2169305085
 20
4830759.64123124
 10
619395.3503385396
 20
4830811.0130064245
  0
LWPOLYLINE
  5
56
330
17
100
AcDbEntity
  8
ROADS
100
AcDbPolyline
 90
2
 70
0
 10
619221.1158109572
 20
4830944.194610785
 10
619280.2169305085
 20
4830759.64123124
  0
LWPOLYLINE
  5
57
330
17
100
AcDbEntity
  8
ROADS
100
AcDbPolyline
 90
2
 70
0
 10
619395.3503385396
 20
4830811.0130064245
 10
619330.2945909585
 20
4830980.086278767
  0
LWPOLYLINE
  5
58
330
17
100
AcDbEntity
  8
ROADS
100
AcDbPolyline
 90
2
 70
0
 10
619159.3037285511
 20
4830924.418239945
 10
619069.0036402325
 20
4830895.781916571
  0
LWPOLYLINE
  5
59
330
17
100
AcDbEntity
  8
ROADS
100
AcDbPolyline
 90
2
 70
0
 10
619221.1158109572
 20
4830944.194610785
 10
619159.3037285511
 20
4830924.418239945
  0
LWPOLYLINE
  5
5A
330
17
100
AcDbEntity
  8
ROADS
100
AcDbPolyline
 90
2
 70
0
 10
619248.2387806793
 20
4830953.0549191795
 10
619221.1158109572
 20
4830944.194610785
  0
LWPOLYLINE
  5
5B
330
17
100
AcDbEntity
  8
ROADS
100
AcDbPolyline
 90
2
 70
0
 10
619330.2945909585
 20
4830980.086278767
 10
619248.2387806793
 20
4830953.0549191795
  0
LWPOLYLINE
  5
5C
330
17
100
AcDbEntity
  8
ROADS
100
AcDbPolyline
 90
2
 70
0
 10
619248.2387806793
 20
4830953.0549191795
 10
619233.7689866545
 20
4830999.23527775
  0
LWPOLYLINE
  5
5D
330
17
100
AcDbEntity
  8
ROADS
100
AcDbPolyline
 90
2
 70
0
 10
619412.0037003139
 20
4831005.385321398
 10
619330.2945909585
 20
4830980.086278767
  0
LWPOLYLINE
  5
5E
330
17
100
AcDbEntity
  8
ROADS
100
AcDbPolyline
 90
2
 70
0
 10
619330.2945909585
 20
4830980.086278767
 10
619315.7315147471
 20
4831026.170958781
  0
LWPOLYLINE
  5
5F
330
17
100
AcDbEntity
  8
ROADS
100
AcDbPolyline
 90
2
 70
0
 10
619820.9867658634
 20
4830693.831223437
 10
619735.1639642399
 20
4830666.561840681
  0
LWPOLYLINE
  5
60
330
17
100
AcDbEntity
  8
ROADS
100
AcDbPolyline
 90
2
 70
0
 10
619553.5258038493
 20
4830743.84474016
 10
619483.0663502505
 20
4831027.643429294
  0
LWPOLYLINE
  5
61
330
17
100
AcDbEntity
  8
ROADS
100
AcDbPolyline
 90
2
 70
0
 10
619670.5844920703
 20
4830767.31023349
 10
619574.3453876047
 20
4831057.342047877
  0
LWPOLYLINE
  5
62
330
17
100
AcDbEntity
  8
ROADS
100
AcDbPolyline
 90
2
 70
0
 10
619574.3453876047
 20
4831057.342047877
 10
619483.0663502505
 20
4831027.643429294
  0
LWPOLYLINE
  5
63
330
17
100
AcDbEntity
  8
ROADS
100
AcDbPolyline
 90
2
 70
0
 10
619888.5697616525
 20
4831084.910153468
 10
619851.6809654799
 20
4831072.860770018
  0
LWPOLYLINE
  5
64
330
17
100
AcDbEntity
  8
ROADS
100
AcDbPolyline
 90
2
 70
0
 10
619829.4846671473
 20
4831139.918455286
 10
619574.3453876047
 20
4831057.342047877
  0
LWPOLYLINE
  5
65
330
17
100
AcDbEntity
  8
ROADS
100
AcDbPolyline
 90
2
 70
0
 10
619851.6809654799
 20
4831072.860770018
 10
619829.4846671473
 20
4831139.918455286
  0
LWPOLYLINE
  5
66
330
17
100
AcDbEntity
  8
ROADS
100
AcDbPolyline
 90
2
 70
0
 10
619459.3178700383
 20
4831147.296535258
 10
619477.1972961826
 20
4831094.281482984
  0
LWPOLYLINE
  5
67
330
17
100
AcDbEntity
  8
ROADS
100
AcDbPolyline
 90
2
 70
0
 10
619811.0888396129
 20
4831203.027632849
 10
619477.1972961826
 20
4831094.281482984
  0
LWPOLYLINE
  5
68
330
17
100
AcDbEntity
  8
ROADS
100
AcDbPolyline
 90
2
 70
0
 10
619910.5129691593
 20
4831169.584447969
 10
619829.4846671473
 20
4831139.918455286
  0
LWPOLYLINE
  5
69
330
17
100
AcDbEntity
  8
ROADS
100
AcDbPolyline
 90
2
 70
0
 10
620708.6574963119
 20
4830422.8394306265
 10
620697.2026019107
 20
4830458.889267308
  0
LWPOLYLINE
  5
6A
330
17
100
AcDbEntity
  8
ROADS
100
AcDbPolyline
 90
2
 70
0
 10
620804.1202624516
 20
4830458.261243962
 10
620793.968784694
 20
4830490.108512955
  0
LWPOLYLINE
  5
6B
330
17
100
AcDbEntity
  8
ROADS
100
AcDbPolyline
 90
2
 70
0
 10
620897.665457959
 20
4830504.482821308
 10
620892.1356472083
 20
4830521.793097244
  0
LWPOLYLINE
  5
6C
330
17
100
AcDbEntity
  8
ROADS
100
AcDbPolyline
 90
2
 70
0
 10
620793.968784694
 20
4830490.108512955
 10
620697.2026019107
 20
4830458.889267308
  0
LWPOLYLINE
  5
6D
330
17
100
AcDbEntity
  8
ROADS
100
AcDbPolyline
 90
2
 70
0
 10
620838.4491080269
 20
4830504.700101491
 10
620793.968784694
 20
4830490.108512955
  0
LWPOLYLINE
  5
6E
330
17
100
AcDbEntity
  8
ROADS
100
AcDbPolyline
 90
2
 70
0
 10
620892.1356472083
 20
4830521.793097244
 10
620838.4491080269
 20
4830504.700101491
  0
LWPOLYLINE
  5
6F
330
17
100
AcDbEntity
  8
ROADS
100
AcDbPolyline
 90
2
 70
0
 10
621040.1332701326
 20
4830570.662565181
 10
620892.1356472083
 20
4830521.793097244
  0
LWPOLYLINE
  5
70
330
17
100
AcDbEntity
  8
ROADS
100
AcDbPolyline
 90
2
 70
0
 10
620838.4491080269
 20
4830504.700101491
 10
620808.4711189742
 20
4830597.246041546
  0
LWPOLYLINE
  5
71
330
17
100
AcDbEntity
  8
ROADS
100
AcDbPolyline
 90
2
 70
0
 10
621080.3879185226
 20
4830584.666661473
 10
621040.1332701326
 20
4830570.662565181
  0
LWPOLYLINE
  5
72
330
17
100
AcDbEntity
  8
ROADS
100
AcDbPolyline
 90
2
 70
0
 10
620697.2026019107
 20
4830458.889267308
 10
620609.751518036
 20
4830430.261908736
  0
LWPOLYLINE
  5
73
330
17
100
AcDbEntity
  8
ROADS
100
AcDbPolyline
 90
2
 70
0
 10
620609.751518036
 20
4830430.261908736
 10
620581.5343800614
 20
4830524.787681858
  0
LWPOLYLINE
  5
74
330
17
100
AcDbEntity
  8
ROADS
100
AcDbPolyline
 90
2
 70
0
 10
620547.5203798544
 20
4830513.802810152
 10
620338.5946033798
 20
4830445.936086409
  0
LWPOLYLINE
  5
75
330
17
100
AcDbEntity
  8
ROADS
100
AcDbPolyline
 90
2
 70
0
 10
620581.5343800614
 20
4830524.787681858
 10
620547.5203798544
 20
4830513.802810152
  0
LWPOLYLINE
  5
76
330
17
100
AcDbEntity
  8
ROADS
100
AcDbPolyline
 90
2
 70
0
 10
620787.2571862907
 20
4830590.770563656
 10
620581.5343800614
 20
4830524.787681858
  0
LWPOLYLINE
  5
77
330
17
100
AcDbEntity
  8
ROADS
100
AcDbPolyline
 90
2
 70
0
 10
620547.5203798544
 20
4830513.802810152
 10
620512.4867612055
 20
4830618.884368575
  0
LWPOLYLINE
  5
78
330
17
100
AcDbEntity
  8
ROADS
100
AcDbPolyline
 90
2
 70
0
 10
620512.4867612055
 20
4830618.884368575
 10
620302.9072697178
 20
4830551.168783529
  0
LWPOLYLINE
  5
79
330
17
100
AcDbEntity
  8
ROADS
100
AcDbPolyline
 90
2
 70
0
 10
620753.300348467
 20
4830695.476624974
 10
620512.4867612055
 20
4830618.884368575
  0
LWPOLYLINE
  5
7A
330
17
100
AcDbEntity
  8
ROADS
100
AcDbPolyline
 90
2
 70
0
 10
620512.4867612055
 20
4830618.884368575
 10
620483.67109898
 20
4830709.089607444
  0
LWPOLYLINE
  5
7B
330
17
100
AcDbEntity
  8
ROADS
100
AcDbPolyline
 90
2
 70
0
 10
620483.67109898
 20
4830709.089607444
 10
620275.6596839596
 20
4830642.9253604645
  0
LWPOLYLINE
  5
7C
330
17
100
AcDbEntity
  8
ROADS
100
AcDbPolyline
 90
2
 70
0
 10
621190.3288749722
 20
4830659.461049609
 10
621177.8208066511
 20
4830698.623295501
  0
LWPOLYLINE
  5
7D
330
17
100
AcDbEntity
  8
ROADS
100
AcDbPolyline
 90
2
 70
0
 10
621085.7493601432
 20
4830587.568054931
 10
621062.071222567
 20
4830661.56278799
  0
LWPOLYLINE
  5
7E
330
17
100
AcDbEntity
  8
ROADS
100
AcDbPolyline
 90
2
 70
0
 10
621318.1846181537
 20
4830711.736069645
 10
621308.6269743815
 20
4830740.285014474
  0
LWPOLYLINE
  5
7F
330
17
100
AcDbEntity
  8
ROADS
100
AcDbPolyline
 90
2
 70
0
 10
621451.0873869609
 20
4830770.20998396
 10
621447.265683666
 20
4830785.149396497
  0
LWPOLYLINE
  5
80
330
17
100
AcDbEntity
  8
ROADS
100
AcDbPolyline
 90
2
 70
0
 10
621177.8208066511
 20
4830698.623295501
 10
621062.071222567
 20
4830661.56278799
  0
LWPOLYLINE
  5
81
330
17
100
AcDbEntity
  8
ROADS
100
AcDbPolyline
 90
2
 70
0
 10
621308.6269743815
 20
4830740.285014474
 10
621177.8208066511
 20
4830698.623295501
  0
LWPOLYLINE
  5
82
330
17
100
AcDbEntity
  8
ROADS
100
AcDbPolyline
 90
2
 70
0
 10
621447.265683666
 20
4830785.149396497
 10
621308.6269743815
 20
4830740.285014474
  0
LWPOLYLINE
  5
83
330
17
100
AcDbEntity
  8
ROADS
100
AcDbPolyline
 90
2
 70
0
 10
621308.6269743815
 20
4830740.285014474
 10
621277.9782975748
 20
4830832.529436157
  0
LWPOLYLINE
  5
84
330
17
100
AcDbEntity
  8
ROADS
100
AcDbPolyline
 90
2
 70
0
 10
620808.4711189742
 20
4830597.246041546
 10
620787.2571862907
 20
4830590.770563656
  0
LWPOLYLINE
  5
85
330
17
100
AcDbEntity
  8
ROADS
100
AcDbPolyline
 90
2
 70
0
 10
621040.1332701326
 20
4830570.662565181
 10
621010.9829449449
 20
4830662.119959348
  0
LWPOLYLINE
  5
86
330
17
100
AcDbEntity
  8
ROADS
100
AcDbPolyline
 90
2
 70
0
 10
621010.9829449449
 20
4830662.119959348
 10
620808.4711189742
 20
4830597.246041546
  0
LWPOLYLINE
  5
87
330
17
100
AcDbEntity
  8
ROADS
100
AcDbPolyline
 90
2
 70
0
 10
620787.2571862907
 20
4830590.770563656
 10
620753.300348467
 20
4830695.476624974
  0
LWPOLYLINE
  5
88
330
17
100
AcDbEntity
  8
ROADS
100
AcDbPolyline
 90
2
 70
0
 10
621062.071222567
 20
4830661.56278799
 10
621056.875197077
 20
4830677.107601872
  0
LWPOLYLINE
  5
89
330
17
100
AcDbEntity
  8
ROADS
100
AcDbPolyline
 90
2
 70
0
 10
621056.875197077
 20
4830677.107601872
 10
621010.9829449449
 20
4830662.119959348
  0
LWPOLYLINE
  5
8A
330
17
100
AcDbEntity
  8
ROADS
100
AcDbPolyline
 90
2
 70
0
 10
621056.875197077
 20
4830677.107601872
 10
621032.8745685024
 20
4830751.09926063
  0
LWPOLYLINE
  5
8B
330
17
100
AcDbEntity
  8
ROADS
100
AcDbPolyline
 90
2
 70
0
 10
621010.9829449449
 20
4830662.119959348
 10
620977.1395331421
 20
4830767.2431509625
  0
LWPOLYLINE
  5
8C
330
17
100
AcDbEntity
  8
ROADS
100
AcDbPolyline
 90
2
 70
0
 10
620977.1395331421
 20
4830767.2431509625
 10
620753.300348467
 20
4830695.476624974
  0
LWPOLYLINE
  5
8D
330
17
100
AcDbEntity
  8
ROADS
100
AcDbPolyline
 90
2
 70
0
 10
620753.300348467
 20
4830695.476624974
 10
620724.91526982
 20
4830785.70370181
  0
LWPOLYLINE
  5
8E
330
17
100
AcDbEntity
  8
ROADS
100
AcDbPolyline
 90
2
 70
0
 10
621501.0412295777
 20
4830803.907648885
 10
621447.265683666
 20
4830785.149396497
  0
LWPOLYLINE
  5
8F
330
17
100
AcDbEntity
  8
ROADS
100
AcDbPolyline
 90
2
 70
0
 10
622207.285227528
 20
4831358.365389656
 10
621768.2214141185
 20
4830883.529916745
  0
LWPOLYLINE
  5
90
330
17
100
AcDbEntity
  8
ROADS
100
AcDbPolyline
 90
2
 70
0
 10
621501.0412295777
 20
4830803.907648885
 10
621471.4703434965
 20
4830895.721568855
  0
LWPOLYLINE
  5
91
330
17
100
AcDbEntity
  8
ROADS
100
AcDbPolyline
 90
2
 70
0
 10
622316.8378256593
 20
4831095.148130917
 10
622244.3438085798
 20
4831129.596146862
  0
LWPOLYLINE
  5
92
330
17
100
AcDbEntity
  8
ROADS
100
AcDbPolyline
 90
2
 70
0
 10
620556.2571088474
 20
4830732.396781317
 10
620483.67109898
 20
4830709.089607444
  0
LWPOLYLINE
  5
93
330
17
100
AcDbEntity
  8
ROADS
100
AcDbPolyline
 90
2
 70
0
 10
620630.6009467083
 20
4830755.773721676
 10
620556.2571088474
 20
4830732.396781317
  0
LWPOLYLINE
  5
94
330
17
100
AcDbEntity
  8
ROADS
100
AcDbPolyline
 90
2
 70
0
 10
620454.0012527225
 20
4830752.690462818
 10
620448.7121941166
 20
4830768.8460918795
  0
LWPOLYLINE
  5
95
330
17
100
AcDbEntity
  8
ROADS
100
AcDbPolyline
 90
2
 70
0
 10
620556.2571088474
 20
4830732.396781317
 10
620535.4438813566
 20
4830796.576493241
  0
LWPOLYLINE
  5
96
330
17
100
AcDbEntity
  8
ROADS
100
AcDbPolyline
 90
2
 70
0
 10
620724.91526982
 20
4830785.70370181
 10
620630.6009467083
 20
4830755.773721676
  0
LWPOLYLINE
  5
97
330
17
100
AcDbEntity
  8
ROADS
100
AcDbPolyline
 90
2
 70
0
 10
620481.4832822729
 20
4830779.324013093
 10
620448.7121941166
 20
4830768.8460918795
  0
LWPOLYLINE
  5
98
330
17
100
AcDbEntity
  8
ROADS
100
AcDbPolyline
 90
2
 70
0
 10
620535.4438813566
 20
4830796.576493241
 10
620481.4832822729
 20
4830779.324013093
  0
LWPOLYLINE
  5
99
330
17
100
AcDbEntity
  8
ROADS
100
AcDbPolyline
 90
2
 70
0
 10
620630.6009467083
 20
4830755.773721676
 10
620591.8384970413
 20
4830878.048645071
  0
LWPOLYLINE
  5
9A
330
17
100
AcDbEntity
  8
ROADS
100
AcDbPolyline
 90
2
 70
0
 10
620448.7121941166
 20
4830768.8460918795
 10
620416.9161435526
 20
4830867.478311694
  0
LWPOLYLINE
  5
9B
330
17
100
AcDbEntity
  8
ROADS
100
AcDbPolyline
 90
2
 70
0
 10
620481.4832822729
 20
4830779.324013093
 10
620450.0666370501
 20
4830876.882550811
  0
LWPOLYLINE
  5
9C
330
17
100
AcDbEntity
  8
ROADS
100
AcDbPolyline
 90
2
 70
0
 10
621032.8745685024
 20
4830751.09926063
 10
621023.1170785752
 20
4830781.6053202
  0
LWPOLYLINE
  5
9D
330
17
100
AcDbEntity
  8
ROADS
100
AcDbPolyline
 90
2
 70
0
 10
621023.1170785752
 20
4830781.6053202
 10
620977.1395331421
 20
4830767.2431509625
  0
LWPOLYLINE
  5
9E
330
17
100
AcDbEntity
  8
ROADS
100
AcDbPolyline
 90
2
 70
0
 10
620813.1148559286
 20
4830815.329226563
 10
620724.91526982
 20
4830785.70370181
  0
LWPOLYLINE
  5
9F
330
17
100
AcDbEntity
  8
ROADS
100
AcDbPolyline
 90
2
 70
0
 10
620977.1395331421
 20
4830767.2431509625
 10
620947.1641721325
 20
4830858.033579203
  0
LWPOLYLINE
  5
A0
330
17
100
AcDbEntity
  8
ROADS
100
AcDbPolyline
 90
2
 70
0
 10
621023.1170785752
 20
4830781.6053202
 10
621002.061985434
 20
4830844.335687178
  0
LWPOLYLINE
  5
A1
330
17
100
AcDbEntity
  8
ROADS
100
AcDbPolyline
 90
2
 70
0
 10
620901.3422512049
 20
4830842.586167197
 10
620813.1148559286
 20
4830815.329226563
  0
LWPOLYLINE
  5
A2
330
17
100
AcDbEntity
  8
ROADS
100
AcDbPolyline
 90
2
 70
0
 10
620947.1641721325
 20
4830858.033579203
 10
620901.3422512049
 20
4830842.586167197
  0
LWPOLYLINE
  5
A3
330
17
100
AcDbEntity
  8
ROADS
100
AcDbPolyline
 90
2
 70
0
 10
621002.061985434
 20
4830844.335687178
 10
620992.6908983903
 20
4830873.380658459
  0
LWPOLYLINE
  5
A4
330
17
100
AcDbEntity
  8
ROADS
100
AcDbPolyline
 90
2
 70
0
 10
620992.6908983903
 20
4830873.380658459
 10
620947.1641721325
 20
4830858.033579203
  0
LWPOLYLINE
  5
A5
330
17
100
AcDbEntity
  8
ROADS
100
AcDbPolyline
 90
2
 70
0
 10
620813.1148559286
 20
4830815.329226563
 10
620765.813400913
 20
4830963.212044541
  0
LWPOLYLINE
  5
A6
330
17
100
AcDbEntity
  8
ROADS
100
AcDbPolyline
 90
2
 70
0
 10
620535.4438813566
 20
4830796.576493241
 10
620504.2872483033
 20
4830893.2487052195
  0
LWPOLYLINE
  5
A7
330
17
100
AcDbEntity
  8
ROADS
100
AcDbPolyline
 90
2
 70
0
 10
620416.9161435526
 20
4830867.478311694
 10
620357.9034366499
 20
4830850.387568819
  0
LWPOLYLINE
  5
A8
330
17
100
AcDbEntity
  8
ROADS
100
AcDbPolyline
 90
2
 70
0
 10
620724.91526982
 20
4830785.70370181
 10
620676.829913183
 20
4830933.691328134
  0
LWPOLYLINE
  5
A9
330
17
100
AcDbEntity
  8
ROADS
100
AcDbPolyline
 90
2
 70
0
 10
620450.0666370501
 20
4830876.882550811
 10
620416.9161435526
 20
4830867.478311694
  0
LWPOLYLINE
  5
AA
330
17
100
AcDbEntity
  8
ROADS
100
AcDbPolyline
 90
2
 70
0
 10
620569.8375806431
 20
4830883.971456739
 10
620591.8384970413
 20
4830878.048645071
  0
LWPOLYLINE
  5
AB
330
17
100
AcDbEntity
  8
ROADS
100
AcDbPolyline
 90
2
 70
0
 10
620504.2872483033
 20
4830893.2487052195
 10
620450.0666370501
 20
4830876.882550811
  0
LWPOLYLINE
  5
AC
330
17
100
AcDbEntity
  8
ROADS
100
AcDbPolyline
 90
2
 70
0
 10
620591.8384970413
 20
4830878.048645071
 10
620582.9830109852
 20
4830905.954846118
  0
LWPOLYLINE
  5
AD
330
17
100
AcDbEntity
  8
ROADS
100
AcDbPolyline
 90
3
 70
0
 10
620537.6147425615
 20
4830901.934116559
 10
620551.7210611352
 20
4830882.242117129
 10
620569.8375806431
 20
4830883.971456739
  0
LWPOLYLINE
  5
AE
330
17
100
AcDbEntity
  8
ROADS
100
AcDbPolyline
 90
2
 70
0
 10
620569.8375806431
 20
4830883.971456739
 10
620582.9830109852
 20
4830905.954846118
  0
LWPOLYLINE
  5
AF
330
17
100
AcDbEntity
  8
ROADS
100
AcDbPolyline
 90
2
 70
0
 10
620537.6147425615
 20
4830901.934116559
 10
620504.2872483033
 20
4830893.2487052195
  0
LWPOLYLINE
  5
B0
330
17
100
AcDbEntity
  8
ROADS
100
AcDbPolyline
 90
3
 70
0
 10
621501.0412295777
 20
4830803.907648885
 10
621697.3353526897
 20
4830868.27247581
 10
621679.0846232655
 20
4830963.038073631
  0
LWPOLYLINE
  5
B1
330
17
100
AcDbEntity
  8
ROADS
100
AcDbPolyline
 90
2
 70
0
 10
621679.0846232655
 20
4830963.038073631
 10
621471.4703434965
 20
4830895.721568855
  0
LWPOLYLINE
  5
B2
330
17
100
AcDbEntity
  8
ROADS
100
AcDbPolyline
 90
2
 70
0
 10
621471.4703434965
 20
4830895.721568855
 10
621441.3312306518
 20
4830987.988228293
  0
LWPOLYLINE
  5
B3
330
17
100
AcDbEntity
  8
ROADS
100
AcDbPolyline
 90
2
 70
0
 10
621679.0846232655
 20
4830963.038073631
 10
621715.5445560606
 20
4830978.854430419
  0
LWPOLYLINE
  5
B4
330
17
100
AcDbEntity
  8
ROADS
100
AcDbPolyline
 90
2
 70
0
 10
621744.4231551685
 20
4830967.047579806
 10
621747.037273973
 20
4830989.3008146025
  0
LWPOLYLINE
  5
B5
330
17
100
AcDbEntity
  8
ROADS
100
AcDbPolyline
 90
2
 70
0
 10
621715.5445560606
 20
4830978.854430419
 10
621733.8627886255
 20
4830991.840935211
  0
LWPOLYLINE
  5
B6
330
17
100
AcDbEntity
  8
ROADS
100
AcDbPolyline
 90
2
 70
0
 10
621733.8627886255
 20
4830991.840935211
 10
621747.037273973
 20
4830989.3008146025
  0
LWPOLYLINE
  5
B7
330
17
100
AcDbEntity
  8
ROADS
100
AcDbPolyline
 90
3
 70
0
 10
621715.5445560606
 20
4830978.854430419
 10
621724.6688621669
 20
4831003.881394914
 10
621737.6950850745
 20
4831001.853619786
  0
LWPOLYLINE
  5
B8
330
17
100
AcDbEntity
  8
ROADS
100
AcDbPolyline
 90
2
 70
0
 10
621733.8627886255
 20
4830991.840935211
 10
621737.6950850745
 20
4831001.853619786
  0
LWPOLYLINE
  5
B9
330
17
100
AcDbEntity
  8
ROADS
100
AcDbPolyline
 90
2
 70
0
 10
621763.5831195068
 20
4831008.559588619
 10
621747.037273973
 20
4830989.3008146025
  0
LWPOLYLINE
  5
BA
330
17
100
AcDbEntity
  8
ROADS
100
AcDbPolyline
 90
2
 70
0
 10
621277.9782975748
 20
4830832.529436157
 10
621032.8745685024
 20
4830751.09926063
  0
LWPOLYLINE
  5
BB
330
17
100
AcDbEntity
  8
ROADS
100
AcDbPolyline
 90
2
 70
0
 10
621471.4703434965
 20
4830895.721568855
 10
621277.9782975748
 20
4830832.529436157
  0
LWPOLYLINE
  5
BC
330
17
100
AcDbEntity
  8
ROADS
100
AcDbPolyline
 90
2
 70
0
 10
621277.9782975748
 20
4830832.529436157
 10
621248.6676005009
 20
4830924.001977618
  0
LWPOLYLINE
  5
BD
330
17
100
AcDbEntity
  8
ROADS
100
AcDbPolyline
 90
2
 70
0
 10
621248.6676005009
 20
4830924.001977618
 10
621002.061985434
 20
4830844.335687178
  0
LWPOLYLINE
  5
BE
330
17
100
AcDbEntity
  8
ROADS
100
AcDbPolyline
 90
2
 70
0
 10
621441.3312306518
 20
4830987.988228293
 10
621248.6676005009
 20
4830924.001977618
  0
LWPOLYLINE
  5
BF
330
17
100
AcDbEntity
  8
ROADS
100
AcDbPolyline
 90
2
 70
0
 10
621248.6676005009
 20
4830924.001977618
 10
621219.6670986818
 20
4831017.013174687
  0
LWPOLYLINE
  5
C0
330
17
100
AcDbEntity
  8
ROADS
100
AcDbPolyline
 90
2
 70
0
 10
621011.4434406941
 20
4830948.902180726
 10
621219.6670986818
 20
4831017.013174687
  0
LWPOLYLINE
  5
C1
330
17
100
AcDbEntity
  8
ROADS
100
AcDbPolyline
 90
3
 70
0
 10
621190.4682981803
 20
4831109.042730801
 10
620987.2330577843
 20
4831042.140353089
 10
621011.4434406941
 20
4830948.902180726
  0
LWPOLYLINE
  5
C2
330
17
100
AcDbEntity
  8
ROADS
100
AcDbPolyline
 90
2
 70
0
 10
621441.3312306518
 20
4830987.988228293
 10
621412.8831572491
 20
4831079.757398272
  0
LWPOLYLINE
  5
C3
330
17
100
AcDbEntity
  8
ROADS
100
AcDbPolyline
 90
2
 70
0
 10
621219.6670986818
 20
4831017.013174687
 10
621412.8831572491
 20
4831079.757398272
  0
LWPOLYLINE
  5
C4
330
17
100
AcDbEntity
  8
ROADS
100
AcDbPolyline
 90
2
 70
0
 10
620992.6908983903
 20
4830873.380658459
 10
620974.7203406105
 20
4830936.530753605
  0
LWPOLYLINE
  5
C5
330
17
100
AcDbEntity
  8
ROADS
100
AcDbPolyline
 90
2
 70
0
 10
620901.3422512049
 20
4830842.586167197
 10
620854.0292418656
 20
4830991.826870004
  0
LWPOLYLINE
  5
C6
330
17
100
AcDbEntity
  8
ROADS
100
AcDbPolyline
 90
2
 70
0
 10
620947.1641721325
 20
4830858.033579203
 10
620899.8569266693
 20
4831006.62237659
  0
LWPOLYLINE
  5
C7
330
17
100
AcDbEntity
  8
ROADS
100
AcDbPolyline
 90
2
 70
0
 10
620974.7203406105
 20
4830936.530753605
 10
621011.4434406941
 20
4830948.902180726
  0
LWPOLYLINE
  5
C8
330
17
100
AcDbEntity
  8
ROADS
100
AcDbPolyline
 90
2
 70
0
 10
620854.0292418656
 20
4830991.826870004
 10
620765.813400913
 20
4830963.212044541
  0
LWPOLYLINE
  5
C9
330
17
100
AcDbEntity
  8
ROADS
100
AcDbPolyline
 90
2
 70
0
 10
620899.8569266693
 20
4831006.62237659
 10
620854.0292418656
 20
4830991.826870004
  0
LWPOLYLINE
  5
CA
330
17
100
AcDbEntity
  8
ROADS
100
AcDbPolyline
 90
2
 70
0
 10
620929.5629457419
 20
4831015.936414044
 10
620899.8569266693
 20
4831006.62237659
  0
LWPOLYLINE
  5
CB
330
17
100
AcDbEntity
  8
ROADS
100
AcDbPolyline
 90
2
 70
0
 10
620974.7203406105
 20
4830936.530753605
 10
620896.3753255049
 20
4831181.957007415
  0
LWPOLYLINE
  5
CC
330
17
100
AcDbEntity
  8
ROADS
100
AcDbPolyline
 90
2
 70
0
 10
620996.2207351713
 20
4831146.856241389
 10
620936.2015872914
 20
4831128.786197707
  0
LWPOLYLINE
  5
CD
330
17
100
AcDbEntity
  8
ROADS
100
AcDbPolyline
 90
2
 70
0
 10
620896.3753255049
 20
4831181.957007415
 10
620853.4409034809
 20
4831168.648808512
  0
LWPOLYLINE
  5
CE
330
17
100
AcDbEntity
  8
ROADS
100
AcDbPolyline
 90
2
 70
0
 10
621679.0846232655
 20
4830963.038073631
 10
621649.6393918135
 20
4831054.259272497
  0
LWPOLYLINE
  5
CF
330
17
100
AcDbEntity
  8
ROADS
100
AcDbPolyline
 90
2
 70
0
 10
621737.6950850745
 20
4831001.853619786
 10
621747.2535464301
 20
4831018.791061886
  0
LWPOLYLINE
  5
D0
330
17
100
AcDbEntity
  8
ROADS
100
AcDbPolyline
 90
2
 70
0
 10
621763.5831195068
 20
4831008.559588619
 10
621747.2535464301
 20
4831018.791061886
  0
LWPOLYLINE
  5
D1
330
17
100
AcDbEntity
  8
ROADS
100
AcDbPolyline
 90
2
 70
0
 10
621649.6393918135
 20
4831054.259272497
 10
621441.3312306518
 20
4830987.988228293
  0
LWPOLYLINE
  5
D2
330
17
100
AcDbEntity
  8
ROADS
100
AcDbPolyline
 90
2
 70
0
 10
621763.5831195068
 20
4831008.559588619
 10
621766.4716450783
 20
4831037.987108695
  0
LWPOLYLINE
  5
D3
330
17
100
AcDbEntity
  8
ROADS
100
AcDbPolyline
 90
2
 70
0
 10
621747.2535464301
 20
4831018.791061886
 10
621735.5065763503
 20
4831073.617344017
  0
LWPOLYLINE
  5
D4
330
17
100
AcDbEntity
  8
ROADS
100
AcDbPolyline
 90
2
 70
0
 10
621649.6393918135
 20
4831054.259272497
 10
621699.741792408
 20
4831071.190640553
  0
LWPOLYLINE
  5
D5
330
17
100
AcDbEntity
  8
ROADS
100
AcDbPolyline
 90
2
 70
0
 10
621699.741792408
 20
4831071.190640553
 10
621735.5065763503
 20
4831073.617344017
  0
LWPOLYLINE
  5
D6
330
17
100
AcDbEntity
  8
ROADS
100
AcDbPolyline
 90
4
 70
0
 10
621763.5831195068
 20
4831008.559588619
 10
621855.2291357208
 20
4831032.593262663
 10
621825.0744718172
 20
4831141.105477865
 10
621802.6245247279
 20
4831162.357383069
  0
LWPOLYLINE
  5
D7
330
17
100
AcDbEntity
  8
ROADS
100
AcDbPolyline
 90
2
 70
0
 10
621649.6393918135
 20
4831054.259272497
 10
621620.545509647
 20
4831147.50889445
  0
LWPOLYLINE
  5
D8
330
17
100
AcDbEntity
  8
ROADS
100
AcDbPolyline
 90
2
 70
0
 10
620582.9830109852
 20
4830905.954846118
 10
620537.6147425615
 20
4830901.934116559
  0
LWPOLYLINE
  5
D9
330
17
100
AcDbEntity
  8
ROADS
100
AcDbPolyline
 90
2
 70
0
 10
620676.829913183
 20
4830933.691328134
 10
620582.9830109852
 20
4830905.954846118
  0
LWPOLYLINE
  5
DA
330
17
100
AcDbEntity
  8
ROADS
100
AcDbPolyline
 90
2
 70
0
 10
620765.813400913
 20
4830963.212044541
 10
620676.829913183
 20
4830933.691328134
  0
LWPOLYLINE
  5
DB
330
17
100
AcDbEntity
  8
ROADS
100
AcDbPolyline
 90
2
 70
0
 10
620542.1417120931
 20
4831006.182258333
 10
620326.5590494231
 20
4830941.510104193
  0
LWPOLYLINE
  5
DC
330
17
100
AcDbEntity
  8
ROADS
100
AcDbPolyline
 90
4
 70
0
 10
620853.4409034809
 20
4831168.648808512
 10
620824.0166720145
 20
4831150.712481804
 10
620826.3372420341
 20
4831098.542175271
 10
620542.1417120931
 20
4831006.182258333
  0
LWPOLYLINE
  5
DD
330
17
100
AcDbEntity
  8
ROADS
100
AcDbPolyline
 90
2
 70
0
 10
620433.4415048226
 20
4831342.275559478
 10
620542.1417120931
 20
4831006.182258333
  0
LWPOLYLINE
  5
DE
330
17
100
AcDbEntity
  8
ROADS
100
AcDbPolyline
 90
2
 70
0
 10
620433.4415048226
 20
4831342.275559478
 10
620302.2069374444
 20
4831300.9899832215
  0
LWPOLYLINE
  5
DF
330
17
100
AcDbEntity
  8
ROADS
100
AcDbPolyline
 90
2
 70
0
 10
620459.15659245
 20
4831350.577472421
 10
620433.4415048226
 20
4831342.275559478
  0
LWPOLYLINE
  5
E0
330
17
100
AcDbEntity
  8
ROADS
100
AcDbPolyline
 90
3
 70
0
 10
620433.4415048226
 20
4831342.275559478
 10
620432.515133689
 20
4831365.652795129
 10
620459.15659245
 20
4831350.577472421
  0
LWPOLYLINE
  5
E1
330
17
100
AcDbEntity
  8
ROADS
100
AcDbPolyline
 90
2
 70
0
 10
620531.2493603184
 20
4831372.565818025
 10
620459.15659245
 20
4831350.577472421
  0
LWPOLYLINE
  5
E2
330
17
100
AcDbEntity
  8
ROADS
100
AcDbPolyline
 90
2
 70
0
 10
621735.5065763503
 20
4831073.617344017
 10
621744.488196077
 20
4831144.404814796
  0
LWPOLYLINE
  5
E3
330
17
100
AcDbEntity
  8
ROADS
100
AcDbPolyline
 90
3
 70
0
 10
621699.741792408
 20
4831071.190640553
 10
621661.6114520163
 20
4831131.285029609
 10
621620.545509647
 20
4831147.50889445
  0
LWPOLYLINE
  5
E4
330
17
100
AcDbEntity
  8
ROADS
100
AcDbPolyline
 90
2
 70
0
 10
621412.8831572491
 20
4831079.757398272
 10
621600.1493263112
 20
4831141.379155302
  0
LWPOLYLINE
  5
E5
330
17
100
AcDbEntity
  8
ROADS
100
AcDbPolyline
 90
2
 70
0
 10
621600.1493263112
 20
4831141.379155302
 10
621620.545509647
 20
4831147.50889445
  0
LWPOLYLINE
  5
E6
330
17
100
AcDbEntity
  8
ROADS
100
AcDbPolyline
 90
2
 70
0
 10
621744.488196077
 20
4831144.404814796
 10
621802.6245247279
 20
4831162.357383069
  0
LWPOLYLINE
  5
E7
330
17
100
AcDbEntity
  8
ROADS
100
AcDbPolyline
 90
2
 70
0
 10
621744.488196077
 20
4831144.404814796
 10
621723.4585607863
 20
4831181.1425759
  0
LWPOLYLINE
  5
E8
330
17
100
AcDbEntity
  8
ROADS
100
AcDbPolyline
 90
2
 70
0
 10
621620.545509647
 20
4831147.50889445
 10
621723.4585607863
 20
4831181.1425759
  0
LWPOLYLINE
  5
E9
330
17
100
AcDbEntity
  8
ROADS
100
AcDbPolyline
 90
3
 70
0
 10
621600.1493263112
 20
4831141.379155302
 10
621557.3479325044
 20
4831228.200833795
 10
621384.5229521375
 20
4831172.529184989
  0
LWPOLYLINE
  5
EA
330
17
100
AcDbEntity
  8
ROADS
100
AcDbPolyline
 90
2
 70
0
 10
621802.6245247279
 20
4831162.357383069
 10
621819.0819541569
 20
4831210.5888949735
  0
LWPOLYLINE
  5
EB
330
17
100
AcDbEntity
  8
ROADS
100
AcDbPolyline
 90
2
 70
0
 10
621723.4585607863
 20
4831181.1425759
 10
621819.0819541569
 20
4831210.5888949735
  0
LWPOLYLINE
  5
EC
330
17
100
AcDbEntity
  8
ROADS
100
AcDbPolyline
 90
2
 70
0
 10
621219.6670986818
 20
4831017.013174687
 10
621190.4682981803
 20
4831109.042730801
  0
LWPOLYLINE
  5
ED
330
17
100
AcDbEntity
  8
ROADS
100
AcDbPolyline
 90
2
 70
0
 10
621412.8831572491
 20
4831079.757398272
 10
621384.5229521375
 20
4831172.529184989
  0
LWPOLYLINE
  5
EE
330
17
100
AcDbEntity
  8
ROADS
100
AcDbPolyline
 90
2
 70
0
 10
621384.5229521375
 20
4831172.529184989
 10
621190.4682981803
 20
4831109.042730801
  0
LWPOLYLINE
  5
EF
330
17
100
AcDbEntity
  8
ROADS
100
AcDbPolyline
 90
2
 70
0
 10
621160.6445716589
 20
4831201.785012881
 10
620996.2207351713
 20
4831146.856241389
  0
LWPOLYLINE
  5
F0
330
17
100
AcDbEntity
  8
ROADS
100
AcDbPolyline
 90
2
 70
0
 10
621321.3345463385
 20
4831253.213727589
 10
621160.6445716589
 20
4831201.785012881
  0
LWPOLYLINE
  5
F1
330
17
100
AcDbEntity
  8
ROADS
100
AcDbPolyline
 90
2
 70
0
 10
621160.6445716589
 20
4831201.785012881
 10
621130.7687088221
 20
4831292.153233448
  0
LWPOLYLINE
  5
F2
330
17
100
AcDbEntity
  8
ROADS
100
AcDbPolyline
 90
5
 70
0
 10
621321.3345463385
 20
4831253.213727589
 10
621392.9334412606
 20
4831276.422237343
 10
621374.6659611145
 20
4831305.076993613
 10
621318.6300541541
 20
4831288.549930693
 10
621321.3345463385
 20
4831253.213727589
  0
LWPOLYLINE
  5
F3
330
17
100
AcDbEntity
  8
ROADS
100
AcDbPolyline
 90
2
 70
0
 10
621177.609501474
 20
4831316.093745623
 10
621130.7687088221
 20
4831292.153233448
  0
LWPOLYLINE
  5
F4
330
17
100
AcDbEntity
  8
ROADS
100
AcDbPolyline
 90
3
 70
0
 10
621177.609501474
 20
4831316.093745623
 10
621143.9833150243
 20
4831316.50702884
 10
621130.7687088221
 20
4831292.153233448
  0
LWPOLYLINE
  5
F5
330
17
100
AcDbEntity
  8
ROADS
100
AcDbPolyline
 90
2
 70
0
 10
621130.7687088221
 20
4831292.153233448
 10
621118.4124917428
 20
4831332.155752917
  0
LWPOLYLINE
  5
F6
330
17
100
AcDbEntity
  8
ROADS
100
AcDbPolyline
 90
2
 70
0
 10
619233.7689866545
 20
4830999.23527775
 10
619315.7315147471
 20
4831026.170958781
  0
LWPOLYLINE
  5
F7
330
17
100
AcDbEntity
  8
ROADS
100
AcDbPolyline
 90
2
 70
0
 10
619483.0663502505
 20
4831027.643429294
 10
619412.0037003139
 20
4831005.385321398
  0
LWPOLYLINE
  5
F8
330
17
100
AcDbEntity
  8
ROADS
100
AcDbPolyline
 90
2
 70
0
 10
619159.3037285511
 20
4830924.418239945
 10
619091.1700222095
 20
4831129.075103573
  0
LWPOLYLINE
  5
F9
330
17
100
AcDbEntity
  8
ROADS
100
AcDbPolyline
 90
2
 70
0
 10
619412.0037003139
 20
4831005.385321398
 10
619392.1913914399
 20
4831066.029743248
  0
LWPOLYLINE
  5
FA
330
17
100
AcDbEntity
  8
ROADS
100
AcDbPolyline
 90
2
 70
0
 10
619233.7689866545
 20
4830999.23527775
 10
619182.149753681
 20
4831158.340793698
  0
LWPOLYLINE
  5
FB
330
17
100
AcDbEntity
  8
ROADS
100
AcDbPolyline
 90
2
 70
0
 10
619477.1972961826
 20
4831094.281482984
 10
619392.1913914399
 20
4831066.029743248
  0
LWPOLYLINE
  5
FC
330
17
100
AcDbEntity
  8
ROADS
100
AcDbPolyline
 90
2
 70
0
 10
619315.7315147471
 20
4831026.170958781
 10
619266.2798496437
 20
4831186.023196617
  0
LWPOLYLINE
  5
FD
330
17
100
AcDbEntity
  8
ROADS
100
AcDbPolyline
 90
2
 70
0
 10
619001.2830108277
 20
4831099.164145163
 10
619091.1700222095
 20
4831129.075103573
  0
LWPOLYLINE
  5
FE
330
17
100
AcDbEntity
  8
ROADS
100
AcDbPolyline
 90
2
 70
0
 10
619392.1913914399
 20
4831066.029743248
 10
619344.4158461012
 20
4831211.319234495
  0
LWPOLYLINE
  5
FF
330
17
100
AcDbEntity
  8
ROADS
100
AcDbPolyline
 90
2
 70
0
 10
619091.1700222095
 20
4831129.075103573
 10
619182.149753681
 20
4831158.340793698
  0
LWPOLYLINE
  5
100
330
17
100
AcDbEntity
  8
ROADS
100
AcDbPolyline
 90
2
 70
0
 10
619999.3393883198
 20
4831109.366713711
 10
619888.5697616525
 20
4831084.910153468
  0
LWPOLYLINE
  5
101
330
17
100
AcDbEntity
  8
ROADS
100
AcDbPolyline
 90
2
 70
0
 10
620211.5131019102
 20
4831270.275267782
 10
620326.5590494231
 20
4830941.510104193
  0
LWPOLYLINE
  5
102
330
17
100
AcDbEntity
  8
ROADS
100
AcDbPolyline
 90
2
 70
0
 10
619999.3393883198
 20
4831109.366713711
 10
620017.5667682308
 20
4831121.896501327
  0
LWPOLYLINE
  5
103
330
17
100
AcDbEntity
  8
ROADS
100
AcDbPolyline
 90
4
 70
0
 10
619888.5697616525
 20
4831084.910153468
 10
619884.1836693257
 20
4831116.900694482
 10
620002.9969744042
 20
4831154.9546245355
 10
620017.5667682308
 20
4831121.896501327
  0
LWPOLYLINE
  5
104
330
17
100
AcDbEntity
  8
ROADS
100
AcDbPolyline
 90
2
 70
0
 10
620017.5667682308
 20
4831121.896501327
 10
620098.970917065
 20
4831148.253161056
  0
LWPOLYLINE
  5
105
330
17
100
AcDbEntity
  8
ROADS
100
AcDbPolyline
 90
2
 70
0
 10
619987.2250404754
 20
4831197.040390734
 10
619910.5129691593
 20
4831169.584447969
  0
LWPOLYLINE
  5
106
330
17
100
AcDbEntity
  8
ROADS
100
AcDbPolyline
 90
2
 70
0
 10
620074.9277616754
 20
4831226.6999877915
 10
620098.970917065
 20
4831148.253161056
  0
LWPOLYLINE
  5
107
330
17
100
AcDbEntity
  8
ROADS
100
AcDbPolyline
 90
2
 70
0
 10
620074.9277616754
 20
4831226.6999877915
 10
619987.2250404754
 20
4831197.040390734
  0
LWPOLYLINE
  5
108
330
17
100
AcDbEntity
  8
ROADS
100
AcDbPolyline
 90
2
 70
0
 10
619987.2250404754
 20
4831197.040390734
 10
619972.468416928
 20
4831241.712599236
  0
LWPOLYLINE
  5
109
330
17
100
AcDbEntity
  8
ROADS
100
AcDbPolyline
 90
2
 70
0
 10
620170.9800089615
 20
4831256.350439649
 10
620074.9277616754
 20
4831226.6999877915
  0
LWPOLYLINE
  5
10A
330
17
100
AcDbEntity
  8
ROADS
100
AcDbPolyline
 90
2
 70
0
 10
619543.6267120212
 20
4831176.159732029
 10
619459.3178700383
 20
4831147.296535258
  0
LWPOLYLINE
  5
10B
330
17
100
AcDbEntity
  8
ROADS
100
AcDbPolyline
 90
2
 70
0
 10
619829.4846671473
 20
4831139.918455286
 10
619815.4831565447
 20
4831189.845495203
  0
LWPOLYLINE
  5
10C
330
17
100
AcDbEntity
  8
ROADS
100
AcDbPolyline
 90
2
 70
0
 10
619643.6263595901
 20
4831160.3426551195
 10
619629.624436594
 20
4831203.982412841
  0
LWPOLYLINE
  5
10D
330
17
100
AcDbEntity
  8
ROADS
100
AcDbPolyline
 90
2
 70
0
 10
619629.624436594
 20
4831203.982412841
 10
619543.6267120212
 20
4831176.159732029
  0
LWPOLYLINE
  5
10E
330
17
100
AcDbEntity
  8
ROADS
100
AcDbPolyline
 90
2
 70
0
 10
619910.5129691593
 20
4831169.584447969
 10
619894.9836190307
 20
4831215.734746627
  0
LWPOLYLINE
  5
10F
330
17
100
AcDbEntity
  8
ROADS
100
AcDbPolyline
 90
2
 70
0
 10
619815.4831565447
 20
4831189.845495203
 10
619811.0888396129
 20
4831203.027632849
  0
LWPOLYLINE
  5
110
330
17
100
AcDbEntity
  8
ROADS
100
AcDbPolyline
 90
2
 70
0
 10
619815.4831565447
 20
4831189.845495203
 10
619894.9836190307
 20
4831215.734746627
  0
LWPOLYLINE
  5
111
330
17
100
AcDbEntity
  8
ROADS
100
AcDbPolyline
 90
2
 70
0
 10
619543.6267120212
 20
4831176.159732029
 10
619527.582224328
 20
4831231.340024224
  0
LWPOLYLINE
  5
112
330
17
100
AcDbEntity
  8
ROADS
100
AcDbPolyline
 90
2
 70
0
 10
619811.0888396129
 20
4831203.027632849
 10
619791.9918076845
 20
4831257.3447873695
  0
LWPOLYLINE
  5
113
330
17
100
AcDbEntity
  8
ROADS
100
AcDbPolyline
 90
2
 70
0
 10
619791.9918076845
 20
4831257.3447873695
 10
619629.624436594
 20
4831203.982412841
  0
LWPOLYLINE
  5
114
330
17
100
AcDbEntity
  8
ROADS
100
AcDbPolyline
 90
2
 70
0
 10
619182.149753681
 20
4831158.340793698
 10
619266.2798496437
 20
4831186.023196617
  0
LWPOLYLINE
  5
115
330
17
100
AcDbEntity
  8
ROADS
100
AcDbPolyline
 90
3
 70
0
 10
619357.8331451965
 20
4831215.814798602
 10
619427.5710290046
 20
4831232.188288204
 10
619459.3178700383
 20
4831147.296535258
  0
LWPOLYLINE
  5
116
330
17
100
AcDbEntity
  8
ROADS
100
AcDbPolyline
 90
2
 70
0
 10
619266.2798496437
 20
4831186.023196617
 10
619344.4158461012
 20
4831211.319234495
  0
LWPOLYLINE
  5
117
330
17
100
AcDbEntity
  8
ROADS
100
AcDbPolyline
 90
2
 70
0
 10
619344.4158461012
 20
4831211.319234495
 10
619357.8331451965
 20
4831215.814798602
  0
LWPOLYLINE
  5
118
330
17
100
AcDbEntity
  8
ROADS
100
AcDbPolyline
 90
2
 70
0
 10
619357.8331451965
 20
4831215.814798602
 10
619342.0060132976
 20
4831262.783670518
  0
LWPOLYLINE
  5
119
330
17
100
AcDbEntity
  8
ROADS
100
AcDbPolyline
 90
2
 70
0
 10
619091.1700222095
 20
4831129.075103573
 10
619011.6519800099
 20
4831372.965681167
  0
LWPOLYLINE
  5
11A
330
17
100
AcDbEntity
  8
ROADS
100
AcDbPolyline
 90
2
 70
0
 10
619182.149753681
 20
4831158.340793698
 10
619114.6254449538
 20
4831362.636622311
  0
LWPOLYLINE
  5
11B
330
17
100
AcDbEntity
  8
ROADS
100
AcDbPolyline
 90
3
 70
0
 10
619266.2798496437
 20
4831186.023196617
 10
619224.8270384767
 20
4831323.700054325
 10
619310.2912038943
 20
4831357.193325619
  0
LWPOLYLINE
  5
11C
330
17
100
AcDbEntity
  8
ROADS
100
AcDbPolyline
 90
2
 70
0
 10
619568.4524835382
 20
4831337.968528613
 10
619342.0060132976
 20
4831262.783670518
  0
LWPOLYLINE
  5
11D
330
17
100
AcDbEntity
  8
ROADS
100
AcDbPolyline
 90
2
 70
0
 10
619342.0060132976
 20
4831262.783670518
 10
619310.2912038943
 20
4831357.193325619
  0
LWPOLYLINE
  5
11E
330
17
100
AcDbEntity
  8
ROADS
100
AcDbPolyline
 90
2
 70
0
 10
620060.185619923
 20
4831270.293424795
 10
620074.9277616754
 20
4831226.6999877915
  0
LWPOLYLINE
  5
11F
330
17
100
AcDbEntity
  8
ROADS
100
AcDbPolyline
 90
2
 70
0
 10
619972.468416928
 20
4831241.712599236
 10
620060.185619923
 20
4831270.293424795
  0
LWPOLYLINE
  5
120
330
17
100
AcDbEntity
  8
ROADS
100
AcDbPolyline
 90
2
 70
0
 10
620211.5131019102
 20
4831270.275267782
 10
620170.9800089615
 20
4831256.350439649
  0
LWPOLYLINE
  5
121
330
17
100
AcDbEntity
  8
ROADS
100
AcDbPolyline
 90
2
 70
0
 10
620060.185619923
 20
4831270.293424795
 10
620107.0316157049
 20
4831285.067332297
  0
LWPOLYLINE
  5
122
330
17
100
AcDbEntity
  8
ROADS
100
AcDbPolyline
 90
2
 70
0
 10
620302.2069374444
 20
4831300.9899832215
 10
620211.5131019102
 20
4831270.275267782
  0
LWPOLYLINE
  5
123
330
17
100
AcDbEntity
  8
ROADS
100
AcDbPolyline
 90
2
 70
0
 10
620170.9800089615
 20
4831256.350439649
 10
620139.4004715745
 20
4831347.8076535
  0
LWPOLYLINE
  5
124
330
17
100
AcDbEntity
  8
ROADS
100
AcDbPolyline
 90
2
 70
0
 10
619972.468416928
 20
4831241.712599236
 10
619928.7464569003
 20
4831374.073034012
  0
LWPOLYLINE
  5
125
330
17
100
AcDbEntity
  8
ROADS
100
AcDbPolyline
 90
2
 70
0
 10
620302.2069374444
 20
4831300.9899832215
 10
620287.1015512517
 20
4831347.251994195
  0
LWPOLYLINE
  5
126
330
17
100
AcDbEntity
  8
ROADS
100
AcDbPolyline
 90
2
 70
0
 10
620015.4274639032
 20
4831402.66117106
 10
620060.185619923
 20
4831270.293424795
  0
LWPOLYLINE
  5
127
330
17
100
AcDbEntity
  8
ROADS
100
AcDbPolyline
 90
2
 70
0
 10
620287.1015512517
 20
4831347.251994195
 10
620239.4149227345
 20
4831331.236832838
  0
LWPOLYLINE
  5
128
330
17
100
AcDbEntity
  8
ROADS
100
AcDbPolyline
 90
2
 70
0
 10
619629.624436594
 20
4831203.982412841
 10
619599.2773621097
 20
4831296.305782324
  0
LWPOLYLINE
  5
129
330
17
100
AcDbEntity
  8
ROADS
100
AcDbPolyline
 90
2
 70
0
 10
619894.9836190307
 20
4831215.734746627
 10
619850.2228181406
 20
4831348.749412241
  0
LWPOLYLINE
  5
12A
330
17
100
AcDbEntity
  8
ROADS
100
AcDbPolyline
 90
2
 70
0
 10
619791.9918076845
 20
4831257.3447873695
 10
619769.5693864564
 20
4831322.580291879
  0
LWPOLYLINE
  5
12B
330
17
100
AcDbEntity
  8
ROADS
100
AcDbPolyline
 90
3
 70
0
 10
619599.2773621097
 20
4831296.305782324
 10
619585.2559539492
 20
4831335.820015865
 10
619568.4524835382
 20
4831337.968528613
  0
LWPOLYLINE
  5
12C
330
17
100
AcDbEntity
  8
ROADS
100
AcDbPolyline
 90
2
 70
0
 10
619761.4465429765
 20
4831349.510610471
 10
619599.2773621097
 20
4831296.305782324
  0
LWPOLYLINE
  5
12D
330
17
100
AcDbEntity
  8
ROADS
100
AcDbPolyline
 90
2
 70
0
 10
619769.5693864564
 20
4831322.580291879
 10
619850.2228181406
 20
4831348.749412241
  0
LWPOLYLINE
  5
12E
330
17
100
AcDbEntity
  8
ROADS
100
AcDbPolyline
 90
2
 70
0
 10
619769.5693864564
 20
4831322.580291879
 10
619761.4465429765
 20
4831349.510610471
  0
LWPOLYLINE
  5
12F
330
17
100
AcDbEntity
  8
ROADS
100
AcDbPolyline
 90
2
 70
0
 10
619850.2228181406
 20
4831348.749412241
 10
619928.7464569003
 20
4831374.073034012
  0
LWPOLYLINE
  5
130
330
17
100
AcDbEntity
  8
ROADS
100
AcDbPolyline
 90
2
 70
0
 10
619568.4524835382
 20
4831337.968528613
 10
619536.6611037818
 20
4831429.805757658
  0
LWPOLYLINE
  5
131
330
17
100
AcDbEntity
  8
ROADS
100
AcDbPolyline
 90
2
 70
0
 10
619429.8853474528
 20
4831397.182461216
 10
619536.6611037818
 20
4831429.805757658
  0
LWPOLYLINE
  5
132
330
17
100
AcDbEntity
  8
ROADS
100
AcDbPolyline
 90
2
 70
0
 10
620287.1015512517
 20
4831347.251994195
 10
620373.7664878026
 20
4831375.627853998
  0
LWPOLYLINE
  5
133
330
17
100
AcDbEntity
  8
ROADS
100
AcDbPolyline
 90
2
 70
0
 10
620228.8559347795
 20
4831377.320962035
 10
620139.4004715745
 20
4831347.8076535
  0
LWPOLYLINE
  5
134
330
17
100
AcDbEntity
  8
ROADS
100
AcDbPolyline
 90
2
 70
0
 10
620287.1015512517
 20
4831347.251994195
 10
620273.3849627239
 20
4831389.26591676
  0
LWPOLYLINE
  5
135
330
17
100
AcDbEntity
  8
ROADS
100
AcDbPolyline
 90
2
 70
0
 10
620273.3849627239
 20
4831389.26591676
 10
620228.8559347795
 20
4831377.320962035
  0
LWPOLYLINE
  5
136
330
17
100
AcDbEntity
  8
ROADS
100
AcDbPolyline
 90
2
 70
0
 10
619928.7464569003
 20
4831374.073034012
 10
620015.4274639032
 20
4831402.66117106
  0
LWPOLYLINE
  5
137
330
17
100
AcDbEntity
  8
ROADS
100
AcDbPolyline
 90
2
 70
0
 10
620139.4004715745
 20
4831347.8076535
 10
620111.2720395568
 20
4831433.508965355
  0
LWPOLYLINE
  5
138
330
17
100
AcDbEntity
  8
ROADS
100
AcDbPolyline
 90
2
 70
0
 10
620315.2967595943
 20
4831405.424764954
 10
620273.3849627239
 20
4831389.26591676
  0
LWPOLYLINE
  5
139
330
17
100
AcDbEntity
  8
ROADS
100
AcDbPolyline
 90
2
 70
0
 10
620355.9265021884
 20
4831416.602249411
 10
620315.2967595943
 20
4831405.424764954
  0
LWPOLYLINE
  5
13A
330
17
100
AcDbEntity
  8
ROADS
100
AcDbPolyline
 90
2
 70
0
 10
620015.4274639032
 20
4831402.66117106
 10
620111.2720395568
 20
4831433.508965355
  0
LWPOLYLINE
  5
13B
330
17
100
AcDbEntity
  8
ROADS
100
AcDbPolyline
 90
2
 70
0
 10
620315.2967595943
 20
4831405.424764954
 10
620277.7288936258
 20
4831529.762168892
  0
LWPOLYLINE
  5
13C
330
17
100
AcDbEntity
  8
ROADS
100
AcDbPolyline
 90
2
 70
0
 10
619959.8521484387
 20
4831577.631165031
 10
620015.4274639032
 20
4831402.66117106
  0
LWPOLYLINE
  5
13D
330
17
100
AcDbEntity
  8
ROADS
100
AcDbPolyline
 90
2
 70
0
 10
620228.8559347795
 20
4831377.320962035
 10
620144.4688545144
 20
4831635.624934133
  0
LWPOLYLINE
  5
13E
330
17
100
AcDbEntity
  8
ROADS
100
AcDbPolyline
 90
2
 70
0
 10
620111.2720395568
 20
4831433.508965355
 10
620049.7494469958
 20
4831605.822449328
  0
LWPOLYLINE
  5
13F
330
17
100
AcDbEntity
  8
ROADS
100
AcDbPolyline
 90
2
 70
0
 10
620347.6571588261
 20
4831548.726311917
 10
620277.7288936258
 20
4831529.762168892
  0
LWPOLYLINE
  5
140
330
17
100
AcDbEntity
  8
ROADS
100
AcDbPolyline
 90
2
 70
0
 10
619870.5600345435
 20
4831546.830724979
 10
619959.8521484387
 20
4831577.631165031
  0
LWPOLYLINE
  5
141
330
17
100
AcDbEntity
  8
ROADS
100
AcDbPolyline
 90
2
 70
0
 10
619959.8521484387
 20
4831577.631165031
 10
620049.7494469958
 20
4831605.822449328
  0
LWPOLYLINE
  5
142
330
17
100
AcDbEntity
  8
ROADS
100
AcDbPolyline
 90
2
 70
0
 10
620277.7288936258
 20
4831529.762168892
 10
620232.7180135577
 20
4831665.5385424225
  0
LWPOLYLINE
  5
143
330
17
100
AcDbEntity
  8
ROADS
100
AcDbPolyline
 90
2
 70
0
 10
620049.7494469958
 20
4831605.822449328
 10
620144.4688545144
 20
4831635.624934133
  0
LWPOLYLINE
  5
144
330
17
100
AcDbEntity
  8
ROADS
100
AcDbPolyline
 90
2
 70
0
 10
620049.7494469958
 20
4831605.822449328
 10
620005.301439313
 20
4831692.622916186
  0
LWPOLYLINE
  5
145
330
17
100
AcDbEntity
  8
ROADS
100
AcDbPolyline
 90
2
 70
0
 10
620144.4688545144
 20
4831635.624934133
 10
620232.7180135577
 20
4831665.5385424225
  0
LWPOLYLINE
  5
146
330
17
100
AcDbEntity
  8
ROADS
100
AcDbPolyline
 90
2
 70
0
 10
619761.4465429765
 20
4831349.510610471
 10
619713.5558572907
 20
4831491.643019683
  0
LWPOLYLINE
  5
147
330
17
100
AcDbEntity
  8
ROADS
100
AcDbPolyline
 90
2
 70
0
 10
619850.2228181406
 20
4831348.749412241
 10
619792.3583292639
 20
4831521.346876575
  0
LWPOLYLINE
  5
148
330
17
100
AcDbEntity
  8
ROADS
100
AcDbPolyline
 90
2
 70
0
 10
619928.7464569003
 20
4831374.073034012
 10
619870.5600345435
 20
4831546.830724979
  0
LWPOLYLINE
  5
149
330
17
100
AcDbEntity
  8
ROADS
100
AcDbPolyline
 90
2
 70
0
 10
619536.6611037818
 20
4831429.805757658
 10
619713.5558572907
 20
4831491.643019683
  0
LWPOLYLINE
  5
14A
330
17
100
AcDbEntity
  8
ROADS
100
AcDbPolyline
 90
2
 70
0
 10
619713.5558572907
 20
4831491.643019683
 10
619792.3583292639
 20
4831521.346876575
  0
LWPOLYLINE
  5
14B
330
17
100
AcDbEntity
  8
ROADS
100
AcDbPolyline
 90
2
 70
0
 10
619792.3583292639
 20
4831521.346876575
 10
619870.5600345435
 20
4831546.830724979
  0
LWPOLYLINE
  5
14C
330
17
100
AcDbEntity
  8
ROADS
100
AcDbPolyline
 90
2
 70
0
 10
619713.5558572907
 20
4831491.643019683
 10
619684.1109483674
 20
4831588.769875936
  0
LWPOLYLINE
  5
14D
330
17
100
AcDbEntity
  8
ROADS
100
AcDbPolyline
 90
2
 70
0
 10
619684.1109483674
 20
4831588.769875936
 10
619653.7880745493
 20
4831684.839811936
  0
LWPOLYLINE
  5
14E
330
17
100
AcDbEntity
  8
ROADS
100
AcDbPolyline
 90
2
 70
0
 10
620005.301439313
 20
4831692.622916186
 10
619684.1109483674
 20
4831588.769875936
  0
LWPOLYLINE
  5
14F
330
17
100
AcDbEntity
  8
ROADS
100
AcDbPolyline
 90
2
 70
0
 10
619653.7880745493
 20
4831684.839811936
 10
619638.437767434
 20
4831730.265258939
  0
LWPOLYLINE
  5
150
330
17
100
AcDbEntity
  8
ROADS
100
AcDbPolyline
 90
2
 70
0
 10
620615.5518977473
 20
4831572.551250427
 10
620571.1470119846
 20
4831507.736283447
  0
LWPOLYLINE
  5
151
330
17
100
AcDbEntity
  8
ROADS
100
AcDbPolyline
 90
2
 70
0
 10
620374.4345418733
 20
4831590.500816349
 10
620347.6571588261
 20
4831548.726311917
  0
LWPOLYLINE
  5
152
330
17
100
AcDbEntity
  8
ROADS
100
AcDbPolyline
 90
2
 70
0
 10
620486.2048971604
 20
4831566.882150386
 10
620513.1719367946
 20
4831613.049283471
  0
LWPOLYLINE
  5
153
330
17
100
AcDbEntity
  8
ROADS
100
AcDbPolyline
 90
2
 70
0
 10
620486.2048971604
 20
4831566.882150386
 10
620400.7746088805
 20
4831626.369181634
  0
LWPOLYLINE
  5
154
330
17
100
AcDbEntity
  8
ROADS
100
AcDbPolyline
 90
2
 70
0
 10
620374.4345418733
 20
4831590.500816349
 10
620338.9223471616
 20
4831612.515137605
  0
LWPOLYLINE
  5
155
330
17
100
AcDbEntity
  8
ROADS
100
AcDbPolyline
 90
2
 70
0
 10
620400.7746088805
 20
4831626.369181634
 10
620374.4345418733
 20
4831590.500816349
  0
LWPOLYLINE
  5
156
330
17
100
AcDbEntity
  8
ROADS
100
AcDbPolyline
 90
2
 70
0
 10
620513.1719367946
 20
4831613.049283471
 10
620540.7965213596
 20
4831642.748613942
  0
LWPOLYLINE
  5
157
330
17
100
AcDbEntity
  8
ROADS
100
AcDbPolyline
 90
3
 70
0
 10
620513.1719367946
 20
4831613.049283471
 10
620542.633504374
 20
4831616.019682543
 10
620540.7965213596
 20
4831642.748613942
  0
LWPOLYLINE
  5
158
330
17
100
AcDbEntity
  8
ROADS
100
AcDbPolyline
 90
3
 70
0
 10
620615.5518977473
 20
4831572.551250427
 10
620600.6135968349
 20
4831601.979603799
 10
620630.9897652756
 20
4831715.95120638
  0
LWPOLYLINE
  5
159
330
17
100
AcDbEntity
  8
ROADS
100
AcDbPolyline
 90
2
 70
0
 10
620444.7365091589
 20
4831692.508183919
 10
620400.7746088805
 20
4831626.369181634
  0
LWPOLYLINE
  5
15A
330
17
100
AcDbEntity
  8
ROADS
100
AcDbPolyline
 90
2
 70
0
 10
618666.7400787994
 20
4830175.314028192
 10
618814.6721207211
 20
4829722.496823911
  0
LWPOLYLINE
  5
15B
330
17
100
AcDbEntity
  8
ROADS
100
AcDbPolyline
 90
3
 70
0
 10
618933.6613073982
 20
4829727.161419242
 10
618857.092500405
 20
4829977.1399884205
 10
619130.4276651714
 20
4830075.633660009
  0
LWPOLYLINE
  5
15C
330
17
100
AcDbEntity
  8
ROADS
100
AcDbPolyline
 90
2
 70
0
 10
618535.6847284399
 20
4830132.608301471
 10
618622.2981738339
 20
4829862.243994246
  0
LWPOLYLINE
  5
15D
330
17
100
AcDbEntity
  8
ROADS
100
AcDbPolyline
 90
2
 70
0
 10
618650.1094289782
 20
4830169.946441803
 10
618535.6847284399
 20
4830132.608301471
  0
LWPOLYLINE
  5
15E
330
17
100
AcDbEntity
  8
ROADS
100
AcDbPolyline
 90
2
 70
0
 10
618666.7400787994
 20
4830175.314028192
 10
618650.1094289782
 20
4830169.946441803
  0
LWPOLYLINE
  5
15F
330
17
100
AcDbEntity
  8
ROADS
100
AcDbPolyline
 90
2
 70
0
 10
618522.760460001
 20
4829836.340253227
 10
618439.077049702
 20
4829808.8655777695
  0
LWPOLYLINE
  5
160
330
17
100
AcDbEntity
  8
ROADS
100
AcDbPolyline
 90
2
 70
0
 10
618228.4807988191
 20
4829961.8617646955
 10
618208.1121015996
 20
4830023.8207438765
  0
LWPOLYLINE
  5
161
330
17
100
AcDbEntity
  8
ROADS
100
AcDbPolyline
 90
2
 70
0
 10
618436.1688821531
 20
4829810.166807905
 10
618350.5639447304
 20
4830069.4493380925
  0
LWPOLYLINE
  5
162
330
17
100
AcDbEntity
  8
ROADS
100
AcDbPolyline
 90
2
 70
0
 10
618208.1121015996
 20
4830023.8207438765
 10
618177.1195093484
 20
4830013.55545345
  0
LWPOLYLINE
  5
163
330
17
100
AcDbEntity
  8
ROADS
100
AcDbPolyline
 90
2
 70
0
 10
618225.5577536
 20
4830029.853060226
 10
618208.1121015996
 20
4830023.8207438765
  0
LWPOLYLINE
  5
164
330
17
100
AcDbEntity
  8
ROADS
100
AcDbPolyline
 90
2
 70
0
 10
618350.5639447304
 20
4830069.4493380925
 10
618225.5577536
 20
4830029.853060226
  0
LWPOLYLINE
  5
165
330
17
100
AcDbEntity
  8
ROADS
100
AcDbPolyline
 90
2
 70
0
 10
618535.6847284399
 20
4830132.608301471
 10
618350.5639447304
 20
4830069.4493380925
  0
LWPOLYLINE
  5
166
330
17
100
AcDbEntity
  8
ROADS
100
AcDbPolyline
 90
2
 70
0
 10
618225.5577536
 20
4830029.853060226
 10
618160.1187054437
 20
4830221.508744325
  0
LWPOLYLINE
  5
167
330
17
100
AcDbEntity
  8
ROADS
100
AcDbPolyline
 90
2
 70
0
 10
618130.1587601233
 20
4830308.47759846
 10
618018.3926562768
 20
4830276.0706319725
  0
LWPOLYLINE
  5
168
330
17
100
AcDbEntity
  8
ROADS
100
AcDbPolyline
 90
2
 70
0
 10
618563.156125201
 20
4830432.648282356
 10
618130.1587601233
 20
4830308.47759846
  0
LWPOLYLINE
  5
169
330
17
100
AcDbEntity
  8
ROADS
100
AcDbPolyline
 90
2
 70
0
 10
618130.1587601233
 20
4830308.47759846
 10
618045.2212157038
 20
4830563.890157334
  0
LWPOLYLINE
  5
16A
330
17
100
AcDbEntity
  8
ROADS
100
AcDbPolyline
 90
2
 70
0
 10
618045.2212157038
 20
4830563.890157334
 10
617942.20071722
 20
4830527.168597288
  0
LWPOLYLINE
  5
16B
330
17
100
AcDbEntity
  8
ROADS
100
AcDbPolyline
 90
2
 70
0
 10
618281.8423147734
 20
4830631.047779239
 10
618045.2212157038
 20
4830563.890157334
  0
LWPOLYLINE
  5
16C
330
17
100
AcDbEntity
  8
ROADS
100
AcDbPolyline
 90
2
 70
0
 10
618906.1328086288
 20
4830246.733711893
 10
618666.7400787994
 20
4830175.314028192
  0
LWPOLYLINE
  5
16D
330
17
100
AcDbEntity
  8
ROADS
100
AcDbPolyline
 90
2
 70
0
 10
619047.750575009
 20
4830267.660501661
 10
618906.1328086288
 20
4830246.733711893
  0
LWPOLYLINE
  5
16E
330
17
100
AcDbEntity
  8
ROADS
100
AcDbPolyline
 90
2
 70
0
 10
618650.1094289782
 20
4830169.946441803
 10
618563.156125201
 20
4830432.648282356
  0
LWPOLYLINE
  5
16F
330
17
100
AcDbEntity
  8
ROADS
100
AcDbPolyline
 90
3
 70
0
 10
618906.1328086288
 20
4830246.733711893
 10
619003.2366844674
 20
4830286.690163958
 10
618990.5491329869
 20
4830375.107279836
  0
LWPOLYLINE
  5
170
330
17
100
AcDbEntity
  8
ROADS
100
AcDbPolyline
 90
2
 70
0
 10
619047.750575009
 20
4830267.660501661
 10
618990.5491329869
 20
4830375.107279836
  0
LWPOLYLINE
  5
171
330
17
100
AcDbEntity
  8
ROADS
100
AcDbPolyline
 90
2
 70
0
 10
618493.069187266
 20
4830700.279842516
 10
618666.7400787994
 20
4830175.314028192
  0
LWPOLYLINE
  5
172
330
17
100
AcDbEntity
  8
ROADS
100
AcDbPolyline
 90
2
 70
0
 10
618563.156125201
 20
4830432.648282356
 10
618477.9412628876
 20
4830674.2826415645
  0
LWPOLYLINE
  5
173
330
17
100
AcDbEntity
  8
ROADS
100
AcDbPolyline
 90
2
 70
0
 10
618634.0617795218
 20
4830599.996125111
 10
618651.0082136212
 20
4830550.0164329875
  0
LWPOLYLINE
  5
174
330
17
100
AcDbEntity
  8
ROADS
100
AcDbPolyline
 90
2
 70
0
 10
618634.0617795218
 20
4830599.996125111
 10
618595.281668227
 20
4830587.19214622
  0
LWPOLYLINE
  5
175
330
17
100
AcDbEntity
  8
ROADS
100
AcDbPolyline
 90
2
 70
0
 10
618990.5491329869
 20
4830375.107279836
 10
618866.1016797555
 20
4830828.325068218
  0
LWPOLYLINE
  5
176
330
17
100
AcDbEntity
  8
ROADS
100
AcDbPolyline
 90
3
 70
0
 10
618782.1114971519
 20
4830521.754606115
 10
618761.4055173829
 20
4830538.264184937
 10
618706.1708725874
 20
4830716.056913236
  0
LWPOLYLINE
  5
177
330
17
100
AcDbEntity
  8
ROADS
100
AcDbPolyline
 90
2
 70
0
 10
618598.5386994949
 20
4830711.643467673
 10
618634.0617795218
 20
4830599.996125111
  0
LWPOLYLINE
  5
178
330
17
100
AcDbEntity
  8
ROADS
100
AcDbPolyline
 90
2
 70
0
 10
618548.5305949165
 20
4830717.52832427
 10
618493.069187266
 20
4830700.279842516
  0
LWPOLYLINE
  5
179
330
17
100
AcDbEntity
  8
ROADS
100
AcDbPolyline
 90
3
 70
0
 10
618598.5386994949
 20
4830711.643467673
 10
618559.6477109689
 20
4830704.977694818
 10
618548.5305949165
 20
4830717.52832427
  0
LWPOLYLINE
  5
17A
330
17
100
AcDbEntity
  8
ROADS
100
AcDbPolyline
 90
2
 70
0
 10
618706.1708725874
 20
4830716.056913236
 10
618598.5386994949
 20
4830711.643467673
  0
LWPOLYLINE
  5
17B
330
17
100
AcDbEntity
  8
ROADS
100
AcDbPolyline
 90
2
 70
0
 10
618689.0642687851
 20
4830766.597732716
 10
618706.1708725874
 20
4830716.056913236
  0
LWPOLYLINE
  5
17C
330
17
100
AcDbEntity
  8
ROADS
100
AcDbPolyline
 90
2
 70
0
 10
618689.0642687851
 20
4830766.597732716
 10
618548.5305949165
 20
4830717.52832427
  0
LWPOLYLINE
  5
17D
330
17
100
AcDbEntity
  8
ROADS
100
AcDbPolyline
 90
5
 70
0
 10
618689.0642687851
 20
4830766.597732716
 10
618675.4955653556
 20
4830789.527455412
 10
618653.8836212121
 20
4830792.138143335
 10
618552.5423203069
 20
4830739.362577165
 10
618548.5305949165
 20
4830717.52832427
  0
LWPOLYLINE
  5
17E
330
17
100
AcDbEntity
  8
ROADS
100
AcDbPolyline
 90
2
 70
0
 10
618866.1016797555
 20
4830828.325068218
 10
618689.0642687851
 20
4830766.597732716
  0
LWPOLYLINE
  5
17F
330
17
100
AcDbEntity
  8
ROADS
100
AcDbPolyline
 90
2
 70
0
 10
618966.5090999368
 20
4830861.777120699
 10
618866.1016797555
 20
4830828.325068218
  0
LWPOLYLINE
  5
180
330
17
100
AcDbEntity
  8
ROADS
100
AcDbPolyline
 90
4
 70
0
 10
618477.9412628876
 20
4830674.2826415645
 10
618374.2264435119
 20
4830639.081884864
 10
618319.7601953406
 20
4830596.639513646
 10
618281.8423147734
 20
4830631.047779239
  0
LWPOLYLINE
  5
181
330
17
100
AcDbEntity
  8
ROADS
100
AcDbPolyline
 90
2
 70
0
 10
618281.8423147734
 20
4830631.047779239
 10
618274.1720065331
 20
4830679.820934657
  0
LWPOLYLINE
  5
182
330
17
100
AcDbEntity
  8
ROADS
100
AcDbPolyline
 90
2
 70
0
 10
618471.6401842441
 20
4830693.262495692
 10
618281.8423147734
 20
4830631.047779239
  0
LWPOLYLINE
  5
183
330
17
100
AcDbEntity
  8
ROADS
100
AcDbPolyline
 90
2
 70
0
 10
618477.9412628876
 20
4830674.2826415645
 10
618471.6401842441
 20
4830693.262495692
  0
LWPOLYLINE
  5
184
330
17
100
AcDbEntity
  8
ROADS
100
AcDbPolyline
 90
4
 70
0
 10
618471.6401842441
 20
4830693.262495692
 10
618444.0156178309
 20
4830703.97886374
 10
618327.6670246423
 20
4830668.464872982
 10
618274.1720065331
 20
4830679.820934657
  0
LWPOLYLINE
  5
185
330
17
100
AcDbEntity
  8
ROADS
100
AcDbPolyline
 90
2
 70
0
 10
618493.069187266
 20
4830700.279842516
 10
618471.6401842441
 20
4830693.262495692
  0
LWPOLYLINE
  5
186
330
17
100
AcDbEntity
  8
ROADS
100
AcDbPolyline
 90
2
 70
0
 10
618274.1720065331
 20
4830679.820934657
 10
618128.6814241458
 20
4831105.706544517
  0
LWPOLYLINE
  5
187
330
17
100
AcDbEntity
  8
ROADS
100
AcDbPolyline
 90
2
 70
0
 10
618336.8786875485
 20
4831175.620170818
 10
618493.069187266
 20
4830700.279842516
  0
LWPOLYLINE
  5
188
330
17
100
AcDbEntity
  8
ROADS
100
AcDbPolyline
 90
2
 70
0
 10
618128.6814241458
 20
4831105.706544517
 10
617910.7737814644
 20
4831034.106926446
  0
LWPOLYLINE
  5
189
330
17
100
AcDbEntity
  8
ROADS
100
AcDbPolyline
 90
2
 70
0
 10
618336.8786875485
 20
4831175.620170818
 10
618128.6814241458
 20
4831105.706544517
  0
LWPOLYLINE
  5
18A
330
17
100
AcDbEntity
  8
ROADS
100
AcDbPolyline
 90
2
 70
0
 10
619069.0036402325
 20
4830895.781916571
 10
618966.5090999368
 20
4830861.777120699
  0
LWPOLYLINE
  5
18B
330
17
100
AcDbEntity
  8
ROADS
100
AcDbPolyline
 90
2
 70
0
 10
618966.5090999368
 20
4830861.777120699
 10
618951.2643275631
 20
4830907.319420544
  0
LWPOLYLINE
  5
18C
330
17
100
AcDbEntity
  8
ROADS
100
AcDbPolyline
 90
2
 70
0
 10
618930.4721351734
 20
4830900.561564798
 10
618951.2643275631
 20
4830907.319420544
  0
LWPOLYLINE
  5
18D
330
17
100
AcDbEntity
  8
ROADS
100
AcDbPolyline
 90
2
 70
0
 10
618951.2643275631
 20
4830907.319420544
 10
619001.861736775
 20
4830923.6480575185
  0
LWPOLYLINE
  5
18E
330
17
100
AcDbEntity
  8
ROADS
100
AcDbPolyline
 90
2
 70
0
 10
618866.1016797555
 20
4830828.325068218
 10
618798.3046910347
 20
4831032.727844014
  0
LWPOLYLINE
  5
18F
330
17
100
AcDbEntity
  8
ROADS
100
AcDbPolyline
 90
2
 70
0
 10
618951.2643275631
 20
4830907.319420544
 10
618900.1496768751
 20
4831065.927912197
  0
LWPOLYLINE
  5
190
330
17
100
AcDbEntity
  8
ROADS
100
AcDbPolyline
 90
2
 70
0
 10
619069.0036402325
 20
4830895.781916571
 10
619001.2830108277
 20
4831099.164145163
  0
LWPOLYLINE
  5
191
330
17
100
AcDbEntity
  8
ROADS
100
AcDbPolyline
 90
2
 70
0
 10
618798.3046910347
 20
4831032.727844014
 10
618900.1496768751
 20
4831065.927912197
  0
LWPOLYLINE
  5
192
330
17
100
AcDbEntity
  8
ROADS
100
AcDbPolyline
 90
2
 70
0
 10
618900.1496768751
 20
4831065.927912197
 10
619001.2830108277
 20
4831099.164145163
  0
LWPOLYLINE
  5
193
330
17
100
AcDbEntity
  8
ROADS
100
AcDbPolyline
 90
2
 70
0
 10
618798.3046910347
 20
4831032.727844014
 10
618716.501531218
 20
4831299.986798193
  0
LWPOLYLINE
  5
194
330
17
100
AcDbEntity
  8
ROADS
100
AcDbPolyline
 90
2
 70
0
 10
618900.1496768751
 20
4831065.927912197
 10
618819.7523949184
 20
4831299.041084005
  0
LWPOLYLINE
  5
195
330
17
100
AcDbEntity
  8
ROADS
100
AcDbPolyline
 90
2
 70
0
 10
619001.2830108277
 20
4831099.164145163
 10
618921.515082485
 20
4831339.563019936
  0
LWPOLYLINE
  5
196
330
17
100
AcDbEntity
  8
ROADS
100
AcDbPolyline
 90
2
 70
0
 10
618716.501531218
 20
4831299.986798193
 10
618336.8786875485
 20
4831175.620170818
  0
LWPOLYLINE
  5
197
330
17
100
AcDbEntity
  8
ROADS
100
AcDbPolyline
 90
2
 70
0
 10
618716.501531218
 20
4831299.986798193
 10
618688.6597355725
 20
4831418.650125633
  0
LWPOLYLINE
  5
198
330
17
100
AcDbEntity
  8
ROADS
100
AcDbPolyline
 90
2
 70
0
 10
618688.6597355725
 20
4831418.650125633
 10
619020.7602801034
 20
4831526.014950016
  0
LWPOLYLINE
  5
199
330
17
100
AcDbEntity
  8
ROADS
100
AcDbPolyline
 90
2
 70
0
 10
619020.7602801034
 20
4831526.014950016
 10
618956.1933023824
 20
4831740.859432834
  0
LWPOLYLINE
  5
19A
330
17
100
AcDbEntity
  8
ROADS
100
AcDbPolyline
 90
2
 70
0
 10
618688.6597355725
 20
4831418.650125633
 10
618588.3659389863
 20
4831719.291906989
  0
LWPOLYLINE
  5
19B
330
17
100
AcDbEntity
  8
ROADS
100
AcDbPolyline
 90
2
 70
0
 10
618923.7221964918
 20
4831790.174442207
 10
618956.1933023824
 20
4831740.859432834
  0
LWPOLYLINE
  5
19C
330
17
100
AcDbEntity
  8
ROADS
100
AcDbPolyline
 90
2
 70
0
 10
618215.0150194678
 20
4831549.1087455135
 10
618336.8786875485
 20
4831175.620170818
  0
LWPOLYLINE
  5
19D
330
17
100
AcDbEntity
  8
ROADS
100
AcDbPolyline
 90
2
 70
0
 10
622019.4377854133
 20
4831009.338606455
 10
621916.5551955842
 20
4830899.559740006
  0
LWPOLYLINE
  5
19E
330
17
100
AcDbEntity
  8
ROADS
100
AcDbPolyline
 90
3
 70
0
 10
622019.4377854133
 20
4831009.338606455
 10
622061.0414596666
 20
4830958.424809687
 10
622039.5792087448
 20
4830935.751770435
  0
LWPOLYLINE
  5
19F
330
17
100
AcDbEntity
  8
ROADS
100
AcDbPolyline
 90
4
 70
0
 10
621865.6738772786
 20
4830891.3944015475
 10
621843.1219534299
 20
4830914.276135893
 10
621965.4667214676
 20
4831047.344378389
 10
622019.4377854133
 20
4831009.338606455
  0
LWPOLYLINE
  5
1A0
330
17
100
AcDbEntity
  8
ROADS
100
AcDbPolyline
 90
3
 70
0
 10
621893.5136122367
 20
4831318.07197175
 10
621883.6746946077
 20
4831348.486619144
 10
622148.2384759159
 20
4831415.488822699
  0
LWPOLYLINE
  5
1A1
330
17
100
AcDbEntity
  8
ROADS
100
AcDbPolyline
 90
4
 70
0
 10
621893.5136122367
 20
4831318.07197175
 10
621900.1817555072
 20
4831341.993535611
 10
622130.6218683958
 20
4831389.073828531
 10
622148.2384759159
 20
4831415.488822699
  0
LWPOLYLINE
  5
1A2
330
17
100
AcDbEntity
  8
ROADS
100
AcDbPolyline
 90
3
 70
0
 10
622410.3987001448
 20
4831183.9386701835
 10
622357.7681364375
 20
4831211.079033569
 10
622207.285227528
 20
4831358.365389656
  0
LWPOLYLINE
  5
1A3
330
17
100
AcDbEntity
  8
ROADS
100
AcDbPolyline
 90
3
 70
0
 10
621819.0819541569
 20
4831210.5888949735
 10
621918.872985272
 20
4831240.897560731
 10
621893.5136122367
 20
4831318.07197175
  0
LWPOLYLINE
  5
1A4
330
17
100
AcDbEntity
  8
ROADS
100
AcDbPolyline
 90
2
 70
0
 10
621620.545509647
 20
4831147.50889445
 10
621529.1531435723
 20
4831423.460230792
  0
LWPOLYLINE
  5
1A5
330
17
100
AcDbEntity
  8
ROADS
100
AcDbPolyline
 90
6
 70
0
 10
621654.0483188332
 20
4831394.480292704
 10
621654.1188536873
 20
4831369.2654274395
 10
621588.2270602852
 20
4831344.678922616
 10
621572.5103322444
 20
4831349.717212402
 10
621555.5831907038
 20
4831402.710787664
 10
621578.2117987464
 20
4831410.039927111
  0
LWPOLYLINE
  5
1A6
330
17
100
AcDbEntity
  8
ROADS
100
AcDbPolyline
 90
2
 70
0
 10
621578.2117987464
 20
4831410.039927111
 10
621590.8175066742
 20
4831370.897901279
  0
LWPOLYLINE
  5
1A7
330
17
100
AcDbEntity
  8
ROADS
100
AcDbPolyline
 90
2
 70
0
 10
621638.7096758136
 20
4831393.315131645
 10
621654.0483188332
 20
4831394.480292704
  0
LWPOLYLINE
  5
1A8
330
17
100
AcDbEntity
  8
ROADS
100
AcDbPolyline
 90
3
 70
0
 10
621602.9144063205
 20
4831418.038566762
 10
621614.0794412799
 20
4831388.450941795
 10
621638.7096758136
 20
4831393.315131645
  0
LWPOLYLINE
  5
1A9
330
17
100
AcDbEntity
  8
ROADS
100
AcDbPolyline
 90
2
 70
0
 10
621654.0483188332
 20
4831394.480292704
 10
621707.5178557617
 20
4831414.788196131
  0
LWPOLYLINE
  5
1AA
330
17
100
AcDbEntity
  8
ROADS
100
AcDbPolyline
 90
2
 70
0
 10
621529.1531435723
 20
4831423.460230792
 10
621421.9022906387
 20
4831388.647073681
  0
LWPOLYLINE
  5
1AB
330
17
100
AcDbEntity
  8
ROADS
100
AcDbPolyline
 90
2
 70
0
 10
621707.5178557617
 20
4831414.788196131
 10
621713.5094914333
 20
4831398.217689731
  0
LWPOLYLINE
  5
1AC
330
17
100
AcDbEntity
  8
ROADS
100
AcDbPolyline
 90
2
 70
0
 10
621627.6959508663
 20
4831425.985631318
 10
621638.7096758136
 20
4831393.315131645
  0
LWPOLYLINE
  5
1AD
330
17
100
AcDbEntity
  8
ROADS
100
AcDbPolyline
 90
2
 70
0
 10
622207.285227528
 20
4831358.365389656
 10
622148.2384759159
 20
4831415.488822699
  0
LWPOLYLINE
  5
1AE
330
17
100
AcDbEntity
  8
ROADS
100
AcDbPolyline
 90
2
 70
0
 10
622148.2384759159
 20
4831415.488822699
 10
622096.139218084
 20
4831470.610157633
  0
LWPOLYLINE
  5
1AF
330
17
100
AcDbEntity
  8
ROADS
100
AcDbPolyline
 90
2
 70
0
 10
622096.139218084
 20
4831470.610157633
 10
622078.6364995766
 20
4831487.653241236
  0
LWPOLYLINE
  5
1B0
330
17
100
AcDbEntity
  8
ROADS
100
AcDbPolyline
 90
2
 70
0
 10
622078.6364995766
 20
4831487.653241236
 10
622042.9957078482
 20
4831523.584010036
  0
LWPOLYLINE
  5
1B1
330
17
100
AcDbEntity
  8
ROADS
100
AcDbPolyline
 90
2
 70
0
 10
622042.9957078482
 20
4831523.584010036
 10
622003.7009016882
 20
4831565.152016634
  0
LWPOLYLINE
  5
1B2
330
17
100
AcDbEntity
  8
ROADS
100
AcDbPolyline
 90
2
 70
0
 10
622003.7009016882
 20
4831565.152016634
 10
621785.9565993312
 20
4831780.756964735
  0
LWPOLYLINE
  5
1B3
330
17
100
AcDbEntity
  8
ROADS
100
AcDbPolyline
 90
2
 70
0
 10
622077.0619029324
 20
4831873.526725136
 10
621785.9565993312
 20
4831780.756964735
  0
LWPOLYLINE
  5
1B4
330
17
100
AcDbEntity
  8
ROADS
100
AcDbPolyline
 90
2
 70
0
 10
622196.2031403559
 20
4831910.683041851
 10
622077.0619029324
 20
4831873.526725136
  0
LWPOLYLINE
  5
1B5
330
17
100
AcDbEntity
  8
ROADS
100
AcDbPolyline
 90
2
 70
0
 10
622275.4682228904
 20
4831937.61743476
 10
622196.2031403559
 20
4831910.683041851
  0
LWPOLYLINE
  5
1B6
330
17
100
AcDbEntity
  8
ROADS
100
AcDbPolyline
 90
2
 70
0
 10
622077.0619029324
 20
4831873.526725136
 10
622038.4423786523
 20
4831980.332921494
  0
LWPOLYLINE
  5
1B7
330
17
100
AcDbEntity
  8
ROADS
100
AcDbPolyline
 90
2
 70
0
 10
620853.4409034809
 20
4831168.648808512
 10
620841.3199127633
 20
4831205.153398959
  0
LWPOLYLINE
  5
1B8
330
17
100
AcDbEntity
  8
ROADS
100
AcDbPolyline
 90
2
 70
0
 10
620953.2170694108
 20
4831279.806095658
 10
620996.2207351713
 20
4831146.856241389
  0
LWPOLYLINE
  5
1B9
330
17
100
AcDbEntity
  8
ROADS
100
AcDbPolyline
 90
2
 70
0
 10
620762.9903705672
 20
4831224.649164574
 10
620720.6170398393
 20
4831210.840080337
  0
LWPOLYLINE
  5
1BA
330
17
100
AcDbEntity
  8
ROADS
100
AcDbPolyline
 90
2
 70
0
 10
620896.3753255049
 20
4831181.957007415
 10
620870.3112017508
 20
4831255.135283245
  0
LWPOLYLINE
  5
1BB
330
17
100
AcDbEntity
  8
ROADS
100
AcDbPolyline
 90
2
 70
0
 10
620870.3112017508
 20
4831255.135283245
 10
620762.9903705672
 20
4831224.649164574
  0
LWPOLYLINE
  5
1BC
330
17
100
AcDbEntity
  8
ROADS
100
AcDbPolyline
 90
2
 70
0
 10
620953.2170694108
 20
4831279.806095658
 10
620870.3112017508
 20
4831255.135283245
  0
LWPOLYLINE
  5
1BD
330
17
100
AcDbEntity
  8
ROADS
100
AcDbPolyline
 90
2
 70
0
 10
621033.4682744511
 20
4831304.618967464
 10
621050.1534212312
 20
4831245.920851097
  0
LWPOLYLINE
  5
1BE
330
17
100
AcDbEntity
  8
ROADS
100
AcDbPolyline
 90
2
 70
0
 10
621033.4682744511
 20
4831304.618967464
 10
620953.2170694108
 20
4831279.806095658
  0
LWPOLYLINE
  5
1BF
330
17
100
AcDbEntity
  8
ROADS
100
AcDbPolyline
 90
2
 70
0
 10
620713.6624244755
 20
4831373.264326359
 10
620762.9903705672
 20
4831224.649164574
  0
LWPOLYLINE
  5
1C0
330
17
100
AcDbEntity
  8
ROADS
100
AcDbPolyline
 90
2
 70
0
 10
620870.3112017508
 20
4831255.135283245
 10
620814.6805192177
 20
4831422.428420131
  0
LWPOLYLINE
  5
1C1
330
17
100
AcDbEntity
  8
ROADS
100
AcDbPolyline
 90
2
 70
0
 10
620897.8104478209
 20
4831449.36441544
 10
620953.2170694108
 20
4831279.806095658
  0
LWPOLYLINE
  5
1C2
330
17
100
AcDbEntity
  8
ROADS
100
AcDbPolyline
 90
2
 70
0
 10
620979.8530082118
 20
4831475.931763091
 10
621033.4682744511
 20
4831304.618967464
  0
LWPOLYLINE
  5
1C3
330
17
100
AcDbEntity
  8
ROADS
100
AcDbPolyline
 90
2
 70
0
 10
620814.6805192177
 20
4831422.428420131
 10
620709.0078779547
 20
4831387.287831525
  0
LWPOLYLINE
  5
1C4
330
17
100
AcDbEntity
  8
ROADS
100
AcDbPolyline
 90
2
 70
0
 10
620897.8104478209
 20
4831449.36441544
 10
620814.6805192177
 20
4831422.428420131
  0
LWPOLYLINE
  5
1C5
330
17
100
AcDbEntity
  8
ROADS
100
AcDbPolyline
 90
2
 70
0
 10
620814.6805192177
 20
4831422.428420131
 10
620801.6692982184
 20
4831461.4330211785
  0
LWPOLYLINE
  5
1C6
330
17
100
AcDbEntity
  8
ROADS
100
AcDbPolyline
 90
2
 70
0
 10
620801.6692982184
 20
4831461.4330211785
 10
620732.9044475071
 20
4831438.125706611
  0
LWPOLYLINE
  5
1C7
330
17
100
AcDbEntity
  8
ROADS
100
AcDbPolyline
 90
2
 70
0
 10
620897.8104478209
 20
4831449.36441544
 10
620979.8530082118
 20
4831475.931763091
  0
LWPOLYLINE
  5
1C8
330
17
100
AcDbEntity
  8
ROADS
100
AcDbPolyline
 90
2
 70
0
 10
620890.7253574518
 20
4831490.368174602
 10
620897.8104478209
 20
4831449.36441544
  0
LWPOLYLINE
  5
1C9
330
17
100
AcDbEntity
  8
ROADS
100
AcDbPolyline
 90
2
 70
0
 10
620732.9044475071
 20
4831438.125706611
 10
620711.9606299591
 20
4831507.145257077
  0
LWPOLYLINE
  5
1CA
330
17
100
AcDbEntity
  8
ROADS
100
AcDbPolyline
 90
2
 70
0
 10
620890.7253574518
 20
4831490.368174602
 10
620801.6692982184
 20
4831461.4330211785
  0
LWPOLYLINE
  5
1CB
330
17
100
AcDbEntity
  8
ROADS
100
AcDbPolyline
 90
2
 70
0
 10
621578.2117987464
 20
4831410.039927111
 10
621602.9144063205
 20
4831418.038566762
  0
LWPOLYLINE
  5
1CC
330
17
100
AcDbEntity
  8
ROADS
100
AcDbPolyline
 90
2
 70
0
 10
621602.9144063205
 20
4831418.038566762
 10
621627.6959508663
 20
4831425.985631318
  0
LWPOLYLINE
  5
1CD
330
17
100
AcDbEntity
  8
ROADS
100
AcDbPolyline
 90
2
 70
0
 10
621653.9179926572
 20
4831431.141261761
 10
621656.6372054231
 20
4831413.478922391
  0
LWPOLYLINE
  5
1CE
330
17
100
AcDbEntity
  8
ROADS
100
AcDbPolyline
 90
2
 70
0
 10
621627.6959508663
 20
4831425.985631318
 10
621653.9179926572
 20
4831431.141261761
  0
LWPOLYLINE
  5
1CF
330
17
100
AcDbEntity
  8
ROADS
100
AcDbPolyline
 90
2
 70
0
 10
621675.9577758182
 20
4831425.562516461
 10
621670.0359889617
 20
4831434.502937212
  0
LWPOLYLINE
  5
1D0
330
17
100
AcDbEntity
  8
ROADS
100
AcDbPolyline
 90
2
 70
0
 10
621594.6718560258
 20
4831445.779904856
 10
621602.9144063205
 20
4831418.038566762
  0
LWPOLYLINE
  5
1D1
330
17
100
AcDbEntity
  8
ROADS
100
AcDbPolyline
 90
2
 70
0
 10
621670.0359889617
 20
4831434.502937212
 10
621653.9179926572
 20
4831431.141261761
  0
LWPOLYLINE
  5
1D2
330
17
100
AcDbEntity
  8
ROADS
100
AcDbPolyline
 90
2
 70
0
 10
621594.6718560258
 20
4831445.779904856
 10
621529.1531435723
 20
4831423.460230792
  0
LWPOLYLINE
  5
1D3
330
17
100
AcDbEntity
  8
ROADS
100
AcDbPolyline
 90
2
 70
0
 10
621707.5178557617
 20
4831414.788196131
 10
621685.7306233331
 20
4831475.744346745
  0
LWPOLYLINE
  5
1D4
330
17
100
AcDbEntity
  8
ROADS
100
AcDbPolyline
 90
2
 70
0
 10
621653.9179926572
 20
4831431.141261761
 10
621644.8160128467
 20
4831462.28056397
  0
LWPOLYLINE
  5
1D5
330
17
100
AcDbEntity
  8
ROADS
100
AcDbPolyline
 90
2
 70
0
 10
621118.4124917428
 20
4831332.155752917
 10
621033.4682744511
 20
4831304.618967464
  0
LWPOLYLINE
  5
1D6
330
17
100
AcDbEntity
  8
ROADS
100
AcDbPolyline
 90
2
 70
0
 10
621228.1813383431
 20
4831324.01646556
 10
621177.609501474
 20
4831316.093745623
  0
LWPOLYLINE
  5
1D7
330
17
100
AcDbEntity
  8
ROADS
100
AcDbPolyline
 90
2
 70
0
 10
621323.7320515265
 20
4831356.370100118
 10
621228.1813383431
 20
4831324.01646556
  0
LWPOLYLINE
  5
1D8
330
17
100
AcDbEntity
  8
ROADS
100
AcDbPolyline
 90
2
 70
0
 10
621421.9022906387
 20
4831388.647073681
 10
621323.7320515265
 20
4831356.370100118
  0
LWPOLYLINE
  5
1D9
330
17
100
AcDbEntity
  8
ROADS
100
AcDbPolyline
 90
2
 70
0
 10
621118.4124917428
 20
4831332.155752917
 10
621062.6806035273
 20
4831503.330342255
  0
LWPOLYLINE
  5
1DA
330
17
100
AcDbEntity
  8
ROADS
100
AcDbPolyline
 90
2
 70
0
 10
621228.1813383431
 20
4831324.01646556
 10
621160.3059969932
 20
4831534.485442802
  0
LWPOLYLINE
  5
1DB
330
17
100
AcDbEntity
  8
ROADS
100
AcDbPolyline
 90
2
 70
0
 10
621323.7320515265
 20
4831356.370100118
 10
621255.6364379714
 20
4831565.689101226
  0
LWPOLYLINE
  5
1DC
330
17
100
AcDbEntity
  8
ROADS
100
AcDbPolyline
 90
2
 70
0
 10
621421.9022906387
 20
4831388.647073681
 10
621353.0463966123
 20
4831597.31336551
  0
LWPOLYLINE
  5
1DD
330
17
100
AcDbEntity
  8
ROADS
100
AcDbPolyline
 90
2
 70
0
 10
621062.6806035273
 20
4831503.330342255
 10
621160.3059969932
 20
4831534.485442802
  0
LWPOLYLINE
  5
1DE
330
17
100
AcDbEntity
  8
ROADS
100
AcDbPolyline
 90
2
 70
0
 10
621160.3059969932
 20
4831534.485442802
 10
621255.6364379714
 20
4831565.689101226
  0
LWPOLYLINE
  5
1DF
330
17
100
AcDbEntity
  8
ROADS
100
AcDbPolyline
 90
2
 70
0
 10
620713.6624244755
 20
4831373.264326359
 10
620666.8190426917
 20
4831357.898403537
  0
LWPOLYLINE
  5
1E0
330
17
100
AcDbEntity
  8
ROADS
100
AcDbPolyline
 90
2
 70
0
 10
620709.0078779547
 20
4831387.287831525
 10
620713.6624244755
 20
4831373.264326359
  0
LWPOLYLINE
  5
1E1
330
17
100
AcDbEntity
  8
ROADS
100
AcDbPolyline
 90
2
 70
0
 10
620656.1499175541
 20
4831415.004066482
 10
620531.2493603184
 20
4831372.565818025
  0
LWPOLYLINE
  5
1E2
330
17
100
AcDbEntity
  8
ROADS
100
AcDbPolyline
 90
2
 70
0
 10
620696.015202762
 20
4831426.428762335
 10
620709.0078779547
 20
4831387.287831525
  0
LWPOLYLINE
  5
1E3
330
17
100
AcDbEntity
  8
ROADS
100
AcDbPolyline
 90
2
 70
0
 10
620696.015202762
 20
4831426.428762335
 10
620656.1499175541
 20
4831415.004066482
  0
LWPOLYLINE
  5
1E4
330
17
100
AcDbEntity
  8
ROADS
100
AcDbPolyline
 90
2
 70
0
 10
620732.9044475071
 20
4831438.125706611
 10
620696.015202762
 20
4831426.428762335
  0
LWPOLYLINE
  5
1E5
330
17
100
AcDbEntity
  8
ROADS
100
AcDbPolyline
 90
8
 70
0
 10
620531.2493603184
 20
4831372.565818025
 10
620512.2497333735
 20
4831429.347943383
 10
620476.146840264
 20
4831455.716800611
 10
620430.4453662203
 20
4831439.862486163
 10
620397.522381334
 20
4831448.919067219
 10
620381.4268081854
 20
4831479.08052929
 10
620387.2313586519
 20
4831517.920005365
 10
620347.6571588261
 20
4831548.726311917
  0
LWPOLYLINE
  5
1E6
330
17
100
AcDbEntity
  8
ROADS
100
AcDbPolyline
 90
3
 70
0
 10
620656.1499175541
 20
4831415.004066482
 10
620634.6982014659
 20
4831461.212464782
 10
620571.1470119846
 20
4831507.736283447
  0
LWPOLYLINE
  5
1E7
330
17
100
AcDbEntity
  8
ROADS
100
AcDbPolyline
 90
2
 70
0
 10
620571.1470119846
 20
4831507.736283447
 10
620486.2048971604
 20
4831566.882150386
  0
LWPOLYLINE
  5
1E8
330
17
100
AcDbEntity
  8
ROADS
100
AcDbPolyline
 90
2
 70
0
 10
620711.9606299591
 20
4831507.145257077
 10
620615.5518977473
 20
4831572.551250427
  0
LWPOLYLINE
  5
1E9
330
17
100
AcDbEntity
  8
ROADS
100
AcDbPolyline
 90
2
 70
0
 10
620801.6692982184
 20
4831461.4330211785
 10
620787.5882267915
 20
4831508.7846466815
  0
LWPOLYLINE
  5
1EA
330
17
100
AcDbEntity
  8
ROADS
100
AcDbPolyline
 90
2
 70
0
 10
620968.5282402037
 20
4831516.851932335
 10
620979.8530082118
 20
4831475.931763091
  0
LWPOLYLINE
  5
1EB
330
17
100
AcDbEntity
  8
ROADS
100
AcDbPolyline
 90
2
 70
0
 10
620968.5282402037
 20
4831516.851932335
 10
620890.7253574518
 20
4831490.368174602
  0
LWPOLYLINE
  5
1EC
330
17
100
AcDbEntity
  8
ROADS
100
AcDbPolyline
 90
2
 70
0
 10
620890.7253574518
 20
4831490.368174602
 10
620881.3587280902
 20
4831538.481017717
  0
LWPOLYLINE
  5
1ED
330
17
100
AcDbEntity
  8
ROADS
100
AcDbPolyline
 90
2
 70
0
 10
620780.900606737
 20
4831531.275783469
 10
620711.9606299591
 20
4831507.145257077
  0
LWPOLYLINE
  5
1EE
330
17
100
AcDbEntity
  8
ROADS
100
AcDbPolyline
 90
2
 70
0
 10
620787.5882267915
 20
4831508.7846466815
 10
620780.900606737
 20
4831531.275783469
  0
LWPOLYLINE
  5
1EF
330
17
100
AcDbEntity
  8
ROADS
100
AcDbPolyline
 90
2
 70
0
 10
620988.7392030285
 20
4831523.212347256
 10
620968.5282402037
 20
4831516.851932335
  0
LWPOLYLINE
  5
1F0
330
17
100
AcDbEntity
  8
ROADS
100
AcDbPolyline
 90
2
 70
0
 10
621062.6806035273
 20
4831503.330342255
 10
621049.6940039884
 20
4831542.908439024
  0
LWPOLYLINE
  5
1F1
330
17
100
AcDbEntity
  8
ROADS
100
AcDbPolyline
 90
2
 70
0
 10
620787.5882267915
 20
4831508.7846466815
 10
620881.3587280902
 20
4831538.481017717
  0
LWPOLYLINE
  5
1F2
330
17
100
AcDbEntity
  8
ROADS
100
AcDbPolyline
 90
2
 70
0
 10
621049.6940039884
 20
4831542.908439024
 10
620988.7392030285
 20
4831523.212347256
  0
LWPOLYLINE
  5
1F3
330
17
100
AcDbEntity
  8
ROADS
100
AcDbPolyline
 90
2
 70
0
 10
621670.0359889617
 20
4831434.502937212
 10
621664.4452116779
 20
4831468.739481829
  0
LWPOLYLINE
  5
1F4
330
17
100
AcDbEntity
  8
ROADS
100
AcDbPolyline
 90
2
 70
0
 10
621644.8160128467
 20
4831462.28056397
 10
621594.6718560258
 20
4831445.779904856
  0
LWPOLYLINE
  5
1F5
330
17
100
AcDbEntity
  8
ROADS
100
AcDbPolyline
 90
2
 70
0
 10
621529.1531435723
 20
4831423.460230792
 10
621503.513281695
 20
4831502.763566542
  0
LWPOLYLINE
  5
1F6
330
17
100
AcDbEntity
  8
ROADS
100
AcDbPolyline
 90
2
 70
0
 10
621664.4452116779
 20
4831468.739481829
 10
621644.8160128467
 20
4831462.28056397
  0
LWPOLYLINE
  5
1F7
330
17
100
AcDbEntity
  8
ROADS
100
AcDbPolyline
 90
2
 70
0
 10
621685.7306233331
 20
4831475.744346745
 10
621664.4452116779
 20
4831468.739481829
  0
LWPOLYLINE
  5
1F8
330
17
100
AcDbEntity
  8
ROADS
100
AcDbPolyline
 90
2
 70
0
 10
621715.9739227502
 20
4831485.324165216
 10
621685.7306233331
 20
4831475.744346745
  0
LWPOLYLINE
  5
1F9
330
17
100
AcDbEntity
  8
ROADS
100
AcDbPolyline
 90
2
 70
0
 10
621503.513281695
 20
4831502.763566542
 10
621477.4028299932
 20
4831580.658325598
  0
LWPOLYLINE
  5
1FA
330
17
100
AcDbEntity
  8
ROADS
100
AcDbPolyline
 90
4
 70
0
 10
621477.4028299932
 20
4831580.658325598
 10
621607.6292269833
 20
4831623.302994914
 10
621672.7690097621
 20
4831558.93894374
 10
621503.513281695
 20
4831502.763566542
  0
LWPOLYLINE
  5
1FB
330
17
100
AcDbEntity
  8
ROADS
100
AcDbPolyline
 90
2
 70
0
 10
621477.4028299932
 20
4831580.658325598
 10
621447.4894620052
 20
4831669.718864109
  0
LWPOLYLINE
  5
1FC
330
17
100
AcDbEntity
  8
ROADS
100
AcDbPolyline
 90
2
 70
0
 10
621488.5736718785
 20
4831682.926717523
 10
621447.4894620052
 20
4831669.718864109
  0
LWPOLYLINE
  5
1FD
330
17
100
AcDbEntity
  8
ROADS
100
AcDbPolyline
 90
2
 70
0
 10
621160.3059969932
 20
4831534.485442802
 10
621147.9851035348
 20
4831573.693560873
  0
LWPOLYLINE
  5
1FE
330
17
100
AcDbEntity
  8
ROADS
100
AcDbPolyline
 90
2
 70
0
 10
621127.6622721162
 20
4831567.325118613
 10
621049.6940039884
 20
4831542.908439024
  0
LWPOLYLINE
  5
1FF
330
17
100
AcDbEntity
  8
ROADS
100
AcDbPolyline
 90
2
 70
0
 10
621147.9851035348
 20
4831573.693560873
 10
621127.6622721162
 20
4831567.325118613
  0
LWPOLYLINE
  5
200
330
17
100
AcDbEntity
  8
ROADS
100
AcDbPolyline
 90
2
 70
0
 10
621255.6364379714
 20
4831565.689101226
 10
621353.0463966123
 20
4831597.31336551
  0
LWPOLYLINE
  5
201
330
17
100
AcDbEntity
  8
ROADS
100
AcDbPolyline
 90
2
 70
0
 10
621255.6364379714
 20
4831565.689101226
 10
621243.3093339842
 20
4831603.580059286
  0
LWPOLYLINE
  5
202
330
17
100
AcDbEntity
  8
ROADS
100
AcDbPolyline
 90
2
 70
0
 10
621224.5608085085
 20
4831599.080138034
 10
621147.9851035348
 20
4831573.693560873
  0
LWPOLYLINE
  5
203
330
17
100
AcDbEntity
  8
ROADS
100
AcDbPolyline
 90
2
 70
0
 10
621127.6622721162
 20
4831567.325118613
 10
621112.1609960122
 20
4831615.402659366
  0
LWPOLYLINE
  5
204
330
17
100
AcDbEntity
  8
ROADS
100
AcDbPolyline
 90
2
 70
0
 10
621243.3093339842
 20
4831603.580059286
 10
621224.5608085085
 20
4831599.080138034
  0
LWPOLYLINE
  5
205
330
17
100
AcDbEntity
  8
ROADS
100
AcDbPolyline
 90
2
 70
0
 10
621353.0463966123
 20
4831597.31336551
 10
621401.9282349899
 20
4831612.885188926
  0
LWPOLYLINE
  5
206
330
17
100
AcDbEntity
  8
ROADS
100
AcDbPolyline
 90
2
 70
0
 10
621312.3380060986
 20
4831625.962166995
 10
621243.3093339842
 20
4831603.580059286
  0
LWPOLYLINE
  5
207
330
17
100
AcDbEntity
  8
ROADS
100
AcDbPolyline
 90
2
 70
0
 10
620988.7392030285
 20
4831523.212347256
 10
620972.5371450757
 20
4831568.398584352
  0
LWPOLYLINE
  5
208
330
17
100
AcDbEntity
  8
ROADS
100
AcDbPolyline
 90
2
 70
0
 10
620881.3587280902
 20
4831538.481017717
 10
620972.5371450757
 20
4831568.398584352
  0
LWPOLYLINE
  5
209
330
17
100
AcDbEntity
  8
ROADS
100
AcDbPolyline
 90
2
 70
0
 10
620780.900606737
 20
4831531.275783469
 10
620757.7690910479
 20
4831608.630168433
  0
LWPOLYLINE
  5
20A
330
17
100
AcDbEntity
  8
ROADS
100
AcDbPolyline
 90
2
 70
0
 10
620972.5371450757
 20
4831568.398584352
 10
621112.1609960122
 20
4831615.402659366
  0
LWPOLYLINE
  5
20B
330
17
100
AcDbEntity
  8
ROADS
100
AcDbPolyline
 90
2
 70
0
 10
620881.3587280902
 20
4831538.481017717
 10
620831.647733032
 20
4831685.484199148
  0
LWPOLYLINE
  5
20C
330
17
100
AcDbEntity
  8
ROADS
100
AcDbPolyline
 90
2
 70
0
 10
620972.5371450757
 20
4831568.398584352
 10
620941.4439591888
 20
4831667.467104802
  0
LWPOLYLINE
  5
20D
330
17
100
AcDbEntity
  8
ROADS
100
AcDbPolyline
 90
2
 70
0
 10
620757.7690910479
 20
4831608.630168433
 10
620742.210028369
 20
4831655.866074341
  0
LWPOLYLINE
  5
20E
330
17
100
AcDbEntity
  8
ROADS
100
AcDbPolyline
 90
5
 70
0
 10
620757.7690910479
 20
4831608.630168433
 10
620718.5145490678
 20
4831600.154608071
 10
620696.5053674557
 20
4831625.076030399
 10
620707.658461283
 20
4831651.443648482
 10
620739.4361395453
 20
4831665.816381612
  0
LWPOLYLINE
  5
20F
330
17
100
AcDbEntity
  8
ROADS
100
AcDbPolyline
 90
2
 70
0
 10
620742.210028369
 20
4831655.866074341
 10
620739.4361395453
 20
4831665.816381612
  0
LWPOLYLINE
  5
210
330
17
100
AcDbEntity
  8
ROADS
100
AcDbPolyline
 90
2
 70
0
 10
620831.647733032
 20
4831685.484199148
 10
620742.210028369
 20
4831655.866074341
  0
LWPOLYLINE
  5
211
330
17
100
AcDbEntity
  8
ROADS
100
AcDbPolyline
 90
2
 70
0
 10
621353.0463966123
 20
4831597.31336551
 10
621340.6024802637
 20
4831635.02721525
  0
LWPOLYLINE
  5
212
330
17
100
AcDbEntity
  8
ROADS
100
AcDbPolyline
 90
2
 70
0
 10
621224.5608085085
 20
4831599.080138034
 10
621209.0156461688
 20
4831646.929388446
  0
LWPOLYLINE
  5
213
330
17
100
AcDbEntity
  8
ROADS
100
AcDbPolyline
 90
2
 70
0
 10
621340.6024802637
 20
4831635.02721525
 10
621312.3380060986
 20
4831625.962166995
  0
LWPOLYLINE
  5
214
330
17
100
AcDbEntity
  8
ROADS
100
AcDbPolyline
 90
2
 70
0
 10
621112.1609960122
 20
4831615.402659366
 10
621209.0156461688
 20
4831646.929388446
  0
LWPOLYLINE
  5
215
330
17
100
AcDbEntity
  8
ROADS
100
AcDbPolyline
 90
2
 70
0
 10
621402.1388304197
 20
4831655.859904198
 10
621340.6024802637
 20
4831635.02721525
  0
LWPOLYLINE
  5
216
330
17
100
AcDbEntity
  8
ROADS
100
AcDbPolyline
 90
2
 70
0
 10
621312.3380060986
 20
4831625.962166995
 10
621297.4889137518
 20
4831671.926921437
  0
LWPOLYLINE
  5
217
330
17
100
AcDbEntity
  8
ROADS
100
AcDbPolyline
 90
2
 70
0
 10
621447.4894620052
 20
4831669.718864109
 10
621402.1388304197
 20
4831655.859904198
  0
LWPOLYLINE
  5
218
330
17
100
AcDbEntity
  8
ROADS
100
AcDbPolyline
 90
2
 70
0
 10
621112.1609960122
 20
4831615.402659366
 10
621081.380525606
 20
4831710.999215924
  0
LWPOLYLINE
  5
219
330
17
100
AcDbEntity
  8
ROADS
100
AcDbPolyline
 90
2
 70
0
 10
621297.4889137518
 20
4831671.926921437
 10
621274.8635179335
 20
4831664.974844685
  0
LWPOLYLINE
  5
21A
330
17
100
AcDbEntity
  8
ROADS
100
AcDbPolyline
 90
2
 70
0
 10
621297.4889137518
 20
4831671.926921437
 10
621320.3585349196
 20
4831679.697447671
  0
LWPOLYLINE
  5
21B
330
17
100
AcDbEntity
  8
ROADS
100
AcDbPolyline
 90
2
 70
0
 10
620540.7965213596
 20
4831642.748613942
 10
620594.6003335838
 20
4831716.443777543
  0
LWPOLYLINE
  5
21C
330
17
100
AcDbEntity
  8
ROADS
100
AcDbPolyline
 90
3
 70
0
 10
620519.4402800057
 20
4831720.036007287
 10
620473.9644467935
 20
4831686.878009871
 10
620444.7365091589
 20
4831692.508183919
  0
LWPOLYLINE
  5
21D
330
17
100
AcDbEntity
  8
ROADS
100
AcDbPolyline
 90
2
 70
0
 10
620594.6003335838
 20
4831716.443777543
 10
620630.9897652756
 20
4831715.95120638
  0
LWPOLYLINE
  5
21E
330
17
100
AcDbEntity
  8
ROADS
100
AcDbPolyline
 90
2
 70
0
 10
620630.9897652756
 20
4831715.95120638
 10
620611.8321188617
 20
4831740.7941304
  0
LWPOLYLINE
  5
21F
330
17
100
AcDbEntity
  8
ROADS
100
AcDbPolyline
 90
2
 70
0
 10
620594.6003335838
 20
4831716.443777543
 10
620611.8321188617
 20
4831740.7941304
  0
LWPOLYLINE
  5
220
330
17
100
AcDbEntity
  8
ROADS
100
AcDbPolyline
 90
2
 70
0
 10
620714.3850668591
 20
4831741.368990977
 10
620630.9897652756
 20
4831715.95120638
  0
LWPOLYLINE
  5
221
330
17
100
AcDbEntity
  8
ROADS
100
AcDbPolyline
 90
2
 70
0
 10
620594.6003335838
 20
4831716.443777543
 10
620577.2167017558
 20
4831752.083203664
  0
LWPOLYLINE
  5
222
330
17
100
AcDbEntity
  8
ROADS
100
AcDbPolyline
 90
2
 70
0
 10
620577.2167017558
 20
4831752.083203664
 10
620519.4402800057
 20
4831720.036007287
  0
LWPOLYLINE
  5
223
330
17
100
AcDbEntity
  8
ROADS
100
AcDbPolyline
 90
2
 70
0
 10
620519.4402800057
 20
4831720.036007287
 10
620495.7782499862
 20
4831752.306851607
  0
LWPOLYLINE
  5
224
330
17
100
AcDbEntity
  8
ROADS
100
AcDbPolyline
 90
4
 70
0
 10
620444.7365091589
 20
4831692.508183919
 10
620397.7209061976
 20
4831721.657962465
 10
620311.2731425737
 20
4831702.7943266
 10
620284.91931825
 20
4831781.984448966
  0
LWPOLYLINE
  5
225
330
17
100
AcDbEntity
  8
ROADS
100
AcDbPolyline
 90
2
 70
0
 10
619114.6254449538
 20
4831362.636622311
 10
619080.9386064451
 20
4831343.3503095
  0
LWPOLYLINE
  5
226
330
17
100
AcDbEntity
  8
ROADS
100
AcDbPolyline
 90
5
 70
0
 10
619114.6254449538
 20
4831362.636622311
 10
619144.0189681809
 20
4831372.57702283
 10
619135.6209586946
 20
4831386.674834922
 10
619117.2161723789
 20
4831383.414208634
 10
619114.6254449538
 20
4831362.636622311
  0
LWPOLYLINE
  5
227
330
17
100
AcDbEntity
  8
ROADS
100
AcDbPolyline
 90
2
 70
0
 10
619310.2912038943
 20
4831357.193325619
 10
619429.8853474528
 20
4831397.182461216
  0
LWPOLYLINE
  5
228
330
17
100
AcDbEntity
  8
ROADS
100
AcDbPolyline
 90
2
 70
0
 10
619429.8853474528
 20
4831397.182461216
 10
619416.8685658263
 20
4831436.497812894
  0
LWPOLYLINE
  5
229
330
17
100
AcDbEntity
  8
ROADS
100
AcDbPolyline
 90
2
 70
0
 10
619020.7602801034
 20
4831526.014950016
 10
619638.437767434
 20
4831730.265258939
  0
LWPOLYLINE
  5
22A
330
17
100
AcDbEntity
  8
ROADS
100
AcDbPolyline
 90
6
 70
0
 10
618956.1933023824
 20
4831740.859432834
 10
619036.7990860383
 20
4831711.03863843
 10
619293.4309721005
 20
4831794.494421654
 10
619352.8730571009
 20
4831799.209563497
 10
619404.7450350827
 20
4831773.694770478
 10
619441.2017591842
 20
4831677.369724079
  0
LWPOLYLINE
  5
22B
330
17
100
AcDbEntity
  8
ROADS
100
AcDbPolyline
 90
2
 70
0
 10
619571.974411761
 20
4831943.784787098
 10
618956.1933023824
 20
4831740.859432834
  0
LWPOLYLINE
  5
22C
330
17
100
AcDbEntity
  8
ROADS
100
AcDbPolyline
 90
2
 70
0
 10
620232.7180135577
 20
4831665.5385424225
 10
620202.6982432882
 20
4831755.289847574
  0
LWPOLYLINE
  5
22D
330
17
100
AcDbEntity
  8
ROADS
100
AcDbPolyline
 90
2
 70
0
 10
620202.6982432882
 20
4831755.289847574
 10
620005.301439313
 20
4831692.622916186
  0
LWPOLYLINE
  5
22E
330
17
100
AcDbEntity
  8
ROADS
100
AcDbPolyline
 90
2
 70
0
 10
620005.301439313
 20
4831692.622916186
 10
619973.2268108951
 20
4831789.723827734
  0
LWPOLYLINE
  5
22F
330
17
100
AcDbEntity
  8
ROADS
100
AcDbPolyline
 90
2
 70
0
 10
620284.91931825
 20
4831781.984448966
 10
620202.6982432882
 20
4831755.289847574
  0
LWPOLYLINE
  5
230
330
17
100
AcDbEntity
  8
ROADS
100
AcDbPolyline
 90
2
 70
0
 10
620284.91931825
 20
4831781.984448966
 10
620254.0142418409
 20
4831878.003020286
  0
LWPOLYLINE
  5
231
330
17
100
AcDbEntity
  8
ROADS
100
AcDbPolyline
 90
2
 70
0
 10
619973.2268108951
 20
4831789.723827734
 10
619946.107202925
 20
4831876.427829205
  0
LWPOLYLINE
  5
232
330
17
100
AcDbEntity
  8
ROADS
100
AcDbPolyline
 90
2
 70
0
 10
620254.0142418409
 20
4831878.003020286
 10
619973.2268108951
 20
4831789.723827734
  0
LWPOLYLINE
  5
233
330
17
100
AcDbEntity
  8
ROADS
100
AcDbPolyline
 90
2
 70
0
 10
619946.107202925
 20
4831876.427829205
 10
619922.4895954595
 20
4831956.662831341
  0
LWPOLYLINE
  5
234
330
17
100
AcDbEntity
  8
ROADS
100
AcDbPolyline
 90
2
 70
0
 10
620224.9234504937
 20
4831966.592050198
 10
619946.107202925
 20
4831876.427829205
  0
LWPOLYLINE
  5
235
330
17
100
AcDbEntity
  8
ROADS
100
AcDbPolyline
 90
2
 70
0
 10
620254.0142418409
 20
4831878.003020286
 10
620224.9234504937
 20
4831966.592050198
  0
LWPOLYLINE
  5
236
330
17
100
AcDbEntity
  8
ROADS
100
AcDbPolyline
 90
2
 70
0
 10
620611.8321188617
 20
4831740.7941304
 10
620577.2167017558
 20
4831752.083203664
  0
LWPOLYLINE
  5
237
330
17
100
AcDbEntity
  8
ROADS
100
AcDbPolyline
 90
2
 70
0
 10
620714.3850668591
 20
4831741.368990977
 10
620691.2099227858
 20
4831809.955187363
  0
LWPOLYLINE
  5
238
330
17
100
AcDbEntity
  8
ROADS
100
AcDbPolyline
 90
2
 70
0
 10
620577.2167017558
 20
4831752.083203664
 10
620539.662714879
 20
4831865.570464753
  0
LWPOLYLINE
  5
239
330
17
100
AcDbEntity
  8
ROADS
100
AcDbPolyline
 90
2
 70
0
 10
620687.7822155678
 20
4831819.893678665
 10
620647.5172243732
 20
4831806.404627351
  0
LWPOLYLINE
  5
23A
330
17
100
AcDbEntity
  8
ROADS
100
AcDbPolyline
 90
2
 70
0
 10
620691.2099227858
 20
4831809.955187363
 10
620687.7822155678
 20
4831819.893678665
  0
LWPOLYLINE
  5
23B
330
17
100
AcDbEntity
  8
ROADS
100
AcDbPolyline
 90
2
 70
0
 10
620539.662714879
 20
4831865.570464753
 10
620284.91931825
 20
4831781.984448966
  0
LWPOLYLINE
  5
23C
330
17
100
AcDbEntity
  8
ROADS
100
AcDbPolyline
 90
2
 70
0
 10
620687.7822155678
 20
4831819.893678665
 10
620643.1581834743
 20
4831959.876349232
  0
LWPOLYLINE
  5
23D
330
17
100
AcDbEntity
  8
ROADS
100
AcDbPolyline
 90
2
 70
0
 10
620539.662714879
 20
4831865.570464753
 10
620522.5343087284
 20
4831920.790308361
  0
LWPOLYLINE
  5
23E
330
17
100
AcDbEntity
  8
ROADS
100
AcDbPolyline
 90
2
 70
0
 10
620508.1150207683
 20
4831959.903420901
 10
620254.0142418409
 20
4831878.003020286
  0
LWPOLYLINE
  5
23F
330
17
100
AcDbEntity
  8
ROADS
100
AcDbPolyline
 90
2
 70
0
 10
620643.1581834743
 20
4831959.876349232
 10
620522.5343087284
 20
4831920.790308361
  0
LWPOLYLINE
  5
240
330
17
100
AcDbEntity
  8
ROADS
100
AcDbPolyline
 90
2
 70
0
 10
619973.2268108951
 20
4831789.723827734
 10
619653.7880745493
 20
4831684.839811936
  0
LWPOLYLINE
  5
241
330
17
100
AcDbEntity
  8
ROADS
100
AcDbPolyline
 90
2
 70
0
 10
619638.437767434
 20
4831730.265258939
 10
619626.3464501618
 20
4831772.432455311
  0
LWPOLYLINE
  5
242
330
17
100
AcDbEntity
  8
ROADS
100
AcDbPolyline
 90
2
 70
0
 10
619752.6156841095
 20
4831811.715348732
 10
619626.3464501618
 20
4831772.432455311
  0
LWPOLYLINE
  5
243
330
17
100
AcDbEntity
  8
ROADS
100
AcDbPolyline
 90
2
 70
0
 10
619626.3464501618
 20
4831772.432455311
 10
619601.1570305346
 20
4831850.940421252
  0
LWPOLYLINE
  5
244
330
17
100
AcDbEntity
  8
ROADS
100
AcDbPolyline
 90
2
 70
0
 10
619946.107202925
 20
4831876.427829205
 10
619752.6156841095
 20
4831811.715348732
  0
LWPOLYLINE
  5
245
330
17
100
AcDbEntity
  8
ROADS
100
AcDbPolyline
 90
3
 70
0
 10
619601.1570305346
 20
4831850.940421252
 10
619724.7363919266
 20
4831891.869806992
 10
619752.6156841095
 20
4831811.715348732
  0
LWPOLYLINE
  5
246
330
17
100
AcDbEntity
  8
ROADS
100
AcDbPolyline
 90
2
 70
0
 10
619601.1570305346
 20
4831850.940421252
 10
619571.974411761
 20
4831943.784787098
  0
LWPOLYLINE
  5
247
330
17
100
AcDbEntity
  8
ROADS
100
AcDbPolyline
 90
2
 70
0
 10
619571.974411761
 20
4831943.784787098
 10
619563.2661610642
 20
4831973.279887375
  0
LWPOLYLINE
  5
248
330
17
100
AcDbEntity
  8
ROADS
100
AcDbPolyline
 90
2
 70
0
 10
619922.4895954595
 20
4831956.662831341
 10
619860.9454523659
 20
4832101.376136395
  0
LWPOLYLINE
  5
249
330
17
100
AcDbEntity
  8
ROADS
100
AcDbPolyline
 90
2
 70
0
 10
620200.0562662475
 20
4832046.549524577
 10
619922.4895954595
 20
4831956.662831341
  0
LWPOLYLINE
  5
24A
330
17
100
AcDbEntity
  8
ROADS
100
AcDbPolyline
 90
2
 70
0
 10
620224.9234504937
 20
4831966.592050198
 10
620200.0562662475
 20
4832046.549524577
  0
LWPOLYLINE
  5
24B
330
17
100
AcDbEntity
  8
ROADS
100
AcDbPolyline
 90
2
 70
0
 10
620200.0562662475
 20
4832046.549524577
 10
620191.3077077783
 20
4832077.914237169
  0
LWPOLYLINE
  5
24C
330
17
100
AcDbEntity
  8
ROADS
100
AcDbPolyline
 90
3
 70
0
 10
620112.844241837
 20
4832171.020331778
 10
619950.4905901802
 20
4832119.000766547
 10
619926.6279237976
 20
4832196.7447259985
  0
LWPOLYLINE
  5
24D
330
17
100
AcDbEntity
  8
ROADS
100
AcDbPolyline
 90
2
 70
0
 10
620175.450075091
 20
4832150.969701968
 10
620162.8769453525
 20
4832187.753026657
  0
LWPOLYLINE
  5
24E
330
17
100
AcDbEntity
  8
ROADS
100
AcDbPolyline
 90
2
 70
0
 10
620162.8769453525
 20
4832187.753026657
 10
620112.844241837
 20
4832171.020331778
  0
LWPOLYLINE
  5
24F
330
17
100
AcDbEntity
  8
ROADS
100
AcDbPolyline
 90
2
 70
0
 10
620198.6436087958
 20
4832200.249786854
 10
620162.8769453525
 20
4832187.753026657
  0
LWPOLYLINE
  5
250
330
17
100
AcDbEntity
  8
ROADS
100
AcDbPolyline
 90
2
 70
0
 10
620112.844241837
 20
4832171.020331778
 10
620086.4502033513
 20
4832248.722585344
  0
LWPOLYLINE
  5
251
330
17
100
AcDbEntity
  8
ROADS
100
AcDbPolyline
 90
2
 70
0
 10
620284.5881864392
 20
4832226.70176595
 10
620198.6436087958
 20
4832200.249786854
  0
LWPOLYLINE
  5
252
330
17
100
AcDbEntity
  8
ROADS
100
AcDbPolyline
 90
2
 70
0
 10
620086.4502033513
 20
4832248.722585344
 10
619926.6279237976
 20
4832196.7447259985
  0
LWPOLYLINE
  5
253
330
17
100
AcDbEntity
  8
ROADS
100
AcDbPolyline
 90
2
 70
0
 10
619860.9454523659
 20
4832101.376136395
 10
619738.6916643264
 20
4832059.627593914
  0
LWPOLYLINE
  5
254
330
17
100
AcDbEntity
  8
ROADS
100
AcDbPolyline
 90
2
 70
0
 10
619860.9454523659
 20
4832101.376136395
 10
619837.32119811
 20
4832178.45567564
  0
LWPOLYLINE
  5
255
330
17
100
AcDbEntity
  8
ROADS
100
AcDbPolyline
 90
2
 70
0
 10
620522.5343087284
 20
4831920.790308361
 10
620508.1150207683
 20
4831959.903420901
  0
LWPOLYLINE
  5
256
330
17
100
AcDbEntity
  8
ROADS
100
AcDbPolyline
 90
3
 70
0
 10
620508.1150207683
 20
4831959.903420901
 10
620476.7013800018
 20
4832040.617213615
 10
620224.9234504937
 20
4831966.592050198
  0
LWPOLYLINE
  5
257
330
17
100
AcDbEntity
  8
ROADS
100
AcDbPolyline
 90
2
 70
0
 10
620643.1581834743
 20
4831959.876349232
 10
620595.3090178285
 20
4832107.54903481
  0
LWPOLYLINE
  5
258
330
17
100
AcDbEntity
  8
ROADS
100
AcDbPolyline
 90
2
 70
0
 10
620575.157577049
 20
4832168.6280008815
 10
620200.0562662475
 20
4832046.549524577
  0
LWPOLYLINE
  5
259
330
17
100
AcDbEntity
  8
ROADS
100
AcDbPolyline
 90
2
 70
0
 10
620595.3090178285
 20
4832107.54903481
 10
620575.157577049
 20
4832168.6280008815
  0
LWPOLYLINE
  5
25A
330
17
100
AcDbEntity
  8
ROADS
100
AcDbPolyline
 90
2
 70
0
 10
620595.3090178285
 20
4832107.54903481
 10
620840.1838939297
 20
4832183.677743869
  0
LWPOLYLINE
  5
25B
330
17
100
AcDbEntity
  8
ROADS
100
AcDbPolyline
 90
2
 70
0
 10
620575.157577049
 20
4832168.6280008815
 10
620532.5728949513
 20
4832302.224161544
  0
LWPOLYLINE
  5
25C
330
17
100
AcDbEntity
  8
ROADS
100
AcDbPolyline
 90
2
 70
0
 10
620445.6346716961
 20
4832275.525680464
 10
620366.5643342192
 20
4832252.118011135
  0
LWPOLYLINE
  5
25D
330
17
100
AcDbEntity
  8
ROADS
100
AcDbPolyline
 90
2
 70
0
 10
620532.5728949513
 20
4832302.224161544
 10
620445.6346716961
 20
4832275.525680464
  0
LWPOLYLINE
  5
25E
330
17
100
AcDbEntity
  8
ROADS
100
AcDbPolyline
 90
2
 70
0
 10
620445.6346716961
 20
4832275.525680464
 10
620400.8067070447
 20
4832411.9575451445
  0
LWPOLYLINE
  5
25F
330
17
100
AcDbEntity
  8
ROADS
100
AcDbPolyline
 90
2
 70
0
 10
619926.6279237976
 20
4832196.7447259985
 10
619910.400347792
 20
4832243.077419319
  0
LWPOLYLINE
  5
260
330
17
100
AcDbEntity
  8
ROADS
100
AcDbPolyline
 90
2
 70
0
 10
620366.5643342192
 20
4832252.118011135
 10
620284.5881864392
 20
4832226.70176595
  0
LWPOLYLINE
  5
261
330
17
100
AcDbEntity
  8
ROADS
100
AcDbPolyline
 90
3
 70
0
 10
620198.6436087958
 20
4832200.249786854
 10
620161.9305941795
 20
4832312.40601299
 10
620125.999246666
 20
4832354.903504355
  0
LWPOLYLINE
  5
262
330
17
100
AcDbEntity
  8
ROADS
100
AcDbPolyline
 90
2
 70
0
 10
620086.4502033513
 20
4832248.722585344
 10
620063.2338575915
 20
4832325.341200495
  0
LWPOLYLINE
  5
263
330
17
100
AcDbEntity
  8
ROADS
100
AcDbPolyline
 90
2
 70
0
 10
620063.2338575915
 20
4832325.341200495
 10
620008.5552263036
 20
4832307.950537481
  0
LWPOLYLINE
  5
264
330
17
100
AcDbEntity
  8
ROADS
100
AcDbPolyline
 90
2
 70
0
 10
620231.5929295631
 20
4832393.238840561
 10
620284.5881864392
 20
4832226.70176595
  0
LWPOLYLINE
  5
265
330
17
100
AcDbEntity
  8
ROADS
100
AcDbPolyline
 90
2
 70
0
 10
620111.2124824529
 20
4832346.610985574
 10
620063.2338575915
 20
4832325.341200495
  0
LWPOLYLINE
  5
266
330
17
100
AcDbEntity
  8
ROADS
100
AcDbPolyline
 90
2
 70
0
 10
620125.999246666
 20
4832354.903504355
 10
620111.2124824529
 20
4832346.610985574
  0
LWPOLYLINE
  5
267
330
17
100
AcDbEntity
  8
ROADS
100
AcDbPolyline
 90
2
 70
0
 10
620366.5643342192
 20
4832252.118011135
 10
620312.6752256023
 20
4832406.688015239
  0
LWPOLYLINE
  5
268
330
17
100
AcDbEntity
  8
ROADS
100
AcDbPolyline
 90
2
 70
0
 10
620111.2124824529
 20
4832346.610985574
 10
620098.4560192554
 20
4832352.2054271875
  0
LWPOLYLINE
  5
269
330
17
100
AcDbEntity
  8
ROADS
100
AcDbPolyline
 90
2
 70
0
 10
622635.1611777606
 20
4831819.695860937
 10
622207.285227528
 20
4831358.365389656
  0
LWPOLYLINE
  5
26A
330
17
100
AcDbEntity
  8
ROADS
100
AcDbPolyline
 90
2
 70
0
 10
622370.7595906614
 20
4831968.3425776325
 10
622275.4682228904
 20
4831937.61743476
  0
LWPOLYLINE
  5
26B
330
17
100
AcDbEntity
  8
ROADS
100
AcDbPolyline
 90
2
 70
0
 10
622495.7780179604
 20
4832007.114223859
 10
622370.7595906614
 20
4831968.3425776325
  0
LWPOLYLINE
  5
26C
330
17
100
AcDbEntity
  8
ROADS
100
AcDbPolyline
 90
2
 70
0
 10
622370.7595906614
 20
4831968.3425776325
 10
622354.7833262316
 20
4832017.242236737
  0
LWPOLYLINE
  5
26D
330
17
100
AcDbEntity
  8
ROADS
100
AcDbPolyline
 90
2
 70
0
 10
621954.4335825355
 20
4831954.812893771
 10
621854.2202471233
 20
4831923.498835618
  0
LWPOLYLINE
  5
26E
330
17
100
AcDbEntity
  8
ROADS
100
AcDbPolyline
 90
2
 70
0
 10
622275.4682228904
 20
4831937.61743476
 10
622261.0283622893
 20
4831984.58975003
  0
LWPOLYLINE
  5
26F
330
17
100
AcDbEntity
  8
ROADS
100
AcDbPolyline
 90
2
 70
0
 10
622196.2031403559
 20
4831910.683041851
 10
622161.0394339914
 20
4832020.052831336
  0
LWPOLYLINE
  5
270
330
17
100
AcDbEntity
  8
ROADS
100
AcDbPolyline
 90
2
 70
0
 10
622038.4423786523
 20
4831980.332921494
 10
621954.4335825355
 20
4831954.812893771
  0
LWPOLYLINE
  5
271
330
17
100
AcDbEntity
  8
ROADS
100
AcDbPolyline
 90
2
 70
0
 10
622261.0283622893
 20
4831984.58975003
 10
622215.4044290109
 20
4831968.001649842
  0
LWPOLYLINE
  5
272
330
17
100
AcDbEntity
  8
ROADS
100
AcDbPolyline
 90
2
 70
0
 10
622161.0394339914
 20
4832020.052831336
 10
622038.4423786523
 20
4831980.332921494
  0
LWPOLYLINE
  5
273
330
17
100
AcDbEntity
  8
ROADS
100
AcDbPolyline
 90
2
 70
0
 10
622261.0283622893
 20
4831984.58975003
 10
622243.0630036376
 20
4832043.036902145
  0
LWPOLYLINE
  5
274
330
17
100
AcDbEntity
  8
ROADS
100
AcDbPolyline
 90
2
 70
0
 10
622243.0630036376
 20
4832043.036902145
 10
622161.0394339914
 20
4832020.052831336
  0
LWPOLYLINE
  5
275
330
17
100
AcDbEntity
  8
ROADS
100
AcDbPolyline
 90
2
 70
0
 10
621954.4335825355
 20
4831954.812893771
 10
621886.8190556958
 20
4832164.100866564
  0
LWPOLYLINE
  5
276
330
17
100
AcDbEntity
  8
ROADS
100
AcDbPolyline
 90
2
 70
0
 10
622038.4423786523
 20
4831980.332921494
 10
621970.2209364132
 20
4832190.110998736
  0
LWPOLYLINE
  5
277
330
17
100
AcDbEntity
  8
ROADS
100
AcDbPolyline
 90
2
 70
0
 10
621582.2749110978
 20
4831953.63479094
 10
621571.5014349788
 20
4831968.854823542
  0
LWPOLYLINE
  5
278
330
17
100
AcDbEntity
  8
ROADS
100
AcDbPolyline
 90
2
 70
0
 10
621854.2202471233
 20
4831923.498835618
 10
621775.5803364625
 20
4832162.087878457
  0
LWPOLYLINE
  5
279
330
17
100
AcDbEntity
  8
ROADS
100
AcDbPolyline
 90
2
 70
0
 10
621722.8395813293
 20
4831973.210360363
 10
621671.2079848662
 20
4832127.1984659
  0
LWPOLYLINE
  5
27A
330
17
100
AcDbEntity
  8
ROADS
100
AcDbPolyline
 90
2
 70
0
 10
621671.2079848662
 20
4832127.1984659
 10
621562.6924071898
 20
4832092.368216878
  0
LWPOLYLINE
  5
27B
330
17
100
AcDbEntity
  8
ROADS
100
AcDbPolyline
 90
2
 70
0
 10
621775.5803364625
 20
4832162.087878457
 10
621671.2079848662
 20
4832127.1984659
  0
LWPOLYLINE
  5
27C
330
17
100
AcDbEntity
  8
ROADS
100
AcDbPolyline
 90
2
 70
0
 10
621671.2079848662
 20
4832127.1984659
 10
621640.1272057972
 20
4832220.642114771
  0
LWPOLYLINE
  5
27D
330
17
100
AcDbEntity
  8
ROADS
100
AcDbPolyline
 90
2
 70
0
 10
621876.4608696931
 20
4832194.414102929
 10
621775.5803364625
 20
4832162.087878457
  0
LWPOLYLINE
  5
27E
330
17
100
AcDbEntity
  8
ROADS
100
AcDbPolyline
 90
2
 70
0
 10
621886.8190556958
 20
4832164.100866564
 10
621876.4608696931
 20
4832194.414102929
  0
LWPOLYLINE
  5
27F
330
17
100
AcDbEntity
  8
ROADS
100
AcDbPolyline
 90
2
 70
0
 10
621640.1272057972
 20
4832220.642114771
 10
621542.6998775452
 20
4832186.878233195
  0
LWPOLYLINE
  5
280
330
17
100
AcDbEntity
  8
ROADS
100
AcDbPolyline
 90
2
 70
0
 10
621876.4608696931
 20
4832194.414102929
 10
621844.5171394013
 20
4832290.341324731
  0
LWPOLYLINE
  5
281
330
17
100
AcDbEntity
  8
ROADS
100
AcDbPolyline
 90
2
 70
0
 10
622243.0630036376
 20
4832043.036902145
 10
622207.169728057
 20
4832147.895300333
  0
LWPOLYLINE
  5
282
330
17
100
AcDbEntity
  8
ROADS
100
AcDbPolyline
 90
2
 70
0
 10
622161.0394339914
 20
4832020.052831336
 10
622094.1865589004
 20
4832229.855707074
  0
LWPOLYLINE
  5
283
330
17
100
AcDbEntity
  8
ROADS
100
AcDbPolyline
 90
2
 70
0
 10
622303.6152227002
 20
4832176.677258788
 10
622207.169728057
 20
4832147.895300333
  0
LWPOLYLINE
  5
284
330
17
100
AcDbEntity
  8
ROADS
100
AcDbPolyline
 90
2
 70
0
 10
621970.2209364132
 20
4832190.110998736
 10
621886.8190556958
 20
4832164.100866564
  0
LWPOLYLINE
  5
285
330
17
100
AcDbEntity
  8
ROADS
100
AcDbPolyline
 90
2
 70
0
 10
622207.169728057
 20
4832147.895300333
 10
622170.2356120301
 20
4832254.732962726
  0
LWPOLYLINE
  5
286
330
17
100
AcDbEntity
  8
ROADS
100
AcDbPolyline
 90
2
 70
0
 10
622094.1865589004
 20
4832229.855707074
 10
621970.2209364132
 20
4832190.110998736
  0
LWPOLYLINE
  5
287
330
17
100
AcDbEntity
  8
ROADS
100
AcDbPolyline
 90
2
 70
0
 10
622170.2356120301
 20
4832254.732962726
 10
622094.1865589004
 20
4832229.855707074
  0
LWPOLYLINE
  5
288
330
17
100
AcDbEntity
  8
ROADS
100
AcDbPolyline
 90
2
 70
0
 10
622303.6152227002
 20
4832176.677258788
 10
622244.5707766096
 20
4832347.452450368
  0
LWPOLYLINE
  5
289
330
17
100
AcDbEntity
  8
ROADS
100
AcDbPolyline
 90
2
 70
0
 10
622152.7937385918
 20
4832308.420321634
 10
621970.5517198076
 20
4832249.619723575
  0
LWPOLYLINE
  5
28A
330
17
100
AcDbEntity
  8
ROADS
100
AcDbPolyline
 90
2
 70
0
 10
622170.2356120301
 20
4832254.732962726
 10
622152.7937385918
 20
4832308.420321634
  0
LWPOLYLINE
  5
28B
330
17
100
AcDbEntity
  8
ROADS
100
AcDbPolyline
 90
3
 70
0
 10
622135.6288845506
 20
4832360.612610749
 10
621932.4142001168
 20
4832295.431743884
 10
621844.5171394013
 20
4832290.341324731
  0
LWPOLYLINE
  5
28C
330
17
100
AcDbEntity
  8
ROADS
100
AcDbPolyline
 90
2
 70
0
 10
622152.7937385918
 20
4832308.420321634
 10
622135.6288845506
 20
4832360.612610749
  0
LWPOLYLINE
  5
28D
330
17
100
AcDbEntity
  8
ROADS
100
AcDbPolyline
 90
2
 70
0
 10
622135.6288845506
 20
4832360.612610749
 10
622103.1388400651
 20
4832465.683446579
  0
LWPOLYLINE
  5
28E
330
17
100
AcDbEntity
  8
ROADS
100
AcDbPolyline
 90
2
 70
0
 10
622003.4258596527
 20
4832433.493222489
 10
621916.0560593447
 20
4832407.026309621
  0
LWPOLYLINE
  5
28F
330
17
100
AcDbEntity
  8
ROADS
100
AcDbPolyline
 90
2
 70
0
 10
621916.0560593447
 20
4832407.026309621
 10
621901.4895084127
 20
4832453.563246137
  0
LWPOLYLINE
  5
290
330
17
100
AcDbEntity
  8
ROADS
100
AcDbPolyline
 90
2
 70
0
 10
622103.1388400651
 20
4832465.683446579
 10
622003.4258596527
 20
4832433.493222489
  0
LWPOLYLINE
  5
291
330
17
100
AcDbEntity
  8
ROADS
100
AcDbPolyline
 90
2
 70
0
 10
621901.4895084127
 20
4832453.563246137
 10
621897.6389424514
 20
4832466.092245618
  0
LWPOLYLINE
  5
292
330
17
100
AcDbEntity
  8
ROADS
100
AcDbPolyline
 90
3
 70
0
 10
621901.4895084127
 20
4832453.563246137
 10
621910.5139295282
 20
4832470.055068833
 10
621897.6389424514
 20
4832466.092245618
  0
LWPOLYLINE
  5
293
330
17
100
AcDbEntity
  8
ROADS
100
AcDbPolyline
 90
2
 70
0
 10
621950.7768519074
 20
4832596.342837483
 10
622003.4258596527
 20
4832433.493222489
  0
LWPOLYLINE
  5
294
330
17
100
AcDbEntity
  8
ROADS
100
AcDbPolyline
 90
2
 70
0
 10
622103.1388400651
 20
4832465.683446579
 10
622072.5032836186
 20
4832565.831170893
  0
LWPOLYLINE
  5
295
330
17
100
AcDbEntity
  8
ROADS
100
AcDbPolyline
 90
2
 70
0
 10
621774.7407346311
 20
4832532.590604625
 10
621558.6460658875
 20
4832464.180822632
  0
LWPOLYLINE
  5
296
330
17
100
AcDbEntity
  8
ROADS
100
AcDbPolyline
 90
2
 70
0
 10
621793.5237380944
 20
4832471.927232142
 10
621774.7407346311
 20
4832532.590604625
  0
LWPOLYLINE
  5
297
330
17
100
AcDbEntity
  8
ROADS
100
AcDbPolyline
 90
2
 70
0
 10
621558.6460658875
 20
4832464.180822632
 10
621525.4788000899
 20
4832562.578636032
  0
LWPOLYLINE
  5
298
330
17
100
AcDbEntity
  8
ROADS
100
AcDbPolyline
 90
2
 70
0
 10
621884.1927685984
 20
4832501.320902149
 10
621869.8968528446
 20
4832538.857307495
  0
LWPOLYLINE
  5
299
330
17
100
AcDbEntity
  8
ROADS
100
AcDbPolyline
 90
3
 70
0
 10
621884.1927685984
 20
4832501.320902149
 10
621890.7589082031
 20
4832533.041005605
 10
621869.8968528446
 20
4832538.857307495
  0
LWPOLYLINE
  5
29A
330
17
100
AcDbEntity
  8
ROADS
100
AcDbPolyline
 90
2
 70
0
 10
621860.310106611
 20
4832567.541396182
 10
621774.7407346311
 20
4832532.590604625
  0
LWPOLYLINE
  5
29B
330
17
100
AcDbEntity
  8
ROADS
100
AcDbPolyline
 90
2
 70
0
 10
621869.8968528446
 20
4832538.857307495
 10
621860.310106611
 20
4832567.541396182
  0
LWPOLYLINE
  5
29C
330
17
100
AcDbEntity
  8
ROADS
100
AcDbPolyline
 90
2
 70
0
 10
621758.288875939
 20
4832581.795571211
 10
621605.3211935771
 20
4832532.527288831
  0
LWPOLYLINE
  5
29D
330
17
100
AcDbEntity
  8
ROADS
100
AcDbPolyline
 90
2
 70
0
 10
621774.7407346311
 20
4832532.590604625
 10
621758.288875939
 20
4832581.795571211
  0
LWPOLYLINE
  5
29E
330
17
100
AcDbEntity
  8
ROADS
100
AcDbPolyline
 90
2
 70
0
 10
622354.7833262316
 20
4832017.242236737
 10
622261.0283622893
 20
4831984.58975003
  0
LWPOLYLINE
  5
29F
330
17
100
AcDbEntity
  8
ROADS
100
AcDbPolyline
 90
2
 70
0
 10
622354.7833262316
 20
4832017.242236737
 10
622303.6152227002
 20
4832176.677258788
  0
LWPOLYLINE
  5
2A0
330
17
100
AcDbEntity
  8
ROADS
100
AcDbPolyline
 90
2
 70
0
 10
622579.8229460161
 20
4832045.333312299
 10
622495.7780179604
 20
4832007.114223859
  0
LWPOLYLINE
  5
2A1
330
17
100
AcDbEntity
  8
ROADS
100
AcDbPolyline
 90
2
 70
0
 10
622585.4829506093
 20
4832031.436373948
 10
622495.7780179604
 20
4832007.114223859
  0
LWPOLYLINE
  5
2A2
330
17
100
AcDbEntity
  8
ROADS
100
AcDbPolyline
 90
4
 70
0
 10
622103.1388400651
 20
4832465.683446579
 10
622151.0071853374
 20
4832442.931325984
 10
622193.6618469186
 20
4832449.978388729
 10
622241.7687965503
 20
4832484.189860565
  0
LWPOLYLINE
  5
2A3
330
17
100
AcDbEntity
  8
ROADS
100
AcDbPolyline
 90
2
 70
0
 10
621897.473218685
 20
4832592.312054573
 10
621860.310106611
 20
4832567.541396182
  0
LWPOLYLINE
  5
2A4
330
17
100
AcDbEntity
  8
ROADS
100
AcDbPolyline
 90
2
 70
0
 10
621897.473218685
 20
4832592.312054573
 10
621882.1380422706
 20
4832605.121225502
  0
LWPOLYLINE
  5
2A5
330
17
100
AcDbEntity
  8
ROADS
100
AcDbPolyline
 90
2
 70
0
 10
621843.698878651
 20
4832608.46769276
 10
621758.288875939
 20
4832581.795571211
  0
LWPOLYLINE
  5
2A6
330
17
100
AcDbEntity
  8
ROADS
100
AcDbPolyline
 90
2
 70
0
 10
621758.288875939
 20
4832581.795571211
 10
621750.1121454237
 20
4832607.835289543
  0
LWPOLYLINE
  5
2A7
330
17
100
AcDbEntity
  8
ROADS
100
AcDbPolyline
 90
2
 70
0
 10
621209.0156461688
 20
4831646.929388446
 10
621178.6961049557
 20
4831740.26069845
  0
LWPOLYLINE
  5
2A8
330
17
100
AcDbEntity
  8
ROADS
100
AcDbPolyline
 90
2
 70
0
 10
621297.4889137518
 20
4831671.926921437
 10
621267.027640286
 20
4831771.219956013
  0
LWPOLYLINE
  5
2A9
330
17
100
AcDbEntity
  8
ROADS
100
AcDbPolyline
 90
2
 70
0
 10
621178.6961049557
 20
4831740.26069845
 10
621081.380525606
 20
4831710.999215924
  0
LWPOLYLINE
  5
2AA
330
17
100
AcDbEntity
  8
ROADS
100
AcDbPolyline
 90
2
 70
0
 10
621402.1388304197
 20
4831655.859904198
 10
621354.24216573
 20
4831801.680026056
  0
LWPOLYLINE
  5
2AB
330
17
100
AcDbEntity
  8
ROADS
100
AcDbPolyline
 90
2
 70
0
 10
621267.027640286
 20
4831771.219956013
 10
621178.6961049557
 20
4831740.26069845
  0
LWPOLYLINE
  5
2AC
330
17
100
AcDbEntity
  8
ROADS
100
AcDbPolyline
 90
2
 70
0
 10
621354.24216573
 20
4831801.680026056
 10
621267.027640286
 20
4831771.219956013
  0
LWPOLYLINE
  5
2AD
330
17
100
AcDbEntity
  8
ROADS
100
AcDbPolyline
 90
2
 70
0
 10
621446.7549413993
 20
4831826.605590065
 10
621354.24216573
 20
4831801.680026056
  0
LWPOLYLINE
  5
2AE
330
17
100
AcDbEntity
  8
ROADS
100
AcDbPolyline
 90
2
 70
0
 10
621178.6961049557
 20
4831740.26069845
 10
621124.987468081
 20
4831925.306415409
  0
LWPOLYLINE
  5
2AF
330
17
100
AcDbEntity
  8
ROADS
100
AcDbPolyline
 90
2
 70
0
 10
621267.027640286
 20
4831771.219956013
 10
621219.6476505997
 20
4831913.017161667
  0
LWPOLYLINE
  5
2B0
330
17
100
AcDbEntity
  8
ROADS
100
AcDbPolyline
 90
2
 70
0
 10
621446.7549413993
 20
4831826.605590065
 10
621443.217338289
 20
4831857.902070522
  0
LWPOLYLINE
  5
2B1
330
17
100
AcDbEntity
  8
ROADS
100
AcDbPolyline
 90
2
 70
0
 10
621006.9436517027
 20
4831687.843362002
 10
620941.4439591888
 20
4831667.467104802
  0
LWPOLYLINE
  5
2B2
330
17
100
AcDbEntity
  8
ROADS
100
AcDbPolyline
 90
2
 70
0
 10
620941.4439591888
 20
4831667.467104802
 10
620925.8052569312
 20
4831713.187530036
  0
LWPOLYLINE
  5
2B3
330
17
100
AcDbEntity
  8
ROADS
100
AcDbPolyline
 90
2
 70
0
 10
620925.8052569312
 20
4831713.187530036
 10
620831.647733032
 20
4831685.484199148
  0
LWPOLYLINE
  5
2B4
330
17
100
AcDbEntity
  8
ROADS
100
AcDbPolyline
 90
2
 70
0
 10
621081.380525606
 20
4831710.999215924
 10
621006.9436517027
 20
4831687.843362002
  0
LWPOLYLINE
  5
2B5
330
17
100
AcDbEntity
  8
ROADS
100
AcDbPolyline
 90
2
 70
0
 10
620739.4361395453
 20
4831665.816381612
 10
620714.3850668591
 20
4831741.368990977
  0
LWPOLYLINE
  5
2B6
330
17
100
AcDbEntity
  8
ROADS
100
AcDbPolyline
 90
2
 70
0
 10
621006.9436517027
 20
4831687.843362002
 10
620965.6218713245
 20
4831823.503659312
  0
LWPOLYLINE
  5
2B7
330
17
100
AcDbEntity
  8
ROADS
100
AcDbPolyline
 90
2
 70
0
 10
620831.647733032
 20
4831685.484199148
 10
620782.6660955524
 20
4831838.609776619
  0
LWPOLYLINE
  5
2B8
330
17
100
AcDbEntity
  8
ROADS
100
AcDbPolyline
 90
2
 70
0
 10
620925.8052569312
 20
4831713.187530036
 10
620875.2808418095
 20
4831868.786378867
  0
LWPOLYLINE
  5
2B9
330
17
100
AcDbEntity
  8
ROADS
100
AcDbPolyline
 90
2
 70
0
 10
621081.380525606
 20
4831710.999215924
 10
621014.3128138823
 20
4831908.80407016
  0
LWPOLYLINE
  5
2BA
330
17
100
AcDbEntity
  8
ROADS
100
AcDbPolyline
 90
2
 70
0
 10
620965.6218713245
 20
4831823.503659312
 10
620943.0670383541
 20
4831815.857823743
  0
LWPOLYLINE
  5
2BB
330
17
100
AcDbEntity
  8
ROADS
100
AcDbPolyline
 90
2
 70
0
 10
621488.5736718785
 20
4831682.926717523
 10
621785.9565993312
 20
4831780.756964735
  0
LWPOLYLINE
  5
2BC
330
17
100
AcDbEntity
  8
ROADS
100
AcDbPolyline
 90
2
 70
0
 10
621488.5736718785
 20
4831682.926717523
 10
621446.7549413993
 20
4831826.605590065
  0
LWPOLYLINE
  5
2BD
330
17
100
AcDbEntity
  8
ROADS
100
AcDbPolyline
 90
2
 70
0
 10
621785.9565993312
 20
4831780.756964735
 10
621752.1628985982
 20
4831889.636362975
  0
LWPOLYLINE
  5
2BE
330
17
100
AcDbEntity
  8
ROADS
100
AcDbPolyline
 90
2
 70
0
 10
621660.3516326885
 20
4831768.982104533
 10
621605.4152221321
 20
4831909.5078940485
  0
LWPOLYLINE
  5
2BF
330
17
100
AcDbEntity
  8
ROADS
100
AcDbPolyline
 90
2
 70
0
 10
621854.2202471233
 20
4831923.498835618
 10
621752.1628985982
 20
4831889.636362975
  0
LWPOLYLINE
  5
2C0
330
17
100
AcDbEntity
  8
ROADS
100
AcDbPolyline
 90
2
 70
0
 10
621752.1628985982
 20
4831889.636362975
 10
621722.8395813293
 20
4831973.210360363
  0
LWPOLYLINE
  5
2C1
330
17
100
AcDbEntity
  8
ROADS
100
AcDbPolyline
 90
2
 70
0
 10
621605.4152221321
 20
4831909.5078940485
 10
621582.2749110978
 20
4831953.63479094
  0
LWPOLYLINE
  5
2C2
330
17
100
AcDbEntity
  8
ROADS
100
AcDbPolyline
 90
2
 70
0
 10
621722.8395813293
 20
4831973.210360363
 10
621605.4152221321
 20
4831909.5078940485
  0
LWPOLYLINE
  5
2C3
330
17
100
AcDbEntity
  8
ROADS
100
AcDbPolyline
 90
2
 70
0
 10
621549.745889263
 20
4831942.485565478
 10
621582.2749110978
 20
4831953.63479094
  0
LWPOLYLINE
  5
2C4
330
17
100
AcDbEntity
  8
ROADS
100
AcDbPolyline
 90
2
 70
0
 10
621549.745889263
 20
4831942.485565478
 10
621571.5014349788
 20
4831968.854823542
  0
LWPOLYLINE
  5
2C5
330
17
100
AcDbEntity
  8
ROADS
100
AcDbPolyline
 90
2
 70
0
 10
620782.6660955524
 20
4831838.609776619
 10
620691.2099227858
 20
4831809.955187363
  0
LWPOLYLINE
  5
2C6
330
17
100
AcDbEntity
  8
ROADS
100
AcDbPolyline
 90
2
 70
0
 10
620965.6218713245
 20
4831823.503659312
 10
620959.1387700895
 20
4831842.810359904
  0
LWPOLYLINE
  5
2C7
330
17
100
AcDbEntity
  8
ROADS
100
AcDbPolyline
 90
2
 70
0
 10
620875.2808418095
 20
4831868.786378867
 10
620782.6660955524
 20
4831838.609776619
  0
LWPOLYLINE
  5
2C8
330
17
100
AcDbEntity
  8
ROADS
100
AcDbPolyline
 90
2
 70
0
 10
621014.3128138823
 20
4831908.80407016
 10
620875.2808418095
 20
4831868.786378867
  0
LWPOLYLINE
  5
2C9
330
17
100
AcDbEntity
  8
ROADS
100
AcDbPolyline
 90
2
 70
0
 10
621082.9527082338
 20
4831934.047326778
 10
621014.3128138823
 20
4831908.80407016
  0
LWPOLYLINE
  5
2CA
330
17
100
AcDbEntity
  8
ROADS
100
AcDbPolyline
 90
2
 70
0
 10
621082.9527082338
 20
4831934.047326778
 10
621047.4200999908
 20
4831976.336171349
  0
LWPOLYLINE
  5
2CB
330
17
100
AcDbEntity
  8
ROADS
100
AcDbPolyline
 90
2
 70
0
 10
620867.695872507
 20
4832158.672769465
 10
620853.5228681159
 20
4832187.4189184625
  0
LWPOLYLINE
  5
2CC
330
17
100
AcDbEntity
  8
ROADS
100
AcDbPolyline
 90
2
 70
0
 10
620840.1838939297
 20
4832183.677743869
 10
620853.5228681159
 20
4832187.4189184625
  0
LWPOLYLINE
  5
2CD
330
17
100
AcDbEntity
  8
ROADS
100
AcDbPolyline
 90
2
 70
0
 10
620853.5228681159
 20
4832187.4189184625
 10
620961.5602533363
 20
4832214.663161156
  0
LWPOLYLINE
  5
2CE
330
17
100
AcDbEntity
  8
ROADS
100
AcDbPolyline
 90
2
 70
0
 10
620840.1838939297
 20
4832183.677743869
 10
620777.1290793644
 20
4832225.525226241
  0
LWPOLYLINE
  5
2CF
330
17
100
AcDbEntity
  8
ROADS
100
AcDbPolyline
 90
3
 70
0
 10
621354.24216573
 20
4831801.680026056
 10
621340.9454948884
 20
4831863.9515493065
 10
621549.745889263
 20
4831942.485565478
  0
LWPOLYLINE
  5
2D0
330
17
100
AcDbEntity
  8
ROADS
100
AcDbPolyline
 90
2
 70
0
 10
621219.6476505997
 20
4831913.017161667
 10
621124.987468081
 20
4831925.306415409
  0
LWPOLYLINE
  5
2D1
330
17
100
AcDbEntity
  8
ROADS
100
AcDbPolyline
 90
2
 70
0
 10
621124.987468081
 20
4831925.306415409
 10
621082.9527082338
 20
4831934.047326778
  0
LWPOLYLINE
  5
2D2
330
17
100
AcDbEntity
  8
ROADS
100
AcDbPolyline
 90
2
 70
0
 10
621301.2331370366
 20
4831952.817973584
 10
621219.6476505997
 20
4831913.017161667
  0
LWPOLYLINE
  5
2D3
330
17
100
AcDbEntity
  8
ROADS
100
AcDbPolyline
 90
2
 70
0
 10
621301.2331370366
 20
4831952.817973584
 10
621315.8440725994
 20
4831922.969640032
  0
LWPOLYLINE
  5
2D4
330
17
100
AcDbEntity
  8
ROADS
100
AcDbPolyline
 90
3
 70
0
 10
621365.6052691905
 20
4831990.161687594
 10
621354.9910379483
 20
4831969.670003051
 10
621301.2331370366
 20
4831952.817973584
  0
LWPOLYLINE
  5
2D5
330
17
100
AcDbEntity
  8
ROADS
100
AcDbPolyline
 90
4
 70
0
 10
621571.5014349788
 20
4831968.854823542
 10
621424.1016083609
 20
4832119.133333958
 10
621301.88956766
 20
4832111.529845564
 10
621273.8530638604
 20
4832207.015487896
  0
LWPOLYLINE
  5
2D6
330
17
100
AcDbEntity
  8
ROADS
100
AcDbPolyline
 90
2
 70
0
 10
621273.8530638604
 20
4832207.015487896
 10
621269.0559373643
 20
4832303.587069315
  0
LWPOLYLINE
  5
2D7
330
17
100
AcDbEntity
  8
ROADS
100
AcDbPolyline
 90
2
 70
0
 10
621607.8925375787
 20
4832317.064031726
 10
621273.8530638604
 20
4832207.015487896
  0
LWPOLYLINE
  5
2D8
330
17
100
AcDbEntity
  8
ROADS
100
AcDbPolyline
 90
2
 70
0
 10
621087.0003926365
 20
4832425.1528453445
 10
621173.4930132672
 20
4832196.756685329
  0
LWPOLYLINE
  5
2D9
330
17
100
AcDbEntity
  8
ROADS
100
AcDbPolyline
 90
2
 70
0
 10
621844.5171394013
 20
4832290.341324731
 10
621640.1272057972
 20
4832220.642114771
  0
LWPOLYLINE
  5
2DA
330
17
100
AcDbEntity
  8
ROADS
100
AcDbPolyline
 90
2
 70
0
 10
621640.1272057972
 20
4832220.642114771
 10
621607.8925375787
 20
4832317.064031726
  0
LWPOLYLINE
  5
2DB
330
17
100
AcDbEntity
  8
ROADS
100
AcDbPolyline
 90
2
 70
0
 10
621607.8925375787
 20
4832317.064031726
 10
621578.9944994717
 20
4832405.045840414
  0
LWPOLYLINE
  5
2DC
330
17
100
AcDbEntity
  8
ROADS
100
AcDbPolyline
 90
2
 70
0
 10
621417.9743006923
 20
4832353.631068043
 10
621496.0535846457
 20
4832379.045012747
  0
LWPOLYLINE
  5
2DD
330
17
100
AcDbEntity
  8
ROADS
100
AcDbPolyline
 90
2
 70
0
 10
621496.0535846457
 20
4832379.045012747
 10
621578.9944994717
 20
4832405.045840414
  0
LWPOLYLINE
  5
2DE
330
17
100
AcDbEntity
  8
ROADS
100
AcDbPolyline
 90
3
 70
0
 10
621916.0560593447
 20
4832407.026309621
 10
621829.7647326351
 20
4832384.079058144
 10
621793.5237380944
 20
4832471.927232142
  0
LWPOLYLINE
  5
2DF
330
17
100
AcDbEntity
  8
ROADS
100
AcDbPolyline
 90
2
 70
0
 10
621578.9944994717
 20
4832405.045840414
 10
621558.6460658875
 20
4832464.180822632
  0
LWPOLYLINE
  5
2E0
330
17
100
AcDbEntity
  8
ROADS
100
AcDbPolyline
 90
2
 70
0
 10
621793.5237380944
 20
4832471.927232142
 10
621648.9163741578
 20
4832426.811246426
  0
LWPOLYLINE
  5
2E1
330
17
100
AcDbEntity
  8
ROADS
100
AcDbPolyline
 90
2
 70
0
 10
621446.6127606625
 20
4832536.198292968
 10
621496.0535846457
 20
4832379.045012747
  0
LWPOLYLINE
  5
2E2
330
17
100
AcDbEntity
  8
ROADS
100
AcDbPolyline
 90
2
 70
0
 10
621897.6389424514
 20
4832466.092245618
 10
621884.1927685984
 20
4832501.320902149
  0
LWPOLYLINE
  5
2E3
330
17
100
AcDbEntity
  8
ROADS
100
AcDbPolyline
 90
2
 70
0
 10
621269.0559373643
 20
4832303.587069315
 10
621292.2368478607
 20
4832350.857007376
  0
LWPOLYLINE
  5
2E4
330
17
100
AcDbEntity
  8
ROADS
100
AcDbPolyline
 90
3
 70
0
 10
621292.2368478607
 20
4832350.857007376
 10
621351.142267337
 20
4832336.920745472
 10
621417.9743006923
 20
4832353.631068043
  0
LWPOLYLINE
  5
2E5
330
17
100
AcDbEntity
  8
ROADS
100
AcDbPolyline
 90
3
 70
0
 10
621269.0559373643
 20
4832303.587069315
 10
621221.7547402498
 20
4832330.324570493
 10
621169.9662138866
 20
4832451.1531046275
  0
LWPOLYLINE
  5
2E6
330
17
100
AcDbEntity
  8
ROADS
100
AcDbPolyline
 90
3
 70
0
 10
621292.2368478607
 20
4832350.857007376
 10
621306.9441971716
 20
4832429.627235698
 10
621300.5915607719
 20
4832492.516228643
  0
LWPOLYLINE
  5
2E7
330
17
100
AcDbEntity
  8
ROADS
100
AcDbPolyline
 90
2
 70
0
 10
621364.7091496718
 20
4832512.17666264
 10
621417.9743006923
 20
4832353.631068043
  0
LWPOLYLINE
  5
2E8
330
17
100
AcDbEntity
  8
ROADS
100
AcDbPolyline
 90
2
 70
0
 10
621169.9662138866
 20
4832451.1531046275
 10
621087.0003926365
 20
4832425.1528453445
  0
LWPOLYLINE
  5
2E9
330
17
100
AcDbEntity
  8
ROADS
100
AcDbPolyline
 90
2
 70
0
 10
621183.0501302613
 20
4832456.889772132
 10
621169.9662138866
 20
4832451.1531046275
  0
LWPOLYLINE
  5
2EA
330
17
100
AcDbEntity
  8
ROADS
100
AcDbPolyline
 90
2
 70
0
 10
621300.5915607719
 20
4832492.516228643
 10
621183.0501302613
 20
4832456.889772132
  0
LWPOLYLINE
  5
2EB
330
17
100
AcDbEntity
  8
ROADS
100
AcDbPolyline
 90
2
 70
0
 10
621172.9599941375
 20
4832487.001054665
 10
621183.0501302613
 20
4832456.889772132
  0
LWPOLYLINE
  5
2EC
330
17
100
AcDbEntity
  8
ROADS
100
AcDbPolyline
 90
2
 70
0
 10
621348.4898492629
 20
4832510.382510424
 10
621300.5915607719
 20
4832492.516228643
  0
LWPOLYLINE
  5
2ED
330
17
100
AcDbEntity
  8
ROADS
100
AcDbPolyline
 90
3
 70
0
 10
620854.7895490697
 20
4832343.455493226
 10
620894.1747572286
 20
4832307.010574206
 10
620979.3793866107
 20
4832290.354398581
  0
LWPOLYLINE
  5
2EE
330
17
100
AcDbEntity
  8
ROADS
100
AcDbPolyline
 90
2
 70
0
 10
620854.7895490697
 20
4832343.455493226
 10
620720.8505351074
 20
4832318.235290855
  0
LWPOLYLINE
  5
2EF
330
17
100
AcDbEntity
  8
ROADS
100
AcDbPolyline
 90
2
 70
0
 10
620940.7448027772
 20
4832380.0066862255
 10
620854.7895490697
 20
4832343.455493226
  0
LWPOLYLINE
  5
2F0
330
17
100
AcDbEntity
  8
ROADS
100
AcDbPolyline
 90
2
 70
0
 10
621032.6050241415
 20
4832409.546290834
 10
620940.7448027772
 20
4832380.0066862255
  0
LWPOLYLINE
  5
2F1
330
17
100
AcDbEntity
  8
ROADS
100
AcDbPolyline
 90
2
 70
0
 10
620933.1435163552
 20
4832402.077944893
 10
620940.7448027772
 20
4832380.0066862255
  0
LWPOLYLINE
  5
2F2
330
17
100
AcDbEntity
  8
ROADS
100
AcDbPolyline
 90
2
 70
0
 10
621087.0003926365
 20
4832425.1528453445
 10
621032.6050241415
 20
4832409.546290834
  0
LWPOLYLINE
  5
2F3
330
17
100
AcDbEntity
  8
ROADS
100
AcDbPolyline
 90
2
 70
0
 10
621032.6050241415
 20
4832409.546290834
 10
621021.7368370907
 20
4832441.359280069
  0
LWPOLYLINE
  5
2F4
330
17
100
AcDbEntity
  8
ROADS
100
AcDbPolyline
 90
2
 70
0
 10
621364.7091496718
 20
4832512.17666264
 10
621348.4898492629
 20
4832510.382510424
  0
LWPOLYLINE
  5
2F5
330
17
100
AcDbEntity
  8
ROADS
100
AcDbPolyline
 90
2
 70
0
 10
621432.2677674626
 20
4832535.131837046
 10
621364.7091496718
 20
4832512.17666264
  0
LWPOLYLINE
  5
2F6
330
17
100
AcDbEntity
  8
ROADS
100
AcDbPolyline
 90
2
 70
0
 10
621341.4896539015
 20
4832520.854882996
 10
621348.4898492629
 20
4832510.382510424
  0
LWPOLYLINE
  5
2F7
330
17
100
AcDbEntity
  8
ROADS
100
AcDbPolyline
 90
2
 70
0
 10
620532.5728949513
 20
4832302.224161544
 10
620498.3187951552
 20
4832406.490564352
  0
LWPOLYLINE
  5
2F8
330
17
100
AcDbEntity
  8
ROADS
100
AcDbPolyline
 90
2
 70
0
 10
620140.0002135525
 20
4832367.348653667
 10
620125.999246666
 20
4832354.903504355
  0
LWPOLYLINE
  5
2F9
330
17
100
AcDbEntity
  8
ROADS
100
AcDbPolyline
 90
2
 70
0
 10
621911.6853099439
 20
4832602.540978577
 10
621897.473218685
 20
4832592.312054573
  0
ENDSEC
  0
SECTION
  2
OBJECTS
  0
DICTIONARY
  5
A
330
0
100
AcDbDictionary
281
1
  3
ACAD_COLOR
350
B
  3
ACAD_GROUP
350
C
  3
ACAD_LAYOUT
350
D
  3
ACAD_MATERIAL
350
E
  3
ACAD_MLEADERSTYLE
350
F
  3
ACAD_MLINESTYLE
350
10
  3
ACAD_PLOTSETTINGS
350
11
  3
ACAD_PLOTSTYLENAME
350
12
  3
ACAD_SCALELIST
350
14
  3
ACAD_TABLESTYLE
350
15
  3
ACAD_VISUALSTYLE
350
16
  3
EZDXF_META
350
2D
  0
DICTIONARY
  5
B
330
A
100
AcDbDictionary
281
1
  0
DICTIONARY
  5
C
330
A
100
AcDbDictionary
281
1
  0
DICTIONARY
  5
D
330
A
100
AcDbDictionary
281
1
  3
Model
350
1A
  3
Layout1
350
1E
  0
DICTIONARY
  5
E
330
A
100
AcDbDictionary
281
1
  3
ByBlock
350
1F
  3
ByLayer
350
20
  3
Global
350
21
  0
DICTIONARY
  5
F
330
A
100
AcDbDictionary
281
1
  3
Standard
350
2C
  0
DICTIONARY
  5
10
330
A
100
AcDbDictionary
281
1
  3
Standard
350
22
  0
DICTIONARY
  5
11
330
A
100
AcDbDictionary
281
1
  0
ACDBDICTIONARYWDFLT
  5
12
330
A
100
AcDbDictionary
281
1
  3
Normal
350
13
100
AcDbDictionaryWithDefault
340
13
  0
ACDBPLACEHOLDER
  5
13
330
12
  0
DICTIONARY
  5
14
330
A
100
AcDbDictionary
281
1
  0
DICTIONARY
  5
15
330
A
100
AcDbDictionary
281
1
  0
DICTIONARY
  5
16
330
A
100
AcDbDictionary
281
1
  0
LAYOUT
  5
1A
330
D
100
AcDbPlotSettings
  1

  4
A3
  6

 40
7.5
 41
20.0
 42
7.5
 43
20.0
 44
420.0
 45
297.0
 46
0.0
 47
0.0
 48
0.0
 49
0.0
140
0.0
141
0.0
142
1.0
143
1.0
 70
1024
 72
1
 73
0
 74
5
  7

 75
16
 76
0
 77
2
 78
300
147
1.0
148
0.0
149
0.0
100
AcDbLayout
  1
Model
 70
1
 71
0
 10
0.0
 20
0.0
 11
420.0
 21
297.0
 12
0.0
 22
0.0
 32
0.0
 14
1e+20
 24
1e+20
 34
1e+20
 15
-1e+20
 25
-1e+20
 35
-1e+20
146
0.0
 13
0.0
 23
0.0
 33
0.0
 16
1.0
 26
0.0
 36
0.0
 17
0.0
 27
1.0
 37
0.0
 76
1
330
17
  0
LAYOUT
  5
1E
330
D
100
AcDbPlotSettings
  1

  4
A3
  6

 40
7.5
 41
20.0
 42
7.5
 43
20.0
 44
420.0
 45
297.0
 46
0.0
 47
0.0
 48
0.0
 49
0.0
140
0.0
141
0.0
142
1.0
143
1.0
 70
0
 72
1
 73
0
 74
5
  7

 75
16
 76
0
 77
2
 78
300
147
1.0
148
0.0
149
0.0
100
AcDbLayout
  1
Layout1
 70
1
 71
1
 10
0.0
 20
0.0
 11
420.0
 21
297.0
 12
0.0
 22
0.0
 32
0.0
 14
1e+20
 24
1e+20
 34
1e+20
 15
-1e+20
 25
-1e+20
 35
-1e+20
146
0.0
 13
0.0
 23
0.0
 33
0.0
 16
1.0
 26
0.0
 36
0.0
 17
0.0
 27
1.0
 37
0.0
 76
1
330
1B
  0
MATERIAL
  5
1F
102
{ACAD_REACTORS
330
E
102
}
330
E
100
AcDbMaterial
  1
ByBlock
  2

 70
0
 40
1.0
 71
1
 41
1.0
 91
-1023410177
 42
1.0
 72
1
  3

 73
1
 74
1
 75
1
 44
0.5
 73
0
 45
1.0
 46
1.0
 77
1
  4

 78
1
 79
1
170
1
 48
1.0
171
1
  6

172
1
173
1
174
1
140
1.0
141
1.0
175
1
  7

176
1
177
1
178
1
143
1.0
179
1
  8

270
1
271
1
272
1
145
1.0
146
1.0
273
1
  9

274
1
275
1
276
1
 42
1.0
 72
1
  3

 73
1
 74
1
 75
1
 94
63
  0
MATERIAL
  5
20
102
{ACAD_REACTORS
330
E
102
}
330
E
100
AcDbMaterial
  1
ByLayer
  2

 70
0
 40
1.0
 71
1
 41
1.0
 91
-1023410177
 42
1.0
 72
1
  3

 73
1
 74
1
 75
1
 44
0.5
 73
0
 45
1.0
 46
1.0
 77
1
  4

 78
1
 79
1
170
1
 48
1.0
171
1
  6

172
1
173
1
174
1
140
1.0
141
1.0
175
1
  7

176
1
177
1
178
1
143
1.0
179
1
  8

270
1
271
1
272
1
145
1.0
146
1.0
273
1
  9

274
1
275
1
276
1
 42
1.0
 72
1
  3

 73
1
 74
1
 75
1
 94
63
  0
MATERIAL
  5
21
102
{ACAD_REACTORS
330
E
102
}
330
E
100
AcDbMaterial
  1
Global
  2

 70
0
 40
1.0
 71
1
 41
1.0
 91
-1023410177
 42
1.0
 72
1
  3

 73
1
 74
1
 75
1
 44
0.5
 73
0
 45
1.0
 46
1.0
 77
1
  4

 78
1
 79
1
170
1
 48
1.0
171
1
  6

172
1
173
1
174
1
140
1.0
141
1.0
175
1
  7

176
1
177
1
178
1
143
1.0
179
1
  8

270
1
271
1
272
1
145
1.0
146
1.0
273
1
  9

274
1
275
1
276
1
 42
1.0
 72
1
  3

 73
1
 74
1
 75
1
 94
63
  0
MLINESTYLE
  5
22
102
{ACAD_REACTORS
330
10
102
}
330
10
100
AcDbMlineStyle
  2
Standard
 70
0
  3

 62
256
 51
90.0
 52
90.0
 71
2
 49
0.5
 62
256
  6
BYLAYER
 49
-0.5
 62
256
  6
BYLAYER
  0
MLEADERSTYLE
  5
2C
102
{ACAD_REACTORS
330
F
102
}
330
F
100
AcDbMLeaderStyle
179
2
170
2
171
1
172
0
 90
2
 40
0.0
 41
0.0
173
1
 91
-1056964608
 92
-2
290
1
 42
2.0
291
1
 43
8.0
  3
Standard
 44
4.0
300

342
29
174
1
175
1
176
0
178
1
 93
-1056964608
 45
4.0
292
0
297
0
 46
4.0
 94
-1056964608
 47
1.0
 49
1.0
140
1.0
294
1
141
0.0
177
0
142
1.0
295
0
296
0
143
3.75
271
0
272
9
273
9
  0
DICTIONARY
  5
2D
330
A
100
AcDbDictionary
280
1
281
1
  3
CREATED_BY_EZDXF
350
2E
  3
WRITTEN_BY_EZDXF
350
2FC
  0
DICTIONARYVAR
  5
2E
330
2D
100
DictionaryVariables
280
0
  1
1.4.4 @ 2026-07-07T06:21:00.628841+00:00
  0
DICTIONARYVAR
  5
2FC
330
2D
100
DictionaryVariables
280
0
  1
1.4.4 @ 2026-07-07T06:21:00.648876+00:00
  0
ENDSEC
  0
EOF
