segment_id,T1024 Choice,T1024 Integration,T1024 Node Count,T1024 Total Depth,Angular Connectivity,Connectivity,Segment Length,local_nain,local_nach,integrated,citywide_nain,citywide_nach,citywide_match_distance_m,citywide_matched,blended_nain,blended_nach
0,2191,365.66815,1207,3984.0742,2.2634499,4,166.21957,1.2517089149053595,0.9278426237961024,2813.094493326335,1.078768,1.014613,0.0,True,1.1998266404337516,0.9538737366572717
1,0,341.08633,1207,4271.2031,0.23994368,1,20.783878,1.1676029654696847,0.0,236.42302796703908,,,,False,1.1676029654696847,0.0
2,4133,352.47824,1207,4133.1602,2.0416484,3,42.276817,1.2065807297173756,0.9999372672687228,2935.171818329734,1.0116634,0.85886854,0.0,True,1.1481055308021628,0.957616649088106
3,6341,460.73087,1207,3162.0391,1.8299792,3,42.73259,1.5769099097461372,1.0862327054568346,4033.7481210935807,1.1088696,0.90145022,0.0,True,1.4364978168222962,1.0307979598197843
4,0,263.86069,1207,5521.2812,4.0633769,4,54.850475,0.9033406830009395,0.0,182.89429333410175,0.89976305,0.0,0.0,True,0.9022673931006576,0.0
5,0,263.74182,1207,5523.7695,2.03651,2,40.184433,0.9029339011723614,0.0,182.8118989287486,,,,False,0.9029339011723614,0.0
6,0,346.58643,1207,4203.4219,0.94784933,2,34.004036,1.1864218930362846,0.0,240.23540677483683,1.0052779,0.37155616,1.8337284856989318,True,1.1320786951253994,0.11146684800000002
7,0,323.19183,1207,4507.6914,2.0518301,3,59.567955,1.1063738444750897,0.0,224.01950574450913,1.0972317,0.0,1.2252283743988113,True,1.1036312011325626,0.0
8,0,311.47632,1207,4677.2383,1.0579839,2,20.130474,1.0662856413220607,0.0,215.8989330191873,,,,False,1.0662856413220607,0.0
9,6457,335.92499,1207,4336.8281,3.0301647,4,41.989708,1.1499429100715581,1.0474575441787597,2947.1471281406607,0.99474484,0.84864199,0.0,True,1.1033834890500906,0.9878128779251317
10,5107,335.92651,1207,4336.8086,3.0457854,5,37.901073,1.1499480782844969,1.01945866255339,2868.395500298492,0.99474484,0.90951031,0.0,True,1.1033871067991479,0.9864741567873729
11,47103,441.39676,1207,3300.543,4.0460663,6,109.89478,1.5107765778111741,1.327958054889262,4749.4884752209355,1.2465898,1.4699483,0.0,True,1.4315205444678218,1.3705551284224833
12,2212,327.65878,1207,4446.2383,2.9844301,4,46.491776,1.121658570228634,0.9168638969594064,2523.8101389551252,1.1198529,0.87683332,0.0,True,1.1211168691600437,0.9048547238715845
13,0,257.57834,1207,5655.9453,1.0035952,1,59.249302,0.8818403761546173,0.0,178.53970014431098,0.99943185,0.0,0.0,True,0.917117818308232,0.0
14,46125,442.33963,1207,3293.5078,3.0263574,5,85.766304,1.5140017607041467,1.325717471052703,4750.353292234688,1.2459286,1.4699932,0.0,True,1.4335798124929027,1.3690001897368922
15,48559,524.13184,1207,2779.5469,3.0469575,5,48.966606,1.7937517471354696,1.360533290195941,5655.684463289777,1.1600938,1.2513696,0.0,True,1.6036543629948288,1.3277841831371586
16,44268,441.81613,1207,3297.4102,2.0571334,4,17.315998,1.5122110647576494,1.3204519044464658,4726.576583614369,1.2456533,1.4699907,0.0,True,1.4322437353303545,1.365313543112526
17,43451,441.40253,1207,3300.5,1.9832346,4,79.103691,1.5107962487855409,1.3180004628554394,4713.929704416711,1.2453761,1.469944,0.0,True,1.4311702041498786,1.3635835239988077
18,1571,367.75983,1207,3961.4141,3.9847317,5,50.072964,1.2588653332020616,0.8883528392990644,2706.984455422929,1.0983528,0.9407239,0.0,True,1.210711573241443,0.9040641575093451
19,4677,371.70517,1207,3919.3672,3.0265045,4,66.945724,1.27236352964197,1.0212914822975094,3141.2208039361744,1.0322129,0.91926008,0.0,True,1.200318340749379,0.9906820616082567
20,3016,371.32916,1207,3923.3359,3.0417004,5,34.573303,1.2710771100160496,0.9681656816142103,2975.219061197893,1.0314424,0.84582317,0.0,True,1.1991866970112348,0.9314629281299472
21,0,284.09973,1207,5127.9492,2.0093427,2,27.671471,0.9726031227783404,0.0,196.92292684734173,0.92905825,0.0,0.0,True,0.9595396609448383,0.0
22,16505,462.77353,1207,3148.082,3.0384598,5,47.872009,1.5838967403433464,1.2055710788627556,4494.243560695609,1.1104155,0.95699471,0.0,True,1.4418523682403424,1.130998168203929
23,4363,334.01849,1207,4361.582,3.0325813,5,34.458145,1.1434194685958117,0.999984088942174,2799.533709998845,0.99609929,0.90081304,0.0,True,1.099223415017068,0.9702327742595218
24,39982,441.39154,1207,3300.582,3.0268059,5,70.210335,1.5107587371378663,1.3077280118436132,4677.088331722022,1.245376,1.4697869,0.0,True,1.4311439159965065,1.3563456782905292
25,1083,331.09558,1207,4400.0859,2.9821138,4,32.837997,1.1334182760073466,0.8329395045884744,2314.138013702301,0.9936462,0.83514583,0.0,True,1.0914866532051426,0.833601402211932
26,4017,323.89352,1207,4497.9258,3.9693618,5,48.123116,1.108774862824238,0.9865075695898515,2687.9237848133002,1.098238,0.96602106,0.0,True,1.1056138039769667,0.9803616167128961
27,30564,441.81509,1207,3297.418,2.9995248,5,80.110809,1.5122074898100966,1.274729717578391,4562.908768546289,1.2453831,1.4687629,0.0,True,1.4321601728670674,1.3329396723048736
28,27385,464.86624,1207,3133.9102,3.0431566,5,36.539928,1.5910546837770576,1.26913369253093,4749.921297061679,1.1103756,1.1551831,0.0,True,1.4468509586439402,1.234948514771651
29,0,447.36865,1207,3256.4844,2.0115249,3,34.420475,1.5312040811409897,0.0,310.092318418409,,,,False,1.5312040811409897,0.0
30,1898,319.80084,1207,4555.4883,3.0659935,4,55.885059,1.0947706901659515,0.8960605353776223,2414.371352688118,1.0963451,0.94921732,0.0,True,1.0952430131161661,0.9120075707643356
31,2217,340.25766,1207,4281.6055,2.9848294,3,38.072033,1.1647675332413896,0.9212675333572231,2621.6212756371447,0.99461639,0.86912143,0.0,True,1.1137221902689727,0.9056237023500562
32,0,264.62021,1207,5505.4336,1.0152401,1,27.667242,0.9059400392252117,0.0,183.42075248068062,0.89745438,0.0,0.0,True,0.9033943414576482,0.0
33,24299,441.8334,1207,3297.2812,2.1359622,4,78.286842,1.5122701913417531,1.246423980094123,4461.754196844143,1.2453835,1.4686327,0.0,True,1.432204183939227,1.3130865960658862
34,32783,468.7652,1207,3107.8438,2.0353365,4,45.370827,1.6043907451603354,1.292819753768422,4874.092282642921,1.1091826,1.1531363,0.0,True,1.4558283016122346,1.2509147176378954
35,21730,441.57132,1207,3299.2383,2.8736103,5,54.779751,1.511373659882187,1.2325421581123484,4409.770139148728,1.245247,1.4686838,0.0,True,1.431535661917531,1.3033846506786437
36,0,440.94482,1207,3303.9258,1.9981352,3,45.365273,1.5092306704567444,0.0,305.6396587655126,,,,False,1.5092306704567444,0.0
37,21553,448.36792,1207,3249.2266,3.0200081,5,41.995899,1.5346222289194635,1.2338567198736812,4473.977902404229,1.1354612,1.2055331,0.0,True,1.4148739202436245,1.2253596339115769
38,38826,470.64218,1207,3095.4492,2.0239372,4,39.068386,1.6108107960622078,1.3145070315073903,4973.227399831862,1.1087748,1.1532558,0.0,True,1.4601999972435453,1.2661316620551732
39,8605,392.34457,1207,3713.1875,3.0594063,5,27.210787,1.3429751827099572,1.102155112430403,3554.771711311323,1.0048065,0.85386872,0.0,True,1.24152457789697,1.0276691947012822
40,3785,344.54843,1207,4228.2852,3.0199065,4,41.803673,1.1794487548059995,0.9866835631640857,2838.8480186363618,0.99123263,0.91045099,0.0,True,1.1229839173641998,0.96381379121486
41,1495,369.90314,1207,3938.4609,3.1165266,4,61.187946,1.2661982286423015,0.8829906181091566,2704.442637622548,1.0880095,0.7191897,0.0,True,1.2127416100496111,0.8338503426764097
42,2337,370.0896,1207,3936.4766,3.125947,5,33.152199,1.2668361700090458,0.9369773626343776,2870.9622137336323,1.0981054,0.96254301,0.0,True,1.216216939006332,0.9446470568440644
43,80217,515.22003,1207,2827.625,3.0148308,5,44.491665,1.7632741482048855,1.4207528964407186,5818.1302640900885,1.0662488,1.041501,0.0,True,1.5541665437434198,1.306977327508503
44,191,305.92288,1207,4762.1445,3.9410853,4,54.473312,1.047282384405899,0.6207868413319746,1609.9773391375268,0.98695618,0.39197916,0.0,True,1.0291845230841292,0.5521445369323822
45,0,268.41681,1207,5427.5625,2.0245776,2,38.422047,0.9189330837639771,0.0,186.05235506639454,0.8974852,0.0,0.0,True,0.9124987186347839,0.0
46,78873,515.22357,1207,2827.6055,2.0549188,4,59.797665,1.7632862996676564,1.418628339809441,5809.464984193347,1.0662488,1.0269039,0.0,True,1.5541750497673594,1.3011110078666088
47,11733,392.38132,1207,3712.8398,2.9699302,5,35.195911,1.3431008819315031,1.139882669738714,3676.74288910598,1.0048071,0.87963992,0.0,True,1.2416127473520522,1.0618098448170998
48,76662,515.32751,1207,2827.0352,2.9445524,5,23.783939,1.7636417573080212,1.4150870157899171,5795.985137135525,1.0663582,1.0197619,0.0,True,1.5544566901156147,1.2964894810529421
49,3363,372.24979,1207,3913.6328,3.042088,5,38.464481,1.2742268916570136,0.9816146753007878,3023.108756415363,1.0912005,0.90475357,0.0,True,1.2193189741599095,0.9585563437105515
50,65599,514.19073,1207,2833.2852,4.0842419,6,59.320446,1.7597540492978447,1.3950920224704855,5703.06740888557,1.0647528,0.97352618,0.0,True,1.5512536745084913,1.26862226972934
51,42668,471.26663,1207,3091.3477,3.0358996,5,35.291889,1.612946585866907,1.3264634837599811,5024.292007636175,1.1086589,1.1522903,0.0,True,1.4616602801068348,1.2742115286319868
52,65316,526.45575,1207,2767.2773,2.987649,5,142.24359,1.8016991695321551,1.3986909859541963,5836.826970891703,1.160171,1.2513816,0.0,True,1.6092407186725086,1.3544981701679373
53,63711,512.97711,1207,2839.9883,4.0182791,6,65.973015,1.7556035018209784,1.391005823376796,5674.626609442441,1.0630124,0.96291333,0.0,True,1.5478261712746848,1.2625780753637572
54,13498,393.01312,1207,3706.8711,3.0000963,5,74.987991,1.3452623391560439,1.1571550537047082,3737.729648057556,1.0051683,0.94242197,0.0,True,1.2432341274092307,1.0927351285932958
55,667,373.45264,1207,3901.0273,4.0467124,5,75.726303,1.278342227228144,0.786514369752622,2429.6022325248055,1.0873854,0.8325696,0.0,True,1.2210551790597006,0.8003309388268354
56,68987,472.41217,1207,3083.8516,2.9887986,5,74.725029,1.6168647292093532,1.3866604708252113,5263.475784931965,1.1086683,1.1528784,0.0,True,1.464405800446547,1.316525849577648
57,40,343.13556,1207,4245.6953,3.0425575,4,64.221443,1.1746145284042029,0.444506683271174,1282.52735756465,0.99001706,0.27693397,0.0,True,1.1192352878829421,0.39423486928982177
58,1383,345.05304,1207,4222.1016,2.963325,4,61.673244,1.1811753324338243,0.8663202328990055,2495.9257818998003,0.99155605,0.86408055,0.0,True,1.1242895477036772,0.8656483280293038
59,3835,327.3183,1207,4450.8633,3.0171871,4,39.69239,1.1204935511077219,0.9822244554996102,2701.176625101279,1.0124487,0.90796745,0.0,True,1.0880800957754053,0.9599473538497272
60,0,325.91559,1207,4470.0195,1.054466,2,56.708244,1.115693840694176,0.0,225.9074723090311,1.0107334,0.12020701,1.2024844133770847,True,1.0842057084859231,0.036062103000000005
61,0,338.76669,1207,4300.4492,2.0048156,2,54.525002,1.1596661296115358,0.0,234.815176041125,0.99100977,0.0,0.0,True,1.109069221728075,0.0
62,25546,450.4866,1207,3233.9453,2.0345473,4,59.536678,1.5418692681901172,1.2556039740299996,4571.6796113521905,1.1344815,1.2030431,0.0,True,1.419652937733082,1.2398357118209997
63,421,259.37921,1207,5616.6758,4.0468917,5,59.289303,0.8880036487626228,0.7001372286249409,1568.562618377002,0.91662574,0.82705098,0.0,True,0.896590276133836,0.7382113540374586
64,15005,329.66794,1207,4419.1406,4.0198717,5,39.430893,1.1285333498813066,1.1455529016321617,3170.1765932127723,1.01423,1.0206583,0.0,True,1.0942423449169145,1.1080845211425132
65,0,258.74185,1207,5630.5117,2.0251145,3,24.973238,0.8858223253427505,0.0,179.34618382036427,0.91498017,0.0,0.0,True,0.8945696787399253,0.0
66,33069,510.05515,1207,2856.2578,2.2255712,4,154.56738,1.7456104245090311,1.3076108096346521,5307.8440562712385,1.0606592,0.92990667,0.0,True,1.5401250571563216,1.1942995677442565
67,31620,489.9519,1207,2973.4531,2.261178,4,63.053337,1.6768554045144415,1.295441989503013,5076.689702974234,1.0464154,0.90949649,0.0,True,1.487723403160109,1.179658339652109
68,11045,329.67435,1207,4419.0547,2.9764638,5,98.417595,1.1285552770053375,1.1090570273915494,3069.239904816153,1.0142303,1.0243241,0.0,True,1.0942577839037364,1.0836371491740846
69,38632,451.33157,1207,3227.8906,2.9757762,5,69.665306,1.5447596310581693,1.307078148906098,4766.913491744661,1.134111,1.1944158,0.0,True,1.4215650417407186,1.2732794442342688
70,0,329.67319,1207,4419.0703,1.0021982,2,11.693117,1.1285512948333458,0.0,228.51204215470312,,,,False,1.1285512948333458,0.0
71,13918,393.01727,1207,3706.832,2.0129893,4,68.206665,1.3452765214531823,1.1608845053579409,3749.8099745031436,1.0051684,0.93400055,0.0,True,1.2432440850172277,1.0928193187505586
72,67138,526.44977,1207,2767.3086,2.0255663,4,96.77269,1.8016788058991509,1.4021598830088733,5851.244536829525,1.160171,1.2511142,0.0,True,1.6092264641294056,1.356846178106211
73,72077,472.42175,1207,3083.7891,2.9814801,5,67.36158,1.6168974774116123,1.3921172205451477,5284.281997056486,1.1086684,1.1518226,0.0,True,1.4644287541881287,1.3200288343816036
74,529,353.33578,1207,4123.1289,4.0292673,5,126.78657,1.2095148376125286,0.7534901471076845,2217.097933089897,1.0104741,0.57783717,0.0,True,1.14980261632877,0.7007942539753791
75,13953,393.35178,1207,3703.6797,2.0053768,4,66.145027,1.346420904001565,1.1613101902774154,3753.9893515632657,1.0052093,0.92485517,0.0,True,1.2440574228010954,1.090373684194191
76,103,367.13391,1207,3968.168,2.9856703,3,64.446388,1.256723798996478,0.5604554461755407,1708.6266603383006,1.0318602,0.78874928,0.0,True,1.1892647192975345,0.6289435963228784
77,459,366.29376,1207,3977.2695,2.9767978,3,144.33701,1.2538493840676659,0.7396729357814861,2246.6254307458844,0.99141186,0.50716555,0.0,True,1.175118126847366,0.6699207200470403
78,3445,353.78625,1207,4117.8789,2.9991074,5,101.4865,1.211056133619425,0.9785131958335382,2881.6808373146273,1.0117621,0.87336737,0.0,True,1.1512679235335974,0.9469694480834767
79,71869,472.2381,1207,3084.9883,3.0305448,5,67.592896,1.6162693624767703,1.3916902707486976,5280.863058462404,1.1086574,1.1509743,0.0,True,1.4639857737337392,1.3194754795240882
80,726,343.93393,1207,4235.8398,2.992084,4,64.02227,1.1773462063417899,0.7888997931910066,2266.6281393894055,0.99139452,0.54868782,0.0,True,1.121560700439253,0.7168362012337046
81,72724,528.39801,1207,2757.1055,3.0138168,5,47.968018,1.8083413670170454,1.4128999515010896,5915.127340122398,1.1602696,1.2492418,0.0,True,1.6139198369119319,1.3638025060507628
82,0,390.68661,1207,3728.9453,1.003704,2,37.833469,1.3373030721233703,0.0,270.8033222040229,1.1185857,1.1239254,3.672352139578866,True,1.271687860486359,0.33717762000000007
83,0,237.6227,1207,6130.9336,2.0108013,3,8.9289494,0.8135429041028993,0.0,164.7075045420417,0.90183431,0.0,3.0208226034408403,True,0.8400303258720296,0.0
84,6657,295.91275,1207,4923.2383,4.0111742,5,28.312128,1.0130280623405064,1.0354306914549338,2605.13435725321,0.99874115,1.0066756,0.0,True,1.0087419886383544,1.0268041640184538
85,0,295.91415,1207,4923.2148,1.9892201,3,8.1168747,1.0130328958676582,0.0,205.11205876029274,0.99874115,0.95847422,5.818833056470332,True,1.0087453721073607,0.28754226600000005
86,6639,259.53174,1207,5613.375,3.9742494,4,35.61441,0.8885256303656032,1.0193926745530126,2284.1434721098517,0.91501534,0.94520396,0.0,True,0.8964725432559222,0.9971360601871089
87,0,213.49316,1207,6823.8672,1.0283122,2,37.321697,0.7309554178865726,0.0,147.9821819228333,0.83271945,0.0,0.0,True,0.7614846275206009,0.0
88,2217,214.82634,1207,6781.5195,1.9594079,3,12.557361,0.7355185772834071,0.8732728348234683,1655.1965457919712,0.83534038,0.85796338,0.0,True,0.7654651180983849,0.8686799983764278
89,0,183.38625,1207,7944.1562,0.96574646,1,27.657869,0.6279016528286027,0.0,127.11366214096125,0.76892066,0.0,0.0,True,0.6702073549800218,0.0
90,15593,477.40289,1207,3051.6133,2.8083434,5,143.47035,1.6339346608210834,1.2031593061958819,4609.184369403873,1.0645382,0.92230743,0.0,True,1.4631157225747584,1.1189037433371174
91,51770,460.17603,1207,3165.8516,3.0703516,5,128.84305,1.5750121033492381,1.3465348892202247,4995.028917191328,1.1339759,1.1924974,0.0,True,1.4427012423444667,1.3003236424541573
92,2726,353.18555,1207,4124.8828,3.0087955,4,112.61561,1.2090008011892774,0.9502058085671301,2794.165324865782,1.011732,0.91546965,0.0,True,1.1498201608324943,0.939784960996991
93,12606,477.32346,1207,3052.1211,3.235672,4,69.241035,1.6336629911676552,1.176636528401229,4506.929546770825,1.0645374,0.8216939,0.0,True,1.4629253138173586,1.0701537398808603
94,22554,404.56482,1207,3601.0273,1.7760353,4,29.983389,1.384781239824147,1.2239252784431445,4055.2591975918717,1.1186749,1.1186341,0.0,True,1.3049493378769028,1.192337924910201
95,1585,365.70651,1207,3983.6562,4.0136542,4,142.87451,1.251840189230132,0.8888228003433422,2695.1109595971984,0.98973709,0.62456942,0.0,True,1.1732092594610926,0.8095467862403396
96,54289,460.43964,1207,3164.0391,1.9828267,4,72.441528,1.5759137692311662,1.3525245908706143,5019.765328598459,1.1338044,1.1909982,0.0,True,1.4432809584618163,1.30406667360943
97,0,237.4407,1207,6135.6328,2.0107799,3,28.431005,0.8129200253906113,0.0,164.58135175517978,0.9014942,0.0,0.0,True,0.8394922777734279,0.0
98,0,-1.0,1,-1.0,0.0,0,16.633289,1.0,0.0,-0.6931471805599453,0.91415268,0.0,6.177256523097563,True,0.9742458039999999,0.0
99,11075,390.68988,1207,3728.9141,2.2379131,4,66.946823,1.3373142554030524,1.1322677352531163,3638.348799090671,1.1185858,1.1180495,0.0,True,1.2716957187821367,1.1280022646771815
100,0,365.13544,1207,3989.8867,2.0852499,3,63.562668,1.2498863285910016,0.0,253.0926007585151,,,,False,1.2498863285910016,0.0
101,0,364.87323,1207,3992.7539,2.0132179,3,17.830793,1.2489892335080388,0.0,252.91085063630044,1.1113402,1.1991856,12.350569426439746,True,1.2076945234556271,0.3597556800000001
102,4640,304.44598,1207,4785.2461,2.9961824,4,48.767776,1.042228560510864,0.9963140639254827,2570.407143201369,0.99956626,0.92240655,0.0,True,1.0294298703576048,0.974141809747838
103,2410,303.85318,1207,4794.582,2.0193768,4,44.358685,1.0402000031718939,0.9188200551265259,2366.472848364588,0.99873048,0.87065101,0.0,True,1.0277591462203257,0.9043693415885681
104,0,303.85812,1207,4794.5039,0.98501623,2,19.086216,1.0402169404291006,0.0,210.6183991682455,0.99873054,0.0,13.932179705546522,True,1.0277710203003705,0.0
105,4,363.03452,1207,4012.9766,4.0014668,4,148.98604,1.2426983040484592,0.19395408076106246,650.4705388666616,0.972404,0.11986092,0.0,True,1.1616100128339215,0.1717261325327437
106,10446,340.16516,1207,4282.7695,2.9937215,4,99.148277,1.1644511126244361,1.1065417718682113,3147.944807547549,1.0145491,0.97387981,0.0,True,1.1194805088371054,1.0667431833077479
107,23732,404.61926,1207,3600.543,3.0526028,5,93.151169,1.384967399865664,1.2301616927736867,4076.403051248549,1.1183727,1.1147077,0.0,True,1.3049889899059648,1.1955254949415806
108,56009,460.50388,1207,3163.5977,3.0425763,5,70.323509,1.5761335091993052,1.3564175324512295,5034.828627246218,1.1336511,1.1851149,0.0,True,1.4433887864395136,1.3050267427158606
109,9226,339.75891,1207,4287.8906,2.0044794,4,31.370022,1.1630610374106625,1.0915371606199877,3101.998039433804,1.0144506,0.96374661,0.0,True,1.1184779061874637,1.0531999954339915
110,66190,520.45349,1207,2799.1914,2.1380353,4,65.87748,1.7811723296074122,1.3983472152282066,5777.197623923497,1.1069771,1.1888376,0.0,True,1.5789137607251886,1.3354943306597447
111,7119,339.75797,1207,4287.9023,3.0234938,5,64.011673,1.1630578653537749,1.0605446451300264,3013.9261703963753,1.0144506,0.95803165,0.0,True,1.1184756857476423,1.0297907465910185
112,63574,513.25952,1207,2838.4258,3.0697925,5,46.760975,1.7565692480381812,1.3908312884119098,5676.645835912335,1.1070359,1.1914562,0.0,True,1.5617092436267268,1.331018761888337
113,1290,366.98724,1207,3969.7539,4.0011606,5,71.304153,1.2562219959333958,0.8643642712783051,2629.0770211940226,0.99310613,0.62934375,0.0,True,1.177287236153377,0.7938581148948136
114,6286,337.82037,1207,4312.4961,3.0506423,5,51.616047,1.1564281195234476,1.0449549795012538,2954.7115213961006,1.0128835,0.94544464,0.0,True,1.1133647336664132,1.0151018776508778
115,6,266.14697,1207,5473.8516,3.9662471,4,90.436539,0.9111650526859145,0.22605083280123497,553.437065610217,0.91656762,0.14428385,0.0,True,0.9127858228801402,0.2015207379608645
116,3,264.11462,1207,5515.9727,3.9912796,4,90.494621,0.9042097311598241,0.1608986636528852,425.07608265612566,0.91343904,0.10276383,0.0,True,0.9069785238118768,0.14345821355701963
117,3065,335.98917,1207,4336.0,2.0230961,4,43.221935,1.1501624277580105,0.9585368865814257,2697.4739869729615,1.0107405,0.89351094,0.0,True,1.1083358494306075,0.9390291026069979
118,0,335.25885,1207,4345.4453,1.0144172,2,61.208466,1.1476635741947687,0.0,232.3837266352696,1.0098858,0.0,0.0,True,1.106330241936338,0.0
119,1466,361.05304,1207,4035.0,2.9845521,3,51.418098,1.2359189030503466,0.8780599222550874,2632.6746409573148,0.98971695,0.91563833,0.0,True,1.1620583171352425,0.8893334445785612
120,884,287.71158,1207,5063.5742,1.9372437,3,11.821767,0.9849632864156346,0.7954576106887198,1952.61705687137,0.90241247,0.88516414,0.0,True,0.9601980414909442,0.8223695694821038
121,43502,508.91995,1207,2862.6289,4.0310502,6,99.020103,1.7417280861804643,1.3416905133278545,5435.574574254218,1.1097107,1.1985099,0.0,True,1.552122870326325,1.298736329329498
122,494,287.25021,1207,5071.707,2.0907168,4,65.762039,0.9833844586639017,0.727208187990848,1782.84023833268,0.90193164,0.86311764,0.0,True,0.9589486130647311,0.7679810235935935
123,26332,405.06091,1207,3596.6172,4.0087733,6,72.806938,1.3864782871638164,1.2430207340090935,4122.959523871336,1.1177109,1.1200876,0.0,True,1.3058480710146714,1.2061407938063655
124,65006,463.40027,1207,3143.8242,2.9807136,5,79.119026,1.5860405077989574,1.3759678633069878,5135.524879698344,1.1335562,1.1751156,0.0,True,1.4502952154592703,1.3157121843148916
125,38391,508.12537,1207,2867.1055,4.0281024,6,96.703819,1.73901050749589,1.3257305222136317,5363.583617975384,1.1096886,1.1987423,0.0,True,1.550213935247123,1.287634055549542
126,164,310.25693,1207,4695.6211,4.0881677,5,74.761848,1.062113036663227,0.6038948269676573,1586.029637412991,0.93090248,0.49750426,0.0,True,1.022749869664259,0.5719776568773601
127,2050,368.41266,1207,3954.3945,3.9982266,6,76.770424,1.2610988645379648,0.9206529871801633,2809.725016376291,0.99273944,0.868891,0.0,True,1.1805910371765753,0.9051243910261143
128,25196,406.24603,1207,3586.125,3.0169327,5,42.506809,1.3905325515733842,1.2380767847868277,4117.108477472148,1.117234,1.1200615,0.0,True,1.308542986101369,1.2026721993507794
129,5957,341.10037,1207,4271.0273,4.0066972,5,98.609573,1.1676510027479228,1.039732765592427,2965.06884669424,1.013495,0.90265197,0.0,True,1.121404201923546,0.998608526914699
130,20099,508.22855,1207,2866.5234,3.0275536,5,151.37747,1.739363399167059,1.2444860599271848,5035.795214132233,1.109694,1.1993618,0.0,True,1.5504625794169413,1.2309487819490292
131,14348,502.74094,1207,2897.8125,3.0341077,5,23.378731,1.7205955942372995,1.2005192882469953,4811.987532114846,1.1097628,1.1995921,0.0,True,1.5373457559661095,1.2002411317728967
132,65991,463.29895,1207,3144.5117,2.0234342,4,40.986984,1.5856939644032626,1.3777976761998891,5141.369270079345,1.1333969,1.1718615,0.0,True,1.4500048450822838,1.3160168233399223
133,1563,343.51767,1207,4240.9727,3.2597532,5,33.815712,1.1759219218201071,0.8804953113513083,2526.7926930499457,1.0029802,0.94636631,0.0,True,1.124039405274075,0.9002566109459158
134,1643,310.61093,1207,4690.2695,3.8911736,5,22.899677,1.0633243916646835,0.8759153694741845,2300.227895057355,0.93126225,0.86081189,0.0,True,1.0237057491652783,0.8713843256319291
135,2349,347.42264,1207,4193.3047,3.0778236,4,29.365307,1.1892830124148668,0.9304972685728138,2696.901612437359,1.0105002,0.96923977,0.0,True,1.1356481686904067,0.9421200190009698
136,0,304.04691,1207,4791.5273,2.0001345,2,86.03373,1.0408628759899312,0.0,210.74925842446345,0.99766594,0.0,0.0,True,1.0279037951929517,0.0
137,0,309.62897,1207,4705.1445,4.0725389,4,26.352022,1.0599641909472397,0.0,214.61844757517986,0.93121141,0.0,0.0,True,1.0213383566630678,0.0
138,24777,406.24692,1207,3586.1172,3.6483738,6,32.867668,1.3905355743714973,1.236028558581362,4110.305505767229,1.117234,1.1178235,0.0,True,1.308545102060048,1.2005670410069533
139,5042,341.10037,1207,4271.0273,4.3558378,7,95.690041,1.1676510027479228,1.0197892856457262,2908.2063017788664,1.013495,0.90111208,0.0,True,1.121404201923546,0.9841861239520083
140,23676,414.85864,1207,3511.6758,1.9979256,4,33.55711,1.419995724026175,1.2336345763355474,4178.581354220359,1.0344342,0.98640645,0.0,True,1.3043272668183223,1.1594661384348832
141,65870,463.32544,1207,3144.332,2.9873726,5,26.009758,1.5857845299269908,1.3775795850092583,5140.812937824536,1.1333972,1.1683407,0.0,True,1.4500683309488935,1.3148079195064808
142,0,476.87488,1207,3054.9922,0.91597736,2,8.1150484,1.6321286693548804,0.0,330.54447855186226,,,,False,1.6321286693548804,0.0
143,0,325.80313,1207,4471.5625,2.0063293,3,27.533123,1.1153090208562524,0.0,225.82952097710535,,,,False,1.1153090208562524,0.0
144,0,366.54865,1207,3974.5039,2.0144835,3,91.208595,1.2547214178802262,0.0,254.07216328555418,1.0782768,1.0284299,9.504561222314075,True,1.2017880325161583,0.30852897
145,0,4.047431,2,0.98828125,0.98793489,1,15.822357,0.7688020362855972,0.0,2.8054653861609196,0.91764802,0.24969746,12.894379374927349,True,0.8134558313999181,0.07490923800000002
146,0,4.047431,2,0.98828125,0.98793489,1,3.9095793,0.7688020362855972,0.0,2.8054653861609196,0.91764802,0.24969746,8.078641340748197,True,0.8134558313999181,0.07490923800000002
147,0,371.12741,1207,3925.4688,2.0350521,3,20.450733,1.2703868230892754,0.0,257.24591787001486,1.1182942,1.0820901,6.155961137412308,True,1.2247590361624927,0.32462703000000004
148,0,439.44485,1207,3315.2031,1.9649479,3,53.615528,1.5040998278381714,0.0,304.5999587890881,,,,False,1.5040998278381714,0.0
149,0,435.7634,1207,3343.2109,1.0030847,2,21.648281,1.4915067422548005,0.0,302.04817210121564,1.1415027,1.2047,10.310195422693006,True,1.3865055295783604,0.36141000000000006
150,0,319.32114,1207,4562.332,2.0110269,2,39.870106,1.0931292052406023,0.0,221.33654788418758,1.0175163,0.89270079,3.3541461879151244,True,1.0704453336684217,0.26781023700000006
151,0,326.75879,1207,4458.4844,2.0176711,2,62.343521,1.1185790968385068,0.0,226.49193401167923,1.0999274,0.97050202,0.60671249247688,True,1.112983587786955,0.29115060600000003
152,0,325.06735,1207,4481.6836,2.0093272,3,46.762444,1.1127914136524373,0.0,225.3195171445929,,,,False,1.1127914136524373,0.0
153,0,523.00726,1207,2785.5234,1.0053722,2,10.012869,1.7899059113240983,0.0,362.52100768138223,,,,False,1.7899059113240983,0.0
154,0,283.59573,1207,5137.0625,1.006085,2,9.6052675,0.9708783677206201,0.0,196.5735806683395,0.96587867,0.0,2.4627667878264545,True,0.969378458404434,0.0
155,3376,366.94138,1207,3970.25,4.0029979,6,119.34007,1.2560651045664923,0.9803801141865006,2981.4130589420747,1.0781692,1.0253068,0.0,True,1.2026963331965446,0.9938581199305505
156,3984,365.45242,1207,3986.4258,3.9883256,4,41.381813,1.2509708997505353,0.9998661265669907,3029.7991854726697,1.0318788,0.84061068,0.0,True,1.1852432698253748,0.9520894925968935
157,49,283.61472,1207,5136.7188,3.0090752,4,40.782257,0.9709433043143457,0.45782747709596383,1115.1236259139323,0.96684438,0.83156306,0.0,True,0.9697136270200419,0.5699481519671747
158,6950,367.32843,1207,3966.0664,2.9985752,5,67.957619,1.257389395402821,1.0676243395985554,3249.6755222570637,1.0784026,1.0294733,0.0,True,1.2036933567819748,1.0561790277189889
159,8326,523.88812,1207,2780.8398,2.9853563,5,40.350548,1.7929183748249715,1.1381403396104877,4729.336408675558,1.1603079,1.2523232,0.0,True,1.6031352323774801,1.1723951977273412
160,0,422.24591,1207,3450.2383,2.0275073,3,11.664733,1.4452665714340314,0.0,292.6785620194684,,,,False,1.4452665714340314,0.0
161,0,364.82755,1207,3993.2539,1.9713473,3,59.113205,1.2488329243891731,0.0,252.87918767309245,,,,False,1.2488329243891731,0.0
162,0,396.78082,1207,3671.6719,2.0361485,3,118.55659,1.3581519382866634,0.0,275.02750668326314,,,,False,1.3581519382866634,0.0
163,0,332.077,1207,4387.082,2.0201602,2,29.340487,1.1367763490438887,0.0,230.17823627880495,1.0227423,0.85789204,7.598248210260978,True,1.102566134330722,0.257367612
164,0,323.40875,1207,4504.668,1.9963036,2,102.39078,1.107116080353434,0.0,224.1698632309162,1.1011703,0.76900077,13.204314290158493,True,1.1053323462474036,0.23070023100000003
165,2211,257.64862,1207,5654.4023,2.988081,3,110.08601,0.8820809318344011,0.8913206614911297,1984.4365543101637,0.98704267,0.60669774,0.0,True,0.9135694532840808,0.8059337850437907
166,0,212.533,1207,6854.6953,0.99616772,1,54.783916,0.727668999906449,0.0,147.31664972594683,0.96670842,0.44469762,3.5852513228222853,True,0.7993808259345143,0.13340928600000002
167,4380,480.53754,1207,3031.707,3.1582797,5,73.906998,1.644656063230315,1.0457929752024173,4029.432462614602,1.1384039,1.2058818,0.0,True,1.4927804142612204,1.093819622641692
168,2266,325.87912,1207,4470.5195,3.0250432,5,62.136185,1.115569113027735,0.9191382716963851,2517.9550968453245,1.1012948,0.9557721,0.0,True,1.1112868191194145,0.9301284201874696
169,48697,441.20566,1207,3301.9727,2.9814184,5,37.876049,1.5101228323146403,1.331994178716108,4762.115248242681,1.2476399,1.4699208,0.0,True,1.4313779526202481,1.3733721651012756
170,50093,483.46152,1207,3013.3711,3.0413129,5,41.209053,1.6546569049541695,1.350713114315047,5231.864160787725,1.1367152,1.2236058,0.0,True,1.4992743934679187,1.312580920020533
171,48739,441.2041,1207,3301.9844,2.0097284,4,91.179932,1.5101174846994585,1.33209998539431,4762.4787589028165,1.2476398,1.4698961,0.0,True,1.4313741792896209,1.373438819776017
172,8190,326.25372,1207,4465.3867,2.9866853,4,63.790005,1.1168508451740362,1.0721028235391203,2939.8440001475196,1.1022856,0.98540658,0.0,True,1.1124812716218253,1.0460939504773843
173,0,347.58194,1207,4191.3828,1.982031,2,57.131748,1.1898280814273023,0.0,240.92544172455604,1.0149035,0.0,0.0,True,1.1373507069991116,0.0
174,6582,439.37137,1207,3315.7578,3.123013,5,175.49791,1.5038483555412783,1.0844789436782545,3863.127841644261,1.2484251,1.469615,0.0,True,1.4272213788788948,1.200019760574778
175,10670,441.75751,1207,3297.8477,3.0110896,5,42.294613,1.5120105729771254,1.1448234929394139,4097.468228927199,1.2479134,1.4695433,0.0,True,1.4327814210839878,1.2422394350575896
176,4516,436.98932,1207,3333.832,3.0405579,5,149.05617,1.4957002066094003,1.0373270703523698,3677.6255115934496,1.1409996,1.2028786,0.0,True,1.3892900246265802,1.086992529246659
177,3695,369.68094,1207,3940.8281,5.2172523,6,176.9969,1.2654380269873415,0.992161663675365,3037.0313085400358,1.114498,1.011155,0.0,True,1.2201560188911391,0.9978596645727555
178,2213,359.78729,1207,4049.1953,1.1919956,3,42.517239,1.2315882701617098,0.9272352322023372,2771.444258928385,0.98243326,0.86844116,0.0,True,1.156841767113197,0.909597010541636
179,0,325.71094,1207,4472.8281,0.3519488,1,58.609249,1.1149935819018946,0.0,225.7656197385295,0.94736463,0.0,0.0,True,1.0647048963313261,0.0
180,70619,500.82297,1207,2908.9102,3.0250926,5,53.650738,1.714035909322881,1.3997340045580597,5591.729943054667,1.0799876,1.099602,0.0,True,1.5238214165260167,1.3096944031906417
181,0,364.40085,1207,3997.9297,3.1698472,3,37.29184,1.2473730754853638,0.0,252.58342177114753,1.0236375,0.0,0.0,True,1.1802524028397547,0.0
182,5337,380.55609,1207,3828.2109,3.7791328,5,19.328577,1.302644878279222,1.0401978791347641,3266.234392150065,1.0022119,0.94762743,0.0,True,1.2125149847954553,1.0124267443943349
183,5827,370.79089,1207,3929.0312,4.6266165,6,95.314629,1.2692355663863082,1.0475440332029542,3214.9797644945666,1.0187113,1.0158592,0.0,True,1.1940782864704158,1.038038583242068
184,73089,500.82028,1207,2908.9258,2.4895344,5,43.470478,1.7140267235991549,1.4040429580951266,5608.91695304617,1.0799876,1.0949537,0.0,True,1.5238149865194084,1.3113161806665885
185,0,325.41708,1207,4476.8672,2.0242829,3,49.298088,1.1139880663606747,0.0,225.56193150805015,,,,False,1.1139880663606747,0.0
186,8839,367.32843,1207,3966.0664,2.0057056,4,10.357661,1.257389395402821,1.0966362922685917,3337.970479011718,1.0784026,1.0244602,0.0,True,1.2036933567819748,1.0749834645880143
187,12708,368.47891,1207,3953.6836,3.0325446,5,31.254276,1.2613255042982328,1.1408766697679875,3482.1788946569786,1.0785203,1.022769,0.0,True,1.206483943008763,1.1054443688375912
188,2178,325.23148,1207,4479.4219,3.0323923,5,84.419044,1.113353021194958,0.9142121295685057,2500.0804559439794,1.1179869,1.0514355,0.0,True,1.1147431848364706,0.955379140697954
189,0,282.74454,1207,5152.5273,1.984449,2,46.130146,0.9679655031828523,0.0,195.98358071971865,0.96800303,0.0,0.0,True,0.9679767612279967,0.0
190,4480,368.20642,1207,3956.6094,4.0515337,6,84.689499,1.2603932612331616,1.0149326816916515,3095.8150159699544,1.0786442,1.0138038,0.0,True,1.2058685428632132,1.014594017184156
191,0,257.02591,1207,5668.1016,2.0109396,2,54.359249,0.8799497722605621,0.0,178.15678484735426,0.99845326,0.0,0.0,True,0.9155008185823934,0.0
192,30050,523.83368,1207,2781.1289,4.0146527,6,121.32114,1.7927321338275954,1.2999311370503843,5401.083801543305,1.160304,1.2528054,0.0,True,1.6030036936793168,1.285793415935269
193,5442,325.57074,1207,4474.7539,3.0304122,5,40.519108,1.1145139364516439,1.0232201356241937,2800.6472024423697,1.1179818,1.0522053,0.0,True,1.1155542955161506,1.0319156849369355
194,3477,325.46335,1207,4476.2305,3.9848015,5,119.38206,1.1141464494992497,0.9699075012696955,2653.9909445805374,1.1210521,0.87497544,0.0,True,1.1162181446494748,0.9414278828887869
195,53560,485.97321,1207,2997.7969,4.4996834,6,148.39247,1.6632474723919641,1.3599444666597205,5291.565532774193,1.135708,1.2227976,0.0,True,1.504985630674375,1.3188004066618042
196,10398,384.30374,1207,3790.8789,3.4625084,6,21.886364,1.3154663629292906,1.1223520262733189,3554.6409183737114,1.0687121,1.0154759,0.0,True,1.2414400840505033,1.0902891883913233
197,40,299.57776,1207,4863.0078,3.8363078,4,14.003765,1.025569704454379,0.43740392541174344,1119.7226918653867,0.89591014,0.27488646,0.0,True,0.9866718351180653,0.3886486857882204
198,6243,376.26712,1207,3871.8477,4.0700493,5,20.859306,1.2879712879817782,1.0577462521477032,3288.4001998516324,1.0039088,0.96914709,0.0,True,1.2027525415872447,1.0311665035033923
199,6833,376.75479,1207,3866.8359,1.0521187,4,10.904202,1.289639762599972,1.068841580453243,3326.673871293574,1.0017961,0.95158309,0.0,True,1.2032866638199804,1.03366403331727
200,1583,351.29562,1207,4147.0742,2.2730248,4,22.190977,1.2025344380715701,0.8843852332954051,2588.465458473362,0.99635965,0.8688798,0.0,True,1.1406820016500991,0.8797336033067835
201,8585,447.21146,1207,3257.6289,4.8120689,6,38.954121,1.5306664545814552,1.1196850101705549,4050.8435113467194,1.0327055,0.90436488,0.0,True,1.3812781682070188,1.0550889711193885
202,72488,499.05109,1207,2919.2383,4.5881643,6,110.95666,1.7079758989926461,1.4023862975551202,5584.982504854433,1.0795449,1.0712425,0.0,True,1.5194465992948523,1.3030431582885842
203,4818,384.55539,1207,3788.3984,4.2046256,5,43.723896,1.3163272260811025,1.029104035050192,3261.233216621444,0.98665285,0.86136532,0.0,True,1.2174249132567718,0.9787824205351344
204,968,359.86816,1207,4048.2852,4.2971444,5,24.613066,1.2318650083244136,0.8277884806153583,2474.919883025008,0.96435112,0.66041082,0.0,True,1.1516108418270894,0.7775751824307507
205,0,288.24103,1207,5054.2734,3.1098876,4,56.366608,0.9867750845146643,0.0,199.79345726619462,0.93386865,0.0,0.0,True,0.970903154160265,0.0
206,5127,363.53809,1207,4007.418,4.0452423,6,195.4446,1.244421163274632,1.0296288528481738,3105.584476563459,1.1024197,0.95173472,0.0,True,1.2018207242922423,1.0062606129937217
207,2374,308.18796,1207,4727.1445,5.0192304,6,23.130648,1.0550332330962289,0.9185793143096374,2395.5985393136043,1.0179827,0.90997869,0.0,True,1.0439180731673603,0.9159991270167462
208,0,301.7561,1207,4827.9023,3.1673512,4,19.388184,1.033023920921599,0.0,209.16138993176492,1.0010787,0.0,0.0,True,1.0234403546451194,0.0
209,9808,399.60284,1207,3645.7422,2.3701918,4,10.76413,1.3678062587905058,1.1205683020823904,3672.812660890189,1.1015198,1.0706096,0.0,True,1.2879203211533539,1.1055806914576733
210,0,321.62823,1207,4529.6055,1.9793139,2,77.260857,1.1010236022562532,0.0,222.9357008129856,0.96418715,0.0,0.0,True,1.0599726665793772,0.0
211,3082,323.95035,1207,4497.1367,5.3559532,6,24.05035,1.1089693299637349,0.9550391366570813,2602.6115187945866,0.97889602,0.84068143,0.0,True,1.0699473369746144,0.920731824659957
212,23817,439.30667,1207,3316.2461,3.0593629,5,155.07114,1.5036270551524944,1.2430719247949746,4427.437553270812,1.139789,1.2023996,0.0,True,1.394475638606746,1.2308702273564822
213,11950,400.22809,1207,3640.0469,2.3757453,4,13.471019,1.3699451842902544,1.1448672157428463,3757.603021018772,1.1007824,1.0647981,0.0,True,1.289196349003178,1.1208464810199925
214,1,282.35089,1207,5159.7109,4.5939026,5,28.793028,0.9666183767894186,0.08107726980910016,310.1941574703777,0.97920233,0.051648084,0.0,True,0.970393562752593,0.0722485140663701
215,0,305.30307,1207,4771.8125,3.2225575,3,34.245201,1.0451614116839003,0.0,211.61996218679562,0.97858101,0.0,0.0,True,1.0251872911787303,0.0
216,48936,441.2041,1207,3301.9844,2.00734,4,64.050972,1.5101174846994585,1.332597778222255,4764.258411142217,1.2476398,1.469864,0.0,True,1.4313741792896209,1.3737776447555785
217,4424,323.52966,1207,4502.9844,3.0046582,3,43.265408,1.1075298310942538,0.9978443179593126,2716.1128700777576,1.100494,0.92775369,0.0,True,1.1054190817659777,0.9768171295715188
218,2214,255.10939,1207,5710.6836,1.9914782,2,55.989094,0.8733906795773266,0.8904573761517773,1965.2247385913756,0.98398679,0.86834997,0.0,True,0.9065695127041287,0.8838251543062441
219,0,211.08974,1207,6901.5625,0.98656684,1,39.379543,0.7227289695159925,0.0,146.3162581261319,0.89111209,0.0,0.0,True,0.7732439056611948,0.0
220,47626,441.23438,1207,3301.7578,3.0320747,5,119.02917,1.510221061487694,1.329260475527773,4752.61320948876,1.2473757,1.4697863,0.0,True,1.4313674530413858,1.3714182228694412
221,83048,509.71008,1207,2858.1914,3.7409606,6,128.15771,1.7444303243532053,1.4231933007449349,5773.587057393622,1.0726299,1.0540879,0.0,True,1.5428901970472437,1.3124616805214544
222,81384,513.97107,1207,2834.4961,2.178215,4,43.296734,1.7590028104090287,1.4221362345860438,5811.449582860926,1.0654845,1.0516295,0.0,True,1.5509473172863202,1.3109842142102306
223,80697,513.51111,1207,2837.0352,2.1975887,4,38.299759,1.7574296407505794,1.4209101622826248,5801.895757178018,1.064461,1.0450108,0.0,True,1.5495390485254055,1.3081403535978373
224,82014,514.77698,1207,2830.0586,2.1115954,4,50.612965,1.761758959229957,1.4233863070327644,5824.531461398659,1.0652376,1.0442203,0.0,True,1.55280255146097,1.309636504922935
225,82676,514.80542,1207,2829.9023,1.998369,4,53.86491,1.7618561952558351,1.424407537950497,5828.991871603049,1.0652379,1.0434926,0.0,True,1.5528707066790846,1.310133056565348
226,4732,415.82953,1207,3503.4766,3.9152131,5,78.131866,1.4233170495601795,1.0367476168946732,3518.9681218993205,1.0293084,0.68320131,0.0,True,1.3051144546921256,0.9306837248262713
227,1618,366.42764,1207,3975.8164,4.1114621,5,91.492645,1.2543074164041983,0.8915184033339508,2707.9667399168397,0.95815587,0.79230899,0.0,True,1.1654619524829388,0.8617555793337656
228,0,353.46674,1207,4121.6016,2.0198638,3,145.26576,1.209962817846964,0.0,245.00447425271526,0.96930867,0.14488487,1.9211643462428862,True,1.1377665734928746,0.043465461000000004
229,0,488.74289,1207,2980.8086,2.0143757,3,10.543469,1.672720338681553,0.0,338.77075622221946,,,,False,1.672720338681553,0.0
230,24211,492.62402,1207,2957.3242,4.05616,6,51.033337,1.685994596879331,1.262921978344452,4972.864579678988,1.0844588,1.1040134,0.0,True,1.5055338578155317,1.2152494048411164
231,33482,496.84714,1207,2932.1875,4.041851,6,74.33728,1.7004382343031075,1.3048729911629091,5176.56240563211,1.082082,1.1015242,0.0,True,1.5149313640121753,1.2438683538140363
232,46803,500.0018,1207,2913.6875,4.0560122,6,45.015678,1.7112274932118923,1.3478878420182925,5376.892013644488,1.0813512,1.0994285,0.0,True,1.5222646052483246,1.2733500394128048
233,52327,500.01788,1207,2913.5938,3.9696314,6,43.224232,1.7112824878466435,1.3618767905693803,5432.847266514218,1.0813514,1.0972533,0.0,True,1.5223031614926503,1.2824897433985663
234,0,320.44629,1207,4546.3125,1.9907525,3,82.326164,1.0969792888272847,0.0,222.11644243439457,,,,False,1.0969792888272847,0.0
235,12564,398.45572,1207,3656.2383,2.7127662,5,89.32769,1.3638817929423157,1.1503544927300635,3760.9239402842527,1.1038456,1.0878699,0.0,True,1.285870935059621,1.1316091149110445
236,23919,424.08966,1207,3435.2383,3.9970908,6,193.78012,1.4515736693653882,1.2382197867383726,4275.889091628478,1.1352403,1.1975569,0.0,True,1.3566736585557717,1.2260209207168609
237,192,302.16022,1207,4821.4453,2.9963961,3,41.201035,1.034406798728338,0.6204940831414983,1591.73718027137,0.98430371,0.36619568,0.0,True,1.0193758721098367,0.5442045621990488
238,804,356.67538,1207,4084.5234,3.0078046,4,101.08319,1.220941157859086,0.8046041428369899,2386.901511850374,0.96916133,0.52645254,0.0,True,1.1454072095013603,0.721158661985893
239,0,431.50015,1207,3376.2422,2.0092475,3,46.046307,1.4769232980436537,0.0,299.0931123836935,1.0729862,1.066619,1.237205069017765,True,1.3557421686305577,0.31998570000000004
240,20218,433.34619,1207,3361.8594,3.0298278,5,49.003681,1.4832381554396266,1.2208109028101994,4296.379379938397,1.0728414,1.0656123,0.0,True,1.3601191288077388,1.1742513219671395
241,14897,322.14578,1207,4522.3281,3.0290608,5,37.730785,1.1027946031620142,1.1415556432777048,3095.5147061570965,1.1026453,0.98812044,0.0,True,1.10274981221341,1.0955250822943934
242,0,210.0069,1207,6937.1484,1.0179276,2,93.763481,0.719022612575089,0.0,145.56569063313438,0.98591614,0.86847091,2.593134336876951,True,0.7990906708025624,0.260541273
243,18254,400.43048,1207,3638.207,1.7266648,4,17.169043,1.3706376070410966,1.1965987725592917,3929.1236058213008,1.1007859,1.0678155,0.0,True,1.2896820949287675,1.1579637907915041
244,20429,400.45111,1207,3638.0195,1.8956045,4,20.577246,1.3707082095615832,1.210333742296564,3974.400634118917,1.1007862,1.064558,0.0,True,1.2897316066931084,1.1666010196075949
245,24481,436.32214,1207,3338.9297,3.013175,5,47.501728,1.4934180182283538,1.2454172088089606,4409.355606508245,1.0729303,1.0665441,0.0,True,1.3672717027598478,1.1917552761662724
246,29594,437.30392,1207,3331.4336,4.0138617,6,50.559994,1.4967763604513524,1.2691428696622578,4502.216371067096,1.0729889,1.068653,0.0,True,1.3696401223159467,1.2089959087635804
247,1581,329.63065,1207,4419.6406,4.0022526,4,89.976555,1.128405735105257,0.8775331440500348,2428.414399848667,1.015016,0.71693605,0.0,True,1.09438881457368,0.8293540158350243
248,20385,400.37201,1207,3638.7383,3.0008366,5,42.107418,1.3704375872372505,1.2100416847308006,3972.752414757891,1.1007801,1.0605119,0.0,True,1.2895403410660753,1.1651827493115605
249,33386,437.8291,1207,3327.4375,4.0291419,6,76.145821,1.4985728404915992,1.2841946751260072,4560.40681667288,1.0729527,1.0699189,0.0,True,1.3708867983441193,1.219911942588205
250,4487,363.64087,1207,4006.2852,3.0081418,5,38.958969,1.2447728548892303,1.0135956112066942,3057.9961643958195,1.1019504,0.91712558,0.0,True,1.2019261184224612,0.984654601844686
251,28319,439.38791,1207,3315.6328,2.9910831,5,41.479305,1.503905016737913,1.2644546541244193,4504.323143240888,1.1397902,1.2018226,0.0,True,1.394670571716539,1.2456650378870935
252,37512,439.89737,1207,3311.793,4.0356722,6,90.78051,1.5056476405177537,1.2993149922543479,4633.205621930643,1.072861,1.0710998,0.0,True,1.3758116483624274,1.2308504345780436
253,12826,322.14719,1207,4522.3086,1.9827906,4,62.290947,1.1027993562627998,1.1237747367724773,3047.3144775424967,1.1026453,0.96207988,0.0,True,1.1027531393839598,1.0752662797407342
254,0,359.50916,1207,4052.3281,2.0713017,3,53.416725,1.2306366156242383,0.0,249.19276063947427,,,,False,1.2306366156242383,0.0
255,939,255.22252,1207,5708.1523,3.0088215,3,48.345802,0.8737778520573347,0.7914150887899799,1747.4940823816924,0.98774296,0.79704607,0.0,True,0.9079673844401344,0.793104383152986
256,0,210.52588,1207,6920.0469,2.0255256,2,92.567284,0.7207990185120313,0.0,145.92542015690137,0.89252383,0.0,0.0,True,0.772316461958422,0.0
257,34,254.22218,1207,5730.6133,3.0128796,3,49.162685,0.8703542957649435,0.41082811230677874,911.0099966055981,0.98531002,0.23042788,0.0,True,0.9048410130354605,0.3567080426147451
258,0,211.44157,1207,6890.0781,0.98263949,2,12.961852,0.7239332664576522,0.0,146.56012809866832,0.98591638,0.0,0.0,True,0.8025282005203567,0.0
259,4350,255.11253,1207,5710.6133,3.9971597,4,49.567299,0.8734014276118163,0.9685055713546844,2137.4324713920573,0.98734087,0.20671983,0.0,True,0.9075832603282714,0.739969848948279
260,5267,322.14301,1207,4522.3672,1.9955087,4,28.321007,1.1027850727090076,1.0180520215274065,2760.635408112789,1.1026453,0.92141712,0.0,True,1.1027431408963053,0.9890615510691845
261,0,319.67065,1207,4557.3438,2.0698445,3,12.334954,1.0943251552151538,0.0,221.5788097552651,,,,False,1.0943251552151538,0.0
262,2076,322.13995,1207,4522.4102,3.0157213,4,68.341301,1.1027745918383458,0.9074800051444616,2460.8789978802274,1.1026453,0.72535259,0.0,True,1.102735804286842,0.8528417806011231
263,1459,321.6604,1207,4529.1523,3.0703349,5,97.992058,1.1011337252147206,0.8654511295701641,2343.8995813542947,1.0755154,0.9088614,0.0,True,1.0934482276503044,0.8784742106991149
264,5429,321.65707,1207,4529.1992,3.0206664,5,97.387177,1.1011223279731883,1.0214672337625574,2766.2117393333133,1.0755008,0.89706951,0.0,True,1.0934358695812318,0.9841479166337903
265,3071,359.54968,1207,4051.8711,3.9315701,5,191.97136,1.230775347448578,0.9665863058771165,2887.331188332956,1.1171825,0.88029224,0.0,True,1.1966974932140046,0.9406980861139815
266,28,369.12003,1207,3946.8164,2.7856169,4,15.515979,1.2635190158788463,0.40660829311265423,1255.4500795550562,0.97545213,0.32826152,0.0,True,1.1770989501151925,0.38310426117885793
267,28,341.29266,1207,4268.6211,2.669481,3,34.881042,1.1683088934333812,0.40279869141040797,1160.8037015725124,0.99294704,0.36588401,0.0,True,1.1157003374033667,0.39172428698728556
268,0,353.66986,1207,4119.2344,1.9973471,2,87.038704,1.210657809615063,0.0,245.14526630803059,0.96841139,0.0,0.0,True,1.137983883730544,0.0
269,7226,399.05258,1207,3650.7695,4.5596385,6,13.955888,1.3659237495314853,1.0831429779438557,3545.8685540672623,0.98915023,0.84134597,0.0,True,1.2528916936720398,1.010603875560699
270,11,332.69196,1207,4378.9727,3.7933445,5,17.478504,1.1388805530822523,0.2963424320620292,853.3380290346192,0.95427471,0.31044728,0.0,True,1.0834988001575767,0.3005738864434204
271,667,354.55716,1207,4108.9258,3.9210222,5,10.283753,1.2136936676439767,0.7816107027111392,2306.672319932334,0.96443951,0.74086106,0.0,True,1.1389174203507837,0.7693858098977975
272,73860,500.52789,1207,2910.625,2.972729,5,83.721916,1.7130267753707562,1.4052557122547957,5610.894505641742,1.0786811,1.0683433,0.0,True,1.5227230727595293,1.304181988578357
273,9165,441.38736,1207,3300.6133,6.565012,7,33.720757,1.5107444191586854,1.1259425991705971,4026.938149666203,1.0264411,0.88719028,0.0,True,1.3654534234110798,1.054316903419418
274,2619,356.53183,1207,4086.168,2.5886109,4,10.429663,1.2204499941328852,0.946469212777971,2806.3729878203962,0.96675849,0.85894722,0.0,True,1.1443425428930196,0.9202126149445797
275,77144,500.53729,1207,2910.5703,4.6570668,6,26.918074,1.7130589471485886,1.4107123335112035,5632.77387354,1.0786811,1.0622649,0.0,True,1.522745593004012,1.3061781034578424
276,10456,411.72736,1207,3538.3828,4.1811209,6,196.55908,1.409283937209911,1.1324912172806967,3810.587159473786,1.0385828,0.93790537,0.0,True,1.2980735960469376,1.0741154630964878
277,3179,371.1152,1207,3925.5977,3.9209504,5,83.709,1.2703451302087914,0.9744562131510116,2993.025863181662,1.0996252,1.0244567,0.0,True,1.219129151146154,0.9894563592057081
278,55972,526.34351,1207,2767.8672,3.0273864,5,106.88293,1.801315460760808,1.3791776318009648,5754.32546712677,1.1601696,1.2514591,0.0,True,1.6089717025325654,1.3408620722606752
279,1101,367.02731,1207,3969.3203,3.1680937,5,45.532696,1.2563591538094394,0.8452748493782025,2571.3158981641513,1.0983267,0.88281006,0.0,True,1.2089494176666076,0.8565354125647417
280,2176,370.37994,1207,3933.3906,2.905683,4,22.915882,1.2678295800204047,0.9284470844192994,2846.800332797964,1.0286033,0.76779234,0.0,True,1.1960616960142834,0.8802506610935096
281,2157,384.7323,1207,3786.6562,3.0627408,4,43.148697,1.316932534446976,0.931663671612726,2953.743925652952,1.0004628,0.61368471,0.0,True,1.2219916141128833,0.8362699831289082
282,86873,515.50562,1207,2826.0586,2.0255406,4,54.298393,1.764250787311921,1.430881273188156,5862.446199875762,1.0656086,1.0454953,0.0,True,1.5546581311183447,1.3152654812317093
283,0,361.17645,1207,4033.6211,1.9982519,2,78.08284,1.2363411945720695,0.0,250.34843800215003,0.95628244,0.0,0.0,True,1.1523235682004487,0.0
284,12,336.73694,1207,4326.3711,4.2720566,5,30.450289,1.1527210805964045,0.30632926826707796,888.6680896592135,0.99110818,0.1912929,0.0,True,1.1042372104174831,0.27181835778695457
285,4742,348.93445,1207,4175.1367,4.0758014,6,54.063282,1.1944556690266444,1.0152087112683672,2953.603086410558,1.0007422,0.89996088,0.0,True,1.136341628318651,0.980634361887857
286,86109,515.70306,1207,2824.9766,3.0296612,5,55.412899,1.764926038515582,1.429838671523495,5860.136253637406,1.0661169,1.0426925,0.0,True,1.5552832969609072,1.3136948200664467
287,3095,345.09518,1207,4221.5859,3.1708989,5,28.771374,1.1813195539871106,0.9627713102092423,2773.9403419369055,0.99189079,0.87247491,0.0,True,1.1244909247909773,0.9356823901464697
288,4576,442.86276,1207,3289.6172,3.1048942,4,97.396919,1.5157912686852677,1.0406646745659855,3732.897954365272,1.0252695,0.6561929,0.0,True,1.3686347380796875,0.9253231421961898
289,1166,332.22046,1207,4385.1875,3.0334132,4,57.086243,1.137267238205399,0.842073233657833,2346.489109842974,0.93014562,0.72177261,0.0,True,1.0751307527437794,0.8059830465604831
290,584,285.60068,1207,5101.0,2.0163908,3,39.9674,0.9777394888524885,0.7462843945162851,1820.2244657606516,0.90819836,0.66914886,0.0,True,0.9568771501967419,0.7231437341613995
291,1519,331.32443,1207,4397.0469,4.0200043,6,41.469921,1.1342012770116747,0.8733033822062924,2427.6549483475337,0.92830229,0.81884605,0.0,True,1.0724315809081721,0.8569661825444047
292,2572,380.63104,1207,3827.457,3.976125,5,130.09514,1.3029013282076936,0.9517726151783951,2989.1779211688895,0.99832416,0.86750609,0.0,True,1.2115281777453855,0.9264926576248765
293,8091,417.13596,1207,3492.5039,3.0147576,5,38.644859,1.4277862478889347,1.1028771203079892,3753.704209578169,1.030555,0.92970103,0.0,True,1.3086168735222543,1.0509242932155924
294,1145,331.20203,1207,4398.6719,3.9921567,5,35.547112,1.1337824598135227,0.8396008849094122,2333.2868759506355,0.92816091,0.78230447,0.0,True,1.072095994869466,0.8224119604365885
295,0,309.86975,1207,4701.4883,4.0040283,4,56.684879,1.0607881413491023,0.0,214.7853435533151,0.92733842,0.0,0.0,True,1.0207532249443716,0.0
296,7790,444.42328,1207,3278.0664,1.9087098,4,25.383724,1.5211291489752308,1.1068192777449946,3982.4116131155006,1.0265865,0.91681087,0.0,True,1.3727663542826616,1.049816755421496
297,72,328.82242,1207,4430.5039,5.7237759,5,48.035366,1.125640207922716,0.5109547801545279,1415.273099784921,0.92919433,0.31844875,0.0,True,1.0667064445459011,0.45320297110816954
298,0,297.42258,1207,4898.2461,3.7193036,3,22.245104,1.0181947007955883,0.0,206.15762276186476,0.90727776,0.0,0.0,True,0.9849196185569118,0.0
299,15690,453.36926,1207,3213.3828,4.4913101,6,263.94974,1.5517295830574975,1.1962391583043477,4379.957943483282,1.0373064,0.93725735,0.0,True,1.3974026281402483,1.1185446158130434
300,66322,488.64874,1207,2981.3828,4.4074397,7,247.92874,1.6723983967509128,1.3875873430618912,5425.128376300282,1.1354848,1.2229451,0.0,True,1.511324317725639,1.3381946701433238
301,38347,478.68536,1207,3043.4375,4.8002334,6,129.22269,1.638321131730416,1.3157336488346905,5052.2768443094365,1.064978,1.0677154,0.0,True,1.4663181922112911,1.2413281741842832
302,428,285.60043,1207,5101.0039,2.0561857,3,106.87353,0.9777387416094762,0.7099569795275131,1731.8196630288207,0.90819836,0.77681649,0.0,True,0.9568766271266334,0.7300148326692592
303,846,374.62982,1207,3888.7695,3.042397,4,55.204803,1.2823696216427751,0.8155329908480584,2526.084158868206,1.0107061,0.83477992,0.0,True,1.2008705651499425,0.8213070695936409
304,60029,515.61676,1207,2825.4492,4.5793672,6,110.37208,1.7646310362054423,1.384412968629783,5673.133406514091,1.0981274,1.1067935,0.0,True,1.5646799453438096,1.301127128040848
305,94703,523.83368,1207,2781.1289,3.1333375,5,69.22628,1.7927321338275954,1.4446493816166566,6002.359786479906,1.102759,1.1152006,0.0,True,1.585740193679317,1.3458147471316595
306,48707,464.50668,1207,3136.3359,3.5551467,6,72.146721,1.589824916961326,1.3405255215203828,5013.708171896991,1.0465381,1.0545928,0.0,True,1.4268388718729281,1.254745705064268
307,112449,524.61182,1207,2777.0039,3.0419333,5,61.122993,1.7953931664558833,1.4665774882570455,6101.378607034334,1.1043147,1.1493556,0.0,True,1.5880696265191183,1.3714109217799317
308,86218,486.53555,1207,2994.332,3.1222496,5,90.369293,1.6651708193932613,1.4196086828401218,5529.309862170785,1.1352113,1.221869,0.0,True,1.5061829635752828,1.3602867779880854
309,3199,359.75189,1207,4049.5938,3.0097029,5,52.918713,1.231467135628021,0.9715657740741488,2903.6361243571987,1.012241,0.89449048,0.0,True,1.1656992949396145,0.9484431858519041
310,20835,400.0658,1207,3641.5234,3.0253687,5,39.277603,1.3693900282386684,1.2125912354430979,3978.448559776057,1.1007529,1.056998,0.0,True,1.288798889767068,1.1659132648101687
311,12,301.01694,1207,4839.7578,4.0011663,4,75.94873,1.0304944645546394,0.3022836677637939,794.4009618453564,0.988078,0.16383071,0.0,True,1.0177695251882477,0.26074778043465574
312,36063,440.45377,1207,3307.6094,4.3627462,6,93.17868,1.5075508945600196,1.2946571237316524,4621.715827842449,1.0727023,1.0682976,0.0,True,1.3770963161920138,1.2267492666121567
313,29867,424.05444,1207,3435.5234,4.0136104,6,196.58411,1.4514532793040038,1.2654794695495242,4369.701388412136,1.1352431,1.1968536,0.0,True,1.3565902255128026,1.244891708684667
314,2964,362.99387,1207,4013.4258,2.9831281,4,156.67615,1.2425592851483518,0.9634237203457987,2902.124927576155,1.1009518,0.80039185,0.0,True,1.2000770396038463,0.9145141592420591
315,22808,400.56036,1207,3637.0273,2.0342634,4,157.76614,1.3710819403894685,1.22380740942556,4019.604913111483,1.10001,1.0548445,0.0,True,1.2897603582726278,1.173118536597892
316,8038,397.48026,1207,3665.2109,3.3763037,5,139.40649,1.3605447703087512,1.095596044510239,3574.215778244463,1.036261,0.9413026,0.0,True,1.263259639216126,1.0493080111571673
317,6980,322.56177,1207,4516.4961,2.9992511,5,48.142372,1.1042179745633174,1.0516615517586014,2855.023478643734,1.075204,0.87138397,0.0,True,1.0955137821943222,0.9975782772310211
318,4966,322.71445,1207,4514.3594,3.0045094,4,74.860748,1.1047403826219517,1.0112751891531422,2746.549306304428,1.0732481,0.67007077,0.0,True,1.095292697835366,0.9089138634071995
319,679,359.41422,1207,4053.3984,3.0322723,4,58.252911,1.2303118262349388,0.7850328533633071,2344.661057886128,1.0118164,0.56627691,0.0,True,1.1647631983644573,0.7194060703543149
320,1543,366.27325,1207,3977.4922,3.8505111,5,134.98993,1.2537792162563477,0.8857509154513729,2689.4635977089406,0.95835781,0.84731126,0.0,True,1.1651527943794433,0.8742190188159611
321,6481,417.2984,1207,3491.1445,3.9906878,5,239.40656,1.4283418884086385,1.0757387380958612,3662.6024535296933,1.0315748,0.7204721,0.0,True,1.3093117618860468,0.9691587466671028
322,10728,417.13458,1207,3492.5156,3.0461092,5,102.15279,1.4277814675127645,1.137447849603746,3871.342124362817,1.030555,0.97340298,0.0,True,1.3086135272589352,1.088234388722622
323,799,381.65314,1207,3817.207,4.0813684,5,239.95845,1.3063980589725168,0.8104465556676603,2551.6798240520134,1.0017899,0.79188913,0.0,True,1.2150156112807617,0.8048793279673622
324,10059,444.84842,1207,3274.9336,3.1511087,5,113.94956,1.5225833723375564,1.1385248059229451,4099.910694597107,1.0270252,0.95725787,0.0,True,1.3739159206362894,1.0841447251460616
325,2854,382.68738,1207,3806.8906,4.0970759,6,110.02608,1.3099364449097721,0.9650071336734344,3045.111342110119,1.0016338,0.9115572,0.0,True,1.2174456514368406,0.9489721535714041
326,1751,379.18988,1207,3842.0039,3.1065116,5,42.037937,1.2979707464954051,0.9047775421947547,2832.2010220332168,1.0131767,0.86884719,0.0,True,1.2125325325467835,0.8939984365363283
327,3256,383.90262,1207,3794.8398,3.1127415,5,38.57383,1.3140940556971217,0.9813610281020431,3105.337920995516,1.0262228,0.94405407,0.0,True,1.2277326789879852,0.9701689406714302
328,13418,419.58899,1207,3472.0859,4.0169568,6,48.492489,1.4361776752884114,1.1657046930414894,3987.984147296043,1.0327768,0.99248034,0.0,True,1.315157412701888,1.1137373871290426
329,4341,383.6925,1207,3796.918,4.096333,6,50.997776,1.3133751798839166,1.0161785605968283,3213.931404298867,1.0293287,0.97784698,0.0,True,1.2281612359187415,1.00467908641778
330,12360,445.06873,1207,3273.3125,4.0114722,6,49.38147,1.523336967576147,1.1640412743858637,4193.607826298854,1.026485,0.9632259,0.0,True,1.3742813773033031,1.1037966620701045
331,6987,387.36285,1207,3760.9414,4.015882,6,50.842194,1.325932051882139,1.0751501349436678,3428.9718813248764,1.0341977,1.0024742,0.0,True,1.2384117463174973,1.0533473544605676
332,122807,524.86652,1207,2775.6562,3.956213,6,79.019829,1.7962642790760963,1.477778967801416,6150.588260396266,1.1048645,1.1607497,0.0,True,1.5888443453532675,1.3826701874609912
333,3224,383.18988,1207,3801.8984,3.9857216,5,46.522285,1.3116555930132752,0.9799423283519898,3095.7903732657733,1.0017264,0.91452497,0.0,True,1.2186768351092927,0.9603171208463929
334,8859,387.58789,1207,3758.7578,3.9419501,6,56.027004,1.326701924706305,1.1040565659551103,3522.9471439942467,1.0342509,1.0276247,0.0,True,1.2389666172944134,1.0811270061685772
335,126958,524.30133,1207,2778.6484,3.0496006,5,50.942513,1.7943313550948221,1.48176993357408,6161.393851995896,1.1048589,1.1759092,0.0,True,1.5874896185663754,1.390011713501856
336,10525,417.33807,1207,3490.8125,4.0028515,6,46.92234,1.4284776556469174,1.1351745057515397,3865.2594454602263,1.0318172,0.9341712,0.0,True,1.309479518952842,1.074873514026078
337,8122,386.46011,1207,3769.7266,4.0497341,5,56.928318,1.3228436577598834,1.0931208316172591,3479.13725429032,1.0342023,1.035857,0.0,True,1.2362512504319183,1.0759416821320815
338,125940,524.3028,1207,2778.6406,3.0016193,5,50.448406,1.7943363883898726,1.4807553442229824,6157.190178590903,1.1051328,1.1786742,0.0,True,1.5875753118729108,1.3901310009560877
339,18503,447.5791,1207,3254.9531,4.0914145,6,52.999348,1.5319239971905794,1.2147260570712115,4397.82104004003,1.0271683,1.038468,0.0,True,1.3804972880334054,1.1618486399498482
340,2581,386.09604,1207,3773.2812,4.0912938,6,48.16515,1.321598139925113,0.9538425721543485,3033.4433802554036,1.0054021,0.84325337,0.0,True,1.2267393279475791,0.9206658115080439
341,4994,392.27567,1207,3713.8398,4.0591807,6,82.296509,1.3427394290825585,1.035953893366022,3340.77371955104,1.0338202,0.9252975,0.0,True,1.250063660357791,1.0027569753562153
342,128017,524.19519,1207,2779.2109,4.0382905,6,60.914181,1.7939684515166574,1.482779524742931,6164.500821469748,1.1054068,1.183944,0.0,True,1.58739995606166,1.3931288673200517
343,15628,417.07953,1207,3492.9766,4.0054331,6,52.914986,1.42759313799533,1.1835332577829134,4027.7150925928568,1.0312124,0.99438816,0.0,True,1.308678916596731,1.1267897284480393
344,129186,524.10754,1207,2779.6758,4.0159006,6,53.537804,1.7936686265215556,1.4838944097096929,6168.234209901842,1.1059592,1.186221,0.0,True,1.587355798565089,1.3945923867967849
345,6898,392.65109,1207,3710.2891,2.9519417,5,49.374714,1.3440237215399655,1.0753629026684666,3470.7516273699307,1.0340739,0.96734393,0.0,True,1.251038775077976,1.0429572108679266
346,7403,392.64404,1207,3710.3555,3.0123219,5,49.046581,1.3439996820386002,1.0839550371307567,3498.4233437715693,1.0343195,0.99010539,0.0,True,1.25109562742702,1.0558001429915298
347,279,386.15442,1207,3772.7109,4.0116673,5,53.048157,1.321797812811108,0.6841372372596146,2177.2755770908643,1.0014701,0.49116239,0.0,True,1.2256994989677756,0.6262447830817301
348,7263,392.68167,1207,3710.0,3.0648353,5,64.510818,1.3441283975253904,1.0816451940786223,3491.263449500773,1.0345685,0.99782026,0.0,True,1.251260428267773,1.0564977138550355
349,77062,530.59009,1207,2745.7148,3.0277689,5,53.275707,1.815837877939242,1.4209542428623179,5970.407431666509,1.160482,1.2451888,0.0,True,1.6192311145574694,1.3682246100036224
350,22161,441.43124,1207,3300.2852,2.9662933,4,50.35498,1.5108945198356125,1.234917745875516,4417.040229097236,1.0882626,1.0705495,0.0,True,1.3841049438849287,1.1856072721128612
351,3164,359.87094,1207,4048.2539,3.0088365,5,49.831017,1.2318745280670549,0.9702805020102996,2900.6404740182734,1.0122262,0.92938352,0.0,True,1.1659800296469385,0.9580114074072097
352,18962,419.48184,1207,3472.9727,4.0362906,6,52.286156,1.4358111681321264,1.2080809940003234,4132.021013820565,1.0323218,1.0179027,0.0,True,1.3147643576924883,1.1510275058002264
353,5049,360.1055,1207,4045.6172,2.9946876,4,58.378204,1.2326769961384314,1.0266084006329221,3070.7425826191193,1.0130383,0.97569382,0.0,True,1.166785387296902,1.0113340264430455
354,3479,392.25339,1207,3714.0508,4.0104141,5,61.287277,1.3426631873854493,0.9919838483459221,3198.855770447907,1.0335823,0.89255065,0.0,True,1.2499389211698144,0.9621538888421455
355,51076,464.63168,1207,3135.4922,4.0152798,6,190.02155,1.5902524352456553,1.3464686799094974,5037.122759803122,1.0466307,1.0573136,0.0,True,1.4271659146719586,1.259722155936648
356,19874,419.35544,1207,3474.0195,3.0132208,5,131.32553,1.4353787749505575,1.2137971556021054,4150.473282918354,1.0321426,1.0200195,0.0,True,1.3144079224653904,1.1556638589214738
357,10,279.20267,1207,5217.8906,3.9883866,4,189.6001,0.9558446706937209,0.28011410120134067,693.7925713215647,0.91523874,0.17777817,0.0,True,0.9436628914856047,0.24941332184093845
358,85810,486.52032,1207,2994.4258,2.0417762,4,190.13376,1.6651186929488624,1.4190106205836663,5526.829060539647,1.1352112,1.2194159,0.0,True,1.5061464450642035,1.3591322044085665
359,25454,441.27768,1207,3301.4336,2.0476811,4,242.50281,1.5103692750519488,1.251961245869711,4476.632659175208,1.0882452,1.0804683,0.0,True,1.3837320525363643,1.2005133621087976
360,1074,343.84418,1207,4236.9453,3.0048165,4,62.057522,1.1770391591545777,0.8357064785939978,2400.378194493756,0.99138784,0.86613381,0.0,True,1.1213437634082044,0.8448346780157985
361,13490,393.33603,1207,3703.8281,3.0261345,5,77.539062,1.3463669865351415,1.1571984620658502,3740.567508732828,1.0052091,0.91380733,0.0,True,1.244019620574599,1.084181122446095
362,126737,524.5144,1207,2777.5195,3.0041473,5,64.509254,1.7950601215836943,1.4816260876248544,6162.983950435276,1.1073391,1.1881374,0.0,True,1.588743815108586,1.393579481337398
363,515,365.5108,1207,3985.7891,3.997751,4,76.901443,1.2511706327734957,0.7533378023611581,2283.7271494958754,0.98985869,0.56722796,0.0,True,1.172777049941447,0.6975048496528107
364,125579,523.89105,1207,2780.8242,3.0040421,5,61.766804,1.7929284255952096,1.4802469359884898,6150.8509238427405,1.1072526,1.1880751,0.0,True,1.5872256779166467,1.3925953851919428
365,74517,472.54025,1207,3083.0156,3.0003781,5,76.506081,1.6173028789916812,1.3963041839171066,5301.3390011344,1.1085324,1.1496632,0.0,True,1.464671735294177,1.3223118887419747
366,115027,523.01605,1207,2785.4766,3.0193295,5,63.856834,1.7899359627321174,1.4688721295321634,6094.674414051498,1.1071286,1.1887952,0.0,True,1.585093753912482,1.3848490506725142
367,113052,523.02045,1207,2785.4531,3.0097826,5,62.253101,1.789951053029107,1.4666906176041985,6085.667658045752,1.1071286,1.1882652,0.0,True,1.585104317120375,1.383162992322939
368,10485,394.97812,1207,3688.4297,3.9921765,6,79.29184,1.3519847327302426,1.1271069571108299,3656.664648494767,1.0055721,0.87890756,0.0,True,1.2480609429111698,1.0526471379775808
369,78725,523.00287,1207,2785.5469,2.9684219,5,53.430161,1.7898908217882359,1.421068530762875,5896.199134268798,1.1071342,1.1877526,0.0,True,1.5850638352517652,1.3510737515340125
370,38079,439.72516,1207,3313.0898,4.0153103,6,389.72348,1.5050586598330606,1.3011028640360676,4637.988262727797,1.1395553,1.2019804,0.0,True,1.3954076518831426,1.2713661248252472
371,27308,401.30859,1207,3630.2461,1.9906181,4,141.30432,1.373641673567837,1.2460501241243815,4099.370543386471,1.0989182,1.0522248,0.0,True,1.2912246314974858,1.187902526887067
372,41,278.2009,1207,5236.6797,3.9976711,4,190.26721,0.9524164288216074,0.43643890567911414,1046.3692572660532,0.91353786,0.27706984,0.0,True,0.9407528581751252,0.3886281859753799
373,9378,398.15326,1207,3659.0156,3.1900349,5,250.37708,1.3628471322586686,1.114609543970028,3641.6431140246445,1.036528,0.94952571,0.0,True,1.264951392581068,1.0650843937790195
374,28274,401.3017,1207,3630.3086,3.0074809,5,51.060169,1.3736180377444387,1.2502878281080547,4113.24959079055,1.0989182,1.0468713,0.0,True,1.291208086421107,1.1892628696756382
375,26067,504.05911,1207,2890.2344,4.0396438,6,125.47718,1.7251038199442787,1.2758215202258254,5125.526142716488,1.1291447,1.1784452,0.0,True,1.546316083960995,1.2466086241580778
376,110,302.03836,1207,4823.3906,2.9849887,3,48.449245,1.033989789679254,0.5552477207982558,1425.1676607478214,0.98440129,0.34832129,0.0,True,1.0191132397754779,0.49316979155877905
377,1060,358.45767,1207,4064.2148,2.9849713,3,50.991917,1.2270391154973537,0.8383115305691313,2497.7004972494633,1.0068694,0.7042008,0.0,True,1.1609882008481476,0.7980783113983919
378,48098,506.18744,1207,2878.082,3.0219445,5,48.431679,1.732382832021536,1.35339233206217,5457.22575044426,1.1288862,1.177665,0.0,True,1.551333842415075,1.300674132443519
379,0,356.78867,1207,4083.2266,1.0185974,2,23.063944,1.2213287291368975,0.0,247.30706066623276,1.0106995,0.0,0.0,True,1.1581399603958282,0.0
380,6576,357.61661,1207,4073.7734,1.9854871,4,16.225079,1.2241614343953098,1.0575327024711672,3143.981429748347,1.0115557,0.95220143,0.0,True,1.1603797140767167,1.025933320729817
381,35086,424.59323,1207,3431.1641,4.0171013,6,192.73032,1.4532962789673378,1.285457091986864,4443.6290520312805,1.1347245,1.1961993,0.0,True,1.3577247452771364,1.2586797543908048
382,0,504.28131,1207,2888.9609,1.0032214,2,35.404564,1.7258637471071465,0.0,349.54116823557575,1.1294438,1.1738615,8.509867807690561,True,1.5469377629750025,0.35215845
383,7313,504.28131,1207,2888.9609,2.9891701,5,193.52859,1.7258637471071465,1.1164230388167395,4486.934892992527,1.1294438,1.1736093,0.0,True,1.5469377629750025,1.1335789171717177
384,2244,252.97612,1207,5758.8398,3.0176921,3,52.289238,0.8660898037147725,0.8911479392800091,1952.1929725119815,0.91164374,0.86338347,0.0,True,0.8797559846003407,0.8828185984960064
385,0,205.45247,1207,7090.9297,1.1043917,1,12.698518,0.7034335348923942,0.0,142.40880031957676,0.82277519,0.0,8.243023303589329,True,0.739236031424676,0.0
386,0,312.99692,1207,4654.5156,0.99535882,2,22.129963,1.071488864251684,0.0,216.95293262194673,1.0014633,0.76862854,1.1285119685270841,True,1.0504811949761788,0.23058856200000005
387,48889,424.92798,1207,3428.4609,4.017066,6,94.1492,1.4544414750840766,1.3263322918247311,4588.09553396689,1.1339914,1.1885844,0.0,True,1.3583064525588535,1.2850079242773118
388,0,262.87051,1207,5542.0781,2.1124969,2,60.814243,0.8999520788883276,0.0,182.20795285885492,0.92860913,0.0,2.57261652284797,True,0.9085491942218293,0.0
389,2246,310.97247,1207,4684.8164,2.2956469,3,18.996586,1.0645615671256612,0.913001885075326,2400.0221506955345,0.99930573,0.71332526,0.0,True,1.044984815987963,0.8530988975527283
390,0,253.01216,1207,5758.0195,0.89030904,1,45.147614,0.8662131459128305,0.0,175.37466535138176,0.9125517,0.17067474,7.422021953002613,True,0.8801147121389814,0.051202422000000004
391,6720,320.09372,1207,4551.3203,3.1090415,5,229.31056,1.0957728169516756,1.0461975824714953,2821.031090226513,1.0107849,0.94259018,0.0,True,1.070276441866173,1.0151153617300468
392,5892,320.79413,1207,4541.3828,3.9784937,5,123.45316,1.0981695426619673,1.0308577738845752,2785.0352428646243,1.0125906,0.68907177,0.0,True,1.0724958598633771,0.9283219727192026
393,6726,319.98441,1207,4552.875,2.926121,5,234.84868,1.0953988005410136,1.0462611196815519,2820.353213751277,1.011149,0.90064073,0.0,True,1.0701238603787095,1.0025750027770863
394,48433,424.92847,1207,3428.457,4.0237322,6,67.208641,1.4544431286018886,1.3251813740392968,4584.1189739763795,1.1335613,1.1856834,0.0,True,1.3581785800213222,1.2833319818275077
395,0,439.46454,1207,3315.0547,1.1954097,2,8.7581034,1.504167118984878,0.0,304.6136068570733,,,,False,1.504167118984878,0.0
396,3829,319.86639,1207,4554.5547,4.0086126,5,124.92256,1.094994999536437,0.9793553837533836,2639.1795660744647,1.0108945,0.57772458,0.0,True,1.069764849675506,0.8588661426273685
397,45977,424.95654,1207,3428.2305,4.0222631,6,71.900299,1.45453916627884,1.3187996481845934,4562.307937080538,1.1333494,1.1837834,0.0,True,1.358182236395188,1.2782947737292154
398,0,317.50247,1207,4588.4648,0.99478036,2,1.4446189,1.086906191201869,0.0,220.07594190131863,,,,False,1.086906191201869,0.0
399,22447,400.34924,1207,3638.9453,3.0158424,4,47.095478,1.370359673245915,1.221783287940291,4011.099575530424,1.0956947,0.91250598,0.0,True,1.2879601812721404,1.1290000955582036
400,48563,439.1008,1207,3317.8008,1.9905677,4,11.472788,1.5029228897150242,1.3308694354092137,4738.1867297474855,1.1390588,1.190578,0.0,True,1.393763662800517,1.2887820047864496
401,2295,311.59943,1207,4675.3906,4.3732157,6,19.543016,1.066706853948492,0.9157720794426073,2411.579916123177,0.93755788,0.82253349,0.0,True,1.0279621617639445,0.887800502609825
402,7654,356.40271,1207,4087.6484,2.5816002,4,45.643456,1.2200082069681708,1.075351246964924,3187.3967303622953,1.0149432,1.0281941,0.0,True,1.1584887048777195,1.0612041028754469
403,916,334.01401,1207,4361.6406,3.402817,5,12.936226,1.1434041134401054,0.8138492468512205,2278.7095074526865,0.95214963,0.58864462,0.0,True,1.0860277684080737,0.7462878587958544
404,55271,459.12518,1207,3173.0977,4.0318904,6,19.555166,1.5714176642861255,1.3542686838452405,5013.665249042825,1.0618576,1.0683748,0.0,True,1.418549645000288,1.2685005186916682
405,2041,334.89758,1207,4350.1328,3.6272149,5,14.304099,1.146427473815654,0.909655379410013,2552.647826141902,0.95328242,0.84118742,0.0,True,1.0884839576709577,0.8891149915870091
406,21496,450.43219,1207,3234.3359,4.3390441,6,26.671207,1.5416831768341008,1.2342296619317048,4493.383238286321,1.0411826,0.98630255,0.0,True,1.3915330037838705,1.1598515283521933
407,2297,301.41687,1207,4833.3359,2.5593636,4,17.197071,1.0318630835169587,0.9122906802200168,2333.035756435706,0.91687214,0.77115327,0.0,True,0.9973658004618711,0.8699494571540117
408,7456,337.81119,1207,4312.6133,2.7276015,4,14.541856,1.1563967068877874,1.0653421847879463,3012.27675872381,0.95415211,0.92609787,0.0,True,1.0957233278214513,1.0235688903515625
409,3082,441.61002,1207,3298.9492,1.0039861,3,58.615173,1.51150602730095,0.9915320241406447,3547.887276143112,1.1279664,1.175769,0.0,True,1.396444139110665,1.0468031168984513
410,5218,468.711,1207,3108.2031,2.1784551,4,195.93112,1.6042054011245275,1.064318219741729,4012.284594306392,1.1173545,1.1745498,0.0,True,1.4581501307871692,1.0973876938192104
411,4,339.7001,1207,4288.6328,4.0095468,4,90.765274,1.1628598493943012,0.19241470689287338,608.6608708727173,1.0007901,0.081993505,0.0,True,1.1142389245760107,0.15928834632501135
412,41237,470.16278,1207,3098.6055,3.0209475,5,111.55733,1.6091710511428328,1.321833933503623,4996.4855398797745,1.1166798,1.1773734,0.0,True,1.4614236757999828,1.2784957734525362
413,53029,473.16074,1207,3078.9727,2.0476923,4,13.144299,1.619425128828389,1.3541855777313851,5147.341532863466,1.1155061,1.1759417,0.0,True,1.4682494201798724,1.3007124144119697
414,71444,426.48438,1207,3415.9492,3.9906507,6,106.79412,1.459765584466337,1.3735481872658322,4766.686775186626,1.1331536,1.1789322,0.0,True,1.361781989126436,1.3151633910860825
415,8806,343.9888,1207,4235.1641,3.071717,4,62.801971,1.177533957585983,1.0875750371826083,3124.593259114867,0.99745709,0.92513579,0.0,True,1.123510897310188,1.0388432630278257
416,2246,317.50006,1207,4588.5,3.0216494,5,252.29707,1.0868978567943033,0.9152497638295278,2450.400760064585,1.0894438,0.98551983,0.0,True,1.0876616397560124,0.9363307836806695
417,0,267.02045,1207,5455.9453,1.0278887,2,16.912287,0.9141543817989983,0.0,185.08447206934784,0.90171522,0.0,0.0,True,0.9104226332592988,0.0
418,2263,267.50272,1207,5446.1094,2.9689274,4,46.09251,0.9158047765366548,0.8979079574598797,2066.546798040537,0.9029687,0.86301607,0.0,True,0.9119539535756583,0.8874403912219158
419,67,251.57463,1207,5790.9219,4.0157137,4,47.551647,0.861293264045947,0.48698438431323854,1065.193777274649,0.97489774,0.82279706,0.0,True,0.8953746068321629,0.587728187019267
420,7728,392.99448,1207,3707.0469,2.9527402,4,49.619843,1.3451985769212704,1.0892995313428842,3518.4261878314555,1.0348283,1.0081891,0.0,True,1.2520874938448894,1.064966401940019
421,19636,448.16049,1207,3250.7305,3.0611892,5,129.45441,1.533912696306764,1.2222690059047494,4430.1658204283485,1.0268912,1.0444018,0.0,True,1.3818062474147346,1.1689088441333246
422,82403,530.63684,1207,2745.4727,1.9938133,4,26.584749,1.8159978847521394,1.4294322779661441,6006.491386227733,1.1604825,1.2440023,0.0,True,1.6193432693264975,1.3738032845763009
423,254,298.23813,1207,4884.8516,3.9667037,4,229.53127,1.0209854974139687,0.652334832531735,1653.7833515597636,0.93151468,0.73522395,0.0,True,0.9941442521897781,0.6772015677722145
424,84321,530.56287,1207,2745.8555,2.0058165,4,69.183662,1.815744900564913,1.4323126825145518,6017.861571485642,1.1604818,1.2431116,0.0,True,1.619165970395439,1.3755523577601863
425,15680,417.05295,1207,3493.1992,4.0131893,6,230.08315,1.4275022183611878,1.1839311125242111,4028.8436161767,1.0312122,0.99441451,0.0,True,1.3086152128528314,1.1270761317669478
426,20870,449.56671,1207,3240.5625,2.0254562,4,89.599632,1.538722726736724,1.2302807914594318,4471.464148742933,1.026855,1.0430566,0.0,True,1.3851624087157068,1.1741135340216022
427,19243,415.20132,1207,3508.7773,2.9882574,4,85.518204,1.4211680734104806,1.208366312768927,4095.963747894717,1.0349871,1.0496207,0.0,True,1.3053137813873363,1.160742628938249
428,95098,530.57117,1207,2745.8125,2.0166678,4,75.066086,1.815773314814693,1.4475038943499459,6081.769793084981,1.1605355,1.2429498,0.0,True,1.6192019703702851,1.386137666044962
429,4571,334.43781,1207,4356.1133,2.9878154,4,49.000191,1.1448542679269602,1.0056899695194332,2818.6166874250553,0.93023121,0.89438546,0.0,True,1.0804673505488722,0.9722986166636033
430,2196,277.32089,1207,5253.2969,2.9473572,3,19.841589,0.949404896917289,0.8981772572026498,2134.0683142078865,0.9143647,0.86362922,0.0,True,0.9388928378421022,0.8878128460418548
431,0,227.401,1207,6406.5195,0.95903915,1,18.669003,0.7785580759509664,0.0,157.62236200651213,0.83596259,0.0,0.0,True,0.7957794301656764,0.0
432,52315,506.19846,1207,2878.0195,3.0076365,5,48.286549,1.7324204268805294,1.3639460962034662,5499.885065499985,1.1288863,1.1771771,0.0,True,1.5513601888163706,1.3079153973424265
433,8722,358.43082,1207,4064.5195,3.0117066,5,54.547108,1.2269471747557708,1.091799935592864,3252.3414483690162,1.0124129,0.97374344,0.0,True,1.1625868923290394,1.0563829869150048
434,16438,400.27234,1207,3639.6445,3.0158515,5,55.415462,1.3700965625871084,1.1837635540762554,3885.6328005506375,1.0983666,1.0060182,0.0,True,1.288577573810976,1.1304399478533789
435,70900,507.90323,1207,2868.3594,3.8436513,6,93.307159,1.738250830754591,1.4026979603589698,5672.79856245255,1.1285874,1.1777027,0.0,True,1.5553518015282135,1.3351993822512789
436,53901,440.15125,1207,3309.8828,2.4051547,5,42.508892,1.5065160553429757,1.3441272422127801,4795.422082037992,1.1390744,1.2028855,0.0,True,1.396283558740083,1.301754719548946
437,0,300.81393,1207,4843.0234,1.9999961,2,45.994865,1.0297998997516191,0.0,208.50832745265677,0.9834345,0.0,0.0,True,1.0158902798261333,0.0
438,8651,387.31418,1207,3761.4141,2.7885506,5,15.599082,1.3257655094649958,1.1010765396951423,3511.2591960410837,1.0308603,0.96738869,0.0,True,1.237293946625497,1.0609701847865995
439,15643,400.2706,1207,3639.6602,2.0232377,4,40.374401,1.3700906557987615,1.1777182653764289,3865.7760919823345,1.0983666,0.97874177,0.0,True,1.288573439059133,1.1180253167635001
440,77502,506.96979,1207,2873.6406,4.1796784,6,104.95238,1.7350584810960898,1.4135531124780532,5707.50890050215,1.1285787,1.1776236,0.0,True,1.553114546767263,1.3427742587346372
441,8298,392.79291,1207,3708.9492,4.0058599,5,127.01868,1.344509003684084,1.0978887108977564,3544.5674595620985,1.0327522,0.97164214,0.0,True,1.250981962578859,1.0600147396284296
442,70817,522.91925,1207,2785.9922,2.0489984,4,47.619934,1.7896049392154858,1.4076963702126526,5839.900796031235,1.1071334,1.1889331,0.0,True,1.5848634774508399,1.3420673891488568
443,92692,473.12292,1207,3079.2188,4.0287566,6,80.09066,1.6192957837379964,1.4236862485383228,5411.1347619027665,1.1083319,1.1502701,0.0,True,1.4660066186165976,1.341661403976826
444,5535,373.07422,1207,3904.9844,3.119801,4,52.949451,1.277047487472499,1.0421061376767617,3215.604345201398,0.99004853,0.90194756,0.0,True,1.1909478002307492,1.0000585643737332
445,10431,393.14114,1207,3705.6641,3.9837441,6,125.13166,1.3457002784082435,1.1258399293474375,3637.628481608516,1.0327613,0.96169573,0.0,True,1.2518185848857706,1.0765966695432063
446,0,236.73866,1207,6153.8281,1.9268837,2,22.891121,0.8105172091492043,0.0,164.0947347085395,0.82772839,0.0,0.0,True,0.8156805634044431,0.0
447,6733,394.56735,1207,3692.2695,4.0016375,5,69.32637,1.3505794884791835,1.0730529279025531,3478.1400287216748,1.0051541,0.71282542,0.0,True,1.2469518719354284,0.9649846755317872
448,2928,289.93576,1207,5024.7305,2.9280872,4,30.569555,0.9925745196831717,0.936603881152759,2314.4869212284457,0.90220302,0.85442305,0.0,True,0.9654630697782202,0.9119496318069313
449,6151,370.30713,1207,3934.1641,2.0334842,4,27.009186,1.2675804374147535,1.053914580286434,3230.8167828836868,0.98551452,0.92872739,0.0,True,1.1829606621903275,1.0163584232005038
450,6658,392.319,1207,3713.4297,3.8850286,5,53.235466,1.3428876373610967,1.070945142641672,3453.927343355066,1.0322853,0.93371642,0.0,True,1.2497069361527677,1.0297765258491705
451,1180,334.84317,1207,4350.8398,3.0115595,4,41.793022,1.1462412679681548,0.8442862298625704,2369.0031048402875,0.9304285,0.8442046,0.0,True,1.0814974375777084,0.8442617409037994
452,1190,334.84738,1207,4350.7852,2.9652698,4,38.69009,1.1462556460663964,0.8452938133127776,2371.853862301169,0.93042856,0.76387101,0.0,True,1.0815075202464774,0.8208669723189443
453,6406,358.27173,1207,4066.3242,2.9979808,5,48.07531,1.2264029035872435,1.0546145492241044,3140.3600866171214,1.0123849,0.98571342,0.0,True,1.1621975025110705,1.033944210456873
454,6742,358.26587,1207,4066.3906,3.0435085,4,61.178856,1.2263828875266423,1.0607624316563173,3158.6182614138556,1.0123847,0.99821591,0.0,True,1.1621834312686494,1.041998475159422
455,56895,464.77527,1207,3134.5234,4.0142136,6,60.197384,1.590743627678419,1.3599209088655932,5088.823452714051,1.0467238,1.0619185,0.0,True,1.4275376793748933,1.2705201862059152
456,20515,419.5097,1207,3472.7422,3.0277042,5,107.40065,1.4359064138957558,1.2177449246856833,4165.315624545095,1.0323706,1.0259011,0.0,True,1.314845669727029,1.1601917772799784
457,94,273.45468,1207,5327.5703,3.0114465,4,89.989265,0.9361738997258838,0.5306798259392257,1248.142374106416,0.88691008,0.49857488,0.0,True,0.9213947538081186,0.521048342157458
458,84380,487.7579,1207,2986.8281,3.5516713,6,59.491821,1.669351479803823,1.4173607890647248,5532.691214413159,1.1335554,1.2163975,0.0,True,1.508612655862676,1.3570718023453074
459,79196,507.49063,1207,2870.6914,5.4587226,7,105.90038,1.7368397495165158,1.416450350164828,5724.345269068131,1.128417,1.1794355,0.0,True,1.554312924661561,1.3453458951153796
460,4460,336.35278,1207,4331.3125,4.0114565,5,61.842552,1.151406599827326,1.0034402742245268,2826.4909326483225,0.97762537,0.94556838,0.0,True,1.0992722308791283,0.9860787059571687
461,98010,473.03833,1207,3079.7695,3.0039189,5,41.173347,1.619006421996924,1.430598781601738,5436.556299947828,1.1079923,1.1509,0.0,True,1.465702185397847,1.3466891471212166
462,18407,415.05484,1207,3510.0156,2.0151494,4,41.32444,1.4206669843990012,1.2028740640528508,4076.0854675226255,1.0347037,1.042734,0.0,True,1.304877999079301,1.1548320448369955
463,21481,415.24847,1207,3508.3789,1.9905698,4,43.671745,1.4213293646489982,1.2218592485336517,4142.110632049743,1.0347071,1.0376239,0.0,True,1.3053426852542986,1.1665886439735562
464,4823,366.71732,1207,3972.6758,3.0447555,5,38.961548,1.2552985105387084,1.0233361340985427,3110.337157973949,0.9798367,0.84184688,0.0,True,1.1726599673770959,0.9688893578689799
465,3552,351.24005,1207,4147.7305,4.0818744,5,17.751961,1.2023442514192788,0.9813358196734261,2871.6785898123658,0.99592,0.8222695,0.0,True,1.140416975993495,0.9336159237713982
466,2934,348.73932,1207,4177.4727,3.9306979,6,39.26466,1.193788061258122,0.957578645491809,2784.6149044696717,0.99493599,0.90230763,0.0,True,1.1341324398806854,0.9409973408442662
467,0,270.9436,1207,5376.9453,3.7466874,3,12.724113,0.927580470397096,0.0,187.8037924307616,0.90363836,0.0,0.0,True,0.9203978372779672,0.0
468,96925,473.00952,1207,3079.957,4.3058338,6,28.232677,1.6189079249367364,1.4292022889295923,5430.959742615657,1.1079919,1.1503385,0.0,True,1.4656331174557153,1.3455431522507146
469,20470,415.2457,1207,3508.4023,3.3154559,6,82.676407,1.4213198902058173,1.215953366474686,4122.06656985038,1.0347071,1.0294877,0.0,True,1.305336053144072,1.1600136665322802
470,27,313.8136,1207,4642.4023,4.5479774,4,18.893225,1.0742834684269813,0.3946410755712852,1056.7032266730434,0.93790954,0.24749613,0.0,True,1.033371289898887,0.35049759189989965
471,1628,383.40692,1207,3799.7461,4.797348,5,21.931437,1.312398166625133,0.8971602692886332,2835.806134283463,1.0183874,0.86043358,0.0,True,1.224194936637593,0.8861422625020432
472,12513,356.50253,1207,4086.5039,2.794805,5,51.299484,1.2203497253883624,1.1344877687224217,3363.48843192669,1.070098,1.011083,0.0,True,1.1752742077718537,1.0974663381056953
473,4650,357.51855,1207,4074.8906,4.1530495,5,56.499516,1.2238259745341826,1.0158182490379137,3019.2629293499112,0.98648697,0.92135203,0.0,True,1.1526242731739278,0.9874783833265397
474,2293,359.24283,1207,4055.332,2.9569957,4,47.4067,1.2297254973500442,0.9313386102804851,2779.9963730463633,1.0106726,0.83326584,0.0,True,1.164009628145031,0.9019167791963396
475,460,300.32416,1207,4850.9219,3.4010289,4,11.828528,1.028123821983257,0.7226353435252546,1842.6583720396147,0.90483379,0.56056219,0.0,True,0.9911368123882798,0.6740133974676783
476,23,267.17923,1207,5452.7031,3.030632,3,49.019539,0.914697742506691,0.36935145185055235,860.0167643539007,0.88910514,0.23511356,0.0,True,0.9070199617546837,0.32908008429538665
477,17943,400.43436,1207,3638.1719,2.0139158,4,66.313591,1.3706508232795955,1.1945046804150452,3922.2813066494873,1.0965414,0.96196979,0.0,True,1.2884179962957167,1.1247442132905316
478,4066,353.91553,1207,4116.375,3.1314526,5,22.292458,1.2114983729296747,0.9984626788710438,2941.3589697438533,0.96972698,0.87319905,0.0,True,1.1389669550507724,0.9608835902097307
479,55022,464.98505,1207,3133.1094,3.3859935,5,73.699387,1.5914610863704626,1.3558392035458806,5075.555813597748,1.04685,1.0536175,0.0,True,1.428077760459324,1.2651726924821165
480,42465,438.97314,1207,3318.7656,2.6024971,4,128.76628,1.502486237394849,1.314273334439173,4677.9096206896465,1.139057,1.1950451,0.0,True,1.3934574661763943,1.278504864107421
481,1304,304.21976,1207,4788.8047,4.2755194,4,25.665392,1.0414543952531083,0.846518480038956,2182.692907604588,1.0068768,0.85358405,0.0,True,1.0310811166771758,0.8486381510272691
482,5,261.60141,1207,5568.9648,3.9491544,4,26.76166,0.8956087124467649,0.20772811343018632,509.0528387261801,0.91935301,0.13288389,0.0,True,0.9027320017127355,0.18527484640113043
483,2331,346.42258,1207,4205.4102,6.3053102,6,38.233997,1.1858612244687359,0.9292546451619191,2686.4760241021654,1.0633383,0.89727402,0.0,True,1.149104347128115,0.9196604576133434
484,3721,340.75412,1207,4275.3672,5.1670141,6,43.75584,1.1664662813176876,0.9833387346391114,2801.777514736633,1.0471787,0.90173298,0.0,True,1.1306800069223812,0.958857008247378
485,531,355.92416,1207,4093.1445,1.5940533,3,49.56514,1.21837083199732,0.7546036691648009,2234.6774639382315,1.0070882,0.72513872,0.0,True,1.1549860423981242,0.7457641844153606
486,433,304.76169,1207,4780.2891,3.05007,4,38.1534,1.0433088647054503,0.7167624105105127,1851.5327237693798,1.0014833,0.73110074,0.0,True,1.0307611952938152,0.721063909357359
487,1294,316.09268,1207,4608.9297,3.0061293,5,50.241077,1.0820821257834943,0.8494458041792504,2265.4482101746935,0.94257092,0.8171283,0.0,True,1.040228764048446,0.8397505529254754
488,3171,363.47748,1207,4008.0859,3.6341448,4,38.499001,1.24421389866343,0.971712080557579,2930.512753754025,0.96198279,0.78905958,0.0,True,1.159544566064401,0.9169163303903052
489,1071,310.17102,1207,4696.9219,4.2559347,5,42.859509,1.0618190124875768,0.8251960753263299,2164.439674329781,0.93480718,0.79856199,0.0,True,1.0237154627413037,0.8172058497284309
490,635,293.37759,1207,4965.7812,3.9409254,6,16.718086,1.0043527302720676,0.7584598476692216,1894.2715207368913,0.96931803,0.68116742,0.0,True,0.9938423201904474,0.735272119368455
491,22639,400.44727,1207,3638.0547,1.9910715,4,22.007887,1.370694954560504,1.2228583501520311,4015.492088223297,1.0965415,0.94127297,0.0,True,1.2884489181923529,1.1383827361064218
492,884,338.22754,1207,4307.3047,3.740828,5,10.947013,1.1578212632804195,0.8108231687521853,2295.454578879458,0.94101489,0.66039634,0.0,True,1.0927793512962936,0.7656951201265297
493,59097,465.74979,1207,3127.9648,1.6488715,4,21.341867,1.5940769083455024,1.364992007580659,5117.178636189961,1.0470295,1.0580827,0.0,True,1.4299626858418517,1.2729192153064612
494,2840,338.58157,1207,4302.8008,3.9734745,5,28.780386,1.1590326343588881,0.9503081947424704,2692.489796098497,0.94138497,0.8574236,0.0,True,1.0937383350512218,0.9224428163197294
495,165,328.59586,1207,4433.5586,3.9982727,4,41.204723,1.1248649970748326,0.6087414177806152,1681.7515782657624,0.92519832,0.37930331,0.0,True,1.0649649939523829,0.5399099854464307
496,2013,273.45569,1207,5327.5508,1.9559898,3,15.508477,0.9361773250410239,0.8865740618183625,2080.5532916701845,0.88691008,0.86283916,0.0,True,0.9213971515287167,0.8794535912728538
497,3811,335.17026,1207,4346.5938,2.9692466,4,41.196594,1.14736046664424,0.9842526819298746,2763.871465722065,0.97618085,0.91942382,0.0,True,1.096006581650968,0.9648040233509122
498,28072,441.56976,1207,3299.25,2.9668684,5,43.449444,1.5113683034045435,1.2641458022247947,4522.822052899029,1.0884629,1.0912184,0.0,True,1.3844966823831804,1.2122675815573563
499,21832,449.56888,1207,3240.5469,2.0146701,4,12.577256,1.538730129582474,1.2358554465271374,4491.743233730848,1.026855,1.0455552,0.0,True,1.3851675907077317,1.1787653725689962
500,83472,509.45108,1207,2859.6445,4.5610547,7,71.281654,1.7435445288938753,1.4237423080327447,5773.24762651071,1.1280191,1.1833524,0.0,True,1.5588869002257126,1.3516253356229213
501,20686,419.59796,1207,3472.0117,3.9841549,6,45.797756,1.4362083500220362,1.218794354962431,4169.674626673917,1.0324855,1.0277114,0.0,True,1.3150914950154253,1.1614694684737017
502,78601,509.46011,1207,2859.5938,4.0415368,6,62.196106,1.7435754199684976,1.4161914579645458,5742.7184950297315,1.1273201,1.182268,0.0,True,1.5586988239779482,1.346014420575182
503,18276,444.35657,1207,3278.5586,7.4038496,8,155.94444,1.520900925718641,1.2121182433355393,4360.672505934948,1.0875907,1.0467811,0.0,True,1.3909078580030485,1.1625171003348775
504,28037,450.58185,1207,3233.2617,3.0123224,5,53.706409,1.542195060020724,1.2671486442231172,4614.567185201882,1.0273566,1.0603198,0.0,True,1.3877435220145067,1.2050999909561821
505,25712,440.38773,1207,3308.1055,3.0120611,5,48.968281,1.5073249513087268,1.2528939075480718,4472.045299707332,1.0885003,1.0906333,0.0,True,1.3816775559161087,1.2042157252836503
506,747,372.18106,1207,3914.3555,2.9721127,3,56.506405,1.2739917537144543,0.7998628467728945,2463.369290748761,1.0345013,0.83876079,0.0,True,1.202144617600118,0.8115322297410261
507,161,291.9007,1207,4990.9062,2.9814532,3,57.58931,0.9992986873284839,0.5974180430274408,1486.8692492406344,0.93238366,0.73667532,0.0,True,0.9792241791299388,0.6391952261192086
508,3605,333.7005,1207,4365.7383,3.0271914,5,50.001999,1.1423314010398125,0.9771092972978384,2733.2178872333516,0.92998672,0.88306081,0.0,True,1.0786279967278687,0.9488947511084869
509,2560,333.77277,1207,4364.793,3.0190609,5,56.730278,1.1425786868336212,0.9363088518289019,2619.630098605012,0.93046755,0.85306394,0.0,True,1.0789453457835347,0.9113353782802314
510,96177,532.20428,1207,2737.3867,2.8229737,5,67.671646,1.8213582666566386,1.4494905357348906,6106.493982805558,1.1608701,1.2428343,0.0,True,1.623211816659647,1.3874936650144236
511,0,333.11124,1207,4373.4609,0.99789584,2,37.559555,1.1403152092192732,0.0,230.89511681882726,0.92980957,0.0,0.0,True,1.0771635174534913,0.0
512,13753,417.06879,1207,3493.0664,4.0315456,6,55.259705,1.427556458330591,1.1678667907836118,3974.3142605469175,1.0312123,0.9737944,0.0,True,1.3086532108314137,1.1096450735485281
513,64012,509.16663,1207,2861.2422,4.0269208,6,99.386353,1.742571624438285,1.3902963959741195,5634.874328402177,1.1264615,1.1719633,0.0,True,1.5577385871067995,1.3247964671818837
514,42995,489.07425,1207,2978.7891,3.4440491,5,35.911129,1.673853615344423,1.3335613265290343,5217.877235284831,1.1424856,1.167878,0.0,True,1.5144432107410961,1.283856328570324
515,42112,484.2858,1207,3008.2422,3.3598981,4,60.268337,1.65747613650963,1.3293343621508207,5156.740822011506,1.1310179,1.1656973,0.0,True,1.499538665556741,1.2802432435055744
516,320,392.33386,1207,3713.2891,4.553102,5,21.742659,1.3429384570945635,0.7020807172251977,2265.5520976324037,1.0369092,0.63639218,0.0,True,1.2511296799661944,0.6823741560576384
517,1056,311.89545,1207,4670.9531,2.4859655,4,19.30022,1.0677198133262347,0.8240695108078796,2172.082210696214,0.93315727,0.80668539,0.0,True,1.0273510503283643,0.8188542745655157
518,643,302.92767,1207,4809.2305,4.0888939,5,56.006374,1.0370329610302913,0.7627978321317678,1959.714925113705,0.98646778,0.72599053,0.0,True,1.0218634067212038,0.7517556414922375
519,2127,311.31226,1207,4679.7031,4.0660615,6,18.830017,1.0657242685069561,0.9066815653532005,2385.7127594593117,0.93725646,0.87023121,0.0,True,1.0271839259548692,0.8957464587472403
520,672,339.01398,1207,4297.3125,4.0995913,5,47.936409,1.1605122008726394,0.7783170638109378,2208.0760625562225,1.0439929,0.48641267,0.0,True,1.1255564106108475,0.6907457456676565
521,4727,395.13547,1207,3686.9609,4.2065749,5,14.979844,1.3525230401911414,1.030180837327917,3343.426547055538,1.0330207,0.90249431,0.0,True,1.256672338133799,0.991874879129542
522,772,328.06979,1207,4440.668,3.9859939,4,95.368835,1.123064926664394,0.7917719530187494,2182.1797877384884,1.0153819,0.5796594,0.0,True,1.0907600186650757,0.7281381871131245
523,60177,465.87897,1207,3127.0977,3.9799843,6,18.65296,1.5945186408255163,1.3672889695138841,5127.0347450059835,1.0471495,1.0596033,0.0,True,1.4303078985778614,1.274983268659719
524,12734,395.64099,1207,3682.25,5.0547338,7,28.443136,1.3542524561618372,1.1509987338310648,3739.672981620448,1.0334677,0.98817778,0.0,True,1.2580170293132862,1.1021524476817453
525,3080,311.99695,1207,4669.4336,2.4414301,4,19.193325,1.0680671157595494,0.9507155432714597,2506.375711285831,0.93519431,0.82689846,0.0,True,1.0282052740316845,0.9135704182900217
526,7795,356.87949,1207,4082.1875,2.6126761,4,14.101488,1.2216394598960623,1.077719014146792,3198.1735237406247,1.0153718,1.0376654,0.0,True,1.1597591619272436,1.0657029299027545
527,605,290.44989,1207,5015.8359,5.5757861,6,16.115099,0.9943339541283622,0.7518970900895191,1861.356482425064,0.90992188,0.57889378,0.0,True,0.9690103318898535,0.6999960970626634
528,9169,356.6355,1207,4084.9805,1.389504,4,44.527409,1.2208046041849843,1.0971506752666709,3253.871549282494,1.0145278,1.0193568,0.0,True,1.1589215629294891,1.0738125126866696
529,2863,294.71552,1207,4943.2383,4.1043224,5,15.740063,1.0089310785314933,0.9357649281568464,2346.0309177328877,0.93959725,0.82116228,0.0,True,0.9881309299720453,0.9013841337097925
530,1,250.08623,1207,5825.3867,5.4866047,5,26.707462,0.856199334019527,0.07994320269058945,274.7478055046793,0.85081202,0.051112808,0.0,True,0.854583139813669,0.07129408428341262
531,9148,356.40747,1207,4087.5938,2.4849386,4,15.076037,1.2200244952479753,1.0967906839969879,3250.9740016806863,1.0145236,1.0049384,0.0,True,1.1583742266735828,1.0692349987978915
532,48686,439.10803,1207,3317.7461,3.0101902,5,46.809315,1.5029476536215374,1.3311841218757965,4739.375463953861,1.1390589,1.1896305,0.0,True,1.3937810275350762,1.2887180353130576
533,1550,290.14822,1207,5021.0508,3.2928314,5,18.431704,0.9933016428211813,0.8620819309298787,2131.8059299771617,0.91993791,0.8402642,0.0,True,0.9712925229748269,0.8555366116509151
534,54318,459.08054,1207,3173.4062,3.5295904,5,26.480192,1.5712649964638379,1.3520954462623143,5005.193422115523,1.0616828,1.0597943,0.0,True,1.4183903375246865,1.26440510238362
535,1708,296.80621,1207,4908.418,3.9325795,5,19.23834,1.0160855168774328,0.8757954112143616,2209.4992279547355,0.94071639,0.85667205,0.0,True,0.9934747788142029,0.8700584028500531
536,12816,358.89127,1207,4059.3047,3.1015019,5,31.02754,1.228522600536288,1.1382780127286525,3394.6110164319653,1.0108975,0.99554944,0.0,True,1.1632350703754015,1.0954594409100569
537,75694,509.646,1207,2858.5508,4.0222874,6,82.791634,1.7442111538848564,1.411521475510327,5725.608098782528,1.126877,1.1814561,0.0,True,1.5590109077193994,1.3425018628572287
538,16292,419.33423,1207,3474.1953,4.0172677,6,50.423092,1.4353061842107229,1.189417842698268,4066.934927653557,1.0323157,1.0185694,0.0,True,1.314409038947506,1.1381633098887876
539,780,383.14777,1207,3802.3164,4.0023732,5,61.88707,1.3115114746013894,0.8079148946082021,2552.4747879038646,1.0138197,0.77282184,0.0,True,1.2222039422209725,0.7973869782257414
540,38778,451.33978,1207,3227.832,3.9037886,6,47.897751,1.5447876581860138,1.3075478895257957,4768.702627817893,1.027895,1.0957469,0.0,True,1.3897198607302097,1.244007592668057
541,2196,382.82721,1207,3805.5,3.045289,5,41.585819,1.3104148684476031,0.9332755320017564,2945.9714292623553,1.0138505,0.86052257,0.0,True,1.2214455579133223,0.9114496434012295
542,2109,383.10132,1207,3802.7773,3.1123312,5,41.663185,1.311352601797285,0.9284555320331832,2932.6088255211944,1.0170091,0.89907056,0.0,True,1.2230495512580997,0.9196400404232282
543,86833,479.05737,1207,3041.0742,7.0655766,8,228.01566,1.6395934780736694,1.4177560712288293,5447.727854802444,1.1317447,1.2103145,0.0,True,1.4872388446515687,1.3555235998601805
544,3072,385.686,1207,3777.293,3.077811,5,45.089153,1.320195235355991,0.974853316126948,3097.3420299358695,1.0227202,0.92877024,0.0,True,1.2309527247491936,0.9610283932888636
545,25297,440.33676,1207,3308.4883,2.0746889,4,128.78055,1.507150655573756,1.2508685047934873,4464.363113271933,1.0884995,1.0934304,0.0,True,1.3815553089016293,1.2036370733554411
546,14647,419.0506,1207,3476.5469,4.0440454,6,125.33765,1.4343358750213342,1.176267580500561,4019.5867224378217,1.0323128,1.019311,0.0,True,1.3137289525149338,1.1291806063503926
547,58045,508.01877,1207,2867.707,2.4976742,5,30.285078,1.7386460051894668,1.3776135432859014,5572.462107837559,1.1257118,1.1687869,0.0,True,1.5547657436326265,1.314965550300131
548,76864,488.19269,1207,2984.168,3.1935592,5,85.019516,1.6708385501466256,1.4058600294714336,5492.079363049906,1.1453741,1.2035273,0.0,True,1.5131992151026379,1.3451602106300036
549,119032,534.02637,1207,2728.0469,3.1424947,5,27.937296,1.827589339807404,1.4770608825528213,6241.254004461252,1.1610322,1.2451193,0.0,True,1.6276221978651826,1.4074784077869749
550,14756,462.17593,1207,3152.1523,3.4803433,5,60.893238,1.581852788660284,1.1914758095016973,4436.67659865524,1.0853177,0.92006558,0.0,True,1.4328922620621989,1.110052740651188
551,7352,461.81482,1207,3154.6172,4.4624357,5,24.726097,1.5806175711183,1.1049063661820069,4111.537186302499,1.0850933,0.83563679,0.0,True,1.4319602897828099,1.0241254933274049
552,6816,448.60846,1207,3247.4844,4.4687414,5,27.212532,1.535445011403732,1.0915859802130627,3960.0110828197444,1.0672815,0.87039554,0.0,True,1.3949959579826121,1.0252288481491438
553,11293,418.00604,1207,3485.2344,3.9784245,6,49.559864,1.430762615674544,1.1440301776740707,3900.8806152582697,1.0317285,0.95324355,0.0,True,1.311052380972181,1.0867941893718496
554,111871,532.51208,1207,2735.8047,2.409781,4,15.970267,1.8224107116238966,1.468692863219829,6190.516606901177,1.161136,1.2445955,0.0,True,1.6240282981367276,1.4014636542538803
555,3089,388.27063,1207,3752.1484,3.1147366,5,55.711544,1.3290376618074684,0.976313997881672,3120.2398278691003,1.0299642,0.94883746,0.0,True,1.2393156232652278,0.9680710365171703
556,4609,389.93542,1207,3736.1289,3.0201616,5,56.808563,1.3347331633251729,1.0254509742595537,3289.573202762536,1.0321226,0.96884465,0.0,True,1.2439499943276209,1.0084690769816875
557,0,299.80896,1207,4859.2578,3.9073539,4,121.84009,1.0263608343532509,0.0,207.81173533060942,0.93108046,0.0,0.0,True,0.9977767220472755,0.0
558,37947,451.22839,1207,3228.6289,4.0926261,6,124.37465,1.5444066050465433,1.3048272809878847,4757.751436640862,1.0278937,1.0946487,0.0,True,1.3894527335325801,1.2417737066915193
559,5,300.26611,1207,4851.8594,3.9280863,4,120.90253,1.0279252447267526,0.21109982586246265,584.2908708663591,0.93117213,0.13300991,0.0,True,0.9988993103087268,0.18767285110372386
560,2324,390.36438,1207,3732.0234,4.0649824,5,62.056847,1.336200681445716,0.9423702504381071,3026.0677191659247,1.0290353,0.91683215,0.0,True,1.244051067012001,0.9347088203066749
561,6749,391.5011,1207,3721.1875,3.0024035,5,41.161339,1.34008953661728,1.0723242659681738,3452.0397772784054,1.029749,0.95066911,0.0,True,1.246987375632096,1.0358277191777217
562,27135,439.74435,1207,3312.9453,3.1033335,5,52.249355,1.5051242660366821,1.259312777598396,4489.197649065219,1.0899792,1.1027521,0.0,True,1.3805807462256774,1.2123445743188772
563,7163,392.30124,1207,3713.5977,3.0305505,5,41.346321,1.3428269189676398,1.0798314856031084,3482.443725819431,1.0318686,0.97280651,0.0,True,1.2495394232773478,1.047723992922176
564,110298,475.51172,1207,3063.75,4.5782051,7,75.614037,1.6274662355424445,1.4462393815011165,5521.147182534263,1.115002,1.1591122,0.0,True,1.4737269648797113,1.3601012270507815
565,17088,419.12357,1207,3475.9414,3.9948678,5,52.371376,1.4345855889389767,1.1951940870967293,4084.8825811512015,1.032692,1.0261387,0.0,True,1.3140175122572837,1.1444774709677106
566,8488,392.25958,1207,3713.9922,3.0415325,5,50.317787,1.3426843607514163,1.1004609609306124,3548.6328854097364,1.03187,0.98235726,0.0,True,1.2494400525259914,1.0650298506514286
567,3029,341.03329,1207,4271.8672,3.1438329,4,50.634521,1.1674215360772673,0.9588314005530421,2733.943800284538,0.96083504,0.79946083,0.0,True,1.1054455872540871,0.9110202293871295
568,94462,473.78406,1207,3074.9219,2.9047914,5,67.402832,1.6215571190202291,1.4262885115114685,5427.657914913848,1.115301,1.1743832,0.0,True,1.4696802833141605,1.350716918058028
569,5486,346.01599,1207,4210.3516,4.6953092,6,40.860214,1.1844701215383466,1.0316466317488533,2979.3081116178987,0.9968549,0.89528584,0.0,True,1.1281855550768425,0.9907383942241974
570,96356,473.61682,1207,3076.0078,2.0875471,4,51.598667,1.6209850448118583,1.4286973557403206,5435.144075388143,1.1152991,1.1710532,0.0,True,1.4692792613683008,1.3514041090182243
571,22128,449.13629,1207,3243.668,5.1570678,6,128.10919,1.537250455565464,1.2373739580874334,4493.469094560078,1.0419958,0.98896432,0.0,True,1.3886740588958248,1.1628510666612035
572,45916,458.54486,1207,3177.1133,3.0359576,5,44.896881,1.5694327759926798,1.3310635025608721,4922.301374979087,1.0606631,1.0496916,0.0,True,1.416801873194876,1.2466519317926106
573,102143,473.58554,1207,3076.2109,3.0146716,5,79.781784,1.6208780924056403,1.4359466327884969,5462.406017523843,1.1152987,1.1681441,0.0,True,1.4692042746839482,1.3556058729519478
574,50611,439.41071,1207,3315.4609,2.9939408,5,137.11423,1.5039829441891084,1.3360801098233839,4759.68087736868,1.1388144,1.1878533,0.0,True,1.394432380932376,1.2916120668763686
575,104568,473.60718,1207,3076.0703,5.4717793,7,104.43135,1.6209521308250332,1.4388759162391558,5473.768018609907,1.115299,1.1617149,0.0,True,1.469256191577523,1.355727611367409
576,44973,458.49188,1207,3177.4805,3.0316052,5,111.35846,1.5692515213143308,1.3284714244065672,4912.218757408472,1.0603343,1.03055,0.0,True,1.4165763549200314,1.239094997084597
577,119299,532.95721,1207,2733.5195,1.739067,4,52.651676,1.823933118230102,1.4769703797885438,6229.95267018,1.1612154,1.245214,0.0,True,1.6251178027610713,1.4074434658519808
578,4398,390.16672,1207,3733.9141,3.0385628,4,56.5858,1.3355244467784335,1.019829415543041,3273.2490038326528,1.0332932,0.98232555,0.0,True,1.2448550727449035,1.0085782558801286
579,8551,417.46701,1207,3489.7344,4.0440931,6,122.58882,1.4289187091705053,1.1097612075560799,3779.76191244689,1.0311795,0.93305957,0.0,True,1.3095969464193535,1.056750716289256
580,120714,533.51227,1207,2730.6758,2.03475,4,49.960472,1.8258311548022816,1.4786544446325869,6242.731617462986,1.1614536,1.2451807,0.0,True,1.626517888361597,1.4086123212428108
581,0,309.82755,1207,4702.1289,1.9638456,2,70.104698,1.0606436850857233,0.0,214.75609274229546,0.93254554,0.0,0.0,True,1.0222142415600062,0.0
582,17,297.95364,1207,4889.5156,4.0005603,4,121.89925,1.0200120002917397,0.3402253810402505,877.3063116005251,0.93080986,0.21455836,0.0,True,0.9932513582042177,0.30252527472817536
583,0,308.52652,1207,4721.957,1.9882679,2,39.303215,1.0561917925193325,0.0,213.85428746597157,0.93137968,0.0,0.0,True,1.0187481587635328,0.0
584,11967,413.06848,1207,3526.8945,3.0196056,4,39.837948,1.4138718546599365,1.149463209754811,3878.744111790019,1.0341468,0.99451089,0.0,True,1.2999543382619554,1.1029775138283677
585,10136,412.3551,1207,3532.9961,2.0124815,4,30.117327,1.4114314331532782,1.1288984503520483,3803.582418582664,1.0331497,0.96820927,0.0,True,1.2979469132072947,1.080691696246434
586,9425,411.68283,1207,3538.7656,2.0308127,4,11.378421,1.4091315764065966,1.119774948315326,3767.4467465068988,1.0322733,0.95733857,0.0,True,1.2960740934846176,1.0710440348207282
587,9341,411.4975,1207,3540.3594,2.0196528,4,43.755817,1.4084975713120045,1.1186180353594513,3762.0676163666044,1.0316437,0.94996947,0.0,True,1.295441409918403,1.0680234657516159
588,129376,533.9339,1207,2728.5195,1.9990946,4,70.325142,1.827273019516707,1.4875598510589136,6284.665569399058,1.1616247,1.2474117,0.0,True,1.627578523661695,1.4155154057412396
589,8944,392.25214,1207,3714.0625,3.0183306,5,56.06216,1.342658960018635,1.1068232860744533,3569.087231549391,1.0323453,1.0055988,0.0,True,1.2495648620130444,1.0764559402521172
590,227,309.93723,1207,4700.4648,3.075269,3,42.566315,1.0610190238136923,0.6420660481391794,1684.1127463716514,0.93247354,0.72923297,0.0,True,1.0224553786695845,0.6682161246974256
591,6,252.45265,1207,5770.7812,2.1923168,2,23.885098,0.8642982366305948,0.22467285778736568,524.96052771716,0.84295017,0.14339364,0.0,True,0.8578938166414164,0.20028909245115598
592,764,318.98956,1207,4567.0742,2.095983,3,33.526089,1.0919946565136214,0.7879021599929131,2118.4677782053964,0.93368691,0.75375283,0.0,True,1.044502332559535,0.7776573609950392
593,8809,392.07443,1207,3715.7461,2.0087478,4,16.974178,1.3420509301628343,1.1049125434401301,3561.508542163203,1.0330567,1.0174415,0.0,True,1.249352661113984,1.0786712304080912
594,6412,417.29514,1207,3491.1719,3.9966245,5,53.027599,1.4283306846749366,1.0744260092291888,3658.1086721610905,1.0309346,0.9119581,0.0,True,1.3091118592724555,1.025685636460432
595,8330,391.94382,1207,3716.9844,3.011699,4,39.208038,1.3416040711583113,1.0980680530462084,3538.4134654257805,1.0337768,1.0233868,0.0,True,1.249255889810818,1.0756636771323458
596,456,370.51352,1207,3931.9727,2.9983296,3,39.11594,1.268286536816651,0.7399052347806723,2270.087867985675,1.0329522,0.7902233,0.0,True,1.1976862357716556,0.7550006543464707
597,37,297.22467,1207,4901.5078,2.9838035,3,13.57542,1.0175174212253213,0.4280565634377037,1088.900901295541,0.93157697,0.27004215,0.0,True,0.9917352858577249,0.3806522394063926
598,2430,334.21213,1207,4359.0547,3.0463805,4,73.252876,1.1440820982168027,0.9302396436995412,2605.674592211279,0.936158,0.87718058,0.0,True,1.0817048687517619,0.9143219245896788
599,129159,533.89642,1207,2728.7109,2.004848,4,13.822909,1.8271449429576192,1.4873345282641215,6283.328178618393,1.1616242,1.2468865,0.0,True,1.6274887200703336,1.4152001197848851
600,109799,476.02579,1207,3060.4414,2.9703605,5,57.699684,1.629224517280314,1.4458689956755988,5524.957589469058,1.1137776,1.1592549,0.0,True,1.4745904420962197,1.3598847669729193
601,9353,392.27609,1207,3713.8359,2.9788938,5,51.31377,1.342740838370782,1.1122701714678025,3586.841640385456,1.0318704,0.99895018,0.0,True,1.2494797068595473,1.0782741740274617
602,37690,451.2251,1207,3228.6523,4.0352225,6,52.931854,1.5443954187252675,1.30398516713971,4754.6505447752315,1.0278937,1.0940471,0.0,True,1.3894449031076872,1.241003746997797
603,98134,475.62027,1207,3063.0508,3.088639,5,83.759941,1.62783749346479,1.4317253190411656,5466.8314879195,1.1131847,1.1427149,0.0,True,1.4734416554253529,1.3450221933288158
604,95676,475.97717,1207,3060.7539,2.9766216,5,102.31572,1.6290582836623761,1.4286990348185857,5458.86015357714,1.1126137,1.1168578,0.0,True,1.4741249085636634,1.33514666437301
605,33711,448.48492,1207,3248.3789,4.1225619,6,46.605698,1.5350224589552464,1.2892076849958816,4675.741782553383,1.0233481,1.0748641,0.0,True,1.3815201512686726,1.2249046094971172
606,0,330.36353,1207,4409.8359,1.9737018,3,37.621326,1.1309134620383883,0.0,228.99054937933093,0.92258531,0.0,0.0,True,1.0684150164268718,0.0
607,31874,446.77325,1207,3260.8242,2.6690836,5,12.987973,1.5291674652940999,1.281673420650132,4632.863759806974,1.0189818,1.0597968,0.0,True,1.3761117657058697,1.2151104344550925
608,0,326.48904,1207,4462.168,2.0664129,3,67.377014,1.1176561033577253,0.0,226.3049575597232,0.92050058,0.0,0.0,True,1.0585094463504077,0.0
609,4396,348.65359,1207,4178.5,2.5066624,4,54.425854,1.193494704368915,1.006026612276776,2924.8219040787067,0.95178568,0.91792822,0.0,True,1.1209819970582404,0.9795970945937432
610,18,263.37601,1207,5531.4414,4.0562258,4,78.349678,0.9016820186465243,0.34163195051361367,789.0040132368787,0.85143429,0.21713521,0.0,True,0.8866077000525671,0.3042829283595295
611,130447,533.89337,1207,2728.7266,2.0366669,4,40.870625,1.8271344379969232,1.488587475991264,6288.589924830601,1.1616242,1.2472904,0.0,True,1.6274813665978463,1.4161983531938849
612,92911,476.37479,1207,3058.1992,2.9607739,4,111.74966,1.6304182458495673,1.4251940081231234,5449.450752593873,1.1126267,1.110186,0.0,True,1.4750807820946972,1.3306916056861864
613,2103,319.9726,1207,4553.043,3.0223126,5,73.133453,1.09535839982504,0.9082864493478993,2448.4529720188307,0.93478304,0.83631873,0.0,True,1.047185791877528,0.8866961335435295
614,165877,536.15833,1207,2717.1992,1.9938424,4,20.732052,1.8348801410408804,1.51976582821167,6444.094413304436,1.1624045,1.2540621,0.0,True,1.6331374487286163,1.440054709748169
615,2205,312.77063,1207,4657.8828,2.9283772,3,101.76608,1.0707146135980605,0.9114445980528479,2408.142875210245,0.93925905,0.86546707,0.0,True,1.0312779445186424,0.8976513396369936
616,0,251.51575,1207,5792.2773,0.94208074,1,30.975946,0.8610917899311187,0.0,174.33743297892005,0.85795331,0.0,0.0,True,0.8601502459517831,0.0
617,3597,336.10242,1207,4334.5391,3.1391041,5,73.172852,1.1505498962558067,0.977680282925276,2752.144856600728,0.93813324,0.90422672,0.0,True,1.0868248993790646,0.9556442140476932
618,44833,416.37222,1207,3498.9102,3.980181,5,47.036015,1.4251735481859116,1.3124173796103844,4459.656408435578,1.0391668,1.0993657,0.0,True,1.309371523730138,1.248501875727269
619,42168,416.17337,1207,3500.582,4.068305,6,72.759895,1.4244933056854199,1.304832069540212,4432.023465877886,1.0388119,1.0903099,0.0,True,1.3087888839797939,1.2404754186781484
620,151638,533.10657,1207,2732.7539,2.006202,4,66.90461,1.8244437320719238,1.5073304645335928,6359.5693173381205,1.1629099,1.2557737,0.0,True,1.6259835824503468,1.4318634351735149
621,26907,446.478,1207,3262.9805,2.3645358,4,33.676949,1.5281575530433487,1.260632979595007,4554.172075914444,1.0189785,1.0324767,0.0,True,1.3754038371303439,1.192186095716505
622,0,341.25641,1207,4269.0742,1.7186902,2,28.535521,1.1681849525382277,0.0,236.54091843950874,0.94463247,0.0,0.0,True,1.1011192077767595,0.0
623,0,310.13852,1207,4697.4141,2.0751026,2,16.097969,1.0617078013223498,0.0,214.97164072103422,0.91181779,0.0,0.0,True,1.0167407979256449,0.0
624,26979,446.48547,1207,3262.9258,2.0087805,4,35.032249,1.5281831555296752,1.260965846362994,4555.441330462255,1.0189786,1.0247178,0.0,True,1.3754217888707725,1.1900914324540959
625,581,379.19913,1207,3841.9102,3.0227249,4,159.17358,1.2980023861156407,0.7712721770151983,2414.8110407412546,1.0320816,0.53112179,0.0,True,1.2182261502809484,0.6992270609106389
626,35367,440.31909,1207,3308.6211,3.1940079,5,330.30804,1.507090198758852,1.2922039731213977,4611.72206222624,1.0913258,1.10939,0.0,True,1.3823608791311965,1.2373597811849784
627,1838,326.29224,1207,4464.8594,3.0257444,4,40.967731,1.1169826862278782,0.8943815726793318,2452.908717589968,0.91745675,0.86359465,0.0,True,1.0571249053595149,0.8851454958755323
628,0,326.2269,1207,4465.7539,0.99737096,2,37.948578,1.1167590523762396,0.0,226.1232559578112,0.91711241,0.0,0.0,True,1.0568650596633677,0.0
629,26329,446.49405,1207,3262.8633,1.9933997,4,56.581039,1.5282124098776966,1.2579548582745235,4544.640684169415,1.0189787,0.99598122,0.0,True,1.3754422969143876,1.1793627667921665
630,342,312.96881,1207,4654.9336,3.9926066,4,57.080288,1.0713926888745522,0.6911560862117717,1827.9386691445802,0.92967516,0.48132449,0.0,True,1.0288774302121864,0.6282066073482402
631,922,378.02225,1207,3853.8711,4.4886174,5,31.141459,1.2939759868047065,0.8268285815058546,2581.4051019241506,0.98782021,0.51414984,0.0,True,1.2021292537632946,0.7330249590540981
632,76992,473.18655,1207,3078.8047,3.0158906,5,95.583908,1.619513438035929,1.4006088283996556,5324.05031702823,1.1155064,1.1742067,0.0,True,1.4683113266251502,1.332688189879759
633,346,336.83731,1207,4325.082,5.7533789,6,23.264826,1.1530644927954332,0.6986036994321525,1971.2401408625635,0.98287696,0.71228594,0.0,True,1.1020082329568033,0.7027083716025068
634,2819,345.95532,1207,4211.0898,5.269341,6,18.019228,1.1842625836302492,0.9518706388338506,2748.5619862556428,0.99685383,0.75699061,0.0,True,1.1280399575411744,0.8934066301836954
635,13329,360.3045,1207,4043.3828,2.647366,5,19.191927,1.233357844803772,1.1435413282752764,3422.1171690230885,1.0075247,0.95136029,0.0,True,1.1656079013626406,1.0858870167926935
636,11666,361.57599,1207,4029.1641,3.9017353,5,29.286287,1.2377081378588008,1.1279756235673766,3386.0164435111233,1.0062624,0.87109011,0.0,True,1.1682744165011605,1.0509099694971638
637,155,291.96262,1207,4989.8477,4.013597,5,17.954178,0.9995105843502093,0.5930010938307357,1476.234772693502,0.91213232,0.46224326,0.0,True,0.9732971050451465,0.553773743681515
638,2963,340.90332,1207,4273.4961,3.7440279,6,28.828974,1.1669767659510317,0.9561536714403328,2725.3966971463833,0.96033776,0.84161705,0.0,True,1.1049850641657222,0.921792685008233
639,47431,458.54092,1207,3177.1406,2.5082564,5,23.407385,1.569419298918157,1.3350872528112296,4937.14377371434,1.0609924,1.055148,0.0,True,1.4168912292427098,1.2511054769678607
640,1134,335.32578,1207,4344.5781,4.0014024,5,55.530037,1.1478925483046651,0.839688875443888,2359.1069305634414,0.95742685,0.84689742,0.0,True,1.0907528388132657,0.8418514388107217
641,1543,341.48514,1207,4266.2148,2.6097488,3,16.239351,1.1689675532764305,0.8783310278936282,2507.449979458072,1.0030637,0.88528502,0.0,True,1.1191963972935013,0.8804172255255398
642,3341,317.3493,1207,4590.6797,3.0107222,5,66.979927,1.0863820117075114,0.962275204293278,2575.170210118698,1.0886364,0.98721373,0.0,True,1.087058328195258,0.9697567620052946
643,5024,341.29422,1207,4268.6016,2.0803552,4,47.740913,1.1683142280502703,1.0194308118493642,2908.638938433967,0.9952603,0.92039216,0.0,True,1.116398049635189,0.989719216294555
644,305,317.04419,1207,4595.0977,3.0594223,4,50.539196,1.0853379539038834,0.6786807801000202,1815.6638053871075,1.0881411,0.93953574,0.0,True,1.0861788977327185,0.7569372680700142
645,6688,318.21469,1207,4578.1953,2.2396595,4,18.745043,1.0893432015037108,1.0449012130775637,2802.952459466367,1.0878737,0.95688218,0.0,True,1.0889023510525977,1.0184955031542946
646,4106,339.24896,1207,4294.3359,2.0539458,4,27.191292,1.1613162303287898,0.9945847730815037,2822.7859619589526,0.99731255,0.89300263,0.0,True,1.1121151262301527,0.9641101301570526
647,63085,426.47708,1207,3416.0078,4.0442543,6,104.98827,1.4597405575301055,1.358253733049925,4713.539839153804,1.1331519,1.1760458,0.0,True,1.3617639602710738,1.3035913531349475
648,2235,243.98361,1207,5971.0938,5.6221809,5,53.753239,0.8353132863264677,0.8869784184477648,1881.8189803207329,0.98810476,0.86674923,0.0,True,0.8811507284285274,0.8809096619134353
649,13362,318.88239,1207,4568.6094,1.9590794,4,153.77547,1.0916278716825483,1.1272748782840813,3029.484684696963,1.0875233,0.96715707,0.0,True,1.0903965001777838,1.079239535798857
650,2230,255.41653,1207,5703.8164,5.6362619,5,52.29232,0.8744418435220329,0.8914133232203094,1969.4283159216443,0.97309625,0.77522135,0.0,True,0.904038165465423,0.8565557312542166
651,1510,326.22519,1207,4465.7773,3.9837008,4,102.01043,1.1167532033466057,0.8709863283621438,2388.356127948162,1.0155318,0.80796331,0.0,True,1.086386782342624,0.8520794228535007
652,0,318.26004,1207,4577.543,0.83832395,2,8.5781355,1.0894983651456596,0.0,220.6010494108954,1.0878748,0.99507046,9.73339502935641,True,1.0890112956019617,0.298521138
653,0,215.67197,1207,6754.9297,2.1218505,3,6.5958996,0.7384129823955767,0.0,149.4924179313091,,,,False,0.7384129823955767,0.0
654,0,212.01035,1207,6871.5938,1.8781495,3,32.112503,0.7258800500568202,0.0,146.9543763520272,0.91702765,0.0,0.0,True,0.7832243300397741,0.0
655,15808,318.88239,1207,4568.6094,3.010066,5,51.623322,1.0916278716825483,1.1472199745963896,3083.081839454351,1.0875233,0.97400862,0.0,True,1.0903965001777838,1.0952565682174726
656,2712,338.68396,1207,4301.5,2.0120213,4,75.785339,1.1593829700509466,0.9448329163078271,2677.695958133124,0.99596041,0.78466737,0.0,True,1.1103562020356625,0.8967832524154788
657,5976,317.50436,1207,4588.4375,3.0534825,5,38.618217,1.086912655191199,1.031276948146718,2760.967540221188,1.0850174,0.91961074,0.0,True,1.0863440786338394,0.9977770857027026
658,3276,316.9577,1207,4596.3516,2.0266819,4,15.629495,1.0850419988793918,0.9598055244560528,2565.7690186747777,1.0840354,0.86860466,0.0,True,1.0847400192155743,0.932445265119237
659,1113,316.97116,1207,4596.1562,2.9698117,4,63.092434,1.0850881080582362,0.8318735793920835,2224.062910771184,1.0840358,0.54139864,0.0,True,1.0847724156407654,0.7447310975744584
660,0,251.02161,1207,5803.6797,3.0345554,3,41.247654,0.8594005989710816,0.0,173.99492123111818,0.97080821,0.0,0.0,True,0.892822882279757,0.0
661,0,226.61797,1207,6428.6562,3.01687,3,14.820586,0.7758779907428808,0.0,157.07960696971827,0.88238549,0.0,0.0,True,0.8078302405200165,0.0
662,478,280.03812,1207,5202.3242,2.9733984,4,40.734894,0.958703651016639,0.7212089795135899,1728.895453818823,0.97587365,0.79838955,0.0,True,0.9638546507116473,0.7443631506595129
663,45,279.81393,1207,5206.4922,3.9973452,4,109.49129,0.9579364660686732,0.44736329452255763,1077.3249315145663,0.97651768,0.19660237,0.0,True,0.9635108302480713,0.37213501716579034
664,0,362.1286,1207,4023.0156,1.0023772,2,100.57362,1.2395988258068487,0.0,251.00841809012022,,,,False,1.2395988258068487,0.0
665,45462,425.73563,1207,3421.957,4.0002193,6,109.237,1.4572042264591083,1.317712174997565,4565.876728732127,1.1327132,1.17119,0.0,True,1.3598569185213758,1.2737555224982955
666,4446,362.12894,1207,4023.0117,1.9958789,4,41.675617,1.2396000269053253,1.011981579499753,3041.9590836630564,1.0894663,1.0672486,0.0,True,1.1945599088337278,1.0285616856498272
667,1328,337.96579,1207,4310.6406,3.0040679,4,109.43565,1.1569256690701861,0.8593284930334745,2430.965696491233,0.99563205,0.5717631,0.0,True,1.1085375833491302,0.7730588751234321
668,2943,280.27591,1207,5197.9102,3.069813,5,69.179138,0.9595174569772856,0.9334940064700635,2238.8058784867435,0.9762612,0.87148905,0.0,True,0.9645405798841,0.9148925195290445
669,7338,362.12509,1207,4023.0547,3.0188563,5,53.397236,1.2395867841533306,1.072334513313158,3223.3095098859712,1.0894662,1.0631201,0.0,True,1.1945506089073314,1.0695701893192107
670,0,278.91306,1207,5223.3086,1.9972073,2,62.029476,0.9548535777607946,0.0,193.32780116034684,0.97571385,0.0,0.0,True,0.9611116594325562,0.0
671,13650,362.56583,1207,4018.1641,3.9723454,6,52.770542,1.2410947631750278,1.1472699392252517,3452.2217845320806,1.0893636,1.0598582,0.0,True,1.1955754142225195,1.1210464174576762
672,19021,362.55209,1207,4018.3164,3.0467672,5,65.789902,1.2410477472903,1.1872416707767126,3572.372232800539,1.0893632,1.0308286,0.0,True,1.1955423831032101,1.140317749543699
673,22351,363.26224,1207,4010.4609,3.0008378,5,100.30617,1.2434774408927571,1.2069636221996713,3637.96810145396,1.0887425,1.02429,0.0,True,1.19705695862493,1.1521615355397699
674,2228,279.89099,1207,5205.0586,3.010469,4,59.165298,0.9582002037799706,0.9008345609447097,2157.891481451372,0.97752053,0.86810189,0.0,True,0.9639963016459794,0.8910147596612967
675,0,228.11299,1207,6386.5234,0.98056203,1,58.848404,0.780994965380302,0.0,158.115875867599,0.88646305,0.0,0.0,True,0.8126353907662114,0.0
676,0,331.96466,1207,4388.5664,2.0,2,87.35247,1.1363920180353608,0.0,230.10036812454084,0.9508211,0.0,0.0,True,1.0807207426247525,0.0
677,43973,458.49866,1207,3177.4336,1.9576054,4,52.489182,1.5692746694298787,1.3256856788810734,4901.9818307196365,1.0603344,1.020545,0.0,True,1.4165925886009152,1.2341434752167513
678,47827,439.3905,1207,3315.6133,3.0167165,5,185.88216,1.5039138562695806,1.329093961267579,4734.602870155188,1.1388142,1.1864909,0.0,True,1.3943839593887064,1.286313042887305
679,0,333.19934,1207,4372.3047,1.9972031,2,52.542736,1.140616613107507,0.0,230.95618308543462,0.95334852,0.0,0.0,True,1.0844361851752549,0.0
680,42446,458.49356,1207,3177.4688,2.0193684,4,159.14407,1.5692572959402051,1.3213015584925873,4885.723457653201,1.0603343,1.0139345,0.0,True,1.4165803971581437,1.229091440944811
681,105099,484.91989,1207,3004.3086,4.6925759,7,450.36066,1.6596448586862471,1.4437451796470309,5606.972093650101,1.1316296,1.2152364,0.0,True,1.5012402810803729,1.3751925457529215
682,17390,363.73767,1207,4005.2188,4.0187101,5,199.84483,1.2451041135099108,1.176903060841927,3551.449353175097,1.08785,0.99684173,0.0,True,1.1979278794569375,1.1228846615893489
683,34476,457.72998,1207,3182.7695,2.7333457,5,91.673744,1.5666454390543019,1.2952474543125287,4782.397947376839,1.0592171,0.91629291,0.0,True,1.414416937338011,1.1815610910187702
684,15786,409.34088,1207,3559.0117,2.2888148,4,96.154144,1.4011199714997424,1.1820551047122148,3957.1005124574303,1.0901024,1.0668008,0.0,True,1.3078147000498195,1.1474788132985503
685,17010,430.10281,1207,3387.2109,1.7620255,3,56.317715,1.4721434454298046,1.1984300684062228,4189.921471770913,1.0603129,1.0617789,0.0,True,1.3485942818008632,1.157434717884356
686,19152,454.32639,1207,3206.6133,3.3777618,5,52.639858,1.5550034064915985,1.2212447055860796,4479.779442434229,1.0482309,1.0581763,0.0,True,1.4029716545441189,1.1723241839102556
687,42539,425.40054,1207,3424.6523,4.0001302,6,123.52657,1.4560580341385232,1.309420573425728,4534.0140730792555,1.1324964,1.1653628,0.0,True,1.3589895438969664,1.2662032413980095
688,0,407.64917,1207,3573.7812,1.0114901,2,89.929321,1.3953327489988059,0.0,282.56087284310183,,,,False,1.3953327489988059,0.0
689,4386,408.72406,1207,3564.3828,3.0205426,5,38.638245,1.3990098347306545,1.0252840873181333,3427.8169815936285,1.0907016,1.0938781,0.0,True,1.3065173643114583,1.0458622911226931
690,44576,439.40189,1207,3315.5273,4.0116024,6,124.96912,1.5039528421105226,1.3204154896509006,4703.795361813395,1.1388143,1.1843966,0.0,True,1.3944112794773658,1.2796098227556303
691,0,304.85785,1207,4778.7812,2.0098834,2,51.81741,1.0436379334018149,0.0,211.31135919906671,0.97671467,0.0,5.00120222568512e-07,True,1.0235609543812705,0.0
692,37301,425.40201,1207,3424.6406,2.9094148,5,45.868275,1.4560630057363613,1.2932781397879414,4478.134228863534,1.1324974,1.160291,0.0,True,1.3589933240154528,1.253381997851559
693,13207,408.75586,1207,3564.1055,4.0158296,6,218.80455,1.3991186215927287,1.160042381775684,3878.542801106403,1.0907855,1.0848317,0.0,True,1.30661868511491,1.1374791772429789
694,0,321.39651,1207,4532.8711,2.0009067,2,45.480148,1.1002307456135298,0.0,222.77508474830626,1.015932,0.0,0.0,True,1.0749411219294709,0.0
695,33493,425.37872,1207,3424.8281,2.1045613,4,23.620621,1.4559833367813952,1.280040353856286,4432.085308538764,1.132497,1.1582818,0.0,True,1.3589374357469768,1.2435127876994
696,0,319.4267,1207,4560.8242,1.9923935,3,54.656776,1.0934904333185242,0.0,221.40971650056747,,,,False,1.0934904333185242,0.0
697,30736,425.38599,1207,3424.7695,1.9483566,4,32.17168,1.4560082350488555,1.269489883495187,4395.621888175458,1.1324971,1.1571065,0.0,True,1.3589548945341987,1.235774868446631
698,242,316.98734,1207,4595.9219,2.5814519,3,68.413452,1.0851434017646644,0.6513323258393731,1742.532733268213,1.0102122,0.75482947,0.0,True,1.0626640412352653,0.6823814690875611
699,249,286.70898,1207,5081.2812,1.8173015,3,22.993887,0.9815322850158769,0.6470025583438882,1584.1969762164756,0.96085441,0.58139032,0.0,True,0.9753289225111138,0.6273188868407217
700,23521,425.31808,1207,3425.3164,3.0620029,5,14.16855,1.4557758984884643,1.2365980790724043,4281.138635235282,1.132496,1.1535747,0.0,True,1.358791928941925,1.211691065350683
701,3582,330.91403,1207,4402.5,3.6730917,4,44.815044,1.1327970511100576,0.9753708793922182,2708.278111561857,1.0176556,0.8727178,0.0,True,1.0982546157770403,0.9445749555745526
702,10,289.22324,1207,5037.1094,3.7615466,4,27.909346,0.9901361958155243,0.28127199778618095,718.6927523492307,0.99650049,0.74175876,0.0,True,0.992045484070867,0.41941802645032666
703,41199,438.78464,1207,3320.1914,2.9799948,5,98.692398,1.501841408539631,1.3104712976033726,4662.621154956819,1.1383878,1.1793618,0.0,True,1.3928053259777418,1.2711384483223607
704,312,323.01407,1207,4510.1719,4.0698838,5,26.060184,1.105765631760228,0.682872270977819,1857.1348284076776,1.0874437,0.93429017,0.0,True,1.1002690522321594,0.7582976406844733
705,4654,331.11703,1207,4399.8008,0.80775237,4,16.308899,1.1334916863148938,1.0066389812078842,2796.5852935752523,1.0459383,0.94019127,0.0,True,1.1072256704204257,0.9867046678455189
706,965,310.75873,1207,4688.0391,2.3658719,4,22.153221,1.063830067347253,0.8130641158318784,2136.2171942149766,1.0556715,0.92815459,0.0,True,1.061382497143077,0.8475912580823148
707,19435,424.35071,1207,3433.125,4.307332,6,14.534849,1.4524666821772858,1.2128176644249733,4190.435145943811,1.132063,1.1501926,0.0,True,1.3563455775241,1.1940301450974813
708,1417,302.19278,1207,4820.9258,3.5770893,5,29.584009,1.0345182195451252,0.8556430746575306,2193.226859388336,0.98314047,0.7582972,0.0,True,1.0191048946815877,0.8264393122602713
709,595,310.38449,1207,4693.6914,5.4072738,5,29.090044,1.0625495132866374,0.755828827044263,1983.9519333626351,1.0144961,0.84019333,0.0,True,1.0481334893006462,0.7811381779309841
710,3725,330.95074,1207,4402.0117,4.2160096,5,47.407452,1.1329226513213506,0.9800479495497885,2721.526713068246,1.0459346,0.88700116,0.0,True,1.1068262359249454,0.9521339126848519
711,0,315.17618,1207,4622.332,4.7545686,4,111.39169,1.0789460210932624,0.0,218.4634805466538,1.0106915,0.0,0.0,True,1.0584696647652838,0.0
712,5,259.03046,1207,5624.2383,3.682761,4,28.794222,0.8868100399540931,0.20749066052432386,504.05000102846634,0.94230676,0.13312738,0.0,True,0.9034590559678652,0.18518167636702668
713,7266,332.81845,1207,4377.3086,3.4246988,5,109.53286,1.1393133180005284,1.0603735184912295,2959.1675270550695,1.0455899,0.89101338,0.0,True,1.1111962926003698,1.0095654769438607
714,16433,423.23492,1207,3442.1758,3.6992483,6,60.810139,1.4486498080656187,1.191826786778606,4108.412677640344,1.1314297,1.1520102,0.0,True,1.353483775645933,1.1798818107450244
715,0,393.64322,1207,3700.9375,2.0010262,3,54.01033,1.3474179922329905,0.0,272.8526880895383,,,,False,1.3474179922329905,0.0
716,35750,438.71085,1207,3320.75,3.0383,5,94.159103,1.5015889283317279,1.2929496644997986,4599.603141254222,1.1383862,1.1778305,0.0,True,1.3926281098322095,1.258413915149859
717,6306,394.09497,1207,3696.6953,4.0255642,6,217.32417,1.3489634065326357,1.0649232339169714,3448.1630825825237,1.0863907,1.0358155,0.0,True,1.270191594572845,1.05619091374188
718,11036,422.67133,1207,3446.7656,4.0060873,6,113.80067,1.4467218681415313,1.1427618694883228,3934.689316296108,1.1312176,1.145905,0.0,True,1.3520705876990717,1.143704808641826
719,9746,395.00446,1207,3688.1836,3.0251648,5,151.84819,1.3520748971986785,1.1182185970941756,3628.0438431099833,1.085265,1.0226684,0.0,True,1.2720319280390748,1.089553537965923
720,2226,288.45349,1207,5050.5508,2.9854968,4,58.209743,0.9875021170720835,0.9039105891646122,2223.647455842065,0.97871882,0.86813837,0.0,True,0.9848671279504584,0.8931789234152285
721,0,234.12218,1207,6222.6016,0.97401863,1,67.10894,0.8015620809553898,0.0,162.281128973548,0.88810831,0.0,0.0,True,0.8275259496687729,0.0
722,4911,371.33026,1207,3923.3242,3.9991751,6,45.559692,1.271080898646346,1.0270652687772297,3156.1735430515923,1.0855879,0.99861902,0.0,True,1.2154329990524422,1.0185313941440608
723,32065,438.82285,1207,3319.9023,4.0086374,6,111.5221,1.5019721114658455,1.279574699166739,4553.042789668651,1.1383878,1.1728119,0.0,True,1.3928968180260919,1.2475458594167173
724,0,327.24478,1207,4451.8633,1.0139328,2,44.868244,1.1202419732132887,0.0,226.82879660995957,1.0623826,0.0,0.0,True,1.102884161249302,0.0
725,12411,371.33618,1207,3923.2617,4.0320568,6,170.83975,1.2711011374386194,1.1390833083491279,3500.4003483424203,1.0855881,0.98868346,0.0,True,1.2154472262070335,1.0939633538443894
726,4546,290.47296,1207,5015.4375,3.0312123,5,60.967274,0.994412907308611,0.9884224368906996,2446.4919064850633,0.9791469,0.90644276,0.0,True,0.9898331051160276,0.9638285338234898
727,0,259.04538,1207,5623.9141,1.9874521,2,23.547422,0.8868611434387612,0.0,179.55657478407966,0.95645696,0.0,0.0,True,0.9077398884071328,0.0
728,39474,415.83554,1207,3503.4258,2.9165194,5,24.070932,1.4233376760147793,1.296614282460938,4400.973885371179,1.0377588,1.0810106,0.0,True,1.3076640132103456,1.2319331777226565
729,3492,380.44623,1207,3829.3164,2.9945252,4,59.490616,1.3022690090576305,0.9887642789941976,3103.9856488991436,1.0338486,0.91607755,0.0,True,1.2217428863403414,0.9669582602959383
730,6204,334.18729,1207,4359.3789,3.0231013,5,44.855267,1.143997053687367,1.0420412173134217,2918.5484507166325,0.93264908,0.93313354,0.0,True,1.0805926615811567,1.009368914119395
731,0,290.89914,1207,5008.0898,1.9806211,2,39.560955,0.9958712938866384,0.0,201.63591871831278,0.93289709,0.0,0.0,True,0.9769790327206469,0.0
732,2223,267.0675,1207,5454.9844,2.908875,3,41.760117,0.9143153518295285,0.8956665404883992,2058.4260130314265,0.85485584,0.8593381,0.0,True,0.89647749828067,0.8847680083418794
733,0,219.05624,1207,6650.5703,0.99380273,1,30.113907,0.7499965256457717,0.0,151.83821514006272,0.78362167,0.0,0.0,True,0.7600840689520402,0.0
734,690,320.23114,1207,4549.3672,4.0427165,5,163.15965,1.0962430391496976,0.7761874984364011,2094.1790656954354,0.93583119,0.52419579,0.0,True,1.0481194844047883,0.7005899859054808
735,3501,333.61005,1207,4366.9219,2.121428,4,38.020004,1.1420219280217045,0.9735865323900305,2722.7167295576646,0.93371189,0.84892911,0.0,True,1.0795289166151931,0.9361893056730213
736,147898,533.06689,1207,2732.957,3.0027781,5,94.538353,1.8243082474840553,1.504160861723657,6345.7837268248895,1.1629093,1.2559805,0.0,True,1.6258885632388385,1.42970675320656
737,892,344.25201,1207,4231.9258,4.0392327,5,139.17293,1.1784345893861081,0.8136137065532658,2339.43537247209,0.988078,0.6568749,0.0,True,1.1213276125702758,0.7665920645872861
738,20816,423.02753,1207,3443.8633,3.0658665,5,62.896927,1.4479403787185199,1.2207804518244696,4206.405242352191,1.0347424,0.98570597,0.0,True,1.3239809851029638,1.1502581072771287
739,106533,471.68326,1207,3088.6172,3.0407357,5,41.84581,1.6143715927078413,1.4404643891390725,5460.31336183231,1.1053803,1.1508976,0.0,True,1.4616742048954887,1.3535943523973508
740,0,337.78976,1207,4312.8867,2.0240283,3,92.205162,1.1563234352397362,0.0,234.1380197660206,1.0098619,0.0,0.0,True,1.1123849746678154,0.0
741,36300,415.50708,1207,3506.1953,3.0784647,5,108.88348,1.4222140402543293,1.2862204930793963,4362.66981921351,1.0368203,1.0691936,0.0,True,1.3065959181780304,1.2211124251555774
742,29834,416.85342,1207,3494.8711,2.9504569,5,48.017887,1.426819710802108,1.2626901186211958,4295.037123001547,1.0372252,1.0626875,0.0,True,1.3099413575614753,1.202689333034837
743,38061,459.9462,1207,3167.4336,3.1016197,5,35.726131,1.5742259473788154,1.3082937332796127,4851.051633411003,1.1280832,1.1226448,0.0,True,1.4403831231651707,1.252599053295729
744,23936,416.40524,1207,3498.6328,2.0605078,4,52.846207,1.4252864829508107,1.235534814330941,4198.706657367184,1.0368506,1.0373511,0.0,True,1.3087557180655676,1.1760797000316587
745,93906,470.95181,1207,3093.4141,4.0057397,6,80.234543,1.6118698340277797,1.4244911967814764,5392.431595479048,1.1039202,1.1457185,0.0,True,1.4594849438194457,1.3408593877470336
746,21770,415.25864,1207,3508.293,2.0041161,4,51.734657,1.421364145846016,1.2234998355082947,4147.761102723205,1.0357628,1.0245546,0.0,True,1.3056837420922112,1.1638162648558064
747,35264,453.62955,1207,3211.5391,3.6890597,6,43.127052,1.55261985504214,1.2966039249712393,4749.8074097016315,1.1177402,1.1132776,0.0,True,1.422155958529498,1.2416060274798675
748,3814,313.32849,1207,4649.5898,4.0989265,5,80.531219,1.0726235171498246,0.9764974384495797,2584.0069074379576,0.93654734,0.92830884,0.0,True,1.0318006640048774,0.9620408589147058
749,9517,419.6409,1207,3471.6562,3.0036604,4,40.657631,1.4363553340754474,1.1235935489218485,3844.34920241723,1.0307722,0.71462488,0.0,True,1.314680393852813,1.000902948245294
750,11795,420.65475,1207,3463.2891,2.0002956,4,64.405815,1.4398234801287573,1.1502514969423423,3943.89090160769,1.032089,0.90055913,0.0,True,1.3175031360901301,1.0753437868596396
751,16549,420.9971,1207,3460.4727,2.0242863,4,51.258659,1.4409946428210825,1.191915234000113,4089.6507874317417,1.0325292,0.94870877,0.0,True,1.3184550099747576,1.118953294800079
752,3310,361.44214,1207,4030.6562,2.9838748,4,65.396072,1.237250180566905,0.9762210596565936,2929.5996937622645,0.94918346,0.78648829,0.0,True,1.1508301643968335,0.9193012287596154
753,19959,446.80109,1207,3260.6211,1.9925883,4,140.3663,1.5292626568295808,1.2238269814167446,4424.01692056256,1.0189835,0.98182827,0.0,True,1.3761789097807067,1.1512273679917213
754,1596,317.14636,1207,4593.6172,3.9873285,5,66.349014,1.085687600702306,0.8746372281746556,2339.432701774781,0.93764514,0.79806459,0.0,True,1.0412748624916142,0.8516654367222589
755,0,293.10486,1207,4970.4023,1.7820318,2,24.391123,1.003419335481815,0.0,203.16480731741746,0.94518763,0.0,0.0,True,0.9859498238372706,0.0
756,4396,327.93277,1207,4442.5234,2.6451786,4,14.146827,1.1225960946935838,0.9986933838506875,2750.9969100309695,0.98902112,0.92050111,0.0,True,1.0825236022855087,0.9752357016954812
757,706,372.17438,1207,3914.4258,3.9972329,5,51.388199,1.2739688855114397,0.7930472573951395,2442.373561855122,1.0377768,0.87957966,0.0,True,1.2031112598580078,0.8190069781765976
758,0,309.82935,1207,4702.1016,1.5615077,2,51.880253,1.0606498404741618,0.0,214.75734040722045,0.96699846,0.0,0.0,True,1.0325544263319133,0.0
759,5548,334.79929,1207,4351.4102,3.0028372,5,78.654839,1.1460910831729683,1.0289330669524532,2886.489892313936,0.93495184,0.88989657,0.0,True,1.082749310221078,0.9872221178667173
760,33988,425.1416,1207,3426.7383,3.0854962,5,48.502632,1.4551721872778243,1.2817549846363308,4435.851627287924,1.0368937,1.0431168,0.0,True,1.329688641094477,1.2101635292454316
761,33423,424.04578,1207,3435.5938,3.0619371,5,66.473961,1.4514235543519565,1.2792904897824098,4417.310079414763,1.0337374,1.0361663,0.0,True,1.3261177080463695,1.206353232847687
762,133140,530.97156,1207,2743.7422,3.0839126,5,69.490562,1.817142414759204,1.4901375890458513,6265.024501685599,1.1633298,1.2580917,0.0,True,1.6209986303314428,1.420523822332096
763,5638,334.33197,1207,4357.4922,3.0732741,5,41.973499,1.1444921524608416,1.0306815471903503,2887.838978193554,0.93501347,0.92540151,0.0,True,1.081648547722589,0.9990975360332452
764,3291,372.20038,1207,3914.1523,3.9654737,5,60.690395,1.274057858172229,0.9789837874468212,3014.6571817311096,1.0377772,0.95733434,0.0,True,1.2031736607205603,0.9724889532127748
765,29512,423.64597,1207,3438.8359,4.0375967,6,136.33333,1.4500559621614761,1.2638616246348193,4360.426986293187,1.0315751,1.0187298,0.0,True,1.3245117035130334,1.1903220772443734
766,2195,261.52838,1207,5570.5195,3.0286703,3,46.052086,0.8953588429101502,0.8920226365752238,2012.42115071687,0.84981996,0.85901582,0.0,True,0.8816971780371052,0.8821205916026567
767,0,214.86731,1207,6780.2266,1.0021672,1,29.166744,0.7356587896391207,0.0,148.93467012099973,0.77862585,0.0,0.0,True,0.7485489077473844,0.0
768,5671,333.76172,1207,4364.9375,2.0389621,4,39.757744,1.1425408794181846,1.031167909719472,2884.8605345154897,0.93528843,0.9462741,0.0,True,1.0803651445927294,1.0056997668036303
769,130822,528.62866,1207,2755.9023,2.0225029,4,72.479767,1.809130298638298,1.487089862846046,6228.095748756754,1.1640559,1.2591569,0.0,True,1.6156079790468085,1.4187099739922322
770,3634,360.83331,1207,4037.457,3.0286896,5,75.120659,1.2351671552919734,0.9872655041736143,2958.342212151547,0.94701475,0.80880636,0.0,True,1.1487214337043814,0.93372776092153
771,417,316.26828,1207,4606.3711,4.0064692,5,74.050926,1.0826829053793539,0.715456508749977,1909.587050705792,0.93528587,0.47352645,0.0,True,1.0384637947655477,0.6428774911249839
772,3151,379.53525,1207,3838.5078,4.0084753,5,105.55049,1.299152318246626,0.9760313936918021,3057.5775936628497,1.0347936,0.76539934,0.0,True,1.2198447027726382,0.9128417775842614
773,4253,379.53909,1207,3838.4688,2.9989998,5,51.822353,1.2991655111517242,1.0123588250980509,3171.3717207404397,1.0347937,0.8800987,0.0,True,1.2198539678062068,0.9726807875686356
774,16125,446.73096,1207,3261.1328,2.0172741,4,86.347961,1.5290228493349243,1.1974401473134089,4328.041296921904,1.0189662,0.96178955,0.0,True,1.376005854534447,1.1267449681193862
775,5256,379.55377,1207,3838.3203,2.0017729,4,16.904964,1.2992157481276365,1.0380131667186636,3251.8292038053937,1.034794,0.91925389,0.0,True,1.2198892236893455,1.0023853837030645
776,4021,360.86368,1207,4037.1172,3.0306687,5,45.251598,1.2352710665623292,0.9994587675315924,2995.090298631873,0.94688392,0.83522332,0.0,True,1.1487549225936304,0.9501881332721147
777,5814,379.76288,1207,3836.207,3.016973,4,45.366455,1.2999310906405646,1.0503058147297957,3291.924403876359,1.0352353,0.97807193,0.0,True,1.2205223534483953,1.028635649310857
778,2188,326.19836,1207,4466.1445,2.989979,3,38.581688,1.1166614265976065,0.9150795672868632,2509.0058412836106,0.9180333,0.86405748,0.0,True,1.0570729886183245,0.8997729411008042
779,0,257.31516,1207,5661.7305,0.99272627,1,44.082653,0.88093962303013,0.0,178.3572776693312,0.83638388,0.0,0.0,True,0.867572900121091,0.0
780,2496,351.87598,1207,4140.2344,2.9983981,4,45.220993,1.2045201043220173,0.9392036713022034,2752.8122441907453,0.94766134,0.88043177,0.0,True,1.127462475025412,0.9215721009115424
781,72403,470.5549,1207,3096.0234,4.001421,6,80.80484,1.6105122419715259,1.3919935726964359,5265.523747278809,1.1034153,1.1271462,0.0,True,1.4583831593800682,1.3125393608875051
782,2185,309.50665,1207,4707.0039,3.0033343,4,35.817711,1.0595456528745388,0.909237903918199,2380.194663801497,0.93081832,0.86484116,0.0,True,1.020927453012177,0.8959188807427393
783,0,247.01219,1207,5897.8828,0.98659801,1,26.895489,0.8456785974823515,0.0,171.21580306243752,0.84728312,0.0,0.0,True,0.846159954237646,0.0
784,3814,344.76151,1207,4225.6719,4.0062323,5,95.642723,1.1801778211819722,0.9876704543780996,2843.233704214834,0.9866364,0.82249182,0.0,True,1.1221153948273805,0.9381168640646698
785,130329,527.85803,1207,2759.9258,2.0112152,4,20.266573,1.8064948057671386,1.486339902966031,6217.0235388871015,1.1644706,1.2603036,0.0,True,1.613887544036997,1.4185290120762217
786,8230,345.96078,1207,4211.0234,4.0054517,6,39.096878,1.1842812483819218,1.080215163751338,3119.1077609604404,0.98818535,0.91514361,0.0,True,1.1254524788673452,1.0306936976259367
787,5851,333.72141,1207,4365.4648,2.991415,4,81.089577,1.142402936278788,1.0348802216467405,2894.936328827643,0.93551862,0.95779425,0.0,True,1.0803376413951515,1.0117544301527184
788,3420,309.54364,1207,4706.4414,3.0553219,5,35.763012,1.059672232856981,0.9622059679509097,2519.060092119969,0.93081903,0.9122749,0.0,True,1.0210162719998868,0.9472266475656368
789,27255,411.82193,1207,3537.5703,2.9961677,4,57.385647,1.4096074350082124,1.2497522150587363,4205.964406308986,1.0367444,1.1072278,0.0,True,1.2977485245057485,1.2069948905411154
790,0,306.89359,1207,4747.082,3.0547566,3,48.69812,1.050604013915584,0.0,212.72242664041983,0.93035787,0.0,0.0,True,1.0145301707409087,0.0
791,0,247.95238,1207,5875.5195,3.0696604,3,55.188522,0.848896309338361,0.0,171.86749311012818,0.85008061,0.0,0.0,True,0.8492515995368526,0.0
792,34303,411.6142,1207,3539.3555,2.0051713,4,55.846245,1.4088968508285171,1.2778166970469533,4298.506187492257,1.0356165,1.1050787,0.0,True,1.2969127455799618,1.2259952979328672
793,48774,486.94211,1207,2991.832,4.5218792,6,115.19993,1.666561320613264,1.3485888883701649,5256.536993931771,1.0510978,1.0626686,0.0,True,1.4819222644292847,1.2628128018591154
794,37597,439.97314,1207,3311.2227,2.824918,5,119.74456,1.5059068053633247,1.2996217880791172,4634.9994397218225,1.0916559,1.1186934,0.0,True,1.3816315337543272,1.2453432716553818
795,35,340.22101,1207,4282.0664,4.1565804,4,161.56812,1.1646422220753276,0.42850239210455016,1228.5101392669096,0.9503122,0.45485932,0.0,True,1.1003432154527293,0.4364094704731851
796,72471,492.56418,1207,2957.6836,4.2001419,6,77.594971,1.6857898633537212,1.4000637926830275,5512.27064507394,1.0543282,1.1114901,0.0,True,1.4963513643476047,1.3134916848781193
797,795,444.15811,1207,3280.0234,4.3155141,5,170.24023,1.5202221323633003,0.8249963130621892,2967.3557873161194,1.0563724,0.55593377,0.0,True,1.3810672126543102,0.7442775501435325
798,109186,486.72223,1207,2993.1836,2.8097672,5,135.20917,1.6658092717969775,1.4491792829191619,5646.380117710519,1.1315314,1.2049718,0.0,True,1.5055259102578842,1.3759170380434134
799,0,354.31226,1207,4111.7656,1.0049775,2,48.820595,1.212855834959155,0.0,245.59054405682227,1.0064648,0.0,0.0,True,1.1509385244714085,0.0
800,2394,357.1416,1207,4079.1914,2.0277612,4,50.614277,1.2225362945766887,0.9358641138408478,2779.117345770844,1.0094354,0.89585799,0.0,True,1.1586060262036821,0.9238622766885936
801,26971,439.86157,1207,3312.0625,3.9228461,6,182.75771,1.5055252010528615,1.2586063261921547,4487.727978885899,1.0916529,1.1241677,0.0,True,1.3813635107370028,1.2182747383345083
802,4134,357.19498,1207,4078.582,2.9967968,4,108.68906,1.2227188699097946,1.0015639036416126,2974.5356294906787,1.0094372,0.9355523,0.0,True,1.1587343689368563,0.9817604225491288
803,0,278.96231,1207,5222.3867,4.0158639,4,69.367661,0.9550220720863272,0.0,193.36193865898943,0.86065477,0.0,0.0,True,0.9267118814604289,0.0
804,4074,361.33148,1207,4031.8906,2.0222189,4,33.865147,1.2368715729708308,1.0011913614894494,3003.7021239674805,0.94713676,0.86469561,0.0,True,1.1499511290795816,0.9602426360426146
805,87170,492.68848,1207,2956.9375,3.0076005,5,133.47183,1.6862149374950464,1.4232123055133838,5604.646020613687,1.0543433,1.1160834,0.0,True,1.4966534462465324,1.3310736338593685
806,14263,446.73633,1207,3261.0938,2.9946647,4,41.66851,1.529041123983089,1.1822771675163075,4273.285073521081,1.0189662,0.8506096,0.0,True,1.376018646788162,1.0827768972614153
807,4829,351.87631,1207,4140.2305,2.005156,4,33.910049,1.2045212384038622,1.0184135448632503,2984.899446507063,0.94766134,0.91580814,0.0,True,1.1274632688827035,0.9876319234042752
808,2,279.16046,1207,5218.6797,3.9949753,4,69.003471,0.9557001958220592,0.12833394535905115,386.9985715456348,0.86077601,0.081081495,0.0,True,0.9272229400754415,0.1141582102513358
809,4553,361.32764,1207,4031.9336,3.0124872,4,48.532768,1.2368583884509772,1.014575435021725,3043.817105372043,0.94713676,0.89714676,0.0,True,1.149941899915684,0.9793468325152076
810,125142,527.17981,1207,2763.4766,3.0292239,5,106.02443,1.804175313439372,1.4809746285319447,6187.6255957500425,1.1646072,1.2678256,0.0,True,1.6123048794075603,1.4170299199723613
811,88659,492.68781,1207,2956.9414,2.0127258,4,105.96428,1.6862127149980897,1.4253310852887369,5612.98301781838,1.054197,1.11291,0.0,True,1.4966080004986628,1.331604759702116
812,7201,351.8783,1207,4140.207,3.0156198,4,48.336823,1.2045280720191551,1.066379358550953,3125.472045304965,0.94766134,0.94032216,0.0,True,1.1274680524134086,1.028562198985667
813,53876,468.13855,1207,3112.0039,4.0614877,6,80.231537,1.6022473869137572,1.3543608080262106,5100.12490468436,1.1005027,1.0958949,0.0,True,1.45172398083963,1.2768210356183474
814,29272,411.28149,1207,3542.2188,2.0328104,4,43.309719,1.4077586326256857,1.258286305917663,4229.805988183165,1.0344993,1.0865766,0.0,True,1.29578083283798,1.206773394142364
815,7691,361.32974,1207,4031.9102,2.9793148,4,49.908192,1.2368655632478505,1.0777089050069544,3233.20239866563,0.95011389,0.73020869,0.0,True,1.1508400612734953,0.9734588405048681
816,5028,309.78378,1207,4702.793,2.9971876,4,45.059155,1.0604939710661552,1.0078550777251338,2640.341450603687,0.93171036,0.94850278,0.0,True,1.0218588877463086,0.9900493884075937
817,28836,411.28421,1207,3542.1953,2.0100944,4,54.042458,1.4077679668539285,1.2564513219031277,4223.662318164916,1.0344994,1.0817137,0.0,True,1.29578739679775,1.2040300353321893
818,24821,410.90314,1207,3545.4805,3.0958047,5,42.153385,1.4064642812312143,1.2379673952119263,4158.144976546262,1.0323031,1.0577134,0.0,True,1.2942159268618498,1.1838911966483485
819,32207,411.56653,1207,3539.7656,2.9883013,5,45.827698,1.4087337150753987,1.2700842086521096,4272.061073462512,1.0313864,1.058058,0.0,True,1.295529520552779,1.2064763460564767
820,8646,361.32062,1207,4032.0117,2.9912891,4,52.581966,1.2368344424023978,1.0918011392998361,3275.40153974084,0.95011371,0.870193,0.0,True,1.1508182226816785,1.0253186975098854
821,10,335.64899,1207,4340.3945,4.0155225,4,194.87093,1.1489984642377031,0.2862676079173143,834.0564072456261,0.97479659,0.17861301,0.0,True,1.096737901966392,0.25397122854212
822,37472,464.69653,1207,3135.0547,3.1231465,5,39.12495,1.5904742150700302,1.3080247426203246,4893.906261985081,1.0965568,1.0826356,0.0,True,1.442298990549021,1.2404079998342272
823,1821,327.46487,1207,4448.8711,3.9844856,5,39.338638,1.1209950815278045,0.8936577551293797,2458.684434279108,0.93333536,0.82346106,0.0,True,1.0646971650694632,0.8725987465905658
824,25991,410.7886,1207,3546.4688,1.9989728,4,38.021137,1.4060725605405489,1.2435595906027346,4175.905423892883,1.0307182,1.0343019,0.0,True,1.293466252378384,1.1807822834219142
825,29532,453.25134,1207,3214.2188,3.0405416,5,38.822498,1.5513262380078896,1.2745067123452287,4665.450849102078,1.1033065,1.022148,0.0,True,1.4169203166055226,1.1987990986416601
826,23928,410.77414,1207,3546.5938,3.0164173,5,59.674732,1.4060230313241964,1.2334377992204677,4141.789721226355,1.030718,1.0225675,0.0,True,1.2934315219269374,1.1701767094543274
827,252,308.08359,1207,4728.7461,3.9592535,4,51.555229,1.0546760502776187,0.6539065322719387,1705.9618200130894,0.9289248,0.39686728,0.0,True,1.0169506751943331,0.5767947565903571
828,4356,337.97189,1207,4310.5625,2.3085654,4,34.772099,1.1569466208580743,1.0011971557533723,2832.126202947572,0.96472991,0.91871566,0.0,True,1.099281607600652,0.9764527070273606
829,8696,369.70474,1207,3940.5742,3.6191373,4,85.079674,1.2655195206254455,1.0955200108487018,3353.535646771743,0.99652344,0.97265106,0.0,True,1.1848206964378118,1.0586593255940913
830,22791,408.6842,1207,3564.7305,2.3239706,5,43.122887,1.3988734533249005,1.2267177681399413,4100.822575732655,1.0287302,1.0272614,0.0,True,1.2878304773274305,1.1668808576979588
831,0,263.6857,1207,5524.9453,2.3086395,2,28.464895,0.9027418113970205,0.0,182.77299950897557,0.87368882,0.0,0.0,True,0.8940259139779143,0.0
832,1118,339.08456,1207,4296.418,4.0242934,5,78.771332,1.1607537032494861,0.8391099168941908,2380.7411667540387,0.98341316,0.83274835,0.0,True,1.1075515402746403,0.8372014468259336
833,0,370.9122,1207,3927.7461,2.0103679,3,44.207424,1.2696506300023427,0.0,257.0967456652865,,,,False,1.2696506300023427,0.0
834,6059,422.64978,1207,3446.9414,4.0032463,6,124.22205,1.4466481256000026,1.0691559996260616,3681.123238018093,1.1312171,1.1419277,0.0,True,1.3520188179200017,1.090987509738243
835,4368,328.28638,1207,4437.7383,2.9804816,5,53.053871,1.1238060161370884,0.998060802619433,2751.8665840807435,1.063802,0.92556936,0.0,True,1.105804811295962,0.9763133698336031
836,0,233.94844,1207,6227.2227,2.0085855,2,30.625998,0.8009674484128251,0.0,162.16070158239754,0.88694316,0.0,0.0,True,0.8267601618889775,0.0
837,12050,371.68146,1207,3919.6172,4.0415053,6,111.10156,1.2722824174716107,1.1356440403285635,3492.685439004406,1.0834891,0.93375593,0.0,True,1.2156444222301275,1.0750776072299946
838,3255,290.27402,1207,5018.875,2.985636,4,62.567047,0.9937320908435778,0.9491520343102886,2347.89935123599,0.97962683,0.9471314,0.0,True,0.9895005125905045,0.948545844017202
839,6807,327.72098,1207,4445.3945,3.0249131,5,47.345516,1.1218713814603694,1.0506595266246963,2892.465548246212,1.0633761,0.95336121,0.0,True,1.1043227970222587,1.0214700316372873
840,5547,342.06113,1207,4259.0312,3.0052087,5,43.528645,1.1709382957848908,1.031551494172173,2949.0365940635797,1.0912116,1.0180089,0.0,True,1.1470202870494237,1.027488715920521
841,25202,438.88998,1207,3319.3945,3.4032009,6,125.43153,1.5022017443619688,1.2498972697624664,4448.043732002017,1.1383885,1.1685346,0.0,True,1.3930577710533782,1.2254884688337264
842,2177,258.41217,1207,5637.6953,2.9734941,3,50.955704,0.8846940031696834,0.88983254625846,1986.316499131336,0.95512128,0.86656123,0.0,True,0.9058221862187784,0.8828511513809221
843,0,213.49316,1207,6823.8672,0.98346198,1,33.611168,0.7309554178865726,0.0,147.9821819228333,0.86768776,0.0,0.0,True,0.7719751205206009,0.0
844,10624,343.04465,1207,4246.8203,3.5926096,5,172.68385,1.1743035146989504,1.109679638488004,3180.3872264938627,1.0905379,0.97514385,0.0,True,1.1491738302892651,1.0693189019416027
845,0,341.99243,1207,4259.8867,2.0080402,3,14.735492,1.1707032501859445,0.0,237.05108862734446,,,,False,1.1707032501859445,0.0
846,0,422.77386,1207,3445.9297,2.0080402,3,40.989799,1.4470726046456948,0.0,293.04450907344506,,,,False,1.4470726046456948,0.0
847,8285,328.01987,1207,4441.3438,2.0104537,4,80.729774,1.122894116726743,1.0741643496451274,2959.540678626874,1.0641174,0.99638927,0.0,True,1.1052611017087202,1.0508318257515892
848,0,-1.0,1,-1.0,0.0,0,93.277809,1.0,0.0,-0.6931471805599453,1.0910418,0.0,9.762099061389742,True,1.02731254,0.0
849,698,349.24518,1207,4171.4219,2.9996829,4,53.092136,1.1955188646549846,0.7856377536993254,2287.933230806694,1.0096548,0.61207157,0.0,True,1.139759645258489,0.7335678985895278
850,9079,327.96161,1207,4442.1328,2.095753,4,78.428596,1.1226947609698452,1.0850358852877608,2989.0223039011084,1.0644573,1.0078195,0.0,True,1.1052235226788918,1.0618709697014326
851,0,273.96793,1207,5317.5898,3.9850922,4,77.335434,0.937930329066773,0.0,189.90009824334447,0.91183442,0.0,0.0,True,0.9301015563467411,0.0
852,10009,435.16953,1207,3347.7734,4.6036453,5,189.47125,1.4894752617040452,1.1348282156767393,4008.5379142112456,1.1368518,1.1528327,0.0,True,1.3836882231928318,1.1402295609737176
853,17300,402.76956,1207,3617.0781,2.8312788,4,122.95242,1.3786396628506714,1.1908983171465606,3930.4579178667313,1.1101066,1.04491,0.0,True,1.2980797439954699,1.1471018220025924
854,16840,396.00436,1207,3678.8711,2.3340862,4,92.111397,1.3554956085297987,1.1851616930456106,3853.768323964974,1.1098886,1.044991,0.0,True,1.281813505970859,1.1431104851319274
855,49,351.84244,1207,4140.6289,3.0769472,4,52.286961,1.2044053986139693,0.4696685456077746,1383.3831242722706,1.0084549,0.55033398,0.0,True,1.1456202490297787,0.49386817592544224
856,0,425.22061,1207,3426.1016,1.0156451,2,141.26451,1.455442455852023,0.0,294.7404669374801,1.2161795,1.3901397,5.457906128748357,True,1.383663569096416,0.41704191000000007
857,85397,486.5654,1207,2994.1484,2.0250893,4,54.577129,1.6652728588524683,1.4184243685009723,5524.993747371106,1.13135,1.2034541,0.0,True,1.505096001196728,1.3539332879506807
858,3185,349.24683,1207,4171.4023,2.9933546,4,144.79956,1.1955244792993596,0.9675886001522965,2817.3166616923077,1.0096549,0.90237069,0.0,True,1.1397636055095517,0.9480232271066076
859,0,303.11948,1207,4806.1875,2.0158818,2,110.61877,1.0376892772202102,0.0,210.10641293479674,0.93328851,0.0,0.0,True,1.006369047054147,0.0
860,79867,485.98019,1207,2997.7539,2.1672273,4,56.683449,1.6632713142282267,1.4098498732123779,5485.813914628676,1.1311647,1.2020224,0.0,True,1.5036393299597588,1.3475016312486645
861,2438,353.00803,1207,4126.957,3.0070698,4,145.3924,1.2083934542341441,0.9367430378261491,2753.3755533745443,1.0097157,0.88984269,0.0,True,1.148790127963901,0.9226729334783044
862,15683,414.7193,1207,3512.8555,4.0031128,5,80.470535,1.4195191272057268,1.1831416061952356,4006.3792589034233,1.0391629,0.92066759,0.0,True,1.305412259044009,1.104399401336665
863,17687,407.017,1207,3579.332,2.9264693,5,35.843006,1.3931700863294019,1.1951267694692262,3980.910462242867,1.0395545,0.98076582,0.0,True,1.2870854104305813,1.1308184846284584
864,15730,406.51038,1207,3583.793,1.937407,4,100.64509,1.3914368764773228,1.1806197083285752,3928.2935989219127,1.0395471,0.98354673,0.0,True,1.285869943534126,1.1214978148300028
865,81620,494.51306,1207,2946.0273,1.848299,4,21.0163,1.692455362138013,1.415635914570118,5592.870565305028,1.1312648,1.2009565,0.0,True,1.5240981934966091,1.3512320901990826
866,15087,407.34018,1207,3576.4922,2.3593194,4,37.149578,1.3942756705224197,1.175813633013616,3919.313678314261,1.0403707,0.98009902,0.0,True,1.2881041793656938,1.1170992491095313
867,34559,461.32184,1207,3157.9883,2.089859,4,12.3085,1.578931356047821,1.2968009749597607,4821.035196548372,1.0918142,1.071013,0.0,True,1.4327962092334747,1.2290645824718325
868,73094,489.22821,1207,2977.8516,2.061995,4,65.535988,1.6743802314230176,1.3999456509156079,5479.125488663666,1.0528569,1.1143317,0.0,True,1.4879232319961124,1.3142614656409255
869,931,334.30859,1207,4357.7969,3.0466502,3,37.187401,1.1444121655332726,0.8158709105262195,2286.1376005439424,0.97781557,0.82334059,0.0,True,1.0944331868732908,0.8181118143683537
870,6,274.90939,1207,5299.3789,3.8065925,4,18.860714,0.9411522371310319,0.2269041952008078,571.6580057638631,0.89514065,0.14403123,0.0,True,0.9273487609917224,0.20204230564056547
871,32542,460.5488,1207,3163.2891,2.1578336,4,14.39936,1.576287174405096,1.2890708193732738,4785.26244061662,1.0904251,1.0596185,0.0,True,1.430528552083567,1.2202351235612916
872,3714,341.75928,1207,4262.793,3.2173426,5,37.975956,1.169905458861485,0.9834597898542514,2809.3990447431197,0.97704524,0.87106502,0.0,True,1.1120473932030395,0.949741358897976
873,67482,488.01447,1207,2985.2578,2.0100491,4,80.56884,1.6702290011977705,1.389529056746519,5426.548057397118,1.0510691,1.0916476,0.0,True,1.4844810308384393,1.3001646197225631
874,0,312.96487,1207,4654.9922,3.033031,3,41.308681,1.0713792072948392,0.0,216.93071725480982,0.94163704,0.0,0.0,True,1.0324565571063875,0.0
875,10975,348.37253,1207,4181.8711,3.9866533,5,35.510582,1.192533061454558,1.1156263865281637,3241.103848141408,0.94431895,0.98537117,0.0,True,1.1180688280181905,1.0765498215697145
876,32306,459.8356,1207,3168.1953,2.9077265,5,36.425278,1.5738477095131171,1.2879204339928163,4774.505295284867,1.0885872,1.0413653,0.0,True,1.428269556659182,1.2139538937949714
877,64721,488.01254,1207,2985.2695,3.0310826,5,50.390591,1.670222459545163,1.3843081579581427,5406.140405753982,1.0510691,1.0858315,0.0,True,1.484476451681614,1.2947651605706998
878,1335,348.67444,1207,4178.25,3.9449835,4,43.246708,1.1935660813621791,0.8631710055750201,2509.822627763217,0.94503701,0.68094283,0.0,True,1.1190073599535255,0.808502552902514
879,2203,272.16257,1207,5352.8633,3.0218601,4,29.153042,0.9317520041294516,0.8965847338172214,2095.2388606504433,0.85938776,0.85975575,0.0,True,0.910042730890616,0.885536038672055
880,0,222.47237,1207,6548.4492,0.99246478,1,50.574177,0.7616889253357234,0.0,154.20609601798895,0.78742808,0.0,0.0,True,0.7694106717350063,0.0
881,0,347.57968,1207,4191.4102,2.049037,3,52.500084,1.189820307017484,0.0,240.923875211928,0.9435727,0.0,0.0,True,1.1159460249122388,0.0
882,0,329.5817,1207,4420.2969,1.0269992,2,46.030201,1.1282382717483868,0.0,228.44862611915372,0.96498483,0.0,0.0,True,1.0792622392238707,0.0
883,14016,459.58063,1207,3169.9531,4.0172338,6,45.297333,1.5729755309478721,1.1842633494339987,4388.120663000383,1.086404,1.0201633,0.0,True,1.4270040716635104,1.135033334603799
884,51991,490.11865,1207,2972.4414,2.9808223,5,140.89844,1.6774257551734753,1.357669997914408,5322.131947085438,1.0509576,1.0815443,0.0,True,1.4894853086214326,1.2748322885400856
885,2203,271.68555,1207,5362.2617,3.0212605,4,30.216923,0.930119537533795,0.8964016887096302,2091.566530390968,0.85876983,0.85971016,0.0,True,0.9087146252736564,0.8853942300967411
886,0,222.95367,1207,6534.3125,0.9722237,1,51.5499,0.763336301869632,0.0,154.53970775599245,0.78820765,0.0,0.0,True,0.7707977063087423,0.0
887,1666,332.35931,1207,4383.3555,3.0649979,5,50.96323,1.1377423361946937,0.8846358459079047,2465.9002111662544,0.9698177,0.86515898,0.0,True,1.0873649453362857,0.8787927861355334
888,4440,457.54971,1207,3184.0234,3.0476635,5,19.478449,1.5660288658313837,1.0411303669468714,3842.895959368697,1.0849237,0.92696708,0.0,True,1.4216973160819686,1.00688138086281
889,0,332.64447,1207,4379.5977,1.9844201,2,47.41798,1.1387181008457825,0.0,230.5715765093573,0.97270411,0.0,0.0,True,1.0889139035920479,0.0
890,84601,492.70084,1207,2956.8633,2.0194244,4,68.862251,1.686257223040432,1.4194742219336212,5590.048240844756,1.0541971,1.1061612,0.0,True,1.4966391861283026,1.3254803153535348
891,81152,492.33984,1207,2959.0312,3.0332851,5,44.16003,1.685022640630821,1.414137356106669,5565.460687333332,1.0536695,1.0928698,0.0,True,1.4956166984415746,1.3177570892746684
892,82868,490.77652,1207,2968.457,3.0114117,5,58.535286,1.6796757575060839,1.4161921574634802,5558.0580240315,1.0546854,1.1227926,0.0,True,1.4921786502542587,1.3281722902244362
893,124182,526.00726,1207,2769.6367,3.0270138,5,57.62384,1.800165444343499,1.4795877174795047,6169.812474173912,1.1648782,1.2740135,0.0,True,1.6095792710404493,1.4179154522356532
894,0,365.55417,1207,3985.3164,2.0060649,2,42.847874,1.2513189601944428,0.0,253.38284227743094,1.0360397,0.0,0.0,True,1.1867351821361098,0.0
895,0,297.60199,1207,4895.293,2.0361791,2,37.040047,1.0188086789200175,0.0,206.28198029752903,0.96101612,0.0,0.0,True,1.0014709112440123,0.0
896,121576,525.49213,1207,2772.3516,2.0059624,4,183.67189,1.7984038546571564,1.4767301212098034,6152.625449569555,1.1650194,1.2741674,0.0,True,1.6083885182600095,1.4159613048468622
897,4379,390.09857,1207,3734.5664,1.5730652,3,101.57846,1.3352913015580958,1.019281589686431,3270.98910488003,1.0647357,0.83325952,0.0,True,1.254124621090667,0.9634749687805015
898,3922,360.99292,1207,4035.6719,1.0219771,2,55.079624,1.2357132365347094,0.9965004354762607,2987.1683362102867,1.0229553,0.77365434,0.0,True,1.1718858555742966,0.9296466068333824
899,4058,385.59747,1207,3778.1602,2.5336094,3,82.301765,1.3198923716551085,1.0086073785620642,3203.905568587153,1.0454652,0.77198118,0.0,True,1.237564220158576,0.937619518993445
900,115689,524.49152,1207,2777.6406,1.9126912,4,130.77586,1.7949819165881549,1.4701169746044351,6114.877809805014,1.1653049,1.2742667,0.0,True,1.6060788116117084,1.4113618922231046
901,0,304.11484,1207,4790.457,1.9797895,2,73.879318,1.0410953320216016,0.0,210.79634391243889,0.9344908,0.0,0.0,True,1.0091139724151212,0.0
902,104204,486.72223,1207,2993.1836,3.0665748,5,55.008408,1.6658092717969775,1.443345261213869,5623.649479963968,1.1315314,1.2036513,0.0,True,1.5055259102578842,1.3714370728497083
903,13697,395.30173,1207,3685.4102,3.0719962,5,158.12151,1.353091828951997,1.1597543127881498,3765.279857818376,1.08483,0.9883762,0.0,True,1.2726132802663979,1.1083408789517049
904,2207,298.02103,1207,4888.4102,2.994792,3,52.884354,1.0202425578971368,0.9063718153392862,2294.8499078273226,0.9718402,0.86761814,0.0,True,1.0057218505279957,0.8947457127375004
905,0,239.64134,1207,6079.2891,0.98914802,1,49.367199,0.8204518038147947,0.0,166.10671916660723,0.88113862,0.0,0.0,True,0.8386578486703562,0.0
906,11257,397.90009,1207,3661.3438,4.1413202,6,76.817245,1.3619809889572059,1.1367748452404687,3711.979336239943,1.079127,0.95610392,0.0,True,1.277124792270044,1.0825735676683281
907,6507,392.85373,1207,3708.375,3.1111186,5,135.5282,1.3447170735071925,1.0683317903711107,3449.6254693772657,1.0686314,0.9262169,0.0,True,1.2618913714550346,1.0256973232597775
908,102232,486.59079,1207,2993.9922,2.9427705,5,110.55021,1.6653596800466466,1.4409100112508932,5612.834291286553,1.1313505,1.204144,0.0,True,1.5051569260326527,1.3698802078756254
909,13136,373.24747,1207,3903.1719,4.0293732,5,199.1913,1.277640201091852,1.1466540405704606,3539.6043227580094,1.0811734,0.85324031,0.0,True,1.2187001607642962,1.0586299213993224
910,88822,486.573,1207,2994.1016,1.9824734,4,73.624428,1.6652988709108694,1.423339187004149,5544.21330925802,1.1313502,1.2039781,0.0,True,1.5051142696376085,1.3575308609029042
911,16204,438.97314,1207,3318.7656,4.0976019,6,282.43167,1.502486237394849,1.1954580889941664,4255.026707651008,1.0918046,1.1247917,0.0,True,1.3792817461763942,1.1742581722959164
912,0,348.75858,1207,4177.2422,2.0005035,2,11.661752,1.1938539028951827,0.0,241.74102642309012,1.0099478,0.0,0.0,True,1.1386820720266277,0.0
913,2222,339.04727,1207,4296.8906,2.9556327,4,45.530403,1.1606260953963912,0.9211445432129887,2613.0585530223098,0.97909421,0.86823189,0.0,True,1.1061665297774739,0.9052707472490921
914,0,268.00058,1207,5435.9922,0.94567919,1,38.369926,0.9175086002540146,0.0,185.76384641543007,0.89073652,0.0,0.0,True,0.9094769761778102,0.0
915,0,455.53113,1207,3198.1328,1.007363,2,23.277424,1.5591242374735976,0.0,315.75011841678594,1.0834475,0.0,0.0,True,1.4164212162315184,0.0
916,26125,357.2131,1207,4078.375,4.5086231,5,175.00537,1.2227808992100602,1.2232926141563165,3633.116042665587,1.0683249,0.92473567,0.0,True,1.176444099447042,1.1337255309094214
917,24084,330.6488,1207,4406.0312,0.51743406,2,175.80446,1.1318895863564324,1.2023419430501332,3336.0433861420784,1.0353383,0.90426958,0.0,True,1.1029242004495026,1.1129202341350932
918,22038,311.67468,1207,4674.2617,0.60051781,3,372.31055,1.066964368485675,1.1834337174016911,3116.9382503071315,1.0126278,0.88084888,0.0,True,1.0506633979399727,1.0926582661811837
919,4432,322.67172,1207,4514.957,2.4524992,3,104.09511,1.1045942238578426,0.9977443248993588,2709.4929510268835,1.0612606,0.92528653,0.0,True,1.0915941367004898,0.9760069864295512
920,2218,288.98456,1207,5041.2695,0.72645289,2,130.7442,0.989319450728193,0.9036833896405958,2226.701885983756,1.0109552,0.87016088,0.0,True,0.995810175509735,0.893626636748417
921,0,270.54422,1207,5384.8828,0.28834662,1,54.052151,0.9262136929383815,0.0,187.52696330978955,0.98065633,0.0,0.0,True,0.942546484056867,0.0
922,40071,417.98682,1207,3485.3945,2.6754706,5,80.243164,1.430696931939948,1.2992739135813487,4430.015785501939,1.1944274,1.3883964,0.0,True,1.3598160723579635,1.326010659506944
923,0,344.97803,1207,4223.0195,2.4915314,3,28.133457,1.1809187180353247,0.0,239.1205488496242,1.0682302,0.0,0.0,True,1.1471121626247271,0.0
924,28976,326.01471,1207,4468.6602,4.3551474,6,80.180359,1.1160330663498534,1.2223233979789991,3349.570392162365,1.0612954,1.0313654,0.0,True,1.0996117664448974,1.1650359985852994
925,4771,414.98141,1207,3510.6367,3.9950864,5,103.47631,1.4204157838509883,1.0374937103066233,3515.195610680854,1.1941681,1.3880202,0.0,True,1.3525414786956917,1.1426516572146364
926,8847,262.22586,1207,5555.7031,3.365988,5,74.220428,0.8977457992698907,1.0539046903534706,2383.124280336305,1.0263399,0.91873628,0.0,True,0.9363240294889235,1.0133541672474293
927,1301,297.08237,1207,4903.8555,3.54425,4,51.665081,1.0170304876721805,0.8438843138986842,2130.800892018497,1.0949357,0.95329088,0.0,True,1.0404020513705263,0.8767062837290789
928,16997,407.37756,1207,3576.1641,1.6769907,4,74.991554,1.394403518724658,1.1903933016562092,3968.2280655992085,1.0403712,0.99838805,0.0,True,1.2881938231072607,1.1327917261593465
929,17354,408.43176,1207,3566.9336,3.2404096,4,120.50307,1.398009929804872,1.1933099291375315,3986.98567594846,1.0414244,1.0019935,0.0,True,1.2910342708634104,1.1359150003962721
930,96333,515.63458,1207,2825.3516,1.9391366,4,10.948733,1.7646919511581967,1.44393202109816,5917.209472332487,1.1676251,1.2744911,0.0,True,1.5855718958107377,1.393099744768712
931,43282,473.9346,1207,3073.9453,3.3449945,4,63.960354,1.622071956745866,1.3291737820884277,5059.506988540962,1.1362842,1.1791559,0.0,True,1.4763356297221062,1.2841684174618995
932,50032,440.45377,1207,3307.6094,3.3689427,4,60.562603,1.5075508945600196,1.3350509783576912,4765.91154270947,1.1435658,1.2465576,0.0,True,1.3983553661920136,1.3085029648503839
933,7344,363.97162,1207,4002.6445,3.2860627,4,62.832245,1.2459045020386328,1.0730900197202553,3240.043050161574,1.1909035,1.3702151,0.0,True,1.229404201427043,1.1622275438041787
934,50009,446.98581,1207,3259.2734,2.5184822,5,278.28064,1.529894614666237,1.33742126978248,4836.385686540271,1.2047374,1.3776103,0.0,True,1.4323474502663658,1.349477978847736
935,55557,420.08569,1207,3467.9805,3.8031063,6,85.089966,1.4378768444417047,1.3401527179310322,4589.520515677793,1.1943564,1.3846296,0.0,True,1.3648207111091932,1.3534957825517226
936,31211,363.04584,1207,4012.8516,4.5140209,7,407.42523,1.2427369947158817,1.2471140085807857,3757.0125325503295,1.0955638,1.1575364,0.0,True,1.1985850363011172,1.22024072600655
937,48571,419.70514,1207,3471.125,3.8035922,6,124.95585,1.4365750186400572,1.323521759191793,4528.963919881789,1.1946146,1.3884804,0.0,True,1.36398689304804,1.343009351434255
938,0,311.56168,1207,4675.957,1.9980953,2,78.577179,1.066577698686467,0.0,215.95810006251992,0.94480729,0.0,0.0,True,1.0300465760805269,0.0
939,2516,333.43198,1207,4369.2539,4.1233921,5,116.22787,1.1414126760319847,0.9341275567128257,2611.1792619715343,1.0686573,0.50510103,0.0,True,1.1195860632223893,0.805419598698978
940,9891,444.59915,1207,3276.7695,4.2202959,5,138.23244,1.5217308235953302,1.1363657992700298,4090.1266555873967,1.0921942,1.1314842,0.0,True,1.3928698365167311,1.1349013194890207
941,75906,493.21362,1207,2953.7891,3.0751243,5,106.37633,1.688011032862341,1.4060888601169839,5542.378245508791,1.1308968,1.2004526,0.0,True,1.5208767630036386,1.3443979820818888
942,34938,435.31024,1207,3346.6914,3.2089777,5,76.407631,1.4899565279781375,1.2888806486187891,4553.949139788264,1.2109802,1.3813205,0.0,True,1.4062636295846962,1.3166126040331525
943,29196,445.84445,1207,3267.6172,3.6342146,5,87.15062,1.5259904467147558,1.270500334384897,4584.108207149028,1.2047081,1.3779484,0.0,True,1.429605742700329,1.3027347540694278
944,24798,346.86331,1207,4200.0664,4.1840119,6,80.947617,1.187369293263488,1.212737359869807,3509.7707181690807,1.0671809,0.98368388,0.0,True,1.1513127752844416,1.1440213159088648
945,70794,492.27682,1207,2959.4102,3.9983096,6,93.615707,1.684806992160103,1.3970329093368865,5497.529831552949,1.1307664,1.1984535,0.0,True,1.518594814512072,1.3374590865358205
946,31652,364.97107,1207,3991.6836,4.1242914,6,177.7626,1.2493239603693815,1.2496006906770445,3782.056437100159,1.0961436,1.1487527,0.0,True,1.2033698522585672,1.2193462934739312
947,23763,345.18301,1207,4220.5117,2.9324112,5,58.116814,1.1816200797298557,1.2069259133182895,3478.0533733428856,1.0678345,1.0319237,0.0,True,1.147484405810899,1.1544252493228027
948,2202,271.19836,1207,5371.8945,2.0751419,3,44.065788,0.9284522819743203,0.8961616534406965,2087.6928862101454,0.85655206,0.85952812,0.0,True,0.9068822153820242,0.8851715934084876
949,4372,346.80786,1207,4200.7383,1.9843448,3,44.289188,1.1871794662099824,1.0047311063580189,2907.440527973854,0.94126081,0.917036,0.0,True,1.1134038693469877,0.9784225744506132
950,0,266.53421,1207,5465.8984,1.146695,2,29.01446,0.9124903658806551,0.0,184.74743618427235,0.85045278,0.0,0.0,True,0.8938790901164586,0.0
951,3552,309.7493,1207,4703.3164,0.9461686,3,437.43539,1.0603760060884002,0.9667583682304162,2532.4573123690407,1.0108279,0.87542129,0.0,True,1.0455115742618801,0.9393572447612913
952,4632,326.78656,1207,4458.1055,0.51250458,2,180.48064,1.118674123653409,1.004499264285929,2758.4627709900155,1.0324314,0.90980214,0.0,True,1.0928013065573863,0.9760901270001503
953,5713,354.58142,1207,4108.6445,4.5535674,5,171.53348,1.213776723239932,1.0395473334344274,3067.4305269456454,1.0676997,0.93602204,0.0,True,1.1699536162679522,1.0084897454040993
954,5523,229.03365,1207,6360.8516,4.4584045,5,343.76508,0.78414599699516,0.9838404580055119,1973.5917858887965,1.0972003,1.0409774,0.0,True,0.878062287896612,1.0009815406038585
955,3290,222.67027,1207,6542.6289,1.1791973,3,147.83498,0.7623663140952498,0.9217433694419431,1803.4623093929808,1.0954505,1.0397489,0.0,True,0.8622915698666749,0.9571450286093601
956,4511,228.45534,1207,6376.9531,0.50811964,3,229.76125,0.7821666868211101,0.960458446235563,1922.3871245813937,1.0948573,1.0346953,0.0,True,0.8759738707747771,0.9827295023648941
957,2267,222.26169,1207,6554.6562,1.3650347,3,145.12924,0.7609678560871087,0.8791889021683299,1717.4370789768468,1.0934163,1.0340395,0.0,True,0.8607023892609761,0.925644081517831
958,18,191.25342,1207,7617.375,3.9786718,4,13.709094,0.654831217995472,0.3294078808774091,572.9440427215764,0.99336427,0.31583151,0.0,True,0.7563911335968304,0.32533496961418634
959,0,218.37096,1207,6671.4414,1.0875647,2,126.61842,0.7476509213993022,0.0,151.36321524016859,,,,False,0.7476509213993022,0.0
960,0,217.82164,1207,6688.2656,1.0987302,2,103.64938,0.7457707824954287,0.0,150.9824556309434,,,,False,0.7457707824954287,0.0
961,13340,279.05603,1207,5220.6328,2.1147709,4,84.817528,0.9553427940816074,1.1095262884798942,2650.6617636874103,0.97195053,0.96760815,0.0,True,0.9603251148571251,1.066950846935926
962,43,229.39696,1207,6350.7773,2.9206996,3,61.97805,0.7853895038338978,0.4321427433050352,873.2368028993425,0.91086447,0.29964238,0.0,True,0.8230319936837285,0.39239263431352467
963,39,265.31787,1207,5490.957,1.2714484,2,155.34435,0.9083276296563488,0.4283714289818449,985.277030829485,0.98748153,0.80679166,0.0,True,0.9320737997594443,0.5418974982872914
964,1029,286.22162,1207,5089.9336,2.5192623,4,35.920162,0.9798644294211237,0.8127497224975387,1985.8870250361983,1.0247325,0.87795293,0.0,True,0.9933248505947867,0.8323106847482771
965,11192,276.71759,1207,5264.75,1.9943416,4,64.966522,0.9473403164407365,1.0879511864537545,2579.874950201154,0.96805817,0.95378679,0.0,True,0.9535556725085156,1.0477018675176282
966,6953,276.24597,1207,5273.7383,1.910835,4,15.607214,0.9457263283158395,1.032202406960153,2444.0077945478706,0.96728021,0.93765998,0.0,True,0.9521924928210876,1.0038396788721071
967,3804,275.98105,1207,5278.8008,2.1110532,4,93.932854,0.9448196969698703,0.9617416877422067,2275.279967078075,0.96688837,0.91117632,0.0,True,0.9514402988789092,0.9465720774195447
968,3197,312.87036,1207,4656.3984,1.5751413,3,43.149681,1.071055797119939,0.955442560060205,2525.04950625768,0.97106445,0.89919603,0.0,True,1.0410583929839572,0.9385686010421435
969,1562,290.42749,1207,5016.2227,0.80507648,2,47.922089,0.9942573117797758,0.8630836905468221,2136.0947468917775,0.94050437,0.84087992,0.0,True,0.9781314292458431,0.8564225593827755
970,195,264.34732,1207,5511.1172,2.4538417,3,82.490005,0.9050060846909348,0.6126609059881749,1396.6007467058944,0.9019658,0.53440821,0.0,True,0.9040939992836543,0.5891850971917225
971,687,275.50745,1207,5287.875,3.0495243,4,110.09384,0.9431989624734515,0.7620699557948775,1800.507657711732,0.96610713,0.53446835,0.0,True,0.950071412731416,0.6937894740564141
972,0,225.19691,1207,6469.2227,1.989608,2,242.17932,0.7710142028668321,0.0,156.09460323731176,0.92228299,0.51250124,1.4475276661083019,True,0.8163948390067826,0.15375037200000002
973,0,224.37373,1207,6492.957,2.0104702,2,211.24863,0.7681967119434738,0.0,155.5240183412184,0.87877691,0.85515589,4.710412194066019,True,0.8013707713604317,0.25654676700000006
974,0,220.82906,1207,6597.1797,0.33127046,1,7.8879113,0.7560643653353233,0.0,153.067040324703,,,,False,0.7560643653353233,0.0
975,2225,234.90787,1207,6201.7891,0.76139891,2,52.426388,0.8042511650846172,0.8826169503895955,1810.766330930707,0.91066855,0.84752685,0.0,True,0.8361763805592322,0.8720899202727168
976,4446,256.26755,1207,5684.875,1.1488675,2,51.995819,0.8773543662581381,0.9715354630995255,2152.7011941397905,0.95036221,0.9018026,0.0,True,0.8992567193806967,0.9506156041696678
977,6663,302.147,1207,4821.6562,1.6716995,3,101.73888,1.0343615723720627,1.0380806020328492,2660.2911001582625,1.0253651,0.93727899,0.0,True,1.0316626306604437,1.0078401184229946
978,14497,369.18253,1207,3946.1484,4.7100596,6,149.07858,1.263732794748609,1.1570427079592254,3537.4460727647106,1.0368106,1.1615074,0.0,True,1.1956561363240263,1.1583821155714578
979,51,275.84531,1207,5281.3984,4.3132834,5,113.84914,0.9443551732941905,0.46092006275195113,1095.1864036842783,0.92400891,0.60745037,0.0,True,0.9382512943059333,0.5048791549263658
980,10083,358.15958,1207,4067.5977,2.8950973,5,91.602997,1.2260191250880275,1.10914458770606,3301.803130053209,1.0253123,1.1545122,0.0,True,1.1658070775616192,1.122754871394242
981,4450,356.88052,1207,4082.1758,2.9411182,5,96.313766,1.2216429595450444,1.010314225978728,2998.1920458562136,1.0238266,1.0293007,0.0,True,1.162298051681531,1.0160101681851097
982,0,354.37018,1207,4111.0938,1.3621101,2,142.26787,1.2130539331765906,0.0,245.63069114152032,1.0211905,0.98266435,5.7016374452665755,True,1.1554949032236135,0.294799305
983,0,292.68805,1207,4977.4805,1.8949612,2,23.279453,1.0019930014013008,0.0,202.87589664108827,,,,False,1.0019930014013008,0.0
984,0,300.37518,1207,4850.0977,1.9736669,2,17.142076,1.0282984639023753,0.0,208.20420912718606,,,,False,1.0282984639023753,0.0
985,0,298.78265,1207,4875.9492,2.2476268,3,22.183432,1.0228488258168513,0.0,207.10035144772894,,,,False,1.0228488258168513,0.0
986,10324,332.75964,1207,4378.082,3.3037491,5,110.97123,1.1391121471274392,1.102238187043726,3075.504440256384,1.0734463,1.0189065,0.0,True,1.1194123929892075,1.0772386809306083
987,11120,426.37079,1207,3416.8594,3.1500692,5,96.948799,1.459376952329262,1.1449163536026439,3972.3603856288273,1.2154423,1.3869373,0.0,True,1.3861965566304835,1.2175226375218506
988,20592,430.2467,1207,3386.0781,4.0643492,6,28.49408,1.4726356548906734,1.2219886496324621,4273.535082264068,1.2144611,1.3855554,0.0,True,1.3951832884234714,1.2710586747427235
989,10658,379.96909,1207,3834.125,3.6343529,5,66.555367,1.3006366089776138,1.1238029516504817,3523.929737951741,1.11994,1.110171,0.0,True,1.2464276262843295,1.1197133661553371
990,35715,431.5311,1207,3376.0,3.9300678,6,185.18767,1.4770291923073562,1.2902057496408248,4523.905385556471,1.2138363,1.3852122,0.0,True,1.3980713246151495,1.3187076847485772
991,2196,332.96463,1207,4375.3867,2.5063336,4,44.853706,1.139813535691112,0.9177538521947269,2562.263761070984,1.0764223,0.88818914,0.0,True,1.1207961649837785,0.9088844385363088
992,578,305.2998,1207,4771.8633,2.3887236,3,28.019007,1.0451502898321887,0.7509399003687461,1942.6312074052832,1.0459065,0.83603013,0.0,True,1.0453771528825322,0.7764669692581223
993,9481,380.82422,1207,3825.5156,3.2905324,6,81.364021,1.3035621883851365,1.109926370600135,3487.304873876865,1.1197516,1.1113259,0.0,True,1.2484190118695955,1.1103462294200945
994,11399,391.3027,1207,3723.0742,4.173018,7,209.31854,1.3394107992840114,1.1359896810399233,3655.3370916220792,1.1132358,1.1193119,0.0,True,1.271558299498808,1.1309863467279462
995,0,385.51495,1207,3778.9688,4.0928693,4,97.017693,1.3196100987699895,0.0,267.21860065620825,,,,False,1.3196100987699895,0.0
996,0,387.60764,1207,3758.5664,4.0715823,4,98.786217,1.3267694493080215,0.0,268.66914282949426,,,,False,1.3267694493080215,0.0
997,42381,495.47223,1207,2940.3242,2.9839146,5,79.21347,1.695735844341779,1.3339283391539274,5279.0101713961685,1.1388928,1.1989808,0.0,True,1.5286829310392451,1.2934440774077491
998,2229,348.57114,1207,4179.4883,2.5669112,3,66.953789,1.1932126203998343,0.9245796509650349,2687.5550142572697,1.0115925,0.87019402,0.0,True,1.138726584279884,0.9082639616755244
999,0,299.92975,1207,4857.3008,0.56447798,1,39.983559,1.026774183564485,0.0,207.89546057854926,0.95344651,0.0,0.0,True,1.0047758814951395,0.0
1000,15712,280.49768,1207,5193.8008,2.8580575,4,168.27676,0.9602763469327479,1.1293210904546833,2710.2547849499147,0.97431535,0.9813605,0.0,True,0.9644880478529235,1.0849329133182783
1001,4955,337.18997,1207,4320.5586,2.2116671,4,79.210655,1.1542711327532376,1.016307077888086,2868.9997417158775,1.0552877,0.92941809,0.0,True,1.1245761029272663,0.9902403815216602
1002,0,262.45413,1207,5550.8711,2.0209186,2,117.73325,0.8985270001340836,0.0,181.91934023581337,0.9451341,0.0,0.0,True,0.9125091300938586,0.0
1003,2687,335.95435,1207,4336.4492,2.8262534,4,74.935516,1.1500433407435655,0.9428153721951944,2653.0061898957797,1.0530182,0.83640468,0.0,True,1.1209357985204957,0.9108921645366361
1004,4,263.77502,1207,5523.0742,4.0934124,4,127.9241,0.9030475304049761,0.18676968871329697,472.62138983081957,0.90337652,0.38705859,0.0,True,0.9031462272834831,0.24685635909930786
1005,10183,343.71298,1207,4238.5625,4.7925968,6,181.31151,1.176590278203481,1.1048627999974754,3172.0141238145998,1.0088253,0.97471476,0.0,True,1.1262607847424366,1.0658183879982328
1006,7749,325.10419,1207,4481.1758,2.3237352,4,67.589455,1.1129174572217866,1.0650711181607,2911.4956541243623,0.98666471,0.96302605,0.0,True,1.0750416330552506,1.03445759771249
1007,6162,322.21536,1207,4521.3516,2.1114321,4,99.999359,1.1030326741821814,1.036721037006925,2811.8062802441473,0.98304319,0.94386005,0.0,True,1.067035828927527,1.0088627409048474
1008,0,382.45154,1207,3809.2383,3.3145852,4,105.195,1.309129531893676,0.0,265.0952066518092,,,,False,1.309129531893676,0.0
1009,35924,495.49329,1207,2940.1992,2.1440883,4,54.248451,1.695807888063544,1.31324116775789,5197.336416062884,1.138893,1.1957521,0.0,True,1.5287334216444808,1.277994447430523
1010,0,336.34186,1207,4331.4531,2.0130849,2,86.962715,1.1513692421441573,0.0,233.13441196328785,0.99782771,0.0,0.0,True,1.10530678250091,0.0
1011,31614,493.25473,1207,2953.543,3.961648,6,82.465462,1.6881515889345033,1.2965061862541158,5110.818734230082,1.1372775,1.1934719,0.0,True,1.5228893622541524,1.2655959003778812
1012,0,355.35849,1207,4099.6602,2.3996286,4,96.478104,1.2164353867280981,0.0,246.31573543153954,,,,False,1.2164353867280981,0.0
1013,0,492.46075,1207,2958.3047,2.9161501,4,32.013092,1.6854361686532635,0.0,341.3477803989361,,,,False,1.6854361686532635,0.0
1014,1528,363.05853,1207,4012.7109,4.155447,5,31.017197,1.2427805478133553,0.8836341293112523,2662.3165560593247,0.97670168,0.60914773,0.0,True,1.1629568874693488,0.8012882095178766
1015,1615,346.96497,1207,4198.8359,4.2636909,6,94.188148,1.1877170949748952,0.8854685504927541,2563.490954148335,0.99377626,0.92266566,0.0,True,1.1295348444824267,0.8966276833449278
1016,27456,414.55844,1207,3514.2188,4.8553276,6,63.364426,1.418968754621939,1.2516648391012855,4236.958404539727,1.0344301,1.0147893,0.0,True,1.3036071582353572,1.1806021773708997
1017,0,354.1528,1207,4113.6172,3.9938276,4,141.79919,1.212310175886681,0.0,245.4800148074102,1.0211576,0.0,0.0,True,1.1549644031206767,0.0
1018,27570,414.85864,1207,3511.6758,1.859643,4,87.078957,1.419995724026175,1.252283189881784,4241.745415019919,1.0344342,1.0099167,0.0,True,1.3043272668183223,1.179573242917249
1019,5,354.18271,1207,4113.2695,3.9999714,4,141.54066,1.2124126042326628,0.2152857745356826,689.2077300089147,1.0210261,0.13392575,0.0,True,1.154996652962864,0.19087776717497784
1020,106976,472.83621,1207,3081.0859,4.7201939,7,141.14046,1.6183151470460972,1.4414182070845127,5475.622273131279,1.1077526,1.1515917,0.0,True,1.465146382932268,1.354470254959159
1021,75307,488.19525,1207,2984.1523,2.0004995,4,84.735016,1.670847334750558,1.403303583238821,5482.117736686183,1.1453741,1.2035823,0.0,True,1.5132053643253904,1.3433871982671748
1022,73936,488.20035,1207,2984.1211,3.0052097,5,82.77243,1.6708647923268247,1.4010093837308486,5473.205425665493,1.1453741,1.2037452,0.0,True,1.5132175846287772,1.3418301286115941
1023,76091,487.87912,1207,2986.0859,3.0006871,5,71.364494,1.6697661240643211,1.4044842678076495,5483.620582696379,1.1453514,1.2273128,0.0,True,1.5124417068450247,1.3513328274653547
1024,20378,414.85864,1207,3511.6758,3.0184855,5,29.5854,1.419995724026175,1.2152629145759053,4116.355744668731,1.0344342,0.96778244,0.0,True,1.3043272668183223,1.1410187722031337
1025,2091,368.41266,1207,3954.3945,4.0021272,5,67.795364,1.2610988645379648,0.9230424900141353,2817.0135141872324,0.99273944,0.72905201,0.0,True,1.1805910371765753,0.8648453460098947
1026,1907,340.8703,1207,4273.9102,5.1158705,6,51.172447,1.1668637502289567,0.9034593229599641,2575.0483776638425,1.0137854,0.85527503,0.0,True,1.1209402451602697,0.889004035071975
1027,2692,348.4093,1207,4181.4297,6.5044775,7,38.877586,1.1926588874229795,0.9471509815040582,2752.0092318443753,1.0223235,0.87130284,0.0,True,1.1415582711960857,0.9243965390528408
1028,21843,406.03372,1207,3588.0,4.6907654,6,39.037216,1.3898062984997908,1.220553939321611,4056.978221648479,1.1172305,1.1133536,0.0,True,1.3080335589498535,1.1883938375251277
1029,15069,414.07559,1207,3518.3164,3.0063717,5,97.647247,1.4173170944561257,1.178026702007012,3983.6256613025384,1.0345719,0.9570576,0.0,True,1.302493536119288,1.1117359714049084
1030,204,301.84134,1207,4826.5391,3.925308,5,27.211325,1.0333155656985875,0.6275279710731866,1608.1732821415135,0.9719699,0.43095776,0.0,True,1.0149118659890113,0.5685569077512307
1031,1661,309.54568,1207,4706.4102,4.508739,5,38.137402,1.0596792547119724,0.8768473662438481,2295.707919479141,0.99348789,0.86843032,0.0,True,1.0398218452983807,0.8743222523706937
1032,0,322.09851,1207,4522.9922,2.0747685,3,36.035091,1.1026327540662388,0.0,223.26167406905932,0.9913528,0.0,0.0,True,1.0692487678463671,0.0
1033,10542,414.08664,1207,3518.2227,3.170572,5,95.535088,1.417354820084039,1.1342858396253288,3835.8138476652316,1.0345733,0.93755347,0.0,True,1.3025203640588272,1.07526612873773
1034,4995,490.26169,1207,2971.5742,4.072032,6,16.389347,1.6779149521859078,1.064834460357897,4175.359282783799,1.1102556,1.1994668,0.0,True,1.5076171465301353,1.1052241622505279
1035,0,490.33389,1207,2971.1367,2.015847,3,5.2741408,1.6781618590272855,0.0,339.87355338649036,1.1113402,1.1991856,6.667823877867023,True,1.5081153613190998,0.3597556800000001
1036,2005,358.65762,1207,4061.9492,2.9730141,4,74.796448,1.227723174200664,0.9150126048367337,2727.3746959959844,0.99542487,0.87187529,0.0,True,1.1580336829404647,0.9020714103857136
1037,495,341.08041,1207,4271.2773,2.5556843,4,98.842743,1.1675826915361307,0.742380503887347,2117.628431622949,1.0137894,0.77665961,0.0,True,1.1214447040752915,0.7526642357211429
1038,0,356.47971,1207,4086.7656,1.0498503,2,69.079323,1.2202716173346422,0.0,247.09290591332694,0.99334157,0.0,0.0,True,1.1521926031342495,0.0
1039,5217,369.79272,1207,3939.6367,3.9886708,6,306.36383,1.2658205185714475,1.0338499812868016,3165.448274444987,1.1247958,1.1330191,0.0,True,1.2235131030000133,1.063600716900761
1040,1513,360.19278,1207,4044.6367,4.004539,6,309.18668,1.2329756737525386,0.8816047157648758,2637.7532193106545,1.1787859,1.2927374,0.0,True,1.216718741626777,1.004944521035413
1041,0,333.89587,1207,4363.1836,2.0116556,3,263.00958,1.1429999442896854,0.0,231.43898089111002,,,,False,1.1429999442896854,0.0
1042,23985,406.03815,1207,3587.9609,2.5395083,5,29.459103,1.3898214355521947,1.2319826384611803,4095.003275086405,1.1169941,1.1126782,0.0,True,1.3079732348865363,1.196191306922826
1043,64440,463.15454,1207,3145.4922,4.0188074,6,143.88696,1.585199992430243,1.3747916488612302,5128.751466315028,1.1332375,1.1663253,0.0,True,1.44961124470117,1.3122517442028612
1044,0,400.50876,1207,3637.4961,2.1508708,3,33.862854,1.3709053326404854,0.0,277.6115177835598,1.0235267,0.0,0.0,True,1.2666917428483397,0.0
1045,16706,405.6279,1207,3591.5898,4.2258768,6,146.70555,1.3884179578910896,1.1876588694859427,3944.1808602679066,1.1166452,1.1178597,0.0,True,1.3068861305237627,1.16671911864016
1046,47767,487.88742,1207,2986.0352,2.9960856,5,50.209621,1.6697944561075617,1.3463085262306524,5256.5635483919905,1.1455997,1.2418245,0.0,True,1.5125360292752932,1.3149633183614569
1047,52137,463.5166,1207,3143.0352,2.9979718,5,41.786179,1.5864384003124192,1.348620129180456,5034.563657234247,1.1323274,1.1540321,0.0,True,1.4502051002186935,1.2902437204263193
1048,44275,487.8721,1207,2986.1289,2.0047984,4,48.0345,1.669742095668714,1.3368173496120048,5219.3633668996745,1.1455996,1.2418598,0.0,True,1.5124993469680996,1.3083300847284034
1049,40749,487.86893,1207,2986.1484,2.0372109,4,47.682827,1.6697311992986188,1.3264464502435214,5178.843662285937,1.1455995,1.2417116,0.0,True,1.512491689509033,1.3010259951704648
1050,36994,482.47708,1207,3019.5195,3.0224352,5,45.000427,1.6512898929211772,1.312545562096743,5074.966564466197,1.1453892,1.2415074,0.0,True,1.4995196850448242,1.29123411346772
1051,153,353.94675,1207,4116.0117,3.9934564,4,142.42462,1.2116052539661917,0.6051579455213463,1785.1039290019376,1.0204972,0.79822987,0.0,True,1.1542728377763343,0.6630795228649424
1052,111906,472.5744,1207,3082.793,3.0079536,5,42.693832,1.6174195842684578,1.4469264935104669,5493.881733679542,1.1068655,1.159485,0.0,True,1.4642533589879205,1.3606940454573269
1053,71904,487.87912,1207,2986.0859,1.9870908,4,70.350082,1.6697661240643211,1.3974120085440616,5456.00829991777,1.1453514,1.2275809,0.0,True,1.5124417068450247,1.3464626759808431
1054,2357,353.06451,1207,4126.2969,2.9996638,4,42.458172,1.20858667205216,0.9327044671960593,2741.896541244462,1.0202295,0.89779931,0.0,True,1.152079520436512,0.9222329200372414
1055,191,339.98282,1207,4285.0664,4.0035791,4,71.211433,1.1638272296445535,0.6286169725460031,1789.2242512102157,0.98963952,0.39088416,0.0,True,1.1115709167511876,0.5572971287822022
1056,66301,487.86127,1207,2986.1953,3.0222983,5,71.294128,1.6697049927139131,1.3872683968584874,5416.231147789764,1.1453512,1.2280064,0.0,True,1.5123988548997391,1.3394897978009412
1057,2874,354.49243,1207,4109.6758,3.023222,4,43.802078,1.2134722809649168,0.9569780654535299,2823.2329136703206,1.0201267,0.8940863,0.0,True,1.1554686066754418,0.9381105358174708
1058,110537,472.57379,1207,3082.7969,3.0012336,5,103.69921,1.617417539421882,1.4453942830740891,5488.057870651624,1.1068655,1.1566738,0.0,True,1.4642519275953174,1.3587781381518624
1059,579,336.11935,1207,4334.3203,3.9761577,4,70.537468,1.1506079501586284,0.7597634616042895,2139.3158873050725,1.0106432,0.81604266,0.0,True,1.1086185251110399,0.7766472211230027
1060,257,353.06418,1207,4126.3008,3.0188017,4,103.96576,1.208585530302019,0.6669530036241781,1961.9169430049367,1.0202295,0.77297169,0.0,True,1.1520787212114132,0.6987586095369247
1061,12309,411.46616,1207,3540.6289,3.016552,5,128.00342,1.4083904220434291,1.1523644753302347,3875.290523913924,1.031684,0.98455596,0.0,True,1.2953784954304004,1.1020219207311643
1062,1251,353.08023,1207,4126.1133,3.0703526,5,101.51164,1.2086404245770699,0.85667229107785,2518.625776412773,1.0188262,0.85788065,0.0,True,1.1516961572039488,0.8570347987544951
1063,11796,411.22888,1207,3542.6719,3.0177996,5,70.255875,1.4075786849593186,1.147075315604738,3855.55256702791,1.0317087,0.98860371,0.0,True,1.294817689471523,1.0995338339233165
1064,49603,463.50854,1207,3143.0898,3.0261497,5,101.88981,1.586410859115771,1.3424310925046437,5011.383377850581,1.1323273,1.1495026,0.0,True,1.4501857913810396,1.2845525447532506
1065,10731,410.2518,1207,3551.1094,2.9605634,5,71.383522,1.404236135148062,1.1351693215650835,3807.579113995141,1.0314975,0.98690653,0.0,True,1.2924145446036432,1.0906904840955585
1066,108261,472.55402,1207,3082.9258,3.0178199,5,104.36395,1.6173499575303396,1.4427973279494632,5477.996817470932,1.1068653,1.1547043,0.0,True,1.4642045602712377,1.3563694195646243
1067,9363,410.22925,1207,3551.3047,4.0859213,6,72.586876,1.4041589542304798,1.1184837562598788,3751.437622510518,1.0314971,0.98944867,0.0,True,1.2923603979613358,1.0797732303819152
1068,0,349.7991,1207,4164.8164,2.0656841,3,56.584431,1.1974140765151662,0.0,242.46225992740636,1.0122626,0.0,0.0,True,1.1418686335606163,0.0
1069,45618,461.71478,1207,3155.3008,3.0485604,5,37.267776,1.5802753451981038,1.3313923942401586,4953.323021968688,1.1302012,1.136426,0.0,True,1.4452531016386725,1.2729024759681111
1070,0,339.65182,1207,4289.2422,2.013097,2,43.302917,1.1626947114787065,0.0,235.42870140505403,0.98948056,0.0,0.0,True,1.1107304660350945,0.0
1071,42723,460.39929,1207,3164.3164,2.9902089,5,36.175625,1.5757757536847072,1.3227877901200606,4909.025619072687,1.128612,1.1313471,0.0,True,1.441626627579295,1.2653555830840424
1072,7,353.89032,1207,4116.668,3.9985399,4,141.71748,1.2114121875359338,0.24982694567879465,777.5765087853795,1.0207012,0.15542495,0.0,True,1.1541988912751537,0.22150634697515625
1073,23898,481.39163,1207,3026.3281,4.1035733,6,205.82976,1.6475772924387713,1.257668538295993,4853.214098160111,1.1454072,1.2547268,0.0,True,1.4969262647071397,1.256786016807195
1074,6819,406.52631,1207,3583.6523,3.0093813,5,91.139961,1.3914914760737533,1.0785146255832092,3588.717254353227,1.105417,0.92182094,0.0,True,1.3056691332516273,1.0315065199082465
1075,24,353.53073,1207,4120.8555,4.0845242,4,141.12564,1.2101817809560023,0.38667293968159916,1151.8372474972073,1.0204709,0.69414771,0.0,True,1.1532685166692016,0.47891537077711943
1076,5792,410.24142,1207,3551.1992,2.9845109,5,49.755291,1.4042006458895546,1.0597513921789792,3554.5688555788233,1.031145,0.89580387,0.0,True,1.2922839521226883,1.0105671355252854
1077,4715,409.26004,1207,3559.7148,2.0079293,4,47.809402,1.4008433835337541,1.0342906098486937,3461.9013275740485,1.0303758,0.85454255,0.0,True,1.289703108473628,0.9803661918940856
1078,3313,394.67007,1207,3691.3086,2.6078489,4,45.045723,1.3509308730968892,0.9867749886022421,3199.2796137119235,1.0822225,0.82968628,0.0,True,1.2703183611678224,0.9396483760215695
1079,3717,409.26004,1207,3559.7148,2.0508556,4,47.3904,1.4008433835337541,1.0052166299766725,3364.6127718881776,1.0303758,0.82115215,0.0,True,1.289703108473628,0.9499972859836707
1080,2708,403.00372,1207,3614.9766,2.5515149,4,42.288403,1.3794406664434182,0.9646879421326313,3185.6250827896797,1.0247303,0.71925986,0.0,True,1.2730275565103928,0.8910595174928418
1081,0,333.13297,1207,4373.1758,2.0148804,2,161.22159,1.1403895156885464,0.0,230.91017890706084,1.0064044,0.0,0.0,True,1.1001939809819825,0.0
1082,12087,480.98434,1207,3028.8906,3.9919775,6,13.09802,1.6461843299834868,1.1725130227392369,4521.277435481939,1.1461581,1.2604651,0.0,True,1.4961764609884407,1.1988986459174658
1083,6567,478.80273,1207,3042.6914,4.0128427,6,16.078314,1.6387226014479657,1.0958029101847784,4208.731965336034,1.1452813,1.2607852,0.0,True,1.4906902110135758,1.1452975971293449
1084,0,478.06317,1207,3047.3984,2.0116553,3,15.95837,1.6361930968463316,0.0,331.3681384150498,,,,False,1.6361930968463316,0.0
1085,11155,378.42499,1207,3849.7695,2.8917394,5,133.63094,1.2953538916631042,1.1287687410429998,3526.8536919346,1.1161488,1.1045448,0.0,True,1.2415923641641728,1.1215015587300998
1086,2468,324.92206,1207,4483.6875,2.1790862,3,21.838388,1.1122942941554108,0.9289676886962955,2538.2824994180523,1.0173429,0.81442273,0.0,True,1.0838088759087876,0.8946042010874069
1087,1484,296.14279,1207,4919.4141,1.0563214,2,111.37423,1.0138152389196937,0.8590393876327739,2162.980510456338,0.98255926,0.74392623,0.0,True,1.0044384452437856,0.8245054403429417
1088,500,254.06752,1207,5734.1016,0.95144033,2,39.135509,0.8698250065191051,0.7182917188407633,1579.9443102817806,0.97386968,0.72136563,0.0,True,0.9010384085633736,0.7192138921885343
1089,322,251.0358,1207,5803.3516,1.5295516,4,64.761353,0.8594491695583518,0.6666490347531924,1451.17357308174,0.9921723,0.79875541,0.0,True,0.8992661086908462,0.7062809473272347
1090,1857,371.87454,1207,3917.582,2.0315051,3,16.656628,1.272943036174329,0.9097486236726025,2799.394926398678,1.022542,0.63113779,0.0,True,1.1978227253220304,0.8261653735708216
1091,1809,335.47357,1207,4342.6641,1.4446704,3,73.042671,1.148398241331073,0.8954448300690001,2516.600092421163,0.955365,0.62386435,0.0,True,1.0904882689317512,0.8139706860483
1092,1290,336.28546,1207,4332.1797,3.3776419,5,136.87375,1.1511762217921535,0.8553533586794407,2409.1311061596084,1.0073274,0.84847236,0.0,True,1.1080215752545075,0.8532890590756086
1093,629,323.20752,1207,4507.4727,2.6267543,4,17.242237,1.1064275012939426,0.7660564970031838,2083.8177385134063,0.97801059,0.78709012,0.0,True,1.0679024279057598,0.7723665839022287
1094,959,335.38428,1207,4343.8203,3.9241796,4,133.42732,1.148092711429934,0.819717014465641,2303.410652210927,1.0077264,0.87310171,0.0,True,1.1059828180009537,0.8357324231259488
1095,264,319.15662,1207,4564.6836,2.816628,4,36.616699,1.0925663016404834,0.6621440319934285,1782.0098096932434,0.92795074,0.45865086,0.0,True,1.0431816331483383,0.6010960803954
1096,1643,300.45917,1207,4848.7422,5.2730217,5,28.268633,1.028585813448146,0.8724880777227757,2225.049080403513,1.012567,0.80525273,0.0,True,1.023780169413702,0.852317473405943
1097,0,372.50485,1207,3910.9531,5.1191907,5,165.53879,1.2750995179610634,0.0,258.2006865224053,0.97819674,0.0,0.0,True,1.1860286845727444,0.0
1098,1744,346.08408,1207,4209.5234,7.4200945,7,79.19545,1.1847030486911811,0.8944013173035774,2583.5462909507196,0.94371706,0.66278726,0.0,True,1.1124072520838268,0.8249171001125042
1099,0,259.11108,1207,5622.4883,5.3295751,5,43.211742,0.8870859615112452,0.0,179.60211455384243,0.98197794,0.0,0.0,True,0.9155535550578716,0.0
1100,17430,415.1944,1207,3508.8359,3.6865854,6,66.056488,1.421144352435911,1.1962435127515059,4054.814616422365,1.035762,0.99957013,0.0,True,1.3055296467051378,1.1372414979260541
1101,81,310.3548,1207,4694.1406,4.0050759,4,80.018059,1.062447877223746,0.5212147612432579,1371.4083930645918,0.93316638,0.35966167,0.0,True,1.0236634280566221,0.47274883387028055
1102,14754,422.1441,1207,3451.0703,4.1976852,6,15.82395,1.4449183416897853,1.178221882202465,4052.332209047352,1.0739793,1.0321016,0.0,True,1.3336366291828496,1.1343857975417255
1103,8775,344.3035,1207,4231.293,3.9163401,6,52.540802,1.178610743838012,1.0872718027807824,3126.237886849265,0.9880572,0.9516322,0.0,True,1.1214446806866083,1.0465799219465477
1104,2675,327.90424,1207,4442.9102,3.025599,4,79.273636,1.1224984053928129,0.9395622386641361,2587.9684890669882,0.93409544,0.89875036,0.0,True,1.0659775157749691,0.9273186750648953
1105,4347,344.96335,1207,4223.1992,3.0978689,5,47.226986,1.1808684929255522,1.0034031280256466,2889.9998755967435,0.98817754,0.89317131,0.0,True,1.1230612070478865,0.9703335826179526
1106,4430,311.80756,1207,4672.2695,3.0994058,5,20.835291,1.0674191147117744,0.9936495563729337,2618.125300366663,0.93066353,0.91626459,0.0,True,1.026392439298242,0.9704340664610536
1107,893,377.40024,1207,3860.2227,4.2165852,4,91.085342,1.2918479847405613,0.8227986811082731,2565.1229025146226,1.0379508,0.87511885,0.0,True,1.2156788293183929,0.8384947317757911
1108,83671,470.47653,1207,3096.5391,4.0321512,6,82.92469,1.6102441991499314,1.4099573831303063,5332.696974251163,1.1034143,1.1323997,0.0,True,1.4581952294049518,1.3266900781912143
1109,2578,344.64523,1207,4227.0977,2.9902761,4,52.773705,1.1797799354728193,0.9407395777032247,2707.37600229552,0.98777014,0.79938293,0.0,True,1.1221769968309734,0.8983325833922573
1110,6339,374.75479,1207,3887.4727,2.7428973,4,38.869045,1.282797180094425,1.0590770879068987,3280.9001488991353,1.1127672,1.0984688,0.0,True,1.2317881860660973,1.070894601534829
1111,0,353.30331,1207,4123.5078,1.9984653,3,149.98763,1.209403751851893,0.0,244.89119320899633,,,,False,1.209403751851893,0.0
1112,0,373.69476,1207,3898.5,2.0128379,3,223.0448,1.2791705195780667,0.0,259.0254692840254,,,,False,1.2791705195780667,0.0
1113,0,254.81796,1207,5717.2148,1.8585111,2,35.777439,0.872393289305072,0.0,176.62635053003692,0.85657257,0.0,0.0,True,0.8676470735135504,0.0
1114,11146,417.72278,1207,3487.5977,3.8119457,5,79.124687,1.4297936440106689,1.1423292307614372,3892.7650149895403,1.0691988,1.0011257,0.0,True,1.321615190807468,1.099968171533006
1115,0,300.89572,1207,4841.707,1.1333563,2,19.488129,1.0300797739446768,0.0,208.56501996055474,0.91779011,0.0,0.0,True,0.9963928747612738,0.0
1116,21690,451.90417,1207,3223.8008,7.1596179,8,156.76268,1.5467181394505976,1.2358395990477764,4512.127027511583,1.1070688,1.0646378,0.0,True,1.4148233376154182,1.1844790593334436
1117,3645,377.34375,1207,3860.8008,3.4780221,5,36.928284,1.2916546490345164,0.9929751992497383,3094.845212625463,0.97705328,0.76974511,0.0,True,1.1972742383241615,0.9260061724748168
1118,4692,327.60526,1207,4446.9648,3.0208318,5,81.466911,1.1214754074058417,1.0063299675030226,2769.5880955646135,0.93338674,0.89375228,0.0,True,1.0650488071840891,0.9725566612521158
1119,29182,423.13937,1207,3442.9531,4.0421195,6,155.14844,1.448322942804141,1.2622955692508544,4350.454918043916,1.0307806,1.0167476,0.0,True,1.3230602399628988,1.188631178475598
1120,5755,389.98965,1207,3735.6094,3.9331126,5,85.088112,1.3349186813406049,1.0524561710206624,3376.597383945594,0.98239094,0.86605054,0.0,True,1.2291603589384235,0.9965344817144637
1121,8360,392.45276,1207,3712.1641,4.6150494,6,55.834373,1.3433452258111722,1.098678541392152,3544.4186220916713,1.0458051,0.96135592,0.0,True,1.2540831880678205,1.0574817549745064
1122,8581,340.84256,1207,4274.2578,4.3528442,5,79.065575,1.1667689005125577,1.0832854050094751,3087.1947056601193,0.95775986,0.80659354,0.0,True,1.1040661883587903,1.0002778455066326
1123,1605,329.18842,1207,4425.5781,6.7504449,7,34.503979,1.126892513000335,0.8791862767198898,2430.109856200634,0.93692297,0.78341949,0.0,True,1.0699016501002345,0.8504562407039229
1124,10540,409.29596,1207,3559.4023,7.2671623,9,133.29684,1.4009663024068493,1.1326500413421012,3791.3586397348895,1.0345414,0.99674273,0.0,True,1.2910388316847945,1.0918778479394708
1125,4,248.8974,1207,5853.2109,4.7221785,5,107.92924,0.8521306400106354,0.18552046516318993,445.9642733162429,0.99096972,0.83688545,0.0,True,0.8937823640074449,0.380929960614233
1126,2960,360.05719,1207,4046.1602,3.898432,7,64.709404,1.2325116509999405,0.9623197115983321,2878.160353265492,0.96264148,0.81326002,0.0,True,1.1515505996999584,0.9176018041188325
1127,2197,373.00369,1207,3905.7227,2.3262625,4,71.798119,1.2768062103317233,0.9303995694439283,2870.5461278239113,1.1111292,1.0962498,0.0,True,1.2271031072322063,0.9801546386107498
1128,3637,408.79172,1207,3563.793,4.7956867,6,106.92986,1.3992412379558345,1.002416699736983,3351.873072420295,1.0327946,0.96339732,0.0,True,1.2893072465690842,0.9907108858158881
1129,1739,334.38773,1207,4356.7656,2.7641115,3,126.99603,1.144682937668006,0.890392105465011,2495.2731144811714,0.99107528,0.95702159,0.0,True,1.0986006403676043,0.9103809508255077
1130,7,232.83841,1207,6256.9102,3.0961185,4,52.253559,0.7971682692642321,0.2378700875227282,511.59827699988745,0.93060905,0.74772,0.0,True,0.8372005034849626,0.39082506126590977
1131,2155,286.78748,1207,5079.8906,2.854696,3,29.268894,0.9818008698601756,0.8995005735753488,2201.516532334357,0.90507126,0.54974526,0.0,True,0.9587819869021228,0.7945739795027442
1132,4005,295.6102,1207,4928.2773,3.0940773,5,16.108948,1.011992694937108,0.9755620169317331,2452.322538644773,0.98732609,0.97324771,0.0,True,1.0045927134559758,0.9748677248522131
1133,7260,336.02124,1207,4335.5859,2.7915599,4,36.842625,1.1502722312921223,1.0614866171523114,2987.366777783482,0.97095901,0.910851,0.0,True,1.0964782649044855,1.016295932006618
1134,10528,300.42795,1207,4849.2461,3.2147384,5,28.633961,1.0284789740133464,1.091277679147547,2782.558747422221,0.98124427,0.93601853,0.0,True,1.0143085628093425,1.0446999344032828
1135,0,372.04816,1207,3915.7539,0.17193496,2,32.103096,1.273537016098497,0.0,257.8841331365154,,,,False,1.273537016098497,0.0
1136,0,251.5054,1207,5792.5156,2.4758015,2,62.190208,0.861056377450127,0.0,174.33025890560126,0.87663531,0.0,0.0,True,0.8657300572150889,0.0
1137,554,265.5162,1207,5486.8555,3.7232676,4,133.31454,0.9090063696547029,0.7338543338811433,1678.2663785698967,1.0369405,0.99402177,0.0,True,0.9473866087582921,0.8119045647168003
1138,5500,310.88669,1207,4686.1094,2.4577417,4,19.775908,1.0642679566339148,1.0188911938464407,2677.6256948485457,0.95215368,0.82320696,0.0,True,1.0306336736437405,0.9601859236925085
1139,17,255.36879,1207,5704.8828,2.89888,3,16.855877,0.8742784434988307,0.33416234351178464,751.9178193385691,0.87329352,0.30125776,0.0,True,0.8739829664491814,0.32429096845824923
1140,2155,316.07529,1207,4609.1836,2.9319921,3,21.206985,1.0820225444101268,0.9098618311309039,2426.3436339598097,0.93163002,0.83881724,0.0,True,1.0369047870870887,0.8885484537916327
1141,6934,313.25955,1207,4650.6133,3.0420208,4,20.612036,1.0723875572496535,1.047237208131511,2770.6179871966647,0.95284885,0.85570192,0.0,True,1.0365259450747575,0.9897766216920577
1142,2208,251.05743,1207,5802.8516,3.0494294,4,94.49147,0.859523198080421,0.8885002221856366,1933.3299503683004,0.87671983,0.86128289,0.0,True,0.8646821876562947,0.8803350225299456
1143,0,214.81384,1207,6781.9141,0.81365252,1,22.283968,0.7354757943668905,0.0,148.89760754125518,0.81453437,0.0,0.0,True,0.7591933670568233,0.0
1144,10598,415.08673,1207,3509.7461,2.0591137,4,18.746462,1.4207760098642237,1.1352695754260747,3847.2767177244286,1.0251925,0.93742889,0.0,True,1.3021009569049566,1.0759173697982523
1145,0,415.02161,1207,3510.2969,1.0278653,2,43.150295,1.4205532031230756,0.0,287.6710588429492,1.0251899,0.0,0.0,True,1.3019442121861529,0.0
1146,0,286.71979,1207,5081.0898,0.7890361,2,74.2659,0.9815692438906448,0.0,198.7390140492396,,,,False,0.9815692438906448,0.0
1147,27634,421.50192,1207,3456.3281,4.6338062,7,63.493828,1.4427215889707656,1.2550070124084034,4310.647258259196,1.0291439,1.0086025,0.0,True,1.318648282279536,1.1810856586858822
1148,13241,349.44217,1207,4169.0703,2.6464045,5,10.913376,1.196192884021698,1.138550621255921,3316.6340467730042,0.97821796,0.93471152,0.0,True,1.1308004068151887,1.0773988908791448
1149,16196,392.10123,1207,3715.4922,4.4228296,6,26.069809,1.3421425905383875,1.1789921679637456,3800.497264525743,0.98598373,0.89251673,0.0,True,1.2352949323768712,1.093049536574622
1150,0,220.27682,1207,6613.7188,1.003051,2,19.699795,0.7541742269357412,0.0,152.68425672571055,0.81571841,0.0,0.0,True,0.7726374818550188,0.0
1151,0,219.65152,1207,6632.5469,1.0212839,2,32.246487,0.7520339650646299,0.0,152.25083179370642,0.81460565,0.0,0.0,True,0.770805470545241,0.0
1152,103,361.78082,1207,4026.8828,4.352057,5,40.818298,1.2384089732305563,0.5594645611625079,1683.713591727476,1.0121974,0.34692156,0.0,True,1.1705455012613895,0.4957016608137555
1153,19396,416.74722,1207,3495.7617,4.4315,6,92.543961,1.4264564140016311,1.2098866184873922,4114.51414993568,1.0265131,1.0043905,0.0,True,1.3064734198011418,1.1482377829411745
1154,4462,268.08862,1207,5434.207,3.9747989,4,34.046341,0.9178099015755377,0.9770440824287459,2252.963279889057,0.89219272,0.91350472,0.0,True,0.9101247471028764,0.9579822737001221
1155,11809,344.81982,1207,4224.957,3.0334749,5,48.108654,1.1803774231945696,1.123029032824559,3233.301860560173,0.98733354,0.99094737,0.0,True,1.1224642582361988,1.0834045339771912
1156,4306,327.43555,1207,4449.2695,3.0050211,5,83.068916,1.1208947496021637,0.996051459132369,2740.0556776739645,0.93333483,0.87665439,0.0,True,1.0646267737215147,0.9602323383926583
1157,8104,344.81442,1207,4225.0234,2.0197811,4,13.212285,1.180358881290851,1.0779384803022067,3103.453846706929,0.98733348,0.97095734,0.0,True,1.1224512609035957,1.0458441382115446
1158,17073,415.12323,1207,3509.4375,1.9283262,4,25.909163,1.420900873677589,1.1936837221392471,4045.529756071624,1.025193,0.99050194,0.0,True,1.3021885115743124,1.132729187497473
1159,941,308.99918,1207,4714.7344,2.9874983,4,37.529892,1.0578091086948311,0.8095445445691355,2116.355865099387,0.92917085,0.69915932,0.0,True,1.0192176310863819,0.7764289771983949
1160,647,344.81824,1207,4224.9766,2.9921081,4,94.784019,1.1803719499214282,0.7753646475160006,2232.847312612323,0.98733354,0.47153395,0.0,True,1.1224604269449998,0.6842154382612005
1161,30944,454.01334,1207,3208.8242,3.4308259,6,123.56216,1.5539326667633342,1.2805555644161144,4694.4974947755745,1.1052028,1.0455995,0.0,True,1.419313706734334,1.2100687450912802
1162,3216,327.46201,1207,4448.9102,3.0012832,5,38.375629,1.1209852338998547,0.9613283430309063,2644.7519429560944,0.9333353,0.85479087,0.0,True,1.0646902537298983,0.9293671011216345
1163,233,333.71243,1207,4365.582,4.0161762,5,108.05731,1.14237228095872,0.650822598219928,1821.9315487178465,0.98864043,0.76647973,0.0,True,1.096252725671104,0.6855197377539497
1164,1084,308.84283,1207,4717.1211,3.0211849,4,41.891407,1.0572741207285925,0.8262026274196931,2158.8906000384263,0.92865908,0.83144987,0.0,True,1.0186896085100148,0.8277768001937852
1165,2262,334.6701,1207,4353.0898,3.9926779,5,59.690689,1.1456490774574268,0.921845368817517,2585.289186477097,0.98986751,0.88019317,0.0,True,1.0989146072201987,0.9093497091722618
1166,28688,411.57016,1207,3539.7344,2.0032434,4,69.775085,1.4087461249534265,1.2559284756864866,4224.481202105635,1.0313864,1.0443026,0.0,True,1.2955382074673985,1.1924407129805406
1167,0,263.90939,1207,5520.2617,2.0014591,2,29.315331,0.9035074544935545,0.0,182.928049601795,0.87400854,0.0,0.0,True,0.8946577801454881,0.0
1168,10287,407.35889,1207,3576.3281,2.6899021,3,33.285351,1.3943396111760262,1.1290250579198262,3763.5197953761963,1.0282762,0.92512304,0.0,True,1.2845205878232184,1.0678544525438782
1169,8565,320.8717,1207,4540.2852,1.6019241,3,11.353845,1.0984349048831739,1.075302217167526,2905.7091554884187,0.92858559,0.86931926,0.0,True,1.0474801104182216,1.0135073300172681
1170,24272,453.13791,1207,3215.0234,2.9988556,5,51.15881,1.550938240490961,1.2501815944367152,4575.406476729816,1.1028342,0.96790636,0.0,True,1.4165070283436727,1.1654990241057006
1171,1199,339.85797,1207,4286.6406,3.0492306,4,98.464241,1.1634000320787545,0.8476939552961644,2409.9022175851646,0.98645806,0.88677812,0.0,True,1.1103174404551281,0.8594192047073151
1172,6679,308.20145,1207,4726.9375,2.8539221,4,40.509232,1.0550794151147587,1.0407964515425394,2714.3372451995183,0.923904,0.66285694,0.0,True,1.015726790580331,0.9274145980797777
1173,0,305.17691,1207,4773.7852,1.415393,2,47.274353,1.0447296942111737,0.0,211.5325147384962,0.92494977,0.0,0.0,True,1.0087957169478217,0.0
1174,22607,452.61713,1207,3218.7227,3.016119,4,53.400223,1.5491568434669178,1.2412065915949064,4537.986117058287,1.1018888,0.8890692,0.0,True,1.4149764304268424,1.1355653741164344
1175,48754,488.98959,1207,2979.3047,2.0176973,4,40.468712,1.6735641317085934,1.3492442027928453,5278.4389822696185,1.0500456,1.0717753,0.0,True,1.4865085721960154,1.2660035319549916
1176,39934,487.8638,1207,2986.1797,2.0314612,4,30.866354,1.6697137095249823,1.3239202453852685,5168.933280887675,1.049136,1.0368512,0.0,True,1.4835403966674876,1.237799531769688
1177,6614,488.26749,1207,2983.7109,1.8471403,3,53.96632,1.6710943486237226,1.0993719321595175,4295.409338907178,1.0491493,0.87031782,0.0,True,1.4845108340366058,1.0306556985116622
1178,5402,367.5069,1207,3964.1406,2.7407002,3,76.254082,1.2579999336418504,1.0372817035664041,3158.6831066853565,0.95734388,0.71667451,0.0,True,1.1678031175492953,0.9410995454964829
1179,0,337.9725,1207,4310.5547,0.99817061,2,26.029226,1.1569487133958554,0.0,234.26468548179614,0.96472991,0.0,0.0,True,1.0992830723770988,0.0
1180,0,245.95093,1207,5923.332,1.720359,4,156.53021,0.8420464223125808,0.0,170.48019368559648,,,,False,0.8420464223125808,0.0
1181,6154,262.05286,1207,5559.3711,3.0585587,4,20.22003,0.8971536914007139,1.0117396650127832,2286.459026825881,0.9790706,0.87239379,0.0,True,0.9217287639804997,0.9699359025089482
1182,259,277.4191,1207,5251.4375,4.1005459,4,15.756195,0.9497409289849263,0.6490945630512706,1543.704243331095,0.95179856,0.58983886,0.0,True,0.9503582182894484,0.6313178521358893
1183,18378,488.2515,1207,2983.8086,2.0063374,4,37.348667,1.6710396679861694,1.227069753070857,4794.150460330495,1.049149,1.0162189,0.0,True,1.4844724675903187,1.1638144971495998
1184,7483,349.20889,1207,4171.8555,3.7662816,4,42.323971,1.1953946684580359,1.0700130996562325,3115.172483495801,0.94420844,0.95632333,0.0,True,1.1200387999206252,1.0359061687593627
1185,7820,276.16089,1207,5275.3633,1.6160853,3,26.315096,0.9454351212876038,1.0458732143400513,2475.698303134962,0.95365191,0.83304226,0.0,True,0.9479001579013226,0.982023928038036
1186,9050,293.86743,1207,4957.5039,1.545964,3,128.92719,1.0060289722958478,1.0706721543662898,2677.3500450502424,0.92818427,0.78075367,0.0,True,0.9826755616070935,0.9836966090564028
1187,0,349.8739,1207,4163.9258,1.9900815,2,87.560829,1.1976700621058227,0.0,242.51410733651224,0.94568425,0.0,0.0,True,1.1220743184740758,0.0
1188,0,270.39105,1207,5387.9336,1.2589344,2,15.916673,0.9256894392194829,0.0,187.4207939561432,0.85621828,0.0,0.0,True,0.9048480914536381,0.0
1189,8705,347.57675,1207,4191.4453,3.0282865,4,38.24926,1.189810347976698,1.0875441954934735,3153.175463130869,0.94200307,0.96858269,0.0,True,1.1154681645836886,1.0518557438454315
1190,3161,287.99109,1207,5058.6602,2.7072353,4,23.953459,0.9859197050247018,0.9448393737137352,2320.999744160877,0.87825537,0.88512093,0.0,True,0.9536204045172914,0.9269238405996145
1191,0,234.14334,1207,6222.0391,1.249609,2,15.745177,0.8016345224460831,0.0,162.29579596788867,0.8046006,0.0,0.0,True,0.8025243457122582,0.0
1192,0,269.03543,1207,5415.082,2.0106997,2,45.611023,0.92105022807745,0.0,186.48114977523252,0.85439605,0.0,0.0,True,0.901053974654215,0.0
1193,28,244.70607,1207,5953.4648,3.1091084,4,32.611046,0.8377859292551354,0.38739137007848057,832.2936445608361,0.82035196,0.2476393,0.0,True,0.8325557384785948,0.3454657490549364
1194,1366,297.24054,1207,4901.2461,3.3780649,4,20.575668,1.0175717289846513,0.849669996295918,2146.405178780518,0.99565583,0.71510518,0.0,True,1.0109969592892558,0.8093005514071425
1195,5955,288.09097,1207,5056.9062,5.5587096,6,53.306774,0.9862615384357687,1.0191170355136632,2504.179556514658,0.98917359,0.90220708,0.0,True,0.9871351539050381,0.9840440488595643
1196,9468,304.82944,1207,4779.2266,2.3471494,3,82.888748,1.0435407122545184,1.0806260285982423,2790.9830491781427,1.0048202,0.74146461,0.0,True,1.031924558578163,0.9788776030187696
1197,7617,275.02615,1207,5297.1289,5.592689,5,50.161804,0.9415518485716113,1.0423046238162426,2458.2938509507067,0.99182647,0.72087741,0.0,True,0.9566342350001279,0.9458764596713698
1198,2158,228.06752,1207,6387.7969,6.0357628,6,121.22497,0.7808393114363695,0.8761541032624861,1751.0712874981978,1.0950732,1.0314884,0.0,True,0.8751094780054587,0.9227543922837403
1199,4624,229.71826,1207,6341.8945,2.6546574,3,67.380516,0.7864892159877893,0.9638881267496886,1938.6952738067903,0.99601597,0.74201852,0.0,True,0.8493472421914525,0.897327244724782
1200,6649,261.88446,1207,5562.9453,1.1319776,2,24.87888,0.896577476083053,1.0206332687308004,2305.2438511010664,0.95471954,0.55844444,0.0,True,0.9140200952581372,0.8819766201115602
1201,8676,290.14191,1207,5021.1602,2.5506973,3,36.058865,0.9932800095872413,1.0641183594870736,2631.1653636587557,0.9801228,0.75797266,0.0,True,0.9893328467110689,0.9722746496409516
1202,0,23.510204,3,0.3828125,0.12109313,1,24.590534,1.5683956747946184,0.0,16.29603161698915,,,,False,1.5683956747946184,0.0
1203,2,34.388062,3,0.26171875,0.26330617,2,227.80725,1.6523685002154012,0.9292521134481196,47.671976440441185,1.1082163,1.1148931,0.0,True,1.4891228401507808,0.9849444094136837
1204,0,22.368933,3,0.40234375,0.14221305,1,426.47733,1.5556444904466946,0.0,15.504962841084318,1.1101494,1.1155016,11.434955824461866,True,1.4219959633126862,0.33465048000000003
1205,15376,308.39795,1207,4723.9258,3.7422028,5,78.074501,1.0557517876421694,1.1394153885986282,2973.1700180995604,1.0351136,1.0085799,0.0,True,1.0495603313495185,1.1001647420190397
1206,0,379.12589,1207,3842.6523,0.81819868,2,181.85898,1.2977518439350806,0.0,262.79004173078,1.1922585,1.3880442,12.96963053804828,True,1.2661038407545564,0.41641326000000006
1207,2225,242.01108,1207,6019.7617,2.9742379,3,75.787994,0.82856228130287,0.8856365379056794,1865.5207906664762,0.92420101,0.86437756,0.0,True,0.8572538999120091,0.8792588445339755
1208,0,200.7312,1207,7257.7109,1.0279773,1,49.027191,0.6872731821337746,0.0,139.1362653304145,0.83884048,0.0,0.0,True,0.7327433714936422,0.0
1209,13290,305.98563,1207,4761.168,2.0882139,4,24.090973,1.0474970884113786,1.1211452302821325,2905.3083526528567,1.0311182,0.99523538,0.0,True,1.042583421887965,1.0833722751974928
1210,6633,244.4791,1207,5958.9922,1.9006047,3,57.235928,0.8370090824165562,1.0122858953446117,2151.4439376028745,0.96946013,0.8505944,0.0,True,0.8767443966915894,0.963778446741228
1211,4426,223.21535,1207,6526.6523,0.89073908,2,68.301376,0.7642319398161622,0.9557574316639941,1874.0498492280874,0.92478889,0.80123913,0.0,True,0.8123990248713135,0.9094019411647958
1212,2215,207.24881,1207,7029.4688,0.58224177,2,50.862099,0.7095821304951605,0.8696324401993721,1596.626223289831,0.89832282,0.74672467,0.0,True,0.7662043373466123,0.8327601091395604
1213,0,201.57962,1207,7227.1641,0.16383125,1,3.6996529,0.690177251836661,0.0,139.72434526134515,,,,False,0.690177251836661,0.0

metric,value
avg_local_nain,1.282495
avg_local_nach,0.888439
avg_citywide_nain,1.029612
avg_citywide_nach,0.838544
avg_blended_nain,1.208994
avg_blended_nach,0.86311
avg_segment_length,69.6107
blended_nain_nach_pearson_r,0.638305
blended_nain_nach_p_value,6.8141e-140
pct_citywide_matched,95.88
