  0
SECTION
  2
HEADER
  9
$ACADVER
  1
AC1015
  9
$ACADMAINTVER
 70
6
  9
$DWGCODEPAGE
  3
ANSI_1252
  9
$INSBASE
 10
0.0
 20
0.0
 30
0.0
  9
$EXTMIN
 10
1e+20
 20
1e+20
 30
1e+20
  9
$EXTMAX
 10
-1e+20
 20
-1e+20
 30
-1e+20
  9
$LIMMIN
 10
0.0
 20
0.0
  9
$LIMMAX
 10
420.0
 20
297.0
  9
$ORTHOMODE
 70
0
  9
$REGENMODE
 70
1
  9
$FILLMODE
 70
1
  9
$QTEXTMODE
 70
0
  9
$MIRRTEXT
 70
1
  9
$LTSCALE
 40
1.0
  9
$ATTMODE
 70
1
  9
$TEXTSIZE
 40
2.5
  9
$TRACEWID
 40
1.0
  9
$TEXTSTYLE
  7
Standard
  9
$CLAYER
  8
0
  9
$CELTYPE
  6
ByLayer
  9
$CECOLOR
 62
256
  9
$CELTSCALE
 40
1.0
  9
$DISPSILH
 70
0
  9
$DIMSCALE
 40
1.0
  9
$DIMASZ
 40
2.5
  9
$DIMEXO
 40
0.625
  9
$DIMDLI
 40
3.75
  9
$DIMRND
 40
0.0
  9
$DIMDLE
 40
0.0
  9
$DIMEXE
 40
1.25
  9
$DIMTP
 40
0.0
  9
$DIMTM
 40
0.0
  9
$DIMTXT
 40
2.5
  9
$DIMCEN
 40
2.5
  9
$DIMTSZ
 40
0.0
  9
$DIMTOL
 70
0
  9
$DIMLIM
 70
0
  9
$DIMTIH
 70
0
  9
$DIMTOH
 70
0
  9
$DIMSE1
 70
0
  9
$DIMSE2
 70
0
  9
$DIMTAD
 70
1
  9
$DIMZIN
 70
8
  9
$DIMBLK
  1

  9
$DIMASO
 70
1
  9
$DIMSHO
 70
1
  9
$DIMPOST
  1

  9
$DIMAPOST
  1

  9
$DIMALT
 70
0
  9
$DIMALTD
 70
3
  9
$DIMALTF
 40
0.03937007874
  9
$DIMLFAC
 40
1.0
  9
$DIMTOFL
 70
1
  9
$DIMTVP
 40
0.0
  9
$DIMTIX
 70
0
  9
$DIMSOXD
 70
0
  9
$DIMSAH
 70
0
  9
$DIMBLK1
  1

  9
$DIMBLK2
  1

  9
$DIMSTYLE
  2
ISO-25
  9
$DIMCLRD
 70
0
  9
$DIMCLRE
 70
0
  9
$DIMCLRT
 70
0
  9
$DIMTFAC
 40
1.0
  9
$DIMGAP
 40
0.625
  9
$DIMJUST
 70
0
  9
$DIMSD1
 70
0
  9
$DIMSD2
 70
0
  9
$DIMTOLJ
 70
0
  9
$DIMTZIN
 70
8
  9
$DIMALTZ
 70
0
  9
$DIMALTTZ
 70
0
  9
$DIMUPT
 70
0
  9
$DIMDEC
 70
2
  9
$DIMTDEC
 70
2
  9
$DIMALTU
 70
2
  9
$DIMALTTD
 70
3
  9
$DIMTXSTY
  7
Standard
  9
$DIMAUNIT
 70
0
  9
$DIMADEC
 70
0
  9
$DIMALTRND
 40
0.0
  9
$DIMAZIN
 70
0
  9
$DIMDSEP
 70
44
  9
$DIMATFIT
 70
3
  9
$DIMFRAC
 70
0
  9
$DIMLDRBLK
  1

  9
$DIMLUNIT
 70
2
  9
$DIMLWD
 70
-2
  9
$DIMLWE
 70
-2
  9
$DIMTMOVE
 70
0
  9
$LUNITS
 70
2
  9
$LUPREC
 70
4
  9
$SKETCHINC
 40
1.0
  9
$FILLETRAD
 40
10.0
  9
$AUNITS
 70
0
  9
$AUPREC
 70
2
  9
$MENU
  1
.
  9
$ELEVATION
 40
0.0
  9
$PELEVATION
 40
0.0
  9
$THICKNESS
 40
0.0
  9
$LIMCHECK
 70
0
  9
$CHAMFERA
 40
0.0
  9
$CHAMFERB
 40
0.0
  9
$CHAMFERC
 40
0.0
  9
$CHAMFERD
 40
0.0
  9
$SKPOLY
 70
0
  9
$TDCREATE
 40
2461252.485648148
  9
$TDUCREATE
 40
2458532.153996898
  9
$TDUPDATE
 40
2461252.485648148
  9
$TDUUPDATE
 40
2458532.1544311
  9
$TDINDWG
 40
0.0
  9
$TDUSRTIMER
 40
0.0
  9
$USRTIMER
 70
1
  9
$ANGBASE
 50
0.0
  9
$ANGDIR
 70
0
  9
$PDMODE
 70
0
  9
$PDSIZE
 40
0.0
  9
$PLINEWID
 40
0.0
  9
$SPLFRAME
 70
0
  9
$SPLINETYPE
 70
6
  9
$SPLINESEGS
 70
8
  9
$HANDSEED
  5
272
  9
$SURFTAB1
 70
6
  9
$SURFTAB2
 70
6
  9
$SURFTYPE
 70
6
  9
$SURFU
 70
6
  9
$SURFV
 70
6
  9
$UCSBASE
  2

  9
$UCSNAME
  2

  9
$UCSORG
 10
0.0
 20
0.0
 30
0.0
  9
$UCSXDIR
 10
1.0
 20
0.0
 30
0.0
  9
$UCSYDIR
 10
0.0
 20
1.0
 30
0.0
  9
$UCSORTHOREF
  2

  9
$UCSORTHOVIEW
 70
0
  9
$UCSORGTOP
 10
0.0
 20
0.0
 30
0.0
  9
$UCSORGBOTTOM
 10
0.0
 20
0.0
 30
0.0
  9
$UCSORGLEFT
 10
0.0
 20
0.0
 30
0.0
  9
$UCSORGRIGHT
 10
0.0
 20
0.0
 30
0.0
  9
$UCSORGFRONT
 10
0.0
 20
0.0
 30
0.0
  9
$UCSORGBACK
 10
0.0
 20
0.0
 30
0.0
  9
$PUCSBASE
  2

  9
$PUCSNAME
  2

  9
$PUCSORG
 10
0.0
 20
0.0
 30
0.0
  9
$PUCSXDIR
 10
1.0
 20
0.0
 30
0.0
  9
$PUCSYDIR
 10
0.0
 20
1.0
 30
0.0
  9
$PUCSORTHOREF
  2

  9
$PUCSORTHOVIEW
 70
0
  9
$PUCSORGTOP
 10
0.0
 20
0.0
 30
0.0
  9
$PUCSORGBOTTOM
 10
0.0
 20
0.0
 30
0.0
  9
$PUCSORGLEFT
 10
0.0
 20
0.0
 30
0.0
  9
$PUCSORGRIGHT
 10
0.0
 20
0.0
 30
0.0
  9
$PUCSORGFRONT
 10
0.0
 20
0.0
 30
0.0
  9
$PUCSORGBACK
 10
0.0
 20
0.0
 30
0.0
  9
$USERI1
 70
0
  9
$USERI2
 70
0
  9
$USERI3
 70
0
  9
$USERI4
 70
0
  9
$USERI5
 70
0
  9
$USERR1
 40
0.0
  9
$USERR2
 40
0.0
  9
$USERR3
 40
0.0
  9
$USERR4
 40
0.0
  9
$USERR5
 40
0.0
  9
$WORLDVIEW
 70
1
  9
$SHADEDGE
 70
3
  9
$SHADEDIF
 70
70
  9
$TILEMODE
 70
1
  9
$MAXACTVP
 70
64
  9
$PINSBASE
 10
0.0
 20
0.0
 30
0.0
  9
$PLIMCHECK
 70
0
  9
$PEXTMIN
 10
1e+20
 20
1e+20
 30
1e+20
  9
$PEXTMAX
 10
-1e+20
 20
-1e+20
 30
-1e+20
  9
$PLIMMIN
 10
0.0
 20
0.0
  9
$PLIMMAX
 10
420.0
 20
297.0
  9
$UNITMODE
 70
0
  9
$VISRETAIN
 70
1
  9
$PLINEGEN
 70
0
  9
$PSLTSCALE
 70
1
  9
$TREEDEPTH
 70
3020
  9
$CMLSTYLE
  2
Standard
  9
$CMLJUST
 70
0
  9
$CMLSCALE
 40
20.0
  9
$PROXYGRAPHICS
 70
1
  9
$MEASUREMENT
 70
1
  9
$CELWEIGHT
370
-1
  9
$ENDCAPS
280
0
  9
$JOINSTYLE
280
0
  9
$LWDISPLAY
290
0
  9
$INSUNITS
 70
6
  9
$HYPERLINKBASE
  1

  9
$STYLESHEET
  1

  9
$XEDIT
290
1
  9
$CEPSNTYPE
380
0
  9
$PSTYLEMODE
290
1
  9
$FINGERPRINTGUID
  2
{8C43E9D5-169B-425B-B07E-E06422554F1C}
  9
$VERSIONGUID
  2
{1A0DAD1A-A1B3-447D-89AE-50F5704417D7}
  9
$EXTNAMES
290
1
  9
$PSVPSCALE
 40
0.0
  9
$OLESTARTUP
290
0
  0
ENDSEC
  0
SECTION
  2
CLASSES
  0
CLASS
  1
ACDBDICTIONARYWDFLT
  2
AcDbDictionaryWithDefault
  3
ObjectDBX Classes
 90
0
280
0
281
0
  0
CLASS
  1
SUN
  2
AcDbSun
  3
SCENEOE
 90
1153
280
0
281
0
  0
CLASS
  1
VISUALSTYLE
  2
AcDbVisualStyle
  3
ObjectDBX Classes
 90
4095
280
0
281
0
  0
CLASS
  1
MATERIAL
  2
AcDbMaterial
  3
ObjectDBX Classes
 90
1153
280
0
281
0
  0
CLASS
  1
SCALE
  2
AcDbScale
  3
ObjectDBX Classes
 90
1153
280
0
281
0
  0
CLASS
  1
TABLESTYLE
  2
AcDbTableStyle
  3
ObjectDBX Classes
 90
4095
280
0
281
0
  0
CLASS
  1
MLEADERSTYLE
  2
AcDbMLeaderStyle
  3
ACDB_MLEADERSTYLE_CLASS
 90
4095
280
0
281
0
  0
CLASS
  1
DICTIONARYVAR
  2
AcDbDictionaryVar
  3
ObjectDBX Classes
 90
0
280
0
281
0
  0
CLASS
  1
CELLSTYLEMAP
  2
AcDbCellStyleMap
  3
ObjectDBX Classes
 90
1152
280
0
281
0
  0
CLASS
  1
MENTALRAYRENDERSETTINGS
  2
AcDbMentalRayRenderSettings
  3
SCENEOE
 90
1024
280
0
281
0
  0
CLASS
  1
ACDBDETAILVIEWSTYLE
  2
AcDbDetailViewStyle
  3
ObjectDBX Classes
 90
1025
280
0
281
0
  0
CLASS
  1
ACDBSECTIONVIEWSTYLE
  2
AcDbSectionViewStyle
  3
ObjectDBX Classes
 90
1025
280
0
281
0
  0
CLASS
  1
RASTERVARIABLES
  2
AcDbRasterVariables
  3
ISM
 90
0
280
0
281
0
  0
CLASS
  1
ACDBPLACEHOLDER
  2
AcDbPlaceHolder
  3
ObjectDBX Classes
 90
0
280
0
281
0
  0
CLASS
  1
LAYOUT
  2
AcDbLayout
  3
ObjectDBX Classes
 90
0
280
0
281
0
  0
ENDSEC
  0
SECTION
  2
TABLES
  0
TABLE
  2
VPORT
  5
8
330
0
100
AcDbSymbolTable
 70
1
  0
VPORT
  5
23
330
8
100
AcDbSymbolTableRecord
100
AcDbViewportTableRecord
  2
*Active
 70
0
 10
0.0
 20
0.0
 11
1.0
 21
1.0
 12
0.0
 22
0.0
 13
0.0
 23
0.0
 14
0.5
 24
0.5
 15
0.5
 25
0.5
 16
0.0
 26
0.0
 36
1.0
 17
0.0
 27
0.0
 37
0.0
 40
1000.0
 41
1.34
 42
50.0
 43
0.0
 44
0.0
 50
0.0
 51
0.0
 71
0
 72
1000
 73
1
 74
3
 75
0
 76
0
 77
0
 78
0
281
0
 65
0
146
0.0
  0
ENDTAB
  0
TABLE
  2
LTYPE
  5
2
330
0
100
AcDbSymbolTable
 70
3
  0
LTYPE
  5
24
330
2
100
AcDbSymbolTableRecord
100
AcDbLinetypeTableRecord
  2
ByBlock
 70
0
  3

 72
65
 73
0
 40
0.0
  0
LTYPE
  5
25
330
2
100
AcDbSymbolTableRecord
100
AcDbLinetypeTableRecord
  2
ByLayer
 70
0
  3

 72
65
 73
0
 40
0.0
  0
LTYPE
  5
26
330
2
100
AcDbSymbolTableRecord
100
AcDbLinetypeTableRecord
  2
Continuous
 70
0
  3

 72
65
 73
0
 40
0.0
  0
ENDTAB
  0
TABLE
  2
LAYER
  5
1
330
0
100
AcDbSymbolTable
 70
2
  0
LAYER
  5
27
330
1
100
AcDbSymbolTableRecord
100
AcDbLayerTableRecord
  2
0
 70
0
 62
7
  6
Continuous
370
-3
390
13
  0
LAYER
  5
28
330
1
100
AcDbSymbolTableRecord
100
AcDbLayerTableRecord
  2
Defpoints
 70
0
 62
7
  6
Continuous
290
0
370
-3
390
13
  0
ENDTAB
  0
TABLE
  2
STYLE
  5
5
330
0
100
AcDbSymbolTable
 70
1
  0
STYLE
  5
29
330
5
100
AcDbSymbolTableRecord
100
AcDbTextStyleTableRecord
  2
Standard
 70
0
 40
0.0
 41
1.0
 50
0.0
 71
0
 42
2.5
  3
txt
  4

  0
ENDTAB
  0
TABLE
  2
VIEW
  5
7
330
0
100
AcDbSymbolTable
 70
0
  0
ENDTAB
  0
TABLE
  2
UCS
  5
6
330
0
100
AcDbSymbolTable
 70
0
  0
ENDTAB
  0
TABLE
  2
APPID
  5
3
330
0
100
AcDbSymbolTable
 70
3
  0
APPID
  5
2A
330
3
100
AcDbSymbolTableRecord
100
AcDbRegAppTableRecord
  2
ACAD
 70
0
  0
APPID
  5
26F
330
3
100
AcDbSymbolTableRecord
100
AcDbRegAppTableRecord
  2
HATCHBACKGROUNDCOLOR
 70
0
  0
APPID
  5
270
330
3
100
AcDbSymbolTableRecord
100
AcDbRegAppTableRecord
  2
EZDXF
 70
0
  0
ENDTAB
  0
TABLE
  2
DIMSTYLE
  5
4
330
0
100
AcDbSymbolTable
 70
1
100
AcDbDimStyleTable
  0
DIMSTYLE
105
2B
330
4
100
AcDbSymbolTableRecord
100
AcDbDimStyleTableRecord
  2
Standard
 70
0
  3

  4

 40
1.0
 41
2.5
 42
0.625
 43
3.75
 44
1.25
 45
0.0
 46
0.0
 47
0.0
 48
0.0
140
2.5
141
2.5
142
0.0
143
0.03937007874
144
1.0
145
0.0
146
1.0
147
0.625
148
0.0
 71
0
 72
0
 73
0
 74
0
 75
0
 76
0
 77
1
 78
8
 79
3
170
0
171
3
172
1
173
0
174
0
175
0
176
0
177
0
178
0
179
2
271
2
272
2
273
2
274
3
275
0
276
0
277
2
278
44
279
0
280
0
281
0
282
0
283
0
284
8
285
0
286
0
288
0
289
3
371
-2
372
-2
  0
ENDTAB
  0
TABLE
  2
BLOCK_RECORD
  5
9
330
0
100
AcDbSymbolTable
 70
2
  0
BLOCK_RECORD
  5
17
330
9
100
AcDbSymbolTableRecord
100
AcDbBlockTableRecord
  2
*Model_Space
340
1A
  0
BLOCK_RECORD
  5
1B
330
9
100
AcDbSymbolTableRecord
100
AcDbBlockTableRecord
  2
*Paper_Space
340
1E
  0
ENDTAB
  0
ENDSEC
  0
SECTION
  2
BLOCKS
  0
BLOCK
  5
18
330
17
100
AcDbEntity
  8
0
100
AcDbBlockBegin
  2
*Model_Space
 70
0
 10
0.0
 20
0.0
 30
0.0
  3
*Model_Space
  1

  0
ENDBLK
  5
19
330
17
100
AcDbEntity
  8
0
100
AcDbBlockEnd
  0
BLOCK
  5
1C
330
1B
100
AcDbEntity
  8
0
100
AcDbBlockBegin
  2
*Paper_Space
 70
0
 10
0.0
 20
0.0
 30
0.0
  3
*Paper_Space
  1

  0
ENDBLK
  5
1D
330
1B
100
AcDbEntity
  8
0
100
AcDbBlockEnd
  0
ENDSEC
  0
SECTION
  2
ENTITIES
  0
LWPOLYLINE
  5
2F
330
17
100
AcDbEntity
  8
ROADS
100
AcDbPolyline
 90
2
 70
0
 10
627585.2128093981
 20
4837452.879679937
 10
627618.4678310844
 20
4837463.275752128
  0
LWPOLYLINE
  5
30
330
17
100
AcDbEntity
  8
ROADS
100
AcDbPolyline
 90
2
 70
0
 10
627520.1155697977
 20
4837538.7049202
 10
627439.2718854577
 20
4837514.517772346
  0
LWPOLYLINE
  5
31
330
17
100
AcDbEntity
  8
ROADS
100
AcDbPolyline
 90
2
 70
0
 10
627541.5494896165
 20
4837545.087933914
 10
627520.1155697977
 20
4837538.7049202
  0
LWPOLYLINE
  5
32
330
17
100
AcDbEntity
  8
ROADS
100
AcDbPolyline
 90
2
 70
0
 10
628890.5425595173
 20
4838135.674732747
 10
628951.4996827829
 20
4838140.289839438
  0
LWPOLYLINE
  5
33
330
17
100
AcDbEntity
  8
ROADS
100
AcDbPolyline
 90
3
 70
0
 10
628982.8284918941
 20
4838239.052489787
 10
628922.5660643155
 20
4838243.695157358
 10
628893.2483541493
 20
4838326.672483182
  0
LWPOLYLINE
  5
34
330
17
100
AcDbEntity
  8
ROADS
100
AcDbPolyline
 90
2
 70
0
 10
629006.484181921
 20
4838359.54011643
 10
628962.5256416878
 20
4838346.486785867
  0
LWPOLYLINE
  5
35
330
17
100
AcDbEntity
  8
ROADS
100
AcDbPolyline
 90
2
 70
0
 10
628832.057894216
 20
4838311.15573627
 10
628816.2218172589
 20
4838361.415681754
  0
LWPOLYLINE
  5
36
330
17
100
AcDbEntity
  8
ROADS
100
AcDbPolyline
 90
2
 70
0
 10
628962.5256416878
 20
4838346.486785867
 10
628893.2483541493
 20
4838326.672483182
  0
LWPOLYLINE
  5
37
330
17
100
AcDbEntity
  8
ROADS
100
AcDbPolyline
 90
2
 70
0
 10
628893.2483541493
 20
4838326.672483182
 10
628867.9541908494
 20
4838350.362593267
  0
LWPOLYLINE
  5
38
330
17
100
AcDbEntity
  8
ROADS
100
AcDbPolyline
 90
2
 70
0
 10
628867.9541908494
 20
4838350.362593267
 10
628870.2034095855
 20
4838360.863977346
  0
LWPOLYLINE
  5
39
330
17
100
AcDbEntity
  8
ROADS
100
AcDbPolyline
 90
2
 70
0
 10
628867.9541908494
 20
4838350.362593267
 10
628816.2218172589
 20
4838361.415681754
  0
LWPOLYLINE
  5
3A
330
17
100
AcDbEntity
  8
ROADS
100
AcDbPolyline
 90
2
 70
0
 10
628816.2218172589
 20
4838361.415681754
 10
628762.2827641445
 20
4838540.191044897
  0
LWPOLYLINE
  5
3B
330
17
100
AcDbEntity
  8
ROADS
100
AcDbPolyline
 90
2
 70
0
 10
628962.5256416878
 20
4838346.486785867
 10
628891.1260599524
 20
4838578.357985689
  0
LWPOLYLINE
  5
3C
330
17
100
AcDbEntity
  8
ROADS
100
AcDbPolyline
 90
2
 70
0
 10
628891.1260599524
 20
4838578.357985689
 10
628762.2827641445
 20
4838540.191044897
  0
LWPOLYLINE
  5
3D
330
17
100
AcDbEntity
  8
ROADS
100
AcDbPolyline
 90
2
 70
0
 10
628979.6924750553
 20
4838604.649661038
 10
628891.1260599524
 20
4838578.357985689
  0
LWPOLYLINE
  5
3E
330
17
100
AcDbEntity
  8
ROADS
100
AcDbPolyline
 90
2
 70
0
 10
628891.1260599524
 20
4838578.357985689
 10
628850.6563693889
 20
4838709.277778301
  0
LWPOLYLINE
  5
3F
330
17
100
AcDbEntity
  8
ROADS
100
AcDbPolyline
 90
2
 70
0
 10
629008.5731361464
 20
4838612.884733152
 10
628979.6924750553
 20
4838604.649661038
  0
LWPOLYLINE
  5
40
330
17
100
AcDbEntity
  8
ROADS
100
AcDbPolyline
 90
2
 70
0
 10
628979.6924750553
 20
4838604.649661038
 10
628954.2874841646
 20
4838686.656676535
  0
LWPOLYLINE
  5
41
330
17
100
AcDbEntity
  8
ROADS
100
AcDbPolyline
 90
2
 70
0
 10
628983.140660219
 20
4838743.8848747965
 10
628850.6563693889
 20
4838709.277778301
  0
LWPOLYLINE
  5
42
330
17
100
AcDbEntity
  8
ROADS
100
AcDbPolyline
 90
2
 70
0
 10
628954.356822241
 20
4838841.462141037
 10
628872.7681673118
 20
4838818.230029886
  0
LWPOLYLINE
  5
43
330
17
100
AcDbEntity
  8
ROADS
100
AcDbPolyline
 90
2
 70
0
 10
628915.6821450371
 20
4838940.146584368
 10
628837.3520363092
 20
4838917.620086318
  0
LWPOLYLINE
  5
44
330
17
100
AcDbEntity
  8
ROADS
100
AcDbPolyline
 90
2
 70
0
 10
628875.8576821616
 20
4839027.442251519
 10
628811.0439491139
 20
4839008.747319067
  0
LWPOLYLINE
  5
45
330
17
100
AcDbEntity
  8
ROADS
100
AcDbPolyline
 90
2
 70
0
 10
628811.0439491139
 20
4839008.747319067
 10
628784.6802613265
 20
4839097.584379183
  0
LWPOLYLINE
  5
46
330
17
100
AcDbEntity
  8
ROADS
100
AcDbPolyline
 90
2
 70
0
 10
628829.2132723173
 20
4839111.100733474
 10
628784.6802613265
 20
4839097.584379183
  0
LWPOLYLINE
  5
47
330
17
100
AcDbEntity
  8
ROADS
100
AcDbPolyline
 90
2
 70
0
 10
628784.6802613265
 20
4839097.584379183
 10
628758.9989682212
 20
4839191.32109646
  0
LWPOLYLINE
  5
48
330
17
100
AcDbEntity
  8
ROADS
100
AcDbPolyline
 90
2
 70
0
 10
628758.9989682212
 20
4839191.32109646
 10
628747.6963521034
 20
4839226.251975018
  0
LWPOLYLINE
  5
49
330
17
100
AcDbEntity
  8
ROADS
100
AcDbPolyline
 90
2
 70
0
 10
628779.1989651235
 20
4839197.091755009
 10
628758.9989682212
 20
4839191.32109646
  0
LWPOLYLINE
  5
4A
330
17
100
AcDbEntity
  8
ROADS
100
AcDbPolyline
 90
2
 70
0
 10
628747.6963521034
 20
4839226.251975018
 10
628684.5593103743
 20
4839275.886192243
  0
LWPOLYLINE
  5
4B
330
17
100
AcDbEntity
  8
ROADS
100
AcDbPolyline
 90
2
 70
0
 10
628747.6963521034
 20
4839226.251975018
 10
628744.4481919217
 20
4839254.189747059
  0
LWPOLYLINE
  5
4C
330
17
100
AcDbEntity
  8
ROADS
100
AcDbPolyline
 90
2
 70
0
 10
628722.0620787857
 20
4839287.537147324
 10
628684.5593103743
 20
4839275.886192243
  0
LWPOLYLINE
  5
4D
330
17
100
AcDbEntity
  8
ROADS
100
AcDbPolyline
 90
2
 70
0
 10
627625.7201726722
 20
4837439.189977301
 10
627618.4678310844
 20
4837463.275752128
  0
LWPOLYLINE
  5
4E
330
17
100
AcDbEntity
  8
ROADS
100
AcDbPolyline
 90
2
 70
0
 10
627732.4002673291
 20
4837414.828981049
 10
627688.5630908151
 20
4837556.794275513
  0
LWPOLYLINE
  5
4F
330
17
100
AcDbEntity
  8
ROADS
100
AcDbPolyline
 90
4
 70
0
 10
627912.2593131724
 20
4837399.2796790665
 10
627893.9646691467
 20
4837456.402336117
 10
627850.109532524
 20
4837452.992052513
 10
627807.9928978602
 20
4837590.514203563
  0
LWPOLYLINE
  5
50
330
17
100
AcDbEntity
  8
ROADS
100
AcDbPolyline
 90
2
 70
0
 10
627618.4678310844
 20
4837463.275752128
 10
627598.173529481
 20
4837529.025909769
  0
LWPOLYLINE
  5
51
330
17
100
AcDbEntity
  8
ROADS
100
AcDbPolyline
 90
2
 70
0
 10
627504.2934461549
 20
4837590.636060426
 10
627376.5371703672
 20
4837551.303218051
  0
LWPOLYLINE
  5
52
330
17
100
AcDbEntity
  8
ROADS
100
AcDbPolyline
 90
2
 70
0
 10
627469.9891510719
 20
4837637.5906455815
 10
627315.447272237
 20
4837590.029754438
  0
LWPOLYLINE
  5
53
330
17
100
AcDbEntity
  8
ROADS
100
AcDbPolyline
 90
2
 70
0
 10
627598.173529481
 20
4837529.025909769
 10
627588.7844985414
 20
4837558.966010169
  0
LWPOLYLINE
  5
54
330
17
100
AcDbEntity
  8
ROADS
100
AcDbPolyline
 90
2
 70
0
 10
627588.7844985414
 20
4837558.966010169
 10
627541.5494896165
 20
4837545.087933914
  0
LWPOLYLINE
  5
55
330
17
100
AcDbEntity
  8
ROADS
100
AcDbPolyline
 90
2
 70
0
 10
627541.5494896165
 20
4837545.087933914
 10
627529.3345994618
 20
4837582.641405269
  0
LWPOLYLINE
  5
56
330
17
100
AcDbEntity
  8
ROADS
100
AcDbPolyline
 90
2
 70
0
 10
627520.1155697977
 20
4837538.7049202
 10
627504.2934461549
 20
4837590.636060426
  0
LWPOLYLINE
  5
57
330
17
100
AcDbEntity
  8
ROADS
100
AcDbPolyline
 90
2
 70
0
 10
627588.7844985414
 20
4837558.966010169
 10
627556.680139657
 20
4837663.440023152
  0
LWPOLYLINE
  5
58
330
17
100
AcDbEntity
  8
ROADS
100
AcDbPolyline
 90
2
 70
0
 10
627504.2934461549
 20
4837590.636060426
 10
627489.0856527636
 20
4837643.048335905
  0
LWPOLYLINE
  5
59
330
17
100
AcDbEntity
  8
ROADS
100
AcDbPolyline
 90
2
 70
0
 10
627489.0856527636
 20
4837643.048335905
 10
627469.9891510719
 20
4837637.5906455815
  0
LWPOLYLINE
  5
5A
330
17
100
AcDbEntity
  8
ROADS
100
AcDbPolyline
 90
2
 70
0
 10
627556.680139657
 20
4837663.440023152
 10
627489.0856527636
 20
4837643.048335905
  0
LWPOLYLINE
  5
5B
330
17
100
AcDbEntity
  8
ROADS
100
AcDbPolyline
 90
2
 70
0
 10
627469.9891510719
 20
4837637.5906455815
 10
627453.1555056549
 20
4837688.680094617
  0
LWPOLYLINE
  5
5C
330
17
100
AcDbEntity
  8
ROADS
100
AcDbPolyline
 90
2
 70
0
 10
627453.1555056549
 20
4837688.680094617
 10
627482.6268943703
 20
4837697.976986747
  0
LWPOLYLINE
  5
5D
330
17
100
AcDbEntity
  8
ROADS
100
AcDbPolyline
 90
2
 70
0
 10
627688.5630908151
 20
4837556.794275513
 10
627598.173529481
 20
4837529.025909769
  0
LWPOLYLINE
  5
5E
330
17
100
AcDbEntity
  8
ROADS
100
AcDbPolyline
 90
2
 70
0
 10
627807.9928978602
 20
4837590.514203563
 10
627688.5630908151
 20
4837556.794275513
  0
LWPOLYLINE
  5
5F
330
17
100
AcDbEntity
  8
ROADS
100
AcDbPolyline
 90
2
 70
0
 10
627929.1743636659
 20
4837626.417972531
 10
627807.9928978602
 20
4837590.514203563
  0
LWPOLYLINE
  5
60
330
17
100
AcDbEntity
  8
ROADS
100
AcDbPolyline
 90
2
 70
0
 10
627688.5630908151
 20
4837556.794275513
 10
627620.2039024301
 20
4837785.657545042
  0
LWPOLYLINE
  5
61
330
17
100
AcDbEntity
  8
ROADS
100
AcDbPolyline
 90
2
 70
0
 10
627807.9928978602
 20
4837590.514203563
 10
627747.0886545386
 20
4837819.625385621
  0
LWPOLYLINE
  5
62
330
17
100
AcDbEntity
  8
ROADS
100
AcDbPolyline
 90
2
 70
0
 10
627889.3589840566
 20
4837755.414206658
 10
627747.0886545386
 20
4837819.625385621
  0
LWPOLYLINE
  5
63
330
17
100
AcDbEntity
  8
ROADS
100
AcDbPolyline
 90
2
 70
0
 10
627620.2039024301
 20
4837785.657545042
 10
627613.4850053763
 20
4837808.133457361
  0
LWPOLYLINE
  5
64
330
17
100
AcDbEntity
  8
ROADS
100
AcDbPolyline
 90
2
 70
0
 10
627722.8755972681
 20
4837827.727011483
 10
627620.2039024301
 20
4837785.657545042
  0
LWPOLYLINE
  5
65
330
17
100
AcDbEntity
  8
ROADS
100
AcDbPolyline
 90
2
 70
0
 10
627747.0886545386
 20
4837819.625385621
 10
627722.8755972681
 20
4837827.727011483
  0
LWPOLYLINE
  5
66
330
17
100
AcDbEntity
  8
ROADS
100
AcDbPolyline
 90
2
 70
0
 10
627613.4850053763
 20
4837808.133457361
 10
627635.0583868801
 20
4837844.958940017
  0
LWPOLYLINE
  5
67
330
17
100
AcDbEntity
  8
ROADS
100
AcDbPolyline
 90
2
 70
0
 10
627453.1555056549
 20
4837688.680094617
 10
627254.3916799577
 20
4837631.259164195
  0
LWPOLYLINE
  5
68
330
17
100
AcDbEntity
  8
ROADS
100
AcDbPolyline
 90
2
 70
0
 10
627440.2636223534
 20
4837734.34014994
 10
627210.1988358132
 20
4837663.825165225
  0
LWPOLYLINE
  5
69
330
17
100
AcDbEntity
  8
ROADS
100
AcDbPolyline
 90
2
 70
0
 10
627375.464489098
 20
4837767.300344937
 10
627157.568119436
 20
4837705.109439094
  0
LWPOLYLINE
  5
6A
330
17
100
AcDbEntity
  8
ROADS
100
AcDbPolyline
 90
2
 70
0
 10
627073.2320930149
 20
4837767.591316149
 10
627070.0452939221
 20
4837778.095592176
  0
LWPOLYLINE
  5
6B
330
17
100
AcDbEntity
  8
ROADS
100
AcDbPolyline
 90
2
 70
0
 10
627091.4986583674
 20
4837784.396959789
 10
627070.0452939221
 20
4837778.095592176
  0
LWPOLYLINE
  5
6C
330
17
100
AcDbEntity
  8
ROADS
100
AcDbPolyline
 90
2
 70
0
 10
627190.5986379801
 20
4837811.499840329
 10
627091.4986583674
 20
4837784.396959789
  0
LWPOLYLINE
  5
6D
330
17
100
AcDbEntity
  8
ROADS
100
AcDbPolyline
 90
2
 70
0
 10
627556.680139657
 20
4837663.440023152
 10
627503.5051649015
 20
4837723.360157054
  0
LWPOLYLINE
  5
6E
330
17
100
AcDbEntity
  8
ROADS
100
AcDbPolyline
 90
2
 70
0
 10
627556.680139657
 20
4837663.440023152
 10
627536.8408853234
 20
4837729.795424713
  0
LWPOLYLINE
  5
6F
330
17
100
AcDbEntity
  8
ROADS
100
AcDbPolyline
 90
2
 70
0
 10
627453.1555056549
 20
4837688.680094617
 10
627440.2636223534
 20
4837734.34014994
  0
LWPOLYLINE
  5
70
330
17
100
AcDbEntity
  8
ROADS
100
AcDbPolyline
 90
2
 70
0
 10
627503.5051649015
 20
4837723.360157054
 10
627482.1968524241
 20
4837748.186366212
  0
LWPOLYLINE
  5
71
330
17
100
AcDbEntity
  8
ROADS
100
AcDbPolyline
 90
2
 70
0
 10
627482.1968524241
 20
4837748.186366212
 10
627440.2636223534
 20
4837734.34014994
  0
LWPOLYLINE
  5
72
330
17
100
AcDbEntity
  8
ROADS
100
AcDbPolyline
 90
2
 70
0
 10
627536.8408853234
 20
4837729.795424713
 10
627528.0397921468
 20
4837758.800088039
  0
LWPOLYLINE
  5
73
330
17
100
AcDbEntity
  8
ROADS
100
AcDbPolyline
 90
2
 70
0
 10
627482.1968524241
 20
4837748.186366212
 10
627440.4917793903
 20
4837787.747627152
  0
LWPOLYLINE
  5
74
330
17
100
AcDbEntity
  8
ROADS
100
AcDbPolyline
 90
2
 70
0
 10
627620.2039024301
 20
4837785.657545042
 10
627528.0397921468
 20
4837758.800088039
  0
LWPOLYLINE
  5
75
330
17
100
AcDbEntity
  8
ROADS
100
AcDbPolyline
 90
2
 70
0
 10
627440.4917793903
 20
4837787.747627152
 10
627375.464489098
 20
4837767.300344937
  0
LWPOLYLINE
  5
76
330
17
100
AcDbEntity
  8
ROADS
100
AcDbPolyline
 90
3
 70
0
 10
627375.464489098
 20
4837767.300344937
 10
627367.3468250458
 20
4837793.18715806
 10
627338.0428260592
 20
4837811.167324338
  0
LWPOLYLINE
  5
77
330
17
100
AcDbEntity
  8
ROADS
100
AcDbPolyline
 90
2
 70
0
 10
627440.4917793903
 20
4837787.747627152
 10
627411.9663235336
 20
4837806.031896788
  0
LWPOLYLINE
  5
78
330
17
100
AcDbEntity
  8
ROADS
100
AcDbPolyline
 90
2
 70
0
 10
627528.0397921468
 20
4837758.800088039
 10
627500.1192020082
 20
4837850.082897313
  0
LWPOLYLINE
  5
79
330
17
100
AcDbEntity
  8
ROADS
100
AcDbPolyline
 90
3
 70
0
 10
627500.1192020082
 20
4837850.082897313
 10
627428.2688510024
 20
4837828.730148482
 10
627411.9663235336
 20
4837806.031896788
  0
LWPOLYLINE
  5
7A
330
17
100
AcDbEntity
  8
ROADS
100
AcDbPolyline
 90
2
 70
0
 10
627411.9663235336
 20
4837806.031896788
 10
627330.8255743803
 20
4837852.627389579
  0
LWPOLYLINE
  5
7B
330
17
100
AcDbEntity
  8
ROADS
100
AcDbPolyline
 90
2
 70
0
 10
627387.62723351
 20
4837870.149742042
 10
627330.8255743803
 20
4837852.627389579
  0
LWPOLYLINE
  5
7C
330
17
100
AcDbEntity
  8
ROADS
100
AcDbPolyline
 90
2
 70
0
 10
627500.1192020082
 20
4837850.082897313
 10
627484.9166385115
 20
4837899.439063478
  0
LWPOLYLINE
  5
7D
330
17
100
AcDbEntity
  8
ROADS
100
AcDbPolyline
 90
2
 70
0
 10
627484.9166385115
 20
4837899.439063478
 10
627387.62723351
 20
4837870.149742042
  0
LWPOLYLINE
  5
7E
330
17
100
AcDbEntity
  8
ROADS
100
AcDbPolyline
 90
2
 70
0
 10
627387.62723351
 20
4837870.149742042
 10
627370.7755379642
 20
4837921.498190543
  0
LWPOLYLINE
  5
7F
330
17
100
AcDbEntity
  8
ROADS
100
AcDbPolyline
 90
2
 70
0
 10
627594.4844872564
 20
4837871.352832466
 10
627577.9686360398
 20
4837926.304614081
  0
LWPOLYLINE
  5
80
330
17
100
AcDbEntity
  8
ROADS
100
AcDbPolyline
 90
2
 70
0
 10
627577.9686360398
 20
4837926.304614081
 10
627484.9166385115
 20
4837899.439063478
  0
LWPOLYLINE
  5
81
330
17
100
AcDbEntity
  8
ROADS
100
AcDbPolyline
 90
2
 70
0
 10
627650.5593013677
 20
4837816.983499925
 10
627635.0583868801
 20
4837844.958940017
  0
LWPOLYLINE
  5
82
330
17
100
AcDbEntity
  8
ROADS
100
AcDbPolyline
 90
2
 70
0
 10
627722.8755972681
 20
4837827.727011483
 10
627683.4907856514
 20
4837845.327859544
  0
LWPOLYLINE
  5
83
330
17
100
AcDbEntity
  8
ROADS
100
AcDbPolyline
 90
2
 70
0
 10
627613.4850053763
 20
4837808.133457361
 10
627594.4844872564
 20
4837871.352832466
  0
LWPOLYLINE
  5
84
330
17
100
AcDbEntity
  8
ROADS
100
AcDbPolyline
 90
2
 70
0
 10
627635.0583868801
 20
4837844.958940017
 10
627642.9978375104
 20
4837854.970158596
  0
LWPOLYLINE
  5
85
330
17
100
AcDbEntity
  8
ROADS
100
AcDbPolyline
 90
2
 70
0
 10
627683.4907856514
 20
4837845.327859544
 10
627642.9978375104
 20
4837854.970158596
  0
LWPOLYLINE
  5
86
330
17
100
AcDbEntity
  8
ROADS
100
AcDbPolyline
 90
2
 70
0
 10
627642.9978375104
 20
4837854.970158596
 10
627594.4844872564
 20
4837871.352832466
  0
LWPOLYLINE
  5
87
330
17
100
AcDbEntity
  8
ROADS
100
AcDbPolyline
 90
2
 70
0
 10
627683.4907856514
 20
4837845.327859544
 10
627667.113024734
 20
4837881.640972171
  0
LWPOLYLINE
  5
88
330
17
100
AcDbEntity
  8
ROADS
100
AcDbPolyline
 90
2
 70
0
 10
627642.9978375104
 20
4837854.970158596
 10
627667.113024734
 20
4837881.640972171
  0
LWPOLYLINE
  5
89
330
17
100
AcDbEntity
  8
ROADS
100
AcDbPolyline
 90
2
 70
0
 10
627667.113024734
 20
4837881.640972171
 10
627664.1669596063
 20
4837915.197820608
  0
LWPOLYLINE
  5
8A
330
17
100
AcDbEntity
  8
ROADS
100
AcDbPolyline
 90
3
 70
0
 10
627667.113024734
 20
4837881.640972171
 10
627690.4500394987
 20
4837911.580923838
 10
627675.7688430955
 20
4837954.890660851
  0
LWPOLYLINE
  5
8B
330
17
100
AcDbEntity
  8
ROADS
100
AcDbPolyline
 90
2
 70
0
 10
627091.4986583674
 20
4837784.396959789
 10
627078.8138233561
 20
4837826.921680044
  0
LWPOLYLINE
  5
8C
330
17
100
AcDbEntity
  8
ROADS
100
AcDbPolyline
 90
2
 70
0
 10
627330.8255743803
 20
4837852.627389579
 10
627190.5986379801
 20
4837811.499840329
  0
LWPOLYLINE
  5
8D
330
17
100
AcDbEntity
  8
ROADS
100
AcDbPolyline
 90
2
 70
0
 10
627190.5986379801
 20
4837811.499840329
 10
627176.8921662985
 20
4837857.041782922
  0
LWPOLYLINE
  5
8E
330
17
100
AcDbEntity
  8
ROADS
100
AcDbPolyline
 90
2
 70
0
 10
627127.3539246288
 20
4837842.121962354
 10
627078.8138233561
 20
4837826.921680044
  0
LWPOLYLINE
  5
8F
330
17
100
AcDbEntity
  8
ROADS
100
AcDbPolyline
 90
2
 70
0
 10
627176.8921662985
 20
4837857.041782922
 10
627127.3539246288
 20
4837842.121962354
  0
LWPOLYLINE
  5
90
330
17
100
AcDbEntity
  8
ROADS
100
AcDbPolyline
 90
2
 70
0
 10
627225.3543228904
 20
4837872.184160563
 10
627176.8921662985
 20
4837857.041782922
  0
LWPOLYLINE
  5
91
330
17
100
AcDbEntity
  8
ROADS
100
AcDbPolyline
 90
2
 70
0
 10
627330.8255743803
 20
4837852.627389579
 10
627291.4230100191
 20
4837895.016436879
  0
LWPOLYLINE
  5
92
330
17
100
AcDbEntity
  8
ROADS
100
AcDbPolyline
 90
2
 70
0
 10
627291.4230100191
 20
4837895.016436879
 10
627225.3543228904
 20
4837872.184160563
  0
LWPOLYLINE
  5
93
330
17
100
AcDbEntity
  8
ROADS
100
AcDbPolyline
 90
2
 70
0
 10
627324.3928578312
 20
4837907.441474897
 10
627291.4230100191
 20
4837895.016436879
  0
LWPOLYLINE
  5
94
330
17
100
AcDbEntity
  8
ROADS
100
AcDbPolyline
 90
2
 70
0
 10
627127.3539246288
 20
4837842.121962354
 10
627081.2913658784
 20
4837991.8421591865
  0
LWPOLYLINE
  5
95
330
17
100
AcDbEntity
  8
ROADS
100
AcDbPolyline
 90
2
 70
0
 10
627070.0452939221
 20
4837778.095592176
 10
627063.0129578859
 20
4837776.202483827
  0
LWPOLYLINE
  5
96
330
17
100
AcDbEntity
  8
ROADS
100
AcDbPolyline
 90
2
 70
0
 10
626935.9474085978
 20
4837905.227140316
 10
626921.6861540445
 20
4837951.666177181
  0
LWPOLYLINE
  5
97
330
17
100
AcDbEntity
  8
ROADS
100
AcDbPolyline
 90
2
 70
0
 10
627078.8138233561
 20
4837826.921680044
 10
627032.2903673396
 20
4837977.907099494
  0
LWPOLYLINE
  5
98
330
17
100
AcDbEntity
  8
ROADS
100
AcDbPolyline
 90
2
 70
0
 10
626900.2437407428
 20
4837950.287871491
 10
626921.6861540445
 20
4837951.666177181
  0
LWPOLYLINE
  5
99
330
17
100
AcDbEntity
  8
ROADS
100
AcDbPolyline
 90
2
 70
0
 10
628494.4819234535
 20
4837558.77488713
 10
628470.3747806716
 20
4837561.485900259
  0
LWPOLYLINE
  5
9A
330
17
100
AcDbEntity
  8
ROADS
100
AcDbPolyline
 90
2
 70
0
 10
628470.3747806716
 20
4837561.485900259
 10
628472.73272423
 20
4837544.950556589
  0
LWPOLYLINE
  5
9B
330
17
100
AcDbEntity
  8
ROADS
100
AcDbPolyline
 90
2
 70
0
 10
628470.3747806716
 20
4837561.485900259
 10
628427.3300100054
 20
4837568.22891981
  0
LWPOLYLINE
  5
9C
330
17
100
AcDbEntity
  8
ROADS
100
AcDbPolyline
 90
5
 70
0
 10
628596.6824660064
 20
4837630.015810635
 10
628551.2439694174
 20
4837647.370013475
 10
628410.1600877548
 20
4837670.0190976905
 10
628280.4471995328
 20
4837750.9946053
 10
628233.9860162092
 20
4837808.842139121
  0
LWPOLYLINE
  5
9D
330
17
100
AcDbEntity
  8
ROADS
100
AcDbPolyline
 90
2
 70
0
 10
628258.3857063247
 20
4837452.619776269
 10
628242.8366016741
 20
4837511.180814156
  0
LWPOLYLINE
  5
9E
330
17
100
AcDbEntity
  8
ROADS
100
AcDbPolyline
 90
2
 70
0
 10
628242.8366016741
 20
4837511.180814156
 10
628117.9925216711
 20
4837471.696589552
  0
LWPOLYLINE
  5
9F
330
17
100
AcDbEntity
  8
ROADS
100
AcDbPolyline
 90
4
 70
0
 10
628401.9629351563
 20
4837509.0046672495
 10
628370.8857333625
 20
4837585.67932115
 10
628249.3507801817
 20
4837629.86234709
 10
628205.8714595975
 20
4837624.525709099
  0
LWPOLYLINE
  5
A0
330
17
100
AcDbEntity
  8
ROADS
100
AcDbPolyline
 90
2
 70
0
 10
628242.8366016741
 20
4837511.180814156
 10
628205.8714595975
 20
4837624.525709099
  0
LWPOLYLINE
  5
A1
330
17
100
AcDbEntity
  8
ROADS
100
AcDbPolyline
 90
2
 70
0
 10
628205.8714595975
 20
4837624.525709099
 10
628162.980300408
 20
4837754.326478067
  0
LWPOLYLINE
  5
A2
330
17
100
AcDbEntity
  8
ROADS
100
AcDbPolyline
 90
3
 70
0
 10
628148.8923225076
 20
4837798.234549846
 10
628144.5883069804
 20
4837775.991270477
 10
628162.980300408
 20
4837754.326478067
  0
LWPOLYLINE
  5
A3
330
17
100
AcDbEntity
  8
ROADS
100
AcDbPolyline
 90
2
 70
0
 10
628162.980300408
 20
4837754.326478067
 10
628148.8923225076
 20
4837798.234549846
  0
LWPOLYLINE
  5
A4
330
17
100
AcDbEntity
  8
ROADS
100
AcDbPolyline
 90
2
 70
0
 10
628233.9860162092
 20
4837808.842139121
 10
628216.9456182332
 20
4837800.674435812
  0
LWPOLYLINE
  5
A5
330
17
100
AcDbEntity
  8
ROADS
100
AcDbPolyline
 90
2
 70
0
 10
628216.9456182332
 20
4837800.674435812
 10
628209.3446042005
 20
4837811.098651227
  0
LWPOLYLINE
  5
A6
330
17
100
AcDbEntity
  8
ROADS
100
AcDbPolyline
 90
2
 70
0
 10
628134.3164880363
 20
4837420.171289612
 10
628117.9925216711
 20
4837471.696589552
  0
LWPOLYLINE
  5
A7
330
17
100
AcDbEntity
  8
ROADS
100
AcDbPolyline
 90
2
 70
0
 10
627997.1532686591
 20
4837403.549837399
 10
627929.1743636659
 20
4837626.417972531
  0
LWPOLYLINE
  5
A8
330
17
100
AcDbEntity
  8
ROADS
100
AcDbPolyline
 90
2
 70
0
 10
628117.9925216711
 20
4837471.696589552
 10
628030.5495536118
 20
4837745.654957755
  0
LWPOLYLINE
  5
A9
330
17
100
AcDbEntity
  8
ROADS
100
AcDbPolyline
 90
2
 70
0
 10
627929.1743636659
 20
4837626.417972531
 10
627889.3589840566
 20
4837755.414206658
  0
LWPOLYLINE
  5
AA
330
17
100
AcDbEntity
  8
ROADS
100
AcDbPolyline
 90
2
 70
0
 10
628162.980300408
 20
4837754.326478067
 10
628030.5495536118
 20
4837745.654957755
  0
LWPOLYLINE
  5
AB
330
17
100
AcDbEntity
  8
ROADS
100
AcDbPolyline
 90
2
 70
0
 10
628030.5495536118
 20
4837745.654957755
 10
628020.8488895617
 20
4837774.908411085
  0
LWPOLYLINE
  5
AC
330
17
100
AcDbEntity
  8
ROADS
100
AcDbPolyline
 90
2
 70
0
 10
628006.9127736877
 20
4837784.763015626
 10
627889.3589840566
 20
4837755.414206658
  0
LWPOLYLINE
  5
AD
330
17
100
AcDbEntity
  8
ROADS
100
AcDbPolyline
 90
2
 70
0
 10
628148.8923225076
 20
4837798.234549846
 10
628141.4978119186
 20
4837821.2943169605
  0
LWPOLYLINE
  5
AE
330
17
100
AcDbEntity
  8
ROADS
100
AcDbPolyline
 90
2
 70
0
 10
628161.4477928794
 20
4837816.279783477
 10
628148.8923225076
 20
4837798.234549846
  0
LWPOLYLINE
  5
AF
330
17
100
AcDbEntity
  8
ROADS
100
AcDbPolyline
 90
2
 70
0
 10
628216.9456182332
 20
4837800.674435812
 10
628161.4477928794
 20
4837816.279783477
  0
LWPOLYLINE
  5
B0
330
17
100
AcDbEntity
  8
ROADS
100
AcDbPolyline
 90
2
 70
0
 10
628161.4477928794
 20
4837816.279783477
 10
628141.4978119186
 20
4837821.2943169605
  0
LWPOLYLINE
  5
B1
330
17
100
AcDbEntity
  8
ROADS
100
AcDbPolyline
 90
2
 70
0
 10
628409.8026690044
 20
4837831.117206642
 10
628332.3537566813
 20
4837813.137379215
  0
LWPOLYLINE
  5
B2
330
17
100
AcDbEntity
  8
ROADS
100
AcDbPolyline
 90
2
 70
0
 10
628431.5152542178
 20
4837823.228857075
 10
628409.8026690044
 20
4837831.117206642
  0
LWPOLYLINE
  5
B3
330
17
100
AcDbEntity
  8
ROADS
100
AcDbPolyline
 90
2
 70
0
 10
628431.5152542178
 20
4837823.228857075
 10
628424.3439372785
 20
4837839.228215873
  0
LWPOLYLINE
  5
B4
330
17
100
AcDbEntity
  8
ROADS
100
AcDbPolyline
 90
2
 70
0
 10
628424.3439372785
 20
4837839.228215873
 10
628409.8026690044
 20
4837831.117206642
  0
LWPOLYLINE
  5
B5
330
17
100
AcDbEntity
  8
ROADS
100
AcDbPolyline
 90
2
 70
0
 10
628332.3537566813
 20
4837813.137379215
 10
628319.6258885156
 20
4837875.014242938
  0
LWPOLYLINE
  5
B6
330
17
100
AcDbEntity
  8
ROADS
100
AcDbPolyline
 90
2
 70
0
 10
628233.9860162092
 20
4837808.842139121
 10
628189.793958229
 20
4837886.651991218
  0
LWPOLYLINE
  5
B7
330
17
100
AcDbEntity
  8
ROADS
100
AcDbPolyline
 90
3
 70
0
 10
628332.3537566813
 20
4837813.137379215
 10
628244.866429881
 20
4837832.856473396
 10
628202.2527429634
 20
4837892.155166395
  0
LWPOLYLINE
  5
B8
330
17
100
AcDbEntity
  8
ROADS
100
AcDbPolyline
 90
2
 70
0
 10
628782.7882670921
 20
4837822.806988451
 10
628758.1703258906
 20
4837895.501670291
  0
LWPOLYLINE
  5
B9
330
17
100
AcDbEntity
  8
ROADS
100
AcDbPolyline
 90
3
 70
0
 10
628771.393986616
 20
4837806.515286743
 10
628679.400848241
 20
4837850.173111362
 10
628650.3345876291
 20
4837909.135363528
  0
LWPOLYLINE
  5
BA
330
17
100
AcDbEntity
  8
ROADS
100
AcDbPolyline
 90
2
 70
0
 10
628758.1703258906
 20
4837895.501670291
 10
628743.600529189
 20
4837936.630915709
  0
LWPOLYLINE
  5
BB
330
17
100
AcDbEntity
  8
ROADS
100
AcDbPolyline
 90
2
 70
0
 10
628846.9664750987
 20
4837922.74700129
 10
628758.1703258906
 20
4837895.501670291
  0
LWPOLYLINE
  5
BC
330
17
100
AcDbEntity
  8
ROADS
100
AcDbPolyline
 90
2
 70
0
 10
628743.600529189
 20
4837936.630915709
 10
628724.4758800096
 20
4837992.000730017
  0
LWPOLYLINE
  5
BD
330
17
100
AcDbEntity
  8
ROADS
100
AcDbPolyline
 90
4
 70
0
 10
628680.5464263808
 20
4837704.174644106
 10
628672.5073216944
 20
4837711.1642109165
 10
628496.0935967179
 20
4837735.110438684
 10
628431.5152542178
 20
4837823.228857075
  0
LWPOLYLINE
  5
BE
330
17
100
AcDbEntity
  8
ROADS
100
AcDbPolyline
 90
2
 70
0
 10
628545.941370107
 20
4837878.353372534
 10
628424.3439372785
 20
4837839.228215873
  0
LWPOLYLINE
  5
BF
330
17
100
AcDbEntity
  8
ROADS
100
AcDbPolyline
 90
2
 70
0
 10
628650.3345876291
 20
4837909.135363528
 10
628545.941370107
 20
4837878.353372534
  0
LWPOLYLINE
  5
C0
330
17
100
AcDbEntity
  8
ROADS
100
AcDbPolyline
 90
2
 70
0
 10
628743.600529189
 20
4837936.630915709
 10
628650.3345876291
 20
4837909.135363528
  0
LWPOLYLINE
  5
C1
330
17
100
AcDbEntity
  8
ROADS
100
AcDbPolyline
 90
2
 70
0
 10
628545.941370107
 20
4837878.353372534
 10
628511.3728464415
 20
4837986.7983524315
  0
LWPOLYLINE
  5
C2
330
17
100
AcDbEntity
  8
ROADS
100
AcDbPolyline
 90
2
 70
0
 10
628708.3832358771
 20
4838042.681061405
 10
628511.3728464415
 20
4837986.7983524315
  0
LWPOLYLINE
  5
C3
330
17
100
AcDbEntity
  8
ROADS
100
AcDbPolyline
 90
2
 70
0
 10
628511.3728464415
 20
4837986.7983524315
 10
628480.4925852296
 20
4838084.624315759
  0
LWPOLYLINE
  5
C4
330
17
100
AcDbEntity
  8
ROADS
100
AcDbPolyline
 90
2
 70
0
 10
628708.3832358771
 20
4838042.681061405
 10
628674.3484473893
 20
4838146.328412264
  0
LWPOLYLINE
  5
C5
330
17
100
AcDbEntity
  8
ROADS
100
AcDbPolyline
 90
2
 70
0
 10
628674.3484473893
 20
4838146.328412264
 10
628480.4925852296
 20
4838084.624315759
  0
LWPOLYLINE
  5
C6
330
17
100
AcDbEntity
  8
ROADS
100
AcDbPolyline
 90
2
 70
0
 10
628480.4925852296
 20
4838084.624315759
 10
628443.9832805643
 20
4838195.037282929
  0
LWPOLYLINE
  5
C7
330
17
100
AcDbEntity
  8
ROADS
100
AcDbPolyline
 90
4
 70
0
 10
628319.6258885156
 20
4837875.014242938
 10
628308.2269870476
 20
4837842.951999379
 10
628289.1664327737
 20
4837841.863220406
 10
628215.9900694246
 20
4837922.266565422
  0
LWPOLYLINE
  5
C8
330
17
100
AcDbEntity
  8
ROADS
100
AcDbPolyline
 90
2
 70
0
 10
628202.2527429634
 20
4837892.155166395
 10
628189.793958229
 20
4837886.651991218
  0
LWPOLYLINE
  5
C9
330
17
100
AcDbEntity
  8
ROADS
100
AcDbPolyline
 90
2
 70
0
 10
628189.793958229
 20
4837886.651991218
 10
628115.6914552511
 20
4837903.499937042
  0
LWPOLYLINE
  5
CA
330
17
100
AcDbEntity
  8
ROADS
100
AcDbPolyline
 90
2
 70
0
 10
628202.2527429634
 20
4837892.155166395
 10
628215.9900694246
 20
4837922.266565422
  0
LWPOLYLINE
  5
CB
330
17
100
AcDbEntity
  8
ROADS
100
AcDbPolyline
 90
2
 70
0
 10
628319.6258885156
 20
4837875.014242938
 10
628301.6125894112
 20
4837950.663413837
  0
LWPOLYLINE
  5
CC
330
17
100
AcDbEntity
  8
ROADS
100
AcDbPolyline
 90
2
 70
0
 10
628301.6125894112
 20
4837950.663413837
 10
628261.6835498167
 20
4837937.1404073285
  0
LWPOLYLINE
  5
CD
330
17
100
AcDbEntity
  8
ROADS
100
AcDbPolyline
 90
2
 70
0
 10
628215.9900694246
 20
4837922.266565422
 10
628198.5821423668
 20
4837998.588202645
  0
LWPOLYLINE
  5
CE
330
17
100
AcDbEntity
  8
ROADS
100
AcDbPolyline
 90
2
 70
0
 10
628301.6125894112
 20
4837950.663413837
 10
628276.9977524428
 20
4838024.327055711
  0
LWPOLYLINE
  5
CF
330
17
100
AcDbEntity
  8
ROADS
100
AcDbPolyline
 90
3
 70
0
 10
628215.9900694246
 20
4837922.266565422
 10
628145.1481125015
 20
4837936.026772143
 10
628099.6510239639
 20
4838052.869511476
  0
LWPOLYLINE
  5
D0
330
17
100
AcDbEntity
  8
ROADS
100
AcDbPolyline
 90
2
 70
0
 10
628424.3439372785
 20
4837839.228215873
 10
628321.8053430289
 20
4838158.264177253
  0
LWPOLYLINE
  5
D1
330
17
100
AcDbEntity
  8
ROADS
100
AcDbPolyline
 90
2
 70
0
 10
628276.9977524428
 20
4838024.327055711
 10
628198.5821423668
 20
4837998.588202645
  0
LWPOLYLINE
  5
D2
330
17
100
AcDbEntity
  8
ROADS
100
AcDbPolyline
 90
2
 70
0
 10
628276.9977524428
 20
4838024.327055711
 10
628267.7715137796
 20
4838055.492227878
  0
LWPOLYLINE
  5
D3
330
17
100
AcDbEntity
  8
ROADS
100
AcDbPolyline
 90
2
 70
0
 10
628198.5821423668
 20
4837998.588202645
 10
628171.7718673225
 20
4838081.280699038
  0
LWPOLYLINE
  5
D4
330
17
100
AcDbEntity
  8
ROADS
100
AcDbPolyline
 90
2
 70
0
 10
628267.7715137796
 20
4838055.492227878
 10
628249.436361828
 20
4838101.935653793
  0
LWPOLYLINE
  5
D5
330
17
100
AcDbEntity
  8
ROADS
100
AcDbPolyline
 90
2
 70
0
 10
628267.7715137796
 20
4838055.492227878
 10
628253.9870182329
 20
4838121.102204736
  0
LWPOLYLINE
  5
D6
330
17
100
AcDbEntity
  8
ROADS
100
AcDbPolyline
 90
2
 70
0
 10
628171.7718673225
 20
4838081.280699038
 10
628249.436361828
 20
4838101.935653793
  0
LWPOLYLINE
  5
D7
330
17
100
AcDbEntity
  8
ROADS
100
AcDbPolyline
 90
2
 70
0
 10
628171.7718673225
 20
4838081.280699038
 10
628163.1288582211
 20
4838107.1270627845
  0
LWPOLYLINE
  5
D8
330
17
100
AcDbEntity
  8
ROADS
100
AcDbPolyline
 90
2
 70
0
 10
628249.436361828
 20
4838101.935653793
 10
628253.9870182329
 20
4838121.102204736
  0
LWPOLYLINE
  5
D9
330
17
100
AcDbEntity
  8
ROADS
100
AcDbPolyline
 90
2
 70
0
 10
628203.2047189954
 20
4838120.327720236
 10
628163.1288582211
 20
4838107.1270627845
  0
LWPOLYLINE
  5
DA
330
17
100
AcDbEntity
  8
ROADS
100
AcDbPolyline
 90
2
 70
0
 10
628249.1141477625
 20
4838135.176992646
 10
628203.2047189954
 20
4838120.327720236
  0
LWPOLYLINE
  5
DB
330
17
100
AcDbEntity
  8
ROADS
100
AcDbPolyline
 90
2
 70
0
 10
628724.4758800096
 20
4837992.000730017
 10
628708.3832358771
 20
4838042.681061405
  0
LWPOLYLINE
  5
DC
330
17
100
AcDbEntity
  8
ROADS
100
AcDbPolyline
 90
2
 70
0
 10
628913.9527583151
 20
4838053.490856403
 10
628724.4758800096
 20
4837992.000730017
  0
LWPOLYLINE
  5
DD
330
17
100
AcDbEntity
  8
ROADS
100
AcDbPolyline
 90
2
 70
0
 10
628914.544218374
 20
4838054.762409118
 10
628890.5425595173
 20
4838135.674732747
  0
LWPOLYLINE
  5
DE
330
17
100
AcDbEntity
  8
ROADS
100
AcDbPolyline
 90
2
 70
0
 10
628890.5425595173
 20
4838135.674732747
 10
628863.7859527473
 20
4838209.036735377
  0
LWPOLYLINE
  5
DF
330
17
100
AcDbEntity
  8
ROADS
100
AcDbPolyline
 90
2
 70
0
 10
628863.7859527473
 20
4838209.036735377
 10
628674.3484473893
 20
4838146.328412264
  0
LWPOLYLINE
  5
E0
330
17
100
AcDbEntity
  8
ROADS
100
AcDbPolyline
 90
2
 70
0
 10
628863.7859527473
 20
4838209.036735377
 10
628832.057894216
 20
4838311.15573627
  0
LWPOLYLINE
  5
E1
330
17
100
AcDbEntity
  8
ROADS
100
AcDbPolyline
 90
2
 70
0
 10
628775.2096286911
 20
4838294.4284478575
 10
628702.386487898
 20
4838271.719842971
  0
LWPOLYLINE
  5
E2
330
17
100
AcDbEntity
  8
ROADS
100
AcDbPolyline
 90
2
 70
0
 10
628832.057894216
 20
4838311.15573627
 10
628775.2096286911
 20
4838294.4284478575
  0
LWPOLYLINE
  5
E3
330
17
100
AcDbEntity
  8
ROADS
100
AcDbPolyline
 90
4
 70
0
 10
628832.057894216
 20
4838311.15573627
 10
628788.1086142682
 20
4838321.237531867
 10
628769.723379809
 20
4838311.617369413
 10
628775.2096286911
 20
4838294.4284478575
  0
LWPOLYLINE
  5
E4
330
17
100
AcDbEntity
  8
ROADS
100
AcDbPolyline
 90
2
 70
0
 10
628893.2483541493
 20
4838326.672483182
 10
628832.057894216
 20
4838311.15573627
  0
LWPOLYLINE
  5
E5
330
17
100
AcDbEntity
  8
ROADS
100
AcDbPolyline
 90
2
 70
0
 10
628163.1288582211
 20
4838107.1270627845
 10
628056.6830629965
 20
4838072.342671463
  0
LWPOLYLINE
  5
E6
330
17
100
AcDbEntity
  8
ROADS
100
AcDbPolyline
 90
2
 70
0
 10
628056.6830629965
 20
4838072.342671463
 10
628018.27783208
 20
4838190.764726852
  0
LWPOLYLINE
  5
E7
330
17
100
AcDbEntity
  8
ROADS
100
AcDbPolyline
 90
2
 70
0
 10
627965.9783240842
 20
4838044.5244342955
 10
627893.1494954044
 20
4838282.066517811
  0
LWPOLYLINE
  5
E8
330
17
100
AcDbEntity
  8
ROADS
100
AcDbPolyline
 90
2
 70
0
 10
628168.014754893
 20
4838232.828589367
 10
628018.27783208
 20
4838190.764726852
  0
LWPOLYLINE
  5
E9
330
17
100
AcDbEntity
  8
ROADS
100
AcDbPolyline
 90
2
 70
0
 10
628018.27783208
 20
4838190.764726852
 10
627981.5138512217
 20
4838309.89548556
  0
LWPOLYLINE
  5
EA
330
17
100
AcDbEntity
  8
ROADS
100
AcDbPolyline
 90
2
 70
0
 10
627935.613349028
 20
4838297.0984936515
 10
627893.1494954044
 20
4838282.066517811
  0
LWPOLYLINE
  5
EB
330
17
100
AcDbEntity
  8
ROADS
100
AcDbPolyline
 90
2
 70
0
 10
627981.5138512217
 20
4838309.89548556
 10
627935.613349028
 20
4838297.0984936515
  0
LWPOLYLINE
  5
EC
330
17
100
AcDbEntity
  8
ROADS
100
AcDbPolyline
 90
2
 70
0
 10
627935.613349028
 20
4838297.0984936515
 10
627916.105272596
 20
4838359.732686086
  0
LWPOLYLINE
  5
ED
330
17
100
AcDbEntity
  8
ROADS
100
AcDbPolyline
 90
2
 70
0
 10
628131.1801332312
 20
4838351.6611001
 10
627981.5138512217
 20
4838309.89548556
  0
LWPOLYLINE
  5
EE
330
17
100
AcDbEntity
  8
ROADS
100
AcDbPolyline
 90
2
 70
0
 10
627981.5138512217
 20
4838309.89548556
 10
627962.1397682228
 20
4838373.083144956
  0
LWPOLYLINE
  5
EF
330
17
100
AcDbEntity
  8
ROADS
100
AcDbPolyline
 90
2
 70
0
 10
628141.4978119186
 20
4837821.2943169605
 10
628115.6914552511
 20
4837903.499937042
  0
LWPOLYLINE
  5
F0
330
17
100
AcDbEntity
  8
ROADS
100
AcDbPolyline
 90
4
 70
0
 10
627743.1451647289
 20
4837975.512990916
 10
627750.9196807587
 20
4837954.500257335
 10
627997.2969822211
 20
4837854.333597373
 10
628141.4978119186
 20
4837821.2943169605
  0
LWPOLYLINE
  5
F1
330
17
100
AcDbEntity
  8
ROADS
100
AcDbPolyline
 90
2
 70
0
 10
628115.6914552511
 20
4837903.499937042
 10
628066.4143988903
 20
4838060.083876091
  0
LWPOLYLINE
  5
F2
330
17
100
AcDbEntity
  8
ROADS
100
AcDbPolyline
 90
3
 70
0
 10
627951.7817942895
 20
4838040.190404364
 10
627972.4211174181
 20
4837973.396379011
 10
628026.5119713298
 20
4837960.160773896
  0
LWPOLYLINE
  5
F3
330
17
100
AcDbEntity
  8
ROADS
100
AcDbPolyline
 90
2
 70
0
 10
627951.7817942895
 20
4838040.190404364
 10
627878.32139585
 20
4838017.61339081
  0
LWPOLYLINE
  5
F4
330
17
100
AcDbEntity
  8
ROADS
100
AcDbPolyline
 90
2
 70
0
 10
627965.9783240842
 20
4838044.5244342955
 10
627951.7817942895
 20
4838040.190404364
  0
LWPOLYLINE
  5
F5
330
17
100
AcDbEntity
  8
ROADS
100
AcDbPolyline
 90
2
 70
0
 10
628066.4143988903
 20
4838060.083876091
 10
628099.6510239639
 20
4838052.869511476
  0
LWPOLYLINE
  5
F6
330
17
100
AcDbEntity
  8
ROADS
100
AcDbPolyline
 90
2
 70
0
 10
628056.6830629965
 20
4838072.342671463
 10
627965.9783240842
 20
4838044.5244342955
  0
LWPOLYLINE
  5
F7
330
17
100
AcDbEntity
  8
ROADS
100
AcDbPolyline
 90
2
 70
0
 10
628066.4143988903
 20
4838060.083876091
 10
628056.6830629965
 20
4838072.342671463
  0
LWPOLYLINE
  5
F8
330
17
100
AcDbEntity
  8
ROADS
100
AcDbPolyline
 90
2
 70
0
 10
628099.6510239639
 20
4838052.869511476
 10
628171.7718673225
 20
4838081.280699038
  0
LWPOLYLINE
  5
F9
330
17
100
AcDbEntity
  8
ROADS
100
AcDbPolyline
 90
2
 70
0
 10
627176.8921662985
 20
4837857.041782922
 10
627129.031746296
 20
4838005.420401957
  0
LWPOLYLINE
  5
FA
330
17
100
AcDbEntity
  8
ROADS
100
AcDbPolyline
 90
2
 70
0
 10
627225.3543228904
 20
4837872.184160563
 10
627179.5335798671
 20
4838021.69275762
  0
LWPOLYLINE
  5
FB
330
17
100
AcDbEntity
  8
ROADS
100
AcDbPolyline
 90
2
 70
0
 10
627291.4230100191
 20
4837895.016436879
 10
627229.0809725162
 20
4838037.6548372265
  0
LWPOLYLINE
  5
FC
330
17
100
AcDbEntity
  8
ROADS
100
AcDbPolyline
 90
2
 70
0
 10
627129.031746296
 20
4838005.420401957
 10
627081.2913658784
 20
4837991.8421591865
  0
LWPOLYLINE
  5
FD
330
17
100
AcDbEntity
  8
ROADS
100
AcDbPolyline
 90
2
 70
0
 10
627179.5335798671
 20
4838021.69275762
 10
627129.031746296
 20
4838005.420401957
  0
LWPOLYLINE
  5
FE
330
17
100
AcDbEntity
  8
ROADS
100
AcDbPolyline
 90
2
 70
0
 10
627229.0809725162
 20
4838037.6548372265
 10
627179.5335798671
 20
4838021.69275762
  0
LWPOLYLINE
  5
FF
330
17
100
AcDbEntity
  8
ROADS
100
AcDbPolyline
 90
2
 70
0
 10
627324.3928578312
 20
4837907.441474897
 10
627226.0921622582
 20
4838217.277942365
  0
LWPOLYLINE
  5
100
330
17
100
AcDbEntity
  8
ROADS
100
AcDbPolyline
 90
2
 70
0
 10
627370.7755379642
 20
4837921.498190543
 10
627271.4726241309
 20
4838231.673592001
  0
LWPOLYLINE
  5
101
330
17
100
AcDbEntity
  8
ROADS
100
AcDbPolyline
 90
2
 70
0
 10
627129.031746296
 20
4838005.420401957
 10
627068.8885027453
 20
4838199.359643522
  0
LWPOLYLINE
  5
102
330
17
100
AcDbEntity
  8
ROADS
100
AcDbPolyline
 90
2
 70
0
 10
627179.5335798671
 20
4838021.69275762
 10
627118.6644605892
 20
4838214.515828499
  0
LWPOLYLINE
  5
103
330
17
100
AcDbEntity
  8
ROADS
100
AcDbPolyline
 90
2
 70
0
 10
627370.7755379642
 20
4837921.498190543
 10
627324.3928578312
 20
4837907.441474897
  0
LWPOLYLINE
  5
104
330
17
100
AcDbEntity
  8
ROADS
100
AcDbPolyline
 90
2
 70
0
 10
627484.9166385115
 20
4837899.439063478
 10
627468.732897661
 20
4837951.51065109
  0
LWPOLYLINE
  5
105
330
17
100
AcDbEntity
  8
ROADS
100
AcDbPolyline
 90
2
 70
0
 10
627419.229659284
 20
4837936.367423351
 10
627370.7755379642
 20
4837921.498190543
  0
LWPOLYLINE
  5
106
330
17
100
AcDbEntity
  8
ROADS
100
AcDbPolyline
 90
2
 70
0
 10
627468.732897661
 20
4837951.51065109
 10
627419.229659284
 20
4837936.367423351
  0
LWPOLYLINE
  5
107
330
17
100
AcDbEntity
  8
ROADS
100
AcDbPolyline
 90
2
 70
0
 10
627468.732897661
 20
4837951.51065109
 10
627404.8496122122
 20
4838147.096560207
  0
LWPOLYLINE
  5
108
330
17
100
AcDbEntity
  8
ROADS
100
AcDbPolyline
 90
2
 70
0
 10
627419.229659284
 20
4837936.367423351
 10
627325.0382152456
 20
4838235.253607579
  0
LWPOLYLINE
  5
109
330
17
100
AcDbEntity
  8
ROADS
100
AcDbPolyline
 90
2
 70
0
 10
627461.4069709327
 20
4838164.247524617
 10
627404.8496122122
 20
4838147.096560207
  0
LWPOLYLINE
  5
10A
330
17
100
AcDbEntity
  8
ROADS
100
AcDbPolyline
 90
2
 70
0
 10
627475.5532965574
 20
4838168.536143001
 10
627461.4069709327
 20
4838164.247524617
  0
LWPOLYLINE
  5
10B
330
17
100
AcDbEntity
  8
ROADS
100
AcDbPolyline
 90
4
 70
0
 10
627475.5532965574
 20
4838168.536143001
 10
627490.7731187101
 20
4838150.573776956
 10
627516.7641580818
 20
4838155.030127406
 10
627551.344386333
 20
4838188.423647217
  0
LWPOLYLINE
  5
10C
330
17
100
AcDbEntity
  8
ROADS
100
AcDbPolyline
 90
2
 70
0
 10
627551.344386333
 20
4838188.423647217
 10
627475.5532965574
 20
4838168.536143001
  0
LWPOLYLINE
  5
10D
330
17
100
AcDbEntity
  8
ROADS
100
AcDbPolyline
 90
2
 70
0
 10
627664.1669596063
 20
4837915.197820608
 10
627658.0991396222
 20
4837949.725272384
  0
LWPOLYLINE
  5
10E
330
17
100
AcDbEntity
  8
ROADS
100
AcDbPolyline
 90
2
 70
0
 10
627664.1669596063
 20
4837915.197820608
 10
627675.7688430955
 20
4837954.890660851
  0
LWPOLYLINE
  5
10F
330
17
100
AcDbEntity
  8
ROADS
100
AcDbPolyline
 90
2
 70
0
 10
627658.0991396222
 20
4837949.725272384
 10
627577.9686360398
 20
4837926.304614081
  0
LWPOLYLINE
  5
110
330
17
100
AcDbEntity
  8
ROADS
100
AcDbPolyline
 90
2
 70
0
 10
627675.7688430955
 20
4837954.890660851
 10
627658.0991396222
 20
4837949.725272384
  0
LWPOLYLINE
  5
111
330
17
100
AcDbEntity
  8
ROADS
100
AcDbPolyline
 90
2
 70
0
 10
627743.1451647289
 20
4837975.512990916
 10
627675.7688430955
 20
4837954.890660851
  0
LWPOLYLINE
  5
112
330
17
100
AcDbEntity
  8
ROADS
100
AcDbPolyline
 90
2
 70
0
 10
627878.32139585
 20
4838017.61339081
 10
627743.1451647289
 20
4837975.512990916
  0
LWPOLYLINE
  5
113
330
17
100
AcDbEntity
  8
ROADS
100
AcDbPolyline
 90
2
 70
0
 10
627878.32139585
 20
4838017.61339081
 10
627798.1927947674
 20
4838255.257399449
  0
LWPOLYLINE
  5
114
330
17
100
AcDbEntity
  8
ROADS
100
AcDbPolyline
 90
2
 70
0
 10
627671.0624705646
 20
4838222.842045916
 10
627616.1101269248
 20
4838206.468138984
  0
LWPOLYLINE
  5
115
330
17
100
AcDbEntity
  8
ROADS
100
AcDbPolyline
 90
2
 70
0
 10
627798.1927947674
 20
4838255.257399449
 10
627671.0624705646
 20
4838222.842045916
  0
LWPOLYLINE
  5
116
330
17
100
AcDbEntity
  8
ROADS
100
AcDbPolyline
 90
3
 70
0
 10
627616.1101269248
 20
4838206.468138984
 10
627620.6728894481
 20
4838245.975162099
 10
627646.977273803
 20
4838285.081384988
  0
LWPOLYLINE
  5
117
330
17
100
AcDbEntity
  8
ROADS
100
AcDbPolyline
 90
2
 70
0
 10
627616.1101269248
 20
4838206.468138984
 10
627551.344386333
 20
4838188.423647217
  0
LWPOLYLINE
  5
118
330
17
100
AcDbEntity
  8
ROADS
100
AcDbPolyline
 90
2
 70
0
 10
627404.8496122122
 20
4838147.096560207
 10
627372.0522466445
 20
4838253.218031922
  0
LWPOLYLINE
  5
119
330
17
100
AcDbEntity
  8
ROADS
100
AcDbPolyline
 90
3
 70
0
 10
627461.4069709327
 20
4838164.247524617
 10
627445.4717978713
 20
4838214.7934963405
 10
627536.2128617393
 20
4838241.728340274
  0
LWPOLYLINE
  5
11A
330
17
100
AcDbEntity
  8
ROADS
100
AcDbPolyline
 90
2
 70
0
 10
627551.344386333
 20
4838188.423647217
 10
627536.2128617393
 20
4838241.728340274
  0
LWPOLYLINE
  5
11B
330
17
100
AcDbEntity
  8
ROADS
100
AcDbPolyline
 90
2
 70
0
 10
627536.2128617393
 20
4838241.728340274
 10
627518.3905165797
 20
4838297.335506829
  0
LWPOLYLINE
  5
11C
330
17
100
AcDbEntity
  8
ROADS
100
AcDbPolyline
 90
2
 70
0
 10
627518.3905165797
 20
4838297.335506829
 10
627372.0522466445
 20
4838253.218031922
  0
LWPOLYLINE
  5
11D
330
17
100
AcDbEntity
  8
ROADS
100
AcDbPolyline
 90
2
 70
0
 10
627372.0522466445
 20
4838253.218031922
 10
627344.4305566155
 20
4838343.450100194
  0
LWPOLYLINE
  5
11E
330
17
100
AcDbEntity
  8
ROADS
100
AcDbPolyline
 90
2
 70
0
 10
627518.3905165797
 20
4838297.335506829
 10
627488.4838174871
 20
4838388.996373158
  0
LWPOLYLINE
  5
11F
330
17
100
AcDbEntity
  8
ROADS
100
AcDbPolyline
 90
2
 70
0
 10
627488.4838174871
 20
4838388.996373158
 10
627344.4305566155
 20
4838343.450100194
  0
LWPOLYLINE
  5
120
330
17
100
AcDbEntity
  8
ROADS
100
AcDbPolyline
 90
2
 70
0
 10
627488.4838174871
 20
4838388.996373158
 10
627479.7810845916
 20
4838418.254810965
  0
LWPOLYLINE
  5
121
330
17
100
AcDbEntity
  8
ROADS
100
AcDbPolyline
 90
2
 70
0
 10
627671.0624705646
 20
4838222.842045916
 10
627646.977273803
 20
4838285.081384988
  0
LWPOLYLINE
  5
122
330
17
100
AcDbEntity
  8
ROADS
100
AcDbPolyline
 90
2
 70
0
 10
627893.1494954044
 20
4838282.066517811
 10
627798.1927947674
 20
4838255.257399449
  0
LWPOLYLINE
  5
123
330
17
100
AcDbEntity
  8
ROADS
100
AcDbPolyline
 90
2
 70
0
 10
627769.4660770269
 20
4838325.497822011
 10
627798.1927947674
 20
4838255.257399449
  0
LWPOLYLINE
  5
124
330
17
100
AcDbEntity
  8
ROADS
100
AcDbPolyline
 90
2
 70
0
 10
627916.105272596
 20
4838359.732686086
 10
627782.7376606049
 20
4838318.766927068
  0
LWPOLYLINE
  5
125
330
17
100
AcDbEntity
  8
ROADS
100
AcDbPolyline
 90
2
 70
0
 10
627901.1979432768
 20
4838407.800148974
 10
627765.7822987224
 20
4838367.548376335
  0
LWPOLYLINE
  5
126
330
17
100
AcDbEntity
  8
ROADS
100
AcDbPolyline
 90
3
 70
0
 10
627646.977273803
 20
4838285.081384988
 10
627597.303153069
 20
4838396.545016407
 10
627586.3112469994
 20
4838500.389775026
  0
LWPOLYLINE
  5
127
330
17
100
AcDbEntity
  8
ROADS
100
AcDbPolyline
 90
6
 70
0
 10
627769.4660770269
 20
4838325.497822011
 10
627743.3339841872
 20
4838407.792928246
 10
627714.760030805
 20
4838480.8927716585
 10
627650.6222675926
 20
4838464.23366772
 10
627700.0389643535
 20
4838307.124471628
 10
627769.4660770269
 20
4838325.497822011
  0
LWPOLYLINE
  5
128
330
17
100
AcDbEntity
  8
ROADS
100
AcDbPolyline
 90
2
 70
0
 10
627830.4655786963
 20
4838486.522875594
 10
627735.9878389654
 20
4838457.480224537
  0
LWPOLYLINE
  5
129
330
17
100
AcDbEntity
  8
ROADS
100
AcDbPolyline
 90
2
 70
0
 10
627881.6428438665
 20
4838501.838491208
 10
627830.4655786963
 20
4838486.522875594
  0
LWPOLYLINE
  5
12A
330
17
100
AcDbEntity
  8
ROADS
100
AcDbPolyline
 90
2
 70
0
 10
627830.4655786963
 20
4838486.522875594
 10
627806.4540333857
 20
4838561.135348755
  0
LWPOLYLINE
  5
12B
330
17
100
AcDbEntity
  8
ROADS
100
AcDbPolyline
 90
2
 70
0
 10
627516.4905857744
 20
4838430.905559361
 10
627479.7810845916
 20
4838418.254810965
  0
LWPOLYLINE
  5
12C
330
17
100
AcDbEntity
  8
ROADS
100
AcDbPolyline
 90
4
 70
0
 10
627479.7810845916
 20
4838418.254810965
 10
627467.4154698072
 20
4838453.133351044
 10
627432.6184341017
 20
4838477.894540037
 10
627313.245101001
 20
4838442.944275264
  0
LWPOLYLINE
  5
12D
330
17
100
AcDbEntity
  8
ROADS
100
AcDbPolyline
 90
2
 70
0
 10
627586.3112469994
 20
4838500.389775026
 10
627557.9773532847
 20
4838530.804223579
  0
LWPOLYLINE
  5
12E
330
17
100
AcDbEntity
  8
ROADS
100
AcDbPolyline
 90
2
 70
0
 10
627557.9773532847
 20
4838530.804223579
 10
627535.4882241554
 20
4838541.514138896
  0
LWPOLYLINE
  5
12F
330
17
100
AcDbEntity
  8
ROADS
100
AcDbPolyline
 90
2
 70
0
 10
627557.9773532847
 20
4838530.804223579
 10
627544.4656842541
 20
4838561.810794817
  0
LWPOLYLINE
  5
130
330
17
100
AcDbEntity
  8
ROADS
100
AcDbPolyline
 90
2
 70
0
 10
627535.4882241554
 20
4838541.514138896
 10
627544.4656842541
 20
4838561.810794817
  0
LWPOLYLINE
  5
131
330
17
100
AcDbEntity
  8
ROADS
100
AcDbPolyline
 90
2
 70
0
 10
627544.4656842541
 20
4838561.810794817
 10
627530.0873603846
 20
4838630.059036555
  0
LWPOLYLINE
  5
132
330
17
100
AcDbEntity
  8
ROADS
100
AcDbPolyline
 90
6
 70
0
 10
627535.4882241554
 20
4838541.514138896
 10
627490.7769358174
 20
4838544.30462141
 10
627436.8110590102
 20
4838611.3957516905
 10
627322.835186799
 20
4838642.729202016
 10
627265.8533692033
 20
4838693.165694846
 10
627231.9824106295
 20
4838701.174052954
  0
LWPOLYLINE
  5
133
330
17
100
AcDbEntity
  8
ROADS
100
AcDbPolyline
 90
2
 70
0
 10
627530.0873603846
 20
4838630.059036555
 10
627492.1120776685
 20
4838732.057587945
  0
LWPOLYLINE
  5
134
330
17
100
AcDbEntity
  8
ROADS
100
AcDbPolyline
 90
2
 70
0
 10
627585.8690431287
 20
4838739.794912456
 10
627492.1120776685
 20
4838732.057587945
  0
LWPOLYLINE
  5
135
330
17
100
AcDbEntity
  8
ROADS
100
AcDbPolyline
 90
3
 70
0
 10
627586.3112469994
 20
4838500.389775026
 10
627611.9992342278
 20
4838491.1918082405
 10
627750.9168991783
 20
4838597.243479863
  0
LWPOLYLINE
  5
136
330
17
100
AcDbEntity
  8
ROADS
100
AcDbPolyline
 90
3
 70
0
 10
627881.6428438665
 20
4838501.838491208
 10
627838.9374993573
 20
4838630.638324915
 10
627886.3050409777
 20
4838644.984993233
  0
LWPOLYLINE
  5
137
330
17
100
AcDbEntity
  8
ROADS
100
AcDbPolyline
 90
2
 70
0
 10
627806.4540333857
 20
4838561.135348755
 10
627750.9168991783
 20
4838597.243479863
  0
LWPOLYLINE
  5
138
330
17
100
AcDbEntity
  8
ROADS
100
AcDbPolyline
 90
2
 70
0
 10
627806.4540333857
 20
4838561.135348755
 10
627790.0347693639
 20
4838619.780115915
  0
LWPOLYLINE
  5
139
330
17
100
AcDbEntity
  8
ROADS
100
AcDbPolyline
 90
2
 70
0
 10
627750.9168991783
 20
4838597.243479863
 10
627697.857617515
 20
4838661.316527206
  0
LWPOLYLINE
  5
13A
330
17
100
AcDbEntity
  8
ROADS
100
AcDbPolyline
 90
3
 70
0
 10
627672.6840886214
 20
4838653.627716729
 10
627580.5785642781
 20
4838625.026966117
 10
627530.0873603846
 20
4838630.059036555
  0
LWPOLYLINE
  5
13B
330
17
100
AcDbEntity
  8
ROADS
100
AcDbPolyline
 90
3
 70
0
 10
627750.9168991783
 20
4838597.243479863
 10
627807.3650663793
 20
4838676.052167539
 10
627853.0039579116
 20
4838697.892053909
  0
LWPOLYLINE
  5
13C
330
17
100
AcDbEntity
  8
ROADS
100
AcDbPolyline
 90
2
 70
0
 10
627697.857617515
 20
4838661.316527206
 10
627672.6840886214
 20
4838653.627716729
  0
LWPOLYLINE
  5
13D
330
17
100
AcDbEntity
  8
ROADS
100
AcDbPolyline
 90
2
 70
0
 10
627853.0039579116
 20
4838697.892053909
 10
627871.3348791688
 20
4838690.608146785
  0
LWPOLYLINE
  5
13E
330
17
100
AcDbEntity
  8
ROADS
100
AcDbPolyline
 90
2
 70
0
 10
627672.6840886214
 20
4838653.627716729
 10
627641.6507934633
 20
4838750.342538262
  0
LWPOLYLINE
  5
13F
330
17
100
AcDbEntity
  8
ROADS
100
AcDbPolyline
 90
2
 70
0
 10
627344.4305566155
 20
4838343.450100194
 10
627313.245101001
 20
4838442.944275264
  0
LWPOLYLINE
  5
140
330
17
100
AcDbEntity
  8
ROADS
100
AcDbPolyline
 90
2
 70
0
 10
627218.4654494342
 20
4838399.915349363
 10
627091.3695865164
 20
4838468.915877825
  0
LWPOLYLINE
  5
141
330
17
100
AcDbEntity
  8
ROADS
100
AcDbPolyline
 90
2
 70
0
 10
627218.4654494342
 20
4838399.915349363
 10
627177.7649601807
 20
4838530.008281811
  0
LWPOLYLINE
  5
142
330
17
100
AcDbEntity
  8
ROADS
100
AcDbPolyline
 90
2
 70
0
 10
627313.245101001
 20
4838442.944275264
 10
627276.4981925307
 20
4838559.139882697
  0
LWPOLYLINE
  5
143
330
17
100
AcDbEntity
  8
ROADS
100
AcDbPolyline
 90
2
 70
0
 10
627276.4981925307
 20
4838559.139882697
 10
627177.7649601807
 20
4838530.008281811
  0
LWPOLYLINE
  5
144
330
17
100
AcDbEntity
  8
ROADS
100
AcDbPolyline
 90
2
 70
0
 10
627276.4981925307
 20
4838559.139882697
 10
627231.9824106295
 20
4838701.174052954
  0
LWPOLYLINE
  5
145
330
17
100
AcDbEntity
  8
ROADS
100
AcDbPolyline
 90
2
 70
0
 10
627231.9824106295
 20
4838701.174052954
 10
627201.9010865403
 20
4838796.789393668
  0
LWPOLYLINE
  5
146
330
17
100
AcDbEntity
  8
ROADS
100
AcDbPolyline
 90
2
 70
0
 10
627201.9010865403
 20
4838796.789393668
 10
627178.471123653
 20
4838867.748998678
  0
LWPOLYLINE
  5
147
330
17
100
AcDbEntity
  8
ROADS
100
AcDbPolyline
 90
2
 70
0
 10
627273.3182092877
 20
4838892.672144204
 10
627178.471123653
 20
4838867.748998678
  0
LWPOLYLINE
  5
148
330
17
100
AcDbEntity
  8
ROADS
100
AcDbPolyline
 90
2
 70
0
 10
627178.471123653
 20
4838867.748998678
 10
627139.6119436545
 20
4838991.684787093
  0
LWPOLYLINE
  5
149
330
17
100
AcDbEntity
  8
ROADS
100
AcDbPolyline
 90
3
 70
0
 10
627765.24986743
 20
4838770.17841514
 10
627738.8981660911
 20
4838691.119739685
 10
627697.857617515
 20
4838661.316527206
  0
LWPOLYLINE
  5
14A
330
17
100
AcDbEntity
  8
ROADS
100
AcDbPolyline
 90
2
 70
0
 10
627871.3348791688
 20
4838690.608146785
 10
627844.4258879267
 20
4838771.949637913
  0
LWPOLYLINE
  5
14B
330
17
100
AcDbEntity
  8
ROADS
100
AcDbPolyline
 90
2
 70
0
 10
627853.0039579116
 20
4838697.892053909
 10
627802.98756209
 20
4838770.439018649
  0
LWPOLYLINE
  5
14C
330
17
100
AcDbEntity
  8
ROADS
100
AcDbPolyline
 90
2
 70
0
 10
627641.6507934633
 20
4838750.342538262
 10
627585.8690431287
 20
4838739.794912456
  0
LWPOLYLINE
  5
14D
330
17
100
AcDbEntity
  8
ROADS
100
AcDbPolyline
 90
2
 70
0
 10
627765.24986743
 20
4838770.17841514
 10
627641.6507934633
 20
4838750.342538262
  0
LWPOLYLINE
  5
14E
330
17
100
AcDbEntity
  8
ROADS
100
AcDbPolyline
 90
2
 70
0
 10
627802.98756209
 20
4838770.439018649
 10
627765.24986743
 20
4838770.17841514
  0
LWPOLYLINE
  5
14F
330
17
100
AcDbEntity
  8
ROADS
100
AcDbPolyline
 90
2
 70
0
 10
627844.4258879267
 20
4838771.949637913
 10
627802.98756209
 20
4838770.439018649
  0
LWPOLYLINE
  5
150
330
17
100
AcDbEntity
  8
ROADS
100
AcDbPolyline
 90
2
 70
0
 10
627844.4258879267
 20
4838771.949637913
 10
627805.8377748069
 20
4838890.573247262
  0
LWPOLYLINE
  5
151
330
17
100
AcDbEntity
  8
ROADS
100
AcDbPolyline
 90
3
 70
0
 10
627805.8377748069
 20
4838890.573247262
 10
627692.1771529317
 20
4838862.564570917
 10
627582.6957342824
 20
4838877.739235992
  0
LWPOLYLINE
  5
152
330
17
100
AcDbEntity
  8
ROADS
100
AcDbPolyline
 90
2
 70
0
 10
627805.8377748069
 20
4838890.573247262
 10
627777.4091896947
 20
4838978.51864184
  0
LWPOLYLINE
  5
153
330
17
100
AcDbEntity
  8
ROADS
100
AcDbPolyline
 90
2
 70
0
 10
627081.2913658784
 20
4837991.8421591865
 10
627032.2903673396
 20
4837977.907099494
  0
LWPOLYLINE
  5
154
330
17
100
AcDbEntity
  8
ROADS
100
AcDbPolyline
 90
2
 70
0
 10
626921.6861540445
 20
4837951.666177181
 10
626852.4836308358
 20
4838177.3313985765
  0
LWPOLYLINE
  5
155
330
17
100
AcDbEntity
  8
ROADS
100
AcDbPolyline
 90
2
 70
0
 10
627032.2903673396
 20
4837977.907099494
 10
626971.6871106506
 20
4838171.01791899
  0
LWPOLYLINE
  5
156
330
17
100
AcDbEntity
  8
ROADS
100
AcDbPolyline
 90
2
 70
0
 10
627081.2913658784
 20
4837991.8421591865
 10
627021.4388184267
 20
4838185.523617024
  0
LWPOLYLINE
  5
157
330
17
100
AcDbEntity
  8
ROADS
100
AcDbPolyline
 90
2
 70
0
 10
626852.4836308358
 20
4838177.3313985765
 10
626784.8501173141
 20
4838158.109168665
  0
LWPOLYLINE
  5
158
330
17
100
AcDbEntity
  8
ROADS
100
AcDbPolyline
 90
2
 70
0
 10
627021.4388184267
 20
4838185.523617024
 10
626971.6871106506
 20
4838171.01791899
  0
LWPOLYLINE
  5
159
330
17
100
AcDbEntity
  8
ROADS
100
AcDbPolyline
 90
2
 70
0
 10
626865.7232606285
 20
4838184.363279207
 10
626852.4836308358
 20
4838177.3313985765
  0
LWPOLYLINE
  5
15A
330
17
100
AcDbEntity
  8
ROADS
100
AcDbPolyline
 90
2
 70
0
 10
627229.0809725162
 20
4838037.6548372265
 10
627175.1820881162
 20
4838201.128179179
  0
LWPOLYLINE
  5
15B
330
17
100
AcDbEntity
  8
ROADS
100
AcDbPolyline
 90
2
 70
0
 10
627118.6644605892
 20
4838214.515828499
 10
627068.8885027453
 20
4838199.359643522
  0
LWPOLYLINE
  5
15C
330
17
100
AcDbEntity
  8
ROADS
100
AcDbPolyline
 90
2
 70
0
 10
627226.0921622582
 20
4838217.277942365
 10
627175.1820881162
 20
4838201.128179179
  0
LWPOLYLINE
  5
15D
330
17
100
AcDbEntity
  8
ROADS
100
AcDbPolyline
 90
2
 70
0
 10
627175.1820881162
 20
4838201.128179179
 10
627167.2563706463
 20
4838229.311580734
  0
LWPOLYLINE
  5
15E
330
17
100
AcDbEntity
  8
ROADS
100
AcDbPolyline
 90
2
 70
0
 10
627167.2563706463
 20
4838229.311580734
 10
627118.6644605892
 20
4838214.515828499
  0
LWPOLYLINE
  5
15F
330
17
100
AcDbEntity
  8
ROADS
100
AcDbPolyline
 90
2
 70
0
 10
627271.4726241309
 20
4838231.673592001
 10
627226.0921622582
 20
4838217.277942365
  0
LWPOLYLINE
  5
160
330
17
100
AcDbEntity
  8
ROADS
100
AcDbPolyline
 90
3
 70
0
 10
627118.6644605892
 20
4838214.515828499
 10
627075.1269756701
 20
4838313.364504821
 10
627026.0879944782
 20
4838343.108399351
  0
LWPOLYLINE
  5
161
330
17
100
AcDbEntity
  8
ROADS
100
AcDbPolyline
 90
3
 70
0
 10
627167.2563706463
 20
4838229.311580734
 10
627109.7667404336
 20
4838341.693761968
 10
627044.5822041315
 20
4838384.295430721
  0
LWPOLYLINE
  5
162
330
17
100
AcDbEntity
  8
ROADS
100
AcDbPolyline
 90
2
 70
0
 10
627271.4726241309
 20
4838231.673592001
 10
627218.4654494342
 20
4838399.915349363
  0
LWPOLYLINE
  5
163
330
17
100
AcDbEntity
  8
ROADS
100
AcDbPolyline
 90
2
 70
0
 10
627344.4305566155
 20
4838343.450100194
 10
627218.4654494342
 20
4838399.915349363
  0
LWPOLYLINE
  5
164
330
17
100
AcDbEntity
  8
ROADS
100
AcDbPolyline
 90
2
 70
0
 10
626971.6871106506
 20
4838171.01791899
 10
626957.4230092447
 20
4838210.287347916
  0
LWPOLYLINE
  5
165
330
17
100
AcDbEntity
  8
ROADS
100
AcDbPolyline
 90
2
 70
0
 10
627068.8885027453
 20
4838199.359643522
 10
627021.4388184267
 20
4838185.523617024
  0
LWPOLYLINE
  5
166
330
17
100
AcDbEntity
  8
ROADS
100
AcDbPolyline
 90
2
 70
0
 10
626957.4230092447
 20
4838210.287347916
 10
626865.7232606285
 20
4838184.363279207
  0
LWPOLYLINE
  5
167
330
17
100
AcDbEntity
  8
ROADS
100
AcDbPolyline
 90
2
 70
0
 10
626865.7232606285
 20
4838184.363279207
 10
626822.7739574519
 20
4838324.508038755
  0
LWPOLYLINE
  5
168
330
17
100
AcDbEntity
  8
ROADS
100
AcDbPolyline
 90
2
 70
0
 10
627068.8885027453
 20
4838199.359643522
 10
627026.0879944782
 20
4838343.108399351
  0
LWPOLYLINE
  5
169
330
17
100
AcDbEntity
  8
ROADS
100
AcDbPolyline
 90
2
 70
0
 10
627021.4388184267
 20
4838185.523617024
 10
626965.4303279732
 20
4838373.072156984
  0
LWPOLYLINE
  5
16A
330
17
100
AcDbEntity
  8
ROADS
100
AcDbPolyline
 90
2
 70
0
 10
626957.4230092447
 20
4838210.287347916
 10
626915.898519335
 20
4838351.3859709855
  0
LWPOLYLINE
  5
16B
330
17
100
AcDbEntity
  8
ROADS
100
AcDbPolyline
 90
2
 70
0
 10
626915.898519335
 20
4838351.3859709855
 10
626822.7739574519
 20
4838324.508038755
  0
LWPOLYLINE
  5
16C
330
17
100
AcDbEntity
  8
ROADS
100
AcDbPolyline
 90
2
 70
0
 10
627026.0879944782
 20
4838343.108399351
 10
626965.4303279732
 20
4838373.072156984
  0
LWPOLYLINE
  5
16D
330
17
100
AcDbEntity
  8
ROADS
100
AcDbPolyline
 90
2
 70
0
 10
627026.0879944782
 20
4838343.108399351
 10
627044.5822041315
 20
4838384.295430721
  0
LWPOLYLINE
  5
16E
330
17
100
AcDbEntity
  8
ROADS
100
AcDbPolyline
 90
2
 70
0
 10
626822.7739574519
 20
4838324.508038755
 10
626737.5755242675
 20
4838297.605586765
  0
LWPOLYLINE
  5
16F
330
17
100
AcDbEntity
  8
ROADS
100
AcDbPolyline
 90
2
 70
0
 10
626776.7698302127
 20
4838475.798189098
 10
626706.7464621098
 20
4838461.890041785
  0
LWPOLYLINE
  5
170
330
17
100
AcDbEntity
  8
ROADS
100
AcDbPolyline
 90
2
 70
0
 10
626780.2160242633
 20
4838464.4648306
 10
626776.7698302127
 20
4838475.798189098
  0
LWPOLYLINE
  5
171
330
17
100
AcDbEntity
  8
ROADS
100
AcDbPolyline
 90
2
 70
0
 10
626915.898519335
 20
4838351.3859709855
 10
626898.2968736194
 20
4838410.356226283
  0
LWPOLYLINE
  5
172
330
17
100
AcDbEntity
  8
ROADS
100
AcDbPolyline
 90
2
 70
0
 10
626965.4303279732
 20
4838373.072156984
 10
626898.2968736194
 20
4838410.356226283
  0
LWPOLYLINE
  5
173
330
17
100
AcDbEntity
  8
ROADS
100
AcDbPolyline
 90
2
 70
0
 10
626822.7739574519
 20
4838324.508038755
 10
626780.2160242633
 20
4838464.4648306
  0
LWPOLYLINE
  5
174
330
17
100
AcDbEntity
  8
ROADS
100
AcDbPolyline
 90
2
 70
0
 10
627044.5822041315
 20
4838384.295430721
 10
627091.3695865164
 20
4838468.915877825
  0
LWPOLYLINE
  5
175
330
17
100
AcDbEntity
  8
ROADS
100
AcDbPolyline
 90
2
 70
0
 10
627044.5822041315
 20
4838384.295430721
 10
626886.8169696907
 20
4838470.577274871
  0
LWPOLYLINE
  5
176
330
17
100
AcDbEntity
  8
ROADS
100
AcDbPolyline
 90
2
 70
0
 10
626898.2968736194
 20
4838410.356226283
 10
626887.9184475658
 20
4838445.12164082
  0
LWPOLYLINE
  5
177
330
17
100
AcDbEntity
  8
ROADS
100
AcDbPolyline
 90
2
 70
0
 10
626887.9184475658
 20
4838445.12164082
 10
626780.2160242633
 20
4838464.4648306
  0
LWPOLYLINE
  5
178
330
17
100
AcDbEntity
  8
ROADS
100
AcDbPolyline
 90
2
 70
0
 10
626887.9184475658
 20
4838445.12164082
 10
626886.8169696907
 20
4838470.577274871
  0
LWPOLYLINE
  5
179
330
17
100
AcDbEntity
  8
ROADS
100
AcDbPolyline
 90
3
 70
0
 10
626886.8169696907
 20
4838470.577274871
 10
626822.0502889897
 20
4838502.8508182205
 10
626769.3761284853
 20
4838508.432444088
  0
LWPOLYLINE
  5
17A
330
17
100
AcDbEntity
  8
ROADS
100
AcDbPolyline
 90
2
 70
0
 10
626886.8169696907
 20
4838470.577274871
 10
626923.5070576547
 20
4838538.425037247
  0
LWPOLYLINE
  5
17B
330
17
100
AcDbEntity
  8
ROADS
100
AcDbPolyline
 90
2
 70
0
 10
626776.7698302127
 20
4838475.798189098
 10
626769.3761284853
 20
4838508.432444088
  0
LWPOLYLINE
  5
17C
330
17
100
AcDbEntity
  8
ROADS
100
AcDbPolyline
 90
2
 70
0
 10
626769.3761284853
 20
4838508.432444088
 10
626702.9293964199
 20
4838509.491231907
  0
LWPOLYLINE
  5
17D
330
17
100
AcDbEntity
  8
ROADS
100
AcDbPolyline
 90
2
 70
0
 10
626769.3761284853
 20
4838508.432444088
 10
626775.6178708028
 20
4838652.990128556
  0
LWPOLYLINE
  5
17E
330
17
100
AcDbEntity
  8
ROADS
100
AcDbPolyline
 90
2
 70
0
 10
626705.6966389214
 20
4838651.662448671
 10
626775.6178708028
 20
4838652.990128556
  0
LWPOLYLINE
  5
17F
330
17
100
AcDbEntity
  8
ROADS
100
AcDbPolyline
 90
2
 70
0
 10
627091.3695865164
 20
4838468.915877825
 10
626951.0604944838
 20
4838547.063926644
  0
LWPOLYLINE
  5
180
330
17
100
AcDbEntity
  8
ROADS
100
AcDbPolyline
 90
2
 70
0
 10
626923.5070576547
 20
4838538.425037247
 10
626951.0604944838
 20
4838547.063926644
  0
LWPOLYLINE
  5
181
330
17
100
AcDbEntity
  8
ROADS
100
AcDbPolyline
 90
3
 70
0
 10
626923.5070576547
 20
4838538.425037247
 10
626913.4745442718
 20
4838556.885709086
 10
626927.1894337597
 20
4838574.132827889
  0
LWPOLYLINE
  5
182
330
17
100
AcDbEntity
  8
ROADS
100
AcDbPolyline
 90
3
 70
0
 10
626951.0604944838
 20
4838547.063926644
 10
626947.1455249721
 20
4838569.993522425
 10
626927.1894337597
 20
4838574.132827889
  0
LWPOLYLINE
  5
183
330
17
100
AcDbEntity
  8
ROADS
100
AcDbPolyline
 90
3
 70
0
 10
627177.7649601807
 20
4838530.008281811
 10
626983.2513688161
 20
4838639.344833015
 10
626895.0519639504
 20
4838645.536920863
  0
LWPOLYLINE
  5
184
330
17
100
AcDbEntity
  8
ROADS
100
AcDbPolyline
 90
2
 70
0
 10
626927.1894337597
 20
4838574.132827889
 10
626895.0519639504
 20
4838645.536920863
  0
LWPOLYLINE
  5
185
330
17
100
AcDbEntity
  8
ROADS
100
AcDbPolyline
 90
2
 70
0
 10
626895.0519639504
 20
4838645.536920863
 10
626775.6178708028
 20
4838652.990128556
  0
LWPOLYLINE
  5
186
330
17
100
AcDbEntity
  8
ROADS
100
AcDbPolyline
 90
2
 70
0
 10
626895.0519639504
 20
4838645.536920863
 10
626851.8799410776
 20
4838746.567220808
  0
LWPOLYLINE
  5
187
330
17
100
AcDbEntity
  8
ROADS
100
AcDbPolyline
 90
5
 70
0
 10
626867.6519715145
 20
4838749.493678444
 10
626929.3336214673
 20
4838761.387083333
 10
626981.7895263224
 20
4838752.1163195735
 10
627173.6616157356
 20
4838676.02811709
 10
627231.9824106295
 20
4838701.174052954
  0
LWPOLYLINE
  5
188
330
17
100
AcDbEntity
  8
ROADS
100
AcDbPolyline
 90
2
 70
0
 10
626851.8799410776
 20
4838746.567220808
 10
626867.6519715145
 20
4838749.493678444
  0
LWPOLYLINE
  5
189
330
17
100
AcDbEntity
  8
ROADS
100
AcDbPolyline
 90
2
 70
0
 10
628253.9870182329
 20
4838121.102204736
 10
628249.1141477625
 20
4838135.176992646
  0
LWPOLYLINE
  5
18A
330
17
100
AcDbEntity
  8
ROADS
100
AcDbPolyline
 90
2
 70
0
 10
628321.8053430289
 20
4838158.264177253
 10
628249.1141477625
 20
4838135.176992646
  0
LWPOLYLINE
  5
18B
330
17
100
AcDbEntity
  8
ROADS
100
AcDbPolyline
 90
2
 70
0
 10
628203.2047189954
 20
4838120.327720236
 10
628168.014754893
 20
4838232.828589367
  0
LWPOLYLINE
  5
18C
330
17
100
AcDbEntity
  8
ROADS
100
AcDbPolyline
 90
2
 70
0
 10
628443.9832805643
 20
4838195.037282929
 10
628321.8053430289
 20
4838158.264177253
  0
LWPOLYLINE
  5
18D
330
17
100
AcDbEntity
  8
ROADS
100
AcDbPolyline
 90
2
 70
0
 10
628321.8053430289
 20
4838158.264177253
 10
628251.4950364457
 20
4838386.7104485845
  0
LWPOLYLINE
  5
18E
330
17
100
AcDbEntity
  8
ROADS
100
AcDbPolyline
 90
2
 70
0
 10
628168.014754893
 20
4838232.828589367
 10
628131.1801332312
 20
4838351.6611001
  0
LWPOLYLINE
  5
18F
330
17
100
AcDbEntity
  8
ROADS
100
AcDbPolyline
 90
2
 70
0
 10
628443.9832805643
 20
4838195.037282929
 10
628375.7137538888
 20
4838424.495607587
  0
LWPOLYLINE
  5
190
330
17
100
AcDbEntity
  8
ROADS
100
AcDbPolyline
 90
2
 70
0
 10
628251.4950364457
 20
4838386.7104485845
 10
628131.1801332312
 20
4838351.6611001
  0
LWPOLYLINE
  5
191
330
17
100
AcDbEntity
  8
ROADS
100
AcDbPolyline
 90
2
 70
0
 10
628375.7137538888
 20
4838424.495607587
 10
628251.4950364457
 20
4838386.7104485845
  0
LWPOLYLINE
  5
192
330
17
100
AcDbEntity
  8
ROADS
100
AcDbPolyline
 90
2
 70
0
 10
628251.4950364457
 20
4838386.7104485845
 10
628186.0740643183
 20
4838599.999075693
  0
LWPOLYLINE
  5
193
330
17
100
AcDbEntity
  8
ROADS
100
AcDbPolyline
 90
2
 70
0
 10
628674.3484473893
 20
4838146.328412264
 10
628640.6780354652
 20
4838252.387492738
  0
LWPOLYLINE
  5
194
330
17
100
AcDbEntity
  8
ROADS
100
AcDbPolyline
 90
2
 70
0
 10
628570.8600454225
 20
4838232.613450899
 10
628443.9832805643
 20
4838195.037282929
  0
LWPOLYLINE
  5
195
330
17
100
AcDbEntity
  8
ROADS
100
AcDbPolyline
 90
2
 70
0
 10
628640.6780354652
 20
4838252.387492738
 10
628570.8600454225
 20
4838232.613450899
  0
LWPOLYLINE
  5
196
330
17
100
AcDbEntity
  8
ROADS
100
AcDbPolyline
 90
2
 70
0
 10
628702.386487898
 20
4838271.719842971
 10
628640.6780354652
 20
4838252.387492738
  0
LWPOLYLINE
  5
197
330
17
100
AcDbEntity
  8
ROADS
100
AcDbPolyline
 90
2
 70
0
 10
628570.8600454225
 20
4838232.613450899
 10
628500.5843710797
 20
4838462.4015925
  0
LWPOLYLINE
  5
198
330
17
100
AcDbEntity
  8
ROADS
100
AcDbPolyline
 90
2
 70
0
 10
628702.386487898
 20
4838271.719842971
 10
628625.582658732
 20
4838499.222842105
  0
LWPOLYLINE
  5
199
330
17
100
AcDbEntity
  8
ROADS
100
AcDbPolyline
 90
2
 70
0
 10
628500.5843710797
 20
4838462.4015925
 10
628375.7137538888
 20
4838424.495607587
  0
LWPOLYLINE
  5
19A
330
17
100
AcDbEntity
  8
ROADS
100
AcDbPolyline
 90
2
 70
0
 10
628625.582658732
 20
4838499.222842105
 10
628500.5843710797
 20
4838462.4015925
  0
LWPOLYLINE
  5
19B
330
17
100
AcDbEntity
  8
ROADS
100
AcDbPolyline
 90
2
 70
0
 10
628762.2827641445
 20
4838540.191044897
 10
628625.582658732
 20
4838499.222842105
  0
LWPOLYLINE
  5
19C
330
17
100
AcDbEntity
  8
ROADS
100
AcDbPolyline
 90
2
 70
0
 10
628500.5843710797
 20
4838462.4015925
 10
628432.0770485968
 20
4838684.539122362
  0
LWPOLYLINE
  5
19D
330
17
100
AcDbEntity
  8
ROADS
100
AcDbPolyline
 90
2
 70
0
 10
627962.1397682228
 20
4838373.083144956
 10
627916.105272596
 20
4838359.732686086
  0
LWPOLYLINE
  5
19E
330
17
100
AcDbEntity
  8
ROADS
100
AcDbPolyline
 90
2
 70
0
 10
627962.1397682228
 20
4838373.083144956
 10
627947.172825182
 20
4838419.525431213
  0
LWPOLYLINE
  5
19F
330
17
100
AcDbEntity
  8
ROADS
100
AcDbPolyline
 90
2
 70
0
 10
628131.1801332312
 20
4838351.6611001
 10
628096.3351277887
 20
4838461.175967983
  0
LWPOLYLINE
  5
1A0
330
17
100
AcDbEntity
  8
ROADS
100
AcDbPolyline
 90
2
 70
0
 10
627947.172825182
 20
4838419.525431213
 10
627901.1979432768
 20
4838407.800148974
  0
LWPOLYLINE
  5
1A1
330
17
100
AcDbEntity
  8
ROADS
100
AcDbPolyline
 90
2
 70
0
 10
628096.3351277887
 20
4838461.175967983
 10
627947.172825182
 20
4838419.525431213
  0
LWPOLYLINE
  5
1A2
330
17
100
AcDbEntity
  8
ROADS
100
AcDbPolyline
 90
2
 70
0
 10
627901.1979432768
 20
4838407.800148974
 10
627881.6428438665
 20
4838501.838491208
  0
LWPOLYLINE
  5
1A3
330
17
100
AcDbEntity
  8
ROADS
100
AcDbPolyline
 90
2
 70
0
 10
627947.172825182
 20
4838419.525431213
 10
627927.2109112334
 20
4838517.366671985
  0
LWPOLYLINE
  5
1A4
330
17
100
AcDbEntity
  8
ROADS
100
AcDbPolyline
 90
2
 70
0
 10
628148.9481716556
 20
4838477.340614844
 10
628096.3351277887
 20
4838461.175967983
  0
LWPOLYLINE
  5
1A5
330
17
100
AcDbEntity
  8
ROADS
100
AcDbPolyline
 90
2
 70
0
 10
627970.9725163672
 20
4838529.983996133
 10
627985.0921815264
 20
4838483.83140533
  0
LWPOLYLINE
  5
1A6
330
17
100
AcDbEntity
  8
ROADS
100
AcDbPolyline
 90
2
 70
0
 10
627927.2109112334
 20
4838517.366671985
 10
627881.6428438665
 20
4838501.838491208
  0
LWPOLYLINE
  5
1A7
330
17
100
AcDbEntity
  8
ROADS
100
AcDbPolyline
 90
2
 70
0
 10
628375.7137538888
 20
4838424.495607587
 10
628307.292650124
 20
4838647.508678509
  0
LWPOLYLINE
  5
1A8
330
17
100
AcDbEntity
  8
ROADS
100
AcDbPolyline
 90
2
 70
0
 10
628186.0740643183
 20
4838599.999075693
 10
628183.0874573225
 20
4838610.360729994
  0
LWPOLYLINE
  5
1A9
330
17
100
AcDbEntity
  8
ROADS
100
AcDbPolyline
 90
2
 70
0
 10
628307.292650124
 20
4838647.508678509
 10
628183.0874573225
 20
4838610.360729994
  0
LWPOLYLINE
  5
1AA
330
17
100
AcDbEntity
  8
ROADS
100
AcDbPolyline
 90
2
 70
0
 10
628432.0770485968
 20
4838684.539122362
 10
628307.292650124
 20
4838647.508678509
  0
LWPOLYLINE
  5
1AB
330
17
100
AcDbEntity
  8
ROADS
100
AcDbPolyline
 90
2
 70
0
 10
628183.0874573225
 20
4838610.360729994
 10
628130.8009254248
 20
4838770.4243938895
  0
LWPOLYLINE
  5
1AC
330
17
100
AcDbEntity
  8
ROADS
100
AcDbPolyline
 90
2
 70
0
 10
628307.292650124
 20
4838647.508678509
 10
628236.0779540732
 20
4838865.671814525
  0
LWPOLYLINE
  5
1AD
330
17
100
AcDbEntity
  8
ROADS
100
AcDbPolyline
 90
2
 70
0
 10
628432.0770485968
 20
4838684.539122362
 10
628361.2966732358
 20
4838901.467107407
  0
LWPOLYLINE
  5
1AE
330
17
100
AcDbEntity
  8
ROADS
100
AcDbPolyline
 90
2
 70
0
 10
628361.2966732358
 20
4838901.467107407
 10
628236.0779540732
 20
4838865.671814525
  0
LWPOLYLINE
  5
1AF
330
17
100
AcDbEntity
  8
ROADS
100
AcDbPolyline
 90
2
 70
0
 10
628236.0779540732
 20
4838865.671814525
 10
628219.4029971064
 20
4838916.803528756
  0
LWPOLYLINE
  5
1B0
330
17
100
AcDbEntity
  8
ROADS
100
AcDbPolyline
 90
2
 70
0
 10
628219.4029971064
 20
4838916.803528756
 10
628094.4780634508
 20
4838879.531462716
  0
LWPOLYLINE
  5
1B1
330
17
100
AcDbEntity
  8
ROADS
100
AcDbPolyline
 90
2
 70
0
 10
627970.9725163672
 20
4838529.983996133
 10
627927.2109112334
 20
4838517.366671985
  0
LWPOLYLINE
  5
1B2
330
17
100
AcDbEntity
  8
ROADS
100
AcDbPolyline
 90
2
 70
0
 10
627970.9725163672
 20
4838529.983996133
 10
627957.0891249997
 20
4838574.739766799
  0
LWPOLYLINE
  5
1B3
330
17
100
AcDbEntity
  8
ROADS
100
AcDbPolyline
 90
2
 70
0
 10
627927.2109112334
 20
4838517.366671985
 10
627898.2137887471
 20
4838603.2437124625
  0
LWPOLYLINE
  5
1B4
330
17
100
AcDbEntity
  8
ROADS
100
AcDbPolyline
 90
2
 70
0
 10
628186.0740643183
 20
4838599.999075693
 10
627970.9725163672
 20
4838529.983996133
  0
LWPOLYLINE
  5
1B5
330
17
100
AcDbEntity
  8
ROADS
100
AcDbPolyline
 90
2
 70
0
 10
627898.2137887471
 20
4838603.2437124625
 10
627886.3050409777
 20
4838644.984993233
  0
LWPOLYLINE
  5
1B6
330
17
100
AcDbEntity
  8
ROADS
100
AcDbPolyline
 90
2
 70
0
 10
627898.2137887471
 20
4838603.2437124625
 10
628089.5038749346
 20
4838660.811332627
  0
LWPOLYLINE
  5
1B7
330
17
100
AcDbEntity
  8
ROADS
100
AcDbPolyline
 90
2
 70
0
 10
627886.3050409777
 20
4838644.984993233
 10
627871.3348791688
 20
4838690.608146785
  0
LWPOLYLINE
  5
1B8
330
17
100
AcDbEntity
  8
ROADS
100
AcDbPolyline
 90
2
 70
0
 10
628017.522016765
 20
4838735.847213642
 10
627871.3348791688
 20
4838690.608146785
  0
LWPOLYLINE
  5
1B9
330
17
100
AcDbEntity
  8
ROADS
100
AcDbPolyline
 90
2
 70
0
 10
628130.8009254248
 20
4838770.4243938895
 10
628017.522016765
 20
4838735.847213642
  0
LWPOLYLINE
  5
1BA
330
17
100
AcDbEntity
  8
ROADS
100
AcDbPolyline
 90
2
 70
0
 10
628130.8009254248
 20
4838770.4243938895
 10
628094.4780634508
 20
4838879.531462716
  0
LWPOLYLINE
  5
1BB
330
17
100
AcDbEntity
  8
ROADS
100
AcDbPolyline
 90
2
 70
0
 10
628762.2827641445
 20
4838540.191044897
 10
628700.5205467304
 20
4838768.755163978
  0
LWPOLYLINE
  5
1BC
330
17
100
AcDbEntity
  8
ROADS
100
AcDbPolyline
 90
2
 70
0
 10
628850.6563693889
 20
4838709.277778301
 10
628815.2380386537
 20
4838803.594459968
  0
LWPOLYLINE
  5
1BD
330
17
100
AcDbEntity
  8
ROADS
100
AcDbPolyline
 90
2
 70
0
 10
628815.2380386537
 20
4838803.594459968
 10
628700.5205467304
 20
4838768.755163978
  0
LWPOLYLINE
  5
1BE
330
17
100
AcDbEntity
  8
ROADS
100
AcDbPolyline
 90
2
 70
0
 10
628872.7681673118
 20
4838818.230029886
 10
628815.2380386537
 20
4838803.594459968
  0
LWPOLYLINE
  5
1BF
330
17
100
AcDbEntity
  8
ROADS
100
AcDbPolyline
 90
2
 70
0
 10
628815.2380386537
 20
4838803.594459968
 10
628837.175162298
 20
4838833.136230304
  0
LWPOLYLINE
  5
1C0
330
17
100
AcDbEntity
  8
ROADS
100
AcDbPolyline
 90
2
 70
0
 10
628872.7681673118
 20
4838818.230029886
 10
628837.175162298
 20
4838833.136230304
  0
LWPOLYLINE
  5
1C1
330
17
100
AcDbEntity
  8
ROADS
100
AcDbPolyline
 90
2
 70
0
 10
628872.7681673118
 20
4838818.230029886
 10
628850.6283021607
 20
4838879.894700609
  0
LWPOLYLINE
  5
1C2
330
17
100
AcDbEntity
  8
ROADS
100
AcDbPolyline
 90
2
 70
0
 10
628837.175162298
 20
4838833.136230304
 10
628850.6283021607
 20
4838879.894700609
  0
LWPOLYLINE
  5
1C3
330
17
100
AcDbEntity
  8
ROADS
100
AcDbPolyline
 90
2
 70
0
 10
628850.6283021607
 20
4838879.894700609
 10
628837.3520363092
 20
4838917.620086318
  0
LWPOLYLINE
  5
1C4
330
17
100
AcDbEntity
  8
ROADS
100
AcDbPolyline
 90
2
 70
0
 10
628837.3520363092
 20
4838917.620086318
 10
628811.0439491139
 20
4839008.747319067
  0
LWPOLYLINE
  5
1C5
330
17
100
AcDbEntity
  8
ROADS
100
AcDbPolyline
 90
2
 70
0
 10
628625.582658732
 20
4838499.222842105
 10
628552.2176368271
 20
4838721.765611115
  0
LWPOLYLINE
  5
1C6
330
17
100
AcDbEntity
  8
ROADS
100
AcDbPolyline
 90
2
 70
0
 10
628552.2176368271
 20
4838721.765611115
 10
628432.0770485968
 20
4838684.539122362
  0
LWPOLYLINE
  5
1C7
330
17
100
AcDbEntity
  8
ROADS
100
AcDbPolyline
 90
2
 70
0
 10
628700.5205467304
 20
4838768.755163978
 10
628552.2176368271
 20
4838721.765611115
  0
LWPOLYLINE
  5
1C8
330
17
100
AcDbEntity
  8
ROADS
100
AcDbPolyline
 90
2
 70
0
 10
628552.2176368271
 20
4838721.765611115
 10
628481.1709452764
 20
4838938.983868638
  0
LWPOLYLINE
  5
1C9
330
17
100
AcDbEntity
  8
ROADS
100
AcDbPolyline
 90
2
 70
0
 10
628481.1709452764
 20
4838938.983868638
 10
628397.1976670312
 20
4839188.18931057
  0
LWPOLYLINE
  5
1CA
330
17
100
AcDbEntity
  8
ROADS
100
AcDbPolyline
 90
2
 70
0
 10
628560.6225505738
 20
4839238.047781089
 10
628397.1976670312
 20
4839188.18931057
  0
LWPOLYLINE
  5
1CB
330
17
100
AcDbEntity
  8
ROADS
100
AcDbPolyline
 90
2
 70
0
 10
628651.5151016393
 20
4839265.272746376
 10
628560.6225505738
 20
4839238.047781089
  0
LWPOLYLINE
  5
1CC
330
17
100
AcDbEntity
  8
ROADS
100
AcDbPolyline
 90
2
 70
0
 10
628684.5593103743
 20
4839275.886192243
 10
628651.5151016393
 20
4839265.272746376
  0
LWPOLYLINE
  5
1CD
330
17
100
AcDbEntity
  8
ROADS
100
AcDbPolyline
 90
2
 70
0
 10
628560.6225505738
 20
4839238.047781089
 10
628528.9561405404
 20
4839344.980030702
  0
LWPOLYLINE
  5
1CE
330
17
100
AcDbEntity
  8
ROADS
100
AcDbPolyline
 90
2
 70
0
 10
628528.9561405404
 20
4839344.980030702
 10
628364.4864773931
 20
4839296.7657209635
  0
LWPOLYLINE
  5
1CF
330
17
100
AcDbEntity
  8
ROADS
100
AcDbPolyline
 90
2
 70
0
 10
628481.1709452764
 20
4838938.983868638
 10
628361.2966732358
 20
4838901.467107407
  0
LWPOLYLINE
  5
1D0
330
17
100
AcDbEntity
  8
ROADS
100
AcDbPolyline
 90
2
 70
0
 10
628219.4029971064
 20
4838916.803528756
 10
628161.2423071681
 20
4839095.311107833
  0
LWPOLYLINE
  5
1D1
330
17
100
AcDbEntity
  8
ROADS
100
AcDbPolyline
 90
2
 70
0
 10
628361.2966732358
 20
4838901.467107407
 10
628276.3219920363
 20
4839151.689421147
  0
LWPOLYLINE
  5
1D2
330
17
100
AcDbEntity
  8
ROADS
100
AcDbPolyline
 90
2
 70
0
 10
628161.2423071681
 20
4839095.311107833
 10
628140.7772180224
 20
4839089.382537962
  0
LWPOLYLINE
  5
1D3
330
17
100
AcDbEntity
  8
ROADS
100
AcDbPolyline
 90
2
 70
0
 10
628276.3219920363
 20
4839151.689421147
 10
628161.2423071681
 20
4839095.311107833
  0
LWPOLYLINE
  5
1D4
330
17
100
AcDbEntity
  8
ROADS
100
AcDbPolyline
 90
2
 70
0
 10
628397.1976670312
 20
4839188.18931057
 10
628276.3219920363
 20
4839151.689421147
  0
LWPOLYLINE
  5
1D5
330
17
100
AcDbEntity
  8
ROADS
100
AcDbPolyline
 90
2
 70
0
 10
628276.3219920363
 20
4839151.689421147
 10
628042.826085895
 20
4839290.792751963
  0
LWPOLYLINE
  5
1D6
330
17
100
AcDbEntity
  8
ROADS
100
AcDbPolyline
 90
2
 70
0
 10
628276.3219920363
 20
4839151.689421147
 10
628227.7488086947
 20
4839313.943364283
  0
LWPOLYLINE
  5
1D7
330
17
100
AcDbEntity
  8
ROADS
100
AcDbPolyline
 90
2
 70
0
 10
628397.1976670312
 20
4839188.18931057
 10
628364.4864773931
 20
4839296.7657209635
  0
LWPOLYLINE
  5
1D8
330
17
100
AcDbEntity
  8
ROADS
100
AcDbPolyline
 90
2
 70
0
 10
628227.7488086947
 20
4839313.943364283
 10
628160.1168552843
 20
4839351.012360229
  0
LWPOLYLINE
  5
1D9
330
17
100
AcDbEntity
  8
ROADS
100
AcDbPolyline
 90
2
 70
0
 10
628227.7488086947
 20
4839313.943364283
 10
628213.313109452
 20
4839365.94961997
  0
LWPOLYLINE
  5
1DA
330
17
100
AcDbEntity
  8
ROADS
100
AcDbPolyline
 90
2
 70
0
 10
628364.4864773931
 20
4839296.7657209635
 10
628335.0290289335
 20
4839402.878808094
  0
LWPOLYLINE
  5
1DB
330
17
100
AcDbEntity
  8
ROADS
100
AcDbPolyline
 90
2
 70
0
 10
628213.313109452
 20
4839365.94961997
 10
628160.1168552843
 20
4839351.012360229
  0
LWPOLYLINE
  5
1DC
330
17
100
AcDbEntity
  8
ROADS
100
AcDbPolyline
 90
2
 70
0
 10
628335.0290289335
 20
4839402.878808094
 10
628213.313109452
 20
4839365.94961997
  0
LWPOLYLINE
  5
1DD
330
17
100
AcDbEntity
  8
ROADS
100
AcDbPolyline
 90
2
 70
0
 10
628496.1640702296
 20
4839451.334859789
 10
628335.0290289335
 20
4839402.878808094
  0
LWPOLYLINE
  5
1DE
330
17
100
AcDbEntity
  8
ROADS
100
AcDbPolyline
 90
2
 70
0
 10
628335.0290289335
 20
4839402.878808094
 10
628302.6946634355
 20
4839507.703749935
  0
LWPOLYLINE
  5
1DF
330
17
100
AcDbEntity
  8
ROADS
100
AcDbPolyline
 90
2
 70
0
 10
628381.3065828792
 20
4839483.55924177
 10
628380.737210786
 20
4839524.263613388
  0
LWPOLYLINE
  5
1E0
330
17
100
AcDbEntity
  8
ROADS
100
AcDbPolyline
 90
2
 70
0
 10
628302.6946634355
 20
4839507.703749935
 10
628318.7299785881
 20
4839517.860490851
  0
LWPOLYLINE
  5
1E1
330
17
100
AcDbEntity
  8
ROADS
100
AcDbPolyline
 90
2
 70
0
 10
628302.6946634355
 20
4839507.703749935
 10
628299.0409376792
 20
4839519.947455233
  0
LWPOLYLINE
  5
1E2
330
17
100
AcDbEntity
  8
ROADS
100
AcDbPolyline
 90
2
 70
0
 10
628395.6346699449
 20
4839513.23638242
 10
628380.737210786
 20
4839524.263613388
  0
LWPOLYLINE
  5
1E3
330
17
100
AcDbEntity
  8
ROADS
100
AcDbPolyline
 90
3
 70
0
 10
628651.5151016393
 20
4839265.272746376
 10
628603.6433799121
 20
4839433.025909679
 10
628605.2501912266
 20
4839439.873849067
  0
LWPOLYLINE
  5
1E4
330
17
100
AcDbEntity
  8
ROADS
100
AcDbPolyline
 90
2
 70
0
 10
628528.9561405404
 20
4839344.980030702
 10
628496.1640702296
 20
4839451.334859789
  0
LWPOLYLINE
  5
1E5
330
17
100
AcDbEntity
  8
ROADS
100
AcDbPolyline
 90
2
 70
0
 10
628496.1640702296
 20
4839451.334859789
 10
628479.3859538342
 20
4839509.545186763
  0
LWPOLYLINE
  5
1E6
330
17
100
AcDbEntity
  8
ROADS
100
AcDbPolyline
 90
2
 70
0
 10
628577.7634079183
 20
4839468.717493255
 10
628479.3859538342
 20
4839509.545186763
  0
LWPOLYLINE
  5
1E7
330
17
100
AcDbEntity
  8
ROADS
100
AcDbPolyline
 90
2
 70
0
 10
628490.3367467509
 20
4839550.893029142
 10
628463.242194005
 20
4839560.993538116
  0
LWPOLYLINE
  5
1E8
330
17
100
AcDbEntity
  8
ROADS
100
AcDbPolyline
 90
3
 70
0
 10
626723.6509321518
 20
4838769.408133883
 10
626801.1802404675
 20
4838763.850235044
 10
626851.8799410776
 20
4838746.567220808
  0
LWPOLYLINE
  5
1E9
330
17
100
AcDbEntity
  8
ROADS
100
AcDbPolyline
 90
2
 70
0
 10
626795.0617272116
 20
4838879.902630421
 10
626753.7154537318
 20
4838880.357006359
  0
LWPOLYLINE
  5
1EA
330
17
100
AcDbEntity
  8
ROADS
100
AcDbPolyline
 90
2
 70
0
 10
626795.0617272116
 20
4838879.902630421
 10
626771.7163489148
 20
4838929.639484818
  0
LWPOLYLINE
  5
1EB
330
17
100
AcDbEntity
  8
ROADS
100
AcDbPolyline
 90
2
 70
0
 10
626851.8799410776
 20
4838746.567220808
 10
626823.352350563
 20
4838814.284352013
  0
LWPOLYLINE
  5
1EC
330
17
100
AcDbEntity
  8
ROADS
100
AcDbPolyline
 90
2
 70
0
 10
626867.6519715145
 20
4838749.493678444
 10
626823.352350563
 20
4838814.284352013
  0
LWPOLYLINE
  5
1ED
330
17
100
AcDbEntity
  8
ROADS
100
AcDbPolyline
 90
2
 70
0
 10
626823.352350563
 20
4838814.284352013
 10
626795.0617272116
 20
4838879.902630421
  0
LWPOLYLINE
  5
1EE
330
17
100
AcDbEntity
  8
ROADS
100
AcDbPolyline
 90
3
 70
0
 10
627178.471123653
 20
4838867.748998678
 10
626982.0102267384
 20
4838906.822816053
 10
626889.9057619391
 20
4838896.80620711
  0
LWPOLYLINE
  5
1EF
330
17
100
AcDbEntity
  8
ROADS
100
AcDbPolyline
 90
2
 70
0
 10
626889.9057619391
 20
4838896.80620711
 10
626795.0617272116
 20
4838879.902630421
  0
LWPOLYLINE
  5
1F0
330
17
100
AcDbEntity
  8
ROADS
100
AcDbPolyline
 90
2
 70
0
 10
626889.9057619391
 20
4838896.80620711
 10
626845.6101759123
 20
4839000.513314453
  0
LWPOLYLINE
  5
1F1
330
17
100
AcDbEntity
  8
ROADS
100
AcDbPolyline
 90
4
 70
0
 10
627139.6119436545
 20
4838991.684787093
 10
627079.4255859931
 20
4838983.869632135
 10
626913.5738027358
 20
4839012.98143113
 10
626845.6101759123
 20
4839000.513314453
  0
LWPOLYLINE
  5
1F2
330
17
100
AcDbEntity
  8
ROADS
100
AcDbPolyline
 90
2
 70
0
 10
626845.6101759123
 20
4839000.513314453
 10
626826.7957980803
 20
4839045.895041234
  0
LWPOLYLINE
  5
1F3
330
17
100
AcDbEntity
  8
ROADS
100
AcDbPolyline
 90
3
 70
0
 10
627103.4667035198
 20
4839107.283123925
 10
627026.496609261
 20
4839094.974076508
 10
626865.7898569559
 20
4839123.251549634
  0
LWPOLYLINE
  5
1F4
330
17
100
AcDbEntity
  8
ROADS
100
AcDbPolyline
 90
2
 70
0
 10
627273.3182092877
 20
4838892.672144204
 10
627211.2434498748
 20
4839092.905772014
  0
LWPOLYLINE
  5
1F5
330
17
100
AcDbEntity
  8
ROADS
100
AcDbPolyline
 90
2
 70
0
 10
627139.6119436545
 20
4838991.684787093
 10
627117.5451430802
 20
4839064.020108751
  0
LWPOLYLINE
  5
1F6
330
17
100
AcDbEntity
  8
ROADS
100
AcDbPolyline
 90
2
 70
0
 10
627211.2434498748
 20
4839092.905772014
 10
627117.5451430802
 20
4839064.020108751
  0
LWPOLYLINE
  5
1F7
330
17
100
AcDbEntity
  8
ROADS
100
AcDbPolyline
 90
2
 70
0
 10
627341.9925788933
 20
4839040.000540009
 10
627314.5149759181
 20
4839123.5827302635
  0
LWPOLYLINE
  5
1F8
330
17
100
AcDbEntity
  8
ROADS
100
AcDbPolyline
 90
2
 70
0
 10
627117.5451430802
 20
4839064.020108751
 10
627103.4667035198
 20
4839107.283123925
  0
LWPOLYLINE
  5
1F9
330
17
100
AcDbEntity
  8
ROADS
100
AcDbPolyline
 90
2
 70
0
 10
627314.5149759181
 20
4839123.5827302635
 10
627211.2434498748
 20
4839092.905772014
  0
LWPOLYLINE
  5
1FA
330
17
100
AcDbEntity
  8
ROADS
100
AcDbPolyline
 90
2
 70
0
 10
627103.4667035198
 20
4839107.283123925
 10
627061.7010232715
 20
4839237.202651619
  0
LWPOLYLINE
  5
1FB
330
17
100
AcDbEntity
  8
ROADS
100
AcDbPolyline
 90
2
 70
0
 10
627211.2434498748
 20
4839092.905772014
 10
627146.6925571305
 20
4839292.192477645
  0
LWPOLYLINE
  5
1FC
330
17
100
AcDbEntity
  8
ROADS
100
AcDbPolyline
 90
2
 70
0
 10
627314.5149759181
 20
4839123.5827302635
 10
627261.1534143825
 20
4839286.3466244405
  0
LWPOLYLINE
  5
1FD
330
17
100
AcDbEntity
  8
ROADS
100
AcDbPolyline
 90
2
 70
0
 10
627146.6925571305
 20
4839292.192477645
 10
627053.423530321
 20
4839263.460538596
  0
LWPOLYLINE
  5
1FE
330
17
100
AcDbEntity
  8
ROADS
100
AcDbPolyline
 90
3
 70
0
 10
627061.7010232715
 20
4839237.202651619
 10
626976.5543881713
 20
4839212.236892185
 10
626907.3018403045
 20
4839221.129080635
  0
LWPOLYLINE
  5
1FF
330
17
100
AcDbEntity
  8
ROADS
100
AcDbPolyline
 90
2
 70
0
 10
627061.7010232715
 20
4839237.202651619
 10
627053.423530321
 20
4839263.460538596
  0
LWPOLYLINE
  5
200
330
17
100
AcDbEntity
  8
ROADS
100
AcDbPolyline
 90
2
 70
0
 10
627053.423530321
 20
4839263.460538596
 10
627032.3783445526
 20
4839328.575860329
  0
LWPOLYLINE
  5
201
330
17
100
AcDbEntity
  8
ROADS
100
AcDbPolyline
 90
2
 70
0
 10
627032.3783445526
 20
4839328.575860329
 10
626961.087337897
 20
4839317.8527788855
  0
LWPOLYLINE
  5
202
330
17
100
AcDbEntity
  8
ROADS
100
AcDbPolyline
 90
2
 70
0
 10
627032.3783445526
 20
4839328.575860329
 10
627012.7926140907
 20
4839391.151676024
  0
LWPOLYLINE
  5
203
330
17
100
AcDbEntity
  8
ROADS
100
AcDbPolyline
 90
5
 70
0
 10
627492.1120776685
 20
4838732.057587945
 10
627444.157192869
 20
4838717.178266136
 10
627390.6193381001
 20
4838827.03178083
 10
627320.6096809648
 20
4838843.660494466
 10
627201.9010865403
 20
4838796.789393668
  0
LWPOLYLINE
  5
204
330
17
100
AcDbEntity
  8
ROADS
100
AcDbPolyline
 90
3
 70
0
 10
627585.8690431287
 20
4838739.794912456
 10
627571.7017219111
 20
4838814.565384334
 10
627582.6957342824
 20
4838877.739235992
  0
LWPOLYLINE
  5
205
330
17
100
AcDbEntity
  8
ROADS
100
AcDbPolyline
 90
4
 70
0
 10
627492.1120776685
 20
4838732.057587945
 10
627459.3624667267
 20
4838834.422661075
 10
627479.9178768048
 20
4838929.838468253
 10
627470.8820739269
 20
4838964.183187362
  0
LWPOLYLINE
  5
206
330
17
100
AcDbEntity
  8
ROADS
100
AcDbPolyline
 90
2
 70
0
 10
627470.8820739269
 20
4838964.183187362
 10
627273.3182092877
 20
4838892.672144204
  0
LWPOLYLINE
  5
207
330
17
100
AcDbEntity
  8
ROADS
100
AcDbPolyline
 90
2
 70
0
 10
627582.6957342824
 20
4838877.739235992
 10
627567.3277766788
 20
4838992.288497879
  0
LWPOLYLINE
  5
208
330
17
100
AcDbEntity
  8
ROADS
100
AcDbPolyline
 90
2
 70
0
 10
627567.3277766788
 20
4838992.288497879
 10
627470.8820739269
 20
4838964.183187362
  0
LWPOLYLINE
  5
209
330
17
100
AcDbEntity
  8
ROADS
100
AcDbPolyline
 90
2
 70
0
 10
627470.8820739269
 20
4838964.183187362
 10
627409.9683071445
 20
4839153.913263159
  0
LWPOLYLINE
  5
20A
330
17
100
AcDbEntity
  8
ROADS
100
AcDbPolyline
 90
2
 70
0
 10
627567.3277766788
 20
4838992.288497879
 10
627505.3012978343
 20
4839182.4945258135
  0
LWPOLYLINE
  5
20B
330
17
100
AcDbEntity
  8
ROADS
100
AcDbPolyline
 90
2
 70
0
 10
627409.9683071445
 20
4839153.913263159
 10
627314.5149759181
 20
4839123.5827302635
  0
LWPOLYLINE
  5
20C
330
17
100
AcDbEntity
  8
ROADS
100
AcDbPolyline
 90
2
 70
0
 10
627505.3012978343
 20
4839182.4945258135
 10
627409.9683071445
 20
4839153.913263159
  0
LWPOLYLINE
  5
20D
330
17
100
AcDbEntity
  8
ROADS
100
AcDbPolyline
 90
2
 70
0
 10
628017.522016765
 20
4838735.847213642
 10
627924.6823180268
 20
4839024.0894877575
  0
LWPOLYLINE
  5
20E
330
17
100
AcDbEntity
  8
ROADS
100
AcDbPolyline
 90
2
 70
0
 10
628094.4780634508
 20
4838879.531462716
 10
628036.4628022987
 20
4839058.515642578
  0
LWPOLYLINE
  5
20F
330
17
100
AcDbEntity
  8
ROADS
100
AcDbPolyline
 90
2
 70
0
 10
628036.4628022987
 20
4839058.515642578
 10
627924.6823180268
 20
4839024.0894877575
  0
LWPOLYLINE
  5
210
330
17
100
AcDbEntity
  8
ROADS
100
AcDbPolyline
 90
2
 70
0
 10
628140.7772180224
 20
4839089.382537962
 10
628036.4628022987
 20
4839058.515642578
  0
LWPOLYLINE
  5
211
330
17
100
AcDbEntity
  8
ROADS
100
AcDbPolyline
 90
2
 70
0
 10
627924.6823180268
 20
4839024.0894877575
 10
627869.1008549486
 20
4839190.873295989
  0
LWPOLYLINE
  5
212
330
17
100
AcDbEntity
  8
ROADS
100
AcDbPolyline
 90
2
 70
0
 10
628140.7772180224
 20
4839089.382537962
 10
628121.2746958307
 20
4839147.333522131
  0
LWPOLYLINE
  5
213
330
17
100
AcDbEntity
  8
ROADS
100
AcDbPolyline
 90
2
 70
0
 10
628036.4628022987
 20
4839058.515642578
 10
627974.655151274
 20
4839222.632203809
  0
LWPOLYLINE
  5
214
330
17
100
AcDbEntity
  8
ROADS
100
AcDbPolyline
 90
2
 70
0
 10
627974.655151274
 20
4839222.632203809
 10
627869.1008549486
 20
4839190.873295989
  0
LWPOLYLINE
  5
215
330
17
100
AcDbEntity
  8
ROADS
100
AcDbPolyline
 90
2
 70
0
 10
627974.655151274
 20
4839222.632203809
 10
627929.6808656636
 20
4839346.263610463
  0
LWPOLYLINE
  5
216
330
17
100
AcDbEntity
  8
ROADS
100
AcDbPolyline
 90
2
 70
0
 10
628042.826085895
 20
4839290.792751963
 10
627948.7189230397
 20
4839357.660730235
  0
LWPOLYLINE
  5
217
330
17
100
AcDbEntity
  8
ROADS
100
AcDbPolyline
 90
2
 70
0
 10
627777.4091896947
 20
4838978.51864184
 10
627567.3277766788
 20
4838992.288497879
  0
LWPOLYLINE
  5
218
330
17
100
AcDbEntity
  8
ROADS
100
AcDbPolyline
 90
2
 70
0
 10
627924.6823180268
 20
4839024.0894877575
 10
627777.4091896947
 20
4838978.51864184
  0
LWPOLYLINE
  5
219
330
17
100
AcDbEntity
  8
ROADS
100
AcDbPolyline
 90
2
 70
0
 10
627777.4091896947
 20
4838978.51864184
 10
627723.6718484217
 20
4839143.425122173
  0
LWPOLYLINE
  5
21A
330
17
100
AcDbEntity
  8
ROADS
100
AcDbPolyline
 90
2
 70
0
 10
627723.6718484217
 20
4839143.425122173
 10
627719.7765664163
 20
4839155.036400286
  0
LWPOLYLINE
  5
21B
330
17
100
AcDbEntity
  8
ROADS
100
AcDbPolyline
 90
2
 70
0
 10
627869.1008549486
 20
4839190.873295989
 10
627723.6718484217
 20
4839143.425122173
  0
LWPOLYLINE
  5
21C
330
17
100
AcDbEntity
  8
ROADS
100
AcDbPolyline
 90
3
 70
0
 10
627719.7765664163
 20
4839155.036400286
 10
627634.6353579061
 20
4839140.762391677
 10
627600.3981441142
 20
4839210.531498191
  0
LWPOLYLINE
  5
21D
330
17
100
AcDbEntity
  8
ROADS
100
AcDbPolyline
 90
2
 70
0
 10
627719.7765664163
 20
4839155.036400286
 10
627692.0935705748
 20
4839240.737095366
  0
LWPOLYLINE
  5
21E
330
17
100
AcDbEntity
  8
ROADS
100
AcDbPolyline
 90
2
 70
0
 10
627692.0935705748
 20
4839240.737095366
 10
627600.3981441142
 20
4839210.531498191
  0
LWPOLYLINE
  5
21F
330
17
100
AcDbEntity
  8
ROADS
100
AcDbPolyline
 90
2
 70
0
 10
627692.0935705748
 20
4839240.737095366
 10
627664.6597266891
 20
4839324.660170798
  0
LWPOLYLINE
  5
220
330
17
100
AcDbEntity
  8
ROADS
100
AcDbPolyline
 90
2
 70
0
 10
627869.1008549486
 20
4839190.873295989
 10
627807.0305437836
 20
4839387.528580175
  0
LWPOLYLINE
  5
221
330
17
100
AcDbEntity
  8
ROADS
100
AcDbPolyline
 90
2
 70
0
 10
627600.3981441142
 20
4839210.531498191
 10
627505.3012978343
 20
4839182.4945258135
  0
LWPOLYLINE
  5
222
330
17
100
AcDbEntity
  8
ROADS
100
AcDbPolyline
 90
2
 70
0
 10
627505.3012978343
 20
4839182.4945258135
 10
627478.3266314093
 20
4839264.19972541
  0
LWPOLYLINE
  5
223
330
17
100
AcDbEntity
  8
ROADS
100
AcDbPolyline
 90
2
 70
0
 10
627409.9683071445
 20
4839153.913263159
 10
627356.4484812302
 20
4839316.63433367
  0
LWPOLYLINE
  5
224
330
17
100
AcDbEntity
  8
ROADS
100
AcDbPolyline
 90
2
 70
0
 10
627664.6597266891
 20
4839324.660170798
 10
627478.3266314093
 20
4839264.19972541
  0
LWPOLYLINE
  5
225
330
17
100
AcDbEntity
  8
ROADS
100
AcDbPolyline
 90
2
 70
0
 10
627478.3266314093
 20
4839264.19972541
 10
627449.3615741262
 20
4839344.978849034
  0
LWPOLYLINE
  5
226
330
17
100
AcDbEntity
  8
ROADS
100
AcDbPolyline
 90
2
 70
0
 10
627449.3615741262
 20
4839344.978849034
 10
627356.4484812302
 20
4839316.63433367
  0
LWPOLYLINE
  5
227
330
17
100
AcDbEntity
  8
ROADS
100
AcDbPolyline
 90
2
 70
0
 10
627638.9367513587
 20
4839404.946951113
 10
627449.3615741262
 20
4839344.978849034
  0
LWPOLYLINE
  5
228
330
17
100
AcDbEntity
  8
ROADS
100
AcDbPolyline
 90
2
 70
0
 10
627449.3615741262
 20
4839344.978849034
 10
627423.6245056703
 20
4839425.271321605
  0
LWPOLYLINE
  5
229
330
17
100
AcDbEntity
  8
ROADS
100
AcDbPolyline
 90
2
 70
0
 10
627612.5933340355
 20
4839485.448509374
 10
627423.6245056703
 20
4839425.271321605
  0
LWPOLYLINE
  5
22A
330
17
100
AcDbEntity
  8
ROADS
100
AcDbPolyline
 90
2
 70
0
 10
627423.6245056703
 20
4839425.271321605
 10
627395.5224808403
 20
4839510.914335902
  0
LWPOLYLINE
  5
22B
330
17
100
AcDbEntity
  8
ROADS
100
AcDbPolyline
 90
2
 70
0
 10
627356.4484812302
 20
4839316.63433367
 10
627261.1534143825
 20
4839286.3466244405
  0
LWPOLYLINE
  5
22C
330
17
100
AcDbEntity
  8
ROADS
100
AcDbPolyline
 90
2
 70
0
 10
627261.1534143825
 20
4839286.3466244405
 10
627241.2668584044
 20
4839321.910105124
  0
LWPOLYLINE
  5
22D
330
17
100
AcDbEntity
  8
ROADS
100
AcDbPolyline
 90
2
 70
0
 10
627241.2668584044
 20
4839321.910105124
 10
627146.6925571305
 20
4839292.192477645
  0
LWPOLYLINE
  5
22E
330
17
100
AcDbEntity
  8
ROADS
100
AcDbPolyline
 90
2
 70
0
 10
627146.6925571305
 20
4839292.192477645
 10
627086.5137212267
 20
4839477.29011599
  0
LWPOLYLINE
  5
22F
330
17
100
AcDbEntity
  8
ROADS
100
AcDbPolyline
 90
2
 70
0
 10
627241.2668584044
 20
4839321.910105124
 10
627184.5471333384
 20
4839495.2528418675
  0
LWPOLYLINE
  5
230
330
17
100
AcDbEntity
  8
ROADS
100
AcDbPolyline
 90
2
 70
0
 10
627356.4484812302
 20
4839316.63433367
 10
627284.9450520668
 20
4839526.4209692795
  0
LWPOLYLINE
  5
231
330
17
100
AcDbEntity
  8
ROADS
100
AcDbPolyline
 90
2
 70
0
 10
627177.4148494371
 20
4839515.117052493
 10
627100.5549096544
 20
4839490.451490851
  0
LWPOLYLINE
  5
232
330
17
100
AcDbEntity
  8
ROADS
100
AcDbPolyline
 90
2
 70
0
 10
627184.5471333384
 20
4839495.2528418675
 10
627177.4148494371
 20
4839515.117052493
  0
LWPOLYLINE
  5
233
330
17
100
AcDbEntity
  8
ROADS
100
AcDbPolyline
 90
2
 70
0
 10
627284.9450520668
 20
4839526.4209692795
 10
627184.5471333384
 20
4839495.2528418675
  0
LWPOLYLINE
  5
234
330
17
100
AcDbEntity
  8
ROADS
100
AcDbPolyline
 90
2
 70
0
 10
627380.534652356
 20
4839556.403057912
 10
627284.9450520668
 20
4839526.4209692795
  0
LWPOLYLINE
  5
235
330
17
100
AcDbEntity
  8
ROADS
100
AcDbPolyline
 90
2
 70
0
 10
627664.6597266891
 20
4839324.660170798
 10
627659.7322760874
 20
4839338.15639325
  0
LWPOLYLINE
  5
236
330
17
100
AcDbEntity
  8
ROADS
100
AcDbPolyline
 90
2
 70
0
 10
627721.3674473711
 20
4839361.139297234
 10
627659.7322760874
 20
4839338.15639325
  0
LWPOLYLINE
  5
237
330
17
100
AcDbEntity
  8
ROADS
100
AcDbPolyline
 90
2
 70
0
 10
627659.7322760874
 20
4839338.15639325
 10
627638.9367513587
 20
4839404.946951113
  0
LWPOLYLINE
  5
238
330
17
100
AcDbEntity
  8
ROADS
100
AcDbPolyline
 90
2
 70
0
 10
627807.0305437836
 20
4839387.528580175
 10
627721.3674473711
 20
4839361.139297234
  0
LWPOLYLINE
  5
239
330
17
100
AcDbEntity
  8
ROADS
100
AcDbPolyline
 90
2
 70
0
 10
627638.9367513587
 20
4839404.946951113
 10
627612.5933340355
 20
4839485.448509374
  0
LWPOLYLINE
  5
23A
330
17
100
AcDbEntity
  8
ROADS
100
AcDbPolyline
 90
2
 70
0
 10
627807.0305437836
 20
4839387.528580175
 10
627759.2413182607
 20
4839539.281775568
  0
LWPOLYLINE
  5
23B
330
17
100
AcDbEntity
  8
ROADS
100
AcDbPolyline
 90
2
 70
0
 10
627865.0882389229
 20
4839430.261553704
 10
627759.2413182607
 20
4839539.281775568
  0
LWPOLYLINE
  5
23C
330
17
100
AcDbEntity
  8
ROADS
100
AcDbPolyline
 90
2
 70
0
 10
627721.3674473711
 20
4839361.139297234
 10
627624.5261900795
 20
4839642.905352613
  0
LWPOLYLINE
  5
23D
330
17
100
AcDbEntity
  8
ROADS
100
AcDbPolyline
 90
2
 70
0
 10
627759.2413182607
 20
4839539.281775568
 10
627624.5261900795
 20
4839642.905352613
  0
LWPOLYLINE
  5
23E
330
17
100
AcDbEntity
  8
ROADS
100
AcDbPolyline
 90
2
 70
0
 10
627877.7027712319
 20
4839511.261940602
 10
627824.9930157795
 20
4839677.0640363805
  0
LWPOLYLINE
  5
23F
330
17
100
AcDbEntity
  8
ROADS
100
AcDbPolyline
 90
2
 70
0
 10
627488.8969700813
 20
4839541.836417321
 10
627395.5224808403
 20
4839510.914335902
  0
LWPOLYLINE
  5
240
330
17
100
AcDbEntity
  8
ROADS
100
AcDbPolyline
 90
2
 70
0
 10
627612.5933340355
 20
4839485.448509374
 10
627583.7927813268
 20
4839572.692032141
  0
LWPOLYLINE
  5
241
330
17
100
AcDbEntity
  8
ROADS
100
AcDbPolyline
 90
2
 70
0
 10
627395.5224808403
 20
4839510.914335902
 10
627380.534652356
 20
4839556.403057912
  0
LWPOLYLINE
  5
242
330
17
100
AcDbEntity
  8
ROADS
100
AcDbPolyline
 90
2
 70
0
 10
627583.7927813268
 20
4839572.692032141
 10
627488.8969700813
 20
4839541.836417321
  0
LWPOLYLINE
  5
243
330
17
100
AcDbEntity
  8
ROADS
100
AcDbPolyline
 90
3
 70
0
 10
627488.8969700813
 20
4839541.836417321
 10
627434.7846974012
 20
4839591.85666975
 10
627375.2679112873
 20
4839593.35209703
  0
LWPOLYLINE
  5
244
330
17
100
AcDbEntity
  8
ROADS
100
AcDbPolyline
 90
2
 70
0
 10
627380.534652356
 20
4839556.403057912
 10
627375.2679112873
 20
4839593.35209703
  0
LWPOLYLINE
  5
245
330
17
100
AcDbEntity
  8
ROADS
100
AcDbPolyline
 90
2
 70
0
 10
627583.7927813268
 20
4839572.692032141
 10
627556.5790619629
 20
4839659.25820383
  0
LWPOLYLINE
  5
246
330
17
100
AcDbEntity
  8
ROADS
100
AcDbPolyline
 90
2
 70
0
 10
627624.5261900795
 20
4839642.905352613
 10
627556.5790619629
 20
4839659.25820383
  0
LWPOLYLINE
  5
247
330
17
100
AcDbEntity
  8
ROADS
100
AcDbPolyline
 90
2
 70
0
 10
627375.2679112873
 20
4839593.35209703
 10
627355.2663243227
 20
4839673.27522923
  0
LWPOLYLINE
  5
248
330
17
100
AcDbEntity
  8
ROADS
100
AcDbPolyline
 90
2
 70
0
 10
627556.5790619629
 20
4839659.25820383
 10
627438.2761137949
 20
4839690.407022212
  0
LWPOLYLINE
  5
249
330
17
100
AcDbEntity
  8
ROADS
100
AcDbPolyline
 90
2
 70
0
 10
627898.302155452
 20
4839446.857446326
 10
627877.7027712319
 20
4839511.261940602
  0
LWPOLYLINE
  5
24A
330
17
100
AcDbEntity
  8
ROADS
100
AcDbPolyline
 90
2
 70
0
 10
628137.1688746983
 20
4839649.494618662
 10
628077.4841778339
 20
4839543.405039159
  0
LWPOLYLINE
  5
24B
330
17
100
AcDbEntity
  8
ROADS
100
AcDbPolyline
 90
3
 70
0
 10
628077.4841778339
 20
4839543.405039159
 10
627852.6612537849
 20
4839678.309644612
 10
627824.9930157795
 20
4839677.0640363805
  0
LWPOLYLINE
  5
24C
330
17
100
AcDbEntity
  8
ROADS
100
AcDbPolyline
 90
2
 70
0
 10
628137.1688746983
 20
4839649.494618662
 10
628100.3450976602
 20
4839738.84525717
  0
LWPOLYLINE
  5
24D
330
17
100
AcDbEntity
  8
ROADS
100
AcDbPolyline
 90
2
 70
0
 10
628137.1688746983
 20
4839649.494618662
 10
627856.3847693494
 20
4839782.733153838
  0
LWPOLYLINE
  5
24E
330
17
100
AcDbEntity
  8
ROADS
100
AcDbPolyline
 90
2
 70
0
 10
628097.5277482561
 20
4839752.5988794435
 10
628100.3450976602
 20
4839738.84525717
  0
LWPOLYLINE
  5
24F
330
17
100
AcDbEntity
  8
ROADS
100
AcDbPolyline
 90
2
 70
0
 10
628100.3450976602
 20
4839738.84525717
 10
628046.4186893239
 20
4839763.249167399
  0
LWPOLYLINE
  5
250
330
17
100
AcDbEntity
  8
ROADS
100
AcDbPolyline
 90
2
 70
0
 10
627177.4148494371
 20
4839515.117052493
 10
627166.5025407941
 20
4839550.569751888
  0
LWPOLYLINE
  5
251
330
17
100
AcDbEntity
  8
ROADS
100
AcDbPolyline
 90
2
 70
0
 10
627284.9450520668
 20
4839526.4209692795
 10
627251.4778602251
 20
4839613.366134425
  0
LWPOLYLINE
  5
252
330
17
100
AcDbEntity
  8
ROADS
100
AcDbPolyline
 90
2
 70
0
 10
627812.1933389961
 20
4839715.1979241995
 10
627624.5261900795
 20
4839642.905352613
  0
LWPOLYLINE
  5
253
330
17
100
AcDbEntity
  8
ROADS
100
AcDbPolyline
 90
2
 70
0
 10
627824.9930157795
 20
4839677.0640363805
 10
627812.1933389961
 20
4839715.1979241995
  0
LWPOLYLINE
  5
254
330
17
100
AcDbEntity
  8
ROADS
100
AcDbPolyline
 90
2
 70
0
 10
627812.1933389961
 20
4839715.1979241995
 10
627791.578549975
 20
4839781.982045476
  0
LWPOLYLINE
  5
255
330
17
100
AcDbEntity
  8
ROADS
100
AcDbPolyline
 90
2
 70
0
 10
628104.3098787621
 20
4839385.085054737
 10
628042.826085895
 20
4839290.792751963
  0
LWPOLYLINE
  5
256
330
17
100
AcDbEntity
  8
ROADS
100
AcDbPolyline
 90
2
 70
0
 10
627929.6808656636
 20
4839346.263610463
 10
627948.7189230397
 20
4839357.660730235
  0
LWPOLYLINE
  5
257
330
17
100
AcDbEntity
  8
ROADS
100
AcDbPolyline
 90
2
 70
0
 10
627929.6808656636
 20
4839346.263610463
 10
627920.1580102808
 20
4839376.626298866
  0
LWPOLYLINE
  5
258
330
17
100
AcDbEntity
  8
ROADS
100
AcDbPolyline
 90
2
 70
0
 10
627948.7189230397
 20
4839357.660730235
 10
627920.1580102808
 20
4839376.626298866
  0
LWPOLYLINE
  5
259
330
17
100
AcDbEntity
  8
ROADS
100
AcDbPolyline
 90
2
 70
0
 10
628160.1168552843
 20
4839351.012360229
 10
628104.3098787621
 20
4839385.085054737
  0
LWPOLYLINE
  5
25A
330
17
100
AcDbEntity
  8
ROADS
100
AcDbPolyline
 90
2
 70
0
 10
627920.1580102808
 20
4839376.626298866
 10
627865.0882389229
 20
4839430.261553704
  0
LWPOLYLINE
  5
25B
330
17
100
AcDbEntity
  8
ROADS
100
AcDbPolyline
 90
2
 70
0
 10
627920.1580102808
 20
4839376.626298866
 10
627898.302155452
 20
4839446.857446326
  0
LWPOLYLINE
  5
25C
330
17
100
AcDbEntity
  8
ROADS
100
AcDbPolyline
 90
2
 70
0
 10
627898.302155452
 20
4839446.857446326
 10
627865.0882389229
 20
4839430.261553704
  0
LWPOLYLINE
  5
25D
330
17
100
AcDbEntity
  8
ROADS
100
AcDbPolyline
 90
3
 70
0
 10
628104.3098787621
 20
4839385.085054737
 10
627905.1836504218
 20
4839510.758033653
 10
627877.7027712319
 20
4839511.261940602
  0
LWPOLYLINE
  5
25E
330
17
100
AcDbEntity
  8
ROADS
100
AcDbPolyline
 90
3
 70
0
 10
628213.313109452
 20
4839365.94961997
 10
628171.6081023136
 20
4839478.46151435
 10
628077.4841778339
 20
4839543.405039159
  0
LWPOLYLINE
  5
25F
330
17
100
AcDbEntity
  8
ROADS
100
AcDbPolyline
 90
2
 70
0
 10
628479.3859538342
 20
4839509.545186763
 10
628463.242194005
 20
4839560.993538116
  0
LWPOLYLINE
  5
260
330
17
100
AcDbEntity
  8
ROADS
100
AcDbPolyline
 90
2
 70
0
 10
628453.5728210676
 20
4839558.104429057
 10
628463.242194005
 20
4839560.993538116
  0
LWPOLYLINE
  5
261
330
17
100
AcDbEntity
  8
ROADS
100
AcDbPolyline
 90
2
 70
0
 10
628453.5728210676
 20
4839558.104429057
 10
628437.0420618228
 20
4839584.703138201
  0
LWPOLYLINE
  5
262
330
17
100
AcDbEntity
  8
ROADS
100
AcDbPolyline
 90
2
 70
0
 10
628463.242194005
 20
4839560.993538116
 10
628457.3805246858
 20
4839578.623367203
  0
LWPOLYLINE
  5
263
330
17
100
AcDbEntity
  8
ROADS
100
AcDbPolyline
 90
2
 70
0
 10
628447.8439346231
 20
4839585.52500161
 10
628437.0420618228
 20
4839584.703138201
  0
LWPOLYLINE
  5
264
330
17
100
AcDbEntity
  8
ROADS
100
AcDbPolyline
 90
2
 70
0
 10
628299.0409376792
 20
4839519.947455233
 10
628318.7299785881
 20
4839517.860490851
  0
LWPOLYLINE
  5
265
330
17
100
AcDbEntity
  8
ROADS
100
AcDbPolyline
 90
2
 70
0
 10
628318.7299785881
 20
4839517.860490851
 10
628375.6480251043
 20
4839536.306340824
  0
LWPOLYLINE
  5
266
330
17
100
AcDbEntity
  8
ROADS
100
AcDbPolyline
 90
2
 70
0
 10
628375.6480251043
 20
4839536.306340824
 10
628380.737210786
 20
4839524.263613388
  0
LWPOLYLINE
  5
267
330
17
100
AcDbEntity
  8
ROADS
100
AcDbPolyline
 90
2
 70
0
 10
628375.6480251043
 20
4839536.306340824
 10
628416.2765617714
 20
4839550.686252895
  0
LWPOLYLINE
  5
268
330
17
100
AcDbEntity
  8
ROADS
100
AcDbPolyline
 90
2
 70
0
 10
628416.2765617714
 20
4839550.686252895
 10
628453.5728210676
 20
4839558.104429057
  0
LWPOLYLINE
  5
269
330
17
100
AcDbEntity
  8
ROADS
100
AcDbPolyline
 90
2
 70
0
 10
628416.2765617714
 20
4839550.686252895
 10
628437.0420618228
 20
4839584.703138201
  0
LWPOLYLINE
  5
26A
330
17
100
AcDbEntity
  8
ROADS
100
AcDbPolyline
 90
3
 70
0
 10
628299.0409376792
 20
4839519.947455233
 10
628262.1538459691
 20
4839594.004006855
 10
628137.1688746983
 20
4839649.494618662
  0
LWPOLYLINE
  5
26B
330
17
100
AcDbEntity
  8
ROADS
100
AcDbPolyline
 90
2
 70
0
 10
628437.0420618228
 20
4839584.703138201
 10
628100.3450976602
 20
4839738.84525717
  0
LWPOLYLINE
  5
26C
330
17
100
AcDbEntity
  8
ROADS
100
AcDbPolyline
 90
2
 70
0
 10
627556.5790619629
 20
4839659.25820383
 10
627528.0390284976
 20
4839740.965225247
  0
LWPOLYLINE
  5
26D
330
17
100
AcDbEntity
  8
ROADS
100
AcDbPolyline
 90
2
 70
0
 10
627438.2761137949
 20
4839690.407022212
 10
627414.2547981419
 20
4839701.182062821
  0
LWPOLYLINE
  5
26E
330
17
100
AcDbEntity
  8
ROADS
100
AcDbPolyline
 90
2
 70
0
 10
627438.2761137949
 20
4839690.407022212
 10
627432.471393646
 20
4839708.203516876
  0
ENDSEC
  0
SECTION
  2
OBJECTS
  0
DICTIONARY
  5
A
330
0
100
AcDbDictionary
281
1
  3
ACAD_COLOR
350
B
  3
ACAD_GROUP
350
C
  3
ACAD_LAYOUT
350
D
  3
ACAD_MATERIAL
350
E
  3
ACAD_MLEADERSTYLE
350
F
  3
ACAD_MLINESTYLE
350
10
  3
ACAD_PLOTSETTINGS
350
11
  3
ACAD_PLOTSTYLENAME
350
12
  3
ACAD_SCALELIST
350
14
  3
ACAD_TABLESTYLE
350
15
  3
ACAD_VISUALSTYLE
350
16
  3
EZDXF_META
350
2D
  0
DICTIONARY
  5
B
330
A
100
AcDbDictionary
281
1
  0
DICTIONARY
  5
C
330
A
100
AcDbDictionary
281
1
  0
DICTIONARY
  5
D
330
A
100
AcDbDictionary
281
1
  3
Model
350
1A
  3
Layout1
350
1E
  0
DICTIONARY
  5
E
330
A
100
AcDbDictionary
281
1
  3
ByBlock
350
1F
  3
ByLayer
350
20
  3
Global
350
21
  0
DICTIONARY
  5
F
330
A
100
AcDbDictionary
281
1
  3
Standard
350
2C
  0
DICTIONARY
  5
10
330
A
100
AcDbDictionary
281
1
  3
Standard
350
22
  0
DICTIONARY
  5
11
330
A
100
AcDbDictionary
281
1
  0
ACDBDICTIONARYWDFLT
  5
12
330
A
100
AcDbDictionary
281
1
  3
Normal
350
13
100
AcDbDictionaryWithDefault
340
13
  0
ACDBPLACEHOLDER
  5
13
330
12
  0
DICTIONARY
  5
14
330
A
100
AcDbDictionary
281
1
  0
DICTIONARY
  5
15
330
A
100
AcDbDictionary
281
1
  0
DICTIONARY
  5
16
330
A
100
AcDbDictionary
281
1
  0
LAYOUT
  5
1A
330
D
100
AcDbPlotSettings
  1

  4
A3
  6

 40
7.5
 41
20.0
 42
7.5
 43
20.0
 44
420.0
 45
297.0
 46
0.0
 47
0.0
 48
0.0
 49
0.0
140
0.0
141
0.0
142
1.0
143
1.0
 70
1024
 72
1
 73
0
 74
5
  7

 75
16
 76
0
 77
2
 78
300
147
1.0
148
0.0
149
0.0
100
AcDbLayout
  1
Model
 70
1
 71
0
 10
0.0
 20
0.0
 11
420.0
 21
297.0
 12
0.0
 22
0.0
 32
0.0
 14
1e+20
 24
1e+20
 34
1e+20
 15
-1e+20
 25
-1e+20
 35
-1e+20
146
0.0
 13
0.0
 23
0.0
 33
0.0
 16
1.0
 26
0.0
 36
0.0
 17
0.0
 27
1.0
 37
0.0
 76
1
330
17
  0
LAYOUT
  5
1E
330
D
100
AcDbPlotSettings
  1

  4
A3
  6

 40
7.5
 41
20.0
 42
7.5
 43
20.0
 44
420.0
 45
297.0
 46
0.0
 47
0.0
 48
0.0
 49
0.0
140
0.0
141
0.0
142
1.0
143
1.0
 70
0
 72
1
 73
0
 74
5
  7

 75
16
 76
0
 77
2
 78
300
147
1.0
148
0.0
149
0.0
100
AcDbLayout
  1
Layout1
 70
1
 71
1
 10
0.0
 20
0.0
 11
420.0
 21
297.0
 12
0.0
 22
0.0
 32
0.0
 14
1e+20
 24
1e+20
 34
1e+20
 15
-1e+20
 25
-1e+20
 35
-1e+20
146
0.0
 13
0.0
 23
0.0
 33
0.0
 16
1.0
 26
0.0
 36
0.0
 17
0.0
 27
1.0
 37
0.0
 76
1
330
1B
  0
MATERIAL
  5
1F
102
{ACAD_REACTORS
330
E
102
}
330
E
100
AcDbMaterial
  1
ByBlock
  2

 70
0
 40
1.0
 71
1
 41
1.0
 91
-1023410177
 42
1.0
 72
1
  3

 73
1
 74
1
 75
1
 44
0.5
 73
0
 45
1.0
 46
1.0
 77
1
  4

 78
1
 79
1
170
1
 48
1.0
171
1
  6

172
1
173
1
174
1
140
1.0
141
1.0
175
1
  7

176
1
177
1
178
1
143
1.0
179
1
  8

270
1
271
1
272
1
145
1.0
146
1.0
273
1
  9

274
1
275
1
276
1
 42
1.0
 72
1
  3

 73
1
 74
1
 75
1
 94
63
  0
MATERIAL
  5
20
102
{ACAD_REACTORS
330
E
102
}
330
E
100
AcDbMaterial
  1
ByLayer
  2

 70
0
 40
1.0
 71
1
 41
1.0
 91
-1023410177
 42
1.0
 72
1
  3

 73
1
 74
1
 75
1
 44
0.5
 73
0
 45
1.0
 46
1.0
 77
1
  4

 78
1
 79
1
170
1
 48
1.0
171
1
  6

172
1
173
1
174
1
140
1.0
141
1.0
175
1
  7

176
1
177
1
178
1
143
1.0
179
1
  8

270
1
271
1
272
1
145
1.0
146
1.0
273
1
  9

274
1
275
1
276
1
 42
1.0
 72
1
  3

 73
1
 74
1
 75
1
 94
63
  0
MATERIAL
  5
21
102
{ACAD_REACTORS
330
E
102
}
330
E
100
AcDbMaterial
  1
Global
  2

 70
0
 40
1.0
 71
1
 41
1.0
 91
-1023410177
 42
1.0
 72
1
  3

 73
1
 74
1
 75
1
 44
0.5
 73
0
 45
1.0
 46
1.0
 77
1
  4

 78
1
 79
1
170
1
 48
1.0
171
1
  6

172
1
173
1
174
1
140
1.0
141
1.0
175
1
  7

176
1
177
1
178
1
143
1.0
179
1
  8

270
1
271
1
272
1
145
1.0
146
1.0
273
1
  9

274
1
275
1
276
1
 42
1.0
 72
1
  3

 73
1
 74
1
 75
1
 94
63
  0
MLINESTYLE
  5
22
102
{ACAD_REACTORS
330
10
102
}
330
10
100
AcDbMlineStyle
  2
Standard
 70
0
  3

 62
256
 51
90.0
 52
90.0
 71
2
 49
0.5
 62
256
  6
BYLAYER
 49
-0.5
 62
256
  6
BYLAYER
  0
MLEADERSTYLE
  5
2C
102
{ACAD_REACTORS
330
F
102
}
330
F
100
AcDbMLeaderStyle
179
2
170
2
171
1
172
0
 90
2
 40
0.0
 41
0.0
173
1
 91
-1056964608
 92
-2
290
1
 42
2.0
291
1
 43
8.0
  3
Standard
 44
4.0
300

342
29
174
1
175
1
176
0
178
1
 93
-1056964608
 45
4.0
292
0
297
0
 46
4.0
 94
-1056964608
 47
1.0
 49
1.0
140
1.0
294
1
141
0.0
177
0
142
1.0
295
0
296
0
143
3.75
271
0
272
9
273
9
  0
DICTIONARY
  5
2D
330
A
100
AcDbDictionary
280
1
281
1
  3
CREATED_BY_EZDXF
350
2E
  3
WRITTEN_BY_EZDXF
350
271
  0
DICTIONARYVAR
  5
2E
330
2D
100
DictionaryVariables
280
0
  1
1.4.4 @ 2026-07-30T15:39:20.203977+00:00
  0
DICTIONARYVAR
  5
271
330
2D
100
DictionaryVariables
280
0
  1
1.4.4 @ 2026-07-30T15:39:20.275076+00:00
  0
ENDSEC
  0
EOF
