segment_id,T1024 Choice,T1024 Integration,T1024 Node Count,T1024 Total Depth,Angular Connectivity,Connectivity,Segment Length,local_nain,local_nach,integrated,citywide_nain,citywide_nach,citywide_match_distance_m,citywide_matched,blended_nain,blended_nach
0,0,279.49863,732,1917.0898,1.0409827,2,51.623264,1.4266518375556747,0.0,193.73368735486733,,,,False,1.4266518375556747,0.0
1,0,150.33437,732,3564.2148,1.1287696,2,32.699852,0.7677252053365805,0.0,104.20384470675563,0.87362558,0.0,0.5305794645598962,True,0.7994953177356063,0.0
2,0,151.2012,732,3543.7812,1.0371463,2,33.758003,0.7721494461091825,0.0,104.8046854772804,0.84611714,0.0,0.644568022006268,True,0.7943397542764277,0.0
3,1615,158.76157,732,3375.0234,3.2044828,4,23.279055,0.8107355695564183,0.9092513712275061,1172.982530661201,0.89556867,0.88795882,0.0,True,0.8361854996894929,0.9028636058592543
4,186,151.40482,732,3539.0156,2.5578701,4,17.903421,0.7731886269025057,0.6400905278422337,792.8225528227151,0.84745622,0.8229543,0.0,True,0.795468904831754,0.6949496594895637
5,7,129.54025,732,4136.3516,3.8466971,4,18.484148,0.6615853978198354,0.2496839608170301,284.6290210542782,0.78912574,0.0,0.0,True,0.6998475004738848,0.17477877257192106
6,3745,194.62062,732,2753.1719,1.8867301,3,14.579405,0.9937212954314584,1.0387353510854211,1601.4767974619226,0.93890047,0.89774036,0.0,True,0.9772750478020209,0.9964368537597947
7,2425,154.53477,732,3467.3359,2.0540986,3,15.705002,0.7891634216232427,0.9560835025751169,1204.507542962383,0.85428691,0.84855151,0.0,True,0.80870046813627,0.9238239048025818
8,1481,205.44937,732,2608.0586,2.6263096,4,36.186413,1.0489699310216072,0.9280124037654564,1500.1548000441624,0.97837889,0.75721681,0.0,True,1.0277926187151252,0.8767737256358195
9,0,193.39136,732,2770.6719,0.2705102,1,72.396011,0.9874493226567315,0.0,134.04867592865338,0.95626175,0.0,0.0,True,0.9780930508597121,0.0
10,1326,208.17479,732,2573.9141,2.2154377,3,35.955929,1.0628743363780464,0.9155026167869794,1497.074290580164,0.98342758,0.86841518,0.0,True,1.0390403094646325,0.9013763857508856
11,3966,285.43445,732,1877.2227,1.6105198,4,24.909018,1.456917793513431,1.099032431943326,2365.114838784506,1.0935953,1.0642076,0.0,True,1.3479210454594017,1.0885849823603282
12,0,252.85526,732,2119.0938,1.1944336,3,0.34123164,1.2907835521485906,0.0,175.2659105587519,1.0781665,1.00516,11.126675777536354,True,1.2269984365040134,0.30154800000000004
13,0,258.15213,732,2075.6133,2.0255966,3,218.52403,1.3177972000874043,0.0,178.93742106504448,,,,False,1.3177972000874043,0.0
14,2713,236.20638,732,2268.457,3.9476118,5,234.74536,1.2058686817695083,1.023032869361631,1867.5769000566725,1.0317075,0.90875959,0.0,True,1.1536203272386558,0.9887508855531417
15,2489,203.42476,732,2634.0156,3.757205,5,96.623657,1.0386406626745124,0.9927177634625797,1590.8710314867253,0.98159605,0.93337679,0.0,True,1.0215272788721586,0.9749154714238057
16,1808,254.21564,732,2107.7539,3.1212659,4,104.44199,1.2977214970923159,0.9798465059124163,1906.8923929112827,1.0797483,0.97900355,0.0,True,1.232329537964621,0.9795936191386914
17,3104,271.72949,732,1971.9023,2.3702166,4,71.424393,1.3870357158023234,1.059630790114018,2185.001557481335,1.0926081,0.98730016,0.0,True,1.2987074310616264,1.0379316010798125
18,170,208.91161,732,2564.8359,2.6006112,4,48.413635,1.066633433638805,0.6549206793705125,1075.3713586172062,0.97495115,0.7710799,0.0,True,1.0391287485471636,0.6897684455593587
19,661,225.04897,732,2380.9219,4.1286426,4,20.841597,1.1489562413289134,0.8352425463841651,1462.0925198630885,0.99964303,0.80901664,0.0,True,1.1041622779302394,0.8273747744689155
20,509,152.29556,732,3518.3164,3.1954515,4,17.605257,0.777734918828419,0.7634043819262669,949.7713991070436,0.84897709,0.76836824,0.0,True,0.7991075701798933,0.7648935393483869
21,6119,195.96017,732,2734.3516,2.5552425,4,18.672052,1.0005559920020337,1.1016547083591381,1708.6709322081051,0.94148946,0.94247586,0.0,True,0.9828360324014236,1.0539010538513967
22,9649,234.218,732,2287.7148,3.4788175,5,62.935009,1.195726642289403,1.1858814518182215,2148.9072449881373,1.005003,0.97226471,0.0,True,1.138509549602582,1.1217964292727551
23,0,277.3175,732,1932.168,2.0269918,3,1.9048365,1.4155300830146877,0.0,192.22184324493261,,,,False,1.4155300830146877,0.0
24,6747,265.89545,732,2015.168,1.5285758,3,50.372795,1.3572855555929662,1.1586155910961184,2344.439967188479,1.0963702,1.0159568,0.0,True,1.2790109489150763,1.115817953767283
25,7435,280.14651,732,1912.6562,2.45121,4,61.032707,1.429955409020352,1.1794530233823992,2497.288412582385,1.0821928,1.0128171,0.0,True,1.3256266263142464,1.1294622463676793
26,4642,261.1969,732,2051.418,3.1796992,5,118.44779,1.3333247247293791,1.106895000493905,2205.3719724168423,1.1085432,1.0250276,0.0,True,1.2658902673105654,1.0823347803457337
27,6238,224.36099,732,2388.2227,3.8179934,6,124.62943,1.145446819496925,1.1232736909562977,1960.6313394596157,1.0006533,0.94515806,0.0,True,1.1020087636478475,1.0698390016694084
28,2186,250.25395,732,2141.1211,4.1449699,5,169.34973,1.27751669730859,1.0025814556527282,1924.6388551118494,1.0591388,0.81054854,0.0,True,1.2120033281160132,0.9449715809569097
29,5326,279.20224,732,1919.125,2.903131,5,113.89497,1.4251404721735192,1.134814405964763,2395.7593752898024,1.2395362,1.3948562,0.0,True,1.3694591905214635,1.212826944175334
30,5291,233.98108,732,2290.0312,4.0178633,6,101.9717,1.1945182027209544,1.1080849882710166,2006.1866476770415,1.093945,0.97309399,0.0,True,1.1643462419046682,1.0675876887897116
31,7408,280.24155,732,1912.0078,2.1634271,4,52.514801,1.4304398287218851,1.17902453242399,2497.1163531014904,1.2397149,1.3948503,0.0,True,1.3732223501053196,1.243772262696793
32,4332,233.95634,732,2290.2734,3.024569,5,100.04822,1.1943919907653042,1.0822307654311805,1959.2079870222249,1.093944,1.0108223,0.0,True,1.164257593535713,1.0608082258018263
33,3264,233.21133,732,2297.5898,2.9974103,4,42.146564,1.1905919001746974,1.045226433231486,1886.9877956573207,1.0967085,1.028354,0.0,True,1.1624268801222883,1.0401647032620402
34,0,177.98621,732,3010.4805,1.9743341,2,37.167633,0.9088433898922673,0.0,123.37063964005034,0.98378456,0.0,0.0,True,0.9313257409245872,0.0
35,4112,250.25806,732,2141.0859,3.0128169,5,118.46103,1.2775376804095218,1.084928237979424,2082.6853818584045,1.0589504,0.93435514,0.0,True,1.2119614962866652,1.0397563085855968
36,11330,281.08109,732,1906.2969,1.858767,4,56.178787,1.4347206609224972,1.2357283143663735,2624.000433366529,1.2397277,1.3944598,0.0,True,1.376222772645748,1.2833477600564613
37,0,186.75748,732,2869.0898,2.002022,2,40.137218,0.9536006117274187,0.0,129.45042071048036,0.95120966,0.0,0.0,True,0.9528833262091931,0.0
38,13107,281.35782,732,1904.4219,2.2133617,4,64.703499,1.436131734326149,1.255175507513997,2667.56876807985,1.2397789,1.3942672,0.0,True,1.3772258840283043,1.2969030152597978
39,5710,250.25897,732,2141.0781,1.9971974,4,59.698635,1.2775423301672264,1.127721653960028,2164.821300541661,1.0589504,0.95583296,0.0,True,1.2119647511170584,1.0761550457720195
40,0,207.1859,732,2586.1992,2.0260057,2,66.264717,1.0578293160759622,0.0,143.61032243677477,1.0957898,0.0,0.0,True,1.0692174612531735,0.0
41,0,302.54581,732,1771.0508,1.0053633,2,62.50819,1.5441593605802792,0.0,209.70877519172492,,,,False,1.5441593605802792,0.0
42,0,217.89975,732,2459.0391,4.0210152,4,171.39104,1.1124865873136076,0.0,151.03659735721695,1.0091234,0.0,0.0,True,1.0814776311195253,0.0
43,0,226.74382,732,2363.125,1.0770472,2,195.03302,1.1576018136903345,0.0,157.16683954239173,,,,False,1.1576018136903345,0.0
44,0,181.33127,732,2954.9453,0.50843906,2,112.16071,0.9259126266570953,0.0,125.68925854785418,,,,False,0.9259126266570953,0.0
45,0,200.96158,732,2666.3008,1.0186547,2,53.74762,1.0260735932037168,0.0,139.2959525778719,,,,False,1.0260735932037168,0.0
46,518,183.16103,732,2925.4258,3.5234976,4,77.124519,0.9352493202746086,0.7832286829468145,1145.4577265718397,1.0055504,0.91158515,0.0,True,0.956339644192226,0.8217356230627701
47,875,181.1512,732,2957.8828,3.5447152,5,53.972588,0.9249937158337325,0.8476367234369108,1227.5723734766118,1.0580152,0.97894502,0.0,True,0.9649001610836128,0.8870292124058375
48,1417,201.60724,732,2657.7617,3.0427117,5,110.12597,1.0293677774232002,0.9201958328743449,1463.2064135190471,1.0579441,0.98533648,0.0,True,1.0379406741962403,0.9397380270120415
49,1385,224.2099,732,2389.832,4.0966372,5,55.253628,1.1446761267531969,0.929814992776613,1622.1358513289463,1.0104424,0.75695163,0.0,True,1.1044060087272378,0.8779559839436291
50,4417,224.93752,732,2382.1016,3.9793086,6,127.19485,1.1483877153575806,1.0792652204734097,1888.0510222337198,1.0119557,0.85641944,0.0,True,1.1074581107503065,1.0124114863313867
51,6777,224.98253,732,2381.625,3.9717314,5,168.26315,1.148617332677897,1.1343278180789822,1984.7024843341583,1.0122074,0.85410357,0.0,True,1.107694352874528,1.0502605436552874
52,2442,202.02798,732,2652.2266,2.8534081,5,109.69859,1.0315144116196984,0.9894342728308619,1576.099329628022,1.0561466,0.9724859,0.0,True,1.0389040681337889,0.9843497609816034
53,0,160.80643,732,3332.1055,1.6601977,2,40.708355,0.8211716724633795,0.0,111.46252357041021,0.91262448,0.0,0.0,True,0.8486075147243657,0.0
54,451,210.35036,732,2547.293,3.7391119,4,18.981325,1.073973446600431,0.7794123664282923,1286.4801103165214,1.0302675,0.89298433,0.0,True,1.0608616626203016,0.8134839554998046
55,2623,200.81799,732,2668.207,2.5421023,4,12.777246,1.025341102620266,0.9977401884083387,1581.0071362679541,1.055676,0.91021466,0.0,True,1.0344415718341862,0.971482529885837
56,0,157.57013,732,3400.543,1.754364,2,18.534674,0.8046549270955142,0.0,109.21929134996405,0.90433198,0.0,0.0,True,0.83455804296686,0.0
57,0,177.36391,732,3021.043,0.32369161,1,124.50213,0.9056678947684014,0.0,122.9392941495879,,,,False,0.9056678947684014,0.0
58,1334,192.4404,732,2784.3633,2.3116326,3,23.354544,0.9825972763868777,0.9072004795442998,1385.0773385164896,0.96082771,0.79801995,0.0,True,0.9760664064708144,0.8744463206810098
59,1860,303.03171,732,1768.2109,2.0232859,4,111.29542,1.546636612397061,1.0066115486463476,2281.6489142033925,1.101254,0.98387301,0.0,True,1.4130218286779428,0.9997899870524434
60,669,251.0123,732,2134.6523,3.0588689,4,105.1702,1.2813844300283916,0.8486871512390738,1633.781111240277,1.0363681,0.71723938,0.0,True,1.207879531019874,0.8092528198673516
61,4988,288.93484,732,1854.4805,3.4384406,5,60.718868,1.474765282804938,1.1312631331282705,2460.3354036896094,1.0986449,1.0690287,0.0,True,1.3619291679634566,1.1125928031897894
62,10744,304.47247,732,1759.8438,2.4484346,4,60.58009,1.5539816807848414,1.24181789240439,2826.2014198948027,1.1027293,1.0103899,0.0,True,1.4186059665493889,1.172389494683073
63,3669,251.96674,732,2126.5664,2.8934333,4,140.30945,1.2862520941814886,1.0710198913192717,2068.198279264507,1.0376191,0.9118607,0.0,True,1.211662195927042,1.02327213392349
64,7130,287.04898,732,1866.6641,3.4107718,5,22.306881,1.4651498841361337,1.177698305981931,2546.7981505231605,1.1040571,1.0805764,0.0,True,1.3568220488952936,1.1485617341873517
65,4041,237.53285,732,2255.7891,2.9629574,4,13.641558,1.2126345147136872,1.0753518167336062,1972.6490998232407,1.0329024,0.94297636,0.0,True,1.158714880299581,1.0356391797135245
66,2222,254.3481,732,2106.6562,4.4111962,6,243.37004,1.2983970500285218,1.0068370424494208,1960.2767429744345,1.095318,1.0341197,0.0,True,1.2374733350199651,1.0150218397145947
67,13150,292.1701,732,1833.9453,2.4005227,5,61.669487,1.4912606544456157,1.261898698701693,2771.0373866332725,1.1070397,1.098248,0.0,True,1.375994368111931,1.212803489091185
68,0,213.55479,732,2509.0703,1.9977283,2,7.4828548,1.0903211230702512,0.0,148.0249005835712,,,,False,1.0903211230702512,0.0
69,0,184.47319,732,2904.6172,2.0145905,3,39.954052,0.9419448111723664,0.0,127.86707153739908,,,,False,0.9419448111723664,0.0
70,0,193.84201,732,2764.2305,2.0145905,3,51.528004,0.989748681320791,0.0,134.36104270557271,,,,False,0.989748681320791,0.0
71,0,187.61165,732,2856.0273,1.9884784,3,87.982956,0.9579590053616186,0.0,130.04248623769925,0.99248403,0.0,0.0,True,0.968316512753133,0.0
72,0,313.75446,732,1707.7812,0.9029398,2,6.2220063,1.6013002070699762,0.0,217.47801933710812,,,,False,1.6013002070699762,0.0
73,2740,194.24194,732,2758.5391,4.0100322,6,107.73154,0.9917892449356549,0.9990578265950599,1537.7052190492964,1.1076237,1.0938178,0.0,True,1.0265395814549585,1.027485818616542
74,2698,313.7186,732,1707.9766,2.0864959,4,136.46779,1.601117225583293,1.061226065918357,2478.692870941189,1.2543974,1.4360631,0.0,True,1.497101277908305,1.17367717614285
75,3058,184.92781,732,2897.4766,3.9986048,6,209.48033,0.9442645578185913,1.0066744593106478,1484.2620768387155,0.99285859,0.85987788,0.0,True,0.9588427674730139,0.9626354855174535
76,1470,187.61421,732,2855.9883,3.1412418,5,171.28789,0.957972077633891,0.9164982721614457,1368.528834448006,0.9911527,0.48385048,0.0,True,0.9679262643437238,0.786703934513012
77,6025,228.06935,732,2349.3906,3.9996796,5,97.594238,1.1643633301946312,1.1211681888642013,1985.1166837168532,1.1062356,0.97761452,0.0,True,1.146925011136242,1.078102088204941
78,0,205.56299,732,2606.6172,2.2609572,3,88.381241,1.0495495428015855,0.0,142.48540694597224,1.084271,0.96866828,7.5430152806669994,True,1.0599659799611099,0.29060048400000005
79,0,172.91771,732,3098.7227,1.9823809,2,91.849297,0.8829789873194248,0.0,119.85742315538225,1.0039948,0.48904809,8.62270902697969,True,0.9192837311235974,0.146714427
80,0,223.51721,732,2397.2383,1.0222402,2,44.195477,1.1411425824622559,0.0,154.93032391812523,,,,False,1.1411425824622559,0.0
81,1351,219.19749,732,2444.4805,2.2592678,3,88.73127,1.1191068106221784,0.9239410141654139,1580.4313571951698,1.1064242,1.0372217,0.0,True,1.1153020274355248,0.9579252199157897
82,0,203.30748,732,2635.5352,0.26287207,1,90.059669,1.0380422561201657,0.0,140.92200654874748,,,,False,1.0380422561201657,0.0
83,6715,313.70856,732,1708.0312,2.0252075,4,27.531683,1.6010661031239386,1.1836700850148054,2764.524343299724,1.2543964,1.4358467,0.0,True,1.497065192186757,1.2593230695103639
84,0,248.56609,732,2155.6602,2.2175989,3,56.969631,1.2689083246770518,0.0,172.2928844663096,,,,False,1.2689083246770518,0.0
85,14750,314.25906,732,1705.0391,1.8977671,4,68.431755,1.6038724535392028,1.289659486357733,3016.6148106200594,1.2543067,1.4357744,0.0,True,1.499002727477442,1.3334939604504132
86,1115,231.25455,732,2317.0312,3.2211595,5,98.36084,1.180610674666366,0.9055622600265132,1623.0373497629384,1.105651,1.0088881,0.0,True,1.1581227722664562,0.9365600120185592
87,1079,225.74043,732,2373.6289,3.0959311,4,102.96355,1.1524834495843825,0.8985362744254686,1576.9417877398564,1.11353,1.0230533,0.0,True,1.1407974147090676,0.935891382097828
88,16855,314.4053,732,1704.2461,2.1232934,4,134.58501,1.604617874059523,1.3076631451829495,3059.9562727257116,1.2542102,1.4354815,0.0,True,1.499495571841666,1.3460086516280647
89,3264,270.38934,732,1981.6758,4.2847152,6,158.12929,1.3802018402424188,1.0655591154231656,2187.807018877847,1.1146576,0.99835855,0.0,True,1.300538568169693,1.0453989457962158
90,2,172.64999,732,3103.5273,4.18363,4,198.93929,0.8816129195207372,0.1366218957201181,239.3437075844055,1.0025162,0.0,0.0,True,0.917883903664516,0.09563532700408266
91,5330,228.79327,732,2341.957,3.9888597,5,95.996346,1.1680559795270786,1.1058336866324867,1963.3852553094046,1.1074673,0.97332495,0.0,True,1.149879375668955,1.0660810656427406
92,2662,224.5869,732,2385.8203,3.0191371,5,93.98278,1.1465992602560386,1.013968360720694,1771.4480461600842,1.1079857,1.0753111,0.0,True,1.1350151921792269,1.0323711825044857
93,7375,270.39948,732,1981.6016,3.9937251,6,96.113022,1.3802534690455748,1.1728938899045869,2408.210847087503,1.1146734,1.014993,0.0,True,1.3005794483319022,1.1255236229332108
94,0,230.21014,732,2327.543,0.99966872,2,83.51786,1.1752833021774451,0.0,159.56950947731028,1.0781903,0.96341968,2.8166785257374602,True,1.1461554015242115,0.28902590400000006
95,626,229.80325,732,2331.6641,3.0293772,5,89.654396,1.173207827812217,0.8304872847778924,1480.516668509933,1.0789365,0.96539026,0.0,True,1.144926429468552,0.8709581773445246
96,0,263.63818,732,2032.4219,1.9989283,3,188.89244,1.345774438234445,0.0,182.74006115495533,1.1085038,0.64100653,8.990155704520097,True,1.2745932467641115,0.19230195900000002
97,1374,268.49042,732,1995.6914,3.98276,5,203.90974,1.3705184842885905,0.950785956197599,1940.3630869183908,1.1082178,0.85595518,0.0,True,1.2918282790020132,0.9223367233383193
98,9296,270.42184,732,1981.4375,2.9841175,5,204.02917,1.3803676645240157,1.20338967543414,2470.994328641056,1.1146737,1.0230547,0.0,True,1.300659475166811,1.149289182803898
99,2653,197.16571,732,2717.6328,3.9992702,6,89.934914,1.0067068574861844,0.9968646154334648,1554.493877705189,0.99702466,0.88960546,0.0,True,1.0038021982403291,0.9646868688034254
100,1371,223.95732,732,2392.5273,3.0332611,5,92.07206,1.1433876697101562,0.9283757671094516,1618.0364104166674,1.1089956,1.0771796,0.0,True,1.1330700487971093,0.9730169169766161
101,24442,315.9245,732,1696.0508,1.9903734,4,78.669365,1.6123622388707997,1.3584749744165345,3192.1453982856947,1.2541628,1.435446,0.0,True,1.5049024072095598,1.3815662820915742
102,3360,223.96097,732,2392.4883,2.9740319,4,93.694962,1.1434062925278659,1.043520955559488,1818.6283193589736,1.1089956,1.0819675,0.0,True,1.1330830847695061,1.0550549188916416
103,300,184.74425,732,2900.3555,3.9959331,5,202.69547,0.9433279243718946,0.7157487484308122,1054.9685565046573,0.99244523,0.50535488,0.0,True,0.9580631160603262,0.6526305879015685
104,1262,229.69743,732,2332.7383,3.1802611,5,92.752701,1.1726680414692954,0.9207282642859804,1640.5074461761556,1.0793947,0.97697771,0.0,True,1.1446860390285067,0.9376030980001864
105,29574,317.73273,732,1686.3984,3.266809,5,124.43009,1.6215799479579893,1.385159810206605,3270.969013782377,1.2542524,1.4348493,0.0,True,1.5113816835705924,1.4000666571446234
106,1735,240.02965,732,2232.3242,2.2455096,4,49.381348,1.225369617177468,0.9672201741219768,1790.6007303706842,1.0983918,0.9882735,0.0,True,1.1872762720242274,0.9735361718853838
107,3148,246.66197,732,2172.3008,3.5629206,5,47.389812,1.259196974772006,1.0481355538915795,1986.9010747913735,1.1100669,1.0045954,0.0,True,1.2144579523404042,1.0350735077241056
108,2955,232.14452,732,2308.1484,3.2460368,5,96.259789,1.1851502654999793,1.0317723148742513,1855.282874404504,1.1059852,0.90729648,0.0,True,1.1614007458499853,0.9944295644119758
109,42,267.12628,732,2005.8828,3.1628842,4,189.90146,1.3635621509404594,0.49454765602896134,1010.856499723147,1.1076305,0.30915013,0.0,True,1.2867826556583215,0.43892839822027296
110,0,196.95679,732,2720.5156,2.0086036,3,32.611774,1.0056408821328158,0.0,136.52004368063723,,,,False,1.0056408821328158,0.0
111,0,407.13089,732,1316.0977,1.0044296,2,34.536777,2.0771396457215214,0.0,282.20162852236126,,,,False,2.0771396457215214,0.0
112,0,161.28954,732,3322.125,2.0149517,3,153.50064,0.8236371946314751,0.0,111.79738990481052,,,,False,0.8236371946314751,0.0
113,0,207.01205,732,2588.3711,2.0052369,3,186.90154,1.0569423777173674,0.0,143.4898187994344,1.032706,0.94300085,6.581246313947534,True,1.0496714644021572,0.28290025500000004
114,3663,194.6115,732,2753.3008,4.0275111,6,100.15627,0.9936748066143458,1.035935208432047,1597.0955470583833,1.1061053,1.0849919,0.0,True,1.0274039546300422,1.0506522159024327
115,4461,194.84924,732,2749.9414,4.0111475,6,99.525208,0.9948878234123562,1.0609723774406823,1637.4304874149002,1.1050943,1.0335816,0.0,True,1.0279497663886494,1.0527551442084775
116,0,206.65744,732,2592.8125,2.0248654,3,123.70539,1.0551332667020652,0.0,143.24402187773606,,,,False,1.0551332667020652,0.0
117,0,248.36041,732,2157.4453,0.96394587,2,114.04243,1.2678593848171809,0.0,172.15031795421203,,,,False,1.2678593848171809,0.0
118,1227,201.35037,732,2661.1523,4.0176811,5,110.22857,1.028057234880766,0.9018085291432113,1432.3976948248815,1.013248,0.8108955,0.0,True,1.0236144644165361,0.874534620400248
119,2676,248.40404,732,2157.0664,1.9505749,4,131.55763,1.268081884653641,1.027944876009055,1960.6097477359037,1.0888081,1.0949641,0.0,True,1.2142997492575487,1.0480506432063386
120,2839,230.32417,732,2326.3906,1.8334832,4,115.44473,1.175864990008271,1.0255627642182845,1831.517388939119,1.0472895,0.94478774,0.0,True,1.1372923430057895,1.001330256952799
121,0,252.89162,732,2118.7891,1.005285,2,119.51332,1.2909690028133172,0.0,175.29111339023706,,,,False,1.2909690028133172,0.0
122,2761,253.23244,732,2115.9375,1.9070702,4,12.247245,1.2927071689340939,1.034606566023587,2006.6321695768297,1.1244141,1.140835,0.0,True,1.2422192482538656,1.066475096216511
123,1186,201.5024,732,2659.1445,3.9990487,5,152.9736,1.02883289111296,0.8975891430048495,1426.6423317980018,1.0133741,0.82683885,0.0,True,1.024195253779072,0.8763640551033947
124,983,185.47717,732,2888.8945,2.8081689,3,86.329445,0.9470677638372319,0.8647319653721364,1278.4276654287546,1.0099031,0.58090979,0.0,True,0.9659183646860624,0.7795853127604955
125,36,158.06564,732,3389.8828,2.7952592,3,77.716888,0.8071838418486489,0.44417820104615113,574.9773843922934,0.9998588,0.7360478,0.0,True,0.8649863292940543,0.5317390807323058
126,5823,253.49263,732,2113.7656,2.1062207,4,90.060852,1.2940341735418859,1.1321683243462295,2197.759372314762,1.1244518,1.1406668,0.0,True,1.24315946147932,1.1347178670423608
127,5408,195.35985,732,2742.7539,3.1101336,4,96.542374,0.9974930683601004,1.0856308080810257,1679.3141246821094,1.102569,0.91804212,0.0,True,1.0290158478520703,1.035354201656718
128,12350,253.50293,732,2113.6797,2.0211115,4,88.293251,1.294086713411464,1.2303446820722492,2388.396429728753,1.1245123,1.1390932,0.0,True,1.2432143893880248,1.2029692374505745
129,1394,207.18152,732,2586.2539,2.9914594,5,206.21838,1.0578069599757398,0.9213048086140082,1500.2772734554685,1.0106914,0.90995616,0.0,True,1.043672291983018,0.9179002140298058
130,4940,194.92677,732,2748.8477,2.9127467,5,99.143745,0.9952833774128436,1.0739006444849588,1657.9545907529114,1.1050881,0.96487659,0.0,True,1.0282247941889904,1.0411934281394712
131,1722,206.978,732,2588.7969,3.0188498,5,86.042854,1.05676866820566,0.9480561171643211,1542.4833545493661,1.0311011,0.96302837,0.0,True,1.049068397743962,0.9525477930150248
132,1404,161.44102,732,3319.0078,4.0083284,6,171.29659,0.8244102858187664,0.8938705472722989,1170.2058909176653,0.98955393,0.90937865,0.0,True,0.8739533790731364,0.8985229780906092
133,121,189.89067,732,2821.75,4.0055437,4,195.89662,0.9695876014535112,0.6045702438747095,913.7889114051864,1.003451,0.33590403,0.0,True,0.9797466210174579,0.5239703797122967
134,3122,207.84642,732,2577.9805,3.0119057,5,85.815155,1.0611991019328837,1.0242650892709535,1672.5130200600986,1.0312773,0.96057177,0.0,True,1.0522225613530187,1.0051570934896674
135,4869,198.40598,732,2700.6445,3.9854109,6,97.140388,1.0130348218584992,1.0744706088514024,1684.6759960133302,1.0077262,0.87231886,0.0,True,1.0114422353009496,1.0138250841959817
136,5214,198.49841,732,2699.3867,4.0374236,5,198.83391,1.0135065037539248,1.083195753293165,1699.0443819829832,1.0079892,0.90764648,0.0,True,1.0118513126277473,1.0305309713052155
137,4396,208.86548,732,2565.4023,3.0338247,5,84.316536,1.066398121402459,1.068479909020482,1752.152705239355,1.0315121,0.95793748,0.0,True,1.0559323149817212,1.0353171803143373
138,38,191.96802,732,2791.2148,3.9972811,4,198.31921,0.9801870552899663,0.4616786616827213,708.1468848249332,1.0033735,0.2563405,0.0,True,0.9871429887029763,0.4000772131779049
139,5666,209.07591,732,2562.8203,1.9978292,4,90.135727,1.067471662480351,1.1009399059835574,1806.9577036978267,1.0315611,0.95349729,0.0,True,1.0566984937362458,1.0567071211884902
140,2043,198.2921,732,2702.1953,3.8913317,5,99.992477,1.0124538673683636,0.9645365125752241,1511.6110305697287,1.0074433,0.79364562,0.0,True,1.0109506971578546,0.9132692448026568
141,4576,193.49503,732,2769.1875,1.9867296,4,40.745998,0.9879782546667637,1.0632499366777899,1630.9729941321934,1.0040499,0.89713323,0.0,True,0.9927997482667347,1.013414924674453
142,4890,228.08604,732,2349.2188,3.8796117,5,99.133423,1.1644484084613276,1.0942969145293142,1937.6722217449956,1.1062355,0.9483639,0.0,True,1.1469845359229294,1.05051701017052
143,4015,184.92357,732,2897.543,4.0000005,6,202.87602,0.9442429340086876,1.0408130658335586,1534.5495290032834,0.99285853,0.87799627,0.0,True,0.9588276128060813,0.991968027083491
144,962,190.58958,732,2811.4023,2.1585917,4,182.38649,0.9731537468368289,0.8649731094167117,1309.5584039814803,0.99252397,0.59044075,0.0,True,0.9789648137857803,0.7826134015916981
145,1336,162.09711,732,3305.5742,4.0223584,6,221.63748,0.8277586001258422,0.8881961299138929,1166.9259492042672,0.98916769,0.86048687,0.0,True,0.8761813270880896,0.879883351939725
146,150,228.32294,732,2346.7812,3.9833488,5,98.14341,1.1656568903073443,0.6463836310741058,1147.0671707283532,1.1064427,0.9113245,0.0,True,1.147892633215141,0.7258658917518741
147,2036,191.26485,732,2801.4766,1.997911,4,21.105837,0.9765991945873036,0.9597254177631638,1457.3854087905104,0.99416375,0.8906675,0.0,True,0.9818685612111124,0.9390080424342147
148,413,174.28535,732,3074.4062,4.0085239,5,105.12466,0.8899582212532118,0.7502470404671965,1050.6406317958892,0.94487745,0.79936433,0.0,True,0.9064339898772482,0.7649822273270376
149,1153,174.27208,732,3074.6406,3.8645759,5,100.18132,0.88989041801124,0.8778711348883321,1228.9415472722192,0.94487244,0.82726288,0.0,True,0.906385024607868,0.8626886584218325
150,14120,254.92714,732,2101.8711,2.0711679,4,14.367595,1.301350158574046,1.2487462696853318,2435.953518800417,1.1243144,1.1384003,0.0,True,1.248239431001832,1.2156424787797322
151,1222,190.23196,732,2816.6875,3.0512052,4,65.780762,0.9713290279977302,0.8948540898879482,1352.5263056239858,1.0032384,0.86962479,0.0,True,0.9809018395984112,0.8872852999215638
152,17560,257.15277,732,2083.6797,2.0778215,4,69.953072,1.312700598085292,1.2786882880901884,2513.2807347597463,1.1243007,1.1380678,0.0,True,1.2561806286597044,1.2365021416631319
153,13,188.73273,732,2839.0625,3.0160551,4,89.635712,0.9636792536610344,0.33186150019354255,511.0977074310691,0.99949479,0.29905322,0.0,True,0.974423914562724,0.3220190161354798
154,24364,257.77859,732,2078.6211,2.0120571,4,84.702278,1.315892158165825,1.3219516010722083,2603.8071011935463,1.1243184,1.138243,0.0,True,1.2584200307160773,1.2668390207505458
155,2510,207.17964,732,2586.2773,3.0963755,4,159.1001,1.057797396594388,0.9960940071090388,1621.9751190452705,1.0106914,0.92568409,0.0,True,1.0436655976160716,0.9749710319763272
156,5819,227.42766,732,2356.0195,2.6178067,4,151.95058,1.161090054430997,1.1162830335653389,1971.6220895980184,1.0619701,1.0011159,0.0,True,1.1313540681016978,1.081732893495737
157,211,208.05922,732,2575.3438,5.2067528,5,297.94351,1.062284740438723,0.6819417875170141,1115.4662661896139,1.0101761,0.40145665,0.0,True,1.046652148307106,0.5977962462619099
158,10534,233.58543,732,2293.9102,3.7240717,5,169.95885,1.1925000331477915,1.1968051712084498,2163.5974822628837,1.0669636,1.0350146,0.0,True,1.1548391032034542,1.1482679998459147
159,13244,247.63988,732,2163.7227,1.9710116,4,173.97888,1.2641844635069637,1.235699935149863,2350.4617616653773,1.0883164,1.090951,0.0,True,1.2114240444548745,1.192275254604904
160,414,193.27365,732,2772.3594,3.3240914,4,98.361427,0.9868487080672939,0.7603268594088357,1165.5725522518944,1.0046362,0.68068904,0.0,True,0.9921849556471057,0.7364355135861849
161,26200,257.77277,732,2078.668,2.0146008,4,91.87439,1.3158624968540642,1.3314557016763187,2622.4747387720213,1.1243182,1.1384139,0.0,True,1.258399207797845,1.2735431611734231
162,6855,209.07591,732,2562.8203,2.1050959,4,47.894245,1.067471662480351,1.1252027710818844,1846.7728041735081,1.0315611,0.94793499,0.0,True,1.0566984937362458,1.072022436757319
163,1602,193.36356,732,2771.0703,2.6695018,4,99.786194,0.987307458308703,0.9308231732092713,1427.0725329607471,1.0046382,0.89822155,0.0,True,0.9925066808160922,0.9210426862464899
164,75,167.12532,732,3206.1211,2.4555497,3,73.689644,0.8534194639985232,0.5363966019172542,725.9598711450319,0.93941945,0.74216312,0.0,True,0.8792194597989662,0.598126557342078
165,466,176.11623,732,3042.4453,2.3930264,3,59.535572,0.8993010942270345,0.7662412311627316,1082.8450565515404,0.95094413,0.77614081,0.0,True,0.914794004958924,0.7692111048139121
166,9544,214.67375,732,2495.9922,2.1812398,4,37.322514,1.0960294390047944,1.1712923198560412,1967.2439469430753,1.0343066,0.97130817,0.0,True,1.0775125873033562,1.1112970748992288
167,29465,258.38214,732,2073.7656,3.0093389,5,90.742981,1.3189702101260143,1.3472412280845045,2659.0173909842206,1.1244872,1.1380848,0.0,True,1.26062530708821,1.284494299659153
168,14527,254.72784,732,2103.5156,3.283911,6,69.887253,1.3003337470424594,1.2523318281181557,2441.2866376736306,1.0900893,1.0511594,0.0,True,1.2372604129297216,1.191980099682709
169,11762,217.93333,732,2458.6602,2.8798537,4,145.5182,1.112657891408311,1.2003079628139732,2042.6453627995982,1.0372188,0.99059552,0.0,True,1.0900261639858178,1.1373942299697812
170,15046,256.32529,732,2090.4062,2.7734876,5,122.33494,1.3084806332557954,1.257944655893341,2465.5930596017784,1.099649,1.0653502,0.0,True,1.245831143279057,1.2001663191253384
171,9370,246.63448,732,2172.543,2.1169446,4,67.618591,1.2590567257600114,1.1900240919904543,2255.591148000639,1.0883106,1.086769,0.0,True,1.207832888032008,1.159047564393318
172,109,207.9482,732,2576.7188,4.5186124,5,121.72617,1.0617183190367063,0.5983729684049128,979.3383282085375,1.0052707,0.35866147,0.0,True,1.0447840333256946,0.526459518883439
173,1220,184.18956,732,2909.0898,1.430964,3,262.19193,0.9404976066366459,0.8910315281480962,1309.264360469731,1.0059897,0.83137643,0.0,True,0.960145234645652,0.8731349987036674
174,1623,197.22893,732,2716.7617,2.3624995,3,27.696262,1.0070294096037737,0.9347960934595582,1458.1653693887602,0.99437869,0.70541173,0.0,True,1.0032341937226417,0.8659807844216907
175,1608,243.71735,732,2198.5469,4.7141762,6,96.641228,1.2441784311001745,0.9592632424681039,1799.6063431264586,1.0686563,0.86926395,0.0,True,1.1915217917701222,0.9322634547276727
176,5811,223.39526,732,2398.5469,5.0193586,6,395.13605,1.1405205162225127,1.1135440162310386,1936.3570663056807,1.0332667,0.8339377,0.0,True,1.1083443713557588,1.029662121361727
177,1514,241.19792,732,2221.5117,4.1174588,5,71.07737,1.231328348577771,0.9501612295836092,1766.4926990004212,1.0500926,0.5827018,0.0,True,1.1769576240044397,0.8399234007085264
178,36680,318.12625,732,1684.3125,2.8212285,4,86.206566,1.623585776423025,1.414367717465994,3343.520073995618,1.1256377,1.1186621,0.0,True,1.4742013534961176,1.3256560322261959
179,37125,320.03448,732,1674.2695,1.1732318,4,38.66629,1.6333131334814313,1.4171289840416594,3367.43472094577,1.1256657,1.1237497,0.0,True,1.4810189034370018,1.3291151988291616
180,7480,277.34329,732,1931.9883,4.00985,6,384.18726,1.4156616095373236,1.1786853625472142,2473.972984410925,1.1259428,1.0089439,0.0,True,1.3287459666761265,1.12776292378305
181,36776,319.67203,732,1676.168,2.0430946,4,129.69676,1.6314653774856585,1.4156412459416403,3360.601802676779,1.1261154,1.1261874,0.0,True,1.479860384239961,1.3288050921591483
182,2474,192.24136,732,2787.2461,2.073715,4,166.619,0.9815817218869115,0.9848889412164499,1502.2508131860764,0.99489313,0.84217829,0.0,True,0.985575144320838,0.9420757458515149
183,556,161.60992,732,3315.5391,3.9596748,5,186.89891,0.8252722596711377,0.7798627024919097,1022.0791459617266,0.98672336,0.54172581,0.0,True,0.8737075897697965,0.7084216347443367
184,1226,183.77795,732,2915.6055,2.9712014,4,93.245735,0.9383972540510882,0.8913963102143988,1307.2386747968658,0.97114718,0.7476337,0.0,True,0.9482222318357617,0.8482675271500791
185,3396,194.01556,732,2761.7578,2.0053897,4,37.035591,0.990634197252868,1.0259870325552494,1577.529324095207,0.99866712,0.89012212,0.0,True,0.9930440740770077,0.9852275587886745
186,2247,185.22772,732,2892.7852,3.0447168,4,111.56371,0.9457948692028523,0.9682329694361237,1429.6321739420537,0.97543752,0.85381573,0.0,True,0.9546876644419966,0.9339077976052865
187,27945,264.56006,732,2025.3398,1.11409,4,21.128967,1.350475628014777,1.3444603787140126,2708.583127271642,1.1083733,1.0977867,0.0,True,1.2778449296103438,1.2704582750998088
188,29025,262.81079,732,2038.8203,2.4016147,4,22.716545,1.34155515289825,1.348266940460375,2700.6388713114893,1.1086509,1.1001716,0.0,True,1.2716838770287748,1.2738383383222625
189,343,237.4424,732,2256.6484,2.4458942,3,23.231789,1.212173169407134,0.7562693902886521,1387.505210886527,1.0567729,0.51309711,0.0,True,1.1655530885849936,0.6833177062020565
190,1053,262.62665,732,2040.25,1.4578867,3,63.899578,1.340615982178652,0.9131562006726257,1828.2218601956333,1.1029748,0.85160506,0.0,True,1.2693236275250563,0.894690858470838
191,29501,265.61072,732,2017.3281,1.3324471,3,148.31375,1.3558336506109891,1.3522786464351324,2733.7311977288073,1.1130002,1.1029726,0.0,True,1.2829836154276923,1.2774868325045927
192,30425,272.42511,732,1966.8672,2.3669996,4,153.5799,1.3905828638947069,1.3608531383367823,2812.2677440431194,1.1234995,1.1064986,0.0,True,1.3104578547262948,1.2845467768357477
193,545,205.2345,732,2610.7891,4.0956106,5,100.96518,1.0478737030877665,0.8009879840154929,1293.890397740674,1.0184907,0.79069126,0.0,True,1.0390588021614366,0.797898966810845
194,1874,228.24429,732,2347.5898,4.6940475,5,201.10986,1.1652557351093167,0.9708779516309709,1720.2537341408686,1.043602,0.63398045,0.0,True,1.1287596145765217,0.8698087011416796
195,16224,248.40808,732,2157.0312,1.8761672,4,40.224682,1.268102558964573,1.2626286339785178,2408.159881473022,1.0882082,1.0928538,0.0,True,1.2141342512752011,1.2116961837849625
196,3207,210.84862,732,2541.2734,3.0522728,4,153.89458,1.0765154031825097,1.0295606215951125,1702.3315903518087,1.0137922,0.84467566,0.0,True,1.0576984422277569,0.9740951331165788
197,17980,249.53465,732,2147.293,3.4826074,5,108.52127,1.2738481861730124,1.2767642468880207,2444.7225413023984,1.0880725,1.0931101,0.0,True,1.2181154803211087,1.2216680028216145
198,3436,210.83371,732,2541.4531,3.4882636,5,110.15105,1.0764393452367382,1.0383442843200121,1716.7440937659594,1.0136524,0.82828248,0.0,True,1.057603261665717,0.9753257430240085
199,22651,253.65669,732,2112.3984,3.6581717,6,83.845367,1.294870914395486,1.3096520134478482,2543.681354395665,1.0896319,1.0962569,0.0,True,1.23329921007684,1.2456334794134938
200,8343,250.47099,732,2139.2656,4.1252041,5,71.330971,1.278623721225593,1.1772811289088247,2261.607224530607,1.071032,0.88416022,0.0,True,1.2163462048579152,1.0893448562361774
201,36596,318.83685,732,1680.5586,2.8387077,4,87.869011,1.6272081041363744,1.4144831518371335,3350.2575512863104,1.1270161,1.1308898,0.0,True,1.4771505028954621,1.3294051462859935
202,37477,323.99472,732,1653.8047,1.13209,4,26.138765,1.6534999505704704,1.4207489693246578,3412.1620753420093,1.1295191,1.137045,0.0,True,1.4963056953993292,1.3356377785272604
203,33823,323.49655,732,1656.3516,3.0022767,4,149.92165,1.6509605017442335,1.406618505404706,3373.7311091618003,1.1292107,1.132349,0.0,True,1.4944355612209634,1.3243376537832943
204,408,181.42722,732,2953.3828,4.0417862,4,112.56685,0.9264021532521447,0.7524930580484802,1091.4946685671684,0.94137216,0.38497713,0.0,True,0.9308931552765013,0.6422382796339361
205,12,181.23616,732,2956.4961,4.0487432,4,22.18878,0.9254272769209845,0.32090851841470663,478.29261643932375,0.97764254,0.38041127,0.0,True,0.9410918558446892,0.33875934389029466
206,4523,250.56708,732,2138.4453,3.0615487,5,31.821024,1.2791137384376758,1.097521520864832,2109.1165378327632,1.0883669,1.0939845,0.0,True,1.2218896869063731,1.0964604146053822
207,4268,231.67363,732,2312.8398,3.4233661,5,34.284378,1.1827483653963233,1.0789422442697414,1936.6453853484618,1.0480622,0.95019013,0.0,True,1.1423425157774263,1.0403166099888188
208,2268,204.75108,732,2616.9531,1.5435519,4,65.386292,1.0454074147430712,0.9817280111111032,1582.2211596077673,1.0239908,0.8999899,0.0,True,1.0389824303201498,0.9572065777777723
209,4163,226.46158,732,2366.0703,3.3482156,5,76.872757,1.1561620402926183,1.0725817498932337,1887.437596719986,1.061347,0.99323028,0.0,True,1.1277175282048328,1.0487763089252635
210,7462,246.31561,732,2175.3555,3.2277737,5,73.553329,1.2574303964622922,1.160204930390272,2196.6048602720953,1.0883677,1.0859191,0.0,True,1.2067115875236045,1.1379191812731904
211,0,196.1855,732,2731.2109,4.0228071,4,37.129341,1.0017057189419054,0.0,135.98542619174313,0.98085976,0.0,0.0,True,0.9954519312593338,0.0
212,1903,204.50841,732,2620.0586,1.3656338,3,235.46751,1.0441692605971324,0.9593012976397538,1544.4960396217723,1.0231771,0.86372823,0.0,True,1.0378716124179928,0.9306293773478277
213,2159,203.56453,732,2632.207,2.347857,3,27.485498,1.0393537750087039,0.9747542644113639,1563.0348959489365,0.99463236,0.81674743,0.0,True,1.0259373505060927,0.9273522140879548
214,750,182.64449,732,2933.6992,2.4563923,4,119.99264,0.9326135966533466,0.829226203107201,1209.6062982922933,1.0520811,0.92646784,0.0,True,0.9684538476573428,0.8583986941750408
215,869,183.11238,732,2926.2031,1.3716955,3,114.3546,0.9350010556318147,0.8479179892482626,1239.6052541293668,1.0092722,0.89168435,0.0,True,0.9572823989422703,0.8610478974737837
216,16653,307.17386,732,1744.3672,2.9936986,5,53.921738,1.5677533279394806,1.3019797553031036,2985.872985618132,1.1043593,1.0442299,0.0,True,1.4287351195576365,1.2246547987121725
217,21978,303.19449,732,1767.2617,3.0625162,5,39.029469,1.5474663751577014,1.3368096780197793,3031.3046223526117,1.0942585,1.0566103,0.0,True,1.4115040126103908,1.2527498646138455
218,7520,233.08255,732,2298.8594,3.3134677,5,10.091765,1.1899349389208018,1.1529401383509912,2080.3986572288923,1.0561333,1.0036535,0.0,True,1.1497944472445611,1.1081541468456937
219,550,245.12671,732,2185.9062,5.0352721,5,31.317045,1.2513667128894066,0.8206482597199962,1547.6192610108321,1.0803217,0.79841638,0.0,True,1.2000532090225846,0.8139786958039974
220,26655,308.47806,732,1736.9922,2.4525251,5,26.4182,1.5744021103742458,1.3657554011813904,3143.640391477576,1.1110553,1.0909925,0.0,True,1.4353980672619722,1.2833265308269732
221,31371,321.823,732,1664.9648,2.8870442,5,139.03557,1.6424299958849475,1.3954939213864241,3332.0597378426205,1.1230357,1.0967664,0.0,True,1.4866117071194633,1.3058756649704968
222,1280,256.41537,732,2089.6719,4.2203159,5,17.916723,1.3089399870048226,0.9358111423404134,1834.9536802849477,1.0858116,0.59395641,0.0,True,1.2420014709033758,0.8332547226382894
223,7559,270.7886,732,1978.7539,3.2809067,5,66.070694,1.3822378386352552,1.1763613299990765,2418.3476549395937,1.1036115,1.0708574,0.0,True,1.2986499370446785,1.1447101509993534
224,28686,308.64465,732,1736.0547,3.1608367,5,67.549675,1.5752513367987513,1.3756957429303835,3168.000970894585,1.111644,1.0939462,0.0,True,1.4361691357591257,1.2911708800512685
225,32422,322.99228,732,1658.9375,3.432519,5,111.94373,1.6483901348511623,1.4006187123188985,3354.809111393351,1.1257645,1.1003319,0.0,True,1.4916024443958136,1.3105326686232288
226,1392,209.07559,732,2562.8242,3.7304955,4,19.799337,1.0674700393127734,0.9221888749166104,1513.693178090556,1.0102912,0.58912313,0.0,True,1.0503163875189414,0.8222691514416274
227,3338,221.69615,732,2416.9297,1.3886971,4,59.832378,1.1318530627840702,1.0413185045564244,1798.7818354142835,1.0399914,0.94145936,0.0,True,1.104294563948849,1.011360761189497
228,2680,170.01494,732,3151.6289,2.5683894,4,13.073909,0.8681658737983889,0.9798077999316726,1342.1520119649497,0.93513483,0.91671681,0.0,True,0.8882565606588722,0.9608805029521708
229,7201,222.40787,732,2409.1953,1.5811245,4,43.098259,1.1354837120014096,1.1404443292311934,1975.4829449295985,1.0410168,0.98856342,0.0,True,1.1071436384009867,1.0948800564618355
230,6469,224.01877,732,2391.8711,2.8543344,4,38.026836,1.1437010913429517,1.1277259841546652,1965.7839578158284,1.0457417,0.99132854,0.0,True,1.1143132739400663,1.0868067509082655
231,1793,207.00768,732,2588.4258,4.883852,5,39.854164,1.0569200590900354,0.9532109198352363,1551.0589266900436,1.0031277,0.81425512,0.0,True,1.0407823513630248,0.9115241798846654
232,4777,206.12083,732,2599.5625,1.1879522,3,82.734695,1.052395623631703,1.0772515334659436,1746.252909447807,1.0434376,0.86755437,0.0,True,1.049708216542192,1.0143423844261605
233,5570,224.39182,732,2387.8945,1.8807558,4,136.74959,1.145604121690038,1.1087364736998078,1935.4937380851325,1.0325018,0.84380519,0.0,True,1.1116734251830265,1.0292570885898653
234,5679,277.38815,732,1931.6758,3.8929443,6,370.30344,1.4158903936245943,1.1423169748426945,2397.987978221099,1.1258758,0.96093619,0.0,True,1.3288860155372162,1.0879027393898861
235,36165,319.60425,732,1676.5234,2.6029844,5,152.79674,1.6311199412557205,1.4133449650722945,3354.5350081825954,1.1255027,1.1142417,0.0,True,1.4794347688790042,1.323613985550606
236,26575,301.75845,732,1775.6719,3.0648074,5,86.143547,1.540145281929895,1.3613412734495407,3074.255177199762,1.109782,1.0831316,0.0,True,1.4110362973509267,1.2778783714146784
237,264,213.14828,732,2513.8555,3.7607083,4,19.957243,1.0882473137286113,0.7125395041166295,1190.112634603168,0.97951072,0.76947302,0.0,True,1.055626335610028,0.7296195588816407
238,19983,301.94843,732,1774.5547,2.3998632,4,10.610865,1.541113814060638,1.3233589815384454,2990.115971724845,1.0927805,1.0430896,0.0,True,1.4066138198424465,1.2392781670769117
239,18941,298.57288,732,1794.6172,3.0591788,5,155.66116,1.52390447425548,1.3142315705284362,2940.7009490637074,1.088685,1.0404454,0.0,True,1.393338631978836,1.2320957193699054
240,15964,296.54224,732,1806.9062,4.2297935,6,107.38284,1.5135516643175597,1.2902433023793705,2870.0000713461095,1.0906631,1.0437738,0.0,True,1.3866850950222918,1.2163024516655594
241,6817,280.32401,732,1911.4453,4.0565248,6,99.381294,1.4308603384713179,1.1680703272843465,2474.551259448921,1.1040016,1.0055599,0.0,True,1.3328027169299226,1.1193171990990425
242,2225,233.88972,732,2290.9258,4.001174,5,202.60612,1.194052153630245,0.9961154894573795,1802.9180126098388,1.0939275,0.80956805,0.0,True,1.1640147575411715,0.9401512576201657
243,5012,234.01302,732,2289.7188,3.9871693,6,101.42363,1.1946810357380462,1.101104596953803,1993.788421480477,1.0939469,0.89212453,0.0,True,1.1644607950166324,1.038410576867662
244,0,256.80228,732,2086.5234,2.0034947,3,126.85046,1.3109132459824737,0.0,178.00177634336563,1.1025752,0.0,0.0,True,1.2484118321877316,0.0
245,10656,280.59637,732,1909.5898,4.005589,6,178.51823,1.4322492145565708,1.2273306212284465,2602.269272377789,1.1044669,1.0158186,0.0,True,1.3339145201895994,1.1638770148599127
246,5444,224.35182,732,2388.3203,4.0180163,6,178.87038,1.145400049359223,1.1057704790700638,1930.017194438727,1.001039,0.94305915,0.0,True,1.102091734551456,1.0569570803490447
247,745,258.62427,732,2071.8242,4.0899601,5,159.57683,1.3202049573943406,0.8660702498718212,1711.07502877739,1.0952568,0.55953294,0.0,True,1.2527205101760384,0.7741090569102749
248,6823,270.95654,732,1977.5273,3.013042,5,178.64899,1.38309433247238,1.1629644832814419,2392.098525046839,1.1039381,1.0724525,0.0,True,1.2993474627306658,1.1358108882970093
249,4892,238.20107,732,2249.4609,4.0773044,5,97.342079,1.2160428766959055,1.100492811717234,2023.7003715902345,0.99894738,0.85493082,0.0,True,1.1509142276871338,1.0268242142020636
250,7529,238.5677,732,2246.0039,3.960288,6,102.31736,1.2179129180355746,1.1565651254934375,2129.642115929997,0.99922776,0.94171983,0.0,True,1.152307370624902,1.0921115368454062
251,7161,238.57518,732,2245.9336,3.9968603,6,102.44529,1.217951006028093,1.1500779207955105,2117.7565228531926,0.99922788,0.94063044,0.0,True,1.152334068219665,1.0872436765568574
252,3241,261.65479,732,2047.8281,4.0752401,6,270.60049,1.3356597997677722,1.0600507243714297,2115.283810492479,1.1022393,0.95312172,0.0,True,1.2656336498374405,1.0279720230600007
253,7416,271.38327,732,1974.418,3.0494795,5,212.08553,1.385270215918066,1.174184660690857,2418.4767231832416,1.1045977,1.075254,0.0,True,1.3010684611426462,1.1445054624836
254,1304,256.86481,732,2086.0156,4.0160365,6,212.51813,1.3112320566974462,0.938453385338971,1842.9341966485017,1.1025771,0.87595457,0.0,True,1.2486355696882123,0.9197037407372797
255,5058,237.30354,732,2257.9688,3.9812069,5,105.80769,1.2114649501375205,1.104275311183149,2023.990787280441,1.0955573,0.92664021,0.0,True,1.1766926550962644,1.0509847808282042
256,10511,273.439,732,1959.5742,2.0067005,4,59.582554,1.3957529567856022,1.2213476351381252,2532.14572879519,1.1077386,1.0765568,0.0,True,1.3093486497499216,1.1779103845966876
257,36410,319.22192,732,1678.5312,2.032841,4,143.63982,1.6291711749263285,1.4140266099517365,3352.677269512795,1.1251959,1.1160431,0.0,True,1.4779785924484299,1.3246315569662155
258,266,264.54932,732,2025.4219,4.0160861,5,256.07159,1.3504209408038614,0.7337148838991249,1479.0918038230004,1.1034688,0.77964288,0.0,True,1.276335298562703,0.7474932827293874
259,976,264.64069,732,2024.7227,3.0030832,4,161.31505,1.3508868231477116,0.9041085037195805,1822.1860300796866,1.0984321,0.5862897,0.0,True,1.275150406203398,0.8087628626037063
260,26684,302.42508,732,1771.7578,3.0158982,5,271.17792,1.5435438759476363,1.3622892340660278,3082.2844678708416,1.1103879,1.0838581,0.0,True,1.4135970831633453,1.2787598938462195
261,2139,227.81708,732,2351.9922,3.9721894,5,106.29453,1.1630764917591283,0.9876702759548242,1747.135631143899,0.99997407,0.88034844,0.0,True,1.1141457652313898,0.9554737251683769
262,2389,227.63977,732,2353.8242,3.9745164,6,94.869873,1.1621720286277526,1.0018001551234919,1770.9160711948105,0.99965817,0.88413721,0.0,True,1.113417871039427,0.9665012715864443
263,2377,227.36885,732,2356.6289,3.9898539,6,93.226006,1.1607900630762016,1.000998606500143,1767.6644613767467,0.99923474,0.87590015,0.0,True,1.1123234661533412,0.9634690695501003
264,1313,265.0928,732,2021.2695,4.0049047,5,318.53214,1.3531924390716867,0.9432372247114168,1903.7883170546042,1.1054747,0.9122088,0.0,True,1.2788771173501807,0.9339286972979918
265,27467,303.06989,732,1767.9883,4.1443858,6,319.32724,1.546831122897452,1.3665431915737236,3097.620785295295,1.1113069,1.08461,0.0,True,1.4161738560282164,1.2819632341016065
266,3971,262.92313,732,2037.9492,4.0196104,5,317.60669,1.3421280243666618,1.087369095374573,2178.9167438150203,1.1057621,0.97606051,0.0,True,1.2712182470566633,1.053976519762201
267,1655,227.31723,732,2357.1641,3.982975,5,106.31005,1.1605267262266123,0.9543775556975806,1685.048983085078,0.9992339,0.85384601,0.0,True,1.1121388783586288,0.9242180919883065
268,5808,237.34132,732,2257.6094,4.0191684,6,99.444183,1.211657638530072,1.1221968659460333,2057.116931485761,1.0960013,0.95814216,0.0,True,1.1769607369710502,1.0729804541622232
269,10250,274.69019,732,1950.6484,2.0339792,4,103.94283,1.4021331180791956,1.2187643355785145,2536.8265580443062,1.1115376,1.081647,0.0,True,1.3149544626554368,1.1776291349049601
270,2165,257.46024,732,2081.1914,4.0129709,6,163.09927,1.3142685734994644,1.0050380135971257,1977.5775923993115,1.1036426,0.92361468,0.0,True,1.251080781449625,0.980611013517988
271,1466,229.45038,732,2335.25,3.9951425,5,106.90005,1.1714078466592588,0.9399028248172265,1673.0732880244395,1.0026643,0.87485141,0.0,True,1.1207847826614812,0.9203874003720586
272,1790,229.4427,732,2335.3281,4.0053024,6,97.571587,1.171368704977428,0.9656238904351605,1718.7753633971445,1.0026641,0.89312088,0.0,True,1.1207573234841997,0.9438729873046123
273,10920,274.65335,732,1950.9102,2.9720082,4,213.27953,1.4019451532407134,1.2270979860814641,2553.8736183020596,1.111537,1.084944,0.0,True,1.3148227072684993,1.1844517902570249
274,2772,257.61639,732,2079.9297,4.0071211,5,214.80765,1.3150650521986176,1.0374472557769534,2042.394487452741,1.1040475,0.95019382,0.0,True,1.2517597865390324,1.0112712250438674
275,12040,281.54492,732,1903.1562,4.1126866,6,215.76675,1.437085835588889,1.2440443270576915,2645.4399380932123,1.1072682,1.0538118,0.0,True,1.3381405449122221,1.1869745689403841
276,89379,372.07376,732,1440.1016,2.1749876,4,93.013695,1.898529888327114,1.567196909373042,4241.887701680136,1.2509906,1.4252737,0.0,True,1.7042681018289798,1.5246199465611294
277,2422,224.52882,732,2386.4375,3.9750295,5,162.98499,1.1463029656854544,1.001793134604335,1749.7922402286624,1.0016015,0.64282197,0.0,True,1.1028925259798181,0.8941017852230344
278,2150,229.23029,732,2337.4922,3.0332727,5,85.112968,1.1702851540194714,0.9891174103225104,1759.1482996497455,1.0027181,0.90801454,0.0,True,1.12001503781363,0.9647865492257574
279,9397,250.51903,732,2138.8555,2.2701671,4,65.004379,1.2788686530241542,1.19282069432637,2291.8379174586557,1.059911,1.0024785,0.0,True,1.2131813571169079,1.135718036028459
280,2883,229.47687,732,2334.9805,2.0048652,4,21.565565,1.1715429331157672,1.0270580815704664,1828.306517876696,1.0031095,0.91741467,0.0,True,1.121012903181037,0.9941650580993264
281,2495,228.96169,732,2340.2344,2.062485,4,60.706112,1.1689150281476324,1.0081395686780499,1791.1318782709975,1.0030771,0.92499125,0.0,True,1.1191636497033426,0.9831950730746349
282,2316,227.9761,732,2350.3516,2.6962304,4,38.948204,1.1638876559117917,0.9979948364405241,1766.4636972545597,1.0057931,0.93746924,0.0,True,1.116459289138254,0.9798371575083669
283,11891,263.66098,732,2032.2461,2.4159701,4,141.24982,1.3458907403604472,1.231709498338872,2474.1169277111107,1.0837079,1.0415137,0.0,True,1.267235888252313,1.1746507588372106
284,1964,268.34543,732,1996.7695,4.0200806,5,218.59181,1.3697792514866534,0.9976923865740859,2035.0663455284594,1.1061397,0.78121394,0.0,True,1.2906873860406574,0.9327488526018601
285,306,251.3932,732,2131.418,3.9332132,4,217.57129,1.2833270318354641,0.7470500432122384,1440.5081207610324,1.102783,0.7676897,0.0,True,1.229163822284825,0.7532419402485669
286,0,197.4697,732,2713.4492,2.2391868,2,33.296928,1.0082578564181397,0.0,136.8755658010182,0.98321652,0.0,0.0,True,1.0007454554926978,0.0
287,99197,376.41205,732,1423.5039,3.1234684,5,91.102303,1.9206352151013775,1.5840426539505108,4330.576675056692,1.2520056,1.4232272,0.0,True,1.7200463305709643,1.5357980177653574
288,105506,377.50491,732,1419.3828,2.9102755,5,95.90535,1.9262038274308315,1.593166825218844,4366.42641877024,1.2518971,1.4250133,0.0,True,1.7239118092015822,1.5427207676531909
289,102393,376.8681,732,1421.7812,1.931011,4,71.357353,1.9229590821991136,1.5886729787501797,4347.773945537842,1.2517241,1.4248621,0.0,True,1.7215885875393795,1.5395297151251257
290,22949,301.58661,732,1776.6836,4.3866229,6,94.648193,1.539269260482501,1.3416377780345854,3028.2663725635034,1.1109514,1.1059318,0.0,True,1.4107739023377506,1.2709259846242098
291,97798,376.2066,732,1424.2812,2.1138594,4,34.480606,1.9195885002230644,1.581968398696101,4322.869600322868,1.2517185,1.4247704,0.0,True,1.719227500156145,1.5348089990872706
292,90943,374.31967,732,1431.4609,1.8593714,4,12.113715,1.9099739585532833,1.5708783791367238,4273.9858128059805,1.2512848,1.4253266,0.0,True,1.7123672109872983,1.5272128453957066
293,7182,266.98016,732,2006.9805,3.1146214,4,95.940712,1.3628171052951248,1.1674483494885841,2370.6801283708614,1.1066248,1.0223268,0.0,True,1.2859594137065873,1.1239118846420089
294,560,231.46487,732,2314.9258,3.7523167,5,194.63831,1.181683500440261,0.8169038797128264,1465.5202525904026,1.0034618,0.67159635,0.0,True,1.1282169903081827,0.7733116207989784
295,19089,280.06702,732,1913.1992,2.6954231,4,50.683548,1.4295499860298355,1.304153335569216,2760.61285794597,1.0774665,1.0907767,0.0,True,1.3239249402208848,1.2401403448984514
296,18741,270.96243,732,1977.4844,2.4656334,4,51.891792,1.383124307321822,1.29606071564606,2665.8843599989273,1.0653054,1.088701,0.0,True,1.2877786351252754,1.233852800952242
297,7326,265.98157,732,2014.5156,2.0763614,4,92.783783,1.357724675972927,1.1694826995683505,2367.0917860809404,1.1026804,1.0143429,0.0,True,1.281211393181049,1.1229407596978453
298,86755,371.84177,732,1441.0,2.2303209,4,45.982353,1.8973478791436953,1.5629670831683884,4228.163083476758,1.2509598,1.4252318,0.0,True,1.7034314554005867,1.521646498217872
299,81729,372.91739,732,1436.8438,2.6902359,5,50.192165,1.902828499941656,1.5553802919782815,4218.138947606002,1.2509434,1.4254329,0.0,True,1.7072629699591593,1.516396074384797
300,992,258.29019,732,2074.5039,2.3391209,3,46.021584,1.3185012508786293,0.9033644143899178,1782.6510144373958,1.1092107,0.83688688,0.0,True,1.2557140856150406,0.8834211540729424
301,415,229.93037,732,2330.375,0.85092807,2,34.439926,1.173856257936375,0.7776441070749084,1387.1897472201006,1.0628382,0.75558102,0.0,True,1.1405508405554625,0.7710251809524359
302,24,206.39035,732,2596.168,2.2991066,3,79.82402,1.053770575884374,0.4093727146851564,672.439684816042,1.0282239,0.24072249,0.0,True,1.046106573119062,0.3587776472796095
303,63945,370.82047,732,1444.9688,4.1574349,6,82.890358,1.8921437626052147,1.5204617223622083,4103.428825918985,1.2508514,1.4254869,0.0,True,1.6997560538236502,1.4919692756535456
304,12497,245.29591,732,2184.3984,2.9860494,4,75.50692,1.2522296895224367,1.2266254407661243,2313.975398976098,1.1048765,1.0540801,0.0,True,1.2080237326657057,1.174861838536287
305,11048,231.92863,732,2310.2969,2.4810717,4,27.057812,1.184049068095171,1.2018563891271081,2159.298616057544,1.0818664,1.0436407,0.0,True,1.1533942676666198,1.1543916823889757
306,14589,288.01996,732,1860.3711,3.1201701,5,169.30518,1.470100663398585,1.2732948391666388,2761.5815113052167,1.1085093,1.0365365,0.0,True,1.3616232543790094,1.202267337416647
307,1339,173.53459,732,3087.707,3.1782398,3,74.980324,0.8861270630530185,0.8960037184264279,1249.652236750224,0.9624325,0.86711061,0.0,True,0.909018694137113,0.8873357858984996
308,0,141.19601,732,3794.8945,0.96780187,1,18.134314,0.7210821869304909,0.0,97.86961623781384,0.87499779,0.0,0.0,True,0.7672568678513436,0.0
309,7172,218.15273,732,2456.1875,4.2339344,5,49.165661,1.1137771181426772,1.1371093352762465,1936.807637799756,1.0565135,1.0133218,0.0,True,1.096598032699874,1.0999730746933725
310,0,159.22672,732,3365.1641,2.9235597,3,34.548721,0.8131094619369316,0.0,110.36755203780785,0.89074159,0.0,0.0,True,0.8363991003558521,0.0
311,3346,263.64426,732,2032.375,4.0016913,5,47.734428,1.345805463399989,1.0652869417248139,2139.7680379740113,1.1085032,0.89584595,0.0,True,1.2746147843799922,1.0144546442073696
312,0,197.16542,732,2717.6367,2.00453,3,28.409031,1.0067054138533842,0.0,136.66465497691746,0.99702466,0.0,0.0,True,1.003801187697369,0.0
313,4873,268.48987,732,1995.6953,4.0078773,5,49.510078,1.370515808694325,1.11728829310028,2279.9825177538437,1.1082178,0.9307577,0.0,True,1.2918264060860274,1.061329115170196
314,6010,408.00885,732,1313.2656,2.0197291,4,90.666306,2.0816122535283768,1.2114557726589323,3550.2942107439744,1.2569404,1.41097,0.0,True,1.8342106974698638,1.2713100408612528
315,75,198.26373,732,2702.582,3.9943223,4,88.520813,1.0123091071390524,0.5479809828448091,861.219065330935,0.99662244,0.35002366,0.0,True,1.0076031069973368,0.4885937859913664
316,1289,267.12836,732,2005.8672,2.0024893,4,17.023619,1.3635727450522388,0.941760715110933,1913.4864931641425,1.1076305,0.87948281,0.0,True,1.2867900715365672,0.9230773435776531
317,10338,270.75333,732,1979.0117,3.0151987,4,50.389786,1.3820579603867824,1.2175763457294106,2502.7829031091433,1.1149188,1.0243937,0.0,True,1.3019162122707477,1.1596215520105875
318,13476,408.04648,732,1313.1445,1.9975183,4,89.998573,2.0818039307500826,1.32388308203841,3880.0380839214895,1.2569407,1.4111552,0.0,True,1.8343449615250578,1.350064717426887
319,25935,408.07318,732,1313.0586,1.9941342,4,12.777581,2.0819399147721267,1.4150412116897462,4147.421485768977,1.2569411,1.4114146,0.0,True,1.8344402703404885,1.4139532281828224
320,0,230.10664,732,2328.5898,2.009207,3,228.20682,1.1747554158197862,0.0,159.49776874412234,,,,False,1.1747554158197862,0.0
321,519,231.20192,732,2317.5586,3.0531759,4,97.380653,1.1803422382190958,0.8069911349664632,1446.3414206934585,1.1039466,0.5532198,0.0,True,1.1574235467533671,0.7308597344765242
322,40,175.35211,732,3055.7031,3.0872931,3,178.98366,0.8954018425151716,0.46270738401338457,655.4082540488832,0.96846908,0.29125518,0.0,True,0.9173220137606202,0.4112717228093692
323,23,196.21385,732,2730.8164,2.9976203,3,48.597733,1.0018503217429287,0.4016013596971077,631.5880182693154,0.99050933,0.63252324,0.0,True,0.9984480242200501,0.47087792378797544
324,37013,318.28937,732,1683.4492,2.7964292,5,138.01691,1.6244173895032568,1.4156813978013365,3348.1108734807995,1.2542652,1.434746,0.0,True,1.5133717326522795,1.4214007784609355
325,3470,195.09978,732,2746.4102,1.4389369,3,40.083824,0.9961660706994729,1.0294294924764626,1590.5482398377883,1.0031866,0.91472656,0.0,True,0.9982722294896311,0.9950186127335239
326,4000,205.04706,732,2613.1758,0.88376033,2,114.44158,1.0469173772579083,1.0539846718305343,1700.7729921046366,1.0379869,0.93581665,0.0,True,1.0442382340805358,1.018534265281374
327,4585,230.29324,732,2326.7031,2.5575755,3,119.83363,1.175707194963734,1.0873499309152488,1941.598044770825,1.1067109,0.9554618,0.0,True,1.1550083064746137,1.047783491640674
328,43057,318.83908,732,1680.5469,3.0694647,5,89.997124,1.6272194193245682,1.4363702278287445,3402.117099621416,1.2542948,1.4348058,0.0,True,1.5153420335271979,1.435900899480121
329,40998,408.83334,732,1310.6172,2.9137139,5,94.271027,2.085812215171607,1.4791788922636364,4342.352733970324,1.2571726,1.4117604,0.0,True,1.837220330620125,1.4589533445845455
330,42086,316.05481,732,1695.3516,3.2577677,5,45.238548,1.6130264287047849,1.4316125234327128,3365.199260576241,1.2485415,1.4229686,0.0,True,1.5036809500933492,1.4290193464028988
331,77099,404.32037,732,1325.2461,3.8492851,6,203.42749,2.0628224031732714,1.5647193488326296,4549.765180424862,1.2551404,1.4245927,0.0,True,1.82051780222129,1.5226813541828408
332,43513,315.41309,732,1698.8008,1.8747442,4,22.161329,1.6097552338900314,1.4357041329257927,3368.8833672098244,1.2455795,1.4227666,0.0,True,1.500502513723022,1.431822873048055
333,11664,296.10886,732,1809.5508,2.7826285,5,49.055374,1.5113420996001616,1.2481652981626252,2772.8918488399704,1.1237683,0.97543943,0.0,True,1.395069959720113,1.1663475377138377
334,3090,267.14291,732,2005.7578,3.000432,4,49.516365,1.3636470442821103,1.0566683418300626,2146.9136070978334,1.1076308,0.94137931,0.0,True,1.286842170997477,1.022081632281044
335,35787,408.05011,732,1313.1328,2.0051689,4,75.320847,2.0818224513937698,1.459858894091459,4278.566935129165,1.2569408,1.4116323,0.0,True,1.8343579559756387,1.4453909158640212
336,8238,269.23029,732,1990.207,4.0079784,5,44.205109,1.3742914213253705,1.186789607721163,2427.583731213445,1.1087544,0.96881527,0.0,True,1.2946303149277594,1.1213973064048142
337,0,220.69173,732,2427.9297,2.0243726,3,224.97298,1.1267292998658982,0.0,152.9718504223967,,,,False,1.1267292998658982,0.0
338,6412,268.73291,732,1993.8906,4.0326366,6,53.622314,1.371755039882623,1.1535310834648702,2355.776749679102,1.1078826,0.9584046,0.0,True,1.2925933079178362,1.094993138425409
339,1276,230.231,732,2327.332,3.936945,5,176.33324,1.175389763934189,0.9224251586061691,1646.854230963291,1.1077371,0.97834033,0.0,True,1.1550939647539322,0.9391997100243183
340,878,221.95407,732,2414.1211,2.179543,3,100.82629,1.13316877602052,0.8701534770923004,1504.8312616456296,1.100778,0.97412306,0.0,True,1.1234515432143641,0.9013443519646103
341,407,219.664,732,2439.2891,2.1811168,4,85.779602,1.121486590672261,0.7706070075105936,1320.996726036986,1.0861616,0.96230578,0.0,True,1.1108890934705828,0.8281166392574155
342,4162,268.38324,732,1996.4883,4.0365863,6,98.439507,1.369971988129404,1.0964845112816932,2236.768034022074,1.1073701,0.9319883,0.0,True,1.2911914216905829,1.0471356478971852
343,2585,253.91635,732,2110.2383,2.3573122,4,87.604256,1.2961951260917637,1.026370347715295,1995.3392193129116,1.1180886,0.97962463,0.0,True,1.2427631682642346,1.0123466324007064
344,1296,240.86037,732,2224.625,2.2134368,4,123.12466,1.2296066870731948,0.9298347707909246,1726.6268064295773,1.0966727,0.9607622,0.0,True,1.1897264909512364,0.9391129995536472
345,3120,268.08008,732,1998.7461,3.9814434,6,93.57589,1.3684260034815774,1.0584249870718976,2157.0337411146156,1.1068579,0.90978205,0.0,True,1.2899555724371041,1.0138321059503284
346,0,237.86319,732,2252.6562,2.0360827,3,210.86865,1.2143195000658427,0.0,164.87419950749458,,,,False,1.2143195000658427,0.0
347,0,221.18352,732,2422.5312,1.9983622,3,188.57492,1.1292380933701132,0.0,153.31273327432427,,,,False,1.1292380933701132,0.0
348,43983,315.35001,732,1699.1406,3.2469857,5,98.189171,1.6094336879646236,1.4371096530447425,3371.5974111883643,1.245208,1.4225127,0.0,True,1.5001659815752366,1.4327305671313197
349,9808,280.28448,732,1911.7148,2.0549636,3,39.360897,1.4306588367317599,1.2161785915188084,2576.138815217186,1.1177907,0.95506442,0.0,True,1.3367983957122318,1.137844340063166
350,9185,267.80319,732,2000.8125,2.3546753,4,161.69946,1.367014131180204,1.2002719510005233,2443.849986576356,1.1250325,0.9613803,0.0,True,1.2944196418261429,1.1286044557003663
351,0,257.02267,732,2084.7344,1.7147117,2,61.642838,1.312037118669416,0.0,178.15453905048923,1.080508,0.0,0.0,True,1.2425783830685913,0.0
352,50863,317.08054,732,1689.8672,4.0004177,6,96.698158,1.6182552564435038,1.457714533497069,3436.1797251730713,1.242752,1.4222918,0.0,True,1.5056042795104527,1.4470877134479483
353,784,237.48392,732,2256.2539,2.1135154,3,143.76607,1.2123849269581035,0.8631186138382458,1583.2950335367143,1.1011043,0.7592532,0.0,True,1.1790007388706725,0.8319589896867721
354,978,237.36884,732,2257.3477,2.1484807,4,143.95499,1.2117979847034401,0.8916596387691802,1634.890364375047,1.1076815,0.83881021,0.0,True,1.180563039292408,0.8758048101384261
355,2403,265.64005,732,2017.1055,1.9666851,3,107.58228,1.355983126985862,1.0228598673243061,2068.088857955148,1.1129457,0.86865062,0.0,True,1.2830718988901033,0.9765970931270143
356,1863,238.20024,732,2249.4688,1.8624898,3,88.567719,1.2160386098196663,0.9754783050249384,1793.8898977448791,1.0987034,0.8477397,0.0,True,1.1808380468737665,0.9371567235174568
357,52145,317.1304,732,1689.6016,4.0918903,6,105.76122,1.6185093402633057,1.461093699768547,3444.6139341533103,1.2421632,1.4221491,0.0,True,1.5056054981843139,1.4494103198379829
358,0,179.41913,732,2986.4375,2.1349454,2,14.933963,0.9161553452613121,0.0,124.3638640980183,0.98489898,0.0,0.0,True,0.9367784356829185,0.0
359,1850,237.69626,732,2254.2383,3.3443937,5,197.39177,1.2134680053983449,0.974304755397609,1788.431750554403,1.1061918,0.89799374,0.0,True,1.1812851437788414,0.9514114507783262
360,54022,317.30499,732,1688.6719,4.0017056,6,53.091534,1.6193993580921007,1.4659588773950147,3457.7307558356288,1.2418795,1.4221352,0.0,True,1.5061434006644705,1.4528117741765103
361,0,223.30943,732,2399.4688,1.0135038,2,158.25572,1.1400826817339256,0.0,154.78630179694846,,,,False,1.1400826817339256,0.0
362,1200,230.29865,732,2326.6484,2.2457671,4,110.94377,1.1757348123505258,0.914546314523659,1633.2186352545584,1.106371,0.94084287,0.0,True,1.154925668645368,0.9224352811665613
363,606,220.83954,732,2426.3047,2.1952434,4,113.12074,1.1274832971349733,0.8220952582126125,1415.6200722529627,1.0857497,0.91738975,0.0,True,1.1149632179944813,0.8506836057488288
364,1051,267.34338,732,2004.2539,4.0109339,5,92.686722,1.3646692423149196,0.9150407635516175,1860.5491210008681,1.1058341,0.7809428,0.0,True,1.2870186996204436,0.8748113744861323
365,1367,229.70859,732,2332.625,2.2301106,4,91.293228,1.1727249513752112,0.9310305180630807,1658.9177246384959,1.1045364,0.88498235,0.0,True,1.152268385962648,0.9172160676441565
366,721,223.57002,732,2396.6719,1.1369109,3,140.61165,1.141412041223459,0.8456830671844515,1471.8529314662194,1.0906543,0.83235693,0.0,True,1.1261847188564214,0.841685226029116
367,1369,287.89301,732,1861.1914,2.2271571,4,200.53311,1.469453427921765,0.9590978989334862,2079.5363353091902,1.1449952,1.0231192,0.0,True,1.3721159595452355,0.9783042892534404
368,0,275.24194,732,1946.7383,0.11786716,1,170.46127,1.4049464669547227,0.0,190.78317468284962,,,,False,1.4049464669547227,0.0
369,2732,248.93192,732,2152.4922,2.0186467,4,174.35275,1.2707741478963592,1.0309259755151388,1969.927980792833,1.0732503,1.0447985,0.0,True,1.2115169935274515,1.035087732860597
370,58883,320.1189,732,1673.8281,3.5070949,6,50.475113,1.6337433353721378,1.4793035360883144,3515.9752531725658,1.2416505,1.4223804,0.0,True,1.5161154847604963,1.46222659526182
371,5545,282.621,732,1895.9102,2.7985072,4,48.216347,1.4425724618606046,1.1419779805846955,2436.47917943053,1.1239935,1.0617994,0.0,True,1.3469987733024231,1.1179244064092868
372,4302,249.74545,732,2145.4805,1.3793542,3,82.062691,1.274923329736569,1.0905246198588563,2089.6951292194813,1.0741986,1.0531294,0.0,True,1.2147059108155982,1.0793060539011994
373,443,214.31085,732,2500.2188,4.0408087,5,93.583206,1.0941780909025032,0.7789859925468344,1306.8834827741866,1.0037714,0.52284861,0.0,True,1.0670560836317522,0.7021447777827841
374,0,276.69211,732,1936.5352,2.0418396,3,171.89497,1.4123411272616315,0.0,191.78835592968224,1.1134602,0.77367353,1.0140427959419689,True,1.322676849083142,0.23210205900000005
375,49845,317.86526,732,1685.6953,4.3714132,6,115.50568,1.622255504061872,1.4554781270053092,3438.2574785963793,1.2415532,1.4215797,0.0,True,1.5080448128433104,1.4453085989037162
376,0,248.60077,732,2155.3594,1.017482,2,51.6479,1.2690852481994204,0.0,172.31692281053142,,,,False,1.2690852481994204,0.0
377,0,186.25665,732,2876.8047,2.0044065,2,88.795097,0.9510450603350593,0.0,129.10327180804055,1.0009522,0.79967636,1.503723925201779,True,0.9660172022345415,0.23990290800000003
378,0,260.8497,732,2054.1484,1.0010777,2,19.963467,1.3315541765391798,0.0,180.80723410490754,,,,False,1.3315541765391798,0.0
379,2466,281.58771,732,1902.8672,4.08848,6,133.36145,1.4373038653846066,1.034168703760832,2199.5276100251167,1.1197151,0.89753956,0.0,True,1.3420272357692244,0.9931799606325824
380,929,217.21654,732,2466.7734,3.9848974,6,93.712013,1.1090013322422998,0.8749728762135965,1484.9485867530252,1.0077832,0.85027725,0.0,True,1.07863589256961,0.8675641883495175
381,0,265.33484,732,2019.4258,2.0267372,3,102.8812,1.354426657463436,0.0,183.9160962503242,,,,False,1.354426657463436,0.0
382,40661,315.47113,732,1698.4883,4.0425315,6,100.57455,1.6100510598069697,1.4266272783164602,3348.1184056110537,1.2413745,1.4213589,0.0,True,1.4994480918648787,1.4250467648215221
383,1721,267.18091,732,2005.4727,4.023243,6,144.08211,1.363840708570708,0.9797652138373282,1990.9846463137674,1.1064014,1.1266648,0.0,True,1.2866089159994956,1.0238350896861297
384,438,217.4407,732,2464.2305,3.9762712,5,86.830818,1.1101448099049753,0.7789802914117107,1323.5125573621208,1.0077188,0.84457237,0.0,True,1.0794170069334825,0.7986579149881974
385,6769,270.3627,732,1981.8711,3.78896,6,113.17625,1.38006596779617,1.1615826605873214,2384.708258235676,1.1085519,1.0679116,0.0,True,1.2986117474573189,1.133481342411125
386,34972,315.09573,732,1700.5117,4.0129504,6,92.4664,1.608137547368604,1.4061428656293486,3296.645027033828,1.2414126,1.4207067,0.0,True,1.4981200631580227,1.4105120159405442
387,1789,261.19144,732,2051.4609,3.0143242,5,154.82585,1.3332968694969318,0.9819347095713721,1956.4621608865762,1.1190727,1.0721129,0.0,True,1.2690296186478522,1.0089881666999605
388,17278,266.3136,732,2012.0039,2.9721653,5,96.781357,1.3594179185076813,1.2824348645086416,2598.503032128524,1.1250476,1.1398406,0.0,True,1.289106822955377,1.2396565851560493
389,29996,259.91208,732,2061.5586,3.0769873,5,89.606949,1.326772590613299,1.3506217771391265,2679.4040005999846,1.1249824,1.1347091,0.0,True,1.2662355334293092,1.2858479739973885
390,15758,262.39606,732,2042.043,3.0122571,4,107.77602,1.339440016479278,1.2678664804166455,2536.1183663516426,1.1073648,1.0684991,0.0,True,1.2698174515354945,1.2080562662916519
391,285,262.33383,732,2042.5273,4.1510949,5,183.62758,1.3391227349247683,0.7419240412385433,1484.6736454771078,1.1031626,0.63673633,0.0,True,1.2683346944473377,0.7103677278669802
392,30022,260.63113,732,2055.8711,2.0500188,4,92.641228,1.3304394962368404,1.3512236503788342,2687.042402606721,1.125191,1.1364102,0.0,True,1.2688649473657883,1.2867796152651838
393,219,166.46393,732,3218.8594,2.4527764,3,61.016838,0.8500442427273766,0.6677170788958129,898.5993780740621,0.92057705,0.40742713,0.0,True,0.8712040849091636,0.589630094227069
394,879,176.29187,732,3039.4141,0.93296331,2,34.665749,0.900197375163202,0.8453339404256268,1195.4453294540497,0.95580739,0.83943671,0.0,True,0.9168803796142415,0.8435647712979388
395,1749,194.83983,732,2750.0742,2.4950995,3,130.21535,0.9948398155850421,0.9427935220380308,1455.052614472379,1.0055579,0.90039885,0.0,True,0.9980552409095295,0.9300751204266215
396,32989,261.10144,732,2052.168,2.1731098,4,67.099052,1.332837912772642,1.3638969341625593,2716.496790583838,1.1254072,1.1391306,0.0,True,1.2706086989408494,1.2964670339137916
397,159,206.53453,732,2594.3555,4.163095,5,101.06558,1.0545062067210567,0.6455117049185869,1049.4854622620146,1.022455,0.77473569,0.0,True,1.0448908447047396,0.6842789004430109
398,1098,266.06564,732,2013.8789,4.0794063,5,159.66415,1.3581535029729972,0.9202094773859582,1863.2750932539134,1.1096094,0.8878907,0.0,True,1.283590272081098,0.9105138441701708
399,33631,273.66537,732,1957.9531,3.3943074,4,165.51842,1.3969074002864417,1.374881634357328,2852.4861273691736,1.1362455,1.1396253,0.0,True,1.3187088302005092,1.3043047340501297
400,22793,282.07236,732,1899.5977,3.9960108,6,343.90424,1.4397750847113207,1.328868395828264,2830.3976926208147,1.1332117,1.1198332,0.0,True,1.3478060692979243,1.2661578370797848
401,36618,318.92505,732,1680.0938,1.9858607,4,127.77591,1.627657737995558,1.414616630123103,3351.3759911960155,1.1261079,1.1285276,0.0,True,1.4771927865968906,1.328789921086172
402,816,265.59171,732,2017.4727,4.0299158,5,195.18057,1.355736569058028,0.881035691081368,1781.287036712919,1.099794,0.58744383,0.0,True,1.2789537983406196,0.7929581327569577
403,873,263.73804,732,2031.6523,3.0025787,4,110.17296,1.3462837229374718,0.8890796863644767,1786.62053030914,1.0971266,0.59215063,0.0,True,1.2715365860562302,0.8000009694551337
404,3277,266.3974,732,2011.3711,2.0483146,4,116.68512,1.359845181846681,1.064001374142977,2156.5652143875946,1.1044149,0.94134474,0.0,True,1.2832160972926767,1.027204383900084
405,647,199.22029,732,2689.6055,3.9686041,5,95.948013,1.0171895508477569,0.8196598913111838,1290.0375836972767,0.98863679,0.82529193,0.0,True,1.0086237225934298,0.8213495029178287
406,93,199.30106,732,2688.5156,3.9698734,5,95.682083,1.0176016037983024,0.5752564536827944,907.5924916054929,0.98864198,0.4171738,0.0,True,1.0089137166588116,0.527831657577956
407,2598,266.96146,732,2007.1211,3.059464,5,154.49864,1.3627217341972828,1.033780366459113,2099.189165011013,1.1056392,0.94627303,0.0,True,1.285596973938098,1.007528165521379
408,1612,267.04202,732,2006.5156,4.0368862,6,155.67415,1.3631325490348953,0.9711007042891135,1972.4980961426495,1.1038004,0.90292311,0.0,True,1.2853329043244268,0.9506474260023795
409,3688,266.39273,732,2011.4062,2.0109482,4,156.83258,1.3598214754699536,1.079524791676581,2187.9851834607816,1.1044149,0.96714711,0.0,True,1.2831995028289676,1.0458114871736068
410,1944,238.84602,732,2243.3867,4.0064759,6,95.819145,1.2193325049998525,0.9813321788760708,1808.9077994524446,1.0613608,0.91097724,0.0,True,1.1719409934998968,0.9602256972132496
411,286,264.84814,732,2023.1367,4.0540681,5,180.09961,1.3519447796310997,0.7433105907101899,1499.8245500575122,1.0990231,0.50408053,0.0,True,1.2760682757417698,0.671541572497133
412,3612,276.47015,732,1938.0898,4.0198016,5,102.95378,1.4112094139170013,1.0820616149110467,2265.001187045012,1.108608,0.94988841,0.0,True,1.320428989741901,1.0424096534377325
413,2407,239.34863,732,2238.6758,4.0325933,5,111.21249,1.2218960858167667,1.0092771239399463,1863.799883931076,1.0619659,0.94711602,0.0,True,1.1739170300717365,0.9906287927579625
414,2948,239.10373,732,2240.9688,4.0450959,6,95.885757,1.2206469343685709,1.0354095383302815,1910.3337044962034,1.0616624,0.93730223,0.0,True,1.1729515740579997,1.0059773458311971
415,3244,276.80545,732,1935.7422,3.9852514,5,45.492161,1.4129191125653104,1.0680435809521047,2238.0215416912088,1.1095482,0.971165,0.0,True,1.3219078387957173,1.0389800066664732
416,108071,379.08759,732,1413.457,2.0620415,4,39.616173,1.9342678651519278,1.5973939342273937,4393.838292544676,1.2528512,1.4236746,0.0,True,1.7298428656063496,1.5452781339591755
417,2487,239.11957,732,2240.8203,3.9688153,6,95.490562,1.22072775496296,1.013387783617156,1869.8280701785288,1.0616627,0.92529678,0.0,True,1.173008238474072,0.9869604825320093
418,110949,379.57327,732,1411.6484,1.916029,4,45.701595,1.9367425376807643,1.6012980458504336,4409.443441912738,1.2525533,1.4237902,0.0,True,1.731485766376535,1.5480456920953034
419,999,266.75745,732,2008.6562,4.0535235,5,46.903122,1.3616813205581106,0.9081129649684486,1842.961807605441,1.1045321,0.87539816,0.0,True,1.2845365543906775,0.8982985234779141
420,5399,266.82074,732,2008.1797,3.0387781,4,45.004517,1.3620040982427355,1.1298469082920521,2293.147998677352,1.1106269,1.0024343,0.0,True,1.2865909387699148,1.0916231258044364
421,3103,264.43713,732,2026.2812,3.0322366,5,158.67032,1.349848822542137,1.0558090054542129,2126.2778758635486,1.1060213,0.94342011,0.0,True,1.2767005657794959,1.0220923368179489
422,100778,399.10312,732,1342.5703,3.2037091,5,88.164268,2.036243839094432,1.599079491945237,4597.945399780856,1.2549883,1.4246697,0.0,True,1.8018671773661024,1.5467565543616657
423,104948,398.70407,732,1343.9141,3.0723617,5,101.20205,2.034210793693559,1.6044848007459747,4609.513173220742,1.2549849,1.4246912,0.0,True,1.8004430255854913,1.5505467205221823
424,107792,399.89313,732,1339.918,2.9539063,5,85.452774,2.0402684736357606,1.6088589924954084,4633.952503780755,1.2547081,1.4246285,0.0,True,1.8046003615450323,1.553589844746786
425,0,265.89185,732,2015.1953,1.9902321,3,52.507786,1.357267186575515,0.0,184.30218616136787,1.107705,0.0,0.0,True,1.2823985306028605,0.0
426,4227,266.0925,732,2013.6758,2.7107468,4,130.99765,1.3582903508611615,1.0972872302346055,2221.798091945148,1.112962,0.91537368,0.0,True,1.284691845602813,1.0427131651642239
427,12001,317.94928,732,1685.25,3.0958061,5,272.25064,1.6226836506767535,1.2639298390039404,2986.469574921617,1.1531944,1.0628365,0.0,True,1.4818368754737274,1.2036018373027582
428,12795,311.46335,732,1720.3438,1.6322755,3,55.917713,1.5896204866904924,1.2690365400676926,2945.4983259711726,1.1179636,0.98299128,0.0,True,1.4481234206833444,1.1832229620473849
429,12210,298.13614,732,1797.2461,1.1240773,3,157.02823,1.5216778791986,1.2554023317615728,2805.5130585852553,1.0981166,0.96987647,0.0,True,1.39460949543902,1.1697445732331009
430,44,237.29739,732,2258.0273,3.8357954,4,17.832632,1.2114335917996886,0.4928627887059314,908.5266106328174,1.03869,0.33423451,0.0,True,1.159610514259782,0.445274305094152
431,11095,310.78448,732,1724.1016,2.0965946,4,136.4921,1.5861598121479943,1.249542550307836,2894.7803090647258,1.1506912,1.0622275,0.0,True,1.455519228503596,1.193348035215485
432,109049,377.27856,732,1420.2344,2.1201727,4,50.530746,1.9250504625709743,1.5975845372846853,4376.269421499849,1.2525339,1.4237267,0.0,True,1.7232954937996818,1.5454271860992796
433,0,195.2892,732,2743.7461,1.9959061,2,43.103405,0.9971326152860064,0.0,135.36415837380727,0.98891026,0.0,0.0,True,0.9946659087002045,0.0
434,3356,266.9516,732,2007.1953,4.0016589,5,46.92284,1.3626714086004243,1.0674226534499456,2167.406959168667,1.1056392,0.97089112,0.0,True,1.285561746020297,1.038463193414962
435,108971,377.28168,732,1420.2227,1.9528859,4,38.77618,1.9250662991136003,1.5974877982872207,4376.0356604834315,1.2523277,1.4236856,0.0,True,1.7232447193795202,1.5453471388010542
436,5918,277.03244,732,1934.1562,2.9435287,4,44.98941,1.4140765035405471,1.1475690304807014,2406.3291854378726,1.1093833,0.99175745,0.0,True,1.3226685424783828,1.100825556336491
437,105706,376.6539,732,1422.5898,2.0698032,4,56.732529,1.9218676068046763,1.592933539094786,4357.296481647089,1.2523222,1.4234315,0.0,True,1.7210039847632734,1.54208292736635
438,7354,266.99368,732,2006.8789,3.9926531,5,44.161976,1.3628860304144528,1.1705673049638632,2377.117244711943,1.1070762,1.0347689,0.0,True,1.286143081290117,1.1298277834747044
439,916,207.55708,732,2581.5742,3.9779146,5,87.64473,1.0597229952228011,0.868121814817892,1415.9953695808085,0.99991679,0.83706832,0.0,True,1.0417811336559608,0.8588057663725244
440,0,206.32019,732,2597.0508,2.0077877,3,44.866478,1.0534126495735876,0.0,143.0102579910922,1.0003309,0.0,0.0,True,1.0374881247015113,0.0
441,7330,267.02228,732,2006.6641,2.9256821,5,40.203186,1.3630317730099086,1.1701540222055018,2376.4992556726197,1.1070765,1.0242692,0.0,True,1.2862451911069361,1.1263885755438512
442,108457,400.51898,732,1337.8242,1.8873404,4,63.347725,2.043456887556108,1.6100616906572371,4643.668120435583,1.2545333,1.4245491,0.0,True,1.8067798112892757,1.554407913460066
443,125756,397.51282,732,1347.9414,3.1656926,5,65.665787,2.028142102764129,1.6289122517496593,4667.641128841411,1.2538066,1.4253538,0.0,True,1.7958414519348904,1.5678447162247613
444,36705,324.64728,732,1650.4805,2.5659213,5,66.555801,1.656826201340562,1.4183253693321831,3412.2775521247404,1.1304802,1.1423234,0.0,True,1.4989224009383935,1.3355247785325282
445,130821,395.10037,732,1356.1719,4.0269413,6,79.569443,2.015851594046639,1.6330139502710177,4654.914733939172,1.2535487,1.4256941,0.0,True,1.7871607258326472,1.5708179951897125
446,109094,379.14102,732,1413.2578,3.0046177,5,24.069826,1.934540116722446,1.5987233655102284,4398.02957903101,1.2530959,1.4238501,0.0,True,1.730106851705712,1.5462613858571599
447,109099,379.06558,732,1413.5391,2.02736,4,95.174561,1.9341556793481385,1.598685923305598,4397.171848905442,1.2530951,1.4238058,0.0,True,1.729837505543697,1.5462218863139183
448,15111,312.3385,732,1715.5234,2.6110401,5,118.509,1.594081914461458,1.2918457890158768,3005.730391457062,1.1184709,1.0030392,0.0,True,1.4513986101230205,1.2052038123111137
449,1091,249.99078,732,2143.375,3.9847369,4,364.51385,1.2761745567112288,0.9119120960892382,1749.1058626408137,1.1060723,0.88785022,0.0,True,1.2251438796978602,0.9046935332624667
450,1036,247.92992,732,2161.1914,2.9000137,3,273.10333,1.265663773258507,0.9042013235291505,1721.885954625461,1.0510931,0.76615202,0.0,True,1.201292571280955,0.8627865324704054
451,393,201.75461,732,2655.8203,1.9943953,3,101.43292,1.0301196772424202,0.7578779365025257,1206.2677657321776,0.99030799,0.63311404,0.0,True,1.0181761710696942,0.720448767551768
452,0,204.89575,732,2615.1055,2.0387962,3,39.105938,1.0461454418266105,0.0,142.0229114212154,0.99087614,0.0,0.0,True,1.0295646512786274,0.0
453,140,238.52124,732,2246.4414,4.0100055,5,95.794785,1.2176759374757786,0.6411608676232243,1182.070015004604,1.0605615,0.37095028,0.0,True,1.1705416062330452,0.560097691336257
454,3778,267.25586,732,2004.9102,4.0081954,5,46.906204,1.3642229680253517,1.083152851761512,2201.5146115106245,1.104304,0.98103112,0.0,True,1.286247277617746,1.0525163322330584
455,104564,376.5939,732,1422.8164,2.0201142,4,96.164574,1.9215619567576232,1.5914030182072447,4352.511765507826,1.2521894,1.4233472,0.0,True,1.7207501897303363,1.5409862727450714
456,105942,376.58563,732,1422.8477,2.003818,4,37.547516,1.9215197453063597,1.5932009324534713,4357.346519373684,1.2521255,1.4234422,0.0,True,1.7207014717144518,1.54227331271743
457,4134,266.39688,732,2011.375,3.0048795,4,46.146351,1.3598425477640044,1.0945284281274543,2218.415866721175,1.1044149,0.98637938,0.0,True,1.283214253434803,1.062083713689218
458,103012,376.58563,732,1422.8477,2.0003343,4,57.760464,1.9215197453063597,1.5893391857251429,4346.784892450973,1.2521255,1.423394,0.0,True,1.7207014717144518,1.5395556300075999
459,100256,376.56393,732,1422.9297,2.0242858,4,110.9874,1.9214091681886851,1.5855926236217748,4336.322742697074,1.2521253,1.4232696,0.0,True,1.7206240077320798,1.5368957165352424
460,7499,265.40363,732,2018.9023,4.0504808,5,91.699669,1.354777511809627,1.1722148820429308,2368.141286735137,1.1047269,1.0433812,0.0,True,1.279762328266739,1.1335647774300517
461,3256,230.12711,732,2328.3828,3.0887733,5,94.089241,1.1748597653588726,1.0431178241413295,1861.4679976190482,1.0109721,0.93951494,0.0,True,1.1256934657512108,1.0120369588989306
462,4206,230.43639,732,2325.2578,3.0693712,5,156.13321,1.1764373459632846,1.0763109815019998,1922.9323958066357,1.0111049,0.93806082,0.0,True,1.1268376121742993,1.0348359330513999
463,4727,266.73358,732,2008.8359,2.9130039,5,178.81093,1.3615596327897033,1.1123276881899875,2256.9579298035737,1.1102302,0.97777551,0.0,True,1.2861608029527922,1.0719620347329912
464,3001,231.09869,732,2318.5938,2.8953426,4,88.135193,1.1798156961396484,1.0331644509861841,1850.4920397600883,1.0117393,0.93806779,0.0,True,1.129392777297754,1.0046354526903287
465,5032,276.05676,732,1940.9922,3.1133947,5,180.28299,1.4091013796166307,1.125622009001701,2353.0995890390645,1.1066228,0.94915169,0.0,True,1.3183578057316414,1.0726809133011908
466,3838,265.14609,732,2020.8633,2.2053211,4,140.78708,1.353464166167013,1.0840960982642716,2188.3110401059125,1.1058207,0.9685874,0.0,True,1.2791711263169092,1.04944348878499
467,1014,208.83241,732,2565.8086,4.0706377,6,88.64164,1.0662293870362272,0.8817309588418909,1445.8780523591417,0.99967933,0.85883778,0.0,True,1.046264369925359,0.8748630051893236
468,697,218.66254,732,2450.4609,4.0047026,5,154.08211,1.1163778348532905,0.8389500625834007,1432.1632674097302,1.0021995,0.77860087,0.0,True,1.0821243343973033,0.8208453048083805
469,442,208.39554,732,2571.1875,3.9292994,5,87.09449,1.0640005788946014,0.775925805367054,1270.3426514333273,0.99925101,0.67827356,0.0,True,1.044575708226221,0.7466301317569378
470,4133,263.92172,732,2030.2383,1.8921372,4,17.113548,1.3472204463444826,1.0931573913398451,2197.7401918175456,1.100703,0.95472974,0.0,True,1.2732652124411377,1.0516290959378916
471,839,202.5318,732,2645.6289,3.9662776,5,88.772423,1.0340848710347406,0.8542977647910286,1363.9689711593091,0.99565506,0.84766346,0.0,True,1.0225559277243184,0.8523074733537199
472,5244,275.50064,732,1944.9102,4.1673737,6,242.78572,1.4062656765598909,1.1307698880088894,2359.7239114391314,1.1046807,0.9319042,0.0,True,1.3157901835919237,1.0711101816062225
473,0,175.35435,732,3055.6641,2.0098076,2,47.067036,0.8954132632176152,0.0,121.54637330142185,0.91213197,0.0,0.0,True,0.9004288752523306,0.0
474,7412,264.00403,732,2029.6055,2.9847903,5,94.733658,1.3476400755975275,1.169870581683862,2352.573013134915,1.1016054,1.0362517,0.0,True,1.2738296729182692,1.1297849171787033
475,4868,230.57118,732,2323.8984,3.3107986,5,87.238426,1.177124929276512,1.0952431103895641,1957.7451229528647,1.0112004,0.94107312,0.0,True,1.1273475704935585,1.048992113272695
476,5741,263.74515,732,2031.5977,2.1604161,4,55.927498,1.3463198692663512,1.136190890235963,2282.9086536535046,1.1011846,1.011218,0.0,True,1.2727792884864457,1.098699023165174
477,631,220.647,732,2428.4219,3.9372387,5,208.39894,1.1265011188404583,0.8271803353332671,1423.276947234846,0.99619961,0.85272771,0.0,True,1.087410666188321,0.834844547733287
478,469,201.75728,732,2655.7852,3.9194264,5,86.253304,1.0301332815023398,0.7802467150455674,1241.7874278347367,0.99444669,0.64360887,0.0,True,1.019427304051638,0.7392553615318972
479,5979,261.11188,732,2052.0859,1.8910539,4,36.206192,1.3328911851273368,1.1400226414570152,2270.718484749851,1.0937741,1.0026634,0.0,True,1.2611560595891358,1.0988148690199107
480,18834,270.71164,732,1979.3164,4.0930233,6,93.018593,1.3818454183311422,1.296554854201501,2664.756853349545,1.0672233,1.0896856,0.0,True,1.2874587828317994,1.2344940779410507
481,2718,219.63481,732,2439.6133,3.9671931,5,208.6066,1.121337678494933,1.0137415839732884,1736.957111137108,0.9967171,0.93532205,0.0,True,1.083951504946453,0.9902157237813018
482,2302,258.60379,732,2071.9883,2.1095457,4,91.526222,1.3201004989296963,1.0136503081272217,2002.214506545224,1.0894839,0.91136485,0.0,True,1.2509155192507875,0.9829646706890551
483,0,204.85567,732,2615.6172,0.92515314,2,42.625748,1.0459409380425648,0.0,141.99513008221857,1.000268,0.0,0.0,True,1.0322390566297952,0.0
484,2718,266.60916,732,2009.7734,4.0364909,5,244.17935,1.3609251367993793,1.0395346345088805,2108.4484574931043,1.1102284,0.86121643,0.0,True,1.2857161157595656,0.9860391731562164
485,15707,296.3923,732,1807.8203,2.019707,4,205.73744,1.5127872030191905,1.287993074030032,2863.7391646623005,1.1231122,1.0688657,0.0,True,1.3958847021134333,1.2222548618210225
486,15951,296.39294,732,1807.8164,2.0641286,4,72.098289,1.512790462946602,1.2900482339999548,2868.313683189037,1.1231122,1.0672687,0.0,True,1.3958869840626216,1.2232143737999683
487,0,211.26559,732,2536.2578,1.9961658,2,46.3559,1.078642598716471,0.0,146.43814805783336,1.0026388,0.0,0.0,True,1.0558414591015297,0.0
488,17668,297.71942,732,1799.7617,3.0949719,5,79.92997,1.5195533291690861,1.3044509906588908,2911.5838556835392,1.1232729,1.0696985,0.0,True,1.4006692004183603,1.2340252434612236
489,16786,281.69238,732,1902.1602,3.9653573,6,339.17697,1.4378375252273166,1.2881284533256372,2740.4216776510075,1.1246527,1.0349499,0.0,True,1.3438820776591216,1.212174887327946
490,4549,271.22174,732,1975.5938,4.2279696,6,101.93602,1.3844465883764159,1.109713478201818,2284.5284533294202,1.0936091,0.89750123,0.0,True,1.2971953418634912,1.0460498037412727
491,2954,263.42654,732,2034.0547,4.123384,6,104.53975,1.3446952037213697,1.0488228053145705,2105.1975039559015,1.082399,0.84376448,0.0,True,1.2660063426049588,0.9873053077201994
492,5724,260.85962,732,2054.0703,4.0225863,6,329.13168,1.3316047557344477,1.1341662939208128,2257.158942555217,1.1061954,1.0351982,0.0,True,1.2639819490141133,1.1044758657445688
493,7517,269.82767,732,1985.8008,3.9786363,6,163.49316,1.3773377038606447,1.1750780819182955,2408.2627982100325,1.1090963,1.0051943,0.0,True,1.2968652827024512,1.1241129473428069
494,0,172.16872,732,3112.2031,2.9235597,3,72.798981,0.8791568506255588,0.0,119.33826284861466,0.95857579,0.0,0.0,True,0.9029825324378912,0.0
495,5894,210.66664,732,2543.4688,2.3094497,5,53.829811,1.0755869369148632,1.1070323098959054,1829.0139692143207,1.040879,0.98870003,0.0,True,1.0651745558404042,1.0715326259271336
496,2567,237.47198,732,2256.3672,3.9060159,5,51.0868,1.2123241028316176,1.0165797311443892,1864.4571066722383,1.0954323,0.89098155,0.0,True,1.1772565619821322,0.9789002768010724
497,0,163.1263,732,3284.7188,2.1722345,2,79.927795,0.8330110229096424,0.0,113.07053492017579,0.93458927,0.0,0.0,True,0.8634844970367497,0.0
498,4376,202.82979,732,2641.7422,2.3792734,4,61.76693,1.0356051318484656,1.0639300684921416,1700.5953977006077,1.0213705,0.95611453,0.0,True,1.0313347422939259,1.0315854069444992
499,12090,280.26501,732,1911.8477,2.1884408,4,85.830559,1.4305594899763197,1.2438437692614261,2634.574992984125,1.0964026,1.0270653,0.0,True,1.3303124229834238,1.1788102284829982
500,6999,269.6908,732,1986.8086,3.0525732,5,98.401665,1.3766397578954317,1.165601086627549,2387.7906367252203,1.108761,0.99628371,0.0,True,1.2962761305268022,1.1148058736392843
501,2743,203.41782,732,2634.1055,3.26721,4,38.484028,1.0386052415596994,1.0050441272629898,1610.567984889962,0.97833931,0.891994,0.0,True,1.0205254620917894,0.9711290890840928
502,1650,193.60263,732,2767.6484,2.0183721,4,19.582708,0.9885272764602007,0.9346901885240432,1434.545529931406,0.99882191,0.87908119,0.0,True,0.9916156665221405,0.9180074889668302
503,13417,278.15991,732,1926.3164,3.4590204,5,100.09797,1.4198255999919684,1.2563716580978783,2643.750528908382,1.11431,1.0572599,0.0,True,1.3281709199943779,1.1966381306685148
504,58242,368.51025,732,1454.0273,3.0314968,5,86.633469,1.8803720161046105,1.5063355168906605,4043.4405263973563,1.2507706,1.4256403,0.0,True,1.6914915912732273,1.4821269518234623
505,56850,368.08704,732,1455.6992,2.0319653,4,23.058573,1.8782153338661038,1.50277799818668,4029.892989729404,1.2507596,1.4256204,0.0,True,1.689978613706273,1.479630718730676
506,55364,366.12112,732,1463.5156,3.1410902,5,95.977364,1.8681977794056592,1.4980435358332007,3998.6727123706946,1.250728,1.4256183,0.0,True,1.6829568455839614,1.4763159650832405
507,0,245.14992,732,2185.6992,2.020484,2,118.72092,1.25148511715155,0.0,169.92497586249615,1.1029134,0.0,0.0,True,1.2069136020060849,0.0
508,14172,284.61478,732,1882.6289,4.1598468,6,162.84137,1.4527385150489587,1.2674453575273446,2720.679523741242,1.1168386,1.1349833,0.0,True,1.351968540534271,1.227706740269141
509,2378,237.35735,732,2257.457,3.9155884,6,207.58957,1.2117393646368806,1.006618036151863,1845.4191614079461,1.0958635,0.91400713,0.0,True,1.1769766052458164,0.9788347643063042
510,1422,236.18523,732,2268.6602,4.0955529,5,181.12857,1.205760769314736,0.9394762553372663,1714.9941184291592,1.0957118,0.92146534,0.0,True,1.1727460785203152,0.9340729807360865
511,14205,280.85779,732,1907.8125,4.1634412,6,100.34076,1.433582087039619,1.2655275318877306,2685.4189729397954,1.1123588,1.1333758,0.0,True,1.3372151009277333,1.2258820123214114
512,886,223.24474,732,2400.1641,3.9916182,5,223.15443,1.1397526878385837,0.8719646445737467,1515.602231631634,1.0930192,0.67305648,0.0,True,1.1257326414870086,0.8122921952016227
513,544,219.20941,732,2444.3477,4.0420523,5,230.08861,1.1191675613423033,0.8075073021602847,1381.5933871278448,0.99468213,0.63423681,0.0,True,1.0818219319396123,0.7555261545121992
514,0,168.98885,732,3170.7656,1.9855205,2,43.513657,0.8629294863775477,0.0,117.13414492356752,0.89828521,0.0,0.0,True,0.8735362034642834,0.0
515,7454,265.11688,732,2021.0859,1.8335743,4,38.832031,1.353315244599526,1.17125816711403,2363.98739702361,1.0993443,1.0061826,0.0,True,1.2771239612196683,1.121735496979821
516,0,199.25995,732,2689.0703,1.9907107,2,81.874359,1.0173918494824727,0.0,138.11647254101567,0.99569613,0.0,0.0,True,1.0108831336377309,0.0
517,829,219.18979,732,2444.5664,3.0042319,4,188.68237,1.1190675183000764,0.8614065537917918,1473.5318129821087,0.99366379,0.77508438,0.0,True,1.0814463998100536,0.8355099016542542
518,5919,264.82666,732,2023.3008,2.2185333,4,53.726555,1.351835238303541,1.140810245692821,2300.3533912028774,1.0986259,0.98086834,0.0,True,1.2758724368124787,1.0928276739849747
519,6552,264.61926,732,2024.8867,3.0359807,5,189.80051,1.3507775198309566,1.1540337925053346,2325.4292910436393,1.0975759,0.97528267,0.0,True,1.2748170338816696,1.1004084557537341
520,18516,298.3696,732,1795.8398,4.0546446,6,231.30759,1.522868160780706,1.3110846314991904,2931.9284301300504,1.1230116,1.0683509,0.0,True,1.4029111925464943,1.2382645120494333
521,2630,260.7099,732,2055.25,4.0430307,5,46.720318,1.3308411664135873,1.0321782961720054,2053.220632983461,1.0903436,0.92726892,0.0,True,1.258691896489511,1.0007054833204037
522,19404,298.82132,732,1793.125,4.4297695,6,253.36073,1.525171221839344,1.3175999380930339,2950.363767141983,1.1230167,1.0714226,0.0,True,1.4045248652875406,1.2437467366651238
523,5328,205.19858,732,2611.2461,2.7078342,4,34.406017,1.0476904527301705,1.0905086020001649,1760.830872149955,0.9815557,0.95355844,0.0,True,1.0278500269111193,1.0494235534001155
524,0,175.97546,732,3044.8789,4.250659,4,37.524815,0.8985828053764632,0.0,121.97689394673942,0.92420387,0.0,0.0,True,0.9062691247635242,0.0
525,601,193.12561,732,2774.4844,2.9650769,4,18.564844,0.9860934171300774,0.8071654137030372,1236.3741637874277,0.95807707,0.53537261,0.0,True,0.9776885129910542,0.725627572592126
526,0,185.75623,732,2884.5547,1.2773185,2,23.569075,0.948491635929973,0.0,128.75640709594472,0.98396063,0.0,0.0,True,0.9591323341509812,0.0
527,5675,273.89105,732,1956.3398,2.2697968,4,37.061684,1.3980581866356148,1.1403150745356303,2367.5630444535436,1.0862542,0.95138502,0.0,True,1.3045169906449303,1.0836360581749411
528,1228,203.94891,732,2627.2461,3.4413865,4,52.213947,1.0413148429142303,0.903378698335836,1451.0494738956415,0.97613651,0.76969856,0.0,True,1.0217613430399612,0.8632746568350852
529,4987,268.11255,732,1998.5039,2.0846097,4,57.31123,1.3685916781288716,1.1201233527043746,2282.9758879976807,1.1051271,0.98143512,0.0,True,1.2895523046902102,1.0785168828930622
530,5230,267.96277,732,1999.6211,1.440702,3,161.90926,1.3678278019772834,1.1262981843590762,2294.4443196654333,1.0766054,0.91863853,0.0,True,1.2804610813840984,1.0640002880513533
531,4795,253.11188,732,2116.9453,2.9294324,4,24.028275,1.2920923393370998,1.1065904732747343,2145.3120048426704,1.0616663,0.89996141,0.0,True,1.2229645275359697,1.044601754292314
532,4046,266.57858,732,2010.0039,3.0170078,4,145.78903,1.3607692259465065,1.0917986840552216,2214.1958769906037,1.1025685,0.98072737,0.0,True,1.2833090081625544,1.0584772898386552
533,18746,302.34308,732,1772.2383,2.5556903,5,31.131138,1.5431258527134446,1.3150490182108918,2974.705902467404,1.1228828,1.0735631,0.0,True,1.4170529368994111,1.2426032427476243
534,2109,219.61581,732,2439.8242,3.0338659,5,40.965214,1.121240828723195,0.9812243854284716,1681.1408079460177,0.99459702,0.91181135,0.0,True,1.0832476861062363,0.9604004747999302
535,19308,270.70364,732,1979.375,3.0981984,5,91.15316,1.3818045496709872,1.2998235546179113,2671.4059471241735,1.0672232,1.0914476,0.0,True,1.287430144769691,1.237310768232538
536,139,214.45056,732,2498.5898,3.9856286,4,208.49629,1.0948908891831648,0.63154548567204,1061.2643297971367,0.98893088,0.46690294,0.0,True,1.0631028864282153,0.582152721970428
537,1360,256.8475,732,2086.1562,3.0562162,4,96.192825,1.3111437686531078,0.9439414405047458,1853.5937898876075,1.0868201,0.82932264,0.0,True,1.2438466680571754,0.9095558003533221
538,19557,270.49811,732,1980.8789,3.0491798,5,98.062622,1.3807565301160614,1.3013812630545594,2672.8434406932533,1.0686843,1.0934223,0.0,True,1.287134861081243,1.2389935741381914
539,21501,298.08755,732,1797.5391,3.0166769,5,210.64088,1.5214301204149177,1.330858098774434,2973.7058205256585,1.1230096,1.0693476,0.0,True,1.4019039642904423,1.2524049491421039
540,20593,270.40692,732,1981.5469,4.0157933,6,101.98124,1.3802915321056197,1.308121189077138,2685.8988302986563,1.0691283,1.094743,0.0,True,1.2869425624739337,1.2441077323539966
541,21661,270.37228,732,1981.8008,4.0020304,6,100.97857,1.3801148732293849,1.3147576485125074,2699.224079720917,1.069113,1.0959067,0.0,True,1.2868143112605694,1.2491023639587553
542,19395,270.14865,732,1983.4414,4.0660381,6,100.81772,1.3789744636151702,1.3000647923795707,2667.1435000325396,1.0692528,1.094884,0.0,True,1.286057964530619,1.2385105546656994
543,18774,265.32251,732,2019.5195,3.0584054,5,327.3699,1.3543638780651646,1.2927158594762347,2610.862311801879,1.1248581,1.1321336,0.0,True,1.2855121446456153,1.2445411816333642
544,1221,222.98128,732,2403.0,3.9625058,5,233.29376,1.1384087274862171,0.9129847106252391,1585.1877746150594,1.1083488,0.89032805,0.0,True,1.1293907492403519,0.9061877124376674
545,231,221.7438,732,2416.4102,4.0628419,5,177.91414,1.132096196751218,0.6990812833713577,1208.733980639782,1.0938104,0.85707992,0.0,True,1.1206104577258524,0.7464808743599504
546,14391,279.25168,732,1918.7852,4.0539389,6,56.849327,1.4253925892412918,1.2662895562379841,2673.6944439667413,1.1122299,1.1326604,0.0,True,1.3314437824689043,1.2262008093665888
547,748,222.12624,732,2412.25,4.0073142,6,171.31729,1.1340470082238179,0.8496937714827804,1470.4919698913313,1.1079247,0.94801199,0.0,True,1.1262103157566725,0.8791892370379463
548,14408,279.20566,732,1919.1016,4.0517478,6,153.03368,1.4251578311133324,1.2664181145387754,2673.583409102724,1.1106459,1.1338546,0.0,True,1.3308042517793326,1.2266490601771427
549,10935,302.06345,732,1773.8789,3.9454677,5,153.31459,1.5417002756237221,1.2428565444527897,2809.161937318671,1.1250548,1.0446569,0.0,True,1.4167066329366056,1.183396651116953
550,13818,282.53717,732,1896.4727,4.0733161,6,104.41939,1.4421450409080692,1.262866733181765,2693.6732415192264,1.1138638,1.1331902,0.0,True,1.3436606686356485,1.2239637732272355
551,21782,296.40253,732,1807.7578,2.1769643,4,84.518593,1.5128394471372646,1.3315849072487163,2960.7444305779227,1.2347369,1.3908037,0.0,True,1.429408682996085,1.3493505450741012
552,0,201.48553,732,2659.3672,2.0119395,2,51.344913,1.02874679961651,0.0,139.6591270431263,1.0032035,0.0,0.0,True,1.021083809731557,0.0
553,18423,282.19073,732,1898.8008,3.0712366,5,100.81631,1.4403787022839807,1.3007530549581345,2771.5260159849795,1.1268545,1.0291036,0.0,True,1.3463214415987865,1.2192582184706942
554,0,193.90504,732,2763.332,0.9963094,2,28.889519,0.9900702662842481,0.0,134.40473177236342,0.97906363,0.0,0.0,True,0.9867682753989737,0.0
555,0,192.31737,732,2786.1445,1.0266281,2,33.289185,0.9819695462714908,0.0,133.30424278820382,0.9758637,0.0,0.0,True,0.9801377923900436,0.0
556,19959,280.01385,732,1913.5625,4.0078006,6,484.25879,1.4292788617465377,1.310016884820013,2772.5671179357832,1.1245595,1.0331997,0.0,True,1.3378630532225766,1.226971729374009
557,4723,260.86407,732,2054.0352,3.009851,5,328.44809,1.3316274884809134,1.1089773085320425,2207.072508758536,1.1061914,1.0147729,0.0,True,1.2639966619366394,1.0807159859724296
558,4291,260.86063,732,2054.0625,2.9980617,5,154.74272,1.3316098073888087,1.0964045781107572,2182.031624843932,1.1061914,1.0054675,0.0,True,1.263984285172166,1.0691234546775301
559,66,196.67551,732,2724.4062,3.9960766,4,99.929909,1.0042058258246158,0.5314923660206089,829.8738298644405,1.0063207,0.23079088,0.0,True,1.0048402880772311,0.44128192021442625
560,17633,265.32303,732,2019.5156,2.007421,4,139.11743,1.3543664909656659,1.2844796473953901,2594.2332946289985,1.1248581,1.1321332,0.0,True,1.285513973675966,1.238775713176773
561,11953,265.11893,732,2021.0703,2.0206532,4,15.531798,1.3533256800835602,1.2332834338165517,2489.176415628858,1.1248096,1.1311433,0.0,True,1.284770856058492,1.2026413936715863
562,0,192.21739,732,2787.5938,0.84115255,2,41.639374,0.9814593757716096,0.0,133.23494193309142,0.99750662,0.0,0.0,True,0.9862735490401267,0.0
563,7990,195.89525,732,2735.2578,3.6810124,4,99.191025,1.0002247466805474,1.1353106240529145,1760.3531747198099,1.0038457,0.70257378,0.0,True,1.0013110326763832,1.0054895708370402
564,5933,244.81346,732,2188.7031,4.4585295,6,102.00557,1.2497690762405695,1.1294804198776098,2127.091689620567,1.0314716,0.86703378,0.0,True,1.1842798333683988,1.0507464279143268
565,14058,300.97122,732,1780.3164,3.062079,5,269.76865,1.5361318504415673,1.2758114522030644,2874.6029584285825,1.122223,1.0472512,0.0,True,1.411959195309097,1.207243376542145
566,19572,280.02243,732,1913.5039,4.0216379,6,319.36496,1.429322586920524,1.3074317454348847,2767.1697338212584,1.1245596,1.0313125,0.0,True,1.3378936908443668,1.2245959718044193
567,5046,244.68726,732,2189.832,4.0111303,6,101.50977,1.2491253844292594,1.1083589834379561,2086.386459050961,1.0315332,0.87591326,0.0,True,1.1838477291004816,1.0386252664065694
568,3159,244.41258,732,2192.293,4.0143986,5,100.59477,1.2477244331565347,1.0473424945220757,1969.6339010033967,1.0311415,0.76761585,0.0,True,1.1827495532095744,0.963424501165453
569,2615,260.79367,732,2054.5898,4.0104256,5,334.21219,1.3312683888660501,1.0314722756147185,2052.389826047759,1.10619,0.98038471,0.0,True,1.2637448722062352,1.016146005930303
570,8420,264.9566,732,2022.3086,3.0857685,5,345.37921,1.3524978304218795,1.1871689418773907,2394.837415958078,1.1247627,1.1308422,0.0,True,1.2841772912953155,1.1702709193141736
571,0,155.52896,732,3445.1719,1.325469,2,336.70129,0.7942374413078594,0.0,107.80446011942051,1.0870371,0.95579612,11.398933922633837,True,0.8820773389155017,0.28673883600000005
572,0,121.842,732,4397.6953,1.9805462,2,177.5386,0.6222869546453256,0.0,84.45443877378486,,,,False,0.6222869546453256,0.0
573,12539,266.94641,732,2007.2344,4.1354709,6,102.13131,1.3626448908123174,1.2406876954760035,2519.1088185140147,1.0701603,1.088185,0.0,True,1.2748995135686223,1.1949368868332024
574,2172,240.61996,732,2226.8477,4.0531387,5,236.26399,1.2283804719381914,0.9966503723620312,1849.0017497924769,1.0922639,0.92175573,0.0,True,1.1875455003567341,0.9741819796534219
575,8564,262.35638,732,2042.3516,4.0905752,6,104.6312,1.3392378246502963,1.1878595531861174,2375.782932545583,1.0697817,1.1027632,0.0,True,1.2584009872552073,1.1623306472302821
576,865,184.05215,732,2911.2617,1.6065388,3,56.765457,0.9397964452024178,0.8478838753106017,1245.1199685102588,0.95856065,0.66617697,0.0,True,0.9454257066416925,0.7933718037174212
577,1226,204.59259,732,2618.9805,2.7397122,4,179.12578,1.0445987635559868,0.9035330096930424,1455.2961670584446,1.0182277,0.74124491,0.0,True,1.0366874444891907,0.8548465797851297
578,0,260.93753,732,2053.457,2.0167933,3,89.878204,1.3320020752583743,0.0,180.86811322177613,1.0689386,1.0995929,6.752846922304463,True,1.253083032680862,0.32987787
579,10060,303.38962,732,1766.125,1.2247152,3,158.44606,1.5484612171675376,1.232431883327767,2796.196874010575,1.1496402,1.0627595,0.0,True,1.4288149120172764,1.181530168329437
580,9492,296.98975,732,1804.1836,2.209897,4,133.85127,1.5158331576060995,1.2211853547851246,2719.9554700792296,1.1498671,1.0631213,0.0,True,1.4060433403242696,1.1737661383495872
581,11313,290.67923,732,1843.3516,1.3303699,3,83.978996,1.4836592601671965,1.2410367371875237,2713.1663762479916,1.0855758,0.94244802,0.0,True,1.3642342221170374,1.1514601220312666
582,10953,274.57474,732,1951.4688,2.4421902,4,93.707031,1.4015442630076058,1.2274498502672222,2553.971016622693,1.0694019,0.93016309,0.0,True,1.301901554105324,1.1382638221870556
583,11879,297.80731,732,1799.2305,4.3886013,6,203.02203,1.5200014598933076,1.25155215480668,2794.2353861617157,1.1232197,1.0715643,0.0,True,1.4009669319253153,1.1975557983646758
584,7075,275.76205,732,1943.0664,2.2521904,4,68.902679,1.4075987275315396,1.1704479471008926,2444.5217487415825,1.0688078,0.90560079,0.0,True,1.3059614492720777,1.0909937999706247
585,6400,263.74109,732,2031.6289,2.2453206,4,50.348717,1.3462992139836096,1.1504503078619064,2311.5233682911667,1.0678295,0.90333962,0.0,True,1.2627582997885267,1.0763171015033344
586,14722,286.28751,732,1871.6289,4.0683713,6,168.10623,1.461267484507926,1.2734812605472747,2747.568251801198,1.1246727,1.0322443,0.0,True,1.3602890491555482,1.2011101723830921
587,5881,274.20587,732,1954.0938,4.2206607,6,108.77166,1.3996634464075046,1.1451913017588016,2380.058174451648,1.0739535,0.94687206,0.0,True,1.3019504624852531,1.085695529231161
588,2797,255.38516,732,2098.1016,4.2301264,5,94.884277,1.3036859690999485,1.037442479797387,2026.9964814827026,1.0463659,0.63874191,0.0,True,1.2264899483699638,0.9178323088581709
589,5672,261.16656,732,2051.6562,4.2358079,6,380.05847,1.3331700747205655,1.1331446874868263,2257.432235891192,1.1070518,1.0469475,0.0,True,1.2653345923043957,1.1072855312407783
590,18800,265.14661,732,2020.8594,3.104768,5,397.74805,1.3534667755971337,1.29278518173313,2609.498303779819,1.1249095,1.1386076,0.0,True,1.2848995929179936,1.246531907213191
591,11362,239.40128,732,2238.1836,2.2639959,4,342.06665,1.2221645536572772,1.2104224201924139,2235.5784077713456,1.0965999,1.0925416,0.0,True,1.184495157560094,1.1750581741346897
592,11629,294.80426,732,1817.5586,2.2691236,4,140.12775,1.50469074730781,1.2470320533713408,2759.789215613253,1.0927184,0.95653439,0.0,True,1.381099043115467,1.1598827543599386
593,82,234.68404,732,2283.1719,3.7984865,4,16.434532,1.1981037354801853,0.5713057121863844,1039.841986852416,1.0384004,0.37089294,0.0,True,1.1501927348361298,0.5111818805304691
594,15379,296.48773,732,1807.2383,3.0150421,5,299.5014,1.5132738399382504,1.2852351012437078,2858.405075525006,1.1231637,1.0698745,0.0,True,1.396240797956775,1.2206269208705955
595,1355,224.60051,732,2385.6758,4.0410795,5,104.63596,1.1466686514158884,0.9272095687421154,1620.0505894450582,1.0086914,0.79542792,0.0,True,1.1052754759911219,0.8876750741194808
596,16263,282.16287,732,1898.9883,3.9597404,6,325.33121,1.440236633547062,1.2842209368045139,2736.068689638434,1.1246976,1.0409615,0.0,True,1.3455749234829435,1.2112431057631596
597,1755,224.00705,732,2391.9961,4.0533733,6,100.60706,1.1436413741878495,0.9601159686580063,1673.6380048636813,1.011127,0.82337213,0.0,True,1.1038870619314947,0.9190928170606044
598,1122,223.97523,732,2392.3359,4.0578671,6,100.19669,1.1434790705866926,0.902648418071073,1573.3473822651301,1.0130781,0.86314124,0.0,True,1.1043587794106848,0.890796264649751
599,251,221.17497,732,2422.625,4.0226197,5,100.68672,1.129194407219406,0.7094610478827383,1223.8472541676247,1.0071949,0.52168173,0.0,True,1.0925945550535843,0.6531272525179168
600,8866,238.79904,732,2243.8281,2.0421271,4,43.454647,1.219092854704397,1.1778888368661597,2170.7321248954167,1.0946616,1.0819905,0.0,True,1.181763478293078,1.1491193358063119
601,8318,238.13904,732,2250.0469,1.9904599,4,185.42015,1.2157264529456968,1.1692036294780503,2149.542406141932,1.0922655,1.0770181,0.0,True,1.1786881670619878,1.1415479706346352
602,0,231.47112,732,2314.8633,1.9992561,3,66.3647,1.1817153776851455,0.0,160.44355420905276,,,,False,1.1817153776851455,0.0
603,17727,313.16351,732,1711.0039,4.0086269,6,95.707062,1.5982876569074667,1.3137428055974074,3063.6651510145925,1.2410741,1.4191675,0.0,True,1.4911235898352269,1.3453702139181851
604,14927,240.69638,732,2226.1406,2.8108311,5,104.57134,1.2287702982497388,1.246663756769441,2313.3475687687082,1.0995615,1.0993677,0.0,True,1.1900076587748172,1.2024749397386088
605,0,309.60812,732,1730.6523,2.0392537,3,49.367027,1.5801629614922466,0.0,214.60399545646519,,,,False,1.5801629614922466,0.0
606,0,164.99167,732,3247.582,1.4438325,2,27.418766,0.8425308207653638,0.0,114.3635108763769,,,,False,0.8425308207653638,0.0
607,2190,191.60335,732,2796.5273,3.7450473,4,107.76397,0.9783263467197022,0.969121057813611,1473.9221146781317,1.0109504,0.36747345,0.0,True,0.9881135627037916,0.7886267754695278
608,3520,192.08792,732,2789.4727,2.2907228,4,125.58835,0.9807987696259227,1.0292157319469526,1568.740607173475,1.0138611,0.88926864,0.0,True,0.9907174687381459,0.9872316043628668
609,2840,186.54617,732,2872.3398,0.59707284,2,102.89671,0.9525223808278869,0.9984913526958875,1483.4642630614997,1.0276163,0.90499222,0.0,True,0.9750505565795208,0.9704416128871213
610,2291,180.83,732,2963.1367,1.1850975,3,86.686646,0.923354727491772,0.967750465369115,1399.193152429195,1.0726684,0.9248001,0.0,True,0.9681488292442404,0.9548653557583805
611,2500,262.25357,732,2043.1523,3.0974061,4,224.76431,1.3387134980628839,1.0263296191987676,2052.09371717091,1.0956571,0.84632766,0.0,True,1.2657965786440186,0.9723290314391373
612,1189,218.84499,732,2448.418,4.0298223,5,225.24753,1.1173085529098923,0.9073969432071418,1549.9802708350749,1.0028948,0.86177444,0.0,True,1.0829844270369247,0.8937101922449993
613,19348,298.09662,732,1797.4844,2.9220972,5,93.402397,1.5214763682332297,1.3167882691801522,2942.3470967970875,1.123183,1.0715059,0.0,True,1.4019883577632608,1.2432035584261065
614,21229,298.09662,732,1797.4844,2.0164895,4,88.943222,1.5214763682332297,1.3291651203212487,2970.001507799675,1.1230929,1.0731452,0.0,True,1.4019613277632608,1.252359144224874
615,21436,298.12708,732,1797.3008,1.9656429,4,84.810028,1.5216316191291375,1.33047769402821,2973.1976162361234,1.1230509,1.0703957,0.0,True,1.402057403390396,1.2524530958197468
616,16196,279.92929,732,1914.1406,4.1208844,6,494.72189,1.42884764802977,1.2823266258672548,2713.2546891159545,1.1245595,1.0308776,0.0,True,1.3375612036208389,1.2068919181070783
617,5820,260.87302,732,2053.9648,3.9955869,6,494.42828,1.3316730858448316,1.136353699441787,2261.612331142949,1.1061956,1.029179,0.0,True,1.264029840091382,1.104201289609251
618,8030,199.0558,732,2691.8281,4.0028362,5,101.9971,1.0163502970380152,1.1382405666499933,1789.7482878817505,1.009596,0.96529758,0.0,True,1.0143240079266107,1.0863576706549953
619,19774,265.24249,732,2020.1289,2.9309976,5,340.46436,1.353955719442194,1.2994815136902842,2623.8382209533343,1.1248842,1.134033,0.0,True,1.2852342636095357,1.249846959583199
620,6221,198.85179,732,2694.5898,4.0286307,6,101.6314,1.0153094065713488,1.105787421827966,1737.1707058748073,1.009534,0.96519983,0.0,True,1.0135767845999442,1.0636111442795761
621,2063,263.44171,732,2033.9375,3.9935865,5,97.925064,1.3447726119315315,1.0017322538437758,2010.820409775508,1.0824102,0.79247785,0.0,True,1.266063888352072,0.9389559326906431
622,19207,265.21069,732,2020.3711,2.9629467,5,317.99844,1.3537935691448282,1.2956395254166462,2615.808626263748,1.1249098,1.1405472,0.0,True,1.2851284384013797,1.2491118277916524
623,19604,265.14252,732,2020.8906,2.0219855,4,155.34866,1.3534459004378945,1.2982831289890462,2620.5602033957784,1.1248682,1.1391882,0.0,True,1.2848725903065261,1.2505546502923321
624,6488,238.13904,732,2250.0469,2.9953732,5,280.29407,1.2157264529456968,1.1370232703521936,2090.3887343044166,1.0922655,1.0362389,0.0,True,1.1786881670619878,1.1067879592465355
625,5375,192.46687,732,2783.9805,3.9793196,6,278.50284,0.9827322874673216,1.0828198078204716,1653.2684483667642,1.0133998,0.86632431,0.0,True,0.9919325412271252,1.01787115847433
626,4056,197.63158,732,2711.2266,4.0400324,6,102.62348,1.0090837932977483,1.0508377684076105,1642.01121553776,1.0091914,0.96757823,0.0,True,1.0091160753084238,1.0258599068853274
627,0,155.41231,732,3447.7578,2.0146644,3,204.93726,0.7936420897734769,0.0,107.72360450080818,,,,False,0.7936420897734769,0.0
628,0,197.21815,732,2716.9102,2.0080621,3,22.647278,1.0069744082038283,0.0,136.70120462774838,,,,False,1.0069744082038283,0.0
629,1012,182.61433,732,2934.1836,4.0756006,5,102.20282,0.9324597377372289,0.8666866103594589,1263.993971787775,0.98599726,0.84695292,0.0,True,0.9485209944160602,0.8607665032516212
630,1329,181.20647,732,2956.9805,3.9981563,5,102.02677,0.9252757798182016,0.8999111788055265,1303.5424134404393,0.97800881,0.97605968,0.0,True,0.9410956888727411,0.9227557291638686
631,4654,192.46741,732,2783.9727,3.9312387,6,227.13734,0.9827350388624959,1.0646671664650753,1625.5628056899352,1.0133998,0.87800312,0.0,True,0.9919344672037471,1.0086679525255526
632,0,179.74146,732,2981.082,2.0677471,3,85.818878,0.9178001106253038,0.0,124.58728622872817,0.97891474,0.75250709,7.21121037132074,True,0.9361344994377127,0.22575212700000005
633,0,181.20863,732,2956.9453,2.0021262,3,84.866127,0.9252867870198048,0.0,125.60425097763031,0.97801334,0.95680314,8.298021435484555,True,0.9411047529138634,0.287040942
634,5116,238.01631,732,2251.207,3.9318447,6,353.68793,1.215100516554561,1.106180221250724,2032.7828218444595,1.0922515,1.0244416,0.0,True,1.1782458115881926,1.0816586348755068
635,5113,192.33275,732,2785.9219,4.042161,6,378.83252,0.9820479510578659,1.076427002021593,1642.5087368487923,1.0132562,0.84268892,0.0,True,0.9914104257405061,1.006305577415115
636,0,156.05678,732,3433.5195,1.9919379,3,341.9523,0.7969312907711199,0.0,108.17031706426366,,,,False,0.7969312907711199,0.0
637,568,183.13487,732,2925.8438,2.4266071,4,52.667324,0.9351157973674525,0.7947371500035997,1162.107290007618,0.96293426,0.80106539,0.0,True,0.9434613361572168,0.7966356220025198
638,256,152.24756,732,3519.4258,3.7814233,4,201.8092,0.7774898990074851,0.6794588602775562,845.424547582929,0.90458167,0.57377464,0.0,True,0.8156174303052396,0.6477535941942894
639,5406,167.00182,732,3208.4922,1.5836638,3,27.565153,0.8527891734495889,1.0645190791008705,1435.486625214712,1.0497985,0.91396821,0.0,True,0.9118919714147122,1.0193538183706092
640,4134,148.65225,732,3604.5469,1.6250079,3,41.300488,0.7591397160548092,1.0166601057980549,1237.899295306322,0.98523414,0.8571434,0.0,True,0.8269680432383665,0.9688050940586383
641,2736,145.07906,732,3693.3242,2.0715511,4,48.280933,0.7409019727157775,0.9634238596652259,1148.2982944044595,0.98075575,0.63151425,0.0,True,0.8128581059010442,0.8638509767656581
642,0,144.63101,732,3704.7656,1.0360394,2,54.167107,0.7386150852388271,0.0,100.25057680303725,,,,False,0.7386150852388271,0.0
643,0,254.8632,732,2102.3984,2.0269918,3,3.6567435,1.3010240787126393,0.0,176.65770850848546,,,,False,1.3010240787126393,0.0
644,0,199.08556,732,2691.4258,1.9852235,2,152.27298,1.0165021028625896,0.0,137.9955946041978,,,,False,1.0165021028625896,0.0
645,0,200.0358,732,2678.6406,2.0053844,2,246.17978,1.0213502659044829,0.0,138.6542507810531,1.094749,1.0165167,4.168897409042453,True,1.043369886133138,0.30495501
646,0,178.45093,732,3002.6406,0.60352129,2,123.88897,0.9112148020646303,0.0,123.69275899780015,1.033456,0.47381192,3.1177546735995834,True,0.9478871614452412,0.14214357600000002
647,27,168.6819,732,3176.5352,2.9843454,4,67.238976,0.8613631177041401,0.4131946825612507,568.0018584641955,1.0043936,0.57832253,0.0,True,0.904272262392898,0.4627330367928755
648,0,152.91354,732,3504.0977,0.96758586,2,76.100235,0.7808889608536443,0.0,105.99158912044042,0.95926303,0.82026178,12.409623782632966,True,0.8344011815975511,0.24607853400000004
649,5,147.94313,732,3621.8242,3.8749094,4,153.66534,0.7555203670212126,0.2186256015933781,287.8840381500096,0.94215608,0.0,0.0,True,0.8115110809148489,0.15303792111536466
650,15143,283.1969,732,1892.0547,1.9091625,4,29.6724,1.4455089336144054,1.2753883515301974,2725.8907260645083,1.2401626,1.3943187,0.0,True,1.3839050335300838,1.3110674560711382
651,7781,250.21971,732,2141.4141,1.9913146,4,42.705139,1.277342063581812,1.1680368379032011,2241.8928218000055,1.0589494,0.97672814,0.0,True,1.2118242645072683,1.1106442285322409
652,1308,202.13844,732,2650.7773,3.9224038,4,152.01881,1.032077962068038,0.9103571912433019,1450.9057402691278,1.0939771,0.87253964,0.0,True,1.0506477034476265,0.8990119258703113
653,17893,284.06427,732,1886.2773,2.167722,4,74.6819,1.4499316332428254,1.2980230766714902,2781.6359106074087,1.2403635,1.3943486,0.0,True,1.387061193269978,1.3269207336700433
654,0,171.38828,732,3126.375,2.0156677,3,39.622696,0.8751741685713357,0.0,118.79730306301846,0.99336874,0.0,0.0,True,0.910632539999935,0.0
655,1108,217.07561,732,2468.375,4.0149894,5,124.77599,1.1082823415895775,0.8974319494234256,1522.159204901887,1.0949798,0.59352744,0.0,True,1.1042915791127041,0.8062605965963979
656,7842,250.16768,732,2141.8594,2.0093219,4,85.6064,1.2770767474790337,1.1690231087430802,2243.379717931188,1.0589468,0.9850595,0.0,True,1.2116377632353235,1.1138340261201563
657,2023,217.38454,732,2464.8672,4.0119886,5,46.590244,1.109858280820448,0.9746158285812316,1655.019148547951,1.0964683,0.90643054,0.0,True,1.1058412865743135,0.9541602420068621
658,387,170.60744,732,3140.6836,2.9464722,4,84.523613,0.8711895112840352,0.7402078640501953,1017.4310050516234,0.98871517,0.67627531,0.0,True,0.9064472088988247,0.7210280978351367
659,1258,208.83177,732,2565.8164,2.9617043,4,44.985703,1.0662261482574658,0.909169624370596,1490.8222313932138,1.099996,0.88112777,0.0,True,1.076357103780226,0.9007570680594172
660,21639,284.18491,732,1885.4766,2.921711,5,81.242874,1.4505467191510362,1.3232935184524497,2836.8317991056074,1.2403654,1.3943784,0.0,True,1.3874923234057253,1.3446189829167148
661,6443,238.5731,732,2245.9531,4.0018067,6,99.817429,1.2179404408412045,1.1363895604035135,2092.538954296343,0.99922776,0.93691033,0.0,True,1.1523266365888432,1.0765457912824594
662,4833,238.54448,732,2246.2227,4.0073128,6,101.5631,1.2177943891431897,1.0991261845820883,2023.7246354285662,0.99907416,0.88836581,0.0,True,1.152178320400233,1.0358980722074618
663,2349,238.52829,732,2246.375,4.0047741,5,101.89182,1.2177118984174582,1.005669942574415,1851.5987614190196,0.99907255,0.80660182,0.0,True,1.1521200938922207,0.9459495058020906
664,11283,280.57285,732,1909.75,4.0157905,6,212.29376,1.4321291955560886,1.234882738351337,2618.089707917946,1.1044668,1.04246,0.0,True,1.3338304768892622,1.1771559168459358
665,4381,224.4021,732,2387.7852,4.0126476,6,212.62579,1.1456565174160225,1.0778832782838623,1881.7212739002516,1.0010405,0.93879771,0.0,True,1.1022717121912158,1.0361576077987036
666,7004,237.45473,732,2256.5312,3.997637,6,101.52958,1.2122360716577005,1.1465077846681777,2102.548179172226,1.0964476,0.97320509,0.0,True,1.1774995301603903,1.0945169762677245
667,8878,250.16678,732,2141.8672,3.006124,5,83.438248,1.2770721011097852,1.1851964857259245,2274.4054988456596,1.0589468,1.0015124,0.0,True,1.2116345107768496,1.1300912600081472
668,7993,237.3286,732,2257.7305,4.025034,6,101.42593,1.2115927052382363,1.1635285228324368,2132.770462624592,1.0973365,1.0228083,0.0,True,1.1773158436667654,1.1213124559827057
669,11850,281.26956,732,1905.0195,4.0268373,6,163.34023,1.4356816957584084,1.241777828952907,2638.379327047369,1.1063275,1.0482614,0.0,True,1.336875437030886,1.1837229002670349
670,9617,250.21332,732,2141.4688,3.0331886,5,96.641434,1.2773094666012177,1.1956476991453238,2294.8303604770185,1.0591822,1.0096275,0.0,True,1.2118712866208523,1.1398416394017266
671,0,186.51244,732,2872.8594,1.9979502,2,92.374077,0.9523502226245751,0.0,129.28057192535596,0.9508239,0.0,0.0,True,0.9518923258372025,0.0
672,1234,173.09619,732,3095.5273,2.7892075,4,107.89148,0.8838898658308362,0.8855712989226505,1232.381803129072,1.0163167,0.92313033,0.0,True,0.9236179160815854,0.8968390082458554
673,12298,205.51585,732,2607.2148,2.7243071,5,46.601299,1.0493091598301345,1.1970317070977698,1935.415623319065,1.0985571,1.1502388,0.0,True,1.064083541881094,1.182993834968439
674,34019,284.05661,732,1886.3281,3.0867167,5,85.876236,1.449892627030415,1.3831834984608646,2964.054956087486,1.2403482,1.3935215,0.0,True,1.3870292989212907,1.3862848989226053
675,7149,237.35446,732,2257.4844,2.9216323,5,150.00821,1.2117246702851112,1.149097937449516,2106.5226093469746,1.0977867,1.0315726,0.0,True,1.1775432791995777,1.1138403362146612
676,5771,237.19727,732,2258.9805,3.0778546,4,42.577583,1.21092286713855,1.1212815076010565,2054.35302079472,1.09823,1.0388966,0.0,True,1.177115006996985,1.0965660353207396
677,39213,285.03882,732,1879.8281,1.8550444,4,14.00999,1.454900683863926,1.4026585368215283,3014.8027545523196,1.2404265,1.3939539,0.0,True,1.3905584287047483,1.4000471457750698
678,112,183.56865,732,2918.9297,3.992851,4,97.609276,0.9373292995050009,0.5924045232170412,869.4175553038722,0.99239177,0.36419255,0.0,True,0.9538480406535006,0.5239409312519289
679,40844,285.82043,732,1874.6875,2.1676562,4,83.930176,1.4588859304515815,1.4085734540940917,3034.716758416117,1.2405978,1.3939296,0.0,True,1.393399491316107,1.4041802978658642
680,859,218.27701,732,2454.7891,3.0958743,4,164.33727,1.114411078103673,0.8654947170602724,1475.1366617239166,1.0981059,0.89152455,0.0,True,1.1095195246725709,0.8733036669421906
681,1327,160.66667,732,3335.0039,3.2709229,4,95.525856,0.8204584326690035,0.8863941365670909,1155.5439414072018,0.98288161,0.88544303,0.0,True,0.8691853858683024,0.8861088045969636
682,0,162.53714,732,3296.625,1.9861398,2,56.817101,0.8300043168303012,0.0,112.6621603272771,,,,False,0.8300043168303012,0.0
683,9243,203.15872,732,2637.4648,2.2917964,4,194.40448,1.0372833877551055,1.159038686761752,1855.212548545896,1.0957139,1.1424955,0.0,True,1.0548125414285738,1.1540757307332266
684,5312,202.92851,732,2640.457,1.9742265,4,44.093533,1.0361088144875592,1.0885892186077228,1740.7410772648805,1.095515,1.1370027,0.0,True,1.0539306701412916,1.1031132630254061
685,2664,202.48218,732,2646.2773,1.9885585,4,52.734245,1.0338316873404279,1.0007507155723256,1597.247166278774,1.0951843,1.1331004,0.0,True,1.0522374711382994,1.040455620900628
686,0,161.83052,732,3311.0195,1.9916216,2,47.419376,0.8263980908063935,0.0,112.17236866654984,0.98663384,0.0,0.0,True,0.8744688155644755,0.0
687,0,201.81517,732,2655.0234,1.107603,2,35.366711,1.030428632884585,0.0,139.88761607972606,,,,False,1.030428632884585,0.0
688,0,203.44287,732,2633.7812,1.987287,2,400.01938,1.0387330289799293,0.0,141.01585174552346,,,,False,1.0387330289799293,0.0
689,1868,219.03824,732,2446.2578,2.9065938,4,41.038601,1.1182944008610338,0.9653514302016575,1650.1670109043152,1.0981256,0.95204651,0.0,True,1.1122437606027236,0.9613599541411603
690,44190,286.47107,732,1870.4297,1.8495253,4,22.409935,1.4622033551403038,1.4194465381371808,3064.180235672188,1.2407722,1.3940905,0.0,True,1.3957740085982127,1.4118397266960265
691,4033,209.52173,732,2557.3672,2.9588628,4,88.095284,1.0697460644194987,1.057927268225726,1739.6089701666467,1.1060457,1.117687,0.0,True,1.080635955093649,1.075855187758008
692,3302,208.81557,732,2566.0156,2.0712943,4,75.055847,1.0661434414979225,1.0320085919353832,1692.0094132968397,1.1054893,1.1157997,0.0,True,1.0779471990485456,1.057145924354768
693,45574,286.80231,732,1868.2695,3.078372,5,267.73471,1.4638922302932023,1.4237568959891165,3076.5675396901643,1.2409028,1.393124,0.0,True,1.3969954012052417,1.4145670271923816
694,345,245.08159,732,2186.3086,3.0164049,4,208.84189,1.251136603678454,0.7601325601732795,1433.5618174957765,1.1024878,0.60967004,0.0,True,1.2065419625749176,0.7149938041212955
695,650,242.01627,732,2214.0,3.9933839,4,266.94165,1.2355022516265128,0.840937844021319,1568.2762143112725,1.1031146,0.61774582,0.0,True,1.1957859561385589,0.7739802368149232
696,43288,364.64856,732,1469.4258,3.9474709,6,160.07002,1.860693885892413,1.4634875775840035,3892.8702233552026,1.2507284,1.4272745,0.0,True,1.6777042401246889,1.4526236543088022
697,1945,245.08334,732,2186.293,2.9956205,4,58.748207,1.2511455228364539,0.9846837131481079,1856.2722472269365,1.1024879,0.92051423,0.0,True,1.2065482359855177,0.9654328682036756
698,14986,364.11618,732,1471.5742,3.0736144,5,74.925873,1.8579810840908808,1.3178144606630167,3500.978949508021,1.2499441,1.4349598,0.0,True,1.6755699888636164,1.3529580624641118
699,2678,208.82478,732,2565.9023,2.0217063,4,111.32169,1.0661904814697787,1.0053450073837442,1648.373451663805,1.1050563,1.1145805,0.0,True,1.0778502270288453,1.038115655168621
700,2624,208.60089,732,2568.6562,1.8115473,4,28.84486,1.0650482898507987,1.0026146167063692,1642.3600848075466,1.1047405,1.1139351,0.0,True,1.076955952895559,1.0360107616944583
701,664,208.45856,732,2570.4102,2.2160082,4,81.077484,1.0643220858027824,0.8276833840356251,1355.249482863724,1.1044893,1.1100942,0.0,True,1.0763722500619477,0.9124066288249376
702,0,170.01683,732,3151.5938,2.0085669,2,31.556637,0.8681755366224884,0.0,117.84668636223952,1.0031186,0.0,0.0,True,0.9086584556357419,0.0
703,0,207.99423,732,2576.1484,1.0063843,2,31.67572,1.0619532179002389,0.0,144.17061409723678,,,,False,1.0619532179002389,0.0
704,1692,244.77852,732,2189.0156,2.9905131,4,207.97079,1.249590824275442,0.9664196548705555,1819.8910593195378,1.1022152,0.81788105,0.0,True,1.2053781369928094,0.9218580734093887
705,974,244.28418,732,2193.4453,3.9974608,4,267.02637,1.2470695533176583,0.8944508411734521,1681.5210134826013,1.1024143,0.55258483,0.0,True,1.203672977322361,0.7918910378214163
706,0,184.1693,732,2909.4102,3.999742,4,111.6303,0.9403941050987431,0.0,127.65643104069872,0.98641467,0.0,0.0,True,0.9542002745691202,0.0
707,2550,244.77852,732,2189.0156,3.0077786,4,59.579979,1.249590824275442,1.0197156242891574,1920.1975686557505,1.1022152,0.89735264,0.0,True,1.2053781369928094,0.9830067290024102
708,12230,363.48999,732,1474.1094,1.9652116,4,56.647869,1.8547900241027881,1.2896591268478068,3421.098994530251,1.2498184,1.4349294,0.0,True,1.6732985368719517,1.3332402087934647
709,8010,363.48999,732,1474.1094,2.0091724,4,111.74246,1.8547900241027881,1.231675123488364,3267.3009089376797,1.2498184,1.4348772,0.0,True,1.6732985368719517,1.2926357464418547
710,36715,294.12473,732,1821.7578,2.9424891,5,140.8255,1.501226198788212,1.3997448921529763,3091.5436081868993,1.2362125,1.3934487,0.0,True,1.4217220891517484,1.3978560345070834
711,35423,293.90225,732,1823.1367,2.1581423,4,25.243134,1.5000920148087276,1.3948340250483942,3078.67693281325,1.2360115,1.3928491,0.0,True,1.4208678603661093,1.3942385475338759
712,34787,294.18213,732,1821.4023,2.0042477,4,98.737038,1.5015188856591617,1.392597822348122,3076.2791617139264,1.2360156,1.3928685,0.0,True,1.4218678999614132,1.3926790256436854
713,34165,294.0459,732,1822.2461,2.9335172,5,56.195419,1.5008243622416693,1.3901095721564014,3069.549721026596,1.2358243,1.3928032,0.0,True,1.4213243435691685,1.3909176605094808
714,0,225.49809,732,2376.1797,2.0075283,3,310.65594,1.151247313062319,0.0,156.3033653051528,,,,False,1.151247313062319,0.0
715,32558,294.13354,732,1821.7031,3.088959,5,150.91629,1.501271226442699,1.3837488768870514,3056.2944998638222,1.2356766,1.3906437,0.0,True,1.4215928385098895,1.385817323820936
716,23979,298.60797,732,1794.4062,1.8496612,4,18.147869,1.524083467093552,1.3457220422602396,3011.4664923447,1.2357951,1.3910439,0.0,True,1.4375969569654863,1.359318599582168
717,0,217.37833,732,2464.9375,1.977613,2,216.96753,1.1098266533320573,0.0,150.67517655432937,,,,False,1.1098266533320573,0.0
718,3259,362.80066,732,1476.9102,2.0108275,4,111.20699,1.8512773727602612,1.1081882564727354,2934.980852237221,1.2496933,1.4348474,0.0,True,1.6708021509321829,1.2061859995309148
719,0,362.80066,732,1476.9102,1.0023744,2,49.48465,1.8512773727602612,0.0,251.4742545842873,,,,False,1.8512773727602612,0.0
720,0,212.61934,732,2520.1094,1.992347,2,371.38782,1.085548862235854,0.0,147.3764960535164,,,,False,1.085548862235854,0.0
721,17505,281.51025,732,1903.3906,2.9074423,4,46.120396,1.436909046157965,1.293570985381459,2750.4553826509396,1.1261678,1.0257322,0.0,True,1.3436866723105756,1.2132193497670212
722,12440,280.97745,732,1907.0,3.115798,5,102.23953,1.4341922418042705,1.248038295178516,2649.2894879590945,1.1136156,1.1318907,0.0,True,1.3380192492629894,1.2131940166249613
723,5317,295.28275,732,1814.6133,1.862757,4,50.718544,1.5071303230050954,1.143042376956656,2533.242699177147,1.2334929,1.390485,0.0,True,1.4250390961035668,1.217275163869659
724,10715,281.35724,732,1904.4258,1.8559591,4,28.734264,1.4361287964128227,1.2285008424661734,2610.8788585615853,1.1140604,1.1249617,0.0,True,1.339508277488976,1.1974390997263213
725,2701,293.4458,732,1825.9727,2.1746907,4,79.730797,1.4977647038188,1.0519519791450467,2318.8432050611295,1.2327454,1.3903551,0.0,True,1.41825891267316,1.1534729154015326
726,841,219.19119,732,2444.5508,3.9818106,4,147.6895,1.1190746538368843,0.8632468834713435,1476.6838045151067,1.0899364,0.77271456,0.0,True,1.110333177685819,0.8360871864299404
727,8729,279.16586,732,1919.375,3.1592848,5,72.265671,1.4249550398044901,1.2001244007044514,2533.3283369497976,1.1129843,1.1225208,0.0,True,1.331363817863143,1.176843320493116
728,0,293.71912,732,1824.2734,0.92266709,2,30.535282,1.4991583350030462,0.0,203.5905799045482,1.2327486,1.3903246,13.46771523275129,True,1.4192354145021322,0.4170973800000001
729,0,267.85812,732,2000.4023,1.9201785,3,98.986061,1.3672941694105887,0.0,185.6651006680875,,,,False,1.3672941694105887,0.0
730,0,216.59915,732,2473.8047,1.9810803,2,111.42397,1.1058517618955777,0.0,150.13509013418067,,,,False,1.1058517618955777,0.0
731,0,-1.0,1,-1.0,0.0,0,4.8501668,1.0,0.0,-0.6931471805599453,,,,False,1.0,0.0
732,0,271.8027,732,1971.3711,2.0806437,3,83.788528,1.3874090836763304,0.0,188.39927517358066,1.1080879,1.1302289,8.642429016209002,True,1.3036127285734314,0.33906867000000007

metric,value
avg_local_nain,1.26142
avg_local_nach,0.930586
avg_citywide_nain,1.0814
avg_citywide_nach,0.916932
avg_blended_nain,1.208976
avg_blended_nach,0.90735
avg_segment_length,111.2595
blended_nain_nach_pearson_r,0.580427
blended_nain_nach_p_value,6.2246e-67
pct_citywide_matched,93.04
