segment_id,T1024 Choice,T1024 Integration,T1024 Node Count,T1024 Total Depth,Angular Connectivity,Connectivity,Segment Length,local_nain,local_nach,integrated,citywide_nain,citywide_nach,citywide_match_distance_m,citywide_matched,blended_nain,blended_nach
0,0,241.827,750,2326.043,2.790061,3,31.025747,1.210828175885839,0.0,167.6217032332699,,,,False,1.210828175885839,0.0
1,0,138.38849,750,4064.6445,1.4842485,2,53.007061,0.6931660879316588,0.0,95.92359166544817,0.83976251,0.0,0.0,True,0.7371450145521612,0.0
2,1124,179.98628,750,3125.2383,2.9866915,4,56.366909,0.9013895931991485,0.8729301266797407,1264.660422990119,0.95281643,0.84636486,0.0,True,0.916817644239404,0.8649605466758186
3,541,169.83836,750,3311.9727,2.1020851,3,107.44036,0.8505984551634347,0.7765984526446363,1069.4907196382949,0.92766988,0.792274,0.0,True,0.8737198826144043,0.7813011168512455
4,4392,244.59554,750,2299.7148,2.3109825,5,162.9623,1.2246782525245075,1.0834327823986838,2051.6662284114104,1.0781866,1.2222428,0.0,True,1.1807307567671552,1.1250757876790787
5,1386,154.65063,750,3637.2305,0.97251517,3,150.22583,0.7745758503270943,0.8823259599184873,1118.9930586060318,0.88257182,0.86149049,0.0,True,0.806974641228966,0.8760753189429411
6,2212,150.97014,750,3725.9023,0.7681641,2,31.110798,0.7561518066269591,0.9365548225142433,1162.8559747780137,0.87547964,0.89685285,0.0,True,0.7919501566388714,0.9246442307599703
7,3552,166.67574,750,3374.8164,1.827624,3,50.440228,0.8347685290422648,1.0062231319085062,1362.712350140972,0.91630322,0.93540603,0.0,True,0.8592289363295853,0.9849780013359544
8,1623,174.24765,750,3228.1641,4.2647858,5,105.89198,0.8726677567476515,0.914863942742104,1288.258720094326,0.94567561,0.85335749,0.0,True,0.8945701127233561,0.8964120069194728
9,6301,252.11806,750,2231.0977,2.0772636,4,64.075539,1.2623093289083576,1.1344767091799173,2205.7256904409255,1.0899186,1.2242334,0.0,True,1.2105921102358503,1.161403716425942
10,4933,171.68733,750,3276.3047,1.6698884,4,57.494293,0.8598529779961565,1.0504631360020202,1460.0475882879136,0.92789382,0.95814693,0.0,True,0.8802652305973095,1.0227682742014141
11,4372,194.93547,750,2885.5703,3.8942816,4,267.17606,0.9762048248916387,1.0520407499979696,1634.2284912966832,0.98400998,0.92717558,0.0,True,0.9785463714241471,1.0145811989985787
12,13013,257.6084,750,2183.5469,2.6407883,5,35.543652,1.2897733098629898,1.2319484886017031,2440.545354175291,1.0983844,1.2277448,0.0,True,1.2323566369040928,1.230687382021192
13,0,171.03052,750,3288.8867,0.29613382,1,4.892736,0.8565655144170707,0.0,118.54932272770134,,,,False,0.8565655144170707,0.0
14,1379,183.23991,750,3069.7461,0.62173009,2,55.527794,0.9176735209572812,0.9003168657871538,1324.927741480035,0.97385585,1.0731549,0.0,True,0.9345282196700968,0.9521682760510077
15,2754,198.91234,750,2827.8789,2.763803,4,128.19275,0.9961062500143721,0.9965817041503668,1575.6911889810635,1.007761,1.0804609,0.0,True,0.9996026750100605,1.021745462905257
16,0,163.17502,750,3447.2188,0.31270027,1,7.4691215,0.8172459395947269,0.0,113.10430505081267,,,,False,0.8172459395947269,0.0
17,1372,175.04449,750,3213.4688,0.67707801,2,51.890659,0.8766560132923064,0.8945911549144642,1264.7807194076256,0.95340276,0.91821992,0.0,True,0.8996800373046144,0.901679784440125
18,2740,191.16652,750,2942.4609,0.59387416,2,77.32486,0.9573433490231765,0.9909937024690515,1513.3588323484191,0.98993468,0.95083702,0.0,True,0.9671207483162235,0.9789466977283361
19,4104,202.7832,750,2773.8984,2.0216079,4,51.811981,1.0154766684089722,1.0492958367736227,1687.1977129517572,1.0141834,0.97395504,0.0,True,1.0150886878862806,1.026693597741536
20,3,191.27164,750,2940.8438,2.8046083,3,85.800491,0.9578694115786222,0.173558600461456,307.83982898944674,0.97918499,0.35420114,0.0,True,0.9642640851050355,0.2277513623230192
21,13,189.52031,750,2968.0195,2.147131,3,84.776314,0.9491048995044634,0.33001993141806246,513.2305136084532,0.97236043,0.2647793,0.0,True,0.9560815586531244,0.3104477419926437
22,2248,171.49799,750,3279.9219,1.982914,4,88.042442,0.8589052832347401,0.9532824450126202,1323.7390478686914,0.92858428,0.93093532,0.0,True,0.879808982264318,0.9465783075088341
23,333,212.81281,750,2643.168,3.1547523,5,12.503288,1.065663904551165,0.7373732328529855,1237.3214561844868,1.0244051,0.73170185,0.0,True,1.0532862631858158,0.7356718179970899
24,3400,160.68828,750,3500.5664,2.1698782,4,101.00964,0.8047984640844486,0.9963595195130956,1306.736178381979,0.91360092,0.86104012,0.0,True,0.837439200859114,0.955763699659167
25,3814,152.54738,750,3687.3789,1.0110383,2,101.23946,0.7640473194753178,1.0040435371094498,1258.0518408382302,0.8883394,0.84336561,0.0,True,0.8013349436327224,0.9558401589766149
26,4716,165.98907,750,3388.7773,1.0368335,2,65.771683,0.8313315236225618,1.0405725804886001,1404.1248247515834,0.92037058,0.85986936,0.0,True,0.8580432405357933,0.9863616143420202
27,5788,177.71107,750,3165.25,1.8292668,3,29.343372,0.8900023866362922,1.0747779513474618,1539.6687305251696,0.95312256,0.88569683,0.0,True,0.9089384386454045,1.018053614943223
28,2444,182.0218,750,3090.2891,2.7459428,5,66.271118,0.9115771416953856,0.9707365781737162,1420.1721837200698,0.96441579,0.86350054,0.0,True,0.9274287361867699,0.9385657667216014
29,1236,182.23811,750,3086.6211,4.2330246,5,41.174507,0.9126597170089257,0.886089879976839,1297.7635879121488,0.96664822,0.848032,0.0,True,0.928856267906248,0.8746725159837873
30,659,178.89777,750,3144.2539,1.3868136,3,90.5951,0.8959416972272315,0.8060602986465969,1161.7180808784037,0.95774734,0.79594088,0.0,True,0.9144833900590621,0.8030244730526178
31,65,152.17805,750,3696.3281,1.6764189,2,44.295723,0.7621984807334418,0.5099443072260552,639.8619236683094,0.8863641,0.29503909,0.0,True,0.7994481665134092,0.4454727420582386
32,70,142.78419,750,3939.5117,2.7448616,3,33.053101,0.7151723180407651,0.5148429429322582,610.640307704151,0.8504898,0.29682192,0.0,True,0.7557675626285356,0.4494366360525808
33,23,141.91359,750,3963.6797,3.3594937,4,23.299257,0.7108138509203848,0.38355959158082914,456.8022240712576,0.85319775,0.23439871,0.0,True,0.7535290206442693,0.3388113271065804
34,2001,172.92894,750,3252.7812,4.4975328,5,33.378128,0.8660674514999032,0.9398770658546063,1314.6752044312743,0.93755835,0.87147844,0.0,True,0.8875147210499321,0.9193574780982244
35,14657,256.31351,750,2194.5781,3.5029497,5,161.92938,1.2832960772365873,1.2466020736306305,2458.7667404221966,1.0983641,1.2285846,0.0,True,1.2278164840656112,1.2411968315414414
36,616,153.99455,750,3652.7266,1.8265324,3,49.216518,0.7712916361715803,0.7831338067825897,989.6441980863912,0.88840544,0.75179589,0.0,True,0.8064257773201062,0.7737324317478127
37,51,133.56882,750,4211.3125,2.1436453,3,43.053928,0.669036550000456,0.4734159202814188,530.3072059486989,0.82520926,0.40199828,0.0,True,0.7158883630003192,0.4519906281969932
38,110,197.5661,750,2847.1484,4.1676884,5,101.39131,0.9893693354385459,0.5920119931218404,932.2154198561738,0.98996383,0.43131819,0.0,True,0.9895476838069821,0.5438038521852883
39,717,201.83841,750,2786.8828,3.0967026,5,116.5108,1.0107488414621786,0.8289227080354826,1327.6650776428573,0.99788964,0.79856592,0.0,True,1.006891081023525,0.8198156716248378
40,0,5.3457079,3,1.6835938,1.684453,2,4.6690474,1.0145507408679404,0.0,3.705362358982026,,,,False,1.0145507408679404,0.0
41,1143,211.002,750,2665.8516,4.7576714,6,12.632888,1.05660302060047,0.8926259292510274,1486.120828593372,1.0236379,0.84559131,0.0,True,1.046713484420329,0.8785155434757191
42,5508,205.64906,750,2735.2422,3.552798,5,12.675628,1.029817551064278,1.0883209886710006,1771.5267904158143,1.0201229,0.99042976,0.0,True,1.0269091557449945,1.0589536200697005
43,1699,222.95267,750,2522.957,3.727706,5,17.089613,1.1163992333627055,0.9494545850029892,1658.5385785788092,1.0531627,0.8836354,0.0,True,1.0974282733538938,0.9297088295020924
44,3077,243.92186,750,2306.0664,3.8854752,5,151.9929,1.2213080434227526,1.0371144799787053,1959.2682274716192,1.0844661,0.90498161,0.0,True,1.1802554603959268,0.9974746189850938
45,3419,225.06084,750,2499.3242,5.2430735,6,123.24015,1.1269471022883786,1.039926077814362,1831.4749385691355,1.0596478,0.94941056,0.0,True,1.106757311601865,1.0127714224700535
46,2344,174.7011,750,3219.7852,2.4403307,4,96.547279,0.8749373046576155,0.96063870955985,1355.7621265173166,0.9373731,0.94419116,0.0,True,0.893668043260331,0.955704444691895
47,694,143.96214,750,3907.2773,2.4675801,3,44.349266,0.7210693544491705,0.7911527270261949,942.2825441500163,0.85629755,0.78940272,0.0,True,0.7616378131144195,0.7906277249183364
48,109,133.79369,750,4204.2344,1.0278841,2,57.965424,0.6701623806494941,0.5632987138788754,630.1054238000199,0.82471555,0.35035878,0.0,True,0.7165283314546458,0.4994167337152128
49,96,139.66806,750,4027.4062,1.5367744,3,25.553684,0.6995720756755168,0.5510622784178227,640.3735129090102,0.84916961,0.38121817,0.0,True,0.7444513359728617,0.500109045892476
50,1916,206.69788,750,2721.3633,2.2216387,4,49.244904,1.0350657435509234,0.9555659003220004,1562.4371822390458,1.0235423,0.8919397,0.0,True,1.0316087104856464,0.9364780402254003
51,1298,191.56094,750,2936.4023,1.2079633,2,44.869072,0.9593172653975245,0.8977441201602601,1373.5148396555815,0.99167776,0.86409122,0.0,True,0.9690254137782671,0.8876482501121821
52,693,156.74834,750,3588.5547,2.6528108,3,39.093689,0.7850764838852884,0.7991937299730871,1025.7473188986176,0.90390843,0.8188023,0.0,True,0.8207260677197019,0.8050763009811609
53,0,178.45326,750,3152.0859,1.4319822,2,25.987816,0.8937169590320277,0.0,123.69437403073086,0.9565022,0.0,0.0,True,0.9125525313224194,0.0
54,3721,176.02341,750,3195.5977,3.1005595,4,22.331158,0.8815555687551929,1.0187781758696393,1447.3146566951777,0.94057876,0.9697687,0.0,True,0.899262526128635,1.0040753331087475
55,8279,204.07094,750,2756.3945,2.448458,4,47.197563,1.0219205625133738,1.1386929287615,1841.0706794056593,1.0115851,0.94397455,0.0,True,1.0188199237593616,1.08027741513305
56,54,199.1423,750,2824.6133,4.2065568,6,34.137466,0.9972570563769004,0.5042454066887454,801.6177940018864,0.99983031,0.45407623,0.0,True,0.9980290324638303,0.4891946536821218
57,55,196.66597,750,2860.1797,4.1123333,5,10.91398,0.9848648074311325,0.50571726625583,795.1305993484116,0.9904204,0.47452751,0.0,True,0.9865314852017928,0.496360339379081
58,0,3.8592966,3,2.3320312,2.3308892,2,2.9863222,0.8626883432525952,0.0,2.675060557234583,,,,False,0.8626883432525952,0.0
59,28,199.24591,750,2823.1445,4.0281048,4,16.473417,0.9977755329236422,0.4237367832397916,677.6746673988935,0.99991912,0.50303727,0.0,True,0.9984186090465496,0.4475269292678541
60,0,6.8982034,3,1.3046875,1.3082147,2,99.712372,1.1308763139772071,0.0,4.781470237639028,0.83278388,0.0,0.0,True,1.041448583784045,0.0
61,4179,208.32881,750,2700.0586,5.8311682,7,186.28319,1.0432268415917392,1.0551657326470205,1737.1093104296929,1.0262845,1.0864671,0.0,True,1.0381441391142174,1.0645561428529144
62,6959,206.52948,750,2723.582,4.7852216,6,172.66878,1.0342231710782492,1.1184621251735518,1827.389035323186,1.0218599,1.0045639,0.0,True,1.0305141897547745,1.0842926576214862
63,2824,223.68654,750,2514.6797,2.5187232,4,216.78888,1.1200710440322605,1.0147068411986164,1777.5513874253875,1.0545341,0.92162865,0.0,True,1.1004099608225824,0.9867833838390314
64,7173,236.97736,750,2373.6445,8.2809658,9,94.992714,1.186566449261999,1.1421215142955414,2103.969849602754,1.0811703,1.0020916,0.0,True,1.1549476044833993,1.100112540006879
65,4379,250.82433,750,2242.6055,8.282794,9,79.588226,1.2558376334165609,1.086574687468815,2103.1701056192883,1.0958476,0.9378103,0.0,True,1.2078406233915926,1.0419453712281705
66,17155,256.4541,750,2193.375,7.0498447,8,77.547852,1.283999343653725,1.2671418175156195,2500.468900693303,1.0983664,1.2299355,0.0,True,1.2283094605576075,1.2559799222609336
67,13854,209.14395,750,2689.5352,6.5935121,8,269.24753,1.0473056637244784,1.2074086492414535,1994.4957642168172,1.0206668,1.0297198,0.0,True,1.039314004607135,1.1541019944690174
68,0,153.93266,750,3654.1953,1.2035553,2,33.651367,0.7709818069821918,0.0,106.69798927509267,0.91323781,0.0,0.0,True,0.8136586078875342,0.0
69,0,134.18991,750,4191.8203,1.9217941,2,34.022137,0.67214612392281,0.0,93.0133577760928,0.8532151,0.0,0.0,True,0.726466816745967,0.0
70,7923,243.88013,750,2306.4609,5.6496048,8,137.25151,1.2210993303260178,1.159188988663409,2189.501567893136,1.0918691,1.1714774,0.0,True,1.1823302612282125,1.1628755120643863
71,38421,265.23245,750,2120.7812,4.8388968,7,116.12743,1.3279089051070343,1.377946711041156,2799.9028900226454,1.1069636,1.2060522,0.0,True,1.261625313574924,1.3263783577288093
72,39508,276.69427,750,2032.9297,2.1600294,3,113.62273,1.3852370718623825,1.389249198602617,2928.6176752872366,1.1266032,1.2083874,0.0,True,1.3076469103036679,1.334990659021832
73,49391,320.336,750,1755.9688,3.035953,5,131.69843,1.603475590166217,1.4463122547466285,3462.051819175383,1.1949497,1.3284972,0.0,True,1.4809178231163518,1.4109677383226398
74,50075,320.62415,750,1754.3906,2.6374068,4,41.090271,1.604916388799733,1.448326772480341,3469.5755970122727,1.1952238,1.3296443,0.0,True,1.4820086121598133,1.412722030736239
75,0,319.89551,750,1758.3867,1.0037322,2,17.254238,1.601273208365978,0.0,221.73467083028578,,,,False,1.601273208365978,0.0
76,2178,216.01965,750,2603.9297,7.2222381,10,60.116474,1.081709939862843,0.9772045838001002,1660.5603647742184,1.014064,0.84129834,0.0,True,1.06141615790399,0.9364327106600701
77,9478,320.42368,750,1755.4883,2.0095983,4,112.15364,1.6039139828548483,1.2254519548284664,2934.1002826474164,1.1944141,1.3218921,0.0,True,1.4810640179983938,1.2543839983799263
78,655,199.35239,750,2821.6367,3.8821526,5,56.181465,0.9983083372849618,0.8162661169947327,1293.3353146497113,0.98249364,0.79613477,0.0,True,0.9935639280994732,0.810226712896313
79,74,183.35915,750,3067.75,1.0700713,2,29.91898,0.9182702366882634,0.5376913734095228,794.0795841515625,0.9478429,0.4617964,0.0,True,0.9271420356817843,0.514922881386666
80,53,189.70958,750,2965.0586,1.461489,2,26.188702,0.9500520343864448,0.49889344672675046,760.2294954905143,0.976291,0.5187996,0.0,True,0.9579237240705114,0.5048652927087254
81,600,226.24648,750,2486.2266,2.7518046,3,33.390984,1.1328791594277614,0.8182631768738022,1448.0357180949131,1.0589932,0.80264223,0.0,True,1.110713371599433,0.8135768928116616
82,12150,320.94644,750,1752.6289,1.9053169,4,45.759579,1.6065277729517602,1.258960308854481,3018.581198073659,1.1946989,1.3221359,0.0,True,1.482979111066232,1.2779129861981366
83,6790,225.84904,750,2490.6016,3.012053,4,106.87306,1.1308907364393077,1.1280920853004421,1992.77916885611,1.0607893,1.0986456,0.0,True,1.1098603055075154,1.1192581397103094
84,12998,222.32309,750,2530.1016,4.8797727,6,120.2417,1.1132491915307807,1.2086750371059236,2106.000965431484,1.056023,1.11719,0.0,True,1.0960813340715465,1.1812295259741465
85,0,224.68649,750,2503.4883,2.0055575,2,58.470638,1.125074125899449,0.0,155.74080705341032,1.0588666,0.0,0.0,True,1.1052118681296144,0.0
86,16623,320.65771,750,1754.207,2.1094794,4,104.70507,1.6050841723520042,1.300759896063858,3116.3641787209813,1.1946955,1.3224006,0.0,True,1.481967570646403,1.3072521072447005
87,34191,320.65771,750,1754.207,2.0061491,4,25.465139,1.6050841723520042,1.397279484922684,3347.594736816483,1.1946955,1.3241565,0.0,True,1.481967570646403,1.3753425894458788
88,2291,213.54213,750,2634.1406,3.9959877,5,116.16927,1.0693132449285128,0.9821934234678166,1652.3070621641593,1.0312014,0.86444443,0.0,True,1.0578796914499589,0.9468687254274716
89,2682,156.44522,750,3595.5078,2.8905363,4,118.37431,0.7835591236449291,0.9641458421174361,1235.1449458729057,0.92027509,0.91565996,0.0,True,0.8245739135514504,0.9496000774822053
90,37067,274.65192,750,2048.0469,1.6010003,4,74.027588,1.3750222295274301,1.379538897104295,2889.4854996599342,1.1581348,1.3011198,0.0,True,1.3099560006692013,1.3560131679730065
91,15458,244.48175,750,2300.7852,1.9849839,4,47.165661,1.2241089872706308,1.2458746997496821,2358.2737285569465,1.0520742,1.0389966,0.0,True,1.1724985510894417,1.1838112698247774
92,2312,213.53769,750,2634.1953,4.0037003,5,136.99658,1.0692910571055934,0.983348643399314,1654.2194501686915,1.0312012,0.74104661,0.0,True,1.0578640999739153,0.9106580333795199
93,9984,241.61154,750,2328.1172,3.0003383,5,53.84996,1.2097503331908783,1.1876085918474684,2224.986028040803,1.0668479,1.007712,0.0,True,1.1668796032336148,1.133639614293228
94,6675,192.96069,750,2915.1016,2.9355474,4,45.060024,0.9663222080005017,1.1037245323059528,1699.2936637946184,1.0114583,0.99055767,0.0,True,0.9798630356003513,1.069774473614167
95,0,182.76292,750,3077.7578,2.0002558,2,55.612083,0.91528627967881,0.0,126.68160270890284,0.95703995,0.0,0.0,True,0.927812380775167,0.0
96,1343,192.15834,750,2927.2734,1.9987525,3,25.573799,0.9623069185258694,0.9023600106840667,1384.3373690698015,1.0097471,0.87023991,0.0,True,0.9765389729681085,0.8927239804788467
97,0,156.9171,750,3584.6953,0.87962455,1,17.607878,0.7859212515414389,0.0,108.766645446643,0.92204648,0.0,0.0,True,0.8267588200790073,0.0
98,14871,244.37389,750,2301.8008,2.0328603,4,49.108753,1.2235693550734927,1.24080412146812,2347.7739497243692,1.0520191,1.0448147,0.0,True,1.172104278551445,1.182007295027684
99,2694,246.22456,750,2284.5,1.6472358,4,37.259312,1.2328274913946191,1.0211938117418318,1945.05693733536,1.1633307,1.2222488,0.0,True,1.2119784539762335,1.0815103082192823
100,5215,164.55225,750,3418.3672,3.1321826,5,64.400421,0.824139600880805,1.051818774078423,1408.5142417623913,0.94560534,0.90785474,0.0,True,0.8605793226165634,1.008629563854896
101,1068,193.8997,750,2900.9844,4.0297704,5,46.638515,0.9710214285250023,0.8746701441426923,1352.5306679095308,1.0493436,1.0480541,0.0,True,0.9945180799675015,0.9266853308998846
102,19288,246.19089,750,2284.8125,1.9768777,4,90.122086,1.232659021705451,1.2756098274251781,2429.24973498594,1.16333,1.2111049,0.0,True,1.2118603151938157,1.2562583491976247
103,21528,253.51175,750,2218.832,2.1906416,4,72.832664,1.269281088832382,1.294711009186589,2529.3380887862936,1.1529505,1.1982446,0.0,True,1.2343819121826674,1.2657710864306124
104,3868,192.16783,750,2927.1289,3.0263484,4,45.546169,0.9623543911207856,1.0348185600907946,1587.5003241889633,1.0233006,0.97550917,0.0,True,0.9806382537845499,1.0170257430635563
105,1925,191.97057,750,2930.1367,2.0251009,4,45.22403,0.9613672033346182,0.9473151099697218,1452.011576065717,1.0228622,0.89508289,0.0,True,0.9798157023342328,0.9316454439788053
106,0,258.06729,750,2179.6641,1.1132723,2,434.29739,1.2920687740490373,0.0,178.87861445824578,,,,False,1.2920687740490373,0.0
107,0,191.58821,750,2935.9844,1.0209019,2,57.909473,0.9594537190441844,0.0,132.79882759002672,1.021987,0.0,0.0,True,0.978213703330929,0.0
108,0,154.79144,750,3633.9219,0.05109407,1,108.58808,0.7752806954059702,0.0,107.29325021081394,,,,False,0.7752806954059702,0.0
109,1359,156.42653,750,3595.9375,0.95366681,2,258.19223,0.7834655435437098,0.8811544766706385,1128.7699302315098,1.075145,0.88873589,0.0,True,0.8709693804805969,0.8834289006694469
110,2714,192.45316,750,2922.7891,1.8756169,3,83.870438,0.963782331886356,0.9906315905932239,1521.7108716491382,0.99804598,0.85564834,0.0,True,0.9740614263204492,0.9501366154152568
111,0,227.42958,750,2473.293,2.0047784,3,56.286304,1.1387985418590028,0.0,157.64217215293252,,,,False,1.1387985418590028,0.0
112,1172,177.00659,750,3177.8477,3.0167863,5,47.052715,0.8864764369292896,0.8763056217330855,1251.1130233221659,0.92908025,0.86612695,0.0,True,0.8992575808505028,0.8732520202131597
113,1227,172.58861,750,3259.1953,3.085001,4,79.55452,0.8643640750597784,0.8792342711467767,1227.7877965510095,0.95037085,0.8648079,0.0,True,0.890166107541845,0.8749063598027437
114,3105,213.967,750,2628.9102,4.0774403,6,47.605728,1.0714391008381041,1.021030609207385,1720.5969959841023,1.0008103,0.93166018,0.0,True,1.050250460586673,0.9942194804451696
115,7406,219.90675,750,2557.9023,4.1807661,6,51.035786,1.1011592352855795,1.1353275086209584,1959.438583845581,1.0034959,0.94312179,0.0,True,1.0718602346999058,1.077665793034671
116,0,177.26393,750,3173.2344,1.9935641,3,46.439194,0.8877643990861892,0.0,122.86999329447549,0.93031234,0.0,0.0,True,0.9005287813603324,0.0
117,4231,215.209,750,2613.7383,3.50424,5,49.919899,1.0776537007061435,1.0610883591092168,1797.1385309562677,0.99684614,0.90620613,0.0,True,1.0534114324943005,1.0146236903764518
118,2023,194.00812,750,2899.3633,2.8827863,5,170.68527,0.9715639744508371,0.9547928133820393,1477.0468662297178,1.0493469,0.99262238,0.0,True,0.9948988521155859,0.9661416833674275
119,599,177.27681,750,3173.0039,2.9366012,5,57.003422,0.8878288493043415,0.7933311351594644,1134.3224984765604,0.97944999,0.96510857,0.0,True,0.9153151915130391,0.8448643656116251
120,12,149.75681,750,3756.0898,4.0436878,4,211.23729,0.7500778877273758,0.31158533818572137,395.21680709029965,0.87015432,0.17711486,0.0,True,0.7861008174091632,0.27124419473000494
121,46622,285.40906,750,1970.8555,3.9274895,6,122.8895,1.4288223638648632,1.416738524435045,3068.110494175777,1.118795,1.2409632,0.0,True,1.335814154705404,1.3640059271045315
122,289,130.89029,750,4297.4922,5.5527964,5,49.305298,0.6556262758364341,0.6776897449118077,742.5829277038241,0.86036557,0.32787192,0.0,True,0.7170480640855039,0.5727443974382653
123,83,135.64738,750,4146.7812,3.49647,4,16.450472,0.679442931112828,0.5318590060331259,602.6340031966195,0.86030215,0.28255588,0.0,True,0.7337006967789796,0.4570680682231881
124,0,204.12878,750,2755.6133,1.9729191,2,60.834911,1.022210060806494,0.0,141.49128832814137,1.0641524,1.0297807,10.719542603793347,True,1.0347927625645457,0.3089342100000001
125,247,140.46109,750,4004.668,6.5614252,6,28.880756,0.7035422099045382,0.6645916268642342,774.98744786109,0.89585567,0.72782522,0.0,True,0.7612362479331767,0.683561704804964
126,2876,150.38506,750,3740.3984,2.4641182,4,13.520262,0.7532228688088891,0.9680051283935216,1197.7945785998174,0.90716028,0.86290818,0.0,True,0.7994040921662224,0.9364760438754651
127,11589,174.15892,750,3229.8086,4.181561,6,29.268663,0.8722237013274229,1.1579970949089364,1629.7764240679128,1.0033704,1.0491734,0.0,True,0.9115677109291961,1.1253499864362555
128,0,244.27605,750,2302.7227,1.3692546,2,55.190216,1.2230799215340729,0.0,169.31925533582023,,,,False,1.2230799215340729,0.0
129,4513,160.78535,750,3498.4531,3.5889332,5,72.60228,0.8052843384971495,1.0311245802746607,1353.0345208080298,0.93513012,0.91221642,0.0,True,0.8442380729480046,0.9954521321922625
130,0,149.14568,750,3771.4805,1.6811897,2,14.062977,0.7470185837912231,0.0,103.37990758469581,0.93135643,0.0,0.0,True,0.8023199376538561,0.0
131,14127,187.09366,750,3006.5156,3.3623538,4,27.700645,0.9369604262892293,1.1930673405276884,1787.8641527573736,1.0357838,1.0626152,0.0,True,0.9666074384024604,1.153931698369382
132,2016,197.2646,750,2851.5,2.5570178,4,119.00352,0.9878605428679854,0.9563528179284913,1501.1564231183318,1.0078349,0.95159709,0.0,True,0.9938528500075898,0.9549260995499438
133,1077,173.16997,750,3248.2539,2.2359791,3,85.882469,0.867273802540102,0.8634894137793745,1209.3826987700522,0.96024537,0.85956371,0.0,True,0.8951652727780715,0.8623117026455621
134,12,165.72563,750,3394.1641,2.2489808,3,61.830128,0.8300129134142241,0.31546490865259236,437.35943855660634,0.94045138,0.5293296,0.0,True,0.8631444533899568,0.3796243160568146
135,1035,177.85178,750,3162.7461,3.2299547,4,73.244095,0.8907065432749239,0.8614141865407996,1235.0182704588522,0.98065716,0.9749887,0.0,True,0.9176917282924468,0.8954865405785597
136,10318,227.22539,750,2475.5156,3.0022645,5,49.116592,1.1377769161468838,1.1825017613503055,2099.9804799620792,1.0880051,1.0531061,0.0,True,1.1228453713028186,1.1436830629452137
137,3895,197.27649,750,2851.3281,1.5575665,4,38.906803,0.9879200569586779,1.0391014044126021,1631.0745830495289,1.0081089,0.99807501,0.0,True,0.9939767098710746,1.0267934860888215
138,53682,285.37683,750,1971.0781,2.585979,5,42.097282,1.428661166060176,1.435300107460508,3108.002037736858,1.1187785,1.2409623,0.0,True,1.3356963662421233,1.3769987652223556
139,6508,164.55338,750,3418.3438,2.8787351,4,48.828941,0.8241452391639099,1.0790328260234194,1444.9588187777954,0.94560534,0.80735475,0.0,True,0.860583269414737,0.9975294032163936
140,7677,227.22539,750,2475.5156,4.4261017,5,200.5123,1.1377769161468838,1.1446755223937453,2032.8139203905305,1.0880051,1.0829073,0.0,True,1.1228453713028186,1.1261450556756216
141,10780,201.68265,750,2789.0352,4.4523582,5,40.78508,1.009969368739526,1.1702703502583847,1872.7511421688157,1.020022,1.0164902,0.0,True,1.012985158117668,1.1241363051808693
142,27342,255.10204,750,2205.0,2.6141455,5,45.669315,1.277236093825916,1.3268084323099967,2606.186829761062,1.1509664,1.192956,0.0,True,1.239355185678141,1.2866527026169976
143,0,192.37372,750,2923.9961,2.193543,2,41.86269,0.9633847629099016,0.0,133.34330163182835,1.0053898,0.0,0.0,True,0.9759862740369312,0.0
144,4032,218.02623,750,2579.9648,3.0196166,5,14.480303,1.0917499956133392,1.0567124895999909,1810.165765570923,1.05747,0.95561182,0.0,True,1.0814659969293374,1.0263822887199936
145,699,194.34694,750,2894.3086,2.3498321,3,40.981445,0.9732595687744726,0.8218088821414252,1273.4598571710383,0.99283105,0.59244144,0.0,True,0.9791310131421309,0.7529986494989976
146,898,205.9155,750,2731.7031,2.6151636,4,77.033852,1.031150770935511,0.8594230091877602,1400.7185188873073,1.0318607,0.85441047,0.0,True,1.0313637496548576,0.8579192474314321
147,4766,239.50343,750,2348.6094,2.4155965,4,97.970406,1.1992039422091125,1.091025429566172,2028.5179400044478,1.0625581,0.89721942,0.0,True,1.1582101895463788,1.0328836266963206
148,35145,274.68124,750,2047.8281,2.7528558,5,152.66135,1.3751690003048533,1.3725763893567848,2875.169445090562,1.1581354,1.3006999,0.0,True,1.3100589202133972,1.3510134425497493
149,0,182.6308,750,3079.9844,1.0063386,2,25.533232,0.9146250250565177,0.0,126.59002410340725,0.95627326,0.0,0.0,True,0.9271194955395624,0.0
150,2720,182.97658,750,3074.1641,3.0604715,4,56.204815,0.9163555543326822,0.9846846880958584,1447.1841278861575,0.95703954,0.91812849,0.0,True,0.9285607500328775,0.9647178286671009
151,0,146.83209,750,3830.9062,2.0087171,2,54.763329,0.7354367448579349,0.0,101.77624919922414,0.86706185,0.0,0.0,True,0.7749242764005544,0.0
152,14959,244.29926,750,2302.5039,1.9914167,4,114.07069,1.2231960462613216,1.2415171813436061,2348.4981578469874,1.0520706,1.0326062,0.0,True,1.171858412382925,1.1788438869405242
153,8403,241.60992,750,2328.1328,3.0476384,5,74.580048,1.2097422340365307,1.1653772667671805,2183.3278651694945,1.0668479,0.99148232,0.0,True,1.1668739338255714,1.1132087827370263
154,13011,225.94899,750,2489.5,3.166965,5,91.800186,1.1313907521869542,1.2112999637413129,2140.57388126353,1.0832664,1.0258275,0.0,True,1.116953446530868,1.1556582246189189
155,14092,226.65102,750,2481.7891,2.0438242,4,42.298412,1.1349031441815236,1.2219881136112116,2165.311529048024,1.0870427,1.0459738,0.0,True,1.1205450109270665,1.1691838195278481
156,13400,244.02892,750,2305.0547,2.9345016,5,117.00342,1.2218436169171871,1.2271291151151758,2319.0456831269694,1.0516386,1.0247275,0.0,True,1.170782111842031,1.166408630580623
157,14504,226.80165,750,2480.1406,3.0216012,5,195.61313,1.1356568838500913,1.2257779459153282,2173.285450651517,1.0878894,1.0539223,0.0,True,1.121326638695064,1.1742212521407298
158,497,214.15984,750,2626.543,4.0025163,4,335.65454,1.0724040120605964,0.7886911599921793,1330.49072744917,1.0001948,0.67555791,0.0,True,1.0507412484424175,0.7547511849945255
159,52270,285.52734,750,1970.0391,2.5305958,4,70.479103,1.4294138787987503,1.4318866504999455,3102.0307338806624,1.1188487,1.2390783,0.0,True,1.3362443251591252,1.3740441453499619
160,3565,220.71672,750,2548.5156,2.9690189,4,256.29025,1.1052118477823842,1.0426744119119438,1805.3480378174065,1.0091599,0.69266546,0.0,True,1.076396263447669,0.9376717263383606
161,52921,285.91852,750,1967.3438,2.0784211,4,121.32888,1.431370215334568,1.4337762978116388,3109.8194606832817,1.1189437,1.2393138,0.0,True,1.3376422607341976,1.3754375484681471
162,4395,220.68019,750,2548.9375,1.9851751,4,45.326855,1.1050290566012677,1.0693268741163193,1851.2150039515975,1.0091593,0.87184995,0.0,True,1.0762681296208876,1.0100837968814236
163,5074,220.66429,750,2549.1211,2.9876828,4,41.744114,1.1049495294730605,1.0876264805133158,1882.7692498467472,1.009159,0.93192816,0.0,True,1.0762123706311424,1.0409169843593211
164,32777,248.6248,750,2262.4453,3.3988473,5,102.74854,1.2448346882451948,1.3458646057868513,2585.087134747906,1.1479807,1.1598023,0.0,True,1.2157784917716363,1.290045914050796
165,2089,198.8736,750,2828.4297,4.0443048,5,157.20598,0.9959124083081082,0.9618020636673331,1520.4677639170902,1.0353463,0.9501155,0.0,True,1.0077425758156757,0.9582960945671332
166,535,160.42513,750,3506.3086,3.9888234,5,147.88254,0.8034812157270875,0.7698150152182945,1008.4320614913369,0.93232697,0.87831002,0.0,True,0.8421349420089612,0.8023635166528061
167,2721,187.96109,750,2992.6406,4.028707,5,45.946068,0.9413016236652225,0.9880334502366205,1486.676266386507,1.0222406,0.92263132,0.0,True,0.9655833165656558,0.9684128111656344
168,36294,248.6248,750,2262.4453,3.0412197,5,91.079483,1.2448346882451948,1.3590575487564653,2610.4268440640376,1.1479807,1.1544948,0.0,True,1.2157784917716363,1.2976887241295256
169,0,153.31332,750,3668.957,4.0233474,4,148.51833,0.7678815249194683,0.0,106.26869550028468,0.9218207,0.0,0.0,True,0.8140632774436278,0.0
170,931,160.51651,750,3504.3125,3.0436306,5,43.850086,0.8039386275677928,0.8376409881940158,1097.6769368058647,0.93234295,0.85961652,0.0,True,0.842459924297455,0.8442336477358111
171,1375,187.07251,750,3006.8555,3.0396352,5,43.219398,0.9368545811102582,0.9022789272416557,1352.096965070041,1.0200585,0.87068915,0.0,True,0.9618157567771808,0.8928019940691589
172,7665,200.24307,750,2809.0859,4.1067743,6,45.626675,1.0027655359353467,1.1262791019666434,1791.1103202455315,1.0308443,0.98466116,0.0,True,1.0111891651547427,1.0837937193766503
173,2333,160.82396,750,3497.6133,2.9710913,5,43.735649,0.8054775820727954,0.9503284065497762,1247.3131891339578,0.93272567,0.8775534,0.0,True,0.8436520084509568,0.9284959045848433
174,1729,187.49414,750,3000.0938,3.0140533,4,205.15096,0.9389646849388238,0.9311234942274145,1398.0415342718456,0.95681322,0.75148523,0.0,True,0.9443192454571766,0.8772320149591901
175,57955,290.38873,750,1937.0586,2.455585,4,36.496861,1.4537260808279835,1.448712480414268,3184.8258036434177,1.1210629,1.2403917,0.0,True,1.3539271265795882,1.3862162462899876
176,602,228.59573,750,2460.6758,3.0270605,4,95.08017,1.1446330284618855,0.8197696636217169,1463.8297183860736,1.0608969,0.60300118,0.0,True,1.11951218992332,0.7547391185352018
177,1347,150.1893,750,3745.2734,2.989717,3,46.529396,0.7522429665990734,0.8757240238013507,1082.4321360306435,0.86890012,0.86038005,0.0,True,0.7872401126193515,0.8711208316609456
178,0,125.59549,750,4478.6641,0.98118675,1,42.427219,0.6291165765078879,0.0,87.0561597845448,0.79620212,0.0,0.0,True,0.6792422395555215,0.0
179,2218,187.50854,750,2999.8633,3.0065739,4,57.490311,0.9390367839447574,0.9622208723430489,1444.8025169789714,0.95746648,0.94279921,0.0,True,0.9445656927613302,0.9563943736401342
180,1348,237.73911,750,2366.0391,3.0097933,4,50.39558,1.1903773291048263,0.9275285095740522,1713.5901908390713,1.0647843,0.87350637,0.0,True,1.1526994203733785,0.9113218677018365
181,0,180.29523,750,3119.8828,1.0077485,1,94.77375,0.9029359010766825,0.0,124.97113034290686,0.95495468,0.0,0.0,True,0.9185415347536777,0.0
182,0,176.67584,750,3183.7969,3.055335,3,56.940174,0.8848210189023025,0.0,122.46236036906,0.9570896,0.0,0.0,True,0.9065015932316116,0.0
183,67,169.48694,750,3318.8398,3.0355721,3,259.09299,0.8488395191703606,0.520395298842261,717.6257550982855,0.90664613,0.33816087,0.0,True,0.8661815024192524,0.4657249701895827
184,4077,228.73335,750,2459.1953,2.0418682,4,99.981117,1.1453215675626378,1.0646133547041117,1901.5992115600218,1.0613542,0.9813261,0.0,True,1.1201313572938465,1.039627178292878
185,1515,196.24731,750,2866.2812,3.9478285,5,223.33382,0.9827697713438266,0.9198692619674406,1437.4114555691049,0.96041042,0.74780953,0.0,True,0.9760619659406786,0.8682513423772085
186,364,196.24838,750,2866.2656,4.0253549,5,44.584923,0.9827751164584606,0.7410245064132269,1158.382229414018,0.96041042,0.43898189,0.0,True,0.9760657075209225,0.6504117214892589
187,44507,249.28848,750,2256.4219,3.9641619,5,167.33992,1.2481547664206571,1.3859397061320922,2668.2459573316814,1.1467646,1.1507512,0.0,True,1.21773771649446,1.3153831542924643
188,2546,197.41388,750,2849.3438,3.059288,5,46.093456,0.9886075677979612,0.985768436175868,1548.3296986235632,1.0246544,0.91368091,0.0,True,0.9994216174585728,0.9641421783231074
189,0,132.26881,750,4252.7031,2.0124519,2,145.37234,0.6625280290589011,0.0,91.6817527275191,0.84749955,0.0,0.0,True,0.7180194853412307,0.0
190,0,186.52971,750,3015.6055,1.0162258,2,119.34849,0.934138030658347,0.0,129.29254257716423,1.0187534,0.0,0.0,True,0.9595226414608429,0.0
191,9,157.86548,750,3563.1602,3.3541136,4,137.04407,0.7906685537086936,0.28151561315746637,378.54488823004573,0.92806184,0.17088822,0.0,True,0.8318865395960855,0.24832739521022645
192,0,137.04575,750,4104.4688,1.9938552,2,50.056808,0.686443802781065,0.0,94.99287522022313,0.86322731,0.0,0.0,True,0.7394788549467455,0.0
193,596,156.45337,750,3595.3203,2.6983423,3,114.77294,0.7835999644162341,0.7806232874470362,1000.2988198564171,0.92326629,0.79333442,0.0,True,0.8254998620913638,0.7844366272129253
194,0,197.21327,750,2852.2422,0.99827904,2,100.49673,0.9876036655452002,0.0,136.69782206950723,1.0242151,0.0,0.0,True,0.9985870958816401,0.0
195,3311,258.59653,750,2175.2031,1.0605752,4,273.73386,1.2947161700595577,1.0545196504272047,2096.0824649701267,1.0915009,0.95294809,0.0,True,1.2337515890416904,1.0240481822990435
196,348,180.53122,750,3115.8047,2.6072578,3,56.240612,0.904116944551978,0.7277716168291678,1057.5398190573474,0.98277986,0.7118578,0.0,True,0.9277158191863846,0.7229974717804175
197,1577,216.85637,750,2593.8828,2.0894277,3,230.23592,1.085896504678022,0.9366383452252252,1597.0489322058168,1.0483867,0.84209174,0.0,True,1.0746435632746154,0.9082743636576576
198,174208,328.62006,750,1711.7031,1.9940512,4,218.26949,1.6448940654152966,1.620520846606308,3965.792387491386,1.204464,1.3629612,0.0,True,1.5127650457907076,1.5432529526244156
199,4663,258.68155,750,2174.4883,3.9023967,5,36.140713,1.295141379383384,1.0991033819597207,2185.3011507004694,1.0918528,0.94654375,0.0,True,1.2341548055683687,1.0533354923718046
200,103663,295.55981,750,1903.168,2.541543,5,275.27991,1.479586083260792,1.5290797298567176,3413.396549239455,1.1274701,1.260603,0.0,True,1.3739512882825544,1.4485367108997023
201,4662,237.75363,750,2365.8945,3.0494242,5,56.452469,1.1904500217698875,1.0871583081928995,2008.454394981493,1.0647846,0.96962726,0.0,True,1.1527503952389213,1.0518989937350296
202,0,184.38112,750,3050.7461,1.9518117,2,81.612762,0.9233850332570391,0.0,127.80325347648494,0.9645884,0.0,0.0,True,0.9357460432799274,0.0
203,4705,229.92984,750,2446.3984,2.0675139,4,64.544006,1.1513077524776183,1.0836788197128602,1944.472060010398,1.0646073,0.99716735,0.0,True,1.125297616734333,1.0577253787990022
204,7071,240.88525,750,2335.1367,2.9910297,5,59.901379,1.2061168946916099,1.1426805925134331,2135.216490696014,1.0705011,1.0030882,0.0,True,1.165432156284127,1.1008028747594032
205,5885,230.81657,750,2437.0,3.0402234,4,52.063427,1.1557441816620733,1.1128982641594025,2003.6036534386983,1.0669489,1.0147221,0.0,True,1.1291055971634512,1.0834454149115818
206,153082,326.77588,750,1721.3633,3.052551,5,40.927792,1.6356737195655706,1.6019529366171343,3901.292945797119,1.2027913,1.358292,0.0,True,1.5058089936958994,1.528854655631994
207,13552,239.70876,750,2346.5977,4.0687027,6,52.959408,1.2002311247574655,1.225761909076896,2280.69389193934,1.0621142,1.0209436,0.0,True,1.158796047330226,1.1643164163538273
208,152916,326.84116,750,1721.0195,3.0212965,5,114.51556,1.6360000911619377,1.601850212649741,3901.7176971848135,1.2043324,1.3592134,0.0,True,1.5064997838133565,1.5290591688548187
209,0,186.20914,750,3020.7969,1.9691324,3,78.063568,0.9325337269843689,0.0,129.07034038549213,0.95784944,0.0,0.0,True,0.9401284408890582,0.0
210,141363,327.19464,750,1719.1602,1.993975,4,13.262641,1.637767396128377,1.5915394840620554,3880.234111313128,1.1993219,1.3536186,0.0,True,1.506233747289864,1.5201632188434386
211,14602,247.81697,750,2269.8203,3.025238,4,58.622887,1.2407935870076505,1.2406856299590223,2376.3295002508803,1.0657601,1.071764,0.0,True,1.1882835409053554,1.1900091409713156
212,144614,327.74573,750,1716.2695,2.026459,4,134.5959,1.6405226648519318,1.594950462020275,3894.2214175575914,1.2016622,1.3546752,0.0,True,1.5088645253963522,1.5228678834141924
213,0,201.74142,750,2788.2227,1.9776118,2,17.296818,1.0102634671683364,0.0,139.83649647515975,1.0345572,0.0,0.0,True,1.0175515870178355,0.0
214,143991,327.55786,750,1717.2539,1.9799404,4,17.281139,1.6395833443063859,1.5942484359415052,3890.575022257189,1.201659,1.3558184,0.0,True,1.50820604101447,1.5227194251590537
215,14462,240.67148,750,2337.2109,2.9747257,4,48.622887,1.205047419654977,1.234771006909238,2305.492727485796,1.0622169,1.0072892,0.0,True,1.1621982637584838,1.1665264648364666
216,35749,257.86395,750,2181.3828,2.9384472,4,150.424,1.2910516923893496,1.363530334825503,2703.5316545224373,1.0826268,1.1062465,0.0,True,1.2285242246725447,1.2863451843778522
217,148028,327.07648,750,1719.7812,3.0560195,5,213.26942,1.6371766976395123,1.5976449780916018,3893.9011742343305,1.2016534,1.3564901,0.0,True,1.5065197083476587,1.5252985146641211
218,13043,240.10324,750,2342.7422,2.0253315,4,47.79985,1.2022046854762098,1.221088588228708,2275.256766195796,1.0590075,0.98027855,0.0,True,1.1592455298333468,1.1488455767600956
219,583,186.62689,750,3014.0352,4.0835419,5,213.55132,0.934624390018325,0.7950420876251896,1189.1141033360366,0.95899993,0.7723273,0.0,True,0.9419370520128274,0.7882276513376327
220,36485,320.65985,750,1754.1953,2.9786725,5,109.95931,1.6050948656301474,1.4059720438814183,3368.4391535175905,1.1946955,1.3243502,0.0,True,1.4819750559411031,1.3814854907169927
221,0,159.54193,750,3525.7188,0.37242144,1,31.882278,0.799060304657445,0.0,110.58603896059216,0.91646099,0.0,0.0,True,0.8342805102602115,0.0
222,1366,173.17599,750,3248.1406,2.3682504,3,65.378868,0.8673040357311915,0.8928634946772868,1250.522024271801,0.95112926,0.86635476,0.0,True,0.8924516030118341,0.8849108742741008
223,15954,237.94417,750,2364.0,2.8011222,4,70.355652,1.1914032371402352,1.2455986540367254,2302.7261708384276,1.0599917,1.0678884,0.0,True,1.1519797759981647,1.1922855778257078
224,22735,247.9454,750,2268.6445,2.3802016,5,11.014357,1.241436102865859,1.2980549000919006,2487.325976968821,1.0959219,1.2041026,0.0,True,1.1977818420061013,1.2698692100643303
225,2728,225.59288,750,2493.4297,1.9140424,4,54.4412,1.129609084589238,1.0113866819845894,1784.90370012814,1.0603533,1.0875554,0.0,True,1.1088323492124665,1.0342372973892124
226,0,176.5502,750,3186.0625,2.0011153,2,2.5762017,0.8841922199059136,0.0,122.37527335729445,,,,False,0.8841922199059136,0.0
227,1064,188.23604,750,2988.2695,2.7429769,3,35.006073,0.9426775944689255,0.8709653121401024,1312.319290345908,0.97198778,0.81533879,0.0,True,0.9514706501282479,0.8542773554980717
228,0,158.80893,750,3541.9922,2.5171304,3,17.038435,0.7953911577665991,0.0,110.07796207724171,0.9015587,0.0,0.0,True,0.8272414204366194,0.0
229,13399,237.66258,750,2366.8008,2.0613534,4,19.102274,1.189994557192735,1.222950281949039,2258.527606375701,1.0595317,1.0562011,0.0,True,1.1508557000349144,1.1729255273643273
230,1222,186.40921,750,3017.5547,3.4501247,4,35.730869,0.9335350206021426,0.8871694066417324,1325.3470139065264,0.96657008,0.84781575,0.0,True,0.9434455384214997,0.8753633096492127
231,0,225.57945,750,2493.5781,1.0751997,2,12.329938,1.1295419121821098,0.0,156.35975975976316,,,,False,1.1295419121821098,0.0
232,11567,241.61073,750,2328.125,2.1396301,4,72.618454,1.2097462836001487,1.2065862431448224,2260.5303784500416,1.0668479,1.0272368,0.0,True,1.166876768520104,1.1527814102013756
233,13378,244.53033,750,2300.3281,2.0209951,4,78.126251,1.2243520196247426,1.227241818515763,2323.408924575703,1.0531527,1.0482373,0.0,True,1.1729922237373198,1.1735404629610342
234,40672,274.18701,750,2051.5195,4.91079,6,196.24147,1.3726970009653168,1.391400344232647,2910.04115251084,1.1584769,1.3015045,0.0,True,1.3084309706757218,1.364431590962853
235,326,188.26064,750,2987.8789,2.5165868,3,47.860081,0.9428007465699686,0.7234445594924107,1090.5964494431082,0.95490044,0.5918265,0.0,True,0.946430654598978,0.6839591416446875
236,106,166.7821,750,3372.6641,1.2821543,2,21.555401,0.8353009293795481,0.5751635953843179,780.8956785353545,0.90618402,0.3943533,0.0,True,0.8565658565656836,0.5209205067690226
237,434,188.81358,750,2979.1289,2.6971128,3,74.148621,0.9455679890506568,0.7593809758347532,1147.5413899259624,0.97027749,0.79162413,0.0,True,0.9529808393354597,0.7690539220843272
238,13591,245.64325,750,2289.9062,2.0511255,4,22.114588,1.2299194701222051,1.230002449373138,2337.8630169747285,1.0594504,1.0558658,0.0,True,1.1787787490855437,1.1777614545611965
239,13159,241.87128,750,2325.6172,2.840023,4,143.76863,1.2110496773583717,1.2233845779743746,2294.1522810421106,1.0672802,1.041501,0.0,True,1.1679188341508602,1.1688195045820624
240,13169,247.64778,750,2271.3711,2.0187984,4,59.601135,1.2399471687987045,1.2272135701077385,2349.130556187621,1.0653343,1.0621592,0.0,True,1.187563308159093,1.177697259075417
241,0,186.02873,750,3023.7266,1.9931474,2,123.535,0.9316307888074873,0.0,128.9452897026473,0.95485258,0.0,0.0,True,0.9385973261652412,0.0
242,118962,325.12689,750,1730.0938,3.5224617,6,102.63962,1.6274292183678485,1.567054873697941,3799.620176382572,1.1965486,1.3503251,0.0,True,1.498165032857494,1.502035941588559
243,27144,273.63681,750,2055.6445,3.5496812,6,67.847298,1.3699451285553927,1.3380356083703182,2793.554084594417,1.1603445,1.2991555,0.0,True,1.3070649399887748,1.3263715758592227
244,612,176.50909,750,3186.8047,1.1275342,3,102.14878,0.8839864225845491,0.7955616873850452,1133.1874625718674,0.94403577,0.79482436,0.0,True,0.9020012268091844,0.7953404891695316
245,0,163.81097,750,3433.8359,0.94983739,2,83.129112,0.820429188446921,0.0,113.54511200028978,0.91335422,0.0,0.0,True,0.8483066979128446,0.0
246,0,164.88443,750,3411.4805,1.0278038,2,102.34857,0.8258023032719233,0.0,114.28917777273367,0.89668405,0.0,0.0,True,0.8470668272903463,0.0
247,621,180.95181,750,3108.5625,2.4067743,3,105.01633,0.9062219643790461,0.7998303916411214,1164.3428391037887,0.93347394,0.79425782,0.0,True,0.9143975570653322,0.7981586201487849
248,11041,237.18539,750,2371.5625,2.4208527,4,270.95386,1.187607260846848,1.1977329599669264,2208.089727074537,1.0586147,1.0409286,0.0,True,1.1489094925927936,1.1506916519768484
249,8994,249.51311,750,2254.3906,4.0377264,6,426.9068,1.249278409098937,1.1790294768968177,2271.7009210712163,1.0993282,1.2020614,0.0,True,1.2042933463692558,1.1859390538277723
250,1380,214.78496,750,2618.8984,1.4771886,3,136.65504,1.0755319851672984,0.9185570442910365,1553.1716899730268,0.9749099,0.88777721,0.0,True,1.045345359617109,0.9093230940037256
251,0,189.23813,750,2972.4453,0.47370893,1,15.083814,0.94769268712852,0.0,131.1698762639364,,,,False,0.94769268712852,0.0
252,10438,237.11237,750,2372.293,2.8048918,5,66.388397,1.1872418690843112,1.1904607740312403,2194.095571702911,1.0581596,1.0282046,0.0,True,1.1485171883590177,1.1417839218218682
253,3748,247.68057,750,2271.0703,3.5085433,5,104.89728,1.2401112535207541,1.0646780573301151,2038.2900047664543,1.0246004,0.92771631,0.0,True,1.1754579974645278,1.0235895331310807
254,9706,237.19829,750,2371.4336,2.9599705,5,34.454422,1.1876717592073343,1.1811625315788443,2177.647661449468,1.0581614,1.018087,0.0,True,1.148818651445134,1.132239872105191
255,8769,250.81078,750,2242.7266,4.0366211,6,134.80862,1.2557698826546613,1.1765382592426579,2277.162764712807,1.0290049,0.94659603,0.0,True,1.1877403878582629,1.1075555904698606
256,5677,237.19438,750,2371.4727,2.0190721,4,15.597279,1.1876521937976352,1.112167285430761,2050.434038077855,1.0581613,0.97672629,0.0,True,1.1488049256583446,1.0715349868015327
257,91477,324.18195,750,1735.1367,1.4186921,4,75.257019,1.6227047986918914,1.5312309090664213,3703.4107404043853,1.1959733,1.3447056,0.0,True,1.494685349084324,1.4752733163464948
258,104487,324.93466,750,1731.1172,2.0001161,4,110.16,1.6264682267730057,1.5495353077608593,3755.216927813862,1.1965368,1.3456862,0.0,True,1.497488798741104,1.4883805754326016
259,0,267.68585,750,2101.3438,3.9647641,4,93.852203,1.340180363796825,0.0,185.54569220329245,1.1406357,0.0,0.0,True,1.2803169646577774,0.0
260,108455,325.20398,750,1729.6836,4.5361748,6,83.579262,1.6278147226628445,1.554705169354888,3770.4504108809206,1.19682,1.3462042,0.0,True,1.498516305863991,1.4921548785484215
261,26030,272.9061,750,2061.1484,2.0196285,4,39.685631,1.366290500030825,1.3320772157991188,2774.658650458471,1.1615551,1.2994627,0.0,True,1.3048698800215774,1.3222928610593832
262,4804,248.04193,750,2267.7617,3.9940886,5,425.48209,1.241918946413536,1.096992011755749,2102.805329865566,1.0950319,1.0030829,0.0,True,1.1978528324894753,1.0688192782290242
263,16307,243.67668,750,2308.3867,4.0345578,5,427.245,1.2200814950474725,1.252247391979556,2363.535227713851,1.0607651,1.0063539,0.0,True,1.1722865765332309,1.1784793443856891
264,3441,237.68965,750,2366.5312,4.4410615,5,426.61588,1.1901300092959708,1.0480487864443617,1935.7679133164718,1.0598742,0.94996005,0.0,True,1.1510532665071795,1.0186221655110532
265,24282,272.70248,750,2062.6875,2.0269437,4,184.41191,1.3652720128706144,1.3228406805166555,2753.6331926044445,1.1620501,1.2998741,0.0,True,1.3043054390094302,1.315950706361659
266,235,200.2531,750,2808.9453,4.0029402,4,48.537579,1.0028156930246195,0.6879986308046102,1094.9959942487476,1.0341554,0.7722643,0.0,True,1.0122176051172336,0.7132783315632272
267,0,158.8792,750,3540.4258,1.016391,2,62.225063,0.7957428661099398,0.0,110.12666952961966,0.93110067,0.0,0.0,True,0.8363502072769579,0.0
268,16903,250.98477,750,2241.1719,4.02455,6,113.12148,1.2566402329994402,1.261688653512111,2443.4282738960273,1.0294409,0.97495568,0.0,True,1.188480433099608,1.1756687614584778
269,24027,272.70972,750,2062.6328,2.9715183,5,125.54473,1.3653081841351142,1.3214622702096697,2750.8275034965227,1.1620502,1.3000854,0.0,True,1.3043307888945799,1.3150492091467687
270,14966,251.06879,750,2240.4219,4.4361434,6,120.4524,1.2570605286515426,1.245970070413717,2413.692461206652,1.0295178,0.9751963,0.0,True,1.1887977100560798,1.164737939289602
271,3856,230.53943,750,2439.9297,3.1033423,5,10.910701,1.1543575800211596,1.058543058290955,1903.7725257561863,1.0202795,0.94012344,0.0,True,1.1141341560148117,1.0230171728036686
272,16684,251.79623,750,2233.9492,3.0927978,5,30.377625,1.2606995092168447,1.2605252771370803,2448.044863281267,1.0296969,0.98496282,0.0,True,1.1913987264517913,1.1778565399959562
273,15241,242.99614,750,2314.8516,2.9520535,5,102.91224,1.2166770021324613,1.2430714760584654,2340.5086064035786,1.0589108,0.99393529,0.0,True,1.169347141492723,1.1683306202409258
274,19354,256.20404,750,2195.5156,2.6160126,5,47.449604,1.2827485998614965,1.28265320343951,2528.9280077525855,1.0354842,1.0218146,0.0,True,1.2085692799030476,1.2044016224076568
275,19477,253.43947,750,2219.4648,3.189574,5,50.58477,1.2689195251141483,1.2816719380889998,2503.2450227449085,1.0499825,1.0769964,0.0,True,1.2032384175799038,1.2202692766622998
276,1548,192.74786,750,2918.3203,3.6430354,4,29.385893,0.965257153153302,0.9204958984371316,1415.927747498938,0.95348734,0.87314349,0.0,True,0.9617262092073113,0.9062901759059921
277,1365,180.76804,750,3111.7227,2.8885074,3,49.160568,0.9053022155999302,0.8975305713688858,1305.2128265318684,0.95111752,0.8663339,0.0,True,0.9190468069199511,0.88817156995822
278,0,149.12251,750,3772.0664,0.88491243,1,34.467113,0.7469026138686369,0.0,103.36384736452224,0.87259233,0.0,0.0,True,0.7846095287080458,0.0
279,1365,180.43462,750,3117.4727,2.9931567,3,52.207848,0.9036335080200563,0.8973248254811531,1302.8054094872277,0.95038253,0.86628997,0.0,True,0.9176582146140394,0.8880143688368072
280,0,145.84981,750,3856.707,0.9890663,1,58.587425,0.7305193317538223,0.0,101.0953845867037,0.86346287,0.0,0.0,True,0.7704023932276756,0.0
281,16742,250.74614,750,2243.3047,4.0112276,6,134.90498,1.2554465588005923,1.2602932321412925,2438.7056209098337,1.0292715,0.97095209,0.0,True,1.1875940411604144,1.173490889498905
282,370,186.79466,750,3011.3281,2.0492668,3,104.09245,0.9354640336290616,0.7384976169827269,1105.6177650850418,0.92399931,0.6261847,0.0,True,0.9320246165403432,0.7048037418879088
283,1,180.76872,750,3111.7109,2.5746868,3,162.50031,0.9053056464149567,0.08617062654291245,198.59473719880472,0.92429954,0.31832394,0.0,True,0.9110038144904697,0.15581662058003876
284,1613,236.90405,750,2374.3789,2.5859129,4,166.74098,1.1861997508367863,0.9501806957685659,1750.0315945425402,1.0577036,0.90792334,0.0,True,1.1476509055857504,0.9375034890379961
285,5384,247.9198,750,2268.8789,3.0251932,5,206.50446,1.2413079618969538,1.111667913449199,2130.017408822619,1.0950643,1.003106,0.0,True,1.1974348633278677,1.0790993394144393
286,0,249.5862,750,2253.7305,1.9997787,3,355.81055,1.2496439885322277,0.0,172.9999708366706,1.0993285,1.2034888,11.736841907709136,True,1.2045493419725593,0.36104664000000003
287,5529,172.68547,750,3257.3672,4.0738907,5,127.46059,0.8648488759025974,1.0653120436233678,1488.2247779156687,0.8999815,0.90608573,0.0,True,0.8753886631318182,1.0175441495363575
288,24433,255.56339,750,2201.0195,3.0259461,5,51.764065,1.2795438529136018,1.3125072727132463,2582.1541754744544,1.0452712,1.0737069,0.0,True,1.2092620570395214,1.2408671608992723
289,23809,255.14136,750,2204.6602,3.0334392,5,50.303265,1.27743277332586,1.3088660584984733,2571.2898614878227,1.0441337,1.068732,0.0,True,1.2074430513281018,1.2368258409489312
290,3409,202.94981,750,2771.6211,3.9943802,6,96.113533,1.0163104322626464,1.0260079572945913,1650.9481551873155,0.94004744,0.84621543,0.0,True,0.9934315345838525,0.972070199106214
291,2561,204.32806,750,2752.9258,2.0167701,4,51.074375,1.023207252650433,0.9907889735502744,1603.7574013765413,0.94775134,0.88924676,0.0,True,1.0005704788553031,0.960326309485192
292,0,161.18976,750,3489.6758,2.003648,2,78.536331,0.8073086450562783,0.0,111.72822767913425,0.86084425,0.0,0.0,True,0.8233693265393949,0.0
293,19849,254.40123,750,2211.0742,4.035809,6,145.83136,1.2737304782071006,1.2847574342791155,2517.55703027772,1.0428097,1.0660601,0.0,True,1.2044542447449704,1.219148233995381
294,1567,204.31966,750,2753.0391,3.0470624,4,52.81633,1.0231651736172442,0.9288026167582626,1503.4236457725372,0.94775128,0.84031004,0.0,True,1.000541005532071,0.9022548437307838
295,10447,211.43015,750,2660.4531,2.978606,5,130.65646,1.0587454325763697,1.173287879614685,1956.629909565816,0.99638569,1.0259807,0.0,True,1.0400375098034589,1.1290957257302796
296,16107,253.72214,750,2216.9922,3.0149233,5,126.26553,1.270333468983711,1.2572025639328217,2457.8402169666815,1.0417442,1.0544963,0.0,True,1.2017566882885975,1.1963906847529753
297,2514,212.82445,750,2643.0234,3.5988824,4,45.401566,1.0657221630151916,0.9935558546527171,1666.5060253785223,0.98281711,0.91669393,0.0,True,1.0408506471106342,0.970497277256902
298,20723,255.98817,750,2197.3672,3.0892766,5,50.269115,1.2816686813706217,1.2913926195257535,2544.290991375451,1.0456135,1.0730847,0.0,True,1.2108521269594352,1.2259002436680273
299,906,229.75375,750,2448.2734,1.6294959,3,39.799374,1.150426747918741,0.8726070938485694,1564.908938150067,1.0194046,0.81016362,0.0,True,1.1111201035431189,0.8538740516939987
300,352,213.29762,750,2637.1602,1.0071781,2,71.54335,1.0680897882113396,0.7446084167516246,1251.9070626447808,0.99026328,0.65875417,0.0,True,1.0447418357479377,0.7188521427261372
301,104,186.05925,750,3023.2305,1.1792158,2,52.334927,0.9317835646155876,0.5806510199769634,867.6759802711706,0.94338042,0.3458176,0.0,True,0.9352626212309114,0.5102009939838744
302,430,199.69435,750,2816.8047,2.177495,3,24.602903,1.0000196392016079,0.7635681234137678,1211.8303033677753,0.98386425,0.78511357,0.0,True,0.9951730224411255,0.7700317573896375
303,2716,201.25449,750,2794.9688,1.7217963,3,34.131683,1.0078267798603247,0.9963000260060852,1591.450388791267,0.9567849,0.91837388,0.0,True,0.9925142159022273,0.9729221822042597
304,1360,155.77806,750,3610.9062,2.267617,2,23.14152,0.7802195526343298,0.880797777587592,1124.2050034231952,0.86029881,0.86001629,0.0,True,0.8042433298440309,0.8745633313113144
305,0,125.2675,750,4490.3906,1.1739734,1,15.759579,0.6274743917133556,0.0,86.82881444079294,0.77615547,0.0,0.0,True,0.6720787151993489,0.0
306,13674,226.75273,750,2480.6758,2.8169153,4,113.36908,1.1354120659144447,1.2182066922557004,2159.4564388605068,1.0285494,0.96774554,0.0,True,1.1033532661401113,1.1430683465789904
307,0,190.92548,750,2946.1758,2.0865798,2,166.95642,0.9561370319482971,0.0,132.33945815905423,0.93999642,0.0,0.0,True,0.951294848363808,0.0
308,18967,272.83319,750,2061.6992,3.024538,5,231.85425,1.3659258379679542,1.290559988749446,2687.5600755181476,1.1623009,1.3045461,0.0,True,1.3048383565775679,1.2947558221246123
309,28217,257.62085,750,2183.4414,3.0136807,5,228.30949,1.2898355723808455,1.3325974790776507,2640.0342688291867,1.0825007,1.1007768,0.0,True,1.2276351106665917,1.2630512753543555
310,466,199.53995,750,2818.9844,2.9467607,4,121.36536,0.9992469504878498,0.7735906784047786,1226.8650563439926,1.0229611,0.81450337,0.0,True,1.006361195341495,0.785864485883345
311,2077,204.62685,750,2748.9062,3.086874,4,89.888908,1.0247023541092737,0.9645345706242772,1563.2759364911785,1.0340244,0.89551741,0.0,True,1.0274989678764916,0.9438294224369941
312,1214,198.92772,750,2827.6602,3.9152608,4,95.785637,0.9961832375045586,0.8935911337493389,1413.047662324017,1.0001525,0.78127772,0.0,True,0.997374016253191,0.8598971096245371
313,831,194.80493,750,2887.5039,1.3217671,4,12.83321,0.9755515675454863,0.8437288745307413,1310.069707909957,0.99966723,0.83723319,0.0,True,0.9827862662818404,0.8417801691715189
314,0,124.07023,750,4533.7227,1.9719585,2,52.010185,0.6214798049875925,0.0,85.99893011592394,0.84077531,0.0,0.0,True,0.6872684564913147,0.0
315,0,175.26158,750,3209.4883,1.9937444,3,44.487492,0.8777425902731131,0.0,121.48207003748131,0.96330142,0.0,0.0,True,0.9034102391911791,0.0
316,3272,231.38217,750,2431.043,2.0769141,3,56.226254,1.1585738760366324,1.0379814801496352,1872.753547306128,1.0517881,0.61990249,0.0,True,1.1265381432256427,0.9125577831047447
317,4453,244.01733,750,2305.1641,2.0311513,4,183.47162,1.2217856801229685,1.0848828111908961,2050.1804938247487,1.0724211,0.85298967,0.0,True,1.1769763060860778,1.0153148688336273
318,2692,227.11285,750,2476.7422,2.9925709,3,80.149429,1.137213889800156,1.0105555478393258,1793.9149726212443,1.0737741,0.92611796,0.0,True,1.1181819528601094,0.9852242714875281
319,1348,175.4929,750,3205.2578,1.9536195,2,110.50483,0.878900367495808,0.8926901269232169,1264.9282316313122,0.96529269,0.86718482,0.0,True,0.9048180642470656,0.8850385348462517
320,0,142.92151,750,3935.7266,0.97757715,1,101.45127,0.7158597702221877,0.0,99.06564169787003,0.87671721,0.0,0.0,True,0.7641170021555315,0.0
321,32500,325.14304,750,1730.0078,2.062799,4,66.456779,1.627510025690298,1.3930764489588496,3377.92954478761,1.2131784,1.3785766,0.0,True,1.5032105379832086,1.3887264942711948
322,27468,323.08728,750,1741.0156,1.0401241,3,145.63695,1.6172316868958583,1.3693579766163249,3302.226554414569,1.2141049,1.3788248,0.0,True,1.4962936508271008,1.3721980236314275
323,23652,228.79732,750,2458.5078,3.0076566,4,103.05711,1.14564158629117,1.2897749065338417,2304.283591880637,1.0766006,1.0796759,0.0,True,1.1249292904038188,1.2267452045736893
324,26200,321.5549,750,1749.3125,1.0254817,3,103.82511,1.6095699991142622,1.3621599833359868,3271.3680439495743,1.2145251,1.3785137,0.0,True,1.4910565293799833,1.3670660983351908
325,7487,236.71713,750,2376.2539,2.6259184,4,37.980232,1.185264558621683,1.1474703917089861,2111.7986246584537,1.0569763,0.93599123,0.0,True,1.146778081035178,1.0840266431962902
326,52,198.48434,750,2833.9766,3.501729,4,117.63182,0.9939644985342251,0.49937674569099055,791.7508657528393,0.9712534,0.36131716,0.0,True,0.9871511689739576,0.4579588699836934
327,2454,200.94275,750,2799.3047,2.9880347,3,47.574158,1.0062668509690489,0.983331804846333,1568.617237080863,1.0338622,0.91312319,0.0,True,1.0145454556783342,0.962269220392433
328,1349,159.17741,750,3533.793,1.984206,3,183.10042,0.7972356014828347,0.8821296462537671,1147.4463315216292,0.93267059,0.86518526,0.0,True,0.8378660980379842,0.877046330377637
329,4769,220.20032,750,2554.4922,4.0103664,5,208.38004,1.1026280694593147,1.079436270859792,1865.1652379542327,1.002363,0.88279188,0.0,True,1.0725485486215203,1.0204429536018544
330,5550,206.43237,750,2724.8633,2.0497618,4,64.481583,1.0337372097361084,1.089803421198476,1779.8420381913882,0.97285074,0.87146574,0.0,True,1.0154712688152758,1.0243021168389332
331,1441,206.64833,750,2722.0156,1.675544,3,71.662697,1.0348178839628512,0.9195417630436885,1503.2590524397572,0.9807232,0.83060724,0.0,True,1.0185894787739957,0.892861406130582
332,1216,196.99635,750,2855.3828,0.92114449,2,33.599392,0.9865181728796704,0.8927034449555102,1399.6522601852728,0.93871361,0.77509391,0.0,True,0.9721768040157692,0.8574205844688572
333,1296,200.63087,750,2803.6562,1.7594823,3,34.080238,1.0047061571812672,0.902775277109874,1438.238421452594,0.93189126,0.75781763,0.0,True,0.982861688026887,0.8592879829769119
334,5301,207.2336,750,2714.3281,2.0150177,3,44.081081,1.0377465296161374,1.0845327993947014,1777.2411514028452,0.97788757,0.86780649,0.0,True,1.0197888417312961,1.019514906576291
335,5263,210.81233,750,2668.25,1.2804502,3,120.34353,1.055653987107498,1.0859719543049053,1806.4163720520653,0.99606621,0.89082134,0.0,True,1.0377776539752486,1.0274267700134336
336,34461,257.66879,750,2183.0352,3.0187855,5,257.81241,1.2900753539685752,1.3586246351809859,2692.031160085315,1.0825014,1.1053296,0.0,True,1.2278031677780026,1.28263612462669
337,0,102.55724,750,5484.7422,1.989825,2,60.410465,0.5137584301069944,0.0,71.08726175200964,0.70178705,0.0,0.0,True,0.5701670160748961,0.0
338,0,164.79347,750,3413.3633,2.0873826,2,36.913277,0.8253470601718407,0.0,114.22612910518994,0.87668198,0.0,0.0,True,0.8407475361202885,0.0
339,86,178.09505,750,3158.4258,4.3821459,5,78.527794,0.8919241385365847,0.5541668839759522,797.391523841337,0.9620083,0.79645008,0.0,True,0.9129493869756093,0.6268518427831665
340,427,167.26332,750,3362.9609,2.9871788,3,25.417118,0.8377096028289055,0.7460624889092998,1013.8594082968709,1.0332948,0.82605273,0.0,True,0.8963851619802339,0.7700595612365099
341,631,203.23367,750,2767.75,5.6756859,5,52.541481,1.017730863461972,0.8135476793028104,1310.95277711881,1.1427625,0.89061886,0.0,True,1.0552403544233804,0.8366690335119673
342,2998,230.07532,750,2444.8516,3.2469227,4,48.488605,1.1520355623830216,1.0260244831678065,1842.067580164752,1.0726734,0.93532908,0.0,True,1.1282269136681151,0.9988158622174645
343,173569,328.62006,750,1711.7031,1.9978384,4,18.092827,1.6448940654152966,1.620027392334736,3964.58479734333,1.2114071,1.3759207,0.0,True,1.5148479757907076,1.5467953846343152
344,0,186.86617,750,3010.1758,2.1410611,3,12.240452,0.9358218929565122,0.0,129.52575887753545,0.96722931,0.0,0.0,True,0.9452441180695585,0.0
345,161388,329.77527,750,1705.707,6.8565006,7,59.955772,1.650669616669485,1.6110143625301483,3954.5262271943247,1.2114331,1.3759221,0.0,True,1.5188986616686395,1.5404866837711038
346,7970,238.08107,750,2362.6406,3.9549761,5,44.454056,1.1920881587983376,1.1563639760868796,2138.8466899607147,1.1080208,0.95515805,0.0,True,1.1668679511588365,1.0960021982608157
347,83157,330.34039,750,1702.7891,2.222584,6,10.312626,1.6534948863022392,1.5222827033018547,3742.264317995447,1.211637,1.377952,0.0,True,1.5209375204115674,1.478983492311298
348,8094,245.20029,750,2294.043,4.1906643,5,48.073151,1.2277035138600612,1.1627551924880954,2206.5881557488447,1.0743495,0.94445282,0.0,True,1.181697309702043,1.097264480741667
349,1876,179.25899,750,3137.918,2.6361935,3,37.508957,0.8977495778787206,0.9360627088811916,1351.2475730477627,1.1050376,1.0224662,0.0,True,0.9599359845151043,0.9619837562168341
350,2857,202.67445,750,2775.3867,5.5838995,5,59.079639,1.0149325115850079,1.0035627966585494,1612.9293191789689,1.1511948,1.0311289,0.0,True,1.0558111981095055,1.0118326276609846
351,13251,238.32932,750,2360.1797,4.0585752,6,54.139198,1.1933300667488576,1.2219609906125741,2262.216953166622,1.0570276,1.0041965,0.0,True,1.1524393267242004,1.1566316434288018
352,60583,295.59442,750,1902.9453,3.0766811,5,109.32513,1.479759056112423,1.457986870386127,3255.0274076277574,1.124851,1.2459266,0.0,True,1.373286639278696,1.394368789270289
353,5762,219.88493,750,2558.1562,3.0108664,5,43.105267,1.1010500293200065,1.1033355318074984,1904.068694909115,1.0037241,0.89170462,0.0,True,1.0718522505240045,1.039846258265249
354,4768,219.82954,750,2558.8008,1.9647939,4,77.246208,1.1007728750607217,1.0791780473002979,1861.9785349381368,1.0039568,0.90425032,0.0,True,1.0717280525425052,1.0266997291102085
355,2958,219.48543,750,2562.8125,3.073103,4,41.515446,1.0990511232590283,1.0181625003034271,1754.33487093427,1.0046605,0.89334035,0.0,True,1.0707339362813197,0.9807158552123989
356,11721,238.23744,750,2361.0898,3.6992598,5,100.06923,1.1928704779115022,1.2061075893108373,2232.119953223344,1.0570207,0.99386477,0.0,True,1.1521155445380515,1.1424347435175861
357,70,157.25348,750,3577.0273,2.9814713,3,81.364784,0.7876050733320186,0.5209109612483925,672.5206300133689,0.85758549,0.32050046,0.0,True,0.808599198332413,0.46078781087387477
358,308,170.46605,750,3299.7773,2.9906926,3,49.802673,0.8537402141185586,0.7075998559468606,977.8908200907028,0.90486932,0.62224299,0.0,True,0.8690789458829911,0.6819927961628024
359,1250,196.94812,750,2856.082,3.0607991,4,48.50288,0.986276831481321,0.8961383780612494,1404.7319837040484,0.93831605,0.75225562,0.0,True,0.9718885970369247,0.8529735506428746
360,13821,225.19775,750,2497.8047,1.8689961,4,10.346975,1.1276321142502839,1.2185031430976043,2147.0554249839847,0.99213654,1.0170772,0.0,True,1.0869834419751987,1.158075360168323
361,58737,295.32767,750,1904.6641,2.0807476,4,98.529968,1.4784250980934694,1.453716318512587,3242.951556355497,1.1245348,1.245665,0.0,True,1.3722580086654286,1.391300922958811
362,79589,329.90448,750,1705.0391,1.7903024,4,61.493355,1.6513154614172556,1.5161212150646144,3722.85866866766,1.2116905,1.3780808,0.0,True,1.5194279729920788,1.47470909054523
363,83178,252.90178,750,2224.1836,5.0869408,6,37.777496,1.266229819981513,1.469645238625644,2865.0641289395267,1.0759704,1.0740584,0.0,True,1.2091519939870592,1.350969187037951
364,69395,328.05185,750,1714.668,2.2753088,4,27.059731,1.642053127962889,1.4965766284401336,3656.9904480734026,1.2119578,1.3779856,0.0,True,1.5130245295740221,1.4609993199080935
365,81459,252.07216,750,2231.5039,2.0198696,4,11.869367,1.2620797568671343,1.4663119831981046,2850.4016501829165,1.0747696,1.0694723,0.0,True,1.2058867098069939,1.3472600782386732
366,0,188.55745,750,2983.1758,2.0168991,2,73.446075,0.9442861151004227,0.0,130.69806484107283,0.96334636,0.0,0.0,True,0.9500041885702959,0.0
367,42330,249.42667,750,2255.1719,4.0298219,5,49.986317,1.2488459824764773,1.3795449490347413,2657.21678937841,1.1438177,1.0471076,0.0,True,1.217337497733534,1.279813744324319
368,749,192.38965,750,2923.7539,3.017081,4,50.701336,0.9634645139065854,0.8294116964323377,1273.8899158509237,1.0189064,0.51624262,0.0,True,0.9800970797346098,0.7354609735026363
369,1083,192.23453,750,2926.1133,3.0399132,5,49.750462,0.962688178450539,0.8754716634532314,1343.5915798670446,1.0195947,0.87106138,0.0,True,0.9797601349153773,0.874148578417262
370,4917,193.41295,750,2908.2852,2.9955037,5,26.936859,0.9685855046350085,1.0657327369534941,1644.1765139601703,1.0204008,0.91706526,0.0,True,0.984130093244506,1.021132493867446
371,9009,238.05548,750,2362.8945,1.2900736,4,159.07919,1.1919601737302854,1.1721192093749404,2167.7811291218513,1.1094249,1.0467913,0.0,True,1.1671995916112,1.1345208365624582
372,666,211.04065,750,2665.3633,3.226341,4,66.823845,1.0567964472907745,0.8242626746889845,1372.6692039304864,0.96759611,0.61326951,0.0,True,1.0300363461035422,0.7609647252822891
373,2603,215.04573,750,2615.7227,2.4622145,4,59.15984,1.0768367707831683,0.9992836545271327,1691.3750851954503,0.97606879,0.912938,0.0,True,1.0466063765482179,0.9733799581689929
374,604,118.20952,750,4758.5,2.0318768,3,24.447397,0.5921352923167307,0.7563755211075667,757.3542078508603,0.75669616,0.78233713,0.0,True,0.6415035526217114,0.7641640037752966
375,1204,139.74518,750,4025.1836,2.9892702,3,50.821846,0.6999581690474198,0.8546168305293634,991.5010485155781,0.82262284,0.83812636,0.0,True,0.7367575703331939,0.8496696893705544
376,2051,202.70641,750,2774.9492,3.162117,5,93.03064,1.0150924111517043,0.9618009655526604,1546.053427867781,0.93839931,0.81071705,0.0,True,0.992084480806193,0.9164757908868623
377,2079,139.79158,750,4023.8477,3.0081758,3,51.124821,0.7001904366809,0.9204148020376627,1068.0920810456118,0.82319552,0.89246595,0.0,True,0.7370919616766299,0.9120301464263638
378,1336,118.06724,750,4764.2344,1.9740376,3,25.450205,0.5914228765320053,0.8498925790010957,849.9579425378283,0.75621712,0.85191536,0.0,True,0.6408611495724037,0.8504994133007671
379,3006,171.44775,750,3280.8828,3.0077178,4,48.351238,0.8586538816048495,0.9891211593524296,1373.1302906361639,0.90223885,0.98136026,0.0,True,0.8717293721233947,0.9867928895467007
380,0,191.6183,750,2935.5234,1.9771259,2,121.50457,0.959604290836899,0.0,132.81968438868978,0.94135761,0.0,0.0,True,0.9541302865858292,0.0
381,4465,171.44734,750,3280.8906,1.9975358,4,49.418129,0.8586518414819538,1.0379736287215133,1440.9244235994458,0.90223885,0.96529007,0.0,True,0.8717279440373678,1.0161685611050593
382,5833,171.4451,750,3280.9336,3.0400739,5,48.57222,0.85864059482464,1.0709738531769304,1486.7083944575872,0.90223879,0.92280221,0.0,True,0.871720053377248,1.0265223602238513
383,8510,210.85493,750,2667.7109,3.0398288,5,95.555595,1.0558671574041205,1.1468948121258105,1908.0752245267468,0.99638242,1.0188018,0.0,True,1.0380217361828843,1.1084669084880674
384,1862,156.07387,750,3604.0625,2.9886956,4,24.900787,0.7817002780938479,0.919334153262884,1175.3111558155524,0.92179102,0.81904745,0.0,True,0.8237275006656936,0.8892481422840188
385,35801,248.78716,750,2260.9688,3.0466347,5,49.923092,1.2456468949434019,1.3574018350538488,2608.729160074157,1.1446462,1.0487543,0.0,True,1.2153466864603812,1.264807574537694
386,80474,251.86406,750,2233.3477,1.9982527,4,142.43466,1.2610387453700365,1.4645778139107937,2844.984459742363,1.0744946,1.0675831,0.0,True,1.2050755017590256,1.3454793997375556
387,115,156.07405,750,3604.0586,2.9985564,4,24.052612,0.7817011235130223,0.5803680286952526,743.2517728083218,0.92179102,0.86298203,0.0,True,0.8237280924591156,0.6651522290866768
388,2389,189.12231,750,2974.2656,3.0062962,4,27.852331,0.947113073199447,0.9725317532134273,1471.270763454413,1.0204424,0.95778233,0.0,True,0.969111871239613,0.9681069262493991
389,210,191.75557,750,2933.4219,3.0082908,4,73.836609,0.9602912818337278,0.6702434068732172,1027.1552543539083,0.99862319,0.83562607,0.0,True,0.9717908542836095,0.7198582058112519
390,481,161.95935,750,3473.0938,4.0182557,5,237.91837,0.8111608553051997,0.7576892740653008,1000.9114802147458,1.0314484,0.79231757,0.0,True,0.8772471187136398,0.7680777628457105
391,5153,191.78444,750,2932.9805,2.9882588,4,49.128014,0.9604357027495741,1.070475387282546,1639.3201530788247,0.99862474,0.86496133,0.0,True,0.9718924139247018,1.0088211700977823
392,3312,155.73679,750,3611.8633,3.0004725,4,47.174271,0.7800129183286475,0.9893565304013228,1262.3885899994734,0.9319315,0.80722004,0.0,True,0.8255884928300533,0.934715583280926
393,33042,248.5999,750,2262.6719,2.0137668,4,164.88817,1.2447101317739655,1.3468894510982876,2586.8299474611154,1.1449267,1.0740614,0.0,True,1.2147751022417759,1.2650410357688013
394,5773,218.4834,750,2574.5664,2.2910709,4,37.372543,1.0940374209156016,1.102681140090129,1892.348860010026,1.000272,0.96236134,0.0,True,1.0659077946409212,1.0605852000630902
395,2110,196.96051,750,2855.9023,3.0252695,5,50.429028,0.9863388468786342,0.9618913526751344,1507.8096456541878,0.93831629,0.88576573,0.0,True,0.9719320798150439,0.9390536658725941
396,5903,218.42241,750,2575.2852,2.0261173,4,46.954224,1.0937322959344185,1.1054765420976755,1896.68295119458,1.0005955,0.97920656,0.0,True,1.0657912571540928,1.067595547468373
397,6322,218.35651,750,2576.0625,3.1044846,5,47.512482,1.0934025296414638,1.1141625878381294,1911.0795829730773,1.0019888,0.99497163,0.0,True,1.0659784107490247,1.0784053004866905
398,7650,218.66818,750,2572.3906,3.9782169,5,40.869919,1.0949620694986208,1.1386387708323886,1955.488816268945,1.0024016,1.0213598,0.0,True,1.0671939286490346,1.103455079582672
399,9318,204.61491,750,2749.0664,2.7860019,4,96.419128,1.024642683678517,1.1540008523633825,1870.1634800872573,0.94774133,0.96659684,0.0,True,1.0015722775749618,1.0977796486543676
400,0,191.81534,750,2932.5078,4.0111752,4,204.52649,0.9605904128364547,0.0,132.9562621091473,0.93735379,0.0,0.0,True,0.9536194259855184,0.0
401,8135,238.05902,750,2362.8594,2.0060396,4,99.450623,1.1919778651846265,1.158987483158242,2143.525514602942,1.1093304,1.0529362,0.0,True,1.1671836256292385,1.1271720982107696
402,70,192.36267,750,2924.1641,3.9783325,4,203.58617,0.9633294520542428,0.5340506608820095,822.6709133524662,0.93845302,0.32264566,0.0,True,0.9558665224379699,0.47062916061740667
403,1548,196.50923,750,2862.4609,4.1595654,6,204.42108,0.9840804805797128,0.9227283654332427,1443.5588099221995,0.93997979,0.85572565,0.0,True,0.9708502734057989,0.90262755080327
404,1157,192.64549,750,2919.8711,2.0105526,3,87.884789,0.9647448373317347,0.8839806155349679,1359.1741998084797,1.0186603,0.81930155,0.0,True,0.9809194761322143,0.8645768958744775
405,580,155.25406,750,3623.0938,2.0002418,3,24.821074,0.7775964470419486,0.7765763385144516,988.4203848803236,0.92034739,0.76171446,0.0,True,0.8204217299293641,0.7721177749601162
406,0,129.29247,750,4350.6016,4.0040307,4,88.128578,0.6476264813838686,0.0,89.61871104813132,0.83883595,0.0,0.0,True,0.704989321968708,0.0
407,1692,188.94662,750,2977.0312,2.0100691,4,88.212608,0.9462338155685636,0.9293182942949952,1404.789376235489,1.020007,0.87913918,0.0,True,0.9683657708979945,0.9142645600064967
408,87,155.25439,750,3623.0859,2.9954054,4,24.112862,0.777598141625774,0.546289224319238,696.8805015145778,0.92034739,0.76663536,0.0,True,0.8204229161380419,0.6123930650234666
409,1090,188.9496,750,2976.9844,2.0435796,3,46.234035,0.946248680951064,0.8743919513371958,1321.847216927339,1.020007,0.74946791,0.0,True,0.9683761766657448,0.8369147389360371
410,629,159.16104,750,3534.1562,1.5753412,3,10.997544,0.7971537170993173,0.7888456753600377,1026.1599062801565,1.0132351,0.74702793,0.0,True,0.8619781319695221,0.7763003517520264
411,0,-1.0,1,-1.0,0.0,0,192.35118,1.0,0.0,-0.6931471805599453,1.01507,0.0,5.52032192634363,True,1.004521,0.0
412,12,140.27077,750,4010.1016,3.0038502,3,29.528234,0.7025894007952831,0.3091298701284235,370.1826036992761,0.89962178,0.1899211,0.0,True,0.7616991145566983,0.27336723908989646
413,206,144.1619,750,3901.8633,2.9668555,3,25.94545,0.7220693560334954,0.6448286510112582,769.4696308920934,0.96336061,0.81639051,0.0,True,0.7944567322234468,0.6962972087078807
414,233,160.41977,750,3506.4258,3.0888844,4,40.494877,0.8034543751997824,0.6682815514355706,875.8254524743377,1.0179759,0.79856902,0.0,True,0.8678108326398477,0.7073677920048993
415,1733,160.59724,750,3502.5508,1.9653622,4,32.914009,0.8043427588704939,0.9137579147920487,1197.8567022113511,1.0184114,0.921323,0.0,True,0.8685633512093458,0.9160274403544341
416,0,4.9618411,8,12.898438,0.92789078,1,145.11758,0.8138928746814387,0.0,3.4392861688514573,1.0147681,0.79770136,4.4561480571197345,True,0.874155442277007,0.23931040800000003
417,12,8.7427959,8,7.3203125,2.0666246,3,76.954102,1.3010006404917414,1.0988963319029703,23.072739601225233,0.92209536,0.29310444,0.0,True,1.187329056344219,0.8571587643320792
418,0,129.17174,750,4354.668,1.99385,2,45.893036,0.6470220037592482,0.0,89.5350273890223,0.84761405,0.0,0.0,True,0.7071996176314738,0.0
419,0,151.43643,750,3714.4297,2.0000405,2,143.71358,0.7584860434932474,0.0,104.96773448856352,0.92168695,0.0,0.0,True,0.8074463154452732,0.0
420,73743,251.84468,750,2233.5195,3.0257483,5,95.418785,1.260941834358321,1.4532381120208708,2822.767971982405,1.0744942,1.0590069,0.0,True,1.2050075440508246,1.3349687484146098
421,0,159.53133,750,3525.9531,2.0358651,3,152.5376,0.7990072371069208,0.0,110.57869160047821,1.0211068,0.0,0.0,True,0.8656371059748447,0.0
422,1647,155.6666,750,3613.4922,2.9984026,5,46.977318,0.7796614964551152,0.9040745520841611,1153.166392350156,0.93226957,0.91487962,0.0,True,0.8254439185185807,0.9073160724589128
423,2235,194.22295,750,2896.1562,3.0108097,5,65.796013,0.9726391072619883,0.9674202869882871,1498.0204355689493,1.0341095,0.95650703,0.0,True,0.9910802250833919,0.9641463098918011
424,3666,194.7122,750,2888.8789,4.028482,6,49.743618,0.975087562150665,1.0297964290703399,1598.0812672607435,1.0344814,0.97859013,0.0,True,0.9929057135054655,1.014434539349238
425,5942,195.05746,750,2883.7656,4.0092325,6,49.83802,0.9768153238342699,1.0906233859500185,1695.0761646532455,1.0347486,0.98415554,0.0,True,0.994195306683989,1.058683032165013
426,17191,189.93452,750,2961.5469,2.9903109,4,43.464008,0.951177813002992,1.219866716572405,1852.290366783912,1.0234329,0.93674517,0.0,True,0.9728543391020944,1.1349302526006835
427,15232,247.76921,750,2270.2578,1.9960322,4,21.86326,1.2405546848926194,1.2461195163660335,2386.335888354413,1.1461129,1.0862943,0.0,True,1.2122221494248335,1.1981719514562235
428,0,146.88692,750,3829.4766,2.0358057,3,38.105301,0.7357111509107994,0.0,101.81425445913425,0.91783321,0.0,0.0,True,0.7903477686375596,0.0
429,0,172.87891,750,3253.7227,2.0227485,3,25.303642,0.8658169994249807,0.0,119.83052904477653,1.0090708,0.0,0.0,True,0.9087931395974864,0.0
430,1350,173.97398,750,3233.2422,4.0310273,6,40.263332,0.8712980002158096,0.891914178245024,1254.2376176154296,1.0120637,0.94979841,0.0,True,0.9135277101510668,0.9092794477715167
431,0,177.13049,750,3175.625,2.0080926,3,25.693377,0.8870965136143493,0.0,122.77749973470159,1.0151172,0.97417551,9.838434906621677,True,0.9255027195300445,0.29225265300000003
432,1364,147.00673,750,3826.3555,3.0052056,5,41.417332,0.7363109458026551,0.8749714428091278,1061.3359680901483,0.92159462,0.88822502,0.0,True,0.7918960480618586,0.8789475159663895
433,5314,227.6777,750,2470.5977,3.009156,5,83.485603,1.1400399098785041,1.0978903589184983,1953.1277807718425,1.0746671,1.0139251,0.0,True,1.120428066914953,1.0727007812429488
434,4012,147.78613,750,3806.1758,3.0063431,5,39.489857,0.7402126916183325,1.0063220361614524,1226.2618467101067,0.92154551,0.90207738,0.0,True,0.7946125371328328,0.9750486393130167
435,1340,175.43091,750,3206.3906,4.0213385,5,37.849171,0.8785900504364389,0.8919143970306982,1263.4387333284224,0.9636904,0.86707693,0.0,True,0.9041201553055073,0.8844631569214887
436,5309,148.11935,750,3797.6133,2.8998203,4,85.289925,0.7418807748340591,1.0405717244628765,1270.4989710749423,0.9215529,0.9148891,0.0,True,0.7957824123838415,1.0028669371240135
437,6623,178.23128,750,3156.0117,2.8856452,3,31.844334,0.8926059580696919,1.0918886645280625,1568.186747367017,0.97073042,0.93531525,0.0,True,0.9160432966487844,1.0449166401696437
438,9274,227.6777,750,2470.5977,2.0811083,4,88.742516,1.1400399098785041,1.1691509542076424,2079.87806887901,1.0746671,1.0425535,0.0,True,1.120428066914953,1.1311717179453495
439,0,142.07922,750,3959.0586,1.9999812,2,212.03004,0.7116431095146627,0.0,98.48181075915619,,,,False,0.7116431095146627,0.0
440,18508,228.01804,750,2466.9102,1.9605467,4,94.841858,1.1417426438085099,1.2578202163984464,2240.5204027073564,1.0751508,1.0700916,0.0,True,1.1217650906659569,1.2015016314789124
441,2692,175.33499,750,3208.1445,3.0174296,4,46.77943,0.8781100224845942,0.9782061851069476,1384.9329255715656,1.0167484,0.82746732,0.0,True,0.919701535739216,0.9329845255748633
442,0,175.33542,750,3208.1367,0.99782383,2,38.48299,0.8781121561190203,0.0,121.53325202529385,1.0167484,0.85893208,4.454850633468526,True,0.9197030292833142,0.25767962400000005
443,0,319.50159,750,1760.5547,1.0036299,2,93.186943,1.5993035898822299,0.0,221.46162629291962,1.2143555,1.3781139,5.5344817754705575,True,1.483819162917561,0.41343417000000005
444,0,233.08589,750,2413.2734,0.59390497,2,25.459507,1.1670977120328474,0.0,161.56282748180556,,,,False,1.1670977120328474,0.0
445,77,196.2195,750,2866.6875,3.2114089,4,61.194706,0.9826305789925869,0.547190602872945,857.3708728871528,0.98906934,0.65505296,0.0,True,0.9845622072948108,0.5795493100110615
446,12631,204.64371,750,2748.6797,2.1534069,4,53.231762,1.0247867314663341,1.1924277953954812,1932.6690550633284,0.9825772,0.95329851,0.0,True,1.0121238720264338,1.1206890097768367
447,5015,247.97487,750,2268.375,2.9792085,5,172.29706,1.24158346487862,1.1025146233507839,2112.8915589101175,1.095065,1.0062467,0.0,True,1.197627925415034,1.0736342463455486
448,0,135.56883,750,4149.1836,0.94485134,2,68.345261,0.6790497194761023,0.0,93.96915228631052,0.82711333,0.0,0.0,True,0.7234688026332716,0.0
449,11941,197.39493,750,2849.6172,2.8493638,4,82.495926,0.9885127846310495,1.1799680893690725,1853.123984087246,0.96443087,0.94614565,0.0,True,0.9812882102417346,1.1098213575583507
450,2680,127.94439,750,4396.4414,2.3325057,3,10.436525,0.6408770295481933,0.9409615005936496,1010.0337091441976,0.80346572,0.90656078,0.0,True,0.6896536366837352,0.9306412844155547
451,1342,108.46191,750,5186.1523,2.0492156,2,30.194269,0.5433263898351243,0.8419905330346658,781.2951213212177,0.7363444,0.85021818,0.0,True,0.6012317928845871,0.844458827124266
452,0,94.883728,750,5928.3086,0.99190992,1,19.212414,0.47533109138262997,0.0,65.76838854421673,0.68287432,0.0,0.0,True,0.5375940599678409,0.0
453,0,242.52795,750,2319.3203,0.99968922,2,37.077995,1.2143348158691398,0.0,168.10756474948337,,,,False,1.2143348158691398,0.0
454,868,185.68785,750,3029.2773,3.1204579,4,109.25294,0.9299248402888763,0.84411684072257,1256.8269522106289,0.96630895,0.73172677,0.0,True,0.9408400732022135,0.810399819505799
455,1336,192.23735,750,2926.0703,2.9816031,3,50.300182,0.96270231594979,0.9017522541199811,1383.9034645421066,0.97051144,0.86763418,0.0,True,0.9650450531648531,0.8915168318839868
456,0,153.46609,750,3665.3047,0.98893797,1,43.148766,0.7686462646732889,0.0,106.37458759505881,0.88004613,0.0,0.0,True,0.8020662242713021,0.0
457,0,130.71564,750,4303.2344,1.98797,2,64.961044,0.6547518200341882,0.0,90.60517732108882,0.81030321,0.0,0.0,True,0.7014172370239318,0.0
458,16398,272.6106,750,2063.3828,2.0246644,4,110.21951,1.3648124013978409,1.2713572824820634,2645.6958543133364,1.1625493,1.3048732,0.0,True,1.3041334709784886,1.2814120577374444
459,1566,157.84523,750,3563.6172,2.9564323,4,42.157604,0.7905672148636136,0.8994477163476893,1161.3551507706209,0.88643342,0.8720727,0.0,True,0.8193270764045295,0.8912352114433825
460,1169,157.79456,750,3564.7617,2.9881802,4,45.234566,0.7903135382085651,0.8636948135228995,1114.9153518390217,0.88627386,0.84870636,0.0,True,0.8191016347459955,0.8591982774660296
461,25396,257.38416,750,2185.4492,2.0112987,4,121.28039,1.2886516674644588,1.3187432485722501,2610.499721666145,1.0823764,1.0976862,0.0,True,1.2267690872251211,1.2524261340005751
462,2432,186.1059,750,3022.4727,3.0429192,5,45.354073,0.9320170286456203,0.9728075978477171,1451.1219100256985,0.96773261,0.91204035,0.0,True,0.9427317030519342,0.9545774234934019
463,16648,242.9494,750,2315.2969,4.0391836,6,88.877777,1.21644320115985,1.2544356865771715,2361.50837501022,1.0489588,1.0561415,0.0,True,1.166197880811895,1.19494743060402
464,0,184.35091,750,3051.2461,1.996876,2,57.918076,0.9232338195973776,0.0,127.78231350016023,0.94416738,0.0,0.0,True,0.9295138877181643,0.0
465,743,185.31721,750,3035.3359,3.0172775,4,61.944519,0.9280699112250959,0.8245401221090304,1225.5739120081307,0.94359583,0.81603694,0.0,True,0.9327276868575671,0.8219891674763212
466,123,148.86507,750,3778.5898,2.2101448,3,69.796722,0.7456138349296176,0.5851347665114676,718.7672624854688,0.85604107,0.70782113,0.0,True,0.7787420054507324,0.6219406755580273
467,0,148.98427,750,3775.5664,1.993114,2,145.68564,0.7462105918439439,0.0,103.26802669828164,0.85732079,0.0,0.0,True,0.7795436512907608,0.0
468,940,165.35872,750,3401.6953,3.7687049,4,62.117397,0.8281763820262632,0.841881015067198,1132.377386757196,0.90085739,0.81772411,0.0,True,0.8499806844183843,0.8346339435470387
469,1563,207.8036,750,2706.8828,4.004642,5,46.190189,1.0405987512910475,0.9304639670383965,1528.5287015060205,0.98850369,0.58525544,0.0,True,1.0249702329037333,0.8269014089268776
470,1248,200.85699,750,2800.5,3.3675432,5,81.402763,1.0058376660388213,0.8981529526983852,1432.290875047845,0.95861059,0.75642478,0.0,True,0.9916695432271749,0.8556345008888697
471,2691,215.27721,750,2612.9102,2.3371677,4,169.65964,1.0779949762992995,1.0036435337927336,1700.347903493532,1.0013069,0.9151969,0.0,True,1.0549885534095096,0.9771095436549135
472,2081,207.7997,750,2706.9336,3.008594,5,46.92448,1.040579237185362,0.9666532760123667,1587.9147984246974,0.98888701,0.86919791,0.0,True,1.0250715690297534,0.9374166662086567
473,95,177.01857,750,3177.6328,3.199141,4,47.89019,0.8865363506986708,0.5659567662529617,809.8087955779696,0.92370605,0.4702597,0.0,True,0.8976872604890695,0.5372476463770732
474,2718,207.8006,750,2706.9219,2.0384102,4,21.100122,1.0405837315109736,1.000423085113849,1643.3675967327665,0.98888701,0.92001468,0.0,True,1.0250747150576816,0.9763005635796942
475,4724,209.11023,750,2689.9688,2.689909,5,26.435505,1.0471369724172868,1.0711819315123938,1769.24703945137,0.99297452,0.9725076,0.0,True,1.0308882366921006,1.0415796320586757
476,5344,155.67433,750,3613.3125,3.981935,4,40.518162,0.7797002497222014,1.0476866426688953,1336.3246227689847,0.88371992,0.96419668,0.0,True,0.810906150805541,1.0226396538682268
477,10883,196.00531,750,2869.8203,2.1677365,4,13.874531,0.9815586508228933,1.1672725491919382,1821.8969880376253,0.97303534,1.0071427,0.0,True,0.9790016575760253,1.1192335944343568
478,2712,242.52754,750,2319.3242,3.0092349,5,58.816685,1.214332775694923,1.020061941110372,1917.466104961007,1.0484327,0.99344581,0.0,True,1.1645627529864462,1.0120771017772603
479,8005,242.71231,750,2317.5586,3.0171285,5,58.466862,1.215257100671566,1.159800403481807,2181.5155811796308,1.0486914,1.0055602,0.0,True,1.1652873904700962,1.1135283424372648
480,8547,195.72717,750,2873.8984,3.0442929,5,45.244156,0.9801667746933607,1.1367303580681085,1772.0295554282582,0.97616416,1.0210108,0.0,True,0.9789659902853525,1.1020144906476759
481,10193,242.95801,750,2315.2148,3.0073109,5,72.962784,1.2164863003092317,1.191132714104876,2242.4180488549196,1.0489587,1.0188955,0.0,True,1.166228020216462,1.139461549873413
482,4264,195.91997,750,2871.0703,3.040447,5,43.330082,0.98113159955529,1.049565354407941,1637.5837269052545,0.9772138,0.99724877,0.0,True,0.979956259688703,1.0338703790855588
483,0,183.38483,750,3067.3203,1.9982728,2,20.750101,0.9183987930727844,0.0,127.11267787196486,,,,False,0.9183987930727844,0.0
484,2219,156.40443,750,3596.4453,3.0097985,4,46.34911,0.7833549836296794,0.9409818053355252,1205.2076219648982,0.88636345,0.90046543,0.0,True,0.8142575235407756,0.9288268927348677
485,0,161.16469,750,3490.2188,2.0024219,2,21.524082,0.8071831178143237,0.0,111.71085047931761,0.9331075,0.0,0.0,True,0.8449604324700266,0.0
486,1296,205.10951,750,2742.4375,2.9996686,4,52.000587,1.0271176002637321,0.9052898009780758,1470.3439101236766,1.0354114,0.91286439,0.0,True,1.0296057401846124,0.907562177684653
487,14903,272.00912,750,2067.9453,3.051044,5,44.247021,1.3618041303187078,1.2584712389629205,2613.8585838648064,1.1633027,1.3054252,0.0,True,1.3022537012230955,1.2725574272740443
488,25227,243.21901,750,2312.7305,2.9775398,5,46.531212,1.217791902372132,1.308258834636778,2465.2069360125497,1.0492271,1.0860361,0.0,True,1.1672224616604923,1.2415920142457446
489,1479,205.10716,750,2742.4688,3.0263236,4,52.145714,1.0271058862370002,0.9219584980502911,1497.3792455916757,1.0354112,0.7708075,0.0,True,1.0295974803659,0.8766131986352037
490,3412,186.65059,750,3013.6523,4.0488768,6,43.214905,0.9347430600914424,1.0154075709035977,1518.521987988639,0.97016948,0.94604605,0.0,True,0.9453709860640096,0.9945991146325184
491,27391,243.22188,750,2312.7031,3.0178223,5,43.224243,1.2178063178270233,1.3188832068800178,2485.25157615732,1.0492272,1.091313,0.0,True,1.1672325824789165,1.2506121448160123
492,6765,211.41153,750,2660.6875,3.0111535,5,132.20094,1.0586522297767937,1.1181873296536597,1864.6101894449532,0.99638546,1.0500832,0.0,True,1.0399721988437556,1.0977560907575619
493,1655,156.40443,750,3596.4453,2.9895377,5,41.841583,0.7833549836296794,0.9051875956417839,1159.3891308701116,0.88636345,0.89015812,0.0,True,0.8142575235407756,0.9006787529492488
494,22687,257.14746,750,2187.4609,3.019897,5,43.735641,1.2874676405839431,1.303921543865439,2579.095294714201,1.0822582,1.0951601,0.0,True,1.2259048084087603,1.2412931107058074
495,0,248.15436,750,2266.7344,2.0071969,3,48.652588,1.242481296653234,0.0,172.00749497765767,,,,False,1.242481296653234,0.0
496,0,129.47568,750,4344.4453,2.0000076,2,54.587692,0.6485437787687783,0.0,89.7457025430817,,,,False,0.6485437787687783,0.0
497,0,184.08649,750,3055.6289,1.9958947,2,69.11145,0.9219104578301822,0.0,127.59903152267655,,,,False,0.9219104578301822,0.0
498,0,195.53316,750,2876.75,1.0078341,2,45.755527,0.9791958520447405,0.0,135.53325855997667,,,,False,0.9791958520447405,0.0
499,33676,243.55634,750,2309.5273,3.9907162,6,103.33186,1.2194794580508723,1.3457837368705423,2538.977442464199,1.0513881,1.0970052,0.0,True,1.1690520506356106,1.2711501758093795
500,0,155.64809,750,3613.9219,2.0273089,3,45.001747,0.7795688449669769,0.0,107.88703474304062,0.88447005,0.0,0.0,True,0.8110392064768839,0.0
501,3540,270.65839,750,2078.2656,2.8063483,5,48.824169,1.3550481530213239,1.0695526346462099,2211.941298213279,1.1648471,1.3103249,0.0,True,1.2979878371149267,1.141784314252347
502,35049,243.2305,750,2312.6211,3.0032618,5,54.430157,1.2178494610084547,1.3507094013637488,2545.3000206694087,1.0513014,1.0952985,0.0,True,1.1678850427059184,1.274086130954624
503,6765,256.69867,750,2191.2852,2.4156225,5,17.633635,1.2852227603933117,1.1463621743867716,2264.034301719341,1.0820323,1.085587,0.0,True,1.2242656222753183,1.1281296220707402
504,34597,243.14304,750,2313.4531,3.0147045,5,48.853741,1.2174118573482642,1.3489714924304754,2541.2289483228783,1.0510721,1.091102,0.0,True,1.167509930143785,1.2716106447013327
505,2652,254.79601,750,2207.6484,2.6070976,4,32.68766,1.2757052475288813,1.0236857855391763,2008.766698699893,1.0816026,1.079422,0.0,True,1.2174744532702169,1.0404066498774234
506,1117,213.36937,750,2636.2734,4.255312,5,67.571754,1.0684488040829265,0.8909705450410795,1497.8936687123692,1.0283929,0.85367012,0.0,True,1.0564320328580488,0.8797804175287557
507,1646,231.60844,750,2428.668,3.739522,5,70.06646,1.1597059158526777,0.9500249663021951,1715.5972995061934,1.041458,0.84014267,0.0,True,1.1242315410968744,0.9170602774115366
508,30904,243.03551,750,2314.4766,3.0028098,5,47.710735,1.2168739624107563,1.334326376155598,2512.6725928033775,1.050844,1.0898119,0.0,True,1.1670649736875294,1.2609720333089185
509,878,183.86531,750,3059.3047,3.0123742,4,50.863434,0.9208034924043321,0.8445060241577063,1246.5924432931768,0.95461732,0.88041371,0.0,True,0.9309476406830326,0.8552783299103944
510,509,190.9908,750,2945.168,3.9905405,4,54.311642,0.956463988165519,0.7803802906540812,1191.0892171286778,0.96957427,0.69299829,0.0,True,0.9603970727158633,0.7541656904578569
511,0,269.66495,750,2085.9219,1.2464989,2,60.303753,1.3500792625786417,0.0,186.9174997883386,1.1653492,1.3103358,13.333858883901256,True,1.2946602438050492,0.39310074000000006
512,0,225.95644,750,2489.418,2.3680577,3,41.13089,1.1314279896323285,0.0,156.62106931536243,1.0385095,0.80207348,9.832230548974385,True,1.10355244274263,0.24062204400000003
513,0,254.79195,750,2207.6836,1.0072553,2,59.591702,1.2756849256942473,0.0,176.60832177187055,1.0816025,1.0767769,6.15968805470192,True,1.2174601979859732,0.32303307000000003
514,0,196.71863,750,2859.4141,2.3680577,3,46.338589,0.985128317873948,0.0,136.35496374811507,1.0156344,0.8273288,8.575803152618816,True,0.9942801425117636,0.24819864000000003
515,0,185.74821,750,3028.293,2.0273089,3,60.577976,0.930226898545387,0.0,128.75084805555665,,,,False,0.930226898545387,0.0
516,0,183.82095,750,3060.043,0.99988824,2,61.658794,0.9205814742228624,0.0,127.41497322035069,0.9545458,0.86719668,13.45735545274499,True,0.9307707719560037,0.260159004
517,0,211.52985,750,2659.1992,1.9967291,3,111.53329,1.0592442907219408,0.0,146.62131913176816,,,,False,1.0592442907219408,0.0
518,53597,291.21915,750,1931.5352,2.1236658,4,204.8278,1.4578788423783526,1.4389284375835383,3171.1685227980156,1.1227454,1.2441607,0.0,True,1.3573388096648467,1.3804981163084769
519,928,194.19125,750,2896.6289,3.0144005,4,40.796013,0.9724804920953477,0.8572276667872899,1327.333038764677,1.0340874,0.94858491,0.0,True,0.9909625644667435,0.884634839751103
520,12321,253.26251,750,2221.0156,2.0067258,4,47.27533,1.2680343129727907,1.2221430407672913,2385.5359867809807,1.0411392,1.0345968,0.0,True,1.1999657790809535,1.165879168537104
521,10845,253.25272,750,2221.1016,3.0758288,5,42.247463,1.2679852594563363,1.2055820704963767,2353.134071456134,1.0411392,1.0245962,0.0,True,1.1999314416194355,1.1512863093474637
522,7360,238.66704,750,2356.8398,2.6839716,5,190.45053,1.1950197122643922,1.1464783588267335,2125.112067652548,1.1093588,1.0713314,0.0,True,1.1693214385850745,1.1239342711787135
523,9857,253.13785,750,2222.1094,3.986403,5,47.71693,1.2674107033915674,1.1931190885727168,2327.8911136135976,1.0410222,1.0154176,0.0,True,1.1994941523740972,1.1398086420009017
524,2604,194.81784,750,2887.3125,3.0463614,5,51.667107,0.9756161921127592,0.9869581642920069,1532.3537001971542,0.93731087,0.91700482,0.0,True,0.9641245954789315,0.9659721610044049
525,194,160.04517,750,3514.6328,3.9731293,4,176.43738,0.8015793002538669,0.6457622240586421,844.7367579160402,1.0237902,0.61307806,0.0,True,0.8682425701777069,0.6359569748410495
526,45760,288.84457,750,1947.4141,2.9133592,4,54.478367,1.4460037295686927,1.4165093779542977,3099.651544905994,1.1226701,1.2410452,0.0,True,1.3490036406980848,1.3638701245680085
527,2376,202.19551,750,2781.9609,1.2663244,2,30.034466,1.0125357935428607,0.9800309048394416,1571.8709432924002,1.1318158,0.80238718,0.0,True,1.0483197954800025,0.926737787387609
528,2136,173.29062,750,3245.9922,2.8964846,2,23.799713,0.8678777181403934,0.9481898724208493,1328.7276793389397,1.0001593,0.40994826,0.0,True,0.9075621926982753,0.7867173886945945
529,2339,204.22345,750,2754.3359,3.6363015,3,26.489878,1.0226837952057282,0.9792838157907641,1584.4336269814567,1.0516499,0.57649577,0.0,True,1.0313736266440097,0.8584474020535349
530,0,143.52794,750,3919.0977,1.9752684,2,24.756603,0.7188956447256585,0.0,99.485986942577,0.96141815,0.0,0.0,True,0.7916523963079609,0.0
531,3736,161.41707,750,3484.7617,1.5860901,4,80.225334,0.8084464329964954,1.0084617918232393,1327.8662095089182,1.0210238,0.96796894,0.0,True,0.8722196430975468,0.9963139362762675
532,20,7.0468817,8,9.0820312,3.076473,4,114.0966,1.09417960599887,1.2218560928258866,21.78221049849382,1.0138805,0.35250095,0.0,True,1.0700898741992089,0.9610495499781206
533,0,4.2611184,8,15.019531,2.0139768,2,32.609196,0.7124598516894022,0.0,2.953582204992105,0.9131102,0.0,0.0,True,0.7726549561825815,0.0
534,20,9.0071468,8,7.1054688,3.079416,4,86.750664,1.3316977739886586,1.3162219746456825,27.8414731424305,0.91765034,0.50392687,0.0,True,1.207483543792061,1.0725334432519777
535,0,6.9689493,8,9.1835938,1.0429468,2,37.43549,1.0842429320066314,0.0,4.830507558760204,1.0151719,0.92218393,5.157141039022093,True,1.0635216224046418,0.27665517900000003
536,8712,188.90349,750,2977.7109,2.9872029,4,35.76247,0.9460179707614575,1.1340831810681509,1713.8620881162199,1.0209649,0.65942484,0.0,True,0.9685020495330203,0.9916856787477056
537,5148,160.62502,750,3501.9453,2.0283365,4,28.091261,0.8044817534890731,1.0471245891446783,1372.8222099163213,1.0231514,0.98590058,0.0,True,0.8700826474423512,1.0287573864012747
538,0,5.7609,8,11.109375,1.0119787,2,43.349651,0.9249664863567625,0.0,3.993151592487789,1.0151346,0.0,0.0,True,0.9520169204497337,0.0
539,0,113.10103,750,4973.4297,1.0436406,2,16.870173,0.5665561024957898,0.0,78.39566006292578,0.841793,0.0,0.0,True,0.6491271717470528,0.0
540,13739,253.26562,750,2220.9883,2.0158665,4,46.564735,1.268049885405963,1.2362781380731873,2413.150118235315,1.0411392,1.0436757,0.0,True,1.199976679784174,1.178497406651231
541,3007,203.12875,750,2769.1797,2.3182094,4,53.962128,1.0172057983370029,1.0102986617807612,1626.9319100520152,0.94082409,0.84728891,0.0,True,0.994291285835902,0.9613957362465329
542,2773,204.39796,750,2751.9844,1.1528678,3,49.717243,1.0235570176337225,1.0008683747842182,1620.5500178030081,0.94840264,0.83268219,0.0,True,1.0010107043436056,0.9504125193489528
543,0,157.86359,750,3563.2031,1.9201231,2,189.93208,0.7906590396137029,0.0,109.42270232157117,0.85940748,0.0,0.0,True,0.8112835717295921,0.0
544,1445,168.4711,750,3338.8516,2.9913507,4,138.70018,0.8437549453180729,0.896759309568258,1226.0059294781054,0.90158325,0.87352645,0.0,True,0.8611034367226511,0.8897894516977807
545,1524,190.73505,750,2949.1172,2.6373816,4,35.067242,0.9551840432070255,0.9173335136595753,1398.1652046014026,0.91998154,0.73115027,0.0,True,0.9446232922449178,0.8614785405617027
546,353,168.39014,750,3340.457,3.1343856,4,42.855991,0.8433496852985084,0.7232865165657496,988.8067366662558,0.90134257,0.725438,0.0,True,0.8607475507089559,0.7239319615960247
547,1401,215.75328,750,2607.1445,3.065465,4,218.71295,1.0803771347557778,0.9209999889393888,1563.4276813694087,1.0014483,0.83209628,0.0,True,1.0566984843290446,0.8943288762575722
548,8516,211.42828,750,2660.4766,2.0005014,4,128.34958,1.0587360876988727,1.147378570943755,1913.4125824062714,0.99638569,1.0447115,0.0,True,1.0400309683892108,1.1165784496606284
549,329,148.23569,750,3794.6328,1.8117002,3,26.586905,0.7424631792344513,0.7035912318769264,860.0810208356979,0.85453647,0.73309714,0.0,True,0.776085166464116,0.7124430043138485
550,49,138.96864,750,4047.6758,2.8112149,3,57.904247,0.6960705494187452,0.47095136800102794,546.400460896839,0.82397437,0.29996943,0.0,True,0.7344416955931217,0.41965678660071953
551,2454,192.56615,750,2921.0742,2.4680285,4,64.309326,0.9643477606807916,0.9780908405023,1503.2270742203889,0.92536294,0.86708391,0.0,True,0.9526523144765542,0.94478876135161
552,8985,195.36761,750,2879.1875,3.9743152,5,46.626888,0.9783674471285873,1.1427409922136333,1778.5357519622778,1.0350232,0.98881197,0.0,True,0.995364172990011,1.0965622855495434
553,14946,189.93553,750,2961.5312,2.9897361,5,35.397251,0.9511828520900325,1.202363740776864,1825.723523120011,1.0234329,0.89264095,0.0,True,0.9728578664630227,1.1094469035438048
554,12149,189.25356,750,2972.2031,3.0614443,5,45.176514,0.9477698611348352,1.1759196017458429,1779.9612898138344,1.0217992,0.85031939,0.0,True,0.9699786627943846,1.07823953822209
555,0,155.58098,750,3615.4805,2.0141821,3,129.88652,0.7792329658926417,0.0,107.84051763575324,0.93117315,0.0,0.0,True,0.8248150211248492,0.0
556,71440,251.39621,750,2237.5039,4.0138898,6,176.69058,1.2586984372180805,1.4487900513902,2809.76524089457,1.074303,1.0576121,0.0,True,1.2033798060526564,1.3314366659731398
557,2999,162.50456,750,3461.4414,4.0108914,6,176.58121,0.8138899243607229,0.9823394229943796,1301.1253979399148,1.0314621,0.88656473,0.0,True,0.8791615770525061,0.9536070150960657
558,5085,245.69522,750,2289.4219,3.039989,5,176.22758,1.2301794178862464,1.1029915092585825,2096.871984322809,1.1490672,1.1026783,0.0,True,1.2058457525203725,1.1028975464810078
559,94,132.50432,750,4245.1445,2.9937367,3,35.142597,0.6637071234740886,0.545097843925517,604.7958533536755,0.92240173,0.69137758,0.0,True,0.7413155054318621,0.5889817647478619
560,1101,150.85168,750,3728.8281,3.005157,3,150.71957,0.7555588152329495,0.8516932646307841,1056.8350432799432,0.9197517,0.26368701,0.0,True,0.8048166806630648,0.6752913882415488
561,458,159.74281,750,3521.2852,4.0010505,5,197.36089,0.800065818990128,0.7504255344599119,979.4193481764723,1.0228361,0.89090627,0.0,True,0.8668969032930895,0.7925697551219384
562,12234,201.56436,750,2790.6719,3.0082469,5,52.462006,1.0093774564329583,1.1861276632321043,1897.1515127947762,1.1467175,1.1434101,0.0,True,1.0505794695030708,1.173312394262473
563,125,191.29248,750,2940.5234,3.0857899,4,48.251381,0.9579737102766274,0.6054917201552329,926.6565613526384,0.93001842,0.36733362,0.0,True,0.9495871231936391,0.5340442901086631
564,2931,209.48257,750,2685.1875,2.2485552,4,22.79258,1.0490001382760958,1.0109942712648678,1672.4629766467438,1.1520289,1.1472892,0.0,True,1.079908766793267,1.0518827498854075
565,46905,281.16544,750,2000.6016,1.1462401,4,47.371712,1.4075990247255352,1.414747202674236,3024.1935971332805,1.1241225,1.2413282,0.0,True,1.3225560673078747,1.3627215018719654
566,3871,199.2346,750,2823.3047,3.291683,5,21.774508,0.9977189572062073,1.0396139360255259,1646.0333659092498,1.1453768,1.130828,0.0,True,1.0420163100443451,1.066978155217868
567,5206,215.89885,750,2605.3867,1.7855569,4,11.303835,1.0811054835379028,1.0878755599762555,1847.6518189576454,1.0014509,0.97247338,0.0,True,1.057209108476532,1.053254905983379
568,6166,216.23309,750,2601.3594,3.0277066,4,36.747978,1.0827779134428372,1.1096035751328104,1887.094268404468,1.0022885,0.98928261,0.0,True,1.0586310894099862,1.0735072855929673
569,8971,200.41977,750,2806.6094,1.8635054,4,81.414078,1.0036497275391147,1.1462148696607781,1824.2158056511469,1.1458342,1.1422433,0.0,True,1.0463050692773803,1.1450233987625447
570,2250,177.16797,750,3174.9531,2.7896128,4,53.887966,0.8872841273841268,0.95723424289473,1367.6612529419217,0.9240613,0.91232073,0.0,True,0.8983172791688887,0.9437601890263111
571,11094,201.56691,750,2790.6367,2.0199647,4,62.058601,1.009390179207269,1.1738037855936907,1877.4627248287827,1.1467177,1.1428708,0.0,True,1.0505884354450883,1.1645238899155834
572,3153,165.24203,750,3404.0977,3.1156659,4,94.072624,0.827592249944503,0.9905098390317145,1331.3126965667839,1.035004,0.98494923,0.0,True,0.889815774961152,0.9888416563222002
573,2136,132.55788,750,4243.4297,4.0215859,4,37.986519,0.6639752058722811,0.9178011442114126,1016.4042593331923,0.92240685,0.89997721,0.0,True,0.7415046991105967,0.9124539639479887
574,0,5.7853107,8,11.0625,1.0023398,2,139.45689,0.9282857440829232,0.0,4.010071800368284,1.0164304,0.89520776,10.192190318224892,True,0.9547291408580463,0.2685623280000001
575,2465,160.62573,750,3501.9297,2.0021234,4,123.13039,0.8044853351577791,0.9569252319138495,1254.6087243209531,1.0231514,1.0288092,0.0,True,0.8700851546104453,0.9784904223396946
576,2656,113.43423,750,4958.8203,1.9986866,4,140.62579,0.5682245855738407,0.9266028613584009,894.4662505534402,0.843279,0.90975779,0.0,True,0.6507409099016885,0.9215493399508806
577,2616,132.75365,750,4237.1719,4.0150533,4,38.231174,0.6649553558028153,0.9422228879128416,1044.7932554995764,0.9245466,0.91595519,0.0,True,0.7428327290619707,0.9343425785389892
578,0,112.82755,750,4985.4844,1.0294232,2,18.164967,0.5651867420525258,0.0,78.20609817198626,0.83942848,0.0,0.0,True,0.6474592634367682,0.0
579,9408,199.49268,750,2819.6523,0.99818641,3,56.040382,0.9990104234578429,1.1515323099763706,1825.263907852933,1.1489333,1.1760319,0.0,True,1.04398728642049,1.1588821869834594
580,8076,199.49268,750,2819.6523,1.9855094,4,76.995583,0.9990104234578429,1.132320496611402,1794.8156121215663,1.1492422,1.1543806,0.0,True,1.04407995642049,1.1389385276279815
581,0,128.23515,750,4386.4727,1.0572674,1,71.172989,0.6423328232334216,0.0,88.88583267118167,0.92412055,0.20091668,12.012281795258248,True,0.7268691412633951,0.06027500400000001
582,1356,156.48279,750,3594.6445,3.0781031,4,43.42741,0.7837472007794478,0.8809234459831947,1128.8305912679846,1.0226932,0.64982778,0.0,True,0.8554310005456134,0.8115947461882362
583,40855,279.39249,750,2013.2969,2.0217221,4,102.35827,1.3987318985474528,1.3954243664008203,2966.5429243906706,1.1244245,1.2409502,0.0,True,1.316439678983217,1.3490821164805742
584,3901,239.46201,750,2349.0156,3.0216055,5,171.04077,1.1989967480750856,1.0652086509720724,1980.231275405612,1.097325,1.016788,0.0,True,1.1684952236525599,1.0506824556804506
585,6,158.93022,750,3539.2891,4.0021343,4,94.999847,0.795998287480623,0.23810380892491786,330.4861016963155,1.0207732,0.79216737,0.0,True,0.8634307612364361,0.40432287724744254
586,3333,215.54498,750,2609.6641,3.2113483,4,47.395454,1.0793348421314197,1.0309860778374076,1748.550013037932,1.0025538,0.94204426,0.0,True,1.0563005294919938,1.0043035324861853
587,53,189.90347,750,2962.0312,3.0156128,4,164.0847,0.9510223978323159,0.49895713033343403,761.006477321799,0.96346253,0.34776396,0.0,True,0.9547544374826211,0.4535991792334038
588,2038,165.13931,750,3406.2148,3.2496641,5,93.677315,0.8270781698013272,0.9368075344282033,1258.4779797539607,1.0346445,0.97755206,0.0,True,0.889348068860929,0.9490308920997423
589,2357,189.90797,750,2961.9609,3.0033357,4,51.424301,0.9510449544303355,0.9713494740016421,1474.8239807443604,0.96367794,0.85453135,0.0,True,0.9548348501012349,0.9363040368011495
590,2022,192.91777,750,2915.75,4.342298,5,41.457966,0.9661074660521966,0.9540571517781876,1468.6503857729892,0.99036556,0.92334408,0.0,True,0.9733848942365376,0.9448432302447314
591,7558,191.25131,750,2941.1562,3.2365525,5,85.862801,0.9577677389578564,1.1180478869337045,1707.9940113501214,0.9668749,0.85076141,0.0,True,0.9604998872704995,1.037861943853593
592,31830,250.61435,750,2244.4844,2.0174184,4,97.762024,1.25478728411103,1.343453988986228,2598.4265585004578,1.0739691,1.084864,0.0,True,1.200541828877721,1.2658769922903597
593,33672,200.9035,750,2799.8516,4.0330067,6,51.557606,1.0060704353770187,1.3131690664625184,2094.3147799028134,1.146938,1.150378,0.0,True,1.048330704763913,1.2643317465237627
594,32888,200.55766,750,2804.6797,4.030251,6,49.253841,1.0043397752418262,1.3099174568785679,2085.9849670805456,1.1474252,1.1528734,0.0,True,1.0472654026692783,1.2628042398149975
595,33703,200.22079,750,2809.3984,3.0085251,5,49.244087,1.0026540738850092,1.31272269458776,2087.382119048795,1.1479262,1.1546968,0.0,True,1.0462357117195062,1.265314926211432
596,2374,160.62645,750,3501.9141,2.0375876,4,19.010759,0.8044889168583774,0.9523189992940208,1248.5772935293442,1.0231514,1.0415858,0.0,True,0.8700876618008642,0.9790990395058146
597,36530,250.91173,750,2241.8242,3.0073848,5,94.484779,1.2562749163119804,1.3615080004284739,2636.0645511554926,1.074331,1.0932435,0.0,True,1.2016917414183863,1.2810286502999317
598,30344,200.04056,750,2811.9297,2.005374,4,30.176487,1.001752125887792,1.2993562260324962,2064.5025946519163,1.1481658,1.157212,0.0,True,1.0456762281214542,1.2567129582227472
599,28911,200.0489,750,2811.8125,2.0009637,4,18.796867,1.001793850540431,1.293272498338793,2054.9116230684,1.1481659,1.1603302,0.0,True,1.0457054653783016,1.2533898088371551
600,6383,160.46713,750,3505.3906,2.9913414,4,27.799612,0.8036915133072993,1.073336254945957,1405.965939037416,1.0244665,1.067304,0.0,True,0.8699240093151095,1.07152657846217
601,17768,199.86398,750,2814.4141,2.0113645,4,59.754276,1.0008684657109892,1.231839687263613,1955.7223922231246,1.1484209,1.1642116,0.0,True,1.0451341959976925,1.2115512610845292
602,9408,158.52815,750,3548.2656,3.0098665,4,102.41122,0.793985683514438,1.1191872244807226,1450.4577840835861,1.0317314,1.0013357,0.0,True,0.8653093984601066,1.0838317671365059
603,1802,185.36397,750,3034.5703,2.9818978,5,64.567856,0.9283039022919366,0.9349522188436583,1389.8148749413508,0.94359165,0.85896862,0.0,True,0.9328902266043557,0.9121571391905607
604,26,185.15637,750,3037.9727,3.0239744,4,65.72654,0.9272649254625861,0.41095567569543334,616.9788912016688,0.94415796,0.24491575,0.0,True,0.9323328358238103,0.36114369798680335
605,2,149.97235,750,3750.6914,3.9762816,4,45.28302,0.7511569054342695,0.13348070651695146,207.90582312889862,0.85987973,0.081075266,0.0,True,0.7837737528039886,0.11775907436186603
606,5259,212.13531,750,2651.6094,4.4962692,5,230.51544,1.0622739198443436,1.0867362914106466,1817.5915435848492,1.002471,0.9895454,0.0,True,1.0443330438910405,1.0575790239874527
607,879,189.34264,750,2970.8047,4.5111804,6,130.75169,0.9482156897403305,0.8477448314948093,1283.9433528868888,0.97034466,0.79964614,0.0,True,0.9548543808182313,0.8333152240463664
608,2264,185.77026,750,3027.9336,3.0317731,4,67.330147,0.9303372387678055,0.9636635246505676,1435.2185694043687,0.94470358,0.88533473,0.0,True,0.9346471411374639,0.9401648862553973
609,36115,279.07248,750,2015.6055,2.1301973,4,122.21323,1.3971314308341232,1.379010194013424,2928.731429114597,1.12442,1.2403585,0.0,True,1.3153180015838861,1.3374146858093967
610,2121,185.46759,750,3032.875,2.9734669,4,66.004326,0.9288224586099251,0.955334340519412,1420.7903235711403,0.94490314,0.91435939,0.0,True,0.9336466630269475,0.9430418553635884
611,28699,243.03059,750,2314.5234,2.0221994,4,46.043121,1.216849378285493,1.3247696679996972,2494.63299715895,1.050844,1.0843352,0.0,True,1.167047764799845,1.252639327599788
612,2702,183.72104,750,3061.707,3.0231662,3,54.198589,0.9200814761574121,0.9843554705962211,1451.8532105424943,0.94393349,0.91743428,0.0,True,0.9272370803101884,0.9642791134173547
613,1353,147.05147,750,3825.1914,1.9404156,2,127.78588,0.7365349062693327,0.8740229473243054,1060.4700186221924,0.85537279,0.85963529,0.0,True,0.7721862713885329,0.8697066501270139
614,0,124.6722,750,4511.832,0.91728413,1,19.357754,0.6244937913227157,0.0,86.41618392420561,0.78897667,0.0,0.0,True,0.673838654925901,0.0
615,1556,162.44553,750,3462.6992,3.9859219,6,304.68542,0.8135944554937977,0.9018297219600685,1194.162794206394,1.0329944,0.9300856,0.0,True,0.8794144388456584,0.910306485372048
616,1815,244.84383,750,2297.3828,4.0311294,6,305.85211,1.225920303080373,0.9694555701964309,1837.5387599542405,1.150202,1.1052805,0.0,True,1.203204812156261,1.0102030491375018
617,4056,158.27324,750,3553.9805,2.0190682,4,65.377586,0.7927096504251911,1.0160862327840108,1315.0045918749402,1.0313232,0.99470383,0.0,True,0.8642937152976338,1.0096715119488076
618,1473,158.74188,750,3543.4883,3.9973469,5,305.87164,0.7950555242486054,0.8925851581340508,1158.2463595421175,1.0314695,0.844854,0.0,True,0.8659797169740238,0.8782658106938356
619,2708,130.96434,750,4295.0625,2.9887767,3,98.924149,0.6559969884249522,0.9448255783351396,1035.2343309758921,0.92947829,0.91623288,0.0,True,0.7380413788974666,0.9362477688345978
620,1356,111.58362,750,5041.0625,1.9941204,2,40.554802,0.5589579861589652,0.8460074482359157,804.9383816611534,0.84527653,0.85873359,0.0,True,0.6448535493112757,0.8498252907651409
621,0,97.215057,750,5786.1406,0.99534982,1,59.280842,0.4870061482393494,0.0,67.38434266752438,0.77531308,0.0,0.0,True,0.5734982277675446,0.0
622,1356,130.46184,750,4311.6055,3.0181985,3,12.54959,0.6534811908677779,0.8617965924971663,941.1214868108449,0.92859441,0.86478007,0.0,True,0.7360151566074444,0.8626916357480164
623,0,111.04642,750,5065.4492,1.0095388,1,26.631346,0.5562680448920527,0.0,76.97151293427552,0.84394658,0.0,0.0,True,0.6425716054244369,0.0
624,0,158.01619,750,3559.7617,1.001866,2,130.23639,0.791422980115092,0.0,109.52847658132461,1.0311805,1.0026056,4.1595565353657316,True,0.8633502360805645,0.30078168000000005
625,2746,190.68832,750,2949.8398,4.0163698,6,49.844193,0.9549502175130901,0.990957044037744,1509.9899946096941,1.0237797,0.90883136,0.0,True,0.975599062259163,0.9663193388264207
626,1344,190.45654,750,2953.4297,4.0161152,6,49.796082,0.953790259018442,0.9014496745747198,1372.2188985654966,1.0252175,0.91950434,0.0,True,0.9752184313129094,0.9068660742023039
627,0,190.08194,750,2959.25,2.0066116,3,37.921341,0.9519155961414256,0.0,131.7547607863647,1.0243403,0.86651903,5.540335509055442,True,0.9736430072989979,0.25995570900000003
628,0,199.47775,750,2819.8633,2.0208359,3,48.725365,0.9989357241627532,0.0,138.26743999694162,,,,False,0.9989357241627532,0.0
629,2708,160.23555,750,3510.457,3.0184226,5,42.117161,0.8025322613412197,0.9681516951860687,1266.6145792267123,1.0302863,0.84447938,0.0,True,0.8708584729388538,0.9310500006302481
630,0,133.6489,750,4208.7891,1.9348793,2,23.672087,0.6694374835998783,0.0,92.63835821993807,1.0517119,0.76779312,12.21199400566162,True,0.7841198085199148,0.23033793600000002
631,0,158.1295,750,3557.2109,1.0650501,2,38.756897,0.7919901737415438,0.0,109.60701708835387,,,,False,0.7919901737415438,0.0
632,1352,265.24173,750,2120.707,3.2148063,4,79.078178,1.3279553226487673,0.9411508160821871,1912.6099613148963,1.116466,0.94583368,0.0,True,1.2645085258541369,0.942555675257531
633,9,200.34058,750,2807.7188,4.5131364,5,20.679047,1.0032534426839428,0.28995446393433766,480.3957297316838,1.0234081,0.54351699,0.0,True,1.0092998398787598,0.36602322175403634
634,0,131.70375,750,4270.9492,1.9947273,2,39.316761,0.6596989402714633,0.0,91.2900829816719,0.9250654,0.0,0.0,True,0.7393088781900243,0.0
635,0,254.25703,750,2212.3281,2.5144861,3,31.025942,1.2730092072054706,0.0,176.23754348204542,,,,False,1.2730092072054706,0.0
636,0,265.55771,750,2118.1836,0.64397335,2,9.5136337,1.3295358284413654,0.0,184.0705779624556,1.0234081,0.54351699,13.48125294576405,True,1.2376975099089558,0.163055097
637,0,-1.0,1,-1.0,0.0,0,39.298641,1.0,0.0,-0.6931471805599453,0.92964125,0.0,0.9643250960043465,True,0.978892375,0.0
638,7734,165.85562,750,3391.5039,3.1414599,5,86.863594,0.830663568435503,1.1013046351430715,1485.0115196155382,1.0297947,0.98336536,0.0,True,0.8904029079048521,1.06592285260015
639,12042,192.03841,750,2929.1016,3.0296934,4,147.47478,0.9617067040848385,1.1769610593455129,1804.4547155272915,0.96515572,0.6781252,0.0,True,0.962741408859387,1.027310301541859
640,4389,154.90533,750,3631.25,2.9716492,4,79.478386,0.7758508385257817,1.0230449893513731,1299.239375084412,1.0210603,0.81427503,0.0,True,0.8494136769680471,0.9604140015459611
641,0,113.43353,750,4958.8516,2.0214391,3,20.672855,0.5682210004173067,0.0,78.62613150046198,0.84746701,0.0,0.0,True,0.6519948032921148,0.0
642,811,133.37321,750,4217.4883,4.213419,5,55.549267,0.668057323224192,0.8025558459878847,893.698017427253,0.925035,0.79284024,0.0,True,0.7451506262569344,0.7996411641915192
643,2629,133.53896,750,4212.2539,3.9981661,5,55.456482,0.6688870974465484,0.943481944186631,1051.6352386660685,0.92583191,0.7570309,0.0,True,0.7459705412125839,0.8875466309306417
644,5388,159.27142,750,3531.707,2.2062907,4,66.101608,0.7977062215610397,1.0516168323624235,1368.5079278067803,1.027084,0.97776335,0.0,True,0.8665195550927278,1.0294607876536963
645,702,154.77829,750,3634.2305,2.0267272,4,35.250111,0.7752148988007763,0.7995334340714249,1014.8469418751528,1.0218817,0.92208058,0.0,True,0.8492149391605435,0.8362975778499974
646,17929,250.30679,750,2247.2422,2.467607,5,112.96164,1.253248787113187,1.2688810798216605,2451.5763734785705,1.0736099,1.0807676,0.0,True,1.1993571209792309,1.2124470358751624
647,68,141.35399,750,3979.3711,2.7286413,3,45.201126,0.7080123877610396,0.5107713056504893,600.5417539596928,0.9250012,0.73717028,0.0,True,0.7731090314327278,0.5786909979553425
648,1302,161.80739,750,3476.3555,1.6325722,3,14.211395,0.8104002190327574,0.8795554050769449,1160.6754338213086,0.90524411,0.7263394,0.0,True,0.8388533863229302,0.8335906035538614
649,26738,242.65137,750,2318.1406,3.0127883,5,47.978188,1.2149522572355298,1.3153707271901944,2473.5676468263778,1.0501689,1.0755426,0.0,True,1.165517250064871,1.2434222890331361
650,25061,242.41812,750,2320.3711,3.0008471,5,47.991413,1.213785367495228,1.3068510859777387,2455.4889993560096,1.0497271,1.0724407,0.0,True,1.1645678872466596,1.236527970184417
651,30370,278.90384,750,2016.8242,1.9072379,4,87.459015,1.3962880269979905,1.356137321052672,2878.643624543324,1.1244177,1.2402638,0.0,True,1.3147269288985932,1.3213752647368704
652,23075,242.41322,750,2320.418,3.0460944,4,148.44376,1.213760855743366,1.2961959180778473,2435.426651174574,1.0497271,1.0625567,0.0,True,1.164550729020356,1.2261041526544931
653,8708,267.44623,750,2103.2266,1.4507006,4,30.767492,1.338981779478654,1.185485859050754,2426.332927534406,1.1250677,1.2321936,0.0,True,1.2748075556350578,1.1994981813355279
654,0,237.00114,750,2373.4062,1.1383402,2,308.75345,1.1866854852335558,0.0,164.27667198049286,,,,False,1.1866854852335558,0.0
655,0,131.43423,750,4279.707,2.0046418,2,65.967865,0.6583495925979513,0.0,91.10326595356739,0.92523569,0.0,0.0,True,0.738415421818566,0.0
656,0,189.97612,750,2960.8984,1.9929358,3,103.09454,0.9513860006383602,0.0,131.68141195171785,,,,False,0.9513860006383602,0.0
657,1361,207.1552,750,2715.3555,2.7590473,4,51.617401,1.0373541699176998,0.9126085088250034,1495.1309375817816,1.0020205,0.86971563,0.0,True,1.02675406894239,0.8997406451775024
658,0,194.19911,750,2896.5117,0.24456099,1,55.617817,0.9725198139009742,0.0,134.60856556375066,0.97661954,0.0,0.0,True,0.973749731730682,0.0
659,4666,254.49429,750,2210.2656,3.4677172,5,70.3265,1.2741960364405596,1.0968612911068738,2150.0914444669183,1.1278236,1.2305291,0.0,True,1.2302843055083916,1.1369616337748116
660,2702,159.14046,750,3534.6133,1.9984894,4,58.615002,0.7970506866198226,0.9670685120730147,1257.6054858943178,1.0274119,0.993613,0.0,True,0.8661590506338758,0.9750318584511102
661,2543,190.2746,750,2956.2539,3.9127045,4,84.848419,0.9528796899663671,0.9810827789094961,1492.1117083831775,0.97212929,0.80906224,0.0,True,0.958654569976457,0.9294766172366473
662,0,113.58151,750,4952.3906,1.9910375,3,181.42004,0.5689620150405171,0.0,78.72870342024123,0.8479805,0.84950411,3.3728837051858482,True,0.6526675605283621,0.25485123300000007
663,5904,221.00227,750,2545.2227,3.1846602,5,16.55496,1.1066406007899492,1.1071512290702072,1919.1227298227764,1.031306,0.95930326,0.0,True,1.0840402205529645,1.062796838349145
664,878,154.86386,750,3632.2227,2.0007303,4,99.498245,0.7756431819860122,0.8268398329302483,1049.9648770897156,1.0222976,0.9626202,0.0,True,0.8496395073902085,0.8675739430511739
665,3745,191.07419,750,2943.8828,4.552403,6,49.751385,0.9568812646157534,1.0300357481152256,1572.2942506237566,1.0231963,0.86843246,0.0,True,0.9767757752310273,0.9815547616806579
666,4,155.98969,750,3606.0078,3.0547071,4,67.152458,0.7812788151604874,0.19648406065598986,279.49600415944883,0.89009577,0.11907661,0.0,True,0.8139239016123412,0.17326182545919291
667,1460,215.62535,750,2608.6914,3.2071986,4,99.406609,1.079736984261639,0.926169911559845,1571.3828137130083,1.0216099,0.90125728,0.0,True,1.0622988589831475,0.9186961220918914
668,0,159.00797,750,3537.5586,1.017222,2,60.570076,0.7963874532473616,0.0,110.21592609206036,1.0277407,1.0121614,0.1366757511198252,True,0.8657934272731531,0.3036484200000001
669,5576,249.57927,750,2253.793,3.5346355,5,98.728127,1.2496093653423856,1.1171641233995568,2153.0169287007548,1.0736014,1.0578442,0.0,True,1.19680697573967,1.0993681463796898
670,254,203.28676,750,2767.0273,2.6378202,4,23.47649,1.0179964852906276,0.6990708296648058,1127.26115631333,0.99742556,0.6276319,0.0,True,1.0118252077034393,0.6776391507653641
671,2195,190.97713,750,2945.3789,2.6814396,4,51.745602,0.9563955482865798,0.9631220962629143,1469.540000650045,0.96699023,0.75797045,0.0,True,0.9595739528006058,0.9015766023840399
672,0,155.47852,750,3617.8633,0.98917949,2,38.615517,0.7787200304149045,0.0,107.76949777563307,1.0223159,0.98593283,9.360146350611393,True,0.8517987912904331,0.29577984900000004
673,3105,190.04431,750,2959.8359,3.3114591,4,93.981636,0.9517272915335372,1.0059031046120377,1528.2247677906942,0.96485126,0.83918923,0.0,True,0.9556644820734761,0.9558889422284265
674,0,-1.0,1,-1.0,0.0,0,15.502276,1.0,0.0,-0.6931471805599453,,,,False,1.0,0.0
675,0,162.42079,750,3463.2266,2.0113077,3,80.207611,0.813470628175888,0.0,112.58151265281896,,,,False,0.813470628175888,0.0
676,0,249.23758,750,2256.8828,1.0182842,2,1.3968214,1.2479000942739467,0.0,172.75832586658382,,,,False,1.2479000942739467,0.0
677,0,244.81844,750,2297.6211,1.9966114,3,56.198612,1.2257932661488438,0.0,169.69521143508413,,,,False,1.2257932661488438,0.0
678,0,158.71582,750,3544.0703,2.0127268,3,26.616199,0.7949250354889458,0.0,110.01342314325979,,,,False,0.7949250354889458,0.0
679,0,236.54993,750,2377.9336,2.7900612,3,29.358627,1.1844280273507617,0.0,163.9639170411524,,,,False,1.1844280273507617,0.0
680,0,274.22827,750,2051.2109,1.0192379,2,0.91811365,1.372903318930265,0.0,190.08055218033144,,,,False,1.372903318930265,0.0
681,1337,251.52927,750,2236.3203,2.5035758,4,119.67092,1.2593640235822356,0.9332381060302198,1810.929838526508,1.0914739,0.89535969,0.0,True,1.208996986507565,0.9218745812211538
682,0,216.21686,750,2601.5547,0.48787624,1,132.02795,1.082696691209828,0.0,149.8701068985244,1.0326221,0.86479515,3.6620478990893526,True,1.0676743138468796,0.259438545
683,0,201.79202,750,2787.5234,2.0021849,2,160.22398,1.010516728081147,0.0,139.8715697224961,,,,False,1.010516728081147,0.0
684,2670,274.23242,750,2051.1797,2.0052636,4,97.388321,1.372924181489714,1.0344243590855273,2163.853543688596,1.1489817,1.2958122,0.0,True,1.3057414370427998,1.1128407113598693
685,0,128.2972,750,4384.3516,0.35569888,1,33.780624,0.6426434349389128,0.0,88.92884245373541,0.82019085,0.70350128,4.786423145573988,True,0.695907659457239,0.21105038400000004
686,1356,136.58015,750,4118.4609,0.56221753,2,212.38788,0.6841128037578992,0.8665381728081255,985.2575575880903,0.83899766,0.78797138,0.0,True,0.7305782606305293,0.8429681349656879
687,2708,141.79732,750,3966.9297,2.4263139,4,46.675255,0.710231793491781,0.9538805702564332,1120.8658303808083,0.85309029,0.83539456,0.0,True,0.7530893424442467,0.9183347671795032
688,10601,224.0851,750,2510.207,4.004365,5,241.86108,1.1220652036531211,1.1838581093039697,2077.020648730613,1.0344118,1.0086198,0.0,True,1.0957691825571847,1.1312866165127788
689,14769,274.35419,750,2050.2695,2.0039902,4,92.063416,1.3735330857247534,1.2587014401596732,2633.915748524756,1.1489826,1.2976905,0.0,True,1.3061679400073274,1.2703981581117714
690,0,225.08476,750,2499.0586,1.2899652,2,83.588921,1.127066778472842,0.0,156.01686678101194,1.0714315,0.0,0.0,True,1.1103761949309894,0.0
691,20209,274.37143,750,2050.1406,3.0402689,5,40.194523,1.3736193607171927,1.2998255097158842,2720.1134978001196,1.1489829,1.2982056,0.0,True,1.3062284225020349,1.299339536801119
692,3301,208.99551,750,2691.4453,4.0548573,5,259.0741,1.0465629500899079,1.0257421617765805,1693.4041822936251,1.0315533,0.86337376,0.0,True,1.0420600550629355,0.9770316412436064
693,0,234.85817,750,2395.0625,2.0069969,3,91.946312,1.1759643559872954,0.0,162.79127836696833,1.0352603,0.96047997,3.2681921352253536,True,1.1337531391911067,0.28814399100000004
694,0,182.94844,750,3074.6367,2.0295744,3,34.249989,0.9162147936003612,0.0,126.81019537384032,,,,False,0.9162147936003612,0.0
695,10480,223.36316,750,2518.3203,3.0150688,5,48.083832,1.118453102597236,1.1819054572620218,2067.765418549024,1.0342135,1.002895,0.0,True,1.0931812218180652,1.1282023200834153
696,10251,223.35623,750,2518.3984,3.0346673,5,123.80509,1.1184184449068832,1.179080343844448,2062.7675143487068,1.0334674,0.99013573,0.0,True,1.0929331314348183,1.1223969596911134
697,0,175.06577,750,3213.0781,1.9518725,3,13.711458,0.8767625455424539,0.0,121.34634488805584,,,,False,0.8767625455424539,0.0
698,0,284.45288,750,1977.4805,0.99619091,2,20.610268,1.4240403272847582,0.0,197.16771177415646,,,,False,1.4240403272847582,0.0
699,0,178.97047,750,3142.9766,2.0015249,3,20.493265,0.8963055747612865,0.0,124.05287668398827,0.93106997,0.95914418,13.250768845557433,True,0.9067348933329006,0.28774325400000006
700,12267,224.04535,750,2510.6523,4.0502892,6,94.315834,1.1218663477926478,1.2024725788257935,2109.3491143806527,1.0304981,0.94875312,0.0,True,1.0944558734548535,1.1263567411780555
701,9625,224.06488,750,2510.4336,3.9960675,5,48.794426,1.1219640029785451,1.1715095812775769,2055.1963328414686,1.0304983,0.98977655,0.0,True,1.0945242920849816,1.1169896718943038
702,0,183.50728,750,3065.2734,2.0073011,3,32.232449,0.9190116730624002,0.0,127.19755374422444,0.97952455,0.95350361,9.924214842890049,True,0.9371655361436801,0.28605108300000004
703,11547,284.80054,750,1975.0664,2.0129318,4,13.220222,1.4257791539392894,1.232466600714711,2664.1251081776086,1.1187893,1.236587,0.0,True,1.3336821977575024,1.2337027205002977
704,3400,178.56544,750,3150.1055,2.9978483,5,45.990425,0.8942784621497587,1.009394280204019,1452.1153668251136,0.93175852,0.97776091,0.0,True,0.9055224795048311,0.9999042691428133
705,24,144.94519,750,3880.7773,3.9819365,4,93.619484,0.725990661136758,0.38947923006147733,472.2454217418659,0.84864211,0.21708262,0.0,True,0.7627860957957306,0.3377602470430341
706,11750,213.93108,750,2629.3516,3.9902511,5,49.767937,1.071259370687595,1.1899607024414411,2004.9147426314603,1.0177679,0.97694224,0.0,True,1.0552119294813165,1.1260551637090088
707,1332,173.08586,750,3249.832,2.9732938,3,47.853138,0.8668529183161359,0.8896917357782693,1245.5149833505386,0.93246585,0.86525238,0.0,True,0.8865367978212951,0.8823599290447885
708,0,140.90723,750,3991.9883,0.99382788,1,64.139351,0.7057757427766618,0.0,97.66944919501174,0.84834665,0.0,0.0,True,0.7485470149436633,0.0
709,2580,235.67419,750,2386.7695,4.0190797,6,92.976776,1.1800469066076893,1.009895934698087,1851.5317513723949,1.0352523,0.97413594,0.0,True,1.1366085246253825,0.9991679362886609
710,11791,223.66153,750,2514.9609,4.077702,6,51.004414,1.1199459074131015,1.197156375039721,2096.885312025326,1.0316499,0.95516324,0.0,True,1.093457105189171,1.1245584345278046
711,1874,173.25372,750,3246.6836,3.0636477,5,46.937733,0.867693012355465,0.9319901438397782,1305.795464954661,0.92993265,0.8729406,0.0,True,0.8863649036488255,0.9142752806878447
712,2390,182.71979,750,3078.4844,2.9820673,5,87.731339,0.9150703892783215,0.9684184643882144,1421.5389744498116,1.0565768,0.98346388,0.0,True,0.9575223124948251,0.9729320890717501
713,2312,207.48921,750,2710.9844,3.9897053,5,155.90431,1.039025531836378,0.9797787844631218,1607.363491110802,1.0306962,0.81935084,0.0,True,1.0365267322854645,0.9316504011241853
714,3847,237.46388,750,2368.7812,3.1094327,5,51.161079,1.1890005113393833,1.0622683835452627,1960.399364015133,1.0386568,0.98345453,0.0,True,1.1438973979375684,1.038624227481684
715,947,173.26164,750,3246.5352,3.0003059,4,45.863361,0.8677326504185014,0.8476537184075355,1187.7793713175859,0.92993283,0.72198659,0.0,True,0.886392704292951,0.8099535798852747
716,1882,182.69614,750,3078.8828,2.0452476,4,13.219511,0.9149520582457069,0.9386709440325882,1377.7394447049269,1.0557653,0.96291649,0.0,True,0.9571960307719949,0.9459446078228118
717,996,209.12238,750,2689.8125,3.0292773,4,51.863583,1.0471977743894854,0.8742026158503593,1444.1475608350509,0.99481839,0.55749387,0.0,True,1.0314839590726397,0.7791899920952514
718,0,210.44325,750,2672.9297,2.4672811,3,140.95309,1.0538071557819992,0.0,145.8681454053717,,,,False,1.0538071557819992,0.0
719,0,167.78563,750,3352.4922,2.109941,3,3.128834,0.8403239271427718,0.0,116.30013637297417,,,,False,0.8403239271427718,0.0
720,10404,213.93202,750,2629.3398,3.54002,6,54.479065,1.0712641746511782,1.1745147540939553,1978.9006737854643,1.0177674,0.9715454,0.0,True,1.055215142255825,1.1136239478657686
721,23851,285.17166,750,1972.4961,2.0296826,4,82.573792,1.4276351617376182,1.3282630228365813,2874.4348785933666,1.1187901,1.2374114,0.0,True,1.3349816432163326,1.3010075359856068
722,4540,178.97336,750,3142.9258,2.9956098,5,46.993015,0.8963200527890981,1.0455730387486646,1507.1566286477932,0.93139106,0.96808386,0.0,True,0.9068413549523686,1.0223262851240653
723,1168,171.11729,750,3287.2188,4.052618,5,86.566658,0.8569998624213738,0.8722258892853504,1208.902419338768,0.94636559,0.80076855,0.0,True,0.8838095806949616,0.8507886874997453
724,6327,194.1402,750,2897.3906,4.4493823,5,94.292465,0.9722250113778379,1.0978524878618607,1699.2892760393827,1.0489763,0.91013217,0.0,True,0.9952503979644864,1.0415363925033025
725,10081,211.53947,750,2659.0781,4.026135,5,48.268467,1.05929249467492,1.1688433930139286,1950.099052000579,0.99939221,0.97060758,0.0,True,1.041322409272444,1.10937264910975
726,3270,177.00659,750,3177.8477,3.0460949,5,47.615807,0.8864764369292896,1.003465387608211,1432.5420693995447,0.92908025,0.93866211,0.0,True,0.8992575808505028,0.9840244043257476
727,1806,183.68542,750,3062.3008,3.9348674,6,166.21753,0.9199031828317235,0.9341698789858605,1377.6363409149376,0.97979504,0.96746552,0.0,True,0.9378707399822064,0.9441585712901023
728,4073,155.40167,750,3619.6523,2.5246923,3,20.597857,0.778335363412384,1.01432817928324,1291.795966475352,0.94633442,0.93183124,0.0,True,0.8287350803886687,0.9895790974982679
729,2827,141.58736,750,3972.8125,1.0270228,3,71.325081,0.7091806365894735,0.95889719805191,1125.2908270391606,0.95066953,0.91875154,0.0,True,0.7816273046126314,0.946853500636337
730,35854,285.2225,750,1972.1445,3.0500665,5,91.013405,1.4278894270778033,1.382009735194669,2991.204282600221,1.118791,1.2399113,0.0,True,1.3351598989544624,1.3393802046362682
731,6386,228.92062,750,2457.1836,2.7122967,4,14.529037,1.146258481503291,1.1221861886713573,2005.842879066382,1.0762908,0.98151338,0.0,True,1.1252681770523036,1.07998434606995
732,22937,265.91373,750,2115.3477,3.5456715,5,12.997783,1.3313165613157427,1.3110520624175928,2669.9317481756652,1.1498336,1.2972293,0.0,True,1.2768716729210199,1.3069052336923148
733,5258,217.63246,750,2584.6328,2.608655,5,29.413158,1.0897797550057344,1.0902459153238735,1864.6501737167143,1.0462461,1.0113122,0.0,True,1.0767196585040142,1.0665658007267114
734,4437,192.05045,750,2928.918,2.2581012,3,100.32857,0.9617669477869378,1.0519260440502618,1612.8750941313588,0.99489492,0.94365782,0.0,True,0.9717053394508565,1.0194455768351833
735,3790,180.76169,750,3111.832,2.4683251,4,80.585052,0.9052704381847821,1.0244227145426312,1489.5936152402282,0.96420354,0.9277193,0.0,True,0.9229503687293474,0.9954116901798419
736,43,191.54642,750,2936.625,3.9939466,4,244.93941,0.9592445647450071,0.47385073362486557,729.1525720637914,0.9761312,0.24823257,0.0,True,0.964310555321505,0.4061652845374059
737,6830,232.88272,750,2415.3789,1.0856668,3,33.166763,1.1660811877996438,1.1332811276993617,2056.208338529723,1.0685363,1.0169852,0.0,True,1.1368177214597508,1.0983923493895533
738,5828,218.0051,750,2580.2148,1.7748159,3,112.61151,1.0916442966223399,1.1035805710217346,1890.272577835734,1.046715,1.0099221,0.0,True,1.0781655076356378,1.0754830297152143
739,29723,270.93643,750,2076.1328,2.8458245,5,263.98917,1.3564388469657938,1.348181443101699,2790.5757938341044,1.1530582,1.2989546,0.0,True,1.2954246528760556,1.3334133901711893
740,7467,228.22221,750,2464.7031,3.4316671,5,154.67337,1.1427642260934427,1.1417658839747917,2035.4035228107346,1.0683604,1.0179886,0.0,True,1.12044307826541,1.1046326987823543
741,4312,239.04938,750,2353.0703,2.6745048,4,149.44987,1.1969324478652703,1.0778696781976194,2000.7526695172703,1.0604559,0.83745956,0.0,True,1.1559894835056892,1.0057466427383335
742,1348,206.50993,750,2723.8398,2.9280539,3,80.849548,1.0341253580176635,0.9110366835062086,1488.4946374993294,1.0350163,0.87188053,0.0,True,1.0343926406123645,0.8992898374543461
743,0,162.01784,750,3471.8398,1.0003058,1,23.514534,0.811453671258472,0.0,112.30220899641233,0.93166792,0.0,0.0,True,0.8475179458809303,0.0
744,3384,209.71474,750,2682.2148,3.0621347,5,94.213837,1.0501618793972063,1.0293322414258226,1704.436534739993,0.99569726,0.84947467,0.0,True,1.0338224935780445,0.9753749699980758
745,5765,238.56345,750,2357.8633,1.924948,4,52.180744,1.1945014183973268,1.114970546210572,2065.937360645056,1.040578,0.99853003,0.0,True,1.1483243928781288,1.0800383913474003
746,2058,182.89128,750,3075.5977,2.0285699,4,82.73317,0.9159286995417877,0.9499200347733441,1395.5448271580226,1.0550929,0.93315905,0.0,True,0.9576779596792514,0.9448917393413409
747,0,143.28116,750,3925.8477,1.9992115,2,95.610229,0.7176602237082147,0.0,99.3149320813584,0.84494519,0.0,0.0,True,0.7558457135957503,0.0
748,44,183.94398,750,3057.9961,3.9525118,4,142.11142,0.9211972718114891,0.47426207509711593,704.2555364629623,0.97023344,0.45407104,0.0,True,0.9359081222680424,0.4682047645679811
749,1584,182.92102,750,3075.0977,1.9714959,4,15.015678,0.9160775295089905,0.9173653102737188,1347.9395823192817,1.0546438,0.89996046,0.0,True,0.9576474106562933,0.9121438551916032
750,996,213.59946,750,2633.4336,4.0103145,5,147.14233,1.069600106439334,0.8765508328170797,1475.0651707133595,0.99999493,0.59658331,0.0,True,1.0487185535075336,0.7925605759719558
751,7725,240.64694,750,2337.4492,3.3033762,5,97.637718,1.2049246716166337,1.1539357151084644,2154.385947106755,1.0441346,1.011694,0.0,True,1.1566876501316437,1.111263200575925
752,1162,182.66208,750,3079.457,3.0315642,4,105.86891,0.914781565692397,0.8786672954393537,1289.524439988371,1.0537746,0.78693104,0.0,True,0.9564794759846779,0.8511464188075477
753,1343,174.26453,750,3227.8516,3.0047116,3,56.795277,0.8727521905569273,0.89145530582007,1255.427690426476,0.9739269,0.86771518,0.0,True,0.9031046033898491,0.884333268074049
754,0,142.31584,750,3952.4766,0.96707159,1,29.807533,0.7128275987456334,0.0,98.6458232450203,0.88448822,0.0,0.0,True,0.7643257851219434,0.0
755,90,140.90158,750,3992.1484,3.7227387,5,130.11844,0.7057474527170289,0.5439465466785782,637.1271549321615,0.95444119,0.85465813,0.0,True,0.7803555739019202,0.6371600216750049
756,2025,137.34573,750,4095.5039,3.4889648,4,59.809788,0.6879456683552629,0.9153009565656983,1045.7932602023168,0.88147885,0.89456677,0.0,True,0.7460056228486841,0.9090807005959888
757,0,124.66604,750,4512.0547,1.9964203,2,19.852551,0.6244629820444569,0.0,86.41191413757336,0.83724451,0.0,0.0,True,0.68829744043112,0.0
758,0,141.51736,750,3974.7773,1.9644899,3,5.9486542,0.7088302528466446,0.0,98.09235908428677,,,,False,0.7088302528466446,0.0
759,3886,137.37575,750,4094.6094,1.3381587,5,22.886765,0.6880958821882791,0.9936565196029417,1135.499890734222,0.88147992,0.9412868,0.0,True,0.7461110935317954,0.9779456037220591
760,3164,170.45757,750,3299.9414,4.6948504,7,52.421093,0.8536977849073264,0.9947349598784235,1373.9262376806614,0.99364138,0.99371201,0.0,True,0.8956808634351285,0.9944280749148966
761,25,141.25929,750,3982.0391,4.6670156,5,34.990139,0.7075382515883935,0.39300092803057574,465.56757564759664,0.89972478,0.20051867,0.0,True,0.7651942101118754,0.335256250621403
762,3587,145.65656,750,3861.8242,9.3207521,7,65.901543,0.7295518411717067,0.9910019118906079,1192.290545721175,0.91726226,0.94470972,0.0,True,0.7858649668201947,0.9771142543234255
763,1212,143.89755,750,3909.0312,6.8663726,6,31.305807,0.7207459912551443,0.8584397110684961,1021.9137732099075,0.91169095,0.8630392,0.0,True,0.7780294788786011,0.8598195577479473

metric,value
avg_local_nain,1.018954
avg_local_nach,0.825339
avg_citywide_nain,1.005853
avg_citywide_nach,0.818847
avg_blended_nain,1.015406
avg_blended_nach,0.809887
avg_segment_length,78.7542
blended_nain_nach_pearson_r,0.558502
blended_nain_nach_p_value,7.1101e-64
pct_citywide_matched,94.5
