segment_id,T1024 Choice,T1024 Integration,T1024 Node Count,T1024 Total Depth,Angular Connectivity,Connectivity,Segment Length,local_nain,local_nach,integrated,citywide_nain,citywide_nach,citywide_match_distance_m,citywide_matched,blended_nain,blended_nach
0,0,103.70054,972,9110.6953,0.5186668,1,10.994568,0.42223348209763567,0.0,71.87973692354383,,,,False,0.42223348209763567,0.0
1,1601,109.77245,972,8606.75,1.3874164,2,25.811756,0.44695049430100287,0.8144015794399541,810.0803014907245,0.79705799,0.37199175,0.0,True,0.551982743010702,0.6816786306079677
2,3198,121.63589,972,7767.3125,1.103992,2,96.746803,0.49524138304563736,0.900930384421789,981.7118452161254,0.83504975,0.7436353,0.0,True,0.5971838931319462,0.8537418590952524
3,4791,125.28786,972,7540.9062,1.9865202,3,41.467865,0.5101064451542243,0.9491748350790792,1061.80356300546,0.85293132,0.82139486,0.0,True,0.6129539076079571,0.9108408425553555
4,0,171.87718,972,5496.8555,0.99389839,2,95.381554,0.6997247095897972,0.0,119.13618271959422,,,,False,0.6997247095897972,0.0
5,0,172.09425,972,5489.9219,2.1050305,3,84.714066,0.70060811822793,0.0,119.28664417807836,,,,False,0.70060811822793,0.0
6,0,172.07588,972,5490.5078,2.0151503,3,138.92885,0.7005333825495447,0.0,119.27391106437149,,,,False,0.7005333825495447,0.0
7,0,177.68805,972,5317.0938,1.0731659,2,68.865944,0.7233722909368056,0.0,123.16397087669459,,,,False,0.7233722909368056,0.0
8,0,151.61383,972,6231.5156,2.1050305,3,105.55593,0.6172576303191988,0.0,105.09069879839485,1.0283829,1.0529181,6.59061394104486,True,0.7405952112234392,0.31587543000000007
9,77,149.35452,972,6325.7812,4.1103935,6,104.47691,0.6080622806322314,0.49774672013103827,652.5967866702429,1.0174465,1.0443009,0.0,True,0.7308775464425621,0.6617129740917269
10,132,149.09323,972,6336.8672,2.9461808,5,105.26197,0.6069988448115397,0.558602541527817,730.2347557972352,1.0161499,1.0359993,0.0,True,0.7297441613680777,0.7018215690694719
11,0,267.76035,972,3528.4688,1.1132512,2,285.97482,1.0898510327619262,0.0,185.59733166824415,1.1556787,1.2992498,5.9460977247675615,True,1.1095993329333482,0.38977494
12,0,151.28108,972,6245.2227,1.0199528,2,39.346867,0.6159032985671791,0.0,104.86005407406353,,,,False,0.6159032985671791,0.0
13,3202,151.37358,972,6241.4062,3.0134704,4,234.65654,0.6162797909599024,0.9236108855416849,1221.9110473164587,0.87898314,0.9204939,0.0,True,0.6950907956719317,0.9226757898791794
14,0,131.35704,972,7192.4883,1.9932289,2,84.805908,0.5348101084289425,0.0,91.04976192269996,0.80465925,0.0,0.0,True,0.6157648509002598,0.0
15,6388,178.4554,972,5294.2305,3.0036068,4,159.02039,0.7264950171284574,1.0218536383431602,1563.7135771720145,0.97024202,0.92219031,0.0,True,0.7996191179899202,0.9919546398402121
16,6029,216.51221,972,4363.6523,2.0027905,4,166.0986,0.8813539886842933,1.0385063125179996,1884.666930559804,1.0498986,1.0511236,0.0,True,0.9319173720790053,1.0422914987625997
17,0,177.01157,972,5337.4141,2.0038724,2,57.496738,0.7206193405777909,0.0,122.6950706719894,0.94342858,0.0,0.0,True,0.7874621124044536,0.0
18,0,177.40092,972,5325.6992,4.0283599,4,90.483208,0.7222038864006733,0.0,122.96494752674042,0.94353694,0.0,0.0,True,0.7886038024804713,0.0
19,9184,216.51201,972,4363.6562,2.0058801,4,49.398689,0.8813532013386116,1.0887134457110696,1975.7664612325,1.0498986,1.0574731,0.0,True,0.9319168209370281,1.0793413419977487
20,0,178.98814,972,5278.4727,1.9917803,3,0.4421899,0.7286629978815643,0.0,124.06512459466876,,,,False,0.7286629978815643,0.0
21,0,216.14342,972,4371.0977,2.0083165,3,0.52841747,0.8798534429756184,0.0,149.8192021695841,,,,False,0.8798534429756184,0.0
22,3817,216.51259,972,4363.6445,3.0042992,5,181.91991,0.8813555633798762,0.9839808944937317,1785.7403906798643,1.0498986,1.0475851,0.0,True,0.9319184743659132,1.0030621561456123
23,27,176.24654,972,5360.582,2.9653146,4,90.1185,0.7175060573085424,0.3880347290927569,593.4742391915444,0.94169253,0.74738324,0.0,True,0.7847619991159797,0.4958392823649298
24,39,155.86336,972,6061.6172,1.9912769,3,176.67645,0.6345527662619861,0.42351130226975336,578.8098199186776,0.87172478,0.69097167,0.0,True,0.7057043703833903,0.5037494125888273
25,4743,187.55148,972,5037.4648,3.3953927,5,20.578861,0.7635106545071529,0.99288963808573,1587.59452862944,1.1096691,0.68013614,0.0,True,0.8673581881550071,0.899063588660011
26,0,145.6696,972,6485.8008,2.0103314,2,93.759323,0.5930646125592757,0.0,100.97047253329501,0.84625918,0.0,0.0,True,0.669022982791493,0.0
27,3198,172.11287,972,5489.3281,2.8253434,5,112.08835,0.7006838778789705,0.9372306098623048,1389.1068104417461,0.93196785,0.93184233,0.0,True,0.7700690695152794,0.9356141259036135
28,1601,130.12979,972,7260.3203,2.001786,3,31.740574,0.5298148400055775,0.8299793581119359,960.3099822963292,0.87638217,0.86120576,0.0,True,0.6337850390039044,0.8393472786783551
29,0,121.38744,972,7783.2109,0.54178149,1,36.493412,0.494230036570205,0.0,84.13936179138952,0.83414733,0.0,0.0,True,0.5962052245991435,0.0
30,158,149.43738,972,6322.2734,3.3457439,5,105.74149,0.6083995463911726,0.5791505384250165,758.4206779931471,1.0144246,1.0238475,0.0,True,0.7302070624738208,0.7125596268975116
31,9546,134.57698,972,7020.3984,2.7430987,4,139.30144,0.5479160891546339,1.0346595550991882,1233.2751512294924,0.89712387,0.94357711,0.0,True,0.6526784234082437,1.0073348215694318
32,218,154.53458,972,6113.7383,2.9069924,5,121.81694,0.6291448193284789,0.6180989871147231,833.5019675519928,0.99088097,1.0003073,0.0,True,0.7376656645299352,0.7327614809803062
33,212,154.32712,972,6121.957,2.3381875,4,19.243172,0.6283004710538885,0.6148181278207732,828.1156243873991,0.98964864,0.98261601,0.0,True,0.736704921737722,0.7251574924745412
34,0,237.41367,972,3979.4844,1.9981018,3,1245.5566,0.9663946109681502,0.0,164.56261598688926,,,,False,0.9663946109681502,0.0
35,6257,172.13699,972,5488.5586,4.2281613,5,393.49826,0.7007820784963043,1.0151723408148683,1504.78295744514,0.93741959,0.92474359,0.0,True,0.7717733319474129,0.9880437155704078
36,0,127.80757,972,7392.2383,2.0057344,3,138.32693,0.520362600136076,0.0,88.58945679971785,0.99696517,0.0,0.0,True,0.6633433710952532,0.0
37,12336,216.51183,972,4363.6602,2.1182189,4,23.631754,0.8813523938060407,1.1239125424981202,2039.6365327109668,1.0498986,1.0633336,0.0,True,0.9319162556642284,1.1057388597486841
38,25391,216.62914,972,4361.2969,1.9248831,4,85.482513,0.8818297622180508,1.2101100633984534,2197.102307928882,1.0499026,1.0845144,0.0,True,0.9322516135526355,1.1724313643789173
39,0,177.40132,972,5325.6875,4.1668034,4,83.60955,0.7222054724143934,0.0,122.96522478561263,0.94344443,0.0,0.0,True,0.7885771596900755,0.0
40,10110,181.26126,972,5212.2773,2.7269421,4,40.625114,0.7379133955560359,1.0773460449494052,1671.4967424386687,0.94901919,1.0042386,0.0,True,0.801245133889225,1.0554138114645837
41,680,156.54288,972,6035.3047,2.192389,4,165.90366,0.6373183496625172,0.7493284281024503,1021.4469347242301,0.87293524,0.76777321,0.0,True,0.7080034167637621,0.7548618626717152
42,1586,162.2061,972,5824.5898,4.0056248,4,24.688025,0.660366560867861,0.8499764435483738,1195.4963685080234,0.8919602,0.86230797,0.0,True,0.7298446526075026,0.8536759014838615
43,5372,178.06152,972,5305.9414,2.7035103,4,13.262795,0.7248921526928988,1.001398361837448,1529.4287619188178,0.93968689,0.95648432,0.0,True,0.7893305738850291,0.9879241492862136
44,0,142.99007,972,6607.3398,4.8738904,4,15.931769,0.5821587608211275,0.0,99.11316386856922,0.82711345,0.0,0.0,True,0.6556451675747893,0.0
45,10,144.91829,972,6519.4258,4.5068626,4,19.958849,0.5900067233477928,0.273015464510573,360.1084224969059,0.83375454,0.17655759,0.0,True,0.663131068343455,0.2440781021574011
46,3179,170.66956,972,5535.75,2.3600874,4,12.67811,0.6948101788296255,0.9356243292724081,1376.4416201164338,0.91731924,0.91045624,0.0,True,0.7615628971807379,0.9280739024906857
47,3125,172.11409,972,5489.2891,3.9026804,5,397.75424,0.7006888542462203,0.9345506534389671,1385.144826334141,0.98130327,0.63490194,0.0,True,0.7848731789723542,0.844656039407277
48,34541,216.64369,972,4361.0039,2.9976301,4,117.73932,0.8818889819955831,1.2468381055189468,2263.9179388931752,1.0499072,1.0971048,0.0,True,0.9322944473969081,1.2019181138632629
49,2179,172.0087,972,5492.6523,3.9882526,5,395.93994,0.7002599723760061,0.8926308321770133,1322.3235493739462,0.97575426,0.79163516,0.0,True,0.7829082586632043,0.8623321305239093
50,1551,171.94926,972,5494.5508,4.0156565,4,395.96536,0.7000181036830877,0.8531409951433142,1263.4735029119877,0.92827302,0.10288669,0.0,True,0.7684945785781614,0.6280647036003199
51,37559,269.77451,972,3502.125,1.9362928,4,121.03817,1.0980444669678617,1.2905806000839082,2841.7295715258088,1.1563522,1.3022537,0.0,True,1.1155367868775032,1.2940825300587357
52,46015,211.4971,972,4467.125,3.1212175,4,116.28288,0.8609481873551889,1.2773974032123063,2270.79490884413,1.0277839,1.0405667,0.0,True,0.9109989011486321,1.2063481922486143
53,39933,211.52097,972,4466.6211,2.006506,4,105.47115,0.8610452713956344,1.2605483759911076,2241.066456327226,1.0277885,1.0321302,0.0,True,0.9110682399769441,1.1920229231937753
54,34758,211.54538,972,4466.1055,2.0023906,4,105.1338,0.8611446322862696,1.2440528292593613,2211.9655789193803,1.0277905,1.0189036,0.0,True,0.9111383926003888,1.176508060481553
55,30147,211.56168,972,4465.7617,2.0035951,4,106.21786,0.8612108984715453,1.2271311759725634,2182.027499500007,1.0277913,1.0056232,0.0,True,0.9111850189300817,1.1606787831807943
56,83352,271.77765,972,3476.3125,2.1940951,4,313.87729,1.1061930369435635,1.3895045472790262,3079.4722957458384,1.1575385,1.3036011,0.0,True,1.1215966758604945,1.3637335130953183
57,1936,166.63776,972,5669.6875,2.8050263,4,12.836203,0.678402162991836,0.8756831414025432,1261.3498256115715,0.90481293,0.85978162,0.0,True,0.7463253930942852,0.8709126849817802
58,0,153.20285,972,6166.8828,1.7562553,2,27.872391,0.6237247800872078,0.0,106.19212353124823,0.86234188,0.0,0.0,True,0.6953099100610454,0.0
59,1322,160.73543,972,5877.8828,2.3826659,4,45.638813,0.6543812519211707,0.8281224143746988,1155.4326122183145,0.88602263,0.82020235,0.0,True,0.7238736653448195,0.8257463950622891
60,2717,218.37399,972,4326.4492,2.9617803,4,249.86037,0.8889292423285824,0.9444006763389046,1726.9057591219766,1.0356776,0.874116,0.0,True,0.9329537496300078,0.9233152734372332
61,416,216.29477,972,4368.0391,3.9491181,5,225.68391,0.880469254340026,0.7197019921499028,1305.4430682872128,1.0293901,0.7758109,0.0,True,0.9251455080380182,0.736534664504932
62,88300,276.18259,972,3420.8672,2.9826961,5,172.75304,1.1241117002183896,1.3993328496432906,3145.310407552503,1.1602341,1.3041164,0.0,True,1.1349484201528728,1.3707679147503036
63,28096,272.83133,972,3462.8867,3.0099971,5,152.14336,1.1104793319255601,1.2567495063730616,2794.735090874428,1.1564308,1.2814937,0.0,True,1.1242647723478922,1.2641727644611431
64,32256,272.83102,972,3462.8906,3.1289935,5,135.23097,1.110478081995939,1.2736892083393947,2832.4010600209454,1.1564308,1.2816457,0.0,True,1.1242638973971573,1.2760761558375764
65,5144,216.39946,972,4365.9258,4.008306,6,213.80583,0.88089524501853,1.019506429051918,1849.3443736244453,1.0293938,0.97216696,0.0,True,0.9254448115129711,1.0053045883363425
66,2171,214.2933,972,4408.8359,3.9995341,4,213.87755,0.8723255988312234,0.9155578402533125,1646.600569080285,1.0291395,0.72968888,0.0,True,0.9193697691818564,0.8597971521773188
67,170,174.09583,972,5426.8047,3.4960048,5,60.439934,0.7087536355496006,0.5978916010594384,896.1573233612538,1.0910822,0.90143853,0.0,True,0.8234522048847204,0.6889556797416069
68,278,194.78372,972,4850.4258,1.9269717,3,18.404715,0.7929405263268031,0.6634758802843157,1097.56528032263,1.0047102,0.82612228,0.0,True,0.8564714284287622,0.712269800199021
69,500,199.131,972,4744.5352,0.87135375,2,168.99524,0.8106302609561935,0.7343563397835834,1238.3160604343336,1.0035392,0.79734123,0.0,True,0.8685029426693355,0.7532518068485083
70,1111,206.94855,972,4565.3086,0.39515394,2,110.29067,0.8424403526868665,0.8323246846161844,1451.7056585156647,1.0149573,0.81515825,0.0,True,0.8941954368808065,0.8271747542313291
71,1718,215.7809,972,4378.4414,1.2707345,3,243.94202,0.8783783907744454,0.8884173898502911,1607.584874644675,1.0289764,0.83563942,0.0,True,0.9235577935421118,0.8725839988952038
72,7705,212.27225,972,4450.8125,3.0096598,4,115.94176,0.8641021978387274,1.0652547458772892,1899.812074581738,1.0529191,0.87750065,0.0,True,0.9207472684871092,1.0089285171141023
73,9240,220.76529,972,4279.5859,0.36917078,2,88.698868,0.8986588515750107,1.09197134345043,2015.9212461510322,1.0474908,0.85851115,0.0,True,0.9433084361025075,1.021933285415301
74,10771,230.41208,972,4100.4102,4.1850648,5,78.361351,0.9379084197415847,1.116007361668399,2139.3296847420793,1.0518057,0.85244012,0.0,True,0.9720776038191093,1.0369371891678791
75,960,199.57332,972,4734.0195,1.2983558,3,57.132,0.8124301573956269,0.8115138593673645,1370.8720190473312,1.0224056,0.77305859,0.0,True,0.8754227901769388,0.7999772785571552
76,1567,207.1703,972,4560.4219,0.39051515,2,131.46843,0.8433426702194635,0.873214616764504,1524.399207211828,1.016223,0.75645769,0.0,True,0.8952067691536245,0.8381875387351527
77,2170,216.28355,972,4368.2656,3.908756,5,58.977276,0.880423621807736,0.9165119015975437,1661.793824221389,1.0296217,0.8130753,0.0,True,0.9251830452654153,0.8854809211182806
78,21422,272.84119,972,3462.7617,4.6822987,7,474.15125,1.1105193952628136,1.2234820839368874,2720.845213812092,1.1564311,1.2818387,0.0,True,1.1242929066839695,1.2409890687558212
79,4143,214.692,972,4400.6484,3.1320107,5,124.85331,0.8739478418975629,0.9927567928827317,1788.3109498426088,1.0285696,0.9291805,0.0,True,0.9203343693282942,0.9736839050179121
80,3251,200.23918,972,4718.2773,1.6089149,3,76.095924,0.815139624914358,0.9559318590903916,1619.4009135840242,0.98441368,0.90733534,0.0,True,0.8659218414400507,0.9413529033632742
81,956,167.02441,972,5656.5625,1.3472967,3,206.47649,0.6799757125265928,0.7943203880258084,1146.5971498553938,0.8863278,0.81285429,0.0,True,0.741881338768615,0.799880558618066
82,1858,176.44441,972,5354.5703,2.0369141,3,47.379723,0.718311317189986,0.8767250071288258,1328.3320568609179,0.914662,0.86619824,0.0,True,0.7772165220329902,0.873566976990178
83,0,166.76471,972,5665.3711,1.0081017,2,37.95343,0.6789188496609581,0.0,115.59248855339692,0.885674,0.0,0.0,True,0.7409453947626707,0.0
84,0,123.14891,972,7671.8828,1.5968686,2,73.198051,0.5014000302185692,0.0,85.36031975553045,0.8701188,0.0,0.0,True,0.6120156611529983,0.0
85,834,210.77589,972,4482.4102,2.4606671,4,167.57271,0.8580136285957423,0.8000670196291012,1418.2326844023937,1.0337788,0.8383038,0.0,True,0.9107431800170196,0.8115380537403709
86,580,199.27193,972,4741.1797,1.959964,3,106.23491,0.8112037306564115,0.7519191988561456,1268.6588534074078,0.99382555,0.79794258,0.0,True,0.865990276459488,0.7657262131993019
87,1556,172.03464,972,5491.8242,3.9875944,4,348.97156,0.7003655245855444,0.8535636484670178,1264.6538590670427,0.92828256,0.14441985,0.0,True,0.7687406352098811,0.6408205089269124
88,11562,155.343,972,6081.9219,1.671852,3,99.876877,0.6324349870128606,1.0736777824410926,1453.3350646574922,0.98516017,0.75634813,0.0,True,0.7382525419090025,0.9784788867087648
89,13092,172.20882,972,5486.2695,2.6318889,3,301.46933,0.701074367396455,1.1009555141875742,1632.5240095867896,0.92732692,0.28249791,0.0,True,0.7689501331775186,0.8554182329313018
90,20843,211.60239,972,4464.9023,1.9995619,4,105.5551,0.8613765892783817,1.1832488766288014,2104.3581312284755,1.0277939,0.93461639,0.0,True,0.9113017824948673,1.108659130640161
91,16186,211.61832,972,4464.5664,2.0189264,4,104.77979,0.8614413675376591,1.1531738281969532,2051.010154975972,1.0277945,0.88280725,0.0,True,0.9113473072763614,1.0720638547378671
92,0,211.17616,972,4473.9141,0.91361421,2,72.053314,0.8596422947021611,0.0,146.3761599054759,1.0264723,0.0,0.0,True,0.9096912962915128,0.0
93,0,167.2878,972,5647.6562,1.0769234,2,189.91187,0.6810476481407414,0.0,115.95506691207602,0.99322021,0.0,0.0,True,0.774699416698519,0.0
94,604,134.99226,972,6998.8008,2.6212482,3,136.95671,0.5496064204274685,0.7234339749416023,864.8792088682652,0.82492125,0.78735566,0.0,True,0.632200869299228,0.7426104804591217
95,0,124.39526,972,7595.0156,1.1128086,2,22.316912,0.5064732350705925,0.0,86.22422374402133,0.78223974,0.0,0.0,True,0.5892031865494147,0.0
96,0,120.31998,972,7852.2617,1.3902465,2,76.955162,0.48988500953740294,0.0,83.399454902029,0.76519972,0.0,0.0,True,0.572479422676182,0.0
97,605,135.19835,972,6988.1328,1.9447113,2,144.37436,0.5504452029600579,0.7237451446871824,866.422518478739,0.8257761,0.78741729,0.0,True,0.6330444720720406,0.7428467882810277
98,1208,158.19701,972,5972.1992,1.9953004,3,92.707474,0.6440503470011107,0.8162443500833148,1122.941801881903,0.91044074,0.84448004,0.0,True,0.7239674649007775,0.8247150570583203
99,3015,158.19058,972,5972.4414,2.0069168,4,93.282715,0.6440242376155466,0.9213692897764888,1267.4258122231508,0.91044044,0.91238445,0.0,True,0.7239490983308826,0.9186738378435422
100,255333,273.28171,972,3457.1797,2.9160228,5,307.78668,1.1123114152796856,1.5278208316888557,3402.4479336131003,1.1643834,1.2716233,0.0,True,1.12793301069578,1.450961572182199
101,272683,269.8877,972,3500.6562,3.3826694,5,166.26434,1.0985049197274224,1.5335383578875639,3377.934036742781,1.1609993,1.2855711,0.0,True,1.1172532338091956,1.4591481805212947
102,86567,273.42352,972,3455.3867,1.902244,4,81.808052,1.1128882597407337,1.3951776775828144,3108.4691687237178,1.1584202,1.3038957,0.0,True,1.1265478418185135,1.36779308430797
103,0,213.71313,972,4420.8047,0.93134922,2,89.714401,0.8699649495745898,0.0,148.13465350814107,1.0395241,0.0,0.0,True,0.920832694702213,0.0
104,0,213.15393,972,4432.4023,1.1393139,2,87.977219,0.8676896698826263,0.0,147.74704560477193,1.0388048,0.0,0.0,True,0.9190242089178384,0.0
105,3,178.54564,972,5291.5547,4.0342808,4,113.91755,0.7268622477470118,0.16167764960938222,287.3581221158104,0.94509858,0.10302404,0.0,True,0.7923331474229083,0.14408156672656755
106,280,219.61227,972,4302.0547,2.8199627,3,150.0573,0.893967511103834,0.6738361833123718,1239.0320189777701,1.0371838,0.69100672,0.0,True,0.9369323977726838,0.6789873443186603
107,362,224.97932,972,4199.4258,2.9297404,3,221.94142,0.9158045984802965,0.7064734612489341,1326.737667076284,1.0485934,0.72339129,0.0,True,0.9556412389362076,0.7115488098742538
108,1581,214.06343,972,4413.5703,3.1694262,4,325.49872,0.8713902862816516,0.8776767481650245,1577.021784512445,1.0404291,0.87223399,0.0,True,0.9221019303971562,0.8760439207155172
109,2182,214.27014,972,4409.3125,2.9321189,4,326.25906,0.8722313524180748,0.916148007593967,1647.504537137887,1.0415231,0.89670211,0.0,True,0.9230188766926524,0.9103142383157768
110,250456,271.7532,972,3476.625,3.5127535,5,184.82817,1.1060936628161295,1.5244059632322995,3378.1766713705883,1.1597155,1.2689146,0.0,True,1.1221802139712906,1.4477585542626097
111,251438,272.44748,972,3467.7656,2.0797679,4,144.90947,1.1089178669054065,1.525362691494792,3387.873426394024,1.1611339,1.2693,0.0,True,1.1245826768337845,1.4485438840463543
112,252235,273.23758,972,3457.7383,1.9278103,4,61.450817,1.1121318244833023,1.5262925952489852,3398.563010989877,1.1637865,1.2701404,0.0,True,1.1276282271383118,1.4494469366742897
113,0,149.45937,972,6321.3438,0.70666587,1,3.0380383,0.6084889877114951,0.0,103.59734092376567,,,,False,0.6084889877114951,0.0
114,1585,167.64796,972,5635.5234,2.6341043,3,76.528954,0.6825133653216869,0.8531490490882606,1235.4985268107828,0.97288871,0.77295548,0.0,True,0.7696259687251809,0.8290909783617825
115,0,185.0011,972,5106.9102,1.3820307,2,55.556137,0.7531322566236843,0.0,128.2329908654885,,,,False,0.7531322566236843,0.0
116,0,185.1165,972,5103.7266,2.8284316,3,76.178535,0.753601861058083,0.0,128.3129800501251,,,,False,0.753601861058083,0.0
117,0,272.16022,972,3471.4258,3.3166914,4,197.99664,1.1077493199404918,0.0,188.64708915357443,,,,False,1.1077493199404918,0.0
118,934,174.91673,972,5401.3359,3.995214,5,93.165276,0.7120943689274913,0.795879100365816,1196.7130070628523,0.93177724,0.83421534,0.0,True,0.777999230249244,0.8073799722560712
119,5492,112.91853,972,8366.9531,2.6632786,3,45.779591,0.45975703553814373,0.9533708028016623,972.3879692072634,0.8350907,0.78061134,0.0,True,0.5723571348767006,0.9015429639611636
120,3927,108.90931,972,8674.9609,1.7566047,3,37.104275,0.4434369489683604,0.9125927626069318,901.3487207753604,0.83502996,0.74197948,0.0,True,0.5609148522778523,0.8614087778248523
121,8613,128.58304,972,7347.6562,1.6938783,3,55.807487,0.5235190549203864,1.0178150406257713,1165.1243761843907,0.89825517,0.90408844,0.0,True,0.6359398894442705,0.98369706043804
122,10169,133.41653,972,7081.4609,1.2788968,3,58.022434,0.5431928152259241,1.0407796451163625,1231.0737886040372,0.92323571,0.93949938,0.0,True,0.6572056836581469,1.0103955655814536
123,6230,211.11902,972,4475.125,4.004735,6,149.76064,0.8594097926266875,1.0392927304141608,1844.6424275801435,1.0346738,0.99239391,0.0,True,0.9119889948386812,1.0252230842899126
124,2154,174.92963,972,5400.9375,2.9760659,4,78.54731,0.7121468771041232,0.8930366921006294,1342.7615772861384,0.93177778,0.90570438,0.0,True,0.7780361479728862,0.8968369984704406
125,1175,150.31372,972,6285.4141,1.9667777,2,147.16179,0.6119662243677824,0.8083122478831225,1062.826843655971,0.84909791,0.84523869,0.0,True,0.6831057300574477,0.8193901805181858
126,205,131.81622,972,7167.4336,3.0387874,3,77.279045,0.5366790854738871,0.60014005003703,702.9388336512023,0.77957696,0.33050063,0.0,True,0.609548447831721,0.519248224025921
127,206,120.73055,972,7825.5586,3.0544939,4,95.017136,0.49155621368503816,0.5948021590808826,644.4039080082839,0.84548199,0.80228221,0.0,True,0.5977339465795267,0.6570461743566178
128,11537,134.72255,972,7012.8125,3.2239971,5,98.533607,0.5485086119997874,1.0561747739509275,1260.1257387486428,0.93005961,0.97821683,0.0,True,0.6629739113998512,1.0327873907656493
129,2151,181.931,972,5193.0898,1.9493613,3,55.676662,0.740638798546612,0.8969677888282258,1396.2508359129959,0.93402153,0.87400234,0.0,True,0.7986536179826285,0.890078154179758
130,1597,157.24962,972,6008.1797,1.8285825,2,64.430649,0.6401946796721832,0.8477403888629003,1160.0514730323284,0.85524756,0.83702749,0.0,True,0.7047105437705283,0.8445265192040301
131,1224,140.04483,972,6746.2969,1.920935,3,61.930218,0.5701712780025666,0.8064579766623531,995.9305053976444,0.79054779,0.78310329,0.0,True,0.6362842316017966,0.7994515706636471
132,1203,136.19827,972,6936.8281,2.9352,3,87.261086,0.5545151158613886,0.8019648089818061,966.2225129886683,0.80957615,0.23349491,0.0,True,0.631033426102972,0.6314238392872643
133,622,121.44022,972,7779.8281,1.9509823,3,92.992744,0.4944448808646594,0.718167397323425,781.6075166878643,0.84191132,0.42339781,0.0,True,0.5986848126052616,0.6297365211263974
134,30068,156.44223,972,6039.1875,3.0942717,5,97.69796,0.6369087315720227,1.1843134074786394,1613.1201498564194,0.88389581,0.9096989,0.0,True,0.7110048551004159,1.1019290552350476
135,215024,259.45804,972,3641.375,3.2573781,5,216.4474,1.056077144903766,1.4972075563176122,3185.759236235923,1.1604329,1.3155715,0.0,True,1.0873838714326363,1.4427167394223286
136,8755,211.30347,972,4471.2188,3.005707,5,150.937,0.8601602648664891,1.0798715751288501,1918.1302090590948,1.0349315,1.0033516,0.0,True,0.9125916354065423,1.0569155825901952
137,4456,216.21878,972,4369.5742,3.9033446,5,77.458374,0.880160073186853,1.002281253966852,1816.7686802296369,1.0293453,0.94491333,0.0,True,0.9249156412307971,0.9850708767767964
138,7333,211.30365,972,4471.2148,3.0057096,4,167.03983,0.8601610340316674,1.0587895708051258,1880.6896880252582,1.0349317,1.0092822,0.0,True,0.9125922338221673,1.043937359563588
139,220054,259.56775,972,3639.8359,1.8360997,4,56.258202,1.056523460547401,1.500104404144135,3193.1083252439175,1.1605209,1.3165374,0.0,True,1.0877226923831806,1.4450343029008945
140,48,137.95999,972,6848.2461,2.2737117,3,206.3161,0.5616856696307244,0.4406406720021699,539.7026547086369,0.78292692,0.28816664,0.0,True,0.6280580447415071,0.39489846240151893
141,25,159.13901,972,5936.8477,1.7467146,2,56.411968,0.6478841118982994,0.37494901838868633,524.4962159774317,0.86261439,0.24049699,0.0,True,0.7123031953288096,0.33461340987208044
142,590,174.16565,972,5424.6289,0.7812205,2,34.22258,0.7090378094241452,0.74213569083398,1111.7875823438856,0.9112345,0.79280317,0.0,True,0.7696968165969016,0.757335934583786
143,1178,180.28656,972,5240.457,1.2781844,3,163.21951,0.7339469008164985,0.8257606140936898,1275.215465312983,0.92965597,0.84543169,0.0,True,0.7926596215715489,0.8316619368655829
144,219706,259.38623,972,3642.3828,2.065268,4,146.07732,1.0557851024359348,1.4997835845782417,3190.4648099047376,1.1606895,1.3165878,0.0,True,1.0872564217051544,1.4448248492047693
145,41779,178.76311,972,5285.1172,1.9214525,3,43.434956,0.7277472623103113,1.2410944875322485,1902.0747013199382,0.94570273,0.96387416,0.0,True,0.793133902617218,1.157928389272574
146,40303,157.01891,972,6017.0078,2.8048251,4,215.35747,0.6392557038742761,1.218475960373414,1665.064763130291,0.88489556,0.94951499,0.0,True,0.7129476607119933,1.13778766926139
147,12554,206.35371,972,4578.4688,2.2141922,3,76.780327,0.8400199271772704,1.119587931617265,1947.5568057804621,1.0321221,1.0272518,0.0,True,0.8976505790240893,1.0918870921320853
148,10998,197.65889,972,4779.8711,1.6391373,3,73.179543,0.8046400639728156,1.0982867185738905,1839.3445587928227,1.0081732,1.0154808,0.0,True,0.865700004780971,1.0734449430017232
149,214654,259.3537,972,3642.8398,2.0840006,4,88.589546,1.0556527252072254,1.4969242038190835,3184.031436006897,1.1606886,1.3168392,0.0,True,1.0871634876450578,1.4428987026733584
150,254501,273.20609,972,3458.1367,2.1569748,4,53.637775,1.1120037736699127,1.5273684894227149,3400.614753667313,1.164081,1.2707496,0.0,True,1.1276269415689388,1.4503828225959003
151,5849,214.13905,972,4412.0117,2.5131128,4,138.02151,0.8716979766532469,1.0335325904569357,1857.5208941304204,1.0334339,0.96424305,0.0,True,0.9202187536572728,1.0127457283198549
152,671,206.83565,972,4567.8008,4.0067062,4,246.41599,0.8419809169392588,0.772506892195439,1346.8610778915315,1.0322006,0.84692782,0.0,True,0.8990468218574812,0.7948331705368072
153,2734,197.52136,972,4783.1992,2.9711776,4,17.963512,0.8040804378245651,0.9339581389263586,1563.2338734803059,0.99018294,0.89622349,0.0,True,0.8599111884771955,0.922637744248451
154,564,174.33148,972,5419.4688,2.0492485,3,54.434628,0.7097126645483525,0.7369853283714729,1105.0164867723965,0.92762065,0.61847425,0.0,True,0.7750850601838468,0.7014320048600311
155,752,178.03203,972,5306.8203,2.5517516,3,105.92373,0.7247721434107984,0.7722774041068677,1179.5320528229634,0.92757761,0.65680158,0.0,True,0.7856137833875589,0.7376346568748074
156,0,180.99594,972,5219.918,1.3599532,2,17.069183,0.7368336821477777,0.0,125.45682550379702,0.94475633,0.0,0.0,True,0.7992104765034445,0.0
157,0,208.0358,972,4541.4492,1.6032174,2,66.795914,0.8468643311371806,0.0,144.19942822553267,1.0197378,0.0,0.0,True,0.8987263717960264,0.0
158,75,174.66661,972,5409.0703,2.8952682,4,158.36031,0.7110765254359674,0.5037852938608846,758.7177675348029,0.93088639,0.32148138,0.0,True,0.7770194848051772,0.44909411970261914
159,0,157.56874,972,5996.0117,2.1570559,2,62.929562,0.6414934248650697,0.0,109.21832787538307,0.88690263,0.0,0.0,True,0.7151161864055487,0.0
160,7902,191.85333,972,4924.5117,2.1780157,4,83.947388,0.7810161229930213,1.0555605212459422,1721.9074724979223,0.99144518,0.98912501,0.0,True,0.8441448400951149,1.0356298678721596
161,32156,156.90697,972,6021.3008,2.1138389,4,105.45718,0.6388000857957747,1.1924303811538408,1628.4458914817837,0.884727,0.91229469,0.0,True,0.7125781600570423,1.1083896738076886
162,35432,156.91714,972,6020.9102,1.998982,4,112.52753,0.6388415134952133,1.2035857600578574,1643.774059266489,0.88472742,0.91976655,0.0,True,0.7126072854466494,1.1184399970405001
163,947,137.76974,972,6857.7031,3.90207,5,93.455391,0.5609113123006386,0.7759442921085083,944.4678877782022,0.80896086,0.65991199,0.0,True,0.635326176610447,0.7411346014759559
164,608,135.88484,972,6952.8281,2.9557183,3,97.813263,0.5532394205133206,0.7247174600945187,871.4918442412531,0.8096807,0.76112252,0.0,True,0.6301718043593245,0.7356389780661631
165,0,119.89312,972,7880.2188,1.9160386,2,204.91026,0.4881474576440023,0.0,83.10357809653519,0.74928379,0.0,0.0,True,0.5664883573508016,0.0
166,20,134.29453,972,7035.1641,2.9314606,3,100.22048,0.5467664265231158,0.3436603642084278,415.110093483802,0.8071081,0.69436395,0.0,True,0.624868928566181,0.4488714399458995
167,38125,157.0135,972,6017.2148,2.9970856,5,93.105789,0.6392337199552603,1.2120877114392112,1656.2848486859941,0.88489538,0.93452257,0.0,True,0.7129322179686823,1.128818169007448
168,71,151.94243,972,6218.0391,2.0321593,3,113.81547,0.6185949969050449,0.48956236169772627,651.9028333045285,0.85959685,0.23754045,0.0,True,0.6908955528335314,0.4139557881884084
169,63,137.56506,972,6867.9062,3.0348916,4,98.439995,0.5600782537342006,0.4707254038460547,574.2498352464294,0.80893928,0.25228402,0.0,True,0.6347365616139404,0.4051929886922383
170,4788,164.52049,972,5742.6523,2.8331096,3,98.504036,0.6697855443424763,0.9789605308901472,1394.1936341854125,0.91768819,0.79361612,0.0,True,0.7441563380397334,0.9233572076231031
171,3196,142.5952,972,6625.6367,1.4631968,2,194.49826,0.580551596591551,0.9171299592103515,1150.7833180496818,0.84199589,0.0,0.0,True,0.6589848846140857,0.6419909714472459
172,1600,132.04506,972,7155.0117,1.0236598,2,17.577734,0.5376105599790704,0.8312746825635381,974.3615709531671,0.86145985,0.0,0.0,True,0.6347653469853494,0.5818922777944766
173,0,124.03172,972,7617.2773,0.4762744,1,56.864758,0.5049934418076316,0.0,85.97223701800058,,,,False,0.5049934418076316,0.0
174,0,188.33221,972,5016.582,1.1020452,2,56.667358,0.7666876954115243,0.0,130.54194037012354,,,,False,0.7666876954115243,0.0
175,106,151.08745,972,6253.2266,1.9553089,3,110.88529,0.6151152170592442,0.5345671078141497,707.4112676715691,0.86600721,0.41142878,0.0,True,0.690382814941471,0.4976256094699048
176,82,162.55463,972,5812.1016,2.949693,3,90.536949,0.6617849725594335,0.5097752367323152,720.2497853337593,0.90966743,0.46258438,0.0,True,0.7361497097916034,0.4956179797126206
177,3196,191.36909,972,4936.9727,2.0626249,4,109.93422,0.7790456237617508,0.9488370315391378,1544.4023106131776,1.0016474,1.0292714,0.0,True,0.8458261566332256,0.9729673420773965
178,47171,207.7506,972,4547.6836,2.7238257,4,50.36898,0.8457038787958262,1.277634327718456,2235.724073295002,1.0329329,1.0081643,0.0,True,0.9018725851570784,1.1967933194029192
179,47862,208.20682,972,4537.7188,3.0263975,4,69.356308,0.8475602206492964,1.2796938629347048,2243.6614554126836,1.0342711,1.0165042,0.0,True,0.9035734844545075,1.2007369640542933
180,3022,176.33224,972,5357.9766,2.0602832,3,55.300758,0.7178548256747536,0.9332825177680636,1413.1857726700591,0.93896997,0.88607562,0.0,True,0.7841893689723275,0.9191204484376445
181,1789,152.48596,972,6195.875,1.8971024,3,108.15887,0.6208071424179672,0.8577491190314693,1142.2005667814535,0.86145639,0.83672094,0.0,True,0.693001916692577,0.8514406653220286
182,171,133.65385,972,7068.8867,3.9241877,4,94.54483,0.5441587782496583,0.5807268348222397,688.7572617772671,0.79637796,0.2649779,0.0,True,0.6198245327747609,0.4860021543755678
183,192461,259.60117,972,3639.3672,1.8590144,4,150.75204,1.056659451376878,1.4837898413737374,3158.738566154,1.1607797,1.3171325,0.0,True,1.0878955259638146,1.433792638961616
184,712,174.33022,972,5419.5078,4.0861311,4,263.03189,0.7097075591800787,0.764043004713334,1145.5034724189113,0.94170666,0.0,0.0,True,0.7793072894260551,0.5348301032993338
185,0,169.75368,972,5565.6172,0.98041749,2,54.745422,0.6910829048760319,0.0,117.66428468167517,0.92350799,0.0,0.0,True,0.7608104304132223,0.0
186,1367,174.24959,972,5422.0156,2.7317452,3,95.999657,0.7093794250543377,0.8397829008280413,1258.4019316038239,0.94810063,0.87524718,0.0,True,0.7809957865380364,0.8504221845796289
187,762,152.06805,972,6212.9023,1.9316003,3,115.45019,0.6191062839095248,0.7598580102716467,1009.5140584913639,0.86976391,0.83298957,0.0,True,0.6943035717366673,0.7817974781901527
188,190520,259.57053,972,3639.7969,2.034863,4,72.384155,1.056534774856269,1.4825324382291547,3155.7346762533793,1.1607789,1.3170805,0.0,True,1.0878080123993883,1.4328968567604083
189,14678,194.63826,972,4854.0508,2.2394979,4,138.50029,0.7923486030693415,1.1302971432461217,1867.4064330742126,1.0091836,1.0557057,0.0,True,0.8573991021485391,1.1079197102722853
190,6382,188.1179,972,5022.2969,1.8028433,3,32.303741,0.7658156244336911,1.0280623022429922,1648.2044129177764,0.9804638,0.97168529,0.0,True,0.8302100771035839,1.0111491985700947
191,4812,162.97612,972,5797.0703,2.840766,4,84.942627,0.6635003317365816,0.9784724770550154,1381.9207444971057,0.90268099,0.9444356,0.0,True,0.7352545292156072,0.9682614139385108
192,0,138.60164,972,6816.543,2.0284367,3,46.392696,0.5642972505729976,0.0,96.07133598698454,0.81910664,0.0,0.0,True,0.6407400674010983,0.0
193,0,140.81592,972,6709.3555,1.9817939,3,155.38342,0.5733096790676278,0.0,97.60615792595482,0.82733148,0.0,0.0,True,0.6495162193473394,0.0
194,93,162.46138,972,5815.4375,4.0143833,5,96.301033,0.6614054844274233,0.5240980963666687,739.8291241595342,0.90097922,0.3364448,0.0,True,0.7332776050991963,0.46780210745666806
195,0,171.70769,972,5502.2812,0.94955701,2,43.148602,0.6990349744147807,0.0,119.01870120396111,0.88873613,0.0,0.0,True,0.7559453210903465,0.0
196,36,146.19553,972,6462.4688,2.9839346,4,145.03308,0.5952051416527463,0.4115366912590569,531.7988365418636,0.84363258,0.26610351,0.0,True,0.6697333731569224,0.3679067368813398
197,5282,145.67776,972,6485.4375,2.9481754,4,68.988686,0.5930978244975398,0.9765854580336089,1248.813662548147,0.8079133,0.9368605,0.0,True,0.6575424671482778,0.9646679706235262
198,3731,145.18875,972,6507.2812,1.997117,4,57.248993,0.5911075201074057,0.9366325444533923,1194.1727470542598,0.80627793,0.90698546,0.0,True,0.6556586430751841,0.9277384191173745
199,2172,144.90431,972,6520.0547,2.0541093,4,87.231979,0.5899498309656555,0.8748466577483639,1113.491676843731,0.80546087,0.85614151,0.0,True,0.6546031426759589,0.8692351134238547
200,8423,171.67076,972,5503.4648,2.0796721,4,116.81114,0.6988846914094807,1.0493589323609644,1551.724919117368,0.8887347,0.98122686,0.0,True,0.7558396939866365,1.028919310652675
201,11116,194.49083,972,4857.7305,1.9938806,4,95.91893,0.7917486510442829,1.0974546105622125,1811.9389446165812,1.0087603,1.0420128,0.0,True,0.8568521457309981,1.0808220673935487
202,0,162.65553,972,5808.4961,1.9173939,2,48.537182,0.6621956200631058,0.0,112.7442220219836,,,,False,0.6621956200631058,0.0
203,13222,194.4852,972,4857.8711,2.0289216,4,104.51676,0.7917257451157004,1.1178870617412415,1845.6234415110525,1.0087603,1.0504355,0.0,True,0.8568361115809904,1.097651593218869
204,98,169.38858,972,5577.6133,4.0302129,5,106.00562,0.6895970851266267,0.5326406756679712,780.0632384628587,0.93552518,0.40760824,0.0,True,0.7633755135886386,0.49513094496757987
205,0,204.11626,972,4628.6562,1.9621725,3,248.02974,0.8309157280589645,0.0,141.48261012544074,,,,False,0.8309157280589645,0.0
206,3798,204.09766,972,4629.0781,2.9665508,5,89.431007,0.830840030059903,0.9765106807659719,1682.3272821104758,1.040701,1.133423,0.0,True,0.8937983210419321,1.0235843765361803
207,0,169.1442,972,5585.6719,2.0398862,3,109.96199,0.6886025408567311,0.0,117.2418253380675,,,,False,0.6886025408567311,0.0
208,953,206.69194,972,4570.9766,2.9036691,3,68.393471,0.8413961855422043,0.8140188806666177,1418.2604286839626,1.031109,0.7974931,0.0,True,0.898310029879543,0.8090611464666323
209,481,175.03027,972,5397.832,2.9059436,4,68.803375,0.7125564402399479,0.7188413426847379,1081.6899834933063,0.94111574,0.74060386,0.0,True,0.7811242301679635,0.7253700978793165
210,2228,171.55156,972,5507.2891,3.1309528,5,104.67361,0.6983995571794841,0.8949355801149043,1322.6208173178204,0.92925352,0.88912767,0.0,True,0.7676557460256389,0.893193207080433
211,18166,200.61655,972,4709.4023,2.193018,4,54.641182,0.8166751261750156,1.159543204499596,1967.5301797600866,1.0259449,1.0705494,0.0,True,0.879456058322511,1.1328450631497171
212,9764,207.06708,972,4562.6953,4.0011377,5,68.569641,0.8429226519925127,1.0902212592383163,1902.2553259400415,1.0315567,1.0067426,0.0,True,0.8995128663947589,1.0651776614668214
213,8227,207.06743,972,4562.6875,3.9525461,6,27.521935,0.8429240923532572,1.0698968897737848,1866.7998041341214,1.0315567,0.99331629,0.0,True,0.89951387464728,1.0469227098416494
214,184577,259.46918,972,3641.2188,2.1885743,4,50.674007,1.0561224233399757,1.4785976428010512,3146.2799025404283,1.1607759,1.3172174,0.0,True,1.087518466337983,1.430183569960736
215,19579,204.86661,972,4611.7031,3.0077348,4,87.064491,0.8339689365390154,1.1713002990822272,2024.5563704010256,1.0369956,1.0775249,0.0,True,0.8948769355773109,1.1431676793575591
216,312,204.76064,972,4614.0898,2.9646158,3,68.738297,0.8335377417947456,0.6810298852733262,1177.249387406085,1.0336158,0.80331147,0.0,True,0.893561159256322,0.7177143606913283
217,160,174.97899,972,5399.4141,2.9704814,4,63.944092,0.7123477290537229,0.591232129764911,890.222468266664,0.94111353,0.74623483,0.0,True,0.780977469337606,0.6377329398354377
218,174731,259.67865,972,3638.2812,1.9081708,4,23.045893,1.056974683113425,1.472057911548755,3134.5847166495637,1.1608781,1.3194474,0.0,True,1.0881457081793975,1.4262747580841286
219,173867,259.57471,972,3639.7383,2.0579612,4,66.705223,1.0565517757862388,1.4713816198765597,3132.043355920661,1.1609659,1.3195944,0.0,True,1.0878760130503673,1.4258454539135916
220,6,128.16278,972,7371.75,3.975265,4,115.22478,0.5218084513054766,0.2184987730341764,266.5070088291736,0.74842793,0.14214782,0.0,True,0.5897942949138336,0.19559348712392347
221,49,146.47655,972,6450.0703,1.9482657,3,107.91931,0.5963489064608857,0.44595122839079543,575.9202538830264,0.8445285,0.28831574,0.0,True,0.67080278452262,0.3986605818735568
222,681,170.73015,972,5533.7852,2.0299373,3,101.77353,0.6950567857679446,0.757036950278975,1114.26944634875,0.9267298,0.79409665,0.0,True,0.7645586900375612,0.7681548601952826
223,39,155.72607,972,6066.9609,4.1203122,5,116.74026,0.633994044650009,0.4234684830207999,578.2999836096398,0.83709705,0.27169311,0.0,True,0.6949249462550062,0.37793587111455995
224,1915,206.2119,972,4581.6172,4.1355872,5,250.27859,0.839442933370125,0.8965101860068766,1558.6560987652542,1.0293341,0.88242596,0.0,True,0.8964102833590875,0.8922849182048136
225,4375,148.54237,972,6360.3672,2.9968874,4,72.66288,0.6047568376458622,0.9572494602301764,1245.3968824379797,0.81758451,0.93754864,0.0,True,0.6686051393521035,0.9513392141611234
226,1438,148.54893,972,6360.0859,3.0541873,5,64.305023,0.6047835770047931,0.8302672503223719,1080.3069997500004,0.81758481,0.85677063,0.0,True,0.6686239469033552,0.8382182642256604
227,13,146.26077,972,6459.5859,4.119843,5,87.260567,0.5954706982714195,0.3007889282134371,396.08150761186414,0.81010091,0.19390351,0.0,True,0.6598597617899937,0.268723302749406
228,1267,173.40196,972,5448.5195,2.9666333,4,96.999008,0.7059299701273902,0.8304843200931975,1239.1277128312315,0.93507147,0.84601599,0.0,True,0.7746724200891731,0.8351438210652382
229,634,150.16338,972,6291.707,0.93057245,2,102.31067,0.611354336611755,0.7377709360566582,969.3344348422968,0.85969216,0.78961825,0.0,True,0.6858556836282286,0.7533251302396607
230,10,149.02939,972,6339.582,0.99380034,2,128.32161,0.6067389915976421,0.2738873767159532,370.32412222484936,0.85569,0.17689584,0.0,True,0.6814242941183495,0.24478991570116726
231,19,169.57741,972,5571.4023,2.0274539,3,98.620552,0.6903655721772962,0.34729341285071846,516.2822296760244,0.92314857,0.22224315,0.0,True,0.7602004715241073,0.3097783339955029
232,713,155.75075,972,6066.0,2.9534569,5,89.098061,0.6340944409712852,0.7543245709989241,1023.6379352364987,0.83709812,0.78834617,0.0,True,0.6949955446798997,0.7645310506992469
233,902,139.05017,972,6794.5547,2.0266232,4,89.105835,0.5661228721978444,0.7712462743301621,946.4907797235234,0.7951715,0.78554678,0.0,True,0.6348374605384911,0.7755364260311135
234,15900,173.40508,972,5448.4219,1.9204339,4,221.47873,0.7059426111240596,1.1244248425978243,1677.5554538012573,0.89372045,1.0328897,0.0,True,0.7622759627868417,1.096964299818477
235,2,136.33086,972,6930.082,3.9479122,4,86.22541,0.5550547537974534,0.12422036063292663,188.99470246462525,0.77441621,0.080453731,0.0,True,0.6208631906582174,0.11109037174304864
236,2753,156.7072,972,6028.9766,3.1031797,5,173.35037,0.6379870662760917,0.9099327214493578,1241.3047979162807,0.84004116,0.90067452,0.0,True,0.6986032943932641,0.9071552610145504
237,1306,139.13889,972,6790.2227,2.0330141,4,212.97925,0.5664839387280041,0.8132082212896403,998.496089942335,0.79569876,0.836169,0.0,True,0.6352483851096029,0.8200964549027483
238,22772,173.47546,972,5446.2109,3.6317756,6,92.090576,0.7062290976683296,1.1662289006289852,1740.5443111018703,0.8940531,1.0617697,0.0,True,0.7625762983678308,1.1348911404402897
239,3971,145.55844,972,6490.7539,4.402854,5,175.96353,0.5926121838398586,0.9440034571409628,1206.283076424634,0.80790806,0.93090874,0.0,True,0.657200946687901,0.940075041998674
240,67150,200.71776,972,4707.0273,2.3560073,4,119.86251,0.8170870166358473,1.3141904983392092,2230.9204942249594,0.99627614,1.1612337,0.0,True,0.870843753645093,1.2683034588374464
241,66020,194.01639,972,4869.6094,3.5001626,5,129.84773,0.7898180563929773,1.306939716460235,2153.144091979612,0.97006232,1.1574256,0.0,True,0.8438913354750841,1.2620854815221645
242,1668,157.84587,972,5985.4844,5.6022563,6,36.742664,0.6426213098465456,0.8531072194225165,1171.3077332282155,0.84184092,0.54716355,0.0,True,0.702387192892582,0.7613241185957615
243,34459,178.93425,972,5280.0625,5.8470941,6,45.932568,0.7284436842263337,1.218762964965834,1869.4305230405994,0.90798974,1.0924948,0.0,True,0.7823075009584335,1.1808825154760838
244,3393,142.98288,972,6607.6719,2.934217,5,66.730385,0.5821295105153038,0.9242106935084119,1162.4592561082052,0.79794246,0.89744699,0.0,True,0.6468733953607126,0.9161815824558883
245,0,91.846741,972,10286.527,0.43376014,1,109.64348,0.3739782252419378,0.0,63.663309567769524,,,,False,0.3739782252419378,0.0
246,1600,95.762177,972,9865.9414,2.6302891,3,97.207253,0.3899177054105488,0.8022469373536205,706.6298824023802,0.90623248,0.33658969,0.0,True,0.5448121377873842,0.6625497631475343
247,0,99.516869,972,9493.707,1.7416085,2,50.3578,0.40520258974015927,0.0,68.97983716550343,,,,False,0.40520258974015927,0.0
248,0,94.143784,972,10035.543,2.3004787,2,39.310089,0.38332937331513883,0.0,65.25549844684448,,,,False,0.38332937331513883,0.0
249,3204,102.6753,972,9201.668,3.9960504,5,61.705551,0.41805995911779503,0.8844149456879797,828.8750398669781,0.929335,0.94793206,0.0,True,0.5714424713824566,0.9034700799815858
250,174,106.62696,972,8860.6484,4.3642664,5,84.012825,0.4341461935705086,0.5682011689743486,551.3129901195731,0.8442052,0.79851466,0.0,True,0.5571638954993561,0.637295216282044
251,0,101.31902,972,9324.8438,3.2041793,3,27.910139,0.4125388127346743,0.0,70.2289930500967,0.79133552,0.0,0.0,True,0.526177824914272,0.0
252,6265,103.37971,972,9138.9688,1.9905732,4,110.6065,0.42092749160392695,0.9585842720042149,903.8542888468425,0.92360163,0.8423121,0.0,True,0.5717297331227489,0.9237026204029504
253,7807,112.88891,972,8369.1484,1.583463,2,27.106815,0.4596364661046695,0.9922767339628998,1011.8269346374883,0.85379088,0.7495836,0.0,True,0.5778827902732686,0.9194687937740299
254,9352,123.49739,972,7650.2344,2.7766085,3,18.25223,0.502818505901199,1.0224277537057862,1129.2057135884272,0.81727463,0.49346167,0.0,True,0.5971553431308393,0.8637379285940503
255,12460,142.81218,972,6615.5703,1.6409659,3,62.956272,0.5814347099287722,1.071919829776931,1346.7815938058652,0.87678921,0.91740948,0.0,True,0.6700410599501405,1.0255667248438516
256,14023,154.66057,972,6108.7578,2.5393302,4,21.842194,0.6296575962826997,1.0952693977828467,1476.7914130223926,0.88091993,0.90816981,0.0,True,0.7050362963978898,1.0391395214479928
257,0,142.4411,972,6632.8047,0.94975299,2,49.338848,0.5799243899091345,0.0,98.73264686085723,0.87840539,0.94171131,12.740288832006703,True,0.6694686899363942,0.28251339300000006
258,0,135.13097,972,6991.6172,1.991564,3,190.54446,0.5501709569997281,0.0,93.66565086183054,0.93625182,0.99355638,11.371571298513857,True,0.6659952158998097,0.29806691400000007
259,0,166.55009,972,5672.6719,2.0023775,2,128.62012,0.6780453805291824,0.0,115.44372530550514,0.93608737,0.83170748,13.119468394605654,True,0.7554579773704277,0.24951224400000005
260,6895,204.09094,972,4629.2305,3.0747056,4,202.98164,0.8308126895894641,1.0471404754283598,1803.9275342144967,1.0406973,1.1333723,0.0,True,0.8937780727126249,1.0730100227998518
261,169096,259.52792,972,3640.3945,1.8248576,4,28.518913,1.0563614314192926,1.4679564239095504,3124.2577545802255,1.1611098,1.3231969,0.0,True,1.0877859419935048,1.4245285667366854
262,1492,211.53891,972,4466.2422,2.8545589,3,121.60764,0.8611182866975651,0.8695497063005391,1546.1828167971682,1.0323032,0.84805518,0.0,True,0.9124737606882956,0.8631013484103773
263,1054,189.02946,972,4998.0781,1.2160653,2,111.63463,0.7695249935823519,0.8173020949253862,1316.0691224387704,0.94267887,0.78659862,0.0,True,0.8214711565076465,0.8080910524477704
264,698,182.79213,972,5168.625,2.2535927,4,70.642555,0.7441431292762013,0.7659566121420882,1197.4859282436973,0.92330569,0.73708791,0.0,True,0.7978918974933409,0.7572960014994617
265,166433,259.22528,972,3644.6445,3.9612818,6,262.23373,1.0551302897262835,1.4658123864417318,3116.4996688318674,1.161302,1.3231822,0.0,True,1.0869818028083984,1.4230233305092121
266,316,182.39789,972,5179.7969,3.9057553,5,26.44092,0.7425387644609842,0.6733116279775201,1050.9860142906866,0.91741377,0.4002862,0.0,True,0.7950012661226891,0.591403999584264
267,68336,203.97218,972,4631.9258,3.501024,5,68.07196,0.8303294515017393,1.318766907965688,2270.663438604471,1.0080125,1.1643468,0.0,True,0.8836343660512176,1.2724408755759815
268,0,223.26556,972,4231.6602,2.4812944,4,32.491688,0.9088318112572563,0.0,154.7558934301373,,,,False,0.9088318112572563,0.0
269,77983,213.60895,972,4422.9609,4.5827675,6,121.4103,0.8695410320605903,1.341743101084969,2406.14926733062,1.0386258,1.1829312,0.0,True,0.9202664624424132,1.2940995307594783
270,0,130.04205,972,7265.2188,1.5656317,1,25.283607,0.5294577160403865,0.0,90.13828031173543,0.76482266,0.0,0.0,True,0.6000671992282706,0.0
271,1602,164.43024,972,5745.8047,3.8277812,4,65.800438,0.6694181985365227,0.8524717140513229,1213.537230552352,0.8774913,0.86132926,0.0,True,0.7318401289755658,0.8551289778359261
272,6948,174.42703,972,5416.5,3.4415503,5,60.371452,0.7101015166215296,1.028913837746121,1543.0681868969107,0.88285255,0.94343394,0.0,True,0.7619268266350707,1.0032698684222847
273,2017,161.59595,972,5846.582,3.1451375,4,49.609955,0.6578834096561796,0.8773059848341497,1229.8029691710003,0.83314836,0.55669737,0.0,True,0.7104628947593258,0.7811234003839047
274,5938,169.78239,972,5564.6758,1.4129362,3,102.35815,0.6911997763214014,1.0074858054690563,1475.3180357498643,0.86532676,0.91250151,0.0,True,0.743437871424981,0.9789905168283395
275,4807,165.0334,972,5724.8047,0.93682957,3,109.2191,0.6718729325296807,0.979770095483241,1399.193506175153,0.84609461,0.86101896,0.0,True,0.7241394357707764,0.9441447548382687
276,11893,181.00191,972,5219.7461,6.0524554,7,149.53954,0.7368579387292994,1.0961373692628138,1698.4990127136448,0.94097537,1.0277287,0.0,True,0.7980931681105096,1.0756147684839696
277,5110,163.24649,972,5787.4688,4.2439203,6,91.992599,0.6646007087582472,0.9855934177035336,1394.0182607519196,0.86029881,0.93541706,0.0,True,0.723310139130773,0.9705405103924736
278,4,135.62563,972,6966.1172,3.3212764,4,43.434856,0.5521843214424922,0.1818729308156437,243.00850682252056,0.77315247,0.11784849,0.0,True,0.6184747660097445,0.16266559857095061
279,35564,173.46291,972,5446.6055,1.5098473,4,102.2696,0.7061779510030152,1.2180348371631229,1817.7430561436302,0.87941235,1.0865468,0.0,True,0.7581482707021105,1.1785884260141861
280,1119,130.13974,972,7259.7656,2.135186,3,37.969967,0.5298553106442542,0.7897273888787412,913.8381859847408,0.75434965,0.78280687,0.0,True,0.597203612450978,0.7876512332151189
281,303,121.96239,972,7746.5195,1.0052004,2,26.526356,0.4965703535770618,0.6383898610878328,697.662895820186,0.72438866,0.39306459,0.0,True,0.5649158455039432,0.5647922797614829
282,14,123.12389,972,7673.4414,2.6837821,3,30.123108,0.501298214303839,0.3027137305873226,341.37190885229137,0.73636001,0.19758718,0.0,True,0.5718167530126873,0.2711757654111258
283,2193,158.58722,972,5957.5039,4.2331924,5,29.970867,0.6456384847426241,0.8850294518474698,1220.1601313067506,0.84069127,0.54465467,0.0,True,0.7041543203198368,0.7829170172932289
284,1715,139.14049,972,6790.1445,2.240077,4,59.999043,0.5664904608277633,0.844065104167608,1036.3648230888666,0.79569888,0.86583114,0.0,True,0.6352529865794343,0.8505949149173258
285,36305,170.08974,972,5554.6211,2.0473728,4,54.180851,0.6924505015851734,1.2176538430966959,1785.9024416381212,0.86575854,1.0817405,0.0,True,0.7444429131096213,1.176879840167687
286,0,151.78091,972,6224.6562,2.1054196,3,15.808261,0.6179376127774259,0.0,105.20650982932281,0.82322925,0.0,0.0,True,0.6795251039441982,0.0
287,7978,193.79051,972,4875.2852,3.5299792,5,37.136002,0.7888989284066796,1.0579354117506876,1741.148372464897,0.97160333,1.0410241,0.0,True,0.8437102488846757,1.0528620182254813
288,30676,232.22237,972,4068.4453,4.6364846,6,42.52747,0.9452737438367637,1.2429710148945432,2399.159218337139,1.0322584,1.046901,0.0,True,0.9713691406857345,1.1841500104261802
289,4519,166.62743,972,5670.0391,3.357357,5,58.892574,0.6783601100023726,0.9737127904256034,1402.4178462624877,0.88398623,0.94835597,0.0,True,0.7400479460016609,0.9661057442979224
290,7820,181.34457,972,5209.8828,3.229455,5,22.130449,0.7382524157706997,1.0473986090267164,1625.6988606595933,0.90839761,0.93909431,0.0,True,0.7892959740394898,1.0149073193187015
291,6512,190.91788,972,4948.6406,3.787169,5,38.163792,0.7772095328054633,1.0322165211415013,1676.5852623527933,0.96183974,0.98090827,0.0,True,0.8325985949638244,1.016824045799051
292,24275,218.30185,972,4327.8789,1.9088125,3,48.233932,0.8886357232332199,1.2058532752760474,2204.255925414386,0.99740261,1.021692,0.0,True,0.9212657892632539,1.150604892693233
293,25319,226.5408,972,4170.4805,1.520739,3,65.663429,0.9221577111777416,1.2162589866453297,2296.9853793797424,1.0238041,1.0293654,0.0,True,0.9526516278244191,1.1601909106517307
294,8142,187.9295,972,5027.332,3.2507229,4,32.695866,0.765048930516768,1.0565128525176726,1692.3120518024923,0.90434384,0.90239245,0.0,True,0.8068374033617376,1.0102767317623709
295,163,158.38991,972,5964.9258,2.8082886,3,25.838585,0.6448354138765658,0.5865856542263266,808.7302440760202,0.84360111,0.80962569,0.0,True,0.7044651227135961,0.6534976649584285
296,222,160.69965,972,5879.1914,2.7961807,3,39.463066,0.6542356482079054,0.6229686888615109,869.6496264569867,0.82289076,0.36608455,0.0,True,0.7048321817455337,0.5459034472030576
297,306,151.86536,972,6221.1953,2.8585508,4,76.202293,0.6182812658657456,0.6555307928077945,870.2036663772037,0.81082261,0.40209886,0.0,True,0.6760436691060219,0.5795012129654561
298,1111,166.29312,972,5681.4375,2.1740775,3,56.428497,0.6769996270415146,0.811280510201464,1166.5153646943863,0.82535267,0.72428781,0.0,True,0.7215055399290602,0.7851827001410248
299,62083,259.40515,972,3642.1172,4.17802,6,151.82355,1.0558620529037206,1.34569565638555,2862.8626010629523,1.1615288,1.3281808,0.0,True,1.0875620770326044,1.340441199469885
300,1030,177.47722,972,5323.4102,3.4020264,4,68.119064,0.7225143084402696,0.8086170780018215,1231.5594992174767,0.91168463,0.48307592,0.0,True,0.7792654049081889,0.710954730601275
301,18909,205.58563,972,4595.5742,2.7529824,4,29.314569,0.836894610165021,1.1676580683220883,2024.5042945412492,0.94336414,0.98872542,0.0,True,0.8688354691155147,1.1139782738254618
302,4197,208.25272,972,4536.7188,3.0333738,4,128.22939,0.8477469606210807,0.9907065219484437,1737.369491879055,0.97264087,0.88757402,0.0,True,0.8852151334347564,0.9597667713639105
303,18205,197.94408,972,4772.9844,2.5609047,4,26.615814,0.8058005525240581,1.1579618654777675,1941.7446093974859,0.91913253,0.97771883,0.0,True,0.8398001457668407,1.1038889548344373
304,18799,191.48546,972,4933.9727,2.4461017,4,69.992188,0.7795191144014549,1.157223040038321,1884.5358145839407,0.89646667,0.96916503,0.0,True,0.8146033810810185,1.1008056370268247
305,0,204.82584,972,4612.6211,2.0069466,2,29.384399,0.8338030326723376,0.0,141.97445350182247,,,,False,0.8338030326723376,0.0
306,3431,207.02295,972,4563.668,2.0424483,4,50.823811,0.8427430701955899,0.966102257331421,1685.413127551502,0.97298515,0.88815373,0.0,True,0.881815694136913,0.9427176991319947
307,5420,173.42734,972,5447.7227,3.2902942,5,118.14716,0.7060331836358863,0.9993644559893375,1491.1664285477848,0.91471636,0.96093333,0.0,True,0.7686381365451205,0.9878351181925362
308,3187,149.83463,972,6305.5117,2.215301,3,62.177956,0.6100163187669962,0.9219962365254658,1208.785283750265,0.83952039,0.92026663,0.0,True,0.6788675401368973,0.9214773545678261
309,2651,141.43018,972,6680.2148,1.749258,3,36.081535,0.5758098449355084,0.8950553124015208,1114.9572368860443,0.80857515,0.9043324,0.0,True,0.6456394364548559,0.8978384386810645
310,4802,150.93413,972,6259.5781,3.7758002,4,21.941826,0.6144912682337634,0.969647600565275,1279.4994382236337,0.80674464,0.96296406,0.0,True,0.6721672797636344,0.9676425383956926
311,29356,168.08159,972,5620.9844,3.0965314,4,33.703163,0.6842780975550561,1.191375766508418,1729.1091630351007,0.85831273,1.0532686,0.0,True,0.7364884872885392,1.1499436165558925
312,29,138.5125,972,6820.9297,3.5844879,4,30.490307,0.5639344441455638,0.38526550497493733,475.6501526612488,0.75068939,0.25765577,0.0,True,0.6199609279018947,0.3469825844824561
313,4039,143.95055,972,6563.2539,1.2561517,3,73.630524,0.5860679764134877,0.9447422706764382,1195.400989934152,0.77049977,0.94042939,0.0,True,0.6413975144894415,0.9434484064735068
314,3194,139.87038,972,6754.7109,0.7632277,2,55.792587,0.5694612548560807,0.9150533241525767,1128.7057542431846,0.74680698,0.91205585,0.0,True,0.6226649723992566,0.9141540819068037
315,2419,137.23038,972,6884.6562,0.88270283,3,36.927452,0.5587160090573068,0.8816447010835634,1069.2903323062733,0.72525078,0.8691172,0.0,True,0.6086764403401148,0.8778864507584945
316,0,167.20859,972,5650.332,1.0873492,2,71.548126,0.6807252418672077,0.0,115.90016272390385,0.89618641,0.0,0.0,True,0.7453635923070454,0.0
317,163275,238.01552,972,3969.4219,4.0028062,6,2057.4688,0.9688431913551564,1.4484140475862781,2856.948704621652,1.2575251,1.4000716,0.0,True,1.0554477639486095,1.4339113133103947
318,272,131.07869,972,7207.7617,3.330339,4,27.34902,0.5336771488319453,0.631460485820557,735.7614789875289,0.70406103,0.41056448,0.0,True,0.5847923131823617,0.5651916840743899
319,1051,135.27615,972,6984.1133,3.4645553,4,30.065474,0.5507619047366092,0.7861034467996271,941.4406370372125,0.7202425,0.51916027,0.0,True,0.6016060833156265,0.706020493759739
320,27889,166.3819,972,5678.4062,1.0106889,3,57.050095,0.6773609020801643,1.1840460249581943,1703.0950006906623,0.84831989,1.0445476,0.0,True,0.7286485984561151,1.142196497470736
321,26839,160.8096,972,5875.1719,0.58668411,2,57.78804,0.6546830913374778,1.1749795263229668,1639.8857821772283,0.82553822,1.0362703,0.0,True,0.7059396299362345,1.1333667584260767
322,25817,156.37628,972,6041.7344,0.50324351,2,48.06567,0.6366403308215791,1.1667501907743658,1588.605663775096,0.80585158,1.0276946,0.0,True,0.6874037055751054,1.1250335135420562
323,24810,153.31015,972,6162.5664,2.1409276,4,72.711441,0.6241615092042416,1.159545013329314,1551.358084467322,0.79072177,1.0188563,0.0,True,0.6741295874429691,1.1173383993305197
324,1577,139.80263,972,6757.9844,3.2051058,4,22.424049,0.569185495134243,0.8350127164411666,1029.5830413515862,0.73955423,0.7829926,0.0,True,0.6202961155939701,0.8194066815088167
325,18009,182.28847,972,5182.9062,1.4855772,3,66.319061,0.7420934766020951,1.1455490111924127,1786.1969509030512,0.86172283,0.94753075,0.0,True,0.7779822826214666,1.086143532834689
326,17519,175.48846,972,5383.7383,1.4249184,3,137.95889,0.7144210976262546,1.1372724446124043,1714.7250206717006,0.83249521,0.93530101,0.0,True,0.7498433313383782,1.076681014228683
327,1601,132.59857,972,7125.1445,1.2240697,3,50.549419,0.5398634849923077,0.8317368444584085,978.5286705620484,0.70875728,0.53211039,0.0,True,0.5905316234946154,0.7418489081208859
328,1806,136.67847,972,6912.457,1.2399179,3,53.819672,0.5564695923069242,0.8482057496685274,1025.0853186532283,0.71359551,0.53367257,0.0,True,0.6036073676148469,0.7538457957679691
329,4211,153.07922,972,6171.8633,1.395455,3,77.678146,0.6232216168138609,0.9561711110540797,1277.5884946781437,0.78387421,0.87108982,0.0,True,0.6714173947697026,0.9306467237378558
330,3522,142.9055,972,6611.25,1.2466068,3,108.63232,0.5818145492479126,0.9283943589756058,1167.1595193862413,0.74813014,0.8412832,0.0,True,0.6317092264735389,0.9022610112829241
331,2110,140.63022,972,6718.2148,3.9634781,5,16.541634,0.5725538814345278,0.8685914031275562,1076.5792705678437,0.75427568,0.86295956,0.0,True,0.6270704210041694,0.8669018501892893
332,1424,131.54366,972,7182.2852,3.0652561,4,27.1012,0.5355696441190501,0.8178038772004819,955.3527473928311,0.69230342,0.49417892,0.0,True,0.582589776883335,0.7207163900403373
333,18100,150.80135,972,6265.0898,4.3292303,5,27.85722,0.6139508433106796,1.121293378601653,1478.4229135246835,0.77740222,0.90367621,0.0,True,0.6629862563174758,1.0560082280211571
334,214,151.63066,972,6230.8242,3.9518042,4,12.042013,0.6173261019962281,0.6146480434575199,815.0570126408991,0.76659036,0.39301097,0.0,True,0.6621053793973597,0.548156921420264
335,6480,132.30278,972,7141.0742,3.3360138,4,31.663383,0.5386595407078032,0.9890232152682429,1161.1929734242942,0.72111505,0.95001203,0.0,True,0.5933961934954622,0.9773198596877701
336,4866,118.83054,972,7950.6836,1.4917499,2,57.191029,0.4838222242129384,0.9453138754678634,1008.9233863383497,0.67716533,0.92481852,0.0,True,0.5418251559490569,0.9391652688275043
337,3248,110.10381,972,8580.8477,1.2488555,2,38.380703,0.44829935265119036,0.8927385864487573,890.3445805362974,0.64655638,0.8924222,0.0,True,0.5077764608558333,0.8926436705141301
338,1626,103.14935,972,9159.3789,1.1482649,2,57.498058,0.4199897318747245,0.8105453982587308,762.8005366080151,0.62084508,0.83986193,0.0,True,0.4802463363123072,0.8193403577811116
339,0,97.464348,972,9693.6367,0.5517326,1,47.153385,0.3968470753255182,0.0,67.55713802131335,0.59889632,0.0,0.0,True,0.4574618487278628,0.0
340,0,170.63054,972,5537.0156,3.0626185,3,13.503347,0.6946514228654201,0.0,118.27207771842096,0.88105464,0.0,0.0,True,0.7505723880057942,0.0
341,13,188.57788,972,5010.0469,2.0115306,3,51.027634,0.767687362984125,0.30975581419937626,510.67836585742845,0.95301515,0.21493451,0.0,True,0.8232856990888875,0.28130942293956335
342,0,170.92937,972,5527.3359,3.9981058,4,13.343036,0.6958674852460597,0.0,118.4792108903877,0.88167381,0.0,0.0,True,0.7516093826722418,0.0
343,2574,207.02402,972,4563.6445,2.0422745,4,73.74054,0.842747407910046,0.9320089187175489,1625.9652219693737,0.97298515,0.87712842,0.0,True,0.8818187305370322,0.9155447691022842
344,812,188.577,972,5010.0703,2.0958328,4,74.228539,0.767683778859558,0.7864888951473961,1263.8355799396609,0.95301509,0.86033565,0.0,True,0.8232831722016906,0.8086429216031772
345,59625,259.2114,972,3644.8398,2.0132103,4,185.39349,1.0550737841058326,1.3406478769335792,2850.2532421878086,1.161634,1.3283869,0.0,True,1.0870418488740827,1.3369695838535054
346,2,171.51347,972,5508.5117,4.1322789,4,13.337995,0.6982446054535658,0.1275291976129917,237.76815631710554,0.88348192,0.081237599,0.0,True,0.7538157998174961,0.11364171802909417
347,1720,205.50301,972,4597.4219,5.084208,6,64.386177,0.8365584091804577,0.8834178594439399,1531.252594502439,0.97361559,0.86486167,0.0,True,0.8776755634263202,0.877851002610758
348,1781,191.15901,972,4942.3984,5.0355325,6,64.132912,0.7781907436532134,0.8800028611834749,1431.0264072386262,0.95990813,0.92486519,0.0,True,0.8327059595572494,0.8934615598284325
349,15801,216.19365,972,4370.082,5.018261,6,32.423767,0.8800578460819715,1.1532427855294922,2090.150495572526,1.033434,1.0498276,0.0,True,0.92607069225738,1.1222182298706445
350,41613,259.20499,972,3644.9297,2.0224137,4,35.527592,1.0550477756162282,1.296793715141382,2756.9602510779378,1.1616338,1.3286912,0.0,True,1.0870235829313597,1.3063629605989673
351,0,204.08182,972,4629.4375,1.9985924,2,22.457529,0.8307755567928442,0.0,141.45873813654225,,,,False,0.8307755567928442,0.0
352,13944,216.37488,972,4366.4219,3.6742644,5,22.870384,0.8807952061163685,1.138443912067168,2064.854230029843,1.0329975,1.0398941,0.0,True,0.926455894281458,1.1088789684470177
353,12445,188.47501,972,5012.7812,1.2527821,3,47.94997,0.7672687828960032,1.1066635402298632,1777.175143766308,0.95996141,1.0259147,0.0,True,0.8250765710272022,1.0824388881609042
354,633,175.17834,972,5393.2695,3.4952123,3,24.668083,0.7131590123188023,0.7508089386018895,1130.5353142885235,0.92392612,0.79389477,0.0,True,0.7763891446231617,0.7637346880213225
355,4,142.16765,972,6645.5625,2.8064456,2,26.125378,0.5788114166378666,0.1828458757734502,254.7302331053999,0.8179552,0.1183366,0.0,True,0.6505545516465067,0.16349309304141516
356,6,132.94112,972,7106.7852,2.746192,3,26.675991,0.5412577479220723,0.21940018907403935,276.4432875254441,0.78362995,0.1426267,0.0,True,0.6139694085454506,0.19636814235182756
357,3449,203.55281,972,4641.4688,3.400013,6,118.06655,0.8286230043827921,0.9647888719758706,1658.2265446548965,0.97504342,0.96260113,0.0,True,0.8725491290679546,0.9641325493831094
358,0,126.61324,972,7461.9688,1.2548761,2,14.969101,0.5155012260787798,0.0,87.7616103275597,0.75354677,0.0,0.0,True,0.5869148892551459,0.0
359,9676,182.08891,972,5188.5859,3.5032513,4,37.186775,0.7412814549150912,1.0727910784006283,1671.1411009720593,0.94216806,1.0070416,0.0,True,0.8015474364405638,1.0530662348804398
360,1332,150.62723,972,6272.332,3.9999652,4,26.534348,0.6132421854332475,0.8228354606327577,1083.9040916778977,0.84547389,0.83981645,0.0,True,0.6829116968032732,0.8279297574429304
361,1391,129.243,972,7310.1367,2.0994081,4,52.375252,0.5262052975313986,0.8135493988394478,935.6178608562234,0.76005501,0.85214871,0.0,True,0.596360211271979,0.8251291921876134
362,8,135.28485,972,6983.6641,2.3813868,4,52.478958,0.5507973204457052,0.24822464165791203,311.50487891793557,0.79168683,0.16116779,0.0,True,0.6230641733119936,0.22210758616053844
363,39064,259.20776,972,3644.8906,3.9841051,6,93.029892,1.055059087271156,1.2890886967410586,2740.6056689394536,1.1616348,1.3289795,0.0,True,1.0870318010898092,1.301055937718741
364,4635,153.43211,972,6157.668,3.181668,4,41.324139,0.6246578659456579,0.9674151699749786,1295.2466973984679,0.78541279,0.89076531,0.0,True,0.6728843431619606,0.944420211982485
365,16474,174.2894,972,5420.7773,3.1471589,4,38.756748,0.7095414129976827,1.1292138647717345,1692.290825286817,0.82705891,0.91092449,0.0,True,0.7447966620983779,1.063727052340214
366,19498,149.66171,972,6312.7969,1.1797338,4,54.551193,0.6093125604425628,1.1288234281671843,1478.3837756398914,0.76360226,0.89656067,0.0,True,0.6555994703097939,1.0591446007170289
367,21354,171.44807,972,5510.6133,3.2660842,6,65.151299,0.6979784103147156,1.1571758075508272,1709.1808989095036,0.81354249,0.95576209,0.0,True,0.732647634220301,1.0967516922855791
368,1275,132.99763,972,7103.7656,2.4401813,4,71.702515,0.5414877557759236,0.8063642701778646,951.2348069751389,0.71709782,0.78046727,0.0,True,0.5941707750431465,0.7985951701245053
369,1871,138.50908,972,6821.0977,2.0062428,3,66.61377,0.5639205588121299,0.8534864987275512,1043.7070137825644,0.73694074,0.83197844,0.0,True,0.615826613168491,0.8470340811092858
370,2810,149.55011,972,6317.5078,2.0350051,3,21.219687,0.6088583461854036,0.9074153934174237,1187.6748184574024,0.77719933,0.88568771,0.0,True,0.6593606413297826,0.9008970883921966
371,2215,133.8858,972,7056.6406,2.8582697,4,19.608517,0.545102844280492,0.8692540241034566,1031.4441815426474,0.72060865,0.85991997,0.0,True,0.5977545859963445,0.8664538078724197
372,4206,150.02394,972,6297.5547,2.910574,6,78.557297,0.6107868335223375,0.9538329068483923,1251.9111863041726,0.77871698,0.9154982,0.0,True,0.6611658774656363,0.9423324947938747
373,133,134.10078,972,7045.3281,2.9279671,3,20.244488,0.5459778533390206,0.5527695421274962,657.8011739029205,0.72384816,0.34887302,0.0,True,0.5993389453373145,0.49160058548924734
374,119,131.07521,972,7207.9531,3.102288,4,20.844456,0.5336629814989724,0.5389282519168688,628.6092528801074,0.71070606,0.3484078,0.0,True,0.5867759050492807,0.48177211634180817
375,1287,132.8694,972,7110.6211,3.1643684,4,77.104897,0.5409658427908888,0.807331935213852,951.5604185573281,0.71885502,0.83006477,0.0,True,0.5943325959536221,0.8141517856496964
376,610,117.31711,972,8053.25,1.6447316,2,35.09729,0.47766178179618984,0.7132479249476252,752.7924870280497,0.66671705,0.77533722,0.0,True,0.5343783622573329,0.7318747134633377
377,93,110.32383,972,8563.7344,1.8604511,2,19.304106,0.4491950004676492,0.5017087510814423,502.4011400298665,0.63809299,0.3280634,0.0,True,0.5058643973273544,0.4496151457570096
378,188,106.96725,972,8832.4609,2.9383161,3,24.055,0.4355313936375856,0.576870141957068,561.2597356828088,0.64160377,0.34702748,0.0,True,0.49735310654630993,0.5079173433699475
379,1497,115.68345,972,8166.9766,2.5219245,4,17.7943,0.47101188511346187,0.8116903327885234,845.941416970077,0.67531723,0.82628262,0.0,True,0.5323034885794233,0.8160680189519665
380,368,135.0399,972,6996.332,3.0910449,3,27.439348,0.5498003049603475,0.6676173167927829,798.5588545310914,0.77541405,0.41625994,0.0,True,0.6174844284722432,0.592210103754948
381,1167,161.61874,972,5845.7578,1.9946352,3,55.242664,0.6579761336582302,0.814279539197649,1141.6592577341241,0.86123294,0.79051048,0.0,True,0.718953175560761,0.8071488214383542
382,6231,170.48706,972,5541.6758,3.2011447,4,72.867104,0.6940674755572392,1.013555813471354,1489.6499580632128,0.9078064,0.97543764,0.0,True,0.7581891528900675,1.0021203614299479
383,2710,141.47874,972,6677.9219,3.8260565,4,27.056982,0.5760074931136183,0.8975885928550277,1118.4519236525714,0.80916429,0.90696758,0.0,True,0.6459545321795328,0.9004022889985193
384,190,155.23204,972,6086.2695,5.0519581,5,61.165348,0.6319833686425607,0.6027200614541498,816.1317318904315,0.7619229,0.38417765,0.0,True,0.6709652280497924,0.5371573380179049
385,462,152.09196,972,6211.9258,2.7489963,3,47.344177,0.6192035746248786,0.7026824829997967,933.8270757218136,0.77447468,0.52302951,0.0,True,0.665784906237415,0.6487865910998577
386,680,157.98331,972,5980.2773,4.6648536,5,52.617672,0.6431806609522696,0.7501172281601082,1030.8457831942776,0.76878929,0.65478384,0.0,True,0.6808632496665887,0.7215172117120757
387,501,152.21056,972,6207.0859,2.6396017,3,41.85265,0.6196862355880369,0.7120048036166248,946.8395133213764,0.76572818,0.52565593,0.0,True,0.6634988189116258,0.6561001415316373
388,1722,163.87975,972,5765.1055,2.8403225,4,19.272776,0.6671778533986865,0.8604777223548666,1221.2978506059171,0.88013113,0.8719998,0.0,True,0.7310638363790806,0.8639343456484065
389,0,218.91042,972,4315.8477,2.4529357,4,16.514977,0.8911118073510926,0.0,151.73714041819346,,,,False,0.8911118073510926,0.0
390,23319,169.6696,972,5568.375,6.1804485,7,106.30016,0.6907407612259064,1.1659830212079139,1706.3857496167861,0.81437939,0.98447102,0.0,True,0.7278323498581345,1.1115294208455397
391,32449,212.61299,972,4443.6797,5.2676439,6,30.115345,0.8654885928497635,1.2366146850963486,2208.514571492372,1.042864,1.0857948,0.0,True,0.9187012149948346,1.191368719567444
392,34980,194.26479,972,4863.3828,2.1879442,4,12.619143,0.7908288465634725,1.2323238489085313,2032.5126398793795,0.9640696,1.0546069,0.0,True,0.8428010725944307,1.179008764235972
393,1943,220.93932,972,4276.2148,5.3397231,6,29.694901,0.8993669667576669,0.9056366097869237,1673.1772829005156,1.0316129,0.78668118,0.0,True,0.9390407467303667,0.8699499808508466
394,1022,145.72472,972,6483.3477,2.5197601,3,11.855067,0.5932889408248316,0.7895790807560826,1010.0867880588746,0.79088235,0.49262965,0.0,True,0.6525669635773821,0.7004942515292578
395,1316,149.02672,972,6339.6953,1.3056574,2,59.733948,0.6067281516684913,0.8204526815206097,1070.588689569812,0.81307763,0.53198856,0.0,True,0.6686329951679439,0.7339134450644267
396,2107,162.3387,972,5819.832,2.128005,3,24.31645,0.6609062349813183,0.882802677664941,1242.5354065989895,0.85405374,0.79190838,0.0,True,0.7188504864869227,0.8555343883654587
397,384,197.49055,972,4783.9453,3.2044778,4,14.87627,0.8039550865351006,0.7025596887094131,1176.2215978061627,0.96611476,0.65787917,0.0,True,0.8526029885745704,0.6891555330965892
398,2046,153.55602,972,6152.6992,2.7971315,5,29.690802,0.6251621635406257,0.8738124719017895,1170.8061455310722,0.77726287,0.83188558,0.0,True,0.670792375478438,0.8612344043312526
399,34569,193.62466,972,4879.4609,2.6943605,4,66.9524,0.7882240883694794,1.2304537412268866,2023.526876922418,0.96112192,1.0488471,0.0,True,0.8400934378586355,1.1759717488588206
400,14431,165.87424,972,5695.7852,2.7965624,4,85.740372,0.6752948615566902,1.1074461194849552,1588.6228022475964,0.84697467,1.0347803,0.0,True,0.7267988040896831,1.0856463736394686
401,9701,163.35213,972,5783.7266,3.3295476,5,58.597939,0.665030571581754,1.0596497820110362,1499.603654832924,0.8325907,0.99370074,0.0,True,0.7152986101072278,1.0398650694077254
402,17698,161.82765,972,5838.2109,2.2879462,5,15.624647,0.6588263906383515,1.1278230381744156,1582.888016319067,0.7755121,0.86522263,0.0,True,0.693832103446846,1.0490429157220909
403,16623,173.40283,972,5448.4922,2.0874135,4,57.68071,0.7059335059343372,1.1295913662829775,1685.2436446977804,0.88055646,1.0489203,0.0,True,0.758320392154036,1.1053900463980844
404,4911,146.64235,972,6442.7773,2.7784157,4,12.646138,0.5970237432120049,0.9690185325698487,1246.407188471286,0.78068233,0.93816173,0.0,True,0.6521213192484034,0.9597614917988941
405,640,126.17091,972,7488.1289,2.128104,3,30.568058,0.5137007812794462,0.72443509754455,815.6429890519188,0.72712034,0.77999771,0.0,True,0.5777266488956123,0.741103881281185
406,24,119.92664,972,7878.0156,1.5209564,2,38.193401,0.48828394042947815,0.3587605602869507,390.7325706005486,0.70337516,0.23407578,0.0,True,0.5528113063006347,0.3213551262008655
407,78,119.21377,972,7925.125,2.2217913,3,14.920785,0.4853821616050912,0.4866745623695196,522.397915359886,0.69366318,0.31742415,0.0,True,0.5478664671235638,0.4358994386586637
408,2513,125.60479,972,7521.8789,2.5593514,4,43.035629,0.5113964643707595,0.877174177400506,983.4890330007655,0.72016722,0.88041997,0.0,True,0.5740276910595317,0.8781479151803542
409,5,121.61137,972,7768.8789,3.9602261,4,65.510422,0.4951415557143425,0.20001183526513963,236.64479912352084,0.71026725,0.13038872,0.0,True,0.5596792640000398,0.17912490068559772
410,17774,145.78761,972,6480.5508,1.8815379,3,201.924,0.5935449156547695,1.1149050860684169,1426.619894192116,0.74259675,0.78581685,0.0,True,0.6382604659583387,1.0161786152478918
411,17456,142.8903,972,6611.9531,0.59961736,2,84.739281,0.5817526991253927,1.1103101399268325,1395.6886177729273,0.73371613,0.80506372,0.0,True,0.6273417283877749,1.0187362139487828
412,17151,140.74257,972,6712.8516,1.3058654,3,87.476898,0.5730111843147447,1.1064026445485304,1372.2299753229354,0.74976552,0.85516834,0.0,True,0.6260374850203213,1.0310323531839714
413,3054,126.10532,972,7492.0234,3.4768472,5,45.887585,0.5134338208516614,0.8994104224423174,1011.977809417756,0.72212374,0.89682144,0.0,True,0.576040796596163,0.8986337277096221
414,128,119.48686,972,7907.0117,3.6737204,4,25.711584,0.4864937888274661,0.5414299150972935,581.6064074267631,0.69767374,0.34671772,0.0,True,0.5498477741792263,0.4830162565681055
415,20,117.07406,972,8069.9688,2.2102389,3,26.843014,0.47667244053442803,0.33842028004133157,361.8808896470187,0.69356537,0.22117096,0.0,True,0.5417403193740996,0.3032454840289321
416,456,113.59583,972,8317.0664,1.8723567,3,56.307812,0.46251404698654147,0.6785281040673111,695.9867902708737,0.66154093,0.44635719,0.0,True,0.5222221118905791,0.6088768298471178
417,675,117.16946,972,8063.3984,2.3424525,3,149.16249,0.4770607571987713,0.7243866752360276,763.6720235046439,0.67141122,0.45757198,0.0,True,0.5353658960391399,0.6443422666652193
418,51,123.01143,972,7680.457,3.6240239,4,67.327324,0.5008404300621219,0.44163642214830195,488.3912858034829,0.71558106,0.28769332,0.0,True,0.5652626190434853,0.39545349150381137
419,5519,142.23027,972,6642.6367,2.0387771,3,21.843096,0.5790662818049568,0.9789151742381081,1225.5007067741158,0.78057706,0.94726735,0.0,True,0.6395195152634697,0.9694208269666758
420,4927,126.45357,972,7471.3906,2.3604622,4,64.511368,0.5148513270286927,0.9532976504588409,1075.2209737002167,0.72343469,0.93371797,0.0,True,0.5774263359200849,0.9474237463211886
421,407,115.04186,972,8212.5234,3.3795977,4,44.115063,0.46840028087493896,0.6668974259550204,691.8289770613542,0.67565548,0.68633497,0.0,True,0.5305768406124572,0.6727286891685142
422,397,111.78039,972,8452.1445,1.4437693,2,71.034698,0.45512411904170297,0.6620328351103322,669.4484428749015,0.65304458,0.43407768,0.0,True,0.5145002573291921,0.5936462885772325
423,1015,119.72907,972,7891.0156,2.1950562,3,48.683025,0.4874797242024656,0.7715329243859499,829.0774022893658,0.68097007,0.75322461,0.0,True,0.5455268279417259,0.7660404300701649
424,0,141.37512,972,6682.8164,1.269809,2,16.098446,0.5755857509884278,0.0,97.99376582932393,0.76541746,0.0,0.0,True,0.6325352636918995,0.0
425,3395,138.85762,972,6803.9766,2.8298039,4,48.265816,0.565339156148988,0.9212131020139587,1129.0024259166146,0.73589247,0.89203537,0.0,True,0.6165051503042916,0.9124597824097711
426,5180,158.64319,972,5955.4023,2.2256558,3,34.388592,0.6458662474101772,0.9839167834821599,1356.866694627295,0.76936418,0.78403574,0.0,True,0.682915627187124,0.9239524704375119
427,4570,150.26413,972,6287.4883,4.6418023,6,33.77129,0.6117644050333567,0.9634944300369866,1266.381913729566,0.76766485,0.78569132,0.0,True,0.6585345385233496,0.9101534970258907
428,11353,155.42287,972,6078.7969,2.4342456,3,37.217655,0.6327600035143023,1.0716476454821227,1451.2475974811682,0.77230477,0.79613113,0.0,True,0.6746234334600116,0.9889926908374858
429,11273,154.20471,972,6126.8164,4.1323676,6,25.601431,0.6278023058112425,1.0698704248875923,1438.7828618622937,0.8042329,0.84061158,0.0,True,0.6807314840678698,1.0010927714213147
430,2076,126.29239,972,7480.9258,1.1898056,3,23.793383,0.5141952720971467,0.8563050150116613,964.7679219640372,0.72712606,0.8601656,0.0,True,0.5780745084680027,0.8574631905081629
431,2839,141.94804,972,6655.8438,1.8080297,3,37.080761,0.5779175936530321,0.903206412884398,1128.7582349078934,0.78081757,0.88576478,0.0,True,0.6387875865571224,0.8979739230190785
432,1593,128.30855,972,7363.375,2.400275,3,16.289993,0.5224017877995022,0.8281039887859424,946.2279557306707,0.70175803,0.82853436,0.0,True,0.5762086604596516,0.8282331001501597
433,924,115.48807,972,8180.793,1.3441545,2,29.319185,0.4702165957043956,0.7580312088384887,788.8844817720144,0.65952349,0.77458841,0.0,True,0.527008663993077,0.7629983691869421
434,424,109.45551,972,8631.6719,0.95925444,2,33.285454,0.4456603299708156,0.6677400337656283,662.6917464099806,0.6373651,0.24059285,0.0,True,0.503171760979571,0.5395958786359398
435,178,107.47942,972,8790.3711,1.3752556,2,30.761486,0.43761631806166124,0.5711876945776736,558.1359904187063,0.63686037,0.33461899,0.0,True,0.49738953364316285,0.5002170832043715
436,413,118.64622,972,7963.0352,1.6004,3,16.970537,0.483071947731475,0.6708120626176038,715.2324595325658,0.67903167,0.7763893,0.0,True,0.5418598644120325,0.7024852338323226
437,1689,135.30666,972,6982.5391,3.1225851,5,44.331299,0.5508860373927549,0.8396771149228418,1005.7445989878015,0.72411621,0.81421793,0.0,True,0.6028550891749285,0.8320393594459893
438,0,263.13724,972,3590.4609,2.997066,4,96.068405,1.0710443829225138,0.0,182.39283600632567,,,,False,1.0710443829225138,0.0
439,251,134.90913,972,7003.1133,6.3768129,7,47.437241,0.5492680707696417,0.6244740101668,746.5047618753746,0.74138647,0.3991636,0.0,True,0.6069035905387492,0.5568808871167601
440,0,195.46439,972,4833.5352,1.195042,2,182.09183,0.7957102799735091,0.0,135.48559082836957,1.0018961,0.81788993,1.2820786760769902,True,0.8575660259814564,0.24536697900000004
441,17937,171.83786,972,5498.1133,1.4937922,3,49.587788,0.6995646922062058,1.13723572004803,1683.1058536340915,0.93890965,0.93795806,0.0,True,0.7713681795443441,1.077452422033621
442,19116,179.85689,972,5252.9766,1.4258558,3,55.279072,0.7321983256431167,1.1507171599580293,1773.0985705921105,0.90684378,0.92801178,0.0,True,0.7845919619501818,1.0839055459706204
443,3424,141.8098,972,6662.332,2.0719364,4,18.941118,0.5773549498755102,0.9243790043567895,1154.2110463228137,0.78081203,0.90208012,0.0,True,0.6383920739128571,0.9176893390497527
444,2552,136.84341,972,6904.125,2.9665537,4,45.43998,0.5571409535468528,0.8874152051072409,1073.5934833160004,0.71324569,0.80431616,0.0,True,0.603972374482797,0.8624854915750686
445,3269,144.37968,972,6543.7461,4.454565,6,65.034035,0.5878145911913324,0.9209969258190476,1168.443241643663,0.73518378,0.86830479,0.0,True,0.6320253478339327,0.9051892850733334
446,2017,130.01102,972,7266.9531,3.016799,5,38.285049,0.5293313926889635,0.855857596523602,989.4303565216228,0.69855928,0.82839811,0.0,True,0.5800997588822745,0.8476197505665214
447,606,122.77159,972,7695.4609,3.4301114,4,28.028845,0.4998641912963479,0.7161346984773581,786.9873624370487,0.67602324,0.39431834,0.0,True,0.5527119059074436,0.6195897909341507
448,612,124.80672,972,7569.9766,3.3272061,4,50.811977,0.5081480399468956,0.7185534667358378,801.2585093986805,0.72314739,0.77964032,0.0,True,0.572647844962827,0.7368795227150865
449,399,144.38857,972,6543.3438,5.2169981,6,28.674042,0.587850720356929,0.6818817617690046,865.4595191239545,0.74094868,0.35244748,0.0,True,0.6337801082498503,0.5830514772383032
450,346,144.94226,972,6518.3477,3.3024139,4,33.021461,0.5901042773859679,0.6659949651983456,848.2314533961166,0.78490502,0.84299362,0.0,True,0.6485445001701775,0.7190945616388419
451,12483,154.54199,972,6113.4453,7.052659,8,51.795219,0.6291749625842877,1.0818314374249702,1457.6838163909754,0.80775243,0.95324445,0.0,True,0.6827482028090014,1.0432553411974792
452,534,116.51672,972,8108.5703,3.6350517,4,34.228989,0.47440376268161544,0.6979484629872375,732.2067004879216,0.69192904,0.82760543,0.0,True,0.5396613458771308,0.7368455530910663
453,39,125.21087,972,7545.543,4.17103,4,32.622219,0.509793063492816,0.41312958612603684,464.9795892797444,0.68279892,0.26767641,0.0,True,0.5616948204449712,0.3694936332882258
454,1549,134.13469,972,7043.5469,3.1750474,4,25.983255,0.5461158831848466,0.829093375483341,985.4413128495845,0.73296261,0.78159326,0.0,True,0.6021699012293926,0.8148433408383388
455,1900,138.22081,972,6835.3242,2.1022632,3,39.582428,0.5627472027454481,0.8550261111319941,1043.6585130576264,0.769216,0.83457243,0.0,True,0.6246878419218137,0.8488900067923959
456,5375,142.8201,972,6615.2031,2.8422046,5,46.831459,0.58146697474251,0.9763708526340857,1226.808359914546,0.78414232,0.93679041,0.0,True,0.642269578319757,0.96449671984386
457,1193,125.39555,972,7534.4297,2.1063321,3,43.516956,0.5105448098074554,0.793610300174092,888.5405113699311,0.72509754,0.86000466,0.0,True,0.5749106288652188,0.8135286081218644
458,1811,130.52383,972,7238.4023,2.2348309,3,37.449127,0.5314186848172454,0.8441212115585615,979.2861267550703,0.74359542,0.8825869,0.0,True,0.5950717053720718,0.855660918090993
459,1103,137.10802,972,6890.8008,4.621316,6,35.899174,0.5582179406394218,0.7927580540445713,960.798245129723,0.74835116,0.71186805,0.0,True,0.6152579064475953,0.7684910528311999
460,360,132.31227,972,7140.5625,3.8273139,5,17.633965,0.5386981307918214,0.6636127943284224,779.5368196990287,0.7361213,0.42802435,0.0,True,0.5979250815542749,0.5929362610298956
461,6071,144.64061,972,6531.9414,4.3047366,5,19.549719,0.5888765803460922,0.9916361957696859,1260.0522946075027,0.79036212,0.94597685,0.0,True,0.6493222422422645,0.9779383920387801
462,0,152.35236,972,6201.3086,1.6405001,2,76.438011,0.6202633652328304,0.0,105.60260878565379,1.0172809,1.1020365,0.4709967174409457,True,0.7393686256629813,0.33061095000000007
463,5153,139.88939,972,6753.793,2.258491,4,30.447117,0.5695386267480012,0.9692939517875222,1195.735671928877,0.77445525,0.93612707,0.0,True,0.6310136137236009,0.9593438872512655
464,13732,156.21983,972,6047.7852,5.1490302,7,49.989189,0.6360035836997582,1.0941225288172243,1488.4047059687327,0.8201865,0.99794471,0.0,True,0.6912584585898307,1.0652691831720569
465,15108,162.33173,972,5820.082,1.572736,3,38.299267,0.6608778556904142,1.1099776890118367,1562.1364279153129,0.90012324,1.0726631,0.0,True,0.73265147098329,1.0987833123082855
466,15884,166.05052,972,5689.7383,1.5575444,3,41.098553,0.6760122944889716,1.1186758665216787,1606.238810269529,0.92942834,1.0794479,0.0,True,0.7520371081422801,1.106907476565175
467,7215,152.97572,972,6176.0391,3.1608419,4,18.923492,0.6228003749302523,1.0177728795110788,1359.0660706143667,0.81849176,0.98062277,0.0,True,0.6815077904511766,1.0066278466577552
468,6840,145.72972,972,6483.125,2.1489153,4,55.180977,0.5933093144409335,1.006068826193626,1286.9151651858845,0.79195774,0.96260041,0.0,True,0.6529038421086535,0.9930283013355381
469,14730,155.4985,972,6075.8398,4.0080113,6,41.697777,0.6330678652987463,1.101593484973218,1492.4399699954345,0.82556975,1.0270997,0.0,True,0.6908184307091224,1.0792453494812526
470,14288,158.86221,972,5947.1914,2.8413444,4,66.599068,0.6467576531179949,1.100799518343537,1519.8848477057218,0.86979049,1.0617218,0.0,True,0.7136675041825964,1.089076202840476
471,18233,156.79964,972,6025.4219,3.654264,6,55.621883,0.6383633221052202,1.127156724217482,1538.376650593151,0.84446579,1.0474241,0.0,True,0.7001940624736541,1.1032369369522375
472,0,144.78348,972,6525.4961,1.6367708,2,41.233616,0.5894580416239174,0.0,100.35626095365723,0.82956427,0.0,0.0,True,0.6614899101367422,0.0
473,15312,153.64821,972,6149.0078,4.0274401,6,115.265,0.6255373416716783,1.1045240541034267,1480.6344668093952,0.8228972,0.98270828,0.0,True,0.6847452991701748,1.0679793218723987
474,26942,157.78543,972,5987.7773,2.7299385,4,93.917145,0.6423753129876396,1.1728565675237934,1609.6505756223246,0.85311139,1.0457952,0.0,True,0.7055961360913477,1.1347381572666553
475,27090,157.37721,972,6003.3086,3.0789452,5,125.0693,0.6407139622789341,1.1731371595155113,1606.3482004888986,0.84027922,1.0390674,0.0,True,0.7005835395952539,1.1329162316608579
476,8056,145.98172,972,6471.9336,3.6334777,5,70.19062,0.5943349600950122,1.0249100453209672,1313.0209991899187,0.80821127,0.8711623,0.0,True,0.6584978530665085,0.9787857217246769
477,0,130.68547,972,7229.4492,0.87148464,2,21.971235,0.5320766227347291,0.0,90.58426507065131,0.81568563,0.0,0.0,True,0.6171593249143104,0.0
478,0,112.67397,972,8385.1133,2.0627019,2,42.079308,0.4587615464564856,0.0,78.09964462799586,0.73874229,0.0,0.0,True,0.54275576951954,0.0
479,0,135.83922,972,6955.1641,2.3183599,3,40.36795,0.5530536598689341,0.0,94.15657235246213,0.8851887,0.0,0.0,True,0.652694171908254,0.0
480,3266,131.78131,972,7169.332,3.6349809,5,23.171671,0.5365370154127237,0.9114260033602266,1066.3655912618576,0.82016641,0.90802437,0.0,True,0.6216258337889066,0.9104055133521586
481,2254,143.52106,972,6582.8945,4.2066526,5,13.983399,0.5843199261299871,0.8781054776868888,1108.1761375124574,0.79408711,0.53961378,0.0,True,0.6472500812909909,0.7765579683808221
482,3090,123.6651,972,7639.8594,1.3475602,4,43.340599,0.5035011593924063,0.8987558692145466,993.8436543687957,0.69402969,0.85070956,0.0,True,0.5606597185746844,0.8843419764501828
483,2979,124.50816,972,7588.1289,3.6882024,4,37.30217,0.5069327699841512,0.8953458661291648,996.0670347779244,0.68648207,0.52381772,0.0,True,0.5607975599889059,0.7838874222904153
484,810,125.24582,972,7543.4375,4.0425138,4,36.977554,0.5099353175761854,0.750184223075006,839.0844136938282,0.72006369,0.87507153,0.0,True,0.5729738293033297,0.7876504151525041
485,13588,139.23012,972,6785.7734,3.0021987,4,35.567764,0.5668552618173374,1.078656732917309,1325.0655141305656,0.76045513,0.90117466,0.0,True,0.6249352222721362,1.0254121110421162
486,15017,140.99371,972,6700.8945,1.7210717,4,95.796745,0.574033362424809,1.091545995204901,1355.9465682952255,0.77220893,0.95972973,0.0,True,0.6334860326973664,1.0520011156434306
487,6115,144.0524,972,6558.6133,1.8151309,3,66.7864,0.5864825271463201,0.991998147651153,1255.9679630688338,0.78828502,0.94358563,0.0,True,0.6470232750024241,0.9774743923558071
488,6681,147.54118,972,6403.5273,1.7191639,3,61.034328,0.6006820184520576,1.0048031527412293,1299.442719988859,0.80227435,0.95300412,0.0,True,0.6611597179164403,0.9892634429188606
489,9301,132.4722,972,7131.9414,2.6326354,4,65.350266,0.5393491272319336,1.029892098215456,1210.543178565958,0.73737848,0.89535493,0.0,True,0.5987579330623535,0.9895309477508192
490,5528,136.07445,972,6943.1406,2.2818947,3,44.977489,0.5540111121456286,0.9742052070689345,1172.6818667176146,0.7889595,0.91484851,0.0,True,0.6244956285019401,0.9563981979482541
491,6437,140.81657,972,6709.3242,2.8815415,4,44.869156,0.5733123528459195,0.9952645534830129,1234.9794177070776,0.81058234,0.93670183,0.0,True,0.6444933489921436,0.9776957364381091
492,7426,136.79961,972,6906.3359,1.5868926,3,39.256454,0.5569626496901748,1.008172323961396,1219.2965549196015,0.78620487,0.97702962,0.0,True,0.6257353157831224,0.9988295127729773
493,8533,142.16815,972,6645.5391,1.5744586,3,38.478912,0.5788134541117266,1.0283636349814773,1286.8962323387664,0.81013447,0.99178642,0.0,True,0.6482097588782086,1.017390470487034
494,3919,132.15395,972,7149.1172,2.8239102,4,14.232265,0.5380536998909428,0.932247247371275,1093.4552623058407,0.73306489,0.5502376,0.0,True,0.59655705692366,0.8176443531598925
495,0,122.08421,972,7738.7891,2.0100656,2,19.818192,0.4970662574715746,0.0,84.62232595238828,0.84622782,0.0,0.0,True,0.6018147262301022,0.0
496,2144,138.57678,972,6817.7656,4.4924841,6,66.259094,0.5641960872986248,0.8689546957106263,1063.0724949535868,0.89582545,0.93108255,0.0,True,0.6636848961090374,0.8875930519974384
497,0,143.18639,972,6598.2812,0.83765268,2,21.821846,0.5829577484992243,0.0,99.24924252305674,,,,False,0.5829577484992243,0.0
498,3258,143.34311,972,6591.0664,3.0606487,5,56.790916,0.5835956798211162,0.9198594740156226,1159.5715761653657,0.91435659,1.06185,0.0,True,0.6828239528747814,0.9624566318109359
499,12074,147.55783,972,6402.8047,2.4331427,4,47.848438,0.6007497883290273,1.0723257889641795,1386.8923981380112,0.83461881,0.97455651,0.0,True,0.6709104948303191,1.0429950052749257
500,12438,148.25574,972,6372.6641,1.7137952,3,44.570477,0.6035902452983771,1.0762933629899212,1397.854798882345,0.85970855,0.9868952,0.0,True,0.680425736708864,1.0494739140929448
501,0,8.7855101,6,4.0976562,0.57487381,2,24.390528,1.4080515865475545,0.0,6.089651555595923,,,,False,1.4080515865475545,0.0
502,0,145.15625,972,6508.7383,1.9990225,3,96.762733,0.5909752305377961,0.0,100.61464542815456,,,,False,0.5909752305377961,0.0
503,0,127.58913,972,7404.8945,2.0009778,3,162.85326,0.5194734537954818,0.0,88.43804572959633,0.96424717,0.0,0.0,True,0.6529055686568372,0.0
504,0,125.28572,972,7541.0352,2.0179894,3,348.62836,0.5100977213806133,0.0,86.84144358242274,,,,False,0.5100977213806133,0.0
505,4752,145.32475,972,6501.1914,4.0237236,6,205.85147,0.5916610524201639,0.9642752183368426,1230.4271132985823,1.0811784,1.0130328,0.0,True,0.7385162566941148,0.9789024928357899
506,4752,125.51823,972,7527.0664,3.9924164,6,497.54065,0.51104411402372,0.948454639630929,1062.7304255142192,1.0043458,0.97759485,0.0,True,0.6590346198166039,0.9571967027416504
507,14148,145.39883,972,6497.8789,3.9741938,5,301.185,0.5919625776126012,1.0885801584402983,1389.6449416667926,1.0806842,0.87860596,0.0,True,0.7385790643288208,1.0255878989082088
508,0,111.26508,972,8491.2891,2.0037234,3,91.475891,0.45302650392693666,0.0,77.12307649677676,0.95286149,0.0,0.0,True,0.6029769997488557,0.0
509,18792,174.54686,972,5412.7812,1.4522943,3,68.663521,0.7105892049366201,1.1447198841705903,1717.766782578143,1.004683,0.88511246,0.0,True,0.798817343455634,1.0668376569194131
510,17248,168.10635,972,5620.1562,1.1734921,3,762.43738,0.6843788985823194,1.1298096937939648,1639.9728315685757,1.0016483,0.85911071,0.0,True,0.7795597190076236,1.0485999986557752
511,1576,186.23946,972,5072.9531,1.5652306,3,92.503357,0.7581715519329152,0.8629919050207896,1371.451273988529,1.0220414,0.87115383,0.0,True,0.8373325063530406,0.8654404825145527
512,0,163.30779,972,5785.2969,0.73347002,1,33.261127,0.664850125075449,0.0,113.19633420197563,0.94594777,0.0,0.0,True,0.7491794185528143,0.0
513,4716,186.36545,972,5069.5234,2.176141,4,61.543903,0.7586842777485279,0.9914827868977819,1576.4914811619826,1.0224783,0.95330358,0.0,True,0.8378224844239694,0.9800290248284473
514,0,111.21545,972,8495.0781,2.0108461,3,91.121811,0.45282449125820773,0.0,77.08867560220557,,,,False,0.45282449125820773,0.0
515,0,125.51809,972,7527.0742,2.0108461,3,88.784187,0.511043584590222,0.0,87.00251019276946,,,,False,0.511043584590222,0.0
516,0,154.14693,972,6129.1133,1.0886608,2,4.8707724,0.6275671121285197,0.0,106.84650992147124,0.92301375,0.44756919,12.871348256854787,True,0.7162011034899638,0.13427075700000002
517,0,135.98807,972,6947.5508,1.9336278,2,5.4623885,0.5536595354931082,0.0,94.25974731028847,,,,False,0.5536595354931082,0.0
518,0,-1.0,1,-1.0,0.0,0,44.691006,1.0,0.0,-0.6931471805599453,,,,False,1.0,0.0
519,0,178.96828,972,5279.0586,2.0228662,2,11.231564,0.7285821573375001,0.0,124.05135869166284,1.1620426,1.2223457,9.220825877331833,True,0.8586202901362501,0.36670371000000007
520,0,214.35464,972,4407.5742,1.1283056,2,5.4639244,0.8725751950865819,0.0,148.57931435594207,1.1620426,1.2223457,5.5657243675964265,True,0.9594154165606072,0.36670371000000007
521,0,15.80789,6,2.2773438,0.52765453,2,175.64853,2.0072771533192,0.0,10.957194384101754,1.0472531,0.95491445,13.818686081628265,True,1.7192699373234401,0.286474335
522,3,7.2339091,6,4.9765625,3.4927635,4,52.019188,1.2306654583301637,0.6676086288662229,11.64252756064204,1.0225871,0.81698895,0.0,True,1.1682419508311146,0.7124227252063561
523,3170,215.28824,972,4388.4609,1.9645529,4,54.276325,0.8763738376109348,0.9611781617277382,1735.6791050643221,1.1597251,1.2210926,0.0,True,0.9613792163276543,1.0391524932094167
524,4,8.6211414,6,4.1757812,2.6154237,4,41.380657,1.390239422120643,0.8166785463975347,15.447011739004012,1.0369949,0.89112657,0.0,True,1.2842660654844502,0.8390129534782742
525,623,182.10126,972,5188.2344,2.5620563,4,41.037109,0.7413316569698197,0.752350194979962,1172.3226869840773,1.025509,0.80028856,0.0,True,0.8265848598788739,0.7667317044859734
526,6,164.29665,972,5750.4766,1.278984,2,28.575001,0.6688745275059022,0.22476428047779895,341.64527916883236,0.96385413,0.17846294,0.0,True,0.7573684082541314,0.21087387833445925
527,4,158.62061,972,5956.25,1.3268633,2,27.903242,0.6457743578758458,0.18514821959830874,284.2099799822303,0.96412534,0.15476532,0.0,True,0.741279652513092,0.17603334971881612
528,617,176.43681,972,5354.8008,2.6489129,3,40.527596,0.7182804086748491,0.7484576380535388,1134.1543886566503,1.0311199,0.80059499,0.0,True,0.8121322560723944,0.7640988436374772
529,5969,216.02855,972,4373.4219,3.0852931,5,54.085983,0.8793860696756485,1.0370367301237073,1878.2968872739866,1.1579378,1.219813,0.0,True,0.9629515887729538,1.091869611086595
530,0,180.95532,972,5221.0898,2.0081482,2,205.56401,0.7366683735389268,0.0,125.42866986532268,1.0213495,0.97730374,14.543720222342534,True,0.8220727114772488,0.293191122
531,9342,217.69392,972,4339.9648,3.1224904,5,17.625692,0.8861621973107103,1.0914567297688533,1990.2644224558985,1.1541535,1.2158417,0.0,True,0.9665595881174973,1.1287722208381974
532,27,175.29883,972,5389.5625,5.7710695,6,112.38464,0.713649348925058,0.3877913869094161,590.2830192605079,1.0361006,0.93401986,0.0,True,0.8103847242475406,0.5516599288365913
533,0,152.52771,972,6194.1797,2.0641494,3,45.526207,0.6209769977803837,0.0,105.72415214376498,0.94309109,0.0,0.0,True,0.7176112254462687,0.0
534,12445,218.07472,972,4332.3867,3.8156049,5,92.450455,0.8877115343247427,1.125927536362393,2056.2777625946137,1.1533644,1.2122103,0.0,True,0.9674073940273199,1.1518123654536752
535,6328,181.79657,972,5196.9297,3.9780807,5,239.00879,0.7400917669292121,1.022964930424099,1591.2754696717118,1.019748,0.95599902,0.0,True,0.8239886368504485,1.0028751572968693
536,2726,181.89856,972,5194.0156,4.4063578,4,82.546852,0.7405068352400171,0.9246266354088712,1439.0584467428466,0.94306809,0.78719658,0.0,True,0.801275211668012,0.8833976187862099
537,4284,208.26581,972,4536.4336,3.5599096,4,87.391754,0.8478002339427767,0.9931498960328461,1741.749706665054,1.0134795,0.85506111,0.0,True,0.8975040137599437,0.9517232602229923
538,27434,218.6834,972,4320.3281,3.008909,6,285.00851,0.8901881066857832,1.2207169681459562,2234.8593454604647,1.1525837,1.2103828,0.0,True,0.9689067846800483,1.2176167177021695
539,74512,218.58852,972,4322.2031,3.2166665,5,213.47972,0.889802115865871,1.3399954157332323,2452.288276968418,1.1525818,1.2022091,0.0,True,0.9686360211061097,1.2986595210132625
540,3130,185.98138,972,5079.9922,3.0951517,4,64.316147,0.7571214036522447,0.9432192138245534,1497.0435522907858,1.0225408,1.0115331,0.0,True,0.8367472225565713,0.9637133796771874
541,3172,155.78535,972,6064.6523,2.793566,4,55.657543,0.6342353043397194,0.9255751851935325,1256.058003732503,0.92901695,0.87526309,0.0,True,0.7226697980378036,0.9104815566354728
542,0,175.78973,972,5374.5117,1.0999808,2,77.990677,0.7156471114558829,0.0,121.84815572089403,0.99969226,0.0,0.0,True,0.800860656019118,0.0
543,0,151.6608,972,6229.5859,1.2101525,2,58.778965,0.6174487730023521,0.0,105.12325592146574,0.9122197,0.0,0.0,True,0.7058800511016465,0.0
544,0,119.82458,972,7884.7266,0.60429871,1,71.160706,0.487868448211931,0.0,83.05606978877961,0.7814998,0.0,0.0,True,0.5759578537483516,0.0
545,1588,129.46819,972,7297.4219,1.0043705,2,49.276241,0.5271218899970364,0.8285880358133689,954.3733766557681,0.82324892,0.85733867,0.0,True,0.6159599989979254,0.8372132260693582
546,3172,136.69275,972,6911.7344,2.3171523,3,53.118988,0.556527752615686,0.9118944764309145,1102.1191831562217,0.85324383,0.91072357,0.0,True,0.6455425758309803,0.9115432045016402
547,6328,153.64235,972,6149.2422,2.8648438,4,88.159363,0.6255135048679694,1.0032466515772334,1344.8400190262969,0.91959584,0.96718663,0.0,True,0.7137382054075786,0.9924286451040634
548,29488,182.7554,972,5169.6641,2.3709798,4,163.42078,0.7439936147078381,1.2035551772962652,1880.8832139607634,1.0222576,1.0210106,0.0,True,0.8274728102954867,1.1487918041073857
549,27972,174.85754,972,5403.1641,1.0290639,3,49.151684,0.7118535157542689,1.191232522105573,1790.3717352835467,1.0049236,1.0105538,0.0,True,0.7997745410279882,1.1370289054739011
550,5251,185.99969,972,5079.4922,1.9282447,4,354.91107,0.757195901592402,1.0038444958599995,1593.3765038655042,1.0225416,0.99232954,0.0,True,0.8367996111146815,1.0003900091019995
551,272,158.02254,972,5978.793,2.9455931,3,102.65057,0.6433402841084382,0.6450281735685031,887.000760716833,0.92499775,0.71784908,0.0,True,0.7278375238759067,0.6668744454979522
552,1238,178.74475,972,5285.6602,2.9617884,4,228.11346,0.7276725285436758,0.8307236516113329,1273.1750201746286,0.93003511,0.75620675,0.0,True,0.7883813029805731,0.8083685811279331
553,1244,159.34869,972,5929.0352,3.991044,5,205.82394,0.6487375201910383,0.82030274048136,1135.7886537122617,0.92920619,0.85695058,0.0,True,0.7328781211337267,0.831297092336952
554,3664,186.6358,972,5062.1797,3.1157186,5,157.37146,0.7597844657474849,0.9620684895159615,1531.6932149995114,1.0207176,0.9724257,0.0,True,0.8380644060232394,0.965175652661173
555,0,152.15559,972,6209.3281,2.0042315,2,31.858765,0.6194625377805688,0.0,105.466218214935,0.90577286,0.0,0.0,True,0.7053556344463983,0.0
556,6022,186.00627,972,5079.3125,2.0088642,4,273.668,0.7572226797335843,1.0199002365506578,1618.9068301106743,1.0225419,0.97730815,0.0,True,0.8368184458135091,1.0071226105854605
557,9456,216.21144,972,4369.7227,2.983562,4,92.328178,0.8801301756430613,1.0920143579597927,1979.3327562662596,1.0277925,0.90598375,0.0,True,0.924428872950143,1.0362051755718549
558,1172,185.28526,972,5099.0781,4.1015005,5,351.63278,0.7542886018180663,0.8278067320789596,1309.6280868166184,1.0014863,0.93279618,0.0,True,0.8284479112726464,0.8593035664552717
559,13736,216.66544,972,4360.5664,3.1170969,5,90.345596,0.8819774222379191,1.1368329629461962,2064.371194617909,1.0289387,0.95204467,0.0,True,0.9260658055665434,1.0813964750623373
560,620,214.60893,972,4402.3516,4.0209236,5,100.26667,0.8736098788783707,0.7664946455900278,1380.5663900568559,1.0309296,0.75054902,0.0,True,0.9208057952148595,0.7617109579130195
561,2176,179.09377,972,5275.3594,4.0082512,5,273.36417,0.7290928618228575,0.8966714207195287,1376.5437837644288,0.93105644,0.81897807,0.0,True,0.7896819352760003,0.87336341550367
562,3631,180.67834,972,5229.0938,2.5033722,4,314.5462,0.7355412108675549,0.9573693158820402,1481.1674309704333,0.93505257,0.84532505,0.0,True,0.7953946186072884,0.9237560361174282
563,3106,168.44084,972,5608.9961,0.92423272,2,18.334511,0.6857401073249291,0.9315102509206683,1354.5565498601186,0.90048611,0.81320739,0.0,True,0.7501639081274504,0.8960193926444677
564,2647,157.93864,972,5981.9688,1.5526175,3,77.442024,0.6429988518345481,0.9062382560250538,1244.8624876206452,0.90192509,0.81652254,0.0,True,0.7206767232841836,0.8793235412175376
565,17769,220.30139,972,4288.5977,4.0903101,6,91.570267,0.8967713444245211,1.169868742987094,2155.7203012783025,1.038501,0.98414207,0.0,True,0.9392902410971646,1.1141507410909657
566,3691,188.68793,972,5007.125,2.2137518,4,125.57986,0.7681351668831898,0.9641642443284547,1549.9193407560915,1.0133885,0.96857476,0.0,True,0.8417111668182329,0.9654873990299183
567,3538,190.5195,972,4958.9883,2.0232894,4,150.01868,0.7755884181008366,0.9602844031602241,1556.9028738664692,1.0059502,0.96350729,0.0,True,0.8446969526705856,0.9612512692121569
568,1576,214.7715,972,4399.0195,4.1049385,6,103.35445,0.874271306412925,0.8776446616287946,1581.55874856718,1.031317,0.88179648,0.0,True,0.9213850144890475,0.8788902071401563
569,26024,221.19432,972,4271.2852,4.150003,6,97.400238,0.9004044634825118,1.2160718082417152,2248.849763679396,1.0410569,1.0188335,0.0,True,0.9426001944377583,1.1569003157692006
570,3230,186.30659,972,5071.125,4.0267878,6,288.6813,0.758444758962919,0.947097139740295,1505.516803822921,0.95075786,0.87417454,0.0,True,0.8161386892740432,0.9252203598182065
571,2830,214.97231,972,4394.9102,3.9266353,6,81.885857,0.8750883899820738,0.9474901038199043,1708.7586672171124,1.0317068,0.92269784,0.0,True,0.9220739129874518,0.940052424673933
572,242514,269.59616,972,3504.4414,3.1210718,5,223.10002,1.097319084760338,1.5189712698361455,3342.675060305618,1.1598641,1.2824731,0.0,True,1.1160825893322366,1.4480218188853018
573,2168,185.88647,972,5082.5859,3.0585928,5,157.23929,0.7567351881721103,0.9001491112455817,1428.069542823263,0.94964075,0.85024339,0.0,True,0.8146068567204772,0.8851773948719073
574,4121,217.54082,972,4343.0195,4.1492929,6,101.28352,0.885539194430257,0.9936824892699126,1810.882951772852,1.0312196,0.90779591,0.0,True,0.9292433161011799,0.9679165154889389
575,3572,214.99467,972,4394.4531,3.9698367,5,84.793961,0.8751793730754819,0.9752502827230236,1758.9661425007573,1.0317075,0.94720757,0.0,True,0.9221378111528373,0.9668374689061165
576,206824,269.46701,972,3506.1211,2.0111594,4,84.794571,1.0967936847487274,1.499380993448614,3298.1773454772933,1.1595888,1.2759261,0.0,True,1.1156322193241093,1.4323445254140297
577,43247,216.22246,972,4369.5,3.9968562,5,99.690041,0.8801750126532674,1.2733617323763564,2308.1162486926314,1.0323371,1.107919,0.0,True,0.9258236388572871,1.2237289126634496
578,0,157.36319,972,6003.8438,1.9989641,2,109.9659,0.6406568662031734,0.0,109.07585147241898,0.92488354,0.0,0.0,True,0.7259248683422215,0.0
579,3791,186.57088,972,5063.9414,2.0529306,4,78.494789,0.7595202478681966,0.966022621526747,1537.5143049059345,1.0210054,0.9893626,0.0,True,0.8379657935077376,0.973024615068723
580,78664,219.36627,972,4306.8789,2.1309013,4,112.49664,0.8929666293972102,1.3470432253928204,2472.9085736136058,1.1510149,1.192746,0.0,True,0.9703811105780472,1.3007540577749743
581,4215,186.51721,972,5065.3984,2.0087099,4,91.433876,0.7593018673672388,0.978414862908129,1556.8366306156904,1.0212944,1.0055615,0.0,True,0.8378996271570672,0.9865588540356902
582,85,160.92986,972,5870.7812,3.9645629,4,81.304947,0.6551725556902679,0.513276906506511,718.6979683079455,0.92387754,0.33047217,0.0,True,0.7357840509831874,0.4584354855545577
583,5616,186.52081,972,5065.3008,2.9565489,5,53.054974,0.7593164920886004,1.0120495816664385,1610.3705008716408,1.0212944,1.0239986,0.0,True,0.8379098644620203,1.015634287166507
584,6824,186.49507,972,5066.0,3.9821308,5,60.494312,0.7592117339806154,1.0348672264450478,1646.4706306694723,1.0215937,1.0388515,0.0,True,0.8379263237864307,1.0360625085115336
585,0,158.4369,972,5963.1562,2.0088537,3,98.317719,0.6450267082383792,0.0,109.820090531658,0.91776842,0.0,0.0,True,0.7268492217668654,0.0
586,1574,210.7164,972,4483.6758,2.6331549,3,43.245876,0.8577715464442969,0.8755056114773414,1551.4301058594704,1.0282356,0.86861318,0.0,True,0.9089107625110078,0.873437882034139
587,1040,188.24031,972,5019.0312,0.87169385,2,33.184483,0.7663137141656794,0.8153334378352041,1308.0625672863969,0.95940989,0.82610291,0.0,True,0.8242425669159756,0.8185642794846428
588,903,185.41594,972,5095.4844,1.2159722,3,184.48694,0.7548203713607752,0.7973608628898035,1262.2996570449689,0.94849366,0.80843335,0.0,True,0.8129223579525426,0.8006826090228625
589,84800,220.52917,972,4284.168,2.8227594,5,131.41132,0.8976981461794682,1.3568748962491555,2502.5814299432964,1.1488746,1.1829871,0.0,True,0.9730510823256278,1.3047085573744088
590,2082,207.79272,972,4546.7617,2.4090197,3,56.225086,0.845875278059468,0.9072442774004129,1587.96119283381,1.0289032,0.88851786,0.0,True,0.9007836546416277,0.901626352180289
591,1598,192.28835,972,4913.3711,1.4228094,3,52.521118,0.782786281958194,0.8678648031836055,1418.657087160939,0.98588037,0.8649646,0.0,True,0.8437145083707358,0.8669947422285238
592,271073,269.99222,972,3499.3008,2.5321653,5,282.5925,1.0989301655584,1.5328854616729612,3377.6433908985673,1.1604354,1.2855961,0.0,True,1.11738173589088,1.4586986531710728
593,292,187.03212,972,5051.4531,4.017396,5,307.62778,0.7613972053710677,0.6660595685227155,1063.0119730744602,1.0148635,0.77914381,0.0,True,0.8374370937597473,0.6999848409659009
594,1236,190.47374,972,4960.1797,2.0446403,4,100.67825,0.7754022023454247,0.8367344469822696,1356.411588253663,0.97925854,0.8493697,0.0,True,0.8365591036417973,0.8405250228875887
595,18,180.0836,972,5246.3633,4.0195165,5,295.49326,0.7331209460697506,0.343741114951783,539.4822524577875,0.92998767,0.21855755,0.0,True,0.7921809632488255,0.30618604546624806
596,708,190.44885,972,4960.8281,2.0028081,4,102.25285,0.7753008950307504,0.7713169891638253,1250.347163488519,0.97925764,0.7978723,0.0,True,0.8364879185215253,0.7792835824146778
597,33,180.17389,972,5243.7344,4.0011883,5,280.63177,0.7334883496605848,0.41170015668241133,640.5808905425068,0.92999107,0.26175204,0.0,True,0.7924391657624095,0.36671572167768796
598,150,190.41031,972,4961.832,2.006304,3,103.30743,0.7751440958948164,0.5895652643186853,956.5986473773011,0.97925609,0.37385127,0.0,True,0.8363776941263715,0.5248510660230797
599,212,181.67859,972,5200.3047,2.928968,4,267.46939,0.7396116317088768,0.626535155595585,974.8829563829888,0.92945755,0.39793703,0.0,True,0.7965654071962138,0.5579557179169095
600,0,143.87212,972,6566.832,1.1043127,2,51.102104,0.5857487400825228,0.0,99.7245543391821,0.80221337,0.0,0.0,True,0.650688129057766,0.0
601,1432,215.61124,972,4381.8867,4.0032687,6,100.1062,0.8776880725073845,0.8666343390979532,1567.1105781887602,1.0260304,0.80131859,0.0,True,0.9221907707551691,0.8470396143685672
602,0,-1.0,1,-1.0,0.0,0,118.78319,1.0,0.0,-0.6931471805599453,,,,False,1.0,0.0
603,0,8.4301071,7,5.8125,0.42325163,2,42.330563,1.3222927527887187,0.0,5.843304968183377,0.74348044,0.0,0.0,True,1.148649058952103,0.0
604,0,3.9847522,7,12.296875,1.7170658,2,37.147869,0.722564345786185,0.0,2.762019752660039,0.67384607,0.0,0.0,True,0.7079488630503294,0.0
605,16,8.2472057,7,5.9414062,2.3427825,3,64.096992,1.3008290812730199,1.2932955518361016,23.83749043684027,0.76637894,0.90370393,0.0,True,1.1404940388911138,1.176418065285271
606,18,8.6749659,7,5.6484375,0.75966752,2,62.193932,1.3506565401314796,1.3648225143614743,25.987875318610342,0.78527439,0.93503952,0.0,True,1.1810418950920356,1.235887616053032
607,16,8.0204601,7,6.109375,0.92453647,2,146.69713,1.2738851182935633,1.282400797708557,23.182111358373046,0.81696457,0.95890832,0.0,True,1.1368089538054942,1.1853530543959898
608,10,6.5401459,7,7.4921875,0.87864029,2,32.36729,1.0883067924186984,1.0201070867992021,16.251652037493727,0.85131907,0.97827512,0.0,True,1.0172104756930889,1.0075574967594414
609,0,5.1137381,7,9.5820312,0.41776142,1,51.354107,0.8919344070806738,0.0,3.5445731461369716,,,,False,0.8919344070806738,0.0
610,0,204.29504,972,4624.6055,1.9992783,3,30.366533,0.8316432139748589,0.0,141.60653097838124,1.0241311,0.0,0.0,True,0.8893895797824012,0.0
611,0,204.46292,972,4620.8086,0.99862111,2,43.154816,0.832326276241192,0.0,141.72289652705365,1.0218821,0.0,0.0,True,0.8891930233688345,0.0
612,1562,169.86455,972,5561.9844,3.9954674,5,220.16048,0.6915341221685952,0.8527538963395948,1249.35409157768,0.92432576,0.75133413,0.0,True,0.7613716135180166,0.8223279664377163
613,4651,205.29333,972,4602.1172,2.0272787,4,94.13578,0.8357052830483461,1.001200854376114,1733.7570779298026,1.0240722,0.89813691,0.0,True,0.8922153581338423,0.9702816710632798
614,1554,169.97641,972,5558.3242,3.9993525,5,220.63074,0.6919893390054052,0.8522239027506245,1249.3051462848223,0.92437416,0.82272208,0.0,True,0.7617047853037836,0.8433733559254372
615,9266,205.29385,972,4602.1055,2.0057638,4,93.177658,0.8357074067511613,1.0829046454645053,1875.2203123181341,1.0240723,0.96641237,0.0,True,0.892216874725813,1.0479569628251537
616,1549,169.86301,972,5562.0352,4.000062,5,221.21698,0.6915278084174877,0.8517845486841991,1247.924959449208,0.92466688,0.88038462,0.0,True,0.7614695298922414,0.8603645700789393
617,13854,205.45937,972,4598.3984,3.0013714,4,94.497147,0.8363808377582599,1.1306937184198096,1959.3578642062362,1.0245112,1.0053838,0.0,True,0.892819946430782,1.0931007428938666
618,4641,204.79462,972,4613.3242,3.9884105,5,93.934662,0.8336760108452963,1.000657379922407,1729.1047303824646,1.0254498,0.97579211,0.0,True,0.8912081475917075,0.9931977989456848
619,30599,258.83469,972,3650.1445,1.8902869,4,163.81139,1.0535413009572208,1.2590909040945086,2673.448631551723,1.1502661,1.2650429,0.0,True,1.0825587406700545,1.260876502866156
620,7703,257.25415,972,3672.5703,2.1350915,4,58.053932,1.0471115677971268,1.0901436936396718,2302.328107302475,1.1498302,1.2629678,0.0,True,1.0779271574579887,1.1419909255477703
621,0,131.20256,972,7200.957,0.76195651,2,4.31427,0.5341813185631621,0.0,90.94268454624707,0.96913934,0.894844,7.907771391205538,True,0.6646687249942135,0.26845320000000006
622,9,116.52076,972,8108.2891,3.6256762,4,27.272322,0.4744202112121698,0.25581402078949417,279.40457958687347,0.90489787,0.48114881,0.0,True,0.603563508848519,0.3234144575526459
623,1580,132.46916,972,7132.1055,3.2658029,4,35.612541,0.5393367210246273,0.8301581820475552,975.8268009850324,0.96176445,0.80817014,0.0,True,0.6660650397172392,0.8235617694332886
624,5351,134.87506,972,7004.8828,3.2636158,4,29.787243,0.5491293600363572,0.9695571234033096,1157.958016674053,0.88960934,0.47896084,0.0,True,0.6512733540254501,0.8223782383823167
625,10075,138.78336,972,6807.6172,2.3017368,4,63.970493,0.5650369110048886,1.0443760535164703,1279.306522204305,0.93707478,0.84528297,0.0,True,0.6766482717034221,0.9846481284615293
626,0,198.55785,972,4758.2305,0.081830971,1,155.97882,0.8082980577965203,0.0,137.62981390554452,,,,False,0.8082980577965203,0.0
627,1567,201.77133,972,4682.4492,0.14356613,2,658.48022,0.8213740620378076,0.8704883156100937,1484.6725398866351,1.0640336,1.0329324,0.0,True,0.8941719234264653,0.9192215409270657
628,3130,204.24536,972,4625.7305,2.0942485,4,270.77454,0.8314410417403862,0.9536814642511648,1644.0581270733144,1.0610722,1.0290369,0.0,True,0.9003303892182704,0.9762880949758155
629,0,207.89131,972,4544.6055,1.0082383,2,185.88297,0.8462764292643729,0.0,144.09927538941355,1.0383807,0.0,0.0,True,0.903907710485061,0.0
630,1567,144.55365,972,6535.8711,1.7860779,3,61.321602,0.5885226259376326,0.8374639584165513,1063.6537643647573,0.84454256,0.85902125,0.0,True,0.6653286061563428,0.8439311458915859
631,0,137.6129,972,6865.5195,0.34187952,1,49.889835,0.5602729002536881,0.0,95.3859936436777,0.81933916,0.0,0.0,True,0.6379927781775817,0.0
632,2,7.1775699,6,5.015625,3.8918128,4,38.848492,1.2238132007670781,0.5278255545157974,9.950224678913857,0.97187316,0.62560338,0.0,True,1.1482311885369547,0.5571589021610581
633,0,111.95688,972,8438.8203,1.0844866,2,70.531998,0.45584255215263364,0.0,77.60259571628812,,,,False,0.45584255215263364,0.0
634,0,9.5305071,6,3.7773438,0.89747167,2,98.816605,1.486117978063125,0.0,6.6060441256715405,1.0359865,0.0,0.0,True,1.3510785346441874,0.0
635,0,113.53722,972,8321.3594,0.96670604,2,45.957561,0.46227549273118723,0.0,78.69800393161424,0.97913909,0.0,0.0,True,0.617334571911831,0.0
636,3172,127.04486,972,7436.6172,2.8054402,4,215.27052,0.5172581091837551,0.90441025911112,1024.3306783088096,0.88783503,0.75455511,0.0,True,0.6284311854286286,0.8594537143777841
637,41,137.24821,972,6883.7617,3.3965039,3,590.31378,0.5587885894764204,0.4229397922928948,516.2179833307343,0.85999566,0.25576651,0.0,True,0.6491507106334943,0.37278780760502633
638,613,158.48071,972,5961.5078,2.942071,4,72.280434,0.6452050029705265,0.7384752411247664,1017.703256353787,0.93714643,0.84693402,0.0,True,0.7327874310793685,0.7710128747873365
639,16255,175.02798,972,5397.9023,2.2401338,4,140.12317,0.7125471636428975,1.128212106493786,1697.1201031236105,1.0438479,0.94920468,0.0,True,0.8119373845500283,1.0745098785456502
640,14709,171.4984,972,5508.9961,0.62999755,2,352.18121,0.6981832318505466,1.1139450877546646,1645.7588067096437,1.0303445,0.92862356,0.0,True,0.7978316122953827,1.0583486294282651
641,13162,157.63159,972,5993.6211,0.97557306,2,228.48167,0.641749203900453,1.0903802841416415,1495.1736377126317,0.97660822,0.89941329,0.0,True,0.7422069087303171,1.033090185899149
642,11614,146.83571,972,6434.293,1.8703518,3,316.31949,0.5978107379222417,1.0672974286944807,1374.4026171553805,0.94318014,0.86470997,0.0,True,0.7014215585455692,1.0065211910861365
643,137194,259.67755,972,3638.2969,4.3446288,6,247.32333,1.056970124555983,1.442563565264403,3071.7688037009,1.1504456,1.2741728,0.0,True,1.085012767189188,1.3920463356850823
644,0,205.455,972,4598.4961,2.0219336,3,304.55118,0.836363075672156,0.0,142.41055398194356,1.0602643,0.0,0.0,True,0.9035334429705093,0.0
645,0,156.21509,972,6047.9688,0.94122326,2,12.859234,0.6359842827311372,0.0,108.28004919441811,0.88490254,0.0,0.0,True,0.7106597599117961,0.0
646,4689,171.39304,972,5512.3828,3.6245697,4,121.0079,0.6977544373259249,0.9811836445155875,1448.8541057261318,0.93403572,0.9470157,0.0,True,0.7686388221281475,0.9709332611609113
647,7795,208.23497,972,4537.1055,3.068891,5,115.04979,0.8476747385170401,1.0642060846489683,1866.096501569545,1.0392842,0.99281347,0.0,True,0.9051575769619281,1.0427883002542777
648,131359,259.48032,972,3641.0625,4.0252223,6,225.71445,1.056167734650108,1.4371303690899615,3058.15838477048,1.1504595,1.2740797,0.0,True,1.0844552642550755,1.388215168362973
649,103063,259.61121,972,3639.2266,2.8781717,5,65.985321,1.056700252550544,1.4076356206931688,2996.7220876608776,1.1504718,1.2721456,0.0,True,1.0848317167853807,1.3669886144852181
650,46661,259.0831,972,3646.6445,2.0912142,4,156.94363,1.0545519213542889,1.3106779734799519,2785.3264548859083,1.1503568,1.2667179,0.0,True,1.0832933849480022,1.2974899514359663
651,20809,206.04712,972,4585.2812,4.3804641,6,118.734,0.8387724449536161,1.179324088594987,2048.775341569126,1.0397059,1.0315512,0.0,True,0.8990524814675313,1.134992222016491
652,57465,212.84874,972,4438.7578,4.0337758,5,120.94672,0.8664478544210986,1.3048223079200525,2332.602136515351,1.0711884,1.0884719,0.0,True,0.927870018094769,1.2399171855440367
653,264,174.03343,972,5428.75,3.6956065,6,91.608856,0.7084997592991316,0.6488045380097964,971.7150140096182,0.96967316,0.83856142,0.0,True,0.7868517795093921,0.7057316026068574
654,599,160.67638,972,5880.043,2.9420958,4,66.399986,0.6541409282138465,0.7369879455814622,1028.1030711674541,0.93288511,0.79444516,0.0,True,0.7377641827496926,0.7542251099070235
655,5,148.55276,972,6359.9219,1.5139418,2,72.310326,0.6047991673418308,0.20457978564366297,289.0703233541782,0.8884756,0.13254806,0.0,True,0.6899020971392815,0.18297026795056406
656,4,174.12402,972,5425.9258,3.3688328,4,135.2518,0.7088683982772496,0.18715489912623537,311.9883616550552,0.96499062,0.11979265,0.0,True,0.7857050647940748,0.16694622438836476
657,18840,193.76117,972,4876.0234,4.8383703,6,146.00136,0.7887795429217823,1.1590884186176649,1907.3546725332933,1.0255833,1.0287131,0.0,True,0.8598206700452476,1.1199758230323655
658,54243,212.78676,972,4440.0508,3.083061,5,124.68372,0.8661956472478339,1.297907175935168,2319.6450935842136,1.0712912,1.0885257,0.0,True,0.9277243130734838,1.2350927331546173
659,260,173.19002,972,5455.1875,4.4809623,5,192.17265,0.705067412071467,0.646670906023174,964.3816959732744,0.96842837,0.76821393,0.0,True,0.7840756994500269,0.6831338132162218
660,1169,178.23643,972,5300.7344,2.5633626,4,96.397087,0.7256039578021781,0.8237665470579344,1259.3497016879492,0.96997654,0.83774865,0.0,True,0.7989157324615247,0.8279611779405541
661,568,162.21817,972,5824.1562,0.97231585,2,16.271202,0.660415707325828,0.7316807801436526,1029.3775179390746,0.91815495,0.77058047,0.0,True,0.7377374801280796,0.7433506871005567
662,2,151.58932,972,6232.5234,1.3890803,2,225.3382,0.6171578516833794,0.12572786114724568,210.14741952199864,0.88224804,0.08122921,0.0,True,0.6966849081783656,0.11237826580307197
663,37,175.67839,972,5377.918,3.0407336,4,93.202621,0.7151939988330228,0.42343725898485485,643.608611657806,0.96628952,0.69800943,0.0,True,0.7905226551831159,0.5058089102893985
664,51739,212.8096,972,4439.5742,2.9808435,5,123.52361,0.8662885937633911,1.2922967415368956,2309.8366290692998,1.071292,1.0900412,0.0,True,0.9277896156343737,1.2316200790758267
665,25,173.69835,972,5439.2227,4.2473249,5,269.75546,0.7071361125898703,0.37876286767531464,572.4814254941231,0.96895242,0.71311837,0.0,True,0.7856810048129093,0.47906951837272027
666,48496,212.81784,972,4439.4023,2.8359361,5,92.559746,0.8663221225903717,1.284595870926922,2296.150804847739,1.0712924,1.0913713,0.0,True,0.9278132058132602,1.2266284996488455
667,46,173.39674,972,5448.6836,4.0062675,4,283.1405,0.7059087171770084,0.44750010580136057,671.2536351761328,0.96915418,0.3576844,0.0,True,0.7848823560239059,0.42055539406095244
668,42456,212.54909,972,4445.0156,2.1723483,4,30.769083,0.8652285968625247,1.2685686235286937,2264.9806254110645,1.0713719,1.0909375,0.0,True,0.9270715878037674,1.2152792864700857
669,3837,178.93385,972,5280.0742,3.0428152,4,210.65239,0.7284420706952126,0.9627220082880086,1476.7351941251936,1.076085,0.80143452,0.0,True,0.832734949486649,0.914335761801606
670,16535,193.09476,972,4892.8516,1.7760341,4,83.805878,0.7860677671645364,1.1432593018449515,1875.598063288647,1.0253175,1.0297434,0.0,True,0.8578426870151755,1.109204531291466
671,15071,185.56587,972,5091.3672,1.5476989,3,62.728989,0.7554305269437002,1.1270755791510243,1785.266206488134,1.0293462,1.0295866,0.0,True,0.8376052288605901,1.097828885405717
672,13630,180.09366,972,5246.0703,2.1750588,4,120.32036,0.7331618762450187,1.111407567141062,1714.5232044462655,1.0414733,1.0338668,0.0,True,0.8256553033715132,1.0881453369987433
673,12209,179.73326,972,5256.5898,2.0178893,4,125.20993,0.7316952289782631,1.0982984466920565,1691.3065954261413,1.0424347,1.0382017,0.0,True,0.8249170702847841,1.0802694226844396
674,1,173.15814,972,5456.1914,4.0023499,4,294.50684,0.7049377322703925,0.08055115313344866,190.23366048691298,0.96880579,0.051607039,0.0,True,0.7840981495892747,0.07186791889341405
675,10751,179.73071,972,5256.6641,2.5809722,5,122.75401,0.7316848908097702,1.0834546494197155,1668.429408660355,1.0424346,1.0422933,0.0,True,0.8249098035668392,1.0711062445938009
676,0,162.36148,972,5819.0156,3.5721979,3,39.647263,0.6609989273716701,0.0,112.54040209353994,0.92550677,0.0,0.0,True,0.740351280160169,0.0
677,222,173.1703,972,5455.8086,5.5706124,5,305.63638,0.7049871752215272,0.628376603067769,937.1363702935528,0.97023368,0.52649593,0.0,True,0.784561126655069,0.5978124011474383
678,7918,179.19833,972,5272.2812,3.4497564,5,281.52777,0.7295183783173635,1.0473973903062486,1608.6896582430486,1.0437376,1.0470389,0.0,True,0.8237841448221546,1.047289843214374
679,0,169.24208,972,5582.4414,1.0037428,2,27.767817,0.6890008851760462,0.0,117.3096705841007,1.047433,0.0,0.0,True,0.7965305196232324,0.0
680,1539,169.5779,972,5571.3867,2.1186852,4,94.124748,0.6903675045217584,0.8508683985045139,1244.733469141231,1.0488113,0.92114568,0.0,True,0.7979006431652309,0.8719515829531597
681,40535,212.38988,972,4448.3477,2.0025134,4,123.90653,0.8645807759725737,1.262944114701566,2253.4503435174934,1.0714736,1.0921625,0.0,True,0.9266486231808015,1.2117096302910961
682,1670,146.08188,972,6467.4961,2.1272626,4,90.028465,0.5947426211160028,0.8457174599227416,1084.1869608741022,0.94453651,0.58327669,0.0,True,0.6996807877812021,0.7669852289459191
683,37666,212.39883,972,4448.1602,2.0061245,4,125.05055,0.8646172036264578,1.2542125842099061,2237.9543345057405,1.071474,1.0933114,0.0,True,0.9266742425385204,1.2059422289469341
684,7588,147.07314,972,6423.9062,1.2213252,3,69.136902,0.5987770359632324,1.0189555026706811,1314.0377456309827,0.94705838,0.75714511,0.0,True,0.7032614391742626,0.9404123848694768
685,9075,151.90656,972,6219.5078,2.2384343,3,77.003166,0.6184489663122753,1.043207836157758,1384.4002857715693,0.9689092,0.83171821,0.0,True,0.7235870364185928,0.9797609483104306
686,35911,212.41934,972,4447.7305,1.8494186,4,32.898556,0.8647006976745577,1.2485474497530158,2228.035576993763,1.0714757,1.094758,0.0,True,0.9267331983721904,1.202410614827111
687,12105,177.81607,972,5313.2656,2.9684486,4,93.564728,0.7238932834915641,1.0959290744054913,1671.744730571599,1.0840621,0.97160709,0.0,True,0.8319439284440948,1.058632479083844
688,21335,211.48637,972,4467.3516,3.201329,5,96.622086,0.8609045365358498,1.1859473384512949,2108.137996483044,1.069333,1.0798327,0.0,True,0.9234330755750948,1.1541129469159064
689,4621,171.07796,972,5522.5352,3.1526332,5,94.948776,0.6964721788384584,0.9792793554298982,1443.6925389816927,1.0548311,0.97533393,0.0,True,0.8039798551869208,0.9780957278009288
690,2125,175.91875,972,5370.5703,3.0068831,5,92.711189,0.7161721211565641,0.8920452306535219,1347.9717599652568,1.0614729,1.0044385,0.0,True,0.8197623548095949,0.9257632114574654
691,0,175.67125,972,5378.1367,1.0142808,2,148.65068,0.7151649265368589,0.0,121.76603164294129,1.0622491,1.0234822,14.561250858578903,True,0.8192901785758013,0.30704466
692,2043,178.10583,972,5304.6211,1.9836342,4,59.811111,0.7250725075912727,0.8887435823086962,1357.7280044781255,1.0789559,0.915757,0.0,True,0.831237525313891,0.8968476076160874
693,217,151.26971,972,6245.6914,3.273057,4,88.887077,0.6158570936800365,0.6160659736825871,815.2033177385405,0.97163838,0.75163454,0.0,True,0.7225914795760255,0.656736543577811
694,0,177.21973,972,5331.1445,1.0273025,2,154.64708,0.7214664946381555,0.0,122.83935618909476,,,,False,0.7214664946381555,0.0
695,0,132.26588,972,7143.0664,1.7177377,2,205.37711,0.5385093507057903,0.0,91.67972180628006,0.89236921,0.28169462,7.080258715698843,True,0.6446673084940533,0.08450838600000002
696,3118,128.65971,972,7343.2773,2.2860899,3,94.650665,0.5238311517270775,0.9037647530910132,1035.1430549875804,0.86446029,0.31259066,0.0,True,0.6260198932089542,0.7264125251637092
697,1561,124.80383,972,7570.1523,0.8038075,2,103.77508,0.5081362491631024,0.8232671407833699,917.8525860443259,0.88294184,0.85600221,0.0,True,0.6205779264141718,0.833087661548359
698,0,116.35892,972,8119.5664,0.56653684,1,32.643776,0.47376144924626346,0.0,80.65385733100022,0.93291032,0.91210556,11.522328662857968,True,0.6115061104723845,0.27363166800000005
699,0,177.42293,972,5325.0391,1.0539976,2,211.30229,0.7222933782884677,0.0,122.98020369618455,,,,False,0.7222933782884677,0.0
700,0,145.60295,972,6488.7695,2.0506916,2,58.227676,0.5927933610666283,0.0,100.92427427371068,0.9480688,0.0,0.0,True,0.6993759927466399,0.0
701,37,147.59898,972,6401.0195,3.9784296,4,157.27669,0.6009172809506137,0.41502778142219604,540.7379621358568,0.94445819,0.34071991,0.0,True,0.7039795536654296,0.39273541999553724
702,355,173.35623,972,5449.957,2.9841609,4,68.879044,0.7057438398383843,0.6828207723203223,1018.9421160654209,0.9896633,0.94876134,0.0,True,0.790919677886869,0.7626029426242257
703,2362,173.46938,972,5446.4023,2.0257986,4,58.595913,0.706204288147694,0.9028770702005535,1347.5292911344686,0.98978847,0.96381986,0.0,True,0.7912795427033859,0.9211599071403875
704,0,146.83545,972,6434.3047,2.0049286,2,64.440033,0.597809651213958,0.0,101.77857817375083,0.89435172,0.0,0.0,True,0.6867722718497706,0.0
705,4341,173.58279,972,5442.8438,2.9486208,5,188.96199,0.7066658308570318,0.9736687245293376,1453.9851053299592,0.98991382,0.97114086,0.0,True,0.7916402275999224,0.9729103651705363
706,6252,179.07999,972,5275.7656,1.9948821,4,294.92245,0.7290367476368709,1.019759680598105,1565.33399101846,1.0440676,1.0699499,0.0,True,0.8235460033458096,1.0348167464186735
707,0,5.5501356,4,2.8828125,0.27570307,1,35.275948,1.080940880505155,0.0,3.84706084286538,,,,False,1.080940880505155,0.0
708,4,6.8494983,4,2.3359375,0.942487,2,37.023029,1.2172757663346339,0.9611656864015182,12.272653438486463,0.96320343,0.91894978,0.0,True,1.1410540654342436,0.9485009144810628
709,4,6.8494983,4,2.3359375,1.3948104,2,27.635269,1.2172757663346339,0.9611656864015182,12.272653438486463,0.90107131,0.86308366,0.0,True,1.1224144294342437,0.9317410784810627
710,0,4.2226806,4,3.7890625,0.72802645,1,37.229263,0.9117247642587339,0.0,2.926939152295178,0.84199196,0.0,0.0,True,0.8908049229811137,0.0
711,0,-1.0,1,-1.0,0.0,0,9.1527491,1.0,0.0,-0.6931471805599453,,,,False,1.0,0.0
712,1571,204.62967,972,4617.043,4.0191703,6,93.222664,0.833004816758311,0.8722404636870971,1506.2257773186475,1.0250099,0.89345765,0.0,True,0.8906063417308177,0.878605619580968
713,0,169.63225,972,5569.6016,2.0007217,3,35.50716,0.6905886931710549,0.0,117.58011581953978,,,,False,0.6905886931710549,0.0
714,0,169.97713,972,5558.3008,1.9991323,3,65.507317,0.6919922511770871,0.0,117.81916841917129,,,,False,0.6919922511770871,0.0
715,3117,204.62967,972,4617.043,4.0062003,6,93.364082,0.833004816758311,0.9534007088281453,1646.3004779111084,1.0250099,0.94523877,0.0,True,0.8906063417308177,0.9509521271797017
716,0,169.86157,972,5562.082,2.0050459,3,85.867569,0.6915219919141663,0.0,117.73906833098579,,,,False,0.6915219919141663,0.0
717,0,256.2023,972,3687.6484,1.010841,2,98.010445,1.0428324465316963,0.0,177.58590189797326,,,,False,1.0428324465316963,0.0
718,20241,212.28809,972,4450.4805,2.9725213,4,54.30949,0.8641666297727207,1.1802159524360136,2104.956213686368,1.0313412,1.0043674,0.0,True,0.9143190008409046,1.1274613867052095
719,17292,207.32854,972,4556.9414,1.9997756,4,42.210655,0.8439865157761753,1.1582174160818177,2023.1357152698063,1.0223906,0.98793775,0.0,True,0.8975077410433228,1.1071335162572724
720,8414,206.62907,972,4572.3672,2.0610609,4,14.777433,0.8411404025050194,1.0722943638602376,1867.4907920267594,1.020312,0.97181761,0.0,True,0.8948918817535136,1.0421513377021663
721,6232,175.40219,972,5386.3867,2.6328647,4,39.394081,0.714069958604448,1.0169253958651048,1532.6246006652834,1.0644112,0.79826111,0.0,True,0.8191723310231136,0.9513261101055734
722,5797,206.61478,972,4572.6836,2.1112766,4,171.73387,0.8410822264984092,1.0280900044253976,1790.4081378578217,1.0203115,0.95216608,0.0,True,0.8948510085488866,1.0053128270977782
723,13,169.54259,972,5572.5469,2.9972272,4,100.81461,0.690223822103597,0.3059370226753889,459.1298449448895,1.0424024,0.79387826,0.0,True,0.795877395472518,0.4523193938727722
724,2,148.26437,972,6372.293,1.9076493,2,241.28575,0.6036253852488046,0.1254097085065737,205.5380600859931,0.94221109,0.2702699,0.0,True,0.7052010966741633,0.16886776595460162
725,583,172.99602,972,5461.3047,2.9426627,3,110.33962,0.7042779561267668,0.7401704371698038,1102.2634905559592,0.92452043,0.62185395,0.0,True,0.7703506982887367,0.7046754910188626
726,0,170.2377,972,5549.793,2.0168867,2,160.98418,0.6930526890706765,0.0,117.99978178000978,,,,False,0.6930526890706765,0.0
727,2966,205.99184,972,4586.5117,3.0591731,5,85.181648,0.8385475115632283,0.9482629665255033,1647.0373380313667,1.0196364,0.92286992,0.0,True,0.8928741780942598,0.9406450525678524
728,0,170.30063,972,5547.7422,2.0068161,3,160.9059,0.6933087933010219,0.0,118.04340153208244,,,,False,0.6933087933010219,0.0
729,546,205.54089,972,4596.5742,3.9649076,5,92.036797,0.836712620145122,0.7475289125381717,1296.1974350643004,1.0191677,0.87503409,0.0,True,0.8914491441015855,0.7857804657767202
730,0,178.27229,972,5299.668,1.8807806,2,149.87637,0.7257499088614675,0.0,123.56893518546492,,,,False,0.7257499088614675,0.0
731,0,171.12238,972,5521.1016,1.4859778,2,113.14658,0.6966529581519483,0.0,118.61299522770757,,,,False,0.6966529581519483,0.0
732,0,145.55835,972,6490.7578,0.28769609,1,16.882858,0.5926118278759387,0.0,100.8933599094577,,,,False,0.5926118278759387,0.0
733,1564,152.03737,972,6214.1562,0.63330042,2,85.82177,0.6189814000835047,0.8420817336731601,1118.4294454147005,0.98898417,0.85765058,0.0,True,0.7299822310584533,0.8467523875712122
734,3124,160.63913,972,5881.4062,2.207442,3,44.152977,0.6539893621170944,0.9270890442445228,1292.7449265107812,0.95938492,0.32021853,0.0,True,0.745608029481966,0.7450278899711659
735,205760,269.48712,972,3505.8594,2.0129948,4,136.97891,1.0968755098376402,1.4987628540684907,3297.033551048826,1.1595893,1.2751948,0.0,True,1.1156896468863482,1.4316924378479436
736,886,186.99858,972,5052.3594,4.0355973,6,225.63995,0.7612606788139676,0.795928990647154,1269.5280755996607,1.0148621,0.84863508,0.0,True,0.8373411051697773,0.8117408174530079
737,2677,216.43375,972,4365.2344,4.0509095,6,100.95654,0.8810347042086311,0.9416270594399709,1708.3546308313005,1.0282352,0.88270533,0.0,True,0.9251948529460416,0.9239505406079795
738,4233,187.00247,972,5052.2539,4.0028725,6,221.24883,0.761276568993449,0.9792123482152789,1561.6835468374702,1.0148622,0.91566855,0.0,True,0.8373522582954143,0.9601492087506953
739,42139,216.23714,972,4369.2031,2.9986951,5,100.15504,0.8802347957279218,1.270276077356639,2302.660957019434,1.0323526,1.1054531,0.0,True,0.9258701370095453,1.2208291841496473
740,848,180.12035,972,5245.293,3.989996,5,222.98569,0.7332704820969134,0.787336951866294,1214.9543321018457,0.92998904,0.82015675,0.0,True,0.7922860494678394,0.7971828913064058
741,2140,215.93481,972,4375.3203,4.034812,6,100.665,0.8790046887393089,0.914676016847962,1656.1109998222487,1.026911,0.85259843,0.0,True,0.9233765821175162,0.8960527407935734
742,20418,215.84135,972,4377.2148,4.0311489,6,101.10256,0.878624420938146,1.1835891538845513,2142.0678543611784,1.032409,1.06677,0.0,True,0.9247597946567021,1.148543407719186
743,39392,216.23598,972,4369.2266,1.940695,4,58.220318,0.8802300635281086,1.2622341021937238,2288.0726520852268,1.0323526,1.0982473,0.0,True,0.925866824469676,1.2130380615356064
744,0,183.37796,972,5152.1133,2.0195849,3,117.46574,0.7465270636976021,0.0,127.10791595083442,1.0131421,0.0,0.0,True,0.8265115745883216,0.0
745,192487,264.67346,972,3569.6211,1.1063133,3,92.148323,1.0772937442366881,1.4873129908143268,3220.492214831456,1.1527455,1.2722049,0.0,True,1.0999292709656818,1.4227805635700288
746,193279,269.07819,972,3511.1875,1.1151741,3,151.19701,1.0952119884901557,1.4908200550952675,3275.1929197623735,1.1587926,1.2728206,0.0,True,1.114286171943109,1.4254202185666873
747,21396,215.84772,972,4377.0859,3.9826972,5,99.162651,0.8786502835703128,1.1891730180667732,2152.228999647838,1.0324092,1.0717138,0.0,True,0.9247779584992191,1.1539352526467412
748,191747,264.03751,972,3578.2188,3.1298862,5,81.661835,1.0747066821205895,1.4864054526485044,3211.7370905636285,1.1521189,1.2721945,0.0,True,1.0979303474844126,1.422142166853953
749,3933,186.93686,972,5054.0273,3.0152421,5,221.7569,0.7610095514740909,0.9705550687089314,1547.4009202378347,1.0151387,0.92652202,0.0,True,0.8372482960318637,0.957345154096252
750,17712,218.34225,972,4327.0781,3.1878567,5,135.54277,0.8888001045335169,1.1682378967240334,2135.8480308098974,1.1463773,1.0957874,0.0,True,0.9660732631734619,1.1465027477068235
751,5541,186.79941,972,5057.7461,3.0040317,4,120.29473,0.7604502265071676,1.0106505635203715,1610.2653007398412,1.0156947,1.0139481,0.0,True,0.8370235685550174,1.01163982446426
752,1886,158.34624,972,5966.5703,3.9892974,5,100.00121,0.6446577445546312,0.8675374174297165,1194.4489717430238,0.91687214,0.96004599,0.0,True,0.7263220631882419,0.8952899892008016
753,2833,183.98154,972,5135.2109,4.0256381,6,221.76064,0.7489832795873259,0.9303623882512108,1462.6159345171704,1.0152922,0.89712429,0.0,True,0.8288759557111282,0.9203909587758475
754,10999,218.88268,972,4316.3945,2.2300706,4,102.50236,0.8909989737653098,1.1116705892601988,2036.8656294382315,1.1463985,1.046429,0.0,True,0.9676188316357169,1.0920981124821392
755,2794,183.98154,972,5135.2109,4.2207499,5,135.06898,0.7489832795873259,0.9287406316629336,1460.067401470473,1.0152922,0.92936689,0.0,True,0.8288759557111282,0.9289285091640536
756,964,180.50575,972,5234.0938,4.4021044,6,222.56992,0.7348388349753702,0.8024885201692394,1240.6455927674062,0.93107641,0.82036465,0.0,True,0.7937101074827592,0.8078513591184676
757,35088,216.22284,972,4369.4922,2.6866951,5,38.8951,0.8801765831387641,1.2484233067721815,2262.917207442746,1.0323522,1.086526,0.0,True,0.925829268197135,1.199854114740527
758,29400,215.99652,972,4374.0703,3.22539,5,25.196682,0.8792557715112023,1.2271729989042663,2222.348878209801,1.0319048,1.0668044,0.0,True,0.9250504800578416,1.1790624192329866
759,1497,190.96928,972,4947.3086,3.204622,4,33.257938,0.7774187020412827,0.8594933347334088,1396.4730764941344,0.96485138,0.86727715,0.0,True,0.8336485054288979,0.8618284793133862
760,3,165.43028,972,5711.0703,2.6858137,3,13.624514,0.673488136110238,0.16025251860527262,266.2497644965887,0.88977063,0.10256423,0.0,True,0.7383728842771666,0.14294603202369083
761,1581,179.00603,972,5277.9453,2.9016857,3,158.41017,0.7287357821327729,0.8593753058350223,1318.7512171933724,0.93569493,0.86535519,0.0,True,0.7908235264929411,0.8611692710845156
762,0,153.54306,972,6153.2188,0.90166527,1,48.229233,0.6251093897448062,0.0,106.42793913354652,0.85804981,0.0,0.0,True,0.6949915158213644,0.0
763,18839,215.84348,972,4377.1719,2.9827321,5,101.06792,0.8786330282704267,1.1739918392747613,2124.7180249513794,1.032409,1.061866,0.0,True,0.9247658197892986,1.1403540874923328
764,2912,182.95821,972,5163.9336,3.1051202,4,24.515326,0.7448189167227698,0.9329715092296869,1459.509232961966,0.94460666,0.91739362,0.0,True,0.8047552397059389,0.9282981424607808
765,0,157.34312,972,6004.6094,1.6954736,2,30.468863,0.6405752083386275,0.0,109.06194000850513,0.86229378,0.0,0.0,True,0.7070907798370392,0.0
766,1526,179.03915,972,5276.9688,2.8385315,4,40.390633,0.7288705831740773,0.8552657333955463,1312.6640162221022,0.93245393,0.86509675,0.0,True,0.789945587221854,0.8582150383768825
767,23939,215.92615,972,4375.4961,3.1670694,5,79.543449,0.8789693879598792,1.2026183286313825,2177.2584586248513,1.0319026,1.0420015,0.0,True,0.9248493515719155,1.1544332800419679
768,1474,181.83566,972,5195.8125,3.9970171,6,221.20976,0.7402508397164689,0.8527647346586819,1326.8713590034079,0.9298203,0.79556423,0.0,True,0.7971216778015282,0.8356045832610772
769,1688,170.98943,972,5525.3945,2.4930732,4,68.795471,0.6961118964484547,0.8624032729513518,1270.8761697999778,0.90495884,0.86327273,0.0,True,0.7587659795139183,0.8626641100659462
770,171,215.23956,972,4389.4531,3.0324214,4,105.69358,0.8761758306866032,0.6136997472627611,1109.1922153514006,1.0251497,0.38486737,0.0,True,0.9208679914806223,0.5450500340839327
771,143,185.43883,972,5094.8555,3.0342629,4,221.50752,0.7549135084982806,0.5821788199369514,922.8796824159926,0.98532104,0.37048486,0.0,True,0.8240357679487964,0.518670631955866
772,10623,182.01437,972,5190.7109,3.402777,5,100.32347,0.7409781021727512,1.0836528461485504,1687.4488526372172,0.93033296,0.93641007,0.0,True,0.7977845595209259,1.0394800133039852
773,16158,215.84367,972,4377.168,3.0119529,5,100.25749,0.878633810763542,1.1556845119220442,2091.5886920152857,1.032409,1.0495002,0.0,True,0.9247663675344794,1.1238292183454308
774,11524,215.92615,972,4375.4961,3.9840426,6,99.912918,0.8789693879598792,1.1154294029332947,2019.4192246785954,1.0319026,1.0004996,0.0,True,0.9248493515719155,1.0809504620533064
775,11995,182.15556,972,5186.6875,2.6036139,5,120.99923,0.7415526696903135,1.0979492378439826,1710.8800489424943,0.9303382,0.96692955,0.0,True,0.7981883287832194,1.058643331490788
776,8567,181.92401,972,5193.2891,4.2171059,6,221.03522,0.7406103864005871,1.0584510438705934,1647.4867916766239,0.92961937,0.91628361,0.0,True,0.797313081480411,1.0158008137094154
777,11248,215.84984,972,4377.043,3.9995246,6,100.59247,0.8786588914093236,1.1124915489230407,2013.473945037744,1.0324092,1.017855,0.0,True,0.9247839839865266,1.0841005842461284
778,2819,185.23801,972,5100.3789,4.0219193,6,221.36606,0.7540963035523995,0.9305235749814154,1471.687594501055,0.98631054,0.84222966,0.0,True,0.8237605744866797,0.9040354004869907
779,6104,215.92113,972,4375.5977,4.0192518,6,101.01034,0.878948987892094,1.0396422251491928,1882.1903574985242,1.0319024,0.97612691,0.0,True,0.9248350115244658,1.020587630604435
780,0,178.01198,972,5307.418,2.0007987,3,103.2807,0.7246905532421366,0.0,123.38850204289336,0.92986888,0.0,0.0,True,0.7862440512694957,0.0
781,2025,185.16994,972,5102.2539,3.1511519,5,214.73793,0.7538192933180222,0.8917540379910421,1409.941723299788,0.98654872,0.85408032,0.0,True,0.8236381213226156,0.8804519225937295
782,9467,215.85118,972,4377.0156,3.9940262,6,100.35654,0.878664389278211,1.091935968673022,1976.2856111715676,1.0324093,1.0051103,0.0,True,0.9247878624947476,1.0658882680711153
783,521,178.01198,972,5307.418,4.0033879,6,221.37352,0.7246905532421366,0.7295507663389761,1114.2804903894958,0.92986888,0.76730043,0.0,True,0.7862440512694957,0.7408756654372832
784,3294,215.92113,972,4375.5977,2.9986706,4,99.740021,0.878948987892094,0.9660894632993563,1749.061532796387,1.0319024,0.93036872,0.0,True,0.9248350115244658,0.9553732403095494
785,2214,178.04514,972,5306.4297,3.0054333,4,221.57483,0.7248254729291712,0.8980753651887617,1371.5634446617778,0.92977524,0.89304793,0.0,True,0.7863104030504198,0.8965671346321332
786,0,178.04436,972,5306.4531,2.0050416,3,195.15898,0.7248222778522351,0.0,123.4109461485999,0.92996514,0.0,0.0,True,0.7863651364965646,0.0
787,5487,215.8508,972,4377.0234,4.0081468,6,100.18138,0.8786628241844422,1.0268950448701752,1858.5836088025883,1.0324093,0.96356976,0.0,True,0.9247867669291097,1.0078974594091228
788,3162,203.31001,972,4647.0117,1.5092661,3,280.72919,0.827635057965924,0.9543675662648736,1638.5957969820502,1.0989494,0.92802852,0.0,True,0.9090293605761468,0.9464658523854115
789,1583,187.72908,972,5032.6992,0.72788584,2,70.167053,0.7642333563470403,0.8643175332557897,1383.251630438724,1.0496907,0.87292552,0.0,True,0.8498705594429281,0.8668999292790528
790,0,176.6879,972,5347.1914,0.32642639,1,239.08603,0.7193021860862482,0.0,122.47071972405756,1.0127507,0.0,0.0,True,0.8073367402603737,0.0
791,1606,178.11739,972,5304.2773,3.0726058,5,98.677513,0.7251194858990424,0.8607050299698125,1314.9955286592613,0.929968,0.86497241,0.0,True,0.7865740401293297,0.8619852439788687
792,76392,219.3802,972,4306.6055,1.9264891,4,94.241043,0.8930232920636988,1.3435513866481619,2466.636256248936,1.1510154,1.194875,0.0,True,0.9704209244445892,1.298948470653713
793,2156,212.96962,972,4436.2383,2.5984225,4,187.2097,0.8669397197112554,0.9140576353255728,1634.954386708761,1.0320766,0.86074913,0.0,True,0.9164807837978787,0.898065083727901
794,1549,200.43201,972,4713.7383,0.7697947,2,47.41048,0.8159242144149005,0.868438429355784,1472.5048611323516,1.0001036,0.81446278,0.0,True,0.8711780300904304,0.8522457345490488
795,1016,183.57323,972,5146.6328,0.75680852,2,148.87357,0.7473217099136995,0.8102107294160749,1271.3538800060553,0.95551413,0.75561482,0.0,True,0.8097794359395896,0.7938319565912524
796,566,176.51099,972,5352.5508,0.65783262,2,179.46835,0.7185822324841439,0.7384627760467903,1119.454130318675,0.95291048,0.74492651,0.0,True,0.7888807067389008,0.7404018962327533
797,206,167.75307,972,5631.9922,0.58311826,2,42.74939,0.6829411421289789,0.6174450053229255,895.3883991118008,0.96540242,0.79093081,0.0,True,0.7676795254902853,0.6694907467260478
798,359,166.6226,972,5670.2031,0.62320727,2,136.1187,0.6783404966253339,0.6809854567117587,981.2201565001162,0.98169404,0.84011257,0.0,True,0.7693465596377338,0.728723590698231
799,940,178.88158,972,5281.6172,2.4196074,3,141.07529,0.7282293402735078,0.7987050265375344,1224.9820033645537,1.0268283,0.87647247,0.0,True,0.8178090281914556,0.822035259576274
800,145212,260.0553,972,3633.0117,3.7936962,6,506.28928,1.058506928000743,1.4497469133547538,3091.0078806168717,1.1504537,1.2749695,0.0,True,1.0860909596005202,1.3973136893483278
801,6703,211.19847,972,4473.4414,2.7457867,4,59.760757,0.8597330908664693,1.0480428171728098,1860.787097423715,1.0287917,0.92058074,0.0,True,0.9104506736065285,1.0098041940209668
802,6075,194.22063,972,4864.4883,0.62866384,2,52.151382,0.7906491972484057,1.0261201205486223,1692.1018751771808,0.98194724,0.90080851,0.0,True,0.8480386100738839,0.9885266373840356
803,5464,187.45613,972,5040.0273,0.4006061,2,196.78448,0.7631226169310426,1.0094252650560247,1613.3041352316845,0.96226019,0.87819225,0.0,True,0.8228638888517298,0.9700553605392173
804,4857,180.96182,972,5220.9023,0.40967536,2,199.66658,0.7366948196242841,0.991517596152162,1536.1103218401327,0.9442929,0.84952968,0.0,True,0.7989742437369989,0.9489212213065134
805,4263,175.06258,972,5396.8359,0.45430273,2,100.51102,0.7126879088534175,0.9725206569436562,1463.2076114840536,0.93554974,0.82454348,0.0,True,0.7795464581973923,0.9281275038605594
806,3682,168.40366,972,5610.2344,0.45354909,2,280.00763,0.6855888035991081,0.9511867022443496,1382.8894955390776,0.93241251,0.81285,0.0,True,0.7596359155193757,0.9096856915710447
807,3164,163.71246,972,5770.9961,0.59128058,2,52.561337,0.6664970842113955,0.9305850314874223,1319.5591385542207,0.93283761,0.8085537,0.0,True,0.7463992419479769,0.8939756320411957
808,2709,156.61212,972,6032.6367,0.77036965,2,52.048435,0.637600117305116,0.9080192356292554,1238.030217714427,0.94026363,0.81931084,0.0,True,0.7283991711135812,0.8814067169404787
809,2278,151.11491,972,6252.0898,1.3139414,2,67.977242,0.6152270259716703,0.884493612390651,1168.4100151734806,0.97045904,0.84980917,0.0,True,0.7217966301801693,0.8740882796734557
810,1859,141.17049,972,6692.5039,1.0403821,2,501.35706,0.574752830872764,0.8545996246374654,1062.8541621061222,1.0710464,0.88515574,0.0,True,0.7236409016109349,0.8637664592462257
811,1460,140.2263,972,6737.5664,0.35055524,2,443.31445,0.570909883433118,0.8265607644433873,1021.9076646162634,1.0841662,0.90756083,0.0,True,0.7248867784031826,0.8508607841103711
812,1308,139.80441,972,6757.8984,0.41695881,2,109.67615,0.5691927363603214,0.8138214250482828,1003.4856358045439,1.1155446,0.92630172,0.0,True,0.733098295452225,0.8475655135337979
813,1545,141.78494,972,6663.5,2.153897,4,160.50629,0.5772537795834909,0.8340205692699646,1041.2789284741311,1.1389377,0.94149143,0.0,True,0.7457589557084436,0.8662618274889753
814,3134,179.07999,972,5275.7656,1.992537,4,88.684135,0.7290367476368709,0.9392094386993669,1441.7198810466675,1.0440676,1.0786234,0.0,True,0.8235460033458096,0.9810336270895568
815,0,179.07945,972,5275.7812,1.0101153,2,74.981483,0.7290345927591235,0.0,124.1284158637257,,,,False,0.7290345927591235,0.0
816,3206,123.02595,972,7679.5508,2.0332992,3,167.34383,0.500899514693538,0.9023533780799051,993.2380699923731,1.0825582,0.96269971,0.0,True,0.6753971202854767,0.9204572776559335
817,4803,139.7851,972,6758.832,2.8622079,4,114.45882,0.5691141368124157,0.9612378897452093,1185.015929088745,1.0458287,0.94618171,0.0,True,0.712128505768691,0.9567210358216465
818,0,122.42297,972,7717.375,1.0491123,2,41.102875,0.4984451549268896,0.0,84.85713649127477,,,,False,0.4984451549268896,0.0
819,2793,158.34624,972,5966.5703,2.9998732,5,100.68405,0.6446577445546312,0.9126796503523956,1256.5704246994799,0.91687214,0.94702142,0.0,True,0.7263220631882419,0.922982181246677
820,0,177.18935,972,5332.0586,3.9994814,4,221.33809,0.7213428566033673,0.0,122.81829837774933,0.92964172,0.0,0.0,True,0.7838325156223571,0.0
821,3499,158.34604,972,5966.5781,1.9495432,4,26.488638,0.6446569020875774,0.9385913519112692,1292.230984099644,0.91687208,0.92933041,0.0,True,0.7263214554613042,0.9358130693378883
822,4158,158.33981,972,5966.8125,3.2628171,5,70.996475,0.6446315858998349,0.9584286533962696,1319.4884444130785,0.91687185,0.89400512,0.0,True,0.7263036651298844,0.9391015933773887
823,4,137.40111,972,6876.1016,2.9095759,3,41.275455,0.5594109089365238,0.1821405149590357,246.18973992494557,0.83928925,0.11856105,0.0,True,0.6433744112555666,0.16306667547132497
824,1122,153.63815,972,6149.4102,1.7588598,2,54.304909,0.6254964215869978,0.8050523358865715,1079.2540814381903,0.84616256,0.72861373,0.0,True,0.6916962631108985,0.7821207541206001
825,2431,177.22531,972,5330.9766,2.9866247,4,45.842464,0.7214892088245349,0.9084832684585569,1381.8045357827161,0.91662073,0.83391947,0.0,True,0.7800286651771744,0.8861141289209897
826,6454,208.97028,972,4521.1406,1.4568702,3,98.258087,0.8506666955729297,1.0422264065551046,1833.2472022974655,1.1164074,1.0014354,0.0,True,0.9303889069010508,1.0299891045885734
827,4993,204.71437,972,4615.1328,1.0848819,3,232.02745,0.8333494474782615,1.0092734157500745,1743.3870215535903,1.1025099,0.98455137,0.0,True,0.914097583234783,1.0018568020250522
828,316,158.78201,972,5950.1953,3.6743593,5,103.02515,0.6464312533249301,0.6625761112503971,914.910100281116,0.91524231,0.67689943,0.0,True,0.727074570327451,0.6668731068752779
829,561,180.355,972,5238.4688,3.0687144,4,39.49902,0.7342253555280701,0.7392851346368687,1142.238647333134,0.99551874,0.86230391,0.0,True,0.812613370869649,0.776190767245808
830,1605,120.65948,972,7830.168,2.3814745,4,43.118668,0.49126692223835833,0.8232658047177135,890.7232872652181,0.94296587,0.86598456,0.0,True,0.6267766065668507,0.8360814313023994
831,0,116.48815,972,8110.5586,0.28878289,1,49.886406,0.4742874914720195,0.0,80.74343274114399,0.91620046,0.0,0.0,True,0.6068613820304136,0.0
832,11151,140.08603,972,6744.3125,3.1273234,5,112.79462,0.5703389915325978,1.056989939983731,1305.5266853298626,1.0457679,0.94234496,0.0,True,0.7129676640728184,1.0225964459886117
833,2775,215.66545,972,4380.7852,3.114068,5,55.25325,0.8779086567632286,0.9455139985682282,1710.03863199194,1.0319632,0.91441327,0.0,True,0.9241250197342601,0.9361837799977597
834,0,178.0002,972,5307.7695,0.93092179,2,55.453468,0.7246425796475268,0.0,123.38033676910638,0.92960644,0.0,0.0,True,0.7861317377532688,0.0
835,16,151.94817,972,6217.8047,2.8356061,3,42.296768,0.6186183093198664,0.32432753925015045,439.18669923200525,0.8501941,0.20891051,0.0,True,0.6880910465239065,0.2897024304751053
836,598,173.90993,972,5432.6055,2.8603625,3,95.10144,0.7079971246880309,0.7435722808442567,1112.489588553564,0.92096031,0.79356158,0.0,True,0.7718860802816216,0.7585690705909798
837,0,214.93907,972,4395.5898,0.94660664,2,39.600037,0.8749531545242711,0.0,148.9844103626767,1.0301836,0.0,0.0,True,0.9215222881669898,0.0
838,26741,163.33768,972,5784.2383,3.0031877,5,51.764381,0.6649717602909231,1.1766717814669627,1665.0688892284727,1.1732997,1.1421717,0.0,True,0.8174701422036462,1.166321757026874
839,32364,164.45383,972,5744.9805,2.2723536,4,74.575356,0.6695142027737451,1.199642844385297,1707.8306206884665,1.167744,1.1216571,0.0,True,0.8189831419416216,1.1762471210697079
840,33866,171.19444,972,5518.7773,0.45868492,2,56.285854,0.6969462557045651,1.2104973904900078,1785.596681127308,1.1348598,1.1170542,0.0,True,0.8283203189931956,1.1824644333430054
841,35364,177.20882,972,5331.4727,0.46157897,2,67.817787,0.7214220985538669,1.2204083710317146,1855.9976724155215,1.1135632,1.1134627,0.0,True,0.8390644289877067,1.1883246697222
842,36858,185.19092,972,5101.6758,1.3327016,3,95.169434,0.7539046794104277,1.2315487472237105,1947.2607140919908,1.1007907,1.1110035,0.0,True,0.8579704855872994,1.1953851730565974
843,1654,142.27017,972,6640.7734,3.2650931,5,169.60744,0.5792287100766915,0.8420849533208108,1054.5293109199113,1.1357433,1.0325038,0.0,True,0.7461830870536841,0.8992106073245676
844,8000,155.56232,972,6073.3477,2.1891451,4,100.3718,0.6333275489423853,1.0315837581555494,1398.108073438288,0.98486853,0.98875123,0.0,True,0.7387898432596697,1.0187339997088847
845,6408,152.26489,972,6204.8711,1.4408593,3,169.46765,0.6199073584456681,1.0036508806074302,1334.6953352251637,0.97085953,0.97108138,0.0,True,0.7251930099119677,0.9938800304252011
846,12,142.83023,972,6614.7344,2.3125114,3,81.050522,0.5815081632736775,0.29155406895290104,376.93716537213317,1.0295905,0.85780478,0.0,True,0.7159328642915743,0.4614292822670307
847,621,149.41809,972,6323.0898,0.67753041,2,95.024567,0.6083210182745166,0.7349883983594099,961.4376508533704,1.0087205,0.80040801,0.0,True,0.7284408627921616,0.7546142818515869
848,1248,157.85133,972,5985.2773,2.3600001,3,58.781681,0.6426435381260458,0.819781557798028,1125.6218644577225,1.0101488,0.7482717,0.0,True,0.7528951166882321,0.7983286004586196
849,40140,185.20793,972,5101.207,2.8721635,5,103.14104,0.7539739359610061,1.24155265188008,1963.2371077475225,1.1007916,1.1099479,0.0,True,0.8580192351727043,1.202071226316056
850,0,108.80113,972,8683.5859,2.0425038,2,91.997536,0.44299660519318085,0.0,75.41519650123608,0.97320157,0.87101573,12.968518266232964,True,0.6020580946352266,0.261304719
851,0,122.71441,972,7699.0469,2.1302941,3,156.44388,0.4996314290481413,0.0,85.05914730557716,0.94206589,0.20120378,6.196763627810211,True,0.632361767333699,0.06036113400000001
852,0,122.47288,972,7714.2305,1.9923149,2,106.29738,0.4986482801173136,0.0,84.89173146705652,0.94146317,0.13311853,9.545408555945363,True,0.6314927470821196,0.03993555900000001
853,14301,140.16324,972,6740.5977,3.0052612,4,120.14447,0.5706532169068546,1.0852740556163103,1341.1133588048524,1.0457575,0.92460203,0.0,True,0.7131845018347982,1.037072447931417
854,17435,163.21445,972,5788.6055,2.0812879,4,275.48419,0.6644702471639207,1.1272052777880168,1594.0093889692644,1.1738036,1.1594741,0.0,True,0.8172702530147444,1.1368859244516116
855,0,163.10988,972,5792.3164,1.0003819,2,56.858192,0.6640446952143929,0.0,113.059153443471,,,,False,0.6640446952143929,0.0
856,10203,209.08481,972,4518.6641,4.0638056,6,151.08943,0.8511327058813678,1.0967013152895442,1929.985162717096,1.0689512,1.0733323,0.0,True,0.9164782541169576,1.089690610702681
857,3,149.89388,972,6303.0195,4.0065222,4,151.75644,0.61025744136299,0.1584470425878275,241.24489331384754,0.95381892,0.2894226,0.0,True,0.7133258849540931,0.19773970981147926
858,1586,173.57906,972,5442.9609,3.0604763,5,92.260841,0.7066506332146036,0.8566683856356142,1279.3177067880697,0.98853099,0.98385137,0.0,True,0.7912147402502225,0.8948232809449299
859,0,173.5793,972,5442.9531,0.99997866,2,20.033171,0.7066516455052219,0.0,120.3160023985689,0.98853099,0.98014134,12.137585657490927,True,0.7912154488536554,0.29404240200000004
860,0,206.72144,972,4570.3242,2.0575542,3,80.595627,0.8415162397744583,0.0,143.2883832972919,,,,False,0.8415162397744583,0.0
861,0,151.26793,972,6245.7656,1.9990592,2,65.759491,0.615849779609811,0.0,104.85093918863917,,,,False,0.615849779609811,0.0
862,0,151.45131,972,6238.2031,2.0005851,2,29.996309,0.616596127746829,0.0,104.97804851861025,,,,False,0.616596127746829,0.0
863,0,124.57685,972,7583.9453,1.7625663,2,74.155312,0.5072123401435228,0.0,86.35009234053922,,,,False,0.5072123401435228,0.0
864,0,132.70195,972,7119.5938,1.148006,2,29.609713,0.5402842644316163,0.0,91.98198249730684,0.91102171,0.86105549,14.393493685476122,True,0.6515054981021313,0.25831664700000007
865,0,136.28868,972,6932.2266,1.0926731,2,8.3191109,0.5548830878722305,0.0,94.4681142842366,0.92004246,0.79418284,13.247743849277128,True,0.6644308995105614,0.23825485200000002
866,4644,135.9977,972,6947.0586,3.8456295,5,94.176353,0.5536987510529495,0.9544499548614501,1148.3321995605274,0.85055369,0.89932323,0.0,True,0.6427552327370647,0.9379119374030152
867,9020,146.17688,972,6463.293,1.5355858,3,51.028423,0.5951292644917653,1.037946045757048,1331.2944331061003,0.83583277,1.0072563,0.0,True,0.6673403161442357,1.0287391220299336
868,9615,148.65028,972,6355.75,1.5696359,3,43.11195,0.6051960312710878,1.0472272277852028,1363.3144763470511,0.8666175,1.0190718,0.0,True,0.6836224718897614,1.038780599449642
869,29572,164.73373,972,5735.2188,2.2621748,4,48.100708,0.6706533604424776,1.1894547773309916,1695.8762378402819,0.89529103,0.9422403,0.0,True,0.7380446613097343,1.115290434131694
870,28725,159.63528,972,5918.3906,2.5498974,4,46.979443,0.6499039215104758,1.1818065781963263,1638.7507691897097,0.86296052,0.9292261,0.0,True,0.7138209010573331,1.1060324347374284
871,16454,149.42612,972,6322.75,3.048012,5,18.807623,0.6083537005911315,1.1092274733884977,1450.6953320357857,0.877334,1.0195091,0.0,True,0.689047790413792,1.0823119613719485
872,2433,156.64082,972,6031.5312,4.1104059,5,12.715267,0.6377169422466495,0.8956995127195122,1221.4384409590034,0.93803036,1.0359592,0.0,True,0.7278109675726547,0.9377774189036585
873,0,172.7963,972,5467.6172,2.3059671,3,39.005672,0.7034651470332802,0.0,119.77326815619047,,,,False,0.7034651470332802,0.0
874,12816,159.55063,972,5921.5312,4.1658435,6,98.22419,0.6495593486219433,1.0888319984302153,1509.1265002814373,0.94958377,1.0918335,0.0,True,0.7395666750353603,1.0897324489011506
875,8239,151.69971,972,6227.9883,3.085675,4,73.046654,0.6176071097619491,1.0319853616576802,1367.8576221772826,0.87040555,0.77052933,0.0,True,0.6934466418333644,0.9535485521603762
876,7606,151.4276,972,6239.1797,4.4656801,5,77.346222,0.6164996447408426,1.022627019907053,1353.301738454376,0.8745681,0.77292258,0.0,True,0.6939201813185898,0.9477156879349372
877,472,138.86272,972,6803.7266,2.9619782,4,101.72545,0.5653599231878869,0.6978617776968691,855.5620071744934,0.79411846,0.42111209,0.0,True,0.6339874842315207,0.6148368713878083
878,3212,128.97614,972,7325.2617,2.5176816,3,143.82248,0.5251190997878182,0.9073505421404962,1041.5173534932774,0.86628997,0.91173178,0.0,True,0.6274703608514727,0.9086649134983473
879,1608,122.88656,972,7688.2617,0.75262767,2,102.52767,0.5003321366571646,0.8251564677712149,907.3930635672435,0.83714402,0.85838342,0.0,True,0.6013757016600152,0.8351245534398504
880,0,117.33515,972,8052.0117,0.37648717,1,56.051712,0.4777352220401863,0.0,81.33052840307826,0.80989474,0.0,0.0,True,0.5773830774281304,0.0
881,0,149.01212,972,6340.3164,1.123859,2,21.230106,0.6066687350718988,0.0,103.28733084726024,0.95685977,0.0,0.0,True,0.7117260455503291,0.0
882,1603,163.15388,972,5790.7539,3.2362652,4,127.95425,0.6642238103389406,0.851777411031611,1204.2190524629434,0.9662227,0.86761838,0.0,True,0.7548234772372584,0.8565297017221276
883,0,153.13388,972,6169.6602,0.39203376,1,69.184425,0.6234440884826676,0.0,106.144317170205,0.92865735,0.0,0.0,True,0.7150080669378673,0.0
884,1614,150.45502,972,6279.5117,3.2775078,4,85.882568,0.6125412562415125,0.8446708601698126,1111.5179413201226,0.91587216,0.86418283,0.0,True,0.7035405273690587,0.8505244511188688
885,0,141.01048,972,6700.0977,0.43327644,1,129.5471,0.5741016081895909,0.0,97.74101664140456,0.87848294,0.0,0.0,True,0.6654160077327136,0.0
886,6473,164.6382,972,5738.5469,3.2496314,4,93.103035,0.6702645470614931,1.0138716087316004,1444.8160916175168,1.0019705,0.9014408,0.0,True,0.7697763329430451,0.9801423661121202
887,10098,172.3427,972,5482.0078,4.0622501,6,221.38802,0.7016191821998791,1.0708982498040747,1589.049794510508,0.9989568,1.00861,0.0,True,0.7908204675399153,1.0522117748628523
888,61731,193.62498,972,4879.4531,1.2859237,3,305.29227,0.788225347860816,1.2987206235277775,2135.7946532822057,1.1029571,1.109268,0.0,True,0.8826448735025711,1.2418848364694441
889,63155,201.57039,972,4687.1172,2.3977504,4,105.49103,0.8205563869919392,1.3075931401077854,2228.0339095638074,1.1096814,1.1105042,0.0,True,0.9072938908943575,1.2484664580754496
890,3754,140.7919,972,6710.5,1.9792038,3,183.08722,0.573211928165923,0.9340626038241886,1158.8735935284974,0.93370688,0.80212182,0.0,True,0.6813604137161462,0.894480368676932
891,2214,134.53625,972,7022.5234,1.4818928,3,88.195854,0.5477503381672497,0.8696784953541692,1036.3944923286201,0.93905038,0.79128355,0.0,True,0.6651403507170748,0.8461600117479184
892,15836,176.19928,972,5362.0195,2.0448329,4,94.352592,0.7173137733398915,1.1260470905322921,1703.8765324380126,1.0175662,0.91691458,0.0,True,0.8073895013379242,1.0633073373726045
893,14281,169.66521,972,5568.5195,1.324964,3,106.90606,0.6907228433207636,1.1091346099951764,1623.1574231951754,0.99777144,0.90246671,0.0,True,0.7828374223245345,1.0471342399966235
894,21509,162.55103,972,5812.2305,3.9958551,6,50.760506,0.6617703009562071,1.1509000867122303,1621.661044662554,0.97582304,1.1000261,0.0,True,0.755986122669345,1.1356378906985611
895,21279,166.48875,972,5674.7617,3.8522632,5,146.39253,0.677795770045052,1.1528416049988606,1659.155281487873,0.91291809,0.94415188,0.0,True,0.7483324660315365,1.0902346874992024
896,0,161.64455,972,5844.8242,2.3059671,3,15.1124,0.6580811969365794,0.0,112.04346408538112,,,,False,0.6580811969365794,0.0
897,17398,152.6806,972,6187.9766,1.1775017,3,33.696602,0.6215992913145679,1.1183527503627322,1490.8078056160273,0.87028033,0.81031781,0.0,True,0.6962036029201977,1.0259422682539125
898,18344,169.96399,972,5558.7305,2.0894752,3,19.316364,0.6919387781540138,1.138392181875309,1668.564847653705,0.93424708,0.83353311,0.0,True,0.7646312687078097,1.0469344603127164
899,41232,178.91704,972,5280.5703,2.7807531,4,50.401241,0.7283736607942081,1.2396816607637318,1901.3546829041675,0.97965616,0.9741534,0.0,True,0.8037584105559457,1.1600231825346123
900,25880,186.03331,972,5078.5742,2.2251945,4,120.58102,0.7573327179856478,1.1907671643498925,1890.3408357247558,1.0400976,1.0370975,0.0,True,0.8421621825899535,1.1446662650449246
901,24816,183.15244,972,5158.457,0.38679314,2,91.889099,0.7456093651809826,1.18368402624937,1853.3789688092456,1.0360144,1.0359358,0.0,True,0.8327308756266878,1.139359558374559
902,23768,177.82574,972,5312.9766,2.417058,4,109.64623,0.7239326449365286,1.1745841763510085,1791.8040866928673,1.0431364,1.0377774,0.0,True,0.8196937714555701,1.133542143445706
903,4812,132.12347,972,7150.7656,2.3840175,3,89.848228,0.5379297020181618,0.9553464017261672,1120.312374769635,0.83443463,0.58509433,0.0,True,0.6268811804127132,0.844270780208317
904,3212,123.21566,972,7667.7266,1.0608139,2,74.734474,0.5016717372707599,0.9027177133531566,994.9999132562618,0.85480601,0.76061136,0.0,True,0.6076120190895319,0.8600858073472096
905,1608,115.57819,972,8174.4141,0.92435241,2,75.131851,0.4705834392382057,0.8195427436975755,853.4281365322372,0.89557731,0.84432054,0.0,True,0.598081600466744,0.8269760825883029
906,0,110.36038,972,8560.8984,0.39930958,1,3.613688,0.4493437721757575,0.0,76.49598624252418,,,,False,0.4493437721757575,0.0
907,2964,162.03246,972,5830.832,2.5564947,4,37.162357,0.6596598475343981,0.9219509247786952,1295.4445793877628,0.94068456,0.6822055,0.0,True,0.7439672612740786,0.8500272973450866
908,3130,162.32149,972,5820.4492,1.0412933,2,27.816559,0.6608361766065316,0.9284238196177981,1306.5949935565231,0.9254483,0.59400046,0.0,True,0.7402198136245721,0.8280968117324586
909,3748,174.39534,972,5417.4844,0.80098176,2,130.71069,0.7099725331460975,0.957118097295638,1435.188389625587,0.96727622,0.7857908,0.0,True,0.7871636392022683,0.9057199081069467
910,4434,181.33832,972,5210.0625,1.4169843,3,59.519276,0.7382269625150808,0.981114459905857,1522.790056097571,0.99234295,0.84258956,0.0,True,0.8144617587605565,0.9395569899340999
911,4938,126.33844,972,7478.1992,1.4126953,3,42.408459,0.514382700906382,0.9534503014084108,1074.523669902238,0.74436176,0.93116075,0.0,True,0.5833764186344674,0.9467634359858876
912,6576,132.26604,972,7143.0586,1.4350603,3,39.399044,0.5385099385768171,0.9906491673943201,1162.8150424734247,0.76559371,0.95412558,0.0,True,0.6066350700037719,0.9796920911760241
913,0,115.62157,972,8171.3477,1.6515505,2,79.933556,0.4707599883232373,0.0,80.14276525741435,0.70420247,0.0,0.0,True,0.540792732826266,0.0
914,0,115.62963,972,8170.7773,0.36808291,1,39.683289,0.47079284392268445,0.0,80.14835202368967,0.70420289,0.0,0.0,True,0.5408158577458791,0.0
915,1650,120.89977,972,7814.6055,1.6523989,3,43.182259,0.49224501195739745,0.826531239633185,895.8360980077342,0.72427464,0.84924608,0.0,True,0.5618539003701782,0.8333456917432295
916,40097,203.66113,972,4639.0,4.1514659,5,413.67496,0.829063793969782,1.255383932065602,2158.6260424878133,1.1095375,1.0062205,0.0,True,0.9132059057788475,1.1806349024459215
917,6878,208.74879,972,4525.9375,3.0238938,5,120.31317,0.8497654987096793,1.0496523972664704,1844.582366068636,1.1093013,0.97243887,0.0,True,0.9276262390967756,1.0264883390865291
918,1277,172.04785,972,5491.4023,3.0502458,3,13.779868,0.7004193135124581,0.8306408895506435,1230.8017248189667,0.99062592,0.84704965,0.0,True,0.7874812954587207,0.8355635176854503
919,695,146.7932,972,6436.1562,1.673044,2,88.473236,0.5976377317179348,0.7463210528133349,961.0235801588518,0.89277923,0.78717345,0.0,True,0.6861801812025543,0.7585767719693345
920,197,136.58128,972,6917.375,1.2609942,2,30.531277,0.5560740771838147,0.5980697039960877,722.9663483910467,0.84516174,0.47460574,0.0,True,0.6428003760286704,0.5610305147972614
921,209,131.49844,972,7184.7539,0.75232905,2,196.12892,0.5353856722175722,0.6021426619099712,703.7609956534145,0.83120286,0.60135359,0.0,True,0.6241308285523005,0.6019059403369799
922,711,133.08061,972,7099.3359,0.56374604,2,143.45035,0.5418255271960531,0.7406343404666216,874.270594812401,0.84052861,0.79422075,0.0,True,0.6314364520372373,0.7567102633266352
923,1282,140.14781,972,6741.3398,0.84189302,2,77.411453,0.5705904169049525,0.8117722159009313,1003.1409526769138,0.87462831,0.84505469,0.0,True,0.6618017848334667,0.8217569581306519
924,1908,148.68172,972,6354.4062,3.1106129,4,66.839539,0.6053239750181098,0.8626254080508662,1123.269359264984,0.90924501,0.87661362,0.0,True,0.6965002855126768,0.8668218716356064
925,4287,208.24411,972,4536.9062,1.5611157,3,81.900017,0.8477119592852036,0.9932207313645292,1741.7139373663106,1.1077586,0.93088365,0.0,True,0.9257259514996425,0.9745196069551705
926,3601,187.67868,972,5034.0508,1.2263443,2,46.983917,0.7640282476526564,0.9606629697353584,1536.9986995760162,1.0407592,0.91100782,0.0,True,0.8470475333568596,0.9457664248147508
927,2991,168.17941,972,5617.7148,0.80042845,2,200.10648,0.6846762166318047,0.926974618036399,1346.1132966120774,0.96809083,0.88707465,0.0,True,0.7697006006422633,0.9150046276254793
928,2440,165.67982,972,5702.4688,0.55364746,2,138.88261,0.67450365717028,0.9018384032233164,1292.3974733227556,0.95737243,0.86142397,0.0,True,0.7593642890191961,0.8897140732563216
929,1888,156.71187,972,6028.7969,0.79345357,2,75.161598,0.6380060764131782,0.8666256158258643,1182.2863925541355,0.92213356,0.82639301,0.0,True,0.7232443214892248,0.854555834078105
930,1801,150.83568,972,6263.6641,3.06159,4,62.620934,0.6140905427429086,0.8574462895196598,1130.8463496127843,0.9056024,0.83091581,0.0,True,0.7015440999200361,0.8494871456637619
931,119947,239.40553,972,3946.375,4.005568,6,811.02704,0.974498386757529,1.4121932276487548,2799.8050427486855,1.2575698,1.399766,0.0,True,1.0594198107302701,1.4084650593541284
932,3700,156.64731,972,6031.2812,4.0976477,6,316.0994,0.6377433672101606,0.9438435631848162,1287.1127507187075,0.93637633,0.91871917,0.0,True,0.7273332560471124,0.9363062452293713
933,700,140.6514,972,6717.2031,2.4958596,4,93.109283,0.5726400899853374,0.7435154686881505,921.8199087829959,0.86131936,0.76241153,0.0,True,0.6592438709897361,0.7491842870817054
934,137,134.02261,972,7049.4375,0.779836,2,67.637863,0.5456596712108359,0.5560526111619287,661.3310754951407,0.84615618,0.72506726,0.0,True,0.6358086238475852,0.6067570058133501
935,80,130.37355,972,7246.7461,1.1943164,2,63.496037,0.530806985750785,0.4943848271848342,574.5196321191685,0.84918672,0.78837359,0.0,True,0.6263209060255495,0.5825814560293839
936,625,142.88887,972,6612.0195,1.2443562,2,62.36021,0.5817468587466,0.7319857472596745,920.3395729214471,0.91575503,0.85352564,0.0,True,0.6819493101226201,0.7684477150817721
937,1261,152.45464,972,6197.1484,0.72041297,2,89.451607,0.620679619125388,0.8177032091734034,1088.7159542797,0.95720583,0.88942677,0.0,True,0.7216374823877717,0.8392202774213825
938,1895,159.13544,972,5936.9805,2.3492472,3,69.800575,0.6478696247299951,0.868581097298638,1201.1589112633553,0.98482454,0.91418254,0.0,True,0.7489560993109966,0.8822615301090466
939,0,125.80569,972,7509.8672,1.5500107,2,12.092828,0.5122142025905035,0.0,87.2018593218985,,,,False,0.5122142025905035,0.0
940,3212,141.34052,972,6684.4531,1.6140649,3,76.117584,0.5754448599682481,0.9167769089247829,1141.3630794948867,0.90092403,0.74756026,0.0,True,0.6730886109777736,0.866011914247348
941,4812,148.02545,972,6382.5781,1.3676243,3,67.108658,0.6026529878009885,0.9677324839228663,1255.1497732828534,0.89547151,0.73494685,0.0,True,0.6904985444606919,0.8978967937460064
942,12752,151.40163,972,6240.25,1.488616,3,29.380335,0.6163939393349768,1.0817307153964257,1431.2904837172778,0.90365487,0.83618373,0.0,True,0.7025722185344838,1.0080666197774981
943,14328,161.01729,972,5867.5938,2.4878926,4,90.250923,0.6555283378917565,1.102830073711475,1540.953261063282,0.93814051,0.86833608,0.0,True,0.7403119895242295,1.0324818755980325
944,40242,186.42204,972,5067.9844,2.6342978,5,166.68819,0.7589145772941152,1.2428004507009183,1976.579984181109,1.0411962,1.0492429,0.0,True,0.8435990641058806,1.1847331854906429
945,3194,140.90385,972,6705.168,1.2545038,3,162.36539,0.5736676146793638,0.9158175045204507,1137.0455009131922,0.91300708,0.77081025,0.0,True,0.6754694542755546,0.8723153281643156
946,4785,143.15968,972,6599.5117,0.52070892,2,108.03712,0.5828490870983019,0.9634169831708705,1213.086337982491,0.91281176,0.77004653,0.0,True,0.6818378889688113,0.9054058472196094
947,6372,152.28329,972,6204.1211,2.4101641,3,64.174194,0.6199822732775483,1.0030197815734023,1333.998954677549,0.93380672,0.81364048,0.0,True,0.7141296072942838,0.9462059911013816
948,47125,189.10246,972,4996.1484,1.1427501,3,80.292725,0.7698220940806316,1.2634203671244006,2034.8561890435342,1.0511833,1.0502255,0.0,True,0.8542304558564421,1.1994619069870804
949,46116,186.30931,972,5071.0508,1.4357823,3,261.56195,0.7584558522090412,1.2586813640816699,2000.7679684324737,1.0411897,1.0476871,0.0,True,0.843276006546329,1.195383084857169
950,48897,203.68137,972,4638.5391,2.3453343,4,129.28539,0.8291461368817599,1.2788991947533164,2199.252082652281,1.1163919,1.0687853,0.0,True,0.9153198658172319,1.2158650263273216
951,47904,195.54388,972,4831.5703,1.5982943,3,135.80936,0.7960337450380639,1.2703382780060308,2107.375619724734,1.0796056,1.0617923,0.0,True,0.8811053015266448,1.2077744846042215
952,1491,166.51134,972,5673.9922,2.1204014,3,74.574326,0.6778876595027313,0.8454099129571016,1216.955254665599,0.97410202,0.85745913,0.0,True,0.7667519676519119,0.8490246780699711
953,688,155.88425,972,6060.8047,2.3245969,3,152.18867,0.6346378051421908,0.7503067396461841,1018.9672671718224,0.93448669,0.66411865,0.0,True,0.7245924705995335,0.724450312752329
954,0,127.40182,972,7415.7812,0.84059453,1,94.91993,0.5187110490416943,0.0,88.30821233120565,0.93661952,0.80950874,1.6758146675734515,True,0.6440835903291859,0.24285262200000002
955,1594,143.12453,972,6601.1328,1.8260955,3,94.036385,0.5827059949201322,0.8384594590364502,1055.5800168574303,0.89779752,0.75699341,0.0,True,0.6772334524440926,0.8140196443255152
956,2600,144.04167,972,6559.1016,3.0937679,4,303.68481,0.5864388790769157,0.8947083899075655,1132.7488292723465,0.90062934,0.77028793,0.0,True,0.680696017353841,0.8573822519352958
957,0,141.47105,972,6678.2852,0.98283732,2,32.426773,0.5759761675764619,0.0,98.06025943835505,,,,False,0.5759761675764619,0.0
958,3188,142.27586,972,6640.5078,3.0633636,4,280.45605,0.5792518704778575,0.9166117772349194,1147.84979654197,0.9081158,0.74383861,0.0,True,0.6779110493345003,0.8647798270644436
959,0,123.89715,972,7625.5508,1.9605427,2,17.394951,0.5044456823301339,0.0,85.87896020191262,,,,False,0.5044456823301339,0.0
960,1596,169.31673,972,5579.9805,2.0084443,3,110.85773,0.6893046415718863,0.8549291117614307,1248.9662347679825,0.99955821,0.78204656,0.0,True,0.7823807121003205,0.8330643462330015
961,0,142.18596,972,6644.707,1.0963919,1,92.906792,0.5788859156592517,0.0,98.55579728920915,,,,False,0.5788859156592517,0.0
962,0,171.19759,972,5518.6758,2.1386447,3,127.3905,0.6969590693613558,0.0,118.66512682715748,1.0126729,0.0,0.0,True,0.7916732185529491,0.0
963,61756,205.61797,972,4594.8516,4.1425519,6,141.09407,0.8370261654332627,1.3080175605397302,2268.1674681241984,1.1259774,1.0881609,0.0,True,0.9237115358032839,1.2420605623778112
964,13326,169.50266,972,5573.8594,3.0808759,5,113.72563,0.6900613505092611,1.1009886138337242,1609.872254442412,1.0002306,0.91305602,0.0,True,0.7831121253564828,1.044608835683607
965,92762,212.09616,972,4454.5078,3.73247,5,226.96002,0.8633856913284788,1.3612631945959437,2425.916409630545,1.1292412,1.1246397,0.0,True,0.9431423439299351,1.2902761462171606
966,89473,209.73134,972,4504.7344,2.7582264,5,133.46504,0.8537634407329969,1.3551596435474387,2391.296867856044,1.1236416,1.1244431,0.0,True,0.9347268885130978,1.285944680483207
967,7940,169.41338,972,5576.7969,2.0104797,4,205.35103,0.6896980006233527,1.040905368188447,1521.318669075597,0.99989355,0.86561251,0.0,True,0.7827566654363469,0.9883175107319129
968,7975,165.04095,972,5724.543,1.3034792,3,93.433792,0.6719036367689475,1.038269823801969,1482.7803249943288,0.98802513,0.88969404,0.0,True,0.7667400847382633,0.9936970886613783
969,6388,158.58659,972,5957.5273,0.72902578,2,157.14746,0.6456359496522079,1.007985677699214,1389.6133372283025,0.97272319,0.87593448,0.0,True,0.7437621217565455,0.9683703183894498
970,4797,147.06035,972,6424.4648,1.5489392,3,136.66547,0.5987249891750374,0.9666549004081422,1246.5074741806682,0.95836616,0.86893839,0.0,True,0.7066173404225262,0.9373399472856996
971,0,238.9814,972,3953.3789,1.9968407,3,520.85486,0.9727728152197399,0.0,165.64928361626852,,,,False,0.9727728152197399,0.0
972,0,146.11418,972,6466.0664,1.0690708,2,22.02449,0.5948740828965142,0.0,101.27863190682835,,,,False,0.5948740828965142,0.0
973,1603,127.4783,972,7411.332,2.4408035,3,197.16634,0.5190223596911292,0.8282027672629448,940.9019119593531,0.86930096,0.63398474,0.0,True,0.6241059397837905,0.7699373590840614
974,0,121.21897,972,7794.0273,0.39642417,1,12.511194,0.493544329663104,0.0,84.02258728588059,,,,False,0.493544329663104,0.0
975,86,133.65977,972,7068.5742,3.1885974,4,251.34366,0.5441828285761796,0.5038345602133432,598.4398088356899,0.94592154,0.55736423,0.0,True,0.6647044420033257,0.5198934611493402
976,3288,146.13785,972,6465.0195,3.1392739,4,255.15633,0.594970382850053,0.922927034352769,1183.5182531048872,0.99852413,0.79210937,0.0,True,0.7160365069950372,0.8836817350469384
977,1603,142.76404,972,6617.8008,1.3590031,3,193.95116,0.5812387991816549,0.8388587866542666,1053.724109868437,1.0096052,0.85343027,0.0,True,0.7097487194271584,0.8432302316579867
978,0,139.25584,972,6784.5195,0.17512375,1,64.814896,0.5669599958879892,0.0,96.52479287250685,,,,False,0.5669599958879892,0.0
979,6396,141.35117,972,6683.9492,2.9492109,4,330.55151,0.5754882295267452,0.9949671828481376,1238.7650044206557,1.0357491,1.0298218,0.0,True,0.7135664906687216,1.0054235679936963
980,51513,185.19376,972,5101.5977,2.155921,4,217.39172,0.753916216361207,1.2707589460237456,2009.28346066079,1.1007909,1.1053283,0.0,True,0.8579786214528449,1.2211297522166218
981,52965,188.49072,972,5012.3633,1.1955401,3,88.859451,0.7673327275296863,1.2766516539747768,2050.2935488159005,1.1008102,1.1057211,0.0,True,0.8673759692707804,1.2253724877823438
982,0,124.29356,972,7601.2305,2.000026,2,55.806137,0.5060592425566683,0.0,86.1537306757584,0.9373244,0.0,0.0,True,0.6354387897896678,0.0
983,702,155.47672,972,6076.6914,2.7147894,4,139.61214,0.6329791750595792,0.7523901840945156,1019.4263925824442,0.98495144,0.79788625,0.0,True,0.7385708545417055,0.766039003866161
984,77,140.91592,972,6704.5938,1.2762898,2,268.84299,0.5737167305128512,0.49446271919945317,615.7247640224145,0.92087406,0.26580039,0.0,True,0.6778639293589959,0.4258640204396172
985,75,144.26291,972,6549.043,1.1088568,2,31.28603,0.5873393088419292,0.49282702440698967,626.65001063039,0.91783124,0.32211405,0.0,True,0.6864868881893504,0.4416131320848928
986,694,155.40498,972,6079.4961,1.4539372,3,184.04015,0.6326872540153003,0.7510368235682358,1017.1799330572773,0.96451879,0.79694009,0.0,True,0.7322367148107103,0.764807803497765
987,3206,141.34885,972,6684.0586,1.98597,4,132.88559,0.5754788131551462,0.9165708359535794,1141.166225252814,1.0357488,1.0092524,0.0,True,0.7135598092086023,0.9443753051675056
988,0,142.21463,972,6643.3672,0.80649823,2,443.30325,0.5790026272459042,0.0,98.57566981887581,,,,False,0.5790026272459042,0.0
989,0,141.34587,972,6684.1992,1.0716076,2,63.64183,0.5754667117626048,0.0,97.97349127429254,1.0357444,0.99627203,13.08787019953469,True,0.7135500182338234,0.29888160900000005
990,0,124.54317,972,7585.9961,1.9975877,2,33.001266,0.5070752563794488,0.0,86.32674714349797,,,,False,0.5070752563794488,0.0
991,0,117.11527,972,8067.1289,2.0543375,2,406.76535,0.47684020363260754,0.0,81.17811920101674,1.0449567,0.8759082,14.123050568901435,True,0.6472751525428253,0.26277246000000004

metric,value
avg_local_nain,0.703936
avg_local_nach,0.761874
avg_citywide_nain,0.934069
avg_citywide_nach,0.771938
avg_blended_nain,0.767977
avg_blended_nach,0.748318
avg_segment_length,105.0635
blended_nain_nach_pearson_r,0.407259
blended_nain_nach_p_value,6.3881e-41
pct_citywide_matched,92.84
