  0
SECTION
  2
HEADER
  9
$ACADVER
  1
AC1015
  9
$ACADMAINTVER
 70
6
  9
$DWGCODEPAGE
  3
ANSI_1252
  9
$INSBASE
 10
0.0
 20
0.0
 30
0.0
  9
$EXTMIN
 10
1e+20
 20
1e+20
 30
1e+20
  9
$EXTMAX
 10
-1e+20
 20
-1e+20
 30
-1e+20
  9
$LIMMIN
 10
0.0
 20
0.0
  9
$LIMMAX
 10
420.0
 20
297.0
  9
$ORTHOMODE
 70
0
  9
$REGENMODE
 70
1
  9
$FILLMODE
 70
1
  9
$QTEXTMODE
 70
0
  9
$MIRRTEXT
 70
1
  9
$LTSCALE
 40
1.0
  9
$ATTMODE
 70
1
  9
$TEXTSIZE
 40
2.5
  9
$TRACEWID
 40
1.0
  9
$TEXTSTYLE
  7
Standard
  9
$CLAYER
  8
0
  9
$CELTYPE
  6
ByLayer
  9
$CECOLOR
 62
256
  9
$CELTSCALE
 40
1.0
  9
$DISPSILH
 70
0
  9
$DIMSCALE
 40
1.0
  9
$DIMASZ
 40
2.5
  9
$DIMEXO
 40
0.625
  9
$DIMDLI
 40
3.75
  9
$DIMRND
 40
0.0
  9
$DIMDLE
 40
0.0
  9
$DIMEXE
 40
1.25
  9
$DIMTP
 40
0.0
  9
$DIMTM
 40
0.0
  9
$DIMTXT
 40
2.5
  9
$DIMCEN
 40
2.5
  9
$DIMTSZ
 40
0.0
  9
$DIMTOL
 70
0
  9
$DIMLIM
 70
0
  9
$DIMTIH
 70
0
  9
$DIMTOH
 70
0
  9
$DIMSE1
 70
0
  9
$DIMSE2
 70
0
  9
$DIMTAD
 70
1
  9
$DIMZIN
 70
8
  9
$DIMBLK
  1

  9
$DIMASO
 70
1
  9
$DIMSHO
 70
1
  9
$DIMPOST
  1

  9
$DIMAPOST
  1

  9
$DIMALT
 70
0
  9
$DIMALTD
 70
3
  9
$DIMALTF
 40
0.03937007874
  9
$DIMLFAC
 40
1.0
  9
$DIMTOFL
 70
1
  9
$DIMTVP
 40
0.0
  9
$DIMTIX
 70
0
  9
$DIMSOXD
 70
0
  9
$DIMSAH
 70
0
  9
$DIMBLK1
  1

  9
$DIMBLK2
  1

  9
$DIMSTYLE
  2
ISO-25
  9
$DIMCLRD
 70
0
  9
$DIMCLRE
 70
0
  9
$DIMCLRT
 70
0
  9
$DIMTFAC
 40
1.0
  9
$DIMGAP
 40
0.625
  9
$DIMJUST
 70
0
  9
$DIMSD1
 70
0
  9
$DIMSD2
 70
0
  9
$DIMTOLJ
 70
0
  9
$DIMTZIN
 70
8
  9
$DIMALTZ
 70
0
  9
$DIMALTTZ
 70
0
  9
$DIMUPT
 70
0
  9
$DIMDEC
 70
2
  9
$DIMTDEC
 70
2
  9
$DIMALTU
 70
2
  9
$DIMALTTD
 70
3
  9
$DIMTXSTY
  7
Standard
  9
$DIMAUNIT
 70
0
  9
$DIMADEC
 70
0
  9
$DIMALTRND
 40
0.0
  9
$DIMAZIN
 70
0
  9
$DIMDSEP
 70
44
  9
$DIMATFIT
 70
3
  9
$DIMFRAC
 70
0
  9
$DIMLDRBLK
  1

  9
$DIMLUNIT
 70
2
  9
$DIMLWD
 70
-2
  9
$DIMLWE
 70
-2
  9
$DIMTMOVE
 70
0
  9
$LUNITS
 70
2
  9
$LUPREC
 70
4
  9
$SKETCHINC
 40
1.0
  9
$FILLETRAD
 40
10.0
  9
$AUNITS
 70
0
  9
$AUPREC
 70
2
  9
$MENU
  1
.
  9
$ELEVATION
 40
0.0
  9
$PELEVATION
 40
0.0
  9
$THICKNESS
 40
0.0
  9
$LIMCHECK
 70
0
  9
$CHAMFERA
 40
0.0
  9
$CHAMFERB
 40
0.0
  9
$CHAMFERC
 40
0.0
  9
$CHAMFERD
 40
0.0
  9
$SKPOLY
 70
0
  9
$TDCREATE
 40
2461229.6013194444
  9
$TDUCREATE
 40
2458532.153996898
  9
$TDUPDATE
 40
2461229.6013194444
  9
$TDUUPDATE
 40
2458532.1544311
  9
$TDINDWG
 40
0.0
  9
$TDUSRTIMER
 40
0.0
  9
$USRTIMER
 70
1
  9
$ANGBASE
 50
0.0
  9
$ANGDIR
 70
0
  9
$PDMODE
 70
0
  9
$PDSIZE
 40
0.0
  9
$PLINEWID
 40
0.0
  9
$SPLFRAME
 70
0
  9
$SPLINETYPE
 70
6
  9
$SPLINESEGS
 70
8
  9
$HANDSEED
  5
2D2
  9
$SURFTAB1
 70
6
  9
$SURFTAB2
 70
6
  9
$SURFTYPE
 70
6
  9
$SURFU
 70
6
  9
$SURFV
 70
6
  9
$UCSBASE
  2

  9
$UCSNAME
  2

  9
$UCSORG
 10
0.0
 20
0.0
 30
0.0
  9
$UCSXDIR
 10
1.0
 20
0.0
 30
0.0
  9
$UCSYDIR
 10
0.0
 20
1.0
 30
0.0
  9
$UCSORTHOREF
  2

  9
$UCSORTHOVIEW
 70
0
  9
$UCSORGTOP
 10
0.0
 20
0.0
 30
0.0
  9
$UCSORGBOTTOM
 10
0.0
 20
0.0
 30
0.0
  9
$UCSORGLEFT
 10
0.0
 20
0.0
 30
0.0
  9
$UCSORGRIGHT
 10
0.0
 20
0.0
 30
0.0
  9
$UCSORGFRONT
 10
0.0
 20
0.0
 30
0.0
  9
$UCSORGBACK
 10
0.0
 20
0.0
 30
0.0
  9
$PUCSBASE
  2

  9
$PUCSNAME
  2

  9
$PUCSORG
 10
0.0
 20
0.0
 30
0.0
  9
$PUCSXDIR
 10
1.0
 20
0.0
 30
0.0
  9
$PUCSYDIR
 10
0.0
 20
1.0
 30
0.0
  9
$PUCSORTHOREF
  2

  9
$PUCSORTHOVIEW
 70
0
  9
$PUCSORGTOP
 10
0.0
 20
0.0
 30
0.0
  9
$PUCSORGBOTTOM
 10
0.0
 20
0.0
 30
0.0
  9
$PUCSORGLEFT
 10
0.0
 20
0.0
 30
0.0
  9
$PUCSORGRIGHT
 10
0.0
 20
0.0
 30
0.0
  9
$PUCSORGFRONT
 10
0.0
 20
0.0
 30
0.0
  9
$PUCSORGBACK
 10
0.0
 20
0.0
 30
0.0
  9
$USERI1
 70
0
  9
$USERI2
 70
0
  9
$USERI3
 70
0
  9
$USERI4
 70
0
  9
$USERI5
 70
0
  9
$USERR1
 40
0.0
  9
$USERR2
 40
0.0
  9
$USERR3
 40
0.0
  9
$USERR4
 40
0.0
  9
$USERR5
 40
0.0
  9
$WORLDVIEW
 70
1
  9
$SHADEDGE
 70
3
  9
$SHADEDIF
 70
70
  9
$TILEMODE
 70
1
  9
$MAXACTVP
 70
64
  9
$PINSBASE
 10
0.0
 20
0.0
 30
0.0
  9
$PLIMCHECK
 70
0
  9
$PEXTMIN
 10
1e+20
 20
1e+20
 30
1e+20
  9
$PEXTMAX
 10
-1e+20
 20
-1e+20
 30
-1e+20
  9
$PLIMMIN
 10
0.0
 20
0.0
  9
$PLIMMAX
 10
420.0
 20
297.0
  9
$UNITMODE
 70
0
  9
$VISRETAIN
 70
1
  9
$PLINEGEN
 70
0
  9
$PSLTSCALE
 70
1
  9
$TREEDEPTH
 70
3020
  9
$CMLSTYLE
  2
Standard
  9
$CMLJUST
 70
0
  9
$CMLSCALE
 40
20.0
  9
$PROXYGRAPHICS
 70
1
  9
$MEASUREMENT
 70
1
  9
$CELWEIGHT
370
-1
  9
$ENDCAPS
280
0
  9
$JOINSTYLE
280
0
  9
$LWDISPLAY
290
0
  9
$INSUNITS
 70
6
  9
$HYPERLINKBASE
  1

  9
$STYLESHEET
  1

  9
$XEDIT
290
1
  9
$CEPSNTYPE
380
0
  9
$PSTYLEMODE
290
1
  9
$FINGERPRINTGUID
  2
{E2C0A92D-6935-4C4C-98DE-578F3F81038C}
  9
$VERSIONGUID
  2
{698BB0B6-0ED8-4D85-92B5-41761D5EF50E}
  9
$EXTNAMES
290
1
  9
$PSVPSCALE
 40
0.0
  9
$OLESTARTUP
290
0
  0
ENDSEC
  0
SECTION
  2
CLASSES
  0
CLASS
  1
ACDBDICTIONARYWDFLT
  2
AcDbDictionaryWithDefault
  3
ObjectDBX Classes
 90
0
280
0
281
0
  0
CLASS
  1
SUN
  2
AcDbSun
  3
SCENEOE
 90
1153
280
0
281
0
  0
CLASS
  1
VISUALSTYLE
  2
AcDbVisualStyle
  3
ObjectDBX Classes
 90
4095
280
0
281
0
  0
CLASS
  1
MATERIAL
  2
AcDbMaterial
  3
ObjectDBX Classes
 90
1153
280
0
281
0
  0
CLASS
  1
SCALE
  2
AcDbScale
  3
ObjectDBX Classes
 90
1153
280
0
281
0
  0
CLASS
  1
TABLESTYLE
  2
AcDbTableStyle
  3
ObjectDBX Classes
 90
4095
280
0
281
0
  0
CLASS
  1
MLEADERSTYLE
  2
AcDbMLeaderStyle
  3
ACDB_MLEADERSTYLE_CLASS
 90
4095
280
0
281
0
  0
CLASS
  1
DICTIONARYVAR
  2
AcDbDictionaryVar
  3
ObjectDBX Classes
 90
0
280
0
281
0
  0
CLASS
  1
CELLSTYLEMAP
  2
AcDbCellStyleMap
  3
ObjectDBX Classes
 90
1152
280
0
281
0
  0
CLASS
  1
MENTALRAYRENDERSETTINGS
  2
AcDbMentalRayRenderSettings
  3
SCENEOE
 90
1024
280
0
281
0
  0
CLASS
  1
ACDBDETAILVIEWSTYLE
  2
AcDbDetailViewStyle
  3
ObjectDBX Classes
 90
1025
280
0
281
0
  0
CLASS
  1
ACDBSECTIONVIEWSTYLE
  2
AcDbSectionViewStyle
  3
ObjectDBX Classes
 90
1025
280
0
281
0
  0
CLASS
  1
RASTERVARIABLES
  2
AcDbRasterVariables
  3
ISM
 90
0
280
0
281
0
  0
CLASS
  1
ACDBPLACEHOLDER
  2
AcDbPlaceHolder
  3
ObjectDBX Classes
 90
0
280
0
281
0
  0
CLASS
  1
LAYOUT
  2
AcDbLayout
  3
ObjectDBX Classes
 90
0
280
0
281
0
  0
ENDSEC
  0
SECTION
  2
TABLES
  0
TABLE
  2
VPORT
  5
8
330
0
100
AcDbSymbolTable
 70
1
  0
VPORT
  5
23
330
8
100
AcDbSymbolTableRecord
100
AcDbViewportTableRecord
  2
*Active
 70
0
 10
0.0
 20
0.0
 11
1.0
 21
1.0
 12
0.0
 22
0.0
 13
0.0
 23
0.0
 14
0.5
 24
0.5
 15
0.5
 25
0.5
 16
0.0
 26
0.0
 36
1.0
 17
0.0
 27
0.0
 37
0.0
 40
1000.0
 41
1.34
 42
50.0
 43
0.0
 44
0.0
 50
0.0
 51
0.0
 71
0
 72
1000
 73
1
 74
3
 75
0
 76
0
 77
0
 78
0
281
0
 65
0
146
0.0
  0
ENDTAB
  0
TABLE
  2
LTYPE
  5
2
330
0
100
AcDbSymbolTable
 70
3
  0
LTYPE
  5
24
330
2
100
AcDbSymbolTableRecord
100
AcDbLinetypeTableRecord
  2
ByBlock
 70
0
  3

 72
65
 73
0
 40
0.0
  0
LTYPE
  5
25
330
2
100
AcDbSymbolTableRecord
100
AcDbLinetypeTableRecord
  2
ByLayer
 70
0
  3

 72
65
 73
0
 40
0.0
  0
LTYPE
  5
26
330
2
100
AcDbSymbolTableRecord
100
AcDbLinetypeTableRecord
  2
Continuous
 70
0
  3

 72
65
 73
0
 40
0.0
  0
ENDTAB
  0
TABLE
  2
LAYER
  5
1
330
0
100
AcDbSymbolTable
 70
2
  0
LAYER
  5
27
330
1
100
AcDbSymbolTableRecord
100
AcDbLayerTableRecord
  2
0
 70
0
 62
7
  6
Continuous
370
-3
390
13
  0
LAYER
  5
28
330
1
100
AcDbSymbolTableRecord
100
AcDbLayerTableRecord
  2
Defpoints
 70
0
 62
7
  6
Continuous
290
0
370
-3
390
13
  0
ENDTAB
  0
TABLE
  2
STYLE
  5
5
330
0
100
AcDbSymbolTable
 70
1
  0
STYLE
  5
29
330
5
100
AcDbSymbolTableRecord
100
AcDbTextStyleTableRecord
  2
Standard
 70
0
 40
0.0
 41
1.0
 50
0.0
 71
0
 42
2.5
  3
txt
  4

  0
ENDTAB
  0
TABLE
  2
VIEW
  5
7
330
0
100
AcDbSymbolTable
 70
0
  0
ENDTAB
  0
TABLE
  2
UCS
  5
6
330
0
100
AcDbSymbolTable
 70
0
  0
ENDTAB
  0
TABLE
  2
APPID
  5
3
330
0
100
AcDbSymbolTable
 70
3
  0
APPID
  5
2A
330
3
100
AcDbSymbolTableRecord
100
AcDbRegAppTableRecord
  2
ACAD
 70
0
  0
APPID
  5
2CF
330
3
100
AcDbSymbolTableRecord
100
AcDbRegAppTableRecord
  2
HATCHBACKGROUNDCOLOR
 70
0
  0
APPID
  5
2D0
330
3
100
AcDbSymbolTableRecord
100
AcDbRegAppTableRecord
  2
EZDXF
 70
0
  0
ENDTAB
  0
TABLE
  2
DIMSTYLE
  5
4
330
0
100
AcDbSymbolTable
 70
1
100
AcDbDimStyleTable
  0
DIMSTYLE
105
2B
330
4
100
AcDbSymbolTableRecord
100
AcDbDimStyleTableRecord
  2
Standard
 70
0
  3

  4

 40
1.0
 41
2.5
 42
0.625
 43
3.75
 44
1.25
 45
0.0
 46
0.0
 47
0.0
 48
0.0
140
2.5
141
2.5
142
0.0
143
0.03937007874
144
1.0
145
0.0
146
1.0
147
0.625
148
0.0
 71
0
 72
0
 73
0
 74
0
 75
0
 76
0
 77
1
 78
8
 79
3
170
0
171
3
172
1
173
0
174
0
175
0
176
0
177
0
178
0
179
2
271
2
272
2
273
2
274
3
275
0
276
0
277
2
278
44
279
0
280
0
281
0
282
0
283
0
284
8
285
0
286
0
288
0
289
3
371
-2
372
-2
  0
ENDTAB
  0
TABLE
  2
BLOCK_RECORD
  5
9
330
0
100
AcDbSymbolTable
 70
2
  0
BLOCK_RECORD
  5
17
330
9
100
AcDbSymbolTableRecord
100
AcDbBlockTableRecord
  2
*Model_Space
340
1A
  0
BLOCK_RECORD
  5
1B
330
9
100
AcDbSymbolTableRecord
100
AcDbBlockTableRecord
  2
*Paper_Space
340
1E
  0
ENDTAB
  0
ENDSEC
  0
SECTION
  2
BLOCKS
  0
BLOCK
  5
18
330
17
100
AcDbEntity
  8
0
100
AcDbBlockBegin
  2
*Model_Space
 70
0
 10
0.0
 20
0.0
 30
0.0
  3
*Model_Space
  1

  0
ENDBLK
  5
19
330
17
100
AcDbEntity
  8
0
100
AcDbBlockEnd
  0
BLOCK
  5
1C
330
1B
100
AcDbEntity
  8
0
100
AcDbBlockBegin
  2
*Paper_Space
 70
0
 10
0.0
 20
0.0
 30
0.0
  3
*Paper_Space
  1

  0
ENDBLK
  5
1D
330
1B
100
AcDbEntity
  8
0
100
AcDbBlockEnd
  0
ENDSEC
  0
SECTION
  2
ENTITIES
  0
LWPOLYLINE
  5
2F
330
17
100
AcDbEntity
  8
ROADS
100
AcDbPolyline
 90
2
 70
0
 10
626375.6136810773
 20
4837138.934886528
 10
626334.5010588206
 20
4837143.645231545
  0
LWPOLYLINE
  5
30
330
17
100
AcDbEntity
  8
ROADS
100
AcDbPolyline
 90
2
 70
0
 10
626375.6136810773
 20
4837138.934886528
 10
626361.6366291967
 20
4837181.915698694
  0
LWPOLYLINE
  5
31
330
17
100
AcDbEntity
  8
ROADS
100
AcDbPolyline
 90
2
 70
0
 10
626334.5010588206
 20
4837143.645231545
 10
626361.6366291967
 20
4837181.915698694
  0
LWPOLYLINE
  5
32
330
17
100
AcDbEntity
  8
ROADS
100
AcDbPolyline
 90
2
 70
0
 10
626237.5867964062
 20
4837227.556066642
 10
626237.054088002
 20
4837229.3716768315
  0
LWPOLYLINE
  5
33
330
17
100
AcDbEntity
  8
ROADS
100
AcDbPolyline
 90
2
 70
0
 10
626237.054088002
 20
4837229.3716768315
 10
626236.4969927818
 20
4837228.986239625
  0
LWPOLYLINE
  5
34
330
17
100
AcDbEntity
  8
ROADS
100
AcDbPolyline
 90
2
 70
0
 10
626361.6366291967
 20
4837181.915698694
 10
626332.5743190874
 20
4837270.870450417
  0
LWPOLYLINE
  5
35
330
17
100
AcDbEntity
  8
ROADS
100
AcDbPolyline
 90
3
 70
0
 10
626332.5743190874
 20
4837270.870450417
 10
626262.4206116532
 20
4837255.084906368
 10
626237.054088002
 20
4837229.3716768315
  0
LWPOLYLINE
  5
36
330
17
100
AcDbEntity
  8
ROADS
100
AcDbPolyline
 90
2
 70
0
 10
626332.5743190874
 20
4837270.870450417
 10
626309.9839330136
 20
4837348.95557721
  0
LWPOLYLINE
  5
37
330
17
100
AcDbEntity
  8
ROADS
100
AcDbPolyline
 90
4
 70
0
 10
626309.9839330136
 20
4837348.95557721
 10
626270.9909176534
 20
4837348.994448737
 10
626199.9304413628
 20
4837312.346261881
 10
626180.3404132653
 20
4837308.451601724
  0
LWPOLYLINE
  5
38
330
17
100
AcDbEntity
  8
ROADS
100
AcDbPolyline
 90
2
 70
0
 10
626406.0129939539
 20
4837371.332454569
 10
626309.9839330136
 20
4837348.95557721
  0
LWPOLYLINE
  5
39
330
17
100
AcDbEntity
  8
ROADS
100
AcDbPolyline
 90
2
 70
0
 10
626309.9839330136
 20
4837348.95557721
 10
626280.7816150312
 20
4837432.599454793
  0
LWPOLYLINE
  5
3A
330
17
100
AcDbEntity
  8
ROADS
100
AcDbPolyline
 90
2
 70
0
 10
626280.7816150312
 20
4837432.599454793
 10
626138.11919842
 20
4837385.200125721
  0
LWPOLYLINE
  5
3B
330
17
100
AcDbEntity
  8
ROADS
100
AcDbPolyline
 90
2
 70
0
 10
626265.295921335
 20
4837479.369185511
 10
626117.0935083765
 20
4837432.375594345
  0
LWPOLYLINE
  5
3C
330
17
100
AcDbEntity
  8
ROADS
100
AcDbPolyline
 90
2
 70
0
 10
626280.7816150312
 20
4837432.599454793
 10
626265.295921335
 20
4837479.369185511
  0
LWPOLYLINE
  5
3D
330
17
100
AcDbEntity
  8
ROADS
100
AcDbPolyline
 90
2
 70
0
 10
626406.0129939539
 20
4837371.332454569
 10
626346.2593566016
 20
4837556.584912993
  0
LWPOLYLINE
  5
3E
330
17
100
AcDbEntity
  8
ROADS
100
AcDbPolyline
 90
2
 70
0
 10
626179.259510473
 20
4837761.896976431
 10
626162.9403620891
 20
4837743.272750922
  0
LWPOLYLINE
  5
3F
330
17
100
AcDbEntity
  8
ROADS
100
AcDbPolyline
 90
2
 70
0
 10
626282.3242795903
 20
4837711.54089059
 10
626256.7580528138
 20
4837794.191430615
  0
LWPOLYLINE
  5
40
330
17
100
AcDbEntity
  8
ROADS
100
AcDbPolyline
 90
2
 70
0
 10
626172.3411508482
 20
4837778.482837754
 10
626091.9789586494
 20
4837752.5749818375
  0
LWPOLYLINE
  5
41
330
17
100
AcDbEntity
  8
ROADS
100
AcDbPolyline
 90
2
 70
0
 10
626172.3411508482
 20
4837778.482837754
 10
626179.259510473
 20
4837761.896976431
  0
LWPOLYLINE
  5
42
330
17
100
AcDbEntity
  8
ROADS
100
AcDbPolyline
 90
3
 70
0
 10
626179.259510473
 20
4837761.896976431
 10
626202.5550066342
 20
4837768.13863827
 10
626208.2607767557
 20
4837790.122124596
  0
LWPOLYLINE
  5
43
330
17
100
AcDbEntity
  8
ROADS
100
AcDbPolyline
 90
2
 70
0
 10
626208.2607767557
 20
4837790.122124596
 10
626172.3411508482
 20
4837778.482837754
  0
LWPOLYLINE
  5
44
330
17
100
AcDbEntity
  8
ROADS
100
AcDbPolyline
 90
2
 70
0
 10
626252.5439199215
 20
4837804.469827303
 10
626208.2607767557
 20
4837790.122124596
  0
LWPOLYLINE
  5
45
330
17
100
AcDbEntity
  8
ROADS
100
AcDbPolyline
 90
2
 70
0
 10
626256.7580528138
 20
4837794.191430615
 10
626252.5439199215
 20
4837804.469827303
  0
LWPOLYLINE
  5
46
330
17
100
AcDbEntity
  8
ROADS
100
AcDbPolyline
 90
3
 70
0
 10
626279.0462765807
 20
4837890.4092147825
 10
626303.6262066492
 20
4837817.560420993
 10
626256.7580528138
 20
4837794.191430615
  0
LWPOLYLINE
  5
47
330
17
100
AcDbEntity
  8
ROADS
100
AcDbPolyline
 90
3
 70
0
 10
626252.5439199215
 20
4837804.469827303
 10
626234.3564917635
 20
4837870.6768268915
 10
626279.0462765807
 20
4837890.4092147825
  0
LWPOLYLINE
  5
48
330
17
100
AcDbEntity
  8
ROADS
100
AcDbPolyline
 90
2
 70
0
 10
626091.9789586494
 20
4837752.5749818375
 10
626050.8509336376
 20
4837739.313637341
  0
LWPOLYLINE
  5
49
330
17
100
AcDbEntity
  8
ROADS
100
AcDbPolyline
 90
2
 70
0
 10
626091.9789586494
 20
4837752.5749818375
 10
626058.4998869115
 20
4837862.429612
  0
LWPOLYLINE
  5
4A
330
17
100
AcDbEntity
  8
ROADS
100
AcDbPolyline
 90
2
 70
0
 10
626386.6392459715
 20
4837923.000989987
 10
626279.0462765807
 20
4837890.4092147825
  0
LWPOLYLINE
  5
4B
330
17
100
AcDbEntity
  8
ROADS
100
AcDbPolyline
 90
2
 70
0
 10
626279.0462765807
 20
4837890.4092147825
 10
626234.3564869537
 20
4838023.784885758
  0
LWPOLYLINE
  5
4C
330
17
100
AcDbEntity
  8
ROADS
100
AcDbPolyline
 90
2
 70
0
 10
626172.3411508482
 20
4837778.482837754
 10
626097.3727315024
 20
4838023.328908155
  0
LWPOLYLINE
  5
4D
330
17
100
AcDbEntity
  8
ROADS
100
AcDbPolyline
 90
2
 70
0
 10
626386.6392459715
 20
4837923.000989987
 10
626332.6308974625
 20
4838096.29654176
  0
LWPOLYLINE
  5
4E
330
17
100
AcDbEntity
  8
ROADS
100
AcDbPolyline
 90
2
 70
0
 10
626234.3564869537
 20
4838023.784885758
 10
626184.9516462461
 20
4838009.62553745
  0
LWPOLYLINE
  5
4F
330
17
100
AcDbEntity
  8
ROADS
100
AcDbPolyline
 90
2
 70
0
 10
626234.3564869537
 20
4838023.784885758
 10
626233.9176942521
 20
4838068.669605824
  0
LWPOLYLINE
  5
50
330
17
100
AcDbEntity
  8
ROADS
100
AcDbPolyline
 90
3
 70
0
 10
626295.5986228297
 20
4838088.6703331135
 10
626307.1074523651
 20
4838048.741107147
 10
626282.8507447095
 20
4838041.014951837
  0
LWPOLYLINE
  5
51
330
17
100
AcDbEntity
  8
ROADS
100
AcDbPolyline
 90
2
 70
0
 10
626295.5986228297
 20
4838088.6703331135
 10
626233.9176942521
 20
4838068.669605824
  0
LWPOLYLINE
  5
52
330
17
100
AcDbEntity
  8
ROADS
100
AcDbPolyline
 90
2
 70
0
 10
626181.4700976936
 20
4838101.59599962
 10
626193.4928051769
 20
4838061.675081988
  0
LWPOLYLINE
  5
53
330
17
100
AcDbEntity
  8
ROADS
100
AcDbPolyline
 90
2
 70
0
 10
626233.9176942521
 20
4838068.669605824
 10
626220.578621984
 20
4838114.24605499
  0
LWPOLYLINE
  5
54
330
17
100
AcDbEntity
  8
ROADS
100
AcDbPolyline
 90
2
 70
0
 10
626332.6308974625
 20
4838096.29654176
 10
626295.5986228297
 20
4838088.6703331135
  0
LWPOLYLINE
  5
55
330
17
100
AcDbEntity
  8
ROADS
100
AcDbPolyline
 90
2
 70
0
 10
626181.4700976936
 20
4838101.59599962
 10
626159.5997274362
 20
4838094.523040384
  0
LWPOLYLINE
  5
56
330
17
100
AcDbEntity
  8
ROADS
100
AcDbPolyline
 90
2
 70
0
 10
626412.1104023899
 20
4838117.403247101
 10
626332.6308974625
 20
4838096.29654176
  0
LWPOLYLINE
  5
57
330
17
100
AcDbEntity
  8
ROADS
100
AcDbPolyline
 90
2
 70
0
 10
626220.578621984
 20
4838114.24605499
 10
626181.4700976936
 20
4838101.59599962
  0
LWPOLYLINE
  5
58
330
17
100
AcDbEntity
  8
ROADS
100
AcDbPolyline
 90
2
 70
0
 10
626220.578621984
 20
4838114.24605499
 10
626191.4620516936
 20
4838208.535773376
  0
LWPOLYLINE
  5
59
330
17
100
AcDbEntity
  8
ROADS
100
AcDbPolyline
 90
2
 70
0
 10
626332.6308974625
 20
4838096.29654176
 10
626275.1325605485
 20
4838284.669812613
  0
LWPOLYLINE
  5
5A
330
17
100
AcDbEntity
  8
ROADS
100
AcDbPolyline
 90
2
 70
0
 10
626380.2322158631
 20
4838222.389963238
 10
626354.4765846146
 20
4838307.211194375
  0
LWPOLYLINE
  5
5B
330
17
100
AcDbEntity
  8
ROADS
100
AcDbPolyline
 90
2
 70
0
 10
626275.1325605485
 20
4838284.669812613
 10
626243.7794347141
 20
4838276.353978587
  0
LWPOLYLINE
  5
5C
330
17
100
AcDbEntity
  8
ROADS
100
AcDbPolyline
 90
2
 70
0
 10
626354.4765846146
 20
4838307.211194375
 10
626275.1325605485
 20
4838284.669812613
  0
LWPOLYLINE
  5
5D
330
17
100
AcDbEntity
  8
ROADS
100
AcDbPolyline
 90
2
 70
0
 10
626354.4765846146
 20
4838307.211194375
 10
626336.0037916165
 20
4838368.576334923
  0
LWPOLYLINE
  5
5E
330
17
100
AcDbEntity
  8
ROADS
100
AcDbPolyline
 90
2
 70
0
 10
626275.1325605485
 20
4838284.669812613
 10
626268.8771288018
 20
4838304.510240192
  0
LWPOLYLINE
  5
5F
330
17
100
AcDbEntity
  8
ROADS
100
AcDbPolyline
 90
2
 70
0
 10
626707.9235271255
 20
4836912.700310975
 10
626694.0936307762
 20
4836911.7457144465
  0
LWPOLYLINE
  5
60
330
17
100
AcDbEntity
  8
ROADS
100
AcDbPolyline
 90
2
 70
0
 10
626709.3441123083
 20
4836908.10070821
 10
626707.9235271255
 20
4836912.700310975
  0
LWPOLYLINE
  5
61
330
17
100
AcDbEntity
  8
ROADS
100
AcDbPolyline
 90
3
 70
0
 10
626860.5698269962
 20
4836972.481136029
 10
626868.9113910866
 20
4836904.676834949
 10
626814.7947410973
 20
4836888.038497234
  0
LWPOLYLINE
  5
62
330
17
100
AcDbEntity
  8
ROADS
100
AcDbPolyline
 90
2
 70
0
 10
626707.9235271255
 20
4836912.700310975
 10
626697.0809713633
 20
4836947.867381073
  0
LWPOLYLINE
  5
63
330
17
100
AcDbEntity
  8
ROADS
100
AcDbPolyline
 90
2
 70
0
 10
626860.5698269962
 20
4836972.481136029
 10
626697.0809713633
 20
4836947.867381073
  0
LWPOLYLINE
  5
64
330
17
100
AcDbEntity
  8
ROADS
100
AcDbPolyline
 90
2
 70
0
 10
626932.6642102984
 20
4836990.510876252
 10
626860.5698269962
 20
4836972.481136029
  0
LWPOLYLINE
  5
65
330
17
100
AcDbEntity
  8
ROADS
100
AcDbPolyline
 90
2
 70
0
 10
627162.6310645035
 20
4836902.96700407
 10
627157.8649848513
 20
4836919.119632484
  0
LWPOLYLINE
  5
66
330
17
100
AcDbEntity
  8
ROADS
100
AcDbPolyline
 90
2
 70
0
 10
627117.2497475613
 20
4836907.048474635
 10
627088.9309206675
 20
4836898.146516307
  0
LWPOLYLINE
  5
67
330
17
100
AcDbEntity
  8
ROADS
100
AcDbPolyline
 90
2
 70
0
 10
627206.7140854658
 20
4836905.462150058
 10
627199.3491880083
 20
4836931.306513183
  0
LWPOLYLINE
  5
68
330
17
100
AcDbEntity
  8
ROADS
100
AcDbPolyline
 90
2
 70
0
 10
627157.8649848513
 20
4836919.119632484
 10
627117.2497475613
 20
4836907.048474635
  0
LWPOLYLINE
  5
69
330
17
100
AcDbEntity
  8
ROADS
100
AcDbPolyline
 90
2
 70
0
 10
627992.6976385231
 20
4837185.316547907
 10
627987.7111692618
 20
4837201.777238916
  0
LWPOLYLINE
  5
6A
330
17
100
AcDbEntity
  8
ROADS
100
AcDbPolyline
 90
2
 70
0
 10
628014.4749334583
 20
4837203.045955644
 10
627987.7111692618
 20
4837201.777238916
  0
LWPOLYLINE
  5
6B
330
17
100
AcDbEntity
  8
ROADS
100
AcDbPolyline
 90
3
 70
0
 10
628128.1066949754
 20
4837247.490068474
 10
628098.2606862054
 20
4837364.392822256
 10
628144.1312016238
 20
4837389.191927727
  0
LWPOLYLINE
  5
6C
330
17
100
AcDbEntity
  8
ROADS
100
AcDbPolyline
 90
2
 70
0
 10
628072.8211932443
 20
4837368.753069649
 10
628004.2619741791
 20
4837380.244020064
  0
LWPOLYLINE
  5
6D
330
17
100
AcDbEntity
  8
ROADS
100
AcDbPolyline
 90
2
 70
0
 10
628004.2619741791
 20
4837380.244020064
 10
627991.0032235141
 20
4837382.284386485
  0
LWPOLYLINE
  5
6E
330
17
100
AcDbEntity
  8
ROADS
100
AcDbPolyline
 90
2
 70
0
 10
628263.3028315145
 20
4837434.100899395
 10
628144.1312016238
 20
4837389.191927727
  0
LWPOLYLINE
  5
6F
330
17
100
AcDbEntity
  8
ROADS
100
AcDbPolyline
 90
2
 70
0
 10
628144.1312016238
 20
4837389.191927727
 10
628117.9925216711
 20
4837471.696589552
  0
LWPOLYLINE
  5
70
330
17
100
AcDbEntity
  8
ROADS
100
AcDbPolyline
 90
2
 70
0
 10
628263.3028315145
 20
4837434.100899395
 10
628242.8366016741
 20
4837511.180814156
  0
LWPOLYLINE
  5
71
330
17
100
AcDbEntity
  8
ROADS
100
AcDbPolyline
 90
2
 70
0
 10
628242.8366016741
 20
4837511.180814156
 10
628117.9925216711
 20
4837471.696589552
  0
LWPOLYLINE
  5
72
330
17
100
AcDbEntity
  8
ROADS
100
AcDbPolyline
 90
2
 70
0
 10
628242.8366016741
 20
4837511.180814156
 10
628205.8714595975
 20
4837624.525709099
  0
LWPOLYLINE
  5
73
330
17
100
AcDbEntity
  8
ROADS
100
AcDbPolyline
 90
2
 70
0
 10
628293.3481328337
 20
4837350.851449765
 10
628263.3028315145
 20
4837434.100899395
  0
LWPOLYLINE
  5
74
330
17
100
AcDbEntity
  8
ROADS
100
AcDbPolyline
 90
2
 70
0
 10
628473.3098748192
 20
4837561.155828842
 10
628470.3747806716
 20
4837561.485900259
  0
LWPOLYLINE
  5
75
330
17
100
AcDbEntity
  8
ROADS
100
AcDbPolyline
 90
2
 70
0
 10
628470.3747806716
 20
4837561.485900259
 10
628470.9764360873
 20
4837557.266724174
  0
LWPOLYLINE
  5
76
330
17
100
AcDbEntity
  8
ROADS
100
AcDbPolyline
 90
6
 70
0
 10
628375.2959594352
 20
4837455.069519351
 10
628403.2082296014
 20
4837466.326015533
 10
628411.0566878316
 20
4837486.568273405
 10
628370.8857333625
 20
4837585.67932115
 10
628249.3507801817
 20
4837629.86234709
 10
628205.8714595975
 20
4837624.525709099
  0
LWPOLYLINE
  5
77
330
17
100
AcDbEntity
  8
ROADS
100
AcDbPolyline
 90
2
 70
0
 10
628470.3747806716
 20
4837561.485900259
 10
628427.3300100054
 20
4837568.22891981
  0
LWPOLYLINE
  5
78
330
17
100
AcDbEntity
  8
ROADS
100
AcDbPolyline
 90
4
 70
0
 10
628520.4204700057
 20
4837652.318303994
 10
628410.1600877548
 20
4837670.0190976905
 10
628280.4471995328
 20
4837750.9946053
 10
628233.9860162092
 20
4837808.842139121
  0
LWPOLYLINE
  5
79
330
17
100
AcDbEntity
  8
ROADS
100
AcDbPolyline
 90
3
 70
0
 10
628548.7839547545
 20
4837727.958300635
 10
628496.0935967179
 20
4837735.110438684
 10
628431.5152542178
 20
4837823.228857075
  0
LWPOLYLINE
  5
7A
330
17
100
AcDbEntity
  8
ROADS
100
AcDbPolyline
 90
2
 70
0
 10
626978.554594049
 20
4836884.437869352
 10
626952.1819153134
 20
4836994.022018574
  0
LWPOLYLINE
  5
7B
330
17
100
AcDbEntity
  8
ROADS
100
AcDbPolyline
 90
2
 70
0
 10
627157.8649848513
 20
4836919.119632484
 10
627145.2011548956
 20
4836963.530388393
  0
LWPOLYLINE
  5
7C
330
17
100
AcDbEntity
  8
ROADS
100
AcDbPolyline
 90
2
 70
0
 10
627117.2497475613
 20
4836907.048474635
 10
627093.429678416
 20
4836993.943782073
  0
LWPOLYLINE
  5
7D
330
17
100
AcDbEntity
  8
ROADS
100
AcDbPolyline
 90
2
 70
0
 10
627199.3491880083
 20
4836931.306513183
 10
627187.4219426453
 20
4836975.742594931
  0
LWPOLYLINE
  5
7E
330
17
100
AcDbEntity
  8
ROADS
100
AcDbPolyline
 90
2
 70
0
 10
627073.8548369111
 20
4836895.77855237
 10
627036.1096839897
 20
4837019.482201923
  0
LWPOLYLINE
  5
7F
330
17
100
AcDbEntity
  8
ROADS
100
AcDbPolyline
 90
2
 70
0
 10
627187.4219426453
 20
4836975.742594931
 10
627145.2011548956
 20
4836963.530388393
  0
LWPOLYLINE
  5
80
330
17
100
AcDbEntity
  8
ROADS
100
AcDbPolyline
 90
2
 70
0
 10
627145.2011548956
 20
4836963.530388393
 10
627114.7114581902
 20
4837047.35823916
  0
LWPOLYLINE
  5
81
330
17
100
AcDbEntity
  8
ROADS
100
AcDbPolyline
 90
2
 70
0
 10
627036.1096839897
 20
4837019.482201923
 10
626952.1819153134
 20
4836994.022018574
  0
LWPOLYLINE
  5
82
330
17
100
AcDbEntity
  8
ROADS
100
AcDbPolyline
 90
2
 70
0
 10
627114.7114581902
 20
4837047.35823916
 10
627036.1096839897
 20
4837019.482201923
  0
LWPOLYLINE
  5
83
330
17
100
AcDbEntity
  8
ROADS
100
AcDbPolyline
 90
3
 70
0
 10
627114.7114581902
 20
4837047.35823916
 10
627060.0898580783
 20
4837048.753625779
 10
627038.7694639995
 20
4837064.132043977
  0
LWPOLYLINE
  5
84
330
17
100
AcDbEntity
  8
ROADS
100
AcDbPolyline
 90
2
 70
0
 10
626327.1031811625
 20
4837134.370144155
 10
626334.5010588206
 20
4837143.645231545
  0
LWPOLYLINE
  5
85
330
17
100
AcDbEntity
  8
ROADS
100
AcDbPolyline
 90
2
 70
0
 10
626665.462890784
 20
4836947.489630584
 10
626599.8176407446
 20
4836945.993803629
  0
LWPOLYLINE
  5
86
330
17
100
AcDbEntity
  8
ROADS
100
AcDbPolyline
 90
2
 70
0
 10
626697.0809713633
 20
4836947.867381073
 10
626665.462890784
 20
4836947.489630584
  0
LWPOLYLINE
  5
87
330
17
100
AcDbEntity
  8
ROADS
100
AcDbPolyline
 90
2
 70
0
 10
626665.462890784
 20
4836947.489630584
 10
626687.05134683
 20
4837027.337827561
  0
LWPOLYLINE
  5
88
330
17
100
AcDbEntity
  8
ROADS
100
AcDbPolyline
 90
2
 70
0
 10
626530.5369808436
 20
4836979.590719113
 10
626471.1788652181
 20
4837168.770765723
  0
LWPOLYLINE
  5
89
330
17
100
AcDbEntity
  8
ROADS
100
AcDbPolyline
 90
2
 70
0
 10
626397.9818167136
 20
4837070.550852101
 10
626375.6136810773
 20
4837138.934886528
  0
LWPOLYLINE
  5
8A
330
17
100
AcDbEntity
  8
ROADS
100
AcDbPolyline
 90
2
 70
0
 10
626952.1819153134
 20
4836994.022018574
 10
626932.6642102984
 20
4836990.510876252
  0
LWPOLYLINE
  5
8B
330
17
100
AcDbEntity
  8
ROADS
100
AcDbPolyline
 90
2
 70
0
 10
626932.6642102984
 20
4836990.510876252
 10
626906.9379084609
 20
4837075.107853237
  0
LWPOLYLINE
  5
8C
330
17
100
AcDbEntity
  8
ROADS
100
AcDbPolyline
 90
2
 70
0
 10
626808.4810680682
 20
4837046.673760901
 10
626687.05134683
 20
4837027.337827561
  0
LWPOLYLINE
  5
8D
330
17
100
AcDbEntity
  8
ROADS
100
AcDbPolyline
 90
2
 70
0
 10
626906.9379084609
 20
4837075.107853237
 10
626808.4810680682
 20
4837046.673760901
  0
LWPOLYLINE
  5
8E
330
17
100
AcDbEntity
  8
ROADS
100
AcDbPolyline
 90
4
 70
0
 10
626687.05134683
 20
4837027.337827561
 10
626713.1215094115
 20
4837073.593042792
 10
626717.6385788159
 20
4837148.869282386
 10
626786.871716532
 20
4837174.808794393
  0
LWPOLYLINE
  5
8F
330
17
100
AcDbEntity
  8
ROADS
100
AcDbPolyline
 90
2
 70
0
 10
626906.9379084609
 20
4837075.107853237
 10
626888.6753354504
 20
4837138.895512727
  0
LWPOLYLINE
  5
90
330
17
100
AcDbEntity
  8
ROADS
100
AcDbPolyline
 90
3
 70
0
 10
626808.4810680682
 20
4837046.673760901
 10
626811.4784215902
 20
4837091.8457090445
 10
626786.871716532
 20
4837174.808794393
  0
LWPOLYLINE
  5
91
330
17
100
AcDbEntity
  8
ROADS
100
AcDbPolyline
 90
2
 70
0
 10
626982.2542913135
 20
4837165.980349328
 10
626888.6753354504
 20
4837138.895512727
  0
LWPOLYLINE
  5
92
330
17
100
AcDbEntity
  8
ROADS
100
AcDbPolyline
 90
2
 70
0
 10
626888.6753354504
 20
4837138.895512727
 10
626869.6375754231
 20
4837201.363067185
  0
LWPOLYLINE
  5
93
330
17
100
AcDbEntity
  8
ROADS
100
AcDbPolyline
 90
2
 70
0
 10
626786.871716532
 20
4837174.808794393
 10
626869.6375754231
 20
4837201.363067185
  0
LWPOLYLINE
  5
94
330
17
100
AcDbEntity
  8
ROADS
100
AcDbPolyline
 90
2
 70
0
 10
627114.7114581902
 20
4837047.35823916
 10
627075.0772673683
 20
4837193.007526651
  0
LWPOLYLINE
  5
95
330
17
100
AcDbEntity
  8
ROADS
100
AcDbPolyline
 90
3
 70
0
 10
627018.5004074322
 20
4837162.336561535
 10
626959.8276634841
 20
4837105.329093102
 10
626927.2329271141
 20
4837090.272769157
  0
LWPOLYLINE
  5
96
330
17
100
AcDbEntity
  8
ROADS
100
AcDbPolyline
 90
2
 70
0
 10
627018.5004074322
 20
4837162.336561535
 10
627041.5414924939
 20
4837153.672678593
  0
LWPOLYLINE
  5
97
330
17
100
AcDbEntity
  8
ROADS
100
AcDbPolyline
 90
2
 70
0
 10
627018.5004074322
 20
4837162.336561535
 10
627033.4213570768
 20
4837166.537634286
  0
LWPOLYLINE
  5
98
330
17
100
AcDbEntity
  8
ROADS
100
AcDbPolyline
 90
2
 70
0
 10
627009.9093567074
 20
4837174.03392884
 10
627018.5004074322
 20
4837162.336561535
  0
LWPOLYLINE
  5
99
330
17
100
AcDbEntity
  8
ROADS
100
AcDbPolyline
 90
2
 70
0
 10
627009.9093567074
 20
4837174.03392884
 10
626982.2542913135
 20
4837165.980349328
  0
LWPOLYLINE
  5
9A
330
17
100
AcDbEntity
  8
ROADS
100
AcDbPolyline
 90
2
 70
0
 10
627075.0772673683
 20
4837193.007526651
 10
627009.9093567074
 20
4837174.03392884
  0
LWPOLYLINE
  5
9B
330
17
100
AcDbEntity
  8
ROADS
100
AcDbPolyline
 90
5
 70
0
 10
627120.3368379758
 20
4837132.244203005
 10
627176.8089835735
 20
4837161.628198768
 10
627146.3024813251
 20
4837269.387216453
 10
627130.6252520671
 20
4837278.194265703
 10
627056.6099498443
 20
4837260.483736885
  0
LWPOLYLINE
  5
9C
330
17
100
AcDbEntity
  8
ROADS
100
AcDbPolyline
 90
2
 70
0
 10
627075.0772673683
 20
4837193.007526651
 10
627056.6099498443
 20
4837260.483736885
  0
LWPOLYLINE
  5
9D
330
17
100
AcDbEntity
  8
ROADS
100
AcDbPolyline
 90
2
 70
0
 10
626982.2542913135
 20
4837165.980349328
 10
626934.5648517099
 20
4837316.8122172635
  0
LWPOLYLINE
  5
9E
330
17
100
AcDbEntity
  8
ROADS
100
AcDbPolyline
 90
3
 70
0
 10
626687.05134683
 20
4837027.337827561
 10
626644.3264768476
 20
4837045.21633222
 10
626590.8582186465
 20
4837207.0292262165
  0
LWPOLYLINE
  5
9F
330
17
100
AcDbEntity
  8
ROADS
100
AcDbPolyline
 90
2
 70
0
 10
626471.1788652181
 20
4837168.770765723
 10
626375.6136810773
 20
4837138.934886528
  0
LWPOLYLINE
  5
A0
330
17
100
AcDbEntity
  8
ROADS
100
AcDbPolyline
 90
2
 70
0
 10
626590.8582186465
 20
4837207.0292262165
 10
626471.1788652181
 20
4837168.770765723
  0
LWPOLYLINE
  5
A1
330
17
100
AcDbEntity
  8
ROADS
100
AcDbPolyline
 90
2
 70
0
 10
626660.5583152421
 20
4837229.486974739
 10
626590.8582186465
 20
4837207.0292262165
  0
LWPOLYLINE
  5
A2
330
17
100
AcDbEntity
  8
ROADS
100
AcDbPolyline
 90
2
 70
0
 10
626471.1788652181
 20
4837168.770765723
 10
626406.0129939539
 20
4837371.332454569
  0
LWPOLYLINE
  5
A3
330
17
100
AcDbEntity
  8
ROADS
100
AcDbPolyline
 90
2
 70
0
 10
626660.5583152421
 20
4837229.486974739
 10
626596.7453060823
 20
4837431.006169223
  0
LWPOLYLINE
  5
A4
330
17
100
AcDbEntity
  8
ROADS
100
AcDbPolyline
 90
2
 70
0
 10
626698.9070735297
 20
4837291.343183862
 10
626648.2098139387
 20
4837447.683846988
  0
LWPOLYLINE
  5
A5
330
17
100
AcDbEntity
  8
ROADS
100
AcDbPolyline
 90
2
 70
0
 10
626519.9153476863
 20
4837353.275132865
 10
626505.4544544896
 20
4837402.326569424
  0
LWPOLYLINE
  5
A6
330
17
100
AcDbEntity
  8
ROADS
100
AcDbPolyline
 90
2
 70
0
 10
626505.4544544896
 20
4837402.326569424
 10
626406.0129939539
 20
4837371.332454569
  0
LWPOLYLINE
  5
A7
330
17
100
AcDbEntity
  8
ROADS
100
AcDbPolyline
 90
2
 70
0
 10
626554.6374269036
 20
4837418.914974498
 10
626568.1337785826
 20
4837371.494187092
  0
LWPOLYLINE
  5
A8
330
17
100
AcDbEntity
  8
ROADS
100
AcDbPolyline
 90
2
 70
0
 10
626869.6375754231
 20
4837201.363067185
 10
626841.8647410873
 20
4837287.307087024
  0
LWPOLYLINE
  5
A9
330
17
100
AcDbEntity
  8
ROADS
100
AcDbPolyline
 90
2
 70
0
 10
626759.5164879226
 20
4837260.887354842
 10
626660.5583152421
 20
4837229.486974739
  0
LWPOLYLINE
  5
AA
330
17
100
AcDbEntity
  8
ROADS
100
AcDbPolyline
 90
2
 70
0
 10
626805.4378522513
 20
4837275.620657597
 10
626759.5164879226
 20
4837260.887354842
  0
LWPOLYLINE
  5
AB
330
17
100
AcDbEntity
  8
ROADS
100
AcDbPolyline
 90
2
 70
0
 10
626841.8647410873
 20
4837287.307087024
 10
626805.4378522513
 20
4837275.620657597
  0
LWPOLYLINE
  5
AC
330
17
100
AcDbEntity
  8
ROADS
100
AcDbPolyline
 90
2
 70
0
 10
626878.7441460676
 20
4837298.966700287
 10
626841.8647410873
 20
4837287.307087024
  0
LWPOLYLINE
  5
AD
330
17
100
AcDbEntity
  8
ROADS
100
AcDbPolyline
 90
3
 70
0
 10
626805.4378522513
 20
4837275.620657597
 10
626789.1785606854
 20
4837325.3516593035
 10
626826.2366636816
 20
4837338.023568159
  0
LWPOLYLINE
  5
AE
330
17
100
AcDbEntity
  8
ROADS
100
AcDbPolyline
 90
2
 70
0
 10
626934.5648517099
 20
4837316.8122172635
 10
626878.7441460676
 20
4837298.966700287
  0
LWPOLYLINE
  5
AF
330
17
100
AcDbEntity
  8
ROADS
100
AcDbPolyline
 90
2
 70
0
 10
626759.5164879226
 20
4837260.887354842
 10
626729.2996123747
 20
4837361.424029372
  0
LWPOLYLINE
  5
B0
330
17
100
AcDbEntity
  8
ROADS
100
AcDbPolyline
 90
2
 70
0
 10
626878.7441460676
 20
4837298.966700287
 10
626850.6758296568
 20
4837398.870222591
  0
LWPOLYLINE
  5
B1
330
17
100
AcDbEntity
  8
ROADS
100
AcDbPolyline
 90
2
 70
0
 10
626810.2841552979
 20
4837386.661051297
 10
626729.2996123747
 20
4837361.424029372
  0
LWPOLYLINE
  5
B2
330
17
100
AcDbEntity
  8
ROADS
100
AcDbPolyline
 90
2
 70
0
 10
627056.6099498443
 20
4837260.483736885
 10
627013.6947828234
 20
4837340.586615268
  0
LWPOLYLINE
  5
B3
330
17
100
AcDbEntity
  8
ROADS
100
AcDbPolyline
 90
2
 70
0
 10
627013.6947828234
 20
4837340.586615268
 10
626934.5648517099
 20
4837316.8122172635
  0
LWPOLYLINE
  5
B4
330
17
100
AcDbEntity
  8
ROADS
100
AcDbPolyline
 90
2
 70
0
 10
627241.9146445276
 20
4837288.231364215
 10
627188.3319497405
 20
4837395.311049123
  0
LWPOLYLINE
  5
B5
330
17
100
AcDbEntity
  8
ROADS
100
AcDbPolyline
 90
2
 70
0
 10
627096.8224490945
 20
4837367.210493134
 10
627013.6947828234
 20
4837340.586615268
  0
LWPOLYLINE
  5
B6
330
17
100
AcDbEntity
  8
ROADS
100
AcDbPolyline
 90
2
 70
0
 10
627013.6947828234
 20
4837340.586615268
 10
626996.9418590107
 20
4837392.948879909
  0
LWPOLYLINE
  5
B7
330
17
100
AcDbEntity
  8
ROADS
100
AcDbPolyline
 90
2
 70
0
 10
627188.3319497405
 20
4837395.311049123
 10
627096.8224490945
 20
4837367.210493134
  0
LWPOLYLINE
  5
B8
330
17
100
AcDbEntity
  8
ROADS
100
AcDbPolyline
 90
2
 70
0
 10
627096.8224490945
 20
4837367.210493134
 10
627071.4880351694
 20
4837459.219028032
  0
LWPOLYLINE
  5
B9
330
17
100
AcDbEntity
  8
ROADS
100
AcDbPolyline
 90
2
 70
0
 10
627188.3319497405
 20
4837395.311049123
 10
627175.9521389841
 20
4837435.736681495
  0
LWPOLYLINE
  5
BA
330
17
100
AcDbEntity
  8
ROADS
100
AcDbPolyline
 90
2
 70
0
 10
626996.9418590107
 20
4837392.948879909
 10
626968.857256697
 20
4837480.479376803
  0
LWPOLYLINE
  5
BB
330
17
100
AcDbEntity
  8
ROADS
100
AcDbPolyline
 90
3
 70
0
 10
627175.9521389841
 20
4837435.736681495
 10
627131.8740144467
 20
4837424.311878454
 10
627116.2484500471
 20
4837475.053444554
  0
LWPOLYLINE
  5
BC
330
17
100
AcDbEntity
  8
ROADS
100
AcDbPolyline
 90
4
 70
0
 10
626996.9418590107
 20
4837392.948879909
 10
626907.7409589754
 20
4837360.0147918025
 10
626891.6388818045
 20
4837410.507694415
 10
626850.6758296568
 20
4837398.870222591
  0
LWPOLYLINE
  5
BD
330
17
100
AcDbEntity
  8
ROADS
100
AcDbPolyline
 90
2
 70
0
 10
626850.6758296568
 20
4837398.870222591
 10
626810.2841552979
 20
4837386.661051297
  0
LWPOLYLINE
  5
BE
330
17
100
AcDbEntity
  8
ROADS
100
AcDbPolyline
 90
2
 70
0
 10
626729.2996123747
 20
4837361.424029372
 10
626695.2708628755
 20
4837462.934811957
  0
LWPOLYLINE
  5
BF
330
17
100
AcDbEntity
  8
ROADS
100
AcDbPolyline
 90
3
 70
0
 10
626810.2841552979
 20
4837386.661051297
 10
626794.9710753255
 20
4837440.14288779
 10
626758.6330836464
 20
4837425.753386744
  0
LWPOLYLINE
  5
C0
330
17
100
AcDbEntity
  8
ROADS
100
AcDbPolyline
 90
2
 70
0
 10
626850.6758296568
 20
4837398.870222591
 10
626819.1184610743
 20
4837495.058406683
  0
LWPOLYLINE
  5
C1
330
17
100
AcDbEntity
  8
ROADS
100
AcDbPolyline
 90
2
 70
0
 10
626790.8384577867
 20
4837486.613479815
 10
626695.2708628755
 20
4837462.934811957
  0
LWPOLYLINE
  5
C2
330
17
100
AcDbEntity
  8
ROADS
100
AcDbPolyline
 90
2
 70
0
 10
626695.2708628755
 20
4837462.934811957
 10
626682.6917015199
 20
4837503.213768445
  0
LWPOLYLINE
  5
C3
330
17
100
AcDbEntity
  8
ROADS
100
AcDbPolyline
 90
2
 70
0
 10
626819.1184610743
 20
4837495.058406683
 10
626790.8384577867
 20
4837486.613479815
  0
LWPOLYLINE
  5
C4
330
17
100
AcDbEntity
  8
ROADS
100
AcDbPolyline
 90
2
 70
0
 10
626790.8384577867
 20
4837486.613479815
 10
626777.6017810253
 20
4837529.019685721
  0
LWPOLYLINE
  5
C5
330
17
100
AcDbEntity
  8
ROADS
100
AcDbPolyline
 90
2
 70
0
 10
626902.3804556926
 20
4837521.937753168
 10
626819.1184610743
 20
4837495.058406683
  0
LWPOLYLINE
  5
C6
330
17
100
AcDbEntity
  8
ROADS
100
AcDbPolyline
 90
2
 70
0
 10
627175.9521389841
 20
4837435.736681495
 10
627161.0152571821
 20
4837484.94961321
  0
LWPOLYLINE
  5
C7
330
17
100
AcDbEntity
  8
ROADS
100
AcDbPolyline
 90
2
 70
0
 10
627021.718306639
 20
4837496.471292463
 10
626968.857256697
 20
4837480.479376803
  0
LWPOLYLINE
  5
C8
330
17
100
AcDbEntity
  8
ROADS
100
AcDbPolyline
 90
2
 70
0
 10
626968.857256697
 20
4837480.479376803
 10
626953.0336037354
 20
4837525.252967717
  0
LWPOLYLINE
  5
C9
330
17
100
AcDbEntity
  8
ROADS
100
AcDbPolyline
 90
2
 70
0
 10
627093.5285472723
 20
4837518.379254465
 10
627021.718306639
 20
4837496.471292463
  0
LWPOLYLINE
  5
CA
330
17
100
AcDbEntity
  8
ROADS
100
AcDbPolyline
 90
2
 70
0
 10
627161.0152571821
 20
4837484.94961321
 10
627144.8872313937
 20
4837537.539208853
  0
LWPOLYLINE
  5
CB
330
17
100
AcDbEntity
  8
ROADS
100
AcDbPolyline
 90
3
 70
0
 10
627021.718306639
 20
4837496.471292463
 10
627010.2379734505
 20
4837533.6659688
 10
626996.8928097419
 20
4837529.95240641
  0
LWPOLYLINE
  5
CC
330
17
100
AcDbEntity
  8
ROADS
100
AcDbPolyline
 90
2
 70
0
 10
627118.2505499186
 20
4837525.762782724
 10
627093.5285472723
 20
4837518.379254465
  0
LWPOLYLINE
  5
CD
330
17
100
AcDbEntity
  8
ROADS
100
AcDbPolyline
 90
2
 70
0
 10
626996.8928097419
 20
4837529.95240641
 10
626953.0336037354
 20
4837525.252967717
  0
LWPOLYLINE
  5
CE
330
17
100
AcDbEntity
  8
ROADS
100
AcDbPolyline
 90
2
 70
0
 10
627144.8872313937
 20
4837537.539208853
 10
627118.2505499186
 20
4837525.762782724
  0
LWPOLYLINE
  5
CF
330
17
100
AcDbEntity
  8
ROADS
100
AcDbPolyline
 90
3
 70
0
 10
627093.5285472723
 20
4837518.379254465
 10
627082.6269630343
 20
4837555.755415434
 10
627106.8090296551
 20
4837563.0781782055
  0
LWPOLYLINE
  5
D0
330
17
100
AcDbEntity
  8
ROADS
100
AcDbPolyline
 90
2
 70
0
 10
627199.3491880083
 20
4836931.306513183
 10
627328.0560063933
 20
4836970.692275072
  0
LWPOLYLINE
  5
D1
330
17
100
AcDbEntity
  8
ROADS
100
AcDbPolyline
 90
2
 70
0
 10
627315.9897229862
 20
4837015.018851626
 10
627187.4219426453
 20
4836975.742594931
  0
LWPOLYLINE
  5
D2
330
17
100
AcDbEntity
  8
ROADS
100
AcDbPolyline
 90
3
 70
0
 10
627187.4219426453
 20
4836975.742594931
 10
627174.8235440014
 20
4837020.737572103
 10
627302.8327660195
 20
4837059.76572906
  0
LWPOLYLINE
  5
D3
330
17
100
AcDbEntity
  8
ROADS
100
AcDbPolyline
 90
2
 70
0
 10
627444.190775652
 20
4837173.344973507
 10
627114.7114581902
 20
4837047.35823916
  0
LWPOLYLINE
  5
D4
330
17
100
AcDbEntity
  8
ROADS
100
AcDbPolyline
 90
2
 70
0
 10
627748.3747887654
 20
4837036.792698802
 10
627723.5246718688
 20
4837115.430467095
  0
LWPOLYLINE
  5
D5
330
17
100
AcDbEntity
  8
ROADS
100
AcDbPolyline
 90
2
 70
0
 10
627763.5557070173
 20
4837128.012139287
 10
627723.5246718688
 20
4837115.430467095
  0
LWPOLYLINE
  5
D6
330
17
100
AcDbEntity
  8
ROADS
100
AcDbPolyline
 90
2
 70
0
 10
627723.5246718688
 20
4837115.430467095
 10
627702.9208879301
 20
4837186.960935924
  0
LWPOLYLINE
  5
D7
330
17
100
AcDbEntity
  8
ROADS
100
AcDbPolyline
 90
2
 70
0
 10
627763.5557070173
 20
4837128.012139287
 10
627747.0170138051
 20
4837189.874009771
  0
LWPOLYLINE
  5
D8
330
17
100
AcDbEntity
  8
ROADS
100
AcDbPolyline
 90
2
 70
0
 10
627823.0638305517
 20
4837069.879760496
 10
627816.5759332282
 20
4837090.747513799
  0
LWPOLYLINE
  5
D9
330
17
100
AcDbEntity
  8
ROADS
100
AcDbPolyline
 90
2
 70
0
 10
627918.1337077428
 20
4837126.056648175
 10
627911.2756227562
 20
4837149.27668929
  0
LWPOLYLINE
  5
DA
330
17
100
AcDbEntity
  8
ROADS
100
AcDbPolyline
 90
2
 70
0
 10
627782.5274331135
 20
4837065.382209499
 10
627763.5557070173
 20
4837128.012139287
  0
LWPOLYLINE
  5
DB
330
17
100
AcDbEntity
  8
ROADS
100
AcDbPolyline
 90
3
 70
0
 10
627956.8063091958
 20
4837155.24599011
 10
627954.787053785
 20
4837161.905310763
 10
627911.2756227562
 20
4837149.27668929
  0
LWPOLYLINE
  5
DC
330
17
100
AcDbEntity
  8
ROADS
100
AcDbPolyline
 90
2
 70
0
 10
627816.5759332282
 20
4837090.747513799
 10
627868.3693835799
 20
4837111.588411088
  0
LWPOLYLINE
  5
DD
330
17
100
AcDbEntity
  8
ROADS
100
AcDbPolyline
 90
2
 70
0
 10
627816.5759332282
 20
4837090.747513799
 10
627786.7848179988
 20
4837191.186213305
  0
LWPOLYLINE
  5
DE
330
17
100
AcDbEntity
  8
ROADS
100
AcDbPolyline
 90
2
 70
0
 10
627911.2756227562
 20
4837149.27668929
 10
627896.1068216385
 20
4837200.641685328
  0
LWPOLYLINE
  5
DF
330
17
100
AcDbEntity
  8
ROADS
100
AcDbPolyline
 90
2
 70
0
 10
627786.7848179988
 20
4837191.186213305
 10
627747.0170138051
 20
4837189.874009771
  0
LWPOLYLINE
  5
E0
330
17
100
AcDbEntity
  8
ROADS
100
AcDbPolyline
 90
2
 70
0
 10
627896.1068216385
 20
4837200.641685328
 10
627786.7848179988
 20
4837191.186213305
  0
LWPOLYLINE
  5
E1
330
17
100
AcDbEntity
  8
ROADS
100
AcDbPolyline
 90
2
 70
0
 10
627987.7111692618
 20
4837201.777238916
 10
627896.1068216385
 20
4837200.641685328
  0
LWPOLYLINE
  5
E2
330
17
100
AcDbEntity
  8
ROADS
100
AcDbPolyline
 90
5
 70
0
 10
627892.3027190702
 20
4837314.773207529
 10
627834.6388288045
 20
4837298.747428202
 10
627795.3816212653
 20
4837305.753975656
 10
627763.5274765989
 20
4837329.981490162
 10
627749.2109166601
 20
4837365.40885302
  0
LWPOLYLINE
  5
E3
330
17
100
AcDbEntity
  8
ROADS
100
AcDbPolyline
 90
3
 70
0
 10
627991.0032235141
 20
4837382.284386485
 10
628006.0483049813
 20
4837304.361435849
 10
627919.3982151903
 20
4837316.777312928
  0
LWPOLYLINE
  5
E4
330
17
100
AcDbEntity
  8
ROADS
100
AcDbPolyline
 90
3
 70
0
 10
627913.8815293328
 20
4837394.214519162
 10
627863.6742870787
 20
4837399.579936355
 10
627749.2109166601
 20
4837365.40885302
  0
LWPOLYLINE
  5
E5
330
17
100
AcDbEntity
  8
ROADS
100
AcDbPolyline
 90
2
 70
0
 10
627991.0032235141
 20
4837382.284386485
 10
627913.8815293328
 20
4837394.214519162
  0
LWPOLYLINE
  5
E6
330
17
100
AcDbEntity
  8
ROADS
100
AcDbPolyline
 90
2
 70
0
 10
627702.9208879301
 20
4837186.960935924
 10
627444.190775652
 20
4837173.344973507
  0
LWPOLYLINE
  5
E7
330
17
100
AcDbEntity
  8
ROADS
100
AcDbPolyline
 90
2
 70
0
 10
627747.0170138051
 20
4837189.874009771
 10
627702.9208879301
 20
4837186.960935924
  0
LWPOLYLINE
  5
E8
330
17
100
AcDbEntity
  8
ROADS
100
AcDbPolyline
 90
2
 70
0
 10
627702.9208879301
 20
4837186.960935924
 10
627648.3322243042
 20
4837363.157471328
  0
LWPOLYLINE
  5
E9
330
17
100
AcDbEntity
  8
ROADS
100
AcDbPolyline
 90
5
 70
0
 10
627633.113335879
 20
4837414.6365193445
 10
627615.4991404975
 20
4837402.088196873
 10
627643.0913554187
 20
4837284.053688788
 10
627566.9471249998
 20
4837272.132001012
 10
627509.1280601721
 20
4837429.094323454
  0
LWPOLYLINE
  5
EA
330
17
100
AcDbEntity
  8
ROADS
100
AcDbPolyline
 90
2
 70
0
 10
627715.0586688034
 20
4837383.606417482
 10
627728.7821186195
 20
4837338.505718476
  0
LWPOLYLINE
  5
EB
330
17
100
AcDbEntity
  8
ROADS
100
AcDbPolyline
 90
2
 70
0
 10
627715.0586688034
 20
4837383.606417482
 10
627648.3322243042
 20
4837363.157471328
  0
LWPOLYLINE
  5
EC
330
17
100
AcDbEntity
  8
ROADS
100
AcDbPolyline
 90
2
 70
0
 10
627749.2109166601
 20
4837365.40885302
 10
627740.0347395663
 20
4837390.1049868185
  0
LWPOLYLINE
  5
ED
330
17
100
AcDbEntity
  8
ROADS
100
AcDbPolyline
 90
2
 70
0
 10
627740.0347395663
 20
4837390.1049868185
 10
627715.0586688034
 20
4837383.606417482
  0
LWPOLYLINE
  5
EE
330
17
100
AcDbEntity
  8
ROADS
100
AcDbPolyline
 90
2
 70
0
 10
627648.3322243042
 20
4837363.157471328
 10
627633.113335879
 20
4837414.6365193445
  0
LWPOLYLINE
  5
EF
330
17
100
AcDbEntity
  8
ROADS
100
AcDbPolyline
 90
2
 70
0
 10
627485.0721222407
 20
4837422.64789805
 10
627509.1280601721
 20
4837429.094323454
  0
LWPOLYLINE
  5
F0
330
17
100
AcDbEntity
  8
ROADS
100
AcDbPolyline
 90
2
 70
0
 10
627444.190775652
 20
4837173.344973507
 10
627423.1535842497
 20
4837225.20980949
  0
LWPOLYLINE
  5
F1
330
17
100
AcDbEntity
  8
ROADS
100
AcDbPolyline
 90
3
 70
0
 10
627423.1535842497
 20
4837225.20980949
 10
627397.5790031827
 20
4837222.167151598
 10
627335.1236066144
 20
4837261.402213966
  0
LWPOLYLINE
  5
F2
330
17
100
AcDbEntity
  8
ROADS
100
AcDbPolyline
 90
4
 70
0
 10
627335.1236066144
 20
4837261.402213966
 10
627299.8815674457
 20
4837229.0429090215
 10
627254.5867237548
 20
4837217.597125935
 10
627241.9146445276
 20
4837288.231364215
  0
LWPOLYLINE
  5
F3
330
17
100
AcDbEntity
  8
ROADS
100
AcDbPolyline
 90
2
 70
0
 10
627335.1236066144
 20
4837261.402213966
 10
627315.2496237408
 20
4837282.623151819
  0
LWPOLYLINE
  5
F4
330
17
100
AcDbEntity
  8
ROADS
100
AcDbPolyline
 90
2
 70
0
 10
627315.2496237408
 20
4837282.623151819
 10
627241.9146445276
 20
4837288.231364215
  0
LWPOLYLINE
  5
F5
330
17
100
AcDbEntity
  8
ROADS
100
AcDbPolyline
 90
5
 70
0
 10
627315.2496237408
 20
4837282.623151819
 10
627312.254029784
 20
4837405.741657271
 10
627414.5675926069
 20
4837432.441530603
 10
627449.8397664774
 20
4837294.6937380815
 10
627423.1535842497
 20
4837225.20980949
  0
LWPOLYLINE
  5
F6
330
17
100
AcDbEntity
  8
ROADS
100
AcDbPolyline
 90
2
 70
0
 10
627520.1155697977
 20
4837538.7049202
 10
627175.9521389841
 20
4837435.736681495
  0
LWPOLYLINE
  5
F7
330
17
100
AcDbEntity
  8
ROADS
100
AcDbPolyline
 90
2
 70
0
 10
627504.2934461549
 20
4837590.636060426
 10
627161.0152571821
 20
4837484.94961321
  0
LWPOLYLINE
  5
F8
330
17
100
AcDbEntity
  8
ROADS
100
AcDbPolyline
 90
2
 70
0
 10
627469.9891510719
 20
4837637.5906455815
 10
627144.8872313937
 20
4837537.539208853
  0
LWPOLYLINE
  5
F9
330
17
100
AcDbEntity
  8
ROADS
100
AcDbPolyline
 90
2
 70
0
 10
627489.0856527636
 20
4837643.048335905
 10
627469.9891510719
 20
4837637.5906455815
  0
LWPOLYLINE
  5
FA
330
17
100
AcDbEntity
  8
ROADS
100
AcDbPolyline
 90
2
 70
0
 10
627633.113335879
 20
4837414.6365193445
 10
627618.4678310844
 20
4837463.275752128
  0
LWPOLYLINE
  5
FB
330
17
100
AcDbEntity
  8
ROADS
100
AcDbPolyline
 90
2
 70
0
 10
627509.1280601721
 20
4837429.094323454
 10
627618.4678310844
 20
4837463.275752128
  0
LWPOLYLINE
  5
FC
330
17
100
AcDbEntity
  8
ROADS
100
AcDbPolyline
 90
2
 70
0
 10
627740.0347395663
 20
4837390.1049868185
 10
627688.5630908151
 20
4837556.794275513
  0
LWPOLYLINE
  5
FD
330
17
100
AcDbEntity
  8
ROADS
100
AcDbPolyline
 90
2
 70
0
 10
627618.4678310844
 20
4837463.275752128
 10
627598.173529481
 20
4837529.025909769
  0
LWPOLYLINE
  5
FE
330
17
100
AcDbEntity
  8
ROADS
100
AcDbPolyline
 90
2
 70
0
 10
627541.5494896165
 20
4837545.087933914
 10
627520.1155697977
 20
4837538.7049202
  0
LWPOLYLINE
  5
FF
330
17
100
AcDbEntity
  8
ROADS
100
AcDbPolyline
 90
2
 70
0
 10
627688.5630908151
 20
4837556.794275513
 10
627598.173529481
 20
4837529.025909769
  0
LWPOLYLINE
  5
100
330
17
100
AcDbEntity
  8
ROADS
100
AcDbPolyline
 90
2
 70
0
 10
627598.173529481
 20
4837529.025909769
 10
627588.7844985414
 20
4837558.966010169
  0
LWPOLYLINE
  5
101
330
17
100
AcDbEntity
  8
ROADS
100
AcDbPolyline
 90
2
 70
0
 10
627588.7844985414
 20
4837558.966010169
 10
627541.5494896165
 20
4837545.087933914
  0
LWPOLYLINE
  5
102
330
17
100
AcDbEntity
  8
ROADS
100
AcDbPolyline
 90
2
 70
0
 10
627541.5494896165
 20
4837545.087933914
 10
627529.3345994618
 20
4837582.641405269
  0
LWPOLYLINE
  5
103
330
17
100
AcDbEntity
  8
ROADS
100
AcDbPolyline
 90
2
 70
0
 10
627520.1155697977
 20
4837538.7049202
 10
627504.2934461549
 20
4837590.636060426
  0
LWPOLYLINE
  5
104
330
17
100
AcDbEntity
  8
ROADS
100
AcDbPolyline
 90
2
 70
0
 10
627807.9928978602
 20
4837590.514203563
 10
627688.5630908151
 20
4837556.794275513
  0
LWPOLYLINE
  5
105
330
17
100
AcDbEntity
  8
ROADS
100
AcDbPolyline
 90
2
 70
0
 10
627588.7844985414
 20
4837558.966010169
 10
627556.680139657
 20
4837663.440023152
  0
LWPOLYLINE
  5
106
330
17
100
AcDbEntity
  8
ROADS
100
AcDbPolyline
 90
2
 70
0
 10
627504.2934461549
 20
4837590.636060426
 10
627489.0856527636
 20
4837643.048335905
  0
LWPOLYLINE
  5
107
330
17
100
AcDbEntity
  8
ROADS
100
AcDbPolyline
 90
2
 70
0
 10
627556.680139657
 20
4837663.440023152
 10
627489.0856527636
 20
4837643.048335905
  0
LWPOLYLINE
  5
108
330
17
100
AcDbEntity
  8
ROADS
100
AcDbPolyline
 90
2
 70
0
 10
627688.5630908151
 20
4837556.794275513
 10
627620.2039024301
 20
4837785.657545042
  0
LWPOLYLINE
  5
109
330
17
100
AcDbEntity
  8
ROADS
100
AcDbPolyline
 90
2
 70
0
 10
627556.680139657
 20
4837663.440023152
 10
627503.5051649015
 20
4837723.360157054
  0
LWPOLYLINE
  5
10A
330
17
100
AcDbEntity
  8
ROADS
100
AcDbPolyline
 90
2
 70
0
 10
627556.680139657
 20
4837663.440023152
 10
627536.8408853234
 20
4837729.795424713
  0
LWPOLYLINE
  5
10B
330
17
100
AcDbEntity
  8
ROADS
100
AcDbPolyline
 90
3
 70
0
 10
627536.8408853234
 20
4837729.795424713
 10
627529.9999588242
 20
4837713.344672842
 10
627503.5051649015
 20
4837723.360157054
  0
LWPOLYLINE
  5
10C
330
17
100
AcDbEntity
  8
ROADS
100
AcDbPolyline
 90
2
 70
0
 10
627503.5051649015
 20
4837723.360157054
 10
627482.1968524241
 20
4837748.186366212
  0
LWPOLYLINE
  5
10D
330
17
100
AcDbEntity
  8
ROADS
100
AcDbPolyline
 90
2
 70
0
 10
627536.8408853234
 20
4837729.795424713
 10
627528.0397921468
 20
4837758.800088039
  0
LWPOLYLINE
  5
10E
330
17
100
AcDbEntity
  8
ROADS
100
AcDbPolyline
 90
2
 70
0
 10
627453.1555056549
 20
4837688.680094617
 10
627127.4922768661
 20
4837594.599164469
  0
LWPOLYLINE
  5
10F
330
17
100
AcDbEntity
  8
ROADS
100
AcDbPolyline
 90
2
 70
0
 10
627469.9891510719
 20
4837637.5906455815
 10
627453.1555056549
 20
4837688.680094617
  0
LWPOLYLINE
  5
110
330
17
100
AcDbEntity
  8
ROADS
100
AcDbPolyline
 90
2
 70
0
 10
627440.2636223534
 20
4837734.34014994
 10
627115.1076851685
 20
4837634.679674796
  0
LWPOLYLINE
  5
111
330
17
100
AcDbEntity
  8
ROADS
100
AcDbPolyline
 90
2
 70
0
 10
627453.1555056549
 20
4837688.680094617
 10
627482.6268943703
 20
4837697.976986747
  0
LWPOLYLINE
  5
112
330
17
100
AcDbEntity
  8
ROADS
100
AcDbPolyline
 90
2
 70
0
 10
627453.1555056549
 20
4837688.680094617
 10
627440.2636223534
 20
4837734.34014994
  0
LWPOLYLINE
  5
113
330
17
100
AcDbEntity
  8
ROADS
100
AcDbPolyline
 90
2
 70
0
 10
627375.464489098
 20
4837767.300344937
 10
627097.6999433083
 20
4837688.022159896
  0
LWPOLYLINE
  5
114
330
17
100
AcDbEntity
  8
ROADS
100
AcDbPolyline
 90
2
 70
0
 10
627482.1968524241
 20
4837748.186366212
 10
627440.2636223534
 20
4837734.34014994
  0
LWPOLYLINE
  5
115
330
17
100
AcDbEntity
  8
ROADS
100
AcDbPolyline
 90
2
 70
0
 10
627482.1968524241
 20
4837748.186366212
 10
627440.4917793903
 20
4837787.747627152
  0
LWPOLYLINE
  5
116
330
17
100
AcDbEntity
  8
ROADS
100
AcDbPolyline
 90
2
 70
0
 10
627440.4917793903
 20
4837787.747627152
 10
627375.464489098
 20
4837767.300344937
  0
LWPOLYLINE
  5
117
330
17
100
AcDbEntity
  8
ROADS
100
AcDbPolyline
 90
3
 70
0
 10
627375.464489098
 20
4837767.300344937
 10
627367.3468250458
 20
4837793.18715806
 10
627338.0428260592
 20
4837811.167324338
  0
LWPOLYLINE
  5
118
330
17
100
AcDbEntity
  8
ROADS
100
AcDbPolyline
 90
2
 70
0
 10
627620.2039024301
 20
4837785.657545042
 10
627528.0397921468
 20
4837758.800088039
  0
LWPOLYLINE
  5
119
330
17
100
AcDbEntity
  8
ROADS
100
AcDbPolyline
 90
2
 70
0
 10
627620.2039024301
 20
4837785.657545042
 10
627613.4850053763
 20
4837808.133457361
  0
LWPOLYLINE
  5
11A
330
17
100
AcDbEntity
  8
ROADS
100
AcDbPolyline
 90
2
 70
0
 10
627528.0397921468
 20
4837758.800088039
 10
627500.1192020082
 20
4837850.082897313
  0
LWPOLYLINE
  5
11B
330
17
100
AcDbEntity
  8
ROADS
100
AcDbPolyline
 90
2
 70
0
 10
627722.8755972681
 20
4837827.727011483
 10
627620.2039024301
 20
4837785.657545042
  0
LWPOLYLINE
  5
11C
330
17
100
AcDbEntity
  8
ROADS
100
AcDbPolyline
 90
2
 70
0
 10
627747.0886545386
 20
4837819.625385621
 10
627722.8755972681
 20
4837827.727011483
  0
LWPOLYLINE
  5
11D
330
17
100
AcDbEntity
  8
ROADS
100
AcDbPolyline
 90
2
 70
0
 10
627613.4850053763
 20
4837808.133457361
 10
627635.0583868801
 20
4837844.958940017
  0
LWPOLYLINE
  5
11E
330
17
100
AcDbEntity
  8
ROADS
100
AcDbPolyline
 90
2
 70
0
 10
627650.5593013677
 20
4837816.983499925
 10
627635.0583868801
 20
4837844.958940017
  0
LWPOLYLINE
  5
11F
330
17
100
AcDbEntity
  8
ROADS
100
AcDbPolyline
 90
2
 70
0
 10
627722.8755972681
 20
4837827.727011483
 10
627683.4907856514
 20
4837845.327859544
  0
LWPOLYLINE
  5
120
330
17
100
AcDbEntity
  8
ROADS
100
AcDbPolyline
 90
2
 70
0
 10
627613.4850053763
 20
4837808.133457361
 10
627594.4844872564
 20
4837871.352832466
  0
LWPOLYLINE
  5
121
330
17
100
AcDbEntity
  8
ROADS
100
AcDbPolyline
 90
2
 70
0
 10
627635.0583868801
 20
4837844.958940017
 10
627642.9978375104
 20
4837854.970158596
  0
LWPOLYLINE
  5
122
330
17
100
AcDbEntity
  8
ROADS
100
AcDbPolyline
 90
2
 70
0
 10
626554.6374269036
 20
4837418.914974498
 10
626505.4544544896
 20
4837402.326569424
  0
LWPOLYLINE
  5
123
330
17
100
AcDbEntity
  8
ROADS
100
AcDbPolyline
 90
2
 70
0
 10
626596.7453060823
 20
4837431.006169223
 10
626554.6374269036
 20
4837418.914974498
  0
LWPOLYLINE
  5
124
330
17
100
AcDbEntity
  8
ROADS
100
AcDbPolyline
 90
2
 70
0
 10
626648.2098139387
 20
4837447.683846988
 10
626596.7453060823
 20
4837431.006169223
  0
LWPOLYLINE
  5
125
330
17
100
AcDbEntity
  8
ROADS
100
AcDbPolyline
 90
2
 70
0
 10
626554.6374269036
 20
4837418.914974498
 10
626533.267085223
 20
4837480.133194417
  0
LWPOLYLINE
  5
126
330
17
100
AcDbEntity
  8
ROADS
100
AcDbPolyline
 90
2
 70
0
 10
626695.2708628755
 20
4837462.934811957
 10
626648.2098139387
 20
4837447.683846988
  0
LWPOLYLINE
  5
127
330
17
100
AcDbEntity
  8
ROADS
100
AcDbPolyline
 90
2
 70
0
 10
626505.4544544896
 20
4837402.326569424
 10
626445.6756868269
 20
4837588.026650048
  0
LWPOLYLINE
  5
128
330
17
100
AcDbEntity
  8
ROADS
100
AcDbPolyline
 90
2
 70
0
 10
626596.7453060823
 20
4837431.006169223
 10
626555.5391660717
 20
4837561.655859893
  0
LWPOLYLINE
  5
129
330
17
100
AcDbEntity
  8
ROADS
100
AcDbPolyline
 90
2
 70
0
 10
626648.2098139387
 20
4837447.683846988
 10
626605.8469497473
 20
4837580.083242848
  0
LWPOLYLINE
  5
12A
330
17
100
AcDbEntity
  8
ROADS
100
AcDbPolyline
 90
2
 70
0
 10
626682.6917015199
 20
4837503.213768445
 10
626653.3264699719
 20
4837597.078397711
  0
LWPOLYLINE
  5
12B
330
17
100
AcDbEntity
  8
ROADS
100
AcDbPolyline
 90
2
 70
0
 10
626555.5391660717
 20
4837561.655859893
 10
626512.130051848
 20
4837548.30204273
  0
LWPOLYLINE
  5
12C
330
17
100
AcDbEntity
  8
ROADS
100
AcDbPolyline
 90
2
 70
0
 10
626729.5507151048
 20
4837519.019122719
 10
626682.6917015199
 20
4837503.213768445
  0
LWPOLYLINE
  5
12D
330
17
100
AcDbEntity
  8
ROADS
100
AcDbPolyline
 90
2
 70
0
 10
626777.6017810253
 20
4837529.019685721
 10
626729.5507151048
 20
4837519.019122719
  0
LWPOLYLINE
  5
12E
330
17
100
AcDbEntity
  8
ROADS
100
AcDbPolyline
 90
2
 70
0
 10
626948.4718848327
 20
4837539.516347469
 10
626902.3804556926
 20
4837521.937753168
  0
LWPOLYLINE
  5
12F
330
17
100
AcDbEntity
  8
ROADS
100
AcDbPolyline
 90
2
 70
0
 10
626953.0336037354
 20
4837525.252967717
 10
626948.4718848327
 20
4837539.516347469
  0
LWPOLYLINE
  5
130
330
17
100
AcDbEntity
  8
ROADS
100
AcDbPolyline
 90
2
 70
0
 10
626777.6017810253
 20
4837529.019685721
 10
626824.9836810589
 20
4837547.985696267
  0
LWPOLYLINE
  5
131
330
17
100
AcDbEntity
  8
ROADS
100
AcDbPolyline
 90
2
 70
0
 10
626902.3804556926
 20
4837521.937753168
 10
626888.5894341499
 20
4837567.236123757
  0
LWPOLYLINE
  5
132
330
17
100
AcDbEntity
  8
ROADS
100
AcDbPolyline
 90
2
 70
0
 10
626824.9836810589
 20
4837547.985696267
 10
626888.5894341499
 20
4837567.236123757
  0
LWPOLYLINE
  5
133
330
17
100
AcDbEntity
  8
ROADS
100
AcDbPolyline
 90
2
 70
0
 10
626729.5507151048
 20
4837519.019122719
 10
626701.3537163762
 20
4837610.717759367
  0
LWPOLYLINE
  5
134
330
17
100
AcDbEntity
  8
ROADS
100
AcDbPolyline
 90
2
 70
0
 10
626810.7014875966
 20
4837594.287233957
 10
626824.9836810589
 20
4837547.985696267
  0
LWPOLYLINE
  5
135
330
17
100
AcDbEntity
  8
ROADS
100
AcDbPolyline
 90
2
 70
0
 10
626777.6017810253
 20
4837529.019685721
 10
626748.4162138627
 20
4837622.515566236
  0
LWPOLYLINE
  5
136
330
17
100
AcDbEntity
  8
ROADS
100
AcDbPolyline
 90
2
 70
0
 10
626996.8928097419
 20
4837529.95240641
 10
626988.9109614794
 20
4837556.376684752
  0
LWPOLYLINE
  5
137
330
17
100
AcDbEntity
  8
ROADS
100
AcDbPolyline
 90
2
 70
0
 10
627118.2505499186
 20
4837525.762782724
 10
627106.8090296551
 20
4837563.0781782055
  0
LWPOLYLINE
  5
138
330
17
100
AcDbEntity
  8
ROADS
100
AcDbPolyline
 90
2
 70
0
 10
626988.9109614794
 20
4837556.376684752
 10
626948.4718848327
 20
4837539.516347469
  0
LWPOLYLINE
  5
139
330
17
100
AcDbEntity
  8
ROADS
100
AcDbPolyline
 90
2
 70
0
 10
627144.8872313937
 20
4837537.539208853
 10
627134.592587143
 20
4837571.492139311
  0
LWPOLYLINE
  5
13A
330
17
100
AcDbEntity
  8
ROADS
100
AcDbPolyline
 90
2
 70
0
 10
627106.8090296551
 20
4837563.0781782055
 10
627121.012125008
 20
4837567.379294297
  0
LWPOLYLINE
  5
13B
330
17
100
AcDbEntity
  8
ROADS
100
AcDbPolyline
 90
2
 70
0
 10
627121.012125008
 20
4837567.379294297
 10
627134.592587143
 20
4837571.492139311
  0
LWPOLYLINE
  5
13C
330
17
100
AcDbEntity
  8
ROADS
100
AcDbPolyline
 90
2
 70
0
 10
627127.4922768661
 20
4837594.599164469
 10
626988.9109614794
 20
4837556.376684752
  0
LWPOLYLINE
  5
13D
330
17
100
AcDbEntity
  8
ROADS
100
AcDbPolyline
 90
2
 70
0
 10
627121.012125008
 20
4837567.379294297
 10
627127.4922768661
 20
4837594.599164469
  0
LWPOLYLINE
  5
13E
330
17
100
AcDbEntity
  8
ROADS
100
AcDbPolyline
 90
2
 70
0
 10
627134.592587143
 20
4837571.492139311
 10
627127.4922768661
 20
4837594.599164469
  0
LWPOLYLINE
  5
13F
330
17
100
AcDbEntity
  8
ROADS
100
AcDbPolyline
 90
2
 70
0
 10
627127.4922768661
 20
4837594.599164469
 10
627115.1076851685
 20
4837634.679674796
  0
LWPOLYLINE
  5
140
330
17
100
AcDbEntity
  8
ROADS
100
AcDbPolyline
 90
2
 70
0
 10
626605.8469497473
 20
4837580.083242848
 10
626555.5391660717
 20
4837561.655859893
  0
LWPOLYLINE
  5
141
330
17
100
AcDbEntity
  8
ROADS
100
AcDbPolyline
 90
2
 70
0
 10
626445.6756868269
 20
4837588.026650048
 10
626346.2593566016
 20
4837556.584912993
  0
LWPOLYLINE
  5
142
330
17
100
AcDbEntity
  8
ROADS
100
AcDbPolyline
 90
2
 70
0
 10
626653.3264699719
 20
4837597.078397711
 10
626605.8469497473
 20
4837580.083242848
  0
LWPOLYLINE
  5
143
330
17
100
AcDbEntity
  8
ROADS
100
AcDbPolyline
 90
2
 70
0
 10
626555.5391660717
 20
4837561.655859893
 10
626537.8765545792
 20
4837617.480799243
  0
LWPOLYLINE
  5
144
330
17
100
AcDbEntity
  8
ROADS
100
AcDbPolyline
 90
2
 70
0
 10
626489.2584816435
 20
4837601.67462838
 10
626445.6756868269
 20
4837588.026650048
  0
LWPOLYLINE
  5
145
330
17
100
AcDbEntity
  8
ROADS
100
AcDbPolyline
 90
2
 70
0
 10
626701.3537163762
 20
4837610.717759367
 10
626653.3264699719
 20
4837597.078397711
  0
LWPOLYLINE
  5
146
330
17
100
AcDbEntity
  8
ROADS
100
AcDbPolyline
 90
2
 70
0
 10
626605.8469497473
 20
4837580.083242848
 10
626590.9839973608
 20
4837633.724188197
  0
LWPOLYLINE
  5
147
330
17
100
AcDbEntity
  8
ROADS
100
AcDbPolyline
 90
2
 70
0
 10
626537.8765545792
 20
4837617.480799243
 10
626489.2584816435
 20
4837601.67462838
  0
LWPOLYLINE
  5
148
330
17
100
AcDbEntity
  8
ROADS
100
AcDbPolyline
 90
2
 70
0
 10
626653.3264699719
 20
4837597.078397711
 10
626637.4885892451
 20
4837647.94705167
  0
LWPOLYLINE
  5
149
330
17
100
AcDbEntity
  8
ROADS
100
AcDbPolyline
 90
2
 70
0
 10
626590.9839973608
 20
4837633.724188197
 10
626537.8765545792
 20
4837617.480799243
  0
LWPOLYLINE
  5
14A
330
17
100
AcDbEntity
  8
ROADS
100
AcDbPolyline
 90
2
 70
0
 10
626948.4718848327
 20
4837539.516347469
 10
626919.0519295507
 20
4837632.008974778
  0
LWPOLYLINE
  5
14B
330
17
100
AcDbEntity
  8
ROADS
100
AcDbPolyline
 90
2
 70
0
 10
626873.685975226
 20
4837612.886394584
 10
626888.5894341499
 20
4837567.236123757
  0
LWPOLYLINE
  5
14C
330
17
100
AcDbEntity
  8
ROADS
100
AcDbPolyline
 90
2
 70
0
 10
626873.685975226
 20
4837612.886394584
 10
626810.7014875966
 20
4837594.287233957
  0
LWPOLYLINE
  5
14D
330
17
100
AcDbEntity
  8
ROADS
100
AcDbPolyline
 90
2
 70
0
 10
626810.7014875966
 20
4837594.287233957
 10
626802.4818967263
 20
4837620.558187391
  0
LWPOLYLINE
  5
14E
330
17
100
AcDbEntity
  8
ROADS
100
AcDbPolyline
 90
2
 70
0
 10
626748.4162138627
 20
4837622.515566236
 10
626701.3537163762
 20
4837610.717759367
  0
LWPOLYLINE
  5
14F
330
17
100
AcDbEntity
  8
ROADS
100
AcDbPolyline
 90
2
 70
0
 10
626919.0519295507
 20
4837632.008974778
 10
626873.685975226
 20
4837612.886394584
  0
LWPOLYLINE
  5
150
330
17
100
AcDbEntity
  8
ROADS
100
AcDbPolyline
 90
3
 70
0
 10
626873.685975226
 20
4837612.886394584
 10
626859.4255121436
 20
4837658.262272918
 10
626906.015673202
 20
4837673.7277739905
  0
LWPOLYLINE
  5
151
330
17
100
AcDbEntity
  8
ROADS
100
AcDbPolyline
 90
2
 70
0
 10
626748.4162138627
 20
4837622.515566236
 10
626732.3239254968
 20
4837678.16092233
  0
LWPOLYLINE
  5
152
330
17
100
AcDbEntity
  8
ROADS
100
AcDbPolyline
 90
2
 70
0
 10
626919.0519295507
 20
4837632.008974778
 10
626906.015673202
 20
4837673.7277739905
  0
LWPOLYLINE
  5
153
330
17
100
AcDbEntity
  8
ROADS
100
AcDbPolyline
 90
2
 70
0
 10
626732.3239254968
 20
4837678.16092233
 10
626637.4885892451
 20
4837647.94705167
  0
LWPOLYLINE
  5
154
330
17
100
AcDbEntity
  8
ROADS
100
AcDbPolyline
 90
2
 70
0
 10
626171.4090447243
 20
4837502.114685002
 10
626099.7146972142
 20
4837478.6351751685
  0
LWPOLYLINE
  5
155
330
17
100
AcDbEntity
  8
ROADS
100
AcDbPolyline
 90
2
 70
0
 10
626265.295921335
 20
4837479.369185511
 10
626252.6019580972
 20
4837526.494418843
  0
LWPOLYLINE
  5
156
330
17
100
AcDbEntity
  8
ROADS
100
AcDbPolyline
 90
2
 70
0
 10
626252.6019580972
 20
4837526.494418843
 10
626171.4090447243
 20
4837502.114685002
  0
LWPOLYLINE
  5
157
330
17
100
AcDbEntity
  8
ROADS
100
AcDbPolyline
 90
2
 70
0
 10
626346.2593566016
 20
4837556.584912993
 10
626252.6019580972
 20
4837526.494418843
  0
LWPOLYLINE
  5
158
330
17
100
AcDbEntity
  8
ROADS
100
AcDbPolyline
 90
2
 70
0
 10
626252.6019580972
 20
4837526.494418843
 10
626234.544443126
 20
4837589.336582899
  0
LWPOLYLINE
  5
159
330
17
100
AcDbEntity
  8
ROADS
100
AcDbPolyline
 90
2
 70
0
 10
626346.2593566016
 20
4837556.584912993
 10
626329.8805764088
 20
4837611.483979802
  0
LWPOLYLINE
  5
15A
330
17
100
AcDbEntity
  8
ROADS
100
AcDbPolyline
 90
2
 70
0
 10
626171.4090447243
 20
4837502.114685002
 10
626091.9789586494
 20
4837752.5749818375
  0
LWPOLYLINE
  5
15B
330
17
100
AcDbEntity
  8
ROADS
100
AcDbPolyline
 90
3
 70
0
 10
626329.8805764088
 20
4837611.483979802
 10
626312.7085316671
 20
4837620.553974095
 10
626282.3242795903
 20
4837711.54089059
  0
LWPOLYLINE
  5
15C
330
17
100
AcDbEntity
  8
ROADS
100
AcDbPolyline
 90
2
 70
0
 10
626439.0440507433
 20
4837760.840049768
 10
626282.3242795903
 20
4837711.54089059
  0
LWPOLYLINE
  5
15D
330
17
100
AcDbEntity
  8
ROADS
100
AcDbPolyline
 90
2
 70
0
 10
626179.259510473
 20
4837761.896976431
 10
626185.8630182635
 20
4837742.758269784
  0
LWPOLYLINE
  5
15E
330
17
100
AcDbEntity
  8
ROADS
100
AcDbPolyline
 90
2
 70
0
 10
626489.2584816435
 20
4837601.67462838
 10
626473.828686371
 20
4837652.042607182
  0
LWPOLYLINE
  5
15F
330
17
100
AcDbEntity
  8
ROADS
100
AcDbPolyline
 90
2
 70
0
 10
626637.4885892451
 20
4837647.94705167
 10
626590.9839973608
 20
4837633.724188197
  0
LWPOLYLINE
  5
160
330
17
100
AcDbEntity
  8
ROADS
100
AcDbPolyline
 90
3
 70
0
 10
626463.548873891
 20
4837683.6275927415
 10
626359.9001029244
 20
4837649.708136988
 10
626329.8805764088
 20
4837611.483979802
  0
LWPOLYLINE
  5
161
330
17
100
AcDbEntity
  8
ROADS
100
AcDbPolyline
 90
2
 70
0
 10
626473.828686371
 20
4837652.042607182
 10
626467.6917658044
 20
4837671.979817783
  0
LWPOLYLINE
  5
162
330
17
100
AcDbEntity
  8
ROADS
100
AcDbPolyline
 90
2
 70
0
 10
626566.320819668
 20
4837680.985513009
 10
626473.828686371
 20
4837652.042607182
  0
LWPOLYLINE
  5
163
330
17
100
AcDbEntity
  8
ROADS
100
AcDbPolyline
 90
2
 70
0
 10
626637.4885892451
 20
4837647.94705167
 10
626623.5032958877
 20
4837692.208805667
  0
LWPOLYLINE
  5
164
330
17
100
AcDbEntity
  8
ROADS
100
AcDbPolyline
 90
2
 70
0
 10
626467.6917658044
 20
4837671.979817783
 10
626463.548873891
 20
4837683.6275927415
  0
LWPOLYLINE
  5
165
330
17
100
AcDbEntity
  8
ROADS
100
AcDbPolyline
 90
2
 70
0
 10
626520.3335536611
 20
4837688.478306366
 10
626467.6917658044
 20
4837671.979817783
  0
LWPOLYLINE
  5
166
330
17
100
AcDbEntity
  8
ROADS
100
AcDbPolyline
 90
2
 70
0
 10
626566.320819668
 20
4837680.985513009
 10
626520.3335536611
 20
4837688.478306366
  0
LWPOLYLINE
  5
167
330
17
100
AcDbEntity
  8
ROADS
100
AcDbPolyline
 90
2
 70
0
 10
626623.5032958877
 20
4837692.208805667
 10
626566.320819668
 20
4837680.985513009
  0
LWPOLYLINE
  5
168
330
17
100
AcDbEntity
  8
ROADS
100
AcDbPolyline
 90
2
 70
0
 10
627110.4538110553
 20
4837647.430300076
 10
626972.9326742983
 20
4837607.266853747
  0
LWPOLYLINE
  5
169
330
17
100
AcDbEntity
  8
ROADS
100
AcDbPolyline
 90
2
 70
0
 10
627115.1076851685
 20
4837634.679674796
 10
627110.4538110553
 20
4837647.430300076
  0
LWPOLYLINE
  5
16A
330
17
100
AcDbEntity
  8
ROADS
100
AcDbPolyline
 90
2
 70
0
 10
627097.6999433083
 20
4837688.022159896
 10
626919.0519295507
 20
4837632.008974778
  0
LWPOLYLINE
  5
16B
330
17
100
AcDbEntity
  8
ROADS
100
AcDbPolyline
 90
2
 70
0
 10
627110.4538110553
 20
4837647.430300076
 10
627097.6999433083
 20
4837688.022159896
  0
LWPOLYLINE
  5
16C
330
17
100
AcDbEntity
  8
ROADS
100
AcDbPolyline
 90
2
 70
0
 10
627084.9900806067
 20
4837728.8348261425
 10
626946.5634473774
 20
4837686.263826244
  0
LWPOLYLINE
  5
16D
330
17
100
AcDbEntity
  8
ROADS
100
AcDbPolyline
 90
2
 70
0
 10
627097.6999433083
 20
4837688.022159896
 10
627084.9900806067
 20
4837728.8348261425
  0
LWPOLYLINE
  5
16E
330
17
100
AcDbEntity
  8
ROADS
100
AcDbPolyline
 90
2
 70
0
 10
627084.9900806067
 20
4837728.8348261425
 10
627070.0452939221
 20
4837778.095592176
  0
LWPOLYLINE
  5
16F
330
17
100
AcDbEntity
  8
ROADS
100
AcDbPolyline
 90
2
 70
0
 10
627070.0452939221
 20
4837778.095592176
 10
626982.2473301401
 20
4837754.460336787
  0
LWPOLYLINE
  5
170
330
17
100
AcDbEntity
  8
ROADS
100
AcDbPolyline
 90
2
 70
0
 10
627091.4986583674
 20
4837784.396959789
 10
627070.0452939221
 20
4837778.095592176
  0
LWPOLYLINE
  5
171
330
17
100
AcDbEntity
  8
ROADS
100
AcDbPolyline
 90
2
 70
0
 10
627190.5986379801
 20
4837811.499840329
 10
627091.4986583674
 20
4837784.396959789
  0
LWPOLYLINE
  5
172
330
17
100
AcDbEntity
  8
ROADS
100
AcDbPolyline
 90
2
 70
0
 10
626852.7642453581
 20
4837716.315348717
 10
626732.3239254968
 20
4837678.16092233
  0
LWPOLYLINE
  5
173
330
17
100
AcDbEntity
  8
ROADS
100
AcDbPolyline
 90
2
 70
0
 10
626906.015673202
 20
4837673.7277739905
 10
626890.0779796548
 20
4837726.132751773
  0
LWPOLYLINE
  5
174
330
17
100
AcDbEntity
  8
ROADS
100
AcDbPolyline
 90
2
 70
0
 10
626732.3239254968
 20
4837678.16092233
 10
626717.7564537983
 20
4837722.430159677
  0
LWPOLYLINE
  5
175
330
17
100
AcDbEntity
  8
ROADS
100
AcDbPolyline
 90
2
 70
0
 10
626890.0779796548
 20
4837726.132751773
 10
626852.7642453581
 20
4837716.315348717
  0
LWPOLYLINE
  5
176
330
17
100
AcDbEntity
  8
ROADS
100
AcDbPolyline
 90
2
 70
0
 10
626852.7642453581
 20
4837716.315348717
 10
626839.0910347236
 20
4837759.466704761
  0
LWPOLYLINE
  5
177
330
17
100
AcDbEntity
  8
ROADS
100
AcDbPolyline
 90
2
 70
0
 10
626982.2473301401
 20
4837754.460336787
 10
626890.0779796548
 20
4837726.132751773
  0
LWPOLYLINE
  5
178
330
17
100
AcDbEntity
  8
ROADS
100
AcDbPolyline
 90
2
 70
0
 10
626839.0910347236
 20
4837759.466704761
 10
626717.7564537983
 20
4837722.430159677
  0
LWPOLYLINE
  5
179
330
17
100
AcDbEntity
  8
ROADS
100
AcDbPolyline
 90
2
 70
0
 10
626839.0910347236
 20
4837759.466704761
 10
626829.097396819
 20
4837790.765379684
  0
LWPOLYLINE
  5
17A
330
17
100
AcDbEntity
  8
ROADS
100
AcDbPolyline
 90
2
 70
0
 10
626717.7564537983
 20
4837722.430159677
 10
626672.924137232
 20
4837865.014006087
  0
LWPOLYLINE
  5
17B
330
17
100
AcDbEntity
  8
ROADS
100
AcDbPolyline
 90
2
 70
0
 10
626829.097396819
 20
4837790.765379684
 10
626904.6245952749
 20
4837814.233209098
  0
LWPOLYLINE
  5
17C
330
17
100
AcDbEntity
  8
ROADS
100
AcDbPolyline
 90
2
 70
0
 10
626520.3335536611
 20
4837688.478306366
 10
626527.8583545006
 20
4837702.614737301
  0
LWPOLYLINE
  5
17D
330
17
100
AcDbEntity
  8
ROADS
100
AcDbPolyline
 90
2
 70
0
 10
626717.7564537983
 20
4837722.430159677
 10
626623.5032958877
 20
4837692.208805667
  0
LWPOLYLINE
  5
17E
330
17
100
AcDbEntity
  8
ROADS
100
AcDbPolyline
 90
2
 70
0
 10
626463.548873891
 20
4837683.6275927415
 10
626446.1007488988
 20
4837739.97842102
  0
LWPOLYLINE
  5
17F
330
17
100
AcDbEntity
  8
ROADS
100
AcDbPolyline
 90
2
 70
0
 10
626446.1007488988
 20
4837739.97842102
 10
626439.0440507433
 20
4837760.840049768
  0
LWPOLYLINE
  5
180
330
17
100
AcDbEntity
  8
ROADS
100
AcDbPolyline
 90
2
 70
0
 10
626446.1007488988
 20
4837739.97842102
 10
626544.0246632401
 20
4837771.494235899
  0
LWPOLYLINE
  5
181
330
17
100
AcDbEntity
  8
ROADS
100
AcDbPolyline
 90
2
 70
0
 10
626623.5032958877
 20
4837692.208805667
 10
626578.6602057025
 20
4837835.721476759
  0
LWPOLYLINE
  5
182
330
17
100
AcDbEntity
  8
ROADS
100
AcDbPolyline
 90
2
 70
0
 10
626439.0440507433
 20
4837760.840049768
 10
626420.3702603935
 20
4837820.208884314
  0
LWPOLYLINE
  5
183
330
17
100
AcDbEntity
  8
ROADS
100
AcDbPolyline
 90
2
 70
0
 10
626420.3702603935
 20
4837820.208884314
 10
626517.863663177
 20
4837849.31779018
  0
LWPOLYLINE
  5
184
330
17
100
AcDbEntity
  8
ROADS
100
AcDbPolyline
 90
2
 70
0
 10
626672.924137232
 20
4837865.014006087
 10
626578.6602057025
 20
4837835.721476759
  0
LWPOLYLINE
  5
185
330
17
100
AcDbEntity
  8
ROADS
100
AcDbPolyline
 90
2
 70
0
 10
626420.3702603935
 20
4837820.208884314
 10
626396.929612129
 20
4837897.026544148
  0
LWPOLYLINE
  5
186
330
17
100
AcDbEntity
  8
ROADS
100
AcDbPolyline
 90
2
 70
0
 10
628117.9925216711
 20
4837471.696589552
 10
628030.5495536118
 20
4837745.654957755
  0
LWPOLYLINE
  5
187
330
17
100
AcDbEntity
  8
ROADS
100
AcDbPolyline
 90
2
 70
0
 10
628205.8714595975
 20
4837624.525709099
 10
628162.980300408
 20
4837754.326478067
  0
LWPOLYLINE
  5
188
330
17
100
AcDbEntity
  8
ROADS
100
AcDbPolyline
 90
2
 70
0
 10
628162.980300408
 20
4837754.326478067
 10
628030.5495536118
 20
4837745.654957755
  0
LWPOLYLINE
  5
189
330
17
100
AcDbEntity
  8
ROADS
100
AcDbPolyline
 90
2
 70
0
 10
628030.5495536118
 20
4837745.654957755
 10
628020.8488895617
 20
4837774.908411085
  0
LWPOLYLINE
  5
18A
330
17
100
AcDbEntity
  8
ROADS
100
AcDbPolyline
 90
3
 70
0
 10
628148.8923225076
 20
4837798.234549846
 10
628144.5883069804
 20
4837775.991270477
 10
628162.980300408
 20
4837754.326478067
  0
LWPOLYLINE
  5
18B
330
17
100
AcDbEntity
  8
ROADS
100
AcDbPolyline
 90
2
 70
0
 10
628162.980300408
 20
4837754.326478067
 10
628148.8923225076
 20
4837798.234549846
  0
LWPOLYLINE
  5
18C
330
17
100
AcDbEntity
  8
ROADS
100
AcDbPolyline
 90
2
 70
0
 10
628233.9860162092
 20
4837808.842139121
 10
628216.9456182332
 20
4837800.674435812
  0
LWPOLYLINE
  5
18D
330
17
100
AcDbEntity
  8
ROADS
100
AcDbPolyline
 90
2
 70
0
 10
628216.9456182332
 20
4837800.674435812
 10
628209.3446042005
 20
4837811.098651227
  0
LWPOLYLINE
  5
18E
330
17
100
AcDbEntity
  8
ROADS
100
AcDbPolyline
 90
2
 70
0
 10
628161.4477928794
 20
4837816.279783477
 10
628148.8923225076
 20
4837798.234549846
  0
LWPOLYLINE
  5
18F
330
17
100
AcDbEntity
  8
ROADS
100
AcDbPolyline
 90
2
 70
0
 10
628216.9456182332
 20
4837800.674435812
 10
628161.4477928794
 20
4837816.279783477
  0
LWPOLYLINE
  5
190
330
17
100
AcDbEntity
  8
ROADS
100
AcDbPolyline
 90
4
 70
0
 10
627913.8815293328
 20
4837394.214519162
 10
627893.9646691467
 20
4837456.402336117
 10
627850.109532524
 20
4837452.992052513
 10
627807.9928978602
 20
4837590.514203563
  0
LWPOLYLINE
  5
191
330
17
100
AcDbEntity
  8
ROADS
100
AcDbPolyline
 90
2
 70
0
 10
628004.2619741791
 20
4837380.244020064
 10
627929.1743636659
 20
4837626.417972531
  0
LWPOLYLINE
  5
192
330
17
100
AcDbEntity
  8
ROADS
100
AcDbPolyline
 90
2
 70
0
 10
627929.1743636659
 20
4837626.417972531
 10
627807.9928978602
 20
4837590.514203563
  0
LWPOLYLINE
  5
193
330
17
100
AcDbEntity
  8
ROADS
100
AcDbPolyline
 90
2
 70
0
 10
627929.1743636659
 20
4837626.417972531
 10
627889.3589840566
 20
4837755.414206658
  0
LWPOLYLINE
  5
194
330
17
100
AcDbEntity
  8
ROADS
100
AcDbPolyline
 90
2
 70
0
 10
627807.9928978602
 20
4837590.514203563
 10
627747.0886545386
 20
4837819.625385621
  0
LWPOLYLINE
  5
195
330
17
100
AcDbEntity
  8
ROADS
100
AcDbPolyline
 90
2
 70
0
 10
628006.9127736877
 20
4837784.763015626
 10
627889.3589840566
 20
4837755.414206658
  0
LWPOLYLINE
  5
196
330
17
100
AcDbEntity
  8
ROADS
100
AcDbPolyline
 90
2
 70
0
 10
627889.3589840566
 20
4837755.414206658
 10
627747.0886545386
 20
4837819.625385621
  0
LWPOLYLINE
  5
197
330
17
100
AcDbEntity
  8
ROADS
100
AcDbPolyline
 90
4
 70
0
 10
627743.1451647289
 20
4837975.512990916
 10
627750.9196807587
 20
4837954.500257335
 10
627997.2969822211
 20
4837854.333597373
 10
628141.4978119186
 20
4837821.2943169605
  0
LWPOLYLINE
  5
198
330
17
100
AcDbEntity
  8
ROADS
100
AcDbPolyline
 90
2
 70
0
 10
627878.32139585
 20
4838017.61339081
 10
627743.1451647289
 20
4837975.512990916
  0
LWPOLYLINE
  5
199
330
17
100
AcDbEntity
  8
ROADS
100
AcDbPolyline
 90
3
 70
0
 10
627951.7817942895
 20
4838040.190404364
 10
627972.4211174181
 20
4837973.396379011
 10
628026.5119713298
 20
4837960.160773896
  0
LWPOLYLINE
  5
19A
330
17
100
AcDbEntity
  8
ROADS
100
AcDbPolyline
 90
2
 70
0
 10
628148.8923225076
 20
4837798.234549846
 10
628141.4978119186
 20
4837821.2943169605
  0
LWPOLYLINE
  5
19B
330
17
100
AcDbEntity
  8
ROADS
100
AcDbPolyline
 90
2
 70
0
 10
628161.4477928794
 20
4837816.279783477
 10
628141.4978119186
 20
4837821.2943169605
  0
LWPOLYLINE
  5
19C
330
17
100
AcDbEntity
  8
ROADS
100
AcDbPolyline
 90
2
 70
0
 10
628233.9860162092
 20
4837808.842139121
 10
628189.793958229
 20
4837886.651991218
  0
LWPOLYLINE
  5
19D
330
17
100
AcDbEntity
  8
ROADS
100
AcDbPolyline
 90
3
 70
0
 10
628332.3537566813
 20
4837813.137379215
 10
628244.866429881
 20
4837832.856473396
 10
628202.2527429634
 20
4837892.155166395
  0
LWPOLYLINE
  5
19E
330
17
100
AcDbEntity
  8
ROADS
100
AcDbPolyline
 90
2
 70
0
 10
628141.4978119186
 20
4837821.2943169605
 10
628115.6914552511
 20
4837903.499937042
  0
LWPOLYLINE
  5
19F
330
17
100
AcDbEntity
  8
ROADS
100
AcDbPolyline
 90
4
 70
0
 10
628319.6258885156
 20
4837875.014242938
 10
628308.2269870476
 20
4837842.951999379
 10
628289.1664327737
 20
4837841.863220406
 10
628215.9900694246
 20
4837922.266565422
  0
LWPOLYLINE
  5
1A0
330
17
100
AcDbEntity
  8
ROADS
100
AcDbPolyline
 90
2
 70
0
 10
628202.2527429634
 20
4837892.155166395
 10
628189.793958229
 20
4837886.651991218
  0
LWPOLYLINE
  5
1A1
330
17
100
AcDbEntity
  8
ROADS
100
AcDbPolyline
 90
2
 70
0
 10
628189.793958229
 20
4837886.651991218
 10
628115.6914552511
 20
4837903.499937042
  0
LWPOLYLINE
  5
1A2
330
17
100
AcDbEntity
  8
ROADS
100
AcDbPolyline
 90
2
 70
0
 10
628202.2527429634
 20
4837892.155166395
 10
628215.9900694246
 20
4837922.266565422
  0
LWPOLYLINE
  5
1A3
330
17
100
AcDbEntity
  8
ROADS
100
AcDbPolyline
 90
2
 70
0
 10
628301.6125894112
 20
4837950.663413837
 10
628261.6835498167
 20
4837937.1404073285
  0
LWPOLYLINE
  5
1A4
330
17
100
AcDbEntity
  8
ROADS
100
AcDbPolyline
 90
2
 70
0
 10
628582.452115752
 20
4837889.119143245
 10
628545.941370107
 20
4837878.353372534
  0
LWPOLYLINE
  5
1A5
330
17
100
AcDbEntity
  8
ROADS
100
AcDbPolyline
 90
2
 70
0
 10
628584.9167634916
 20
4838007.659350296
 10
628511.3728464415
 20
4837986.7983524315
  0
LWPOLYLINE
  5
1A6
330
17
100
AcDbEntity
  8
ROADS
100
AcDbPolyline
 90
2
 70
0
 10
628573.029928673
 20
4838114.078845049
 10
628480.4925852296
 20
4838084.624315759
  0
LWPOLYLINE
  5
1A7
330
17
100
AcDbEntity
  8
ROADS
100
AcDbPolyline
 90
2
 70
0
 10
628409.8026690044
 20
4837831.117206642
 10
628332.3537566813
 20
4837813.137379215
  0
LWPOLYLINE
  5
1A8
330
17
100
AcDbEntity
  8
ROADS
100
AcDbPolyline
 90
2
 70
0
 10
628431.5152542178
 20
4837823.228857075
 10
628409.8026690044
 20
4837831.117206642
  0
LWPOLYLINE
  5
1A9
330
17
100
AcDbEntity
  8
ROADS
100
AcDbPolyline
 90
2
 70
0
 10
628431.5152542178
 20
4837823.228857075
 10
628424.3439372785
 20
4837839.228215873
  0
LWPOLYLINE
  5
1AA
330
17
100
AcDbEntity
  8
ROADS
100
AcDbPolyline
 90
2
 70
0
 10
628424.3439372785
 20
4837839.228215873
 10
628409.8026690044
 20
4837831.117206642
  0
LWPOLYLINE
  5
1AB
330
17
100
AcDbEntity
  8
ROADS
100
AcDbPolyline
 90
2
 70
0
 10
628332.3537566813
 20
4837813.137379215
 10
628319.6258885156
 20
4837875.014242938
  0
LWPOLYLINE
  5
1AC
330
17
100
AcDbEntity
  8
ROADS
100
AcDbPolyline
 90
2
 70
0
 10
628545.941370107
 20
4837878.353372534
 10
628424.3439372785
 20
4837839.228215873
  0
LWPOLYLINE
  5
1AD
330
17
100
AcDbEntity
  8
ROADS
100
AcDbPolyline
 90
2
 70
0
 10
628319.6258885156
 20
4837875.014242938
 10
628301.6125894112
 20
4837950.663413837
  0
LWPOLYLINE
  5
1AE
330
17
100
AcDbEntity
  8
ROADS
100
AcDbPolyline
 90
2
 70
0
 10
628545.941370107
 20
4837878.353372534
 10
628511.3728464415
 20
4837986.7983524315
  0
LWPOLYLINE
  5
1AF
330
17
100
AcDbEntity
  8
ROADS
100
AcDbPolyline
 90
2
 70
0
 10
628301.6125894112
 20
4837950.663413837
 10
628276.9977524428
 20
4838024.327055711
  0
LWPOLYLINE
  5
1B0
330
17
100
AcDbEntity
  8
ROADS
100
AcDbPolyline
 90
2
 70
0
 10
628424.3439372785
 20
4837839.228215873
 10
628321.8053430289
 20
4838158.264177253
  0
LWPOLYLINE
  5
1B1
330
17
100
AcDbEntity
  8
ROADS
100
AcDbPolyline
 90
2
 70
0
 10
628215.9900694246
 20
4837922.266565422
 10
628198.5821423668
 20
4837998.588202645
  0
LWPOLYLINE
  5
1B2
330
17
100
AcDbEntity
  8
ROADS
100
AcDbPolyline
 90
2
 70
0
 10
628115.6914552511
 20
4837903.499937042
 10
628066.4143988903
 20
4838060.083876091
  0
LWPOLYLINE
  5
1B3
330
17
100
AcDbEntity
  8
ROADS
100
AcDbPolyline
 90
3
 70
0
 10
628215.9900694246
 20
4837922.266565422
 10
628145.1481125015
 20
4837936.026772143
 10
628099.6510239639
 20
4838052.869511476
  0
LWPOLYLINE
  5
1B4
330
17
100
AcDbEntity
  8
ROADS
100
AcDbPolyline
 90
2
 70
0
 10
628276.9977524428
 20
4838024.327055711
 10
628198.5821423668
 20
4837998.588202645
  0
LWPOLYLINE
  5
1B5
330
17
100
AcDbEntity
  8
ROADS
100
AcDbPolyline
 90
2
 70
0
 10
628276.9977524428
 20
4838024.327055711
 10
628267.7715137796
 20
4838055.492227878
  0
LWPOLYLINE
  5
1B6
330
17
100
AcDbEntity
  8
ROADS
100
AcDbPolyline
 90
2
 70
0
 10
628198.5821423668
 20
4837998.588202645
 10
628171.7718673225
 20
4838081.280699038
  0
LWPOLYLINE
  5
1B7
330
17
100
AcDbEntity
  8
ROADS
100
AcDbPolyline
 90
2
 70
0
 10
628066.4143988903
 20
4838060.083876091
 10
628099.6510239639
 20
4838052.869511476
  0
LWPOLYLINE
  5
1B8
330
17
100
AcDbEntity
  8
ROADS
100
AcDbPolyline
 90
2
 70
0
 10
628056.6830629965
 20
4838072.342671463
 10
627965.9783240842
 20
4838044.5244342955
  0
LWPOLYLINE
  5
1B9
330
17
100
AcDbEntity
  8
ROADS
100
AcDbPolyline
 90
2
 70
0
 10
628066.4143988903
 20
4838060.083876091
 10
628056.6830629965
 20
4838072.342671463
  0
LWPOLYLINE
  5
1BA
330
17
100
AcDbEntity
  8
ROADS
100
AcDbPolyline
 90
2
 70
0
 10
628099.6510239639
 20
4838052.869511476
 10
628171.7718673225
 20
4838081.280699038
  0
LWPOLYLINE
  5
1BB
330
17
100
AcDbEntity
  8
ROADS
100
AcDbPolyline
 90
2
 70
0
 10
628267.7715137796
 20
4838055.492227878
 10
628249.436361828
 20
4838101.935653793
  0
LWPOLYLINE
  5
1BC
330
17
100
AcDbEntity
  8
ROADS
100
AcDbPolyline
 90
2
 70
0
 10
628267.7715137796
 20
4838055.492227878
 10
628253.9870182329
 20
4838121.102204736
  0
LWPOLYLINE
  5
1BD
330
17
100
AcDbEntity
  8
ROADS
100
AcDbPolyline
 90
2
 70
0
 10
628163.1288582211
 20
4838107.1270627845
 10
628056.6830629965
 20
4838072.342671463
  0
LWPOLYLINE
  5
1BE
330
17
100
AcDbEntity
  8
ROADS
100
AcDbPolyline
 90
2
 70
0
 10
628171.7718673225
 20
4838081.280699038
 10
628249.436361828
 20
4838101.935653793
  0
LWPOLYLINE
  5
1BF
330
17
100
AcDbEntity
  8
ROADS
100
AcDbPolyline
 90
2
 70
0
 10
628171.7718673225
 20
4838081.280699038
 10
628163.1288582211
 20
4838107.1270627845
  0
LWPOLYLINE
  5
1C0
330
17
100
AcDbEntity
  8
ROADS
100
AcDbPolyline
 90
2
 70
0
 10
628249.436361828
 20
4838101.935653793
 10
628253.9870182329
 20
4838121.102204736
  0
LWPOLYLINE
  5
1C1
330
17
100
AcDbEntity
  8
ROADS
100
AcDbPolyline
 90
2
 70
0
 10
628203.2047189954
 20
4838120.327720236
 10
628163.1288582211
 20
4838107.1270627845
  0
LWPOLYLINE
  5
1C2
330
17
100
AcDbEntity
  8
ROADS
100
AcDbPolyline
 90
2
 70
0
 10
628249.1141477625
 20
4838135.176992646
 10
628203.2047189954
 20
4838120.327720236
  0
LWPOLYLINE
  5
1C3
330
17
100
AcDbEntity
  8
ROADS
100
AcDbPolyline
 90
2
 70
0
 10
628253.9870182329
 20
4838121.102204736
 10
628249.1141477625
 20
4838135.176992646
  0
LWPOLYLINE
  5
1C4
330
17
100
AcDbEntity
  8
ROADS
100
AcDbPolyline
 90
2
 70
0
 10
628056.6830629965
 20
4838072.342671463
 10
628018.27783208
 20
4838190.764726852
  0
LWPOLYLINE
  5
1C5
330
17
100
AcDbEntity
  8
ROADS
100
AcDbPolyline
 90
2
 70
0
 10
628511.3728464415
 20
4837986.7983524315
 10
628480.4925852296
 20
4838084.624315759
  0
LWPOLYLINE
  5
1C6
330
17
100
AcDbEntity
  8
ROADS
100
AcDbPolyline
 90
2
 70
0
 10
628480.4925852296
 20
4838084.624315759
 10
628443.9832805643
 20
4838195.037282929
  0
LWPOLYLINE
  5
1C7
330
17
100
AcDbEntity
  8
ROADS
100
AcDbPolyline
 90
2
 70
0
 10
628321.8053430289
 20
4838158.264177253
 10
628249.1141477625
 20
4838135.176992646
  0
LWPOLYLINE
  5
1C8
330
17
100
AcDbEntity
  8
ROADS
100
AcDbPolyline
 90
2
 70
0
 10
628443.9832805643
 20
4838195.037282929
 10
628321.8053430289
 20
4838158.264177253
  0
LWPOLYLINE
  5
1C9
330
17
100
AcDbEntity
  8
ROADS
100
AcDbPolyline
 90
2
 70
0
 10
628545.2536770338
 20
4838225.02979915
 10
628443.9832805643
 20
4838195.037282929
  0
LWPOLYLINE
  5
1CA
330
17
100
AcDbEntity
  8
ROADS
100
AcDbPolyline
 90
2
 70
0
 10
628321.8053430289
 20
4838158.264177253
 10
628251.4950364457
 20
4838386.7104485845
  0
LWPOLYLINE
  5
1CB
330
17
100
AcDbEntity
  8
ROADS
100
AcDbPolyline
 90
2
 70
0
 10
628443.9832805643
 20
4838195.037282929
 10
628375.7137538888
 20
4838424.495607587
  0
LWPOLYLINE
  5
1CC
330
17
100
AcDbEntity
  8
ROADS
100
AcDbPolyline
 90
2
 70
0
 10
628375.7137538888
 20
4838424.495607587
 10
628251.4950364457
 20
4838386.7104485845
  0
LWPOLYLINE
  5
1CD
330
17
100
AcDbEntity
  8
ROADS
100
AcDbPolyline
 90
2
 70
0
 10
628460.0036395724
 20
4838450.082821031
 10
628375.7137538888
 20
4838424.495607587
  0
LWPOLYLINE
  5
1CE
330
17
100
AcDbEntity
  8
ROADS
100
AcDbPolyline
 90
2
 70
0
 10
628203.2047189954
 20
4838120.327720236
 10
628168.014754893
 20
4838232.828589367
  0
LWPOLYLINE
  5
1CF
330
17
100
AcDbEntity
  8
ROADS
100
AcDbPolyline
 90
2
 70
0
 10
628168.014754893
 20
4838232.828589367
 10
628018.27783208
 20
4838190.764726852
  0
LWPOLYLINE
  5
1D0
330
17
100
AcDbEntity
  8
ROADS
100
AcDbPolyline
 90
2
 70
0
 10
628018.27783208
 20
4838190.764726852
 10
627981.5138512217
 20
4838309.89548556
  0
LWPOLYLINE
  5
1D1
330
17
100
AcDbEntity
  8
ROADS
100
AcDbPolyline
 90
2
 70
0
 10
628168.014754893
 20
4838232.828589367
 10
628131.1801332312
 20
4838351.6611001
  0
LWPOLYLINE
  5
1D2
330
17
100
AcDbEntity
  8
ROADS
100
AcDbPolyline
 90
2
 70
0
 10
628131.1801332312
 20
4838351.6611001
 10
627981.5138512217
 20
4838309.89548556
  0
LWPOLYLINE
  5
1D3
330
17
100
AcDbEntity
  8
ROADS
100
AcDbPolyline
 90
2
 70
0
 10
628251.4950364457
 20
4838386.7104485845
 10
628131.1801332312
 20
4838351.6611001
  0
LWPOLYLINE
  5
1D4
330
17
100
AcDbEntity
  8
ROADS
100
AcDbPolyline
 90
2
 70
0
 10
628131.1801332312
 20
4838351.6611001
 10
628096.3351277887
 20
4838461.175967983
  0
LWPOLYLINE
  5
1D5
330
17
100
AcDbEntity
  8
ROADS
100
AcDbPolyline
 90
2
 70
0
 10
628096.3351277887
 20
4838461.175967983
 10
627947.172825182
 20
4838419.525431213
  0
LWPOLYLINE
  5
1D6
330
17
100
AcDbEntity
  8
ROADS
100
AcDbPolyline
 90
2
 70
0
 10
628148.9481716556
 20
4838477.340614844
 10
628096.3351277887
 20
4838461.175967983
  0
LWPOLYLINE
  5
1D7
330
17
100
AcDbEntity
  8
ROADS
100
AcDbPolyline
 90
2
 70
0
 10
628251.4950364457
 20
4838386.7104485845
 10
628186.0740643183
 20
4838599.999075693
  0
LWPOLYLINE
  5
1D8
330
17
100
AcDbEntity
  8
ROADS
100
AcDbPolyline
 90
2
 70
0
 10
626829.097396819
 20
4837790.765379684
 10
626793.0828802648
 20
4837901.925325442
  0
LWPOLYLINE
  5
1D9
330
17
100
AcDbEntity
  8
ROADS
100
AcDbPolyline
 90
2
 70
0
 10
626982.2473301401
 20
4837754.460336787
 10
626921.6861540445
 20
4837951.666177181
  0
LWPOLYLINE
  5
1DA
330
17
100
AcDbEntity
  8
ROADS
100
AcDbPolyline
 90
2
 70
0
 10
626793.0828802648
 20
4837901.925325442
 10
626672.924137232
 20
4837865.014006087
  0
LWPOLYLINE
  5
1DB
330
17
100
AcDbEntity
  8
ROADS
100
AcDbPolyline
 90
2
 70
0
 10
626793.0828802648
 20
4837901.925325442
 10
626783.2425026501
 20
4837932.601225936
  0
LWPOLYLINE
  5
1DC
330
17
100
AcDbEntity
  8
ROADS
100
AcDbPolyline
 90
2
 70
0
 10
626793.0828802648
 20
4837901.925325442
 10
626864.2713897559
 20
4837947.975589971
  0
LWPOLYLINE
  5
1DD
330
17
100
AcDbEntity
  8
ROADS
100
AcDbPolyline
 90
2
 70
0
 10
626783.2425026501
 20
4837932.601225936
 10
626800.3677178049
 20
4837955.3173216
  0
LWPOLYLINE
  5
1DE
330
17
100
AcDbEntity
  8
ROADS
100
AcDbPolyline
 90
2
 70
0
 10
626864.2713897559
 20
4837947.975589971
 10
626921.6861540445
 20
4837951.666177181
  0
LWPOLYLINE
  5
1DF
330
17
100
AcDbEntity
  8
ROADS
100
AcDbPolyline
 90
2
 70
0
 10
626844.3092812002
 20
4837951.784802181
 10
626864.2713897559
 20
4837947.975589971
  0
LWPOLYLINE
  5
1E0
330
17
100
AcDbEntity
  8
ROADS
100
AcDbPolyline
 90
2
 70
0
 10
626783.2425026501
 20
4837932.601225936
 10
626789.6469076527
 20
4837967.214156164
  0
LWPOLYLINE
  5
1E1
330
17
100
AcDbEntity
  8
ROADS
100
AcDbPolyline
 90
2
 70
0
 10
626800.3677178049
 20
4837955.3173216
 10
626844.3092812002
 20
4837951.784802181
  0
LWPOLYLINE
  5
1E2
330
17
100
AcDbEntity
  8
ROADS
100
AcDbPolyline
 90
2
 70
0
 10
626578.6602057025
 20
4837835.721476759
 10
626544.8235931927
 20
4837943.023990898
  0
LWPOLYLINE
  5
1E3
330
17
100
AcDbEntity
  8
ROADS
100
AcDbPolyline
 90
2
 70
0
 10
626471.8946437123
 20
4837922.541824742
 10
626396.929612129
 20
4837897.026544148
  0
LWPOLYLINE
  5
1E4
330
17
100
AcDbEntity
  8
ROADS
100
AcDbPolyline
 90
2
 70
0
 10
626396.929612129
 20
4837897.026544148
 10
626386.6392459715
 20
4837923.000989987
  0
LWPOLYLINE
  5
1E5
330
17
100
AcDbEntity
  8
ROADS
100
AcDbPolyline
 90
2
 70
0
 10
626544.8235931927
 20
4837943.023990898
 10
626471.8946437123
 20
4837922.541824742
  0
LWPOLYLINE
  5
1E6
330
17
100
AcDbEntity
  8
ROADS
100
AcDbPolyline
 90
2
 70
0
 10
626672.924137232
 20
4837865.014006087
 10
626623.510413604
 20
4838018.660625959
  0
LWPOLYLINE
  5
1E7
330
17
100
AcDbEntity
  8
ROADS
100
AcDbPolyline
 90
2
 70
0
 10
626544.8235931927
 20
4837943.023990898
 10
626513.7878219138
 20
4838072.95749678
  0
LWPOLYLINE
  5
1E8
330
17
100
AcDbEntity
  8
ROADS
100
AcDbPolyline
 90
2
 70
0
 10
626471.8946437123
 20
4837922.541824742
 10
626412.1104023899
 20
4838117.403247101
  0
LWPOLYLINE
  5
1E9
330
17
100
AcDbEntity
  8
ROADS
100
AcDbPolyline
 90
2
 70
0
 10
626623.510413604
 20
4838018.660625959
 10
626598.8443153463
 20
4838098.81335722
  0
LWPOLYLINE
  5
1EA
330
17
100
AcDbEntity
  8
ROADS
100
AcDbPolyline
 90
2
 70
0
 10
626598.8443153463
 20
4838098.81335722
 10
626513.7878219138
 20
4838072.95749678
  0
LWPOLYLINE
  5
1EB
330
17
100
AcDbEntity
  8
ROADS
100
AcDbPolyline
 90
2
 70
0
 10
626513.7878219138
 20
4838072.95749678
 10
626492.3474605054
 20
4838141.800360361
  0
LWPOLYLINE
  5
1EC
330
17
100
AcDbEntity
  8
ROADS
100
AcDbPolyline
 90
2
 70
0
 10
626844.3092812002
 20
4837951.784802181
 10
626846.5244697663
 20
4837966.268747839
  0
LWPOLYLINE
  5
1ED
330
17
100
AcDbEntity
  8
ROADS
100
AcDbPolyline
 90
2
 70
0
 10
626800.3677178049
 20
4837955.3173216
 10
626789.6469076527
 20
4837967.214156164
  0
LWPOLYLINE
  5
1EE
330
17
100
AcDbEntity
  8
ROADS
100
AcDbPolyline
 90
3
 70
0
 10
626789.6469076527
 20
4837967.214156164
 10
626806.2086222953
 20
4837995.706414534
 10
626782.5385958371
 20
4838067.84071824
  0
LWPOLYLINE
  5
1EF
330
17
100
AcDbEntity
  8
ROADS
100
AcDbPolyline
 90
2
 70
0
 10
626623.510413604
 20
4838018.660625959
 10
626782.5385958371
 20
4838067.84071824
  0
LWPOLYLINE
  5
1F0
330
17
100
AcDbEntity
  8
ROADS
100
AcDbPolyline
 90
2
 70
0
 10
626921.6861540445
 20
4837951.666177181
 10
626852.4836308358
 20
4838177.3313985765
  0
LWPOLYLINE
  5
1F1
330
17
100
AcDbEntity
  8
ROADS
100
AcDbPolyline
 90
2
 70
0
 10
626782.5385958371
 20
4838067.84071824
 10
626762.7762937753
 20
4838150.176306225
  0
LWPOLYLINE
  5
1F2
330
17
100
AcDbEntity
  8
ROADS
100
AcDbPolyline
 90
2
 70
0
 10
626762.7762937753
 20
4838150.176306225
 10
626686.1358645328
 20
4838126.388757259
  0
LWPOLYLINE
  5
1F3
330
17
100
AcDbEntity
  8
ROADS
100
AcDbPolyline
 90
2
 70
0
 10
626775.8757472142
 20
4838155.558548471
 10
626762.7762937753
 20
4838150.176306225
  0
LWPOLYLINE
  5
1F4
330
17
100
AcDbEntity
  8
ROADS
100
AcDbPolyline
 90
2
 70
0
 10
626852.4836308358
 20
4838177.3313985765
 10
626775.8757472142
 20
4838155.558548471
  0
LWPOLYLINE
  5
1F5
330
17
100
AcDbEntity
  8
ROADS
100
AcDbPolyline
 90
2
 70
0
 10
626865.7232606285
 20
4838184.363279207
 10
626852.4836308358
 20
4838177.3313985765
  0
LWPOLYLINE
  5
1F6
330
17
100
AcDbEntity
  8
ROADS
100
AcDbPolyline
 90
2
 70
0
 10
627129.031746296
 20
4838005.420401957
 10
627081.2913658784
 20
4837991.8421591865
  0
LWPOLYLINE
  5
1F7
330
17
100
AcDbEntity
  8
ROADS
100
AcDbPolyline
 90
2
 70
0
 10
627179.5335798671
 20
4838021.69275762
 10
627129.031746296
 20
4838005.420401957
  0
LWPOLYLINE
  5
1F8
330
17
100
AcDbEntity
  8
ROADS
100
AcDbPolyline
 90
2
 70
0
 10
627229.0809725162
 20
4838037.6548372265
 10
627179.5335798671
 20
4838021.69275762
  0
LWPOLYLINE
  5
1F9
330
17
100
AcDbEntity
  8
ROADS
100
AcDbPolyline
 90
2
 70
0
 10
627032.2903673396
 20
4837977.907099494
 10
626971.6871106506
 20
4838171.01791899
  0
LWPOLYLINE
  5
1FA
330
17
100
AcDbEntity
  8
ROADS
100
AcDbPolyline
 90
2
 70
0
 10
627081.2913658784
 20
4837991.8421591865
 10
627021.4388184267
 20
4838185.523617024
  0
LWPOLYLINE
  5
1FB
330
17
100
AcDbEntity
  8
ROADS
100
AcDbPolyline
 90
2
 70
0
 10
627129.031746296
 20
4838005.420401957
 10
627068.8885027453
 20
4838199.359643522
  0
LWPOLYLINE
  5
1FC
330
17
100
AcDbEntity
  8
ROADS
100
AcDbPolyline
 90
2
 70
0
 10
627179.5335798671
 20
4838021.69275762
 10
627118.6644605892
 20
4838214.515828499
  0
LWPOLYLINE
  5
1FD
330
17
100
AcDbEntity
  8
ROADS
100
AcDbPolyline
 90
2
 70
0
 10
627229.0809725162
 20
4838037.6548372265
 10
627175.1820881162
 20
4838201.128179179
  0
LWPOLYLINE
  5
1FE
330
17
100
AcDbEntity
  8
ROADS
100
AcDbPolyline
 90
2
 70
0
 10
627021.4388184267
 20
4838185.523617024
 10
626971.6871106506
 20
4838171.01791899
  0
LWPOLYLINE
  5
1FF
330
17
100
AcDbEntity
  8
ROADS
100
AcDbPolyline
 90
2
 70
0
 10
626971.6871106506
 20
4838171.01791899
 10
626957.4230092447
 20
4838210.287347916
  0
LWPOLYLINE
  5
200
330
17
100
AcDbEntity
  8
ROADS
100
AcDbPolyline
 90
2
 70
0
 10
626686.1358645328
 20
4838126.388757259
 10
626598.8443153463
 20
4838098.81335722
  0
LWPOLYLINE
  5
201
330
17
100
AcDbEntity
  8
ROADS
100
AcDbPolyline
 90
2
 70
0
 10
626492.3474605054
 20
4838141.800360361
 10
626412.1104023899
 20
4838117.403247101
  0
LWPOLYLINE
  5
202
330
17
100
AcDbEntity
  8
ROADS
100
AcDbPolyline
 90
2
 70
0
 10
626412.1104023899
 20
4838117.403247101
 10
626380.2322158631
 20
4838222.389963238
  0
LWPOLYLINE
  5
203
330
17
100
AcDbEntity
  8
ROADS
100
AcDbPolyline
 90
2
 70
0
 10
626598.8443153463
 20
4838098.81335722
 10
626545.7632872917
 20
4838272.916812598
  0
LWPOLYLINE
  5
204
330
17
100
AcDbEntity
  8
ROADS
100
AcDbPolyline
 90
2
 70
0
 10
626492.3474605054
 20
4838141.800360361
 10
626460.4324081964
 20
4838246.916940518
  0
LWPOLYLINE
  5
205
330
17
100
AcDbEntity
  8
ROADS
100
AcDbPolyline
 90
2
 70
0
 10
626686.1358645328
 20
4838126.388757259
 10
626632.236251324
 20
4838299.967417082
  0
LWPOLYLINE
  5
206
330
17
100
AcDbEntity
  8
ROADS
100
AcDbPolyline
 90
2
 70
0
 10
626460.4324081964
 20
4838246.916940518
 10
626380.2322158631
 20
4838222.389963238
  0
LWPOLYLINE
  5
207
330
17
100
AcDbEntity
  8
ROADS
100
AcDbPolyline
 90
2
 70
0
 10
626545.7632872917
 20
4838272.916812598
 10
626460.4324081964
 20
4838246.916940518
  0
LWPOLYLINE
  5
208
330
17
100
AcDbEntity
  8
ROADS
100
AcDbPolyline
 90
2
 70
0
 10
626632.236251324
 20
4838299.967417082
 10
626545.7632872917
 20
4838272.916812598
  0
LWPOLYLINE
  5
209
330
17
100
AcDbEntity
  8
ROADS
100
AcDbPolyline
 90
2
 70
0
 10
626460.4324081964
 20
4838246.916940518
 10
626432.4865823648
 20
4838330.690514792
  0
LWPOLYLINE
  5
20A
330
17
100
AcDbEntity
  8
ROADS
100
AcDbPolyline
 90
2
 70
0
 10
627068.8885027453
 20
4838199.359643522
 10
627021.4388184267
 20
4838185.523617024
  0
LWPOLYLINE
  5
20B
330
17
100
AcDbEntity
  8
ROADS
100
AcDbPolyline
 90
2
 70
0
 10
627118.6644605892
 20
4838214.515828499
 10
627068.8885027453
 20
4838199.359643522
  0
LWPOLYLINE
  5
20C
330
17
100
AcDbEntity
  8
ROADS
100
AcDbPolyline
 90
2
 70
0
 10
627226.0921622582
 20
4838217.277942365
 10
627175.1820881162
 20
4838201.128179179
  0
LWPOLYLINE
  5
20D
330
17
100
AcDbEntity
  8
ROADS
100
AcDbPolyline
 90
2
 70
0
 10
627175.1820881162
 20
4838201.128179179
 10
627167.2563706463
 20
4838229.311580734
  0
LWPOLYLINE
  5
20E
330
17
100
AcDbEntity
  8
ROADS
100
AcDbPolyline
 90
2
 70
0
 10
627167.2563706463
 20
4838229.311580734
 10
627118.6644605892
 20
4838214.515828499
  0
LWPOLYLINE
  5
20F
330
17
100
AcDbEntity
  8
ROADS
100
AcDbPolyline
 90
2
 70
0
 10
627068.8885027453
 20
4838199.359643522
 10
627026.0879944782
 20
4838343.108399351
  0
LWPOLYLINE
  5
210
330
17
100
AcDbEntity
  8
ROADS
100
AcDbPolyline
 90
3
 70
0
 10
627118.6644605892
 20
4838214.515828499
 10
627075.1269756701
 20
4838313.364504821
 10
627026.0879944782
 20
4838343.108399351
  0
LWPOLYLINE
  5
211
330
17
100
AcDbEntity
  8
ROADS
100
AcDbPolyline
 90
2
 70
0
 10
627021.4388184267
 20
4838185.523617024
 10
626965.4303279732
 20
4838373.072156984
  0
LWPOLYLINE
  5
212
330
17
100
AcDbEntity
  8
ROADS
100
AcDbPolyline
 90
3
 70
0
 10
627167.2563706463
 20
4838229.311580734
 10
627109.7667404336
 20
4838341.693761968
 10
627044.5822041315
 20
4838384.295430721
  0
LWPOLYLINE
  5
213
330
17
100
AcDbEntity
  8
ROADS
100
AcDbPolyline
 90
2
 70
0
 10
627026.0879944782
 20
4838343.108399351
 10
626965.4303279732
 20
4838373.072156984
  0
LWPOLYLINE
  5
214
330
17
100
AcDbEntity
  8
ROADS
100
AcDbPolyline
 90
2
 70
0
 10
626957.4230092447
 20
4838210.287347916
 10
626865.7232606285
 20
4838184.363279207
  0
LWPOLYLINE
  5
215
330
17
100
AcDbEntity
  8
ROADS
100
AcDbPolyline
 90
2
 70
0
 10
626775.8757472142
 20
4838155.558548471
 10
626732.6869656452
 20
4838296.061964322
  0
LWPOLYLINE
  5
216
330
17
100
AcDbEntity
  8
ROADS
100
AcDbPolyline
 90
2
 70
0
 10
626865.7232606285
 20
4838184.363279207
 10
626822.7739574519
 20
4838324.508038755
  0
LWPOLYLINE
  5
217
330
17
100
AcDbEntity
  8
ROADS
100
AcDbPolyline
 90
2
 70
0
 10
626957.4230092447
 20
4838210.287347916
 10
626915.898519335
 20
4838351.3859709855
  0
LWPOLYLINE
  5
218
330
17
100
AcDbEntity
  8
ROADS
100
AcDbPolyline
 90
2
 70
0
 10
626822.7739574519
 20
4838324.508038755
 10
626732.6869656452
 20
4838296.061964322
  0
LWPOLYLINE
  5
219
330
17
100
AcDbEntity
  8
ROADS
100
AcDbPolyline
 90
2
 70
0
 10
626915.898519335
 20
4838351.3859709855
 10
626822.7739574519
 20
4838324.508038755
  0
LWPOLYLINE
  5
21A
330
17
100
AcDbEntity
  8
ROADS
100
AcDbPolyline
 90
2
 70
0
 10
626732.6869656452
 20
4838296.061964322
 10
626682.1390438871
 20
4838457.002479149
  0
LWPOLYLINE
  5
21B
330
17
100
AcDbEntity
  8
ROADS
100
AcDbPolyline
 90
2
 70
0
 10
626915.898519335
 20
4838351.3859709855
 10
626898.2968736194
 20
4838410.356226283
  0
LWPOLYLINE
  5
21C
330
17
100
AcDbEntity
  8
ROADS
100
AcDbPolyline
 90
2
 70
0
 10
626965.4303279732
 20
4838373.072156984
 10
626898.2968736194
 20
4838410.356226283
  0
LWPOLYLINE
  5
21D
330
17
100
AcDbEntity
  8
ROADS
100
AcDbPolyline
 90
2
 70
0
 10
626822.7739574519
 20
4838324.508038755
 10
626780.2160242633
 20
4838464.4648306
  0
LWPOLYLINE
  5
21E
330
17
100
AcDbEntity
  8
ROADS
100
AcDbPolyline
 90
2
 70
0
 10
626432.4865823648
 20
4838330.690514792
 10
626354.4765846146
 20
4838307.211194375
  0
LWPOLYLINE
  5
21F
330
17
100
AcDbEntity
  8
ROADS
100
AcDbPolyline
 90
2
 70
0
 10
626545.7632872917
 20
4838272.916812598
 10
626488.6944160055
 20
4838456.724668947
  0
LWPOLYLINE
  5
220
330
17
100
AcDbEntity
  8
ROADS
100
AcDbPolyline
 90
2
 70
0
 10
626632.236251324
 20
4838299.967417082
 10
626584.4956866512
 20
4838457.691465383
  0
LWPOLYLINE
  5
221
330
17
100
AcDbEntity
  8
ROADS
100
AcDbPolyline
 90
2
 70
0
 10
626432.4865823648
 20
4838330.690514792
 10
626406.3579905666
 20
4838421.243304357
  0
LWPOLYLINE
  5
222
330
17
100
AcDbEntity
  8
ROADS
100
AcDbPolyline
 90
2
 70
0
 10
626488.6944160055
 20
4838456.724668947
 10
626485.5262189524
 20
4838467.268374062
  0
LWPOLYLINE
  5
223
330
17
100
AcDbEntity
  8
ROADS
100
AcDbPolyline
 90
2
 70
0
 10
626579.2765438785
 20
4838474.932106023
 10
626488.6944160055
 20
4838456.724668947
  0
LWPOLYLINE
  5
224
330
17
100
AcDbEntity
  8
ROADS
100
AcDbPolyline
 90
2
 70
0
 10
626682.1390438871
 20
4838457.002479149
 10
626676.5860299314
 20
4838475.064135834
  0
LWPOLYLINE
  5
225
330
17
100
AcDbEntity
  8
ROADS
100
AcDbPolyline
 90
2
 70
0
 10
626584.4956866512
 20
4838457.691465383
 10
626579.2765438785
 20
4838474.932106023
  0
LWPOLYLINE
  5
226
330
17
100
AcDbEntity
  8
ROADS
100
AcDbPolyline
 90
2
 70
0
 10
626676.5860299314
 20
4838475.064135834
 10
626584.4956866512
 20
4838457.691465383
  0
LWPOLYLINE
  5
227
330
17
100
AcDbEntity
  8
ROADS
100
AcDbPolyline
 90
2
 70
0
 10
626898.2968736194
 20
4838410.356226283
 10
626887.9184475658
 20
4838445.12164082
  0
LWPOLYLINE
  5
228
330
17
100
AcDbEntity
  8
ROADS
100
AcDbPolyline
 90
2
 70
0
 10
626887.9184475658
 20
4838445.12164082
 10
626780.2160242633
 20
4838464.4648306
  0
LWPOLYLINE
  5
229
330
17
100
AcDbEntity
  8
ROADS
100
AcDbPolyline
 90
2
 70
0
 10
626887.9184475658
 20
4838445.12164082
 10
626886.8169696907
 20
4838470.577274871
  0
LWPOLYLINE
  5
22A
330
17
100
AcDbEntity
  8
ROADS
100
AcDbPolyline
 90
2
 70
0
 10
626776.7698302127
 20
4838475.798189098
 10
626682.1390438871
 20
4838457.002479149
  0
LWPOLYLINE
  5
22B
330
17
100
AcDbEntity
  8
ROADS
100
AcDbPolyline
 90
2
 70
0
 10
626780.2160242633
 20
4838464.4648306
 10
626776.7698302127
 20
4838475.798189098
  0
LWPOLYLINE
  5
22C
330
17
100
AcDbEntity
  8
ROADS
100
AcDbPolyline
 90
3
 70
0
 10
626886.8169696907
 20
4838470.577274871
 10
626822.0502889897
 20
4838502.8508182205
 10
626769.3761284853
 20
4838508.432444088
  0
LWPOLYLINE
  5
22D
330
17
100
AcDbEntity
  8
ROADS
100
AcDbPolyline
 90
2
 70
0
 10
626776.7698302127
 20
4838475.798189098
 10
626769.3761284853
 20
4838508.432444088
  0
LWPOLYLINE
  5
22E
330
17
100
AcDbEntity
  8
ROADS
100
AcDbPolyline
 90
2
 70
0
 10
626886.8169696907
 20
4838470.577274871
 10
626923.5070576547
 20
4838538.425037247
  0
LWPOLYLINE
  5
22F
330
17
100
AcDbEntity
  8
ROADS
100
AcDbPolyline
 90
2
 70
0
 10
626769.3761284853
 20
4838508.432444088
 10
626665.8205044031
 20
4838510.082539284
  0
LWPOLYLINE
  5
230
330
17
100
AcDbEntity
  8
ROADS
100
AcDbPolyline
 90
2
 70
0
 10
626923.5070576547
 20
4838538.425037247
 10
626951.0604944838
 20
4838547.063926644
  0
LWPOLYLINE
  5
231
330
17
100
AcDbEntity
  8
ROADS
100
AcDbPolyline
 90
2
 70
0
 10
626579.2765438785
 20
4838474.932106023
 10
626569.9015157426
 20
4838505.903831171
  0
LWPOLYLINE
  5
232
330
17
100
AcDbEntity
  8
ROADS
100
AcDbPolyline
 90
2
 70
0
 10
626676.5860299314
 20
4838475.064135834
 10
626665.8205044031
 20
4838510.082539284
  0
LWPOLYLINE
  5
233
330
17
100
AcDbEntity
  8
ROADS
100
AcDbPolyline
 90
2
 70
0
 10
626665.8205044031
 20
4838510.082539284
 10
626577.7735821364
 20
4838509.500380848
  0
LWPOLYLINE
  5
234
330
17
100
AcDbEntity
  8
ROADS
100
AcDbPolyline
 90
2
 70
0
 10
626665.8205044031
 20
4838510.082539284
 10
626656.967885981
 20
4838538.226224763
  0
LWPOLYLINE
  5
235
330
17
100
AcDbEntity
  8
ROADS
100
AcDbPolyline
 90
2
 70
0
 10
627440.4917793903
 20
4837787.747627152
 10
627411.9663235336
 20
4837806.031896788
  0
LWPOLYLINE
  5
236
330
17
100
AcDbEntity
  8
ROADS
100
AcDbPolyline
 90
3
 70
0
 10
627500.1192020082
 20
4837850.082897313
 10
627428.2688510024
 20
4837828.730148482
 10
627411.9663235336
 20
4837806.031896788
  0
LWPOLYLINE
  5
237
330
17
100
AcDbEntity
  8
ROADS
100
AcDbPolyline
 90
2
 70
0
 10
627411.9663235336
 20
4837806.031896788
 10
627330.8255743803
 20
4837852.627389579
  0
LWPOLYLINE
  5
238
330
17
100
AcDbEntity
  8
ROADS
100
AcDbPolyline
 90
2
 70
0
 10
627330.8255743803
 20
4837852.627389579
 10
627190.5986379801
 20
4837811.499840329
  0
LWPOLYLINE
  5
239
330
17
100
AcDbEntity
  8
ROADS
100
AcDbPolyline
 90
2
 70
0
 10
627387.62723351
 20
4837870.149742042
 10
627330.8255743803
 20
4837852.627389579
  0
LWPOLYLINE
  5
23A
330
17
100
AcDbEntity
  8
ROADS
100
AcDbPolyline
 90
2
 70
0
 10
627330.8255743803
 20
4837852.627389579
 10
627291.4230100191
 20
4837895.016436879
  0
LWPOLYLINE
  5
23B
330
17
100
AcDbEntity
  8
ROADS
100
AcDbPolyline
 90
2
 70
0
 10
627291.4230100191
 20
4837895.016436879
 10
627225.3543228904
 20
4837872.184160563
  0
LWPOLYLINE
  5
23C
330
17
100
AcDbEntity
  8
ROADS
100
AcDbPolyline
 90
2
 70
0
 10
627484.9166385115
 20
4837899.439063478
 10
627387.62723351
 20
4837870.149742042
  0
LWPOLYLINE
  5
23D
330
17
100
AcDbEntity
  8
ROADS
100
AcDbPolyline
 90
2
 70
0
 10
627387.62723351
 20
4837870.149742042
 10
627370.7755379642
 20
4837921.498190543
  0
LWPOLYLINE
  5
23E
330
17
100
AcDbEntity
  8
ROADS
100
AcDbPolyline
 90
2
 70
0
 10
627324.3928578312
 20
4837907.441474897
 10
627291.4230100191
 20
4837895.016436879
  0
LWPOLYLINE
  5
23F
330
17
100
AcDbEntity
  8
ROADS
100
AcDbPolyline
 90
2
 70
0
 10
627683.4907856514
 20
4837845.327859544
 10
627642.9978375104
 20
4837854.970158596
  0
LWPOLYLINE
  5
240
330
17
100
AcDbEntity
  8
ROADS
100
AcDbPolyline
 90
2
 70
0
 10
627642.9978375104
 20
4837854.970158596
 10
627594.4844872564
 20
4837871.352832466
  0
LWPOLYLINE
  5
241
330
17
100
AcDbEntity
  8
ROADS
100
AcDbPolyline
 90
2
 70
0
 10
627683.4907856514
 20
4837845.327859544
 10
627667.113024734
 20
4837881.640972171
  0
LWPOLYLINE
  5
242
330
17
100
AcDbEntity
  8
ROADS
100
AcDbPolyline
 90
2
 70
0
 10
627642.9978375104
 20
4837854.970158596
 10
627667.113024734
 20
4837881.640972171
  0
LWPOLYLINE
  5
243
330
17
100
AcDbEntity
  8
ROADS
100
AcDbPolyline
 90
2
 70
0
 10
627500.1192020082
 20
4837850.082897313
 10
627484.9166385115
 20
4837899.439063478
  0
LWPOLYLINE
  5
244
330
17
100
AcDbEntity
  8
ROADS
100
AcDbPolyline
 90
2
 70
0
 10
627667.113024734
 20
4837881.640972171
 10
627664.1669596063
 20
4837915.197820608
  0
LWPOLYLINE
  5
245
330
17
100
AcDbEntity
  8
ROADS
100
AcDbPolyline
 90
2
 70
0
 10
627594.4844872564
 20
4837871.352832466
 10
627577.9686360398
 20
4837926.304614081
  0
LWPOLYLINE
  5
246
330
17
100
AcDbEntity
  8
ROADS
100
AcDbPolyline
 90
2
 70
0
 10
627577.9686360398
 20
4837926.304614081
 10
627484.9166385115
 20
4837899.439063478
  0
LWPOLYLINE
  5
247
330
17
100
AcDbEntity
  8
ROADS
100
AcDbPolyline
 90
3
 70
0
 10
627667.113024734
 20
4837881.640972171
 10
627690.4500394987
 20
4837911.580923838
 10
627675.7688430955
 20
4837954.890660851
  0
LWPOLYLINE
  5
248
330
17
100
AcDbEntity
  8
ROADS
100
AcDbPolyline
 90
2
 70
0
 10
627664.1669596063
 20
4837915.197820608
 10
627658.0991396222
 20
4837949.725272384
  0
LWPOLYLINE
  5
249
330
17
100
AcDbEntity
  8
ROADS
100
AcDbPolyline
 90
2
 70
0
 10
627091.4986583674
 20
4837784.396959789
 10
627078.8138233561
 20
4837826.921680044
  0
LWPOLYLINE
  5
24A
330
17
100
AcDbEntity
  8
ROADS
100
AcDbPolyline
 90
2
 70
0
 10
627190.5986379801
 20
4837811.499840329
 10
627176.8921662985
 20
4837857.041782922
  0
LWPOLYLINE
  5
24B
330
17
100
AcDbEntity
  8
ROADS
100
AcDbPolyline
 90
2
 70
0
 10
627127.3539246288
 20
4837842.121962354
 10
627078.8138233561
 20
4837826.921680044
  0
LWPOLYLINE
  5
24C
330
17
100
AcDbEntity
  8
ROADS
100
AcDbPolyline
 90
2
 70
0
 10
627176.8921662985
 20
4837857.041782922
 10
627127.3539246288
 20
4837842.121962354
  0
LWPOLYLINE
  5
24D
330
17
100
AcDbEntity
  8
ROADS
100
AcDbPolyline
 90
2
 70
0
 10
627225.3543228904
 20
4837872.184160563
 10
627176.8921662985
 20
4837857.041782922
  0
LWPOLYLINE
  5
24E
330
17
100
AcDbEntity
  8
ROADS
100
AcDbPolyline
 90
2
 70
0
 10
627078.8138233561
 20
4837826.921680044
 10
627032.2903673396
 20
4837977.907099494
  0
LWPOLYLINE
  5
24F
330
17
100
AcDbEntity
  8
ROADS
100
AcDbPolyline
 90
2
 70
0
 10
627127.3539246288
 20
4837842.121962354
 10
627081.2913658784
 20
4837991.8421591865
  0
LWPOLYLINE
  5
250
330
17
100
AcDbEntity
  8
ROADS
100
AcDbPolyline
 90
2
 70
0
 10
627176.8921662985
 20
4837857.041782922
 10
627129.031746296
 20
4838005.420401957
  0
LWPOLYLINE
  5
251
330
17
100
AcDbEntity
  8
ROADS
100
AcDbPolyline
 90
2
 70
0
 10
627225.3543228904
 20
4837872.184160563
 10
627179.5335798671
 20
4838021.69275762
  0
LWPOLYLINE
  5
252
330
17
100
AcDbEntity
  8
ROADS
100
AcDbPolyline
 90
2
 70
0
 10
627081.2913658784
 20
4837991.8421591865
 10
627032.2903673396
 20
4837977.907099494
  0
LWPOLYLINE
  5
253
330
17
100
AcDbEntity
  8
ROADS
100
AcDbPolyline
 90
2
 70
0
 10
627370.7755379642
 20
4837921.498190543
 10
627324.3928578312
 20
4837907.441474897
  0
LWPOLYLINE
  5
254
330
17
100
AcDbEntity
  8
ROADS
100
AcDbPolyline
 90
2
 70
0
 10
627484.9166385115
 20
4837899.439063478
 10
627468.732897661
 20
4837951.51065109
  0
LWPOLYLINE
  5
255
330
17
100
AcDbEntity
  8
ROADS
100
AcDbPolyline
 90
2
 70
0
 10
627419.229659284
 20
4837936.367423351
 10
627370.7755379642
 20
4837921.498190543
  0
LWPOLYLINE
  5
256
330
17
100
AcDbEntity
  8
ROADS
100
AcDbPolyline
 90
2
 70
0
 10
627468.732897661
 20
4837951.51065109
 10
627419.229659284
 20
4837936.367423351
  0
LWPOLYLINE
  5
257
330
17
100
AcDbEntity
  8
ROADS
100
AcDbPolyline
 90
2
 70
0
 10
627291.4230100191
 20
4837895.016436879
 10
627229.0809725162
 20
4838037.6548372265
  0
LWPOLYLINE
  5
258
330
17
100
AcDbEntity
  8
ROADS
100
AcDbPolyline
 90
2
 70
0
 10
627468.732897661
 20
4837951.51065109
 10
627404.8496122122
 20
4838147.096560207
  0
LWPOLYLINE
  5
259
330
17
100
AcDbEntity
  8
ROADS
100
AcDbPolyline
 90
2
 70
0
 10
627324.3928578312
 20
4837907.441474897
 10
627226.0921622582
 20
4838217.277942365
  0
LWPOLYLINE
  5
25A
330
17
100
AcDbEntity
  8
ROADS
100
AcDbPolyline
 90
2
 70
0
 10
627370.7755379642
 20
4837921.498190543
 10
627271.4726241309
 20
4838231.673592001
  0
LWPOLYLINE
  5
25B
330
17
100
AcDbEntity
  8
ROADS
100
AcDbPolyline
 90
2
 70
0
 10
627419.229659284
 20
4837936.367423351
 10
627325.0382152456
 20
4838235.253607579
  0
LWPOLYLINE
  5
25C
330
17
100
AcDbEntity
  8
ROADS
100
AcDbPolyline
 90
2
 70
0
 10
627461.4069709327
 20
4838164.247524617
 10
627404.8496122122
 20
4838147.096560207
  0
LWPOLYLINE
  5
25D
330
17
100
AcDbEntity
  8
ROADS
100
AcDbPolyline
 90
2
 70
0
 10
627664.1669596063
 20
4837915.197820608
 10
627675.7688430955
 20
4837954.890660851
  0
LWPOLYLINE
  5
25E
330
17
100
AcDbEntity
  8
ROADS
100
AcDbPolyline
 90
2
 70
0
 10
627658.0991396222
 20
4837949.725272384
 10
627577.9686360398
 20
4837926.304614081
  0
LWPOLYLINE
  5
25F
330
17
100
AcDbEntity
  8
ROADS
100
AcDbPolyline
 90
2
 70
0
 10
627675.7688430955
 20
4837954.890660851
 10
627658.0991396222
 20
4837949.725272384
  0
LWPOLYLINE
  5
260
330
17
100
AcDbEntity
  8
ROADS
100
AcDbPolyline
 90
2
 70
0
 10
627743.1451647289
 20
4837975.512990916
 10
627675.7688430955
 20
4837954.890660851
  0
LWPOLYLINE
  5
261
330
17
100
AcDbEntity
  8
ROADS
100
AcDbPolyline
 90
4
 70
0
 10
627475.5532965574
 20
4838168.536143001
 10
627490.7731187101
 20
4838150.573776956
 10
627516.7641580818
 20
4838155.030127406
 10
627551.344386333
 20
4838188.423647217
  0
LWPOLYLINE
  5
262
330
17
100
AcDbEntity
  8
ROADS
100
AcDbPolyline
 90
2
 70
0
 10
627551.344386333
 20
4838188.423647217
 10
627475.5532965574
 20
4838168.536143001
  0
LWPOLYLINE
  5
263
330
17
100
AcDbEntity
  8
ROADS
100
AcDbPolyline
 90
2
 70
0
 10
627616.1101269248
 20
4838206.468138984
 10
627551.344386333
 20
4838188.423647217
  0
LWPOLYLINE
  5
264
330
17
100
AcDbEntity
  8
ROADS
100
AcDbPolyline
 90
3
 70
0
 10
627461.4069709327
 20
4838164.247524617
 10
627445.4717978713
 20
4838214.7934963405
 10
627536.2128617393
 20
4838241.728340274
  0
LWPOLYLINE
  5
265
330
17
100
AcDbEntity
  8
ROADS
100
AcDbPolyline
 90
2
 70
0
 10
627671.0624705646
 20
4838222.842045916
 10
627616.1101269248
 20
4838206.468138984
  0
LWPOLYLINE
  5
266
330
17
100
AcDbEntity
  8
ROADS
100
AcDbPolyline
 90
2
 70
0
 10
627551.344386333
 20
4838188.423647217
 10
627536.2128617393
 20
4838241.728340274
  0
LWPOLYLINE
  5
267
330
17
100
AcDbEntity
  8
ROADS
100
AcDbPolyline
 90
2
 70
0
 10
627951.7817942895
 20
4838040.190404364
 10
627878.32139585
 20
4838017.61339081
  0
LWPOLYLINE
  5
268
330
17
100
AcDbEntity
  8
ROADS
100
AcDbPolyline
 90
2
 70
0
 10
627965.9783240842
 20
4838044.5244342955
 10
627951.7817942895
 20
4838040.190404364
  0
LWPOLYLINE
  5
269
330
17
100
AcDbEntity
  8
ROADS
100
AcDbPolyline
 90
2
 70
0
 10
627878.32139585
 20
4838017.61339081
 10
627798.1927947674
 20
4838255.257399449
  0
LWPOLYLINE
  5
26A
330
17
100
AcDbEntity
  8
ROADS
100
AcDbPolyline
 90
2
 70
0
 10
627965.9783240842
 20
4838044.5244342955
 10
627893.1494954044
 20
4838282.066517811
  0
LWPOLYLINE
  5
26B
330
17
100
AcDbEntity
  8
ROADS
100
AcDbPolyline
 90
2
 70
0
 10
627893.1494954044
 20
4838282.066517811
 10
627798.1927947674
 20
4838255.257399449
  0
LWPOLYLINE
  5
26C
330
17
100
AcDbEntity
  8
ROADS
100
AcDbPolyline
 90
2
 70
0
 10
627935.613349028
 20
4838297.0984936515
 10
627893.1494954044
 20
4838282.066517811
  0
LWPOLYLINE
  5
26D
330
17
100
AcDbEntity
  8
ROADS
100
AcDbPolyline
 90
2
 70
0
 10
627769.4660770269
 20
4838325.497822011
 10
627798.1927947674
 20
4838255.257399449
  0
LWPOLYLINE
  5
26E
330
17
100
AcDbEntity
  8
ROADS
100
AcDbPolyline
 90
2
 70
0
 10
627981.5138512217
 20
4838309.89548556
 10
627935.613349028
 20
4838297.0984936515
  0
LWPOLYLINE
  5
26F
330
17
100
AcDbEntity
  8
ROADS
100
AcDbPolyline
 90
2
 70
0
 10
627935.613349028
 20
4838297.0984936515
 10
627916.105272596
 20
4838359.732686086
  0
LWPOLYLINE
  5
270
330
17
100
AcDbEntity
  8
ROADS
100
AcDbPolyline
 90
2
 70
0
 10
627916.105272596
 20
4838359.732686086
 10
627782.7376606049
 20
4838318.766927068
  0
LWPOLYLINE
  5
271
330
17
100
AcDbEntity
  8
ROADS
100
AcDbPolyline
 90
2
 70
0
 10
627475.5532965574
 20
4838168.536143001
 10
627461.4069709327
 20
4838164.247524617
  0
LWPOLYLINE
  5
272
330
17
100
AcDbEntity
  8
ROADS
100
AcDbPolyline
 90
2
 70
0
 10
627404.8496122122
 20
4838147.096560207
 10
627372.0522466445
 20
4838253.218031922
  0
LWPOLYLINE
  5
273
330
17
100
AcDbEntity
  8
ROADS
100
AcDbPolyline
 90
2
 70
0
 10
627271.4726241309
 20
4838231.673592001
 10
627226.0921622582
 20
4838217.277942365
  0
LWPOLYLINE
  5
274
330
17
100
AcDbEntity
  8
ROADS
100
AcDbPolyline
 90
2
 70
0
 10
627518.3905165797
 20
4838297.335506829
 10
627372.0522466445
 20
4838253.218031922
  0
LWPOLYLINE
  5
275
330
17
100
AcDbEntity
  8
ROADS
100
AcDbPolyline
 90
2
 70
0
 10
627372.0522466445
 20
4838253.218031922
 10
627344.4305566155
 20
4838343.450100194
  0
LWPOLYLINE
  5
276
330
17
100
AcDbEntity
  8
ROADS
100
AcDbPolyline
 90
2
 70
0
 10
627271.4726241309
 20
4838231.673592001
 10
627218.4654494342
 20
4838399.915349363
  0
LWPOLYLINE
  5
277
330
17
100
AcDbEntity
  8
ROADS
100
AcDbPolyline
 90
2
 70
0
 10
627488.4838174871
 20
4838388.996373158
 10
627344.4305566155
 20
4838343.450100194
  0
LWPOLYLINE
  5
278
330
17
100
AcDbEntity
  8
ROADS
100
AcDbPolyline
 90
2
 70
0
 10
627344.4305566155
 20
4838343.450100194
 10
627218.4654494342
 20
4838399.915349363
  0
LWPOLYLINE
  5
279
330
17
100
AcDbEntity
  8
ROADS
100
AcDbPolyline
 90
2
 70
0
 10
627344.4305566155
 20
4838343.450100194
 10
627313.245101001
 20
4838442.944275264
  0
LWPOLYLINE
  5
27A
330
17
100
AcDbEntity
  8
ROADS
100
AcDbPolyline
 90
4
 70
0
 10
627479.7810845916
 20
4838418.254810965
 10
627467.4154698072
 20
4838453.133351044
 10
627432.6184341017
 20
4838477.894540037
 10
627313.245101001
 20
4838442.944275264
  0
LWPOLYLINE
  5
27B
330
17
100
AcDbEntity
  8
ROADS
100
AcDbPolyline
 90
2
 70
0
 10
627798.1927947674
 20
4838255.257399449
 10
627671.0624705646
 20
4838222.842045916
  0
LWPOLYLINE
  5
27C
330
17
100
AcDbEntity
  8
ROADS
100
AcDbPolyline
 90
3
 70
0
 10
627616.1101269248
 20
4838206.468138984
 10
627620.6728894481
 20
4838245.975162099
 10
627646.977273803
 20
4838285.081384988
  0
LWPOLYLINE
  5
27D
330
17
100
AcDbEntity
  8
ROADS
100
AcDbPolyline
 90
2
 70
0
 10
627671.0624705646
 20
4838222.842045916
 10
627646.977273803
 20
4838285.081384988
  0
LWPOLYLINE
  5
27E
330
17
100
AcDbEntity
  8
ROADS
100
AcDbPolyline
 90
2
 70
0
 10
627536.2128617393
 20
4838241.728340274
 10
627518.3905165797
 20
4838297.335506829
  0
LWPOLYLINE
  5
27F
330
17
100
AcDbEntity
  8
ROADS
100
AcDbPolyline
 90
2
 70
0
 10
627518.3905165797
 20
4838297.335506829
 10
627488.4838174871
 20
4838388.996373158
  0
LWPOLYLINE
  5
280
330
17
100
AcDbEntity
  8
ROADS
100
AcDbPolyline
 90
3
 70
0
 10
627646.977273803
 20
4838285.081384988
 10
627597.303153069
 20
4838396.545016407
 10
627586.3112469994
 20
4838500.389775026
  0
LWPOLYLINE
  5
281
330
17
100
AcDbEntity
  8
ROADS
100
AcDbPolyline
 90
6
 70
0
 10
627769.4660770269
 20
4838325.497822011
 10
627743.3339841872
 20
4838407.792928246
 10
627714.760030805
 20
4838480.8927716585
 10
627650.6222675926
 20
4838464.23366772
 10
627700.0389643535
 20
4838307.124471628
 10
627769.4660770269
 20
4838325.497822011
  0
LWPOLYLINE
  5
282
330
17
100
AcDbEntity
  8
ROADS
100
AcDbPolyline
 90
2
 70
0
 10
627488.4838174871
 20
4838388.996373158
 10
627479.7810845916
 20
4838418.254810965
  0
LWPOLYLINE
  5
283
330
17
100
AcDbEntity
  8
ROADS
100
AcDbPolyline
 90
2
 70
0
 10
627516.4905857744
 20
4838430.905559361
 10
627479.7810845916
 20
4838418.254810965
  0
LWPOLYLINE
  5
284
330
17
100
AcDbEntity
  8
ROADS
100
AcDbPolyline
 90
2
 70
0
 10
627586.3112469994
 20
4838500.389775026
 10
627557.9773532847
 20
4838530.804223579
  0
LWPOLYLINE
  5
285
330
17
100
AcDbEntity
  8
ROADS
100
AcDbPolyline
 90
2
 70
0
 10
627981.5138512217
 20
4838309.89548556
 10
627962.1397682228
 20
4838373.083144956
  0
LWPOLYLINE
  5
286
330
17
100
AcDbEntity
  8
ROADS
100
AcDbPolyline
 90
2
 70
0
 10
627962.1397682228
 20
4838373.083144956
 10
627916.105272596
 20
4838359.732686086
  0
LWPOLYLINE
  5
287
330
17
100
AcDbEntity
  8
ROADS
100
AcDbPolyline
 90
2
 70
0
 10
627901.1979432768
 20
4838407.800148974
 10
627765.7822987224
 20
4838367.548376335
  0
LWPOLYLINE
  5
288
330
17
100
AcDbEntity
  8
ROADS
100
AcDbPolyline
 90
2
 70
0
 10
627962.1397682228
 20
4838373.083144956
 10
627947.172825182
 20
4838419.525431213
  0
LWPOLYLINE
  5
289
330
17
100
AcDbEntity
  8
ROADS
100
AcDbPolyline
 90
2
 70
0
 10
627947.172825182
 20
4838419.525431213
 10
627901.1979432768
 20
4838407.800148974
  0
LWPOLYLINE
  5
28A
330
17
100
AcDbEntity
  8
ROADS
100
AcDbPolyline
 90
2
 70
0
 10
627901.1979432768
 20
4838407.800148974
 10
627881.6428438665
 20
4838501.838491208
  0
LWPOLYLINE
  5
28B
330
17
100
AcDbEntity
  8
ROADS
100
AcDbPolyline
 90
2
 70
0
 10
627947.172825182
 20
4838419.525431213
 10
627927.2109112334
 20
4838517.366671985
  0
LWPOLYLINE
  5
28C
330
17
100
AcDbEntity
  8
ROADS
100
AcDbPolyline
 90
2
 70
0
 10
627830.4655786963
 20
4838486.522875594
 10
627735.9878389654
 20
4838457.480224537
  0
LWPOLYLINE
  5
28D
330
17
100
AcDbEntity
  8
ROADS
100
AcDbPolyline
 90
2
 70
0
 10
627881.6428438665
 20
4838501.838491208
 10
627830.4655786963
 20
4838486.522875594
  0
LWPOLYLINE
  5
28E
330
17
100
AcDbEntity
  8
ROADS
100
AcDbPolyline
 90
2
 70
0
 10
627970.9725163672
 20
4838529.983996133
 10
627985.0921815264
 20
4838483.83140533
  0
LWPOLYLINE
  5
28F
330
17
100
AcDbEntity
  8
ROADS
100
AcDbPolyline
 90
2
 70
0
 10
627927.2109112334
 20
4838517.366671985
 10
627881.6428438665
 20
4838501.838491208
  0
LWPOLYLINE
  5
290
330
17
100
AcDbEntity
  8
ROADS
100
AcDbPolyline
 90
2
 70
0
 10
627970.9725163672
 20
4838529.983996133
 10
627927.2109112334
 20
4838517.366671985
  0
LWPOLYLINE
  5
291
330
17
100
AcDbEntity
  8
ROADS
100
AcDbPolyline
 90
2
 70
0
 10
627830.4655786963
 20
4838486.522875594
 10
627806.4540333857
 20
4838561.135348755
  0
LWPOLYLINE
  5
292
330
17
100
AcDbEntity
  8
ROADS
100
AcDbPolyline
 90
2
 70
0
 10
627970.9725163672
 20
4838529.983996133
 10
627957.0891249997
 20
4838574.739766799
  0
LWPOLYLINE
  5
293
330
17
100
AcDbEntity
  8
ROADS
100
AcDbPolyline
 90
2
 70
0
 10
627927.2109112334
 20
4838517.366671985
 10
627898.2137887471
 20
4838603.2437124625
  0
LWPOLYLINE
  5
294
330
17
100
AcDbEntity
  8
ROADS
100
AcDbPolyline
 90
3
 70
0
 10
627881.6428438665
 20
4838501.838491208
 10
627838.9374993573
 20
4838630.638324915
 10
627886.3050409777
 20
4838644.984993233
  0
LWPOLYLINE
  5
295
330
17
100
AcDbEntity
  8
ROADS
100
AcDbPolyline
 90
2
 70
0
 10
627806.4540333857
 20
4838561.135348755
 10
627750.9168991783
 20
4838597.243479863
  0
LWPOLYLINE
  5
296
330
17
100
AcDbEntity
  8
ROADS
100
AcDbPolyline
 90
2
 70
0
 10
627806.4540333857
 20
4838561.135348755
 10
627790.0347693639
 20
4838619.780115915
  0
LWPOLYLINE
  5
297
330
17
100
AcDbEntity
  8
ROADS
100
AcDbPolyline
 90
2
 70
0
 10
627898.2137887471
 20
4838603.2437124625
 10
627886.3050409777
 20
4838644.984993233
  0
LWPOLYLINE
  5
298
330
17
100
AcDbEntity
  8
ROADS
100
AcDbPolyline
 90
2
 70
0
 10
627898.2137887471
 20
4838603.2437124625
 10
628089.5038749346
 20
4838660.811332627
  0
LWPOLYLINE
  5
299
330
17
100
AcDbEntity
  8
ROADS
100
AcDbPolyline
 90
2
 70
0
 10
627026.0879944782
 20
4838343.108399351
 10
627044.5822041315
 20
4838384.295430721
  0
LWPOLYLINE
  5
29A
330
17
100
AcDbEntity
  8
ROADS
100
AcDbPolyline
 90
2
 70
0
 10
627044.5822041315
 20
4838384.295430721
 10
627091.3695865164
 20
4838468.915877825
  0
LWPOLYLINE
  5
29B
330
17
100
AcDbEntity
  8
ROADS
100
AcDbPolyline
 90
2
 70
0
 10
627044.5822041315
 20
4838384.295430721
 10
626886.8169696907
 20
4838470.577274871
  0
LWPOLYLINE
  5
29C
330
17
100
AcDbEntity
  8
ROADS
100
AcDbPolyline
 90
2
 70
0
 10
627218.4654494342
 20
4838399.915349363
 10
627091.3695865164
 20
4838468.915877825
  0
LWPOLYLINE
  5
29D
330
17
100
AcDbEntity
  8
ROADS
100
AcDbPolyline
 90
2
 70
0
 10
627218.4654494342
 20
4838399.915349363
 10
627177.7649601807
 20
4838530.008281811
  0
LWPOLYLINE
  5
29E
330
17
100
AcDbEntity
  8
ROADS
100
AcDbPolyline
 90
2
 70
0
 10
627091.3695865164
 20
4838468.915877825
 10
626951.0604944838
 20
4838547.063926644
  0
LWPOLYLINE
  5
29F
330
17
100
AcDbEntity
  8
ROADS
100
AcDbPolyline
 90
3
 70
0
 10
627177.7649601807
 20
4838530.008281811
 10
626983.2513688161
 20
4838639.344833015
 10
626972.6141511577
 20
4838640.091624746
  0
LWPOLYLINE
  5
2A0
330
17
100
AcDbEntity
  8
ROADS
100
AcDbPolyline
 90
3
 70
0
 10
627097.6863979441
 20
4838706.156614532
 10
627173.6616157356
 20
4838676.02811709
 10
627231.9824106295
 20
4838701.174052954
  0
LWPOLYLINE
  5
2A1
330
17
100
AcDbEntity
  8
ROADS
100
AcDbPolyline
 90
2
 70
0
 10
627231.9824106295
 20
4838701.174052954
 10
627215.0880626407
 20
4838754.873778216
  0
LWPOLYLINE
  5
2A2
330
17
100
AcDbEntity
  8
ROADS
100
AcDbPolyline
 90
3
 70
0
 10
626923.5070576547
 20
4838538.425037247
 10
626913.4745442718
 20
4838556.885709086
 10
626927.1894337597
 20
4838574.132827889
  0
LWPOLYLINE
  5
2A3
330
17
100
AcDbEntity
  8
ROADS
100
AcDbPolyline
 90
3
 70
0
 10
626951.0604944838
 20
4838547.063926644
 10
626947.1455249721
 20
4838569.993522425
 10
626927.1894337597
 20
4838574.132827889
  0
LWPOLYLINE
  5
2A4
330
17
100
AcDbEntity
  8
ROADS
100
AcDbPolyline
 90
2
 70
0
 10
626769.3761284853
 20
4838508.432444088
 10
626772.4593680643
 20
4838579.8397453725
  0
LWPOLYLINE
  5
2A5
330
17
100
AcDbEntity
  8
ROADS
100
AcDbPolyline
 90
2
 70
0
 10
626927.1894337597
 20
4838574.132827889
 10
626909.1622092876
 20
4838614.18631125
  0
LWPOLYLINE
  5
2A6
330
17
100
AcDbEntity
  8
ROADS
100
AcDbPolyline
 90
2
 70
0
 10
627557.9773532847
 20
4838530.804223579
 10
627535.4882241554
 20
4838541.514138896
  0
LWPOLYLINE
  5
2A7
330
17
100
AcDbEntity
  8
ROADS
100
AcDbPolyline
 90
3
 70
0
 10
627586.3112469994
 20
4838500.389775026
 10
627611.9992342278
 20
4838491.1918082405
 10
627750.9168991783
 20
4838597.243479863
  0
LWPOLYLINE
  5
2A8
330
17
100
AcDbEntity
  8
ROADS
100
AcDbPolyline
 90
2
 70
0
 10
627557.9773532847
 20
4838530.804223579
 10
627544.4656842541
 20
4838561.810794817
  0
LWPOLYLINE
  5
2A9
330
17
100
AcDbEntity
  8
ROADS
100
AcDbPolyline
 90
2
 70
0
 10
627535.4882241554
 20
4838541.514138896
 10
627544.4656842541
 20
4838561.810794817
  0
LWPOLYLINE
  5
2AA
330
17
100
AcDbEntity
  8
ROADS
100
AcDbPolyline
 90
2
 70
0
 10
627544.4656842541
 20
4838561.810794817
 10
627530.0873603846
 20
4838630.059036555
  0
LWPOLYLINE
  5
2AB
330
17
100
AcDbEntity
  8
ROADS
100
AcDbPolyline
 90
2
 70
0
 10
627750.9168991783
 20
4838597.243479863
 10
627697.857617515
 20
4838661.316527206
  0
LWPOLYLINE
  5
2AC
330
17
100
AcDbEntity
  8
ROADS
100
AcDbPolyline
 90
3
 70
0
 10
627672.6840886214
 20
4838653.627716729
 10
627580.5785642781
 20
4838625.026966117
 10
627530.0873603846
 20
4838630.059036555
  0
LWPOLYLINE
  5
2AD
330
17
100
AcDbEntity
  8
ROADS
100
AcDbPolyline
 90
2
 70
0
 10
627697.857617515
 20
4838661.316527206
 10
627672.6840886214
 20
4838653.627716729
  0
LWPOLYLINE
  5
2AE
330
17
100
AcDbEntity
  8
ROADS
100
AcDbPolyline
 90
2
 70
0
 10
627530.0873603846
 20
4838630.059036555
 10
627492.1120776685
 20
4838732.057587945
  0
LWPOLYLINE
  5
2AF
330
17
100
AcDbEntity
  8
ROADS
100
AcDbPolyline
 90
2
 70
0
 10
627672.6840886214
 20
4838653.627716729
 10
627641.6507934633
 20
4838750.342538262
  0
LWPOLYLINE
  5
2B0
330
17
100
AcDbEntity
  8
ROADS
100
AcDbPolyline
 90
2
 70
0
 10
627313.245101001
 20
4838442.944275264
 10
627276.4981925307
 20
4838559.139882697
  0
LWPOLYLINE
  5
2B1
330
17
100
AcDbEntity
  8
ROADS
100
AcDbPolyline
 90
2
 70
0
 10
627276.4981925307
 20
4838559.139882697
 10
627177.7649601807
 20
4838530.008281811
  0
LWPOLYLINE
  5
2B2
330
17
100
AcDbEntity
  8
ROADS
100
AcDbPolyline
 90
6
 70
0
 10
627535.4882241554
 20
4838541.514138896
 10
627490.7769358174
 20
4838544.30462141
 10
627436.8110590102
 20
4838611.3957516905
 10
627322.835186799
 20
4838642.729202016
 10
627265.8533692033
 20
4838693.165694846
 10
627231.9824106295
 20
4838701.174052954
  0
LWPOLYLINE
  5
2B3
330
17
100
AcDbEntity
  8
ROADS
100
AcDbPolyline
 90
2
 70
0
 10
627276.4981925307
 20
4838559.139882697
 10
627231.9824106295
 20
4838701.174052954
  0
LWPOLYLINE
  5
2B4
330
17
100
AcDbEntity
  8
ROADS
100
AcDbPolyline
 90
3
 70
0
 10
627492.1120776685
 20
4838732.057587945
 10
627444.157192869
 20
4838717.178266136
 10
627394.1838954777
 20
4838819.717719444
  0
LWPOLYLINE
  5
2B5
330
17
100
AcDbEntity
  8
ROADS
100
AcDbPolyline
 90
3
 70
0
 10
627492.1120776685
 20
4838732.057587945
 10
627459.3624667267
 20
4838834.422661075
 10
627459.7090366513
 20
4838836.031398092
  0
LWPOLYLINE
  5
2B6
330
17
100
AcDbEntity
  8
ROADS
100
AcDbPolyline
 90
3
 70
0
 10
627750.9168991783
 20
4838597.243479863
 10
627807.3650663793
 20
4838676.052167539
 10
627853.0039579116
 20
4838697.892053909
  0
LWPOLYLINE
  5
2B7
330
17
100
AcDbEntity
  8
ROADS
100
AcDbPolyline
 90
2
 70
0
 10
627886.3050409777
 20
4838644.984993233
 10
627871.3348791688
 20
4838690.608146785
  0
LWPOLYLINE
  5
2B8
330
17
100
AcDbEntity
  8
ROADS
100
AcDbPolyline
 90
2
 70
0
 10
627853.0039579116
 20
4838697.892053909
 10
627871.3348791688
 20
4838690.608146785
  0
LWPOLYLINE
  5
2B9
330
17
100
AcDbEntity
  8
ROADS
100
AcDbPolyline
 90
2
 70
0
 10
628017.522016765
 20
4838735.847213642
 10
627871.3348791688
 20
4838690.608146785
  0
LWPOLYLINE
  5
2BA
330
17
100
AcDbEntity
  8
ROADS
100
AcDbPolyline
 90
2
 70
0
 10
627871.3348791688
 20
4838690.608146785
 10
627844.4258879267
 20
4838771.949637913
  0
LWPOLYLINE
  5
2BB
330
17
100
AcDbEntity
  8
ROADS
100
AcDbPolyline
 90
2
 70
0
 10
627853.0039579116
 20
4838697.892053909
 10
627802.98756209
 20
4838770.439018649
  0
LWPOLYLINE
  5
2BC
330
17
100
AcDbEntity
  8
ROADS
100
AcDbPolyline
 90
2
 70
0
 10
627802.98756209
 20
4838770.439018649
 10
627765.24986743
 20
4838770.17841514
  0
LWPOLYLINE
  5
2BD
330
17
100
AcDbEntity
  8
ROADS
100
AcDbPolyline
 90
2
 70
0
 10
627844.4258879267
 20
4838771.949637913
 10
627802.98756209
 20
4838770.439018649
  0
LWPOLYLINE
  5
2BE
330
17
100
AcDbEntity
  8
ROADS
100
AcDbPolyline
 90
2
 70
0
 10
627844.4258879267
 20
4838771.949637913
 10
627812.8545132315
 20
4838869.003111526
  0
LWPOLYLINE
  5
2BF
330
17
100
AcDbEntity
  8
ROADS
100
AcDbPolyline
 90
2
 70
0
 10
628017.522016765
 20
4838735.847213642
 10
627984.5957509276
 20
4838838.0744060185
  0
LWPOLYLINE
  5
2C0
330
17
100
AcDbEntity
  8
ROADS
100
AcDbPolyline
 90
3
 70
0
 10
627765.24986743
 20
4838770.17841514
 10
627738.8981660911
 20
4838691.119739685
 10
627697.857617515
 20
4838661.316527206
  0
LWPOLYLINE
  5
2C1
330
17
100
AcDbEntity
  8
ROADS
100
AcDbPolyline
 90
2
 70
0
 10
627585.8690431287
 20
4838739.794912456
 10
627492.1120776685
 20
4838732.057587945
  0
LWPOLYLINE
  5
2C2
330
17
100
AcDbEntity
  8
ROADS
100
AcDbPolyline
 90
2
 70
0
 10
627641.6507934633
 20
4838750.342538262
 10
627585.8690431287
 20
4838739.794912456
  0
LWPOLYLINE
  5
2C3
330
17
100
AcDbEntity
  8
ROADS
100
AcDbPolyline
 90
2
 70
0
 10
627765.24986743
 20
4838770.17841514
 10
627641.6507934633
 20
4838750.342538262
  0
LWPOLYLINE
  5
2C4
330
17
100
AcDbEntity
  8
ROADS
100
AcDbPolyline
 90
3
 70
0
 10
627585.8690431287
 20
4838739.794912456
 10
627571.7017219111
 20
4838814.565384334
 10
627578.0715457159
 20
4838851.167699352
  0
LWPOLYLINE
  5
2C5
330
17
100
AcDbEntity
  8
ROADS
100
AcDbPolyline
 90
3
 70
0
 10
627723.6816224995
 20
4838870.328020359
 10
627692.1771529317
 20
4838862.564570917
 10
627665.5796803759
 20
4838866.251111911
  0
LWPOLYLINE
  5
2C6
330
17
100
AcDbEntity
  8
ROADS
100
AcDbPolyline
 90
2
 70
0
 10
628186.0740643183
 20
4838599.999075693
 10
627970.9725163672
 20
4838529.983996133
  0
LWPOLYLINE
  5
2C7
330
17
100
AcDbEntity
  8
ROADS
100
AcDbPolyline
 90
2
 70
0
 10
628186.0740643183
 20
4838599.999075693
 10
628183.0874573225
 20
4838610.360729994
  0
LWPOLYLINE
  5
2C8
330
17
100
AcDbEntity
  8
ROADS
100
AcDbPolyline
 90
2
 70
0
 10
628307.292650124
 20
4838647.508678509
 10
628183.0874573225
 20
4838610.360729994
  0
LWPOLYLINE
  5
2C9
330
17
100
AcDbEntity
  8
ROADS
100
AcDbPolyline
 90
2
 70
0
 10
628183.0874573225
 20
4838610.360729994
 10
628130.8009254248
 20
4838770.4243938895
  0
LWPOLYLINE
  5
2CA
330
17
100
AcDbEntity
  8
ROADS
100
AcDbPolyline
 90
2
 70
0
 10
628130.8009254248
 20
4838770.4243938895
 10
628017.522016765
 20
4838735.847213642
  0
LWPOLYLINE
  5
2CB
330
17
100
AcDbEntity
  8
ROADS
100
AcDbPolyline
 90
2
 70
0
 10
628307.292650124
 20
4838647.508678509
 10
628306.1695010086
 20
4838650.949397164
  0
LWPOLYLINE
  5
2CC
330
17
100
AcDbEntity
  8
ROADS
100
AcDbPolyline
 90
2
 70
0
 10
628130.8009254248
 20
4838770.4243938895
 10
628127.7607117804
 20
4838779.556625804
  0
LWPOLYLINE
  5
2CD
330
17
100
AcDbEntity
  8
ROADS
100
AcDbPolyline
 90
2
 70
0
 10
628375.7137538888
 20
4838424.495607587
 10
628307.292650124
 20
4838647.508678509
  0
LWPOLYLINE
  5
2CE
330
17
100
AcDbEntity
  8
ROADS
100
AcDbPolyline
 90
2
 70
0
 10
628309.314621034
 20
4838648.108709292
 10
628307.292650124
 20
4838647.508678509
  0
ENDSEC
  0
SECTION
  2
OBJECTS
  0
DICTIONARY
  5
A
330
0
100
AcDbDictionary
281
1
  3
ACAD_COLOR
350
B
  3
ACAD_GROUP
350
C
  3
ACAD_LAYOUT
350
D
  3
ACAD_MATERIAL
350
E
  3
ACAD_MLEADERSTYLE
350
F
  3
ACAD_MLINESTYLE
350
10
  3
ACAD_PLOTSETTINGS
350
11
  3
ACAD_PLOTSTYLENAME
350
12
  3
ACAD_SCALELIST
350
14
  3
ACAD_TABLESTYLE
350
15
  3
ACAD_VISUALSTYLE
350
16
  3
EZDXF_META
350
2D
  0
DICTIONARY
  5
B
330
A
100
AcDbDictionary
281
1
  0
DICTIONARY
  5
C
330
A
100
AcDbDictionary
281
1
  0
DICTIONARY
  5
D
330
A
100
AcDbDictionary
281
1
  3
Model
350
1A
  3
Layout1
350
1E
  0
DICTIONARY
  5
E
330
A
100
AcDbDictionary
281
1
  3
ByBlock
350
1F
  3
ByLayer
350
20
  3
Global
350
21
  0
DICTIONARY
  5
F
330
A
100
AcDbDictionary
281
1
  3
Standard
350
2C
  0
DICTIONARY
  5
10
330
A
100
AcDbDictionary
281
1
  3
Standard
350
22
  0
DICTIONARY
  5
11
330
A
100
AcDbDictionary
281
1
  0
ACDBDICTIONARYWDFLT
  5
12
330
A
100
AcDbDictionary
281
1
  3
Normal
350
13
100
AcDbDictionaryWithDefault
340
13
  0
ACDBPLACEHOLDER
  5
13
330
12
  0
DICTIONARY
  5
14
330
A
100
AcDbDictionary
281
1
  0
DICTIONARY
  5
15
330
A
100
AcDbDictionary
281
1
  0
DICTIONARY
  5
16
330
A
100
AcDbDictionary
281
1
  0
LAYOUT
  5
1A
330
D
100
AcDbPlotSettings
  1

  4
A3
  6

 40
7.5
 41
20.0
 42
7.5
 43
20.0
 44
420.0
 45
297.0
 46
0.0
 47
0.0
 48
0.0
 49
0.0
140
0.0
141
0.0
142
1.0
143
1.0
 70
1024
 72
1
 73
0
 74
5
  7

 75
16
 76
0
 77
2
 78
300
147
1.0
148
0.0
149
0.0
100
AcDbLayout
  1
Model
 70
1
 71
0
 10
0.0
 20
0.0
 11
420.0
 21
297.0
 12
0.0
 22
0.0
 32
0.0
 14
1e+20
 24
1e+20
 34
1e+20
 15
-1e+20
 25
-1e+20
 35
-1e+20
146
0.0
 13
0.0
 23
0.0
 33
0.0
 16
1.0
 26
0.0
 36
0.0
 17
0.0
 27
1.0
 37
0.0
 76
1
330
17
  0
LAYOUT
  5
1E
330
D
100
AcDbPlotSettings
  1

  4
A3
  6

 40
7.5
 41
20.0
 42
7.5
 43
20.0
 44
420.0
 45
297.0
 46
0.0
 47
0.0
 48
0.0
 49
0.0
140
0.0
141
0.0
142
1.0
143
1.0
 70
0
 72
1
 73
0
 74
5
  7

 75
16
 76
0
 77
2
 78
300
147
1.0
148
0.0
149
0.0
100
AcDbLayout
  1
Layout1
 70
1
 71
1
 10
0.0
 20
0.0
 11
420.0
 21
297.0
 12
0.0
 22
0.0
 32
0.0
 14
1e+20
 24
1e+20
 34
1e+20
 15
-1e+20
 25
-1e+20
 35
-1e+20
146
0.0
 13
0.0
 23
0.0
 33
0.0
 16
1.0
 26
0.0
 36
0.0
 17
0.0
 27
1.0
 37
0.0
 76
1
330
1B
  0
MATERIAL
  5
1F
102
{ACAD_REACTORS
330
E
102
}
330
E
100
AcDbMaterial
  1
ByBlock
  2

 70
0
 40
1.0
 71
1
 41
1.0
 91
-1023410177
 42
1.0
 72
1
  3

 73
1
 74
1
 75
1
 44
0.5
 73
0
 45
1.0
 46
1.0
 77
1
  4

 78
1
 79
1
170
1
 48
1.0
171
1
  6

172
1
173
1
174
1
140
1.0
141
1.0
175
1
  7

176
1
177
1
178
1
143
1.0
179
1
  8

270
1
271
1
272
1
145
1.0
146
1.0
273
1
  9

274
1
275
1
276
1
 42
1.0
 72
1
  3

 73
1
 74
1
 75
1
 94
63
  0
MATERIAL
  5
20
102
{ACAD_REACTORS
330
E
102
}
330
E
100
AcDbMaterial
  1
ByLayer
  2

 70
0
 40
1.0
 71
1
 41
1.0
 91
-1023410177
 42
1.0
 72
1
  3

 73
1
 74
1
 75
1
 44
0.5
 73
0
 45
1.0
 46
1.0
 77
1
  4

 78
1
 79
1
170
1
 48
1.0
171
1
  6

172
1
173
1
174
1
140
1.0
141
1.0
175
1
  7

176
1
177
1
178
1
143
1.0
179
1
  8

270
1
271
1
272
1
145
1.0
146
1.0
273
1
  9

274
1
275
1
276
1
 42
1.0
 72
1
  3

 73
1
 74
1
 75
1
 94
63
  0
MATERIAL
  5
21
102
{ACAD_REACTORS
330
E
102
}
330
E
100
AcDbMaterial
  1
Global
  2

 70
0
 40
1.0
 71
1
 41
1.0
 91
-1023410177
 42
1.0
 72
1
  3

 73
1
 74
1
 75
1
 44
0.5
 73
0
 45
1.0
 46
1.0
 77
1
  4

 78
1
 79
1
170
1
 48
1.0
171
1
  6

172
1
173
1
174
1
140
1.0
141
1.0
175
1
  7

176
1
177
1
178
1
143
1.0
179
1
  8

270
1
271
1
272
1
145
1.0
146
1.0
273
1
  9

274
1
275
1
276
1
 42
1.0
 72
1
  3

 73
1
 74
1
 75
1
 94
63
  0
MLINESTYLE
  5
22
102
{ACAD_REACTORS
330
10
102
}
330
10
100
AcDbMlineStyle
  2
Standard
 70
0
  3

 62
256
 51
90.0
 52
90.0
 71
2
 49
0.5
 62
256
  6
BYLAYER
 49
-0.5
 62
256
  6
BYLAYER
  0
MLEADERSTYLE
  5
2C
102
{ACAD_REACTORS
330
F
102
}
330
F
100
AcDbMLeaderStyle
179
2
170
2
171
1
172
0
 90
2
 40
0.0
 41
0.0
173
1
 91
-1056964608
 92
-2
290
1
 42
2.0
291
1
 43
8.0
  3
Standard
 44
4.0
300

342
29
174
1
175
1
176
0
178
1
 93
-1056964608
 45
4.0
292
0
297
0
 46
4.0
 94
-1056964608
 47
1.0
 49
1.0
140
1.0
294
1
141
0.0
177
0
142
1.0
295
0
296
0
143
3.75
271
0
272
9
273
9
  0
DICTIONARY
  5
2D
330
A
100
AcDbDictionary
280
1
281
1
  3
CREATED_BY_EZDXF
350
2E
  3
WRITTEN_BY_EZDXF
350
2D1
  0
DICTIONARYVAR
  5
2E
330
2D
100
DictionaryVariables
280
0
  1
1.4.4 @ 2026-07-07T18:25:54.738745+00:00
  0
DICTIONARYVAR
  5
2D1
330
2D
100
DictionaryVariables
280
0
  1
1.4.4 @ 2026-07-07T18:25:54.756144+00:00
  0
ENDSEC
  0
EOF
