  0
SECTION
  2
HEADER
  9
$ACADVER
  1
AC1015
  9
$ACADMAINTVER
 70
6
  9
$DWGCODEPAGE
  3
ANSI_1252
  9
$INSBASE
 10
0.0
 20
0.0
 30
0.0
  9
$EXTMIN
 10
1e+20
 20
1e+20
 30
1e+20
  9
$EXTMAX
 10
-1e+20
 20
-1e+20
 30
-1e+20
  9
$LIMMIN
 10
0.0
 20
0.0
  9
$LIMMAX
 10
420.0
 20
297.0
  9
$ORTHOMODE
 70
0
  9
$REGENMODE
 70
1
  9
$FILLMODE
 70
1
  9
$QTEXTMODE
 70
0
  9
$MIRRTEXT
 70
1
  9
$LTSCALE
 40
1.0
  9
$ATTMODE
 70
1
  9
$TEXTSIZE
 40
2.5
  9
$TRACEWID
 40
1.0
  9
$TEXTSTYLE
  7
Standard
  9
$CLAYER
  8
0
  9
$CELTYPE
  6
ByLayer
  9
$CECOLOR
 62
256
  9
$CELTSCALE
 40
1.0
  9
$DISPSILH
 70
0
  9
$DIMSCALE
 40
1.0
  9
$DIMASZ
 40
2.5
  9
$DIMEXO
 40
0.625
  9
$DIMDLI
 40
3.75
  9
$DIMRND
 40
0.0
  9
$DIMDLE
 40
0.0
  9
$DIMEXE
 40
1.25
  9
$DIMTP
 40
0.0
  9
$DIMTM
 40
0.0
  9
$DIMTXT
 40
2.5
  9
$DIMCEN
 40
2.5
  9
$DIMTSZ
 40
0.0
  9
$DIMTOL
 70
0
  9
$DIMLIM
 70
0
  9
$DIMTIH
 70
0
  9
$DIMTOH
 70
0
  9
$DIMSE1
 70
0
  9
$DIMSE2
 70
0
  9
$DIMTAD
 70
1
  9
$DIMZIN
 70
8
  9
$DIMBLK
  1

  9
$DIMASO
 70
1
  9
$DIMSHO
 70
1
  9
$DIMPOST
  1

  9
$DIMAPOST
  1

  9
$DIMALT
 70
0
  9
$DIMALTD
 70
3
  9
$DIMALTF
 40
0.03937007874
  9
$DIMLFAC
 40
1.0
  9
$DIMTOFL
 70
1
  9
$DIMTVP
 40
0.0
  9
$DIMTIX
 70
0
  9
$DIMSOXD
 70
0
  9
$DIMSAH
 70
0
  9
$DIMBLK1
  1

  9
$DIMBLK2
  1

  9
$DIMSTYLE
  2
ISO-25
  9
$DIMCLRD
 70
0
  9
$DIMCLRE
 70
0
  9
$DIMCLRT
 70
0
  9
$DIMTFAC
 40
1.0
  9
$DIMGAP
 40
0.625
  9
$DIMJUST
 70
0
  9
$DIMSD1
 70
0
  9
$DIMSD2
 70
0
  9
$DIMTOLJ
 70
0
  9
$DIMTZIN
 70
8
  9
$DIMALTZ
 70
0
  9
$DIMALTTZ
 70
0
  9
$DIMUPT
 70
0
  9
$DIMDEC
 70
2
  9
$DIMTDEC
 70
2
  9
$DIMALTU
 70
2
  9
$DIMALTTD
 70
3
  9
$DIMTXSTY
  7
Standard
  9
$DIMAUNIT
 70
0
  9
$DIMADEC
 70
0
  9
$DIMALTRND
 40
0.0
  9
$DIMAZIN
 70
0
  9
$DIMDSEP
 70
44
  9
$DIMATFIT
 70
3
  9
$DIMFRAC
 70
0
  9
$DIMLDRBLK
  1

  9
$DIMLUNIT
 70
2
  9
$DIMLWD
 70
-2
  9
$DIMLWE
 70
-2
  9
$DIMTMOVE
 70
0
  9
$LUNITS
 70
2
  9
$LUPREC
 70
4
  9
$SKETCHINC
 40
1.0
  9
$FILLETRAD
 40
10.0
  9
$AUNITS
 70
0
  9
$AUPREC
 70
2
  9
$MENU
  1
.
  9
$ELEVATION
 40
0.0
  9
$PELEVATION
 40
0.0
  9
$THICKNESS
 40
0.0
  9
$LIMCHECK
 70
0
  9
$CHAMFERA
 40
0.0
  9
$CHAMFERB
 40
0.0
  9
$CHAMFERC
 40
0.0
  9
$CHAMFERD
 40
0.0
  9
$SKPOLY
 70
0
  9
$TDCREATE
 40
2461229.60119213
  9
$TDUCREATE
 40
2458532.153996898
  9
$TDUPDATE
 40
2461229.60119213
  9
$TDUUPDATE
 40
2458532.1544311
  9
$TDINDWG
 40
0.0
  9
$TDUSRTIMER
 40
0.0
  9
$USRTIMER
 70
1
  9
$ANGBASE
 50
0.0
  9
$ANGDIR
 70
0
  9
$PDMODE
 70
0
  9
$PDSIZE
 40
0.0
  9
$PLINEWID
 40
0.0
  9
$SPLFRAME
 70
0
  9
$SPLINETYPE
 70
6
  9
$SPLINESEGS
 70
8
  9
$HANDSEED
  5
4BC
  9
$SURFTAB1
 70
6
  9
$SURFTAB2
 70
6
  9
$SURFTYPE
 70
6
  9
$SURFU
 70
6
  9
$SURFV
 70
6
  9
$UCSBASE
  2

  9
$UCSNAME
  2

  9
$UCSORG
 10
0.0
 20
0.0
 30
0.0
  9
$UCSXDIR
 10
1.0
 20
0.0
 30
0.0
  9
$UCSYDIR
 10
0.0
 20
1.0
 30
0.0
  9
$UCSORTHOREF
  2

  9
$UCSORTHOVIEW
 70
0
  9
$UCSORGTOP
 10
0.0
 20
0.0
 30
0.0
  9
$UCSORGBOTTOM
 10
0.0
 20
0.0
 30
0.0
  9
$UCSORGLEFT
 10
0.0
 20
0.0
 30
0.0
  9
$UCSORGRIGHT
 10
0.0
 20
0.0
 30
0.0
  9
$UCSORGFRONT
 10
0.0
 20
0.0
 30
0.0
  9
$UCSORGBACK
 10
0.0
 20
0.0
 30
0.0
  9
$PUCSBASE
  2

  9
$PUCSNAME
  2

  9
$PUCSORG
 10
0.0
 20
0.0
 30
0.0
  9
$PUCSXDIR
 10
1.0
 20
0.0
 30
0.0
  9
$PUCSYDIR
 10
0.0
 20
1.0
 30
0.0
  9
$PUCSORTHOREF
  2

  9
$PUCSORTHOVIEW
 70
0
  9
$PUCSORGTOP
 10
0.0
 20
0.0
 30
0.0
  9
$PUCSORGBOTTOM
 10
0.0
 20
0.0
 30
0.0
  9
$PUCSORGLEFT
 10
0.0
 20
0.0
 30
0.0
  9
$PUCSORGRIGHT
 10
0.0
 20
0.0
 30
0.0
  9
$PUCSORGFRONT
 10
0.0
 20
0.0
 30
0.0
  9
$PUCSORGBACK
 10
0.0
 20
0.0
 30
0.0
  9
$USERI1
 70
0
  9
$USERI2
 70
0
  9
$USERI3
 70
0
  9
$USERI4
 70
0
  9
$USERI5
 70
0
  9
$USERR1
 40
0.0
  9
$USERR2
 40
0.0
  9
$USERR3
 40
0.0
  9
$USERR4
 40
0.0
  9
$USERR5
 40
0.0
  9
$WORLDVIEW
 70
1
  9
$SHADEDGE
 70
3
  9
$SHADEDIF
 70
70
  9
$TILEMODE
 70
1
  9
$MAXACTVP
 70
64
  9
$PINSBASE
 10
0.0
 20
0.0
 30
0.0
  9
$PLIMCHECK
 70
0
  9
$PEXTMIN
 10
1e+20
 20
1e+20
 30
1e+20
  9
$PEXTMAX
 10
-1e+20
 20
-1e+20
 30
-1e+20
  9
$PLIMMIN
 10
0.0
 20
0.0
  9
$PLIMMAX
 10
420.0
 20
297.0
  9
$UNITMODE
 70
0
  9
$VISRETAIN
 70
1
  9
$PLINEGEN
 70
0
  9
$PSLTSCALE
 70
1
  9
$TREEDEPTH
 70
3020
  9
$CMLSTYLE
  2
Standard
  9
$CMLJUST
 70
0
  9
$CMLSCALE
 40
20.0
  9
$PROXYGRAPHICS
 70
1
  9
$MEASUREMENT
 70
1
  9
$CELWEIGHT
370
-1
  9
$ENDCAPS
280
0
  9
$JOINSTYLE
280
0
  9
$LWDISPLAY
290
0
  9
$INSUNITS
 70
6
  9
$HYPERLINKBASE
  1

  9
$STYLESHEET
  1

  9
$XEDIT
290
1
  9
$CEPSNTYPE
380
0
  9
$PSTYLEMODE
290
1
  9
$FINGERPRINTGUID
  2
{03A9D69B-774D-42F7-B54A-A75AF1653554}
  9
$VERSIONGUID
  2
{79ED78BE-1D8E-4406-BF38-CCE038AC7106}
  9
$EXTNAMES
290
1
  9
$PSVPSCALE
 40
0.0
  9
$OLESTARTUP
290
0
  0
ENDSEC
  0
SECTION
  2
CLASSES
  0
CLASS
  1
ACDBDICTIONARYWDFLT
  2
AcDbDictionaryWithDefault
  3
ObjectDBX Classes
 90
0
280
0
281
0
  0
CLASS
  1
SUN
  2
AcDbSun
  3
SCENEOE
 90
1153
280
0
281
0
  0
CLASS
  1
VISUALSTYLE
  2
AcDbVisualStyle
  3
ObjectDBX Classes
 90
4095
280
0
281
0
  0
CLASS
  1
MATERIAL
  2
AcDbMaterial
  3
ObjectDBX Classes
 90
1153
280
0
281
0
  0
CLASS
  1
SCALE
  2
AcDbScale
  3
ObjectDBX Classes
 90
1153
280
0
281
0
  0
CLASS
  1
TABLESTYLE
  2
AcDbTableStyle
  3
ObjectDBX Classes
 90
4095
280
0
281
0
  0
CLASS
  1
MLEADERSTYLE
  2
AcDbMLeaderStyle
  3
ACDB_MLEADERSTYLE_CLASS
 90
4095
280
0
281
0
  0
CLASS
  1
DICTIONARYVAR
  2
AcDbDictionaryVar
  3
ObjectDBX Classes
 90
0
280
0
281
0
  0
CLASS
  1
CELLSTYLEMAP
  2
AcDbCellStyleMap
  3
ObjectDBX Classes
 90
1152
280
0
281
0
  0
CLASS
  1
MENTALRAYRENDERSETTINGS
  2
AcDbMentalRayRenderSettings
  3
SCENEOE
 90
1024
280
0
281
0
  0
CLASS
  1
ACDBDETAILVIEWSTYLE
  2
AcDbDetailViewStyle
  3
ObjectDBX Classes
 90
1025
280
0
281
0
  0
CLASS
  1
ACDBSECTIONVIEWSTYLE
  2
AcDbSectionViewStyle
  3
ObjectDBX Classes
 90
1025
280
0
281
0
  0
CLASS
  1
RASTERVARIABLES
  2
AcDbRasterVariables
  3
ISM
 90
0
280
0
281
0
  0
CLASS
  1
ACDBPLACEHOLDER
  2
AcDbPlaceHolder
  3
ObjectDBX Classes
 90
0
280
0
281
0
  0
CLASS
  1
LAYOUT
  2
AcDbLayout
  3
ObjectDBX Classes
 90
0
280
0
281
0
  0
ENDSEC
  0
SECTION
  2
TABLES
  0
TABLE
  2
VPORT
  5
8
330
0
100
AcDbSymbolTable
 70
1
  0
VPORT
  5
23
330
8
100
AcDbSymbolTableRecord
100
AcDbViewportTableRecord
  2
*Active
 70
0
 10
0.0
 20
0.0
 11
1.0
 21
1.0
 12
0.0
 22
0.0
 13
0.0
 23
0.0
 14
0.5
 24
0.5
 15
0.5
 25
0.5
 16
0.0
 26
0.0
 36
1.0
 17
0.0
 27
0.0
 37
0.0
 40
1000.0
 41
1.34
 42
50.0
 43
0.0
 44
0.0
 50
0.0
 51
0.0
 71
0
 72
1000
 73
1
 74
3
 75
0
 76
0
 77
0
 78
0
281
0
 65
0
146
0.0
  0
ENDTAB
  0
TABLE
  2
LTYPE
  5
2
330
0
100
AcDbSymbolTable
 70
3
  0
LTYPE
  5
24
330
2
100
AcDbSymbolTableRecord
100
AcDbLinetypeTableRecord
  2
ByBlock
 70
0
  3

 72
65
 73
0
 40
0.0
  0
LTYPE
  5
25
330
2
100
AcDbSymbolTableRecord
100
AcDbLinetypeTableRecord
  2
ByLayer
 70
0
  3

 72
65
 73
0
 40
0.0
  0
LTYPE
  5
26
330
2
100
AcDbSymbolTableRecord
100
AcDbLinetypeTableRecord
  2
Continuous
 70
0
  3

 72
65
 73
0
 40
0.0
  0
ENDTAB
  0
TABLE
  2
LAYER
  5
1
330
0
100
AcDbSymbolTable
 70
2
  0
LAYER
  5
27
330
1
100
AcDbSymbolTableRecord
100
AcDbLayerTableRecord
  2
0
 70
0
 62
7
  6
Continuous
370
-3
390
13
  0
LAYER
  5
28
330
1
100
AcDbSymbolTableRecord
100
AcDbLayerTableRecord
  2
Defpoints
 70
0
 62
7
  6
Continuous
290
0
370
-3
390
13
  0
ENDTAB
  0
TABLE
  2
STYLE
  5
5
330
0
100
AcDbSymbolTable
 70
1
  0
STYLE
  5
29
330
5
100
AcDbSymbolTableRecord
100
AcDbTextStyleTableRecord
  2
Standard
 70
0
 40
0.0
 41
1.0
 50
0.0
 71
0
 42
2.5
  3
txt
  4

  0
ENDTAB
  0
TABLE
  2
VIEW
  5
7
330
0
100
AcDbSymbolTable
 70
0
  0
ENDTAB
  0
TABLE
  2
UCS
  5
6
330
0
100
AcDbSymbolTable
 70
0
  0
ENDTAB
  0
TABLE
  2
APPID
  5
3
330
0
100
AcDbSymbolTable
 70
3
  0
APPID
  5
2A
330
3
100
AcDbSymbolTableRecord
100
AcDbRegAppTableRecord
  2
ACAD
 70
0
  0
APPID
  5
4B9
330
3
100
AcDbSymbolTableRecord
100
AcDbRegAppTableRecord
  2
HATCHBACKGROUNDCOLOR
 70
0
  0
APPID
  5
4BA
330
3
100
AcDbSymbolTableRecord
100
AcDbRegAppTableRecord
  2
EZDXF
 70
0
  0
ENDTAB
  0
TABLE
  2
DIMSTYLE
  5
4
330
0
100
AcDbSymbolTable
 70
1
100
AcDbDimStyleTable
  0
DIMSTYLE
105
2B
330
4
100
AcDbSymbolTableRecord
100
AcDbDimStyleTableRecord
  2
Standard
 70
0
  3

  4

 40
1.0
 41
2.5
 42
0.625
 43
3.75
 44
1.25
 45
0.0
 46
0.0
 47
0.0
 48
0.0
140
2.5
141
2.5
142
0.0
143
0.03937007874
144
1.0
145
0.0
146
1.0
147
0.625
148
0.0
 71
0
 72
0
 73
0
 74
0
 75
0
 76
0
 77
1
 78
8
 79
3
170
0
171
3
172
1
173
0
174
0
175
0
176
0
177
0
178
0
179
2
271
2
272
2
273
2
274
3
275
0
276
0
277
2
278
44
279
0
280
0
281
0
282
0
283
0
284
8
285
0
286
0
288
0
289
3
371
-2
372
-2
  0
ENDTAB
  0
TABLE
  2
BLOCK_RECORD
  5
9
330
0
100
AcDbSymbolTable
 70
2
  0
BLOCK_RECORD
  5
17
330
9
100
AcDbSymbolTableRecord
100
AcDbBlockTableRecord
  2
*Model_Space
340
1A
  0
BLOCK_RECORD
  5
1B
330
9
100
AcDbSymbolTableRecord
100
AcDbBlockTableRecord
  2
*Paper_Space
340
1E
  0
ENDTAB
  0
ENDSEC
  0
SECTION
  2
BLOCKS
  0
BLOCK
  5
18
330
17
100
AcDbEntity
  8
0
100
AcDbBlockBegin
  2
*Model_Space
 70
0
 10
0.0
 20
0.0
 30
0.0
  3
*Model_Space
  1

  0
ENDBLK
  5
19
330
17
100
AcDbEntity
  8
0
100
AcDbBlockEnd
  0
BLOCK
  5
1C
330
1B
100
AcDbEntity
  8
0
100
AcDbBlockBegin
  2
*Paper_Space
 70
0
 10
0.0
 20
0.0
 30
0.0
  3
*Paper_Space
  1

  0
ENDBLK
  5
1D
330
1B
100
AcDbEntity
  8
0
100
AcDbBlockEnd
  0
ENDSEC
  0
SECTION
  2
ENTITIES
  0
LWPOLYLINE
  5
2F
330
17
100
AcDbEntity
  8
ROADS
100
AcDbPolyline
 90
2
 70
0
 10
628906.461725964
 20
4833700.352056773
 10
628893.8650210281
 20
4833739.943403308
  0
LWPOLYLINE
  5
30
330
17
100
AcDbEntity
  8
ROADS
100
AcDbPolyline
 90
2
 70
0
 10
628893.8650210281
 20
4833739.943403308
 10
628780.5645040988
 20
4833705.026440051
  0
LWPOLYLINE
  5
31
330
17
100
AcDbEntity
  8
ROADS
100
AcDbPolyline
 90
2
 70
0
 10
628998.3711854264
 20
4833751.30064758
 10
628992.5830317292
 20
4833770.409544727
  0
LWPOLYLINE
  5
32
330
17
100
AcDbEntity
  8
ROADS
100
AcDbPolyline
 90
2
 70
0
 10
628992.5830317292
 20
4833770.409544727
 10
628893.8650210281
 20
4833739.943403308
  0
LWPOLYLINE
  5
33
330
17
100
AcDbEntity
  8
ROADS
100
AcDbPolyline
 90
2
 70
0
 10
629031.9319200632
 20
4833781.960463669
 10
628992.5830317292
 20
4833770.409544727
  0
LWPOLYLINE
  5
34
330
17
100
AcDbEntity
  8
ROADS
100
AcDbPolyline
 90
2
 70
0
 10
629110.8554059296
 20
4833839.615914097
 10
629107.9929627539
 20
4833849.137631772
  0
LWPOLYLINE
  5
35
330
17
100
AcDbEntity
  8
ROADS
100
AcDbPolyline
 90
2
 70
0
 10
629107.9929627539
 20
4833849.137631772
 10
629095.2075800425
 20
4833850.715668564
  0
LWPOLYLINE
  5
36
330
17
100
AcDbEntity
  8
ROADS
100
AcDbPolyline
 90
2
 70
0
 10
629107.9929627539
 20
4833849.137631772
 10
629104.3879113145
 20
4833860.525246508
  0
LWPOLYLINE
  5
37
330
17
100
AcDbEntity
  8
ROADS
100
AcDbPolyline
 90
2
 70
0
 10
629095.2075800425
 20
4833850.715668564
 10
629104.3879113145
 20
4833860.525246508
  0
LWPOLYLINE
  5
38
330
17
100
AcDbEntity
  8
ROADS
100
AcDbPolyline
 90
2
 70
0
 10
629048.4551910111
 20
4833786.820249971
 10
629031.9319200632
 20
4833781.960463669
  0
LWPOLYLINE
  5
39
330
17
100
AcDbEntity
  8
ROADS
100
AcDbPolyline
 90
2
 70
0
 10
629069.0476488536
 20
4833802.434933561
 10
629059.2417491622
 20
4833832.75544947
  0
LWPOLYLINE
  5
3A
330
17
100
AcDbEntity
  8
ROADS
100
AcDbPolyline
 90
2
 70
0
 10
629059.2417491622
 20
4833832.75544947
 10
629073.9318057463
 20
4833837.510262072
  0
LWPOLYLINE
  5
3B
330
17
100
AcDbEntity
  8
ROADS
100
AcDbPolyline
 90
2
 70
0
 10
628992.5830317292
 20
4833770.409544727
 10
628948.1879929407
 20
4833906.583333607
  0
LWPOLYLINE
  5
3C
330
17
100
AcDbEntity
  8
ROADS
100
AcDbPolyline
 90
2
 70
0
 10
629059.2417491622
 20
4833832.75544947
 10
629051.9783372137
 20
4833855.2156910375
  0
LWPOLYLINE
  5
3D
330
17
100
AcDbEntity
  8
ROADS
100
AcDbPolyline
 90
2
 70
0
 10
629031.9319200632
 20
4833781.960463669
 10
628988.2294907238
 20
4833919.153853253
  0
LWPOLYLINE
  5
3E
330
17
100
AcDbEntity
  8
ROADS
100
AcDbPolyline
 90
2
 70
0
 10
629095.2075800425
 20
4833850.715668564
 10
629070.1666173718
 20
4833860.745780164
  0
LWPOLYLINE
  5
3F
330
17
100
AcDbEntity
  8
ROADS
100
AcDbPolyline
 90
2
 70
0
 10
629051.9783372137
 20
4833855.2156910375
 10
629070.1666173718
 20
4833860.745780164
  0
LWPOLYLINE
  5
40
330
17
100
AcDbEntity
  8
ROADS
100
AcDbPolyline
 90
2
 70
0
 10
629051.9783372137
 20
4833855.2156910375
 10
629027.8326116471
 20
4833929.309290483
  0
LWPOLYLINE
  5
41
330
17
100
AcDbEntity
  8
ROADS
100
AcDbPolyline
 90
2
 70
0
 10
629107.9929627539
 20
4833849.137631772
 10
629120.4053264584
 20
4833864.2139782915
  0
LWPOLYLINE
  5
42
330
17
100
AcDbEntity
  8
ROADS
100
AcDbPolyline
 90
2
 70
0
 10
629131.1024627524
 20
4833858.429693617
 10
629120.4053264584
 20
4833864.2139782915
  0
LWPOLYLINE
  5
43
330
17
100
AcDbEntity
  8
ROADS
100
AcDbPolyline
 90
2
 70
0
 10
629104.3879113145
 20
4833860.525246508
 10
629106.3105062108
 20
4833871.565738879
  0
LWPOLYLINE
  5
44
330
17
100
AcDbEntity
  8
ROADS
100
AcDbPolyline
 90
2
 70
0
 10
629070.1666173718
 20
4833860.745780164
 10
629106.3105062108
 20
4833871.565738879
  0
LWPOLYLINE
  5
45
330
17
100
AcDbEntity
  8
ROADS
100
AcDbPolyline
 90
2
 70
0
 10
629120.4053264584
 20
4833864.2139782915
 10
629106.3105062108
 20
4833871.565738879
  0
LWPOLYLINE
  5
46
330
17
100
AcDbEntity
  8
ROADS
100
AcDbPolyline
 90
2
 70
0
 10
629120.4053264584
 20
4833864.2139782915
 10
629128.6366088006
 20
4833873.967401356
  0
LWPOLYLINE
  5
47
330
17
100
AcDbEntity
  8
ROADS
100
AcDbPolyline
 90
2
 70
0
 10
629106.3105062108
 20
4833871.565738879
 10
629128.6366088006
 20
4833873.967401356
  0
LWPOLYLINE
  5
48
330
17
100
AcDbEntity
  8
ROADS
100
AcDbPolyline
 90
2
 70
0
 10
629128.6366088006
 20
4833873.967401356
 10
629146.0227386347
 20
4833874.080877085
  0
LWPOLYLINE
  5
49
330
17
100
AcDbEntity
  8
ROADS
100
AcDbPolyline
 90
2
 70
0
 10
628948.1879929407
 20
4833906.583333607
 10
628859.7679474533
 20
4833881.525632563
  0
LWPOLYLINE
  5
4A
330
17
100
AcDbEntity
  8
ROADS
100
AcDbPolyline
 90
2
 70
0
 10
628988.2294907238
 20
4833919.153853253
 10
628948.1879929407
 20
4833906.583333607
  0
LWPOLYLINE
  5
4B
330
17
100
AcDbEntity
  8
ROADS
100
AcDbPolyline
 90
2
 70
0
 10
629027.8326116471
 20
4833929.309290483
 10
628988.2294907238
 20
4833919.153853253
  0
LWPOLYLINE
  5
4C
330
17
100
AcDbEntity
  8
ROADS
100
AcDbPolyline
 90
2
 70
0
 10
628948.1879929407
 20
4833906.583333607
 10
628934.63321369
 20
4833947.742113831
  0
LWPOLYLINE
  5
4D
330
17
100
AcDbEntity
  8
ROADS
100
AcDbPolyline
 90
2
 70
0
 10
629049.9368775203
 20
4833935.961233265
 10
629027.8326116471
 20
4833929.309290483
  0
LWPOLYLINE
  5
4E
330
17
100
AcDbEntity
  8
ROADS
100
AcDbPolyline
 90
2
 70
0
 10
628988.2294907238
 20
4833919.153853253
 10
628973.2105851782
 20
4833958.98608731
  0
LWPOLYLINE
  5
4F
330
17
100
AcDbEntity
  8
ROADS
100
AcDbPolyline
 90
2
 70
0
 10
629087.4732094348
 20
4833948.919509703
 10
629049.9368775203
 20
4833935.961233265
  0
LWPOLYLINE
  5
50
330
17
100
AcDbEntity
  8
ROADS
100
AcDbPolyline
 90
2
 70
0
 10
628973.2105851782
 20
4833958.98608731
 10
628934.63321369
 20
4833947.742113831
  0
LWPOLYLINE
  5
51
330
17
100
AcDbEntity
  8
ROADS
100
AcDbPolyline
 90
2
 70
0
 10
629049.9368775203
 20
4833935.961233265
 10
629036.59473215
 20
4833978.025928879
  0
LWPOLYLINE
  5
52
330
17
100
AcDbEntity
  8
ROADS
100
AcDbPolyline
 90
2
 70
0
 10
628934.63321369
 20
4833947.742113831
 10
628921.6583782769
 20
4833987.79929859
  0
LWPOLYLINE
  5
53
330
17
100
AcDbEntity
  8
ROADS
100
AcDbPolyline
 90
2
 70
0
 10
629167.8277914884
 20
4833898.835709403
 10
629144.8049090848
 20
4833965.638810787
  0
LWPOLYLINE
  5
54
330
17
100
AcDbEntity
  8
ROADS
100
AcDbPolyline
 90
2
 70
0
 10
629144.8049090848
 20
4833965.638810787
 10
629087.4732094348
 20
4833948.919509703
  0
LWPOLYLINE
  5
55
330
17
100
AcDbEntity
  8
ROADS
100
AcDbPolyline
 90
2
 70
0
 10
629209.9274938263
 20
4833984.55207362
 10
629144.8049090848
 20
4833965.638810787
  0
LWPOLYLINE
  5
56
330
17
100
AcDbEntity
  8
ROADS
100
AcDbPolyline
 90
2
 70
0
 10
629238.97111611
 20
4833993.000352174
 10
629209.9274938263
 20
4833984.55207362
  0
LWPOLYLINE
  5
57
330
17
100
AcDbEntity
  8
ROADS
100
AcDbPolyline
 90
2
 70
0
 10
629209.9274938263
 20
4833984.55207362
 10
629196.4812969179
 20
4834026.507899593
  0
LWPOLYLINE
  5
58
330
17
100
AcDbEntity
  8
ROADS
100
AcDbPolyline
 90
2
 70
0
 10
629036.59473215
 20
4833978.025928879
 10
628973.2105851782
 20
4833958.98608731
  0
LWPOLYLINE
  5
59
330
17
100
AcDbEntity
  8
ROADS
100
AcDbPolyline
 90
2
 70
0
 10
629087.4732094348
 20
4833948.919509703
 10
629075.1343818929
 20
4833989.808263617
  0
LWPOLYLINE
  5
5A
330
17
100
AcDbEntity
  8
ROADS
100
AcDbPolyline
 90
2
 70
0
 10
628973.2105851782
 20
4833958.98608731
 10
628960.120124707
 20
4833999.741233368
  0
LWPOLYLINE
  5
5B
330
17
100
AcDbEntity
  8
ROADS
100
AcDbPolyline
 90
2
 70
0
 10
628921.6583782769
 20
4833987.79929859
 10
628873.5022853913
 20
4833973.849022994
  0
LWPOLYLINE
  5
5C
330
17
100
AcDbEntity
  8
ROADS
100
AcDbPolyline
 90
2
 70
0
 10
629075.1343818929
 20
4833989.808263617
 10
629036.59473215
 20
4833978.025928879
  0
LWPOLYLINE
  5
5D
330
17
100
AcDbEntity
  8
ROADS
100
AcDbPolyline
 90
2
 70
0
 10
628960.120124707
 20
4833999.741233368
 10
628921.6583782769
 20
4833987.79929859
  0
LWPOLYLINE
  5
5E
330
17
100
AcDbEntity
  8
ROADS
100
AcDbPolyline
 90
2
 70
0
 10
629036.59473215
 20
4833978.025928879
 10
629023.6141535044
 20
4834019.009083242
  0
LWPOLYLINE
  5
5F
330
17
100
AcDbEntity
  8
ROADS
100
AcDbPolyline
 90
2
 70
0
 10
628873.5022853913
 20
4833973.849022994
 10
628859.0020972071
 20
4834024.5433413815
  0
LWPOLYLINE
  5
60
330
17
100
AcDbEntity
  8
ROADS
100
AcDbPolyline
 90
2
 70
0
 10
628987.4480122237
 20
4834008.535732212
 10
628960.120124707
 20
4833999.741233368
  0
LWPOLYLINE
  5
61
330
17
100
AcDbEntity
  8
ROADS
100
AcDbPolyline
 90
2
 70
0
 10
629075.1343818929
 20
4833989.808263617
 10
629062.7687139837
 20
4834030.466513969
  0
LWPOLYLINE
  5
62
330
17
100
AcDbEntity
  8
ROADS
100
AcDbPolyline
 90
2
 70
0
 10
629196.4812969179
 20
4834026.507899593
 10
629075.1343818929
 20
4833989.808263617
  0
LWPOLYLINE
  5
63
330
17
100
AcDbEntity
  8
ROADS
100
AcDbPolyline
 90
2
 70
0
 10
629164.5468817295
 20
4834061.490101427
 10
629062.7687139837
 20
4834030.466513969
  0
LWPOLYLINE
  5
64
330
17
100
AcDbEntity
  8
ROADS
100
AcDbPolyline
 90
2
 70
0
 10
629269.936417744
 20
4834046.803239837
 10
629196.4812969179
 20
4834026.507899593
  0
LWPOLYLINE
  5
65
330
17
100
AcDbEntity
  8
ROADS
100
AcDbPolyline
 90
2
 70
0
 10
629196.4812969179
 20
4834026.507899593
 10
629183.7446171542
 20
4834066.998946583
  0
LWPOLYLINE
  5
66
330
17
100
AcDbEntity
  8
ROADS
100
AcDbPolyline
 90
2
 70
0
 10
629183.7446171542
 20
4834066.998946583
 10
629164.5468817295
 20
4834061.490101427
  0
LWPOLYLINE
  5
67
330
17
100
AcDbEntity
  8
ROADS
100
AcDbPolyline
 90
2
 70
0
 10
629243.0783579834
 20
4834084.72002467
 10
629183.7446171542
 20
4834066.998946583
  0
LWPOLYLINE
  5
68
330
17
100
AcDbEntity
  8
ROADS
100
AcDbPolyline
 90
2
 70
0
 10
629164.5468817295
 20
4834061.490101427
 10
629152.1125918184
 20
4834100.355998655
  0
LWPOLYLINE
  5
69
330
17
100
AcDbEntity
  8
ROADS
100
AcDbPolyline
 90
2
 70
0
 10
629152.1125918184
 20
4834100.355998655
 10
629050.6203484026
 20
4834072.823803281
  0
LWPOLYLINE
  5
6A
330
17
100
AcDbEntity
  8
ROADS
100
AcDbPolyline
 90
2
 70
0
 10
629023.6141535044
 20
4834019.009083242
 10
628987.4480122237
 20
4834008.535732212
  0
LWPOLYLINE
  5
6B
330
17
100
AcDbEntity
  8
ROADS
100
AcDbPolyline
 90
2
 70
0
 10
629062.7687139837
 20
4834030.466513969
 10
629023.6141535044
 20
4834019.009083242
  0
LWPOLYLINE
  5
6C
330
17
100
AcDbEntity
  8
ROADS
100
AcDbPolyline
 90
2
 70
0
 10
628987.4480122237
 20
4834008.535732212
 10
628974.0233238324
 20
4834049.633860507
  0
LWPOLYLINE
  5
6D
330
17
100
AcDbEntity
  8
ROADS
100
AcDbPolyline
 90
2
 70
0
 10
628974.0233238324
 20
4834049.633860507
 10
628859.0020972071
 20
4834024.5433413815
  0
LWPOLYLINE
  5
6E
330
17
100
AcDbEntity
  8
ROADS
100
AcDbPolyline
 90
2
 70
0
 10
628859.0020972071
 20
4834024.5433413815
 10
628847.5115536733
 20
4834063.372258808
  0
LWPOLYLINE
  5
6F
330
17
100
AcDbEntity
  8
ROADS
100
AcDbPolyline
 90
2
 70
0
 10
629062.7687139837
 20
4834030.466513969
 10
629050.6203484026
 20
4834072.823803281
  0
LWPOLYLINE
  5
70
330
17
100
AcDbEntity
  8
ROADS
100
AcDbPolyline
 90
2
 70
0
 10
629050.6203484026
 20
4834072.823803281
 10
628974.0233238324
 20
4834049.633860507
  0
LWPOLYLINE
  5
71
330
17
100
AcDbEntity
  8
ROADS
100
AcDbPolyline
 90
2
 70
0
 10
628883.5658648039
 20
4834075.826722928
 10
628847.5115536733
 20
4834063.372258808
  0
LWPOLYLINE
  5
72
330
17
100
AcDbEntity
  8
ROADS
100
AcDbPolyline
 90
2
 70
0
 10
628974.0233238324
 20
4834049.633860507
 10
628959.2596319031
 20
4834098.86033012
  0
LWPOLYLINE
  5
73
330
17
100
AcDbEntity
  8
ROADS
100
AcDbPolyline
 90
2
 70
0
 10
628847.5115536733
 20
4834063.372258808
 10
628835.8117370087
 20
4834103.76449559
  0
LWPOLYLINE
  5
74
330
17
100
AcDbEntity
  8
ROADS
100
AcDbPolyline
 90
2
 70
0
 10
628959.2596319031
 20
4834098.86033012
 10
628883.5658648039
 20
4834075.826722928
  0
LWPOLYLINE
  5
75
330
17
100
AcDbEntity
  8
ROADS
100
AcDbPolyline
 90
2
 70
0
 10
629050.6203484026
 20
4834072.823803281
 10
629035.3195765744
 20
4834120.392464562
  0
LWPOLYLINE
  5
76
330
17
100
AcDbEntity
  8
ROADS
100
AcDbPolyline
 90
2
 70
0
 10
628999.5086979944
 20
4834110.846585474
 10
628959.2596319031
 20
4834098.86033012
  0
LWPOLYLINE
  5
77
330
17
100
AcDbEntity
  8
ROADS
100
AcDbPolyline
 90
3
 70
0
 10
628883.5658648039
 20
4834075.826722928
 10
628871.1010166578
 20
4834111.18280015
 10
628946.7191510481
 20
4834135.136109212
  0
LWPOLYLINE
  5
78
330
17
100
AcDbEntity
  8
ROADS
100
AcDbPolyline
 90
2
 70
0
 10
629035.3195765744
 20
4834120.392464562
 10
628999.5086979944
 20
4834110.846585474
  0
LWPOLYLINE
  5
79
330
17
100
AcDbEntity
  8
ROADS
100
AcDbPolyline
 90
2
 70
0
 10
628959.2596319031
 20
4834098.86033012
 10
628946.7191510481
 20
4834135.136109212
  0
LWPOLYLINE
  5
7A
330
17
100
AcDbEntity
  8
ROADS
100
AcDbPolyline
 90
2
 70
0
 10
628946.7191510481
 20
4834135.136109212
 10
628938.4692017349
 20
4834161.383760295
  0
LWPOLYLINE
  5
7B
330
17
100
AcDbEntity
  8
ROADS
100
AcDbPolyline
 90
3
 70
0
 10
628938.4692017349
 20
4834161.383760295
 10
628895.0629467394
 20
4834148.317866102
 10
628893.4692554129
 20
4834163.316565184
  0
LWPOLYLINE
  5
7C
330
17
100
AcDbEntity
  8
ROADS
100
AcDbPolyline
 90
2
 70
0
 10
628999.5086979944
 20
4834110.846585474
 10
628969.205425811
 20
4834204.08814971
  0
LWPOLYLINE
  5
7D
330
17
100
AcDbEntity
  8
ROADS
100
AcDbPolyline
 90
2
 70
0
 10
629035.3195765744
 20
4834120.392464562
 10
629003.2818629971
 20
4834221.674230042
  0
LWPOLYLINE
  5
7E
330
17
100
AcDbEntity
  8
ROADS
100
AcDbPolyline
 90
2
 70
0
 10
629295.5930079325
 20
4834100.638725832
 10
629243.0783579834
 20
4834084.72002467
  0
LWPOLYLINE
  5
7F
330
17
100
AcDbEntity
  8
ROADS
100
AcDbPolyline
 90
2
 70
0
 10
629243.0783579834
 20
4834084.72002467
 10
629227.7707396589
 20
4834132.445599752
  0
LWPOLYLINE
  5
80
330
17
100
AcDbEntity
  8
ROADS
100
AcDbPolyline
 90
2
 70
0
 10
629227.7707396589
 20
4834132.445599752
 10
629152.1125918184
 20
4834100.355998655
  0
LWPOLYLINE
  5
81
330
17
100
AcDbEntity
  8
ROADS
100
AcDbPolyline
 90
2
 70
0
 10
629314.9916837026
 20
4834148.1218213355
 10
629303.3719790304
 20
4834186.7727010865
  0
LWPOLYLINE
  5
82
330
17
100
AcDbEntity
  8
ROADS
100
AcDbPolyline
 90
2
 70
0
 10
629152.1125918184
 20
4834100.355998655
 10
629104.6705366216
 20
4834252.389809951
  0
LWPOLYLINE
  5
83
330
17
100
AcDbEntity
  8
ROADS
100
AcDbPolyline
 90
2
 70
0
 10
629227.7707396589
 20
4834132.445599752
 10
629180.218448288
 20
4834276.412902253
  0
LWPOLYLINE
  5
84
330
17
100
AcDbEntity
  8
ROADS
100
AcDbPolyline
 90
2
 70
0
 10
629303.3719790304
 20
4834186.7727010865
 10
629282.7297860369
 20
4834255.146267875
  0
LWPOLYLINE
  5
85
330
17
100
AcDbEntity
  8
ROADS
100
AcDbPolyline
 90
2
 70
0
 10
629104.6705366216
 20
4834252.389809951
 10
629180.218448288
 20
4834276.412902253
  0
LWPOLYLINE
  5
86
330
17
100
AcDbEntity
  8
ROADS
100
AcDbPolyline
 90
2
 70
0
 10
629350.3244578984
 20
4834276.220231438
 10
629282.7297860369
 20
4834255.146267875
  0
LWPOLYLINE
  5
87
330
17
100
AcDbEntity
  8
ROADS
100
AcDbPolyline
 90
2
 70
0
 10
629330.5924906504
 20
4834194.832398418
 10
629303.3719790304
 20
4834186.7727010865
  0
LWPOLYLINE
  5
88
330
17
100
AcDbEntity
  8
ROADS
100
AcDbPolyline
 90
2
 70
0
 10
628938.4692017349
 20
4834161.383760295
 10
628925.9857006344
 20
4834205.683102258
  0
LWPOLYLINE
  5
89
330
17
100
AcDbEntity
  8
ROADS
100
AcDbPolyline
 90
2
 70
0
 10
628925.9857006344
 20
4834205.683102258
 10
628813.4993719471
 20
4834172.641818558
  0
LWPOLYLINE
  5
8A
330
17
100
AcDbEntity
  8
ROADS
100
AcDbPolyline
 90
2
 70
0
 10
628925.9857006344
 20
4834205.683102258
 10
629003.2818629971
 20
4834221.674230042
  0
LWPOLYLINE
  5
8B
330
17
100
AcDbEntity
  8
ROADS
100
AcDbPolyline
 90
2
 70
0
 10
629003.2818629971
 20
4834221.674230042
 10
629062.1662417728
 20
4834239.96474315
  0
LWPOLYLINE
  5
8C
330
17
100
AcDbEntity
  8
ROADS
100
AcDbPolyline
 90
2
 70
0
 10
629003.2818629971
 20
4834221.674230042
 10
628992.2606877125
 20
4834260.593647385
  0
LWPOLYLINE
  5
8D
330
17
100
AcDbEntity
  8
ROADS
100
AcDbPolyline
 90
2
 70
0
 10
629062.1662417728
 20
4834239.96474315
 10
629104.6705366216
 20
4834252.389809951
  0
LWPOLYLINE
  5
8E
330
17
100
AcDbEntity
  8
ROADS
100
AcDbPolyline
 90
2
 70
0
 10
628925.9857006344
 20
4834205.683102258
 10
628899.2383287927
 20
4834293.243528158
  0
LWPOLYLINE
  5
8F
330
17
100
AcDbEntity
  8
ROADS
100
AcDbPolyline
 90
4
 70
0
 10
628899.2383287927
 20
4834293.243528158
 10
628857.6536910275
 20
4834278.573935525
 10
628871.5151085744
 20
4834231.518325608
 10
628801.3094720228
 20
4834210.989053617
  0
LWPOLYLINE
  5
90
330
17
100
AcDbEntity
  8
ROADS
100
AcDbPolyline
 90
2
 70
0
 10
628941.771606077
 20
4834294.326359514
 10
628960.3621453906
 20
4834235.386415884
  0
LWPOLYLINE
  5
91
330
17
100
AcDbEntity
  8
ROADS
100
AcDbPolyline
 90
2
 70
0
 10
628992.2606877125
 20
4834260.593647385
 10
629021.346049112
 20
4834269.312928253
  0
LWPOLYLINE
  5
92
330
17
100
AcDbEntity
  8
ROADS
100
AcDbPolyline
 90
2
 70
0
 10
628046.4227873817
 20
4833470.487222046
 10
628042.2462620132
 20
4833485.349005249
  0
LWPOLYLINE
  5
93
330
17
100
AcDbEntity
  8
ROADS
100
AcDbPolyline
 90
2
 70
0
 10
628098.364271139
 20
4833480.537450831
 10
628092.3342126402
 20
4833500.415162372
  0
LWPOLYLINE
  5
94
330
17
100
AcDbEntity
  8
ROADS
100
AcDbPolyline
 90
2
 70
0
 10
628145.8367552811
 20
4833493.064570615
 10
628139.4193614132
 20
4833514.297980756
  0
LWPOLYLINE
  5
95
330
17
100
AcDbEntity
  8
ROADS
100
AcDbPolyline
 90
2
 70
0
 10
628194.7888786233
 20
4833507.920955627
 10
628188.702729515
 20
4833528.453546907
  0
LWPOLYLINE
  5
96
330
17
100
AcDbEntity
  8
ROADS
100
AcDbPolyline
 90
2
 70
0
 10
628042.2462620132
 20
4833485.349005249
 10
627980.201145608
 20
4833466.874545359
  0
LWPOLYLINE
  5
97
330
17
100
AcDbEntity
  8
ROADS
100
AcDbPolyline
 90
2
 70
0
 10
628092.3342126402
 20
4833500.415162372
 10
628042.2462620132
 20
4833485.349005249
  0
LWPOLYLINE
  5
98
330
17
100
AcDbEntity
  8
ROADS
100
AcDbPolyline
 90
2
 70
0
 10
628139.4193614132
 20
4833514.297980756
 10
628092.3342126402
 20
4833500.415162372
  0
LWPOLYLINE
  5
99
330
17
100
AcDbEntity
  8
ROADS
100
AcDbPolyline
 90
2
 70
0
 10
628188.702729515
 20
4833528.453546907
 10
628139.4193614132
 20
4833514.297980756
  0
LWPOLYLINE
  5
9A
330
17
100
AcDbEntity
  8
ROADS
100
AcDbPolyline
 90
2
 70
0
 10
628265.953984015
 20
4833533.395304633
 10
628256.8069385772
 20
4833548.60663863
  0
LWPOLYLINE
  5
9B
330
17
100
AcDbEntity
  8
ROADS
100
AcDbPolyline
 90
2
 70
0
 10
628256.8069385772
 20
4833548.60663863
 10
628188.702729515
 20
4833528.453546907
  0
LWPOLYLINE
  5
9C
330
17
100
AcDbEntity
  8
ROADS
100
AcDbPolyline
 90
2
 70
0
 10
627981.7025587609
 20
4833462.308161183
 10
627980.201145608
 20
4833466.874545359
  0
LWPOLYLINE
  5
9D
330
17
100
AcDbEntity
  8
ROADS
100
AcDbPolyline
 90
2
 70
0
 10
627980.201145608
 20
4833466.874545359
 10
627961.5429734052
 20
4833461.087944272
  0
LWPOLYLINE
  5
9E
330
17
100
AcDbEntity
  8
ROADS
100
AcDbPolyline
 90
2
 70
0
 10
627833.0583149248
 20
4833467.9494661875
 10
627823.1534924206
 20
4833465.061536679
  0
LWPOLYLINE
  5
9F
330
17
100
AcDbEntity
  8
ROADS
100
AcDbPolyline
 90
2
 70
0
 10
627522.8095555282
 20
4833566.783887595
 10
627524.1162341986
 20
4833562.404060843
  0
LWPOLYLINE
  5
A0
330
17
100
AcDbEntity
  8
ROADS
100
AcDbPolyline
 90
2
 70
0
 10
627662.5423994137
 20
4833501.054386869
 10
627633.6780867107
 20
4833601.668726815
  0
LWPOLYLINE
  5
A1
330
17
100
AcDbEntity
  8
ROADS
100
AcDbPolyline
 90
2
 70
0
 10
627522.8095555282
 20
4833566.783887595
 10
627518.7461877442
 20
4833565.566244831
  0
LWPOLYLINE
  5
A2
330
17
100
AcDbEntity
  8
ROADS
100
AcDbPolyline
 90
2
 70
0
 10
627633.6780867107
 20
4833601.668726815
 10
627522.8095555282
 20
4833566.783887595
  0
LWPOLYLINE
  5
A3
330
17
100
AcDbEntity
  8
ROADS
100
AcDbPolyline
 90
2
 70
0
 10
627745.1664744267
 20
4833580.9002600005
 10
627729.9781494613
 20
4833630.332907024
  0
LWPOLYLINE
  5
A4
330
17
100
AcDbEntity
  8
ROADS
100
AcDbPolyline
 90
2
 70
0
 10
627886.8027326639
 20
4833460.339377887
 10
627880.3362034395
 20
4833481.73474684
  0
LWPOLYLINE
  5
A5
330
17
100
AcDbEntity
  8
ROADS
100
AcDbPolyline
 90
2
 70
0
 10
627880.3362034395
 20
4833481.73474684
 10
627833.0583149248
 20
4833467.9494661875
  0
LWPOLYLINE
  5
A6
330
17
100
AcDbEntity
  8
ROADS
100
AcDbPolyline
 90
2
 70
0
 10
627777.5442776111
 20
4833471.35367597
 10
627745.1664744267
 20
4833580.9002600005
  0
LWPOLYLINE
  5
A7
330
17
100
AcDbEntity
  8
ROADS
100
AcDbPolyline
 90
2
 70
0
 10
627833.0583149248
 20
4833467.9494661875
 10
627794.1905718906
 20
4833596.007195213
  0
LWPOLYLINE
  5
A8
330
17
100
AcDbEntity
  8
ROADS
100
AcDbPolyline
 90
2
 70
0
 10
627936.3076221455
 20
4833459.560502023
 10
627887.5944225952
 20
4833623.347460792
  0
LWPOLYLINE
  5
A9
330
17
100
AcDbEntity
  8
ROADS
100
AcDbPolyline
 90
2
 70
0
 10
627880.3362034395
 20
4833481.73474684
 10
627841.5463138116
 20
4833610.57494933
  0
LWPOLYLINE
  5
AA
330
17
100
AcDbEntity
  8
ROADS
100
AcDbPolyline
 90
2
 70
0
 10
627980.201145608
 20
4833466.874545359
 10
627930.2911052199
 20
4833635.191347964
  0
LWPOLYLINE
  5
AB
330
17
100
AcDbEntity
  8
ROADS
100
AcDbPolyline
 90
2
 70
0
 10
627794.1905718906
 20
4833596.007195213
 10
627745.1664744267
 20
4833580.9002600005
  0
LWPOLYLINE
  5
AC
330
17
100
AcDbEntity
  8
ROADS
100
AcDbPolyline
 90
2
 70
0
 10
627841.5463138116
 20
4833610.57494933
 10
627794.1905718906
 20
4833596.007195213
  0
LWPOLYLINE
  5
AD
330
17
100
AcDbEntity
  8
ROADS
100
AcDbPolyline
 90
2
 70
0
 10
627887.5944225952
 20
4833623.347460792
 10
627841.5463138116
 20
4833610.57494933
  0
LWPOLYLINE
  5
AE
330
17
100
AcDbEntity
  8
ROADS
100
AcDbPolyline
 90
2
 70
0
 10
628346.5245157738
 20
4833557.528949005
 10
628336.1695675796
 20
4833573.370502925
  0
LWPOLYLINE
  5
AF
330
17
100
AcDbEntity
  8
ROADS
100
AcDbPolyline
 90
2
 70
0
 10
628336.1695675796
 20
4833573.370502925
 10
628256.8069385772
 20
4833548.60663863
  0
LWPOLYLINE
  5
B0
330
17
100
AcDbEntity
  8
ROADS
100
AcDbPolyline
 90
2
 70
0
 10
628042.2462620132
 20
4833485.349005249
 10
628010.2858389815
 20
4833591.887261534
  0
LWPOLYLINE
  5
B1
330
17
100
AcDbEntity
  8
ROADS
100
AcDbPolyline
 90
2
 70
0
 10
628188.702729515
 20
4833528.453546907
 10
628179.2813270539
 20
4833561.310409739
  0
LWPOLYLINE
  5
B2
330
17
100
AcDbEntity
  8
ROADS
100
AcDbPolyline
 90
2
 70
0
 10
628092.3342126402
 20
4833500.415162372
 10
628059.8174863973
 20
4833606.746366265
  0
LWPOLYLINE
  5
B3
330
17
100
AcDbEntity
  8
ROADS
100
AcDbPolyline
 90
2
 70
0
 10
628256.8069385772
 20
4833548.60663863
 10
628234.7345611156
 20
4833585.677150071
  0
LWPOLYLINE
  5
B4
330
17
100
AcDbEntity
  8
ROADS
100
AcDbPolyline
 90
2
 70
0
 10
628139.4193614132
 20
4833514.297980756
 10
628108.1927210273
 20
4833621.292556021
  0
LWPOLYLINE
  5
B5
330
17
100
AcDbEntity
  8
ROADS
100
AcDbPolyline
 90
2
 70
0
 10
628179.2813270539
 20
4833561.310409739
 10
628234.7345611156
 20
4833585.677150071
  0
LWPOLYLINE
  5
B6
330
17
100
AcDbEntity
  8
ROADS
100
AcDbPolyline
 90
2
 70
0
 10
628179.2813270539
 20
4833561.310409739
 10
628161.709682662
 20
4833637.311268304
  0
LWPOLYLINE
  5
B7
330
17
100
AcDbEntity
  8
ROADS
100
AcDbPolyline
 90
2
 70
0
 10
628059.8174863973
 20
4833606.746366265
 10
628010.2858389815
 20
4833591.887261534
  0
LWPOLYLINE
  5
B8
330
17
100
AcDbEntity
  8
ROADS
100
AcDbPolyline
 90
2
 70
0
 10
628072.9909432516
 20
4833610.696695268
 10
628059.8174863973
 20
4833606.746366265
  0
LWPOLYLINE
  5
B9
330
17
100
AcDbEntity
  8
ROADS
100
AcDbPolyline
 90
2
 70
0
 10
628234.7345611156
 20
4833585.677150071
 10
628201.2059222383
 20
4833646.016123187
  0
LWPOLYLINE
  5
BA
330
17
100
AcDbEntity
  8
ROADS
100
AcDbPolyline
 90
2
 70
0
 10
628591.5065890733
 20
4833596.774085506
 10
628576.4921531156
 20
4833643.819297325
  0
LWPOLYLINE
  5
BB
330
17
100
AcDbEntity
  8
ROADS
100
AcDbPolyline
 90
2
 70
0
 10
628696.1505658295
 20
4833628.641719368
 10
628691.9332003492
 20
4833642.855526858
  0
LWPOLYLINE
  5
BC
330
17
100
AcDbEntity
  8
ROADS
100
AcDbPolyline
 90
3
 70
0
 10
628613.0246532233
 20
4833654.93626031
 10
628625.1091481902
 20
4833622.140489586
 10
628656.4432274725
 20
4833631.325376284
  0
LWPOLYLINE
  5
BD
330
17
100
AcDbEntity
  8
ROADS
100
AcDbPolyline
 90
2
 70
0
 10
628691.9332003492
 20
4833642.855526858
 10
628666.7847314874
 20
4833651.476605152
  0
LWPOLYLINE
  5
BE
330
17
100
AcDbEntity
  8
ROADS
100
AcDbPolyline
 90
2
 70
0
 10
628613.0246532233
 20
4833654.93626031
 10
628576.4921531156
 20
4833643.819297325
  0
LWPOLYLINE
  5
BF
330
17
100
AcDbEntity
  8
ROADS
100
AcDbPolyline
 90
2
 70
0
 10
628796.5225905697
 20
4833656.820054649
 10
628791.5459541524
 20
4833671.731686647
  0
LWPOLYLINE
  5
C0
330
17
100
AcDbEntity
  8
ROADS
100
AcDbPolyline
 90
2
 70
0
 10
628666.7847314874
 20
4833651.476605152
 10
628613.0246532233
 20
4833654.93626031
  0
LWPOLYLINE
  5
C1
330
17
100
AcDbEntity
  8
ROADS
100
AcDbPolyline
 90
2
 70
0
 10
628791.5459541524
 20
4833671.731686647
 10
628691.9332003492
 20
4833642.855526858
  0
LWPOLYLINE
  5
C2
330
17
100
AcDbEntity
  8
ROADS
100
AcDbPolyline
 90
2
 70
0
 10
628549.2327457624
 20
4833587.988148721
 10
628547.6158694249
 20
4833593.155098981
  0
LWPOLYLINE
  5
C3
330
17
100
AcDbEntity
  8
ROADS
100
AcDbPolyline
 90
2
 70
0
 10
628547.6158694249
 20
4833593.155098981
 10
628512.6672614751
 20
4833582.491291488
  0
LWPOLYLINE
  5
C4
330
17
100
AcDbEntity
  8
ROADS
100
AcDbPolyline
 90
2
 70
0
 10
628534.8489908493
 20
4833631.613903435
 10
628336.1695675796
 20
4833573.370502925
  0
LWPOLYLINE
  5
C5
330
17
100
AcDbEntity
  8
ROADS
100
AcDbPolyline
 90
2
 70
0
 10
628336.1695675796
 20
4833573.370502925
 10
628299.613695803
 20
4833637.363024218
  0
LWPOLYLINE
  5
C6
330
17
100
AcDbEntity
  8
ROADS
100
AcDbPolyline
 90
2
 70
0
 10
628547.6158694249
 20
4833593.155098981
 10
628534.8489908493
 20
4833631.613903435
  0
LWPOLYLINE
  5
C7
330
17
100
AcDbEntity
  8
ROADS
100
AcDbPolyline
 90
2
 70
0
 10
628576.4921531156
 20
4833643.819297325
 10
628534.8489908493
 20
4833631.613903435
  0
LWPOLYLINE
  5
C8
330
17
100
AcDbEntity
  8
ROADS
100
AcDbPolyline
 90
2
 70
0
 10
628299.613695803
 20
4833637.363024218
 10
628279.3671003755
 20
4833677.992762652
  0
LWPOLYLINE
  5
C9
330
17
100
AcDbEntity
  8
ROADS
100
AcDbPolyline
 90
2
 70
0
 10
628516.0395124222
 20
4833702.674643725
 10
628299.613695803
 20
4833637.363024218
  0
LWPOLYLINE
  5
CA
330
17
100
AcDbEntity
  8
ROADS
100
AcDbPolyline
 90
2
 70
0
 10
628553.4094238983
 20
4833713.992758684
 10
628516.0395124222
 20
4833702.674643725
  0
LWPOLYLINE
  5
CB
330
17
100
AcDbEntity
  8
ROADS
100
AcDbPolyline
 90
2
 70
0
 10
628516.0395124222
 20
4833702.674643725
 10
628505.6246150569
 20
4833734.834533236
  0
LWPOLYLINE
  5
CC
330
17
100
AcDbEntity
  8
ROADS
100
AcDbPolyline
 90
2
 70
0
 10
628108.1927210273
 20
4833621.292556021
 10
628072.9909432516
 20
4833610.696695268
  0
LWPOLYLINE
  5
CD
330
17
100
AcDbEntity
  8
ROADS
100
AcDbPolyline
 90
2
 70
0
 10
628161.709682662
 20
4833637.311268304
 10
628108.1927210273
 20
4833621.292556021
  0
LWPOLYLINE
  5
CE
330
17
100
AcDbEntity
  8
ROADS
100
AcDbPolyline
 90
2
 70
0
 10
628072.9909432516
 20
4833610.696695268
 10
628060.9134030528
 20
4833651.46405109
  0
LWPOLYLINE
  5
CF
330
17
100
AcDbEntity
  8
ROADS
100
AcDbPolyline
 90
2
 70
0
 10
628201.2059222383
 20
4833646.016123187
 10
628161.709682662
 20
4833637.311268304
  0
LWPOLYLINE
  5
D0
330
17
100
AcDbEntity
  8
ROADS
100
AcDbPolyline
 90
2
 70
0
 10
628161.709682662
 20
4833637.311268304
 10
628154.6002932705
 20
4833679.63702169
  0
LWPOLYLINE
  5
D1
330
17
100
AcDbEntity
  8
ROADS
100
AcDbPolyline
 90
2
 70
0
 10
628279.3671003755
 20
4833677.992762652
 10
628201.2059222383
 20
4833646.016123187
  0
LWPOLYLINE
  5
D2
330
17
100
AcDbEntity
  8
ROADS
100
AcDbPolyline
 90
2
 70
0
 10
628154.6002932705
 20
4833679.63702169
 10
628060.9134030528
 20
4833651.46405109
  0
LWPOLYLINE
  5
D3
330
17
100
AcDbEntity
  8
ROADS
100
AcDbPolyline
 90
3
 70
0
 10
628060.9134030528
 20
4833651.46405109
 10
628051.4285430381
 20
4833681.357560558
 10
628020.6120355085
 20
4833672.810079529
  0
LWPOLYLINE
  5
D4
330
17
100
AcDbEntity
  8
ROADS
100
AcDbPolyline
 90
2
 70
0
 10
628279.3671003755
 20
4833677.992762652
 10
628266.8942271837
 20
4833705.939163284
  0
LWPOLYLINE
  5
D5
330
17
100
AcDbEntity
  8
ROADS
100
AcDbPolyline
 90
2
 70
0
 10
628154.6002932705
 20
4833679.63702169
 10
628144.6839046588
 20
4833712.213913398
  0
LWPOLYLINE
  5
D6
330
17
100
AcDbEntity
  8
ROADS
100
AcDbPolyline
 90
2
 70
0
 10
628576.4921531156
 20
4833643.819297325
 10
628553.4094238983
 20
4833713.992758684
  0
LWPOLYLINE
  5
D7
330
17
100
AcDbEntity
  8
ROADS
100
AcDbPolyline
 90
3
 70
0
 10
628708.1239742364
 20
4833720.393274182
 10
628653.0869819226
 20
4833702.429424517
 10
628666.7847314874
 20
4833651.476605152
  0
LWPOLYLINE
  5
D8
330
17
100
AcDbEntity
  8
ROADS
100
AcDbPolyline
 90
2
 70
0
 10
628791.5459541524
 20
4833671.731686647
 10
628780.5645040988
 20
4833705.026440051
  0
LWPOLYLINE
  5
D9
330
17
100
AcDbEntity
  8
ROADS
100
AcDbPolyline
 90
2
 70
0
 10
628613.0246532233
 20
4833654.93626031
 10
628592.0398994313
 20
4833723.1265136935
  0
LWPOLYLINE
  5
DA
330
17
100
AcDbEntity
  8
ROADS
100
AcDbPolyline
 90
2
 70
0
 10
628780.5645040988
 20
4833705.026440051
 10
628773.2342262571
 20
4833739.376247829
  0
LWPOLYLINE
  5
DB
330
17
100
AcDbEntity
  8
ROADS
100
AcDbPolyline
 90
2
 70
0
 10
628773.2342262571
 20
4833739.376247829
 10
628708.1239742364
 20
4833720.393274182
  0
LWPOLYLINE
  5
DC
330
17
100
AcDbEntity
  8
ROADS
100
AcDbPolyline
 90
2
 70
0
 10
628708.1239742364
 20
4833720.393274182
 10
628692.0512237012
 20
4833770.562122466
  0
LWPOLYLINE
  5
DD
330
17
100
AcDbEntity
  8
ROADS
100
AcDbPolyline
 90
3
 70
0
 10
628585.381982717
 20
4833801.724371426
 10
628598.5626472462
 20
4833760.236845663
 10
628544.2828247831
 20
4833743.6507697785
  0
LWPOLYLINE
  5
DE
330
17
100
AcDbEntity
  8
ROADS
100
AcDbPolyline
 90
2
 70
0
 10
628773.2342262571
 20
4833739.376247829
 10
628738.7315384643
 20
4833845.247723745
  0
LWPOLYLINE
  5
DF
330
17
100
AcDbEntity
  8
ROADS
100
AcDbPolyline
 90
2
 70
0
 10
628585.381982717
 20
4833801.724371426
 10
628531.1948443075
 20
4833785.598994777
  0
LWPOLYLINE
  5
E0
330
17
100
AcDbEntity
  8
ROADS
100
AcDbPolyline
 90
2
 70
0
 10
628266.8942271837
 20
4833705.939163284
 10
628252.034898594
 20
4833745.2451701835
  0
LWPOLYLINE
  5
E1
330
17
100
AcDbEntity
  8
ROADS
100
AcDbPolyline
 90
2
 70
0
 10
628114.8104635342
 20
4833746.05020677
 10
627977.4724710588
 20
4833706.385593719
  0
LWPOLYLINE
  5
E2
330
17
100
AcDbEntity
  8
ROADS
100
AcDbPolyline
 90
2
 70
0
 10
628252.034898594
 20
4833745.2451701835
 10
628144.6839046588
 20
4833712.213913398
  0
LWPOLYLINE
  5
E3
330
17
100
AcDbEntity
  8
ROADS
100
AcDbPolyline
 90
2
 70
0
 10
628144.6839046588
 20
4833712.213913398
 10
628132.9780077231
 20
4833751.396888776
  0
LWPOLYLINE
  5
E4
330
17
100
AcDbEntity
  8
ROADS
100
AcDbPolyline
 90
2
 70
0
 10
628132.9780077231
 20
4833751.396888776
 10
628114.8104635342
 20
4833746.05020677
  0
LWPOLYLINE
  5
E5
330
17
100
AcDbEntity
  8
ROADS
100
AcDbPolyline
 90
2
 70
0
 10
628080.1935741811
 20
4833764.290761604
 10
628114.8104635342
 20
4833746.05020677
  0
LWPOLYLINE
  5
E6
330
17
100
AcDbEntity
  8
ROADS
100
AcDbPolyline
 90
2
 70
0
 10
628171.5620859127
 20
4833763.426986407
 10
628132.9780077231
 20
4833751.396888776
  0
LWPOLYLINE
  5
E7
330
17
100
AcDbEntity
  8
ROADS
100
AcDbPolyline
 90
2
 70
0
 10
628252.034898594
 20
4833745.2451701835
 10
628238.3279334784
 20
4833784.368988289
  0
LWPOLYLINE
  5
E8
330
17
100
AcDbEntity
  8
ROADS
100
AcDbPolyline
 90
2
 70
0
 10
628114.8104635342
 20
4833746.05020677
 10
628101.3151581556
 20
4833789.3991066255
  0
LWPOLYLINE
  5
E9
330
17
100
AcDbEntity
  8
ROADS
100
AcDbPolyline
 90
2
 70
0
 10
628045.0445566316
 20
4833778.497436033
 10
628080.1935741811
 20
4833764.290761604
  0
LWPOLYLINE
  5
EA
330
17
100
AcDbEntity
  8
ROADS
100
AcDbPolyline
 90
2
 70
0
 10
628553.4094238983
 20
4833713.992758684
 10
628544.2828247831
 20
4833743.6507697785
  0
LWPOLYLINE
  5
EB
330
17
100
AcDbEntity
  8
ROADS
100
AcDbPolyline
 90
2
 70
0
 10
628473.1320826693
 20
4833768.33250514
 10
628266.8942271837
 20
4833705.939163284
  0
LWPOLYLINE
  5
EC
330
17
100
AcDbEntity
  8
ROADS
100
AcDbPolyline
 90
2
 70
0
 10
628544.2828247831
 20
4833743.6507697785
 10
628531.1948443075
 20
4833785.598994777
  0
LWPOLYLINE
  5
ED
330
17
100
AcDbEntity
  8
ROADS
100
AcDbPolyline
 90
2
 70
0
 10
628461.1071448775
 20
4833806.187664107
 10
628252.034898594
 20
4833745.2451701835
  0
LWPOLYLINE
  5
EE
330
17
100
AcDbEntity
  8
ROADS
100
AcDbPolyline
 90
2
 70
0
 10
628531.1948443075
 20
4833785.598994777
 10
628473.1320826693
 20
4833768.33250514
  0
LWPOLYLINE
  5
EF
330
17
100
AcDbEntity
  8
ROADS
100
AcDbPolyline
 90
2
 70
0
 10
628473.1320826693
 20
4833768.33250514
 10
628461.1071448775
 20
4833806.187664107
  0
LWPOLYLINE
  5
F0
330
17
100
AcDbEntity
  8
ROADS
100
AcDbPolyline
 90
2
 70
0
 10
628531.1948443075
 20
4833785.598994777
 10
628519.5657322421
 20
4833823.852339639
  0
LWPOLYLINE
  5
F1
330
17
100
AcDbEntity
  8
ROADS
100
AcDbPolyline
 90
2
 70
0
 10
628348.105538096
 20
4833817.819160196
 10
628268.8187709403
 20
4833793.672648189
  0
LWPOLYLINE
  5
F2
330
17
100
AcDbEntity
  8
ROADS
100
AcDbPolyline
 90
2
 70
0
 10
628519.5657322421
 20
4833823.852339639
 10
628461.1071448775
 20
4833806.187664107
  0
LWPOLYLINE
  5
F3
330
17
100
AcDbEntity
  8
ROADS
100
AcDbPolyline
 90
2
 70
0
 10
628461.1071448775
 20
4833806.187664107
 10
628448.4796606756
 20
4833847.833179071
  0
LWPOLYLINE
  5
F4
330
17
100
AcDbEntity
  8
ROADS
100
AcDbPolyline
 90
2
 70
0
 10
627965.949143851
 20
4833780.895113915
 10
628080.1935741811
 20
4833764.290761604
  0
LWPOLYLINE
  5
F5
330
17
100
AcDbEntity
  8
ROADS
100
AcDbPolyline
 90
2
 70
0
 10
628238.3279334784
 20
4833784.368988289
 10
628171.5620859127
 20
4833763.426986407
  0
LWPOLYLINE
  5
F6
330
17
100
AcDbEntity
  8
ROADS
100
AcDbPolyline
 90
2
 70
0
 10
628045.0445566316
 20
4833778.497436033
 10
628101.3151581556
 20
4833789.3991066255
  0
LWPOLYLINE
  5
F7
330
17
100
AcDbEntity
  8
ROADS
100
AcDbPolyline
 90
2
 70
0
 10
628171.5620859127
 20
4833763.426986407
 10
628157.261701742
 20
4833807.911416317
  0
LWPOLYLINE
  5
F8
330
17
100
AcDbEntity
  8
ROADS
100
AcDbPolyline
 90
2
 70
0
 10
628268.8187709403
 20
4833793.672648189
 10
628238.3279334784
 20
4833784.368988289
  0
LWPOLYLINE
  5
F9
330
17
100
AcDbEntity
  8
ROADS
100
AcDbPolyline
 90
2
 70
0
 10
627986.0714784019
 20
4833800.978069791
 10
628045.0445566316
 20
4833778.497436033
  0
LWPOLYLINE
  5
FA
330
17
100
AcDbEntity
  8
ROADS
100
AcDbPolyline
 90
2
 70
0
 10
628115.7239218665
 20
4833794.16682155
 10
628101.3151581556
 20
4833789.3991066255
  0
LWPOLYLINE
  5
FB
330
17
100
AcDbEntity
  8
ROADS
100
AcDbPolyline
 90
2
 70
0
 10
628157.261701742
 20
4833807.911416317
 10
628115.7239218665
 20
4833794.16682155
  0
LWPOLYLINE
  5
FC
330
17
100
AcDbEntity
  8
ROADS
100
AcDbPolyline
 90
2
 70
0
 10
628157.261701742
 20
4833807.911416317
 10
628229.925801072
 20
4833828.888027253
  0
LWPOLYLINE
  5
FD
330
17
100
AcDbEntity
  8
ROADS
100
AcDbPolyline
 90
2
 70
0
 10
628115.7239218665
 20
4833794.16682155
 10
628097.3823484194
 20
4833854.610235865
  0
LWPOLYLINE
  5
FE
330
17
100
AcDbEntity
  8
ROADS
100
AcDbPolyline
 90
2
 70
0
 10
627522.8095555282
 20
4833566.783887595
 10
627497.3261551125
 20
4833661.835306783
  0
LWPOLYLINE
  5
FF
330
17
100
AcDbEntity
  8
ROADS
100
AcDbPolyline
 90
2
 70
0
 10
627729.9781494613
 20
4833630.332907024
 10
627633.6780867107
 20
4833601.668726815
  0
LWPOLYLINE
  5
100
330
17
100
AcDbEntity
  8
ROADS
100
AcDbPolyline
 90
2
 70
0
 10
627633.6780867107
 20
4833601.668726815
 10
627612.5917049558
 20
4833672.88513766
  0
LWPOLYLINE
  5
101
330
17
100
AcDbEntity
  8
ROADS
100
AcDbPolyline
 90
2
 70
0
 10
627729.9781494613
 20
4833630.332907024
 10
627715.3987182217
 20
4833679.496536893
  0
LWPOLYLINE
  5
102
330
17
100
AcDbEntity
  8
ROADS
100
AcDbPolyline
 90
2
 70
0
 10
627715.3987182217
 20
4833679.496536893
 10
627699.9828034666
 20
4833664.331972329
  0
LWPOLYLINE
  5
103
330
17
100
AcDbEntity
  8
ROADS
100
AcDbPolyline
 90
2
 70
0
 10
627606.2532629516
 20
4833693.249869766
 10
627497.3261551125
 20
4833661.835306783
  0
LWPOLYLINE
  5
104
330
17
100
AcDbEntity
  8
ROADS
100
AcDbPolyline
 90
2
 70
0
 10
627612.5917049558
 20
4833672.88513766
 10
627606.2532629516
 20
4833693.249869766
  0
LWPOLYLINE
  5
105
330
17
100
AcDbEntity
  8
ROADS
100
AcDbPolyline
 90
2
 70
0
 10
627764.3935929227
 20
4833693.7299017105
 10
627715.3987182217
 20
4833679.496536893
  0
LWPOLYLINE
  5
106
330
17
100
AcDbEntity
  8
ROADS
100
AcDbPolyline
 90
2
 70
0
 10
627497.3261551125
 20
4833661.835306783
 10
627479.1032018948
 20
4833727.947115044
  0
LWPOLYLINE
  5
107
330
17
100
AcDbEntity
  8
ROADS
100
AcDbPolyline
 90
3
 70
0
 10
627612.5917049558
 20
4833672.88513766
 10
627659.2401931209
 20
4833688.514180412
 10
627646.9414903009
 20
4833723.64613023
  0
LWPOLYLINE
  5
108
330
17
100
AcDbEntity
  8
ROADS
100
AcDbPolyline
 90
2
 70
0
 10
627328.0901889841
 20
4833717.859832168
 10
627322.6327856621
 20
4833736.614813851
  0
LWPOLYLINE
  5
109
330
17
100
AcDbEntity
  8
ROADS
100
AcDbPolyline
 90
2
 70
0
 10
627398.9770865154
 20
4833649.382474837
 10
627368.8662708827
 20
4833750.41423841
  0
LWPOLYLINE
  5
10A
330
17
100
AcDbEntity
  8
ROADS
100
AcDbPolyline
 90
2
 70
0
 10
627465.738748045
 20
4833598.328504288
 10
627416.7106543891
 20
4833764.999829209
  0
LWPOLYLINE
  5
10B
330
17
100
AcDbEntity
  8
ROADS
100
AcDbPolyline
 90
2
 70
0
 10
627930.2911052199
 20
4833635.191347964
 10
627887.5944225952
 20
4833623.347460792
  0
LWPOLYLINE
  5
10C
330
17
100
AcDbEntity
  8
ROADS
100
AcDbPolyline
 90
2
 70
0
 10
627841.5463138116
 20
4833610.57494933
 10
627828.766713947
 20
4833660.252156519
  0
LWPOLYLINE
  5
10D
330
17
100
AcDbEntity
  8
ROADS
100
AcDbPolyline
 90
2
 70
0
 10
627828.766713947
 20
4833660.252156519
 10
627729.9781494613
 20
4833630.332907024
  0
LWPOLYLINE
  5
10E
330
17
100
AcDbEntity
  8
ROADS
100
AcDbPolyline
 90
2
 70
0
 10
628010.2858389815
 20
4833591.887261534
 10
627977.4724710588
 20
4833706.385593719
  0
LWPOLYLINE
  5
10F
330
17
100
AcDbEntity
  8
ROADS
100
AcDbPolyline
 90
2
 70
0
 10
627930.2911052199
 20
4833635.191347964
 10
627915.6578552332
 20
4833687.332224867
  0
LWPOLYLINE
  5
110
330
17
100
AcDbEntity
  8
ROADS
100
AcDbPolyline
 90
2
 70
0
 10
627915.6578552332
 20
4833687.332224867
 10
627828.766713947
 20
4833660.252156519
  0
LWPOLYLINE
  5
111
330
17
100
AcDbEntity
  8
ROADS
100
AcDbPolyline
 90
2
 70
0
 10
627828.766713947
 20
4833660.252156519
 10
627813.8501532709
 20
4833706.378013516
  0
LWPOLYLINE
  5
112
330
17
100
AcDbEntity
  8
ROADS
100
AcDbPolyline
 90
2
 70
0
 10
627977.4724710588
 20
4833706.385593719
 10
627915.6578552332
 20
4833687.332224867
  0
LWPOLYLINE
  5
113
330
17
100
AcDbEntity
  8
ROADS
100
AcDbPolyline
 90
2
 70
0
 10
627813.8501532709
 20
4833706.378013516
 10
627764.3935929227
 20
4833693.7299017105
  0
LWPOLYLINE
  5
114
330
17
100
AcDbEntity
  8
ROADS
100
AcDbPolyline
 90
2
 70
0
 10
627813.8501532709
 20
4833706.378013516
 10
627809.7034830392
 20
4833717.688292209
  0
LWPOLYLINE
  5
115
330
17
100
AcDbEntity
  8
ROADS
100
AcDbPolyline
 90
2
 70
0
 10
627977.4724710588
 20
4833706.385593719
 10
627972.798519012
 20
4833721.389085412
  0
LWPOLYLINE
  5
116
330
17
100
AcDbEntity
  8
ROADS
100
AcDbPolyline
 90
2
 70
0
 10
627813.8501532709
 20
4833706.378013516
 10
627881.2908470358
 20
4833724.892524173
  0
LWPOLYLINE
  5
117
330
17
100
AcDbEntity
  8
ROADS
100
AcDbPolyline
 90
3
 70
0
 10
627809.7034830392
 20
4833717.688292209
 10
627843.3494471171
 20
4833758.311952723
 10
627879.3667190464
 20
4833771.205707154
  0
LWPOLYLINE
  5
118
330
17
100
AcDbEntity
  8
ROADS
100
AcDbPolyline
 90
2
 70
0
 10
627972.798519012
 20
4833721.389085412
 10
627956.4157229585
 20
4833774.853431037
  0
LWPOLYLINE
  5
119
330
17
100
AcDbEntity
  8
ROADS
100
AcDbPolyline
 90
2
 70
0
 10
627919.8421544657
 20
4833780.675816874
 10
627972.798519012
 20
4833721.389085412
  0
LWPOLYLINE
  5
11A
330
17
100
AcDbEntity
  8
ROADS
100
AcDbPolyline
 90
2
 70
0
 10
627956.4157229585
 20
4833774.853431037
 10
627919.8421544657
 20
4833780.675816874
  0
LWPOLYLINE
  5
11B
330
17
100
AcDbEntity
  8
ROADS
100
AcDbPolyline
 90
2
 70
0
 10
627965.949143851
 20
4833780.895113915
 10
627956.4157229585
 20
4833774.853431037
  0
LWPOLYLINE
  5
11C
330
17
100
AcDbEntity
  8
ROADS
100
AcDbPolyline
 90
2
 70
0
 10
627879.3667190464
 20
4833771.205707154
 10
627905.5094342461
 20
4833789.573353091
  0
LWPOLYLINE
  5
11D
330
17
100
AcDbEntity
  8
ROADS
100
AcDbPolyline
 90
2
 70
0
 10
627919.8421544657
 20
4833780.675816874
 10
627905.5094342461
 20
4833789.573353091
  0
LWPOLYLINE
  5
11E
330
17
100
AcDbEntity
  8
ROADS
100
AcDbPolyline
 90
2
 70
0
 10
627986.0714784019
 20
4833800.978069791
 10
627965.949143851
 20
4833780.895113915
  0
LWPOLYLINE
  5
11F
330
17
100
AcDbEntity
  8
ROADS
100
AcDbPolyline
 90
2
 70
0
 10
627322.6327856621
 20
4833736.614813851
 10
627313.5150974207
 20
4833733.748943013
  0
LWPOLYLINE
  5
120
330
17
100
AcDbEntity
  8
ROADS
100
AcDbPolyline
 90
2
 70
0
 10
627368.8662708827
 20
4833750.41423841
 10
627322.6327856621
 20
4833736.614813851
  0
LWPOLYLINE
  5
121
330
17
100
AcDbEntity
  8
ROADS
100
AcDbPolyline
 90
2
 70
0
 10
627479.1032018948
 20
4833727.947115044
 10
627464.6206652618
 20
4833779.606611463
  0
LWPOLYLINE
  5
122
330
17
100
AcDbEntity
  8
ROADS
100
AcDbPolyline
 90
2
 70
0
 10
627405.2590345339
 20
4833761.508648467
 10
627368.8662708827
 20
4833750.41423841
  0
LWPOLYLINE
  5
123
330
17
100
AcDbEntity
  8
ROADS
100
AcDbPolyline
 90
2
 70
0
 10
627416.7106543891
 20
4833764.999829209
 10
627405.2590345339
 20
4833761.508648467
  0
LWPOLYLINE
  5
124
330
17
100
AcDbEntity
  8
ROADS
100
AcDbPolyline
 90
2
 70
0
 10
627464.6206652618
 20
4833779.606611463
 10
627416.7106543891
 20
4833764.999829209
  0
LWPOLYLINE
  5
125
330
17
100
AcDbEntity
  8
ROADS
100
AcDbPolyline
 90
2
 70
0
 10
627405.2590345339
 20
4833761.508648467
 10
627393.0642530487
 20
4833806.273048289
  0
LWPOLYLINE
  5
126
330
17
100
AcDbEntity
  8
ROADS
100
AcDbPolyline
 90
2
 70
0
 10
627393.0642530487
 20
4833806.273048289
 10
627295.1321704909
 20
4833775.729232536
  0
LWPOLYLINE
  5
127
330
17
100
AcDbEntity
  8
ROADS
100
AcDbPolyline
 90
2
 70
0
 10
627259.8305043515
 20
4833802.190672273
 10
627257.2406527554
 20
4833817.735029875
  0
LWPOLYLINE
  5
128
330
17
100
AcDbEntity
  8
ROADS
100
AcDbPolyline
 90
2
 70
0
 10
627606.2532629516
 20
4833693.249869766
 10
627585.5817500702
 20
4833759.54945754
  0
LWPOLYLINE
  5
129
330
17
100
AcDbEntity
  8
ROADS
100
AcDbPolyline
 90
2
 70
0
 10
627531.8226102082
 20
4833743.157851366
 10
627479.1032018948
 20
4833727.947115044
  0
LWPOLYLINE
  5
12A
330
17
100
AcDbEntity
  8
ROADS
100
AcDbPolyline
 90
2
 70
0
 10
627585.5817500702
 20
4833759.54945754
 10
627531.8226102082
 20
4833743.157851366
  0
LWPOLYLINE
  5
12B
330
17
100
AcDbEntity
  8
ROADS
100
AcDbPolyline
 90
2
 70
0
 10
627715.3987182217
 20
4833679.496536893
 10
627656.0611415097
 20
4833876.467602934
  0
LWPOLYLINE
  5
12C
330
17
100
AcDbEntity
  8
ROADS
100
AcDbPolyline
 90
2
 70
0
 10
627764.3935929227
 20
4833693.7299017105
 10
627705.2978517032
 20
4833890.433348022
  0
LWPOLYLINE
  5
12D
330
17
100
AcDbEntity
  8
ROADS
100
AcDbPolyline
 90
2
 70
0
 10
627531.8226102082
 20
4833743.157851366
 10
627490.252088845
 20
4833886.516546663
  0
LWPOLYLINE
  5
12E
330
17
100
AcDbEntity
  8
ROADS
100
AcDbPolyline
 90
2
 70
0
 10
627585.5817500702
 20
4833759.54945754
 10
627542.9040989972
 20
4833902.136116068
  0
LWPOLYLINE
  5
12F
330
17
100
AcDbEntity
  8
ROADS
100
AcDbPolyline
 90
2
 70
0
 10
627705.2978517032
 20
4833890.433348022
 10
627656.0611415097
 20
4833876.467602934
  0
LWPOLYLINE
  5
130
330
17
100
AcDbEntity
  8
ROADS
100
AcDbPolyline
 90
2
 70
0
 10
627542.9040989972
 20
4833902.136116068
 10
627490.252088845
 20
4833886.516546663
  0
LWPOLYLINE
  5
131
330
17
100
AcDbEntity
  8
ROADS
100
AcDbPolyline
 90
2
 70
0
 10
627656.0611415097
 20
4833876.467602934
 10
627644.5550275473
 20
4833915.49711666
  0
LWPOLYLINE
  5
132
330
17
100
AcDbEntity
  8
ROADS
100
AcDbPolyline
 90
2
 70
0
 10
627879.3667190464
 20
4833771.205707154
 10
627882.9962315707
 20
4833818.775340473
  0
LWPOLYLINE
  5
133
330
17
100
AcDbEntity
  8
ROADS
100
AcDbPolyline
 90
2
 70
0
 10
627905.5094342461
 20
4833789.573353091
 10
627891.7940485994
 20
4833810.848836379
  0
LWPOLYLINE
  5
134
330
17
100
AcDbEntity
  8
ROADS
100
AcDbPolyline
 90
2
 70
0
 10
627809.7034830392
 20
4833717.688292209
 10
627756.3101083785
 20
4833903.905155524
  0
LWPOLYLINE
  5
135
330
17
100
AcDbEntity
  8
ROADS
100
AcDbPolyline
 90
2
 70
0
 10
627891.7940485994
 20
4833810.848836379
 10
627882.9962315707
 20
4833818.775340473
  0
LWPOLYLINE
  5
136
330
17
100
AcDbEntity
  8
ROADS
100
AcDbPolyline
 90
2
 70
0
 10
627889.5741065624
 20
4833847.799076101
 10
627986.0714784019
 20
4833800.978069791
  0
LWPOLYLINE
  5
137
330
17
100
AcDbEntity
  8
ROADS
100
AcDbPolyline
 90
2
 70
0
 10
627891.7940485994
 20
4833810.848836379
 10
627889.5741065624
 20
4833847.799076101
  0
LWPOLYLINE
  5
138
330
17
100
AcDbEntity
  8
ROADS
100
AcDbPolyline
 90
2
 70
0
 10
627882.9962315707
 20
4833818.775340473
 10
627874.4229472127
 20
4833855.168719441
  0
LWPOLYLINE
  5
139
330
17
100
AcDbEntity
  8
ROADS
100
AcDbPolyline
 90
5
 70
0
 10
627889.5741065624
 20
4833847.799076101
 10
627918.8949253384
 20
4833880.558087367
 10
627965.0383344507
 20
4833879.868998093
 10
627994.4451901492
 20
4833844.514201623
 10
627986.0714784019
 20
4833800.978069791
  0
LWPOLYLINE
  5
13A
330
17
100
AcDbEntity
  8
ROADS
100
AcDbPolyline
 90
2
 70
0
 10
627874.4229472127
 20
4833855.168719441
 10
627889.5741065624
 20
4833847.799076101
  0
LWPOLYLINE
  5
13B
330
17
100
AcDbEntity
  8
ROADS
100
AcDbPolyline
 90
2
 70
0
 10
627822.7435381826
 20
4833883.744202004
 10
627874.4229472127
 20
4833855.168719441
  0
LWPOLYLINE
  5
13C
330
17
100
AcDbEntity
  8
ROADS
100
AcDbPolyline
 90
2
 70
0
 10
627257.2406527554
 20
4833817.735029875
 10
627250.3745068486
 20
4833815.702970432
  0
LWPOLYLINE
  5
13D
330
17
100
AcDbEntity
  8
ROADS
100
AcDbPolyline
 90
2
 70
0
 10
627464.6206652618
 20
4833779.606611463
 10
627439.2751666519
 20
4833871.562297673
  0
LWPOLYLINE
  5
13E
330
17
100
AcDbEntity
  8
ROADS
100
AcDbPolyline
 90
2
 70
0
 10
627393.0642530487
 20
4833806.273048289
 10
627380.0409864401
 20
4833854.076661251
  0
LWPOLYLINE
  5
13F
330
17
100
AcDbEntity
  8
ROADS
100
AcDbPolyline
 90
2
 70
0
 10
627380.0409864401
 20
4833854.076661251
 10
627257.2406527554
 20
4833817.735029875
  0
LWPOLYLINE
  5
140
330
17
100
AcDbEntity
  8
ROADS
100
AcDbPolyline
 90
2
 70
0
 10
627439.2751666519
 20
4833871.562297673
 10
627380.0409864401
 20
4833854.076661251
  0
LWPOLYLINE
  5
141
330
17
100
AcDbEntity
  8
ROADS
100
AcDbPolyline
 90
2
 70
0
 10
627365.1922229251
 20
4833903.450375896
 10
627222.9273161943
 20
4833861.002960615
  0
LWPOLYLINE
  5
142
330
17
100
AcDbEntity
  8
ROADS
100
AcDbPolyline
 90
2
 70
0
 10
627380.0409864401
 20
4833854.076661251
 10
627365.1922229251
 20
4833903.450375896
  0
LWPOLYLINE
  5
143
330
17
100
AcDbEntity
  8
ROADS
100
AcDbPolyline
 90
2
 70
0
 10
627490.252088845
 20
4833886.516546663
 10
627439.2751666519
 20
4833871.562297673
  0
LWPOLYLINE
  5
144
330
17
100
AcDbEntity
  8
ROADS
100
AcDbPolyline
 90
2
 70
0
 10
627439.2751666519
 20
4833871.562297673
 10
627428.1729005048
 20
4833910.270064959
  0
LWPOLYLINE
  5
145
330
17
100
AcDbEntity
  8
ROADS
100
AcDbPolyline
 90
2
 70
0
 10
627478.5206833126
 20
4833925.6169733945
 10
627428.1729005048
 20
4833910.270064959
  0
LWPOLYLINE
  5
146
330
17
100
AcDbEntity
  8
ROADS
100
AcDbPolyline
 90
2
 70
0
 10
627227.037952213
 20
4833914.997199574
 10
627198.8944805913
 20
4833906.5804893
  0
LWPOLYLINE
  5
147
330
17
100
AcDbEntity
  8
ROADS
100
AcDbPolyline
 90
2
 70
0
 10
627215.3886857104
 20
4833952.153958821
 10
627182.1164167234
 20
4833941.673930156
  0
LWPOLYLINE
  5
148
330
17
100
AcDbEntity
  8
ROADS
100
AcDbPolyline
 90
2
 70
0
 10
627211.5427798646
 20
4833964.142192119
 10
627176.791530057
 20
4833953.775956014
  0
LWPOLYLINE
  5
149
330
17
100
AcDbEntity
  8
ROADS
100
AcDbPolyline
 90
2
 70
0
 10
627215.3886857104
 20
4833952.153958821
 10
627211.5427798646
 20
4833964.142192119
  0
LWPOLYLINE
  5
14A
330
17
100
AcDbEntity
  8
ROADS
100
AcDbPolyline
 90
2
 70
0
 10
627211.5427798646
 20
4833964.142192119
 10
627191.3848342457
 20
4834031.517034293
  0
LWPOLYLINE
  5
14B
330
17
100
AcDbEntity
  8
ROADS
100
AcDbPolyline
 90
2
 70
0
 10
627229.6202559525
 20
4834042.745781268
 10
627191.3848342457
 20
4834031.517034293
  0
LWPOLYLINE
  5
14C
330
17
100
AcDbEntity
  8
ROADS
100
AcDbPolyline
 90
2
 70
0
 10
627191.3848342457
 20
4834031.517034293
 10
627175.110871815
 20
4834087.286350053
  0
LWPOLYLINE
  5
14D
330
17
100
AcDbEntity
  8
ROADS
100
AcDbPolyline
 90
2
 70
0
 10
627175.110871815
 20
4834087.286350053
 10
627237.7075289349
 20
4834086.523659911
  0
LWPOLYLINE
  5
14E
330
17
100
AcDbEntity
  8
ROADS
100
AcDbPolyline
 90
2
 70
0
 10
627175.110871815
 20
4834087.286350053
 10
627171.6442600879
 20
4834098.761404031
  0
LWPOLYLINE
  5
14F
330
17
100
AcDbEntity
  8
ROADS
100
AcDbPolyline
 90
2
 70
0
 10
627874.4229472127
 20
4833855.168719441
 10
627865.455983622
 20
4833895.471231039
  0
LWPOLYLINE
  5
150
330
17
100
AcDbEntity
  8
ROADS
100
AcDbPolyline
 90
2
 70
0
 10
627822.7435381826
 20
4833883.744202004
 10
627865.455983622
 20
4833895.471231039
  0
LWPOLYLINE
  5
151
330
17
100
AcDbEntity
  8
ROADS
100
AcDbPolyline
 90
2
 70
0
 10
627822.7435381826
 20
4833883.744202004
 10
627756.3101083785
 20
4833903.905155524
  0
LWPOLYLINE
  5
152
330
17
100
AcDbEntity
  8
ROADS
100
AcDbPolyline
 90
2
 70
0
 10
627822.7435381826
 20
4833883.744202004
 10
627814.6549761895
 20
4833919.250610232
  0
LWPOLYLINE
  5
153
330
17
100
AcDbEntity
  8
ROADS
100
AcDbPolyline
 90
2
 70
0
 10
627814.6549761895
 20
4833919.250610232
 10
627756.3101083785
 20
4833903.905155524
  0
LWPOLYLINE
  5
154
330
17
100
AcDbEntity
  8
ROADS
100
AcDbPolyline
 90
2
 70
0
 10
627865.455983622
 20
4833895.471231039
 10
627855.1116411983
 20
4833930.754526661
  0
LWPOLYLINE
  5
155
330
17
100
AcDbEntity
  8
ROADS
100
AcDbPolyline
 90
2
 70
0
 10
627855.1116411983
 20
4833930.754526661
 10
627814.6549761895
 20
4833919.250610232
  0
LWPOLYLINE
  5
156
330
17
100
AcDbEntity
  8
ROADS
100
AcDbPolyline
 90
2
 70
0
 10
627855.1116411983
 20
4833930.754526661
 10
627848.6887714586
 20
4833952.026800918
  0
LWPOLYLINE
  5
157
330
17
100
AcDbEntity
  8
ROADS
100
AcDbPolyline
 90
2
 70
0
 10
627848.6887714586
 20
4833952.026800918
 10
627829.4282628259
 20
4834012.628560524
  0
LWPOLYLINE
  5
158
330
17
100
AcDbEntity
  8
ROADS
100
AcDbPolyline
 90
3
 70
0
 10
627855.1116411983
 20
4833930.754526661
 10
627929.0879553478
 20
4833968.069908422
 10
627942.2095808625
 20
4834035.473377567
  0
LWPOLYLINE
  5
159
330
17
100
AcDbEntity
  8
ROADS
100
AcDbPolyline
 90
2
 70
0
 10
627365.1922229251
 20
4833903.450375896
 10
627350.3126278997
 20
4833953.616578424
  0
LWPOLYLINE
  5
15A
330
17
100
AcDbEntity
  8
ROADS
100
AcDbPolyline
 90
2
 70
0
 10
627227.037952213
 20
4833914.997199574
 10
627215.3886857104
 20
4833952.153958821
  0
LWPOLYLINE
  5
15B
330
17
100
AcDbEntity
  8
ROADS
100
AcDbPolyline
 90
2
 70
0
 10
627350.3126278997
 20
4833953.616578424
 10
627227.037952213
 20
4833914.997199574
  0
LWPOLYLINE
  5
15C
330
17
100
AcDbEntity
  8
ROADS
100
AcDbPolyline
 90
2
 70
0
 10
627428.1729005048
 20
4833910.270064959
 10
627409.9486688208
 20
4833970.474454799
  0
LWPOLYLINE
  5
15D
330
17
100
AcDbEntity
  8
ROADS
100
AcDbPolyline
 90
2
 70
0
 10
627366.8409913632
 20
4833957.609550342
 10
627378.7957804478
 20
4833931.352976035
  0
LWPOLYLINE
  5
15E
330
17
100
AcDbEntity
  8
ROADS
100
AcDbPolyline
 90
2
 70
0
 10
627366.8409913632
 20
4833957.609550342
 10
627350.3126278997
 20
4833953.616578424
  0
LWPOLYLINE
  5
15F
330
17
100
AcDbEntity
  8
ROADS
100
AcDbPolyline
 90
2
 70
0
 10
627409.9486688208
 20
4833970.474454799
 10
627366.8409913632
 20
4833957.609550342
  0
LWPOLYLINE
  5
160
330
17
100
AcDbEntity
  8
ROADS
100
AcDbPolyline
 90
2
 70
0
 10
627211.5427798646
 20
4833964.142192119
 10
627268.2912859727
 20
4833982.124945927
  0
LWPOLYLINE
  5
161
330
17
100
AcDbEntity
  8
ROADS
100
AcDbPolyline
 90
2
 70
0
 10
627366.8409913632
 20
4833957.609550342
 10
627346.3774269528
 20
4834006.7307637865
  0
LWPOLYLINE
  5
162
330
17
100
AcDbEntity
  8
ROADS
100
AcDbPolyline
 90
2
 70
0
 10
627478.5206833126
 20
4833925.6169733945
 10
627441.2167262845
 20
4834039.907418631
  0
LWPOLYLINE
  5
163
330
17
100
AcDbEntity
  8
ROADS
100
AcDbPolyline
 90
2
 70
0
 10
627756.3101083785
 20
4833903.905155524
 10
627705.2978517032
 20
4833890.433348022
  0
LWPOLYLINE
  5
164
330
17
100
AcDbEntity
  8
ROADS
100
AcDbPolyline
 90
2
 70
0
 10
627639.5062673575
 20
4833932.673953879
 10
627542.9040989972
 20
4833902.136116068
  0
LWPOLYLINE
  5
165
330
17
100
AcDbEntity
  8
ROADS
100
AcDbPolyline
 90
2
 70
0
 10
627542.9040989972
 20
4833902.136116068
 10
627530.8804478308
 20
4833941.138260419
  0
LWPOLYLINE
  5
166
330
17
100
AcDbEntity
  8
ROADS
100
AcDbPolyline
 90
2
 70
0
 10
627644.5550275473
 20
4833915.49711666
 10
627639.5062673575
 20
4833932.673953879
  0
LWPOLYLINE
  5
167
330
17
100
AcDbEntity
  8
ROADS
100
AcDbPolyline
 90
2
 70
0
 10
627530.8804478308
 20
4833941.138260419
 10
627478.5206833126
 20
4833925.6169733945
  0
LWPOLYLINE
  5
168
330
17
100
AcDbEntity
  8
ROADS
100
AcDbPolyline
 90
2
 70
0
 10
627578.6557399866
 20
4833954.733574104
 10
627530.8804478308
 20
4833941.138260419
  0
LWPOLYLINE
  5
169
330
17
100
AcDbEntity
  8
ROADS
100
AcDbPolyline
 90
2
 70
0
 10
627639.5062673575
 20
4833932.673953879
 10
627628.3916577302
 20
4833969.463398288
  0
LWPOLYLINE
  5
16A
330
17
100
AcDbEntity
  8
ROADS
100
AcDbPolyline
 90
2
 70
0
 10
627628.3916577302
 20
4833969.463398288
 10
627578.6557399866
 20
4833954.733574104
  0
LWPOLYLINE
  5
16B
330
17
100
AcDbEntity
  8
ROADS
100
AcDbPolyline
 90
3
 70
0
 10
627644.5550275473
 20
4833915.49711666
 10
627692.404717682
 20
4833930.62087237
 10
627653.3397527246
 20
4834060.839068976
  0
LWPOLYLINE
  5
16C
330
17
100
AcDbEntity
  8
ROADS
100
AcDbPolyline
 90
2
 70
0
 10
627530.8804478308
 20
4833941.138260419
 10
627495.7429395827
 20
4834056.01941463
  0
LWPOLYLINE
  5
16D
330
17
100
AcDbEntity
  8
ROADS
100
AcDbPolyline
 90
2
 70
0
 10
627756.3101083785
 20
4833903.905155524
 10
627690.0734809493
 20
4834109.838083671
  0
LWPOLYLINE
  5
16E
330
17
100
AcDbEntity
  8
ROADS
100
AcDbPolyline
 90
2
 70
0
 10
627628.3916577302
 20
4833969.463398288
 10
627605.2851425793
 20
4834045.932106296
  0
LWPOLYLINE
  5
16F
330
17
100
AcDbEntity
  8
ROADS
100
AcDbPolyline
 90
2
 70
0
 10
627578.6557399866
 20
4833954.733574104
 10
627544.6635743859
 20
4834070.484498639
  0
LWPOLYLINE
  5
170
330
17
100
AcDbEntity
  8
ROADS
100
AcDbPolyline
 90
2
 70
0
 10
627605.2851425793
 20
4834045.932106296
 10
627653.3397527246
 20
4834060.839068976
  0
LWPOLYLINE
  5
171
330
17
100
AcDbEntity
  8
ROADS
100
AcDbPolyline
 90
2
 70
0
 10
627544.6635743859
 20
4834070.484498639
 10
627495.7429395827
 20
4834056.01941463
  0
LWPOLYLINE
  5
172
330
17
100
AcDbEntity
  8
ROADS
100
AcDbPolyline
 90
2
 70
0
 10
627605.2851425793
 20
4834045.932106296
 10
627593.5973450554
 20
4834084.831816749
  0
LWPOLYLINE
  5
173
330
17
100
AcDbEntity
  8
ROADS
100
AcDbPolyline
 90
2
 70
0
 10
627653.3397527246
 20
4834060.839068976
 10
627647.568530868
 20
4834080.306991761
  0
LWPOLYLINE
  5
174
330
17
100
AcDbEntity
  8
ROADS
100
AcDbPolyline
 90
2
 70
0
 10
627593.5973450554
 20
4834084.831816749
 10
627544.6635743859
 20
4834070.484498639
  0
LWPOLYLINE
  5
175
330
17
100
AcDbEntity
  8
ROADS
100
AcDbPolyline
 90
2
 70
0
 10
627593.5973450554
 20
4834084.831816749
 10
627586.131856753
 20
4834107.2963026175
  0
LWPOLYLINE
  5
176
330
17
100
AcDbEntity
  8
ROADS
100
AcDbPolyline
 90
2
 70
0
 10
627544.6635743859
 20
4834070.484498639
 10
627529.3522068965
 20
4834126.610291757
  0
LWPOLYLINE
  5
177
330
17
100
AcDbEntity
  8
ROADS
100
AcDbPolyline
 90
2
 70
0
 10
627346.3774269528
 20
4834006.7307637865
 10
627268.2912859727
 20
4833982.124945927
  0
LWPOLYLINE
  5
178
330
17
100
AcDbEntity
  8
ROADS
100
AcDbPolyline
 90
2
 70
0
 10
627268.2912859727
 20
4833982.124945927
 10
627259.4479124902
 20
4834011.771954299
  0
LWPOLYLINE
  5
179
330
17
100
AcDbEntity
  8
ROADS
100
AcDbPolyline
 90
2
 70
0
 10
627409.9486688208
 20
4833970.474454799
 10
627392.9516114253
 20
4834023.480068392
  0
LWPOLYLINE
  5
17A
330
17
100
AcDbEntity
  8
ROADS
100
AcDbPolyline
 90
2
 70
0
 10
627392.9516114253
 20
4834023.480068392
 10
627346.3774269528
 20
4834006.7307637865
  0
LWPOLYLINE
  5
17B
330
17
100
AcDbEntity
  8
ROADS
100
AcDbPolyline
 90
3
 70
0
 10
627229.6202559525
 20
4834042.745781268
 10
627240.0434834551
 20
4834005.808878192
 10
627259.4479124902
 20
4834011.771954299
  0
LWPOLYLINE
  5
17C
330
17
100
AcDbEntity
  8
ROADS
100
AcDbPolyline
 90
2
 70
0
 10
627441.2167262845
 20
4834039.907418631
 10
627392.9516114253
 20
4834023.480068392
  0
LWPOLYLINE
  5
17D
330
17
100
AcDbEntity
  8
ROADS
100
AcDbPolyline
 90
3
 70
0
 10
627259.4479124902
 20
4834011.771954299
 10
627343.066638118
 20
4834037.4708402855
 10
627332.5770007359
 20
4834074.042530821
  0
LWPOLYLINE
  5
17E
330
17
100
AcDbEntity
  8
ROADS
100
AcDbPolyline
 90
2
 70
0
 10
627495.7429395827
 20
4834056.01941463
 10
627441.2167262845
 20
4834039.907418631
  0
LWPOLYLINE
  5
17F
330
17
100
AcDbEntity
  8
ROADS
100
AcDbPolyline
 90
2
 70
0
 10
627392.9516114253
 20
4834023.480068392
 10
627372.7975062747
 20
4834086.270227292
  0
LWPOLYLINE
  5
180
330
17
100
AcDbEntity
  8
ROADS
100
AcDbPolyline
 90
2
 70
0
 10
627332.5770007359
 20
4834074.042530821
 10
627229.6202559525
 20
4834042.745781268
  0
LWPOLYLINE
  5
181
330
17
100
AcDbEntity
  8
ROADS
100
AcDbPolyline
 90
2
 70
0
 10
627848.6887714586
 20
4833952.026800918
 10
627865.3968696762
 20
4834051.729134909
  0
LWPOLYLINE
  5
182
330
17
100
AcDbEntity
  8
ROADS
100
AcDbPolyline
 90
2
 70
0
 10
627829.4282628259
 20
4834012.628560524
 10
627805.9181254471
 20
4834052.335176957
  0
LWPOLYLINE
  5
183
330
17
100
AcDbEntity
  8
ROADS
100
AcDbPolyline
 90
2
 70
0
 10
627829.4282628259
 20
4834012.628560524
 10
627811.5715210639
 20
4834063.233048125
  0
LWPOLYLINE
  5
184
330
17
100
AcDbEntity
  8
ROADS
100
AcDbPolyline
 90
2
 70
0
 10
627865.3968696762
 20
4834051.729134909
 10
627875.8400935794
 20
4834042.624300415
  0
LWPOLYLINE
  5
185
330
17
100
AcDbEntity
  8
ROADS
100
AcDbPolyline
 90
2
 70
0
 10
627942.2095808625
 20
4834035.473377567
 10
627971.7791822035
 20
4834091.593405403
  0
LWPOLYLINE
  5
186
330
17
100
AcDbEntity
  8
ROADS
100
AcDbPolyline
 90
2
 70
0
 10
627942.2095808625
 20
4834035.473377567
 10
627950.5912063967
 20
4834099.262950938
  0
LWPOLYLINE
  5
187
330
17
100
AcDbEntity
  8
ROADS
100
AcDbPolyline
 90
2
 70
0
 10
627865.3968696762
 20
4834051.729134909
 10
627823.0608721513
 20
4834091.914529713
  0
LWPOLYLINE
  5
188
330
17
100
AcDbEntity
  8
ROADS
100
AcDbPolyline
 90
2
 70
0
 10
627811.5715210639
 20
4834063.233048125
 10
627755.0000698592
 20
4834091.885414149
  0
LWPOLYLINE
  5
189
330
17
100
AcDbEntity
  8
ROADS
100
AcDbPolyline
 90
2
 70
0
 10
627811.5715210639
 20
4834063.233048125
 10
627809.4020418001
 20
4834094.346818327
  0
LWPOLYLINE
  5
18A
330
17
100
AcDbEntity
  8
ROADS
100
AcDbPolyline
 90
3
 70
0
 10
627942.2095808625
 20
4834035.473377567
 10
627923.2552359106
 20
4834103.148135779
 10
627849.4442171153
 20
4834135.532157417
  0
LWPOLYLINE
  5
18B
330
17
100
AcDbEntity
  8
ROADS
100
AcDbPolyline
 90
3
 70
0
 10
627229.6202559525
 20
4834042.745781268
 10
627218.072904515
 20
4834080.515416537
 10
627237.7075289349
 20
4834086.523659911
  0
LWPOLYLINE
  5
18C
330
17
100
AcDbEntity
  8
ROADS
100
AcDbPolyline
 90
2
 70
0
 10
627441.2167262845
 20
4834039.907418631
 10
627420.2526159508
 20
4834094.395426905
  0
LWPOLYLINE
  5
18D
330
17
100
AcDbEntity
  8
ROADS
100
AcDbPolyline
 90
2
 70
0
 10
627372.7975062747
 20
4834086.270227292
 10
627332.5770007359
 20
4834074.042530821
  0
LWPOLYLINE
  5
18E
330
17
100
AcDbEntity
  8
ROADS
100
AcDbPolyline
 90
3
 70
0
 10
627332.5770007359
 20
4834074.042530821
 10
627319.7929534358
 20
4834110.960771924
 10
627237.7075289349
 20
4834086.523659911
  0
LWPOLYLINE
  5
18F
330
17
100
AcDbEntity
  8
ROADS
100
AcDbPolyline
 90
2
 70
0
 10
627529.3522068965
 20
4834126.610291757
 10
627420.2526159508
 20
4834094.395426905
  0
LWPOLYLINE
  5
190
330
17
100
AcDbEntity
  8
ROADS
100
AcDbPolyline
 90
2
 70
0
 10
627372.7975062747
 20
4834086.270227292
 10
627356.4979535176
 20
4834137.976855138
  0
LWPOLYLINE
  5
191
330
17
100
AcDbEntity
  8
ROADS
100
AcDbPolyline
 90
2
 70
0
 10
627420.2526159508
 20
4834094.395426905
 10
627402.2688203462
 20
4834149.539835527
  0
LWPOLYLINE
  5
192
330
17
100
AcDbEntity
  8
ROADS
100
AcDbPolyline
 90
2
 70
0
 10
627356.4979535176
 20
4834137.976855138
 10
627203.7550051378
 20
4834140.658358766
  0
LWPOLYLINE
  5
193
330
17
100
AcDbEntity
  8
ROADS
100
AcDbPolyline
 90
2
 70
0
 10
627402.2688203462
 20
4834149.539835527
 10
627356.4979535176
 20
4834137.976855138
  0
LWPOLYLINE
  5
194
330
17
100
AcDbEntity
  8
ROADS
100
AcDbPolyline
 90
2
 70
0
 10
627457.648177634
 20
4834166.25480511
 10
627402.2688203462
 20
4834149.539835527
  0
LWPOLYLINE
  5
195
330
17
100
AcDbEntity
  8
ROADS
100
AcDbPolyline
 90
2
 70
0
 10
627755.0000698592
 20
4834091.885414149
 10
627686.533912607
 20
4834121.25483282
  0
LWPOLYLINE
  5
196
330
17
100
AcDbEntity
  8
ROADS
100
AcDbPolyline
 90
2
 70
0
 10
627690.0734809493
 20
4834109.838083671
 10
627686.533912607
 20
4834121.25483282
  0
LWPOLYLINE
  5
197
330
17
100
AcDbEntity
  8
ROADS
100
AcDbPolyline
 90
2
 70
0
 10
627690.0734809493
 20
4834109.838083671
 10
627648.4170674082
 20
4834123.326045905
  0
LWPOLYLINE
  5
198
330
17
100
AcDbEntity
  8
ROADS
100
AcDbPolyline
 90
2
 70
0
 10
627622.1080244448
 20
4834153.805463605
 10
627586.131856753
 20
4834107.2963026175
  0
LWPOLYLINE
  5
199
330
17
100
AcDbEntity
  8
ROADS
100
AcDbPolyline
 90
2
 70
0
 10
627686.533912607
 20
4834121.25483282
 10
627622.1080244448
 20
4834153.805463605
  0
LWPOLYLINE
  5
19A
330
17
100
AcDbEntity
  8
ROADS
100
AcDbPolyline
 90
2
 70
0
 10
627586.131856753
 20
4834107.2963026175
 10
627556.5701265784
 20
4834196.367613082
  0
LWPOLYLINE
  5
19B
330
17
100
AcDbEntity
  8
ROADS
100
AcDbPolyline
 90
2
 70
0
 10
627529.3522068965
 20
4834126.610291757
 10
627509.7815876186
 20
4834181.517521568
  0
LWPOLYLINE
  5
19C
330
17
100
AcDbEntity
  8
ROADS
100
AcDbPolyline
 90
2
 70
0
 10
627686.533912607
 20
4834121.25483282
 10
627654.2938639882
 20
4834225.272205316
  0
LWPOLYLINE
  5
19D
330
17
100
AcDbEntity
  8
ROADS
100
AcDbPolyline
 90
2
 70
0
 10
627509.7815876186
 20
4834181.517521568
 10
627457.648177634
 20
4834166.25480511
  0
LWPOLYLINE
  5
19E
330
17
100
AcDbEntity
  8
ROADS
100
AcDbPolyline
 90
2
 70
0
 10
627622.1080244448
 20
4834153.805463605
 10
627556.5701265784
 20
4834196.367613082
  0
LWPOLYLINE
  5
19F
330
17
100
AcDbEntity
  8
ROADS
100
AcDbPolyline
 90
2
 70
0
 10
627823.0608721513
 20
4834091.914529713
 10
627809.4020418001
 20
4834094.346818327
  0
LWPOLYLINE
  5
1A0
330
17
100
AcDbEntity
  8
ROADS
100
AcDbPolyline
 90
2
 70
0
 10
627950.5912063967
 20
4834099.262950938
 10
627971.7791822035
 20
4834091.593405403
  0
LWPOLYLINE
  5
1A1
330
17
100
AcDbEntity
  8
ROADS
100
AcDbPolyline
 90
2
 70
0
 10
627971.7791822035
 20
4834091.593405403
 10
628002.5018134359
 20
4834111.585962322
  0
LWPOLYLINE
  5
1A2
330
17
100
AcDbEntity
  8
ROADS
100
AcDbPolyline
 90
3
 70
0
 10
627823.0608721513
 20
4834091.914529713
 10
627825.3883895497
 20
4834120.388410647
 10
627849.4442171153
 20
4834135.532157417
  0
LWPOLYLINE
  5
1A3
330
17
100
AcDbEntity
  8
ROADS
100
AcDbPolyline
 90
3
 70
0
 10
627755.0000698592
 20
4834091.885414149
 10
627747.7663334113
 20
4834128.639006382
 10
627769.2786762235
 20
4834182.391732943
  0
LWPOLYLINE
  5
1A4
330
17
100
AcDbEntity
  8
ROADS
100
AcDbPolyline
 90
2
 70
0
 10
627809.4020418001
 20
4834094.346818327
 10
627769.2786762235
 20
4834182.391732943
  0
LWPOLYLINE
  5
1A5
330
17
100
AcDbEntity
  8
ROADS
100
AcDbPolyline
 90
3
 70
0
 10
627970.3251479629
 20
4834214.751024948
 10
627927.8744958262
 20
4834155.158952599
 10
627950.5912063967
 20
4834099.262950938
  0
LWPOLYLINE
  5
1A6
330
17
100
AcDbEntity
  8
ROADS
100
AcDbPolyline
 90
2
 70
0
 10
627849.4442171153
 20
4834135.532157417
 10
627769.2786762235
 20
4834182.391732943
  0
LWPOLYLINE
  5
1A7
330
17
100
AcDbEntity
  8
ROADS
100
AcDbPolyline
 90
2
 70
0
 10
628002.5018134359
 20
4834111.585962322
 10
627970.3251479629
 20
4834214.751024948
  0
LWPOLYLINE
  5
1A8
330
17
100
AcDbEntity
  8
ROADS
100
AcDbPolyline
 90
2
 70
0
 10
627908.7815256289
 20
4834234.76195898
 10
627771.4638874363
 20
4834199.013784855
  0
LWPOLYLINE
  5
1A9
330
17
100
AcDbEntity
  8
ROADS
100
AcDbPolyline
 90
2
 70
0
 10
627356.4979535176
 20
4834137.976855138
 10
627343.9102106611
 20
4834182.320106992
  0
LWPOLYLINE
  5
1AA
330
17
100
AcDbEntity
  8
ROADS
100
AcDbPolyline
 90
2
 70
0
 10
627457.648177634
 20
4834166.25480511
 10
627443.6790453489
 20
4834212.523222462
  0
LWPOLYLINE
  5
1AB
330
17
100
AcDbEntity
  8
ROADS
100
AcDbPolyline
 90
2
 70
0
 10
627443.6790453489
 20
4834212.523222462
 10
627343.9102106611
 20
4834182.320106992
  0
LWPOLYLINE
  5
1AC
330
17
100
AcDbEntity
  8
ROADS
100
AcDbPolyline
 90
3
 70
0
 10
627288.5633035952
 20
4834219.692086106
 10
627295.7185545975
 20
4834185.095261524
 10
627267.629683454
 20
4834176.969077635
  0
LWPOLYLINE
  5
1AD
330
17
100
AcDbEntity
  8
ROADS
100
AcDbPolyline
 90
2
 70
0
 10
627343.9102106611
 20
4834182.320106992
 10
627329.9413671388
 20
4834231.532696422
  0
LWPOLYLINE
  5
1AE
330
17
100
AcDbEntity
  8
ROADS
100
AcDbPolyline
 90
2
 70
0
 10
627244.5645925553
 20
4834204.55890864
 10
627288.5633035952
 20
4834219.692086106
  0
LWPOLYLINE
  5
1AF
330
17
100
AcDbEntity
  8
ROADS
100
AcDbPolyline
 90
2
 70
0
 10
627492.9221942269
 20
4834227.292175492
 10
627443.6790453489
 20
4834212.523222462
  0
LWPOLYLINE
  5
1B0
330
17
100
AcDbEntity
  8
ROADS
100
AcDbPolyline
 90
2
 70
0
 10
627244.5645925553
 20
4834204.55890864
 10
627232.2382013291
 20
4834243.76554883
  0
LWPOLYLINE
  5
1B1
330
17
100
AcDbEntity
  8
ROADS
100
AcDbPolyline
 90
2
 70
0
 10
627329.9413671388
 20
4834231.532696422
 10
627288.5633035952
 20
4834219.692086106
  0
LWPOLYLINE
  5
1B2
330
17
100
AcDbEntity
  8
ROADS
100
AcDbPolyline
 90
3
 70
0
 10
627288.5633035952
 20
4834219.692086106
 10
627280.576459619
 20
4834255.037925351
 10
627248.697626453
 20
4834246.2881966075
  0
LWPOLYLINE
  5
1B3
330
17
100
AcDbEntity
  8
ROADS
100
AcDbPolyline
 90
2
 70
0
 10
628738.7315384643
 20
4833845.247723745
 10
628585.381982717
 20
4833801.724371426
  0
LWPOLYLINE
  5
1B4
330
17
100
AcDbEntity
  8
ROADS
100
AcDbPolyline
 90
2
 70
0
 10
628782.7393801427
 20
4833857.5358935725
 10
628801.2127326
 20
4833798.213811769
  0
LWPOLYLINE
  5
1B5
330
17
100
AcDbEntity
  8
ROADS
100
AcDbPolyline
 90
2
 70
0
 10
628782.7393801427
 20
4833857.5358935725
 10
628738.7315384643
 20
4833845.247723745
  0
LWPOLYLINE
  5
1B6
330
17
100
AcDbEntity
  8
ROADS
100
AcDbPolyline
 90
2
 70
0
 10
628726.090526543
 20
4833885.814955851
 10
628519.5657322421
 20
4833823.852339639
  0
LWPOLYLINE
  5
1B7
330
17
100
AcDbEntity
  8
ROADS
100
AcDbPolyline
 90
2
 70
0
 10
628738.7315384643
 20
4833845.247723745
 10
628726.090526543
 20
4833885.814955851
  0
LWPOLYLINE
  5
1B8
330
17
100
AcDbEntity
  8
ROADS
100
AcDbPolyline
 90
2
 70
0
 10
628859.7679474533
 20
4833881.525632563
 10
628782.7393801427
 20
4833857.5358935725
  0
LWPOLYLINE
  5
1B9
330
17
100
AcDbEntity
  8
ROADS
100
AcDbPolyline
 90
2
 70
0
 10
628617.9811417488
 20
4833898.276908477
 10
628507.8374910888
 20
4833865.432108986
  0
LWPOLYLINE
  5
1BA
330
17
100
AcDbEntity
  8
ROADS
100
AcDbPolyline
 90
3
 70
0
 10
628726.090526543
 20
4833885.814955851
 10
628847.4852609632
 20
4833922.186360389
 10
628859.7679474533
 20
4833881.525632563
  0
LWPOLYLINE
  5
1BB
330
17
100
AcDbEntity
  8
ROADS
100
AcDbPolyline
 90
2
 70
0
 10
628726.090526543
 20
4833885.814955851
 10
628713.6528385854
 20
4833925.534803475
  0
LWPOLYLINE
  5
1BC
330
17
100
AcDbEntity
  8
ROADS
100
AcDbPolyline
 90
2
 70
0
 10
628713.6528385854
 20
4833925.534803475
 10
628617.9811417488
 20
4833898.276908477
  0
LWPOLYLINE
  5
1BD
330
17
100
AcDbEntity
  8
ROADS
100
AcDbPolyline
 90
2
 70
0
 10
628417.6899276419
 20
4833839.075143313
 10
628348.105538096
 20
4833817.819160196
  0
LWPOLYLINE
  5
1BE
330
17
100
AcDbEntity
  8
ROADS
100
AcDbPolyline
 90
2
 70
0
 10
628348.105538096
 20
4833817.819160196
 10
628335.4295298951
 20
4833861.208897427
  0
LWPOLYLINE
  5
1BF
330
17
100
AcDbEntity
  8
ROADS
100
AcDbPolyline
 90
2
 70
0
 10
628448.4796606756
 20
4833847.833179071
 10
628417.6899276419
 20
4833839.075143313
  0
LWPOLYLINE
  5
1C0
330
17
100
AcDbEntity
  8
ROADS
100
AcDbPolyline
 90
2
 70
0
 10
628519.5657322421
 20
4833823.852339639
 10
628507.8374910888
 20
4833865.432108986
  0
LWPOLYLINE
  5
1C1
330
17
100
AcDbEntity
  8
ROADS
100
AcDbPolyline
 90
2
 70
0
 10
628335.4295298951
 20
4833861.208897427
 10
628306.1073225562
 20
4833848.665139284
  0
LWPOLYLINE
  5
1C2
330
17
100
AcDbEntity
  8
ROADS
100
AcDbPolyline
 90
2
 70
0
 10
628507.8374910888
 20
4833865.432108986
 10
628448.4796606756
 20
4833847.833179071
  0
LWPOLYLINE
  5
1C3
330
17
100
AcDbEntity
  8
ROADS
100
AcDbPolyline
 90
2
 70
0
 10
628417.6899276419
 20
4833839.075143313
 10
628405.7193134401
 20
4833879.789462446
  0
LWPOLYLINE
  5
1C4
330
17
100
AcDbEntity
  8
ROADS
100
AcDbPolyline
 90
2
 70
0
 10
628442.9336258329
 20
4833891.581812623
 10
628405.7193134401
 20
4833879.789462446
  0
LWPOLYLINE
  5
1C5
330
17
100
AcDbEntity
  8
ROADS
100
AcDbPolyline
 90
2
 70
0
 10
628507.8374910888
 20
4833865.432108986
 10
628497.7509781427
 20
4833910.57378074
  0
LWPOLYLINE
  5
1C6
330
17
100
AcDbEntity
  8
ROADS
100
AcDbPolyline
 90
2
 70
0
 10
628405.7193134401
 20
4833879.789462446
 10
628397.6501184013
 20
4833907.436435294
  0
LWPOLYLINE
  5
1C7
330
17
100
AcDbEntity
  8
ROADS
100
AcDbPolyline
 90
2
 70
0
 10
628442.9336258329
 20
4833891.581812623
 10
628497.7509781427
 20
4833910.57378074
  0
LWPOLYLINE
  5
1C8
330
17
100
AcDbEntity
  8
ROADS
100
AcDbPolyline
 90
2
 70
0
 10
628442.9336258329
 20
4833891.581812623
 10
628434.6260643424
 20
4833918.805452511
  0
LWPOLYLINE
  5
1C9
330
17
100
AcDbEntity
  8
ROADS
100
AcDbPolyline
 90
3
 70
0
 10
628335.4295298951
 20
4833861.208897427
 10
628371.5759273269
 20
4833876.146148132
 10
628348.2045158049
 20
4833957.531065481
  0
LWPOLYLINE
  5
1CA
330
17
100
AcDbEntity
  8
ROADS
100
AcDbPolyline
 90
2
 70
0
 10
628434.6260643424
 20
4833918.805452511
 10
628397.6501184013
 20
4833907.436435294
  0
LWPOLYLINE
  5
1CB
330
17
100
AcDbEntity
  8
ROADS
100
AcDbPolyline
 90
2
 70
0
 10
628453.0493751881
 20
4833924.332783068
 10
628434.6260643424
 20
4833918.805452511
  0
LWPOLYLINE
  5
1CC
330
17
100
AcDbEntity
  8
ROADS
100
AcDbPolyline
 90
2
 70
0
 10
628335.4295298951
 20
4833861.208897427
 10
628297.2780142981
 20
4833993.394989425
  0
LWPOLYLINE
  5
1CD
330
17
100
AcDbEntity
  8
ROADS
100
AcDbPolyline
 90
2
 70
0
 10
628603.3660544056
 20
4833946.1169261765
 10
628497.7509781427
 20
4833910.57378074
  0
LWPOLYLINE
  5
1CE
330
17
100
AcDbEntity
  8
ROADS
100
AcDbPolyline
 90
2
 70
0
 10
628497.7509781427
 20
4833910.57378074
 10
628486.5172743401
 20
4833948.639251684
  0
LWPOLYLINE
  5
1CF
330
17
100
AcDbEntity
  8
ROADS
100
AcDbPolyline
 90
2
 70
0
 10
628397.6501184013
 20
4833907.436435294
 10
628379.3753517804
 20
4833971.153316098
  0
LWPOLYLINE
  5
1D0
330
17
100
AcDbEntity
  8
ROADS
100
AcDbPolyline
 90
2
 70
0
 10
628531.1050802273
 20
4833960.154857497
 10
628486.5172743401
 20
4833948.639251684
  0
LWPOLYLINE
  5
1D1
330
17
100
AcDbEntity
  8
ROADS
100
AcDbPolyline
 90
2
 70
0
 10
628157.261701742
 20
4833807.911416317
 10
628145.5322638546
 20
4833846.763943195
  0
LWPOLYLINE
  5
1D2
330
17
100
AcDbEntity
  8
ROADS
100
AcDbPolyline
 90
2
 70
0
 10
628268.8187709403
 20
4833793.672648189
 10
628243.4298340902
 20
4833876.132152806
  0
LWPOLYLINE
  5
1D3
330
17
100
AcDbEntity
  8
ROADS
100
AcDbPolyline
 90
2
 70
0
 10
628195.0756628119
 20
4833862.135336931
 10
628145.5322638546
 20
4833846.763943195
  0
LWPOLYLINE
  5
1D4
330
17
100
AcDbEntity
  8
ROADS
100
AcDbPolyline
 90
2
 70
0
 10
628243.4298340902
 20
4833876.132152806
 10
628195.0756628119
 20
4833862.135336931
  0
LWPOLYLINE
  5
1D5
330
17
100
AcDbEntity
  8
ROADS
100
AcDbPolyline
 90
2
 70
0
 10
628292.3775045
 20
4833891.43178378
 10
628243.4298340902
 20
4833876.132152806
  0
LWPOLYLINE
  5
1D6
330
17
100
AcDbEntity
  8
ROADS
100
AcDbPolyline
 90
2
 70
0
 10
628145.5322638546
 20
4833846.763943195
 10
628119.9041714959
 20
4833930.9462025445
  0
LWPOLYLINE
  5
1D7
330
17
100
AcDbEntity
  8
ROADS
100
AcDbPolyline
 90
2
 70
0
 10
628195.0756628119
 20
4833862.135336931
 10
628169.096192988
 20
4833945.3961974615
  0
LWPOLYLINE
  5
1D8
330
17
100
AcDbEntity
  8
ROADS
100
AcDbPolyline
 90
2
 70
0
 10
628243.4298340902
 20
4833876.132152806
 10
628217.6668768999
 20
4833960.194989484
  0
LWPOLYLINE
  5
1D9
330
17
100
AcDbEntity
  8
ROADS
100
AcDbPolyline
 90
2
 70
0
 10
628169.096192988
 20
4833945.3961974615
 10
628119.9041714959
 20
4833930.9462025445
  0
LWPOLYLINE
  5
1DA
330
17
100
AcDbEntity
  8
ROADS
100
AcDbPolyline
 90
2
 70
0
 10
628101.3151581556
 20
4833789.3991066255
 10
628002.5018134359
 20
4834111.585962322
  0
LWPOLYLINE
  5
1DB
330
17
100
AcDbEntity
  8
ROADS
100
AcDbPolyline
 90
2
 70
0
 10
628617.9811417488
 20
4833898.276908477
 10
628603.3660544056
 20
4833946.1169261765
  0
LWPOLYLINE
  5
1DC
330
17
100
AcDbEntity
  8
ROADS
100
AcDbPolyline
 90
2
 70
0
 10
628873.5022853913
 20
4833973.849022994
 10
628713.6528385854
 20
4833925.534803475
  0
LWPOLYLINE
  5
1DD
330
17
100
AcDbEntity
  8
ROADS
100
AcDbPolyline
 90
2
 70
0
 10
628713.6528385854
 20
4833925.534803475
 10
628701.1221686734
 20
4833979.472910501
  0
LWPOLYLINE
  5
1DE
330
17
100
AcDbEntity
  8
ROADS
100
AcDbPolyline
 90
2
 70
0
 10
628603.3660544056
 20
4833946.1169261765
 10
628592.8063257476
 20
4833978.127189493
  0
LWPOLYLINE
  5
1DF
330
17
100
AcDbEntity
  8
ROADS
100
AcDbPolyline
 90
2
 70
0
 10
628701.1221686734
 20
4833979.472910501
 10
628603.3660544056
 20
4833946.1169261765
  0
LWPOLYLINE
  5
1E0
330
17
100
AcDbEntity
  8
ROADS
100
AcDbPolyline
 90
2
 70
0
 10
628592.8063257476
 20
4833978.127189493
 10
628531.1050802273
 20
4833960.154857497
  0
LWPOLYLINE
  5
1E1
330
17
100
AcDbEntity
  8
ROADS
100
AcDbPolyline
 90
2
 70
0
 10
628592.8063257476
 20
4833978.127189493
 10
628588.5819117808
 20
4833992.575793307
  0
LWPOLYLINE
  5
1E2
330
17
100
AcDbEntity
  8
ROADS
100
AcDbPolyline
 90
2
 70
0
 10
628701.1221686734
 20
4833979.472910501
 10
628688.8068976449
 20
4834018.726933508
  0
LWPOLYLINE
  5
1E3
330
17
100
AcDbEntity
  8
ROADS
100
AcDbPolyline
 90
2
 70
0
 10
628688.8068976449
 20
4834018.726933508
 10
628588.5819117808
 20
4833992.575793307
  0
LWPOLYLINE
  5
1E4
330
17
100
AcDbEntity
  8
ROADS
100
AcDbPolyline
 90
3
 70
0
 10
628859.0020972071
 20
4834024.5433413815
 10
628741.3143130528
 20
4833994.164293717
 10
628730.545364745
 20
4834028.702955351
  0
LWPOLYLINE
  5
1E5
330
17
100
AcDbEntity
  8
ROADS
100
AcDbPolyline
 90
2
 70
0
 10
628217.6668768999
 20
4833960.194989484
 10
628169.096192988
 20
4833945.3961974615
  0
LWPOLYLINE
  5
1E6
330
17
100
AcDbEntity
  8
ROADS
100
AcDbPolyline
 90
2
 70
0
 10
628271.1895156491
 20
4833976.342371907
 10
628217.6668768999
 20
4833960.194989484
  0
LWPOLYLINE
  5
1E7
330
17
100
AcDbEntity
  8
ROADS
100
AcDbPolyline
 90
2
 70
0
 10
628119.9041714959
 20
4833930.9462025445
 10
628095.6986705507
 20
4834006.855626925
  0
LWPOLYLINE
  5
1E8
330
17
100
AcDbEntity
  8
ROADS
100
AcDbPolyline
 90
2
 70
0
 10
628169.096192988
 20
4833945.3961974615
 10
628145.6065220181
 20
4834021.206563189
  0
LWPOLYLINE
  5
1E9
330
17
100
AcDbEntity
  8
ROADS
100
AcDbPolyline
 90
2
 70
0
 10
628297.2780142981
 20
4833993.394989425
 10
628271.1895156491
 20
4833976.342371907
  0
LWPOLYLINE
  5
1EA
330
17
100
AcDbEntity
  8
ROADS
100
AcDbPolyline
 90
2
 70
0
 10
628217.6668768999
 20
4833960.194989484
 10
628192.1788003067
 20
4834036.186258677
  0
LWPOLYLINE
  5
1EB
330
17
100
AcDbEntity
  8
ROADS
100
AcDbPolyline
 90
2
 70
0
 10
628271.1895156491
 20
4833976.342371907
 10
628246.8613954544
 20
4834051.288548815
  0
LWPOLYLINE
  5
1EC
330
17
100
AcDbEntity
  8
ROADS
100
AcDbPolyline
 90
2
 70
0
 10
628145.6065220181
 20
4834021.206563189
 10
628095.6986705507
 20
4834006.855626925
  0
LWPOLYLINE
  5
1ED
330
17
100
AcDbEntity
  8
ROADS
100
AcDbPolyline
 90
2
 70
0
 10
628192.1788003067
 20
4834036.186258677
 10
628145.6065220181
 20
4834021.206563189
  0
LWPOLYLINE
  5
1EE
330
17
100
AcDbEntity
  8
ROADS
100
AcDbPolyline
 90
2
 70
0
 10
628246.8613954544
 20
4834051.288548815
 10
628192.1788003067
 20
4834036.186258677
  0
LWPOLYLINE
  5
1EF
330
17
100
AcDbEntity
  8
ROADS
100
AcDbPolyline
 90
2
 70
0
 10
628427.4382592129
 20
4833985.330902689
 10
628440.1570868329
 20
4833948.481360383
  0
LWPOLYLINE
  5
1F0
330
17
100
AcDbEntity
  8
ROADS
100
AcDbPolyline
 90
2
 70
0
 10
628486.5172743401
 20
4833948.639251684
 10
628473.1026304709
 20
4833999.419137576
  0
LWPOLYLINE
  5
1F1
330
17
100
AcDbEntity
  8
ROADS
100
AcDbPolyline
 90
2
 70
0
 10
628427.4382592129
 20
4833985.330902689
 10
628379.3753517804
 20
4833971.153316098
  0
LWPOLYLINE
  5
1F2
330
17
100
AcDbEntity
  8
ROADS
100
AcDbPolyline
 90
2
 70
0
 10
628531.1050802273
 20
4833960.154857497
 10
628516.6071810828
 20
4834010.170121267
  0
LWPOLYLINE
  5
1F3
330
17
100
AcDbEntity
  8
ROADS
100
AcDbPolyline
 90
2
 70
0
 10
628473.1026304709
 20
4833999.419137576
 10
628427.4382592129
 20
4833985.330902689
  0
LWPOLYLINE
  5
1F4
330
17
100
AcDbEntity
  8
ROADS
100
AcDbPolyline
 90
2
 70
0
 10
628379.3753517804
 20
4833971.153316098
 10
628365.734640314
 20
4834017.3437993135
  0
LWPOLYLINE
  5
1F5
330
17
100
AcDbEntity
  8
ROADS
100
AcDbPolyline
 90
2
 70
0
 10
628473.1026304709
 20
4833999.419137576
 10
628503.614128941
 20
4834008.52118339
  0
LWPOLYLINE
  5
1F6
330
17
100
AcDbEntity
  8
ROADS
100
AcDbPolyline
 90
2
 70
0
 10
628365.734640314
 20
4834017.3437993135
 10
628297.2780142981
 20
4833993.394989425
  0
LWPOLYLINE
  5
1F7
330
17
100
AcDbEntity
  8
ROADS
100
AcDbPolyline
 90
2
 70
0
 10
628473.1026304709
 20
4833999.419137576
 10
628464.1459209173
 20
4834046.677359361
  0
LWPOLYLINE
  5
1F8
330
17
100
AcDbEntity
  8
ROADS
100
AcDbPolyline
 90
2
 70
0
 10
628464.1459209173
 20
4834046.677359361
 10
628365.734640314
 20
4834017.3437993135
  0
LWPOLYLINE
  5
1F9
330
17
100
AcDbEntity
  8
ROADS
100
AcDbPolyline
 90
2
 70
0
 10
628730.545364745
 20
4834028.702955351
 10
628688.8068976449
 20
4834018.726933508
  0
LWPOLYLINE
  5
1FA
330
17
100
AcDbEntity
  8
ROADS
100
AcDbPolyline
 90
2
 70
0
 10
628588.5819117808
 20
4833992.575793307
 10
628562.8777692033
 20
4834076.590768199
  0
LWPOLYLINE
  5
1FB
330
17
100
AcDbEntity
  8
ROADS
100
AcDbPolyline
 90
2
 70
0
 10
628847.5115536733
 20
4834063.372258808
 10
628730.545364745
 20
4834028.702955351
  0
LWPOLYLINE
  5
1FC
330
17
100
AcDbEntity
  8
ROADS
100
AcDbPolyline
 90
2
 70
0
 10
628730.545364745
 20
4834028.702955351
 10
628718.0555282942
 20
4834068.595867475
  0
LWPOLYLINE
  5
1FD
330
17
100
AcDbEntity
  8
ROADS
100
AcDbPolyline
 90
2
 70
0
 10
628688.8068976449
 20
4834018.726933508
 10
628665.751306644
 20
4834092.595129121
  0
LWPOLYLINE
  5
1FE
330
17
100
AcDbEntity
  8
ROADS
100
AcDbPolyline
 90
2
 70
0
 10
628622.6713130565
 20
4834094.373631506
 10
628562.8777692033
 20
4834076.590768199
  0
LWPOLYLINE
  5
1FF
330
17
100
AcDbEntity
  8
ROADS
100
AcDbPolyline
 90
2
 70
0
 10
628835.8117370087
 20
4834103.76449559
 10
628718.0555282942
 20
4834068.595867475
  0
LWPOLYLINE
  5
200
330
17
100
AcDbEntity
  8
ROADS
100
AcDbPolyline
 90
2
 70
0
 10
628718.0555282942
 20
4834068.595867475
 10
628707.1796670628
 20
4834105.452745902
  0
LWPOLYLINE
  5
201
330
17
100
AcDbEntity
  8
ROADS
100
AcDbPolyline
 90
2
 70
0
 10
628562.8777692033
 20
4834076.590768199
 10
628551.1328319814
 20
4834113.282910936
  0
LWPOLYLINE
  5
202
330
17
100
AcDbEntity
  8
ROADS
100
AcDbPolyline
 90
2
 70
0
 10
628665.751306644
 20
4834092.595129121
 10
628707.1796670628
 20
4834105.452745902
  0
LWPOLYLINE
  5
203
330
17
100
AcDbEntity
  8
ROADS
100
AcDbPolyline
 90
2
 70
0
 10
628665.751306644
 20
4834092.595129121
 10
628661.7348483799
 20
4834105.663401902
  0
LWPOLYLINE
  5
204
330
17
100
AcDbEntity
  8
ROADS
100
AcDbPolyline
 90
2
 70
0
 10
628661.7348483799
 20
4834105.663401902
 10
628622.6713130565
 20
4834094.373631506
  0
LWPOLYLINE
  5
205
330
17
100
AcDbEntity
  8
ROADS
100
AcDbPolyline
 90
2
 70
0
 10
628661.7348483799
 20
4834105.663401902
 10
628654.0395975338
 20
4834122.192413684
  0
LWPOLYLINE
  5
206
330
17
100
AcDbEntity
  8
ROADS
100
AcDbPolyline
 90
2
 70
0
 10
628707.1796670628
 20
4834105.452745902
 10
628697.0406285638
 20
4834135.682499829
  0
LWPOLYLINE
  5
207
330
17
100
AcDbEntity
  8
ROADS
100
AcDbPolyline
 90
2
 70
0
 10
628697.0406285638
 20
4834135.682499829
 10
628654.0395975338
 20
4834122.192413684
  0
LWPOLYLINE
  5
208
330
17
100
AcDbEntity
  8
ROADS
100
AcDbPolyline
 90
2
 70
0
 10
628835.8117370087
 20
4834103.76449559
 10
628813.4993719471
 20
4834172.641818558
  0
LWPOLYLINE
  5
209
330
17
100
AcDbEntity
  8
ROADS
100
AcDbPolyline
 90
2
 70
0
 10
628813.4993719471
 20
4834172.641818558
 10
628697.0406285638
 20
4834135.682499829
  0
LWPOLYLINE
  5
20A
330
17
100
AcDbEntity
  8
ROADS
100
AcDbPolyline
 90
2
 70
0
 10
628622.6713130565
 20
4834094.373631506
 10
628574.306573126
 20
4834221.603890405
  0
LWPOLYLINE
  5
20B
330
17
100
AcDbEntity
  8
ROADS
100
AcDbPolyline
 90
2
 70
0
 10
628654.0395975338
 20
4834122.192413684
 10
628627.5624601452
 20
4834208.968607033
  0
LWPOLYLINE
  5
20C
330
17
100
AcDbEntity
  8
ROADS
100
AcDbPolyline
 90
2
 70
0
 10
628813.4993719471
 20
4834172.641818558
 10
628801.3094720228
 20
4834210.989053617
  0
LWPOLYLINE
  5
20D
330
17
100
AcDbEntity
  8
ROADS
100
AcDbPolyline
 90
2
 70
0
 10
628095.6986705507
 20
4834006.855626925
 10
628047.4580400453
 20
4834163.520834886
  0
LWPOLYLINE
  5
20E
330
17
100
AcDbEntity
  8
ROADS
100
AcDbPolyline
 90
2
 70
0
 10
628145.6065220181
 20
4834021.206563189
 10
628096.7973035257
 20
4834179.0080892565
  0
LWPOLYLINE
  5
20F
330
17
100
AcDbEntity
  8
ROADS
100
AcDbPolyline
 90
2
 70
0
 10
628192.1788003067
 20
4834036.186258677
 10
628143.8973163179
 20
4834192.592752763
  0
LWPOLYLINE
  5
210
330
17
100
AcDbEntity
  8
ROADS
100
AcDbPolyline
 90
2
 70
0
 10
628246.8613954544
 20
4834051.288548815
 10
628198.5436456674
 20
4834207.127874209
  0
LWPOLYLINE
  5
211
330
17
100
AcDbEntity
  8
ROADS
100
AcDbPolyline
 90
2
 70
0
 10
628096.7973035257
 20
4834179.0080892565
 10
628047.4580400453
 20
4834163.520834886
  0
LWPOLYLINE
  5
212
330
17
100
AcDbEntity
  8
ROADS
100
AcDbPolyline
 90
2
 70
0
 10
628143.8973163179
 20
4834192.592752763
 10
628096.7973035257
 20
4834179.0080892565
  0
LWPOLYLINE
  5
213
330
17
100
AcDbEntity
  8
ROADS
100
AcDbPolyline
 90
2
 70
0
 10
628198.5436456674
 20
4834207.127874209
 10
628143.8973163179
 20
4834192.592752763
  0
LWPOLYLINE
  5
214
330
17
100
AcDbEntity
  8
ROADS
100
AcDbPolyline
 90
2
 70
0
 10
628198.5436456674
 20
4834207.127874209
 10
628181.4097290082
 20
4834265.432471169
  0
LWPOLYLINE
  5
215
330
17
100
AcDbEntity
  8
ROADS
100
AcDbPolyline
 90
2
 70
0
 10
628096.7973035257
 20
4834179.0080892565
 10
628057.1897448611
 20
4834304.3252934385
  0
LWPOLYLINE
  5
216
330
17
100
AcDbEntity
  8
ROADS
100
AcDbPolyline
 90
2
 70
0
 10
628047.4580400453
 20
4834163.520834886
 10
627995.6704853184
 20
4834327.413354564
  0
LWPOLYLINE
  5
217
330
17
100
AcDbEntity
  8
ROADS
100
AcDbPolyline
 90
2
 70
0
 10
628562.8777692033
 20
4834076.590768199
 10
628464.1459209173
 20
4834046.677359361
  0
LWPOLYLINE
  5
218
330
17
100
AcDbEntity
  8
ROADS
100
AcDbPolyline
 90
2
 70
0
 10
628464.1459209173
 20
4834046.677359361
 10
628450.4159357875
 20
4834090.558086439
  0
LWPOLYLINE
  5
219
330
17
100
AcDbEntity
  8
ROADS
100
AcDbPolyline
 90
2
 70
0
 10
628450.4159357875
 20
4834090.558086439
 10
628426.3779135183
 20
4834167.157647211
  0
LWPOLYLINE
  5
21A
330
17
100
AcDbEntity
  8
ROADS
100
AcDbPolyline
 90
3
 70
0
 10
628551.1328319814
 20
4834113.282910936
 10
628504.019982514
 20
4834099.547501186
 10
628473.5330870892
 20
4834181.095841769
  0
LWPOLYLINE
  5
21B
330
17
100
AcDbEntity
  8
ROADS
100
AcDbPolyline
 90
2
 70
0
 10
628365.734640314
 20
4834017.3437993135
 10
628278.4423971632
 20
4834294.680165988
  0
LWPOLYLINE
  5
21C
330
17
100
AcDbEntity
  8
ROADS
100
AcDbPolyline
 90
2
 70
0
 10
628551.1328319814
 20
4834113.282910936
 10
628513.5009366221
 20
4834233.589671751
  0
LWPOLYLINE
  5
21D
330
17
100
AcDbEntity
  8
ROADS
100
AcDbPolyline
 90
2
 70
0
 10
628473.5330870892
 20
4834181.095841769
 10
628426.3779135183
 20
4834167.157647211
  0
LWPOLYLINE
  5
21E
330
17
100
AcDbEntity
  8
ROADS
100
AcDbPolyline
 90
2
 70
0
 10
628426.3779135183
 20
4834167.157647211
 10
628387.2145013569
 20
4834293.739086609
  0
LWPOLYLINE
  5
21F
330
17
100
AcDbEntity
  8
ROADS
100
AcDbPolyline
 90
2
 70
0
 10
628473.5330870892
 20
4834181.095841769
 10
628436.8153033995
 20
4834309.310607696
  0
LWPOLYLINE
  5
220
330
17
100
AcDbEntity
  8
ROADS
100
AcDbPolyline
 90
3
 70
0
 10
628450.4159357875
 20
4834090.558086439
 10
628404.6558957116
 20
4834077.2261604
 10
628294.4857111763
 20
4834415.94103402
  0
LWPOLYLINE
  5
221
330
17
100
AcDbEntity
  8
ROADS
100
AcDbPolyline
 90
2
 70
0
 10
628801.3094720228
 20
4834210.989053617
 10
628750.4150869563
 20
4834195.331145159
  0
LWPOLYLINE
  5
222
330
17
100
AcDbEntity
  8
ROADS
100
AcDbPolyline
 90
2
 70
0
 10
628801.3094720228
 20
4834210.989053617
 10
628791.1481657776
 20
4834243.888588339
  0
LWPOLYLINE
  5
223
330
17
100
AcDbEntity
  8
ROADS
100
AcDbPolyline
 90
2
 70
0
 10
628627.5624601452
 20
4834208.968607033
 10
628607.0754966908
 20
4834276.114758894
  0
LWPOLYLINE
  5
224
330
17
100
AcDbEntity
  8
ROADS
100
AcDbPolyline
 90
2
 70
0
 10
628627.5624601452
 20
4834208.968607033
 10
628704.1905473819
 20
4834283.217511898
  0
LWPOLYLINE
  5
225
330
17
100
AcDbEntity
  8
ROADS
100
AcDbPolyline
 90
2
 70
0
 10
628791.1481657776
 20
4834243.888588339
 10
628787.7544666678
 20
4834254.7589738425
  0
LWPOLYLINE
  5
226
330
17
100
AcDbEntity
  8
ROADS
100
AcDbPolyline
 90
2
 70
0
 10
628791.1481657776
 20
4834243.888588339
 10
628704.1905473819
 20
4834283.217511898
  0
LWPOLYLINE
  5
227
330
17
100
AcDbEntity
  8
ROADS
100
AcDbPolyline
 90
2
 70
0
 10
628607.0754966908
 20
4834276.114758894
 10
628677.1183830358
 20
4834296.959112652
  0
LWPOLYLINE
  5
228
330
17
100
AcDbEntity
  8
ROADS
100
AcDbPolyline
 90
2
 70
0
 10
628704.1905473819
 20
4834283.217511898
 10
628677.1183830358
 20
4834296.959112652
  0
LWPOLYLINE
  5
229
330
17
100
AcDbEntity
  8
ROADS
100
AcDbPolyline
 90
2
 70
0
 10
628704.1905473819
 20
4834283.217511898
 10
628728.4732533257
 20
4834312.480347253
  0
LWPOLYLINE
  5
22A
330
17
100
AcDbEntity
  8
ROADS
100
AcDbPolyline
 90
2
 70
0
 10
628677.1183830358
 20
4834296.959112652
 10
628667.4703562849
 20
4834301.628040397
  0
LWPOLYLINE
  5
22B
330
17
100
AcDbEntity
  8
ROADS
100
AcDbPolyline
 90
2
 70
0
 10
628143.8973163179
 20
4834192.592752763
 10
628104.9424958302
 20
4834318.451805919
  0
LWPOLYLINE
  5
22C
330
17
100
AcDbEntity
  8
ROADS
100
AcDbPolyline
 90
2
 70
0
 10
628229.4318227132
 20
4834279.763364464
 10
628181.4097290082
 20
4834265.432471169
  0
LWPOLYLINE
  5
22D
330
17
100
AcDbEntity
  8
ROADS
100
AcDbPolyline
 90
2
 70
0
 10
628278.4423971632
 20
4834294.680165988
 10
628229.4318227132
 20
4834279.763364464
  0
LWPOLYLINE
  5
22E
330
17
100
AcDbEntity
  8
ROADS
100
AcDbPolyline
 90
2
 70
0
 10
628104.9424958302
 20
4834318.451805919
 10
628057.1897448611
 20
4834304.3252934385
  0
LWPOLYLINE
  5
22F
330
17
100
AcDbEntity
  8
ROADS
100
AcDbPolyline
 90
2
 70
0
 10
628181.4097290082
 20
4834265.432471169
 10
628147.656446911
 20
4834372.49533056
  0
LWPOLYLINE
  5
230
330
17
100
AcDbEntity
  8
ROADS
100
AcDbPolyline
 90
2
 70
0
 10
628057.1897448611
 20
4834304.3252934385
 10
628044.9989885322
 20
4834342.277896308
  0
LWPOLYLINE
  5
231
330
17
100
AcDbEntity
  8
ROADS
100
AcDbPolyline
 90
2
 70
0
 10
628229.4318227132
 20
4834279.763364464
 10
628195.8935495155
 20
4834386.162081014
  0
LWPOLYLINE
  5
232
330
17
100
AcDbEntity
  8
ROADS
100
AcDbPolyline
 90
2
 70
0
 10
628044.9989885322
 20
4834342.277896308
 10
627995.6704853184
 20
4834327.413354564
  0
LWPOLYLINE
  5
233
330
17
100
AcDbEntity
  8
ROADS
100
AcDbPolyline
 90
2
 70
0
 10
628104.9424958302
 20
4834318.451805919
 10
628092.6865017171
 20
4834356.859763952
  0
LWPOLYLINE
  5
234
330
17
100
AcDbEntity
  8
ROADS
100
AcDbPolyline
 90
2
 70
0
 10
628278.4423971632
 20
4834294.680165988
 10
628245.0161095073
 20
4834400.968913694
  0
LWPOLYLINE
  5
235
330
17
100
AcDbEntity
  8
ROADS
100
AcDbPolyline
 90
3
 70
0
 10
628513.5009366221
 20
4834233.589671751
 10
628562.5718285515
 20
4834248.325556684
 10
628542.5242919779
 20
4834316.334692427
  0
LWPOLYLINE
  5
236
330
17
100
AcDbEntity
  8
ROADS
100
AcDbPolyline
 90
2
 70
0
 10
628513.5009366221
 20
4834233.589671751
 10
628473.9656136353
 20
4834359.222352428
  0
LWPOLYLINE
  5
237
330
17
100
AcDbEntity
  8
ROADS
100
AcDbPolyline
 90
2
 70
0
 10
628436.8153033995
 20
4834309.310607696
 10
628387.2145013569
 20
4834293.739086609
  0
LWPOLYLINE
  5
238
330
17
100
AcDbEntity
  8
ROADS
100
AcDbPolyline
 90
2
 70
0
 10
628436.8153033995
 20
4834309.310607696
 10
628419.1186632364
 20
4834342.809945919
  0
LWPOLYLINE
  5
239
330
17
100
AcDbEntity
  8
ROADS
100
AcDbPolyline
 90
2
 70
0
 10
628387.2145013569
 20
4834293.739086609
 10
628363.7251857307
 20
4834366.758302882
  0
LWPOLYLINE
  5
23A
330
17
100
AcDbEntity
  8
ROADS
100
AcDbPolyline
 90
2
 70
0
 10
628473.9656136353
 20
4834359.222352428
 10
628419.1186632364
 20
4834342.809945919
  0
LWPOLYLINE
  5
23B
330
17
100
AcDbEntity
  8
ROADS
100
AcDbPolyline
 90
2
 70
0
 10
628419.1186632364
 20
4834342.809945919
 10
628410.1214033755
 20
4834369.7910914635
  0
LWPOLYLINE
  5
23C
330
17
100
AcDbEntity
  8
ROADS
100
AcDbPolyline
 90
2
 70
0
 10
628473.9656136353
 20
4834359.222352428
 10
628465.6104025802
 20
4834385.539063145
  0
LWPOLYLINE
  5
23D
330
17
100
AcDbEntity
  8
ROADS
100
AcDbPolyline
 90
2
 70
0
 10
628407.2119833432
 20
4834380.039175777
 10
628363.7251857307
 20
4834366.758302882
  0
LWPOLYLINE
  5
23E
330
17
100
AcDbEntity
  8
ROADS
100
AcDbPolyline
 90
2
 70
0
 10
628410.1214033755
 20
4834369.7910914635
 10
628407.2119833432
 20
4834380.039175777
  0
LWPOLYLINE
  5
23F
330
17
100
AcDbEntity
  8
ROADS
100
AcDbPolyline
 90
2
 70
0
 10
628695.7056835508
 20
4834306.748214401
 10
628677.1183830358
 20
4834296.959112652
  0
LWPOLYLINE
  5
240
330
17
100
AcDbEntity
  8
ROADS
100
AcDbPolyline
 90
2
 70
0
 10
628607.0754966908
 20
4834276.114758894
 10
628589.3153101064
 20
4834334.319597724
  0
LWPOLYLINE
  5
241
330
17
100
AcDbEntity
  8
ROADS
100
AcDbPolyline
 90
2
 70
0
 10
628667.4703562849
 20
4834301.628040397
 10
628673.3269017554
 20
4834316.94490811
  0
LWPOLYLINE
  5
242
330
17
100
AcDbEntity
  8
ROADS
100
AcDbPolyline
 90
2
 70
0
 10
628728.4732533257
 20
4834312.480347253
 10
628695.7056835508
 20
4834306.748214401
  0
LWPOLYLINE
  5
243
330
17
100
AcDbEntity
  8
ROADS
100
AcDbPolyline
 90
2
 70
0
 10
628695.7056835508
 20
4834306.748214401
 10
628673.3269017554
 20
4834316.94490811
  0
LWPOLYLINE
  5
244
330
17
100
AcDbEntity
  8
ROADS
100
AcDbPolyline
 90
2
 70
0
 10
628667.4703562849
 20
4834301.628040397
 10
628610.9271441783
 20
4834329.8709254
  0
LWPOLYLINE
  5
245
330
17
100
AcDbEntity
  8
ROADS
100
AcDbPolyline
 90
2
 70
0
 10
628695.7056835508
 20
4834306.748214401
 10
628703.9365131925
 20
4834332.57019407
  0
LWPOLYLINE
  5
246
330
17
100
AcDbEntity
  8
ROADS
100
AcDbPolyline
 90
2
 70
0
 10
628673.3269017554
 20
4834316.94490811
 10
628672.3026274061
 20
4834327.579099388
  0
LWPOLYLINE
  5
247
330
17
100
AcDbEntity
  8
ROADS
100
AcDbPolyline
 90
3
 70
0
 10
628728.4732533257
 20
4834312.480347253
 10
628755.4271585116
 20
4834320.773073062
 10
628742.0142932823
 20
4834343.289639999
  0
LWPOLYLINE
  5
248
330
17
100
AcDbEntity
  8
ROADS
100
AcDbPolyline
 90
2
 70
0
 10
628728.4732533257
 20
4834312.480347253
 10
628742.0142932823
 20
4834343.289639999
  0
LWPOLYLINE
  5
249
330
17
100
AcDbEntity
  8
ROADS
100
AcDbPolyline
 90
2
 70
0
 10
628703.9365131925
 20
4834332.57019407
 10
628672.3026274061
 20
4834327.579099388
  0
LWPOLYLINE
  5
24A
330
17
100
AcDbEntity
  8
ROADS
100
AcDbPolyline
 90
2
 70
0
 10
628610.9271441783
 20
4834329.8709254
 10
628589.3153101064
 20
4834334.319597724
  0
LWPOLYLINE
  5
24B
330
17
100
AcDbEntity
  8
ROADS
100
AcDbPolyline
 90
2
 70
0
 10
628672.3026274061
 20
4834327.579099388
 10
628668.7651597029
 20
4834343.028184923
  0
LWPOLYLINE
  5
24C
330
17
100
AcDbEntity
  8
ROADS
100
AcDbPolyline
 90
2
 70
0
 10
628668.7651597029
 20
4834343.028184923
 10
628610.9271441783
 20
4834329.8709254
  0
LWPOLYLINE
  5
24D
330
17
100
AcDbEntity
  8
ROADS
100
AcDbPolyline
 90
2
 70
0
 10
628742.0142932823
 20
4834343.289639999
 10
628703.9365131925
 20
4834332.57019407
  0
LWPOLYLINE
  5
24E
330
17
100
AcDbEntity
  8
ROADS
100
AcDbPolyline
 90
3
 70
0
 10
628703.9365131925
 20
4834332.57019407
 10
628699.5702438039
 20
4834347.673277932
 10
628668.7651597029
 20
4834343.028184923
  0
LWPOLYLINE
  5
24F
330
17
100
AcDbEntity
  8
ROADS
100
AcDbPolyline
 90
2
 70
0
 10
628589.3153101064
 20
4834334.319597724
 10
628576.378944023
 20
4834376.119537192
  0
LWPOLYLINE
  5
250
330
17
100
AcDbEntity
  8
ROADS
100
AcDbPolyline
 90
2
 70
0
 10
628668.7651597029
 20
4834343.028184923
 10
628655.7052480472
 20
4834390.3902691575
  0
LWPOLYLINE
  5
251
330
17
100
AcDbEntity
  8
ROADS
100
AcDbPolyline
 90
2
 70
0
 10
628742.0142932823
 20
4834343.289639999
 10
628724.2606068992
 20
4834410.09668761
  0
LWPOLYLINE
  5
252
330
17
100
AcDbEntity
  8
ROADS
100
AcDbPolyline
 90
2
 70
0
 10
628576.378944023
 20
4834376.119537192
 10
628572.2484507402
 20
4834389.354753151
  0
LWPOLYLINE
  5
253
330
17
100
AcDbEntity
  8
ROADS
100
AcDbPolyline
 90
2
 70
0
 10
628092.6865017171
 20
4834356.859763952
 10
628044.9989885322
 20
4834342.277896308
  0
LWPOLYLINE
  5
254
330
17
100
AcDbEntity
  8
ROADS
100
AcDbPolyline
 90
2
 70
0
 10
628147.656446911
 20
4834372.49533056
 10
628092.6865017171
 20
4834356.859763952
  0
LWPOLYLINE
  5
255
330
17
100
AcDbEntity
  8
ROADS
100
AcDbPolyline
 90
2
 70
0
 10
628044.9989885322
 20
4834342.277896308
 10
628024.4786982336
 20
4834409.774343621
  0
LWPOLYLINE
  5
256
330
17
100
AcDbEntity
  8
ROADS
100
AcDbPolyline
 90
2
 70
0
 10
628195.8935495155
 20
4834386.162081014
 10
628147.656446911
 20
4834372.49533056
  0
LWPOLYLINE
  5
257
330
17
100
AcDbEntity
  8
ROADS
100
AcDbPolyline
 90
2
 70
0
 10
628092.6865017171
 20
4834356.859763952
 10
628072.9159243994
 20
4834424.429775658
  0
LWPOLYLINE
  5
258
330
17
100
AcDbEntity
  8
ROADS
100
AcDbPolyline
 90
2
 70
0
 10
628245.0161095073
 20
4834400.968913694
 10
628195.8935495155
 20
4834386.162081014
  0
LWPOLYLINE
  5
259
330
17
100
AcDbEntity
  8
ROADS
100
AcDbPolyline
 90
2
 70
0
 10
628147.656446911
 20
4834372.49533056
 10
628133.3322454719
 20
4834419.482464001
  0
LWPOLYLINE
  5
25A
330
17
100
AcDbEntity
  8
ROADS
100
AcDbPolyline
 90
2
 70
0
 10
628024.4786982336
 20
4834409.774343621
 10
627975.1175652924
 20
4834394.834198156
  0
LWPOLYLINE
  5
25B
330
17
100
AcDbEntity
  8
ROADS
100
AcDbPolyline
 90
2
 70
0
 10
628294.4857111763
 20
4834415.94103402
 10
628245.0161095073
 20
4834400.968913694
  0
LWPOLYLINE
  5
25C
330
17
100
AcDbEntity
  8
ROADS
100
AcDbPolyline
 90
2
 70
0
 10
628072.9159243994
 20
4834424.429775658
 10
628024.4786982336
 20
4834409.774343621
  0
LWPOLYLINE
  5
25D
330
17
100
AcDbEntity
  8
ROADS
100
AcDbPolyline
 90
2
 70
0
 10
628465.6104025802
 20
4834385.539063145
 10
628410.1214033755
 20
4834369.7910914635
  0
LWPOLYLINE
  5
25E
330
17
100
AcDbEntity
  8
ROADS
100
AcDbPolyline
 90
3
 70
0
 10
628407.2119833432
 20
4834380.039175777
 10
628404.9090200637
 20
4834396.875652593
 10
628456.7917444124
 20
4834413.538506324
  0
LWPOLYLINE
  5
25F
330
17
100
AcDbEntity
  8
ROADS
100
AcDbPolyline
 90
2
 70
0
 10
628363.7251857307
 20
4834366.758302882
 10
628343.8440960743
 20
4834430.759138378
  0
LWPOLYLINE
  5
260
330
17
100
AcDbEntity
  8
ROADS
100
AcDbPolyline
 90
2
 70
0
 10
628465.6104025802
 20
4834385.539063145
 10
628456.7917444124
 20
4834413.538506324
  0
LWPOLYLINE
  5
261
330
17
100
AcDbEntity
  8
ROADS
100
AcDbPolyline
 90
3
 70
0
 10
628572.2484507402
 20
4834389.354753151
 10
628524.3485951093
 20
4834374.732020511
 10
628502.405766172
 20
4834445.62607407
  0
LWPOLYLINE
  5
262
330
17
100
AcDbEntity
  8
ROADS
100
AcDbPolyline
 90
2
 70
0
 10
628343.8440960743
 20
4834430.759138378
 10
628294.4857111763
 20
4834415.94103402
  0
LWPOLYLINE
  5
263
330
17
100
AcDbEntity
  8
ROADS
100
AcDbPolyline
 90
2
 70
0
 10
628456.7917444124
 20
4834413.538506324
 10
628442.4344532744
 20
4834460.806101866
  0
LWPOLYLINE
  5
264
330
17
100
AcDbEntity
  8
ROADS
100
AcDbPolyline
 90
2
 70
0
 10
628442.4344532744
 20
4834460.806101866
 10
628343.8440960743
 20
4834430.759138378
  0
LWPOLYLINE
  5
265
330
17
100
AcDbEntity
  8
ROADS
100
AcDbPolyline
 90
2
 70
0
 10
628343.8440960743
 20
4834430.759138378
 10
628329.7694799615
 20
4834474.947625734
  0
LWPOLYLINE
  5
266
330
17
100
AcDbEntity
  8
ROADS
100
AcDbPolyline
 90
2
 70
0
 10
628494.1624143821
 20
4834475.602047305
 10
628442.4344532744
 20
4834460.806101866
  0
LWPOLYLINE
  5
267
330
17
100
AcDbEntity
  8
ROADS
100
AcDbPolyline
 90
2
 70
0
 10
628652.7820714023
 20
4834400.18208199
 10
628576.378944023
 20
4834376.119537192
  0
LWPOLYLINE
  5
268
330
17
100
AcDbEntity
  8
ROADS
100
AcDbPolyline
 90
2
 70
0
 10
628686.477444332
 20
4834399.289053868
 10
628655.7052480472
 20
4834390.3902691575
  0
LWPOLYLINE
  5
269
330
17
100
AcDbEntity
  8
ROADS
100
AcDbPolyline
 90
2
 70
0
 10
628655.7052480472
 20
4834390.3902691575
 10
628652.7820714023
 20
4834400.18208199
  0
LWPOLYLINE
  5
26A
330
17
100
AcDbEntity
  8
ROADS
100
AcDbPolyline
 90
2
 70
0
 10
628686.477444332
 20
4834399.289053868
 10
628683.4446741157
 20
4834409.389907151
  0
LWPOLYLINE
  5
26B
330
17
100
AcDbEntity
  8
ROADS
100
AcDbPolyline
 90
2
 70
0
 10
628724.2606068992
 20
4834410.09668761
 10
628686.477444332
 20
4834399.289053868
  0
LWPOLYLINE
  5
26C
330
17
100
AcDbEntity
  8
ROADS
100
AcDbPolyline
 90
2
 70
0
 10
628683.4446741157
 20
4834409.389907151
 10
628652.7820714023
 20
4834400.18208199
  0
LWPOLYLINE
  5
26D
330
17
100
AcDbEntity
  8
ROADS
100
AcDbPolyline
 90
2
 70
0
 10
628717.2273807351
 20
4834419.21216958
 10
628683.4446741157
 20
4834409.389907151
  0
LWPOLYLINE
  5
26E
330
17
100
AcDbEntity
  8
ROADS
100
AcDbPolyline
 90
2
 70
0
 10
628724.2606068992
 20
4834410.09668761
 10
628717.2273807351
 20
4834419.21216958
  0
LWPOLYLINE
  5
26F
330
17
100
AcDbEntity
  8
ROADS
100
AcDbPolyline
 90
2
 70
0
 10
628717.2273807351
 20
4834419.21216958
 10
628699.9223201177
 20
4834437.243582182
  0
LWPOLYLINE
  5
270
330
17
100
AcDbEntity
  8
ROADS
100
AcDbPolyline
 90
2
 70
0
 10
628572.2484507402
 20
4834389.354753151
 10
628541.2529023321
 20
4834489.633124953
  0
LWPOLYLINE
  5
271
330
17
100
AcDbEntity
  8
ROADS
100
AcDbPolyline
 90
2
 70
0
 10
628797.5071836014
 20
4834453.654495165
 10
628699.9223201177
 20
4834437.243582182
  0
LWPOLYLINE
  5
272
330
17
100
AcDbEntity
  8
ROADS
100
AcDbPolyline
 90
2
 70
0
 10
628699.9223201177
 20
4834437.243582182
 10
628708.5897516683
 20
4834466.408178815
  0
LWPOLYLINE
  5
273
330
17
100
AcDbEntity
  8
ROADS
100
AcDbPolyline
 90
2
 70
0
 10
628699.9223201177
 20
4834437.243582182
 10
628635.6081177118
 20
4834476.189696034
  0
LWPOLYLINE
  5
274
330
17
100
AcDbEntity
  8
ROADS
100
AcDbPolyline
 90
2
 70
0
 10
628846.1216478996
 20
4834466.699061401
 10
628797.5071836014
 20
4834453.654495165
  0
LWPOLYLINE
  5
275
330
17
100
AcDbEntity
  8
ROADS
100
AcDbPolyline
 90
2
 70
0
 10
628797.5071836014
 20
4834453.654495165
 10
628789.0273411659
 20
4834490.516678708
  0
LWPOLYLINE
  5
276
330
17
100
AcDbEntity
  8
ROADS
100
AcDbPolyline
 90
2
 70
0
 10
628748.3594293422
 20
4834478.411806266
 10
628708.5897516683
 20
4834466.408178815
  0
LWPOLYLINE
  5
277
330
17
100
AcDbEntity
  8
ROADS
100
AcDbPolyline
 90
3
 70
0
 10
628708.5897516683
 20
4834466.408178815
 10
628690.3604651105
 20
4834494.1305258
 10
628635.6081177118
 20
4834476.189696034
  0
LWPOLYLINE
  5
278
330
17
100
AcDbEntity
  8
ROADS
100
AcDbPolyline
 90
2
 70
0
 10
628789.0273411659
 20
4834490.516678708
 10
628748.3594293422
 20
4834478.411806266
  0
LWPOLYLINE
  5
279
330
17
100
AcDbEntity
  8
ROADS
100
AcDbPolyline
 90
3
 70
0
 10
628635.6081177118
 20
4834476.189696034
 10
628593.6393735049
 20
4834498.373581717
 10
628541.2529023321
 20
4834489.633124953
  0
LWPOLYLINE
  5
27A
330
17
100
AcDbEntity
  8
ROADS
100
AcDbPolyline
 90
3
 70
0
 10
628777.1682798364
 20
4834520.573328111
 10
628738.5834687992
 20
4834509.577178003
 10
628748.3594293422
 20
4834478.411806266
  0
LWPOLYLINE
  5
27B
330
17
100
AcDbEntity
  8
ROADS
100
AcDbPolyline
 90
2
 70
0
 10
627171.6442600879
 20
4834098.761404031
 10
627217.4536706327
 20
4834096.848235607
  0
LWPOLYLINE
  5
27C
330
17
100
AcDbEntity
  8
ROADS
100
AcDbPolyline
 90
2
 70
0
 10
627168.3178606688
 20
4834109.173926338
 10
627131.2996009608
 20
4834097.8184969975
  0
LWPOLYLINE
  5
27D
330
17
100
AcDbEntity
  8
ROADS
100
AcDbPolyline
 90
2
 70
0
 10
627171.6442600879
 20
4834098.761404031
 10
627168.3178606688
 20
4834109.173926338
  0
LWPOLYLINE
  5
27E
330
17
100
AcDbEntity
  8
ROADS
100
AcDbPolyline
 90
2
 70
0
 10
627168.3178606688
 20
4834109.173926338
 10
627158.8378812955
 20
4834141.341572307
  0
LWPOLYLINE
  5
27F
330
17
100
AcDbEntity
  8
ROADS
100
AcDbPolyline
 90
2
 70
0
 10
627203.7550051378
 20
4834140.658358766
 10
627158.8378812955
 20
4834141.341572307
  0
LWPOLYLINE
  5
280
330
17
100
AcDbEntity
  8
ROADS
100
AcDbPolyline
 90
2
 70
0
 10
627158.8378812955
 20
4834141.341572307
 10
627120.3879774734
 20
4834142.0721441535
  0
LWPOLYLINE
  5
281
330
17
100
AcDbEntity
  8
ROADS
100
AcDbPolyline
 90
2
 70
0
 10
627203.7550051378
 20
4834140.658358766
 10
627184.4163565023
 20
4834184.374201915
  0
LWPOLYLINE
  5
282
330
17
100
AcDbEntity
  8
ROADS
100
AcDbPolyline
 90
2
 70
0
 10
627184.4163565023
 20
4834184.374201915
 10
627154.9525564837
 20
4834175.26244262
  0
LWPOLYLINE
  5
283
330
17
100
AcDbEntity
  8
ROADS
100
AcDbPolyline
 90
2
 70
0
 10
627108.2301221717
 20
4834190.382383452
 10
627121.6317588679
 20
4834194.170366628
  0
LWPOLYLINE
  5
284
330
17
100
AcDbEntity
  8
ROADS
100
AcDbPolyline
 90
2
 70
0
 10
627184.4163565023
 20
4834184.374201915
 10
627244.5645925553
 20
4834204.55890864
  0
LWPOLYLINE
  5
285
330
17
100
AcDbEntity
  8
ROADS
100
AcDbPolyline
 90
2
 70
0
 10
627184.4163565023
 20
4834184.374201915
 10
627176.508120322
 20
4834209.608160321
  0
LWPOLYLINE
  5
286
330
17
100
AcDbEntity
  8
ROADS
100
AcDbPolyline
 90
2
 70
0
 10
627121.6317588679
 20
4834194.170366628
 10
627176.508120322
 20
4834209.608160321
  0
LWPOLYLINE
  5
287
330
17
100
AcDbEntity
  8
ROADS
100
AcDbPolyline
 90
2
 70
0
 10
627121.6317588679
 20
4834194.170366628
 10
627103.2420958692
 20
4834256.71984104
  0
LWPOLYLINE
  5
288
330
17
100
AcDbEntity
  8
ROADS
100
AcDbPolyline
 90
2
 70
0
 10
627176.508120322
 20
4834209.608160321
 10
627158.0705470999
 20
4834272.594805243
  0
LWPOLYLINE
  5
289
330
17
100
AcDbEntity
  8
ROADS
100
AcDbPolyline
 90
2
 70
0
 10
627103.2420958692
 20
4834256.71984104
 10
627096.365925436
 20
4834254.790661277
  0
LWPOLYLINE
  5
28A
330
17
100
AcDbEntity
  8
ROADS
100
AcDbPolyline
 90
2
 70
0
 10
627158.0705470999
 20
4834272.594805243
 10
627103.2420958692
 20
4834256.71984104
  0
LWPOLYLINE
  5
28B
330
17
100
AcDbEntity
  8
ROADS
100
AcDbPolyline
 90
2
 70
0
 10
627203.073513923
 20
4834288.68469844
 10
627158.0705470999
 20
4834272.594805243
  0
LWPOLYLINE
  5
28C
330
17
100
AcDbEntity
  8
ROADS
100
AcDbPolyline
 90
2
 70
0
 10
627203.073513923
 20
4834288.68469844
 10
627192.4172540258
 20
4834324.071781411
  0
LWPOLYLINE
  5
28D
330
17
100
AcDbEntity
  8
ROADS
100
AcDbPolyline
 90
2
 70
0
 10
627158.0705470999
 20
4834272.594805243
 10
627115.765071742
 20
4834409.022567469
  0
LWPOLYLINE
  5
28E
330
17
100
AcDbEntity
  8
ROADS
100
AcDbPolyline
 90
2
 70
0
 10
627115.765071742
 20
4834409.022567469
 10
627088.7951322818
 20
4834401.299737164
  0
LWPOLYLINE
  5
28F
330
17
100
AcDbEntity
  8
ROADS
100
AcDbPolyline
 90
2
 70
0
 10
627556.5701265784
 20
4834196.367613082
 10
627509.7815876186
 20
4834181.517521568
  0
LWPOLYLINE
  5
290
330
17
100
AcDbEntity
  8
ROADS
100
AcDbPolyline
 90
2
 70
0
 10
627654.2938639882
 20
4834225.272205316
 10
627622.1080244448
 20
4834153.805463605
  0
LWPOLYLINE
  5
291
330
17
100
AcDbEntity
  8
ROADS
100
AcDbPolyline
 90
2
 70
0
 10
627769.2786762235
 20
4834182.391732943
 10
627654.2938639882
 20
4834225.272205316
  0
LWPOLYLINE
  5
292
330
17
100
AcDbEntity
  8
ROADS
100
AcDbPolyline
 90
2
 70
0
 10
627509.7815876186
 20
4834181.517521568
 10
627492.9221942269
 20
4834227.292175492
  0
LWPOLYLINE
  5
293
330
17
100
AcDbEntity
  8
ROADS
100
AcDbPolyline
 90
2
 70
0
 10
627654.2938639882
 20
4834225.272205316
 10
627556.5701265784
 20
4834196.367613082
  0
LWPOLYLINE
  5
294
330
17
100
AcDbEntity
  8
ROADS
100
AcDbPolyline
 90
2
 70
0
 10
627769.2786762235
 20
4834182.391732943
 10
627743.5947387589
 20
4834251.153385242
  0
LWPOLYLINE
  5
295
330
17
100
AcDbEntity
  8
ROADS
100
AcDbPolyline
 90
2
 70
0
 10
627556.5701265784
 20
4834196.367613082
 10
627537.5151016299
 20
4834257.329043016
  0
LWPOLYLINE
  5
296
330
17
100
AcDbEntity
  8
ROADS
100
AcDbPolyline
 90
2
 70
0
 10
627743.5947387589
 20
4834251.153385242
 10
627654.2938639882
 20
4834225.272205316
  0
LWPOLYLINE
  5
297
330
17
100
AcDbEntity
  8
ROADS
100
AcDbPolyline
 90
2
 70
0
 10
627654.2938639882
 20
4834225.272205316
 10
627642.2882787038
 20
4834264.04716391
  0
LWPOLYLINE
  5
298
330
17
100
AcDbEntity
  8
ROADS
100
AcDbPolyline
 90
2
 70
0
 10
627492.9221942269
 20
4834227.292175492
 10
627473.7490746349
 20
4834291.190641732
  0
LWPOLYLINE
  5
299
330
17
100
AcDbEntity
  8
ROADS
100
AcDbPolyline
 90
2
 70
0
 10
627908.7815256289
 20
4834234.76195898
 10
627916.7657483413
 20
4834208.386579527
  0
LWPOLYLINE
  5
29A
330
17
100
AcDbEntity
  8
ROADS
100
AcDbPolyline
 90
2
 70
0
 10
627970.3251479629
 20
4834214.751024948
 10
627943.5750899325
 20
4834310.947371252
  0
LWPOLYLINE
  5
29B
330
17
100
AcDbEntity
  8
ROADS
100
AcDbPolyline
 90
2
 70
0
 10
627825.6599850844
 20
4834275.551205171
 10
627743.5947387589
 20
4834251.153385242
  0
LWPOLYLINE
  5
29C
330
17
100
AcDbEntity
  8
ROADS
100
AcDbPolyline
 90
3
 70
0
 10
627905.5608529239
 20
4834299.465386022
 10
627920.398538161
 20
4834239.505230336
 10
627908.7815256289
 20
4834234.76195898
  0
LWPOLYLINE
  5
29D
330
17
100
AcDbEntity
  8
ROADS
100
AcDbPolyline
 90
2
 70
0
 10
627905.5608529239
 20
4834299.465386022
 10
627825.6599850844
 20
4834275.551205171
  0
LWPOLYLINE
  5
29E
330
17
100
AcDbEntity
  8
ROADS
100
AcDbPolyline
 90
2
 70
0
 10
627825.6599850844
 20
4834275.551205171
 10
627811.7039854365
 20
4834320.6488319775
  0
LWPOLYLINE
  5
29F
330
17
100
AcDbEntity
  8
ROADS
100
AcDbPolyline
 90
2
 70
0
 10
627943.5750899325
 20
4834310.947371252
 10
627905.5608529239
 20
4834299.465386022
  0
LWPOLYLINE
  5
2A0
330
17
100
AcDbEntity
  8
ROADS
100
AcDbPolyline
 90
2
 70
0
 10
627811.7039854365
 20
4834320.6488319775
 10
627771.6892631452
 20
4834309.703893143
  0
LWPOLYLINE
  5
2A1
330
17
100
AcDbEntity
  8
ROADS
100
AcDbPolyline
 90
2
 70
0
 10
627995.6704853184
 20
4834327.413354564
 10
627943.5750899325
 20
4834310.947371252
  0
LWPOLYLINE
  5
2A2
330
17
100
AcDbEntity
  8
ROADS
100
AcDbPolyline
 90
2
 70
0
 10
627905.5608529239
 20
4834299.465386022
 10
627892.2662878874
 20
4834345.31552586
  0
LWPOLYLINE
  5
2A3
330
17
100
AcDbEntity
  8
ROADS
100
AcDbPolyline
 90
2
 70
0
 10
627443.6790453489
 20
4834212.523222462
 10
627419.8103487686
 20
4834292.703828516
  0
LWPOLYLINE
  5
2A4
330
17
100
AcDbEntity
  8
ROADS
100
AcDbPolyline
 90
2
 70
0
 10
627329.9413671388
 20
4834231.532696422
 10
627306.4418004937
 20
4834316.90826872
  0
LWPOLYLINE
  5
2A5
330
17
100
AcDbEntity
  8
ROADS
100
AcDbPolyline
 90
2
 70
0
 10
627419.8103487686
 20
4834292.703828516
 10
627473.7490746349
 20
4834291.190641732
  0
LWPOLYLINE
  5
2A6
330
17
100
AcDbEntity
  8
ROADS
100
AcDbPolyline
 90
2
 70
0
 10
627306.4418004937
 20
4834316.90826872
 10
627203.073513923
 20
4834288.68469844
  0
LWPOLYLINE
  5
2A7
330
17
100
AcDbEntity
  8
ROADS
100
AcDbPolyline
 90
2
 70
0
 10
627419.8103487686
 20
4834292.703828516
 10
627403.8501377804
 20
4834345.718669321
  0
LWPOLYLINE
  5
2A8
330
17
100
AcDbEntity
  8
ROADS
100
AcDbPolyline
 90
2
 70
0
 10
627473.7490746349
 20
4834291.190641732
 10
627454.2672223973
 20
4834360.964888588
  0
LWPOLYLINE
  5
2A9
330
17
100
AcDbEntity
  8
ROADS
100
AcDbPolyline
 90
2
 70
0
 10
627403.8501377804
 20
4834345.718669321
 10
627306.4418004937
 20
4834316.90826872
  0
LWPOLYLINE
  5
2AA
330
17
100
AcDbEntity
  8
ROADS
100
AcDbPolyline
 90
2
 70
0
 10
627306.4418004937
 20
4834316.90826872
 10
627287.9688303716
 20
4834371.007740721
  0
LWPOLYLINE
  5
2AB
330
17
100
AcDbEntity
  8
ROADS
100
AcDbPolyline
 90
2
 70
0
 10
627454.2672223973
 20
4834360.964888588
 10
627403.8501377804
 20
4834345.718669321
  0
LWPOLYLINE
  5
2AC
330
17
100
AcDbEntity
  8
ROADS
100
AcDbPolyline
 90
2
 70
0
 10
627287.9688303716
 20
4834371.007740721
 10
627217.7059819023
 20
4834352.334611446
  0
LWPOLYLINE
  5
2AD
330
17
100
AcDbEntity
  8
ROADS
100
AcDbPolyline
 90
2
 70
0
 10
627596.019454653
 20
4834246.44777948
 10
627587.5436879226
 20
4834273.958319983
  0
LWPOLYLINE
  5
2AE
330
17
100
AcDbEntity
  8
ROADS
100
AcDbPolyline
 90
2
 70
0
 10
627587.5436879226
 20
4834273.958319983
 10
627537.5151016299
 20
4834257.329043016
  0
LWPOLYLINE
  5
2AF
330
17
100
AcDbEntity
  8
ROADS
100
AcDbPolyline
 90
2
 70
0
 10
627687.1253124321
 20
4834278.19995629
 10
627642.2882787038
 20
4834264.04716391
  0
LWPOLYLINE
  5
2B0
330
17
100
AcDbEntity
  8
ROADS
100
AcDbPolyline
 90
2
 70
0
 10
627743.5947387589
 20
4834251.153385242
 10
627730.6340390726
 20
4834294.052851897
  0
LWPOLYLINE
  5
2B1
330
17
100
AcDbEntity
  8
ROADS
100
AcDbPolyline
 90
2
 70
0
 10
627642.2882787038
 20
4834264.04716391
 10
627634.9027217422
 20
4834287.898181539
  0
LWPOLYLINE
  5
2B2
330
17
100
AcDbEntity
  8
ROADS
100
AcDbPolyline
 90
2
 70
0
 10
627634.9027217422
 20
4834287.898181539
 10
627587.5436879226
 20
4834273.958319983
  0
LWPOLYLINE
  5
2B3
330
17
100
AcDbEntity
  8
ROADS
100
AcDbPolyline
 90
2
 70
0
 10
627730.6340390726
 20
4834294.052851897
 10
627687.1253124321
 20
4834278.19995629
  0
LWPOLYLINE
  5
2B4
330
17
100
AcDbEntity
  8
ROADS
100
AcDbPolyline
 90
2
 70
0
 10
627771.6892631452
 20
4834309.703893143
 10
627730.6340390726
 20
4834294.052851897
  0
LWPOLYLINE
  5
2B5
330
17
100
AcDbEntity
  8
ROADS
100
AcDbPolyline
 90
2
 70
0
 10
627537.5151016299
 20
4834257.329043016
 10
627503.192820015
 20
4834375.016079266
  0
LWPOLYLINE
  5
2B6
330
17
100
AcDbEntity
  8
ROADS
100
AcDbPolyline
 90
2
 70
0
 10
627587.5436879226
 20
4834273.958319983
 10
627552.2614450592
 20
4834389.536888626
  0
LWPOLYLINE
  5
2B7
330
17
100
AcDbEntity
  8
ROADS
100
AcDbPolyline
 90
2
 70
0
 10
627853.3560028131
 20
4834333.962517685
 10
627811.7039854365
 20
4834320.6488319775
  0
LWPOLYLINE
  5
2B8
330
17
100
AcDbEntity
  8
ROADS
100
AcDbPolyline
 90
2
 70
0
 10
627892.2662878874
 20
4834345.31552586
 10
627853.3560028131
 20
4834333.962517685
  0
LWPOLYLINE
  5
2B9
330
17
100
AcDbEntity
  8
ROADS
100
AcDbPolyline
 90
2
 70
0
 10
627943.5750899325
 20
4834310.947371252
 10
627928.3252877486
 20
4834380.077499741
  0
LWPOLYLINE
  5
2BA
330
17
100
AcDbEntity
  8
ROADS
100
AcDbPolyline
 90
2
 70
0
 10
627892.2662878874
 20
4834345.31552586
 10
627886.6853116977
 20
4834367.425065363
  0
LWPOLYLINE
  5
2BB
330
17
100
AcDbEntity
  8
ROADS
100
AcDbPolyline
 90
2
 70
0
 10
627995.6704853184
 20
4834327.413354564
 10
627975.1175652924
 20
4834394.834198156
  0
LWPOLYLINE
  5
2BC
330
17
100
AcDbEntity
  8
ROADS
100
AcDbPolyline
 90
2
 70
0
 10
627928.3252877486
 20
4834380.077499741
 10
627886.6853116977
 20
4834367.425065363
  0
LWPOLYLINE
  5
2BD
330
17
100
AcDbEntity
  8
ROADS
100
AcDbPolyline
 90
2
 70
0
 10
627975.1175652924
 20
4834394.834198156
 10
627928.3252877486
 20
4834380.077499741
  0
LWPOLYLINE
  5
2BE
330
17
100
AcDbEntity
  8
ROADS
100
AcDbPolyline
 90
2
 70
0
 10
627886.6853116977
 20
4834367.425065363
 10
627873.5382326948
 20
4834411.5332545955
  0
LWPOLYLINE
  5
2BF
330
17
100
AcDbEntity
  8
ROADS
100
AcDbPolyline
 90
3
 70
0
 10
627928.3252877486
 20
4834380.077499741
 10
627914.7336744958
 20
4834423.383607848
 10
627873.5382326948
 20
4834411.5332545955
  0
LWPOLYLINE
  5
2C0
330
17
100
AcDbEntity
  8
ROADS
100
AcDbPolyline
 90
2
 70
0
 10
627975.1175652924
 20
4834394.834198156
 10
627944.2394490374
 20
4834495.202518676
  0
LWPOLYLINE
  5
2C1
330
17
100
AcDbEntity
  8
ROADS
100
AcDbPolyline
 90
2
 70
0
 10
627503.192820015
 20
4834375.016079266
 10
627454.2672223973
 20
4834360.964888588
  0
LWPOLYLINE
  5
2C2
330
17
100
AcDbEntity
  8
ROADS
100
AcDbPolyline
 90
2
 70
0
 10
627403.8501377804
 20
4834345.718669321
 10
627386.3730233196
 20
4834397.450007549
  0
LWPOLYLINE
  5
2C3
330
17
100
AcDbEntity
  8
ROADS
100
AcDbPolyline
 90
2
 70
0
 10
627287.9688303716
 20
4834371.007740721
 10
627270.2948464903
 20
4834429.978950775
  0
LWPOLYLINE
  5
2C4
330
17
100
AcDbEntity
  8
ROADS
100
AcDbPolyline
 90
3
 70
0
 10
627386.3730233196
 20
4834397.450007549
 10
627402.5632022297
 20
4834406.348195597
 10
627394.8698134124
 20
4834439.81522961
  0
LWPOLYLINE
  5
2C5
330
17
100
AcDbEntity
  8
ROADS
100
AcDbPolyline
 90
2
 70
0
 10
627454.2672223973
 20
4834360.964888588
 10
627410.3520014498
 20
4834513.385664518
  0
LWPOLYLINE
  5
2C6
330
17
100
AcDbEntity
  8
ROADS
100
AcDbPolyline
 90
2
 70
0
 10
627386.3730233196
 20
4834397.450007549
 10
627352.8614497515
 20
4834510.949369703
  0
LWPOLYLINE
  5
2C7
330
17
100
AcDbEntity
  8
ROADS
100
AcDbPolyline
 90
2
 70
0
 10
627503.192820015
 20
4834375.016079266
 10
627453.5221270969
 20
4834534.330276946
  0
LWPOLYLINE
  5
2C8
330
17
100
AcDbEntity
  8
ROADS
100
AcDbPolyline
 90
2
 70
0
 10
627270.2948464903
 20
4834429.978950775
 10
627253.3303437902
 20
4834487.984918765
  0
LWPOLYLINE
  5
2C9
330
17
100
AcDbEntity
  8
ROADS
100
AcDbPolyline
 90
2
 70
0
 10
627253.3303437902
 20
4834487.984918765
 10
627249.1646691025
 20
4834502.226507533
  0
LWPOLYLINE
  5
2CA
330
17
100
AcDbEntity
  8
ROADS
100
AcDbPolyline
 90
2
 70
0
 10
627253.3303437902
 20
4834487.984918765
 10
627352.8614497515
 20
4834510.949369703
  0
LWPOLYLINE
  5
2CB
330
17
100
AcDbEntity
  8
ROADS
100
AcDbPolyline
 90
2
 70
0
 10
627634.9027217422
 20
4834287.898181539
 10
627600.817062038
 20
4834403.835415661
  0
LWPOLYLINE
  5
2CC
330
17
100
AcDbEntity
  8
ROADS
100
AcDbPolyline
 90
2
 70
0
 10
627552.2614450592
 20
4834389.536888626
 10
627503.192820015
 20
4834375.016079266
  0
LWPOLYLINE
  5
2CD
330
17
100
AcDbEntity
  8
ROADS
100
AcDbPolyline
 90
2
 70
0
 10
627600.817062038
 20
4834403.835415661
 10
627552.2614450592
 20
4834389.536888626
  0
LWPOLYLINE
  5
2CE
330
17
100
AcDbEntity
  8
ROADS
100
AcDbPolyline
 90
2
 70
0
 10
627687.1253124321
 20
4834278.19995629
 10
627580.8409728743
 20
4834625.181298798
  0
LWPOLYLINE
  5
2CF
330
17
100
AcDbEntity
  8
ROADS
100
AcDbPolyline
 90
2
 70
0
 10
627730.6340390726
 20
4834294.052851897
 10
627625.5063612204
 20
4834638.261466887
  0
LWPOLYLINE
  5
2D0
330
17
100
AcDbEntity
  8
ROADS
100
AcDbPolyline
 90
2
 70
0
 10
627552.2614450592
 20
4834389.536888626
 10
627485.9603249044
 20
4834605.579068672
  0
LWPOLYLINE
  5
2D1
330
17
100
AcDbEntity
  8
ROADS
100
AcDbPolyline
 90
2
 70
0
 10
627600.817062038
 20
4834403.835415661
 10
627536.2779679073
 20
4834616.119237312
  0
LWPOLYLINE
  5
2D2
330
17
100
AcDbEntity
  8
ROADS
100
AcDbPolyline
 90
2
 70
0
 10
627771.6892631452
 20
4834309.703893143
 10
627641.803059315
 20
4834734.985147833
  0
LWPOLYLINE
  5
2D3
330
17
100
AcDbEntity
  8
ROADS
100
AcDbPolyline
 90
2
 70
0
 10
627811.7039854365
 20
4834320.6488319775
 10
627688.8369912377
 20
4834725.250701038
  0
LWPOLYLINE
  5
2D4
330
17
100
AcDbEntity
  8
ROADS
100
AcDbPolyline
 90
2
 70
0
 10
627536.2779679073
 20
4834616.119237312
 10
627485.9603249044
 20
4834605.579068672
  0
LWPOLYLINE
  5
2D5
330
17
100
AcDbEntity
  8
ROADS
100
AcDbPolyline
 90
2
 70
0
 10
627873.5382326948
 20
4834411.5332545955
 10
627824.1475899615
 20
4834575.987013194
  0
LWPOLYLINE
  5
2D6
330
17
100
AcDbEntity
  8
ROADS
100
AcDbPolyline
 90
2
 70
0
 10
627981.3604445402
 20
4834506.344193571
 10
627944.2394490374
 20
4834495.202518676
  0
LWPOLYLINE
  5
2D7
330
17
100
AcDbEntity
  8
ROADS
100
AcDbPolyline
 90
2
 70
0
 10
628005.0988893766
 20
4834513.430220621
 10
627981.3604445402
 20
4834506.344193571
  0
LWPOLYLINE
  5
2D8
330
17
100
AcDbEntity
  8
ROADS
100
AcDbPolyline
 90
2
 70
0
 10
627981.3604445402
 20
4834506.344193571
 10
627971.1556117671
 20
4834540.212914587
  0
LWPOLYLINE
  5
2D9
330
17
100
AcDbEntity
  8
ROADS
100
AcDbPolyline
 90
2
 70
0
 10
627853.3560028131
 20
4834333.962517685
 10
627736.8375542262
 20
4834715.595728889
  0
LWPOLYLINE
  5
2DA
330
17
100
AcDbEntity
  8
ROADS
100
AcDbPolyline
 90
2
 70
0
 10
627994.3480751853
 20
4834547.2405714225
 10
627971.1556117671
 20
4834540.212914587
  0
LWPOLYLINE
  5
2DB
330
17
100
AcDbEntity
  8
ROADS
100
AcDbPolyline
 90
2
 70
0
 10
627944.2394490374
 20
4834495.202518676
 10
627910.9106548134
 20
4834602.734983022
  0
LWPOLYLINE
  5
2DC
330
17
100
AcDbEntity
  8
ROADS
100
AcDbPolyline
 90
2
 70
0
 10
627971.1556117671
 20
4834540.212914587
 10
627961.2127202954
 20
4834572.315254944
  0
LWPOLYLINE
  5
2DD
330
17
100
AcDbEntity
  8
ROADS
100
AcDbPolyline
 90
2
 70
0
 10
627994.3480751853
 20
4834547.2405714225
 10
627984.3143262654
 20
4834579.445278112
  0
LWPOLYLINE
  5
2DE
330
17
100
AcDbEntity
  8
ROADS
100
AcDbPolyline
 90
2
 70
0
 10
627984.3143262654
 20
4834579.445278112
 10
627961.2127202954
 20
4834572.315254944
  0
LWPOLYLINE
  5
2DF
330
17
100
AcDbEntity
  8
ROADS
100
AcDbPolyline
 90
2
 70
0
 10
627352.8614497515
 20
4834510.949369703
 10
627370.3209999414
 20
4834551.919506804
  0
LWPOLYLINE
  5
2E0
330
17
100
AcDbEntity
  8
ROADS
100
AcDbPolyline
 90
3
 70
0
 10
627352.8614497515
 20
4834510.949369703
 10
627371.7135948035
 20
4834512.16819855
 10
627370.3209999414
 20
4834551.919506804
  0
LWPOLYLINE
  5
2E1
330
17
100
AcDbEntity
  8
ROADS
100
AcDbPolyline
 90
2
 70
0
 10
627249.1646691025
 20
4834502.226507533
 10
627221.8874609864
 20
4834597.911398145
  0
LWPOLYLINE
  5
2E2
330
17
100
AcDbEntity
  8
ROADS
100
AcDbPolyline
 90
2
 70
0
 10
627453.5221270969
 20
4834534.330276946
 10
627380.0408245251
 20
4834577.0247606365
  0
LWPOLYLINE
  5
2E3
330
17
100
AcDbEntity
  8
ROADS
100
AcDbPolyline
 90
2
 70
0
 10
627453.5221270969
 20
4834534.330276946
 10
627436.637477062
 20
4834590.019570159
  0
LWPOLYLINE
  5
2E4
330
17
100
AcDbEntity
  8
ROADS
100
AcDbPolyline
 90
2
 70
0
 10
627352.8614497515
 20
4834510.949369703
 10
627321.2811432744
 20
4834617.357176826
  0
LWPOLYLINE
  5
2E5
330
17
100
AcDbEntity
  8
ROADS
100
AcDbPolyline
 90
2
 70
0
 10
627370.3209999414
 20
4834551.919506804
 10
627380.0408245251
 20
4834577.0247606365
  0
LWPOLYLINE
  5
2E6
330
17
100
AcDbEntity
  8
ROADS
100
AcDbPolyline
 90
3
 70
0
 10
627249.1646691025
 20
4834502.226507533
 10
627296.999519856
 20
4834517.724085427
 10
627254.5429067354
 20
4834668.260018516
  0
LWPOLYLINE
  5
2E7
330
17
100
AcDbEntity
  8
ROADS
100
AcDbPolyline
 90
2
 70
0
 10
627380.0408245251
 20
4834577.0247606365
 10
627321.2811432744
 20
4834617.357176826
  0
LWPOLYLINE
  5
2E8
330
17
100
AcDbEntity
  8
ROADS
100
AcDbPolyline
 90
2
 70
0
 10
627436.637477062
 20
4834590.019570159
 10
627485.9603249044
 20
4834605.579068672
  0
LWPOLYLINE
  5
2E9
330
17
100
AcDbEntity
  8
ROADS
100
AcDbPolyline
 90
2
 70
0
 10
627910.9106548134
 20
4834602.734983022
 10
627824.1475899615
 20
4834575.987013194
  0
LWPOLYLINE
  5
2EA
330
17
100
AcDbEntity
  8
ROADS
100
AcDbPolyline
 90
2
 70
0
 10
627961.2127202954
 20
4834572.315254944
 10
627948.2483828767
 20
4834613.504562468
  0
LWPOLYLINE
  5
2EB
330
17
100
AcDbEntity
  8
ROADS
100
AcDbPolyline
 90
2
 70
0
 10
627984.3143262654
 20
4834579.445278112
 10
627971.4430370266
 20
4834620.134237991
  0
LWPOLYLINE
  5
2EC
330
17
100
AcDbEntity
  8
ROADS
100
AcDbPolyline
 90
2
 70
0
 10
627948.2483828767
 20
4834613.504562468
 10
627910.9106548134
 20
4834602.734983022
  0
LWPOLYLINE
  5
2ED
330
17
100
AcDbEntity
  8
ROADS
100
AcDbPolyline
 90
2
 70
0
 10
627824.1475899615
 20
4834575.987013194
 10
627802.163458021
 20
4834647.8382201735
  0
LWPOLYLINE
  5
2EE
330
17
100
AcDbEntity
  8
ROADS
100
AcDbPolyline
 90
2
 70
0
 10
627958.7372246196
 20
4834616.593349424
 10
627948.2483828767
 20
4834613.504562468
  0
LWPOLYLINE
  5
2EF
330
17
100
AcDbEntity
  8
ROADS
100
AcDbPolyline
 90
2
 70
0
 10
627971.4430370266
 20
4834620.134237991
 10
627958.7372246196
 20
4834616.593349424
  0
LWPOLYLINE
  5
2F0
330
17
100
AcDbEntity
  8
ROADS
100
AcDbPolyline
 90
2
 70
0
 10
628009.3027464133
 20
4834631.460291985
 10
627971.4430370266
 20
4834620.134237991
  0
LWPOLYLINE
  5
2F1
330
17
100
AcDbEntity
  8
ROADS
100
AcDbPolyline
 90
2
 70
0
 10
627958.7372246196
 20
4834616.593349424
 10
627947.0843028501
 20
4834653.504085167
  0
LWPOLYLINE
  5
2F2
330
17
100
AcDbEntity
  8
ROADS
100
AcDbPolyline
 90
2
 70
0
 10
627947.0843028501
 20
4834653.504085167
 10
627853.176362657
 20
4834625.561877225
  0
LWPOLYLINE
  5
2F3
330
17
100
AcDbEntity
  8
ROADS
100
AcDbPolyline
 90
2
 70
0
 10
628245.0161095073
 20
4834400.968913694
 10
628229.0044599491
 20
4834448.527596522
  0
LWPOLYLINE
  5
2F4
330
17
100
AcDbEntity
  8
ROADS
100
AcDbPolyline
 90
2
 70
0
 10
628181.0834980794
 20
4834434.079499343
 10
628133.3322454719
 20
4834419.482464001
  0
LWPOLYLINE
  5
2F5
330
17
100
AcDbEntity
  8
ROADS
100
AcDbPolyline
 90
2
 70
0
 10
628229.0044599491
 20
4834448.527596522
 10
628181.0834980794
 20
4834434.079499343
  0
LWPOLYLINE
  5
2F6
330
17
100
AcDbEntity
  8
ROADS
100
AcDbPolyline
 90
2
 70
0
 10
628072.9159243994
 20
4834424.429775658
 10
628042.1777012874
 20
4834524.305619847
  0
LWPOLYLINE
  5
2F7
330
17
100
AcDbEntity
  8
ROADS
100
AcDbPolyline
 90
2
 70
0
 10
628133.3322454719
 20
4834419.482464001
 10
628077.6464561161
 20
4834596.146350618
  0
LWPOLYLINE
  5
2F8
330
17
100
AcDbEntity
  8
ROADS
100
AcDbPolyline
 90
2
 70
0
 10
628042.1777012874
 20
4834524.305619847
 10
628005.0988893766
 20
4834513.430220621
  0
LWPOLYLINE
  5
2F9
330
17
100
AcDbEntity
  8
ROADS
100
AcDbPolyline
 90
2
 70
0
 10
628005.0988893766
 20
4834513.430220621
 10
627994.3480751853
 20
4834547.2405714225
  0
LWPOLYLINE
  5
2FA
330
17
100
AcDbEntity
  8
ROADS
100
AcDbPolyline
 90
2
 70
0
 10
628229.0044599491
 20
4834448.527596522
 10
628172.981261367
 20
4834627.230562442
  0
LWPOLYLINE
  5
2FB
330
17
100
AcDbEntity
  8
ROADS
100
AcDbPolyline
 90
2
 70
0
 10
628042.1777012874
 20
4834524.305619847
 10
628025.2896063259
 20
4834580.51598284
  0
LWPOLYLINE
  5
2FC
330
17
100
AcDbEntity
  8
ROADS
100
AcDbPolyline
 90
2
 70
0
 10
628223.5926948034
 20
4834642.021340466
 10
628267.6226433571
 20
4834500.108966823
  0
LWPOLYLINE
  5
2FD
330
17
100
AcDbEntity
  8
ROADS
100
AcDbPolyline
 90
2
 70
0
 10
628789.0273411659
 20
4834490.516678708
 10
628777.1682798364
 20
4834520.573328111
  0
LWPOLYLINE
  5
2FE
330
17
100
AcDbEntity
  8
ROADS
100
AcDbPolyline
 90
3
 70
0
 10
628635.6081177118
 20
4834476.189696034
 10
628638.2563200356
 20
4834534.058389677
 10
628685.7330245333
 20
4834550.071593519
  0
LWPOLYLINE
  5
2FF
330
17
100
AcDbEntity
  8
ROADS
100
AcDbPolyline
 90
2
 70
0
 10
628823.3029482629
 20
4834533.929101763
 10
628777.1682798364
 20
4834520.573328111
  0
LWPOLYLINE
  5
300
330
17
100
AcDbEntity
  8
ROADS
100
AcDbPolyline
 90
2
 70
0
 10
628777.1682798364
 20
4834520.573328111
 10
628782.8258231124
 20
4834536.829670365
  0
LWPOLYLINE
  5
301
330
17
100
AcDbEntity
  8
ROADS
100
AcDbPolyline
 90
2
 70
0
 10
628823.3029482629
 20
4834533.929101763
 10
628811.9998080356
 20
4834587.421863534
  0
LWPOLYLINE
  5
302
330
17
100
AcDbEntity
  8
ROADS
100
AcDbPolyline
 90
2
 70
0
 10
628793.2478169701
 20
4834582.12406519
 10
628685.7330245333
 20
4834550.071593519
  0
LWPOLYLINE
  5
303
330
17
100
AcDbEntity
  8
ROADS
100
AcDbPolyline
 90
2
 70
0
 10
628685.7330245333
 20
4834550.071593519
 10
628673.1371312339
 20
4834588.525469607
  0
LWPOLYLINE
  5
304
330
17
100
AcDbEntity
  8
ROADS
100
AcDbPolyline
 90
2
 70
0
 10
628811.9998080356
 20
4834587.421863534
 10
628793.2478169701
 20
4834582.12406519
  0
LWPOLYLINE
  5
305
330
17
100
AcDbEntity
  8
ROADS
100
AcDbPolyline
 90
2
 70
0
 10
628793.2478169701
 20
4834582.12406519
 10
628811.8129502803
 20
4834600.55286145
  0
LWPOLYLINE
  5
306
330
17
100
AcDbEntity
  8
ROADS
100
AcDbPolyline
 90
2
 70
0
 10
628811.9998080356
 20
4834587.421863534
 10
628811.8129502803
 20
4834600.55286145
  0
LWPOLYLINE
  5
307
330
17
100
AcDbEntity
  8
ROADS
100
AcDbPolyline
 90
2
 70
0
 10
628442.4344532744
 20
4834460.806101866
 10
628428.0943773838
 20
4834504.188750103
  0
LWPOLYLINE
  5
308
330
17
100
AcDbEntity
  8
ROADS
100
AcDbPolyline
 90
2
 70
0
 10
628541.2529023321
 20
4834489.633124953
 10
628494.1624143821
 20
4834475.602047305
  0
LWPOLYLINE
  5
309
330
17
100
AcDbEntity
  8
ROADS
100
AcDbPolyline
 90
2
 70
0
 10
628494.1624143821
 20
4834475.602047305
 10
628479.3384038882
 20
4834519.642997769
  0
LWPOLYLINE
  5
30A
330
17
100
AcDbEntity
  8
ROADS
100
AcDbPolyline
 90
2
 70
0
 10
628479.3384038882
 20
4834519.642997769
 10
628428.0943773838
 20
4834504.188750103
  0
LWPOLYLINE
  5
30B
330
17
100
AcDbEntity
  8
ROADS
100
AcDbPolyline
 90
2
 70
0
 10
628329.7694799615
 20
4834474.947625734
 10
628272.5463300142
 20
4834656.325125784
  0
LWPOLYLINE
  5
30C
330
17
100
AcDbEntity
  8
ROADS
100
AcDbPolyline
 90
3
 70
0
 10
628329.7694799615
 20
4834474.947625734
 10
628377.9696258166
 20
4834488.7237371
 10
628321.7760217646
 20
4834671.622969826
  0
LWPOLYLINE
  5
30D
330
17
100
AcDbEntity
  8
ROADS
100
AcDbPolyline
 90
2
 70
0
 10
628428.0943773838
 20
4834504.188750103
 10
628379.8074711533
 20
4834659.913148388
  0
LWPOLYLINE
  5
30E
330
17
100
AcDbEntity
  8
ROADS
100
AcDbPolyline
 90
2
 70
0
 10
628479.3384038882
 20
4834519.642997769
 10
628427.1828652731
 20
4834674.336423008
  0
LWPOLYLINE
  5
30F
330
17
100
AcDbEntity
  8
ROADS
100
AcDbPolyline
 90
2
 70
0
 10
628541.2529023321
 20
4834489.633124953
 10
628471.6815307223
 20
4834710.034100183
  0
LWPOLYLINE
  5
310
330
17
100
AcDbEntity
  8
ROADS
100
AcDbPolyline
 90
2
 70
0
 10
628321.7760217646
 20
4834671.622969826
 10
628272.5463300142
 20
4834656.325125784
  0
LWPOLYLINE
  5
311
330
17
100
AcDbEntity
  8
ROADS
100
AcDbPolyline
 90
2
 70
0
 10
628077.6464561161
 20
4834596.146350618
 10
628025.2896063259
 20
4834580.51598284
  0
LWPOLYLINE
  5
312
330
17
100
AcDbEntity
  8
ROADS
100
AcDbPolyline
 90
2
 70
0
 10
628025.2896063259
 20
4834580.51598284
 10
628009.3027464133
 20
4834631.460291985
  0
LWPOLYLINE
  5
313
330
17
100
AcDbEntity
  8
ROADS
100
AcDbPolyline
 90
2
 70
0
 10
628181.0834980794
 20
4834434.079499343
 10
628068.7076102658
 20
4834793.776518231
  0
LWPOLYLINE
  5
314
330
17
100
AcDbEntity
  8
ROADS
100
AcDbPolyline
 90
2
 70
0
 10
628077.6464561161
 20
4834596.146350618
 10
628060.933999989
 20
4834646.733528587
  0
LWPOLYLINE
  5
315
330
17
100
AcDbEntity
  8
ROADS
100
AcDbPolyline
 90
2
 70
0
 10
628223.5926948034
 20
4834642.021340466
 10
628172.981261367
 20
4834627.230562442
  0
LWPOLYLINE
  5
316
330
17
100
AcDbEntity
  8
ROADS
100
AcDbPolyline
 90
2
 70
0
 10
628060.933999989
 20
4834646.733528587
 10
628009.3027464133
 20
4834631.460291985
  0
LWPOLYLINE
  5
317
330
17
100
AcDbEntity
  8
ROADS
100
AcDbPolyline
 90
2
 70
0
 10
628272.5463300142
 20
4834656.325125784
 10
628223.5926948034
 20
4834642.021340466
  0
LWPOLYLINE
  5
318
330
17
100
AcDbEntity
  8
ROADS
100
AcDbPolyline
 90
2
 70
0
 10
628060.933999989
 20
4834646.733528587
 10
628048.3447573385
 20
4834683.4923403915
  0
LWPOLYLINE
  5
319
330
17
100
AcDbEntity
  8
ROADS
100
AcDbPolyline
 90
2
 70
0
 10
628048.3447573385
 20
4834683.4923403915
 10
627947.0843028501
 20
4834653.504085167
  0
LWPOLYLINE
  5
31A
330
17
100
AcDbEntity
  8
ROADS
100
AcDbPolyline
 90
2
 70
0
 10
628048.3447573385
 20
4834683.4923403915
 10
628037.6732915798
 20
4834718.831723104
  0
LWPOLYLINE
  5
31B
330
17
100
AcDbEntity
  8
ROADS
100
AcDbPolyline
 90
2
 70
0
 10
628673.1371312339
 20
4834588.525469607
 10
628726.0898401283
 20
4834606.107766996
  0
LWPOLYLINE
  5
31C
330
17
100
AcDbEntity
  8
ROADS
100
AcDbPolyline
 90
2
 70
0
 10
628811.8129502803
 20
4834600.55286145
 10
628821.9623599733
 20
4834617.939473807
  0
LWPOLYLINE
  5
31D
330
17
100
AcDbEntity
  8
ROADS
100
AcDbPolyline
 90
2
 70
0
 10
628793.2478169701
 20
4834582.12406519
 10
628775.2227873423
 20
4834638.822033729
  0
LWPOLYLINE
  5
31E
330
17
100
AcDbEntity
  8
ROADS
100
AcDbPolyline
 90
2
 70
0
 10
628821.9623599733
 20
4834617.939473807
 10
628804.1533775788
 20
4834621.800829133
  0
LWPOLYLINE
  5
31F
330
17
100
AcDbEntity
  8
ROADS
100
AcDbPolyline
 90
2
 70
0
 10
628804.1533775788
 20
4834621.800829133
 10
628847.1439077705
 20
4834637.337932117
  0
LWPOLYLINE
  5
320
330
17
100
AcDbEntity
  8
ROADS
100
AcDbPolyline
 90
2
 70
0
 10
628804.1533775788
 20
4834621.800829133
 10
628775.2227873423
 20
4834638.822033729
  0
LWPOLYLINE
  5
321
330
17
100
AcDbEntity
  8
ROADS
100
AcDbPolyline
 90
2
 70
0
 10
628881.0079329781
 20
4834671.292305851
 10
628775.2227873423
 20
4834638.822033729
  0
LWPOLYLINE
  5
322
330
17
100
AcDbEntity
  8
ROADS
100
AcDbPolyline
 90
2
 70
0
 10
628673.1371312339
 20
4834588.525469607
 10
628620.2191545358
 20
4834756.957101016
  0
LWPOLYLINE
  5
323
330
17
100
AcDbEntity
  8
ROADS
100
AcDbPolyline
 90
2
 70
0
 10
628775.2227873423
 20
4834638.822033729
 10
628727.5063015904
 20
4834789.2635353245
  0
LWPOLYLINE
  5
324
330
17
100
AcDbEntity
  8
ROADS
100
AcDbPolyline
 90
2
 70
0
 10
628607.909674938
 20
4834753.121345326
 10
628568.3508339447
 20
4834738.971359381
  0
LWPOLYLINE
  5
325
330
17
100
AcDbEntity
  8
ROADS
100
AcDbPolyline
 90
2
 70
0
 10
628172.981261367
 20
4834627.230562442
 10
628117.4791413906
 20
4834810.4626817815
  0
LWPOLYLINE
  5
326
330
17
100
AcDbEntity
  8
ROADS
100
AcDbPolyline
 90
2
 70
0
 10
628165.5615520048
 20
4834827.153393888
 10
628223.5926948034
 20
4834642.021340466
  0
LWPOLYLINE
  5
327
330
17
100
AcDbEntity
  8
ROADS
100
AcDbPolyline
 90
2
 70
0
 10
628272.5463300142
 20
4834656.325125784
 10
628214.3841254885
 20
4834841.7358530015
  0
LWPOLYLINE
  5
328
330
17
100
AcDbEntity
  8
ROADS
100
AcDbPolyline
 90
2
 70
0
 10
628037.6732915798
 20
4834718.831723104
 10
628018.2338287963
 20
4834779.975275458
  0
LWPOLYLINE
  5
329
330
17
100
AcDbEntity
  8
ROADS
100
AcDbPolyline
 90
2
 70
0
 10
628068.7076102658
 20
4834793.776518231
 10
628018.2338287963
 20
4834779.975275458
  0
LWPOLYLINE
  5
32A
330
17
100
AcDbEntity
  8
ROADS
100
AcDbPolyline
 90
2
 70
0
 10
628117.4791413906
 20
4834810.4626817815
 10
628068.7076102658
 20
4834793.776518231
  0
LWPOLYLINE
  5
32B
330
17
100
AcDbEntity
  8
ROADS
100
AcDbPolyline
 90
2
 70
0
 10
628018.2338287963
 20
4834779.975275458
 10
628002.9342015608
 20
4834831.516035252
  0
LWPOLYLINE
  5
32C
330
17
100
AcDbEntity
  8
ROADS
100
AcDbPolyline
 90
2
 70
0
 10
628165.5615520048
 20
4834827.153393888
 10
628117.4791413906
 20
4834810.4626817815
  0
LWPOLYLINE
  5
32D
330
17
100
AcDbEntity
  8
ROADS
100
AcDbPolyline
 90
2
 70
0
 10
628214.3841254885
 20
4834841.7358530015
 10
628165.5615520048
 20
4834827.153393888
  0
LWPOLYLINE
  5
32E
330
17
100
AcDbEntity
  8
ROADS
100
AcDbPolyline
 90
2
 70
0
 10
628117.4791413906
 20
4834810.4626817815
 10
628101.4799956351
 20
4834861.365269851
  0
LWPOLYLINE
  5
32F
330
17
100
AcDbEntity
  8
ROADS
100
AcDbPolyline
 90
2
 70
0
 10
628427.1828652731
 20
4834674.336423008
 10
628379.8074711533
 20
4834659.913148388
  0
LWPOLYLINE
  5
330
330
17
100
AcDbEntity
  8
ROADS
100
AcDbPolyline
 90
2
 70
0
 10
628379.8074711533
 20
4834659.913148388
 10
628371.1126190504
 20
4834687.092761838
  0
LWPOLYLINE
  5
331
330
17
100
AcDbEntity
  8
ROADS
100
AcDbPolyline
 90
2
 70
0
 10
628371.1126190504
 20
4834687.092761838
 10
628321.7760217646
 20
4834671.622969826
  0
LWPOLYLINE
  5
332
330
17
100
AcDbEntity
  8
ROADS
100
AcDbPolyline
 90
2
 70
0
 10
628371.1126190504
 20
4834687.092761838
 10
628364.5129474029
 20
4834708.626876603
  0
LWPOLYLINE
  5
333
330
17
100
AcDbEntity
  8
ROADS
100
AcDbPolyline
 90
2
 70
0
 10
628364.5129474029
 20
4834708.626876603
 10
628389.1930398841
 20
4834715.626440799
  0
LWPOLYLINE
  5
334
330
17
100
AcDbEntity
  8
ROADS
100
AcDbPolyline
 90
2
 70
0
 10
628519.9476800875
 20
4834724.253473137
 10
628471.6815307223
 20
4834710.034100183
  0
LWPOLYLINE
  5
335
330
17
100
AcDbEntity
  8
ROADS
100
AcDbPolyline
 90
2
 70
0
 10
628568.3508339447
 20
4834738.971359381
 10
628519.9476800875
 20
4834724.253473137
  0
LWPOLYLINE
  5
336
330
17
100
AcDbEntity
  8
ROADS
100
AcDbPolyline
 90
2
 70
0
 10
628321.7760217646
 20
4834671.622969826
 10
628263.7502472723
 20
4834856.871177377
  0
LWPOLYLINE
  5
337
330
17
100
AcDbEntity
  8
ROADS
100
AcDbPolyline
 90
2
 70
0
 10
628427.1828652731
 20
4834674.336423008
 10
628361.2315783354
 20
4834885.944149293
  0
LWPOLYLINE
  5
338
330
17
100
AcDbEntity
  8
ROADS
100
AcDbPolyline
 90
2
 70
0
 10
628568.3508339447
 20
4834738.971359381
 10
628537.9215152173
 20
4834838.126860692
  0
LWPOLYLINE
  5
339
330
17
100
AcDbEntity
  8
ROADS
100
AcDbPolyline
 90
2
 70
0
 10
628364.5129474029
 20
4834708.626876603
 10
628313.0255505652
 20
4834871.885856593
  0
LWPOLYLINE
  5
33A
330
17
100
AcDbEntity
  8
ROADS
100
AcDbPolyline
 90
2
 70
0
 10
628471.6815307223
 20
4834710.034100183
 10
628411.4898953594
 20
4834901.266626135
  0
LWPOLYLINE
  5
33B
330
17
100
AcDbEntity
  8
ROADS
100
AcDbPolyline
 90
2
 70
0
 10
628519.9476800875
 20
4834724.253473137
 10
628460.4781104173
 20
4834916.70115623
  0
LWPOLYLINE
  5
33C
330
17
100
AcDbEntity
  8
ROADS
100
AcDbPolyline
 90
2
 70
0
 10
628313.0255505652
 20
4834871.885856593
 10
628263.7502472723
 20
4834856.871177377
  0
LWPOLYLINE
  5
33D
330
17
100
AcDbEntity
  8
ROADS
100
AcDbPolyline
 90
2
 70
0
 10
628361.2315783354
 20
4834885.944149293
 10
628313.0255505652
 20
4834871.885856593
  0
LWPOLYLINE
  5
33E
330
17
100
AcDbEntity
  8
ROADS
100
AcDbPolyline
 90
2
 70
0
 10
628537.9215152173
 20
4834838.126860692
 10
628509.5789643164
 20
4834929.943582589
  0
LWPOLYLINE
  5
33F
330
17
100
AcDbEntity
  8
ROADS
100
AcDbPolyline
 90
2
 70
0
 10
628313.0255505652
 20
4834871.885856593
 10
628297.6870582826
 20
4834920.706778144
  0
LWPOLYLINE
  5
340
330
17
100
AcDbEntity
  8
ROADS
100
AcDbPolyline
 90
2
 70
0
 10
628460.4781104173
 20
4834916.70115623
 10
628411.4898953594
 20
4834901.266626135
  0
LWPOLYLINE
  5
341
330
17
100
AcDbEntity
  8
ROADS
100
AcDbPolyline
 90
2
 70
0
 10
628361.2315783354
 20
4834885.944149293
 10
628345.6122915554
 20
4834935.195029638
  0
LWPOLYLINE
  5
342
330
17
100
AcDbEntity
  8
ROADS
100
AcDbPolyline
 90
2
 70
0
 10
628509.5789643164
 20
4834929.943582589
 10
628460.4781104173
 20
4834916.70115623
  0
LWPOLYLINE
  5
343
330
17
100
AcDbEntity
  8
ROADS
100
AcDbPolyline
 90
2
 70
0
 10
628620.2191545358
 20
4834756.957101016
 10
628607.909674938
 20
4834753.121345326
  0
LWPOLYLINE
  5
344
330
17
100
AcDbEntity
  8
ROADS
100
AcDbPolyline
 90
2
 70
0
 10
628727.5063015904
 20
4834789.2635353245
 10
628620.2191545358
 20
4834756.957101016
  0
LWPOLYLINE
  5
345
330
17
100
AcDbEntity
  8
ROADS
100
AcDbPolyline
 90
2
 70
0
 10
628607.909674938
 20
4834753.121345326
 10
628578.1260598777
 20
4834849.750362163
  0
LWPOLYLINE
  5
346
330
17
100
AcDbEntity
  8
ROADS
100
AcDbPolyline
 90
2
 70
0
 10
628833.9575038428
 20
4834820.403801473
 10
628727.5063015904
 20
4834789.2635353245
  0
LWPOLYLINE
  5
347
330
17
100
AcDbEntity
  8
ROADS
100
AcDbPolyline
 90
2
 70
0
 10
628727.5063015904
 20
4834789.2635353245
 10
628696.9256397324
 20
4834884.342073377
  0
LWPOLYLINE
  5
348
330
17
100
AcDbEntity
  8
ROADS
100
AcDbPolyline
 90
2
 70
0
 10
628578.1260598777
 20
4834849.750362163
 10
628537.9215152173
 20
4834838.126860692
  0
LWPOLYLINE
  5
349
330
17
100
AcDbEntity
  8
ROADS
100
AcDbPolyline
 90
2
 70
0
 10
628696.9256397324
 20
4834884.342073377
 10
628578.1260598777
 20
4834849.750362163
  0
LWPOLYLINE
  5
34A
330
17
100
AcDbEntity
  8
ROADS
100
AcDbPolyline
 90
2
 70
0
 10
628833.9575038428
 20
4834820.403801473
 10
628804.152967425
 20
4834916.196444082
  0
LWPOLYLINE
  5
34B
330
17
100
AcDbEntity
  8
ROADS
100
AcDbPolyline
 90
2
 70
0
 10
628578.1260598777
 20
4834849.750362163
 10
628564.5942296362
 20
4834897.87693502
  0
LWPOLYLINE
  5
34C
330
17
100
AcDbEntity
  8
ROADS
100
AcDbPolyline
 90
2
 70
0
 10
628755.2754531715
 20
4834901.439945261
 10
628696.9256397324
 20
4834884.342073377
  0
LWPOLYLINE
  5
34D
330
17
100
AcDbEntity
  8
ROADS
100
AcDbPolyline
 90
2
 70
0
 10
628804.152967425
 20
4834916.196444082
 10
628755.2754531715
 20
4834901.439945261
  0
LWPOLYLINE
  5
34E
330
17
100
AcDbEntity
  8
ROADS
100
AcDbPolyline
 90
2
 70
0
 10
628838.6774948
 20
4834926.363193335
 10
628804.152967425
 20
4834916.196444082
  0
LWPOLYLINE
  5
34F
330
17
100
AcDbEntity
  8
ROADS
100
AcDbPolyline
 90
2
 70
0
 10
628696.9256397324
 20
4834884.342073377
 10
628653.3104133911
 20
4835024.986994469
  0
LWPOLYLINE
  5
350
330
17
100
AcDbEntity
  8
ROADS
100
AcDbPolyline
 90
2
 70
0
 10
628755.2754531715
 20
4834901.439945261
 10
628711.43010085
 20
4835042.532758653
  0
LWPOLYLINE
  5
351
330
17
100
AcDbEntity
  8
ROADS
100
AcDbPolyline
 90
2
 70
0
 10
628804.152967425
 20
4834916.196444082
 10
628760.2078174396
 20
4835055.783372097
  0
LWPOLYLINE
  5
352
330
17
100
AcDbEntity
  8
ROADS
100
AcDbPolyline
 90
2
 70
0
 10
628599.4824524359
 20
4835009.961981802
 10
628547.0998176878
 20
4834994.482070133
  0
LWPOLYLINE
  5
353
330
17
100
AcDbEntity
  8
ROADS
100
AcDbPolyline
 90
2
 70
0
 10
628653.3104133911
 20
4835024.986994469
 10
628599.4824524359
 20
4835009.961981802
  0
LWPOLYLINE
  5
354
330
17
100
AcDbEntity
  8
ROADS
100
AcDbPolyline
 90
2
 70
0
 10
628690.6699470787
 20
4835036.601093657
 10
628653.3104133911
 20
4835024.986994469
  0
LWPOLYLINE
  5
355
330
17
100
AcDbEntity
  8
ROADS
100
AcDbPolyline
 90
2
 70
0
 10
628599.4824524359
 20
4835009.961981802
 10
628581.5026825856
 20
4835059.72725628
  0
LWPOLYLINE
  5
356
330
17
100
AcDbEntity
  8
ROADS
100
AcDbPolyline
 90
2
 70
0
 10
628711.43010085
 20
4835042.532758653
 10
628690.6699470787
 20
4835036.601093657
  0
LWPOLYLINE
  5
357
330
17
100
AcDbEntity
  8
ROADS
100
AcDbPolyline
 90
2
 70
0
 10
627270.2948464903
 20
4834429.978950775
 10
627115.765071742
 20
4834409.022567469
  0
LWPOLYLINE
  5
358
330
17
100
AcDbEntity
  8
ROADS
100
AcDbPolyline
 90
2
 70
0
 10
627221.8874609864
 20
4834597.911398145
 10
627112.2364188514
 20
4834563.986328375
  0
LWPOLYLINE
  5
359
330
17
100
AcDbEntity
  8
ROADS
100
AcDbPolyline
 90
2
 70
0
 10
627206.6753094445
 20
4834649.263612458
 10
627129.725083772
 20
4834623.666856388
  0
LWPOLYLINE
  5
35A
330
17
100
AcDbEntity
  8
ROADS
100
AcDbPolyline
 90
2
 70
0
 10
627221.8874609864
 20
4834597.911398145
 10
627206.6753094445
 20
4834649.263612458
  0
LWPOLYLINE
  5
35B
330
17
100
AcDbEntity
  8
ROADS
100
AcDbPolyline
 90
2
 70
0
 10
627206.6753094445
 20
4834649.263612458
 10
627192.8355647738
 20
4834696.44837156
  0
LWPOLYLINE
  5
35C
330
17
100
AcDbEntity
  8
ROADS
100
AcDbPolyline
 90
2
 70
0
 10
627192.8355647738
 20
4834696.44837156
 10
627152.5277784641
 20
4834684.072075497
  0
LWPOLYLINE
  5
35D
330
17
100
AcDbEntity
  8
ROADS
100
AcDbPolyline
 90
2
 70
0
 10
627192.8355647738
 20
4834696.44837156
 10
627179.0945913678
 20
4834741.06941711
  0
LWPOLYLINE
  5
35E
330
17
100
AcDbEntity
  8
ROADS
100
AcDbPolyline
 90
2
 70
0
 10
627227.3758574994
 20
4834754.584309215
 10
627180.5985833592
 20
4834743.649030177
  0
LWPOLYLINE
  5
35F
330
17
100
AcDbEntity
  8
ROADS
100
AcDbPolyline
 90
2
 70
0
 10
627227.3758574994
 20
4834754.584309215
 10
627213.9749461889
 20
4834800.895413259
  0
LWPOLYLINE
  5
360
330
17
100
AcDbEntity
  8
ROADS
100
AcDbPolyline
 90
2
 70
0
 10
627436.637477062
 20
4834590.019570159
 10
627420.597866224
 20
4834642.942959394
  0
LWPOLYLINE
  5
361
330
17
100
AcDbEntity
  8
ROADS
100
AcDbPolyline
 90
2
 70
0
 10
627380.0408245251
 20
4834577.0247606365
 10
627412.0908845024
 20
4834671.016946989
  0
LWPOLYLINE
  5
362
330
17
100
AcDbEntity
  8
ROADS
100
AcDbPolyline
 90
2
 70
0
 10
627485.9603249044
 20
4834605.579068672
 10
627470.0467814856
 20
4834657.779698438
  0
LWPOLYLINE
  5
363
330
17
100
AcDbEntity
  8
ROADS
100
AcDbPolyline
 90
2
 70
0
 10
627321.2811432744
 20
4834617.357176826
 10
627301.745343777
 20
4834682.78212854
  0
LWPOLYLINE
  5
364
330
17
100
AcDbEntity
  8
ROADS
100
AcDbPolyline
 90
2
 70
0
 10
627470.0467814856
 20
4834657.779698438
 10
627420.597866224
 20
4834642.942959394
  0
LWPOLYLINE
  5
365
330
17
100
AcDbEntity
  8
ROADS
100
AcDbPolyline
 90
2
 70
0
 10
627420.597866224
 20
4834642.942959394
 10
627412.0908845024
 20
4834671.016946989
  0
LWPOLYLINE
  5
366
330
17
100
AcDbEntity
  8
ROADS
100
AcDbPolyline
 90
2
 70
0
 10
627254.5429067354
 20
4834668.260018516
 10
627206.6753094445
 20
4834649.263612458
  0
LWPOLYLINE
  5
367
330
17
100
AcDbEntity
  8
ROADS
100
AcDbPolyline
 90
2
 70
0
 10
627301.745343777
 20
4834682.78212854
 10
627254.5429067354
 20
4834668.260018516
  0
LWPOLYLINE
  5
368
330
17
100
AcDbEntity
  8
ROADS
100
AcDbPolyline
 90
2
 70
0
 10
627412.0908845024
 20
4834671.016946989
 10
627400.4209852038
 20
4834709.531413892
  0
LWPOLYLINE
  5
369
330
17
100
AcDbEntity
  8
ROADS
100
AcDbPolyline
 90
2
 70
0
 10
627301.745343777
 20
4834682.78212854
 10
627288.2502732127
 20
4834727.994007364
  0
LWPOLYLINE
  5
36A
330
17
100
AcDbEntity
  8
ROADS
100
AcDbPolyline
 90
2
 70
0
 10
627580.8409728743
 20
4834625.181298798
 10
627536.2779679073
 20
4834616.119237312
  0
LWPOLYLINE
  5
36B
330
17
100
AcDbEntity
  8
ROADS
100
AcDbPolyline
 90
2
 70
0
 10
627625.5063612204
 20
4834638.261466887
 10
627580.8409728743
 20
4834625.181298798
  0
LWPOLYLINE
  5
36C
330
17
100
AcDbEntity
  8
ROADS
100
AcDbPolyline
 90
2
 70
0
 10
627536.2779679073
 20
4834616.119237312
 10
627518.1061561394
 20
4834672.199298905
  0
LWPOLYLINE
  5
36D
330
17
100
AcDbEntity
  8
ROADS
100
AcDbPolyline
 90
2
 70
0
 10
627580.8409728743
 20
4834625.181298798
 10
627565.0256765367
 20
4834677.976755814
  0
LWPOLYLINE
  5
36E
330
17
100
AcDbEntity
  8
ROADS
100
AcDbPolyline
 90
2
 70
0
 10
627518.1061561394
 20
4834672.199298905
 10
627470.0467814856
 20
4834657.779698438
  0
LWPOLYLINE
  5
36F
330
17
100
AcDbEntity
  8
ROADS
100
AcDbPolyline
 90
2
 70
0
 10
627625.5063612204
 20
4834638.261466887
 10
627600.8717011921
 20
4834720.367364195
  0
LWPOLYLINE
  5
370
330
17
100
AcDbEntity
  8
ROADS
100
AcDbPolyline
 90
2
 70
0
 10
627518.1061561394
 20
4834672.199298905
 10
627508.280312366
 20
4834708.50397164
  0
LWPOLYLINE
  5
371
330
17
100
AcDbEntity
  8
ROADS
100
AcDbPolyline
 90
2
 70
0
 10
627600.8717011921
 20
4834720.367364195
 10
627508.280312366
 20
4834708.50397164
  0
LWPOLYLINE
  5
372
330
17
100
AcDbEntity
  8
ROADS
100
AcDbPolyline
 90
2
 70
0
 10
627508.280312366
 20
4834708.50397164
 10
627498.3183219207
 20
4834739.117824186
  0
LWPOLYLINE
  5
373
330
17
100
AcDbEntity
  8
ROADS
100
AcDbPolyline
 90
3
 70
0
 10
627736.8375542262
 20
4834715.595728889
 10
627730.2966543416
 20
4834737.253872473
 10
627688.8369912377
 20
4834725.250701038
  0
LWPOLYLINE
  5
374
330
17
100
AcDbEntity
  8
ROADS
100
AcDbPolyline
 90
2
 70
0
 10
627936.0053048588
 20
4834687.710019118
 10
627802.163458021
 20
4834647.8382201735
  0
LWPOLYLINE
  5
375
330
17
100
AcDbEntity
  8
ROADS
100
AcDbPolyline
 90
2
 70
0
 10
627947.0843028501
 20
4834653.504085167
 10
627936.0053048588
 20
4834687.710019118
  0
LWPOLYLINE
  5
376
330
17
100
AcDbEntity
  8
ROADS
100
AcDbPolyline
 90
2
 70
0
 10
627802.163458021
 20
4834647.8382201735
 10
627778.4371242484
 20
4834724.75574882
  0
LWPOLYLINE
  5
377
330
17
100
AcDbEntity
  8
ROADS
100
AcDbPolyline
 90
2
 70
0
 10
627936.0053048588
 20
4834687.710019118
 10
627927.0749032212
 20
4834717.6305136075
  0
LWPOLYLINE
  5
378
330
17
100
AcDbEntity
  8
ROADS
100
AcDbPolyline
 90
2
 70
0
 10
628037.6732915798
 20
4834718.831723104
 10
627936.0053048588
 20
4834687.710019118
  0
LWPOLYLINE
  5
379
330
17
100
AcDbEntity
  8
ROADS
100
AcDbPolyline
 90
2
 70
0
 10
627927.0749032212
 20
4834717.6305136075
 10
627834.4987676146
 20
4834689.870373893
  0
LWPOLYLINE
  5
37A
330
17
100
AcDbEntity
  8
ROADS
100
AcDbPolyline
 90
2
 70
0
 10
627837.377431832
 20
4834721.267409528
 10
627826.2681702405
 20
4834717.591368452
  0
LWPOLYLINE
  5
37B
330
17
100
AcDbEntity
  8
ROADS
100
AcDbPolyline
 90
2
 70
0
 10
627778.4371242484
 20
4834724.75574882
 10
627736.8375542262
 20
4834715.595728889
  0
LWPOLYLINE
  5
37C
330
17
100
AcDbEntity
  8
ROADS
100
AcDbPolyline
 90
2
 70
0
 10
627870.1854400447
 20
4834730.84304612
 10
627837.377431832
 20
4834721.267409528
  0
LWPOLYLINE
  5
37D
330
17
100
AcDbEntity
  8
ROADS
100
AcDbPolyline
 90
2
 70
0
 10
627837.377431832
 20
4834721.267409528
 10
627830.6530051999
 20
4834743.009247486
  0
LWPOLYLINE
  5
37E
330
17
100
AcDbEntity
  8
ROADS
100
AcDbPolyline
 90
2
 70
0
 10
627927.0749032212
 20
4834717.6305136075
 10
627917.4542244188
 20
4834748.476588559
  0
LWPOLYLINE
  5
37F
330
17
100
AcDbEntity
  8
ROADS
100
AcDbPolyline
 90
2
 70
0
 10
627778.4371242484
 20
4834724.75574882
 10
627830.6530051999
 20
4834743.009247486
  0
LWPOLYLINE
  5
380
330
17
100
AcDbEntity
  8
ROADS
100
AcDbPolyline
 90
2
 70
0
 10
627917.4542244188
 20
4834748.476588559
 10
627870.1854400447
 20
4834730.84304612
  0
LWPOLYLINE
  5
381
330
17
100
AcDbEntity
  8
ROADS
100
AcDbPolyline
 90
2
 70
0
 10
627870.1854400447
 20
4834730.84304612
 10
627863.090789856
 20
4834752.651198213
  0
LWPOLYLINE
  5
382
330
17
100
AcDbEntity
  8
ROADS
100
AcDbPolyline
 90
2
 70
0
 10
627778.4371242484
 20
4834724.75574882
 10
627761.77823827
 20
4834769.861995435
  0
LWPOLYLINE
  5
383
330
17
100
AcDbEntity
  8
ROADS
100
AcDbPolyline
 90
2
 70
0
 10
627863.090789856
 20
4834752.651198213
 10
627830.6530051999
 20
4834743.009247486
  0
LWPOLYLINE
  5
384
330
17
100
AcDbEntity
  8
ROADS
100
AcDbPolyline
 90
2
 70
0
 10
627969.2980239723
 20
4834767.508922458
 10
627980.7255698156
 20
4834731.172151024
  0
LWPOLYLINE
  5
385
330
17
100
AcDbEntity
  8
ROADS
100
AcDbPolyline
 90
2
 70
0
 10
627876.692321802
 20
4834757.040335976
 10
627863.090789856
 20
4834752.651198213
  0
LWPOLYLINE
  5
386
330
17
100
AcDbEntity
  8
ROADS
100
AcDbPolyline
 90
2
 70
0
 10
627969.2980239723
 20
4834767.508922458
 10
627917.4542244188
 20
4834748.476588559
  0
LWPOLYLINE
  5
387
330
17
100
AcDbEntity
  8
ROADS
100
AcDbPolyline
 90
2
 70
0
 10
628018.2338287963
 20
4834779.975275458
 10
627969.2980239723
 20
4834767.508922458
  0
LWPOLYLINE
  5
388
330
17
100
AcDbEntity
  8
ROADS
100
AcDbPolyline
 90
2
 70
0
 10
627600.8717011921
 20
4834720.367364195
 10
627596.2067761971
 20
4834737.331112422
  0
LWPOLYLINE
  5
389
330
17
100
AcDbEntity
  8
ROADS
100
AcDbPolyline
 90
2
 70
0
 10
627688.8369912377
 20
4834725.250701038
 10
627682.4506894058
 20
4834746.931637239
  0
LWPOLYLINE
  5
38A
330
17
100
AcDbEntity
  8
ROADS
100
AcDbPolyline
 90
2
 70
0
 10
627682.4506894058
 20
4834746.931637239
 10
627641.803059315
 20
4834734.985147833
  0
LWPOLYLINE
  5
38B
330
17
100
AcDbEntity
  8
ROADS
100
AcDbPolyline
 90
3
 70
0
 10
627641.803059315
 20
4834734.985147833
 10
627637.3327084692
 20
4834749.262245271
 10
627596.2067761971
 20
4834737.331112422
  0
LWPOLYLINE
  5
38C
330
17
100
AcDbEntity
  8
ROADS
100
AcDbPolyline
 90
2
 70
0
 10
627596.2067761971
 20
4834737.331112422
 10
627591.6240701064
 20
4834751.572174706
  0
LWPOLYLINE
  5
38D
330
17
100
AcDbEntity
  8
ROADS
100
AcDbPolyline
 90
2
 70
0
 10
627591.6240701064
 20
4834751.572174706
 10
627498.3183219207
 20
4834739.117824186
  0
LWPOLYLINE
  5
38E
330
17
100
AcDbEntity
  8
ROADS
100
AcDbPolyline
 90
2
 70
0
 10
627498.3183219207
 20
4834739.117824186
 10
627487.0659116821
 20
4834787.619471771
  0
LWPOLYLINE
  5
38F
330
17
100
AcDbEntity
  8
ROADS
100
AcDbPolyline
 90
2
 70
0
 10
627682.4506894058
 20
4834746.931637239
 10
627670.7797322276
 20
4834786.278166335
  0
LWPOLYLINE
  5
390
330
17
100
AcDbEntity
  8
ROADS
100
AcDbPolyline
 90
2
 70
0
 10
627591.6240701064
 20
4834751.572174706
 10
627577.7788131912
 20
4834797.7878234545
  0
LWPOLYLINE
  5
391
330
17
100
AcDbEntity
  8
ROADS
100
AcDbPolyline
 90
2
 70
0
 10
627761.77823827
 20
4834769.861995435
 10
627670.7797322276
 20
4834786.278166335
  0
LWPOLYLINE
  5
392
330
17
100
AcDbEntity
  8
ROADS
100
AcDbPolyline
 90
2
 70
0
 10
627288.2502732127
 20
4834727.994007364
 10
627192.8355647738
 20
4834696.44837156
  0
LWPOLYLINE
  5
393
330
17
100
AcDbEntity
  8
ROADS
100
AcDbPolyline
 90
2
 70
0
 10
627400.4209852038
 20
4834709.531413892
 10
627421.5864987767
 20
4834715.772383622
  0
LWPOLYLINE
  5
394
330
17
100
AcDbEntity
  8
ROADS
100
AcDbPolyline
 90
2
 70
0
 10
627400.4209852038
 20
4834709.531413892
 10
627385.69646335
 20
4834758.13829376
  0
LWPOLYLINE
  5
395
330
17
100
AcDbEntity
  8
ROADS
100
AcDbPolyline
 90
2
 70
0
 10
627385.69646335
 20
4834758.13829376
 10
627288.2502732127
 20
4834727.994007364
  0
LWPOLYLINE
  5
396
330
17
100
AcDbEntity
  8
ROADS
100
AcDbPolyline
 90
2
 70
0
 10
627288.2502732127
 20
4834727.994007364
 10
627277.1677383095
 20
4834764.99648128
  0
LWPOLYLINE
  5
397
330
17
100
AcDbEntity
  8
ROADS
100
AcDbPolyline
 90
2
 70
0
 10
627277.1677383095
 20
4834764.99648128
 10
627227.3758574994
 20
4834754.584309215
  0
LWPOLYLINE
  5
398
330
17
100
AcDbEntity
  8
ROADS
100
AcDbPolyline
 90
2
 70
0
 10
627487.0659116821
 20
4834787.619471771
 10
627385.69646335
 20
4834758.13829376
  0
LWPOLYLINE
  5
399
330
17
100
AcDbEntity
  8
ROADS
100
AcDbPolyline
 90
2
 70
0
 10
627385.69646335
 20
4834758.13829376
 10
627372.0688890022
 20
4834802.3257220425
  0
LWPOLYLINE
  5
39A
330
17
100
AcDbEntity
  8
ROADS
100
AcDbPolyline
 90
2
 70
0
 10
627487.0659116821
 20
4834787.619471771
 10
627473.4504842444
 20
4834831.494112269
  0
LWPOLYLINE
  5
39B
330
17
100
AcDbEntity
  8
ROADS
100
AcDbPolyline
 90
2
 70
0
 10
627473.4504842444
 20
4834831.494112269
 10
627372.0688890022
 20
4834802.3257220425
  0
LWPOLYLINE
  5
39C
330
17
100
AcDbEntity
  8
ROADS
100
AcDbPolyline
 90
2
 70
0
 10
627761.77823827
 20
4834769.861995435
 10
627744.6909385913
 20
4834807.382511977
  0
LWPOLYLINE
  5
39D
330
17
100
AcDbEntity
  8
ROADS
100
AcDbPolyline
 90
2
 70
0
 10
627670.7797322276
 20
4834786.278166335
 10
627638.6110064466
 20
4834791.738035216
  0
LWPOLYLINE
  5
39E
330
17
100
AcDbEntity
  8
ROADS
100
AcDbPolyline
 90
2
 70
0
 10
627542.5092767436
 20
4834796.588220821
 10
627487.0659116821
 20
4834787.619471771
  0
LWPOLYLINE
  5
39F
330
17
100
AcDbEntity
  8
ROADS
100
AcDbPolyline
 90
2
 70
0
 10
627638.6110064466
 20
4834791.738035216
 10
627577.7788131912
 20
4834797.7878234545
  0
LWPOLYLINE
  5
3A0
330
17
100
AcDbEntity
  8
ROADS
100
AcDbPolyline
 90
2
 70
0
 10
627577.7788131912
 20
4834797.7878234545
 10
627542.5092767436
 20
4834796.588220821
  0
LWPOLYLINE
  5
3A1
330
17
100
AcDbEntity
  8
ROADS
100
AcDbPolyline
 90
2
 70
0
 10
627638.6110064466
 20
4834791.738035216
 10
627630.9985073301
 20
4834837.103298366
  0
LWPOLYLINE
  5
3A2
330
17
100
AcDbEntity
  8
ROADS
100
AcDbPolyline
 90
2
 70
0
 10
627744.6909385913
 20
4834807.382511977
 10
627738.1883956008
 20
4834829.131353478
  0
LWPOLYLINE
  5
3A3
330
17
100
AcDbEntity
  8
ROADS
100
AcDbPolyline
 90
2
 70
0
 10
627542.5092767436
 20
4834796.588220821
 10
627529.0851367258
 20
4834843.379509317
  0
LWPOLYLINE
  5
3A4
330
17
100
AcDbEntity
  8
ROADS
100
AcDbPolyline
 90
3
 70
0
 10
627738.1883956008
 20
4834829.131353478
 10
627689.4346578104
 20
4834821.698612832
 10
627679.1887863445
 20
4834851.142273264
  0
LWPOLYLINE
  5
3A5
330
17
100
AcDbEntity
  8
ROADS
100
AcDbPolyline
 90
2
 70
0
 10
627529.0851367258
 20
4834843.379509317
 10
627473.4504842444
 20
4834831.494112269
  0
LWPOLYLINE
  5
3A6
330
17
100
AcDbEntity
  8
ROADS
100
AcDbPolyline
 90
4
 70
0
 10
627347.6161282463
 20
4834881.615158265
 10
627302.1010234286
 20
4834866.637990339
 10
627329.238318533
 20
4834775.48885066
 10
627277.1677383095
 20
4834764.99648128
  0
LWPOLYLINE
  5
3A7
330
17
100
AcDbEntity
  8
ROADS
100
AcDbPolyline
 90
2
 70
0
 10
627372.0688890022
 20
4834802.3257220425
 10
627347.6161282463
 20
4834881.615158265
  0
LWPOLYLINE
  5
3A8
330
17
100
AcDbEntity
  8
ROADS
100
AcDbPolyline
 90
2
 70
0
 10
627277.1677383095
 20
4834764.99648128
 10
627250.8571103244
 20
4834852.851102867
  0
LWPOLYLINE
  5
3A9
330
17
100
AcDbEntity
  8
ROADS
100
AcDbPolyline
 90
3
 70
0
 10
627473.4504842444
 20
4834831.494112269
 10
627424.8682971066
 20
4834896.03497957
 10
627426.3783915178
 20
4834976.195291187
  0
LWPOLYLINE
  5
3AA
330
17
100
AcDbEntity
  8
ROADS
100
AcDbPolyline
 90
2
 70
0
 10
627347.6161282463
 20
4834881.615158265
 10
627330.2814292627
 20
4834942.347128674
  0
LWPOLYLINE
  5
3AB
330
17
100
AcDbEntity
  8
ROADS
100
AcDbPolyline
 90
2
 70
0
 10
627426.3783915178
 20
4834976.195291187
 10
627339.2294532736
 20
4834950.725826967
  0
LWPOLYLINE
  5
3AC
330
17
100
AcDbEntity
  8
ROADS
100
AcDbPolyline
 90
2
 70
0
 10
627426.3783915178
 20
4834976.195291187
 10
627433.3491087933
 20
4834991.448251233
  0
LWPOLYLINE
  5
3AD
330
17
100
AcDbEntity
  8
ROADS
100
AcDbPolyline
 90
2
 70
0
 10
627433.3491087933
 20
4834991.448251233
 10
627454.9698291952
 20
4835039.446083985
  0
LWPOLYLINE
  5
3AE
330
17
100
AcDbEntity
  8
ROADS
100
AcDbPolyline
 90
2
 70
0
 10
627454.9698291952
 20
4835039.446083985
 10
627456.1766250705
 20
4835042.050280359
  0
LWPOLYLINE
  5
3AF
330
17
100
AcDbEntity
  8
ROADS
100
AcDbPolyline
 90
2
 70
0
 10
627917.4542244188
 20
4834748.476588559
 10
627902.3556556065
 20
4834801.426058598
  0
LWPOLYLINE
  5
3B0
330
17
100
AcDbEntity
  8
ROADS
100
AcDbPolyline
 90
2
 70
0
 10
627902.3556556065
 20
4834801.426058598
 10
627761.77823827
 20
4834769.861995435
  0
LWPOLYLINE
  5
3B1
330
17
100
AcDbEntity
  8
ROADS
100
AcDbPolyline
 90
2
 70
0
 10
628002.9342015608
 20
4834831.516035252
 10
627902.3556556065
 20
4834801.426058598
  0
LWPOLYLINE
  5
3B2
330
17
100
AcDbEntity
  8
ROADS
100
AcDbPolyline
 90
2
 70
0
 10
628002.9342015608
 20
4834831.516035252
 10
627966.9426163672
 20
4834945.49376723
  0
LWPOLYLINE
  5
3B3
330
17
100
AcDbEntity
  8
ROADS
100
AcDbPolyline
 90
2
 70
0
 10
627918.1576028161
 20
4834929.886916456
 10
627935.3734625652
 20
4834873.140478399
  0
LWPOLYLINE
  5
3B4
330
17
100
AcDbEntity
  8
ROADS
100
AcDbPolyline
 90
2
 70
0
 10
627966.9426163672
 20
4834945.49376723
 10
627918.1576028161
 20
4834929.886916456
  0
LWPOLYLINE
  5
3B5
330
17
100
AcDbEntity
  8
ROADS
100
AcDbPolyline
 90
3
 70
0
 10
627938.4870799456
 20
4835031.390901954
 10
627891.2994809082
 20
4835016.762978154
 10
627918.1576028161
 20
4834929.886916456
  0
LWPOLYLINE
  5
3B6
330
17
100
AcDbEntity
  8
ROADS
100
AcDbPolyline
 90
2
 70
0
 10
627902.3556556065
 20
4834801.426058598
 10
627793.0836666812
 20
4835160.6247385405
  0
LWPOLYLINE
  5
3B7
330
17
100
AcDbEntity
  8
ROADS
100
AcDbPolyline
 90
2
 70
0
 10
627966.9426163672
 20
4834945.49376723
 10
627938.4870799456
 20
4835031.390901954
  0
LWPOLYLINE
  5
3B8
330
17
100
AcDbEntity
  8
ROADS
100
AcDbPolyline
 90
2
 70
0
 10
627938.4870799456
 20
4835031.390901954
 10
627890.1425108226
 20
4835187.861005832
  0
LWPOLYLINE
  5
3B9
330
17
100
AcDbEntity
  8
ROADS
100
AcDbPolyline
 90
2
 70
0
 10
627679.1887863445
 20
4834851.142273264
 10
627630.9985073301
 20
4834837.103298366
  0
LWPOLYLINE
  5
3BA
330
17
100
AcDbEntity
  8
ROADS
100
AcDbPolyline
 90
2
 70
0
 10
627630.9985073301
 20
4834837.103298366
 10
627624.5715830787
 20
4834857.656423304
  0
LWPOLYLINE
  5
3BB
330
17
100
AcDbEntity
  8
ROADS
100
AcDbPolyline
 90
2
 70
0
 10
627573.1257564833
 20
4834854.452284878
 10
627529.0851367258
 20
4834843.379509317
  0
LWPOLYLINE
  5
3BC
330
17
100
AcDbEntity
  8
ROADS
100
AcDbPolyline
 90
3
 70
0
 10
627624.5715830787
 20
4834857.656423304
 10
627575.5958711096
 20
4834844.358298809
 10
627573.1257564833
 20
4834854.452284878
  0
LWPOLYLINE
  5
3BD
330
17
100
AcDbEntity
  8
ROADS
100
AcDbPolyline
 90
3
 70
0
 10
627529.0851367258
 20
4834843.379509317
 10
627473.4595828557
 20
4835028.957657873
 10
627454.9698291952
 20
4835039.446083985
  0
LWPOLYLINE
  5
3BE
330
17
100
AcDbEntity
  8
ROADS
100
AcDbPolyline
 90
2
 70
0
 10
627573.1257564833
 20
4834854.452284878
 10
627507.650797023
 20
4835072.799895743
  0
LWPOLYLINE
  5
3BF
330
17
100
AcDbEntity
  8
ROADS
100
AcDbPolyline
 90
2
 70
0
 10
627624.5715830787
 20
4834857.656423304
 10
627551.5146362323
 20
4835094.650052872
  0
LWPOLYLINE
  5
3C0
330
17
100
AcDbEntity
  8
ROADS
100
AcDbPolyline
 90
3
 70
0
 10
627744.6909385913
 20
4834807.382511977
 10
627793.7200639078
 20
4834822.429714157
 10
627701.5206187094
 20
4835149.982801934
  0
LWPOLYLINE
  5
3C1
330
17
100
AcDbEntity
  8
ROADS
100
AcDbPolyline
 90
2
 70
0
 10
627679.1887863445
 20
4834851.142273264
 10
627598.8665166113
 20
4835114.389177008
  0
LWPOLYLINE
  5
3C2
330
17
100
AcDbEntity
  8
ROADS
100
AcDbPolyline
 90
2
 70
0
 10
627738.1883956008
 20
4834829.131353478
 10
627652.4911686383
 20
4835134.028911827
  0
LWPOLYLINE
  5
3C3
330
17
100
AcDbEntity
  8
ROADS
100
AcDbPolyline
 90
2
 70
0
 10
628101.4799956351
 20
4834861.365269851
 10
628002.9342015608
 20
4834831.516035252
  0
LWPOLYLINE
  5
3C4
330
17
100
AcDbEntity
  8
ROADS
100
AcDbPolyline
 90
2
 70
0
 10
628263.7502472723
 20
4834856.871177377
 10
628214.3841254885
 20
4834841.7358530015
  0
LWPOLYLINE
  5
3C5
330
17
100
AcDbEntity
  8
ROADS
100
AcDbPolyline
 90
2
 70
0
 10
628214.3841254885
 20
4834841.7358530015
 10
628198.8393000616
 20
4834891.460090326
  0
LWPOLYLINE
  5
3C6
330
17
100
AcDbEntity
  8
ROADS
100
AcDbPolyline
 90
2
 70
0
 10
628198.8393000616
 20
4834891.460090326
 10
628101.4799956351
 20
4834861.365269851
  0
LWPOLYLINE
  5
3C7
330
17
100
AcDbEntity
  8
ROADS
100
AcDbPolyline
 90
2
 70
0
 10
628101.4799956351
 20
4834861.365269851
 10
628085.0368348556
 20
4834912.460339503
  0
LWPOLYLINE
  5
3C8
330
17
100
AcDbEntity
  8
ROADS
100
AcDbPolyline
 90
2
 70
0
 10
628297.6870582826
 20
4834920.706778144
 10
628198.8393000616
 20
4834891.460090326
  0
LWPOLYLINE
  5
3C9
330
17
100
AcDbEntity
  8
ROADS
100
AcDbPolyline
 90
2
 70
0
 10
628297.6870582826
 20
4834920.706778144
 10
628267.8576192568
 20
4835009.856376236
  0
LWPOLYLINE
  5
3CA
330
17
100
AcDbEntity
  8
ROADS
100
AcDbPolyline
 90
5
 70
0
 10
628085.0368348556
 20
4834912.460339503
 10
628036.1003873025
 20
4834901.108024909
 10
628012.2131601814
 20
4834970.463695838
 10
627948.2478300906
 20
4835174.053490377
 10
627997.6295298021
 20
4835188.573094539
  0
LWPOLYLINE
  5
3CB
330
17
100
AcDbEntity
  8
ROADS
100
AcDbPolyline
 90
2
 70
0
 10
628085.0368348556
 20
4834912.460339503
 10
627997.6295298021
 20
4835188.573094539
  0
LWPOLYLINE
  5
3CC
330
17
100
AcDbEntity
  8
ROADS
100
AcDbPolyline
 90
4
 70
0
 10
628085.0368348556
 20
4834912.460339503
 10
628134.2930139566
 20
4834923.552420015
 10
628046.0114143615
 20
4835205.070756565
 10
627997.6295298021
 20
4835188.573094539
  0
LWPOLYLINE
  5
3CD
330
17
100
AcDbEntity
  8
ROADS
100
AcDbPolyline
 90
2
 70
0
 10
628198.8393000616
 20
4834891.460090326
 10
628083.2985208867
 20
4835260.516375262
  0
LWPOLYLINE
  5
3CE
330
17
100
AcDbEntity
  8
ROADS
100
AcDbPolyline
 90
2
 70
0
 10
628267.8576192568
 20
4835009.856376236
 10
628180.6414087592
 20
4835289.663952292
  0
LWPOLYLINE
  5
3CF
330
17
100
AcDbEntity
  8
ROADS
100
AcDbPolyline
 90
3
 70
0
 10
628267.8576192568
 20
4835009.856376236
 10
628317.9592270066
 20
4835025.493055433
 10
628230.7030205198
 20
4835305.049930267
  0
LWPOLYLINE
  5
3D0
330
17
100
AcDbEntity
  8
ROADS
100
AcDbPolyline
 90
2
 70
0
 10
628133.7615153033
 20
4835275.74359029
 10
628197.5329760812
 20
4835071.985185631
  0
LWPOLYLINE
  5
3D1
330
17
100
AcDbEntity
  8
ROADS
100
AcDbPolyline
 90
2
 70
0
 10
628032.8620570361
 20
4835246.200702974
 10
627996.0561559575
 20
4835234.11195513
  0
LWPOLYLINE
  5
3D2
330
17
100
AcDbEntity
  8
ROADS
100
AcDbPolyline
 90
2
 70
0
 10
628083.2985208867
 20
4835260.516375262
 10
628032.8620570361
 20
4835246.200702974
  0
LWPOLYLINE
  5
3D3
330
17
100
AcDbEntity
  8
ROADS
100
AcDbPolyline
 90
2
 70
0
 10
628133.7615153033
 20
4835275.74359029
 10
628083.2985208867
 20
4835260.516375262
  0
LWPOLYLINE
  5
3D4
330
17
100
AcDbEntity
  8
ROADS
100
AcDbPolyline
 90
2
 70
0
 10
628180.6414087592
 20
4835289.663952292
 10
628133.7615153033
 20
4835275.74359029
  0
LWPOLYLINE
  5
3D5
330
17
100
AcDbEntity
  8
ROADS
100
AcDbPolyline
 90
2
 70
0
 10
628230.7030205198
 20
4835305.049930267
 10
628180.6414087592
 20
4835289.663952292
  0
LWPOLYLINE
  5
3D6
330
17
100
AcDbEntity
  8
ROADS
100
AcDbPolyline
 90
2
 70
0
 10
628279.9992814922
 20
4835320.038051283
 10
628230.7030205198
 20
4835305.049930267
  0
LWPOLYLINE
  5
3D7
330
17
100
AcDbEntity
  8
ROADS
100
AcDbPolyline
 90
2
 70
0
 10
628411.4898953594
 20
4834901.266626135
 10
628396.1553143676
 20
4834950.202639035
  0
LWPOLYLINE
  5
3D8
330
17
100
AcDbEntity
  8
ROADS
100
AcDbPolyline
 90
2
 70
0
 10
628345.6122915554
 20
4834935.195029638
 10
628297.6870582826
 20
4834920.706778144
  0
LWPOLYLINE
  5
3D9
330
17
100
AcDbEntity
  8
ROADS
100
AcDbPolyline
 90
2
 70
0
 10
628396.1553143676
 20
4834950.202639035
 10
628345.6122915554
 20
4834935.195029638
  0
LWPOLYLINE
  5
3DA
330
17
100
AcDbEntity
  8
ROADS
100
AcDbPolyline
 90
2
 70
0
 10
628509.5789643164
 20
4834929.943582589
 10
628494.3280067305
 20
4834979.3981543025
  0
LWPOLYLINE
  5
3DB
330
17
100
AcDbEntity
  8
ROADS
100
AcDbPolyline
 90
2
 70
0
 10
628494.3280067305
 20
4834979.3981543025
 10
628396.1553143676
 20
4834950.202639035
  0
LWPOLYLINE
  5
3DC
330
17
100
AcDbEntity
  8
ROADS
100
AcDbPolyline
 90
2
 70
0
 10
628547.0998176878
 20
4834994.482070133
 10
628494.3280067305
 20
4834979.3981543025
  0
LWPOLYLINE
  5
3DD
330
17
100
AcDbEntity
  8
ROADS
100
AcDbPolyline
 90
2
 70
0
 10
628494.3280067305
 20
4834979.3981543025
 10
628434.5267936336
 20
4835166.340423851
  0
LWPOLYLINE
  5
3DE
330
17
100
AcDbEntity
  8
ROADS
100
AcDbPolyline
 90
2
 70
0
 10
628547.0998176878
 20
4834994.482070133
 10
628488.0445260947
 20
4835182.204901945
  0
LWPOLYLINE
  5
3DF
330
17
100
AcDbEntity
  8
ROADS
100
AcDbPolyline
 90
2
 70
0
 10
628396.1553143676
 20
4834950.202639035
 10
628279.9992814922
 20
4835320.038051283
  0
LWPOLYLINE
  5
3E0
330
17
100
AcDbEntity
  8
ROADS
100
AcDbPolyline
 90
2
 70
0
 10
628488.0445260947
 20
4835182.204901945
 10
628434.5267936336
 20
4835166.340423851
  0
LWPOLYLINE
  5
3E1
330
17
100
AcDbEntity
  8
ROADS
100
AcDbPolyline
 90
2
 70
0
 10
628760.2078174396
 20
4835055.783372097
 10
628711.43010085
 20
4835042.532758653
  0
LWPOLYLINE
  5
3E2
330
17
100
AcDbEntity
  8
ROADS
100
AcDbPolyline
 90
2
 70
0
 10
628792.121532645
 20
4835064.933872192
 10
628760.2078174396
 20
4835055.783372097
  0
LWPOLYLINE
  5
3E3
330
17
100
AcDbEntity
  8
ROADS
100
AcDbPolyline
 90
2
 70
0
 10
628792.121532645
 20
4835064.933872192
 10
628760.4892692458
 20
4835154.118002945
  0
LWPOLYLINE
  5
3E4
330
17
100
AcDbEntity
  8
ROADS
100
AcDbPolyline
 90
2
 70
0
 10
628581.5026825856
 20
4835059.72725628
 10
628540.6068345191
 20
4835197.09404949
  0
LWPOLYLINE
  5
3E5
330
17
100
AcDbEntity
  8
ROADS
100
AcDbPolyline
 90
3
 70
0
 10
628856.1323101383
 20
4835123.26836698
 10
628819.4351135751
 20
4835112.079753955
 10
628801.4835706707
 20
4835167.694956235
  0
LWPOLYLINE
  5
3E6
330
17
100
AcDbEntity
  8
ROADS
100
AcDbPolyline
 90
2
 70
0
 10
628801.4835706707
 20
4835167.694956235
 10
628760.4892692458
 20
4835154.118002945
  0
LWPOLYLINE
  5
3E7
330
17
100
AcDbEntity
  8
ROADS
100
AcDbPolyline
 90
2
 70
0
 10
628690.6699470787
 20
4835036.601093657
 10
628589.0301253381
 20
4835378.587382776
  0
LWPOLYLINE
  5
3E8
330
17
100
AcDbEntity
  8
ROADS
100
AcDbPolyline
 90
2
 70
0
 10
628760.4892692458
 20
4835154.118002945
 10
628723.8386925412
 20
4835272.397333615
  0
LWPOLYLINE
  5
3E9
330
17
100
AcDbEntity
  8
ROADS
100
AcDbPolyline
 90
3
 70
0
 10
628581.5026825856
 20
4835059.72725628
 10
628625.888446332
 20
4835072.847467118
 10
628527.0649199365
 20
4835391.870079221
  0
LWPOLYLINE
  5
3EA
330
17
100
AcDbEntity
  8
ROADS
100
AcDbPolyline
 90
2
 70
0
 10
628801.4835706707
 20
4835167.694956235
 10
628763.1888794345
 20
4835284.480479515
  0
LWPOLYLINE
  5
3EB
330
17
100
AcDbEntity
  8
ROADS
100
AcDbPolyline
 90
2
 70
0
 10
628540.6068345191
 20
4835197.09404949
 10
628488.0445260947
 20
4835182.204901945
  0
LWPOLYLINE
  5
3EC
330
17
100
AcDbEntity
  8
ROADS
100
AcDbPolyline
 90
2
 70
0
 10
628328.9132172205
 20
4835334.711244565
 10
628384.8208633681
 20
4835148.177705763
  0
LWPOLYLINE
  5
3ED
330
17
100
AcDbEntity
  8
ROADS
100
AcDbPolyline
 90
2
 70
0
 10
628434.5267936336
 20
4835166.340423851
 10
628377.634183609
 20
4835348.773913678
  0
LWPOLYLINE
  5
3EE
330
17
100
AcDbEntity
  8
ROADS
100
AcDbPolyline
 90
2
 70
0
 10
628488.0445260947
 20
4835182.204901945
 10
628431.2184818167
 20
4835363.942576152
  0
LWPOLYLINE
  5
3EF
330
17
100
AcDbEntity
  8
ROADS
100
AcDbPolyline
 90
2
 70
0
 10
628540.6068345191
 20
4835197.09404949
 10
628484.6123902171
 20
4835379.353817506
  0
LWPOLYLINE
  5
3F0
330
17
100
AcDbEntity
  8
ROADS
100
AcDbPolyline
 90
2
 70
0
 10
628328.9132172205
 20
4835334.711244565
 10
628279.9992814922
 20
4835320.038051283
  0
LWPOLYLINE
  5
3F1
330
17
100
AcDbEntity
  8
ROADS
100
AcDbPolyline
 90
2
 70
0
 10
628377.634183609
 20
4835348.773913678
 10
628328.9132172205
 20
4835334.711244565
  0
LWPOLYLINE
  5
3F2
330
17
100
AcDbEntity
  8
ROADS
100
AcDbPolyline
 90
2
 70
0
 10
628431.2184818167
 20
4835363.942576152
 10
628377.634183609
 20
4835348.773913678
  0
LWPOLYLINE
  5
3F3
330
17
100
AcDbEntity
  8
ROADS
100
AcDbPolyline
 90
2
 70
0
 10
628377.634183609
 20
4835348.773913678
 10
628367.7104714047
 20
4835381.3408083
  0
LWPOLYLINE
  5
3F4
330
17
100
AcDbEntity
  8
ROADS
100
AcDbPolyline
 90
2
 70
0
 10
628484.6123902171
 20
4835379.353817506
 10
628431.2184818167
 20
4835363.942576152
  0
LWPOLYLINE
  5
3F5
330
17
100
AcDbEntity
  8
ROADS
100
AcDbPolyline
 90
2
 70
0
 10
628723.8386925412
 20
4835272.397333615
 10
628763.1888794345
 20
4835284.480479515
  0
LWPOLYLINE
  5
3F6
330
17
100
AcDbEntity
  8
ROADS
100
AcDbPolyline
 90
2
 70
0
 10
628810.925914321
 20
4835273.037670427
 10
628796.7911643354
 20
4835317.392110121
  0
LWPOLYLINE
  5
3F7
330
17
100
AcDbEntity
  8
ROADS
100
AcDbPolyline
 90
2
 70
0
 10
628763.1888794345
 20
4835284.480479515
 10
628746.1363456597
 20
4835339.543878764
  0
LWPOLYLINE
  5
3F8
330
17
100
AcDbEntity
  8
ROADS
100
AcDbPolyline
 90
2
 70
0
 10
628723.8386925412
 20
4835272.397333615
 10
628695.4375399558
 20
4835371.962634019
  0
LWPOLYLINE
  5
3F9
330
17
100
AcDbEntity
  8
ROADS
100
AcDbPolyline
 90
2
 70
0
 10
628646.3981844482
 20
4835382.597988871
 10
628682.771180907
 20
4835265.083462362
  0
LWPOLYLINE
  5
3FA
330
17
100
AcDbEntity
  8
ROADS
100
AcDbPolyline
 90
2
 70
0
 10
628796.7911643354
 20
4835317.392110121
 10
628788.2555509341
 20
4835344.177651995
  0
LWPOLYLINE
  5
3FB
330
17
100
AcDbEntity
  8
ROADS
100
AcDbPolyline
 90
2
 70
0
 10
628796.7911643354
 20
4835317.392110121
 10
628828.0117144649
 20
4835327.357687723
  0
LWPOLYLINE
  5
3FC
330
17
100
AcDbEntity
  8
ROADS
100
AcDbPolyline
 90
2
 70
0
 10
628589.0301253381
 20
4835378.587382776
 10
628557.5441308742
 20
4835393.336287285
  0
LWPOLYLINE
  5
3FD
330
17
100
AcDbEntity
  8
ROADS
100
AcDbPolyline
 90
2
 70
0
 10
628589.0301253381
 20
4835378.587382776
 10
628585.4902500537
 20
4835390.276007666
  0
LWPOLYLINE
  5
3FE
330
17
100
AcDbEntity
  8
ROADS
100
AcDbPolyline
 90
2
 70
0
 10
628032.8620570361
 20
4835246.200702974
 10
628029.6134758575
 20
4835256.443070821
  0
LWPOLYLINE
  5
3FF
330
17
100
AcDbEntity
  8
ROADS
100
AcDbPolyline
 90
2
 70
0
 10
628083.2985208867
 20
4835260.516375262
 10
628075.9545130773
 20
4835283.849449483
  0
LWPOLYLINE
  5
400
330
17
100
AcDbEntity
  8
ROADS
100
AcDbPolyline
 90
2
 70
0
 10
628133.7615153033
 20
4835275.74359029
 10
628123.9582580575
 20
4835306.885762346
  0
LWPOLYLINE
  5
401
330
17
100
AcDbEntity
  8
ROADS
100
AcDbPolyline
 90
2
 70
0
 10
628230.7030205198
 20
4835305.049930267
 10
628218.5590260329
 20
4835343.322982709
  0
LWPOLYLINE
  5
402
330
17
100
AcDbEntity
  8
ROADS
100
AcDbPolyline
 90
2
 70
0
 10
628180.6414087592
 20
4835289.663952292
 10
628169.2721074815
 20
4835326.145643478
  0
LWPOLYLINE
  5
403
330
17
100
AcDbEntity
  8
ROADS
100
AcDbPolyline
 90
2
 70
0
 10
628279.9992814922
 20
4835320.038051283
 10
628267.9081344515
 20
4835358.385239124
  0
LWPOLYLINE
  5
404
330
17
100
AcDbEntity
  8
ROADS
100
AcDbPolyline
 90
2
 70
0
 10
628431.2184818167
 20
4835363.942576152
 10
628423.2702225243
 20
4835389.375076723
  0
LWPOLYLINE
  5
405
330
17
100
AcDbEntity
  8
ROADS
100
AcDbPolyline
 90
2
 70
0
 10
628527.0649199365
 20
4835391.870079221
 10
628484.6123902171
 20
4835379.353817506
  0
LWPOLYLINE
  5
406
330
17
100
AcDbEntity
  8
ROADS
100
AcDbPolyline
 90
2
 70
0
 10
628533.1795448856
 20
4835393.618565444
 10
628527.0649199365
 20
4835391.870079221
  0
LWPOLYLINE
  5
407
330
17
100
AcDbEntity
  8
ROADS
100
AcDbPolyline
 90
2
 70
0
 10
628484.6123902171
 20
4835379.353817506
 10
628479.904678471
 20
4835394.235786324
  0
LWPOLYLINE
  5
408
330
17
100
AcDbEntity
  8
ROADS
100
AcDbPolyline
 90
2
 70
0
 10
628317.2822953976
 20
4835371.581966865
 10
628319.009467192
 20
4835366.303271333
  0
LWPOLYLINE
  5
409
330
17
100
AcDbEntity
  8
ROADS
100
AcDbPolyline
 90
3
 70
0
 10
627433.3491087933
 20
4834991.448251233
 10
627418.5084392368
 20
4835002.608682705
 10
627414.9607599623
 20
4835014.0120332325
  0
LWPOLYLINE
  5
40A
330
17
100
AcDbEntity
  8
ROADS
100
AcDbPolyline
 90
2
 70
0
 10
627841.9748139681
 20
4835173.512362546
 10
627793.0836666812
 20
4835160.6247385405
  0
LWPOLYLINE
  5
40B
330
17
100
AcDbEntity
  8
ROADS
100
AcDbPolyline
 90
2
 70
0
 10
627793.0836666812
 20
4835160.6247385405
 10
627790.107382419
 20
4835170.5920940805
  0
LWPOLYLINE
  5
40C
330
17
100
AcDbEntity
  8
ROADS
100
AcDbPolyline
 90
2
 70
0
 10
627890.1425108226
 20
4835187.861005832
 10
627841.9748139681
 20
4835173.512362546
  0
LWPOLYLINE
  5
40D
330
17
100
AcDbEntity
  8
ROADS
100
AcDbPolyline
 90
2
 70
0
 10
627890.1425108226
 20
4835187.861005832
 10
627886.4851708321
 20
4835200.034557
  0
LWPOLYLINE
  5
40E
330
17
100
AcDbEntity
  8
ROADS
100
AcDbPolyline
 90
2
 70
0
 10
627997.6295298021
 20
4835188.573094539
 10
627985.6546030727
 20
4835228.240376284
  0
LWPOLYLINE
  5
40F
330
17
100
AcDbEntity
  8
ROADS
100
AcDbPolyline
 90
2
 70
0
 10
627841.9748139681
 20
4835173.512362546
 10
627839.0127389287
 20
4835183.069142463
  0
LWPOLYLINE
  5
410
330
17
100
AcDbEntity
  8
ROADS
100
AcDbPolyline
 90
3
 70
0
 10
629062.1662417728
 20
4834239.96474315
 10
629049.3460452745
 20
4834281.312814429
 10
629064.1429551648
 20
4834309.645167128
  0
LWPOLYLINE
  5
411
330
17
100
AcDbEntity
  8
ROADS
100
AcDbPolyline
 90
2
 70
0
 10
628992.2606877125
 20
4834260.593647385
 10
628978.8249301054
 20
4834305.068793414
  0
LWPOLYLINE
  5
412
330
17
100
AcDbEntity
  8
ROADS
100
AcDbPolyline
 90
2
 70
0
 10
628978.8249301054
 20
4834305.068793414
 10
628941.771606077
 20
4834294.326359514
  0
LWPOLYLINE
  5
413
330
17
100
AcDbEntity
  8
ROADS
100
AcDbPolyline
 90
2
 70
0
 10
628941.771606077
 20
4834294.326359514
 10
628934.7223112336
 20
4834316.115408768
  0
LWPOLYLINE
  5
414
330
17
100
AcDbEntity
  8
ROADS
100
AcDbPolyline
 90
2
 70
0
 10
629064.1429551648
 20
4834309.645167128
 10
629102.9087068607
 20
4834321.31161984
  0
LWPOLYLINE
  5
415
330
17
100
AcDbEntity
  8
ROADS
100
AcDbPolyline
 90
2
 70
0
 10
628899.2383287927
 20
4834293.243528158
 10
628880.6824596851
 20
4834354.193218982
  0
LWPOLYLINE
  5
416
330
17
100
AcDbEntity
  8
ROADS
100
AcDbPolyline
 90
2
 70
0
 10
628978.8249301054
 20
4834305.068793414
 10
628956.8339190504
 20
4834377.355170207
  0
LWPOLYLINE
  5
417
330
17
100
AcDbEntity
  8
ROADS
100
AcDbPolyline
 90
3
 70
0
 10
629064.1429551648
 20
4834309.645167128
 10
629064.9713672871
 20
4834365.394898091
 10
629049.565372429
 20
4834396.928566713
  0
LWPOLYLINE
  5
418
330
17
100
AcDbEntity
  8
ROADS
100
AcDbPolyline
 90
2
 70
0
 10
628956.8339190504
 20
4834377.355170207
 10
628880.6824596851
 20
4834354.193218982
  0
LWPOLYLINE
  5
419
330
17
100
AcDbEntity
  8
ROADS
100
AcDbPolyline
 90
2
 70
0
 10
628956.8339190504
 20
4834377.355170207
 10
628949.5999220911
 20
4834410.302628747
  0
LWPOLYLINE
  5
41A
330
17
100
AcDbEntity
  8
ROADS
100
AcDbPolyline
 90
2
 70
0
 10
629352.3571606278
 20
4834285.304052798
 10
629335.6828152263
 20
4834321.626383902
  0
LWPOLYLINE
  5
41B
330
17
100
AcDbEntity
  8
ROADS
100
AcDbPolyline
 90
2
 70
0
 10
629282.7297860369
 20
4834255.146267875
 10
629253.4275287472
 20
4834345.952826068
  0
LWPOLYLINE
  5
41C
330
17
100
AcDbEntity
  8
ROADS
100
AcDbPolyline
 90
2
 70
0
 10
629114.0940879686
 20
4834285.3143567825
 10
629102.9087068607
 20
4834321.31161984
  0
LWPOLYLINE
  5
41D
330
17
100
AcDbEntity
  8
ROADS
100
AcDbPolyline
 90
2
 70
0
 10
629180.218448288
 20
4834276.412902253
 10
629159.2292828403
 20
4834338.641751394
  0
LWPOLYLINE
  5
41E
330
17
100
AcDbEntity
  8
ROADS
100
AcDbPolyline
 90
2
 70
0
 10
629335.6828152263
 20
4834321.626383902
 10
629323.795275605
 20
4834310.767283975
  0
LWPOLYLINE
  5
41F
330
17
100
AcDbEntity
  8
ROADS
100
AcDbPolyline
 90
2
 70
0
 10
629102.9087068607
 20
4834321.31161984
 10
629159.2292828403
 20
4834338.641751394
  0
LWPOLYLINE
  5
420
330
17
100
AcDbEntity
  8
ROADS
100
AcDbPolyline
 90
2
 70
0
 10
629357.7451240956
 20
4834329.086562645
 10
629335.6828152263
 20
4834321.626383902
  0
LWPOLYLINE
  5
421
330
17
100
AcDbEntity
  8
ROADS
100
AcDbPolyline
 90
2
 70
0
 10
629316.9444279831
 20
4834365.949220625
 10
629253.4275287472
 20
4834345.952826068
  0
LWPOLYLINE
  5
422
330
17
100
AcDbEntity
  8
ROADS
100
AcDbPolyline
 90
2
 70
0
 10
629362.4503351756
 20
4834380.276802116
 10
629316.9444279831
 20
4834365.949220625
  0
LWPOLYLINE
  5
423
330
17
100
AcDbEntity
  8
ROADS
100
AcDbPolyline
 90
3
 70
0
 10
629159.2292828403
 20
4834338.641751394
 10
629142.5838873804
 20
4834398.685957049
 10
629156.8057668253
 20
4834438.331695158
  0
LWPOLYLINE
  5
424
330
17
100
AcDbEntity
  8
ROADS
100
AcDbPolyline
 90
2
 70
0
 10
629316.9444279831
 20
4834365.949220625
 10
629299.0681660038
 20
4834420.2268130705
  0
LWPOLYLINE
  5
425
330
17
100
AcDbEntity
  8
ROADS
100
AcDbPolyline
 90
2
 70
0
 10
629253.4275287472
 20
4834345.952826068
 10
629219.0170390385
 20
4834453.792195037
  0
LWPOLYLINE
  5
426
330
17
100
AcDbEntity
  8
ROADS
100
AcDbPolyline
 90
2
 70
0
 10
629156.8057668253
 20
4834438.331695158
 10
629170.369878693
 20
4834407.14475036
  0
LWPOLYLINE
  5
427
330
17
100
AcDbEntity
  8
ROADS
100
AcDbPolyline
 90
2
 70
0
 10
629156.8057668253
 20
4834438.331695158
 10
629107.3678772602
 20
4834424.226166919
  0
LWPOLYLINE
  5
428
330
17
100
AcDbEntity
  8
ROADS
100
AcDbPolyline
 90
2
 70
0
 10
629363.793719399
 20
4834439.974311246
 10
629299.0681660038
 20
4834420.2268130705
  0
LWPOLYLINE
  5
429
330
17
100
AcDbEntity
  8
ROADS
100
AcDbPolyline
 90
3
 70
0
 10
629107.3678772602
 20
4834424.226166919
 10
629097.5141090713
 20
4834459.474442916
 10
629085.4105708024
 20
4834456.305460355
  0
LWPOLYLINE
  5
42A
330
17
100
AcDbEntity
  8
ROADS
100
AcDbPolyline
 90
2
 70
0
 10
629299.0681660038
 20
4834420.2268130705
 10
629284.1849123752
 20
4834471.02926139
  0
LWPOLYLINE
  5
42B
330
17
100
AcDbEntity
  8
ROADS
100
AcDbPolyline
 90
2
 70
0
 10
629219.0170390385
 20
4834453.792195037
 10
629156.8057668253
 20
4834438.331695158
  0
LWPOLYLINE
  5
42C
330
17
100
AcDbEntity
  8
ROADS
100
AcDbPolyline
 90
2
 70
0
 10
629272.0689146081
 20
4834465.782910228
 10
629219.0170390385
 20
4834453.792195037
  0
LWPOLYLINE
  5
42D
330
17
100
AcDbEntity
  8
ROADS
100
AcDbPolyline
 90
2
 70
0
 10
629284.1849123752
 20
4834471.02926139
 10
629272.0689146081
 20
4834465.782910228
  0
LWPOLYLINE
  5
42E
330
17
100
AcDbEntity
  8
ROADS
100
AcDbPolyline
 90
2
 70
0
 10
628880.6824596851
 20
4834354.193218982
 10
628846.1216478996
 20
4834466.699061401
  0
LWPOLYLINE
  5
42F
330
17
100
AcDbEntity
  8
ROADS
100
AcDbPolyline
 90
2
 70
0
 10
629107.3678772602
 20
4834424.226166919
 10
629049.565372429
 20
4834396.928566713
  0
LWPOLYLINE
  5
430
330
17
100
AcDbEntity
  8
ROADS
100
AcDbPolyline
 90
3
 70
0
 10
629049.565372429
 20
4834396.928566713
 10
629006.3501127625
 20
4834418.303905706
 10
628975.7228952912
 20
4834487.3039624365
  0
LWPOLYLINE
  5
431
330
17
100
AcDbEntity
  8
ROADS
100
AcDbPolyline
 90
2
 70
0
 10
628893.5085837011
 20
4834480.930523328
 10
628846.1216478996
 20
4834466.699061401
  0
LWPOLYLINE
  5
432
330
17
100
AcDbEntity
  8
ROADS
100
AcDbPolyline
 90
2
 70
0
 10
628936.4658004142
 20
4834494.023846187
 10
628893.5085837011
 20
4834480.930523328
  0
LWPOLYLINE
  5
433
330
17
100
AcDbEntity
  8
ROADS
100
AcDbPolyline
 90
2
 70
0
 10
628846.1216478996
 20
4834466.699061401
 10
628823.3029482629
 20
4834533.929101763
  0
LWPOLYLINE
  5
434
330
17
100
AcDbEntity
  8
ROADS
100
AcDbPolyline
 90
2
 70
0
 10
628893.5085837011
 20
4834480.930523328
 10
628877.1225737819
 20
4834534.535932566
  0
LWPOLYLINE
  5
435
330
17
100
AcDbEntity
  8
ROADS
100
AcDbPolyline
 90
2
 70
0
 10
629038.9399245691
 20
4834526.265225167
 10
628936.4658004142
 20
4834494.023846187
  0
LWPOLYLINE
  5
436
330
17
100
AcDbEntity
  8
ROADS
100
AcDbPolyline
 90
2
 70
0
 10
628936.4658004142
 20
4834494.023846187
 10
628922.1820728561
 20
4834541.258833787
  0
LWPOLYLINE
  5
437
330
17
100
AcDbEntity
  8
ROADS
100
AcDbPolyline
 90
2
 70
0
 10
629095.7135902799
 20
4834543.701584901
 10
629038.9399245691
 20
4834526.265225167
  0
LWPOLYLINE
  5
438
330
17
100
AcDbEntity
  8
ROADS
100
AcDbPolyline
 90
2
 70
0
 10
629303.8241053841
 20
4834479.114786702
 10
629284.1849123752
 20
4834471.02926139
  0
LWPOLYLINE
  5
439
330
17
100
AcDbEntity
  8
ROADS
100
AcDbPolyline
 90
2
 70
0
 10
629219.0170390385
 20
4834453.792195037
 10
629205.1347755932
 20
4834498.900336343
  0
LWPOLYLINE
  5
43A
330
17
100
AcDbEntity
  8
ROADS
100
AcDbPolyline
 90
2
 70
0
 10
629359.8364141304
 20
4834496.582067471
 10
629303.8241053841
 20
4834479.114786702
  0
LWPOLYLINE
  5
43B
330
17
100
AcDbEntity
  8
ROADS
100
AcDbPolyline
 90
2
 70
0
 10
629303.8241053841
 20
4834479.114786702
 10
629290.6891827125
 20
4834519.891151656
  0
LWPOLYLINE
  5
43C
330
17
100
AcDbEntity
  8
ROADS
100
AcDbPolyline
 90
2
 70
0
 10
629272.0689146081
 20
4834465.782910228
 10
629245.610962881
 20
4834548.7793283425
  0
LWPOLYLINE
  5
43D
330
17
100
AcDbEntity
  8
ROADS
100
AcDbPolyline
 90
3
 70
0
 10
629205.1347755932
 20
4834498.900336343
 10
629119.6519294984
 20
4834473.398519984
 10
629095.7135902799
 20
4834543.701584901
  0
LWPOLYLINE
  5
43E
330
17
100
AcDbEntity
  8
ROADS
100
AcDbPolyline
 90
2
 70
0
 10
629205.1347755932
 20
4834498.900336343
 10
629182.501163343
 20
4834572.708238109
  0
LWPOLYLINE
  5
43F
330
17
100
AcDbEntity
  8
ROADS
100
AcDbPolyline
 90
2
 70
0
 10
629290.6891827125
 20
4834519.891151656
 10
629277.8213397675
 20
4834558.5061939
  0
LWPOLYLINE
  5
440
330
17
100
AcDbEntity
  8
ROADS
100
AcDbPolyline
 90
2
 70
0
 10
628922.1820728561
 20
4834541.258833787
 10
628984.0079886253
 20
4834556.37535431
  0
LWPOLYLINE
  5
441
330
17
100
AcDbEntity
  8
ROADS
100
AcDbPolyline
 90
2
 70
0
 10
628862.7911050983
 20
4834561.728708052
 10
628866.3763456737
 20
4834548.782646444
  0
LWPOLYLINE
  5
442
330
17
100
AcDbEntity
  8
ROADS
100
AcDbPolyline
 90
2
 70
0
 10
628922.1820728561
 20
4834541.258833787
 10
628910.285216427
 20
4834577.389217009
  0
LWPOLYLINE
  5
443
330
17
100
AcDbEntity
  8
ROADS
100
AcDbPolyline
 90
2
 70
0
 10
628862.7911050983
 20
4834561.728708052
 10
628853.7952747295
 20
4834572.031795747
  0
LWPOLYLINE
  5
444
330
17
100
AcDbEntity
  8
ROADS
100
AcDbPolyline
 90
2
 70
0
 10
628910.285216427
 20
4834577.389217009
 10
628862.7911050983
 20
4834561.728708052
  0
LWPOLYLINE
  5
445
330
17
100
AcDbEntity
  8
ROADS
100
AcDbPolyline
 90
2
 70
0
 10
629038.9399245691
 20
4834526.265225167
 10
629007.6461321486
 20
4834625.666275184
  0
LWPOLYLINE
  5
446
330
17
100
AcDbEntity
  8
ROADS
100
AcDbPolyline
 90
2
 70
0
 10
628910.285216427
 20
4834577.389217009
 10
628898.6988543062
 20
4834613.493208224
  0
LWPOLYLINE
  5
447
330
17
100
AcDbEntity
  8
ROADS
100
AcDbPolyline
 90
2
 70
0
 10
628898.6988543062
 20
4834613.493208224
 10
628811.9998080356
 20
4834587.421863534
  0
LWPOLYLINE
  5
448
330
17
100
AcDbEntity
  8
ROADS
100
AcDbPolyline
 90
2
 70
0
 10
629007.6461321486
 20
4834625.666275184
 10
628949.5554469781
 20
4834607.010018596
  0
LWPOLYLINE
  5
449
330
17
100
AcDbEntity
  8
ROADS
100
AcDbPolyline
 90
2
 70
0
 10
628843.2862074897
 20
4834626.878504692
 10
628898.6988543062
 20
4834613.493208224
  0
LWPOLYLINE
  5
44A
330
17
100
AcDbEntity
  8
ROADS
100
AcDbPolyline
 90
4
 70
0
 10
629290.6891827125
 20
4834519.891151656
 10
629322.4846332717
 20
4834530.276560787
 10
629311.5098529663
 20
4834568.839820072
 10
629277.8213397675
 20
4834558.5061939
  0
LWPOLYLINE
  5
44B
330
17
100
AcDbEntity
  8
ROADS
100
AcDbPolyline
 90
2
 70
0
 10
629277.8213397675
 20
4834558.5061939
 10
629245.610962881
 20
4834548.7793283425
  0
LWPOLYLINE
  5
44C
330
17
100
AcDbEntity
  8
ROADS
100
AcDbPolyline
 90
2
 70
0
 10
629182.501163343
 20
4834572.708238109
 10
629095.7135902799
 20
4834543.701584901
  0
LWPOLYLINE
  5
44D
330
17
100
AcDbEntity
  8
ROADS
100
AcDbPolyline
 90
2
 70
0
 10
629245.610962881
 20
4834548.7793283425
 10
629232.6590473817
 20
4834589.444983977
  0
LWPOLYLINE
  5
44E
330
17
100
AcDbEntity
  8
ROADS
100
AcDbPolyline
 90
2
 70
0
 10
629232.6590473817
 20
4834589.444983977
 10
629182.501163343
 20
4834572.708238109
  0
LWPOLYLINE
  5
44F
330
17
100
AcDbEntity
  8
ROADS
100
AcDbPolyline
 90
2
 70
0
 10
629347.8950218025
 20
4834578.745702409
 10
629333.1993968303
 20
4834621.726468404
  0
LWPOLYLINE
  5
450
330
17
100
AcDbEntity
  8
ROADS
100
AcDbPolyline
 90
2
 70
0
 10
629245.233435448
 20
4834593.177521642
 10
629232.6590473817
 20
4834589.444983977
  0
LWPOLYLINE
  5
451
330
17
100
AcDbEntity
  8
ROADS
100
AcDbPolyline
 90
2
 70
0
 10
629333.1993968303
 20
4834621.726468404
 10
629245.233435448
 20
4834593.177521642
  0
LWPOLYLINE
  5
452
330
17
100
AcDbEntity
  8
ROADS
100
AcDbPolyline
 90
2
 70
0
 10
629245.233435448
 20
4834593.177521642
 10
629228.6409015437
 20
4834646.809250906
  0
LWPOLYLINE
  5
453
330
17
100
AcDbEntity
  8
ROADS
100
AcDbPolyline
 90
2
 70
0
 10
629182.501163343
 20
4834572.708238109
 10
629149.5373808984
 20
4834679.901668353
  0
LWPOLYLINE
  5
454
330
17
100
AcDbEntity
  8
ROADS
100
AcDbPolyline
 90
2
 70
0
 10
629337.78458483
 20
4834623.122667712
 10
629333.1993968303
 20
4834621.726468404
  0
LWPOLYLINE
  5
455
330
17
100
AcDbEntity
  8
ROADS
100
AcDbPolyline
 90
2
 70
0
 10
629333.1993968303
 20
4834621.726468404
 10
629316.3629351486
 20
4834673.969706694
  0
LWPOLYLINE
  5
456
330
17
100
AcDbEntity
  8
ROADS
100
AcDbPolyline
 90
2
 70
0
 10
629098.3798937064
 20
4834664.467932618
 10
629107.1166370807
 20
4834637.406024612
  0
LWPOLYLINE
  5
457
330
17
100
AcDbEntity
  8
ROADS
100
AcDbPolyline
 90
2
 70
0
 10
629098.3798937064
 20
4834664.467932618
 10
629073.9997742074
 20
4834654.314567685
  0
LWPOLYLINE
  5
458
330
17
100
AcDbEntity
  8
ROADS
100
AcDbPolyline
 90
2
 70
0
 10
629316.3629351486
 20
4834673.969706694
 10
629228.6409015437
 20
4834646.809250906
  0
LWPOLYLINE
  5
459
330
17
100
AcDbEntity
  8
ROADS
100
AcDbPolyline
 90
2
 70
0
 10
629149.5373808984
 20
4834679.901668353
 10
629098.3798937064
 20
4834664.467932618
  0
LWPOLYLINE
  5
45A
330
17
100
AcDbEntity
  8
ROADS
100
AcDbPolyline
 90
2
 70
0
 10
629228.6409015437
 20
4834646.809250906
 10
629212.4115254788
 20
4834700.322531226
  0
LWPOLYLINE
  5
45B
330
17
100
AcDbEntity
  8
ROADS
100
AcDbPolyline
 90
3
 70
0
 10
629098.3798937064
 20
4834664.467932618
 10
629090.6640219414
 20
4834688.885113443
 10
629078.0240077158
 20
4834685.021378725
  0
LWPOLYLINE
  5
45C
330
17
100
AcDbEntity
  8
ROADS
100
AcDbPolyline
 90
2
 70
0
 10
628821.9623599733
 20
4834617.939473807
 10
628843.2862074897
 20
4834626.878504692
  0
LWPOLYLINE
  5
45D
330
17
100
AcDbEntity
  8
ROADS
100
AcDbPolyline
 90
2
 70
0
 10
628843.2862074897
 20
4834626.878504692
 10
628847.1439077705
 20
4834637.337932117
  0
LWPOLYLINE
  5
45E
330
17
100
AcDbEntity
  8
ROADS
100
AcDbPolyline
 90
2
 70
0
 10
628898.6988543062
 20
4834613.493208224
 10
628881.0079329781
 20
4834671.292305851
  0
LWPOLYLINE
  5
45F
330
17
100
AcDbEntity
  8
ROADS
100
AcDbPolyline
 90
2
 70
0
 10
628963.1263692884
 20
4834630.300879271
 10
628949.9037962224
 20
4834668.180418411
  0
LWPOLYLINE
  5
460
330
17
100
AcDbEntity
  8
ROADS
100
AcDbPolyline
 90
2
 70
0
 10
629007.6461321486
 20
4834625.666275184
 10
628990.4452211588
 20
4834680.534051194
  0
LWPOLYLINE
  5
461
330
17
100
AcDbEntity
  8
ROADS
100
AcDbPolyline
 90
2
 70
0
 10
628847.1439077705
 20
4834637.337932117
 10
628881.0079329781
 20
4834671.292305851
  0
LWPOLYLINE
  5
462
330
17
100
AcDbEntity
  8
ROADS
100
AcDbPolyline
 90
2
 70
0
 10
628990.4452211588
 20
4834680.534051194
 10
628949.9037962224
 20
4834668.180418411
  0
LWPOLYLINE
  5
463
330
17
100
AcDbEntity
  8
ROADS
100
AcDbPolyline
 90
2
 70
0
 10
628949.9037962224
 20
4834668.180418411
 10
628944.7905296645
 20
4834685.603162537
  0
LWPOLYLINE
  5
464
330
17
100
AcDbEntity
  8
ROADS
100
AcDbPolyline
 90
2
 70
0
 10
629078.0240077158
 20
4834685.021378725
 10
629063.8960804176
 20
4834680.704719067
  0
LWPOLYLINE
  5
465
330
17
100
AcDbEntity
  8
ROADS
100
AcDbPolyline
 90
2
 70
0
 10
628990.4452211588
 20
4834680.534051194
 10
628988.2655892104
 20
4834691.238372687
  0
LWPOLYLINE
  5
466
330
17
100
AcDbEntity
  8
ROADS
100
AcDbPolyline
 90
2
 70
0
 10
629322.7198710248
 20
4834676.041059735
 10
629316.3629351486
 20
4834673.969706694
  0
LWPOLYLINE
  5
467
330
17
100
AcDbEntity
  8
ROADS
100
AcDbPolyline
 90
2
 70
0
 10
629212.4115254788
 20
4834700.322531226
 10
629149.5373808984
 20
4834679.901668353
  0
LWPOLYLINE
  5
468
330
17
100
AcDbEntity
  8
ROADS
100
AcDbPolyline
 90
2
 70
0
 10
629316.3629351486
 20
4834673.969706694
 10
629300.3057495264
 20
4834728.247164319
  0
LWPOLYLINE
  5
469
330
17
100
AcDbEntity
  8
ROADS
100
AcDbPolyline
 90
2
 70
0
 10
629149.5373808984
 20
4834679.901668353
 10
629133.0481234755
 20
4834733.739258906
  0
LWPOLYLINE
  5
46A
330
17
100
AcDbEntity
  8
ROADS
100
AcDbPolyline
 90
2
 70
0
 10
629300.3057495264
 20
4834728.247164319
 10
629212.4115254788
 20
4834700.322531226
  0
LWPOLYLINE
  5
46B
330
17
100
AcDbEntity
  8
ROADS
100
AcDbPolyline
 90
2
 70
0
 10
629133.0481234755
 20
4834733.739258906
 10
629069.240693267
 20
4834713.829559161
  0
LWPOLYLINE
  5
46C
330
17
100
AcDbEntity
  8
ROADS
100
AcDbPolyline
 90
2
 70
0
 10
629212.4115254788
 20
4834700.322531226
 10
629195.3203994484
 20
4834754.1502511315
  0
LWPOLYLINE
  5
46D
330
17
100
AcDbEntity
  8
ROADS
100
AcDbPolyline
 90
2
 70
0
 10
629300.3057495264
 20
4834728.247164319
 10
629283.4488774206
 20
4834781.176070153
  0
LWPOLYLINE
  5
46E
330
17
100
AcDbEntity
  8
ROADS
100
AcDbPolyline
 90
2
 70
0
 10
629133.0481234755
 20
4834733.739258906
 10
629114.8515105087
 20
4834791.628256385
  0
LWPOLYLINE
  5
46F
330
17
100
AcDbEntity
  8
ROADS
100
AcDbPolyline
 90
2
 70
0
 10
629283.4488774206
 20
4834781.176070153
 10
629195.3203994484
 20
4834754.1502511315
  0
LWPOLYLINE
  5
470
330
17
100
AcDbEntity
  8
ROADS
100
AcDbPolyline
 90
2
 70
0
 10
628881.0079329781
 20
4834671.292305851
 10
628869.2183280843
 20
4834709.510758456
  0
LWPOLYLINE
  5
471
330
17
100
AcDbEntity
  8
ROADS
100
AcDbPolyline
 90
2
 70
0
 10
629069.240693267
 20
4834713.829559161
 10
629078.0240077158
 20
4834685.021378725
  0
LWPOLYLINE
  5
472
330
17
100
AcDbEntity
  8
ROADS
100
AcDbPolyline
 90
2
 70
0
 10
628869.2183280843
 20
4834709.510758456
 10
628801.7785629387
 20
4834691.600555191
  0
LWPOLYLINE
  5
473
330
17
100
AcDbEntity
  8
ROADS
100
AcDbPolyline
 90
2
 70
0
 10
629069.240693267
 20
4834713.829559161
 10
628988.2655892104
 20
4834691.238372687
  0
LWPOLYLINE
  5
474
330
17
100
AcDbEntity
  8
ROADS
100
AcDbPolyline
 90
2
 70
0
 10
628869.2183280843
 20
4834709.510758456
 10
628858.8987831372
 20
4834741.092337275
  0
LWPOLYLINE
  5
475
330
17
100
AcDbEntity
  8
ROADS
100
AcDbPolyline
 90
2
 70
0
 10
628988.2655892104
 20
4834691.238372687
 10
628964.1360032189
 20
4834772.2296557855
  0
LWPOLYLINE
  5
476
330
17
100
AcDbEntity
  8
ROADS
100
AcDbPolyline
 90
2
 70
0
 10
628899.4931352308
 20
4834752.840891944
 10
628858.8987831372
 20
4834741.092337275
  0
LWPOLYLINE
  5
477
330
17
100
AcDbEntity
  8
ROADS
100
AcDbPolyline
 90
2
 70
0
 10
628964.1360032189
 20
4834772.2296557855
 10
628899.4931352308
 20
4834752.840891944
  0
LWPOLYLINE
  5
478
330
17
100
AcDbEntity
  8
ROADS
100
AcDbPolyline
 90
2
 70
0
 10
628899.4931352308
 20
4834752.840891944
 10
628885.7981962389
 20
4834797.432329899
  0
LWPOLYLINE
  5
479
330
17
100
AcDbEntity
  8
ROADS
100
AcDbPolyline
 90
2
 70
0
 10
628858.8987831372
 20
4834741.092337275
 10
628833.9575038428
 20
4834820.403801473
  0
LWPOLYLINE
  5
47A
330
17
100
AcDbEntity
  8
ROADS
100
AcDbPolyline
 90
2
 70
0
 10
629304.7563415897
 20
4834729.630578407
 10
629300.3057495264
 20
4834728.247164319
  0
LWPOLYLINE
  5
47B
330
17
100
AcDbEntity
  8
ROADS
100
AcDbPolyline
 90
2
 70
0
 10
629195.3203994484
 20
4834754.1502511315
 10
629177.5388738373
 20
4834810.154633672
  0
LWPOLYLINE
  5
47C
330
17
100
AcDbEntity
  8
ROADS
100
AcDbPolyline
 90
2
 70
0
 10
629283.4488774206
 20
4834781.176070153
 10
629288.0059431205
 20
4834782.751172373
  0
LWPOLYLINE
  5
47D
330
17
100
AcDbEntity
  8
ROADS
100
AcDbPolyline
 90
2
 70
0
 10
629177.5388738373
 20
4834810.154633672
 10
629114.8515105087
 20
4834791.628256385
  0
LWPOLYLINE
  5
47E
330
17
100
AcDbEntity
  8
ROADS
100
AcDbPolyline
 90
2
 70
0
 10
629114.8515105087
 20
4834791.628256385
 10
629106.6620033782
 20
4834816.354895198
  0
LWPOLYLINE
  5
47F
330
17
100
AcDbEntity
  8
ROADS
100
AcDbPolyline
 90
2
 70
0
 10
629283.4488774206
 20
4834781.176070153
 10
629265.9924883996
 20
4834835.735244913
  0
LWPOLYLINE
  5
480
330
17
100
AcDbEntity
  8
ROADS
100
AcDbPolyline
 90
2
 70
0
 10
629265.9924883996
 20
4834835.735244913
 10
629177.5388738373
 20
4834810.154633672
  0
LWPOLYLINE
  5
481
330
17
100
AcDbEntity
  8
ROADS
100
AcDbPolyline
 90
2
 70
0
 10
629106.6620033782
 20
4834816.354895198
 10
629082.9038905615
 20
4834894.9957546415
  0
LWPOLYLINE
  5
482
330
17
100
AcDbEntity
  8
ROADS
100
AcDbPolyline
 90
2
 70
0
 10
629265.9924883996
 20
4834835.735244913
 10
629251.9249127475
 20
4834879.556940436
  0
LWPOLYLINE
  5
483
330
17
100
AcDbEntity
  8
ROADS
100
AcDbPolyline
 90
2
 70
0
 10
629270.8704203459
 20
4834837.236623688
 10
629265.9924883996
 20
4834835.735244913
  0
LWPOLYLINE
  5
484
330
17
100
AcDbEntity
  8
ROADS
100
AcDbPolyline
 90
4
 70
0
 10
629238.4479912634
 20
4834921.357439466
 10
629189.7399495612
 20
4834905.682155316
 10
629207.7463340304
 20
4834862.024177852
 10
629251.9249127475
 20
4834879.556940436
  0
LWPOLYLINE
  5
485
330
17
100
AcDbEntity
  8
ROADS
100
AcDbPolyline
 90
2
 70
0
 10
629106.6620033782
 20
4834816.354895198
 10
628964.1360032189
 20
4834772.2296557855
  0
LWPOLYLINE
  5
486
330
17
100
AcDbEntity
  8
ROADS
100
AcDbPolyline
 90
2
 70
0
 10
629032.1646559337
 20
4834880.048581994
 10
628833.9575038428
 20
4834820.403801473
  0
LWPOLYLINE
  5
487
330
17
100
AcDbEntity
  8
ROADS
100
AcDbPolyline
 90
2
 70
0
 10
629082.9038905615
 20
4834894.9957546415
 10
629032.1646559337
 20
4834880.048581994
  0
LWPOLYLINE
  5
488
330
17
100
AcDbEntity
  8
ROADS
100
AcDbPolyline
 90
2
 70
0
 10
629016.6071239999
 20
4834928.094596687
 10
628861.1733271878
 20
4834880.0407362925
  0
LWPOLYLINE
  5
489
330
17
100
AcDbEntity
  8
ROADS
100
AcDbPolyline
 90
2
 70
0
 10
629032.1646559337
 20
4834880.048581994
 10
629016.6071239999
 20
4834928.094596687
  0
LWPOLYLINE
  5
48A
330
17
100
AcDbEntity
  8
ROADS
100
AcDbPolyline
 90
2
 70
0
 10
628850.5286141527
 20
4834913.584229319
 10
628848.4348999087
 20
4834901.0948822
  0
LWPOLYLINE
  5
48B
330
17
100
AcDbEntity
  8
ROADS
100
AcDbPolyline
 90
2
 70
0
 10
629082.9038905615
 20
4834894.9957546415
 10
629074.319462992
 20
4834922.8694623755
  0
LWPOLYLINE
  5
48C
330
17
100
AcDbEntity
  8
ROADS
100
AcDbPolyline
 90
2
 70
0
 10
628838.6774948
 20
4834926.363193335
 10
628850.5286141527
 20
4834913.584229319
  0
LWPOLYLINE
  5
48D
330
17
100
AcDbEntity
  8
ROADS
100
AcDbPolyline
 90
2
 70
0
 10
628850.5286141527
 20
4834913.584229319
 10
628853.7196064194
 20
4834931.114914672
  0
LWPOLYLINE
  5
48E
330
17
100
AcDbEntity
  8
ROADS
100
AcDbPolyline
 90
2
 70
0
 10
628853.7196064194
 20
4834931.114914672
 10
628838.6774948
 20
4834926.363193335
  0
LWPOLYLINE
  5
48F
330
17
100
AcDbEntity
  8
ROADS
100
AcDbPolyline
 90
2
 70
0
 10
629251.9249127475
 20
4834879.556940436
 10
629255.119320545
 20
4834880.748299031
  0
LWPOLYLINE
  5
490
330
17
100
AcDbEntity
  8
ROADS
100
AcDbPolyline
 90
2
 70
0
 10
629251.9249127475
 20
4834879.556940436
 10
629238.5437703407
 20
4834921.158304751
  0
LWPOLYLINE
  5
491
330
17
100
AcDbEntity
  8
ROADS
100
AcDbPolyline
 90
2
 70
0
 10
629137.6713056181
 20
4834941.868905434
 10
629157.5863970586
 20
4834875.718415609
  0
LWPOLYLINE
  5
492
330
17
100
AcDbEntity
  8
ROADS
100
AcDbPolyline
 90
2
 70
0
 10
629121.3725950494
 20
4834936.9789559385
 10
629074.319462992
 20
4834922.8694623755
  0
LWPOLYLINE
  5
493
330
17
100
AcDbEntity
  8
ROADS
100
AcDbPolyline
 90
2
 70
0
 10
629137.6713056181
 20
4834941.868905434
 10
629121.3725950494
 20
4834936.9789559385
  0
LWPOLYLINE
  5
494
330
17
100
AcDbEntity
  8
ROADS
100
AcDbPolyline
 90
2
 70
0
 10
629151.5514595383
 20
4834946.172097299
 10
629137.6713056181
 20
4834941.868905434
  0
LWPOLYLINE
  5
495
330
17
100
AcDbEntity
  8
ROADS
100
AcDbPolyline
 90
2
 70
0
 10
629216.9347287109
 20
4834966.085761251
 10
629151.5514595383
 20
4834946.172097299
  0
LWPOLYLINE
  5
496
330
17
100
AcDbEntity
  8
ROADS
100
AcDbPolyline
 90
3
 70
0
 10
629121.3725950494
 20
4834936.9789559385
 10
629098.4601661843
 20
4835029.30302192
 10
629124.9062925861
 20
4835032.133265912
  0
LWPOLYLINE
  5
497
330
17
100
AcDbEntity
  8
ROADS
100
AcDbPolyline
 90
2
 70
0
 10
629151.5514595383
 20
4834946.172097299
 10
629124.9062925861
 20
4835032.133265912
  0
LWPOLYLINE
  5
498
330
17
100
AcDbEntity
  8
ROADS
100
AcDbPolyline
 90
2
 70
0
 10
628876.2922137685
 20
4834938.245918315
 10
628853.7196064194
 20
4834931.114914672
  0
LWPOLYLINE
  5
499
330
17
100
AcDbEntity
  8
ROADS
100
AcDbPolyline
 90
2
 70
0
 10
629016.6071239999
 20
4834928.094596687
 10
629001.6545947337
 20
4834976.695580568
  0
LWPOLYLINE
  5
49A
330
17
100
AcDbEntity
  8
ROADS
100
AcDbPolyline
 90
2
 70
0
 10
629001.6545947337
 20
4834976.695580568
 10
628876.2922137685
 20
4834938.245918315
  0
LWPOLYLINE
  5
49B
330
17
100
AcDbEntity
  8
ROADS
100
AcDbPolyline
 90
2
 70
0
 10
629074.319462992
 20
4834922.8694623755
 10
629052.6043892846
 20
4834992.220611712
  0
LWPOLYLINE
  5
49C
330
17
100
AcDbEntity
  8
ROADS
100
AcDbPolyline
 90
3
 70
0
 10
628876.2922137685
 20
4834938.245918315
 10
628863.4548839532
 20
4834981.643768697
 10
628832.3248549188
 20
4834972.236423732
  0
LWPOLYLINE
  5
49D
330
17
100
AcDbEntity
  8
ROADS
100
AcDbPolyline
 90
2
 70
0
 10
629052.6043892846
 20
4834992.220611712
 10
629001.6545947337
 20
4834976.695580568
  0
LWPOLYLINE
  5
49E
330
17
100
AcDbEntity
  8
ROADS
100
AcDbPolyline
 90
3
 70
0
 10
629001.6545947337
 20
4834976.695580568
 10
628987.0444554429
 20
4835022.454558421
 10
628962.3770470667
 20
4835015.083164191
  0
LWPOLYLINE
  5
49F
330
17
100
AcDbEntity
  8
ROADS
100
AcDbPolyline
 90
2
 70
0
 10
629052.6043892846
 20
4834992.220611712
 10
629026.9358460358
 20
4835070.322876338
  0
LWPOLYLINE
  5
4A0
330
17
100
AcDbEntity
  8
ROADS
100
AcDbPolyline
 90
2
 70
0
 10
628964.3661551639
 20
4835064.264422371
 10
628975.0717099875
 20
4835030.804694531
  0
LWPOLYLINE
  5
4A1
330
17
100
AcDbEntity
  8
ROADS
100
AcDbPolyline
 90
2
 70
0
 10
628964.3661551639
 20
4835064.264422371
 10
628940.6088736478
 20
4835057.055488377
  0
LWPOLYLINE
  5
4A2
330
17
100
AcDbEntity
  8
ROADS
100
AcDbPolyline
 90
2
 70
0
 10
628868.2115077641
 20
4835088.6719066305
 10
628792.121532645
 20
4835064.933872192
  0
LWPOLYLINE
  5
4A3
330
17
100
AcDbEntity
  8
ROADS
100
AcDbPolyline
 90
2
 70
0
 10
629026.9358460358
 20
4835070.322876338
 10
629081.3287387926
 20
4835086.353196609
  0
LWPOLYLINE
  5
4A4
330
17
100
AcDbEntity
  8
ROADS
100
AcDbPolyline
 90
2
 70
0
 10
628949.3544850681
 20
4835113.978398546
 10
628964.3661551639
 20
4835064.264422371
  0
LWPOLYLINE
  5
4A5
330
17
100
AcDbEntity
  8
ROADS
100
AcDbPolyline
 90
2
 70
0
 10
629026.9358460358
 20
4835070.322876338
 10
629010.1496787241
 20
4835126.7512361985
  0
LWPOLYLINE
  5
4A6
330
17
100
AcDbEntity
  8
ROADS
100
AcDbPolyline
 90
2
 70
0
 10
628931.5968795794
 20
4835108.414025997
 10
628868.2115077641
 20
4835088.6719066305
  0
LWPOLYLINE
  5
4A7
330
17
100
AcDbEntity
  8
ROADS
100
AcDbPolyline
 90
2
 70
0
 10
628868.2115077641
 20
4835088.6719066305
 10
628856.1323101383
 20
4835123.26836698
  0
LWPOLYLINE
  5
4A8
330
17
100
AcDbEntity
  8
ROADS
100
AcDbPolyline
 90
2
 70
0
 10
628949.3544850681
 20
4835113.978398546
 10
628931.5968795794
 20
4835108.414025997
  0
LWPOLYLINE
  5
4A9
330
17
100
AcDbEntity
  8
ROADS
100
AcDbPolyline
 90
2
 70
0
 10
629010.1496787241
 20
4835126.7512361985
 10
628949.3544850681
 20
4835113.978398546
  0
LWPOLYLINE
  5
4AA
330
17
100
AcDbEntity
  8
ROADS
100
AcDbPolyline
 90
2
 70
0
 10
628856.1323101383
 20
4835123.26836698
 10
628850.532620283
 20
4835141.817881983
  0
LWPOLYLINE
  5
4AB
330
17
100
AcDbEntity
  8
ROADS
100
AcDbPolyline
 90
3
 70
0
 10
628931.5968795794
 20
4835108.414025997
 10
628914.5761913852
 20
4835162.048941393
 10
628850.532620283
 20
4835141.817881983
  0
LWPOLYLINE
  5
4AC
330
17
100
AcDbEntity
  8
ROADS
100
AcDbPolyline
 90
2
 70
0
 10
629171.3151367567
 20
4835043.070368823
 10
629124.9062925861
 20
4835032.133265912
  0
LWPOLYLINE
  5
4AD
330
17
100
AcDbEntity
  8
ROADS
100
AcDbPolyline
 90
2
 70
0
 10
629124.9062925861
 20
4835032.133265912
 10
629107.5470117162
 20
4835085.053047061
  0
LWPOLYLINE
  5
4AE
330
17
100
AcDbEntity
  8
ROADS
100
AcDbPolyline
 90
2
 70
0
 10
629081.3287387926
 20
4835086.353196609
 10
629088.9053725629
 20
4835061.120453096
  0
LWPOLYLINE
  5
4AF
330
17
100
AcDbEntity
  8
ROADS
100
AcDbPolyline
 90
2
 70
0
 10
629081.3287387926
 20
4835086.353196609
 10
629091.0613229347
 20
4835081.267785663
  0
LWPOLYLINE
  5
4B0
330
17
100
AcDbEntity
  8
ROADS
100
AcDbPolyline
 90
2
 70
0
 10
629087.1154566949
 20
4835146.3119034525
 10
629010.1496787241
 20
4835126.7512361985
  0
LWPOLYLINE
  5
4B1
330
17
100
AcDbEntity
  8
ROADS
100
AcDbPolyline
 90
2
 70
0
 10
629010.1496787241
 20
4835126.7512361985
 10
628995.6350771193
 20
4835172.175413546
  0
LWPOLYLINE
  5
4B2
330
17
100
AcDbEntity
  8
ROADS
100
AcDbPolyline
 90
2
 70
0
 10
628995.6350771193
 20
4835172.175413546
 10
629046.2089129628
 20
4835186.376672979
  0
LWPOLYLINE
  5
4B3
330
17
100
AcDbEntity
  8
ROADS
100
AcDbPolyline
 90
2
 70
0
 10
628995.6350771193
 20
4835172.175413546
 10
628975.8269315034
 20
4835240.124408845
  0
LWPOLYLINE
  5
4B4
330
17
100
AcDbEntity
  8
ROADS
100
AcDbPolyline
 90
2
 70
0
 10
628850.532620283
 20
4835141.817881983
 10
628810.925914321
 20
4835273.037670427
  0
LWPOLYLINE
  5
4B5
330
17
100
AcDbEntity
  8
ROADS
100
AcDbPolyline
 90
3
 70
0
 10
628975.8269315034
 20
4835240.124408845
 10
628917.768052987
 20
4835257.770054851
 10
628879.6465622497
 20
4835296.157494753
  0
LWPOLYLINE
  5
4B6
330
17
100
AcDbEntity
  8
ROADS
100
AcDbPolyline
 90
2
 70
0
 10
628879.6465622497
 20
4835296.157494753
 10
628810.925914321
 20
4835273.037670427
  0
LWPOLYLINE
  5
4B7
330
17
100
AcDbEntity
  8
ROADS
100
AcDbPolyline
 90
2
 70
0
 10
628975.8269315034
 20
4835240.124408845
 10
628977.1762316052
 20
4835242.264309751
  0
LWPOLYLINE
  5
4B8
330
17
100
AcDbEntity
  8
ROADS
100
AcDbPolyline
 90
2
 70
0
 10
628879.6465622497
 20
4835296.157494753
 10
628880.6604536816
 20
4835302.569551423
  0
ENDSEC
  0
SECTION
  2
OBJECTS
  0
DICTIONARY
  5
A
330
0
100
AcDbDictionary
281
1
  3
ACAD_COLOR
350
B
  3
ACAD_GROUP
350
C
  3
ACAD_LAYOUT
350
D
  3
ACAD_MATERIAL
350
E
  3
ACAD_MLEADERSTYLE
350
F
  3
ACAD_MLINESTYLE
350
10
  3
ACAD_PLOTSETTINGS
350
11
  3
ACAD_PLOTSTYLENAME
350
12
  3
ACAD_SCALELIST
350
14
  3
ACAD_TABLESTYLE
350
15
  3
ACAD_VISUALSTYLE
350
16
  3
EZDXF_META
350
2D
  0
DICTIONARY
  5
B
330
A
100
AcDbDictionary
281
1
  0
DICTIONARY
  5
C
330
A
100
AcDbDictionary
281
1
  0
DICTIONARY
  5
D
330
A
100
AcDbDictionary
281
1
  3
Model
350
1A
  3
Layout1
350
1E
  0
DICTIONARY
  5
E
330
A
100
AcDbDictionary
281
1
  3
ByBlock
350
1F
  3
ByLayer
350
20
  3
Global
350
21
  0
DICTIONARY
  5
F
330
A
100
AcDbDictionary
281
1
  3
Standard
350
2C
  0
DICTIONARY
  5
10
330
A
100
AcDbDictionary
281
1
  3
Standard
350
22
  0
DICTIONARY
  5
11
330
A
100
AcDbDictionary
281
1
  0
ACDBDICTIONARYWDFLT
  5
12
330
A
100
AcDbDictionary
281
1
  3
Normal
350
13
100
AcDbDictionaryWithDefault
340
13
  0
ACDBPLACEHOLDER
  5
13
330
12
  0
DICTIONARY
  5
14
330
A
100
AcDbDictionary
281
1
  0
DICTIONARY
  5
15
330
A
100
AcDbDictionary
281
1
  0
DICTIONARY
  5
16
330
A
100
AcDbDictionary
281
1
  0
LAYOUT
  5
1A
330
D
100
AcDbPlotSettings
  1

  4
A3
  6

 40
7.5
 41
20.0
 42
7.5
 43
20.0
 44
420.0
 45
297.0
 46
0.0
 47
0.0
 48
0.0
 49
0.0
140
0.0
141
0.0
142
1.0
143
1.0
 70
1024
 72
1
 73
0
 74
5
  7

 75
16
 76
0
 77
2
 78
300
147
1.0
148
0.0
149
0.0
100
AcDbLayout
  1
Model
 70
1
 71
0
 10
0.0
 20
0.0
 11
420.0
 21
297.0
 12
0.0
 22
0.0
 32
0.0
 14
1e+20
 24
1e+20
 34
1e+20
 15
-1e+20
 25
-1e+20
 35
-1e+20
146
0.0
 13
0.0
 23
0.0
 33
0.0
 16
1.0
 26
0.0
 36
0.0
 17
0.0
 27
1.0
 37
0.0
 76
1
330
17
  0
LAYOUT
  5
1E
330
D
100
AcDbPlotSettings
  1

  4
A3
  6

 40
7.5
 41
20.0
 42
7.5
 43
20.0
 44
420.0
 45
297.0
 46
0.0
 47
0.0
 48
0.0
 49
0.0
140
0.0
141
0.0
142
1.0
143
1.0
 70
0
 72
1
 73
0
 74
5
  7

 75
16
 76
0
 77
2
 78
300
147
1.0
148
0.0
149
0.0
100
AcDbLayout
  1
Layout1
 70
1
 71
1
 10
0.0
 20
0.0
 11
420.0
 21
297.0
 12
0.0
 22
0.0
 32
0.0
 14
1e+20
 24
1e+20
 34
1e+20
 15
-1e+20
 25
-1e+20
 35
-1e+20
146
0.0
 13
0.0
 23
0.0
 33
0.0
 16
1.0
 26
0.0
 36
0.0
 17
0.0
 27
1.0
 37
0.0
 76
1
330
1B
  0
MATERIAL
  5
1F
102
{ACAD_REACTORS
330
E
102
}
330
E
100
AcDbMaterial
  1
ByBlock
  2

 70
0
 40
1.0
 71
1
 41
1.0
 91
-1023410177
 42
1.0
 72
1
  3

 73
1
 74
1
 75
1
 44
0.5
 73
0
 45
1.0
 46
1.0
 77
1
  4

 78
1
 79
1
170
1
 48
1.0
171
1
  6

172
1
173
1
174
1
140
1.0
141
1.0
175
1
  7

176
1
177
1
178
1
143
1.0
179
1
  8

270
1
271
1
272
1
145
1.0
146
1.0
273
1
  9

274
1
275
1
276
1
 42
1.0
 72
1
  3

 73
1
 74
1
 75
1
 94
63
  0
MATERIAL
  5
20
102
{ACAD_REACTORS
330
E
102
}
330
E
100
AcDbMaterial
  1
ByLayer
  2

 70
0
 40
1.0
 71
1
 41
1.0
 91
-1023410177
 42
1.0
 72
1
  3

 73
1
 74
1
 75
1
 44
0.5
 73
0
 45
1.0
 46
1.0
 77
1
  4

 78
1
 79
1
170
1
 48
1.0
171
1
  6

172
1
173
1
174
1
140
1.0
141
1.0
175
1
  7

176
1
177
1
178
1
143
1.0
179
1
  8

270
1
271
1
272
1
145
1.0
146
1.0
273
1
  9

274
1
275
1
276
1
 42
1.0
 72
1
  3

 73
1
 74
1
 75
1
 94
63
  0
MATERIAL
  5
21
102
{ACAD_REACTORS
330
E
102
}
330
E
100
AcDbMaterial
  1
Global
  2

 70
0
 40
1.0
 71
1
 41
1.0
 91
-1023410177
 42
1.0
 72
1
  3

 73
1
 74
1
 75
1
 44
0.5
 73
0
 45
1.0
 46
1.0
 77
1
  4

 78
1
 79
1
170
1
 48
1.0
171
1
  6

172
1
173
1
174
1
140
1.0
141
1.0
175
1
  7

176
1
177
1
178
1
143
1.0
179
1
  8

270
1
271
1
272
1
145
1.0
146
1.0
273
1
  9

274
1
275
1
276
1
 42
1.0
 72
1
  3

 73
1
 74
1
 75
1
 94
63
  0
MLINESTYLE
  5
22
102
{ACAD_REACTORS
330
10
102
}
330
10
100
AcDbMlineStyle
  2
Standard
 70
0
  3

 62
256
 51
90.0
 52
90.0
 71
2
 49
0.5
 62
256
  6
BYLAYER
 49
-0.5
 62
256
  6
BYLAYER
  0
MLEADERSTYLE
  5
2C
102
{ACAD_REACTORS
330
F
102
}
330
F
100
AcDbMLeaderStyle
179
2
170
2
171
1
172
0
 90
2
 40
0.0
 41
0.0
173
1
 91
-1056964608
 92
-2
290
1
 42
2.0
291
1
 43
8.0
  3
Standard
 44
4.0
300

342
29
174
1
175
1
176
0
178
1
 93
-1056964608
 45
4.0
292
0
297
0
 46
4.0
 94
-1056964608
 47
1.0
 49
1.0
140
1.0
294
1
141
0.0
177
0
142
1.0
295
0
296
0
143
3.75
271
0
272
9
273
9
  0
DICTIONARY
  5
2D
330
A
100
AcDbDictionary
280
1
281
1
  3
CREATED_BY_EZDXF
350
2E
  3
WRITTEN_BY_EZDXF
350
4BB
  0
DICTIONARYVAR
  5
2E
330
2D
100
DictionaryVariables
280
0
  1
1.4.4 @ 2026-07-07T18:25:43.456414+00:00
  0
DICTIONARYVAR
  5
4BB
330
2D
100
DictionaryVariables
280
0
  1
1.4.4 @ 2026-07-07T18:25:43.493265+00:00
  0
ENDSEC
  0
EOF
