segment_id,T1024 Choice,T1024 Integration,T1024 Node Count,T1024 Total Depth,Angular Connectivity,Connectivity,Segment Length,local_nain,local_nach,integrated,citywide_nain,citywide_nach,citywide_match_distance_m,citywide_matched,blended_nain,blended_nach
0,0,105.52528,572,3100.5273,0.56768501,1,18.815926,0.6563864737219968,0.0,73.14455030979877,,,,False,0.6563864737219968,0.0
1,965,117.79057,572,2777.6758,0.91767251,2,55.783329,0.7326239103399137,0.8666802597974476,809.7157590725859,0.8427909,0.4335345,0.0,True,0.7656740072379395,0.7367365318582133
2,1926,126.80533,572,2580.207,3.0595446,4,31.624851,0.7886497690050518,0.9626988406988659,959.1857560426909,0.87006122,0.79120642,0.0,True,0.8130732043035362,0.9112511144892061
3,0,128.88058,572,2538.6602,2.7648454,3,16.704777,0.8015463673864092,0.0,89.33321065593049,0.87537545,0.0,0.0,True,0.8236950921704864,0.0
4,4557,150.00726,572,2181.1211,3.5036793,5,48.045082,0.9328190516198245,1.0956786854547533,1263.7899515053086,0.93432629,0.90082639,0.0,True,0.9332712231338771,1.0372229968183273
5,0,-1.0,1,-1.0,0.0,0,100.84804,1.0,0.0,-0.6931471805599453,,,,False,1.0,0.0
6,0,95.849457,572,3413.5195,0.37340781,1,35.979874,0.5962363716773474,0.0,66.4377808777517,0.75385052,0.0,0.0,True,0.6435206161741431,0.0
7,968,102.18126,572,3201.9961,0.99589825,2,34.324276,0.6355990739418278,0.8518170881096431,702.7307779786573,0.77715129,0.85377896,0.0,True,0.6780647387592795,0.8524056496767501
8,1932,114.83304,572,2849.2148,1.7213633,3,79.009804,0.7142418572158182,0.9511023257664819,868.9813087074554,0.8195467,0.90808433,0.0,True,0.7458333100510728,0.9381969270365373
9,3086,132.6528,572,2466.4688,1.739713,3,22.707844,0.8249879253378563,1.0285718872574667,1065.9022463442914,0.88470399,0.98677355,0.0,True,0.8429027447364994,1.0160323860802267
10,3893,132.6528,572,2466.4688,0.018215902,2,28.211042,0.8249879253378563,1.0583010661632515,1096.7002531762216,0.88471597,1.1403004,0.0,True,0.8429063387364994,1.082900866314276
11,786,116.07527,572,2818.7227,1.7324988,4,61.329536,0.721962833877016,0.8392878434186978,774.1637915447376,0.81516242,0.88291383,0.0,True,0.7499227097139112,0.8523756393930885
12,4696,133.0591,572,2458.9375,1.3031597,3,182.30717,0.8275126670519782,1.0827250427269233,1125.0003421010726,0.88595265,1.1826068,0.0,True,0.8450446619363847,1.1126895699088464
13,754,117.7803,572,2777.918,3.6444068,4,45.856434,0.7325600805754802,0.8355951529313643,780.6527016988383,0.80052233,0.64013636,0.0,True,0.7529487554028361,0.776957515051955
14,128,109.75832,572,2980.9492,3.3533373,4,43.352814,0.6826991737148014,0.6074004024992236,534.2524038241279,0.79091787,0.397246,0.0,True,0.715164782600361,0.5443540817494565
15,2866,133.63803,572,2448.2852,1.3748612,3,110.53957,0.8311101720212928,1.0200725713761856,1063.9418298584978,0.78237975,0.69461453,0.0,True,0.816491045414905,0.92243515896333
16,3538,150.76138,572,2170.2109,1.1545087,2,67.20507,0.9375042515776105,1.0634618588137053,1232.0042084409986,0.79542249,0.71520895,0.0,True,0.8948797231043273,0.9589859861695937
17,4241,166.44498,572,1965.7188,1.2012732,2,44.23344,1.0349329152484734,1.101204731476919,1390.319219744184,0.82747662,0.81396043,0.0,True,0.9726960266739314,1.0150314410338435
18,4981,206.04794,572,1587.9023,1.6797382,3,21.151178,1.280869242137223,1.1548455385461533,1754.2483550138431,0.8855046,0.85865474,0.0,True,1.162259849496056,1.0659882989823073
19,1181,133.1272,572,2457.6797,3.0022559,4,38.73093,0.8279358300486147,0.906094828369257,941.9826217966234,0.78229636,0.78470707,0.0,True,0.8142439890340303,0.86967850085848
20,0,149.83096,572,2183.6875,1.2926919,2,39.830753,0.9317237501121399,0.0,103.85490748458994,0.93264002,1.0696721,4.491700460211372,True,0.931998631078498,0.32090163000000005
21,2109,131.28221,572,2492.2188,2.1796763,5,24.711843,0.8164708541500961,0.9785623050469694,1004.9544274082032,0.88033712,0.88844997,0.0,True,0.8356307339050673,0.9515286045328786
22,0,114.04951,572,2868.7891,1.6226282,2,40.128845,0.7093718427707656,0.0,79.05309630074328,0.81927085,0.54201877,6.512211620323638,True,0.7423415449395359,0.16260563100000003
23,2047,151.74135,572,2156.1953,1.4930879,4,60.211567,0.9435925256964593,0.993113388266808,1157.044052568421,0.93593752,1.0934739,0.0,True,0.9412960239875215,1.0232215417867656
24,705,130.29076,572,2511.1836,3.6963105,4,47.277084,0.810309662244027,0.8377859144477644,854.8416718429706,0.87404734,0.9611482,0.0,True,0.8294309655708189,0.874794600113435
25,196,122.86906,572,2662.8672,3.4298005,4,11.515888,0.7641870311861048,0.6697531768110163,649.7643990904287,0.85484427,0.59096491,0.0,True,0.7913842028302733,0.6461166967677114
26,1673,147.46996,572,2218.6484,3.5456038,4,19.3664,0.9170551061001947,0.9632710488739725,1094.7533415321614,0.92726183,0.90107173,0.0,True,0.9201171232701363,0.9446112532117807
27,2720,151.20418,572,2163.8555,3.0290687,4,20.747444,0.9402552266636568,1.0296473718782975,1195.8923342322912,0.93584508,1.0967501,0.0,True,0.9389321826645598,1.0497781903148082
28,6147,157.19136,572,2081.4375,1.2072965,4,49.842209,0.9774504654318777,1.1415325565733834,1371.3444583172802,0.94895971,1.1089772,0.0,True,0.9689032388023144,1.1317659496013683
29,1282,123.6722,572,2645.5742,1.4723703,4,83.636017,0.7691784253197617,0.9080384542634243,885.2128943552514,0.8445887,0.9379369,0.0,True,0.7918015077238332,0.917007987984397
30,10241,179.3215,572,1824.5664,2.2088258,3,85.587212,1.1149098954591674,1.2294729343383781,1655.917462042696,1.0058756,1.1965985,0.0,True,1.0821996068214172,1.2196106040368648
31,11119,192.34715,572,1701.0078,2.7188613,4,96.508156,1.195800133195648,1.2520935707121748,1792.0196288184525,1.0314,1.1997772,0.0,True,1.1464800932369537,1.2363986594985223
32,520,125.70289,572,2602.8359,1.2637678,3,35.289951,0.7817985593922548,0.7953395275814825,786.6069004561767,0.80985373,0.83439267,0.0,True,0.7902151105745784,0.8070554703070377
33,589,125.0037,572,2617.3945,1.0267911,2,57.954174,0.7774533213966922,0.8105777617401503,797.7506148950267,0.8466875,0.86762708,0.0,True,0.7982235749776845,0.8276925572181052
34,944,136.96199,572,2388.8672,2.0946071,4,62.100868,0.8517649805364462,0.8806343177205731,938.4967782200575,0.88802457,0.89259267,0.0,True,0.8626428573755123,0.8842218234044011
35,6888,162.43245,572,2014.2773,2.7973654,4,46.838955,1.0100083723966082,1.1614004282119792,1435.549788980363,0.96227157,1.112891,0.0,True,0.9956873316776258,1.1468475997483853
36,85,128.92046,572,2537.875,2.8801317,3,27.171471,0.8017941647022896,0.5681374270304135,575.7469289746834,0.8733868,0.48165327,0.0,True,0.8232719552916028,0.5421921799212894
37,961,151.80873,572,2155.2383,3.0382683,4,30.641251,0.9440111248132521,0.8947468921580393,1042.9340834772404,0.93825948,0.86586422,0.0,True,0.9422856313692765,0.8860820905106275
38,2654,140.44868,572,2329.5625,3.813132,5,12.454279,0.8734301371175887,1.0166965616408046,1107.3783632722598,0.90909427,0.94502699,0.0,True,0.8841293769823121,0.9951956901485632
39,10991,171.6442,572,1906.1758,3.4782233,5,73.392303,1.067227115066247,1.2317179219320813,1597.1516815434957,0.98356575,1.1272781,0.0,True,1.0421287055463728,1.2003859753524568
40,1991,156.9969,572,2084.0156,2.9330029,5,61.512096,0.9762424375317363,0.993903839552232,1192.7676703448162,0.95090443,0.91809821,0.0,True,0.9686410352722155,0.9711621506865624
41,621,153.76881,572,2127.7656,4.5071936,6,106.92912,0.9561883026344437,0.8393451823938471,989.4325610835893,0.94137347,0.79617721,0.0,True,0.9517438528441106,0.826394790675693
42,24329,206.47714,572,1584.6016,4.6782923,7,18.397249,1.2835339092518423,1.370351860863677,2085.3172250582616,1.0554904,1.2288989,0.0,True,1.2151208564762896,1.327915972604574
43,1113,136.33354,572,2399.8789,4.2183533,5,16.129032,0.847859962495706,0.9012501717177585,956.5992370035799,0.88864213,0.90941179,0.0,True,0.8600946127469943,0.9036986572024309
44,9451,159.39511,572,2052.6602,2.0305223,4,112.82874,0.9911405078432083,1.1999946029833968,1459.1167729222714,0.80310082,1.0277287,0.0,True,0.9347286014902457,1.1483148320883778
45,10506,159.54996,572,2050.668,2.0530572,4,105.3768,0.9921024510896198,1.2140202339913861,1477.4154222653206,0.80310267,1.0369351,0.0,True,0.9354025167627338,1.1608946937939701
46,2617,164.9613,572,1983.3984,2.9981184,4,161.71815,1.0257170319434263,1.0363556316075766,1298.33580414219,0.81566405,0.6372121,0.0,True,0.9627011373603984,0.9166125721253036
47,8937,197.85864,572,1653.625,3.0671997,4,90.581642,1.2300230753179178,1.2273889892016407,1800.1533244232355,0.88842583,1.0526216,0.0,True,1.1275439017225424,1.1749587724411485
48,7051,205.35535,572,1593.2578,2.0683198,4,106.36569,1.2765691877972498,1.2014325685655427,1819.6965395103036,0.88549829,0.8846761,0.0,True,1.1592479184580748,1.1064056279958798
49,414,128.92403,572,2537.8047,2.2644083,3,178.68039,0.801816357798388,0.7688899195510159,777.5002474144809,0.74732769,0.46724251,0.0,True,0.7854697574588716,0.6783956966857111
50,244,131.15436,572,2494.6484,1.5387313,3,61.229191,0.8156763099174188,0.7032064967875573,722.048234183026,0.76051831,0.42411751,0.0,True,0.7991289099421932,0.61947980075129
51,0,153.5647,572,2130.5938,3.9888263,4,160.21228,0.9549202262865191,0.0,106.44293883853382,0.8124904,0.0,0.0,True,0.9121912784005632,0.0
52,10052,198.30789,572,1649.8789,2.0149121,4,95.564583,1.2328124985876554,1.2436283168950533,1827.551146992186,0.88908637,1.0601046,0.0,True,1.1296946600113589,1.1885712018265373
53,7762,205.35384,572,1593.2695,2.0068493,4,96.222595,1.2765598252039718,1.2144553830816658,1839.406287961032,0.88549823,0.90387899,0.0,True,1.1592413466427804,1.121282465157166
54,0,153.39343,572,2132.9727,4.0105877,4,161.1734,0.9538562034414904,0.0,106.32422352091932,0.81221366,0.0,0.0,True,0.9113634404090432,0.0
55,1857,135.88985,572,2407.7148,2.6794057,4,91.945053,0.8451028951945797,0.9665596547200697,1022.9507958223688,0.89514506,0.91395903,0.0,True,0.8601155446362059,0.9507794673040488
56,914,124.94086,572,2618.7109,3.2184362,4,36.847656,0.7770628015754152,0.8662710646626628,852.0987098164594,0.86344314,0.86032617,0.0,True,0.8029769031027907,0.864487596263864
57,88,106.4232,572,3074.3672,4.0380855,5,116.68996,0.6619681012309674,0.5588560184257564,478.88414450749184,0.79447728,0.39802617,0.0,True,0.7017208548616771,0.5106070638980295
58,854,114.56054,572,2855.9922,3.1922441,4,78.447243,0.7125481147475586,0.8483175486439468,773.5437405168011,0.82649428,0.85744113,0.0,True,0.746731964323291,0.8510546230507627
59,1737,122.79197,572,2664.5391,2.4176447,3,61.661205,0.7637078916537274,0.9456932268151382,916.1589328066258,0.8533358,0.91059148,0.0,True,0.7905962641576092,0.9351627027705969
60,0,116.28509,572,2813.6367,1.9196546,3,24.226795,0.7232669449411665,0.0,80.60268227465949,0.83451945,0.0,0.0,True,0.7566426964588165,0.0
61,2632,130.75204,572,2502.3242,0.90018719,3,108.70102,0.8131762469384866,1.0063512179562495,1029.8369164292667,0.81504995,0.85619962,0.0,True,0.8137383578569406,0.9613057385693746
62,1984,124.18433,572,2634.6641,1.586934,3,79.894463,0.772361164273154,0.9639137513033801,943.0406322341307,0.84168363,0.90809751,0.0,True,0.7931579039912078,0.947168878912366
63,3263,149.29097,572,2191.5859,1.6727338,3,169.0479,0.9283689114126908,1.0515951433275035,1207.9154838615555,0.92362338,0.95086402,0.0,True,0.9269452519888836,1.0213758063292524
64,2718,146.34859,572,2235.6484,1.1755967,3,74.116325,0.9100879986655758,1.0252010967595049,1157.3813099362033,0.88549167,0.93813133,0.0,True,0.902709100065903,0.9990801667316535
65,138,119.17661,572,2745.3711,3.6854339,4,62.73534,0.741238398435955,0.6231369097015919,588.9281917587642,0.83815336,0.28961346,0.0,True,0.7703128869051685,0.5230798747911143
66,3158,133.48682,572,2451.0586,3.475389,4,62.495804,0.8301705283653753,1.032350566244357,1075.6804866746572,0.80398226,0.61881274,0.0,True,0.8223140478557627,0.9082892183710498
67,1980,149.2072,572,2192.8164,2.8391771,4,50.2276,0.9278484314556915,0.9866197025227951,1132.7604292659253,0.87386549,0.91324782,0.0,True,0.9116535490189841,0.9646081377659566
68,6027,153.40663,572,2132.7891,1.5360377,4,30.07766,0.9539382387109002,1.135337732030074,1335.3029194148621,0.86100113,0.90006608,0.0,True,0.9260571060976301,1.0647562364210517
69,3346,174.05502,572,1879.7734,4.7572889,6,30.408655,1.0822009462314792,1.0762971194922397,1412.6511559361368,0.99434692,0.96074569,0.0,True,1.0558447383620355,1.0416316906445677
70,2433,155.79988,572,2100.0273,3.5988314,6,96.41394,0.9688061397077133,1.0191028065351133,1214.881041409256,0.9438917,0.94906884,0.0,True,0.9613318077953994,0.9980926165745794
71,314,136.99022,572,2388.375,3.4794338,4,35.618675,0.8519403667095028,0.7394409796238818,788.4803921025581,0.89508575,0.44511756,0.0,True,0.8648839816966519,0.6511439537367173
72,7040,154.05389,572,2123.8281,5.3943467,6,45.321186,0.9579593731370978,1.156233102242746,1364.863161359869,0.93735898,1.0160891,0.0,True,0.9517792551959684,1.1141899015699221
73,6596,151.33969,572,2161.918,1.4189651,4,16.387539,0.9410970998315221,1.1450797562450832,1330.9602107479016,0.92900103,1.0049866,0.0,True,0.9374682788820654,1.1030518093715582
74,678,146.69539,572,2230.3633,1.8276089,3,29.912197,0.9122426238028675,0.8455969323471176,956.7609466437617,0.92308074,0.7947396,0.0,True,0.9154940586620073,0.8303397326429824
75,250,131.99202,572,2478.8164,1.2171826,2,29.658283,0.8208817686279515,0.7068737996475262,729.8405147073895,0.88413632,0.41481876,0.0,True,0.8398581340395661,0.6192572877532683
76,162,117.71409,572,2779.4805,1.4177272,2,39.247829,0.7321485640734233,0.6422503104378501,600.3261356728763,0.84289598,0.36308637,0.0,True,0.7653727888513964,0.558501128306495
77,449,131.61703,572,2485.8789,1.5234694,3,59.941288,0.8185514793638982,0.7812749032905046,804.3731801673442,0.89484006,0.79238778,0.0,True,0.8414380535547288,0.7846087663033532
78,36920,215.92462,572,1515.2695,4.5526052,6,175.1946,1.3421853889986106,1.4356405553810534,2270.78483889113,1.077722,1.2413619,0.0,True,1.2628463722990273,1.3773569587667374
79,423,143.9108,572,2273.5195,1.684996,3,31.311363,0.8949415524996502,0.7825896578967534,870.960993971248,0.92613268,0.79443377,0.0,True,0.9042988907497552,0.7861428915277273
80,120,131.78352,572,2482.7383,0.81834364,2,121.13287,0.8195860924561865,0.6134038361700971,633.0908034290261,0.88389021,0.38276684,0.0,True,0.8388773277193305,0.5442127373190679
81,166,138.77165,572,2357.7148,2.7533145,4,82.994629,0.8630097815520874,0.6589646579276841,711.0609359623562,0.90227717,0.41379687,0.0,True,0.8747899980864611,0.5854143215493789
82,0,160.75523,572,2035.293,4.0129595,4,82.568718,0.9995896290191091,0.0,111.42703443476555,0.97594923,0.0,0.0,True,0.9924975093133763,0.0
83,763,131.5945,572,2486.3047,1.380088,3,52.172897,0.8184114084071888,0.8489479064988585,873.7711404144861,0.89483953,0.84364164,0.0,True,0.8413398448850322,0.8473560265492008
84,1082,138.45166,572,2363.1641,2.1842637,3,61.648327,0.8610214209124972,0.899403707352014,967.5574058137256,0.91679674,0.87521106,0.0,True,0.8777540166387481,0.8921459131464098
85,11602,198.75163,572,1646.1953,2.0151172,4,97.395042,1.2355677473860214,1.2633592001250384,1860.137402958094,0.88974786,1.0697006,0.0,True,1.131821781170215,1.2052616200875268
86,1113,142.09801,572,2302.5234,1.7622204,3,63.405872,0.8836781410304742,0.9060642305720686,997.0462730280975,0.79450572,0.87907016,0.0,True,0.8569264147213319,0.8979660094004481
87,1903,158.4657,572,2064.6992,1.7644269,3,57.414448,0.9853668855502666,0.9891960331058622,1196.7705683394238,0.83007348,0.92185587,0.0,True,0.9387788638851866,0.9689939841741035
88,8457,205.35434,572,1593.2656,2.002718,4,96.386963,1.2765629460531387,1.2260814089129224,1857.016471417421,0.88549823,0.9191156,0.0,True,1.1592435312371971,1.1339916662390457
89,1,153.53656,572,2130.9844,4.0028276,4,160.53229,0.9547453577594041,0.09042135880355961,168.67715157582856,0.81248987,0.050939687,0.0,True,0.9120687114315829,0.07857685726249174
90,13159,198.75163,572,1646.1953,2.0073903,4,96.088356,1.2355677473860214,1.2803567046974047,1885.161832051071,0.88974786,1.0781481,0.0,True,1.131821781170215,1.2196941232881833
91,3178,181.18735,572,1805.7773,1.5043025,3,54.581669,1.1264976908788642,1.0751846715870286,1461.2101117588707,0.86931276,0.95886844,0.0,True,1.049342211615205,1.04028980211092
92,4026,195.02945,572,1677.6133,1.3104647,3,50.440475,1.2124558397300307,1.1176616408732734,1618.944389692224,0.89035577,0.97795409,0.0,True,1.1158258188110215,1.0757493756112915
93,9161,205.58014,572,1591.5156,2.0171485,4,95.965553,1.2779648684162412,1.2371056931158753,1875.4930035485966,0.88582498,0.9317708,0.0,True,1.1603229018913688,1.1455052251811129
94,3,153.88239,572,2126.1953,3.9827085,4,159.47356,0.9568938311597756,0.18089573572934334,247.66415252197004,0.81304294,0.10188447,0.0,True,0.9137385638118429,0.15719235601054032
95,14364,198.97354,572,1644.3594,2.7799282,5,79.056206,1.2369455624775658,1.2923777280857651,1904.6980054301582,0.89007896,1.0835236,0.0,True,1.132885581734296,1.2297214896600355
96,326,152.40456,572,2146.8125,4.2213326,5,107.65833,0.9477127269471989,0.7545754747870752,882.8816900597978,0.81703371,0.78673327,0.0,True,0.9085090218630393,0.7642228133509525
97,5571,157.95856,572,2071.3281,2.4545736,4,77.741814,0.9822164442150896,1.1293788099087707,1362.50137989263,0.84421438,0.84456998,0.0,True,0.9408158249505627,1.0439361609361395
98,0,158.81935,572,2060.1016,0.98877102,2,68.855949,0.987563830062121,0.0,110.08518467086314,0.84407854,0.79074687,8.547179893247243,True,0.9445182430434848,0.23722406100000004
99,911,137.13129,572,2385.918,1.9894379,3,69.149162,0.852816953544145,0.8762044134159929,934.787784895274,0.82001406,0.73215872,0.0,True,0.8429760854809015,0.832990705391195
100,1530,141.87874,572,2306.082,0.50200802,2,150.59416,0.8823156863894904,0.9469399783212137,1040.5854069656586,0.81154627,0.65407944,0.0,True,0.8610848614726433,0.8590818168248496
101,2167,148.57991,572,2202.0742,1.2335464,3,42.075344,0.9239511782648823,0.9977974879075466,1141.3940646967212,0.82561159,0.77223736,0.0,True,0.8944493017854176,0.9301294495352825
102,6672,197.86519,572,1653.5703,4.016233,5,299.54053,1.230063715248593,1.1879688738354575,1742.3958490998195,0.89172977,0.7322402,0.0,True,1.128563531674015,1.0512502716848202
103,0,162.5961,572,2012.25,2.0080559,3,265.46326,1.0110249244499083,0.0,112.70302828504292,,,,False,1.0110249244499083,0.0
104,2801,156.28973,572,2093.4453,4.1264191,6,71.854858,0.9718492551789483,1.0379302183012569,1240.697511811246,0.81957787,0.70082939,0.0,True,0.9261678396252637,0.9367999698108798
105,0,165.08258,572,1981.9414,3.1014853,4,37.354855,1.026470315137951,0.0,114.42652488656162,0.84206098,0.0,0.0,True,0.9711475145965657,0.0
106,0,151.02942,572,2166.3594,3.4977236,4,54.112106,0.939169472585231,0.0,104.6856166546038,0.81293929,0.0,0.0,True,0.9013004178096617,0.0
107,84,136.65674,572,2394.2031,3.4853601,4,52.43235,0.8498682578589551,0.5708838559570919,608.7165803338186,0.87311155,0.83477128,0.0,True,0.8568412455012686,0.6500500831699643
108,401,160.86484,572,2033.9062,2.3877044,3,51.706509,1.0002705203575821,0.7870199011703187,965.0179702077031,0.97476608,0.79746401,0.0,True,0.9926191882503075,0.790153133819223
109,0,131.98163,572,2479.0117,1.6080766,2,20.039125,0.8208171505492005,0.0,91.48269472020588,0.90053725,0.0,0.0,True,0.8447331803844403,0.0
110,0,121.62462,572,2690.1133,2.7177687,3,20.602137,0.7564529152889767,0.0,84.30376243967473,0.86566013,0.0,0.0,True,0.7892150797022837,0.0
111,1082,146.87648,572,2227.6133,2.9043639,4,51.597614,0.9133677817912316,0.9062855230422056,1026.4335289576993,0.93514848,0.87646806,0.0,True,0.919901991253862,0.8973402841295439
112,37909,216.48549,572,1511.3438,2.0161958,4,98.861938,1.3456670943332425,1.439758044670595,2282.405782080931,1.0786905,1.2422241,0.0,True,1.2655741160332696,1.3804978612694165
113,2246,161.88588,572,2021.0781,1.7429553,4,20.009398,1.0066131179380706,1.0137243458547902,1249.4022312805992,0.97517931,0.93088287,0.0,True,0.9971829755566495,0.9888719030983532
114,4090,165.02435,572,1982.6406,2.6848905,4,51.932259,1.0261086838963325,1.0951905072925194,1372.4727197820446,0.98199564,0.97654426,0.0,True,1.0128747707274328,1.0595966331047637
115,42434,219.99318,572,1487.2461,2.0037065,4,242.99185,1.3674415223066407,1.4583510749332054,2344.1928420364734,1.0855136,1.245905,0.0,True,1.2828631456146486,1.3946172524532439
116,0,158.77028,572,2060.7383,2.0447006,2,218.94194,0.9872590013348895,0.0,110.05117193871308,0.97159851,0.0,0.0,True,0.9825608539344227,0.0
117,43829,222.5984,572,1469.8398,3.1160567,5,178.18929,1.3836131853977776,1.4651337202054375,2379.1532041144023,1.0909327,1.2474359,0.0,True,1.2958090397784443,1.3998243741438063
118,91060,283.72144,572,1153.1875,2.0032156,4,92.62635,1.7628800121826351,1.6190945621592163,3239.899068643264,0.98621792,1.2746357,0.0,True,1.5298813845278445,1.5157569035114515
119,89910,283.72144,572,1153.1875,2.9845462,5,89.217827,1.7628800121826351,1.6172925587759195,3236.2932020790035,0.98621792,1.2749497,0.0,True,1.5298813845278445,1.5145897011431437
120,0,191.38945,572,1709.5195,1.9880596,3,7.6017113,1.189853200079361,0.0,132.66105765641862,,,,False,1.189853200079361,0.0
121,1711,177.86421,572,1839.5156,4.8014107,6,28.637897,1.1058591923268137,0.9902286690575351,1324.377174158236,0.86484903,0.91105688,0.0,True,1.0335561436287697,0.9664771323402745
122,491,148.41643,572,2204.5,3.1447346,4,71.411285,0.922935397268628,0.8050373902867299,920.2574357936646,0.90479439,0.84084052,0.0,True,0.9174930950880396,0.815778329200711
123,915,154.6241,572,2115.9961,2.8479309,5,45.493614,0.9615017487866139,0.8904929553290631,1054.7076039009307,0.92496061,0.92902458,0.0,True,0.9505394071506297,0.9020524427303442
124,2145,153.93103,572,2125.5234,4.0258102,6,85.986969,0.9571960308747851,1.0010670688008179,1180.9322009790826,0.92665803,0.9458639,0.0,True,0.9480346306123496,0.9845061181605725
125,1070,153.77785,572,2127.6406,4.0235128,6,93.739365,0.9562444264413571,0.910253924506394,1072.9513235610918,0.92700005,0.97059327,0.0,True,0.94747111350895,0.9283557281544758
126,10024,197.90211,572,1653.2617,2.9824152,5,130.71857,1.2302930431322296,1.2429090079997023,1823.2596711663257,0.89173663,0.82561797,0.0,True,1.1287261191925608,1.1177216965997916
127,0,153.30275,572,2134.2344,2.0119405,3,1.745302,0.9532928381235822,0.0,106.26136893458616,,,,False,0.9532928381235822,0.0
128,895,162.58821,572,2012.3477,3.3030632,5,130.88472,1.010975887664889,0.8934610510103628,1105.4463223021467,0.85269266,0.79847646,0.0,True,0.9634909193654224,0.864965673707254
129,4110,198.67102,572,1646.8633,4.1777692,5,202.64406,1.2350671848134578,1.1232341655154652,1653.2736353316138,0.89476109,0.88213032,0.0,True,1.1329753563694205,1.0509030118608256
130,3341,188.73376,572,1733.5742,4.1758595,5,73.499344,1.1733620804418663,1.0877592632489468,1531.503477069878,0.88026863,0.83190364,0.0,True,1.0854340453093063,1.0110025762742627
131,0,189.66243,572,1725.0859,1.9961078,2,159.95125,1.1791289327723813,0.0,131.463978612648,0.89166212,0.0,0.0,True,1.092888888940667,0.0
132,55367,283.13638,572,1155.5703,3.0224051,5,80.709496,1.7592512127109927,1.5481001901147267,3092.351878955949,0.9858411,1.2241225,0.0,True,1.527228178897695,1.4509068830803087
133,18529,222.09729,572,1473.1562,3.0220151,5,41.025089,1.3805025895381302,1.3467015558774986,2182.5945514444757,1.0928994,1.3343159,0.0,True,1.2942216326766913,1.342985859114249
134,52987,283.13638,572,1155.5703,2.0176542,4,81.217499,1.7592512127109927,1.5418724512377229,3079.912133309962,0.9858411,1.2235897,0.0,True,1.527228178897695,1.446387625866406
135,1422,198.85544,572,1645.3359,3.9972777,5,40.528206,1.2362123317249551,0.9801554522416603,1443.9341106031168,0.90150064,0.61110634,0.0,True,1.1357988242074686,0.8694407185691623
136,613,161.39426,572,2027.2344,4.0020571,5,80.81353,1.0035592507564566,0.8429718642204772,1036.4129739121547,0.97913617,0.94863266,0.0,True,0.9962323265295195,0.8746701029543341
137,51508,283.17371,572,1155.418,1.9869926,4,50.996357,1.7594827055335478,1.537888471434868,3072.3020137165213,0.98584133,1.2230675,0.0,True,1.5273902928734833,1.4434421800044075
138,1343,198.28395,572,1650.0781,3.0024836,4,40.501717,1.2326638517109014,0.9720677721807642,1428.4671780145898,0.9011091,0.62988174,0.0,True,1.133197426197631,0.869411962526535
139,50195,283.17468,572,1155.4141,2.00455,4,43.367249,1.75948863425219,1.534229118433456,3065.000769409063,0.98584133,1.221992,0.0,True,1.527394442976533,1.4405579829034192
140,379,161.2827,572,2028.6367,3.9821739,5,80.222221,1.0028662212562334,0.7798983259994965,958.4707287787472,0.9791339,0.87828243,0.0,True,0.9957465248793633,0.8094135571996475
141,4079,200.59322,572,1631.082,4.1454782,5,192.16951,1.247002265699596,1.1236702304291757,1667.7515559024707,0.89772445,0.94676143,0.0,True,1.1422189209897173,1.070597590300423
142,3238,190.34041,572,1718.9414,1.4075695,3,59.683895,1.183338929537768,1.084793270336931,1538.5840815611284,0.8831349,0.92197156,0.0,True,1.0932777206764377,1.0359467572358516
143,129,148.36935,572,2205.1992,3.6928201,4,86.045341,0.9226430283561301,0.6321528629170132,723.3298579650947,0.81471139,0.22020185,0.0,True,0.8902635368492912,0.5085675590419092
144,974,191.34966,572,1709.875,4.0218544,6,225.47881,1.1896061067970662,0.9243222586099109,1317.1482255328658,0.89044935,1.0431073,0.0,True,1.0998590797579464,0.9599577710269377
145,10612,197.90211,572,1653.2617,3.0224774,5,140.20786,1.2302930431322296,1.2505985983364913,1834.5385409849882,0.89173663,0.86144203,0.0,True,1.1287261191925608,1.133851627835544
146,2236,176.51295,572,1853.5977,1.2950683,3,34.751198,1.0974668453583596,1.0247645042326041,1361.5040251115458,0.8670463,0.90649152,0.0,True,1.0283406817508518,0.9892826089628228
147,3076,191.90996,572,1704.8828,1.2773591,3,61.092155,1.193085403446111,1.0790944310263797,1541.4275759048658,0.89126295,0.94015735,0.0,True,1.1025386674122777,1.0374133067184657
148,34645,283.33847,572,1154.7461,4.941658,7,91.524513,1.7605047071896136,1.4817970210169586,2961.727512626087,0.98584181,1.2166445,0.0,True,1.5281058380327295,1.402251264711871
149,943,144.89992,572,2258.0,3.9933839,5,76.590584,0.9010871478200123,0.8869127673573591,992.7361478990492,0.92772716,0.66313827,0.0,True,0.9090791514740086,0.8197804181501513
150,5281,192.34052,572,1701.0664,3.0144625,4,47.19038,1.1957589874788368,1.1520389707750947,1648.7909066202708,0.89186299,0.96111804,0.0,True,1.1045901882351858,1.0947626915425663
151,22269,282.82376,572,1156.8477,3.0287771,5,90.354469,1.7573119867893146,1.4187830723921573,2831.3601617379463,0.98550475,1.2143862,0.0,True,1.5257698157525201,1.3574640106745102
152,3216,204.99748,572,1596.0391,3.018815,4,98.39846,1.274347388667291,1.0947582180367845,1655.665289329602,0.89224046,1.0024149,0.0,True,1.1597153100671036,1.0670552226257493
153,1567,155.00124,572,2110.8477,3.9716983,5,162.47261,0.963844651023937,0.9609850345160375,1140.5291558338733,0.81462473,0.95783067,0.0,True,0.919078674716756,0.9600387251612262
154,91676,283.72336,572,1153.1797,2.0043535,4,92.969398,1.762891915494384,1.6200520213271865,3241.8338124693882,0.98621798,1.2741213,0.0,True,1.5298897348460687,1.5162728049290306
155,2202,204.01384,572,1603.7344,2.0459571,4,97.611572,1.2682402233353334,1.0427550828207544,1570.5044914593686,0.89079553,0.91879308,0.0,True,1.1550068153347333,1.005566481974528
156,5726,206.19604,572,1586.7617,4.1454473,6,295.21585,1.281788800720226,1.1738636130263311,1784.2394299597013,0.89207971,0.96020883,0.0,True,1.1648760735041581,1.1097671781184317
157,1157,198.18214,572,1650.9258,3.9251206,4,290.47147,1.2320316822892037,0.9519009812367831,1398.2369976625569,0.89541483,0.5422008,0.0,True,1.1310466266024426,0.8289909268657482
158,0,197.5213,572,1656.4492,4.0018425,4,289.2442,1.2279284491036733,0.0,136.91133219553512,0.89528215,0.0,0.0,True,1.1281345593725713,0.0
159,2058,203.42372,572,1608.3867,3.0007653,5,96.283104,1.2645763617354935,1.0331929967991589,1552.2168151879193,0.89002138,0.92684859,0.0,True,1.1522098672148453,1.0012896747594113
160,9691,198.92439,572,1644.7656,4.0158253,6,95.099541,1.2366404508773001,1.2392113731346794,1825.9586554127968,0.9747659,1.0809224,0.0,True,1.1580780856141102,1.1917246811942757
161,10064,198.98251,572,1644.2852,3.1294417,5,56.537712,1.2370013130612045,1.244358557423905,1834.005614872083,0.9749881,1.0853281,0.0,True,1.1583973491428432,1.1966494201967335
162,47131,283.18042,572,1155.3906,4.0490594,6,84.670845,1.7595243594282066,1.5253058096227818,3047.2276647341782,0.98584133,1.2199389,0.0,True,1.5274194505997447,1.4336957367359473
163,2602,197.95966,572,1652.7812,2.9434743,4,41.566128,1.2306502842026654,1.0610348061472876,1556.913926465541,0.89629251,0.90370607,0.0,True,1.1303429519418657,1.0138361853031013
164,702,197.53993,572,1656.293,3.9868233,4,287.76328,1.228044111669788,0.8841687373759735,1295.2255375009747,0.89704674,0.50274777,0.0,True,1.1287449001688517,0.7697424471631814
165,0,148.90402,572,2197.2812,2.0009389,2,42.212223,0.9259647898018807,0.0,103.21240163704171,0.81888449,0.0,0.0,True,0.8938406998613164,0.0
166,17446,222.10788,572,1473.0859,2.9951277,5,247.14717,1.3805683818638816,1.33845735144641,2169.3232901852994,1.0928997,1.3350748,0.0,True,1.294267777304717,1.337442586012487
167,415,198.84412,572,1645.4297,4.0185738,6,249.32571,1.2361419452819309,0.814123715059875,1199.6437206577075,0.90123791,0.86215526,0.0,True,1.1356707346973516,0.8285331785419124
168,580,197.28264,572,1658.4531,3.0252786,5,249.46805,1.2264465368357755,0.8583096904069506,1255.99409741044,0.90166539,0.86197501,0.0,True,1.129012192785043,0.8594092862848655
169,1146,197.94655,572,1652.8906,3.0641344,5,247.79517,1.2305689294949334,0.9504608091238445,1394.687165464109,0.89629239,0.86958402,0.0,True,1.1302859676464534,0.9261977723866911
170,7146,203.05533,572,1611.3047,4.0364637,7,288.63123,1.2622891100938514,1.2014155826580855,1802.0323698318964,0.89841533,0.94982272,0.0,True,1.153126976065696,1.1259377238606598
171,10093,198.69788,572,1646.6406,3.0105014,5,89.673004,1.235234018908201,1.2445069220422802,1831.9538259928913,0.98983675,1.1145273,0.0,True,1.1616148382357405,1.2055130354295962
172,0,144.25333,572,2268.1211,2.0063975,3,29.19315,0.8970697440208049,0.0,99.98878897588338,,,,False,0.8970697440208049,0.0
173,11561,282.88489,572,1156.5977,2.0020854,4,13.334946,1.7576911762152019,1.3259221439690831,2646.548152469503,0.98550522,1.2116187,0.0,True,1.5260353893506413,1.2916311107783582
174,2692,191.36102,572,1709.7734,3.9969893,5,46.071995,1.1896767142620792,1.0607775765595824,1511.5190485878425,0.89042133,1.0477968,0.0,True,1.0999000989834555,1.0568833435917075
175,4510,281.84354,572,1160.8711,2.0116334,4,76.478828,1.7512318898227222,1.1919067827924552,2371.571281664366,0.9848336,1.207805,0.0,True,1.5213124028759055,1.1966762479547186
176,1120,198.7554,572,1646.1641,2.9667091,4,97.289177,1.2355911368735841,0.9478879363614094,1395.83295559659,0.89293569,0.82984728,0.0,True,1.132794502811509,0.9124757394529865
177,536,155.80104,572,2100.0117,2.921782,3,88.19854,0.9688133296656853,0.821578197614675,979.6549030461086,0.8199864,0.41797087,0.0,True,0.9241652507659798,0.7004959993302724
178,0,281.87198,572,1160.7539,0.99281782,2,30.247458,1.7514084055733787,0.0,195.3787682158493,,,,False,1.7514084055733787,0.0
179,9732,199.68793,572,1638.4766,3.0636144,4,101.93973,1.2413812876533732,1.2404216489339983,1833.810180622664,0.89214474,0.93386781,0.0,True,1.1366103233573612,1.1484554972537988
180,0,114.78143,572,2850.4961,0.94474375,2,15.535175,0.7139210301017512,0.0,79.56042458513872,0.76996726,0.0,0.0,True,0.7307348990712259,0.0
181,9493,198.06779,572,1651.8789,1.9671217,4,59.391403,1.231321685084215,1.2357061548363277,1814.007939515834,0.89120632,0.93214732,0.0,True,1.1292870755589504,1.1446385043854295
182,5,94.360931,572,3467.3672,3.8652027,5,13.714102,0.586982246812395,0.21979342749778835,183.6178933072081,0.82654071,0.89077431,0.0,True,0.6588497857686765,0.4210876922484519
183,971,117.09499,572,2794.1758,4.0182638,5,23.243727,0.7283007577968552,0.8668143832431542,805.6585052997294,0.7460072,0.54207265,0.0,True,0.7336126904577986,0.7693918632702079
184,1771,115.57571,572,2830.9062,6.6105437,6,21.776487,0.7188578831424873,0.9409330865586306,864.5558125786239,0.76805383,0.81460696,0.0,True,0.7336166671997412,0.9030352485910415
185,0,96.876579,572,3377.3281,2.6356847,3,14.576067,0.6026218507972717,0.0,67.14972759614281,0.83375192,0.97470176,5.823391620096833,True,0.6719608715580903,0.29241052800000006
186,1,90.35424,572,3621.125,5.912456,5,22.675571,0.5620719555834336,0.08457791854196665,99.26427839726767,0.73125398,0.0,0.0,True,0.6128265629084035,0.059204542979376655
187,0,147.63788,572,2216.125,1.0239844,2,72.076454,0.9180983732085558,0.0,102.33478026584753,0.8912586,0.0,0.0,True,0.910046441245989,0.0
188,973,100.98649,572,3239.8789,4.8471379,5,20.169868,0.628171815447279,0.8512155852364538,695.0332028405494,0.76142091,0.17538564,0.0,True,0.6681465438130952,0.6484666016655176
189,0,94.224953,572,3472.3711,1.4993135,2,2.7115126,0.5861368562711184,0.0,65.31176051034336,0.78757226,0.85395247,6.957529648553198,True,0.6465674773897829,0.256185741
190,6578,121.15682,572,2700.5,3.3822041,5,35.87458,0.7535455889262638,1.1125413165683156,1065.1853214542566,0.75592309,0.73591357,0.0,True,0.7542588392483847,0.9995529925978208
191,8468,151.51353,572,2159.4375,2.9401708,4,86.443504,0.9421771178085083,1.1777806902517147,1370.331666015091,0.8196317,0.89117968,0.0,True,0.9054134924659558,1.0918003871762003
192,1501,194.86203,572,1679.0547,2.0744123,4,60.656609,1.2114162341494468,0.9847574025923979,1425.4583053205959,0.89273071,0.84526497,0.0,True,1.1158105769046127,0.9429096728146784
193,0,150.0914,572,2179.8984,1.0964837,2,21.770464,0.9333417880838208,0.0,104.03543073629497,,,,False,0.9333417880838208,0.0
194,108,147.55231,572,2217.4102,3.937747,4,86.567535,0.9175667274455294,0.6088352487053512,693.5667360823161,0.81857282,0.32753146,0.0,True,0.8878685552118706,0.5244441120937459
195,9543,199.07048,572,1643.5586,4.0253468,6,81.686104,1.2375475136973109,1.2372563111689558,1824.2366371982541,0.9880082,1.1414479,0.0,True,1.1626857195881177,1.208513787818269
196,8864,198.45496,572,1648.6562,4.0242481,6,82.120247,1.2337256868348647,1.2267797729316887,1803.951421883193,0.98820949,1.1407516,0.0,True,1.1600708277844052,1.2009713210521822
197,8530,198.46201,572,1648.5977,3.9951138,6,92.523193,1.2337694121791323,1.2216025129544024,1796.3945778096274,0.98828304,1.1402199,0.0,True,1.1601235005253927,1.1971877290680817
198,7789,198.32057,572,1649.7734,3.0118518,5,44.944866,1.232891239242155,1.2092229685290008,1777.0959905185812,0.98828083,1.1428343,0.0,True,1.1595081164695085,1.1893063679703006
199,7689,198.3215,572,1649.7656,3.0214171,5,45.112171,1.232897061225411,1.2074801869028016,1774.5423260842142,0.98828089,1.1429366,0.0,True,1.1595122098577877,1.188117110831961
200,7644,198.66017,572,1646.9531,3.0017204,5,44.221924,1.234999924541958,1.2069655844966298,1776.4069061756136,0.98851514,1.1495453,0.0,True,1.1610544891793706,1.1897394991476409
201,0,197.67374,572,1655.1719,2.0039101,3,99.269592,1.2288749007108,0.0,137.01699555173968,0.8965925,0.0,0.0,True,1.12919018049756,0.0
202,5882,198.4117,572,1649.0156,2.9702108,5,44.337128,1.2334571242532342,1.1714053076355322,1722.2119849208677,0.98859143,1.1496423,0.0,True,1.159997415977264,1.1648764053448726
203,0,147.3851,572,2219.9258,2.0000305,2,98.609276,0.916527884987531,0.0,102.15956652154559,0.89368975,0.0,0.0,True,0.9096764444912717,0.0
204,0,202.48688,572,1615.8281,2.0258934,3,97.641922,1.2587597866999762,0.0,140.35320997237997,0.89677548,0.0,0.0,True,1.1501644946899834,0.0
205,1375,203.59529,572,1607.0312,3.0153241,5,96.783531,1.265641681822719,0.9787279753242797,1471.518042450785,0.88976473,0.87365282,0.0,True,1.1528785962759032,0.9472054287269958
206,10952,201.11774,572,1626.8281,1.9533377,4,36.630226,1.250258977035838,1.2575824286806982,1870.6886069303964,0.98146224,1.0975058,0.0,True,1.1696199559250866,1.2095594400764886
207,10142,198.94754,572,1644.5742,2.0739465,4,92.376396,1.2367841996268543,1.2453713023828261,1835.218973166206,0.9886235,1.1045667,0.0,True,1.162335989738798,1.2031299216679783
208,3170,206.30626,572,1585.9141,3.015461,5,105.63932,1.2824729965388102,1.0937477066537828,1663.2653261783707,0.89205682,0.94400781,0.0,True,1.165348143577167,1.048825737657648
209,10282,198.94612,572,1644.5859,2.0138047,4,91.631897,1.236775411518602,1.2472208051845477,1837.9328071034258,0.9886235,1.1087656,0.0,True,1.1623298380630214,1.2056842436291832
210,1138,153.4162,572,2132.6562,2.9107244,4,105.12269,0.9539976292544101,0.9180041907369864,1079.8634235423729,0.89870256,0.88696927,0.0,True,0.9374091084780871,0.9086937145158904
211,153,152.68153,572,2142.918,3.9621785,4,49.619942,0.9494334767451379,0.6565950608024937,770.0378632916595,0.82479447,0.37057719,0.0,True,0.9120417747215965,0.5707896995617456
212,1902,205.76044,572,1590.1211,2.8022962,4,179.55386,1.2790842066430925,1.0241049349087152,1553.8436281840602,0.89139134,0.91379678,0.0,True,1.1627763466501648,0.9910124884361007
213,0,151.63257,572,2157.7422,1.0521439,2,155.21674,0.9429166842566801,0.0,105.10368837655854,0.89499772,0.0,0.0,True,0.9285409949796761,0.0
214,10930,221.79088,572,1475.1914,3.0112338,5,380.87711,1.378600602517201,1.2741334558554838,2062.533098555368,1.0933821,1.3410467,0.0,True,1.2930350517620408,1.2942074290988386
215,1213,148.66615,572,2200.7969,3.0454893,5,68.778908,0.9244869348023996,0.9225427484558731,1055.9012346004972,0.8935923,0.91322023,0.0,True,0.9152185443616797,0.9197459929191112
216,967,193.89265,572,1687.4492,3.0422549,4,69.27668,1.2053969743945114,0.92499175725186,1333.2571677007222,0.89530009,0.88378638,0.0,True,1.112367909076158,0.9126301440763019
217,2001,198.3929,572,1649.1719,3.0449097,5,88.69857,1.2333403651510952,1.0259190211786646,1508.262447946615,0.98859125,1.1506838,0.0,True,1.1599156306057665,1.0633484548250651
218,0,3.9536679,2,1.0117188,1.0102769,1,16.258711,0.7628191283974022,0.0,2.74047375775536,,,,False,0.7628191283974022,0.0
219,0,3.9536679,2,1.0117188,1.0102769,1,73.211914,0.7628191283974022,0.0,2.74047375775536,0.89408505,0.0,4.879079026081416,True,0.8021989048781815,0.0
220,0,198.11792,572,1651.4609,1.0118531,2,88.013771,1.2316329669925836,0.0,137.3248776664008,0.98866904,1.1526585,1.3081041988379085,True,1.1587437888948084,0.34579755000000006
221,0,147.86777,572,2212.6797,1.9952459,2,98.215927,0.9195266268405439,0.0,102.49412787118646,0.89409357,0.0,0.0,True,0.9118967097883808,0.0
222,0,148.61156,572,2201.6055,2.0370522,3,98.865807,0.9241476997916495,0.0,103.00968381261514,0.89359146,0.0,0.0,True,0.9149808278541547,0.0
223,18,199.16658,572,1642.7656,4.0016069,5,380.26382,1.238144179373175,0.3975768969046236,596.6497515193728,0.90124589,0.87648964,0.0,True,1.1370746925612223,0.5412507198332366
224,225,197.11086,572,1659.8984,3.9967992,5,379.70264,1.2253799354239872,0.7308930725856946,1069.3165634027744,0.90172845,0.87616694,0.0,True,1.128284489796791,0.7744752328099862
225,900,161.2886,572,2028.5625,2.0153518,4,80.934456,1.0029028675912353,0.8932516554049761,1097.5067494805726,0.9936654,1.033931,0.0,True,1.0001316273138647,0.9354554587834832
226,0,161.11176,572,2030.7891,1.0048783,2,258.26062,1.0018043456024177,0.0,111.67416219905057,,,,False,1.0018043456024177,0.0
227,0,155.15227,572,2108.793,1.0026823,2,11.384433,0.9647828821079223,0.0,107.54335850797537,0.81638855,0.95564961,6.715863300708265,True,0.9202645824755455,0.28669488300000007
228,4777,165.23695,572,1980.0898,2.2345481,4,92.207504,1.0274292083402214,1.1158216892766608,1399.8852259899293,0.83314335,0.97412294,0.0,True,0.969143450838155,1.0733120644936625
229,2879,129.00822,572,2536.1484,2.7804632,4,148.78644,0.8023395929383907,1.0160673760842684,1027.6656424641865,0.86089653,0.4647539,0.0,True,0.8199066740568735,0.8506733332589879
230,6028,165.41969,572,1977.9023,1.7076004,4,40.719353,1.0285643660665618,1.1466188371709318,1439.8960703699763,0.83343327,0.9880501,0.0,True,0.9700250372465933,1.0990482160196524
231,448,175.36363,572,1865.7461,4.0275402,5,147.85878,1.0903285805673628,0.8107001569132466,1071.3398326822846,0.8615073,0.50199038,0.0,True,1.0216821963971539,0.7180872238392726
232,1930,128.89864,572,2538.3047,2.5934942,4,108.40291,0.8016585388647384,0.9649713719903736,975.2871996211904,0.86120653,0.79163772,0.0,True,0.8195229362053168,0.9129712763932616
233,11,136.50508,572,2396.8633,4.0378575,5,93.218826,0.8489258033474554,0.31926677556675515,350.12861723623564,0.78977293,0.29254252,0.0,True,0.8311799413432187,0.3112494988967286
234,1216,165.38312,572,1978.3398,2.1614981,4,105.70193,1.0283371338965301,0.9357989020811248,1175.041353327065,0.83429897,0.60914057,0.0,True,0.970125684727571,0.8378014024567874
235,0,94.958298,572,3445.5547,2.0010319,2,19.634041,0.5906960530816894,0.0,65.8200765294711,0.8300932,0.98969531,6.193213462569453,True,0.6625151971571825,0.29690859300000005
236,5737,189.35629,572,1727.875,2.9867752,4,134.22272,1.1772278078319114,1.1607325914795392,1638.886313076042,0.88560921,1.0037948,0.0,True,1.089742228482338,1.1136512540356776
237,731,145.15102,572,2254.0938,2.277956,3,61.905224,0.9026472897861019,0.8541728663837631,957.5824277174632,0.81056249,0.90716034,0.0,True,0.8750218498502713,0.8700691084686342
238,439,137.49123,572,2379.6719,2.3073003,4,54.240383,0.8550535252455336,0.7827664759299006,837.1902694503837,0.79186356,0.8549611,0.0,True,0.8360965356718735,0.8044248631509304
239,0,128.95897,572,2537.1172,0.40848908,2,59.225159,0.8020334603196841,0.0,89.38754646341457,,,,False,0.8020334603196841,0.0
240,1366,161.04794,572,2031.5938,2.2971816,4,104.53551,1.0014079282073085,0.9477979853694763,1162.9441005857886,0.82630342,0.61657989,0.0,True,0.948876575745116,0.8484325567586334
241,5563,153.26347,572,2134.7812,2.2206094,3,62.575207,0.9530488915164678,1.1247532889108751,1321.7828280914953,0.81621778,0.99566758,0.0,True,0.9119995580615274,1.0860275762376126
242,4676,140.11179,572,2335.1641,0.56030101,2,242.68553,0.871336742710205,1.089374756519601,1184.0323280748087,0.78952801,0.98120475,0.0,True,0.8467941228971435,1.0569237545637207
243,3791,135.05438,572,2422.6094,0.56119275,2,38.610096,0.8399113498748408,1.057328724121207,1112.9713339520185,0.77821958,0.96577746,0.0,True,0.8214038189123887,1.0298633448848449
244,2927,125.93517,572,2598.0352,0.98604459,3,48.559803,0.783242070750899,1.0150578743499548,1005.2669596485296,0.75394148,0.94565952,0.0,True,0.7744518935256293,0.9942383680449682
245,661,159.85568,572,2046.7461,2.9677391,4,105.59985,0.9940016257130287,0.8517854669406938,1038.5463838631545,0.81769431,0.47964451,0.0,True,0.9411094309991201,0.7401431798584857
246,849,154.83534,572,2113.1094,2.1889045,4,100.6786,0.9628140057782486,0.8808856862242881,1044.5830157077821,0.81414473,0.69137174,0.0,True,0.918213223044774,0.8240315023570016
247,6616,166.6808,572,1962.9375,1.1033529,3,15.213819,1.0363978264312366,1.1600365180308247,1466.382420098897,0.829898,1.0108991,0.0,True,0.9744478785018655,1.1152952926215773
248,7422,199.60655,572,1639.1445,1.7261856,3,81.906593,1.2408760801216636,1.2037587154714056,1778.9880422833685,0.88876224,1.0247388,0.0,True,1.1352419280851644,1.1500527408299839
249,649,157.65886,572,2075.2656,2.648787,4,136.07436,0.9803546325868139,0.8478501573837851,1021.3944446896109,0.81297195,0.47702688,0.0,True,0.9301398278107698,0.7366031741686495
250,859,155.1951,572,2108.2109,2.9977102,4,100.84627,0.9650490166993393,0.8826802651181933,1048.823152424112,0.81448799,0.52674711,0.0,True,0.9198807086895375,0.7759003185827353
251,459,196.52489,572,1664.8477,3.0785155,4,100.01379,1.2217414668858035,0.8263900037960562,1205.3653757261316,0.89003551,0.79231554,0.0,True,1.1222296798200624,0.8161676646572393
252,2807,203.90904,572,1604.5586,2.4323149,4,100.97706,1.267589588125343,1.0755513684859581,1619.1568252243524,0.88846725,0.89517325,0.0,True,1.15385288668774,1.0214379329401706
253,8185,199.75079,572,1637.9609,2.0234346,4,84.92054,1.2417716508199845,1.2170924359687014,1799.8151043121647,0.88909101,1.0325564,0.0,True,1.1359674585739892,1.1617316251780911
254,902,175.37502,572,1865.625,3.0183156,5,112.45425,1.0903992793377835,0.9034594938896136,1193.747835215365,0.86150742,0.79246283,0.0,True,1.0217317215364483,0.8701604947227295
255,7685,189.3717,572,1727.7344,1.9918168,4,93.177681,1.1773234978001408,1.1999456089325957,1694.362735464623,0.88560945,1.0379436,0.0,True,1.0898092834600985,1.151345006252817
256,0,136.1609,572,2402.9219,1.9938201,3,82.583054,0.8467871468396657,0.0,94.37954393750465,0.79005706,0.45837027,5.030704738786913,True,0.829768120787766,0.13751108100000003
257,1666,175.39337,572,1865.4297,2.9760914,5,106.20349,1.0905133157479652,0.9848566363570055,1301.3101637506738,0.86150765,0.87235725,0.0,True,1.0218116160235757,0.9511068204499038
258,79,144.17461,572,2269.3594,2.282999,3,124.60509,0.8965806794262625,0.5669903219899892,633.5679930397285,0.80945289,0.33834285,0.0,True,0.8704423425983837,0.49839608039299244
259,65,136.9817,572,2388.5234,2.2782106,3,47.452259,0.8518874795675406,0.5385377795493901,575.9659429816274,0.79210329,0.41814718,0.0,True,0.8339522226972784,0.5024205996845731
260,398,189.07375,572,1730.457,3.8772147,5,296.83624,1.1754733041415906,0.8030388087065458,1132.8286699137577,0.88985115,0.79211801,0.0,True,1.0897866578991136,0.7997625690945821
261,155,144.74841,572,2260.3633,2.3070116,3,176.71429,0.9001458581268658,0.653736286506369,731.8835408933371,0.81084836,0.42222822,0.0,True,0.873356608688806,0.5842838665544582
262,134,135.93396,572,2406.9336,2.3446162,4,50.575146,0.8453769560411412,0.6299025933217796,667.7966327314492,0.78953522,0.46247688,0.0,True,0.8286244352287988,0.5796748793252458
263,0,117.3529,572,2788.0352,1.6588719,2,18.165058,0.7299036779440016,0.0,81.3428317655332,0.73874664,0.0,0.0,True,0.7325565665608011,0.0
264,1387,119.75406,572,2732.1328,2.5265317,3,36.428917,0.7448273741762755,0.9142883906330502,866.5810158325643,0.7338624,0.88497043,0.0,True,0.7415378819233929,0.9054930024431351
265,1093,122.92839,572,2661.582,3.1926455,4,32.601608,0.7645557576501222,0.8871413811433003,860.3155227213424,0.72934592,0.84989196,0.0,True,0.7539928063550855,0.8759665548003102
266,1002,115.35049,572,2836.4336,3.9861603,4,18.890015,0.7174580212386253,0.8691281613348086,797.2734378402077,0.71533895,0.84870273,0.0,True,0.7168222998670377,0.8630005319343661
267,0,94.931931,572,3446.5117,1.0716312,1,19.088593,0.5905321284173772,0.0,65.80180031776128,0.66109151,0.0,0.0,True,0.611699942892164,0.0
268,0,97.976242,572,3339.4219,2.9145291,3,22.742336,0.6094581932539641,0.0,67.9119559041589,0.67218459,0.0,0.0,True,0.6282761122777749,0.0
269,2966,129.70525,572,2522.5195,4.4364982,5,79.893593,0.8066711126902477,1.0205642586023638,1037.0769526049817,0.74525952,0.91497386,0.0,True,0.7882476348831734,0.9888871390216546
270,1436,148.31261,572,2206.043,2.191968,3,33.662647,0.9222904418406832,0.9441578946505317,1078.382253644739,0.78684491,0.78672105,0.0,True,0.8816567822884782,0.8969268412553721
271,1743,158.34737,572,2066.2422,0.93693256,2,142.32227,0.984631758346884,0.9776028130413073,1181.9855006538291,0.81187755,0.83855885,0.0,True,0.9328054958428188,0.9358896241289151
272,2106,181.8719,572,1798.9805,1.5660627,3,40.422344,1.130749030360533,1.020859846981836,1391.9556608604205,0.85420662,0.87134445,0.0,True,1.0477863072523732,0.9760052278872853
273,4818,153.26741,572,2134.7266,1.69312,3,74.068321,0.9530732448752347,1.1060089598745737,1299.7887469930865,0.79088831,0.95678788,0.0,True,0.9044177644126643,1.0612426359122016
274,4338,143.94121,572,2273.0391,0.97546315,3,72.623497,0.8951305294371547,1.0834658716857033,1205.5982630358242,0.77096295,0.9428761,0.0,True,0.8578802556060083,1.0412889401799923
275,5776,158.30576,572,2066.7852,2.0906017,4,113.87803,0.9843733192180745,1.1344352037750514,1371.214871108639,0.80121654,0.97405159,0.0,True,0.9294262854526522,1.086320119642536
276,7208,158.31714,572,2066.6367,2.0260885,4,115.3495,0.9844439838436724,1.1634494014197179,1406.3666541164716,0.80121666,0.99866515,0.0,True,0.9294757866905707,1.1140141259938026
277,663,136.30847,572,2400.3203,2.3292141,3,80.833252,0.8477041775292111,0.8347605153802904,885.9760268376273,0.75302911,0.4749091,0.0,True,0.8193016572704478,0.7268050907662033
278,1329,146.91487,572,2227.0312,1.264912,3,48.214191,0.9136063030760753,0.9329634247416433,1056.8594168303616,0.78321356,0.85440803,0.0,True,0.8744884801532526,0.9093968063191503
279,0,151.80956,572,2155.2266,4.0047541,4,136.00821,0.9440162447807884,0.0,105.22636849604585,0.81233585,0.0,0.0,True,0.9045121263465519,0.0
280,1022,195.8732,572,1670.3867,3.8289332,5,269.08929,1.2176950187855642,0.933701165265999,1357.6895632725427,0.89148849,0.82509881,0.0,True,1.119833060149895,0.9011204586861993
281,1707,196.52443,572,1664.8516,3.0022571,5,86.421341,1.2217386083279567,1.0032060694555027,1462.861762435992,0.89003551,0.90481287,0.0,True,1.1222276788295695,0.9736881096188519
282,1090,193.14642,572,1693.9688,3.9811721,5,269.25308,1.2007632180929435,0.9405979936536228,1351.2071882474424,0.89001089,0.86691731,0.0,True,1.1075375196650605,0.9184937885575359
283,258,159.79103,572,2047.5742,4.0046196,5,119.95273,0.9936000141264599,0.7286807043947174,888.5470453220512,0.81299895,0.41745758,0.0,True,0.939419694888522,0.6353137670763023
284,3166,203.90854,572,1604.5625,3.0164971,5,87.361954,1.2675865109967572,1.0918480281961318,1643.677327731437,0.88846725,0.91156894,0.0,True,1.15385073269773,1.0377643017372922
285,394,159.52261,572,2051.0195,4.0063534,6,135.30777,0.9919325920056911,0.7838536253874477,954.170806470406,0.81244642,0.46029806,0.0,True,0.9380867404039837,0.6867869557712134
286,8727,199.7446,572,1638.0117,2.0116537,4,187.69327,1.241733186460333,1.2257473870008966,1812.5636156304745,0.88909096,1.03959,0.0,True,1.135940518522233,1.1699001709006276
287,2939,196.50552,572,1665.0117,4.0139732,6,107.23048,1.2216212724081228,1.0763913807734933,1569.392305933121,0.89003533,0.95062166,0.0,True,1.122145489685686,1.0386604645414454
288,801,159.61017,572,2049.8945,3.1960881,5,134.53629,0.9924764426598092,0.8767671854155572,1067.529432913344,0.81272048,0.78743833,0.0,True,0.9385496538618664,0.84996852879089
289,8993,189.37598,572,1727.6953,2.0091293,4,93.763016,1.1773501113596294,1.2210264074652055,1724.1592450572534,0.88560945,1.0468789,0.0,True,1.0898279129517405,1.1687821552256439
290,3225,175.90796,572,1859.9727,4.0550508,6,199.69638,1.0937093514170362,1.07291829214222,1421.2146222751487,0.86243904,0.94024694,0.0,True,1.0243282579919253,1.033116886499554
291,0,233.17458,572,1403.1719,2.0447459,3,14.603213,1.4492582395600337,0.0,161.6243027052494,,,,False,1.4492582395600337,0.0
292,10370,190.05147,572,1721.5547,2.0085039,4,22.928171,1.181544719220822,1.2407233302852085,1757.380314014224,0.8865943,1.0549455,0.0,True,1.0930595934545753,1.184989981199646
293,1232,154.28716,572,2120.6172,3.9812136,5,96.078247,0.9594084859357719,0.9290328381478218,1098.2185050209357,0.81408077,0.57397926,0.0,True,0.9158101711550403,0.8225167647034752
294,10753,190.82739,572,1714.5547,2.0107865,4,70.444534,1.1863629828243911,1.2462693901242494,1771.4747135789917,0.88790774,1.0602832,0.0,True,1.0968264099770737,1.1904735330869747
295,0,143.35538,572,2282.3281,1.9940031,2,118.22293,0.8914905674334731,0.0,99.36637746509956,0.81103003,0.0,0.0,True,0.8673524062034312,0.0
296,1693,154.28603,572,2120.6328,4.0012226,6,100.66536,0.9594014348940749,0.9704948376698993,1147.1842133882485,0.81408077,0.79112059,0.0,True,0.9158052354258525,0.9166825633689295
297,0,188.18887,572,1738.5938,1.0060656,2,35.783325,1.1699782879114171,0.0,130.4425846532621,0.88859957,0.0,0.0,True,1.085564672537992,0.0
298,5692,238.05885,572,1374.3828,3.6408024,5,224.75896,1.479571638117846,1.1963287027478033,2058.534933598002,0.9453063,1.1353008,0.0,True,1.3192920366824923,1.1780203319234623
299,1568,154.28603,572,2120.6328,4.0035548,6,102.60081,0.9594014348940749,0.9604889261300035,1135.3648047465754,0.81408077,0.8292625,0.0,True,0.9158052354258525,0.9211209982910025
300,0,153.12338,572,2136.7344,2.0099754,3,60.167973,0.9521785192557,0.0,106.1370391248091,0.81262845,0.0,0.0,True,0.91031349847899,0.0
301,3900,203.92244,572,1604.4531,3.9936919,6,105.12623,1.2676728340673176,1.1200938956675166,1686.2845197162806,0.88846743,0.92508841,0.0,True,1.1539112128471223,1.0615922499672616
302,553,153.55063,572,2130.7891,4.0063825,6,135.17804,0.9548327840165854,0.8240867894040435,970.2815348156768,0.81345803,0.78725863,0.0,True,0.9124203578116098,0.8130383415828304
303,884,154.16618,572,2122.2812,3.9935272,5,100.43435,0.958656958444686,0.8856550897084874,1046.282227016034,0.81386572,0.50720078,0.0,True,0.9152195869112802,0.7721187967959411
304,1470,195.07442,572,1677.2266,2.8176188,4,105.37822,1.2127350496194067,0.9820934585811317,1422.9464209199332,0.89001584,0.8947379,0.0,True,1.1159192867335848,0.9558867910067923
305,9667,199.99977,572,1635.9219,2.0013702,4,35.101261,1.2433174952195387,1.239777388133314,1835.3339234602706,0.8894217,1.047824,0.0,True,1.137148756653677,1.18219137169332
306,5382,196.74509,572,1662.9844,3.997745,6,114.80788,1.2231087294711156,1.1581022582337963,1690.2738342055695,0.89036685,0.99581647,0.0,True,1.1232861656297808,1.1094165217636576
307,38,153.55653,572,2130.707,4.0036283,5,135.04919,0.9548695409511142,0.4779213553116187,566.4515285620303,0.81345809,0.26926032,0.0,True,0.91244610566578,0.4153230447181331
308,610,157.14801,572,2082.0117,3.9922264,5,119.22831,0.977181152137115,0.8393944377851499,1008.3767088995698,0.8129651,0.52015078,0.0,True,0.9279163364959805,0.7436213404496049
309,12065,190.991,572,1713.0859,2.0056016,4,92.657181,1.187378984383947,1.261868628560636,1794.9772949494602,0.88823605,1.0697944,0.0,True,1.097636104068763,1.2042463599924451
310,31,145.87222,572,2242.9492,4.0030527,4,131.12335,0.9071283011986319,0.44911082241167855,510.0433202379019,0.81168926,0.26730841,0.0,True,0.8784965888390424,0.394570098688175
311,0,171.21439,572,1910.9609,1.9552541,3,26.347321,1.064557542223277,0.0,118.67677169979089,,,,False,1.064557542223277,0.0
312,0,7.5294118,3,1.1953125,0.21365429,1,132.64252,1.1695860166561336,0.0,5.218990560444783,0.78431427,0.90521026,11.867355561973268,True,1.0540044926592935,0.27156307800000007
313,2,9.1428576,3,0.984375,0.98719603,2,125.46252,1.2522530911318288,0.7947249827580714,12.674691935402135,0.77065015,0.85330468,0.0,True,1.10777220879228,0.81229889193065
314,0,5.1199999,3,1.7578125,0.77354175,1,37.239059,0.9945128499217435,0.0,3.5489134951522017,0.72437561,0.0,0.0,True,0.9134716779452203,0.0
315,1813,188.19987,572,1738.4922,3.2141938,4,87.529037,1.1700465845656922,1.0054662690567544,1412.2218530294456,0.88859975,0.91351998,0.0,True,1.0856125341959846,0.977882382339728
316,671,189.06735,572,1730.5156,3.9950368,5,264.68149,1.1754335453448315,0.8729337260901869,1231.1584333508051,0.88985103,0.84323043,0.0,True,1.089758790741382,0.8640227372631308
317,2116,195.8732,572,1670.3867,4.1114111,6,263.61267,1.2176950187855642,1.0316803145292754,1500.0415318773078,0.89148849,0.88673294,0.0,True,1.119833060149895,0.9881961021704928
318,12648,190.99013,572,1713.0938,3.0650933,4,103.60658,1.187373515123912,1.2682034836878484,1803.980560162415,0.88823605,1.0741132,0.0,True,1.0976322755867385,1.2099763985814938
319,9303,260.66464,572,1255.1914,1.6582768,4,39.453346,1.6198463925804996,1.280320642292469,2382.033548436706,0.96666902,1.1447426,0.0,True,1.4238931808063497,1.2396472296047283
320,10676,266.76828,572,1226.4727,2.6200471,4,93.120293,1.6577144563922566,1.3038238708333878,2474.526780350145,0.97795904,1.147598,0.0,True,1.4537878314745796,1.2569561095833715
321,24556,273.05508,572,1198.2344,2.0710859,4,99.284538,1.6967160365285545,1.4255538822814708,2760.257266497135,0.98357916,1.1763051,0.0,True,1.4827749735699882,1.3507792475970297
322,8571,158.45641,572,2064.8203,2.0366776,4,115.23839,0.985309150521324,1.1862666218227476,1435.0403545761346,0.80121839,1.0170554,0.0,True,0.9300819223649268,1.1355032552759234
323,0,125.5117,572,2606.8008,2.0023687,2,130.43286,0.7806103685928139,0.0,86.99808098228569,0.74220216,0.0,0.0,True,0.7690879060149697,0.0
324,611,157.47093,572,2077.7422,1.946272,3,51.768112,0.9791872060264141,0.8398336670321966,1010.7058955412657,0.81022668,0.4730162,0.0,True,0.9284990482184898,0.7297884269225376
325,1011,165.63264,572,1975.3594,1.2221944,3,88.593231,1.029887108066054,0.9116815156752838,1146.2890918214807,0.82589227,0.78907269,0.0,True,0.9686886566462378,0.8748988679726986
326,406,127.82771,572,2559.5703,3.5624816,4,137.92754,0.7950033438759139,0.7655742497150464,768.4065171022545,0.74361688,0.44426057,0.0,True,0.7795874047131397,0.6691801458005325
327,333,129.41785,572,2528.1211,2.3963282,3,148.74077,0.8048851709403269,0.7415558084158456,752.4522730481566,0.74733591,0.42787364,0.0,True,0.7876203926582288,0.6474511578910919
328,220,128.56248,572,2544.9414,3.4834259,4,78.209816,0.7995696147831386,0.6882741897091416,694.5816028534073,0.75357568,0.3945308,0.0,True,0.785771434348197,0.6001511727963991
329,1705,148.94188,572,2196.7227,1.766831,3,30.95602,0.9261999951486506,0.9669728432681675,1108.4988580193228,0.8014791,0.90645635,0.0,True,0.8887837266040555,0.9488178952877173
330,2271,154.75896,572,2114.1523,1.2542994,3,120.73997,0.9623395036705191,1.0092178326739147,1196.1096892893627,0.82068169,0.93779933,0.0,True,0.9198421595693634,0.9877922818717403
331,85,120.71297,572,2710.4297,1.5828362,3,39.790737,0.7507869988568654,0.5634157524969968,539.0930327499073,0.73569971,0.3249808,0.0,True,0.7462608121998058,0.4918852667478978
332,340,127.3045,572,2570.0898,2.5527186,4,47.852741,0.7917518875403291,0.7426441402001068,742.7976634763864,0.75848281,0.78283834,0.0,True,0.7817711642782303,0.7547024001400748
333,832,137.13959,572,2385.7734,1.7290747,3,124.91133,0.8528685988683967,0.8645629787886393,922.4328910437836,0.78562212,0.83582509,0.0,True,0.8326946552078778,0.8559416121520474
334,476,126.41186,572,2588.2383,0.79052162,2,45.565083,0.7862044793613112,0.7846821761686233,779.9119681702075,0.75703633,0.78296626,0.0,True,0.7774540345529178,0.7841674013180363
335,181,120.74568,572,2709.6953,1.5782021,3,34.675716,0.7509903321635096,0.658260243459721,629.0229479754213,0.73682064,0.37971669,0.0,True,0.7467394245144567,0.5746971774218047
336,31,123.36946,572,2652.0664,4.5276971,5,135.12445,0.7672969124183282,0.43957851633516637,431.3622497440365,0.74827951,0.25316674,0.0,True,0.7615916916928298,0.38365498343461646
337,38,124.73248,572,2623.0859,3.704983,4,208.8644,0.7757677392854945,0.4653175950420502,460.12308273267746,0.75605536,0.26781985,0.0,True,0.7698540254998462,0.40606827152943514
338,4144,203.91797,572,1604.4883,4.0085163,6,116.00491,1.2676450579025242,1.1283087172764685,1698.6161541321235,0.88846737,0.93639708,0.0,True,1.1538917515317668,1.070735226093528
339,10775,200.3931,572,1632.7109,2.0106273,4,108.70012,1.2457596961476354,1.2547684497097962,1860.6839026547684,0.8900829,1.0590369,0.0,True,1.1390566573033447,1.1960489847968574
340,2739,193.15756,572,1693.8711,4.0005312,5,262.62631,1.2008323946750596,1.0644347788799593,1529.050329851291,0.89001101,0.93860632,0.0,True,1.1075859792725418,1.0266862412159714
341,1095,157.14507,572,2082.0508,4.0094109,6,135.56375,0.977162818714989,0.9158492705584502,1100.0680487833633,0.81296504,0.85674787,0.0,True,0.9279034851004924,0.8981188503909151
342,1818,195.07942,572,1677.1836,3.0245075,5,116.5036,1.2127661049531615,1.0106890370626653,1464.3815706329872,0.8900159,0.91127694,0.0,True,1.115941043467213,0.9808654079438658
343,7404,196.73816,572,1663.043,4.0025702,6,109.01019,1.2230656830323468,1.2010868890339255,1752.9460086281067,0.89036679,1.0254394,0.0,True,1.1232560151226427,1.1483926423237478
344,286,157.16306,572,2081.8125,4.0201855,6,135.59201,0.9772745648052441,0.7405339798910032,890.0081977172346,0.81296527,0.42040628,0.0,True,0.9279817763636709,0.6444956699237022
345,591,157.36502,572,2079.1406,4.006568,5,119.55391,0.9785292517349513,0.8354115740989708,1004.806244302165,0.81351584,0.53378326,0.0,True,0.9290252282144659,0.7449230798692795
346,4411,204.13167,572,1602.8086,4.024158,6,109.54301,1.2689718599920436,1.1369256561883312,1713.1362573499082,0.88879734,0.946235,0.0,True,1.1549195039944307,1.0797184593318319
347,0,157.53787,572,2076.8594,2.0112252,3,90.805023,0.9796030236932944,0.0,109.19693042191919,0.81434023,0.0,0.0,True,0.9300241855853061,0.0
348,0,71.84153,572,4554.2461,1.9131269,2,103.39136,0.4469593848482477,0.0,49.796753966612734,0.83851683,0.81453019,0.5694305646143056,True,0.5644266183937734,0.24435905700000005
349,822,95.776901,572,3416.1055,1.9221785,3,98.711037,0.5957852834189078,0.8249779341986824,643.0624461402571,0.80343276,0.7698229,0.0,True,0.6580795263932354,0.8084314239390776
350,410,81.015511,572,4038.5352,2.2967472,3,47.171257,0.5040067350664902,0.7247492633839105,487.79628339048344,0.88411838,0.82637954,0.0,True,0.6180402285465432,0.7552383463687373
351,26305,273.47412,572,1196.3984,3.1235092,5,100.48087,1.699315481456941,1.4355658538351632,2783.3075626213194,0.98398274,1.178888,0.0,True,1.4847156590198585,1.3585624976846142
352,980,124.70759,572,2623.6094,2.4614279,3,84.637337,0.7756130649415057,0.8749116656686611,859.1843281498323,1.0135945,0.9338429,0.0,True,0.8470074954590541,0.8925910359680627
353,1334,138.54877,572,2361.5078,0.80120987,2,34.439327,0.8616248078695691,0.9264141783201878,997.195815464597,0.96024418,0.89939225,0.0,True,0.8912106195086984,0.9183075998241315
354,1689,147.30243,572,2221.1719,0.87174493,2,75.36618,0.9160141660989993,0.9643634163162591,1094.9100612658585,0.93407738,0.84476703,0.0,True,0.9214331302692995,0.9284845004213813
355,2040,170.38892,572,1920.2188,2.4785786,3,36.781624,1.0594303593707581,1.007860561345545,1298.6506755128878,0.89044094,0.67964745,0.0,True,1.0087335335595307,0.9093966279418815
356,28487,275.1387,572,1189.1602,3.6225853,5,65.627281,1.7096415361033954,1.4480420736030901,2822.172848691662,0.98401624,1.1818906,0.0,True,1.4919539472723766,1.3681966315221632
357,1426,202.7182,572,1613.9844,4.3416495,5,32.678364,1.2601959239663623,0.9830829437807955,1472.5511153143354,0.90165985,0.85572135,0.0,True,1.1526351017764536,0.9448744656465569
358,21102,243.64229,572,1342.8867,3.6113348,4,78.448189,1.5142219445498477,1.3820174016506852,2425.9993650834804,0.95860451,0.87143475,0.0,True,1.3475367141848933,1.2288426061554796
359,51111,284.3446,572,1150.6602,1.2645361,4,37.876419,1.766745268096554,1.5376887895062339,3082.8056200019355,0.98420882,1.18449,0.0,True,1.5319843336675878,1.4317291526543636
360,21715,227.09961,572,1440.707,1.6738907,3,114.58744,1.4115526950886268,1.3726249636694932,2267.7827865347494,0.9489311,0.91461653,0.0,True,1.2727662165620388,1.2352224335686453
361,20868,187.42038,572,1745.7227,0.88708645,2,39.498482,1.165205987238838,1.3320608553257454,1864.095844079193,0.96277916,0.92083019,0.0,True,1.1044779390671866,1.2086916557280216
362,20017,173.05994,572,1890.582,2.1230521,3,57.480816,1.0760204599183696,1.3124955090378674,1714.0612905317753,0.99116188,0.93524677,0.0,True,1.0505628859428586,1.199320887326507
363,986,80.072105,572,4086.1172,2.9067516,5,117.47203,0.49814055088078874,0.8290764887109257,552.1518290207505,0.89138502,0.90695816,0.0,True,0.6161138916165521,0.852440990097648
364,11447,200.58601,572,1631.1406,3.0014949,4,117.76385,1.2469575210323152,1.263107392488732,1874.6081826353281,0.89041382,1.0641072,0.0,True,1.1399944107226205,1.2034073347421124
365,834,157.36827,572,2079.0977,3.9954712,6,134.85445,0.9785494232554425,0.8804235356733606,1058.8726443136388,0.8135159,0.80980641,0.0,True,0.9290393662788097,0.8592383979713525
366,2921,195.29593,572,1675.3242,3.9988184,6,108.90603,1.2141105184514882,1.074670891382991,1558.5329538375624,0.89034718,0.95124584,0.0,True,1.1169815169160418,1.0376433759680936
367,8086,196.72983,572,1663.1133,4.0033293,5,117.78275,1.223014045995085,1.2129564971718472,1770.201915249322,0.89036673,1.0331715,0.0,True,1.1232198511965594,1.159020998020293
368,55131,284.33109,572,1150.7148,2.0055144,4,100.7656,1.7666615836573174,1.5484164874038306,3104.1857347588116,0.9842087,1.1893538,0.0,True,1.531925718560122,1.4406976811826813
369,980,157.38927,572,2078.8203,4.0106082,6,135.69695,0.9786798764281701,0.9015278526281851,1084.3477466202544,0.81378978,0.85984844,0.0,True,0.9292128474997191,0.8890240288397296
370,4730,204.7925,572,1597.6367,3.0081177,5,56.707371,1.273074663811619,1.1468842616586148,1732.9752747259388,0.88978881,0.9549852,0.0,True,1.1580889076681333,1.0893145431610303
371,64288,284.3089,572,1150.8047,2.0039463,4,119.38791,1.7665238128134175,1.5701923344831814,3147.6291442381453,0.98420852,1.2049376,0.0,True,1.5318292249693921,1.460615914138227
372,0,157.15067,572,2081.9766,2.0100431,3,62.94252,0.9771976106033186,0.0,108.92854383360637,0.8132382,0.0,0.0,True,0.928009787422323,0.0
373,5073,195.67188,572,1672.1055,3.0199499,5,57.232403,1.2164448143042526,1.1492872219822037,1669.4884868848585,0.89100999,1.0050631,0.0,True,1.1188143670129769,1.1060199853875425
374,1151,137.80544,572,2374.2461,3.0949709,5,114.4613,0.8570059111609811,0.9068084256686508,971.5452359595866,0.78155309,0.86514658,0.0,True,0.8343700648126867,0.8943098719680556
375,1997,145.28345,572,2252.0391,2.1404259,4,31.185297,0.9034701102004964,0.9843256255457559,1104.212672544272,0.80304164,0.9124558,0.0,True,0.8733415691403474,0.9627646778820291
376,2768,155.83784,572,2099.5156,1.4915563,3,47.302834,0.9690420352212601,1.0359895016651544,1235.2646275948127,0.82322174,0.95913601,0.0,True,0.925295946654882,1.012933454165608
377,3459,172.59029,572,1895.7266,0.85668755,2,79.679474,1.0731034460249584,1.0794926491766688,1406.492266983749,0.85591912,0.97835547,0.0,True,1.007948148217471,1.0491514954236683
378,4160,194.12093,572,1685.4648,1.4404268,3,104.67893,1.2068144793735713,1.1213653521852078,1617.7554958582655,0.89034045,0.99470127,0.0,True,1.1118722705614998,1.0833661275296453
379,3137,161.33862,572,2027.9336,2.5625968,4,60.899677,1.0032135800270647,1.0571265407421846,1299.0436416106922,0.83501452,0.95156044,0.0,True,0.9527538620189453,1.0254567105195291
380,1404,145.12134,572,2254.5547,2.2410007,4,37.253948,0.9024629245961676,0.9385855180538956,1051.91262397788,0.79983836,0.88768446,0.0,True,0.8716755552173174,0.923315200637727
381,40,149.68958,572,2185.75,3.2198391,4,136.37044,0.9308453681056921,0.4828410607951826,559.4901953395978,0.81340647,0.27293465,0.0,True,0.8956136986739844,0.4198691375566278
382,2021,161.06313,572,2031.4023,2.5401144,4,56.268055,1.0015022379355172,0.9991972985926992,1226.0667976085374,0.83270085,0.92014855,0.0,True,0.9508618215548621,0.9754826740148894
383,43,132.16219,572,2475.625,2.0269237,3,90.282646,0.8219391369045872,0.4841928686350064,503.09685123889807,0.77667034,0.27718329,0.0,True,0.808358497833211,0.42208999504450445
384,8,120.81953,572,2708.0391,2.4429765,3,105.17218,0.7514492887107156,0.2779507046160447,278.1972487205469,0.74962687,0.16052499,0.0,True,0.7509025630975009,0.24272299023123128
385,6299,195.55127,572,1673.1367,3.4526424,5,146.08984,1.2156959811537935,1.1783424096451987,1710.7731733839787,0.89004254,1.0089864,0.0,True,1.1179999488076555,1.127535606751639
386,53,133.94835,572,2442.6133,2.0201013,3,81.544205,0.8330384826398628,0.5112737586256674,536.775668062134,0.77921391,0.29225403,0.0,True,0.816891110847904,0.4455678400379671
387,22,122.41385,572,2672.7695,2.4419918,3,108.69699,0.7613579241400905,0.3973007200315614,389.0378048801389,0.75269639,0.22914158,0.0,True,0.7587594638980634,0.346852978022093
388,41,152.80353,572,2141.207,3.9862931,4,135.30945,0.9501914439777529,0.4872768925340506,574.7246547143847,0.81454432,0.27473396,0.0,True,0.9094973067844271,0.4235140127738354
389,4967,205.19939,572,1594.4688,3.0845141,5,60.633633,1.2756008473659037,1.1538191362370722,1746.4466508627222,0.8904506,0.96278518,0.0,True,1.1600557731561327,1.0965089493659506
390,70993,284.3089,572,1150.8047,2.9272625,5,135.72488,1.7665238128134175,1.584262587328387,3175.8341092718106,0.98420852,1.214168,0.0,True,1.5318292249693921,1.4732342111298709
391,6220,195.93002,572,1669.9023,2.9934332,4,60.629478,1.2180478213788137,1.1769489155370918,1711.6146142311977,0.8913424,1.0186956,0.0,True,1.1200361949651696,1.1294729208759642
392,80036,283.40848,572,1154.4609,3.0852005,5,136.19629,1.7609388731371962,1.6005486116250316,3199.7545187468454,0.98420304,1.2276025,0.0,True,1.5279181231960373,1.4886647781375222
393,13786,202.4399,572,1616.2031,4.8306518,7,98.081841,1.2584680835633226,1.2898351866324231,1929.566823955392,0.88424379,1.0584528,0.0,True,1.1462007954943259,1.2204204706426962
394,85856,283.47177,572,1154.2031,1.9966085,4,118.05194,1.7613315118020596,1.6105504559543675,3220.3668830388715,0.9842034,1.233539,0.0,True,1.5281930782614417,1.4974470191680571
395,0,154.6935,572,2115.0469,2.3603282,4,120.15836,0.9619328480976156,0.0,107.2253633759499,0.80772519,0.0,0.0,True,0.9156705506683309,0.0
396,86756,283.70605,572,1153.25,1.9951719,4,58.134781,1.7627846388861526,1.612217140255912,3225.98685760957,0.98460531,1.2351538,0.0,True,1.5293308402203067,1.4990981381791384
397,3341,158.47978,572,2064.5156,4.5890212,6,25.996946,0.9854544306722037,1.0629048021344762,1286.0038083026022,0.81295657,0.91833425,0.0,True,0.9337050724705426,1.0195336364941334
398,414,150.06586,572,2180.2695,3.0153096,4,112.23714,0.9331830711437006,0.7840562833228375,904.9999699704302,0.81423783,0.78689343,0.0,True,0.8974994988005904,0.7849074273259862
399,5382,194.15378,572,1685.1797,2.9820125,4,107.51913,1.207018407152023,1.1560397819650616,1668.0114057540377,0.89034081,1.0138623,0.0,True,1.112015128006416,1.1133865373755432
400,211,149.82855,572,2183.7227,3.0480537,5,113.38577,0.9317087451547389,0.6965507634971588,803.274631314603,0.81341726,0.44600862,0.0,True,0.8962212996083172,0.6213881204480112
401,90,150.21468,572,2178.1094,3.0751712,5,113.34631,0.9341076893082649,0.5867716848908027,679.2390241290769,0.81424803,0.33155769,0.0,True,0.8981497915157854,0.5102074864235618
402,5621,195.54715,572,1673.1719,1.9801488,4,103.03754,1.2156704360150905,1.1630025931042969,1688.4754512828065,0.89069045,1.00139,0.0,True,1.1181764402105634,1.1145188151730077
403,90042,283.67914,572,1153.3594,2.0344768,4,44.752262,1.762617722306347,1.617466470281183,3236.2268680042785,0.98460513,1.2402653,0.0,True,1.529213944614443,1.504306119196828
404,7907,195.57364,572,1672.9453,3.9688823,5,107.15441,1.2158349016372223,1.208980309964878,1755.4213959848175,0.89004278,1.0251869,0.0,True,1.1180972651460557,1.1538422869754146
405,455,150.45726,572,2174.5977,2.9892087,4,111.14705,0.9356147688997503,0.7965795826520299,921.503081361451,0.81562179,0.78723514,0.0,True,0.8996168752298253,0.7937762498564209
406,100943,284.32819,572,1150.7266,1.9778111,4,123.21282,1.7666434990510567,1.634197368323807,3276.123544266014,0.98462552,1.2417768,0.0,True,1.5320381053357397,1.5164711978266647
407,34395,210.36069,572,1555.3477,3.0375795,4,42.757412,1.3076443713072088,1.4209160195309685,2197.3698407706916,0.99671155,0.95173806,0.0,True,1.214364524915046,1.2801626316716779
408,3520,164.61505,572,1987.5703,5.8807812,7,29.658459,1.023566221346,1.0750803858512272,1344.3756040821927,0.83161074,0.96726441,0.0,True,0.9659795769421999,1.042735593095859
409,108,126.45461,572,2587.3633,4.034739,5,11.874701,0.7864701542936164,0.5968975124209901,594.3974114689374,0.75165969,0.377404,0.0,True,0.7760270150055315,0.531049458694693
410,2403,158.40247,572,2065.5234,2.2386336,4,38.691998,0.9849740777169572,1.0196865832216475,1233.2115706181148,0.81295556,0.8783226,5.00003807246685e-07,True,0.9333685224018701,0.9772773882551533
411,4484,196.09883,572,1668.4648,4.4188671,6,40.119335,1.2190959989538408,1.132997915068218,1648.9395096286614,0.87677735,0.97695339,0.0,True,1.1164004042676887,1.0861845575477527
412,2074,164.57463,572,1988.0586,3.0206945,5,12.512476,1.0233150692513415,1.0054360721432307,1257.0536499199818,0.8316102,0.93042564,0.0,True,0.9658036084759392,0.9829329425002615
413,83,129.25548,572,2531.2969,3.3720381,4,23.862442,0.8038761481424573,0.5653231048563814,574.237020630259,0.75774121,0.34499583,4.998873919248581e-07,True,0.7900356666997201,0.4992249223994669
414,448,141.72917,572,2308.5156,5.9332671,7,28.652294,0.8813863685115251,0.7884446152832716,865.8585892296999,0.78650659,0.78515357,0.0,True,0.8529224349580675,0.7874573016982901
415,969,161.88713,572,2021.0625,2.7437301,4,21.008211,1.006620880013953,0.9033785392883896,1113.5125311547188,0.82729024,0.87835538,0.0,True,0.952821688009767,0.8958715915018727
416,5,130.48906,572,2507.3672,5.5574598,6,24.43681,0.8115420310240875,0.22888570284548138,253.9199861946877,0.76798427,0.13113429,0.0,True,0.7984747027168613,0.19956027899183695
417,889,146.40768,572,2234.7461,5.18578,6,32.899376,0.9104551267903084,0.880464651558003,994.4513893869293,0.80013663,0.85558093,0.0,True,0.8773595777532158,0.8729995350906021
418,1752,192.11244,572,1703.0859,2.1182916,4,13.066837,1.194342733156862,1.003645117292568,1435.013489118173,0.87165922,0.90346169,0.0,True,1.0975376792098033,0.9735900891047975
419,38,139.93411,572,2338.1289,3.3083148,4,24.304974,0.8702328124203874,0.4722065198137841,516.2000633087196,0.78315294,0.27217644,0.0,True,0.8441088506942711,0.4121974958696489
420,12,131.97018,572,2479.2266,4.5766063,6,13.904624,0.820746059256832,0.3281282430485197,348.27687081964496,0.76632684,0.18769239,0.0,True,0.8044202934797824,0.2859974871339638
421,398,142.05463,572,2303.2266,2.9557631,4,29.981453,0.8834085786070782,0.7734310763413899,851.1152793975419,0.79165322,0.78546691,0.0,True,0.8558819710249548,0.7770418264389729
422,2,142.72028,572,2292.4844,5.9329004,6,34.009186,0.8875444758191547,0.14196343143106624,197.8523193814519,0.79192895,0.080585696,0.0,True,0.8588598180734083,0.12355011080174637
423,0,138.28137,572,2366.0742,4.2601771,4,38.555496,0.859963321281583,0.0,95.84934173946661,0.78437382,0.0,0.0,True,0.8372864708971082,0.0
424,2380,156.87811,572,2085.5938,1.9923165,3,67.795357,0.9755044080286249,1.017140937886554,1219.8364531817363,0.88157934,0.90418112,0.0,True,0.9473268876200375,0.9832529925205877
425,2396,158.35783,572,2066.1055,1.84245,3,97.192177,0.9846968416617178,1.0192670648025122,1232.402445756602,0.81272191,0.88105088,4.998873919248581e-07,True,0.9331043621632025,0.9778022093617585
426,0,123.38564,572,2651.7188,4.1534722e-07,1,43.817501,0.7673974175685938,0.0,85.52440848758441,0.8060196,0.0,0.0,True,0.7789840722980157,0.0
427,0,188.4709,572,1735.9922,1.0358596,2,128.76779,1.1717296280577254,0.0,130.6380729525954,0.86691445,0.0,0.0,True,1.0802850746404078,0.0
428,972,123.38564,572,2651.7188,1.9999905,3,42.05265,0.7673974175685938,0.8726917854303969,849.0673378031685,0.80601966,0.90706021,0.0,True,0.7789840902980157,0.8830023128012779
429,1211,109.88792,572,2977.4336,3.9915106,5,132.95805,0.6835047285743263,0.8875229133150272,780.2978465018911,0.79867899,0.66776311,0.0,True,0.7180570070020285,0.821594972320519
430,0,92.868584,572,3523.0859,2.0047138,3,71.128822,0.5777042068884698,0.0,64.37159716219445,,,,False,0.5777042068884698,0.0
431,432,109.72339,572,2981.8984,1.8214607,3,84.536606,0.6824820020927079,0.75871693396706,666.355033902467,0.81032056,0.73249561,0.0,True,0.7208335694648955,0.750850536776942
432,22,95.295914,572,3433.3477,2.0195432,3,161.59641,0.5927950041485547,0.3850934511341987,302.8555445042084,0.80265331,0.39225933,0.0,True,0.6557524959039883,0.3872432147939391
433,3507,92.868065,572,3523.1055,3.9992945,6,100.30588,0.577700994785327,0.9993697402579758,758.0900361282766,0.8143602,0.7970264,0.0,True,0.6486987563497288,0.938666738180583
434,4437,92.867966,572,3523.1094,3.9890752,5,153.0488,0.5777003556466156,1.0281599059003683,779.9223037698574,0.8143602,0.70628268,0.0,True,0.6486983089526309,0.9315967381302579
435,1647,109.88677,572,2977.4648,3.0085764,5,115.7288,0.683497571131979,0.9259338643789673,814.0328762105124,0.79867333,0.83470953,0.0,True,0.7180502987923852,0.8985665640652771
436,20132,172.22157,572,1899.7852,2.4457045,5,226.66156,1.0708133358453036,1.3124113942628841,1706.7442109587507,0.96205336,1.1817399,0.0,True,1.0381853430917125,1.273209945984019
437,0,80.202141,572,4079.4922,2.0003982,3,186.74939,0.4989491230862153,0.0,55.59188790902119,0.89138508,0.97862327,8.003537800366793,True,0.6166799101603508,0.2935869810000001
438,7154,127.32578,572,2569.6602,4.4962583,4,20.015791,0.7918841509750113,1.1302573009395671,1130.1062461133645,0.86735255,0.88241857,0.0,True,0.8145246706825079,1.055905681657697
439,6211,109.95804,572,2975.5352,1.7633359,3,108.77392,0.6839405136413594,1.091890748028342,960.4174111186697,0.81114531,0.8442741,0.0,True,0.7221019525489516,1.0176057536198395
440,2412,134.28528,572,2436.4844,5.7425647,5,171.92535,0.8351322461087829,0.9986004410413959,1045.9534712678867,0.87334132,0.9248026,0.0,True,0.846594968276148,0.9764610887289772
441,24,109.96526,572,2975.3398,3.0053556,4,88.01918,0.6839854000115229,0.4024036766113137,358.2774329086322,0.79894036,0.49074033,0.0,True,0.718471888008066,0.42890467262791965
442,0,134.15903,572,2438.7773,1.0017061,2,93.57531,0.8343477113103386,0.0,92.99195339115711,0.87277251,0.97816634,3.743701527122894,True,0.845875150917237,0.29344990200000004
443,8670,172.53412,572,1896.3438,2.7642994,5,87.266403,1.0727545527175992,1.2011422198483703,1564.5143350378733,0.96184665,1.1762803,0.0,True,1.0394821819023194,1.1936836438938592
444,963,134.27086,572,2436.7461,3.01191,4,170.99039,0.8350426286989153,0.8809487541723726,922.7265501969528,0.87308687,0.9916383,0.0,True,0.8464559010892407,0.9141556179206609
445,5844,172.52417,572,1896.4531,2.0089824,4,96.288437,1.0726927908164956,1.1488902843529487,1496.3906219361775,0.96184629,1.1667826,0.0,True,1.039438840571547,1.1542579790470642
446,0,132.88936,572,2462.0781,1.9993107,2,207.29428,0.8264579576731872,0.0,92.11188521041558,0.87237859,0.0,0.9950578755599386,True,0.8402341473712309,0.0
447,3912,172.52275,572,1896.4688,2.0063853,4,121.27702,1.0726839198375173,1.0957343391332897,1427.1625581920298,0.96184629,1.164341,0.0,True,1.039432630886262,1.116316337393303
448,0,132.98621,572,2460.2852,1.0114269,2,55.876068,0.8270597386822728,0.0,92.1790165148528,,,,False,0.8270597386822728,0.0
449,1964,133.10646,572,2458.0625,3.0181503,4,52.008854,0.8278069984291975,0.9711717626979408,1009.4469546898191,0.87248212,0.96428645,0.0,True,0.8412095349004383,0.9691061688885585
450,0,107.97136,572,3030.2852,2.0076354,2,26.16362,0.6715914961011016,0.0,74.84004376522286,0.79760945,0.0,0.0,True,0.7093968822707711,0.0
451,0,172.31618,572,1898.7422,1.0201879,2,99.531952,1.07140092647663,0.0,119.44047433186003,0.96163225,1.1559039,3.8404326220644873,True,1.038470323533641,0.3467711700000001
452,98399,284.34268,572,1150.668,1.9966861,4,57.458046,1.766733312691276,1.63058891933975,3269.032699311893,0.98462552,1.2429909,0.0,True,1.5321009748838934,1.5143095135378248
453,935,157.72862,572,2074.3477,3.0176497,4,63.908882,0.9807880221955253,0.8956345485276017,1079.286991204537,0.90157264,0.87206018,0.0,True,0.9570234075368678,0.8885622379693212
454,5009,201.1134,572,1626.8633,3.0144963,4,45.186687,1.2502319587366404,1.1518255267785455,1713.3636446807852,0.89078653,0.87662679,0.0,True,1.1423983301156482,1.0692659057449818
455,323,157.72298,572,2074.4219,3.0107877,4,60.901558,0.980752974177949,0.7567524684793552,912.2421435560896,0.90157259,0.43990919,0.0,True,0.9569988589245643,0.6616994849355485
456,7056,196.02815,572,1669.0664,2.9799967,4,106.00982,1.2186571126516743,1.1940171921689047,1737.1851957937715,0.89135474,1.019179,0.0,True,1.120466400856172,1.1415657345182333
457,97,126.71919,572,2581.9609,2.9997566,4,47.296127,0.7881144618222465,0.5835173421587784,582.2898653619766,0.82276016,0.44413576,0.0,True,0.7985081712755726,0.5417028675111448
458,33229,209.4826,572,1561.8672,2.0281873,4,104.42166,1.302193021295688,1.4154209440044934,2180.9733006026636,0.99873662,0.99268264,0.0,True,1.2111561009069816,1.2885994528031453
459,99099,284.28864,572,1150.8867,2.0152221,4,226.26843,1.7663981673769225,1.631550437078524,3270.4266105462757,0.98462528,1.2481492,0.0,True,1.5318663011638456,1.5165300659549668
460,4032,201.11823,572,1626.8242,3.036979,5,47.905296,1.2502619706124378,1.1225000674445105,1669.7868636182857,0.89078659,0.84735465,0.0,True,1.1424193564287064,1.0399564422111574
461,1254,154.4798,572,2117.9727,4.0283856,5,60.923874,0.9606052729231975,0.9314928755136471,1102.3195542314384,0.81352121,0.54464042,0.0,True,0.9164800540462382,0.8154371388595529
462,9818,206.25089,572,1586.3398,2.4978988,5,194.83298,1.2821292736436043,1.2470468451490875,1895.8945638151276,0.88680637,0.94262308,0.0,True,1.163532402550523,1.1557197156043613
463,91,146.83528,572,2228.2383,2.9512382,4,64.812202,0.9131118204154363,0.5864598703636903,665.5455157050166,0.8014707,0.33276877,0.0,True,0.8796194842908054,0.5103525402545832
464,117,132.75626,572,2464.5469,1.593691,2,92.351112,0.8256307447765245,0.6107664799963567,634.4585610236225,0.77619618,0.35928416,0.0,True,0.8108003753435672,0.5353217839974497
465,493,161.26096,572,2028.9102,3.432929,4,86.421349,1.0027311665839425,0.8143303231439785,1000.5529411672792,0.83590215,0.78875279,0.0,True,0.9526824616087597,0.8066570632007849
466,15039,198.80211,572,1645.7773,4.2297025,5,217.0164,1.2358811801043914,1.2984263263242461,1912.1850699384852,0.89007723,1.0871513,0.0,True,1.132139995073074,1.2350438184269723
467,99388,284.35522,572,1150.6172,1.9893334,4,59.311378,1.7668111790048144,1.6320175011857085,3272.0205745510216,0.98502415,1.2589742,0.0,True,1.53227507030337,1.520104510829996
468,7885,202.03996,572,1619.4023,4.5735383,5,100.19679,1.25598499155529,1.2139141129627085,1812.8987248320857,0.88901412,0.95133179,0.0,True,1.1458937300887029,1.135139416073896
469,3275,189.81717,572,1723.6797,2.8021202,4,38.237598,1.1800897664110135,1.0859171807514625,1536.5099422412834,0.87832797,0.84638447,0.0,True,1.0895612274877093,1.0140573675260238
470,3596,205.25821,572,1594.0117,2.3996682,4,70.276962,1.2759661812461824,1.1100838037346088,1680.6816079036087,0.90279353,0.87685591,0.0,True,1.1640143858723278,1.0401154356142261
471,97272,284.2674,572,1150.9727,2.0275369,4,102.73386,1.7662664120956444,1.6288941230939977,3264.892678765745,0.98502368,1.2674117,0.0,True,1.5318935924669512,1.5204493961657983
472,98623,284.30695,572,1150.8125,1.9610597,4,57.983917,1.766511860405077,1.6308824470099526,3269.26837913793,0.98502386,1.2703664,0.0,True,1.5320654602835537,1.5227276329069668
473,94184,284.0004,572,1152.0547,3.1706293,5,40.18716,1.7646104245086718,1.6241029184383162,3252.664200806305,0.98502201,1.2713522,0.0,True,1.5307339001560702,1.5182777029068213
474,93065,283.74066,572,1153.1094,2.8879037,5,91.296234,1.7629992051603316,1.6221980999691448,3246.298155395912,0.98621809,1.2738039,0.0,True,1.5299648706122322,1.5176798399784015
475,430,126.64906,572,2583.3906,2.0131366,4,56.655067,0.7876786409269174,0.7719640796309982,768.5603964310637,0.82331777,0.46588874,0.0,True,0.7983703796488422,0.6801414777416988
476,99304,284.32336,572,1150.7461,2.0038488,4,45.780033,1.7666136142843838,1.6318717205826072,3271.413568648526,0.98462546,1.2526686,0.0,True,1.5320171679990686,1.518110784407825
477,1023,154.72778,572,2114.5781,3.9894896,4,62.318703,0.9621459062026709,0.9051248605971964,1072.642272228695,0.90185714,0.88738173,0.0,True,0.9440592763418696,0.8998019214180375
478,1159,154.9158,572,2112.0117,3.00141,5,183.27623,0.963313946688766,0.9215548122321877,1093.246529649314,0.81434846,0.8568505,0.0,True,0.9186243006821363,0.9021435185625314
479,0,126.37009,572,2589.0938,1.0108651,2,22.52928,0.7859448986652771,0.0,87.59307159060654,0.82246858,0.0,0.0,True,0.7969020030656939,0.0
480,1940,199.91385,572,1636.625,3.3878684,5,95.504265,1.2427840134705792,1.022795280656776,1513.6424473154057,0.88880408,0.79433012,0.0,True,1.1365900334294055,0.9542557324597432
481,13143,205.16621,572,1594.7266,4.0143991,5,96.569191,1.27539489482622,1.2856951397919516,1945.7546329743002,0.89193565,1.0546024,0.0,True,1.160357121378354,1.2163673178543661
482,2018,154.91925,572,2111.9648,3.0128398,5,146.19685,0.9633353185792061,0.9939353424750862,1179.0676061484394,0.81434852,0.93690741,0.0,True,0.9186392790054442,0.9768269627325603
483,7,122.74699,572,2665.5156,3.9951506,4,94.506142,0.7634283203716701,0.26357819259378856,269.70270322204317,0.74945939,0.15191752,0.0,True,0.759237641260169,0.230079990815652
484,387,154.42398,572,2118.7383,2.6479082,4,185.76181,0.9602584883166526,0.7782000464061803,920.9196572873481,0.81387508,0.5231716,0.0,True,0.9163434658216568,0.7016915124843263
485,2217,198.47188,572,1648.5156,3.9891596,5,281.89041,1.2338307823768693,1.0398022159913534,1529.188507390847,0.89158261,0.85917991,0.0,True,1.1311563306638086,0.9856155241939474
486,3409,156.88046,572,2085.5625,2.0442667,4,116.7563,0.9755190343154889,1.0641315315000108,1276.185013535797,0.88157934,0.98773718,0.0,True,0.9473371260208422,1.0412132260500075
487,31599,209.47841,572,1561.8984,3.0033278,5,136.19197,1.3021670423559661,1.4085793070440318,2170.394084570976,0.9987365,1.0269945,0.0,True,1.2111378796491763,1.2941038649308223
488,4498,198.91637,572,1644.832,3.9629688,5,78.816277,1.236590589734246,1.135596787967427,1673.2512209092502,0.97337037,1.0180683,0.0,True,1.1576245238139722,1.100338241577199
489,0,157.77943,572,2073.6797,1.0011388,2,46.588566,0.9811036616454974,0.0,109.36436705485524,0.88580537,0.0,0.0,True,0.9525141741518482,0.0
490,5217,199.08987,572,1643.3984,4.0050364,6,102.06796,1.237668004340607,1.1557480796782833,1704.2214499273452,0.97415888,1.0284779,0.0,True,1.1586152670384249,1.1175670257747983
491,0,198.23796,572,1650.4609,2.0142674,3,92.239525,1.23237829958532,0.0,137.4080830539552,0.89127016,0.0,0.0,True,1.130045857709724,0.0
492,35258,209.36374,572,1562.7539,2.0080829,4,140.63708,1.3014551068210969,1.4233688730348717,2192.143972584747,0.99873435,1.0682338,0.0,True,1.2106388797747678,1.31682835112441
493,1962,154.24937,572,2121.1367,2.8951514,4,244.40117,0.9591737329363803,0.9897023492527334,1169.6326347897998,0.87129664,0.91218209,0.0,True,0.9328106050554663,0.9664462714769133
494,983,124.44097,572,2629.2305,1.8252212,2,109.84235,0.7739561220779508,0.8750618862488533,857.7270116898467,0.80412763,0.85590881,0.0,True,0.7830075744545656,0.8693159633741973
495,0,103.49408,572,3161.3789,0.93204725,1,90.165047,0.6437600484953692,0.0,71.73662975664541,0.74424583,0.0,0.0,True,0.6739057829467584,0.0
496,0,105.56677,572,3099.3086,0.83569366,2,47.116528,0.6566444094190523,0.0,73.17330898632022,0.82840466,0.0,0.0,True,0.7081724845933366,0.0
497,2156,183.33688,572,1784.6055,1.3391061,3,35.735275,1.1398470194305501,1.0250835326417378,1407.4657042703918,0.86084515,0.63982362,0.0,True,1.0561464586013851,0.9095055588492165
498,2089,177.58665,572,1842.3906,2.3801594,4,66.738663,1.1041354006430242,1.0165512922476614,1357.7205653592378,0.88273841,0.66757369,0.0,True,1.037716303450117,0.911858011573363
499,12086,204.5894,572,1599.2227,4.0079427,6,94.894768,1.2718136921698822,1.2738444709252463,1923.1339162425552,0.89106452,1.0495721,0.0,True,1.1575889405189175,1.2065627596476725
500,9114,199.07616,572,1643.5117,4.0132689,6,99.785736,1.2375827859949144,1.2310514145351354,1815.1339022942395,0.97389412,1.0358126,0.0,True,1.15847618619644,1.1724797701745948
501,691,154.54822,572,2117.0352,3.0125356,5,146.00475,0.9610302622973077,0.8538223608195585,1010.9045433414009,0.81415105,0.85632581,0.0,True,0.9169664986081154,0.8545733955736909
502,3785,177.65108,572,1841.7227,3.0054338,5,96.332268,1.1045353805500293,1.0956081156900728,1463.725771342536,0.88341683,0.99732375,0.0,True,1.0381998153850205,1.066122805983051
503,112,154.16618,572,2122.2812,4.0202026,5,168.14565,0.958656958444686,0.6170187906641645,730.1616225109066,0.81356347,0.72037089,0.0,True,0.9151289119112802,0.6480244204649152
504,10182,199.06055,572,1643.6406,3.9897327,6,350.60059,1.2374858484126046,1.2459980149647154,1837.044845010853,0.97411144,1.0651541,0.0,True,1.1584735258888232,1.1917448404753008
505,9804,204.5844,572,1599.2617,4.0174494,6,95.88369,1.271782716137673,1.2454850483920241,1880.2840174687406,0.89106452,1.0263255,0.0,True,1.157567257296371,1.1797371838744168
506,214,153.20882,572,2135.543,3.0018773,4,255.27107,0.9527092339537626,0.7004071534246262,823.5400620127699,0.81135315,0.74962854,0.0,True,0.9103024087676338,0.7151735693972384
507,9211,198.94328,572,1644.6094,4.0323591,6,171.09286,1.2367577605673985,1.2323697648664376,1816.0280298203845,0.97454655,1.0716149,0.0,True,1.158094397397179,1.1841433054065063
508,2932,177.66313,572,1841.5977,1.8179805,3,47.708614,1.1046102704908058,1.0616706872985169,1418.4840974848928,0.88341695,0.98002237,0.0,True,1.038252274343564,1.0371761921089617
509,2310,142.81323,572,2290.9922,1.1930292,2,109.82143,0.8881220590603089,1.0009545962894588,1106.2124610510161,0.81948858,0.95813739,0.0,True,0.8675320153422164,0.9881094344026211
510,1701,131.7883,572,2482.6484,2.0160103,4,60.438904,0.8196157468691456,0.9515585150218595,980.5242827951785,0.79390281,0.93470097,0.0,True,0.811901865808402,0.9465012515153016
511,9874,203.46225,572,1608.082,4.0369925,6,97.85112,1.2648156765141325,1.2455224740312558,1871.4178707470367,0.88941425,1.0208541,0.0,True,1.1521952485598927,1.178121961821879
512,2224,153.20882,572,2135.543,3.0123563,5,98.381493,0.9527092339537626,1.0051685941097828,1180.927690897908,0.81135315,0.91450703,0.0,True,0.9103024087676338,0.977970124876848
513,0,109.74049,572,2981.4336,2.353164,3,21.202608,0.6825883284525681,0.0,76.06631123676686,0.73270178,0.0,0.0,True,0.6976223639167977,0.0
514,1002,121.65482,572,2689.4453,2.9466791,4,57.859131,0.7566406622022851,0.8749773785908516,840.8473736976034,0.74645811,0.85133845,0.0,True,0.7535858965415996,0.867885700013596
515,957,129.26286,572,2531.1523,4.8577976,6,40.172516,0.8039220358259658,0.8758848513836884,887.5047167879073,0.7803635,0.7873292,0.0,True,0.7968544750781761,0.8493181559685818
516,196,119.00507,572,2749.3281,3.4473176,4,28.723957,0.7401723386146595,0.6670541297251126,629.3305881664953,0.76442271,0.80316937,0.0,True,0.7474474500302616,0.7078887018075788
517,21,113.88824,572,2872.8516,3.4701571,4,17.422665,0.708369417772113,0.3881218034739802,357.0959177823508,0.727575,0.22533408,0.0,True,0.7141310924404791,0.33928548643178613
518,24,123.59118,572,2647.3086,3.9064291,5,52.481312,0.768674873917379,0.408360780551599,402.6719956879898,0.77509469,0.23574027,0.0,True,0.7706008187421652,0.3565746273861193
519,175,154.1869,572,2121.9961,3.9898508,5,171.07405,0.9587856371644128,0.6748635329101449,798.0944812013877,0.81316358,0.38000426,0.0,True,0.915099020015089,0.5864057510371014
520,0,121.50976,572,2692.6562,1.0579362,2,39.555054,0.7557390638825197,0.0,84.22414755451561,0.74622405,0.0,0.0,True,0.7528845597177638,0.0
521,0,99.356834,572,3293.0195,1.1752466,2,80.088074,0.6180409415098235,0.0,68.86890935646251,0.8041414,0.0,0.0,True,0.6738710790568765,0.0
522,1968,124.33439,572,2631.4844,4.0033817,5,82.314339,0.7732937222157944,0.9630338595563951,943.1744258188712,0.89380962,0.91389853,0.0,True,0.809448491551056,0.9482932606894766
523,34426,209.10658,572,1564.6758,2.0167277,4,135.61171,1.2998585629989483,1.4198858615819037,2184.458123687939,0.96179074,1.1389076,0.0,True,1.1984382160992637,1.3355923831073326
524,3838,154.56476,572,2116.8086,4.0256553,6,103.33438,0.9611330414994671,1.0775401263130453,1275.6581502647116,0.87193269,0.94446152,0.0,True,0.9343729360496269,1.0376165444191319
525,0,154.28915,572,2120.5898,2.0067012,3,50.755707,0.9594208707086163,0.0,106.94508931349048,0.87130666,0.0,0.0,True,0.9329866074960314,0.0
526,2920,124.63782,572,2625.0781,3.0283761,5,258.92773,0.7751794490134221,1.0134205100500535,994.6127440941676,0.89420408,0.94392478,0.0,True,0.8108868383093955,0.9925717910350375
527,28387,209.10658,572,1564.6758,4.0074692,6,257.78342,1.2998585629989483,1.393670629902041,2144.128063685599,0.96179074,1.1262251,0.0,True,1.1984382160992637,1.3134369709314286
528,3674,154.44107,572,2118.5039,4.0179167,5,104.75089,0.9603646350630279,1.0717279999957965,1267.8963941190855,0.87256104,0.78714412,0.0,True,0.9340235565441196,0.9863528359970575
529,0,153.55006,572,2130.7969,2.0141702,3,51.15567,0.9548292920311483,0.0,106.43279116381044,0.87066799,0.0,0.0,True,0.9295809014218037,0.0
530,191,124.65099,572,2624.8008,3.0347948,4,227.76544,0.7752612813553383,0.6677115090240734,655.9995421102809,0.89542896,0.95810252,0.0,True,0.8113115849487369,0.7548288123168514
531,5258,202.93184,572,1612.2852,3.8206444,6,96.441948,1.2615224088489616,1.1597924359223664,1738.6969329329477,0.88875264,0.9528752,0.0,True,1.149691478194273,1.0977172651456564
532,1423,136.67413,572,2393.8984,3.20103,4,66.476822,0.8499763404296391,0.933087846002392,992.5175675185778,0.78023112,0.74075395,0.0,True,0.8290527743007473,0.8753876772016744
533,2122,150.29393,572,2176.9609,0.66542828,2,56.540401,0.9346000444859877,0.9965556727157912,1151.410271656742,0.80765414,0.81988245,0.0,True,0.8965162731401914,0.9435537059010538
534,2830,160.48357,572,2038.7383,2.4732056,4,47.547848,0.9979020602853524,1.0428821119463105,1275.6419242247719,0.8257972,0.85810226,0.0,True,0.9462706021997468,0.9874481563624173
535,958,203.63094,572,1606.75,2.0040376,4,96.075844,1.265862908514827,0.9298544523263453,1398.3200796322606,0.88976502,0.84368968,0.0,True,1.1530335419603788,0.9040050206284417
536,0,201.65813,572,1622.4688,2.2164483,3,59.358597,1.2536140762280124,0.0,139.7787642464909,0.88775754,0.0,0.0,True,1.1438571153596087,0.0
537,93,152.49667,572,2145.5156,4.1958671,5,173.04115,0.9482850574278611,0.592150610446673,694.4510615590334,0.81176949,0.33386695,0.0,True,0.9073303871995028,0.5146655123126711
538,552,203.66956,572,1606.4453,1.8671095,3,76.549644,1.2661027105324798,0.8553171390904223,1286.614152197357,0.88976538,0.79253048,0.0,True,1.1532015113727359,0.8364811413632955
539,166,159.49557,572,2051.3672,2.20471,3,94.772163,0.9917646264502655,0.6709726760341147,817.2495555543909,0.82101542,0.37641236,0.0,True,0.9405398645151859,0.5826045812238803
540,983,107.6454,572,3039.4609,1.3111823,3,33.428917,0.6695653901298642,0.8592597646131249,741.961166520626,0.85273021,0.85958773,0.0,True,0.724514836090905,0.8593581542291875
541,0,100.71049,572,3248.7578,0.36754993,1,120.39622,0.6264560694350184,0.0,69.80719219631055,0.82504356,0.0,0.0,True,0.6860323166045129,0.0
542,409,123.71642,572,2644.6289,2.1611772,3,310.88931,0.7694531538113363,0.7633341885155586,744.5988059337662,0.90152109,0.79278111,0.0,True,0.8090735346679354,0.772168264960891
543,2,118.81988,572,2753.6133,2.2949524,3,53.822777,0.7390213111807915,0.1386828869611959,164.71932963294205,0.88482606,0.081246734,0.0,True,0.7827627358265541,0.12145204107283712
544,4865,121.64847,572,2689.5859,2.1453276,3,132.19043,0.7566011376687728,1.0749241494690838,1032.8238555897349,0.90438086,0.98254228,0.0,True,0.800935054368141,1.0472095886283586
545,3900,117.92141,572,2774.5938,0.31886795,2,87.031166,0.7334371178359714,1.0428343222342105,975.1209735726808,0.89122307,0.96496695,0.0,True,0.78077290348518,1.0194741105639473
546,2931,114.14183,572,2866.4688,0.37442923,2,107.98902,0.7099456525632168,1.0027076334386607,911.2833815324425,0.87747431,0.94259739,0.0,True,0.7602042497942518,0.9846745604070624
547,1958,109.6088,572,2985.0156,1.5659747,3,78.574219,0.6817697751806946,0.9472436759053322,830.9114030016317,0.86040801,0.91130859,0.0,True,0.7353612456264862,0.9364631501337326
548,11377,156.60942,572,2089.1719,2.0447292,4,102.09499,0.9738352710617563,1.221486824163245,1462.6575667578095,0.99249995,1.2119195,0.0,True,0.9794346747432294,1.2186166269142715
549,22101,208.83911,572,1566.6797,4.0034399,6,225.43143,1.298198066866823,1.3594144077359887,2089.1154845369233,0.96140778,1.1195207,0.0,True,1.197160980806776,1.287446295415192
550,0,157.54765,572,2076.7305,0.99740696,2,0.18637659,0.9796637678973911,0.0,109.20370940134507,,,,False,0.9796637678973911,0.0
551,1962,157.54706,572,2076.7383,2.0191803,4,102.9229,0.9796600919284683,0.9924387207785271,1194.638155677308,0.9904536,1.2021586,0.0,True,0.9828981443499278,1.055354684544969
552,3105,157.87877,572,2072.375,3.0436864,5,102.15443,0.9817207371247859,1.052788595752343,1269.5683791970957,0.99126524,1.2067778,0.0,True,0.9845840879873502,1.0989853570266401
553,16927,156.92719,572,2084.9414,3.004822,5,97.881325,0.9758093610454168,1.2737844783963699,1527.966059642211,0.99181491,1.2054733,0.0,True,0.9806110257317917,1.253291124877459
554,15093,156.92778,572,2084.9336,2.005527,4,103.1118,0.9758130081729615,1.2587834277503842,1509.9777487933482,0.99181503,1.2079897,0.0,True,0.980613614721073,1.2435453094252689
555,0,208.03203,572,1572.7578,2.0230494,3,8.73526,1.293187405754223,0.0,144.19681506066195,,,,False,1.293187405754223,0.0
556,0,123.51427,572,2648.957,1.99736,2,0.027617572,0.7681969017502841,0.0,85.61356800941984,,,,False,0.7681969017502841,0.0
557,966,169.81306,572,1926.7305,1.0800904,3,52.274342,1.0558535544873833,0.9086682416892216,1167.5041989506226,0.83767533,0.85856915,0.0,True,0.9904000871411683,0.893638514182455
558,0,160.36189,572,2040.2852,0.2021829,1,93.758789,0.9971462135030053,0.0,111.15439192276408,0.82295632,0.0,0.0,True,0.9448892454521036,0.0
559,1675,161.75739,572,2022.6836,3.0340147,4,79.966858,1.0058149105733003,0.9751108981113961,1201.010083964324,0.99340045,1.0187618,0.0,True,1.0020905724013103,0.9882061686779773
560,0,108.05186,572,3028.0273,0.83963484,2,231.41089,0.6720919491627114,0.0,74.89584211325793,0.88176113,0.0,0.0,True,0.734992703413898,0.0
561,7576,221.12981,572,1479.6016,1.0744584,3,87.910164,1.3744969997826864,1.2234208000341824,1975.3536080648914,1.0943472,1.3423921,0.0,True,1.2904520598478806,1.2591121900239277
562,6643,217.93085,572,1501.3203,0.042707641,2,35.415051,1.3546394298495321,1.203028081187721,1918.1445216891166,1.0900152,1.3320146,0.0,True,1.2752521608946725,1.2417240368314046
563,3820,144.48175,572,2264.5352,2.5624347,3,27.872793,0.8984890038651189,1.0675366862265163,1191.7619228771039,1.01015,0.95200908,0.0,True,0.9319873027055832,1.0328784043585615
564,2871,126.18941,572,2592.8008,1.3202558,2,59.518902,0.784822077314462,1.0128616237472832,1004.8604124864818,0.95027572,0.91748631,0.0,True,0.8344581701201235,0.9842490296230983
565,1918,108.67489,572,3010.668,1.9968572,3,68.357452,0.6759646114584241,0.9436576440079912,821.590912927396,0.88415241,0.8613342,0.0,True,0.7384209510208969,0.9189606108055939
566,5706,217.93085,572,1501.3203,1.3819828,3,102.2342,1.3546394298495321,1.1822491451400172,1885.0199058359665,1.0890616,1.3345008,0.0,True,1.2749660808946723,1.227924641598012
567,0,88.205078,572,3709.3555,2.0327203,2,209.37135,0.5487097514838521,0.0,61.13910112677006,,,,False,0.5487097514838521,0.0
568,0,153.44711,572,2132.2266,0.0094750905,1,115.20808,0.9541896601200771,0.0,106.36143166157179,,,,False,0.9541896601200771,0.0
569,0,217.18774,572,1506.457,0.64003485,2,80.856972,1.3500265198631631,0.0,150.54306963318643,,,,False,1.3500265198631631,0.0
570,13243,156.76888,572,2087.0469,2.0139484,4,99.949379,0.9748258663188595,1.2415136917609886,1487.9522913850265,0.99215716,1.2105955,0.0,True,0.9800252544232017,1.232238234232692
571,0,123.13911,572,2657.0273,2.0029309,2,7.5985947,0.7658653801987019,0.0,85.35352691316096,,,,False,0.7658653801987019,0.0
572,0,123.23333,572,2654.9961,2.0059319,2,14.090483,0.766450863090551,0.0,85.41883524051332,,,,False,0.766450863090551,0.0
573,0,123.24149,572,2654.8203,1.9941807,2,12.6665,0.766501578625106,0.0,85.4244913215067,,,,False,0.766501578625106,0.0
574,9495,155.34189,572,2106.2188,1.9843707,4,32.444416,0.9659609116820453,1.1965689419058168,1422.7346205507006,0.99529737,1.2132696,0.0,True,0.9747618491774317,1.2015791393340718
575,7740,154.0726,572,2123.5703,2.0633709,4,158.29771,0.9580755593325838,1.1686211914712417,1379.6300515482299,0.99853188,1.2147229,0.0,True,0.9702124555328087,1.1824517040298692
576,983,153.76825,572,2127.7734,0.99831504,3,93.911362,0.9561848007272641,0.8991923054387645,1059.8694430401601,0.9993552,1.2196653,0.0,True,0.9691359205090849,0.9953342038071351
577,0,122.87736,572,2662.6875,1.9671547,2,8.3235588,0.764238566088229,0.0,85.1720956386494,,,,False,0.764238566088229,0.0

metric,value
avg_local_nain,1.036485
avg_local_nach,0.844645
avg_citywide_nain,0.874091
avg_citywide_nach,0.777546
avg_blended_nain,0.988796
avg_blended_nach,0.814426
avg_segment_length,92.1432
blended_nain_nach_pearson_r,0.56165
blended_nain_nach_p_value,4.6563e-49
pct_citywide_matched,95.67
