  0
SECTION
  2
HEADER
  9
$ACADVER
  1
AC1015
  9
$ACADMAINTVER
 70
6
  9
$DWGCODEPAGE
  3
ANSI_1252
  9
$INSBASE
 10
0.0
 20
0.0
 30
0.0
  9
$EXTMIN
 10
1e+20
 20
1e+20
 30
1e+20
  9
$EXTMAX
 10
-1e+20
 20
-1e+20
 30
-1e+20
  9
$LIMMIN
 10
0.0
 20
0.0
  9
$LIMMAX
 10
420.0
 20
297.0
  9
$ORTHOMODE
 70
0
  9
$REGENMODE
 70
1
  9
$FILLMODE
 70
1
  9
$QTEXTMODE
 70
0
  9
$MIRRTEXT
 70
1
  9
$LTSCALE
 40
1.0
  9
$ATTMODE
 70
1
  9
$TEXTSIZE
 40
2.5
  9
$TRACEWID
 40
1.0
  9
$TEXTSTYLE
  7
Standard
  9
$CLAYER
  8
0
  9
$CELTYPE
  6
ByLayer
  9
$CECOLOR
 62
256
  9
$CELTSCALE
 40
1.0
  9
$DISPSILH
 70
0
  9
$DIMSCALE
 40
1.0
  9
$DIMASZ
 40
2.5
  9
$DIMEXO
 40
0.625
  9
$DIMDLI
 40
3.75
  9
$DIMRND
 40
0.0
  9
$DIMDLE
 40
0.0
  9
$DIMEXE
 40
1.25
  9
$DIMTP
 40
0.0
  9
$DIMTM
 40
0.0
  9
$DIMTXT
 40
2.5
  9
$DIMCEN
 40
2.5
  9
$DIMTSZ
 40
0.0
  9
$DIMTOL
 70
0
  9
$DIMLIM
 70
0
  9
$DIMTIH
 70
0
  9
$DIMTOH
 70
0
  9
$DIMSE1
 70
0
  9
$DIMSE2
 70
0
  9
$DIMTAD
 70
1
  9
$DIMZIN
 70
8
  9
$DIMBLK
  1

  9
$DIMASO
 70
1
  9
$DIMSHO
 70
1
  9
$DIMPOST
  1

  9
$DIMAPOST
  1

  9
$DIMALT
 70
0
  9
$DIMALTD
 70
3
  9
$DIMALTF
 40
0.03937007874
  9
$DIMLFAC
 40
1.0
  9
$DIMTOFL
 70
1
  9
$DIMTVP
 40
0.0
  9
$DIMTIX
 70
0
  9
$DIMSOXD
 70
0
  9
$DIMSAH
 70
0
  9
$DIMBLK1
  1

  9
$DIMBLK2
  1

  9
$DIMSTYLE
  2
ISO-25
  9
$DIMCLRD
 70
0
  9
$DIMCLRE
 70
0
  9
$DIMCLRT
 70
0
  9
$DIMTFAC
 40
1.0
  9
$DIMGAP
 40
0.625
  9
$DIMJUST
 70
0
  9
$DIMSD1
 70
0
  9
$DIMSD2
 70
0
  9
$DIMTOLJ
 70
0
  9
$DIMTZIN
 70
8
  9
$DIMALTZ
 70
0
  9
$DIMALTTZ
 70
0
  9
$DIMUPT
 70
0
  9
$DIMDEC
 70
2
  9
$DIMTDEC
 70
2
  9
$DIMALTU
 70
2
  9
$DIMALTTD
 70
3
  9
$DIMTXSTY
  7
Standard
  9
$DIMAUNIT
 70
0
  9
$DIMADEC
 70
0
  9
$DIMALTRND
 40
0.0
  9
$DIMAZIN
 70
0
  9
$DIMDSEP
 70
44
  9
$DIMATFIT
 70
3
  9
$DIMFRAC
 70
0
  9
$DIMLDRBLK
  1

  9
$DIMLUNIT
 70
2
  9
$DIMLWD
 70
-2
  9
$DIMLWE
 70
-2
  9
$DIMTMOVE
 70
0
  9
$LUNITS
 70
2
  9
$LUPREC
 70
4
  9
$SKETCHINC
 40
1.0
  9
$FILLETRAD
 40
10.0
  9
$AUNITS
 70
0
  9
$AUPREC
 70
2
  9
$MENU
  1
.
  9
$ELEVATION
 40
0.0
  9
$PELEVATION
 40
0.0
  9
$THICKNESS
 40
0.0
  9
$LIMCHECK
 70
0
  9
$CHAMFERA
 40
0.0
  9
$CHAMFERB
 40
0.0
  9
$CHAMFERC
 40
0.0
  9
$CHAMFERD
 40
0.0
  9
$SKPOLY
 70
0
  9
$TDCREATE
 40
2461252.4861805555
  9
$TDUCREATE
 40
2458532.153996898
  9
$TDUPDATE
 40
2461252.4861805555
  9
$TDUUPDATE
 40
2458532.1544311
  9
$TDINDWG
 40
0.0
  9
$TDUSRTIMER
 40
0.0
  9
$USRTIMER
 70
1
  9
$ANGBASE
 50
0.0
  9
$ANGDIR
 70
0
  9
$PDMODE
 70
0
  9
$PDSIZE
 40
0.0
  9
$PLINEWID
 40
0.0
  9
$SPLFRAME
 70
0
  9
$SPLINETYPE
 70
6
  9
$SPLINESEGS
 70
8
  9
$HANDSEED
  5
322
  9
$SURFTAB1
 70
6
  9
$SURFTAB2
 70
6
  9
$SURFTYPE
 70
6
  9
$SURFU
 70
6
  9
$SURFV
 70
6
  9
$UCSBASE
  2

  9
$UCSNAME
  2

  9
$UCSORG
 10
0.0
 20
0.0
 30
0.0
  9
$UCSXDIR
 10
1.0
 20
0.0
 30
0.0
  9
$UCSYDIR
 10
0.0
 20
1.0
 30
0.0
  9
$UCSORTHOREF
  2

  9
$UCSORTHOVIEW
 70
0
  9
$UCSORGTOP
 10
0.0
 20
0.0
 30
0.0
  9
$UCSORGBOTTOM
 10
0.0
 20
0.0
 30
0.0
  9
$UCSORGLEFT
 10
0.0
 20
0.0
 30
0.0
  9
$UCSORGRIGHT
 10
0.0
 20
0.0
 30
0.0
  9
$UCSORGFRONT
 10
0.0
 20
0.0
 30
0.0
  9
$UCSORGBACK
 10
0.0
 20
0.0
 30
0.0
  9
$PUCSBASE
  2

  9
$PUCSNAME
  2

  9
$PUCSORG
 10
0.0
 20
0.0
 30
0.0
  9
$PUCSXDIR
 10
1.0
 20
0.0
 30
0.0
  9
$PUCSYDIR
 10
0.0
 20
1.0
 30
0.0
  9
$PUCSORTHOREF
  2

  9
$PUCSORTHOVIEW
 70
0
  9
$PUCSORGTOP
 10
0.0
 20
0.0
 30
0.0
  9
$PUCSORGBOTTOM
 10
0.0
 20
0.0
 30
0.0
  9
$PUCSORGLEFT
 10
0.0
 20
0.0
 30
0.0
  9
$PUCSORGRIGHT
 10
0.0
 20
0.0
 30
0.0
  9
$PUCSORGFRONT
 10
0.0
 20
0.0
 30
0.0
  9
$PUCSORGBACK
 10
0.0
 20
0.0
 30
0.0
  9
$USERI1
 70
0
  9
$USERI2
 70
0
  9
$USERI3
 70
0
  9
$USERI4
 70
0
  9
$USERI5
 70
0
  9
$USERR1
 40
0.0
  9
$USERR2
 40
0.0
  9
$USERR3
 40
0.0
  9
$USERR4
 40
0.0
  9
$USERR5
 40
0.0
  9
$WORLDVIEW
 70
1
  9
$SHADEDGE
 70
3
  9
$SHADEDIF
 70
70
  9
$TILEMODE
 70
1
  9
$MAXACTVP
 70
64
  9
$PINSBASE
 10
0.0
 20
0.0
 30
0.0
  9
$PLIMCHECK
 70
0
  9
$PEXTMIN
 10
1e+20
 20
1e+20
 30
1e+20
  9
$PEXTMAX
 10
-1e+20
 20
-1e+20
 30
-1e+20
  9
$PLIMMIN
 10
0.0
 20
0.0
  9
$PLIMMAX
 10
420.0
 20
297.0
  9
$UNITMODE
 70
0
  9
$VISRETAIN
 70
1
  9
$PLINEGEN
 70
0
  9
$PSLTSCALE
 70
1
  9
$TREEDEPTH
 70
3020
  9
$CMLSTYLE
  2
Standard
  9
$CMLJUST
 70
0
  9
$CMLSCALE
 40
20.0
  9
$PROXYGRAPHICS
 70
1
  9
$MEASUREMENT
 70
1
  9
$CELWEIGHT
370
-1
  9
$ENDCAPS
280
0
  9
$JOINSTYLE
280
0
  9
$LWDISPLAY
290
0
  9
$INSUNITS
 70
6
  9
$HYPERLINKBASE
  1

  9
$STYLESHEET
  1

  9
$XEDIT
290
1
  9
$CEPSNTYPE
380
0
  9
$PSTYLEMODE
290
1
  9
$FINGERPRINTGUID
  2
{A5BC7804-A2F3-4A58-B7C9-F348FA1B81EC}
  9
$VERSIONGUID
  2
{92E41AE2-8B79-4811-A30C-6CC117C6CFF9}
  9
$EXTNAMES
290
1
  9
$PSVPSCALE
 40
0.0
  9
$OLESTARTUP
290
0
  0
ENDSEC
  0
SECTION
  2
CLASSES
  0
CLASS
  1
ACDBDICTIONARYWDFLT
  2
AcDbDictionaryWithDefault
  3
ObjectDBX Classes
 90
0
280
0
281
0
  0
CLASS
  1
SUN
  2
AcDbSun
  3
SCENEOE
 90
1153
280
0
281
0
  0
CLASS
  1
VISUALSTYLE
  2
AcDbVisualStyle
  3
ObjectDBX Classes
 90
4095
280
0
281
0
  0
CLASS
  1
MATERIAL
  2
AcDbMaterial
  3
ObjectDBX Classes
 90
1153
280
0
281
0
  0
CLASS
  1
SCALE
  2
AcDbScale
  3
ObjectDBX Classes
 90
1153
280
0
281
0
  0
CLASS
  1
TABLESTYLE
  2
AcDbTableStyle
  3
ObjectDBX Classes
 90
4095
280
0
281
0
  0
CLASS
  1
MLEADERSTYLE
  2
AcDbMLeaderStyle
  3
ACDB_MLEADERSTYLE_CLASS
 90
4095
280
0
281
0
  0
CLASS
  1
DICTIONARYVAR
  2
AcDbDictionaryVar
  3
ObjectDBX Classes
 90
0
280
0
281
0
  0
CLASS
  1
CELLSTYLEMAP
  2
AcDbCellStyleMap
  3
ObjectDBX Classes
 90
1152
280
0
281
0
  0
CLASS
  1
MENTALRAYRENDERSETTINGS
  2
AcDbMentalRayRenderSettings
  3
SCENEOE
 90
1024
280
0
281
0
  0
CLASS
  1
ACDBDETAILVIEWSTYLE
  2
AcDbDetailViewStyle
  3
ObjectDBX Classes
 90
1025
280
0
281
0
  0
CLASS
  1
ACDBSECTIONVIEWSTYLE
  2
AcDbSectionViewStyle
  3
ObjectDBX Classes
 90
1025
280
0
281
0
  0
CLASS
  1
RASTERVARIABLES
  2
AcDbRasterVariables
  3
ISM
 90
0
280
0
281
0
  0
CLASS
  1
ACDBPLACEHOLDER
  2
AcDbPlaceHolder
  3
ObjectDBX Classes
 90
0
280
0
281
0
  0
CLASS
  1
LAYOUT
  2
AcDbLayout
  3
ObjectDBX Classes
 90
0
280
0
281
0
  0
ENDSEC
  0
SECTION
  2
TABLES
  0
TABLE
  2
VPORT
  5
8
330
0
100
AcDbSymbolTable
 70
1
  0
VPORT
  5
23
330
8
100
AcDbSymbolTableRecord
100
AcDbViewportTableRecord
  2
*Active
 70
0
 10
0.0
 20
0.0
 11
1.0
 21
1.0
 12
0.0
 22
0.0
 13
0.0
 23
0.0
 14
0.5
 24
0.5
 15
0.5
 25
0.5
 16
0.0
 26
0.0
 36
1.0
 17
0.0
 27
0.0
 37
0.0
 40
1000.0
 41
1.34
 42
50.0
 43
0.0
 44
0.0
 50
0.0
 51
0.0
 71
0
 72
1000
 73
1
 74
3
 75
0
 76
0
 77
0
 78
0
281
0
 65
0
146
0.0
  0
ENDTAB
  0
TABLE
  2
LTYPE
  5
2
330
0
100
AcDbSymbolTable
 70
3
  0
LTYPE
  5
24
330
2
100
AcDbSymbolTableRecord
100
AcDbLinetypeTableRecord
  2
ByBlock
 70
0
  3

 72
65
 73
0
 40
0.0
  0
LTYPE
  5
25
330
2
100
AcDbSymbolTableRecord
100
AcDbLinetypeTableRecord
  2
ByLayer
 70
0
  3

 72
65
 73
0
 40
0.0
  0
LTYPE
  5
26
330
2
100
AcDbSymbolTableRecord
100
AcDbLinetypeTableRecord
  2
Continuous
 70
0
  3

 72
65
 73
0
 40
0.0
  0
ENDTAB
  0
TABLE
  2
LAYER
  5
1
330
0
100
AcDbSymbolTable
 70
2
  0
LAYER
  5
27
330
1
100
AcDbSymbolTableRecord
100
AcDbLayerTableRecord
  2
0
 70
0
 62
7
  6
Continuous
370
-3
390
13
  0
LAYER
  5
28
330
1
100
AcDbSymbolTableRecord
100
AcDbLayerTableRecord
  2
Defpoints
 70
0
 62
7
  6
Continuous
290
0
370
-3
390
13
  0
ENDTAB
  0
TABLE
  2
STYLE
  5
5
330
0
100
AcDbSymbolTable
 70
1
  0
STYLE
  5
29
330
5
100
AcDbSymbolTableRecord
100
AcDbTextStyleTableRecord
  2
Standard
 70
0
 40
0.0
 41
1.0
 50
0.0
 71
0
 42
2.5
  3
txt
  4

  0
ENDTAB
  0
TABLE
  2
VIEW
  5
7
330
0
100
AcDbSymbolTable
 70
0
  0
ENDTAB
  0
TABLE
  2
UCS
  5
6
330
0
100
AcDbSymbolTable
 70
0
  0
ENDTAB
  0
TABLE
  2
APPID
  5
3
330
0
100
AcDbSymbolTable
 70
3
  0
APPID
  5
2A
330
3
100
AcDbSymbolTableRecord
100
AcDbRegAppTableRecord
  2
ACAD
 70
0
  0
APPID
  5
31F
330
3
100
AcDbSymbolTableRecord
100
AcDbRegAppTableRecord
  2
HATCHBACKGROUNDCOLOR
 70
0
  0
APPID
  5
320
330
3
100
AcDbSymbolTableRecord
100
AcDbRegAppTableRecord
  2
EZDXF
 70
0
  0
ENDTAB
  0
TABLE
  2
DIMSTYLE
  5
4
330
0
100
AcDbSymbolTable
 70
1
100
AcDbDimStyleTable
  0
DIMSTYLE
105
2B
330
4
100
AcDbSymbolTableRecord
100
AcDbDimStyleTableRecord
  2
Standard
 70
0
  3

  4

 40
1.0
 41
2.5
 42
0.625
 43
3.75
 44
1.25
 45
0.0
 46
0.0
 47
0.0
 48
0.0
140
2.5
141
2.5
142
0.0
143
0.03937007874
144
1.0
145
0.0
146
1.0
147
0.625
148
0.0
 71
0
 72
0
 73
0
 74
0
 75
0
 76
0
 77
1
 78
8
 79
3
170
0
171
3
172
1
173
0
174
0
175
0
176
0
177
0
178
0
179
2
271
2
272
2
273
2
274
3
275
0
276
0
277
2
278
44
279
0
280
0
281
0
282
0
283
0
284
8
285
0
286
0
288
0
289
3
371
-2
372
-2
  0
ENDTAB
  0
TABLE
  2
BLOCK_RECORD
  5
9
330
0
100
AcDbSymbolTable
 70
2
  0
BLOCK_RECORD
  5
17
330
9
100
AcDbSymbolTableRecord
100
AcDbBlockTableRecord
  2
*Model_Space
340
1A
  0
BLOCK_RECORD
  5
1B
330
9
100
AcDbSymbolTableRecord
100
AcDbBlockTableRecord
  2
*Paper_Space
340
1E
  0
ENDTAB
  0
ENDSEC
  0
SECTION
  2
BLOCKS
  0
BLOCK
  5
18
330
17
100
AcDbEntity
  8
0
100
AcDbBlockBegin
  2
*Model_Space
 70
0
 10
0.0
 20
0.0
 30
0.0
  3
*Model_Space
  1

  0
ENDBLK
  5
19
330
17
100
AcDbEntity
  8
0
100
AcDbBlockEnd
  0
BLOCK
  5
1C
330
1B
100
AcDbEntity
  8
0
100
AcDbBlockBegin
  2
*Paper_Space
 70
0
 10
0.0
 20
0.0
 30
0.0
  3
*Paper_Space
  1

  0
ENDBLK
  5
1D
330
1B
100
AcDbEntity
  8
0
100
AcDbBlockEnd
  0
ENDSEC
  0
SECTION
  2
ENTITIES
  0
LWPOLYLINE
  5
2F
330
17
100
AcDbEntity
  8
ROADS
100
AcDbPolyline
 90
2
 70
0
 10
622834.6826667956
 20
4838212.630667591
 10
622806.6158822475
 20
4838296.273440405
  0
LWPOLYLINE
  5
30
330
17
100
AcDbEntity
  8
ROADS
100
AcDbPolyline
 90
2
 70
0
 10
622928.982590375
 20
4838213.999135609
 10
622878.5541518037
 20
4838363.6858697515
  0
LWPOLYLINE
  5
31
330
17
100
AcDbEntity
  8
ROADS
100
AcDbPolyline
 90
2
 70
0
 10
622878.5541518037
 20
4838363.6858697515
 10
622806.6158822475
 20
4838296.273440405
  0
LWPOLYLINE
  5
32
330
17
100
AcDbEntity
  8
ROADS
100
AcDbPolyline
 90
2
 70
0
 10
622719.7778822315
 20
4838264.468293704
 10
622668.2684382203
 20
4838418.418150855
  0
LWPOLYLINE
  5
33
330
17
100
AcDbEntity
  8
ROADS
100
AcDbPolyline
 90
2
 70
0
 10
622806.6158822475
 20
4838296.273440405
 10
622753.9806913618
 20
4838449.181920729
  0
LWPOLYLINE
  5
34
330
17
100
AcDbEntity
  8
ROADS
100
AcDbPolyline
 90
2
 70
0
 10
622955.6848707282
 20
4838409.13815757
 10
622878.5541518037
 20
4838363.6858697515
  0
LWPOLYLINE
  5
35
330
17
100
AcDbEntity
  8
ROADS
100
AcDbPolyline
 90
2
 70
0
 10
622668.2684382203
 20
4838418.418150855
 10
622624.8128820965
 20
4838404.869518715
  0
LWPOLYLINE
  5
36
330
17
100
AcDbEntity
  8
ROADS
100
AcDbPolyline
 90
2
 70
0
 10
622753.9806913618
 20
4838449.181920729
 10
622668.2684382203
 20
4838418.418150855
  0
LWPOLYLINE
  5
37
330
17
100
AcDbEntity
  8
ROADS
100
AcDbPolyline
 90
2
 70
0
 10
622878.5541518037
 20
4838363.6858697515
 10
622827.566568413
 20
4838520.875383569
  0
LWPOLYLINE
  5
38
330
17
100
AcDbEntity
  8
ROADS
100
AcDbPolyline
 90
2
 70
0
 10
622201.9758411654
 20
4838465.7866887385
 10
622177.9327212883
 20
4838544.903460349
  0
LWPOLYLINE
  5
39
330
17
100
AcDbEntity
  8
ROADS
100
AcDbPolyline
 90
2
 70
0
 10
622258.2296085001
 20
4838418.853731319
 10
622184.0283816478
 20
4838678.290003954
  0
LWPOLYLINE
  5
3A
330
17
100
AcDbEntity
  8
ROADS
100
AcDbPolyline
 90
5
 70
0
 10
622184.0283816478
 20
4838678.290003954
 10
622146.259250181
 20
4838668.634393615
 10
622113.1111660855
 20
4838686.465659562
 10
622083.8654405396
 20
4838822.7640586905
 10
621988.5488259591
 20
4838928.69789536
  0
LWPOLYLINE
  5
3B
330
17
100
AcDbEntity
  8
ROADS
100
AcDbPolyline
 90
2
 70
0
 10
622440.9510991697
 20
4838783.692190052
 10
622379.9693626945
 20
4838816.742731416
  0
LWPOLYLINE
  5
3C
330
17
100
AcDbEntity
  8
ROADS
100
AcDbPolyline
 90
2
 70
0
 10
622379.9693626945
 20
4838816.742731416
 10
622349.7597579688
 20
4838836.046217481
  0
LWPOLYLINE
  5
3D
330
17
100
AcDbEntity
  8
ROADS
100
AcDbPolyline
 90
2
 70
0
 10
622379.9693626945
 20
4838816.742731416
 10
622374.7374610039
 20
4838841.325269718
  0
LWPOLYLINE
  5
3E
330
17
100
AcDbEntity
  8
ROADS
100
AcDbPolyline
 90
4
 70
0
 10
622728.3915451757
 20
4838533.822218161
 10
622541.2925832823
 20
4838449.723061984
 10
622415.7683415904
 20
4838428.227678434
 10
622298.3536769667
 20
4838389.403001372
  0
LWPOLYLINE
  5
3F
330
17
100
AcDbEntity
  8
ROADS
100
AcDbPolyline
 90
2
 70
0
 10
622753.9806913618
 20
4838449.181920729
 10
622728.3915451757
 20
4838533.822218161
  0
LWPOLYLINE
  5
40
330
17
100
AcDbEntity
  8
ROADS
100
AcDbPolyline
 90
2
 70
0
 10
622827.566568413
 20
4838520.875383569
 10
622766.0131554117
 20
4838500.662067765
  0
LWPOLYLINE
  5
41
330
17
100
AcDbEntity
  8
ROADS
100
AcDbPolyline
 90
2
 70
0
 10
622827.566568413
 20
4838520.875383569
 10
622813.2356485844
 20
4838562.574221765
  0
LWPOLYLINE
  5
42
330
17
100
AcDbEntity
  8
ROADS
100
AcDbPolyline
 90
2
 70
0
 10
622813.2356485844
 20
4838562.574221765
 10
622728.3915451757
 20
4838533.822218161
  0
LWPOLYLINE
  5
43
330
17
100
AcDbEntity
  8
ROADS
100
AcDbPolyline
 90
2
 70
0
 10
622912.7918171226
 20
4838539.614791992
 10
622895.6162799505
 20
4838590.959663703
  0
LWPOLYLINE
  5
44
330
17
100
AcDbEntity
  8
ROADS
100
AcDbPolyline
 90
2
 70
0
 10
622895.6162799505
 20
4838590.959663703
 10
622813.2356485844
 20
4838562.574221765
  0
LWPOLYLINE
  5
45
330
17
100
AcDbEntity
  8
ROADS
100
AcDbPolyline
 90
4
 70
0
 10
622728.3915451757
 20
4838533.822218161
 10
622714.4332412652
 20
4838556.966878977
 10
622664.4241722082
 20
4838570.6580153
 10
622632.6533731113
 20
4838672.068283353
  0
LWPOLYLINE
  5
46
330
17
100
AcDbEntity
  8
ROADS
100
AcDbPolyline
 90
2
 70
0
 10
622895.6162799505
 20
4838590.959663703
 10
622865.6259831913
 20
4838666.747945029
  0
LWPOLYLINE
  5
47
330
17
100
AcDbEntity
  8
ROADS
100
AcDbPolyline
 90
3
 70
0
 10
622632.6533731113
 20
4838672.068283353
 10
622524.5721342365
 20
4838702.918834555
 10
622509.3256531938
 20
4838733.588536222
  0
LWPOLYLINE
  5
48
330
17
100
AcDbEntity
  8
ROADS
100
AcDbPolyline
 90
2
 70
0
 10
624341.8266290046
 20
4839016.492573538
 10
624327.9787627865
 20
4839060.007415704
  0
LWPOLYLINE
  5
49
330
17
100
AcDbEntity
  8
ROADS
100
AcDbPolyline
 90
2
 70
0
 10
624448.1529272496
 20
4839051.067728462
 10
624478.7642496474
 20
4839061.645017825
  0
LWPOLYLINE
  5
4A
330
17
100
AcDbEntity
  8
ROADS
100
AcDbPolyline
 90
2
 70
0
 10
624327.9787627865
 20
4839060.007415704
 10
624313.8238044367
 20
4839055.65113771
  0
LWPOLYLINE
  5
4B
330
17
100
AcDbEntity
  8
ROADS
100
AcDbPolyline
 90
2
 70
0
 10
624405.7962134642
 20
4839085.809420278
 10
624327.9787627865
 20
4839060.007415704
  0
LWPOLYLINE
  5
4C
330
17
100
AcDbEntity
  8
ROADS
100
AcDbPolyline
 90
2
 70
0
 10
624448.1529272496
 20
4839051.067728462
 10
624433.7233992898
 20
4839094.838075305
  0
LWPOLYLINE
  5
4D
330
17
100
AcDbEntity
  8
ROADS
100
AcDbPolyline
 90
2
 70
0
 10
624433.7233992898
 20
4839094.838075305
 10
624405.7962134642
 20
4839085.809420278
  0
LWPOLYLINE
  5
4E
330
17
100
AcDbEntity
  8
ROADS
100
AcDbPolyline
 90
2
 70
0
 10
624495.3037726436
 20
4839116.119140826
 10
624433.7233992898
 20
4839094.838075305
  0
LWPOLYLINE
  5
4F
330
17
100
AcDbEntity
  8
ROADS
100
AcDbPolyline
 90
2
 70
0
 10
624405.7962134642
 20
4839085.809420278
 10
624389.806220352
 20
4839133.5257451255
  0
LWPOLYLINE
  5
50
330
17
100
AcDbEntity
  8
ROADS
100
AcDbPolyline
 90
2
 70
0
 10
624389.806220352
 20
4839133.5257451255
 10
624298.0290610393
 20
4839103.409984889
  0
LWPOLYLINE
  5
51
330
17
100
AcDbEntity
  8
ROADS
100
AcDbPolyline
 90
2
 70
0
 10
624586.8564968433
 20
4839145.597826863
 10
624495.3037726436
 20
4839116.119140826
  0
LWPOLYLINE
  5
52
330
17
100
AcDbEntity
  8
ROADS
100
AcDbPolyline
 90
2
 70
0
 10
624626.7971506661
 20
4839147.463868378
 10
624623.5808222721
 20
4839157.741792286
  0
LWPOLYLINE
  5
53
330
17
100
AcDbEntity
  8
ROADS
100
AcDbPolyline
 90
2
 70
0
 10
624495.3037726436
 20
4839116.119140826
 10
624480.1432964726
 20
4839162.537412096
  0
LWPOLYLINE
  5
54
330
17
100
AcDbEntity
  8
ROADS
100
AcDbPolyline
 90
2
 70
0
 10
624480.1432964726
 20
4839162.537412096
 10
624389.806220352
 20
4839133.5257451255
  0
LWPOLYLINE
  5
55
330
17
100
AcDbEntity
  8
ROADS
100
AcDbPolyline
 90
2
 70
0
 10
624623.5808222721
 20
4839157.741792286
 10
624586.8564968433
 20
4839145.597826863
  0
LWPOLYLINE
  5
56
330
17
100
AcDbEntity
  8
ROADS
100
AcDbPolyline
 90
2
 70
0
 10
624626.0081376411
 20
4839158.529308384
 10
624623.5808222721
 20
4839157.741792286
  0
LWPOLYLINE
  5
57
330
17
100
AcDbEntity
  8
ROADS
100
AcDbPolyline
 90
2
 70
0
 10
624586.8564968433
 20
4839145.597826863
 10
624571.6419300155
 20
4839192.739170395
  0
LWPOLYLINE
  5
58
330
17
100
AcDbEntity
  8
ROADS
100
AcDbPolyline
 90
2
 70
0
 10
624571.6419300155
 20
4839192.739170395
 10
624480.1432964726
 20
4839162.537412096
  0
LWPOLYLINE
  5
59
330
17
100
AcDbEntity
  8
ROADS
100
AcDbPolyline
 90
2
 70
0
 10
624622.3617846463
 20
4839209.667247844
 10
624571.6419300155
 20
4839192.739170395
  0
LWPOLYLINE
  5
5A
330
17
100
AcDbEntity
  8
ROADS
100
AcDbPolyline
 90
2
 70
0
 10
624389.806220352
 20
4839133.5257451255
 10
624334.6140344916
 20
4839295.016030852
  0
LWPOLYLINE
  5
5B
330
17
100
AcDbEntity
  8
ROADS
100
AcDbPolyline
 90
2
 70
0
 10
624480.1432964726
 20
4839162.537412096
 10
624426.7139897912
 20
4839326.138740229
  0
LWPOLYLINE
  5
5C
330
17
100
AcDbEntity
  8
ROADS
100
AcDbPolyline
 90
2
 70
0
 10
624571.6419300155
 20
4839192.739170395
 10
624518.8779269498
 20
4839356.213566955
  0
LWPOLYLINE
  5
5D
330
17
100
AcDbEntity
  8
ROADS
100
AcDbPolyline
 90
2
 70
0
 10
624426.7139897912
 20
4839326.138740229
 10
624334.6140344916
 20
4839295.016030852
  0
LWPOLYLINE
  5
5E
330
17
100
AcDbEntity
  8
ROADS
100
AcDbPolyline
 90
2
 70
0
 10
624518.8779269498
 20
4839356.213566955
 10
624426.7139897912
 20
4839326.138740229
  0
LWPOLYLINE
  5
5F
330
17
100
AcDbEntity
  8
ROADS
100
AcDbPolyline
 90
2
 70
0
 10
624592.9637289696
 20
4839379.839359589
 10
624518.8779269498
 20
4839356.213566955
  0
LWPOLYLINE
  5
60
330
17
100
AcDbEntity
  8
ROADS
100
AcDbPolyline
 90
2
 70
0
 10
624426.7139897912
 20
4839326.138740229
 10
624380.817445099
 20
4839468.102122469
  0
LWPOLYLINE
  5
61
330
17
100
AcDbEntity
  8
ROADS
100
AcDbPolyline
 90
2
 70
0
 10
622988.9313474105
 20
4839082.693859129
 10
622906.6504647961
 20
4839056.811216286
  0
LWPOLYLINE
  5
62
330
17
100
AcDbEntity
  8
ROADS
100
AcDbPolyline
 90
2
 70
0
 10
623269.6081426479
 20
4838986.901147136
 10
623238.7802727005
 20
4839164.76346501
  0
LWPOLYLINE
  5
63
330
17
100
AcDbEntity
  8
ROADS
100
AcDbPolyline
 90
2
 70
0
 10
623071.5121988604
 20
4839109.740998458
 10
622988.9313474105
 20
4839082.693859129
  0
LWPOLYLINE
  5
64
330
17
100
AcDbEntity
  8
ROADS
100
AcDbPolyline
 90
2
 70
0
 10
623438.9146388881
 20
4839042.686494151
 10
623417.9714269412
 20
4839159.285587648
  0
LWPOLYLINE
  5
65
330
17
100
AcDbEntity
  8
ROADS
100
AcDbPolyline
 90
2
 70
0
 10
623354.2193705024
 20
4839015.043066328
 10
623323.9850131895
 20
4839195.586298507
  0
LWPOLYLINE
  5
66
330
17
100
AcDbEntity
  8
ROADS
100
AcDbPolyline
 90
2
 70
0
 10
623155.6701652175
 20
4839137.284704034
 10
623071.5121988604
 20
4839109.740998458
  0
LWPOLYLINE
  5
67
330
17
100
AcDbEntity
  8
ROADS
100
AcDbPolyline
 90
2
 70
0
 10
623238.7802727005
 20
4839164.76346501
 10
623155.6701652175
 20
4839137.284704034
  0
LWPOLYLINE
  5
68
330
17
100
AcDbEntity
  8
ROADS
100
AcDbPolyline
 90
2
 70
0
 10
622988.9313474105
 20
4839082.693859129
 10
622958.1788390812
 20
4839252.29797473
  0
LWPOLYLINE
  5
69
330
17
100
AcDbEntity
  8
ROADS
100
AcDbPolyline
 90
2
 70
0
 10
623417.9714269412
 20
4839159.285587648
 10
623323.9850131895
 20
4839195.586298507
  0
LWPOLYLINE
  5
6A
330
17
100
AcDbEntity
  8
ROADS
100
AcDbPolyline
 90
2
 70
0
 10
623323.9850131895
 20
4839195.586298507
 10
623238.7802727005
 20
4839164.76346501
  0
LWPOLYLINE
  5
6B
330
17
100
AcDbEntity
  8
ROADS
100
AcDbPolyline
 90
2
 70
0
 10
624313.8238044367
 20
4839055.65113771
 10
624220.5561896753
 20
4839024.174872612
  0
LWPOLYLINE
  5
6C
330
17
100
AcDbEntity
  8
ROADS
100
AcDbPolyline
 90
2
 70
0
 10
624220.5561896753
 20
4839024.174872612
 10
624204.4760800195
 20
4839073.225114639
  0
LWPOLYLINE
  5
6D
330
17
100
AcDbEntity
  8
ROADS
100
AcDbPolyline
 90
2
 70
0
 10
624204.4760800195
 20
4839073.225114639
 10
624112.793128891
 20
4839042.990084468
  0
LWPOLYLINE
  5
6E
330
17
100
AcDbEntity
  8
ROADS
100
AcDbPolyline
 90
2
 70
0
 10
624313.8238044367
 20
4839055.65113771
 10
624298.0290610393
 20
4839103.409984889
  0
LWPOLYLINE
  5
6F
330
17
100
AcDbEntity
  8
ROADS
100
AcDbPolyline
 90
2
 70
0
 10
624298.0290610393
 20
4839103.409984889
 10
624204.4760800195
 20
4839073.225114639
  0
LWPOLYLINE
  5
70
330
17
100
AcDbEntity
  8
ROADS
100
AcDbPolyline
 90
2
 70
0
 10
624021.154133701
 20
4839012.758865706
 10
623969.6598275296
 20
4839172.282780077
  0
LWPOLYLINE
  5
71
330
17
100
AcDbEntity
  8
ROADS
100
AcDbPolyline
 90
2
 70
0
 10
624112.793128891
 20
4839042.990084468
 10
624059.5560159163
 20
4839204.044593073
  0
LWPOLYLINE
  5
72
330
17
100
AcDbEntity
  8
ROADS
100
AcDbPolyline
 90
2
 70
0
 10
624204.4760800195
 20
4839073.225114639
 10
624151.4142730682
 20
4839235.090877054
  0
LWPOLYLINE
  5
73
330
17
100
AcDbEntity
  8
ROADS
100
AcDbPolyline
 90
2
 70
0
 10
623969.6598275296
 20
4839172.282780077
 10
623921.5616877577
 20
4839154.847817247
  0
LWPOLYLINE
  5
74
330
17
100
AcDbEntity
  8
ROADS
100
AcDbPolyline
 90
2
 70
0
 10
624298.0290610393
 20
4839103.409984889
 10
624243.291643474
 20
4839264.805452355
  0
LWPOLYLINE
  5
75
330
17
100
AcDbEntity
  8
ROADS
100
AcDbPolyline
 90
2
 70
0
 10
623071.5121988604
 20
4839109.740998458
 10
623041.972838224
 20
4839279.726117712
  0
LWPOLYLINE
  5
76
330
17
100
AcDbEntity
  8
ROADS
100
AcDbPolyline
 90
2
 70
0
 10
623155.6701652175
 20
4839137.284704034
 10
623125.4095822085
 20
4839307.444825989
  0
LWPOLYLINE
  5
77
330
17
100
AcDbEntity
  8
ROADS
100
AcDbPolyline
 90
2
 70
0
 10
623370.2060246961
 20
4839255.6954461355
 10
623323.9850131895
 20
4839195.586298507
  0
LWPOLYLINE
  5
78
330
17
100
AcDbEntity
  8
ROADS
100
AcDbPolyline
 90
2
 70
0
 10
623238.7802727005
 20
4839164.76346501
 10
623215.1658464753
 20
4839311.769689454
  0
LWPOLYLINE
  5
79
330
17
100
AcDbEntity
  8
ROADS
100
AcDbPolyline
 90
3
 70
0
 10
623323.9850131895
 20
4839195.586298507
 10
623292.1803468907
 20
4839261.540308236
 10
623238.5750432909
 20
4839304.913805366
  0
LWPOLYLINE
  5
7A
330
17
100
AcDbEntity
  8
ROADS
100
AcDbPolyline
 90
2
 70
0
 10
623041.972838224
 20
4839279.726117712
 10
622958.1788390812
 20
4839252.29797473
  0
LWPOLYLINE
  5
7B
330
17
100
AcDbEntity
  8
ROADS
100
AcDbPolyline
 90
2
 70
0
 10
623392.3991109463
 20
4839284.554369875
 10
623370.2060246961
 20
4839255.6954461355
  0
LWPOLYLINE
  5
7C
330
17
100
AcDbEntity
  8
ROADS
100
AcDbPolyline
 90
3
 70
0
 10
623370.2060246961
 20
4839255.6954461355
 10
623365.5983470933
 20
4839289.717821321
 10
623343.7438651344
 20
4839308.423433228
  0
LWPOLYLINE
  5
7D
330
17
100
AcDbEntity
  8
ROADS
100
AcDbPolyline
 90
2
 70
0
 10
623125.4095822085
 20
4839307.444825989
 10
623041.972838224
 20
4839279.726117712
  0
LWPOLYLINE
  5
7E
330
17
100
AcDbEntity
  8
ROADS
100
AcDbPolyline
 90
2
 70
0
 10
623408.601787229
 20
4839303.247417116
 10
623392.3991109463
 20
4839284.554369875
  0
LWPOLYLINE
  5
7F
330
17
100
AcDbEntity
  8
ROADS
100
AcDbPolyline
 90
2
 70
0
 10
623588.2078787816
 20
4839091.412516521
 10
623559.3218835506
 20
4839087.515802631
  0
LWPOLYLINE
  5
80
330
17
100
AcDbEntity
  8
ROADS
100
AcDbPolyline
 90
2
 70
0
 10
623791.0824468029
 20
4839112.083354585
 10
623710.5876139388
 20
4839086.5239704475
  0
LWPOLYLINE
  5
81
330
17
100
AcDbEntity
  8
ROADS
100
AcDbPolyline
 90
2
 70
0
 10
623588.2078787816
 20
4839091.412516521
 10
623575.3487508354
 20
4839147.494787903
  0
LWPOLYLINE
  5
82
330
17
100
AcDbEntity
  8
ROADS
100
AcDbPolyline
 90
2
 70
0
 10
623559.3218835506
 20
4839087.515802631
 10
623417.9714269412
 20
4839159.285587648
  0
LWPOLYLINE
  5
83
330
17
100
AcDbEntity
  8
ROADS
100
AcDbPolyline
 90
2
 70
0
 10
623873.1917194593
 20
4839139.780065778
 10
623791.0824468029
 20
4839112.083354585
  0
LWPOLYLINE
  5
84
330
17
100
AcDbEntity
  8
ROADS
100
AcDbPolyline
 90
2
 70
0
 10
623921.5616877577
 20
4839154.847817247
 10
623873.1917194593
 20
4839139.780065778
  0
LWPOLYLINE
  5
85
330
17
100
AcDbEntity
  8
ROADS
100
AcDbPolyline
 90
2
 70
0
 10
623575.3487508354
 20
4839147.494787903
 10
623565.8954333809
 20
4839191.103023582
  0
LWPOLYLINE
  5
86
330
17
100
AcDbEntity
  8
ROADS
100
AcDbPolyline
 90
3
 70
0
 10
623575.3487508354
 20
4839147.494787903
 10
623436.6915347046
 20
4839210.633830675
 10
623392.3991109463
 20
4839284.554369875
  0
LWPOLYLINE
  5
87
330
17
100
AcDbEntity
  8
ROADS
100
AcDbPolyline
 90
3
 70
0
 10
623873.1917194593
 20
4839139.780065778
 10
623835.9836011743
 20
4839263.510455424
 10
623843.6972441811
 20
4839302.0279978365
  0
LWPOLYLINE
  5
88
330
17
100
AcDbEntity
  8
ROADS
100
AcDbPolyline
 90
6
 70
0
 10
623710.5876139388
 20
4839086.5239704475
 10
623679.8116847922
 20
4839076.978777509
 10
623677.1495833651
 20
4839160.176918088
 10
623709.2944798286
 20
4839264.369777317
 10
623760.2671359859
 20
4839348.893224166
 10
623830.2030746009
 20
4839417.313234124
  0
LWPOLYLINE
  5
89
330
17
100
AcDbEntity
  8
ROADS
100
AcDbPolyline
 90
2
 70
0
 10
624059.5560159163
 20
4839204.044593073
 10
623969.6598275296
 20
4839172.282780077
  0
LWPOLYLINE
  5
8A
330
17
100
AcDbEntity
  8
ROADS
100
AcDbPolyline
 90
2
 70
0
 10
623921.5616877577
 20
4839154.847817247
 10
623895.3406733421
 20
4839233.991642227
  0
LWPOLYLINE
  5
8B
330
17
100
AcDbEntity
  8
ROADS
100
AcDbPolyline
 90
2
 70
0
 10
624151.4142730682
 20
4839235.090877054
 10
624059.5560159163
 20
4839204.044593073
  0
LWPOLYLINE
  5
8C
330
17
100
AcDbEntity
  8
ROADS
100
AcDbPolyline
 90
2
 70
0
 10
623969.6598275296
 20
4839172.282780077
 10
623922.6141704961
 20
4839318.291413088
  0
LWPOLYLINE
  5
8D
330
17
100
AcDbEntity
  8
ROADS
100
AcDbPolyline
 90
2
 70
0
 10
624243.291643474
 20
4839264.805452355
 10
624151.4142730682
 20
4839235.090877054
  0
LWPOLYLINE
  5
8E
330
17
100
AcDbEntity
  8
ROADS
100
AcDbPolyline
 90
2
 70
0
 10
624059.5560159163
 20
4839204.044593073
 10
624013.1322562979
 20
4839348.511429848
  0
LWPOLYLINE
  5
8F
330
17
100
AcDbEntity
  8
ROADS
100
AcDbPolyline
 90
2
 70
0
 10
624334.6140344916
 20
4839295.016030852
 10
624243.291643474
 20
4839264.805452355
  0
LWPOLYLINE
  5
90
330
17
100
AcDbEntity
  8
ROADS
100
AcDbPolyline
 90
2
 70
0
 10
624151.4142730682
 20
4839235.090877054
 10
624103.7086334284
 20
4839377.279440152
  0
LWPOLYLINE
  5
91
330
17
100
AcDbEntity
  8
ROADS
100
AcDbPolyline
 90
2
 70
0
 10
624013.1322562979
 20
4839348.511429848
 10
623922.6141704961
 20
4839318.291413088
  0
LWPOLYLINE
  5
92
330
17
100
AcDbEntity
  8
ROADS
100
AcDbPolyline
 90
2
 70
0
 10
624243.291643474
 20
4839264.805452355
 10
624195.1590176031
 20
4839407.930376262
  0
LWPOLYLINE
  5
93
330
17
100
AcDbEntity
  8
ROADS
100
AcDbPolyline
 90
2
 70
0
 10
623238.5750432909
 20
4839304.913805366
 10
623215.1658464753
 20
4839311.769689454
  0
LWPOLYLINE
  5
94
330
17
100
AcDbEntity
  8
ROADS
100
AcDbPolyline
 90
2
 70
0
 10
623215.1658464753
 20
4839311.769689454
 10
623125.4095822085
 20
4839307.444825989
  0
LWPOLYLINE
  5
95
330
17
100
AcDbEntity
  8
ROADS
100
AcDbPolyline
 90
2
 70
0
 10
623408.601787229
 20
4839303.247417116
 10
623387.140178029
 20
4839321.795129463
  0
LWPOLYLINE
  5
96
330
17
100
AcDbEntity
  8
ROADS
100
AcDbPolyline
 90
2
 70
0
 10
623343.7438651344
 20
4839308.423433228
 10
623356.7840244748
 20
4839324.20612298
  0
LWPOLYLINE
  5
97
330
17
100
AcDbEntity
  8
ROADS
100
AcDbPolyline
 90
2
 70
0
 10
623387.140178029
 20
4839321.795129463
 10
623394.9134841247
 20
4839330.700197249
  0
LWPOLYLINE
  5
98
330
17
100
AcDbEntity
  8
ROADS
100
AcDbPolyline
 90
2
 70
0
 10
623452.8177442339
 20
4839361.916250664
 10
623408.601787229
 20
4839303.247417116
  0
LWPOLYLINE
  5
99
330
17
100
AcDbEntity
  8
ROADS
100
AcDbPolyline
 90
2
 70
0
 10
623238.5750432909
 20
4839304.913805366
 10
623263.422563312
 20
4839363.496236998
  0
LWPOLYLINE
  5
9A
330
17
100
AcDbEntity
  8
ROADS
100
AcDbPolyline
 90
2
 70
0
 10
623343.7438651344
 20
4839308.423433228
 10
623263.422563312
 20
4839363.496236998
  0
LWPOLYLINE
  5
9B
330
17
100
AcDbEntity
  8
ROADS
100
AcDbPolyline
 90
2
 70
0
 10
623387.140178029
 20
4839321.795129463
 10
623334.5038900096
 20
4839372.134511391
  0
LWPOLYLINE
  5
9C
330
17
100
AcDbEntity
  8
ROADS
100
AcDbPolyline
 90
3
 70
0
 10
623263.422563312
 20
4839363.496236998
 10
623257.9495920745
 20
4839383.380234701
 10
623277.8630702297
 20
4839410.772845904
  0
LWPOLYLINE
  5
9D
330
17
100
AcDbEntity
  8
ROADS
100
AcDbPolyline
 90
2
 70
0
 10
624103.7086334284
 20
4839377.279440152
 10
624013.1322562979
 20
4839348.511429848
  0
LWPOLYLINE
  5
9E
330
17
100
AcDbEntity
  8
ROADS
100
AcDbPolyline
 90
2
 70
0
 10
624334.6140344916
 20
4839295.016030852
 10
624273.7735897016
 20
4839480.491369513
  0
LWPOLYLINE
  5
9F
330
17
100
AcDbEntity
  8
ROADS
100
AcDbPolyline
 90
2
 70
0
 10
624013.1322562979
 20
4839348.511429848
 10
623983.2664294417
 20
4839434.209672642
  0
LWPOLYLINE
  5
A0
330
17
100
AcDbEntity
  8
ROADS
100
AcDbPolyline
 90
2
 70
0
 10
624195.1590176031
 20
4839407.930376262
 10
624103.7086334284
 20
4839377.279440152
  0
LWPOLYLINE
  5
A1
330
17
100
AcDbEntity
  8
ROADS
100
AcDbPolyline
 90
2
 70
0
 10
623983.2664294417
 20
4839434.209672642
 10
623835.5376800097
 20
4839383.629647561
  0
LWPOLYLINE
  5
A2
330
17
100
AcDbEntity
  8
ROADS
100
AcDbPolyline
 90
2
 70
0
 10
624195.1590176031
 20
4839407.930376262
 10
624181.5886939015
 20
4839451.745220753
  0
LWPOLYLINE
  5
A3
330
17
100
AcDbEntity
  8
ROADS
100
AcDbPolyline
 90
2
 70
0
 10
623983.2664294417
 20
4839434.209672642
 10
623966.9095773088
 20
4839490.787750228
  0
LWPOLYLINE
  5
A4
330
17
100
AcDbEntity
  8
ROADS
100
AcDbPolyline
 90
2
 70
0
 10
624273.7735897016
 20
4839480.491369513
 10
624181.5886939015
 20
4839451.745220753
  0
LWPOLYLINE
  5
A5
330
17
100
AcDbEntity
  8
ROADS
100
AcDbPolyline
 90
4
 70
0
 10
623966.9095773088
 20
4839490.787750228
 10
623949.9333683404
 20
4839484.365313664
 10
623940.0015581814
 20
4839475.647190312
 10
623966.9095773088
 20
4839490.787750228
  0
LWPOLYLINE
  5
A6
330
17
100
AcDbEntity
  8
ROADS
100
AcDbPolyline
 90
2
 70
0
 10
624181.5886939015
 20
4839451.745220753
 10
624158.1340602835
 20
4839531.064638825
  0
LWPOLYLINE
  5
A7
330
17
100
AcDbEntity
  8
ROADS
100
AcDbPolyline
 90
2
 70
0
 10
624518.8779269498
 20
4839356.213566955
 10
624472.8533157904
 20
4839497.736643932
  0
LWPOLYLINE
  5
A8
330
17
100
AcDbEntity
  8
ROADS
100
AcDbPolyline
 90
2
 70
0
 10
624472.8533157904
 20
4839497.736643932
 10
624380.817445099
 20
4839468.102122469
  0
LWPOLYLINE
  5
A9
330
17
100
AcDbEntity
  8
ROADS
100
AcDbPolyline
 90
3
 70
0
 10
624380.817445099
 20
4839468.102122469
 10
624364.7500798025
 20
4839516.7755782055
 10
624273.7735897016
 20
4839480.491369513
  0
LWPOLYLINE
  5
AA
330
17
100
AcDbEntity
  8
ROADS
100
AcDbPolyline
 90
2
 70
0
 10
624560.163223822
 20
4839528.215852199
 10
624472.8533157904
 20
4839497.736643932
  0
LWPOLYLINE
  5
AB
330
17
100
AcDbEntity
  8
ROADS
100
AcDbPolyline
 90
2
 70
0
 10
624546.5920196176
 20
4839588.758553371
 10
624158.1340602835
 20
4839531.064638825
  0
LWPOLYLINE
  5
AC
330
17
100
AcDbEntity
  8
ROADS
100
AcDbPolyline
 90
2
 70
0
 10
624345.1279821615
 20
4839585.765813211
 10
624330.9220912821
 20
4839625.517955182
  0
LWPOLYLINE
  5
AD
330
17
100
AcDbEntity
  8
ROADS
100
AcDbPolyline
 90
2
 70
0
 10
623922.6141704961
 20
4839318.291413088
 10
623843.6972441811
 20
4839302.0279978365
  0
LWPOLYLINE
  5
AE
330
17
100
AcDbEntity
  8
ROADS
100
AcDbPolyline
 90
2
 70
0
 10
623843.6972441811
 20
4839302.0279978365
 10
623835.5376800097
 20
4839383.629647561
  0
LWPOLYLINE
  5
AF
330
17
100
AcDbEntity
  8
ROADS
100
AcDbPolyline
 90
2
 70
0
 10
623835.5376800097
 20
4839383.629647561
 10
623830.2030746009
 20
4839417.313234124
  0
LWPOLYLINE
  5
B0
330
17
100
AcDbEntity
  8
ROADS
100
AcDbPolyline
 90
3
 70
0
 10
623566.1175194618
 20
4839448.430242174
 10
623518.1661088716
 20
4839427.476733791
 10
623452.8177442339
 20
4839361.916250664
  0
LWPOLYLINE
  5
B1
330
17
100
AcDbEntity
  8
ROADS
100
AcDbPolyline
 90
2
 70
0
 10
623966.9095773088
 20
4839490.787750228
 10
623830.2030746009
 20
4839417.313234124
  0
LWPOLYLINE
  5
B2
330
17
100
AcDbEntity
  8
ROADS
100
AcDbPolyline
 90
2
 70
0
 10
623830.2030746009
 20
4839417.313234124
 10
623808.5428835361
 20
4839527.377799091
  0
LWPOLYLINE
  5
B3
330
17
100
AcDbEntity
  8
ROADS
100
AcDbPolyline
 90
2
 70
0
 10
623808.5428835361
 20
4839527.377799091
 10
623566.1175194618
 20
4839448.430242174
  0
LWPOLYLINE
  5
B4
330
17
100
AcDbEntity
  8
ROADS
100
AcDbPolyline
 90
2
 70
0
 10
623808.5428835361
 20
4839527.377799091
 10
623739.7693036997
 20
4839914.59374928
  0
LWPOLYLINE
  5
B5
330
17
100
AcDbEntity
  8
ROADS
100
AcDbPolyline
 90
2
 70
0
 10
623739.7693036997
 20
4839914.59374928
 10
623651.5931490136
 20
4839885.607034461
  0
LWPOLYLINE
  5
B6
330
17
100
AcDbEntity
  8
ROADS
100
AcDbPolyline
 90
6
 70
0
 10
623651.5931490136
 20
4839885.607034461
 10
623575.1924990737
 20
4839860.55156839
 10
623537.3619907622
 20
4839981.1933544325
 10
623567.941193684
 20
4840020.900616299
 10
623608.7036710465
 20
4840007.558388169
 10
623651.5931490136
 20
4839885.607034461
  0
LWPOLYLINE
  5
B7
330
17
100
AcDbEntity
  8
ROADS
100
AcDbPolyline
 90
2
 70
0
 10
624014.4336335955
 20
4839512.785618691
 10
623966.9095773088
 20
4839490.787750228
  0
LWPOLYLINE
  5
B8
330
17
100
AcDbEntity
  8
ROADS
100
AcDbPolyline
 90
4
 70
0
 10
624014.4336335955
 20
4839512.785618691
 10
624044.926907618
 20
4839527.674029232
 10
624024.3875313723
 20
4839526.529409337
 10
624018.2444694856
 20
4839545.420275416
  0
LWPOLYLINE
  5
B9
330
17
100
AcDbEntity
  8
ROADS
100
AcDbPolyline
 90
2
 70
0
 10
624153.2660866794
 20
4839545.6148486445
 10
624014.4336335955
 20
4839512.785618691
  0
LWPOLYLINE
  5
BA
330
17
100
AcDbEntity
  8
ROADS
100
AcDbPolyline
 90
3
 70
0
 10
624018.2444694856
 20
4839545.420275416
 10
623924.1645962191
 20
4839515.123767869
 10
623808.5428835361
 20
4839527.377799091
  0
LWPOLYLINE
  5
BB
330
17
100
AcDbEntity
  8
ROADS
100
AcDbPolyline
 90
2
 70
0
 10
624158.1340602835
 20
4839531.064638825
 10
624153.2660866794
 20
4839545.6148486445
  0
LWPOLYLINE
  5
BC
330
17
100
AcDbEntity
  8
ROADS
100
AcDbPolyline
 90
2
 70
0
 10
624136.7177107139
 20
4839587.488205646
 10
624018.2444694856
 20
4839545.420275416
  0
LWPOLYLINE
  5
BD
330
17
100
AcDbEntity
  8
ROADS
100
AcDbPolyline
 90
2
 70
0
 10
624153.2660866794
 20
4839545.6148486445
 10
624136.7177107139
 20
4839587.488205646
  0
LWPOLYLINE
  5
BE
330
17
100
AcDbEntity
  8
ROADS
100
AcDbPolyline
 90
2
 70
0
 10
624318.892006177
 20
4839658.930115729
 10
624136.7177107139
 20
4839587.488205646
  0
LWPOLYLINE
  5
BF
330
17
100
AcDbEntity
  8
ROADS
100
AcDbPolyline
 90
2
 70
0
 10
624136.7177107139
 20
4839587.488205646
 10
624069.217953355
 20
4839793.18548003
  0
LWPOLYLINE
  5
C0
330
17
100
AcDbEntity
  8
ROADS
100
AcDbPolyline
 90
2
 70
0
 10
624131.7746694211
 20
4839957.552900739
 10
624053.0431017273
 20
4839932.259202416
  0
LWPOLYLINE
  5
C1
330
17
100
AcDbEntity
  8
ROADS
100
AcDbPolyline
 90
2
 70
0
 10
624543.3432774956
 20
4839603.25156523
 10
624521.8805423381
 20
4839657.79121452
  0
LWPOLYLINE
  5
C2
330
17
100
AcDbEntity
  8
ROADS
100
AcDbPolyline
 90
2
 70
0
 10
624521.8805423381
 20
4839657.79121452
 10
624330.9220912821
 20
4839625.517955182
  0
LWPOLYLINE
  5
C3
330
17
100
AcDbEntity
  8
ROADS
100
AcDbPolyline
 90
2
 70
0
 10
624330.9220912821
 20
4839625.517955182
 10
624318.892006177
 20
4839658.930115729
  0
LWPOLYLINE
  5
C4
330
17
100
AcDbEntity
  8
ROADS
100
AcDbPolyline
 90
2
 70
0
 10
624530.7952141756
 20
4839659.133149343
 10
624521.8805423381
 20
4839657.79121452
  0
LWPOLYLINE
  5
C5
330
17
100
AcDbEntity
  8
ROADS
100
AcDbPolyline
 90
2
 70
0
 10
624318.892006177
 20
4839658.930115729
 10
624300.8288624818
 20
4839714.217302822
  0
LWPOLYLINE
  5
C6
330
17
100
AcDbEntity
  8
ROADS
100
AcDbPolyline
 90
2
 70
0
 10
624521.8805423381
 20
4839657.79121452
 10
624501.5054609784
 20
4839717.931873392
  0
LWPOLYLINE
  5
C7
330
17
100
AcDbEntity
  8
ROADS
100
AcDbPolyline
 90
2
 70
0
 10
624501.5054609784
 20
4839717.931873392
 10
624318.892006177
 20
4839658.930115729
  0
LWPOLYLINE
  5
C8
330
17
100
AcDbEntity
  8
ROADS
100
AcDbPolyline
 90
2
 70
0
 10
624501.5054609784
 20
4839717.931873392
 10
624487.7618337633
 20
4839760.654551963
  0
LWPOLYLINE
  5
C9
330
17
100
AcDbEntity
  8
ROADS
100
AcDbPolyline
 90
2
 70
0
 10
624516.4865422975
 20
4839722.980841798
 10
624501.5054609784
 20
4839717.931873392
  0
LWPOLYLINE
  5
CA
330
17
100
AcDbEntity
  8
ROADS
100
AcDbPolyline
 90
2
 70
0
 10
623739.7693036997
 20
4839914.59374928
 10
623721.7871168525
 20
4840055.889747532
  0
LWPOLYLINE
  5
CB
330
17
100
AcDbEntity
  8
ROADS
100
AcDbPolyline
 90
2
 70
0
 10
624061.8931094502
 20
4840163.164505649
 10
623721.7871168525
 20
4840055.889747532
  0
LWPOLYLINE
  5
CC
330
17
100
AcDbEntity
  8
ROADS
100
AcDbPolyline
 90
2
 70
0
 10
623721.7871168525
 20
4840055.889747532
 10
623695.8430951745
 20
4840214.174564122
  0
LWPOLYLINE
  5
CD
330
17
100
AcDbEntity
  8
ROADS
100
AcDbPolyline
 90
2
 70
0
 10
623695.8430951745
 20
4840214.174564122
 10
623678.7348701535
 20
4840290.4689824525
  0
LWPOLYLINE
  5
CE
330
17
100
AcDbEntity
  8
ROADS
100
AcDbPolyline
 90
2
 70
0
 10
624011.3777367547
 20
4840318.07674123
 10
623695.8430951745
 20
4840214.174564122
  0
LWPOLYLINE
  5
CF
330
17
100
AcDbEntity
  8
ROADS
100
AcDbPolyline
 90
2
 70
0
 10
623472.5445022088
 20
4840269.508432481
 10
623468.3367257016
 20
4840296.622688406
  0
LWPOLYLINE
  5
D0
330
17
100
AcDbEntity
  8
ROADS
100
AcDbPolyline
 90
2
 70
0
 10
623678.7348701535
 20
4840290.4689824525
 10
623662.9004552666
 20
4840358.70702383
  0
LWPOLYLINE
  5
D1
330
17
100
AcDbEntity
  8
ROADS
100
AcDbPolyline
 90
2
 70
0
 10
623662.9004552666
 20
4840358.70702383
 10
623468.3367257016
 20
4840296.622688406
  0
LWPOLYLINE
  5
D2
330
17
100
AcDbEntity
  8
ROADS
100
AcDbPolyline
 90
3
 70
0
 10
623979.8367482278
 20
4840413.106084265
 10
623738.8081160835
 20
4840334.955158838
 10
623678.7348701535
 20
4840290.4689824525
  0
LWPOLYLINE
  5
D3
330
17
100
AcDbEntity
  8
ROADS
100
AcDbPolyline
 90
2
 70
0
 10
623662.9004552666
 20
4840358.70702383
 10
623650.4171386571
 20
4840412.135925486
  0
LWPOLYLINE
  5
D4
330
17
100
AcDbEntity
  8
ROADS
100
AcDbPolyline
 90
2
 70
0
 10
624441.5893695372
 20
4840059.532169257
 10
624131.7746694211
 20
4839957.552900739
  0
LWPOLYLINE
  5
D5
330
17
100
AcDbEntity
  8
ROADS
100
AcDbPolyline
 90
2
 70
0
 10
624393.5797845314
 20
4840273.53179194
 10
624061.8931094502
 20
4840163.164505649
  0
LWPOLYLINE
  5
D6
330
17
100
AcDbEntity
  8
ROADS
100
AcDbPolyline
 90
2
 70
0
 10
624358.7515226948
 20
4840433.625562602
 10
624222.6536427258
 20
4840388.619002132
  0
LWPOLYLINE
  5
D7
330
17
100
AcDbEntity
  8
ROADS
100
AcDbPolyline
 90
2
 70
0
 10
624131.7746694211
 20
4839957.552900739
 10
624061.8931094502
 20
4840163.164505649
  0
LWPOLYLINE
  5
D8
330
17
100
AcDbEntity
  8
ROADS
100
AcDbPolyline
 90
2
 70
0
 10
624061.8931094502
 20
4840163.164505649
 10
624011.3777367547
 20
4840318.07674123
  0
LWPOLYLINE
  5
D9
330
17
100
AcDbEntity
  8
ROADS
100
AcDbPolyline
 90
2
 70
0
 10
624222.6536427258
 20
4840388.619002132
 10
624011.3777367547
 20
4840318.07674123
  0
LWPOLYLINE
  5
DA
330
17
100
AcDbEntity
  8
ROADS
100
AcDbPolyline
 90
2
 70
0
 10
624011.3777367547
 20
4840318.07674123
 10
623979.8367482278
 20
4840413.106084265
  0
LWPOLYLINE
  5
DB
330
17
100
AcDbEntity
  8
ROADS
100
AcDbPolyline
 90
2
 70
0
 10
624222.6536427258
 20
4840388.619002132
 10
624191.0953380687
 20
4840483.553080562
  0
LWPOLYLINE
  5
DC
330
17
100
AcDbEntity
  8
ROADS
100
AcDbPolyline
 90
2
 70
0
 10
624191.0953380687
 20
4840483.553080562
 10
623979.8367482278
 20
4840413.106084265
  0
LWPOLYLINE
  5
DD
330
17
100
AcDbEntity
  8
ROADS
100
AcDbPolyline
 90
2
 70
0
 10
623979.8367482278
 20
4840413.106084265
 10
623947.6923541955
 20
4840509.757577605
  0
LWPOLYLINE
  5
DE
330
17
100
AcDbEntity
  8
ROADS
100
AcDbPolyline
 90
2
 70
0
 10
624342.0425774658
 20
4840534.6899203155
 10
624191.0953380687
 20
4840483.553080562
  0
LWPOLYLINE
  5
DF
330
17
100
AcDbEntity
  8
ROADS
100
AcDbPolyline
 90
2
 70
0
 10
624191.0953380687
 20
4840483.553080562
 10
624159.1122416644
 20
4840580.62856952
  0
LWPOLYLINE
  5
E0
330
17
100
AcDbEntity
  8
ROADS
100
AcDbPolyline
 90
2
 70
0
 10
624159.1122416644
 20
4840580.62856952
 10
623947.6923541955
 20
4840509.757577605
  0
LWPOLYLINE
  5
E1
330
17
100
AcDbEntity
  8
ROADS
100
AcDbPolyline
 90
3
 70
0
 10
623468.3367257016
 20
4840296.622688406
 10
623432.6884972153
 20
4840458.091953812
 10
623625.8364318218
 20
4840521.926851088
  0
LWPOLYLINE
  5
E2
330
17
100
AcDbEntity
  8
ROADS
100
AcDbPolyline
 90
2
 70
0
 10
623947.6923541955
 20
4840509.757577605
 10
623650.4171386571
 20
4840412.135925486
  0
LWPOLYLINE
  5
E3
330
17
100
AcDbEntity
  8
ROADS
100
AcDbPolyline
 90
2
 70
0
 10
623650.4171386571
 20
4840412.135925486
 10
623625.8364318218
 20
4840521.926851088
  0
LWPOLYLINE
  5
E4
330
17
100
AcDbEntity
  8
ROADS
100
AcDbPolyline
 90
2
 70
0
 10
623625.8364318218
 20
4840521.926851088
 10
623606.649201283
 20
4840612.47135667
  0
LWPOLYLINE
  5
E5
330
17
100
AcDbEntity
  8
ROADS
100
AcDbPolyline
 90
2
 70
0
 10
623913.5180885731
 20
4840605.06825552
 10
623713.6337763784
 20
4840539.734298608
  0
LWPOLYLINE
  5
E6
330
17
100
AcDbEntity
  8
ROADS
100
AcDbPolyline
 90
2
 70
0
 10
623606.649201283
 20
4840612.47135667
 10
623402.8661605867
 20
4840545.51882902
  0
LWPOLYLINE
  5
E7
330
17
100
AcDbEntity
  8
ROADS
100
AcDbPolyline
 90
2
 70
0
 10
623742.6764666204
 20
4840654.683737079
 10
623606.649201283
 20
4840612.47135667
  0
LWPOLYLINE
  5
E8
330
17
100
AcDbEntity
  8
ROADS
100
AcDbPolyline
 90
2
 70
0
 10
623913.5180885731
 20
4840605.06825552
 10
623882.6415178428
 20
4840698.856502022
  0
LWPOLYLINE
  5
E9
330
17
100
AcDbEntity
  8
ROADS
100
AcDbPolyline
 90
2
 70
0
 10
623606.649201283
 20
4840612.47135667
 10
623585.3535827039
 20
4840714.636301587
  0
LWPOLYLINE
  5
EA
330
17
100
AcDbEntity
  8
ROADS
100
AcDbPolyline
 90
2
 70
0
 10
623882.6415178428
 20
4840698.856502022
 10
623742.6764666204
 20
4840654.683737079
  0
LWPOLYLINE
  5
EB
330
17
100
AcDbEntity
  8
ROADS
100
AcDbPolyline
 90
2
 70
0
 10
623200.4322487891
 20
4840355.92362493
 10
623325.3833879562
 20
4840395.617327903
  0
LWPOLYLINE
  5
EC
330
17
100
AcDbEntity
  8
ROADS
100
AcDbPolyline
 90
2
 70
0
 10
623200.4322487891
 20
4840355.92362493
 10
623159.0481560898
 20
4840524.3333239425
  0
LWPOLYLINE
  5
ED
330
17
100
AcDbEntity
  8
ROADS
100
AcDbPolyline
 90
2
 70
0
 10
623409.9661926195
 20
4840503.753165243
 10
623402.8661605867
 20
4840545.51882902
  0
LWPOLYLINE
  5
EE
330
17
100
AcDbEntity
  8
ROADS
100
AcDbPolyline
 90
2
 70
0
 10
623402.8661605867
 20
4840545.51882902
 10
623385.6790752247
 20
4840650.044173319
  0
LWPOLYLINE
  5
EF
330
17
100
AcDbEntity
  8
ROADS
100
AcDbPolyline
 90
2
 70
0
 10
623385.6790752247
 20
4840650.044173319
 10
623378.7806639909
 20
4840690.393407362
  0
LWPOLYLINE
  5
F0
330
17
100
AcDbEntity
  8
ROADS
100
AcDbPolyline
 90
3
 70
0
 10
623113.2405233866
 20
4840833.854004836
 10
623202.6035215716
 20
4840546.265479233
 10
623159.0481560898
 20
4840524.3333239425
  0
LWPOLYLINE
  5
F1
330
17
100
AcDbEntity
  8
ROADS
100
AcDbPolyline
 90
2
 70
0
 10
623378.7806639909
 20
4840690.393407362
 10
623361.7510742623
 20
4840797.652726059
  0
LWPOLYLINE
  5
F2
330
17
100
AcDbEntity
  8
ROADS
100
AcDbPolyline
 90
2
 70
0
 10
622992.859000292
 20
4840794.974884561
 10
622898.954895105
 20
4840764.879303042
  0
LWPOLYLINE
  5
F3
330
17
100
AcDbEntity
  8
ROADS
100
AcDbPolyline
 90
2
 70
0
 10
623113.2405233866
 20
4840833.854004836
 10
622992.859000292
 20
4840794.974884561
  0
LWPOLYLINE
  5
F4
330
17
100
AcDbEntity
  8
ROADS
100
AcDbPolyline
 90
2
 70
0
 10
623361.7510742623
 20
4840797.652726059
 10
623352.0492263453
 20
4840853.713026266
  0
LWPOLYLINE
  5
F5
330
17
100
AcDbEntity
  8
ROADS
100
AcDbPolyline
 90
2
 70
0
 10
624325.5655742424
 20
4840634.951803593
 10
624159.1122416644
 20
4840580.62856952
  0
LWPOLYLINE
  5
F6
330
17
100
AcDbEntity
  8
ROADS
100
AcDbPolyline
 90
2
 70
0
 10
624159.1122416644
 20
4840580.62856952
 10
624127.5721201398
 20
4840675.770952898
  0
LWPOLYLINE
  5
F7
330
17
100
AcDbEntity
  8
ROADS
100
AcDbPolyline
 90
2
 70
0
 10
624127.5721201398
 20
4840675.770952898
 10
623913.5180885731
 20
4840605.06825552
  0
LWPOLYLINE
  5
F8
330
17
100
AcDbEntity
  8
ROADS
100
AcDbPolyline
 90
2
 70
0
 10
624305.3078029099
 20
4840734.398957204
 10
624127.5721201398
 20
4840675.770952898
  0
LWPOLYLINE
  5
F9
330
17
100
AcDbEntity
  8
ROADS
100
AcDbPolyline
 90
2
 70
0
 10
623979.1018863291
 20
4840731.2265200745
 10
623882.6415178428
 20
4840698.856502022
  0
LWPOLYLINE
  5
FA
330
17
100
AcDbEntity
  8
ROADS
100
AcDbPolyline
 90
2
 70
0
 10
624127.5721201398
 20
4840675.770952898
 10
624096.6352551222
 20
4840769.573163085
  0
LWPOLYLINE
  5
FB
330
17
100
AcDbEntity
  8
ROADS
100
AcDbPolyline
 90
2
 70
0
 10
624058.7971262595
 20
4840756.702847356
 10
623979.1018863291
 20
4840731.2265200745
  0
LWPOLYLINE
  5
FC
330
17
100
AcDbEntity
  8
ROADS
100
AcDbPolyline
 90
2
 70
0
 10
624096.6352551222
 20
4840769.573163085
 10
624058.7971262595
 20
4840756.702847356
  0
LWPOLYLINE
  5
FD
330
17
100
AcDbEntity
  8
ROADS
100
AcDbPolyline
 90
2
 70
0
 10
623979.1018863291
 20
4840731.2265200745
 10
623951.2950877689
 20
4840819.452026199
  0
LWPOLYLINE
  5
FE
330
17
100
AcDbEntity
  8
ROADS
100
AcDbPolyline
 90
2
 70
0
 10
624292.7913996289
 20
4840833.264666577
 10
624096.6352551222
 20
4840769.573163085
  0
LWPOLYLINE
  5
FF
330
17
100
AcDbEntity
  8
ROADS
100
AcDbPolyline
 90
2
 70
0
 10
624310.2492294785
 20
4840727.6421739645
 10
624305.3078029099
 20
4840734.398957204
  0
LWPOLYLINE
  5
100
330
17
100
AcDbEntity
  8
ROADS
100
AcDbPolyline
 90
2
 70
0
 10
624308.92577726
 20
4840735.649258658
 10
624305.3078029099
 20
4840734.398957204
  0
LWPOLYLINE
  5
101
330
17
100
AcDbEntity
  8
ROADS
100
AcDbPolyline
 90
2
 70
0
 10
623585.3535827039
 20
4840714.636301587
 10
623385.6790752247
 20
4840650.044173319
  0
LWPOLYLINE
  5
102
330
17
100
AcDbEntity
  8
ROADS
100
AcDbPolyline
 90
2
 70
0
 10
623742.6764666204
 20
4840654.683737079
 10
623713.7265864185
 20
4840744.349578815
  0
LWPOLYLINE
  5
103
330
17
100
AcDbEntity
  8
ROADS
100
AcDbPolyline
 90
2
 70
0
 10
623576.9011590219
 20
4840755.03644312
 10
623378.7806639909
 20
4840690.393407362
  0
LWPOLYLINE
  5
104
330
17
100
AcDbEntity
  8
ROADS
100
AcDbPolyline
 90
2
 70
0
 10
623585.3535827039
 20
4840714.636301587
 10
623580.58561397
 20
4840736.728167467
  0
LWPOLYLINE
  5
105
330
17
100
AcDbEntity
  8
ROADS
100
AcDbPolyline
 90
2
 70
0
 10
623580.58561397
 20
4840736.728167467
 10
623576.9011590219
 20
4840755.03644312
  0
LWPOLYLINE
  5
106
330
17
100
AcDbEntity
  8
ROADS
100
AcDbPolyline
 90
3
 70
0
 10
623713.7265864185
 20
4840744.349578815
 10
623662.8082170109
 20
4840761.523161936
 10
623580.58561397
 20
4840736.728167467
  0
LWPOLYLINE
  5
107
330
17
100
AcDbEntity
  8
ROADS
100
AcDbPolyline
 90
2
 70
0
 10
623863.7123507448
 20
4840790.83181188
 10
623713.7265864185
 20
4840744.349578815
  0
LWPOLYLINE
  5
108
330
17
100
AcDbEntity
  8
ROADS
100
AcDbPolyline
 90
3
 70
0
 10
623713.7265864185
 20
4840744.349578815
 10
623727.3358891306
 20
4840752.717255999
 10
623717.2736455172
 20
4840810.014161606
  0
LWPOLYLINE
  5
109
330
17
100
AcDbEntity
  8
ROADS
100
AcDbPolyline
 90
2
 70
0
 10
623576.9011590219
 20
4840755.03644312
 10
623556.0209964548
 20
4840860.49105693
  0
LWPOLYLINE
  5
10A
330
17
100
AcDbEntity
  8
ROADS
100
AcDbPolyline
 90
2
 70
0
 10
623678.4898354335
 20
4840901.580144975
 10
623556.0209964548
 20
4840860.49105693
  0
LWPOLYLINE
  5
10B
330
17
100
AcDbEntity
  8
ROADS
100
AcDbPolyline
 90
2
 70
0
 10
623556.0209964548
 20
4840860.49105693
 10
623361.7510742623
 20
4840797.652726059
  0
LWPOLYLINE
  5
10C
330
17
100
AcDbEntity
  8
ROADS
100
AcDbPolyline
 90
2
 70
0
 10
622992.859000292
 20
4840794.974884561
 10
622969.4131858886
 20
4840917.094715555
  0
LWPOLYLINE
  5
10D
330
17
100
AcDbEntity
  8
ROADS
100
AcDbPolyline
 90
2
 70
0
 10
623279.6605405981
 20
4840888.310966945
 10
623113.2405233866
 20
4840833.854004836
  0
LWPOLYLINE
  5
10E
330
17
100
AcDbEntity
  8
ROADS
100
AcDbPolyline
 90
2
 70
0
 10
623352.0492263453
 20
4840853.713026266
 10
623349.1307088393
 20
4840876.945397086
  0
LWPOLYLINE
  5
10F
330
17
100
AcDbEntity
  8
ROADS
100
AcDbPolyline
 90
2
 70
0
 10
623352.0492263453
 20
4840853.713026266
 10
623545.465007279
 20
4840915.726890602
  0
LWPOLYLINE
  5
110
330
17
100
AcDbEntity
  8
ROADS
100
AcDbPolyline
 90
2
 70
0
 10
623182.9429774093
 20
4840882.656655944
 10
623168.7448509436
 20
4840954.52536045
  0
LWPOLYLINE
  5
111
330
17
100
AcDbEntity
  8
ROADS
100
AcDbPolyline
 90
2
 70
0
 10
623534.4840742733
 20
4840971.400054287
 10
623279.6605405981
 20
4840888.310966945
  0
LWPOLYLINE
  5
112
330
17
100
AcDbEntity
  8
ROADS
100
AcDbPolyline
 90
2
 70
0
 10
623168.7448509436
 20
4840954.52536045
 10
622969.4131858886
 20
4840917.094715555
  0
LWPOLYLINE
  5
113
330
17
100
AcDbEntity
  8
ROADS
100
AcDbPolyline
 90
2
 70
0
 10
622969.4131858886
 20
4840917.094715555
 10
622952.1802739218
 20
4841011.712587512
  0
LWPOLYLINE
  5
114
330
17
100
AcDbEntity
  8
ROADS
100
AcDbPolyline
 90
4
 70
0
 10
623521.4721196421
 20
4841056.855990593
 10
623434.8736402362
 20
4841026.960493421
 10
623433.3786621266
 20
4840960.526054624
 10
623289.8037660412
 20
4840916.788940381
  0
LWPOLYLINE
  5
115
330
17
100
AcDbEntity
  8
ROADS
100
AcDbPolyline
 90
2
 70
0
 10
623951.2950877689
 20
4840819.452026199
 10
623863.7123507448
 20
4840790.83181188
  0
LWPOLYLINE
  5
116
330
17
100
AcDbEntity
  8
ROADS
100
AcDbPolyline
 90
3
 70
0
 10
624058.7971262595
 20
4840756.702847356
 10
624000.4964268439
 20
4841034.174583988
 10
623910.8477443377
 20
4841024.777934793
  0
LWPOLYLINE
  5
117
330
17
100
AcDbEntity
  8
ROADS
100
AcDbPolyline
 90
2
 70
0
 10
623951.2950877689
 20
4840819.452026199
 10
623910.8477443377
 20
4841024.777934793
  0
LWPOLYLINE
  5
118
330
17
100
AcDbEntity
  8
ROADS
100
AcDbPolyline
 90
2
 70
0
 10
623910.8477443377
 20
4841024.777934793
 10
623899.2623817415
 20
4841090.971770048
  0
LWPOLYLINE
  5
119
330
17
100
AcDbEntity
  8
ROADS
100
AcDbPolyline
 90
2
 70
0
 10
624204.4960411725
 20
4841124.4326829435
 10
624218.0145612513
 20
4841040.109801471
  0
LWPOLYLINE
  5
11A
330
17
100
AcDbEntity
  8
ROADS
100
AcDbPolyline
 90
2
 70
0
 10
624204.4960411725
 20
4841124.4326829435
 10
624097.0815631915
 20
4841082.805828553
  0
LWPOLYLINE
  5
11B
330
17
100
AcDbEntity
  8
ROADS
100
AcDbPolyline
 90
2
 70
0
 10
623995.1957618099
 20
4841121.956293978
 10
623899.2623817415
 20
4841090.971770048
  0
LWPOLYLINE
  5
11C
330
17
100
AcDbEntity
  8
ROADS
100
AcDbPolyline
 90
2
 70
0
 10
624179.6656568298
 20
4841184.176560483
 10
623995.1957618099
 20
4841121.956293978
  0
LWPOLYLINE
  5
11D
330
17
100
AcDbEntity
  8
ROADS
100
AcDbPolyline
 90
2
 70
0
 10
624179.6656568298
 20
4841184.176560483
 10
624204.4960411725
 20
4841124.4326829435
  0
LWPOLYLINE
  5
11E
330
17
100
AcDbEntity
  8
ROADS
100
AcDbPolyline
 90
2
 70
0
 10
623995.1957618099
 20
4841121.956293978
 10
623842.6822391285
 20
4841585.137775261
  0
LWPOLYLINE
  5
11F
330
17
100
AcDbEntity
  8
ROADS
100
AcDbPolyline
 90
2
 70
0
 10
623467.8600149398
 20
4838114.805786363
 10
623461.088724876
 20
4838134.540323723
  0
LWPOLYLINE
  5
120
330
17
100
AcDbEntity
  8
ROADS
100
AcDbPolyline
 90
2
 70
0
 10
624000.6348517525
 20
4838185.753070257
 10
624000.5284025127
 20
4838186.084328833
  0
LWPOLYLINE
  5
121
330
17
100
AcDbEntity
  8
ROADS
100
AcDbPolyline
 90
2
 70
0
 10
623461.088724876
 20
4838134.540323723
 10
623419.5399437266
 20
4838121.0155322235
  0
LWPOLYLINE
  5
122
330
17
100
AcDbEntity
  8
ROADS
100
AcDbPolyline
 90
2
 70
0
 10
623245.5984021447
 20
4838169.338658651
 10
623244.0335291288
 20
4838173.97464551
  0
LWPOLYLINE
  5
123
330
17
100
AcDbEntity
  8
ROADS
100
AcDbPolyline
 90
2
 70
0
 10
623244.0335291288
 20
4838173.97464551
 10
623237.8088857488
 20
4838171.9640361015
  0
LWPOLYLINE
  5
124
330
17
100
AcDbEntity
  8
ROADS
100
AcDbPolyline
 90
2
 70
0
 10
623461.088724876
 20
4838134.540323723
 10
623427.9870471286
 20
4838235.611784413
  0
LWPOLYLINE
  5
125
330
17
100
AcDbEntity
  8
ROADS
100
AcDbPolyline
 90
2
 70
0
 10
624000.5284025127
 20
4838186.084328833
 10
623956.2213156099
 20
4838172.027248729
  0
LWPOLYLINE
  5
126
330
17
100
AcDbEntity
  8
ROADS
100
AcDbPolyline
 90
2
 70
0
 10
624005.6904022027
 20
4838187.683635193
 10
624000.5284025127
 20
4838186.084328833
  0
LWPOLYLINE
  5
127
330
17
100
AcDbEntity
  8
ROADS
100
AcDbPolyline
 90
2
 70
0
 10
623883.4079674797
 20
4838146.972533446
 10
623876.5571009977
 20
4838182.092959993
  0
LWPOLYLINE
  5
128
330
17
100
AcDbEntity
  8
ROADS
100
AcDbPolyline
 90
3
 70
0
 10
623876.5571009977
 20
4838182.092959993
 10
623845.8394435312
 20
4838173.138930528
 10
623798.3594229867
 20
4838126.769370605
  0
LWPOLYLINE
  5
129
330
17
100
AcDbEntity
  8
ROADS
100
AcDbPolyline
 90
2
 70
0
 10
623607.3132299985
 20
4838105.848782255
 10
623592.7910155115
 20
4838174.540343442
  0
LWPOLYLINE
  5
12A
330
17
100
AcDbEntity
  8
ROADS
100
AcDbPolyline
 90
2
 70
0
 10
623750.0902499282
 20
4838216.830964297
 10
623641.8661935608
 20
4838107.432846178
  0
LWPOLYLINE
  5
12B
330
17
100
AcDbEntity
  8
ROADS
100
AcDbPolyline
 90
2
 70
0
 10
623592.7910155115
 20
4838174.540343442
 10
623461.088724876
 20
4838134.540323723
  0
LWPOLYLINE
  5
12C
330
17
100
AcDbEntity
  8
ROADS
100
AcDbPolyline
 90
2
 70
0
 10
623592.7910155115
 20
4838174.540343442
 10
623588.8261004441
 20
4838192.991580278
  0
LWPOLYLINE
  5
12D
330
17
100
AcDbEntity
  8
ROADS
100
AcDbPolyline
 90
2
 70
0
 10
623541.7940178058
 20
4838215.145083813
 10
623546.6420591028
 20
4838199.840983274
  0
LWPOLYLINE
  5
12E
330
17
100
AcDbEntity
  8
ROADS
100
AcDbPolyline
 90
2
 70
0
 10
623541.7940178058
 20
4838215.145083813
 10
623499.1542066995
 20
4838201.136175109
  0
LWPOLYLINE
  5
12F
330
17
100
AcDbEntity
  8
ROADS
100
AcDbPolyline
 90
2
 70
0
 10
623876.5571009977
 20
4838182.092959993
 10
623860.1932921119
 20
4838234.229719485
  0
LWPOLYLINE
  5
130
330
17
100
AcDbEntity
  8
ROADS
100
AcDbPolyline
 90
2
 70
0
 10
623588.8261004441
 20
4838192.991580278
 10
623567.5964391383
 20
4838281.709163815
  0
LWPOLYLINE
  5
131
330
17
100
AcDbEntity
  8
ROADS
100
AcDbPolyline
 90
2
 70
0
 10
623427.9870471286
 20
4838235.611784413
 10
623244.0335291288
 20
4838173.97464551
  0
LWPOLYLINE
  5
132
330
17
100
AcDbEntity
  8
ROADS
100
AcDbPolyline
 90
2
 70
0
 10
623244.0335291288
 20
4838173.97464551
 10
623211.9400877543
 20
4838274.262232939
  0
LWPOLYLINE
  5
133
330
17
100
AcDbEntity
  8
ROADS
100
AcDbPolyline
 90
2
 70
0
 10
623211.9400877543
 20
4838274.262232939
 10
623099.6392364029
 20
4838238.383132766
  0
LWPOLYLINE
  5
134
330
17
100
AcDbEntity
  8
ROADS
100
AcDbPolyline
 90
2
 70
0
 10
623018.4081869357
 20
4838223.481733962
 10
622991.9351881238
 20
4838300.023405389
  0
LWPOLYLINE
  5
135
330
17
100
AcDbEntity
  8
ROADS
100
AcDbPolyline
 90
2
 70
0
 10
623064.5892645906
 20
4838231.378024126
 10
623036.6222776059
 20
4838314.516358963
  0
LWPOLYLINE
  5
136
330
17
100
AcDbEntity
  8
ROADS
100
AcDbPolyline
 90
2
 70
0
 10
623427.9870471286
 20
4838235.611784413
 10
623394.8842981431
 20
4838335.248133471
  0
LWPOLYLINE
  5
137
330
17
100
AcDbEntity
  8
ROADS
100
AcDbPolyline
 90
2
 70
0
 10
623036.6222776059
 20
4838314.516358963
 10
622991.9351881238
 20
4838300.023405389
  0
LWPOLYLINE
  5
138
330
17
100
AcDbEntity
  8
ROADS
100
AcDbPolyline
 90
2
 70
0
 10
623211.9400877543
 20
4838274.262232939
 10
623183.2513916248
 20
4838362.131760082
  0
LWPOLYLINE
  5
139
330
17
100
AcDbEntity
  8
ROADS
100
AcDbPolyline
 90
2
 70
0
 10
624046.6868930724
 20
4838205.280668957
 10
624000.4589131944
 20
4838334.593374439
  0
LWPOLYLINE
  5
13A
330
17
100
AcDbEntity
  8
ROADS
100
AcDbPolyline
 90
2
 70
0
 10
624142.5177193569
 20
4838256.295815669
 10
624118.1026524978
 20
4838330.2234140625
  0
LWPOLYLINE
  5
13B
330
17
100
AcDbEntity
  8
ROADS
100
AcDbPolyline
 90
2
 70
0
 10
624000.4589131944
 20
4838334.593374439
 10
623915.6640514098
 20
4838307.49680963
  0
LWPOLYLINE
  5
13C
330
17
100
AcDbEntity
  8
ROADS
100
AcDbPolyline
 90
2
 70
0
 10
624118.1026524978
 20
4838330.2234140625
 10
624066.0887144498
 20
4838344.443411444
  0
LWPOLYLINE
  5
13D
330
17
100
AcDbEntity
  8
ROADS
100
AcDbPolyline
 90
2
 70
0
 10
624043.2758093724
 20
4838342.6577096945
 10
624000.4589131944
 20
4838334.593374439
  0
LWPOLYLINE
  5
13E
330
17
100
AcDbEntity
  8
ROADS
100
AcDbPolyline
 90
2
 70
0
 10
624043.2758093724
 20
4838342.6577096945
 10
624066.0887144498
 20
4838344.443411444
  0
LWPOLYLINE
  5
13F
330
17
100
AcDbEntity
  8
ROADS
100
AcDbPolyline
 90
2
 70
0
 10
624043.2758093724
 20
4838342.6577096945
 10
624057.940651832
 20
4838357.139710035
  0
LWPOLYLINE
  5
140
330
17
100
AcDbEntity
  8
ROADS
100
AcDbPolyline
 90
2
 70
0
 10
623525.2343284384
 20
4838267.275246472
 10
623541.7940178058
 20
4838215.145083813
  0
LWPOLYLINE
  5
141
330
17
100
AcDbEntity
  8
ROADS
100
AcDbPolyline
 90
2
 70
0
 10
623692.438518537
 20
4838293.670728462
 10
623588.8261004441
 20
4838192.991580278
  0
LWPOLYLINE
  5
142
330
17
100
AcDbEntity
  8
ROADS
100
AcDbPolyline
 90
2
 70
0
 10
623845.4973781673
 20
4838279.631289522
 10
623750.0902499282
 20
4838216.830964297
  0
LWPOLYLINE
  5
143
330
17
100
AcDbEntity
  8
ROADS
100
AcDbPolyline
 90
2
 70
0
 10
623525.2343284384
 20
4838267.275246472
 10
623427.9870471286
 20
4838235.611784413
  0
LWPOLYLINE
  5
144
330
17
100
AcDbEntity
  8
ROADS
100
AcDbPolyline
 90
3
 70
0
 10
623750.0902499282
 20
4838216.830964297
 10
623703.411644391
 20
4838261.571535358
 10
623692.438518537
 20
4838293.670728462
  0
LWPOLYLINE
  5
145
330
17
100
AcDbEntity
  8
ROADS
100
AcDbPolyline
 90
2
 70
0
 10
623567.5964391383
 20
4838281.709163815
 10
623525.2343284384
 20
4838267.275246472
  0
LWPOLYLINE
  5
146
330
17
100
AcDbEntity
  8
ROADS
100
AcDbPolyline
 90
2
 70
0
 10
623567.5964391383
 20
4838281.709163815
 10
623561.7084362567
 20
4838299.219567994
  0
LWPOLYLINE
  5
147
330
17
100
AcDbEntity
  8
ROADS
100
AcDbPolyline
 90
2
 70
0
 10
623915.6640514098
 20
4838307.49680963
 10
623845.4973781673
 20
4838279.631289522
  0
LWPOLYLINE
  5
148
330
17
100
AcDbEntity
  8
ROADS
100
AcDbPolyline
 90
4
 70
0
 10
623845.4973781673
 20
4838279.631289522
 10
623813.0807735458
 20
4838366.9845304815
 10
623755.0086417831
 20
4838348.690250973
 10
623692.438518537
 20
4838293.670728462
  0
LWPOLYLINE
  5
149
330
17
100
AcDbEntity
  8
ROADS
100
AcDbPolyline
 90
2
 70
0
 10
623561.7084362567
 20
4838299.219567994
 10
623520.029491538
 20
4838377.996768996
  0
LWPOLYLINE
  5
14A
330
17
100
AcDbEntity
  8
ROADS
100
AcDbPolyline
 90
2
 70
0
 10
623036.6222776059
 20
4838314.516358963
 10
623023.2358071863
 20
4838355.309268577
  0
LWPOLYLINE
  5
14B
330
17
100
AcDbEntity
  8
ROADS
100
AcDbPolyline
 90
2
 70
0
 10
623183.2513916248
 20
4838362.131760082
 10
623036.6222776059
 20
4838314.516358963
  0
LWPOLYLINE
  5
14C
330
17
100
AcDbEntity
  8
ROADS
100
AcDbPolyline
 90
2
 70
0
 10
622991.9351881238
 20
4838300.023405389
 10
622962.5968322118
 20
4838390.41624717
  0
LWPOLYLINE
  5
14D
330
17
100
AcDbEntity
  8
ROADS
100
AcDbPolyline
 90
2
 70
0
 10
623262.2750852108
 20
4838388.022340483
 10
623278.3885966189
 20
4838309.306814869
  0
LWPOLYLINE
  5
14E
330
17
100
AcDbEntity
  8
ROADS
100
AcDbPolyline
 90
2
 70
0
 10
623479.0128126509
 20
4838363.322163503
 10
623394.8842981431
 20
4838335.248133471
  0
LWPOLYLINE
  5
14F
330
17
100
AcDbEntity
  8
ROADS
100
AcDbPolyline
 90
2
 70
0
 10
623262.2750852108
 20
4838388.022340483
 10
623183.2513916248
 20
4838362.131760082
  0
LWPOLYLINE
  5
150
330
17
100
AcDbEntity
  8
ROADS
100
AcDbPolyline
 90
2
 70
0
 10
623394.8842981431
 20
4838335.248133471
 10
623365.6142504762
 20
4838422.249144964
  0
LWPOLYLINE
  5
151
330
17
100
AcDbEntity
  8
ROADS
100
AcDbPolyline
 90
2
 70
0
 10
622962.5968322118
 20
4838390.41624717
 10
622955.6848707282
 20
4838409.13815757
  0
LWPOLYLINE
  5
152
330
17
100
AcDbEntity
  8
ROADS
100
AcDbPolyline
 90
2
 70
0
 10
623365.6142504762
 20
4838422.249144964
 10
623262.2750852108
 20
4838388.022340483
  0
LWPOLYLINE
  5
153
330
17
100
AcDbEntity
  8
ROADS
100
AcDbPolyline
 90
2
 70
0
 10
623183.2513916248
 20
4838362.131760082
 10
623152.6858953292
 20
4838452.195436765
  0
LWPOLYLINE
  5
154
330
17
100
AcDbEntity
  8
ROADS
100
AcDbPolyline
 90
2
 70
0
 10
624066.0887144498
 20
4838344.443411444
 10
624057.940651832
 20
4838357.139710035
  0
LWPOLYLINE
  5
155
330
17
100
AcDbEntity
  8
ROADS
100
AcDbPolyline
 90
2
 70
0
 10
624000.4589131944
 20
4838334.593374439
 10
623982.8885301967
 20
4838374.897202127
  0
LWPOLYLINE
  5
156
330
17
100
AcDbEntity
  8
ROADS
100
AcDbPolyline
 90
2
 70
0
 10
624118.1026524978
 20
4838330.2234140625
 10
624091.1014962936
 20
4838411.981374314
  0
LWPOLYLINE
  5
157
330
17
100
AcDbEntity
  8
ROADS
100
AcDbPolyline
 90
2
 70
0
 10
623995.5959274234
 20
4838378.948249618
 10
624010.6716706466
 20
4838364.465158576
  0
LWPOLYLINE
  5
158
330
17
100
AcDbEntity
  8
ROADS
100
AcDbPolyline
 90
2
 70
0
 10
623982.8885301967
 20
4838374.897202127
 10
623995.5959274234
 20
4838378.948249618
  0
LWPOLYLINE
  5
159
330
17
100
AcDbEntity
  8
ROADS
100
AcDbPolyline
 90
2
 70
0
 10
624057.940651832
 20
4838357.139710035
 10
624091.1014962936
 20
4838411.981374314
  0
LWPOLYLINE
  5
15A
330
17
100
AcDbEntity
  8
ROADS
100
AcDbPolyline
 90
2
 70
0
 10
623982.8885301967
 20
4838374.897202127
 10
623974.2227291766
 20
4838401.399857004
  0
LWPOLYLINE
  5
15B
330
17
100
AcDbEntity
  8
ROADS
100
AcDbPolyline
 90
2
 70
0
 10
623995.5959274234
 20
4838378.948249618
 10
623984.1923625139
 20
4838408.139029186
  0
LWPOLYLINE
  5
15C
330
17
100
AcDbEntity
  8
ROADS
100
AcDbPolyline
 90
2
 70
0
 10
624235.2770295924
 20
4838319.619645421
 10
624169.968580455
 20
4838516.426367683
  0
LWPOLYLINE
  5
15D
330
17
100
AcDbEntity
  8
ROADS
100
AcDbPolyline
 90
2
 70
0
 10
623974.2227291766
 20
4838401.399857004
 10
623984.1923625139
 20
4838408.139029186
  0
LWPOLYLINE
  5
15E
330
17
100
AcDbEntity
  8
ROADS
100
AcDbPolyline
 90
2
 70
0
 10
623692.438518537
 20
4838293.670728462
 10
623702.4375867835
 20
4838423.570286387
  0
LWPOLYLINE
  5
15F
330
17
100
AcDbEntity
  8
ROADS
100
AcDbPolyline
 90
2
 70
0
 10
623520.029491538
 20
4838377.996768996
 10
623479.0128126509
 20
4838363.322163503
  0
LWPOLYLINE
  5
160
330
17
100
AcDbEntity
  8
ROADS
100
AcDbPolyline
 90
4
 70
0
 10
623690.8208889714
 20
4838455.587829914
 10
623623.3087599414
 20
4838425.436191334
 10
623599.8430744706
 20
4838339.930379912
 10
623561.7084362567
 20
4838299.219567994
  0
LWPOLYLINE
  5
161
330
17
100
AcDbEntity
  8
ROADS
100
AcDbPolyline
 90
2
 70
0
 10
623702.4375867835
 20
4838423.570286387
 10
623811.466953646
 20
4838455.376936825
  0
LWPOLYLINE
  5
162
330
17
100
AcDbEntity
  8
ROADS
100
AcDbPolyline
 90
2
 70
0
 10
623702.4375867835
 20
4838423.570286387
 10
623690.8208889714
 20
4838455.587829914
  0
LWPOLYLINE
  5
163
330
17
100
AcDbEntity
  8
ROADS
100
AcDbPolyline
 90
2
 70
0
 10
623822.3196209973
 20
4838434.0851207515
 10
623811.466953646
 20
4838455.376936825
  0
LWPOLYLINE
  5
164
330
17
100
AcDbEntity
  8
ROADS
100
AcDbPolyline
 90
3
 70
0
 10
623520.029491538
 20
4838377.996768996
 10
623536.903450979
 20
4838468.001568888
 10
623523.4769537792
 20
4838518.3032960165
  0
LWPOLYLINE
  5
165
330
17
100
AcDbEntity
  8
ROADS
100
AcDbPolyline
 90
2
 70
0
 10
623690.8208889714
 20
4838455.587829914
 10
623674.1406762132
 20
4838509.623923019
  0
LWPOLYLINE
  5
166
330
17
100
AcDbEntity
  8
ROADS
100
AcDbPolyline
 90
3
 70
0
 10
623811.466953646
 20
4838455.376936825
 10
623787.7888876075
 20
4838545.653360165
 10
623745.8783693127
 20
4838534.006712789
  0
LWPOLYLINE
  5
167
330
17
100
AcDbEntity
  8
ROADS
100
AcDbPolyline
 90
2
 70
0
 10
623745.8783693127
 20
4838534.006712789
 10
623674.1406762132
 20
4838509.623923019
  0
LWPOLYLINE
  5
168
330
17
100
AcDbEntity
  8
ROADS
100
AcDbPolyline
 90
2
 70
0
 10
623111.4377188805
 20
4838437.992673886
 10
622962.5968322118
 20
4838390.41624717
  0
LWPOLYLINE
  5
169
330
17
100
AcDbEntity
  8
ROADS
100
AcDbPolyline
 90
2
 70
0
 10
623152.6858953292
 20
4838452.195436765
 10
623111.4377188805
 20
4838437.992673886
  0
LWPOLYLINE
  5
16A
330
17
100
AcDbEntity
  8
ROADS
100
AcDbPolyline
 90
2
 70
0
 10
622955.6848707282
 20
4838409.13815757
 10
622930.2444099954
 20
4838487.437885201
  0
LWPOLYLINE
  5
16B
330
17
100
AcDbEntity
  8
ROADS
100
AcDbPolyline
 90
2
 70
0
 10
623365.6142504762
 20
4838422.249144964
 10
623334.8670092776
 20
4838513.291627874
  0
LWPOLYLINE
  5
16C
330
17
100
AcDbEntity
  8
ROADS
100
AcDbPolyline
 90
2
 70
0
 10
623334.8670092776
 20
4838513.291627874
 10
623152.6858953292
 20
4838452.195436765
  0
LWPOLYLINE
  5
16D
330
17
100
AcDbEntity
  8
ROADS
100
AcDbPolyline
 90
2
 70
0
 10
623111.4377188805
 20
4838437.992673886
 10
623078.7236093018
 20
4838534.662791367
  0
LWPOLYLINE
  5
16E
330
17
100
AcDbEntity
  8
ROADS
100
AcDbPolyline
 90
2
 70
0
 10
623479.0128126509
 20
4838363.322163503
 10
623403.0311733892
 20
4838612.327550653
  0
LWPOLYLINE
  5
16F
330
17
100
AcDbEntity
  8
ROADS
100
AcDbPolyline
 90
2
 70
0
 10
623152.6858953292
 20
4838452.195436765
 10
623120.8955268182
 20
4838548.550257055
  0
LWPOLYLINE
  5
170
330
17
100
AcDbEntity
  8
ROADS
100
AcDbPolyline
 90
2
 70
0
 10
623078.7236093018
 20
4838534.662791367
 10
622930.2444099954
 20
4838487.437885201
  0
LWPOLYLINE
  5
171
330
17
100
AcDbEntity
  8
ROADS
100
AcDbPolyline
 90
2
 70
0
 10
622930.2444099954
 20
4838487.437885201
 10
622912.7918171226
 20
4838539.614791992
  0
LWPOLYLINE
  5
172
330
17
100
AcDbEntity
  8
ROADS
100
AcDbPolyline
 90
2
 70
0
 10
624512.2985212968
 20
4838845.292905376
 10
624407.6536722378
 20
4838811.193249212
  0
LWPOLYLINE
  5
173
330
17
100
AcDbEntity
  8
ROADS
100
AcDbPolyline
 90
2
 70
0
 10
624601.2494131641
 20
4838888.312195701
 10
624574.5433114772
 20
4838968.775495153
  0
LWPOLYLINE
  5
174
330
17
100
AcDbEntity
  8
ROADS
100
AcDbPolyline
 90
2
 70
0
 10
624407.6536722378
 20
4838811.193249212
 10
624377.2680705542
 20
4838905.120678552
  0
LWPOLYLINE
  5
175
330
17
100
AcDbEntity
  8
ROADS
100
AcDbPolyline
 90
2
 70
0
 10
624512.2985212968
 20
4838845.292905376
 10
624483.439437201
 20
4838938.255421257
  0
LWPOLYLINE
  5
176
330
17
100
AcDbEntity
  8
ROADS
100
AcDbPolyline
 90
2
 70
0
 10
624483.439437201
 20
4838938.255421257
 10
624377.2680705542
 20
4838905.120678552
  0
LWPOLYLINE
  5
177
330
17
100
AcDbEntity
  8
ROADS
100
AcDbPolyline
 90
2
 70
0
 10
624574.5433114772
 20
4838968.775495153
 10
624483.439437201
 20
4838938.255421257
  0
LWPOLYLINE
  5
178
330
17
100
AcDbEntity
  8
ROADS
100
AcDbPolyline
 90
2
 70
0
 10
624377.2680705542
 20
4838905.120678552
 10
624341.8266290046
 20
4839016.492573538
  0
LWPOLYLINE
  5
179
330
17
100
AcDbEntity
  8
ROADS
100
AcDbPolyline
 90
2
 70
0
 10
624483.439437201
 20
4838938.255421257
 10
624448.1529272496
 20
4839051.067728462
  0
LWPOLYLINE
  5
17A
330
17
100
AcDbEntity
  8
ROADS
100
AcDbPolyline
 90
3
 70
0
 10
624574.5433114772
 20
4838968.775495153
 10
624563.1670169857
 20
4839031.007092021
 10
624625.5197422501
 20
4839053.6598088825
  0
LWPOLYLINE
  5
17B
330
17
100
AcDbEntity
  8
ROADS
100
AcDbPolyline
 90
2
 70
0
 10
624448.1529272496
 20
4839051.067728462
 10
624341.8266290046
 20
4839016.492573538
  0
LWPOLYLINE
  5
17C
330
17
100
AcDbEntity
  8
ROADS
100
AcDbPolyline
 90
2
 70
0
 10
623974.2227291766
 20
4838401.399857004
 10
623969.5785956982
 20
4838415.326590166
  0
LWPOLYLINE
  5
17D
330
17
100
AcDbEntity
  8
ROADS
100
AcDbPolyline
 90
2
 70
0
 10
623984.1923625139
 20
4838408.139029186
 10
623968.0442255781
 20
4838449.621637103
  0
LWPOLYLINE
  5
17E
330
17
100
AcDbEntity
  8
ROADS
100
AcDbPolyline
 90
2
 70
0
 10
624091.1014962936
 20
4838411.981374314
 10
624067.576938087
 20
4838483.210647703
  0
LWPOLYLINE
  5
17F
330
17
100
AcDbEntity
  8
ROADS
100
AcDbPolyline
 90
2
 70
0
 10
624067.576938087
 20
4838483.210647703
 10
623968.0442255781
 20
4838449.621637103
  0
LWPOLYLINE
  5
180
330
17
100
AcDbEntity
  8
ROADS
100
AcDbPolyline
 90
2
 70
0
 10
624169.968580455
 20
4838516.426367683
 10
624067.576938087
 20
4838483.210647703
  0
LWPOLYLINE
  5
181
330
17
100
AcDbEntity
  8
ROADS
100
AcDbPolyline
 90
2
 70
0
 10
623968.0442255781
 20
4838449.621637103
 10
623907.0860099843
 20
4838635.389802362
  0
LWPOLYLINE
  5
182
330
17
100
AcDbEntity
  8
ROADS
100
AcDbPolyline
 90
2
 70
0
 10
624067.576938087
 20
4838483.210647703
 10
624007.2435411818
 20
4838667.33007727
  0
LWPOLYLINE
  5
183
330
17
100
AcDbEntity
  8
ROADS
100
AcDbPolyline
 90
2
 70
0
 10
624169.968580455
 20
4838516.426367683
 10
624107.547640624
 20
4838702.392186886
  0
LWPOLYLINE
  5
184
330
17
100
AcDbEntity
  8
ROADS
100
AcDbPolyline
 90
2
 70
0
 10
624007.2435411818
 20
4838667.33007727
 10
623907.0860099843
 20
4838635.389802362
  0
LWPOLYLINE
  5
185
330
17
100
AcDbEntity
  8
ROADS
100
AcDbPolyline
 90
2
 70
0
 10
624107.547640624
 20
4838702.392186886
 10
624007.2435411818
 20
4838667.33007727
  0
LWPOLYLINE
  5
186
330
17
100
AcDbEntity
  8
ROADS
100
AcDbPolyline
 90
2
 70
0
 10
623120.8955268182
 20
4838548.550257055
 10
623078.7236093018
 20
4838534.662791367
  0
LWPOLYLINE
  5
187
330
17
100
AcDbEntity
  8
ROADS
100
AcDbPolyline
 90
2
 70
0
 10
623334.8670092776
 20
4838513.291627874
 10
623303.3698352203
 20
4838609.081769832
  0
LWPOLYLINE
  5
188
330
17
100
AcDbEntity
  8
ROADS
100
AcDbPolyline
 90
2
 70
0
 10
623120.8955268182
 20
4838548.550257055
 10
623102.5338825182
 20
4838600.394731638
  0
LWPOLYLINE
  5
189
330
17
100
AcDbEntity
  8
ROADS
100
AcDbPolyline
 90
4
 70
0
 10
623097.697689594
 20
4838614.821976977
 10
623056.5799321648
 20
4838601.2605870655
 10
623060.7391666838
 20
4838587.603137232
 10
622912.7918171226
 20
4838539.614791992
  0
LWPOLYLINE
  5
18A
330
17
100
AcDbEntity
  8
ROADS
100
AcDbPolyline
 90
2
 70
0
 10
623303.3698352203
 20
4838609.081769832
 10
623120.8955268182
 20
4838548.550257055
  0
LWPOLYLINE
  5
18B
330
17
100
AcDbEntity
  8
ROADS
100
AcDbPolyline
 90
2
 70
0
 10
622987.8412493868
 20
4838621.068263738
 10
622895.6162799505
 20
4838590.959663703
  0
LWPOLYLINE
  5
18C
330
17
100
AcDbEntity
  8
ROADS
100
AcDbPolyline
 90
2
 70
0
 10
623102.5338825182
 20
4838600.394731638
 10
623097.697689594
 20
4838614.821976977
  0
LWPOLYLINE
  5
18D
330
17
100
AcDbEntity
  8
ROADS
100
AcDbPolyline
 90
2
 70
0
 10
623496.1241854645
 20
4838607.226102586
 10
623403.0311733892
 20
4838612.327550653
  0
LWPOLYLINE
  5
18E
330
17
100
AcDbEntity
  8
ROADS
100
AcDbPolyline
 90
2
 70
0
 10
623102.5338825182
 20
4838600.394731638
 10
623202.9041381108
 20
4838634.106860408
  0
LWPOLYLINE
  5
18F
330
17
100
AcDbEntity
  8
ROADS
100
AcDbPolyline
 90
3
 70
0
 10
623403.0311733892
 20
4838612.327550653
 10
623361.8809102228
 20
4838628.868086323
 10
623303.3698352203
 20
4838609.081769832
  0
LWPOLYLINE
  5
190
330
17
100
AcDbEntity
  8
ROADS
100
AcDbPolyline
 90
2
 70
0
 10
623674.1406762132
 20
4838509.623923019
 10
623664.6128630122
 20
4838542.20627219
  0
LWPOLYLINE
  5
191
330
17
100
AcDbEntity
  8
ROADS
100
AcDbPolyline
 90
2
 70
0
 10
623664.6128630122
 20
4838542.20627219
 10
623523.4769537792
 20
4838518.3032960165
  0
LWPOLYLINE
  5
192
330
17
100
AcDbEntity
  8
ROADS
100
AcDbPolyline
 90
2
 70
0
 10
623523.4769537792
 20
4838518.3032960165
 10
623496.1241854645
 20
4838607.226102586
  0
LWPOLYLINE
  5
193
330
17
100
AcDbEntity
  8
ROADS
100
AcDbPolyline
 90
2
 70
0
 10
623745.8783693127
 20
4838534.006712789
 10
623720.0745000506
 20
4838591.866986293
  0
LWPOLYLINE
  5
194
330
17
100
AcDbEntity
  8
ROADS
100
AcDbPolyline
 90
2
 70
0
 10
623664.6128630122
 20
4838542.20627219
 10
623701.2745057
 20
4838609.117835578
  0
LWPOLYLINE
  5
195
330
17
100
AcDbEntity
  8
ROADS
100
AcDbPolyline
 90
3
 70
0
 10
623720.0745000506
 20
4838591.866986293
 10
623697.3539121476
 20
4838590.175943821
 10
623714.0169867841
 20
4838611.007411591
  0
LWPOLYLINE
  5
196
330
17
100
AcDbEntity
  8
ROADS
100
AcDbPolyline
 90
2
 70
0
 10
623720.0745000506
 20
4838591.866986293
 10
623714.0169867841
 20
4838611.007411591
  0
LWPOLYLINE
  5
197
330
17
100
AcDbEntity
  8
ROADS
100
AcDbPolyline
 90
2
 70
0
 10
623637.6916654047
 20
4838627.227719645
 10
623496.1241854645
 20
4838607.226102586
  0
LWPOLYLINE
  5
198
330
17
100
AcDbEntity
  8
ROADS
100
AcDbPolyline
 90
2
 70
0
 10
623701.2745057
 20
4838609.117835578
 10
623637.6916654047
 20
4838627.227719645
  0
LWPOLYLINE
  5
199
330
17
100
AcDbEntity
  8
ROADS
100
AcDbPolyline
 90
2
 70
0
 10
623701.2745057
 20
4838609.117835578
 10
623721.1635265232
 20
4838639.63665481
  0
LWPOLYLINE
  5
19A
330
17
100
AcDbEntity
  8
ROADS
100
AcDbPolyline
 90
2
 70
0
 10
624477.543934748
 20
4838586.164214554
 10
624169.968580455
 20
4838516.426367683
  0
LWPOLYLINE
  5
19B
330
17
100
AcDbEntity
  8
ROADS
100
AcDbPolyline
 90
2
 70
0
 10
624498.9921178039
 20
4838623.772978767
 10
624492.8220461998
 20
4838721.973950879
  0
LWPOLYLINE
  5
19C
330
17
100
AcDbEntity
  8
ROADS
100
AcDbPolyline
 90
2
 70
0
 10
624554.1030763556
 20
4838742.611501905
 10
624492.8220461998
 20
4838721.973950879
  0
LWPOLYLINE
  5
19D
330
17
100
AcDbEntity
  8
ROADS
100
AcDbPolyline
 90
2
 70
0
 10
624565.4580341954
 20
4838766.629545872
 10
624512.2985212968
 20
4838845.292905376
  0
LWPOLYLINE
  5
19E
330
17
100
AcDbEntity
  8
ROADS
100
AcDbPolyline
 90
3
 70
0
 10
624492.8220461998
 20
4838721.973950879
 10
624440.7513360633
 20
4838720.531034127
 10
624407.6536722378
 20
4838811.193249212
  0
LWPOLYLINE
  5
19F
330
17
100
AcDbEntity
  8
ROADS
100
AcDbPolyline
 90
2
 70
0
 10
623714.0169867841
 20
4838611.007411591
 10
623721.1635265232
 20
4838639.63665481
  0
LWPOLYLINE
  5
1A0
330
17
100
AcDbEntity
  8
ROADS
100
AcDbPolyline
 90
2
 70
0
 10
623496.1241854645
 20
4838607.226102586
 10
623472.8324655446
 20
4838677.801414407
  0
LWPOLYLINE
  5
1A1
330
17
100
AcDbEntity
  8
ROADS
100
AcDbPolyline
 90
2
 70
0
 10
623637.6916654047
 20
4838627.227719645
 10
623610.028957424
 20
4838725.653430586
  0
LWPOLYLINE
  5
1A2
330
17
100
AcDbEntity
  8
ROADS
100
AcDbPolyline
 90
2
 70
0
 10
623721.1635265232
 20
4838639.63665481
 10
623684.8602357425
 20
4838771.627833186
  0
LWPOLYLINE
  5
1A3
330
17
100
AcDbEntity
  8
ROADS
100
AcDbPolyline
 90
3
 70
0
 10
623610.028957424
 20
4838725.653430586
 10
623455.4069500804
 20
4838699.895353857
 10
623346.5661919173
 20
4838739.437678263
  0
LWPOLYLINE
  5
1A4
330
17
100
AcDbEntity
  8
ROADS
100
AcDbPolyline
 90
2
 70
0
 10
623684.8602357425
 20
4838771.627833186
 10
623610.028957424
 20
4838725.653430586
  0
LWPOLYLINE
  5
1A5
330
17
100
AcDbEntity
  8
ROADS
100
AcDbPolyline
 90
2
 70
0
 10
623907.0860099843
 20
4838635.389802362
 10
623824.3966317631
 20
4838887.662289367
  0
LWPOLYLINE
  5
1A6
330
17
100
AcDbEntity
  8
ROADS
100
AcDbPolyline
 90
2
 70
0
 10
623714.4276522107
 20
4838792.200208991
 10
623684.8602357425
 20
4838771.627833186
  0
LWPOLYLINE
  5
1A7
330
17
100
AcDbEntity
  8
ROADS
100
AcDbPolyline
 90
2
 70
0
 10
623684.8602357425
 20
4838771.627833186
 10
623675.1660031185
 20
4838803.291618855
  0
LWPOLYLINE
  5
1A8
330
17
100
AcDbEntity
  8
ROADS
100
AcDbPolyline
 90
2
 70
0
 10
623675.1660031185
 20
4838803.291618855
 10
623491.6374054287
 20
4838779.141724196
  0
LWPOLYLINE
  5
1A9
330
17
100
AcDbEntity
  8
ROADS
100
AcDbPolyline
 90
2
 70
0
 10
623346.5661919173
 20
4838739.437678263
 10
623325.8304340275
 20
4838732.787277717
  0
LWPOLYLINE
  5
1AA
330
17
100
AcDbEntity
  8
ROADS
100
AcDbPolyline
 90
2
 70
0
 10
623152.6733435404
 20
4838769.131067497
 10
622972.393836019
 20
4838708.7331986325
  0
LWPOLYLINE
  5
1AB
330
17
100
AcDbEntity
  8
ROADS
100
AcDbPolyline
 90
2
 70
0
 10
622972.393836019
 20
4838708.7331986325
 10
622958.0668773401
 20
4838773.210245645
  0
LWPOLYLINE
  5
1AC
330
17
100
AcDbEntity
  8
ROADS
100
AcDbPolyline
 90
2
 70
0
 10
623325.8304340275
 20
4838732.787277717
 10
623312.7881769625
 20
4838774.837496495
  0
LWPOLYLINE
  5
1AD
330
17
100
AcDbEntity
  8
ROADS
100
AcDbPolyline
 90
2
 70
0
 10
622958.0668773401
 20
4838773.210245645
 10
622940.538557158
 20
4838741.943649788
  0
LWPOLYLINE
  5
1AE
330
17
100
AcDbEntity
  8
ROADS
100
AcDbPolyline
 90
2
 70
0
 10
623491.6374054287
 20
4838779.141724196
 10
623346.5661919173
 20
4838739.437678263
  0
LWPOLYLINE
  5
1AF
330
17
100
AcDbEntity
  8
ROADS
100
AcDbPolyline
 90
2
 70
0
 10
623312.7881769625
 20
4838774.837496495
 10
623220.245127768
 20
4838744.120042537
  0
LWPOLYLINE
  5
1B0
330
17
100
AcDbEntity
  8
ROADS
100
AcDbPolyline
 90
2
 70
0
 10
622958.0668773401
 20
4838773.210245645
 10
622958.6898380984
 20
4838789.523320665
  0
LWPOLYLINE
  5
1B1
330
17
100
AcDbEntity
  8
ROADS
100
AcDbPolyline
 90
2
 70
0
 10
623298.14180229
 20
4838815.562629849
 10
623152.6733435404
 20
4838769.131067497
  0
LWPOLYLINE
  5
1B2
330
17
100
AcDbEntity
  8
ROADS
100
AcDbPolyline
 90
2
 70
0
 10
623312.7881769625
 20
4838774.837496495
 10
623298.14180229
 20
4838815.562629849
  0
LWPOLYLINE
  5
1B3
330
17
100
AcDbEntity
  8
ROADS
100
AcDbPolyline
 90
2
 70
0
 10
624007.2435411818
 20
4838667.33007727
 10
623925.1841498755
 20
4838928.2544807345
  0
LWPOLYLINE
  5
1B4
330
17
100
AcDbEntity
  8
ROADS
100
AcDbPolyline
 90
2
 70
0
 10
624107.547640624
 20
4838702.392186886
 10
624023.7398821394
 20
4838960.481886093
  0
LWPOLYLINE
  5
1B5
330
17
100
AcDbEntity
  8
ROADS
100
AcDbPolyline
 90
2
 70
0
 10
624023.7398821394
 20
4838960.481886093
 10
623925.1841498755
 20
4838928.2544807345
  0
LWPOLYLINE
  5
1B6
330
17
100
AcDbEntity
  8
ROADS
100
AcDbPolyline
 90
2
 70
0
 10
624036.3917655433
 20
4838965.556006056
 10
624023.7398821394
 20
4838960.481886093
  0
LWPOLYLINE
  5
1B7
330
17
100
AcDbEntity
  8
ROADS
100
AcDbPolyline
 90
2
 70
0
 10
624128.3417171802
 20
4838995.956846899
 10
624036.3917655433
 20
4838965.556006056
  0
LWPOLYLINE
  5
1B8
330
17
100
AcDbEntity
  8
ROADS
100
AcDbPolyline
 90
2
 70
0
 10
624036.3917655433
 20
4838965.556006056
 10
624021.154133701
 20
4839012.758865706
  0
LWPOLYLINE
  5
1B9
330
17
100
AcDbEntity
  8
ROADS
100
AcDbPolyline
 90
2
 70
0
 10
624021.154133701
 20
4839012.758865706
 10
623970.2601097452
 20
4838995.861378059
  0
LWPOLYLINE
  5
1BA
330
17
100
AcDbEntity
  8
ROADS
100
AcDbPolyline
 90
2
 70
0
 10
624220.5561896753
 20
4839024.174872612
 10
624128.3417171802
 20
4838995.956846899
  0
LWPOLYLINE
  5
1BB
330
17
100
AcDbEntity
  8
ROADS
100
AcDbPolyline
 90
2
 70
0
 10
624128.3417171802
 20
4838995.956846899
 10
624112.793128891
 20
4839042.990084468
  0
LWPOLYLINE
  5
1BC
330
17
100
AcDbEntity
  8
ROADS
100
AcDbPolyline
 90
2
 70
0
 10
624112.793128891
 20
4839042.990084468
 10
624021.154133701
 20
4839012.758865706
  0
LWPOLYLINE
  5
1BD
330
17
100
AcDbEntity
  8
ROADS
100
AcDbPolyline
 90
2
 70
0
 10
623152.6733435404
 20
4838769.131067497
 10
623126.3398826811
 20
4838846.593620975
  0
LWPOLYLINE
  5
1BE
330
17
100
AcDbEntity
  8
ROADS
100
AcDbPolyline
 90
2
 70
0
 10
623126.3398826811
 20
4838846.593620975
 10
622958.6898380984
 20
4838789.523320665
  0
LWPOLYLINE
  5
1BF
330
17
100
AcDbEntity
  8
ROADS
100
AcDbPolyline
 90
2
 70
0
 10
623298.14180229
 20
4838815.562629849
 10
623283.3781854024
 20
4838851.21438317
  0
LWPOLYLINE
  5
1C0
330
17
100
AcDbEntity
  8
ROADS
100
AcDbPolyline
 90
2
 70
0
 10
622958.6898380984
 20
4838789.523320665
 10
622940.4155526911
 20
4838878.940194421
  0
LWPOLYLINE
  5
1C1
330
17
100
AcDbEntity
  8
ROADS
100
AcDbPolyline
 90
2
 70
0
 10
623285.558444233
 20
4838898.806220698
 10
623126.3398826811
 20
4838846.593620975
  0
LWPOLYLINE
  5
1C2
330
17
100
AcDbEntity
  8
ROADS
100
AcDbPolyline
 90
2
 70
0
 10
623422.7818532706
 20
4838971.20303746
 10
623491.6374054287
 20
4838779.141724196
  0
LWPOLYLINE
  5
1C3
330
17
100
AcDbEntity
  8
ROADS
100
AcDbPolyline
 90
2
 70
0
 10
623126.3398826811
 20
4838846.593620975
 10
623105.003249073
 20
4838932.315959273
  0
LWPOLYLINE
  5
1C4
330
17
100
AcDbEntity
  8
ROADS
100
AcDbPolyline
 90
2
 70
0
 10
623023.2380572282
 20
4838906.062654559
 10
622940.4155526911
 20
4838878.940194421
  0
LWPOLYLINE
  5
1C5
330
17
100
AcDbEntity
  8
ROADS
100
AcDbPolyline
 90
2
 70
0
 10
622940.4155526911
 20
4838878.940194421
 10
622934.5145152125
 20
4838906.070795303
  0
LWPOLYLINE
  5
1C6
330
17
100
AcDbEntity
  8
ROADS
100
AcDbPolyline
 90
2
 70
0
 10
623313.1095284196
 20
4838906.949983902
 10
623285.558444233
 20
4838898.806220698
  0
LWPOLYLINE
  5
1C7
330
17
100
AcDbEntity
  8
ROADS
100
AcDbPolyline
 90
2
 70
0
 10
623734.920059413
 20
4838828.558756965
 10
623675.1660031185
 20
4838803.291618855
  0
LWPOLYLINE
  5
1C8
330
17
100
AcDbEntity
  8
ROADS
100
AcDbPolyline
 90
2
 70
0
 10
623734.920059413
 20
4838828.558756965
 10
623783.7072474385
 20
4838857.104704105
  0
LWPOLYLINE
  5
1C9
330
17
100
AcDbEntity
  8
ROADS
100
AcDbPolyline
 90
2
 70
0
 10
623824.3966317631
 20
4838887.662289367
 10
623783.7072474385
 20
4838857.104704105
  0
LWPOLYLINE
  5
1CA
330
17
100
AcDbEntity
  8
ROADS
100
AcDbPolyline
 90
2
 70
0
 10
623859.1653857082
 20
4838906.849194797
 10
623824.3966317631
 20
4838887.662289367
  0
LWPOLYLINE
  5
1CB
330
17
100
AcDbEntity
  8
ROADS
100
AcDbPolyline
 90
2
 70
0
 10
623925.1841498755
 20
4838928.2544807345
 10
623859.1653857082
 20
4838906.849194797
  0
LWPOLYLINE
  5
1CC
330
17
100
AcDbEntity
  8
ROADS
100
AcDbPolyline
 90
2
 70
0
 10
623783.7072474385
 20
4838857.104704105
 10
623710.5876139388
 20
4839086.5239704475
  0
LWPOLYLINE
  5
1CD
330
17
100
AcDbEntity
  8
ROADS
100
AcDbPolyline
 90
2
 70
0
 10
623859.1653857082
 20
4838906.849194797
 10
623791.0824468029
 20
4839112.083354585
  0
LWPOLYLINE
  5
1CE
330
17
100
AcDbEntity
  8
ROADS
100
AcDbPolyline
 90
3
 70
0
 10
623925.1841498755
 20
4838928.2544807345
 10
623925.4687954917
 20
4838975.515103639
 10
623873.1917194593
 20
4839139.780065778
  0
LWPOLYLINE
  5
1CF
330
17
100
AcDbEntity
  8
ROADS
100
AcDbPolyline
 90
2
 70
0
 10
623559.3218835506
 20
4839087.515802631
 10
623438.9146388881
 20
4839042.686494151
  0
LWPOLYLINE
  5
1D0
330
17
100
AcDbEntity
  8
ROADS
100
AcDbPolyline
 90
2
 70
0
 10
623598.0119903809
 20
4839049.916729312
 10
623588.2078787816
 20
4839091.412516521
  0
LWPOLYLINE
  5
1D1
330
17
100
AcDbEntity
  8
ROADS
100
AcDbPolyline
 90
2
 70
0
 10
623105.003249073
 20
4838932.315959273
 10
623023.2380572282
 20
4838906.062654559
  0
LWPOLYLINE
  5
1D2
330
17
100
AcDbEntity
  8
ROADS
100
AcDbPolyline
 90
2
 70
0
 10
623285.558444233
 20
4838898.806220698
 10
623269.6081426479
 20
4838986.901147136
  0
LWPOLYLINE
  5
1D3
330
17
100
AcDbEntity
  8
ROADS
100
AcDbPolyline
 90
2
 70
0
 10
623188.0101343871
 20
4838960.967857071
 10
623105.003249073
 20
4838932.315959273
  0
LWPOLYLINE
  5
1D4
330
17
100
AcDbEntity
  8
ROADS
100
AcDbPolyline
 90
2
 70
0
 10
622934.5145152125
 20
4838906.070795303
 10
622913.0128344995
 20
4839025.683767763
  0
LWPOLYLINE
  5
1D5
330
17
100
AcDbEntity
  8
ROADS
100
AcDbPolyline
 90
2
 70
0
 10
623269.6081426479
 20
4838986.901147136
 10
623188.0101343871
 20
4838960.967857071
  0
LWPOLYLINE
  5
1D6
330
17
100
AcDbEntity
  8
ROADS
100
AcDbPolyline
 90
2
 70
0
 10
623023.2380572282
 20
4838906.062654559
 10
622988.9313474105
 20
4839082.693859129
  0
LWPOLYLINE
  5
1D7
330
17
100
AcDbEntity
  8
ROADS
100
AcDbPolyline
 90
2
 70
0
 10
623354.2193705024
 20
4839015.043066328
 10
623269.6081426479
 20
4838986.901147136
  0
LWPOLYLINE
  5
1D8
330
17
100
AcDbEntity
  8
ROADS
100
AcDbPolyline
 90
2
 70
0
 10
623105.003249073
 20
4838932.315959273
 10
623071.5121988604
 20
4839109.740998458
  0
LWPOLYLINE
  5
1D9
330
17
100
AcDbEntity
  8
ROADS
100
AcDbPolyline
 90
2
 70
0
 10
623438.9146388881
 20
4839042.686494151
 10
623354.2193705024
 20
4839015.043066328
  0
LWPOLYLINE
  5
1DA
330
17
100
AcDbEntity
  8
ROADS
100
AcDbPolyline
 90
2
 70
0
 10
623188.0101343871
 20
4838960.967857071
 10
623155.6701652175
 20
4839137.284704034
  0
LWPOLYLINE
  5
1DB
330
17
100
AcDbEntity
  8
ROADS
100
AcDbPolyline
 90
2
 70
0
 10
621988.5488259591
 20
4838928.69789536
 10
621939.9305516516
 20
4838836.491072041
  0
LWPOLYLINE
  5
1DC
330
17
100
AcDbEntity
  8
ROADS
100
AcDbPolyline
 90
2
 70
0
 10
623097.697689594
 20
4838614.821976977
 10
623084.8135051162
 20
4838652.999837536
  0
LWPOLYLINE
  5
1DD
330
17
100
AcDbEntity
  8
ROADS
100
AcDbPolyline
 90
2
 70
0
 10
623084.8135051162
 20
4838652.999837536
 10
622987.8412493868
 20
4838621.068263738
  0
LWPOLYLINE
  5
1DE
330
17
100
AcDbEntity
  8
ROADS
100
AcDbPolyline
 90
2
 70
0
 10
622987.8412493868
 20
4838621.068263738
 10
622979.7741273713
 20
4838665.7245613765
  0
LWPOLYLINE
  5
1DF
330
17
100
AcDbEntity
  8
ROADS
100
AcDbPolyline
 90
2
 70
0
 10
622979.7741273713
 20
4838665.7245613765
 10
622940.3471983522
 20
4838652.288758891
  0
LWPOLYLINE
  5
1E0
330
17
100
AcDbEntity
  8
ROADS
100
AcDbPolyline
 90
2
 70
0
 10
623303.3698352203
 20
4838609.081769832
 10
623271.2638144081
 20
4838716.47046612
  0
LWPOLYLINE
  5
1E1
330
17
100
AcDbEntity
  8
ROADS
100
AcDbPolyline
 90
2
 70
0
 10
623179.8511578954
 20
4838686.453513187
 10
623084.8135051162
 20
4838652.999837536
  0
LWPOLYLINE
  5
1E2
330
17
100
AcDbEntity
  8
ROADS
100
AcDbPolyline
 90
2
 70
0
 10
622979.7741273713
 20
4838665.7245613765
 10
622972.393836019
 20
4838708.7331986325
  0
LWPOLYLINE
  5
1E3
330
17
100
AcDbEntity
  8
ROADS
100
AcDbPolyline
 90
2
 70
0
 10
623271.2638144081
 20
4838716.47046612
 10
623179.8511578954
 20
4838686.453513187
  0
LWPOLYLINE
  5
1E4
330
17
100
AcDbEntity
  8
ROADS
100
AcDbPolyline
 90
2
 70
0
 10
623325.8304340275
 20
4838732.787277717
 10
623271.2638144081
 20
4838716.47046612
  0
LWPOLYLINE
  5
1E5
330
17
100
AcDbEntity
  8
ROADS
100
AcDbPolyline
 90
2
 70
0
 10
623179.8511578954
 20
4838686.453513187
 10
623152.6733435404
 20
4838769.131067497
  0
LWPOLYLINE
  5
1E6
330
17
100
AcDbEntity
  8
ROADS
100
AcDbPolyline
 90
2
 70
0
 10
622940.538557158
 20
4838741.943649788
 10
622865.6259831913
 20
4838666.747945029
  0
LWPOLYLINE
  5
1E7
330
17
100
AcDbEntity
  8
ROADS
100
AcDbPolyline
 90
2
 70
0
 10
622509.3256531938
 20
4838733.588536222
 10
622490.8952089786
 20
4838752.527079916
  0
LWPOLYLINE
  5
1E8
330
17
100
AcDbEntity
  8
ROADS
100
AcDbPolyline
 90
2
 70
0
 10
622509.3256531938
 20
4838733.588536222
 10
622501.2841640835
 20
4838761.900445066
  0
LWPOLYLINE
  5
1E9
330
17
100
AcDbEntity
  8
ROADS
100
AcDbPolyline
 90
3
 70
0
 10
622865.6259831913
 20
4838666.747945029
 10
622825.5427452724
 20
4838726.858884336
 10
622711.4016150384
 20
4838835.24860478
  0
LWPOLYLINE
  5
1EA
330
17
100
AcDbEntity
  8
ROADS
100
AcDbPolyline
 90
4
 70
0
 10
622632.6533731113
 20
4838672.068283353
 10
622596.3233813867
 20
4838783.371545015
 10
622611.3154223905
 20
4838803.03567305
 10
622711.4016150384
 20
4838835.24860478
  0
LWPOLYLINE
  5
1EB
330
17
100
AcDbEntity
  8
ROADS
100
AcDbPolyline
 90
2
 70
0
 10
622501.2841640835
 20
4838761.900445066
 10
622490.8952089786
 20
4838752.527079916
  0
LWPOLYLINE
  5
1EC
330
17
100
AcDbEntity
  8
ROADS
100
AcDbPolyline
 90
2
 70
0
 10
622490.8952089786
 20
4838752.527079916
 10
622440.9510991697
 20
4838783.692190052
  0
LWPOLYLINE
  5
1ED
330
17
100
AcDbEntity
  8
ROADS
100
AcDbPolyline
 90
2
 70
0
 10
622501.2841640835
 20
4838761.900445066
 10
622494.1713993244
 20
4838783.816843822
  0
LWPOLYLINE
  5
1EE
330
17
100
AcDbEntity
  8
ROADS
100
AcDbPolyline
 90
2
 70
0
 10
622494.1713993244
 20
4838783.816843822
 10
622440.9510991697
 20
4838783.692190052
  0
LWPOLYLINE
  5
1EF
330
17
100
AcDbEntity
  8
ROADS
100
AcDbPolyline
 90
2
 70
0
 10
622940.538557158
 20
4838741.943649788
 10
622812.2764490381
 20
4838865.881742866
  0
LWPOLYLINE
  5
1F0
330
17
100
AcDbEntity
  8
ROADS
100
AcDbPolyline
 90
2
 70
0
 10
622494.1713993244
 20
4838783.816843822
 10
622464.4957335946
 20
4838872.838843941
  0
LWPOLYLINE
  5
1F1
330
17
100
AcDbEntity
  8
ROADS
100
AcDbPolyline
 90
2
 70
0
 10
622812.2764490381
 20
4838865.881742866
 10
622711.4016150384
 20
4838835.24860478
  0
LWPOLYLINE
  5
1F2
330
17
100
AcDbEntity
  8
ROADS
100
AcDbPolyline
 90
4
 70
0
 10
622640.8319934618
 20
4838901.158331082
 10
622586.1728566821
 20
4838841.4227499645
 10
622492.0948689629
 20
4838826.631342107
 10
622475.2625977949
 20
4838876.634279936
  0
LWPOLYLINE
  5
1F3
330
17
100
AcDbEntity
  8
ROADS
100
AcDbPolyline
 90
2
 70
0
 10
622711.4016150384
 20
4838835.24860478
 10
622640.8319934618
 20
4838901.158331082
  0
LWPOLYLINE
  5
1F4
330
17
100
AcDbEntity
  8
ROADS
100
AcDbPolyline
 90
2
 70
0
 10
622475.2625977949
 20
4838876.634279936
 10
622464.4957335946
 20
4838872.838843941
  0
LWPOLYLINE
  5
1F5
330
17
100
AcDbEntity
  8
ROADS
100
AcDbPolyline
 90
2
 70
0
 10
622934.5145152125
 20
4838906.070795303
 10
622812.2764490381
 20
4838865.881742866
  0
LWPOLYLINE
  5
1F6
330
17
100
AcDbEntity
  8
ROADS
100
AcDbPolyline
 90
2
 70
0
 10
622611.9733425968
 20
4838928.09563142
 10
622475.2625977949
 20
4838876.634279936
  0
LWPOLYLINE
  5
1F7
330
17
100
AcDbEntity
  8
ROADS
100
AcDbPolyline
 90
2
 70
0
 10
622640.8319934618
 20
4838901.158331082
 10
622611.9733425968
 20
4838928.09563142
  0
LWPOLYLINE
  5
1F8
330
17
100
AcDbEntity
  8
ROADS
100
AcDbPolyline
 90
2
 70
0
 10
622706.8169494353
 20
4838960.436776414
 10
622611.9733425968
 20
4838928.09563142
  0
LWPOLYLINE
  5
1F9
330
17
100
AcDbEntity
  8
ROADS
100
AcDbPolyline
 90
2
 70
0
 10
622611.9733425968
 20
4838928.09563142
 10
622545.8065240085
 20
4838974.513018744
  0
LWPOLYLINE
  5
1FA
330
17
100
AcDbEntity
  8
ROADS
100
AcDbPolyline
 90
2
 70
0
 10
622374.7374610039
 20
4838841.325269718
 10
622349.7597579688
 20
4838836.046217481
  0
LWPOLYLINE
  5
1FB
330
17
100
AcDbEntity
  8
ROADS
100
AcDbPolyline
 90
2
 70
0
 10
622464.4957335946
 20
4838872.838843941
 10
622374.7374610039
 20
4838841.325269718
  0
LWPOLYLINE
  5
1FC
330
17
100
AcDbEntity
  8
ROADS
100
AcDbPolyline
 90
2
 70
0
 10
622184.0283816478
 20
4838678.290003954
 10
621996.5684870448
 20
4839068.493475276
  0
LWPOLYLINE
  5
1FD
330
17
100
AcDbEntity
  8
ROADS
100
AcDbPolyline
 90
3
 70
0
 10
622349.7597579688
 20
4838836.046217481
 10
622308.4710462084
 20
4838855.271295205
 10
622226.8402417526
 20
4838941.068798402
  0
LWPOLYLINE
  5
1FE
330
17
100
AcDbEntity
  8
ROADS
100
AcDbPolyline
 90
2
 70
0
 10
622226.8402417526
 20
4838941.068798402
 10
622169.2003923997
 20
4838949.589583651
  0
LWPOLYLINE
  5
1FF
330
17
100
AcDbEntity
  8
ROADS
100
AcDbPolyline
 90
2
 70
0
 10
622312.6246448264
 20
4838976.100171994
 10
622226.8402417526
 20
4838941.068798402
  0
LWPOLYLINE
  5
200
330
17
100
AcDbEntity
  8
ROADS
100
AcDbPolyline
 90
3
 70
0
 10
622545.8065240085
 20
4838974.513018744
 10
622455.8663893401
 20
4838993.354036429
 10
622312.6246448264
 20
4838976.100171994
  0
LWPOLYLINE
  5
201
330
17
100
AcDbEntity
  8
ROADS
100
AcDbPolyline
 90
2
 70
0
 10
622169.2003923997
 20
4838949.589583651
 10
621996.5684870448
 20
4839068.493475276
  0
LWPOLYLINE
  5
202
330
17
100
AcDbEntity
  8
ROADS
100
AcDbPolyline
 90
3
 70
0
 10
622471.0670447298
 20
4839092.922777372
 10
622334.9235466167
 20
4839058.978474014
 10
622312.6246448264
 20
4838976.100171994
  0
LWPOLYLINE
  5
203
330
17
100
AcDbEntity
  8
ROADS
100
AcDbPolyline
 90
2
 70
0
 10
622205.2077964116
 20
4839267.7004316375
 10
622143.2529416255
 20
4839244.755123302
  0
LWPOLYLINE
  5
204
330
17
100
AcDbEntity
  8
ROADS
100
AcDbPolyline
 90
2
 70
0
 10
622913.0128344995
 20
4839025.683767763
 10
622706.8169494353
 20
4838960.436776414
  0
LWPOLYLINE
  5
205
330
17
100
AcDbEntity
  8
ROADS
100
AcDbPolyline
 90
2
 70
0
 10
622706.8169494353
 20
4838960.436776414
 10
622644.9193669696
 20
4839034.658745337
  0
LWPOLYLINE
  5
206
330
17
100
AcDbEntity
  8
ROADS
100
AcDbPolyline
 90
2
 70
0
 10
622545.8065240085
 20
4838974.513018744
 10
622586.0665143116
 20
4839069.652865336
  0
LWPOLYLINE
  5
207
330
17
100
AcDbEntity
  8
ROADS
100
AcDbPolyline
 90
2
 70
0
 10
622913.0128344995
 20
4839025.683767763
 10
622906.6504647961
 20
4839056.811216286
  0
LWPOLYLINE
  5
208
330
17
100
AcDbEntity
  8
ROADS
100
AcDbPolyline
 90
2
 70
0
 10
622644.9193669696
 20
4839034.658745337
 10
622586.0665143116
 20
4839069.652865336
  0
LWPOLYLINE
  5
209
330
17
100
AcDbEntity
  8
ROADS
100
AcDbPolyline
 90
2
 70
0
 10
622896.0778272052
 20
4839120.282099157
 10
622644.9193669696
 20
4839034.658745337
  0
LWPOLYLINE
  5
20A
330
17
100
AcDbEntity
  8
ROADS
100
AcDbPolyline
 90
2
 70
0
 10
622586.0665143116
 20
4839069.652865336
 10
622471.0670447298
 20
4839092.922777372
  0
LWPOLYLINE
  5
20B
330
17
100
AcDbEntity
  8
ROADS
100
AcDbPolyline
 90
2
 70
0
 10
622906.6504647961
 20
4839056.811216286
 10
622896.0778272052
 20
4839120.282099157
  0
LWPOLYLINE
  5
20C
330
17
100
AcDbEntity
  8
ROADS
100
AcDbPolyline
 90
2
 70
0
 10
622586.0665143116
 20
4839069.652865336
 10
622613.6503288716
 20
4839132.150852599
  0
LWPOLYLINE
  5
20D
330
17
100
AcDbEntity
  8
ROADS
100
AcDbPolyline
 90
2
 70
0
 10
622613.6503288716
 20
4839132.150852599
 10
622471.0670447298
 20
4839092.922777372
  0
LWPOLYLINE
  5
20E
330
17
100
AcDbEntity
  8
ROADS
100
AcDbPolyline
 90
6
 70
0
 10
622849.1378800909
 20
4839375.771565501
 10
622636.5589316223
 20
4839315.93416585
 10
622458.4569006898
 20
4839229.775242472
 10
622287.6510438228
 20
4839179.95011556
 10
622231.5141814693
 20
4839115.336588563
 10
622169.2003923997
 20
4838949.589583651
  0
LWPOLYLINE
  5
20F
330
17
100
AcDbEntity
  8
ROADS
100
AcDbPolyline
 90
2
 70
0
 10
622896.0778272052
 20
4839120.282099157
 10
622877.0537892166
 20
4839225.710165835
  0
LWPOLYLINE
  5
210
330
17
100
AcDbEntity
  8
ROADS
100
AcDbPolyline
 90
3
 70
0
 10
622613.6503288716
 20
4839132.150852599
 10
622778.8748328966
 20
4839185.970234088
 10
622831.3484603078
 20
4839226.654435927
  0
LWPOLYLINE
  5
211
330
17
100
AcDbEntity
  8
ROADS
100
AcDbPolyline
 90
2
 70
0
 10
622831.3484603078
 20
4839226.654435927
 10
622877.0537892166
 20
4839225.710165835
  0
LWPOLYLINE
  5
212
330
17
100
AcDbEntity
  8
ROADS
100
AcDbPolyline
 90
2
 70
0
 10
622958.1788390812
 20
4839252.29797473
 10
622877.0537892166
 20
4839225.710165835
  0
LWPOLYLINE
  5
213
330
17
100
AcDbEntity
  8
ROADS
100
AcDbPolyline
 90
2
 70
0
 10
622877.0537892166
 20
4839225.710165835
 10
622868.7352096845
 20
4839273.593045729
  0
LWPOLYLINE
  5
214
330
17
100
AcDbEntity
  8
ROADS
100
AcDbPolyline
 90
2
 70
0
 10
622831.3484603078
 20
4839226.654435927
 10
622868.7352096845
 20
4839273.593045729
  0
LWPOLYLINE
  5
215
330
17
100
AcDbEntity
  8
ROADS
100
AcDbPolyline
 90
2
 70
0
 10
622868.7352096845
 20
4839273.593045729
 10
622849.1378800909
 20
4839375.771565501
  0
LWPOLYLINE
  5
216
330
17
100
AcDbEntity
  8
ROADS
100
AcDbPolyline
 90
3
 70
0
 10
622579.824283654
 20
4839452.580471008
 10
622593.5096435943
 20
4839394.664234708
 10
622294.1399000059
 20
4839295.955005439
  0
LWPOLYLINE
  5
217
330
17
100
AcDbEntity
  8
ROADS
100
AcDbPolyline
 90
3
 70
0
 10
622465.8166798075
 20
4839434.731219756
 10
622522.9256665106
 20
4839431.18014534
 10
622579.824283654
 20
4839452.580471008
  0
LWPOLYLINE
  5
218
330
17
100
AcDbEntity
  8
ROADS
100
AcDbPolyline
 90
2
 70
0
 10
622294.1399000059
 20
4839295.955005439
 10
622205.2077964116
 20
4839267.7004316375
  0
LWPOLYLINE
  5
219
330
17
100
AcDbEntity
  8
ROADS
100
AcDbPolyline
 90
2
 70
0
 10
622205.2077964116
 20
4839267.7004316375
 10
622177.9056408178
 20
4839389.309787763
  0
LWPOLYLINE
  5
21A
330
17
100
AcDbEntity
  8
ROADS
100
AcDbPolyline
 90
3
 70
0
 10
622294.1399000059
 20
4839295.955005439
 10
622277.921001702
 20
4839377.5004845075
 10
622359.8775224809
 20
4839416.935939661
  0
LWPOLYLINE
  5
21B
330
17
100
AcDbEntity
  8
ROADS
100
AcDbPolyline
 90
3
 70
0
 10
622177.9056408178
 20
4839389.309787763
 10
622061.2707408138
 20
4839371.588055784
 10
621976.6698941765
 20
4839419.730889751
  0
LWPOLYLINE
  5
21C
330
17
100
AcDbEntity
  8
ROADS
100
AcDbPolyline
 90
2
 70
0
 10
622177.9056408178
 20
4839389.309787763
 10
622170.9256169687
 20
4839421.742049934
  0
LWPOLYLINE
  5
21D
330
17
100
AcDbEntity
  8
ROADS
100
AcDbPolyline
 90
2
 70
0
 10
622359.8775224809
 20
4839416.935939661
 10
622465.8166798075
 20
4839434.731219756
  0
LWPOLYLINE
  5
21E
330
17
100
AcDbEntity
  8
ROADS
100
AcDbPolyline
 90
2
 70
0
 10
622170.9256169687
 20
4839421.742049934
 10
622159.1215317645
 20
4839493.578900532
  0
LWPOLYLINE
  5
21F
330
17
100
AcDbEntity
  8
ROADS
100
AcDbPolyline
 90
2
 70
0
 10
622359.8775224809
 20
4839416.935939661
 10
622325.8483144266
 20
4839519.95326142
  0
LWPOLYLINE
  5
220
330
17
100
AcDbEntity
  8
ROADS
100
AcDbPolyline
 90
3
 70
0
 10
622325.8483144266
 20
4839519.95326142
 10
622216.3139730908
 20
4839437.871883283
 10
622170.9256169687
 20
4839421.742049934
  0
LWPOLYLINE
  5
221
330
17
100
AcDbEntity
  8
ROADS
100
AcDbPolyline
 90
5
 70
0
 10
622159.1215317645
 20
4839493.578900532
 10
622085.4276678952
 20
4839461.760277894
 10
622053.4542255991
 20
4839467.893164807
 10
622020.6804298884
 20
4839494.828543825
 10
621991.1436143201
 20
4839558.865205198
  0
LWPOLYLINE
  5
222
330
17
100
AcDbEntity
  8
ROADS
100
AcDbPolyline
 90
2
 70
0
 10
622465.8166798075
 20
4839434.731219756
 10
622425.862817773
 20
4839520.1895526815
  0
LWPOLYLINE
  5
223
330
17
100
AcDbEntity
  8
ROADS
100
AcDbPolyline
 90
2
 70
0
 10
622849.1378800909
 20
4839375.771565501
 10
622806.1123434567
 20
4839605.368507198
  0
LWPOLYLINE
  5
224
330
17
100
AcDbEntity
  8
ROADS
100
AcDbPolyline
 90
2
 70
0
 10
622565.4781480281
 20
4839533.8648787625
 10
622579.824283654
 20
4839452.580471008
  0
LWPOLYLINE
  5
225
330
17
100
AcDbEntity
  8
ROADS
100
AcDbPolyline
 90
2
 70
0
 10
622487.6066066741
 20
4839540.48648483
 10
622425.862817773
 20
4839520.1895526815
  0
LWPOLYLINE
  5
226
330
17
100
AcDbEntity
  8
ROADS
100
AcDbPolyline
 90
2
 70
0
 10
622565.4781480281
 20
4839533.8648787625
 10
622487.6066066741
 20
4839540.48648483
  0
LWPOLYLINE
  5
227
330
17
100
AcDbEntity
  8
ROADS
100
AcDbPolyline
 90
2
 70
0
 10
622806.1123434567
 20
4839605.368507198
 10
622565.4781480281
 20
4839533.8648787625
  0
LWPOLYLINE
  5
228
330
17
100
AcDbEntity
  8
ROADS
100
AcDbPolyline
 90
2
 70
0
 10
622487.6066066741
 20
4839540.48648483
 10
622429.9496587694
 20
4839701.078155722
  0
LWPOLYLINE
  5
229
330
17
100
AcDbEntity
  8
ROADS
100
AcDbPolyline
 90
2
 70
0
 10
622806.1123434567
 20
4839605.368507198
 10
622768.5866749771
 20
4839819.944156062
  0
LWPOLYLINE
  5
22A
330
17
100
AcDbEntity
  8
ROADS
100
AcDbPolyline
 90
2
 70
0
 10
622429.9496587694
 20
4839701.078155722
 10
622768.5866749771
 20
4839819.944156062
  0
LWPOLYLINE
  5
22B
330
17
100
AcDbEntity
  8
ROADS
100
AcDbPolyline
 90
2
 70
0
 10
622576.9902264483
 20
4839870.97044373
 10
622393.7284389249
 20
4839794.522358157
  0
LWPOLYLINE
  5
22C
330
17
100
AcDbEntity
  8
ROADS
100
AcDbPolyline
 90
2
 70
0
 10
622425.862817773
 20
4839520.1895526815
 10
622325.8483144266
 20
4839519.95326142
  0
LWPOLYLINE
  5
22D
330
17
100
AcDbEntity
  8
ROADS
100
AcDbPolyline
 90
2
 70
0
 10
622159.1215317645
 20
4839493.578900532
 10
622153.0533098241
 20
4839550.014784403
  0
LWPOLYLINE
  5
22E
330
17
100
AcDbEntity
  8
ROADS
100
AcDbPolyline
 90
2
 70
0
 10
622153.0533098241
 20
4839550.014784403
 10
622072.8222677256
 20
4839542.125012666
  0
LWPOLYLINE
  5
22F
330
17
100
AcDbEntity
  8
ROADS
100
AcDbPolyline
 90
2
 70
0
 10
622153.0533098241
 20
4839550.014784403
 10
622209.1395984874
 20
4839595.141534354
  0
LWPOLYLINE
  5
230
330
17
100
AcDbEntity
  8
ROADS
100
AcDbPolyline
 90
2
 70
0
 10
622153.0533098241
 20
4839550.014784403
 10
622116.4427639164
 20
4839657.354534955
  0
LWPOLYLINE
  5
231
330
17
100
AcDbEntity
  8
ROADS
100
AcDbPolyline
 90
2
 70
0
 10
622429.9496587694
 20
4839701.078155722
 10
622410.6406341149
 20
4839680.575859978
  0
LWPOLYLINE
  5
232
330
17
100
AcDbEntity
  8
ROADS
100
AcDbPolyline
 90
2
 70
0
 10
622116.4427639164
 20
4839657.354534955
 10
622084.849592241
 20
4839752.192445015
  0
LWPOLYLINE
  5
233
330
17
100
AcDbEntity
  8
ROADS
100
AcDbPolyline
 90
3
 70
0
 10
622393.7284389249
 20
4839794.522358157
 10
622255.453282125
 20
4839702.518459627
 10
622116.4427639164
 20
4839657.354534955
  0
LWPOLYLINE
  5
234
330
17
100
AcDbEntity
  8
ROADS
100
AcDbPolyline
 90
5
 70
0
 10
622116.4427639164
 20
4839657.354534955
 10
622045.3206458513
 20
4839634.291813945
 10
622020.045810715
 20
4839646.32314079
 10
621986.2234345401
 20
4839753.162255823
 10
622054.2854588599
 20
4839824.034877231
  0
LWPOLYLINE
  5
235
330
17
100
AcDbEntity
  8
ROADS
100
AcDbPolyline
 90
2
 70
0
 10
622429.9496587694
 20
4839701.078155722
 10
622393.7284389249
 20
4839794.522358157
  0
LWPOLYLINE
  5
236
330
17
100
AcDbEntity
  8
ROADS
100
AcDbPolyline
 90
2
 70
0
 10
621988.5488259591
 20
4838928.69789536
 10
621881.5811704361
 20
4839040.693201561
  0
LWPOLYLINE
  5
237
330
17
100
AcDbEntity
  8
ROADS
100
AcDbPolyline
 90
2
 70
0
 10
621866.4788640221
 20
4839121.281154945
 10
621872.2177543701
 20
4839135.659219293
  0
LWPOLYLINE
  5
238
330
17
100
AcDbEntity
  8
ROADS
100
AcDbPolyline
 90
2
 70
0
 10
621996.5684870448
 20
4839068.493475276
 10
621872.2177543701
 20
4839135.659219293
  0
LWPOLYLINE
  5
239
330
17
100
AcDbEntity
  8
ROADS
100
AcDbPolyline
 90
2
 70
0
 10
621872.2177543701
 20
4839135.659219293
 10
621862.6595760821
 20
4839141.661392903
  0
LWPOLYLINE
  5
23A
330
17
100
AcDbEntity
  8
ROADS
100
AcDbPolyline
 90
5
 70
0
 10
621996.5684870448
 20
4839068.493475276
 10
621880.8195441276
 20
4839313.035027269
 10
621802.169429197
 20
4839740.695979781
 10
621770.2236598452
 20
4839820.420719354
 10
621725.1226366904
 20
4839881.655501728
  0
LWPOLYLINE
  5
23B
330
17
100
AcDbEntity
  8
ROADS
100
AcDbPolyline
 90
2
 70
0
 10
621969.2668221802
 20
4839929.4817085415
 10
622043.310990005
 20
4839961.501770886
  0
LWPOLYLINE
  5
23C
330
17
100
AcDbEntity
  8
ROADS
100
AcDbPolyline
 90
2
 70
0
 10
622849.1378800909
 20
4839375.771565501
 10
623110.2399698099
 20
4839454.315751239
  0
LWPOLYLINE
  5
23D
330
17
100
AcDbEntity
  8
ROADS
100
AcDbPolyline
 90
3
 70
0
 10
623452.8177442339
 20
4839361.916250664
 10
623432.2596338743
 20
4839386.9616366085
 10
623392.2662413041
 20
4839572.553593835
  0
LWPOLYLINE
  5
23E
330
17
100
AcDbEntity
  8
ROADS
100
AcDbPolyline
 90
2
 70
0
 10
623392.2662413041
 20
4839572.553593835
 10
623253.7068661425
 20
4839531.114927758
  0
LWPOLYLINE
  5
23F
330
17
100
AcDbEntity
  8
ROADS
100
AcDbPolyline
 90
2
 70
0
 10
623392.2662413041
 20
4839572.553593835
 10
623328.3034849974
 20
4839787.33436033
  0
LWPOLYLINE
  5
240
330
17
100
AcDbEntity
  8
ROADS
100
AcDbPolyline
 90
2
 70
0
 10
622806.1123434567
 20
4839605.368507198
 10
623328.3034849974
 20
4839787.33436033
  0
LWPOLYLINE
  5
241
330
17
100
AcDbEntity
  8
ROADS
100
AcDbPolyline
 90
5
 70
0
 10
623328.3034849974
 20
4839787.33436033
 10
623380.6992290508
 20
4839813.2540635895
 10
623329.0497409703
 20
4839983.881811192
 10
623281.6963878399
 20
4840056.288773671
 10
623225.241430773
 20
4840254.61438814
  0
LWPOLYLINE
  5
242
330
17
100
AcDbEntity
  8
ROADS
100
AcDbPolyline
 90
2
 70
0
 10
623012.628130908
 20
4840187.937405987
 10
623150.3581938124
 20
4840230.818384334
  0
LWPOLYLINE
  5
243
330
17
100
AcDbEntity
  8
ROADS
100
AcDbPolyline
 90
2
 70
0
 10
623150.3581938124
 20
4840230.818384334
 10
623225.241430773
 20
4840254.61438814
  0
LWPOLYLINE
  5
244
330
17
100
AcDbEntity
  8
ROADS
100
AcDbPolyline
 90
2
 70
0
 10
623225.241430773
 20
4840254.61438814
 10
623200.4322487891
 20
4840355.92362493
  0
LWPOLYLINE
  5
245
330
17
100
AcDbEntity
  8
ROADS
100
AcDbPolyline
 90
2
 70
0
 10
623150.3581938124
 20
4840230.818384334
 10
623098.3937975361
 20
4840389.16014258
  0
LWPOLYLINE
  5
246
330
17
100
AcDbEntity
  8
ROADS
100
AcDbPolyline
 90
2
 70
0
 10
622084.849592241
 20
4839752.192445015
 10
622054.2854588599
 20
4839824.034877231
  0
LWPOLYLINE
  5
247
330
17
100
AcDbEntity
  8
ROADS
100
AcDbPolyline
 90
3
 70
0
 10
622084.849592241
 20
4839752.192445015
 10
622265.0601675471
 20
4839821.725912173
 10
622243.2672752294
 20
4839923.148462282
  0
LWPOLYLINE
  5
248
330
17
100
AcDbEntity
  8
ROADS
100
AcDbPolyline
 90
2
 70
0
 10
622393.7284389249
 20
4839794.522358157
 10
622352.1469950492
 20
4839884.315393358
  0
LWPOLYLINE
  5
249
330
17
100
AcDbEntity
  8
ROADS
100
AcDbPolyline
 90
3
 70
0
 10
622243.2672752294
 20
4839923.148462282
 10
622123.7349225106
 20
4839881.067976909
 10
622054.2854588599
 20
4839824.034877231
  0
LWPOLYLINE
  5
24A
330
17
100
AcDbEntity
  8
ROADS
100
AcDbPolyline
 90
2
 70
0
 10
622054.2854588599
 20
4839824.034877231
 10
621969.2668221802
 20
4839929.4817085415
  0
LWPOLYLINE
  5
24B
330
17
100
AcDbEntity
  8
ROADS
100
AcDbPolyline
 90
2
 70
0
 10
622352.1469950492
 20
4839884.315393358
 10
622336.8260945757
 20
4839953.41851357
  0
LWPOLYLINE
  5
24C
330
17
100
AcDbEntity
  8
ROADS
100
AcDbPolyline
 90
2
 70
0
 10
622336.8260945757
 20
4839953.41851357
 10
622243.2672752294
 20
4839923.148462282
  0
LWPOLYLINE
  5
24D
330
17
100
AcDbEntity
  8
ROADS
100
AcDbPolyline
 90
3
 70
0
 10
622352.1469950492
 20
4839884.315393358
 10
622442.1567257594
 20
4839916.904346546
 10
622416.9481738526
 20
4840049.526644807
  0
LWPOLYLINE
  5
24E
330
17
100
AcDbEntity
  8
ROADS
100
AcDbPolyline
 90
2
 70
0
 10
622336.8260945757
 20
4839953.41851357
 10
622326.3665490593
 20
4840019.971456262
  0
LWPOLYLINE
  5
24F
330
17
100
AcDbEntity
  8
ROADS
100
AcDbPolyline
 90
2
 70
0
 10
622320.6028967481
 20
4840065.814365936
 10
622089.1623036508
 20
4839981.336221248
  0
LWPOLYLINE
  5
250
330
17
100
AcDbEntity
  8
ROADS
100
AcDbPolyline
 90
2
 70
0
 10
622768.5866749771
 20
4839819.944156062
 10
622734.7366328004
 20
4840006.187373165
  0
LWPOLYLINE
  5
251
330
17
100
AcDbEntity
  8
ROADS
100
AcDbPolyline
 90
3
 70
0
 10
622675.3377224562
 20
4839978.550906032
 10
622625.0775481263
 20
4839906.955147888
 10
622576.9902264483
 20
4839870.97044373
  0
LWPOLYLINE
  5
252
330
17
100
AcDbEntity
  8
ROADS
100
AcDbPolyline
 90
2
 70
0
 10
622576.9902264483
 20
4839870.97044373
 10
622527.0483767773
 20
4839989.22764035
  0
LWPOLYLINE
  5
253
330
17
100
AcDbEntity
  8
ROADS
100
AcDbPolyline
 90
2
 70
0
 10
622734.7366328004
 20
4840006.187373165
 10
622675.3377224562
 20
4839978.550906032
  0
LWPOLYLINE
  5
254
330
17
100
AcDbEntity
  8
ROADS
100
AcDbPolyline
 90
2
 70
0
 10
622527.0483767773
 20
4839989.22764035
 10
622587.775499565
 20
4840015.472559813
  0
LWPOLYLINE
  5
255
330
17
100
AcDbEntity
  8
ROADS
100
AcDbPolyline
 90
2
 70
0
 10
622527.0483767773
 20
4839989.22764035
 10
622508.3007564421
 20
4840082.016938382
  0
LWPOLYLINE
  5
256
330
17
100
AcDbEntity
  8
ROADS
100
AcDbPolyline
 90
4
 70
0
 10
622675.3377224562
 20
4839978.550906032
 10
622644.677615271
 20
4840015.674022008
 10
622628.5980609326
 20
4840072.648882763
 10
622717.8658470532
 20
4840097.387105711
  0
LWPOLYLINE
  5
257
330
17
100
AcDbEntity
  8
ROADS
100
AcDbPolyline
 90
2
 70
0
 10
622734.7366328004
 20
4840006.187373165
 10
622717.8658470532
 20
4840097.387105711
  0
LWPOLYLINE
  5
258
330
17
100
AcDbEntity
  8
ROADS
100
AcDbPolyline
 90
2
 70
0
 10
622508.3007564421
 20
4840082.016938382
 10
622416.9481738526
 20
4840049.526644807
  0
LWPOLYLINE
  5
259
330
17
100
AcDbEntity
  8
ROADS
100
AcDbPolyline
 90
4
 70
0
 10
622734.7366328004
 20
4840006.187373165
 10
623024.1771316095
 20
4840101.522054306
 10
623031.8007249761
 20
4840126.3832163075
 10
623012.628130908
 20
4840187.937405987
  0
LWPOLYLINE
  5
25A
330
17
100
AcDbEntity
  8
ROADS
100
AcDbPolyline
 90
2
 70
0
 10
621969.2668221802
 20
4839929.4817085415
 10
621937.582918555
 20
4840025.295956541
  0
LWPOLYLINE
  5
25B
330
17
100
AcDbEntity
  8
ROADS
100
AcDbPolyline
 90
2
 70
0
 10
622023.6244060345
 20
4840060.921258824
 10
621937.582918555
 20
4840025.295956541
  0
LWPOLYLINE
  5
25C
330
17
100
AcDbEntity
  8
ROADS
100
AcDbPolyline
 90
5
 70
0
 10
621937.582918555
 20
4840025.295956541
 10
621810.8567416721
 20
4839987.505521133
 10
621705.8727750747
 20
4840008.84917097
 10
621780.0220863862
 20
4840080.046932411
 10
621906.1092210545
 20
4840121.097989396
  0
LWPOLYLINE
  5
25D
330
17
100
AcDbEntity
  8
ROADS
100
AcDbPolyline
 90
2
 70
0
 10
621937.582918555
 20
4840025.295956541
 10
621906.1092210545
 20
4840121.097989396
  0
LWPOLYLINE
  5
25E
330
17
100
AcDbEntity
  8
ROADS
100
AcDbPolyline
 90
2
 70
0
 10
621906.1092210545
 20
4840121.097989396
 10
621877.8783048441
 20
4840274.29133295
  0
LWPOLYLINE
  5
25F
330
17
100
AcDbEntity
  8
ROADS
100
AcDbPolyline
 90
2
 70
0
 10
621616.6856176694
 20
4840190.008329342
 10
621639.2651134552
 20
4840197.530733566
  0
LWPOLYLINE
  5
260
330
17
100
AcDbEntity
  8
ROADS
100
AcDbPolyline
 90
2
 70
0
 10
621641.5001005596
 20
4840305.704105075
 10
621583.2737077761
 20
4840287.632550841
  0
LWPOLYLINE
  5
261
330
17
100
AcDbEntity
  8
ROADS
100
AcDbPolyline
 90
2
 70
0
 10
621877.8783048441
 20
4840274.29133295
 10
621846.9293595562
 20
4840372.591936399
  0
LWPOLYLINE
  5
262
330
17
100
AcDbEntity
  8
ROADS
100
AcDbPolyline
 90
4
 70
0
 10
621877.8783048441
 20
4840274.29133295
 10
621948.2487043799
 20
4840287.936140455
 10
622022.6671477155
 20
4840367.528276739
 10
622072.0338701869
 20
4840376.127858133
  0
LWPOLYLINE
  5
263
330
17
100
AcDbEntity
  8
ROADS
100
AcDbPolyline
 90
2
 70
0
 10
621846.9293595562
 20
4840372.591936399
 10
621641.5001005596
 20
4840305.704105075
  0
LWPOLYLINE
  5
264
330
17
100
AcDbEntity
  8
ROADS
100
AcDbPolyline
 90
2
 70
0
 10
622416.9481738526
 20
4840049.526644807
 10
622326.3665490593
 20
4840019.971456262
  0
LWPOLYLINE
  5
265
330
17
100
AcDbEntity
  8
ROADS
100
AcDbPolyline
 90
2
 70
0
 10
622326.3665490593
 20
4840019.971456262
 10
622320.6028967481
 20
4840065.814365936
  0
LWPOLYLINE
  5
266
330
17
100
AcDbEntity
  8
ROADS
100
AcDbPolyline
 90
2
 70
0
 10
622213.1277775868
 20
4840121.475580868
 10
622023.6244060345
 20
4840060.921258824
  0
LWPOLYLINE
  5
267
330
17
100
AcDbEntity
  8
ROADS
100
AcDbPolyline
 90
2
 70
0
 10
622320.6028967481
 20
4840065.814365936
 10
622311.087673954
 20
4840140.862791476
  0
LWPOLYLINE
  5
268
330
17
100
AcDbEntity
  8
ROADS
100
AcDbPolyline
 90
2
 70
0
 10
622311.087673954
 20
4840140.862791476
 10
622213.1277775868
 20
4840121.475580868
  0
LWPOLYLINE
  5
269
330
17
100
AcDbEntity
  8
ROADS
100
AcDbPolyline
 90
4
 70
0
 10
622213.1277775868
 20
4840121.475580868
 10
622194.407982508
 20
4840215.876364838
 10
622000.2075968159
 20
4840154.8699925905
 10
622023.6244060345
 20
4840060.921258824
  0
LWPOLYLINE
  5
26A
330
17
100
AcDbEntity
  8
ROADS
100
AcDbPolyline
 90
2
 70
0
 10
622311.087673954
 20
4840140.862791476
 10
622296.1141959111
 20
4840253.937269942
  0
LWPOLYLINE
  5
26B
330
17
100
AcDbEntity
  8
ROADS
100
AcDbPolyline
 90
2
 70
0
 10
622296.1141959111
 20
4840253.937269942
 10
622384.7704726654
 20
4840268.636974438
  0
LWPOLYLINE
  5
26C
330
17
100
AcDbEntity
  8
ROADS
100
AcDbPolyline
 90
2
 70
0
 10
622296.1141959111
 20
4840253.937269942
 10
622280.6433204606
 20
4840440.650740227
  0
LWPOLYLINE
  5
26D
330
17
100
AcDbEntity
  8
ROADS
100
AcDbPolyline
 90
2
 70
0
 10
622072.0338701869
 20
4840376.127858133
 10
622094.1642498646
 20
4840382.1335394215
  0
LWPOLYLINE
  5
26E
330
17
100
AcDbEntity
  8
ROADS
100
AcDbPolyline
 90
3
 70
0
 10
622707.7713568556
 20
4840154.097244398
 10
622634.3964055352
 20
4840141.958151761
 10
622508.3007564421
 20
4840082.016938382
  0
LWPOLYLINE
  5
26F
330
17
100
AcDbEntity
  8
ROADS
100
AcDbPolyline
 90
2
 70
0
 10
622717.8658470532
 20
4840097.387105711
 10
622707.7713568556
 20
4840154.097244398
  0
LWPOLYLINE
  5
270
330
17
100
AcDbEntity
  8
ROADS
100
AcDbPolyline
 90
2
 70
0
 10
622707.7713568556
 20
4840154.097244398
 10
622700.6509156837
 20
4840186.436998339
  0
LWPOLYLINE
  5
271
330
17
100
AcDbEntity
  8
ROADS
100
AcDbPolyline
 90
3
 70
0
 10
622639.2547274395
 20
4840276.928607015
 10
622595.6105068281
 20
4840239.515164489
 10
622311.087673954
 20
4840140.862791476
  0
LWPOLYLINE
  5
272
330
17
100
AcDbEntity
  8
ROADS
100
AcDbPolyline
 90
4
 70
0
 10
622700.6509156837
 20
4840186.436998339
 10
622967.1760262382
 20
4840262.159759627
 10
622989.9060545622
 20
4840251.442467313
 10
623012.628130908
 20
4840187.937405987
  0
LWPOLYLINE
  5
273
330
17
100
AcDbEntity
  8
ROADS
100
AcDbPolyline
 90
2
 70
0
 10
622700.6509156837
 20
4840186.436998339
 10
622681.6069027476
 20
4840295.327756448
  0
LWPOLYLINE
  5
274
330
17
100
AcDbEntity
  8
ROADS
100
AcDbPolyline
 90
2
 70
0
 10
622681.6069027476
 20
4840295.327756448
 10
622639.2547274395
 20
4840276.928607015
  0
LWPOLYLINE
  5
275
330
17
100
AcDbEntity
  8
ROADS
100
AcDbPolyline
 90
2
 70
0
 10
622639.2547274395
 20
4840276.928607015
 10
622609.8035848248
 20
4840303.222040211
  0
LWPOLYLINE
  5
276
330
17
100
AcDbEntity
  8
ROADS
100
AcDbPolyline
 90
2
 70
0
 10
622681.6069027476
 20
4840295.327756448
 10
622668.7847108312
 20
4840367.101265739
  0
LWPOLYLINE
  5
277
330
17
100
AcDbEntity
  8
ROADS
100
AcDbPolyline
 90
2
 70
0
 10
622668.7847108312
 20
4840367.101265739
 10
623159.0481560898
 20
4840524.3333239425
  0
LWPOLYLINE
  5
278
330
17
100
AcDbEntity
  8
ROADS
100
AcDbPolyline
 90
2
 70
0
 10
622072.0338701869
 20
4840376.127858133
 10
622069.8554358736
 20
4840389.798085529
  0
LWPOLYLINE
  5
279
330
17
100
AcDbEntity
  8
ROADS
100
AcDbPolyline
 90
2
 70
0
 10
622094.1642498646
 20
4840382.1335394215
 10
622149.5149547164
 20
4840396.553665898
  0
LWPOLYLINE
  5
27A
330
17
100
AcDbEntity
  8
ROADS
100
AcDbPolyline
 90
2
 70
0
 10
622069.8554358736
 20
4840389.798085529
 10
622056.4695404391
 20
4840392.908043251
  0
LWPOLYLINE
  5
27B
330
17
100
AcDbEntity
  8
ROADS
100
AcDbPolyline
 90
2
 70
0
 10
622094.1642498646
 20
4840382.1335394215
 10
622080.2109707226
 20
4840418.480792281
  0
LWPOLYLINE
  5
27C
330
17
100
AcDbEntity
  8
ROADS
100
AcDbPolyline
 90
2
 70
0
 10
622069.8554358736
 20
4840389.798085529
 10
622080.2109707226
 20
4840418.480792281
  0
LWPOLYLINE
  5
27D
330
17
100
AcDbEntity
  8
ROADS
100
AcDbPolyline
 90
2
 70
0
 10
622149.5149547164
 20
4840396.553665898
 10
622162.3234773463
 20
4840415.792315605
  0
LWPOLYLINE
  5
27E
330
17
100
AcDbEntity
  8
ROADS
100
AcDbPolyline
 90
2
 70
0
 10
622149.5149547164
 20
4840396.553665898
 10
622280.6433204606
 20
4840440.650740227
  0
LWPOLYLINE
  5
27F
330
17
100
AcDbEntity
  8
ROADS
100
AcDbPolyline
 90
2
 70
0
 10
622080.2109707226
 20
4840418.480792281
 10
622068.9761232857
 20
4840445.138772189
  0
LWPOLYLINE
  5
280
330
17
100
AcDbEntity
  8
ROADS
100
AcDbPolyline
 90
2
 70
0
 10
622280.6433204606
 20
4840440.650740227
 10
622373.2134999166
 20
4840482.503105836
  0
LWPOLYLINE
  5
281
330
17
100
AcDbEntity
  8
ROADS
100
AcDbPolyline
 90
2
 70
0
 10
622280.6433204606
 20
4840440.650740227
 10
622266.0067584808
 20
4840509.5096925935
  0
LWPOLYLINE
  5
282
330
17
100
AcDbEntity
  8
ROADS
100
AcDbPolyline
 90
2
 70
0
 10
621641.5001005596
 20
4840305.704105075
 10
621602.3768502102
 20
4840428.375849234
  0
LWPOLYLINE
  5
283
330
17
100
AcDbEntity
  8
ROADS
100
AcDbPolyline
 90
2
 70
0
 10
622068.9761232857
 20
4840445.138772189
 10
621846.9293595562
 20
4840372.591936399
  0
LWPOLYLINE
  5
284
330
17
100
AcDbEntity
  8
ROADS
100
AcDbPolyline
 90
2
 70
0
 10
621846.9293595562
 20
4840372.591936399
 10
621809.192938781
 20
4840496.268887007
  0
LWPOLYLINE
  5
285
330
17
100
AcDbEntity
  8
ROADS
100
AcDbPolyline
 90
4
 70
0
 10
621797.905418281
 20
4840530.591243127
 10
621721.2331426854
 20
4840503.992774973
 10
621680.3291921471
 20
4840456.575524614
 10
621602.3768502102
 20
4840428.375849234
  0
LWPOLYLINE
  5
286
330
17
100
AcDbEntity
  8
ROADS
100
AcDbPolyline
 90
2
 70
0
 10
621809.192938781
 20
4840496.268887007
 10
621797.905418281
 20
4840530.591243127
  0
LWPOLYLINE
  5
287
330
17
100
AcDbEntity
  8
ROADS
100
AcDbPolyline
 90
3
 70
0
 10
621602.3768502102
 20
4840428.375849234
 10
621595.3913394138
 20
4840484.37500896
 10
621666.4723415963
 20
4840603.106511443
  0
LWPOLYLINE
  5
288
330
17
100
AcDbEntity
  8
ROADS
100
AcDbPolyline
 90
3
 70
0
 10
621975.9892012042
 20
4840605.672851525
 10
621920.9333780508
 20
4840534.22438247
 10
621809.192938781
 20
4840496.268887007
  0
LWPOLYLINE
  5
289
330
17
100
AcDbEntity
  8
ROADS
100
AcDbPolyline
 90
2
 70
0
 10
621797.905418281
 20
4840530.591243127
 10
621773.1502210369
 20
4840583.873794921
  0
LWPOLYLINE
  5
28A
330
17
100
AcDbEntity
  8
ROADS
100
AcDbPolyline
 90
2
 70
0
 10
621975.9892012042
 20
4840605.672851525
 10
622023.5829473715
 20
4840572.648440459
  0
LWPOLYLINE
  5
28B
330
17
100
AcDbEntity
  8
ROADS
100
AcDbPolyline
 90
2
 70
0
 10
621773.1502210369
 20
4840583.873794921
 10
621755.0542775951
 20
4840620.523063542
  0
LWPOLYLINE
  5
28C
330
17
100
AcDbEntity
  8
ROADS
100
AcDbPolyline
 90
3
 70
0
 10
622390.2694949881
 20
4840472.8762398055
 10
622407.926236239
 20
4840434.800878931
 10
622470.7187615201
 20
4840449.916704471
  0
LWPOLYLINE
  5
28D
330
17
100
AcDbEntity
  8
ROADS
100
AcDbPolyline
 90
2
 70
0
 10
622668.7847108312
 20
4840367.101265739
 10
622616.1790238715
 20
4840640.5277595455
  0
LWPOLYLINE
  5
28E
330
17
100
AcDbEntity
  8
ROADS
100
AcDbPolyline
 90
2
 70
0
 10
622616.1790238715
 20
4840640.5277595455
 10
622266.0067584808
 20
4840509.5096925935
  0
LWPOLYLINE
  5
28F
330
17
100
AcDbEntity
  8
ROADS
100
AcDbPolyline
 90
2
 70
0
 10
622616.1790238715
 20
4840640.5277595455
 10
622596.6355895632
 20
4840747.11131878
  0
LWPOLYLINE
  5
290
330
17
100
AcDbEntity
  8
ROADS
100
AcDbPolyline
 90
3
 70
0
 10
622898.954895105
 20
4840764.879303042
 10
622732.0110692165
 20
4840710.25397481
 10
622616.1790238715
 20
4840640.5277595455
  0
LWPOLYLINE
  5
291
330
17
100
AcDbEntity
  8
ROADS
100
AcDbPolyline
 90
3
 70
0
 10
622596.6355895632
 20
4840747.11131878
 10
622531.4081790979
 20
4840748.1201548185
 10
622469.4524053053
 20
4840779.168632038
  0
LWPOLYLINE
  5
292
330
17
100
AcDbEntity
  8
ROADS
100
AcDbPolyline
 90
2
 70
0
 10
622689.8705029874
 20
4840792.188492155
 10
622596.6355895632
 20
4840747.11131878
  0
LWPOLYLINE
  5
293
330
17
100
AcDbEntity
  8
ROADS
100
AcDbPolyline
 90
2
 70
0
 10
622898.954895105
 20
4840764.879303042
 10
622881.7885836533
 20
4840856.0401966525
  0
LWPOLYLINE
  5
294
330
17
100
AcDbEntity
  8
ROADS
100
AcDbPolyline
 90
2
 70
0
 10
622881.7885836533
 20
4840856.0401966525
 10
622689.8705029874
 20
4840792.188492155
  0
LWPOLYLINE
  5
295
330
17
100
AcDbEntity
  8
ROADS
100
AcDbPolyline
 90
2
 70
0
 10
622596.6355895632
 20
4840747.11131878
 10
622564.6268557749
 20
4840920.161534779
  0
LWPOLYLINE
  5
296
330
17
100
AcDbEntity
  8
ROADS
100
AcDbPolyline
 90
2
 70
0
 10
622266.0067584808
 20
4840509.5096925935
 10
622068.9761232857
 20
4840445.138772189
  0
LWPOLYLINE
  5
297
330
17
100
AcDbEntity
  8
ROADS
100
AcDbPolyline
 90
2
 70
0
 10
622373.2134999166
 20
4840482.503105836
 10
622390.2694949881
 20
4840472.8762398055
  0
LWPOLYLINE
  5
298
330
17
100
AcDbEntity
  8
ROADS
100
AcDbPolyline
 90
3
 70
0
 10
622373.2134999166
 20
4840482.503105836
 10
622385.3774102246
 20
4840489.67003086
 10
622390.2694949881
 20
4840472.8762398055
  0
LWPOLYLINE
  5
299
330
17
100
AcDbEntity
  8
ROADS
100
AcDbPolyline
 90
2
 70
0
 10
622266.0067584808
 20
4840509.5096925935
 10
622226.0741086686
 20
4840622.742551337
  0
LWPOLYLINE
  5
29A
330
17
100
AcDbEntity
  8
ROADS
100
AcDbPolyline
 90
3
 70
0
 10
622226.0741086686
 20
4840622.742551337
 10
622118.7994902183
 20
4840593.591209685
 10
622083.4013275971
 20
4840685.309044381
  0
LWPOLYLINE
  5
29B
330
17
100
AcDbEntity
  8
ROADS
100
AcDbPolyline
 90
3
 70
0
 10
622083.4013275971
 20
4840685.309044381
 10
622013.0366583776
 20
4840658.745648149
 10
621975.9892012042
 20
4840605.672851525
  0
LWPOLYLINE
  5
29C
330
17
100
AcDbEntity
  8
ROADS
100
AcDbPolyline
 90
3
 70
0
 10
622306.5205706889
 20
4840758.500572077
 10
622337.4558403486
 20
4840663.34076948
 10
622226.0741086686
 20
4840622.742551337
  0
LWPOLYLINE
  5
29D
330
17
100
AcDbEntity
  8
ROADS
100
AcDbPolyline
 90
2
 70
0
 10
622306.5205706889
 20
4840758.500572077
 10
622083.4013275971
 20
4840685.309044381
  0
LWPOLYLINE
  5
29E
330
17
100
AcDbEntity
  8
ROADS
100
AcDbPolyline
 90
3
 70
0
 10
622469.4524053053
 20
4840779.168632038
 10
622396.2046668516
 20
4840784.486548245
 10
622306.5205706889
 20
4840758.500572077
  0
LWPOLYLINE
  5
29F
330
17
100
AcDbEntity
  8
ROADS
100
AcDbPolyline
 90
2
 70
0
 10
622306.5205706889
 20
4840758.500572077
 10
622278.0864935202
 20
4840851.278501273
  0
LWPOLYLINE
  5
2A0
330
17
100
AcDbEntity
  8
ROADS
100
AcDbPolyline
 90
2
 70
0
 10
621558.7545761846
 20
4840718.553768434
 10
621547.9033981541
 20
4840715.368858206
  0
LWPOLYLINE
  5
2A1
330
17
100
AcDbEntity
  8
ROADS
100
AcDbPolyline
 90
2
 70
0
 10
621755.0542775951
 20
4840620.523063542
 10
621666.4723415963
 20
4840603.106511443
  0
LWPOLYLINE
  5
2A2
330
17
100
AcDbEntity
  8
ROADS
100
AcDbPolyline
 90
2
 70
0
 10
621666.4723415963
 20
4840603.106511443
 10
621645.7511812556
 20
4840625.612622083
  0
LWPOLYLINE
  5
2A3
330
17
100
AcDbEntity
  8
ROADS
100
AcDbPolyline
 90
2
 70
0
 10
621645.7511812556
 20
4840625.612622083
 10
621610.0114843331
 20
4840656.732383383
  0
LWPOLYLINE
  5
2A4
330
17
100
AcDbEntity
  8
ROADS
100
AcDbPolyline
 90
2
 70
0
 10
621645.7511812556
 20
4840625.612622083
 10
621633.3846384172
 20
4840663.967617899
  0
LWPOLYLINE
  5
2A5
330
17
100
AcDbEntity
  8
ROADS
100
AcDbPolyline
 90
2
 70
0
 10
621755.0542775951
 20
4840620.523063542
 10
621728.1125814468
 20
4840675.7061276445
  0
LWPOLYLINE
  5
2A6
330
17
100
AcDbEntity
  8
ROADS
100
AcDbPolyline
 90
2
 70
0
 10
621610.0114843331
 20
4840656.732383383
 10
621580.3519079608
 20
4840647.34930834
  0
LWPOLYLINE
  5
2A7
330
17
100
AcDbEntity
  8
ROADS
100
AcDbPolyline
 90
2
 70
0
 10
621633.3846384172
 20
4840663.967617899
 10
621610.0114843331
 20
4840656.732383383
  0
LWPOLYLINE
  5
2A8
330
17
100
AcDbEntity
  8
ROADS
100
AcDbPolyline
 90
3
 70
0
 10
621773.1502210369
 20
4840583.873794921
 10
621868.3791337078
 20
4840618.001387554
 10
621948.5971799828
 20
4840744.823715225
  0
LWPOLYLINE
  5
2A9
330
17
100
AcDbEntity
  8
ROADS
100
AcDbPolyline
 90
2
 70
0
 10
621610.0114843331
 20
4840656.732383383
 10
621558.7545761846
 20
4840718.553768434
  0
LWPOLYLINE
  5
2AA
330
17
100
AcDbEntity
  8
ROADS
100
AcDbPolyline
 90
2
 70
0
 10
621633.3846384172
 20
4840663.967617899
 10
621610.363344411
 20
4840734.392287818
  0
LWPOLYLINE
  5
2AB
330
17
100
AcDbEntity
  8
ROADS
100
AcDbPolyline
 90
2
 70
0
 10
621728.1125814468
 20
4840675.7061276445
 10
621948.5971799828
 20
4840744.823715225
  0
LWPOLYLINE
  5
2AC
330
17
100
AcDbEntity
  8
ROADS
100
AcDbPolyline
 90
2
 70
0
 10
621728.1125814468
 20
4840675.7061276445
 10
621693.0997692669
 20
4840762.045572943
  0
LWPOLYLINE
  5
2AD
330
17
100
AcDbEntity
  8
ROADS
100
AcDbPolyline
 90
2
 70
0
 10
621610.363344411
 20
4840734.392287818
 10
621558.7545761846
 20
4840718.553768434
  0
LWPOLYLINE
  5
2AE
330
17
100
AcDbEntity
  8
ROADS
100
AcDbPolyline
 90
2
 70
0
 10
621693.0997692669
 20
4840762.045572943
 10
621610.363344411
 20
4840734.392287818
  0
LWPOLYLINE
  5
2AF
330
17
100
AcDbEntity
  8
ROADS
100
AcDbPolyline
 90
2
 70
0
 10
621693.0997692669
 20
4840762.045572943
 10
621676.8667243555
 20
4840854.413080635
  0
LWPOLYLINE
  5
2B0
330
17
100
AcDbEntity
  8
ROADS
100
AcDbPolyline
 90
2
 70
0
 10
622031.5025244032
 20
4840871.579725349
 10
621693.0997692669
 20
4840762.045572943
  0
LWPOLYLINE
  5
2B1
330
17
100
AcDbEntity
  8
ROADS
100
AcDbPolyline
 90
3
 70
0
 10
621563.4142744587
 20
4840821.461008128
 10
621567.8446021107
 20
4840820.9298928855
 10
621676.8667243555
 20
4840854.413080635
  0
LWPOLYLINE
  5
2B2
330
17
100
AcDbEntity
  8
ROADS
100
AcDbPolyline
 90
2
 70
0
 10
621676.8667243555
 20
4840854.413080635
 10
621872.8336941466
 20
4840919.79597182
  0
LWPOLYLINE
  5
2B3
330
17
100
AcDbEntity
  8
ROADS
100
AcDbPolyline
 90
2
 70
0
 10
621676.8667243555
 20
4840854.413080635
 10
621661.3296417862
 20
4840943.550025213
  0
LWPOLYLINE
  5
2B4
330
17
100
AcDbEntity
  8
ROADS
100
AcDbPolyline
 90
3
 70
0
 10
621872.8336941466
 20
4840919.79597182
 10
622003.768737409
 20
4840960.419056558
 10
622031.5025244032
 20
4840871.579725349
  0
LWPOLYLINE
  5
2B5
330
17
100
AcDbEntity
  8
ROADS
100
AcDbPolyline
 90
3
 70
0
 10
621948.5971799828
 20
4840744.823715225
 10
622146.1853521599
 20
4840812.586038461
 10
622125.9355808042
 20
4840900.28376895
  0
LWPOLYLINE
  5
2B6
330
17
100
AcDbEntity
  8
ROADS
100
AcDbPolyline
 90
4
 70
0
 10
622469.4524053053
 20
4840779.168632038
 10
622478.6462096584
 20
4840831.707513462
 10
622459.8811540124
 20
4840906.325565808
 10
622278.0864935202
 20
4840851.278501273
  0
LWPOLYLINE
  5
2B7
330
17
100
AcDbEntity
  8
ROADS
100
AcDbPolyline
 90
2
 70
0
 10
622125.9355808042
 20
4840900.28376895
 10
622031.5025244032
 20
4840871.579725349
  0
LWPOLYLINE
  5
2B8
330
17
100
AcDbEntity
  8
ROADS
100
AcDbPolyline
 90
2
 70
0
 10
622278.0864935202
 20
4840851.278501273
 10
622246.8241279613
 20
4840939.145005865
  0
LWPOLYLINE
  5
2B9
330
17
100
AcDbEntity
  8
ROADS
100
AcDbPolyline
 90
2
 70
0
 10
622246.8241279613
 20
4840939.145005865
 10
622125.9355808042
 20
4840900.28376895
  0
LWPOLYLINE
  5
2BA
330
17
100
AcDbEntity
  8
ROADS
100
AcDbPolyline
 90
2
 70
0
 10
622544.8942965174
 20
4841035.368057753
 10
622246.8241279613
 20
4840939.145005865
  0
LWPOLYLINE
  5
2BB
330
17
100
AcDbEntity
  8
ROADS
100
AcDbPolyline
 90
7
 70
0
 10
621901.7922407736
 20
4840958.691764526
 10
621999.5165351701
 20
4841029.003320182
 10
622286.367338401
 20
4841073.42090602
 10
622334.6990072895
 20
4841119.601662166
 10
622338.3308030679
 20
4841159.3572774455
 10
622451.200804016
 20
4841201.932712891
 10
622437.502086811
 20
4841292.56718689
  0
LWPOLYLINE
  5
2BC
330
17
100
AcDbEntity
  8
ROADS
100
AcDbPolyline
 90
2
 70
0
 10
622263.8765242291
 20
4841236.821704901
 10
622392.3541038146
 20
4841278.133522489
  0
LWPOLYLINE
  5
2BD
330
17
100
AcDbEntity
  8
ROADS
100
AcDbPolyline
 90
3
 70
0
 10
622263.8765242291
 20
4841236.821704901
 10
622251.4805975526
 20
4841299.950395308
 10
622282.5619529987
 20
4841313.717482335
  0
LWPOLYLINE
  5
2BE
330
17
100
AcDbEntity
  8
ROADS
100
AcDbPolyline
 90
2
 70
0
 10
622392.3541038146
 20
4841278.133522489
 10
622437.502086811
 20
4841292.56718689
  0
LWPOLYLINE
  5
2BF
330
17
100
AcDbEntity
  8
ROADS
100
AcDbPolyline
 90
2
 70
0
 10
622689.8705029874
 20
4840792.188492155
 10
622658.0892380377
 20
4840959.574592558
  0
LWPOLYLINE
  5
2C0
330
17
100
AcDbEntity
  8
ROADS
100
AcDbPolyline
 90
2
 70
0
 10
622658.0892380377
 20
4840959.574592558
 10
622564.6268557749
 20
4840920.161534779
  0
LWPOLYLINE
  5
2C1
330
17
100
AcDbEntity
  8
ROADS
100
AcDbPolyline
 90
2
 70
0
 10
622881.7885836533
 20
4840856.0401966525
 10
622848.8554795992
 20
4841042.367478343
  0
LWPOLYLINE
  5
2C2
330
17
100
AcDbEntity
  8
ROADS
100
AcDbPolyline
 90
2
 70
0
 10
622564.6268557749
 20
4840920.161534779
 10
622547.9514798468
 20
4841017.515513079
  0
LWPOLYLINE
  5
2C3
330
17
100
AcDbEntity
  8
ROADS
100
AcDbPolyline
 90
2
 70
0
 10
622848.8554795992
 20
4841042.367478343
 10
622658.0892380377
 20
4840959.574592558
  0
LWPOLYLINE
  5
2C4
330
17
100
AcDbEntity
  8
ROADS
100
AcDbPolyline
 90
2
 70
0
 10
622547.9514798468
 20
4841017.515513079
 10
622544.8942965174
 20
4841035.368057753
  0
LWPOLYLINE
  5
2C5
330
17
100
AcDbEntity
  8
ROADS
100
AcDbPolyline
 90
2
 70
0
 10
622944.7674645868
 20
4841054.4015707895
 10
622848.8554795992
 20
4841042.367478343
  0
LWPOLYLINE
  5
2C6
330
17
100
AcDbEntity
  8
ROADS
100
AcDbPolyline
 90
5
 70
0
 10
622547.9514798468
 20
4841017.515513079
 10
622576.569156301
 20
4841047.618797492
 10
622578.3945864193
 20
4841094.851116817
 10
622602.8692467691
 20
4841114.056914125
 10
622877.740629679
 20
4841208.672352768
  0
LWPOLYLINE
  5
2C7
330
17
100
AcDbEntity
  8
ROADS
100
AcDbPolyline
 90
2
 70
0
 10
622544.8942965174
 20
4841035.368057753
 10
622493.4928938935
 20
4841323.065835816
  0
LWPOLYLINE
  5
2C8
330
17
100
AcDbEntity
  8
ROADS
100
AcDbPolyline
 90
3
 70
0
 10
622510.1301594648
 20
4841332.54535351
 10
622530.8718695999
 20
4841240.549240516
 10
622718.0636703293
 20
4841298.757373686
  0
LWPOLYLINE
  5
2C9
330
17
100
AcDbEntity
  8
ROADS
100
AcDbPolyline
 90
2
 70
0
 10
621872.8336941466
 20
4840919.79597182
 10
621901.7922407736
 20
4840958.691764526
  0
LWPOLYLINE
  5
2CA
330
17
100
AcDbEntity
  8
ROADS
100
AcDbPolyline
 90
3
 70
0
 10
621661.3296417862
 20
4840943.550025213
 10
621852.7705645675
 20
4840982.201831128
 10
621901.7922407736
 20
4840958.691764526
  0
LWPOLYLINE
  5
2CB
330
17
100
AcDbEntity
  8
ROADS
100
AcDbPolyline
 90
2
 70
0
 10
621661.3296417862
 20
4840943.550025213
 10
621634.3472960608
 20
4841033.831915464
  0
LWPOLYLINE
  5
2CC
330
17
100
AcDbEntity
  8
ROADS
100
AcDbPolyline
 90
2
 70
0
 10
621625.2418611062
 20
4841030.820561777
 10
621634.3472960608
 20
4841033.831915464
  0
LWPOLYLINE
  5
2CD
330
17
100
AcDbEntity
  8
ROADS
100
AcDbPolyline
 90
2
 70
0
 10
621634.3472960608
 20
4841033.831915464
 10
621710.9947826357
 20
4841057.817930238
  0
LWPOLYLINE
  5
2CE
330
17
100
AcDbEntity
  8
ROADS
100
AcDbPolyline
 90
2
 70
0
 10
621634.3472960608
 20
4841033.831915464
 10
621631.6315475844
 20
4841047.249312502
  0
LWPOLYLINE
  5
2CF
330
17
100
AcDbEntity
  8
ROADS
100
AcDbPolyline
 90
4
 70
0
 10
621710.9947826357
 20
4841057.817930238
 10
621700.2575431261
 20
4841132.0790468035
 10
621711.4380907922
 20
4841155.398428808
 10
621928.9405651235
 20
4841231.914711342
  0
LWPOLYLINE
  5
2D0
330
17
100
AcDbEntity
  8
ROADS
100
AcDbPolyline
 90
2
 70
0
 10
621710.9947826357
 20
4841057.817930238
 10
622263.8765242291
 20
4841236.821704901
  0
LWPOLYLINE
  5
2D1
330
17
100
AcDbEntity
  8
ROADS
100
AcDbPolyline
 90
2
 70
0
 10
621866.4345246445
 20
4841309.124224946
 10
621773.0640186736
 20
4841278.906244356
  0
LWPOLYLINE
  5
2D2
330
17
100
AcDbEntity
  8
ROADS
100
AcDbPolyline
 90
2
 70
0
 10
623168.7448509436
 20
4840954.52536045
 10
623152.043335692
 20
4841048.955892993
  0
LWPOLYLINE
  5
2D3
330
17
100
AcDbEntity
  8
ROADS
100
AcDbPolyline
 90
2
 70
0
 10
623152.043335692
 20
4841048.955892993
 10
622952.1802739218
 20
4841011.712587512
  0
LWPOLYLINE
  5
2D4
330
17
100
AcDbEntity
  8
ROADS
100
AcDbPolyline
 90
2
 70
0
 10
622952.1802739218
 20
4841011.712587512
 10
622944.7674645868
 20
4841054.4015707895
  0
LWPOLYLINE
  5
2D5
330
17
100
AcDbEntity
  8
ROADS
100
AcDbPolyline
 90
2
 70
0
 10
622959.4781329191
 20
4841062.805172764
 10
622944.7674645868
 20
4841054.4015707895
  0
LWPOLYLINE
  5
2D6
330
17
100
AcDbEntity
  8
ROADS
100
AcDbPolyline
 90
2
 70
0
 10
623152.043335692
 20
4841048.955892993
 10
623131.8441542432
 20
4841150.817498819
  0
LWPOLYLINE
  5
2D7
330
17
100
AcDbEntity
  8
ROADS
100
AcDbPolyline
 90
3
 70
0
 10
623131.8441542432
 20
4841150.817498819
 10
623050.5779970182
 20
4841123.798641456
 10
622959.4781329191
 20
4841062.805172764
  0
LWPOLYLINE
  5
2D8
330
17
100
AcDbEntity
  8
ROADS
100
AcDbPolyline
 90
3
 70
0
 10
622959.4781329191
 20
4841062.805172764
 10
622932.8650533617
 20
4841173.265085322
 10
622877.740629679
 20
4841208.672352768
  0
LWPOLYLINE
  5
2D9
330
17
100
AcDbEntity
  8
ROADS
100
AcDbPolyline
 90
2
 70
0
 10
623131.8441542432
 20
4841150.817498819
 10
623144.551217302
 20
4841325.259680882
  0
LWPOLYLINE
  5
2DA
330
17
100
AcDbEntity
  8
ROADS
100
AcDbPolyline
 90
3
 70
0
 10
623144.551217302
 20
4841325.259680882
 10
623079.2444318372
 20
4841327.885552786
 10
623031.046472642
 20
4841294.758735651
  0
LWPOLYLINE
  5
2DB
330
17
100
AcDbEntity
  8
ROADS
100
AcDbPolyline
 90
2
 70
0
 10
623144.551217302
 20
4841325.259680882
 10
623150.626865068
 20
4841361.326932348
  0
LWPOLYLINE
  5
2DC
330
17
100
AcDbEntity
  8
ROADS
100
AcDbPolyline
 90
3
 70
0
 10
622877.740629679
 20
4841208.672352768
 10
622930.3004836709
 20
4841323.2181036845
 10
622942.3285833269
 20
4841387.017919743
  0
LWPOLYLINE
  5
2DD
330
17
100
AcDbEntity
  8
ROADS
100
AcDbPolyline
 90
2
 70
0
 10
622437.502086811
 20
4841292.56718689
 10
622493.4928938935
 20
4841323.065835816
  0
LWPOLYLINE
  5
2DE
330
17
100
AcDbEntity
  8
ROADS
100
AcDbPolyline
 90
2
 70
0
 10
622493.4928938935
 20
4841323.065835816
 10
622510.1301594648
 20
4841332.54535351
  0
LWPOLYLINE
  5
2DF
330
17
100
AcDbEntity
  8
ROADS
100
AcDbPolyline
 90
2
 70
0
 10
622718.0636703293
 20
4841298.757373686
 10
622700.0103867541
 20
4841396.814479771
  0
LWPOLYLINE
  5
2E0
330
17
100
AcDbEntity
  8
ROADS
100
AcDbPolyline
 90
2
 70
0
 10
622510.1301594648
 20
4841332.54535351
 10
622599.8086450769
 20
4841363.815653257
  0
LWPOLYLINE
  5
2E1
330
17
100
AcDbEntity
  8
ROADS
100
AcDbPolyline
 90
3
 70
0
 10
622718.0636703293
 20
4841298.757373686
 10
622803.262734897
 20
4841332.086726368
 10
622791.2511287796
 20
4841428.76811742
  0
LWPOLYLINE
  5
2E2
330
17
100
AcDbEntity
  8
ROADS
100
AcDbPolyline
 90
2
 70
0
 10
622599.8086450769
 20
4841363.815653257
 10
622700.0103867541
 20
4841396.814479771
  0
LWPOLYLINE
  5
2E3
330
17
100
AcDbEntity
  8
ROADS
100
AcDbPolyline
 90
3
 70
0
 10
622791.2511287796
 20
4841428.76811742
 10
622887.1282089687
 20
4841387.385048508
 10
622942.3285833269
 20
4841387.017919743
  0
LWPOLYLINE
  5
2E4
330
17
100
AcDbEntity
  8
ROADS
100
AcDbPolyline
 90
2
 70
0
 10
622700.0103867541
 20
4841396.814479771
 10
622791.2511287796
 20
4841428.76811742
  0
LWPOLYLINE
  5
2E5
330
17
100
AcDbEntity
  8
ROADS
100
AcDbPolyline
 90
2
 70
0
 10
622791.2511287796
 20
4841428.76811742
 10
622794.5321131486
 20
4841464.504244846
  0
LWPOLYLINE
  5
2E6
330
17
100
AcDbEntity
  8
ROADS
100
AcDbPolyline
 90
3
 70
0
 10
622035.4706819699
 20
4841363.044548313
 10
622019.7850356019
 20
4841270.254362631
 10
622097.0063940831
 20
4841288.0635514455
  0
LWPOLYLINE
  5
2E7
330
17
100
AcDbEntity
  8
ROADS
100
AcDbPolyline
 90
2
 70
0
 10
622392.3541038146
 20
4841278.133522489
 10
622355.6792505829
 20
4841441.824702126
  0
LWPOLYLINE
  5
2E8
330
17
100
AcDbEntity
  8
ROADS
100
AcDbPolyline
 90
3
 70
0
 10
622208.0356169387
 20
4841424.064116987
 10
622207.1134839009
 20
4841379.749331032
 10
622162.7112862852
 20
4841337.368839628
  0
LWPOLYLINE
  5
2E9
330
17
100
AcDbEntity
  8
ROADS
100
AcDbPolyline
 90
2
 70
0
 10
622110.6007678518
 20
4841418.772701522
 10
622035.4706819699
 20
4841363.044548313
  0
LWPOLYLINE
  5
2EA
330
17
100
AcDbEntity
  8
ROADS
100
AcDbPolyline
 90
2
 70
0
 10
622208.0356169387
 20
4841424.064116987
 10
622110.6007678518
 20
4841418.772701522
  0
LWPOLYLINE
  5
2EB
330
17
100
AcDbEntity
  8
ROADS
100
AcDbPolyline
 90
2
 70
0
 10
622295.5409126502
 20
4841426.6537225265
 10
622208.0356169387
 20
4841424.064116987
  0
LWPOLYLINE
  5
2EC
330
17
100
AcDbEntity
  8
ROADS
100
AcDbPolyline
 90
2
 70
0
 10
622355.6792505829
 20
4841441.824702126
 10
622295.5409126502
 20
4841426.6537225265
  0
LWPOLYLINE
  5
2ED
330
17
100
AcDbEntity
  8
ROADS
100
AcDbPolyline
 90
2
 70
0
 10
622110.6007678518
 20
4841418.772701522
 10
622080.0552318923
 20
4841508.577174857
  0
LWPOLYLINE
  5
2EE
330
17
100
AcDbEntity
  8
ROADS
100
AcDbPolyline
 90
2
 70
0
 10
621963.8519852769
 20
4841472.149649013
 10
622080.0552318923
 20
4841508.577174857
  0
LWPOLYLINE
  5
2EF
330
17
100
AcDbEntity
  8
ROADS
100
AcDbPolyline
 90
2
 70
0
 10
622295.5409126502
 20
4841426.6537225265
 10
622254.9285321434
 20
4841564.664364769
  0
LWPOLYLINE
  5
2F0
330
17
100
AcDbEntity
  8
ROADS
100
AcDbPolyline
 90
2
 70
0
 10
622035.4706819699
 20
4841363.044548313
 10
621866.4345246445
 20
4841309.124224946
  0
LWPOLYLINE
  5
2F1
330
17
100
AcDbEntity
  8
ROADS
100
AcDbPolyline
 90
2
 70
0
 10
621866.4345246445
 20
4841309.124224946
 10
621844.8607741025
 20
4841376.983560941
  0
LWPOLYLINE
  5
2F2
330
17
100
AcDbEntity
  8
ROADS
100
AcDbPolyline
 90
2
 70
0
 10
621920.3459473626
 20
4841458.647816531
 10
621963.8519852769
 20
4841472.149649013
  0
LWPOLYLINE
  5
2F3
330
17
100
AcDbEntity
  8
ROADS
100
AcDbPolyline
 90
2
 70
0
 10
621963.8519852769
 20
4841472.149649013
 10
621957.4172947106
 20
4841492.996581556
  0
LWPOLYLINE
  5
2F4
330
17
100
AcDbEntity
  8
ROADS
100
AcDbPolyline
 90
2
 70
0
 10
622493.4928938935
 20
4841323.065835816
 10
622431.2497819661
 20
4841660.3837185195
  0
LWPOLYLINE
  5
2F5
330
17
100
AcDbEntity
  8
ROADS
100
AcDbPolyline
 90
2
 70
0
 10
622864.1124525697
 20
4841523.914296633
 10
622898.5591373465
 20
4841460.199498141
  0
LWPOLYLINE
  5
2F6
330
17
100
AcDbEntity
  8
ROADS
100
AcDbPolyline
 90
2
 70
0
 10
622794.5321131486
 20
4841464.504244846
 10
622864.1124525697
 20
4841523.914296633
  0
LWPOLYLINE
  5
2F7
330
17
100
AcDbEntity
  8
ROADS
100
AcDbPolyline
 90
2
 70
0
 10
622794.5321131486
 20
4841464.504244846
 10
622770.0937090166
 20
4841577.57855529
  0
LWPOLYLINE
  5
2F8
330
17
100
AcDbEntity
  8
ROADS
100
AcDbPolyline
 90
2
 70
0
 10
622599.8086450769
 20
4841363.815653257
 10
622535.6481977609
 20
4841716.947703588
  0
LWPOLYLINE
  5
2F9
330
17
100
AcDbEntity
  8
ROADS
100
AcDbPolyline
 90
2
 70
0
 10
622700.0103867541
 20
4841396.814479771
 10
622634.1708142245
 20
4841751.714329191
  0
LWPOLYLINE
  5
2FA
330
17
100
AcDbEntity
  8
ROADS
100
AcDbPolyline
 90
3
 70
0
 10
622864.1124525697
 20
4841523.914296633
 10
622881.1300978006
 20
4841556.141841217
 10
622852.5967832241
 20
4841709.316048131
  0
LWPOLYLINE
  5
2FB
330
17
100
AcDbEntity
  8
ROADS
100
AcDbPolyline
 90
2
 70
0
 10
622431.2497819661
 20
4841660.3837185195
 10
622535.6481977609
 20
4841716.947703588
  0
LWPOLYLINE
  5
2FC
330
17
100
AcDbEntity
  8
ROADS
100
AcDbPolyline
 90
2
 70
0
 10
622852.5967832241
 20
4841709.316048131
 10
622944.2966456776
 20
4841728.859478118
  0
LWPOLYLINE
  5
2FD
330
17
100
AcDbEntity
  8
ROADS
100
AcDbPolyline
 90
2
 70
0
 10
622535.6481977609
 20
4841716.947703588
 10
622634.1708142245
 20
4841751.714329191
  0
LWPOLYLINE
  5
2FE
330
17
100
AcDbEntity
  8
ROADS
100
AcDbPolyline
 90
3
 70
0
 10
622355.6792505829
 20
4841441.824702126
 10
622361.6969086338
 20
4841504.580598808
 10
622344.6843807519
 20
4841609.282742153
  0
LWPOLYLINE
  5
2FF
330
17
100
AcDbEntity
  8
ROADS
100
AcDbPolyline
 90
2
 70
0
 10
622080.0552318923
 20
4841508.577174857
 10
622254.9285321434
 20
4841564.664364769
  0
LWPOLYLINE
  5
300
330
17
100
AcDbEntity
  8
ROADS
100
AcDbPolyline
 90
2
 70
0
 10
622254.9285321434
 20
4841564.664364769
 10
622344.6843807519
 20
4841609.282742153
  0
LWPOLYLINE
  5
301
330
17
100
AcDbEntity
  8
ROADS
100
AcDbPolyline
 90
2
 70
0
 10
622344.6843807519
 20
4841609.282742153
 10
622431.2497819661
 20
4841660.3837185195
  0
LWPOLYLINE
  5
302
330
17
100
AcDbEntity
  8
ROADS
100
AcDbPolyline
 90
2
 70
0
 10
622344.6843807519
 20
4841609.282742153
 10
622322.5385653126
 20
4841703.606412153
  0
LWPOLYLINE
  5
303
330
17
100
AcDbEntity
  8
ROADS
100
AcDbPolyline
 90
2
 70
0
 10
622431.2497819661
 20
4841660.3837185195
 10
622418.1659863214
 20
4841731.725281481
  0
LWPOLYLINE
  5
304
330
17
100
AcDbEntity
  8
ROADS
100
AcDbPolyline
 90
2
 70
0
 10
622852.5967832241
 20
4841709.316048131
 10
622834.8521808776
 20
4841813.980787573
  0
LWPOLYLINE
  5
305
330
17
100
AcDbEntity
  8
ROADS
100
AcDbPolyline
 90
2
 70
0
 10
622634.1708142245
 20
4841751.714329191
 10
622661.21612184
 20
4841760.563864976
  0
LWPOLYLINE
  5
306
330
17
100
AcDbEntity
  8
ROADS
100
AcDbPolyline
 90
2
 70
0
 10
622535.6481977609
 20
4841716.947703588
 10
622529.0051594917
 20
4841751.977179821
  0
LWPOLYLINE
  5
307
330
17
100
AcDbEntity
  8
ROADS
100
AcDbPolyline
 90
2
 70
0
 10
622634.1708142245
 20
4841751.714329191
 10
622632.7258284194
 20
4841759.469139902
  0
LWPOLYLINE
  5
308
330
17
100
AcDbEntity
  8
ROADS
100
AcDbPolyline
 90
2
 70
0
 10
623556.0209964548
 20
4840860.49105693
 10
623545.465007279
 20
4840915.726890602
  0
LWPOLYLINE
  5
309
330
17
100
AcDbEntity
  8
ROADS
100
AcDbPolyline
 90
2
 70
0
 10
623863.7123507448
 20
4840790.83181188
 10
623808.8700068598
 20
4841061.109584557
  0
LWPOLYLINE
  5
30A
330
17
100
AcDbEntity
  8
ROADS
100
AcDbPolyline
 90
2
 70
0
 10
623545.465007279
 20
4840915.726890602
 10
623534.4840742733
 20
4840971.400054287
  0
LWPOLYLINE
  5
30B
330
17
100
AcDbEntity
  8
ROADS
100
AcDbPolyline
 90
2
 70
0
 10
623534.4840742733
 20
4840971.400054287
 10
623521.4721196421
 20
4841056.855990593
  0
LWPOLYLINE
  5
30C
330
17
100
AcDbEntity
  8
ROADS
100
AcDbPolyline
 90
2
 70
0
 10
623808.8700068598
 20
4841061.109584557
 10
623534.4840742733
 20
4840971.400054287
  0
LWPOLYLINE
  5
30D
330
17
100
AcDbEntity
  8
ROADS
100
AcDbPolyline
 90
2
 70
0
 10
623899.2623817415
 20
4841090.971770048
 10
623808.8700068598
 20
4841061.109584557
  0
LWPOLYLINE
  5
30E
330
17
100
AcDbEntity
  8
ROADS
100
AcDbPolyline
 90
2
 70
0
 10
623521.4721196421
 20
4841056.855990593
 10
623444.4017562323
 20
4841442.726121352
  0
LWPOLYLINE
  5
30F
330
17
100
AcDbEntity
  8
ROADS
100
AcDbPolyline
 90
2
 70
0
 10
623444.4017562323
 20
4841442.726121352
 10
623645.0256873845
 20
4841508.230961491
  0
LWPOLYLINE
  5
310
330
17
100
AcDbEntity
  8
ROADS
100
AcDbPolyline
 90
2
 70
0
 10
623842.6822391285
 20
4841585.137775261
 10
623790.214326094
 20
4841747.093267833
  0
LWPOLYLINE
  5
311
330
17
100
AcDbEntity
  8
ROADS
100
AcDbPolyline
 90
2
 70
0
 10
623741.148797257
 20
4841776.489841234
 10
623397.6556033203
 20
4841664.141484365
  0
LWPOLYLINE
  5
312
330
17
100
AcDbEntity
  8
ROADS
100
AcDbPolyline
 90
2
 70
0
 10
624221.0740625375
 20
4841196.994094282
 10
624179.6656568298
 20
4841184.176560483
  0
LWPOLYLINE
  5
313
330
17
100
AcDbEntity
  8
ROADS
100
AcDbPolyline
 90
3
 70
0
 10
622942.3285833269
 20
4841387.017919743
 10
623049.1617488246
 20
4841411.396355931
 10
623150.626865068
 20
4841361.326932348
  0
LWPOLYLINE
  5
314
330
17
100
AcDbEntity
  8
ROADS
100
AcDbPolyline
 90
4
 70
0
 10
623150.626865068
 20
4841361.326932348
 10
623169.4934275501
 20
4841423.904477593
 10
623156.3276220218
 20
4841517.800945029
 10
623079.473143546
 20
4841515.79108001
  0
LWPOLYLINE
  5
315
330
17
100
AcDbEntity
  8
ROADS
100
AcDbPolyline
 90
2
 70
0
 10
623444.4017562323
 20
4841442.726121352
 10
623397.6556033203
 20
4841664.141484365
  0
LWPOLYLINE
  5
316
330
17
100
AcDbEntity
  8
ROADS
100
AcDbPolyline
 90
8
 70
0
 10
622942.3285833269
 20
4841387.017919743
 10
622974.3856402781
 20
4841438.2195567535
 10
622954.5425511216
 20
4841508.019941005
 10
623001.2271196772
 20
4841581.723413422
 10
623026.2978514032
 20
4841657.07085377
 10
623049.707233894
 20
4841667.945024058
 10
623027.7739315084
 20
4841762.172802424
 10
623033.5942116238
 20
4841803.230177502
  0
LWPOLYLINE
  5
317
330
17
100
AcDbEntity
  8
ROADS
100
AcDbPolyline
 90
2
 70
0
 10
623397.6556033203
 20
4841664.141484365
 10
623353.634348776
 20
4841865.863100696
  0
LWPOLYLINE
  5
318
330
17
100
AcDbEntity
  8
ROADS
100
AcDbPolyline
 90
3
 70
0
 10
623033.5942116238
 20
4841803.230177502
 10
623061.8541454131
 20
4841788.778873949
 10
623095.7669051952
 20
4841802.258263676
  0
LWPOLYLINE
  5
319
330
17
100
AcDbEntity
  8
ROADS
100
AcDbPolyline
 90
2
 70
0
 10
623353.634348776
 20
4841865.863100696
 10
623198.2694005289
 20
4841817.047987767
  0
LWPOLYLINE
  5
31A
330
17
100
AcDbEntity
  8
ROADS
100
AcDbPolyline
 90
2
 70
0
 10
623033.5942116238
 20
4841803.230177502
 10
622984.7237914094
 20
4841860.387204558
  0
LWPOLYLINE
  5
31B
330
17
100
AcDbEntity
  8
ROADS
100
AcDbPolyline
 90
2
 70
0
 10
623353.634348776
 20
4841865.863100696
 10
623348.2856424775
 20
4841892.047553049
  0
LWPOLYLINE
  5
31C
330
17
100
AcDbEntity
  8
ROADS
100
AcDbPolyline
 90
3
 70
0
 10
624179.6656568298
 20
4841184.176560483
 10
624109.4888881849
 20
4841413.021843045
 10
624113.5796572494
 20
4841430.403469616
  0
LWPOLYLINE
  5
31D
330
17
100
AcDbEntity
  8
ROADS
100
AcDbPolyline
 90
2
 70
0
 10
623953.9144552622
 20
4841622.070150331
 10
623842.6822391285
 20
4841585.137775261
  0
LWPOLYLINE
  5
31E
330
17
100
AcDbEntity
  8
ROADS
100
AcDbPolyline
 90
2
 70
0
 10
623408.6422624592
 20
4841884.051023563
 10
623353.634348776
 20
4841865.863100696
  0
ENDSEC
  0
SECTION
  2
OBJECTS
  0
DICTIONARY
  5
A
330
0
100
AcDbDictionary
281
1
  3
ACAD_COLOR
350
B
  3
ACAD_GROUP
350
C
  3
ACAD_LAYOUT
350
D
  3
ACAD_MATERIAL
350
E
  3
ACAD_MLEADERSTYLE
350
F
  3
ACAD_MLINESTYLE
350
10
  3
ACAD_PLOTSETTINGS
350
11
  3
ACAD_PLOTSTYLENAME
350
12
  3
ACAD_SCALELIST
350
14
  3
ACAD_TABLESTYLE
350
15
  3
ACAD_VISUALSTYLE
350
16
  3
EZDXF_META
350
2D
  0
DICTIONARY
  5
B
330
A
100
AcDbDictionary
281
1
  0
DICTIONARY
  5
C
330
A
100
AcDbDictionary
281
1
  0
DICTIONARY
  5
D
330
A
100
AcDbDictionary
281
1
  3
Model
350
1A
  3
Layout1
350
1E
  0
DICTIONARY
  5
E
330
A
100
AcDbDictionary
281
1
  3
ByBlock
350
1F
  3
ByLayer
350
20
  3
Global
350
21
  0
DICTIONARY
  5
F
330
A
100
AcDbDictionary
281
1
  3
Standard
350
2C
  0
DICTIONARY
  5
10
330
A
100
AcDbDictionary
281
1
  3
Standard
350
22
  0
DICTIONARY
  5
11
330
A
100
AcDbDictionary
281
1
  0
ACDBDICTIONARYWDFLT
  5
12
330
A
100
AcDbDictionary
281
1
  3
Normal
350
13
100
AcDbDictionaryWithDefault
340
13
  0
ACDBPLACEHOLDER
  5
13
330
12
  0
DICTIONARY
  5
14
330
A
100
AcDbDictionary
281
1
  0
DICTIONARY
  5
15
330
A
100
AcDbDictionary
281
1
  0
DICTIONARY
  5
16
330
A
100
AcDbDictionary
281
1
  0
LAYOUT
  5
1A
330
D
100
AcDbPlotSettings
  1

  4
A3
  6

 40
7.5
 41
20.0
 42
7.5
 43
20.0
 44
420.0
 45
297.0
 46
0.0
 47
0.0
 48
0.0
 49
0.0
140
0.0
141
0.0
142
1.0
143
1.0
 70
1024
 72
1
 73
0
 74
5
  7

 75
16
 76
0
 77
2
 78
300
147
1.0
148
0.0
149
0.0
100
AcDbLayout
  1
Model
 70
1
 71
0
 10
0.0
 20
0.0
 11
420.0
 21
297.0
 12
0.0
 22
0.0
 32
0.0
 14
1e+20
 24
1e+20
 34
1e+20
 15
-1e+20
 25
-1e+20
 35
-1e+20
146
0.0
 13
0.0
 23
0.0
 33
0.0
 16
1.0
 26
0.0
 36
0.0
 17
0.0
 27
1.0
 37
0.0
 76
1
330
17
  0
LAYOUT
  5
1E
330
D
100
AcDbPlotSettings
  1

  4
A3
  6

 40
7.5
 41
20.0
 42
7.5
 43
20.0
 44
420.0
 45
297.0
 46
0.0
 47
0.0
 48
0.0
 49
0.0
140
0.0
141
0.0
142
1.0
143
1.0
 70
0
 72
1
 73
0
 74
5
  7

 75
16
 76
0
 77
2
 78
300
147
1.0
148
0.0
149
0.0
100
AcDbLayout
  1
Layout1
 70
1
 71
1
 10
0.0
 20
0.0
 11
420.0
 21
297.0
 12
0.0
 22
0.0
 32
0.0
 14
1e+20
 24
1e+20
 34
1e+20
 15
-1e+20
 25
-1e+20
 35
-1e+20
146
0.0
 13
0.0
 23
0.0
 33
0.0
 16
1.0
 26
0.0
 36
0.0
 17
0.0
 27
1.0
 37
0.0
 76
1
330
1B
  0
MATERIAL
  5
1F
102
{ACAD_REACTORS
330
E
102
}
330
E
100
AcDbMaterial
  1
ByBlock
  2

 70
0
 40
1.0
 71
1
 41
1.0
 91
-1023410177
 42
1.0
 72
1
  3

 73
1
 74
1
 75
1
 44
0.5
 73
0
 45
1.0
 46
1.0
 77
1
  4

 78
1
 79
1
170
1
 48
1.0
171
1
  6

172
1
173
1
174
1
140
1.0
141
1.0
175
1
  7

176
1
177
1
178
1
143
1.0
179
1
  8

270
1
271
1
272
1
145
1.0
146
1.0
273
1
  9

274
1
275
1
276
1
 42
1.0
 72
1
  3

 73
1
 74
1
 75
1
 94
63
  0
MATERIAL
  5
20
102
{ACAD_REACTORS
330
E
102
}
330
E
100
AcDbMaterial
  1
ByLayer
  2

 70
0
 40
1.0
 71
1
 41
1.0
 91
-1023410177
 42
1.0
 72
1
  3

 73
1
 74
1
 75
1
 44
0.5
 73
0
 45
1.0
 46
1.0
 77
1
  4

 78
1
 79
1
170
1
 48
1.0
171
1
  6

172
1
173
1
174
1
140
1.0
141
1.0
175
1
  7

176
1
177
1
178
1
143
1.0
179
1
  8

270
1
271
1
272
1
145
1.0
146
1.0
273
1
  9

274
1
275
1
276
1
 42
1.0
 72
1
  3

 73
1
 74
1
 75
1
 94
63
  0
MATERIAL
  5
21
102
{ACAD_REACTORS
330
E
102
}
330
E
100
AcDbMaterial
  1
Global
  2

 70
0
 40
1.0
 71
1
 41
1.0
 91
-1023410177
 42
1.0
 72
1
  3

 73
1
 74
1
 75
1
 44
0.5
 73
0
 45
1.0
 46
1.0
 77
1
  4

 78
1
 79
1
170
1
 48
1.0
171
1
  6

172
1
173
1
174
1
140
1.0
141
1.0
175
1
  7

176
1
177
1
178
1
143
1.0
179
1
  8

270
1
271
1
272
1
145
1.0
146
1.0
273
1
  9

274
1
275
1
276
1
 42
1.0
 72
1
  3

 73
1
 74
1
 75
1
 94
63
  0
MLINESTYLE
  5
22
102
{ACAD_REACTORS
330
10
102
}
330
10
100
AcDbMlineStyle
  2
Standard
 70
0
  3

 62
256
 51
90.0
 52
90.0
 71
2
 49
0.5
 62
256
  6
BYLAYER
 49
-0.5
 62
256
  6
BYLAYER
  0
MLEADERSTYLE
  5
2C
102
{ACAD_REACTORS
330
F
102
}
330
F
100
AcDbMLeaderStyle
179
2
170
2
171
1
172
0
 90
2
 40
0.0
 41
0.0
173
1
 91
-1056964608
 92
-2
290
1
 42
2.0
291
1
 43
8.0
  3
Standard
 44
4.0
300

342
29
174
1
175
1
176
0
178
1
 93
-1056964608
 45
4.0
292
0
297
0
 46
4.0
 94
-1056964608
 47
1.0
 49
1.0
140
1.0
294
1
141
0.0
177
0
142
1.0
295
0
296
0
143
3.75
271
0
272
9
273
9
  0
DICTIONARY
  5
2D
330
A
100
AcDbDictionary
280
1
281
1
  3
CREATED_BY_EZDXF
350
2E
  3
WRITTEN_BY_EZDXF
350
321
  0
DICTIONARYVAR
  5
2E
330
2D
100
DictionaryVariables
280
0
  1
1.4.4 @ 2026-07-30T15:40:06.678813+00:00
  0
DICTIONARYVAR
  5
321
330
2D
100
DictionaryVariables
280
0
  1
1.4.4 @ 2026-07-30T15:40:06.729688+00:00
  0
ENDSEC
  0
EOF
