  0
SECTION
  2
HEADER
  9
$ACADVER
  1
AC1015
  9
$ACADMAINTVER
 70
6
  9
$DWGCODEPAGE
  3
ANSI_1252
  9
$INSBASE
 10
0.0
 20
0.0
 30
0.0
  9
$EXTMIN
 10
1e+20
 20
1e+20
 30
1e+20
  9
$EXTMAX
 10
-1e+20
 20
-1e+20
 30
-1e+20
  9
$LIMMIN
 10
0.0
 20
0.0
  9
$LIMMAX
 10
420.0
 20
297.0
  9
$ORTHOMODE
 70
0
  9
$REGENMODE
 70
1
  9
$FILLMODE
 70
1
  9
$QTEXTMODE
 70
0
  9
$MIRRTEXT
 70
1
  9
$LTSCALE
 40
1.0
  9
$ATTMODE
 70
1
  9
$TEXTSIZE
 40
2.5
  9
$TRACEWID
 40
1.0
  9
$TEXTSTYLE
  7
Standard
  9
$CLAYER
  8
0
  9
$CELTYPE
  6
ByLayer
  9
$CECOLOR
 62
256
  9
$CELTSCALE
 40
1.0
  9
$DISPSILH
 70
0
  9
$DIMSCALE
 40
1.0
  9
$DIMASZ
 40
2.5
  9
$DIMEXO
 40
0.625
  9
$DIMDLI
 40
3.75
  9
$DIMRND
 40
0.0
  9
$DIMDLE
 40
0.0
  9
$DIMEXE
 40
1.25
  9
$DIMTP
 40
0.0
  9
$DIMTM
 40
0.0
  9
$DIMTXT
 40
2.5
  9
$DIMCEN
 40
2.5
  9
$DIMTSZ
 40
0.0
  9
$DIMTOL
 70
0
  9
$DIMLIM
 70
0
  9
$DIMTIH
 70
0
  9
$DIMTOH
 70
0
  9
$DIMSE1
 70
0
  9
$DIMSE2
 70
0
  9
$DIMTAD
 70
1
  9
$DIMZIN
 70
8
  9
$DIMBLK
  1

  9
$DIMASO
 70
1
  9
$DIMSHO
 70
1
  9
$DIMPOST
  1

  9
$DIMAPOST
  1

  9
$DIMALT
 70
0
  9
$DIMALTD
 70
3
  9
$DIMALTF
 40
0.03937007874
  9
$DIMLFAC
 40
1.0
  9
$DIMTOFL
 70
1
  9
$DIMTVP
 40
0.0
  9
$DIMTIX
 70
0
  9
$DIMSOXD
 70
0
  9
$DIMSAH
 70
0
  9
$DIMBLK1
  1

  9
$DIMBLK2
  1

  9
$DIMSTYLE
  2
ISO-25
  9
$DIMCLRD
 70
0
  9
$DIMCLRE
 70
0
  9
$DIMCLRT
 70
0
  9
$DIMTFAC
 40
1.0
  9
$DIMGAP
 40
0.625
  9
$DIMJUST
 70
0
  9
$DIMSD1
 70
0
  9
$DIMSD2
 70
0
  9
$DIMTOLJ
 70
0
  9
$DIMTZIN
 70
8
  9
$DIMALTZ
 70
0
  9
$DIMALTTZ
 70
0
  9
$DIMUPT
 70
0
  9
$DIMDEC
 70
2
  9
$DIMTDEC
 70
2
  9
$DIMALTU
 70
2
  9
$DIMALTTD
 70
3
  9
$DIMTXSTY
  7
Standard
  9
$DIMAUNIT
 70
0
  9
$DIMADEC
 70
0
  9
$DIMALTRND
 40
0.0
  9
$DIMAZIN
 70
0
  9
$DIMDSEP
 70
44
  9
$DIMATFIT
 70
3
  9
$DIMFRAC
 70
0
  9
$DIMLDRBLK
  1

  9
$DIMLUNIT
 70
2
  9
$DIMLWD
 70
-2
  9
$DIMLWE
 70
-2
  9
$DIMTMOVE
 70
0
  9
$LUNITS
 70
2
  9
$LUPREC
 70
4
  9
$SKETCHINC
 40
1.0
  9
$FILLETRAD
 40
10.0
  9
$AUNITS
 70
0
  9
$AUPREC
 70
2
  9
$MENU
  1
.
  9
$ELEVATION
 40
0.0
  9
$PELEVATION
 40
0.0
  9
$THICKNESS
 40
0.0
  9
$LIMCHECK
 70
0
  9
$CHAMFERA
 40
0.0
  9
$CHAMFERB
 40
0.0
  9
$CHAMFERC
 40
0.0
  9
$CHAMFERD
 40
0.0
  9
$SKPOLY
 70
0
  9
$TDCREATE
 40
2461252.486458333
  9
$TDUCREATE
 40
2458532.153996898
  9
$TDUPDATE
 40
2461252.486458333
  9
$TDUUPDATE
 40
2458532.1544311
  9
$TDINDWG
 40
0.0
  9
$TDUSRTIMER
 40
0.0
  9
$USRTIMER
 70
1
  9
$ANGBASE
 50
0.0
  9
$ANGDIR
 70
0
  9
$PDMODE
 70
0
  9
$PDSIZE
 40
0.0
  9
$PLINEWID
 40
0.0
  9
$SPLFRAME
 70
0
  9
$SPLINETYPE
 70
6
  9
$SPLINESEGS
 70
8
  9
$HANDSEED
  5
2A5
  9
$SURFTAB1
 70
6
  9
$SURFTAB2
 70
6
  9
$SURFTYPE
 70
6
  9
$SURFU
 70
6
  9
$SURFV
 70
6
  9
$UCSBASE
  2

  9
$UCSNAME
  2

  9
$UCSORG
 10
0.0
 20
0.0
 30
0.0
  9
$UCSXDIR
 10
1.0
 20
0.0
 30
0.0
  9
$UCSYDIR
 10
0.0
 20
1.0
 30
0.0
  9
$UCSORTHOREF
  2

  9
$UCSORTHOVIEW
 70
0
  9
$UCSORGTOP
 10
0.0
 20
0.0
 30
0.0
  9
$UCSORGBOTTOM
 10
0.0
 20
0.0
 30
0.0
  9
$UCSORGLEFT
 10
0.0
 20
0.0
 30
0.0
  9
$UCSORGRIGHT
 10
0.0
 20
0.0
 30
0.0
  9
$UCSORGFRONT
 10
0.0
 20
0.0
 30
0.0
  9
$UCSORGBACK
 10
0.0
 20
0.0
 30
0.0
  9
$PUCSBASE
  2

  9
$PUCSNAME
  2

  9
$PUCSORG
 10
0.0
 20
0.0
 30
0.0
  9
$PUCSXDIR
 10
1.0
 20
0.0
 30
0.0
  9
$PUCSYDIR
 10
0.0
 20
1.0
 30
0.0
  9
$PUCSORTHOREF
  2

  9
$PUCSORTHOVIEW
 70
0
  9
$PUCSORGTOP
 10
0.0
 20
0.0
 30
0.0
  9
$PUCSORGBOTTOM
 10
0.0
 20
0.0
 30
0.0
  9
$PUCSORGLEFT
 10
0.0
 20
0.0
 30
0.0
  9
$PUCSORGRIGHT
 10
0.0
 20
0.0
 30
0.0
  9
$PUCSORGFRONT
 10
0.0
 20
0.0
 30
0.0
  9
$PUCSORGBACK
 10
0.0
 20
0.0
 30
0.0
  9
$USERI1
 70
0
  9
$USERI2
 70
0
  9
$USERI3
 70
0
  9
$USERI4
 70
0
  9
$USERI5
 70
0
  9
$USERR1
 40
0.0
  9
$USERR2
 40
0.0
  9
$USERR3
 40
0.0
  9
$USERR4
 40
0.0
  9
$USERR5
 40
0.0
  9
$WORLDVIEW
 70
1
  9
$SHADEDGE
 70
3
  9
$SHADEDIF
 70
70
  9
$TILEMODE
 70
1
  9
$MAXACTVP
 70
64
  9
$PINSBASE
 10
0.0
 20
0.0
 30
0.0
  9
$PLIMCHECK
 70
0
  9
$PEXTMIN
 10
1e+20
 20
1e+20
 30
1e+20
  9
$PEXTMAX
 10
-1e+20
 20
-1e+20
 30
-1e+20
  9
$PLIMMIN
 10
0.0
 20
0.0
  9
$PLIMMAX
 10
420.0
 20
297.0
  9
$UNITMODE
 70
0
  9
$VISRETAIN
 70
1
  9
$PLINEGEN
 70
0
  9
$PSLTSCALE
 70
1
  9
$TREEDEPTH
 70
3020
  9
$CMLSTYLE
  2
Standard
  9
$CMLJUST
 70
0
  9
$CMLSCALE
 40
20.0
  9
$PROXYGRAPHICS
 70
1
  9
$MEASUREMENT
 70
1
  9
$CELWEIGHT
370
-1
  9
$ENDCAPS
280
0
  9
$JOINSTYLE
280
0
  9
$LWDISPLAY
290
0
  9
$INSUNITS
 70
6
  9
$HYPERLINKBASE
  1

  9
$STYLESHEET
  1

  9
$XEDIT
290
1
  9
$CEPSNTYPE
380
0
  9
$PSTYLEMODE
290
1
  9
$FINGERPRINTGUID
  2
{78077F55-839C-43DC-B8EF-43AECBCAA226}
  9
$VERSIONGUID
  2
{B7CE2D70-206B-4A1E-AF18-9FF28B9B2738}
  9
$EXTNAMES
290
1
  9
$PSVPSCALE
 40
0.0
  9
$OLESTARTUP
290
0
  0
ENDSEC
  0
SECTION
  2
CLASSES
  0
CLASS
  1
ACDBDICTIONARYWDFLT
  2
AcDbDictionaryWithDefault
  3
ObjectDBX Classes
 90
0
280
0
281
0
  0
CLASS
  1
SUN
  2
AcDbSun
  3
SCENEOE
 90
1153
280
0
281
0
  0
CLASS
  1
VISUALSTYLE
  2
AcDbVisualStyle
  3
ObjectDBX Classes
 90
4095
280
0
281
0
  0
CLASS
  1
MATERIAL
  2
AcDbMaterial
  3
ObjectDBX Classes
 90
1153
280
0
281
0
  0
CLASS
  1
SCALE
  2
AcDbScale
  3
ObjectDBX Classes
 90
1153
280
0
281
0
  0
CLASS
  1
TABLESTYLE
  2
AcDbTableStyle
  3
ObjectDBX Classes
 90
4095
280
0
281
0
  0
CLASS
  1
MLEADERSTYLE
  2
AcDbMLeaderStyle
  3
ACDB_MLEADERSTYLE_CLASS
 90
4095
280
0
281
0
  0
CLASS
  1
DICTIONARYVAR
  2
AcDbDictionaryVar
  3
ObjectDBX Classes
 90
0
280
0
281
0
  0
CLASS
  1
CELLSTYLEMAP
  2
AcDbCellStyleMap
  3
ObjectDBX Classes
 90
1152
280
0
281
0
  0
CLASS
  1
MENTALRAYRENDERSETTINGS
  2
AcDbMentalRayRenderSettings
  3
SCENEOE
 90
1024
280
0
281
0
  0
CLASS
  1
ACDBDETAILVIEWSTYLE
  2
AcDbDetailViewStyle
  3
ObjectDBX Classes
 90
1025
280
0
281
0
  0
CLASS
  1
ACDBSECTIONVIEWSTYLE
  2
AcDbSectionViewStyle
  3
ObjectDBX Classes
 90
1025
280
0
281
0
  0
CLASS
  1
RASTERVARIABLES
  2
AcDbRasterVariables
  3
ISM
 90
0
280
0
281
0
  0
CLASS
  1
ACDBPLACEHOLDER
  2
AcDbPlaceHolder
  3
ObjectDBX Classes
 90
0
280
0
281
0
  0
CLASS
  1
LAYOUT
  2
AcDbLayout
  3
ObjectDBX Classes
 90
0
280
0
281
0
  0
ENDSEC
  0
SECTION
  2
TABLES
  0
TABLE
  2
VPORT
  5
8
330
0
100
AcDbSymbolTable
 70
1
  0
VPORT
  5
23
330
8
100
AcDbSymbolTableRecord
100
AcDbViewportTableRecord
  2
*Active
 70
0
 10
0.0
 20
0.0
 11
1.0
 21
1.0
 12
0.0
 22
0.0
 13
0.0
 23
0.0
 14
0.5
 24
0.5
 15
0.5
 25
0.5
 16
0.0
 26
0.0
 36
1.0
 17
0.0
 27
0.0
 37
0.0
 40
1000.0
 41
1.34
 42
50.0
 43
0.0
 44
0.0
 50
0.0
 51
0.0
 71
0
 72
1000
 73
1
 74
3
 75
0
 76
0
 77
0
 78
0
281
0
 65
0
146
0.0
  0
ENDTAB
  0
TABLE
  2
LTYPE
  5
2
330
0
100
AcDbSymbolTable
 70
3
  0
LTYPE
  5
24
330
2
100
AcDbSymbolTableRecord
100
AcDbLinetypeTableRecord
  2
ByBlock
 70
0
  3

 72
65
 73
0
 40
0.0
  0
LTYPE
  5
25
330
2
100
AcDbSymbolTableRecord
100
AcDbLinetypeTableRecord
  2
ByLayer
 70
0
  3

 72
65
 73
0
 40
0.0
  0
LTYPE
  5
26
330
2
100
AcDbSymbolTableRecord
100
AcDbLinetypeTableRecord
  2
Continuous
 70
0
  3

 72
65
 73
0
 40
0.0
  0
ENDTAB
  0
TABLE
  2
LAYER
  5
1
330
0
100
AcDbSymbolTable
 70
2
  0
LAYER
  5
27
330
1
100
AcDbSymbolTableRecord
100
AcDbLayerTableRecord
  2
0
 70
0
 62
7
  6
Continuous
370
-3
390
13
  0
LAYER
  5
28
330
1
100
AcDbSymbolTableRecord
100
AcDbLayerTableRecord
  2
Defpoints
 70
0
 62
7
  6
Continuous
290
0
370
-3
390
13
  0
ENDTAB
  0
TABLE
  2
STYLE
  5
5
330
0
100
AcDbSymbolTable
 70
1
  0
STYLE
  5
29
330
5
100
AcDbSymbolTableRecord
100
AcDbTextStyleTableRecord
  2
Standard
 70
0
 40
0.0
 41
1.0
 50
0.0
 71
0
 42
2.5
  3
txt
  4

  0
ENDTAB
  0
TABLE
  2
VIEW
  5
7
330
0
100
AcDbSymbolTable
 70
0
  0
ENDTAB
  0
TABLE
  2
UCS
  5
6
330
0
100
AcDbSymbolTable
 70
0
  0
ENDTAB
  0
TABLE
  2
APPID
  5
3
330
0
100
AcDbSymbolTable
 70
3
  0
APPID
  5
2A
330
3
100
AcDbSymbolTableRecord
100
AcDbRegAppTableRecord
  2
ACAD
 70
0
  0
APPID
  5
2A2
330
3
100
AcDbSymbolTableRecord
100
AcDbRegAppTableRecord
  2
HATCHBACKGROUNDCOLOR
 70
0
  0
APPID
  5
2A3
330
3
100
AcDbSymbolTableRecord
100
AcDbRegAppTableRecord
  2
EZDXF
 70
0
  0
ENDTAB
  0
TABLE
  2
DIMSTYLE
  5
4
330
0
100
AcDbSymbolTable
 70
1
100
AcDbDimStyleTable
  0
DIMSTYLE
105
2B
330
4
100
AcDbSymbolTableRecord
100
AcDbDimStyleTableRecord
  2
Standard
 70
0
  3

  4

 40
1.0
 41
2.5
 42
0.625
 43
3.75
 44
1.25
 45
0.0
 46
0.0
 47
0.0
 48
0.0
140
2.5
141
2.5
142
0.0
143
0.03937007874
144
1.0
145
0.0
146
1.0
147
0.625
148
0.0
 71
0
 72
0
 73
0
 74
0
 75
0
 76
0
 77
1
 78
8
 79
3
170
0
171
3
172
1
173
0
174
0
175
0
176
0
177
0
178
0
179
2
271
2
272
2
273
2
274
3
275
0
276
0
277
2
278
44
279
0
280
0
281
0
282
0
283
0
284
8
285
0
286
0
288
0
289
3
371
-2
372
-2
  0
ENDTAB
  0
TABLE
  2
BLOCK_RECORD
  5
9
330
0
100
AcDbSymbolTable
 70
2
  0
BLOCK_RECORD
  5
17
330
9
100
AcDbSymbolTableRecord
100
AcDbBlockTableRecord
  2
*Model_Space
340
1A
  0
BLOCK_RECORD
  5
1B
330
9
100
AcDbSymbolTableRecord
100
AcDbBlockTableRecord
  2
*Paper_Space
340
1E
  0
ENDTAB
  0
ENDSEC
  0
SECTION
  2
BLOCKS
  0
BLOCK
  5
18
330
17
100
AcDbEntity
  8
0
100
AcDbBlockBegin
  2
*Model_Space
 70
0
 10
0.0
 20
0.0
 30
0.0
  3
*Model_Space
  1

  0
ENDBLK
  5
19
330
17
100
AcDbEntity
  8
0
100
AcDbBlockEnd
  0
BLOCK
  5
1C
330
1B
100
AcDbEntity
  8
0
100
AcDbBlockBegin
  2
*Paper_Space
 70
0
 10
0.0
 20
0.0
 30
0.0
  3
*Paper_Space
  1

  0
ENDBLK
  5
1D
330
1B
100
AcDbEntity
  8
0
100
AcDbBlockEnd
  0
ENDSEC
  0
SECTION
  2
ENTITIES
  0
LWPOLYLINE
  5
2F
330
17
100
AcDbEntity
  8
ROADS
100
AcDbPolyline
 90
2
 70
0
 10
624742.0045729264
 20
4839119.426135213
 10
624719.6520897151
 20
4839188.864326544
  0
LWPOLYLINE
  5
30
330
17
100
AcDbEntity
  8
ROADS
100
AcDbPolyline
 90
2
 70
0
 10
624837.9346172293
 20
4839127.14333212
 10
624822.6765533277
 20
4839176.215246767
  0
LWPOLYLINE
  5
31
330
17
100
AcDbEntity
  8
ROADS
100
AcDbPolyline
 90
2
 70
0
 10
624914.7783792121
 20
4839139.643613643
 10
624895.1003868983
 20
4839200.05064005
  0
LWPOLYLINE
  5
32
330
17
100
AcDbEntity
  8
ROADS
100
AcDbPolyline
 90
2
 70
0
 10
624719.6520897151
 20
4839188.864326544
 10
624679.9868629307
 20
4839176.042119315
  0
LWPOLYLINE
  5
33
330
17
100
AcDbEntity
  8
ROADS
100
AcDbPolyline
 90
2
 70
0
 10
624655.2941439709
 20
4839115.31398076
 10
624679.0410337318
 20
4839128.763428635
  0
LWPOLYLINE
  5
34
330
17
100
AcDbEntity
  8
ROADS
100
AcDbPolyline
 90
2
 70
0
 10
624586.8564968433
 20
4839145.597826863
 10
624505.761392695
 20
4839119.486347
  0
LWPOLYLINE
  5
35
330
17
100
AcDbEntity
  8
ROADS
100
AcDbPolyline
 90
2
 70
0
 10
624637.2055079167
 20
4839114.203488614
 10
624623.5808222721
 20
4839157.741792286
  0
LWPOLYLINE
  5
36
330
17
100
AcDbEntity
  8
ROADS
100
AcDbPolyline
 90
2
 70
0
 10
624493.772925562
 20
4839120.80628088
 10
624480.1432964726
 20
4839162.537412096
  0
LWPOLYLINE
  5
37
330
17
100
AcDbEntity
  8
ROADS
100
AcDbPolyline
 90
2
 70
0
 10
624480.1432964726
 20
4839162.537412096
 10
624398.1354072096
 20
4839136.200655646
  0
LWPOLYLINE
  5
38
330
17
100
AcDbEntity
  8
ROADS
100
AcDbPolyline
 90
2
 70
0
 10
624623.5808222721
 20
4839157.741792286
 10
624586.8564968433
 20
4839145.597826863
  0
LWPOLYLINE
  5
39
330
17
100
AcDbEntity
  8
ROADS
100
AcDbPolyline
 90
2
 70
0
 10
624679.9868629307
 20
4839176.042119315
 10
624623.5808222721
 20
4839157.741792286
  0
LWPOLYLINE
  5
3A
330
17
100
AcDbEntity
  8
ROADS
100
AcDbPolyline
 90
2
 70
0
 10
624586.8564968433
 20
4839145.597826863
 10
624571.6419300155
 20
4839192.739170395
  0
LWPOLYLINE
  5
3B
330
17
100
AcDbEntity
  8
ROADS
100
AcDbPolyline
 90
2
 70
0
 10
624571.6419300155
 20
4839192.739170395
 10
624480.1432964726
 20
4839162.537412096
  0
LWPOLYLINE
  5
3C
330
17
100
AcDbEntity
  8
ROADS
100
AcDbPolyline
 90
2
 70
0
 10
624679.9868629307
 20
4839176.042119315
 10
624664.55205436
 20
4839223.748521509
  0
LWPOLYLINE
  5
3D
330
17
100
AcDbEntity
  8
ROADS
100
AcDbPolyline
 90
2
 70
0
 10
625041.0971863962
 20
4839173.05131997
 10
624955.7220170475
 20
4839204.955502112
  0
LWPOLYLINE
  5
3E
330
17
100
AcDbEntity
  8
ROADS
100
AcDbPolyline
 90
2
 70
0
 10
625121.4598395384
 20
4839200.733775282
 10
625113.7066205777
 20
4839231.003757498
  0
LWPOLYLINE
  5
3F
330
17
100
AcDbEntity
  8
ROADS
100
AcDbPolyline
 90
3
 70
0
 10
625113.7066205777
 20
4839231.003757498
 10
625153.5973136512
 20
4839243.693057961
 10
625161.6896164791
 20
4839217.718985678
  0
LWPOLYLINE
  5
40
330
17
100
AcDbEntity
  8
ROADS
100
AcDbPolyline
 90
2
 70
0
 10
625113.7066205777
 20
4839231.003757498
 10
625089.3325454686
 20
4839308.658185982
  0
LWPOLYLINE
  5
41
330
17
100
AcDbEntity
  8
ROADS
100
AcDbPolyline
 90
2
 70
0
 10
625117.5223500166
 20
4839320.309774266
 10
625089.3325454686
 20
4839308.658185982
  0
LWPOLYLINE
  5
42
330
17
100
AcDbEntity
  8
ROADS
100
AcDbPolyline
 90
2
 70
0
 10
624822.6765533277
 20
4839176.215246767
 10
624895.1003868983
 20
4839200.05064005
  0
LWPOLYLINE
  5
43
330
17
100
AcDbEntity
  8
ROADS
100
AcDbPolyline
 90
2
 70
0
 10
624822.6765533277
 20
4839176.215246767
 10
624810.1751821396
 20
4839218.488433944
  0
LWPOLYLINE
  5
44
330
17
100
AcDbEntity
  8
ROADS
100
AcDbPolyline
 90
2
 70
0
 10
624775.4661272014
 20
4839207.384967043
 10
624719.6520897151
 20
4839188.864326544
  0
LWPOLYLINE
  5
45
330
17
100
AcDbEntity
  8
ROADS
100
AcDbPolyline
 90
2
 70
0
 10
624810.1751821396
 20
4839218.488433944
 10
624775.4661272014
 20
4839207.384967043
  0
LWPOLYLINE
  5
46
330
17
100
AcDbEntity
  8
ROADS
100
AcDbPolyline
 90
2
 70
0
 10
624895.1003868983
 20
4839200.05064005
 10
624881.5014622301
 20
4839241.797952627
  0
LWPOLYLINE
  5
47
330
17
100
AcDbEntity
  8
ROADS
100
AcDbPolyline
 90
2
 70
0
 10
624881.5014622301
 20
4839241.797952627
 10
624810.1751821396
 20
4839218.488433944
  0
LWPOLYLINE
  5
48
330
17
100
AcDbEntity
  8
ROADS
100
AcDbPolyline
 90
3
 70
0
 10
624775.4661272014
 20
4839207.384967043
 10
624765.2672728398
 20
4839256.657181974
 10
624664.55205436
 20
4839223.748521509
  0
LWPOLYLINE
  5
49
330
17
100
AcDbEntity
  8
ROADS
100
AcDbPolyline
 90
2
 70
0
 10
625089.3325454686
 20
4839308.658185982
 10
624881.5014622301
 20
4839241.797952627
  0
LWPOLYLINE
  5
4A
330
17
100
AcDbEntity
  8
ROADS
100
AcDbPolyline
 90
3
 70
0
 10
624881.5014622301
 20
4839241.797952627
 10
624849.0335922792
 20
4839279.0066849515
 10
624837.8484097729
 20
4839320.2776258085
  0
LWPOLYLINE
  5
4B
330
17
100
AcDbEntity
  8
ROADS
100
AcDbPolyline
 90
2
 70
0
 10
624735.8210424612
 20
4839328.722468852
 10
624639.9707925844
 20
4839299.756008557
  0
LWPOLYLINE
  5
4C
330
17
100
AcDbEntity
  8
ROADS
100
AcDbPolyline
 90
2
 70
0
 10
624664.55205436
 20
4839223.748521509
 10
624571.6419300155
 20
4839192.739170395
  0
LWPOLYLINE
  5
4D
330
17
100
AcDbEntity
  8
ROADS
100
AcDbPolyline
 90
2
 70
0
 10
624388.1747004124
 20
4839138.299511866
 10
624334.6140344916
 20
4839295.016030852
  0
LWPOLYLINE
  5
4E
330
17
100
AcDbEntity
  8
ROADS
100
AcDbPolyline
 90
2
 70
0
 10
624480.1432964726
 20
4839162.537412096
 10
624426.7139897912
 20
4839326.138740229
  0
LWPOLYLINE
  5
4F
330
17
100
AcDbEntity
  8
ROADS
100
AcDbPolyline
 90
2
 70
0
 10
624664.55205436
 20
4839223.748521509
 10
624639.9707925844
 20
4839299.756008557
  0
LWPOLYLINE
  5
50
330
17
100
AcDbEntity
  8
ROADS
100
AcDbPolyline
 90
2
 70
0
 10
624571.6419300155
 20
4839192.739170395
 10
624518.8779269498
 20
4839356.213566955
  0
LWPOLYLINE
  5
51
330
17
100
AcDbEntity
  8
ROADS
100
AcDbPolyline
 90
2
 70
0
 10
624426.7139897912
 20
4839326.138740229
 10
624334.6140344916
 20
4839295.016030852
  0
LWPOLYLINE
  5
52
330
17
100
AcDbEntity
  8
ROADS
100
AcDbPolyline
 90
2
 70
0
 10
624518.8779269498
 20
4839356.213566955
 10
624426.7139897912
 20
4839326.138740229
  0
LWPOLYLINE
  5
53
330
17
100
AcDbEntity
  8
ROADS
100
AcDbPolyline
 90
2
 70
0
 10
624639.9707925844
 20
4839299.756008557
 10
624612.5377117596
 20
4839386.081457883
  0
LWPOLYLINE
  5
54
330
17
100
AcDbEntity
  8
ROADS
100
AcDbPolyline
 90
2
 70
0
 10
624612.5377117596
 20
4839386.081457883
 10
624518.8779269498
 20
4839356.213566955
  0
LWPOLYLINE
  5
55
330
17
100
AcDbEntity
  8
ROADS
100
AcDbPolyline
 90
2
 70
0
 10
624426.7139897912
 20
4839326.138740229
 10
624380.817445099
 20
4839468.102122469
  0
LWPOLYLINE
  5
56
330
17
100
AcDbEntity
  8
ROADS
100
AcDbPolyline
 90
2
 70
0
 10
624787.9738549471
 20
4839345.198791383
 10
624735.8210424612
 20
4839328.722468852
  0
LWPOLYLINE
  5
57
330
17
100
AcDbEntity
  8
ROADS
100
AcDbPolyline
 90
2
 70
0
 10
624837.8484097729
 20
4839320.2776258085
 10
624830.5429317126
 20
4839358.646586411
  0
LWPOLYLINE
  5
58
330
17
100
AcDbEntity
  8
ROADS
100
AcDbPolyline
 90
2
 70
0
 10
624830.5429317126
 20
4839358.646586411
 10
624787.9738549471
 20
4839345.198791383
  0
LWPOLYLINE
  5
59
330
17
100
AcDbEntity
  8
ROADS
100
AcDbPolyline
 90
2
 70
0
 10
625093.5005598383
 20
4839400.3807051955
 10
624837.8484097729
 20
4839320.2776258085
  0
LWPOLYLINE
  5
5A
330
17
100
AcDbEntity
  8
ROADS
100
AcDbPolyline
 90
2
 70
0
 10
624735.8210424612
 20
4839328.722468852
 10
624712.5880026687
 20
4839403.559289735
  0
LWPOLYLINE
  5
5B
330
17
100
AcDbEntity
  8
ROADS
100
AcDbPolyline
 90
2
 70
0
 10
624787.9738549471
 20
4839345.198791383
 10
624779.6498834776
 20
4839389.67265684
  0
LWPOLYLINE
  5
5C
330
17
100
AcDbEntity
  8
ROADS
100
AcDbPolyline
 90
2
 70
0
 10
624830.5429317126
 20
4839358.646586411
 10
624822.3138483228
 20
4839406.498859672
  0
LWPOLYLINE
  5
5D
330
17
100
AcDbEntity
  8
ROADS
100
AcDbPolyline
 90
2
 70
0
 10
624764.2700642764
 20
4839472.5909908805
 10
624603.1170015489
 20
4839416.551697699
  0
LWPOLYLINE
  5
5E
330
17
100
AcDbEntity
  8
ROADS
100
AcDbPolyline
 90
2
 70
0
 10
625067.1302068502
 20
4839482.796270448
 10
624822.3138483228
 20
4839406.498859672
  0
LWPOLYLINE
  5
5F
330
17
100
AcDbEntity
  8
ROADS
100
AcDbPolyline
 90
2
 70
0
 10
624822.3138483228
 20
4839406.498859672
 10
624807.4219875518
 20
4839487.596430564
  0
LWPOLYLINE
  5
60
330
17
100
AcDbEntity
  8
ROADS
100
AcDbPolyline
 90
2
 70
0
 10
624156.3342683822
 20
4839220.08236456
 10
624151.4142730682
 20
4839235.090877054
  0
LWPOLYLINE
  5
61
330
17
100
AcDbEntity
  8
ROADS
100
AcDbPolyline
 90
2
 70
0
 10
624275.469255989
 20
4839169.928473411
 10
624243.291643474
 20
4839264.805452355
  0
LWPOLYLINE
  5
62
330
17
100
AcDbEntity
  8
ROADS
100
AcDbPolyline
 90
2
 70
0
 10
624151.4142730682
 20
4839235.090877054
 10
624137.5289918133
 20
4839230.397925126
  0
LWPOLYLINE
  5
63
330
17
100
AcDbEntity
  8
ROADS
100
AcDbPolyline
 90
2
 70
0
 10
624243.291643474
 20
4839264.805452355
 10
624151.4142730682
 20
4839235.090877054
  0
LWPOLYLINE
  5
64
330
17
100
AcDbEntity
  8
ROADS
100
AcDbPolyline
 90
2
 70
0
 10
624029.8840469021
 20
4839296.381265923
 10
624013.1322562979
 20
4839348.511429848
  0
LWPOLYLINE
  5
65
330
17
100
AcDbEntity
  8
ROADS
100
AcDbPolyline
 90
2
 70
0
 10
624334.6140344916
 20
4839295.016030852
 10
624243.291643474
 20
4839264.805452355
  0
LWPOLYLINE
  5
66
330
17
100
AcDbEntity
  8
ROADS
100
AcDbPolyline
 90
2
 70
0
 10
624151.4142730682
 20
4839235.090877054
 10
624103.7086334284
 20
4839377.279440152
  0
LWPOLYLINE
  5
67
330
17
100
AcDbEntity
  8
ROADS
100
AcDbPolyline
 90
2
 70
0
 10
624013.1322562979
 20
4839348.511429848
 10
623976.7413395854
 20
4839336.362099654
  0
LWPOLYLINE
  5
68
330
17
100
AcDbEntity
  8
ROADS
100
AcDbPolyline
 90
2
 70
0
 10
624243.291643474
 20
4839264.805452355
 10
624195.1590176031
 20
4839407.930376262
  0
LWPOLYLINE
  5
69
330
17
100
AcDbEntity
  8
ROADS
100
AcDbPolyline
 90
2
 70
0
 10
624103.7086334284
 20
4839377.279440152
 10
624013.1322562979
 20
4839348.511429848
  0
LWPOLYLINE
  5
6A
330
17
100
AcDbEntity
  8
ROADS
100
AcDbPolyline
 90
2
 70
0
 10
624334.6140344916
 20
4839295.016030852
 10
624273.7735897016
 20
4839480.491369513
  0
LWPOLYLINE
  5
6B
330
17
100
AcDbEntity
  8
ROADS
100
AcDbPolyline
 90
2
 70
0
 10
624013.1322562979
 20
4839348.511429848
 10
623983.2664294417
 20
4839434.209672642
  0
LWPOLYLINE
  5
6C
330
17
100
AcDbEntity
  8
ROADS
100
AcDbPolyline
 90
2
 70
0
 10
624195.1590176031
 20
4839407.930376262
 10
624103.7086334284
 20
4839377.279440152
  0
LWPOLYLINE
  5
6D
330
17
100
AcDbEntity
  8
ROADS
100
AcDbPolyline
 90
2
 70
0
 10
623983.2664294417
 20
4839434.209672642
 10
623899.7131473772
 20
4839405.60232899
  0
LWPOLYLINE
  5
6E
330
17
100
AcDbEntity
  8
ROADS
100
AcDbPolyline
 90
2
 70
0
 10
624195.1590176031
 20
4839407.930376262
 10
624181.5886939015
 20
4839451.745220753
  0
LWPOLYLINE
  5
6F
330
17
100
AcDbEntity
  8
ROADS
100
AcDbPolyline
 90
2
 70
0
 10
623983.2664294417
 20
4839434.209672642
 10
623966.9095773088
 20
4839490.787750228
  0
LWPOLYLINE
  5
70
330
17
100
AcDbEntity
  8
ROADS
100
AcDbPolyline
 90
2
 70
0
 10
624273.7735897016
 20
4839480.491369513
 10
624181.5886939015
 20
4839451.745220753
  0
LWPOLYLINE
  5
71
330
17
100
AcDbEntity
  8
ROADS
100
AcDbPolyline
 90
4
 70
0
 10
623966.9095773088
 20
4839490.787750228
 10
623949.9333683404
 20
4839484.365313664
 10
623940.0015581814
 20
4839475.647190312
 10
623966.9095773088
 20
4839490.787750228
  0
LWPOLYLINE
  5
72
330
17
100
AcDbEntity
  8
ROADS
100
AcDbPolyline
 90
2
 70
0
 10
624181.5886939015
 20
4839451.745220753
 10
624158.1340602835
 20
4839531.064638825
  0
LWPOLYLINE
  5
73
330
17
100
AcDbEntity
  8
ROADS
100
AcDbPolyline
 90
2
 70
0
 10
624612.5377117596
 20
4839386.081457883
 10
624603.1170015489
 20
4839416.551697699
  0
LWPOLYLINE
  5
74
330
17
100
AcDbEntity
  8
ROADS
100
AcDbPolyline
 90
2
 70
0
 10
624518.8779269498
 20
4839356.213566955
 10
624472.8533157904
 20
4839497.736643932
  0
LWPOLYLINE
  5
75
330
17
100
AcDbEntity
  8
ROADS
100
AcDbPolyline
 90
2
 70
0
 10
624603.1170015489
 20
4839416.551697699
 10
624566.3837268709
 20
4839530.387381322
  0
LWPOLYLINE
  5
76
330
17
100
AcDbEntity
  8
ROADS
100
AcDbPolyline
 90
2
 70
0
 10
624472.8533157904
 20
4839497.736643932
 10
624380.817445099
 20
4839468.102122469
  0
LWPOLYLINE
  5
77
330
17
100
AcDbEntity
  8
ROADS
100
AcDbPolyline
 90
3
 70
0
 10
624380.817445099
 20
4839468.102122469
 10
624364.7500798025
 20
4839516.7755782055
 10
624273.7735897016
 20
4839480.491369513
  0
LWPOLYLINE
  5
78
330
17
100
AcDbEntity
  8
ROADS
100
AcDbPolyline
 90
2
 70
0
 10
624566.3837268709
 20
4839530.387381322
 10
624472.8533157904
 20
4839497.736643932
  0
LWPOLYLINE
  5
79
330
17
100
AcDbEntity
  8
ROADS
100
AcDbPolyline
 90
2
 70
0
 10
624747.332446622
 20
4839566.879760248
 10
624566.3837268709
 20
4839530.387381322
  0
LWPOLYLINE
  5
7A
330
17
100
AcDbEntity
  8
ROADS
100
AcDbPolyline
 90
2
 70
0
 10
624566.3837268709
 20
4839530.387381322
 10
624548.911102854
 20
4839589.10298444
  0
LWPOLYLINE
  5
7B
330
17
100
AcDbEntity
  8
ROADS
100
AcDbPolyline
 90
2
 70
0
 10
624548.911102854
 20
4839589.10298444
 10
624158.1340602835
 20
4839531.064638825
  0
LWPOLYLINE
  5
7C
330
17
100
AcDbEntity
  8
ROADS
100
AcDbPolyline
 90
2
 70
0
 10
624345.1279821615
 20
4839585.765813211
 10
624330.9220912821
 20
4839625.517955182
  0
LWPOLYLINE
  5
7D
330
17
100
AcDbEntity
  8
ROADS
100
AcDbPolyline
 90
2
 70
0
 10
623966.9095773088
 20
4839490.787750228
 10
623868.2265468696
 20
4839437.749396049
  0
LWPOLYLINE
  5
7E
330
17
100
AcDbEntity
  8
ROADS
100
AcDbPolyline
 90
2
 70
0
 10
623813.2210690901
 20
4839503.605965487
 10
623808.5428835361
 20
4839527.377799091
  0
LWPOLYLINE
  5
7F
330
17
100
AcDbEntity
  8
ROADS
100
AcDbPolyline
 90
2
 70
0
 10
623808.5428835361
 20
4839527.377799091
 10
623797.1081537891
 20
4839523.653997413
  0
LWPOLYLINE
  5
80
330
17
100
AcDbEntity
  8
ROADS
100
AcDbPolyline
 90
2
 70
0
 10
623808.5428835361
 20
4839527.377799091
 10
623739.7693036997
 20
4839914.59374928
  0
LWPOLYLINE
  5
81
330
17
100
AcDbEntity
  8
ROADS
100
AcDbPolyline
 90
2
 70
0
 10
623739.7693036997
 20
4839914.59374928
 10
623651.5931490136
 20
4839885.607034461
  0
LWPOLYLINE
  5
82
330
17
100
AcDbEntity
  8
ROADS
100
AcDbPolyline
 90
2
 70
0
 10
623651.5931490136
 20
4839885.607034461
 10
623626.9987768943
 20
4839877.5413510315
  0
LWPOLYLINE
  5
83
330
17
100
AcDbEntity
  8
ROADS
100
AcDbPolyline
 90
3
 70
0
 10
623586.0165417809
 20
4840014.984258084
 10
623608.7036710465
 20
4840007.558388169
 10
623651.5931490136
 20
4839885.607034461
  0
LWPOLYLINE
  5
84
330
17
100
AcDbEntity
  8
ROADS
100
AcDbPolyline
 90
2
 70
0
 10
624014.4336335955
 20
4839512.785618691
 10
623966.9095773088
 20
4839490.787750228
  0
LWPOLYLINE
  5
85
330
17
100
AcDbEntity
  8
ROADS
100
AcDbPolyline
 90
4
 70
0
 10
624014.4336335955
 20
4839512.785618691
 10
624044.926907618
 20
4839527.674029232
 10
624024.3875313723
 20
4839526.529409337
 10
624018.2444694856
 20
4839545.420275416
  0
LWPOLYLINE
  5
86
330
17
100
AcDbEntity
  8
ROADS
100
AcDbPolyline
 90
2
 70
0
 10
624153.2660866794
 20
4839545.6148486445
 10
624014.4336335955
 20
4839512.785618691
  0
LWPOLYLINE
  5
87
330
17
100
AcDbEntity
  8
ROADS
100
AcDbPolyline
 90
3
 70
0
 10
624018.2444694856
 20
4839545.420275416
 10
623924.1645962191
 20
4839515.123767869
 10
623808.5428835361
 20
4839527.377799091
  0
LWPOLYLINE
  5
88
330
17
100
AcDbEntity
  8
ROADS
100
AcDbPolyline
 90
2
 70
0
 10
624158.1340602835
 20
4839531.064638825
 10
624153.2660866794
 20
4839545.6148486445
  0
LWPOLYLINE
  5
89
330
17
100
AcDbEntity
  8
ROADS
100
AcDbPolyline
 90
2
 70
0
 10
624136.7177107139
 20
4839587.488205646
 10
624018.2444694856
 20
4839545.420275416
  0
LWPOLYLINE
  5
8A
330
17
100
AcDbEntity
  8
ROADS
100
AcDbPolyline
 90
2
 70
0
 10
624153.2660866794
 20
4839545.6148486445
 10
624136.7177107139
 20
4839587.488205646
  0
LWPOLYLINE
  5
8B
330
17
100
AcDbEntity
  8
ROADS
100
AcDbPolyline
 90
2
 70
0
 10
624318.892006177
 20
4839658.930115729
 10
624136.7177107139
 20
4839587.488205646
  0
LWPOLYLINE
  5
8C
330
17
100
AcDbEntity
  8
ROADS
100
AcDbPolyline
 90
2
 70
0
 10
624136.7177107139
 20
4839587.488205646
 10
624069.217953355
 20
4839793.18548003
  0
LWPOLYLINE
  5
8D
330
17
100
AcDbEntity
  8
ROADS
100
AcDbPolyline
 90
2
 70
0
 10
624131.7746694211
 20
4839957.552900739
 10
624053.0431017273
 20
4839932.259202416
  0
LWPOLYLINE
  5
8E
330
17
100
AcDbEntity
  8
ROADS
100
AcDbPolyline
 90
2
 70
0
 10
625305.7087660935
 20
4839293.121577962
 10
625284.7712675389
 20
4839370.254530236
  0
LWPOLYLINE
  5
8F
330
17
100
AcDbEntity
  8
ROADS
100
AcDbPolyline
 90
2
 70
0
 10
625284.7712675389
 20
4839370.254530236
 10
625117.5223500166
 20
4839320.309774266
  0
LWPOLYLINE
  5
90
330
17
100
AcDbEntity
  8
ROADS
100
AcDbPolyline
 90
2
 70
0
 10
625117.5223500166
 20
4839320.309774266
 10
625093.5005598383
 20
4839400.3807051955
  0
LWPOLYLINE
  5
91
330
17
100
AcDbEntity
  8
ROADS
100
AcDbPolyline
 90
2
 70
0
 10
625328.1931961881
 20
4839476.918546162
 10
625093.5005598383
 20
4839400.3807051955
  0
LWPOLYLINE
  5
92
330
17
100
AcDbEntity
  8
ROADS
100
AcDbPolyline
 90
2
 70
0
 10
625093.5005598383
 20
4839400.3807051955
 10
625067.1302068502
 20
4839482.796270448
  0
LWPOLYLINE
  5
93
330
17
100
AcDbEntity
  8
ROADS
100
AcDbPolyline
 90
2
 70
0
 10
625301.5116002399
 20
4839558.736499392
 10
625067.1302068502
 20
4839482.796270448
  0
LWPOLYLINE
  5
94
330
17
100
AcDbEntity
  8
ROADS
100
AcDbPolyline
 90
2
 70
0
 10
625067.1302068502
 20
4839482.796270448
 10
625037.9767154768
 20
4839567.531604824
  0
LWPOLYLINE
  5
95
330
17
100
AcDbEntity
  8
ROADS
100
AcDbPolyline
 90
2
 70
0
 10
625301.5116002399
 20
4839558.736499392
 10
625275.0593606841
 20
4839643.574759437
  0
LWPOLYLINE
  5
96
330
17
100
AcDbEntity
  8
ROADS
100
AcDbPolyline
 90
2
 70
0
 10
625275.0593606841
 20
4839643.574759437
 10
625037.9767154768
 20
4839567.531604824
  0
LWPOLYLINE
  5
97
330
17
100
AcDbEntity
  8
ROADS
100
AcDbPolyline
 90
2
 70
0
 10
625037.9767154768
 20
4839567.531604824
 10
625013.1295517951
 20
4839647.396557263
  0
LWPOLYLINE
  5
98
330
17
100
AcDbEntity
  8
ROADS
100
AcDbPolyline
 90
2
 70
0
 10
624807.4219875518
 20
4839487.596430564
 10
624764.2700642764
 20
4839472.5909908805
  0
LWPOLYLINE
  5
99
330
17
100
AcDbEntity
  8
ROADS
100
AcDbPolyline
 90
2
 70
0
 10
624764.2700642764
 20
4839472.5909908805
 10
624747.332446622
 20
4839566.879760248
  0
LWPOLYLINE
  5
9A
330
17
100
AcDbEntity
  8
ROADS
100
AcDbPolyline
 90
2
 70
0
 10
625037.9767154768
 20
4839567.531604824
 10
624807.4219875518
 20
4839487.596430564
  0
LWPOLYLINE
  5
9B
330
17
100
AcDbEntity
  8
ROADS
100
AcDbPolyline
 90
2
 70
0
 10
624807.4219875518
 20
4839487.596430564
 10
624792.5592179073
 20
4839573.607790933
  0
LWPOLYLINE
  5
9C
330
17
100
AcDbEntity
  8
ROADS
100
AcDbPolyline
 90
2
 70
0
 10
624792.5592179073
 20
4839573.607790933
 10
624747.332446622
 20
4839566.879760248
  0
LWPOLYLINE
  5
9D
330
17
100
AcDbEntity
  8
ROADS
100
AcDbPolyline
 90
2
 70
0
 10
624912.2581377227
 20
4839614.661940129
 10
624792.5592179073
 20
4839573.607790933
  0
LWPOLYLINE
  5
9E
330
17
100
AcDbEntity
  8
ROADS
100
AcDbPolyline
 90
2
 70
0
 10
624792.5592179073
 20
4839573.607790933
 10
624782.2335583732
 20
4839630.844308408
  0
LWPOLYLINE
  5
9F
330
17
100
AcDbEntity
  8
ROADS
100
AcDbPolyline
 90
2
 70
0
 10
624912.2581377227
 20
4839614.661940129
 10
624914.2077962814
 20
4839631.65715037
  0
LWPOLYLINE
  5
A0
330
17
100
AcDbEntity
  8
ROADS
100
AcDbPolyline
 90
2
 70
0
 10
624782.2335583732
 20
4839630.844308408
 10
624744.6296763286
 20
4839630.318344372
  0
LWPOLYLINE
  5
A1
330
17
100
AcDbEntity
  8
ROADS
100
AcDbPolyline
 90
2
 70
0
 10
625013.1295517951
 20
4839647.396557263
 10
624912.2581377227
 20
4839614.661940129
  0
LWPOLYLINE
  5
A2
330
17
100
AcDbEntity
  8
ROADS
100
AcDbPolyline
 90
2
 70
0
 10
624939.6443984107
 20
4839641.071329601
 10
624914.2077962814
 20
4839631.65715037
  0
LWPOLYLINE
  5
A3
330
17
100
AcDbEntity
  8
ROADS
100
AcDbPolyline
 90
3
 70
0
 10
624778.9820627591
 20
4839648.421786406
 10
624742.3053318533
 20
4839642.988990655
 10
624744.6296763286
 20
4839630.318344372
  0
LWPOLYLINE
  5
A4
330
17
100
AcDbEntity
  8
ROADS
100
AcDbPolyline
 90
2
 70
0
 10
624782.2335583732
 20
4839630.844308408
 10
624778.9820627591
 20
4839648.421786406
  0
LWPOLYLINE
  5
A5
330
17
100
AcDbEntity
  8
ROADS
100
AcDbPolyline
 90
2
 70
0
 10
624914.2077962814
 20
4839631.65715037
 10
624910.7848451994
 20
4839648.586664379
  0
LWPOLYLINE
  5
A6
330
17
100
AcDbEntity
  8
ROADS
100
AcDbPolyline
 90
2
 70
0
 10
624939.6443984107
 20
4839641.071329601
 10
624910.7848451994
 20
4839648.586664379
  0
LWPOLYLINE
  5
A7
330
17
100
AcDbEntity
  8
ROADS
100
AcDbPolyline
 90
2
 70
0
 10
624906.583940245
 20
4839667.805231115
 10
624782.2335583732
 20
4839630.844308408
  0
LWPOLYLINE
  5
A8
330
17
100
AcDbEntity
  8
ROADS
100
AcDbPolyline
 90
2
 70
0
 10
625012.4741269987
 20
4839658.41831338
 10
624939.6443984107
 20
4839641.071329601
  0
LWPOLYLINE
  5
A9
330
17
100
AcDbEntity
  8
ROADS
100
AcDbPolyline
 90
2
 70
0
 10
624910.7848451994
 20
4839648.586664379
 10
624906.583940245
 20
4839667.805231115
  0
LWPOLYLINE
  5
AA
330
17
100
AcDbEntity
  8
ROADS
100
AcDbPolyline
 90
2
 70
0
 10
624778.9820627591
 20
4839648.421786406
 10
624772.1366960828
 20
4839695.462533601
  0
LWPOLYLINE
  5
AB
330
17
100
AcDbEntity
  8
ROADS
100
AcDbPolyline
 90
2
 70
0
 10
624985.2140128417
 20
4839697.864356485
 10
624906.583940245
 20
4839667.805231115
  0
LWPOLYLINE
  5
AC
330
17
100
AcDbEntity
  8
ROADS
100
AcDbPolyline
 90
2
 70
0
 10
625013.1295517951
 20
4839647.396557263
 10
625012.4741269987
 20
4839658.41831338
  0
LWPOLYLINE
  5
AD
330
17
100
AcDbEntity
  8
ROADS
100
AcDbPolyline
 90
2
 70
0
 10
625012.4741269987
 20
4839658.41831338
 10
625020.6196161469
 20
4839690.698465194
  0
LWPOLYLINE
  5
AE
330
17
100
AcDbEntity
  8
ROADS
100
AcDbPolyline
 90
2
 70
0
 10
625275.0593606841
 20
4839643.574759437
 10
625249.3029590189
 20
4839720.463146825
  0
LWPOLYLINE
  5
AF
330
17
100
AcDbEntity
  8
ROADS
100
AcDbPolyline
 90
2
 70
0
 10
625249.3029590189
 20
4839720.463146825
 10
625013.1295517951
 20
4839647.396557263
  0
LWPOLYLINE
  5
B0
330
17
100
AcDbEntity
  8
ROADS
100
AcDbPolyline
 90
2
 70
0
 10
625187.2452083613
 20
4839714.010121112
 10
625012.4741269987
 20
4839658.41831338
  0
LWPOLYLINE
  5
B1
330
17
100
AcDbEntity
  8
ROADS
100
AcDbPolyline
 90
2
 70
0
 10
625020.6196161469
 20
4839690.698465194
 10
625007.9786567556
 20
4839702.127418877
  0
LWPOLYLINE
  5
B2
330
17
100
AcDbEntity
  8
ROADS
100
AcDbPolyline
 90
2
 70
0
 10
625007.9786567556
 20
4839702.127418877
 10
624985.2140128417
 20
4839697.864356485
  0
LWPOLYLINE
  5
B3
330
17
100
AcDbEntity
  8
ROADS
100
AcDbPolyline
 90
2
 70
0
 10
625020.6196161469
 20
4839690.698465194
 10
625031.4175156362
 20
4839710.194890643
  0
LWPOLYLINE
  5
B4
330
17
100
AcDbEntity
  8
ROADS
100
AcDbPolyline
 90
2
 70
0
 10
625031.4175156362
 20
4839710.194890643
 10
625007.9786567556
 20
4839702.127418877
  0
LWPOLYLINE
  5
B5
330
17
100
AcDbEntity
  8
ROADS
100
AcDbPolyline
 90
2
 70
0
 10
625226.5900045832
 20
4839723.743439916
 10
625187.2452083613
 20
4839714.010121112
  0
LWPOLYLINE
  5
B6
330
17
100
AcDbEntity
  8
ROADS
100
AcDbPolyline
 90
2
 70
0
 10
624744.6296763286
 20
4839630.318344372
 10
624548.911102854
 20
4839589.10298444
  0
LWPOLYLINE
  5
B7
330
17
100
AcDbEntity
  8
ROADS
100
AcDbPolyline
 90
2
 70
0
 10
624548.911102854
 20
4839589.10298444
 10
624521.8805423381
 20
4839657.79121452
  0
LWPOLYLINE
  5
B8
330
17
100
AcDbEntity
  8
ROADS
100
AcDbPolyline
 90
2
 70
0
 10
624521.8805423381
 20
4839657.79121452
 10
624330.9220912821
 20
4839625.517955182
  0
LWPOLYLINE
  5
B9
330
17
100
AcDbEntity
  8
ROADS
100
AcDbPolyline
 90
2
 70
0
 10
624330.9220912821
 20
4839625.517955182
 10
624318.892006177
 20
4839658.930115729
  0
LWPOLYLINE
  5
BA
330
17
100
AcDbEntity
  8
ROADS
100
AcDbPolyline
 90
2
 70
0
 10
624772.1366960828
 20
4839695.462533601
 10
624521.8805423381
 20
4839657.79121452
  0
LWPOLYLINE
  5
BB
330
17
100
AcDbEntity
  8
ROADS
100
AcDbPolyline
 90
2
 70
0
 10
624318.892006177
 20
4839658.930115729
 10
624300.8288624818
 20
4839714.217302822
  0
LWPOLYLINE
  5
BC
330
17
100
AcDbEntity
  8
ROADS
100
AcDbPolyline
 90
2
 70
0
 10
624521.8805423381
 20
4839657.79121452
 10
624501.5054609784
 20
4839717.931873392
  0
LWPOLYLINE
  5
BD
330
17
100
AcDbEntity
  8
ROADS
100
AcDbPolyline
 90
2
 70
0
 10
624501.5054609784
 20
4839717.931873392
 10
624318.892006177
 20
4839658.930115729
  0
LWPOLYLINE
  5
BE
330
17
100
AcDbEntity
  8
ROADS
100
AcDbPolyline
 90
2
 70
0
 10
624501.5054609784
 20
4839717.931873392
 10
624487.7618337633
 20
4839760.654551963
  0
LWPOLYLINE
  5
BF
330
17
100
AcDbEntity
  8
ROADS
100
AcDbPolyline
 90
2
 70
0
 10
624751.033679638
 20
4839802.028612842
 10
624501.5054609784
 20
4839717.931873392
  0
LWPOLYLINE
  5
C0
330
17
100
AcDbEntity
  8
ROADS
100
AcDbPolyline
 90
2
 70
0
 10
625087.5603565777
 20
4839731.713750155
 10
625031.4175156362
 20
4839710.194890643
  0
LWPOLYLINE
  5
C1
330
17
100
AcDbEntity
  8
ROADS
100
AcDbPolyline
 90
2
 70
0
 10
625249.3029590189
 20
4839720.463146825
 10
625226.5900045832
 20
4839723.743439916
  0
LWPOLYLINE
  5
C2
330
17
100
AcDbEntity
  8
ROADS
100
AcDbPolyline
 90
2
 70
0
 10
625187.2452083613
 20
4839714.010121112
 10
625184.0487987078
 20
4839739.7267397065
  0
LWPOLYLINE
  5
C3
330
17
100
AcDbEntity
  8
ROADS
100
AcDbPolyline
 90
2
 70
0
 10
625226.5900045832
 20
4839723.743439916
 10
625200.9555805468
 20
4839735.617864059
  0
LWPOLYLINE
  5
C4
330
17
100
AcDbEntity
  8
ROADS
100
AcDbPolyline
 90
2
 70
0
 10
625226.5900045832
 20
4839723.743439916
 10
625226.2977506205
 20
4839739.473704479
  0
LWPOLYLINE
  5
C5
330
17
100
AcDbEntity
  8
ROADS
100
AcDbPolyline
 90
2
 70
0
 10
625200.9555805468
 20
4839735.617864059
 10
625184.0487987078
 20
4839739.7267397065
  0
LWPOLYLINE
  5
C6
330
17
100
AcDbEntity
  8
ROADS
100
AcDbPolyline
 90
2
 70
0
 10
625156.7042954599
 20
4839744.368319124
 10
625087.5603565777
 20
4839731.713750155
  0
LWPOLYLINE
  5
C7
330
17
100
AcDbEntity
  8
ROADS
100
AcDbPolyline
 90
2
 70
0
 10
625200.9555805468
 20
4839735.617864059
 10
625210.4002722005
 20
4839742.822629873
  0
LWPOLYLINE
  5
C8
330
17
100
AcDbEntity
  8
ROADS
100
AcDbPolyline
 90
2
 70
0
 10
625087.5603565777
 20
4839731.713750155
 10
625097.7649257709
 20
4839748.57329966
  0
LWPOLYLINE
  5
C9
330
17
100
AcDbEntity
  8
ROADS
100
AcDbPolyline
 90
2
 70
0
 10
625226.2977506205
 20
4839739.473704479
 10
625210.4002722005
 20
4839742.822629873
  0
LWPOLYLINE
  5
CA
330
17
100
AcDbEntity
  8
ROADS
100
AcDbPolyline
 90
2
 70
0
 10
624819.8059302915
 20
4839736.610162481
 10
624843.7475629402
 20
4839669.983610653
  0
LWPOLYLINE
  5
CB
330
17
100
AcDbEntity
  8
ROADS
100
AcDbPolyline
 90
2
 70
0
 10
624772.1366960828
 20
4839695.462533601
 10
624766.6868391376
 20
4839719.59426721
  0
LWPOLYLINE
  5
CC
330
17
100
AcDbEntity
  8
ROADS
100
AcDbPolyline
 90
2
 70
0
 10
624819.8059302915
 20
4839736.610162481
 10
624766.6868391376
 20
4839719.59426721
  0
LWPOLYLINE
  5
CD
330
17
100
AcDbEntity
  8
ROADS
100
AcDbPolyline
 90
3
 70
0
 10
624819.8059302915
 20
4839736.610162481
 10
624881.3578933916
 20
4839756.146759119
 10
624904.3680098215
 20
4839718.566951034
  0
LWPOLYLINE
  5
CE
330
17
100
AcDbEntity
  8
ROADS
100
AcDbPolyline
 90
2
 70
0
 10
624969.1409733368
 20
4839783.441335218
 10
624985.2140128417
 20
4839697.864356485
  0
LWPOLYLINE
  5
CF
330
17
100
AcDbEntity
  8
ROADS
100
AcDbPolyline
 90
2
 70
0
 10
624766.6868391376
 20
4839719.59426721
 10
624751.033679638
 20
4839802.028612842
  0
LWPOLYLINE
  5
D0
330
17
100
AcDbEntity
  8
ROADS
100
AcDbPolyline
 90
2
 70
0
 10
625012.6405346951
 20
4839797.363052519
 10
624969.1409733368
 20
4839783.441335218
  0
LWPOLYLINE
  5
D1
330
17
100
AcDbEntity
  8
ROADS
100
AcDbPolyline
 90
4
 70
0
 10
624969.1409733368
 20
4839783.441335218
 10
624944.7239835798
 20
4839775.627178639
 10
624821.2175549226
 20
4839816.123077557
 10
624751.033679638
 20
4839802.028612842
  0
LWPOLYLINE
  5
D2
330
17
100
AcDbEntity
  8
ROADS
100
AcDbPolyline
 90
2
 70
0
 10
624751.033679638
 20
4839802.028612842
 10
624736.4844383905
 20
4839881.87178025
  0
LWPOLYLINE
  5
D3
330
17
100
AcDbEntity
  8
ROADS
100
AcDbPolyline
 90
2
 70
0
 10
624832.3608887101
 20
4839877.716064249
 10
624842.5493342185
 20
4839875.677272151
  0
LWPOLYLINE
  5
D4
330
17
100
AcDbEntity
  8
ROADS
100
AcDbPolyline
 90
2
 70
0
 10
625184.0487987078
 20
4839739.7267397065
 10
625156.7042954599
 20
4839744.368319124
  0
LWPOLYLINE
  5
D5
330
17
100
AcDbEntity
  8
ROADS
100
AcDbPolyline
 90
3
 70
0
 10
625210.4002722005
 20
4839742.822629873
 10
625198.8282418244
 20
4839751.853791213
 10
625200.9555805468
 20
4839735.617864059
  0
LWPOLYLINE
  5
D6
330
17
100
AcDbEntity
  8
ROADS
100
AcDbPolyline
 90
2
 70
0
 10
625226.2977506205
 20
4839739.473704479
 10
625222.9200490174
 20
4839776.841534896
  0
LWPOLYLINE
  5
D7
330
17
100
AcDbEntity
  8
ROADS
100
AcDbPolyline
 90
2
 70
0
 10
625222.9200490174
 20
4839776.841534896
 10
625156.7042954599
 20
4839744.368319124
  0
LWPOLYLINE
  5
D8
330
17
100
AcDbEntity
  8
ROADS
100
AcDbPolyline
 90
2
 70
0
 10
625240.8330351583
 20
4839787.317684848
 10
625222.9200490174
 20
4839776.841534896
  0
LWPOLYLINE
  5
D9
330
17
100
AcDbEntity
  8
ROADS
100
AcDbPolyline
 90
4
 70
0
 10
625079.0798132519
 20
4839818.723188756
 10
625087.9689681497
 20
4839778.500755258
 10
625028.4790369102
 20
4839759.519477766
 10
625012.6405346951
 20
4839797.363052519
  0
LWPOLYLINE
  5
DA
330
17
100
AcDbEntity
  8
ROADS
100
AcDbPolyline
 90
2
 70
0
 10
625034.8760258442
 20
4839804.47970809
 10
625012.6405346951
 20
4839797.363052519
  0
LWPOLYLINE
  5
DB
330
17
100
AcDbEntity
  8
ROADS
100
AcDbPolyline
 90
2
 70
0
 10
625334.7323718016
 20
4839817.183424092
 10
625240.8330351583
 20
4839787.317684848
  0
LWPOLYLINE
  5
DC
330
17
100
AcDbEntity
  8
ROADS
100
AcDbPolyline
 90
2
 70
0
 10
625228.9950553037
 20
4839823.430558204
 10
625240.8330351583
 20
4839787.317684848
  0
LWPOLYLINE
  5
DD
330
17
100
AcDbEntity
  8
ROADS
100
AcDbPolyline
 90
2
 70
0
 10
625079.0798132519
 20
4839818.723188756
 10
625034.8760258442
 20
4839804.47970809
  0
LWPOLYLINE
  5
DE
330
17
100
AcDbEntity
  8
ROADS
100
AcDbPolyline
 90
2
 70
0
 10
625208.7041724935
 20
4839857.466390543
 10
625079.0798132519
 20
4839818.723188756
  0
LWPOLYLINE
  5
DF
330
17
100
AcDbEntity
  8
ROADS
100
AcDbPolyline
 90
2
 70
0
 10
625228.9950553037
 20
4839823.430558204
 10
625208.7041724935
 20
4839857.466390543
  0
LWPOLYLINE
  5
E0
330
17
100
AcDbEntity
  8
ROADS
100
AcDbPolyline
 90
2
 70
0
 10
625319.6793648452
 20
4839860.123196184
 10
625228.9950553037
 20
4839823.430558204
  0
LWPOLYLINE
  5
E1
330
17
100
AcDbEntity
  8
ROADS
100
AcDbPolyline
 90
2
 70
0
 10
625034.8760258442
 20
4839804.47970809
 10
625017.2878862149
 20
4839895.804604847
  0
LWPOLYLINE
  5
E2
330
17
100
AcDbEntity
  8
ROADS
100
AcDbPolyline
 90
2
 70
0
 10
625311.7934542081
 20
4839889.666201728
 10
625208.7041724935
 20
4839857.466390543
  0
LWPOLYLINE
  5
E3
330
17
100
AcDbEntity
  8
ROADS
100
AcDbPolyline
 90
2
 70
0
 10
625208.7041724935
 20
4839857.466390543
 10
625178.1554644788
 20
4839949.112876598
  0
LWPOLYLINE
  5
E4
330
17
100
AcDbEntity
  8
ROADS
100
AcDbPolyline
 90
2
 70
0
 10
625178.1554644788
 20
4839949.112876598
 10
625017.2878862149
 20
4839895.804604847
  0
LWPOLYLINE
  5
E5
330
17
100
AcDbEntity
  8
ROADS
100
AcDbPolyline
 90
2
 70
0
 10
625017.2878862149
 20
4839895.804604847
 10
624999.9759747933
 20
4839977.1669359105
  0
LWPOLYLINE
  5
E6
330
17
100
AcDbEntity
  8
ROADS
100
AcDbPolyline
 90
2
 70
0
 10
625372.518054738
 20
4840008.830535161
 10
625178.1554644788
 20
4839949.112876598
  0
LWPOLYLINE
  5
E7
330
17
100
AcDbEntity
  8
ROADS
100
AcDbPolyline
 90
2
 70
0
 10
624999.9759747933
 20
4839977.1669359105
 10
624997.9139192334
 20
4839989.766330894
  0
LWPOLYLINE
  5
E8
330
17
100
AcDbEntity
  8
ROADS
100
AcDbPolyline
 90
2
 70
0
 10
624832.3608887101
 20
4839877.716064249
 10
624838.1931595582
 20
4839886.78407628
  0
LWPOLYLINE
  5
E9
330
17
100
AcDbEntity
  8
ROADS
100
AcDbPolyline
 90
3
 70
0
 10
624812.3117189528
 20
4839906.241922461
 10
624817.0040660364
 20
4839880.644403463
 10
624832.3608887101
 20
4839877.716064249
  0
LWPOLYLINE
  5
EA
330
17
100
AcDbEntity
  8
ROADS
100
AcDbPolyline
 90
2
 70
0
 10
624812.3117189528
 20
4839906.241922461
 10
624736.4844383905
 20
4839881.87178025
  0
LWPOLYLINE
  5
EB
330
17
100
AcDbEntity
  8
ROADS
100
AcDbPolyline
 90
2
 70
0
 10
624736.4844383905
 20
4839881.87178025
 10
624719.5160805568
 20
4839977.190023427
  0
LWPOLYLINE
  5
EC
330
17
100
AcDbEntity
  8
ROADS
100
AcDbPolyline
 90
2
 70
0
 10
624999.9759747933
 20
4839977.1669359105
 10
624812.3117189528
 20
4839906.241922461
  0
LWPOLYLINE
  5
ED
330
17
100
AcDbEntity
  8
ROADS
100
AcDbPolyline
 90
2
 70
0
 10
624764.604442213
 20
4839994.607691772
 10
624719.5160805568
 20
4839977.190023427
  0
LWPOLYLINE
  5
EE
330
17
100
AcDbEntity
  8
ROADS
100
AcDbPolyline
 90
2
 70
0
 10
624719.5160805568
 20
4839977.190023427
 10
624737.5690850447
 20
4840001.896982224
  0
LWPOLYLINE
  5
EF
330
17
100
AcDbEntity
  8
ROADS
100
AcDbPolyline
 90
2
 70
0
 10
624719.5160805568
 20
4839977.190023427
 10
624712.3697170315
 20
4840015.49383257
  0
LWPOLYLINE
  5
F0
330
17
100
AcDbEntity
  8
ROADS
100
AcDbPolyline
 90
2
 70
0
 10
624764.604442213
 20
4839994.607691772
 10
624737.5690850447
 20
4840001.896982224
  0
LWPOLYLINE
  5
F1
330
17
100
AcDbEntity
  8
ROADS
100
AcDbPolyline
 90
3
 70
0
 10
624764.604442213
 20
4839994.607691772
 10
624754.793059506
 20
4840023.120754096
 10
624732.7364024516
 20
4840017.286395252
  0
LWPOLYLINE
  5
F2
330
17
100
AcDbEntity
  8
ROADS
100
AcDbPolyline
 90
2
 70
0
 10
625356.0406294952
 20
4839391.40846076
 10
625284.7712675389
 20
4839370.254530236
  0
LWPOLYLINE
  5
F3
330
17
100
AcDbEntity
  8
ROADS
100
AcDbPolyline
 90
2
 70
0
 10
625473.4976883933
 20
4839427.14426605
 10
625356.0406294952
 20
4839391.40846076
  0
LWPOLYLINE
  5
F4
330
17
100
AcDbEntity
  8
ROADS
100
AcDbPolyline
 90
2
 70
0
 10
625356.0406294952
 20
4839391.40846076
 10
625341.4676989665
 20
4839434.339271002
  0
LWPOLYLINE
  5
F5
330
17
100
AcDbEntity
  8
ROADS
100
AcDbPolyline
 90
2
 70
0
 10
625341.4676989665
 20
4839434.339271002
 10
625328.1931961881
 20
4839476.918546162
  0
LWPOLYLINE
  5
F6
330
17
100
AcDbEntity
  8
ROADS
100
AcDbPolyline
 90
2
 70
0
 10
625535.6480777813
 20
4839495.638279078
 10
625341.4676989665
 20
4839434.339271002
  0
LWPOLYLINE
  5
F7
330
17
100
AcDbEntity
  8
ROADS
100
AcDbPolyline
 90
2
 70
0
 10
625328.1931961881
 20
4839476.918546162
 10
625301.5116002399
 20
4839558.736499392
  0
LWPOLYLINE
  5
F8
330
17
100
AcDbEntity
  8
ROADS
100
AcDbPolyline
 90
2
 70
0
 10
625693.370363497
 20
4839716.37195091
 10
625690.4852072343
 20
4839725.5426960215
  0
LWPOLYLINE
  5
F9
330
17
100
AcDbEntity
  8
ROADS
100
AcDbPolyline
 90
2
 70
0
 10
625700.3609271585
 20
4839729.5153193865
 10
625690.4852072343
 20
4839725.5426960215
  0
LWPOLYLINE
  5
FA
330
17
100
AcDbEntity
  8
ROADS
100
AcDbPolyline
 90
2
 70
0
 10
625690.4852072343
 20
4839725.5426960215
 10
625676.0566485873
 20
4839771.3523130845
  0
LWPOLYLINE
  5
FB
330
17
100
AcDbEntity
  8
ROADS
100
AcDbPolyline
 90
2
 70
0
 10
625588.0228934289
 20
4839558.984593354
 10
625328.1931961881
 20
4839476.918546162
  0
LWPOLYLINE
  5
FC
330
17
100
AcDbEntity
  8
ROADS
100
AcDbPolyline
 90
2
 70
0
 10
625669.6372173746
 20
4839676.574048102
 10
625301.5116002399
 20
4839558.736499392
  0
LWPOLYLINE
  5
FD
330
17
100
AcDbEntity
  8
ROADS
100
AcDbPolyline
 90
2
 70
0
 10
625676.0566485873
 20
4839771.3523130845
 10
625275.0593606841
 20
4839643.574759437
  0
LWPOLYLINE
  5
FE
330
17
100
AcDbEntity
  8
ROADS
100
AcDbPolyline
 90
2
 70
0
 10
625649.3522605826
 20
4839855.3090400165
 10
625249.3029590189
 20
4839720.463146825
  0
LWPOLYLINE
  5
FF
330
17
100
AcDbEntity
  8
ROADS
100
AcDbPolyline
 90
2
 70
0
 10
625385.2697272368
 20
4839833.637790823
 10
625334.7323718016
 20
4839817.183424092
  0
LWPOLYLINE
  5
100
330
17
100
AcDbEntity
  8
ROADS
100
AcDbPolyline
 90
2
 70
0
 10
625319.6793648452
 20
4839860.123196184
 10
625334.7323718016
 20
4839817.183424092
  0
LWPOLYLINE
  5
101
330
17
100
AcDbEntity
  8
ROADS
100
AcDbPolyline
 90
2
 70
0
 10
625385.2697272368
 20
4839833.637790823
 10
625630.7169171064
 20
4839912.866215812
  0
LWPOLYLINE
  5
102
330
17
100
AcDbEntity
  8
ROADS
100
AcDbPolyline
 90
2
 70
0
 10
625311.7934542081
 20
4839889.666201728
 10
625319.6793648452
 20
4839860.123196184
  0
LWPOLYLINE
  5
103
330
17
100
AcDbEntity
  8
ROADS
100
AcDbPolyline
 90
2
 70
0
 10
625399.3099490624
 20
4839920.867244846
 10
625311.7934542081
 20
4839889.666201728
  0
LWPOLYLINE
  5
104
330
17
100
AcDbEntity
  8
ROADS
100
AcDbPolyline
 90
2
 70
0
 10
625606.7506967668
 20
4839984.383744007
 10
625399.3099490624
 20
4839920.867244846
  0
LWPOLYLINE
  5
105
330
17
100
AcDbEntity
  8
ROADS
100
AcDbPolyline
 90
2
 70
0
 10
625676.0566485873
 20
4839771.3523130845
 10
625649.3522605826
 20
4839855.3090400165
  0
LWPOLYLINE
  5
106
330
17
100
AcDbEntity
  8
ROADS
100
AcDbPolyline
 90
3
 70
0
 10
625752.0772841055
 20
4839848.427457201
 10
625739.7472149127
 20
4839897.498813511
 10
625773.4486048399
 20
4839910.6613935465
  0
LWPOLYLINE
  5
107
330
17
100
AcDbEntity
  8
ROADS
100
AcDbPolyline
 90
2
 70
0
 10
625649.3522605826
 20
4839855.3090400165
 10
625630.7169171064
 20
4839912.866215812
  0
LWPOLYLINE
  5
108
330
17
100
AcDbEntity
  8
ROADS
100
AcDbPolyline
 90
2
 70
0
 10
625630.7169171064
 20
4839912.866215812
 10
625606.7506967668
 20
4839984.383744007
  0
LWPOLYLINE
  5
109
330
17
100
AcDbEntity
  8
ROADS
100
AcDbPolyline
 90
2
 70
0
 10
625671.135724467
 20
4840003.656668524
 10
625606.7506967668
 20
4839984.383744007
  0
LWPOLYLINE
  5
10A
330
17
100
AcDbEntity
  8
ROADS
100
AcDbPolyline
 90
2
 70
0
 10
625801.9246418518
 20
4840043.1732381815
 10
625671.135724467
 20
4840003.656668524
  0
LWPOLYLINE
  5
10B
330
17
100
AcDbEntity
  8
ROADS
100
AcDbPolyline
 90
2
 70
0
 10
625399.3099490624
 20
4839920.867244846
 10
625372.518054738
 20
4840008.830535161
  0
LWPOLYLINE
  5
10C
330
17
100
AcDbEntity
  8
ROADS
100
AcDbPolyline
 90
2
 70
0
 10
625606.7506967668
 20
4839984.383744007
 10
625578.2787389082
 20
4840073.006726793
  0
LWPOLYLINE
  5
10D
330
17
100
AcDbEntity
  8
ROADS
100
AcDbPolyline
 90
2
 70
0
 10
625578.2787389082
 20
4840073.006726793
 10
625372.518054738
 20
4840008.830535161
  0
LWPOLYLINE
  5
10E
330
17
100
AcDbEntity
  8
ROADS
100
AcDbPolyline
 90
2
 70
0
 10
625372.518054738
 20
4840008.830535161
 10
625344.4171636055
 20
4840098.778242171
  0
LWPOLYLINE
  5
10F
330
17
100
AcDbEntity
  8
ROADS
100
AcDbPolyline
 90
2
 70
0
 10
625578.2787389082
 20
4840073.006726793
 10
625553.698172744
 20
4840159.961002131
  0
LWPOLYLINE
  5
110
330
17
100
AcDbEntity
  8
ROADS
100
AcDbPolyline
 90
2
 70
0
 10
625553.698172744
 20
4840159.961002131
 10
625344.4171636055
 20
4840098.778242171
  0
LWPOLYLINE
  5
111
330
17
100
AcDbEntity
  8
ROADS
100
AcDbPolyline
 90
2
 70
0
 10
625344.4171636055
 20
4840098.778242171
 10
625319.5467779929
 20
4840184.506142183
  0
LWPOLYLINE
  5
112
330
17
100
AcDbEntity
  8
ROADS
100
AcDbPolyline
 90
2
 70
0
 10
625553.698172744
 20
4840159.961002131
 10
625525.6396787047
 20
4840249.607495764
  0
LWPOLYLINE
  5
113
330
17
100
AcDbEntity
  8
ROADS
100
AcDbPolyline
 90
2
 70
0
 10
625525.6396787047
 20
4840249.607495764
 10
625319.5467779929
 20
4840184.506142183
  0
LWPOLYLINE
  5
114
330
17
100
AcDbEntity
  8
ROADS
100
AcDbPolyline
 90
2
 70
0
 10
625319.5467779929
 20
4840184.506142183
 10
625294.6120831504
 20
4840280.530448036
  0
LWPOLYLINE
  5
115
330
17
100
AcDbEntity
  8
ROADS
100
AcDbPolyline
 90
2
 70
0
 10
624737.5690850447
 20
4840001.896982224
 10
624732.7364024516
 20
4840017.286395252
  0
LWPOLYLINE
  5
116
330
17
100
AcDbEntity
  8
ROADS
100
AcDbPolyline
 90
2
 70
0
 10
624732.7364024516
 20
4840017.286395252
 10
624712.3697170315
 20
4840015.49383257
  0
LWPOLYLINE
  5
117
330
17
100
AcDbEntity
  8
ROADS
100
AcDbPolyline
 90
2
 70
0
 10
624997.9139192334
 20
4839989.766330894
 10
624968.9560566577
 20
4840078.219351613
  0
LWPOLYLINE
  5
118
330
17
100
AcDbEntity
  8
ROADS
100
AcDbPolyline
 90
4
 70
0
 10
624968.9560566577
 20
4840078.219351613
 10
624849.2249590673
 20
4840037.618972729
 10
624819.1621800255
 20
4840007.556433978
 10
624764.604442213
 20
4839994.607691772
  0
LWPOLYLINE
  5
119
330
17
100
AcDbEntity
  8
ROADS
100
AcDbPolyline
 90
2
 70
0
 10
624712.3697170315
 20
4840015.49383257
 10
624695.8349142121
 20
4840114.097086314
  0
LWPOLYLINE
  5
11A
330
17
100
AcDbEntity
  8
ROADS
100
AcDbPolyline
 90
2
 70
0
 10
624695.8349142121
 20
4840114.097086314
 10
624690.261906607
 20
4840141.385752775
  0
LWPOLYLINE
  5
11B
330
17
100
AcDbEntity
  8
ROADS
100
AcDbPolyline
 90
2
 70
0
 10
624968.9560566577
 20
4840078.219351613
 10
624935.8725832535
 20
4840189.188464887
  0
LWPOLYLINE
  5
11C
330
17
100
AcDbEntity
  8
ROADS
100
AcDbPolyline
 90
2
 70
0
 10
624935.8725832535
 20
4840189.188464887
 10
624695.8349142121
 20
4840114.097086314
  0
LWPOLYLINE
  5
11D
330
17
100
AcDbEntity
  8
ROADS
100
AcDbPolyline
 90
2
 70
0
 10
624690.261906607
 20
4840141.385752775
 10
624676.0236246336
 20
4840217.690324954
  0
LWPOLYLINE
  5
11E
330
17
100
AcDbEntity
  8
ROADS
100
AcDbPolyline
 90
2
 70
0
 10
624935.8725832535
 20
4840189.188464887
 10
624918.1555278325
 20
4840246.565604242
  0
LWPOLYLINE
  5
11F
330
17
100
AcDbEntity
  8
ROADS
100
AcDbPolyline
 90
2
 70
0
 10
625178.1554644788
 20
4839949.112876598
 10
625150.2750995541
 20
4840036.712394106
  0
LWPOLYLINE
  5
120
330
17
100
AcDbEntity
  8
ROADS
100
AcDbPolyline
 90
2
 70
0
 10
625150.2750995541
 20
4840036.712394106
 10
624997.9139192334
 20
4839989.766330894
  0
LWPOLYLINE
  5
121
330
17
100
AcDbEntity
  8
ROADS
100
AcDbPolyline
 90
2
 70
0
 10
625344.4171636055
 20
4840098.778242171
 10
625150.2750995541
 20
4840036.712394106
  0
LWPOLYLINE
  5
122
330
17
100
AcDbEntity
  8
ROADS
100
AcDbPolyline
 90
2
 70
0
 10
625150.2750995541
 20
4840036.712394106
 10
625124.502549088
 20
4840125.654106796
  0
LWPOLYLINE
  5
123
330
17
100
AcDbEntity
  8
ROADS
100
AcDbPolyline
 90
2
 70
0
 10
625124.502549088
 20
4840125.654106796
 10
624968.9560566577
 20
4840078.219351613
  0
LWPOLYLINE
  5
124
330
17
100
AcDbEntity
  8
ROADS
100
AcDbPolyline
 90
2
 70
0
 10
625319.5467779929
 20
4840184.506142183
 10
625124.502549088
 20
4840125.654106796
  0
LWPOLYLINE
  5
125
330
17
100
AcDbEntity
  8
ROADS
100
AcDbPolyline
 90
2
 70
0
 10
625124.502549088
 20
4840125.654106796
 10
625082.1988648584
 20
4840220.244038782
  0
LWPOLYLINE
  5
126
330
17
100
AcDbEntity
  8
ROADS
100
AcDbPolyline
 90
2
 70
0
 10
625082.1988648584
 20
4840220.244038782
 10
624935.8725832535
 20
4840189.188464887
  0
LWPOLYLINE
  5
127
330
17
100
AcDbEntity
  8
ROADS
100
AcDbPolyline
 90
2
 70
0
 10
625185.7041619598
 20
4840252.882501622
 10
625082.1988648584
 20
4840220.244038782
  0
LWPOLYLINE
  5
128
330
17
100
AcDbEntity
  8
ROADS
100
AcDbPolyline
 90
2
 70
0
 10
625082.1988648584
 20
4840220.244038782
 10
625055.6710175091
 20
4840292.063099903
  0
LWPOLYLINE
  5
129
330
17
100
AcDbEntity
  8
ROADS
100
AcDbPolyline
 90
2
 70
0
 10
624765.4340065778
 20
4840245.631483452
 10
624676.0236246336
 20
4840217.690324954
  0
LWPOLYLINE
  5
12A
330
17
100
AcDbEntity
  8
ROADS
100
AcDbPolyline
 90
2
 70
0
 10
624765.4340065778
 20
4840245.631483452
 10
624758.6834965686
 20
4840271.948796552
  0
LWPOLYLINE
  5
12B
330
17
100
AcDbEntity
  8
ROADS
100
AcDbPolyline
 90
2
 70
0
 10
624905.6326667296
 20
4840288.084335489
 10
624765.4340065778
 20
4840245.631483452
  0
LWPOLYLINE
  5
12C
330
17
100
AcDbEntity
  8
ROADS
100
AcDbPolyline
 90
2
 70
0
 10
624918.1555278325
 20
4840246.565604242
 10
624905.6326667296
 20
4840288.084335489
  0
LWPOLYLINE
  5
12D
330
17
100
AcDbEntity
  8
ROADS
100
AcDbPolyline
 90
2
 70
0
 10
625055.6710175091
 20
4840292.063099903
 10
624918.1555278325
 20
4840246.565604242
  0
LWPOLYLINE
  5
12E
330
17
100
AcDbEntity
  8
ROADS
100
AcDbPolyline
 90
2
 70
0
 10
624905.6326667296
 20
4840288.084335489
 10
624878.9091822355
 20
4840373.921588624
  0
LWPOLYLINE
  5
12F
330
17
100
AcDbEntity
  8
ROADS
100
AcDbPolyline
 90
2
 70
0
 10
624878.9091822355
 20
4840373.921588624
 10
624820.6254942007
 20
4840357.753195319
  0
LWPOLYLINE
  5
130
330
17
100
AcDbEntity
  8
ROADS
100
AcDbPolyline
 90
2
 70
0
 10
624960.4142453864
 20
4840396.773494054
 10
624878.9091822355
 20
4840373.921588624
  0
LWPOLYLINE
  5
131
330
17
100
AcDbEntity
  8
ROADS
100
AcDbPolyline
 90
2
 70
0
 10
625020.135658539
 20
4840411.138812371
 10
624960.4142453864
 20
4840396.773494054
  0
LWPOLYLINE
  5
132
330
17
100
AcDbEntity
  8
ROADS
100
AcDbPolyline
 90
2
 70
0
 10
624727.5017661932
 20
4840423.227939091
 10
624691.8113926667
 20
4840411.920583856
  0
LWPOLYLINE
  5
133
330
17
100
AcDbEntity
  8
ROADS
100
AcDbPolyline
 90
2
 70
0
 10
625294.6120831504
 20
4840280.530448036
 10
625185.7041619598
 20
4840252.882501622
  0
LWPOLYLINE
  5
134
330
17
100
AcDbEntity
  8
ROADS
100
AcDbPolyline
 90
2
 70
0
 10
625185.7041619598
 20
4840252.882501622
 10
625126.6385051142
 20
4840444.251589148
  0
LWPOLYLINE
  5
135
330
17
100
AcDbEntity
  8
ROADS
100
AcDbPolyline
 90
2
 70
0
 10
625055.6710175091
 20
4840292.063099903
 10
625020.135658539
 20
4840411.138812371
  0
LWPOLYLINE
  5
136
330
17
100
AcDbEntity
  8
ROADS
100
AcDbPolyline
 90
3
 70
0
 10
625294.6120831504
 20
4840280.530448036
 10
625253.2114476289
 20
4840410.545745069
 10
625201.0872263892
 20
4840468.098414147
  0
LWPOLYLINE
  5
137
330
17
100
AcDbEntity
  8
ROADS
100
AcDbPolyline
 90
2
 70
0
 10
625126.6385051142
 20
4840444.251589148
 10
625020.135658539
 20
4840411.138812371
  0
LWPOLYLINE
  5
138
330
17
100
AcDbEntity
  8
ROADS
100
AcDbPolyline
 90
2
 70
0
 10
625201.0872263892
 20
4840468.098414147
 10
625126.6385051142
 20
4840444.251589148
  0
LWPOLYLINE
  5
139
330
17
100
AcDbEntity
  8
ROADS
100
AcDbPolyline
 90
2
 70
0
 10
625201.0872263892
 20
4840468.098414147
 10
625169.1763655266
 20
4840562.392848561
  0
LWPOLYLINE
  5
13A
330
17
100
AcDbEntity
  8
ROADS
100
AcDbPolyline
 90
2
 70
0
 10
625169.1763655266
 20
4840562.392848561
 10
624931.7918733847
 20
4840488.068699189
  0
LWPOLYLINE
  5
13B
330
17
100
AcDbEntity
  8
ROADS
100
AcDbPolyline
 90
2
 70
0
 10
625408.2341027744
 20
4840631.35607009
 10
625169.1763655266
 20
4840562.392848561
  0
LWPOLYLINE
  5
13C
330
17
100
AcDbEntity
  8
ROADS
100
AcDbPolyline
 90
2
 70
0
 10
625169.1763655266
 20
4840562.392848561
 10
625140.0460804416
 20
4840654.230937916
  0
LWPOLYLINE
  5
13D
330
17
100
AcDbEntity
  8
ROADS
100
AcDbPolyline
 90
3
 70
0
 10
624727.5017661932
 20
4840423.227939091
 10
624745.1321312609
 20
4840413.0913645355
 10
624745.1764506185
 20
4840428.826029674
  0
LWPOLYLINE
  5
13E
330
17
100
AcDbEntity
  8
ROADS
100
AcDbPolyline
 90
2
 70
0
 10
624745.1764506185
 20
4840428.826029674
 10
624727.5017661932
 20
4840423.227939091
  0
LWPOLYLINE
  5
13F
330
17
100
AcDbEntity
  8
ROADS
100
AcDbPolyline
 90
2
 70
0
 10
624691.8113926667
 20
4840411.920583856
 10
624682.9438527473
 20
4840455.80854587
  0
LWPOLYLINE
  5
140
330
17
100
AcDbEntity
  8
ROADS
100
AcDbPolyline
 90
2
 70
0
 10
624960.4142453864
 20
4840396.773494054
 10
624931.7918733847
 20
4840488.068699189
  0
LWPOLYLINE
  5
141
330
17
100
AcDbEntity
  8
ROADS
100
AcDbPolyline
 90
2
 70
0
 10
624931.7918733847
 20
4840488.068699189
 10
624745.1764506185
 20
4840428.826029674
  0
LWPOLYLINE
  5
142
330
17
100
AcDbEntity
  8
ROADS
100
AcDbPolyline
 90
2
 70
0
 10
624931.7918733847
 20
4840488.068699189
 10
624902.1700585305
 20
4840579.32880412
  0
LWPOLYLINE
  5
143
330
17
100
AcDbEntity
  8
ROADS
100
AcDbPolyline
 90
2
 70
0
 10
624902.1700585305
 20
4840579.32880412
 10
624624.1243755776
 20
4840492.854353781
  0
LWPOLYLINE
  5
144
330
17
100
AcDbEntity
  8
ROADS
100
AcDbPolyline
 90
2
 70
0
 10
624902.1700585305
 20
4840579.32880412
 10
624870.254187712
 20
4840675.50265741
  0
LWPOLYLINE
  5
145
330
17
100
AcDbEntity
  8
ROADS
100
AcDbPolyline
 90
2
 70
0
 10
624870.254187712
 20
4840675.50265741
 10
624605.9312793175
 20
4840591.516559827
  0
LWPOLYLINE
  5
146
330
17
100
AcDbEntity
  8
ROADS
100
AcDbPolyline
 90
2
 70
0
 10
625109.9302985495
 20
4840749.850392128
 10
624870.254187712
 20
4840675.50265741
  0
LWPOLYLINE
  5
147
330
17
100
AcDbEntity
  8
ROADS
100
AcDbPolyline
 90
2
 70
0
 10
624434.2012676775
 20
4840458.576234212
 10
624402.1152027951
 20
4840555.040900084
  0
LWPOLYLINE
  5
148
330
17
100
AcDbEntity
  8
ROADS
100
AcDbPolyline
 90
2
 70
0
 10
624570.4875942798
 20
4840491.022806491
 10
624560.693752537
 20
4840552.27893454
  0
LWPOLYLINE
  5
149
330
17
100
AcDbEntity
  8
ROADS
100
AcDbPolyline
 90
2
 70
0
 10
624624.1243755776
 20
4840492.854353781
 10
624605.9312793175
 20
4840591.516559827
  0
LWPOLYLINE
  5
14A
330
17
100
AcDbEntity
  8
ROADS
100
AcDbPolyline
 90
2
 70
0
 10
624600.855489141
 20
4840620.782315699
 10
624402.1152027951
 20
4840555.040900084
  0
LWPOLYLINE
  5
14B
330
17
100
AcDbEntity
  8
ROADS
100
AcDbPolyline
 90
2
 70
0
 10
624402.1152027951
 20
4840555.040900084
 10
624364.1365520366
 20
4840647.539717711
  0
LWPOLYLINE
  5
14C
330
17
100
AcDbEntity
  8
ROADS
100
AcDbPolyline
 90
2
 70
0
 10
624605.9312793175
 20
4840591.516559827
 10
624600.855489141
 20
4840620.782315699
  0
LWPOLYLINE
  5
14D
330
17
100
AcDbEntity
  8
ROADS
100
AcDbPolyline
 90
2
 70
0
 10
624364.1365520366
 20
4840647.539717711
 10
624375.0907431162
 20
4840658.0074794525
  0
LWPOLYLINE
  5
14E
330
17
100
AcDbEntity
  8
ROADS
100
AcDbPolyline
 90
2
 70
0
 10
624600.855489141
 20
4840620.782315699
 10
624583.677553202
 20
4840720.099912212
  0
LWPOLYLINE
  5
14F
330
17
100
AcDbEntity
  8
ROADS
100
AcDbPolyline
 90
2
 70
0
 10
624375.0907431162
 20
4840658.0074794525
 10
624364.716203416
 20
4840688.459404867
  0
LWPOLYLINE
  5
150
330
17
100
AcDbEntity
  8
ROADS
100
AcDbPolyline
 90
2
 70
0
 10
624583.677553202
 20
4840720.099912212
 10
624375.0907431162
 20
4840658.0074794525
  0
LWPOLYLINE
  5
151
330
17
100
AcDbEntity
  8
ROADS
100
AcDbPolyline
 90
2
 70
0
 10
625140.0460804416
 20
4840654.230937916
 10
624902.1700585305
 20
4840579.32880412
  0
LWPOLYLINE
  5
152
330
17
100
AcDbEntity
  8
ROADS
100
AcDbPolyline
 90
2
 70
0
 10
625376.8560991546
 20
4840730.077940839
 10
625140.0460804416
 20
4840654.230937916
  0
LWPOLYLINE
  5
153
330
17
100
AcDbEntity
  8
ROADS
100
AcDbPolyline
 90
2
 70
0
 10
625140.0460804416
 20
4840654.230937916
 10
625109.9302985495
 20
4840749.850392128
  0
LWPOLYLINE
  5
154
330
17
100
AcDbEntity
  8
ROADS
100
AcDbPolyline
 90
2
 70
0
 10
625346.8755637007
 20
4840824.74234933
 10
625109.9302985495
 20
4840749.850392128
  0
LWPOLYLINE
  5
155
330
17
100
AcDbEntity
  8
ROADS
100
AcDbPolyline
 90
2
 70
0
 10
625109.9302985495
 20
4840749.850392128
 10
625079.9328365243
 20
4840846.667037403
  0
LWPOLYLINE
  5
156
330
17
100
AcDbEntity
  8
ROADS
100
AcDbPolyline
 90
2
 70
0
 10
625163.6793966808
 20
4840875.19194697
 10
625079.9328365243
 20
4840846.667037403
  0
LWPOLYLINE
  5
157
330
17
100
AcDbEntity
  8
ROADS
100
AcDbPolyline
 90
2
 70
0
 10
625250.5665800683
 20
4840901.482571295
 10
625331.983287849
 20
4840872.130073616
  0
LWPOLYLINE
  5
158
330
17
100
AcDbEntity
  8
ROADS
100
AcDbPolyline
 90
2
 70
0
 10
625250.5665800683
 20
4840901.482571295
 10
625163.6793966808
 20
4840875.19194697
  0
LWPOLYLINE
  5
159
330
17
100
AcDbEntity
  8
ROADS
100
AcDbPolyline
 90
2
 70
0
 10
625316.6453319509
 20
4840920.935309805
 10
625250.5665800683
 20
4840901.482571295
  0
LWPOLYLINE
  5
15A
330
17
100
AcDbEntity
  8
ROADS
100
AcDbPolyline
 90
2
 70
0
 10
625163.6793966808
 20
4840875.19194697
 10
625062.0784838689
 20
4840947.548113476
  0
LWPOLYLINE
  5
15B
330
17
100
AcDbEntity
  8
ROADS
100
AcDbPolyline
 90
2
 70
0
 10
624870.254187712
 20
4840675.50265741
 10
624845.4672690067
 20
4840776.286736891
  0
LWPOLYLINE
  5
15C
330
17
100
AcDbEntity
  8
ROADS
100
AcDbPolyline
 90
2
 70
0
 10
624845.4672690067
 20
4840776.286736891
 10
624757.2996103411
 20
4840739.633437284
  0
LWPOLYLINE
  5
15D
330
17
100
AcDbEntity
  8
ROADS
100
AcDbPolyline
 90
2
 70
0
 10
625079.9328365243
 20
4840846.667037403
 10
624845.4672690067
 20
4840776.286736891
  0
LWPOLYLINE
  5
15E
330
17
100
AcDbEntity
  8
ROADS
100
AcDbPolyline
 90
2
 70
0
 10
625062.0784838689
 20
4840947.548113476
 10
624570.5034289379
 20
4840793.628541725
  0
LWPOLYLINE
  5
15F
330
17
100
AcDbEntity
  8
ROADS
100
AcDbPolyline
 90
2
 70
0
 10
624779.2168506766
 20
4840966.170457698
 10
624873.195172242
 20
4840991.032308412
  0
LWPOLYLINE
  5
160
330
17
100
AcDbEntity
  8
ROADS
100
AcDbPolyline
 90
2
 70
0
 10
624873.195172242
 20
4840991.032308412
 10
624987.1482731582
 20
4841044.320186941
  0
LWPOLYLINE
  5
161
330
17
100
AcDbEntity
  8
ROADS
100
AcDbPolyline
 90
3
 70
0
 10
624873.195172242
 20
4840991.032308412
 10
624844.5787619048
 20
4841090.444997887
 10
624902.2458883326
 20
4841120.678142054
  0
LWPOLYLINE
  5
162
330
17
100
AcDbEntity
  8
ROADS
100
AcDbPolyline
 90
2
 70
0
 10
624779.2168506766
 20
4840966.170457698
 10
624723.5175673636
 20
4841149.220652521
  0
LWPOLYLINE
  5
163
330
17
100
AcDbEntity
  8
ROADS
100
AcDbPolyline
 90
3
 70
0
 10
625022.9202015265
 20
4841104.009790841
 10
624983.8425212092
 20
4841145.264984258
 10
624958.4791241458
 20
4841224.236422765
  0
LWPOLYLINE
  5
164
330
17
100
AcDbEntity
  8
ROADS
100
AcDbPolyline
 90
2
 70
0
 10
624723.5175673636
 20
4841149.220652521
 10
624958.4791241458
 20
4841224.236422765
  0
LWPOLYLINE
  5
165
330
17
100
AcDbEntity
  8
ROADS
100
AcDbPolyline
 90
2
 70
0
 10
624565.6000065311
 20
4840821.381328331
 10
624339.0973345886
 20
4840746.075961104
  0
LWPOLYLINE
  5
166
330
17
100
AcDbEntity
  8
ROADS
100
AcDbPolyline
 90
2
 70
0
 10
624339.0973345886
 20
4840746.075961104
 10
624308.6698363007
 20
4840838.420362858
  0
LWPOLYLINE
  5
167
330
17
100
AcDbEntity
  8
ROADS
100
AcDbPolyline
 90
2
 70
0
 10
624570.5034289379
 20
4840793.628541725
 10
624565.6000065311
 20
4840821.381328331
  0
LWPOLYLINE
  5
168
330
17
100
AcDbEntity
  8
ROADS
100
AcDbPolyline
 90
2
 70
0
 10
624565.6000065311
 20
4840821.381328331
 10
624550.0452512759
 20
4840909.913689638
  0
LWPOLYLINE
  5
169
330
17
100
AcDbEntity
  8
ROADS
100
AcDbPolyline
 90
2
 70
0
 10
624550.0452512759
 20
4840909.913689638
 10
624308.6698363007
 20
4840838.420362858
  0
LWPOLYLINE
  5
16A
330
17
100
AcDbEntity
  8
ROADS
100
AcDbPolyline
 90
3
 70
0
 10
624550.0452512759
 20
4840909.913689638
 10
624598.1666541551
 20
4840908.433327033
 10
624779.2168506766
 20
4840966.170457698
  0
LWPOLYLINE
  5
16B
330
17
100
AcDbEntity
  8
ROADS
100
AcDbPolyline
 90
2
 70
0
 10
624550.0452512759
 20
4840909.913689638
 10
624519.4326812641
 20
4841084.437243073
  0
LWPOLYLINE
  5
16C
330
17
100
AcDbEntity
  8
ROADS
100
AcDbPolyline
 90
2
 70
0
 10
624519.4326812641
 20
4841084.437243073
 10
624723.5175673636
 20
4841149.220652521
  0
LWPOLYLINE
  5
16D
330
17
100
AcDbEntity
  8
ROADS
100
AcDbPolyline
 90
2
 70
0
 10
624519.4326812641
 20
4841084.437243073
 10
624506.2189452493
 20
4841168.550702456
  0
LWPOLYLINE
  5
16E
330
17
100
AcDbEntity
  8
ROADS
100
AcDbPolyline
 90
2
 70
0
 10
624506.2189452493
 20
4841168.550702456
 10
624698.4976484692
 20
4841228.499261388
  0
LWPOLYLINE
  5
16F
330
17
100
AcDbEntity
  8
ROADS
100
AcDbPolyline
 90
2
 70
0
 10
625250.5665800683
 20
4840901.482571295
 10
625196.7439864298
 20
4841050.234063232
  0
LWPOLYLINE
  5
170
330
17
100
AcDbEntity
  8
ROADS
100
AcDbPolyline
 90
2
 70
0
 10
625062.0784838689
 20
4840947.548113476
 10
624987.1482731582
 20
4841044.320186941
  0
LWPOLYLINE
  5
171
330
17
100
AcDbEntity
  8
ROADS
100
AcDbPolyline
 90
2
 70
0
 10
625196.7439864298
 20
4841050.234063232
 10
625172.1429790375
 20
4841062.150587651
  0
LWPOLYLINE
  5
172
330
17
100
AcDbEntity
  8
ROADS
100
AcDbPolyline
 90
2
 70
0
 10
625111.6808597145
 20
4841049.258826956
 10
625118.5303904952
 20
4841068.040818282
  0
LWPOLYLINE
  5
173
330
17
100
AcDbEntity
  8
ROADS
100
AcDbPolyline
 90
2
 70
0
 10
625196.7439864298
 20
4841050.234063232
 10
625194.7106814771
 20
4841074.754650337
  0
LWPOLYLINE
  5
174
330
17
100
AcDbEntity
  8
ROADS
100
AcDbPolyline
 90
2
 70
0
 10
625286.2894726971
 20
4841017.437497732
 10
625256.9023599586
 20
4841110.97103041
  0
LWPOLYLINE
  5
175
330
17
100
AcDbEntity
  8
ROADS
100
AcDbPolyline
 90
2
 70
0
 10
625172.1429790375
 20
4841062.150587651
 10
625118.5303904952
 20
4841068.040818282
  0
LWPOLYLINE
  5
176
330
17
100
AcDbEntity
  8
ROADS
100
AcDbPolyline
 90
2
 70
0
 10
625194.7106814771
 20
4841074.754650337
 10
625172.1429790375
 20
4841062.150587651
  0
LWPOLYLINE
  5
177
330
17
100
AcDbEntity
  8
ROADS
100
AcDbPolyline
 90
2
 70
0
 10
624987.1482731582
 20
4841044.320186941
 10
625022.9202015265
 20
4841104.009790841
  0
LWPOLYLINE
  5
178
330
17
100
AcDbEntity
  8
ROADS
100
AcDbPolyline
 90
3
 70
0
 10
625194.7106814771
 20
4841074.754650337
 10
625212.4537473544
 20
4841099.095075026
 10
625256.9023599586
 20
4841110.97103041
  0
LWPOLYLINE
  5
179
330
17
100
AcDbEntity
  8
ROADS
100
AcDbPolyline
 90
3
 70
0
 10
625671.135724467
 20
4840003.656668524
 10
625644.7823002045
 20
4840091.371942496
 10
625690.2050178526
 20
4840107.782663073
  0
LWPOLYLINE
  5
17A
330
17
100
AcDbEntity
  8
ROADS
100
AcDbPolyline
 90
2
 70
0
 10
625811.5661049744
 20
4840248.8893057695
 10
625553.698172744
 20
4840159.961002131
  0
LWPOLYLINE
  5
17B
330
17
100
AcDbEntity
  8
ROADS
100
AcDbPolyline
 90
2
 70
0
 10
625684.494507124
 20
4840352.595462985
 10
625671.1861526626
 20
4840396.679221789
  0
LWPOLYLINE
  5
17C
330
17
100
AcDbEntity
  8
ROADS
100
AcDbPolyline
 90
2
 70
0
 10
625741.0572245708
 20
4840374.679099675
 10
625657.1911393104
 20
4840499.438932179
  0
LWPOLYLINE
  5
17D
330
17
100
AcDbEntity
  8
ROADS
100
AcDbPolyline
 90
2
 70
0
 10
625671.1861526626
 20
4840396.679221789
 10
625657.1911393104
 20
4840499.438932179
  0
LWPOLYLINE
  5
17E
330
17
100
AcDbEntity
  8
ROADS
100
AcDbPolyline
 90
2
 70
0
 10
625771.8300704405
 20
4840505.306247476
 10
625752.5938990717
 20
4840545.630719162
  0
LWPOLYLINE
  5
17F
330
17
100
AcDbEntity
  8
ROADS
100
AcDbPolyline
 90
2
 70
0
 10
625525.6396787047
 20
4840249.607495764
 10
625496.9246886638
 20
4840341.4337216485
  0
LWPOLYLINE
  5
180
330
17
100
AcDbEntity
  8
ROADS
100
AcDbPolyline
 90
2
 70
0
 10
625496.9246886638
 20
4840341.4337216485
 10
625294.6120831504
 20
4840280.530448036
  0
LWPOLYLINE
  5
181
330
17
100
AcDbEntity
  8
ROADS
100
AcDbPolyline
 90
2
 70
0
 10
625671.1861526626
 20
4840396.679221789
 10
625496.9246886638
 20
4840341.4337216485
  0
LWPOLYLINE
  5
182
330
17
100
AcDbEntity
  8
ROADS
100
AcDbPolyline
 90
2
 70
0
 10
625496.9246886638
 20
4840341.4337216485
 10
625468.7892400515
 20
4840435.054520054
  0
LWPOLYLINE
  5
183
330
17
100
AcDbEntity
  8
ROADS
100
AcDbPolyline
 90
2
 70
0
 10
625468.7892400515
 20
4840435.054520054
 10
625350.8175177439
 20
4840399.074049605
  0
LWPOLYLINE
  5
184
330
17
100
AcDbEntity
  8
ROADS
100
AcDbPolyline
 90
2
 70
0
 10
625468.7892400515
 20
4840435.054520054
 10
625593.7716611639
 20
4840473.120978236
  0
LWPOLYLINE
  5
185
330
17
100
AcDbEntity
  8
ROADS
100
AcDbPolyline
 90
2
 70
0
 10
625468.7892400515
 20
4840435.054520054
 10
625439.4235932854
 20
4840531.057680835
  0
LWPOLYLINE
  5
186
330
17
100
AcDbEntity
  8
ROADS
100
AcDbPolyline
 90
2
 70
0
 10
625439.4235932854
 20
4840531.057680835
 10
625393.8039801525
 20
4840518.125549543
  0
LWPOLYLINE
  5
187
330
17
100
AcDbEntity
  8
ROADS
100
AcDbPolyline
 90
2
 70
0
 10
625632.4634236229
 20
4840592.197870185
 10
625439.4235932854
 20
4840531.057680835
  0
LWPOLYLINE
  5
188
330
17
100
AcDbEntity
  8
ROADS
100
AcDbPolyline
 90
2
 70
0
 10
625439.4235932854
 20
4840531.057680835
 10
625408.2341027744
 20
4840631.35607009
  0
LWPOLYLINE
  5
189
330
17
100
AcDbEntity
  8
ROADS
100
AcDbPolyline
 90
2
 70
0
 10
625765.0836973477
 20
4840542.73040765
 10
625752.5938990717
 20
4840545.630719162
  0
LWPOLYLINE
  5
18A
330
17
100
AcDbEntity
  8
ROADS
100
AcDbPolyline
 90
2
 70
0
 10
625657.1911393104
 20
4840499.438932179
 10
625632.4634236229
 20
4840592.197870185
  0
LWPOLYLINE
  5
18B
330
17
100
AcDbEntity
  8
ROADS
100
AcDbPolyline
 90
2
 70
0
 10
625752.5938990717
 20
4840545.630719162
 10
625722.0522036725
 20
4840620.40644711
  0
LWPOLYLINE
  5
18C
330
17
100
AcDbEntity
  8
ROADS
100
AcDbPolyline
 90
2
 70
0
 10
625676.098723209
 20
4840605.861159691
 10
625632.4634236229
 20
4840592.197870185
  0
LWPOLYLINE
  5
18D
330
17
100
AcDbEntity
  8
ROADS
100
AcDbPolyline
 90
2
 70
0
 10
625722.0522036725
 20
4840620.40644711
 10
625676.098723209
 20
4840605.861159691
  0
LWPOLYLINE
  5
18E
330
17
100
AcDbEntity
  8
ROADS
100
AcDbPolyline
 90
2
 70
0
 10
625746.1292932999
 20
4840627.980938852
 10
625722.0522036725
 20
4840620.40644711
  0
LWPOLYLINE
  5
18F
330
17
100
AcDbEntity
  8
ROADS
100
AcDbPolyline
 90
3
 70
0
 10
625743.6900796604
 20
4840738.541302924
 10
625678.3243778183
 20
4840719.740994406
 10
625636.5036185351
 20
4840811.007558299
  0
LWPOLYLINE
  5
190
330
17
100
AcDbEntity
  8
ROADS
100
AcDbPolyline
 90
2
 70
0
 10
625636.5036185351
 20
4840811.007558299
 10
625581.1971984836
 20
4840793.224832204
  0
LWPOLYLINE
  5
191
330
17
100
AcDbEntity
  8
ROADS
100
AcDbPolyline
 90
2
 70
0
 10
625632.4634236229
 20
4840592.197870185
 10
625568.7492005695
 20
4840691.21575245
  0
LWPOLYLINE
  5
192
330
17
100
AcDbEntity
  8
ROADS
100
AcDbPolyline
 90
2
 70
0
 10
625568.7492005695
 20
4840691.21575245
 10
625408.2341027744
 20
4840631.35607009
  0
LWPOLYLINE
  5
193
330
17
100
AcDbEntity
  8
ROADS
100
AcDbPolyline
 90
2
 70
0
 10
625408.2341027744
 20
4840631.35607009
 10
625376.8560991546
 20
4840730.077940839
  0
LWPOLYLINE
  5
194
330
17
100
AcDbEntity
  8
ROADS
100
AcDbPolyline
 90
2
 70
0
 10
625528.9266517053
 20
4840776.896125321
 10
625568.7492005695
 20
4840691.21575245
  0
LWPOLYLINE
  5
195
330
17
100
AcDbEntity
  8
ROADS
100
AcDbPolyline
 90
2
 70
0
 10
625528.9266517053
 20
4840776.896125321
 10
625376.8560991546
 20
4840730.077940839
  0
LWPOLYLINE
  5
196
330
17
100
AcDbEntity
  8
ROADS
100
AcDbPolyline
 90
2
 70
0
 10
625376.8560991546
 20
4840730.077940839
 10
625346.8755637007
 20
4840824.74234933
  0
LWPOLYLINE
  5
197
330
17
100
AcDbEntity
  8
ROADS
100
AcDbPolyline
 90
2
 70
0
 10
625581.1971984836
 20
4840793.224832204
 10
625528.9266517053
 20
4840776.896125321
  0
LWPOLYLINE
  5
198
330
17
100
AcDbEntity
  8
ROADS
100
AcDbPolyline
 90
3
 70
0
 10
625528.9266517053
 20
4840776.896125321
 10
625488.7757666681
 20
4840866.46175913
 10
625346.8755637007
 20
4840824.74234933
  0
LWPOLYLINE
  5
199
330
17
100
AcDbEntity
  8
ROADS
100
AcDbPolyline
 90
2
 70
0
 10
625346.8755637007
 20
4840824.74234933
 10
625331.983287849
 20
4840872.130073616
  0
LWPOLYLINE
  5
19A
330
17
100
AcDbEntity
  8
ROADS
100
AcDbPolyline
 90
2
 70
0
 10
625331.983287849
 20
4840872.130073616
 10
625316.6453319509
 20
4840920.935309805
  0
LWPOLYLINE
  5
19B
330
17
100
AcDbEntity
  8
ROADS
100
AcDbPolyline
 90
2
 70
0
 10
625762.9891728034
 20
4840850.761052754
 10
625636.5036185351
 20
4840811.007558299
  0
LWPOLYLINE
  5
19C
330
17
100
AcDbEntity
  8
ROADS
100
AcDbPolyline
 90
2
 70
0
 10
625594.2682384374
 20
4840893.408088587
 10
625636.5036185351
 20
4840811.007558299
  0
LWPOLYLINE
  5
19D
330
17
100
AcDbEntity
  8
ROADS
100
AcDbPolyline
 90
2
 70
0
 10
625769.1988165299
 20
4840935.455839695
 10
625763.0433190572
 20
4840955.4530132655
  0
LWPOLYLINE
  5
19E
330
17
100
AcDbEntity
  8
ROADS
100
AcDbPolyline
 90
2
 70
0
 10
625763.0433190572
 20
4840955.4530132655
 10
625594.2682384374
 20
4840893.408088587
  0
LWPOLYLINE
  5
19F
330
17
100
AcDbEntity
  8
ROADS
100
AcDbPolyline
 90
2
 70
0
 10
625769.4904155324
 20
4840957.491327626
 10
625763.0433190572
 20
4840955.4530132655
  0
LWPOLYLINE
  5
1A0
330
17
100
AcDbEntity
  8
ROADS
100
AcDbPolyline
 90
2
 70
0
 10
625763.0433190572
 20
4840955.4530132655
 10
625731.6499933752
 20
4841052.196068455
  0
LWPOLYLINE
  5
1A1
330
17
100
AcDbEntity
  8
ROADS
100
AcDbPolyline
 90
2
 70
0
 10
625731.6499933752
 20
4841052.196068455
 10
625551.4993128886
 20
4840995.345063571
  0
LWPOLYLINE
  5
1A2
330
17
100
AcDbEntity
  8
ROADS
100
AcDbPolyline
 90
3
 70
0
 10
625700.6911822064
 20
4841149.076476425
 10
625524.6388946797
 20
4841092.660608337
 10
625551.4993128886
 20
4840995.345063571
  0
LWPOLYLINE
  5
1A3
330
17
100
AcDbEntity
  8
ROADS
100
AcDbPolyline
 90
2
 70
0
 10
625764.7383038544
 20
4841062.631995115
 10
625731.6499933752
 20
4841052.196068455
  0
LWPOLYLINE
  5
1A4
330
17
100
AcDbEntity
  8
ROADS
100
AcDbPolyline
 90
2
 70
0
 10
625443.306608989
 20
4840961.385446779
 10
625316.6453319509
 20
4840920.935309805
  0
LWPOLYLINE
  5
1A5
330
17
100
AcDbEntity
  8
ROADS
100
AcDbPolyline
 90
2
 70
0
 10
625538.6933131986
 20
4840991.2701134
 10
625594.2682384374
 20
4840893.408088587
  0
LWPOLYLINE
  5
1A6
330
17
100
AcDbEntity
  8
ROADS
100
AcDbPolyline
 90
2
 70
0
 10
625316.6453319509
 20
4840920.935309805
 10
625286.2894726971
 20
4841017.437497732
  0
LWPOLYLINE
  5
1A7
330
17
100
AcDbEntity
  8
ROADS
100
AcDbPolyline
 90
2
 70
0
 10
625495.7857328206
 20
4840977.626447615
 10
625443.306608989
 20
4840961.385446779
  0
LWPOLYLINE
  5
1A8
330
17
100
AcDbEntity
  8
ROADS
100
AcDbPolyline
 90
2
 70
0
 10
625538.6933131986
 20
4840991.2701134
 10
625495.7857328206
 20
4840977.626447615
  0
LWPOLYLINE
  5
1A9
330
17
100
AcDbEntity
  8
ROADS
100
AcDbPolyline
 90
2
 70
0
 10
625551.4993128886
 20
4840995.345063571
 10
625538.6933131986
 20
4840991.2701134
  0
LWPOLYLINE
  5
1AA
330
17
100
AcDbEntity
  8
ROADS
100
AcDbPolyline
 90
3
 70
0
 10
625443.306608989
 20
4840961.385446779
 10
625408.5739085537
 20
4841053.774236711
 10
625286.2894726971
 20
4841017.437497732
  0
LWPOLYLINE
  5
1AB
330
17
100
AcDbEntity
  8
ROADS
100
AcDbPolyline
 90
3
 70
0
 10
625256.9023599586
 20
4841110.97103041
 10
625358.2845918711
 20
4841147.086565601
 10
625331.4838623349
 20
4841244.4731269395
  0
LWPOLYLINE
  5
1AC
330
17
100
AcDbEntity
  8
ROADS
100
AcDbPolyline
 90
3
 70
0
 10
625480.4277290445
 20
4841285.677640508
 10
625514.2902336683
 20
4841197.169329309
 10
625669.6075464871
 20
4841245.779598044
  0
LWPOLYLINE
  5
1AD
330
17
100
AcDbEntity
  8
ROADS
100
AcDbPolyline
 90
2
 70
0
 10
625470.9927647108
 20
4841271.830122084
 10
625466.9172477793
 20
4841284.501097642
  0
LWPOLYLINE
  5
1AE
330
17
100
AcDbEntity
  8
ROADS
100
AcDbPolyline
 90
2
 70
0
 10
623739.7693036997
 20
4839914.59374928
 10
623721.7871168525
 20
4840055.889747532
  0
LWPOLYLINE
  5
1AF
330
17
100
AcDbEntity
  8
ROADS
100
AcDbPolyline
 90
2
 70
0
 10
624061.8931094502
 20
4840163.164505649
 10
623721.7871168525
 20
4840055.889747532
  0
LWPOLYLINE
  5
1B0
330
17
100
AcDbEntity
  8
ROADS
100
AcDbPolyline
 90
2
 70
0
 10
623721.7871168525
 20
4840055.889747532
 10
623695.8430951745
 20
4840214.174564122
  0
LWPOLYLINE
  5
1B1
330
17
100
AcDbEntity
  8
ROADS
100
AcDbPolyline
 90
2
 70
0
 10
623695.8430951745
 20
4840214.174564122
 10
623678.7348701535
 20
4840290.4689824525
  0
LWPOLYLINE
  5
1B2
330
17
100
AcDbEntity
  8
ROADS
100
AcDbPolyline
 90
2
 70
0
 10
624011.3777367547
 20
4840318.07674123
 10
623695.8430951745
 20
4840214.174564122
  0
LWPOLYLINE
  5
1B3
330
17
100
AcDbEntity
  8
ROADS
100
AcDbPolyline
 90
2
 70
0
 10
623678.7348701535
 20
4840290.4689824525
 10
623662.9004552666
 20
4840358.70702383
  0
LWPOLYLINE
  5
1B4
330
17
100
AcDbEntity
  8
ROADS
100
AcDbPolyline
 90
2
 70
0
 10
623662.9004552666
 20
4840358.70702383
 10
623549.6884845117
 20
4840322.58163714
  0
LWPOLYLINE
  5
1B5
330
17
100
AcDbEntity
  8
ROADS
100
AcDbPolyline
 90
3
 70
0
 10
623979.8367482278
 20
4840413.106084265
 10
623738.8081160835
 20
4840334.955158838
 10
623678.7348701535
 20
4840290.4689824525
  0
LWPOLYLINE
  5
1B6
330
17
100
AcDbEntity
  8
ROADS
100
AcDbPolyline
 90
2
 70
0
 10
623662.9004552666
 20
4840358.70702383
 10
623650.4171386571
 20
4840412.135925486
  0
LWPOLYLINE
  5
1B7
330
17
100
AcDbEntity
  8
ROADS
100
AcDbPolyline
 90
2
 70
0
 10
624690.261906607
 20
4840141.385752775
 10
624131.7746694211
 20
4839957.552900739
  0
LWPOLYLINE
  5
1B8
330
17
100
AcDbEntity
  8
ROADS
100
AcDbPolyline
 90
2
 70
0
 10
624648.9216461685
 20
4840358.495676422
 10
624061.8931094502
 20
4840163.164505649
  0
LWPOLYLINE
  5
1B9
330
17
100
AcDbEntity
  8
ROADS
100
AcDbPolyline
 90
2
 70
0
 10
624676.0236246336
 20
4840217.690324954
 10
624648.9216461685
 20
4840358.495676422
  0
LWPOLYLINE
  5
1BA
330
17
100
AcDbEntity
  8
ROADS
100
AcDbPolyline
 90
2
 70
0
 10
624648.9216461685
 20
4840358.495676422
 10
624640.8664106161
 20
4840400.435224568
  0
LWPOLYLINE
  5
1BB
330
17
100
AcDbEntity
  8
ROADS
100
AcDbPolyline
 90
2
 70
0
 10
624691.8113926667
 20
4840411.920583856
 10
624640.8664106161
 20
4840400.435224568
  0
LWPOLYLINE
  5
1BC
330
17
100
AcDbEntity
  8
ROADS
100
AcDbPolyline
 90
2
 70
0
 10
624434.2012676775
 20
4840458.576234212
 10
624222.6536427258
 20
4840388.619002132
  0
LWPOLYLINE
  5
1BD
330
17
100
AcDbEntity
  8
ROADS
100
AcDbPolyline
 90
2
 70
0
 10
624640.8664106161
 20
4840400.435224568
 10
624624.1243755776
 20
4840492.854353781
  0
LWPOLYLINE
  5
1BE
330
17
100
AcDbEntity
  8
ROADS
100
AcDbPolyline
 90
2
 70
0
 10
624570.4875942798
 20
4840491.022806491
 10
624577.4682349098
 20
4840451.8769785445
  0
LWPOLYLINE
  5
1BF
330
17
100
AcDbEntity
  8
ROADS
100
AcDbPolyline
 90
2
 70
0
 10
624570.4875942798
 20
4840491.022806491
 10
624434.2012676775
 20
4840458.576234212
  0
LWPOLYLINE
  5
1C0
330
17
100
AcDbEntity
  8
ROADS
100
AcDbPolyline
 90
2
 70
0
 10
624624.1243755776
 20
4840492.854353781
 10
624570.4875942798
 20
4840491.022806491
  0
LWPOLYLINE
  5
1C1
330
17
100
AcDbEntity
  8
ROADS
100
AcDbPolyline
 90
2
 70
0
 10
624131.7746694211
 20
4839957.552900739
 10
624061.8931094502
 20
4840163.164505649
  0
LWPOLYLINE
  5
1C2
330
17
100
AcDbEntity
  8
ROADS
100
AcDbPolyline
 90
2
 70
0
 10
624061.8931094502
 20
4840163.164505649
 10
624011.3777367547
 20
4840318.07674123
  0
LWPOLYLINE
  5
1C3
330
17
100
AcDbEntity
  8
ROADS
100
AcDbPolyline
 90
2
 70
0
 10
624222.6536427258
 20
4840388.619002132
 10
624011.3777367547
 20
4840318.07674123
  0
LWPOLYLINE
  5
1C4
330
17
100
AcDbEntity
  8
ROADS
100
AcDbPolyline
 90
2
 70
0
 10
624011.3777367547
 20
4840318.07674123
 10
623979.8367482278
 20
4840413.106084265
  0
LWPOLYLINE
  5
1C5
330
17
100
AcDbEntity
  8
ROADS
100
AcDbPolyline
 90
2
 70
0
 10
624222.6536427258
 20
4840388.619002132
 10
624191.0953380687
 20
4840483.553080562
  0
LWPOLYLINE
  5
1C6
330
17
100
AcDbEntity
  8
ROADS
100
AcDbPolyline
 90
2
 70
0
 10
624191.0953380687
 20
4840483.553080562
 10
623979.8367482278
 20
4840413.106084265
  0
LWPOLYLINE
  5
1C7
330
17
100
AcDbEntity
  8
ROADS
100
AcDbPolyline
 90
2
 70
0
 10
623979.8367482278
 20
4840413.106084265
 10
623947.6923541955
 20
4840509.757577605
  0
LWPOLYLINE
  5
1C8
330
17
100
AcDbEntity
  8
ROADS
100
AcDbPolyline
 90
2
 70
0
 10
624402.1152027951
 20
4840555.040900084
 10
624191.0953380687
 20
4840483.553080562
  0
LWPOLYLINE
  5
1C9
330
17
100
AcDbEntity
  8
ROADS
100
AcDbPolyline
 90
2
 70
0
 10
624191.0953380687
 20
4840483.553080562
 10
624159.1122416644
 20
4840580.62856952
  0
LWPOLYLINE
  5
1CA
330
17
100
AcDbEntity
  8
ROADS
100
AcDbPolyline
 90
2
 70
0
 10
624159.1122416644
 20
4840580.62856952
 10
623947.6923541955
 20
4840509.757577605
  0
LWPOLYLINE
  5
1CB
330
17
100
AcDbEntity
  8
ROADS
100
AcDbPolyline
 90
2
 70
0
 10
623470.9499462836
 20
4840470.737264651
 10
623625.8364318218
 20
4840521.926851088
  0
LWPOLYLINE
  5
1CC
330
17
100
AcDbEntity
  8
ROADS
100
AcDbPolyline
 90
2
 70
0
 10
623947.6923541955
 20
4840509.757577605
 10
623650.4171386571
 20
4840412.135925486
  0
LWPOLYLINE
  5
1CD
330
17
100
AcDbEntity
  8
ROADS
100
AcDbPolyline
 90
2
 70
0
 10
623650.4171386571
 20
4840412.135925486
 10
623625.8364318218
 20
4840521.926851088
  0
LWPOLYLINE
  5
1CE
330
17
100
AcDbEntity
  8
ROADS
100
AcDbPolyline
 90
2
 70
0
 10
623625.8364318218
 20
4840521.926851088
 10
623606.649201283
 20
4840612.47135667
  0
LWPOLYLINE
  5
1CF
330
17
100
AcDbEntity
  8
ROADS
100
AcDbPolyline
 90
2
 70
0
 10
623913.5180885731
 20
4840605.06825552
 10
623713.6337763784
 20
4840539.734298608
  0
LWPOLYLINE
  5
1D0
330
17
100
AcDbEntity
  8
ROADS
100
AcDbPolyline
 90
2
 70
0
 10
623606.649201283
 20
4840612.47135667
 10
623438.4604339799
 20
4840557.213259358
  0
LWPOLYLINE
  5
1D1
330
17
100
AcDbEntity
  8
ROADS
100
AcDbPolyline
 90
2
 70
0
 10
623742.6764666204
 20
4840654.683737079
 10
623606.649201283
 20
4840612.47135667
  0
LWPOLYLINE
  5
1D2
330
17
100
AcDbEntity
  8
ROADS
100
AcDbPolyline
 90
2
 70
0
 10
623913.5180885731
 20
4840605.06825552
 10
623882.6415178428
 20
4840698.856502022
  0
LWPOLYLINE
  5
1D3
330
17
100
AcDbEntity
  8
ROADS
100
AcDbPolyline
 90
2
 70
0
 10
623606.649201283
 20
4840612.47135667
 10
623585.3535827039
 20
4840714.636301587
  0
LWPOLYLINE
  5
1D4
330
17
100
AcDbEntity
  8
ROADS
100
AcDbPolyline
 90
2
 70
0
 10
623882.6415178428
 20
4840698.856502022
 10
623742.6764666204
 20
4840654.683737079
  0
LWPOLYLINE
  5
1D5
330
17
100
AcDbEntity
  8
ROADS
100
AcDbPolyline
 90
2
 70
0
 10
624364.1365520366
 20
4840647.539717711
 10
624159.1122416644
 20
4840580.62856952
  0
LWPOLYLINE
  5
1D6
330
17
100
AcDbEntity
  8
ROADS
100
AcDbPolyline
 90
2
 70
0
 10
624159.1122416644
 20
4840580.62856952
 10
624127.5721201398
 20
4840675.770952898
  0
LWPOLYLINE
  5
1D7
330
17
100
AcDbEntity
  8
ROADS
100
AcDbPolyline
 90
2
 70
0
 10
624127.5721201398
 20
4840675.770952898
 10
623913.5180885731
 20
4840605.06825552
  0
LWPOLYLINE
  5
1D8
330
17
100
AcDbEntity
  8
ROADS
100
AcDbPolyline
 90
2
 70
0
 10
624305.3078029099
 20
4840734.398957204
 10
624127.5721201398
 20
4840675.770952898
  0
LWPOLYLINE
  5
1D9
330
17
100
AcDbEntity
  8
ROADS
100
AcDbPolyline
 90
2
 70
0
 10
623979.1018863291
 20
4840731.2265200745
 10
623882.6415178428
 20
4840698.856502022
  0
LWPOLYLINE
  5
1DA
330
17
100
AcDbEntity
  8
ROADS
100
AcDbPolyline
 90
2
 70
0
 10
624127.5721201398
 20
4840675.770952898
 10
624096.6352551222
 20
4840769.573163085
  0
LWPOLYLINE
  5
1DB
330
17
100
AcDbEntity
  8
ROADS
100
AcDbPolyline
 90
2
 70
0
 10
624058.7971262595
 20
4840756.702847356
 10
623979.1018863291
 20
4840731.2265200745
  0
LWPOLYLINE
  5
1DC
330
17
100
AcDbEntity
  8
ROADS
100
AcDbPolyline
 90
2
 70
0
 10
624096.6352551222
 20
4840769.573163085
 10
624058.7971262595
 20
4840756.702847356
  0
LWPOLYLINE
  5
1DD
330
17
100
AcDbEntity
  8
ROADS
100
AcDbPolyline
 90
2
 70
0
 10
623979.1018863291
 20
4840731.2265200745
 10
623951.2950877689
 20
4840819.452026199
  0
LWPOLYLINE
  5
1DE
330
17
100
AcDbEntity
  8
ROADS
100
AcDbPolyline
 90
2
 70
0
 10
624308.6698363007
 20
4840838.420362858
 10
624096.6352551222
 20
4840769.573163085
  0
LWPOLYLINE
  5
1DF
330
17
100
AcDbEntity
  8
ROADS
100
AcDbPolyline
 90
2
 70
0
 10
624364.716203416
 20
4840688.459404867
 10
624349.4441314763
 20
4840692.176278521
  0
LWPOLYLINE
  5
1E0
330
17
100
AcDbEntity
  8
ROADS
100
AcDbPolyline
 90
3
 70
0
 10
624349.4441314763
 20
4840692.176278521
 10
624333.8153335796
 20
4840688.526302113
 10
624328.9407679902
 20
4840702.083831168
  0
LWPOLYLINE
  5
1E1
330
17
100
AcDbEntity
  8
ROADS
100
AcDbPolyline
 90
2
 70
0
 10
624364.716203416
 20
4840688.459404867
 10
624357.7441913888
 20
4840703.417060076
  0
LWPOLYLINE
  5
1E2
330
17
100
AcDbEntity
  8
ROADS
100
AcDbPolyline
 90
2
 70
0
 10
624349.4441314763
 20
4840692.176278521
 10
624357.7441913888
 20
4840703.417060076
  0
LWPOLYLINE
  5
1E3
330
17
100
AcDbEntity
  8
ROADS
100
AcDbPolyline
 90
2
 70
0
 10
624328.9407679902
 20
4840702.083831168
 10
624347.0782148835
 20
4840714.216654149
  0
LWPOLYLINE
  5
1E4
330
17
100
AcDbEntity
  8
ROADS
100
AcDbPolyline
 90
2
 70
0
 10
624357.7441913888
 20
4840703.417060076
 10
624347.0782148835
 20
4840714.216654149
  0
LWPOLYLINE
  5
1E5
330
17
100
AcDbEntity
  8
ROADS
100
AcDbPolyline
 90
2
 70
0
 10
624328.9407679902
 20
4840702.083831168
 10
624305.3078029099
 20
4840734.398957204
  0
LWPOLYLINE
  5
1E6
330
17
100
AcDbEntity
  8
ROADS
100
AcDbPolyline
 90
2
 70
0
 10
624347.0782148835
 20
4840714.216654149
 10
624339.0973345886
 20
4840746.075961104
  0
LWPOLYLINE
  5
1E7
330
17
100
AcDbEntity
  8
ROADS
100
AcDbPolyline
 90
2
 70
0
 10
624339.0973345886
 20
4840746.075961104
 10
624305.3078029099
 20
4840734.398957204
  0
LWPOLYLINE
  5
1E8
330
17
100
AcDbEntity
  8
ROADS
100
AcDbPolyline
 90
2
 70
0
 10
624583.677553202
 20
4840720.099912212
 10
624570.5034289379
 20
4840793.628541725
  0
LWPOLYLINE
  5
1E9
330
17
100
AcDbEntity
  8
ROADS
100
AcDbPolyline
 90
2
 70
0
 10
623585.3535827039
 20
4840714.636301587
 10
623411.5435884128
 20
4840658.4110098
  0
LWPOLYLINE
  5
1EA
330
17
100
AcDbEntity
  8
ROADS
100
AcDbPolyline
 90
2
 70
0
 10
623742.6764666204
 20
4840654.683737079
 10
623713.7265864185
 20
4840744.349578815
  0
LWPOLYLINE
  5
1EB
330
17
100
AcDbEntity
  8
ROADS
100
AcDbPolyline
 90
2
 70
0
 10
623576.9011590219
 20
4840755.03644312
 10
623403.1506314779
 20
4840698.344874874
  0
LWPOLYLINE
  5
1EC
330
17
100
AcDbEntity
  8
ROADS
100
AcDbPolyline
 90
2
 70
0
 10
623585.3535827039
 20
4840714.636301587
 10
623580.58561397
 20
4840736.728167467
  0
LWPOLYLINE
  5
1ED
330
17
100
AcDbEntity
  8
ROADS
100
AcDbPolyline
 90
2
 70
0
 10
623580.58561397
 20
4840736.728167467
 10
623576.9011590219
 20
4840755.03644312
  0
LWPOLYLINE
  5
1EE
330
17
100
AcDbEntity
  8
ROADS
100
AcDbPolyline
 90
3
 70
0
 10
623713.7265864185
 20
4840744.349578815
 10
623662.8082170109
 20
4840761.523161936
 10
623580.58561397
 20
4840736.728167467
  0
LWPOLYLINE
  5
1EF
330
17
100
AcDbEntity
  8
ROADS
100
AcDbPolyline
 90
2
 70
0
 10
623863.7123507448
 20
4840790.83181188
 10
623713.7265864185
 20
4840744.349578815
  0
LWPOLYLINE
  5
1F0
330
17
100
AcDbEntity
  8
ROADS
100
AcDbPolyline
 90
3
 70
0
 10
623713.7265864185
 20
4840744.349578815
 10
623727.3358891306
 20
4840752.717255999
 10
623717.2736455172
 20
4840810.014161606
  0
LWPOLYLINE
  5
1F1
330
17
100
AcDbEntity
  8
ROADS
100
AcDbPolyline
 90
2
 70
0
 10
623576.9011590219
 20
4840755.03644312
 10
623556.0209964548
 20
4840860.49105693
  0
LWPOLYLINE
  5
1F2
330
17
100
AcDbEntity
  8
ROADS
100
AcDbPolyline
 90
2
 70
0
 10
623678.4898354335
 20
4840901.580144975
 10
623556.0209964548
 20
4840860.49105693
  0
LWPOLYLINE
  5
1F3
330
17
100
AcDbEntity
  8
ROADS
100
AcDbPolyline
 90
2
 70
0
 10
623556.0209964548
 20
4840860.49105693
 10
623385.5915837308
 20
4840805.364150479
  0
LWPOLYLINE
  5
1F4
330
17
100
AcDbEntity
  8
ROADS
100
AcDbPolyline
 90
2
 70
0
 10
623378.5295903315
 20
4840862.203283327
 10
623545.465007279
 20
4840915.726890602
  0
LWPOLYLINE
  5
1F5
330
17
100
AcDbEntity
  8
ROADS
100
AcDbPolyline
 90
2
 70
0
 10
623534.4840742733
 20
4840971.400054287
 10
623372.3886994051
 20
4840918.546392908
  0
LWPOLYLINE
  5
1F6
330
17
100
AcDbEntity
  8
ROADS
100
AcDbPolyline
 90
4
 70
0
 10
623521.4721196421
 20
4841056.855990593
 10
623434.8736402362
 20
4841026.960493421
 10
623433.3786621266
 20
4840960.526054624
 10
623371.5666228945
 20
4840941.696298899
  0
LWPOLYLINE
  5
1F7
330
17
100
AcDbEntity
  8
ROADS
100
AcDbPolyline
 90
2
 70
0
 10
623951.2950877689
 20
4840819.452026199
 10
623863.7123507448
 20
4840790.83181188
  0
LWPOLYLINE
  5
1F8
330
17
100
AcDbEntity
  8
ROADS
100
AcDbPolyline
 90
3
 70
0
 10
624058.7971262595
 20
4840756.702847356
 10
624000.4964268439
 20
4841034.174583988
 10
623910.8477443377
 20
4841024.777934793
  0
LWPOLYLINE
  5
1F9
330
17
100
AcDbEntity
  8
ROADS
100
AcDbPolyline
 90
2
 70
0
 10
623951.2950877689
 20
4840819.452026199
 10
623910.8477443377
 20
4841024.777934793
  0
LWPOLYLINE
  5
1FA
330
17
100
AcDbEntity
  8
ROADS
100
AcDbPolyline
 90
2
 70
0
 10
623910.8477443377
 20
4841024.777934793
 10
623899.2623817415
 20
4841090.971770048
  0
LWPOLYLINE
  5
1FB
330
17
100
AcDbEntity
  8
ROADS
100
AcDbPolyline
 90
2
 70
0
 10
624204.4960411725
 20
4841124.4326829435
 10
624218.0145612513
 20
4841040.109801471
  0
LWPOLYLINE
  5
1FC
330
17
100
AcDbEntity
  8
ROADS
100
AcDbPolyline
 90
2
 70
0
 10
624204.4960411725
 20
4841124.4326829435
 10
624097.0815631915
 20
4841082.805828553
  0
LWPOLYLINE
  5
1FD
330
17
100
AcDbEntity
  8
ROADS
100
AcDbPolyline
 90
2
 70
0
 10
623995.1957618099
 20
4841121.956293978
 10
623899.2623817415
 20
4841090.971770048
  0
LWPOLYLINE
  5
1FE
330
17
100
AcDbEntity
  8
ROADS
100
AcDbPolyline
 90
2
 70
0
 10
624179.6656568298
 20
4841184.176560483
 10
623995.1957618099
 20
4841121.956293978
  0
LWPOLYLINE
  5
1FF
330
17
100
AcDbEntity
  8
ROADS
100
AcDbPolyline
 90
2
 70
0
 10
624179.6656568298
 20
4841184.176560483
 10
624204.4960411725
 20
4841124.4326829435
  0
LWPOLYLINE
  5
200
330
17
100
AcDbEntity
  8
ROADS
100
AcDbPolyline
 90
2
 70
0
 10
623995.1957618099
 20
4841121.956293978
 10
623842.6822391285
 20
4841585.137775261
  0
LWPOLYLINE
  5
201
330
17
100
AcDbEntity
  8
ROADS
100
AcDbPolyline
 90
2
 70
0
 10
625118.5303904952
 20
4841068.040818282
 10
625033.1285627469
 20
4841120.766442856
  0
LWPOLYLINE
  5
202
330
17
100
AcDbEntity
  8
ROADS
100
AcDbPolyline
 90
2
 70
0
 10
625022.9202015265
 20
4841104.009790841
 10
625033.1285627469
 20
4841120.766442856
  0
LWPOLYLINE
  5
203
330
17
100
AcDbEntity
  8
ROADS
100
AcDbPolyline
 90
2
 70
0
 10
625131.5469365622
 20
4841186.759002131
 10
625155.8854322009
 20
4841113.029268918
  0
LWPOLYLINE
  5
204
330
17
100
AcDbEntity
  8
ROADS
100
AcDbPolyline
 90
3
 70
0
 10
625033.1285627469
 20
4841120.766442856
 10
625069.1544278285
 20
4841161.780614824
 10
625131.5469365622
 20
4841186.759002131
  0
LWPOLYLINE
  5
205
330
17
100
AcDbEntity
  8
ROADS
100
AcDbPolyline
 90
2
 70
0
 10
625256.9023599586
 20
4841110.97103041
 10
625221.7765946425
 20
4841214.96629525
  0
LWPOLYLINE
  5
206
330
17
100
AcDbEntity
  8
ROADS
100
AcDbPolyline
 90
2
 70
0
 10
625131.5469365622
 20
4841186.759002131
 10
625221.7765946425
 20
4841214.96629525
  0
LWPOLYLINE
  5
207
330
17
100
AcDbEntity
  8
ROADS
100
AcDbPolyline
 90
2
 70
0
 10
625221.7765946425
 20
4841214.96629525
 10
625197.1107866273
 20
4841298.989692237
  0
LWPOLYLINE
  5
208
330
17
100
AcDbEntity
  8
ROADS
100
AcDbPolyline
 90
5
 70
0
 10
624933.9900886266
 20
4841303.410682773
 10
625040.4363767176
 20
4841336.050685809
 10
625064.8168404601
 20
4841297.913730547
 10
625072.2507700014
 20
4841261.522216268
 10
624958.4791241458
 20
4841224.236422765
  0
LWPOLYLINE
  5
209
330
17
100
AcDbEntity
  8
ROADS
100
AcDbPolyline
 90
2
 70
0
 10
625306.9707586293
 20
4841333.154576246
 10
625197.1107866273
 20
4841298.989692237
  0
LWPOLYLINE
  5
20A
330
17
100
AcDbEntity
  8
ROADS
100
AcDbPolyline
 90
2
 70
0
 10
625197.1107866273
 20
4841298.989692237
 10
625171.9360844654
 20
4841377.091535809
  0
LWPOLYLINE
  5
20B
330
17
100
AcDbEntity
  8
ROADS
100
AcDbPolyline
 90
2
 70
0
 10
624723.5175673636
 20
4841149.220652521
 10
624698.4976484692
 20
4841228.499261388
  0
LWPOLYLINE
  5
20C
330
17
100
AcDbEntity
  8
ROADS
100
AcDbPolyline
 90
2
 70
0
 10
624958.4791241458
 20
4841224.236422765
 10
624933.9900886266
 20
4841303.410682773
  0
LWPOLYLINE
  5
20D
330
17
100
AcDbEntity
  8
ROADS
100
AcDbPolyline
 90
2
 70
0
 10
624698.4976484692
 20
4841228.499261388
 10
624933.9900886266
 20
4841303.410682773
  0
LWPOLYLINE
  5
20E
330
17
100
AcDbEntity
  8
ROADS
100
AcDbPolyline
 90
2
 70
0
 10
624698.4976484692
 20
4841228.499261388
 10
624672.5422036181
 20
4841310.732091642
  0
LWPOLYLINE
  5
20F
330
17
100
AcDbEntity
  8
ROADS
100
AcDbPolyline
 90
2
 70
0
 10
624933.9900886266
 20
4841303.410682773
 10
624906.595365564
 20
4841384.160438714
  0
LWPOLYLINE
  5
210
330
17
100
AcDbEntity
  8
ROADS
100
AcDbPolyline
 90
2
 70
0
 10
624906.595365564
 20
4841384.160438714
 10
624672.5422036181
 20
4841310.732091642
  0
LWPOLYLINE
  5
211
330
17
100
AcDbEntity
  8
ROADS
100
AcDbPolyline
 90
2
 70
0
 10
624995.3679577792
 20
4841413.799480359
 10
624906.595365564
 20
4841384.160438714
  0
LWPOLYLINE
  5
212
330
17
100
AcDbEntity
  8
ROADS
100
AcDbPolyline
 90
2
 70
0
 10
624995.3679577792
 20
4841413.799480359
 10
624946.3247216513
 20
4841666.811057473
  0
LWPOLYLINE
  5
213
330
17
100
AcDbEntity
  8
ROADS
100
AcDbPolyline
 90
2
 70
0
 10
624628.1024499309
 20
4841566.997921613
 10
624754.7402792613
 20
4841607.78581917
  0
LWPOLYLINE
  5
214
330
17
100
AcDbEntity
  8
ROADS
100
AcDbPolyline
 90
2
 70
0
 10
624754.7402792613
 20
4841607.78581917
 10
624883.4975219584
 20
4841647.34403233
  0
LWPOLYLINE
  5
215
330
17
100
AcDbEntity
  8
ROADS
100
AcDbPolyline
 90
2
 70
0
 10
624561.2068657338
 20
4841411.489913846
 10
624538.2982138155
 20
4841537.342200379
  0
LWPOLYLINE
  5
216
330
17
100
AcDbEntity
  8
ROADS
100
AcDbPolyline
 90
2
 70
0
 10
624595.5580281331
 20
4841468.503627359
 10
624570.4753134124
 20
4841513.450179331
  0
LWPOLYLINE
  5
217
330
17
100
AcDbEntity
  8
ROADS
100
AcDbPolyline
 90
2
 70
0
 10
624442.6034414377
 20
4841507.202373432
 10
624538.2982138155
 20
4841537.342200379
  0
LWPOLYLINE
  5
218
330
17
100
AcDbEntity
  8
ROADS
100
AcDbPolyline
 90
2
 70
0
 10
624570.4753134124
 20
4841513.450179331
 10
624538.2982138155
 20
4841537.342200379
  0
LWPOLYLINE
  5
219
330
17
100
AcDbEntity
  8
ROADS
100
AcDbPolyline
 90
2
 70
0
 10
624442.6034414377
 20
4841507.202373432
 10
624434.3227285964
 20
4841551.812434693
  0
LWPOLYLINE
  5
21A
330
17
100
AcDbEntity
  8
ROADS
100
AcDbPolyline
 90
2
 70
0
 10
624570.4753134124
 20
4841513.450179331
 10
624577.1034236979
 20
4841550.157119227
  0
LWPOLYLINE
  5
21B
330
17
100
AcDbEntity
  8
ROADS
100
AcDbPolyline
 90
2
 70
0
 10
624538.2982138155
 20
4841537.342200379
 10
624577.1034236979
 20
4841550.157119227
  0
LWPOLYLINE
  5
21C
330
17
100
AcDbEntity
  8
ROADS
100
AcDbPolyline
 90
2
 70
0
 10
624577.1034236979
 20
4841550.157119227
 10
624628.1024499309
 20
4841566.997921613
  0
LWPOLYLINE
  5
21D
330
17
100
AcDbEntity
  8
ROADS
100
AcDbPolyline
 90
2
 70
0
 10
624434.3227285964
 20
4841551.812434693
 10
624418.5233707136
 20
4841672.307029099
  0
LWPOLYLINE
  5
21E
330
17
100
AcDbEntity
  8
ROADS
100
AcDbPolyline
 90
2
 70
0
 10
624538.2982138155
 20
4841537.342200379
 10
624510.0496052236
 20
4841700.528861046
  0
LWPOLYLINE
  5
21F
330
17
100
AcDbEntity
  8
ROADS
100
AcDbPolyline
 90
3
 70
0
 10
625306.9707586293
 20
4841333.154576246
 10
625278.7386513841
 20
4841408.007933778
 10
625171.9360844654
 20
4841377.091535809
  0
LWPOLYLINE
  5
220
330
17
100
AcDbEntity
  8
ROADS
100
AcDbPolyline
 90
2
 70
0
 10
625171.9360844654
 20
4841377.091535809
 10
625144.486546078
 20
4841460.702512122
  0
LWPOLYLINE
  5
221
330
17
100
AcDbEntity
  8
ROADS
100
AcDbPolyline
 90
2
 70
0
 10
625144.486546078
 20
4841460.702512122
 10
624995.3679577792
 20
4841413.799480359
  0
LWPOLYLINE
  5
222
330
17
100
AcDbEntity
  8
ROADS
100
AcDbPolyline
 90
2
 70
0
 10
625325.0142379771
 20
4841517.040495925
 10
625144.486546078
 20
4841460.702512122
  0
LWPOLYLINE
  5
223
330
17
100
AcDbEntity
  8
ROADS
100
AcDbPolyline
 90
3
 70
0
 10
625135.8696073102
 20
4841799.415579761
 10
625141.7149910062
 20
4841779.906267804
 10
625109.5612498478
 20
4841770.066838331
  0
LWPOLYLINE
  5
224
330
17
100
AcDbEntity
  8
ROADS
100
AcDbPolyline
 90
2
 70
0
 10
625135.8696073102
 20
4841799.415579761
 10
625102.8627546711
 20
4841789.35869783
  0
LWPOLYLINE
  5
225
330
17
100
AcDbEntity
  8
ROADS
100
AcDbPolyline
 90
2
 70
0
 10
625127.7838858155
 20
4841824.849180179
 10
625135.8696073102
 20
4841799.415579761
  0
LWPOLYLINE
  5
226
330
17
100
AcDbEntity
  8
ROADS
100
AcDbPolyline
 90
2
 70
0
 10
625127.7838858155
 20
4841824.849180179
 10
625076.0515725676
 20
4841817.246561194
  0
LWPOLYLINE
  5
227
330
17
100
AcDbEntity
  8
ROADS
100
AcDbPolyline
 90
2
 70
0
 10
625076.0515725676
 20
4841817.246561194
 10
625002.7613283288
 20
4841847.094399962
  0
LWPOLYLINE
  5
228
330
17
100
AcDbEntity
  8
ROADS
100
AcDbPolyline
 90
2
 70
0
 10
625224.632535126
 20
4841855.506066818
 10
625127.7838858155
 20
4841824.849180179
  0
LWPOLYLINE
  5
229
330
17
100
AcDbEntity
  8
ROADS
100
AcDbPolyline
 90
2
 70
0
 10
624883.4975219584
 20
4841647.34403233
 10
624946.3247216513
 20
4841666.811057473
  0
LWPOLYLINE
  5
22A
330
17
100
AcDbEntity
  8
ROADS
100
AcDbPolyline
 90
2
 70
0
 10
624754.7402792613
 20
4841607.78581917
 10
624721.2907781586
 20
4841760.890907495
  0
LWPOLYLINE
  5
22B
330
17
100
AcDbEntity
  8
ROADS
100
AcDbPolyline
 90
2
 70
0
 10
624946.3247216513
 20
4841666.811057473
 10
624936.4908823507
 20
4841727.833486858
  0
LWPOLYLINE
  5
22C
330
17
100
AcDbEntity
  8
ROADS
100
AcDbPolyline
 90
2
 70
0
 10
624883.4975219584
 20
4841647.34403233
 10
624853.1588780927
 20
4841801.680540575
  0
LWPOLYLINE
  5
22D
330
17
100
AcDbEntity
  8
ROADS
100
AcDbPolyline
 90
2
 70
0
 10
624936.4908823507
 20
4841727.833486858
 10
625037.2230741853
 20
4841754.43588196
  0
LWPOLYLINE
  5
22E
330
17
100
AcDbEntity
  8
ROADS
100
AcDbPolyline
 90
2
 70
0
 10
624936.4908823507
 20
4841727.833486858
 10
624957.0875652136
 20
4841791.903776929
  0
LWPOLYLINE
  5
22F
330
17
100
AcDbEntity
  8
ROADS
100
AcDbPolyline
 90
2
 70
0
 10
624721.2907781586
 20
4841760.890907495
 10
624853.1588780927
 20
4841801.680540575
  0
LWPOLYLINE
  5
230
330
17
100
AcDbEntity
  8
ROADS
100
AcDbPolyline
 90
2
 70
0
 10
624957.0875652136
 20
4841791.903776929
 10
625002.7613283288
 20
4841847.094399962
  0
LWPOLYLINE
  5
231
330
17
100
AcDbEntity
  8
ROADS
100
AcDbPolyline
 90
3
 70
0
 10
624957.0875652136
 20
4841791.903776929
 10
624917.4860941538
 20
4841824.023898144
 10
624917.5205324157
 20
4841857.762392201
  0
LWPOLYLINE
  5
232
330
17
100
AcDbEntity
  8
ROADS
100
AcDbPolyline
 90
2
 70
0
 10
624853.1588780927
 20
4841801.680540575
 10
624831.5015439956
 20
4841911.761687461
  0
LWPOLYLINE
  5
233
330
17
100
AcDbEntity
  8
ROADS
100
AcDbPolyline
 90
2
 70
0
 10
624628.1024499309
 20
4841566.997921613
 10
624593.853525576
 20
4841725.485782244
  0
LWPOLYLINE
  5
234
330
17
100
AcDbEntity
  8
ROADS
100
AcDbPolyline
 90
2
 70
0
 10
624418.5233707136
 20
4841672.307029099
 10
624510.0496052236
 20
4841700.528861046
  0
LWPOLYLINE
  5
235
330
17
100
AcDbEntity
  8
ROADS
100
AcDbPolyline
 90
2
 70
0
 10
624418.5233707136
 20
4841672.307029099
 10
624407.1913421756
 20
4841741.348682568
  0
LWPOLYLINE
  5
236
330
17
100
AcDbEntity
  8
ROADS
100
AcDbPolyline
 90
2
 70
0
 10
624510.0496052236
 20
4841700.528861046
 10
624593.853525576
 20
4841725.485782244
  0
LWPOLYLINE
  5
237
330
17
100
AcDbEntity
  8
ROADS
100
AcDbPolyline
 90
2
 70
0
 10
624593.853525576
 20
4841725.485782244
 10
624721.2907781586
 20
4841760.890907495
  0
LWPOLYLINE
  5
238
330
17
100
AcDbEntity
  8
ROADS
100
AcDbPolyline
 90
2
 70
0
 10
624510.0496052236
 20
4841700.528861046
 10
624492.9285362598
 20
4841806.412265964
  0
LWPOLYLINE
  5
239
330
17
100
AcDbEntity
  8
ROADS
100
AcDbPolyline
 90
2
 70
0
 10
624492.9285362598
 20
4841806.412265964
 10
624475.5968185622
 20
4841899.675165239
  0
LWPOLYLINE
  5
23A
330
17
100
AcDbEntity
  8
ROADS
100
AcDbPolyline
 90
2
 70
0
 10
624492.9285362598
 20
4841806.412265964
 10
624831.5015439956
 20
4841911.761687461
  0
LWPOLYLINE
  5
23B
330
17
100
AcDbEntity
  8
ROADS
100
AcDbPolyline
 90
2
 70
0
 10
624407.1913421756
 20
4841741.348682568
 10
624358.4840149563
 20
4841985.07385179
  0
LWPOLYLINE
  5
23C
330
17
100
AcDbEntity
  8
ROADS
100
AcDbPolyline
 90
3
 70
0
 10
624475.5968185622
 20
4841899.675165239
 10
624592.6068330456
 20
4841938.981853503
 10
624573.3932919995
 20
4841989.734903872
  0
LWPOLYLINE
  5
23D
330
17
100
AcDbEntity
  8
ROADS
100
AcDbPolyline
 90
2
 70
0
 10
625286.9972242365
 20
4841834.443487674
 10
625310.4196715115
 20
4841792.550989644
  0
LWPOLYLINE
  5
23E
330
17
100
AcDbEntity
  8
ROADS
100
AcDbPolyline
 90
2
 70
0
 10
625349.9795554408
 20
4841888.14341105
 10
625378.5889093798
 20
4841815.51793823
  0
LWPOLYLINE
  5
23F
330
17
100
AcDbEntity
  8
ROADS
100
AcDbPolyline
 90
3
 70
0
 10
625002.7613283288
 20
4841847.094399962
 10
624949.7015423221
 20
4841910.023674775
 10
624912.9653447495
 20
4842002.200964918
  0
LWPOLYLINE
  5
240
330
17
100
AcDbEntity
  8
ROADS
100
AcDbPolyline
 90
2
 70
0
 10
624831.5015439956
 20
4841911.761687461
 10
624814.0796334617
 20
4842014.426062241
  0
LWPOLYLINE
  5
241
330
17
100
AcDbEntity
  8
ROADS
100
AcDbPolyline
 90
4
 70
0
 10
624955.052015832
 20
4842008.979001871
 10
624978.2358008743
 20
4841984.528208645
 10
625024.4210400311
 20
4842010.793504849
 10
624955.052015832
 20
4842008.979001871
  0
LWPOLYLINE
  5
242
330
17
100
AcDbEntity
  8
ROADS
100
AcDbPolyline
 90
2
 70
0
 10
624912.9653447495
 20
4842002.200964918
 10
624955.052015832
 20
4842008.979001871
  0
LWPOLYLINE
  5
243
330
17
100
AcDbEntity
  8
ROADS
100
AcDbPolyline
 90
2
 70
0
 10
624912.9653447495
 20
4842002.200964918
 10
624907.9887490069
 20
4842036.311792173
  0
LWPOLYLINE
  5
244
330
17
100
AcDbEntity
  8
ROADS
100
AcDbPolyline
 90
2
 70
0
 10
624814.0796334617
 20
4842014.426062241
 10
624877.2519484855
 20
4842033.112355045
  0
LWPOLYLINE
  5
245
330
17
100
AcDbEntity
  8
ROADS
100
AcDbPolyline
 90
2
 70
0
 10
624877.2519484855
 20
4842033.112355045
 10
624907.9887490069
 20
4842036.311792173
  0
LWPOLYLINE
  5
246
330
17
100
AcDbEntity
  8
ROADS
100
AcDbPolyline
 90
2
 70
0
 10
624877.2519484855
 20
4842033.112355045
 10
624866.2834020504
 20
4842092.509136798
  0
LWPOLYLINE
  5
247
330
17
100
AcDbEntity
  8
ROADS
100
AcDbPolyline
 90
2
 70
0
 10
624814.0796334617
 20
4842014.426062241
 10
624794.1475664148
 20
4842154.608065868
  0
LWPOLYLINE
  5
248
330
17
100
AcDbEntity
  8
ROADS
100
AcDbPolyline
 90
3
 70
0
 10
624907.9887490069
 20
4842036.311792173
 10
624918.163481299
 20
4842077.468212331
 10
624969.3021111658
 20
4842148.814669362
  0
LWPOLYLINE
  5
249
330
17
100
AcDbEntity
  8
ROADS
100
AcDbPolyline
 90
2
 70
0
 10
625343.2766143822
 20
4841892.984219064
 10
625224.632535126
 20
4841855.506066818
  0
LWPOLYLINE
  5
24A
330
17
100
AcDbEntity
  8
ROADS
100
AcDbPolyline
 90
5
 70
0
 10
625031.7081949387
 20
4841899.133153527
 10
625121.4386929526
 20
4841961.823530678
 10
625142.7562697623
 20
4841955.889988069
 10
625080.6526736842
 20
4841861.0747782625
 10
625076.0515725676
 20
4841817.246561194
  0
LWPOLYLINE
  5
24B
330
17
100
AcDbEntity
  8
ROADS
100
AcDbPolyline
 90
4
 70
0
 10
625003.3138932646
 20
4842126.994993898
 10
624994.4701688776
 20
4842107.115834877
 10
625006.5375132769
 20
4842096.690645447
 10
625037.1049507408
 20
4842140.961742679
  0
LWPOLYLINE
  5
24C
330
17
100
AcDbEntity
  8
ROADS
100
AcDbPolyline
 90
3
 70
0
 10
625028.8864604615
 20
4842145.84612921
 10
625023.2533935689
 20
4842148.081030971
 10
625003.3138932646
 20
4842126.994993898
  0
LWPOLYLINE
  5
24D
330
17
100
AcDbEntity
  8
ROADS
100
AcDbPolyline
 90
2
 70
0
 10
624475.5968185622
 20
4841899.675165239
 10
624448.1167933929
 20
4842044.532686584
  0
LWPOLYLINE
  5
24E
330
17
100
AcDbEntity
  8
ROADS
100
AcDbPolyline
 90
2
 70
0
 10
624358.4840149563
 20
4841985.07385179
 10
624352.6550874306
 20
4842014.559449067
  0
LWPOLYLINE
  5
24F
330
17
100
AcDbEntity
  8
ROADS
100
AcDbPolyline
 90
2
 70
0
 10
624352.6550874306
 20
4842014.559449067
 10
624448.1167933929
 20
4842044.532686584
  0
LWPOLYLINE
  5
250
330
17
100
AcDbEntity
  8
ROADS
100
AcDbPolyline
 90
2
 70
0
 10
624352.6550874306
 20
4842014.559449067
 10
624331.3587928159
 20
4842129.610220112
  0
LWPOLYLINE
  5
251
330
17
100
AcDbEntity
  8
ROADS
100
AcDbPolyline
 90
2
 70
0
 10
624448.1167933929
 20
4842044.532686584
 10
624794.1475664148
 20
4842154.608065868
  0
LWPOLYLINE
  5
252
330
17
100
AcDbEntity
  8
ROADS
100
AcDbPolyline
 90
3
 70
0
 10
624614.4242383576
 20
4842199.445899877
 10
624375.7515714406
 20
4842123.676313581
 10
624331.3587928159
 20
4842129.610220112
  0
LWPOLYLINE
  5
253
330
17
100
AcDbEntity
  8
ROADS
100
AcDbPolyline
 90
2
 70
0
 10
624331.3587928159
 20
4842129.610220112
 10
624316.6222046464
 20
4842219.664354039
  0
LWPOLYLINE
  5
254
330
17
100
AcDbEntity
  8
ROADS
100
AcDbPolyline
 90
2
 70
0
 10
624614.4242383576
 20
4842199.445899877
 10
624558.1523729532
 20
4842244.8539603995
  0
LWPOLYLINE
  5
255
330
17
100
AcDbEntity
  8
ROADS
100
AcDbPolyline
 90
2
 70
0
 10
624316.6222046464
 20
4842219.664354039
 10
624314.1121800332
 20
4842236.06880789
  0
LWPOLYLINE
  5
256
330
17
100
AcDbEntity
  8
ROADS
100
AcDbPolyline
 90
2
 70
0
 10
624316.6222046464
 20
4842219.664354039
 10
624513.276784153
 20
4842271.163222403
  0
LWPOLYLINE
  5
257
330
17
100
AcDbEntity
  8
ROADS
100
AcDbPolyline
 90
2
 70
0
 10
625731.6499933752
 20
4841052.196068455
 10
625700.6911822064
 20
4841149.076476425
  0
LWPOLYLINE
  5
258
330
17
100
AcDbEntity
  8
ROADS
100
AcDbPolyline
 90
2
 70
0
 10
625749.3645386514
 20
4841164.6415280495
 10
625700.6911822064
 20
4841149.076476425
  0
LWPOLYLINE
  5
259
330
17
100
AcDbEntity
  8
ROADS
100
AcDbPolyline
 90
2
 70
0
 10
625700.6911822064
 20
4841149.076476425
 10
625669.6075464871
 20
4841245.779598044
  0
LWPOLYLINE
  5
25A
330
17
100
AcDbEntity
  8
ROADS
100
AcDbPolyline
 90
2
 70
0
 10
625725.2153160924
 20
4841263.3532054825
 10
625669.6075464871
 20
4841245.779598044
  0
LWPOLYLINE
  5
25B
330
17
100
AcDbEntity
  8
ROADS
100
AcDbPolyline
 90
2
 70
0
 10
625669.6075464871
 20
4841245.779598044
 10
625639.2296129357
 20
4841342.16845412
  0
LWPOLYLINE
  5
25C
330
17
100
AcDbEntity
  8
ROADS
100
AcDbPolyline
 90
2
 70
0
 10
625694.988117828
 20
4841359.875744496
 10
625639.2296129357
 20
4841342.16845412
  0
LWPOLYLINE
  5
25D
330
17
100
AcDbEntity
  8
ROADS
100
AcDbPolyline
 90
2
 70
0
 10
625639.2296129357
 20
4841342.16845412
 10
625611.0014265088
 20
4841430.342722142
  0
LWPOLYLINE
  5
25E
330
17
100
AcDbEntity
  8
ROADS
100
AcDbPolyline
 90
2
 70
0
 10
625466.9172477793
 20
4841284.501097642
 10
625480.4277290445
 20
4841285.677640508
  0
LWPOLYLINE
  5
25F
330
17
100
AcDbEntity
  8
ROADS
100
AcDbPolyline
 90
2
 70
0
 10
625466.9172477793
 20
4841284.501097642
 10
625462.0269886744
 20
4841307.599924714
  0
LWPOLYLINE
  5
260
330
17
100
AcDbEntity
  8
ROADS
100
AcDbPolyline
 90
2
 70
0
 10
625480.4277290445
 20
4841285.677640508
 10
625462.0269886744
 20
4841307.599924714
  0
LWPOLYLINE
  5
261
330
17
100
AcDbEntity
  8
ROADS
100
AcDbPolyline
 90
2
 70
0
 10
625639.2296129357
 20
4841342.16845412
 10
625480.4277290445
 20
4841285.677640508
  0
LWPOLYLINE
  5
262
330
17
100
AcDbEntity
  8
ROADS
100
AcDbPolyline
 90
2
 70
0
 10
625462.0269886744
 20
4841307.599924714
 10
625433.4865853484
 20
4841372.963199677
  0
LWPOLYLINE
  5
263
330
17
100
AcDbEntity
  8
ROADS
100
AcDbPolyline
 90
2
 70
0
 10
625375.1932252981
 20
4841354.563305664
 10
625306.9707586293
 20
4841333.154576246
  0
LWPOLYLINE
  5
264
330
17
100
AcDbEntity
  8
ROADS
100
AcDbPolyline
 90
2
 70
0
 10
625433.4865853484
 20
4841372.963199677
 10
625375.1932252981
 20
4841354.563305664
  0
LWPOLYLINE
  5
265
330
17
100
AcDbEntity
  8
ROADS
100
AcDbPolyline
 90
2
 70
0
 10
625443.7919122977
 20
4841376.624888673
 10
625433.4865853484
 20
4841372.963199677
  0
LWPOLYLINE
  5
266
330
17
100
AcDbEntity
  8
ROADS
100
AcDbPolyline
 90
2
 70
0
 10
625611.0014265088
 20
4841430.342722142
 10
625443.7919122977
 20
4841376.624888673
  0
LWPOLYLINE
  5
267
330
17
100
AcDbEntity
  8
ROADS
100
AcDbPolyline
 90
4
 70
0
 10
625585.9630894131
 20
4841509.195163799
 10
625426.99243349
 20
4841458.496555137
 10
625420.2617126489
 20
4841439.17365753
 10
625443.7919122977
 20
4841376.624888673
  0
LWPOLYLINE
  5
268
330
17
100
AcDbEntity
  8
ROADS
100
AcDbPolyline
 90
2
 70
0
 10
625611.0014265088
 20
4841430.342722142
 10
625585.9630894131
 20
4841509.195163799
  0
LWPOLYLINE
  5
269
330
17
100
AcDbEntity
  8
ROADS
100
AcDbPolyline
 90
2
 70
0
 10
625585.9630894131
 20
4841509.195163799
 10
625559.6497595754
 20
4841590.2526480025
  0
LWPOLYLINE
  5
26A
330
17
100
AcDbEntity
  8
ROADS
100
AcDbPolyline
 90
2
 70
0
 10
625559.6497595754
 20
4841590.2526480025
 10
625325.0142379771
 20
4841517.040495925
  0
LWPOLYLINE
  5
26B
330
17
100
AcDbEntity
  8
ROADS
100
AcDbPolyline
 90
2
 70
0
 10
625421.3226395706
 20
4841708.244175235
 10
625444.0651622472
 20
4841631.752375244
  0
LWPOLYLINE
  5
26C
330
17
100
AcDbEntity
  8
ROADS
100
AcDbPolyline
 90
2
 70
0
 10
625406.4318413656
 20
4841743.275696777
 10
625421.3226395706
 20
4841708.244175235
  0
LWPOLYLINE
  5
26D
330
17
100
AcDbEntity
  8
ROADS
100
AcDbPolyline
 90
4
 70
0
 10
625310.4196715115
 20
4841792.550989644
 10
625282.5854558777
 20
4841770.925057356
 10
625325.0489637771
 20
4841673.3869812945
 10
625421.3226395706
 20
4841708.244175235
  0
LWPOLYLINE
  5
26E
330
17
100
AcDbEntity
  8
ROADS
100
AcDbPolyline
 90
2
 70
0
 10
625406.4318413656
 20
4841743.275696777
 10
625476.3737701335
 20
4841766.594209803
  0
LWPOLYLINE
  5
26F
330
17
100
AcDbEntity
  8
ROADS
100
AcDbPolyline
 90
2
 70
0
 10
625378.5889093798
 20
4841815.51793823
 10
625406.4318413656
 20
4841743.275696777
  0
LWPOLYLINE
  5
270
330
17
100
AcDbEntity
  8
ROADS
100
AcDbPolyline
 90
2
 70
0
 10
625310.4196715115
 20
4841792.550989644
 10
625378.5889093798
 20
4841815.51793823
  0
LWPOLYLINE
  5
271
330
17
100
AcDbEntity
  8
ROADS
100
AcDbPolyline
 90
2
 70
0
 10
625665.0937652491
 20
4841447.390643031
 10
625611.0014265088
 20
4841430.342722142
  0
LWPOLYLINE
  5
272
330
17
100
AcDbEntity
  8
ROADS
100
AcDbPolyline
 90
2
 70
0
 10
625633.7045419241
 20
4841524.4148782035
 10
625585.9630894131
 20
4841509.195163799
  0
LWPOLYLINE
  5
273
330
17
100
AcDbEntity
  8
ROADS
100
AcDbPolyline
 90
2
 70
0
 10
625594.6484410214
 20
4841601.197877086
 10
625559.6497595754
 20
4841590.2526480025
  0
LWPOLYLINE
  5
274
330
17
100
AcDbEntity
  8
ROADS
100
AcDbPolyline
 90
2
 70
0
 10
623556.0209964548
 20
4840860.49105693
 10
623545.465007279
 20
4840915.726890602
  0
LWPOLYLINE
  5
275
330
17
100
AcDbEntity
  8
ROADS
100
AcDbPolyline
 90
2
 70
0
 10
623863.7123507448
 20
4840790.83181188
 10
623808.8700068598
 20
4841061.109584557
  0
LWPOLYLINE
  5
276
330
17
100
AcDbEntity
  8
ROADS
100
AcDbPolyline
 90
2
 70
0
 10
623545.465007279
 20
4840915.726890602
 10
623534.4840742733
 20
4840971.400054287
  0
LWPOLYLINE
  5
277
330
17
100
AcDbEntity
  8
ROADS
100
AcDbPolyline
 90
2
 70
0
 10
623534.4840742733
 20
4840971.400054287
 10
623521.4721196421
 20
4841056.855990593
  0
LWPOLYLINE
  5
278
330
17
100
AcDbEntity
  8
ROADS
100
AcDbPolyline
 90
2
 70
0
 10
623808.8700068598
 20
4841061.109584557
 10
623534.4840742733
 20
4840971.400054287
  0
LWPOLYLINE
  5
279
330
17
100
AcDbEntity
  8
ROADS
100
AcDbPolyline
 90
2
 70
0
 10
623899.2623817415
 20
4841090.971770048
 10
623808.8700068598
 20
4841061.109584557
  0
LWPOLYLINE
  5
27A
330
17
100
AcDbEntity
  8
ROADS
100
AcDbPolyline
 90
2
 70
0
 10
623521.4721196421
 20
4841056.855990593
 10
623444.4017562323
 20
4841442.726121352
  0
LWPOLYLINE
  5
27B
330
17
100
AcDbEntity
  8
ROADS
100
AcDbPolyline
 90
2
 70
0
 10
623444.4017562323
 20
4841442.726121352
 10
623645.0256873845
 20
4841508.230961491
  0
LWPOLYLINE
  5
27C
330
17
100
AcDbEntity
  8
ROADS
100
AcDbPolyline
 90
2
 70
0
 10
623842.6822391285
 20
4841585.137775261
 10
623776.9023743987
 20
4841788.1839758335
  0
LWPOLYLINE
  5
27D
330
17
100
AcDbEntity
  8
ROADS
100
AcDbPolyline
 90
2
 70
0
 10
623776.9023743987
 20
4841788.1839758335
 10
623516.5895384992
 20
4841703.041912173
  0
LWPOLYLINE
  5
27E
330
17
100
AcDbEntity
  8
ROADS
100
AcDbPolyline
 90
2
 70
0
 10
624506.2189452493
 20
4841168.550702456
 10
624483.0377036142
 20
4841278.0821672585
  0
LWPOLYLINE
  5
27F
330
17
100
AcDbEntity
  8
ROADS
100
AcDbPolyline
 90
2
 70
0
 10
624483.0377036142
 20
4841278.0821672585
 10
624179.6656568298
 20
4841184.176560483
  0
LWPOLYLINE
  5
280
330
17
100
AcDbEntity
  8
ROADS
100
AcDbPolyline
 90
2
 70
0
 10
624672.5422036181
 20
4841310.732091642
 10
624483.0377036142
 20
4841278.0821672585
  0
LWPOLYLINE
  5
281
330
17
100
AcDbEntity
  8
ROADS
100
AcDbPolyline
 90
2
 70
0
 10
624672.5422036181
 20
4841310.732091642
 10
624632.8272162307
 20
4841418.262302738
  0
LWPOLYLINE
  5
282
330
17
100
AcDbEntity
  8
ROADS
100
AcDbPolyline
 90
2
 70
0
 10
624483.0377036142
 20
4841278.0821672585
 10
624442.6034414377
 20
4841507.202373432
  0
LWPOLYLINE
  5
283
330
17
100
AcDbEntity
  8
ROADS
100
AcDbPolyline
 90
2
 70
0
 10
624632.8272162307
 20
4841418.262302738
 10
624561.2068657338
 20
4841411.489913846
  0
LWPOLYLINE
  5
284
330
17
100
AcDbEntity
  8
ROADS
100
AcDbPolyline
 90
2
 70
0
 10
624632.8272162307
 20
4841418.262302738
 10
624628.4614951601
 20
4841433.099111601
  0
LWPOLYLINE
  5
285
330
17
100
AcDbEntity
  8
ROADS
100
AcDbPolyline
 90
2
 70
0
 10
624561.2068657338
 20
4841411.489913846
 10
624595.5580281331
 20
4841468.503627359
  0
LWPOLYLINE
  5
286
330
17
100
AcDbEntity
  8
ROADS
100
AcDbPolyline
 90
2
 70
0
 10
624628.4614951601
 20
4841433.099111601
 10
624595.5580281331
 20
4841468.503627359
  0
LWPOLYLINE
  5
287
330
17
100
AcDbEntity
  8
ROADS
100
AcDbPolyline
 90
5
 70
0
 10
624628.4614951601
 20
4841433.099111601
 10
624667.9401418754
 20
4841447.495294451
 10
624655.1384027188
 20
4841504.250738674
 10
624617.1936020083
 20
4841503.020024028
 10
624595.5580281331
 20
4841468.503627359
  0
LWPOLYLINE
  5
288
330
17
100
AcDbEntity
  8
ROADS
100
AcDbPolyline
 90
2
 70
0
 10
623444.4017562323
 20
4841442.726121352
 10
623438.3421929912
 20
4841471.427529086
  0
LWPOLYLINE
  5
289
330
17
100
AcDbEntity
  8
ROADS
100
AcDbPolyline
 90
4
 70
0
 10
624179.6656568298
 20
4841184.176560483
 10
624109.4888881849
 20
4841413.021843045
 10
624116.6097522161
 20
4841443.278305217
 10
624434.3227285964
 20
4841551.812434693
  0
LWPOLYLINE
  5
28A
330
17
100
AcDbEntity
  8
ROADS
100
AcDbPolyline
 90
3
 70
0
 10
624407.1913421756
 20
4841741.348682568
 10
624200.7466919762
 20
4841704.025729951
 10
623842.6822391285
 20
4841585.137775261
  0
LWPOLYLINE
  5
28B
330
17
100
AcDbEntity
  8
ROADS
100
AcDbPolyline
 90
2
 70
0
 10
624358.4840149563
 20
4841985.07385179
 10
623914.4433839587
 20
4841833.063388604
  0
LWPOLYLINE
  5
28C
330
17
100
AcDbEntity
  8
ROADS
100
AcDbPolyline
 90
2
 70
0
 10
624037.8309771633
 20
4842039.553241151
 10
623865.1742988707
 20
4841982.064563803
  0
LWPOLYLINE
  5
28D
330
17
100
AcDbEntity
  8
ROADS
100
AcDbPolyline
 90
2
 70
0
 10
624331.3587928159
 20
4842129.610220112
 10
624037.8309771633
 20
4842039.553241151
  0
LWPOLYLINE
  5
28E
330
17
100
AcDbEntity
  8
ROADS
100
AcDbPolyline
 90
2
 70
0
 10
624037.8309771633
 20
4842039.553241151
 10
624006.9692320045
 20
4842135.151761648
  0
LWPOLYLINE
  5
28F
330
17
100
AcDbEntity
  8
ROADS
100
AcDbPolyline
 90
2
 70
0
 10
624006.9692320045
 20
4842135.151761648
 10
623833.882443571
 20
4842078.456739724
  0
LWPOLYLINE
  5
290
330
17
100
AcDbEntity
  8
ROADS
100
AcDbPolyline
 90
2
 70
0
 10
624314.1121800332
 20
4842236.06880789
 10
624006.9692320045
 20
4842135.151761648
  0
LWPOLYLINE
  5
291
330
17
100
AcDbEntity
  8
ROADS
100
AcDbPolyline
 90
2
 70
0
 10
624006.9692320045
 20
4842135.151761648
 10
623994.5510696265
 20
4842172.5463042315
  0
LWPOLYLINE
  5
292
330
17
100
AcDbEntity
  8
ROADS
100
AcDbPolyline
 90
2
 70
0
 10
623914.4433839587
 20
4841833.063388604
 10
623776.9023743987
 20
4841788.1839758335
  0
LWPOLYLINE
  5
293
330
17
100
AcDbEntity
  8
ROADS
100
AcDbPolyline
 90
2
 70
0
 10
623914.4433839587
 20
4841833.063388604
 10
623865.1742988707
 20
4841982.064563803
  0
LWPOLYLINE
  5
294
330
17
100
AcDbEntity
  8
ROADS
100
AcDbPolyline
 90
2
 70
0
 10
623849.2706388135
 20
4842029.741241307
 10
623727.2999743805
 20
4841989.412625146
  0
LWPOLYLINE
  5
295
330
17
100
AcDbEntity
  8
ROADS
100
AcDbPolyline
 90
2
 70
0
 10
623865.1742988707
 20
4841982.064563803
 10
623849.2706388135
 20
4842029.741241307
  0
LWPOLYLINE
  5
296
330
17
100
AcDbEntity
  8
ROADS
100
AcDbPolyline
 90
2
 70
0
 10
623849.2706388135
 20
4842029.741241307
 10
623833.0683887383
 20
4842077.922915934
  0
LWPOLYLINE
  5
297
330
17
100
AcDbEntity
  8
ROADS
100
AcDbPolyline
 90
2
 70
0
 10
624969.3021111658
 20
4842148.814669362
 10
625003.3138932646
 20
4842126.994993898
  0
LWPOLYLINE
  5
298
330
17
100
AcDbEntity
  8
ROADS
100
AcDbPolyline
 90
2
 70
0
 10
624969.3021111658
 20
4842148.814669362
 10
624979.6028000526
 20
4842173.441593879
  0
LWPOLYLINE
  5
299
330
17
100
AcDbEntity
  8
ROADS
100
AcDbPolyline
 90
2
 70
0
 10
624794.1475664148
 20
4842154.608065868
 10
624771.1010635908
 20
4842248.830158358
  0
LWPOLYLINE
  5
29A
330
17
100
AcDbEntity
  8
ROADS
100
AcDbPolyline
 90
3
 70
0
 10
624905.7289896312
 20
4842208.085102768
 10
624904.607784607
 20
4842204.275914771
 10
624924.6754991852
 20
4842199.200038245
  0
LWPOLYLINE
  5
29B
330
17
100
AcDbEntity
  8
ROADS
100
AcDbPolyline
 90
2
 70
0
 10
624771.1010635908
 20
4842248.830158358
 10
624614.4242383576
 20
4842199.445899877
  0
LWPOLYLINE
  5
29C
330
17
100
AcDbEntity
  8
ROADS
100
AcDbPolyline
 90
2
 70
0
 10
624775.7964608193
 20
4842250.355110649
 10
624771.1010635908
 20
4842248.830158358
  0
LWPOLYLINE
  5
29D
330
17
100
AcDbEntity
  8
ROADS
100
AcDbPolyline
 90
2
 70
0
 10
624771.1010635908
 20
4842248.830158358
 10
624770.1664540499
 20
4842251.7511050515
  0
LWPOLYLINE
  5
29E
330
17
100
AcDbEntity
  8
ROADS
100
AcDbPolyline
 90
2
 70
0
 10
624558.1523729532
 20
4842244.8539603995
 10
624513.276784153
 20
4842271.163222403
  0
LWPOLYLINE
  5
29F
330
17
100
AcDbEntity
  8
ROADS
100
AcDbPolyline
 90
2
 70
0
 10
624314.1121800332
 20
4842236.06880789
 10
624308.5639771601
 20
4842265.271868023
  0
LWPOLYLINE
  5
2A0
330
17
100
AcDbEntity
  8
ROADS
100
AcDbPolyline
 90
2
 70
0
 10
624558.1523729532
 20
4842244.8539603995
 10
624552.9934197281
 20
4842282.130530492
  0
LWPOLYLINE
  5
2A1
330
17
100
AcDbEntity
  8
ROADS
100
AcDbPolyline
 90
2
 70
0
 10
624513.276784153
 20
4842271.163222403
 10
624549.4581921002
 20
4842282.298946237
  0
ENDSEC
  0
SECTION
  2
OBJECTS
  0
DICTIONARY
  5
A
330
0
100
AcDbDictionary
281
1
  3
ACAD_COLOR
350
B
  3
ACAD_GROUP
350
C
  3
ACAD_LAYOUT
350
D
  3
ACAD_MATERIAL
350
E
  3
ACAD_MLEADERSTYLE
350
F
  3
ACAD_MLINESTYLE
350
10
  3
ACAD_PLOTSETTINGS
350
11
  3
ACAD_PLOTSTYLENAME
350
12
  3
ACAD_SCALELIST
350
14
  3
ACAD_TABLESTYLE
350
15
  3
ACAD_VISUALSTYLE
350
16
  3
EZDXF_META
350
2D
  0
DICTIONARY
  5
B
330
A
100
AcDbDictionary
281
1
  0
DICTIONARY
  5
C
330
A
100
AcDbDictionary
281
1
  0
DICTIONARY
  5
D
330
A
100
AcDbDictionary
281
1
  3
Model
350
1A
  3
Layout1
350
1E
  0
DICTIONARY
  5
E
330
A
100
AcDbDictionary
281
1
  3
ByBlock
350
1F
  3
ByLayer
350
20
  3
Global
350
21
  0
DICTIONARY
  5
F
330
A
100
AcDbDictionary
281
1
  3
Standard
350
2C
  0
DICTIONARY
  5
10
330
A
100
AcDbDictionary
281
1
  3
Standard
350
22
  0
DICTIONARY
  5
11
330
A
100
AcDbDictionary
281
1
  0
ACDBDICTIONARYWDFLT
  5
12
330
A
100
AcDbDictionary
281
1
  3
Normal
350
13
100
AcDbDictionaryWithDefault
340
13
  0
ACDBPLACEHOLDER
  5
13
330
12
  0
DICTIONARY
  5
14
330
A
100
AcDbDictionary
281
1
  0
DICTIONARY
  5
15
330
A
100
AcDbDictionary
281
1
  0
DICTIONARY
  5
16
330
A
100
AcDbDictionary
281
1
  0
LAYOUT
  5
1A
330
D
100
AcDbPlotSettings
  1

  4
A3
  6

 40
7.5
 41
20.0
 42
7.5
 43
20.0
 44
420.0
 45
297.0
 46
0.0
 47
0.0
 48
0.0
 49
0.0
140
0.0
141
0.0
142
1.0
143
1.0
 70
1024
 72
1
 73
0
 74
5
  7

 75
16
 76
0
 77
2
 78
300
147
1.0
148
0.0
149
0.0
100
AcDbLayout
  1
Model
 70
1
 71
0
 10
0.0
 20
0.0
 11
420.0
 21
297.0
 12
0.0
 22
0.0
 32
0.0
 14
1e+20
 24
1e+20
 34
1e+20
 15
-1e+20
 25
-1e+20
 35
-1e+20
146
0.0
 13
0.0
 23
0.0
 33
0.0
 16
1.0
 26
0.0
 36
0.0
 17
0.0
 27
1.0
 37
0.0
 76
1
330
17
  0
LAYOUT
  5
1E
330
D
100
AcDbPlotSettings
  1

  4
A3
  6

 40
7.5
 41
20.0
 42
7.5
 43
20.0
 44
420.0
 45
297.0
 46
0.0
 47
0.0
 48
0.0
 49
0.0
140
0.0
141
0.0
142
1.0
143
1.0
 70
0
 72
1
 73
0
 74
5
  7

 75
16
 76
0
 77
2
 78
300
147
1.0
148
0.0
149
0.0
100
AcDbLayout
  1
Layout1
 70
1
 71
1
 10
0.0
 20
0.0
 11
420.0
 21
297.0
 12
0.0
 22
0.0
 32
0.0
 14
1e+20
 24
1e+20
 34
1e+20
 15
-1e+20
 25
-1e+20
 35
-1e+20
146
0.0
 13
0.0
 23
0.0
 33
0.0
 16
1.0
 26
0.0
 36
0.0
 17
0.0
 27
1.0
 37
0.0
 76
1
330
1B
  0
MATERIAL
  5
1F
102
{ACAD_REACTORS
330
E
102
}
330
E
100
AcDbMaterial
  1
ByBlock
  2

 70
0
 40
1.0
 71
1
 41
1.0
 91
-1023410177
 42
1.0
 72
1
  3

 73
1
 74
1
 75
1
 44
0.5
 73
0
 45
1.0
 46
1.0
 77
1
  4

 78
1
 79
1
170
1
 48
1.0
171
1
  6

172
1
173
1
174
1
140
1.0
141
1.0
175
1
  7

176
1
177
1
178
1
143
1.0
179
1
  8

270
1
271
1
272
1
145
1.0
146
1.0
273
1
  9

274
1
275
1
276
1
 42
1.0
 72
1
  3

 73
1
 74
1
 75
1
 94
63
  0
MATERIAL
  5
20
102
{ACAD_REACTORS
330
E
102
}
330
E
100
AcDbMaterial
  1
ByLayer
  2

 70
0
 40
1.0
 71
1
 41
1.0
 91
-1023410177
 42
1.0
 72
1
  3

 73
1
 74
1
 75
1
 44
0.5
 73
0
 45
1.0
 46
1.0
 77
1
  4

 78
1
 79
1
170
1
 48
1.0
171
1
  6

172
1
173
1
174
1
140
1.0
141
1.0
175
1
  7

176
1
177
1
178
1
143
1.0
179
1
  8

270
1
271
1
272
1
145
1.0
146
1.0
273
1
  9

274
1
275
1
276
1
 42
1.0
 72
1
  3

 73
1
 74
1
 75
1
 94
63
  0
MATERIAL
  5
21
102
{ACAD_REACTORS
330
E
102
}
330
E
100
AcDbMaterial
  1
Global
  2

 70
0
 40
1.0
 71
1
 41
1.0
 91
-1023410177
 42
1.0
 72
1
  3

 73
1
 74
1
 75
1
 44
0.5
 73
0
 45
1.0
 46
1.0
 77
1
  4

 78
1
 79
1
170
1
 48
1.0
171
1
  6

172
1
173
1
174
1
140
1.0
141
1.0
175
1
  7

176
1
177
1
178
1
143
1.0
179
1
  8

270
1
271
1
272
1
145
1.0
146
1.0
273
1
  9

274
1
275
1
276
1
 42
1.0
 72
1
  3

 73
1
 74
1
 75
1
 94
63
  0
MLINESTYLE
  5
22
102
{ACAD_REACTORS
330
10
102
}
330
10
100
AcDbMlineStyle
  2
Standard
 70
0
  3

 62
256
 51
90.0
 52
90.0
 71
2
 49
0.5
 62
256
  6
BYLAYER
 49
-0.5
 62
256
  6
BYLAYER
  0
MLEADERSTYLE
  5
2C
102
{ACAD_REACTORS
330
F
102
}
330
F
100
AcDbMLeaderStyle
179
2
170
2
171
1
172
0
 90
2
 40
0.0
 41
0.0
173
1
 91
-1056964608
 92
-2
290
1
 42
2.0
291
1
 43
8.0
  3
Standard
 44
4.0
300

342
29
174
1
175
1
176
0
178
1
 93
-1056964608
 45
4.0
292
0
297
0
 46
4.0
 94
-1056964608
 47
1.0
 49
1.0
140
1.0
294
1
141
0.0
177
0
142
1.0
295
0
296
0
143
3.75
271
0
272
9
273
9
  0
DICTIONARY
  5
2D
330
A
100
AcDbDictionary
280
1
281
1
  3
CREATED_BY_EZDXF
350
2E
  3
WRITTEN_BY_EZDXF
350
2A4
  0
DICTIONARYVAR
  5
2E
330
2D
100
DictionaryVariables
280
0
  1
1.4.4 @ 2026-07-30T15:40:30.659831+00:00
  0
DICTIONARYVAR
  5
2A4
330
2D
100
DictionaryVariables
280
0
  1
1.4.4 @ 2026-07-30T15:40:30.714367+00:00
  0
ENDSEC
  0
EOF
