  0
SECTION
  2
HEADER
  9
$ACADVER
  1
AC1015
  9
$ACADMAINTVER
 70
6
  9
$DWGCODEPAGE
  3
ANSI_1252
  9
$INSBASE
 10
0.0
 20
0.0
 30
0.0
  9
$EXTMIN
 10
1e+20
 20
1e+20
 30
1e+20
  9
$EXTMAX
 10
-1e+20
 20
-1e+20
 30
-1e+20
  9
$LIMMIN
 10
0.0
 20
0.0
  9
$LIMMAX
 10
420.0
 20
297.0
  9
$ORTHOMODE
 70
0
  9
$REGENMODE
 70
1
  9
$FILLMODE
 70
1
  9
$QTEXTMODE
 70
0
  9
$MIRRTEXT
 70
1
  9
$LTSCALE
 40
1.0
  9
$ATTMODE
 70
1
  9
$TEXTSIZE
 40
2.5
  9
$TRACEWID
 40
1.0
  9
$TEXTSTYLE
  7
Standard
  9
$CLAYER
  8
0
  9
$CELTYPE
  6
ByLayer
  9
$CECOLOR
 62
256
  9
$CELTSCALE
 40
1.0
  9
$DISPSILH
 70
0
  9
$DIMSCALE
 40
1.0
  9
$DIMASZ
 40
2.5
  9
$DIMEXO
 40
0.625
  9
$DIMDLI
 40
3.75
  9
$DIMRND
 40
0.0
  9
$DIMDLE
 40
0.0
  9
$DIMEXE
 40
1.25
  9
$DIMTP
 40
0.0
  9
$DIMTM
 40
0.0
  9
$DIMTXT
 40
2.5
  9
$DIMCEN
 40
2.5
  9
$DIMTSZ
 40
0.0
  9
$DIMTOL
 70
0
  9
$DIMLIM
 70
0
  9
$DIMTIH
 70
0
  9
$DIMTOH
 70
0
  9
$DIMSE1
 70
0
  9
$DIMSE2
 70
0
  9
$DIMTAD
 70
1
  9
$DIMZIN
 70
8
  9
$DIMBLK
  1

  9
$DIMASO
 70
1
  9
$DIMSHO
 70
1
  9
$DIMPOST
  1

  9
$DIMAPOST
  1

  9
$DIMALT
 70
0
  9
$DIMALTD
 70
3
  9
$DIMALTF
 40
0.03937007874
  9
$DIMLFAC
 40
1.0
  9
$DIMTOFL
 70
1
  9
$DIMTVP
 40
0.0
  9
$DIMTIX
 70
0
  9
$DIMSOXD
 70
0
  9
$DIMSAH
 70
0
  9
$DIMBLK1
  1

  9
$DIMBLK2
  1

  9
$DIMSTYLE
  2
ISO-25
  9
$DIMCLRD
 70
0
  9
$DIMCLRE
 70
0
  9
$DIMCLRT
 70
0
  9
$DIMTFAC
 40
1.0
  9
$DIMGAP
 40
0.625
  9
$DIMJUST
 70
0
  9
$DIMSD1
 70
0
  9
$DIMSD2
 70
0
  9
$DIMTOLJ
 70
0
  9
$DIMTZIN
 70
8
  9
$DIMALTZ
 70
0
  9
$DIMALTTZ
 70
0
  9
$DIMUPT
 70
0
  9
$DIMDEC
 70
2
  9
$DIMTDEC
 70
2
  9
$DIMALTU
 70
2
  9
$DIMALTTD
 70
3
  9
$DIMTXSTY
  7
Standard
  9
$DIMAUNIT
 70
0
  9
$DIMADEC
 70
0
  9
$DIMALTRND
 40
0.0
  9
$DIMAZIN
 70
0
  9
$DIMDSEP
 70
44
  9
$DIMATFIT
 70
3
  9
$DIMFRAC
 70
0
  9
$DIMLDRBLK
  1

  9
$DIMLUNIT
 70
2
  9
$DIMLWD
 70
-2
  9
$DIMLWE
 70
-2
  9
$DIMTMOVE
 70
0
  9
$LUNITS
 70
2
  9
$LUPREC
 70
4
  9
$SKETCHINC
 40
1.0
  9
$FILLETRAD
 40
10.0
  9
$AUNITS
 70
0
  9
$AUPREC
 70
2
  9
$MENU
  1
.
  9
$ELEVATION
 40
0.0
  9
$PELEVATION
 40
0.0
  9
$THICKNESS
 40
0.0
  9
$LIMCHECK
 70
0
  9
$CHAMFERA
 40
0.0
  9
$CHAMFERB
 40
0.0
  9
$CHAMFERC
 40
0.0
  9
$CHAMFERD
 40
0.0
  9
$SKPOLY
 70
0
  9
$TDCREATE
 40
2461229.0974074076
  9
$TDUCREATE
 40
2458532.153996898
  9
$TDUPDATE
 40
2461229.0974074076
  9
$TDUUPDATE
 40
2458532.1544311
  9
$TDINDWG
 40
0.0
  9
$TDUSRTIMER
 40
0.0
  9
$USRTIMER
 70
1
  9
$ANGBASE
 50
0.0
  9
$ANGDIR
 70
0
  9
$PDMODE
 70
0
  9
$PDSIZE
 40
0.0
  9
$PLINEWID
 40
0.0
  9
$SPLFRAME
 70
0
  9
$SPLINETYPE
 70
6
  9
$SPLINESEGS
 70
8
  9
$HANDSEED
  5
467
  9
$SURFTAB1
 70
6
  9
$SURFTAB2
 70
6
  9
$SURFTYPE
 70
6
  9
$SURFU
 70
6
  9
$SURFV
 70
6
  9
$UCSBASE
  2

  9
$UCSNAME
  2

  9
$UCSORG
 10
0.0
 20
0.0
 30
0.0
  9
$UCSXDIR
 10
1.0
 20
0.0
 30
0.0
  9
$UCSYDIR
 10
0.0
 20
1.0
 30
0.0
  9
$UCSORTHOREF
  2

  9
$UCSORTHOVIEW
 70
0
  9
$UCSORGTOP
 10
0.0
 20
0.0
 30
0.0
  9
$UCSORGBOTTOM
 10
0.0
 20
0.0
 30
0.0
  9
$UCSORGLEFT
 10
0.0
 20
0.0
 30
0.0
  9
$UCSORGRIGHT
 10
0.0
 20
0.0
 30
0.0
  9
$UCSORGFRONT
 10
0.0
 20
0.0
 30
0.0
  9
$UCSORGBACK
 10
0.0
 20
0.0
 30
0.0
  9
$PUCSBASE
  2

  9
$PUCSNAME
  2

  9
$PUCSORG
 10
0.0
 20
0.0
 30
0.0
  9
$PUCSXDIR
 10
1.0
 20
0.0
 30
0.0
  9
$PUCSYDIR
 10
0.0
 20
1.0
 30
0.0
  9
$PUCSORTHOREF
  2

  9
$PUCSORTHOVIEW
 70
0
  9
$PUCSORGTOP
 10
0.0
 20
0.0
 30
0.0
  9
$PUCSORGBOTTOM
 10
0.0
 20
0.0
 30
0.0
  9
$PUCSORGLEFT
 10
0.0
 20
0.0
 30
0.0
  9
$PUCSORGRIGHT
 10
0.0
 20
0.0
 30
0.0
  9
$PUCSORGFRONT
 10
0.0
 20
0.0
 30
0.0
  9
$PUCSORGBACK
 10
0.0
 20
0.0
 30
0.0
  9
$USERI1
 70
0
  9
$USERI2
 70
0
  9
$USERI3
 70
0
  9
$USERI4
 70
0
  9
$USERI5
 70
0
  9
$USERR1
 40
0.0
  9
$USERR2
 40
0.0
  9
$USERR3
 40
0.0
  9
$USERR4
 40
0.0
  9
$USERR5
 40
0.0
  9
$WORLDVIEW
 70
1
  9
$SHADEDGE
 70
3
  9
$SHADEDIF
 70
70
  9
$TILEMODE
 70
1
  9
$MAXACTVP
 70
64
  9
$PINSBASE
 10
0.0
 20
0.0
 30
0.0
  9
$PLIMCHECK
 70
0
  9
$PEXTMIN
 10
1e+20
 20
1e+20
 30
1e+20
  9
$PEXTMAX
 10
-1e+20
 20
-1e+20
 30
-1e+20
  9
$PLIMMIN
 10
0.0
 20
0.0
  9
$PLIMMAX
 10
420.0
 20
297.0
  9
$UNITMODE
 70
0
  9
$VISRETAIN
 70
1
  9
$PLINEGEN
 70
0
  9
$PSLTSCALE
 70
1
  9
$TREEDEPTH
 70
3020
  9
$CMLSTYLE
  2
Standard
  9
$CMLJUST
 70
0
  9
$CMLSCALE
 40
20.0
  9
$PROXYGRAPHICS
 70
1
  9
$MEASUREMENT
 70
1
  9
$CELWEIGHT
370
-1
  9
$ENDCAPS
280
0
  9
$JOINSTYLE
280
0
  9
$LWDISPLAY
290
0
  9
$INSUNITS
 70
6
  9
$HYPERLINKBASE
  1

  9
$STYLESHEET
  1

  9
$XEDIT
290
1
  9
$CEPSNTYPE
380
0
  9
$PSTYLEMODE
290
1
  9
$FINGERPRINTGUID
  2
{31D32C5E-0284-41C2-90CA-6A659B2BD186}
  9
$VERSIONGUID
  2
{DE463600-8EF6-47DE-A9F5-7B74B76C29A3}
  9
$EXTNAMES
290
1
  9
$PSVPSCALE
 40
0.0
  9
$OLESTARTUP
290
0
  0
ENDSEC
  0
SECTION
  2
CLASSES
  0
CLASS
  1
ACDBDICTIONARYWDFLT
  2
AcDbDictionaryWithDefault
  3
ObjectDBX Classes
 90
0
280
0
281
0
  0
CLASS
  1
SUN
  2
AcDbSun
  3
SCENEOE
 90
1153
280
0
281
0
  0
CLASS
  1
VISUALSTYLE
  2
AcDbVisualStyle
  3
ObjectDBX Classes
 90
4095
280
0
281
0
  0
CLASS
  1
MATERIAL
  2
AcDbMaterial
  3
ObjectDBX Classes
 90
1153
280
0
281
0
  0
CLASS
  1
SCALE
  2
AcDbScale
  3
ObjectDBX Classes
 90
1153
280
0
281
0
  0
CLASS
  1
TABLESTYLE
  2
AcDbTableStyle
  3
ObjectDBX Classes
 90
4095
280
0
281
0
  0
CLASS
  1
MLEADERSTYLE
  2
AcDbMLeaderStyle
  3
ACDB_MLEADERSTYLE_CLASS
 90
4095
280
0
281
0
  0
CLASS
  1
DICTIONARYVAR
  2
AcDbDictionaryVar
  3
ObjectDBX Classes
 90
0
280
0
281
0
  0
CLASS
  1
CELLSTYLEMAP
  2
AcDbCellStyleMap
  3
ObjectDBX Classes
 90
1152
280
0
281
0
  0
CLASS
  1
MENTALRAYRENDERSETTINGS
  2
AcDbMentalRayRenderSettings
  3
SCENEOE
 90
1024
280
0
281
0
  0
CLASS
  1
ACDBDETAILVIEWSTYLE
  2
AcDbDetailViewStyle
  3
ObjectDBX Classes
 90
1025
280
0
281
0
  0
CLASS
  1
ACDBSECTIONVIEWSTYLE
  2
AcDbSectionViewStyle
  3
ObjectDBX Classes
 90
1025
280
0
281
0
  0
CLASS
  1
RASTERVARIABLES
  2
AcDbRasterVariables
  3
ISM
 90
0
280
0
281
0
  0
CLASS
  1
ACDBPLACEHOLDER
  2
AcDbPlaceHolder
  3
ObjectDBX Classes
 90
0
280
0
281
0
  0
CLASS
  1
LAYOUT
  2
AcDbLayout
  3
ObjectDBX Classes
 90
0
280
0
281
0
  0
ENDSEC
  0
SECTION
  2
TABLES
  0
TABLE
  2
VPORT
  5
8
330
0
100
AcDbSymbolTable
 70
1
  0
VPORT
  5
23
330
8
100
AcDbSymbolTableRecord
100
AcDbViewportTableRecord
  2
*Active
 70
0
 10
0.0
 20
0.0
 11
1.0
 21
1.0
 12
0.0
 22
0.0
 13
0.0
 23
0.0
 14
0.5
 24
0.5
 15
0.5
 25
0.5
 16
0.0
 26
0.0
 36
1.0
 17
0.0
 27
0.0
 37
0.0
 40
1000.0
 41
1.34
 42
50.0
 43
0.0
 44
0.0
 50
0.0
 51
0.0
 71
0
 72
1000
 73
1
 74
3
 75
0
 76
0
 77
0
 78
0
281
0
 65
0
146
0.0
  0
ENDTAB
  0
TABLE
  2
LTYPE
  5
2
330
0
100
AcDbSymbolTable
 70
3
  0
LTYPE
  5
24
330
2
100
AcDbSymbolTableRecord
100
AcDbLinetypeTableRecord
  2
ByBlock
 70
0
  3

 72
65
 73
0
 40
0.0
  0
LTYPE
  5
25
330
2
100
AcDbSymbolTableRecord
100
AcDbLinetypeTableRecord
  2
ByLayer
 70
0
  3

 72
65
 73
0
 40
0.0
  0
LTYPE
  5
26
330
2
100
AcDbSymbolTableRecord
100
AcDbLinetypeTableRecord
  2
Continuous
 70
0
  3

 72
65
 73
0
 40
0.0
  0
ENDTAB
  0
TABLE
  2
LAYER
  5
1
330
0
100
AcDbSymbolTable
 70
2
  0
LAYER
  5
27
330
1
100
AcDbSymbolTableRecord
100
AcDbLayerTableRecord
  2
0
 70
0
 62
7
  6
Continuous
370
-3
390
13
  0
LAYER
  5
28
330
1
100
AcDbSymbolTableRecord
100
AcDbLayerTableRecord
  2
Defpoints
 70
0
 62
7
  6
Continuous
290
0
370
-3
390
13
  0
ENDTAB
  0
TABLE
  2
STYLE
  5
5
330
0
100
AcDbSymbolTable
 70
1
  0
STYLE
  5
29
330
5
100
AcDbSymbolTableRecord
100
AcDbTextStyleTableRecord
  2
Standard
 70
0
 40
0.0
 41
1.0
 50
0.0
 71
0
 42
2.5
  3
txt
  4

  0
ENDTAB
  0
TABLE
  2
VIEW
  5
7
330
0
100
AcDbSymbolTable
 70
0
  0
ENDTAB
  0
TABLE
  2
UCS
  5
6
330
0
100
AcDbSymbolTable
 70
0
  0
ENDTAB
  0
TABLE
  2
APPID
  5
3
330
0
100
AcDbSymbolTable
 70
3
  0
APPID
  5
2A
330
3
100
AcDbSymbolTableRecord
100
AcDbRegAppTableRecord
  2
ACAD
 70
0
  0
APPID
  5
464
330
3
100
AcDbSymbolTableRecord
100
AcDbRegAppTableRecord
  2
HATCHBACKGROUNDCOLOR
 70
0
  0
APPID
  5
465
330
3
100
AcDbSymbolTableRecord
100
AcDbRegAppTableRecord
  2
EZDXF
 70
0
  0
ENDTAB
  0
TABLE
  2
DIMSTYLE
  5
4
330
0
100
AcDbSymbolTable
 70
1
100
AcDbDimStyleTable
  0
DIMSTYLE
105
2B
330
4
100
AcDbSymbolTableRecord
100
AcDbDimStyleTableRecord
  2
Standard
 70
0
  3

  4

 40
1.0
 41
2.5
 42
0.625
 43
3.75
 44
1.25
 45
0.0
 46
0.0
 47
0.0
 48
0.0
140
2.5
141
2.5
142
0.0
143
0.03937007874
144
1.0
145
0.0
146
1.0
147
0.625
148
0.0
 71
0
 72
0
 73
0
 74
0
 75
0
 76
0
 77
1
 78
8
 79
3
170
0
171
3
172
1
173
0
174
0
175
0
176
0
177
0
178
0
179
2
271
2
272
2
273
2
274
3
275
0
276
0
277
2
278
44
279
0
280
0
281
0
282
0
283
0
284
8
285
0
286
0
288
0
289
3
371
-2
372
-2
  0
ENDTAB
  0
TABLE
  2
BLOCK_RECORD
  5
9
330
0
100
AcDbSymbolTable
 70
2
  0
BLOCK_RECORD
  5
17
330
9
100
AcDbSymbolTableRecord
100
AcDbBlockTableRecord
  2
*Model_Space
340
1A
  0
BLOCK_RECORD
  5
1B
330
9
100
AcDbSymbolTableRecord
100
AcDbBlockTableRecord
  2
*Paper_Space
340
1E
  0
ENDTAB
  0
ENDSEC
  0
SECTION
  2
BLOCKS
  0
BLOCK
  5
18
330
17
100
AcDbEntity
  8
0
100
AcDbBlockBegin
  2
*Model_Space
 70
0
 10
0.0
 20
0.0
 30
0.0
  3
*Model_Space
  1

  0
ENDBLK
  5
19
330
17
100
AcDbEntity
  8
0
100
AcDbBlockEnd
  0
BLOCK
  5
1C
330
1B
100
AcDbEntity
  8
0
100
AcDbBlockBegin
  2
*Paper_Space
 70
0
 10
0.0
 20
0.0
 30
0.0
  3
*Paper_Space
  1

  0
ENDBLK
  5
1D
330
1B
100
AcDbEntity
  8
0
100
AcDbBlockEnd
  0
ENDSEC
  0
SECTION
  2
ENTITIES
  0
LWPOLYLINE
  5
2F
330
17
100
AcDbEntity
  8
ROADS
100
AcDbPolyline
 90
2
 70
0
 10
634145.1261288375
 20
4834767.24272694
 10
634065.8166422131
 20
4834899.005967776
  0
LWPOLYLINE
  5
30
330
17
100
AcDbEntity
  8
ROADS
100
AcDbPolyline
 90
2
 70
0
 10
634065.8166422131
 20
4834899.005967776
 10
634050.0209392236
 20
4834924.476542673
  0
LWPOLYLINE
  5
31
330
17
100
AcDbEntity
  8
ROADS
100
AcDbPolyline
 90
2
 70
0
 10
633729.7855833521
 20
4834634.806112845
 10
633702.5217392561
 20
4834678.608199904
  0
LWPOLYLINE
  5
32
330
17
100
AcDbEntity
  8
ROADS
100
AcDbPolyline
 90
2
 70
0
 10
633939.5231816566
 20
4834700.593502992
 10
633884.5401871118
 20
4834789.94132346
  0
LWPOLYLINE
  5
33
330
17
100
AcDbEntity
  8
ROADS
100
AcDbPolyline
 90
2
 70
0
 10
633527.0735098226
 20
4834604.474095024
 10
633788.640684525
 20
4834760.546493955
  0
LWPOLYLINE
  5
34
330
17
100
AcDbEntity
  8
ROADS
100
AcDbPolyline
 90
2
 70
0
 10
633588.8239689271
 20
4834608.444480827
 10
633702.5217392561
 20
4834678.608199904
  0
LWPOLYLINE
  5
35
330
17
100
AcDbEntity
  8
ROADS
100
AcDbPolyline
 90
2
 70
0
 10
633702.5217392561
 20
4834678.608199904
 10
633794.3532352024
 20
4834742.340266964
  0
LWPOLYLINE
  5
36
330
17
100
AcDbEntity
  8
ROADS
100
AcDbPolyline
 90
4
 70
0
 10
633702.5217392561
 20
4834678.608199904
 10
633733.0184096585
 20
4834669.5796992155
 10
633865.0428027508
 20
4834754.411994677
 10
633884.5401871118
 20
4834789.94132346
  0
LWPOLYLINE
  5
37
330
17
100
AcDbEntity
  8
ROADS
100
AcDbPolyline
 90
2
 70
0
 10
633794.3532352024
 20
4834742.340266964
 10
633788.640684525
 20
4834760.546493955
  0
LWPOLYLINE
  5
38
330
17
100
AcDbEntity
  8
ROADS
100
AcDbPolyline
 90
2
 70
0
 10
633794.3532352024
 20
4834742.340266964
 10
633884.5401871118
 20
4834789.94132346
  0
LWPOLYLINE
  5
39
330
17
100
AcDbEntity
  8
ROADS
100
AcDbPolyline
 90
2
 70
0
 10
633788.640684525
 20
4834760.546493955
 10
633869.9849772399
 20
4834808.475745228
  0
LWPOLYLINE
  5
3A
330
17
100
AcDbEntity
  8
ROADS
100
AcDbPolyline
 90
2
 70
0
 10
633884.5401871118
 20
4834789.94132346
 10
633869.9849772399
 20
4834808.475745228
  0
LWPOLYLINE
  5
3B
330
17
100
AcDbEntity
  8
ROADS
100
AcDbPolyline
 90
2
 70
0
 10
633884.5401871118
 20
4834789.94132346
 10
633965.7414224814
 20
4834842.7979134945
  0
LWPOLYLINE
  5
3C
330
17
100
AcDbEntity
  8
ROADS
100
AcDbPolyline
 90
2
 70
0
 10
633869.9849772399
 20
4834808.475745228
 10
633958.8828999166
 20
4834862.82258304
  0
LWPOLYLINE
  5
3D
330
17
100
AcDbEntity
  8
ROADS
100
AcDbPolyline
 90
2
 70
0
 10
633788.640684525
 20
4834760.546493955
 10
633728.8701377335
 20
4834944.090039418
  0
LWPOLYLINE
  5
3E
330
17
100
AcDbEntity
  8
ROADS
100
AcDbPolyline
 90
2
 70
0
 10
633965.7414224814
 20
4834842.7979134945
 10
633958.8828999166
 20
4834862.82258304
  0
LWPOLYLINE
  5
3F
330
17
100
AcDbEntity
  8
ROADS
100
AcDbPolyline
 90
3
 70
0
 10
632853.3376921469
 20
4834953.90615527
 10
632953.0766227425
 20
4834837.778388188
 10
632954.0783541398
 20
4834833.449986691
  0
LWPOLYLINE
  5
40
330
17
100
AcDbEntity
  8
ROADS
100
AcDbPolyline
 90
3
 70
0
 10
632964.0604714794
 20
4834823.748446482
 10
632953.1004789409
 20
4834850.012785981
 10
632813.8392900008
 20
4835017.894362361
  0
LWPOLYLINE
  5
41
330
17
100
AcDbEntity
  8
ROADS
100
AcDbPolyline
 90
4
 70
0
 10
633344.1832962149
 20
4835080.002336562
 10
633260.7394819662
 20
4834903.478862307
 10
633122.6748699064
 20
4834745.122629942
 10
633095.3606426499
 20
4834723.279531503
  0
LWPOLYLINE
  5
42
330
17
100
AcDbEntity
  8
ROADS
100
AcDbPolyline
 90
2
 70
0
 10
633869.9849772399
 20
4834808.475745228
 10
633832.4122825292
 20
4834924.6880824575
  0
LWPOLYLINE
  5
43
330
17
100
AcDbEntity
  8
ROADS
100
AcDbPolyline
 90
2
 70
0
 10
633965.7414224814
 20
4834842.7979134945
 10
634065.8166422131
 20
4834899.005967776
  0
LWPOLYLINE
  5
44
330
17
100
AcDbEntity
  8
ROADS
100
AcDbPolyline
 90
2
 70
0
 10
633958.8828999166
 20
4834862.82258304
 10
634050.0209392236
 20
4834924.476542673
  0
LWPOLYLINE
  5
45
330
17
100
AcDbEntity
  8
ROADS
100
AcDbPolyline
 90
2
 70
0
 10
633958.8828999166
 20
4834862.82258304
 10
633929.6975238522
 20
4834956.095176133
  0
LWPOLYLINE
  5
46
330
17
100
AcDbEntity
  8
ROADS
100
AcDbPolyline
 90
2
 70
0
 10
633832.4122825292
 20
4834924.6880824575
 10
633881.639399747
 20
4834940.726219787
  0
LWPOLYLINE
  5
47
330
17
100
AcDbEntity
  8
ROADS
100
AcDbPolyline
 90
2
 70
0
 10
633881.639399747
 20
4834940.726219787
 10
633929.6975238522
 20
4834956.095176133
  0
LWPOLYLINE
  5
48
330
17
100
AcDbEntity
  8
ROADS
100
AcDbPolyline
 90
2
 70
0
 10
633832.4122825292
 20
4834924.6880824575
 10
633816.789601517
 20
4834973.006629815
  0
LWPOLYLINE
  5
49
330
17
100
AcDbEntity
  8
ROADS
100
AcDbPolyline
 90
2
 70
0
 10
633728.8701377335
 20
4834944.090039418
 10
633774.120810327
 20
4834958.97220238
  0
LWPOLYLINE
  5
4A
330
17
100
AcDbEntity
  8
ROADS
100
AcDbPolyline
 90
2
 70
0
 10
634050.0209392236
 20
4834924.476542673
 10
634026.2763952318
 20
4834987.797543461
  0
LWPOLYLINE
  5
4B
330
17
100
AcDbEntity
  8
ROADS
100
AcDbPolyline
 90
2
 70
0
 10
633929.6975238522
 20
4834956.095176133
 10
633976.8628289693
 20
4834971.727019716
  0
LWPOLYLINE
  5
4C
330
17
100
AcDbEntity
  8
ROADS
100
AcDbPolyline
 90
2
 70
0
 10
634967.0602695097
 20
4835089.797904324
 10
635046.7978091852
 20
4834957.33971786
  0
LWPOLYLINE
  5
4D
330
17
100
AcDbEntity
  8
ROADS
100
AcDbPolyline
 90
2
 70
0
 10
635038.9744571752
 20
4834953.36265705
 10
634957.1285836779
 20
4835084.754946976
  0
LWPOLYLINE
  5
4E
330
17
100
AcDbEntity
  8
ROADS
100
AcDbPolyline
 90
2
 70
0
 10
634957.1285836779
 20
4835084.754946976
 10
634967.0602695097
 20
4835089.797904324
  0
LWPOLYLINE
  5
4F
330
17
100
AcDbEntity
  8
ROADS
100
AcDbPolyline
 90
2
 70
0
 10
634592.0859149937
 20
4834861.786862316
 10
634957.1285836779
 20
4835084.754946976
  0
LWPOLYLINE
  5
50
330
17
100
AcDbEntity
  8
ROADS
100
AcDbPolyline
 90
3
 70
0
 10
634775.1040844325
 20
4835349.463960521
 10
634780.0566784044
 20
4835336.454390441
 10
634800.2941149091
 20
4835344.877936807
  0
LWPOLYLINE
  5
51
330
17
100
AcDbEntity
  8
ROADS
100
AcDbPolyline
 90
2
 70
0
 10
634800.2941149091
 20
4835344.877936807
 10
634823.0825846298
 20
4835354.362689363
  0
LWPOLYLINE
  5
52
330
17
100
AcDbEntity
  8
ROADS
100
AcDbPolyline
 90
2
 70
0
 10
634800.2941149091
 20
4835344.877936807
 10
634793.180248889
 20
4835355.956274663
  0
LWPOLYLINE
  5
53
330
17
100
AcDbEntity
  8
ROADS
100
AcDbPolyline
 90
2
 70
0
 10
634775.1040844325
 20
4835349.463960521
 10
634793.180248889
 20
4835355.956274663
  0
LWPOLYLINE
  5
54
330
17
100
AcDbEntity
  8
ROADS
100
AcDbPolyline
 90
2
 70
0
 10
635116.8719093209
 20
4835505.582489429
 10
635677.9106474577
 20
4835704.427043811
  0
LWPOLYLINE
  5
55
330
17
100
AcDbEntity
  8
ROADS
100
AcDbPolyline
 90
2
 70
0
 10
635321.91169436
 20
4835559.007714367
 10
635679.7254139015
 20
4835679.722698239
  0
LWPOLYLINE
  5
56
330
17
100
AcDbEntity
  8
ROADS
100
AcDbPolyline
 90
2
 70
0
 10
635682.3145365431
 20
4835654.8363353815
 10
635679.7254139015
 20
4835679.722698239
  0
LWPOLYLINE
  5
57
330
17
100
AcDbEntity
  8
ROADS
100
AcDbPolyline
 90
2
 70
0
 10
635677.9106474577
 20
4835704.427043811
 10
635679.7254139015
 20
4835679.722698239
  0
LWPOLYLINE
  5
58
330
17
100
AcDbEntity
  8
ROADS
100
AcDbPolyline
 90
2
 70
0
 10
635474.3384535733
 20
4835677.461497737
 10
635409.4337799845
 20
4835880.469676592
  0
LWPOLYLINE
  5
59
330
17
100
AcDbEntity
  8
ROADS
100
AcDbPolyline
 90
2
 70
0
 10
635319.682452056
 20
4835847.369239306
 10
635409.4337799845
 20
4835880.469676592
  0
LWPOLYLINE
  5
5A
330
17
100
AcDbEntity
  8
ROADS
100
AcDbPolyline
 90
3
 70
0
 10
634065.8166422131
 20
4834899.005967776
 10
634485.5374778206
 20
4835179.096179578
 10
634775.1040844325
 20
4835349.463960521
  0
LWPOLYLINE
  5
5B
330
17
100
AcDbEntity
  8
ROADS
100
AcDbPolyline
 90
4
 70
0
 10
634065.8166422131
 20
4834899.005967776
 10
634074.0807726411
 20
4834924.097415027
 10
634609.8634069336
 20
4835286.221569824
 10
634765.311489023
 20
4835374.455048126
  0
LWPOLYLINE
  5
5C
330
17
100
AcDbEntity
  8
ROADS
100
AcDbPolyline
 90
3
 70
0
 10
634050.0209392236
 20
4834924.476542673
 10
634661.010802874
 20
4835332.352039658
 10
634761.1350651847
 20
4835384.526900154
  0
LWPOLYLINE
  5
5D
330
17
100
AcDbEntity
  8
ROADS
100
AcDbPolyline
 90
2
 70
0
 10
634028.6664744108
 20
4835301.801564252
 10
634076.0738466881
 20
4835317.098809298
  0
LWPOLYLINE
  5
5E
330
17
100
AcDbEntity
  8
ROADS
100
AcDbPolyline
 90
2
 70
0
 10
634076.0738466881
 20
4835317.098809298
 10
634125.0052333433
 20
4835332.236595219
  0
LWPOLYLINE
  5
5F
330
17
100
AcDbEntity
  8
ROADS
100
AcDbPolyline
 90
2
 70
0
 10
634076.0738466881
 20
4835317.098809298
 10
634062.8127268984
 20
4835358.6445073895
  0
LWPOLYLINE
  5
60
330
17
100
AcDbEntity
  8
ROADS
100
AcDbPolyline
 90
2
 70
0
 10
634125.0052333433
 20
4835332.236595219
 10
634242.0545219285
 20
4835370.925715897
  0
LWPOLYLINE
  5
61
330
17
100
AcDbEntity
  8
ROADS
100
AcDbPolyline
 90
2
 70
0
 10
634125.0052333433
 20
4835332.236595219
 10
634111.7616242331
 20
4835374.141144964
  0
LWPOLYLINE
  5
62
330
17
100
AcDbEntity
  8
ROADS
100
AcDbPolyline
 90
2
 70
0
 10
634062.8127268984
 20
4835358.6445073895
 10
634111.7616242331
 20
4835374.141144964
  0
LWPOLYLINE
  5
63
330
17
100
AcDbEntity
  8
ROADS
100
AcDbPolyline
 90
2
 70
0
 10
634242.0545219285
 20
4835370.925715897
 10
634319.8209777665
 20
4835396.150614627
  0
LWPOLYLINE
  5
64
330
17
100
AcDbEntity
  8
ROADS
100
AcDbPolyline
 90
2
 70
0
 10
634823.0825846298
 20
4835354.362689363
 10
634816.7939968227
 20
4835364.986908108
  0
LWPOLYLINE
  5
65
330
17
100
AcDbEntity
  8
ROADS
100
AcDbPolyline
 90
2
 70
0
 10
634793.180248889
 20
4835355.956274663
 10
634816.7939968227
 20
4835364.986908108
  0
LWPOLYLINE
  5
66
330
17
100
AcDbEntity
  8
ROADS
100
AcDbPolyline
 90
2
 70
0
 10
634775.1040844325
 20
4835349.463960521
 10
634765.311489023
 20
4835374.455048126
  0
LWPOLYLINE
  5
67
330
17
100
AcDbEntity
  8
ROADS
100
AcDbPolyline
 90
2
 70
0
 10
634793.180248889
 20
4835355.956274663
 10
634779.6847260993
 20
4835388.062025654
  0
LWPOLYLINE
  5
68
330
17
100
AcDbEntity
  8
ROADS
100
AcDbPolyline
 90
2
 70
0
 10
634816.7939968227
 20
4835364.986908108
 10
634801.8237721752
 20
4835390.1544159185
  0
LWPOLYLINE
  5
69
330
17
100
AcDbEntity
  8
ROADS
100
AcDbPolyline
 90
2
 70
0
 10
634765.311489023
 20
4835374.455048126
 10
634761.1350651847
 20
4835384.526900154
  0
LWPOLYLINE
  5
6A
330
17
100
AcDbEntity
  8
ROADS
100
AcDbPolyline
 90
2
 70
0
 10
634765.311489023
 20
4835374.455048126
 10
634779.6847260993
 20
4835388.062025654
  0
LWPOLYLINE
  5
6B
330
17
100
AcDbEntity
  8
ROADS
100
AcDbPolyline
 90
2
 70
0
 10
634761.1350651847
 20
4835384.526900154
 10
634779.6847260993
 20
4835388.062025654
  0
LWPOLYLINE
  5
6C
330
17
100
AcDbEntity
  8
ROADS
100
AcDbPolyline
 90
2
 70
0
 10
634779.6847260993
 20
4835388.062025654
 10
634801.8237721752
 20
4835390.1544159185
  0
LWPOLYLINE
  5
6D
330
17
100
AcDbEntity
  8
ROADS
100
AcDbPolyline
 90
2
 70
0
 10
634779.6847260993
 20
4835388.062025654
 10
634796.767131012
 20
4835399.12776406
  0
LWPOLYLINE
  5
6E
330
17
100
AcDbEntity
  8
ROADS
100
AcDbPolyline
 90
2
 70
0
 10
634957.1285836779
 20
4835084.754946976
 10
634800.2941149091
 20
4835344.877936807
  0
LWPOLYLINE
  5
6F
330
17
100
AcDbEntity
  8
ROADS
100
AcDbPolyline
 90
2
 70
0
 10
634967.0602695097
 20
4835089.797904324
 10
634823.0825846298
 20
4835354.362689363
  0
LWPOLYLINE
  5
70
330
17
100
AcDbEntity
  8
ROADS
100
AcDbPolyline
 90
2
 70
0
 10
634796.767131012
 20
4835399.12776406
 10
635116.8719093209
 20
4835505.582489429
  0
LWPOLYLINE
  5
71
330
17
100
AcDbEntity
  8
ROADS
100
AcDbPolyline
 90
3
 70
0
 10
634816.7939968227
 20
4835364.986908108
 10
635136.357854491
 20
4835476.304244238
 10
635321.91169436
 20
4835559.007714367
  0
LWPOLYLINE
  5
72
330
17
100
AcDbEntity
  8
ROADS
100
AcDbPolyline
 90
2
 70
0
 10
634801.8237721752
 20
4835390.1544159185
 10
635321.91169436
 20
4835559.007714367
  0
LWPOLYLINE
  5
73
330
17
100
AcDbEntity
  8
ROADS
100
AcDbPolyline
 90
3
 70
0
 10
634823.0825846298
 20
4835354.362689363
 10
635335.3860742818
 20
4835548.485394513
 10
635682.3145365431
 20
4835654.8363353815
  0
LWPOLYLINE
  5
74
330
17
100
AcDbEntity
  8
ROADS
100
AcDbPolyline
 90
2
 70
0
 10
635116.8719093209
 20
4835505.582489429
 10
635051.6567080563
 20
4835688.1611265605
  0
LWPOLYLINE
  5
75
330
17
100
AcDbEntity
  8
ROADS
100
AcDbPolyline
 90
2
 70
0
 10
635051.6567080563
 20
4835688.1611265605
 10
634969.3973862681
 20
4835661.737783374
  0
LWPOLYLINE
  5
76
330
17
100
AcDbEntity
  8
ROADS
100
AcDbPolyline
 90
2
 70
0
 10
635051.6567080563
 20
4835688.1611265605
 10
635029.6444037849
 20
4835753.124721549
  0
LWPOLYLINE
  5
77
330
17
100
AcDbEntity
  8
ROADS
100
AcDbPolyline
 90
2
 70
0
 10
634920.281092994
 20
4835716.838533596
 10
635029.6444037849
 20
4835753.124721549
  0
LWPOLYLINE
  5
78
330
17
100
AcDbEntity
  8
ROADS
100
AcDbPolyline
 90
2
 70
0
 10
634801.8237721752
 20
4835390.1544159185
 10
634796.767131012
 20
4835399.12776406
  0
LWPOLYLINE
  5
79
330
17
100
AcDbEntity
  8
ROADS
100
AcDbPolyline
 90
2
 70
0
 10
634439.2006469021
 20
4835436.437039607
 10
634479.7323215145
 20
4835448.922791336
  0
LWPOLYLINE
  5
7A
330
17
100
AcDbEntity
  8
ROADS
100
AcDbPolyline
 90
2
 70
0
 10
634479.7323215145
 20
4835448.922791336
 10
634521.256213602
 20
4835461.954528518
  0
LWPOLYLINE
  5
7B
330
17
100
AcDbEntity
  8
ROADS
100
AcDbPolyline
 90
2
 70
0
 10
634779.6847260993
 20
4835388.062025654
 10
634730.4063946048
 20
4835528.246029021
  0
LWPOLYLINE
  5
7C
330
17
100
AcDbEntity
  8
ROADS
100
AcDbPolyline
 90
2
 70
0
 10
634521.256213602
 20
4835461.954528518
 10
634561.8974909475
 20
4835476.233417879
  0
LWPOLYLINE
  5
7D
330
17
100
AcDbEntity
  8
ROADS
100
AcDbPolyline
 90
2
 70
0
 10
634561.8974909475
 20
4835476.233417879
 10
634589.0241930608
 20
4835499.221730625
  0
LWPOLYLINE
  5
7E
330
17
100
AcDbEntity
  8
ROADS
100
AcDbPolyline
 90
3
 70
0
 10
634589.0241930608
 20
4835499.221730625
 10
634609.9956632208
 20
4835490.221088777
 10
634667.1151572049
 20
4835508.050170762
  0
LWPOLYLINE
  5
7F
330
17
100
AcDbEntity
  8
ROADS
100
AcDbPolyline
 90
2
 70
0
 10
634589.0241930608
 20
4835499.221730625
 10
634596.4853485803
 20
4835510.200531846
  0
LWPOLYLINE
  5
80
330
17
100
AcDbEntity
  8
ROADS
100
AcDbPolyline
 90
2
 70
0
 10
634667.1151572049
 20
4835508.050170762
 10
634730.4063946048
 20
4835528.246029021
  0
LWPOLYLINE
  5
81
330
17
100
AcDbEntity
  8
ROADS
100
AcDbPolyline
 90
2
 70
0
 10
634596.4853485803
 20
4835510.200531846
 10
634630.5029176518
 20
4835572.447719677
  0
LWPOLYLINE
  5
82
330
17
100
AcDbEntity
  8
ROADS
100
AcDbPolyline
 90
4
 70
0
 10
634081.4253008724
 20
4835468.448017498
 10
634123.2647122546
 20
4835482.113498564
 10
634107.4966736144
 20
4835530.169413925
 10
634065.9143648702
 20
4835516.665588594
  0
LWPOLYLINE
  5
83
330
17
100
AcDbEntity
  8
ROADS
100
AcDbPolyline
 90
2
 70
0
 10
634228.3736141751
 20
4835411.184737365
 10
634154.5588821929
 20
4835626.457146072
  0
LWPOLYLINE
  5
84
330
17
100
AcDbEntity
  8
ROADS
100
AcDbPolyline
 90
2
 70
0
 10
634266.3391262568
 20
4835423.445070387
 10
634195.0602228772
 20
4835640.009950716
  0
LWPOLYLINE
  5
85
330
17
100
AcDbEntity
  8
ROADS
100
AcDbPolyline
 90
2
 70
0
 10
634356.9913051948
 20
4835410.796772806
 10
634274.1756485958
 20
4835665.019777676
  0
LWPOLYLINE
  5
86
330
17
100
AcDbEntity
  8
ROADS
100
AcDbPolyline
 90
2
 70
0
 10
634306.2243279773
 20
4835436.174148095
 10
634232.8620468065
 20
4835651.311269941
  0
LWPOLYLINE
  5
87
330
17
100
AcDbEntity
  8
ROADS
100
AcDbPolyline
 90
2
 70
0
 10
634397.7778941848
 20
4835423.675159436
 10
634314.9359773598
 20
4835678.685783018
  0
LWPOLYLINE
  5
88
330
17
100
AcDbEntity
  8
ROADS
100
AcDbPolyline
 90
2
 70
0
 10
634065.9143648702
 20
4835516.665588594
 10
634041.362247718
 20
4835589.522737754
  0
LWPOLYLINE
  5
89
330
17
100
AcDbEntity
  8
ROADS
100
AcDbPolyline
 90
2
 70
0
 10
634479.7323215145
 20
4835448.922791336
 10
634395.5588896505
 20
4835705.336517022
  0
LWPOLYLINE
  5
8A
330
17
100
AcDbEntity
  8
ROADS
100
AcDbPolyline
 90
2
 70
0
 10
634120.4651851318
 20
4835615.110863849
 10
634154.5588821929
 20
4835626.457146072
  0
LWPOLYLINE
  5
8B
330
17
100
AcDbEntity
  8
ROADS
100
AcDbPolyline
 90
2
 70
0
 10
634154.5588821929
 20
4835626.457146072
 10
634195.0602228772
 20
4835640.009950716
  0
LWPOLYLINE
  5
8C
330
17
100
AcDbEntity
  8
ROADS
100
AcDbPolyline
 90
4
 70
0
 10
634667.1151572049
 20
4835508.050170762
 10
634659.3442071156
 20
4835533.069794945
 10
634688.1591921048
 20
4835583.210925618
 10
634709.364122773
 20
4835590.006837803
  0
LWPOLYLINE
  5
8D
330
17
100
AcDbEntity
  8
ROADS
100
AcDbPolyline
 90
2
 70
0
 10
634730.4063946048
 20
4835528.246029021
 10
634709.364122773
 20
4835590.006837803
  0
LWPOLYLINE
  5
8E
330
17
100
AcDbEntity
  8
ROADS
100
AcDbPolyline
 90
2
 70
0
 10
634521.256213602
 20
4835461.954528518
 10
634437.2503284083
 20
4835718.4483185755
  0
LWPOLYLINE
  5
8F
330
17
100
AcDbEntity
  8
ROADS
100
AcDbPolyline
 90
2
 70
0
 10
634596.4853485803
 20
4835510.200531846
 10
634544.1013256067
 20
4835670.209957314
  0
LWPOLYLINE
  5
90
330
17
100
AcDbEntity
  8
ROADS
100
AcDbPolyline
 90
2
 70
0
 10
634630.5029176518
 20
4835572.447719677
 10
634656.4716960979
 20
4835612.961586157
  0
LWPOLYLINE
  5
91
330
17
100
AcDbEntity
  8
ROADS
100
AcDbPolyline
 90
2
 70
0
 10
634561.8974909475
 20
4835476.233417879
 10
634478.3834587471
 20
4835731.962063649
  0
LWPOLYLINE
  5
92
330
17
100
AcDbEntity
  8
ROADS
100
AcDbPolyline
 90
2
 70
0
 10
634709.364122773
 20
4835590.006837803
 10
634692.6271708352
 20
4835638.438348202
  0
LWPOLYLINE
  5
93
330
17
100
AcDbEntity
  8
ROADS
100
AcDbPolyline
 90
2
 70
0
 10
634630.5029176518
 20
4835572.447719677
 10
634588.2341322419
 20
4835677.450402751
  0
LWPOLYLINE
  5
94
330
17
100
AcDbEntity
  8
ROADS
100
AcDbPolyline
 90
2
 70
0
 10
634656.4716960979
 20
4835612.961586157
 10
634692.6271708352
 20
4835638.438348202
  0
LWPOLYLINE
  5
95
330
17
100
AcDbEntity
  8
ROADS
100
AcDbPolyline
 90
2
 70
0
 10
634656.4716960979
 20
4835612.961586157
 10
634639.2953149551
 20
4835662.908271143
  0
LWPOLYLINE
  5
96
330
17
100
AcDbEntity
  8
ROADS
100
AcDbPolyline
 90
2
 70
0
 10
634692.6271708352
 20
4835638.438348202
 10
634670.9001043986
 20
4835704.664139336
  0
LWPOLYLINE
  5
97
330
17
100
AcDbEntity
  8
ROADS
100
AcDbPolyline
 90
2
 70
0
 10
634692.6271708352
 20
4835638.438348202
 10
634920.281092994
 20
4835716.838533596
  0
LWPOLYLINE
  5
98
330
17
100
AcDbEntity
  8
ROADS
100
AcDbPolyline
 90
2
 70
0
 10
634670.9001043986
 20
4835704.664139336
 10
634712.030012801
 20
4835718.025820591
  0
LWPOLYLINE
  5
99
330
17
100
AcDbEntity
  8
ROADS
100
AcDbPolyline
 90
2
 70
0
 10
634712.030012801
 20
4835718.025820591
 10
634748.2658909705
 20
4835729.4858688805
  0
LWPOLYLINE
  5
9A
330
17
100
AcDbEntity
  8
ROADS
100
AcDbPolyline
 90
2
 70
0
 10
634437.2503284083
 20
4835718.4483185755
 10
634478.3834587471
 20
4835731.962063649
  0
LWPOLYLINE
  5
9B
330
17
100
AcDbEntity
  8
ROADS
100
AcDbPolyline
 90
2
 70
0
 10
634748.2658909705
 20
4835729.4858688805
 10
634784.3965038689
 20
4835741.624073868
  0
LWPOLYLINE
  5
9C
330
17
100
AcDbEntity
  8
ROADS
100
AcDbPolyline
 90
2
 70
0
 10
634670.9001043986
 20
4835704.664139336
 10
634650.0894864178
 20
4835766.720139341
  0
LWPOLYLINE
  5
9D
330
17
100
AcDbEntity
  8
ROADS
100
AcDbPolyline
 90
2
 70
0
 10
634478.3834587471
 20
4835731.962063649
 10
634511.1325674953
 20
4835742.728012809
  0
LWPOLYLINE
  5
9E
330
17
100
AcDbEntity
  8
ROADS
100
AcDbPolyline
 90
2
 70
0
 10
634712.030012801
 20
4835718.025820591
 10
634690.9261691086
 20
4835780.424555238
  0
LWPOLYLINE
  5
9F
330
17
100
AcDbEntity
  8
ROADS
100
AcDbPolyline
 90
2
 70
0
 10
634478.3834587471
 20
4835731.962063649
 10
634465.4081766712
 20
4835772.905913394
  0
LWPOLYLINE
  5
A0
330
17
100
AcDbEntity
  8
ROADS
100
AcDbPolyline
 90
2
 70
0
 10
634219.0415405675
 20
4835692.375322399
 10
634255.7891861713
 20
4835704.0136185745
  0
LWPOLYLINE
  5
A1
330
17
100
AcDbEntity
  8
ROADS
100
AcDbPolyline
 90
2
 70
0
 10
634314.9359773598
 20
4835678.685783018
 10
634302.0503951001
 20
4835719.09419184
  0
LWPOLYLINE
  5
A2
330
17
100
AcDbEntity
  8
ROADS
100
AcDbPolyline
 90
2
 70
0
 10
634356.1875274926
 20
4835692.452680393
 10
634395.5588896505
 20
4835705.336517022
  0
LWPOLYLINE
  5
A3
330
17
100
AcDbEntity
  8
ROADS
100
AcDbPolyline
 90
2
 70
0
 10
634174.4011032013
 20
4835677.260054061
 10
634159.9762274057
 20
4835723.320085228
  0
LWPOLYLINE
  5
A4
330
17
100
AcDbEntity
  8
ROADS
100
AcDbPolyline
 90
2
 70
0
 10
634255.7891861713
 20
4835704.0136185745
 10
634302.0503951001
 20
4835719.09419184
  0
LWPOLYLINE
  5
A5
330
17
100
AcDbEntity
  8
ROADS
100
AcDbPolyline
 90
2
 70
0
 10
634395.5588896505
 20
4835705.336517022
 10
634437.2503284083
 20
4835718.4483185755
  0
LWPOLYLINE
  5
A6
330
17
100
AcDbEntity
  8
ROADS
100
AcDbPolyline
 90
2
 70
0
 10
634302.0503951001
 20
4835719.09419184
 10
634321.0229175575
 20
4835725.51371582
  0
LWPOLYLINE
  5
A7
330
17
100
AcDbEntity
  8
ROADS
100
AcDbPolyline
 90
2
 70
0
 10
634395.5588896505
 20
4835705.336517022
 10
634383.3374716169
 20
4835745.627931863
  0
LWPOLYLINE
  5
A8
330
17
100
AcDbEntity
  8
ROADS
100
AcDbPolyline
 90
2
 70
0
 10
634321.0229175575
 20
4835725.51371582
 10
634369.8759445172
 20
4835741.22520312
  0
LWPOLYLINE
  5
A9
330
17
100
AcDbEntity
  8
ROADS
100
AcDbPolyline
 90
2
 70
0
 10
634369.8759445172
 20
4835741.22520312
 10
634383.3374716169
 20
4835745.627931863
  0
LWPOLYLINE
  5
AA
330
17
100
AcDbEntity
  8
ROADS
100
AcDbPolyline
 90
2
 70
0
 10
634748.2658909705
 20
4835729.4858688805
 10
634727.2235402635
 20
4835792.631784316
  0
LWPOLYLINE
  5
AB
330
17
100
AcDbEntity
  8
ROADS
100
AcDbPolyline
 90
2
 70
0
 10
634784.3965038689
 20
4835741.624073868
 10
634770.0826887479
 20
4835784.249904196
  0
LWPOLYLINE
  5
AC
330
17
100
AcDbEntity
  8
ROADS
100
AcDbPolyline
 90
2
 70
0
 10
634650.0894864178
 20
4835766.720139341
 10
634690.9261691086
 20
4835780.424555238
  0
LWPOLYLINE
  5
AD
330
17
100
AcDbEntity
  8
ROADS
100
AcDbPolyline
 90
2
 70
0
 10
634465.4081766712
 20
4835772.905913394
 10
634534.0519087333
 20
4835795.474773992
  0
LWPOLYLINE
  5
AE
330
17
100
AcDbEntity
  8
ROADS
100
AcDbPolyline
 90
2
 70
0
 10
634690.9261691086
 20
4835780.424555238
 10
634727.2235402635
 20
4835792.631784316
  0
LWPOLYLINE
  5
AF
330
17
100
AcDbEntity
  8
ROADS
100
AcDbPolyline
 90
2
 70
0
 10
634770.0826887479
 20
4835784.249904196
 10
634785.270885645
 20
4835789.3989182515
  0
LWPOLYLINE
  5
B0
330
17
100
AcDbEntity
  8
ROADS
100
AcDbPolyline
 90
2
 70
0
 10
634770.0826887479
 20
4835784.249904196
 10
634763.19420547
 20
4835804.766103472
  0
LWPOLYLINE
  5
B1
330
17
100
AcDbEntity
  8
ROADS
100
AcDbPolyline
 90
3
 70
0
 10
634823.7222688239
 20
4835803.22022944
 10
634822.7825012093
 20
4835789.319063618
 10
634785.270885645
 20
4835789.3989182515
  0
LWPOLYLINE
  5
B2
330
17
100
AcDbEntity
  8
ROADS
100
AcDbPolyline
 90
2
 70
0
 10
634650.0894864178
 20
4835766.720139341
 10
634630.5166262246
 20
4835826.969356876
  0
LWPOLYLINE
  5
B3
330
17
100
AcDbEntity
  8
ROADS
100
AcDbPolyline
 90
2
 70
0
 10
634727.2235402635
 20
4835792.631784316
 10
634763.19420547
 20
4835804.766103472
  0
LWPOLYLINE
  5
B4
330
17
100
AcDbEntity
  8
ROADS
100
AcDbPolyline
 90
2
 70
0
 10
632976.0878356097
 20
4834957.252779776
 10
633153.3895137771
 20
4835014.034216335
  0
LWPOLYLINE
  5
B5
330
17
100
AcDbEntity
  8
ROADS
100
AcDbPolyline
 90
2
 70
0
 10
633153.3895137771
 20
4835014.034216335
 10
633236.0301161573
 20
4835047.668732442
  0
LWPOLYLINE
  5
B6
330
17
100
AcDbEntity
  8
ROADS
100
AcDbPolyline
 90
2
 70
0
 10
633153.3895137771
 20
4835014.034216335
 10
633137.7633058744
 20
4835064.263749887
  0
LWPOLYLINE
  5
B7
330
17
100
AcDbEntity
  8
ROADS
100
AcDbPolyline
 90
2
 70
0
 10
633236.0301161573
 20
4835047.668732442
 10
633249.2550150175
 20
4835049.834963069
  0
LWPOLYLINE
  5
B8
330
17
100
AcDbEntity
  8
ROADS
100
AcDbPolyline
 90
2
 70
0
 10
633137.7633058744
 20
4835064.263749887
 10
633236.0301161573
 20
4835047.668732442
  0
LWPOLYLINE
  5
B9
330
17
100
AcDbEntity
  8
ROADS
100
AcDbPolyline
 90
3
 70
0
 10
632802.0748748019
 20
4835041.625706381
 10
632924.437632716
 20
4835087.983465488
 10
633059.4235923614
 20
4835090.844760193
  0
LWPOLYLINE
  5
BA
330
17
100
AcDbEntity
  8
ROADS
100
AcDbPolyline
 90
2
 70
0
 10
633059.4235923614
 20
4835090.844760193
 10
633137.7633058744
 20
4835064.263749887
  0
LWPOLYLINE
  5
BB
330
17
100
AcDbEntity
  8
ROADS
100
AcDbPolyline
 90
2
 70
0
 10
633137.7633058744
 20
4835064.263749887
 10
633117.5755248634
 20
4835121.0323413685
  0
LWPOLYLINE
  5
BC
330
17
100
AcDbEntity
  8
ROADS
100
AcDbPolyline
 90
3
 70
0
 10
633059.4235923614
 20
4835090.844760193
 10
633098.2376136841
 20
4835095.273732176
 10
633117.5755248634
 20
4835121.0323413685
  0
LWPOLYLINE
  5
BD
330
17
100
AcDbEntity
  8
ROADS
100
AcDbPolyline
 90
2
 70
0
 10
632842.7055674338
 20
4835106.052460823
 10
632822.9040299287
 20
4835135.149805941
  0
LWPOLYLINE
  5
BE
330
17
100
AcDbEntity
  8
ROADS
100
AcDbPolyline
 90
2
 70
0
 10
633249.2550150175
 20
4835049.834963069
 10
633171.0655836147
 20
4835289.38066936
  0
LWPOLYLINE
  5
BF
330
17
100
AcDbEntity
  8
ROADS
100
AcDbPolyline
 90
2
 70
0
 10
633117.5755248634
 20
4835121.0323413685
 10
633073.1195566001
 20
4835256.202460487
  0
LWPOLYLINE
  5
C0
330
17
100
AcDbEntity
  8
ROADS
100
AcDbPolyline
 90
3
 70
0
 10
632919.3395705513
 20
4835263.8261881275
 10
632945.2811904328
 20
4835177.662327405
 10
632822.9040299287
 20
4835135.149805941
  0
LWPOLYLINE
  5
C1
330
17
100
AcDbEntity
  8
ROADS
100
AcDbPolyline
 90
2
 70
0
 10
632776.096470553
 20
4835215.190966909
 10
632865.780388373
 20
4835244.849504972
  0
LWPOLYLINE
  5
C2
330
17
100
AcDbEntity
  8
ROADS
100
AcDbPolyline
 90
2
 70
0
 10
633073.1195566001
 20
4835256.202460487
 10
632990.1608127378
 20
4835228.275609085
  0
LWPOLYLINE
  5
C3
330
17
100
AcDbEntity
  8
ROADS
100
AcDbPolyline
 90
2
 70
0
 10
632865.780388373
 20
4835244.849504972
 10
632919.3395705513
 20
4835263.8261881275
  0
LWPOLYLINE
  5
C4
330
17
100
AcDbEntity
  8
ROADS
100
AcDbPolyline
 90
2
 70
0
 10
632865.780388373
 20
4835244.849504972
 10
632852.6428682385
 20
4835285.25920025
  0
LWPOLYLINE
  5
C5
330
17
100
AcDbEntity
  8
ROADS
100
AcDbPolyline
 90
2
 70
0
 10
632919.3395705513
 20
4835263.8261881275
 10
632970.581863441
 20
4835279.965770365
  0
LWPOLYLINE
  5
C6
330
17
100
AcDbEntity
  8
ROADS
100
AcDbPolyline
 90
2
 70
0
 10
633073.1195566001
 20
4835256.202460487
 10
633057.543177326
 20
4835308.376026285
  0
LWPOLYLINE
  5
C7
330
17
100
AcDbEntity
  8
ROADS
100
AcDbPolyline
 90
2
 70
0
 10
632919.3395705513
 20
4835263.8261881275
 10
632906.2196888363
 20
4835305.749327412
  0
LWPOLYLINE
  5
C8
330
17
100
AcDbEntity
  8
ROADS
100
AcDbPolyline
 90
2
 70
0
 10
632822.9040299287
 20
4835135.149805941
 10
632776.096470553
 20
4835215.190966909
  0
LWPOLYLINE
  5
C9
330
17
100
AcDbEntity
  8
ROADS
100
AcDbPolyline
 90
2
 70
0
 10
632738.321896917
 20
4835203.365080262
 10
632776.096470553
 20
4835215.190966909
  0
LWPOLYLINE
  5
CA
330
17
100
AcDbEntity
  8
ROADS
100
AcDbPolyline
 90
2
 70
0
 10
632776.096470553
 20
4835215.190966909
 10
632751.1096154337
 20
4835290.972226414
  0
LWPOLYLINE
  5
CB
330
17
100
AcDbEntity
  8
ROADS
100
AcDbPolyline
 90
2
 70
0
 10
632741.4773194423
 20
4835288.180883881
 10
632751.1096154337
 20
4835290.972226414
  0
LWPOLYLINE
  5
CC
330
17
100
AcDbEntity
  8
ROADS
100
AcDbPolyline
 90
2
 70
0
 10
632751.1096154337
 20
4835290.972226414
 10
632793.8319896882
 20
4835305.1326341145
  0
LWPOLYLINE
  5
CD
330
17
100
AcDbEntity
  8
ROADS
100
AcDbPolyline
 90
2
 70
0
 10
632793.8319896882
 20
4835305.1326341145
 10
632841.8745119307
 20
4835321.410385082
  0
LWPOLYLINE
  5
CE
330
17
100
AcDbEntity
  8
ROADS
100
AcDbPolyline
 90
2
 70
0
 10
633774.120810327
 20
4834958.97220238
 10
633816.789601517
 20
4834973.006629815
  0
LWPOLYLINE
  5
CF
330
17
100
AcDbEntity
  8
ROADS
100
AcDbPolyline
 90
2
 70
0
 10
633976.8628289693
 20
4834971.727019716
 10
634026.2763952318
 20
4834987.797543461
  0
LWPOLYLINE
  5
D0
330
17
100
AcDbEntity
  8
ROADS
100
AcDbPolyline
 90
2
 70
0
 10
633929.6975238522
 20
4834956.095176133
 10
633883.0425719596
 20
4835099.550572276
  0
LWPOLYLINE
  5
D1
330
17
100
AcDbEntity
  8
ROADS
100
AcDbPolyline
 90
2
 70
0
 10
633881.639399747
 20
4834940.726219787
 10
633804.9151932197
 20
4835180.649920657
  0
LWPOLYLINE
  5
D2
330
17
100
AcDbEntity
  8
ROADS
100
AcDbPolyline
 90
3
 70
0
 10
633774.120810327
 20
4834958.97220238
 10
633712.3641674684
 20
4835149.089338777
 10
633754.7974790477
 20
4835164.752663942
  0
LWPOLYLINE
  5
D3
330
17
100
AcDbEntity
  8
ROADS
100
AcDbPolyline
 90
2
 70
0
 10
633728.8701377335
 20
4834944.090039418
 10
633652.9851311762
 20
4835180.965552679
  0
LWPOLYLINE
  5
D4
330
17
100
AcDbEntity
  8
ROADS
100
AcDbPolyline
 90
2
 70
0
 10
633816.789601517
 20
4834973.006629815
 10
633754.7974790477
 20
4835164.752663942
  0
LWPOLYLINE
  5
D5
330
17
100
AcDbEntity
  8
ROADS
100
AcDbPolyline
 90
2
 70
0
 10
633865.0223435065
 20
4835085.153653882
 10
633867.6378140588
 20
4835073.854008588
  0
LWPOLYLINE
  5
D6
330
17
100
AcDbEntity
  8
ROADS
100
AcDbPolyline
 90
2
 70
0
 10
633865.0223435065
 20
4835085.153653882
 10
633842.4951054875
 20
4835093.3631128045
  0
LWPOLYLINE
  5
D7
330
17
100
AcDbEntity
  8
ROADS
100
AcDbPolyline
 90
2
 70
0
 10
633976.8628289693
 20
4834971.727019716
 10
633901.4043413141
 20
4835211.061114069
  0
LWPOLYLINE
  5
D8
330
17
100
AcDbEntity
  8
ROADS
100
AcDbPolyline
 90
2
 70
0
 10
633867.191779209
 20
4835098.526962585
 10
633865.0223435065
 20
4835085.153653882
  0
LWPOLYLINE
  5
D9
330
17
100
AcDbEntity
  8
ROADS
100
AcDbPolyline
 90
2
 70
0
 10
633883.0425719596
 20
4835099.550572276
 10
633867.191779209
 20
4835098.526962585
  0
LWPOLYLINE
  5
DA
330
17
100
AcDbEntity
  8
ROADS
100
AcDbPolyline
 90
2
 70
0
 10
634026.2763952318
 20
4834987.797543461
 10
633949.5813463395
 20
4835226.2707460765
  0
LWPOLYLINE
  5
DB
330
17
100
AcDbEntity
  8
ROADS
100
AcDbPolyline
 90
2
 70
0
 10
633867.191779209
 20
4835098.526962585
 10
633831.8003637115
 20
4835118.02880356
  0
LWPOLYLINE
  5
DC
330
17
100
AcDbEntity
  8
ROADS
100
AcDbPolyline
 90
2
 70
0
 10
633883.0425719596
 20
4835099.550572276
 10
633852.492473292
 20
4835195.0111337425
  0
LWPOLYLINE
  5
DD
330
17
100
AcDbEntity
  8
ROADS
100
AcDbPolyline
 90
2
 70
0
 10
633754.7974790477
 20
4835164.752663942
 10
633804.9151932197
 20
4835180.649920657
  0
LWPOLYLINE
  5
DE
330
17
100
AcDbEntity
  8
ROADS
100
AcDbPolyline
 90
2
 70
0
 10
633754.7974790477
 20
4835164.752663942
 10
633740.2857597274
 20
4835210.034024967
  0
LWPOLYLINE
  5
DF
330
17
100
AcDbEntity
  8
ROADS
100
AcDbPolyline
 90
2
 70
0
 10
633804.9151932197
 20
4835180.649920657
 10
633852.492473292
 20
4835195.0111337425
  0
LWPOLYLINE
  5
E0
330
17
100
AcDbEntity
  8
ROADS
100
AcDbPolyline
 90
2
 70
0
 10
633652.9851311762
 20
4835180.965552679
 10
633740.2857597274
 20
4835210.034024967
  0
LWPOLYLINE
  5
E1
330
17
100
AcDbEntity
  8
ROADS
100
AcDbPolyline
 90
2
 70
0
 10
633852.492473292
 20
4835195.0111337425
 10
633901.4043413141
 20
4835211.061114069
  0
LWPOLYLINE
  5
E2
330
17
100
AcDbEntity
  8
ROADS
100
AcDbPolyline
 90
2
 70
0
 10
633249.2550150175
 20
4835049.834963069
 10
633344.1832962149
 20
4835080.002336562
  0
LWPOLYLINE
  5
E3
330
17
100
AcDbEntity
  8
ROADS
100
AcDbPolyline
 90
2
 70
0
 10
633344.1832962149
 20
4835080.002336562
 10
633424.3097537986
 20
4835106.720884191
  0
LWPOLYLINE
  5
E4
330
17
100
AcDbEntity
  8
ROADS
100
AcDbPolyline
 90
2
 70
0
 10
633424.3097537986
 20
4835106.720884191
 10
633504.3888926981
 20
4835132.019474406
  0
LWPOLYLINE
  5
E5
330
17
100
AcDbEntity
  8
ROADS
100
AcDbPolyline
 90
2
 70
0
 10
633424.3097537986
 20
4835106.720884191
 10
633408.4328407338
 20
4835158.923081004
  0
LWPOLYLINE
  5
E6
330
17
100
AcDbEntity
  8
ROADS
100
AcDbPolyline
 90
2
 70
0
 10
633504.3888926981
 20
4835132.019474406
 10
633546.3946323257
 20
4835145.774904953
  0
LWPOLYLINE
  5
E7
330
17
100
AcDbEntity
  8
ROADS
100
AcDbPolyline
 90
2
 70
0
 10
633271.2026989503
 20
4835153.9520222265
 10
633275.6831940467
 20
4835140.722956468
  0
LWPOLYLINE
  5
E8
330
17
100
AcDbEntity
  8
ROADS
100
AcDbPolyline
 90
2
 70
0
 10
633546.3946323257
 20
4835145.774904953
 10
633582.7482204031
 20
4835158.02004478
  0
LWPOLYLINE
  5
E9
330
17
100
AcDbEntity
  8
ROADS
100
AcDbPolyline
 90
2
 70
0
 10
633325.1923875056
 20
4835138.552740353
 10
633315.504556608
 20
4835168.151988252
  0
LWPOLYLINE
  5
EA
330
17
100
AcDbEntity
  8
ROADS
100
AcDbPolyline
 90
2
 70
0
 10
633315.504556608
 20
4835168.151988252
 10
633271.2026989503
 20
4835153.9520222265
  0
LWPOLYLINE
  5
EB
330
17
100
AcDbEntity
  8
ROADS
100
AcDbPolyline
 90
2
 70
0
 10
633582.7482204031
 20
4835158.02004478
 10
633652.9851311762
 20
4835180.965552679
  0
LWPOLYLINE
  5
EC
330
17
100
AcDbEntity
  8
ROADS
100
AcDbPolyline
 90
2
 70
0
 10
633852.492473292
 20
4835195.0111337425
 10
633837.8513568812
 20
4835240.092151314
  0
LWPOLYLINE
  5
ED
330
17
100
AcDbEntity
  8
ROADS
100
AcDbPolyline
 90
2
 70
0
 10
633901.4043413141
 20
4835211.061114069
 10
633949.5813463395
 20
4835226.2707460765
  0
LWPOLYLINE
  5
EE
330
17
100
AcDbEntity
  8
ROADS
100
AcDbPolyline
 90
2
 70
0
 10
633740.2857597274
 20
4835210.034024967
 10
633837.8513568812
 20
4835240.092151314
  0
LWPOLYLINE
  5
EF
330
17
100
AcDbEntity
  8
ROADS
100
AcDbPolyline
 90
2
 70
0
 10
633740.2857597274
 20
4835210.034024967
 10
633725.2756965853
 20
4835255.774410994
  0
LWPOLYLINE
  5
F0
330
17
100
AcDbEntity
  8
ROADS
100
AcDbPolyline
 90
2
 70
0
 10
634068.1253495824
 20
4835172.098183948
 10
634028.6664744108
 20
4835301.801564252
  0
LWPOLYLINE
  5
F1
330
17
100
AcDbEntity
  8
ROADS
100
AcDbPolyline
 90
2
 70
0
 10
633949.5813463395
 20
4835226.2707460765
 10
633934.433715517
 20
4835273.866825294
  0
LWPOLYLINE
  5
F2
330
17
100
AcDbEntity
  8
ROADS
100
AcDbPolyline
 90
2
 70
0
 10
633837.8513568812
 20
4835240.092151314
 10
633934.433715517
 20
4835273.866825294
  0
LWPOLYLINE
  5
F3
330
17
100
AcDbEntity
  8
ROADS
100
AcDbPolyline
 90
2
 70
0
 10
633725.2756965853
 20
4835255.774410994
 10
633774.2605802185
 20
4835271.214164605
  0
LWPOLYLINE
  5
F4
330
17
100
AcDbEntity
  8
ROADS
100
AcDbPolyline
 90
2
 70
0
 10
633837.8513568812
 20
4835240.092151314
 10
633822.7957830315
 20
4835287.021823768
  0
LWPOLYLINE
  5
F5
330
17
100
AcDbEntity
  8
ROADS
100
AcDbPolyline
 90
2
 70
0
 10
633774.2605802185
 20
4835271.214164605
 10
633822.7957830315
 20
4835287.021823768
  0
LWPOLYLINE
  5
F6
330
17
100
AcDbEntity
  8
ROADS
100
AcDbPolyline
 90
2
 70
0
 10
633217.9097209967
 20
4835305.732778092
 10
633271.2026989503
 20
4835153.9520222265
  0
LWPOLYLINE
  5
F7
330
17
100
AcDbEntity
  8
ROADS
100
AcDbPolyline
 90
2
 70
0
 10
633504.3888926981
 20
4835132.019474406
 10
633436.0573265165
 20
4835343.121259946
  0
LWPOLYLINE
  5
F8
330
17
100
AcDbEntity
  8
ROADS
100
AcDbPolyline
 90
2
 70
0
 10
633315.504556608
 20
4835168.151988252
 10
633267.1290799495
 20
4835321.972819541
  0
LWPOLYLINE
  5
F9
330
17
100
AcDbEntity
  8
ROADS
100
AcDbPolyline
 90
2
 70
0
 10
633380.0994173898
 20
4835417.546674361
 10
633344.1832962149
 20
4835080.002336562
  0
LWPOLYLINE
  5
FA
330
17
100
AcDbEntity
  8
ROADS
100
AcDbPolyline
 90
2
 70
0
 10
633546.3946323257
 20
4835145.774904953
 10
633467.7298025774
 20
4835388.70748189
  0
LWPOLYLINE
  5
FB
330
17
100
AcDbEntity
  8
ROADS
100
AcDbPolyline
 90
2
 70
0
 10
633582.7482204031
 20
4835158.02004478
 10
633503.3789049118
 20
4835403.271097204
  0
LWPOLYLINE
  5
FC
330
17
100
AcDbEntity
  8
ROADS
100
AcDbPolyline
 90
2
 70
0
 10
633652.9851311762
 20
4835180.965552679
 10
633573.7087382082
 20
4835424.864221889
  0
LWPOLYLINE
  5
FD
330
17
100
AcDbEntity
  8
ROADS
100
AcDbPolyline
 90
2
 70
0
 10
633436.0573265165
 20
4835343.121259946
 10
633425.601418001
 20
4835346.167491481
  0
LWPOLYLINE
  5
FE
330
17
100
AcDbEntity
  8
ROADS
100
AcDbPolyline
 90
3
 70
0
 10
633425.601418001
 20
4835346.167491481
 10
633409.5296271879
 20
4835337.012222475
 10
633411.9990119336
 20
4835355.146319867
  0
LWPOLYLINE
  5
FF
330
17
100
AcDbEntity
  8
ROADS
100
AcDbPolyline
 90
2
 70
0
 10
633267.1290799495
 20
4835321.972819541
 10
633250.7379577756
 20
4835372.744572356
  0
LWPOLYLINE
  5
100
330
17
100
AcDbEntity
  8
ROADS
100
AcDbPolyline
 90
2
 70
0
 10
633934.433715517
 20
4835273.866825294
 10
633983.3431430722
 20
4835287.065042662
  0
LWPOLYLINE
  5
101
330
17
100
AcDbEntity
  8
ROADS
100
AcDbPolyline
 90
2
 70
0
 10
633725.2756965853
 20
4835255.774410994
 10
633707.6188498389
 20
4835310.175650833
  0
LWPOLYLINE
  5
102
330
17
100
AcDbEntity
  8
ROADS
100
AcDbPolyline
 90
2
 70
0
 10
633669.8654309483
 20
4835280.101738348
 10
633664.6596316872
 20
4835296.496963506
  0
LWPOLYLINE
  5
103
330
17
100
AcDbEntity
  8
ROADS
100
AcDbPolyline
 90
2
 70
0
 10
633983.3431430722
 20
4835287.065042662
 10
634028.6664744108
 20
4835301.801564252
  0
LWPOLYLINE
  5
104
330
17
100
AcDbEntity
  8
ROADS
100
AcDbPolyline
 90
2
 70
0
 10
633822.7957830315
 20
4835287.021823768
 10
633872.1565754174
 20
4835303.409459043
  0
LWPOLYLINE
  5
105
330
17
100
AcDbEntity
  8
ROADS
100
AcDbPolyline
 90
2
 70
0
 10
633934.433715517
 20
4835273.866825294
 10
633920.2188269999
 20
4835317.027898356
  0
LWPOLYLINE
  5
106
330
17
100
AcDbEntity
  8
ROADS
100
AcDbPolyline
 90
2
 70
0
 10
633707.6188498389
 20
4835310.175650833
 10
633664.6596316872
 20
4835296.496963506
  0
LWPOLYLINE
  5
107
330
17
100
AcDbEntity
  8
ROADS
100
AcDbPolyline
 90
2
 70
0
 10
633983.3431430722
 20
4835287.065042662
 10
633967.4936289114
 20
4835330.336081186
  0
LWPOLYLINE
  5
108
330
17
100
AcDbEntity
  8
ROADS
100
AcDbPolyline
 90
2
 70
0
 10
633872.1565754174
 20
4835303.409459043
 10
633920.2188269999
 20
4835317.027898356
  0
LWPOLYLINE
  5
109
330
17
100
AcDbEntity
  8
ROADS
100
AcDbPolyline
 90
2
 70
0
 10
633920.2188269999
 20
4835317.027898356
 10
633967.4936289114
 20
4835330.336081186
  0
LWPOLYLINE
  5
10A
330
17
100
AcDbEntity
  8
ROADS
100
AcDbPolyline
 90
3
 70
0
 10
632852.6428682385
 20
4835285.25920025
 10
632807.3002325423
 20
4835270.050343843
 10
632793.8319896882
 20
4835305.1326341145
  0
LWPOLYLINE
  5
10B
330
17
100
AcDbEntity
  8
ROADS
100
AcDbPolyline
 90
2
 70
0
 10
632852.6428682385
 20
4835285.25920025
 10
632886.9784313459
 20
4835299.317994137
  0
LWPOLYLINE
  5
10C
330
17
100
AcDbEntity
  8
ROADS
100
AcDbPolyline
 90
2
 70
0
 10
632970.581863441
 20
4835279.965770365
 10
633057.543177326
 20
4835308.376026285
  0
LWPOLYLINE
  5
10D
330
17
100
AcDbEntity
  8
ROADS
100
AcDbPolyline
 90
2
 70
0
 10
633171.0655836147
 20
4835289.38066936
 10
633217.9097209967
 20
4835305.732778092
  0
LWPOLYLINE
  5
10E
330
17
100
AcDbEntity
  8
ROADS
100
AcDbPolyline
 90
2
 70
0
 10
632886.9784313459
 20
4835299.317994137
 10
632906.2196888363
 20
4835305.749327412
  0
LWPOLYLINE
  5
10F
330
17
100
AcDbEntity
  8
ROADS
100
AcDbPolyline
 90
2
 70
0
 10
632852.6428682385
 20
4835285.25920025
 10
632841.8745119307
 20
4835321.410385082
  0
LWPOLYLINE
  5
110
330
17
100
AcDbEntity
  8
ROADS
100
AcDbPolyline
 90
2
 70
0
 10
632970.581863441
 20
4835279.965770365
 10
632954.3998087153
 20
4835328.5230844235
  0
LWPOLYLINE
  5
111
330
17
100
AcDbEntity
  8
ROADS
100
AcDbPolyline
 90
2
 70
0
 10
633217.9097209967
 20
4835305.732778092
 10
633267.1290799495
 20
4835321.972819541
  0
LWPOLYLINE
  5
112
330
17
100
AcDbEntity
  8
ROADS
100
AcDbPolyline
 90
2
 70
0
 10
633171.0655836147
 20
4835289.38066936
 10
633154.0028462608
 20
4835340.405288312
  0
LWPOLYLINE
  5
113
330
17
100
AcDbEntity
  8
ROADS
100
AcDbPolyline
 90
2
 70
0
 10
632886.9784313459
 20
4835299.317994137
 10
632873.9959246935
 20
4835333.69751703
  0
LWPOLYLINE
  5
114
330
17
100
AcDbEntity
  8
ROADS
100
AcDbPolyline
 90
2
 70
0
 10
633425.601418001
 20
4835346.167491481
 10
633411.9990119336
 20
4835355.146319867
  0
LWPOLYLINE
  5
115
330
17
100
AcDbEntity
  8
ROADS
100
AcDbPolyline
 90
2
 70
0
 10
633436.0573265165
 20
4835343.121259946
 10
633425.4641198694
 20
4835375.391360142
  0
LWPOLYLINE
  5
116
330
17
100
AcDbEntity
  8
ROADS
100
AcDbPolyline
 90
3
 70
0
 10
633291.4803732891
 20
4835340.153476326
 10
633316.6880755845
 20
4835348.136800329
 10
633306.507158176
 20
4835391.235209098
  0
LWPOLYLINE
  5
117
330
17
100
AcDbEntity
  8
ROADS
100
AcDbPolyline
 90
2
 70
0
 10
633350.6326935752
 20
4835335.087377722
 10
633330.1400793642
 20
4835399.310076733
  0
LWPOLYLINE
  5
118
330
17
100
AcDbEntity
  8
ROADS
100
AcDbPolyline
 90
2
 70
0
 10
633664.6596316872
 20
4835296.496963506
 10
633617.88510938
 20
4835439.590010078
  0
LWPOLYLINE
  5
119
330
17
100
AcDbEntity
  8
ROADS
100
AcDbPolyline
 90
2
 70
0
 10
633411.9990119336
 20
4835355.146319867
 10
633420.6581001175
 20
4835390.970733252
  0
LWPOLYLINE
  5
11A
330
17
100
AcDbEntity
  8
ROADS
100
AcDbPolyline
 90
2
 70
0
 10
633250.7379577756
 20
4835372.744572356
 10
633306.507158176
 20
4835391.235209098
  0
LWPOLYLINE
  5
11B
330
17
100
AcDbEntity
  8
ROADS
100
AcDbPolyline
 90
2
 70
0
 10
633425.4641198694
 20
4835375.391360142
 10
633467.7298025774
 20
4835388.70748189
  0
LWPOLYLINE
  5
11C
330
17
100
AcDbEntity
  8
ROADS
100
AcDbPolyline
 90
2
 70
0
 10
633425.4641198694
 20
4835375.391360142
 10
633420.6581001175
 20
4835390.970733252
  0
LWPOLYLINE
  5
11D
330
17
100
AcDbEntity
  8
ROADS
100
AcDbPolyline
 90
2
 70
0
 10
633306.507158176
 20
4835391.235209098
 10
633330.1400793642
 20
4835399.310076733
  0
LWPOLYLINE
  5
11E
330
17
100
AcDbEntity
  8
ROADS
100
AcDbPolyline
 90
2
 70
0
 10
632954.3998087153
 20
4835328.5230844235
 10
632944.6362376838
 20
4835357.166849616
  0
LWPOLYLINE
  5
11F
330
17
100
AcDbEntity
  8
ROADS
100
AcDbPolyline
 90
2
 70
0
 10
632885.183052507
 20
4835337.44554434
 10
632827.8693569151
 20
4835355.931927004
  0
LWPOLYLINE
  5
120
330
17
100
AcDbEntity
  8
ROADS
100
AcDbPolyline
 90
2
 70
0
 10
632914.3366204335
 20
4835347.277335144
 10
632944.6362376838
 20
4835357.166849616
  0
LWPOLYLINE
  5
121
330
17
100
AcDbEntity
  8
ROADS
100
AcDbPolyline
 90
2
 70
0
 10
633166.5505568606
 20
4835344.625451959
 10
633250.7379577756
 20
4835372.744572356
  0
LWPOLYLINE
  5
122
330
17
100
AcDbEntity
  8
ROADS
100
AcDbPolyline
 90
2
 70
0
 10
633042.9940829305
 20
4835352.821045006
 10
633112.6670320237
 20
4835371.412517731
  0
LWPOLYLINE
  5
123
330
17
100
AcDbEntity
  8
ROADS
100
AcDbPolyline
 90
2
 70
0
 10
632944.6362376838
 20
4835357.166849616
 10
632982.4389827659
 20
4835369.682209769
  0
LWPOLYLINE
  5
124
330
17
100
AcDbEntity
  8
ROADS
100
AcDbPolyline
 90
2
 70
0
 10
632827.8693569151
 20
4835355.931927004
 10
632812.3860959715
 20
4835377.3977195015
  0
LWPOLYLINE
  5
125
330
17
100
AcDbEntity
  8
ROADS
100
AcDbPolyline
 90
2
 70
0
 10
633042.9940829305
 20
4835352.821045006
 10
633032.1677271483
 20
4835385.790447704
  0
LWPOLYLINE
  5
126
330
17
100
AcDbEntity
  8
ROADS
100
AcDbPolyline
 90
2
 70
0
 10
632982.4389827659
 20
4835369.682209769
 10
633032.1677271483
 20
4835385.790447704
  0
LWPOLYLINE
  5
127
330
17
100
AcDbEntity
  8
ROADS
100
AcDbPolyline
 90
2
 70
0
 10
632885.183052507
 20
4835337.44554434
 10
632854.6339158971
 20
4835436.726118497
  0
LWPOLYLINE
  5
128
330
17
100
AcDbEntity
  8
ROADS
100
AcDbPolyline
 90
3
 70
0
 10
633872.1565754174
 20
4835303.409459043
 10
633851.3128719737
 20
4835370.234125934
 10
633898.2904171791
 20
4835384.688533926
  0
LWPOLYLINE
  5
129
330
17
100
AcDbEntity
  8
ROADS
100
AcDbPolyline
 90
2
 70
0
 10
633920.2188269999
 20
4835317.027898356
 10
633898.2904171791
 20
4835384.688533926
  0
LWPOLYLINE
  5
12A
330
17
100
AcDbEntity
  8
ROADS
100
AcDbPolyline
 90
2
 70
0
 10
633774.2605802185
 20
4835271.214164605
 10
633710.407145196
 20
4835469.930040672
  0
LWPOLYLINE
  5
12B
330
17
100
AcDbEntity
  8
ROADS
100
AcDbPolyline
 90
2
 70
0
 10
633967.4936289114
 20
4835330.336081186
 10
633941.0101834177
 20
4835415.9283524845
  0
LWPOLYLINE
  5
12C
330
17
100
AcDbEntity
  8
ROADS
100
AcDbPolyline
 90
2
 70
0
 10
633707.6188498389
 20
4835310.175650833
 10
633660.8019724896
 20
4835453.895999214
  0
LWPOLYLINE
  5
12D
330
17
100
AcDbEntity
  8
ROADS
100
AcDbPolyline
 90
2
 70
0
 10
633822.7957830315
 20
4835287.021823768
 10
633758.5989401882
 20
4835485.370487929
  0
LWPOLYLINE
  5
12E
330
17
100
AcDbEntity
  8
ROADS
100
AcDbPolyline
 90
2
 70
0
 10
633898.2904171791
 20
4835384.688533926
 10
633893.2508111506
 20
4835399.911677176
  0
LWPOLYLINE
  5
12F
330
17
100
AcDbEntity
  8
ROADS
100
AcDbPolyline
 90
2
 70
0
 10
633893.2508111506
 20
4835399.911677176
 10
633941.0101834177
 20
4835415.9283524845
  0
LWPOLYLINE
  5
130
330
17
100
AcDbEntity
  8
ROADS
100
AcDbPolyline
 90
2
 70
0
 10
634028.6664744108
 20
4835301.801564252
 10
633947.1392240444
 20
4835558.118808266
  0
LWPOLYLINE
  5
131
330
17
100
AcDbEntity
  8
ROADS
100
AcDbPolyline
 90
2
 70
0
 10
633893.2508111506
 20
4835399.911677176
 10
633855.3076226584
 20
4835517.576380654
  0
LWPOLYLINE
  5
132
330
17
100
AcDbEntity
  8
ROADS
100
AcDbPolyline
 90
2
 70
0
 10
632906.2196888363
 20
4835305.749327412
 10
632954.3998087153
 20
4835328.5230844235
  0
LWPOLYLINE
  5
133
330
17
100
AcDbEntity
  8
ROADS
100
AcDbPolyline
 90
2
 70
0
 10
633057.543177326
 20
4835308.376026285
 10
633154.0028462608
 20
4835340.405288312
  0
LWPOLYLINE
  5
134
330
17
100
AcDbEntity
  8
ROADS
100
AcDbPolyline
 90
2
 70
0
 10
632841.8745119307
 20
4835321.410385082
 10
632873.9959246935
 20
4835333.69751703
  0
LWPOLYLINE
  5
135
330
17
100
AcDbEntity
  8
ROADS
100
AcDbPolyline
 90
2
 70
0
 10
633057.543177326
 20
4835308.376026285
 10
633042.9940829305
 20
4835352.821045006
  0
LWPOLYLINE
  5
136
330
17
100
AcDbEntity
  8
ROADS
100
AcDbPolyline
 90
2
 70
0
 10
632873.9959246935
 20
4835333.69751703
 10
632885.183052507
 20
4835337.44554434
  0
LWPOLYLINE
  5
137
330
17
100
AcDbEntity
  8
ROADS
100
AcDbPolyline
 90
2
 70
0
 10
632954.3998087153
 20
4835328.5230844235
 10
632969.093520941
 20
4835343.483888241
  0
LWPOLYLINE
  5
138
330
17
100
AcDbEntity
  8
ROADS
100
AcDbPolyline
 90
2
 70
0
 10
632841.8745119307
 20
4835321.410385082
 10
632827.8693569151
 20
4835355.931927004
  0
LWPOLYLINE
  5
139
330
17
100
AcDbEntity
  8
ROADS
100
AcDbPolyline
 90
2
 70
0
 10
632954.3998087153
 20
4835328.5230844235
 10
633042.9940829305
 20
4835352.821045006
  0
LWPOLYLINE
  5
13A
330
17
100
AcDbEntity
  8
ROADS
100
AcDbPolyline
 90
2
 70
0
 10
632885.183052507
 20
4835337.44554434
 10
632914.3366204335
 20
4835347.277335144
  0
LWPOLYLINE
  5
13B
330
17
100
AcDbEntity
  8
ROADS
100
AcDbPolyline
 90
2
 70
0
 10
633154.0028462608
 20
4835340.405288312
 10
633166.5505568606
 20
4835344.625451959
  0
LWPOLYLINE
  5
13C
330
17
100
AcDbEntity
  8
ROADS
100
AcDbPolyline
 90
2
 70
0
 10
632793.8319896882
 20
4835305.1326341145
 10
632773.8901553134
 20
4835366.05292528
  0
LWPOLYLINE
  5
13D
330
17
100
AcDbEntity
  8
ROADS
100
AcDbPolyline
 90
3
 70
0
 10
632751.1096154337
 20
4835290.972226414
 10
632712.5616580509
 20
4835412.723926981
 10
632750.3006302123
 20
4835424.56107916
  0
LWPOLYLINE
  5
13E
330
17
100
AcDbEntity
  8
ROADS
100
AcDbPolyline
 90
2
 70
0
 10
632788.8687150482
 20
4835371.674138592
 10
632773.8901553134
 20
4835366.05292528
  0
LWPOLYLINE
  5
13F
330
17
100
AcDbEntity
  8
ROADS
100
AcDbPolyline
 90
2
 70
0
 10
632812.3860959715
 20
4835377.3977195015
 10
632788.8687150482
 20
4835371.674138592
  0
LWPOLYLINE
  5
140
330
17
100
AcDbEntity
  8
ROADS
100
AcDbPolyline
 90
2
 70
0
 10
632773.8901553134
 20
4835366.05292528
 10
632763.3126193308
 20
4835391.980746499
  0
LWPOLYLINE
  5
141
330
17
100
AcDbEntity
  8
ROADS
100
AcDbPolyline
 90
3
 70
0
 10
632788.8687150482
 20
4835371.674138592
 10
632780.1342469634
 20
4835397.274252928
 10
632763.3126193308
 20
4835391.980746499
  0
LWPOLYLINE
  5
142
330
17
100
AcDbEntity
  8
ROADS
100
AcDbPolyline
 90
2
 70
0
 10
632812.3860959715
 20
4835377.3977195015
 10
632782.1787884342
 20
4835432.93301295
  0
LWPOLYLINE
  5
143
330
17
100
AcDbEntity
  8
ROADS
100
AcDbPolyline
 90
2
 70
0
 10
632763.3126193308
 20
4835391.980746499
 10
632750.3006302123
 20
4835424.56107916
  0
LWPOLYLINE
  5
144
330
17
100
AcDbEntity
  8
ROADS
100
AcDbPolyline
 90
2
 70
0
 10
632750.3006302123
 20
4835424.56107916
 10
632782.1787884342
 20
4835432.93301295
  0
LWPOLYLINE
  5
145
330
17
100
AcDbEntity
  8
ROADS
100
AcDbPolyline
 90
2
 70
0
 10
632944.6362376838
 20
4835357.166849616
 10
632922.9297003902
 20
4835423.759711824
  0
LWPOLYLINE
  5
146
330
17
100
AcDbEntity
  8
ROADS
100
AcDbPolyline
 90
2
 70
0
 10
633166.5505568606
 20
4835344.625451959
 10
633132.9785771121
 20
4835444.214488128
  0
LWPOLYLINE
  5
147
330
17
100
AcDbEntity
  8
ROADS
100
AcDbPolyline
 90
2
 70
0
 10
632914.3366204335
 20
4835347.277335144
 10
632887.2750100982
 20
4835447.207514206
  0
LWPOLYLINE
  5
148
330
17
100
AcDbEntity
  8
ROADS
100
AcDbPolyline
 90
3
 70
0
 10
632922.9297003902
 20
4835423.759711824
 10
632961.1966069366
 20
4835436.5444909325
 10
632982.4389827659
 20
4835369.682209769
  0
LWPOLYLINE
  5
149
330
17
100
AcDbEntity
  8
ROADS
100
AcDbPolyline
 90
3
 70
0
 10
632812.3860959715
 20
4835377.3977195015
 10
632837.2238265636
 20
4835386.703451455
 10
632854.6339158971
 20
4835436.726118497
  0
LWPOLYLINE
  5
14A
330
17
100
AcDbEntity
  8
ROADS
100
AcDbPolyline
 90
2
 70
0
 10
633216.9789677127
 20
4835422.270254223
 10
633220.7043137013
 20
4835410.26364047
  0
LWPOLYLINE
  5
14B
330
17
100
AcDbEntity
  8
ROADS
100
AcDbPolyline
 90
3
 70
0
 10
633174.0938729449
 20
4835457.378799299
 10
633189.1002914105
 20
4835413.112548928
 10
633216.9789677127
 20
4835422.270254223
  0
LWPOLYLINE
  5
14C
330
17
100
AcDbEntity
  8
ROADS
100
AcDbPolyline
 90
2
 70
0
 10
633032.1677271483
 20
4835385.790447704
 10
632999.135294172
 20
4835484.743143248
  0
LWPOLYLINE
  5
14D
330
17
100
AcDbEntity
  8
ROADS
100
AcDbPolyline
 90
2
 70
0
 10
632922.9297003902
 20
4835423.759711824
 10
632914.344290362
 20
4835455.663027185
  0
LWPOLYLINE
  5
14E
330
17
100
AcDbEntity
  8
ROADS
100
AcDbPolyline
 90
2
 70
0
 10
632854.6339158971
 20
4835436.726118497
 10
632887.2750100982
 20
4835447.207514206
  0
LWPOLYLINE
  5
14F
330
17
100
AcDbEntity
  8
ROADS
100
AcDbPolyline
 90
2
 70
0
 10
632782.1787884342
 20
4835432.93301295
 10
632854.6339158971
 20
4835436.726118497
  0
LWPOLYLINE
  5
150
330
17
100
AcDbEntity
  8
ROADS
100
AcDbPolyline
 90
2
 70
0
 10
632782.1787884342
 20
4835432.93301295
 10
632760.0218454613
 20
4835504.082053329
  0
LWPOLYLINE
  5
151
330
17
100
AcDbEntity
  8
ROADS
100
AcDbPolyline
 90
4
 70
0
 10
632754.341473607
 20
4835519.732592962
 10
632717.6151103515
 20
4835508.474780947
 10
632730.291803142
 20
4835460.8082109
 10
632695.0677351914
 20
4835449.067156061
  0
LWPOLYLINE
  5
152
330
17
100
AcDbEntity
  8
ROADS
100
AcDbPolyline
 90
3
 70
0
 10
632806.0628575883
 20
4835483.924784792
 10
632796.8725354436
 20
4835510.454729921
 10
632760.0218454613
 20
4835504.082053329
  0
LWPOLYLINE
  5
153
330
17
100
AcDbEntity
  8
ROADS
100
AcDbPolyline
 90
2
 70
0
 10
632760.0218454613
 20
4835504.082053329
 10
632754.341473607
 20
4835519.732592962
  0
LWPOLYLINE
  5
154
330
17
100
AcDbEntity
  8
ROADS
100
AcDbPolyline
 90
2
 70
0
 10
632778.729012535
 20
4835519.421440395
 10
632765.2211792438
 20
4835561.836577862
  0
LWPOLYLINE
  5
155
330
17
100
AcDbEntity
  8
ROADS
100
AcDbPolyline
 90
2
 70
0
 10
632803.7722964132
 20
4835522.280391297
 10
632788.420879069
 20
4835568.702518472
  0
LWPOLYLINE
  5
156
330
17
100
AcDbEntity
  8
ROADS
100
AcDbPolyline
 90
2
 70
0
 10
632765.2211792438
 20
4835561.836577862
 10
632788.420879069
 20
4835568.702518472
  0
LWPOLYLINE
  5
157
330
17
100
AcDbEntity
  8
ROADS
100
AcDbPolyline
 90
2
 70
0
 10
632788.420879069
 20
4835568.702518472
 10
632817.406184288
 20
4835578.547285946
  0
LWPOLYLINE
  5
158
330
17
100
AcDbEntity
  8
ROADS
100
AcDbPolyline
 90
2
 70
0
 10
632754.341473607
 20
4835519.732592962
 10
632723.9701781281
 20
4835639.984970954
  0
LWPOLYLINE
  5
159
330
17
100
AcDbEntity
  8
ROADS
100
AcDbPolyline
 90
2
 70
0
 10
632765.2211792438
 20
4835561.836577862
 10
632749.6446045833
 20
4835609.759745313
  0
LWPOLYLINE
  5
15A
330
17
100
AcDbEntity
  8
ROADS
100
AcDbPolyline
 90
2
 70
0
 10
632788.420879069
 20
4835568.702518472
 10
632773.447004476
 20
4835617.14262517
  0
LWPOLYLINE
  5
15B
330
17
100
AcDbEntity
  8
ROADS
100
AcDbPolyline
 90
2
 70
0
 10
632817.406184288
 20
4835578.547285946
 10
632801.5185249544
 20
4835626.528840914
  0
LWPOLYLINE
  5
15C
330
17
100
AcDbEntity
  8
ROADS
100
AcDbPolyline
 90
2
 70
0
 10
632739.6595865476
 20
4835606.841007107
 10
632749.6446045833
 20
4835609.759745313
  0
LWPOLYLINE
  5
15D
330
17
100
AcDbEntity
  8
ROADS
100
AcDbPolyline
 90
2
 70
0
 10
633467.7298025774
 20
4835388.70748189
 10
633503.3789049118
 20
4835403.271097204
  0
LWPOLYLINE
  5
15E
330
17
100
AcDbEntity
  8
ROADS
100
AcDbPolyline
 90
2
 70
0
 10
633330.1400793642
 20
4835399.310076733
 10
633358.6333326031
 20
4835408.549901072
  0
LWPOLYLINE
  5
15F
330
17
100
AcDbEntity
  8
ROADS
100
AcDbPolyline
 90
2
 70
0
 10
633420.6581001175
 20
4835390.970733252
 10
633410.1385191403
 20
4835425.474341061
  0
LWPOLYLINE
  5
160
330
17
100
AcDbEntity
  8
ROADS
100
AcDbPolyline
 90
2
 70
0
 10
633358.6333326031
 20
4835408.549901072
 10
633380.0994173898
 20
4835417.546674361
  0
LWPOLYLINE
  5
161
330
17
100
AcDbEntity
  8
ROADS
100
AcDbPolyline
 90
2
 70
0
 10
633306.507158176
 20
4835391.235209098
 10
633289.474331297
 20
4835443.09345122
  0
LWPOLYLINE
  5
162
330
17
100
AcDbEntity
  8
ROADS
100
AcDbPolyline
 90
2
 70
0
 10
633380.0994173898
 20
4835417.546674361
 10
633410.1385191403
 20
4835425.474341061
  0
LWPOLYLINE
  5
163
330
17
100
AcDbEntity
  8
ROADS
100
AcDbPolyline
 90
2
 70
0
 10
633503.3789049118
 20
4835403.271097204
 10
633487.8697895061
 20
4835452.1366729345
  0
LWPOLYLINE
  5
164
330
17
100
AcDbEntity
  8
ROADS
100
AcDbPolyline
 90
2
 70
0
 10
633410.1385191403
 20
4835425.474341061
 10
633435.5821535053
 20
4835435.067068739
  0
LWPOLYLINE
  5
165
330
17
100
AcDbEntity
  8
ROADS
100
AcDbPolyline
 90
2
 70
0
 10
633573.7087382082
 20
4835424.864221889
 10
633617.88510938
 20
4835439.590010078
  0
LWPOLYLINE
  5
166
330
17
100
AcDbEntity
  8
ROADS
100
AcDbPolyline
 90
2
 70
0
 10
633358.6333326031
 20
4835408.549901072
 10
633359.8672967344
 20
4835466.142829405
  0
LWPOLYLINE
  5
167
330
17
100
AcDbEntity
  8
ROADS
100
AcDbPolyline
 90
2
 70
0
 10
634242.0545219285
 20
4835370.925715897
 10
634228.3736141751
 20
4835411.184737365
  0
LWPOLYLINE
  5
168
330
17
100
AcDbEntity
  8
ROADS
100
AcDbPolyline
 90
2
 70
0
 10
634319.8209777665
 20
4835396.150614627
 10
634356.9913051948
 20
4835410.796772806
  0
LWPOLYLINE
  5
169
330
17
100
AcDbEntity
  8
ROADS
100
AcDbPolyline
 90
2
 70
0
 10
634319.8209777665
 20
4835396.150614627
 10
634306.2243279773
 20
4835436.174148095
  0
LWPOLYLINE
  5
16A
330
17
100
AcDbEntity
  8
ROADS
100
AcDbPolyline
 90
2
 70
0
 10
634356.9913051948
 20
4835410.796772806
 10
634397.7778941848
 20
4835423.675159436
  0
LWPOLYLINE
  5
16B
330
17
100
AcDbEntity
  8
ROADS
100
AcDbPolyline
 90
2
 70
0
 10
634228.3736141751
 20
4835411.184737365
 10
634266.3391262568
 20
4835423.445070387
  0
LWPOLYLINE
  5
16C
330
17
100
AcDbEntity
  8
ROADS
100
AcDbPolyline
 90
2
 70
0
 10
634111.7616242331
 20
4835374.141144964
 10
634081.4253008724
 20
4835468.448017498
  0
LWPOLYLINE
  5
16D
330
17
100
AcDbEntity
  8
ROADS
100
AcDbPolyline
 90
2
 70
0
 10
634266.3391262568
 20
4835423.445070387
 10
634306.2243279773
 20
4835436.174148095
  0
LWPOLYLINE
  5
16E
330
17
100
AcDbEntity
  8
ROADS
100
AcDbPolyline
 90
2
 70
0
 10
634397.7778941848
 20
4835423.675159436
 10
634439.2006469021
 20
4835436.437039607
  0
LWPOLYLINE
  5
16F
330
17
100
AcDbEntity
  8
ROADS
100
AcDbPolyline
 90
2
 70
0
 10
634439.2006469021
 20
4835436.437039607
 10
634412.7677591221
 20
4835514.748730617
  0
LWPOLYLINE
  5
170
330
17
100
AcDbEntity
  8
ROADS
100
AcDbPolyline
 90
2
 70
0
 10
634081.4253008724
 20
4835468.448017498
 10
634065.9143648702
 20
4835516.665588594
  0
LWPOLYLINE
  5
171
330
17
100
AcDbEntity
  8
ROADS
100
AcDbPolyline
 90
2
 70
0
 10
633435.5821535053
 20
4835435.067068739
 10
633487.8697895061
 20
4835452.1366729345
  0
LWPOLYLINE
  5
172
330
17
100
AcDbEntity
  8
ROADS
100
AcDbPolyline
 90
2
 70
0
 10
633617.88510938
 20
4835439.590010078
 10
633660.8019724896
 20
4835453.895999214
  0
LWPOLYLINE
  5
173
330
17
100
AcDbEntity
  8
ROADS
100
AcDbPolyline
 90
2
 70
0
 10
633573.7087382082
 20
4835424.864221889
 10
633558.5814564169
 20
4835474.597779758
  0
LWPOLYLINE
  5
174
330
17
100
AcDbEntity
  8
ROADS
100
AcDbPolyline
 90
2
 70
0
 10
633289.474331297
 20
4835443.09345122
 10
633359.8672967344
 20
4835466.142829405
  0
LWPOLYLINE
  5
175
330
17
100
AcDbEntity
  8
ROADS
100
AcDbPolyline
 90
2
 70
0
 10
633435.5821535053
 20
4835435.067068739
 10
633438.3955445521
 20
4835488.107196315
  0
LWPOLYLINE
  5
176
330
17
100
AcDbEntity
  8
ROADS
100
AcDbPolyline
 90
2
 70
0
 10
633487.8697895061
 20
4835452.1366729345
 10
633558.5814564169
 20
4835474.597779758
  0
LWPOLYLINE
  5
177
330
17
100
AcDbEntity
  8
ROADS
100
AcDbPolyline
 90
2
 70
0
 10
633289.474331297
 20
4835443.09345122
 10
633274.532507679
 20
4835490.203108792
  0
LWPOLYLINE
  5
178
330
17
100
AcDbEntity
  8
ROADS
100
AcDbPolyline
 90
2
 70
0
 10
633359.8672967344
 20
4835466.142829405
 10
633357.4663585604
 20
4835480.40057031
  0
LWPOLYLINE
  5
179
330
17
100
AcDbEntity
  8
ROADS
100
AcDbPolyline
 90
2
 70
0
 10
633660.8019724896
 20
4835453.895999214
 10
633645.8442204687
 20
4835503.434617678
  0
LWPOLYLINE
  5
17A
330
17
100
AcDbEntity
  8
ROADS
100
AcDbPolyline
 90
2
 70
0
 10
633558.5814564169
 20
4835474.597779758
 10
633532.8034295052
 20
4835487.704833945
  0
LWPOLYLINE
  5
17B
330
17
100
AcDbEntity
  8
ROADS
100
AcDbPolyline
 90
2
 70
0
 10
633660.8019724896
 20
4835453.895999214
 10
633710.407145196
 20
4835469.930040672
  0
LWPOLYLINE
  5
17C
330
17
100
AcDbEntity
  8
ROADS
100
AcDbPolyline
 90
2
 70
0
 10
634062.8127268984
 20
4835358.6445073895
 10
633995.3405413106
 20
4835574.306512089
  0
LWPOLYLINE
  5
17D
330
17
100
AcDbEntity
  8
ROADS
100
AcDbPolyline
 90
2
 70
0
 10
633710.407145196
 20
4835469.930040672
 10
633758.5989401882
 20
4835485.370487929
  0
LWPOLYLINE
  5
17E
330
17
100
AcDbEntity
  8
ROADS
100
AcDbPolyline
 90
3
 70
0
 10
633941.0101834177
 20
4835415.9283524845
 10
633901.049049793
 20
4835543.205378023
 10
633947.1392240444
 20
4835558.118808266
  0
LWPOLYLINE
  5
17F
330
17
100
AcDbEntity
  8
ROADS
100
AcDbPolyline
 90
2
 70
0
 10
633758.5989401882
 20
4835485.370487929
 10
633855.3076226584
 20
4835517.576380654
  0
LWPOLYLINE
  5
180
330
17
100
AcDbEntity
  8
ROADS
100
AcDbPolyline
 90
2
 70
0
 10
633758.5989401882
 20
4835485.370487929
 10
633742.3393020008
 20
4835535.449628382
  0
LWPOLYLINE
  5
181
330
17
100
AcDbEntity
  8
ROADS
100
AcDbPolyline
 90
2
 70
0
 10
633645.8442204687
 20
4835503.434617678
 10
633742.3393020008
 20
4835535.449628382
  0
LWPOLYLINE
  5
182
330
17
100
AcDbEntity
  8
ROADS
100
AcDbPolyline
 90
2
 70
0
 10
633742.3393020008
 20
4835535.449628382
 10
633779.2844965485
 20
4835547.166469278
  0
LWPOLYLINE
  5
183
330
17
100
AcDbEntity
  8
ROADS
100
AcDbPolyline
 90
2
 70
0
 10
633855.3076226584
 20
4835517.576380654
 10
633838.8331576833
 20
4835567.14660893
  0
LWPOLYLINE
  5
184
330
17
100
AcDbEntity
  8
ROADS
100
AcDbPolyline
 90
2
 70
0
 10
633779.2844965485
 20
4835547.166469278
 10
633838.8331576833
 20
4835567.14660893
  0
LWPOLYLINE
  5
185
330
17
100
AcDbEntity
  8
ROADS
100
AcDbPolyline
 90
2
 70
0
 10
633216.9789677127
 20
4835422.270254223
 10
633199.2733650086
 20
4835465.926164519
  0
LWPOLYLINE
  5
186
330
17
100
AcDbEntity
  8
ROADS
100
AcDbPolyline
 90
2
 70
0
 10
633132.9785771121
 20
4835444.214488128
 10
633174.0938729449
 20
4835457.378799299
  0
LWPOLYLINE
  5
187
330
17
100
AcDbEntity
  8
ROADS
100
AcDbPolyline
 90
2
 70
0
 10
632887.2750100982
 20
4835447.207514206
 10
632914.344290362
 20
4835455.663027185
  0
LWPOLYLINE
  5
188
330
17
100
AcDbEntity
  8
ROADS
100
AcDbPolyline
 90
2
 70
0
 10
632914.344290362
 20
4835455.663027185
 10
632928.3957331707
 20
4835460.678438911
  0
LWPOLYLINE
  5
189
330
17
100
AcDbEntity
  8
ROADS
100
AcDbPolyline
 90
2
 70
0
 10
633174.0938729449
 20
4835457.378799299
 10
633199.2733650086
 20
4835465.926164519
  0
LWPOLYLINE
  5
18A
330
17
100
AcDbEntity
  8
ROADS
100
AcDbPolyline
 90
2
 70
0
 10
632928.3957331707
 20
4835460.678438911
 10
632961.2634850038
 20
4835472.120512493
  0
LWPOLYLINE
  5
18B
330
17
100
AcDbEntity
  8
ROADS
100
AcDbPolyline
 90
2
 70
0
 10
633199.2733650086
 20
4835465.926164519
 10
633274.532507679
 20
4835490.203108792
  0
LWPOLYLINE
  5
18C
330
17
100
AcDbEntity
  8
ROADS
100
AcDbPolyline
 90
2
 70
0
 10
632961.2634850038
 20
4835472.120512493
 10
632999.135294172
 20
4835484.743143248
  0
LWPOLYLINE
  5
18D
330
17
100
AcDbEntity
  8
ROADS
100
AcDbPolyline
 90
3
 70
0
 10
632999.135294172
 20
4835484.743143248
 10
633105.60316035
 20
4835527.203205489
 10
633132.9785771121
 20
4835444.214488128
  0
LWPOLYLINE
  5
18E
330
17
100
AcDbEntity
  8
ROADS
100
AcDbPolyline
 90
2
 70
0
 10
632854.6339158971
 20
4835436.726118497
 10
632817.406184288
 20
4835578.547285946
  0
LWPOLYLINE
  5
18F
330
17
100
AcDbEntity
  8
ROADS
100
AcDbPolyline
 90
2
 70
0
 10
633558.5814564169
 20
4835474.597779758
 10
633645.8442204687
 20
4835503.434617678
  0
LWPOLYLINE
  5
190
330
17
100
AcDbEntity
  8
ROADS
100
AcDbPolyline
 90
2
 70
0
 10
633558.5814564169
 20
4835474.597779758
 10
633545.8121501665
 20
4835514.44116095
  0
LWPOLYLINE
  5
191
330
17
100
AcDbEntity
  8
ROADS
100
AcDbPolyline
 90
2
 70
0
 10
633545.8121501665
 20
4835514.44116095
 10
633589.3965373252
 20
4835528.499204032
  0
LWPOLYLINE
  5
192
330
17
100
AcDbEntity
  8
ROADS
100
AcDbPolyline
 90
2
 70
0
 10
633645.8442204687
 20
4835503.434617678
 10
633632.9606135901
 20
4835542.795902853
  0
LWPOLYLINE
  5
193
330
17
100
AcDbEntity
  8
ROADS
100
AcDbPolyline
 90
2
 70
0
 10
633357.4663585604
 20
4835480.40057031
 10
633329.3571617693
 20
4835570.231623909
  0
LWPOLYLINE
  5
194
330
17
100
AcDbEntity
  8
ROADS
100
AcDbPolyline
 90
2
 70
0
 10
633357.4663585604
 20
4835480.40057031
 10
633355.7318016398
 20
4835579.219142464
  0
LWPOLYLINE
  5
195
330
17
100
AcDbEntity
  8
ROADS
100
AcDbPolyline
 90
2
 70
0
 10
633589.3965373252
 20
4835528.499204032
 10
633632.9606135901
 20
4835542.795902853
  0
LWPOLYLINE
  5
196
330
17
100
AcDbEntity
  8
ROADS
100
AcDbPolyline
 90
2
 70
0
 10
633632.9606135901
 20
4835542.795902853
 10
633624.260237229
 20
4835574.861217836
  0
LWPOLYLINE
  5
197
330
17
100
AcDbEntity
  8
ROADS
100
AcDbPolyline
 90
2
 70
0
 10
633545.8121501665
 20
4835514.44116095
 10
633515.5731434636
 20
4835609.561186716
  0
LWPOLYLINE
  5
198
330
17
100
AcDbEntity
  8
ROADS
100
AcDbPolyline
 90
2
 70
0
 10
633329.3571617693
 20
4835570.231623909
 10
633355.7318016398
 20
4835579.219142464
  0
LWPOLYLINE
  5
199
330
17
100
AcDbEntity
  8
ROADS
100
AcDbPolyline
 90
2
 70
0
 10
632887.2750100982
 20
4835447.207514206
 10
632848.3389037128
 20
4835587.492689529
  0
LWPOLYLINE
  5
19A
330
17
100
AcDbEntity
  8
ROADS
100
AcDbPolyline
 90
2
 70
0
 10
632928.3957331707
 20
4835460.678438911
 10
632882.2415531097
 20
4835598.00390847
  0
LWPOLYLINE
  5
19B
330
17
100
AcDbEntity
  8
ROADS
100
AcDbPolyline
 90
2
 70
0
 10
633199.2733650086
 20
4835465.926164519
 10
633152.3643638091
 20
4835602.572544964
  0
LWPOLYLINE
  5
19C
330
17
100
AcDbEntity
  8
ROADS
100
AcDbPolyline
 90
3
 70
0
 10
632868.3868757029
 20
4835639.633723912
 10
632904.121894563
 20
4835650.851630302
 10
632961.2634850038
 20
4835472.120512493
  0
LWPOLYLINE
  5
19D
330
17
100
AcDbEntity
  8
ROADS
100
AcDbPolyline
 90
2
 70
0
 10
632848.3389037128
 20
4835587.492689529
 10
632882.2415531097
 20
4835598.00390847
  0
LWPOLYLINE
  5
19E
330
17
100
AcDbEntity
  8
ROADS
100
AcDbPolyline
 90
2
 70
0
 10
632999.135294172
 20
4835484.743143248
 10
632926.801924865
 20
4835703.387791539
  0
LWPOLYLINE
  5
19F
330
17
100
AcDbEntity
  8
ROADS
100
AcDbPolyline
 90
2
 70
0
 10
633274.532507679
 20
4835490.203108792
 10
633199.6970419007
 20
4835725.045994766
  0
LWPOLYLINE
  5
1A0
330
17
100
AcDbEntity
  8
ROADS
100
AcDbPolyline
 90
3
 70
0
 10
632848.3389037128
 20
4835587.492689529
 10
632835.0617423707
 20
4835628.70940903
 10
632868.3868757029
 20
4835639.633723912
  0
LWPOLYLINE
  5
1A1
330
17
100
AcDbEntity
  8
ROADS
100
AcDbPolyline
 90
2
 70
0
 10
632882.2415531097
 20
4835598.00390847
 10
632868.3868757029
 20
4835639.633723912
  0
LWPOLYLINE
  5
1A2
330
17
100
AcDbEntity
  8
ROADS
100
AcDbPolyline
 90
2
 70
0
 10
632868.3868757029
 20
4835639.633723912
 10
632857.5740588936
 20
4835678.131280736
  0
LWPOLYLINE
  5
1A3
330
17
100
AcDbEntity
  8
ROADS
100
AcDbPolyline
 90
2
 70
0
 10
633779.2844965485
 20
4835547.166469278
 10
633770.5329326652
 20
4835576.254630247
  0
LWPOLYLINE
  5
1A4
330
17
100
AcDbEntity
  8
ROADS
100
AcDbPolyline
 90
2
 70
0
 10
633947.1392240444
 20
4835558.118808266
 10
633995.3405413106
 20
4835574.306512089
  0
LWPOLYLINE
  5
1A5
330
17
100
AcDbEntity
  8
ROADS
100
AcDbPolyline
 90
3
 70
0
 10
633770.5329326652
 20
4835576.254630247
 10
633719.846581113
 20
4835559.450962342
 10
633712.2409524187
 20
4835583.569429928
  0
LWPOLYLINE
  5
1A6
330
17
100
AcDbEntity
  8
ROADS
100
AcDbPolyline
 90
2
 70
0
 10
633947.1392240444
 20
4835558.118808266
 10
633937.2685924273
 20
4835599.347248318
  0
LWPOLYLINE
  5
1A7
330
17
100
AcDbEntity
  8
ROADS
100
AcDbPolyline
 90
2
 70
0
 10
633995.3405413106
 20
4835574.306512089
 10
634041.362247718
 20
4835589.522737754
  0
LWPOLYLINE
  5
1A8
330
17
100
AcDbEntity
  8
ROADS
100
AcDbPolyline
 90
2
 70
0
 10
633838.8331576833
 20
4835567.14660893
 10
633937.2685924273
 20
4835599.347248318
  0
LWPOLYLINE
  5
1A9
330
17
100
AcDbEntity
  8
ROADS
100
AcDbPolyline
 90
2
 70
0
 10
633770.5329326652
 20
4835576.254630247
 10
633756.2243072646
 20
4835618.8734312495
  0
LWPOLYLINE
  5
1AA
330
17
100
AcDbEntity
  8
ROADS
100
AcDbPolyline
 90
2
 70
0
 10
633661.1797352962
 20
4835587.666682974
 10
633756.2243072646
 20
4835618.8734312495
  0
LWPOLYLINE
  5
1AB
330
17
100
AcDbEntity
  8
ROADS
100
AcDbPolyline
 90
2
 70
0
 10
634041.362247718
 20
4835589.522737754
 10
634029.6366721585
 20
4835629.38404238
  0
LWPOLYLINE
  5
1AC
330
17
100
AcDbEntity
  8
ROADS
100
AcDbPolyline
 90
2
 70
0
 10
633937.2685924273
 20
4835599.347248318
 10
634029.6366721585
 20
4835629.38404238
  0
LWPOLYLINE
  5
1AD
330
17
100
AcDbEntity
  8
ROADS
100
AcDbPolyline
 90
2
 70
0
 10
633937.2685924273
 20
4835599.347248318
 10
633926.153892291
 20
4835645.662612493
  0
LWPOLYLINE
  5
1AE
330
17
100
AcDbEntity
  8
ROADS
100
AcDbPolyline
 90
2
 70
0
 10
633838.8331576833
 20
4835567.14660893
 10
633796.0059931547
 20
4835701.158315007
  0
LWPOLYLINE
  5
1AF
330
17
100
AcDbEntity
  8
ROADS
100
AcDbPolyline
 90
2
 70
0
 10
633756.2243072646
 20
4835618.8734312495
 10
633737.4816666777
 20
4835681.441693453
  0
LWPOLYLINE
  5
1B0
330
17
100
AcDbEntity
  8
ROADS
100
AcDbPolyline
 90
2
 70
0
 10
634029.6366721585
 20
4835629.38404238
 10
634014.7032922443
 20
4835676.63196039
  0
LWPOLYLINE
  5
1B1
330
17
100
AcDbEntity
  8
ROADS
100
AcDbPolyline
 90
2
 70
0
 10
633926.153892291
 20
4835645.662612493
 10
633970.6402723258
 20
4835661.221117273
  0
LWPOLYLINE
  5
1B2
330
17
100
AcDbEntity
  8
ROADS
100
AcDbPolyline
 90
2
 70
0
 10
633665.4130763686
 20
4835659.522044851
 10
633698.6507573557
 20
4835668.926684003
  0
LWPOLYLINE
  5
1B3
330
17
100
AcDbEntity
  8
ROADS
100
AcDbPolyline
 90
2
 70
0
 10
633970.6402723258
 20
4835661.221117273
 10
634014.7032922443
 20
4835676.63196039
  0
LWPOLYLINE
  5
1B4
330
17
100
AcDbEntity
  8
ROADS
100
AcDbPolyline
 90
2
 70
0
 10
633665.4130763686
 20
4835659.522044851
 10
633670.9835187915
 20
4835679.657382612
  0
LWPOLYLINE
  5
1B5
330
17
100
AcDbEntity
  8
ROADS
100
AcDbPolyline
 90
2
 70
0
 10
633698.6507573557
 20
4835668.926684003
 10
633670.9835187915
 20
4835679.657382612
  0
LWPOLYLINE
  5
1B6
330
17
100
AcDbEntity
  8
ROADS
100
AcDbPolyline
 90
2
 70
0
 10
633698.6507573557
 20
4835668.926684003
 10
633737.4816666777
 20
4835681.441693453
  0
LWPOLYLINE
  5
1B7
330
17
100
AcDbEntity
  8
ROADS
100
AcDbPolyline
 90
2
 70
0
 10
633589.3965373252
 20
4835528.499204032
 10
633559.439376607
 20
4835623.407319083
  0
LWPOLYLINE
  5
1B8
330
17
100
AcDbEntity
  8
ROADS
100
AcDbPolyline
 90
2
 70
0
 10
633624.260237229
 20
4835574.861217836
 10
633661.1797352962
 20
4835587.666682974
  0
LWPOLYLINE
  5
1B9
330
17
100
AcDbEntity
  8
ROADS
100
AcDbPolyline
 90
2
 70
0
 10
633624.260237229
 20
4835574.861217836
 10
633603.7549845398
 20
4835637.511599722
  0
LWPOLYLINE
  5
1BA
330
17
100
AcDbEntity
  8
ROADS
100
AcDbPolyline
 90
2
 70
0
 10
633515.5731434636
 20
4835609.561186716
 10
633544.8146383356
 20
4835618.791559774
  0
LWPOLYLINE
  5
1BB
330
17
100
AcDbEntity
  8
ROADS
100
AcDbPolyline
 90
2
 70
0
 10
633661.1797352962
 20
4835587.666682974
 10
633638.2191338069
 20
4835650.518699355
  0
LWPOLYLINE
  5
1BC
330
17
100
AcDbEntity
  8
ROADS
100
AcDbPolyline
 90
2
 70
0
 10
633544.8146383356
 20
4835618.791559774
 10
633559.439376607
 20
4835623.407319083
  0
LWPOLYLINE
  5
1BD
330
17
100
AcDbEntity
  8
ROADS
100
AcDbPolyline
 90
2
 70
0
 10
633559.439376607
 20
4835623.407319083
 10
633603.7549845398
 20
4835637.511599722
  0
LWPOLYLINE
  5
1BE
330
17
100
AcDbEntity
  8
ROADS
100
AcDbPolyline
 90
3
 70
0
 10
633544.8146383356
 20
4835618.791559774
 10
633536.2251076525
 20
4835646.1084847655
 10
633550.8222689976
 20
4835650.53473131
  0
LWPOLYLINE
  5
1BF
330
17
100
AcDbEntity
  8
ROADS
100
AcDbPolyline
 90
2
 70
0
 10
633559.439376607
 20
4835623.407319083
 10
633550.8222689976
 20
4835650.53473131
  0
LWPOLYLINE
  5
1C0
330
17
100
AcDbEntity
  8
ROADS
100
AcDbPolyline
 90
3
 70
0
 10
633448.373997763
 20
4835862.721746463
 10
633412.0705589837
 20
4835709.585111418
 10
633380.0994173898
 20
4835417.546674361
  0
LWPOLYLINE
  5
1C1
330
17
100
AcDbEntity
  8
ROADS
100
AcDbPolyline
 90
2
 70
0
 10
632749.6446045833
 20
4835609.759745313
 10
632773.447004476
 20
4835617.14262517
  0
LWPOLYLINE
  5
1C2
330
17
100
AcDbEntity
  8
ROADS
100
AcDbPolyline
 90
2
 70
0
 10
632773.447004476
 20
4835617.14262517
 10
632801.5185249544
 20
4835626.528840914
  0
LWPOLYLINE
  5
1C3
330
17
100
AcDbEntity
  8
ROADS
100
AcDbPolyline
 90
2
 70
0
 10
632715.1513873485
 20
4835638.387583201
 10
632723.9701781281
 20
4835639.984970954
  0
LWPOLYLINE
  5
1C4
330
17
100
AcDbEntity
  8
ROADS
100
AcDbPolyline
 90
2
 70
0
 10
632801.5185249544
 20
4835626.528840914
 10
632791.0455084557
 20
4835656.575869532
  0
LWPOLYLINE
  5
1C5
330
17
100
AcDbEntity
  8
ROADS
100
AcDbPolyline
 90
2
 70
0
 10
632723.9701781281
 20
4835639.984970954
 10
632791.0455084557
 20
4835656.575869532
  0
LWPOLYLINE
  5
1C6
330
17
100
AcDbEntity
  8
ROADS
100
AcDbPolyline
 90
2
 70
0
 10
632791.0455084557
 20
4835656.575869532
 10
632778.6532825353
 20
4835688.617356993
  0
LWPOLYLINE
  5
1C7
330
17
100
AcDbEntity
  8
ROADS
100
AcDbPolyline
 90
2
 70
0
 10
632791.0455084557
 20
4835656.575869532
 10
632857.5740588936
 20
4835678.131280736
  0
LWPOLYLINE
  5
1C8
330
17
100
AcDbEntity
  8
ROADS
100
AcDbPolyline
 90
2
 70
0
 10
632857.5740588936
 20
4835678.131280736
 10
632891.0448549783
 20
4835689.130240458
  0
LWPOLYLINE
  5
1C9
330
17
100
AcDbEntity
  8
ROADS
100
AcDbPolyline
 90
2
 70
0
 10
632857.5740588936
 20
4835678.131280736
 10
632845.2006654312
 20
4835710.4031324135
  0
LWPOLYLINE
  5
1CA
330
17
100
AcDbEntity
  8
ROADS
100
AcDbPolyline
 90
2
 70
0
 10
632891.0448549783
 20
4835689.130240458
 10
632926.801924865
 20
4835703.387791539
  0
LWPOLYLINE
  5
1CB
330
17
100
AcDbEntity
  8
ROADS
100
AcDbPolyline
 90
2
 70
0
 10
632814.0277083011
 20
4835700.197775377
 10
632845.2006654312
 20
4835710.4031324135
  0
LWPOLYLINE
  5
1CC
330
17
100
AcDbEntity
  8
ROADS
100
AcDbPolyline
 90
2
 70
0
 10
632891.0448549783
 20
4835689.130240458
 10
632880.8916972574
 20
4835723.113368072
  0
LWPOLYLINE
  5
1CD
330
17
100
AcDbEntity
  8
ROADS
100
AcDbPolyline
 90
2
 70
0
 10
632926.801924865
 20
4835703.387791539
 10
632966.6091471664
 20
4835717.433548847
  0
LWPOLYLINE
  5
1CE
330
17
100
AcDbEntity
  8
ROADS
100
AcDbPolyline
 90
2
 70
0
 10
632845.2006654312
 20
4835710.4031324135
 10
632880.8916972574
 20
4835723.113368072
  0
LWPOLYLINE
  5
1CF
330
17
100
AcDbEntity
  8
ROADS
100
AcDbPolyline
 90
2
 70
0
 10
632966.6091471664
 20
4835717.433548847
 10
632958.9475007682
 20
4835741.718959185
  0
LWPOLYLINE
  5
1D0
330
17
100
AcDbEntity
  8
ROADS
100
AcDbPolyline
 90
2
 70
0
 10
632926.801924865
 20
4835703.387791539
 10
632905.3442759751
 20
4835769.265072002
  0
LWPOLYLINE
  5
1D1
330
17
100
AcDbEntity
  8
ROADS
100
AcDbPolyline
 90
2
 70
0
 10
632778.6532825353
 20
4835688.617356993
 10
632814.0277083011
 20
4835700.197775377
  0
LWPOLYLINE
  5
1D2
330
17
100
AcDbEntity
  8
ROADS
100
AcDbPolyline
 90
2
 70
0
 10
632814.0277083011
 20
4835700.197775377
 10
632794.6744112791
 20
4835760.699654917
  0
LWPOLYLINE
  5
1D3
330
17
100
AcDbEntity
  8
ROADS
100
AcDbPolyline
 90
2
 70
0
 10
632778.6532825353
 20
4835688.617356993
 10
632754.3416692157
 20
4835765.121120377
  0
LWPOLYLINE
  5
1D4
330
17
100
AcDbEntity
  8
ROADS
100
AcDbPolyline
 90
2
 70
0
 10
632799.1727284727
 20
4835856.794571612
 10
632799.1923896549
 20
4835856.800885935
  0
LWPOLYLINE
  5
1D5
330
17
100
AcDbEntity
  8
ROADS
100
AcDbPolyline
 90
2
 70
0
 10
633093.9568571624
 20
4835802.528544712
 10
633074.3126366015
 20
4835795.4848457975
  0
LWPOLYLINE
  5
1D6
330
17
100
AcDbEntity
  8
ROADS
100
AcDbPolyline
 90
2
 70
0
 10
633177.8210776314
 20
4835790.052695762
 10
633251.5179943964
 20
4835814.554986683
  0
LWPOLYLINE
  5
1D7
330
17
100
AcDbEntity
  8
ROADS
100
AcDbPolyline
 90
2
 70
0
 10
633093.9568571624
 20
4835802.528544712
 10
633120.1536703878
 20
4835811.061824614
  0
LWPOLYLINE
  5
1D8
330
17
100
AcDbEntity
  8
ROADS
100
AcDbPolyline
 90
2
 70
0
 10
632944.9070399256
 20
4835782.72637067
 10
633158.2849819742
 20
4835853.527568304
  0
LWPOLYLINE
  5
1D9
330
17
100
AcDbEntity
  8
ROADS
100
AcDbPolyline
 90
2
 70
0
 10
633177.8210776314
 20
4835790.052695762
 10
633158.2849819742
 20
4835853.527568304
  0
LWPOLYLINE
  5
1DA
330
17
100
AcDbEntity
  8
ROADS
100
AcDbPolyline
 90
2
 70
0
 10
632905.3442759751
 20
4835769.265072002
 10
632869.3488722753
 20
4835879.924049739
  0
LWPOLYLINE
  5
1DB
330
17
100
AcDbEntity
  8
ROADS
100
AcDbPolyline
 90
2
 70
0
 10
633116.3889065143
 20
4835865.129063374
 10
633104.6517967517
 20
4835861.211559487
  0
LWPOLYLINE
  5
1DC
330
17
100
AcDbEntity
  8
ROADS
100
AcDbPolyline
 90
2
 70
0
 10
633158.2849819742
 20
4835853.527568304
 10
633150.9911729104
 20
4835876.71655236
  0
LWPOLYLINE
  5
1DD
330
17
100
AcDbEntity
  8
ROADS
100
AcDbPolyline
 90
2
 70
0
 10
632799.1923896549
 20
4835856.800885935
 10
632869.3488722753
 20
4835879.924049739
  0
LWPOLYLINE
  5
1DE
330
17
100
AcDbEntity
  8
ROADS
100
AcDbPolyline
 90
2
 70
0
 10
633150.9911729104
 20
4835876.71655236
 10
633116.3889065143
 20
4835865.129063374
  0
LWPOLYLINE
  5
1DF
330
17
100
AcDbEntity
  8
ROADS
100
AcDbPolyline
 90
2
 70
0
 10
634195.0602228772
 20
4835640.009950716
 10
634232.8620468065
 20
4835651.311269941
  0
LWPOLYLINE
  5
1E0
330
17
100
AcDbEntity
  8
ROADS
100
AcDbPolyline
 90
2
 70
0
 10
634154.5588821929
 20
4835626.457146072
 10
634142.1439716705
 20
4835666.4440114675
  0
LWPOLYLINE
  5
1E1
330
17
100
AcDbEntity
  8
ROADS
100
AcDbPolyline
 90
2
 70
0
 10
634029.6366721585
 20
4835629.38404238
 10
634142.1439716705
 20
4835666.4440114675
  0
LWPOLYLINE
  5
1E2
330
17
100
AcDbEntity
  8
ROADS
100
AcDbPolyline
 90
2
 70
0
 10
634232.8620468065
 20
4835651.311269941
 10
634274.1756485958
 20
4835665.019777676
  0
LWPOLYLINE
  5
1E3
330
17
100
AcDbEntity
  8
ROADS
100
AcDbPolyline
 90
2
 70
0
 10
634356.1875274926
 20
4835692.452680393
 10
634375.2286469156
 20
4835631.188807537
  0
LWPOLYLINE
  5
1E4
330
17
100
AcDbEntity
  8
ROADS
100
AcDbPolyline
 90
2
 70
0
 10
634232.8620468065
 20
4835651.311269941
 10
634219.0415405675
 20
4835692.375322399
  0
LWPOLYLINE
  5
1E5
330
17
100
AcDbEntity
  8
ROADS
100
AcDbPolyline
 90
2
 70
0
 10
634142.1439716705
 20
4835666.4440114675
 10
634174.4011032013
 20
4835677.260054061
  0
LWPOLYLINE
  5
1E6
330
17
100
AcDbEntity
  8
ROADS
100
AcDbPolyline
 90
2
 70
0
 10
634274.1756485958
 20
4835665.019777676
 10
634314.9359773598
 20
4835678.685783018
  0
LWPOLYLINE
  5
1E7
330
17
100
AcDbEntity
  8
ROADS
100
AcDbPolyline
 90
2
 70
0
 10
634174.4011032013
 20
4835677.260054061
 10
634219.0415405675
 20
4835692.375322399
  0
LWPOLYLINE
  5
1E8
330
17
100
AcDbEntity
  8
ROADS
100
AcDbPolyline
 90
2
 70
0
 10
634314.9359773598
 20
4835678.685783018
 10
634356.1875274926
 20
4835692.452680393
  0
LWPOLYLINE
  5
1E9
330
17
100
AcDbEntity
  8
ROADS
100
AcDbPolyline
 90
2
 70
0
 10
633603.7549845398
 20
4835637.511599722
 10
633638.2191338069
 20
4835650.518699355
  0
LWPOLYLINE
  5
1EA
330
17
100
AcDbEntity
  8
ROADS
100
AcDbPolyline
 90
2
 70
0
 10
633638.2191338069
 20
4835650.518699355
 10
633665.4130763686
 20
4835659.522044851
  0
LWPOLYLINE
  5
1EB
330
17
100
AcDbEntity
  8
ROADS
100
AcDbPolyline
 90
2
 70
0
 10
633329.3571617693
 20
4835570.231623909
 10
633272.1408891762
 20
4835749.10458387
  0
LWPOLYLINE
  5
1EC
330
17
100
AcDbEntity
  8
ROADS
100
AcDbPolyline
 90
2
 70
0
 10
633355.7318016398
 20
4835579.219142464
 10
633376.9565076708
 20
4835768.3420282565
  0
LWPOLYLINE
  5
1ED
330
17
100
AcDbEntity
  8
ROADS
100
AcDbPolyline
 90
3
 70
0
 10
633515.5731434636
 20
4835609.561186716
 10
633457.0394646722
 20
4835802.110524832
 10
633498.154533833
 20
4835816.727005136
  0
LWPOLYLINE
  5
1EE
330
17
100
AcDbEntity
  8
ROADS
100
AcDbPolyline
 90
2
 70
0
 10
633603.7549845398
 20
4835637.511599722
 10
633547.5519097077
 20
4835814.10582864
  0
LWPOLYLINE
  5
1EF
330
17
100
AcDbEntity
  8
ROADS
100
AcDbPolyline
 90
2
 70
0
 10
633550.8222689976
 20
4835650.53473131
 10
633498.154533833
 20
4835816.727005136
  0
LWPOLYLINE
  5
1F0
330
17
100
AcDbEntity
  8
ROADS
100
AcDbPolyline
 90
2
 70
0
 10
633638.2191338069
 20
4835650.518699355
 10
633579.9609015879
 20
4835824.7055951925
  0
LWPOLYLINE
  5
1F1
330
17
100
AcDbEntity
  8
ROADS
100
AcDbPolyline
 90
2
 70
0
 10
633272.1408891762
 20
4835749.10458387
 10
633347.1294061858
 20
4835774.742313563
  0
LWPOLYLINE
  5
1F2
330
17
100
AcDbEntity
  8
ROADS
100
AcDbPolyline
 90
2
 70
0
 10
633347.1294061858
 20
4835774.742313563
 10
633376.9565076708
 20
4835768.3420282565
  0
LWPOLYLINE
  5
1F3
330
17
100
AcDbEntity
  8
ROADS
100
AcDbPolyline
 90
2
 70
0
 10
633665.4130763686
 20
4835659.522044851
 10
633648.0349481271
 20
4835714.766361933
  0
LWPOLYLINE
  5
1F4
330
17
100
AcDbEntity
  8
ROADS
100
AcDbPolyline
 90
2
 70
0
 10
633737.4816666777
 20
4835681.441693453
 10
633796.0059931547
 20
4835701.158315007
  0
LWPOLYLINE
  5
1F5
330
17
100
AcDbEntity
  8
ROADS
100
AcDbPolyline
 90
2
 70
0
 10
633698.6507573557
 20
4835668.926684003
 10
633683.484043705
 20
4835714.920233413
  0
LWPOLYLINE
  5
1F6
330
17
100
AcDbEntity
  8
ROADS
100
AcDbPolyline
 90
2
 70
0
 10
633670.9835187915
 20
4835679.657382612
 10
633663.3573424408
 20
4835708.2308341805
  0
LWPOLYLINE
  5
1F7
330
17
100
AcDbEntity
  8
ROADS
100
AcDbPolyline
 90
2
 70
0
 10
634014.7032922443
 20
4835676.63196039
 10
634001.5443810602
 20
4835719.989634022
  0
LWPOLYLINE
  5
1F8
330
17
100
AcDbEntity
  8
ROADS
100
AcDbPolyline
 90
2
 70
0
 10
633648.0349481271
 20
4835714.766361933
 10
633663.3573424408
 20
4835708.2308341805
  0
LWPOLYLINE
  5
1F9
330
17
100
AcDbEntity
  8
ROADS
100
AcDbPolyline
 90
2
 70
0
 10
633663.3573424408
 20
4835708.2308341805
 10
633683.484043705
 20
4835714.920233413
  0
LWPOLYLINE
  5
1FA
330
17
100
AcDbEntity
  8
ROADS
100
AcDbPolyline
 90
2
 70
0
 10
634001.5443810602
 20
4835719.989634022
 10
633974.9676480535
 20
4835803.711044827
  0
LWPOLYLINE
  5
1FB
330
17
100
AcDbEntity
  8
ROADS
100
AcDbPolyline
 90
2
 70
0
 10
633974.9676480535
 20
4835803.711044827
 10
634013.8240756307
 20
4835815.756502444
  0
LWPOLYLINE
  5
1FC
330
17
100
AcDbEntity
  8
ROADS
100
AcDbPolyline
 90
2
 70
0
 10
634013.8240756307
 20
4835815.756502444
 10
634074.6494109605
 20
4835835.374753938
  0
LWPOLYLINE
  5
1FD
330
17
100
AcDbEntity
  8
ROADS
100
AcDbPolyline
 90
2
 70
0
 10
633199.6970419007
 20
4835725.045994766
 10
633272.1408891762
 20
4835749.10458387
  0
LWPOLYLINE
  5
1FE
330
17
100
AcDbEntity
  8
ROADS
100
AcDbPolyline
 90
2
 70
0
 10
632966.6091471664
 20
4835717.433548847
 10
633105.9917344237
 20
4835765.970211599
  0
LWPOLYLINE
  5
1FF
330
17
100
AcDbEntity
  8
ROADS
100
AcDbPolyline
 90
2
 70
0
 10
632880.8916972574
 20
4835723.113368072
 10
632861.743753044
 20
4835781.770825635
  0
LWPOLYLINE
  5
200
330
17
100
AcDbEntity
  8
ROADS
100
AcDbPolyline
 90
2
 70
0
 10
633199.6970419007
 20
4835725.045994766
 10
633177.8210776314
 20
4835790.052695762
  0
LWPOLYLINE
  5
201
330
17
100
AcDbEntity
  8
ROADS
100
AcDbPolyline
 90
2
 70
0
 10
632944.9070399256
 20
4835782.72637067
 10
632953.2772515605
 20
4835758.0257391725
  0
LWPOLYLINE
  5
202
330
17
100
AcDbEntity
  8
ROADS
100
AcDbPolyline
 90
2
 70
0
 10
632905.3442759751
 20
4835769.265072002
 10
632944.9070399256
 20
4835782.72637067
  0
LWPOLYLINE
  5
203
330
17
100
AcDbEntity
  8
ROADS
100
AcDbPolyline
 90
2
 70
0
 10
633105.9917344237
 20
4835765.970211599
 10
633177.8210776314
 20
4835790.052695762
  0
LWPOLYLINE
  5
204
330
17
100
AcDbEntity
  8
ROADS
100
AcDbPolyline
 90
2
 70
0
 10
632845.2006654312
 20
4835710.4031324135
 10
632799.1923896549
 20
4835856.800885935
  0
LWPOLYLINE
  5
205
330
17
100
AcDbEntity
  8
ROADS
100
AcDbPolyline
 90
2
 70
0
 10
633105.9917344237
 20
4835765.970211599
 10
633093.9568571624
 20
4835802.528544712
  0
LWPOLYLINE
  5
206
330
17
100
AcDbEntity
  8
ROADS
100
AcDbPolyline
 90
2
 70
0
 10
632944.9070399256
 20
4835782.72637067
 10
632935.8581985384
 20
4835808.343804719
  0
LWPOLYLINE
  5
207
330
17
100
AcDbEntity
  8
ROADS
100
AcDbPolyline
 90
3
 70
0
 10
633648.0349481271
 20
4835714.766361933
 10
633610.5693080737
 20
4835832.287567127
 10
633579.9609015879
 20
4835824.7055951925
  0
LWPOLYLINE
  5
208
330
17
100
AcDbEntity
  8
ROADS
100
AcDbPolyline
 90
2
 70
0
 10
633272.1408891762
 20
4835749.10458387
 10
633251.5179943964
 20
4835814.554986683
  0
LWPOLYLINE
  5
209
330
17
100
AcDbEntity
  8
ROADS
100
AcDbPolyline
 90
3
 70
0
 10
633538.1980021008
 20
4835844.592186262
 10
633628.0353573837
 20
4835873.184644731
 10
633683.484043705
 20
4835714.920233413
  0
LWPOLYLINE
  5
20A
330
17
100
AcDbEntity
  8
ROADS
100
AcDbPolyline
 90
2
 70
0
 10
633347.1294061858
 20
4835774.742313563
 10
633328.152719215
 20
4835835.984153435
  0
LWPOLYLINE
  5
20B
330
17
100
AcDbEntity
  8
ROADS
100
AcDbPolyline
 90
2
 70
0
 10
633376.9565076708
 20
4835768.3420282565
 10
633390.0278113254
 20
4835850.74595859
  0
LWPOLYLINE
  5
20C
330
17
100
AcDbEntity
  8
ROADS
100
AcDbPolyline
 90
2
 70
0
 10
633579.9609015879
 20
4835824.7055951925
 10
633547.5519097077
 20
4835814.10582864
  0
LWPOLYLINE
  5
20D
330
17
100
AcDbEntity
  8
ROADS
100
AcDbPolyline
 90
2
 70
0
 10
633547.5519097077
 20
4835814.10582864
 10
633542.2106082235
 20
4835831.19064597
  0
LWPOLYLINE
  5
20E
330
17
100
AcDbEntity
  8
ROADS
100
AcDbPolyline
 90
2
 70
0
 10
633498.154533833
 20
4835816.727005136
 10
633542.2106082235
 20
4835831.19064597
  0
LWPOLYLINE
  5
20F
330
17
100
AcDbEntity
  8
ROADS
100
AcDbPolyline
 90
2
 70
0
 10
633251.5179943964
 20
4835814.554986683
 10
633328.152719215
 20
4835835.984153435
  0
LWPOLYLINE
  5
210
330
17
100
AcDbEntity
  8
ROADS
100
AcDbPolyline
 90
2
 70
0
 10
633498.154533833
 20
4835816.727005136
 10
633486.7749396989
 20
4835852.497162517
  0
LWPOLYLINE
  5
211
330
17
100
AcDbEntity
  8
ROADS
100
AcDbPolyline
 90
2
 70
0
 10
634383.3374716169
 20
4835745.627931863
 10
634422.9846094036
 20
4835758.746780923
  0
LWPOLYLINE
  5
212
330
17
100
AcDbEntity
  8
ROADS
100
AcDbPolyline
 90
3
 70
0
 10
634001.5443810602
 20
4835719.989634022
 10
634100.9823696102
 20
4835751.6959170075
 10
634086.3425228586
 20
4835795.982902535
  0
LWPOLYLINE
  5
213
330
17
100
AcDbEntity
  8
ROADS
100
AcDbPolyline
 90
2
 70
0
 10
634369.8759445172
 20
4835741.22520312
 10
634367.3761871017
 20
4835782.188422178
  0
LWPOLYLINE
  5
214
330
17
100
AcDbEntity
  8
ROADS
100
AcDbPolyline
 90
2
 70
0
 10
634422.9846094036
 20
4835758.746780923
 10
634465.4081766712
 20
4835772.905913394
  0
LWPOLYLINE
  5
215
330
17
100
AcDbEntity
  8
ROADS
100
AcDbPolyline
 90
2
 70
0
 10
634367.3761871017
 20
4835782.188422178
 10
634422.9846094036
 20
4835758.746780923
  0
LWPOLYLINE
  5
216
330
17
100
AcDbEntity
  8
ROADS
100
AcDbPolyline
 90
2
 70
0
 10
634422.9846094036
 20
4835758.746780923
 10
634410.9686290807
 20
4835793.814975681
  0
LWPOLYLINE
  5
217
330
17
100
AcDbEntity
  8
ROADS
100
AcDbPolyline
 90
3
 70
0
 10
634013.8240756307
 20
4835815.756502444
 10
634026.5172450757
 20
4835777.2508099405
 10
634086.3425228586
 20
4835795.982902535
  0
LWPOLYLINE
  5
218
330
17
100
AcDbEntity
  8
ROADS
100
AcDbPolyline
 90
2
 70
0
 10
634410.9686290807
 20
4835793.814975681
 10
634451.1600206058
 20
4835806.258614407
  0
LWPOLYLINE
  5
219
330
17
100
AcDbEntity
  8
ROADS
100
AcDbPolyline
 90
2
 70
0
 10
634074.6494109605
 20
4835835.374753938
 10
634086.3425228586
 20
4835795.982902535
  0
LWPOLYLINE
  5
21A
330
17
100
AcDbEntity
  8
ROADS
100
AcDbPolyline
 90
3
 70
0
 10
634367.3761871017
 20
4835782.188422178
 10
634361.8805527771
 20
4835869.760359426
 10
634381.3549829074
 20
4835880.059290068
  0
LWPOLYLINE
  5
21B
330
17
100
AcDbEntity
  8
ROADS
100
AcDbPolyline
 90
2
 70
0
 10
633926.153892291
 20
4835645.662612493
 10
633809.3082173116
 20
4836019.480771395
  0
LWPOLYLINE
  5
21C
330
17
100
AcDbEntity
  8
ROADS
100
AcDbPolyline
 90
2
 70
0
 10
634013.8240756307
 20
4835815.756502444
 10
634001.4301055861
 20
4835856.630795883
  0
LWPOLYLINE
  5
21D
330
17
100
AcDbEntity
  8
ROADS
100
AcDbPolyline
 90
2
 70
0
 10
633796.0059931547
 20
4835701.158315007
 10
633707.2206751574
 20
4835985.144319512
  0
LWPOLYLINE
  5
21E
330
17
100
AcDbEntity
  8
ROADS
100
AcDbPolyline
 90
2
 70
0
 10
633974.9676480535
 20
4835803.711044827
 10
633948.0748888827
 20
4835887.48673377
  0
LWPOLYLINE
  5
21F
330
17
100
AcDbEntity
  8
ROADS
100
AcDbPolyline
 90
2
 70
0
 10
633970.6402723258
 20
4835661.221117273
 10
633851.9425823287
 20
4836037.795563066
  0
LWPOLYLINE
  5
220
330
17
100
AcDbEntity
  8
ROADS
100
AcDbPolyline
 90
2
 70
0
 10
634001.4301055861
 20
4835856.630795883
 10
634061.2310059518
 20
4835876.240532912
  0
LWPOLYLINE
  5
221
330
17
100
AcDbEntity
  8
ROADS
100
AcDbPolyline
 90
2
 70
0
 10
634001.4301055861
 20
4835856.630795883
 10
633987.2944636575
 20
4835900.1338149
  0
LWPOLYLINE
  5
222
330
17
100
AcDbEntity
  8
ROADS
100
AcDbPolyline
 90
2
 70
0
 10
633948.0748888827
 20
4835887.48673377
 10
633987.2944636575
 20
4835900.1338149
  0
LWPOLYLINE
  5
223
330
17
100
AcDbEntity
  8
ROADS
100
AcDbPolyline
 90
2
 70
0
 10
633987.2944636575
 20
4835900.1338149
 10
634047.5733594793
 20
4835919.386171138
  0
LWPOLYLINE
  5
224
330
17
100
AcDbEntity
  8
ROADS
100
AcDbPolyline
 90
2
 70
0
 10
633987.2944636575
 20
4835900.1338149
 10
633974.5164350579
 20
4835940.843145232
  0
LWPOLYLINE
  5
225
330
17
100
AcDbEntity
  8
ROADS
100
AcDbPolyline
 90
2
 70
0
 10
633542.2106082235
 20
4835831.19064597
 10
633538.1980021008
 20
4835844.592186262
  0
LWPOLYLINE
  5
226
330
17
100
AcDbEntity
  8
ROADS
100
AcDbPolyline
 90
2
 70
0
 10
633328.152719215
 20
4835835.984153435
 10
633363.8347071138
 20
4835844.384910488
  0
LWPOLYLINE
  5
227
330
17
100
AcDbEntity
  8
ROADS
100
AcDbPolyline
 90
2
 70
0
 10
633363.8347071138
 20
4835844.384910488
 10
633390.0278113254
 20
4835850.74595859
  0
LWPOLYLINE
  5
228
330
17
100
AcDbEntity
  8
ROADS
100
AcDbPolyline
 90
2
 70
0
 10
633390.0278113254
 20
4835850.74595859
 10
633448.373997763
 20
4835862.721746463
  0
LWPOLYLINE
  5
229
330
17
100
AcDbEntity
  8
ROADS
100
AcDbPolyline
 90
2
 70
0
 10
633538.1980021008
 20
4835844.592186262
 10
633526.643989679
 20
4835878.725061545
  0
LWPOLYLINE
  5
22A
330
17
100
AcDbEntity
  8
ROADS
100
AcDbPolyline
 90
2
 70
0
 10
633363.8347071138
 20
4835844.384910488
 10
633347.9286134468
 20
4835890.285031678
  0
LWPOLYLINE
  5
22B
330
17
100
AcDbEntity
  8
ROADS
100
AcDbPolyline
 90
2
 70
0
 10
633448.373997763
 20
4835862.721746463
 10
633526.643989679
 20
4835878.725061545
  0
LWPOLYLINE
  5
22C
330
17
100
AcDbEntity
  8
ROADS
100
AcDbPolyline
 90
2
 70
0
 10
633526.643989679
 20
4835878.725061545
 10
633523.3795845509
 20
4835890.846523892
  0
LWPOLYLINE
  5
22D
330
17
100
AcDbEntity
  8
ROADS
100
AcDbPolyline
 90
3
 70
0
 10
633523.3795845509
 20
4835890.846523892
 10
633480.1248763242
 20
4835883.05940197
 10
633480.6392127825
 20
4835905.00246971
  0
LWPOLYLINE
  5
22E
330
17
100
AcDbEntity
  8
ROADS
100
AcDbPolyline
 90
2
 70
0
 10
633431.1476961743
 20
4835880.306731827
 10
633421.3896204988
 20
4835913.0129487645
  0
LWPOLYLINE
  5
22F
330
17
100
AcDbEntity
  8
ROADS
100
AcDbPolyline
 90
2
 70
0
 10
634410.9686290807
 20
4835793.814975681
 10
634381.3549829074
 20
4835880.059290068
  0
LWPOLYLINE
  5
230
330
17
100
AcDbEntity
  8
ROADS
100
AcDbPolyline
 90
2
 70
0
 10
634451.1600206058
 20
4835806.258614407
 10
634423.879333087
 20
4835890.634959316
  0
LWPOLYLINE
  5
231
330
17
100
AcDbEntity
  8
ROADS
100
AcDbPolyline
 90
2
 70
0
 10
634061.2310059518
 20
4835876.240532912
 10
634074.6494109605
 20
4835835.374753938
  0
LWPOLYLINE
  5
232
330
17
100
AcDbEntity
  8
ROADS
100
AcDbPolyline
 90
2
 70
0
 10
634255.7891861713
 20
4835704.0136185745
 10
634140.2239169234
 20
4836055.072395804
  0
LWPOLYLINE
  5
233
330
17
100
AcDbEntity
  8
ROADS
100
AcDbPolyline
 90
2
 70
0
 10
634047.5733594793
 20
4835919.386171138
 10
634061.2310059518
 20
4835876.240532912
  0
LWPOLYLINE
  5
234
330
17
100
AcDbEntity
  8
ROADS
100
AcDbPolyline
 90
2
 70
0
 10
634321.0229175575
 20
4835725.51371582
 10
634204.9507855049
 20
4836076.062348539
  0
LWPOLYLINE
  5
235
330
17
100
AcDbEntity
  8
ROADS
100
AcDbPolyline
 90
2
 70
0
 10
634159.9762274057
 20
4835723.320085228
 10
634039.946554699
 20
4836099.161081595
  0
LWPOLYLINE
  5
236
330
17
100
AcDbEntity
  8
ROADS
100
AcDbPolyline
 90
3
 70
0
 10
634159.9762274057
 20
4835723.320085228
 10
634204.0731201163
 20
4835738.241516678
 10
634086.7755258402
 20
4836109.055537619
  0
LWPOLYLINE
  5
237
330
17
100
AcDbEntity
  8
ROADS
100
AcDbPolyline
 90
2
 70
0
 10
634271.112452596
 20
4835994.632750242
 10
634314.8870276602
 20
4835861.442085438
  0
LWPOLYLINE
  5
238
330
17
100
AcDbEntity
  8
ROADS
100
AcDbPolyline
 90
2
 70
0
 10
634381.3549829074
 20
4835880.059290068
 10
634336.5911989347
 20
4836016.132334746
  0
LWPOLYLINE
  5
239
330
17
100
AcDbEntity
  8
ROADS
100
AcDbPolyline
 90
2
 70
0
 10
633116.3889065143
 20
4835865.129063374
 10
633110.1222603761
 20
4835887.428543452
  0
LWPOLYLINE
  5
23A
330
17
100
AcDbEntity
  8
ROADS
100
AcDbPolyline
 90
2
 70
0
 10
633150.9911729104
 20
4835876.71655236
 10
633147.0294887403
 20
4835889.624957795
  0
LWPOLYLINE
  5
23B
330
17
100
AcDbEntity
  8
ROADS
100
AcDbPolyline
 90
3
 70
0
 10
633147.0294887403
 20
4835889.624957795
 10
633181.8163321393
 20
4835901.236789209
 10
633188.5092209607
 20
4835880.917168456
  0
LWPOLYLINE
  5
23C
330
17
100
AcDbEntity
  8
ROADS
100
AcDbPolyline
 90
2
 70
0
 10
632869.3488722753
 20
4835879.924049739
 10
632850.8604473912
 20
4835936.952782189
  0
LWPOLYLINE
  5
23D
330
17
100
AcDbEntity
  8
ROADS
100
AcDbPolyline
 90
2
 70
0
 10
633251.5179943964
 20
4835814.554986683
 10
633176.5628403852
 20
4836047.542476109
  0
LWPOLYLINE
  5
23E
330
17
100
AcDbEntity
  8
ROADS
100
AcDbPolyline
 90
2
 70
0
 10
633147.0294887403
 20
4835889.624957795
 10
633103.6955266116
 20
4836024.06321895
  0
LWPOLYLINE
  5
23F
330
17
100
AcDbEntity
  8
ROADS
100
AcDbPolyline
 90
2
 70
0
 10
632854.5879728628
 20
4835942.215646871
 10
633103.6955266116
 20
4836024.06321895
  0
LWPOLYLINE
  5
240
330
17
100
AcDbEntity
  8
ROADS
100
AcDbPolyline
 90
2
 70
0
 10
632912.9666283878
 20
4836013.947972994
 10
633089.0056622981
 20
4836069.955284324
  0
LWPOLYLINE
  5
241
330
17
100
AcDbEntity
  8
ROADS
100
AcDbPolyline
 90
2
 70
0
 10
633103.6955266116
 20
4836024.06321895
 10
633176.5628403852
 20
4836047.542476109
  0
LWPOLYLINE
  5
242
330
17
100
AcDbEntity
  8
ROADS
100
AcDbPolyline
 90
2
 70
0
 10
634920.281092994
 20
4835716.838533596
 10
634899.3526968136
 20
4835780.429580171
  0
LWPOLYLINE
  5
243
330
17
100
AcDbEntity
  8
ROADS
100
AcDbPolyline
 90
2
 70
0
 10
634784.3965038689
 20
4835741.624073868
 10
634899.3526968136
 20
4835780.429580171
  0
LWPOLYLINE
  5
244
330
17
100
AcDbEntity
  8
ROADS
100
AcDbPolyline
 90
2
 70
0
 10
635029.6444037849
 20
4835753.124721549
 10
635168.6787660421
 20
4835796.519947793
  0
LWPOLYLINE
  5
245
330
17
100
AcDbEntity
  8
ROADS
100
AcDbPolyline
 90
2
 70
0
 10
635029.6444037849
 20
4835753.124721549
 10
635009.3709828063
 20
4835817.549198749
  0
LWPOLYLINE
  5
246
330
17
100
AcDbEntity
  8
ROADS
100
AcDbPolyline
 90
2
 70
0
 10
634899.3526968136
 20
4835780.429580171
 10
635009.3709828063
 20
4835817.549198749
  0
LWPOLYLINE
  5
247
330
17
100
AcDbEntity
  8
ROADS
100
AcDbPolyline
 90
2
 70
0
 10
634899.3526968136
 20
4835780.429580171
 10
634883.7730335052
 20
4835827.686931615
  0
LWPOLYLINE
  5
248
330
17
100
AcDbEntity
  8
ROADS
100
AcDbPolyline
 90
2
 70
0
 10
634823.7222688239
 20
4835803.22022944
 10
634883.7730335052
 20
4835827.686931615
  0
LWPOLYLINE
  5
249
330
17
100
AcDbEntity
  8
ROADS
100
AcDbPolyline
 90
2
 70
0
 10
635153.8937110018
 20
4835842.0595549755
 10
635168.6787660421
 20
4835796.519947793
  0
LWPOLYLINE
  5
24A
330
17
100
AcDbEntity
  8
ROADS
100
AcDbPolyline
 90
2
 70
0
 10
635168.6787660421
 20
4835796.519947793
 10
635319.682452056
 20
4835847.369239306
  0
LWPOLYLINE
  5
24B
330
17
100
AcDbEntity
  8
ROADS
100
AcDbPolyline
 90
2
 70
0
 10
635009.3709828063
 20
4835817.549198749
 10
635064.3168222385
 20
4835835.8496003775
  0
LWPOLYLINE
  5
24C
330
17
100
AcDbEntity
  8
ROADS
100
AcDbPolyline
 90
2
 70
0
 10
634785.270885645
 20
4835789.3989182515
 10
634816.8651577646
 20
4835818.3780454695
  0
LWPOLYLINE
  5
24D
330
17
100
AcDbEntity
  8
ROADS
100
AcDbPolyline
 90
2
 70
0
 10
634823.7222688239
 20
4835803.22022944
 10
634816.8651577646
 20
4835818.3780454695
  0
LWPOLYLINE
  5
24E
330
17
100
AcDbEntity
  8
ROADS
100
AcDbPolyline
 90
2
 70
0
 10
634534.0519087333
 20
4835795.474773992
 10
634630.5166262246
 20
4835826.969356876
  0
LWPOLYLINE
  5
24F
330
17
100
AcDbEntity
  8
ROADS
100
AcDbPolyline
 90
2
 70
0
 10
634763.19420547
 20
4835804.766103472
 10
634816.8651577646
 20
4835818.3780454695
  0
LWPOLYLINE
  5
250
330
17
100
AcDbEntity
  8
ROADS
100
AcDbPolyline
 90
2
 70
0
 10
634534.0519087333
 20
4835795.474773992
 10
634521.6551038781
 20
4835833.573348076
  0
LWPOLYLINE
  5
251
330
17
100
AcDbEntity
  8
ROADS
100
AcDbPolyline
 90
2
 70
0
 10
634451.1600206058
 20
4835806.258614407
 10
634521.6551038781
 20
4835833.573348076
  0
LWPOLYLINE
  5
252
330
17
100
AcDbEntity
  8
ROADS
100
AcDbPolyline
 90
2
 70
0
 10
634816.8651577646
 20
4835818.3780454695
 10
634835.2384238701
 20
4835829.152619439
  0
LWPOLYLINE
  5
253
330
17
100
AcDbEntity
  8
ROADS
100
AcDbPolyline
 90
2
 70
0
 10
634630.5166262246
 20
4835826.969356876
 10
634726.8202480772
 20
4835859.576138838
  0
LWPOLYLINE
  5
254
330
17
100
AcDbEntity
  8
ROADS
100
AcDbPolyline
 90
2
 70
0
 10
634630.5166262246
 20
4835826.969356876
 10
634615.9237389159
 20
4835867.716961074
  0
LWPOLYLINE
  5
255
330
17
100
AcDbEntity
  8
ROADS
100
AcDbPolyline
 90
2
 70
0
 10
634521.6551038781
 20
4835833.573348076
 10
634615.9237389159
 20
4835867.716961074
  0
LWPOLYLINE
  5
256
330
17
100
AcDbEntity
  8
ROADS
100
AcDbPolyline
 90
2
 70
0
 10
635153.8937110018
 20
4835842.0595549755
 10
635072.9164595735
 20
4835815.499332538
  0
LWPOLYLINE
  5
257
330
17
100
AcDbEntity
  8
ROADS
100
AcDbPolyline
 90
2
 70
0
 10
634883.7730335052
 20
4835827.686931615
 10
634878.6488765724
 20
4835843.7126529
  0
LWPOLYLINE
  5
258
330
17
100
AcDbEntity
  8
ROADS
100
AcDbPolyline
 90
2
 70
0
 10
634835.2384238701
 20
4835829.152619439
 10
634878.6488765724
 20
4835843.7126529
  0
LWPOLYLINE
  5
259
330
17
100
AcDbEntity
  8
ROADS
100
AcDbPolyline
 90
2
 70
0
 10
635009.3709828063
 20
4835817.549198749
 10
634988.5246038358
 20
4835880.585191817
  0
LWPOLYLINE
  5
25A
330
17
100
AcDbEntity
  8
ROADS
100
AcDbPolyline
 90
2
 70
0
 10
634878.6488765724
 20
4835843.7126529
 10
634988.5246038358
 20
4835880.585191817
  0
LWPOLYLINE
  5
25B
330
17
100
AcDbEntity
  8
ROADS
100
AcDbPolyline
 90
3
 70
0
 10
635058.2449162162
 20
4835857.830704293
 10
635139.4704588262
 20
4835884.071397325
 10
635153.8937110018
 20
4835842.0595549755
  0
LWPOLYLINE
  5
25C
330
17
100
AcDbEntity
  8
ROADS
100
AcDbPolyline
 90
2
 70
0
 10
634878.6488765724
 20
4835843.7126529
 10
634858.8667827137
 20
4835904.470167734
  0
LWPOLYLINE
  5
25D
330
17
100
AcDbEntity
  8
ROADS
100
AcDbPolyline
 90
2
 70
0
 10
634816.1226077267
 20
4835889.898171664
 10
634858.8667827137
 20
4835904.470167734
  0
LWPOLYLINE
  5
25E
330
17
100
AcDbEntity
  8
ROADS
100
AcDbPolyline
 90
2
 70
0
 10
634988.5246038358
 20
4835880.585191817
 10
635136.6712125635
 20
4835931.91788397
  0
LWPOLYLINE
  5
25F
330
17
100
AcDbEntity
  8
ROADS
100
AcDbPolyline
 90
2
 70
0
 10
634988.5246038358
 20
4835880.585191817
 10
634968.2947301281
 20
4835940.774580862
  0
LWPOLYLINE
  5
260
330
17
100
AcDbEntity
  8
ROADS
100
AcDbPolyline
 90
2
 70
0
 10
634521.6551038781
 20
4835833.573348076
 10
634505.3716969959
 20
4835884.243206532
  0
LWPOLYLINE
  5
261
330
17
100
AcDbEntity
  8
ROADS
100
AcDbPolyline
 90
2
 70
0
 10
634835.2384238701
 20
4835829.152619439
 10
634816.1226077267
 20
4835889.898171664
  0
LWPOLYLINE
  5
262
330
17
100
AcDbEntity
  8
ROADS
100
AcDbPolyline
 90
2
 70
0
 10
634726.8202480772
 20
4835859.576138838
 10
634816.1226077267
 20
4835889.898171664
  0
LWPOLYLINE
  5
263
330
17
100
AcDbEntity
  8
ROADS
100
AcDbPolyline
 90
2
 70
0
 10
634726.8202480772
 20
4835859.576138838
 10
634712.9054265863
 20
4835902.148165825
  0
LWPOLYLINE
  5
264
330
17
100
AcDbEntity
  8
ROADS
100
AcDbPolyline
 90
2
 70
0
 10
634816.1226077267
 20
4835889.898171664
 10
634803.5014705815
 20
4835931.829543014
  0
LWPOLYLINE
  5
265
330
17
100
AcDbEntity
  8
ROADS
100
AcDbPolyline
 90
3
 70
0
 10
634505.3716969959
 20
4835884.243206532
 10
634550.3760520248
 20
4835899.532610492
 10
634539.1993262349
 20
4835940.673995401
  0
LWPOLYLINE
  5
266
330
17
100
AcDbEntity
  8
ROADS
100
AcDbPolyline
 90
2
 70
0
 10
634712.9054265863
 20
4835902.148165825
 10
634803.5014705815
 20
4835931.829543014
  0
LWPOLYLINE
  5
267
330
17
100
AcDbEntity
  8
ROADS
100
AcDbPolyline
 90
2
 70
0
 10
634803.5014705815
 20
4835931.829543014
 10
634820.592355452
 20
4835934.902787126
  0
LWPOLYLINE
  5
268
330
17
100
AcDbEntity
  8
ROADS
100
AcDbPolyline
 90
2
 70
0
 10
634505.3716969959
 20
4835884.243206532
 10
634408.6527334399
 20
4836179.216746785
  0
LWPOLYLINE
  5
269
330
17
100
AcDbEntity
  8
ROADS
100
AcDbPolyline
 90
3
 70
0
 10
634565.3676916485
 20
4836179.6121286815
 10
634664.2887905161
 20
4835885.362823049
 10
634712.9054265863
 20
4835902.148165825
  0
LWPOLYLINE
  5
26A
330
17
100
AcDbEntity
  8
ROADS
100
AcDbPolyline
 90
2
 70
0
 10
634858.8667827137
 20
4835904.470167734
 10
634950.056086822
 20
4835934.529315407
  0
LWPOLYLINE
  5
26B
330
17
100
AcDbEntity
  8
ROADS
100
AcDbPolyline
 90
2
 70
0
 10
634950.056086822
 20
4835934.529315407
 10
634968.2947301281
 20
4835940.774580862
  0
LWPOLYLINE
  5
26C
330
17
100
AcDbEntity
  8
ROADS
100
AcDbPolyline
 90
2
 70
0
 10
634968.2947301281
 20
4835940.774580862
 10
635023.3818369952
 20
4835959.226067471
  0
LWPOLYLINE
  5
26D
330
17
100
AcDbEntity
  8
ROADS
100
AcDbPolyline
 90
2
 70
0
 10
635023.3818369952
 20
4835959.226067471
 10
635130.2151521363
 20
4835994.615528686
  0
LWPOLYLINE
  5
26E
330
17
100
AcDbEntity
  8
ROADS
100
AcDbPolyline
 90
2
 70
0
 10
635023.3818369952
 20
4835959.226067471
 10
635008.3646228546
 20
4836004.136397223
  0
LWPOLYLINE
  5
26F
330
17
100
AcDbEntity
  8
ROADS
100
AcDbPolyline
 90
2
 70
0
 10
635008.3646228546
 20
4836004.136397223
 10
635076.3669570278
 20
4836019.207103888
  0
LWPOLYLINE
  5
270
330
17
100
AcDbEntity
  8
ROADS
100
AcDbPolyline
 90
2
 70
0
 10
635130.2151521363
 20
4835994.615528686
 10
635258.0735331636
 20
4836036.79571075
  0
LWPOLYLINE
  5
271
330
17
100
AcDbEntity
  8
ROADS
100
AcDbPolyline
 90
2
 70
0
 10
635008.3646228546
 20
4836004.136397223
 10
634998.1157315198
 20
4836035.0017347
  0
LWPOLYLINE
  5
272
330
17
100
AcDbEntity
  8
ROADS
100
AcDbPolyline
 90
2
 70
0
 10
634950.056086822
 20
4835934.529315407
 10
634889.1208222352
 20
4836124.310771644
  0
LWPOLYLINE
  5
273
330
17
100
AcDbEntity
  8
ROADS
100
AcDbPolyline
 90
3
 70
0
 10
635130.2151521363
 20
4835994.615528686
 10
635108.5078585328
 20
4836060.516714316
 10
635188.7930371508
 20
4836087.049484211
  0
LWPOLYLINE
  5
274
330
17
100
AcDbEntity
  8
ROADS
100
AcDbPolyline
 90
2
 70
0
 10
635258.0735331636
 20
4836036.79571075
 10
635346.2366941447
 20
4836065.858132194
  0
LWPOLYLINE
  5
275
330
17
100
AcDbEntity
  8
ROADS
100
AcDbPolyline
 90
2
 70
0
 10
635499.0979567869
 20
4836013.972253942
 10
635467.7198990844
 20
4836107.026020526
  0
LWPOLYLINE
  5
276
330
17
100
AcDbEntity
  8
ROADS
100
AcDbPolyline
 90
2
 70
0
 10
635346.2366941447
 20
4836065.858132194
 10
635396.6059557414
 20
4836082.7052253205
  0
LWPOLYLINE
  5
277
330
17
100
AcDbEntity
  8
ROADS
100
AcDbPolyline
 90
2
 70
0
 10
635346.2366941447
 20
4836065.858132194
 10
635331.2921873824
 20
4836111.391868989
  0
LWPOLYLINE
  5
278
330
17
100
AcDbEntity
  8
ROADS
100
AcDbPolyline
 90
2
 70
0
 10
635396.6059557414
 20
4836082.7052253205
 10
635447.4313479481
 20
4836099.7135838475
  0
LWPOLYLINE
  5
279
330
17
100
AcDbEntity
  8
ROADS
100
AcDbPolyline
 90
2
 70
0
 10
635447.4313479481
 20
4836099.7135838475
 10
635467.7198990844
 20
4836107.026020526
  0
LWPOLYLINE
  5
27A
330
17
100
AcDbEntity
  8
ROADS
100
AcDbPolyline
 90
2
 70
0
 10
635447.4313479481
 20
4836099.7135838475
 10
635438.4536146999
 20
4836124.6014240915
  0
LWPOLYLINE
  5
27B
330
17
100
AcDbEntity
  8
ROADS
100
AcDbPolyline
 90
2
 70
0
 10
635467.7198990844
 20
4836107.026020526
 10
635518.2333092452
 20
4836125.442867857
  0
LWPOLYLINE
  5
27C
330
17
100
AcDbEntity
  8
ROADS
100
AcDbPolyline
 90
2
 70
0
 10
635391.9731883544
 20
4836109.468778386
 10
635438.4536146999
 20
4836124.6014240915
  0
LWPOLYLINE
  5
27D
330
17
100
AcDbEntity
  8
ROADS
100
AcDbPolyline
 90
2
 70
0
 10
635438.4536146999
 20
4836124.6014240915
 10
635433.862576007
 20
4836138.79664791
  0
LWPOLYLINE
  5
27E
330
17
100
AcDbEntity
  8
ROADS
100
AcDbPolyline
 90
2
 70
0
 10
634615.9237389159
 20
4835867.716961074
 10
634500.6043911228
 20
4836211.408892695
  0
LWPOLYLINE
  5
27F
330
17
100
AcDbEntity
  8
ROADS
100
AcDbPolyline
 90
2
 70
0
 10
634712.9054265863
 20
4835902.148165825
 10
634613.6609210939
 20
4836196.195645493
  0
LWPOLYLINE
  5
280
330
17
100
AcDbEntity
  8
ROADS
100
AcDbPolyline
 90
2
 70
0
 10
634803.5014705815
 20
4835931.829543014
 10
634688.5613258826
 20
4836274.785940535
  0
LWPOLYLINE
  5
281
330
17
100
AcDbEntity
  8
ROADS
100
AcDbPolyline
 90
4
 70
0
 10
634747.226601458
 20
4836295.121819755
 10
634834.3257167672
 20
4835992.914982142
 10
634887.4614172006
 20
4836011.157172875
 10
634791.9478865237
 20
4836306.98538197
  0
LWPOLYLINE
  5
282
330
17
100
AcDbEntity
  8
ROADS
100
AcDbPolyline
 90
3
 70
0
 10
634613.6609210939
 20
4836196.195645493
 10
634662.6353484518
 20
4836213.269524116
 10
634695.5439373688
 20
4836114.328166224
  0
LWPOLYLINE
  5
283
330
17
100
AcDbEntity
  8
ROADS
100
AcDbPolyline
 90
2
 70
0
 10
634454.5566949213
 20
4836194.585957518
 10
634473.5749982316
 20
4836135.750884154
  0
LWPOLYLINE
  5
284
330
17
100
AcDbEntity
  8
ROADS
100
AcDbPolyline
 90
2
 70
0
 10
634565.3676916485
 20
4836179.6121286815
 10
634613.6609210939
 20
4836196.195645493
  0
LWPOLYLINE
  5
285
330
17
100
AcDbEntity
  8
ROADS
100
AcDbPolyline
 90
2
 70
0
 10
634454.5566949213
 20
4836194.585957518
 10
634500.6043911228
 20
4836211.408892695
  0
LWPOLYLINE
  5
286
330
17
100
AcDbEntity
  8
ROADS
100
AcDbPolyline
 90
2
 70
0
 10
634565.3676916485
 20
4836179.6121286815
 10
634548.8584268147
 20
4836227.615170822
  0
LWPOLYLINE
  5
287
330
17
100
AcDbEntity
  8
ROADS
100
AcDbPolyline
 90
2
 70
0
 10
634500.6043911228
 20
4836211.408892695
 10
634548.8584268147
 20
4836227.615170822
  0
LWPOLYLINE
  5
288
330
17
100
AcDbEntity
  8
ROADS
100
AcDbPolyline
 90
2
 70
0
 10
634305.8630526375
 20
4836108.812496513
 10
634291.9552480653
 20
4836144.219991916
  0
LWPOLYLINE
  5
289
330
17
100
AcDbEntity
  8
ROADS
100
AcDbPolyline
 90
3
 70
0
 10
634097.2767748623
 20
4836111.025556809
 10
634090.7953102987
 20
4836142.161942765
 10
634117.0498308364
 20
4836153.923583099
  0
LWPOLYLINE
  5
28A
330
17
100
AcDbEntity
  8
ROADS
100
AcDbPolyline
 90
2
 70
0
 10
634248.086859486
 20
4836136.3242170075
 10
634291.9552480653
 20
4836144.219991916
  0
LWPOLYLINE
  5
28B
330
17
100
AcDbEntity
  8
ROADS
100
AcDbPolyline
 90
2
 70
0
 10
634291.9552480653
 20
4836144.219991916
 10
634408.6527334399
 20
4836179.216746785
  0
LWPOLYLINE
  5
28C
330
17
100
AcDbEntity
  8
ROADS
100
AcDbPolyline
 90
2
 70
0
 10
634248.086859486
 20
4836136.3242170075
 10
634231.3537629321
 20
4836191.287245602
  0
LWPOLYLINE
  5
28D
330
17
100
AcDbEntity
  8
ROADS
100
AcDbPolyline
 90
2
 70
0
 10
634117.0498308364
 20
4836153.923583099
 10
634197.855530834
 20
4836181.0247588055
  0
LWPOLYLINE
  5
28E
330
17
100
AcDbEntity
  8
ROADS
100
AcDbPolyline
 90
2
 70
0
 10
634117.0498308364
 20
4836153.923583099
 10
634103.7902923392
 20
4836193.440116107
  0
LWPOLYLINE
  5
28F
330
17
100
AcDbEntity
  8
ROADS
100
AcDbPolyline
 90
2
 70
0
 10
634291.9552480653
 20
4836144.219991916
 10
634274.2018114489
 20
4836205.364092941
  0
LWPOLYLINE
  5
290
330
17
100
AcDbEntity
  8
ROADS
100
AcDbPolyline
 90
2
 70
0
 10
634197.855530834
 20
4836181.0247588055
 10
634231.3537629321
 20
4836191.287245602
  0
LWPOLYLINE
  5
291
330
17
100
AcDbEntity
  8
ROADS
100
AcDbPolyline
 90
2
 70
0
 10
634408.6527334399
 20
4836179.216746785
 10
634454.5566949213
 20
4836194.585957518
  0
LWPOLYLINE
  5
292
330
17
100
AcDbEntity
  8
ROADS
100
AcDbPolyline
 90
2
 70
0
 10
634998.1157315198
 20
4836035.0017347
 10
635089.4142591059
 20
4836065.658955607
  0
LWPOLYLINE
  5
293
330
17
100
AcDbEntity
  8
ROADS
100
AcDbPolyline
 90
2
 70
0
 10
634998.1157315198
 20
4836035.0017347
 10
634963.3753449064
 20
4836146.921175378
  0
LWPOLYLINE
  5
294
330
17
100
AcDbEntity
  8
ROADS
100
AcDbPolyline
 90
2
 70
0
 10
634889.1208222352
 20
4836124.310771644
 10
634963.3753449064
 20
4836146.921175378
  0
LWPOLYLINE
  5
295
330
17
100
AcDbEntity
  8
ROADS
100
AcDbPolyline
 90
2
 70
0
 10
634963.3753449064
 20
4836146.921175378
 10
634955.6439071338
 20
4836170.803425378
  0
LWPOLYLINE
  5
296
330
17
100
AcDbEntity
  8
ROADS
100
AcDbPolyline
 90
2
 70
0
 10
634955.6439071338
 20
4836170.803425378
 10
634998.511350753
 20
4836183.591539878
  0
LWPOLYLINE
  5
297
330
17
100
AcDbEntity
  8
ROADS
100
AcDbPolyline
 90
2
 70
0
 10
634998.511350753
 20
4836183.591539878
 10
635040.9939247696
 20
4836198.140849456
  0
LWPOLYLINE
  5
298
330
17
100
AcDbEntity
  8
ROADS
100
AcDbPolyline
 90
2
 70
0
 10
635040.9939247696
 20
4836198.140849456
 10
635117.2667670574
 20
4836224.008048429
  0
LWPOLYLINE
  5
299
330
17
100
AcDbEntity
  8
ROADS
100
AcDbPolyline
 90
2
 70
0
 10
634889.1208222352
 20
4836124.310771644
 10
634829.0058544525
 20
4836312.02781679
  0
LWPOLYLINE
  5
29A
330
17
100
AcDbEntity
  8
ROADS
100
AcDbPolyline
 90
2
 70
0
 10
634955.6439071338
 20
4836170.803425378
 10
634907.9188490696
 20
4836315.384849413
  0
LWPOLYLINE
  5
29B
330
17
100
AcDbEntity
  8
ROADS
100
AcDbPolyline
 90
2
 70
0
 10
634998.511350753
 20
4836183.591539878
 10
634954.3803463259
 20
4836319.060186541
  0
LWPOLYLINE
  5
29C
330
17
100
AcDbEntity
  8
ROADS
100
AcDbPolyline
 90
2
 70
0
 10
634613.6609210939
 20
4836196.195645493
 10
634597.1166765471
 20
4836243.3674915815
  0
LWPOLYLINE
  5
29D
330
17
100
AcDbEntity
  8
ROADS
100
AcDbPolyline
 90
2
 70
0
 10
634548.8584268147
 20
4836227.615170822
 10
634584.8019953626
 20
4836238.978476036
  0
LWPOLYLINE
  5
29E
330
17
100
AcDbEntity
  8
ROADS
100
AcDbPolyline
 90
2
 70
0
 10
634584.8019953626
 20
4836238.978476036
 10
634597.1166765471
 20
4836243.3674915815
  0
LWPOLYLINE
  5
29F
330
17
100
AcDbEntity
  8
ROADS
100
AcDbPolyline
 90
2
 70
0
 10
634548.8584268147
 20
4836227.615170822
 10
634532.8828565294
 20
4836273.756701552
  0
LWPOLYLINE
  5
2A0
330
17
100
AcDbEntity
  8
ROADS
100
AcDbPolyline
 90
2
 70
0
 10
634597.1166765471
 20
4836243.3674915815
 10
634688.5613258826
 20
4836274.785940535
  0
LWPOLYLINE
  5
2A1
330
17
100
AcDbEntity
  8
ROADS
100
AcDbPolyline
 90
2
 70
0
 10
634584.8019953626
 20
4836238.978476036
 10
634566.6843115559
 20
4836285.226790873
  0
LWPOLYLINE
  5
2A2
330
17
100
AcDbEntity
  8
ROADS
100
AcDbPolyline
 90
2
 70
0
 10
634532.8828565294
 20
4836273.756701552
 10
634566.6843115559
 20
4836285.226790873
  0
LWPOLYLINE
  5
2A3
330
17
100
AcDbEntity
  8
ROADS
100
AcDbPolyline
 90
2
 70
0
 10
634688.5613258826
 20
4836274.785940535
 10
634747.226601458
 20
4836295.121819755
  0
LWPOLYLINE
  5
2A4
330
17
100
AcDbEntity
  8
ROADS
100
AcDbPolyline
 90
2
 70
0
 10
634566.6843115559
 20
4836285.226790873
 10
634633.3654378945
 20
4836307.985295161
  0
LWPOLYLINE
  5
2A5
330
17
100
AcDbEntity
  8
ROADS
100
AcDbPolyline
 90
2
 70
0
 10
634747.226601458
 20
4836295.121819755
 10
634791.9478865237
 20
4836306.98538197
  0
LWPOLYLINE
  5
2A6
330
17
100
AcDbEntity
  8
ROADS
100
AcDbPolyline
 90
2
 70
0
 10
632799.1923896549
 20
4835856.800885935
 10
632799.1865545125
 20
4835856.818805034
  0
LWPOLYLINE
  5
2A7
330
17
100
AcDbEntity
  8
ROADS
100
AcDbPolyline
 90
2
 70
0
 10
634034.4773470444
 20
4835960.424786369
 10
634047.5733594793
 20
4835919.386171138
  0
LWPOLYLINE
  5
2A8
330
17
100
AcDbEntity
  8
ROADS
100
AcDbPolyline
 90
2
 70
0
 10
633948.0748888827
 20
4835887.48673377
 10
633910.8406501797
 20
4836003.82011238
  0
LWPOLYLINE
  5
2A9
330
17
100
AcDbEntity
  8
ROADS
100
AcDbPolyline
 90
2
 70
0
 10
633974.5164350579
 20
4835940.843145232
 10
634034.4773470444
 20
4835960.424786369
  0
LWPOLYLINE
  5
2AA
330
17
100
AcDbEntity
  8
ROADS
100
AcDbPolyline
 90
2
 70
0
 10
633974.5164350579
 20
4835940.843145232
 10
633962.7604236715
 20
4835975.637464233
  0
LWPOLYLINE
  5
2AB
330
17
100
AcDbEntity
  8
ROADS
100
AcDbPolyline
 90
2
 70
0
 10
633962.7604236715
 20
4835975.637464233
 10
634007.585425097
 20
4835990.001038311
  0
LWPOLYLINE
  5
2AC
330
17
100
AcDbEntity
  8
ROADS
100
AcDbPolyline
 90
2
 70
0
 10
633616.2938032219
 20
4835975.823688821
 10
633701.4104400806
 20
4836003.107735935
  0
LWPOLYLINE
  5
2AD
330
17
100
AcDbEntity
  8
ROADS
100
AcDbPolyline
 90
2
 70
0
 10
633707.2206751574
 20
4835985.144319512
 10
633701.4104400806
 20
4836003.107735935
  0
LWPOLYLINE
  5
2AE
330
17
100
AcDbEntity
  8
ROADS
100
AcDbPolyline
 90
2
 70
0
 10
633962.7604236715
 20
4835975.637464233
 10
633949.794948754
 20
4836016.591420032
  0
LWPOLYLINE
  5
2AF
330
17
100
AcDbEntity
  8
ROADS
100
AcDbPolyline
 90
2
 70
0
 10
634011.0870770516
 20
4836033.732940152
 10
634034.4773470444
 20
4835960.424786369
  0
LWPOLYLINE
  5
2B0
330
17
100
AcDbEntity
  8
ROADS
100
AcDbPolyline
 90
2
 70
0
 10
633707.2206751574
 20
4835985.144319512
 10
633809.3082173116
 20
4836019.480771395
  0
LWPOLYLINE
  5
2B1
330
17
100
AcDbEntity
  8
ROADS
100
AcDbPolyline
 90
2
 70
0
 10
633347.9286134468
 20
4835890.285031678
 10
633421.3896204988
 20
4835913.0129487645
  0
LWPOLYLINE
  5
2B2
330
17
100
AcDbEntity
  8
ROADS
100
AcDbPolyline
 90
2
 70
0
 10
633489.6397497851
 20
4835992.960283375
 10
633448.373997763
 20
4835862.721746463
  0
LWPOLYLINE
  5
2B3
330
17
100
AcDbEntity
  8
ROADS
100
AcDbPolyline
 90
2
 70
0
 10
633526.643989679
 20
4835878.725061545
 10
633707.2206751574
 20
4835985.144319512
  0
LWPOLYLINE
  5
2B4
330
17
100
AcDbEntity
  8
ROADS
100
AcDbPolyline
 90
2
 70
0
 10
633523.3795845509
 20
4835890.846523892
 10
633489.6397497851
 20
4835992.960283375
  0
LWPOLYLINE
  5
2B5
330
17
100
AcDbEntity
  8
ROADS
100
AcDbPolyline
 90
2
 70
0
 10
633421.3896204988
 20
4835913.0129487645
 10
633402.5762835995
 20
4835972.298590783
  0
LWPOLYLINE
  5
2B6
330
17
100
AcDbEntity
  8
ROADS
100
AcDbPolyline
 90
2
 70
0
 10
633518.8313136314
 20
4835943.997087885
 10
633616.2938032219
 20
4835975.823688821
  0
LWPOLYLINE
  5
2B7
330
17
100
AcDbEntity
  8
ROADS
100
AcDbPolyline
 90
2
 70
0
 10
633347.9286134468
 20
4835890.285031678
 10
633301.2692463759
 20
4836037.61728556
  0
LWPOLYLINE
  5
2B8
330
17
100
AcDbEntity
  8
ROADS
100
AcDbPolyline
 90
2
 70
0
 10
633402.5762835995
 20
4835972.298590783
 10
633416.6867286238
 20
4835976.817057919
  0
LWPOLYLINE
  5
2B9
330
17
100
AcDbEntity
  8
ROADS
100
AcDbPolyline
 90
2
 70
0
 10
633415.5493025408
 20
4836074.627361926
 10
633454.921589992
 20
4835943.86265449
  0
LWPOLYLINE
  5
2BA
330
17
100
AcDbEntity
  8
ROADS
100
AcDbPolyline
 90
2
 70
0
 10
633402.5762835995
 20
4835972.298590783
 10
633373.5076083133
 20
4836060.8721697405
  0
LWPOLYLINE
  5
2BB
330
17
100
AcDbEntity
  8
ROADS
100
AcDbPolyline
 90
2
 70
0
 10
634016.2927543598
 20
4835983.384914905
 10
633995.7210681047
 20
4836028.9067381285
  0
LWPOLYLINE
  5
2BC
330
17
100
AcDbEntity
  8
ROADS
100
AcDbPolyline
 90
2
 70
0
 10
633910.8406501797
 20
4836003.82011238
 10
633949.794948754
 20
4836016.591420032
  0
LWPOLYLINE
  5
2BD
330
17
100
AcDbEntity
  8
ROADS
100
AcDbPolyline
 90
2
 70
0
 10
633949.794948754
 20
4836016.591420032
 10
633995.7210681047
 20
4836028.9067381285
  0
LWPOLYLINE
  5
2BE
330
17
100
AcDbEntity
  8
ROADS
100
AcDbPolyline
 90
2
 70
0
 10
633910.8406501797
 20
4836003.82011238
 10
633895.3944805918
 20
4836052.544847834
  0
LWPOLYLINE
  5
2BF
330
17
100
AcDbEntity
  8
ROADS
100
AcDbPolyline
 90
2
 70
0
 10
633809.3082173116
 20
4836019.480771395
 10
633851.9425823287
 20
4836037.795563066
  0
LWPOLYLINE
  5
2C0
330
17
100
AcDbEntity
  8
ROADS
100
AcDbPolyline
 90
2
 70
0
 10
633995.7210681047
 20
4836028.9067381285
 10
634011.0870770516
 20
4836033.732940152
  0
LWPOLYLINE
  5
2C1
330
17
100
AcDbEntity
  8
ROADS
100
AcDbPolyline
 90
2
 70
0
 10
633949.794948754
 20
4836016.591420032
 10
633937.9634916955
 20
4836066.205585079
  0
LWPOLYLINE
  5
2C2
330
17
100
AcDbEntity
  8
ROADS
100
AcDbPolyline
 90
2
 70
0
 10
633851.9425823287
 20
4836037.795563066
 10
633895.3944805918
 20
4836052.544847834
  0
LWPOLYLINE
  5
2C3
330
17
100
AcDbEntity
  8
ROADS
100
AcDbPolyline
 90
2
 70
0
 10
633995.6034593517
 20
4836084.860209282
 10
634011.0870770516
 20
4836033.732940152
  0
LWPOLYLINE
  5
2C4
330
17
100
AcDbEntity
  8
ROADS
100
AcDbPolyline
 90
2
 70
0
 10
633895.3944805918
 20
4836052.544847834
 10
633937.9634916955
 20
4836066.205585079
  0
LWPOLYLINE
  5
2C5
330
17
100
AcDbEntity
  8
ROADS
100
AcDbPolyline
 90
2
 70
0
 10
633301.2692463759
 20
4836037.61728556
 10
633279.4809874028
 20
4836030.56580545
  0
LWPOLYLINE
  5
2C6
330
17
100
AcDbEntity
  8
ROADS
100
AcDbPolyline
 90
2
 70
0
 10
633616.2938032219
 20
4835975.823688821
 10
633567.4118432101
 20
4836120.851679888
  0
LWPOLYLINE
  5
2C7
330
17
100
AcDbEntity
  8
ROADS
100
AcDbPolyline
 90
2
 70
0
 10
633301.2692463759
 20
4836037.61728556
 10
633373.5076083133
 20
4836060.8721697405
  0
LWPOLYLINE
  5
2C8
330
17
100
AcDbEntity
  8
ROADS
100
AcDbPolyline
 90
2
 70
0
 10
633301.2692463759
 20
4836037.61728556
 10
633286.7084676466
 20
4836083.338697617
  0
LWPOLYLINE
  5
2C9
330
17
100
AcDbEntity
  8
ROADS
100
AcDbPolyline
 90
2
 70
0
 10
633489.6397497851
 20
4835992.960283375
 10
633444.2101820407
 20
4836135.659447309
  0
LWPOLYLINE
  5
2CA
330
17
100
AcDbEntity
  8
ROADS
100
AcDbPolyline
 90
2
 70
0
 10
633373.5076083133
 20
4836060.8721697405
 10
633415.5493025408
 20
4836074.627361926
  0
LWPOLYLINE
  5
2CB
330
17
100
AcDbEntity
  8
ROADS
100
AcDbPolyline
 90
2
 70
0
 10
633415.5493025408
 20
4836074.627361926
 10
633427.2669331338
 20
4836078.350508941
  0
LWPOLYLINE
  5
2CC
330
17
100
AcDbEntity
  8
ROADS
100
AcDbPolyline
 90
2
 70
0
 10
633373.5076083133
 20
4836060.8721697405
 10
633359.1824715692
 20
4836107.111892614
  0
LWPOLYLINE
  5
2CD
330
17
100
AcDbEntity
  8
ROADS
100
AcDbPolyline
 90
2
 70
0
 10
633286.7084676466
 20
4836083.338697617
 10
633359.1824715692
 20
4836107.111892614
  0
LWPOLYLINE
  5
2CE
330
17
100
AcDbEntity
  8
ROADS
100
AcDbPolyline
 90
2
 70
0
 10
633359.1824715692
 20
4836107.111892614
 10
633444.2101820407
 20
4836135.659447309
  0
LWPOLYLINE
  5
2CF
330
17
100
AcDbEntity
  8
ROADS
100
AcDbPolyline
 90
2
 70
0
 10
634336.5911989347
 20
4836016.132334746
 10
634271.112452596
 20
4835994.632750242
  0
LWPOLYLINE
  5
2D0
330
17
100
AcDbEntity
  8
ROADS
100
AcDbPolyline
 90
4
 70
0
 10
634271.112452596
 20
4835994.632750242
 10
634259.3812939284
 20
4836030.706653793
 10
634285.5093948118
 20
4836045.75527839
 10
634280.05403776
 20
4836062.786063409
  0
LWPOLYLINE
  5
2D1
330
17
100
AcDbEntity
  8
ROADS
100
AcDbPolyline
 90
2
 70
0
 10
634336.5911989347
 20
4836016.132334746
 10
634305.8630526375
 20
4836108.812496513
  0
LWPOLYLINE
  5
2D2
330
17
100
AcDbEntity
  8
ROADS
100
AcDbPolyline
 90
2
 70
0
 10
634140.2239169234
 20
4836055.072395804
 10
634204.9507855049
 20
4836076.062348539
  0
LWPOLYLINE
  5
2D3
330
17
100
AcDbEntity
  8
ROADS
100
AcDbPolyline
 90
2
 70
0
 10
634140.2239169234
 20
4836055.072395804
 10
634121.7441773361
 20
4836113.272099345
  0
LWPOLYLINE
  5
2D4
330
17
100
AcDbEntity
  8
ROADS
100
AcDbPolyline
 90
2
 70
0
 10
634204.9507855049
 20
4836076.062348539
 10
634305.8630526375
 20
4836108.812496513
  0
LWPOLYLINE
  5
2D5
330
17
100
AcDbEntity
  8
ROADS
100
AcDbPolyline
 90
2
 70
0
 10
634039.946554699
 20
4836099.161081595
 10
634086.7755258402
 20
4836109.055537619
  0
LWPOLYLINE
  5
2D6
330
17
100
AcDbEntity
  8
ROADS
100
AcDbPolyline
 90
2
 70
0
 10
634086.7755258402
 20
4836109.055537619
 10
634097.2767748623
 20
4836111.025556809
  0
LWPOLYLINE
  5
2D7
330
17
100
AcDbEntity
  8
ROADS
100
AcDbPolyline
 90
2
 70
0
 10
634097.2767748623
 20
4836111.025556809
 10
634121.7441773361
 20
4836113.272099345
  0
LWPOLYLINE
  5
2D8
330
17
100
AcDbEntity
  8
ROADS
100
AcDbPolyline
 90
2
 70
0
 10
634121.7441773361
 20
4836113.272099345
 10
634248.086859486
 20
4836136.3242170075
  0
LWPOLYLINE
  5
2D9
330
17
100
AcDbEntity
  8
ROADS
100
AcDbPolyline
 90
2
 70
0
 10
633851.9425823287
 20
4836037.795563066
 10
633837.9345870164
 20
4836087.014830158
  0
LWPOLYLINE
  5
2DA
330
17
100
AcDbEntity
  8
ROADS
100
AcDbPolyline
 90
2
 70
0
 10
633701.4104400806
 20
4836003.107735935
 10
633660.4918994138
 20
4836128.622151462
  0
LWPOLYLINE
  5
2DB
330
17
100
AcDbEntity
  8
ROADS
100
AcDbPolyline
 90
2
 70
0
 10
633937.9634916955
 20
4836066.205585079
 10
633995.6034593517
 20
4836084.860209282
  0
LWPOLYLINE
  5
2DC
330
17
100
AcDbEntity
  8
ROADS
100
AcDbPolyline
 90
2
 70
0
 10
633937.9634916955
 20
4836066.205585079
 10
633927.321224288
 20
4836106.798507235
  0
LWPOLYLINE
  5
2DD
330
17
100
AcDbEntity
  8
ROADS
100
AcDbPolyline
 90
2
 70
0
 10
633995.6034593517
 20
4836084.860209282
 10
634039.946554699
 20
4836099.161081595
  0
LWPOLYLINE
  5
2DE
330
17
100
AcDbEntity
  8
ROADS
100
AcDbPolyline
 90
2
 70
0
 10
633895.3944805918
 20
4836052.544847834
 10
633868.6274607047
 20
4836133.511541478
  0
LWPOLYLINE
  5
2DF
330
17
100
AcDbEntity
  8
ROADS
100
AcDbPolyline
 90
3
 70
0
 10
633765.098346793
 20
4836162.531148625
 10
633794.2368584248
 20
4836074.965819119
 10
633837.9345870164
 20
4836087.014830158
  0
LWPOLYLINE
  5
2E0
330
17
100
AcDbEntity
  8
ROADS
100
AcDbPolyline
 90
2
 70
0
 10
633927.321224288
 20
4836106.798507235
 10
633913.6987411684
 20
4836148.191611447
  0
LWPOLYLINE
  5
2E1
330
17
100
AcDbEntity
  8
ROADS
100
AcDbPolyline
 90
2
 70
0
 10
633927.321224288
 20
4836106.798507235
 10
634070.5629501068
 20
4836154.092133936
  0
LWPOLYLINE
  5
2E2
330
17
100
AcDbEntity
  8
ROADS
100
AcDbPolyline
 90
2
 70
0
 10
633837.9345870164
 20
4836087.014830158
 10
633810.6919969233
 20
4836177.800710588
  0
LWPOLYLINE
  5
2E3
330
17
100
AcDbEntity
  8
ROADS
100
AcDbPolyline
 90
2
 70
0
 10
633617.9524004709
 20
4836260.927780779
 10
633489.6397497851
 20
4835992.960283375
  0
LWPOLYLINE
  5
2E4
330
17
100
AcDbEntity
  8
ROADS
100
AcDbPolyline
 90
2
 70
0
 10
633390.9885304781
 20
4836170.747043655
 10
633196.8105407347
 20
4836110.703579971
  0
LWPOLYLINE
  5
2E5
330
17
100
AcDbEntity
  8
ROADS
100
AcDbPolyline
 90
2
 70
0
 10
633444.2101820407
 20
4836135.659447309
 10
633499.6930727087
 20
4836154.442068667
  0
LWPOLYLINE
  5
2E6
330
17
100
AcDbEntity
  8
ROADS
100
AcDbPolyline
 90
2
 70
0
 10
633444.2101820407
 20
4836135.659447309
 10
633428.4547316926
 20
4836182.794389355
  0
LWPOLYLINE
  5
2E7
330
17
100
AcDbEntity
  8
ROADS
100
AcDbPolyline
 90
2
 70
0
 10
633499.6930727087
 20
4836154.442068667
 10
633543.2953475991
 20
4836168.117485828
  0
LWPOLYLINE
  5
2E8
330
17
100
AcDbEntity
  8
ROADS
100
AcDbPolyline
 90
2
 70
0
 10
633428.4547316926
 20
4836182.794389355
 10
633390.9885304781
 20
4836170.747043655
  0
LWPOLYLINE
  5
2E9
330
17
100
AcDbEntity
  8
ROADS
100
AcDbPolyline
 90
2
 70
0
 10
633660.4918994138
 20
4836128.622151462
 10
633626.6174990132
 20
4836233.14019212
  0
LWPOLYLINE
  5
2EA
330
17
100
AcDbEntity
  8
ROADS
100
AcDbPolyline
 90
3
 70
0
 10
633424.2566235842
 20
4836195.392502636
 10
633387.1564931823
 20
4836182.955742822
 10
633390.9885304781
 20
4836170.747043655
  0
LWPOLYLINE
  5
2EB
330
17
100
AcDbEntity
  8
ROADS
100
AcDbPolyline
 90
2
 70
0
 10
633428.4547316926
 20
4836182.794389355
 10
633424.2566235842
 20
4836195.392502636
  0
LWPOLYLINE
  5
2EC
330
17
100
AcDbEntity
  8
ROADS
100
AcDbPolyline
 90
2
 70
0
 10
633266.720389018
 20
4836178.61094683
 10
633251.3201938509
 20
4836226.0653104205
  0
LWPOLYLINE
  5
2ED
330
17
100
AcDbEntity
  8
ROADS
100
AcDbPolyline
 90
2
 70
0
 10
633103.6955266116
 20
4836024.06321895
 10
633089.0056622981
 20
4836069.955284324
  0
LWPOLYLINE
  5
2EE
330
17
100
AcDbEntity
  8
ROADS
100
AcDbPolyline
 90
2
 70
0
 10
633176.5628403852
 20
4836047.542476109
 10
633286.7084676466
 20
4836083.338697617
  0
LWPOLYLINE
  5
2EF
330
17
100
AcDbEntity
  8
ROADS
100
AcDbPolyline
 90
2
 70
0
 10
632978.1739265232
 20
4836085.371262866
 10
633074.2175175467
 20
4836116.304605231
  0
LWPOLYLINE
  5
2F0
330
17
100
AcDbEntity
  8
ROADS
100
AcDbPolyline
 90
2
 70
0
 10
633089.0056622981
 20
4836069.955284324
 10
633074.2175175467
 20
4836116.304605231
  0
LWPOLYLINE
  5
2F1
330
17
100
AcDbEntity
  8
ROADS
100
AcDbPolyline
 90
2
 70
0
 10
633176.5628403852
 20
4836047.542476109
 10
633146.7687921983
 20
4836140.005184312
  0
LWPOLYLINE
  5
2F2
330
17
100
AcDbEntity
  8
ROADS
100
AcDbPolyline
 90
2
 70
0
 10
633074.2175175467
 20
4836116.304605231
 10
633146.7687921983
 20
4836140.005184312
  0
LWPOLYLINE
  5
2F3
330
17
100
AcDbEntity
  8
ROADS
100
AcDbPolyline
 90
2
 70
0
 10
633146.7687921983
 20
4836140.005184312
 10
633266.720389018
 20
4836178.61094683
  0
LWPOLYLINE
  5
2F4
330
17
100
AcDbEntity
  8
ROADS
100
AcDbPolyline
 90
2
 70
0
 10
633660.4918994138
 20
4836128.622151462
 10
633714.2614253534
 20
4836146.257712965
  0
LWPOLYLINE
  5
2F5
330
17
100
AcDbEntity
  8
ROADS
100
AcDbPolyline
 90
2
 70
0
 10
633868.6274607047
 20
4836133.511541478
 10
633913.6987411684
 20
4836148.191611447
  0
LWPOLYLINE
  5
2F6
330
17
100
AcDbEntity
  8
ROADS
100
AcDbPolyline
 90
2
 70
0
 10
633714.2614253534
 20
4836146.257712965
 10
633765.098346793
 20
4836162.531148625
  0
LWPOLYLINE
  5
2F7
330
17
100
AcDbEntity
  8
ROADS
100
AcDbPolyline
 90
2
 70
0
 10
633868.6274607047
 20
4836133.511541478
 10
633849.9990184389
 20
4836190.311390718
  0
LWPOLYLINE
  5
2F8
330
17
100
AcDbEntity
  8
ROADS
100
AcDbPolyline
 90
2
 70
0
 10
633913.6987411684
 20
4836148.191611447
 10
633899.9809333226
 20
4836189.601990343
  0
LWPOLYLINE
  5
2F9
330
17
100
AcDbEntity
  8
ROADS
100
AcDbPolyline
 90
2
 70
0
 10
633765.098346793
 20
4836162.531148625
 10
633810.6919969233
 20
4836177.800710588
  0
LWPOLYLINE
  5
2FA
330
17
100
AcDbEntity
  8
ROADS
100
AcDbPolyline
 90
2
 70
0
 10
633913.6987411684
 20
4836148.191611447
 10
634053.0024870089
 20
4836194.46997296
  0
LWPOLYLINE
  5
2FB
330
17
100
AcDbEntity
  8
ROADS
100
AcDbPolyline
 90
2
 70
0
 10
633810.6919969233
 20
4836177.800710588
 10
633849.9990184389
 20
4836190.311390718
  0
LWPOLYLINE
  5
2FC
330
17
100
AcDbEntity
  8
ROADS
100
AcDbPolyline
 90
2
 70
0
 10
633714.2614253534
 20
4836146.257712965
 10
633689.1045237835
 20
4836222.136052787
  0
LWPOLYLINE
  5
2FD
330
17
100
AcDbEntity
  8
ROADS
100
AcDbPolyline
 90
2
 70
0
 10
633849.9990184389
 20
4836190.311390718
 10
633839.9394633275
 20
4836221.547069264
  0
LWPOLYLINE
  5
2FE
330
17
100
AcDbEntity
  8
ROADS
100
AcDbPolyline
 90
2
 70
0
 10
633266.720389018
 20
4836178.61094683
 10
633412.9409019658
 20
4836229.342648349
  0
LWPOLYLINE
  5
2FF
330
17
100
AcDbEntity
  8
ROADS
100
AcDbPolyline
 90
4
 70
0
 10
633499.6930727087
 20
4836154.442068667
 10
633484.9565964751
 20
4836200.08932051
 10
633542.2263800129
 20
4836219.1072804
 10
633526.8707912847
 20
4836267.191038664
  0
LWPOLYLINE
  5
300
330
17
100
AcDbEntity
  8
ROADS
100
AcDbPolyline
 90
2
 70
0
 10
633424.2566235842
 20
4836195.392502636
 10
633412.9409019658
 20
4836229.342648349
  0
LWPOLYLINE
  5
301
330
17
100
AcDbEntity
  8
ROADS
100
AcDbPolyline
 90
2
 70
0
 10
633251.3201938509
 20
4836226.0653104205
 10
633294.5658064298
 20
4836240.216317022
  0
LWPOLYLINE
  5
302
330
17
100
AcDbEntity
  8
ROADS
100
AcDbPolyline
 90
2
 70
0
 10
633251.3201938509
 20
4836226.0653104205
 10
633240.9186969326
 20
4836257.386949702
  0
LWPOLYLINE
  5
303
330
17
100
AcDbEntity
  8
ROADS
100
AcDbPolyline
 90
2
 70
0
 10
633626.6174990132
 20
4836233.14019212
 10
633617.9524004709
 20
4836260.927780779
  0
LWPOLYLINE
  5
304
330
17
100
AcDbEntity
  8
ROADS
100
AcDbPolyline
 90
2
 70
0
 10
633412.9409019658
 20
4836229.342648349
 10
633526.8707912847
 20
4836267.191038664
  0
LWPOLYLINE
  5
305
330
17
100
AcDbEntity
  8
ROADS
100
AcDbPolyline
 90
2
 70
0
 10
633412.9409019658
 20
4836229.342648349
 10
633398.503639472
 20
4836274.481254105
  0
LWPOLYLINE
  5
306
330
17
100
AcDbEntity
  8
ROADS
100
AcDbPolyline
 90
2
 70
0
 10
633294.5658064298
 20
4836240.216317022
 10
633398.503639472
 20
4836274.481254105
  0
LWPOLYLINE
  5
307
330
17
100
AcDbEntity
  8
ROADS
100
AcDbPolyline
 90
2
 70
0
 10
633294.5658064298
 20
4836240.216317022
 10
633280.5310869156
 20
4836281.399867732
  0
LWPOLYLINE
  5
308
330
17
100
AcDbEntity
  8
ROADS
100
AcDbPolyline
 90
2
 70
0
 10
633765.098346793
 20
4836162.531148625
 10
633735.67507922
 20
4836252.569516237
  0
LWPOLYLINE
  5
309
330
17
100
AcDbEntity
  8
ROADS
100
AcDbPolyline
 90
2
 70
0
 10
633899.9809333226
 20
4836189.601990343
 10
633885.3584533501
 20
4836234.087261305
  0
LWPOLYLINE
  5
30A
330
17
100
AcDbEntity
  8
ROADS
100
AcDbPolyline
 90
2
 70
0
 10
633899.9809333226
 20
4836189.601990343
 10
634035.7718353096
 20
4836234.361730756
  0
LWPOLYLINE
  5
30B
330
17
100
AcDbEntity
  8
ROADS
100
AcDbPolyline
 90
2
 70
0
 10
633689.1045237835
 20
4836222.136052787
 10
633678.8790013328
 20
4836219.076928917
  0
LWPOLYLINE
  5
30C
330
17
100
AcDbEntity
  8
ROADS
100
AcDbPolyline
 90
2
 70
0
 10
633839.9394633275
 20
4836221.547069264
 10
633885.3584533501
 20
4836234.087261305
  0
LWPOLYLINE
  5
30D
330
17
100
AcDbEntity
  8
ROADS
100
AcDbPolyline
 90
2
 70
0
 10
633810.6919969233
 20
4836177.800710588
 10
633768.98812512
 20
4836293.425142049
  0
LWPOLYLINE
  5
30E
330
17
100
AcDbEntity
  8
ROADS
100
AcDbPolyline
 90
2
 70
0
 10
633689.1045237835
 20
4836222.136052787
 10
633735.67507922
 20
4836252.569516237
  0
LWPOLYLINE
  5
30F
330
17
100
AcDbEntity
  8
ROADS
100
AcDbPolyline
 90
2
 70
0
 10
633839.9394633275
 20
4836221.547069264
 10
633828.8829095429
 20
4836254.7138781
  0
LWPOLYLINE
  5
310
330
17
100
AcDbEntity
  8
ROADS
100
AcDbPolyline
 90
2
 70
0
 10
633885.3584533501
 20
4836234.087261305
 10
633873.0306127056
 20
4836267.817135547
  0
LWPOLYLINE
  5
311
330
17
100
AcDbEntity
  8
ROADS
100
AcDbPolyline
 90
2
 70
0
 10
633885.3584533501
 20
4836234.087261305
 10
634072.2271056001
 20
4836288.108264221
  0
LWPOLYLINE
  5
312
330
17
100
AcDbEntity
  8
ROADS
100
AcDbPolyline
 90
2
 70
0
 10
634103.7902923392
 20
4836193.440116107
 10
634065.6259965332
 20
4836181.114101936
  0
LWPOLYLINE
  5
313
330
17
100
AcDbEntity
  8
ROADS
100
AcDbPolyline
 90
2
 70
0
 10
634231.3537629321
 20
4836191.287245602
 10
634274.2018114489
 20
4836205.364092941
  0
LWPOLYLINE
  5
314
330
17
100
AcDbEntity
  8
ROADS
100
AcDbPolyline
 90
2
 70
0
 10
634103.7902923392
 20
4836193.440116107
 10
634142.9719346364
 20
4836205.696520615
  0
LWPOLYLINE
  5
315
330
17
100
AcDbEntity
  8
ROADS
100
AcDbPolyline
 90
2
 70
0
 10
634197.855530834
 20
4836181.0247588055
 10
634183.7620804375
 20
4836219.260117426
  0
LWPOLYLINE
  5
316
330
17
100
AcDbEntity
  8
ROADS
100
AcDbPolyline
 90
2
 70
0
 10
634231.3537629321
 20
4836191.287245602
 10
634218.0151690427
 20
4836231.414411995
  0
LWPOLYLINE
  5
317
330
17
100
AcDbEntity
  8
ROADS
100
AcDbPolyline
 90
2
 70
0
 10
634142.9719346364
 20
4836205.696520615
 10
634183.7620804375
 20
4836219.260117426
  0
LWPOLYLINE
  5
318
330
17
100
AcDbEntity
  8
ROADS
100
AcDbPolyline
 90
2
 70
0
 10
634183.7620804375
 20
4836219.260117426
 10
634218.0151690427
 20
4836231.414411995
  0
LWPOLYLINE
  5
319
330
17
100
AcDbEntity
  8
ROADS
100
AcDbPolyline
 90
2
 70
0
 10
634103.7902923392
 20
4836193.440116107
 10
634072.2271056001
 20
4836288.108264221
  0
LWPOLYLINE
  5
31A
330
17
100
AcDbEntity
  8
ROADS
100
AcDbPolyline
 90
2
 70
0
 10
634274.2018114489
 20
4836205.364092941
 10
634231.6059317288
 20
4836332.817534355
  0
LWPOLYLINE
  5
31B
330
17
100
AcDbEntity
  8
ROADS
100
AcDbPolyline
 90
2
 70
0
 10
634408.6527334399
 20
4836179.216746785
 10
634345.5547876472
 20
4836369.631804562
  0
LWPOLYLINE
  5
31C
330
17
100
AcDbEntity
  8
ROADS
100
AcDbPolyline
 90
2
 70
0
 10
633275.5619220444
 20
4836279.371458333
 10
633280.5310869156
 20
4836281.399867732
  0
LWPOLYLINE
  5
31D
330
17
100
AcDbEntity
  8
ROADS
100
AcDbPolyline
 90
2
 70
0
 10
633617.9524004709
 20
4836260.927780779
 10
633607.888415401
 20
4836292.574388837
  0
LWPOLYLINE
  5
31E
330
17
100
AcDbEntity
  8
ROADS
100
AcDbPolyline
 90
2
 70
0
 10
633526.8707912847
 20
4836267.191038664
 10
633607.888415401
 20
4836292.574388837
  0
LWPOLYLINE
  5
31F
330
17
100
AcDbEntity
  8
ROADS
100
AcDbPolyline
 90
2
 70
0
 10
633645.0977843959
 20
4836304.557106802
 10
633617.9524004709
 20
4836260.927780779
  0
LWPOLYLINE
  5
320
330
17
100
AcDbEntity
  8
ROADS
100
AcDbPolyline
 90
2
 70
0
 10
633398.503639472
 20
4836274.481254105
 10
633385.3985752373
 20
4836315.521613006
  0
LWPOLYLINE
  5
321
330
17
100
AcDbEntity
  8
ROADS
100
AcDbPolyline
 90
2
 70
0
 10
633280.5310869156
 20
4836281.399867732
 10
633385.3985752373
 20
4836315.521613006
  0
LWPOLYLINE
  5
322
330
17
100
AcDbEntity
  8
ROADS
100
AcDbPolyline
 90
2
 70
0
 10
633607.888415401
 20
4836292.574388837
 10
633645.0977843959
 20
4836304.557106802
  0
LWPOLYLINE
  5
323
330
17
100
AcDbEntity
  8
ROADS
100
AcDbPolyline
 90
2
 70
0
 10
633280.5310869156
 20
4836281.399867732
 10
633280.2279817865
 20
4836282.332528798
  0
LWPOLYLINE
  5
324
330
17
100
AcDbEntity
  8
ROADS
100
AcDbPolyline
 90
2
 70
0
 10
633385.3985752373
 20
4836315.521613006
 10
633428.7551095448
 20
4836330.120678088
  0
LWPOLYLINE
  5
325
330
17
100
AcDbEntity
  8
ROADS
100
AcDbPolyline
 90
2
 70
0
 10
633385.3985752373
 20
4836315.521613006
 10
633380.787913333
 20
4836330.092188261
  0
LWPOLYLINE
  5
326
330
17
100
AcDbEntity
  8
ROADS
100
AcDbPolyline
 90
2
 70
0
 10
633828.8829095429
 20
4836254.7138781
 10
633873.0306127056
 20
4836267.817135547
  0
LWPOLYLINE
  5
327
330
17
100
AcDbEntity
  8
ROADS
100
AcDbPolyline
 90
2
 70
0
 10
633735.67507922
 20
4836252.569516237
 10
633727.1277446937
 20
4836276.166901665
  0
LWPOLYLINE
  5
328
330
17
100
AcDbEntity
  8
ROADS
100
AcDbPolyline
 90
3
 70
0
 10
633626.6174990132
 20
4836233.14019212
 10
633704.5093945488
 20
4836300.807966435
 10
633727.1277446937
 20
4836276.166901665
  0
LWPOLYLINE
  5
329
330
17
100
AcDbEntity
  8
ROADS
100
AcDbPolyline
 90
2
 70
0
 10
633828.8829095429
 20
4836254.7138781
 10
633810.4264169525
 20
4836311.073787143
  0
LWPOLYLINE
  5
32A
330
17
100
AcDbEntity
  8
ROADS
100
AcDbPolyline
 90
2
 70
0
 10
633727.1277446937
 20
4836276.166901665
 10
633768.98812512
 20
4836293.425142049
  0
LWPOLYLINE
  5
32B
330
17
100
AcDbEntity
  8
ROADS
100
AcDbPolyline
 90
2
 70
0
 10
633768.98812512
 20
4836293.425142049
 10
633810.4264169525
 20
4836311.073787143
  0
LWPOLYLINE
  5
32C
330
17
100
AcDbEntity
  8
ROADS
100
AcDbPolyline
 90
5
 70
0
 10
633873.0306127056
 20
4836267.817135547
 10
633868.8890573771
 20
4836282.707474537
 10
634016.0950247628
 20
4836319.438974075
 10
633999.4987568676
 20
4836373.028316889
 10
634039.422893762
 20
4836386.974302401
  0
LWPOLYLINE
  5
32D
330
17
100
AcDbEntity
  8
ROADS
100
AcDbPolyline
 90
2
 70
0
 10
633645.0977843959
 20
4836304.557106802
 10
633796.2380405626
 20
4836353.065686407
  0
LWPOLYLINE
  5
32E
330
17
100
AcDbEntity
  8
ROADS
100
AcDbPolyline
 90
2
 70
0
 10
633810.4264169525
 20
4836311.073787143
 10
633796.2380405626
 20
4836353.065686407
  0
LWPOLYLINE
  5
32F
330
17
100
AcDbEntity
  8
ROADS
100
AcDbPolyline
 90
3
 70
0
 10
633943.675346643
 20
4836342.930547872
 10
633940.6474646612
 20
4836323.137179966
 10
633923.1741674014
 20
4836336.929391694
  0
LWPOLYLINE
  5
330
330
17
100
AcDbEntity
  8
ROADS
100
AcDbPolyline
 90
2
 70
0
 10
634288.8780764467
 20
4836351.711589611
 10
634330.353729797
 20
4836218.403388267
  0
LWPOLYLINE
  5
331
330
17
100
AcDbEntity
  8
ROADS
100
AcDbPolyline
 90
2
 70
0
 10
634142.9719346364
 20
4836205.696520615
 10
634078.5748274443
 20
4836399.490211609
  0
LWPOLYLINE
  5
332
330
17
100
AcDbEntity
  8
ROADS
100
AcDbPolyline
 90
2
 70
0
 10
634183.7620804375
 20
4836219.260117426
 10
634117.5891046611
 20
4836412.152646875
  0
LWPOLYLINE
  5
333
330
17
100
AcDbEntity
  8
ROADS
100
AcDbPolyline
 90
2
 70
0
 10
634218.0151690427
 20
4836231.414411995
 10
634156.904583587
 20
4836424.805530081
  0
LWPOLYLINE
  5
334
330
17
100
AcDbEntity
  8
ROADS
100
AcDbPolyline
 90
2
 70
0
 10
634072.2271056001
 20
4836288.108264221
 10
634039.422893762
 20
4836386.974302401
  0
LWPOLYLINE
  5
335
330
17
100
AcDbEntity
  8
ROADS
100
AcDbPolyline
 90
2
 70
0
 10
634231.6059317288
 20
4836332.817534355
 10
634270.1613922936
 20
4836345.800698482
  0
LWPOLYLINE
  5
336
330
17
100
AcDbEntity
  8
ROADS
100
AcDbPolyline
 90
2
 70
0
 10
634270.1613922936
 20
4836345.800698482
 10
634288.8780764467
 20
4836351.711589611
  0
LWPOLYLINE
  5
337
330
17
100
AcDbEntity
  8
ROADS
100
AcDbPolyline
 90
2
 70
0
 10
634288.8780764467
 20
4836351.711589611
 10
634345.5547876472
 20
4836369.631804562
  0
LWPOLYLINE
  5
338
330
17
100
AcDbEntity
  8
ROADS
100
AcDbPolyline
 90
2
 70
0
 10
634231.6059317288
 20
4836332.817534355
 10
634207.5015484658
 20
4836405.4597402
  0
LWPOLYLINE
  5
339
330
17
100
AcDbEntity
  8
ROADS
100
AcDbPolyline
 90
2
 70
0
 10
634345.5547876472
 20
4836369.631804562
 10
634398.2745874496
 20
4836387.916513834
  0
LWPOLYLINE
  5
33A
330
17
100
AcDbEntity
  8
ROADS
100
AcDbPolyline
 90
2
 70
0
 10
633607.888415401
 20
4836292.574388837
 10
633579.4896617925
 20
4836382.8642471405
  0
LWPOLYLINE
  5
33B
330
17
100
AcDbEntity
  8
ROADS
100
AcDbPolyline
 90
2
 70
0
 10
633428.7551095448
 20
4836330.120678088
 10
633423.2240294975
 20
4836346.551654959
  0
LWPOLYLINE
  5
33C
330
17
100
AcDbEntity
  8
ROADS
100
AcDbPolyline
 90
2
 70
0
 10
633428.7551095448
 20
4836330.120678088
 10
633579.4896617925
 20
4836382.8642471405
  0
LWPOLYLINE
  5
33D
330
17
100
AcDbEntity
  8
ROADS
100
AcDbPolyline
 90
2
 70
0
 10
633579.4896617925
 20
4836382.8642471405
 10
633578.3041613571
 20
4836386.537088813
  0
LWPOLYLINE
  5
33E
330
17
100
AcDbEntity
  8
ROADS
100
AcDbPolyline
 90
2
 70
0
 10
633923.1741674014
 20
4836336.929391694
 10
633910.4735180237
 20
4836333.644493211
  0
LWPOLYLINE
  5
33F
330
17
100
AcDbEntity
  8
ROADS
100
AcDbPolyline
 90
2
 70
0
 10
633923.1741674014
 20
4836336.929391694
 10
633943.675346643
 20
4836342.930547872
  0
LWPOLYLINE
  5
340
330
17
100
AcDbEntity
  8
ROADS
100
AcDbPolyline
 90
2
 70
0
 10
633937.5686234677
 20
4836364.2368846815
 10
633943.675346643
 20
4836342.930547872
  0
LWPOLYLINE
  5
341
330
17
100
AcDbEntity
  8
ROADS
100
AcDbPolyline
 90
2
 70
0
 10
633937.5686234677
 20
4836364.2368846815
 10
633953.7196150704
 20
4836368.901280708
  0
LWPOLYLINE
  5
342
330
17
100
AcDbEntity
  8
ROADS
100
AcDbPolyline
 90
2
 70
0
 10
633923.64218195
 20
4836370.724623498
 10
633937.5686234677
 20
4836364.2368846815
  0
LWPOLYLINE
  5
343
330
17
100
AcDbEntity
  8
ROADS
100
AcDbPolyline
 90
2
 70
0
 10
633796.2380405626
 20
4836353.065686407
 10
633902.2922572001
 20
4836388.046030637
  0
LWPOLYLINE
  5
344
330
17
100
AcDbEntity
  8
ROADS
100
AcDbPolyline
 90
2
 70
0
 10
633902.2922572001
 20
4836388.046030637
 10
633923.64218195
 20
4836370.724623498
  0
LWPOLYLINE
  5
345
330
17
100
AcDbEntity
  8
ROADS
100
AcDbPolyline
 90
2
 70
0
 10
633923.64218195
 20
4836370.724623498
 10
633929.8292485046
 20
4836397.186656553
  0
LWPOLYLINE
  5
346
330
17
100
AcDbEntity
  8
ROADS
100
AcDbPolyline
 90
2
 70
0
 10
633796.2380405626
 20
4836353.065686407
 10
633772.937396109
 20
4836423.902180986
  0
LWPOLYLINE
  5
347
330
17
100
AcDbEntity
  8
ROADS
100
AcDbPolyline
 90
2
 70
0
 10
633902.2922572001
 20
4836388.046030637
 10
633929.8292485046
 20
4836397.186656553
  0
LWPOLYLINE
  5
348
330
17
100
AcDbEntity
  8
ROADS
100
AcDbPolyline
 90
2
 70
0
 10
634270.1613922936
 20
4836345.800698482
 10
634245.9121960079
 20
4836418.376288025
  0
LWPOLYLINE
  5
349
330
17
100
AcDbEntity
  8
ROADS
100
AcDbPolyline
 90
2
 70
0
 10
634039.422893762
 20
4836386.974302401
 10
634078.5748274443
 20
4836399.490211609
  0
LWPOLYLINE
  5
34A
330
17
100
AcDbEntity
  8
ROADS
100
AcDbPolyline
 90
2
 70
0
 10
634398.2745874496
 20
4836387.916513834
 10
634436.3564868816
 20
4836400.321080015
  0
LWPOLYLINE
  5
34B
330
17
100
AcDbEntity
  8
ROADS
100
AcDbPolyline
 90
2
 70
0
 10
634078.5748274443
 20
4836399.490211609
 10
634117.5891046611
 20
4836412.152646875
  0
LWPOLYLINE
  5
34C
330
17
100
AcDbEntity
  8
ROADS
100
AcDbPolyline
 90
2
 70
0
 10
634207.5015484658
 20
4836405.4597402
 10
634245.9121960079
 20
4836418.376288025
  0
LWPOLYLINE
  5
34D
330
17
100
AcDbEntity
  8
ROADS
100
AcDbPolyline
 90
2
 70
0
 10
634117.5891046611
 20
4836412.152646875
 10
634156.904583587
 20
4836424.805530081
  0
LWPOLYLINE
  5
34E
330
17
100
AcDbEntity
  8
ROADS
100
AcDbPolyline
 90
2
 70
0
 10
634207.5015484658
 20
4836405.4597402
 10
634195.0928583598
 20
4836439.787728655
  0
LWPOLYLINE
  5
34F
330
17
100
AcDbEntity
  8
ROADS
100
AcDbPolyline
 90
2
 70
0
 10
634398.2745874496
 20
4836387.916513834
 10
634373.706547952
 20
4836460.370353313
  0
LWPOLYLINE
  5
350
330
17
100
AcDbEntity
  8
ROADS
100
AcDbPolyline
 90
2
 70
0
 10
634156.904583587
 20
4836424.805530081
 10
634195.0928583598
 20
4836439.787728655
  0
LWPOLYLINE
  5
351
330
17
100
AcDbEntity
  8
ROADS
100
AcDbPolyline
 90
2
 70
0
 10
634117.5891046611
 20
4836412.152646875
 10
634103.4876097059
 20
4836454.703197612
  0
LWPOLYLINE
  5
352
330
17
100
AcDbEntity
  8
ROADS
100
AcDbPolyline
 90
2
 70
0
 10
634436.3564868816
 20
4836400.321080015
 10
634412.320533212
 20
4836472.993565507
  0
LWPOLYLINE
  5
353
330
17
100
AcDbEntity
  8
ROADS
100
AcDbPolyline
 90
2
 70
0
 10
634245.9121960079
 20
4836418.376288025
 10
634233.379048245
 20
4836455.853790792
  0
LWPOLYLINE
  5
354
330
17
100
AcDbEntity
  8
ROADS
100
AcDbPolyline
 90
2
 70
0
 10
634245.9121960079
 20
4836418.376288025
 10
634373.706547952
 20
4836460.370353313
  0
LWPOLYLINE
  5
355
330
17
100
AcDbEntity
  8
ROADS
100
AcDbPolyline
 90
2
 70
0
 10
634025.2324766694
 20
4836428.746172377
 10
634103.4876097059
 20
4836454.703197612
  0
LWPOLYLINE
  5
356
330
17
100
AcDbEntity
  8
ROADS
100
AcDbPolyline
 90
2
 70
0
 10
634195.0928583598
 20
4836439.787728655
 10
634233.379048245
 20
4836455.853790792
  0
LWPOLYLINE
  5
357
330
17
100
AcDbEntity
  8
ROADS
100
AcDbPolyline
 90
2
 70
0
 10
634195.0928583598
 20
4836439.787728655
 10
634182.1406420637
 20
4836480.834443318
  0
LWPOLYLINE
  5
358
330
17
100
AcDbEntity
  8
ROADS
100
AcDbPolyline
 90
2
 70
0
 10
634373.706547952
 20
4836460.370353313
 10
634412.320533212
 20
4836472.993565507
  0
LWPOLYLINE
  5
359
330
17
100
AcDbEntity
  8
ROADS
100
AcDbPolyline
 90
2
 70
0
 10
634103.4876097059
 20
4836454.703197612
 10
634182.1406420637
 20
4836480.834443318
  0
LWPOLYLINE
  5
35A
330
17
100
AcDbEntity
  8
ROADS
100
AcDbPolyline
 90
2
 70
0
 10
634103.4876097059
 20
4836454.703197612
 10
634088.999631903
 20
4836497.886809207
  0
LWPOLYLINE
  5
35B
330
17
100
AcDbEntity
  8
ROADS
100
AcDbPolyline
 90
2
 70
0
 10
634233.379048245
 20
4836455.853790792
 10
634360.7149323248
 20
4836498.230611428
  0
LWPOLYLINE
  5
35C
330
17
100
AcDbEntity
  8
ROADS
100
AcDbPolyline
 90
2
 70
0
 10
635117.2667670574
 20
4836224.008048429
 10
635097.6494726844
 20
4836284.717560788
  0
LWPOLYLINE
  5
35D
330
17
100
AcDbEntity
  8
ROADS
100
AcDbPolyline
 90
2
 70
0
 10
635040.9939247696
 20
4836198.140849456
 10
634998.1084942145
 20
4836322.521087278
  0
LWPOLYLINE
  5
35E
330
17
100
AcDbEntity
  8
ROADS
100
AcDbPolyline
 90
3
 70
0
 10
635117.2667670574
 20
4836224.008048429
 10
635186.3566302145
 20
4836246.854133048
 10
635165.2422623883
 20
4836334.661910798
  0
LWPOLYLINE
  5
35F
330
17
100
AcDbEntity
  8
ROADS
100
AcDbPolyline
 90
2
 70
0
 10
635097.6494726844
 20
4836284.717560788
 10
635093.8174137746
 20
4836296.041245018
  0
LWPOLYLINE
  5
360
330
17
100
AcDbEntity
  8
ROADS
100
AcDbPolyline
 90
2
 70
0
 10
635097.6494726844
 20
4836284.717560788
 10
635130.2951349658
 20
4836296.33978593
  0
LWPOLYLINE
  5
361
330
17
100
AcDbEntity
  8
ROADS
100
AcDbPolyline
 90
2
 70
0
 10
635093.8174137746
 20
4836296.041245018
 10
635061.6901364628
 20
4836285.672500439
  0
LWPOLYLINE
  5
362
330
17
100
AcDbEntity
  8
ROADS
100
AcDbPolyline
 90
2
 70
0
 10
635093.8174137746
 20
4836296.041245018
 10
635081.6956467512
 20
4836327.884803789
  0
LWPOLYLINE
  5
363
330
17
100
AcDbEntity
  8
ROADS
100
AcDbPolyline
 90
2
 70
0
 10
634829.0058544525
 20
4836312.02781679
 10
634907.9188490696
 20
4836315.384849413
  0
LWPOLYLINE
  5
364
330
17
100
AcDbEntity
  8
ROADS
100
AcDbPolyline
 90
2
 70
0
 10
634907.9188490696
 20
4836315.384849413
 10
634954.3803463259
 20
4836319.060186541
  0
LWPOLYLINE
  5
365
330
17
100
AcDbEntity
  8
ROADS
100
AcDbPolyline
 90
2
 70
0
 10
634954.3803463259
 20
4836319.060186541
 10
634998.1084942145
 20
4836322.521087278
  0
LWPOLYLINE
  5
366
330
17
100
AcDbEntity
  8
ROADS
100
AcDbPolyline
 90
2
 70
0
 10
635287.4156070033
 20
4836247.501314573
 10
635342.8078909719
 20
4836265.476344906
  0
LWPOLYLINE
  5
367
330
17
100
AcDbEntity
  8
ROADS
100
AcDbPolyline
 90
2
 70
0
 10
635433.862576007
 20
4836138.79664791
 10
635356.442600945
 20
4836382.011906902
  0
LWPOLYLINE
  5
368
330
17
100
AcDbEntity
  8
ROADS
100
AcDbPolyline
 90
2
 70
0
 10
635567.7311904398
 20
4836141.340141564
 10
635476.5725637618
 20
4836421.47029625
  0
LWPOLYLINE
  5
369
330
17
100
AcDbEntity
  8
ROADS
100
AcDbPolyline
 90
2
 70
0
 10
635506.2112803641
 20
4836162.500728094
 10
635427.734304654
 20
4836405.487903954
  0
LWPOLYLINE
  5
36A
330
17
100
AcDbEntity
  8
ROADS
100
AcDbPolyline
 90
2
 70
0
 10
635342.8078909719
 20
4836265.476344906
 10
635326.8917871276
 20
4836315.212868347
  0
LWPOLYLINE
  5
36B
330
17
100
AcDbEntity
  8
ROADS
100
AcDbPolyline
 90
2
 70
0
 10
635287.4156070033
 20
4836247.501314573
 10
635254.400993683
 20
4836350.365255326
  0
LWPOLYLINE
  5
36C
330
17
100
AcDbEntity
  8
ROADS
100
AcDbPolyline
 90
2
 70
0
 10
635693.5718214354
 20
4836283.17464439
 10
635666.8461698113
 20
4836366.101674837
  0
LWPOLYLINE
  5
36D
330
17
100
AcDbEntity
  8
ROADS
100
AcDbPolyline
 90
2
 70
0
 10
635621.4709192646
 20
4836204.502222855
 10
635544.4741010404
 20
4836445.2170377355
  0
LWPOLYLINE
  5
36E
330
17
100
AcDbEntity
  8
ROADS
100
AcDbPolyline
 90
2
 70
0
 10
635254.400993683
 20
4836350.365255326
 10
635340.8487798529
 20
4836376.894526554
  0
LWPOLYLINE
  5
36F
330
17
100
AcDbEntity
  8
ROADS
100
AcDbPolyline
 90
2
 70
0
 10
635340.8487798529
 20
4836376.894526554
 10
635356.442600945
 20
4836382.011906902
  0
LWPOLYLINE
  5
370
330
17
100
AcDbEntity
  8
ROADS
100
AcDbPolyline
 90
2
 70
0
 10
634688.5613258826
 20
4836274.785940535
 10
634666.3211910063
 20
4836331.161086201
  0
LWPOLYLINE
  5
371
330
17
100
AcDbEntity
  8
ROADS
100
AcDbPolyline
 90
2
 70
0
 10
634500.6043911228
 20
4836211.408892695
 10
634436.3564868816
 20
4836400.321080015
  0
LWPOLYLINE
  5
372
330
17
100
AcDbEntity
  8
ROADS
100
AcDbPolyline
 90
2
 70
0
 10
634747.226601458
 20
4836295.121819755
 10
634738.4171241522
 20
4836319.664615823
  0
LWPOLYLINE
  5
373
330
17
100
AcDbEntity
  8
ROADS
100
AcDbPolyline
 90
2
 70
0
 10
634791.9478865237
 20
4836306.98538197
 10
634829.0058544525
 20
4836312.02781679
  0
LWPOLYLINE
  5
374
330
17
100
AcDbEntity
  8
ROADS
100
AcDbPolyline
 90
2
 70
0
 10
634566.6843115559
 20
4836285.226790873
 10
634546.875540341
 20
4836346.847814339
  0
LWPOLYLINE
  5
375
330
17
100
AcDbEntity
  8
ROADS
100
AcDbPolyline
 90
2
 70
0
 10
634666.3211910063
 20
4836331.161086201
 10
634686.0398390914
 20
4836337.301118028
  0
LWPOLYLINE
  5
376
330
17
100
AcDbEntity
  8
ROADS
100
AcDbPolyline
 90
3
 70
0
 10
634532.8828565294
 20
4836273.756701552
 10
634488.6884367404
 20
4836410.30009163
 10
634521.4644824867
 20
4836422.893747644
  0
LWPOLYLINE
  5
377
330
17
100
AcDbEntity
  8
ROADS
100
AcDbPolyline
 90
2
 70
0
 10
634666.3211910063
 20
4836331.161086201
 10
634650.335310588
 20
4836378.64605507
  0
LWPOLYLINE
  5
378
330
17
100
AcDbEntity
  8
ROADS
100
AcDbPolyline
 90
2
 70
0
 10
634546.875540341
 20
4836346.847814339
 10
634650.335310588
 20
4836378.64605507
  0
LWPOLYLINE
  5
379
330
17
100
AcDbEntity
  8
ROADS
100
AcDbPolyline
 90
2
 70
0
 10
634546.875540341
 20
4836346.847814339
 10
634521.4644824867
 20
4836422.893747644
  0
LWPOLYLINE
  5
37A
330
17
100
AcDbEntity
  8
ROADS
100
AcDbPolyline
 90
2
 70
0
 10
634650.335310588
 20
4836378.64605507
 10
634626.6016272258
 20
4836455.784429129
  0
LWPOLYLINE
  5
37B
330
17
100
AcDbEntity
  8
ROADS
100
AcDbPolyline
 90
2
 70
0
 10
634521.4644824867
 20
4836422.893747644
 10
634554.1704719445
 20
4836433.9970144825
  0
LWPOLYLINE
  5
37C
330
17
100
AcDbEntity
  8
ROADS
100
AcDbPolyline
 90
2
 70
0
 10
634554.1704719445
 20
4836433.9970144825
 10
634626.6016272258
 20
4836455.784429129
  0
LWPOLYLINE
  5
37D
330
17
100
AcDbEntity
  8
ROADS
100
AcDbPolyline
 90
2
 70
0
 10
634554.1704719445
 20
4836433.9970144825
 10
634541.8137240628
 20
4836471.037704051
  0
LWPOLYLINE
  5
37E
330
17
100
AcDbEntity
  8
ROADS
100
AcDbPolyline
 90
2
 70
0
 10
634521.4644824867
 20
4836422.893747644
 10
634497.2501592967
 20
4836498.461267337
  0
LWPOLYLINE
  5
37F
330
17
100
AcDbEntity
  8
ROADS
100
AcDbPolyline
 90
2
 70
0
 10
634626.6016272258
 20
4836455.784429129
 10
634612.6067944809
 20
4836499.1270379685
  0
LWPOLYLINE
  5
380
330
17
100
AcDbEntity
  8
ROADS
100
AcDbPolyline
 90
5
 70
0
 10
634612.6067944809
 20
4836499.1270379685
 10
634632.474513502
 20
4836504.765731906
 10
634647.591218031
 20
4836484.554350594
 10
634653.5967752663
 20
4836465.138300538
 10
634626.6016272258
 20
4836455.784429129
  0
LWPOLYLINE
  5
381
330
17
100
AcDbEntity
  8
ROADS
100
AcDbPolyline
 90
2
 70
0
 10
634541.8137240628
 20
4836471.037704051
 10
634529.1556815001
 20
4836508.978018728
  0
LWPOLYLINE
  5
382
330
17
100
AcDbEntity
  8
ROADS
100
AcDbPolyline
 90
3
 70
0
 10
634541.8137240628
 20
4836471.037704051
 10
634577.8221172439
 20
4836485.175940127
 10
634566.9804603349
 20
4836521.443959527
  0
LWPOLYLINE
  5
383
330
17
100
AcDbEntity
  8
ROADS
100
AcDbPolyline
 90
2
 70
0
 10
634497.2501592967
 20
4836498.461267337
 10
634529.1556815001
 20
4836508.978018728
  0
LWPOLYLINE
  5
384
330
17
100
AcDbEntity
  8
ROADS
100
AcDbPolyline
 90
2
 70
0
 10
634998.1084942145
 20
4836322.521087278
 10
635081.6956467512
 20
4836327.884803789
  0
LWPOLYLINE
  5
385
330
17
100
AcDbEntity
  8
ROADS
100
AcDbPolyline
 90
2
 70
0
 10
635081.6956467512
 20
4836327.884803789
 10
635165.2422623883
 20
4836334.661910798
  0
LWPOLYLINE
  5
386
330
17
100
AcDbEntity
  8
ROADS
100
AcDbPolyline
 90
2
 70
0
 10
635165.2422623883
 20
4836334.661910798
 10
635254.400993683
 20
4836350.365255326
  0
LWPOLYLINE
  5
387
330
17
100
AcDbEntity
  8
ROADS
100
AcDbPolyline
 90
2
 70
0
 10
635081.6956467512
 20
4836327.884803789
 10
635066.0330789303
 20
4836368.937128229
  0
LWPOLYLINE
  5
388
330
17
100
AcDbEntity
  8
ROADS
100
AcDbPolyline
 90
2
 70
0
 10
635066.0330789303
 20
4836368.937128229
 10
635035.44058977
 20
4836358.864151875
  0
LWPOLYLINE
  5
389
330
17
100
AcDbEntity
  8
ROADS
100
AcDbPolyline
 90
2
 70
0
 10
634907.9188490696
 20
4836315.384849413
 10
634843.4041797828
 20
4836519.595720655
  0
LWPOLYLINE
  5
38A
330
17
100
AcDbEntity
  8
ROADS
100
AcDbPolyline
 90
2
 70
0
 10
634998.1084942145
 20
4836322.521087278
 10
634913.4528614832
 20
4836543.005232591
  0
LWPOLYLINE
  5
38B
330
17
100
AcDbEntity
  8
ROADS
100
AcDbPolyline
 90
2
 70
0
 10
635066.0330789303
 20
4836368.937128229
 10
634998.9144893823
 20
4836564.55527347
  0
LWPOLYLINE
  5
38C
330
17
100
AcDbEntity
  8
ROADS
100
AcDbPolyline
 90
2
 70
0
 10
635165.2422623883
 20
4836334.661910798
 10
635075.8278610108
 20
4836602.45116157
  0
LWPOLYLINE
  5
38D
330
17
100
AcDbEntity
  8
ROADS
100
AcDbPolyline
 90
2
 70
0
 10
634843.4041797828
 20
4836519.595720655
 10
634913.4528614832
 20
4836543.005232591
  0
LWPOLYLINE
  5
38E
330
17
100
AcDbEntity
  8
ROADS
100
AcDbPolyline
 90
2
 70
0
 10
634529.1556815001
 20
4836508.978018728
 10
634566.9804603349
 20
4836521.443959527
  0
LWPOLYLINE
  5
38F
330
17
100
AcDbEntity
  8
ROADS
100
AcDbPolyline
 90
2
 70
0
 10
634612.6067944809
 20
4836499.1270379685
 10
634601.2766552853
 20
4836531.934938003
  0
LWPOLYLINE
  5
390
330
17
100
AcDbEntity
  8
ROADS
100
AcDbPolyline
 90
2
 70
0
 10
634566.9804603349
 20
4836521.443959527
 10
634601.2766552853
 20
4836531.934938003
  0
LWPOLYLINE
  5
391
330
17
100
AcDbEntity
  8
ROADS
100
AcDbPolyline
 90
2
 70
0
 10
634497.2501592967
 20
4836498.461267337
 10
634469.3264584563
 20
4836576.962953121
  0
LWPOLYLINE
  5
392
330
17
100
AcDbEntity
  8
ROADS
100
AcDbPolyline
 90
2
 70
0
 10
634618.0199828668
 20
4836559.759007028
 10
634628.8578070735
 20
4836524.920034106
  0
LWPOLYLINE
  5
393
330
17
100
AcDbEntity
  8
ROADS
100
AcDbPolyline
 90
2
 70
0
 10
634601.2766552853
 20
4836531.934938003
 10
634594.854659208
 20
4836553.253614128
  0
LWPOLYLINE
  5
394
330
17
100
AcDbEntity
  8
ROADS
100
AcDbPolyline
 90
2
 70
0
 10
634594.854659208
 20
4836553.253614128
 10
634618.0199828668
 20
4836559.759007028
  0
LWPOLYLINE
  5
395
330
17
100
AcDbEntity
  8
ROADS
100
AcDbPolyline
 90
2
 70
0
 10
634591.8330788533
 20
4836563.282323768
 10
634559.9943671915
 20
4836551.891199977
  0
LWPOLYLINE
  5
396
330
17
100
AcDbEntity
  8
ROADS
100
AcDbPolyline
 90
2
 70
0
 10
634594.854659208
 20
4836553.253614128
 10
634591.8330788533
 20
4836563.282323768
  0
LWPOLYLINE
  5
397
330
17
100
AcDbEntity
  8
ROADS
100
AcDbPolyline
 90
2
 70
0
 10
634843.4041797828
 20
4836519.595720655
 10
634817.7644278365
 20
4836599.32588582
  0
LWPOLYLINE
  5
398
330
17
100
AcDbEntity
  8
ROADS
100
AcDbPolyline
 90
2
 70
0
 10
635254.400993683
 20
4836350.365255326
 10
635128.0967942699
 20
4836742.793237166
  0
LWPOLYLINE
  5
399
330
17
100
AcDbEntity
  8
ROADS
100
AcDbPolyline
 90
2
 70
0
 10
634913.4528614832
 20
4836543.005232591
 10
634998.9144893823
 20
4836564.55527347
  0
LWPOLYLINE
  5
39A
330
17
100
AcDbEntity
  8
ROADS
100
AcDbPolyline
 90
2
 70
0
 10
634998.9144893823
 20
4836564.55527347
 10
634987.6725494686
 20
4836596.853760671
  0
LWPOLYLINE
  5
39B
330
17
100
AcDbEntity
  8
ROADS
100
AcDbPolyline
 90
2
 70
0
 10
634998.9144893823
 20
4836564.55527347
 10
635075.8278610108
 20
4836602.45116157
  0
LWPOLYLINE
  5
39C
330
17
100
AcDbEntity
  8
ROADS
100
AcDbPolyline
 90
2
 70
0
 10
634817.7644278365
 20
4836599.32588582
 10
635050.9105625337
 20
4836679.005167858
  0
LWPOLYLINE
  5
39D
330
17
100
AcDbEntity
  8
ROADS
100
AcDbPolyline
 90
2
 70
0
 10
635075.8278610108
 20
4836602.45116157
 10
635050.9105625337
 20
4836679.005167858
  0
LWPOLYLINE
  5
39E
330
17
100
AcDbEntity
  8
ROADS
100
AcDbPolyline
 90
2
 70
0
 10
635050.9105625337
 20
4836679.005167858
 10
635027.6009769934
 20
4836759.895602369
  0
LWPOLYLINE
  5
39F
330
17
100
AcDbEntity
  8
ROADS
100
AcDbPolyline
 90
2
 70
0
 10
634878.0818695604
 20
4836710.307890733
 10
634956.6966673427
 20
4836736.571573855
  0
LWPOLYLINE
  5
3A0
330
17
100
AcDbEntity
  8
ROADS
100
AcDbPolyline
 90
2
 70
0
 10
634878.0818695604
 20
4836710.307890733
 10
634863.4439039568
 20
4836755.754071744
  0
LWPOLYLINE
  5
3A1
330
17
100
AcDbEntity
  8
ROADS
100
AcDbPolyline
 90
2
 70
0
 10
634956.6966673427
 20
4836736.571573855
 10
635027.6009769934
 20
4836759.895602369
  0
LWPOLYLINE
  5
3A2
330
17
100
AcDbEntity
  8
ROADS
100
AcDbPolyline
 90
2
 70
0
 10
635356.442600945
 20
4836382.011906902
 10
635427.734304654
 20
4836405.487903954
  0
LWPOLYLINE
  5
3A3
330
17
100
AcDbEntity
  8
ROADS
100
AcDbPolyline
 90
2
 70
0
 10
635666.8461698113
 20
4836366.101674837
 10
635639.0949314168
 20
4836452.871483987
  0
LWPOLYLINE
  5
3A4
330
17
100
AcDbEntity
  8
ROADS
100
AcDbPolyline
 90
2
 70
0
 10
635427.734304654
 20
4836405.487903954
 10
635476.5725637618
 20
4836421.47029625
  0
LWPOLYLINE
  5
3A5
330
17
100
AcDbEntity
  8
ROADS
100
AcDbPolyline
 90
2
 70
0
 10
635476.5725637618
 20
4836421.47029625
 10
635544.4741010404
 20
4836445.2170377355
  0
LWPOLYLINE
  5
3A6
330
17
100
AcDbEntity
  8
ROADS
100
AcDbPolyline
 90
2
 70
0
 10
635544.4741010404
 20
4836445.2170377355
 10
635639.0949314168
 20
4836452.871483987
  0
LWPOLYLINE
  5
3A7
330
17
100
AcDbEntity
  8
ROADS
100
AcDbPolyline
 90
2
 70
0
 10
635639.0949314168
 20
4836452.871483987
 10
635597.2363259356
 20
4836581.902883571
  0
LWPOLYLINE
  5
3A8
330
17
100
AcDbEntity
  8
ROADS
100
AcDbPolyline
 90
2
 70
0
 10
635340.8487798529
 20
4836376.894526554
 10
635214.6628920911
 20
4836771.569932487
  0
LWPOLYLINE
  5
3A9
330
17
100
AcDbEntity
  8
ROADS
100
AcDbPolyline
 90
2
 70
0
 10
635597.2363259356
 20
4836581.902883571
 10
635674.4653505611
 20
4836611.209031512
  0
LWPOLYLINE
  5
3AA
330
17
100
AcDbEntity
  8
ROADS
100
AcDbPolyline
 90
2
 70
0
 10
635427.734304654
 20
4836405.487903954
 10
635300.423050098
 20
4836800.064045434
  0
LWPOLYLINE
  5
3AB
330
17
100
AcDbEntity
  8
ROADS
100
AcDbPolyline
 90
2
 70
0
 10
635476.5725637618
 20
4836421.47029625
 10
635354.6646680553
 20
4836800.018446759
  0
LWPOLYLINE
  5
3AC
330
17
100
AcDbEntity
  8
ROADS
100
AcDbPolyline
 90
3
 70
0
 10
634618.0199828668
 20
4836559.759007028
 10
634684.4428419569
 20
4836580.926765711
 10
634699.5393712892
 20
4836555.913615082
  0
LWPOLYLINE
  5
3AD
330
17
100
AcDbEntity
  8
ROADS
100
AcDbPolyline
 90
2
 70
0
 10
634469.3264584563
 20
4836576.962953121
 10
634492.9621955659
 20
4836583.3918444235
  0
LWPOLYLINE
  5
3AE
330
17
100
AcDbEntity
  8
ROADS
100
AcDbPolyline
 90
2
 70
0
 10
634591.8330788533
 20
4836563.282323768
 10
634575.0040324577
 20
4836610.8815359045
  0
LWPOLYLINE
  5
3AF
330
17
100
AcDbEntity
  8
ROADS
100
AcDbPolyline
 90
2
 70
0
 10
634492.9621955659
 20
4836583.3918444235
 10
634575.0040324577
 20
4836610.8815359045
  0
LWPOLYLINE
  5
3B0
330
17
100
AcDbEntity
  8
ROADS
100
AcDbPolyline
 90
2
 70
0
 10
634591.8330788533
 20
4836563.282323768
 10
634804.7686889089
 20
4836638.463222599
  0
LWPOLYLINE
  5
3B1
330
17
100
AcDbEntity
  8
ROADS
100
AcDbPolyline
 90
2
 70
0
 10
634492.9621955659
 20
4836583.3918444235
 10
634479.145666858
 20
4836627.049681163
  0
LWPOLYLINE
  5
3B2
330
17
100
AcDbEntity
  8
ROADS
100
AcDbPolyline
 90
2
 70
0
 10
634786.5922725485
 20
4836586.136151109
 10
634804.7686889089
 20
4836638.463222599
  0
LWPOLYLINE
  5
3B3
330
17
100
AcDbEntity
  8
ROADS
100
AcDbPolyline
 90
2
 70
0
 10
634575.0040324577
 20
4836610.8815359045
 10
634584.8133601047
 20
4836614.559206211
  0
LWPOLYLINE
  5
3B4
330
17
100
AcDbEntity
  8
ROADS
100
AcDbPolyline
 90
2
 70
0
 10
634817.7644278365
 20
4836599.32588582
 10
634804.7686889089
 20
4836638.463222599
  0
LWPOLYLINE
  5
3B5
330
17
100
AcDbEntity
  8
ROADS
100
AcDbPolyline
 90
2
 70
0
 10
634479.145666858
 20
4836627.049681163
 10
634442.6568978754
 20
4836616.194022305
  0
LWPOLYLINE
  5
3B6
330
17
100
AcDbEntity
  8
ROADS
100
AcDbPolyline
 90
2
 70
0
 10
634479.145666858
 20
4836627.049681163
 10
634525.2065834843
 20
4836643.472382621
  0
LWPOLYLINE
  5
3B7
330
17
100
AcDbEntity
  8
ROADS
100
AcDbPolyline
 90
2
 70
0
 10
634584.8133601047
 20
4836614.559206211
 10
634569.5110577167
 20
4836660.57538723
  0
LWPOLYLINE
  5
3B8
330
17
100
AcDbEntity
  8
ROADS
100
AcDbPolyline
 90
2
 70
0
 10
634584.8133601047
 20
4836614.559206211
 10
634789.3305162531
 20
4836680.820666807
  0
LWPOLYLINE
  5
3B9
330
17
100
AcDbEntity
  8
ROADS
100
AcDbPolyline
 90
2
 70
0
 10
634525.2065834843
 20
4836643.472382621
 10
634569.5110577167
 20
4836660.57538723
  0
LWPOLYLINE
  5
3BA
330
17
100
AcDbEntity
  8
ROADS
100
AcDbPolyline
 90
2
 70
0
 10
634804.7686889089
 20
4836638.463222599
 10
634789.3305162531
 20
4836680.820666807
  0
LWPOLYLINE
  5
3BB
330
17
100
AcDbEntity
  8
ROADS
100
AcDbPolyline
 90
2
 70
0
 10
634479.145666858
 20
4836627.049681163
 10
634457.9207086052
 20
4836695.104388043
  0
LWPOLYLINE
  5
3BC
330
17
100
AcDbEntity
  8
ROADS
100
AcDbPolyline
 90
2
 70
0
 10
634569.5110577167
 20
4836660.57538723
 10
634549.8720613847
 20
4836719.938270596
  0
LWPOLYLINE
  5
3BD
330
17
100
AcDbEntity
  8
ROADS
100
AcDbPolyline
 90
2
 70
0
 10
634775.9473132117
 20
4836725.843822214
 10
634569.5110577167
 20
4836660.57538723
  0
LWPOLYLINE
  5
3BE
330
17
100
AcDbEntity
  8
ROADS
100
AcDbPolyline
 90
2
 70
0
 10
634789.3305162531
 20
4836680.820666807
 10
634878.0818695604
 20
4836710.307890733
  0
LWPOLYLINE
  5
3BF
330
17
100
AcDbEntity
  8
ROADS
100
AcDbPolyline
 90
2
 70
0
 10
634525.2065834843
 20
4836643.472382621
 10
634502.118721081
 20
4836717.589151761
  0
LWPOLYLINE
  5
3C0
330
17
100
AcDbEntity
  8
ROADS
100
AcDbPolyline
 90
2
 70
0
 10
634373.706547952
 20
4836460.370353313
 10
634360.7149323248
 20
4836498.230611428
  0
LWPOLYLINE
  5
3C1
330
17
100
AcDbEntity
  8
ROADS
100
AcDbPolyline
 90
2
 70
0
 10
634049.8016774087
 20
4836485.206042455
 10
634088.999631903
 20
4836497.886809207
  0
LWPOLYLINE
  5
3C2
330
17
100
AcDbEntity
  8
ROADS
100
AcDbPolyline
 90
2
 70
0
 10
634412.320533212
 20
4836472.993565507
 10
634399.096321513
 20
4836511.99171694
  0
LWPOLYLINE
  5
3C3
330
17
100
AcDbEntity
  8
ROADS
100
AcDbPolyline
 90
2
 70
0
 10
634182.1406420637
 20
4836480.834443318
 10
634167.9454024105
 20
4836523.093280433
  0
LWPOLYLINE
  5
3C4
330
17
100
AcDbEntity
  8
ROADS
100
AcDbPolyline
 90
2
 70
0
 10
634088.999631903
 20
4836497.886809207
 10
634128.209498799
 20
4836510.40678095
  0
LWPOLYLINE
  5
3C5
330
17
100
AcDbEntity
  8
ROADS
100
AcDbPolyline
 90
2
 70
0
 10
634360.7149323248
 20
4836498.230611428
 10
634399.096321513
 20
4836511.99171694
  0
LWPOLYLINE
  5
3C6
330
17
100
AcDbEntity
  8
ROADS
100
AcDbPolyline
 90
2
 70
0
 10
634182.1406420637
 20
4836480.834443318
 10
634386.5613434736
 20
4836549.597211137
  0
LWPOLYLINE
  5
3C7
330
17
100
AcDbEntity
  8
ROADS
100
AcDbPolyline
 90
2
 70
0
 10
634128.209498799
 20
4836510.40678095
 10
634167.9454024105
 20
4836523.093280433
  0
LWPOLYLINE
  5
3C8
330
17
100
AcDbEntity
  8
ROADS
100
AcDbPolyline
 90
2
 70
0
 10
634399.096321513
 20
4836511.99171694
 10
634386.5613434736
 20
4836549.597211137
  0
LWPOLYLINE
  5
3C9
330
17
100
AcDbEntity
  8
ROADS
100
AcDbPolyline
 90
2
 70
0
 10
634167.9454024105
 20
4836523.093280433
 10
634150.6434458109
 20
4836574.447693882
  0
LWPOLYLINE
  5
3CA
330
17
100
AcDbEntity
  8
ROADS
100
AcDbPolyline
 90
2
 70
0
 10
634039.422893762
 20
4836386.974302401
 10
634025.2324766694
 20
4836428.746172377
  0
LWPOLYLINE
  5
3CB
330
17
100
AcDbEntity
  8
ROADS
100
AcDbPolyline
 90
2
 70
0
 10
633929.8292485046
 20
4836397.186656553
 10
634025.2324766694
 20
4836428.746172377
  0
LWPOLYLINE
  5
3CC
330
17
100
AcDbEntity
  8
ROADS
100
AcDbPolyline
 90
2
 70
0
 10
634025.2324766694
 20
4836428.746172377
 10
634009.7396939994
 20
4836472.246633584
  0
LWPOLYLINE
  5
3CD
330
17
100
AcDbEntity
  8
ROADS
100
AcDbPolyline
 90
2
 70
0
 10
634009.7396939994
 20
4836472.246633584
 10
634049.8016774087
 20
4836485.206042455
  0
LWPOLYLINE
  5
3CE
330
17
100
AcDbEntity
  8
ROADS
100
AcDbPolyline
 90
3
 70
0
 10
634009.7396939994
 20
4836472.246633584
 10
633984.7950910198
 20
4836551.699149412
 10
634022.7097130254
 20
4836566.548896389
  0
LWPOLYLINE
  5
3CF
330
17
100
AcDbEntity
  8
ROADS
100
AcDbPolyline
 90
2
 70
0
 10
634049.8016774087
 20
4836485.206042455
 10
634022.7097130254
 20
4836566.548896389
  0
LWPOLYLINE
  5
3D0
330
17
100
AcDbEntity
  8
ROADS
100
AcDbPolyline
 90
2
 70
0
 10
633728.8553853665
 20
4836425.432872186
 10
633645.0977843959
 20
4836304.557106802
  0
LWPOLYLINE
  5
3D1
330
17
100
AcDbEntity
  8
ROADS
100
AcDbPolyline
 90
2
 70
0
 10
634386.5613434736
 20
4836549.597211137
 10
634469.3264584563
 20
4836576.962953121
  0
LWPOLYLINE
  5
3D2
330
17
100
AcDbEntity
  8
ROADS
100
AcDbPolyline
 90
2
 70
0
 10
634386.5613434736
 20
4836549.597211137
 10
634369.4541742865
 20
4836599.083023147
  0
LWPOLYLINE
  5
3D3
330
17
100
AcDbEntity
  8
ROADS
100
AcDbPolyline
 90
2
 70
0
 10
634150.6434458109
 20
4836574.447693882
 10
634202.7818221735
 20
4836591.478808896
  0
LWPOLYLINE
  5
3D4
330
17
100
AcDbEntity
  8
ROADS
100
AcDbPolyline
 90
2
 70
0
 10
634088.999631903
 20
4836497.886809207
 10
634050.4737041631
 20
4836615.290501755
  0
LWPOLYLINE
  5
3D5
330
17
100
AcDbEntity
  8
ROADS
100
AcDbPolyline
 90
2
 70
0
 10
634128.209498799
 20
4836510.40678095
 10
634089.151959263
 20
4836628.713176846
  0
LWPOLYLINE
  5
3D6
330
17
100
AcDbEntity
  8
ROADS
100
AcDbPolyline
 90
3
 70
0
 10
634369.4541742865
 20
4836599.083023147
 10
634415.4969633151
 20
4836614.4057960855
 10
634407.8350912298
 20
4836637.039150356
  0
LWPOLYLINE
  5
3D7
330
17
100
AcDbEntity
  8
ROADS
100
AcDbPolyline
 90
2
 70
0
 10
634369.4541742865
 20
4836599.083023147
 10
634350.6514293823
 20
4836653.293565786
  0
LWPOLYLINE
  5
3D8
330
17
100
AcDbEntity
  8
ROADS
100
AcDbPolyline
 90
2
 70
0
 10
634150.6434458109
 20
4836574.447693882
 10
634128.7742164421
 20
4836641.32877235
  0
LWPOLYLINE
  5
3D9
330
17
100
AcDbEntity
  8
ROADS
100
AcDbPolyline
 90
2
 70
0
 10
634202.7818221735
 20
4836591.478808896
 10
634180.9925786955
 20
4836655.548575589
  0
LWPOLYLINE
  5
3DA
330
17
100
AcDbEntity
  8
ROADS
100
AcDbPolyline
 90
3
 70
0
 10
634202.7818221735
 20
4836591.478808896
 10
634253.118681035
 20
4836607.922307241
 10
634232.9056533503
 20
4836666.19418914
  0
LWPOLYLINE
  5
3DB
330
17
100
AcDbEntity
  8
ROADS
100
AcDbPolyline
 90
2
 70
0
 10
634022.7097130254
 20
4836566.548896389
 10
634011.4301285321
 20
4836600.41436209
  0
LWPOLYLINE
  5
3DC
330
17
100
AcDbEntity
  8
ROADS
100
AcDbPolyline
 90
3
 70
0
 10
634350.6514293823
 20
4836653.293565786
 10
634301.9017064561
 20
4836636.959762204
 10
634288.7895790235
 20
4836674.412749168
  0
LWPOLYLINE
  5
3DD
330
17
100
AcDbEntity
  8
ROADS
100
AcDbPolyline
 90
2
 70
0
 10
634420.5103878529
 20
4836677.1518088635
 10
634429.7162614117
 20
4836647.030617872
  0
LWPOLYLINE
  5
3DE
330
17
100
AcDbEntity
  8
ROADS
100
AcDbPolyline
 90
2
 70
0
 10
634350.6514293823
 20
4836653.293565786
 10
634342.3205850204
 20
4836678.164445627
  0
LWPOLYLINE
  5
3DF
330
17
100
AcDbEntity
  8
ROADS
100
AcDbPolyline
 90
2
 70
0
 10
633251.3201938509
 20
4836226.0653104205
 10
633207.763998423
 20
4836211.447654867
  0
LWPOLYLINE
  5
3E0
330
17
100
AcDbEntity
  8
ROADS
100
AcDbPolyline
 90
2
 70
0
 10
635682.3145365431
 20
4835654.8363353815
 10
635866.7381171992
 20
4835723.568375761
  0
LWPOLYLINE
  5
3E1
330
17
100
AcDbEntity
  8
ROADS
100
AcDbPolyline
 90
2
 70
0
 10
635866.7381171992
 20
4835723.568375761
 10
635903.1912579038
 20
4835700.979850259
  0
LWPOLYLINE
  5
3E2
330
17
100
AcDbEntity
  8
ROADS
100
AcDbPolyline
 90
2
 70
0
 10
635867.9360444448
 20
4835742.8002192
 10
635905.2059306891
 20
4835707.462450067
  0
LWPOLYLINE
  5
3E3
330
17
100
AcDbEntity
  8
ROADS
100
AcDbPolyline
 90
2
 70
0
 10
635679.7254139015
 20
4835679.722698239
 10
635867.9360444448
 20
4835742.8002192
  0
LWPOLYLINE
  5
3E4
330
17
100
AcDbEntity
  8
ROADS
100
AcDbPolyline
 90
4
 70
0
 10
635677.9106474577
 20
4835704.427043811
 10
635739.2805207109
 20
4835712.087167304
 10
635849.193222792
 20
4835760.704451021
 10
635864.6571273354
 20
4835753.787405769
  0
LWPOLYLINE
  5
3E5
330
17
100
AcDbEntity
  8
ROADS
100
AcDbPolyline
 90
2
 70
0
 10
635866.7381171992
 20
4835723.568375761
 10
635867.9360444448
 20
4835742.8002192
  0
LWPOLYLINE
  5
3E6
330
17
100
AcDbEntity
  8
ROADS
100
AcDbPolyline
 90
2
 70
0
 10
635867.9360444448
 20
4835742.8002192
 10
635864.6571273354
 20
4835753.787405769
  0
LWPOLYLINE
  5
3E7
330
17
100
AcDbEntity
  8
ROADS
100
AcDbPolyline
 90
2
 70
0
 10
635864.6571273354
 20
4835753.787405769
 10
635882.3042424722
 20
4835759.97897901
  0
LWPOLYLINE
  5
3E8
330
17
100
AcDbEntity
  8
ROADS
100
AcDbPolyline
 90
2
 70
0
 10
635882.3042424722
 20
4835759.97897901
 10
635892.1595151215
 20
4835767.7558285305
  0
LWPOLYLINE
  5
3E9
330
17
100
AcDbEntity
  8
ROADS
100
AcDbPolyline
 90
2
 70
0
 10
635733.6688988683
 20
4835778.306501815
 10
635719.139379251
 20
4835766.261780357
  0
LWPOLYLINE
  5
3EA
330
17
100
AcDbEntity
  8
ROADS
100
AcDbPolyline
 90
2
 70
0
 10
635733.6688988683
 20
4835778.306501815
 10
635739.4240307488
 20
4835766.821542166
  0
LWPOLYLINE
  5
3EB
330
17
100
AcDbEntity
  8
ROADS
100
AcDbPolyline
 90
2
 70
0
 10
635864.6571273354
 20
4835753.787405769
 10
635855.6828004441
 20
4835793.782172186
  0
LWPOLYLINE
  5
3EC
330
17
100
AcDbEntity
  8
ROADS
100
AcDbPolyline
 90
2
 70
0
 10
635822.0798364568
 20
4835788.417713777
 10
635812.696578425
 20
4835765.099037672
  0
LWPOLYLINE
  5
3ED
330
17
100
AcDbEntity
  8
ROADS
100
AcDbPolyline
 90
2
 70
0
 10
635892.1595151215
 20
4835767.7558285305
 10
635902.8635794513
 20
4835789.598258625
  0
LWPOLYLINE
  5
3EE
330
17
100
AcDbEntity
  8
ROADS
100
AcDbPolyline
 90
3
 70
0
 10
635882.3042424722
 20
4835759.97897901
 10
635882.2870562423
 20
4835793.45460634
 10
635910.1449651623
 20
4835806.151348663
  0
LWPOLYLINE
  5
3EF
330
17
100
AcDbEntity
  8
ROADS
100
AcDbPolyline
 90
2
 70
0
 10
635769.2333480881
 20
4835790.401506883
 10
635775.1743007717
 20
4835777.765804925
  0
LWPOLYLINE
  5
3F0
330
17
100
AcDbEntity
  8
ROADS
100
AcDbPolyline
 90
2
 70
0
 10
635769.2333480881
 20
4835790.401506883
 10
635733.6688988683
 20
4835778.306501815
  0
LWPOLYLINE
  5
3F1
330
17
100
AcDbEntity
  8
ROADS
100
AcDbPolyline
 90
2
 70
0
 10
635892.1595151215
 20
4835767.7558285305
 10
635922.8511310286
 20
4835781.303580201
  0
LWPOLYLINE
  5
3F2
330
17
100
AcDbEntity
  8
ROADS
100
AcDbPolyline
 90
2
 70
0
 10
635855.6828004441
 20
4835793.782172186
 10
635822.0798364568
 20
4835788.417713777
  0
LWPOLYLINE
  5
3F3
330
17
100
AcDbEntity
  8
ROADS
100
AcDbPolyline
 90
3
 70
0
 10
635822.0798364568
 20
4835788.417713777
 10
635809.7374207312
 20
4835798.946004317
 10
635769.2333480881
 20
4835790.401506883
  0
LWPOLYLINE
  5
3F4
330
17
100
AcDbEntity
  8
ROADS
100
AcDbPolyline
 90
2
 70
0
 10
635867.9360444448
 20
4835742.8002192
 10
635918.2494197423
 20
4835759.137950958
  0
LWPOLYLINE
  5
3F5
330
17
100
AcDbEntity
  8
ROADS
100
AcDbPolyline
 90
2
 70
0
 10
635902.8635794513
 20
4835789.598258625
 10
635910.1449651623
 20
4835806.151348663
  0
LWPOLYLINE
  5
3F6
330
17
100
AcDbEntity
  8
ROADS
100
AcDbPolyline
 90
2
 70
0
 10
635902.8635794513
 20
4835789.598258625
 10
635926.3092169684
 20
4835813.379208672
  0
LWPOLYLINE
  5
3F7
330
17
100
AcDbEntity
  8
ROADS
100
AcDbPolyline
 90
2
 70
0
 10
635910.1449651623
 20
4835806.151348663
 10
635926.3092169684
 20
4835813.379208672
  0
LWPOLYLINE
  5
3F8
330
17
100
AcDbEntity
  8
ROADS
100
AcDbPolyline
 90
2
 70
0
 10
635910.1449651623
 20
4835806.151348663
 10
635916.1879035437
 20
4835825.212270514
  0
LWPOLYLINE
  5
3F9
330
17
100
AcDbEntity
  8
ROADS
100
AcDbPolyline
 90
2
 70
0
 10
635926.3092169684
 20
4835813.379208672
 10
635929.9970351264
 20
4835825.011254335
  0
LWPOLYLINE
  5
3FA
330
17
100
AcDbEntity
  8
ROADS
100
AcDbPolyline
 90
2
 70
0
 10
635916.1879035437
 20
4835825.212270514
 10
635931.7116718501
 20
4835840.814348941
  0
LWPOLYLINE
  5
3FB
330
17
100
AcDbEntity
  8
ROADS
100
AcDbPolyline
 90
2
 70
0
 10
635855.6828004441
 20
4835793.782172186
 10
635826.80706297
 20
4835878.2030400345
  0
LWPOLYLINE
  5
3FC
330
17
100
AcDbEntity
  8
ROADS
100
AcDbPolyline
 90
2
 70
0
 10
635916.1879035437
 20
4835825.212270514
 10
635907.7796135648
 20
4835850.189455269
  0
LWPOLYLINE
  5
3FD
330
17
100
AcDbEntity
  8
ROADS
100
AcDbPolyline
 90
2
 70
0
 10
635907.7796135648
 20
4835850.189455269
 10
635932.3112404919
 20
4835846.340324116
  0
LWPOLYLINE
  5
3FE
330
17
100
AcDbEntity
  8
ROADS
100
AcDbPolyline
 90
2
 70
0
 10
635907.7796135648
 20
4835850.189455269
 10
635879.2475438933
 20
4835876.162915232
  0
LWPOLYLINE
  5
3FF
330
17
100
AcDbEntity
  8
ROADS
100
AcDbPolyline
 90
2
 70
0
 10
635879.2475438933
 20
4835876.162915232
 10
635860.8653231937
 20
4835878.353781373
  0
LWPOLYLINE
  5
400
330
17
100
AcDbEntity
  8
ROADS
100
AcDbPolyline
 90
2
 70
0
 10
635826.80706297
 20
4835878.2030400345
 10
635860.8653231937
 20
4835878.353781373
  0
LWPOLYLINE
  5
401
330
17
100
AcDbEntity
  8
ROADS
100
AcDbPolyline
 90
2
 70
0
 10
635879.2475438933
 20
4835876.162915232
 10
635868.1330262291
 20
4835893.395491388
  0
LWPOLYLINE
  5
402
330
17
100
AcDbEntity
  8
ROADS
100
AcDbPolyline
 90
2
 70
0
 10
635860.8653231937
 20
4835878.353781373
 10
635868.1330262291
 20
4835893.395491388
  0
LWPOLYLINE
  5
403
330
17
100
AcDbEntity
  8
ROADS
100
AcDbPolyline
 90
2
 70
0
 10
635826.80706297
 20
4835878.2030400345
 10
635815.0874071069
 20
4835913.583262505
  0
LWPOLYLINE
  5
404
330
17
100
AcDbEntity
  8
ROADS
100
AcDbPolyline
 90
2
 70
0
 10
635868.1330262291
 20
4835893.395491388
 10
635862.6636737823
 20
4835910.259091686
  0
LWPOLYLINE
  5
405
330
17
100
AcDbEntity
  8
ROADS
100
AcDbPolyline
 90
2
 70
0
 10
635862.6636737823
 20
4835910.259091686
 10
635847.0776987881
 20
4835922.406381404
  0
LWPOLYLINE
  5
406
330
17
100
AcDbEntity
  8
ROADS
100
AcDbPolyline
 90
2
 70
0
 10
635815.0874071069
 20
4835913.583262505
 10
635847.0776987881
 20
4835922.406381404
  0
LWPOLYLINE
  5
407
330
17
100
AcDbEntity
  8
ROADS
100
AcDbPolyline
 90
2
 70
0
 10
635862.6636737823
 20
4835910.259091686
 10
635860.5656151186
 20
4835935.530377877
  0
LWPOLYLINE
  5
408
330
17
100
AcDbEntity
  8
ROADS
100
AcDbPolyline
 90
2
 70
0
 10
635847.0776987881
 20
4835922.406381404
 10
635860.5656151186
 20
4835935.530377877
  0
LWPOLYLINE
  5
409
330
17
100
AcDbEntity
  8
ROADS
100
AcDbPolyline
 90
2
 70
0
 10
635815.0874071069
 20
4835913.583262505
 10
635802.6483469271
 20
4835951.637210595
  0
LWPOLYLINE
  5
40A
330
17
100
AcDbEntity
  8
ROADS
100
AcDbPolyline
 90
2
 70
0
 10
635409.4337799845
 20
4835880.469676592
 10
635456.4530329756
 20
4835896.666124535
  0
LWPOLYLINE
  5
40B
330
17
100
AcDbEntity
  8
ROADS
100
AcDbPolyline
 90
2
 70
0
 10
635319.682452056
 20
4835847.369239306
 10
635270.8243494233
 20
4835994.220575274
  0
LWPOLYLINE
  5
40C
330
17
100
AcDbEntity
  8
ROADS
100
AcDbPolyline
 90
2
 70
0
 10
635456.4530329756
 20
4835896.666124535
 10
635525.036613441
 20
4835955.318115231
  0
LWPOLYLINE
  5
40D
330
17
100
AcDbEntity
  8
ROADS
100
AcDbPolyline
 90
2
 70
0
 10
635409.4337799845
 20
4835880.469676592
 10
635346.2366941447
 20
4836065.858132194
  0
LWPOLYLINE
  5
40E
330
17
100
AcDbEntity
  8
ROADS
100
AcDbPolyline
 90
2
 70
0
 10
635525.036613441
 20
4835955.318115231
 10
635499.0979567869
 20
4836013.972253942
  0
LWPOLYLINE
  5
40F
330
17
100
AcDbEntity
  8
ROADS
100
AcDbPolyline
 90
2
 70
0
 10
635456.4530329756
 20
4835896.666124535
 10
635396.6059557414
 20
4836082.7052253205
  0
LWPOLYLINE
  5
410
330
17
100
AcDbEntity
  8
ROADS
100
AcDbPolyline
 90
2
 70
0
 10
635270.8243494233
 20
4835994.220575274
 10
635246.2398679887
 20
4835986.718467029
  0
LWPOLYLINE
  5
411
330
17
100
AcDbEntity
  8
ROADS
100
AcDbPolyline
 90
2
 70
0
 10
635270.8243494233
 20
4835994.220575274
 10
635258.0735331636
 20
4836036.79571075
  0
LWPOLYLINE
  5
412
330
17
100
AcDbEntity
  8
ROADS
100
AcDbPolyline
 90
3
 70
0
 10
635525.036613441
 20
4835955.318115231
 10
635604.8463955163
 20
4836046.370906614
 10
635753.0022770825
 20
4836098.532002158
  0
LWPOLYLINE
  5
413
330
17
100
AcDbEntity
  8
ROADS
100
AcDbPolyline
 90
5
 70
0
 10
635499.0979567869
 20
4836013.972253942
 10
635460.1260989482
 20
4836001.000555766
 10
635447.0925862223
 20
4836039.685267708
 10
635410.9650518262
 20
4836057.35263784
 10
635396.6059557414
 20
4836082.7052253205
  0
LWPOLYLINE
  5
414
330
17
100
AcDbEntity
  8
ROADS
100
AcDbPolyline
 90
2
 70
0
 10
635847.0776987881
 20
4835922.406381404
 10
635802.6483469271
 20
4835951.637210595
  0
LWPOLYLINE
  5
415
330
17
100
AcDbEntity
  8
ROADS
100
AcDbPolyline
 90
2
 70
0
 10
635860.5656151186
 20
4835935.530377877
 10
635895.5159809638
 20
4835993.288311981
  0
LWPOLYLINE
  5
416
330
17
100
AcDbEntity
  8
ROADS
100
AcDbPolyline
 90
2
 70
0
 10
635895.5159809638
 20
4835993.288311981
 10
635872.3691301534
 20
4836019.524141884
  0
LWPOLYLINE
  5
417
330
17
100
AcDbEntity
  8
ROADS
100
AcDbPolyline
 90
2
 70
0
 10
635895.5159809638
 20
4835993.288311981
 10
635812.0468567369
 20
4836027.654281838
  0
LWPOLYLINE
  5
418
330
17
100
AcDbEntity
  8
ROADS
100
AcDbPolyline
 90
2
 70
0
 10
635895.5159809638
 20
4835993.288311981
 10
635934.1864634666
 20
4836003.91178513
  0
LWPOLYLINE
  5
419
330
17
100
AcDbEntity
  8
ROADS
100
AcDbPolyline
 90
2
 70
0
 10
635872.3691301534
 20
4836019.524141884
 10
635859.0569367202
 20
4836027.601177942
  0
LWPOLYLINE
  5
41A
330
17
100
AcDbEntity
  8
ROADS
100
AcDbPolyline
 90
2
 70
0
 10
635802.6483469271
 20
4835951.637210595
 10
635753.0022770825
 20
4836098.532002158
  0
LWPOLYLINE
  5
41B
330
17
100
AcDbEntity
  8
ROADS
100
AcDbPolyline
 90
2
 70
0
 10
635872.3691301534
 20
4836019.524141884
 10
635869.9462820356
 20
4836035.212715522
  0
LWPOLYLINE
  5
41C
330
17
100
AcDbEntity
  8
ROADS
100
AcDbPolyline
 90
2
 70
0
 10
635869.9462820356
 20
4836035.212715522
 10
635859.0569367202
 20
4836027.601177942
  0
LWPOLYLINE
  5
41D
330
17
100
AcDbEntity
  8
ROADS
100
AcDbPolyline
 90
3
 70
0
 10
635859.0569367202
 20
4836027.601177942
 10
635820.6785817511
 20
4836041.926586002
 10
635809.2725446799
 20
4836068.146670303
  0
LWPOLYLINE
  5
41E
330
17
100
AcDbEntity
  8
ROADS
100
AcDbPolyline
 90
2
 70
0
 10
635812.0468567369
 20
4836027.654281838
 10
635809.2725446799
 20
4836068.146670303
  0
LWPOLYLINE
  5
41F
330
17
100
AcDbEntity
  8
ROADS
100
AcDbPolyline
 90
2
 70
0
 10
635812.0468567369
 20
4836027.654281838
 10
635787.0169420956
 20
4836079.245277019
  0
LWPOLYLINE
  5
420
330
17
100
AcDbEntity
  8
ROADS
100
AcDbPolyline
 90
2
 70
0
 10
635869.9462820356
 20
4836035.212715522
 10
635852.864990909
 20
4836091.121803269
  0
LWPOLYLINE
  5
421
330
17
100
AcDbEntity
  8
ROADS
100
AcDbPolyline
 90
2
 70
0
 10
635809.2725446799
 20
4836068.146670303
 10
635810.4928955839
 20
4836081.739923632
  0
LWPOLYLINE
  5
422
330
17
100
AcDbEntity
  8
ROADS
100
AcDbPolyline
 90
2
 70
0
 10
635810.4928955839
 20
4836081.739923632
 10
635787.0169420956
 20
4836079.245277019
  0
LWPOLYLINE
  5
423
330
17
100
AcDbEntity
  8
ROADS
100
AcDbPolyline
 90
2
 70
0
 10
635787.0169420956
 20
4836079.245277019
 10
635753.0022770825
 20
4836098.532002158
  0
LWPOLYLINE
  5
424
330
17
100
AcDbEntity
  8
ROADS
100
AcDbPolyline
 90
2
 70
0
 10
635810.4928955839
 20
4836081.739923632
 10
635829.4848784129
 20
4836099.200814975
  0
LWPOLYLINE
  5
425
330
17
100
AcDbEntity
  8
ROADS
100
AcDbPolyline
 90
2
 70
0
 10
635852.864990909
 20
4836091.121803269
 10
635829.4848784129
 20
4836099.200814975
  0
LWPOLYLINE
  5
426
330
17
100
AcDbEntity
  8
ROADS
100
AcDbPolyline
 90
2
 70
0
 10
635852.864990909
 20
4836091.121803269
 10
635845.8789258823
 20
4836114.156519583
  0
LWPOLYLINE
  5
427
330
17
100
AcDbEntity
  8
ROADS
100
AcDbPolyline
 90
2
 70
0
 10
635829.4848784129
 20
4836099.200814975
 10
635845.8789258823
 20
4836114.156519583
  0
LWPOLYLINE
  5
428
330
17
100
AcDbEntity
  8
ROADS
100
AcDbPolyline
 90
2
 70
0
 10
635753.0022770825
 20
4836098.532002158
 10
635854.3351796615
 20
4836132.381001634
  0
LWPOLYLINE
  5
429
330
17
100
AcDbEntity
  8
ROADS
100
AcDbPolyline
 90
2
 70
0
 10
635845.8789258823
 20
4836114.156519583
 10
635854.3351796615
 20
4836132.381001634
  0
LWPOLYLINE
  5
42A
330
17
100
AcDbEntity
  8
ROADS
100
AcDbPolyline
 90
2
 70
0
 10
635753.0022770825
 20
4836098.532002158
 10
635736.5208476395
 20
4836150.579575201
  0
LWPOLYLINE
  5
42B
330
17
100
AcDbEntity
  8
ROADS
100
AcDbPolyline
 90
2
 70
0
 10
635736.5208476395
 20
4836150.579575201
 10
635673.5774187708
 20
4836128.838695171
  0
LWPOLYLINE
  5
42C
330
17
100
AcDbEntity
  8
ROADS
100
AcDbPolyline
 90
2
 70
0
 10
635736.5208476395
 20
4836150.579575201
 10
635787.3220064932
 20
4836167.354501901
  0
LWPOLYLINE
  5
42D
330
17
100
AcDbEntity
  8
ROADS
100
AcDbPolyline
 90
2
 70
0
 10
635854.3351796615
 20
4836132.381001634
 10
635916.653247183
 20
4836153.1155320415
  0
LWPOLYLINE
  5
42E
330
17
100
AcDbEntity
  8
ROADS
100
AcDbPolyline
 90
2
 70
0
 10
635736.5208476395
 20
4836150.579575201
 10
635723.1365510932
 20
4836191.572173072
  0
LWPOLYLINE
  5
42F
330
17
100
AcDbEntity
  8
ROADS
100
AcDbPolyline
 90
2
 70
0
 10
635854.3351796615
 20
4836132.381001634
 10
635860.0591711204
 20
4836237.05767027
  0
LWPOLYLINE
  5
430
330
17
100
AcDbEntity
  8
ROADS
100
AcDbPolyline
 90
2
 70
0
 10
635723.1365510932
 20
4836191.572173072
 10
635860.0591711204
 20
4836237.05767027
  0
LWPOLYLINE
  5
431
330
17
100
AcDbEntity
  8
ROADS
100
AcDbPolyline
 90
2
 70
0
 10
635518.2333092452
 20
4836125.442867857
 10
635567.7311904398
 20
4836141.340141564
  0
LWPOLYLINE
  5
432
330
17
100
AcDbEntity
  8
ROADS
100
AcDbPolyline
 90
2
 70
0
 10
635518.2333092452
 20
4836125.442867857
 10
635506.2112803641
 20
4836162.500728094
  0
LWPOLYLINE
  5
433
330
17
100
AcDbEntity
  8
ROADS
100
AcDbPolyline
 90
2
 70
0
 10
635433.862576007
 20
4836138.79664791
 10
635506.2112803641
 20
4836162.500728094
  0
LWPOLYLINE
  5
434
330
17
100
AcDbEntity
  8
ROADS
100
AcDbPolyline
 90
2
 70
0
 10
635567.7311904398
 20
4836141.340141564
 10
635635.2593295994
 20
4836162.564861889
  0
LWPOLYLINE
  5
435
330
17
100
AcDbEntity
  8
ROADS
100
AcDbPolyline
 90
2
 70
0
 10
635635.2593295994
 20
4836162.564861889
 10
635723.1365510932
 20
4836191.572173072
  0
LWPOLYLINE
  5
436
330
17
100
AcDbEntity
  8
ROADS
100
AcDbPolyline
 90
2
 70
0
 10
635331.2921873824
 20
4836111.391868989
 10
635287.4156070033
 20
4836247.501314573
  0
LWPOLYLINE
  5
437
330
17
100
AcDbEntity
  8
ROADS
100
AcDbPolyline
 90
2
 70
0
 10
635635.2593295994
 20
4836162.564861889
 10
635621.4709192646
 20
4836204.502222855
  0
LWPOLYLINE
  5
438
330
17
100
AcDbEntity
  8
ROADS
100
AcDbPolyline
 90
3
 70
0
 10
635331.2921873824
 20
4836111.391868989
 10
635385.7303065936
 20
4836131.335798171
 10
635342.8078909719
 20
4836265.476344906
  0
LWPOLYLINE
  5
439
330
17
100
AcDbEntity
  8
ROADS
100
AcDbPolyline
 90
2
 70
0
 10
635581.1144165038
 20
4836190.895408943
 10
635621.4709192646
 20
4836204.502222855
  0
LWPOLYLINE
  5
43A
330
17
100
AcDbEntity
  8
ROADS
100
AcDbPolyline
 90
2
 70
0
 10
635621.4709192646
 20
4836204.502222855
 10
635662.6855441093
 20
4836218.991631468
  0
LWPOLYLINE
  5
43B
330
17
100
AcDbEntity
  8
ROADS
100
AcDbPolyline
 90
2
 70
0
 10
635723.1365510932
 20
4836191.572173072
 10
635693.5718214354
 20
4836283.17464439
  0
LWPOLYLINE
  5
43C
330
17
100
AcDbEntity
  8
ROADS
100
AcDbPolyline
 90
2
 70
0
 10
635860.0591711204
 20
4836237.05767027
 10
635890.6548683507
 20
4836247.222301758
  0
LWPOLYLINE
  5
43D
330
17
100
AcDbEntity
  8
ROADS
100
AcDbPolyline
 90
2
 70
0
 10
635693.5718214354
 20
4836283.17464439
 10
635858.9023788583
 20
4836337.5179320555
  0
LWPOLYLINE
  5
43E
330
17
100
AcDbEntity
  8
ROADS
100
AcDbPolyline
 90
2
 70
0
 10
635666.8461698113
 20
4836366.101674837
 10
635821.4039249883
 20
4836417.715907719
  0
LWPOLYLINE
  5
43F
330
17
100
AcDbEntity
  8
ROADS
100
AcDbPolyline
 90
2
 70
0
 10
635639.0949314168
 20
4836452.871483987
 10
635766.2148542521
 20
4836493.145383704
  0
LWPOLYLINE
  5
440
330
17
100
AcDbEntity
  8
ROADS
100
AcDbPolyline
 90
2
 70
0
 10
635766.2148542521
 20
4836493.145383704
 10
635773.5270779876
 20
4836494.785878317
  0
LWPOLYLINE
  5
441
330
17
100
AcDbEntity
  8
ROADS
100
AcDbPolyline
 90
2
 70
0
 10
635766.2148542521
 20
4836493.145383704
 10
635767.7029115418
 20
4836502.455925025
  0
LWPOLYLINE
  5
442
330
17
100
AcDbEntity
  8
ROADS
100
AcDbPolyline
 90
2
 70
0
 10
635544.4741010404
 20
4836445.2170377355
 10
635440.3446742109
 20
4836767.720467298
  0
LWPOLYLINE
  5
443
330
17
100
AcDbEntity
  8
ROADS
100
AcDbPolyline
 90
2
 70
0
 10
635597.2363259356
 20
4836581.902883571
 10
635556.4829512482
 20
4836705.566736236
  0
LWPOLYLINE
  5
444
330
17
100
AcDbEntity
  8
ROADS
100
AcDbPolyline
 90
2
 70
0
 10
635300.423050098
 20
4836800.064045434
 10
635295.3743675944
 20
4836815.559475315
  0
LWPOLYLINE
  5
445
330
17
100
AcDbEntity
  8
ROADS
100
AcDbPolyline
 90
2
 70
0
 10
635128.0967942699
 20
4836742.793237166
 10
635214.6628920911
 20
4836771.569932487
  0
LWPOLYLINE
  5
446
330
17
100
AcDbEntity
  8
ROADS
100
AcDbPolyline
 90
2
 70
0
 10
634956.6966673427
 20
4836736.571573855
 10
634941.6107091869
 20
4836782.3466920955
  0
LWPOLYLINE
  5
447
330
17
100
AcDbEntity
  8
ROADS
100
AcDbPolyline
 90
2
 70
0
 10
635027.6009769934
 20
4836759.895602369
 10
635037.5116026474
 20
4836763.226083791
  0
LWPOLYLINE
  5
448
330
17
100
AcDbEntity
  8
ROADS
100
AcDbPolyline
 90
2
 70
0
 10
635128.0967942699
 20
4836742.793237166
 10
635113.4891226285
 20
4836789.052068068
  0
LWPOLYLINE
  5
449
330
17
100
AcDbEntity
  8
ROADS
100
AcDbPolyline
 90
2
 70
0
 10
634863.4439039568
 20
4836755.754071744
 10
634941.6107091869
 20
4836782.3466920955
  0
LWPOLYLINE
  5
44A
330
17
100
AcDbEntity
  8
ROADS
100
AcDbPolyline
 90
2
 70
0
 10
635037.5116026474
 20
4836763.226083791
 10
635113.4891226285
 20
4836789.052068068
  0
LWPOLYLINE
  5
44B
330
17
100
AcDbEntity
  8
ROADS
100
AcDbPolyline
 90
2
 70
0
 10
635214.6628920911
 20
4836771.569932487
 10
635300.423050098
 20
4836800.064045434
  0
LWPOLYLINE
  5
44C
330
17
100
AcDbEntity
  8
ROADS
100
AcDbPolyline
 90
2
 70
0
 10
635037.5116026474
 20
4836763.226083791
 10
635021.7388953986
 20
4836808.817778867
  0
LWPOLYLINE
  5
44D
330
17
100
AcDbEntity
  8
ROADS
100
AcDbPolyline
 90
2
 70
0
 10
634941.6107091869
 20
4836782.3466920955
 10
634981.9056756658
 20
4836795.811427975
  0
LWPOLYLINE
  5
44E
330
17
100
AcDbEntity
  8
ROADS
100
AcDbPolyline
 90
2
 70
0
 10
635214.6628920911
 20
4836771.569932487
 10
635199.7478184745
 20
4836817.683203396
  0
LWPOLYLINE
  5
44F
330
17
100
AcDbEntity
  8
ROADS
100
AcDbPolyline
 90
2
 70
0
 10
634789.3305162531
 20
4836680.820666807
 10
634775.9473132117
 20
4836725.843822214
  0
LWPOLYLINE
  5
450
330
17
100
AcDbEntity
  8
ROADS
100
AcDbPolyline
 90
2
 70
0
 10
634775.9473132117
 20
4836725.843822214
 10
634863.4439039568
 20
4836755.754071744
  0
LWPOLYLINE
  5
451
330
17
100
AcDbEntity
  8
ROADS
100
AcDbPolyline
 90
2
 70
0
 10
634549.8720613847
 20
4836719.938270596
 10
634699.3585617768
 20
4836765.901045296
  0
LWPOLYLINE
  5
452
330
17
100
AcDbEntity
  8
ROADS
100
AcDbPolyline
 90
2
 70
0
 10
634775.9473132117
 20
4836725.843822214
 10
634757.8347697442
 20
4836784.357934013
  0
LWPOLYLINE
  5
453
330
17
100
AcDbEntity
  8
ROADS
100
AcDbPolyline
 90
2
 70
0
 10
634549.8720613847
 20
4836719.938270596
 10
634545.3484246009
 20
4836734.680556923
  0
LWPOLYLINE
  5
454
330
17
100
AcDbEntity
  8
ROADS
100
AcDbPolyline
 90
2
 70
0
 10
634699.3585617768
 20
4836765.901045296
 10
634757.8347697442
 20
4836784.357934013
  0
LWPOLYLINE
  5
455
330
17
100
AcDbEntity
  8
ROADS
100
AcDbPolyline
 90
2
 70
0
 10
634699.3585617768
 20
4836765.901045296
 10
634695.8490819397
 20
4836783.682340349
  0
LWPOLYLINE
  5
456
330
17
100
AcDbEntity
  8
ROADS
100
AcDbPolyline
 90
2
 70
0
 10
634757.8347697442
 20
4836784.357934013
 10
634753.9538372554
 20
4836795.710576216
  0
LWPOLYLINE
  5
457
330
17
100
AcDbEntity
  8
ROADS
100
AcDbPolyline
 90
2
 70
0
 10
634863.4439039568
 20
4836755.754071744
 10
634847.0844493476
 20
4836806.499921639
  0
LWPOLYLINE
  5
458
330
17
100
AcDbEntity
  8
ROADS
100
AcDbPolyline
 90
2
 70
0
 10
634981.9056756658
 20
4836795.811427975
 10
635021.7388953986
 20
4836808.817778867
  0
LWPOLYLINE
  5
459
330
17
100
AcDbEntity
  8
ROADS
100
AcDbPolyline
 90
2
 70
0
 10
635113.4891226285
 20
4836789.052068068
 10
635199.7478184745
 20
4836817.683203396
  0
LWPOLYLINE
  5
45A
330
17
100
AcDbEntity
  8
ROADS
100
AcDbPolyline
 90
2
 70
0
 10
635113.4891226285
 20
4836789.052068068
 10
635099.3737566929
 20
4836834.521729224
  0
LWPOLYLINE
  5
45B
330
17
100
AcDbEntity
  8
ROADS
100
AcDbPolyline
 90
2
 70
0
 10
635021.7388953986
 20
4836808.817778867
 10
635099.3737566929
 20
4836834.521729224
  0
LWPOLYLINE
  5
45C
330
17
100
AcDbEntity
  8
ROADS
100
AcDbPolyline
 90
2
 70
0
 10
635199.7478184745
 20
4836817.683203396
 10
635229.3526280336
 20
4836827.658703056
  0
LWPOLYLINE
  5
45D
330
17
100
AcDbEntity
  8
ROADS
100
AcDbPolyline
 90
2
 70
0
 10
634981.9056756658
 20
4836795.811427975
 10
634973.5269492632
 20
4836822.3111283295
  0
LWPOLYLINE
  5
45E
330
17
100
AcDbEntity
  8
ROADS
100
AcDbPolyline
 90
2
 70
0
 10
635199.7478184745
 20
4836817.683203396
 10
635194.5257688464
 20
4836832.315103512
  0
LWPOLYLINE
  5
45F
330
17
100
AcDbEntity
  8
ROADS
100
AcDbPolyline
 90
2
 70
0
 10
635099.3737566929
 20
4836834.521729224
 10
635104.1903002657
 20
4836836.129696518
  0
LWPOLYLINE
  5
460
330
17
100
AcDbEntity
  8
ROADS
100
AcDbPolyline
 90
2
 70
0
 10
634941.6107091869
 20
4836782.3466920955
 10
634931.2524661989
 20
4836814.55769592
  0
LWPOLYLINE
  5
461
330
17
100
AcDbEntity
  8
ROADS
100
AcDbPolyline
 90
2
 70
0
 10
635099.3737566929
 20
4836834.521729224
 10
635098.9663188192
 20
4836835.79388281
  0
LWPOLYLINE
  5
462
330
17
100
AcDbEntity
  8
ROADS
100
AcDbPolyline
 90
2
 70
0
 10
635021.7388953986
 20
4836808.817778867
 10
635015.2024561274
 20
4836829.154290162
  0
LWPOLYLINE
  5
463
330
17
100
AcDbEntity
  8
ROADS
100
AcDbPolyline
 90
10
 70
0
 10
635790.8348554071
 20
4835469.510965482
 10
635694.96113256
 20
4835574.489954433
 10
635614.9641724393
 20
4835584.280638611
 10
635629.9525215311
 20
4835586.490787415
 10
635629.1254721098
 20
4835605.186462767
 10
635645.9738225827
 20
4835584.449239781
 10
635693.7137688105
 20
4835592.3159592245
 10
635689.7275021197
 20
4835650.669983834
 10
635865.0376942861
 20
4835708.814341043
 10
635900.2769696065
 20
4835691.602563338
  0
ENDSEC
  0
SECTION
  2
OBJECTS
  0
DICTIONARY
  5
A
330
0
100
AcDbDictionary
281
1
  3
ACAD_COLOR
350
B
  3
ACAD_GROUP
350
C
  3
ACAD_LAYOUT
350
D
  3
ACAD_MATERIAL
350
E
  3
ACAD_MLEADERSTYLE
350
F
  3
ACAD_MLINESTYLE
350
10
  3
ACAD_PLOTSETTINGS
350
11
  3
ACAD_PLOTSTYLENAME
350
12
  3
ACAD_SCALELIST
350
14
  3
ACAD_TABLESTYLE
350
15
  3
ACAD_VISUALSTYLE
350
16
  3
EZDXF_META
350
2D
  0
DICTIONARY
  5
B
330
A
100
AcDbDictionary
281
1
  0
DICTIONARY
  5
C
330
A
100
AcDbDictionary
281
1
  0
DICTIONARY
  5
D
330
A
100
AcDbDictionary
281
1
  3
Model
350
1A
  3
Layout1
350
1E
  0
DICTIONARY
  5
E
330
A
100
AcDbDictionary
281
1
  3
ByBlock
350
1F
  3
ByLayer
350
20
  3
Global
350
21
  0
DICTIONARY
  5
F
330
A
100
AcDbDictionary
281
1
  3
Standard
350
2C
  0
DICTIONARY
  5
10
330
A
100
AcDbDictionary
281
1
  3
Standard
350
22
  0
DICTIONARY
  5
11
330
A
100
AcDbDictionary
281
1
  0
ACDBDICTIONARYWDFLT
  5
12
330
A
100
AcDbDictionary
281
1
  3
Normal
350
13
100
AcDbDictionaryWithDefault
340
13
  0
ACDBPLACEHOLDER
  5
13
330
12
  0
DICTIONARY
  5
14
330
A
100
AcDbDictionary
281
1
  0
DICTIONARY
  5
15
330
A
100
AcDbDictionary
281
1
  0
DICTIONARY
  5
16
330
A
100
AcDbDictionary
281
1
  0
LAYOUT
  5
1A
330
D
100
AcDbPlotSettings
  1

  4
A3
  6

 40
7.5
 41
20.0
 42
7.5
 43
20.0
 44
420.0
 45
297.0
 46
0.0
 47
0.0
 48
0.0
 49
0.0
140
0.0
141
0.0
142
1.0
143
1.0
 70
1024
 72
1
 73
0
 74
5
  7

 75
16
 76
0
 77
2
 78
300
147
1.0
148
0.0
149
0.0
100
AcDbLayout
  1
Model
 70
1
 71
0
 10
0.0
 20
0.0
 11
420.0
 21
297.0
 12
0.0
 22
0.0
 32
0.0
 14
1e+20
 24
1e+20
 34
1e+20
 15
-1e+20
 25
-1e+20
 35
-1e+20
146
0.0
 13
0.0
 23
0.0
 33
0.0
 16
1.0
 26
0.0
 36
0.0
 17
0.0
 27
1.0
 37
0.0
 76
1
330
17
  0
LAYOUT
  5
1E
330
D
100
AcDbPlotSettings
  1

  4
A3
  6

 40
7.5
 41
20.0
 42
7.5
 43
20.0
 44
420.0
 45
297.0
 46
0.0
 47
0.0
 48
0.0
 49
0.0
140
0.0
141
0.0
142
1.0
143
1.0
 70
0
 72
1
 73
0
 74
5
  7

 75
16
 76
0
 77
2
 78
300
147
1.0
148
0.0
149
0.0
100
AcDbLayout
  1
Layout1
 70
1
 71
1
 10
0.0
 20
0.0
 11
420.0
 21
297.0
 12
0.0
 22
0.0
 32
0.0
 14
1e+20
 24
1e+20
 34
1e+20
 15
-1e+20
 25
-1e+20
 35
-1e+20
146
0.0
 13
0.0
 23
0.0
 33
0.0
 16
1.0
 26
0.0
 36
0.0
 17
0.0
 27
1.0
 37
0.0
 76
1
330
1B
  0
MATERIAL
  5
1F
102
{ACAD_REACTORS
330
E
102
}
330
E
100
AcDbMaterial
  1
ByBlock
  2

 70
0
 40
1.0
 71
1
 41
1.0
 91
-1023410177
 42
1.0
 72
1
  3

 73
1
 74
1
 75
1
 44
0.5
 73
0
 45
1.0
 46
1.0
 77
1
  4

 78
1
 79
1
170
1
 48
1.0
171
1
  6

172
1
173
1
174
1
140
1.0
141
1.0
175
1
  7

176
1
177
1
178
1
143
1.0
179
1
  8

270
1
271
1
272
1
145
1.0
146
1.0
273
1
  9

274
1
275
1
276
1
 42
1.0
 72
1
  3

 73
1
 74
1
 75
1
 94
63
  0
MATERIAL
  5
20
102
{ACAD_REACTORS
330
E
102
}
330
E
100
AcDbMaterial
  1
ByLayer
  2

 70
0
 40
1.0
 71
1
 41
1.0
 91
-1023410177
 42
1.0
 72
1
  3

 73
1
 74
1
 75
1
 44
0.5
 73
0
 45
1.0
 46
1.0
 77
1
  4

 78
1
 79
1
170
1
 48
1.0
171
1
  6

172
1
173
1
174
1
140
1.0
141
1.0
175
1
  7

176
1
177
1
178
1
143
1.0
179
1
  8

270
1
271
1
272
1
145
1.0
146
1.0
273
1
  9

274
1
275
1
276
1
 42
1.0
 72
1
  3

 73
1
 74
1
 75
1
 94
63
  0
MATERIAL
  5
21
102
{ACAD_REACTORS
330
E
102
}
330
E
100
AcDbMaterial
  1
Global
  2

 70
0
 40
1.0
 71
1
 41
1.0
 91
-1023410177
 42
1.0
 72
1
  3

 73
1
 74
1
 75
1
 44
0.5
 73
0
 45
1.0
 46
1.0
 77
1
  4

 78
1
 79
1
170
1
 48
1.0
171
1
  6

172
1
173
1
174
1
140
1.0
141
1.0
175
1
  7

176
1
177
1
178
1
143
1.0
179
1
  8

270
1
271
1
272
1
145
1.0
146
1.0
273
1
  9

274
1
275
1
276
1
 42
1.0
 72
1
  3

 73
1
 74
1
 75
1
 94
63
  0
MLINESTYLE
  5
22
102
{ACAD_REACTORS
330
10
102
}
330
10
100
AcDbMlineStyle
  2
Standard
 70
0
  3

 62
256
 51
90.0
 52
90.0
 71
2
 49
0.5
 62
256
  6
BYLAYER
 49
-0.5
 62
256
  6
BYLAYER
  0
MLEADERSTYLE
  5
2C
102
{ACAD_REACTORS
330
F
102
}
330
F
100
AcDbMLeaderStyle
179
2
170
2
171
1
172
0
 90
2
 40
0.0
 41
0.0
173
1
 91
-1056964608
 92
-2
290
1
 42
2.0
291
1
 43
8.0
  3
Standard
 44
4.0
300

342
29
174
1
175
1
176
0
178
1
 93
-1056964608
 45
4.0
292
0
297
0
 46
4.0
 94
-1056964608
 47
1.0
 49
1.0
140
1.0
294
1
141
0.0
177
0
142
1.0
295
0
296
0
143
3.75
271
0
272
9
273
9
  0
DICTIONARY
  5
2D
330
A
100
AcDbDictionary
280
1
281
1
  3
CREATED_BY_EZDXF
350
2E
  3
WRITTEN_BY_EZDXF
350
466
  0
DICTIONARYVAR
  5
2E
330
2D
100
DictionaryVariables
280
0
  1
1.4.4 @ 2026-07-07T06:20:16.740060+00:00
  0
DICTIONARYVAR
  5
466
330
2D
100
DictionaryVariables
280
0
  1
1.4.4 @ 2026-07-07T06:20:16.770931+00:00
  0
ENDSEC
  0
EOF
