segment_id,T1024 Choice,T1024 Integration,T1024 Node Count,T1024 Total Depth,Angular Connectivity,Connectivity,Segment Length,local_nain,local_nach,integrated,citywide_nain,citywide_nach,citywide_match_distance_m,citywide_matched,blended_nain,blended_nach
0,0,355.06836,1043,3063.7734,2.507112,4,53.463158,1.3658440602260071,0.0,246.11463264004365,,,,False,1.3658440602260071,0.0
1,3898,355.7001,1043,3058.332,5.630259,7,29.970892,1.3682725888527425,1.0301335350061867,2941.1887395574627,1.1362032,1.2369341,0.0,True,1.2986517721969197,1.0921737045043307
2,0,236.01971,1043,4609.1445,3.5034308,3,118.04026,0.9080974123428338,0.0,163.59639654307594,,,,False,0.9080974123428338,0.0
3,0,361.6059,1043,3008.3828,3.3437254,4,104.63001,1.3909753897042232,0.0,250.64611005884154,,,,False,1.3909753897042232,0.0
4,0,232.15338,1043,4685.9062,2.0110068,2,24.512365,0.8932278526368318,0.0,160.9164608044616,,,,False,0.8932278526368318,0.0
5,3668,298.79034,1043,3640.8438,2.0068102,4,243.09596,1.1494778854884995,1.000838947002989,2452.4552572178764,1.0318418,1.0377398,0.0,True,1.1141870598419497,1.0119092029020922
6,0,232.35638,1043,4681.8125,1.9887304,2,87.586617,0.8940085429100526,0.0,161.05716968211527,0.93924373,0.89912719,10.017493987086203,True,0.9075790990370369,0.26973815700000003
7,0,277.47461,1043,3920.5352,0.41662049,1,56.080032,1.0675158220094216,0.0,192.33074359847038,1.0058428,0.0,0.0,True,1.0490139154065952,0.0
8,1833,311.7496,1043,3489.4961,2.4269986,4,551.08551,1.199304902098814,0.921048301836132,2342.7358194124386,1.052838,0.87293243,0.0,True,1.1553648314691698,0.9066135402852923
9,7320,299.45413,1043,3632.7734,2.5844436,5,218.52296,1.1520301068531233,1.0853715304794824,2664.734138145748,1.0325553,1.0526707,0.0,True,1.1161876647971862,1.0755612813356377
10,10944,301.9552,1043,3602.6836,3.3173668,5,111.78014,1.1616465834585012,1.135572063665333,2808.403597578714,1.0354987,1.0635012,0.0,True,1.1238022184209508,1.1139508045657331
11,12,240.98862,1043,4514.1094,4.0502539,4,31.805042,0.9272070309875333,0.30478408659433837,635.9827839648663,0.94855076,0.51962966,0.0,True,0.9336101496912733,0.36923775861603686
12,772,274.5152,1043,3962.8008,0.86371911,2,156.92979,1.0561358816283761,0.8026442196002791,1825.9575831928587,0.99701214,0.85462618,0.0,True,1.0383987591398633,0.8182388077201954
13,1529,298.86957,1043,3639.8789,4.3313322,5,40.527534,1.149782434662748,0.8942133511674353,2191.812710889362,1.0314989,0.9111973,0.0,True,1.1142973742639237,0.8993085358172046
14,9205,349.26996,1043,3114.6367,3.9333138,5,19.081404,1.3435535776078396,1.1345932888293286,3188.038169921372,1.0749736,1.0072504,0.0,True,1.2629795843254876,1.09639042218053
15,3984,297.29346,1043,3659.1758,4.9521589,6,101.97817,1.1437222950039412,1.010295124122555,2464.7243626252402,1.0336144,1.024209,0.0,True,1.1106899265027588,1.0144692868857885
16,6124,311.69376,1043,3490.1211,3.7822747,6,94.414551,1.199090257319224,1.068833684782927,2718.0622498252374,1.0528749,0.9524104,0.0,True,1.1552256501234566,1.0339066993480488
17,9191,370.46951,1043,2936.4062,5.0885038,7,23.566479,1.4250474928853918,1.1427662476462177,3380.9779544665794,1.1159043,0.97529042,0.0,True,1.3323045350197742,1.0925234993523523
18,4164,303.85617,1043,3580.1445,3.1829791,6,96.888901,1.1689557437978537,1.018386556876821,2532.5535514609924,1.0393008,1.0306515,0.0,True,1.1300592606584976,1.0220660398137746
19,8381,305.80072,1043,3557.3789,4.247395,6,104.19415,1.1764323231755098,1.1047027548426964,2762.5918163662664,1.0534837,1.0187343,0.0,True,1.1395477362228568,1.0789122183898874
20,13368,344.47531,1043,3157.9883,3.0045328,5,193.03044,1.3251214849083115,1.1789450651962874,3272.780232869603,1.0725166,1.0231249,0.0,True,1.249340019435818,1.132199015637401
21,5547,343.18524,1043,3169.8594,3.9461355,5,21.166641,1.3201620438752395,1.069310019437853,2958.7279656782175,1.0751233,0.9014563,0.0,True,1.2466504207126676,1.0189539036064972
22,331,200.42947,1043,5427.5898,5.7376795,6,17.56675,0.7712126592673522,0.6750311549568391,1164.1229209512608,0.86323744,0.74352527,0.0,True,0.7988200934871466,0.6955793894697874
23,6160,230.40575,1043,4721.4492,4.3702307,6,34.354542,0.8865064936845072,1.0313796965687485,2010.5566742785888,0.8835299,0.87631315,0.0,True,0.8856135155791551,0.9848597325981239
24,9562,248.38219,1043,4379.7383,2.4468524,5,18.401587,0.9556409127375066,1.0930456598635185,2276.6118718095668,0.93982577,0.96080244,0.0,True,0.9508963699162546,1.053372693904463
25,195,234.89297,1043,4631.2539,4.8520751,5,27.951689,0.9037640670607089,0.6252778742242061,1240.9874149583404,0.90171599,0.73029649,0.0,True,0.9031496439424962,0.6567834589569443
26,10513,250.27733,1043,4346.5742,2.932272,4,33.13501,0.9629290419809073,1.1053529859652151,2317.7077526087833,0.93694586,0.95595473,0.0,True,0.9551340873866352,1.0605335091756505
27,7836,372.95615,1043,2916.8281,2.387964,4,257.67288,1.434606028490986,1.123736898624693,3344.2004475731032,1.1711251,1.0488201,0.0,True,1.3555617499436903,1.101261859037285
28,6158,340.35999,1043,3196.1719,2.6251063,4,106.99332,1.3093006002550678,1.0811610778413212,2969.9241115014015,1.1632832,1.0462183,0.0,True,1.2654953801785473,1.070678244488925
29,3582,353.90512,1043,3073.8438,2.0651968,3,126.37148,1.3613722479629462,1.0189619722936194,2896.4425898342,1.1448365,0.97994518,0.0,True,1.2964115235740623,1.0072569346055336
30,4415,374.9678,1043,2901.1797,2.2880855,4,245.99028,1.4423386841637431,1.05255684233069,3147.1857427931245,1.1709194,0.99533236,0.0,True,1.3609128989146202,1.035389497631483
31,11032,356.93375,1043,3047.7617,2.3799872,4,195.25217,1.3730149435573575,1.1602238563680498,3322.6022958921917,1.2394596,1.4099002,0.0,True,1.3329483404901503,1.235126759457635
32,9436,340.00925,1043,3199.4688,0.28944862,2,210.09172,1.3079522712790113,1.1338899068532955,3111.9344471965464,1.2428515,1.4102072,0.0,True,1.288422039895308,1.216785094797307
33,7839,329.95703,1043,3296.9414,1.1507871,3,81.489624,1.26930668983356,1.106809484071312,2958.764829338636,1.2467867,1.4105622,0.0,True,1.262550692883492,1.1979352988499183
34,116,231.26559,1043,4703.8945,2.2741103,3,40.380611,0.8898134857015793,0.5631188102278426,1103.2951943809805,0.89341009,0.35368767,0.0,True,0.8908924669911056,0.5002894681594898
35,1167,246.98932,1043,4404.4375,2.4510958,3,45.469303,0.9502843029973512,0.8417360436651878,1744.7088359892923,0.92967469,0.86316621,0.0,True,0.9441014190981458,0.8481650935656315
36,7910,357.23456,1043,3045.1953,3.2401156,4,112.5006,1.374171320226469,1.1188816040659006,3206.585949199451,1.0830588,0.97218323,0.0,True,1.2868375641585283,1.0748720918461305
37,15835,399.20721,1043,2725.0234,3.2336664,5,122.13523,1.5355087852890776,1.2223024364231592,3860.3753394455644,1.1451213,1.0334874,0.0,True,1.4183925397023545,1.1656579254962114
38,5754,287.93655,1043,3778.0859,3.6862254,6,114.77977,1.1077442415763332,1.0509917096483439,2492.954093608675,1.0271653,1.035347,0.0,True,1.0835705591034333,1.0462982967538408
39,2355,301.965,1043,3602.5664,3.925251,6,110.03342,1.16168435359906,0.9480462219026403,2344.8019806151087,1.0519261,1.0110235,0.0,True,1.128756877519342,0.9669394053318483
40,13133,342.80969,1043,3173.332,4.0467615,6,97.732094,1.3187182909972535,1.1760377407761269,3250.876529302566,1.0729686,0.98044664,0.0,True,1.2449933836980773,1.1173604105432888
41,3559,297.8588,1043,3652.2305,2.9999828,4,51.773846,1.1458960753540015,0.9967821933230026,2435.828706725099,1.0314071,0.72177708,0.0,True,1.1115493827478011,0.9142806593261018
42,3665,297.85754,1043,3652.2461,3.0172768,5,50.455803,1.1458911835163184,1.0003580881488159,2444.5553044639714,1.0314071,0.90976351,0.0,True,1.111545958461423,0.9731797147041711
43,21803,399.20721,1043,2725.0234,2.0046625,4,50.781395,1.5355087852890776,1.262726423918516,3988.0379435864484,1.1451213,1.0433395,0.0,True,1.4183925397023545,1.1969103467429614
44,683,291.34341,1043,3733.9062,3.0007398,4,47.635094,1.1208440908898867,0.7935749258695781,1902.3031496575554,1.0208839,0.81697822,0.0,True,1.0908560336229207,0.8005959141087047
45,8024,370.98029,1043,2932.3633,3.1231694,5,67.626564,1.4270108913878832,1.125958988687771,3335.276613753799,1.15299,1.2410731,0.0,True,1.3448046239715181,1.1604932220814397
46,3924,297.8295,1043,3652.5898,2.9938359,5,49.688232,1.1457834168937073,1.0086675759078996,2464.6512080293396,1.0316366,0.95311052,0.0,True,1.111539371825595,0.9920004591355297
47,0,298.12473,1043,3648.9727,1.0200577,2,117.12322,1.1469185700536437,0.0,206.64431605469494,,,,False,1.1469185700536437,0.0
48,0,4.1710796,4,3.8359375,1.0790989,1,20.407793,0.9044016737827602,0.0,2.891172064631104,,,,False,0.9044016737827602,0.0
49,4,9.5255814,4,1.6796875,1.2626832,2,236.5963,1.4343695335790272,1.0429012661752153,17.06755067335263,0.73394322,0.90050167,0.0,True,1.224241639505319,1.0001813873226508
50,4,9.5255814,4,1.6796875,0.41918242,2,58.573078,1.4343695335790272,1.0429012661752153,17.06755067335263,0.72349513,0.84905332,0.0,True,1.221107212505319,0.9847468823226507
51,0,7.4472728,4,2.1484375,0.23559822,1,65.769592,1.2722938800672727,0.0,5.162056144180769,0.71058124,0.0,0.0,True,1.103780088047091,0.0
52,2089,223.15387,1043,4874.8828,3.360024,5,57.213654,0.858615751108247,0.9002001124085836,1706.1000843165964,0.90124929,0.86995739,0.0,True,0.8714058127757729,0.8911272956860085
53,1712,302.03052,1043,3601.7852,2.7192702,4,59.021488,1.1619361743282843,0.9091557534552359,2249.0959697228595,1.0123776,0.8445701,0.0,True,1.117068602029799,0.8897800574186652
54,1006,274.41266,1043,3964.2812,0.55465335,2,76.636711,1.055741682760388,0.8345241976818274,1897.7620673632923,0.96977127,0.78603071,0.0,True,1.0299505589322715,0.8199761513772792
55,394,267.68274,1043,4063.9492,0.91360521,2,43.781597,1.0298624459914283,0.7194247026590544,1601.1213451435383,0.95809698,0.54059136,0.0,True,1.0083328061939998,0.6657746998613381
56,508,273.04376,1043,3984.1562,3.4501617,4,45.959896,1.0504777480593688,0.7517275553240785,1702.266945934473,0.96891952,0.66427678,0.0,True,1.0260102796415582,0.7254923227268549
57,316,211.15849,1043,5151.8125,3.4314716,4,50.093342,0.8124797687903645,0.6737381038745658,1216.7060692902742,0.88862848,0.72992218,0.0,True,0.8353243821532552,0.6905933267121961
58,374,206.98109,1043,5255.7891,3.7509997,5,28.168816,0.7964123909779666,0.691779172445049,1227.3128241510067,0.86756682,0.79551005,0.0,True,0.8177587196845766,0.7228984357115343
59,0,333.24759,1043,3264.3867,1.0130177,2,12.736447,1.281957334809406,0.0,230.98962743689663,,,,False,1.281957334809406,0.0
60,0,252.67162,1043,4305.3867,2.0102324,2,12.027932,0.9721366294762648,0.0,175.13862101051387,,,,False,0.9721366294762648,0.0
61,3764,334.0787,1043,3256.2656,3.0610631,5,58.036118,1.285152563495404,1.0178317939758936,2750.726746475926,1.1195028,1.0886821,0.0,True,1.2354576344467827,1.0390868857831257
62,0,37.925926,2,0.10546875,0.10815489,1,324.69263,1.0911568789582224,0.0,26.28824867702512,1.1312112,0.0,4.999339580535889e-06,True,1.1031731752707556,0.0
63,0,37.925926,2,0.10546875,0.10815489,1,107.01411,1.0911568789582224,0.0,26.28824867702512,,,,False,1.0911568789582224,0.0
64,0,264.07181,1043,4119.5195,2.0433836,3,64.30674,1.0159768474682433,0.0,183.04063056686158,,,,False,1.0159768474682433,0.0
65,4513,268.86713,1043,4046.0469,2.9618294,5,97.207375,1.0344169649785655,1.0130868118661882,2262.560042942844,1.0326351,1.019834,0.0,True,1.0338824054849958,1.0151109683063317
66,0,329.05798,1043,3305.9492,1.0097485,2,576.25916,1.265850270127755,0.0,228.08561107775085,1.2472646,1.4104629,11.652708412245119,True,1.2602745690894284,0.42313887000000006
67,3643,268.66766,1043,4049.0508,2.1055527,4,81.683098,1.033649933096097,0.9872226531972933,2203.3734749111877,1.0321902,1.0038512,0.0,True,1.033212013167268,0.9922112172381052
68,3778,311.88437,1043,3487.9883,2.5230267,4,67.145332,1.1998230447904055,1.009717471103369,2569.141038317311,1.168467,1.0869478,0.0,True,1.1904162313532838,1.0328865697723582
69,1891,291.84842,1043,3727.4453,0.41064662,2,50.192875,1.1227858438864597,0.9174526036555106,2202.2642898797617,1.1749666,1.0886106,0.0,True,1.138440070720522,0.9688000025588575
70,0,277.9024,1043,3914.5,0.18054236,1,444.41257,1.0691608294111812,0.0,192.62726503084212,,,,False,1.0691608294111812,0.0
71,2832,263.73071,1043,4124.8477,2.2141552,4,83.256874,1.014665113129542,0.9547871723863949,2096.5126210582357,1.0212009,0.96644741,0.0,True,1.0166258491906794,0.9582852436704764
72,12,223.1537,1043,4874.8867,4.0557432,5,153.18906,0.8586150644813813,0.30202640189435476,588.9154076157645,0.96437061,0.80452317,0.0,True,0.8903417281369669,0.45277543232604833
73,228,233.75064,1043,4653.8867,4.0538425,5,146.81816,0.8993707661290149,0.6433407668285042,1271.1545188315547,0.96443087,0.87578392,0.0,True,0.9188887972903104,0.7130737127799529
74,1485,258.45303,1043,4209.0781,1.9863873,3,128.97003,0.9943696813385843,0.8751612489081317,1887.8742790459448,1.0087667,0.89674193,0.0,True,0.9986887869370089,0.8816354532356923
75,1677,257.93143,1043,4217.5898,3.1895108,4,12.294926,0.9923638521424265,0.889506218390115,1915.3868458837394,0.95872998,0.8784678,0.0,True,0.9822736904996985,0.8861946928730805
76,12534,282.02338,1043,3857.3008,4.1204987,6,109.4334,1.085007001368976,1.1426142239551285,2661.274081189862,1.0735247,1.0648674,0.0,True,1.0815623109582835,1.1192901767685899
77,487,221.22731,1043,4917.3359,4.1197357,5,134.22958,0.8512060313646992,0.7281754180447121,1369.9196960914292,0.95970339,0.87771159,0.0,True,0.8837552389552894,0.7730362696312985
78,0,-1.0,1,-1.0,0.0,0,21.247057,1.0,0.0,-0.6931471805599453,,,,False,1.0,0.0
79,0,298.95587,1043,3638.8281,2.1837609,3,3.3625176,1.1501142798773967,0.0,207.22041840234553,,,,False,1.1501142798773967,0.0
80,0,273.14795,1043,3982.6367,2.2036335,3,2.5782466,1.0508783368854908,0.0,189.33173141822888,,,,False,1.0508783368854908,0.0
81,12296,338.30505,1043,3215.5859,4.0952716,6,154.5847,1.3014006520817023,1.16596056103401,3185.8835855587167,1.115702,1.0849198,0.0,True,1.2456910564571915,1.141648332723807
82,0,328.62155,1043,3310.3398,2.1504843,3,14.658369,1.2641723498262136,0.0,227.78310085373909,,,,False,1.2641723498262136,0.0
83,11897,316.20538,1043,3440.3242,4.3541179,6,48.764492,1.2164363799286804,1.1522475013153748,2967.3375758340935,1.0727968,0.97397345,0.0,True,1.1733445059500762,1.0987652859207624
84,11173,282.36566,1043,3852.625,3.7646155,6,189.86255,1.0863231542339113,1.1288627063165002,2632.052982003687,1.0750072,1.0822971,0.0,True,1.082928367963738,1.11489302442155
85,0,430.66739,1043,2525.9609,1.0024765,2,24.299475,1.656421342746595,0.0,298.5158871376104,1.218703,1.2734495,13.428110897983066,True,1.5251058399226165,0.38203485000000004
86,2018,336.22488,1043,3235.4805,3.0725269,5,72.192871,1.293403431584805,0.9415427302708143,2558.958066148308,1.057834,0.94772756,0.0,True,1.2227326021093634,0.94339817918957
87,13345,317.83112,1043,3422.7266,3.9588647,5,151.30524,1.2226869112380798,1.1670833777553313,3019.0927213490195,1.0787449,0.99292761,0.0,True,1.1795043078666558,1.114836647428732
88,1210,311.58148,1043,3491.3789,2.8818533,4,39.416027,1.1986585218078951,0.8701163435075521,2212.236972618551,1.077583,0.85905606,0.0,True,1.1623358652655265,0.8667982584552865
89,4544,350.74667,1043,3101.5234,2.1646321,4,90.561378,1.3492304869970984,1.0474052662943183,2953.9895085276758,1.0587059,0.95295304,0.0,True,1.2620731108979688,1.0190695984060227
90,20266,343.91037,1043,3163.1758,4.1494679,6,143.77046,1.3229497042119716,1.2303232039022038,3410.4898642534313,1.1105154,1.0684193,0.0,True,1.25921941294838,1.1817520327315427
91,0,305.30222,1043,3563.1875,1.9963055,2,67.123672,1.1745156147857274,0.0,211.61937301169212,1.0780983,0.0,0.0,True,1.1455904203500091,0.0
92,2272,312.05911,1043,3486.0352,3.1668885,5,64.959213,1.2004948769980563,0.9474678538583857,2411.9971290521785,1.0785426,0.92550796,0.0,True,1.1639091938986394,0.94087988570087
93,107,240.37273,1043,4525.6758,3.0087159,3,18.908854,0.9248383880287743,0.5561924935339037,1127.6720978311378,0.96678865,0.42130131,0.0,True,0.937423466620142,0.5157251384737326
94,0,197.49883,1043,5508.1289,1.9681129,2,63.990891,0.759940187313747,0.0,136.89575717838792,0.88116121,0.0,0.0,True,0.796306494119623,0.0
95,701,241.83932,1043,4498.2305,3.1212609,4,19.351824,0.9304786473468173,0.7791073174181627,1585.3430530728047,0.97028303,0.79557776,0.0,True,0.9424199621427721,0.784048450192714
96,16683,431.29834,1043,2522.2656,2.0160322,4,31.832947,1.6588461960535732,1.2410109091852781,4193.196924257745,1.2185596,1.2726845,0.0,True,1.5267602172375012,1.2505129864296947
97,0,245.56454,1043,4429.9922,2.1564243,3,19.619322,0.9448049995189276,0.0,170.2123685464999,0.97853535,0.0,0.0,True,0.9549241046632493,0.0
98,8833,279.54099,1043,3891.5547,4.096149,6,81.834541,1.0754615540366983,1.0990680314184151,2540.0426042056974,1.0678045,1.0550016,0.0,True,1.0731644378256888,1.0858481019928905
99,5397,276.89444,1043,3928.75,4.0560541,6,81.841217,1.0652848409053974,1.0382928628678079,2379.6222419996357,1.0616759,1.0423213,0.0,True,1.0642021586337782,1.0395013940074656
100,5229,278.67633,1043,3903.6289,2.819535,5,73.447365,1.0721367788908185,1.0352746406290287,2386.126432069604,0.97645688,0.86516404,0.0,True,1.043432809223573,0.9842414604403201
101,873,223.32997,1043,4871.0391,2.96275,4,68.43084,0.8592930002118987,0.7976138722191344,1512.8872173135294,0.96324068,0.82187742,0.0,True,0.890477304148329,0.804892936553394
102,406,191.56145,1043,5678.8516,3.0046296,4,82.062698,0.7371022310086204,0.6950596454105026,1151.527056266264,0.87323827,0.72652155,0.0,True,0.7779430427060342,0.7044982167873518
103,1757,231.36551,1043,4701.8633,4.0869141,6,76.175026,0.8901977207519808,0.883588109925259,1728.878945781585,0.95946062,0.85713428,0.0,True,0.9109765905263865,0.8756519609476814
104,3585,276.89801,1043,3928.6992,3.9088702,5,99.119736,1.0652986085500744,0.9888804823498768,2266.430003836449,1.0616759,1.0343411,0.0,True,1.0642117959850521,1.0025186676449138
105,7790,232.19345,1043,4685.0977,2.3547158,4,23.022556,0.8933819298003731,1.0600917329398474,2080.6513370977177,0.90269411,0.94767231,0.0,True,0.8961755838602612,1.0263659060578931
106,15333,287.53284,1043,3783.3906,2.0276406,4,11.374348,1.106191891634351,1.169757344903767,2771.210767916285,0.98897868,0.99024773,0.0,True,1.0710279281440456,1.115904460432637
107,23,191.13901,1043,5691.4023,3.0128481,4,81.391197,0.7354773416220545,0.36752238029291057,615.2527384782413,0.8730613,0.23479725,0.0,True,0.7767525291354381,0.3277048412050374
108,168,220.93719,1043,4923.793,2.9956474,4,75.2631,0.8500902064680531,0.6033440487787058,1134.6888750882767,0.95893639,0.82554424,0.0,True,0.8827440615276372,0.6700041061450941
109,18995,292.96689,1043,3713.2148,2.1308281,4,19.699619,1.127086484579274,1.1984709649124836,2886.3204499033195,0.9917767,1.0184118,0.0,True,1.086493549205492,1.1444532154387386
110,9,180.76294,1043,6018.0977,3.8411827,4,16.061295,0.695564855764532,0.2645729650333656,433.45059932313546,0.82193285,0.1693618,0.0,True,0.7334752540351724,0.23600961552335592
111,585,217.33006,1043,5005.5156,3.8033307,4,26.581497,0.836216743566189,0.748139270675088,1385.4845265947295,0.92258352,0.84170264,0.0,True,0.8621267764963323,0.7762082814725616
112,4434,223.30991,1043,4871.4766,4.7046261,5,71.237961,0.8592158600677164,0.9888733278310444,1875.2468335211418,0.88694459,0.87651092,0.0,True,0.8675344790474016,0.9551646054817311
113,5865,291.94357,1043,3726.2305,2.4793577,3,40.463383,1.1231516904303236,1.0550794523762097,2533.2231743262064,1.1111671,0.93742692,0.0,True,1.1195563133012265,1.0197836926633468
114,6134,308.51904,1043,3526.0352,1.2082608,3,33.740154,1.1868839597714023,1.0676950012962225,2690.8809593456795,1.088601,0.93646163,0.0,True,1.1573990718399816,1.0283249899073557
115,1599,187.36949,1043,5805.9023,2.5686216,4,17.906105,0.7209777596274116,0.8512327059987466,1382.483993328501,0.83725584,0.76869178,0.0,True,0.7558611837391881,0.8264704281991226
116,3186,211.36299,1043,5146.8281,3.0699334,5,20.778477,0.8132663019744029,0.9438517492279798,1705.0967418510293,0.86258423,0.83860588,0.0,True,0.8280616803820819,0.9122779884595857
117,343,198.8978,1043,5469.3867,3.9972565,4,21.627874,0.7653212280515451,0.6785549728436711,1162.26812874982,0.88536888,0.82096851,0.0,True,0.8013355236360815,0.7212790339905698
118,944,229.46997,1043,4740.7031,4.5032845,5,68.126564,0.8829075529498971,0.8093951863422326,1572.3838967530573,0.89861006,0.84688127,0.0,True,0.887618305064928,0.8206410114395628
119,260,202.48705,1043,5372.4375,4.6665392,6,15.270778,0.7791268180881982,0.6478210263214541,1127.5176519502984,0.84457558,0.71602774,0.0,True,0.7987614466617388,0.668283040425018
120,2876,226.38078,1043,4805.3945,2.1291168,4,11.631699,0.8710265796553394,0.9394187332228625,1803.089156484015,0.94202965,0.93761027,0.0,True,0.8923275007587376,0.9388761942560038
121,6715,354.19949,1043,3071.2891,3.0493371,5,66.249413,1.3625039012401698,1.097302414848344,3121.346489523102,1.0588044,0.9462207,0.0,True,1.271394050868119,1.0519779003938408
122,20247,431.29767,1043,2522.2695,1.9973215,4,38.485458,1.6588436331338199,1.2657238761458625,4276.68761103746,1.2185596,1.2724642,0.0,True,1.526758423193674,1.2677459733021037
123,5734,312.09161,1043,3485.6719,3.8501043,5,31.576061,1.2006199288381716,1.0609353670184614,2701.002263608581,1.0785433,0.98744702,0.0,True,1.16399694018672,1.038888862912923
124,29218,431.26361,1043,2522.4688,2.0252967,4,19.350357,1.6587126719050322,1.3125268825183394,4434.514941841855,1.218559,1.2714951,0.0,True,1.5266665703335227,1.3002173477628376
125,555,311.2663,1043,3494.9141,4.0416355,4,137.71877,1.197446739795207,0.774611352662269,1968.001488740778,1.0779461,0.65284592,0.0,True,1.161596547856645,0.7380817228635882
126,10488,352.30991,1043,3087.7617,2.8940549,5,77.516464,1.355239916524595,1.152051175012867,3261.7477527408387,1.0742307,0.98954338,0.0,True,1.2709371515672165,1.103298836509007
127,32705,431.9191,1043,2518.6406,2.011302,4,71.63665,1.6612318266986934,1.327174572860184,4489.947797979883,1.218417,1.2712616,0.0,True,1.5283873786890854,1.310400681002129
128,0,305.92264,1043,3555.9609,2.0062923,2,71.794182,1.1769011819069992,0.0,212.04941538545515,1.0772791,0.0,0.0,True,1.1470145573348995,0.0
129,0,319.9567,1043,3399.9883,1.0087414,2,39.965866,1.2308591385775463,0.0,221.77708450626426,1.0197338,0.0,0.0,True,1.1675215370042824,0.0
130,19682,343.24786,1043,3169.2812,2.2886529,4,35.588989,1.3204027408193544,1.226402589629961,3393.884291850249,1.1044474,1.0503888,0.0,True,1.255616138573548,1.1735984527409726
131,21157,371.26566,1043,2930.1094,1.8981405,3,60.498745,1.4281078285785964,1.2474949835404285,3697.7393781475735,1.087502,1.0484176,0.0,True,1.3259260800050174,1.1877717684783
132,7643,286.54321,1043,3796.457,3.0866675,5,24.56716,1.1023866765870696,1.084810827247515,2562.2141148966307,1.0789889,1.0007957,0.0,True,1.0953673436109486,1.0596062890732605
133,7570,278.39554,1043,3907.5664,4.0106249,6,17.979935,1.0710569817637297,1.0798703896552837,2486.688125764648,1.0490446,1.0495855,0.0,True,1.0644532672346108,1.0707849227586985
134,6188,272.96936,1043,3985.2422,4.0501728,5,50.71722,1.0501916307940589,1.0529993160923357,2383.210961477465,1.0484651,1.0394593,0.0,True,1.0496736715558412,1.048937311264635
135,1003,212.60513,1043,5116.7578,5.7156796,7,52.94582,0.8180438598577355,0.8092563685789826,1469.6845860075184,0.85594743,0.74708599,0.0,True,0.8294149309004148,0.7906052550052878
136,147,205.01775,1043,5306.1211,1.7651516,3,41.866726,0.7888607493127635,0.5826170549863461,1025.8978127657497,0.84529179,0.44519585,0.0,True,0.8057900615189344,0.5413906934904422
137,931,223.20844,1043,4873.6914,6.6932983,6,49.714066,0.8588255582354722,0.8051288098193327,1526.3897569690223,0.87136167,0.77238834,0.0,True,0.8625863917648305,0.7953066688735329
138,152,217.34058,1043,5005.2734,2.6036942,4,38.684097,0.8362571910670766,0.5905069329591645,1094.7342000410877,0.8743096,0.74646312,0.0,True,0.8476729137469536,0.6372937890714152
139,113,217.29343,1043,5006.3594,6.8288903,6,56.115253,0.8360758591703483,0.5559529574534391,1031.0425772892509,0.86515254,0.33384904,0.0,True,0.8447988634192438,0.4893217822174073
140,4389,239.68073,1043,4538.7422,7.0949655,7,78.873917,0.922177081180449,0.9959647085057691,2010.2771277461898,0.97012615,0.98737913,0.0,True,0.9365618018263143,0.9933890349540384
141,2994,198.10393,1043,5491.3047,3.3753018,5,14.178636,0.7622676361624162,0.9295395555569278,1585.8285653536561,0.83508462,0.90902734,0.0,True,0.7841127313136914,0.9233858908898495
142,0,186.49132,1043,5833.2422,3.1714654,3,15.05426,0.7175997576225527,0.0,129.26593265690255,0.81318539,0.0,0.0,True,0.7462754473357869,0.0
143,0,168.33356,1043,6462.4609,4.3573337,4,17.636911,0.6477521410004802,0.0,116.67993250761839,0.77015865,0.0,0.0,True,0.6844740937003361,0.0
144,651,219.93149,1043,4946.3086,4.2974944,5,36.787495,0.8462221593028556,0.7617305922149327,1425.5029155916882,0.8781333,0.7950424,0.0,True,0.8557955015119989,0.7717241345504529
145,567,205.67776,1043,5289.0938,2.4371898,4,30.047655,0.7913993867182795,0.7396949107044527,1304.7951173989313,0.86134875,0.75811505,0.0,True,0.8123841957027956,0.7452209524931168
146,11119,228.81255,1043,4754.3242,3.6441453,4,48.706993,0.8803790936683606,1.1002735013995184,2131.7528277388233,0.89448303,1.0026332,0.0,True,0.8846102745678524,1.070981410979663
147,30475,301.16983,1043,3612.0781,2.2364786,4,37.367111,1.1586269783126408,1.2602050755085605,3109.496449992527,0.99714071,1.0275848,0.0,True,1.1101810978188487,1.1904189928559923
148,8731,227.87192,1043,4773.9492,2.9871602,6,20.085403,0.8767615008109573,1.0712020602159673,2067.9067363794434,0.89248323,0.9868924,0.0,True,0.8814780195676701,1.0459091621511771
149,5541,207.57878,1043,5240.6562,4.8584733,6,11.23332,0.7987112312245251,1.0064609342297497,1789.3895200413606,0.85481018,0.94823885,0.0,True,0.8155409158571676,0.9889943089608247
150,2402,231.29211,1043,4703.3555,3.9813108,5,88.544075,0.889915414125222,0.920512927258824,1800.5834713084816,0.95831203,0.63197899,0.0,True,0.9104343988876553,0.8339527460811769
151,42,174.603,1043,6230.4141,2.7969303,3,20.554272,0.6718694106652654,0.4304575520358057,660.7308626510302,0.78618145,0.24935229,0.0,True,0.7061630224656859,0.376125973425064
152,0,177.26884,1043,6136.7188,2.076421,2,24.528263,0.6821241573060638,0.0,122.87339664713205,0.79420674,0.0,0.0,True,0.7157489321142446,0.0
153,811,224.63872,1043,4842.6602,3.4451628,3,33.053524,0.8643265400510216,0.7894918244921333,1505.2436595129998,0.89368016,0.79156971,0.0,True,0.8731326260357151,0.7901151901444933
154,1651,219.99004,1043,4944.9922,4.8452539,6,32.598606,0.8464473399389817,0.871043952249309,1630.202554463531,0.8652975,0.8032341,0.0,True,0.8521023879572871,0.8507009965745163
155,769,189.5206,1043,5740.0039,3.5068884,4,29.94515,0.7292520975802351,0.7678595124528836,1259.8738891707462,0.80692983,0.75474977,0.0,True,0.7525554173061646,0.7639265897170185
156,33487,311.14426,1043,3496.2852,2.5033383,4,63.098015,1.1969774186475393,1.276782051178094,3241.8034280121815,1.0046617,1.0336617,0.0,True,1.1392827030532775,1.2038459458246658
157,1019,273.04108,1043,3984.1953,2.6589925,3,29.140125,1.0504674440785404,0.8355673398016723,1891.775448692524,0.96708184,0.74800187,0.0,True,1.0254517628549782,0.8092976988611706
158,1758,283.31042,1043,3839.7773,1.6367242,3,58.725128,1.0899560441436547,0.9053241376435632,2117.1983420194188,0.96686161,0.74599439,0.0,True,1.0530277139005584,0.8575252133504943
159,12965,353.02847,1043,3081.4766,2.1241062,4,45.268112,1.3580023238667973,1.178730897487957,3343.237136023873,1.0741328,0.9787209,0.0,True,1.2728414667067582,1.1187278982415698
160,1903,336.43283,1043,3233.4805,2.3837719,4,152.92628,1.2942029440106007,0.9343586156160131,2540.8205634856045,1.0853785,1.0310872,0.0,True,1.2315556108074204,0.9633771909312091
161,3636,377.06253,1043,2885.0625,2.4837155,4,141.65886,1.4503906265932556,1.0289361737722664,3091.6070836830545,1.0860678,1.0319018,0.0,True,1.3410937786152788,1.0298258616405866
162,0,254.77536,1043,4269.8359,2.0086441,2,55.8232,0.9802268828699368,0.0,176.59682246014506,0.96739721,0.0,0.0,True,0.9763779810089558,0.0
163,1851,321.45615,1043,3384.1289,2.9806674,4,59.869423,1.2366240364886554,0.925721461383589,2418.8164822409703,1.0214635,0.87034649,0.0,True,1.1720758755420588,0.9091089699685122
164,75,305.64297,1043,3559.2148,3.9857635,4,65.858948,1.1758258413361897,0.5295500595132776,1327.6535902374628,1.0776405,0.57009482,0.0,True,1.1463702389353327,0.5417134876592943
165,35765,433.20844,1043,2511.1445,2.0110672,4,70.575882,1.6661868779884685,1.339102296336117,4542.095603237778,1.2181345,1.2710967,0.0,True,1.531771164591928,1.3187006174352818
166,26049,374.73724,1043,2902.9648,2.4433932,5,19.111597,1.441452367474088,1.2750324928515324,3810.2575936778053,1.0877219,1.0615062,0.0,True,1.3353332272318617,1.2109746049960726
167,1842,331.92575,1043,3277.3867,4.1981487,6,122.04644,1.2768754561299192,0.9287812725858114,2495.9795410056854,1.122447,0.95501304,0.0,True,1.2305469192909433,0.936650802810068
168,38178,433.19699,1043,2511.2109,3.1495235,5,23.583303,1.6661428566893812,1.3474362580201358,4570.25731083962,1.2181343,1.2709279,0.0,True,1.5317402896825667,1.324483750614095
169,1675,337.82288,1043,3220.1758,4.0806885,6,75.940392,1.299546842971414,0.9190458982580888,2508.2544016929905,1.1229665,0.9728002,0.0,True,1.2465727400799897,0.9351721887806622
170,0,284.51392,1043,3823.5352,3.6175542,4,154.53462,1.0945836777005453,0.0,197.21002147805783,,,,False,1.0945836777005453,0.0
171,1839,255.33318,1043,4260.5078,4.4594455,5,26.417355,0.9823720178034373,0.8994565677013298,1919.611234838338,0.98512065,0.67025632,0.0,True,0.9831966074624061,0.8306964933909308
172,0,231.67346,1043,4695.6133,0.41906923,1,168.29791,0.8913820957525156,0.0,160.58380560956726,,,,False,0.8913820957525156,0.0
173,0,285.02612,1043,3816.6641,2.1289134,3,213.41109,1.0965532130435067,0.0,197.56505146394062,,,,False,1.0965532130435067,0.0
174,18809,376.58936,1043,2888.6875,2.9990761,5,49.814301,1.4485717976740449,1.2349615355875863,3706.466700892457,1.1293833,1.1324881,0.0,True,1.3528152483718312,1.2042195049113102
175,13059,376.12552,1043,2892.25,2.018106,4,51.21946,1.4467887668269468,1.1889995491704475,3564.686726048049,1.1288749,1.1245987,0.0,True,1.3514146067788628,1.1696792944193133
176,2501,278.08557,1043,3911.9219,2.9974685,4,43.610806,1.0698650855523946,0.9458806616335795,2176.0877972576213,1.0079805,0.87792242,0.0,True,1.0512997098866763,0.9254931891435056
177,4731,374.64346,1043,2903.6914,2.0294409,4,123.27767,1.4410919165018317,1.0611092787208807,3170.3507950923504,1.1273791,1.118906,0.0,True,1.3469780715512822,1.0784482951046164
178,6656,351.44247,1043,3095.3828,3.0157969,4,43.947521,1.351905353251426,1.0951391100328536,3093.9499383381667,1.0687133,0.87411827,0.0,True,1.266947737275998,1.0288328580229975
179,0,263.26276,1043,4132.1797,4.0069213,4,51.343357,1.0128655966234101,0.0,182.47983984042955,0.95861709,0.0,0.0,True,0.9965910446363871,0.0
180,0,374.67773,1043,2903.4258,0.99468595,2,74.664032,1.4412236541676235,0.0,259.70681216810044,1.1274037,1.1155435,3.5455978871467084,True,1.3470776679173366,0.3346630500000001
181,185,263.00269,1043,4136.2656,3.0008576,3,44.014561,1.0118655478248886,0.6274705763993442,1375.7956379149355,0.95855796,0.59722292,0.0,True,0.995873271477422,0.618396279479541
182,0,210.82408,1043,5159.9844,1.9989247,2,50.576694,0.811193537971345,0.0,146.13211664614437,0.87072647,0.0,0.0,True,0.8290534175799416,0.0
183,651,263.92017,1043,4121.8867,2.9892726,3,43.720039,1.0153936548229832,0.7784030082801446,1710.6189378267475,0.96031582,0.79033941,0.0,True,0.9988703043760883,0.7819839287961012
184,2620,326.59863,1043,3330.8438,3.0079095,5,227.57597,1.2563950306908744,0.9703434996167829,2570.8840399491523,1.0688262,0.90356565,0.0,True,1.200124381483612,0.9503101447317481
185,0,202.17688,1043,5380.6797,4.0184445,4,227.99348,0.7779337842429842,0.0,140.1383343464064,0.87138677,0.0,0.0,True,0.8059696799700891,0.0
186,6210,319.77594,1043,3401.9102,2.9967976,5,227.30157,1.2301641765957547,1.0739094160071694,2792.999225558378,1.071131,0.94886476,0.0,True,1.1824542236170283,1.0363960192050186
187,12105,351.93991,1043,3091.0078,2.0229185,4,76.882835,1.3538175973526128,1.1697394734889421,3308.776816518005,1.0695313,1.0010731,0.0,True,1.2685317081468288,1.1191395614422595
188,0,250.96048,1043,4334.7422,1.9824024,3,35.932137,0.9655562159975501,0.0,173.95254914397054,0.96164978,0.0,0.0,True,0.9643842851982851,0.0
189,1030,249.57484,1043,4358.8086,3.0434747,5,42.708748,0.9602275111062867,0.8278941432741062,1731.863193302678,0.95966625,0.3838374,0.0,True,0.9600591327744008,0.6946771202918742
190,3736,454.97064,1043,2391.0312,2.0365543,4,38.546589,1.7498177158696848,1.0572316847650707,3742.727700203248,1.2069446,1.4441847,0.0,True,1.5869557811087793,1.1733175893355496
191,5598,319.7807,1043,3401.8594,2.9909589,4,48.265965,1.2301825358558849,1.0611566304945694,2759.874327103872,1.070856,0.87829739,0.0,True,1.1823845750991195,1.0062988583461987
192,0,454.20041,1043,2395.0859,1.0035125,2,2.1063435,1.7468578778878514,0.0,314.82773360067114,,,,False,1.7468578778878514,0.0
193,68,182.85733,1043,5949.168,4.6371555,5,11.255775,0.7036212703773261,0.4871542590341621,776.8684964788496,0.80389971,0.68062943,0.0,True,0.7337048022641283,0.5451968103239135
194,1081,194.12389,1043,5603.8906,3.4370737,5,29.235659,0.7469586346171099,0.8094030963384768,1356.438788084893,0.82795948,0.80574793,0.0,True,0.7712588882319769,0.8083065464369339
195,258,190.46448,1043,5711.5586,4.1690769,5,12.746395,0.7328827236302241,0.6423505144568554,1059.1123352969244,0.83281881,0.74772078,0.0,True,0.7628635495411569,0.6739615941197988
196,710,199.12292,1043,5463.2031,7.021513,8,16.089256,0.7661871501882319,0.7630041102179512,1307.8548525078538,0.87043881,0.84277624,0.0,True,0.7974626481317624,0.7869357491525658
197,0,203.85095,1043,5336.4922,3.9983759,5,12.708259,0.784372858761298,0.0,141.29871124696638,0.87444144,0.0,0.0,True,0.8113934331329087,0.0
198,119,181.88757,1043,5980.8867,1.621336,3,20.082829,0.6998909720936034,0.550487266374606,872.2946885675656,0.79502773,0.59075332,0.0,True,0.7284319994655224,0.5625670824622242
199,172,205.29659,1043,5298.9141,3.8211701,4,18.839783,0.7899332661113846,0.6009092635375898,1059.1364605501726,0.8409819,0.67614889,0.0,True,0.8052478562779691,0.6234811514763128
200,2334,210.3235,1043,5172.2656,4.5315981,5,24.85656,0.8092681574731864,0.9069326798696213,1631.310151422872,0.84838837,0.7628023,0.0,True,0.8210042212312305,0.8636935659087349
201,807,219.76071,1043,4950.1523,6.5956759,6,39.417587,0.8455653491086877,0.7868753619376943,1471.4735240300051,0.86622,0.66132778,0.0,True,0.8517617443760814,0.749211087356386
202,7501,241.46335,1043,4505.2344,5.5122781,8,35.901085,0.9290327541848923,1.0605282371415006,2154.591529936547,0.95774186,0.96377254,0.0,True,0.9376454859294245,1.0315015279990505
203,3349,326.60553,1043,3330.7734,2.6070437,4,84.406319,1.2564215702120314,1.0005985717416586,2651.0616881429105,1.0444124,0.89113021,0.0,True,1.192818819148422,0.9677580632191609
204,4542,354.20218,1043,3071.2656,0.92374372,3,126.03063,1.3625143197479874,1.048627846098347,2982.9359595812834,1.0782573,0.91122103,0.0,True,1.2772372138235912,1.0074058012688427
205,3972,223.90202,1043,4858.5938,2.7889338,4,54.274193,0.8614931756669094,0.976223117174553,1855.5943547421382,0.87129843,0.89251161,0.0,True,0.8644347519668366,0.9511096650221871
206,15553,355.45993,1043,3060.3984,3.082005,5,41.876423,1.3673493260670757,1.2024089004657823,3430.9480878714407,1.0738271,0.97535527,0.0,True,1.279292658246953,1.1342928113260475
207,4869,283.9549,1043,3831.0625,2.2350717,4,102.86007,1.0924341537318765,1.0289842776949771,2411.0765410415834,0.96779627,0.81623274,0.0,True,1.0550427886123135,0.965158816386484
208,9669,244.67436,1043,4446.1094,2.9275718,5,31.354376,0.9413816099911775,1.0924145154198504,2245.3489524693705,0.90871811,0.92450809,0.0,True,0.9315825599938243,1.0420425877938952
209,35042,323.70737,1043,3360.5938,2.1872776,4,21.007473,1.2452792806520045,1.2885892913712087,3387.3903552095544,1.01644,1.0400199,0.0,True,1.1766274964564032,1.214018473959846
210,715,269.13867,1043,4041.9648,3.2543869,4,81.275597,1.0354611366520525,0.7915110899013299,1769.6071668881136,0.95081109,0.61154163,0.0,True,1.0100661226564367,0.737520251930931
211,15982,253.57578,1043,4290.0352,2.7259891,4,23.84734,0.9756137108076118,1.1571513534634394,2454.44707812569,0.92055535,0.98256201,0.0,True,0.9590962025653282,1.1047745504244075
212,6616,295.15466,1043,3685.6914,1.8047707,4,46.380165,1.1354985909040247,1.0711516388751656,2596.6374329512882,0.99019265,0.88878167,0.0,True,1.0919068086328174,1.0164406482126158
213,8,219.44087,1043,4957.3672,4.8684831,5,25.517097,0.844335218490958,0.2582164630101849,505.2812760556443,0.86692554,0.16224824,0.0,True,0.8511123149436707,0.22942599610712944
214,825,330.81464,1043,3288.3945,2.3502929,4,55.326935,1.2726037526469518,0.8293047944309909,2222.348141774572,1.1109743,0.91578609,0.0,True,1.2241149168528662,0.8552491831016937
215,1603,344.34454,1043,3159.1875,2.4598246,4,69.629616,1.3246187985966953,0.9157759152748429,2541.565396296969,1.1014951,0.90145433,0.0,True,1.2576816890176867,0.91147943969239
216,1495,316.18454,1043,3440.5508,3.8485227,5,41.574646,1.2163563100910204,0.8976323902028732,2311.6942217172636,1.0714067,0.90943831,0.0,True,1.1728714270637144,0.9011741661420112
217,53169,323.78076,1043,3359.832,2.0083146,4,18.395029,1.2455614642221535,1.3399664646228797,3523.145356822945,1.0164413,1.071871,0.0,True,1.1768254149555075,1.2595378252360159
218,18064,360.41861,1043,3018.293,6.0414114,7,113.4823,1.3864113145277264,1.223161518954391,3532.7464452306353,1.1077105,0.9935208,0.0,True,1.3028010701694086,1.1542693032680738
219,13347,251.79936,1043,4320.3008,1.8814647,4,35.785145,0.9687822717911929,1.1346605049171545,2391.8916633363906,0.93516505,0.97606844,0.0,True,0.9586971052538351,1.0870828854420083
220,6439,322.36517,1043,3374.5859,3.2050867,4,40.306007,1.2401190173745886,1.0794306398563518,2827.2840871093326,1.025764,0.86263692,0.0,True,1.175812512162212,1.0143925238994462
221,51052,327.45578,1043,3322.125,2.0761466,4,26.782661,1.2596904112778222,1.336819411851067,3549.829956773596,1.0208148,1.0760765,0.0,True,1.1880277278944755,1.258596538295747
222,8557,351.19785,1043,3097.5391,3.344934,4,81.997437,1.3509648542226458,1.126290419341509,3180.0047426383458,1.0538275,0.69337356,0.0,True,1.261823647955852,0.9964153615390564
223,5070,352.30991,1043,3087.7617,2.1338143,4,90.174095,1.355239916524595,1.061611476136073,3005.7286488528575,1.1190965,0.98821414,0.0,True,1.2843968915672166,1.0395922752952511
224,5338,358.93536,1043,3030.7656,4.1054215,5,123.44608,1.3807095373242464,1.0704994732100117,3080.735350684131,1.1120803,0.98631042,0.0,True,1.3001207661269725,1.0452427572470082
225,15024,258.40051,1043,4209.9336,2.858752,4,11.917391,0.9941677115681241,1.1523567319218757,2485.1765466049105,0.93401605,0.98443717,0.0,True,0.9761222130976869,1.101980863345313
226,2074,317.94434,1043,3421.5078,5.0681791,7,41.203178,1.223122198929674,0.9384427737303708,2428.521899568601,1.0747049,0.93492466,0.0,True,1.1785970092507718,0.9373873396112595
227,27867,377.94577,1043,2878.3203,4.0918293,6,13.72759,1.4537856739019237,1.2848643406992242,3868.377091620599,1.0884674,1.063316,0.0,True,1.3441901917313466,1.2183998384894568
228,2065,342.72278,1043,3174.1367,2.2634499,4,166.21957,1.3183841830198588,0.9466294494572205,2616.2955140870313,1.078768,1.014613,0.0,True,1.2464993281139012,0.9670245146200543
229,3773,368.34973,1043,2953.3047,2.3002346,4,149.54089,1.4168990386638949,1.030556141073128,3033.7857142189505,1.0873599,1.0158165,0.0,True,1.3180372970647265,1.0261342487511897
230,45080,434.79922,1043,2501.957,3.9552164,6,23.965994,1.6723004382219386,1.369304802965143,4659.412068410281,1.217761,1.2727685,0.0,True,1.535938606755357,1.3403439120756
231,2377,342.91608,1043,3172.3477,4.38309,6,62.271011,1.3191271984442319,0.9641385146029648,2665.97894940589,1.1250889,0.9912703,0.0,True,1.2609157089109622,0.9722780502220754
232,50730,431.7323,1043,2519.7305,2.9514594,5,26.671598,1.6605138369817436,1.3831428704087212,4677.522505245246,1.2177931,1.2735281,0.0,True,1.5276976158872206,1.3502584392861048
233,31285,397.64877,1043,2735.7031,4.5255504,6,62.61956,1.529518810271607,1.3077210922114888,4116.04569904369,1.0978795,1.0683098,0.0,True,1.4000270171901248,1.2358977045480422
234,2193,320.91422,1043,3389.8438,4.229948,5,41.946953,1.2345404550731052,0.9463747860203285,2469.093895544694,1.0851988,0.90644228,0.0,True,1.1897379585511736,0.93439503421423
235,53584,431.77246,1043,2519.4961,3.1946461,5,53.857307,1.6606681994823989,1.3901466373029316,4701.588934498682,1.2177937,1.2725306,0.0,True,1.5278058496376792,1.3548618261120522
236,0,307.65164,1043,3535.9766,1.9910513,2,77.557228,1.1835489212644568,0.0,213.24786686064328,1.0762359,0.0,0.0,True,1.1513550148851197,0.0
237,1227,278.13806,1043,3911.1836,2.0416484,3,42.276817,1.0700669369024471,0.8598683255253535,1978.6619512398443,1.0116634,0.85886854,0.0,True,1.052545875831713,0.8595683898677475
238,2240,353.66782,1043,3075.9062,1.8299792,3,42.73259,1.3604600388370804,0.9604532904202919,2728.5909459271106,1.1088696,0.90145022,0.0,True,1.2849829071859564,0.9427523692942044
239,59806,426.68457,1043,2549.5391,2.8789597,5,38.978035,1.641114724986535,1.4020518667653592,4693.058659920553,1.2173966,1.2379178,0.0,True,1.5139992874905746,1.3528116467357514
240,1859,245.37912,1043,4433.3398,3.1650326,4,33.068249,0.9440919021331559,0.8964877182008879,1847.4273127899296,0.97263855,0.86762577,0.0,True,0.9526558964932091,0.8878291337406216
241,0,204.02209,1043,5332.0156,0.86449534,1,12.435994,0.7850311477133458,0.0,141.4173364554474,0.89233637,0.0,0.0,True,0.817222714399342,0.0
242,0,219.99872,1043,4944.7969,4.0633769,4,54.850475,0.8464807577583973,0.0,152.49149249479683,0.89976305,0.0,0.0,True,0.8624654454308781,0.0
243,161,270.74731,1043,4017.9492,3.0322099,4,35.217442,1.0416470905624604,0.6130170880979923,1379.119164680391,0.99999112,0.47996548,0.0,True,1.0291502993937223,0.5731016056685946
244,150,219.71788,1043,4951.1172,3.3023138,3,93.508331,0.8454006273844865,0.5897149755174891,1103.8363774136396,0.90230459,0.43082166,0.0,True,0.8624718161691405,0.5420469808622423
245,29166,394.854,1043,2755.0664,2.917119,5,45.879261,1.5187767651837802,1.2977055280093377,4059.4258604682354,1.1355592,1.204452,0.0,True,1.4038114956286463,1.2697294696065364
246,37,273.90689,1043,3971.6016,2.0519774,3,37.671494,1.0537967340230814,0.4389149013256422,1003.4747768146518,1.0052779,0.37155616,0.0,True,1.039241083816157,0.4187072789279495
247,0,324.79617,1043,3349.3281,3.1559582,4,62.018417,1.2494653652051826,0.0,225.1315494921687,1.0972317,0.0,0.0,True,1.203795265643628,0.0
248,3868,333.4451,1043,3262.4531,3.3585212,5,75.427124,1.282716663440161,1.0209608606855474,2754.5932342016936,1.0852721,0.9025346,0.0,True,1.2234832944081127,0.9854329824798831
249,1378,277.72198,1043,3917.043,3.0301647,4,41.989708,1.0684670692280973,0.8737295181184943,2007.8851405489456,0.99474484,0.84864199,0.0,True,1.0463504004596682,0.866203259682946
250,62451,427.72394,1043,2543.3438,1.9685464,4,40.687843,1.6451091551518071,1.408004450508328,4723.000267284769,1.2171108,1.2375616,0.0,True,1.516709648606265,1.3568715953558297
251,3229,277.72339,1043,3917.0234,3.0457854,5,37.901073,1.0684724128947254,0.9765991143150093,2244.1568964029934,0.99474484,0.90951031,0.0,True,1.0463541410263077,0.9564724730205065
252,2747,360.33887,1043,3018.9609,4.2323108,6,79.171768,1.3861047947985328,0.9881411818477651,2853.5208047239526,1.097734,0.89804316,0.0,True,1.299593556358973,0.9611117752934356
253,2536,318.87302,1043,3411.543,4.2890844,6,19.84618,1.2266927319763925,0.963487128405691,2499.6875828628145,1.0771183,0.9601168,0.0,True,1.1818204023834746,0.9624760298839836
254,16981,391.23618,1043,2780.543,3.0512185,5,44.098591,1.5048710436420536,1.2280065531003028,3810.6279216487856,1.098843,0.93054479,0.0,True,1.3830626305494373,1.138768024170212
255,25156,372.72256,1043,2918.6562,4.2512913,7,81.674362,1.4337080784752725,1.2698008673871712,3776.7720632800815,1.1109647,1.0463446,0.0,True,1.3368850649326909,1.2027639871710198
256,19330,392.41647,1043,2772.1797,3.9776146,6,20.759089,1.509407767776864,1.2448132277628476,3872.961034680989,1.1003522,0.95433694,0.0,True,1.386691097443805,1.1576703414339935
257,142,288.1749,1043,3774.9609,4.0179424,5,81.720695,1.1086607723127053,0.6025107396492617,1432.175450623984,0.99168283,0.77153492,0.0,True,1.0735673896188938,0.6532179937544832
258,63620,328.22379,1043,3314.3516,1.3152827,3,59.066639,1.2626430769249228,1.3643524433634138,3630.389666600904,1.0216184,1.1023942,0.0,True,1.190335673847446,1.2857649703543896
259,64922,353.58832,1043,3076.5977,2.2759144,3,50.449455,1.3601544587618224,1.3795060556881205,3918.102497630861,1.063481,1.1088637,0.0,True,1.2711524211332756,1.2983133489816843
260,27713,396.51135,1043,2743.5508,4.0390625,6,19.655622,1.5251469353212808,1.2919376485997718,4056.2036804499257,1.1042887,0.97609955,0.0,True,1.3988894647248964,1.1971862190198403
261,3567,319.92914,1043,3400.2812,2.9157281,4,125.81447,1.2307531747784077,1.0058118926448587,2617.033393831185,1.0786548,0.98409396,0.0,True,1.1851236623448853,0.9992965128514011
262,2825,361.68903,1043,3007.6914,6.0934453,7,142.66689,1.3912949308985267,0.9920963718309334,2874.332361801978,1.0965487,0.88339543,0.0,True,1.3028710616289687,0.9594860892816534
263,0,464.22397,1043,2343.3711,1.0137596,2,31.880505,1.78537562281248,0.0,321.7755359538446,,,,False,1.78537562281248,0.0
264,7114,465.82666,1043,2335.3086,2.0571334,4,17.315998,1.791534240873837,1.1434512201017133,4131.929545418352,1.2456533,1.4699907,0.0,True,1.627769958611686,1.2414130640711993
265,21736,467.52521,1043,2326.8242,1.9832346,4,79.103691,1.7980611797098685,1.288025951060989,4669.0887900181715,1.2453761,1.469944,0.0,True,1.632255655796908,1.3426013657426923
266,11304,330.01843,1043,3296.3281,3.9847317,5,50.072964,1.2695427081341273,1.152012614705209,3080.091325114898,1.0983528,0.9407239,0.0,True,1.218185735693889,1.0886260002936463
267,0,253.17789,1043,4296.7773,1.0119311,2,10.711843,0.9740835814846447,0.0,175.48954063361597,0.92905825,0.0,14.815903955341108,True,0.9605759820392512,0.0
268,3708,253.6573,1043,4288.6562,3.0417004,5,34.573303,0.9759272692109171,0.9825558399724706,2084.7553591645515,1.0314424,0.84582317,0.0,True,0.9925818084476419,0.9415360389807295
269,0,203.80186,1043,5337.7773,2.0093427,2,27.671471,0.7841840873005866,0.0,141.2646846518727,0.92905825,0.0,0.0,True,0.8276463361104107,0.0
270,4866,355.04755,1043,3063.9531,3.0384598,5,47.872009,1.3657640061059284,1.0575196607316395,3014.509371556626,1.1104155,0.95699471,0.0,True,1.2891594542741498,1.0273621755121476
271,4381,279.56342,1043,3891.2422,3.0325813,5,34.458145,1.0755478784209445,1.0142739212376377,2344.275899460438,0.99609929,0.90081304,0.0,True,1.0517133018946612,0.9802356568663464
272,113,275.41626,1043,3949.8359,3.9885333,4,60.647499,1.0596007765375304,0.5718534925878962,1306.8314607476464,1.018214,0.44940478,0.0,True,1.0471847435762713,0.5351188788115273
273,38286,467.51108,1043,2326.8945,3.0268059,5,70.210335,1.7980069034423376,1.3610316848763773,4933.593847285518,1.245376,1.4697869,0.0,True,1.6322176324096362,1.393658249413464
274,5754,281.14789,1043,3869.3125,2.9821138,4,32.837997,1.0816405000600935,1.0479588488104323,2434.177888444317,0.9936462,0.83514583,0.0,True,1.0552422100420653,0.9841149431673026
275,1915,305.26941,1043,3563.5703,3.0009582,4,43.896133,1.1743895186665905,0.9240325922788583,2307.3839466246654,1.0764219,0.87418616,0.0,True,1.1449992330666134,0.9090786625952008
276,906,325.58524,1043,3341.2109,3.9693618,5,48.123116,1.2524990237346052,0.8392056888592488,2217.640635705553,1.098238,0.96602106,0.0,True,1.2062207166142236,0.8772503002014742
277,72535,467.67282,1043,2326.0898,2.9995248,5,80.110809,1.7986283812544046,1.443506021272594,5234.125011813207,1.2453831,1.4687629,0.0,True,1.6326547968780831,1.4510830848908158
278,33397,355.39233,1043,3060.9805,3.0431566,5,36.539928,1.3670894700076903,1.2975758340725865,3701.8664592491305,1.1103756,1.1551831,0.0,True,1.2900753090053834,1.2548580138508105
279,0,303.25232,1043,3587.2734,2.0007131,2,66.902565,1.1666340012964436,0.0,210.1984906062623,1.0767778,0.0,0.0,True,1.1396771409075104,0.0
280,66900,427.73773,1043,2543.2617,1.9794773,4,24.774849,1.6451622198176676,1.416785080540385,4752.587134552602,1.2171111,1.2370536,0.0,True,1.5167468838723672,1.3628656363782694
281,30252,378.76773,1043,2872.0742,5.9424138,7,143.59688,1.4569451228464771,1.2955256150437504,3907.8919983315172,1.1112669,1.0476394,0.0,True,1.353241655992534,1.2211597505306253
282,30450,399.92151,1043,2720.1562,3.0983396,5,91.305611,1.538254266374902,1.3052421717179585,4128.752457513746,1.1088392,1.0031772,0.0,True,1.4094297464624312,1.214622680202571
283,69684,427.73642,1043,2543.2695,2.0142868,4,43.133591,1.6451571782040726,1.4219833504237818,4770.011638829275,1.2171111,1.2367148,0.0,True,1.5167433547428506,1.3664027852966472
284,75785,378.31699,1043,2875.4961,3.4546945,6,30.593096,1.455212533003569,1.4106259964866286,4250.649414874434,1.0945163,1.1275017,0.0,True,1.3470036631024982,1.3256887075406398
285,833,292.69162,1043,3716.707,2.6078868,4,75.455765,1.1260280491011772,0.8181372095386976,1969.062889985991,0.9969309,0.79757291,0.0,True,1.087298904370824,0.8119679196770884
286,8,254.90596,1043,4267.6484,1.0553417,2,17.020449,0.9807290896339124,0.26284096802220663,586.9426636113366,0.94338524,0.16326723,0.0,True,0.9695259347437387,0.23296884661554465
287,2,229.90207,1043,4731.793,1.487232,2,81.287209,0.8845693904209354,0.12981828022405256,318.7119432507904,0.90096736,0.081355505,0.0,True,0.8894887812946548,0.11527944765683679
288,818,290.49857,1043,3744.7656,2.9636555,3,85.468552,1.11759550380971,0.815184505029963,1949.043316539829,0.99309856,0.79735053,0.0,True,1.080246420666797,0.8098343125209742
289,33340,379.87183,1043,2863.7266,4.0229235,7,15.040352,1.4611890709982212,1.3082074897570346,3956.2029583133553,1.1110991,1.056965,0.0,True,1.3561620796987548,1.2328347428299242
290,27409,382.11514,1043,2846.9141,4.1798992,6,12.449215,1.4698120902939442,1.2845514140648684,3904.7198556568865,1.1132199,1.0101174,0.0,True,1.362834433205761,1.202221209845408
291,74314,427.77847,1043,2543.0195,2.9781582,5,85.456985,1.645318783761339,1.4302038293328432,4797.998205164822,1.2171116,1.2343477,0.0,True,1.5168566286329372,1.3714469905329902
292,32634,399.93298,1043,2720.0781,2.9965088,5,48.371147,1.5382984009124832,1.314004264559708,4156.57195068213,1.1088393,1.0215502,0.0,True,1.4094606706387383,1.2262680451917958
293,30621,394.62741,1043,2756.6484,3.2777035,5,102.66185,1.517905793427278,1.3037559495178277,4076.306451760011,1.1355561,1.2044988,0.0,True,1.4032008853990945,1.2739788046624794
294,0,304.9328,1043,3567.5039,1.0052714,2,24.438425,1.1730953392119534,0.0,211.36331058024967,1.0759377,0.0,0.0,True,1.1439480474483674,0.0
295,11182,344.78708,1043,3155.1328,3.0659935,4,55.885059,1.3263200041470826,1.1569192342097727,3214.1877240166136,1.0963451,0.94921732,0.0,True,1.2573275329029578,1.0946086599468408
296,1869,266.51584,1043,4081.7422,2.9848294,3,38.072033,1.0253753012099762,0.9060350113353128,2007.9911911287331,0.99461639,0.86912143,0.0,True,1.0161476278469834,0.894960936934719
297,0,211.68463,1043,5139.0078,1.0152401,1,27.667242,0.814503410866035,0.0,146.7286044523752,0.89745438,0.0,0.0,True,0.8393887016062245,0.0
298,75358,467.70032,1043,2325.9531,2.1359622,4,78.286842,1.7987339987171092,1.4484414315889405,5252.289517566551,1.2453835,1.4686327,0.0,True,1.6327288491019765,1.4544988121122584
299,30579,353.63278,1043,3076.2109,2.0353365,4,45.370827,1.360325372244277,1.2858005890871314,3652.366802307717,1.1091826,1.1531363,0.0,True,1.2849825405709938,1.246001302360992
300,89215,468.84991,1043,2320.25,2.8736103,5,54.779751,1.8031514214184048,1.4706778497773831,5344.3389583731905,1.245247,1.4686838,0.0,True,1.6357800949928833,1.470079634844168
301,113917,469.56216,1043,2316.7305,3.0021987,5,98.944656,1.8058883463985531,1.5025066733798378,5467.226308310594,1.2451075,1.46847,0.0,True,1.637654092478987,1.4922956713658864
302,55884,394.55359,1043,2757.1641,3.0200081,5,41.995899,1.5176220901065256,1.3796527365906606,4312.892587723909,1.1354612,1.2055331,0.0,True,1.4029738230745679,1.3274168456134623
303,29236,353.08533,1043,3080.9805,2.0239372,4,39.068386,1.3582208477766533,1.2799627211299212,3630.8557203088762,1.1087748,1.1532558,0.0,True,1.2833870334436572,1.2419506447909447
304,0,337.04767,1043,3227.582,1.0434582,2,186.17201,1.2965666728353362,0.0,233.62364217479885,1.0673136,0.0,0.0,True,1.2277907509847354,0.0
305,652,334.59729,1043,3251.2188,2.8929548,4,89.223038,1.287146252932293,0.8014109200375418,2169.2301505766563,1.0709584,0.85659659,0.0,True,1.222289897052605,0.8179666210262793
306,2368,400.02203,1043,2719.4727,3.9725225,5,52.604034,1.5386406001386275,0.982416560704251,3108.4292809661783,1.1094743,0.79833299,0.0,True,1.4098907100970393,0.9271914894929757
307,57613,394.15265,1043,2759.9688,1.5425971,4,13.401138,1.5160809884560935,1.3833211061036752,4320.519341213282,1.0941703,1.0350175,0.0,True,1.3895077819192654,1.2788300242725725
308,56877,405.44519,1043,2683.0977,3.9335284,5,99.658218,1.559484553723647,1.3866361673108336,4439.090244307096,1.0916415,1.0174145,0.0,True,1.4191316376065528,1.2758696671175835
309,28478,387.74503,1043,2805.5781,2.3080204,4,137.295,1.4914521481660263,1.2917332658865863,3977.0842414045655,1.1119883,1.0258009,0.0,True,1.3776129937162183,1.2119535561206103
310,28376,384.52206,1043,2829.0938,0.4976351,3,135.01628,1.4790638121523527,1.289926894890602,3942.646752878503,1.0976851,1.0215814,0.0,True,1.3646501985066468,1.2094232464234214
311,22739,372.81186,1043,2917.957,4.0684094,5,82.726425,1.4340513878762224,1.2571804429551068,3740.0205223374583,1.0896751,1.0077676,0.0,True,1.3307385015133555,1.1823565900685749
312,38302,400.5191,1043,2716.0977,3.5149989,5,60.251305,1.5405510951239505,1.3344979263410968,4226.802066360778,1.112202,0.91535872,0.0,True,1.4120463665867653,1.2087561644387677
313,5518,334.95306,1043,3247.7656,2.2959642,3,39.065895,1.2885139741736729,1.0654543501245688,2886.000160366275,1.0702856,0.83275414,0.0,True,1.223045461921571,0.9956442870871981
314,5776,348.39343,1043,3122.4727,2.5024743,3,32.209637,1.3401840215755096,1.0763356486561981,3017.718699638893,1.0463016,0.82805318,0.0,True,1.2520192951028568,1.0018509080593387
315,0,337.45773,1043,3223.6602,1.2110801,2,35.195972,1.2981430556104114,0.0,233.9078741076593,1.1006436,0.0,0.0,True,1.2388932189272879,0.0
316,4800,246.47562,1043,4413.6172,3.0594063,5,27.210787,0.9483087411628188,1.0099426760198982,2089.3215228905674,1.0048065,0.85386872,0.0,True,0.9652580688139731,0.9631204892139288
317,3010,266.64752,1043,4079.7266,3.0199065,4,41.803673,1.0258816424375143,0.9633781880376661,2135.9425186936796,0.99123263,0.91045099,0.0,True,1.01548693870626,0.9475000286263663
318,1614,323.00305,1043,3367.9219,3.1165266,4,61.187946,1.2425713451664535,0.9094107341690146,2386.252616736355,1.0880095,0.7191897,0.0,True,1.1962027916165174,0.8523444239183103
319,4925,327.25607,1043,3324.1523,3.125947,5,33.152199,1.2589226261193422,1.0483867716062523,2782.4900104298767,1.0981054,0.96254301,0.0,True,1.2106774582835396,1.0226336431243765
320,24,253.22716,1043,4295.9414,3.9410853,4,54.473312,0.9742730294993996,0.38475114545741573,825.0385333290119,0.98695618,0.39197916,0.0,True,0.9780779746495797,0.386919549820191
321,0,213.22746,1043,5101.8242,2.0245776,2,38.422047,0.8204374258010083,0.0,147.7980127169585,0.8974852,0.0,0.0,True,0.8435517580607059,0.0
322,0,299.41776,1043,3633.2148,1.0642797,2,37.411354,1.1518902234852506,0.0,207.54057615357436,1.0662488,1.0269039,11.193156313341893,True,1.1261977964396754,0.30807117000000006
323,4326,246.49503,1043,4413.2695,2.9699302,5,35.195911,0.9483834199450091,0.9975669306801115,2063.8685791414596,1.0048071,0.87963992,0.0,True,0.9653105239615064,0.962188827476078
324,2782,302.84308,1043,3592.1211,2.9445524,5,23.783939,1.165060461760426,0.9687263001107239,2402.0435049208095,1.0663582,1.0197619,0.0,True,1.1354497832322983,0.9840369800775067
325,71987,382.0816,1043,2847.1641,3.9598024,6,177.29337,1.469683121582534,1.405916951164597,4273.303244784061,1.1008779,1.1306725,0.0,True,1.359041555107774,1.3233436158152179
326,44424,409.72693,1043,2655.0586,4.2557473,6,62.348454,1.5759413015538652,1.3571440593210773,4384.725586178197,1.1236645,1.0957415,0.0,True,1.4402582610877057,1.278723291524754
327,14635,376.66525,1043,2888.1055,6.4810061,8,186.38298,1.4488635063283644,1.2035092310183029,3612.712368576168,1.1759969,1.0844369,0.0,True,1.367003524429855,1.1677875317128121
328,6400,375.24872,1043,2899.0078,6.4571567,8,188.30121,1.4434185211045938,1.0992143105493484,3288.817018240688,1.1713705,1.0279906,0.0,True,1.3618041147732156,1.0778471973845438
329,115911,469.56375,1043,2316.7227,2.9064713,5,103.33459,1.8058944212642982,1.5047465738532353,5475.3928040368955,1.2451075,1.4684571,0.0,True,1.6376583448850086,1.4938597316972646
330,63980,427.00974,1043,2547.5977,3.9851131,6,110.68229,1.642364357478394,1.4107884171105436,4725.442256396491,1.2142518,1.2233399,0.0,True,1.5139305902348759,1.3545538619773805
331,146388,470.27185,1043,2313.2344,3.4501905,6,89.821571,1.808615312725524,1.535168597917602,5593.427290856958,1.2445091,1.4681764,0.0,True,1.639383448907867,1.5150709385423213
332,66280,416.40152,1043,2612.5,3.1562757,5,57.889885,1.6015943348207653,1.4107715723607503,4622.75378078012,1.1194797,1.1187897,0.0,True,1.4569599443745358,1.3231770106525254
333,1648,381.49069,1043,2851.5742,4.885314,6,21.761984,1.467411777268273,0.9310323166676203,2826.285437850722,1.1660547,0.78873444,0.0,True,1.3770046540877912,0.8883429536673342
334,4774,332.83777,1043,3268.4062,4.0835824,5,36.430279,1.2803817423012747,1.0467286802984417,2819.588123624509,1.1193994,1.0542151,0.0,True,1.2320870396108923,1.0489746062089091
335,2730,323.15295,1043,3366.3594,3.042088,5,38.464481,1.2431477437915002,0.9741390746828235,2557.0411793943945,1.0912005,0.90475357,0.0,True,1.1975635706540502,0.9533234232779765
336,4841,302.9874,1043,3590.4102,4.0842419,6,59.320446,1.1656153265539917,1.0364274339219237,2570.935846998684,1.0647528,0.97352618,0.0,True,1.1353565685877942,1.0175570577453468
337,27900,352.92603,1043,3082.3711,3.0358996,5,35.291889,1.3576084889360074,1.2740693926395195,3612.7109479128253,1.1086589,1.1522903,0.0,True,1.282923612255205,1.2375356648476636
338,7938,305.32764,1043,3562.8906,4.0182791,6,65.973015,1.1746134336882288,1.097855108596971,2741.7410076486717,1.0630124,0.96291333,0.0,True,1.1411331235817601,1.0573725750178797
339,3962,246.7429,1043,4408.8359,3.0000963,5,74.987991,0.9493366979236046,0.9872153238791527,2044.2671213890999,1.0051683,0.94242197,0.0,True,0.9660861785465233,0.9737773177154069
340,27,319.30225,1043,3406.957,4.0467124,5,75.726303,1.228342976572861,0.4096407843509725,1075.1851349302988,1.0873854,0.8325696,0.0,True,1.1860557036010029,0.5365194290456808
341,25706,353.00388,1043,3081.6914,2.9887986,5,74.725029,1.3579077298036017,1.2639105184982213,3584.5981994745102,1.1086683,1.1528784,0.0,True,1.2831359008625212,1.230600882948755
342,298,265.20142,1043,4101.9727,3.0425575,4,64.221443,1.0203207220137918,0.6851532254744043,1512.6512116499384,0.99001706,0.27693397,0.0,True,1.0112296234096543,0.562687448832083
343,2186,265.75439,1043,4093.4375,2.963325,4,61.673244,1.022447147194626,0.924549586903524,2043.8487580737403,0.99155605,0.86408055,0.0,True,1.0131798180362381,0.9064088758324668
344,1772,287.21078,1043,3787.6328,3.0171871,4,39.69239,1.1049535956066485,0.9077872131743513,2148.621594271643,1.0124487,0.90796745,0.0,True,1.077202126924654,0.9078412842220459
345,4,285.89929,1043,3805.0078,2.0715852,3,59.113213,1.0999106406845005,0.19520496776337323,512.2627601030778,1.0107334,0.12020701,0.0,True,1.0731574684791503,0.17270558043436127
346,392,324.97168,1043,3347.5195,3.0170386,3,44.21183,1.2501400240807348,0.7359744711869689,1942.1447952640772,1.0984159,0.63297892,0.0,True,1.2046227868565142,0.7050758058308783
347,0,263.91415,1043,4121.9805,2.0048156,2,54.525002,1.0153705596786626,0.0,182.9313489823745,0.99100977,0.0,0.0,True,1.0080623227750638,0.0
348,53382,393.57166,1043,2764.043,2.0345473,4,59.536678,1.513847900552844,1.3734401881395193,4284.132348715554,1.1344815,1.2030431,0.0,True,1.400037980386991,1.3223210616976635
349,267,239.4003,1043,4544.0586,4.0468917,5,59.289303,0.9210986388052478,0.663836430826891,1339.375582690094,0.91662574,0.82705098,0.0,True,0.9197567691636734,0.7128007955788238
350,7875,308.53238,1043,3525.8828,4.0198717,5,39.430893,1.186935231632097,1.0982818843662827,2768.060694032178,1.01423,1.0206583,0.0,True,1.1351236621424678,1.0749948090563979
351,0,238.92647,1043,4553.0703,2.0251145,3,24.973238,0.9192763475876301,0.0,165.61120904164034,0.91498017,0.0,0.0,True,0.9179874943113411,0.0
352,7691,305.51959,1043,3560.6523,2.2255712,4,154.56738,1.1753514055774936,1.0940748307847865,2733.809487221671,1.0606592,0.92990667,0.0,True,1.1409437439042454,1.0448243825493506
353,8275,312.8092,1043,3477.6758,2.261178,4,63.053337,1.2033788861562593,1.106209102138163,2821.92557328049,1.0464154,0.90949649,0.0,True,1.1562898403093815,1.0471953184967142
354,9983,308.53989,1043,3525.7969,2.9764638,5,98.417595,1.1869641328810314,1.1273183319340576,2841.2942479422163,1.0142303,1.0243241,0.0,True,1.135143983016722,1.0964200623538405
355,51586,393.15884,1043,2766.9453,2.9757762,5,69.665306,1.5122611444830243,1.3689410916110576,4266.184015836863,1.134111,1.1944158,0.0,True,1.398816101138117,1.3165835041277403
356,6250,343.25208,1043,3169.2422,3.0841622,4,251.9836,1.3204189791586687,1.0841337730041143,3000.248589937493,1.0961086,0.91141438,0.0,True,1.253125865411068,1.03231795510288
357,45616,403.73004,1043,2694.4961,1.6495014,4,142.29298,1.5528924326606262,1.3579655838533597,4331.239145956026,1.1138333,0.96209884,0.0,True,1.4211746928624382,1.2392055606973518
358,424,333.22687,1043,3264.5898,3.0027566,4,89.984322,1.281877629198772,0.7479279319091273,2017.5018729621888,1.0953112,0.70556855,0.0,True,1.2259077004391403,0.7352201173363891
359,33,269.42899,1043,4037.6094,3.0168498,3,129.55109,1.0365775434597442,0.4246503476456507,957.9138373055506,1.0045222,0.26325849,0.0,True,1.026960940421821,0.37623279035195545
360,239385,481.42484,1043,2259.6445,3.1545253,5,94.460754,1.8514706393462328,1.603491495913013,5962.849484401066,1.2435949,1.4674942,0.0,True,1.6691079175423629,1.562692307139109
361,0,293.51373,1043,3706.2969,1.9824165,2,87.533203,1.1291890863401177,0.0,203.44821440513303,0.9991709,0.0,0.0,True,1.0901836304380823,0.0
362,231771,481.3566,1043,2259.9648,3.0595555,5,56.821655,1.851208466369101,1.5992775731140842,5946.445363939345,1.2429112,1.466921,0.0,True,1.6687192864583706,1.559570601179859
363,18061,358.58597,1043,3033.7188,3.9878783,5,42.491623,1.3793663590938958,1.2223639564080848,3514.723747369541,1.098408,1.0871806,0.0,True,1.295078851365727,1.1818089494856594
364,231094,481.46146,1043,2259.4727,3.0329244,5,53.723911,1.8516112922295684,1.5989438906321638,5946.332365093421,1.2417834,1.4667376,0.0,True,1.668662924560698,1.5592820034425146
365,47499,404.90698,1043,2686.6641,3.0091877,5,54.4491,1.5574159629642434,1.3635875655738177,4360.243260753179,1.1158763,0.99263734,0.0,True,1.4249540640749703,1.2523024979016724
366,2062,335.48364,1043,3242.6289,3.9086404,5,43.928135,1.2905538714732185,0.9439524684261837,2560.5457118923564,1.099738,0.91430998,0.0,True,1.233309110031253,0.9350597218983285
367,61375,434.23721,1043,2505.1953,4.2995009,5,25.809027,1.6701404906067314,1.4084994469822594,4787.374246330699,1.2140546,1.2137036,0.0,True,1.533314723424712,1.3500606928875816
368,152789,470.40292,1043,2312.5898,4.4506459,5,42.839817,1.8091190017293304,1.5407477792013515,5615.1179251585,1.2440569,1.4680861,0.0,True,1.6396003712105314,1.5189492754409462
369,68826,397.85556,1043,2734.2812,3.357173,5,14.558211,1.5303136199557599,1.4074219636216763,4431.858665300296,1.1207389,1.1035706,0.0,True,1.4074412039690318,1.3162665545351735
370,2315,342.42822,1043,3176.8672,3.0434446,5,92.722893,1.317251751941349,0.9606926465062379,2653.143616130605,1.1062547,0.89454448,0.0,True,1.2539526363589442,0.9408481965543666
371,216235,486.24637,1043,2237.2383,2.225807,5,12.256408,1.86999677005743,1.5923759682538414,5973.113770570594,1.2449409,1.470855,0.0,True,1.682480009040201,1.555919677777689
372,244388,485.84769,1043,2239.0742,5.5141206,8,17.997997,1.8684648586775443,1.6080705787141396,6027.67936906043,1.2447764,1.4701936,0.0,True,1.6813583210742808,1.5667074850998979
373,6537,334.0134,1043,3256.9023,3.848243,5,55.455521,1.2849014799826588,1.08602981256186,2934.4879284351355,1.1003686,0.93432724,0.0,True,1.2295416159878612,1.0405190407933018
374,1679,299.439,1043,3632.957,3.0289497,4,49.543716,1.1519719183442585,0.9058283176671768,2223.9766121637426,0.99966997,0.76815009,0.0,True,1.106281333840981,0.8645248493670237
375,242552,481.42484,1043,2259.6445,6.4241796,8,106.01391,1.8514706393462328,1.6051930027308456,5969.17679174893,1.2440529,1.4677376,0.0,True,1.669245317542363,1.5639563819115918
376,65558,415.53912,1043,2617.9219,3.0334444,5,42.767811,1.5982798526890787,1.4090089286304908,4608.628458159208,1.1187493,1.1171319,0.0,True,1.454420686882355,1.3214458200413435
377,4618,299.45251,1043,3632.793,2.8255053,4,41.712894,1.152023894727675,1.0291941914075913,2526.8251924879537,0.99921393,0.85816342,0.0,True,1.1061809053093725,0.9778849599853139
378,12585,308.53851,1043,3525.8125,3.0085554,5,61.240997,1.1869588841212197,1.1556699443882847,2912.7330632759777,1.0142303,1.0109144,0.0,True,1.135140308884854,1.1122432810717995
379,3359,241.45184,1043,4505.4492,4.0069904,5,41.646873,0.928988481642542,0.9650555683287616,1960.5874504928697,0.91669571,0.79976904,0.0,True,0.9253006501497795,0.9154696098301331
380,0,321.04111,1043,3388.5039,1.0058317,2,21.094389,1.2350283355783458,0.0,222.52874024033525,1.0781521,0.0,0.0,True,1.187965464904842,0.0
381,4693,308.63257,1043,3524.7383,4.0147214,6,49.083931,1.1873204168250564,1.034967400245589,2609.257951693799,1.0150286,0.97919911,0.0,True,1.1356328717775395,1.0182369131719124
382,61178,415.29004,1043,2619.4922,3.0188675,5,37.341557,1.5973224671005661,1.4001177304418524,4577.150579139689,1.1185856,1.1262382,0.0,True,1.4537014069703962,1.3179538713092966
383,0,307.24774,1043,3540.625,2.0191925,3,41.915668,1.1819959460538134,0.0,212.96790471441514,1.0133069,0.0,0.0,True,1.1313892322376693,0.0
384,7644,342.46487,1043,3176.5273,4.1276579,6,79.794373,1.3173926139910426,1.1087879753002399,3062.2996053538754,1.0975651,0.9904514,0.0,True,1.2514443597937297,1.0732870027101677
385,3540,241.17227,1043,4510.6719,3.9908123,6,37.284679,0.9279133252273205,0.9711579709215178,1970.9675506340056,0.91539621,0.91113943,0.0,True,0.9241581906591244,0.9531524086450625
386,2053,297.61053,1043,3655.2773,4.0124006,5,48.992714,1.1449414536843816,0.92965009188676,2270.182386542234,0.99836212,0.87702072,0.0,True,1.1009676535790671,0.913861280320732
387,2809,246.74947,1043,4408.7188,2.0129893,4,68.206665,0.9493619018262718,0.946248948413841,1959.5104732345342,1.0051684,0.93400055,0.0,True,0.9661038512783903,0.9425744288896887
388,23661,353.01013,1043,3081.6367,2.9814801,5,67.36158,1.3579318174507686,1.2535957838027556,3555.400803794681,1.1086684,1.1518226,0.0,True,1.283152792215538,1.2230638286619289
389,2365,290.96536,1043,3738.7578,4.0292673,5,126.78657,1.119390404903758,0.9442886323718986,2260.6200440935354,1.0104741,0.57783717,0.0,True,1.0867155134326305,0.834353193660329
390,0,246.49371,1043,4413.293,1.0154712,2,48.497658,0.9483783722595287,0.0,170.8564201122608,1.0052093,0.92485517,8.82368879621515,True,0.9654276505816701,0.27745655100000005
391,6148,291.99377,1043,3725.5898,2.9991074,5,101.4865,1.1233447383048667,1.0608307916502793,2547.414197541907,1.0117621,0.87336737,0.0,True,1.0898699468134068,1.0045917651551954
392,19035,352.73782,1043,3084.0156,3.0305448,5,67.592896,1.3568850359631657,1.2264015137170656,3475.92776736057,1.1086574,1.1509743,0.0,True,1.2824167451742159,1.2037733496019458
393,0,263.96344,1043,4121.2109,0.99159461,2,56.051186,1.0155600792549542,0.0,182.9655142069043,0.99139452,0.54868782,3.985543077095617,True,1.008310411478468,0.16460634600000004
394,0,297.59494,1043,3655.4688,1.9922717,3,39.367657,1.1448815061358528,0.0,206.2770936099061,0.99836189,0.0,0.0,True,1.1009256212950969,0.0
395,59703,415.29871,1043,2619.4375,1.9965025,4,45.178165,1.5973557974923647,1.397021159735249,4567.110949870245,1.1185857,1.1239254,0.0,True,1.4537247682446552,1.3150924318146744
396,0,301.39114,1043,3609.4258,2.0166287,3,10.028595,1.1594778960677776,0.0,208.90841893674775,0.99872357,0.0,0.0,True,1.1112515982474445,0.0
397,2027,240.94942,1043,4514.8438,4.0129399,6,45.67445,0.9270562750894532,0.9048235819650218,1834.901718107993,0.91491872,0.86383337,0.0,True,0.9234150085626173,0.8925265183755153
398,3163,301.56903,1043,3607.2969,4.0040007,6,45.00798,1.1601618000416898,0.9838915664717911,2430.6187383476863,0.99805504,0.91451436,0.0,True,1.1115297720291828,0.9630784045302537
399,0,232.23218,1043,4684.3164,2.0108013,3,14.970596,0.8935308739266711,0.0,160.97108080228972,0.90183431,0.0,0.0,True,0.8960219047486697,0.0
400,11489,298.7381,1043,3641.4805,4.0111742,5,28.312128,1.1492770136656119,1.1400155573228186,2792.997913627367,0.99874115,1.0066756,0.0,True,1.1041162545659282,1.100013570125973
401,0,232.80858,1043,4672.7188,0.99773777,2,24.087345,0.8957476518991668,0.0,161.37061083716446,0.90285617,0.0,0.0,True,0.8978802073294168,0.0
402,4905,301.5932,1043,3607.0078,4.1218491,6,50.725231,1.1602547349409693,1.0374473924860292,2563.0650904420695,0.99797052,0.91320086,0.0,True,1.1115694704586785,1.0001734327402205
403,6220,298.74002,1043,3641.457,3.9944315,6,19.754541,1.1492844264084607,1.0652025017539426,2609.747011140612,0.99874115,0.95847422,0.0,True,1.1041214434859226,1.0331840172277598
404,845,291.34219,1043,3733.9219,3.0023522,4,44.917603,1.1208393806061339,0.8194146602412095,1964.141844704451,1.0208838,0.82052928,0.0,True,1.0908527064242937,0.8197490461688466
405,1787,297.82855,1043,3652.6016,2.9790015,4,51.961163,1.1457797173812025,0.9128276927708705,2230.5607411838805,1.0316366,0.94767058,0.0,True,1.1115367821668418,0.9232805589396094
406,19704,343.20343,1043,3169.6914,2.8576853,5,150.85136,1.3202319709883787,1.2265214780979241,3393.8283577050856,1.0734314,1.0349947,0.0,True,1.2461917996918652,1.1690634446685468
407,4,232.48615,1043,4679.1992,4.0054574,4,251.89281,0.8945076271030916,0.19043169801089666,416.55926072687396,0.92878252,0.11945262,0.0,True,0.9047900949721641,0.16913797460762767
408,13,234.76228,1043,4633.832,2.974853,3,199.896,0.90326146167266,0.3126183399278448,635.7480395652134,0.92886907,0.19587241,0.0,True,0.910943744170862,0.27759456094949136
409,1755,298.94559,1043,3638.9531,3.0027781,4,45.231911,1.150074794533577,0.9110418157404973,2233.5310465023135,1.0288388,0.87125313,0.0,True,1.1137039961735038,0.8991052100183481
410,15902,344.47318,1043,3158.0078,3.00705,5,248.73389,1.3251133077547754,1.2004824177443498,3332.5458170833813,1.0725166,1.0375808,0.0,True,1.2493342954283428,1.1516119324210448
411,24860,399.21063,1043,2725.0,3.0279865,5,201.51814,1.5355219612720539,1.2793124848959665,4040.4490355392677,1.1451213,1.0579407,0.0,True,1.4184017628904377,1.2129009494271765
412,0,200.20657,1043,5433.6328,0.87990433,2,11.598391,0.770355272782387,0.0,138.77261952507732,0.8550722,0.0,0.0,True,0.795770350947671,0.0
413,0,171.4631,1043,6344.5078,1.7528136,2,23.976482,0.6597909465090219,0.0,118.84916433506795,0.79159617,0.0,0.0,True,0.6993325135563153,0.0
414,0,232.69633,1043,4674.9727,4.0036106,4,250.94778,0.8953159783012825,0.0,161.2928050661466,0.92911476,0.0,0.0,True,0.9054556128108977,0.0
415,3676,210.08313,1043,5178.1836,3.0056028,4,13.54813,0.8083436248068293,0.9599035671353006,1724.8086327262974,0.87480044,0.91204971,0.0,True,0.8282806693647805,0.9455474099947104
416,7336,253.48946,1043,4291.4961,3.2152481,4,15.88381,0.9752817496186593,1.0640275054226234,2256.2644621862946,0.951078,0.96925223,0.0,True,0.9680206247330616,1.0355949227958363
417,10951,374.00348,1043,2908.6602,2.026742,4,250.50269,1.4386318225634482,1.1660881576566482,3478.7442514640543,1.1567283,1.243793,0.0,True,1.3540607657944137,1.1893996103596538
418,0,233.22855,1043,4664.3047,1.143436,2,40.408836,0.8973628293902219,0.0,161.66171185858423,0.91747105,0.0,0.0,True,0.9033952955731553,0.0
419,25226,343.03223,1043,3171.2734,3.1466303,5,100.22987,1.3195737840896062,1.2570852983983412,3476.8751242755707,1.0734286,1.0608842,0.0,True,1.2457302288627243,1.198224968878839
420,2122,297.39789,1043,3657.8906,3.0386236,5,52.57859,1.1441239222803246,0.9335959040032917,2278.3820032854414,1.029209,0.87230796,0.0,True,1.1096494455962271,0.9152095208023042
421,31955,399.22952,1043,2724.8711,3.9908478,6,47.549885,1.5355945458473967,1.3110545289879694,4140.86707979909,1.1451216,1.0711617,0.0,True,1.4184526620931777,1.2390866802915785
422,2229,297.35568,1043,3658.4102,3.0372908,5,49.697506,1.1439615123979523,0.939572174179608,2292.673308530018,1.0299739,0.9199208,0.0,True,1.1097652286785666,0.9336767619257256
423,51447,387.49847,1043,2807.3633,4.0197001,6,92.012909,1.4905044101590175,1.3661040862544078,4203.717595111998,1.1386285,1.1368484,0.0,True,1.3849416371113121,1.2973273803780856
424,2015,297.67224,1043,3654.5195,3.0270805,5,51.477886,1.1451787385213974,0.9273975382552226,2265.097182333875,1.0312685,0.9374665,0.0,True,1.1110056669649782,0.9304182267786558
425,62839,389.60675,1043,2792.1719,3.3102036,5,99.606468,1.4986080091883005,1.3922424303991094,4304.5168034608305,1.1024213,1.0553348,0.0,True,1.3797519964318101,1.2911701412793766
426,65731,388.59937,1043,2799.4102,2.7885451,5,84.463776,1.4947358970810098,1.3974568644447287,4310.871293254984,1.1409653,1.1532081,0.0,True,1.388604717956707,1.3241822351113102
427,64320,388.1731,1043,2802.4844,2.0280871,4,83.980278,1.4930974079901784,1.3945306929719878,4297.719419010289,1.1400266,1.1497755,0.0,True,1.3871761655931247,1.3211041350803914
428,0,284.09857,1043,3829.125,1.9899018,2,54.563229,1.0929866262230783,0.0,196.92212279661226,1.0182621,0.0,0.0,True,1.070569268356155,0.0
429,62461,387.95569,1043,2804.0547,2.0121036,4,44.200611,1.4922618537653205,1.3907386843177365,4283.934622616988,1.13956,1.1467702,0.0,True,1.3864512976357244,1.3175481390224155
430,0,207.76477,1043,5235.9648,1.0175002,2,13.967213,0.7994265995046188,0.0,144.0115645451855,0.88728601,0.0,0.0,True,0.8257844226532332,0.0
431,60107,387.72507,1043,2805.7227,2.0110824,4,38.360485,1.4913753371687635,1.3857967213921694,4266.493659262001,1.1390936,1.1431388,0.0,True,1.3856908160181343,1.3129993449745185
432,0,329.92419,1043,3297.2695,1.0034902,2,31.144335,1.2691804620352751,0.0,228.6860220970237,1.094255,0.0,0.0,True,1.2167028234246926,0.0
433,1554,251.48944,1043,4325.625,3.9855344,4,46.521969,0.9675903962078255,0.8777291584967337,1848.4156220753696,0.980205,0.87282562,0.0,True,0.971374777345478,0.8762580969477136
434,58829,387.49094,1043,2807.418,3.0138879,5,73.889915,1.4904753897030953,1.3829851159519293,4255.589879001339,1.1386276,1.1413881,0.0,True,1.3849210527921667,1.3105060111663505
435,29729,343.02039,1043,3171.3828,3.9963403,6,47.398949,1.3195282927697507,1.2774500684980357,3533.0913400489158,1.0734285,1.0764734,0.0,True,1.2456983549388254,1.217157067948625
436,769,297.40457,1043,3657.8086,3.0049951,4,50.520855,1.1441495569983882,0.8099981301151624,1977.0529022336011,1.0312713,0.95078343,0.0,True,1.1102860798988716,0.8522337200806136
437,43521,386.64523,1043,2813.5586,4.0315666,6,102.09083,1.4872247334468163,1.3446628914191607,4129.775028354004,1.1372273,1.1309782,0.0,True,1.3822255034127715,1.2805574839934124
438,37425,399.95139,1043,2719.9531,2.9995999,5,48.140263,1.5383690440474123,1.3313304062617848,4211.547188752313,1.1456909,1.0804226,0.0,True,1.4205656008331886,1.2560580643832493
439,0,344.26877,1043,3159.8828,2.0094581,3,135.57275,1.3243275140966297,0.0,238.6289272803403,1.0639848,0.0,0.0,True,1.2462246998676407,0.0
440,13428,373.99997,1043,2908.6875,3.0561712,5,49.948349,1.4386183293084163,1.1916487206559325,3554.961827122075,1.1567281,1.246217,0.0,True,1.3540512605158914,1.2080192044591527
441,35123,384.38992,1043,2830.0664,4.078949,6,102.31755,1.478555865917865,1.3167050695118334,4023.2818314933575,1.136061,1.1265545,0.0,True,1.3758074061425054,1.2596598986582834
442,3205,299.00369,1043,3638.2461,3.0116751,4,51.360538,1.150298159343922,0.9844755313563103,2413.88405841478,1.0285844,0.71821547,0.0,True,1.1137840315407455,0.9045975129494173
443,23917,342.48676,1043,3176.3242,4.0242109,6,49.285542,1.3174767974862007,1.2502302297982215,3453.0982360489006,1.0732902,1.0750407,0.0,True,1.2442208182403405,1.197673370858755
444,3572,299.004,1043,3638.2422,3.0138388,5,51.044567,1.1502993917242348,0.9976927898577728,2446.2834937828757,1.0289652,0.8750928,0.0,True,1.1138991342069642,0.960912792900441
445,1645,208.40784,1043,5219.8086,3.0004883,4,160.86497,0.8019000137976889,0.8651190927005885,1543.6165847811449,0.88866031,0.85554385,0.0,True,0.8279281026583822,0.8622465198904119
446,2714,338.27835,1043,3215.8398,2.6295252,4,221.88548,1.3012979665391953,0.9789236416684345,2674.738325099636,1.0823903,0.84341574,0.0,True,1.2356256665774366,0.9382712711679041
447,4973,330.33041,1043,3293.2148,2.0176423,4,161.24837,1.2707421647866144,1.0507929188050005,2811.8321239740203,1.0947564,0.95926189,0.0,True,1.2179464353506302,1.0233336101635002
448,8165,372.97263,1043,2916.6992,4.3129725,6,339.44977,1.4346693857280293,1.1288968782941289,3359.684087368644,1.2373775,1.4077364,0.0,True,1.3754818200096204,1.2125487348058903
449,977,283.53311,1043,3836.7617,3.9527726,4,255.3515,1.0908122763621642,0.8342871105616446,1952.559733720084,1.0160787,0.70660216,0.0,True,1.068392203453515,0.7959816253931512
450,425,331.56177,1043,3280.9844,3.0454335,4,257.77426,1.2754761760028135,0.7477558831418234,2008.1980279337863,1.0729355,0.64707518,0.0,True,1.2147139732019694,0.7175516721992764
451,17642,344.52945,1043,3157.4922,3.0136271,5,256.45917,1.325329554030515,1.2133914432370465,3368.8610071407074,1.0725355,1.0474008,0.0,True,1.2494913378213606,1.1635942502659327
452,1050,260.14932,1043,4181.6328,2.7037048,4,10.890617,1.0008929054167686,0.8343149061320377,1810.2356177714776,0.96288157,0.78257811,0.0,True,0.9894895047917379,0.8187938672924264
453,0,230.81631,1043,4713.0508,3.2248549,3,18.496525,0.8880855299350944,0.0,159.9896745037503,0.91469139,0.0,0.0,True,0.896067287954566,0.0
454,669,292.98108,1043,3713.0352,2.7658911,3,18.301458,1.1271409725509172,0.7915998929544618,1906.9462112206315,1.0334159,0.79528004,0.0,True,1.099023450785642,0.7927039370681233
455,7714,330.7388,1043,3289.1484,3.002136,4,53.352036,1.2723122386061019,1.1051481712627285,2960.4599901835845,1.0952585,0.98812491,0.0,True,1.2191961170242713,1.07004119288391
456,25231,380.10513,1043,2861.9688,3.1280363,5,50.658909,1.4620858957642593,1.2733002636311963,3852.710605441406,1.1334361,1.1399219,0.0,True,1.3634909570349816,1.2332867545418373
457,41358,399.96689,1043,2719.8477,1.993782,4,57.194923,1.5384286153809748,1.3439704942331274,4251.675842071475,1.145691,1.0850818,0.0,True,1.4206073307666824,1.2663038859631892
458,0,234.02406,1043,4648.4492,1.0048842,2,17.201853,0.9004223481011019,0.0,162.21311737219148,0.92962021,0.0,0.0,True,0.9091817066707713,0.0
459,22798,376.61536,1043,2888.4883,3.0183969,5,47.658886,1.4486716270011855,1.2591051411997092,3779.152786070275,1.1294,1.135727,0.0,True,1.3528901389008299,1.2220916988397965
460,3520,298.92569,1043,3639.1953,3.0186849,5,52.010021,1.1499982954467975,0.9958731520516028,2441.2616286872694,1.0287757,0.90956271,0.0,True,1.1136315168127582,0.9699800194361219
461,22486,375.26492,1043,2898.8828,3.9641306,6,45.441624,1.4434807184864176,1.256810241011078,3760.4311108957545,1.157414,1.2524374,0.0,True,1.3576607029404923,1.2554983887077547
462,549,289.3949,1043,3759.0469,3.9952812,4,45.084377,1.1133518139294916,0.7664440726589683,1826.5838639213268,1.0200198,0.67812568,0.0,True,1.085352209750644,0.7399485548612779
463,1448,279.51068,1043,3891.9766,3.0159936,4,46.082424,1.07534503119225,0.8803966336176514,2034.6473576235485,1.0086694,0.82195979,0.0,True,1.0553423418345749,0.862865580532356
464,2256,297.67224,1043,3654.5195,3.009649,5,49.954399,1.1451787385213974,0.9411607889962453,2298.6949142635367,1.0289575,0.91147172,0.0,True,1.1103123669649781,0.9322540682973717
465,1270,298.48196,1043,3644.6055,3.971616,5,49.112267,1.1482921276756948,0.8714594888381696,2133.65224839695,1.0328658,0.81444973,0.0,True,1.1136642293729864,0.8543565611867188
466,67,288.81537,1043,3766.5898,2.9982471,4,47.825348,1.1111234203279143,0.5124044233302885,1222.8750367446642,0.9895131,0.3146514,0.0,True,1.0746403242295401,0.4530785163312019
467,76,238.13661,1043,4568.1719,3.0004165,4,37.578728,0.9162387061171354,0.5154307440798782,1037.491870744937,0.90269995,0.32171747,0.0,True,0.9121770792819948,0.45731676185591474
468,1983,292.20456,1043,3722.9023,3.0816941,5,37.102299,1.1241552264038954,0.9233626277797085,2218.818565016362,0.99480444,0.87070072,0.0,True,1.0853499904827268,0.9075640554457959
469,232023,481.54138,1043,2259.0977,3.022779,5,91.484497,1.8519183794618388,1.5994976128220666,5949.251327632415,1.2415605,1.4666525,0.0,True,1.6688110156232872,1.5596440789754467
470,3067,259.35516,1043,4194.4375,3.005168,4,49.616173,0.9978388545972365,0.9624263110269331,2082.3903448080305,0.98095757,0.90222752,0.0,True,0.9927744692180656,0.9443666737188532
471,1136,291.97815,1043,3725.7891,2.1055632,4,20.287632,1.1232846805600913,0.8555795713123678,2054.658304435012,0.99322754,0.7505098,0.0,True,1.084267538392064,0.8240586399186576
472,15360,357.5726,1043,3042.3164,4.0936232,6,37.72089,1.3754708243824099,1.2017397310748825,3446.875502594906,1.096436,1.0740887,0.0,True,1.2917603770676869,1.1634444217524178
473,6971,344.87589,1043,3154.3203,4.8208675,6,51.182728,1.3266614254544733,1.0983159213942115,3052.0829366105822,1.0955117,0.98162901,0.0,True,1.2573165078181314,1.063309847975948
474,271,259.39694,1043,4193.7617,3.0278134,4,51.829376,0.9979995738053691,0.6719918540195015,1455.079818687285,0.98109204,0.68233311,0.0,True,0.9929273136637584,0.675094230813651
475,7267,343.40106,1043,3167.8672,3.0105014,4,53.801941,1.3209917400921056,1.1028901871100159,3053.3072597134737,1.0963632,0.96076858,0.0,True,1.2536031780644739,1.060253704977011
476,167,237.34166,1043,4583.4727,3.9847307,4,36.749111,0.9131814018626456,0.6077624357521355,1217.538676631709,0.90636933,0.3796128,0.0,True,0.911137780303852,0.5393175450264949
477,742,257.79367,1043,4219.8438,3.5546989,4,16.298615,0.9918340390492162,0.7918647508267666,1704.5423245602205,0.96268022,0.79170358,0.0,True,0.9830878933344513,0.7918163995787366
478,1640,338.02954,1043,3218.207,2.4040916,4,33.964325,1.300341371964253,0.9165027088857084,2502.6592624445493,1.0823863,0.85368061,0.0,True,1.234954850374977,0.8976560792199959
479,0,277.84613,1043,3915.293,0.95242172,1,26.441666,1.0689443930767728,0.0,192.58826163899204,0.9993732,0.0,0.0,True,1.048073035153741,0.0
480,1876,372.15723,1043,2923.0898,3.0009859,4,44.28458,1.4315349868536995,0.9443717899162051,2805.307303302769,1.1129962,0.87645835,0.0,True,1.3359733507975897,0.9239977579413436
481,0,329.2276,1043,3304.2461,2.0099702,2,67.412926,1.2665023297536415,0.0,228.20318270251744,1.0950382,0.0,0.0,True,1.215063090827549,0.0
482,1545,234.22897,1043,4644.3828,3.000515,4,150.54393,0.9012103756041991,0.869655907554146,1720.194619394693,0.92998213,0.86204386,0.0,True,0.9098419019229393,0.8673722932879022
483,3233,298.52963,1043,3644.0234,2.8422775,4,36.856049,1.148475456407902,0.9853454702998192,2412.6520490361495,1.0406282,0.91740578,0.0,True,1.1161212794855315,0.9649635632098734
484,197524,481.65714,1043,2258.5547,3.0565319,5,58.754639,1.8523632223493156,1.5787058392757705,5873.146784671088,1.2415596,1.4645787,0.0,True,1.669122135644521,1.5444676974930394
485,854,256.1759,1043,4246.4922,3.0589747,4,44.313736,0.9856128224476653,0.8080743561844665,1729.7689406514494,0.97029597,0.83686978,0.0,True,0.9810177667133658,0.8167129833291265
486,4244,338.49298,1043,3213.8008,2.6758699,4,16.303825,1.302123063216133,1.0343424463952833,2827.679856202945,1.0832924,0.95425099,0.0,True,1.236473864251293,1.0103150094766984
487,185738,481.40735,1043,2259.7266,2.9743729,5,24.974356,1.8514034315150605,1.5706351616835068,5840.483615491833,1.2413286,1.4641181,0.0,True,1.6683809820605422,1.5386800431784549
488,5408,344.88229,1043,3154.2617,5.1961026,7,30.262066,1.3266860566057912,1.066814989610533,2964.6096726103724,1.0950224,0.9451201,0.0,True,1.257186959624054,1.030306522727373
489,1394,299.181,1043,3636.0898,5.2374816,5,60.22131,1.1509799423831952,0.8830611035825674,2166.4792060106543,0.97166747,0.72846538,0.0,True,1.0971862006682367,0.8366823865077972
490,13388,304.98489,1043,3566.8945,3.0328574,5,31.872705,1.1732956489436408,1.1615953978487976,2898.0467695984335,1.0009304,1.0041822,0.0,True,1.1215860742605486,1.1143714384941583
491,200388,481.63965,1043,2258.6367,2.0073774,4,88.759247,1.852296031639622,1.5805621790401345,5879.866839656537,1.2415594,1.4646604,0.0,True,1.6690750421477354,1.5457916453280942
492,0,298.07208,1043,3649.6172,2.0038133,3,72.110764,1.1467161422037586,0.0,206.60782185563846,1.001101,0.0,0.0,True,1.1030315995426312,0.0
493,12514,304.90042,1043,3567.8828,3.0076375,5,39.820621,1.1729708292913401,1.1533041540955065,2876.663233250601,1.0008935,1.0041351,0.0,True,1.121347630503938,1.1085534378668545
494,10414,346.27124,1043,3141.6094,2.5604472,5,26.46718,1.3320256608180683,1.1487012570053057,3203.3893020195023,1.0710491,1.0333959,0.0,True,1.2537326925726477,1.114109649903714
495,74382,405.63712,1043,2681.8281,2.9967477,5,34.701462,1.5602222766759504,1.420703511485473,4550.030010875019,1.1177794,1.1737236,0.0,True,1.4274894136731653,1.346609538039831
496,12764,304.92947,1043,3567.543,3.0108232,4,52.272587,1.1730824893799825,1.1557354166717189,2882.968074320721,1.0008132,1.0037181,0.0,True,1.1214017025659877,1.1101302216702031
497,2024,329.29376,1043,3303.582,6.8487806,7,103.87436,1.2667567733575784,0.9394909580028555,2507.1829826788885,1.0130391,0.67064428,0.0,True,1.1906414713503048,0.8588369546019988
498,44,233.45946,1043,4659.6914,2.9741681,3,69.999969,0.8982508770076224,0.45063402601342833,893.8325529579901,0.92918634,0.23891294,0.0,True,0.9075315159053357,0.38711770020939984
499,0,276.04443,1043,3940.8477,3.0064549,3,49.15099,1.062016265144832,0.0,191.33941836377716,1.028908,0.0,0.0,True,1.0520837856013823,0.0
500,23841,375.24622,1043,2899.0273,2.9964354,5,71.125359,1.4434088187963245,1.2641409291854657,3782.198944009,1.1574136,1.2544276,0.0,True,1.3576102531574272,1.261226930429826
501,0,234.30188,1043,4642.9375,4.0076995,4,208.72293,0.9014907925863137,0.0,162.40568752189463,0.92930716,0.0,0.0,True,0.9098357028104196,0.0
502,834,276.79535,1043,3930.1562,2.0664372,4,89.59581,1.0649038785358758,0.8127668495912795,1862.4531119787946,1.0041046,0.77513218,0.0,True,1.046664094975113,0.8014764487138957
503,42126,399.96344,1043,2719.8711,3.0245206,5,151.15343,1.5384153894682562,1.3462952173952383,4258.99784470868,1.145691,1.0903239,0.0,True,1.4205980726277794,1.2695038221766668
504,27106,342.4754,1043,3176.4297,3.998589,6,208.47884,1.3174330671491303,1.265745123834199,3495.846470372191,1.0732901,1.0883646,0.0,True,1.2441901770043913,1.2125309666839392
505,24947,375.45007,1043,2897.4531,2.019958,4,16.035639,1.444192488710678,1.2699145433368275,3801.277656361371,1.1579078,1.2550987,0.0,True,1.3583070820974745,1.2654697903357792
506,294,277.00238,1043,3927.2188,4.0075788,4,50.37352,1.0656999779164475,0.6871273428669357,1576.243111903266,1.0297055,0.72597075,0.0,True,1.0549016345415132,0.6987803650068549
507,2945,345.41614,1043,3149.3867,4.0460238,6,268.97067,1.3287383577486351,0.9915948058825187,2759.371681321341,1.0650094,0.8851701,0.0,True,1.2496196704240448,0.959667394117763
508,26494,375.69116,1043,2895.5938,2.0240867,4,123.63118,1.4451191841965187,1.2775634202588435,3826.3201876027338,1.1584033,1.255985,0.0,True,1.3591044189375632,1.2710898941811903
509,5514,238.59567,1043,4559.3828,3.9742494,4,35.61441,0.918004160577992,1.022506007266384,2055.599101087013,0.91501534,0.94520396,0.0,True,0.9171075144045944,0.9993153930864689
510,0,194.09953,1043,5604.5938,1.0283122,2,37.321697,0.746864948266609,0.0,134.5395419675105,0.83271945,0.0,0.0,True,0.7726212987866263,0.0
511,1842,195.37477,1043,5568.0117,1.9594079,3,12.557361,0.7517701243587855,0.8717519512408757,1469.158173925016,0.83534038,0.85796338,0.0,True,0.7768412010511498,0.8676153798686129
512,0,165.51741,1043,6572.4141,0.96574646,1,27.657869,0.6369188683123703,0.0,114.7279260750845,0.76892066,0.0,0.0,True,0.6765194058186592,0.0
513,7871,329.72421,1043,3299.2695,2.8083434,5,143.47035,1.2684115575504789,1.1072158776882777,2958.0200071298727,1.0645382,0.92230743,0.0,True,1.207249550285335,1.0517433433817944
514,49285,390.23566,1043,2787.6719,3.0703516,5,128.84305,1.5010254031626051,1.3619037107215743,4216.658501342242,1.1339759,1.1924974,0.0,True,1.3909105522138236,1.311081817505102
515,5922,291.98306,1043,3725.7266,3.0087955,4,112.61561,1.1233035138330398,1.056272654325314,2536.3888613772547,1.011732,0.91546965,0.0,True,1.089832059683128,1.0140317530277199
516,6406,329.67346,1043,3299.7773,3.235672,4,69.241035,1.2682164809809826,1.0817804218800786,2889.687599412229,1.0645374,0.8216939,0.0,True,1.2071127566866877,1.003754465316055
517,56777,417.21939,1043,2607.3789,1.7760353,4,29.983389,1.6047375827208883,1.39145232251738,4567.268043298971,1.1186749,1.1186341,0.0,True,1.4589187779046218,1.309606855762166
518,72,304.04526,1043,3577.918,4.0136542,4,142.87451,1.1696827660267333,0.5242897604524832,1308.630590320186,0.98973709,0.62456942,0.0,True,1.1156990632187131,0.5543736583167382
519,48446,390.1225,1043,2788.4805,1.9828267,4,72.441528,1.5005904497053073,1.3596900128083989,4208.737631527135,1.1338044,1.1909982,0.0,True,1.3905546347937152,1.309082468965879
520,2599,298.58533,1043,3643.3438,3.3273995,6,53.291351,1.1486895662321042,0.9587618927607503,2347.9709080989032,1.0023401,0.88987774,0.0,True,1.1047847263624728,0.9380966469325253
521,212179,481.63965,1043,2258.6367,2.9874754,5,101.63829,1.852296031639622,1.58796451566126,5907.404209152271,1.2415594,1.4649378,0.0,True,1.6690750421477354,1.5510565009628818
522,11069,304.16946,1043,3576.457,2.9930716,5,34.391258,1.170160320045453,1.1379729036777328,2832.451669996222,1.0014719,1.0066227,0.0,True,1.119553794031817,1.098567842574413
523,74611,405.71393,1043,2681.3203,4.0247626,6,46.765755,1.5605175380624112,1.4211268916639113,4552.138708265694,1.1177803,1.1731812,0.0,True,1.427696366643688,1.3467431841647377
524,12286,304.6076,1043,3571.3125,3.6319027,5,11.798285,1.1718450005111198,1.1509215544413087,2868.300441987279,1.0010688,1.0078496,0.0,True,1.120612140357784,1.107999968108916
525,0,283.78217,1043,3833.3945,3.8849607,4,20.969759,1.0917699309390183,0.0,196.7028110286831,1.0126033,0.0,0.0,True,1.0680199416573128,0.0
526,8966,352.62305,1043,3085.0195,3.6821136,5,37.254276,1.356443776396259,1.1326675027820432,3209.369762055641,1.0890352,1.0363861,0.0,True,1.2762212034773812,1.1037830819474304
527,2633,298.33456,1043,3646.4062,5.7760119,7,91.86586,1.1477253789309125,0.9602477255083398,2349.873469534192,0.99915165,0.87342399,0.0,True,1.1031532602516387,0.9342006048558378
528,14217,305.00528,1043,3566.6562,2.3915138,5,30.766779,1.1733739967410957,1.168948843329497,2916.5624742314067,1.0010115,1.0129602,0.0,True,1.121665247718767,1.122152250330648
529,204378,481.63965,1043,2258.6367,2.0031219,4,13.238384,1.852296031639622,1.5831147468748543,5889.362624679749,1.2415594,1.464797,0.0,True,1.6690750421477354,1.5476194228123978
530,3696,298.70767,1043,3641.8516,4.0048985,5,18.485712,1.149159968092249,1.0017322162860562,2454.0470251972392,0.99874055,0.92105711,0.0,True,1.1040341426645743,0.9775296844002394
531,0,232.04236,1043,4688.1484,2.0107799,3,28.431005,0.8928008308625993,0.0,160.83950760447584,0.9014942,0.0,0.0,True,0.8954088416038195,0.0
532,0,240.48273,1043,4523.6055,2.0001528,3,28.987801,0.9252614679712783,0.0,166.68992627285857,0.91415268,0.0,0.0,True,0.9219288315798948,0.0
533,1696,238.05275,1043,4569.7812,3.054214,5,64.101158,0.9159161834754669,0.8823832353323893,1770.44742795122,0.90179694,0.83184862,0.0,True,0.9116804104328269,0.8672228507326725
534,55564,415.30862,1043,2619.375,2.2379131,4,66.946823,1.5973938823666551,1.387898482274533,4537.382389046888,1.1185858,1.1180495,0.0,True,1.4537514576566584,1.3069437875921732
535,0,231.79996,1043,4693.0508,1.0174166,2,28.65885,0.8918686009507907,0.0,160.6714887279081,0.90115309,0.0,0.0,True,0.8946539476655535,0.0
536,2797,342.03458,1043,3180.5234,3.0334547,4,127.70834,1.3157384446533498,0.9839960582671053,2714.7344434790725,1.0970612,0.90132338,0.0,True,1.2501352712573448,0.9591942547869737
537,1997,295.11276,1043,3686.2148,1.9833012,3,39.551842,1.1353374506248635,0.9253312613438692,2242.975710044856,0.98790658,0.87450755,0.0,True,1.0911081894374044,0.9100841479407085
538,363,283.22113,1043,3840.9883,3.0121388,4,15.998603,1.0896125778964487,0.7144371241634637,1670.975595365643,0.98717707,0.62225169,0.0,True,1.0588819255275141,0.6867814939144246
539,4221,288.88248,1043,3765.7148,3.0147994,5,24.203856,1.111381463477249,1.013792586707345,2411.6779125359335,0.99498713,0.93276274,0.0,True,1.0764631634340742,0.9894836326951415
540,1083,237.98135,1043,4571.1523,2.084367,4,28.002432,0.9156415779961867,0.8291726021962381,1663.3314421992347,0.90246403,0.7835238,0.0,True,0.9116883135973307,0.8154779615373666
541,1271,229.33165,1043,4743.5625,2.9081903,3,27.049154,0.8823755642010596,0.8444414841958727,1639.5221455643077,0.90421599,0.85734278,0.0,True,0.8889276919407417,0.8483118729371109
542,2,195.11661,1043,5575.3789,2.9894621,3,17.634863,0.7507771057815152,0.1273509234492689,270.48905620382885,0.82690454,0.080841973,0.0,True,0.7736153360470607,0.11339823831448823
543,29960,399.17459,1043,2725.2461,4.1358995,6,444.04834,1.5353833995358508,1.3028835955872717,4114.566009997364,1.1251149,1.1335036,0.0,True,1.4123028496750956,1.2520695969110902
544,9866,383.61368,1043,2835.793,6.5066495,8,441.82275,1.4755721747107313,1.1566841731390485,3528.1151461041454,1.1789012,1.2871442,0.0,True,1.3865708822975118,1.195822181197334
545,9013,383.50223,1043,2836.6172,6.562294,8,440.69577,1.475143738433238,1.1452707832501599,3492.418717335602,1.1253037,1.0071402,0.0,True,1.3701917269032664,1.1038316082751118
546,4385,299.23148,1043,3635.4766,2.9961824,4,48.767776,1.1511739727449768,1.0227887878882405,2509.4751535293,0.99956626,0.92240655,0.0,True,1.1056916589214838,0.9926741165217683
547,7157,343.54892,1043,3166.5039,4.4120455,6,63.219067,1.3215601181330061,1.101057207573414,3049.3833586472274,1.0667167,1.0033079,0.0,True,1.2451070926931043,1.0717324153013899
548,540,237.99721,1043,4570.8477,2.986882,4,35.082615,0.9157025694052506,0.7467177363904831,1498.2557445504917,0.90257275,0.76523918,0.0,True,0.9117636235836755,0.7522741694733383
549,2203,298.56998,1043,3643.5312,2.0193768,4,44.358685,1.1486305173821831,0.9386087269481775,2298.5358520079585,0.99873048,0.87065101,0.0,True,1.1036605061675282,0.9182214118637243
550,828,294.38309,1043,3695.3516,3.1136446,5,32.95916,1.132531833972428,0.8179786506911892,1978.674067004165,0.98689193,0.78720164,0.0,True,1.0888398627806994,0.8087455474838325
551,0,298.57635,1043,3643.4531,0.98501623,2,46.950573,1.1486551255833988,0.0,206.95735518437942,0.99873054,0.0,0.0,True,1.1036777499083792,0.0
552,3522,344.12628,1043,3161.1914,3.0398002,5,70.041298,1.3237796449462054,1.0133275415993852,2810.600456756214,1.0940259,0.92015678,0.0,True,1.2548535214623437,0.9853763131195696
553,6518,341.255,1043,3187.7891,3.0125403,4,105.09545,1.3127414562890352,1.0885536258210498,2997.1162828899633,1.095957,0.96841502,0.0,True,1.2477061194023247,1.0525120440747349
554,1642,240.2081,1043,4528.7773,4.0028305,5,103.52957,0.9242052988101823,0.8794861512366416,1778.7139752523558,0.90615499,0.84750879,0.0,True,0.9187902061671276,0.8698929428656492
555,0,259.18619,1043,4197.1719,3.0426772,3,40.346088,0.9971890858740244,0.0,179.6541768385743,0.97961032,0.0,0.0,True,0.9919154561118171,0.0
556,0,236.35504,1043,4602.6055,3.0053234,3,70.155563,0.9093870014247455,0.0,163.8288295871331,0.90435809,0.0,0.0,True,0.9078783279973219,0.0
557,2699,281.54239,1043,3863.8906,2.715457,4,26.523754,1.0831574976252278,0.9565145289928001,2224.5726644786487,0.97315311,0.87743473,0.0,True,1.0501561813376594,0.9327905892949602
558,4050,313.87994,1043,3465.8125,4.3674445,5,52.965824,1.2074956152874154,1.0190333265396396,2607.389947403936,0.99298477,0.90363264,0.0,True,1.1431423617011909,0.9844131205777478
559,0,219.23755,1043,4961.9648,1.0642784,2,12.571276,0.8435531993274592,0.0,151.96388965537002,0.89838922,0.0,0.0,True,0.8600040055292215,0.0
560,826,221.5159,1043,4910.9297,2.9829063,3,46.740704,0.8523159589254637,0.7903458410605501,1488.3682460054897,0.90321767,0.79195863,0.0,True,0.8675864722478246,0.7908296777423851
561,1,183.20197,1043,5937.9766,3.0477333,3,29.344236,0.7049469501931861,0.07976717944416842,201.26793555020637,0.82407475,0.050992742,0.0,True,0.7406852901352303,0.0711348482109179
562,72124,405.5993,1043,2682.0781,2.9737573,5,104.32055,1.560076954686561,1.4167824023754951,4537.102668357797,1.1177789,1.1775619,0.0,True,1.4273875382805925,1.3450162516628466
563,1958,341.48474,1043,3185.6445,3.0456464,4,33.038322,1.3136246492947663,0.9396131698251732,2588.6932839064693,1.0900817,0.86153346,0.0,True,1.2465617645063365,0.9161892568776211
564,2730,302.93365,1043,3591.0469,4.7891455,7,34.282658,1.165408775596247,0.9664578171540011,2397.0501203044837,0.99462128,0.83488458,0.0,True,1.1141725269173728,0.9269858460078008
565,4,260.55338,1043,4175.1484,4.0014668,4,148.98604,1.0024466424005647,0.1930331730602747,466.8489858543757,0.972404,0.11986092,0.0,True,0.9934338496803954,0.17108149714219228
566,4438,308.83997,1043,3522.3711,2.9937215,4,99.148277,1.1881178994995423,1.028213849939612,2593.7645860295597,1.0145491,0.97387981,0.0,True,1.1360472596496796,1.0119136379577285
567,53516,416.72742,1043,2610.457,3.0526028,5,93.151169,1.602846817531883,1.3837265912673766,4537.23368722877,1.1183727,1.1147077,0.0,True,1.457504582272318,1.3030209238871637
568,43493,389.81616,1043,2790.6719,3.0425763,5,70.323509,1.4994129415592612,1.3459643844068925,4163.393009528142,1.1336511,1.1851149,0.0,True,1.3896843890914827,1.2977095390848248
569,5819,309.03668,1043,3520.1289,2.0044794,4,31.370022,1.1888742596527033,1.0614600631817492,2679.109237566064,1.0144506,0.96374661,0.0,True,1.1365471617568923,1.0321460272272245
570,18625,423.15378,1043,2570.8125,2.1380353,4,65.87748,1.6275451041958522,1.252022668489034,4160.603440135812,1.1069771,1.1888376,0.0,True,1.4713747029370965,1.2330671479423239
571,7065,309.03568,1043,3520.1406,3.0234938,5,64.011673,1.1888703103984237,1.08521275019466,2739.04236294051,1.0144506,0.95803165,0.0,True,1.1365443972788967,1.047058420136262
572,26683,430.02698,1043,2529.7227,3.0697925,5,46.760975,1.6539601230375234,1.3004662716135842,4382.773438469118,1.1070359,1.1914562,0.0,True,1.4898828561262665,1.2677632501295089
573,706,313.20956,1043,3473.2305,4.0011606,5,71.304153,1.2049181740287127,0.804668753000753,2055.4202271104086,0.99310613,0.62934375,0.0,True,1.141374560820099,0.752071252100527
574,4533,306.56958,1043,3548.457,3.0506423,5,51.616047,1.1793885655815268,1.0298768474106905,2581.187215522967,1.0128835,0.94544464,0.0,True,1.1294370459070688,1.0045471851874832
575,1376,299.25461,1043,3635.1953,5.6395674,7,72.554344,1.1512630043233838,0.8815036293722397,2163.128567004163,0.98411167,0.78649205,0.0,True,1.1011176040263686,0.8530001555605679
576,6,239.53415,1043,4541.5195,3.9662471,4,90.436539,0.9216133854798886,0.23105969087326184,498.097262160969,0.91656762,0.14428385,0.0,True,0.920099655835922,0.2050269386112833
577,3,237.81735,1043,4574.3047,3.9912796,4,90.494621,0.9150108357926628,0.16446986168634173,382.7522593246098,0.91343904,0.10276383,0.0,True,0.914539297054864,0.1459580521804392
578,9157,345.18707,1043,3151.4766,3.1073854,5,74.519234,1.3278577644714062,1.1322900672171416,3148.9663817151127,1.0626343,1.0030947,0.0,True,1.2482907251299844,1.0935314570519992
579,3746,264.91156,1043,4106.4609,2.9119644,3,38.413071,1.019206094522864,0.9889032797487612,2179.9513047071746,0.9589867,0.91845524,0.0,True,1.0011402761660049,0.9677688678241329
580,1875,212.42448,1043,5121.1094,1.9367682,2,49.323425,0.817349008473036,0.8823637600792621,1601.13465605827,0.87151444,0.86076403,0.0,True,0.8335986379311252,0.8758838410554834
581,0,177.71114,1043,6121.4453,0.96064788,1,37.348797,0.6838255562418253,0.0,123.17997564509372,0.79973334,0.0,0.0,True,0.7185978913692777,0.0
582,0,215.24199,1043,5054.0742,0.89671665,1,28.076681,0.8281857074781241,0.0,149.19437850661194,0.87448734,0.0,0.0,True,0.8420761972346869,0.0
583,1870,264.11789,1043,4118.8008,2.8672614,3,37.397652,1.0161540418039354,0.9051161945001359,1990.0656146275478,0.95489395,0.86663198,0.0,True,0.9977760142627548,0.8935709301500951
584,2268,304.82568,1043,3568.7578,2.0230961,4,43.221935,1.1726833974538657,0.9445386855433093,2355.5511447745534,1.0107405,0.89351094,0.0,True,1.124100528217706,0.9292303618803166
585,11650,346.02084,1043,3143.8828,1.948683,4,16.649506,1.3310630607055327,1.1625220250942527,3239.8737886336276,1.0619541,0.99522698,0.0,True,1.2503303724938728,1.112333511565977
586,0,304.12994,1043,3576.9219,1.0144172,2,61.208466,1.1700083168590214,0.0,210.8068104348653,1.0098858,0.0,0.0,True,1.121971561801315,0.0
587,0,203.61099,1043,5342.7812,1.016886,2,44.514103,0.7834499171619766,0.0,141.1323836495192,0.83540159,0.0,0.0,True,0.7990354190133837,0.0
588,5452,306.20956,1043,3552.6289,2.9845521,3,51.418098,1.17800437294281,1.05230172942993,2634.6590725544006,0.98971695,0.91563833,0.0,True,1.121518146059967,1.011302709600951
589,4210,243.48007,1043,4467.918,1.9372437,3,11.821767,0.9367886364780944,0.9928743461771994,2032.0098849783524,0.90241247,0.88516414,0.0,True,0.9264757865346661,0.9605612843240396
590,48968,434.27783,1043,2504.9609,4.0310502,6,99.020103,1.670296648180229,1.3796642225092088,4689.750280728713,1.1097107,1.1985099,0.0,True,1.5021208637261603,1.3253179257564462
591,2095,242.25375,1043,4490.5352,2.0907168,4,65.762039,0.932072471772484,0.909325427248567,1852.820400222356,0.90193164,0.86311764,0.0,True,0.9230302222407387,0.8954630910739969
592,52656,415.58008,1043,2617.6641,4.0087733,6,72.806938,1.5984371387113678,1.3811843035307678,4518.009365256287,1.1177109,1.1200876,0.0,True,1.4542192670979575,1.3028552924715373
593,26843,388.43295,1043,2800.6094,2.9807136,5,79.119026,1.4940963190906629,1.284573698571768,3961.175079392262,1.1335562,1.1751156,0.0,True,1.385934283363464,1.2517362690002376
594,52656,434.59161,1043,2503.1523,4.0281024,6,96.703819,1.6715025223771387,1.3890690645951955,4724.69461010212,1.1096886,1.1987423,0.0,True,1.502958345663997,1.331971035216637
595,566,239.97255,1043,4533.2227,4.0881677,5,74.761848,0.923299397930093,0.7530252140675348,1521.9350492601325,0.93090248,0.49750426,0.0,True,0.925580322551065,0.6763689278472743
596,2157,312.23648,1043,3484.0547,3.9982266,6,76.770424,1.201176903044261,0.9411687379303175,2397.164485974428,0.99273944,0.868891,0.0,True,1.1386456641309828,0.9194854165512223
597,39089,413.92035,1043,2628.1602,3.0169327,5,42.506809,1.5920583044290957,1.3426514355785857,4376.647890719731,1.117234,1.1200615,0.0,True,1.449611013100367,1.27587445490501
598,1739,308.18649,1043,3529.8398,4.0066972,5,98.609573,1.1856054140363022,0.9133134295979164,2299.7538299127195,1.013495,0.90265197,0.0,True,1.1339722898254117,0.9101149917185415
599,0,204.68428,1043,5314.7656,1.9871926,3,48.894581,0.787578144951301,0.0,141.8763315869424,0.8374514,0.0,0.0,True,0.8025401214659107,0.0
600,816,252.36914,1043,4310.5469,4.0090203,5,24.194363,0.9709734144314791,0.8011979739415204,1692.6050799868256,0.91754323,0.7929619,0.0,True,0.9549443591020355,0.7987271517590642
601,3313,253.78906,1043,4286.4297,4.0778613,5,30.611557,0.9764339586559834,0.969153434596294,2057.268152715792,0.91966254,0.90628302,0.0,True,0.9594025330591884,0.9502923102174058
602,75717,435.13144,1043,2500.0469,3.0275536,5,151.37747,1.6735770973713127,1.4357050638248825,4888.607913489601,1.109694,1.1993618,0.0,True,1.504412168159919,1.3648020846774176
603,14622,348.52164,1043,3121.3242,2.9920025,4,124.02843,1.340676830278743,1.1917960422622598,3342.4686605258507,1.0606151,0.98288405,0.0,True,1.2566583111951202,1.129122444583582
604,1857,204.19922,1043,5327.3906,2.9764762,4,50.391068,0.7857124205512148,0.8771819373046907,1537.1696606134085,0.83657104,0.85806024,0.0,True,0.8009700063858505,0.8714454281132835
605,159,205.00673,1043,5306.4062,4.0237684,5,50.701687,0.7888183817562586,0.591702763049258,1041.7220926731914,0.83803928,0.37382734,0.0,True,0.8035846512293809,0.5263401361344805
606,13957,333.84161,1043,3258.5781,2.0470712,4,50.543518,1.2842410946662772,1.1797092329016008,3186.144178219161,1.019771,1.0124204,0.0,True,1.204900066266394,1.1295225830311206
607,79412,437.21362,1043,2488.1406,3.0341077,5,23.378731,1.6815790997459703,1.4426728719026147,4932.832042633038,1.1097628,1.1995921,0.0,True,1.5100342098221793,1.3697486403318302
608,0,252.53619,1043,4307.6953,0.99140763,2,10.402865,0.9716158792917194,0.0,175.04474808785065,0.91754687,0.0,0.0,True,0.9553951765042037,0.0
609,23569,387.90005,1043,2804.457,2.0234342,4,40.986984,1.4920479410120628,1.2679705812723308,3905.2894258218826,1.1333969,1.1718615,0.0,True,1.384452628708444,1.2391378568906315
610,7892,280.2854,1043,3881.2188,3.2597532,5,33.815712,1.0783240924742357,1.0857933582100692,2515.2414508887077,1.0029802,0.94636631,0.0,True,1.055720924731965,1.0439652437470484
611,1357,240.2682,1043,4527.6445,3.8911736,5,22.899677,0.9244364294789338,0.8568825712419096,1733.4159894801498,0.93126225,0.86081189,0.0,True,0.9264841756352536,0.8580613668693368
612,9486,284.73413,1043,3820.5781,3.0778236,4,29.365307,1.0954304343419146,1.1101639201211229,2607.5334097542463,1.0105002,0.96923977,0.0,True,1.06995136403934,1.067886675084786
613,0,296.26685,1043,3671.8555,2.0001345,2,86.03373,1.1397749281072407,0.0,205.35653177087622,0.99766594,0.0,0.0,True,1.0971422316750685,0.0
614,0,238.32982,1043,4564.4688,4.0725389,4,26.352022,0.9169817142709682,0.0,165.19764277635926,0.93121141,0.0,0.0,True,0.9212506229896777,0.0
615,36617,413.9216,1043,2628.1523,3.6483738,6,32.867668,1.5920630863805454,1.3343566728894987,4349.621666809772,1.117234,1.1178235,0.0,True,1.4496143604663818,1.269396721022649
616,2372,308.18649,1043,3529.8398,4.3558378,7,95.690041,1.1856054140363022,0.9512908204802365,2395.3275872676945,1.013495,0.90111208,0.0,True,1.1339722898254117,0.9362371983361656
617,9896,307.73154,1043,3535.0586,1.9979256,4,33.55711,1.183856096811314,1.1258856378995978,2831.157246994369,1.0344342,0.98640645,0.0,True,1.1390295277679199,1.0840418815297186
618,10722,387.9249,1043,2804.2773,2.9873726,5,26.009758,1.4921434843195611,1.1687885250439571,3600.0359797636684,1.1333972,1.1683407,0.0,True,1.384519599023693,1.16865417753077
619,0,328.7713,1043,3308.832,2.0411427,3,16.463604,1.2647480719012294,0.0,227.88689964402795,,,,False,1.2647480719012294,0.0
620,0,335.60818,1043,3241.4258,2.0411427,3,4.6526518,1.2910325830141978,0.0,232.62586373985462,,,,False,1.2910325830141978,0.0
621,1893,328.07104,1043,3315.8945,3.9925435,6,83.257576,1.2620559178083846,0.9308111541870809,2475.943647586729,1.1210446,0.87118858,0.0,True,1.2197525224658692,0.9129243819309566
622,0,340.34042,1043,3196.3555,2.0242829,3,21.760386,1.3092254405080643,0.0,235.9060025535876,,,,False,1.3092254405080643,0.0
623,3648,328.1561,1043,3315.0352,3.9848015,5,119.38206,1.262382861776351,1.0117279949212024,2691.6946499870146,1.1210521,0.87497544,0.0,True,1.2199836332434457,0.9707022284448417
624,13778,328.43707,1043,3312.1992,3.9209504,5,83.709,1.2634630979299284,1.175743894044571,3130.3250252253133,1.0996252,1.0244567,0.0,True,1.21431172855095,1.1303577358311996
625,2731,329.9762,1043,3296.75,3.1680937,5,45.532696,1.2693803375184207,0.9766943912301365,2611.1528782628375,1.0983267,0.88281006,0.0,True,1.2180642462628946,0.9485290918610956
626,1182,253.57671,1043,4290.0195,2.905683,4,22.915882,0.9756172795554378,0.8459084344540976,1794.4745923292242,1.0286033,0.76779234,0.0,True,0.9915130856888065,0.8224736061178683
627,468,241.42316,1043,4505.9844,3.0627408,4,43.148697,0.9288781896381209,0.7310112994476299,1485.4121697907801,1.0004628,0.61368471,0.0,True,0.9503535727466845,0.695813322613341
628,12,267.1207,1043,4072.5,4.2720566,5,30.450289,1.0277011629375115,0.30855610395766636,704.9468412269586,0.99110818,0.1912929,0.0,True,1.016723268056258,0.27337714277036645
629,6168,273.47491,1043,3977.875,4.0758014,6,54.063282,1.0521356546094767,1.0528437120357224,2386.7397291482025,1.0007422,0.89996088,0.0,True,1.0367176182266336,1.0069788624250056
630,969,266.65466,1043,4079.6172,3.1708989,5,28.771374,1.0259091392472794,0.8271455194178761,1834.137805771224,0.99189079,0.87247491,0.0,True,1.0157036344730956,0.8407443365925131
631,1869,263.96069,1043,4121.2539,3.0048165,4,62.057522,1.0155494883273841,0.9049872834250579,1988.7401076208537,0.99138784,0.86613381,0.0,True,1.008300993829169,0.8933312413975405
632,3,301.11545,1043,3612.7305,3.997751,4,76.901443,1.1584178650078867,0.1692037151447328,484.6266212496547,0.98985869,0.56722796,0.0,True,1.1078501125055207,0.288610988601313
633,15574,352.44812,1043,3086.5508,3.0003781,5,76.506081,1.3557712531032,1.2013048089644647,3402.3531849537812,1.1085324,1.1496632,0.0,True,1.28159959717224,1.1858123262751252
634,0,421.02094,1043,2583.8359,1.0070517,2,13.917073,1.61934807556384,0.0,291.8294775176979,,,,False,1.61934807556384,0.0
635,2673,421.02475,1043,2583.8125,3.0097826,5,62.253101,1.6193627296599775,1.0042184130036658,3322.602981268293,1.1071286,1.1882652,0.0,True,1.4656924907619842,1.0594324491025662
636,12749,421.54926,1043,2580.5977,2.9684219,5,53.430161,1.6213785013395199,1.2031769059846351,3985.0590113582725,1.1071342,1.1877526,0.0,True,1.4671052109376639,1.1985496141892447
637,16113,421.44846,1043,2581.2148,2.0489984,4,47.619934,1.620991172855192,1.2329420290087256,4082.784398227545,1.1071334,1.1889331,0.0,True,1.4668338409986343,1.219739350306108
638,6343,351.42783,1043,3095.5117,4.0287566,6,80.09066,1.3518490949974105,1.0891424756828245,3076.899087789018,1.1083319,1.1502701,0.0,True,1.2787939364981873,1.1074807629779773
639,1675,303.12656,1043,3588.7617,3.119801,4,52.949451,1.1661504544812569,0.9068903324317291,2250.642491681009,0.99004853,0.90194756,0.0,True,1.1133198771368797,0.9054075007022103
640,0,268.05685,1043,4058.2773,1.9878285,3,18.158428,1.0313010858615224,0.0,185.80284980728015,,,,False,1.0313010858615224,0.0
641,0,198.53241,1043,5479.4531,1.9268837,2,22.891121,0.7639157559131339,0.0,137.6121802412711,0.82772839,0.0,0.0,True,0.7830595461391937,0.0
642,1088,241.06142,1043,4512.7461,2.9280872,4,30.569555,0.9274870160226486,0.8309856767392682,1685.9674143921268,0.90220302,0.85442305,0.0,True,0.9199018172158541,0.8380168887174877
643,3068,300.38565,1043,3621.5078,2.0334842,4,27.009186,1.1556118047790296,0.9797001700412946,2411.9264029493434,0.98551452,0.92872739,0.0,True,1.1045826193453205,0.9644083360289062
644,2380,268.05478,1043,4058.3086,3.8850286,5,53.235466,1.0312931357948731,0.93573619837488,2084.312413590466,1.0322853,0.93371642,0.0,True,1.0315907850564112,0.935130264862416
645,0,350.04129,1043,3107.7734,2.0121715,3,20.779268,1.346518813360771,0.0,242.63013324306618,1.1079923,1.1509,10.197041054892987,True,1.2749608593525399,0.3452700000000001
646,3499,297.22778,1043,3659.9844,3.0447555,5,38.961548,1.1434697505507918,0.994453440085763,2425.6176324406506,0.9798367,0.84184688,0.0,True,1.0943798353855543,0.9486714720600341
647,0,266.76706,1043,4077.8984,2.0797169,3,0.055750329,1.0263413393796499,0.0,184.90883550526576,0.90363836,0.0,6.356409852328185,True,0.9895304455657549,0.0
648,5655,269.18912,1043,4041.207,3.9306979,6,39.26466,1.0356552084493549,1.040388897690278,2325.9686992853085,0.99493599,0.90230763,0.0,True,1.0234394429145484,0.9989645173831945
649,0,221.66983,1043,4907.5195,3.7466874,3,0.05209418,0.8529079858810807,0.0,153.64981767970238,0.90363836,0.0,6.336012132119044,True,0.8681270981167565,0.0
650,0,211.85808,1043,5134.8008,3.7466874,3,0.07533244,0.8151704828399985,0.0,146.84883083084333,0.90363836,0.0,6.326591105894879,True,0.841710845987999,0.0
651,55,256.01953,1043,4249.0859,3.0014548,4,38.509186,0.9850114739833629,0.481780038923444,1035.1000853569055,0.96811324,0.57043004,0.0,True,0.9799420037883539,0.5083750392464108
652,184677,480.90192,1043,2262.1016,1.8467301,4,29.953962,1.8494613441326533,1.569680334522365,5831.596761335307,1.2408694,1.4640495,0.0,True,1.666883760892857,1.5379910841656557
653,9605,338.83728,1043,3210.5352,2.2762125,4,36.071602,1.3034466948062984,1.1356035979039065,3107.2216447437586,1.0832982,1.0123159,0.0,True,1.237402146364409,1.0986172885327345
654,171852,474.90634,1043,2290.6602,3.4057841,5,23.275196,1.8264234658013827,1.5578371724603177,5724.711249950719,1.2379317,1.463497,0.0,True,1.649875936060968,1.5295351207222223
655,21475,376.6622,1043,2888.1289,3.0672243,5,54.583828,1.448851775569211,1.2516235096964894,3757.1067120683797,1.1196215,1.063522,0.0,True,1.3500826928984477,1.1951930567875426
656,157073,466.41177,1043,2332.3789,3.1314571,5,31.067596,1.793782658157547,1.5426226377984409,5580.373676993295,1.2166076,1.4499136,0.0,True,1.6206301407102828,1.5148099264589088
657,986,331.59137,1043,3280.6914,2.9574332,4,51.2677,1.275590019941835,0.8515382850062196,2286.5488728315113,1.0729359,0.85427773,0.0,True,1.2147937839592844,0.8523601185043537
658,151147,462.00751,1043,2354.6133,1.7895089,4,27.191891,1.7768585063951268,1.535787850926188,5509.911443940074,1.2114303,1.4492612,0.0,True,1.6072300444765888,1.5098298556483316
659,572,301.17993,1043,3611.957,3.015799,4,46.56609,1.1586658027167702,0.7751755687685532,1913.2844768994694,1.032468,0.64915198,0.0,True,1.120806461901739,0.7373684921379873
660,14270,378.76874,1043,2872.0664,3.3879595,4,57.606148,1.4569490768859379,1.201178770205291,3623.322544130975,1.1273576,1.0288205,0.0,True,1.3580716338201564,1.1494712891437036
661,2630,326.59134,1043,3330.918,3.0078897,4,42.520065,1.2563670598523247,0.9708102804941908,2572.0698670887323,1.0688261,0.72542733,0.0,True,1.2001047718966271,0.8971953953459336
662,0,319.78439,1043,3401.8203,0.98891872,2,23.173552,1.230196667076958,0.0,221.65764831558195,1.0711312,0.79137713,9.54822410801983,True,1.1824770269538705,0.23741313900000002
663,204,250.03419,1043,4350.8008,3.0040069,4,39.896065,0.9619940311509065,0.6352946874071149,1332.1512022836062,0.96039551,0.76517081,0.0,True,0.9615144748056346,0.6742575241849804
664,8825,351.44205,1043,3095.3867,2.0033553,4,99.066032,1.351903651032301,1.1302236157172014,3193.0515166750047,1.0687133,0.9484551,0.0,True,1.2669465457226106,1.075693061002041
665,2909,250.03465,1043,4350.793,2.9971657,4,41.867157,0.9619957549988918,0.9519150465141182,1994.3393630662567,0.96039557,0.89545923,0.0,True,0.9615156994992242,0.9349783015598827
666,9982,351.4407,1043,3095.3984,2.0098698,4,50.650993,1.3518985444006462,1.1455467870790763,3236.3257121210636,1.0687133,0.97559595,0.0,True,1.2669429710804523,1.0945615359553533
667,149712,460.37994,1043,2362.9375,2.2735791,4,55.003349,1.770604249959625,1.5338632188892523,5486.10930795207,1.2095792,1.4490433,0.0,True,1.6022967349717374,1.5084172432224765
668,4533,301.18188,1043,3611.9336,2.9883039,5,45.238461,1.1586733050072893,1.0276499205598806,2535.8250424036605,1.032468,0.9506368,0.0,True,1.1208117135051023,1.0045459843919164
669,17920,345.14301,1043,3151.8789,3.5435946,6,51.98328,1.3276883866368143,1.2155996792216879,3380.2561882591845,1.0738046,1.0513737,0.0,True,1.25152325064577,1.1663318854551816
670,162,281.31119,1043,3867.0664,4.126348,4,74.070534,1.082268422270781,0.6166001195305443,1434.6494936522745,1.0015494,0.38018698,0.0,True,1.0580527155895467,0.545676177671381
671,0,334.10477,1043,3256.0117,1.9713576,2,53.114689,1.285252716676521,0.0,231.58377933712896,1.094762,0.0,0.0,True,1.2281055016735647,0.0
672,149000,460.18365,1043,2363.9453,4.5265212,6,74.193268,1.769850041921464,1.533165562649518,5481.576489983056,1.2093362,1.4489956,0.0,True,1.6016958893450248,1.5079145738546627
673,20109,376.50385,1043,2889.3438,2.0164084,4,49.422443,1.4482429894324191,1.2433115715714202,3730.785011060529,1.119494,1.0576571,0.0,True,1.3496182926026934,1.1876152300999943
674,14508,374.45706,1043,2905.1367,1.2064912,4,14.458481,1.440375469233659,1.2015301066734865,3588.2697314731267,1.1230216,1.0291992,0.0,True,1.3451693084635612,1.1498308346714405
675,49451,401.01163,1043,2712.7617,4.0219307,6,51.747551,1.542444181523885,1.3670157146485433,4334.445685111288,1.1471466,1.1016226,0.0,True,1.4238549070667195,1.2873977802539802
676,0,321.51477,1043,3383.5117,4.0168505,4,28.918879,1.2368494808004624,0.0,222.85705633387929,1.059381,0.0,0.0,True,1.1836089365603235,0.0
677,3250,299.90851,1043,3627.2695,3.0223413,5,52.132175,1.153777196317025,0.9865385616973107,2425.3677592399986,1.0320266,0.92715603,0.0,True,1.1172520174219174,0.9687238021881175
678,473,278.0853,1043,3911.9258,3.0088062,4,225.97034,1.0698640194939033,0.7447771350692278,1713.9272462744145,1.0079805,0.69394374,0.0,True,1.0512989636457322,0.7295271165484596
679,3224,299.90851,1043,3627.2695,3.0100269,5,50.604904,1.153777196317025,0.9855589801215565,2422.960330054859,1.0320266,0.97283953,0.0,True,1.1172520174219174,0.9817431450850895
680,498,276.85178,1043,3929.3555,1.9847753,3,133.40289,1.065120767732374,0.750587251715833,1720.525314050599,1.0042472,0.65954167,0.0,True,1.0468586974126617,0.7232735772010831
681,574,269.51163,1043,4036.3711,2.9550443,4,48.442902,1.0368953928946478,0.7652323211372286,1713.0449360896368,0.96545678,0.66239202,0.0,True,1.0154638090262535,0.73438023079606
682,1383,299.80423,1043,3628.5312,4.012352,5,101.93031,1.1533762300097823,0.8823193471174342,2168.6205320191284,1.0322368,0.96578377,0.0,True,1.1170344010068476,0.9073586739822039
683,29833,342.45856,1043,3176.5859,4.0162811,5,52.652599,1.317368326710595,1.2776236567899928,3528.500362435823,1.0732725,1.0986265,0.0,True,1.2441395786974163,1.223924509752995
684,127316,460.26505,1043,2363.5273,2.998569,5,101.6674,1.7701627828978725,1.5129572239193758,5410.159374660848,1.2090957,1.4477745,0.0,True,1.6018426580285108,1.493402406743563
685,100995,459.19269,1043,2369.0469,2.0138998,4,38.758636,1.7660419911512046,1.4827026365907758,5291.2066936306355,1.2086016,1.4470162,0.0,True,1.5988098738058432,1.471996705613543
686,28148,375.95337,1043,2893.5742,3.0174603,5,52.236153,1.4461271233832966,1.2852718708220245,3851.7560517597035,1.1588998,1.258365,0.0,True,1.3599589263683076,1.2771998095754171
687,92874,458.05374,1043,2374.9375,3.0280867,5,62.811218,1.761665331288219,1.4714466517349947,5239.686144462304,1.2081239,1.4468119,0.0,True,1.595602901901753,1.4640562262144963
688,1870,221.59416,1043,4909.1953,3.1414537,5,47.109734,0.8526169562812724,0.8864344253046069,1669.659401785601,0.90280336,0.86284631,0.0,True,0.8676728773968907,0.8793579907132248
689,4885,280.17517,1043,3882.7461,3.0044045,4,43.171364,1.0779001460066826,1.027714097166276,2379.901443704428,0.99892288,0.93556988,0.0,True,1.0542069662046778,1.0000708320163931
690,4378,303.21469,1043,3587.7188,3.0519686,5,28.359154,1.1664892493498071,1.024244487145075,2542.395746592743,0.99501264,0.89167571,0.0,True,1.115046266544865,0.9844738540015526
691,7156,305.40533,1043,3561.9844,1.9677529,4,14.919699,1.1749120979286247,1.0852107185908684,2710.773400215752,0.99816275,0.93811786,0.0,True,1.1218872935500372,1.0410828610136078
692,3678,279.99939,1043,3885.1836,2.9857223,5,26.590681,1.0772242372057987,0.9933095625213778,2298.9820402181344,0.99872005,0.90900189,0.0,True,1.053672981044059,0.9680172607649644
693,7604,305.3772,1043,3562.3125,2.0040247,4,34.802444,1.1748039456105184,1.0926217839312493,2729.062190471,0.99806046,0.93975431,0.0,True,1.1217808999273629,1.0467615417518745
694,4600,280.49518,1043,3878.3164,4.0453172,5,79.077866,1.0791306575899045,1.0205833427755526,2365.7654258349608,0.99954325,0.93106663,0.0,True,1.055254435312933,0.9937283289428869
695,8465,305.69699,1043,3558.5859,3.0513289,5,39.919979,1.1760335253781942,1.1058762933078854,2764.702647600528,0.9985655,0.9451915,0.0,True,1.122793117764736,1.0576708553155199
696,526,306.68808,1043,3547.0859,3.0772228,4,114.62226,1.179844192666312,0.7666556311543755,1922.6571025850087,0.99930096,0.46769243,0.0,True,1.1256812228664184,0.6769666708080628
697,424,340.8891,1043,3191.2109,2.0373034,3,87.387306,1.3113347409621114,0.7500331699433478,2063.892379754354,1.0954555,0.45475739,0.0,True,1.246570968673478,0.6614504359603435
698,7812,330.9361,1043,3287.1875,3.6529269,6,146.62587,1.2730707472252314,1.1067880618879056,2966.4027445701586,1.0154598,0.95010656,0.0,True,1.195787463057662,1.059783611321534
699,132178,460.19885,1043,2363.8672,4.5160179,7,91.904045,1.7699084667089051,1.5177529750823753,5426.627981425153,1.2090966,1.4482007,0.0,True,1.6016649066962336,1.4968872925576626
700,14231,345.0314,1043,3152.8984,4.5140591,6,41.839577,1.3272593464147342,1.1869448199967343,3299.6451676199854,1.073705,1.0516869,0.0,True,1.2511930424903137,1.146367443997714
701,2614,295.52643,1043,3681.0547,3.0007441,4,45.795494,1.1369281016621584,0.9582611422069299,2325.6161943537936,1.0266559,0.93121725,0.0,True,1.103846441163511,0.9501479745448509
702,52028,401.90634,1043,2706.7227,3.0486541,5,41.416157,1.545883005443448,1.3738271839679752,4364.532345357163,1.1487581,1.106456,0.0,True,1.4267455338104136,1.2936158287775827
703,9230,366.19049,1043,2970.7188,2.8929739,4,94.126221,1.4085988854340648,1.1416373094335919,3343.476997680771,1.1200994,0.99526215,0.0,True,1.3220490398038454,1.0977247616035144
704,3865,353.26852,1043,3079.3828,3.1933749,4,98.833794,1.3589250866165965,1.028196754190663,2918.0807430493583,1.1038522,0.92202216,0.0,True,1.2824032206316176,0.996344375933464
705,1447,295.52142,1043,3681.1172,2.9777648,4,45.850021,1.1369088087636448,0.8862795969992956,2150.990760687706,1.0266558,0.81657434,0.0,True,1.1038329061345513,0.8653680198995068
706,53201,401.83386,1043,2707.2109,1.9883289,4,33.224705,1.5456044372141315,1.3766162855810613,4372.703852123789,1.1484659,1.109302,0.0,True,1.426462876049892,1.2964219999067428
707,10064,345.02713,1043,3152.9375,2.0135474,4,99.810905,1.3272428973280423,1.14394595700613,3180.0870021350124,1.0737048,1.0222735,0.0,True,1.2511814681296296,1.107444219904291
708,214,281.78824,1043,3860.5195,3.9136512,4,27.863903,1.0841028474778938,0.6502507509298603,1514.6902420113233,1.0047652,0.41542369,0.0,True,1.0603015532345257,0.5798026326509023
709,1001,239.48059,1043,4542.5352,3.0059309,5,145.58829,0.9214074056217874,0.8204505707538374,1654.9906760440892,0.90493393,0.7952531,0.0,True,0.916465362935251,0.8128913295276863
710,1117,324.73975,1043,3349.9102,2.9818773,4,144.87405,1.24924838033814,0.8647026855206488,2279.7349755695377,1.0124298,0.61445004,0.0,True,1.178202806236698,0.7896268918644541
711,0,221.94489,1043,4901.4375,2.0250864,3,144.47383,0.8539658940057645,0.0,153.84047474318717,0.90385854,0.0,0.0,True,0.8689336878040352,0.0
712,20,250.48376,1043,4342.9922,3.034884,4,37.454411,0.9637228781190657,0.36343786961229296,774.2559360368156,0.91422611,0.2257001,0.0,True,0.9488738476833459,0.322116538728605
713,188,236.96059,1043,4590.8438,2.9881947,3,187.6432,0.9117158280864878,0.621614489526564,1243.3379198833513,0.90246999,0.40046653,0.0,True,0.9089420766605414,0.5552701016685948
714,16,249.6601,1043,4357.3203,3.9720807,4,35.494724,0.9605553389570595,0.3380801492338072,721.6105021135322,0.91290021,0.21001248,0.0,True,0.9462588002699417,0.29965984846366506
715,68655,405.57861,1043,2682.2148,4.0670166,6,230.29893,1.5599975040704233,1.4105302049861592,4516.879650055426,1.1177785,1.1790594,0.0,True,1.4273318028492963,1.3410889634903116
716,21221,376.51199,1043,2889.2812,2.0011315,4,246.47826,1.4482743457775367,1.2500680874053536,3751.1290074666504,1.1194941,1.0608549,0.0,True,1.3496402720442757,1.1933041311837476
717,352,238.51781,1043,4560.8711,2.0157697,3,43.302437,0.9177047294605561,0.6962401202221189,1399.931845960428,0.9028945,0.63911104,0.0,True,0.9132616606223893,0.6791013961554833
718,548,252.80763,1043,4303.0703,2.9745326,4,35.070004,0.972659700444123,0.753855584725379,1595.1954854121261,0.91826814,0.71860725,0.0,True,0.9563422323108861,0.7432810843077653
719,3359,324.7193,1043,3350.1211,3.0532496,5,43.874748,1.2491697833914446,1.000252461121757,2636.7187117432168,1.0124296,0.90856856,0.0,True,1.1781477283740112,0.9727472907852298
720,6516,326.56454,1043,3331.1914,4.0783095,6,39.987232,1.256264008238138,1.0826165133819179,2867.9952247106316,1.0152594,0.96317589,0.0,True,1.1839626257666964,1.0467843263673426
721,7189,325.59552,1043,3341.1055,3.0484776,4,30.376158,1.2525385119879975,1.0943310188392392,2891.4788612990287,1.0704383,0.99213642,0.0,True,1.1979084483915983,1.0636726391874674
722,328,268.57153,1043,4050.5,3.0697072,5,50.846916,1.0332802932483383,0.6977035431852253,1557.4711868202246,0.96377087,0.56978267,0.0,True,1.0124274662738368,0.6593272812296578
723,1888,247.60507,1043,4393.4844,3.0294805,3,53.399151,0.9526523148140147,0.8992964725020145,1868.0148797178813,0.95853674,0.86671877,0.0,True,0.9544176423698103,0.8895231617514101
724,0,199.87608,1043,5442.6172,1.0093237,1,25.289248,0.7690840759914014,0.0,138.54354131337408,0.86860627,0.0,0.0,True,0.7989407341939809,0.0
725,4420,347.86252,1043,3127.2383,4.0549479,6,42.393555,1.3381430197850035,1.0428950919298667,2920.078826898005,1.0695174,0.93909389,0.0,True,1.2575553338495025,1.0117547313509068
726,1836,268.57852,1043,4050.3945,2.9679348,4,48.471962,1.033307193657698,0.9047319919370792,2018.7525321757923,0.96377158,0.86516738,0.0,True,1.0124465095603887,0.8928626083559554
727,70557,457.37292,1043,2378.4727,4.0136232,6,103.56841,1.7590491117116744,1.4358211259261953,5106.204819986746,1.2077954,1.4455676,0.0,True,1.593672998198172,1.4387450681483367
728,3807,324.37589,1043,3353.668,2.0392489,4,44.956635,1.2478494262212145,1.015538847109418,2674.5187760350477,1.0683097,0.93364,0.0,True,1.1939875083548501,0.9909691929765927
729,1751,293.42279,1043,3707.4453,2.968648,4,100.03665,1.1288395028736213,0.9086990657216623,2191.5994322576275,1.0253359,0.81754202,0.0,True,1.0977884220115348,0.8813519520051636
730,16295,353.60852,1043,3076.4219,3.0139756,5,41.550121,1.3602321333501723,1.20742961502966,3429.5557962598427,1.0721179,1.0322096,0.0,True,1.2737978633451208,1.1548636105207621
731,61271,457.27078,1043,2379.0039,4.0159554,6,97.12915,1.7586566693103234,1.4176321040662323,5040.539051180165,1.2077943,1.445426,0.0,True,1.5933979585172264,1.4259702728463628
732,6609,355.01495,1043,3064.2344,2.9779058,5,47.630341,1.3656387092874867,1.0956348414143002,3122.88553113202,1.0749086,0.94895196,0.0,True,1.2784196765012406,1.0516299769900102
733,31478,376.42191,1043,2889.9727,3.0164967,5,140.68867,1.4479280486945436,1.2995011451500371,3898.6422634625587,1.1596286,1.2742898,0.0,True,1.3614382140861805,1.291937741605026
734,1155,323.26999,1043,3365.1406,2.995857,4,65.315193,1.2435977245467238,0.8683354121933189,2280.2125874940425,1.0662451,0.84025282,0.0,True,1.1903919371827065,0.8599106345353231
735,26204,355.31525,1043,3061.6445,3.0417829,5,49.551704,1.366793173421032,1.2673271510693755,3614.886275955743,1.0731852,1.1022195,0.0,True,1.2787107813947223,1.2177948557485627
736,1947,274.3313,1043,3965.457,2.9372849,4,47.128601,1.0554288019728735,0.91412469719646,2078.0792669191183,0.97101611,0.8669979,0.0,True,1.0301049943810114,0.899986658037522
737,3263,298.61703,1043,3642.957,4.9959826,6,34.542591,1.1488114642748573,0.9865064752369135,2416.114881440925,1.0296516,0.98383713,0.0,True,1.1130635049924,0.9857056716658394
738,411,274.2905,1043,3966.0469,3.0125051,4,46.680229,1.0552718992280286,0.7266255095229434,1652.1744519970782,0.97101504,0.59857059,0.0,True,1.02999484145962,0.6882090336660603
739,2529,252.39955,1043,4310.0273,5.007741,5,20.891665,0.9710904168878733,0.9362653186032334,1977.8962011951971,0.95521516,0.89557409,0.0,True,0.9663278398215114,0.9240579500222633
740,476,254.8439,1043,4268.6875,5.1234016,5,29.67531,0.980490468663158,0.7377620137670763,1572.2876605499794,0.98403937,0.89672166,0.0,True,0.9815551390642107,0.7854499076369534
741,4814,299.21313,1043,3635.6992,2.4742632,5,40.797855,1.1511035295026293,1.0341623071133212,2537.237275354705,1.0318201,1.0275328,0.0,True,1.1153185006518405,1.032173454979325
742,1842,236.92711,1043,4591.4922,4.0028667,5,99.523773,0.911587133725598,0.8916749169497399,1781.6189893962837,0.92710489,0.88036448,0.0,True,0.9162424606079186,0.888281785864818
743,2488,294.02316,1043,3699.875,2.988317,4,39.077221,1.1311479691747806,0.9516569238907661,2299.2722809807096,1.026216,0.85221857,0.0,True,1.0996683784223464,0.9218254177235363
744,54438,402.57272,1043,2702.2422,3.0154977,5,65.920677,1.548444288159134,1.3798443121255446,4389.99691986417,1.1483432,1.1103196,0.0,True,1.4284139617113938,1.2989868984878812
745,5711,303.42776,1043,3585.1992,3.0073953,4,30.663738,1.1673085755563535,1.056798499518894,2624.801703984752,1.0280076,0.98170394,0.0,True,1.1255182828894474,1.034270131663226
746,25,235.36247,1043,4622.0156,4.0331254,5,66.914612,0.9055696932313314,0.3860653873455655,775.716305499838,0.92750096,0.24179143,0.0,True,0.9121490732619321,0.3427832001418959
747,6248,303.42776,1043,3585.1992,3.0034056,5,15.335847,1.1673085755563535,1.0677756249984807,2652.0607994923957,1.0280076,0.98006946,0.0,True,1.1255182828894474,1.0414637754989364
748,7032,303.42776,1043,3585.1992,4.0287461,6,46.505955,1.1673085755563535,1.08221497108989,2687.918092934663,1.0280076,0.98479587,0.0,True,1.1255182828894474,1.052989240762923
749,0,235.25053,1043,4624.2148,3.0064898,3,28.635546,0.9051392054663979,0.0,163.06324159473283,0.92598778,0.0,0.0,True,0.9113937778264786,0.0
750,0,193.1873,1043,5631.0586,3.0060863,3,15.253484,0.7433560851628439,0.0,133.9072323149883,0.84340811,0.0,0.0,True,0.7733716926139907,0.0
751,2380,236.92711,1043,4591.4922,2.9947529,5,28.463152,0.911587133725598,0.9220481681716621,1842.2731222667019,0.92710489,0.88518018,0.0,True,0.9162424606079186,0.9109877717201635
752,16271,397.90216,1043,2733.9609,2.126406,4,157.38097,1.5304927743627077,1.2252289343813731,3858.561723350913,1.2401385,1.4277384,0.0,True,1.4433864920538955,1.2859817740669612
753,16855,401.50479,1043,2709.4297,1.9923069,4,293.78326,1.5443396479683358,1.231084529501656,3907.6539126087237,1.2415788,1.4278728,0.0,True,1.4535113935778352,1.2901210106511591
754,3464,295.95987,1043,3675.6641,4.155447,5,31.017197,1.1385945737646053,0.9927119592146341,2412.296825344411,0.97670168,0.60914773,0.0,True,1.0900267056352237,0.8776426904502438
755,6641,273.57404,1043,3976.4336,4.2636909,6,94.188148,1.0525168469291257,1.0618024041986671,2407.8123818413287,0.99377626,0.92266566,0.0,True,1.034894670850388,1.020061380939067
756,0,307.20163,1043,3541.1562,1.1430171,2,18.110937,1.1818187378780791,0.0,212.93594369791953,,,,False,1.1818187378780791,0.0
757,5814,307.73154,1043,3535.0586,1.859643,4,87.078957,1.183856096811314,1.0608055748959146,2667.5302398392755,1.0344342,1.0099167,0.0,True,1.1390295277679199,1.0455389124271401
758,13073,307.73154,1043,3535.0586,3.0184855,5,29.5854,1.183856096811314,1.159955211293157,2916.820258347615,1.0344342,0.96778244,0.0,True,1.1390295277679199,1.10230337990521
759,624,312.23648,1043,3484.0547,4.0021272,5,67.795364,1.201176903044261,0.7892484307484271,2010.6000933589883,0.99273944,0.72905201,0.0,True,1.1386456641309828,0.771189504523899
760,1585,307.8176,1043,3534.0703,5.1158705,6,51.172447,1.184186973994519,0.901838409577043,2268.4928067507103,1.0137854,0.85527503,0.0,True,1.1330665017961632,0.8878693957039301
761,1927,329.06421,1043,3305.8867,6.5044775,7,38.877586,1.2658741874045718,0.9333533898795089,2489.2907902937836,1.0223235,0.87130284,0.0,True,1.1928089811832003,0.9147382249156562
762,31965,413.69531,1043,2629.5898,4.6907654,6,39.037216,1.5911934255060916,1.3170127553683066,4291.037806812093,1.1172305,1.1133536,0.0,True,1.4490045478542641,1.2559150087578146
763,8948,308.93658,1043,3521.2695,3.0063717,5,97.647247,1.1884893813512962,1.11409571789332,2811.1402381752796,1.0345719,0.9570576,0.0,True,1.1423141369459073,1.066984282525324
764,79,275.16833,1043,3953.3945,3.925308,5,27.211325,1.0586474720508638,0.5290329425357677,1209.213235161127,0.9719699,0.43095776,0.0,True,1.0326442004356047,0.4996103877750374
765,1508,288.00861,1043,3777.1406,4.508739,5,38.137402,1.1080213285499065,0.8885205235413407,2108.184123822029,0.99348789,0.86843032,0.0,True,1.0736612969849346,0.8824934624789385
766,0,302.12289,1043,3600.6836,2.0747685,3,36.035091,1.1622914619504445,0.0,209.41562938612248,0.9913528,0.0,0.0,True,1.1110098633653112,0.0
767,8615,309.00171,1043,3520.5273,3.170572,5,95.535088,1.1887397972441236,1.109481392018684,2800.0166082008786,1.0345733,0.93755347,0.0,True,1.1424898480708865,1.0579030154130786
768,90462,440.69791,1043,2468.4688,4.072032,6,16.389347,1.6949691444752877,1.4608124165579706,5029.55623714123,1.1102556,1.1994668,0.0,True,1.5195550811327012,1.3824087315905795
769,92437,440.0802,1043,2471.9336,4.0361366,6,18.609789,1.692595301825761,1.4633144376848972,5032.01089966146,1.1113402,1.1991856,0.0,True,1.5182187712780326,1.3840757863794282
770,4741,253.00607,1043,4299.6953,2.0335817,4,24.921099,0.9734228243429724,1.0116191446338567,2141.550935907542,0.91825217,0.9352982,0.0,True,0.9568716280400807,0.9887228612436996
771,7633,253.72156,1043,4287.5703,3.0093384,4,29.599178,0.976174324124934,1.0688881207385668,2268.397154960071,0.9193123,0.96690744,0.0,True,0.9591157168874538,1.0382939165169967
772,97815,439.26526,1043,2476.5195,2.9816155,5,145.29547,1.6894635641918052,1.4702031697685887,5047.532822799318,1.1111213,1.199572,0.0,True,1.5159608849342634,1.389013818838012
773,2879,313.03601,1043,3475.1562,2.9730141,4,74.796448,1.2042508727070964,0.9768572393968026,2493.6112778788474,0.99542487,0.87187529,0.0,True,1.1416030718949675,0.9453626545777618
774,22914,334.54666,1043,3251.7109,2.9943566,5,31.819931,1.2869515814662238,1.2413108744551755,3358.711514883326,1.0206405,1.0604064,0.0,True,1.2070582570263566,1.187039532118623
775,97612,439.4975,1043,2475.2109,3.1099427,5,69.096725,1.6903560324189155,1.470036655569965,5049.288420041499,1.1103834,1.2001449,0.0,True,1.5163642426932409,1.3890691288989756
776,1142,308.04709,1043,3531.4375,2.5556843,4,98.842743,1.1850693236795304,0.8618292505628657,2169.3557622132776,1.0137894,0.77665961,0.0,True,1.1336853465756713,0.836278358394006
777,6478,333.00531,1043,3266.7617,3.1391089,5,34.354389,1.2810258968675785,1.084504343933593,2922.6130409387665,1.0193664,1.0247806,0.0,True,1.2025280478073048,1.0665872207535152
778,98134,439.43787,1043,2475.5469,4.0851002,6,69.933426,1.6901267896841392,1.4706935746929444,5050.947018511796,1.110337,1.1955117,0.0,True,1.5161898527788975,1.3881390122850612
779,101045,439.70151,1043,2474.0625,2.9660094,5,35.231682,1.6911400210571788,1.4745468694328796,5066.830452946615,1.1103398,1.19756,0.0,True,1.5168999547400253,1.3914508086030155
780,6468,327.81616,1043,3318.4727,4.0842705,6,34.562599,1.2610759872800312,1.0822150742536194,2876.564311712066,1.0196354,0.97514999,0.0,True,1.1886438110960218,1.0500955489775334
781,100635,439.60919,1043,2474.582,3.1187952,5,38.494751,1.6907852792230949,1.4739870477491044,5063.979267433103,1.1123208,1.1977791,0.0,True,1.5172459354561665,1.3911246634243732
782,3287,256.22849,1043,4245.6211,2.9814765,5,32.800953,0.9858149514298463,0.9693195744331313,2075.0251340673644,0.9231081,0.90941954,0.0,True,0.9670028960008925,0.9513495641031919
783,2131,310.23404,1043,3506.543,3.0884306,4,35.467445,1.1934778591537543,0.9389427169136202,2378.0322459616295,0.99180573,0.87233967,0.0,True,1.132976220407628,0.9189618028395341
784,105484,439.94739,1043,2472.6797,3.0097547,5,42.212536,1.6920849952375212,1.4801540836932652,5088.5782447285965,1.1138414,1.1975068,0.0,True,1.5186119166662648,1.3953598985852858
785,55,254.31377,1043,4277.5859,4.071661,5,37.886669,0.9784517675854785,0.48139514760977103,1028.2036102262841,0.92017055,0.32120532,0.0,True,0.9609674023098349,0.4333381993268397
786,0,310.15735,1043,3507.4102,1.9973816,2,25.465309,1.1931829423613378,0.0,214.98469268244415,0.99426645,0.0,0.0,True,1.1335079946529365,0.0
787,64005,405.86884,1043,2680.2969,2.9692626,5,69.283813,1.5611129358531828,1.4017745857603683,4491.648064300039,1.1179543,1.1796703,0.0,True,1.428165345097228,1.3351433000322577
788,1074,256.22894,1043,4245.6133,3.0347457,4,37.221714,0.9858167617068369,0.8355021842660069,1788.7357010790438,0.9231081,0.7960735,0.0,True,0.9670041631947859,0.8236735789862047
789,0,311.31885,1043,3494.3242,1.0498503,2,69.079323,1.1976487730711274,0.0,215.78978313266452,0.99334157,0.0,0.0,True,1.1363566121497892,0.0
790,0,205.63858,1043,5290.1016,2.0000067,2,63.521866,0.7912486767806746,0.0,142.53780194135075,0.83970821,0.0,0.0,True,0.8057865367464722,0.0
791,14787,401.13004,1043,2711.9609,3.9886708,6,306.36383,1.5428993057301934,1.2143845507937896,3851.5058121346538,1.1247958,1.1330191,0.0,True,1.4174682540111354,1.1899749155556527
792,9966,384.76538,1043,2827.3047,4.004539,6,309.18668,1.4799990924939581,1.1583886692096532,3542.5868897252353,1.1787859,1.2927374,0.0,True,1.3896351347457707,1.1986932884467572
793,7014,332.19696,1043,3274.7109,3.004456,5,153.84857,1.2779181673881852,1.093998119602824,2941.9191809285367,1.0211782,1.0351468,0.0,True,1.2008961771717297,1.0763427237219767
794,4585,383.96063,1043,2833.2305,4.0319452,6,312.85788,1.4769058065610152,1.0604425573173946,3237.1649661838715,1.1245854,0.99835193,0.0,True,1.3712096845927106,1.041815369122176
795,0,287.02695,1043,3790.0586,1.2203017,2,16.053125,1.104246750930719,0.0,198.95192113722038,0.9779883,0.0,0.0,True,1.0663692156515032,0.0
796,2836,302.78677,1043,3592.7891,2.9911289,5,43.513664,1.1648439649460633,0.9710515092623911,2407.4136611078447,0.99801487,0.87852389,0.0,True,1.1147952364622444,0.9432932234836737
797,4645,304.10968,1043,3577.1602,4.0515471,6,70.510674,1.1699304178641936,1.0318457657317666,2567.8951826533516,0.99951351,0.91633809,0.0,True,1.1188053455049356,0.9971934630122365
798,30016,413.02225,1043,2633.875,2.5395083,5,29.459103,1.5886065873339559,1.3087547780630158,4258.074562078511,1.1169941,1.1126782,0.0,True,1.447122841133769,1.249931804644111
799,0,387.32117,1043,2808.6484,2.0172555,3,125.50092,1.4898229135984746,0.0,268.4705769566793,1.1332375,1.1663253,9.193018804769832,True,1.3828472895189323,0.34989759000000004
800,0,318.319,1043,3417.4805,2.1508708,3,33.862854,1.224562733546482,0.0,220.64191736866124,1.0235267,0.0,0.0,True,1.1642519234825373,0.0
801,24903,411.65225,1043,2642.6406,4.2258768,6,146.70555,1.583341187603673,1.2845082497914273,4167.083220589811,1.1166452,1.1178597,0.0,True,1.443332391322571,1.234513684853999
802,0,368.4711,1043,2952.332,0.9909966,2,11.479375,1.417365546048613,0.0,255.40470408282164,,,,False,1.417365546048613,0.0
803,3648,368.46817,1043,2952.3555,2.0047984,4,48.0345,1.4173542718162695,1.0263827225794089,3022.3536965471794,1.1455996,1.2418598,0.0,True,1.3358278702713886,1.0910258458055861
804,7280,368.46573,1043,2952.375,2.0372109,4,47.682827,1.4173449167383594,1.1128268929686767,3276.8249967673864,1.1455995,1.2417116,0.0,True,1.3358212917168515,1.1514923050780737
805,10896,372.52911,1043,2920.1719,3.0224352,5,45.000427,1.4329644290908727,1.1648807298590638,3463.155241814975,1.1453892,1.2415074,0.0,True,1.3466918603636109,1.1878687309013447
806,0,271.5867,1043,4005.5312,2.0013206,2,5.4387503,1.044874806810959,0.0,188.2495553825797,,,,False,1.044874806810959,0.0
807,0,238.71184,1043,4557.1641,1.0354247,2,20.868855,0.9184509038375896,0.0,165.46243886227677,0.8981297,0.0,0.0,True,0.9123545426863127,0.0
808,102554,439.63974,1043,2474.4102,4.0527649,6,77.663361,1.6909025767980164,1.4764171797066572,5072.635539667045,1.1140425,1.1998302,0.0,True,1.5178445537586114,1.3934410857946602
809,0,239.35257,1043,4544.9648,1.0206957,2,27.551586,0.9209150658894238,0.0,165.90655905527694,0.89914399,0.0,0.0,True,0.9143837431225967,0.0
810,624,297.83905,1043,3652.4727,4.000586,5,224.81761,1.1458201311474816,0.7847107264442521,1917.8899971456005,1.0046252,0.87041885,0.0,True,1.1034616518032372,0.8104231635109764
811,18742,375.13602,1043,2899.8789,3.0327775,5,66.413239,1.4429852287732925,1.2339157392856603,3690.824117884247,1.1188025,1.0541883,0.0,True,1.3457304101413048,1.1799975074999622
812,57589,405.84933,1043,2680.4258,2.0119381,4,116.36614,1.5610379188825618,1.3883867151469997,4448.563851107992,1.117954,1.1761264,0.0,True,1.4281127432177934,1.3247086206028997
813,0,275.49661,1043,3948.6836,0.96995586,2,12.373625,1.0599098313995308,0.0,190.95969847532282,0.99891931,0.0,0.0,True,1.0416126749796715,0.0
814,17406,374.74075,1043,2902.9375,2.0101104,4,24.309023,1.4414659139444104,1.2244797569285475,3659.2254364958276,1.1186732,1.0613112,0.0,True,1.344628099761087,1.1755291898499833
815,6417,304.29608,1043,3574.9688,3.9976652,5,73.868889,1.170647165943659,1.0714094308916324,2667.7690954560985,0.99985963,0.94457293,0.0,True,1.1194109051605614,1.0333584806241427
816,3734,275.49225,1043,3948.7461,3.027514,4,36.490913,1.0598930638415085,0.9931888061883909,2266.136105496881,0.99891919,0.92105573,0.0,True,1.041600901689056,0.9715488833318737
817,0,271.86374,1043,4001.4492,1.9974986,2,24.92182,1.0459401828775274,0.0,188.44158487748203,,,,False,1.0459401828775274,0.0
818,29543,376.01328,1043,2893.1133,4.1035733,6,205.82976,1.4463573458036654,1.2913655371217752,3870.5565461561896,1.1454072,1.2547268,0.0,True,1.3560723020625658,1.2803739159852425
819,0,401.19186,1043,2711.543,2.0680938,3,51.995457,1.543136920398494,0.0,278.0850066226003,,,,False,1.543136920398494,0.0
820,0,271.86401,1043,4001.4453,2.0334082,2,41.888233,1.0459412017915897,0.0,188.44177202722076,,,,False,1.0459412017915897,0.0
821,303,249.51022,1043,4359.9375,3.0545998,5,39.455009,0.9599789974956979,0.6821495451482522,1427.2762498499062,0.9605906,0.82714361,0.0,True,0.9601624782469885,0.7256477646037766
822,3468,327.52817,1043,3321.3906,4.0163069,5,41.869793,1.259968776582834,1.0052509273805823,2669.9801226892673,1.070592,0.97004551,0.0,True,1.2031557436079838,0.9946893021664076
823,33131,457.27155,1043,2379.0,3.0039821,5,118.45393,1.7586595499323354,1.3385625153648282,4759.4126347122265,1.2077943,1.4448165,0.0,True,1.5933999749526349,1.3704387107553797
824,0,250.68127,1043,4339.5703,2.0215592,3,40.133087,0.9644824565869382,0.0,173.75901551968641,0.96274483,0.99570018,1.6977452898944394,True,0.9639611686108567,0.29871005400000006
825,10220,319.76199,1043,3402.0586,4.0341444,5,43.327393,1.230110547564866,1.1351506113914307,2952.1378334476967,1.071131,1.0406216,0.0,True,1.1824166832954062,1.1067919079740016
826,26779,457.31586,1043,2378.7695,1.9782046,4,34.02219,1.7588298188417195,1.311205818142111,4662.540051842892,1.2077948,1.4447293,0.0,True,1.5935193131892036,1.3512628626994776
827,17613,457.29483,1043,2378.8789,2.0302658,4,47.130032,1.7587490016350225,1.2573168442992075,4470.745690775073,1.2077936,1.4446865,0.0,True,1.5934623811445157,1.3135277410094452
828,8129,301.10602,1043,3612.8438,4.0474958,6,36.836967,1.158381556732518,1.0988926785870146,2710.9897426821412,1.0278821,0.98687387,0.0,True,1.1192317197127626,1.0652870360109103
829,6748,299.56299,1043,3631.4531,3.6868176,6,28.645605,1.15244872388442,1.075496407595373,2641.336087855445,1.0279042,0.99764252,0.0,True,1.115085366719094,1.052140241316761
830,8354,366.09952,1043,2971.457,3.0131869,5,187.80106,1.4082491821435086,1.129135073869099,3306.1477936589913,1.1199869,0.98238498,0.0,True,1.321770497500456,1.0851100457083693
831,3904,351.18454,1043,3097.6562,1.7676772,4,190.31015,1.3509138169545676,1.0286893182134769,2904.39065357608,1.1011063,0.92500603,0.0,True,1.2759715618681973,0.9975843317494337
832,2797,344.3569,1043,3159.0742,1.9852797,3,201.24969,1.3246662759099077,0.9848214940907349,2733.1667379353244,1.0727503,0.91024727,0.0,True,1.2490914831369353,0.9624492268635145
833,2105,296.23407,1043,3672.2617,2.9866388,4,43.635883,1.139648922772401,0.9321710101034075,2267.085384974299,1.0284373,0.87706417,0.0,True,1.1062854359406806,0.9156389580723854
834,60797,402.5762,1043,2702.2188,3.036974,5,185.32217,1.5484576870735796,1.3938249379893606,4434.509137772236,1.1483421,1.1113218,0.0,True,1.4284230109515057,1.3090739965925524
835,2585,236.92632,1043,4591.5078,3.0245879,5,174.33807,0.9115840378868826,0.9318421126863415,1861.8272450099455,0.92710483,0.86763686,0.0,True,0.9162402755208179,0.9125805368804392
836,797,235.70828,1043,4615.2344,4.0379438,5,183.67116,0.906899677518839,0.7919284813448056,1575.3235131457418,0.92806923,0.57317793,0.0,True,0.9132505432631873,0.7263033159413639
837,747,279.85757,1043,3887.1523,3.334218,5,79.250053,1.0766789432208377,0.8005371399232839,1852.304208391399,1.0011604,0.67221689,0.0,True,1.0540233802545864,0.7620410649462986
838,168,285.85233,1043,3805.6328,2.989428,4,30.50606,1.0997300969749213,0.6221810567448405,1468.0799496411757,0.99407685,0.73053366,0.0,True,1.068034122882445,0.6546868377213884
839,502,235.29546,1043,4623.332,5.0592933,5,57.913158,0.9053119621226953,0.7370787033716326,1464.143945380936,0.92921978,0.79240304,0.0,True,0.9124843074858867,0.7536760043601428
840,5090,299.55978,1043,3631.4922,2.982784,4,61.75631,1.152436322386736,1.0411070547732049,2556.87032268722,1.032879,1.0358391,0.0,True,1.1165691256707153,1.0395266683412434
841,289,236.6179,1043,4597.4922,4.4745159,5,48.429699,0.9103979757567349,0.6722712427659362,1342.4098374992575,0.929667,0.78862816,0.0,True,0.9161786830297145,0.7071783179361554
842,1732,235.17305,1043,4625.7383,2.4753389,4,29.573648,0.9048412241437445,0.8835988501404907,1753.9643860895421,0.92841244,0.91428518,0.0,True,0.9119125889006211,0.8928047490983435
843,25325,355.05386,1043,3063.8984,1.9798816,4,45.310539,1.3657883732836322,1.2629613601053957,3600.1134565400107,1.0727336,1.0989718,0.0,True,1.2778719412985424,1.213764492073777
844,15,209.35963,1043,5196.0781,3.0357881,4,16.657997,0.8055608838175962,0.32404301700974875,593.1604974226722,0.87799847,0.20492654,0.0,True,0.8272921596723173,0.2883080739068241
845,6,194.17477,1043,5602.4219,3.4344606,4,21.209248,0.7471543832895398,0.22544314343888178,403.7750830841275,0.84743738,0.14344975,0.0,True,0.7772392823026778,0.20084512540721725
846,22989,354.39014,1043,3069.6367,2.0152888,4,87.83847,1.3632368659968448,1.2506164723879791,3559.089893014903,1.0718708,1.0939953,0.0,True,1.2758270461977914,1.2036301206715854
847,1192,267.30273,1043,4069.7266,3.9899044,5,40.680645,1.028401167305509,0.8522820601059065,1893.8570279990386,0.96120173,0.80067587,0.0,True,1.0082413361138562,0.8368002030741345
848,15,267.02975,1043,4073.8867,4.0408182,5,63.910854,1.0273515179872126,0.33352087911714606,756.5522509599954,0.96081483,0.4490841,0.0,True,1.0073905115910489,0.3681898453820023
849,523,279.86993,1043,3886.9805,3.9925663,5,76.334312,1.0767265066998641,0.7574849895023144,1752.9368333136395,1.0020162,0.65119159,0.0,True,1.054313414689905,0.72559696965162
850,104382,439.94046,1043,2472.7188,2.01791,4,147.59171,1.6920582606754717,1.4788071516082006,5083.877907612918,1.1138414,1.1982177,0.0,True,1.5185932024728301,1.3946303161257405
851,0,308.82355,1043,3522.5586,0.99912012,2,61.703655,1.1880546938243248,0.0,214.0601729730133,0.99016148,0.0,0.0,True,1.1286867296770273,0.0
852,19185,376.18445,1043,2891.7969,3.0259159,5,68.588837,1.447015299653162,1.2372781507951798,3709.9266239865015,1.1192399,1.0543978,0.0,True,1.3486826797572133,1.1824140455566259
853,0,232.04526,1043,4688.0898,2.0129943,3,26.080292,0.892811985900332,0.0,160.84151773129946,0.90707952,0.0,0.0,True,0.8970922461302324,0.0
854,4668,298.11517,1043,3649.0898,4.0132475,5,41.790176,1.14688178537512,1.0299455958009132,2518.7495379633224,1.0047557,0.92058581,0.0,True,1.1042439597625842,0.9971376600606392
855,102263,439.72858,1043,2473.9102,2.9958949,5,75.758965,1.6912440476996666,1.4760917024256062,5072.411098157224,1.1140435,1.1997684,0.0,True,1.5180838833897665,1.3931947116979242
856,4693,327.16916,1043,3325.0352,4.0573249,6,153.45705,1.2585885440553473,1.042404090281053,2765.9709805707826,1.0214816,0.99942875,0.0,True,1.187456460838743,1.029511488196737
857,3718,310.64514,1043,3501.9023,4.0113235,4,38.488308,1.1950585461212462,1.0072644897752663,2553.9624785808696,0.99544299,0.92091566,0.0,True,1.1351738792848725,0.9813598408426863
858,0,231.74654,1043,4694.1328,2.0033379,3,27.168631,0.8916631123355137,0.0,160.6344608055226,0.90710598,0.0,0.0,True,0.8962959726348596,0.0
859,1398,235.48308,1043,4619.6484,1.5074283,3,123.34872,0.906033524399842,0.8583660012907676,1705.8930075950248,0.92922461,0.61469197,0.0,True,0.9129908500798893,0.7852637919035373
860,2205,288.48209,1043,3770.9414,2.0556562,3,31.533487,1.1098418831495476,0.9348048646002729,2221.135947640803,1.0175216,0.65341836,0.0,True,1.0821457982046834,0.850388913220191
861,7997,366.1207,1043,2971.2852,4.0429449,6,68.622581,1.4083305524774048,1.1236831175714384,3290.3530230704796,1.1199871,0.9872309,0.0,True,1.3218275167341833,1.0827474523000067
862,2905,293.23187,1043,3709.8594,2.9590437,3,94.277672,1.1281053340514167,0.9701900327606213,2338.4880665706833,1.024935,0.69351077,0.0,True,1.0971542338359916,0.887186253932435
863,1857,236.73276,1043,4595.2617,2.0036387,3,167.69669,0.9108396827591718,0.8925493765365542,1782.0754474247037,0.92866856,0.64302862,0.0,True,0.9161883459314202,0.8176931495755879
864,1956,312.33383,1043,3482.9688,3.6820946,4,64.114563,1.2015511841566244,0.9292180201994434,2367.3901169857345,0.99923098,0.80250967,0.0,True,1.140855122909637,0.8912055151396104
865,2922,350.09628,1043,3107.2852,3.0862062,4,83.434204,1.3467302350999808,0.9922780013709263,2794.0161198533774,1.1002768,0.89170033,0.0,True,1.2727942045699865,0.9621046999596483
866,4989,291.70627,1043,3729.2617,3.0456626,4,34.098354,1.1222392651764121,1.0353105943607213,2483.9931123194256,1.0223073,0.81801701,0.0,True,1.0922596756234886,0.9701225190525049
867,66075,402.564,1043,2702.3008,2.0283308,4,17.900293,1.5484107346301457,1.4043534442736492,4467.887151943024,1.1483419,1.1114398,0.0,True,1.428390084241102,1.3164793509915544
868,5352,296.40558,1043,3670.1367,4.0071011,5,46.369545,1.1403084172734883,1.0458789481779778,2544.8195176610707,1.0283726,0.92136347,0.0,True,1.1067276720914418,1.0085243047245844
869,103098,437.82608,1043,2484.6602,3.0356016,5,79.574432,1.6839326854505055,1.476314168728896,5054.025507826005,1.1156108,1.2003515,0.0,True,1.5134361198153536,1.3935253681102273
870,0,237.29655,1043,4584.3438,1.9852031,3,37.53664,0.9130079581885883,0.0,164.4814345891021,0.9283396,0.0,0.0,True,0.9176074507320118,0.0
871,418,266.81613,1043,4077.1484,2.9986477,3,104.37051,1.026530044454595,0.7262390900199555,1611.6373862773069,0.96292156,0.51532596,0.0,True,1.0074474991182165,0.6629651510139688
872,249,285.19894,1043,3814.3516,2.016223,3,46.643993,1.0972176642185931,0.6694861075848192,1575.8533212602692,0.96361828,0.3935712,0.0,True,1.0571378489530152,0.5867116353093734
873,40,280.25043,1043,3881.7031,2.9984968,4,40.543865,1.0781896248425609,0.44932378774583304,1047.48351772185,0.95616937,0.46892813,0.0,True,1.0415835483897926,0.4552050904220831
874,12,226.31548,1043,4806.7812,2.9709153,3,62.689354,0.8707754032121259,0.30252727850070577,597.2595262993955,0.87571973,0.20011795,0.0,True,0.8722587012484881,0.27180447995049406
875,1490,286.40295,1043,3798.3164,2.0432684,4,41.090714,1.1018473062897842,0.8864626069449568,2092.9963226354284,0.96554559,0.846865,0.0,True,1.0609567914028488,0.8745833248614698
876,3421,351.41409,1043,3095.6328,3.0124969,4,391.65408,1.3517962453099317,1.0123482643619006,2859.903673440984,1.0696797,0.7002663,0.0,True,1.2671612817169522,0.9187236750533304
877,929,280.96692,1043,3871.8047,3.020828,5,42.71204,1.0809446300658603,0.8272787847122498,1920.7627134579636,0.95729387,0.79546517,0.0,True,1.0438494020461022,0.8177347002985749
878,28096,376.20682,1043,2891.625,3.1287637,5,297.54141,1.4471012617007701,1.2851484388685708,3853.657134172529,1.1596249,1.2767327,0.0,True,1.3608583531905392,1.2826237172079995
879,20245,354.39963,1043,3069.5547,1.9953891,4,87.98629,1.3632732597563346,1.2347927448575509,3514.1423532811336,1.0718709,1.0877217,0.0,True,1.2758525518294341,1.1906714314002855
880,236,289.26385,1043,3760.75,4.0678558,5,394.83853,1.1128478874198102,0.6641499475886824,1582.9300833083043,0.97060961,0.37261152,0.0,True,1.0701764041938673,0.5766884193120776
881,0,227.14781,1043,4789.168,3.9806104,4,62.93401,0.873976531064845,0.0,157.44686407186614,0.87732005,0.0,0.0,True,0.8749795867453916,0.0
882,1563,281.73178,1043,3861.293,3.022459,5,45.741982,1.0838857907978738,0.8904863037972757,2072.3178609821,0.95843583,0.84718078,0.0,True,1.0462508025585118,0.877494646658093
883,1431,267.47061,1043,4067.1719,3.9959397,5,41.208298,1.0290468162303221,0.8743162314390531,1943.8494593717123,0.96150315,0.7998895,0.0,True,1.0087837163612254,0.8519882120073372
884,199,267.46524,1043,4067.2539,4.0096455,5,63.278736,1.0290260797904232,0.6374712680991259,1418.4497200271985,0.96150297,0.51729041,0.0,True,1.0087691468532962,0.6014170106693881
885,2546,282.02252,1043,3857.3125,3.0110831,5,42.667641,1.0850037120313245,0.9496480268012146,2211.920678508815,0.95882046,0.87810868,0.0,True,1.0471487364219272,0.9281862227608502
886,72532,402.70139,1043,2701.3789,2.0025816,4,13.989364,1.5489387700661903,1.416212118629691,4506.957724069248,1.1483437,1.119089,0.0,True,1.4287602490463331,1.3270751830407836
887,101897,436.21378,1043,2493.8438,2.1401064,4,36.657562,1.6777365588298798,1.4741209087794194,5030.302763672882,1.1171781,1.2016031,0.0,True,1.5095690211809158,1.3923655661455936
888,100635,436.31491,1043,2493.2656,2.2183743,4,26.954437,1.6781253219652812,1.4725714320133312,5026.031549322116,1.1174736,1.2075152,0.0,True,1.5099298053756967,1.3930545624093318
889,102476,437.68433,1043,2485.4648,2.7470889,5,59.562546,1.683387997445789,1.4754792316013587,5049.740685987439,1.1207924,1.2097017,0.0,True,1.5146093182120524,1.395745972120951
890,76037,403.20163,1043,2698.0273,2.8406458,5,36.035378,1.5508614999518302,1.4224069569589766,4531.5837830555065,1.1483718,1.119169,0.0,True,1.430114589966281,1.3314355698712836
891,11267,311.54349,1043,3491.8047,3.0429344,4,48.57803,1.198512437855754,1.1434838403336427,2906.641840087978,1.0027355,1.0137596,0.0,True,1.1397793564990277,1.1045665682335497
892,106345,445.00623,1043,2444.5703,4.2179513,6,79.889282,1.7115258811033924,1.4833620511412637,5150.707971013249,1.1235969,1.1652453,0.0,True,1.5351471867723747,1.3879270257988847
893,23820,392.6915,1043,2770.2383,3.2325511,5,12.553334,1.5104648068634254,1.2712681599737705,3957.6881918177,1.1479809,1.1136538,0.0,True,1.4017196348043977,1.2239838519816393
894,1808,288.33603,1043,3772.8516,3.1640005,3,43.950073,1.1092802663789196,0.9106583680270751,2162.8322404130577,1.0223417,0.87104106,0.0,True,1.0831986964652436,0.8987731756189525
895,0,219.8544,1043,4948.043,1.128315,1,21.949095,0.8459256593102102,0.0,152.39145749369843,0.90980428,0.0,0.0,True,0.8650892455171472,0.0
896,0,247.57866,1043,4393.9531,1.0174655,2,34.130875,0.9525507422699507,0.0,171.60845014580931,0.92259169,0.0,0.0,True,0.9435630265889655,0.0
897,2245,287.59399,1043,3782.5859,2.0281816,4,43.012386,1.106427096393529,0.9366364115719393,2219.463844599355,0.96710747,0.87731862,0.0,True,1.06463120847547,0.9188410741003575
898,0,316.22116,1043,3440.1523,2.0053542,2,54.601021,1.2164971283777566,0.0,219.18780548739534,,,,False,1.2164971283777566,0.0
899,4774,287.89932,1043,3778.5742,2.003377,4,45.255688,1.1076011650264372,1.0283147062892661,2438.898396271469,0.96749783,0.93621516,0.0,True,1.065570164518506,1.0006848424024863
900,0,319.77557,1043,3401.9141,1.0145047,2,317.46332,1.2301627671476465,0.0,221.65153475744944,,,,False,1.2301627671476465,0.0
901,1870,245.8609,1043,4424.6523,2.9837384,3,46.553036,0.9459447240500211,0.8973993639223768,1852.50352814564,0.9621551,0.47439784,0.0,True,0.9508078368350148,0.7704989067456638
902,0,199.47893,1043,5453.4531,0.98731935,1,203.25386,0.767556481860121,0.0,138.2682579106147,,,,False,0.767556481860121,0.0
903,0,216.60742,1043,5022.2148,2.0006332,2,23.163282,0.8334373738138925,0.0,150.1408224613639,0.89959884,0.0,0.0,True,0.8532858136697248,0.0
904,11548,374.3252,1043,2906.1602,1.981697,4,13.502662,1.4398685424513034,1.1728686236030088,3501.6028918861043,1.11854,1.0538747,0.0,True,1.3434699797159124,1.1371704465221062
905,1871,276.77911,1043,3930.3867,2.9935985,3,36.673683,1.064841458341035,0.9102971534980733,2085.6127148884098,0.99985588,0.86941016,0.0,True,1.0453457848387244,0.8980310554486512
906,0,218.6432,1043,4975.4531,1.0025345,1,21.393497,0.8412672714864738,0.0,151.55191762860423,0.90274036,0.0,0.0,True,0.8597091980405317,0.0
907,49991,405.85641,1043,2680.3789,1.996564,4,63.787197,1.5610652128187,1.370468451426824,4391.219547631552,1.1179541,1.1742408,0.0,True,1.42813187897309,1.3116001559987767
908,7797,367.50201,1043,2960.1172,3.9717698,6,244.74771,1.4136403476502857,1.1210440103973378,3293.461431873064,1.1200198,0.9833141,0.0,True,1.3255541833551998,1.0797250372781364
909,7335,373.48834,1043,2912.6719,3.0204694,5,141.24969,1.4366517165753343,1.115656824848409,3324.3021845488606,1.118282,1.0479798,0.0,True,1.341140801602734,1.0953537173938863
910,20450,324.81323,1043,3349.1523,4.0008044,5,267.37799,1.2495309116177413,1.222785441647492,3224.0428373834247,1.0245922,0.95816708,0.0,True,1.1820492981324189,1.1433999331532443
911,32717,405.82803,1043,2680.5664,3.0706542,5,103.30164,1.5609561009892954,1.3167586816899506,4218.871008068535,1.1179538,1.1692101,0.0,True,1.4280554106925067,1.2724941071829654
912,570,282.98053,1043,3844.2539,2.9141653,4,47.841789,1.0886874598655305,0.7689037992207806,1796.6827168243206,1.0274105,0.56600368,0.0,True,1.0703043719058714,0.7080337634545464
913,270,276.55869,1043,3933.5195,2.9917951,3,227.90146,1.0639938103187878,0.6767435939032718,1550.3332758541144,0.99875325,0.40897822,0.0,True,1.0444216422231514,0.5964139817322902
914,21429,324.81665,1043,3349.1172,4.0068364,6,76.556648,1.2495439993530786,1.22854752496105,3239.264493989536,1.0245923,0.96898901,0.0,True,1.1820584895471549,1.150679970472735
915,1512,291.01886,1043,3738.0703,3.8240972,4,158.58113,1.1195961713310285,0.8899643448683878,2130.988638840027,1.0236231,0.83449757,0.0,True,1.0908042499317199,0.8733243124078715
916,40377,382.89639,1043,2841.1055,3.9919775,6,13.09802,1.4728149864255444,1.3335892341266238,4061.0240491662457,1.1461581,1.2604651,0.0,True,1.3748179204978812,1.3116519938886366
917,4642,332.172,1043,3274.957,4.0601807,5,162.39035,1.2778221955274027,1.0430069665402963,2804.6382588064685,1.0211779,1.0403168,0.0,True,1.200828906869182,1.0421999165782074
918,47430,383.8183,1043,2834.2812,4.0128427,6,16.078314,1.4763586869979222,1.3542410893592525,4132.591742570262,1.1452813,1.2607852,0.0,True,1.3770354708985455,1.3262043225514768
919,3725,327.00937,1043,3326.6602,4.0027208,5,167.36884,1.2579741207555193,1.0138663799654344,2689.1154130026057,1.0218321,1.0080657,0.0,True,1.1871315145288635,1.012126175975804
920,48966,383.87491,1043,2833.8633,2.8892984,5,103.27111,1.4765762469541077,1.3582748284168227,4145.435326981044,1.1452996,1.261642,0.0,True,1.3771932528678754,1.3292849798917759
921,46980,383.47687,1043,2836.8047,2.0802791,4,12.078823,1.4750463067744288,1.3528908147300418,4125.260032839723,1.1451731,1.2615459,0.0,True,1.3760843447421003,1.3254873403110292
922,0,396.67059,1043,2742.4492,2.0208602,3,85.990158,1.525759117125903,0.0,274.95110106955,,,,False,1.525759117125903,0.0
923,46005,383.3407,1043,2837.8125,2.0279801,4,64.140594,1.4745228385285616,1.3501931421274185,4115.756147069122,1.1451163,1.2613875,0.0,True,1.3757008769699932,1.323551449489193
924,43729,383.10971,1043,2839.5234,2.1357961,4,11.177189,1.4736350185921012,1.3437108137007365,4093.8385324878964,1.1450043,1.2607943,0.0,True,1.3750458030144708,1.3188358595905156
925,0,5.818182,2,0.6875,0.68738258,1,37.968456,0.8548452874396538,0.0,4.0328564492846235,,,,False,0.8548452874396538,0.0
926,0,5.818182,2,0.6875,0.68738258,1,35.186928,0.8548452874396538,0.0,4.0328564492846235,0.97386968,0.72136563,1.9742923757424715,True,0.8905526052077577,0.21640968900000002
927,42320,383.29214,1043,2838.1719,1.9442679,4,35.9221,1.4743362499956045,1.3396725802450418,4083.235055870625,1.1447918,1.2628758,0.0,True,1.3754729149969231,1.3166335461715293
928,1817,283.02682,1043,3843.625,4.0082593,5,44.174164,1.08886549998736,0.9092109563548363,2124.411248571856,1.0203749,0.86781132,0.0,True,1.068318319991152,0.8967910654483855
929,486,283.42838,1043,3838.1797,2.9900389,3,76.258278,1.0904094900530021,0.7497713723976852,1754.5110671700002,1.0214711,0.66680956,0.0,True,1.0697279730371014,0.7248828286783796
930,340,273.64206,1043,3975.4453,1.9908022,3,62.752998,1.052778372185003,0.7035988990469947,1596.6496297999297,0.98090631,0.63506109,0.0,True,1.031216753529502,0.6830375563328963
931,38824,383.17401,1043,2839.0469,2.0865898,4,34.15271,1.4738821764571683,1.3287786520566929,4048.9405266100775,1.1447893,1.2629979,0.0,True,1.3751543135200177,1.309044426439685
932,35655,383.11182,1043,2839.5078,2.0533068,4,15.869117,1.4736431089117161,1.3180445395997733,4015.6634548604447,1.1446831,1.2638338,0.0,True,1.3749551062382013,1.3017813177198414
933,7289,284.55957,1043,3822.9219,5.2686014,7,40.666077,1.0947591866879403,1.07815016794745,2530.985498269042,1.0204746,0.94436127,0.0,True,1.0724738106815583,1.038013498563215
934,0,251.31583,1043,4328.6133,2.0021636,3,10.855914,0.9669227193268193,0.0,174.1988589945825,0.95826799,0.0,0.0,True,0.9643263005287736,0.0
935,36942,382.63965,1043,2843.0117,3.0380566,5,58.033905,1.4718281785585945,1.3222985514765304,4024.281859523748,1.1438656,1.2641507,0.0,True,1.3734394049910161,1.3048541960335713
936,2486,286.62756,1043,3795.3398,2.5653458,3,13.640683,1.1027110053171671,0.9486204193938751,2241.208092577558,1.0262822,0.91405159,0.0,True,1.079782363722017,0.9382497705757126
937,721,245.55069,1043,4430.2422,4.2921734,6,54.229874,0.9447517079253681,0.7838649674781344,1616.560677053448,0.95956767,0.84783804,0.0,True,0.9491964965477577,0.803056889234694
938,1447,251.23692,1043,4329.9727,6.3466148,8,46.705788,0.9666192929583537,0.8691104186272913,1828.6603172915059,0.95826358,0.85220921,0.0,True,0.9641125790708476,0.8640400560391039
939,14,283.03058,1043,3843.5742,4.0064316,5,27.321186,1.088879883890653,0.3280521466345005,784.7273941569841,1.020375,0.25666243,0.0,True,1.0683284187234572,0.30663523164415035
940,309,250.02365,1043,4350.9844,6.7335987,7,40.010326,0.961953456205561,0.6846493952007553,1435.0839741471816,0.9670521,0.75002134,0.0,True,0.9634830493438926,0.7042609786405287
941,1046,282.9469,1043,3844.7109,6.6374068,7,27.444721,1.0885581207542503,0.8423364475481854,1967.7935074375944,1.0197085,0.83058643,0.0,True,1.067903234527975,0.8388114422837298
942,854,273.63989,1043,3975.4766,1.4867026,4,17.826099,1.0527700875446737,0.81449910398003,1847.6905229776849,0.98090631,0.79833817,0.0,True,1.0312109542812715,0.8096508237860209
943,5581,283.57959,1043,3836.1328,6.6379032,7,43.154705,1.090991012189284,1.0453532710913993,2446.5776793516784,1.0013274,0.88655221,0.0,True,1.0640919285324988,0.9977129527639795
944,1037,273.21921,1043,3981.5977,2.6249075,4,28.898409,1.0511524264583472,0.8377431272463485,1897.7844552970778,0.98042899,0.82114059,0.0,True,1.029935395520843,0.8327623660724439
945,1545,280.01178,1043,3885.0117,2.6840756,4,29.060369,1.0772718765906701,0.8884266099507501,2056.426911338638,0.99129713,0.85364741,0.0,True,1.051479452613469,0.877992849965525
946,15473,405.92624,1043,2679.918,3.9465938,6,78.373474,1.5613334890883652,1.2219546027590957,3915.96276428068,1.1254365,1.1577095,0.0,True,1.4305643923618556,1.202681071931367
947,0,383.67764,1043,2835.3203,1.9984653,3,88.299736,1.4758180063029511,0.0,265.94507440989366,,,,False,1.4758180063029511,0.0
948,7953,288.59238,1043,3769.5,1.4251897,4,19.847116,1.1102660449128705,1.0905758790467146,2592.008605050498,1.0029544,0.94337732,0.0,True,1.0780725514390093,1.0464163113327003
949,0,384.97229,1043,2825.7852,2.0128379,3,87.848495,1.4807943645751067,0.0,266.8424574072056,,,,False,1.4807943645751067,0.0
950,9073,296.28543,1043,3671.625,3.2224491,5,61.206383,1.1398464427884967,1.11011564995919,2700.1316862310596,1.0194174,0.95971447,0.0,True,1.1037177299519476,1.0649952959714328
951,0,236.87048,1043,4592.5898,1.7873538,2,8.3327618,0.9113693649842018,0.0,164.1861053698809,1.0029544,0.94337732,11.988561794318354,True,0.9388448754889412,0.283013196
952,0,405.94577,1043,2679.7891,1.9965646,3,7.0367064,1.5614085344701008,0.0,281.380165935736,,,,False,1.5614085344701008,0.0
953,6572,287.89932,1043,3778.5742,2.0056534,4,43.07753,1.1076011650264372,1.067108154113439,2530.887727644264,0.96749783,0.9610936,0.0,True,1.065570164518506,1.0353037878794074
954,17192,354.39963,1043,3069.5547,1.9992111,4,122.14681,1.3632732597563346,1.2144378840680783,3456.2170986650344,1.0718709,1.0807081,0.0,True,1.2758525518294341,1.1743189488476549
955,15,226.9601,1043,4793.1289,3.9861689,4,63.077347,0.8732546039354419,0.32712732673499506,643.0263838883333,0.87699622,0.20490924,0.0,True,0.8743770887548092,0.2904619007144965
956,3084,282.70074,1043,3848.0586,2.0295806,4,36.726673,1.087611598532264,0.9731354605472186,2271.3961386343267,0.95996618,0.89934647,0.0,True,1.0493179729725848,0.950998763383053
957,0,222.81946,1043,4882.1992,2.0122395,2,47.070087,0.8573295676369814,0.0,154.4466804728895,0.87104261,0.0,0.0,True,0.861443480345887,0.0
958,3678,280.034,1043,3884.7031,2.9954522,4,89.382668,1.0773574108063182,0.9933244145258999,2299.2662114386926,1.0313712,0.92349225,0.0,True,1.0635615475644227,0.9723747651681299
959,27430,382.01712,1043,2847.6445,2.8735819,5,18.879702,1.4694353588277032,1.2846063053829737,3904.0107760117926,1.1598128,1.2804503,0.0,True,1.3765485911793922,1.2833595037680816
960,5641,283.50049,1043,3837.2031,3.0955229,5,42.957306,1.090686863737136,1.0466133866565308,2448.925744648099,0.96111757,0.94711375,0.0,True,1.0518160756159953,1.0167634956595717
961,9835,287.90231,1043,3778.5352,2.0022326,4,76.949272,1.1076125910397265,1.116039374150263,2646.9467941841344,0.96749794,0.99438304,0.0,True,1.0655781957278085,1.079542473905184
962,47747,408.20447,1043,2664.9609,3.1916571,5,107.70728,1.570089905850847,1.3656480167154363,4397.877969718301,1.0935239,1.1669734,0.0,True,1.427120104095593,1.3060456317008056
963,2,239.99634,1043,4532.7734,4.028151,4,76.896538,0.923390877345468,0.13048037919994326,332.70557283141204,0.90391433,0.081375182,0.0,True,0.9175479131418276,0.11574882003996029
964,8139,397.35999,1043,2737.6914,4.1286855,6,136.61969,1.5284087793205068,1.1375170161142298,3578.0949062667523,1.2397485,1.4286853,0.0,True,1.4418106955243548,1.2248675012799608
965,55488,423.5412,1043,2568.4609,4.3896604,6,209.60201,1.6290340726011008,1.3911896153299013,4626.746323829854,1.1095281,1.1604452,0.0,True,1.4731822808207706,1.3219662907309309
966,20382,390.97583,1043,2782.3945,3.2213492,5,107.54346,1.5038703705200147,1.250917218070084,3879.4598463640627,1.1480528,1.113076,0.0,True,1.3971250993640103,1.2095648526490588
967,1825,248.03731,1043,4385.8281,2.0202308,4,62.199108,0.9543145932241263,0.8954389481728046,1862.866992145804,0.92330492,0.86443424,0.0,True,0.9450116912568884,0.8861375357209632
968,0,280.0329,1043,3884.7188,1.009481,2,102.5274,1.0773530589320974,0.0,194.1040150990251,1.0313712,0.0,0.0,True,1.0635585012524682,0.0
969,9927,310.83759,1043,3499.7344,3.0148935,5,154.54413,1.1957983987560252,1.1276530980922643,2860.705185471659,1.0012276,0.99930811,0.0,True,1.1374271591292175,1.089149601664585
970,0,200.75775,1043,5418.7148,1.9937427,2,14.816248,0.7724753179025192,0.0,139.15466838805835,0.84075725,0.0,0.0,True,0.7929598975317634,0.0
971,0,195.02888,1043,5577.8867,2.0054443,2,136.56349,0.7504396797857725,0.0,135.18371829976388,0.8234567,0.0,0.0,True,0.7723447858500407,0.0
972,5462,248.26639,1043,4381.7812,3.0092618,5,93.221603,0.9551955714370257,1.026217638314055,2136.564762908084,0.92366195,0.94596148,0.0,True,0.9457354850059179,1.0021407908198385
973,0,216.47777,1043,5025.2227,1.9730487,2,49.954285,0.8329387095560518,0.0,150.0509559294043,0.87804133,0.0,0.0,True,0.8464694956892362,0.0
974,5863,268.05502,1043,4058.3047,3.9905066,5,40.994434,1.0312941263715727,1.0442070301756783,2325.8484751834853,0.96185106,0.95037735,0.0,True,1.0104612064601008,1.0160581261229749
975,3438,265.92746,1043,4090.7734,3.0045917,5,47.548664,1.0231126864704727,0.9790451191201962,2165.5076059292687,0.95875514,0.91813326,0.0,True,1.003805422529331,0.9607715613841374
976,9286,354.38745,1043,3069.6602,3.026485,5,51.114422,1.3632264364361952,1.1377373214240465,3237.8533258795983,1.0718707,1.0548705,0.0,True,1.2758197155053366,1.1128772749968325
977,46329,402.11816,1043,2705.2969,3.0184157,5,46.40173,1.5466971459203056,1.3592412289450162,4320.183217935708,1.087676,1.1651605,0.0,True,1.408990802144214,1.3010170102615113
978,276,264.767,1043,4108.7031,3.0940006,4,16.1061,1.018650164345095,0.6758342754441337,1490.0083594085288,0.95646971,0.46445519,0.0,True,0.9999960280415665,0.6124205498108936
979,7546,286.91519,1043,3791.5352,4.0238824,6,51.005379,1.103816932656613,1.0834318337425572,2561.876607457333,0.9653967,0.9703384,0.0,True,1.062290862859629,1.0495038036197901
980,37757,395.76697,1043,2748.7109,4.0863156,6,45.886913,1.5222858892182711,1.3306795123567734,4170.979839887469,1.0824461,1.1601052,0.0,True,1.3903339524527898,1.2795072186497414
981,11948,288.43637,1043,3771.5391,3.0035388,4,53.42041,1.109666092604921,1.1399179959295784,2707.9809823986166,0.96827841,1.0069005,0.0,True,1.0672497878234448,1.1000127471507049
982,31268,394.84335,1043,2755.1406,4.0185847,6,44.70723,1.5187358919559237,1.306485079525073,4086.7923155048315,1.0815946,1.1585072,0.0,True,1.3875935043691467,1.262091715667551
983,0,240.44037,1043,4524.4023,2.0020156,3,22.900908,0.925098590637622,0.0,166.66056455829005,0.90395296,0.0,0.0,True,0.9187549014463354,0.0
984,0,221.21606,1043,4917.5859,1.9965403,2,153.04433,0.8511627753849954,0.0,153.3352882835797,0.92943621,0.0,0.0,True,0.8746448057694968,0.0
985,6006,240.71283,1043,4519.2812,3.9923723,6,75.889198,0.9261464180526728,1.033731328900332,2094.4055513314556,0.90457851,0.94385636,0.0,True,0.9196760456368709,1.0067688382302324
986,3762,310.83307,1043,3499.7852,3.9982893,5,47.983994,1.1957810514445293,1.0087802148965401,2559.1624883833465,1.0012276,0.79809201,0.0,True,1.1374150160111705,0.945573753427578
987,26143,399.29764,1043,2724.4062,3.9255443,6,149.75612,1.5358563916077108,1.2857082913166848,4061.421304840995,1.1458153,1.254216,0.0,True,1.4188440641253974,1.2762606039216795
988,3724,240.64003,1043,4520.6484,3.0342131,5,44.234707,0.9258664432965629,0.976921673504789,1978.8047569242278,0.90453297,0.91440004,0.0,True,0.9194664013075939,0.9581651834533522
989,0,240.42522,1043,4524.6875,0.9957729,2,12.294905,0.9250403056073322,0.0,166.65006337850457,0.90419066,0.0,0.0,True,0.9187854119251325,0.0
990,7448,248.70827,1043,4373.9961,4.0092258,5,48.407867,0.9568949086560864,1.063419566783405,2217.4753028048203,0.92437601,0.96978003,0.0,True,0.9471392390592605,1.0353277057483834
991,17461,324.86325,1043,3348.6367,2.0111938,4,76.273499,1.2497231909352902,1.2033432057294524,3173.212129610235,1.0245939,0.98024189,0.0,True,1.1821844036547031,1.1364128110106166
992,11413,324.64285,1043,3350.9102,3.0002129,5,89.692108,1.2488757940456894,1.1508661689987678,3033.0354172301827,1.0248296,1.0216347,0.0,True,1.1816619358319826,1.1120967282991374
993,5384,299.16589,1043,3636.2734,2.9717326,5,51.173824,1.1509218599099482,1.0477872291020216,2570.3011773400613,0.98227876,0.89704853,0.0,True,1.1003289299369636,1.0025656193714152
994,20329,382.01556,1043,2847.6562,2.0045791,4,132.01588,1.4694293256810738,1.2469482363787925,3789.556953509793,1.1598128,1.2803777,0.0,True,1.3765443679767517,1.2569770754651548
995,15506,394.96152,1043,2754.3164,3.0000877,5,60.583504,1.5191900278171586,1.2180043898723065,3811.027665219596,1.0815948,1.1375993,0.0,True,1.387911459472011,1.1938828629106146
996,3732,292.52191,1043,3718.8633,3.015162,5,41.964787,1.1253754977746402,1.000363388144759,2406.061547205689,0.97254938,0.99338418,0.0,True,1.079527662442248,0.9982696257013313
997,0,394.99402,1043,2754.0898,0.98925316,2,2.3460214,1.5193149324774868,0.0,273.7889913010386,,,,False,1.5193149324774868,0.0
998,3706,353.78372,1043,3074.8984,3.0015059,5,85.276482,1.3609056406896278,1.0231543630930666,2907.4823233851703,1.0710589,1.0488402,0.0,True,1.2739516184827395,1.0308601141651466
999,124,222.60751,1043,4886.8477,2.9617021,4,92.286186,0.8565143864859792,0.5683768372802271,1076.5926729645203,0.92934608,0.77735853,0.0,True,0.8783638945401855,0.631071345096159
1000,200,233.00764,1043,4668.7266,2.9758501,3,45.328468,0.8965132723437271,0.6276632322423336,1236.866928659689,0.88928312,0.4561266,0.0,True,0.894344226640609,0.5762022425696335
1001,0,289.35791,1043,3759.5273,1.0397873,2,38.891155,1.1132096232264193,0.0,200.5676194892184,0.96863413,0.95879847,2.3429577365094008,True,1.0698369752584935,0.28763954100000005
1002,0,230.51559,1043,4719.1992,1.960825,2,30.344324,0.8869289794823507,0.0,159.78123128361233,,,,False,0.8869289794823507,0.0
1003,2568,298.50565,1043,3644.3164,3.0677273,5,94.785202,1.1483831705852214,0.9572682565559157,2343.765223485601,0.98147744,0.86495221,0.0,True,1.098311451409655,0.9295734425891411
1004,0,393.09778,1043,2767.375,2.095901,3,289.32043,1.5120264999824475,0.0,272.47461789137367,1.2379453,1.4210551,3.8917235213331645,True,1.4298021399877132,0.4263165300000001
1005,0,289.06778,1043,3763.3008,1.009845,2,203.24937,1.1120939895131063,0.0,200.36651669772257,1.0200691,0.0,0.0,True,1.0844865226591744,0.0
1006,7280,325.08926,1043,3346.3086,2.997757,5,58.575916,1.2505921313193447,1.0956709662150474,2891.071072874571,1.0256853,0.89958954,0.0,True,1.1831200819235412,1.0368465383505332
1007,21771,398.86816,1043,2727.3398,3.0040264,5,49.69846,1.5342055937442785,1.262405344190002,3984.065079594752,1.1456035,1.2539974,0.0,True,1.417624965620995,1.2598829609330013
1008,0,323.91071,1043,3358.4844,1.0090075,2,45.696556,1.2460609513285914,0.0,224.51779538967008,1.0243657,0.0,0.0,True,1.179552375930014,0.0
1009,1824,289.37985,1043,3759.2422,3.0109897,4,39.355492,1.1132940038769348,0.9121273777492104,2173.2088337545497,1.0205048,0.87084854,0.0,True,1.0854572427138542,0.8997437264244472
1010,3678,382.0098,1043,2847.6992,1.754596,4,109.87036,1.4694071530036892,1.0320636620747865,3136.555652450962,1.1598127,1.2813418,0.0,True,1.3765288171025825,1.1068471034523506
1011,785,288.83484,1043,3766.3359,2.9877479,3,39.129181,1.111198284735947,0.8096219589186401,1926.016639215121,1.0203303,0.79938376,0.0,True,1.083937889315163,0.8065504992430481
1012,1,227.05225,1043,4791.1836,2.9948487,3,12.79597,0.8736090118452567,0.08178574633270433,249.4423920197438,0.9208203,0.05141259,0.0,True,0.8877723982916796,0.07267379943289302
1013,18330,398.86359,1043,2727.3711,2.0084853,4,13.279178,1.5341879997149859,1.240660980680654,3915.405919211958,1.1456034,1.2536553,0.0,True,1.4176126198004901,1.2445592764764577
1014,9070,276.34518,1043,3936.5586,4.0235286,5,49.890705,1.0631728034689876,1.1007406158803812,2518.319262566643,1.0226043,0.94975835,0.0,True,1.0510022524282914,1.055445936116267
1015,24712,376.3161,1043,2890.7852,4.1418238,6,39.910645,1.447521367431253,1.269093817380665,3806.484452601949,1.143491,1.2713244,0.0,True,1.356312257201877,1.2697629921664655
1016,5082,373.49484,1043,2912.6211,2.9971159,5,48.185825,1.4366767565049505,1.069670349389388,3187.3502969827978,1.1182821,1.0461347,0.0,True,1.3411583595534653,1.0626096545725716
1017,0,275.87161,1043,3943.3164,2.0783362,3,39.184963,1.0613517304692954,0.0,191.21962866803278,1.0222073,0.0,0.0,True,1.049608401328507,0.0
1018,21373,324.81665,1043,3349.1172,3.0068083,5,115.81636,1.2495439993530786,1.2282251808200735,3238.4146251497928,1.0245923,0.9783079,0.0,True,1.1820584895471549,1.1532499965740515
1019,23234,374.27289,1043,2906.5664,3.0826192,5,228.43446,1.439667455550917,1.2604962870439707,3762.736809763255,1.1476499,1.2719606,0.0,True,1.352062188885642,1.2639355809307795
1020,2869,373.49484,1043,2912.6211,2.9984744,4,48.651299,1.4366767565049505,0.9980231690125654,2973.921170460308,1.1182821,1.0433264,0.0,True,1.3411583595534653,1.0116141383087958
1021,5221,367.50201,1043,2960.1172,4.0046754,5,97.144417,1.4136403476502857,1.0708830189430858,3146.1212137130688,1.1200198,0.97932172,0.0,True,1.3255541833551998,1.04341462926016
1022,22230,374.30106,1043,2906.3477,2.0036006,4,76.324341,1.4397757147086956,1.2549698268034526,3746.487097548632,1.1476501,1.2758861,0.0,True,1.3521380302960868,1.2612447087624168
1023,22493,374.40271,1043,2905.5586,2.0189254,4,126.01107,1.4401664641905725,1.2564871559383082,3751.907656014467,1.1476896,1.2774791,0.0,True,1.352423404933401,1.2627847391568157
1024,3730,296.47562,1043,3669.2695,3.073586,5,425.74149,1.1405777724541581,1.0019329116176459,2438.4229019479644,1.0198315,0.96448696,0.0,True,1.1043538907179107,0.9906991261323521
1025,13239,281.99997,1043,3857.6211,3.0076768,4,56.587765,1.0849169594364823,1.149228314358263,2676.4824014736114,1.0315664,1.0098413,0.0,True,1.0689117916055375,1.107412210050784
1026,0,264.04352,1043,4119.9609,2.0015085,2,43.225613,1.0158680516326322,0.0,183.02102143312354,0.96047801,0.8668505,2.0880618213805726,True,0.9992510391428424,0.26005515
1027,6541,281.73264,1043,3861.2812,3.0030308,5,53.378059,1.0838891014169227,1.0637405735494447,2475.3455321272363,1.0311233,0.95889419,0.0,True,1.068059360991846,1.0322866584846113
1028,0,353.78418,1043,3074.8945,1.0002095,2,47.065105,1.360907365653548,0.0,245.22450689371217,1.071059,1.0290377,6.355747781274776,True,1.2739528559574835,0.30871131
1029,2376,281.18961,1043,3868.7383,4.056283,6,48.082642,1.0818009547142184,0.9409469442007914,2185.972267706252,1.0302383,0.88646311,0.0,True,1.0663321582999528,0.924601793940554
1030,0,280.75079,1043,3874.7852,1.9747815,3,27.351912,1.080113592155916,0.0,194.60161852847727,1.0295801,0.56437445,6.949022946293766,True,1.0649535445091411,0.169312335
1031,3664,222.10367,1043,4897.9336,3.8120313,4,79.939926,0.854576557606595,0.9658007305765143,1822.7729319106545,0.92852116,0.89207208,0.0,True,0.8767599383246165,0.94368213540356
1032,15989,373.75,1043,2910.6328,3.0278802,5,154.77127,1.4376574995615277,1.2134298046227874,3617.8182769310915,1.1484057,1.2781962,0.0,True,1.3508819596930692,1.232859723235951
1033,3648,248.63988,1043,4375.1992,2.9803634,3,47.967022,0.9566319002317488,0.9782710154832635,2039.4642512188966,0.92496812,0.70827466,0.0,True,0.9471327661622242,0.8972721088382843
1034,1826,201.07591,1043,5410.1406,1.9873612,2,60.344933,0.7736991142449055,0.8736528284379572,1510.2766864759885,0.92334837,0.63592803,0.0,True,0.8185938909714339,0.80233538890657
1035,0,168.8418,1043,6443.0078,0.9926756,1,45.172512,0.6497072646504618,0.0,117.03221763066617,1.0227011,0.78334057,2.651822021610193,True,0.7616054152553233,0.23500217100000004
1036,16316,398.86359,1043,2727.3711,3.0151031,5,35.786282,1.5341879997149859,1.2259512650077788,3868.986424439849,1.1456034,1.2534406,0.0,True,1.4176126198004901,1.2341980655054452
1037,3640,218.81499,1043,4971.5469,3.0096331,5,45.502022,0.8419279987867191,0.9633373310602673,1794.3459936719385,1.0200278,0.9273653,0.0,True,0.8953579391507034,0.9525457217421871
1038,0,276.06274,1043,3940.5859,1.9995376,3,36.300671,1.0620867863370815,0.0,191.35210988865325,1.0224394,0.95187831,1.990347509954469,True,1.0501925704359572,0.28556349300000006
1039,0,381.39612,1043,2852.2812,1.2700139,2,20.92297,1.467048302174604,0.0,264.36364525450256,1.1597997,1.2805753,4.09215454563924,True,1.3748737215222226,0.38417259000000004
1040,0,373.37717,1043,2913.5391,2.0161605,3,105.86263,1.4362243978785572,0.0,258.8053326709514,1.1488755,1.2805929,7.094761094924631,True,1.35001972851499,0.3841778700000001
1041,0,399.2095,1043,2725.0078,1.9993271,3,42.506962,1.535517569252604,0.0,276.7109393777455,1.1453,1.2544543,2.442130515080718,True,1.4184522984768229,0.37633629
1042,0,218.81569,1043,4971.5312,0.99504185,2,95.905457,0.8419306565099843,0.0,151.671478585779,1.020028,0.97307616,6.767374984960103,True,0.8953598595569889,0.291922848
1043,0,180.68588,1043,6020.6641,2.001404,2,28.062122,0.6952684590842266,0.0,125.2419082889926,0.9258827,0.78614277,7.723584975747922,True,0.7644527313589586,0.23584283100000003
1044,0,222.08577,1043,4898.3281,2.0119381,3,63.191498,0.854507760080165,0.0,153.9381253179845,,,,False,0.854507760080165,0.0
1045,0,183.85242,1043,5916.9688,1.1646857,2,10.67331,0.707448971244601,0.0,127.43678656212289,0.84602666,0.0,0.0,True,0.7490222778712208,0.0
1046,0,295.88501,1043,3676.5938,2.0252185,3,25.722355,1.1383068139757346,0.0,205.09186045145123,,,,False,1.1383068139757346,0.0
1047,0,188.6494,1043,5766.5117,1.0187465,2,22.518078,0.7259009959863462,0.0,130.76179972432536,,,,False,0.7259009959863462,0.0
1048,0,300.44171,1043,3620.832,2.0070927,2,24.73304,1.1558273716222256,0.0,208.25032420910873,1.1597997,1.2805753,14.84146987438139,True,1.157019070135558,0.38417259000000004
1049,0,218.45831,1043,4979.6641,2.0091519,3,45.943638,0.8405561483739722,0.0,151.42376164639052,1.019593,0.0,0.0,True,0.8942672038617805,0.0
1050,0,291.62775,1043,3730.2656,1.1215808,2,28.76078,1.121937406702484,0.0,202.14095268554058,1.0214245,0.96851581,8.137912730602412,True,1.0917835346917388,0.29055474300000006
1051,0,230.95261,1043,4710.2695,2.0616951,2,7.0340419,0.8886097003554,0.0,160.08415046446063,,,,False,0.8886097003554,0.0

metric,value
avg_local_nain,1.206599
avg_local_nach,0.85488
avg_citywide_nain,1.033082
avg_citywide_nach,0.838372
avg_blended_nain,1.156413
avg_blended_nach,0.839169
avg_segment_length,69.3949
blended_nain_nach_pearson_r,0.606276
blended_nain_nach_p_value,1.3782e-106
pct_citywide_matched,95.72
