segment_id,T1024 Choice,T1024 Integration,T1024 Node Count,T1024 Total Depth,Angular Connectivity,Connectivity,Segment Length,local_nain,local_nach,integrated,citywide_nain,citywide_nach,citywide_match_distance_m,citywide_matched,blended_nain,blended_nach
0,0,126.65525,826,5386.875,0.72896868,1,5.7345743,0.5873242691542234,0.0,87.79072944061501,,,,False,0.5873242691542234,0.0
1,1452,142.4915,826,4788.1875,2.4614027,3,74.130249,0.6607292660127533,0.8592078374237122,1037.633598652225,0.85944474,0.84047478,0.0,True,0.7203439082089274,0.8535879201965986
2,0,153.1516,826,4454.9062,1.3289729,2,7.7173142,0.71013768944441,0.0,106.15659973824452,,,,False,0.71013768944441,0.0
3,4344,161.07442,826,4235.7812,1.1257937,3,109.33221,0.7468571220568125,1.00296334909029,1349.3222140620244,0.91613883,1.0173669,0.0,True,0.7976416344397688,1.0072844143632032
4,5784,167.12595,826,4082.4062,1.164633,3,61.992138,0.7749026213255835,1.0418328105063457,1447.8449426818786,0.93331599,1.0275939,0.0,True,0.8224266319279085,1.037561137354442
5,124,172.87837,826,3946.5664,1.62518,3,113.79036,0.8015610604746233,0.5830338383780261,836.0885329342632,0.9483363,0.86709726,0.0,True,0.8455936323322364,0.6682528648646182
6,823,181.24268,826,3764.4336,1.8075935,3,66.532761,0.8403220146874395,0.8154054876169673,1217.114082166773,0.97022521,0.89662564,0.0,True,0.8792929732812076,0.8397715333318772
7,0,168.90111,826,4039.5,0.88603628,2,137.90779,0.7831293012343105,0.0,117.07332818994517,0.93694293,1.006793,3.7885087166437366,True,0.8292733898640172,0.3020379000000001
8,0,210.14729,826,3246.6562,1.9712113,2,85.105064,0.9742542380872639,0.0,145.66300156581318,1.0592014,0.9487232,3.684168714300154,True,0.9997383866610847,0.28461696000000003
9,4496,274.3934,826,2486.4883,2.0620003,4,28.720497,1.271863352115606,1.0756196917241334,2308.0293884016105,1.1938802,1.3136322,0.0,True,1.2484684064809242,1.1470234442068934
10,0,214.66348,826,3178.3516,1.0107199,2,18.692389,0.9951783541601078,0.0,148.7933859311862,,,,False,0.9951783541601078,0.0
11,0,143.84868,826,4743.0117,1.9834338,2,31.602423,0.6670198665555378,0.0,99.70830696926978,,,,False,0.6670198665555378,0.0
12,2214,216.62672,826,3149.5469,2.1295185,4,82.099312,1.0042741457975655,0.9561867236345203,1668.7750661937891,1.0451645,0.96343929,0.0,True,1.0165412520582957,0.9583624935441641
13,0,208.25826,826,3276.1055,1.7604603,2,154.05867,0.965501894596884,0.0,144.35362574732002,,,,False,0.965501894596884,0.0
14,0,204.6692,826,3333.5547,1.0379025,2,13.208397,0.9488727829702405,0.0,141.86587892745953,,,,False,0.9488727829702405,0.0
15,204,174.00786,826,3920.9492,2.1626801,3,99.203697,0.8067953240226678,0.6432754051959297,927.0923304760738,0.94556653,0.81313759,0.0,True,0.8484266858158674,0.6942340606371509
16,80,173.48021,826,3932.875,2.2310085,3,57.818363,0.8043500926810803,0.5308659514944934,764.4785804264446,0.93939072,0.70517385,0.0,True,0.8448622808767561,0.5831583210461454
17,1947,206.25128,826,3307.9844,2.1749988,4,83.965843,0.9562030174336972,0.9345536967662468,1562.3682341152098,1.0267972,1.0974033,0.0,True,0.9773812722035881,0.9834085777363728
18,3808,206.94749,826,3296.8555,1.9025073,4,72.605339,0.9594288294647842,1.0177109961514519,1706.3616197625736,1.0276306,1.1002991,0.0,True,0.979889360625349,1.0424874273060163
19,251,179.87248,826,3793.1094,4.0373507,4,179.07413,0.833972551868588,0.6709062004826998,995.3044901433511,0.9579944,0.37754759,0.0,True,0.8711791063080117,0.5828986173378898
20,1346,190.48491,826,3581.7852,2.1931787,3,151.9473,0.8831492107670029,0.8804051341417582,1372.706129792136,0.99079311,1.0106848,0.0,True,0.9154423805369021,0.9194890338992308
21,2723,213.73933,826,3192.0938,2.3374548,3,32.037651,0.9908967203588278,0.9802320350425274,1690.7259153051027,1.0440152,1.0242517,0.0,True,1.0068322642511796,0.9934379345297693
22,5836,207.86343,826,3282.3281,1.9864095,4,69.066521,0.9636726217878371,1.0709811902080415,1802.6215040493078,1.0297145,1.103749,0.0,True,0.9834851852514859,1.0808115331456292
23,429,174.77277,826,3903.7891,2.1784048,3,101.74196,0.8103399824989183,0.7331849812937452,1060.1905140268416,0.94748199,0.8134926,0.0,True,0.8514825847492428,0.7572772669056217
24,167,174.86655,826,3901.6953,2.1580706,3,97.194847,0.8107746193557847,0.6195893873601853,897.0476901280314,0.94282931,0.70578969,0.0,True,0.8503910265490493,0.6454494781521297
25,4140,218.01003,826,3129.5625,1.9780836,4,84.072105,1.0106830283407933,1.034670755651361,1815.7911603547461,1.0478857,0.98647976,0.0,True,1.0218438298385553,1.0202134569559527
26,7854,215.24812,826,3169.7188,2.2482376,4,38.366413,0.9978870355526049,1.1124438956271376,1930.5674591881252,1.0458918,1.1082245,0.0,True,1.0122884648868233,1.1111780769389963
27,0,-1.0,1,-1.0,0.0,0,65.75576,1.0,0.0,-0.6931471805599453,,,,False,1.0,0.0
28,0,214.77989,826,3176.6289,2.0130801,3,73.260674,0.9957177042398581,0.0,148.87407519447518,1.0556244,1.0862334,5.098394914500483,True,1.0136897129679006,0.32587002000000004
29,3212,172.85152,826,3947.1797,2.6877975,4,86.935997,0.801436579586,0.9750581919213213,1395.822961190266,0.9950549,0.68171728,0.0,True,0.8595220757102,0.8870559183449248
30,4423,200.44235,826,3403.8516,2.6021743,3,56.985256,0.9292880144685299,1.032120769050998,1682.7186510437407,1.0224458,0.80558783,0.0,True,0.957235350127971,0.9641608873356985
31,2876,173.09956,826,3941.5234,2.9811771,5,103.4854,0.802586101286597,0.9618868511986657,1378.7121840827394,0.99610901,0.88844717,0.0,True,0.8606429739006178,0.939854946839066
32,7056,212.49609,826,3210.7695,2.4065299,5,36.847717,0.9851366775420601,1.0974063183186236,1883.1227133044968,1.046425,0.93961281,0.0,True,1.003523174279442,1.0500682658230365
33,985,177.40805,826,3845.8008,3.9240994,5,84.848961,0.8225522150051181,0.8350363083952318,1223.1699670893172,0.95251644,0.77295458,0.0,True,0.8615414825035828,0.8164117898766622
34,0,172.53513,826,3954.418,1.0257161,2,64.868874,0.7999703446244724,0.0,119.59223890704364,,,,False,0.7999703446244724,0.0
35,2538,215.20462,826,3170.3594,4.026454,6,89.869255,0.9976855305040362,0.972338704152716,1687.186866702151,1.0565118,1.0957453,0.0,True,1.0153334113528254,1.009360682906901
36,6498,184.54153,826,3697.1406,3.0386922,4,53.872395,0.8556087516485492,1.0685575529478883,1620.1929656316906,0.97812986,1.0271007,0.0,True,0.8923650841539845,1.0561204970635218
37,715,169.31961,826,4029.5156,1.9707406,3,84.791283,0.7850687892509868,0.7918049648221818,1113.28927705075,0.94399613,0.89474314,0.0,True,0.8327469914756906,0.8226864173755273
38,1423,187.11397,826,3646.3125,2.3433461,3,29.086199,0.8675290482760086,0.8852675882672244,1358.8080081661699,0.99176657,0.91903961,0.0,True,0.9048003047932061,0.8953991947870571
39,9281,202.99792,826,3361.0,2.7385728,4,30.93821,0.9411290725359696,1.1249797492628397,1854.5768272728835,1.0225011,1.0521562,0.0,True,0.9655406807751787,1.1031326844839877
40,35835,246.40215,826,2768.9531,2.0102472,4,50.897758,1.1422124289792077,1.3228587804622878,2583.954335870177,1.1138132,1.2632006,0.0,True,1.1336926602854454,1.3049613263236015
41,32345,246.34377,826,2769.6094,2.3899708,4,51.457474,1.1419419601255738,1.3098943900255577,2558.101836494698,1.113812,1.2622708,0.0,True,1.1335029720879017,1.2956073130178904
42,46779,256.72546,826,2657.6094,2.385824,4,117.22478,1.1900307883324768,1.3635287472602033,2760.6285386299164,1.1298059,1.2688841,0.0,True,1.1719633218327339,1.3351353530821424
43,31060,239.0769,826,2853.793,2.0705886,4,121.25722,1.1082795815167505,1.2998764507181921,2472.949409828443,1.101786,1.2614934,0.0,True,1.1063315070617254,1.2883615355027345
44,1279,197.8129,826,3449.0977,3.2446132,4,52.602829,0.9171044537332183,0.8782184874529394,1415.4296931274685,1.003395,0.87338275,0.0,True,0.9429916176132528,0.8767677662170577
45,2,172.9799,826,3944.25,3.6088033,4,119.16747,0.8020315669150372,0.13267023516018003,239.80105995708254,0.9345575,0.08157663,0.0,True,0.8417893468405261,0.11734215361212602
46,7820,205.67761,826,3317.2109,1.9524965,4,47.614426,0.9535450341340063,1.1056742708702998,1843.8371561949066,0.99457741,1.0227051,0.0,True,0.9658547468938044,1.0807835196092097
47,57364,267.47604,826,2550.793,2.217968,4,64.445114,1.2398251918343812,1.3966503231049732,2930.7903571624092,1.1447014,1.2738942,0.0,True,1.211288054284067,1.359823486173481
48,8987,213.11421,826,3201.457,3.1048536,4,45.107094,0.9880004853938934,1.1277638300444703,1940.1399569141495,1.0224626,1.0344697,0.0,True,0.9983391197757254,1.0997755910311293
49,6773,218.01111,826,3129.5469,1.9974544,4,16.219919,1.0106880631225628,1.0958116199224046,1923.0748340235568,1.0478857,1.0123376,0.0,True,1.0218473541857938,1.0707694139456831
50,10554,219.14546,826,3113.3477,2.8575296,4,53.256973,1.0159434437891044,1.1516502657997845,2030.2620906325005,1.0542402,1.1139753,0.0,True,1.027432470652373,1.140347776059849
51,62133,277.10904,826,2462.1211,2.0546613,4,23.938097,1.2844405540533157,1.4131951310893882,3058.4704079351654,1.159578,1.2786534,0.0,True,1.246981787837321,1.3728326117625718
52,416,174.57642,826,3908.1797,2.3836374,3,133.93233,0.8094300809086767,0.7293740466044752,1053.6527414666436,0.94710761,0.80732185,0.0,True,0.8507333396360737,0.7527583876231326
53,165,175.82733,826,3880.375,2.2092986,3,93.845184,0.8152270378153748,0.618550740191696,899.883186993759,0.94115031,0.70532787,0.0,True,0.8530040194707624,0.6445838791341871
54,71789,289.92587,826,2353.2773,2.0631986,4,14.400184,1.3437980618836114,1.4400171810155562,3241.810290044749,1.1789587,1.287254,0.0,True,1.294346253318528,1.3941882267108892
55,0,175.08426,826,3896.8438,1.9227732,2,127.75999,0.8117835012878601,0.0,121.3591611794244,0.95187247,0.0,0.0,True,0.8538101919015022,0.0
56,8618,218.21594,826,3126.6094,2.0340831,4,75.547836,1.011637013856209,1.1258669673940547,1977.4380130855152,1.0483397,1.0249681,0.0,True,1.0226478196993463,1.0955973071758383
57,12,180.64415,826,3776.9062,3.6931844,4,90.672523,0.837548460699677,0.31137645321328794,476.7302681096182,0.95006645,0.19069143,0.0,True,0.871303857489774,0.27517094624930155
58,278,176.22897,826,3871.5312,4.0992627,6,116.46269,0.8170883123229951,0.6815648912627927,993.0131679332255,0.95025897,0.6117934,0.0,True,0.8570395096260965,0.660633443883955
59,9436,216.77379,826,3147.4102,3.0649357,5,88.337021,1.0049554900592073,1.1361969272695978,1984.0219769031291,1.0559425,0.97259367,0.0,True,1.020251593041445,1.0871159500887184
60,0,208.92712,826,3265.6172,0.98694682,2,72.848969,0.9686009337135529,0.0,144.81724417050935,1.0573453,1.0244709,8.900343122761521,True,0.9952242435994871,0.30734127000000006
61,107,176.18152,826,3872.5742,4.0123663,5,201.6725,0.816868359609287,0.5666759533360369,826.5288007399115,0.95069158,0.64583766,0.0,True,0.857015325726501,0.5904244653352259
62,4587,215.41058,826,3167.3281,4.018816,6,88.507721,0.9986397656141898,1.0458481637629096,1816.2165154568913,1.0569559,1.104416,0.0,True,1.0161346059299328,1.0634185146340367
63,154,173.34918,826,3935.8477,4.0008411,5,114.42067,0.8037428849618704,0.6092091196328037,875.3883979747812,0.953076,0.40341333,0.0,True,0.8485428194733092,0.5474703827429626
64,10831,217.16917,826,3141.6797,3.0747471,5,89.005524,1.0067873870669666,1.1535726943807074,2017.578100158462,1.0568665,0.98965883,0.0,True,1.0218111209468765,1.1043985350664953
65,1419,209.08319,826,3263.1797,2.0112555,4,90.247162,0.9693240071713252,0.8970553200536797,1517.7591566429905,1.0577796,1.0325307,0.0,True,0.9958606850199276,0.9376979340375757
66,38,172.31146,826,3959.5508,4.0222654,5,201.06613,0.7989338596739605,0.4422111539089839,635.6362045023754,0.94990492,0.6141963,0.0,True,0.8442251777717723,0.4938066977362887
67,5584,216.12413,826,3156.8711,2.9857421,4,61.172565,1.0019456225796823,1.0706791941265628,1864.72304521211,1.0461813,0.9776383,0.0,True,1.0152163258057776,1.0427669258885939
68,78766,295.45099,826,2309.2695,2.159868,4,138.50162,1.3693846913734922,1.4554959393660454,3330.9918995547846,1.1877921,1.2897184,0.0,True,1.3149069139614444,1.4057626775562317
69,3340,207.09203,826,3294.5547,2.1810799,4,21.465561,0.9600984539824154,1.0016157353686659,1680.4119760981387,1.0238041,0.93788558,0.0,True,0.9792101477876908,0.9824966887580662
70,0,176.53641,826,3864.7891,1.8048129,2,50.453953,0.8185129804308349,0.0,122.36571485767452,0.95348269,0.0,0.0,True,0.8590038933015843,0.0
71,11000,219.4442,826,3109.1094,3.0419481,5,48.479328,1.0173274751889039,1.1569907522348475,2042.1109361337494,1.051073,1.0424982,0.0,True,1.0274511326322329,1.1226429865643932
72,0,175.06952,826,3897.1719,2.0018144,3,66.994133,0.8117151928947953,0.0,121.34894418998296,0.9487673,0.0,0.0,True,0.8528308250263568,0.0
73,0,172.78448,826,3948.7109,2.0519748,3,46.797089,0.8011259621498666,0.0,119.76507515651626,0.94245005,0.0,0.0,True,0.8435231885049066,0.0
74,14977,220.67882,826,3091.7148,4.1366515,6,56.164799,1.0230474609160694,1.196192387143259,2121.695439879244,1.0538211,1.062444,0.0,True,1.0322795526412485,1.1560678710002814
75,55237,279.42581,826,2441.707,3.3134613,5,127.28014,1.2951704402117217,1.3996223402872825,3051.1690369136336,1.1866431,1.2885338,0.0,True,1.2626122381482052,1.3662957782010978
76,82915,322.34445,826,2116.6055,2.7071939,4,97.442444,1.493915252716216,1.4787315726037207,3650.7428157662,1.2142205,1.2607385,0.0,True,1.410006826901351,1.4133336508226046
77,29396,234.79004,826,2905.8984,2.9373794,5,230.27235,1.0884207890270394,1.2900269014469385,2415.6800404367327,1.0955355,1.2610407,0.0,True,1.0905552023189276,1.2813310410128569
78,2643,195.06859,826,3497.6211,3.3675406,4,144.6752,0.9043884982115538,0.9656098574674632,1537.223655579973,0.9791308,0.92954755,0.0,True,0.9268111887480877,0.9547911652272243
79,122,184.68964,826,3694.1758,3.166045,4,148.96512,0.8562950579727473,0.5857570628631751,890.2560670502306,0.96422064,0.36397368,0.0,True,0.888672732580923,0.5192220480042226
80,6888,205.46663,826,3320.6172,1.5416839,3,105.31408,0.952567473297395,1.0898864715993384,1815.8783995378162,0.99375969,1.0121052,0.0,True,0.9649251383081765,1.0665520901195369
81,6607,204.10596,826,3342.7539,1.6794058,3,129.26617,0.9462630631624245,1.0838633977071013,1795.3543216778269,0.97546005,1.0027766,0.0,True,0.9550221592136972,1.0595373583949708
82,2469,194.96886,826,3499.4102,2.5980551,4,113.87049,0.9039263868422117,0.9572081403061286,1523.1704727104445,0.97636729,0.89730495,0.0,True,0.9256586577895483,0.9392371832142901
83,2379,205.07388,826,3326.9766,1.345366,3,162.12517,0.9507477676287859,0.9585900183662485,1594.5059859093453,1.0185764,0.91526949,0.0,True,0.9710963573401501,0.945593859856374
84,1449,192.14644,826,3550.8125,2.2549579,3,134.34482,0.8908483267660383,0.8903520122059964,1398.8276689623165,0.98183423,0.88102758,0.0,True,0.9181440977362268,0.8875546825441976
85,9115,204.35049,826,3338.7539,1.7388679,4,75.057465,0.9473960566022135,1.1236756558385241,1863.246532040955,0.96557182,1.0111824,0.0,True,0.9528487856215495,1.089927679086967
86,2008,175.543,826,3886.6602,3.0466018,4,50.276302,0.8139093950503739,0.9200727613166501,1335.160748454868,0.91516095,0.7700448,0.0,True,0.8442848615352617,0.8750643729216551
87,441,191.35304,826,3565.5352,3.2845421,5,89.27858,0.8871719250137926,0.744667059027827,1166.0230999502376,0.9646703,0.45080349,0.0,True,0.9104214375096548,0.6565079883194789
88,2638,175.54318,826,3886.6562,2.042891,4,43.342628,0.8139102322644172,0.9530707540931286,1383.022946529223,0.91516095,0.90348834,0.0,True,0.844285447585092,0.93819602986519
89,1472,177.7717,826,3837.9336,1.4678881,3,119.50779,0.8242374479960971,0.8838774190106056,1296.9752266322635,0.95847136,1.0724727,0.0,True,0.864507621597268,0.9404560033074238
90,0,159.57121,826,4275.6836,0.53264225,1,4.0008574,0.7398904095988926,0.0,110.60633431003895,,,,False,0.7398904095988926,0.0
91,0,153.67604,826,4439.7031,1.6611705,2,34.517113,0.7125683549038804,0.0,106.52011384561737,0.89157867,0.0,0.0,True,0.7662714494327163,0.0
92,4404,191.5106,826,3562.6016,3.5211265,5,85.871895,0.8879020508037885,1.025847315273655,1606.9123056486685,0.99268228,1.0841208,0.0,True,0.9193361195626519,1.0433293606915583
93,4003,182.03413,826,3748.0664,3.7003772,6,16.673365,0.8439896080075984,1.0079289563082539,1510.0275109795225,0.97745216,0.93788403,0.0,True,0.8840283736053189,0.9869154784157778
94,17738,234.73135,826,2906.625,3.1385548,5,58.876133,1.088148891981079,1.226653884025576,2296.512297098151,1.0955175,1.2533604,0.0,True,1.0903594743867553,1.2346658388179033
95,0,165.12175,826,4131.957,2.4234788,3,34.447975,0.7656144151810155,0.0,114.45367546162414,0.93313903,0.0,0.0,True,0.8158717996267109,0.0
96,8,151.60846,826,4500.25,3.4605014,4,60.227364,0.7029856340581855,0.2611839889387581,349.0913799677841,0.88979256,0.25868767,0.0,True,0.7590277118407298,0.26043509325713066
97,705,182.61804,826,3736.082,2.9671082,3,14.138442,0.8466954633254342,0.797366943914728,1198.1625605859272,0.97983241,0.79719377,0.0,True,0.886636547327804,0.7973149917403096
98,15049,234.49689,826,2909.5312,1.7625552,4,112.32494,1.0870627355593736,1.2058920906385326,2255.672417023121,1.0952719,1.2529218,0.0,True,1.0895254848915614,1.2200010034469728
99,1467,181.41002,826,3760.9609,2.7249899,3,61.024609,0.8410975173668336,0.8856376860864597,1322.9030329764466,0.979056,0.79708272,0.0,True,0.8824850621567835,0.8590711962605218
100,0,159.92201,826,4266.3047,0.61470288,1,42.525997,0.7415161975054091,0.0,110.84949034097937,,,,False,0.7415161975054091,0.0
101,4389,229.15173,826,2977.3984,2.3707232,4,76.728912,1.0623007218297713,1.0484101665832677,1921.9671168494453,1.0910934,1.2490523,0.0,True,1.0709385252808399,1.1086028066082874
102,0,143.48271,826,4755.1094,1.1117076,2,309.23074,0.6653235830436158,0.0,99.45463589560026,,,,False,0.6653235830436158,0.0
103,2922,189.52214,826,3599.9805,2.5055933,4,28.721949,0.8786880081495348,0.9744611384085694,1512.5208249259563,0.97740829,0.95790339,0.0,True,0.9083040927046744,0.9694938138859985
104,1463,173.01057,826,3943.5508,0.74377906,2,50.251438,0.8021736967468435,0.8802417826365627,1261.1796713942638,0.93645877,0.94407439,0.0,True,0.8424592187227904,0.8993915648455939
105,0,162.0336,826,4210.707,0.32564938,1,218.44855,0.7513024454201219,0.0,112.31313299597795,,,,False,0.7513024454201219,0.0
106,0,222.40556,826,3067.7109,1.2679344,2,124.49094,1.031047279057603,0.0,154.15978685485575,,,,False,1.031047279057603,0.0
107,613,151.46227,826,4504.5938,2.1156392,3,82.341927,0.7023080427036636,0.7630570642026999,972.633485764523,0.87059456,0.54637849,0.0,True,0.7527939978925646,0.6980534919418899
108,473,149.90097,826,4551.5117,0.81973135,2,30.541393,0.695071689601339,0.7313983580487327,923.8868675401526,0.87145799,0.54057735,0.0,True,0.7479875797209373,0.6741520556341128
109,899,159.43822,826,4279.25,0.71344948,2,43.020947,0.7392740603651891,0.8134662201779106,1084.738768033715,0.90877694,0.79489738,0.0,True,0.7901249242556323,0.8078955681245374
110,1424,166.76913,826,4091.1406,0.6889227,2,72.265076,0.7732490476722118,0.8731098458140207,1211.1822532975914,0.93321168,0.84676629,0.0,True,0.8212378373705482,0.8652067790698146
111,1988,180.70039,826,3775.7305,2.9148674,4,74.95446,0.8378091213596273,0.9220899677540848,1372.5802705288077,0.97386843,0.87929189,0.0,True,0.8786269139517391,0.9092505444278594
112,8067,198.79407,826,3432.0742,4.3474946,5,183.72691,0.9216507526070536,1.104874566204375,1788.3086807601944,1.0040201,1.0096791,0.0,True,0.9463615568249375,1.0763159263430624
113,1479,170.07637,826,4011.5859,2.593848,4,153.93309,0.7885758894405289,0.8797385563611616,1241.6379155343514,0.92448699,0.95706248,0.0,True,0.8293492196083703,0.9029357334528131
114,0,164.27675,826,4153.2109,0.17311965,1,85.972908,0.7616982981389623,0.0,113.86796609405098,,,,False,0.7616982981389623,0.0
115,3710,173.72835,826,3927.2578,2.7696319,5,252.64238,0.8054999778682035,0.9930642282412758,1427.9299604062503,0.92177165,0.98480976,0.0,True,0.8403814795077424,0.9905878877688931
116,4407,153.41028,826,4447.3945,2.4693375,4,126.79251,0.7113365809524117,0.9988606166906221,1287.327512258653,0.80880237,0.93787646,0.0,True,0.7405763176666882,0.9805653696834356
117,2942,144.7569,826,4713.2539,1.3744261,3,209.31429,0.6712294052582123,0.9442489458280846,1156.2492823770199,0.78678656,0.90699762,0.0,True,0.7058965516807486,0.9330735480796593
118,0,123.28699,826,5534.0469,2.0536709,2,11.188791,0.5717106679386089,0.0,85.45602951822217,0.72581774,0.0,0.0,True,0.6179427895570262,0.0
119,6510,148.52797,826,4593.5859,2.9507217,4,10.934072,0.6887080646101003,1.0412873673133358,1304.2837991021909,0.79715031,0.8958559,0.0,True,0.7212407382270702,0.9976579271193351
120,0,122.75679,826,5557.9492,3.1798878,3,11.071464,0.5692528757166461,0.0,85.08852288308928,0.72441804,0.0,0.0,True,0.6158024250016523,0.0
121,0,140.0574,826,4871.4023,3.2873144,3,13.286884,0.649447116430028,0.0,97.08039192655649,0.77512735,0.0,0.0,True,0.6871511865010196,0.0
122,4350,214.51636,826,3180.5312,2.0624847,4,128.07848,0.9944967926593982,1.0387335122082662,1797.301894614225,1.0020195,0.96159828,0.0,True,0.9967536048615787,1.0155929425457864
123,15244,153.97897,826,4430.9688,3.8110714,6,53.306843,0.7139723318013125,1.1470702751323818,1483.1365952087485,0.80910194,0.99129641,0.0,True,0.7425112142609187,1.1003381155926673
124,1928,175.44496,826,3888.832,1.9550151,3,23.073122,0.8134550838839779,0.9150950488935169,1327.2894192217468,0.91789341,0.89278412,0.0,True,0.8447865817187846,0.9084017702254619
125,2379,193.94678,826,3517.8516,3.663516,4,268.00452,0.8991904860245999,0.9520474609338632,1507.9897140379012,0.96491522,0.91708052,0.0,True,0.9189079062172201,0.9415573786537041
126,8605,152.02783,826,4487.8359,2.7287197,5,120.89864,0.7049293429495865,1.077340868333212,1377.4224769213624,0.80601752,0.92348462,0.0,True,0.7352557960647106,1.0311839938332485
127,6828,203.42845,826,3353.8867,1.4708937,3,132.76079,0.9431239353040333,1.087471913710261,1796.086049676338,0.96061385,0.87375271,0.0,True,0.9483709097128233,1.0233561525971826
128,7100,203.77022,826,3348.2617,2.1596677,3,87.973984,0.944707415226239,1.0925083392771533,1807.0611502494899,0.94114721,0.82997096,0.0,True,0.9436393536583674,1.0137471254940074
129,795,191.5833,826,3561.25,4.0036445,5,268.67941,0.8882388468219927,0.8167058201181328,1279.9401861830695,0.96509147,0.49460697,0.0,True,0.9112946337753949,0.7200761650826929
130,21869,208.70244,826,3269.1328,2.5423799,4,56.32423,0.9675599446584577,1.234724764933343,2085.546126674648,0.93148321,1.0040656,0.0,True,0.9567369242609205,1.16552701545334
131,20784,198.20078,826,3442.3477,0.66885424,2,57.831642,0.9189017331027486,1.2206574911522252,1970.519084285077,0.90903491,0.99351072,0.0,True,0.9159416861719241,1.1525134598065576
132,19790,185.45483,826,3678.9336,2.722748,4,89.325241,0.8598408487831636,1.2048166658325608,1834.7107707494013,0.87859613,0.98208678,0.0,True,0.8654674331482146,1.1379977000827926
133,13920,244.88966,826,2786.0547,3.0615993,4,68.739777,1.1352062321225138,1.2026475428682584,2336.5474935906154,1.0753267,1.0562935,0.0,True,1.1172423724857596,1.158741330007781
134,12957,231.01295,826,2953.4102,1.1394444,3,54.412357,1.0709231060170483,1.1849083244134662,2187.587711904774,1.0392021,1.046814,0.0,True,1.0614068042119338,1.1434800270894263
135,11324,229.97935,826,2966.6836,2.8457286,4,20.6542,1.0661348588776742,1.1673989477538036,2146.824171953469,1.0299618,1.0324179,0.0,True,1.055282941214372,1.1269046334276624
136,17693,234.33611,826,2911.5273,2.8247461,5,54.831825,1.0863179730419774,1.226076632475095,2292.050254388505,1.0202066,1.0273505,0.0,True,1.0664845611293843,1.1664587927325665
137,6497,216.09792,826,3157.2539,2.5908356,5,132.59262,1.001824218983623,1.0894521716885905,1897.2108563454851,1.0049716,0.98747182,0.0,True,1.0027684332885363,1.0588580661820133
138,2170,213.17482,826,3200.5469,2.651994,4,94.186012,0.9882812554403078,0.9518000443189801,1637.9081966959868,0.9995026,0.91192454,0.0,True,0.9916476588082155,0.9398373930232861
139,0,210.39891,826,3242.7734,0.81903768,2,56.19825,0.9754200619798182,0.0,145.83741125938568,0.99368566,0.0,0.0,True,0.9808997413858727,0.0
140,320,188.42564,826,3620.9297,4.150424,4,116.06213,0.8736070895713117,0.7042367057599496,1088.0735706821943,0.94281006,0.77006501,0.0,True,0.8943679806999183,0.7239851970319647
141,9,185.10989,826,3685.7891,3.5484948,4,99.194931,0.8582424279464532,0.28035676203806886,443.8741301792264,0.89783323,0.17046927,0.0,True,0.8701196685625173,0.24739051442664822
142,266,188.82756,826,3613.2227,4.0090513,4,205.11157,0.8754694616568063,0.6819385195185632,1055.7324295216326,0.94319743,0.57526708,0.0,True,0.8957878521597644,0.6499370876629943
143,781,195.67743,826,3486.7383,1.2683679,3,44.998672,0.907209655404209,0.8166457559030892,1303.8246817004515,0.90622085,0.747998,0.0,True,0.9069130137829463,0.7960514291321624
144,483,186.21706,826,3663.875,1.3500761,3,61.078545,0.8633728839467973,0.7532610316679287,1151.5940250726387,0.89357078,0.69152856,0.0,True,0.8724322527627582,0.7347412901675501
145,11367,161.59361,826,4222.1719,1.1418312,3,53.987335,0.749263322105444,1.1185488500712166,1509.0654602064744,0.86749202,0.99001235,0.0,True,0.7847319314738108,1.0799879000498516
146,9955,155.65916,826,4383.1406,0.29893896,2,95.073662,0.7217595419719189,1.0977469165069735,1433.0030680202851,0.85172033,0.97464305,0.0,True,0.7607477783803432,1.0608157565548815
147,8544,153.00978,826,4459.0352,0.3068952,2,63.582508,0.7094804073589165,1.0773192284220117,1385.230988757274,0.84449506,0.95669949,0.0,True,0.7499848031512415,1.041133306895408
148,7131,147.47069,826,4626.5195,1.6893034,3,79.938675,0.6838076561929717,1.0511999939399135,1308.431806786698,0.82896543,0.9327203,0.0,True,0.7273549883350802,1.0156560857579393
149,1435,194.76537,826,3503.0664,1.7196743,4,87.680183,0.9029834844037378,0.8906388245656314,1416.0051792729491,0.90765738,0.82332432,0.0,True,0.9043856530826164,0.870444473195942
150,440,189.51843,826,3600.0508,3.5393798,4,38.308285,0.8786708590946206,0.7435152271509593,1154.4154854948504,0.89649034,0.48463011,0.0,True,0.8840167033662344,0.6658496920056716
151,1795,205.26549,826,3323.8711,3.7361324,4,51.39875,0.9516355191692383,0.9239844101480298,1538.2336953688318,0.93886799,0.86450672,0.0,True,0.9478052604184668,0.9061411031036208
152,0,208.093,826,3278.707,1.9949803,2,209.25902,0.9647362812157458,0.0,144.23907624426067,,,,False,0.9647362812157458,0.0
153,7455,216.23116,826,3155.3086,4.0842357,6,89.272346,1.0024414689582342,1.1066027090088546,1928.113461550817,1.0587375,1.1123139,0.0,True,1.0193302782707638,1.1083160663061982
154,0,273.08194,826,2498.4297,2.0253439,3,151.4575,1.2657892645166011,0.0,189.28597677284012,,,,False,1.2657892645166011,0.0
155,42925,278.5835,826,2449.0898,3.9833455,6,113.15466,1.291269324746268,1.3667711198358012,2971.721589203772,1.1887141,1.2945781,0.0,True,1.2605027573223877,1.3451132138850608
156,4459,219.3932,826,3109.832,4.0483761,6,39.302387,1.0170912410883575,1.0447100531825615,1843.5891935151424,1.0518769,0.96861178,0.0,True,1.0275269387618502,1.021880571227793
157,3471,209.06816,826,3263.4141,3.0034285,4,94.583351,0.9692544265483712,1.0075435223309537,1704.4854701029467,1.0577793,1.042037,0.0,True,0.9958118885838599,1.0178915656316676
158,40405,278.34244,826,2451.2109,3.0997007,5,120.37939,1.290152864940583,1.3588689091965653,2952.3109902400274,1.1893429,1.2988477,0.0,True,1.259909875458408,1.3408625464375956
159,2858,220.21918,826,3098.168,4.2762556,6,54.555897,1.0209179215250481,0.989886615264613,1752.6312797248354,1.0522563,0.92028624,0.0,True,1.0303194350675338,0.969006502685229
160,2833,195.66647,826,3486.9336,4.1842232,6,118.6591,0.9071588725387224,0.9744786947825073,1555.5087585022166,0.96136653,0.83145523,0.0,True,0.9234211697771058,0.931571655347755
161,37076,277.88675,826,2455.2305,2.0204389,4,77.912109,1.2880424001486492,1.3475709691769147,2923.585106229426,1.1900389,1.3022251,0.0,True,1.2586413501040545,1.3339672084238403
162,49709,278.69818,826,2448.082,4.0508642,6,96.423286,1.2918004666531429,1.38564412019704,3013.836966941079,1.1883212,1.2924865,0.0,True,1.2607566866572,1.357696834137928
163,0,184.21999,826,3703.5938,1.7746971,2,38.907658,0.854118730158299,0.0,127.69156667128131,0.96693391,0.0,0.0,True,0.8879632841108094,0.0
164,5828,223.51871,826,3052.4336,3.0159235,5,37.718662,1.0362042477985005,1.08049220696725,1938.0798345828507,1.0565326,0.99384773,0.0,True,1.0423027534589502,1.054498863877075
165,3120,233.72932,826,2919.0859,3.2026122,4,44.555058,1.0835070173521653,1.008252545792069,1880.6396563585593,1.0762521,0.93635809,0.0,True,1.0813305421465156,0.9866842090544483
166,210,192.13609,826,3551.0039,4.1130667,5,98.842957,0.8908003368469327,0.6545950764685377,1029.1935425631464,0.95330077,0.39135414,0.0,True,0.9095504667928529,0.5756227955279763
167,1282,221.76485,826,3076.5742,1.5218308,3,77.218147,1.0280788655145832,0.8909946874259016,1587.3341360043578,1.0493466,0.85633332,0.0,True,1.0344591858602081,0.880596277198131
168,705,200.78983,826,3397.9609,2.0685985,3,71.842567,0.9308980791333411,0.806660827654891,1317.3882320301598,0.9932133,0.78478175,0.0,True,0.9495926453933388,0.8000971043584237
169,86190,322.66241,826,2114.5195,1.9772559,4,87.06073,1.4953876262129717,1.4839801645133346,3666.8429592516636,1.2146479,1.2620211,0.0,True,1.4111657083490803,1.417392445159334
170,241,231.91814,826,2941.8828,3.3009796,4,69.981094,1.075116533490554,0.6871630522499054,1273.9405928452552,1.0719126,0.73723406,0.0,True,1.0741553534433879,0.7021843545749338
171,1930,232.87175,826,2929.8359,2.9954138,4,78.784019,1.0795341822980153,0.947652025931054,1761.9800870543393,1.0738387,0.8986457,0.0,True,1.0778255376086108,0.9329501281517378
172,4895,222.91507,826,3060.6992,2.0306544,4,212.68692,1.0334077440378295,1.0583995732875302,1893.9707081416855,1.0527142,0.96424311,0.0,True,1.0391996808264807,1.0301526343012712
173,10817,204.1353,826,3342.2734,1.944242,4,89.553764,0.9463990207674007,1.1446234216498594,1896.224871544106,0.96177697,0.99875164,0.0,True,0.9510124055371805,1.1008618871549016
174,4346,173.07126,826,3942.168,2.0985847,4,123.67625,0.8024549336991896,1.011713951914363,1449.89950454686,0.89896548,0.96160376,0.0,True,0.8314080975894328,0.996680894340054
175,0,144.89272,826,4708.8359,1.9963036,2,104.4013,0.6718589095702666,0.0,100.4319803516616,0.83366579,0.0,0.0,True,0.7204009736991867,0.0
176,1421,233.18326,826,2925.9219,2.9836314,4,36.870888,1.0809772866340683,0.9094794791413845,1693.0323287262615,1.0738456,0.87431192,0.0,True,1.0788377806438478,0.8989292113989691
177,0,182.41379,826,3740.2656,0.98882103,1,45.660374,0.8457489150258243,0.0,126.43960423375394,0.9641788,0.0,0.0,True,0.881277880518077,0.0
178,419,164.20895,826,4154.9258,2.8395987,4,56.292309,0.7613840667876405,0.7248794260127159,992.2543928545084,0.89126438,0.79378533,0.0,True,0.8003481607513483,0.7455511972089012
179,5109,167.17569,826,4081.1914,2.7490726,4,36.042732,0.7751331644503526,1.0269487551181053,1427.5383532408348,0.89424706,0.95904005,0.0,True,0.810867333115247,1.0065761435826737
180,4443,174.96272,826,3899.5508,2.8659501,4,13.948215,0.8112202642442758,1.0157115034113913,1469.605516220585,0.86593056,0.92652321,0.0,True,0.8276333529709932,0.9889550153879739
181,3675,158.03014,826,4317.3789,2.8243673,4,40.639404,0.7327481900090927,0.9807052916108134,1297.4041369993874,0.81394428,0.92817283,0.0,True,0.7571070170063648,0.9649455531275695
182,3340,155.11713,826,4398.457,2.4269681,3,27.141981,0.7192473579308843,0.9671423581228921,1258.6707607722608,0.83477181,0.93936014,0.0,True,0.753904693551619,0.9588076926860245
183,4766,181.53145,826,3758.4453,3.8821321,5,26.098392,0.8416601807606311,1.0287776762131342,1537.5136923927162,0.87096089,0.87961966,0.0,True,0.8504503935324417,0.984030271349194
184,550,143.17068,826,4765.4727,4.4351425,5,69.952866,0.6638773350371708,0.7452063462860201,903.9149669981632,0.8017804,0.82247108,0.0,True,0.7052482545260196,0.768385766400214
185,235,191.15054,826,3569.3125,3.9935884,5,87.213921,0.8862335824542001,0.6678710296548589,1045.2226487304567,0.96552527,0.70379573,0.0,True,0.9100210887179401,0.6786484397584012
186,87981,322.6499,826,2114.6016,2.0227022,4,71.557152,1.4953296222295522,1.4866582584365675,3673.336489330156,1.2146477,1.2628337,0.0,True,1.4111250455606865,1.4195108909055973
187,2975,233.24959,826,2925.0898,3.9973857,6,70.04084,1.0812845820235735,1.002033279546817,1865.6868155016718,1.0738471,0.93043989,0.0,True,1.0790533374165014,0.9805552626827718
188,4227,233.24336,826,2925.168,4.010253,5,79.686737,1.081255695244846,1.04602180031325,1947.5169431940972,1.0738469,0.95947653,0.0,True,1.0790330566713922,1.020058219219275
189,89813,322.65347,826,2114.5781,1.9816962,4,15.577646,1.495346224615319,1.4893515254826548,3680.026500422433,1.2146478,1.2635398,0.0,True,1.4111366972307233,1.4216080078378583
190,1696,218.04921,826,3129.0,3.168159,5,301.03613,1.0108646026631956,0.923869141551494,1621.6769729032553,1.0456612,0.89220351,0.0,True,1.0213035818642369,0.9143694520860459
191,9,237.08759,826,2877.7383,3.9986718,4,130.78995,1.099064130562998,0.28905879452013344,568.5112113001583,1.0755965,0.17278002,0.0,True,1.0920238413940986,0.2541751621640934
192,93378,322.62906,826,2114.7383,2.0384629,4,69.089378,1.4952330531074463,1.4944197442941067,3692.306489553677,1.2146473,1.2651161,0.0,True,1.4110573271752125,1.4256286510058747
193,5114,222.9071,826,3060.8086,2.0195653,4,83.010773,1.033370831901956,1.0638460421886602,1903.655202375503,1.052714,0.94975287,0.0,True,1.0391737823313694,1.029618090532062
194,1006,237.45374,826,2873.3008,3.9831023,4,130.61609,1.100760334688623,0.8682201020030282,1642.1643976832036,1.0761322,0.82111496,0.0,True,1.093371894282036,0.8540885594021197
195,7360,240.26447,826,2839.6875,3.0084171,4,54.887009,1.1137808330220917,1.119641026724857,2139.3357232114813,1.0579888,1.0651551,0.0,True,1.097043223115464,1.1032952487074
196,34243,277.74445,826,2456.4883,1.9975286,4,40.37849,1.2873834180697405,1.3373022972432906,2900.011972487835,1.1902781,1.3041222,0.0,True,1.2582518226488184,1.3273482680703035
197,4584,196.61491,826,3470.1133,3.940546,5,111.03587,0.9115535114993124,1.034066637471913,1657.613799591189,0.95893258,0.65193331,0.0,True,0.9257672320495187,0.9194266392303391
198,30077,277.73959,826,2456.5312,2.008028,4,36.845104,1.2873609539461879,1.3206853354576802,2863.9347049194516,1.1902778,1.3048279,0.0,True,1.2582360077623316,1.3159281048203761
199,28861,277.58203,826,2457.9258,3.0246406,5,75.958534,1.286631113401252,1.3153042876418997,2850.855102128841,1.1905181,1.3061999,0.0,True,1.2577972093808762,1.3125729713493297
200,2931,217.53839,826,3136.3477,2.9964111,4,48.866158,1.0084979019177722,0.9915136357895328,1736.7788798578335,1.0559628,0.96931106,0.0,True,1.0227373713424406,0.9848528630526729
201,7167,276.68893,826,2465.8594,2.9978602,5,65.36985,1.2824948904862512,1.1364486767238313,2456.3119121185955,1.1920156,1.312959,0.0,True,1.255351103340376,1.189401773706682
202,24676,273.23059,826,2497.0703,2.9791963,5,49.055653,1.2664778061419344,1.292629229488048,2763.3633210005687,1.1187937,1.16738,0.0,True,1.2221725742993539,1.2550544606416336
203,344,206.29001,826,3307.3633,3.9947567,4,112.72072,0.9563824772391915,0.7209968025096816,1206.0619133710456,0.99912673,0.45802447,0.0,True,0.9692057530674341,0.642105102756777
204,1065,216.9895,826,3144.2812,3.0508733,5,285.1131,1.005954925751222,0.8655840462303812,1512.9823441668418,1.0400964,0.85292417,0.0,True,1.0161973680258554,0.8617860833612668
205,96000,323.20816,826,2110.9492,2.0134609,4,82.903175,1.4979144178849475,1.4983861923462396,3707.8841874469445,1.2155064,1.2659866,0.0,True,1.4131920125194632,1.4286663146423675
206,556,191.46568,826,3563.4375,4.0076623,5,269.879,0.8876938863571344,0.7729937604748436,1210.897689296432,0.96633339,0.7816419,0.0,True,0.9112857374499941,0.7755882023323905
207,4962,223.05371,826,3058.7969,3.0445986,5,85.81768,1.0340500119228642,1.0601747898976177,1898.1797439657919,1.0506445,0.92110145,0.0,True,1.039028358346005,1.0184527879283325
208,11680,271.55136,826,2512.5117,3.0135417,4,44.991817,1.258700474902728,1.1960973112912385,2543.2969425717847,1.0792072,1.0440166,0.0,True,1.2048524924319095,1.1504730979038669
209,1,173.84749,826,3924.5664,3.9834917,4,112.36982,0.8060520945064027,0.08375616270481145,190.9909888681063,0.94141084,0.051497061,0.0,True,0.8466597181544819,0.07407843219336802
210,11762,271.39398,826,2513.9688,2.0178983,4,44.18494,1.257971510194588,1.1969021817152943,2543.7213056797086,1.0781723,1.0396566,0.0,True,1.2040317471362116,1.149728507200706
211,3343,218.32532,826,3125.043,2.979774,4,80.673378,1.012143763593422,1.0082950764153955,1771.758434030702,1.0453055,0.8061167,0.0,True,1.0220922845153955,0.9476415634907769
212,11576,271.37711,826,2514.125,3.0342445,5,43.486763,1.2578934158431976,1.1948573372342253,2539.2381749152673,1.0781721,1.0351113,0.0,True,1.2039770210902383,1.1469335260639577
213,13683,271.35098,826,2514.3672,2.9999785,5,44.351627,1.257772343773383,1.2161946626547933,2584.3618264616903,1.0774909,1.0284921,0.0,True,1.203687910641368,1.1598838938583553
214,102983,323.80014,826,2107.0898,2.0197074,4,119.7842,1.5006554348413546,1.5079169574330464,3737.410862876799,1.2163727,1.2709178,0.0,True,1.415370614388948,1.4368172102031327
215,12976,240.33026,826,2838.9102,3.0072455,5,366.44409,1.1140855740313318,1.1909781031662057,2276.17051090171,1.0579914,1.0628439,0.0,True,1.0972573218219321,1.152537842216344
216,2377,217.51021,826,3136.7539,3.014082,5,372.04407,1.0083673877517016,0.9654883154117461,1691.0191004774535,1.0559617,0.94512951,0.0,True,1.022645681426191,0.9593806737882222
217,3042,220.98875,826,3087.3789,3.373095,4,413.40897,1.0244832936932615,0.9980774340888248,1772.5347904580901,1.0601603,0.98449212,0.0,True,1.0351863955852831,0.9940018398621773
218,26898,273.23273,826,2497.0508,3.0758803,5,371.62277,1.266487688420926,1.303650040672722,2786.941485842811,1.1187937,1.1681284,0.0,True,1.2221794918946483,1.2629935484709054
219,1295,217.10547,826,3142.6016,3.058008,4,83.58577,1.00649222812151,0.8898995607768948,1556.1705818313383,1.039968,0.72221881,0.0,True,1.016534959685057,0.8395953355438264
220,9350,268.10339,826,2544.8242,3.0915766,5,100.04479,1.2427308767281486,1.165784059056606,2451.3619253362813,1.0702206,0.98940504,0.0,True,1.1909777937097041,1.1128703533396243
221,9217,267.74954,826,2548.1875,4.018096,6,114.68596,1.2410919083159437,1.1637618180346183,2444.2914012012725,1.0696694,0.983338,0.0,True,1.1896651558211606,1.109634672624233
222,8674,267.75116,826,2548.1719,4.0670333,6,115.15413,1.241099500366413,1.1560230026425877,2428.0520939601583,1.0696692,0.97674137,0.0,True,1.189670410256489,1.1022385128498113
223,6096,265.90869,826,2565.8281,3.6047382,5,86.693596,1.2325657901081717,1.1100910032588376,2317.5846578882147,1.069283,0.97035861,0.0,True,1.1835809530757202,1.0681712852811862
224,8034,233.29352,826,2924.5391,2.7532301,4,82.856514,1.0814880521973773,1.1264915144536791,2097.7022470306106,1.0402557,0.95113546,0.0,True,1.069118346538164,1.0738846981175754
225,22338,246.5103,826,2767.7383,2.243609,5,73.807961,1.1427134003737702,1.263309534332629,2468.587194482565,1.0753587,1.0948581,0.0,True,1.1225069902616391,1.2127741040328404
226,632,188.52286,826,3619.0625,3.4227958,3,54.774971,0.8740575648551953,0.7871420038023105,1216.3587217505155,0.95921952,0.79606706,0.0,True,0.8996061513986366,0.7898195206616173
227,34,140.80214,826,4845.6367,3.0496447,2,20.455772,0.6528989829082005,0.41894394791869266,504.5671352651486,0.830217,0.26169917,0.0,True,0.7060943880357403,0.37177051454308485
228,10,135.82098,826,5023.3477,2.6148081,2,18.277651,0.6298105643393521,0.28136223544048755,337.502456382723,0.81877589,0.17632224,0.0,True,0.6865001620375465,0.24985023680834129
229,598,164.16219,826,4156.1094,4.2283492,4,27.15596,0.7611673398825114,0.7674569102873803,1050.1339814762275,0.90396899,0.79251212,0.0,True,0.804007834917758,0.7749734732011662
230,4533,224.38272,826,3040.6797,3.3761301,4,65.99823,1.0402071144519305,1.049687839558436,1889.208343007384,1.0451241,0.95570302,0.0,True,1.0416822101163514,1.021492393690905
231,3337,194.25719,826,3512.2305,2.2025397,4,54.061939,0.900628763804328,0.9936639119863544,1576.091460346596,0.97720259,0.92335963,0.0,True,0.9236009116630295,0.9725726273904481
232,22855,246.69727,826,2765.6406,2.0149062,4,72.147972,1.1435795062908332,1.2663168647784384,2476.1036308466564,1.0758411,1.0999057,0.0,True,1.1232579844035833,1.2163935153449068
233,426,179.68541,826,3797.0586,4.9470272,5,27.225033,0.8331056201498092,0.7347994321200915,1088.7360356386253,0.94103843,0.44695458,0.0,True,0.8654854631048665,0.648445976484064
234,54,175.7953,826,3881.082,4.3904552,5,20.683929,0.8150786079043568,0.48487680574972675,707.6379080782929,0.93401647,0.28744075,0.0,True,0.8507599665330497,0.42564598902480877
235,65,180.89185,826,3771.7344,3.5885649,4,28.932951,0.8386962980061516,0.5086949185939798,760.5946266029777,0.9533186,0.31155947,0.0,True,0.8730829886043061,0.4495542840157858
236,439,183.0034,826,3728.2148,2.3180845,4,68.793739,0.8484811842305878,0.7400793679568561,1114.3159149593494,0.95329535,0.45057979,0.0,True,0.8799254339614115,0.6532294945697993
237,32452,236.53564,826,2884.4531,2.2356138,4,187.12463,1.0965073608639146,1.3036368660422923,2457.0326423449137,0.98554301,1.0311009,0.0,True,1.0632180556047401,1.2218760762296046
238,32650,236.86958,826,2880.3867,1.1198992,3,54.117233,1.0980542863795706,1.3046309764403008,2461.942207773088,0.97711551,1.028402,0.0,True,1.0617726534656995,1.2217622835082105
239,4061,234.80235,826,2905.7461,2.5410957,3,215.88429,1.0884777976104811,1.041872524070159,1951.1316629186235,1.0775008,0.95694065,0.0,True,1.0851846983273368,1.0163929618491112
240,2723,204.52589,826,3335.8906,1.1053398,2,20.045004,0.9482087492437485,0.974913431916414,1617.8455437931837,1.0131015,0.92225212,0.0,True,0.967676574470624,0.9591150383414899
241,1411,182.66255,826,3735.1719,1.2645959,3,55.73177,0.8469016560192122,0.8816499027604092,1324.9373964506317,0.95600903,0.86674726,0.0,True,0.8796338682134486,0.8771791099322865
242,12353,271.35858,826,2514.2969,2.0131009,4,53.881432,1.2578074832657729,1.2031421563701055,2556.6906429162987,1.077491,1.0230086,0.0,True,1.203712538286041,1.1491020894590738
243,12705,270.99817,826,2517.6406,1.998378,4,35.708286,1.2561383043829606,1.2065252585909076,2560.907856429737,1.0762371,1.0098493,0.0,True,1.2021679430680723,1.1475224710136354
244,9370,270.51129,826,2522.1719,2.065444,4,77.257088,1.2538833313763083,1.1673857405882873,2473.956079288807,1.0756938,1.00327,0.0,True,1.2004264719634157,1.118151018411801
245,24290,246.89709,826,2763.4023,3.0125055,4,79.189308,1.1445051126696704,1.2741293624649432,2493.1427070517534,1.076324,1.1057495,0.0,True,1.1240507788687693,1.2236154037254603
246,8968,269.15237,826,2534.9062,2.1694186,4,14.520695,1.2475893160489993,1.161043440191574,2449.728233941536,1.0730711,0.99355644,0.0,True,1.1952338512342995,1.1107973401341018
247,117313,324.43588,826,2102.9609,2.0193243,4,80.763504,1.5035989841609245,1.5253274097072,3787.0160614919046,1.217678,1.2786174,0.0,True,1.417822688912647,1.45131440679504
248,465,209.1891,826,3261.5273,4.018352,5,322.69431,0.9698147985274906,0.7593973752865294,1285.7450857154247,0.97449255,0.47053829,0.0,True,0.9712181239692435,0.6727396497005707
249,293,226.27979,826,3015.1875,4.0429287,5,323.47836,1.0489958184363635,0.70934694000938,1286.8475893677496,0.97939712,0.45148674,0.0,True,1.0281162089054545,0.6319888800065661
250,2484,222.90143,826,3060.8867,4.017045,6,321.76953,1.0333444821639879,0.973913025134217,1742.7392879998383,1.0493602,0.8953315,0.0,True,1.0381491975147914,0.9503385675939517
251,1347,227.44221,826,2999.7773,3.9875598,5,320.93866,1.0543810398387867,0.8999767307149554,1639.2030403885642,0.97797883,0.59097785,0.0,True,1.0314603768871506,0.8072770665004687
252,0,11.405941,3,0.7890625,0.79026914,2,19.976267,1.3399458846284555,0.0,7.9059958457830835,0.88274008,0.0,0.0,True,1.202784143239919,0.0
253,0,4.5354333,3,1.984375,1.9817022,2,21.064548,0.9379621192399189,0.0,3.143722804512689,,,,False,0.9379621192399189,0.0
254,0,114.06742,826,5981.3398,1.8483279,2,92.298042,0.5289716407111736,0.0,79.06551056674711,0.97178483,0.0,0.0,True,0.6618155974978216,0.0
255,10136,133.55977,826,5108.3945,2.0576229,3,70.71315,0.6193293044085864,1.0801852193005081,1231.9614647713688,1.0408326,0.91249073,0.0,True,0.7457802930860105,1.0298768725103558
256,11568,154.18817,826,4424.957,1.1248279,2,76.407013,0.7149419050012153,1.1143908830998372,1442.6108569721441,0.95196247,0.88502467,0.0,True,0.7860480745008507,1.045581019169886
257,12996,162.5354,826,4197.707,1.7089652,3,36.877556,0.7536280676100655,1.1353787147791707,1539.6248297963803,0.92678708,0.85484284,0.0,True,0.8055757713270459,1.0512179523454195
258,0,130.53932,826,5226.5938,0.86162621,1,36.933144,0.6053285437737516,0.0,90.48296161021248,,,,False,0.6053285437737516,0.0
259,1466,151.10481,826,4515.25,1.6178207,3,62.83868,0.7006512969037502,0.8663353983658485,1101.804326072627,0.88705468,0.8755784,0.0,True,0.7565723118326251,0.8691082988560939
260,5495,182.85492,826,3731.2422,2.1821923,3,86.337067,0.847793124951407,1.0469862059468769,1574.7388486855396,0.91386014,0.61033785,0.0,True,0.867613229465985,0.9159916991628138
261,6205,194.78275,826,3502.7539,1.6308639,3,46.150196,0.9030639985701894,1.0699705611180332,1701.1220901387087,0.94282919,0.86544198,0.0,True,0.9149935559991327,1.0086119867826233
262,2656,159.4436,826,4279.1055,2.5879714,4,40.541321,0.7392990130559656,0.9429280386732101,1257.265281094979,0.87525105,0.78561443,0.0,True,0.7800846241391759,0.8957339560712471
263,2033,195.30066,826,3493.4648,2.9525509,5,59.650604,0.9054638659037463,0.9336052952544766,1487.849467461043,0.98438108,0.83905178,0.0,True,0.9291390301326223,0.9052392406781335
264,2180,236.68597,826,2882.6211,4.0532122,4,336.1275,1.0972037439989835,0.9648626500536988,1819.6410666849824,1.0809035,0.86006969,0.0,True,1.0923136707992884,0.9334247620375891
265,617,189.24596,826,3605.2344,2.1543753,3,90.151978,0.8774082080550313,0.7845817333115839,1216.4929533102581,0.96894681,0.69159412,0.0,True,0.904869788638522,0.7566854493181087
266,745,222.25699,826,3069.7617,2.988369,4,33.030701,1.0303589210512214,0.8237175735324176,1470.4667336914129,1.0495927,0.7162649,0.0,True,1.0361290547358548,0.7914817714726923
267,1443,190.78201,826,3576.207,4.3956676,6,89.778496,0.8845259849244232,0.8890705483236072,1388.1040729801148,0.97607565,0.825508,0.0,True,0.9119908844470963,0.870001783826525
268,1674,236.76907,826,2881.6094,2.1637812,3,248.46245,1.0975886924693983,0.9317727554110414,1757.8127091186097,1.0818654,0.86618996,0.0,True,1.0928717047285788,0.912097916787729
269,1133,228.86438,826,2981.1367,2.4287872,4,106.24756,1.0609695060030153,0.8790711994327869,1609.9208322595953,1.0650057,0.82282966,0.0,True,1.0621803642021108,0.8621987376029507
270,120565,325.72037,826,2094.668,1.9822003,4,39.808807,1.5095461326917115,1.5296892048779434,3810.9155913760846,1.2203612,1.2804968,0.0,True,1.4227906528841978,1.4549314834145604
271,1629,232.01642,826,2940.6367,4.0412588,5,33.168369,1.0755718063797906,0.9260002383983693,1716.2135337041302,1.0791322,0.9396773,0.0,True,1.0766399244658533,0.9301033568788586
272,1431,184.69629,826,3694.043,2.2816434,4,17.700157,0.8563258249264052,0.8845492483898606,1342.2849840005263,0.9522323,0.88919806,0.0,True,0.8850977674484837,0.8859438918729025
273,122927,325.43634,826,2096.4961,2.0984774,4,42.157215,1.5082310950868414,1.5320513303053818,3813.906351889458,1.2212811,1.2843684,0.0,True,1.4221460965607888,1.4577464512137672
274,3859,233.41106,826,2923.0664,3.3204026,5,149.5117,1.0820325552057435,1.0347066545496513,1927.6676022454212,1.0820622,0.99081308,0.0,True,1.0820414486440204,1.0215385821847558
275,120344,324.83353,826,2100.3867,2.0283186,4,80.456009,1.5054400177372058,1.5289051169937096,3799.9436299665763,1.2185557,1.2800596,0.0,True,1.4193747224160442,1.4542514618955966
276,3892,227.5907,826,2997.8203,3.9846961,5,320.57492,1.0550688889392694,1.032509810941451,1881.5360566308273,0.97703028,0.66168743,0.0,True,1.0316573062574885,0.9212630966590157
277,2163,246.94072,826,2762.9141,4.0682678,5,322.05289,1.1447071975720569,0.969033577260818,1896.5481023758728,0.97615892,0.68747669,0.0,True,1.0941427143004399,0.8845665110825727
278,13119,264.14493,826,2582.9609,4.0128002,5,46.407963,1.2243964970373307,1.2066774141781915,2504.6141114915295,1.0788007,1.0387857,0.0,True,1.1807177579261314,1.156309899924734
279,13434,264.1637,826,2582.7773,4.0244675,6,42.556732,1.2244834674687315,1.2097076758840812,2511.059020929331,1.0788009,1.0362293,0.0,True,1.180778697228112,1.157664163118857
280,13239,263.79663,826,2586.3711,4.0520148,6,47.232296,1.2227833446828649,1.2076335617042622,2503.7131662214206,1.0762541,1.0339986,0.0,True,1.1788245712780054,1.1555430731929837
281,14112,263.72931,826,2587.0312,4.015337,6,41.522835,1.2224715835554496,1.2157188844109539,2519.913115802804,1.0762516,1.0293571,0.0,True,1.1786055884888147,1.1598103490876677
282,14251,263.53314,826,2588.957,4.0199308,6,91.11161,1.2215629479526158,1.21685083034464,2520.6214036867427,1.0749598,1.028671,0.0,True,1.177582003566831,1.160396881241248
283,256,223.01042,826,3059.3906,3.0191989,4,89.132584,1.0338494770770073,0.6913055771493672,1238.3678492763956,1.0484556,0.83373964,0.0,True,1.038231313953905,0.734035796004557
284,31,190.30455,826,3585.1797,2.9912839,3,41.393059,0.8823134985232174,0.4234045707520879,665.4012980564759,0.94492507,0.25755659,0.0,True,0.9010969699662521,0.37365017652646154
285,13763,263.32733,826,2590.9805,4.0041018,6,90.481873,1.220609669428083,1.2122978983570947,2509.4790188890797,1.0747049,1.0272827,0.0,True,1.176838238599658,1.1567933388499663
286,1753,217.03345,826,3143.6445,3.0673108,5,202.77887,1.0061585379207554,0.9274359222124641,1621.2885164876384,1.0545707,0.90926909,0.0,True,1.0206821865445286,0.9219858725487249
287,14092,240.81038,826,2833.25,4.0305829,6,320.1662,1.1163096978885338,1.201653768832953,2300.583037872213,1.0573634,1.0600828,0.0,True,1.0986258085219736,1.159182478183067
288,3723,208.8839,826,3266.293,1.8813621,4,46.737495,0.9684006516363329,1.0160923518197305,1717.6151556906675,0.9727748,0.889826,0.0,True,0.9697128961454331,0.9782124462738113
289,30700,273.67456,826,2493.0195,2.9309525,5,241.66566,1.2685340018137998,1.320819838907897,2827.628290264167,1.119048,1.1688035,0.0,True,1.22368820126966,1.275214937235528
290,0,171.70943,826,3973.4336,2.0414829,2,16.865385,0.7961438648952571,0.0,119.01990728005528,0.94673216,0.0,0.0,True,0.84132035342668,0.0
291,1445,205.11603,826,3326.293,1.6400784,3,75.049294,0.9509430422557346,0.8971756023027943,1492.6801630131752,0.96953273,0.83499968,0.0,True,0.9565199485790141,0.8785228256119559
292,1343,201.2588,826,3390.043,2.0916324,3,107.59177,0.9330710344587216,0.8860841481790767,1449.8984415360028,0.9579761,0.84313041,0.0,True,0.9405425541211051,0.8731980267253536
293,366,216.63988,826,3149.3555,3.0989618,4,118.42361,1.0043351411601977,0.7330475817854071,1279.9263787549646,1.0510836,0.4341701,0.0,True,1.0183596788121383,0.6433843372497849
294,2156,193.93127,826,3518.1328,3.0430841,4,225.0755,0.8991186556764181,0.9399911704920695,1488.7981703986754,0.91897601,0.80065823,0.0,True,0.9050758619734927,0.8981912883444486
295,2564,211.51746,826,3225.625,2.7390995,4,24.017269,0.9806024773443215,0.9715218767529963,1660.4339626125343,0.99902141,0.91377521,0.0,True,0.9861281571410251,0.9541978767270973
296,11805,263.26779,826,2591.5664,2.9939785,5,45.738316,1.2203339274207383,1.1927432634768766,2468.516704811635,1.0742171,1.0169868,0.0,True,1.1764988791945168,1.1400163244338137
297,706,183.8564,826,3710.918,1.937171,4,82.307617,0.852433873018059,0.7981941911603562,1206.54734626779,0.95002443,0.79463559,0.0,True,0.8817110401126412,0.7971266108122493
298,542,184.15706,826,3704.8594,4.1589828,5,99.055908,0.853827116005119,0.7662385499812011,1159.9959743902045,0.95594573,0.70108175,0.0,True,0.8844627002035832,0.7466915099868408
299,7781,242.16962,826,2817.3477,2.1039755,4,102.67714,1.1226061513939787,1.1277535967840318,2169.7664533942393,1.1004835,1.0409198,0.0,True,1.115969355975785,1.101703457748822
300,2126,192.97566,826,3535.5547,3.1455796,4,92.371857,0.8946906378404454,0.9377094202613452,1478.760489231796,0.97348571,0.93484801,0.0,True,0.9183291594883118,0.9368509971829416
301,123,161.10071,826,4235.0898,3.2414927,4,27.653805,0.7469789927365867,0.5771501186620648,777.8447711821542,0.88457173,0.35587254,0.0,True,0.7882568139156108,0.5107668450634454
302,123532,326.38989,826,2090.3711,2.203059,4,129.7153,1.5126461414700605,1.5332787622760153,3826.683750755791,1.224184,1.2851481,0.0,True,1.4261074990290423,1.4588395635932105
303,1087,162.26556,826,4204.6875,2.8106976,4,120.45451,0.7523775110317715,0.8379118280343868,1134.7255150111857,0.88527548,0.81947619,0.0,True,0.79224690172224,0.8323811366240708
304,530,208.91438,826,3265.8164,3.9937677,5,244.10887,0.9685418896050786,0.7754102736216663,1311.2810830568462,0.97401148,0.84607726,0.0,True,0.970182766723555,0.7966103695351663
305,8738,242.07967,826,2818.3945,3.1763692,4,105.55653,1.122189491909187,1.1422991082409766,2197.0341016810858,1.1004816,1.0484712,0.0,True,1.115677124336431,1.1141507357686835
306,1390,192.98888,826,3535.3125,3.0420885,5,103.32388,0.894751897362324,0.885744620042455,1396.9493982077418,0.97090703,0.87217021,0.0,True,0.9175984371536268,0.8816722970297184
307,2093,227.47183,826,2999.3867,3.0324473,5,89.845619,1.0545182568239093,0.9549988635450214,1739.5473346712367,0.97828555,0.87602246,0.0,True,1.0316484447767365,0.9313059424815149
308,12296,262.92578,826,2594.9375,4.0479178,6,93.323669,1.218749804698213,1.1977288114720681,2476.022532688242,1.0744517,1.0221969,0.0,True,1.175460373288749,1.1450692380304477
309,2288,226.9015,826,3006.9258,2.9838054,5,243.10246,1.051876078479059,0.9658162743058624,1755.3796846674506,0.98009837,0.86202925,0.0,True,1.0303427659353412,0.9346801670141036
310,14717,241.12454,826,2829.5586,3.1005814,5,82.351151,1.1177649902560611,1.2073096196102562,2314.046760936863,1.056127,1.0571933,0.0,True,1.0992735931792428,1.1622747237271793
311,4836,227.52487,826,2998.6875,4.0092893,6,246.25594,1.054763973568879,1.0595883901456522,1930.3794007050783,0.97672677,0.86836445,0.0,True,1.0313528124982152,1.0022212081019566
312,2761,227.79907,826,2995.0781,1.9923551,4,156.13858,1.056034232454091,0.9897552842071016,1805.0963062302922,0.97953051,0.9203589,0.0,True,1.0330831157178637,0.968936368944971
313,2645,211.84326,826,3220.6641,4.0491314,5,48.953491,0.9821119957672491,0.9755554752960887,1669.5753303737683,1.0009784,0.79218853,0.0,True,0.9877719170370742,0.920545391707262
314,4798,247.67186,826,2754.7578,4.0919595,6,245.24898,1.1480939932185794,1.0699289939805927,2099.3586203856544,0.97676134,0.85867137,0.0,True,1.0966941972530055,1.006551706786415
315,0,163.73668,826,4166.9102,2.0135984,2,157.09918,0.7591953098290448,0.0,113.49361809624598,0.86012059,0.0,0.0,True,0.7894728938803314,0.0
316,0,163.8508,826,4164.0078,1.9966877,2,155.9614,0.7597242306983836,0.0,113.57272005249148,0.86034709,0.0,0.0,True,0.7899110884888685,0.0
317,7608,262.6044,826,2598.1133,2.0831127,4,73.300095,1.2172612135549885,1.1364997288730099,2346.9528889558987,1.0734866,0.99867582,0.0,True,1.174128829488492,1.0951525562111069
318,33015,273.62054,826,2493.5117,1.9982059,4,76.581848,1.2682838036537618,1.330079697867367,2846.960936446849,1.1190475,1.1708565,0.0,True,1.2235129125576332,1.2823127385071569
319,2811,201.28943,826,3389.5273,3.0488517,4,44.121758,0.9332129129370315,0.9769133279399895,1598.6420235370424,0.96344799,0.908207,0.0,True,0.942283436055922,0.9563014295579927
320,6302,261.44327,826,2609.6523,2.0387712,4,71.97197,1.211883017865152,1.1119275843476737,2287.351386301815,1.0722446,0.99285614,0.0,True,1.1699914925056065,1.0762061510433716
321,121,196.98944,826,3463.5156,2.1925783,3,217.77249,0.9132889405947171,0.5893849720859607,947.9495013415734,0.95184511,0.37783009,0.0,True,0.924855791416302,0.5259185074601725
322,450,199.67311,826,3416.9648,1.7721601,3,60.721931,0.9257237953834638,0.751035736387223,1220.737934398681,0.97340608,0.77871197,0.0,True,0.9400284807684247,0.7593386064710561
323,5609,261.45108,826,2609.5742,2.9739604,4,40.13768,1.2119192596321657,1.0971283468645567,2256.9723265200664,1.0722448,0.99344075,0.0,True,1.170016921742516,1.0660220678051897
324,1950,200.57355,826,3401.625,2.9972677,5,38.599564,0.9298959406334322,0.9315381452060308,1519.667517926455,0.96076179,0.85972816,0.0,True,0.9391556954434024,0.9099951496442216
325,101,198.40092,826,3438.875,2.9952641,3,44.424278,0.9198291338506821,0.567915335346566,919.5344952154289,0.96097964,0.76890886,0.0,True,0.9321742856954776,0.6282133927425962
326,14,162.84135,826,4189.8203,2.954987,3,144.52824,0.7550459810833173,0.3246623133516065,451.492090524301,0.87542635,0.200113,0.0,True,0.7911600917583221,0.2872975193461246
327,33167,272.96927,826,2499.4609,2.0735769,4,41.310665,1.2652674566843982,1.330262118535688,2841.4383985969134,1.1192933,1.163455,0.0,True,1.2214752096790789,1.2802199829749816
328,3517,211.65228,826,3223.5703,3.0338597,5,41.780449,0.9812271246850413,1.0107031843685796,1728.3381551893865,1.0020496,0.8961454,0.0,True,0.9874738672795289,0.9763358490580057
329,104,192.57948,826,3542.8281,4.0230293,5,170.74194,0.8928548808723519,0.5693943808383529,898.0826757557728,0.97128588,0.33989513,0.0,True,0.9163841806106463,0.500544605586847
330,132309,326.89203,826,2087.1602,1.8528148,4,74.094406,1.5149709777825875,1.5425649593847994,3855.0084500163875,1.2241914,1.2893018,0.0,True,1.4277371044478113,1.4665860115693596
331,13736,246.12299,826,2772.0938,2.3039427,4,120.56416,1.1409192691820533,1.2017305306883315,2345.0404037175085,1.0801729,1.0829933,0.0,True,1.1226953584274373,1.166109361481832
332,13192,235.60399,826,2895.8594,2.6176021,4,37.830475,1.0921913847643767,1.1900847003385904,2235.2969687194964,1.0444219,1.0759037,0.0,True,1.0778605393350638,1.1558304002370132
333,1320,236.43831,826,2885.6406,3.0102344,4,43.993084,1.0960564382348916,0.901814277313568,1699.2587314034015,1.0830394,0.9257865,0.0,True,1.0921513267644243,0.9090059441194975
334,16044,247.21825,826,2759.8125,4.0698671,6,106.37376,1.1459927388041242,1.2220024105827676,2393.867436096215,1.0826135,1.090397,0.0,True,1.126978967162887,1.1825207874079373
335,344,236.24196,826,2888.0391,3.0132887,4,45.545002,1.0951467995496897,0.7332503683797821,1381.174155239636,1.082067,0.45812637,0.0,True,1.0912228596847828,0.6507131688658474
336,133973,327.19699,826,2085.2148,2.0298529,4,46.547832,1.5163830147900759,1.5443878764054109,3862.694125076023,1.2251978,1.2905202,0.0,True,1.4290274503530531,1.4682275734837877
337,2966,226.9192,826,3006.6914,3.0078681,4,47.146912,1.051958027645662,0.998216362855557,1814.365050169984,0.98009861,0.90230632,0.0,True,1.0304002023519634,0.9694433499988899
338,19075,248.0972,826,2750.0352,4.0057907,5,101.67676,1.1500641673981735,1.2443958004402282,2445.305223985642,1.0845737,1.102055,0.0,True,1.1304170271787215,1.2016935603081598
339,77019,286.03259,826,2385.3086,3.0105653,4,47.728642,1.3257678839419695,1.446557928951398,3218.3910470548253,1.095023,1.1804976,0.0,True,1.2565444187593786,1.3667398302659786
340,0,166.26526,826,4103.5391,2.0015345,2,157.86076,0.7709138785058619,0.0,115.24629619406626,0.86438894,0.0,0.0,True,0.7989563969541034,0.0
341,0,200.31384,826,3406.0352,2.0298395,3,117.96246,0.9286926000466386,0.0,138.84697342313598,0.96031487,0.0,0.0,True,0.938179281032647,0.0
342,14651,242.02531,826,2819.0273,3.0647917,5,163.5679,1.1219377674716107,1.2073099578710975,2321.6036735898083,1.0539889,1.0506772,0.0,True,1.1015531072301274,1.1603201305097683
343,1606,203.8851,826,3346.375,3.0179298,4,44.925125,0.9452397270133918,0.9095173970462304,1505.231998179663,0.94695115,0.88519424,0.0,True,0.9457531539093742,0.9022204499323613
344,2847,204.09642,826,3342.9102,3.0119457,5,44.852966,0.9462188464546719,0.9801464002336624,1623.5305546614854,0.94746119,0.92432159,0.0,True,0.9465915495182704,0.9633989571635637
345,4709,227.80649,826,2994.9805,3.0183306,4,47.120178,1.056068623382256,1.056428462400577,1926.708808231926,0.97984326,0.97740519,0.0,True,1.0332010143675792,1.032721480680404
346,79446,286.10193,826,2384.7305,2.0214531,4,89.868652,1.3260890037389916,1.4505917158161632,3228.047449310589,1.0931141,1.175571,0.0,True,1.2561965326172941,1.368085501071314
347,3934,204.14699,826,3342.082,3.007746,5,46.484226,0.9464531883304493,1.0200141393930906,1689.9125041658658,0.94746238,0.93918878,0.0,True,0.9467559458313146,0.9957665315751634
348,4783,204.14723,826,3342.0781,3.0958996,5,46.346668,0.9464542921226826,1.0440882513006426,1729.7887413101303,0.94746238,0.96197641,0.0,True,0.9467567184858778,1.0194546989104498
349,3983,227.59039,826,2997.8242,4.0366435,5,48.535007,1.0550675172693338,1.0353955311271918,1886.7909240508525,0.97702903,0.90908909,0.0,True,1.0316559710885336,0.9975035987890344
350,2861,211.45036,826,3226.6484,2.0345075,4,76.562492,0.9802916511251165,0.9850432335511201,1683.065636228106,1.0035009,0.92100251,0.0,True,0.9872544257875815,0.9658310164857842
351,30711,273.70886,826,2492.707,2.2468259,4,42.945133,1.2686929049938394,1.3208867763360421,2828.080728340291,1.1221468,1.1608796,0.0,True,1.2247290734956875,1.2728846234352293
352,2923,211.2933,826,3229.0469,3.0545664,4,72.949211,0.9795639521476663,0.9876049115665944,1686.342341184027,1.004742,0.96845853,0.0,True,0.9871173665033663,0.9818609970966161
353,3031,212.62518,826,3208.8203,3.0685406,4,202.66557,0.9857347267109485,0.9928646088562032,1704.681451937636,0.99901932,0.93642062,0.0,True,0.989720104697664,0.9759314121993423
354,876,212.97311,826,3203.5781,2.9878206,4,115.71393,0.9873467350361751,0.8394080112745965,1443.456473527377,0.97438371,0.70234907,0.0,True,0.9834578275253225,0.7982903288922175
355,34344,275.8338,826,2473.5039,2.0773456,4,47.151146,1.2785344716841147,1.3364993150822253,2880.8746397140603,1.126902,1.1686136,0.0,True,1.2330447301788803,1.2861336005575579
356,0,168.95142,826,4038.2969,3.9855394,4,115.6898,0.7833624976764618,0.0,117.10820042459916,0.90878648,0.0,0.0,True,0.8209896923735233,0.0
357,2012,212.36847,826,3212.6992,2.9860699,4,96.134689,0.9845453257146005,0.9419972433049256,1615.6734263687044,0.99777645,0.88102221,0.0,True,0.9885146630002204,0.9237047333134479
358,1287,219.46625,826,3108.7969,2.9844019,4,86.911751,1.0174296724220298,0.8903251796080387,1571.7343249025523,0.97407955,0.84235084,0.0,True,1.0044246356954207,0.8759328777256271
359,6106,219.91446,826,3102.4609,2.0470734,4,37.231003,1.019506179297818,1.0841040240100124,1917.0723440763163,0.97081417,0.9608705,0.0,True,1.0048985765084726,1.0471339668070085
360,144888,327.95694,826,2080.3828,1.9904495,4,21.549904,1.5199016583014735,1.5551053114331896,3897.3517635845856,1.2277697,1.308848,0.0,True,1.4322620708110314,1.4812281180032327
361,78480,286.0354,826,2385.2852,2.0435853,4,41.405109,1.32578087902462,1.4489756201229012,3223.7976094507617,1.09374,1.1787606,0.0,True,1.2561686153172338,1.3679111140860307
362,3975,213.31177,826,3198.4922,3.0286803,4,49.995544,0.9889157270680008,1.026842929222485,1767.9883266342424,0.97892553,0.90267086,0.0,True,0.9859186679476006,0.9895913084557395
363,0,191.44743,826,3563.7773,2.049403,3,181.66188,0.8876092937543983,0.0,132.70124632994748,0.96765369,0.0,0.0,True,0.9116226126280789,0.0
364,132205,327.70773,826,2081.9648,2.0382385,4,79.748039,1.5187478555004696,1.54296439675419,3864.3702387373246,1.2282859,1.313444,0.0,True,1.4316092688503286,1.4741082777279328
365,0,193.11691,826,3532.9688,1.9883564,3,173.70258,0.8953451218405282,0.0,133.8584416849487,0.97247249,0.0,0.0,True,0.9184833322883696,0.0
366,1682,212.76193,826,3206.7578,3.043565,5,52.140083,0.9863683294945058,0.9200369699494959,1580.5928877956173,0.97772545,0.79684854,0.0,True,0.9837754656461541,0.8830804409646472
367,3395,240.95921,826,2831.5,4.027637,5,49.139912,1.1169991427345918,1.0227347589836304,1959.1545111960797,1.0854906,1.0006546,0.0,True,1.1075465799142141,1.0161107112885412
368,133262,327.22272,826,2085.0508,2.0159895,4,100.61581,1.5165021718390685,1.5437076243693244,3861.2566959774767,1.2303822,1.3153652,0.0,True,1.4306661802873482,1.4752048970585272
369,1442,212.75804,826,3206.8164,3.0085711,4,50.754467,0.9863503162532034,0.9009793748715248,1547.8514033490255,0.9788872,0.86831665,0.0,True,0.9841113813772423,0.8911805574100674
370,0,169.26497,826,4030.8164,0.99979174,1,147.34285,0.7848155623793004,0.0,117.32553672306372,0.88594079,0.0,0.0,True,0.8151531306655103,0.0
371,2876,137.75189,826,4952.9336,2.9740114,4,118.50623,0.6387607436229752,0.9360818412039434,1097.1732633140448,0.80036157,0.78558886,0.0,True,0.6872409915360826,0.8909339468427604
372,0,180.0054,826,3790.3086,1.0322838,2,55.940262,0.8345884802039755,0.0,124.77023549556517,,,,False,0.8345884802039755,0.0
373,0,126.81931,826,5379.9062,0.35890043,1,9.7077703,0.5880847702136588,0.0,87.90444716705768,0.79003716,0.16114312,12.247893140941644,True,0.6486704871495612,0.04834293600000001
374,1440,134.20641,826,5083.7812,1.5995568,3,76.031792,0.6223266291791053,0.852208959313962,976.1887488250823,0.7895171,0.16886204,0.0,True,0.6724837704253737,0.6472048835197733
375,21,147.18759,826,4635.418,4.238265,4,193.39522,0.6824955332770231,0.3661449126881142,461.50583710155115,0.82895559,0.10202982,0.0,True,0.7264335502939161,0.28691038488167997
376,1440,123.85569,826,5508.6367,2.815002,3,21.392094,0.5743468936971413,0.8442734808305111,900.8998233092387,0.7567457,0.8519811,0.0,True,0.629066535587999,0.8465857665813579
377,0,116.69609,826,5846.6055,0.41085333,1,104.77905,0.5411575581458633,0.0,80.88756576586962,0.73238254,0.0,0.0,True,0.5985250527021043,0.0
378,2858,121.20017,826,5629.332,2.8195598,4,42.627647,0.5620370226686093,0.9214879851827427,964.5808737003181,0.88327193,0.94023353,0.0,True,0.6584074948680265,0.9271116486279198
379,1431,116.41903,826,5860.5195,0.5502165,2,102.45266,0.539873184377206,0.837529292801084,846.0782608080908,0.86038953,0.92787081,0.0,True,0.6360280880640442,0.8646317479607588
380,0,112.22762,826,6079.3945,0.26644167,1,97.020332,0.5204426502734637,0.0,77.79025838395293,,,,False,0.5204426502734637,0.0
381,0,125.88227,826,5419.9531,0.11166846,1,123.51646,0.5837411376609779,0.0,87.25494053298578,0.74060613,0.72837609,7.481788124584218,True,0.6308006353626845,0.21851282700000005
382,1473,128.01088,826,5329.8281,0.52743095,2,154.0892,0.5936082355953047,0.850156571812449,934.0202833794259,0.74278051,0.76509184,0.0,True,0.6383599179167133,0.8246371522687144
383,2942,136.74321,826,4989.4688,0.66204965,2,114.11579,0.6340853159171236,0.9379379325295978,1092.2397373281008,0.76552081,0.81365526,0.0,True,0.6735159641419866,0.9006531307707185
384,4407,142.50684,826,4787.6719,1.07164,3,143.77873,0.6608003923898139,0.9901763728179693,1195.832351111294,0.78126609,0.85179526,0.0,True,0.6969401016728698,0.9486620389725786
385,0,120.11555,826,5680.1641,0.34619334,1,56.969227,0.5570090928803808,0.0,83.25775482390713,0.84706187,0.98483354,12.576683451639948,True,0.6440249260162665,0.29545006200000007
386,1431,126.41965,826,5396.9141,2.7036781,4,173.53493,0.5862321593407952,0.8455562469091401,918.7580209521378,0.87429428,0.99855983,0.0,True,0.6726507955385567,0.8914573218363981
387,4869,200.76468,826,3398.3867,1.4536598,3,105.67706,0.9307815110965072,1.0441359383799875,1704.7038463422195,0.95983249,0.97305024,0.0,True,0.9394968047675549,1.0228102288659913
388,3451,191.47177,826,3563.3242,0.41316944,2,112.43125,0.8877220957741979,0.9960165670303036,1559.9202607769562,0.94019055,0.95111567,0.0,True,0.9034626320419386,0.9825462979212125
389,2036,182.87082,826,3730.918,1.4112185,3,172.2581,0.8478667548921421,0.9263265376240739,1393.4252151482924,0.92098188,0.92141128,0.0,True,0.8698012924244996,0.9248519603368517
390,0,7.7294688,5,3.234375,1.1358417,2,138.62337,1.3179507213957873,0.0,5.357659505946064,,,,False,1.3179507213957873,0.0
391,9933,111.28639,826,6130.8125,1.9392027,5,11.897604,0.5160792166625778,1.0552820903301163,1024.2598079712332,0.89051002,1.040372,0.0,True,0.6284084576638045,1.0508090632310814
392,18291,135.31569,826,5042.1055,2.8514137,4,65.544479,0.627468452223782,1.1510695493579013,1328.0252245995912,0.81328446,0.77459121,0.0,True,0.6832132545566474,1.038126047550531
393,19670,142.35643,826,4792.7305,0.98342323,2,43.001091,0.6601032260183269,1.166529707684614,1407.471131066284,0.82349408,0.80211586,0.0,True,0.7091204822128289,1.0572055533792297
394,21045,160.12007,826,4261.0273,1.7794462,3,38.862949,0.7424341549345616,1.191014869604399,1593.917368195536,0.86261582,0.83610594,0.0,True,0.7784886544541931,1.0845421907230792
395,32348,237.41791,826,2873.7344,2.7244883,4,38.617107,1.1005943632828072,1.3038425985574393,2465.4352558573173,0.97752261,1.0282307,0.0,True,1.0636728372979651,1.2211590289902077
396,35357,239.28293,826,2851.3359,1.6336838,4,18.052736,1.1092339569759262,1.316301839066111,2506.0838814574345,0.98433119,1.0456446,0.0,True,1.0717631268831482,1.2351046673462776
397,600,189.01207,826,3609.6953,4.0631828,4,71.383766,0.876324498065622,0.7810585188182241,1209.725908270732,0.89672488,0.47065258,0.0,True,0.8824446126459353,0.6879367371727568
398,33,180.14389,826,3787.3945,3.7557607,4,36.237061,0.835230290997273,0.42794466910591256,640.4742301006621,0.91394109,0.22914347,0.0,True,0.858843530698091,0.36830430937413877
399,36066,242.73164,826,2810.8242,2.2006052,4,143.58623,1.1252096988281264,1.3211706826449185,2547.0222571095355,0.99326825,1.054263,0.0,True,1.0856272641796885,1.241098377851443
400,15526,187.45053,826,3639.7656,2.6045275,3,45.696201,0.8690886285867672,1.176798676207247,1808.9726181149822,0.93067259,1.0262425,0.0,True,0.887563817010737,1.131631823345073
401,14130,173.58987,826,3930.3906,0.71654487,2,58.643856,0.8048582638099241,1.1545039801308534,1658.8589963962645,0.89813989,1.0145791,0.0,True,0.832842751666947,1.1125265160915974
402,12735,162.03284,826,4210.7266,1.4693862,3,84.037628,0.751298949933866,1.1325271486341815,1531.5775728888589,0.86875242,1.0019152,0.0,True,0.7865349909537062,1.093343564043927
403,6860,214.14894,826,3185.9883,2.6890879,4,152.42462,0.992794443736969,1.094967880806802,1891.7391031655727,0.98638308,0.99647397,0.0,True,0.9908710346158782,1.0654197075647613
404,483,191.8181,826,3556.8906,2.9437487,3,56.817253,0.8893268792635731,0.7559885265924512,1186.2316903767353,0.90282577,0.64998901,0.0,True,0.8933765464845012,0.7241886716147159
405,265,182.36502,826,3741.2656,2.3281391,3,52.629372,0.8455229762318938,0.6785986089777291,1018.9187133341346,0.9426586,0.60117751,0.0,True,0.8746636633623257,0.6553722792844103
406,37945,243.6666,826,2800.0391,3.3584149,5,55.657986,1.129540651641323,1.3282072390597757,2569.2074062031984,0.99532694,1.0624311,0.0,True,1.089276538148926,1.2484743973418428
407,25159,227.99234,826,2992.5391,3.4194765,5,110.53435,1.0569296192988316,1.265854247770321,2310.2578847222844,1.0118665,1.079005,0.0,True,1.043410683509182,1.2097994734392246
408,47960,246.15491,826,2771.7344,3.0680814,5,119.54301,1.1410671010672349,1.3594502533775115,2653.0980656169095,0.99865609,1.0782273,0.0,True,1.0983437977470645,1.275083367364258
409,82,171.89362,826,3969.1758,3.178865,4,158.22723,0.7969974713631327,0.5332211492820282,761.629139109989,0.89687002,0.34522498,0.0,True,0.8269592359541929,0.4768222984974198
410,0,197.02788,826,3462.8398,2.1158707,2,60.924171,0.9134670731208021,0.0,136.56931951370325,0.92503434,0.0,0.0,True,0.9169372531845614,0.0
411,0,199.76903,826,3415.3242,1.1715091,2,39.127872,0.9261682198424327,0.0,138.46933990769512,0.96371752,0.0,0.0,True,0.9374330098897028,0.0
412,1208,172.04398,826,3965.707,2.8389082,4,104.82418,0.7976942528615307,0.8565509637119403,1221.2327963982004,0.8972069,0.85025853,0.0,True,0.8275480470030715,0.8546632335983582
413,14,144.59451,826,4718.5469,2.3229365,3,38.518456,0.6704767769468545,0.3201045921848013,400.9011077237873,0.8224836,0.19919474,0.0,True,0.7160788238627981,0.28383163652936094
414,117,147.99173,826,4610.2305,0.96135598,3,52.82671,0.686222657548981,0.5654691846342839,707.2707536292183,0.83080763,0.38506737,0.0,True,0.7295981492842867,0.5113486402439987
415,49850,251.31281,826,2714.8477,2.1604347,4,86.569427,1.1649593280250732,1.3678992247722916,2718.4038951859916,1.0108405,1.0874032,0.0,True,1.1187236796175513,1.2837504173406042
416,3117,205.35864,826,3322.3633,2.4914649,4,31.346273,0.9520671434853302,0.992060117514983,1652.165236718484,0.97473419,0.93019587,0.0,True,0.958867257439731,0.9735008432604881
417,0,196.33379,826,3475.082,2.067493,2,88.119148,0.9102509146860689,0.0,136.08821298714838,0.92290103,0.0,0.0,True,0.9140459492802482,0.0
418,81372,231.35812,826,2949.0039,2.3084991,4,56.967003,1.0725221579471533,1.4150763305570129,2615.9225571276747,1.0231744,1.1542927,0.0,True,1.0577178305630075,1.3368412413899091
419,0,5.1405621,5,4.8632812,1.6793977,2,15.770259,1.0051530902312547,0.0,3.5631661261083116,0.80727458,0.0,0.0,True,0.9457895371618783,0.0
420,8,9.4674559,5,2.640625,2.6420312,4,53.076336,1.4865774130221843,1.2700757725483125,21.799622823918526,0.87138224,0.96721262,0.0,True,1.302018861115529,1.1792168267838186
421,0,4.3537416,5,5.7421875,2.3610044,2,56.248188,0.8910464009436705,0.0,3.017783714926545,0.80333245,0.0,0.0,True,0.8647322156605693,0.0
422,22305,163.77475,826,4165.9414,2.2305059,4,83.324142,0.7593717778610001,1.201212905492182,1639.8202020429342,0.87188148,0.86284798,0.0,True,0.7931246885027,1.0997034278445275
423,0,133.91777,826,5094.7383,4.119082,4,108.28606,0.620988735273786,0.0,92.82472470237522,0.7884959,0.0,0.0,True,0.6712408846916502,0.0
424,4281,108.54066,826,6285.9023,2.5376055,3,145.83498,0.5033502303206057,0.9560550491668441,907.6613896202975,0.89816695,0.38728985,0.0,True,0.6217952462244241,0.7854254894167908
425,2858,102.82918,826,6635.043,0.65134943,2,79.606407,0.4768715632757639,0.9042851722826029,818.373936986122,0.9364723,0.79491049,0.0,True,0.6147517842930348,0.871472767597822
426,1431,100.06884,826,6818.0664,0.39149266,2,126.88139,0.46407423114509055,0.8231780438516525,727.2528392332689,0.95784527,0.84767032,0.0,True,0.6122055428015634,0.8305257266961568
427,0,98.123268,826,6953.2539,0.16596889,1,41.250957,0.45505413841735753,0.0,68.0138665615279,,,,False,0.45505413841735753,0.0
428,0,100.35016,826,6798.9531,0.18090501,1,149.96793,0.4653784586366969,0.0,69.5574304727394,0.96441382,1.0631526,2.677374136492194,True,0.6150890670456879,0.31894578000000007
429,1431,102.58415,826,6650.8906,0.69697654,2,118.80478,0.47573562549464826,0.8254984472795859,745.5329186171393,0.94685435,1.0565678,0.0,True,0.6170712428462537,0.8948192530957102
430,2858,109.56654,826,6227.0469,2.5547235,3,137.23434,0.508106155203048,0.9108504585936203,871.9937346748017,0.89986473,1.047094,0.0,True,0.6256337276421337,0.9517235210155341
431,25035,167.19922,826,4080.6172,3.0544946,4,106.6117,0.7752421831119669,1.2180864301581953,1693.4120937010043,0.88077569,0.92168766,0.0,True,0.8069022351783768,1.1291667991107368
432,767,148.0694,826,4607.8125,3.7165437,4,119.62497,0.6865826041598146,0.7875372481162657,983.9346328001191,0.83109587,0.78814316,0.0,True,0.7299365839118702,0.787719021681386
433,27708,178.31581,826,3826.2227,3.2463696,4,85.735359,0.8267588693151173,1.239878228130056,1824.0902512938717,0.90853953,0.96586227,0.0,True,0.8512930675205821,1.1576734406910392
434,0,7.0874863,5,3.5273438,1.6257422,2,129.41513,1.2480946648019384,0.0,4.912671146102238,0.90146637,0.99791735,13.260638410551685,True,1.144106176361357,0.29937520500000003
435,86550,257.22568,826,2652.4414,3.4823782,5,184.99471,1.192347689777015,1.4419027308270713,2924.270315001261,1.0760136,1.1656075,0.0,True,1.1574474628439106,1.35901416157895
436,51744,254.57132,826,2680.0977,2.978132,5,13.87193,1.180052863450301,1.374852192461278,2763.143178808231,1.0181265,1.0957189,0.0,True,1.1314749544152105,1.2911122047228947
437,77035,226.36191,826,3014.0938,2.1519165,4,82.078995,1.0493762067142824,1.4043882734331061,2547.03351590454,1.0123695,1.1478021,0.0,True,1.0382741946999976,1.3274124214031744
438,4589,176.20853,826,3871.9805,3.045579,4,81.645966,0.8169935473186986,1.020495440419027,1485.7644477240335,0.90741259,0.92573893,0.0,True,0.8441192601230889,0.992068487293319
439,70635,226.42177,826,3013.2969,2.0249414,4,113.88396,1.0496535418911703,1.3936089120333588,2528.0691091385797,1.0123708,1.1400697,0.0,True,1.0384687193238191,1.3175471484233512
440,32526,253.20915,826,2694.5156,3.1355996,5,179.07069,1.1737432822337335,1.3151534250451093,2630.806742069113,1.0202562,1.0551003,0.0,True,1.1276971575636134,1.2371374875315766
441,2934,178.58948,826,3820.3594,2.4722426,3,150.93256,0.8280270743087282,0.9679445142810328,1426.001885274905,0.91411763,0.90178192,0.0,True,0.8538542410161097,0.948095735996723
442,2358,166.02472,826,4109.4844,0.67647642,2,55.861481,0.7697991194952523,0.9332126842356366,1289.4171908969818,0.88940424,0.87846673,0.0,True,0.8056806556466766,0.9167888979649457
443,1787,157.14536,826,4341.6875,1.3547297,3,95.363304,0.7286475076622031,0.8940089543978609,1176.9263580513277,0.87566721,0.85888809,0.0,True,0.7727534183635423,0.8834726950785026
444,596,149.39963,826,4566.7852,2.8792174,3,68.184616,0.6927480571724985,0.758484528751341,955.2000930116453,0.83696711,0.76296186,0.0,True,0.736013773020749,0.7598277281259387
445,1197,174.05087,826,3919.9805,1.9479635,3,47.801353,0.8069945964643286,0.8566459772232531,1233.8889387740837,0.90227151,0.83153015,0.0,True,0.83557767052503,0.8491112290562771
446,25,127.20973,826,5363.3945,2.183306,3,60.380409,0.5898945680393987,0.37938170651757924,419.26251784845687,0.78319943,0.55756533,0.0,True,0.6478860266275791,0.4328367935623054
447,1390,146.31683,826,4663.0039,2.9600053,3,63.159969,0.6784596838040083,0.8567386664281192,1059.113911724678,0.82826579,0.81456262,0.0,True,0.7234015156628059,0.8440858524996835
448,26013,291.18643,826,2343.0898,3.0054114,4,49.5952,1.3496357670134702,1.3100165172541869,2960.326042232801,1.0950797,0.90327358,0.0,True,1.2732689469094292,1.1879936360779308
449,43458,224.78412,826,3035.25,2.0243754,4,30.403704,1.0420666955102365,1.33177752925132,2400.603645868072,1.0085399,1.1267622,0.0,True,1.0320086568571656,1.270272930475924
450,20394,220.78539,826,3090.2227,2.0350721,4,47.966187,1.023541115243241,1.2346750788780252,2190.8741969397097,1.0005306,1.1013268,0.0,True,1.0166379606702687,1.1946705952146175
451,2842,177.32501,826,3847.6016,2.7863595,3,60.82888,0.8221674344011249,0.9632545874159325,1410.2599157301122,0.91020584,0.8842001,0.0,True,0.8485789560807875,0.9395382411911528
452,1422,149.20705,826,4572.6797,2.9328706,4,147.29808,0.6918554474837803,0.8614241588661299,1083.425975359109,0.8395229,0.84856623,0.0,True,0.7361556832386462,0.8575667802062908
453,14836,214.80974,826,3176.1875,2.0599699,4,30.332176,0.9958559936877436,1.1910250038325876,2063.2361112350027,0.98894906,1.0903856,0.0,True,0.9937839135814205,1.1608331826828113
454,0,166.53714,826,4096.8398,2.0368304,3,26.079323,0.7721738895329517,0.0,115.43474904951688,0.88265747,0.0,0.0,True,0.8053189636730662,0.0
455,12231,211.70564,826,3222.7578,2.0066843,4,50.261608,0.981474351636103,1.1649833201540916,1992.5507246985153,0.98285359,1.0828273,0.0,True,0.9818881231452721,1.140336514107864
456,622,173.29501,826,3937.0781,2.9311926,3,50.380283,0.8034918299635809,0.7772171582072722,1115.3527424480835,0.90024602,0.79237509,0.0,True,0.8325180869745066,0.7817645377450905
457,2,143.83719,826,4743.3906,2.9959474,3,27.988022,0.6669666077516286,0.12978076241215902,199.4006854163303,0.82188535,0.080805771,0.0,True,0.7134422304261401,0.11508826498851131
458,4837,172.20901,826,3961.9062,2.9654865,4,28.033808,0.798459123714498,1.0240209426630331,1461.1010367767444,0.8962099,0.9833979,0.0,True,0.8277843566001486,1.0118340298641233
459,1437,167.45393,826,4074.4102,4.0565395,6,81.000618,0.7764226158933824,0.8746323193909794,1217.675363513858,0.88494724,0.86184698,0.0,True,0.8089800031253677,0.8707967175736856
460,610,124.18698,826,5493.9414,1.9258366,3,17.905302,0.5758826087444211,0.7449066836031514,796.8746036337126,0.75944895,0.78249711,0.0,True,0.6309525111210947,0.7561838115222059
461,1218,143.49673,826,4754.6445,2.8904481,3,25.725935,0.665388609751783,0.8391826914297251,1019.7747421617977,0.81992227,0.83787727,0.0,True,0.7117487078262481,0.8387910650008077
462,5433,210.79758,826,3236.6406,3.0458529,5,74.008865,0.9772671505873376,1.0639860429305226,1812.9887862584444,0.98123866,1.0452098,0.0,True,0.9784586034111364,1.0583531700513658
463,0,149.11456,826,4575.5156,1.9780788,3,76.835884,0.6914268235237616,0.0,103.3583368444368,,,,False,0.6914268235237616,0.0
464,2416,171.79623,826,3971.4258,2.1704001,4,52.479679,0.7965461619890991,0.9399885311932122,1338.4122072317825,0.89520246,0.94505042,0.0,True,0.8261430513923693,0.9415070978352484
465,7,124.11761,826,5497.0117,1.9889282,3,29.668062,0.5755610723538678,0.24144443705077098,272.7142631722317,0.75920767,0.15206109,0.0,True,0.6306550516477074,0.21462943293553968
466,10,140.36479,826,4860.7344,3.0395956,3,32.035385,0.6508718779578966,0.2824521835776271,348.79340006709623,0.81046665,0.17619008,0.0,True,0.6987503095705276,0.25057355250433894
467,0,210.36952,826,3243.2266,2.0514448,3,103.05611,0.9752838433342268,0.0,145.81703966374903,0.98043382,1.0143721,0.8980726074651483,True,0.9768288363339588,0.30431163000000006
468,622,145.89494,826,4676.4883,1.937535,3,36.938805,0.6765042184541673,0.7613997305242396,939.0017718242356,0.82505226,0.84535789,0.0,True,0.7210686309179172,0.7865871783669678
469,1221,170.19835,826,4008.7109,1.8440883,3,48.664062,0.789141164709345,0.8567273949944346,1209.9506455414328,0.89119607,0.9039281,0.0,True,0.8197576362965415,0.8708876064961042
470,44,142.31525,826,4794.1172,2.1078818,3,42.331264,0.6599123705605997,0.44912288738806344,544.8740575016947,0.81437367,0.32116729,0.0,True,0.7062507603924197,0.4107362081716444
471,627,171.3071,826,3982.7656,3.0772398,4,133.55911,0.7942793601055143,0.7771005441617211,1103.9254376047081,0.89454657,0.79208595,0.0,True,0.8243595230738601,0.7815961659132047
472,0,9.50348,4,1.6835938,0.81040168,2,66.996651,1.4328484435747442,0.0,6.587310367507829,0.89452201,0.91110331,6.736579572312381,True,1.2713505135023209,0.273330993
473,72,126.54119,826,5391.7305,3.7987523,4,81.432556,0.5867955528995128,0.49928669925159896,544.6415187315166,0.7712394,0.31988773,0.0,True,0.642128707029659,0.44546700847611925
474,21245,178.82315,826,3815.3672,2.9769726,4,120.62398,0.8291099349673423,1.2081029981302582,1781.7886785676865,0.91608477,1.0074766,0.0,True,0.8552023854771396,1.147915078691181
475,32213,291.50085,826,2340.5625,3.0033247,5,48.666473,1.351091836797723,1.337747718847222,3025.8334682077966,1.0955651,0.99452645,0.0,True,1.274433815758406,1.2347813381930552
476,96,135.94456,826,5018.7812,2.2380681,3,34.097996,0.6303833895287979,0.5368408755174384,623.3013865021803,0.81525773,0.77597773,0.0,True,0.6858456916701585,0.608581931862207
477,67,130.44115,826,5230.5273,1.3776824,3,72.934776,0.6048734941026425,0.4927696100679661,552.3017216821468,0.79180455,0.74015599,0.0,True,0.6609528108718498,0.5669855240475763
478,0,145.92079,826,4675.6602,2.0036201,2,77.56028,0.6766239819939177,0.0,101.14458417357987,0.83156955,0.0,0.0,True,0.7231076523957425,0.0
479,18525,178.82736,826,3815.2773,1.9474463,4,84.568253,0.8291294611838824,1.1914962518130325,1757.3336781845055,0.91608483,0.98986399,0.0,True,0.8552160718287177,1.1310065732691228
480,710,151.29355,826,4509.6172,1.44842,3,52.262951,0.7015260671801823,0.7803873040901053,993.7078238941034,0.87632555,0.87444127,0.0,True,0.7539659120261276,0.8086034938630737
481,162,144.34084,826,4726.8398,1.6559308,3,72.972244,0.6693009712315621,0.6019809659255477,736.1190040799441,0.8840034,0.87597394,0.0,True,0.7337116998620935,0.6841788581478834
482,5996,148.02835,826,4609.0898,2.9933827,4,88.998497,0.6863924165906432,1.031124311268822,1287.7254629692613,0.83919573,0.9338969,0.0,True,0.7322334106134503,1.0019560878881755
483,9848,178.81802,826,3815.4766,3.1487491,4,110.21004,0.8290861746050954,1.1148840384710408,1644.2722380546543,0.91608459,0.88872302,0.0,True,0.8551856992235667,1.0470357329297286
484,4049,148.02321,826,4609.25,2.0337944,4,94.918716,0.6863685705477832,0.984590840778461,1229.587217342991,0.83919555,0.90393633,0.0,True,0.7322166643834482,0.9603944875449226
485,7299,253.32336,826,2693.3008,3.1715908,5,473.91183,1.1742723004936835,1.1260809464857042,2253.5054859152774,1.0204567,1.0608037,0.0,True,1.1281276203455786,1.106497772539993
486,78270,286.07523,826,2384.9531,1.9860034,4,62.772953,1.3259653367041293,1.4486570507419196,3223.480020166226,1.0924948,1.1683222,0.0,True,1.2559241756928905,1.3645565955193437
487,6192,208.04021,826,3279.5391,2.9120157,5,42.797554,0.9644916529985779,1.0784057776228755,1816.4690500259521,0.95264298,0.99550503,0.0,True,0.9609370510990045,1.0535355533360127
488,74185,285.64713,826,2388.5273,2.1125729,4,27.146622,1.3239828179073567,1.4414885897565775,3203.345238889777,1.0915687,1.1669409,0.0,True,1.2542585825351498,1.3591242828296042
489,0,169.73145,826,4019.7383,2.0151153,2,147.90198,0.7869773801389478,0.0,117.64887601985133,0.88630033,0.0,0.0,True,0.8167742650972635,0.0
490,5168,208.04021,826,3279.5391,3.0178435,5,42.854893,0.9644916529985779,1.0560821536362588,1778.8744379910881,0.95264298,1.001161,0.0,True,0.9609370510990045,1.0396058075453811
491,10237,251.08954,826,2717.2617,4.1755576,6,47.906509,1.163925145909445,1.1675894273863543,2318.5505773414116,0.98436832,0.959503,0.0,True,1.1100580981366115,1.105163499170448
492,76764,285.47861,826,2389.9375,2.9509487,5,86.028809,1.323202245434283,1.4457716775207081,3211.211029917123,1.0895044,1.163409,0.0,True,1.2530928918039983,1.3610628742644955
493,0,208.23119,826,3276.5312,1.9914889,3,41.18037,0.9653765292636123,0.0,144.33486225314226,0.95329845,0.0,0.0,True,0.9617531054845285,0.0
494,6776,236.73442,826,2882.0312,2.9854746,4,52.531342,1.0974281661510685,1.1071881035093727,2088.33785513159,0.9814353,0.83248919,0.0,True,1.0626303063057478,1.024778429456561
495,15161,242.30602,826,2815.7617,3.9760556,5,46.841816,1.1232380193607094,1.2117929767508344,2332.586410241911,1.053437,0.97324574,0.0,True,1.1022977135524967,1.140228805725584
496,6,209.99316,826,3249.0391,3.9970732,4,197.76382,0.9735401431925151,0.24062088873797144,436.6685003726204,1.0058914,0.14528562,0.0,True,0.9832455202347605,0.21202030811658001
497,695,207.4297,826,3289.1914,2.9966681,4,75.869698,0.9616630229826395,0.8081368301818357,1357.9977337184323,1.0051296,0.49242657,0.0,True,0.9747029960878477,0.7134237521272849
498,34974,275.83554,826,2473.4883,2.0051787,4,70.162064,1.278542528736034,1.338826433447185,2885.906550745329,1.126902,1.1700267,0.0,True,1.2330503701152238,1.2881865134130295
499,586,207.42822,826,3289.2148,3.0140107,4,73.969772,0.9616561857155193,0.787106586575545,1322.713120228645,1.0051296,0.81591719,0.0,True,0.9746982100008635,0.7957497676028815
500,2766,212.97467,826,3203.5547,3.0049751,4,95.608955,0.9873539424981472,0.9817373679924287,1688.0117449166773,0.97438371,0.86022627,0.0,True,0.9834628727487031,0.9452840385947001
501,35275,275.99551,826,2472.0547,2.0251131,4,16.297661,1.279283384857443,1.3400223067675372,2889.9452516783995,1.1272599,1.1714718,0.0,True,1.2336763394002102,1.289457154737276
502,2129,219.46129,826,3108.8672,2.0185711,4,86.216354,1.0174066803425312,0.9528656000024638,1682.0273988875178,0.97407943,0.86200356,0.0,True,1.0044085052397718,0.9256069880017247
503,0,148.02936,826,4609.0586,1.9818394,2,146.32468,0.686397060956559,0.0,102.60613352409314,0.80966634,0.0,0.0,True,0.7233778446695913,0.0
504,0,210.19331,826,3245.9453,4.0164576,4,197.6438,0.974467479775126,0.0,145.69490019906254,1.0067503,0.0,0.0,True,0.9841523258425882,0.0
505,77694,283.77039,826,2404.3242,1.9622943,4,34.481632,1.3152912109425927,1.4462052517609927,3195.4132346494553,1.0879233,1.1499346,0.0,True,1.2470808376598148,1.3573240562326947
506,74634,285.23618,826,2391.9688,3.1175365,5,91.32605,1.322079498671188,1.4419976737464066,3200.4578283359383,1.0892559,1.1577713,0.0,True,1.2522324190698315,1.3567297616224847
507,10829,250.1721,826,2727.2266,4.0546103,6,53.038715,1.1596754446620392,1.1741545866268477,2324.1407558152573,0.9795506,0.86404902,0.0,True,1.1056379912634275,1.0811229166387935
508,1184,215.19853,826,3170.4492,3.0117149,4,56.402985,0.9976572898120687,0.8778211208238285,1523.248702758689,0.98840076,0.51842594,0.0,True,0.9948803308684482,0.7700025665766799
509,81405,284.77066,826,2395.8789,1.9821541,4,21.406729,1.3199236504138994,1.4528533494981994,3219.9635178210315,1.0884349,1.1533315,0.0,True,1.2504770252897295,1.3629967946487396
510,1911,240.96387,826,2831.4453,4.0090728,5,194.89818,1.117020706536479,0.9504759527549244,1820.8261268925648,1.0854907,0.94820017,0.0,True,1.1075617045755353,0.9497932179284471
511,5959,236.54366,826,2884.3555,2.0597112,4,48.858524,1.0965444384582792,1.0909539018543088,2056.2725062310856,0.98116606,0.8093186,0.0,True,1.0619309249207953,1.0064633112980161
512,2013,216.16719,826,3156.2422,3.0746136,5,56.458801,1.0021451397674521,0.9441294976975987,1644.6809305946208,0.99330115,0.92065585,0.0,True,0.9994919428372164,0.9370874033883191
513,78434,283.87,826,2403.4805,2.0595171,4,67.372673,1.315752537149424,1.4474878611082873,3199.225767854911,1.0879344,1.1507157,0.0,True,1.2474070960045969,1.358456212775801
514,4757,235.37697,826,2898.6523,3.9576874,5,49.676685,1.0911397656790733,1.062027451345228,1993.1234215307782,0.98039538,0.83808374,0.0,True,1.0579164499753513,0.9948443379416595
515,2926,216.97197,826,3144.5352,3.0993199,5,56.589508,1.0058737213359208,0.9909810924994208,1731.8865103338724,0.99742055,0.95112586,0.0,True,1.0033377699351445,0.9790245227495946
516,7438,220.06102,826,3100.3945,3.0046062,5,161.01576,1.0201852378665788,1.1087329030825426,1961.7617186082903,0.97110766,0.98338974,0.0,True,1.0054619645066052,1.07112995415778
517,35997,276.00162,826,2472.0,3.0531383,5,79.040039,1.2793116697406894,1.3426189489586167,2895.6010130590375,1.1272599,1.1728641,0.0,True,1.2336961388184826,1.2916924942710317
518,1439,178.90887,826,3813.5391,3.0077219,4,46.299088,0.8295071778817482,0.8818128812809446,1301.220777755641,0.88292289,0.86174279,0.0,True,0.8455318915172239,0.8757918538966611
519,0,147.32478,826,4631.1016,0.99197072,1,149.54082,0.6831313759530906,0.0,102.11775588361422,0.80714172,0.0,0.0,True,0.7203344791671634,0.0
520,77215,282.95074,826,2411.2891,2.9936337,5,113.92039,1.3114952000315527,1.4448748960855406,3184.4337115754774,1.0878099,1.149891,0.0,True,1.2443896100220868,1.3563797272598783
521,6764,238.95915,826,2855.1992,3.9655759,5,44.730911,1.1077341303114132,1.1082654206521734,2107.5397351628953,1.0412445,0.77065766,0.0,True,1.0877872412179892,1.0069830924565213
522,3017,220.13951,826,3099.2891,2.0823932,4,23.930004,1.0205488649666572,0.9965738487676927,1763.907653652008,0.9753077,0.87816262,0.0,True,1.0069765154766601,0.9610504801373849
523,4005,179.52693,826,3800.4102,3.0115397,4,48.330147,0.832371286753456,1.0062951642441382,1489.3191667023075,0.88496089,0.95163411,0.0,True,0.8481481677274192,0.9898968479708967
524,69022,281.84717,826,2420.7305,3.0671406,5,103.25489,1.3063842928210403,1.4297580849760743,3140.400228985862,1.0844834,1.1546494,0.0,True,1.2398140249747283,1.3472254794832519
525,6139,219.21477,826,3112.3633,3.0190403,5,57.642765,1.0162645671230668,1.0843449085215395,1912.154072965258,1.0102422,1.0057498,0.0,True,1.0144578569861467,1.0607663759650778
526,46512,276.98993,826,2463.1797,4.0171089,6,45.769924,1.283888988270699,1.376043731635653,2976.9516607520472,1.1325015,1.183725,0.0,True,1.2384727417894894,1.3183481121449572
527,2582,179.26234,826,3806.0195,3.0375605,5,46.844448,0.8311451847708411,0.9528909271165866,1408.4810318220646,0.88388294,0.89346141,0.0,True,0.8469665113395888,0.9350620719816106
528,8645,220.69417,826,3091.5,2.9827113,5,53.476494,1.0231184971515972,1.1278364637235414,2000.5855268127655,0.9762584,0.99353808,0.0,True,1.0090604680061181,1.0875469486064788
529,5724,218.99983,826,3115.418,3.0939116,5,56.806679,1.0152687483483016,1.0755140588234589,1894.9557033877927,1.0127294,1.0134659,0.0,True,1.014506943843811,1.056899611176421
530,67455,281.84308,826,2420.7656,3.0202212,5,93.897652,1.3063653664797228,1.4268086784265397,3133.8824375605245,1.0844834,1.1520258,0.0,True,1.2398007765358061,1.3443738148985778
531,1065,215.89491,826,3160.2227,3.9933002,5,48.354004,1.0008836730374702,0.8650414141423032,1505.3501990902296,0.97443706,0.83107519,0.0,True,0.992949689126229,0.8548515468996123
532,8072,220.38173,826,3095.8828,3.0271237,5,53.526844,1.0216710170373347,1.1191078103238676,1982.6431437248132,1.0063541,0.98355365,0.0,True,1.0170759419261342,1.0784415622267072
533,8794,220.06851,826,3100.2891,4.011797,6,55.832901,1.0202198985705315,1.129563757033044,1998.6737287750366,0.97110784,0.99554497,0.0,True,1.005486280999372,1.0893581209231307
534,4053,217.9045,826,3131.0781,3.088475,5,46.990078,1.0101941189842876,1.0319709435814979,1810.2865147879884,1.0012976,0.95208567,0.0,True,1.0075251632890012,1.0080053615070486
535,57202,280.13345,826,2435.5391,4.050818,6,95.078682,1.2984477134904076,1.404557603096729,3068.6880112895524,1.0822728,1.1403826,0.0,True,1.2335952394432852,1.3253051021677102
536,6000,219.92387,826,3102.3281,3.0420532,5,49.253349,1.0195497927356536,1.0819322240459066,1913.3042462898493,0.97508311,0.98479491,0.0,True,1.0062097879149574,1.0527910298321346
537,88829,261.88937,826,2605.207,3.0541434,5,99.019539,1.2139492840186705,1.4484965441908597,2984.0960608598166,1.0862718,1.1810752,0.0,True,1.1756460388130694,1.368270140933602
538,89968,262.39532,826,2600.1836,2.0204363,4,100.86913,1.2162927592574428,1.4504716532659077,2993.204175608187,1.0872389,1.1824226,0.0,True,1.1775766014802098,1.3700569372861353
539,3115,239.37442,826,2850.2461,2.9765902,4,80.379082,1.1096577784569381,1.0110722027885972,1925.677749836064,1.0860671,0.95793688,0.0,True,1.1025805749198567,0.9951316059520181
540,131360,326.94281,826,2086.8359,2.0354514,4,46.614876,1.5152061829933436,1.541654667103495,3853.2538481411825,1.2314408,1.3164212,0.0,True,1.4300765680953405,1.4740846269724464
541,79116,262.69287,826,2597.2383,3.0138502,4,104.50805,1.2176709888194805,1.4343340990633446,2962.832940115923,1.088183,1.1836402,0.0,True,1.1788245921736364,1.3591259293443412
542,233,211.54871,826,3225.1484,2.4169874,3,93.07164,0.9807472971923031,0.6751915815600901,1154.9682726518836,0.98856127,0.40835407,0.0,True,0.9830914890346122,0.5951403280920631
543,882,215.17996,826,3170.7227,0.85845566,2,25.520973,0.997571288199396,0.8413259090320993,1459.8791993600855,1.0357188,0.86996919,0.0,True,1.0090155417395772,0.8499188933224695
544,1769,238.78471,826,2857.2852,1.4342768,3,46.108845,1.1069259795904465,0.9396957790192307,1785.942395011079,1.0855663,0.9253912,0.0,True,1.1005180757133126,0.9354044053134615
545,2880,233.88644,826,2917.125,3.9836435,5,179.22325,1.084234854944021,0.9983095222181946,1863.1954615258892,1.0202488,0.66179693,0.0,True,1.0650390384608146,0.8973557445527361
546,11866,233.28635,826,2924.6289,4.0569625,5,181.56213,1.081454868069698,1.1753417299209257,2188.599450109723,1.0158745,0.63954026,0.0,True,1.0617807576487888,1.014601288944648
547,77202,326.58517,826,2089.1211,3.0460322,5,183.76601,1.5135503491110418,1.4719188030120942,3675.4569587401006,1.23197,1.3287185,0.0,True,1.4290762443777292,1.4289587121084661
548,247,219.38824,826,3109.9023,3.9603531,4,226.88185,1.0170682643020206,0.6854675758831165,1210.4642802382944,0.98322266,0.41972345,0.0,True,1.0069145830114143,0.6057443381181815
549,5345,218.93532,826,3116.3359,3.0554345,5,57.066605,1.0149698981878332,1.0669612620862798,1879.4044828160995,1.0044166,0.94784212,0.0,True,1.0118039087314834,1.0312255194603959
550,4808,218.19685,826,3126.8828,3.040683,5,52.226196,1.011548617589149,1.0533615229417397,1849.9715985034343,1.0062113,0.96370041,0.0,True,1.0099474223124043,1.0264631890592177
551,0,172.62294,826,3952.4062,1.952979,2,127.00722,0.8003773286969016,0.0,119.6531041609686,0.89943343,0.0,0.0,True,0.830094159087831,0.0
552,5037,218.07753,826,3128.5938,3.0647392,5,51.370674,1.0109957641066258,1.0590693921117773,1859.1028588282309,1.0074131,0.97856921,0.0,True,1.0099209648746381,1.0349193374782442
553,7336,236.20457,826,2888.4961,2.0255809,4,115.9999,1.0949736520794704,1.116839521065647,2102.4147398357113,0.98045987,0.94247442,0.0,True,1.0606195174556292,1.064529990745953
554,8375,250.07146,826,2728.3242,3.0548592,5,331.37048,1.1592092510253784,1.1416212326881918,2258.956799235739,0.97954905,0.90513963,0.0,True,1.1053111907177648,1.0706767518817342
555,6824,235.73563,826,2894.2422,2.0440276,4,108.70021,1.0928012411871029,1.1074868535353484,2081.1906255611225,0.98049009,0.94234037,0.0,True,1.059107895830972,1.0579429084747438
556,4287,224.88542,826,3033.8828,3.9390817,5,376.07257,1.042535986876195,1.0430236442658558,1880.89867379431,1.0363657,0.89701378,0.0,True,1.0406849008133365,0.9992206849860992
557,2358,235.00769,826,2903.207,4.0494242,5,380.74435,1.089429108128428,0.9738405829059126,1825.1676947805647,0.97993547,0.78341991,0.0,True,1.0565810166898997,0.9167143810341388
558,424,219.5079,826,3108.207,3.9848535,4,382.07089,1.017622644067892,0.7524885274869137,1328.9972665769624,0.97666425,0.44690895,0.0,True,1.0053351258475243,0.6608146542408396
559,2817,217.00002,826,3144.1289,3.0218434,5,46.315418,1.0060036227182128,0.9862851016236905,1723.8779944545122,0.99920905,0.91846621,0.0,True,1.0039652509027488,0.9659394341365835
560,947,216.7988,826,3147.0469,3.0017495,4,47.02808,1.0050714300058428,0.8509258367384805,1486.244401048074,0.99879169,0.51584667,0.0,True,1.00318750800409,0.7504020867169364
561,49041,278.60794,826,2448.875,4.2003279,6,112.04155,1.2913824943901528,1.3838532203259082,3009.091889875485,1.080451,1.125577,0.0,True,1.228103046073107,1.3063703542281357
562,39034,276.74066,826,2465.3984,3.0663853,5,198.50035,1.2827345073006717,1.3534469800715663,2925.7685580126868,1.1332837,1.1915787,0.0,True,1.23789926511047,1.3048864960500963
563,1993,178.0802,826,3831.2852,3.9785867,5,195.22916,0.8256669947069072,0.9207633188325657,1353.1244722458773,0.9165988,0.79482114,0.0,True,0.8529465362948351,0.8829806651827959
564,0,171.86131,826,3969.9219,1.9932859,2,156.80911,0.7968477605107154,0.0,119.12518247383873,0.90221524,0.0,0.0,True,0.8284580043575007,0.0
565,433,215.57622,826,3164.8945,4.0202675,5,196.00999,0.9994071703173143,0.7534025927638723,1309.700132574101,0.97411799,0.77868569,0.0,True,0.99182041622212,0.7609875219347106
566,5133,219.77222,826,3104.4688,2.1186447,4,165.7207,1.0188472103561657,1.0624351919431971,1877.6976121556131,0.97491235,0.97929704,0.0,True,1.005666752249316,1.037493746360238
567,6351,220.90686,826,3088.5234,2.77156,5,207.47798,1.0241039012804323,1.0896052982911508,1934.4112176991869,0.97303188,0.87006342,0.0,True,1.0087822948963026,1.0237427348038057
568,0,223.54988,826,3052.0078,0.98937958,2,169.02962,1.0363487188665548,0.0,154.9529690365141,1.0243585,0.0,0.0,True,1.0327516532065883,0.0
569,5950,238.44633,826,2861.3398,4.0922775,6,384.70203,1.1053585295529595,1.0918609079158723,2072.452122628452,1.0434694,0.94768178,0.0,True,1.0867917906870717,1.0486071695411106
570,6505,235.73785,826,2894.2148,1.9796373,4,57.757675,1.092811579769037,1.1014833399799808,2069.9277335302786,0.98049021,0.96870393,0.0,True,1.0591151688383258,1.0616495169859865
571,0,157.53427,826,4330.9688,1.9906439,2,94.547249,0.7304500025337053,0.0,109.19443509206917,0.81142288,0.0,0.0,True,0.7547418657735937,0.0
572,1465,194.12807,826,3514.5664,3.0111942,4,57.843452,0.9000305158288681,0.8928137726327443,1415.3828620995753,0.88794076,0.86463743,0.0,True,0.8964035890802076,0.8843608698429211
573,5618,235.73404,826,2894.2617,2.9829226,4,46.361778,1.0927938835563324,1.0830942595893125,2035.3481967581756,0.98049009,0.95681423,0.0,True,1.0591027454894326,1.0452102507125187
574,1333,194.10823,826,3514.9258,2.9979532,4,55.445255,0.8999385403406764,0.8812473767370099,1396.9360921294253,0.88789421,0.85908926,0.0,True,0.8963252412384736,0.8745999417159069
575,7188,250.07574,826,2728.2773,2.9899025,4,46.224098,1.1592291636232208,1.1223102292958755,2220.7842176929503,0.97954917,0.95163023,0.0,True,1.1053251655362546,1.0711062295071128
576,59827,290.64908,826,2347.4219,2.0180278,4,112.70866,1.347147173072008,1.4169972860763485,3196.9206643900197,1.0908116,1.0868974,0.0,True,1.2702465011504056,1.3179673202534439
577,60448,290.69843,826,2347.0234,2.9883239,5,49.050953,1.347375709811348,1.4183585684170228,3200.465253523868,1.0908123,1.0905743,0.0,True,1.2704066868679436,1.320023287891916
578,59157,290.67712,826,2347.1953,3.0184503,5,65.449883,1.3472771169508408,1.4155640256096276,3193.955547612091,1.090812,1.0904316,0.0,True,1.2703375818655886,1.3180242979267394
579,40,174.80862,826,3902.9883,2.9448869,3,337.99991,0.81050615975942,0.44902691335430206,653.3768679880424,0.91786557,0.27537999,0.0,True,0.8427139828315939,0.39693283634801146
580,573,206.99287,826,3296.1328,2.9817188,3,56.785988,0.959639063332582,0.7841382591927197,1315.3092917866609,1.0151197,0.86662412,0.0,True,0.9762832543328075,0.8088840174349037
581,5887,214.50819,826,3180.6523,3.930407,5,49.405754,0.9944589520314442,1.0762340394740586,1862.111594183356,1.0163429,1.0130332,0.0,True,1.001024136422011,1.057273787631841
582,4612,214.49608,826,3180.832,3.0324335,5,38.162636,0.9944028057209635,1.0459707688060895,1809.671346654659,1.0163425,0.98511553,0.0,True,1.0009847140046744,1.0277141971642627
583,468,188.70148,826,3615.6367,3.8807087,4,39.737926,0.8748852727357795,0.7506362446241757,1161.0297655350528,0.9255569,0.45978189,0.0,True,0.8900867609150458,0.663379938236923
584,1321,177.98801,826,3833.2695,3.0299244,5,47.787506,0.82523980933764,0.8709013985088773,1279.3167952030644,0.92131996,0.82454294,0.0,True,0.8540638545363479,0.8569938609562141
585,4462,217.3159,826,3139.5586,3.0212483,5,31.419476,1.007467144155282,1.0435605254869953,1826.2794699605017,0.97190893,0.9744162,0.0,True,0.9967996799086974,1.0228172278408967
586,3611,213.99203,826,3188.3242,2.9866006,5,88.369156,0.9920675368786864,1.0153473922230742,1753.0855658845576,1.015051,0.9616617,0.0,True,0.9989625758150805,0.9992416845561519
587,40087,275.66141,826,2475.0508,2.0471911,4,92.590637,1.27773603631321,1.3561770571666447,2921.6959370798168,1.1377618,1.2002271,0.0,True,1.235743765419247,1.3093920700166513
588,2006,225.5123,826,3025.4492,2.0537028,4,31.79727,1.0454401913460565,0.9486752042213018,1714.9972456251344,1.028324,0.92277962,0.0,True,1.0403053339422397,0.9409065289549112
589,967,213.47784,826,3196.0039,4.0481396,5,44.31641,0.9896851817280352,0.8518866691381891,1467.9301166148791,1.0142133,0.64169145,0.0,True,0.9970436172096246,0.7888281033967324
590,34423,291.63715,826,2339.4688,4.07125,6,101.3473,1.35172293175056,1.346379970884189,3046.598664059565,1.0960495,1.0238411,0.0,True,1.2750209022253918,1.2496183096189324
591,0,183.29646,826,3722.2539,2.0008843,2,112.19871,0.8498392311379376,0.0,127.05142445561879,0.88814533,0.0,0.0,True,0.8613310607965563,0.0
592,47727,292.14789,826,2335.3789,3.9695394,6,103.86433,1.3540881501661821,1.3888071968885083,3147.3952444277247,1.0970241,1.0382648,0.0,True,1.2769689351163276,1.2836444778219558
593,60124,292.09805,826,2335.7773,3.0573163,5,82.498604,1.3538573887848364,1.4185428548017227,3214.304672250156,1.0963827,1.0919185,0.0,True,1.2766149821493853,1.320555548361206
594,60338,291.42792,826,2341.1484,2.002008,4,38.392651,1.3507539987388189,1.4185813775889247,3207.965835798898,1.0933398,1.0887188,0.0,True,1.2735297391171732,1.3196226043122472
595,917,234.29274,826,2912.0664,3.1696906,5,155.64256,1.086117005068404,0.8551640152068453,1598.6464014106891,1.0208461,0.80250823,0.0,True,1.066535733547883,0.8393672796447916
596,61209,291.15051,826,2343.3789,2.0519059,4,82.212547,1.3494694059618535,1.4202542768492434,3209.0848511457916,1.0923378,1.0868326,0.0,True,1.2723299241732975,1.3202277737944703
597,2446,221.56595,826,3079.3359,2.9771683,4,32.247417,1.0271574322482873,0.9712669979437667,1728.8850111716836,1.0511863,0.60260987,0.0,True,1.034366092573801,0.8606698595606367
598,60339,290.92065,826,2345.2305,2.013648,4,41.078938,1.3484048843683931,1.4182655079243767,3202.3867555128436,1.091047,1.0851865,0.0,True,1.2711975190578753,1.3183418055470635
599,61290,326.32159,826,2090.8086,2.9987078,5,154.43227,1.5123299239779815,1.441580113405302,3597.1749187973596,1.2330391,1.3340684,0.0,True,1.428542676784587,1.4093265993837112
600,9189,226.4749,826,3012.5898,2.5210044,4,171.46002,1.0498997478656849,1.1390892404601987,2066.8054131920258,0.96817529,0.70560479,0.0,True,1.0253824105059794,1.009043905322139
601,9243,217.83167,826,3132.125,0.62320054,2,60.158081,1.0098566811912306,1.1343166028402811,1989.2035530382777,0.94818705,0.61912435,0.0,True,0.9913557918338614,0.9797589269881968
602,9702,230.61581,826,2958.4961,1.30015,3,156.15477,1.0690833441525107,1.1484641246483227,2117.1208101533225,0.97609013,0.7881279,0.0,True,1.0411853799067576,1.040363257253826
603,1960,214.95805,826,3173.9961,3.0227647,5,47.431633,0.9965431226248879,0.9401661650768763,1629.7516694880378,0.96535301,0.87205458,0.0,True,0.9871860888374215,0.9197326895538135
604,84,173.87172,826,3924.0195,3.8868399,4,118.23223,0.8061643786890171,0.5368350233930701,774.4850258769469,0.88294089,0.32849985,0.0,True,0.829197332082312,0.47433447137514906
605,43,176.04372,826,3875.6055,3.0465932,4,45.375702,0.8162297765820854,0.4579552056418076,670.139025483629,0.91667759,0.28058967,0.0,True,0.8463641206074598,0.4047455449492653
606,2255,211.26161,826,3229.5312,3.0127268,4,53.971687,0.9794171478023996,0.9554917428724456,1631.3181628552331,1.0145017,0.9004069,0.0,True,0.9899425134616797,0.9389662900107119
607,39238,275.58966,826,2475.6953,2.0196791,4,48.457138,1.2774036706363634,1.353393026033619,2915.0363765572274,1.138608,1.2023922,0.0,True,1.2357649694454542,1.3080927782235334
608,3338,225.616,826,3024.0586,2.0087831,4,93.620445,1.0459206146696782,1.0122365227695336,1830.586424612376,1.0287623,0.95459515,0.0,True,1.0407731202687747,0.9949441109386735
609,914,212.84361,826,3205.5273,3.0646901,5,46.305809,0.9867467288395224,0.8445986501508586,1451.5969033163183,0.96299559,0.76563698,0.0,True,0.9796213871876657,0.820910149105601
610,1275,211.08978,826,3232.1602,3.0116668,5,118.38709,0.9786209943893521,0.8848840134373785,1509.7708593207603,1.0140719,0.84577507,0.0,True,0.9892562660725465,0.8731513304061649
611,2844,216.67885,826,3148.7891,3.2325995,4,174.17007,1.0045156849560213,0.9872876512752902,1723.3920209175928,0.97099137,0.62672335,0.0,True,0.9944583904692149,0.8791183608927031
612,2451,195.02676,826,3498.3711,2.7378418,3,43.248604,0.9041947212221201,0.9563467039413538,1522.1969372245098,0.90801984,0.58203375,0.0,True,0.9053422568554841,0.8440528177589477
613,2782,222.20129,826,3070.5312,2.7717731,4,158.29048,1.0301008728368537,0.9876350629352701,1762.4215333879356,0.97590286,0.8034609,0.0,True,1.0138414689857975,0.932382814054689
614,112,210.71721,826,3237.875,4.0072637,5,48.175812,0.9768948095029795,0.5848122887740559,997.998523052017,1.013249,0.53221768,0.0,True,0.9878010666520857,0.5690339061418391
615,39162,275.54791,826,2476.0703,2.9981303,5,45.027317,1.2772103644268953,1.3531187727006577,2914.060569487736,1.1390351,1.2048025,0.0,True,1.2357577850988268,1.3086238908904604
616,0,157.77832,826,4324.2695,2.0053089,2,170.27058,0.7315811164649972,0.0,109.36359766148483,0.84329939,0.0,0.0,True,0.765096598525498,0.0
617,674,212.9108,826,3204.5156,2.9902439,4,44.717709,0.9870580610736668,0.8069502504179075,1387.3678807747683,0.96352416,0.48615545,0.0,True,0.9799978907515667,0.7107118102925353
618,735,195.84221,826,3483.8047,2.9737177,4,48.008163,0.9079731491952103,0.8092974986851117,1293.0654045256013,0.93175989,0.49244243,0.0,True,0.9151091714366473,0.7142409780795782
619,4387,225.61017,826,3024.1367,3.0338571,5,45.013214,1.0458936210444378,1.0463180413187445,1892.1601635261998,1.0287622,0.97617048,0.0,True,1.0407541947311065,1.0252737729231212
620,43314,290.59976,826,2347.8203,3.0149088,5,113.8524,1.3469187711666573,1.3753593949687377,3102.5236387268806,1.090528,1.0842576,0.0,True,1.27000153981666,1.2880288564781164
621,2557,195.44949,826,3490.8047,3.006093,5,48.387066,0.9061534619838508,0.961787560429049,1533.7648232177942,0.92711961,0.96618384,0.0,True,0.9124433063886955,0.9631064443003343
622,2592,194.55016,826,3506.9414,3.0389309,5,47.297474,0.9019863001811502,0.9629093859477565,1529.3503185397199,0.92708206,0.94475156,0.0,True,0.9095150281268052,0.9574620381634296
623,6659,226.38861,826,3013.7383,4.0998535,6,47.653591,1.0494999088410508,1.098845486954891,1993.1309600627053,1.0314078,1.046345,0.0,True,1.0440722761887355,1.0830953408684236
624,6120,221.60278,826,3078.8242,2.9712331,4,31.806313,1.0273280347961644,1.085420157895107,1932.2973774930394,1.0462676,0.65924108,0.0,True,1.033009904357315,0.9575664345265749
625,66,176.35674,826,3868.7266,4.000227,4,81.941063,0.8176803473896777,0.508952986332675,744.1386232897394,0.94476944,0.31246844,0.0,True,0.8558070751727744,0.4500076224328725
626,4593,221.60278,826,3078.8242,2.0118861,4,55.128414,1.0273280347961644,1.04969695570087,1868.7150890822336,1.0462676,0.87895161,0.0,True,1.033009904357315,0.9984733519906089
627,66,234.15987,826,2913.7188,4.0483589,4,118.83861,1.0855014794082563,0.5270217522021924,988.0393757080355,1.0913249,0.8593964,0.0,True,1.0872485055857795,0.6267341465415346
628,458,231.47617,826,2947.5,2.0704396,4,92.890778,1.073069018795886,0.7671160685587255,1419.2328251881027,1.0209364,0.88507617,0.0,True,1.0574292331571202,0.8025040989911079
629,3952,221.6053,826,3078.7891,2.0054011,4,85.026817,1.0273397393344665,1.030991690334091,1835.4421307866123,1.0462676,0.95215517,0.0,True,1.0330180975341265,1.0073407342338638
630,59464,325.92215,826,2093.3711,2.0009449,4,91.525383,1.510480444699493,1.4373949071546324,3582.914342374961,1.2335733,1.3345373,0.0,True,1.427408301289645,1.4065376250082426
631,0,234.09521,826,2914.5234,4.0147533,4,120.71822,1.08520201515903,0.0,162.2624347940883,1.0904267,0.0,0.0,True,1.086769420611321,0.0
632,2529,221.5623,826,3079.3867,1.8170304,4,312.84946,1.027140498444569,0.9754172038471846,1736.244107796827,1.0511863,0.90621418,0.0,True,1.0343542389111982,0.9546562966930292
633,2822,221.35143,826,3082.3203,2.0154767,4,86.05471,1.026163550827865,0.9889406540995322,1758.838452303743,1.0471669,0.99093354,0.0,True,1.0324645555795056,0.9895385198696727
634,58460,290.71149,826,2346.918,2.0046189,4,15.521403,1.347436168882211,1.414058649602502,3190.887760691132,1.0908127,1.0929117,0.0,True,1.2704491282175476,1.3177145647217514
635,58367,290.72308,826,2346.8242,2.0114698,4,41.104275,1.3474899785767132,1.4138608131235426,3190.5521302613042,1.0908129,1.093163,0.0,True,1.2704868550036992,1.31765146918648
636,4197,224.71413,826,3036.1953,3.0110555,5,86.149429,1.0417424682799246,1.040279514336572,1874.7004786114865,1.0372521,0.92288393,0.0,True,1.0403953577959473,1.0050608390356004
637,57739,290.74295,826,2346.6641,3.0116887,5,56.341515,1.347581832131068,1.4124795649279152,3187.625101737657,1.0908132,1.0929359,0.0,True,1.2705512424917476,1.3166164654495405
638,39,178.63588,826,3819.3672,4.0077415,4,202.84613,0.8282420676396829,0.44721142816734744,663.3772140791427,0.94198382,0.31565434,0.0,True,0.8623645933477782,0.4077443017171432
639,57587,290.79135,826,2346.2734,3.985316,6,113.96262,1.347806039509056,1.4121702220890764,3187.389244388704,1.0908142,1.0928154,0.0,True,1.2707084876563393,1.3163637754623534
640,2785,224.31097,826,3041.6523,2.0240464,4,87.217201,1.0398747159583457,0.9889317715304818,1779.3963484138724,1.0381324,0.94156635,0.0,True,1.039352021170842,0.9747221450713373
641,9,178.49275,826,3822.4297,4.0027676,4,201.78398,0.827578833764016,0.2791206407227075,428.0069214537814,0.94124603,0.17106731,0.0,True,0.8616789926348112,0.24670464150589524
642,1510,220.43179,826,3095.1797,3.1945951,4,230.72543,1.0219029496217045,0.9106752743334137,1613.8226984895998,1.0474658,0.73092616,0.0,True,1.029571804735193,0.8567505400333896
643,32550,275.51749,826,2476.3438,3.2245672,5,157.14792,1.2770694166557786,1.3294391994217454,2862.790403197889,1.1390345,1.2128438,0.0,True,1.2356589416590449,1.2944605795952218
644,4257,238.11508,826,2865.3203,4.0234418,5,243.03365,1.103824037704635,1.0496230444915267,1989.8776407969394,1.0457042,0.97002047,0.0,True,1.0863880863932445,1.0257422721440688
645,1508,224.10893,826,3044.3945,2.0523815,4,85.663422,1.0389386768320603,0.9123864270185683,1640.4470971640133,1.0385733,0.95655471,0.0,True,1.0388290637824422,0.9256369119129978
646,0,205.54713,826,3319.3164,2.0157673,2,75.24044,0.9529405481930193,0.0,142.47441363168855,1.0339231,0.0,0.0,True,0.9772353137351135,0.0
647,0,178.52084,826,3821.8281,1.9972696,2,41.940605,0.8277090361197109,0.0,123.7412169171931,0.96058565,0.0,0.0,True,0.8675720202837975,0.0
648,31495,274.92767,826,2481.6562,2.8445916,5,49.161221,1.2743378374746335,1.324860849996223,2847.603916450719,1.1407462,1.2144079,0.0,True,1.2342603462322435,1.2917249649973561
649,2444,220.45934,826,3094.793,2.7968428,4,42.764385,1.02203055578415,0.9705608741984704,1720.0699164016908,1.0474665,0.92333746,0.0,True,1.0296613390489049,0.9563938499389293
650,1133,223.60655,826,3051.2344,3.0149229,4,41.284969,1.0366112313350282,0.8765275853427328,1572.9352163700476,1.0439425,0.97460335,0.0,True,1.0388106119345197,0.9059503147399128
651,26161,272.42813,826,2504.4258,1.7976203,4,71.856873,1.2627611281923707,1.2996100361921816,2771.1665837931973,1.1640494,1.3219426,0.0,True,1.2331476097346594,1.3063098053345272
652,23849,272.1713,826,2506.7891,2.0177314,4,102.15317,1.2615715968067884,1.2876339705465676,2743.3727796691182,1.1633482,1.3214713,0.0,True,1.232104577764752,1.2977851693825972
653,26324,272.423,826,2504.4727,2.178072,4,12.640199,1.2627374999689667,1.300400473050239,2772.8063779646386,1.1642857,1.3221337,0.0,True,1.2332019599782766,1.3069204411351674
654,39596,290.02167,826,2352.5,2.9264607,5,108.02911,1.3442416950258933,1.3634486860337247,3070.324238555243,1.0898241,1.0804628,0.0,True,1.2679164165181254,1.2785529202236072
655,3855,220.69333,826,3091.5117,3.0047019,4,44.661495,1.0231146276054057,1.0273721170070806,1822.4071637846848,1.0449415,0.62249935,0.0,True,1.029662689323784,0.9059102869049565
656,3173,194.75668,826,3503.2227,3.0024359,5,49.064339,0.902943219824083,0.9878040811877026,1570.3353632411404,0.92673147,0.91439086,0.0,True,0.9100796948768581,0.9657801148313918
657,777,194.59177,826,3506.1914,3.0176773,4,48.276577,0.9021791316569744,0.8154614246871504,1295.59415409554,0.92637235,0.42873517,0.0,True,0.909437097159882,0.6994435482810053
658,6300,222.39481,826,3067.8594,3.9980516,5,47.176102,1.0309974036395497,1.0895114081025763,1945.6481991334967,0.97630036,0.86249483,0.0,True,1.0145882905476848,1.0214064346718033
659,30978,289.61676,826,2355.7891,3.0782113,5,93.399551,1.3423664868662195,1.3315983908416287,2994.955040993591,1.0894715,1.0763568,0.0,True,1.2664979908063536,1.2550259135891402
660,4308,174.42213,826,3911.6367,3.0979404,4,57.397621,0.8087150937997044,1.011602730484009,1459.6852903123972,0.94007266,0.94737744,0.0,True,0.8481223636597931,0.9923351433388062
661,0,171.32138,826,3982.4336,1.1687582,2,23.009645,0.7943455428491683,0.0,118.750931516639,0.93200296,0.0,0.0,True,0.8356427679944178,0.0
662,9438,230.67186,826,2957.7773,3.0267835,4,48.090408,1.0693429775741794,1.1450479376507237,2111.2729301886616,0.97648352,0.84378219,0.0,True,1.0414851403019256,1.0546682133555065
663,23172,289.57883,826,2356.0977,2.0034094,4,97.083351,1.3421908137811533,1.2941924342545574,2910.494919831018,1.0894709,1.0671414,0.0,True,1.2663748396468073,1.22607712397819
664,57345,325.52124,826,2095.9492,3.038624,5,136.21092,1.508624265515326,1.4324203399013593,3566.695800462305,1.2341087,1.3348404,0.0,True,1.426269595860728,1.4031463579309515
665,16,178.63843,826,3819.3125,3.9578471,4,200.38965,0.8282539234722273,0.3434776332135637,516.3314729469109,0.94299865,0.21051867,0.0,True,0.8626773414305591,0.3035899442494946
666,0,186.31638,826,3661.9219,1.9999943,2,30.899845,0.8638331158037146,0.0,129.14467348913539,1.013034,0.0,0.0,True,0.9085933810626002,0.0
667,2058,221.31357,826,3082.8477,3.0045438,4,103.35445,1.02598811310473,0.9496419367067764,1688.7246225920392,1.0476192,1.0135225,0.0,True,1.032477439173311,0.9688061056947436
668,0,244.32274,826,2792.5195,2.0314822,3,72.106758,1.1325800628474647,0.0,169.35161837768058,1.0753404,0.0,0.0,True,1.1154081639932254,0.0
669,2544,231.04932,826,2952.9453,2.8515301,5,69.396095,1.0710915937897278,0.981269290336289,1811.9531791654945,1.1111031,0.9083662,0.0,True,1.0830950456528095,0.9593983632354022
670,716,231.01997,826,2953.3203,3.1850982,4,56.370209,1.0709556831922638,0.8227380057509419,1519.2958025474336,1.1111023,0.4886921,0.0,True,1.0829996682345846,0.7225242340256592
671,1636,221.42775,826,3081.2578,3.1673601,4,43.216373,1.026517169903362,0.9211550264815903,1638.8379861086291,1.0511832,0.94221371,0.0,True,1.0339169789323535,0.9274726315371132
672,53421,325.82184,826,2094.0156,4.0196829,6,49.261318,1.5100159898325496,1.4233254390937398,3546.895456726239,1.2341131,1.3355578,0.0,True,1.4272451228827847,1.396995147365618
673,29118,273.01749,826,2499.0195,2.0355551,4,85.41909,1.2654907612429513,1.313653499209892,2806.3960599977854,1.1652514,1.323661,0.0,True,1.235418952870066,1.3166557494469244
674,0,218.39111,826,3124.1016,2.5282326,3,68.245949,1.0124485624326687,0.0,151.37718215585687,1.0036142,0.0,0.0,True,1.009798253702868,0.0
675,1440,144.03612,826,4736.8398,3.110245,3,53.459095,0.6678885981624586,0.8593218362456768,1047.6879589314656,0.85372406,0.8596155,0.0,True,0.723639236713721,0.8594099353719737
676,0,122.26835,826,5580.1523,1.024398,1,18.925215,0.5669886633043791,0.0,84.74996207421658,0.78062433,0.0,0.0,True,0.6310793633130654,0.0
677,5493,231.08539,826,2952.4844,4.2528434,6,132.42203,1.0712586842355525,1.0775824812268477,1990.0135272398031,1.0403924,1.053768,0.0,True,1.0619987989648867,1.0704381368587934
678,13204,289.10861,826,2359.9297,2.4905927,5,56.066879,1.3400132404188259,1.221520232122768,2743.185811175733,1.0891184,1.0574939,0.0,True,1.2647447882931782,1.1723123324859377
679,3102,220.64371,826,3092.207,3.0127382,4,125.33358,1.0228847232710887,1.000312854129277,1774.0740299486479,1.045844,0.98841709,0.0,True,1.029772506289762,0.9967441248904938
680,9363,287.0593,826,2376.7773,3.5950477,5,46.522617,1.3305226474703897,1.1761938955975455,2625.0811172327026,1.0818326,0.97938579,0.0,True,1.255915633229273,1.1171514639182818
681,501,247.30716,826,2758.8203,4.5570836,5,64.682175,1.1464045924823378,0.7848155624783412,1538.3964884912834,1.0592241,1.0032988,0.0,True,1.1202504447376365,0.8503605337348389
682,13896,262.83755,826,2595.8086,2.7987151,5,118.90206,1.2183411321905955,1.2132342284695408,2507.3388670675654,1.1641564,1.3212308,0.0,True,1.2020857125334168,1.2456331999286785
683,9431,262.40833,826,2600.0547,3.0230894,5,134.85512,1.2163530116943604,1.1637017222827217,2401.5530218553117,1.1641513,1.3205441,0.0,True,1.2006924981860523,1.2107544355979052
684,6111,261.28369,826,2611.2461,3.3587914,5,258.46661,1.211143899129311,1.10793078200746,2277.916393216017,1.1641363,1.3191851,0.0,True,1.1970416193905178,1.1713070774052219
685,0,172.9263,826,3945.4727,1.9957318,2,65.046371,0.8017831436651774,0.0,119.86337728966326,,,,False,0.8017831436651774,0.0
686,2450,218.52582,826,3122.1758,2.9931881,4,44.302677,1.0130726545345066,0.9698040250542386,1705.5195727098085,0.9689818,0.84346437,0.0,True,0.9998453981741546,0.931902128537967
687,6529,284.42239,826,2398.8125,1.9957489,4,20.639751,1.318310809752309,1.1284925473697762,2498.455966333,1.0786976,0.9421227,0.0,True,1.2464268468266164,1.0725815931588434
688,0,213.1946,826,3200.25,1.9709651,2,19.412104,0.9883728849835165,0.0,147.7752359006053,0.96968162,0.0,0.0,True,0.9827655054884615,0.0
689,0,227.12546,826,3003.9609,0.72294074,1,12.500383,1.0529135861143322,0.0,157.43137223238062,1.0339731,0.76535392,6.597530369299969,True,1.0472314402800325,0.22960617600000005
690,1443,283.2793,826,2408.4922,1.7376714,3,38.919186,1.313016931122393,0.9341514356225337,2061.1018309376013,1.0774029,0.85333139,0.0,True,1.242332721785675,0.9099054219357736
691,0,266.72449,826,2557.9805,0.69444388,2,60.84446,1.2363442108010063,0.0,184.87932822978934,1.1639798,1.3202906,6.747173539486572,True,1.2146348875607043,0.3960871800000001
692,36,126.42825,826,5396.5469,4.0737462,4,122.78466,0.5862720338575674,0.4201638778261304,459.89365239842743,0.8227095,0.26561192,0.0,True,0.6572032737002972,0.3737982904782913
693,4331,216.96362,826,3144.6562,3.9622407,4,455.22687,1.0058350419529358,1.0396517041312892,1816.8566998365172,0.98287237,0.9189834,0.0,True,0.998946240367055,1.0034512128919024
694,8555,150.93976,826,4520.1875,2.203855,4,89.200951,0.6998862985974079,1.0757298265787971,1366.6848026255154,0.89811897,0.9375872,0.0,True,0.7593561000181855,1.034287038605158
695,2186,234.06039,826,2914.957,4.014154,6,440.56799,1.0850407019844537,0.9638593784685542,1800.0983442484444,1.0206501,0.8803407,0.0,True,1.0657235213891174,0.938803774927988
696,7105,148.96538,826,4580.0977,1.8256915,4,35.398403,0.6907353963531737,1.0520234389578127,1321.1494493464456,0.90096217,0.95703363,0.0,True,0.7538034284472216,1.0235264962704689
697,0,135.03052,826,5052.7539,1.7953722,2,53.778549,0.626146620301033,0.0,93.5960242275433,0.83022678,0.0,0.0,True,0.687370668210723,0.0
698,4273,143.76131,826,4745.8945,1.8539538,3,67.798027,0.6666148691674731,0.9875542357662372,1201.9220937724647,0.91774082,0.97748101,0.0,True,0.7419526544172312,0.9845322680363661
699,2858,134.06682,826,5089.0742,1.652899,3,83.242744,0.6216796193892569,0.9323745110753751,1066.9810972197752,0.95737886,0.99315983,0.0,True,0.7223893915724798,0.9506101067527626
700,293,231.34618,826,2949.1562,2.9949992,4,218.12804,1.0724668084117222,0.7113107267200922,1315.6600244433562,1.0209923,0.88844442,0.0,True,1.0570244558882056,0.7644508347040646
701,0,157.79643,826,4323.7734,1.9993131,2,26.567169,0.7316650176216964,0.0,109.37615055692476,0.8330825,0.0,0.0,True,0.7620902623351875,0.0
702,0,197.67566,826,3451.4922,0.94262421,2,71.322243,0.9164685737348605,0.0,137.01832639432635,0.92004269,0.0,0.0,True,0.9175408086144023,0.0
703,2657,147.53508,826,4624.5,2.0631077,4,38.671547,0.6841061430754276,0.934305950177977,1163.4181757534702,0.83816671,0.87803,0.0,True,0.7303243131527993,0.9174231651245839
704,0,4.0117531,4,3.9882812,1.9603451,2,9.3061781,0.8813934193824394,0.0,2.78073535036762,,,,False,0.8813934193824394,0.0
705,0,4.2800417,4,3.7382812,0.83569229,1,16.698679,0.9197931330189216,0.0,2.966698837033995,0.82529289,0.78729391,11.89600281657996,True,0.8914430601132451,0.23618817300000006
706,4,7.7429113,4,2.0664062,2.0649455,3,75.815529,1.2979597668062717,0.991868877398254,13.87343464116791,0.89118379,0.84305418,0.0,True,1.1759269737643903,0.9472244681787778
707,0,145.00157,826,4705.3008,1.2298486,2,36.514671,0.6723634637791717,0.0,100.50742942226553,0.83014208,0.0,0.0,True,0.7196970486454202,0.0
708,631,126.23317,826,5404.8867,2.4342566,3,44.209435,0.5853677442396685,0.7502535181240808,814.2633293784975,0.85286117,0.83874315,0.0,True,0.665615771967768,0.7768004076868565
709,25,120.32374,826,5670.3359,2.4213724,3,87.720261,0.5579741973564128,0.3769403901926835,396.56741814751973,0.87982619,0.87686276,0.0,True,0.6545297951494891,0.5269171011348784
710,1437,132.29715,826,5157.1484,1.347783,3,43.930344,0.6134766487698756,0.8505376258503836,962.025676065634,0.96587974,1.0224282,0.0,True,0.719197576138913,0.9021047980952686
711,0,125.93073,826,5417.8672,0.31823066,1,56.342499,0.5839657973425005,0.0,87.28853044535572,,,,False,0.5839657973425005,0.0
712,2908,197.66895,826,3451.6094,3.2304864,5,59.403259,0.916437472905438,0.9789014098740778,1576.5894308501436,0.92004257,0.91575301,0.0,True,0.9175190020338067,0.9599568899118545
713,617,200.98206,826,3394.7109,3.2300103,5,50.097469,0.9317887698180217,0.7903826477629902,1291.9338396010119,0.93874884,0.79081202,0.0,True,0.9338767908726151,0.7905114594340932
714,0,193.8383,826,3519.8203,2.0085196,3,48.150139,0.8986878379167914,0.0,134.35847112953286,0.92531979,0.0,0.0,True,0.9066774235417541,0.0
715,3676,201.78265,826,3381.2422,2.9705486,5,53.534889,0.935498224436449,1.010208977741035,1656.6606593037193,0.94169211,0.93430597,0.0,True,0.9373563901055143,0.9874380754187246
716,1050,233.90242,826,2916.9258,3.9866676,5,53.500305,1.0843088477749128,0.871941851243841,1627.5979186374334,1.0206469,0.87913615,0.0,True,1.065210263442439,0.8741001408706888
717,4920,253.54068,826,2690.9922,3.8245649,5,52.169079,1.1752789595671556,1.0762760350695326,2155.468543355074,1.0204602,1.0777705,0.0,True,1.128833331697009,1.0767243745486728
718,1460,286.81088,826,2378.8359,0.90287137,3,145.44025,1.3293722053411852,0.9371432743411863,2090.151680300595,1.1324329,1.2747618,0.0,True,1.2702904137388296,1.0384288320388304
719,0,276.34134,826,2468.9609,0.1108404,1,52.403591,1.2808851289142074,0.0,191.54522069315723,,,,False,1.2808851289142074,0.0
720,6320,282.75742,826,2412.9375,2.0264783,4,103.6225,1.3105999931420442,1.1234671932787659,2474.633813220715,1.1328912,1.274546,0.0,True,1.257287355199431,1.1687908352951362
721,8728,282.35336,826,2416.3906,2.0375659,4,95.133934,1.3087286524097743,1.1646888075823472,2562.2213955875604,1.1336821,1.2751685,0.0,True,1.256214686686842,1.197832715307643
722,0,237.94737,826,2867.3398,1.0603677,2,74.765556,1.103047143784945,0.0,164.9325486371541,,,,False,1.103047143784945,0.0
723,2860,242.29861,826,2815.8477,2.1029892,4,52.903053,1.1232037384200948,1.0018684382804244,1928.5215017426183,1.194207,1.1576152,0.0,True,1.1445047168940663,1.0485924667962971
724,5704,243.42108,826,2802.8633,2.0512705,4,144.66788,1.12840332394754,1.0893802771334875,2105.4155043197065,1.1963531,1.1687626,0.0,True,1.1487882567632781,1.1131949739934413
725,0,189.96655,826,3591.5586,1.9376022,2,22.13521,0.880747310183968,0.0,131.67477853319988,,,,False,0.880747310183968,0.0
726,0,192.53256,826,3543.6914,1.9831928,2,38.53722,0.8926374898104402,0.0,133.4534011299885,1.0856432,0.99216634,6.084614032768687,True,0.9505392028673082,0.2976499020000001
727,9940,245.95975,826,2773.9336,3.0264609,5,69.728348,1.1401631043835003,1.1608404368098293,2263.942295646698,1.2012402,1.1737255,0.0,True,1.1584862330684502,1.1647059557668804
728,1432,192.27844,826,3548.375,3.0153027,3,29.829834,0.8914599361865904,0.8889841348530223,1397.5225840806481,1.0709311,0.87415063,0.0,True,0.9453012853306133,0.8845340833971156
729,0,156.73471,826,4353.0625,0.97728854,1,26.906689,0.7267443511863413,0.0,108.64022233238067,0.96299189,0.0,0.0,True,0.7976186128304389,0.0
730,0,274.45163,826,2485.9609,0.99604696,2,52.034378,1.2721329627561533,0.0,190.2353735345813,,,,False,1.2721329627561533,0.0
731,0,130.47838,826,5229.0352,0.99945468,2,21.91263,0.6050460281625453,0.0,90.44072122102915,,,,False,0.6050460281625453,0.0
732,0,112.71635,826,6053.0352,1.9973181,2,15.160666,0.522708285979653,0.0,78.129020205508,,,,False,0.522708285979653,0.0
733,2916,130.47827,826,5229.0391,2.0651097,4,126.9257,0.6050455770706179,0.9317674101651515,1041.0409354997635,1.0583376,0.98646528,0.0,True,0.7410331839494326,0.9481767711156062
734,0,103.80417,826,6572.7227,0.69523436,1,31.084511,0.48139172028327,0.0,71.95156776586525,,,,False,0.48139172028327,0.0
735,1460,113.71674,826,5999.7852,2.6917467,3,61.316532,0.5273459421604201,0.8375740384363567,828.7176385683343,0.9449017,0.25984293,0.0,True,0.652612669512294,0.6642547059054497
736,0,7.3375797,3,1.2265625,1.2280287,2,15.437661,1.1582583070517158,0.0,5.086022681188889,,,,False,1.1582583070517158,0.0
737,7260,130.48431,826,5228.7969,1.8789136,4,86.502472,0.6050735923121896,1.0382788181254807,1160.059086491083,1.058338,0.95916319,0.0,True,0.7410529146185327,1.0145441296878366
738,576,148.92651,826,4581.293,3.4092989,4,110.70812,0.6905552560000999,0.754157444777797,947.1091413485756,0.86191946,0.46465856,0.0,True,0.74196451720007,0.6673077793444578
739,12654,173.58694,826,3930.457,1.8739082,4,52.298107,0.8048446736832636,1.1411737386461758,1639.6825661051193,0.91657507,0.81866121,0.0,True,0.8383637925782845,1.044419980052323
740,0,128.91594,826,5292.4102,0.20269114,1,54.29491,0.5978035232212392,0.0,89.35772034023508,,,,False,0.5978035232212392,0.0
741,1456,133.04256,826,5128.2539,2.1563828,3,49.32621,0.6169318580779142,0.8526331494293836,969.1912233496632,0.93056941,0.75542444,0.0,True,0.7110231236545399,0.8234705366005686
742,6600,160.67981,826,4246.1836,1.4445047,3,47.690201,0.7450283153812998,1.052725504042731,1413.1994818922396,0.86861151,0.75760502,0.0,True,0.7821032737669098,0.9641893588299117
743,7980,170.7072,826,3996.7617,0.93036139,2,130.27559,0.7914992961292157,1.0832927128286787,1533.794681152258,0.87328434,0.76993775,0.0,True,0.8160348092904509,0.989286223980075
744,9371,194.93578,826,3500.0039,0.93353617,2,34.294479,0.9037731428392942,1.1205808489446745,1782.8024267824321,0.91544187,0.82388765,0.0,True,0.9072737609875059,1.031572889261272
745,10758,210.32568,826,3243.9023,2.6176441,4,52.608036,0.9750808183408556,1.1481723614788693,1952.5775549430375,0.94474018,0.86542785,0.0,True,0.9659786268385988,1.0633490080352086
746,12796,174.75826,826,3904.1133,1.2522575,3,83.156075,0.8102727258163417,1.1434501171391485,1652.6965869854616,0.90959126,0.80687577,0.0,True,0.8400682860714392,1.042477812997404
747,13602,179.68541,826,3797.0586,2.3855319,4,160.07213,0.8331056201498092,1.1547142035577425,1710.2671412006953,0.91011137,0.81156218,0.0,True,0.8562073451048664,1.0517685964904198
748,2614,215.10286,826,3171.8594,2.6545911,4,28.716452,0.9972140136196537,0.9759396251751326,1692.7308148642298,0.9602114,0.8463282,0.0,True,0.9861132295337576,0.9370561976225928
749,2109,179.86433,826,3793.2812,3.2649956,5,59.46059,0.833934800651521,0.9287369711958099,1376.846526016816,0.91797394,0.74423313,0.0,True,0.8591465424560647,0.8733858188370669
750,791,188.1275,826,3626.668,2.345926,4,105.35071,0.8722255855147028,0.8142790898879341,1255.9059331281098,0.89500391,0.75485009,0.0,True,0.879059082860292,0.7964503899215538
751,625,183.48441,826,3718.4414,1.6635532,3,46.608276,0.8507100987905536,0.7831981329582224,1181.8132758495724,0.88785195,0.76412743,0.0,True,0.8618526541533875,0.7774769220707557
752,29241,214.78253,826,3176.5898,4.1492205,6,111.29498,0.9957299526156113,1.2751381711107002,2208.6937041516203,0.9526729,0.92030543,0.0,True,0.9828128368309279,1.16868834877749
753,3671,218.41214,826,3123.8008,1.9922159,4,83.400185,1.0125459917146562,1.019971518367672,1792.8937220025314,0.9671973,0.89909548,0.0,True,0.9989413842002595,0.9837087068573704
754,0,174.52391,826,3909.3555,1.1755501,2,77.258888,0.8091867565958824,0.0,120.97075615679765,0.93063277,0.87576336,9.604526675652616,True,0.8456205606171177,0.26272900800000004
755,36,153.51045,826,4444.4922,2.3020036,3,49.351452,0.7118008822636562,0.42986628442455055,558.4074882933693,0.84410459,0.74179429,0.0,True,0.7514919945845593,0.5234446860971854
756,41,154.23431,826,4423.6328,0.74012125,2,43.587109,0.7151558238041045,0.4452047638174198,580.1061046159167,0.82751203,0.58376509,0.0,True,0.7488626856628732,0.4867728616721939
757,645,162.68179,826,4193.9297,0.78060073,2,40.231365,0.7543065058831815,0.7756791335901508,1052.9328806892738,0.83883065,0.74195445,0.0,True,0.779663749118227,0.7655617285131056
758,1266,179.14615,826,3808.4883,2.76687,4,46.09285,0.8306066891580446,0.8664324652882679,1280.0343785796235,0.87592423,0.8193562,0.0,True,0.8442019514106311,0.8523095857017876
759,4561,219.47481,826,3108.6758,2.0934768,4,10.894682,1.0174692814141755,1.0475697703337108,1849.236715734281,0.9699378,0.92673755,0.0,True,1.0032098369899227,1.0113201042335975
760,33097,220.85461,826,3089.2539,3.0156267,5,67.891098,1.0238618933690518,1.2949700418007768,2298.4909839322568,0.9637897,0.96510744,0.0,True,1.0058402353583362,1.1960112612605438
761,428,184.70624,826,3693.8438,3.8276236,4,119.44786,0.8563719795026147,0.737831253115887,1120.0189660643034,0.89088565,0.37779561,0.0,True,0.8667260806518302,0.629820560181121
762,0,174.36606,826,3912.8945,1.9936707,2,60.405727,0.8084552651261652,0.0,120.86134287434626,0.88086206,0.0,0.0,True,0.8301773035883157,0.0
763,0,112.50608,826,6064.3477,0.32069322,1,96.518852,0.5217335417385431,0.0,77.98327214785165,0.94051397,0.84631366,3.1652957835135447,True,0.6473676702169802,0.253894098
764,1430,117.62547,826,5800.4102,1.095574,2,41.721119,0.5454659291303579,0.8384445258718145,854.7639821609629,0.91110343,0.79285502,0.0,True,0.6551571793912505,0.8247676741102701
765,2856,132.10512,826,5164.6445,1.8297799,3,67.788879,0.6125865774079222,0.9306862090572303,1051.2763433885798,0.87470204,0.75343537,0.0,True,0.6912212161855456,0.8775109573400612
766,34764,228.4223,826,2986.9062,2.9026499,5,247.71938,1.058921511467461,1.3065562847955001,2388.4738359664916,0.97796112,0.98937303,0.0,True,1.0346333940272228,1.21140130835685
767,0,114.66409,826,5950.2148,2.0056424,2,138.75214,0.5317377106314217,0.0,79.47909069497182,0.9422189,0.75812513,1.3745511010133387,True,0.6548820674419953,0.22743753900000005
768,5696,132.18941,826,5161.3516,1.2605432,3,51.093224,0.612977251237058,1.0114813454714808,1143.1569011418937,0.87501031,0.77618009,0.0,True,0.6915871688659406,0.9408909688300365
769,7110,138.69931,826,4919.1016,1.0186871,2,62.098133,0.6431521492948785,1.0432756198456006,1230.1989084150155,0.88557726,0.75430024,0.0,True,0.715879682506415,0.9565830058919205
770,8520,157.42267,826,4334.0391,1.726043,3,46.501053,0.72993277918976,1.080638338576191,1424.7391296926148,0.94639713,0.81983691,0.0,True,0.7948720844328321,1.0023979100033338
771,0,192.34853,826,3547.082,1.0109699,2,95.817879,0.8917847124801472,0.0,133.32584125435005,1.0507195,0.98971277,8.59146722212378,True,0.9394651487361031,0.2969138310000001
772,1430,132.48912,826,5149.6758,3.0191817,3,55.548836,0.6143665078727325,0.8501109199296245,962.7755604649374,0.85986435,0.86014503,0.0,True,0.6880158605109128,0.8531211529507372
773,0,113.90688,826,5989.7695,1.0209366,1,36.067963,0.5282274411488068,0.0,78.95423271838003,0.78601348,0.0,0.0,True,0.6055632528041648,0.0
774,12726,157.42352,826,4334.0156,2.9803801,4,68.850456,0.7299367352226468,1.1285428952853565,1487.8977770018605,0.94639719,0.94596773,0.0,True,0.7948748716558528,1.0737703456997494
775,22678,264.05627,826,2583.8281,3.1179585,5,136.02332,1.22398587552609,1.276273233313621,2648.283377335109,1.0669914,1.1133928,0.0,True,1.176887532868263,1.2274091033195347
776,15510,192.87146,826,3537.4648,3.0759335,5,112.54906,0.8942078110053434,1.1807744772311366,1861.0879250894677,1.0517541,1.0304033,0.0,True,0.9414716977037404,1.1356631240617956
777,19656,252.99055,826,2696.8438,3.3027589,5,136.50754,1.1727307341530715,1.2512659605349548,2501.125208794245,1.0608745,1.1113536,0.0,True,1.13917386390715,1.2092922523744685
778,0,248.36354,826,2747.0859,2.0565381,3,4.880259,1.151297989974946,0.0,172.1524875048872,,,,False,1.151297989974946,0.0
779,1351,219.19029,826,3112.7109,2.1749673,3,80.658104,1.0161511525639395,0.8962145326141374,1580.3794446218471,0.97587311,0.81606555,0.0,True,1.0040677397947577,0.8721698378298962
780,850,207.55666,826,3287.1797,0.84189034,2,47.313129,0.9622511871085868,0.8330243424889716,1400.506522569693,0.94473678,0.6943965,0.0,True,0.9569968649760108,0.7914359897422801
781,756,209.04665,826,3263.75,0.77078658,2,77.247971,0.9691547335033195,0.8192945143575245,1386.1221489791958,0.94636029,0.64421237,0.0,True,0.9623164004523236,0.7667698710502672
782,1043,218.34988,826,3124.6914,1.244387,3,150.19377,1.0122575803094815,0.8636644142188588,1517.9186178838427,0.96861809,0.79507428,0.0,True,0.999165733216637,0.8430873739532012
783,0,197.11259,826,3461.3516,1.943462,3,79.344719,0.9138595893464775,0.0,136.62803601136847,,,,False,0.9138595893464775,0.0
784,0,159.79633,826,4269.6602,1.9873288,2,59.843533,0.7409337172789319,0.0,110.7623756033266,,,,False,0.7409337172789319,0.0
785,1563,261.67239,826,2607.3672,2.1257343,4,25.749868,1.2129442996518334,0.9348890008974091,1924.768187397509,1.1641437,1.3191251,0.0,True,1.1983041197562834,1.0501598306281863
786,3014,198.53693,826,3436.5195,3.1933255,4,46.49588,0.920459247341324,0.9838228487254708,1590.6156873227844,1.0335708,0.88349736,0.0,True,0.9543927131389267,0.9537252021078295
787,3338,221.99879,826,3073.332,4.2451825,6,50.180031,1.0291627281017028,1.0102015129863218,1801.237373476942,1.0395508,0.84564024,0.0,True,1.0322791496711918,0.9608331310904252
788,684,200.21213,826,3407.7656,4.0864377,5,273.93103,0.9282213038158592,0.802663307858972,1307.5609206163465,1.0337697,0.9438194,0.0,True,0.9598858226711015,0.8450101355012805
789,3041,198.45457,826,3437.9453,1.6376255,4,12.678411,0.9200777323227977,0.9848675614326298,1591.7245554351687,1.0327425,0.94536632,0.0,True,0.9538771626259583,0.9730171890028407
790,564,204.97954,826,3328.5078,3.91763,5,235.17397,0.950310661616966,0.78124582584059,1299.2820983968124,1.0339544,0.92682511,0.0,True,0.9754037831318763,0.824919611088413
791,2450,198.02528,826,3445.3984,2.6721356,4,33.326744,0.9180885710623018,0.9580864447919009,1545.519842604138,1.0316784,0.81182116,0.0,True,0.9521655197436114,0.9142068593543307
792,990,217.52998,826,3136.4688,4.0862417,5,50.433754,1.0084589883252832,0.8567906449761903,1500.8966295332161,1.030584,0.59731948,0.0,True,1.0150964918276983,0.7789492954833331
793,0,169.49574,826,4025.3281,1.7056682,2,26.571659,0.7858850812126446,0.0,117.48549429792155,0.95918876,0.90834534,7.438178895768071,True,0.8378761848488512,0.27250360200000007
794,4408,200.95361,826,3395.1914,2.1797888,4,140.1685,0.9316569772720094,1.0320261470181076,1686.3283359423833,1.0311362,0.95774353,0.0,True,0.9615007440904065,1.0097413619126754
795,26907,272.70544,826,2501.8789,2.0501995,4,210.91934,1.2640455858062727,1.3033713984153816,2781.6544147706313,1.1647661,1.3227561,0.0,True,1.2342617400643907,1.3091868088907672
796,10265,283.65149,826,2405.332,3.2352018,5,124.56985,1.314740580417851,1.1862027554405716,2620.0009229496713,1.1350552,1.2756288,0.0,True,1.2608349662924958,1.2130305688084002
797,31061,273.20581,826,2497.2969,2.8550394,5,127.48898,1.2663629802999659,1.3220248804039512,2825.9787933009975,1.1665051,1.3243158,0.0,True,1.2364056162099761,1.3227121562827657
798,38584,333.17944,826,2047.7734,1.9510002,4,66.662529,1.5440814438017711,1.3848226174958866,3518.589718957932,1.2358404,1.3782973,0.0,True,1.4516091306612398,1.3828650222471206
799,37260,333.17944,826,2047.7734,0.0076568932,2,37.708771,1.5440814438017711,1.3802440017560547,3506.956600289345,1.2462751,1.3927484,0.0,True,1.4547395406612398,1.3839953212292382
800,35932,332.68951,826,2050.7891,2.0015962,4,65.164955,1.5418130732175388,1.375220129440468,3489.7263881193367,1.2452018,1.3928834,0.0,True,1.4528296912522771,1.3805191106083277
801,22432,238.4688,826,2861.0703,3.1001904,5,65.171875,1.1054625766396535,1.2585790871385463,2389.0598352050733,1.2064641,1.2593714,0.0,True,1.1357630336477573,1.2588167809969824
802,16920,235.66248,826,2895.1406,2.0512114,4,105.4173,1.092462364766993,1.2213403047971176,2294.4970602134813,1.2106019,1.2609676,0.0,True,1.1279042253368952,1.2332284933579825
803,2860,183.33899,826,3721.3906,3.0563955,4,47.092747,0.8500362736422189,0.9679261851359316,1459.2456156590204,1.072819,0.89019865,0.0,True,0.9168710915495532,0.9446079245951522
804,0,330.26379,826,2065.8516,2.0478411,3,83.056335,1.5305823062634019,0.0,228.92141487954183,1.246049,1.3987588,0.5887774602601065,True,1.4452223143843812,0.4196276400000001
805,20659,271.19803,826,2515.7852,3.2243183,5,121.39082,1.257063974694293,1.2687115039151553,2694.6244787843198,1.1633358,1.3206928,0.0,True,1.2289455222860053,1.2843058927406086
806,24788,271.84637,826,2509.7852,3.209759,5,45.748734,1.260066772803051,1.2923700640622255,2750.5947516140786,1.1410136,1.2166131,0.0,True,1.2243508209621357,1.269642974843558
807,0,205.18591,826,3325.1602,1.9952419,2,85.903206,0.9512668103382776,0.0,142.2240350071267,1.0350139,0.0,0.0,True,0.9763909372367944,0.0
808,22228,272.03946,826,2508.0039,1.9769928,4,40.524837,1.2609610172073697,1.27856325026681,2722.8968208459964,1.1410211,1.219643,0.0,True,1.2249790420451587,1.2608871751867672
809,6672,200.97026,826,3394.9102,2.8615294,4,146.17361,0.9317341008715703,1.083005278709344,1769.7390168352072,1.0311365,0.98584747,0.0,True,0.9615548206100992,1.0538579360965408
810,13178,272.271,826,2505.8711,0.84729403,3,58.212517,1.262033391962795,1.2119160751207094,2582.886809315351,1.1410296,1.2241592,0.0,True,1.2257322543739564,1.2155890125844966
811,11775,272.271,826,2505.8711,0.0057035792,2,36.240181,1.262033391962795,1.1975360273677276,2552.242149506734,1.1583611,1.1832949,0.0,True,1.2309317043739565,1.1932636891574093
812,10368,271.92932,826,2509.0195,1.0312814,3,94.188843,1.2604510124029167,1.1810910887831556,2514.4413111345616,1.1518914,1.1803678,0.0,True,1.2278831286820417,1.180874102148209
813,613,167.19073,826,4080.8242,2.9009962,3,60.282112,0.7752028781789002,0.7721175878277702,1073.6357147388271,0.93207163,0.79396415,0.0,True,0.8222635037252302,0.7786715564794391
814,0,141.10037,826,4835.3945,1.9180906,2,140.86514,0.6542813638495817,0.0,97.80332364146508,0.85378152,0.0,0.0,True,0.7141314106947072,0.0
815,1,163.34299,826,4176.9531,2.9974141,3,59.264282,0.7573708044099527,0.08313055684751239,179.45061608179216,0.92128974,0.17079538,0.0,True,0.8065464850869669,0.10943000379325868
816,4700,204.15392,826,3341.9688,2.9201224,4,16.920448,0.9464852276547753,1.0419357940130305,1726.2731267342263,1.0239731,0.99471414,0.0,True,0.9697315893583427,1.0277692978091213
817,8532,235.40933,826,2898.2539,2.0010052,4,113.95802,1.0912896525847153,1.135308132107023,2130.881342785883,1.21106,1.262179,0.0,True,1.1272207568093007,1.1733693924749162
818,0,149.7854,826,4555.0234,1.9999976,2,41.947746,0.6945360585461259,0.0,103.82332769904363,0.96136624,0.0,0.0,True,0.7745851129822882,0.0
819,5704,183.53415,826,3717.4336,3.0103197,4,58.961014,0.8509406031441092,1.0519975426547965,1587.4370657715374,1.0721445,0.86376303,0.0,True,0.9173017722008765,0.9955271888583574
820,5704,235.40805,826,2898.2695,2.0138869,4,114.86553,1.0912837827444883,1.0848115831734795,2036.1086160313998,1.2110599,1.2632737,0.0,True,1.1272166179211418,1.1383502182214358
821,0,183.61017,826,3715.8945,1.9978056,2,52.065022,0.8512928677611659,0.0,127.26887165763226,1.0712891,0.87571651,3.2256144408217136,True,0.9172917374328161,0.26271495300000003
822,2860,150.36606,826,4537.4336,3.0011215,4,57.458424,0.6972273084770896,0.9451533680876689,1196.8049665754197,0.96286082,0.66561639,0.0,True,0.7769173619339627,0.8612922746613683
823,0,150.36592,826,4537.4375,1.0021143,2,30.246979,0.6972267094631143,0.0,104.22571350030228,0.96286082,0.86201203,13.504100485062423,True,0.77691694262418,0.25860360900000007
824,0,183.29686,826,3722.2461,1.9949794,2,23.120625,0.8498410110272965,0.0,127.05170171449102,,,,False,0.8498410110272965,0.0
825,0,165.48738,826,4122.8281,1.9982502,2,16.923086,0.7673088415341395,0.0,114.70711086525228,0.9407056,0.0,0.0,True,0.8193278690738977,0.0
826,3036,197.03343,826,3462.7422,1.3504404,3,33.468601,0.9134928050169117,0.983798089368199,1580.0021462367345,1.0151083,0.93540245,0.0,True,0.9439774535118381,0.9692793975577393
827,3846,202.48489,826,3369.5156,1.5168525,3,202.34204,0.9387520173237417,1.01620435516019,1671.5752966704372,1.0312003,0.94433057,0.0,True,0.9664865021266192,0.994642219612133
828,0,203.35385,826,3355.1172,1.0003868,2,7.2247128,0.9427782476401079,0.0,140.95414778351002,,,,False,0.9427782476401079,0.0
829,0,204.7191,826,3332.7422,1.9911537,2,58.994873,0.949103972996313,0.0,141.9004669717695,,,,False,0.949103972996313,0.0
830,2048,203.35385,826,3355.1172,2.1015894,4,148.59921,0.9427782476401079,0.9391525642121523,1550.6941164591622,1.0222204,0.96760195,0.0,True,0.9666108933480755,0.9476873799485066
831,2870,271.95728,826,2508.7617,1.9923451,4,59.761318,1.2605804329970725,1.0170750373003532,2165.5316197306306,1.1518923,1.1731604,0.0,True,1.2279739930979507,1.0639006461102472
832,2860,235.1488,826,2901.4648,2.0043147,4,113.08221,1.0900828110395777,0.9981091150201689,1871.6141908902184,1.2115186,1.2665837,0.0,True,1.1265135477277044,1.0786514905141182
833,0,271.26334,826,2515.1797,0.99817318,2,23.091084,1.2573663576495813,0.0,188.02541931027386,,,,False,1.2573663576495813,0.0
834,0,183.13849,826,3725.4648,2.0030298,2,11.092211,0.8491071655293607,0.0,126.94192799550572,,,,False,0.8491071655293607,0.0
835,0,235.1488,826,2901.4648,1.0041347,2,58.644413,1.0900828110395777,0.0,162.99272773205445,,,,False,1.0900828110395777,0.0
836,0,183.34015,826,3721.3672,0.98795277,2,36.977848,0.8500416158090627,0.0,127.08170805593745,,,,False,0.8500416158090627,0.0
837,0,183.53415,826,3717.4336,1.0015749,2,15.736908,0.8509406031441092,0.0,127.21617860896609,,,,False,0.8509406031441092,0.0
838,0,127.33261,826,5358.2188,1.9983886,2,7.2366424,0.590464156227814,0.0,88.2602396148391,,,,False,0.590464156227814,0.0

metric,value
avg_local_nain,0.974157
avg_local_nach,0.854466
avg_citywide_nain,0.994682
avg_citywide_nach,0.835154
avg_blended_nain,0.977959
avg_blended_nach,0.834637
avg_segment_length,89.1873
blended_nain_nach_pearson_r,0.582498
blended_nain_nach_p_value,4.4233e-77
pct_citywide_matched,94.4
