  0
SECTION
  2
HEADER
  9
$ACADVER
  1
AC1015
  9
$ACADMAINTVER
 70
6
  9
$DWGCODEPAGE
  3
ANSI_1252
  9
$INSBASE
 10
0.0
 20
0.0
 30
0.0
  9
$EXTMIN
 10
1e+20
 20
1e+20
 30
1e+20
  9
$EXTMAX
 10
-1e+20
 20
-1e+20
 30
-1e+20
  9
$LIMMIN
 10
0.0
 20
0.0
  9
$LIMMAX
 10
420.0
 20
297.0
  9
$ORTHOMODE
 70
0
  9
$REGENMODE
 70
1
  9
$FILLMODE
 70
1
  9
$QTEXTMODE
 70
0
  9
$MIRRTEXT
 70
1
  9
$LTSCALE
 40
1.0
  9
$ATTMODE
 70
1
  9
$TEXTSIZE
 40
2.5
  9
$TRACEWID
 40
1.0
  9
$TEXTSTYLE
  7
Standard
  9
$CLAYER
  8
0
  9
$CELTYPE
  6
ByLayer
  9
$CECOLOR
 62
256
  9
$CELTSCALE
 40
1.0
  9
$DISPSILH
 70
0
  9
$DIMSCALE
 40
1.0
  9
$DIMASZ
 40
2.5
  9
$DIMEXO
 40
0.625
  9
$DIMDLI
 40
3.75
  9
$DIMRND
 40
0.0
  9
$DIMDLE
 40
0.0
  9
$DIMEXE
 40
1.25
  9
$DIMTP
 40
0.0
  9
$DIMTM
 40
0.0
  9
$DIMTXT
 40
2.5
  9
$DIMCEN
 40
2.5
  9
$DIMTSZ
 40
0.0
  9
$DIMTOL
 70
0
  9
$DIMLIM
 70
0
  9
$DIMTIH
 70
0
  9
$DIMTOH
 70
0
  9
$DIMSE1
 70
0
  9
$DIMSE2
 70
0
  9
$DIMTAD
 70
1
  9
$DIMZIN
 70
8
  9
$DIMBLK
  1

  9
$DIMASO
 70
1
  9
$DIMSHO
 70
1
  9
$DIMPOST
  1

  9
$DIMAPOST
  1

  9
$DIMALT
 70
0
  9
$DIMALTD
 70
3
  9
$DIMALTF
 40
0.03937007874
  9
$DIMLFAC
 40
1.0
  9
$DIMTOFL
 70
1
  9
$DIMTVP
 40
0.0
  9
$DIMTIX
 70
0
  9
$DIMSOXD
 70
0
  9
$DIMSAH
 70
0
  9
$DIMBLK1
  1

  9
$DIMBLK2
  1

  9
$DIMSTYLE
  2
ISO-25
  9
$DIMCLRD
 70
0
  9
$DIMCLRE
 70
0
  9
$DIMCLRT
 70
0
  9
$DIMTFAC
 40
1.0
  9
$DIMGAP
 40
0.625
  9
$DIMJUST
 70
0
  9
$DIMSD1
 70
0
  9
$DIMSD2
 70
0
  9
$DIMTOLJ
 70
0
  9
$DIMTZIN
 70
8
  9
$DIMALTZ
 70
0
  9
$DIMALTTZ
 70
0
  9
$DIMUPT
 70
0
  9
$DIMDEC
 70
2
  9
$DIMTDEC
 70
2
  9
$DIMALTU
 70
2
  9
$DIMALTTD
 70
3
  9
$DIMTXSTY
  7
Standard
  9
$DIMAUNIT
 70
0
  9
$DIMADEC
 70
0
  9
$DIMALTRND
 40
0.0
  9
$DIMAZIN
 70
0
  9
$DIMDSEP
 70
44
  9
$DIMATFIT
 70
3
  9
$DIMFRAC
 70
0
  9
$DIMLDRBLK
  1

  9
$DIMLUNIT
 70
2
  9
$DIMLWD
 70
-2
  9
$DIMLWE
 70
-2
  9
$DIMTMOVE
 70
0
  9
$LUNITS
 70
2
  9
$LUPREC
 70
4
  9
$SKETCHINC
 40
1.0
  9
$FILLETRAD
 40
10.0
  9
$AUNITS
 70
0
  9
$AUPREC
 70
2
  9
$MENU
  1
.
  9
$ELEVATION
 40
0.0
  9
$PELEVATION
 40
0.0
  9
$THICKNESS
 40
0.0
  9
$LIMCHECK
 70
0
  9
$CHAMFERA
 40
0.0
  9
$CHAMFERB
 40
0.0
  9
$CHAMFERC
 40
0.0
  9
$CHAMFERD
 40
0.0
  9
$SKPOLY
 70
0
  9
$TDCREATE
 40
2461229.096550926
  9
$TDUCREATE
 40
2458532.153996898
  9
$TDUPDATE
 40
2461229.096550926
  9
$TDUUPDATE
 40
2458532.1544311
  9
$TDINDWG
 40
0.0
  9
$TDUSRTIMER
 40
0.0
  9
$USRTIMER
 70
1
  9
$ANGBASE
 50
0.0
  9
$ANGDIR
 70
0
  9
$PDMODE
 70
0
  9
$PDSIZE
 40
0.0
  9
$PLINEWID
 40
0.0
  9
$SPLFRAME
 70
0
  9
$SPLINETYPE
 70
6
  9
$SPLINESEGS
 70
8
  9
$HANDSEED
  5
25B
  9
$SURFTAB1
 70
6
  9
$SURFTAB2
 70
6
  9
$SURFTYPE
 70
6
  9
$SURFU
 70
6
  9
$SURFV
 70
6
  9
$UCSBASE
  2

  9
$UCSNAME
  2

  9
$UCSORG
 10
0.0
 20
0.0
 30
0.0
  9
$UCSXDIR
 10
1.0
 20
0.0
 30
0.0
  9
$UCSYDIR
 10
0.0
 20
1.0
 30
0.0
  9
$UCSORTHOREF
  2

  9
$UCSORTHOVIEW
 70
0
  9
$UCSORGTOP
 10
0.0
 20
0.0
 30
0.0
  9
$UCSORGBOTTOM
 10
0.0
 20
0.0
 30
0.0
  9
$UCSORGLEFT
 10
0.0
 20
0.0
 30
0.0
  9
$UCSORGRIGHT
 10
0.0
 20
0.0
 30
0.0
  9
$UCSORGFRONT
 10
0.0
 20
0.0
 30
0.0
  9
$UCSORGBACK
 10
0.0
 20
0.0
 30
0.0
  9
$PUCSBASE
  2

  9
$PUCSNAME
  2

  9
$PUCSORG
 10
0.0
 20
0.0
 30
0.0
  9
$PUCSXDIR
 10
1.0
 20
0.0
 30
0.0
  9
$PUCSYDIR
 10
0.0
 20
1.0
 30
0.0
  9
$PUCSORTHOREF
  2

  9
$PUCSORTHOVIEW
 70
0
  9
$PUCSORGTOP
 10
0.0
 20
0.0
 30
0.0
  9
$PUCSORGBOTTOM
 10
0.0
 20
0.0
 30
0.0
  9
$PUCSORGLEFT
 10
0.0
 20
0.0
 30
0.0
  9
$PUCSORGRIGHT
 10
0.0
 20
0.0
 30
0.0
  9
$PUCSORGFRONT
 10
0.0
 20
0.0
 30
0.0
  9
$PUCSORGBACK
 10
0.0
 20
0.0
 30
0.0
  9
$USERI1
 70
0
  9
$USERI2
 70
0
  9
$USERI3
 70
0
  9
$USERI4
 70
0
  9
$USERI5
 70
0
  9
$USERR1
 40
0.0
  9
$USERR2
 40
0.0
  9
$USERR3
 40
0.0
  9
$USERR4
 40
0.0
  9
$USERR5
 40
0.0
  9
$WORLDVIEW
 70
1
  9
$SHADEDGE
 70
3
  9
$SHADEDIF
 70
70
  9
$TILEMODE
 70
1
  9
$MAXACTVP
 70
64
  9
$PINSBASE
 10
0.0
 20
0.0
 30
0.0
  9
$PLIMCHECK
 70
0
  9
$PEXTMIN
 10
1e+20
 20
1e+20
 30
1e+20
  9
$PEXTMAX
 10
-1e+20
 20
-1e+20
 30
-1e+20
  9
$PLIMMIN
 10
0.0
 20
0.0
  9
$PLIMMAX
 10
420.0
 20
297.0
  9
$UNITMODE
 70
0
  9
$VISRETAIN
 70
1
  9
$PLINEGEN
 70
0
  9
$PSLTSCALE
 70
1
  9
$TREEDEPTH
 70
3020
  9
$CMLSTYLE
  2
Standard
  9
$CMLJUST
 70
0
  9
$CMLSCALE
 40
20.0
  9
$PROXYGRAPHICS
 70
1
  9
$MEASUREMENT
 70
1
  9
$CELWEIGHT
370
-1
  9
$ENDCAPS
280
0
  9
$JOINSTYLE
280
0
  9
$LWDISPLAY
290
0
  9
$INSUNITS
 70
6
  9
$HYPERLINKBASE
  1

  9
$STYLESHEET
  1

  9
$XEDIT
290
1
  9
$CEPSNTYPE
380
0
  9
$PSTYLEMODE
290
1
  9
$FINGERPRINTGUID
  2
{3F1A7E0F-5231-4B6B-9559-94E79C8A3289}
  9
$VERSIONGUID
  2
{A088364E-F699-4073-94A8-7647C054A7AA}
  9
$EXTNAMES
290
1
  9
$PSVPSCALE
 40
0.0
  9
$OLESTARTUP
290
0
  0
ENDSEC
  0
SECTION
  2
CLASSES
  0
CLASS
  1
ACDBDICTIONARYWDFLT
  2
AcDbDictionaryWithDefault
  3
ObjectDBX Classes
 90
0
280
0
281
0
  0
CLASS
  1
SUN
  2
AcDbSun
  3
SCENEOE
 90
1153
280
0
281
0
  0
CLASS
  1
VISUALSTYLE
  2
AcDbVisualStyle
  3
ObjectDBX Classes
 90
4095
280
0
281
0
  0
CLASS
  1
MATERIAL
  2
AcDbMaterial
  3
ObjectDBX Classes
 90
1153
280
0
281
0
  0
CLASS
  1
SCALE
  2
AcDbScale
  3
ObjectDBX Classes
 90
1153
280
0
281
0
  0
CLASS
  1
TABLESTYLE
  2
AcDbTableStyle
  3
ObjectDBX Classes
 90
4095
280
0
281
0
  0
CLASS
  1
MLEADERSTYLE
  2
AcDbMLeaderStyle
  3
ACDB_MLEADERSTYLE_CLASS
 90
4095
280
0
281
0
  0
CLASS
  1
DICTIONARYVAR
  2
AcDbDictionaryVar
  3
ObjectDBX Classes
 90
0
280
0
281
0
  0
CLASS
  1
CELLSTYLEMAP
  2
AcDbCellStyleMap
  3
ObjectDBX Classes
 90
1152
280
0
281
0
  0
CLASS
  1
MENTALRAYRENDERSETTINGS
  2
AcDbMentalRayRenderSettings
  3
SCENEOE
 90
1024
280
0
281
0
  0
CLASS
  1
ACDBDETAILVIEWSTYLE
  2
AcDbDetailViewStyle
  3
ObjectDBX Classes
 90
1025
280
0
281
0
  0
CLASS
  1
ACDBSECTIONVIEWSTYLE
  2
AcDbSectionViewStyle
  3
ObjectDBX Classes
 90
1025
280
0
281
0
  0
CLASS
  1
RASTERVARIABLES
  2
AcDbRasterVariables
  3
ISM
 90
0
280
0
281
0
  0
CLASS
  1
ACDBPLACEHOLDER
  2
AcDbPlaceHolder
  3
ObjectDBX Classes
 90
0
280
0
281
0
  0
CLASS
  1
LAYOUT
  2
AcDbLayout
  3
ObjectDBX Classes
 90
0
280
0
281
0
  0
ENDSEC
  0
SECTION
  2
TABLES
  0
TABLE
  2
VPORT
  5
8
330
0
100
AcDbSymbolTable
 70
1
  0
VPORT
  5
23
330
8
100
AcDbSymbolTableRecord
100
AcDbViewportTableRecord
  2
*Active
 70
0
 10
0.0
 20
0.0
 11
1.0
 21
1.0
 12
0.0
 22
0.0
 13
0.0
 23
0.0
 14
0.5
 24
0.5
 15
0.5
 25
0.5
 16
0.0
 26
0.0
 36
1.0
 17
0.0
 27
0.0
 37
0.0
 40
1000.0
 41
1.34
 42
50.0
 43
0.0
 44
0.0
 50
0.0
 51
0.0
 71
0
 72
1000
 73
1
 74
3
 75
0
 76
0
 77
0
 78
0
281
0
 65
0
146
0.0
  0
ENDTAB
  0
TABLE
  2
LTYPE
  5
2
330
0
100
AcDbSymbolTable
 70
3
  0
LTYPE
  5
24
330
2
100
AcDbSymbolTableRecord
100
AcDbLinetypeTableRecord
  2
ByBlock
 70
0
  3

 72
65
 73
0
 40
0.0
  0
LTYPE
  5
25
330
2
100
AcDbSymbolTableRecord
100
AcDbLinetypeTableRecord
  2
ByLayer
 70
0
  3

 72
65
 73
0
 40
0.0
  0
LTYPE
  5
26
330
2
100
AcDbSymbolTableRecord
100
AcDbLinetypeTableRecord
  2
Continuous
 70
0
  3

 72
65
 73
0
 40
0.0
  0
ENDTAB
  0
TABLE
  2
LAYER
  5
1
330
0
100
AcDbSymbolTable
 70
2
  0
LAYER
  5
27
330
1
100
AcDbSymbolTableRecord
100
AcDbLayerTableRecord
  2
0
 70
0
 62
7
  6
Continuous
370
-3
390
13
  0
LAYER
  5
28
330
1
100
AcDbSymbolTableRecord
100
AcDbLayerTableRecord
  2
Defpoints
 70
0
 62
7
  6
Continuous
290
0
370
-3
390
13
  0
ENDTAB
  0
TABLE
  2
STYLE
  5
5
330
0
100
AcDbSymbolTable
 70
1
  0
STYLE
  5
29
330
5
100
AcDbSymbolTableRecord
100
AcDbTextStyleTableRecord
  2
Standard
 70
0
 40
0.0
 41
1.0
 50
0.0
 71
0
 42
2.5
  3
txt
  4

  0
ENDTAB
  0
TABLE
  2
VIEW
  5
7
330
0
100
AcDbSymbolTable
 70
0
  0
ENDTAB
  0
TABLE
  2
UCS
  5
6
330
0
100
AcDbSymbolTable
 70
0
  0
ENDTAB
  0
TABLE
  2
APPID
  5
3
330
0
100
AcDbSymbolTable
 70
3
  0
APPID
  5
2A
330
3
100
AcDbSymbolTableRecord
100
AcDbRegAppTableRecord
  2
ACAD
 70
0
  0
APPID
  5
258
330
3
100
AcDbSymbolTableRecord
100
AcDbRegAppTableRecord
  2
HATCHBACKGROUNDCOLOR
 70
0
  0
APPID
  5
259
330
3
100
AcDbSymbolTableRecord
100
AcDbRegAppTableRecord
  2
EZDXF
 70
0
  0
ENDTAB
  0
TABLE
  2
DIMSTYLE
  5
4
330
0
100
AcDbSymbolTable
 70
1
100
AcDbDimStyleTable
  0
DIMSTYLE
105
2B
330
4
100
AcDbSymbolTableRecord
100
AcDbDimStyleTableRecord
  2
Standard
 70
0
  3

  4

 40
1.0
 41
2.5
 42
0.625
 43
3.75
 44
1.25
 45
0.0
 46
0.0
 47
0.0
 48
0.0
140
2.5
141
2.5
142
0.0
143
0.03937007874
144
1.0
145
0.0
146
1.0
147
0.625
148
0.0
 71
0
 72
0
 73
0
 74
0
 75
0
 76
0
 77
1
 78
8
 79
3
170
0
171
3
172
1
173
0
174
0
175
0
176
0
177
0
178
0
179
2
271
2
272
2
273
2
274
3
275
0
276
0
277
2
278
44
279
0
280
0
281
0
282
0
283
0
284
8
285
0
286
0
288
0
289
3
371
-2
372
-2
  0
ENDTAB
  0
TABLE
  2
BLOCK_RECORD
  5
9
330
0
100
AcDbSymbolTable
 70
2
  0
BLOCK_RECORD
  5
17
330
9
100
AcDbSymbolTableRecord
100
AcDbBlockTableRecord
  2
*Model_Space
340
1A
  0
BLOCK_RECORD
  5
1B
330
9
100
AcDbSymbolTableRecord
100
AcDbBlockTableRecord
  2
*Paper_Space
340
1E
  0
ENDTAB
  0
ENDSEC
  0
SECTION
  2
BLOCKS
  0
BLOCK
  5
18
330
17
100
AcDbEntity
  8
0
100
AcDbBlockBegin
  2
*Model_Space
 70
0
 10
0.0
 20
0.0
 30
0.0
  3
*Model_Space
  1

  0
ENDBLK
  5
19
330
17
100
AcDbEntity
  8
0
100
AcDbBlockEnd
  0
BLOCK
  5
1C
330
1B
100
AcDbEntity
  8
0
100
AcDbBlockBegin
  2
*Paper_Space
 70
0
 10
0.0
 20
0.0
 30
0.0
  3
*Paper_Space
  1

  0
ENDBLK
  5
1D
330
1B
100
AcDbEntity
  8
0
100
AcDbBlockEnd
  0
ENDSEC
  0
SECTION
  2
ENTITIES
  0
LWPOLYLINE
  5
2F
330
17
100
AcDbEntity
  8
ROADS
100
AcDbPolyline
 90
2
 70
0
 10
621938.629756644
 20
4833818.319450305
 10
621928.9746074476
 20
4833827.525225788
  0
LWPOLYLINE
  5
30
330
17
100
AcDbEntity
  8
ROADS
100
AcDbPolyline
 90
3
 70
0
 10
621830.8333928338
 20
4833834.8053505365
 10
621830.432964299
 20
4833835.111604353
 10
621825.6542041842
 20
4833863.802551477
  0
LWPOLYLINE
  5
31
330
17
100
AcDbEntity
  8
ROADS
100
AcDbPolyline
 90
2
 70
0
 10
621877.0344851529
 20
4833860.985036987
 10
621825.6542041842
 20
4833863.802551477
  0
LWPOLYLINE
  5
32
330
17
100
AcDbEntity
  8
ROADS
100
AcDbPolyline
 90
2
 70
0
 10
621825.6542041842
 20
4833863.802551477
 10
621708.7349250952
 20
4833895.945887167
  0
LWPOLYLINE
  5
33
330
17
100
AcDbEntity
  8
ROADS
100
AcDbPolyline
 90
2
 70
0
 10
621877.0344851529
 20
4833860.985036987
 10
621870.7572757109
 20
4833913.21198763
  0
LWPOLYLINE
  5
34
330
17
100
AcDbEntity
  8
ROADS
100
AcDbPolyline
 90
2
 70
0
 10
621708.7349250952
 20
4833895.945887167
 10
621519.9934456771
 20
4833977.369994499
  0
LWPOLYLINE
  5
35
330
17
100
AcDbEntity
  8
ROADS
100
AcDbPolyline
 90
2
 70
0
 10
621923.5179139004
 20
4833819.840730766
 10
621928.9746074476
 20
4833827.525225788
  0
LWPOLYLINE
  5
36
330
17
100
AcDbEntity
  8
ROADS
100
AcDbPolyline
 90
3
 70
0
 10
622101.8154827955
 20
4833822.515205349
 10
622116.3340797423
 20
4833884.085063203
 10
622100.3069623786
 20
4833911.825692598
  0
LWPOLYLINE
  5
37
330
17
100
AcDbEntity
  8
ROADS
100
AcDbPolyline
 90
2
 70
0
 10
622206.1027492387
 20
4833843.425190311
 10
622189.6043122341
 20
4833868.769588221
  0
LWPOLYLINE
  5
38
330
17
100
AcDbEntity
  8
ROADS
100
AcDbPolyline
 90
2
 70
0
 10
621928.9746074476
 20
4833827.525225788
 10
621927.8687579057
 20
4833858.443666027
  0
LWPOLYLINE
  5
39
330
17
100
AcDbEntity
  8
ROADS
100
AcDbPolyline
 90
2
 70
0
 10
621927.8687579057
 20
4833858.443666027
 10
621877.0344851529
 20
4833860.985036987
  0
LWPOLYLINE
  5
3A
330
17
100
AcDbEntity
  8
ROADS
100
AcDbPolyline
 90
2
 70
0
 10
622042.3547673795
 20
4833883.634982871
 10
621927.8687579057
 20
4833858.443666027
  0
LWPOLYLINE
  5
3B
330
17
100
AcDbEntity
  8
ROADS
100
AcDbPolyline
 90
2
 70
0
 10
622189.6043122341
 20
4833868.769588221
 10
622161.7550600943
 20
4833895.158994327
  0
LWPOLYLINE
  5
3C
330
17
100
AcDbEntity
  8
ROADS
100
AcDbPolyline
 90
2
 70
0
 10
622100.3069623786
 20
4833911.825692598
 10
622042.3547673795
 20
4833883.634982871
  0
LWPOLYLINE
  5
3D
330
17
100
AcDbEntity
  8
ROADS
100
AcDbPolyline
 90
2
 70
0
 10
622042.3547673795
 20
4833883.634982871
 10
622020.6986219756
 20
4833923.203418868
  0
LWPOLYLINE
  5
3E
330
17
100
AcDbEntity
  8
ROADS
100
AcDbPolyline
 90
2
 70
0
 10
622161.7550600943
 20
4833895.158994327
 10
622118.9484113262
 20
4833926.843310394
  0
LWPOLYLINE
  5
3F
330
17
100
AcDbEntity
  8
ROADS
100
AcDbPolyline
 90
2
 70
0
 10
622399.2095679282
 20
4833912.7400529655
 10
622399.0463627882
 20
4833913.246025676
  0
LWPOLYLINE
  5
40
330
17
100
AcDbEntity
  8
ROADS
100
AcDbPolyline
 90
2
 70
0
 10
622406.5803854495
 20
4833915.730170265
 10
622399.0463627882
 20
4833913.246025676
  0
LWPOLYLINE
  5
41
330
17
100
AcDbEntity
  8
ROADS
100
AcDbPolyline
 90
2
 70
0
 10
622399.0463627882
 20
4833913.246025676
 10
622375.3109526657
 20
4833984.968449023
  0
LWPOLYLINE
  5
42
330
17
100
AcDbEntity
  8
ROADS
100
AcDbPolyline
 90
2
 70
0
 10
622476.3426354156
 20
4833951.503144323
 10
622455.7228494405
 20
4834024.856693385
  0
LWPOLYLINE
  5
43
330
17
100
AcDbEntity
  8
ROADS
100
AcDbPolyline
 90
2
 70
0
 10
622118.9484113262
 20
4833926.843310394
 10
622100.3069623786
 20
4833911.825692598
  0
LWPOLYLINE
  5
44
330
17
100
AcDbEntity
  8
ROADS
100
AcDbPolyline
 90
3
 70
0
 10
622375.3109526657
 20
4833984.968449023
 10
622248.5208817925
 20
4833941.815849428
 10
622189.6043122341
 20
4833868.769588221
  0
LWPOLYLINE
  5
45
330
17
100
AcDbEntity
  8
ROADS
100
AcDbPolyline
 90
2
 70
0
 10
622127.3443557166
 20
4833938.542601694
 10
622118.9484113262
 20
4833926.843310394
  0
LWPOLYLINE
  5
46
330
17
100
AcDbEntity
  8
ROADS
100
AcDbPolyline
 90
2
 70
0
 10
621870.7572757109
 20
4833913.21198763
 10
621983.2318249602
 20
4833952.586621789
  0
LWPOLYLINE
  5
47
330
17
100
AcDbEntity
  8
ROADS
100
AcDbPolyline
 90
2
 70
0
 10
622020.6986219756
 20
4833923.203418868
 10
621983.2318249602
 20
4833952.586621789
  0
LWPOLYLINE
  5
48
330
17
100
AcDbEntity
  8
ROADS
100
AcDbPolyline
 90
2
 70
0
 10
622161.7550600943
 20
4833895.158994327
 10
622245.2370318768
 20
4833991.8718556315
  0
LWPOLYLINE
  5
49
330
17
100
AcDbEntity
  8
ROADS
100
AcDbPolyline
 90
2
 70
0
 10
622020.6986219756
 20
4833923.203418868
 10
622071.4165436018
 20
4833998.364571763
  0
LWPOLYLINE
  5
4A
330
17
100
AcDbEntity
  8
ROADS
100
AcDbPolyline
 90
2
 70
0
 10
622127.3443557166
 20
4833938.542601694
 10
622089.2337443627
 20
4833986.393037431
  0
LWPOLYLINE
  5
4B
330
17
100
AcDbEntity
  8
ROADS
100
AcDbPolyline
 90
2
 70
0
 10
622220.9416063988
 20
4834040.632039271
 10
622127.3443557166
 20
4833938.542601694
  0
LWPOLYLINE
  5
4C
330
17
100
AcDbEntity
  8
ROADS
100
AcDbPolyline
 90
2
 70
0
 10
622089.2337443627
 20
4833986.393037431
 10
622071.4165436018
 20
4833998.364571763
  0
LWPOLYLINE
  5
4D
330
17
100
AcDbEntity
  8
ROADS
100
AcDbPolyline
 90
2
 70
0
 10
622375.3109526657
 20
4833984.968449023
 10
622358.3150519792
 20
4834030.370923454
  0
LWPOLYLINE
  5
4E
330
17
100
AcDbEntity
  8
ROADS
100
AcDbPolyline
 90
2
 70
0
 10
622576.6838967792
 20
4834020.620785159
 10
622564.9686871197
 20
4834058.877817491
  0
LWPOLYLINE
  5
4F
330
17
100
AcDbEntity
  8
ROADS
100
AcDbPolyline
 90
2
 70
0
 10
622358.3150519792
 20
4834030.370923454
 10
622295.3164757413
 20
4834007.580720282
  0
LWPOLYLINE
  5
50
330
17
100
AcDbEntity
  8
ROADS
100
AcDbPolyline
 90
2
 70
0
 10
622358.3150519792
 20
4834030.370923454
 10
622401.6095469028
 20
4834048.134766187
  0
LWPOLYLINE
  5
51
330
17
100
AcDbEntity
  8
ROADS
100
AcDbPolyline
 90
2
 70
0
 10
622564.9686871197
 20
4834058.877817491
 10
622455.7228494405
 20
4834024.856693385
  0
LWPOLYLINE
  5
52
330
17
100
AcDbEntity
  8
ROADS
100
AcDbPolyline
 90
2
 70
0
 10
622358.3150519792
 20
4834030.370923454
 10
622340.7117471823
 20
4834083.705791035
  0
LWPOLYLINE
  5
53
330
17
100
AcDbEntity
  8
ROADS
100
AcDbPolyline
 90
2
 70
0
 10
622455.7228494405
 20
4834024.856693385
 10
622433.2014446009
 20
4834110.965749059
  0
LWPOLYLINE
  5
54
330
17
100
AcDbEntity
  8
ROADS
100
AcDbPolyline
 90
2
 70
0
 10
622646.2165894106
 20
4834083.281314386
 10
622564.9686871197
 20
4834058.877817491
  0
LWPOLYLINE
  5
55
330
17
100
AcDbEntity
  8
ROADS
100
AcDbPolyline
 90
2
 70
0
 10
622089.2337443627
 20
4833986.393037431
 10
622121.302241676
 20
4834025.344454622
  0
LWPOLYLINE
  5
56
330
17
100
AcDbEntity
  8
ROADS
100
AcDbPolyline
 90
3
 70
0
 10
621983.2318249602
 20
4833952.586621789
 10
621901.5427333082
 20
4834019.0542650735
 10
621827.9258823133
 20
4834125.310098387
  0
LWPOLYLINE
  5
57
330
17
100
AcDbEntity
  8
ROADS
100
AcDbPolyline
 90
2
 70
0
 10
622340.7117471823
 20
4834083.705791035
 10
622220.9416063988
 20
4834040.632039271
  0
LWPOLYLINE
  5
58
330
17
100
AcDbEntity
  8
ROADS
100
AcDbPolyline
 90
2
 70
0
 10
622220.9416063988
 20
4834040.632039271
 10
622190.2337266842
 20
4834133.109368891
  0
LWPOLYLINE
  5
59
330
17
100
AcDbEntity
  8
ROADS
100
AcDbPolyline
 90
2
 70
0
 10
622159.9900590202
 20
4834081.336314766
 10
622148.174497022
 20
4834118.406495419
  0
LWPOLYLINE
  5
5A
330
17
100
AcDbEntity
  8
ROADS
100
AcDbPolyline
 90
3
 70
0
 10
622071.4165436018
 20
4833998.364571763
 10
621944.1992073886
 20
4834098.864918236
 10
621896.6629185486
 20
4834224.518531973
  0
LWPOLYLINE
  5
5B
330
17
100
AcDbEntity
  8
ROADS
100
AcDbPolyline
 90
2
 70
0
 10
622190.2337266842
 20
4834133.109368891
 10
622148.174497022
 20
4834118.406495419
  0
LWPOLYLINE
  5
5C
330
17
100
AcDbEntity
  8
ROADS
100
AcDbPolyline
 90
3
 70
0
 10
622148.174497022
 20
4834118.406495419
 10
622070.9683178128
 20
4834119.766125083
 10
622021.4099250239
 20
4834171.778815565
  0
LWPOLYLINE
  5
5D
330
17
100
AcDbEntity
  8
ROADS
100
AcDbPolyline
 90
2
 70
0
 10
622190.2337266842
 20
4834133.109368891
 10
622163.4512185896
 20
4834215.94817922
  0
LWPOLYLINE
  5
5E
330
17
100
AcDbEntity
  8
ROADS
100
AcDbPolyline
 90
2
 70
0
 10
622087.9164142333
 20
4834193.555888059
 10
622021.4099250239
 20
4834171.778815565
  0
LWPOLYLINE
  5
5F
330
17
100
AcDbEntity
  8
ROADS
100
AcDbPolyline
 90
2
 70
0
 10
622433.2014446009
 20
4834110.965749059
 10
622340.7117471823
 20
4834083.705791035
  0
LWPOLYLINE
  5
60
330
17
100
AcDbEntity
  8
ROADS
100
AcDbPolyline
 90
2
 70
0
 10
622564.9686871197
 20
4834058.877817491
 10
622541.1440512526
 20
4834144.912340745
  0
LWPOLYLINE
  5
61
330
17
100
AcDbEntity
  8
ROADS
100
AcDbPolyline
 90
2
 70
0
 10
622340.7117471823
 20
4834083.705791035
 10
622331.5848445699
 20
4834120.303564429
  0
LWPOLYLINE
  5
62
330
17
100
AcDbEntity
  8
ROADS
100
AcDbPolyline
 90
2
 70
0
 10
622541.1440512526
 20
4834144.912340745
 10
622433.2014446009
 20
4834110.965749059
  0
LWPOLYLINE
  5
63
330
17
100
AcDbEntity
  8
ROADS
100
AcDbPolyline
 90
2
 70
0
 10
622433.2014446009
 20
4834110.965749059
 10
622425.9863167347
 20
4834149.600182654
  0
LWPOLYLINE
  5
64
330
17
100
AcDbEntity
  8
ROADS
100
AcDbPolyline
 90
2
 70
0
 10
622331.5848445699
 20
4834120.303564429
 10
622425.9863167347
 20
4834149.600182654
  0
LWPOLYLINE
  5
65
330
17
100
AcDbEntity
  8
ROADS
100
AcDbPolyline
 90
2
 70
0
 10
622734.719760084
 20
4834190.074811157
 10
622729.4453585888
 20
4834207.032746071
  0
LWPOLYLINE
  5
66
330
17
100
AcDbEntity
  8
ROADS
100
AcDbPolyline
 90
2
 70
0
 10
622655.1869419835
 20
4834183.453433907
 10
622541.1440512526
 20
4834144.912340745
  0
LWPOLYLINE
  5
67
330
17
100
AcDbEntity
  8
ROADS
100
AcDbPolyline
 90
2
 70
0
 10
622541.1440512526
 20
4834144.912340745
 10
622533.8814219394
 20
4834198.982667933
  0
LWPOLYLINE
  5
68
330
17
100
AcDbEntity
  8
ROADS
100
AcDbPolyline
 90
2
 70
0
 10
622533.8814219394
 20
4834198.982667933
 10
622425.9863167347
 20
4834149.600182654
  0
LWPOLYLINE
  5
69
330
17
100
AcDbEntity
  8
ROADS
100
AcDbPolyline
 90
2
 70
0
 10
622787.0465482556
 20
4834277.165093939
 10
622752.9260664916
 20
4834266.035013
  0
LWPOLYLINE
  5
6A
330
17
100
AcDbEntity
  8
ROADS
100
AcDbPolyline
 90
2
 70
0
 10
621708.7349250952
 20
4833895.945887167
 10
621772.9638502717
 20
4834025.582149454
  0
LWPOLYLINE
  5
6B
330
17
100
AcDbEntity
  8
ROADS
100
AcDbPolyline
 90
2
 70
0
 10
621870.7572757109
 20
4833913.21198763
 10
621772.9638502717
 20
4834025.582149454
  0
LWPOLYLINE
  5
6C
330
17
100
AcDbEntity
  8
ROADS
100
AcDbPolyline
 90
2
 70
0
 10
621505.3613793707
 20
4834001.754968213
 10
621499.948392558
 20
4833991.9567267485
  0
LWPOLYLINE
  5
6D
330
17
100
AcDbEntity
  8
ROADS
100
AcDbPolyline
 90
2
 70
0
 10
621505.3613793707
 20
4834001.754968213
 10
621537.6982242716
 20
4834013.628952145
  0
LWPOLYLINE
  5
6E
330
17
100
AcDbEntity
  8
ROADS
100
AcDbPolyline
 90
2
 70
0
 10
621505.3613793707
 20
4834001.754968213
 10
621475.9921251102
 20
4834013.189858459
  0
LWPOLYLINE
  5
6F
330
17
100
AcDbEntity
  8
ROADS
100
AcDbPolyline
 90
2
 70
0
 10
621772.9638502717
 20
4834025.582149454
 10
621827.9258823133
 20
4834125.310098387
  0
LWPOLYLINE
  5
70
330
17
100
AcDbEntity
  8
ROADS
100
AcDbPolyline
 90
6
 70
0
 10
621581.341500562
 20
4834233.483673962
 10
621628.6033531949
 20
4834166.055855494
 10
621629.1563002543
 20
4834135.519467354
 10
621602.2295097979
 20
4834101.967271231
 10
621537.7420516271
 20
4834069.354251262
 10
621505.3613793707
 20
4834001.754968213
  0
LWPOLYLINE
  5
71
330
17
100
AcDbEntity
  8
ROADS
100
AcDbPolyline
 90
2
 70
0
 10
621827.9258823133
 20
4834125.310098387
 10
621807.0558150879
 20
4834197.4076913595
  0
LWPOLYLINE
  5
72
330
17
100
AcDbEntity
  8
ROADS
100
AcDbPolyline
 90
2
 70
0
 10
621807.0558150879
 20
4834197.4076913595
 10
621855.1385306271
 20
4834212.096430919
  0
LWPOLYLINE
  5
73
330
17
100
AcDbEntity
  8
ROADS
100
AcDbPolyline
 90
2
 70
0
 10
621855.1385306271
 20
4834212.096430919
 10
621896.6629185486
 20
4834224.518531973
  0
LWPOLYLINE
  5
74
330
17
100
AcDbEntity
  8
ROADS
100
AcDbPolyline
 90
2
 70
0
 10
621581.341500562
 20
4834233.483673962
 10
621328.776317099
 20
4834239.728962667
  0
LWPOLYLINE
  5
75
330
17
100
AcDbEntity
  8
ROADS
100
AcDbPolyline
 90
2
 70
0
 10
621807.0558150879
 20
4834197.4076913595
 10
621787.8589231386
 20
4834284.8797208825
  0
LWPOLYLINE
  5
76
330
17
100
AcDbEntity
  8
ROADS
100
AcDbPolyline
 90
2
 70
0
 10
621581.341500562
 20
4834233.483673962
 10
621695.8772887365
 20
4834280.145971268
  0
LWPOLYLINE
  5
77
330
17
100
AcDbEntity
  8
ROADS
100
AcDbPolyline
 90
2
 70
0
 10
621855.1385306271
 20
4834212.096430919
 10
621824.4703673872
 20
4834311.891697854
  0
LWPOLYLINE
  5
78
330
17
100
AcDbEntity
  8
ROADS
100
AcDbPolyline
 90
2
 70
0
 10
621695.8772887365
 20
4834280.145971268
 10
621751.841074534
 20
4834286.218772627
  0
LWPOLYLINE
  5
79
330
17
100
AcDbEntity
  8
ROADS
100
AcDbPolyline
 90
2
 70
0
 10
621751.841074534
 20
4834286.218772627
 10
621787.8589231386
 20
4834284.8797208825
  0
LWPOLYLINE
  5
7A
330
17
100
AcDbEntity
  8
ROADS
100
AcDbPolyline
 90
2
 70
0
 10
621700.961757664
 20
4834293.134461932
 10
621695.8772887365
 20
4834280.145971268
  0
LWPOLYLINE
  5
7B
330
17
100
AcDbEntity
  8
ROADS
100
AcDbPolyline
 90
3
 70
0
 10
621698.7755955041
 20
4834319.141130618
 10
621738.3151315914
 20
4834309.750369128
 10
621751.841074534
 20
4834286.218772627
  0
LWPOLYLINE
  5
7C
330
17
100
AcDbEntity
  8
ROADS
100
AcDbPolyline
 90
2
 70
0
 10
621698.7755955041
 20
4834319.141130618
 10
621700.961757664
 20
4834293.134461932
  0
LWPOLYLINE
  5
7D
330
17
100
AcDbEntity
  8
ROADS
100
AcDbPolyline
 90
2
 70
0
 10
621333.2128803039
 20
4834171.629833195
 10
621328.776317099
 20
4834239.728962667
  0
LWPOLYLINE
  5
7E
330
17
100
AcDbEntity
  8
ROADS
100
AcDbPolyline
 90
2
 70
0
 10
621328.776317099
 20
4834239.728962667
 10
621294.5420756347
 20
4834231.45919929
  0
LWPOLYLINE
  5
7F
330
17
100
AcDbEntity
  8
ROADS
100
AcDbPolyline
 90
2
 70
0
 10
621326.2857003523
 20
4834375.747981554
 10
621325.2502854551
 20
4834386.888760865
  0
LWPOLYLINE
  5
80
330
17
100
AcDbEntity
  8
ROADS
100
AcDbPolyline
 90
2
 70
0
 10
621515.7929853495
 20
4834502.894025302
 10
621388.3703084595
 20
4834515.83839934
  0
LWPOLYLINE
  5
81
330
17
100
AcDbEntity
  8
ROADS
100
AcDbPolyline
 90
2
 70
0
 10
621388.3703084595
 20
4834515.83839934
 10
621294.3647873431
 20
4834521.666475465
  0
LWPOLYLINE
  5
82
330
17
100
AcDbEntity
  8
ROADS
100
AcDbPolyline
 90
2
 70
0
 10
621294.3647873431
 20
4834521.666475465
 10
621238.1916964989
 20
4834519.985052208
  0
LWPOLYLINE
  5
83
330
17
100
AcDbEntity
  8
ROADS
100
AcDbPolyline
 90
2
 70
0
 10
621700.961757664
 20
4834293.134461932
 10
621650.348668653
 20
4834341.422336758
  0
LWPOLYLINE
  5
84
330
17
100
AcDbEntity
  8
ROADS
100
AcDbPolyline
 90
2
 70
0
 10
621650.348668653
 20
4834341.422336758
 10
621698.7755955041
 20
4834319.141130618
  0
LWPOLYLINE
  5
85
330
17
100
AcDbEntity
  8
ROADS
100
AcDbPolyline
 90
3
 70
0
 10
621896.6629185486
 20
4834224.518531973
 10
621917.6287667018
 20
4834234.151922432
 10
621841.23507262
 20
4834491.037939769
  0
LWPOLYLINE
  5
86
330
17
100
AcDbEntity
  8
ROADS
100
AcDbPolyline
 90
3
 70
0
 10
621650.348668653
 20
4834341.422336758
 10
621534.8297510631
 20
4834393.688206046
 10
621326.2857003523
 20
4834375.747981554
  0
LWPOLYLINE
  5
87
330
17
100
AcDbEntity
  8
ROADS
100
AcDbPolyline
 90
2
 70
0
 10
621546.7583080025
 20
4834403.7562677385
 10
621650.348668653
 20
4834341.422336758
  0
LWPOLYLINE
  5
88
330
17
100
AcDbEntity
  8
ROADS
100
AcDbPolyline
 90
3
 70
0
 10
621787.8589231386
 20
4834284.8797208825
 10
621756.8851009648
 20
4834413.976774611
 10
621701.3572062976
 20
4834482.212211382
  0
LWPOLYLINE
  5
89
330
17
100
AcDbEntity
  8
ROADS
100
AcDbPolyline
 90
2
 70
0
 10
621536.4375814812
 20
4834407.366883113
 10
621546.7583080025
 20
4834403.7562677385
  0
LWPOLYLINE
  5
8A
330
17
100
AcDbEntity
  8
ROADS
100
AcDbPolyline
 90
4
 70
0
 10
621648.1848087948
 20
4834495.599715335
 10
621690.6319244176
 20
4834458.577274921
 10
621716.2661031062
 20
4834406.7372558005
 10
621698.7755955041
 20
4834319.141130618
  0
LWPOLYLINE
  5
8B
330
17
100
AcDbEntity
  8
ROADS
100
AcDbPolyline
 90
3
 70
0
 10
621536.4375814812
 20
4834407.366883113
 10
621542.7879415005
 20
4834416.43607426
 10
621546.7583080025
 20
4834403.7562677385
  0
LWPOLYLINE
  5
8C
330
17
100
AcDbEntity
  8
ROADS
100
AcDbPolyline
 90
3
 70
0
 10
621841.23507262
 20
4834491.037939769
 10
621775.4536398434
 20
4834471.089012278
 10
621721.9857481804
 20
4834481.183029978
  0
LWPOLYLINE
  5
8D
330
17
100
AcDbEntity
  8
ROADS
100
AcDbPolyline
 90
2
 70
0
 10
622163.4512185896
 20
4834215.94817922
 10
622087.9164142333
 20
4834193.555888059
  0
LWPOLYLINE
  5
8E
330
17
100
AcDbEntity
  8
ROADS
100
AcDbPolyline
 90
2
 70
0
 10
622021.4099250239
 20
4834171.778815565
 10
621993.3735976996
 20
4834256.541008085
  0
LWPOLYLINE
  5
8F
330
17
100
AcDbEntity
  8
ROADS
100
AcDbPolyline
 90
2
 70
0
 10
622087.9164142333
 20
4834193.555888059
 10
622060.5504063065
 20
4834276.365120557
  0
LWPOLYLINE
  5
90
330
17
100
AcDbEntity
  8
ROADS
100
AcDbPolyline
 90
2
 70
0
 10
622163.4512185896
 20
4834215.94817922
 10
622141.7427948155
 20
4834284.13300319
  0
LWPOLYLINE
  5
91
330
17
100
AcDbEntity
  8
ROADS
100
AcDbPolyline
 90
2
 70
0
 10
622060.5504063065
 20
4834276.365120557
 10
621993.3735976996
 20
4834256.541008085
  0
LWPOLYLINE
  5
92
330
17
100
AcDbEntity
  8
ROADS
100
AcDbPolyline
 90
3
 70
0
 10
621993.3735976996
 20
4834256.541008085
 10
621957.9796904732
 20
4834246.209801767
 10
621944.418014052
 20
4834289.809695926
  0
LWPOLYLINE
  5
93
330
17
100
AcDbEntity
  8
ROADS
100
AcDbPolyline
 90
2
 70
0
 10
622136.9665721478
 20
4834298.960368522
 10
622060.5504063065
 20
4834276.365120557
  0
LWPOLYLINE
  5
94
330
17
100
AcDbEntity
  8
ROADS
100
AcDbPolyline
 90
2
 70
0
 10
622141.7427948155
 20
4834284.13300319
 10
622136.9665721478
 20
4834298.960368522
  0
LWPOLYLINE
  5
95
330
17
100
AcDbEntity
  8
ROADS
100
AcDbPolyline
 90
2
 70
0
 10
622266.6729964901
 20
4834322.84289352
 10
622141.7427948155
 20
4834284.13300319
  0
LWPOLYLINE
  5
96
330
17
100
AcDbEntity
  8
ROADS
100
AcDbPolyline
 90
2
 70
0
 10
622136.9665721478
 20
4834298.960368522
 10
622115.989767804
 20
4834364.7882958045
  0
LWPOLYLINE
  5
97
330
17
100
AcDbEntity
  8
ROADS
100
AcDbPolyline
 90
2
 70
0
 10
622729.4453585888
 20
4834207.032746071
 10
622655.1869419835
 20
4834183.453433907
  0
LWPOLYLINE
  5
98
330
17
100
AcDbEntity
  8
ROADS
100
AcDbPolyline
 90
2
 70
0
 10
622655.1869419835
 20
4834183.453433907
 10
622638.640248963
 20
4834235.786890618
  0
LWPOLYLINE
  5
99
330
17
100
AcDbEntity
  8
ROADS
100
AcDbPolyline
 90
2
 70
0
 10
622750.6999198551
 20
4834213.9345517885
 10
622729.4453585888
 20
4834207.032746071
  0
LWPOLYLINE
  5
9A
330
17
100
AcDbEntity
  8
ROADS
100
AcDbPolyline
 90
2
 70
0
 10
622638.640248963
 20
4834235.786890618
 10
622533.8814219394
 20
4834198.982667933
  0
LWPOLYLINE
  5
9B
330
17
100
AcDbEntity
  8
ROADS
100
AcDbPolyline
 90
2
 70
0
 10
622331.5848445699
 20
4834120.303564429
 10
622266.6729964901
 20
4834322.84289352
  0
LWPOLYLINE
  5
9C
330
17
100
AcDbEntity
  8
ROADS
100
AcDbPolyline
 90
2
 70
0
 10
622763.4895858662
 20
4834233.098492241
 10
622752.9260664916
 20
4834266.035013
  0
LWPOLYLINE
  5
9D
330
17
100
AcDbEntity
  8
ROADS
100
AcDbPolyline
 90
2
 70
0
 10
622425.9863167347
 20
4834149.600182654
 10
622337.1199626909
 20
4834437.220622363
  0
LWPOLYLINE
  5
9E
330
17
100
AcDbEntity
  8
ROADS
100
AcDbPolyline
 90
2
 70
0
 10
622533.8814219394
 20
4834198.982667933
 10
622444.6695780986
 20
4834469.779140707
  0
LWPOLYLINE
  5
9F
330
17
100
AcDbEntity
  8
ROADS
100
AcDbPolyline
 90
2
 70
0
 10
622638.640248963
 20
4834235.786890618
 10
622528.1835359577
 20
4834585.187202799
  0
LWPOLYLINE
  5
A0
330
17
100
AcDbEntity
  8
ROADS
100
AcDbPolyline
 90
2
 70
0
 10
622752.9260664916
 20
4834266.035013
 10
622637.5423368615
 20
4834619.734584309
  0
LWPOLYLINE
  5
A1
330
17
100
AcDbEntity
  8
ROADS
100
AcDbPolyline
 90
2
 70
0
 10
622266.6729964901
 20
4834322.84289352
 10
622241.2345792501
 20
4834401.8598229
  0
LWPOLYLINE
  5
A2
330
17
100
AcDbEntity
  8
ROADS
100
AcDbPolyline
 90
2
 70
0
 10
622241.2345792501
 20
4834401.8598229
 10
622115.989767804
 20
4834364.7882958045
  0
LWPOLYLINE
  5
A3
330
17
100
AcDbEntity
  8
ROADS
100
AcDbPolyline
 90
2
 70
0
 10
621993.3735976996
 20
4834256.541008085
 10
621911.8384836088
 20
4834512.55010567
  0
LWPOLYLINE
  5
A4
330
17
100
AcDbEntity
  8
ROADS
100
AcDbPolyline
 90
2
 70
0
 10
622115.989767804
 20
4834364.7882958045
 10
622092.0520029255
 20
4834444.160327528
  0
LWPOLYLINE
  5
A5
330
17
100
AcDbEntity
  8
ROADS
100
AcDbPolyline
 90
2
 70
0
 10
622060.5504063065
 20
4834276.365120557
 10
621980.6761797938
 20
4834534.153368654
  0
LWPOLYLINE
  5
A6
330
17
100
AcDbEntity
  8
ROADS
100
AcDbPolyline
 90
2
 70
0
 10
622241.2345792501
 20
4834401.8598229
 10
622218.3987681187
 20
4834484.5834575575
  0
LWPOLYLINE
  5
A7
330
17
100
AcDbEntity
  8
ROADS
100
AcDbPolyline
 90
2
 70
0
 10
622135.106974807
 20
4834457.219160943
 10
622092.0520029255
 20
4834444.160327528
  0
LWPOLYLINE
  5
A8
330
17
100
AcDbEntity
  8
ROADS
100
AcDbPolyline
 90
2
 70
0
 10
622177.0857319767
 20
4834471.0065790415
 10
622135.106974807
 20
4834457.219160943
  0
LWPOLYLINE
  5
A9
330
17
100
AcDbEntity
  8
ROADS
100
AcDbPolyline
 90
2
 70
0
 10
622218.3987681187
 20
4834484.5834575575
 10
622177.0857319767
 20
4834471.0065790415
  0
LWPOLYLINE
  5
AA
330
17
100
AcDbEntity
  8
ROADS
100
AcDbPolyline
 90
2
 70
0
 10
622260.7629745273
 20
4834497.711318308
 10
622218.3987681187
 20
4834484.5834575575
  0
LWPOLYLINE
  5
AB
330
17
100
AcDbEntity
  8
ROADS
100
AcDbPolyline
 90
2
 70
0
 10
622871.6167547534
 20
4834556.370726176
 10
622832.0471740679
 20
4834672.601955437
  0
LWPOLYLINE
  5
AC
330
17
100
AcDbEntity
  8
ROADS
100
AcDbPolyline
 90
2
 70
0
 10
622833.4986923442
 20
4834384.350304573
 10
622747.1515246737
 20
4834655.037550393
  0
LWPOLYLINE
  5
AD
330
17
100
AcDbEntity
  8
ROADS
100
AcDbPolyline
 90
2
 70
0
 10
621721.9857481804
 20
4834481.183029978
 10
621701.3572062976
 20
4834482.212211382
  0
LWPOLYLINE
  5
AE
330
17
100
AcDbEntity
  8
ROADS
100
AcDbPolyline
 90
2
 70
0
 10
621701.3572062976
 20
4834482.212211382
 10
621648.1848087948
 20
4834495.599715335
  0
LWPOLYLINE
  5
AF
330
17
100
AcDbEntity
  8
ROADS
100
AcDbPolyline
 90
2
 70
0
 10
621648.1848087948
 20
4834495.599715335
 10
621515.7929853495
 20
4834502.894025302
  0
LWPOLYLINE
  5
B0
330
17
100
AcDbEntity
  8
ROADS
100
AcDbPolyline
 90
2
 70
0
 10
621911.8384836088
 20
4834512.55010567
 10
621841.23507262
 20
4834491.037939769
  0
LWPOLYLINE
  5
B1
330
17
100
AcDbEntity
  8
ROADS
100
AcDbPolyline
 90
5
 70
0
 10
621721.9857481804
 20
4834481.183029978
 10
621710.4523454172
 20
4834534.729999029
 10
621727.46443873
 20
4834523.370981334
 10
621722.77988532
 20
4834541.038111417
 10
621749.6649525403
 20
4834544.864244318
  0
LWPOLYLINE
  5
B2
330
17
100
AcDbEntity
  8
ROADS
100
AcDbPolyline
 90
3
 70
0
 10
621841.23507262
 20
4834491.037939769
 10
621775.5440877287
 20
4834497.39885002
 10
621749.6649525403
 20
4834544.864244318
  0
LWPOLYLINE
  5
B3
330
17
100
AcDbEntity
  8
ROADS
100
AcDbPolyline
 90
2
 70
0
 10
621749.6649525403
 20
4834544.864244318
 10
621725.6984083423
 20
4834557.7796278745
  0
LWPOLYLINE
  5
B4
330
17
100
AcDbEntity
  8
ROADS
100
AcDbPolyline
 90
2
 70
0
 10
621749.6649525403
 20
4834544.864244318
 10
621753.6753594
 20
4834565.155660532
  0
LWPOLYLINE
  5
B5
330
17
100
AcDbEntity
  8
ROADS
100
AcDbPolyline
 90
2
 70
0
 10
621725.6984083423
 20
4834557.7796278745
 10
621753.6753594
 20
4834565.155660532
  0
LWPOLYLINE
  5
B6
330
17
100
AcDbEntity
  8
ROADS
100
AcDbPolyline
 90
2
 70
0
 10
621725.6984083423
 20
4834557.7796278745
 10
621684.1455007612
 20
4834612.60603247
  0
LWPOLYLINE
  5
B7
330
17
100
AcDbEntity
  8
ROADS
100
AcDbPolyline
 90
2
 70
0
 10
621515.7929853495
 20
4834502.894025302
 10
621406.9368160663
 20
4834676.736175898
  0
LWPOLYLINE
  5
B8
330
17
100
AcDbEntity
  8
ROADS
100
AcDbPolyline
 90
3
 70
0
 10
621648.1848087948
 20
4834495.599715335
 10
621544.4619129424
 20
4834651.346910445
 10
621528.8913627953
 20
4834703.175793383
  0
LWPOLYLINE
  5
B9
330
17
100
AcDbEntity
  8
ROADS
100
AcDbPolyline
 90
4
 70
0
 10
622030.0052411916
 20
4834634.85469012
 10
621823.8016587178
 20
4834570.931990992
 10
621806.89473959
 20
4834581.700383671
 10
621753.6753594
 20
4834565.155660532
  0
LWPOLYLINE
  5
BA
330
17
100
AcDbEntity
  8
ROADS
100
AcDbPolyline
 90
2
 70
0
 10
621684.1455007612
 20
4834612.60603247
 10
621653.6741859543
 20
4834663.886571118
  0
LWPOLYLINE
  5
BB
330
17
100
AcDbEntity
  8
ROADS
100
AcDbPolyline
 90
2
 70
0
 10
622005.4084228709
 20
4834711.458641848
 10
621684.1455007612
 20
4834612.60603247
  0
LWPOLYLINE
  5
BC
330
17
100
AcDbEntity
  8
ROADS
100
AcDbPolyline
 90
3
 70
0
 10
621596.9609588364
 20
4834740.101880886
 10
621622.2920293516
 20
4834653.581848027
 10
621653.6741859543
 20
4834663.886571118
  0
LWPOLYLINE
  5
BD
330
17
100
AcDbEntity
  8
ROADS
100
AcDbPolyline
 90
2
 70
0
 10
621528.8913627953
 20
4834703.175793383
 10
621490.5833789596
 20
4834703.024335629
  0
LWPOLYLINE
  5
BE
330
17
100
AcDbEntity
  8
ROADS
100
AcDbPolyline
 90
2
 70
0
 10
621653.6741859543
 20
4834663.886571118
 10
621628.5898526728
 20
4834750.089557038
  0
LWPOLYLINE
  5
BF
330
17
100
AcDbEntity
  8
ROADS
100
AcDbPolyline
 90
2
 70
0
 10
621524.6024474947
 20
4834741.55399387
 10
621490.5833789596
 20
4834703.024335629
  0
LWPOLYLINE
  5
C0
330
17
100
AcDbEntity
  8
ROADS
100
AcDbPolyline
 90
2
 70
0
 10
621528.8913627953
 20
4834703.175793383
 10
621524.6024474947
 20
4834741.55399387
  0
LWPOLYLINE
  5
C1
330
17
100
AcDbEntity
  8
ROADS
100
AcDbPolyline
 90
2
 70
0
 10
622092.0520029255
 20
4834444.160327528
 10
622056.0592494988
 20
4834558.409074155
  0
LWPOLYLINE
  5
C2
330
17
100
AcDbEntity
  8
ROADS
100
AcDbPolyline
 90
2
 70
0
 10
622312.1452299214
 20
4834513.930832299
 10
622260.7629745273
 20
4834497.711318308
  0
LWPOLYLINE
  5
C3
330
17
100
AcDbEntity
  8
ROADS
100
AcDbPolyline
 90
2
 70
0
 10
621980.6761797938
 20
4834534.153368654
 10
621911.8384836088
 20
4834512.55010567
  0
LWPOLYLINE
  5
C4
330
17
100
AcDbEntity
  8
ROADS
100
AcDbPolyline
 90
2
 70
0
 10
622056.0592494988
 20
4834558.409074155
 10
621980.6761797938
 20
4834534.153368654
  0
LWPOLYLINE
  5
C5
330
17
100
AcDbEntity
  8
ROADS
100
AcDbPolyline
 90
2
 70
0
 10
622056.0592494988
 20
4834558.409074155
 10
622030.0052411916
 20
4834634.85469012
  0
LWPOLYLINE
  5
C6
330
17
100
AcDbEntity
  8
ROADS
100
AcDbPolyline
 90
2
 70
0
 10
622135.106974807
 20
4834457.219160943
 10
622038.146097908
 20
4834765.001894962
  0
LWPOLYLINE
  5
C7
330
17
100
AcDbEntity
  8
ROADS
100
AcDbPolyline
 90
2
 70
0
 10
622177.0857319767
 20
4834471.0065790415
 10
622078.3212378537
 20
4834779.038757268
  0
LWPOLYLINE
  5
C8
330
17
100
AcDbEntity
  8
ROADS
100
AcDbPolyline
 90
2
 70
0
 10
622218.3987681187
 20
4834484.5834575575
 10
622123.7101650974
 20
4834792.105322551
  0
LWPOLYLINE
  5
C9
330
17
100
AcDbEntity
  8
ROADS
100
AcDbPolyline
 90
2
 70
0
 10
622260.7629745273
 20
4834497.711318308
 10
622163.6123874653
 20
4834803.592638657
  0
LWPOLYLINE
  5
CA
330
17
100
AcDbEntity
  8
ROADS
100
AcDbPolyline
 90
2
 70
0
 10
622030.0052411916
 20
4834634.85469012
 10
622005.4084228709
 20
4834711.458641848
  0
LWPOLYLINE
  5
CB
330
17
100
AcDbEntity
  8
ROADS
100
AcDbPolyline
 90
2
 70
0
 10
622444.6695780986
 20
4834469.779140707
 10
622337.1199626909
 20
4834437.220622363
  0
LWPOLYLINE
  5
CC
330
17
100
AcDbEntity
  8
ROADS
100
AcDbPolyline
 90
2
 70
0
 10
622337.1199626909
 20
4834437.220622363
 10
622312.1452299214
 20
4834513.930832299
  0
LWPOLYLINE
  5
CD
330
17
100
AcDbEntity
  8
ROADS
100
AcDbPolyline
 90
2
 70
0
 10
622444.6695780986
 20
4834469.779140707
 10
622419.3783583121
 20
4834549.446793329
  0
LWPOLYLINE
  5
CE
330
17
100
AcDbEntity
  8
ROADS
100
AcDbPolyline
 90
2
 70
0
 10
622345.9055631092
 20
4834525.563611541
 10
622312.1452299214
 20
4834513.930832299
  0
LWPOLYLINE
  5
CF
330
17
100
AcDbEntity
  8
ROADS
100
AcDbPolyline
 90
2
 70
0
 10
622419.3783583121
 20
4834549.446793329
 10
622345.9055631092
 20
4834525.563611541
  0
LWPOLYLINE
  5
D0
330
17
100
AcDbEntity
  8
ROADS
100
AcDbPolyline
 90
2
 70
0
 10
622433.4567416018
 20
4834553.003435107
 10
622419.3783583121
 20
4834549.446793329
  0
LWPOLYLINE
  5
D1
330
17
100
AcDbEntity
  8
ROADS
100
AcDbPolyline
 90
2
 70
0
 10
622528.1835359577
 20
4834585.187202799
 10
622433.4567416018
 20
4834553.003435107
  0
LWPOLYLINE
  5
D2
330
17
100
AcDbEntity
  8
ROADS
100
AcDbPolyline
 90
2
 70
0
 10
622637.5423368615
 20
4834619.734584309
 10
622528.1835359577
 20
4834585.187202799
  0
LWPOLYLINE
  5
D3
330
17
100
AcDbEntity
  8
ROADS
100
AcDbPolyline
 90
2
 70
0
 10
622747.1515246737
 20
4834655.037550393
 10
622637.5423368615
 20
4834619.734584309
  0
LWPOLYLINE
  5
D4
330
17
100
AcDbEntity
  8
ROADS
100
AcDbPolyline
 90
2
 70
0
 10
622345.9055631092
 20
4834525.563611541
 10
622250.3259502166
 20
4834831.558404885
  0
LWPOLYLINE
  5
D5
330
17
100
AcDbEntity
  8
ROADS
100
AcDbPolyline
 90
2
 70
0
 10
622832.0471740679
 20
4834672.601955437
 10
622747.1515246737
 20
4834655.037550393
  0
LWPOLYLINE
  5
D6
330
17
100
AcDbEntity
  8
ROADS
100
AcDbPolyline
 90
3
 70
0
 10
622930.8202587876
 20
4834648.658036113
 10
622927.2041627164
 20
4834654.438094389
 10
622949.2401783247
 20
4834677.366837559
  0
LWPOLYLINE
  5
D7
330
17
100
AcDbEntity
  8
ROADS
100
AcDbPolyline
 90
2
 70
0
 10
622832.0471740679
 20
4834672.601955437
 10
622863.1978739573
 20
4834749.379786774
  0
LWPOLYLINE
  5
D8
330
17
100
AcDbEntity
  8
ROADS
100
AcDbPolyline
 90
3
 70
0
 10
622985.6180816141
 20
4834743.649318907
 10
622906.3077626999
 20
4834732.906230403
 10
622863.1978739573
 20
4834749.379786774
  0
LWPOLYLINE
  5
D9
330
17
100
AcDbEntity
  8
ROADS
100
AcDbPolyline
 90
2
 70
0
 10
622433.4567416018
 20
4834553.003435107
 10
622336.2134540449
 20
4834860.0242767995
  0
LWPOLYLINE
  5
DA
330
17
100
AcDbEntity
  8
ROADS
100
AcDbPolyline
 90
2
 70
0
 10
622637.5423368615
 20
4834619.734584309
 10
622570.2817006741
 20
4834811.033509925
  0
LWPOLYLINE
  5
DB
330
17
100
AcDbEntity
  8
ROADS
100
AcDbPolyline
 90
2
 70
0
 10
622528.1835359577
 20
4834585.187202799
 10
622425.1442044612
 20
4834888.319665727
  0
LWPOLYLINE
  5
DC
330
17
100
AcDbEntity
  8
ROADS
100
AcDbPolyline
 90
2
 70
0
 10
622747.1515246737
 20
4834655.037550393
 10
622670.2892757043
 20
4834884.154301346
  0
LWPOLYLINE
  5
DD
330
17
100
AcDbEntity
  8
ROADS
100
AcDbPolyline
 90
2
 70
0
 10
622570.2817006741
 20
4834811.033509925
 10
622586.2593659901
 20
4834816.433084655
  0
LWPOLYLINE
  5
DE
330
17
100
AcDbEntity
  8
ROADS
100
AcDbPolyline
 90
3
 70
0
 10
622833.3020240155
 20
4834785.305146781
 10
622790.596385933
 20
4834847.019205872
 10
622692.932640383
 20
4834892.160999225
  0
LWPOLYLINE
  5
DF
330
17
100
AcDbEntity
  8
ROADS
100
AcDbPolyline
 90
2
 70
0
 10
622570.2817006741
 20
4834811.033509925
 10
622538.3592433273
 20
4834925.073449637
  0
LWPOLYLINE
  5
E0
330
17
100
AcDbEntity
  8
ROADS
100
AcDbPolyline
 90
2
 70
0
 10
622425.1442044612
 20
4834888.319665727
 10
622336.2134540449
 20
4834860.0242767995
  0
LWPOLYLINE
  5
E1
330
17
100
AcDbEntity
  8
ROADS
100
AcDbPolyline
 90
2
 70
0
 10
622692.932640383
 20
4834892.160999225
 10
622670.2892757043
 20
4834884.154301346
  0
LWPOLYLINE
  5
E2
330
17
100
AcDbEntity
  8
ROADS
100
AcDbPolyline
 90
2
 70
0
 10
622468.8367896625
 20
4834901.845616652
 10
622425.1442044612
 20
4834888.319665727
  0
LWPOLYLINE
  5
E3
330
17
100
AcDbEntity
  8
ROADS
100
AcDbPolyline
 90
2
 70
0
 10
621326.2857003523
 20
4834375.747981554
 10
621227.7946001912
 20
4834375.599369226
  0
LWPOLYLINE
  5
E4
330
17
100
AcDbEntity
  8
ROADS
100
AcDbPolyline
 90
4
 70
0
 10
621328.776317099
 20
4834239.728962667
 10
621315.9175427911
 20
4834265.411685224
 10
621270.6646259808
 20
4834287.260722715
 10
621264.9782883886
 20
4834286.90932127
  0
LWPOLYLINE
  5
E5
330
17
100
AcDbEntity
  8
ROADS
100
AcDbPolyline
 90
2
 70
0
 10
621388.3703084595
 20
4834515.83839934
 10
621328.0216457419
 20
4834614.9769776035
  0
LWPOLYLINE
  5
E6
330
17
100
AcDbEntity
  8
ROADS
100
AcDbPolyline
 90
2
 70
0
 10
621328.0216457419
 20
4834614.9769776035
 10
621294.3647873431
 20
4834521.666475465
  0
LWPOLYLINE
  5
E7
330
17
100
AcDbEntity
  8
ROADS
100
AcDbPolyline
 90
3
 70
0
 10
621406.9368160663
 20
4834676.736175898
 10
621363.598817033
 20
4834664.624267047
 10
621328.0216457419
 20
4834614.9769776035
  0
LWPOLYLINE
  5
E8
330
17
100
AcDbEntity
  8
ROADS
100
AcDbPolyline
 90
4
 70
0
 10
621213.0669370817
 20
4834418.36625341
 10
621285.5421896984
 20
4834441.070436537
 10
621392.7592491701
 20
4834401.99465589
 10
621536.4375814812
 20
4834407.366883113
  0
LWPOLYLINE
  5
E9
330
17
100
AcDbEntity
  8
ROADS
100
AcDbPolyline
 90
5
 70
0
 10
621343.513686522
 20
4834785.073566111
 10
621294.9134728641
 20
4834761.565020067
 10
621226.5008350224
 20
4834695.544476463
 10
621187.9866014216
 20
4834644.9540726105
 10
621164.2163375713
 20
4834573.493192822
  0
LWPOLYLINE
  5
EA
330
17
100
AcDbEntity
  8
ROADS
100
AcDbPolyline
 90
2
 70
0
 10
621490.5833789596
 20
4834703.024335629
 10
621406.9368160663
 20
4834676.736175898
  0
LWPOLYLINE
  5
EB
330
17
100
AcDbEntity
  8
ROADS
100
AcDbPolyline
 90
4
 70
0
 10
621331.8937322835
 20
4834819.397046665
 10
621231.1607226006
 20
4834787.451762356
 10
621140.0207581942
 20
4834721.616415454
 10
621113.3615112858
 20
4834713.514322846
  0
LWPOLYLINE
  5
EC
330
17
100
AcDbEntity
  8
ROADS
100
AcDbPolyline
 90
2
 70
0
 10
621343.513686522
 20
4834785.073566111
 10
621331.8937322835
 20
4834819.397046665
  0
LWPOLYLINE
  5
ED
330
17
100
AcDbEntity
  8
ROADS
100
AcDbPolyline
 90
4
 70
0
 10
621446.4308803278
 20
4834919.967949651
 10
621448.0344694615
 20
4834874.2998925755
 10
621418.0410563111
 20
4834823.90646818
 10
621343.513686522
 20
4834785.073566111
  0
LWPOLYLINE
  5
EE
330
17
100
AcDbEntity
  8
ROADS
100
AcDbPolyline
 90
2
 70
0
 10
621769.245952337
 20
4834800.78087703
 10
621735.3372344702
 20
4834886.703857046
  0
LWPOLYLINE
  5
EF
330
17
100
AcDbEntity
  8
ROADS
100
AcDbPolyline
 90
2
 70
0
 10
621620.9842423901
 20
4834848.85304949
 10
621594.7607374736
 20
4834840.074628238
  0
LWPOLYLINE
  5
F0
330
17
100
AcDbEntity
  8
ROADS
100
AcDbPolyline
 90
2
 70
0
 10
621735.3372344702
 20
4834886.703857046
 10
621620.9842423901
 20
4834848.85304949
  0
LWPOLYLINE
  5
F1
330
17
100
AcDbEntity
  8
ROADS
100
AcDbPolyline
 90
3
 70
0
 10
621544.7480818073
 20
4834901.779364701
 10
621600.7789018248
 20
4834892.358778622
 10
621594.7607374736
 20
4834840.074628238
  0
LWPOLYLINE
  5
F2
330
17
100
AcDbEntity
  8
ROADS
100
AcDbPolyline
 90
2
 70
0
 10
621544.7480818073
 20
4834901.779364701
 10
621550.5286782464
 20
4834957.136352674
  0
LWPOLYLINE
  5
F3
330
17
100
AcDbEntity
  8
ROADS
100
AcDbPolyline
 90
2
 70
0
 10
621735.3372344702
 20
4834886.703857046
 10
621703.0376262259
 20
4834984.849463918
  0
LWPOLYLINE
  5
F4
330
17
100
AcDbEntity
  8
ROADS
100
AcDbPolyline
 90
2
 70
0
 10
621855.530869999
 20
4834856.436136297
 10
621803.7355029611
 20
4835019.132322105
  0
LWPOLYLINE
  5
F5
330
17
100
AcDbEntity
  8
ROADS
100
AcDbPolyline
 90
2
 70
0
 10
621550.5286782464
 20
4834957.136352674
 10
621446.4308803278
 20
4834919.967949651
  0
LWPOLYLINE
  5
F6
330
17
100
AcDbEntity
  8
ROADS
100
AcDbPolyline
 90
3
 70
0
 10
621703.0376262259
 20
4834984.849463918
 10
621587.6565392294
 20
4834949.879171886
 10
621550.5286782464
 20
4834957.136352674
  0
LWPOLYLINE
  5
F7
330
17
100
AcDbEntity
  8
ROADS
100
AcDbPolyline
 90
2
 70
0
 10
621803.7355029611
 20
4835019.132322105
 10
621703.0376262259
 20
4834984.849463918
  0
LWPOLYLINE
  5
F8
330
17
100
AcDbEntity
  8
ROADS
100
AcDbPolyline
 90
2
 70
0
 10
621446.4308803278
 20
4834919.967949651
 10
621331.8937322835
 20
4834819.397046665
  0
LWPOLYLINE
  5
F9
330
17
100
AcDbEntity
  8
ROADS
100
AcDbPolyline
 90
4
 70
0
 10
621040.7669641557
 20
4834952.544134015
 10
621089.558113949
 20
4834968.04002238
 10
621119.4150158874
 20
4834998.986091911
 10
621108.6196714703
 20
4835036.31958053
  0
LWPOLYLINE
  5
FA
330
17
100
AcDbEntity
  8
ROADS
100
AcDbPolyline
 90
2
 70
0
 10
621259.8586733788
 20
4835082.82356904
 10
621108.6196714703
 20
4835036.31958053
  0
LWPOLYLINE
  5
FB
330
17
100
AcDbEntity
  8
ROADS
100
AcDbPolyline
 90
2
 70
0
 10
621108.6196714703
 20
4835036.31958053
 10
621101.1910915226
 20
4835119.311925247
  0
LWPOLYLINE
  5
FC
330
17
100
AcDbEntity
  8
ROADS
100
AcDbPolyline
 90
2
 70
0
 10
621367.8944019248
 20
4835074.142147651
 10
621360.381910002
 20
4835112.54205374
  0
LWPOLYLINE
  5
FD
330
17
100
AcDbEntity
  8
ROADS
100
AcDbPolyline
 90
2
 70
0
 10
621360.381910002
 20
4835112.54205374
 10
621259.8586733788
 20
4835082.82356904
  0
LWPOLYLINE
  5
FE
330
17
100
AcDbEntity
  8
ROADS
100
AcDbPolyline
 90
3
 70
0
 10
621259.8586733788
 20
4835082.82356904
 10
621245.7074404113
 20
4835118.648339288
 10
621204.5137779563
 20
4835151.720132542
  0
LWPOLYLINE
  5
FF
330
17
100
AcDbEntity
  8
ROADS
100
AcDbPolyline
 90
2
 70
0
 10
621359.8163253297
 20
4835143.88322481
 10
621360.381910002
 20
4835112.54205374
  0
LWPOLYLINE
  5
100
330
17
100
AcDbEntity
  8
ROADS
100
AcDbPolyline
 90
2
 70
0
 10
621204.5137779563
 20
4835151.720132542
 10
621101.1910915226
 20
4835119.311925247
  0
LWPOLYLINE
  5
101
330
17
100
AcDbEntity
  8
ROADS
100
AcDbPolyline
 90
2
 70
0
 10
621359.8163253297
 20
4835143.88322481
 10
621310.6926808008
 20
4835172.729486235
  0
LWPOLYLINE
  5
102
330
17
100
AcDbEntity
  8
ROADS
100
AcDbPolyline
 90
3
 70
0
 10
621027.056444389
 20
4835033.934538821
 10
621024.1854189325
 20
4835105.44427841
 10
621022.3166141689
 20
4835107.622846974
  0
LWPOLYLINE
  5
103
330
17
100
AcDbEntity
  8
ROADS
100
AcDbPolyline
 90
3
 70
0
 10
621021.986673937
 20
4835116.781840198
 10
621040.2833983158
 20
4835096.577897159
 10
621032.8773093049
 20
4834997.673577353
  0
LWPOLYLINE
  5
104
330
17
100
AcDbEntity
  8
ROADS
100
AcDbPolyline
 90
3
 70
0
 10
621097.2106084314
 20
4835344.8028325625
 10
621056.3931476695
 20
4835299.701974228
 10
621044.137953849
 20
4835307.596733833
  0
LWPOLYLINE
  5
105
330
17
100
AcDbEntity
  8
ROADS
100
AcDbPolyline
 90
2
 70
0
 10
621075.9486084019
 20
4835366.435406878
 10
621063.737404137
 20
4835376.755598487
  0
LWPOLYLINE
  5
106
330
17
100
AcDbEntity
  8
ROADS
100
AcDbPolyline
 90
2
 70
0
 10
621542.0308936025
 20
4835175.83459482
 10
621359.8163253297
 20
4835143.88322481
  0
LWPOLYLINE
  5
107
330
17
100
AcDbEntity
  8
ROADS
100
AcDbPolyline
 90
2
 70
0
 10
621101.1910915226
 20
4835119.311925247
 10
621110.3724006846
 20
4835225.527546917
  0
LWPOLYLINE
  5
108
330
17
100
AcDbEntity
  8
ROADS
100
AcDbPolyline
 90
2
 70
0
 10
621204.5137779563
 20
4835151.720132542
 10
621110.3724006846
 20
4835225.527546917
  0
LWPOLYLINE
  5
109
330
17
100
AcDbEntity
  8
ROADS
100
AcDbPolyline
 90
2
 70
0
 10
621310.6926808008
 20
4835172.729486235
 10
621247.1242316237
 20
4835224.652634477
  0
LWPOLYLINE
  5
10A
330
17
100
AcDbEntity
  8
ROADS
100
AcDbPolyline
 90
2
 70
0
 10
621304.9549112213
 20
4835282.286622664
 10
621247.1242316237
 20
4835224.652634477
  0
LWPOLYLINE
  5
10B
330
17
100
AcDbEntity
  8
ROADS
100
AcDbPolyline
 90
2
 70
0
 10
621247.1242316237
 20
4835224.652634477
 10
621158.6598303213
 20
4835296.3715731
  0
LWPOLYLINE
  5
10C
330
17
100
AcDbEntity
  8
ROADS
100
AcDbPolyline
 90
2
 70
0
 10
621110.3724006846
 20
4835225.527546917
 10
621158.6598303213
 20
4835296.3715731
  0
LWPOLYLINE
  5
10D
330
17
100
AcDbEntity
  8
ROADS
100
AcDbPolyline
 90
4
 70
0
 10
621310.6926808008
 20
4835172.729486235
 10
621408.6259071083
 20
4835287.575984095
 10
621415.2144018384
 20
4835343.047567603
 10
621381.9303580525
 20
4835432.41385067
  0
LWPOLYLINE
  5
10E
330
17
100
AcDbEntity
  8
ROADS
100
AcDbPolyline
 90
2
 70
0
 10
621158.6598303213
 20
4835296.3715731
 10
621136.2003801443
 20
4835316.864457272
  0
LWPOLYLINE
  5
10F
330
17
100
AcDbEntity
  8
ROADS
100
AcDbPolyline
 90
3
 70
0
 10
621297.8636317485
 20
4835376.10158919
 10
621335.3726562457
 20
4835319.161142421
 10
621304.9549112213
 20
4835282.286622664
  0
LWPOLYLINE
  5
110
330
17
100
AcDbEntity
  8
ROADS
100
AcDbPolyline
 90
3
 70
0
 10
621297.8636317485
 20
4835376.10158919
 10
621261.3696291082
 20
4835327.997726144
 10
621304.9549112213
 20
4835282.286622664
  0
LWPOLYLINE
  5
111
330
17
100
AcDbEntity
  8
ROADS
100
AcDbPolyline
 90
2
 70
0
 10
621136.2003801443
 20
4835316.864457272
 10
621097.2106084314
 20
4835344.8028325625
  0
LWPOLYLINE
  5
112
330
17
100
AcDbEntity
  8
ROADS
100
AcDbPolyline
 90
2
 70
0
 10
621097.2106084314
 20
4835344.8028325625
 10
621075.9486084019
 20
4835366.435406878
  0
LWPOLYLINE
  5
113
330
17
100
AcDbEntity
  8
ROADS
100
AcDbPolyline
 90
2
 70
0
 10
621217.803074329
 20
4835405.696567237
 10
621136.2003801443
 20
4835316.864457272
  0
LWPOLYLINE
  5
114
330
17
100
AcDbEntity
  8
ROADS
100
AcDbPolyline
 90
3
 70
0
 10
621075.9486084019
 20
4835366.435406878
 10
621107.7069717953
 20
4835405.5452432325
 10
621086.2599531424
 20
4835423.52731009
  0
LWPOLYLINE
  5
115
330
17
100
AcDbEntity
  8
ROADS
100
AcDbPolyline
 90
3
 70
0
 10
621381.9303580525
 20
4835432.41385067
 10
621347.9962020052
 20
4835429.075238089
 10
621297.8636317485
 20
4835376.10158919
  0
LWPOLYLINE
  5
116
330
17
100
AcDbEntity
  8
ROADS
100
AcDbPolyline
 90
2
 70
0
 10
621217.803074329
 20
4835405.696567237
 10
621156.8640159203
 20
4835453.676018674
  0
LWPOLYLINE
  5
117
330
17
100
AcDbEntity
  8
ROADS
100
AcDbPolyline
 90
2
 70
0
 10
621274.6588334254
 20
4835468.300177479
 10
621217.803074329
 20
4835405.696567237
  0
LWPOLYLINE
  5
118
330
17
100
AcDbEntity
  8
ROADS
100
AcDbPolyline
 90
3
 70
0
 10
621086.2599531424
 20
4835423.52731009
 10
621104.9847499453
 20
4835446.539825398
 10
621094.5954842743
 20
4835455.202949627
  0
LWPOLYLINE
  5
119
330
17
100
AcDbEntity
  8
ROADS
100
AcDbPolyline
 90
3
 70
0
 10
621381.9303580525
 20
4835432.41385067
 10
621381.1146195245
 20
4835484.670434209
 10
621348.6189804197
 20
4835550.00787852
  0
LWPOLYLINE
  5
11A
330
17
100
AcDbEntity
  8
ROADS
100
AcDbPolyline
 90
3
 70
0
 10
621086.2599531424
 20
4835423.52731009
 10
621075.0894409418
 20
4835409.533757623
 10
621075.0092939807
 20
4835409.58004905
  0
LWPOLYLINE
  5
11B
330
17
100
AcDbEntity
  8
ROADS
100
AcDbPolyline
 90
3
 70
0
 10
621983.1783424485
 20
4834790.3504701285
 10
621745.9029090226
 20
4834716.635083334
 10
621653.6741859543
 20
4834663.886571118
  0
LWPOLYLINE
  5
11C
330
17
100
AcDbEntity
  8
ROADS
100
AcDbPolyline
 90
2
 70
0
 10
621628.5898526728
 20
4834750.089557038
 10
621596.9609588364
 20
4834740.101880886
  0
LWPOLYLINE
  5
11D
330
17
100
AcDbEntity
  8
ROADS
100
AcDbPolyline
 90
2
 70
0
 10
621596.0104290862
 20
4834757.77649799
 10
621596.9609588364
 20
4834740.101880886
  0
LWPOLYLINE
  5
11E
330
17
100
AcDbEntity
  8
ROADS
100
AcDbPolyline
 90
2
 70
0
 10
621524.6024474947
 20
4834741.55399387
 10
621524.6501289353
 20
4834759.606667898
  0
LWPOLYLINE
  5
11F
330
17
100
AcDbEntity
  8
ROADS
100
AcDbPolyline
 90
2
 70
0
 10
621524.6501289353
 20
4834759.606667898
 10
621596.0104290862
 20
4834757.77649799
  0
LWPOLYLINE
  5
120
330
17
100
AcDbEntity
  8
ROADS
100
AcDbPolyline
 90
2
 70
0
 10
621769.245952337
 20
4834800.78087703
 10
621628.5898526728
 20
4834750.089557038
  0
LWPOLYLINE
  5
121
330
17
100
AcDbEntity
  8
ROADS
100
AcDbPolyline
 90
2
 70
0
 10
621594.7607374736
 20
4834840.074628238
 10
621596.0104290862
 20
4834757.77649799
  0
LWPOLYLINE
  5
122
330
17
100
AcDbEntity
  8
ROADS
100
AcDbPolyline
 90
2
 70
0
 10
621628.5898526728
 20
4834750.089557038
 10
621620.9842423901
 20
4834848.85304949
  0
LWPOLYLINE
  5
123
330
17
100
AcDbEntity
  8
ROADS
100
AcDbPolyline
 90
2
 70
0
 10
621855.530869999
 20
4834856.436136297
 10
621769.245952337
 20
4834800.78087703
  0
LWPOLYLINE
  5
124
330
17
100
AcDbEntity
  8
ROADS
100
AcDbPolyline
 90
2
 70
0
 10
621524.6501289353
 20
4834759.606667898
 10
621544.7480818073
 20
4834901.779364701
  0
LWPOLYLINE
  5
125
330
17
100
AcDbEntity
  8
ROADS
100
AcDbPolyline
 90
2
 70
0
 10
622005.4084228709
 20
4834711.458641848
 10
621994.3347280996
 20
4834749.696248564
  0
LWPOLYLINE
  5
126
330
17
100
AcDbEntity
  8
ROADS
100
AcDbPolyline
 90
2
 70
0
 10
622038.146097908
 20
4834765.001894962
 10
621994.3347280996
 20
4834749.696248564
  0
LWPOLYLINE
  5
127
330
17
100
AcDbEntity
  8
ROADS
100
AcDbPolyline
 90
2
 70
0
 10
621994.3347280996
 20
4834749.696248564
 10
621983.1783424485
 20
4834790.3504701285
  0
LWPOLYLINE
  5
128
330
17
100
AcDbEntity
  8
ROADS
100
AcDbPolyline
 90
2
 70
0
 10
622078.3212378537
 20
4834779.038757268
 10
622038.146097908
 20
4834765.001894962
  0
LWPOLYLINE
  5
129
330
17
100
AcDbEntity
  8
ROADS
100
AcDbPolyline
 90
2
 70
0
 10
622123.7101650974
 20
4834792.105322551
 10
622078.3212378537
 20
4834779.038757268
  0
LWPOLYLINE
  5
12A
330
17
100
AcDbEntity
  8
ROADS
100
AcDbPolyline
 90
2
 70
0
 10
622163.6123874653
 20
4834803.592638657
 10
622123.7101650974
 20
4834792.105322551
  0
LWPOLYLINE
  5
12B
330
17
100
AcDbEntity
  8
ROADS
100
AcDbPolyline
 90
2
 70
0
 10
622250.3259502166
 20
4834831.558404885
 10
622163.6123874653
 20
4834803.592638657
  0
LWPOLYLINE
  5
12C
330
17
100
AcDbEntity
  8
ROADS
100
AcDbPolyline
 90
3
 70
0
 10
622123.7101650974
 20
4834792.105322551
 10
622096.2530495126
 20
4834876.90346378
 10
622135.8286159912
 20
4834889.034414494
  0
LWPOLYLINE
  5
12D
330
17
100
AcDbEntity
  8
ROADS
100
AcDbPolyline
 90
2
 70
0
 10
622336.2134540449
 20
4834860.0242767995
 10
622250.3259502166
 20
4834831.558404885
  0
LWPOLYLINE
  5
12E
330
17
100
AcDbEntity
  8
ROADS
100
AcDbPolyline
 90
2
 70
0
 10
622163.6123874653
 20
4834803.592638657
 10
622135.8286159912
 20
4834889.034414494
  0
LWPOLYLINE
  5
12F
330
17
100
AcDbEntity
  8
ROADS
100
AcDbPolyline
 90
2
 70
0
 10
622863.1978739573
 20
4834749.379786774
 10
622833.3020240155
 20
4834785.305146781
  0
LWPOLYLINE
  5
130
330
17
100
AcDbEntity
  8
ROADS
100
AcDbPolyline
 90
2
 70
0
 10
622956.8836910398
 20
4834973.41828248
 10
622833.3020240155
 20
4834785.305146781
  0
LWPOLYLINE
  5
131
330
17
100
AcDbEntity
  8
ROADS
100
AcDbPolyline
 90
3
 70
0
 10
622945.4033160536
 20
4834999.7400518665
 10
622738.2441348705
 20
4834932.584032334
 10
622692.932640383
 20
4834892.160999225
  0
LWPOLYLINE
  5
132
330
17
100
AcDbEntity
  8
ROADS
100
AcDbPolyline
 90
2
 70
0
 10
622956.8836910398
 20
4834973.41828248
 10
622945.4033160536
 20
4834999.7400518665
  0
LWPOLYLINE
  5
133
330
17
100
AcDbEntity
  8
ROADS
100
AcDbPolyline
 90
2
 70
0
 10
621983.1783424485
 20
4834790.3504701285
 10
621944.0042374418
 20
4834914.009072087
  0
LWPOLYLINE
  5
134
330
17
100
AcDbEntity
  8
ROADS
100
AcDbPolyline
 90
2
 70
0
 10
622038.146097908
 20
4834765.001894962
 10
621963.3999703248
 20
4834997.385539595
  0
LWPOLYLINE
  5
135
330
17
100
AcDbEntity
  8
ROADS
100
AcDbPolyline
 90
2
 70
0
 10
621944.0042374418
 20
4834914.009072087
 10
621855.530869999
 20
4834856.436136297
  0
LWPOLYLINE
  5
136
330
17
100
AcDbEntity
  8
ROADS
100
AcDbPolyline
 90
2
 70
0
 10
622078.3212378537
 20
4834779.038757268
 10
622006.7462634122
 20
4835011.365748513
  0
LWPOLYLINE
  5
137
330
17
100
AcDbEntity
  8
ROADS
100
AcDbPolyline
 90
2
 70
0
 10
622250.3259502166
 20
4834831.558404885
 10
622177.2724332976
 20
4835066.728911148
  0
LWPOLYLINE
  5
138
330
17
100
AcDbEntity
  8
ROADS
100
AcDbPolyline
 90
2
 70
0
 10
621944.0042374418
 20
4834914.009072087
 10
621921.3221156268
 20
4834984.546316077
  0
LWPOLYLINE
  5
139
330
17
100
AcDbEntity
  8
ROADS
100
AcDbPolyline
 90
2
 70
0
 10
622135.8286159912
 20
4834889.034414494
 10
622091.9299521991
 20
4835038.874879698
  0
LWPOLYLINE
  5
13A
330
17
100
AcDbEntity
  8
ROADS
100
AcDbPolyline
 90
2
 70
0
 10
622134.4867439084
 20
4835053.268846675
 10
622181.9858879293
 20
4834903.5224524895
  0
LWPOLYLINE
  5
13B
330
17
100
AcDbEntity
  8
ROADS
100
AcDbPolyline
 90
2
 70
0
 10
621963.3999703248
 20
4834997.385539595
 10
621921.3221156268
 20
4834984.546316077
  0
LWPOLYLINE
  5
13C
330
17
100
AcDbEntity
  8
ROADS
100
AcDbPolyline
 90
2
 70
0
 10
622006.7462634122
 20
4835011.365748513
 10
621963.3999703248
 20
4834997.385539595
  0
LWPOLYLINE
  5
13D
330
17
100
AcDbEntity
  8
ROADS
100
AcDbPolyline
 90
2
 70
0
 10
622538.3592433273
 20
4834925.073449637
 10
622468.8367896625
 20
4834901.845616652
  0
LWPOLYLINE
  5
13E
330
17
100
AcDbEntity
  8
ROADS
100
AcDbPolyline
 90
2
 70
0
 10
622670.2892757043
 20
4834884.154301346
 10
622645.9008404518
 20
4834956.748955707
  0
LWPOLYLINE
  5
13F
330
17
100
AcDbEntity
  8
ROADS
100
AcDbPolyline
 90
2
 70
0
 10
622468.8367896625
 20
4834901.845616652
 10
622455.7574467328
 20
4834943.984201639
  0
LWPOLYLINE
  5
140
330
17
100
AcDbEntity
  8
ROADS
100
AcDbPolyline
 90
2
 70
0
 10
622425.1442044612
 20
4834888.319665727
 10
622395.5237995775
 20
4834965.159392264
  0
LWPOLYLINE
  5
141
330
17
100
AcDbEntity
  8
ROADS
100
AcDbPolyline
 90
2
 70
0
 10
622607.4256352468
 20
4834945.316904074
 10
622538.3592433273
 20
4834925.073449637
  0
LWPOLYLINE
  5
142
330
17
100
AcDbEntity
  8
ROADS
100
AcDbPolyline
 90
2
 70
0
 10
622645.9008404518
 20
4834956.748955707
 10
622607.4256352468
 20
4834945.316904074
  0
LWPOLYLINE
  5
143
330
17
100
AcDbEntity
  8
ROADS
100
AcDbPolyline
 90
2
 70
0
 10
622455.7574467328
 20
4834943.984201639
 10
622442.1409039828
 20
4834980.102285292
  0
LWPOLYLINE
  5
144
330
17
100
AcDbEntity
  8
ROADS
100
AcDbPolyline
 90
3
 70
0
 10
622607.4256352468
 20
4834945.316904074
 10
622593.570978949
 20
4834987.525493223
 10
622455.7574467328
 20
4834943.984201639
  0
LWPOLYLINE
  5
145
330
17
100
AcDbEntity
  8
ROADS
100
AcDbPolyline
 90
2
 70
0
 10
622442.1409039828
 20
4834980.102285292
 10
622395.5237995775
 20
4834965.159392264
  0
LWPOLYLINE
  5
146
330
17
100
AcDbEntity
  8
ROADS
100
AcDbPolyline
 90
2
 70
0
 10
622645.9008404518
 20
4834956.748955707
 10
622633.3835828736
 20
4834996.117587882
  0
LWPOLYLINE
  5
147
330
17
100
AcDbEntity
  8
ROADS
100
AcDbPolyline
 90
2
 70
0
 10
622336.2134540449
 20
4834860.0242767995
 10
622265.7179320822
 20
4835094.923065771
  0
LWPOLYLINE
  5
148
330
17
100
AcDbEntity
  8
ROADS
100
AcDbPolyline
 90
2
 70
0
 10
622481.5531251826
 20
4834993.968890286
 10
622442.1409039828
 20
4834980.102285292
  0
LWPOLYLINE
  5
149
330
17
100
AcDbEntity
  8
ROADS
100
AcDbPolyline
 90
2
 70
0
 10
622554.4918759816
 20
4835017.244501199
 10
622481.5531251826
 20
4834993.968890286
  0
LWPOLYLINE
  5
14A
330
17
100
AcDbEntity
  8
ROADS
100
AcDbPolyline
 90
2
 70
0
 10
622633.3835828736
 20
4834996.117587882
 10
622624.3930419177
 20
4835038.111095734
  0
LWPOLYLINE
  5
14B
330
17
100
AcDbEntity
  8
ROADS
100
AcDbPolyline
 90
2
 70
0
 10
622624.3930419177
 20
4835038.111095734
 10
622554.4918759816
 20
4835017.244501199
  0
LWPOLYLINE
  5
14C
330
17
100
AcDbEntity
  8
ROADS
100
AcDbPolyline
 90
2
 70
0
 10
622825.4728929559
 20
4835060.732086336
 10
622633.3835828736
 20
4834996.117587882
  0
LWPOLYLINE
  5
14D
330
17
100
AcDbEntity
  8
ROADS
100
AcDbPolyline
 90
2
 70
0
 10
622306.4006647167
 20
4835108.210117074
 10
622355.3131695384
 20
4834958.118185534
  0
LWPOLYLINE
  5
14E
330
17
100
AcDbEntity
  8
ROADS
100
AcDbPolyline
 90
2
 70
0
 10
622442.1409039828
 20
4834980.102285292
 10
622402.6059576541
 20
4835091.242417172
  0
LWPOLYLINE
  5
14F
330
17
100
AcDbEntity
  8
ROADS
100
AcDbPolyline
 90
2
 70
0
 10
622395.5237995775
 20
4834965.159392264
 10
622347.1698599996
 20
4835121.416730697
  0
LWPOLYLINE
  5
150
330
17
100
AcDbEntity
  8
ROADS
100
AcDbPolyline
 90
2
 70
0
 10
622481.5531251826
 20
4834993.968890286
 10
622445.6797238322
 20
4835103.9816697985
  0
LWPOLYLINE
  5
151
330
17
100
AcDbEntity
  8
ROADS
100
AcDbPolyline
 90
2
 70
0
 10
622221.5973869583
 20
4835080.731829759
 10
622268.6395755067
 20
4834932.034189538
  0
LWPOLYLINE
  5
152
330
17
100
AcDbEntity
  8
ROADS
100
AcDbPolyline
 90
2
 70
0
 10
621921.3221156268
 20
4834984.546316077
 10
621907.7516074127
 20
4835029.072060428
  0
LWPOLYLINE
  5
153
330
17
100
AcDbEntity
  8
ROADS
100
AcDbPolyline
 90
2
 70
0
 10
622006.7462634122
 20
4835011.365748513
 10
621992.6025931286
 20
4835056.341163087
  0
LWPOLYLINE
  5
154
330
17
100
AcDbEntity
  8
ROADS
100
AcDbPolyline
 90
2
 70
0
 10
621953.3763794026
 20
4835043.086460633
 10
621907.7516074127
 20
4835029.072060428
  0
LWPOLYLINE
  5
155
330
17
100
AcDbEntity
  8
ROADS
100
AcDbPolyline
 90
2
 70
0
 10
621907.7516074127
 20
4835029.072060428
 10
621900.7826630214
 20
4835049.464024457
  0
LWPOLYLINE
  5
156
330
17
100
AcDbEntity
  8
ROADS
100
AcDbPolyline
 90
2
 70
0
 10
622134.4867439084
 20
4835053.268846675
 10
622091.9299521991
 20
4835038.874879698
  0
LWPOLYLINE
  5
157
330
17
100
AcDbEntity
  8
ROADS
100
AcDbPolyline
 90
2
 70
0
 10
621992.6025931286
 20
4835056.341163087
 10
621953.3763794026
 20
4835043.086460633
  0
LWPOLYLINE
  5
158
330
17
100
AcDbEntity
  8
ROADS
100
AcDbPolyline
 90
2
 70
0
 10
622177.2724332976
 20
4835066.728911148
 10
622134.4867439084
 20
4835053.268846675
  0
LWPOLYLINE
  5
159
330
17
100
AcDbEntity
  8
ROADS
100
AcDbPolyline
 90
2
 70
0
 10
622091.9299521991
 20
4835038.874879698
 10
622078.1318581562
 20
4835083.929555316
  0
LWPOLYLINE
  5
15A
330
17
100
AcDbEntity
  8
ROADS
100
AcDbPolyline
 90
2
 70
0
 10
621953.3763794026
 20
4835043.086460633
 10
621937.637833391
 20
4835090.540150755
  0
LWPOLYLINE
  5
15B
330
17
100
AcDbEntity
  8
ROADS
100
AcDbPolyline
 90
2
 70
0
 10
621550.5286782464
 20
4834957.136352674
 10
621556.6087914445
 20
4835076.524644697
  0
LWPOLYLINE
  5
15C
330
17
100
AcDbEntity
  8
ROADS
100
AcDbPolyline
 90
2
 70
0
 10
621900.7826630214
 20
4835049.464024457
 10
621803.7355029611
 20
4835019.132322105
  0
LWPOLYLINE
  5
15D
330
17
100
AcDbEntity
  8
ROADS
100
AcDbPolyline
 90
2
 70
0
 10
621556.6087914445
 20
4835076.524644697
 10
621499.5229520622
 20
4835055.241747687
  0
LWPOLYLINE
  5
15E
330
17
100
AcDbEntity
  8
ROADS
100
AcDbPolyline
 90
2
 70
0
 10
621703.0376262259
 20
4834984.849463918
 10
621653.8491640801
 20
4835159.725235207
  0
LWPOLYLINE
  5
15F
330
17
100
AcDbEntity
  8
ROADS
100
AcDbPolyline
 90
2
 70
0
 10
621900.7826630214
 20
4835049.464024457
 10
621875.6881333697
 20
4835125.160878925
  0
LWPOLYLINE
  5
160
330
17
100
AcDbEntity
  8
ROADS
100
AcDbPolyline
 90
2
 70
0
 10
621803.7355029611
 20
4835019.132322105
 10
621749.8966431243
 20
4835184.280630201
  0
LWPOLYLINE
  5
161
330
17
100
AcDbEntity
  8
ROADS
100
AcDbPolyline
 90
2
 70
0
 10
621556.6087914445
 20
4835076.524644697
 10
621545.2897889506
 20
4835162.3508991115
  0
LWPOLYLINE
  5
162
330
17
100
AcDbEntity
  8
ROADS
100
AcDbPolyline
 90
2
 70
0
 10
621545.2897889506
 20
4835162.3508991115
 10
621461.667394734
 20
4835134.560989951
  0
LWPOLYLINE
  5
163
330
17
100
AcDbEntity
  8
ROADS
100
AcDbPolyline
 90
2
 70
0
 10
621545.2897889506
 20
4835162.3508991115
 10
621542.0308936025
 20
4835175.83459482
  0
LWPOLYLINE
  5
164
330
17
100
AcDbEntity
  8
ROADS
100
AcDbPolyline
 90
2
 70
0
 10
621875.6881333697
 20
4835125.160878925
 10
621846.8094740147
 20
4835221.543266212
  0
LWPOLYLINE
  5
165
330
17
100
AcDbEntity
  8
ROADS
100
AcDbPolyline
 90
2
 70
0
 10
622078.1318581562
 20
4835083.929555316
 10
621992.6025931286
 20
4835056.341163087
  0
LWPOLYLINE
  5
166
330
17
100
AcDbEntity
  8
ROADS
100
AcDbPolyline
 90
2
 70
0
 10
622221.5973869583
 20
4835080.731829759
 10
622177.2724332976
 20
4835066.728911148
  0
LWPOLYLINE
  5
167
330
17
100
AcDbEntity
  8
ROADS
100
AcDbPolyline
 90
2
 70
0
 10
622265.7179320822
 20
4835094.923065771
 10
622221.5973869583
 20
4835080.731829759
  0
LWPOLYLINE
  5
168
330
17
100
AcDbEntity
  8
ROADS
100
AcDbPolyline
 90
2
 70
0
 10
622177.2724332976
 20
4835066.728911148
 10
622163.1603096601
 20
4835113.16698535
  0
LWPOLYLINE
  5
169
330
17
100
AcDbEntity
  8
ROADS
100
AcDbPolyline
 90
2
 70
0
 10
622137.6309631459
 20
4835103.937057138
 10
622078.1318581562
 20
4835083.929555316
  0
LWPOLYLINE
  5
16A
330
17
100
AcDbEntity
  8
ROADS
100
AcDbPolyline
 90
2
 70
0
 10
622306.4006647167
 20
4835108.210117074
 10
622265.7179320822
 20
4835094.923065771
  0
LWPOLYLINE
  5
16B
330
17
100
AcDbEntity
  8
ROADS
100
AcDbPolyline
 90
2
 70
0
 10
622163.1603096601
 20
4835113.16698535
 10
622137.6309631459
 20
4835103.937057138
  0
LWPOLYLINE
  5
16C
330
17
100
AcDbEntity
  8
ROADS
100
AcDbPolyline
 90
2
 70
0
 10
621937.637833391
 20
4835090.540150755
 10
622077.7131227897
 20
4835138.015509062
  0
LWPOLYLINE
  5
16D
330
17
100
AcDbEntity
  8
ROADS
100
AcDbPolyline
 90
2
 70
0
 10
621937.637833391
 20
4835090.540150755
 10
621922.4037165184
 20
4835140.405066562
  0
LWPOLYLINE
  5
16E
330
17
100
AcDbEntity
  8
ROADS
100
AcDbPolyline
 90
2
 70
0
 10
622265.7179320822
 20
4835094.923065771
 10
622245.4294603558
 20
4835138.321357008
  0
LWPOLYLINE
  5
16F
330
17
100
AcDbEntity
  8
ROADS
100
AcDbPolyline
 90
2
 70
0
 10
622624.3930419177
 20
4835038.111095734
 10
622610.0573536328
 20
4835083.030118552
  0
LWPOLYLINE
  5
170
330
17
100
AcDbEntity
  8
ROADS
100
AcDbPolyline
 90
2
 70
0
 10
622554.4918759816
 20
4835017.244501199
 10
622517.9677624356
 20
4835127.017527885
  0
LWPOLYLINE
  5
171
330
17
100
AcDbEntity
  8
ROADS
100
AcDbPolyline
 90
2
 70
0
 10
622798.4065953388
 20
4835143.32184203
 10
622610.0573536328
 20
4835083.030118552
  0
LWPOLYLINE
  5
172
330
17
100
AcDbEntity
  8
ROADS
100
AcDbPolyline
 90
2
 70
0
 10
622347.1698599996
 20
4835121.416730697
 10
622306.4006647167
 20
4835108.210117074
  0
LWPOLYLINE
  5
173
330
17
100
AcDbEntity
  8
ROADS
100
AcDbPolyline
 90
2
 70
0
 10
622517.9677624356
 20
4835127.017527885
 10
622445.6797238322
 20
4835103.9816697985
  0
LWPOLYLINE
  5
174
330
17
100
AcDbEntity
  8
ROADS
100
AcDbPolyline
 90
2
 70
0
 10
622610.0573536328
 20
4835083.030118552
 10
622588.3571708411
 20
4835149.752059269
  0
LWPOLYLINE
  5
175
330
17
100
AcDbEntity
  8
ROADS
100
AcDbPolyline
 90
2
 70
0
 10
622347.1698599996
 20
4835121.416730697
 10
622386.4120322112
 20
4835133.901708929
  0
LWPOLYLINE
  5
176
330
17
100
AcDbEntity
  8
ROADS
100
AcDbPolyline
 90
2
 70
0
 10
622588.3571708411
 20
4835149.752059269
 10
622517.9677624356
 20
4835127.017527885
  0
LWPOLYLINE
  5
177
330
17
100
AcDbEntity
  8
ROADS
100
AcDbPolyline
 90
2
 70
0
 10
622347.1698599996
 20
4835121.416730697
 10
622332.4920415867
 20
4835165.89950745
  0
LWPOLYLINE
  5
178
330
17
100
AcDbEntity
  8
ROADS
100
AcDbPolyline
 90
2
 70
0
 10
622445.6797238322
 20
4835103.9816697985
 10
622416.3632415992
 20
4835194.985052118
  0
LWPOLYLINE
  5
179
330
17
100
AcDbEntity
  8
ROADS
100
AcDbPolyline
 90
2
 70
0
 10
622245.4294603558
 20
4835138.321357008
 10
622163.1603096601
 20
4835113.16698535
  0
LWPOLYLINE
  5
17A
330
17
100
AcDbEntity
  8
ROADS
100
AcDbPolyline
 90
2
 70
0
 10
622137.6309631459
 20
4835103.937057138
 10
622122.3725746241
 20
4835154.203582247
  0
LWPOLYLINE
  5
17B
330
17
100
AcDbEntity
  8
ROADS
100
AcDbPolyline
 90
2
 70
0
 10
621922.4037165184
 20
4835140.405066562
 10
621875.6881333697
 20
4835125.160878925
  0
LWPOLYLINE
  5
17C
330
17
100
AcDbEntity
  8
ROADS
100
AcDbPolyline
 90
2
 70
0
 10
622332.4920415867
 20
4835165.89950745
 10
622245.4294603558
 20
4835138.321357008
  0
LWPOLYLINE
  5
17D
330
17
100
AcDbEntity
  8
ROADS
100
AcDbPolyline
 90
2
 70
0
 10
622245.4294603558
 20
4835138.321357008
 10
622229.6672426173
 20
4835188.963806692
  0
LWPOLYLINE
  5
17E
330
17
100
AcDbEntity
  8
ROADS
100
AcDbPolyline
 90
2
 70
0
 10
622122.3725746241
 20
4835154.203582247
 10
622175.3511978621
 20
4835173.557195949
  0
LWPOLYLINE
  5
17F
330
17
100
AcDbEntity
  8
ROADS
100
AcDbPolyline
 90
2
 70
0
 10
622107.7053968159
 20
4835200.808619262
 10
621922.4037165184
 20
4835140.405066562
  0
LWPOLYLINE
  5
180
330
17
100
AcDbEntity
  8
ROADS
100
AcDbPolyline
 90
2
 70
0
 10
622122.3725746241
 20
4835154.203582247
 10
622107.7053968159
 20
4835200.808619262
  0
LWPOLYLINE
  5
181
330
17
100
AcDbEntity
  8
ROADS
100
AcDbPolyline
 90
2
 70
0
 10
622175.3511978621
 20
4835173.557195949
 10
622229.6672426173
 20
4835188.963806692
  0
LWPOLYLINE
  5
182
330
17
100
AcDbEntity
  8
ROADS
100
AcDbPolyline
 90
3
 70
0
 10
621922.4037165184
 20
4835140.405066562
 10
621906.8914028903
 20
4835188.730877896
 10
622047.1689967766
 20
4835233.809818813
  0
LWPOLYLINE
  5
183
330
17
100
AcDbEntity
  8
ROADS
100
AcDbPolyline
 90
2
 70
0
 10
622588.3571708411
 20
4835149.752059269
 10
622583.1726101198
 20
4835165.203081222
  0
LWPOLYLINE
  5
184
330
17
100
AcDbEntity
  8
ROADS
100
AcDbPolyline
 90
2
 70
0
 10
622352.543489001
 20
4835173.3953378135
 10
622332.4920415867
 20
4835165.89950745
  0
LWPOLYLINE
  5
185
330
17
100
AcDbEntity
  8
ROADS
100
AcDbPolyline
 90
2
 70
0
 10
622416.3632415992
 20
4835194.985052118
 10
622352.543489001
 20
4835173.3953378135
  0
LWPOLYLINE
  5
186
330
17
100
AcDbEntity
  8
ROADS
100
AcDbPolyline
 90
2
 70
0
 10
622771.4816781299
 20
4835225.226107129
 10
622583.1726101198
 20
4835165.203081222
  0
LWPOLYLINE
  5
187
330
17
100
AcDbEntity
  8
ROADS
100
AcDbPolyline
 90
2
 70
0
 10
622352.543489001
 20
4835173.3953378135
 10
622338.5183358089
 20
4835221.051062114
  0
LWPOLYLINE
  5
188
330
17
100
AcDbEntity
  8
ROADS
100
AcDbPolyline
 90
2
 70
0
 10
622449.1074343096
 20
4835205.792495088
 10
622416.3632415992
 20
4835194.985052118
  0
LWPOLYLINE
  5
189
330
17
100
AcDbEntity
  8
ROADS
100
AcDbPolyline
 90
2
 70
0
 10
622583.1726101198
 20
4835165.203081222
 10
622557.7564414862
 20
4835240.045226626
  0
LWPOLYLINE
  5
18A
330
17
100
AcDbEntity
  8
ROADS
100
AcDbPolyline
 90
2
 70
0
 10
622282.9744236327
 20
4835207.956354178
 10
622338.5183358089
 20
4835221.051062114
  0
LWPOLYLINE
  5
18B
330
17
100
AcDbEntity
  8
ROADS
100
AcDbPolyline
 90
2
 70
0
 10
622557.7564414862
 20
4835240.045226626
 10
622449.1074343096
 20
4835205.792495088
  0
LWPOLYLINE
  5
18C
330
17
100
AcDbEntity
  8
ROADS
100
AcDbPolyline
 90
2
 70
0
 10
622449.1074343096
 20
4835205.792495088
 10
622438.2181222856
 20
4835249.177716145
  0
LWPOLYLINE
  5
18D
330
17
100
AcDbEntity
  8
ROADS
100
AcDbPolyline
 90
2
 70
0
 10
622917.1429407874
 20
4835089.68861826
 10
622905.5179927784
 20
4835125.05821166
  0
LWPOLYLINE
  5
18E
330
17
100
AcDbEntity
  8
ROADS
100
AcDbPolyline
 90
2
 70
0
 10
622905.5179927784
 20
4835125.05821166
 10
622963.3175526712
 20
4835142.609923534
  0
LWPOLYLINE
  5
18F
330
17
100
AcDbEntity
  8
ROADS
100
AcDbPolyline
 90
2
 70
0
 10
622798.4065953388
 20
4835143.32184203
 10
622771.4816781299
 20
4835225.226107129
  0
LWPOLYLINE
  5
190
330
17
100
AcDbEntity
  8
ROADS
100
AcDbPolyline
 90
2
 70
0
 10
622809.4509420417
 20
4835262.2107980475
 10
622857.3298243051
 20
4835123.9410558455
  0
LWPOLYLINE
  5
191
330
17
100
AcDbEntity
  8
ROADS
100
AcDbPolyline
 90
2
 70
0
 10
622905.5179927784
 20
4835125.05821166
 10
622853.7244200389
 20
4835277.5164007
  0
LWPOLYLINE
  5
192
330
17
100
AcDbEntity
  8
ROADS
100
AcDbPolyline
 90
3
 70
0
 10
622853.7244200389
 20
4835277.5164007
 10
622897.879857118
 20
4835291.4413056
 10
622944.6508370693
 20
4835149.4028174635
  0
LWPOLYLINE
  5
193
330
17
100
AcDbEntity
  8
ROADS
100
AcDbPolyline
 90
2
 70
0
 10
623028.027324223
 20
4835132.178173693
 10
622942.3026475016
 20
4835364.591963271
  0
LWPOLYLINE
  5
194
330
17
100
AcDbEntity
  8
ROADS
100
AcDbPolyline
 90
2
 70
0
 10
622809.4509420417
 20
4835262.2107980475
 10
622763.3414866561
 20
4835247.7290496845
  0
LWPOLYLINE
  5
195
330
17
100
AcDbEntity
  8
ROADS
100
AcDbPolyline
 90
2
 70
0
 10
622338.5183358089
 20
4835221.051062114
 10
622388.6340392217
 20
4835235.747722397
  0
LWPOLYLINE
  5
196
330
17
100
AcDbEntity
  8
ROADS
100
AcDbPolyline
 90
2
 70
0
 10
622771.4816781299
 20
4835225.226107129
 10
622763.3414866561
 20
4835247.7290496845
  0
LWPOLYLINE
  5
197
330
17
100
AcDbEntity
  8
ROADS
100
AcDbPolyline
 90
2
 70
0
 10
622388.6340392217
 20
4835235.747722397
 10
622438.2181222856
 20
4835249.177716145
  0
LWPOLYLINE
  5
198
330
17
100
AcDbEntity
  8
ROADS
100
AcDbPolyline
 90
2
 70
0
 10
622656.4750153138
 20
4835270.3142693015
 10
622557.7564414862
 20
4835240.045226626
  0
LWPOLYLINE
  5
199
330
17
100
AcDbEntity
  8
ROADS
100
AcDbPolyline
 90
2
 70
0
 10
622492.5649092623
 20
4835268.390088487
 10
622438.2181222856
 20
4835249.177716145
  0
LWPOLYLINE
  5
19A
330
17
100
AcDbEntity
  8
ROADS
100
AcDbPolyline
 90
2
 70
0
 10
622557.7564414862
 20
4835240.045226626
 10
622547.027572999
 20
4835284.539914491
  0
LWPOLYLINE
  5
19B
330
17
100
AcDbEntity
  8
ROADS
100
AcDbPolyline
 90
2
 70
0
 10
622763.3414866561
 20
4835247.7290496845
 10
622746.0906060224
 20
4835298.346660365
  0
LWPOLYLINE
  5
19C
330
17
100
AcDbEntity
  8
ROADS
100
AcDbPolyline
 90
2
 70
0
 10
622547.027572999
 20
4835284.539914491
 10
622492.5649092623
 20
4835268.390088487
  0
LWPOLYLINE
  5
19D
330
17
100
AcDbEntity
  8
ROADS
100
AcDbPolyline
 90
2
 70
0
 10
622746.0906060224
 20
4835298.346660365
 10
622656.4750153138
 20
4835270.3142693015
  0
LWPOLYLINE
  5
19E
330
17
100
AcDbEntity
  8
ROADS
100
AcDbPolyline
 90
2
 70
0
 10
622656.4750153138
 20
4835270.3142693015
 10
622642.2459074721
 20
4835316.527276359
  0
LWPOLYLINE
  5
19F
330
17
100
AcDbEntity
  8
ROADS
100
AcDbPolyline
 90
2
 70
0
 10
621636.4424612538
 20
4835205.689654166
 10
621542.0308936025
 20
4835175.83459482
  0
LWPOLYLINE
  5
1A0
330
17
100
AcDbEntity
  8
ROADS
100
AcDbPolyline
 90
2
 70
0
 10
621733.1281672203
 20
4835234.437790012
 10
621636.4424612538
 20
4835205.689654166
  0
LWPOLYLINE
  5
1A1
330
17
100
AcDbEntity
  8
ROADS
100
AcDbPolyline
 90
2
 70
0
 10
621922.7371297644
 20
4835247.92106047
 10
621846.8094740147
 20
4835221.543266212
  0
LWPOLYLINE
  5
1A2
330
17
100
AcDbEntity
  8
ROADS
100
AcDbPolyline
 90
2
 70
0
 10
621846.8094740147
 20
4835221.543266212
 10
621832.7593376089
 20
4835265.990317516
  0
LWPOLYLINE
  5
1A3
330
17
100
AcDbEntity
  8
ROADS
100
AcDbPolyline
 90
2
 70
0
 10
621832.7593376089
 20
4835265.990317516
 10
621733.1281672203
 20
4835234.437790012
  0
LWPOLYLINE
  5
1A4
330
17
100
AcDbEntity
  8
ROADS
100
AcDbPolyline
 90
2
 70
0
 10
621542.0308936025
 20
4835175.83459482
 10
621486.8646952139
 20
4835346.195988555
  0
LWPOLYLINE
  5
1A5
330
17
100
AcDbEntity
  8
ROADS
100
AcDbPolyline
 90
2
 70
0
 10
621636.4424612538
 20
4835205.689654166
 10
621580.5088223366
 20
4835375.961213657
  0
LWPOLYLINE
  5
1A6
330
17
100
AcDbEntity
  8
ROADS
100
AcDbPolyline
 90
2
 70
0
 10
621733.1281672203
 20
4835234.437790012
 10
621676.9564105348
 20
4835407.092197929
  0
LWPOLYLINE
  5
1A7
330
17
100
AcDbEntity
  8
ROADS
100
AcDbPolyline
 90
2
 70
0
 10
621832.7593376089
 20
4835265.990317516
 10
621775.2882559709
 20
4835440.5383693185
  0
LWPOLYLINE
  5
1A8
330
17
100
AcDbEntity
  8
ROADS
100
AcDbPolyline
 90
2
 70
0
 10
621534.0677277332
 20
4835361.413001252
 10
621486.8646952139
 20
4835346.195988555
  0
LWPOLYLINE
  5
1A9
330
17
100
AcDbEntity
  8
ROADS
100
AcDbPolyline
 90
2
 70
0
 10
622853.7244200389
 20
4835277.5164007
 10
622809.4509420417
 20
4835262.2107980475
  0
LWPOLYLINE
  5
1AA
330
17
100
AcDbEntity
  8
ROADS
100
AcDbPolyline
 90
2
 70
0
 10
622853.7244200389
 20
4835277.5164007
 10
622835.6267035078
 20
4835330.3348224545
  0
LWPOLYLINE
  5
1AB
330
17
100
AcDbEntity
  8
ROADS
100
AcDbPolyline
 90
2
 70
0
 10
622835.6267035078
 20
4835330.3348224545
 10
622746.0906060224
 20
4835298.346660365
  0
LWPOLYLINE
  5
1AC
330
17
100
AcDbEntity
  8
ROADS
100
AcDbPolyline
 90
2
 70
0
 10
622942.3026475016
 20
4835364.591963271
 10
622835.6267035078
 20
4835330.3348224545
  0
LWPOLYLINE
  5
1AD
330
17
100
AcDbEntity
  8
ROADS
100
AcDbPolyline
 90
2
 70
0
 10
623004.3699051666
 20
4835407.928629716
 10
622942.3026475016
 20
4835364.591963271
  0
LWPOLYLINE
  5
1AE
330
17
100
AcDbEntity
  8
ROADS
100
AcDbPolyline
 90
2
 70
0
 10
622229.6672426173
 20
4835188.963806692
 10
622282.9744236327
 20
4835207.956354178
  0
LWPOLYLINE
  5
1AF
330
17
100
AcDbEntity
  8
ROADS
100
AcDbPolyline
 90
2
 70
0
 10
622175.3511978621
 20
4835173.557195949
 10
622137.2143955482
 20
4835294.703461155
  0
LWPOLYLINE
  5
1B0
330
17
100
AcDbEntity
  8
ROADS
100
AcDbPolyline
 90
2
 70
0
 10
622107.7053968159
 20
4835200.808619262
 10
622069.7937939244
 20
4835310.438390996
  0
LWPOLYLINE
  5
1B1
330
17
100
AcDbEntity
  8
ROADS
100
AcDbPolyline
 90
4
 70
0
 10
622069.7937939244
 20
4835310.438390996
 10
621980.554480149
 20
4835284.005926282
 10
621966.3865578107
 20
4835262.778820878
 10
621922.7371297644
 20
4835247.92106047
  0
LWPOLYLINE
  5
1B2
330
17
100
AcDbEntity
  8
ROADS
100
AcDbPolyline
 90
2
 70
0
 10
622229.6672426173
 20
4835188.963806692
 10
622129.2746222557
 20
4835504.760764025
  0
LWPOLYLINE
  5
1B3
330
17
100
AcDbEntity
  8
ROADS
100
AcDbPolyline
 90
2
 70
0
 10
622069.7937939244
 20
4835310.438390996
 10
622038.3303834427
 20
4835414.485449056
  0
LWPOLYLINE
  5
1B4
330
17
100
AcDbEntity
  8
ROADS
100
AcDbPolyline
 90
2
 70
0
 10
622282.9744236327
 20
4835207.956354178
 10
622161.9219575326
 20
4835564.013750937
  0
LWPOLYLINE
  5
1B5
330
17
100
AcDbEntity
  8
ROADS
100
AcDbPolyline
 90
2
 70
0
 10
622038.3303834427
 20
4835414.485449056
 10
621931.7026319214
 20
4835379.5702201715
  0
LWPOLYLINE
  5
1B6
330
17
100
AcDbEntity
  8
ROADS
100
AcDbPolyline
 90
2
 70
0
 10
622338.5183358089
 20
4835221.051062114
 10
622224.1745846578
 20
4835584.220131854
  0
LWPOLYLINE
  5
1B7
330
17
100
AcDbEntity
  8
ROADS
100
AcDbPolyline
 90
2
 70
0
 10
622038.3303834427
 20
4835414.485449056
 10
622021.535572957
 20
4835469.747402623
  0
LWPOLYLINE
  5
1B8
330
17
100
AcDbEntity
  8
ROADS
100
AcDbPolyline
 90
2
 70
0
 10
621922.7371297644
 20
4835247.92106047
 10
621854.3094374918
 20
4835464.238010031
  0
LWPOLYLINE
  5
1B9
330
17
100
AcDbEntity
  8
ROADS
100
AcDbPolyline
 90
2
 70
0
 10
621580.5088223366
 20
4835375.961213657
 10
621534.0677277332
 20
4835361.413001252
  0
LWPOLYLINE
  5
1BA
330
17
100
AcDbEntity
  8
ROADS
100
AcDbPolyline
 90
2
 70
0
 10
621676.9564105348
 20
4835407.092197929
 10
621580.5088223366
 20
4835375.961213657
  0
LWPOLYLINE
  5
1BB
330
17
100
AcDbEntity
  8
ROADS
100
AcDbPolyline
 90
2
 70
0
 10
621775.2882559709
 20
4835440.5383693185
 10
621676.9564105348
 20
4835407.092197929
  0
LWPOLYLINE
  5
1BC
330
17
100
AcDbEntity
  8
ROADS
100
AcDbPolyline
 90
2
 70
0
 10
621854.3094374918
 20
4835464.238010031
 10
621775.2882559709
 20
4835440.5383693185
  0
LWPOLYLINE
  5
1BD
330
17
100
AcDbEntity
  8
ROADS
100
AcDbPolyline
 90
2
 70
0
 10
621890.4088148932
 20
4835477.308222232
 10
621854.3094374918
 20
4835464.238010031
  0
LWPOLYLINE
  5
1BE
330
17
100
AcDbEntity
  8
ROADS
100
AcDbPolyline
 90
2
 70
0
 10
621676.9564105348
 20
4835407.092197929
 10
621616.0641865372
 20
4835550.328877899
  0
LWPOLYLINE
  5
1BF
330
17
100
AcDbEntity
  8
ROADS
100
AcDbPolyline
 90
2
 70
0
 10
621890.4088148932
 20
4835477.308222232
 10
621880.7024269981
 20
4835508.0601656865
  0
LWPOLYLINE
  5
1C0
330
17
100
AcDbEntity
  8
ROADS
100
AcDbPolyline
 90
2
 70
0
 10
621775.2882559709
 20
4835440.5383693185
 10
621728.834563304
 20
4835587.8182972465
  0
LWPOLYLINE
  5
1C1
330
17
100
AcDbEntity
  8
ROADS
100
AcDbPolyline
 90
2
 70
0
 10
621728.834563304
 20
4835587.8182972465
 10
621616.0641865372
 20
4835550.328877899
  0
LWPOLYLINE
  5
1C2
330
17
100
AcDbEntity
  8
ROADS
100
AcDbPolyline
 90
2
 70
0
 10
622597.1441194384
 20
4835303.340305937
 10
622547.027572999
 20
4835284.539914491
  0
LWPOLYLINE
  5
1C3
330
17
100
AcDbEntity
  8
ROADS
100
AcDbPolyline
 90
2
 70
0
 10
622642.2459074721
 20
4835316.527276359
 10
622597.1441194384
 20
4835303.340305937
  0
LWPOLYLINE
  5
1C4
330
17
100
AcDbEntity
  8
ROADS
100
AcDbPolyline
 90
2
 70
0
 10
622746.0906060224
 20
4835298.346660365
 10
622731.0589683792
 20
4835345.250204337
  0
LWPOLYLINE
  5
1C5
330
17
100
AcDbEntity
  8
ROADS
100
AcDbPolyline
 90
2
 70
0
 10
622686.2376643722
 20
4835331.01324638
 10
622642.2459074721
 20
4835316.527276359
  0
LWPOLYLINE
  5
1C6
330
17
100
AcDbEntity
  8
ROADS
100
AcDbPolyline
 90
2
 70
0
 10
622731.0589683792
 20
4835345.250204337
 10
622686.2376643722
 20
4835331.01324638
  0
LWPOLYLINE
  5
1C7
330
17
100
AcDbEntity
  8
ROADS
100
AcDbPolyline
 90
2
 70
0
 10
622547.027572999
 20
4835284.539914491
 10
622497.6843813676
 20
4835476.809622424
  0
LWPOLYLINE
  5
1C8
330
17
100
AcDbEntity
  8
ROADS
100
AcDbPolyline
 90
2
 70
0
 10
622597.1441194384
 20
4835303.340305937
 10
622544.873621051
 20
4835491.441919379
  0
LWPOLYLINE
  5
1C9
330
17
100
AcDbEntity
  8
ROADS
100
AcDbPolyline
 90
2
 70
0
 10
622686.2376643722
 20
4835331.01324638
 10
622636.0629870831
 20
4835479.578383726
  0
LWPOLYLINE
  5
1CA
330
17
100
AcDbEntity
  8
ROADS
100
AcDbPolyline
 90
2
 70
0
 10
622642.2459074721
 20
4835316.527276359
 10
622581.3001515815
 20
4835502.821492962
  0
LWPOLYLINE
  5
1CB
330
17
100
AcDbEntity
  8
ROADS
100
AcDbPolyline
 90
2
 70
0
 10
622388.6340392217
 20
4835235.747722397
 10
622278.1050624582
 20
4835601.481928624
  0
LWPOLYLINE
  5
1CC
330
17
100
AcDbEntity
  8
ROADS
100
AcDbPolyline
 90
2
 70
0
 10
622731.0589683792
 20
4835345.250204337
 10
622678.8530793311
 20
4835502.533061453
  0
LWPOLYLINE
  5
1CD
330
17
100
AcDbEntity
  8
ROADS
100
AcDbPolyline
 90
2
 70
0
 10
622438.2181222856
 20
4835249.177716145
 10
622331.7057779756
 20
4835618.84077376
  0
LWPOLYLINE
  5
1CE
330
17
100
AcDbEntity
  8
ROADS
100
AcDbPolyline
 90
2
 70
0
 10
622716.9421348542
 20
4835513.861193566
 10
622776.7153224128
 20
4835355.753079825
  0
LWPOLYLINE
  5
1CF
330
17
100
AcDbEntity
  8
ROADS
100
AcDbPolyline
 90
3
 70
0
 10
622492.5649092623
 20
4835268.390088487
 10
622399.9668947788
 20
4835593.458628061
 10
622454.0018095338
 20
4835610.919332418
  0
LWPOLYLINE
  5
1D0
330
17
100
AcDbEntity
  8
ROADS
100
AcDbPolyline
 90
2
 70
0
 10
622544.873621051
 20
4835491.441919379
 10
622497.6843813676
 20
4835476.809622424
  0
LWPOLYLINE
  5
1D1
330
17
100
AcDbEntity
  8
ROADS
100
AcDbPolyline
 90
2
 70
0
 10
622581.3001515815
 20
4835502.821492962
 10
622544.873621051
 20
4835491.441919379
  0
LWPOLYLINE
  5
1D2
330
17
100
AcDbEntity
  8
ROADS
100
AcDbPolyline
 90
2
 70
0
 10
622678.8530793311
 20
4835502.533061453
 10
622716.9421348542
 20
4835513.861193566
  0
LWPOLYLINE
  5
1D3
330
17
100
AcDbEntity
  8
ROADS
100
AcDbPolyline
 90
2
 70
0
 10
622544.873621051
 20
4835491.441919379
 10
622534.0660707954
 20
4835537.991274331
  0
LWPOLYLINE
  5
1D4
330
17
100
AcDbEntity
  8
ROADS
100
AcDbPolyline
 90
2
 70
0
 10
622678.8530793311
 20
4835502.533061453
 10
622665.1249924339
 20
4835530.794750726
  0
LWPOLYLINE
  5
1D5
330
17
100
AcDbEntity
  8
ROADS
100
AcDbPolyline
 90
2
 70
0
 10
622665.1249924339
 20
4835530.794750726
 10
622581.3001515815
 20
4835502.821492962
  0
LWPOLYLINE
  5
1D6
330
17
100
AcDbEntity
  8
ROADS
100
AcDbPolyline
 90
2
 70
0
 10
622076.6741059986
 20
4835487.229020803
 10
622104.9872207011
 20
4835397.020653454
  0
LWPOLYLINE
  5
1D7
330
17
100
AcDbEntity
  8
ROADS
100
AcDbPolyline
 90
2
 70
0
 10
622021.535572957
 20
4835469.747402623
 10
622076.6741059986
 20
4835487.229020803
  0
LWPOLYLINE
  5
1D8
330
17
100
AcDbEntity
  8
ROADS
100
AcDbPolyline
 90
2
 70
0
 10
621968.5103195661
 20
4835502.9803445535
 10
621890.4088148932
 20
4835477.308222232
  0
LWPOLYLINE
  5
1D9
330
17
100
AcDbEntity
  8
ROADS
100
AcDbPolyline
 90
2
 70
0
 10
622021.535572957
 20
4835469.747402623
 10
622008.054026812
 20
4835514.10574238
  0
LWPOLYLINE
  5
1DA
330
17
100
AcDbEntity
  8
ROADS
100
AcDbPolyline
 90
2
 70
0
 10
622076.6741059986
 20
4835487.229020803
 10
622129.2746222557
 20
4835504.760764025
  0
LWPOLYLINE
  5
1DB
330
17
100
AcDbEntity
  8
ROADS
100
AcDbPolyline
 90
2
 70
0
 10
622008.054026812
 20
4835514.10574238
 10
621968.5103195661
 20
4835502.9803445535
  0
LWPOLYLINE
  5
1DC
330
17
100
AcDbEntity
  8
ROADS
100
AcDbPolyline
 90
2
 70
0
 10
621968.5103195661
 20
4835502.9803445535
 10
621958.6820008499
 20
4835533.230066934
  0
LWPOLYLINE
  5
1DD
330
17
100
AcDbEntity
  8
ROADS
100
AcDbPolyline
 90
2
 70
0
 10
621958.6820008499
 20
4835533.230066934
 10
621880.7024269981
 20
4835508.0601656865
  0
LWPOLYLINE
  5
1DE
330
17
100
AcDbEntity
  8
ROADS
100
AcDbPolyline
 90
2
 70
0
 10
622129.2746222557
 20
4835504.760764025
 10
622115.2845068001
 20
4835548.816908511
  0
LWPOLYLINE
  5
1DF
330
17
100
AcDbEntity
  8
ROADS
100
AcDbPolyline
 90
2
 70
0
 10
622115.2845068001
 20
4835548.816908511
 10
622008.054026812
 20
4835514.10574238
  0
LWPOLYLINE
  5
1E0
330
17
100
AcDbEntity
  8
ROADS
100
AcDbPolyline
 90
2
 70
0
 10
622497.6843813676
 20
4835476.809622424
 10
622468.5819423433
 20
4835564.707709179
  0
LWPOLYLINE
  5
1E1
330
17
100
AcDbEntity
  8
ROADS
100
AcDbPolyline
 90
2
 70
0
 10
622716.9421348542
 20
4835513.861193566
 10
622707.37049243
 20
4835544.183627206
  0
LWPOLYLINE
  5
1E2
330
17
100
AcDbEntity
  8
ROADS
100
AcDbPolyline
 90
2
 70
0
 10
622707.37049243
 20
4835544.183627206
 10
622665.1249924339
 20
4835530.794750726
  0
LWPOLYLINE
  5
1E3
330
17
100
AcDbEntity
  8
ROADS
100
AcDbPolyline
 90
2
 70
0
 10
622665.1249924339
 20
4835530.794750726
 10
622646.5416597138
 20
4835574.434406545
  0
LWPOLYLINE
  5
1E4
330
17
100
AcDbEntity
  8
ROADS
100
AcDbPolyline
 90
2
 70
0
 10
622646.5416597138
 20
4835574.434406545
 10
622534.0660707954
 20
4835537.991274331
  0
LWPOLYLINE
  5
1E5
330
17
100
AcDbEntity
  8
ROADS
100
AcDbPolyline
 90
2
 70
0
 10
622534.0660707954
 20
4835537.991274331
 10
622519.9945174643
 20
4835581.129954581
  0
LWPOLYLINE
  5
1E6
330
17
100
AcDbEntity
  8
ROADS
100
AcDbPolyline
 90
2
 70
0
 10
622519.9945174643
 20
4835581.129954581
 10
622468.5819423433
 20
4835564.707709179
  0
LWPOLYLINE
  5
1E7
330
17
100
AcDbEntity
  8
ROADS
100
AcDbPolyline
 90
2
 70
0
 10
622468.5819423433
 20
4835564.707709179
 10
622454.0018095338
 20
4835610.919332418
  0
LWPOLYLINE
  5
1E8
330
17
100
AcDbEntity
  8
ROADS
100
AcDbPolyline
 90
2
 70
0
 10
622707.37049243
 20
4835544.183627206
 10
622678.2226851846
 20
4835633.150995238
  0
LWPOLYLINE
  5
1E9
330
17
100
AcDbEntity
  8
ROADS
100
AcDbPolyline
 90
2
 70
0
 10
622646.5416597138
 20
4835574.434406545
 10
622632.3272505925
 20
4835618.504562254
  0
LWPOLYLINE
  5
1EA
330
17
100
AcDbEntity
  8
ROADS
100
AcDbPolyline
 90
2
 70
0
 10
622835.6267035078
 20
4835330.3348224545
 10
622770.5122432973
 20
4835527.330303183
  0
LWPOLYLINE
  5
1EB
330
17
100
AcDbEntity
  8
ROADS
100
AcDbPolyline
 90
4
 70
0
 10
622942.3026475016
 20
4835364.591963271
 10
622887.397508916
 20
4835527.023371994
 10
622897.3514292054
 20
4835586.352235567
 10
622869.223304403
 20
4835671.088645363
  0
LWPOLYLINE
  5
1EC
330
17
100
AcDbEntity
  8
ROADS
100
AcDbPolyline
 90
2
 70
0
 10
622802.0183825857
 20
4835720.343305598
 10
622854.2527675334
 20
4835558.282703631
  0
LWPOLYLINE
  5
1ED
330
17
100
AcDbEntity
  8
ROADS
100
AcDbPolyline
 90
2
 70
0
 10
622632.3272505925
 20
4835618.504562254
 10
622519.9945174643
 20
4835581.129954581
  0
LWPOLYLINE
  5
1EE
330
17
100
AcDbEntity
  8
ROADS
100
AcDbPolyline
 90
2
 70
0
 10
622770.5122432973
 20
4835527.330303183
 10
622710.3096588168
 20
4835690.764880618
  0
LWPOLYLINE
  5
1EF
330
17
100
AcDbEntity
  8
ROADS
100
AcDbPolyline
 90
2
 70
0
 10
622331.7057779756
 20
4835618.84077376
 10
622278.1050624582
 20
4835601.481928624
  0
LWPOLYLINE
  5
1F0
330
17
100
AcDbEntity
  8
ROADS
100
AcDbPolyline
 90
3
 70
0
 10
622770.5122432973
 20
4835527.330303183
 10
622803.8610434125
 20
4835554.867536806
 10
622755.2502873284
 20
4835705.509069735
  0
LWPOLYLINE
  5
1F1
330
17
100
AcDbEntity
  8
ROADS
100
AcDbPolyline
 90
2
 70
0
 10
622678.2226851846
 20
4835633.150995238
 10
622632.3272505925
 20
4835618.504562254
  0
LWPOLYLINE
  5
1F2
330
17
100
AcDbEntity
  8
ROADS
100
AcDbPolyline
 90
2
 70
0
 10
622454.0018095338
 20
4835610.919332418
 10
622440.1824048103
 20
4835653.773544366
  0
LWPOLYLINE
  5
1F3
330
17
100
AcDbEntity
  8
ROADS
100
AcDbPolyline
 90
2
 70
0
 10
622440.1824048103
 20
4835653.773544366
 10
622331.7057779756
 20
4835618.84077376
  0
LWPOLYLINE
  5
1F4
330
17
100
AcDbEntity
  8
ROADS
100
AcDbPolyline
 90
3
 70
0
 10
622632.3272505925
 20
4835618.504562254
 10
622618.6041622818
 20
4835661.064523838
 10
622664.249432166
 20
4835675.940450554
  0
LWPOLYLINE
  5
1F5
330
17
100
AcDbEntity
  8
ROADS
100
AcDbPolyline
 90
2
 70
0
 10
622678.2226851846
 20
4835633.150995238
 10
622664.249432166
 20
4835675.940450554
  0
LWPOLYLINE
  5
1F6
330
17
100
AcDbEntity
  8
ROADS
100
AcDbPolyline
 90
2
 70
0
 10
622548.2434732909
 20
4835689.622868251
 10
622440.1824048103
 20
4835653.773544366
  0
LWPOLYLINE
  5
1F7
330
17
100
AcDbEntity
  8
ROADS
100
AcDbPolyline
 90
2
 70
0
 10
622161.9219575326
 20
4835564.013750937
 10
622115.2845068001
 20
4835548.816908511
  0
LWPOLYLINE
  5
1F8
330
17
100
AcDbEntity
  8
ROADS
100
AcDbPolyline
 90
2
 70
0
 10
621958.6820008499
 20
4835533.230066934
 10
621941.6503334796
 20
4835585.661588751
  0
LWPOLYLINE
  5
1F9
330
17
100
AcDbEntity
  8
ROADS
100
AcDbPolyline
 90
2
 70
0
 10
622224.1745846578
 20
4835584.220131854
 10
622161.9219575326
 20
4835564.013750937
  0
LWPOLYLINE
  5
1FA
330
17
100
AcDbEntity
  8
ROADS
100
AcDbPolyline
 90
2
 70
0
 10
622238.9620134876
 20
4835588.936688431
 10
622224.1745846578
 20
4835584.220131854
  0
LWPOLYLINE
  5
1FB
330
17
100
AcDbEntity
  8
ROADS
100
AcDbPolyline
 90
2
 70
0
 10
622278.1050624582
 20
4835601.481928624
 10
622238.9620134876
 20
4835588.936688431
  0
LWPOLYLINE
  5
1FC
330
17
100
AcDbEntity
  8
ROADS
100
AcDbPolyline
 90
2
 70
0
 10
622161.9219575326
 20
4835564.013750937
 10
622135.328317533
 20
4835645.9558189325
  0
LWPOLYLINE
  5
1FD
330
17
100
AcDbEntity
  8
ROADS
100
AcDbPolyline
 90
2
 70
0
 10
622135.328317533
 20
4835645.9558189325
 10
621941.6503334796
 20
4835585.661588751
  0
LWPOLYLINE
  5
1FE
330
17
100
AcDbEntity
  8
ROADS
100
AcDbPolyline
 90
2
 70
0
 10
621941.6503334796
 20
4835585.661588751
 10
621915.0212664518
 20
4835666.410905525
  0
LWPOLYLINE
  5
1FF
330
17
100
AcDbEntity
  8
ROADS
100
AcDbPolyline
 90
2
 70
0
 10
622135.328317533
 20
4835645.9558189325
 10
622107.0300152551
 20
4835728.454581877
  0
LWPOLYLINE
  5
200
330
17
100
AcDbEntity
  8
ROADS
100
AcDbPolyline
 90
2
 70
0
 10
622107.0300152551
 20
4835728.454581877
 10
621915.0212664518
 20
4835666.410905525
  0
LWPOLYLINE
  5
201
330
17
100
AcDbEntity
  8
ROADS
100
AcDbPolyline
 90
2
 70
0
 10
622823.3591617744
 20
4835726.916964138
 10
622802.0183825857
 20
4835720.343305598
  0
LWPOLYLINE
  5
202
330
17
100
AcDbEntity
  8
ROADS
100
AcDbPolyline
 90
2
 70
0
 10
622787.1632516052
 20
4835765.388337277
 10
622740.3264702244
 20
4835750.262442439
  0
LWPOLYLINE
  5
203
330
17
100
AcDbEntity
  8
ROADS
100
AcDbPolyline
 90
2
 70
0
 10
622238.9620134876
 20
4835588.936688431
 10
622167.8644042265
 20
4835808.434656742
  0
LWPOLYLINE
  5
204
330
17
100
AcDbEntity
  8
ROADS
100
AcDbPolyline
 90
2
 70
0
 10
621915.0212664518
 20
4835666.410905525
 10
621889.2795433432
 20
4835748.525315047
  0
LWPOLYLINE
  5
205
330
17
100
AcDbEntity
  8
ROADS
100
AcDbPolyline
 90
2
 70
0
 10
622331.7057779756
 20
4835618.84077376
 10
622256.6611537125
 20
4835849.997988612
  0
LWPOLYLINE
  5
206
330
17
100
AcDbEntity
  8
ROADS
100
AcDbPolyline
 90
2
 70
0
 10
622107.0300152551
 20
4835728.454581877
 10
622080.0811757371
 20
4835809.768673073
  0
LWPOLYLINE
  5
207
330
17
100
AcDbEntity
  8
ROADS
100
AcDbPolyline
 90
2
 70
0
 10
622080.0811757371
 20
4835809.768673073
 10
621889.2795433432
 20
4835748.525315047
  0
LWPOLYLINE
  5
208
330
17
100
AcDbEntity
  8
ROADS
100
AcDbPolyline
 90
2
 70
0
 10
622167.8644042265
 20
4835808.434656742
 10
622209.8013202895
 20
4835808.990866492
  0
LWPOLYLINE
  5
209
330
17
100
AcDbEntity
  8
ROADS
100
AcDbPolyline
 90
2
 70
0
 10
622167.8644042265
 20
4835808.434656742
 10
622154.5122824174
 20
4835849.06116793
  0
LWPOLYLINE
  5
20A
330
17
100
AcDbEntity
  8
ROADS
100
AcDbPolyline
 90
2
 70
0
 10
622080.0811757371
 20
4835809.768673073
 10
622070.0188151958
 20
4835849.808622662
  0
LWPOLYLINE
  5
20B
330
17
100
AcDbEntity
  8
ROADS
100
AcDbPolyline
 90
2
 70
0
 10
622070.0188151958
 20
4835849.808622662
 10
621859.1134556701
 20
4835847.379493918
  0
LWPOLYLINE
  5
20C
330
17
100
AcDbEntity
  8
ROADS
100
AcDbPolyline
 90
2
 70
0
 10
622154.5122824174
 20
4835849.06116793
 10
622082.6589743994
 20
4835849.777146089
  0
LWPOLYLINE
  5
20D
330
17
100
AcDbEntity
  8
ROADS
100
AcDbPolyline
 90
2
 70
0
 10
622710.3096588168
 20
4835690.764880618
 10
622664.249432166
 20
4835675.940450554
  0
LWPOLYLINE
  5
20E
330
17
100
AcDbEntity
  8
ROADS
100
AcDbPolyline
 90
2
 70
0
 10
622755.2502873284
 20
4835705.509069735
 10
622710.3096588168
 20
4835690.764880618
  0
LWPOLYLINE
  5
20F
330
17
100
AcDbEntity
  8
ROADS
100
AcDbPolyline
 90
2
 70
0
 10
622664.249432166
 20
4835675.940450554
 10
622651.3633848259
 20
4835721.818707304
  0
LWPOLYLINE
  5
210
330
17
100
AcDbEntity
  8
ROADS
100
AcDbPolyline
 90
2
 70
0
 10
622651.3633848259
 20
4835721.818707304
 10
622548.2434732909
 20
4835689.622868251
  0
LWPOLYLINE
  5
211
330
17
100
AcDbEntity
  8
ROADS
100
AcDbPolyline
 90
2
 70
0
 10
622548.2434732909
 20
4835689.622868251
 10
622534.3156422237
 20
4835732.057108824
  0
LWPOLYLINE
  5
212
330
17
100
AcDbEntity
  8
ROADS
100
AcDbPolyline
 90
2
 70
0
 10
622802.0183825857
 20
4835720.343305598
 10
622755.2502873284
 20
4835705.509069735
  0
LWPOLYLINE
  5
213
330
17
100
AcDbEntity
  8
ROADS
100
AcDbPolyline
 90
2
 70
0
 10
622755.2502873284
 20
4835705.509069735
 10
622740.3264702244
 20
4835750.262442439
  0
LWPOLYLINE
  5
214
330
17
100
AcDbEntity
  8
ROADS
100
AcDbPolyline
 90
2
 70
0
 10
622440.1824048103
 20
4835653.773544366
 10
622391.9700541213
 20
4835803.343051577
  0
LWPOLYLINE
  5
215
330
17
100
AcDbEntity
  8
ROADS
100
AcDbPolyline
 90
2
 70
0
 10
622740.3264702244
 20
4835750.262442439
 10
622651.3633848259
 20
4835721.818707304
  0
LWPOLYLINE
  5
216
330
17
100
AcDbEntity
  8
ROADS
100
AcDbPolyline
 90
2
 70
0
 10
622534.3156422237
 20
4835732.057108824
 10
622589.0392360826
 20
4835749.372285764
  0
LWPOLYLINE
  5
217
330
17
100
AcDbEntity
  8
ROADS
100
AcDbPolyline
 90
2
 70
0
 10
622589.0392360826
 20
4835749.372285764
 10
622609.8445666649
 20
4835759.199898612
  0
LWPOLYLINE
  5
218
330
17
100
AcDbEntity
  8
ROADS
100
AcDbPolyline
 90
3
 70
0
 10
622589.0392360826
 20
4835749.372285764
 10
622572.677340277
 20
4835800.265930951
 10
622590.903055778
 20
4835805.363681261
  0
LWPOLYLINE
  5
219
330
17
100
AcDbEntity
  8
ROADS
100
AcDbPolyline
 90
2
 70
0
 10
622651.3633848259
 20
4835721.818707304
 10
622631.7976495754
 20
4835852.787311649
  0
LWPOLYLINE
  5
21A
330
17
100
AcDbEntity
  8
ROADS
100
AcDbPolyline
 90
2
 70
0
 10
622534.3156422237
 20
4835732.057108824
 10
622496.946991816
 20
4835851.690259431
  0
LWPOLYLINE
  5
21B
330
17
100
AcDbEntity
  8
ROADS
100
AcDbPolyline
 90
2
 70
0
 10
622391.9700541213
 20
4835803.343051577
 10
622467.2085129267
 20
4835802.797270325
  0
LWPOLYLINE
  5
21C
330
17
100
AcDbEntity
  8
ROADS
100
AcDbPolyline
 90
2
 70
0
 10
622391.9700541213
 20
4835803.343051577
 10
622378.0509649981
 20
4835850.492650259
  0
LWPOLYLINE
  5
21D
330
17
100
AcDbEntity
  8
ROADS
100
AcDbPolyline
 90
2
 70
0
 10
622378.0509649981
 20
4835850.492650259
 10
622256.6611537125
 20
4835849.997988612
  0
LWPOLYLINE
  5
21E
330
17
100
AcDbEntity
  8
ROADS
100
AcDbPolyline
 90
2
 70
0
 10
622496.946991816
 20
4835851.690259431
 10
622378.0509649981
 20
4835850.492650259
  0
LWPOLYLINE
  5
21F
330
17
100
AcDbEntity
  8
ROADS
100
AcDbPolyline
 90
2
 70
0
 10
622631.7976495754
 20
4835852.787311649
 10
622496.946991816
 20
4835851.690259431
  0
LWPOLYLINE
  5
220
330
17
100
AcDbEntity
  8
ROADS
100
AcDbPolyline
 90
2
 70
0
 10
622679.59587088
 20
4835853.068017138
 10
622631.7976495754
 20
4835852.787311649
  0
LWPOLYLINE
  5
221
330
17
100
AcDbEntity
  8
ROADS
100
AcDbPolyline
 90
2
 70
0
 10
622378.0509649981
 20
4835850.492650259
 10
622363.7257717473
 20
4835893.940727041
  0
LWPOLYLINE
  5
222
330
17
100
AcDbEntity
  8
ROADS
100
AcDbPolyline
 90
2
 70
0
 10
622631.7976495754
 20
4835852.787311649
 10
622635.0032963965
 20
4835880.721487454
  0
LWPOLYLINE
  5
223
330
17
100
AcDbEntity
  8
ROADS
100
AcDbPolyline
 90
2
 70
0
 10
622599.2131751945
 20
4835901.423045586
 10
622363.7257717473
 20
4835893.940727041
  0
LWPOLYLINE
  5
224
330
17
100
AcDbEntity
  8
ROADS
100
AcDbPolyline
 90
2
 70
0
 10
622363.7257717473
 20
4835893.940727041
 10
622351.2421409792
 20
4835932.49486227
  0
LWPOLYLINE
  5
225
330
17
100
AcDbEntity
  8
ROADS
100
AcDbPolyline
 90
2
 70
0
 10
622497.0236628255
 20
4835943.194032412
 10
622351.2421409792
 20
4835932.49486227
  0
LWPOLYLINE
  5
226
330
17
100
AcDbEntity
  8
ROADS
100
AcDbPolyline
 90
2
 70
0
 10
622501.5636280811
 20
4835943.514685619
 10
622497.0236628255
 20
4835943.194032412
  0
LWPOLYLINE
  5
227
330
17
100
AcDbEntity
  8
ROADS
100
AcDbPolyline
 90
2
 70
0
 10
622497.0236628255
 20
4835943.194032412
 10
622497.2936220863
 20
4835945.017459244
  0
LWPOLYLINE
  5
228
330
17
100
AcDbEntity
  8
ROADS
100
AcDbPolyline
 90
2
 70
0
 10
621274.6588334254
 20
4835468.300177479
 10
621209.9572110716
 20
4835529.410184119
  0
LWPOLYLINE
  5
229
330
17
100
AcDbEntity
  8
ROADS
100
AcDbPolyline
 90
2
 70
0
 10
621348.6189804197
 20
4835550.00787852
 10
621274.6588334254
 20
4835468.300177479
  0
LWPOLYLINE
  5
22A
330
17
100
AcDbEntity
  8
ROADS
100
AcDbPolyline
 90
2
 70
0
 10
621209.9572110716
 20
4835529.410184119
 10
621161.7102470195
 20
4835574.855729859
  0
LWPOLYLINE
  5
22B
330
17
100
AcDbEntity
  8
ROADS
100
AcDbPolyline
 90
2
 70
0
 10
621486.8646952139
 20
4835346.195988555
 10
621348.7852095426
 20
4835768.303687732
  0
LWPOLYLINE
  5
22C
330
17
100
AcDbEntity
  8
ROADS
100
AcDbPolyline
 90
2
 70
0
 10
621293.0628531489
 20
4835619.795605987
 10
621209.9572110716
 20
4835529.410184119
  0
LWPOLYLINE
  5
22D
330
17
100
AcDbEntity
  8
ROADS
100
AcDbPolyline
 90
2
 70
0
 10
621348.6189804197
 20
4835550.00787852
 10
621293.0628531489
 20
4835619.795605987
  0
LWPOLYLINE
  5
22E
330
17
100
AcDbEntity
  8
ROADS
100
AcDbPolyline
 90
2
 70
0
 10
621293.0628531489
 20
4835619.795605987
 10
621267.9290976448
 20
4835644.722325593
  0
LWPOLYLINE
  5
22F
330
17
100
AcDbEntity
  8
ROADS
100
AcDbPolyline
 90
2
 70
0
 10
621534.0677277332
 20
4835361.413001252
 10
621393.0036809555
 20
4835794.2321869545
  0
LWPOLYLINE
  5
230
330
17
100
AcDbEntity
  8
ROADS
100
AcDbPolyline
 90
2
 70
0
 10
621580.5088223366
 20
4835375.961213657
 10
621443.1001232881
 20
4835794.552902056
  0
LWPOLYLINE
  5
231
330
17
100
AcDbEntity
  8
ROADS
100
AcDbPolyline
 90
2
 70
0
 10
621616.0641865372
 20
4835550.328877899
 10
621586.887028479
 20
4835638.518389028
  0
LWPOLYLINE
  5
232
330
17
100
AcDbEntity
  8
ROADS
100
AcDbPolyline
 90
2
 70
0
 10
621728.834563304
 20
4835587.8182972465
 10
621701.8711118705
 20
4835675.281823086
  0
LWPOLYLINE
  5
233
330
17
100
AcDbEntity
  8
ROADS
100
AcDbPolyline
 90
2
 70
0
 10
621701.8711118705
 20
4835675.281823086
 10
621586.887028479
 20
4835638.518389028
  0
LWPOLYLINE
  5
234
330
17
100
AcDbEntity
  8
ROADS
100
AcDbPolyline
 90
2
 70
0
 10
621880.7024269981
 20
4835508.0601656865
 10
621786.6607687417
 20
4835806.440725554
  0
LWPOLYLINE
  5
235
330
17
100
AcDbEntity
  8
ROADS
100
AcDbPolyline
 90
2
 70
0
 10
621701.8711118705
 20
4835675.281823086
 10
621660.9007314662
 20
4835805.185032268
  0
LWPOLYLINE
  5
236
330
17
100
AcDbEntity
  8
ROADS
100
AcDbPolyline
 90
2
 70
0
 10
621586.887028479
 20
4835638.518389028
 10
621521.839487406
 20
4835846.721791545
  0
LWPOLYLINE
  5
237
330
17
100
AcDbEntity
  8
ROADS
100
AcDbPolyline
 90
2
 70
0
 10
621730.2933709467
 20
4835805.877624578
 10
621739.4642601347
 20
4835776.370078604
  0
LWPOLYLINE
  5
238
330
17
100
AcDbEntity
  8
ROADS
100
AcDbPolyline
 90
2
 70
0
 10
621443.1001232881
 20
4835794.552902056
 10
621491.2502328235
 20
4835794.500412335
  0
LWPOLYLINE
  5
239
330
17
100
AcDbEntity
  8
ROADS
100
AcDbPolyline
 90
2
 70
0
 10
621267.9290976448
 20
4835644.722325593
 10
621214.5052119751
 20
4835638.556218802
  0
LWPOLYLINE
  5
23A
330
17
100
AcDbEntity
  8
ROADS
100
AcDbPolyline
 90
2
 70
0
 10
621267.9290976448
 20
4835644.722325593
 10
621248.862729062
 20
4835682.433868827
  0
LWPOLYLINE
  5
23B
330
17
100
AcDbEntity
  8
ROADS
100
AcDbPolyline
 90
2
 70
0
 10
621443.1001232881
 20
4835794.552902056
 10
621393.0036809555
 20
4835794.2321869545
  0
LWPOLYLINE
  5
23C
330
17
100
AcDbEntity
  8
ROADS
100
AcDbPolyline
 90
2
 70
0
 10
621393.0036809555
 20
4835794.2321869545
 10
621386.6330115485
 20
4835794.516727053
  0
LWPOLYLINE
  5
23D
330
17
100
AcDbEntity
  8
ROADS
100
AcDbPolyline
 90
2
 70
0
 10
621889.2795433432
 20
4835748.525315047
 10
621859.1134556701
 20
4835847.379493918
  0
LWPOLYLINE
  5
23E
330
17
100
AcDbEntity
  8
ROADS
100
AcDbPolyline
 90
2
 70
0
 10
621660.9007314662
 20
4835805.185032268
 10
621588.9405458206
 20
4835800.589844367
  0
LWPOLYLINE
  5
23F
330
17
100
AcDbEntity
  8
ROADS
100
AcDbPolyline
 90
2
 70
0
 10
621730.2933709467
 20
4835805.877624578
 10
621660.9007314662
 20
4835805.185032268
  0
LWPOLYLINE
  5
240
330
17
100
AcDbEntity
  8
ROADS
100
AcDbPolyline
 90
2
 70
0
 10
621786.6607687417
 20
4835806.440725554
 10
621730.2933709467
 20
4835805.877624578
  0
LWPOLYLINE
  5
241
330
17
100
AcDbEntity
  8
ROADS
100
AcDbPolyline
 90
2
 70
0
 10
621786.6607687417
 20
4835806.440725554
 10
621773.6948503566
 20
4835847.66620016
  0
LWPOLYLINE
  5
242
330
17
100
AcDbEntity
  8
ROADS
100
AcDbPolyline
 90
2
 70
0
 10
621660.9007314662
 20
4835805.185032268
 10
621646.2875492335
 20
4835852.228974255
  0
LWPOLYLINE
  5
243
330
17
100
AcDbEntity
  8
ROADS
100
AcDbPolyline
 90
2
 70
0
 10
621521.839487406
 20
4835846.721791545
 10
621479.3527251937
 20
4835846.168021945
  0
LWPOLYLINE
  5
244
330
17
100
AcDbEntity
  8
ROADS
100
AcDbPolyline
 90
2
 70
0
 10
621859.1134556701
 20
4835847.379493918
 10
621773.6948503566
 20
4835847.66620016
  0
LWPOLYLINE
  5
245
330
17
100
AcDbEntity
  8
ROADS
100
AcDbPolyline
 90
2
 70
0
 10
621646.2875492335
 20
4835852.228974255
 10
621521.839487406
 20
4835846.721791545
  0
LWPOLYLINE
  5
246
330
17
100
AcDbEntity
  8
ROADS
100
AcDbPolyline
 90
2
 70
0
 10
621773.6948503566
 20
4835847.66620016
 10
621646.2875492335
 20
4835852.228974255
  0
LWPOLYLINE
  5
247
330
17
100
AcDbEntity
  8
ROADS
100
AcDbPolyline
 90
2
 70
0
 10
621443.1001232881
 20
4835794.552902056
 10
621433.7347811181
 20
4835823.660278246
  0
LWPOLYLINE
  5
248
330
17
100
AcDbEntity
  8
ROADS
100
AcDbPolyline
 90
2
 70
0
 10
621646.2875492335
 20
4835852.228974255
 10
621630.7475339951
 20
4835902.318284305
  0
LWPOLYLINE
  5
249
330
17
100
AcDbEntity
  8
ROADS
100
AcDbPolyline
 90
3
 70
0
 10
623064.9905796527
 20
4835075.231537688
 10
622999.2037782834
 20
4834992.946250964
 10
622956.8836910398
 20
4834973.41828248
  0
LWPOLYLINE
  5
24A
330
17
100
AcDbEntity
  8
ROADS
100
AcDbPolyline
 90
2
 70
0
 10
623065.6902303969
 20
4835074.491626779
 10
623064.9905796527
 20
4835075.231537688
  0
LWPOLYLINE
  5
24B
330
17
100
AcDbEntity
  8
ROADS
100
AcDbPolyline
 90
2
 70
0
 10
622945.4033160536
 20
4834999.7400518665
 10
622920.8503120934
 20
4835079.444132678
  0
LWPOLYLINE
  5
24C
330
17
100
AcDbEntity
  8
ROADS
100
AcDbPolyline
 90
2
 70
0
 10
623065.7228027749
 20
4835075.771398433
 10
623064.9905796527
 20
4835075.231537688
  0
LWPOLYLINE
  5
24D
330
17
100
AcDbEntity
  8
ROADS
100
AcDbPolyline
 90
2
 70
0
 10
622917.1429407874
 20
4835089.68861826
 10
622825.4728929559
 20
4835060.732086336
  0
LWPOLYLINE
  5
24E
330
17
100
AcDbEntity
  8
ROADS
100
AcDbPolyline
 90
2
 70
0
 10
622920.8503120934
 20
4835079.444132678
 10
622917.1429407874
 20
4835089.68861826
  0
LWPOLYLINE
  5
24F
330
17
100
AcDbEntity
  8
ROADS
100
AcDbPolyline
 90
2
 70
0
 10
622825.4728929559
 20
4835060.732086336
 10
622798.4065953388
 20
4835143.32184203
  0
LWPOLYLINE
  5
250
330
17
100
AcDbEntity
  8
ROADS
100
AcDbPolyline
 90
2
 70
0
 10
623064.9905796527
 20
4835075.231537688
 10
623028.027324223
 20
4835132.178173693
  0
LWPOLYLINE
  5
251
330
17
100
AcDbEntity
  8
ROADS
100
AcDbPolyline
 90
2
 70
0
 10
623028.027324223
 20
4835132.178173693
 10
622920.8503120934
 20
4835079.444132678
  0
LWPOLYLINE
  5
252
330
17
100
AcDbEntity
  8
ROADS
100
AcDbPolyline
 90
2
 70
0
 10
622256.6611537125
 20
4835849.997988612
 10
622154.5122824174
 20
4835849.06116793
  0
LWPOLYLINE
  5
253
330
17
100
AcDbEntity
  8
ROADS
100
AcDbPolyline
 90
2
 70
0
 10
622082.6589743994
 20
4835849.777146089
 10
622070.0188151958
 20
4835849.808622662
  0
LWPOLYLINE
  5
254
330
17
100
AcDbEntity
  8
ROADS
100
AcDbPolyline
 90
2
 70
0
 10
622082.6589743994
 20
4835849.777146089
 10
622082.0539062108
 20
4835935.678219028
  0
LWPOLYLINE
  5
255
330
17
100
AcDbEntity
  8
ROADS
100
AcDbPolyline
 90
2
 70
0
 10
622319.3782553925
 20
4835986.457547652
 10
621978.151940116
 20
4835951.706762069
  0
LWPOLYLINE
  5
256
330
17
100
AcDbEntity
  8
ROADS
100
AcDbPolyline
 90
2
 70
0
 10
621960.4520236136
 20
4835949.9041871345
 10
621720.8302784826
 20
4835925.5008996
  0
LWPOLYLINE
  5
257
330
17
100
AcDbEntity
  8
ROADS
100
AcDbPolyline
 90
2
 70
0
 10
622351.2421409792
 20
4835932.49486227
 10
622334.4643641139
 20
4835984.308302509
  0
ENDSEC
  0
SECTION
  2
OBJECTS
  0
DICTIONARY
  5
A
330
0
100
AcDbDictionary
281
1
  3
ACAD_COLOR
350
B
  3
ACAD_GROUP
350
C
  3
ACAD_LAYOUT
350
D
  3
ACAD_MATERIAL
350
E
  3
ACAD_MLEADERSTYLE
350
F
  3
ACAD_MLINESTYLE
350
10
  3
ACAD_PLOTSETTINGS
350
11
  3
ACAD_PLOTSTYLENAME
350
12
  3
ACAD_SCALELIST
350
14
  3
ACAD_TABLESTYLE
350
15
  3
ACAD_VISUALSTYLE
350
16
  3
EZDXF_META
350
2D
  0
DICTIONARY
  5
B
330
A
100
AcDbDictionary
281
1
  0
DICTIONARY
  5
C
330
A
100
AcDbDictionary
281
1
  0
DICTIONARY
  5
D
330
A
100
AcDbDictionary
281
1
  3
Model
350
1A
  3
Layout1
350
1E
  0
DICTIONARY
  5
E
330
A
100
AcDbDictionary
281
1
  3
ByBlock
350
1F
  3
ByLayer
350
20
  3
Global
350
21
  0
DICTIONARY
  5
F
330
A
100
AcDbDictionary
281
1
  3
Standard
350
2C
  0
DICTIONARY
  5
10
330
A
100
AcDbDictionary
281
1
  3
Standard
350
22
  0
DICTIONARY
  5
11
330
A
100
AcDbDictionary
281
1
  0
ACDBDICTIONARYWDFLT
  5
12
330
A
100
AcDbDictionary
281
1
  3
Normal
350
13
100
AcDbDictionaryWithDefault
340
13
  0
ACDBPLACEHOLDER
  5
13
330
12
  0
DICTIONARY
  5
14
330
A
100
AcDbDictionary
281
1
  0
DICTIONARY
  5
15
330
A
100
AcDbDictionary
281
1
  0
DICTIONARY
  5
16
330
A
100
AcDbDictionary
281
1
  0
LAYOUT
  5
1A
330
D
100
AcDbPlotSettings
  1

  4
A3
  6

 40
7.5
 41
20.0
 42
7.5
 43
20.0
 44
420.0
 45
297.0
 46
0.0
 47
0.0
 48
0.0
 49
0.0
140
0.0
141
0.0
142
1.0
143
1.0
 70
1024
 72
1
 73
0
 74
5
  7

 75
16
 76
0
 77
2
 78
300
147
1.0
148
0.0
149
0.0
100
AcDbLayout
  1
Model
 70
1
 71
0
 10
0.0
 20
0.0
 11
420.0
 21
297.0
 12
0.0
 22
0.0
 32
0.0
 14
1e+20
 24
1e+20
 34
1e+20
 15
-1e+20
 25
-1e+20
 35
-1e+20
146
0.0
 13
0.0
 23
0.0
 33
0.0
 16
1.0
 26
0.0
 36
0.0
 17
0.0
 27
1.0
 37
0.0
 76
1
330
17
  0
LAYOUT
  5
1E
330
D
100
AcDbPlotSettings
  1

  4
A3
  6

 40
7.5
 41
20.0
 42
7.5
 43
20.0
 44
420.0
 45
297.0
 46
0.0
 47
0.0
 48
0.0
 49
0.0
140
0.0
141
0.0
142
1.0
143
1.0
 70
0
 72
1
 73
0
 74
5
  7

 75
16
 76
0
 77
2
 78
300
147
1.0
148
0.0
149
0.0
100
AcDbLayout
  1
Layout1
 70
1
 71
1
 10
0.0
 20
0.0
 11
420.0
 21
297.0
 12
0.0
 22
0.0
 32
0.0
 14
1e+20
 24
1e+20
 34
1e+20
 15
-1e+20
 25
-1e+20
 35
-1e+20
146
0.0
 13
0.0
 23
0.0
 33
0.0
 16
1.0
 26
0.0
 36
0.0
 17
0.0
 27
1.0
 37
0.0
 76
1
330
1B
  0
MATERIAL
  5
1F
102
{ACAD_REACTORS
330
E
102
}
330
E
100
AcDbMaterial
  1
ByBlock
  2

 70
0
 40
1.0
 71
1
 41
1.0
 91
-1023410177
 42
1.0
 72
1
  3

 73
1
 74
1
 75
1
 44
0.5
 73
0
 45
1.0
 46
1.0
 77
1
  4

 78
1
 79
1
170
1
 48
1.0
171
1
  6

172
1
173
1
174
1
140
1.0
141
1.0
175
1
  7

176
1
177
1
178
1
143
1.0
179
1
  8

270
1
271
1
272
1
145
1.0
146
1.0
273
1
  9

274
1
275
1
276
1
 42
1.0
 72
1
  3

 73
1
 74
1
 75
1
 94
63
  0
MATERIAL
  5
20
102
{ACAD_REACTORS
330
E
102
}
330
E
100
AcDbMaterial
  1
ByLayer
  2

 70
0
 40
1.0
 71
1
 41
1.0
 91
-1023410177
 42
1.0
 72
1
  3

 73
1
 74
1
 75
1
 44
0.5
 73
0
 45
1.0
 46
1.0
 77
1
  4

 78
1
 79
1
170
1
 48
1.0
171
1
  6

172
1
173
1
174
1
140
1.0
141
1.0
175
1
  7

176
1
177
1
178
1
143
1.0
179
1
  8

270
1
271
1
272
1
145
1.0
146
1.0
273
1
  9

274
1
275
1
276
1
 42
1.0
 72
1
  3

 73
1
 74
1
 75
1
 94
63
  0
MATERIAL
  5
21
102
{ACAD_REACTORS
330
E
102
}
330
E
100
AcDbMaterial
  1
Global
  2

 70
0
 40
1.0
 71
1
 41
1.0
 91
-1023410177
 42
1.0
 72
1
  3

 73
1
 74
1
 75
1
 44
0.5
 73
0
 45
1.0
 46
1.0
 77
1
  4

 78
1
 79
1
170
1
 48
1.0
171
1
  6

172
1
173
1
174
1
140
1.0
141
1.0
175
1
  7

176
1
177
1
178
1
143
1.0
179
1
  8

270
1
271
1
272
1
145
1.0
146
1.0
273
1
  9

274
1
275
1
276
1
 42
1.0
 72
1
  3

 73
1
 74
1
 75
1
 94
63
  0
MLINESTYLE
  5
22
102
{ACAD_REACTORS
330
10
102
}
330
10
100
AcDbMlineStyle
  2
Standard
 70
0
  3

 62
256
 51
90.0
 52
90.0
 71
2
 49
0.5
 62
256
  6
BYLAYER
 49
-0.5
 62
256
  6
BYLAYER
  0
MLEADERSTYLE
  5
2C
102
{ACAD_REACTORS
330
F
102
}
330
F
100
AcDbMLeaderStyle
179
2
170
2
171
1
172
0
 90
2
 40
0.0
 41
0.0
173
1
 91
-1056964608
 92
-2
290
1
 42
2.0
291
1
 43
8.0
  3
Standard
 44
4.0
300

342
29
174
1
175
1
176
0
178
1
 93
-1056964608
 45
4.0
292
0
297
0
 46
4.0
 94
-1056964608
 47
1.0
 49
1.0
140
1.0
294
1
141
0.0
177
0
142
1.0
295
0
296
0
143
3.75
271
0
272
9
273
9
  0
DICTIONARY
  5
2D
330
A
100
AcDbDictionary
280
1
281
1
  3
CREATED_BY_EZDXF
350
2E
  3
WRITTEN_BY_EZDXF
350
25A
  0
DICTIONARYVAR
  5
2E
330
2D
100
DictionaryVariables
280
0
  1
1.4.4 @ 2026-07-07T06:19:02.201783+00:00
  0
DICTIONARYVAR
  5
25A
330
2D
100
DictionaryVariables
280
0
  1
1.4.4 @ 2026-07-07T06:19:02.216750+00:00
  0
ENDSEC
  0
EOF
