  0
SECTION
  2
HEADER
  9
$ACADVER
  1
AC1015
  9
$ACADMAINTVER
 70
6
  9
$DWGCODEPAGE
  3
ANSI_1252
  9
$INSBASE
 10
0.0
 20
0.0
 30
0.0
  9
$EXTMIN
 10
1e+20
 20
1e+20
 30
1e+20
  9
$EXTMAX
 10
-1e+20
 20
-1e+20
 30
-1e+20
  9
$LIMMIN
 10
0.0
 20
0.0
  9
$LIMMAX
 10
420.0
 20
297.0
  9
$ORTHOMODE
 70
0
  9
$REGENMODE
 70
1
  9
$FILLMODE
 70
1
  9
$QTEXTMODE
 70
0
  9
$MIRRTEXT
 70
1
  9
$LTSCALE
 40
1.0
  9
$ATTMODE
 70
1
  9
$TEXTSIZE
 40
2.5
  9
$TRACEWID
 40
1.0
  9
$TEXTSTYLE
  7
Standard
  9
$CLAYER
  8
0
  9
$CELTYPE
  6
ByLayer
  9
$CECOLOR
 62
256
  9
$CELTSCALE
 40
1.0
  9
$DISPSILH
 70
0
  9
$DIMSCALE
 40
1.0
  9
$DIMASZ
 40
2.5
  9
$DIMEXO
 40
0.625
  9
$DIMDLI
 40
3.75
  9
$DIMRND
 40
0.0
  9
$DIMDLE
 40
0.0
  9
$DIMEXE
 40
1.25
  9
$DIMTP
 40
0.0
  9
$DIMTM
 40
0.0
  9
$DIMTXT
 40
2.5
  9
$DIMCEN
 40
2.5
  9
$DIMTSZ
 40
0.0
  9
$DIMTOL
 70
0
  9
$DIMLIM
 70
0
  9
$DIMTIH
 70
0
  9
$DIMTOH
 70
0
  9
$DIMSE1
 70
0
  9
$DIMSE2
 70
0
  9
$DIMTAD
 70
1
  9
$DIMZIN
 70
8
  9
$DIMBLK
  1

  9
$DIMASO
 70
1
  9
$DIMSHO
 70
1
  9
$DIMPOST
  1

  9
$DIMAPOST
  1

  9
$DIMALT
 70
0
  9
$DIMALTD
 70
3
  9
$DIMALTF
 40
0.03937007874
  9
$DIMLFAC
 40
1.0
  9
$DIMTOFL
 70
1
  9
$DIMTVP
 40
0.0
  9
$DIMTIX
 70
0
  9
$DIMSOXD
 70
0
  9
$DIMSAH
 70
0
  9
$DIMBLK1
  1

  9
$DIMBLK2
  1

  9
$DIMSTYLE
  2
ISO-25
  9
$DIMCLRD
 70
0
  9
$DIMCLRE
 70
0
  9
$DIMCLRT
 70
0
  9
$DIMTFAC
 40
1.0
  9
$DIMGAP
 40
0.625
  9
$DIMJUST
 70
0
  9
$DIMSD1
 70
0
  9
$DIMSD2
 70
0
  9
$DIMTOLJ
 70
0
  9
$DIMTZIN
 70
8
  9
$DIMALTZ
 70
0
  9
$DIMALTTZ
 70
0
  9
$DIMUPT
 70
0
  9
$DIMDEC
 70
2
  9
$DIMTDEC
 70
2
  9
$DIMALTU
 70
2
  9
$DIMALTTD
 70
3
  9
$DIMTXSTY
  7
Standard
  9
$DIMAUNIT
 70
0
  9
$DIMADEC
 70
0
  9
$DIMALTRND
 40
0.0
  9
$DIMAZIN
 70
0
  9
$DIMDSEP
 70
44
  9
$DIMATFIT
 70
3
  9
$DIMFRAC
 70
0
  9
$DIMLDRBLK
  1

  9
$DIMLUNIT
 70
2
  9
$DIMLWD
 70
-2
  9
$DIMLWE
 70
-2
  9
$DIMTMOVE
 70
0
  9
$LUNITS
 70
2
  9
$LUPREC
 70
4
  9
$SKETCHINC
 40
1.0
  9
$FILLETRAD
 40
10.0
  9
$AUNITS
 70
0
  9
$AUPREC
 70
2
  9
$MENU
  1
.
  9
$ELEVATION
 40
0.0
  9
$PELEVATION
 40
0.0
  9
$THICKNESS
 40
0.0
  9
$LIMCHECK
 70
0
  9
$CHAMFERA
 40
0.0
  9
$CHAMFERB
 40
0.0
  9
$CHAMFERC
 40
0.0
  9
$CHAMFERD
 40
0.0
  9
$SKPOLY
 70
0
  9
$TDCREATE
 40
2461229.097222222
  9
$TDUCREATE
 40
2458532.153996898
  9
$TDUPDATE
 40
2461229.097222222
  9
$TDUUPDATE
 40
2458532.1544311
  9
$TDINDWG
 40
0.0
  9
$TDUSRTIMER
 40
0.0
  9
$USRTIMER
 70
1
  9
$ANGBASE
 50
0.0
  9
$ANGDIR
 70
0
  9
$PDMODE
 70
0
  9
$PDSIZE
 40
0.0
  9
$PLINEWID
 40
0.0
  9
$SPLFRAME
 70
0
  9
$SPLINETYPE
 70
6
  9
$SPLINESEGS
 70
8
  9
$HANDSEED
  5
2C5
  9
$SURFTAB1
 70
6
  9
$SURFTAB2
 70
6
  9
$SURFTYPE
 70
6
  9
$SURFU
 70
6
  9
$SURFV
 70
6
  9
$UCSBASE
  2

  9
$UCSNAME
  2

  9
$UCSORG
 10
0.0
 20
0.0
 30
0.0
  9
$UCSXDIR
 10
1.0
 20
0.0
 30
0.0
  9
$UCSYDIR
 10
0.0
 20
1.0
 30
0.0
  9
$UCSORTHOREF
  2

  9
$UCSORTHOVIEW
 70
0
  9
$UCSORGTOP
 10
0.0
 20
0.0
 30
0.0
  9
$UCSORGBOTTOM
 10
0.0
 20
0.0
 30
0.0
  9
$UCSORGLEFT
 10
0.0
 20
0.0
 30
0.0
  9
$UCSORGRIGHT
 10
0.0
 20
0.0
 30
0.0
  9
$UCSORGFRONT
 10
0.0
 20
0.0
 30
0.0
  9
$UCSORGBACK
 10
0.0
 20
0.0
 30
0.0
  9
$PUCSBASE
  2

  9
$PUCSNAME
  2

  9
$PUCSORG
 10
0.0
 20
0.0
 30
0.0
  9
$PUCSXDIR
 10
1.0
 20
0.0
 30
0.0
  9
$PUCSYDIR
 10
0.0
 20
1.0
 30
0.0
  9
$PUCSORTHOREF
  2

  9
$PUCSORTHOVIEW
 70
0
  9
$PUCSORGTOP
 10
0.0
 20
0.0
 30
0.0
  9
$PUCSORGBOTTOM
 10
0.0
 20
0.0
 30
0.0
  9
$PUCSORGLEFT
 10
0.0
 20
0.0
 30
0.0
  9
$PUCSORGRIGHT
 10
0.0
 20
0.0
 30
0.0
  9
$PUCSORGFRONT
 10
0.0
 20
0.0
 30
0.0
  9
$PUCSORGBACK
 10
0.0
 20
0.0
 30
0.0
  9
$USERI1
 70
0
  9
$USERI2
 70
0
  9
$USERI3
 70
0
  9
$USERI4
 70
0
  9
$USERI5
 70
0
  9
$USERR1
 40
0.0
  9
$USERR2
 40
0.0
  9
$USERR3
 40
0.0
  9
$USERR4
 40
0.0
  9
$USERR5
 40
0.0
  9
$WORLDVIEW
 70
1
  9
$SHADEDGE
 70
3
  9
$SHADEDIF
 70
70
  9
$TILEMODE
 70
1
  9
$MAXACTVP
 70
64
  9
$PINSBASE
 10
0.0
 20
0.0
 30
0.0
  9
$PLIMCHECK
 70
0
  9
$PEXTMIN
 10
1e+20
 20
1e+20
 30
1e+20
  9
$PEXTMAX
 10
-1e+20
 20
-1e+20
 30
-1e+20
  9
$PLIMMIN
 10
0.0
 20
0.0
  9
$PLIMMAX
 10
420.0
 20
297.0
  9
$UNITMODE
 70
0
  9
$VISRETAIN
 70
1
  9
$PLINEGEN
 70
0
  9
$PSLTSCALE
 70
1
  9
$TREEDEPTH
 70
3020
  9
$CMLSTYLE
  2
Standard
  9
$CMLJUST
 70
0
  9
$CMLSCALE
 40
20.0
  9
$PROXYGRAPHICS
 70
1
  9
$MEASUREMENT
 70
1
  9
$CELWEIGHT
370
-1
  9
$ENDCAPS
280
0
  9
$JOINSTYLE
280
0
  9
$LWDISPLAY
290
0
  9
$INSUNITS
 70
6
  9
$HYPERLINKBASE
  1

  9
$STYLESHEET
  1

  9
$XEDIT
290
1
  9
$CEPSNTYPE
380
0
  9
$PSTYLEMODE
290
1
  9
$FINGERPRINTGUID
  2
{1E4CE86B-E438-431E-A473-676295387FFE}
  9
$VERSIONGUID
  2
{0A6FE56C-A21C-40CA-8F05-FA280F940611}
  9
$EXTNAMES
290
1
  9
$PSVPSCALE
 40
0.0
  9
$OLESTARTUP
290
0
  0
ENDSEC
  0
SECTION
  2
CLASSES
  0
CLASS
  1
ACDBDICTIONARYWDFLT
  2
AcDbDictionaryWithDefault
  3
ObjectDBX Classes
 90
0
280
0
281
0
  0
CLASS
  1
SUN
  2
AcDbSun
  3
SCENEOE
 90
1153
280
0
281
0
  0
CLASS
  1
VISUALSTYLE
  2
AcDbVisualStyle
  3
ObjectDBX Classes
 90
4095
280
0
281
0
  0
CLASS
  1
MATERIAL
  2
AcDbMaterial
  3
ObjectDBX Classes
 90
1153
280
0
281
0
  0
CLASS
  1
SCALE
  2
AcDbScale
  3
ObjectDBX Classes
 90
1153
280
0
281
0
  0
CLASS
  1
TABLESTYLE
  2
AcDbTableStyle
  3
ObjectDBX Classes
 90
4095
280
0
281
0
  0
CLASS
  1
MLEADERSTYLE
  2
AcDbMLeaderStyle
  3
ACDB_MLEADERSTYLE_CLASS
 90
4095
280
0
281
0
  0
CLASS
  1
DICTIONARYVAR
  2
AcDbDictionaryVar
  3
ObjectDBX Classes
 90
0
280
0
281
0
  0
CLASS
  1
CELLSTYLEMAP
  2
AcDbCellStyleMap
  3
ObjectDBX Classes
 90
1152
280
0
281
0
  0
CLASS
  1
MENTALRAYRENDERSETTINGS
  2
AcDbMentalRayRenderSettings
  3
SCENEOE
 90
1024
280
0
281
0
  0
CLASS
  1
ACDBDETAILVIEWSTYLE
  2
AcDbDetailViewStyle
  3
ObjectDBX Classes
 90
1025
280
0
281
0
  0
CLASS
  1
ACDBSECTIONVIEWSTYLE
  2
AcDbSectionViewStyle
  3
ObjectDBX Classes
 90
1025
280
0
281
0
  0
CLASS
  1
RASTERVARIABLES
  2
AcDbRasterVariables
  3
ISM
 90
0
280
0
281
0
  0
CLASS
  1
ACDBPLACEHOLDER
  2
AcDbPlaceHolder
  3
ObjectDBX Classes
 90
0
280
0
281
0
  0
CLASS
  1
LAYOUT
  2
AcDbLayout
  3
ObjectDBX Classes
 90
0
280
0
281
0
  0
ENDSEC
  0
SECTION
  2
TABLES
  0
TABLE
  2
VPORT
  5
8
330
0
100
AcDbSymbolTable
 70
1
  0
VPORT
  5
23
330
8
100
AcDbSymbolTableRecord
100
AcDbViewportTableRecord
  2
*Active
 70
0
 10
0.0
 20
0.0
 11
1.0
 21
1.0
 12
0.0
 22
0.0
 13
0.0
 23
0.0
 14
0.5
 24
0.5
 15
0.5
 25
0.5
 16
0.0
 26
0.0
 36
1.0
 17
0.0
 27
0.0
 37
0.0
 40
1000.0
 41
1.34
 42
50.0
 43
0.0
 44
0.0
 50
0.0
 51
0.0
 71
0
 72
1000
 73
1
 74
3
 75
0
 76
0
 77
0
 78
0
281
0
 65
0
146
0.0
  0
ENDTAB
  0
TABLE
  2
LTYPE
  5
2
330
0
100
AcDbSymbolTable
 70
3
  0
LTYPE
  5
24
330
2
100
AcDbSymbolTableRecord
100
AcDbLinetypeTableRecord
  2
ByBlock
 70
0
  3

 72
65
 73
0
 40
0.0
  0
LTYPE
  5
25
330
2
100
AcDbSymbolTableRecord
100
AcDbLinetypeTableRecord
  2
ByLayer
 70
0
  3

 72
65
 73
0
 40
0.0
  0
LTYPE
  5
26
330
2
100
AcDbSymbolTableRecord
100
AcDbLinetypeTableRecord
  2
Continuous
 70
0
  3

 72
65
 73
0
 40
0.0
  0
ENDTAB
  0
TABLE
  2
LAYER
  5
1
330
0
100
AcDbSymbolTable
 70
2
  0
LAYER
  5
27
330
1
100
AcDbSymbolTableRecord
100
AcDbLayerTableRecord
  2
0
 70
0
 62
7
  6
Continuous
370
-3
390
13
  0
LAYER
  5
28
330
1
100
AcDbSymbolTableRecord
100
AcDbLayerTableRecord
  2
Defpoints
 70
0
 62
7
  6
Continuous
290
0
370
-3
390
13
  0
ENDTAB
  0
TABLE
  2
STYLE
  5
5
330
0
100
AcDbSymbolTable
 70
1
  0
STYLE
  5
29
330
5
100
AcDbSymbolTableRecord
100
AcDbTextStyleTableRecord
  2
Standard
 70
0
 40
0.0
 41
1.0
 50
0.0
 71
0
 42
2.5
  3
txt
  4

  0
ENDTAB
  0
TABLE
  2
VIEW
  5
7
330
0
100
AcDbSymbolTable
 70
0
  0
ENDTAB
  0
TABLE
  2
UCS
  5
6
330
0
100
AcDbSymbolTable
 70
0
  0
ENDTAB
  0
TABLE
  2
APPID
  5
3
330
0
100
AcDbSymbolTable
 70
3
  0
APPID
  5
2A
330
3
100
AcDbSymbolTableRecord
100
AcDbRegAppTableRecord
  2
ACAD
 70
0
  0
APPID
  5
2C2
330
3
100
AcDbSymbolTableRecord
100
AcDbRegAppTableRecord
  2
HATCHBACKGROUNDCOLOR
 70
0
  0
APPID
  5
2C3
330
3
100
AcDbSymbolTableRecord
100
AcDbRegAppTableRecord
  2
EZDXF
 70
0
  0
ENDTAB
  0
TABLE
  2
DIMSTYLE
  5
4
330
0
100
AcDbSymbolTable
 70
1
100
AcDbDimStyleTable
  0
DIMSTYLE
105
2B
330
4
100
AcDbSymbolTableRecord
100
AcDbDimStyleTableRecord
  2
Standard
 70
0
  3

  4

 40
1.0
 41
2.5
 42
0.625
 43
3.75
 44
1.25
 45
0.0
 46
0.0
 47
0.0
 48
0.0
140
2.5
141
2.5
142
0.0
143
0.03937007874
144
1.0
145
0.0
146
1.0
147
0.625
148
0.0
 71
0
 72
0
 73
0
 74
0
 75
0
 76
0
 77
1
 78
8
 79
3
170
0
171
3
172
1
173
0
174
0
175
0
176
0
177
0
178
0
179
2
271
2
272
2
273
2
274
3
275
0
276
0
277
2
278
44
279
0
280
0
281
0
282
0
283
0
284
8
285
0
286
0
288
0
289
3
371
-2
372
-2
  0
ENDTAB
  0
TABLE
  2
BLOCK_RECORD
  5
9
330
0
100
AcDbSymbolTable
 70
2
  0
BLOCK_RECORD
  5
17
330
9
100
AcDbSymbolTableRecord
100
AcDbBlockTableRecord
  2
*Model_Space
340
1A
  0
BLOCK_RECORD
  5
1B
330
9
100
AcDbSymbolTableRecord
100
AcDbBlockTableRecord
  2
*Paper_Space
340
1E
  0
ENDTAB
  0
ENDSEC
  0
SECTION
  2
BLOCKS
  0
BLOCK
  5
18
330
17
100
AcDbEntity
  8
0
100
AcDbBlockBegin
  2
*Model_Space
 70
0
 10
0.0
 20
0.0
 30
0.0
  3
*Model_Space
  1

  0
ENDBLK
  5
19
330
17
100
AcDbEntity
  8
0
100
AcDbBlockEnd
  0
BLOCK
  5
1C
330
1B
100
AcDbEntity
  8
0
100
AcDbBlockBegin
  2
*Paper_Space
 70
0
 10
0.0
 20
0.0
 30
0.0
  3
*Paper_Space
  1

  0
ENDBLK
  5
1D
330
1B
100
AcDbEntity
  8
0
100
AcDbBlockEnd
  0
ENDSEC
  0
SECTION
  2
ENTITIES
  0
LWPOLYLINE
  5
2F
330
17
100
AcDbEntity
  8
ROADS
100
AcDbPolyline
 90
2
 70
0
 10
628299.746227024
 20
4834741.953439762
 10
628263.7502472723
 20
4834856.871177377
  0
LWPOLYLINE
  5
30
330
17
100
AcDbEntity
  8
ROADS
100
AcDbPolyline
 90
2
 70
0
 10
628123.1669711501
 20
4834791.685144965
 10
628117.4791413906
 20
4834810.4626817815
  0
LWPOLYLINE
  5
31
330
17
100
AcDbEntity
  8
ROADS
100
AcDbPolyline
 90
2
 70
0
 10
628165.5615520048
 20
4834827.153393888
 10
628183.4355381851
 20
4834770.1314638555
  0
LWPOLYLINE
  5
32
330
17
100
AcDbEntity
  8
ROADS
100
AcDbPolyline
 90
2
 70
0
 10
628241.9337833087
 20
4834753.912460943
 10
628214.3841254885
 20
4834841.7358530015
  0
LWPOLYLINE
  5
33
330
17
100
AcDbEntity
  8
ROADS
100
AcDbPolyline
 90
2
 70
0
 10
628117.4791413906
 20
4834810.4626817815
 10
628097.0027669283
 20
4834803.457116745
  0
LWPOLYLINE
  5
34
330
17
100
AcDbEntity
  8
ROADS
100
AcDbPolyline
 90
2
 70
0
 10
628165.5615520048
 20
4834827.153393888
 10
628117.4791413906
 20
4834810.4626817815
  0
LWPOLYLINE
  5
35
330
17
100
AcDbEntity
  8
ROADS
100
AcDbPolyline
 90
2
 70
0
 10
628620.5560377528
 20
4834755.88484177
 10
628620.2191545358
 20
4834756.957101016
  0
LWPOLYLINE
  5
36
330
17
100
AcDbEntity
  8
ROADS
100
AcDbPolyline
 90
2
 70
0
 10
628729.3773822293
 20
4834783.3643544335
 10
628727.5063015904
 20
4834789.2635353245
  0
LWPOLYLINE
  5
37
330
17
100
AcDbEntity
  8
ROADS
100
AcDbPolyline
 90
2
 70
0
 10
628607.909674938
 20
4834753.121345326
 10
628601.5314123847
 20
4834750.839874908
  0
LWPOLYLINE
  5
38
330
17
100
AcDbEntity
  8
ROADS
100
AcDbPolyline
 90
2
 70
0
 10
628620.2191545358
 20
4834756.957101016
 10
628607.909674938
 20
4834753.121345326
  0
LWPOLYLINE
  5
39
330
17
100
AcDbEntity
  8
ROADS
100
AcDbPolyline
 90
2
 70
0
 10
628727.5063015904
 20
4834789.2635353245
 10
628620.2191545358
 20
4834756.957101016
  0
LWPOLYLINE
  5
3A
330
17
100
AcDbEntity
  8
ROADS
100
AcDbPolyline
 90
2
 70
0
 10
628607.909674938
 20
4834753.121345326
 10
628578.1260598777
 20
4834849.750362163
  0
LWPOLYLINE
  5
3B
330
17
100
AcDbEntity
  8
ROADS
100
AcDbPolyline
 90
2
 70
0
 10
628833.9575038428
 20
4834820.403801473
 10
628727.5063015904
 20
4834789.2635353245
  0
LWPOLYLINE
  5
3C
330
17
100
AcDbEntity
  8
ROADS
100
AcDbPolyline
 90
2
 70
0
 10
628727.5063015904
 20
4834789.2635353245
 10
628696.9256397324
 20
4834884.342073377
  0
LWPOLYLINE
  5
3D
330
17
100
AcDbEntity
  8
ROADS
100
AcDbPolyline
 90
2
 70
0
 10
628578.1260598777
 20
4834849.750362163
 10
628537.9215152173
 20
4834838.126860692
  0
LWPOLYLINE
  5
3E
330
17
100
AcDbEntity
  8
ROADS
100
AcDbPolyline
 90
2
 70
0
 10
628696.9256397324
 20
4834884.342073377
 10
628578.1260598777
 20
4834849.750362163
  0
LWPOLYLINE
  5
3F
330
17
100
AcDbEntity
  8
ROADS
100
AcDbPolyline
 90
2
 70
0
 10
627994.5414393089
 20
4834858.09413681
 10
627966.9426163672
 20
4834945.49376723
  0
LWPOLYLINE
  5
40
330
17
100
AcDbEntity
  8
ROADS
100
AcDbPolyline
 90
2
 70
0
 10
627918.1576028161
 20
4834929.886916456
 10
627924.559491761
 20
4834908.78518818
  0
LWPOLYLINE
  5
41
330
17
100
AcDbEntity
  8
ROADS
100
AcDbPolyline
 90
2
 70
0
 10
627966.9426163672
 20
4834945.49376723
 10
627918.1576028161
 20
4834929.886916456
  0
LWPOLYLINE
  5
42
330
17
100
AcDbEntity
  8
ROADS
100
AcDbPolyline
 90
3
 70
0
 10
627938.4870799456
 20
4835031.390901954
 10
627891.2994809082
 20
4835016.762978154
 10
627918.1576028161
 20
4834929.886916456
  0
LWPOLYLINE
  5
43
330
17
100
AcDbEntity
  8
ROADS
100
AcDbPolyline
 90
2
 70
0
 10
627847.9567060396
 20
4834980.246185026
 10
627793.0836666812
 20
4835160.6247385405
  0
LWPOLYLINE
  5
44
330
17
100
AcDbEntity
  8
ROADS
100
AcDbPolyline
 90
2
 70
0
 10
627966.9426163672
 20
4834945.49376723
 10
627938.4870799456
 20
4835031.390901954
  0
LWPOLYLINE
  5
45
330
17
100
AcDbEntity
  8
ROADS
100
AcDbPolyline
 90
2
 70
0
 10
627938.4870799456
 20
4835031.390901954
 10
627890.1425108226
 20
4835187.861005832
  0
LWPOLYLINE
  5
46
330
17
100
AcDbEntity
  8
ROADS
100
AcDbPolyline
 90
2
 70
0
 10
627733.0894297296
 20
4835183.107654324
 10
627710.7112701263
 20
4835176.358449406
  0
LWPOLYLINE
  5
47
330
17
100
AcDbEntity
  8
ROADS
100
AcDbPolyline
 90
2
 70
0
 10
627733.0894297296
 20
4835183.107654324
 10
627722.861516882
 20
4835216.202864472
  0
LWPOLYLINE
  5
48
330
17
100
AcDbEntity
  8
ROADS
100
AcDbPolyline
 90
2
 70
0
 10
628409.0516527347
 20
4834732.51124928
 10
628361.2315783354
 20
4834885.944149293
  0
LWPOLYLINE
  5
49
330
17
100
AcDbEntity
  8
ROADS
100
AcDbPolyline
 90
2
 70
0
 10
628566.5973011694
 20
4834744.685336187
 10
628537.9215152173
 20
4834838.126860692
  0
LWPOLYLINE
  5
4A
330
17
100
AcDbEntity
  8
ROADS
100
AcDbPolyline
 90
2
 70
0
 10
628356.2264616324
 20
4834734.902107002
 10
628313.0255505652
 20
4834871.885856593
  0
LWPOLYLINE
  5
4B
330
17
100
AcDbEntity
  8
ROADS
100
AcDbPolyline
 90
2
 70
0
 10
628464.477835035
 20
4834732.920684244
 10
628411.4898953594
 20
4834901.266626135
  0
LWPOLYLINE
  5
4C
330
17
100
AcDbEntity
  8
ROADS
100
AcDbPolyline
 90
2
 70
0
 10
628516.0736256929
 20
4834736.79018387
 10
628460.4781104173
 20
4834916.70115623
  0
LWPOLYLINE
  5
4D
330
17
100
AcDbEntity
  8
ROADS
100
AcDbPolyline
 90
2
 70
0
 10
628313.0255505652
 20
4834871.885856593
 10
628263.7502472723
 20
4834856.871177377
  0
LWPOLYLINE
  5
4E
330
17
100
AcDbEntity
  8
ROADS
100
AcDbPolyline
 90
2
 70
0
 10
628361.2315783354
 20
4834885.944149293
 10
628313.0255505652
 20
4834871.885856593
  0
LWPOLYLINE
  5
4F
330
17
100
AcDbEntity
  8
ROADS
100
AcDbPolyline
 90
2
 70
0
 10
628537.9215152173
 20
4834838.126860692
 10
628509.5789643164
 20
4834929.943582589
  0
LWPOLYLINE
  5
50
330
17
100
AcDbEntity
  8
ROADS
100
AcDbPolyline
 90
2
 70
0
 10
628313.0255505652
 20
4834871.885856593
 10
628297.6870582826
 20
4834920.706778144
  0
LWPOLYLINE
  5
51
330
17
100
AcDbEntity
  8
ROADS
100
AcDbPolyline
 90
2
 70
0
 10
628460.4781104173
 20
4834916.70115623
 10
628411.4898953594
 20
4834901.266626135
  0
LWPOLYLINE
  5
52
330
17
100
AcDbEntity
  8
ROADS
100
AcDbPolyline
 90
2
 70
0
 10
628833.9575038428
 20
4834820.403801473
 10
628804.152967425
 20
4834916.196444082
  0
LWPOLYLINE
  5
53
330
17
100
AcDbEntity
  8
ROADS
100
AcDbPolyline
 90
2
 70
0
 10
628578.1260598777
 20
4834849.750362163
 10
628564.5942296362
 20
4834897.87693502
  0
LWPOLYLINE
  5
54
330
17
100
AcDbEntity
  8
ROADS
100
AcDbPolyline
 90
2
 70
0
 10
628755.2754531715
 20
4834901.439945261
 10
628696.9256397324
 20
4834884.342073377
  0
LWPOLYLINE
  5
55
330
17
100
AcDbEntity
  8
ROADS
100
AcDbPolyline
 90
2
 70
0
 10
628804.152967425
 20
4834916.196444082
 10
628755.2754531715
 20
4834901.439945261
  0
LWPOLYLINE
  5
56
330
17
100
AcDbEntity
  8
ROADS
100
AcDbPolyline
 90
2
 70
0
 10
628838.6774948
 20
4834926.363193335
 10
628804.152967425
 20
4834916.196444082
  0
LWPOLYLINE
  5
57
330
17
100
AcDbEntity
  8
ROADS
100
AcDbPolyline
 90
2
 70
0
 10
628696.9256397324
 20
4834884.342073377
 10
628653.3104133911
 20
4835024.986994469
  0
LWPOLYLINE
  5
58
330
17
100
AcDbEntity
  8
ROADS
100
AcDbPolyline
 90
2
 70
0
 10
628755.2754531715
 20
4834901.439945261
 10
628711.43010085
 20
4835042.532758653
  0
LWPOLYLINE
  5
59
330
17
100
AcDbEntity
  8
ROADS
100
AcDbPolyline
 90
2
 70
0
 10
628804.152967425
 20
4834916.196444082
 10
628760.2078174396
 20
4835055.783372097
  0
LWPOLYLINE
  5
5A
330
17
100
AcDbEntity
  8
ROADS
100
AcDbPolyline
 90
2
 70
0
 10
628599.4824524359
 20
4835009.961981802
 10
628547.0998176878
 20
4834994.482070133
  0
LWPOLYLINE
  5
5B
330
17
100
AcDbEntity
  8
ROADS
100
AcDbPolyline
 90
2
 70
0
 10
628653.3104133911
 20
4835024.986994469
 10
628599.4824524359
 20
4835009.961981802
  0
LWPOLYLINE
  5
5C
330
17
100
AcDbEntity
  8
ROADS
100
AcDbPolyline
 90
2
 70
0
 10
628214.3841254885
 20
4834841.7358530015
 10
628165.5615520048
 20
4834827.153393888
  0
LWPOLYLINE
  5
5D
330
17
100
AcDbEntity
  8
ROADS
100
AcDbPolyline
 90
2
 70
0
 10
628117.4791413906
 20
4834810.4626817815
 10
628101.4799956351
 20
4834861.365269851
  0
LWPOLYLINE
  5
5E
330
17
100
AcDbEntity
  8
ROADS
100
AcDbPolyline
 90
2
 70
0
 10
628101.4799956351
 20
4834861.365269851
 10
628027.6873466405
 20
4834839.013690951
  0
LWPOLYLINE
  5
5F
330
17
100
AcDbEntity
  8
ROADS
100
AcDbPolyline
 90
2
 70
0
 10
628263.7502472723
 20
4834856.871177377
 10
628214.3841254885
 20
4834841.7358530015
  0
LWPOLYLINE
  5
60
330
17
100
AcDbEntity
  8
ROADS
100
AcDbPolyline
 90
2
 70
0
 10
628214.3841254885
 20
4834841.7358530015
 10
628198.8393000616
 20
4834891.460090326
  0
LWPOLYLINE
  5
61
330
17
100
AcDbEntity
  8
ROADS
100
AcDbPolyline
 90
2
 70
0
 10
628198.8393000616
 20
4834891.460090326
 10
628101.4799956351
 20
4834861.365269851
  0
LWPOLYLINE
  5
62
330
17
100
AcDbEntity
  8
ROADS
100
AcDbPolyline
 90
2
 70
0
 10
628101.4799956351
 20
4834861.365269851
 10
628085.0368348556
 20
4834912.460339503
  0
LWPOLYLINE
  5
63
330
17
100
AcDbEntity
  8
ROADS
100
AcDbPolyline
 90
2
 70
0
 10
628297.6870582826
 20
4834920.706778144
 10
628198.8393000616
 20
4834891.460090326
  0
LWPOLYLINE
  5
64
330
17
100
AcDbEntity
  8
ROADS
100
AcDbPolyline
 90
2
 70
0
 10
628297.6870582826
 20
4834920.706778144
 10
628267.8576192568
 20
4835009.856376236
  0
LWPOLYLINE
  5
65
330
17
100
AcDbEntity
  8
ROADS
100
AcDbPolyline
 90
5
 70
0
 10
628085.0368348556
 20
4834912.460339503
 10
628036.1003873025
 20
4834901.108024909
 10
628012.2131601814
 20
4834970.463695838
 10
627948.2478300906
 20
4835174.053490377
 10
627997.6295298021
 20
4835188.573094539
  0
LWPOLYLINE
  5
66
330
17
100
AcDbEntity
  8
ROADS
100
AcDbPolyline
 90
2
 70
0
 10
628361.2315783354
 20
4834885.944149293
 10
628345.6122915554
 20
4834935.195029638
  0
LWPOLYLINE
  5
67
330
17
100
AcDbEntity
  8
ROADS
100
AcDbPolyline
 90
2
 70
0
 10
628509.5789643164
 20
4834929.943582589
 10
628460.4781104173
 20
4834916.70115623
  0
LWPOLYLINE
  5
68
330
17
100
AcDbEntity
  8
ROADS
100
AcDbPolyline
 90
2
 70
0
 10
628411.4898953594
 20
4834901.266626135
 10
628396.1553143676
 20
4834950.202639035
  0
LWPOLYLINE
  5
69
330
17
100
AcDbEntity
  8
ROADS
100
AcDbPolyline
 90
2
 70
0
 10
628345.6122915554
 20
4834935.195029638
 10
628297.6870582826
 20
4834920.706778144
  0
LWPOLYLINE
  5
6A
330
17
100
AcDbEntity
  8
ROADS
100
AcDbPolyline
 90
2
 70
0
 10
628396.1553143676
 20
4834950.202639035
 10
628345.6122915554
 20
4834935.195029638
  0
LWPOLYLINE
  5
6B
330
17
100
AcDbEntity
  8
ROADS
100
AcDbPolyline
 90
2
 70
0
 10
628509.5789643164
 20
4834929.943582589
 10
628494.3280067305
 20
4834979.3981543025
  0
LWPOLYLINE
  5
6C
330
17
100
AcDbEntity
  8
ROADS
100
AcDbPolyline
 90
2
 70
0
 10
628494.3280067305
 20
4834979.3981543025
 10
628396.1553143676
 20
4834950.202639035
  0
LWPOLYLINE
  5
6D
330
17
100
AcDbEntity
  8
ROADS
100
AcDbPolyline
 90
2
 70
0
 10
628547.0998176878
 20
4834994.482070133
 10
628494.3280067305
 20
4834979.3981543025
  0
LWPOLYLINE
  5
6E
330
17
100
AcDbEntity
  8
ROADS
100
AcDbPolyline
 90
2
 70
0
 10
628494.3280067305
 20
4834979.3981543025
 10
628434.5267936336
 20
4835166.340423851
  0
LWPOLYLINE
  5
6F
330
17
100
AcDbEntity
  8
ROADS
100
AcDbPolyline
 90
2
 70
0
 10
628547.0998176878
 20
4834994.482070133
 10
628488.0445260947
 20
4835182.204901945
  0
LWPOLYLINE
  5
70
330
17
100
AcDbEntity
  8
ROADS
100
AcDbPolyline
 90
2
 70
0
 10
628085.0368348556
 20
4834912.460339503
 10
627997.6295298021
 20
4835188.573094539
  0
LWPOLYLINE
  5
71
330
17
100
AcDbEntity
  8
ROADS
100
AcDbPolyline
 90
4
 70
0
 10
628085.0368348556
 20
4834912.460339503
 10
628134.2930139566
 20
4834923.552420015
 10
628046.0114143615
 20
4835205.070756565
 10
627997.6295298021
 20
4835188.573094539
  0
LWPOLYLINE
  5
72
330
17
100
AcDbEntity
  8
ROADS
100
AcDbPolyline
 90
2
 70
0
 10
628198.8393000616
 20
4834891.460090326
 10
628083.2985208867
 20
4835260.516375262
  0
LWPOLYLINE
  5
73
330
17
100
AcDbEntity
  8
ROADS
100
AcDbPolyline
 90
2
 70
0
 10
628267.8576192568
 20
4835009.856376236
 10
628180.6414087592
 20
4835289.663952292
  0
LWPOLYLINE
  5
74
330
17
100
AcDbEntity
  8
ROADS
100
AcDbPolyline
 90
3
 70
0
 10
628267.8576192568
 20
4835009.856376236
 10
628317.9592270066
 20
4835025.493055433
 10
628230.7030205198
 20
4835305.049930267
  0
LWPOLYLINE
  5
75
330
17
100
AcDbEntity
  8
ROADS
100
AcDbPolyline
 90
2
 70
0
 10
628133.7615153033
 20
4835275.74359029
 10
628197.5329760812
 20
4835071.985185631
  0
LWPOLYLINE
  5
76
330
17
100
AcDbEntity
  8
ROADS
100
AcDbPolyline
 90
2
 70
0
 10
628032.8620570361
 20
4835246.200702974
 10
627984.9802694304
 20
4835230.474125449
  0
LWPOLYLINE
  5
77
330
17
100
AcDbEntity
  8
ROADS
100
AcDbPolyline
 90
2
 70
0
 10
628083.2985208867
 20
4835260.516375262
 10
628032.8620570361
 20
4835246.200702974
  0
LWPOLYLINE
  5
78
330
17
100
AcDbEntity
  8
ROADS
100
AcDbPolyline
 90
2
 70
0
 10
628133.7615153033
 20
4835275.74359029
 10
628083.2985208867
 20
4835260.516375262
  0
LWPOLYLINE
  5
79
330
17
100
AcDbEntity
  8
ROADS
100
AcDbPolyline
 90
2
 70
0
 10
628180.6414087592
 20
4835289.663952292
 10
628133.7615153033
 20
4835275.74359029
  0
LWPOLYLINE
  5
7A
330
17
100
AcDbEntity
  8
ROADS
100
AcDbPolyline
 90
2
 70
0
 10
628396.1553143676
 20
4834950.202639035
 10
628279.9992814922
 20
4835320.038051283
  0
LWPOLYLINE
  5
7B
330
17
100
AcDbEntity
  8
ROADS
100
AcDbPolyline
 90
2
 70
0
 10
628488.0445260947
 20
4835182.204901945
 10
628434.5267936336
 20
4835166.340423851
  0
LWPOLYLINE
  5
7C
330
17
100
AcDbEntity
  8
ROADS
100
AcDbPolyline
 90
2
 70
0
 10
628540.6068345191
 20
4835197.09404949
 10
628488.0445260947
 20
4835182.204901945
  0
LWPOLYLINE
  5
7D
330
17
100
AcDbEntity
  8
ROADS
100
AcDbPolyline
 90
2
 70
0
 10
628328.9132172205
 20
4835334.711244565
 10
628384.8208633681
 20
4835148.177705763
  0
LWPOLYLINE
  5
7E
330
17
100
AcDbEntity
  8
ROADS
100
AcDbPolyline
 90
2
 70
0
 10
628434.5267936336
 20
4835166.340423851
 10
628377.634183609
 20
4835348.773913678
  0
LWPOLYLINE
  5
7F
330
17
100
AcDbEntity
  8
ROADS
100
AcDbPolyline
 90
2
 70
0
 10
628488.0445260947
 20
4835182.204901945
 10
628431.2184818167
 20
4835363.942576152
  0
LWPOLYLINE
  5
80
330
17
100
AcDbEntity
  8
ROADS
100
AcDbPolyline
 90
2
 70
0
 10
628540.6068345191
 20
4835197.09404949
 10
628484.6123902171
 20
4835379.353817506
  0
LWPOLYLINE
  5
81
330
17
100
AcDbEntity
  8
ROADS
100
AcDbPolyline
 90
2
 70
0
 10
628328.9132172205
 20
4835334.711244565
 10
628279.9992814922
 20
4835320.038051283
  0
LWPOLYLINE
  5
82
330
17
100
AcDbEntity
  8
ROADS
100
AcDbPolyline
 90
2
 70
0
 10
628377.634183609
 20
4835348.773913678
 10
628328.9132172205
 20
4835334.711244565
  0
LWPOLYLINE
  5
83
330
17
100
AcDbEntity
  8
ROADS
100
AcDbPolyline
 90
2
 70
0
 10
628431.2184818167
 20
4835363.942576152
 10
628377.634183609
 20
4835348.773913678
  0
LWPOLYLINE
  5
84
330
17
100
AcDbEntity
  8
ROADS
100
AcDbPolyline
 90
2
 70
0
 10
628690.6699470787
 20
4835036.601093657
 10
628653.3104133911
 20
4835024.986994469
  0
LWPOLYLINE
  5
85
330
17
100
AcDbEntity
  8
ROADS
100
AcDbPolyline
 90
2
 70
0
 10
628599.4824524359
 20
4835009.961981802
 10
628581.5026825856
 20
4835059.72725628
  0
LWPOLYLINE
  5
86
330
17
100
AcDbEntity
  8
ROADS
100
AcDbPolyline
 90
2
 70
0
 10
628711.43010085
 20
4835042.532758653
 10
628690.6699470787
 20
4835036.601093657
  0
LWPOLYLINE
  5
87
330
17
100
AcDbEntity
  8
ROADS
100
AcDbPolyline
 90
2
 70
0
 10
628760.2078174396
 20
4835055.783372097
 10
628711.43010085
 20
4835042.532758653
  0
LWPOLYLINE
  5
88
330
17
100
AcDbEntity
  8
ROADS
100
AcDbPolyline
 90
2
 70
0
 10
628792.121532645
 20
4835064.933872192
 10
628760.2078174396
 20
4835055.783372097
  0
LWPOLYLINE
  5
89
330
17
100
AcDbEntity
  8
ROADS
100
AcDbPolyline
 90
2
 70
0
 10
628792.121532645
 20
4835064.933872192
 10
628760.4892692458
 20
4835154.118002945
  0
LWPOLYLINE
  5
8A
330
17
100
AcDbEntity
  8
ROADS
100
AcDbPolyline
 90
2
 70
0
 10
628581.5026825856
 20
4835059.72725628
 10
628540.6068345191
 20
4835197.09404949
  0
LWPOLYLINE
  5
8B
330
17
100
AcDbEntity
  8
ROADS
100
AcDbPolyline
 90
3
 70
0
 10
628856.1323101383
 20
4835123.26836698
 10
628819.4351135751
 20
4835112.079753955
 10
628801.4835706707
 20
4835167.694956235
  0
LWPOLYLINE
  5
8C
330
17
100
AcDbEntity
  8
ROADS
100
AcDbPolyline
 90
2
 70
0
 10
628801.4835706707
 20
4835167.694956235
 10
628760.4892692458
 20
4835154.118002945
  0
LWPOLYLINE
  5
8D
330
17
100
AcDbEntity
  8
ROADS
100
AcDbPolyline
 90
2
 70
0
 10
628690.6699470787
 20
4835036.601093657
 10
628589.0301253381
 20
4835378.587382776
  0
LWPOLYLINE
  5
8E
330
17
100
AcDbEntity
  8
ROADS
100
AcDbPolyline
 90
2
 70
0
 10
628760.4892692458
 20
4835154.118002945
 10
628723.8386925412
 20
4835272.397333615
  0
LWPOLYLINE
  5
8F
330
17
100
AcDbEntity
  8
ROADS
100
AcDbPolyline
 90
3
 70
0
 10
628581.5026825856
 20
4835059.72725628
 10
628625.888446332
 20
4835072.847467118
 10
628527.0649199365
 20
4835391.870079221
  0
LWPOLYLINE
  5
90
330
17
100
AcDbEntity
  8
ROADS
100
AcDbPolyline
 90
2
 70
0
 10
628801.4835706707
 20
4835167.694956235
 10
628763.1888794345
 20
4835284.480479515
  0
LWPOLYLINE
  5
91
330
17
100
AcDbEntity
  8
ROADS
100
AcDbPolyline
 90
2
 70
0
 10
628723.8386925412
 20
4835272.397333615
 10
628763.1888794345
 20
4835284.480479515
  0
LWPOLYLINE
  5
92
330
17
100
AcDbEntity
  8
ROADS
100
AcDbPolyline
 90
2
 70
0
 10
628810.925914321
 20
4835273.037670427
 10
628796.7911643354
 20
4835317.392110121
  0
LWPOLYLINE
  5
93
330
17
100
AcDbEntity
  8
ROADS
100
AcDbPolyline
 90
2
 70
0
 10
628763.1888794345
 20
4835284.480479515
 10
628746.1363456597
 20
4835339.543878764
  0
LWPOLYLINE
  5
94
330
17
100
AcDbEntity
  8
ROADS
100
AcDbPolyline
 90
2
 70
0
 10
628723.8386925412
 20
4835272.397333615
 10
628690.8552249387
 20
4835388.026755707
  0
LWPOLYLINE
  5
95
330
17
100
AcDbEntity
  8
ROADS
100
AcDbPolyline
 90
2
 70
0
 10
628633.7137365205
 20
4835423.579129755
 10
628682.771180907
 20
4835265.083462362
  0
LWPOLYLINE
  5
96
330
17
100
AcDbEntity
  8
ROADS
100
AcDbPolyline
 90
2
 70
0
 10
628796.7911643354
 20
4835317.392110121
 10
628770.3928627282
 20
4835400.232414601
  0
LWPOLYLINE
  5
97
330
17
100
AcDbEntity
  8
ROADS
100
AcDbPolyline
 90
4
 70
0
 10
628796.7911643354
 20
4835317.392110121
 10
628833.9780663624
 20
4835329.262143045
 10
628818.9103300037
 20
4835378.867067826
 10
628833.6615175304
 20
4835420.841535531
  0
LWPOLYLINE
  5
98
330
17
100
AcDbEntity
  8
ROADS
100
AcDbPolyline
 90
2
 70
0
 10
628230.7030205198
 20
4835305.049930267
 10
628180.6414087592
 20
4835289.663952292
  0
LWPOLYLINE
  5
99
330
17
100
AcDbEntity
  8
ROADS
100
AcDbPolyline
 90
2
 70
0
 10
628279.9992814922
 20
4835320.038051283
 10
628230.7030205198
 20
4835305.049930267
  0
LWPOLYLINE
  5
9A
330
17
100
AcDbEntity
  8
ROADS
100
AcDbPolyline
 90
2
 70
0
 10
628032.8620570361
 20
4835246.200702974
 10
627973.6217944839
 20
4835432.9777995255
  0
LWPOLYLINE
  5
9B
330
17
100
AcDbEntity
  8
ROADS
100
AcDbPolyline
 90
2
 70
0
 10
628083.2985208867
 20
4835260.516375262
 10
628023.9372791399
 20
4835449.116427911
  0
LWPOLYLINE
  5
9C
330
17
100
AcDbEntity
  8
ROADS
100
AcDbPolyline
 90
2
 70
0
 10
628133.7615153033
 20
4835275.74359029
 10
628074.5185289495
 20
4835463.941780737
  0
LWPOLYLINE
  5
9D
330
17
100
AcDbEntity
  8
ROADS
100
AcDbPolyline
 90
2
 70
0
 10
628230.7030205198
 20
4835305.049930267
 10
628183.0064964935
 20
4835455.3704502
  0
LWPOLYLINE
  5
9E
330
17
100
AcDbEntity
  8
ROADS
100
AcDbPolyline
 90
2
 70
0
 10
628180.6414087592
 20
4835289.663952292
 10
628121.898604576
 20
4835478.157228116
  0
LWPOLYLINE
  5
9F
330
17
100
AcDbEntity
  8
ROADS
100
AcDbPolyline
 90
2
 70
0
 10
628279.9992814922
 20
4835320.038051283
 10
628220.5457368623
 20
4835508.595533552
  0
LWPOLYLINE
  5
A0
330
17
100
AcDbEntity
  8
ROADS
100
AcDbPolyline
 90
2
 70
0
 10
628023.9372791399
 20
4835449.116427911
 10
627973.6217944839
 20
4835432.9777995255
  0
LWPOLYLINE
  5
A1
330
17
100
AcDbEntity
  8
ROADS
100
AcDbPolyline
 90
2
 70
0
 10
628183.0064964935
 20
4835455.3704502
 10
628170.8112617437
 20
4835450.969702182
  0
LWPOLYLINE
  5
A2
330
17
100
AcDbEntity
  8
ROADS
100
AcDbPolyline
 90
2
 70
0
 10
628589.0301253381
 20
4835378.587382776
 10
628547.9344140916
 20
4835397.837742538
  0
LWPOLYLINE
  5
A3
330
17
100
AcDbEntity
  8
ROADS
100
AcDbPolyline
 90
2
 70
0
 10
628589.0301253381
 20
4835378.587382776
 10
628580.2026109295
 20
4835407.735727378
  0
LWPOLYLINE
  5
A4
330
17
100
AcDbEntity
  8
ROADS
100
AcDbPolyline
 90
2
 70
0
 10
628580.2026109295
 20
4835407.735727378
 10
628547.9344140916
 20
4835397.837742538
  0
LWPOLYLINE
  5
A5
330
17
100
AcDbEntity
  8
ROADS
100
AcDbPolyline
 90
2
 70
0
 10
628770.3928627282
 20
4835400.232414601
 10
628833.6615175304
 20
4835420.841535531
  0
LWPOLYLINE
  5
A6
330
17
100
AcDbEntity
  8
ROADS
100
AcDbPolyline
 90
2
 70
0
 10
628690.8552249387
 20
4835388.026755707
 10
628673.4582046126
 20
4835435.315395091
  0
LWPOLYLINE
  5
A7
330
17
100
AcDbEntity
  8
ROADS
100
AcDbPolyline
 90
2
 70
0
 10
628633.7137365205
 20
4835423.579129755
 10
628580.2026109295
 20
4835407.735727378
  0
LWPOLYLINE
  5
A8
330
17
100
AcDbEntity
  8
ROADS
100
AcDbPolyline
 90
2
 70
0
 10
628770.3928627282
 20
4835400.232414601
 10
628755.4262962361
 20
4835452.704346649
  0
LWPOLYLINE
  5
A9
330
17
100
AcDbEntity
  8
ROADS
100
AcDbPolyline
 90
2
 70
0
 10
628580.2026109295
 20
4835407.735727378
 10
628567.6940205595
 20
4835446.914686879
  0
LWPOLYLINE
  5
AA
330
17
100
AcDbEntity
  8
ROADS
100
AcDbPolyline
 90
2
 70
0
 10
628673.4582046126
 20
4835435.315395091
 10
628633.7137365205
 20
4835423.579129755
  0
LWPOLYLINE
  5
AB
330
17
100
AcDbEntity
  8
ROADS
100
AcDbPolyline
 90
2
 70
0
 10
628833.6615175304
 20
4835420.841535531
 10
628816.4486817642
 20
4835472.987847288
  0
LWPOLYLINE
  5
AC
330
17
100
AcDbEntity
  8
ROADS
100
AcDbPolyline
 90
2
 70
0
 10
627841.9748139681
 20
4835173.512362546
 10
627793.0836666812
 20
4835160.6247385405
  0
LWPOLYLINE
  5
AD
330
17
100
AcDbEntity
  8
ROADS
100
AcDbPolyline
 90
2
 70
0
 10
627793.0836666812
 20
4835160.6247385405
 10
627781.9552616837
 20
4835197.892942596
  0
LWPOLYLINE
  5
AE
330
17
100
AcDbEntity
  8
ROADS
100
AcDbPolyline
 90
2
 70
0
 10
627890.1425108226
 20
4835187.861005832
 10
627841.9748139681
 20
4835173.512362546
  0
LWPOLYLINE
  5
AF
330
17
100
AcDbEntity
  8
ROADS
100
AcDbPolyline
 90
2
 70
0
 10
627781.9552616837
 20
4835197.892942596
 10
627733.0894297296
 20
4835183.107654324
  0
LWPOLYLINE
  5
B0
330
17
100
AcDbEntity
  8
ROADS
100
AcDbPolyline
 90
2
 70
0
 10
627890.1425108226
 20
4835187.861005832
 10
627886.0085039122
 20
4835201.621155226
  0
LWPOLYLINE
  5
B1
330
17
100
AcDbEntity
  8
ROADS
100
AcDbPolyline
 90
2
 70
0
 10
627935.7665905528
 20
4835216.2860742
 10
627886.0085039122
 20
4835201.621155226
  0
LWPOLYLINE
  5
B2
330
17
100
AcDbEntity
  8
ROADS
100
AcDbPolyline
 90
2
 70
0
 10
627997.6295298021
 20
4835188.573094539
 10
627984.9802694304
 20
4835230.474125449
  0
LWPOLYLINE
  5
B3
330
17
100
AcDbEntity
  8
ROADS
100
AcDbPolyline
 90
2
 70
0
 10
627947.6255729999
 20
4835219.814176284
 10
627935.7665905528
 20
4835216.2860742
  0
LWPOLYLINE
  5
B4
330
17
100
AcDbEntity
  8
ROADS
100
AcDbPolyline
 90
2
 70
0
 10
627984.9802694304
 20
4835230.474125449
 10
627947.6255729999
 20
4835219.814176284
  0
LWPOLYLINE
  5
B5
330
17
100
AcDbEntity
  8
ROADS
100
AcDbPolyline
 90
3
 70
0
 10
627947.6255729999
 20
4835219.814176284
 10
627945.6815592248
 20
4835244.922644154
 10
627969.2746315257
 20
4835280.295410824
  0
LWPOLYLINE
  5
B6
330
17
100
AcDbEntity
  8
ROADS
100
AcDbPolyline
 90
2
 70
0
 10
627984.9802694304
 20
4835230.474125449
 10
627969.2746315257
 20
4835280.295410824
  0
LWPOLYLINE
  5
B7
330
17
100
AcDbEntity
  8
ROADS
100
AcDbPolyline
 90
2
 70
0
 10
627781.9552616837
 20
4835197.892942596
 10
627739.5730784215
 20
4835331.845305438
  0
LWPOLYLINE
  5
B8
330
17
100
AcDbEntity
  8
ROADS
100
AcDbPolyline
 90
2
 70
0
 10
627841.9748139681
 20
4835173.512362546
 10
627779.1230333537
 20
4835376.296095812
  0
LWPOLYLINE
  5
B9
330
17
100
AcDbEntity
  8
ROADS
100
AcDbPolyline
 90
2
 70
0
 10
627886.0085039122
 20
4835201.621155226
 10
627825.9098394918
 20
4835390.356284168
  0
LWPOLYLINE
  5
BA
330
17
100
AcDbEntity
  8
ROADS
100
AcDbPolyline
 90
2
 70
0
 10
627935.7665905528
 20
4835216.2860742
 10
627876.6865224615
 20
4835404.76962651
  0
LWPOLYLINE
  5
BB
330
17
100
AcDbEntity
  8
ROADS
100
AcDbPolyline
 90
2
 70
0
 10
627969.2746315257
 20
4835280.295410824
 10
627925.9514128957
 20
4835418.3920926945
  0
LWPOLYLINE
  5
BC
330
17
100
AcDbEntity
  8
ROADS
100
AcDbPolyline
 90
2
 70
0
 10
627779.1230333537
 20
4835376.296095812
 10
627730.5179411023
 20
4835361.692506642
  0
LWPOLYLINE
  5
BD
330
17
100
AcDbEntity
  8
ROADS
100
AcDbPolyline
 90
2
 70
0
 10
627825.9098394918
 20
4835390.356284168
 10
627779.1230333537
 20
4835376.296095812
  0
LWPOLYLINE
  5
BE
330
17
100
AcDbEntity
  8
ROADS
100
AcDbPolyline
 90
2
 70
0
 10
627876.6865224615
 20
4835404.76962651
 10
627825.9098394918
 20
4835390.356284168
  0
LWPOLYLINE
  5
BF
330
17
100
AcDbEntity
  8
ROADS
100
AcDbPolyline
 90
2
 70
0
 10
627925.9514128957
 20
4835418.3920926945
 10
627876.6865224615
 20
4835404.76962651
  0
LWPOLYLINE
  5
C0
330
17
100
AcDbEntity
  8
ROADS
100
AcDbPolyline
 90
3
 70
0
 10
627739.5730784215
 20
4835331.845305438
 10
627693.5151814902
 20
4835318.069823504
 10
627684.4239518993
 20
4835347.258326764
  0
LWPOLYLINE
  5
C1
330
17
100
AcDbEntity
  8
ROADS
100
AcDbPolyline
 90
2
 70
0
 10
627684.4239518993
 20
4835347.258326764
 10
627649.5182477193
 20
4835335.9924379
  0
LWPOLYLINE
  5
C2
330
17
100
AcDbEntity
  8
ROADS
100
AcDbPolyline
 90
2
 70
0
 10
627739.5730784215
 20
4835331.845305438
 10
627730.5179411023
 20
4835361.692506642
  0
LWPOLYLINE
  5
C3
330
17
100
AcDbEntity
  8
ROADS
100
AcDbPolyline
 90
2
 70
0
 10
627730.5179411023
 20
4835361.692506642
 10
627684.4239518993
 20
4835347.258326764
  0
LWPOLYLINE
  5
C4
330
17
100
AcDbEntity
  8
ROADS
100
AcDbPolyline
 90
2
 70
0
 10
627684.4239518993
 20
4835347.258326764
 10
627631.1133663438
 20
4835521.904642042
  0
LWPOLYLINE
  5
C5
330
17
100
AcDbEntity
  8
ROADS
100
AcDbPolyline
 90
2
 70
0
 10
627730.5179411023
 20
4835361.692506642
 10
627670.2014503395
 20
4835565.902062608
  0
LWPOLYLINE
  5
C6
330
17
100
AcDbEntity
  8
ROADS
100
AcDbPolyline
 90
3
 70
0
 10
627779.1230333537
 20
4835376.296095812
 10
627670.0094854194
 20
4835723.048543025
 10
627627.0415687683
 20
4835709.562890622
  0
LWPOLYLINE
  5
C7
330
17
100
AcDbEntity
  8
ROADS
100
AcDbPolyline
 90
2
 70
0
 10
627670.2014503395
 20
4835565.902062608
 10
627608.4721932049
 20
4835547.195791391
  0
LWPOLYLINE
  5
C8
330
17
100
AcDbEntity
  8
ROADS
100
AcDbPolyline
 90
2
 70
0
 10
627670.2014503395
 20
4835565.902062608
 10
627652.2050442508
 20
4835619.8491340745
  0
LWPOLYLINE
  5
C9
330
17
100
AcDbEntity
  8
ROADS
100
AcDbPolyline
 90
2
 70
0
 10
627973.6217944839
 20
4835432.9777995255
 10
627925.9514128957
 20
4835418.3920926945
  0
LWPOLYLINE
  5
CA
330
17
100
AcDbEntity
  8
ROADS
100
AcDbPolyline
 90
2
 70
0
 10
627925.9514128957
 20
4835418.3920926945
 10
627885.1709166915
 20
4835547.549135675
  0
LWPOLYLINE
  5
CB
330
17
100
AcDbEntity
  8
ROADS
100
AcDbPolyline
 90
2
 70
0
 10
627973.6217944839
 20
4835432.9777995255
 10
627931.2847107593
 20
4835560.833635676
  0
LWPOLYLINE
  5
CC
330
17
100
AcDbEntity
  8
ROADS
100
AcDbPolyline
 90
2
 70
0
 10
627825.9098394918
 20
4835390.356284168
 10
627747.2104862974
 20
4835644.994268838
  0
LWPOLYLINE
  5
CD
330
17
100
AcDbEntity
  8
ROADS
100
AcDbPolyline
 90
2
 70
0
 10
627931.2847107593
 20
4835560.833635676
 10
627885.1709166915
 20
4835547.549135675
  0
LWPOLYLINE
  5
CE
330
17
100
AcDbEntity
  8
ROADS
100
AcDbPolyline
 90
2
 70
0
 10
627984.1079923132
 20
4835576.438583441
 10
627931.2847107593
 20
4835560.833635676
  0
LWPOLYLINE
  5
CF
330
17
100
AcDbEntity
  8
ROADS
100
AcDbPolyline
 90
2
 70
0
 10
627885.1709166915
 20
4835547.549135675
 10
627866.7076657396
 20
4835604.1959755765
  0
LWPOLYLINE
  5
D0
330
17
100
AcDbEntity
  8
ROADS
100
AcDbPolyline
 90
2
 70
0
 10
627891.3695087864
 20
4835688.536214511
 10
627931.2847107593
 20
4835560.833635676
  0
LWPOLYLINE
  5
D1
330
17
100
AcDbEntity
  8
ROADS
100
AcDbPolyline
 90
3
 70
0
 10
627866.7076657396
 20
4835604.1959755765
 10
627817.6208170266
 20
4835590.572702906
 10
627796.3972279086
 20
4835659.729423545
  0
LWPOLYLINE
  5
D2
330
17
100
AcDbEntity
  8
ROADS
100
AcDbPolyline
 90
2
 70
0
 10
627866.7076657396
 20
4835604.1959755765
 10
627845.5114222219
 20
4835674.55027639
  0
LWPOLYLINE
  5
D3
330
17
100
AcDbEntity
  8
ROADS
100
AcDbPolyline
 90
2
 70
0
 10
627652.2050442508
 20
4835619.8491340745
 10
627606.5184875367
 20
4835606.641799746
  0
LWPOLYLINE
  5
D4
330
17
100
AcDbEntity
  8
ROADS
100
AcDbPolyline
 90
2
 70
0
 10
627652.2050442508
 20
4835619.8491340745
 10
627633.8275181954
 20
4835687.187156356
  0
LWPOLYLINE
  5
D5
330
17
100
AcDbEntity
  8
ROADS
100
AcDbPolyline
 90
2
 70
0
 10
627633.8275181954
 20
4835687.187156356
 10
627610.5135144017
 20
4835680.039185087
  0
LWPOLYLINE
  5
D6
330
17
100
AcDbEntity
  8
ROADS
100
AcDbPolyline
 90
2
 70
0
 10
628838.5412865093
 20
4834805.82770413
 10
628833.9575038428
 20
4834820.403801473
  0
LWPOLYLINE
  5
D7
330
17
100
AcDbEntity
  8
ROADS
100
AcDbPolyline
 90
2
 70
0
 10
629032.1646559337
 20
4834880.048581994
 10
628833.9575038428
 20
4834820.403801473
  0
LWPOLYLINE
  5
D8
330
17
100
AcDbEntity
  8
ROADS
100
AcDbPolyline
 90
2
 70
0
 10
629082.9038905615
 20
4834894.9957546415
 10
629032.1646559337
 20
4834880.048581994
  0
LWPOLYLINE
  5
D9
330
17
100
AcDbEntity
  8
ROADS
100
AcDbPolyline
 90
2
 70
0
 10
629016.6071239999
 20
4834928.094596687
 10
628861.1733271878
 20
4834880.0407362925
  0
LWPOLYLINE
  5
DA
330
17
100
AcDbEntity
  8
ROADS
100
AcDbPolyline
 90
2
 70
0
 10
629032.1646559337
 20
4834880.048581994
 10
629016.6071239999
 20
4834928.094596687
  0
LWPOLYLINE
  5
DB
330
17
100
AcDbEntity
  8
ROADS
100
AcDbPolyline
 90
2
 70
0
 10
628850.5286141527
 20
4834913.584229319
 10
628848.4348999087
 20
4834901.0948822
  0
LWPOLYLINE
  5
DC
330
17
100
AcDbEntity
  8
ROADS
100
AcDbPolyline
 90
2
 70
0
 10
629082.9038905615
 20
4834894.9957546415
 10
629074.319462992
 20
4834922.8694623755
  0
LWPOLYLINE
  5
DD
330
17
100
AcDbEntity
  8
ROADS
100
AcDbPolyline
 90
2
 70
0
 10
629085.8571033588
 20
4834885.220433079
 10
629082.9038905615
 20
4834894.9957546415
  0
LWPOLYLINE
  5
DE
330
17
100
AcDbEntity
  8
ROADS
100
AcDbPolyline
 90
2
 70
0
 10
629137.6713056181
 20
4834941.868905434
 10
629146.1281141422
 20
4834913.778548536
  0
LWPOLYLINE
  5
DF
330
17
100
AcDbEntity
  8
ROADS
100
AcDbPolyline
 90
2
 70
0
 10
629121.3725950494
 20
4834936.9789559385
 10
629074.319462992
 20
4834922.8694623755
  0
LWPOLYLINE
  5
E0
330
17
100
AcDbEntity
  8
ROADS
100
AcDbPolyline
 90
2
 70
0
 10
628838.6774948
 20
4834926.363193335
 10
628850.5286141527
 20
4834913.584229319
  0
LWPOLYLINE
  5
E1
330
17
100
AcDbEntity
  8
ROADS
100
AcDbPolyline
 90
2
 70
0
 10
628850.5286141527
 20
4834913.584229319
 10
628853.7196064194
 20
4834931.114914672
  0
LWPOLYLINE
  5
E2
330
17
100
AcDbEntity
  8
ROADS
100
AcDbPolyline
 90
2
 70
0
 10
628853.7196064194
 20
4834931.114914672
 10
628838.6774948
 20
4834926.363193335
  0
LWPOLYLINE
  5
E3
330
17
100
AcDbEntity
  8
ROADS
100
AcDbPolyline
 90
2
 70
0
 10
628876.2922137685
 20
4834938.245918315
 10
628853.7196064194
 20
4834931.114914672
  0
LWPOLYLINE
  5
E4
330
17
100
AcDbEntity
  8
ROADS
100
AcDbPolyline
 90
2
 70
0
 10
629016.6071239999
 20
4834928.094596687
 10
629001.6545947337
 20
4834976.695580568
  0
LWPOLYLINE
  5
E5
330
17
100
AcDbEntity
  8
ROADS
100
AcDbPolyline
 90
2
 70
0
 10
629001.6545947337
 20
4834976.695580568
 10
628876.2922137685
 20
4834938.245918315
  0
LWPOLYLINE
  5
E6
330
17
100
AcDbEntity
  8
ROADS
100
AcDbPolyline
 90
2
 70
0
 10
629074.319462992
 20
4834922.8694623755
 10
629052.6043892846
 20
4834992.220611712
  0
LWPOLYLINE
  5
E7
330
17
100
AcDbEntity
  8
ROADS
100
AcDbPolyline
 90
3
 70
0
 10
628876.2922137685
 20
4834938.245918315
 10
628863.4548839532
 20
4834981.643768697
 10
628832.3248549188
 20
4834972.236423732
  0
LWPOLYLINE
  5
E8
330
17
100
AcDbEntity
  8
ROADS
100
AcDbPolyline
 90
2
 70
0
 10
629052.6043892846
 20
4834992.220611712
 10
629001.6545947337
 20
4834976.695580568
  0
LWPOLYLINE
  5
E9
330
17
100
AcDbEntity
  8
ROADS
100
AcDbPolyline
 90
3
 70
0
 10
629001.6545947337
 20
4834976.695580568
 10
628987.0444554429
 20
4835022.454558421
 10
628962.3770470667
 20
4835015.083164191
  0
LWPOLYLINE
  5
EA
330
17
100
AcDbEntity
  8
ROADS
100
AcDbPolyline
 90
2
 70
0
 10
629137.6713056181
 20
4834941.868905434
 10
629121.3725950494
 20
4834936.9789559385
  0
LWPOLYLINE
  5
EB
330
17
100
AcDbEntity
  8
ROADS
100
AcDbPolyline
 90
2
 70
0
 10
629151.5514595383
 20
4834946.172097299
 10
629137.6713056181
 20
4834941.868905434
  0
LWPOLYLINE
  5
EC
330
17
100
AcDbEntity
  8
ROADS
100
AcDbPolyline
 90
2
 70
0
 10
629225.6470648204
 20
4834961.80959983
 10
629223.6424540967
 20
4834968.128721031
  0
LWPOLYLINE
  5
ED
330
17
100
AcDbEntity
  8
ROADS
100
AcDbPolyline
 90
2
 70
0
 10
629223.6424540967
 20
4834968.128721031
 10
629151.5514595383
 20
4834946.172097299
  0
LWPOLYLINE
  5
EE
330
17
100
AcDbEntity
  8
ROADS
100
AcDbPolyline
 90
2
 70
0
 10
629241.6475605197
 20
4834973.684133746
 10
629223.6424540967
 20
4834968.128721031
  0
LWPOLYLINE
  5
EF
330
17
100
AcDbEntity
  8
ROADS
100
AcDbPolyline
 90
3
 70
0
 10
629121.3725950494
 20
4834936.9789559385
 10
629098.4601661843
 20
4835029.30302192
 10
629124.9062925861
 20
4835032.133265912
  0
LWPOLYLINE
  5
F0
330
17
100
AcDbEntity
  8
ROADS
100
AcDbPolyline
 90
2
 70
0
 10
629151.5514595383
 20
4834946.172097299
 10
629124.9062925861
 20
4835032.133265912
  0
LWPOLYLINE
  5
F1
330
17
100
AcDbEntity
  8
ROADS
100
AcDbPolyline
 90
2
 70
0
 10
629223.6424540967
 20
4834968.128721031
 10
629207.964032412
 20
4835017.660674977
  0
LWPOLYLINE
  5
F2
330
17
100
AcDbEntity
  8
ROADS
100
AcDbPolyline
 90
2
 70
0
 10
629308.2278863098
 20
4835020.843191757
 10
629300.3465207734
 20
4835045.47551584
  0
LWPOLYLINE
  5
F3
330
17
100
AcDbEntity
  8
ROADS
100
AcDbPolyline
 90
2
 70
0
 10
629255.1867680122
 20
4835031.738250838
 10
629207.964032412
 20
4835017.660674977
  0
LWPOLYLINE
  5
F4
330
17
100
AcDbEntity
  8
ROADS
100
AcDbPolyline
 90
2
 70
0
 10
629207.964032412
 20
4835017.660674977
 10
629197.3361425418
 20
4835049.202700347
  0
LWPOLYLINE
  5
F5
330
17
100
AcDbEntity
  8
ROADS
100
AcDbPolyline
 90
2
 70
0
 10
629300.3465207734
 20
4835045.47551584
 10
629255.1867680122
 20
4835031.738250838
  0
LWPOLYLINE
  5
F6
330
17
100
AcDbEntity
  8
ROADS
100
AcDbPolyline
 90
2
 70
0
 10
629197.3361425418
 20
4835049.202700347
 10
629124.9062925861
 20
4835032.133265912
  0
LWPOLYLINE
  5
F7
330
17
100
AcDbEntity
  8
ROADS
100
AcDbPolyline
 90
2
 70
0
 10
629124.9062925861
 20
4835032.133265912
 10
629107.5470117162
 20
4835085.053047061
  0
LWPOLYLINE
  5
F8
330
17
100
AcDbEntity
  8
ROADS
100
AcDbPolyline
 90
2
 70
0
 10
629255.1867680122
 20
4835031.738250838
 10
629234.3581735718
 20
4835099.681359963
  0
LWPOLYLINE
  5
F9
330
17
100
AcDbEntity
  8
ROADS
100
AcDbPolyline
 90
3
 70
0
 10
629300.3465207734
 20
4835045.47551584
 10
629345.3009744539
 20
4835059.616100876
 10
629334.4585373442
 20
4835092.957382454
  0
LWPOLYLINE
  5
FA
330
17
100
AcDbEntity
  8
ROADS
100
AcDbPolyline
 90
2
 70
0
 10
629081.3287387926
 20
4835086.353196609
 10
629091.0613229347
 20
4835081.267785663
  0
LWPOLYLINE
  5
FB
330
17
100
AcDbEntity
  8
ROADS
100
AcDbPolyline
 90
2
 70
0
 10
629052.6043892846
 20
4834992.220611712
 10
629026.9358460358
 20
4835070.322876338
  0
LWPOLYLINE
  5
FC
330
17
100
AcDbEntity
  8
ROADS
100
AcDbPolyline
 90
2
 70
0
 10
628964.3661551639
 20
4835064.264422371
 10
628975.0717099875
 20
4835030.804694531
  0
LWPOLYLINE
  5
FD
330
17
100
AcDbEntity
  8
ROADS
100
AcDbPolyline
 90
2
 70
0
 10
628964.3661551639
 20
4835064.264422371
 10
628940.6088736478
 20
4835057.055488377
  0
LWPOLYLINE
  5
FE
330
17
100
AcDbEntity
  8
ROADS
100
AcDbPolyline
 90
2
 70
0
 10
629081.3287387926
 20
4835086.353196609
 10
629088.9053725629
 20
4835061.120453096
  0
LWPOLYLINE
  5
FF
330
17
100
AcDbEntity
  8
ROADS
100
AcDbPolyline
 90
2
 70
0
 10
628868.2115077641
 20
4835088.6719066305
 10
628792.121532645
 20
4835064.933872192
  0
LWPOLYLINE
  5
100
330
17
100
AcDbEntity
  8
ROADS
100
AcDbPolyline
 90
2
 70
0
 10
629026.9358460358
 20
4835070.322876338
 10
629081.3287387926
 20
4835086.353196609
  0
LWPOLYLINE
  5
101
330
17
100
AcDbEntity
  8
ROADS
100
AcDbPolyline
 90
2
 70
0
 10
628949.3544850681
 20
4835113.978398546
 10
628964.3661551639
 20
4835064.264422371
  0
LWPOLYLINE
  5
102
330
17
100
AcDbEntity
  8
ROADS
100
AcDbPolyline
 90
2
 70
0
 10
629026.9358460358
 20
4835070.322876338
 10
629010.1496787241
 20
4835126.7512361985
  0
LWPOLYLINE
  5
103
330
17
100
AcDbEntity
  8
ROADS
100
AcDbPolyline
 90
2
 70
0
 10
628931.5968795794
 20
4835108.414025997
 10
628868.2115077641
 20
4835088.6719066305
  0
LWPOLYLINE
  5
104
330
17
100
AcDbEntity
  8
ROADS
100
AcDbPolyline
 90
2
 70
0
 10
628868.2115077641
 20
4835088.6719066305
 10
628856.1323101383
 20
4835123.26836698
  0
LWPOLYLINE
  5
105
330
17
100
AcDbEntity
  8
ROADS
100
AcDbPolyline
 90
2
 70
0
 10
629465.1327514729
 20
4835168.659661882
 10
629456.8690593691
 20
4835194.184099719
  0
LWPOLYLINE
  5
106
330
17
100
AcDbEntity
  8
ROADS
100
AcDbPolyline
 90
2
 70
0
 10
629427.0871813918
 20
4835125.751334562
 10
629393.5821274817
 20
4835230.561554566
  0
LWPOLYLINE
  5
107
330
17
100
AcDbEntity
  8
ROADS
100
AcDbPolyline
 90
2
 70
0
 10
629491.6232977182
 20
4835205.1070271805
 10
629456.8690593691
 20
4835194.184099719
  0
LWPOLYLINE
  5
108
330
17
100
AcDbEntity
  8
ROADS
100
AcDbPolyline
 90
2
 70
0
 10
629494.9308740041
 20
4835209.665473345
 10
629475.7499214744
 20
4835210.582534139
  0
LWPOLYLINE
  5
109
330
17
100
AcDbEntity
  8
ROADS
100
AcDbPolyline
 90
2
 70
0
 10
629456.8690593691
 20
4835194.184099719
 10
629440.2013306707
 20
4835245.7183317365
  0
LWPOLYLINE
  5
10A
330
17
100
AcDbEntity
  8
ROADS
100
AcDbPolyline
 90
2
 70
0
 10
628949.3544850681
 20
4835113.978398546
 10
628931.5968795794
 20
4835108.414025997
  0
LWPOLYLINE
  5
10B
330
17
100
AcDbEntity
  8
ROADS
100
AcDbPolyline
 90
2
 70
0
 10
629010.1496787241
 20
4835126.7512361985
 10
628949.3544850681
 20
4835113.978398546
  0
LWPOLYLINE
  5
10C
330
17
100
AcDbEntity
  8
ROADS
100
AcDbPolyline
 90
2
 70
0
 10
628856.1323101383
 20
4835123.26836698
 10
628850.532620283
 20
4835141.817881983
  0
LWPOLYLINE
  5
10D
330
17
100
AcDbEntity
  8
ROADS
100
AcDbPolyline
 90
3
 70
0
 10
628931.5968795794
 20
4835108.414025997
 10
628914.5761913852
 20
4835162.048941393
 10
628850.532620283
 20
4835141.817881983
  0
LWPOLYLINE
  5
10E
330
17
100
AcDbEntity
  8
ROADS
100
AcDbPolyline
 90
2
 70
0
 10
629159.9037909438
 20
4835164.810883437
 10
629010.1496787241
 20
4835126.7512361985
  0
LWPOLYLINE
  5
10F
330
17
100
AcDbEntity
  8
ROADS
100
AcDbPolyline
 90
2
 70
0
 10
629010.1496787241
 20
4835126.7512361985
 10
628995.6350771193
 20
4835172.175413546
  0
LWPOLYLINE
  5
110
330
17
100
AcDbEntity
  8
ROADS
100
AcDbPolyline
 90
2
 70
0
 10
628995.6350771193
 20
4835172.175413546
 10
629056.0808217687
 20
4835189.148729631
  0
LWPOLYLINE
  5
111
330
17
100
AcDbEntity
  8
ROADS
100
AcDbPolyline
 90
2
 70
0
 10
628995.6350771193
 20
4835172.175413546
 10
628975.8269315034
 20
4835240.124408845
  0
LWPOLYLINE
  5
112
330
17
100
AcDbEntity
  8
ROADS
100
AcDbPolyline
 90
2
 70
0
 10
628850.532620283
 20
4835141.817881983
 10
628810.925914321
 20
4835273.037670427
  0
LWPOLYLINE
  5
113
330
17
100
AcDbEntity
  8
ROADS
100
AcDbPolyline
 90
3
 70
0
 10
628975.8269315034
 20
4835240.124408845
 10
628917.768052987
 20
4835257.770054851
 10
628879.6465622497
 20
4835296.157494753
  0
LWPOLYLINE
  5
114
330
17
100
AcDbEntity
  8
ROADS
100
AcDbPolyline
 90
2
 70
0
 10
629197.3361425418
 20
4835049.202700347
 10
629159.9037909438
 20
4835164.810883437
  0
LWPOLYLINE
  5
115
330
17
100
AcDbEntity
  8
ROADS
100
AcDbPolyline
 90
2
 70
0
 10
629300.3465207734
 20
4835045.47551584
 10
629253.3961770536
 20
4835191.693761383
  0
LWPOLYLINE
  5
116
330
17
100
AcDbEntity
  8
ROADS
100
AcDbPolyline
 90
2
 70
0
 10
629388.5386137846
 20
4835087.289494971
 10
629344.5622709725
 20
4835217.313015177
  0
LWPOLYLINE
  5
117
330
17
100
AcDbEntity
  8
ROADS
100
AcDbPolyline
 90
2
 70
0
 10
629253.3961770536
 20
4835191.693761383
 10
629159.9037909438
 20
4835164.810883437
  0
LWPOLYLINE
  5
118
330
17
100
AcDbEntity
  8
ROADS
100
AcDbPolyline
 90
2
 70
0
 10
629344.5622709725
 20
4835217.313015177
 10
629253.3961770536
 20
4835191.693761383
  0
LWPOLYLINE
  5
119
330
17
100
AcDbEntity
  8
ROADS
100
AcDbPolyline
 90
2
 70
0
 10
629393.5821274817
 20
4835230.561554566
 10
629344.5622709725
 20
4835217.313015177
  0
LWPOLYLINE
  5
11A
330
17
100
AcDbEntity
  8
ROADS
100
AcDbPolyline
 90
2
 70
0
 10
629159.9037909438
 20
4835164.810883437
 10
629098.2579908712
 20
4835359.234654021
  0
LWPOLYLINE
  5
11B
330
17
100
AcDbEntity
  8
ROADS
100
AcDbPolyline
 90
3
 70
0
 10
629265.4527136667
 20
4835375.753232289
 10
629297.9988706044
 20
4835273.971648759
 10
629344.5622709725
 20
4835217.313015177
  0
LWPOLYLINE
  5
11C
330
17
100
AcDbEntity
  8
ROADS
100
AcDbPolyline
 90
2
 70
0
 10
629117.2027239788
 20
4835365.294536278
 10
629098.2579908712
 20
4835359.234654021
  0
LWPOLYLINE
  5
11D
330
17
100
AcDbEntity
  8
ROADS
100
AcDbPolyline
 90
2
 70
0
 10
629255.6293399604
 20
4835409.037914585
 10
629117.2027239788
 20
4835365.294536278
  0
LWPOLYLINE
  5
11E
330
17
100
AcDbEntity
  8
ROADS
100
AcDbPolyline
 90
2
 70
0
 10
629440.2013306707
 20
4835245.7183317365
 10
629393.5821274817
 20
4835230.561554566
  0
LWPOLYLINE
  5
11F
330
17
100
AcDbEntity
  8
ROADS
100
AcDbPolyline
 90
2
 70
0
 10
629535.8315960942
 20
4835274.106358418
 10
629535.2771491942
 20
4835275.8511011815
  0
LWPOLYLINE
  5
120
330
17
100
AcDbEntity
  8
ROADS
100
AcDbPolyline
 90
2
 70
0
 10
629490.1282004918
 20
4835261.514950136
 10
629440.2013306707
 20
4835245.7183317365
  0
LWPOLYLINE
  5
121
330
17
100
AcDbEntity
  8
ROADS
100
AcDbPolyline
 90
2
 70
0
 10
629535.2771491942
 20
4835275.8511011815
 10
629490.1282004918
 20
4835261.514950136
  0
LWPOLYLINE
  5
122
330
17
100
AcDbEntity
  8
ROADS
100
AcDbPolyline
 90
2
 70
0
 10
629537.2117062384
 20
4835276.461875043
 10
629535.2771491942
 20
4835275.8511011815
  0
LWPOLYLINE
  5
123
330
17
100
AcDbEntity
  8
ROADS
100
AcDbPolyline
 90
2
 70
0
 10
629490.1282004918
 20
4835261.514950136
 10
629448.0492686123
 20
4835390.961162853
  0
LWPOLYLINE
  5
124
330
17
100
AcDbEntity
  8
ROADS
100
AcDbPolyline
 90
2
 70
0
 10
629448.0492686123
 20
4835390.961162853
 10
629539.499483936
 20
4835416.964147582
  0
LWPOLYLINE
  5
125
330
17
100
AcDbEntity
  8
ROADS
100
AcDbPolyline
 90
2
 70
0
 10
629448.0492686123
 20
4835390.961162853
 10
629430.4872584434
 20
4835448.037597625
  0
LWPOLYLINE
  5
126
330
17
100
AcDbEntity
  8
ROADS
100
AcDbPolyline
 90
2
 70
0
 10
629430.4872584434
 20
4835448.037597625
 10
629419.8024331948
 20
4835483.002836361
  0
LWPOLYLINE
  5
127
330
17
100
AcDbEntity
  8
ROADS
100
AcDbPolyline
 90
2
 70
0
 10
628879.6465622497
 20
4835296.157494753
 10
628810.925914321
 20
4835273.037670427
  0
LWPOLYLINE
  5
128
330
17
100
AcDbEntity
  8
ROADS
100
AcDbPolyline
 90
3
 70
0
 10
628975.8269315034
 20
4835240.124408845
 10
629013.8795508496
 20
4835300.473351609
 10
629016.5252435771
 20
4835332.805854922
  0
LWPOLYLINE
  5
129
330
17
100
AcDbEntity
  8
ROADS
100
AcDbPolyline
 90
3
 70
0
 10
628879.6465622497
 20
4835296.157494753
 10
628889.4584724918
 20
4835358.210020837
 10
628925.8854389056
 20
4835393.915921773
  0
LWPOLYLINE
  5
12A
330
17
100
AcDbEntity
  8
ROADS
100
AcDbPolyline
 90
2
 70
0
 10
629098.2579908712
 20
4835359.234654021
 10
629016.5252435771
 20
4835332.805854922
  0
LWPOLYLINE
  5
12B
330
17
100
AcDbEntity
  8
ROADS
100
AcDbPolyline
 90
3
 70
0
 10
629016.5252435771
 20
4835332.805854922
 10
628989.4355549081
 20
4835373.899407215
 10
628925.8854389056
 20
4835393.915921773
  0
LWPOLYLINE
  5
12C
330
17
100
AcDbEntity
  8
ROADS
100
AcDbPolyline
 90
2
 70
0
 10
629089.3602045171
 20
4835452.786122573
 10
628978.2601647321
 20
4835417.635323232
  0
LWPOLYLINE
  5
12D
330
17
100
AcDbEntity
  8
ROADS
100
AcDbPolyline
 90
2
 70
0
 10
628925.8854389056
 20
4835393.915921773
 10
628893.127284986
 20
4835497.134644747
  0
LWPOLYLINE
  5
12E
330
17
100
AcDbEntity
  8
ROADS
100
AcDbPolyline
 90
3
 70
0
 10
628833.6615175304
 20
4835420.841535531
 10
628857.5573884132
 20
4835428.626037048
 10
628841.8815889615
 20
4835480.997153449
  0
LWPOLYLINE
  5
12F
330
17
100
AcDbEntity
  8
ROADS
100
AcDbPolyline
 90
2
 70
0
 10
628893.127284986
 20
4835497.134644747
 10
628841.8815889615
 20
4835480.997153449
  0
LWPOLYLINE
  5
130
330
17
100
AcDbEntity
  8
ROADS
100
AcDbPolyline
 90
2
 70
0
 10
629089.3602045171
 20
4835452.786122573
 10
629059.9324229911
 20
4835546.6464659395
  0
LWPOLYLINE
  5
131
330
17
100
AcDbEntity
  8
ROADS
100
AcDbPolyline
 90
4
 70
0
 10
629431.7245699972
 20
4835626.806221564
 10
629470.2289940079
 20
4835586.161522111
 10
629484.7612500695
 20
4835511.692120493
 10
629419.8024331948
 20
4835483.002836361
  0
LWPOLYLINE
  5
132
330
17
100
AcDbEntity
  8
ROADS
100
AcDbPolyline
 90
2
 70
0
 10
629628.626947359
 20
4835528.414865503
 10
629576.1772939212
 20
4835634.949232843
  0
LWPOLYLINE
  5
133
330
17
100
AcDbEntity
  8
ROADS
100
AcDbPolyline
 90
2
 70
0
 10
629437.0718465147
 20
4835643.903563401
 10
629431.7245699972
 20
4835626.806221564
  0
LWPOLYLINE
  5
134
330
17
100
AcDbEntity
  8
ROADS
100
AcDbPolyline
 90
2
 70
0
 10
629576.1772939212
 20
4835634.949232843
 10
629551.2426407381
 20
4835707.684470938
  0
LWPOLYLINE
  5
135
330
17
100
AcDbEntity
  8
ROADS
100
AcDbPolyline
 90
2
 70
0
 10
629437.0718465147
 20
4835643.903563401
 10
629529.1404110086
 20
4835702.081510678
  0
LWPOLYLINE
  5
136
330
17
100
AcDbEntity
  8
ROADS
100
AcDbPolyline
 90
2
 70
0
 10
629265.4527136667
 20
4835375.753232289
 10
629255.6293399604
 20
4835409.037914585
  0
LWPOLYLINE
  5
137
330
17
100
AcDbEntity
  8
ROADS
100
AcDbPolyline
 90
2
 70
0
 10
629117.2027239788
 20
4835365.294536278
 10
629089.3602045171
 20
4835452.786122573
  0
LWPOLYLINE
  5
138
330
17
100
AcDbEntity
  8
ROADS
100
AcDbPolyline
 90
3
 70
0
 10
629265.4527136667
 20
4835375.753232289
 10
629389.5901296585
 20
4835418.295236304
 10
629430.4872584434
 20
4835448.037597625
  0
LWPOLYLINE
  5
139
330
17
100
AcDbEntity
  8
ROADS
100
AcDbPolyline
 90
2
 70
0
 10
629255.6293399604
 20
4835409.037914585
 10
629196.8952352842
 20
4835589.928418134
  0
LWPOLYLINE
  5
13A
330
17
100
AcDbEntity
  8
ROADS
100
AcDbPolyline
 90
5
 70
0
 10
629419.8024331948
 20
4835483.002836361
 10
629338.3520632179
 20
4835482.0513272835
 10
629309.1565365618
 20
4835568.816452999
 10
629373.6984265192
 20
4835628.69634061
 10
629431.7245699972
 20
4835626.806221564
  0
LWPOLYLINE
  5
13B
330
17
100
AcDbEntity
  8
ROADS
100
AcDbPolyline
 90
2
 70
0
 10
629196.8952352842
 20
4835589.928418134
 10
629059.9324229911
 20
4835546.6464659395
  0
LWPOLYLINE
  5
13C
330
17
100
AcDbEntity
  8
ROADS
100
AcDbPolyline
 90
2
 70
0
 10
629196.8952352842
 20
4835589.928418134
 10
629126.2576248618
 20
4835813.49954816
  0
LWPOLYLINE
  5
13D
330
17
100
AcDbEntity
  8
ROADS
100
AcDbPolyline
 90
2
 70
0
 10
629346.4178005997
 20
4835882.629502524
 10
629379.9507265209
 20
4835772.02317661
  0
LWPOLYLINE
  5
13E
330
17
100
AcDbEntity
  8
ROADS
100
AcDbPolyline
 90
2
 70
0
 10
629247.7084599168
 20
4835851.466816346
 10
629126.2576248618
 20
4835813.49954816
  0
LWPOLYLINE
  5
13F
330
17
100
AcDbEntity
  8
ROADS
100
AcDbPolyline
 90
2
 70
0
 10
629346.4178005997
 20
4835882.629502524
 10
629247.7084599168
 20
4835851.466816346
  0
LWPOLYLINE
  5
140
330
17
100
AcDbEntity
  8
ROADS
100
AcDbPolyline
 90
2
 70
0
 10
629059.9324229911
 20
4835546.6464659395
 10
628893.127284986
 20
4835497.134644747
  0
LWPOLYLINE
  5
141
330
17
100
AcDbEntity
  8
ROADS
100
AcDbPolyline
 90
2
 70
0
 10
628893.127284986
 20
4835497.134644747
 10
628862.8590205326
 20
4835595.444032469
  0
LWPOLYLINE
  5
142
330
17
100
AcDbEntity
  8
ROADS
100
AcDbPolyline
 90
2
 70
0
 10
629059.9324229911
 20
4835546.6464659395
 10
629029.3873763292
 20
4835644.000830408
  0
LWPOLYLINE
  5
143
330
17
100
AcDbEntity
  8
ROADS
100
AcDbPolyline
 90
2
 70
0
 10
629029.3873763292
 20
4835644.000830408
 10
628862.8590205326
 20
4835595.444032469
  0
LWPOLYLINE
  5
144
330
17
100
AcDbEntity
  8
ROADS
100
AcDbPolyline
 90
2
 70
0
 10
628862.8590205326
 20
4835595.444032469
 10
628833.0574648386
 20
4835690.395616037
  0
LWPOLYLINE
  5
145
330
17
100
AcDbEntity
  8
ROADS
100
AcDbPolyline
 90
2
 70
0
 10
629029.3873763292
 20
4835644.000830408
 10
628998.0997955897
 20
4835744.090937677
  0
LWPOLYLINE
  5
146
330
17
100
AcDbEntity
  8
ROADS
100
AcDbPolyline
 90
2
 70
0
 10
628899.4585303037
 20
4835712.431520425
 10
628833.0574648386
 20
4835690.395616037
  0
LWPOLYLINE
  5
147
330
17
100
AcDbEntity
  8
ROADS
100
AcDbPolyline
 90
2
 70
0
 10
628951.320892969
 20
4835728.866218214
 10
628899.4585303037
 20
4835712.431520425
  0
LWPOLYLINE
  5
148
330
17
100
AcDbEntity
  8
ROADS
100
AcDbPolyline
 90
2
 70
0
 10
628899.4585303037
 20
4835712.431520425
 10
628885.8262894163
 20
4835755.6499629915
  0
LWPOLYLINE
  5
149
330
17
100
AcDbEntity
  8
ROADS
100
AcDbPolyline
 90
2
 70
0
 10
628998.0997955897
 20
4835744.090937677
 10
628951.320892969
 20
4835728.866218214
  0
LWPOLYLINE
  5
14A
330
17
100
AcDbEntity
  8
ROADS
100
AcDbPolyline
 90
2
 70
0
 10
629576.1772939212
 20
4835634.949232843
 10
629588.0153005009
 20
4835713.485664712
  0
LWPOLYLINE
  5
14B
330
17
100
AcDbEntity
  8
ROADS
100
AcDbPolyline
 90
4
 70
0
 10
629529.1404110086
 20
4835702.081510678
 10
629486.550128585
 20
4835760.291545128
 10
629403.5875462333
 20
4835736.611073575
 10
629437.0718465147
 20
4835643.903563401
  0
LWPOLYLINE
  5
14C
330
17
100
AcDbEntity
  8
ROADS
100
AcDbPolyline
 90
2
 70
0
 10
629551.2426407381
 20
4835707.684470938
 10
629529.1404110086
 20
4835702.081510678
  0
LWPOLYLINE
  5
14D
330
17
100
AcDbEntity
  8
ROADS
100
AcDbPolyline
 90
2
 70
0
 10
629588.0153005009
 20
4835713.485664712
 10
629551.2426407381
 20
4835707.684470938
  0
LWPOLYLINE
  5
14E
330
17
100
AcDbEntity
  8
ROADS
100
AcDbPolyline
 90
2
 70
0
 10
629588.0153005009
 20
4835713.485664712
 10
629595.4472044663
 20
4835734.483472268
  0
LWPOLYLINE
  5
14F
330
17
100
AcDbEntity
  8
ROADS
100
AcDbPolyline
 90
2
 70
0
 10
629638.5268334567
 20
4835729.716172349
 10
629588.0153005009
 20
4835713.485664712
  0
LWPOLYLINE
  5
150
330
17
100
AcDbEntity
  8
ROADS
100
AcDbPolyline
 90
2
 70
0
 10
629637.685535034
 20
4835744.659378289
 10
629595.4472044663
 20
4835734.483472268
  0
LWPOLYLINE
  5
151
330
17
100
AcDbEntity
  8
ROADS
100
AcDbPolyline
 90
2
 70
0
 10
629588.0153005009
 20
4835713.485664712
 10
629535.3988114325
 20
4835797.555228906
  0
LWPOLYLINE
  5
152
330
17
100
AcDbEntity
  8
ROADS
100
AcDbPolyline
 90
2
 70
0
 10
629551.2426407381
 20
4835707.684470938
 10
629515.3322678349
 20
4835828.871606392
  0
LWPOLYLINE
  5
153
330
17
100
AcDbEntity
  8
ROADS
100
AcDbPolyline
 90
2
 70
0
 10
629595.4472044663
 20
4835734.483472268
 10
629543.923141501
 20
4835803.709262047
  0
LWPOLYLINE
  5
154
330
17
100
AcDbEntity
  8
ROADS
100
AcDbPolyline
 90
2
 70
0
 10
628951.320892969
 20
4835728.866218214
 10
628937.132025664
 20
4835771.508565118
  0
LWPOLYLINE
  5
155
330
17
100
AcDbEntity
  8
ROADS
100
AcDbPolyline
 90
2
 70
0
 10
628937.132025664
 20
4835771.508565118
 10
628885.8262894163
 20
4835755.6499629915
  0
LWPOLYLINE
  5
156
330
17
100
AcDbEntity
  8
ROADS
100
AcDbPolyline
 90
2
 70
0
 10
628885.8262894163
 20
4835755.6499629915
 10
628872.7413674875
 20
4835799.350329226
  0
LWPOLYLINE
  5
157
330
17
100
AcDbEntity
  8
ROADS
100
AcDbPolyline
 90
3
 70
0
 10
629126.2576248618
 20
4835813.49954816
 10
629078.8890887185
 20
4835764.454870075
 10
628998.0997955897
 20
4835744.090937677
  0
LWPOLYLINE
  5
158
330
17
100
AcDbEntity
  8
ROADS
100
AcDbPolyline
 90
2
 70
0
 10
628998.0997955897
 20
4835744.090937677
 10
628970.17623689
 20
4835830.251908546
  0
LWPOLYLINE
  5
159
330
17
100
AcDbEntity
  8
ROADS
100
AcDbPolyline
 90
2
 70
0
 10
628872.7413674875
 20
4835799.350329226
 10
628806.721269225
 20
4835778.756392825
  0
LWPOLYLINE
  5
15A
330
17
100
AcDbEntity
  8
ROADS
100
AcDbPolyline
 90
2
 70
0
 10
628937.132025664
 20
4835771.508565118
 10
628923.5421809145
 20
4835815.423823486
  0
LWPOLYLINE
  5
15B
330
17
100
AcDbEntity
  8
ROADS
100
AcDbPolyline
 90
2
 70
0
 10
628923.5421809145
 20
4835815.423823486
 10
628872.7413674875
 20
4835799.350329226
  0
LWPOLYLINE
  5
15C
330
17
100
AcDbEntity
  8
ROADS
100
AcDbPolyline
 90
2
 70
0
 10
628872.7413674875
 20
4835799.350329226
 10
628859.1917360194
 20
4835842.258237721
  0
LWPOLYLINE
  5
15D
330
17
100
AcDbEntity
  8
ROADS
100
AcDbPolyline
 90
2
 70
0
 10
628970.17623689
 20
4835830.251908546
 10
628923.5421809145
 20
4835815.423823486
  0
LWPOLYLINE
  5
15E
330
17
100
AcDbEntity
  8
ROADS
100
AcDbPolyline
 90
2
 70
0
 10
629595.4472044663
 20
4835734.483472268
 10
629607.1781364663
 20
4835847.980392365
  0
LWPOLYLINE
  5
15F
330
17
100
AcDbEntity
  8
ROADS
100
AcDbPolyline
 90
2
 70
0
 10
629535.3988114325
 20
4835797.555228906
 10
629543.923141501
 20
4835803.709262047
  0
LWPOLYLINE
  5
160
330
17
100
AcDbEntity
  8
ROADS
100
AcDbPolyline
 90
2
 70
0
 10
629535.3988114325
 20
4835797.555228906
 10
629515.3322678349
 20
4835828.871606392
  0
LWPOLYLINE
  5
161
330
17
100
AcDbEntity
  8
ROADS
100
AcDbPolyline
 90
2
 70
0
 10
629543.923141501
 20
4835803.709262047
 10
629599.1177643465
 20
4835859.862490576
  0
LWPOLYLINE
  5
162
330
17
100
AcDbEntity
  8
ROADS
100
AcDbPolyline
 90
2
 70
0
 10
629607.1781364663
 20
4835847.980392365
 10
629619.9919950005
 20
4835851.181379865
  0
LWPOLYLINE
  5
163
330
17
100
AcDbEntity
  8
ROADS
100
AcDbPolyline
 90
2
 70
0
 10
629599.1177643465
 20
4835859.862490576
 10
629607.1781364663
 20
4835847.980392365
  0
LWPOLYLINE
  5
164
330
17
100
AcDbEntity
  8
ROADS
100
AcDbPolyline
 90
2
 70
0
 10
629543.923141501
 20
4835803.709262047
 10
629501.5255260735
 20
4835923.334494124
  0
LWPOLYLINE
  5
165
330
17
100
AcDbEntity
  8
ROADS
100
AcDbPolyline
 90
2
 70
0
 10
629599.1177643465
 20
4835859.862490576
 10
629603.2298875372
 20
4835875.248396261
  0
LWPOLYLINE
  5
166
330
17
100
AcDbEntity
  8
ROADS
100
AcDbPolyline
 90
2
 70
0
 10
629615.6702678878
 20
4835867.990815769
 10
629603.2298875372
 20
4835875.248396261
  0
LWPOLYLINE
  5
167
330
17
100
AcDbEntity
  8
ROADS
100
AcDbPolyline
 90
2
 70
0
 10
629515.3322678349
 20
4835828.871606392
 10
629490.9325476886
 20
4835921.854880761
  0
LWPOLYLINE
  5
168
330
17
100
AcDbEntity
  8
ROADS
100
AcDbPolyline
 90
2
 70
0
 10
629603.2298875372
 20
4835875.248396261
 10
629601.6612091517
 20
4835891.320646478
  0
LWPOLYLINE
  5
169
330
17
100
AcDbEntity
  8
ROADS
100
AcDbPolyline
 90
2
 70
0
 10
629603.2298875372
 20
4835875.248396261
 10
629501.5255260735
 20
4835923.334494124
  0
LWPOLYLINE
  5
16A
330
17
100
AcDbEntity
  8
ROADS
100
AcDbPolyline
 90
2
 70
0
 10
629346.4178005997
 20
4835882.629502524
 10
629490.9325476886
 20
4835921.854880761
  0
LWPOLYLINE
  5
16B
330
17
100
AcDbEntity
  8
ROADS
100
AcDbPolyline
 90
2
 70
0
 10
629490.9325476886
 20
4835921.854880761
 10
629501.5255260735
 20
4835923.334494124
  0
LWPOLYLINE
  5
16C
330
17
100
AcDbEntity
  8
ROADS
100
AcDbPolyline
 90
2
 70
0
 10
629601.6612091517
 20
4835891.320646478
 10
629580.5941603283
 20
4835963.093728913
  0
LWPOLYLINE
  5
16D
330
17
100
AcDbEntity
  8
ROADS
100
AcDbPolyline
 90
2
 70
0
 10
629601.6612091517
 20
4835891.320646478
 10
629606.2938435897
 20
4835904.460587953
  0
LWPOLYLINE
  5
16E
330
17
100
AcDbEntity
  8
ROADS
100
AcDbPolyline
 90
2
 70
0
 10
629501.5255260735
 20
4835923.334494124
 10
629580.5941603283
 20
4835963.093728913
  0
LWPOLYLINE
  5
16F
330
17
100
AcDbEntity
  8
ROADS
100
AcDbPolyline
 90
3
 70
0
 10
629490.9325476886
 20
4835921.854880761
 10
629501.3282200291
 20
4835971.638249648
 10
629530.1655948199
 20
4836008.233128343
  0
LWPOLYLINE
  5
170
330
17
100
AcDbEntity
  8
ROADS
100
AcDbPolyline
 90
2
 70
0
 10
629580.5941603283
 20
4835963.093728913
 10
629587.7549643015
 20
4835964.660913637
  0
LWPOLYLINE
  5
171
330
17
100
AcDbEntity
  8
ROADS
100
AcDbPolyline
 90
3
 70
0
 10
629554.5954946037
 20
4836017.679456664
 10
629510.9234805317
 20
4835970.111619757
 10
629501.5255260735
 20
4835923.334494124
  0
LWPOLYLINE
  5
172
330
17
100
AcDbEntity
  8
ROADS
100
AcDbPolyline
 90
2
 70
0
 10
629580.5941603283
 20
4835963.093728913
 10
629568.8598287884
 20
4836004.053407053
  0
LWPOLYLINE
  5
173
330
17
100
AcDbEntity
  8
ROADS
100
AcDbPolyline
 90
2
 70
0
 10
629568.8598287884
 20
4836004.053407053
 10
629554.5954946037
 20
4836017.679456664
  0
LWPOLYLINE
  5
174
330
17
100
AcDbEntity
  8
ROADS
100
AcDbPolyline
 90
2
 70
0
 10
629568.8598287884
 20
4836004.053407053
 10
629570.3787812088
 20
4836012.825984423
  0
LWPOLYLINE
  5
175
330
17
100
AcDbEntity
  8
ROADS
100
AcDbPolyline
 90
2
 70
0
 10
629566.871929864
 20
4836022.450554416
 10
629554.5954946037
 20
4836017.679456664
  0
LWPOLYLINE
  5
176
330
17
100
AcDbEntity
  8
ROADS
100
AcDbPolyline
 90
2
 70
0
 10
629080.4575839137
 20
4835958.858354389
 10
629012.7769718122
 20
4835938.008336459
  0
LWPOLYLINE
  5
177
330
17
100
AcDbEntity
  8
ROADS
100
AcDbPolyline
 90
2
 70
0
 10
628943.3502108713
 20
4835917.160758049
 10
628913.398843532
 20
4836010.602527753
  0
LWPOLYLINE
  5
178
330
17
100
AcDbEntity
  8
ROADS
100
AcDbPolyline
 90
2
 70
0
 10
628882.716323537
 20
4835950.061753115
 10
628868.6381315968
 20
4835997.754421234
  0
LWPOLYLINE
  5
179
330
17
100
AcDbEntity
  8
ROADS
100
AcDbPolyline
 90
2
 70
0
 10
628913.398843532
 20
4836010.602527753
 10
628868.6381315968
 20
4835997.754421234
  0
LWPOLYLINE
  5
17A
330
17
100
AcDbEntity
  8
ROADS
100
AcDbPolyline
 90
2
 70
0
 10
628868.6381315968
 20
4835997.754421234
 10
628853.228349259
 20
4836045.751031285
  0
LWPOLYLINE
  5
17B
330
17
100
AcDbEntity
  8
ROADS
100
AcDbPolyline
 90
2
 70
0
 10
629012.7769718122
 20
4835938.008336459
 10
628958.2569368244
 20
4836113.089419815
  0
LWPOLYLINE
  5
17C
330
17
100
AcDbEntity
  8
ROADS
100
AcDbPolyline
 90
2
 70
0
 10
628913.398843532
 20
4836010.602527753
 10
628889.256774253
 20
4836092.211518967
  0
LWPOLYLINE
  5
17D
330
17
100
AcDbEntity
  8
ROADS
100
AcDbPolyline
 90
2
 70
0
 10
628853.228349259
 20
4836045.751031285
 10
628842.812331391
 20
4836078.678915457
  0
LWPOLYLINE
  5
17E
330
17
100
AcDbEntity
  8
ROADS
100
AcDbPolyline
 90
2
 70
0
 10
629080.4575839137
 20
4835958.858354389
 10
629006.7437507751
 20
4836189.774209767
  0
LWPOLYLINE
  5
17F
330
17
100
AcDbEntity
  8
ROADS
100
AcDbPolyline
 90
2
 70
0
 10
628958.2569368244
 20
4836113.089419815
 10
628889.256774253
 20
4836092.211518967
  0
LWPOLYLINE
  5
180
330
17
100
AcDbEntity
  8
ROADS
100
AcDbPolyline
 90
2
 70
0
 10
629126.2576248618
 20
4835813.49954816
 10
629080.4575839137
 20
4835958.858354389
  0
LWPOLYLINE
  5
181
330
17
100
AcDbEntity
  8
ROADS
100
AcDbPolyline
 90
2
 70
0
 10
629247.7084599168
 20
4835851.466816346
 10
629129.5701916389
 20
4836228.427519311
  0
LWPOLYLINE
  5
182
330
17
100
AcDbEntity
  8
ROADS
100
AcDbPolyline
 90
2
 70
0
 10
629203.6181158398
 20
4836250.943837656
 10
629129.5701916389
 20
4836228.427519311
  0
LWPOLYLINE
  5
183
330
17
100
AcDbEntity
  8
ROADS
100
AcDbPolyline
 90
2
 70
0
 10
629378.5539970234
 20
4836305.747990994
 10
629203.6181158398
 20
4836250.943837656
  0
LWPOLYLINE
  5
184
330
17
100
AcDbEntity
  8
ROADS
100
AcDbPolyline
 90
2
 70
0
 10
629203.6181158398
 20
4836250.943837656
 10
629159.8009664253
 20
4836384.579678082
  0
LWPOLYLINE
  5
185
330
17
100
AcDbEntity
  8
ROADS
100
AcDbPolyline
 90
2
 70
0
 10
629159.8009664253
 20
4836384.579678082
 10
629139.2427761228
 20
4836449.942402857
  0
LWPOLYLINE
  5
186
330
17
100
AcDbEntity
  8
ROADS
100
AcDbPolyline
 90
2
 70
0
 10
629243.1802118478
 20
4836410.618643541
 10
629159.8009664253
 20
4836384.579678082
  0
LWPOLYLINE
  5
187
330
17
100
AcDbEntity
  8
ROADS
100
AcDbPolyline
 90
2
 70
0
 10
629139.2427761228
 20
4836449.942402857
 10
629106.3718665903
 20
4836458.774171225
  0
LWPOLYLINE
  5
188
330
17
100
AcDbEntity
  8
ROADS
100
AcDbPolyline
 90
2
 70
0
 10
629106.3718665903
 20
4836458.774171225
 10
629078.290989747
 20
4836466.958501482
  0
LWPOLYLINE
  5
189
330
17
100
AcDbEntity
  8
ROADS
100
AcDbPolyline
 90
2
 70
0
 10
629106.3718665903
 20
4836458.774171225
 10
629096.845666781
 20
4836469.645165598
  0
LWPOLYLINE
  5
18A
330
17
100
AcDbEntity
  8
ROADS
100
AcDbPolyline
 90
2
 70
0
 10
629530.1655948199
 20
4836008.233128343
 10
629564.9813412934
 20
4836027.63928363
  0
LWPOLYLINE
  5
18B
330
17
100
AcDbEntity
  8
ROADS
100
AcDbPolyline
 90
2
 70
0
 10
629530.1655948199
 20
4836008.233128343
 10
629546.224844346
 20
4836070.04299245
  0
LWPOLYLINE
  5
18C
330
17
100
AcDbEntity
  8
ROADS
100
AcDbPolyline
 90
2
 70
0
 10
628958.2569368244
 20
4836113.089419815
 10
628988.1350479531
 20
4836122.43123559
  0
LWPOLYLINE
  5
18D
330
17
100
AcDbEntity
  8
ROADS
100
AcDbPolyline
 90
2
 70
0
 10
628889.256774253
 20
4836092.211518967
 10
628872.1470451895
 20
4836148.54995146
  0
LWPOLYLINE
  5
18E
330
17
100
AcDbEntity
  8
ROADS
100
AcDbPolyline
 90
2
 70
0
 10
629006.7437507751
 20
4836189.774209767
 10
628872.1470451895
 20
4836148.54995146
  0
LWPOLYLINE
  5
18F
330
17
100
AcDbEntity
  8
ROADS
100
AcDbPolyline
 90
2
 70
0
 10
629129.5701916389
 20
4836228.427519311
 10
629006.7437507751
 20
4836189.774209767
  0
LWPOLYLINE
  5
190
330
17
100
AcDbEntity
  8
ROADS
100
AcDbPolyline
 90
2
 70
0
 10
628872.1470451895
 20
4836148.54995146
 10
628830.6988454008
 20
4836281.593463575
  0
LWPOLYLINE
  5
191
330
17
100
AcDbEntity
  8
ROADS
100
AcDbPolyline
 90
2
 70
0
 10
629006.7437507751
 20
4836189.774209767
 10
628965.7301663508
 20
4836323.889700663
  0
LWPOLYLINE
  5
192
330
17
100
AcDbEntity
  8
ROADS
100
AcDbPolyline
 90
2
 70
0
 10
628965.7301663508
 20
4836323.889700663
 10
628830.6988454008
 20
4836281.593463575
  0
LWPOLYLINE
  5
193
330
17
100
AcDbEntity
  8
ROADS
100
AcDbPolyline
 90
2
 70
0
 10
629159.8009664253
 20
4836384.579678082
 10
628965.7301663508
 20
4836323.889700663
  0
LWPOLYLINE
  5
194
330
17
100
AcDbEntity
  8
ROADS
100
AcDbPolyline
 90
2
 70
0
 10
628965.7301663508
 20
4836323.889700663
 10
628927.7892305198
 20
4836442.270659505
  0
LWPOLYLINE
  5
195
330
17
100
AcDbEntity
  8
ROADS
100
AcDbPolyline
 90
2
 70
0
 10
628861.7110368796
 20
4836383.022956381
 10
628844.8564971723
 20
4836397.4811842805
  0
LWPOLYLINE
  5
196
330
17
100
AcDbEntity
  8
ROADS
100
AcDbPolyline
 90
2
 70
0
 10
629106.3718665903
 20
4836458.774171225
 10
629106.4852602399
 20
4836475.123827314
  0
LWPOLYLINE
  5
197
330
17
100
AcDbEntity
  8
ROADS
100
AcDbPolyline
 90
2
 70
0
 10
629096.845666781
 20
4836469.645165598
 10
629078.290989747
 20
4836466.958501482
  0
LWPOLYLINE
  5
198
330
17
100
AcDbEntity
  8
ROADS
100
AcDbPolyline
 90
2
 70
0
 10
629096.845666781
 20
4836469.645165598
 10
629106.4852602399
 20
4836475.123827314
  0
LWPOLYLINE
  5
199
330
17
100
AcDbEntity
  8
ROADS
100
AcDbPolyline
 90
2
 70
0
 10
629139.2427761228
 20
4836449.942402857
 10
629135.2851734015
 20
4836466.971192968
  0
LWPOLYLINE
  5
19A
330
17
100
AcDbEntity
  8
ROADS
100
AcDbPolyline
 90
2
 70
0
 10
629106.4852602399
 20
4836475.123827314
 10
629108.2081877482
 20
4836477.586909529
  0
LWPOLYLINE
  5
19B
330
17
100
AcDbEntity
  8
ROADS
100
AcDbPolyline
 90
2
 70
0
 10
629076.8939477863
 20
4836488.682245646
 10
629071.2540956095
 20
4836486.947619087
  0
LWPOLYLINE
  5
19C
330
17
100
AcDbEntity
  8
ROADS
100
AcDbPolyline
 90
2
 70
0
 10
628834.5830133564
 20
4836385.744649698
 10
628844.8564971723
 20
4836397.4811842805
  0
LWPOLYLINE
  5
19D
330
17
100
AcDbEntity
  8
ROADS
100
AcDbPolyline
 90
2
 70
0
 10
628844.8564971723
 20
4836397.4811842805
 10
628856.5355471838
 20
4836420.197867524
  0
LWPOLYLINE
  5
19E
330
17
100
AcDbEntity
  8
ROADS
100
AcDbPolyline
 90
2
 70
0
 10
628927.7892305198
 20
4836442.270659505
 10
628856.5355471838
 20
4836420.197867524
  0
LWPOLYLINE
  5
19F
330
17
100
AcDbEntity
  8
ROADS
100
AcDbPolyline
 90
2
 70
0
 10
629033.2112574703
 20
4836475.514002857
 10
628927.7892305198
 20
4836442.270659505
  0
LWPOLYLINE
  5
1A0
330
17
100
AcDbEntity
  8
ROADS
100
AcDbPolyline
 90
2
 70
0
 10
629078.290989747
 20
4836466.958501482
 10
629071.2540956095
 20
4836486.947619087
  0
LWPOLYLINE
  5
1A1
330
17
100
AcDbEntity
  8
ROADS
100
AcDbPolyline
 90
2
 70
0
 10
629071.2540956095
 20
4836486.947619087
 10
629033.2112574703
 20
4836475.514002857
  0
LWPOLYLINE
  5
1A2
330
17
100
AcDbEntity
  8
ROADS
100
AcDbPolyline
 90
2
 70
0
 10
628927.7892305198
 20
4836442.270659505
 10
628899.253815565
 20
4836527.37842817
  0
LWPOLYLINE
  5
1A3
330
17
100
AcDbEntity
  8
ROADS
100
AcDbPolyline
 90
2
 70
0
 10
629033.2112574703
 20
4836475.514002857
 10
629024.1177686926
 20
4836504.341448363
  0
LWPOLYLINE
  5
1A4
330
17
100
AcDbEntity
  8
ROADS
100
AcDbPolyline
 90
2
 70
0
 10
628377.634183609
 20
4835348.773913678
 10
628365.6972384793
 20
4835387.947685161
  0
LWPOLYLINE
  5
1A5
330
17
100
AcDbEntity
  8
ROADS
100
AcDbPolyline
 90
2
 70
0
 10
628484.6123902171
 20
4835379.353817506
 10
628431.2184818167
 20
4835363.942576152
  0
LWPOLYLINE
  5
1A6
330
17
100
AcDbEntity
  8
ROADS
100
AcDbPolyline
 90
2
 70
0
 10
628431.2184818167
 20
4835363.942576152
 10
628418.6262751616
 20
4835404.234581126
  0
LWPOLYLINE
  5
1A7
330
17
100
AcDbEntity
  8
ROADS
100
AcDbPolyline
 90
2
 70
0
 10
628527.0649199365
 20
4835391.870079221
 10
628484.6123902171
 20
4835379.353817506
  0
LWPOLYLINE
  5
1A8
330
17
100
AcDbEntity
  8
ROADS
100
AcDbPolyline
 90
2
 70
0
 10
628547.9344140916
 20
4835397.837742538
 10
628527.0649199365
 20
4835391.870079221
  0
LWPOLYLINE
  5
1A9
330
17
100
AcDbEntity
  8
ROADS
100
AcDbPolyline
 90
2
 70
0
 10
628418.6262751616
 20
4835404.234581126
 10
628365.6972384793
 20
4835387.947685161
  0
LWPOLYLINE
  5
1AA
330
17
100
AcDbEntity
  8
ROADS
100
AcDbPolyline
 90
2
 70
0
 10
628484.6123902171
 20
4835379.353817506
 10
628473.4232313063
 20
4835414.724868879
  0
LWPOLYLINE
  5
1AB
330
17
100
AcDbEntity
  8
ROADS
100
AcDbPolyline
 90
2
 70
0
 10
628519.4915379568
 20
4835428.151559513
 10
628473.4232313063
 20
4835414.724868879
  0
LWPOLYLINE
  5
1AC
330
17
100
AcDbEntity
  8
ROADS
100
AcDbPolyline
 90
2
 70
0
 10
628567.6940205595
 20
4835446.914686879
 10
628519.4915379568
 20
4835428.151559513
  0
LWPOLYLINE
  5
1AD
330
17
100
AcDbEntity
  8
ROADS
100
AcDbPolyline
 90
2
 70
0
 10
628267.9204495566
 20
4835522.444872292
 10
628319.009467192
 20
4835366.303271333
  0
LWPOLYLINE
  5
1AE
330
17
100
AcDbEntity
  8
ROADS
100
AcDbPolyline
 90
2
 70
0
 10
628673.4582046126
 20
4835435.315395091
 10
628662.4890514147
 20
4835479.205006402
  0
LWPOLYLINE
  5
1AF
330
17
100
AcDbEntity
  8
ROADS
100
AcDbPolyline
 90
2
 70
0
 10
628816.4486817642
 20
4835472.987847288
 10
628755.4262962361
 20
4835452.704346649
  0
LWPOLYLINE
  5
1B0
330
17
100
AcDbEntity
  8
ROADS
100
AcDbPolyline
 90
2
 70
0
 10
628662.4890514147
 20
4835479.205006402
 10
628567.6940205595
 20
4835446.914686879
  0
LWPOLYLINE
  5
1B1
330
17
100
AcDbEntity
  8
ROADS
100
AcDbPolyline
 90
2
 70
0
 10
628841.8815889615
 20
4835480.997153449
 10
628816.4486817642
 20
4835472.987847288
  0
LWPOLYLINE
  5
1B2
330
17
100
AcDbEntity
  8
ROADS
100
AcDbPolyline
 90
2
 70
0
 10
628755.4262962361
 20
4835452.704346649
 10
628738.0474830023
 20
4835502.442483993
  0
LWPOLYLINE
  5
1B3
330
17
100
AcDbEntity
  8
ROADS
100
AcDbPolyline
 90
3
 70
0
 10
628690.8552249387
 20
4835388.026755707
 10
628729.3207604091
 20
4835399.201861374
 10
628669.7336621387
 20
4835591.212398367
  0
LWPOLYLINE
  5
1B4
330
17
100
AcDbEntity
  8
ROADS
100
AcDbPolyline
 90
2
 70
0
 10
628816.4486817642
 20
4835472.987847288
 10
628801.042981304
 20
4835521.924609133
  0
LWPOLYLINE
  5
1B5
330
17
100
AcDbEntity
  8
ROADS
100
AcDbPolyline
 90
2
 70
0
 10
628801.042981304
 20
4835521.924609133
 10
628738.0474830023
 20
4835502.442483993
  0
LWPOLYLINE
  5
1B6
330
17
100
AcDbEntity
  8
ROADS
100
AcDbPolyline
 90
2
 70
0
 10
628662.4890514147
 20
4835479.205006402
 10
628631.0260696434
 20
4835580.150904051
  0
LWPOLYLINE
  5
1B7
330
17
100
AcDbEntity
  8
ROADS
100
AcDbPolyline
 90
2
 70
0
 10
628801.042981304
 20
4835521.924609133
 10
628789.0767407895
 20
4835560.614862583
  0
LWPOLYLINE
  5
1B8
330
17
100
AcDbEntity
  8
ROADS
100
AcDbPolyline
 90
2
 70
0
 10
628365.6972384793
 20
4835387.947685161
 10
628318.1268849265
 20
4835539.030585314
  0
LWPOLYLINE
  5
1B9
330
17
100
AcDbEntity
  8
ROADS
100
AcDbPolyline
 90
2
 70
0
 10
628418.6262751616
 20
4835404.234581126
 10
628371.6368306859
 20
4835554.82597258
  0
LWPOLYLINE
  5
1BA
330
17
100
AcDbEntity
  8
ROADS
100
AcDbPolyline
 90
2
 70
0
 10
628473.4232313063
 20
4835414.724868879
 10
628425.0572856227
 20
4835570.316726963
  0
LWPOLYLINE
  5
1BB
330
17
100
AcDbEntity
  8
ROADS
100
AcDbPolyline
 90
2
 70
0
 10
628519.4915379568
 20
4835428.151559513
 10
628470.8635292513
 20
4835583.468681547
  0
LWPOLYLINE
  5
1BC
330
17
100
AcDbEntity
  8
ROADS
100
AcDbPolyline
 90
2
 70
0
 10
628567.6940205595
 20
4835446.914686879
 10
628520.4798203531
 20
4835596.687522787
  0
LWPOLYLINE
  5
1BD
330
17
100
AcDbEntity
  8
ROADS
100
AcDbPolyline
 90
2
 70
0
 10
628318.1268849265
 20
4835539.030585314
 10
628267.9204495566
 20
4835522.444872292
  0
LWPOLYLINE
  5
1BE
330
17
100
AcDbEntity
  8
ROADS
100
AcDbPolyline
 90
2
 70
0
 10
628371.6368306859
 20
4835554.82597258
 10
628318.1268849265
 20
4835539.030585314
  0
LWPOLYLINE
  5
1BF
330
17
100
AcDbEntity
  8
ROADS
100
AcDbPolyline
 90
2
 70
0
 10
628425.0572856227
 20
4835570.316726963
 10
628371.6368306859
 20
4835554.82597258
  0
LWPOLYLINE
  5
1C0
330
17
100
AcDbEntity
  8
ROADS
100
AcDbPolyline
 90
2
 70
0
 10
628470.8635292513
 20
4835583.468681547
 10
628425.0572856227
 20
4835570.316726963
  0
LWPOLYLINE
  5
1C1
330
17
100
AcDbEntity
  8
ROADS
100
AcDbPolyline
 90
2
 70
0
 10
628520.4798203531
 20
4835596.687522787
 10
628470.8635292513
 20
4835583.468681547
  0
LWPOLYLINE
  5
1C2
330
17
100
AcDbEntity
  8
ROADS
100
AcDbPolyline
 90
2
 70
0
 10
628074.5185289495
 20
4835463.941780737
 10
628023.9372791399
 20
4835449.116427911
  0
LWPOLYLINE
  5
1C3
330
17
100
AcDbEntity
  8
ROADS
100
AcDbPolyline
 90
2
 70
0
 10
628121.898604576
 20
4835478.157228116
 10
628074.5185289495
 20
4835463.941780737
  0
LWPOLYLINE
  5
1C4
330
17
100
AcDbEntity
  8
ROADS
100
AcDbPolyline
 90
2
 70
0
 10
628183.0064964935
 20
4835455.3704502
 10
628170.8640550573
 20
4835493.132388854
  0
LWPOLYLINE
  5
1C5
330
17
100
AcDbEntity
  8
ROADS
100
AcDbPolyline
 90
2
 70
0
 10
628170.8640550573
 20
4835493.132388854
 10
628121.898604576
 20
4835478.157228116
  0
LWPOLYLINE
  5
1C6
330
17
100
AcDbEntity
  8
ROADS
100
AcDbPolyline
 90
2
 70
0
 10
628220.5457368623
 20
4835508.595533552
 10
628170.8640550573
 20
4835493.132388854
  0
LWPOLYLINE
  5
1C7
330
17
100
AcDbEntity
  8
ROADS
100
AcDbPolyline
 90
2
 70
0
 10
628023.9372791399
 20
4835449.116427911
 10
627984.1079923132
 20
4835576.438583441
  0
LWPOLYLINE
  5
1C8
330
17
100
AcDbEntity
  8
ROADS
100
AcDbPolyline
 90
2
 70
0
 10
628267.9204495566
 20
4835522.444872292
 10
628220.5457368623
 20
4835508.595533552
  0
LWPOLYLINE
  5
1C9
330
17
100
AcDbEntity
  8
ROADS
100
AcDbPolyline
 90
2
 70
0
 10
628121.898604576
 20
4835478.157228116
 10
628082.3367818393
 20
4835605.951283422
  0
LWPOLYLINE
  5
1CA
330
17
100
AcDbEntity
  8
ROADS
100
AcDbPolyline
 90
2
 70
0
 10
628170.8640550573
 20
4835493.132388854
 10
628131.3046621241
 20
4835620.625485691
  0
LWPOLYLINE
  5
1CB
330
17
100
AcDbEntity
  8
ROADS
100
AcDbPolyline
 90
2
 70
0
 10
628220.5457368623
 20
4835508.595533552
 10
628180.4599718995
 20
4835635.830114916
  0
LWPOLYLINE
  5
1CC
330
17
100
AcDbEntity
  8
ROADS
100
AcDbPolyline
 90
2
 70
0
 10
628738.0474830023
 20
4835502.442483993
 10
628708.1489786223
 20
4835603.228674738
  0
LWPOLYLINE
  5
1CD
330
17
100
AcDbEntity
  8
ROADS
100
AcDbPolyline
 90
2
 70
0
 10
628789.0767407895
 20
4835560.614862583
 10
628765.6173315033
 20
4835559.610694925
  0
LWPOLYLINE
  5
1CE
330
17
100
AcDbEntity
  8
ROADS
100
AcDbPolyline
 90
2
 70
0
 10
628570.4374880156
 20
4835609.7765307315
 10
628602.8289243353
 20
4835518.434073218
  0
LWPOLYLINE
  5
1CF
330
17
100
AcDbEntity
  8
ROADS
100
AcDbPolyline
 90
2
 70
0
 10
628631.0260696434
 20
4835580.150904051
 10
628669.7336621387
 20
4835591.212398367
  0
LWPOLYLINE
  5
1D0
330
17
100
AcDbEntity
  8
ROADS
100
AcDbPolyline
 90
2
 70
0
 10
628789.0767407895
 20
4835560.614862583
 10
628769.9643994373
 20
4835621.797422662
  0
LWPOLYLINE
  5
1D1
330
17
100
AcDbEntity
  8
ROADS
100
AcDbPolyline
 90
2
 70
0
 10
628669.7336621387
 20
4835591.212398367
 10
628708.1489786223
 20
4835603.228674738
  0
LWPOLYLINE
  5
1D2
330
17
100
AcDbEntity
  8
ROADS
100
AcDbPolyline
 90
2
 70
0
 10
628631.0260696434
 20
4835580.150904051
 10
628616.931755116
 20
4835624.9220662005
  0
LWPOLYLINE
  5
1D3
330
17
100
AcDbEntity
  8
ROADS
100
AcDbPolyline
 90
2
 70
0
 10
628769.9643994373
 20
4835621.797422662
 10
628708.1489786223
 20
4835603.228674738
  0
LWPOLYLINE
  5
1D4
330
17
100
AcDbEntity
  8
ROADS
100
AcDbPolyline
 90
2
 70
0
 10
628616.931755116
 20
4835624.9220662005
 10
628570.4374880156
 20
4835609.7765307315
  0
LWPOLYLINE
  5
1D5
330
17
100
AcDbEntity
  8
ROADS
100
AcDbPolyline
 90
2
 70
0
 10
628708.1489786223
 20
4835603.228674738
 10
628693.6259104895
 20
4835648.482127155
  0
LWPOLYLINE
  5
1D6
330
17
100
AcDbEntity
  8
ROADS
100
AcDbPolyline
 90
2
 70
0
 10
628693.6259104895
 20
4835648.482127155
 10
628616.931755116
 20
4835624.9220662005
  0
LWPOLYLINE
  5
1D7
330
17
100
AcDbEntity
  8
ROADS
100
AcDbPolyline
 90
2
 70
0
 10
628769.9643994373
 20
4835621.797422662
 10
628756.3784196577
 20
4835667.878878829
  0
LWPOLYLINE
  5
1D8
330
17
100
AcDbEntity
  8
ROADS
100
AcDbPolyline
 90
2
 70
0
 10
628616.931755116
 20
4835624.9220662005
 10
628599.7787150698
 20
4835674.534247746
  0
LWPOLYLINE
  5
1D9
330
17
100
AcDbEntity
  8
ROADS
100
AcDbPolyline
 90
2
 70
0
 10
628756.3784196577
 20
4835667.878878829
 10
628693.6259104895
 20
4835648.482127155
  0
LWPOLYLINE
  5
1DA
330
17
100
AcDbEntity
  8
ROADS
100
AcDbPolyline
 90
2
 70
0
 10
628693.6259104895
 20
4835648.482127155
 10
628679.7038444681
 20
4835695.175536452
  0
LWPOLYLINE
  5
1DB
330
17
100
AcDbEntity
  8
ROADS
100
AcDbPolyline
 90
2
 70
0
 10
628783.4654072798
 20
4835676.470140396
 10
628756.3784196577
 20
4835667.878878829
  0
LWPOLYLINE
  5
1DC
330
17
100
AcDbEntity
  8
ROADS
100
AcDbPolyline
 90
2
 70
0
 10
628833.0574648386
 20
4835690.395616037
 10
628783.4654072798
 20
4835676.470140396
  0
LWPOLYLINE
  5
1DD
330
17
100
AcDbEntity
  8
ROADS
100
AcDbPolyline
 90
2
 70
0
 10
628756.3784196577
 20
4835667.878878829
 10
628742.3638281112
 20
4835714.047588515
  0
LWPOLYLINE
  5
1DE
330
17
100
AcDbEntity
  8
ROADS
100
AcDbPolyline
 90
3
 70
0
 10
628783.4654072798
 20
4835676.470140396
 10
628767.9061281411
 20
4835722.200898604
 10
628742.3638281112
 20
4835714.047588515
  0
LWPOLYLINE
  5
1DF
330
17
100
AcDbEntity
  8
ROADS
100
AcDbPolyline
 90
2
 70
0
 10
628742.3638281112
 20
4835714.047588515
 10
628679.7038444681
 20
4835695.175536452
  0
LWPOLYLINE
  5
1E0
330
17
100
AcDbEntity
  8
ROADS
100
AcDbPolyline
 90
2
 70
0
 10
628570.4374880156
 20
4835609.7765307315
 10
628520.4798203531
 20
4835596.687522787
  0
LWPOLYLINE
  5
1E1
330
17
100
AcDbEntity
  8
ROADS
100
AcDbPolyline
 90
2
 70
0
 10
628470.8635292513
 20
4835583.468681547
 10
628448.5899177054
 20
4835655.607750831
  0
LWPOLYLINE
  5
1E2
330
17
100
AcDbEntity
  8
ROADS
100
AcDbPolyline
 90
2
 70
0
 10
628520.4798203531
 20
4835596.687522787
 10
628496.9782410088
 20
4835672.8026638
  0
LWPOLYLINE
  5
1E3
330
17
100
AcDbEntity
  8
ROADS
100
AcDbPolyline
 90
2
 70
0
 10
628425.0572856227
 20
4835570.316726963
 10
628370.814843838
 20
4835743.94348234
  0
LWPOLYLINE
  5
1E4
330
17
100
AcDbEntity
  8
ROADS
100
AcDbPolyline
 90
2
 70
0
 10
628448.5899177054
 20
4835655.607750831
 10
628496.9782410088
 20
4835672.8026638
  0
LWPOLYLINE
  5
1E5
330
17
100
AcDbEntity
  8
ROADS
100
AcDbPolyline
 90
2
 70
0
 10
628448.5899177054
 20
4835655.607750831
 10
628416.7368072893
 20
4835757.995609774
  0
LWPOLYLINE
  5
1E6
330
17
100
AcDbEntity
  8
ROADS
100
AcDbPolyline
 90
2
 70
0
 10
628496.9782410088
 20
4835672.8026638
 10
628466.3456526386
 20
4835772.676436344
  0
LWPOLYLINE
  5
1E7
330
17
100
AcDbEntity
  8
ROADS
100
AcDbPolyline
 90
2
 70
0
 10
628416.7368072893
 20
4835757.995609774
 10
628370.814843838
 20
4835743.94348234
  0
LWPOLYLINE
  5
1E8
330
17
100
AcDbEntity
  8
ROADS
100
AcDbPolyline
 90
2
 70
0
 10
628466.3456526386
 20
4835772.676436344
 10
628416.7368072893
 20
4835757.995609774
  0
LWPOLYLINE
  5
1E9
330
17
100
AcDbEntity
  8
ROADS
100
AcDbPolyline
 90
2
 70
0
 10
628508.0142378114
 20
4835785.130570537
 10
628466.3456526386
 20
4835772.676436344
  0
LWPOLYLINE
  5
1EA
330
17
100
AcDbEntity
  8
ROADS
100
AcDbPolyline
 90
2
 70
0
 10
628833.0574648386
 20
4835690.395616037
 10
628806.721269225
 20
4835778.756392825
  0
LWPOLYLINE
  5
1EB
330
17
100
AcDbEntity
  8
ROADS
100
AcDbPolyline
 90
2
 70
0
 10
628599.7787150698
 20
4835674.534247746
 10
628562.0997688298
 20
4835801.726464314
  0
LWPOLYLINE
  5
1EC
330
17
100
AcDbEntity
  8
ROADS
100
AcDbPolyline
 90
3
 70
0
 10
628599.7787150698
 20
4835674.534247746
 10
628639.5790442686
 20
4835684.231083296
 10
628602.4689905676
 20
4835810.545874233
  0
LWPOLYLINE
  5
1ED
330
17
100
AcDbEntity
  8
ROADS
100
AcDbPolyline
 90
2
 70
0
 10
628679.7038444681
 20
4835695.175536452
 10
628639.7143252455
 20
4835822.556021194
  0
LWPOLYLINE
  5
1EE
330
17
100
AcDbEntity
  8
ROADS
100
AcDbPolyline
 90
2
 70
0
 10
628742.3638281112
 20
4835714.047588515
 10
628702.6834702368
 20
4835842.5257571945
  0
LWPOLYLINE
  5
1EF
330
17
100
AcDbEntity
  8
ROADS
100
AcDbPolyline
 90
2
 70
0
 10
628602.4689905676
 20
4835810.545874233
 10
628562.0997688298
 20
4835801.726464314
  0
LWPOLYLINE
  5
1F0
330
17
100
AcDbEntity
  8
ROADS
100
AcDbPolyline
 90
2
 70
0
 10
628639.7143252455
 20
4835822.556021194
 10
628602.4689905676
 20
4835810.545874233
  0
LWPOLYLINE
  5
1F1
330
17
100
AcDbEntity
  8
ROADS
100
AcDbPolyline
 90
2
 70
0
 10
628806.721269225
 20
4835778.756392825
 10
628779.4522123238
 20
4835865.390175856
  0
LWPOLYLINE
  5
1F2
330
17
100
AcDbEntity
  8
ROADS
100
AcDbPolyline
 90
2
 70
0
 10
628602.4689905676
 20
4835810.545874233
 10
628589.8289074836
 20
4835848.227846011
  0
LWPOLYLINE
  5
1F3
330
17
100
AcDbEntity
  8
ROADS
100
AcDbPolyline
 90
2
 70
0
 10
628702.6834702368
 20
4835842.5257571945
 10
628639.7143252455
 20
4835822.556021194
  0
LWPOLYLINE
  5
1F4
330
17
100
AcDbEntity
  8
ROADS
100
AcDbPolyline
 90
2
 70
0
 10
628238.0755583919
 20
4835794.369015486
 10
628193.6566885305
 20
4835779.876035581
  0
LWPOLYLINE
  5
1F5
330
17
100
AcDbEntity
  8
ROADS
100
AcDbPolyline
 90
2
 70
0
 10
628291.8644937001
 20
4835809.777458661
 10
628238.0755583919
 20
4835794.369015486
  0
LWPOLYLINE
  5
1F6
330
17
100
AcDbEntity
  8
ROADS
100
AcDbPolyline
 90
2
 70
0
 10
628042.0766308628
 20
4835733.426664058
 10
627998.5527404033
 20
4835876.693025257
  0
LWPOLYLINE
  5
1F7
330
17
100
AcDbEntity
  8
ROADS
100
AcDbPolyline
 90
2
 70
0
 10
628140.2325865354
 20
4835763.815154917
 10
628096.0589516428
 20
4835906.012738602
  0
LWPOLYLINE
  5
1F8
330
17
100
AcDbEntity
  8
ROADS
100
AcDbPolyline
 90
2
 70
0
 10
628193.6566885305
 20
4835779.876035581
 10
628144.2482505345
 20
4835921.821982749
  0
LWPOLYLINE
  5
1F9
330
17
100
AcDbEntity
  8
ROADS
100
AcDbPolyline
 90
2
 70
0
 10
628238.0755583919
 20
4835794.369015486
 10
628193.1397572837
 20
4835939.116023054
  0
LWPOLYLINE
  5
1FA
330
17
100
AcDbEntity
  8
ROADS
100
AcDbPolyline
 90
2
 70
0
 10
628096.0589516428
 20
4835906.012738602
 10
627998.5527404033
 20
4835876.693025257
  0
LWPOLYLINE
  5
1FB
330
17
100
AcDbEntity
  8
ROADS
100
AcDbPolyline
 90
2
 70
0
 10
628144.2482505345
 20
4835921.821982749
 10
628096.0589516428
 20
4835906.012738602
  0
LWPOLYLINE
  5
1FC
330
17
100
AcDbEntity
  8
ROADS
100
AcDbPolyline
 90
2
 70
0
 10
628096.0589516428
 20
4835906.012738602
 10
628082.9481210046
 20
4835947.385377388
  0
LWPOLYLINE
  5
1FD
330
17
100
AcDbEntity
  8
ROADS
100
AcDbPolyline
 90
2
 70
0
 10
628193.1397572837
 20
4835939.116023054
 10
628144.2482505345
 20
4835921.821982749
  0
LWPOLYLINE
  5
1FE
330
17
100
AcDbEntity
  8
ROADS
100
AcDbPolyline
 90
2
 70
0
 10
628370.814843838
 20
4835743.94348234
 10
628344.254476045
 20
4835825.344625503
  0
LWPOLYLINE
  5
1FF
330
17
100
AcDbEntity
  8
ROADS
100
AcDbPolyline
 90
2
 70
0
 10
628562.0997688298
 20
4835801.726464314
 10
628508.0142378114
 20
4835785.130570537
  0
LWPOLYLINE
  5
200
330
17
100
AcDbEntity
  8
ROADS
100
AcDbPolyline
 90
2
 70
0
 10
628344.254476045
 20
4835825.344625503
 10
628291.8644937001
 20
4835809.777458661
  0
LWPOLYLINE
  5
201
330
17
100
AcDbEntity
  8
ROADS
100
AcDbPolyline
 90
2
 70
0
 10
628562.0997688298
 20
4835801.726464314
 10
628551.1628035996
 20
4835835.646974286
  0
LWPOLYLINE
  5
202
330
17
100
AcDbEntity
  8
ROADS
100
AcDbPolyline
 90
2
 70
0
 10
628416.7368072893
 20
4835757.995609774
 10
628360.9132064176
 20
4835936.930093168
  0
LWPOLYLINE
  5
203
330
17
100
AcDbEntity
  8
ROADS
100
AcDbPolyline
 90
3
 70
0
 10
628291.8644937001
 20
4835809.777458661
 10
628271.0469492894
 20
4835877.767529242
 10
628324.3052141783
 20
4835893.598420802
  0
LWPOLYLINE
  5
204
330
17
100
AcDbEntity
  8
ROADS
100
AcDbPolyline
 90
2
 70
0
 10
628344.254476045
 20
4835825.344625503
 10
628324.3052141783
 20
4835893.598420802
  0
LWPOLYLINE
  5
205
330
17
100
AcDbEntity
  8
ROADS
100
AcDbPolyline
 90
2
 70
0
 10
628466.3456526386
 20
4835772.676436344
 10
628408.6533339316
 20
4835953.468280693
  0
LWPOLYLINE
  5
206
330
17
100
AcDbEntity
  8
ROADS
100
AcDbPolyline
 90
2
 70
0
 10
628508.0142378114
 20
4835785.130570537
 10
628459.4981306532
 20
4835969.538572324
  0
LWPOLYLINE
  5
207
330
17
100
AcDbEntity
  8
ROADS
100
AcDbPolyline
 90
2
 70
0
 10
628551.1628035996
 20
4835835.646974286
 10
628504.6180431333
 20
4835982.595168169
  0
LWPOLYLINE
  5
208
330
17
100
AcDbEntity
  8
ROADS
100
AcDbPolyline
 90
2
 70
0
 10
628082.3367818393
 20
4835605.951283422
 10
627984.1079923132
 20
4835576.438583441
  0
LWPOLYLINE
  5
209
330
17
100
AcDbEntity
  8
ROADS
100
AcDbPolyline
 90
2
 70
0
 10
628131.3046621241
 20
4835620.625485691
 10
628082.3367818393
 20
4835605.951283422
  0
LWPOLYLINE
  5
20A
330
17
100
AcDbEntity
  8
ROADS
100
AcDbPolyline
 90
2
 70
0
 10
628180.4599718995
 20
4835635.830114916
 10
628131.3046621241
 20
4835620.625485691
  0
LWPOLYLINE
  5
20B
330
17
100
AcDbEntity
  8
ROADS
100
AcDbPolyline
 90
2
 70
0
 10
628082.3367818393
 20
4835605.951283422
 10
628042.0766308628
 20
4835733.426664058
  0
LWPOLYLINE
  5
20C
330
17
100
AcDbEntity
  8
ROADS
100
AcDbPolyline
 90
2
 70
0
 10
628131.3046621241
 20
4835620.625485691
 10
628091.488872503
 20
4835749.520008431
  0
LWPOLYLINE
  5
20D
330
17
100
AcDbEntity
  8
ROADS
100
AcDbPolyline
 90
2
 70
0
 10
628180.4599718995
 20
4835635.830114916
 10
628140.2325865354
 20
4835763.815154917
  0
LWPOLYLINE
  5
20E
330
17
100
AcDbEntity
  8
ROADS
100
AcDbPolyline
 90
2
 70
0
 10
628042.0766308628
 20
4835733.426664058
 10
627993.823307246
 20
4835719.112390268
  0
LWPOLYLINE
  5
20F
330
17
100
AcDbEntity
  8
ROADS
100
AcDbPolyline
 90
2
 70
0
 10
628091.488872503
 20
4835749.520008431
 10
628042.0766308628
 20
4835733.426664058
  0
LWPOLYLINE
  5
210
330
17
100
AcDbEntity
  8
ROADS
100
AcDbPolyline
 90
2
 70
0
 10
628140.2325865354
 20
4835763.815154917
 10
628091.488872503
 20
4835749.520008431
  0
LWPOLYLINE
  5
211
330
17
100
AcDbEntity
  8
ROADS
100
AcDbPolyline
 90
2
 70
0
 10
628193.6566885305
 20
4835779.876035581
 10
628140.2325865354
 20
4835763.815154917
  0
LWPOLYLINE
  5
212
330
17
100
AcDbEntity
  8
ROADS
100
AcDbPolyline
 90
2
 70
0
 10
627984.1079923132
 20
4835576.438583441
 10
627943.8362639112
 20
4835704.057729871
  0
LWPOLYLINE
  5
213
330
17
100
AcDbEntity
  8
ROADS
100
AcDbPolyline
 90
2
 70
0
 10
627796.3972279086
 20
4835659.729423545
 10
627747.2104862974
 20
4835644.994268838
  0
LWPOLYLINE
  5
214
330
17
100
AcDbEntity
  8
ROADS
100
AcDbPolyline
 90
2
 70
0
 10
627845.5114222219
 20
4835674.55027639
 10
627796.3972279086
 20
4835659.729423545
  0
LWPOLYLINE
  5
215
330
17
100
AcDbEntity
  8
ROADS
100
AcDbPolyline
 90
2
 70
0
 10
627891.3695087864
 20
4835688.536214511
 10
627845.5114222219
 20
4835674.55027639
  0
LWPOLYLINE
  5
216
330
17
100
AcDbEntity
  8
ROADS
100
AcDbPolyline
 90
2
 70
0
 10
627943.8362639112
 20
4835704.057729871
 10
627891.3695087864
 20
4835688.536214511
  0
LWPOLYLINE
  5
217
330
17
100
AcDbEntity
  8
ROADS
100
AcDbPolyline
 90
2
 70
0
 10
627796.3972279086
 20
4835659.729423545
 10
627759.4078154452
 20
4835748.235341817
  0
LWPOLYLINE
  5
218
330
17
100
AcDbEntity
  8
ROADS
100
AcDbPolyline
 90
2
 70
0
 10
627993.823307246
 20
4835719.112390268
 10
627943.8362639112
 20
4835704.057729871
  0
LWPOLYLINE
  5
219
330
17
100
AcDbEntity
  8
ROADS
100
AcDbPolyline
 90
2
 70
0
 10
627845.5114222219
 20
4835674.55027639
 10
627816.8957091202
 20
4835766.08878525
  0
LWPOLYLINE
  5
21A
330
17
100
AcDbEntity
  8
ROADS
100
AcDbPolyline
 90
3
 70
0
 10
627891.3695087864
 20
4835688.536214511
 10
627864.3631371242
 20
4835780.724871256
 10
627816.8957091202
 20
4835766.08878525
  0
LWPOLYLINE
  5
21B
330
17
100
AcDbEntity
  8
ROADS
100
AcDbPolyline
 90
2
 70
0
 10
627993.823307246
 20
4835719.112390268
 10
627966.1296826608
 20
4835809.873556534
  0
LWPOLYLINE
  5
21C
330
17
100
AcDbEntity
  8
ROADS
100
AcDbPolyline
 90
2
 70
0
 10
627633.8275181954
 20
4835687.187156356
 10
627627.0415687683
 20
4835709.562890622
  0
LWPOLYLINE
  5
21D
330
17
100
AcDbEntity
  8
ROADS
100
AcDbPolyline
 90
2
 70
0
 10
627627.0415687683
 20
4835709.562890622
 10
627614.161306848
 20
4835705.236331888
  0
LWPOLYLINE
  5
21E
330
17
100
AcDbEntity
  8
ROADS
100
AcDbPolyline
 90
2
 70
0
 10
627747.2104862974
 20
4835644.994268838
 10
627709.4396329392
 20
4835783.820907488
  0
LWPOLYLINE
  5
21F
330
17
100
AcDbEntity
  8
ROADS
100
AcDbPolyline
 90
2
 70
0
 10
627627.0415687683
 20
4835709.562890622
 10
627618.6693290486
 20
4835736.375520544
  0
LWPOLYLINE
  5
220
330
17
100
AcDbEntity
  8
ROADS
100
AcDbPolyline
 90
2
 70
0
 10
627709.4396329392
 20
4835783.820907488
 10
627622.1512284344
 20
4835756.650451211
  0
LWPOLYLINE
  5
221
330
17
100
AcDbEntity
  8
ROADS
100
AcDbPolyline
 90
2
 70
0
 10
627943.8362639112
 20
4835704.057729871
 10
627899.4814256955
 20
4835845.604919828
  0
LWPOLYLINE
  5
222
330
17
100
AcDbEntity
  8
ROADS
100
AcDbPolyline
 90
2
 70
0
 10
627816.8957091202
 20
4835766.08878525
 10
627802.3730249443
 20
4835813.700267534
  0
LWPOLYLINE
  5
223
330
17
100
AcDbEntity
  8
ROADS
100
AcDbPolyline
 90
2
 70
0
 10
627802.3730249443
 20
4835813.700267534
 10
627709.4396329392
 20
4835783.820907488
  0
LWPOLYLINE
  5
224
330
17
100
AcDbEntity
  8
ROADS
100
AcDbPolyline
 90
2
 70
0
 10
627899.4814256955
 20
4835845.604919828
 10
627802.3730249443
 20
4835813.700267534
  0
LWPOLYLINE
  5
225
330
17
100
AcDbEntity
  8
ROADS
100
AcDbPolyline
 90
2
 70
0
 10
627802.3730249443
 20
4835813.700267534
 10
627791.5432044462
 20
4835864.650721805
  0
LWPOLYLINE
  5
226
330
17
100
AcDbEntity
  8
ROADS
100
AcDbPolyline
 90
2
 70
0
 10
627791.5432044462
 20
4835864.650721805
 10
627743.7080000049
 20
4835850.222991103
  0
LWPOLYLINE
  5
227
330
17
100
AcDbEntity
  8
ROADS
100
AcDbPolyline
 90
2
 70
0
 10
627998.5527404033
 20
4835876.693025257
 10
627899.4814256955
 20
4835845.604919828
  0
LWPOLYLINE
  5
228
330
17
100
AcDbEntity
  8
ROADS
100
AcDbPolyline
 90
2
 70
0
 10
627899.4814256955
 20
4835845.604919828
 10
627888.0830524345
 20
4835895.975071877
  0
LWPOLYLINE
  5
229
330
17
100
AcDbEntity
  8
ROADS
100
AcDbPolyline
 90
2
 70
0
 10
627839.6288143547
 20
4835880.440070528
 10
627791.5432044462
 20
4835864.650721805
  0
LWPOLYLINE
  5
22A
330
17
100
AcDbEntity
  8
ROADS
100
AcDbPolyline
 90
2
 70
0
 10
627888.0830524345
 20
4835895.975071877
 10
627839.6288143547
 20
4835880.440070528
  0
LWPOLYLINE
  5
22B
330
17
100
AcDbEntity
  8
ROADS
100
AcDbPolyline
 90
2
 70
0
 10
627651.3874070636
 20
4835815.250715643
 10
627635.3657174406
 20
4835809.9573187325
  0
LWPOLYLINE
  5
22C
330
17
100
AcDbEntity
  8
ROADS
100
AcDbPolyline
 90
2
 70
0
 10
627709.4396329392
 20
4835783.820907488
 10
627697.4722643862
 20
4835832.539474631
  0
LWPOLYLINE
  5
22D
330
17
100
AcDbEntity
  8
ROADS
100
AcDbPolyline
 90
2
 70
0
 10
627697.4722643862
 20
4835832.539474631
 10
627651.3874070636
 20
4835815.250715643
  0
LWPOLYLINE
  5
22E
330
17
100
AcDbEntity
  8
ROADS
100
AcDbPolyline
 90
2
 70
0
 10
627743.7080000049
 20
4835850.222991103
 10
627697.4722643862
 20
4835832.539474631
  0
LWPOLYLINE
  5
22F
330
17
100
AcDbEntity
  8
ROADS
100
AcDbPolyline
 90
2
 70
0
 10
627998.5527404033
 20
4835876.693025257
 10
627984.2679898492
 20
4835924.860866294
  0
LWPOLYLINE
  5
230
330
17
100
AcDbEntity
  8
ROADS
100
AcDbPolyline
 90
2
 70
0
 10
627936.0139277829
 20
4835910.809570704
 10
627888.0830524345
 20
4835895.975071877
  0
LWPOLYLINE
  5
231
330
17
100
AcDbEntity
  8
ROADS
100
AcDbPolyline
 90
2
 70
0
 10
627984.2679898492
 20
4835924.860866294
 10
627936.0139277829
 20
4835910.809570704
  0
LWPOLYLINE
  5
232
330
17
100
AcDbEntity
  8
ROADS
100
AcDbPolyline
 90
2
 70
0
 10
627791.5432044462
 20
4835864.650721805
 10
627755.6332626306
 20
4835979.902334034
  0
LWPOLYLINE
  5
233
330
17
100
AcDbEntity
  8
ROADS
100
AcDbPolyline
 90
2
 70
0
 10
627839.6288143547
 20
4835880.440070528
 10
627804.6328876495
 20
4835994.476645152
  0
LWPOLYLINE
  5
234
330
17
100
AcDbEntity
  8
ROADS
100
AcDbPolyline
 90
2
 70
0
 10
627888.0830524345
 20
4835895.975071877
 10
627852.8171808248
 20
4836009.951777215
  0
LWPOLYLINE
  5
235
330
17
100
AcDbEntity
  8
ROADS
100
AcDbPolyline
 90
2
 70
0
 10
627936.0139277829
 20
4835910.809570704
 10
627901.0464238692
 20
4836025.706744194
  0
LWPOLYLINE
  5
236
330
17
100
AcDbEntity
  8
ROADS
100
AcDbPolyline
 90
2
 70
0
 10
627984.2679898492
 20
4835924.860866294
 10
627948.4548762378
 20
4836040.783832571
  0
LWPOLYLINE
  5
237
330
17
100
AcDbEntity
  8
ROADS
100
AcDbPolyline
 90
2
 70
0
 10
627804.6328876495
 20
4835994.476645152
 10
627755.6332626306
 20
4835979.902334034
  0
LWPOLYLINE
  5
238
330
17
100
AcDbEntity
  8
ROADS
100
AcDbPolyline
 90
2
 70
0
 10
627852.8171808248
 20
4836009.951777215
 10
627804.6328876495
 20
4835994.476645152
  0
LWPOLYLINE
  5
239
330
17
100
AcDbEntity
  8
ROADS
100
AcDbPolyline
 90
2
 70
0
 10
627697.4722643862
 20
4835832.539474631
 10
627672.1806447101
 20
4835915.013530319
  0
LWPOLYLINE
  5
23A
330
17
100
AcDbEntity
  8
ROADS
100
AcDbPolyline
 90
2
 70
0
 10
627743.7080000049
 20
4835850.222991103
 10
627709.4444067851
 20
4835963.5257295
  0
LWPOLYLINE
  5
23B
330
17
100
AcDbEntity
  8
ROADS
100
AcDbPolyline
 90
2
 70
0
 10
627651.3874070636
 20
4835815.250715643
 10
627643.8383663358
 20
4835839.339494772
  0
LWPOLYLINE
  5
23C
330
17
100
AcDbEntity
  8
ROADS
100
AcDbPolyline
 90
2
 70
0
 10
627709.4444067851
 20
4835963.5257295
 10
627692.6646349122
 20
4835958.361443916
  0
LWPOLYLINE
  5
23D
330
17
100
AcDbEntity
  8
ROADS
100
AcDbPolyline
 90
2
 70
0
 10
627755.6332626306
 20
4835979.902334034
 10
627709.4444067851
 20
4835963.5257295
  0
LWPOLYLINE
  5
23E
330
17
100
AcDbEntity
  8
ROADS
100
AcDbPolyline
 90
2
 70
0
 10
627709.4444067851
 20
4835963.5257295
 10
627704.0740430643
 20
4835980.876690875
  0
LWPOLYLINE
  5
23F
330
17
100
AcDbEntity
  8
ROADS
100
AcDbPolyline
 90
2
 70
0
 10
628923.5421809145
 20
4835815.423823486
 10
628909.9935450803
 20
4835858.331755878
  0
LWPOLYLINE
  5
240
330
17
100
AcDbEntity
  8
ROADS
100
AcDbPolyline
 90
2
 70
0
 10
628909.9935450803
 20
4835858.331755878
 10
628859.1917360194
 20
4835842.258237721
  0
LWPOLYLINE
  5
241
330
17
100
AcDbEntity
  8
ROADS
100
AcDbPolyline
 90
2
 70
0
 10
628859.1917360194
 20
4835842.258237721
 10
628845.4549595658
 20
4835886.168826443
  0
LWPOLYLINE
  5
242
330
17
100
AcDbEntity
  8
ROADS
100
AcDbPolyline
 90
2
 70
0
 10
628970.17623689
 20
4835830.251908546
 10
628943.3502108713
 20
4835917.160758049
  0
LWPOLYLINE
  5
243
330
17
100
AcDbEntity
  8
ROADS
100
AcDbPolyline
 90
2
 70
0
 10
628909.9935450803
 20
4835858.331755878
 10
628898.110679072
 20
4835902.419879541
  0
LWPOLYLINE
  5
244
330
17
100
AcDbEntity
  8
ROADS
100
AcDbPolyline
 90
2
 70
0
 10
628898.110679072
 20
4835902.419879541
 10
628845.4549595658
 20
4835886.168826443
  0
LWPOLYLINE
  5
245
330
17
100
AcDbEntity
  8
ROADS
100
AcDbPolyline
 90
2
 70
0
 10
628943.3502108713
 20
4835917.160758049
 10
628898.110679072
 20
4835902.419879541
  0
LWPOLYLINE
  5
246
330
17
100
AcDbEntity
  8
ROADS
100
AcDbPolyline
 90
2
 70
0
 10
628898.110679072
 20
4835902.419879541
 10
628882.716323537
 20
4835950.061753115
  0
LWPOLYLINE
  5
247
330
17
100
AcDbEntity
  8
ROADS
100
AcDbPolyline
 90
2
 70
0
 10
629012.7769718122
 20
4835938.008336459
 10
628943.3502108713
 20
4835917.160758049
  0
LWPOLYLINE
  5
248
330
17
100
AcDbEntity
  8
ROADS
100
AcDbPolyline
 90
2
 70
0
 10
628882.716323537
 20
4835950.061753115
 10
628825.8821819653
 20
4835932.436058999
  0
LWPOLYLINE
  5
249
330
17
100
AcDbEntity
  8
ROADS
100
AcDbPolyline
 90
2
 70
0
 10
628589.8289074836
 20
4835848.227846011
 10
628551.1628035996
 20
4835835.646974286
  0
LWPOLYLINE
  5
24A
330
17
100
AcDbEntity
  8
ROADS
100
AcDbPolyline
 90
2
 70
0
 10
628727.1544654316
 20
4835849.806650148
 10
628702.6834702368
 20
4835842.5257571945
  0
LWPOLYLINE
  5
24B
330
17
100
AcDbEntity
  8
ROADS
100
AcDbPolyline
 90
2
 70
0
 10
628779.4522123238
 20
4835865.390175856
 10
628727.1544654316
 20
4835849.806650148
  0
LWPOLYLINE
  5
24C
330
17
100
AcDbEntity
  8
ROADS
100
AcDbPolyline
 90
2
 70
0
 10
628702.6834702368
 20
4835842.5257571945
 10
628690.2984323098
 20
4835881.920463771
  0
LWPOLYLINE
  5
24D
330
17
100
AcDbEntity
  8
ROADS
100
AcDbPolyline
 90
3
 70
0
 10
628727.1544654316
 20
4835849.806650148
 10
628715.0474062718
 20
4835889.3693961
 10
628690.2984323098
 20
4835881.920463771
  0
LWPOLYLINE
  5
24E
330
17
100
AcDbEntity
  8
ROADS
100
AcDbPolyline
 90
2
 70
0
 10
628845.4549595658
 20
4835886.168826443
 10
628779.4522123238
 20
4835865.390175856
  0
LWPOLYLINE
  5
24F
330
17
100
AcDbEntity
  8
ROADS
100
AcDbPolyline
 90
2
 70
0
 10
628779.4522123238
 20
4835865.390175856
 10
628747.1650564764
 20
4835961.855375983
  0
LWPOLYLINE
  5
250
330
17
100
AcDbEntity
  8
ROADS
100
AcDbPolyline
 90
2
 70
0
 10
628589.8289074836
 20
4835848.227846011
 10
628545.3199017938
 20
4835988.448416759
  0
LWPOLYLINE
  5
251
330
17
100
AcDbEntity
  8
ROADS
100
AcDbPolyline
 90
2
 70
0
 10
628639.7143252455
 20
4835822.556021194
 10
628564.3174001796
 20
4836052.596113104
  0
LWPOLYLINE
  5
252
330
17
100
AcDbEntity
  8
ROADS
100
AcDbPolyline
 90
2
 70
0
 10
628690.2984323098
 20
4835881.920463771
 10
628631.3793064569
 20
4836072.205359813
  0
LWPOLYLINE
  5
253
330
17
100
AcDbEntity
  8
ROADS
100
AcDbPolyline
 90
3
 70
0
 10
628313.8551116873
 20
4835927.445201058
 10
628259.2125711906
 20
4835915.30301817
 10
628246.0883203568
 20
4835955.260342124
  0
LWPOLYLINE
  5
254
330
17
100
AcDbEntity
  8
ROADS
100
AcDbPolyline
 90
3
 70
0
 10
627984.2679898492
 20
4835924.860866294
 10
628021.6717163832
 20
4835936.126820749
 10
628024.4346836729
 20
4835958.4292091355
  0
LWPOLYLINE
  5
255
330
17
100
AcDbEntity
  8
ROADS
100
AcDbPolyline
 90
2
 70
0
 10
628246.0883203568
 20
4835955.260342124
 10
628193.1397572837
 20
4835939.116023054
  0
LWPOLYLINE
  5
256
330
17
100
AcDbEntity
  8
ROADS
100
AcDbPolyline
 90
2
 70
0
 10
628082.9481210046
 20
4835947.385377388
 10
628124.1908876306
 20
4835960.1568419775
  0
LWPOLYLINE
  5
257
330
17
100
AcDbEntity
  8
ROADS
100
AcDbPolyline
 90
2
 70
0
 10
628082.9481210046
 20
4835947.385377388
 10
628078.1021106723
 20
4835963.353795926
  0
LWPOLYLINE
  5
258
330
17
100
AcDbEntity
  8
ROADS
100
AcDbPolyline
 90
2
 70
0
 10
628299.8056912967
 20
4835971.971602647
 10
628246.0883203568
 20
4835955.260342124
  0
LWPOLYLINE
  5
259
330
17
100
AcDbEntity
  8
ROADS
100
AcDbPolyline
 90
2
 70
0
 10
628193.1397572837
 20
4835939.116023054
 10
628176.2818022039
 20
4835993.811791023
  0
LWPOLYLINE
  5
25A
330
17
100
AcDbEntity
  8
ROADS
100
AcDbPolyline
 90
2
 70
0
 10
628131.7633536578
 20
4835980.181042593
 10
628078.1021106723
 20
4835963.353795926
  0
LWPOLYLINE
  5
25B
330
17
100
AcDbEntity
  8
ROADS
100
AcDbPolyline
 90
2
 70
0
 10
628176.2818022039
 20
4835993.811791023
 10
628131.7633536578
 20
4835980.181042593
  0
LWPOLYLINE
  5
25C
330
17
100
AcDbEntity
  8
ROADS
100
AcDbPolyline
 90
2
 70
0
 10
628131.7633536578
 20
4835980.181042593
 10
628172.6094262837
 20
4836006.209200503
  0
LWPOLYLINE
  5
25D
330
17
100
AcDbEntity
  8
ROADS
100
AcDbPolyline
 90
2
 70
0
 10
628324.3052141783
 20
4835893.598420802
 10
628313.8551116873
 20
4835927.445201058
  0
LWPOLYLINE
  5
25E
330
17
100
AcDbEntity
  8
ROADS
100
AcDbPolyline
 90
2
 70
0
 10
628360.9132064176
 20
4835936.930093168
 10
628313.8551116873
 20
4835927.445201058
  0
LWPOLYLINE
  5
25F
330
17
100
AcDbEntity
  8
ROADS
100
AcDbPolyline
 90
2
 70
0
 10
628408.6533339316
 20
4835953.468280693
 10
628360.9132064176
 20
4835936.930093168
  0
LWPOLYLINE
  5
260
330
17
100
AcDbEntity
  8
ROADS
100
AcDbPolyline
 90
2
 70
0
 10
628313.8551116873
 20
4835927.445201058
 10
628299.8056912967
 20
4835971.971602647
  0
LWPOLYLINE
  5
261
330
17
100
AcDbEntity
  8
ROADS
100
AcDbPolyline
 90
2
 70
0
 10
628459.4981306532
 20
4835969.538572324
 10
628408.6533339316
 20
4835953.468280693
  0
LWPOLYLINE
  5
262
330
17
100
AcDbEntity
  8
ROADS
100
AcDbPolyline
 90
2
 70
0
 10
628504.6180431333
 20
4835982.595168169
 10
628459.4981306532
 20
4835969.538572324
  0
LWPOLYLINE
  5
263
330
17
100
AcDbEntity
  8
ROADS
100
AcDbPolyline
 90
2
 70
0
 10
628408.6533339316
 20
4835953.468280693
 10
628394.5634788333
 20
4836001.032661797
  0
LWPOLYLINE
  5
264
330
17
100
AcDbEntity
  8
ROADS
100
AcDbPolyline
 90
2
 70
0
 10
628394.5634788333
 20
4836001.032661797
 10
628299.8056912967
 20
4835971.971602647
  0
LWPOLYLINE
  5
265
330
17
100
AcDbEntity
  8
ROADS
100
AcDbPolyline
 90
2
 70
0
 10
628299.8056912967
 20
4835971.971602647
 10
628283.0959328845
 20
4836026.767072318
  0
LWPOLYLINE
  5
266
330
17
100
AcDbEntity
  8
ROADS
100
AcDbPolyline
 90
2
 70
0
 10
628504.6180431333
 20
4835982.595168169
 10
628490.3595020743
 20
4836030.749550825
  0
LWPOLYLINE
  5
267
330
17
100
AcDbEntity
  8
ROADS
100
AcDbPolyline
 90
2
 70
0
 10
628868.6381315968
 20
4835997.754421234
 10
628747.1650564764
 20
4835961.855375983
  0
LWPOLYLINE
  5
268
330
17
100
AcDbEntity
  8
ROADS
100
AcDbPolyline
 90
2
 70
0
 10
628747.1650564764
 20
4835961.855375983
 10
628686.461781468
 20
4836089.250860033
  0
LWPOLYLINE
  5
269
330
17
100
AcDbEntity
  8
ROADS
100
AcDbPolyline
 90
2
 70
0
 10
628853.228349259
 20
4836045.751031285
 10
628796.1228835839
 20
4836027.534377554
  0
LWPOLYLINE
  5
26A
330
17
100
AcDbEntity
  8
ROADS
100
AcDbPolyline
 90
2
 70
0
 10
628631.3793064569
 20
4836072.205359813
 10
628564.3174001796
 20
4836052.596113104
  0
LWPOLYLINE
  5
26B
330
17
100
AcDbEntity
  8
ROADS
100
AcDbPolyline
 90
2
 70
0
 10
628686.461781468
 20
4836089.250860033
 10
628631.3793064569
 20
4836072.205359813
  0
LWPOLYLINE
  5
26C
330
17
100
AcDbEntity
  8
ROADS
100
AcDbPolyline
 90
2
 70
0
 10
628778.2052437565
 20
4836117.99246455
 10
628686.461781468
 20
4836089.250860033
  0
LWPOLYLINE
  5
26D
330
17
100
AcDbEntity
  8
ROADS
100
AcDbPolyline
 90
2
 70
0
 10
628872.1470451895
 20
4836148.54995146
 10
628778.2052437565
 20
4836117.99246455
  0
LWPOLYLINE
  5
26E
330
17
100
AcDbEntity
  8
ROADS
100
AcDbPolyline
 90
2
 70
0
 10
628686.461781468
 20
4836089.250860033
 10
628657.1036207166
 20
4836177.869948835
  0
LWPOLYLINE
  5
26F
330
17
100
AcDbEntity
  8
ROADS
100
AcDbPolyline
 90
2
 70
0
 10
628778.2052437565
 20
4836117.99246455
 10
628760.0112749819
 20
4836178.322539962
  0
LWPOLYLINE
  5
270
330
17
100
AcDbEntity
  8
ROADS
100
AcDbPolyline
 90
2
 70
0
 10
628657.1036207166
 20
4836177.869948835
 10
628590.6024286489
 20
4836156.78521965
  0
LWPOLYLINE
  5
271
330
17
100
AcDbEntity
  8
ROADS
100
AcDbPolyline
 90
2
 70
0
 10
628176.2818022039
 20
4835993.811791023
 10
628172.6094262837
 20
4836006.209200503
  0
LWPOLYLINE
  5
272
330
17
100
AcDbEntity
  8
ROADS
100
AcDbPolyline
 90
2
 70
0
 10
628283.0959328845
 20
4836026.767072318
 10
628176.2818022039
 20
4835993.811791023
  0
LWPOLYLINE
  5
273
330
17
100
AcDbEntity
  8
ROADS
100
AcDbPolyline
 90
2
 70
0
 10
628078.1021106723
 20
4835963.353795926
 10
628045.0569868659
 20
4836071.708347289
  0
LWPOLYLINE
  5
274
330
17
100
AcDbEntity
  8
ROADS
100
AcDbPolyline
 90
2
 70
0
 10
627996.5731732063
 20
4836056.480798655
 10
628006.7854510657
 20
4836022.098220083
  0
LWPOLYLINE
  5
275
330
17
100
AcDbEntity
  8
ROADS
100
AcDbPolyline
 90
2
 70
0
 10
628045.0569868659
 20
4836071.708347289
 10
627996.5731732063
 20
4836056.480798655
  0
LWPOLYLINE
  5
276
330
17
100
AcDbEntity
  8
ROADS
100
AcDbPolyline
 90
2
 70
0
 10
628172.6094262837
 20
4836006.209200503
 10
628097.5698531256
 20
4836253.375499538
  0
LWPOLYLINE
  5
277
330
17
100
AcDbEntity
  8
ROADS
100
AcDbPolyline
 90
2
 70
0
 10
628045.0569868659
 20
4836071.708347289
 10
627993.9012366084
 20
4836236.613075609
  0
LWPOLYLINE
  5
278
330
17
100
AcDbEntity
  8
ROADS
100
AcDbPolyline
 90
2
 70
0
 10
628283.0959328845
 20
4836026.767072318
 10
628203.3893901998
 20
4836285.9148469465
  0
LWPOLYLINE
  5
279
330
17
100
AcDbEntity
  8
ROADS
100
AcDbPolyline
 90
2
 70
0
 10
628091.3421347467
 20
4836267.4968137015
 10
627993.9012366084
 20
4836236.613075609
  0
LWPOLYLINE
  5
27A
330
17
100
AcDbEntity
  8
ROADS
100
AcDbPolyline
 90
2
 70
0
 10
628097.5698531256
 20
4836253.375499538
 10
628091.3421347467
 20
4836267.4968137015
  0
LWPOLYLINE
  5
27B
330
17
100
AcDbEntity
  8
ROADS
100
AcDbPolyline
 90
2
 70
0
 10
628460.7273920339
 20
4836021.46620776
 10
628394.5634788333
 20
4836001.032661797
  0
LWPOLYLINE
  5
27C
330
17
100
AcDbEntity
  8
ROADS
100
AcDbPolyline
 90
2
 70
0
 10
628490.3595020743
 20
4836030.749550825
 10
628460.7273920339
 20
4836021.46620776
  0
LWPOLYLINE
  5
27D
330
17
100
AcDbEntity
  8
ROADS
100
AcDbPolyline
 90
2
 70
0
 10
628394.5634788333
 20
4836001.032661797
 10
628375.8061678219
 20
4836062.21154452
  0
LWPOLYLINE
  5
27E
330
17
100
AcDbEntity
  8
ROADS
100
AcDbPolyline
 90
2
 70
0
 10
628564.3174001796
 20
4836052.596113104
 10
628490.3595020743
 20
4836030.749550825
  0
LWPOLYLINE
  5
27F
330
17
100
AcDbEntity
  8
ROADS
100
AcDbPolyline
 90
2
 70
0
 10
628460.7273920339
 20
4836021.46620776
 10
628435.3021552998
 20
4836087.552869861
  0
LWPOLYLINE
  5
280
330
17
100
AcDbEntity
  8
ROADS
100
AcDbPolyline
 90
2
 70
0
 10
628375.8061678219
 20
4836062.21154452
 10
628435.3021552998
 20
4836087.552869861
  0
LWPOLYLINE
  5
281
330
17
100
AcDbEntity
  8
ROADS
100
AcDbPolyline
 90
2
 70
0
 10
628375.8061678219
 20
4836062.21154452
 10
628323.0272912486
 20
4836234.360564117
  0
LWPOLYLINE
  5
282
330
17
100
AcDbEntity
  8
ROADS
100
AcDbPolyline
 90
4
 70
0
 10
628564.3174001796
 20
4836052.596113104
 10
628526.0440195537
 20
4836116.140334832
 10
628515.9355703654
 20
4836213.086962149
 10
628474.7852431023
 20
4836280.377387359
  0
LWPOLYLINE
  5
283
330
17
100
AcDbEntity
  8
ROADS
100
AcDbPolyline
 90
2
 70
0
 10
628435.3021552998
 20
4836087.552869861
 10
628388.2693924743
 20
4836254.170444806
  0
LWPOLYLINE
  5
284
330
17
100
AcDbEntity
  8
ROADS
100
AcDbPolyline
 90
2
 70
0
 10
628388.2693924743
 20
4836254.170444806
 10
628323.0272912486
 20
4836234.360564117
  0
LWPOLYLINE
  5
285
330
17
100
AcDbEntity
  8
ROADS
100
AcDbPolyline
 90
2
 70
0
 10
628474.7852431023
 20
4836280.377387359
 10
628388.2693924743
 20
4836254.170444806
  0
LWPOLYLINE
  5
286
330
17
100
AcDbEntity
  8
ROADS
100
AcDbPolyline
 90
2
 70
0
 10
628487.9927717883
 20
4836282.387314685
 10
628474.7852431023
 20
4836280.377387359
  0
LWPOLYLINE
  5
287
330
17
100
AcDbEntity
  8
ROADS
100
AcDbPolyline
 90
2
 70
0
 10
628323.0272912486
 20
4836234.360564117
 10
628293.727534898
 20
4836330.313078736
  0
LWPOLYLINE
  5
288
330
17
100
AcDbEntity
  8
ROADS
100
AcDbPolyline
 90
2
 70
0
 10
628474.7852431023
 20
4836280.377387359
 10
628482.0904230373
 20
4836296.599533595
  0
LWPOLYLINE
  5
289
330
17
100
AcDbEntity
  8
ROADS
100
AcDbPolyline
 90
2
 70
0
 10
628487.9927717883
 20
4836282.387314685
 10
628482.0904230373
 20
4836296.599533595
  0
LWPOLYLINE
  5
28A
330
17
100
AcDbEntity
  8
ROADS
100
AcDbPolyline
 90
2
 70
0
 10
628514.4129096895
 20
4836320.9155346025
 10
628487.9927717883
 20
4836282.387314685
  0
LWPOLYLINE
  5
28B
330
17
100
AcDbEntity
  8
ROADS
100
AcDbPolyline
 90
2
 70
0
 10
628482.0904230373
 20
4836296.599533595
 10
628491.6687567405
 20
4836320.804305169
  0
LWPOLYLINE
  5
28C
330
17
100
AcDbEntity
  8
ROADS
100
AcDbPolyline
 90
2
 70
0
 10
628474.7852431023
 20
4836280.377387359
 10
628483.6354107398
 20
4836340.686867306
  0
LWPOLYLINE
  5
28D
330
17
100
AcDbEntity
  8
ROADS
100
AcDbPolyline
 90
2
 70
0
 10
628491.6687567405
 20
4836320.804305169
 10
628514.4129096895
 20
4836320.9155346025
  0
LWPOLYLINE
  5
28E
330
17
100
AcDbEntity
  8
ROADS
100
AcDbPolyline
 90
2
 70
0
 10
628491.6687567405
 20
4836320.804305169
 10
628483.6354107398
 20
4836340.686867306
  0
LWPOLYLINE
  5
28F
330
17
100
AcDbEntity
  8
ROADS
100
AcDbPolyline
 90
2
 70
0
 10
628760.0112749819
 20
4836178.322539962
 10
628751.2793776969
 20
4836205.552480679
  0
LWPOLYLINE
  5
290
330
17
100
AcDbEntity
  8
ROADS
100
AcDbPolyline
 90
4
 70
0
 10
628760.0112749819
 20
4836178.322539962
 10
628733.5857557949
 20
4836179.839536537
 10
628729.9484772712
 20
4836196.314703861
 10
628751.2793776969
 20
4836205.552480679
  0
LWPOLYLINE
  5
291
330
17
100
AcDbEntity
  8
ROADS
100
AcDbPolyline
 90
2
 70
0
 10
628657.1036207166
 20
4836177.869948835
 10
628605.6885227583
 20
4836342.61926437
  0
LWPOLYLINE
  5
292
330
17
100
AcDbEntity
  8
ROADS
100
AcDbPolyline
 90
2
 70
0
 10
628751.2793776969
 20
4836205.552480679
 10
628698.5942612067
 20
4836373.062059397
  0
LWPOLYLINE
  5
293
330
17
100
AcDbEntity
  8
ROADS
100
AcDbPolyline
 90
2
 70
0
 10
628830.6988454008
 20
4836281.593463575
 10
628805.9023024519
 20
4836363.167580724
  0
LWPOLYLINE
  5
294
330
17
100
AcDbEntity
  8
ROADS
100
AcDbPolyline
 90
2
 70
0
 10
628605.6885227583
 20
4836342.61926437
 10
628514.4129096895
 20
4836320.9155346025
  0
LWPOLYLINE
  5
295
330
17
100
AcDbEntity
  8
ROADS
100
AcDbPolyline
 90
2
 70
0
 10
628698.5942612067
 20
4836373.062059397
 10
628605.6885227583
 20
4836342.61926437
  0
LWPOLYLINE
  5
296
330
17
100
AcDbEntity
  8
ROADS
100
AcDbPolyline
 90
2
 70
0
 10
628805.9023024519
 20
4836363.167580724
 10
628834.5830133564
 20
4836385.744649698
  0
LWPOLYLINE
  5
297
330
17
100
AcDbEntity
  8
ROADS
100
AcDbPolyline
 90
2
 70
0
 10
628805.9023024519
 20
4836363.167580724
 10
628794.331064188
 20
4836401.521925872
  0
LWPOLYLINE
  5
298
330
17
100
AcDbEntity
  8
ROADS
100
AcDbPolyline
 90
2
 70
0
 10
628794.331064188
 20
4836401.521925872
 10
628698.5942612067
 20
4836373.062059397
  0
LWPOLYLINE
  5
299
330
17
100
AcDbEntity
  8
ROADS
100
AcDbPolyline
 90
2
 70
0
 10
628203.3893901998
 20
4836285.9148469465
 10
628097.5698531256
 20
4836253.375499538
  0
LWPOLYLINE
  5
29A
330
17
100
AcDbEntity
  8
ROADS
100
AcDbPolyline
 90
2
 70
0
 10
628091.3421347467
 20
4836267.4968137015
 10
628199.2135060532
 20
4836300.550296169
  0
LWPOLYLINE
  5
29B
330
17
100
AcDbEntity
  8
ROADS
100
AcDbPolyline
 90
2
 70
0
 10
628203.3893901998
 20
4836285.9148469465
 10
628199.2135060532
 20
4836300.550296169
  0
LWPOLYLINE
  5
29C
330
17
100
AcDbEntity
  8
ROADS
100
AcDbPolyline
 90
2
 70
0
 10
628293.727534898
 20
4836330.313078736
 10
628199.2135060532
 20
4836300.550296169
  0
LWPOLYLINE
  5
29D
330
17
100
AcDbEntity
  8
ROADS
100
AcDbPolyline
 90
2
 70
0
 10
628091.3421347467
 20
4836267.4968137015
 10
628074.1037052278
 20
4836324.480142538
  0
LWPOLYLINE
  5
29E
330
17
100
AcDbEntity
  8
ROADS
100
AcDbPolyline
 90
2
 70
0
 10
628199.2135060532
 20
4836300.550296169
 10
628179.405254679
 20
4836364.818009626
  0
LWPOLYLINE
  5
29F
330
17
100
AcDbEntity
  8
ROADS
100
AcDbPolyline
 90
2
 70
0
 10
628293.727534898
 20
4836330.313078736
 10
628275.1758027511
 20
4836391.127358892
  0
LWPOLYLINE
  5
2A0
330
17
100
AcDbEntity
  8
ROADS
100
AcDbPolyline
 90
2
 70
0
 10
627804.6328876495
 20
4835994.476645152
 10
627792.9216864149
 20
4836034.049434588
  0
LWPOLYLINE
  5
2A1
330
17
100
AcDbEntity
  8
ROADS
100
AcDbPolyline
 90
2
 70
0
 10
627901.0464238692
 20
4836025.706744194
 10
627852.8171808248
 20
4836009.951777215
  0
LWPOLYLINE
  5
2A2
330
17
100
AcDbEntity
  8
ROADS
100
AcDbPolyline
 90
2
 70
0
 10
627948.4548762378
 20
4836040.783832571
 10
627901.0464238692
 20
4836025.706744194
  0
LWPOLYLINE
  5
2A3
330
17
100
AcDbEntity
  8
ROADS
100
AcDbPolyline
 90
2
 70
0
 10
627852.8171808248
 20
4836009.951777215
 10
627836.2054231279
 20
4836057.834502365
  0
LWPOLYLINE
  5
2A4
330
17
100
AcDbEntity
  8
ROADS
100
AcDbPolyline
 90
2
 70
0
 10
627996.5731732063
 20
4836056.480798655
 10
627948.4548762378
 20
4836040.783832571
  0
LWPOLYLINE
  5
2A5
330
17
100
AcDbEntity
  8
ROADS
100
AcDbPolyline
 90
3
 70
0
 10
627901.0464238692
 20
4836025.706744194
 10
627888.5574979286
 20
4836065.316485409
 10
627867.8738921586
 20
4836073.684068731
  0
LWPOLYLINE
  5
2A6
330
17
100
AcDbEntity
  8
ROADS
100
AcDbPolyline
 90
2
 70
0
 10
627867.8738921586
 20
4836073.684068731
 10
627836.2054231279
 20
4836057.834502365
  0
LWPOLYLINE
  5
2A7
330
17
100
AcDbEntity
  8
ROADS
100
AcDbPolyline
 90
3
 70
0
 10
627836.2054231279
 20
4836057.834502365
 10
627802.4095712679
 20
4836052.563151044
 10
627786.5594815206
 20
4836103.685455196
  0
LWPOLYLINE
  5
2A8
330
17
100
AcDbEntity
  8
ROADS
100
AcDbPolyline
 90
2
 70
0
 10
627848.7894501053
 20
4836133.984880694
 10
627867.8738921586
 20
4836073.684068731
  0
LWPOLYLINE
  5
2A9
330
17
100
AcDbEntity
  8
ROADS
100
AcDbPolyline
 90
2
 70
0
 10
627798.6314545992
 20
4836117.451523085
 10
627817.3931802871
 20
4836126.366755811
  0
LWPOLYLINE
  5
2AA
330
17
100
AcDbEntity
  8
ROADS
100
AcDbPolyline
 90
2
 70
0
 10
627755.6332626306
 20
4835979.902334034
 10
627738.1331916036
 20
4836037.609565441
  0
LWPOLYLINE
  5
2AB
330
17
100
AcDbEntity
  8
ROADS
100
AcDbPolyline
 90
2
 70
0
 10
627948.4548762378
 20
4836040.783832571
 10
627897.1220709109
 20
4836205.913830958
  0
LWPOLYLINE
  5
2AC
330
17
100
AcDbEntity
  8
ROADS
100
AcDbPolyline
 90
2
 70
0
 10
627817.3931802871
 20
4836126.366755811
 10
627848.7894501053
 20
4836133.984880694
  0
LWPOLYLINE
  5
2AD
330
17
100
AcDbEntity
  8
ROADS
100
AcDbPolyline
 90
2
 70
0
 10
627996.5731732063
 20
4836056.480798655
 10
627944.4337785895
 20
4836220.92069106
  0
LWPOLYLINE
  5
2AE
330
17
100
AcDbEntity
  8
ROADS
100
AcDbPolyline
 90
2
 70
0
 10
627817.3931802871
 20
4836126.366755811
 10
627814.6120896466
 20
4836134.984158371
  0
LWPOLYLINE
  5
2AF
330
17
100
AcDbEntity
  8
ROADS
100
AcDbPolyline
 90
3
 70
0
 10
627854.744203497
 20
4836176.518855826
 10
627862.8026301404
 20
4836149.677239541
 10
627848.7894501053
 20
4836133.984880694
  0
LWPOLYLINE
  5
2B0
330
17
100
AcDbEntity
  8
ROADS
100
AcDbPolyline
 90
2
 70
0
 10
627897.1220709109
 20
4836205.913830958
 10
627881.6165030297
 20
4836200.686178994
  0
LWPOLYLINE
  5
2B1
330
17
100
AcDbEntity
  8
ROADS
100
AcDbPolyline
 90
2
 70
0
 10
627944.4337785895
 20
4836220.92069106
 10
627897.1220709109
 20
4836205.913830958
  0
LWPOLYLINE
  5
2B2
330
17
100
AcDbEntity
  8
ROADS
100
AcDbPolyline
 90
2
 70
0
 10
627993.9012366084
 20
4836236.613075609
 10
627944.4337785895
 20
4836220.92069106
  0
LWPOLYLINE
  5
2B3
330
17
100
AcDbEntity
  8
ROADS
100
AcDbPolyline
 90
2
 70
0
 10
627897.1220709109
 20
4836205.913830958
 10
627895.0381902141
 20
4836212.756833806
  0
LWPOLYLINE
  5
2B4
330
17
100
AcDbEntity
  8
ROADS
100
AcDbPolyline
 90
2
 70
0
 10
627944.4337785895
 20
4836220.92069106
 10
627937.6331907199
 20
4836245.030721779
  0
LWPOLYLINE
  5
2B5
330
17
100
AcDbEntity
  8
ROADS
100
AcDbPolyline
 90
2
 70
0
 10
627993.9012366084
 20
4836236.613075609
 10
627982.1880997113
 20
4836275.296129502
  0
LWPOLYLINE
  5
2B6
330
17
100
AcDbEntity
  8
ROADS
100
AcDbPolyline
 90
2
 70
0
 10
628514.4129096895
 20
4836320.9155346025
 10
628483.6354107398
 20
4836340.686867306
  0
LWPOLYLINE
  5
2B7
330
17
100
AcDbEntity
  8
ROADS
100
AcDbPolyline
 90
3
 70
0
 10
628483.6354107398
 20
4836340.686867306
 10
628466.7411527869
 20
4836402.418969881
 10
628427.8468932214
 20
4836450.796913094
  0
LWPOLYLINE
  5
2B8
330
17
100
AcDbEntity
  8
ROADS
100
AcDbPolyline
 90
2
 70
0
 10
628467.6436168904
 20
4836461.465168357
 10
628427.8468932214
 20
4836450.796913094
  0
LWPOLYLINE
  5
2B9
330
17
100
AcDbEntity
  8
ROADS
100
AcDbPolyline
 90
3
 70
0
 10
628427.8468932214
 20
4836450.796913094
 10
628375.3932114996
 20
4836436.817596827
 10
628375.1383976499
 20
4836437.6295451205
  0
LWPOLYLINE
  5
2BA
330
17
100
AcDbEntity
  8
ROADS
100
AcDbPolyline
 90
2
 70
0
 10
628561.3636422096
 20
4836490.675626185
 10
628467.6436168904
 20
4836461.465168357
  0
LWPOLYLINE
  5
2BB
330
17
100
AcDbEntity
  8
ROADS
100
AcDbPolyline
 90
2
 70
0
 10
628467.6436168904
 20
4836461.465168357
 10
628465.4912204595
 20
4836468.473830065
  0
LWPOLYLINE
  5
2BC
330
17
100
AcDbEntity
  8
ROADS
100
AcDbPolyline
 90
2
 70
0
 10
628561.3636422096
 20
4836490.675626185
 10
628559.7406980846
 20
4836495.885374707
  0
LWPOLYLINE
  5
2BD
330
17
100
AcDbEntity
  8
ROADS
100
AcDbPolyline
 90
2
 70
0
 10
628794.331064188
 20
4836401.521925872
 10
628834.5830133564
 20
4836385.744649698
  0
LWPOLYLINE
  5
2BE
330
17
100
AcDbEntity
  8
ROADS
100
AcDbPolyline
 90
2
 70
0
 10
628856.5355471838
 20
4836420.197867524
 10
628794.331064188
 20
4836401.521925872
  0
LWPOLYLINE
  5
2BF
330
17
100
AcDbEntity
  8
ROADS
100
AcDbPolyline
 90
2
 70
0
 10
628605.6885227583
 20
4836342.61926437
 10
628561.3636422096
 20
4836490.675626185
  0
LWPOLYLINE
  5
2C0
330
17
100
AcDbEntity
  8
ROADS
100
AcDbPolyline
 90
2
 70
0
 10
628698.5942612067
 20
4836373.062059397
 10
628655.5906605396
 20
4836515.542937113
  0
LWPOLYLINE
  5
2C1
330
17
100
AcDbEntity
  8
ROADS
100
AcDbPolyline
 90
2
 70
0
 10
628794.331064188
 20
4836401.521925872
 10
628755.627155059
 20
4836527.726516721
  0
ENDSEC
  0
SECTION
  2
OBJECTS
  0
DICTIONARY
  5
A
330
0
100
AcDbDictionary
281
1
  3
ACAD_COLOR
350
B
  3
ACAD_GROUP
350
C
  3
ACAD_LAYOUT
350
D
  3
ACAD_MATERIAL
350
E
  3
ACAD_MLEADERSTYLE
350
F
  3
ACAD_MLINESTYLE
350
10
  3
ACAD_PLOTSETTINGS
350
11
  3
ACAD_PLOTSTYLENAME
350
12
  3
ACAD_SCALELIST
350
14
  3
ACAD_TABLESTYLE
350
15
  3
ACAD_VISUALSTYLE
350
16
  3
EZDXF_META
350
2D
  0
DICTIONARY
  5
B
330
A
100
AcDbDictionary
281
1
  0
DICTIONARY
  5
C
330
A
100
AcDbDictionary
281
1
  0
DICTIONARY
  5
D
330
A
100
AcDbDictionary
281
1
  3
Model
350
1A
  3
Layout1
350
1E
  0
DICTIONARY
  5
E
330
A
100
AcDbDictionary
281
1
  3
ByBlock
350
1F
  3
ByLayer
350
20
  3
Global
350
21
  0
DICTIONARY
  5
F
330
A
100
AcDbDictionary
281
1
  3
Standard
350
2C
  0
DICTIONARY
  5
10
330
A
100
AcDbDictionary
281
1
  3
Standard
350
22
  0
DICTIONARY
  5
11
330
A
100
AcDbDictionary
281
1
  0
ACDBDICTIONARYWDFLT
  5
12
330
A
100
AcDbDictionary
281
1
  3
Normal
350
13
100
AcDbDictionaryWithDefault
340
13
  0
ACDBPLACEHOLDER
  5
13
330
12
  0
DICTIONARY
  5
14
330
A
100
AcDbDictionary
281
1
  0
DICTIONARY
  5
15
330
A
100
AcDbDictionary
281
1
  0
DICTIONARY
  5
16
330
A
100
AcDbDictionary
281
1
  0
LAYOUT
  5
1A
330
D
100
AcDbPlotSettings
  1

  4
A3
  6

 40
7.5
 41
20.0
 42
7.5
 43
20.0
 44
420.0
 45
297.0
 46
0.0
 47
0.0
 48
0.0
 49
0.0
140
0.0
141
0.0
142
1.0
143
1.0
 70
1024
 72
1
 73
0
 74
5
  7

 75
16
 76
0
 77
2
 78
300
147
1.0
148
0.0
149
0.0
100
AcDbLayout
  1
Model
 70
1
 71
0
 10
0.0
 20
0.0
 11
420.0
 21
297.0
 12
0.0
 22
0.0
 32
0.0
 14
1e+20
 24
1e+20
 34
1e+20
 15
-1e+20
 25
-1e+20
 35
-1e+20
146
0.0
 13
0.0
 23
0.0
 33
0.0
 16
1.0
 26
0.0
 36
0.0
 17
0.0
 27
1.0
 37
0.0
 76
1
330
17
  0
LAYOUT
  5
1E
330
D
100
AcDbPlotSettings
  1

  4
A3
  6

 40
7.5
 41
20.0
 42
7.5
 43
20.0
 44
420.0
 45
297.0
 46
0.0
 47
0.0
 48
0.0
 49
0.0
140
0.0
141
0.0
142
1.0
143
1.0
 70
0
 72
1
 73
0
 74
5
  7

 75
16
 76
0
 77
2
 78
300
147
1.0
148
0.0
149
0.0
100
AcDbLayout
  1
Layout1
 70
1
 71
1
 10
0.0
 20
0.0
 11
420.0
 21
297.0
 12
0.0
 22
0.0
 32
0.0
 14
1e+20
 24
1e+20
 34
1e+20
 15
-1e+20
 25
-1e+20
 35
-1e+20
146
0.0
 13
0.0
 23
0.0
 33
0.0
 16
1.0
 26
0.0
 36
0.0
 17
0.0
 27
1.0
 37
0.0
 76
1
330
1B
  0
MATERIAL
  5
1F
102
{ACAD_REACTORS
330
E
102
}
330
E
100
AcDbMaterial
  1
ByBlock
  2

 70
0
 40
1.0
 71
1
 41
1.0
 91
-1023410177
 42
1.0
 72
1
  3

 73
1
 74
1
 75
1
 44
0.5
 73
0
 45
1.0
 46
1.0
 77
1
  4

 78
1
 79
1
170
1
 48
1.0
171
1
  6

172
1
173
1
174
1
140
1.0
141
1.0
175
1
  7

176
1
177
1
178
1
143
1.0
179
1
  8

270
1
271
1
272
1
145
1.0
146
1.0
273
1
  9

274
1
275
1
276
1
 42
1.0
 72
1
  3

 73
1
 74
1
 75
1
 94
63
  0
MATERIAL
  5
20
102
{ACAD_REACTORS
330
E
102
}
330
E
100
AcDbMaterial
  1
ByLayer
  2

 70
0
 40
1.0
 71
1
 41
1.0
 91
-1023410177
 42
1.0
 72
1
  3

 73
1
 74
1
 75
1
 44
0.5
 73
0
 45
1.0
 46
1.0
 77
1
  4

 78
1
 79
1
170
1
 48
1.0
171
1
  6

172
1
173
1
174
1
140
1.0
141
1.0
175
1
  7

176
1
177
1
178
1
143
1.0
179
1
  8

270
1
271
1
272
1
145
1.0
146
1.0
273
1
  9

274
1
275
1
276
1
 42
1.0
 72
1
  3

 73
1
 74
1
 75
1
 94
63
  0
MATERIAL
  5
21
102
{ACAD_REACTORS
330
E
102
}
330
E
100
AcDbMaterial
  1
Global
  2

 70
0
 40
1.0
 71
1
 41
1.0
 91
-1023410177
 42
1.0
 72
1
  3

 73
1
 74
1
 75
1
 44
0.5
 73
0
 45
1.0
 46
1.0
 77
1
  4

 78
1
 79
1
170
1
 48
1.0
171
1
  6

172
1
173
1
174
1
140
1.0
141
1.0
175
1
  7

176
1
177
1
178
1
143
1.0
179
1
  8

270
1
271
1
272
1
145
1.0
146
1.0
273
1
  9

274
1
275
1
276
1
 42
1.0
 72
1
  3

 73
1
 74
1
 75
1
 94
63
  0
MLINESTYLE
  5
22
102
{ACAD_REACTORS
330
10
102
}
330
10
100
AcDbMlineStyle
  2
Standard
 70
0
  3

 62
256
 51
90.0
 52
90.0
 71
2
 49
0.5
 62
256
  6
BYLAYER
 49
-0.5
 62
256
  6
BYLAYER
  0
MLEADERSTYLE
  5
2C
102
{ACAD_REACTORS
330
F
102
}
330
F
100
AcDbMLeaderStyle
179
2
170
2
171
1
172
0
 90
2
 40
0.0
 41
0.0
173
1
 91
-1056964608
 92
-2
290
1
 42
2.0
291
1
 43
8.0
  3
Standard
 44
4.0
300

342
29
174
1
175
1
176
0
178
1
 93
-1056964608
 45
4.0
292
0
297
0
 46
4.0
 94
-1056964608
 47
1.0
 49
1.0
140
1.0
294
1
141
0.0
177
0
142
1.0
295
0
296
0
143
3.75
271
0
272
9
273
9
  0
DICTIONARY
  5
2D
330
A
100
AcDbDictionary
280
1
281
1
  3
CREATED_BY_EZDXF
350
2E
  3
WRITTEN_BY_EZDXF
350
2C4
  0
DICTIONARYVAR
  5
2E
330
2D
100
DictionaryVariables
280
0
  1
1.4.4 @ 2026-07-07T06:20:00.108318+00:00
  0
DICTIONARYVAR
  5
2C4
330
2D
100
DictionaryVariables
280
0
  1
1.4.4 @ 2026-07-07T06:20:00.125919+00:00
  0
ENDSEC
  0
EOF
