segment_id,T1024 Choice,T1024 Integration,T1024 Node Count,T1024 Total Depth,Angular Connectivity,Connectivity,Segment Length,local_nain,local_nach,integrated,citywide_nain,citywide_nach,citywide_match_distance_m,citywide_matched,blended_nain,blended_nach
0,0,176.81152,928,4870.6328,1.9613726,3,14.170984,0.746954051336608,0.0,122.55640657851838,,,,False,0.746954051336608,0.0
1,0,223.74931,928,3848.8789,2.0386274,3,69.538437,0.9451434088554796,0.0,155.09120337873318,,,,False,0.9451434088554796,0.0
2,0,307.59576,928,2799.7266,2.0127876,3,28.737846,1.2990678000614477,0.0,213.20913379619358,,,,False,1.2990678000614477,0.0
3,0,198.91934,928,4329.3125,2.1584268,3,17.365234,0.8403071379946933,0.0,137.88037967984516,1.0756121,1.0637655,14.970126718070427,True,0.9108986265962853,0.31912965000000004
4,0,194.81477,928,4420.5273,1.9938033,2,22.665174,0.8229757701293647,0.0,135.0353085569342,0.94246012,0.0,0.9587509953405986,True,0.8588210750905553,0.0
5,0,237.44748,928,3626.8398,2.1584265,3,40.519489,1.0029742317739239,0.0,164.586051293064,1.0310947,1.0266715,0.5909102988146255,True,1.0114103722417467,0.30800145
6,31659,246.87752,928,3488.3047,3.0262103,5,124.61331,1.0427836889528985,1.2702586698550562,2558.3524661219876,1.0490323,1.0532227,0.0,True,1.044658272267029,1.2051478788985395
7,28589,246.64359,928,3491.6133,3.1488209,5,42.210171,1.0417961285628379,1.2576099946976258,2530.772205133814,1.0486404,1.0409822,0.0,True,1.0438494099939866,1.192621656288338
8,0,188.9599,928,4557.4961,2.6414092,3,18.153746,0.7982533005424963,0.0,130.9770219238892,1.0259228,1.0388161,13.60354616620663,True,0.8665541503797475,0.31164483000000004
9,0,236.18019,928,3646.3008,2.6414092,3,24.456934,0.997624102331595,0.0,163.70763280261218,1.1495265,1.2636384,7.671040603244783,True,1.0431948216321165,0.37909152000000007
10,40031,308.46988,928,2791.793,3.9887886,6,48.79023,1.30275679359052,1.3354440958287181,3268.997027254523,1.1652972,1.313162,0.0,True,1.261518915513364,1.3287594670801026
11,0,140.29494,928,6138.3828,2.0770216,3,7.789906,0.5927371190336277,0.0,97.24504210782669,,,,False,0.5927371190336277,0.0
12,27152,199.10367,928,4325.3047,4.1373506,6,44.032993,0.8410854014129489,1.2193152610652793,2032.705045208595,1.0756683,1.0648581,0.0,True,0.9114602709890642,1.1729781127456955
13,4025,225.71481,928,3815.3633,4.0514517,6,108.71188,0.9534415575891454,1.006420243293176,1873.6082945709634,1.039332,0.90305316,0.0,True,0.9792086903124018,0.9754101183052232
14,39,188.89951,928,4558.9531,4.043951,5,52.663548,0.7979982979074353,0.43782289165853977,701.4919437501311,1.0475711,0.86585945,0.0,True,0.8728701385352047,0.5662338591609779
15,0,174.57364,928,4933.0703,1.9952688,2,36.726971,0.7375037414635491,0.0,121.0052263660869,1.0492769,0.91845483,6.186574745333674,True,0.8310356890244844,0.27553644900000007
16,0,225.07489,928,3826.2109,0.80204916,2,79.803169,0.9507398901757581,0.0,156.01002541833984,1.1632543,1.2936285,14.662558832380066,True,1.0144942131230306,0.3880885500000001
17,3336,225.26393,928,3823.0,2.0201235,4,108.607,0.9515379897086641,0.9834236710664037,1827.5948960865176,1.1630001,1.2928964,0.0,True,1.0149766227960648,1.0762654897464827
18,5030,225.41042,928,3820.5156,3.2159219,5,109.26621,0.9521564308686248,1.0332708126538641,1921.3021243834735,1.1627424,1.29251,0.0,True,1.0153322216080374,1.1110425688577048
19,0,286.90182,928,3001.668,1.9727702,3,184.41682,1.2117293957373585,0.0,198.8651876305169,,,,False,1.2117293957373585,0.0
20,0,140.66777,928,6122.1133,0.81663209,2,68.533836,0.594311801944559,0.0,97.50346817115485,,,,False,0.594311801944559,0.0
21,0,213.96831,928,4024.8203,0.71069539,2,44.929893,0.9038478351357373,0.0,148.31153080567634,,,,False,0.9038478351357373,0.0
22,1682,283.26965,928,3040.1562,2.1473777,4,246.4865,1.1963990575617518,0.926150966579844,2104.3896063471216,1.2373981,1.3459519,0.0,True,1.2086987702932264,1.0520912466058907
23,0,275.72433,928,3123.3516,0.092978135,1,62.103088,1.1645514733880309,0.0,191.11754195127995,,,,False,1.1645514733880309,0.0
24,0,160.60709,928,5362.0547,2.2617979,3,15.302163,0.6785226874430718,0.0,111.32435161143738,0.9163807,0.0,0.0,True,0.7498800912101502,0.0
25,1669,220.17314,928,3911.3945,3.5291955,4,32.285503,0.9300449547408625,0.8970268134245601,1633.9439589682875,1.0748698,0.78825361,0.0,True,0.9734924083186038,0.864394852397192
26,0,176.18204,928,4888.0352,1.054215,1,16.944399,0.7442958305567289,0.0,122.1200842912995,1.0282869,0.0,4.617833952941236,True,0.8294931513897101,0.0
27,6652,241.34341,928,3568.293,3.4824839,6,101.32756,1.01942132218158,1.0760499051384822,2124.5396321501235,1.1538775,1.2674444,0.0,True,1.059758175527106,1.1334682535969376
28,12948,248.95219,928,3459.2344,3.1968236,5,101.86468,1.0515418460638322,1.1618598660734334,2357.2912099452737,1.1625096,1.2721348,0.0,True,1.0848321722446825,1.1949423462514033
29,10739,248.48892,928,3465.6836,3.1106274,5,80.109238,1.0495861879196937,1.1386488024684587,2306.4302905850273,1.1617126,1.2718296,0.0,True,1.0832241115437855,1.178603041727921
30,4125,165.99287,928,5188.0781,4.1525345,6,192.45493,0.7012674454042687,0.9731570859941838,1381.9414415069366,0.93732274,0.8197813,0.0,True,0.7720840337829882,0.9271443501959287
31,61968,309.35373,928,2783.8164,3.9061458,6,44.113503,1.306486963977827,1.3910083487914422,3413.534554190207,1.1620059,1.3009658,0.0,True,1.263142644784479,1.3639955841540097
32,24338,192.71065,928,4468.793,4.2218795,6,44.323109,0.8140911043377853,1.2015682041550069,1946.3537395158542,1.0586578,1.0560738,0.0,True,0.8874611130364497,1.157919882908505
33,809,196.69032,928,4378.375,3.2048326,4,45.257908,0.8308952568297554,0.7986809896619796,1317.4844870097381,1.0287178,0.85252893,0.0,True,0.8902420197808287,0.8148353717633857
34,7300,170.47742,928,5051.6016,2.9795396,5,40.982262,0.720205726275621,1.0431179581143653,1516.5506878553217,0.96954882,0.92017961,0.0,True,0.7950086543929347,1.0062364536800557
35,7195,170.67737,928,5045.6836,3.2121949,4,41.07494,0.721050109130382,1.0415624077095584,1515.8573309179314,0.96894914,0.7500869,0.0,True,0.7954198183912674,0.9541197553966909
36,0,164.38805,928,5238.7266,2.0770218,3,9.6792183,0.6944901133815375,0.0,113.9451133752473,,,,False,0.6944901133815375,0.0
37,0,136.29446,928,6318.5547,0.46017429,1,25.038706,0.5758407265482,0.0,94.47212067494023,,,,False,0.5758407265482,0.0
38,1669,146.16837,928,5891.7266,1.4462358,3,31.708702,0.6175435437802018,0.8547268335304288,1084.741422835417,0.94317889,0.82184672,0.0,True,0.7152341476461412,0.8448627994713002
39,107,142.54529,928,6041.4766,3.8297181,5,42.854633,0.6022415658291189,0.5377495012957161,668.729544363239,1.0233954,0.94167852,0.0,True,0.7285877160803833,0.6589282069070013
40,0,166.47142,928,5173.1641,0.21189649,1,38.556049,0.7032883866688672,0.0,115.38919541681048,,,,False,0.7032883866688672,0.0
41,1664,173.00369,928,4977.8359,2.2118061,3,51.652058,0.7308740455956871,0.8712877753360273,1283.3726554189702,1.0419492,0.81181079,0.0,True,0.824196591916981,0.8534446797352191
42,0,167.35628,928,5145.8125,0.98993874,1,56.48362,0.7070251316720724,0.0,116.00253363100076,,,,False,0.7070251316720724,0.0
43,1664,203.55765,928,4230.6641,2.973238,3,40.962482,0.8598917194103921,0.8882454221141248,1510.0274555493315,0.99851656,0.79322326,0.0,True,0.9014791715872744,0.8597387734798874
44,0,257.04648,928,3350.3047,1.0732653,2,36.560307,1.085710618917081,0.0,178.17104288485834,,,,False,1.085710618917081,0.0
45,0,179.57628,928,4795.6445,0.98728383,2,48.870853,0.758629116983478,0.0,124.4727921774433,1.0735493,0.90117967,7.854507140692875,True,0.8531051718884346,0.27035390100000006
46,757,221.79498,928,3882.793,3.050235,4,55.664021,0.9368923416603252,0.8022525483146296,1470.9447015774283,1.0294997,0.80070901,0.0,True,0.9646745491622275,0.8017894868202408
47,0,181.71269,928,4739.2617,2.9295065,3,18.898514,0.7676506889791888,0.0,125.95363874546337,0.93300563,0.0,0.0,True,0.8172571712854322,0.0
48,0,150.79938,928,5710.793,1.9754779,2,78.930046,0.6371021688753015,0.0,104.52616507718781,,,,False,0.6371021688753015,0.0
49,746,223.55804,928,3852.1719,3.0182266,4,48.297894,0.9443358794234477,0.8012508502164977,1479.3736396461375,1.0278887,0.8004306,0.0,True,0.9694017255964135,0.8010047751515483
50,8,223.14803,928,3859.25,1.9976114,3,154.06412,0.942604806898191,0.2660398589991609,513.8173274089881,1.0270051,0.16430409,0.0,True,0.9679248948287338,0.23551912829941263
51,8,180.9718,928,4758.6641,2.0003791,3,21.345749,0.7645220780511778,0.25946305148694615,416.7029689322999,0.92549771,0.16303532,0.0,True,0.8128147676358245,0.2305347320408623
52,5,152.32433,928,5653.6211,2.9837368,4,43.212772,0.6435425475436535,0.2073655994812347,296.4094596950507,0.84406751,0.13204719,0.0,True,0.7037000362805574,0.1847700766368643
53,3344,180.38986,928,4774.0156,3.0354156,4,64.077278,0.762064682250125,0.9579358663543119,1463.9576756492984,1.0706636,0.59461373,0.0,True,0.8546443575750876,0.8489392254480184
54,83884,309.80063,928,2779.8008,2.0102544,4,68.301552,1.3083729110422428,1.4294410997054947,3512.276043739108,1.1622567,1.3015382,0.0,True,1.26453804772957,1.3910702297938462
55,746,181.24049,928,4751.6094,3.0178511,4,42.238991,0.7656566840842329,0.7814062718230849,1199.3413582555536,0.92621529,0.7942459,0.0,True,0.8138242658589631,0.7852581602761595
56,14970,242.26955,928,3554.6523,3.298542,5,50.653652,1.0233310719284086,1.175741643344799,2329.164207440841,1.0413812,0.92715079,0.0,True,1.028746110349886,1.1011643873413592
57,3333,149.26068,928,5769.6641,2.140352,4,49.763092,0.630603712824459,0.9366161017203146,1210.8366613782916,0.93332458,0.92262942,0.0,True,0.7214199729771213,0.9324200972042203
58,11111,197.3241,928,4364.3125,1.7107816,4,12.849276,0.8335713054518292,1.1114159590956099,1838.2458357675719,1.027872,0.86139607,0.0,True,0.8918615138162804,1.0364099923669268
59,11914,239.6075,928,3594.1445,2.9666183,4,49.087955,1.0120930375950243,1.1462717443596777,2248.869092674282,1.0361229,0.83997852,0.0,True,1.019301996316517,1.0543837770517743
60,81132,309.93039,928,2778.6367,2.9238515,5,24.542282,1.3089206549836734,1.4253104996247765,3503.4089286930125,1.1622591,1.3014861,0.0,True,1.2649221884885713,1.3881631797373435
61,20098,191.65755,928,4493.3477,3.139998,5,44.627281,0.8096443375527191,1.1780288821904614,1899.0340607610997,1.0553844,1.0180343,0.0,True,0.8833663562869034,1.130030507533323
62,6566,149.34996,928,5766.2148,2.1475415,4,71.472534,0.6309808037376903,1.0149557463073602,1312.7808690480176,0.9331274,0.87599099,0.0,True,0.7216247826163833,0.9732663194151521
63,0,128.28242,928,6713.1875,2.0055561,2,39.053776,0.542000176560318,0.0,88.91859773840673,0.84904599,0.0,0.0,True,0.6341139205922226,0.0
64,0,187.63728,928,4589.6211,2.0485523,2,61.523033,0.7926683694862452,0.0,130.060251599937,0.92522693,0.0,0.0,True,0.8324359376403716,0.0
65,8895,152.89784,928,5632.4141,3.0313458,4,100.31344,0.6459647349376824,1.0528586670950468,1390.3718324614772,0.92750335,0.84780806,0.0,True,0.7304263194563776,0.9913434849665328
66,0,218.67912,928,3938.1172,0.11508206,1,59.76841,0.9237371950853746,0.0,151.57681547532994,,,,False,0.9237371950853746,0.0
67,1670,224.66341,928,3833.2188,0.29176471,2,139.49345,0.9490026515920396,0.899292229101794,1667.4014580556627,1.1852864,1.3059314,0.0,True,1.0198877761144276,1.0212839803712557
68,3336,234.6041,928,3670.7969,2.1768041,3,247.61374,0.9909703448714086,0.9882867915840119,1903.3728824715567,1.1870835,1.3060749,0.0,True,1.0498042914099859,1.0836232241088084
69,0,144.86768,928,5944.625,4.052577,4,103.78029,0.6120501646960486,0.0,100.41462394626038,0.89422071,0.0,0.0,True,0.6967013282872341,0.0
70,58,190.85881,928,4512.1523,2.2090235,3,84.811699,0.8062716028955514,0.48454466389147394,781.4417308756811,1.0247202,0.30095768,0.0,True,0.8718061820268861,0.4294685687240318
71,57,162.71733,928,5292.5156,2.0444384,3,39.533867,0.6874345238751662,0.473542277184238,663.4860058473635,0.95921189,0.29813796,0.0,True,0.7689677337126164,0.4209209820289666
72,19,133.67686,928,6442.2812,4.0196042,4,48.382641,0.5647849151330702,0.3415456513693631,406.98219967441275,0.85551065,0.1892167,0.0,True,0.6520026355931492,0.2958469659585542
73,8065,191.81046,928,4489.7656,2.0880599,4,50.583187,0.8102900139392047,1.0695806979718567,1725.4380793553557,1.0553913,0.9902553,0.0,True,0.8838203997574433,1.0457830785802997
74,0,148.752,928,5789.3945,1.2115324,2,62.605164,0.6284553419104224,0.0,103.10702940265298,0.90953201,0.0,0.0,True,0.7127783423372956,0.0
75,1653,152.81,928,5635.6523,3.2022808,4,129.03796,0.6455937005259512,0.8580072203386395,1132.5599163404238,0.92466944,0.86461157,0.0,True,0.7293164223681659,0.8599885252370476
76,3188,188.42502,928,4570.4336,1.5952747,4,11.421845,0.7959946778966106,0.957219265096011,1520.1708910451612,1.0447781,0.91532844,0.0,True,0.8706297045276274,0.9446520175672077
77,793,163.90224,928,5254.2539,3.1193724,4,40.121853,0.692438546516111,0.7793626354060936,1094.5952320781819,0.96346569,0.79640085,0.0,True,0.7737466895612777,0.7844740997842655
78,0,185.00659,928,4654.8828,1.2468798,2,33.287632,0.7815598903703653,0.0,128.23679624350976,1.0343699,0.0,0.0,True,0.8574028932592557,0.0
79,0,169.24695,928,5088.3281,1.0317262,1,22.111814,0.715009472696984,0.0,117.31304621087003,,,,False,0.715009472696984,0.0
80,1664,208.34808,928,4133.3906,2.9528518,3,53.034611,0.8801182675792802,0.8907247274760182,1545.5637315079466,1.0096443,0.79350686,0.0,True,0.9189760773054962,0.8615593672332127
81,0,313.3688,928,2748.1484,1.995669,3,205.12862,1.3234314230590756,0.0,217.2107001954534,,,,False,1.3234314230590756,0.0
82,4980,262.71817,928,3277.9766,1.958976,4,11.5053,1.1096520660042635,1.0515680452704257,2236.6739168627355,1.1219893,0.99316466,0.0,True,1.1133532362029843,1.034047029689298
83,0,204.06108,928,4220.2266,1.1791289,2,52.436516,0.8620174034798701,0.0,141.44436226401746,1.0091262,0.0,0.0,True,0.906150042435909,0.0
84,0,-1.0,1,-1.0,0.0,0,4.9623313,1.0,0.0,-0.6931471805599453,,,,False,1.0,0.0
85,9924,263.85513,928,3263.8516,2.0169559,4,27.563204,1.114451376368614,1.137331626962201,2428.2357680374394,1.1239768,1.0160408,0.0,True,1.1173090034580297,1.1009443788735407
86,4980,204.09584,928,4219.5078,2.8114176,4,47.633614,0.8621641799727671,1.0197889082622384,1737.5876280966413,1.0163096,0.86063898,0.0,True,0.908407805980937,0.9720439297835668
87,2396,181.07317,928,4756.0,3.9922204,4,41.967564,0.7649501493559563,0.919008457155888,1409.182088242185,0.92656112,0.8890028,0.0,True,0.8134334405491694,0.9100067600091216
88,1,151.84309,928,5671.5391,2.0182962,3,60.684826,0.6415101308873751,0.08019061307065153,166.81668462333775,0.84258151,0.051076196,0.0,True,0.7018315446211626,0.07145628794945608
89,13,180.93526,928,4759.625,2.9998436,3,42.31601,0.7643677968415489,0.3116302082717939,489.9817672294807,0.92620587,0.43881023,0.0,True,0.8129192187890842,0.34978421479025573
90,0,224.1987,928,3841.1641,0.98980224,2,160.51624,0.9470406976989716,0.0,155.402696790205,1.0278374,0.89372665,13.418795026546173,True,0.9712797083892801,0.26811799500000005
91,6672,224.1946,928,3841.2344,2.015012,4,108.31976,0.9470233745398512,1.0668128222968911,1974.2519663544376,1.027832,0.93557668,0.0,True,0.9712659621778958,1.0274419796078238
92,9800,224.19551,928,3841.2188,2.0097713,4,43.723125,0.9470272186001067,1.1133846721416856,2060.433350215913,1.027832,0.97734094,0.0,True,0.9712686530200747,1.07257155249918
93,15475,224.19824,928,3841.1719,1.9966688,4,60.108662,0.9470387756102298,1.168727808762015,2162.86515705226,1.0278322,1.0220424,0.0,True,0.9712768029271608,1.1247221861334105
94,17826,224.19847,928,3841.168,3.0100493,4,76.854462,0.9470397366536253,1.1858612661256918,2194.57244829363,1.0278322,1.0346447,0.0,True,0.9712774756575377,1.1404962962879843
95,102172,309.85983,928,2779.2695,3.2642801,5,83.538689,1.3086228467380239,1.4543425026618664,3574.05730018244,1.1627455,1.301373,0.0,True,1.2648596427166168,1.4084516518633063
96,6708,250.99202,928,3431.1211,2.1992893,5,63.628307,1.0601527603077097,1.0822560388720708,2211.5795971146426,1.2809145,1.4519346,0.0,True,1.1263812822153967,1.1931596072104496
97,113171,311.44312,928,2765.1406,2.9747655,5,65.963692,1.3153046182892332,1.4681762814327357,3624.161714520249,1.1828456,1.2745972,0.0,True,1.2755669128024634,1.410102557002915
98,0,227.66882,928,3782.6172,1.0021901,2,126.58502,0.9616911350071653,0.0,157.80800068440968,,,,False,0.9616911350071653,0.0
99,0,152.99059,928,5629.0,0.99601012,1,103.4196,0.6463563861899556,0.0,106.04499611070256,,,,False,0.6463563861899556,0.0
100,1679,182.97302,928,4706.6172,2.9970763,3,47.333355,0.7729727552784796,0.8781165038913918,1358.9669920650572,0.91065753,0.56600827,0.0,True,0.8142781876949359,0.7844840337239743
101,0,4.031496,2,0.9921875,0.9929412,1,3.9853234,0.7677983782747805,0.0,2.794420085838697,,,,False,0.7677983782747805,0.0
102,0,4.031496,2,0.9921875,0.9929412,1,2.9746132,0.7677983782747805,0.0,2.794420085838697,,,,False,0.7677983782747805,0.0
103,0,227.7742,928,3780.8672,2.0027006,2,138.98386,0.9621360249272404,0.0,157.8810445342971,,,,False,0.9621360249272404,0.0
104,18084,264.39813,928,3257.1484,3.0873833,5,45.94017,1.1167435059525488,1.211793586806433,2591.866693411505,1.1249682,1.0412637,0.0,True,1.1192109141667843,1.160634620764503
105,9621,282.92139,928,3043.8984,3.7491026,5,119.91988,1.1949291580558432,1.1433489492756954,2594.929906785003,1.2806301,1.4463203,0.0,True,1.2206394406390904,1.2342403544929867
106,11453,283.64648,928,3036.1172,2.289135,5,41.743629,1.197989600478757,1.1654468889411558,2651.0115108306527,1.280789,1.4653884,0.0,True,1.2228294203351298,1.2554293422588092
107,21320,257.08365,928,3349.8203,3.261961,5,47.090355,1.0858675241735483,1.2278876016266167,2562.47991433537,1.1480155,1.1109529,0.0,True,1.1045119169214839,1.1928071911386318
108,3617,245.44061,928,3508.7266,3.1191542,4,142.06526,1.0367178152339291,1.0036518938681178,2011.128828414829,1.020121,0.95285797,0.0,True,1.0317387706637504,0.9884137167076825
109,0,240.86563,928,3575.3711,2.0158699,3,81.36734,1.0174043197910443,0.0,166.955332328295,0.98949921,0.0,0.0,True,1.009032786853731,0.0
110,4630,245.5825,928,3506.6992,2.0158927,4,49.323883,1.0373168525348768,1.0339621207417753,2072.8990181081585,1.0199355,0.91369277,0.0,True,1.0321024467744138,0.9978813155192428
111,22064,262.04678,928,3286.375,3.140729,5,119.12729,1.10681805166249,1.2350195894713514,2620.9377131137353,1.1342232,1.0921019,0.0,True,1.115039596163743,1.192144282629946
112,4955,245.60933,928,3506.3164,2.9860957,4,95.100906,1.037430036423066,1.042284728428296,2089.7807379413143,1.0199361,0.8420822,0.0,True,1.0321818554961462,0.9822239698998071
113,487,231.79218,928,3715.3281,3.0045965,4,38.29731,0.9790991574393554,0.7529854348596954,1435.3412007856077,0.98240721,0.82381123,0.0,True,0.9800915732075488,0.7742331734017868
114,16133,265.48801,928,3243.7773,2.2145898,5,127.32085,1.1213439722545473,1.1982910352655078,2572.2459226752567,1.2832286,1.4588701,0.0,True,1.1699093605781832,1.2764647546858554
115,11274,265.08005,928,3248.7695,3.8366392,5,301.56107,1.1196219266347984,1.1537523875071498,2473.3113419117826,1.2830952,1.4466525,0.0,True,1.1686639086443589,1.2416224212550049
116,3785,310.96341,928,2769.4062,5.8678169,7,236.97897,1.3132801718620821,1.0393056562256326,2562.1299750136914,1.2914308,1.4658941,0.0,True,1.3067253603034574,1.1672821893579428
117,3023,281.70993,928,3056.9883,2.2372425,3,127.66489,1.189815865145885,0.9985259919165864,2257.811102197033,1.2416558,1.347535,0.0,True,1.2053678456021195,1.1032286943416105
118,4252,301.50119,928,2856.3203,4.2033377,5,200.43234,1.2733467311678262,1.0498898911117118,2519.22786440354,1.2339959,1.3468577,0.0,True,1.2615414818174784,1.1389802337781982
119,0,168.98529,928,5096.207,1.9930227,2,32.125221,0.7139044786992054,0.0,117.1316773196047,0.91282034,0.0,0.0,True,0.7735792370894438,0.0
120,29307,273.86688,928,3144.5352,2.0429065,4,96.796661,1.156711296487527,1.2770222220818237,2816.898851013706,1.0956472,1.0132245,0.0,True,1.1383920675412689,1.1978829054572766
121,0,205.97272,928,4181.0586,1.007024,2,24.06868,0.8700888891768429,0.0,142.76941014026306,1.0105232,0.0,0.0,True,0.9122191824237901,0.0
122,4036,213.62766,928,4031.2383,3.0013194,4,71.36676,0.9024095627167976,1.0000824239931814,1773.8582999819632,0.98173654,0.93160534,0.0,True,0.9262076559017582,0.9795392987952269
123,0,320.1897,928,2689.6055,1.1171136,2,52.227043,1.352216292705465,0.0,221.93858779933473,1.1541604,0.0,0.0,True,1.2927995248938255,0.0
124,32420,274.2341,928,3140.3242,2.9740984,4,138.99391,1.1582613947458509,1.289769647880767,2848.3578418346506,1.0954571,1.020497,0.0,True,1.1394201063220957,1.208987853516537
125,19278,273.1712,928,3152.543,3.0095086,4,50.761616,1.1537749875768502,1.2246338253165978,2695.332034303788,1.0960674,0.99085116,0.0,True,1.136462711303795,1.1544990257216186
126,24472,273.16513,928,3152.6133,1.9977812,4,44.228306,1.1537492759051133,1.2542389633602224,2760.4337833210216,1.0960673,0.99969238,0.0,True,1.1364446831335795,1.1778749883521558
127,100457,312.00995,928,2760.1172,2.0195527,4,192.50679,1.317696733011778,1.4534740326380444,3593.5761476440666,1.1819429,1.2721578,0.0,True,1.2769705831082445,1.399079162846631
128,4227,224.93045,928,3828.668,3.9902773,5,192.00948,0.9501300584220924,1.0119292435404548,1878.106465347064,0.9851445,0.89850497,0.0,True,0.9606343908954647,0.9779019614783184
129,3406,213.66721,928,4030.4922,3.0420079,5,121.74416,0.9025765283899718,0.9796684500465933,1737.9436358004298,0.98101711,0.89890724,0.0,True,0.9261087028729803,0.9554400870326153
130,5543,236.0856,928,3647.7617,4.0300598,5,48.208652,0.9972247806303738,1.0509321179530302,2035.2117761517559,1.0495973,0.9719587,0.0,True,1.0129365364412617,1.0272400925671212
131,1775,237.49327,928,3626.1406,3.0083306,4,294.29318,1.003167520750337,0.9128151857613626,1777.086575738026,1.0492786,0.85301238,0.0,True,1.0170008445252359,0.8948743440329539
132,4666,235.26102,928,3660.5469,4.0256653,6,47.966778,0.9937436734627589,1.0295002647185145,1987.599432264514,1.0473107,0.94894505,0.0,True,1.0098137814239312,1.00533370030296
133,105936,311.9967,928,2760.2344,2.0268369,4,59.222588,1.3176408239053283,1.4601678926916613,3609.991917437973,1.1819427,1.2708184,0.0,True,1.2769313867337297,1.4033630448841627
134,3040,235.03027,928,3664.1406,4.0039382,6,48.515491,0.9927695655304764,0.977187522806673,1885.006334699733,1.0468518,0.91537464,0.0,True,1.0089942358713335,0.9586436579646711
135,3338,206.15126,928,4177.4375,3.0272088,5,34.957375,0.8708427415497038,0.9730463023389162,1672.654855917738,1.0109509,0.92202449,0.0,True,0.9128751890847926,0.9577397586372414
136,4397,206.27644,928,4174.9023,3.0076833,5,41.732277,0.8713713056289683,1.0061577470629832,1730.4803911920378,1.0113757,0.95765346,0.0,True,0.9133726239402777,0.9916064609440882
137,7541,206.4528,928,4171.3359,3.0311637,5,49.661354,0.8721159518062372,1.070955098522888,1843.2880718475096,1.011804,0.99371767,0.0,True,0.9140223662643661,1.0477838699660216
138,2232,206.78801,928,4164.5742,3.6830626,5,62.513714,0.8735312599582746,0.9251371958109912,1594.6558675150418,1.0069406,0.88067251,0.0,True,0.9135540619707923,0.9117977900676938
139,0,169.18149,928,5090.2969,2.0073903,2,80.693893,0.7147330334638657,0.0,117.26767279643057,0.91351557,0.0,0.0,True,0.774367794424706,0.0
140,2318,241.96748,928,3559.0898,3.0596185,5,114.73748,1.0220558916081364,0.9475170031562312,1875.0840284812552,0.99036551,0.85052407,0.0,True,1.0125487771256956,0.9184191232093618
141,229,194.59123,928,4425.6055,3.9922762,4,207.25868,0.8220318659003474,0.6477111630083624,1059.0467564642197,0.91928685,0.80704474,0.0,True,0.8512083611302432,0.6955112361058537
142,745,182.58041,928,4716.7383,3.3838396,3,35.433865,0.7713148259643133,0.7819278740472692,1207.9638940882758,0.94593114,0.79493445,0.0,True,0.8236997201750194,0.7858298468330883
143,0,147.18677,928,5850.9609,2.4397435,2,23.899265,0.6218447163444472,0.0,102.02209464122514,0.84131581,0.0,0.0,True,0.687686044441113,0.0
144,0,168.15356,928,5121.4141,3.8096151,3,35.155235,0.710392082231971,0.0,116.55516601511759,0.90575773,0.0,0.0,True,0.7690017765623798,0.0
145,2128,231.79291,928,3715.3164,2.1432602,4,158.92291,0.9791022390872189,0.932171655780633,1776.4324116777002,0.98240721,0.89152575,0.0,True,0.9800937303610533,0.919977884046443
146,0,185.76703,928,4635.8281,3.0074751,3,47.46579,0.7847709600611632,0.0,128.76389308549477,0.88892138,0.0,0.0,True,0.8160160860428143,0.0
147,6,188.88834,928,4559.2227,2.8889718,3,148.60556,0.7979511306553043,0.23095306946376146,392.782260934945,0.86362761,0.14365016,0.0,True,0.8176540744587131,0.20476219662463302
148,10279,311.86209,928,2761.4258,3.0570867,5,186.47383,1.317072747397683,1.1657331935209685,2880.9984570262263,1.0620151,0.94038922,0.0,True,1.2405554531783782,1.098130001464678
149,27964,262.34521,928,3282.6367,2.9624529,5,166.93671,1.1080777398108108,1.2644571788300427,2686.0856456679417,1.1332147,1.0432633,0.0,True,1.1156188278675676,1.1980990151810298
150,0,185.62032,928,4639.4922,1.017038,2,95.297058,0.7841514439334057,0.0,128.6622014626348,0.88865632,0.0,0.0,True,0.8155029067533841,0.0
151,803,230.88429,928,3729.9375,2.9693816,4,48.41906,0.9752662820949279,0.8133300105652684,1544.810368723768,0.94182944,0.72022146,0.0,True,0.9652352294664496,0.7853974453956879
152,1620,186.07465,928,4628.1641,3.0575695,4,47.002796,0.7860699387815736,0.8756285626980113,1375.3550027968852,0.88980824,0.8427375,0.0,True,0.8171914291471016,0.865761243888608
153,4196,232.09941,928,3710.4102,1.9266258,4,11.475559,0.9803961886096639,1.0148933963909954,1936.257646443867,0.98262185,0.92705292,0.0,True,0.9810638870267647,0.9885412534736968
154,1518,234.73674,928,3668.7227,3.1864042,5,48.721382,0.9915303083601603,0.8924751494105354,1719.790653914976,0.9517585,0.85496819,0.0,True,0.9795987658521121,0.8812230615873748
155,0,204.54291,928,4210.2852,1.9996448,2,47.564156,0.8640518478273123,0.0,141.77834137002665,1.0108892,0.0,0.0,True,0.9081030534791186,0.0
156,8184,235.00146,928,3664.5898,3.2078357,5,40.680775,0.9926479396838009,1.0978116400452098,2117.405609271061,0.9867636,0.97862917,0.0,True,0.9908826377786607,1.062056899031647
157,72717,300.97229,928,2861.3398,2.268265,4,51.718563,1.2711145252951255,1.4063081916080709,3369.19155553233,1.1133021,1.1001676,0.0,True,1.223770797706588,1.3144660141256495
158,34702,328.10526,928,2624.7188,4.559207,6,17.824694,1.3856195077431357,1.327756185379406,3430.212608718996,1.1614172,1.0381532,0.0,True,1.318358815420195,1.2408752897655841
159,0,160.59528,928,5362.4492,1.0079576,2,70.67878,0.6784727890862756,0.0,111.31616554323497,0.82031274,0.0,0.0,True,0.7210247743603929,0.0
160,1736,212.98685,928,4043.3672,3.0323782,4,191.43625,0.8997039405064736,0.8981816397903607,1588.9863296932754,0.9818455,0.86512899,0.0,True,0.9243464083545316,0.8882658448532526
161,214,174.46878,928,4936.0352,2.9781756,3,49.320221,0.7370609287344975,0.6314738632735336,937.818265948999,0.89051533,0.439702,0.0,True,0.7830972491141482,0.5739423042914735
162,8,187.78864,928,4585.9219,2.997659,4,122.1124,0.7933074908349333,0.2606001938376953,432.39932309762537,0.93979317,0.16322096,0.0,True,0.8372531945844532,0.23138642368638668
163,3348,194.02881,928,4438.4336,3.9741726,4,42.150814,0.8196570737226292,0.9663859500390595,1574.8766737920585,0.89938176,0.91420597,0.0,True,0.8435744796058404,0.9507319560273416
164,0,160.81223,928,5355.2148,1.0003469,2,28.379744,0.6793890009106299,0.0,111.46654382405745,0.82087654,0.0,0.0,True,0.7218352626374409,0.0
165,39596,333.21964,928,2584.4336,3.413017,6,127.87921,1.407201333386498,1.3471545482485396,3527.641011979044,1.2035674,1.2425828,0.0,True,1.3461111533705488,1.3157830237739778
166,22,234.80324,928,3667.6836,4.0305452,5,45.313042,0.9918110680265841,0.38199845727029796,746.2173362601079,1.0463933,0.23479439,0.0,True,1.008185737618609,0.3378372370892086
167,0,237.97548,928,3618.793,0.93041134,2,46.834419,1.0052032277558092,0.0,164.95203300439965,0.99128115,0.0,0.0,True,1.0010266044290663,0.0
168,8840,242.93803,928,3544.8711,2.9864283,4,152.92012,1.0261531101695915,1.111700605873623,2207.643076954683,0.99201041,0.98346555,0.0,True,1.0159103001187142,1.073230089111536
169,4485,281.24707,928,3062.0195,4.0674238,5,295.29822,1.187862156437203,1.0474484999068445,2364.9896259877,1.0721648,0.77862942,0.0,True,1.153152949506042,0.9668027759347912
170,3109,224.98692,928,3827.707,5.4651823,8,215.98267,0.9503684774411306,0.974738626855946,1809.502188292549,0.98466098,0.85809821,0.0,True,0.9606562282087915,0.9397465017991622
171,3754,213.71277,928,4029.6328,3.417685,5,192.23067,0.9027689254427239,0.9914081334227903,1759.0932841507874,0.98029959,0.87252069,0.0,True,0.9260281248099067,0.9557419003959532
172,105155,312.5434,928,2755.4062,2.5851095,5,154.5621,1.319948004264167,1.4595562058777274,3614.0048903280112,1.1810483,1.270076,0.0,True,1.278278092984917,1.402712144114409
173,13,188.70741,928,4563.5938,4.0693517,5,190.72583,0.7971871721561476,0.31318461616093674,511.0291395999772,0.94238204,0.19608261,0.0,True,0.8407456325093033,0.2780540143126557
174,805,211.54216,928,4070.9805,1.9472182,3,185.87834,0.8936042808541902,0.8050747337716043,1415.9201463649486,0.97862929,0.80596846,0.0,True,0.9191117835979331,0.8053428516401231
175,418,194.37265,928,4430.582,2.0404944,3,37.407761,0.8211089632714386,0.7190541196632942,1174.0603149059757,0.93576843,0.75047189,0.0,True,0.8555068032900071,0.728479450764306
176,2007,235.90396,928,3650.5703,7.7814193,8,45.581715,0.9964579766296736,0.9270349776359429,1794.1421762136079,1.0498327,1.0074618,0.0,True,1.0124703936407715,0.9511630243451601
177,126,227.71538,928,3781.8438,5.41996,5,23.390856,0.9618877001835118,0.5879752714127612,1104.8819153199559,1.090674,0.75525504,0.0,True,1.0005235901284582,0.6381592019889328
178,104478,312.33527,928,2757.2422,3.9041414,5,30.830118,1.3190697107472624,1.4586184350246993,3609.580926576366,1.1810445,1.2666181,0.0,True,1.2776621475230838,1.4010183345172895
179,5348,222.23901,928,3875.0352,2.026439,5,22.287403,0.9387670276080136,1.0389177935656142,1907.888973893844,0.99686348,0.90000695,0.0,True,0.9561959633256095,0.99724454049593
180,16220,311.85458,928,2761.4922,3.9386556,6,47.61269,1.3170411013411363,1.2232853392969953,3023.1568514271567,1.0620149,1.0082126,0.0,True,1.2405332409387955,1.1587635175078967
181,73417,309.91733,928,2778.7539,2.2212052,4,47.1017,1.308865488109408,1.412703923618929,3472.2945618167514,1.0954188,1.0951629,0.0,True,1.2448314816765855,1.3174416165332503
182,72227,299.54919,928,2874.9336,2.8550622,5,52.955326,1.2651083815892172,1.4046233415640803,3351.235591324529,1.1171355,1.1057024,0.0,True,1.2207165171124519,1.3149470590948562
183,29625,262.34457,928,3282.6445,2.9911511,4,43.178497,1.108075108473882,1.2715824545508136,2701.2154881259094,1.1332147,1.0267543,0.0,True,1.1156169859317173,1.1981340081855696
184,65899,299.21701,928,2878.125,3.1428707,5,35.747353,1.2637065442075048,1.3929177375709951,3320.084682759085,1.1171294,1.1196734,0.0,True,1.2197334009452534,1.3109444362996965
185,64761,298.65482,928,2883.543,3.0208709,5,66.034821,1.2613337630510584,1.3904030740532285,3308.6443566659864,1.1185402,1.1237997,0.0,True,1.2184956941357408,1.31042206183726
186,74358,310.1698,928,2776.4922,2.8223448,4,56.761433,1.3099309080787198,1.4144548189380173,3479.0733581193917,1.0948517,1.0915571,0.0,True,1.245407145655104,1.3175855032566122
187,93745,314.21741,928,2740.7266,1.215694,4,15.387492,1.32701261971778,1.4460325449337028,3597.27243905091,1.1159341,1.116564,0.0,True,1.263689063802446,1.347191981453592
188,0,225.73561,928,3815.0117,2.0156813,2,95.667793,0.9535293828508935,0.0,156.4680016234794,0.9999361,0.0,0.0,True,0.9674513979956254,0.0
189,27088,311.21671,928,2767.1523,3.0477979,5,88.215157,1.3143490918269969,1.2876654400526657,3176.5640414287436,1.0664215,1.0864167,0.0,True,1.2399708142788979,1.227290818036866
190,68,245.92329,928,3501.8398,3.9982758,4,73.91246,1.0387554849498655,0.5187648043617828,1044.8039274741247,1.0662047,0.81828558,0.0,True,1.0469902494649057,0.608621037053248
191,1605,237.96597,928,3618.9375,3.0757527,4,74.346405,1.0051631133195864,0.9007582829530419,1756.694385353362,0.99128097,0.82081455,0.0,True,1.0009984703237105,0.8767751630671293
192,40953,333.22064,928,2584.4258,2.2968144,4,107.6156,1.4072055771465162,1.3514429668140353,3538.879564955956,1.2035676,1.2417417,0.0,True,1.3461141840025612,1.3185325867698245
193,44639,312.00021,928,2760.2031,2.7654252,4,82.775467,1.3176557547979146,1.3511091072422543,3340.401543795928,1.11409,1.092654,0.0,True,1.2565860283585404,1.2735725750695779
194,49584,312.48312,928,2755.9375,1.2611724,4,49.144371,1.3196937242543167,1.3646331243570593,3378.3999446177427,1.1140981,1.0977373,0.0,True,1.2580150369780219,1.2845643770499415
195,42118,307.02045,928,2804.9727,2.7793782,4,13.040563,1.296639903421804,1.3410531255913098,3269.2390929225185,1.1133584,1.0836709,0.0,True,1.2416554523952628,1.2638384579139168
196,44109,307.25964,928,2802.7891,1.2442682,4,28.814955,1.2976493707265335,1.3470020129644684,3285.977301028829,1.1133624,1.0846229,0.0,True,1.2423632795085733,1.268288279075128
197,7566,282.20071,928,3051.6719,4.1421752,7,544.30298,1.1918873178993592,1.1130453857509293,2520.5275975442087,1.2905853,1.4776422,0.0,True,1.2214967125295515,1.2224244300256506
198,43727,307.66443,928,2799.1016,3.3999944,4,45.595463,1.2993576565147227,1.3461294609169006,3287.6303444198493,1.1124973,1.08255,0.0,True,1.2432995495603059,1.2670556226418304
199,386,236.05627,928,3648.2148,2.9274192,3,59.939068,0.9971009954361151,0.7263877751992445,1407.1326859215533,1.028398,0.55336839,0.0,True,1.0064900968052806,0.6744819596394711
200,622,253.82452,928,3392.832,2.9436486,3,33.212612,1.0721098453872357,0.7914275356058921,1633.6527778991933,1.0683237,0.73892277,0.0,True,1.0709740017710652,0.7756761059241244
201,272,228.76973,928,3764.4141,4.0955153,5,187.37978,0.9663389935364888,0.6812452765751856,1284.1138013538102,1.0046971,0.48144454,0.0,True,0.9778464254755421,0.6213050556026299
202,7,226.03162,928,3810.0156,4.1252265,4,218.28011,0.9547790965586919,0.2521704156760759,496.642230719121,1.0053042,0.15524858,0.0,True,0.9699366275910843,0.22309386497325312
203,0,225.91118,928,3812.0469,4.545814,4,234.6073,0.9542705965769954,0.0,156.5896974739703,1.0055553,0.0,0.0,True,0.9696560076038967,0.0
204,0,225.98157,928,3810.8594,4.0526361,4,208.77,0.9545678003850968,0.0,156.63848810400992,1.0071132,0.0,0.0,True,0.9703314202695678,0.0
205,49744,308.1814,928,2794.4062,2.9570475,4,163.99295,1.3015393867441862,1.3626581259134931,3332.8848678222307,1.0838345,1.0037301,0.0,True,1.2362279207209304,1.2549797181394453
206,0,233.2664,928,3691.8477,2.0121517,2,112.51181,0.9853229223921821,0.0,161.68794747936843,0.95701021,0.0,0.0,True,0.9768291086745275,0.0
207,28704,311.91769,928,2760.9336,1.6417038,4,42.845421,1.317307375984584,1.2953426682208817,3201.7918682639183,1.0668795,1.0885967,0.0,True,1.2421790131892088,1.2333188777546171
208,28912,312.72559,928,2753.8008,2.4675303,4,15.234357,1.3207169439226667,1.2966765992729394,3212.3426493785914,1.067939,1.0791698,0.0,True,1.2448835607458666,1.2314245594910576
209,2645,229.7175,928,3748.8828,2.9475281,4,101.78055,0.9703403184540024,0.9575688731969682,1810.4454725401042,0.96174121,0.92318225,0.0,True,0.9677605859178018,0.9472528862378777
210,4444,238.4888,928,3611.0039,2.9891837,4,41.21209,1.007370296676303,1.0252623485055117,2003.248705230949,0.97300518,0.88763154,0.0,True,0.9970607616734121,0.9839731059538581
211,0,229.54266,928,3751.7383,1.9626437,3,66.452362,0.9696021724891264,0.0,159.10684759723014,,,,False,0.9696021724891264,0.0
212,0,225.98575,928,3810.7891,1.0435983,2,24.735229,0.95458540065477,0.0,156.64138545922467,1.0018421,0.71294218,4.730632799712379,True,0.968762410458339,0.21388265400000003
213,0,227.37978,928,3787.4258,1.0062386,2,72.500748,0.9604707949778671,0.0,157.60765342334065,1.1526984,1.075054,5.1725761492088305,True,1.018139076484507,0.32251620000000003
214,2784,240.1326,928,3586.2852,2.9748201,4,103.42256,1.014309790825891,0.9690063230059486,1904.8187482632056,1.0302086,0.87152356,0.0,True,1.0190794335781237,0.939761494104164
215,3993,311.9393,928,2760.7422,1.9212823,3,28.931915,1.317398637714239,1.046465391664276,2586.849870867824,1.0620162,0.88211673,0.0,True,1.2407839063999673,0.9971607931649933
216,1805,238.18733,928,3615.5742,3.0762308,5,51.822029,1.0060976249320994,0.9151843312277854,1786.2676101259772,1.0321571,0.88341695,0.0,True,1.0139154674524695,0.9056541168594499
217,109,237.27269,928,3629.5117,3.0119753,4,47.288662,1.002236289266434,0.5733915675858913,1117.442899501619,1.0332716,0.92447931,0.0,True,1.011546882486504,0.6787178903101239
218,1788,229.48557,928,3752.6719,3.1093574,5,216.81859,0.9693610806940655,0.909900574202912,1718.8402410025167,1.0019771,0.87034851,0.0,True,0.9791458864858458,0.8980349549420384
219,11,189.81697,928,4536.918,3.9912703,4,213.24413,0.8018723428437439,0.2950962753237089,486.8709152367958,0.93084425,0.21455894,0.0,True,0.8405639149906208,0.2709350747265962
220,745,182.52342,928,4718.2109,3.00842,3,48.393658,0.7710741930271887,0.7818990400617124,1207.586844533375,0.90555531,0.51150972,0.0,True,0.8114185281190321,0.7007822440431987
221,7,153.90631,928,5595.5078,1.9884007,2,241.93829,0.6502238032853906,0.24094785737610924,338.16672693912716,0.92510086,0.11941741,0.0,True,0.7326869202997734,0.2044887231632765
222,6,182.19444,928,4726.7305,3.0124178,3,46.063148,0.7696849737229983,0.22996888816172717,378.8626871990943,1.02767,0.79832208,0.0,True,0.8470804816060988,0.400474845713209
223,122,151.8979,928,5669.4922,4.3037019,5,16.368662,0.6417416585066695,0.5567477325503984,732.1906472241174,0.87872899,0.8659153,0.0,True,0.7128378579546687,0.6494980027852789
224,428,155.95134,928,5522.1328,3.1893523,5,17.21398,0.6588604840628813,0.7034249635658701,945.655428767012,0.88475162,0.84998751,0.0,True,0.726627824844017,0.7473937274961091
225,1164,157.86742,928,5455.1094,2.2768321,4,16.951763,0.6669525098096145,0.820522148674678,1114.7546382614842,0.8910203,0.88898891,0.0,True,0.7341728468667301,0.8410621770722746
226,1803,165.67628,928,5197.9922,3.1110544,4,28.507143,0.6999304365563549,0.8762543051483036,1242.2930797336342,0.9095937,0.90420592,0.0,True,0.7628294155894484,0.8846397896038125
227,2158,161.36626,928,5336.8281,2.8532336,5,26.26778,0.6817287881277991,0.8944944986511442,1238.9481178949504,0.91857004,0.91904861,0.0,True,0.7527811636894595,0.901860732055801
228,1592,141.18413,928,6099.7227,2.677,4,56.32391,0.5964926611030095,0.8459109183283882,1041.092037130735,0.79817742,0.7292558,0.0,True,0.6569980887721066,0.8109143828298717
229,0,164.81522,928,5225.1484,3.8359571,4,22.703274,0.6962941420671431,0.0,114.24120505636711,0.93144107,0.0,0.0,True,0.7668382204470001,0.0
230,110,167.89296,928,5129.3633,3.9553161,5,23.923843,0.7092915854614387,0.5512528345567788,792.2027422583924,0.9405278,0.77950978,0.0,True,0.778662449823007,0.6197299181897451
231,0,247.64374,928,3477.5117,1.0052271,2,49.370884,1.0460182705049217,0.0,171.65356016432014,,,,False,1.0460182705049217,0.0
232,4164,214.12625,928,4021.8516,3.3716233,5,36.434566,0.9045146721205225,1.0041237628434747,1784.6805444119311,0.99184197,0.83496088,0.0,True,0.9307128614843658,0.9533748979904323
233,1674,238.54144,928,3610.207,2.9830785,4,54.983028,1.007592535708956,0.9061584914717019,1770.97107693777,0.9595862,0.86697775,0.0,True,0.9931906349962691,0.8944042690301913
234,0,192.14497,928,4481.9492,0.94276369,1,161.7572,0.81170250783297,0.0,133.18474421427527,0.87488186,0.0,0.0,True,0.830656313483079,0.0
235,1747,227.38681,928,3787.3086,1.9873055,4,196.46143,0.9605005014993079,0.9060732860963817,1697.8517135341547,1.1526986,1.0527326,0.0,True,1.0181599310495155,0.9500710802674671
236,3152,227.4931,928,3785.5391,3.0200834,4,296.28448,0.9609492376291614,0.9777145641821683,1832.7815002667828,1.0039678,0.84241974,0.0,True,0.9738548063404131,0.9371261169275178
237,1994,187.23268,928,4599.5391,2.9588094,4,49.800293,0.7909598791925163,0.9008859307280728,1422.7624975932583,1.0266293,0.77004743,0.0,True,0.8616607054347614,0.8616343805096509
238,4098,227.58914,928,3783.9414,1.9998109,4,13.78401,0.9613547665147801,1.0096105533975663,1893.2553951719256,1.1521626,1.0417008,0.0,True,1.018597116560346,1.0192376273782964
239,6,186.36627,928,4620.9219,3.0739236,4,50.307266,0.7873013841388149,0.2305854355143202,387.5377638059205,1.0291728,0.85645205,0.0,True,0.8598628088971705,0.41834541986002416
240,7036,229.52307,928,3752.0586,2.9118028,4,44.534424,0.9695194450709002,1.0763077145488524,2033.3630824136746,1.0027092,0.92423224,0.0,True,0.9794763715496301,1.0306850721841967
241,66940,298.30124,928,2886.9609,3.0001864,5,107.75581,1.2598414920172993,1.3943492723404034,3314.5986447597707,1.1206838,1.1523703,0.0,True,1.2180941844121094,1.3217555806382824
242,5714,227.78596,928,3780.6719,3.1496835,5,47.327744,0.9621857001754871,1.050057880551643,1970.5819296110064,1.1516266,1.0223454,0.0,True,1.019017970122841,1.04174413638615
243,61913,296.9288,928,2900.3047,3.1699877,5,99.816956,1.2540491736224801,1.3837532354013926,3276.1691869636097,1.1235986,1.1576241,0.0,True,1.214914001535736,1.3159144947809747
244,4477,194.61441,928,4425.0781,3.000879,4,15.721943,0.8221297949624246,1.0013353070948359,1636.153526880733,1.0205725,0.98278475,0.0,True,0.8816626064736972,0.9957701399663851
245,6831,198.09839,928,4347.2539,3.292906,5,20.309332,0.8368407304608361,1.0538772751865062,1749.1135171503295,1.0302541,1.0035032,0.0,True,0.8948647413225853,1.0387650526305543
246,185,163.30237,928,5273.5547,2.8045905,4,16.260658,0.6899052360570994,0.6096988926640896,854.2524348597759,0.92497039,0.84419453,0.0,True,0.7604247822399697,0.6800475838648627
247,9682,198.96172,928,4328.3906,3.8476348,6,20.653526,0.8404860315916167,1.0960732427512787,1826.1164906369568,1.0324819,1.0300875,0.0,True,0.8980847921141317,1.0762775199258952
248,4845,173.14011,928,4973.9141,2.8580265,4,20.935144,0.7314500888662125,0.9968685799239105,1469.2869254069444,0.88868421,0.88855416,0.0,True,0.7786203252063488,0.9643742539467374
249,64,169.98372,928,5066.2734,3.9139407,5,16.641542,0.7181208516958931,0.4893225154465169,712.1730985652921,0.94170338,0.78415877,0.0,True,0.7851956101871251,0.5777733918125618
250,6583,178.95502,928,4812.293,2.3409142,4,32.605885,0.7560056711620253,1.0368941144596973,1573.4708920561056,0.90207279,0.90113658,0.0,True,0.7998258068134176,0.9961668541217881
251,5874,215.47086,928,3996.7539,3.3135102,5,26.381392,0.9101917501438735,1.0463556518957082,1869.99220096381,0.99433047,0.84690303,0.0,True,0.9354333661007115,0.9865198653269958
252,0,155.10509,928,5552.2617,0.77003157,2,31.625576,0.6552865182127878,0.0,107.51065582399656,0.83817416,0.0,0.0,True,0.7101528107489514,0.0
253,11225,199.86465,928,4308.8359,3.9671755,5,102.8799,0.8442986221386065,1.1143332689980383,1863.9530895873393,1.0347068,1.0404443,0.0,True,0.9014210754970245,1.0921665782986267
254,8550,188.92184,928,4558.4141,3.0570045,4,24.053623,0.7980926141412553,1.074585948178449,1710.4833111386392,0.92060804,0.92730749,0.0,True,0.8348472418988787,1.0304024107249143
255,17578,219.2308,928,3928.207,1.9153488,4,54.660316,0.9260664414458679,1.1809607913618587,2142.8752190644996,0.99305898,0.96680027,0.0,True,0.9461642030121076,1.1167126349533012
256,0,152.50145,928,5647.0547,1.0170511,1,180.52682,0.6442905944308949,0.0,105.70595009880347,,,,False,0.6442905944308949,0.0
257,1679,182.97424,928,4706.5859,3.00702,3,42.384972,0.7729778935615553,0.8781171939369063,1358.9760531809002,0.91104901,0.24426779,0.0,True,0.8143992284930888,0.6879623727558344
258,745,186.43956,928,4619.1055,2.7733355,3,97.602898,0.7876108456376164,0.7838647640449796,1233.496282047481,0.91302896,0.79326332,0.0,True,0.8252362799463315,0.7866843308314857
259,0,158.14157,928,5445.6523,1.9768591,2,54.574638,0.6681103363802495,0.0,109.61538337482322,0.83954275,0.0,0.0,True,0.7195400604661746,0.0
260,0,187.01904,928,4604.793,3.197176,3,120.17208,0.790057814760863,0.0,129.63172028702763,0.91511369,0.0,0.0,True,0.8275745773326041,0.0
261,20590,225.00116,928,3827.4648,2.257555,4,59.710903,0.9504285848601193,1.2038444602040972,2234.859556096278,0.99673951,0.9891088,0.0,True,0.9643218624020835,1.139423762142868
262,14380,249.13028,928,3456.7617,3.0358684,5,183.78313,1.0522936028335343,1.174833236689773,2385.1067091085806,1.1579598,1.0612059,0.0,True,1.0839934619834741,1.140745035682841
263,22884,230.98178,928,3728.3633,3.4974344,5,47.743317,0.9756778409855255,1.2205242420659734,2318.6599324173167,1.0086315,1.0046747,0.0,True,0.9855639386898678,1.1557693794461814
264,59689,299.4808,928,2875.5898,3.7483771,6,137.1109,1.264819888726197,1.3806456673617624,3293.371350825626,1.1309327,1.2072053,0.0,True,1.224653732108338,1.3286135571532338
265,6785,259.15219,928,3323.082,4.2003956,5,78.442574,1.0945994145815472,1.0879292444184343,2286.438689344589,1.0508051,0.96871066,0.0,True,1.081461120207083,1.052163669092904
266,3737,252.09698,928,3416.082,4.3765612,5,16.330299,1.064817289531275,1.0109594714394017,2073.894328789836,1.0454363,0.92575246,0.0,True,1.0590029926718925,0.9853973680075812
267,57202,296.82886,928,2901.2812,3.1106207,5,67.725365,1.253627382230712,1.3737700522712035,3251.575861742841,1.1242403,1.1662539,0.0,True,1.2148112575614984,1.3115152065898426
268,58146,297.53311,928,2894.4141,1.7776897,4,29.426998,1.256599603846577,1.376231301906591,3264.1604035803402,1.1242534,1.1790849,0.0,True,1.216895742692604,1.3170873813346138
269,2928,226.30168,928,3805.4688,3.0737309,5,51.563896,0.95591927388496,0.968154432004308,1806.5114789980541,1.139956,0.91078484,0.0,True,1.011130291719472,0.9509435544030156
270,54911,297.04764,928,2899.1445,3.0995855,5,58.418015,1.254550681855261,1.3687703845890866,3241.831021307298,1.1261603,1.1809105,0.0,True,1.2160335672986826,1.3124124192123605
271,66332,298.85724,928,2881.5898,3.7769823,6,25.185442,1.2621881276718483,1.393529622636133,3318.049914821701,1.1308749,1.2051579,0.0,True,1.2227941593702938,1.337018105845293
272,733,220.2422,928,3910.168,2.0907202,3,57.313416,0.9303365322336975,0.7976822077171912,1453.5699984617333,1.1243945,0.80547386,0.0,True,0.9885539225635882,0.8000197034020338
273,0,179.48534,928,4798.0742,1.981986,2,43.36026,0.7582451143433657,0.0,124.40975737284317,1.0077055,0.0,0.0,True,0.833083230040356,0.0
274,0,155.5032,928,5538.0469,2.0238662,2,58.921539,0.6569678698271741,0.0,107.78660464804928,0.92749304,0.0,0.0,True,0.7381254208790219,0.0
275,733,186.79071,928,4610.4219,2.8877325,3,44.957272,0.7890936452789888,0.7821173406091461,1232.7944964560202,1.0303074,0.80020911,0.0,True,0.8614577716952923,0.7875448714264023
276,4091,230.45615,928,3736.8672,2.9265761,4,172.01018,0.973458701778881,1.0109378721313012,1916.7115144135548,1.0212269,1.021059,0.0,True,0.9877891612452168,1.0139742104919107
277,2286,238.45036,928,3611.5859,2.0288033,4,133.8349,1.0072080507718497,0.9441289729413316,1844.5168676595576,0.97300428,0.88156611,0.0,True,0.9969469195402948,0.9253601140589321
278,1194,238.12019,928,3616.5938,3.0910027,4,58.900242,1.0058141399113767,0.8647547243670612,1687.495383445866,0.97292292,0.92622769,0.0,True,0.9959467739379637,0.8831966140569429
279,249,165.85301,928,5192.4531,1.8550153,3,13.562593,0.7006768066951341,0.6453668017379002,916.4130015683531,0.81585234,0.79205608,0.0,True,0.7352294666865938,0.6893735852165301
280,475,190.18884,928,4528.0469,2.8566093,3,46.411003,0.8034426333722151,0.7323472482714947,1172.9928070829242,0.88185781,0.84926188,0.0,True,0.8269671863605506,0.7674216377900462
281,5025,227.66882,928,3782.6172,1.9951133,4,36.957424,0.9616911350071653,1.0343994091151711,1940.3254277200656,1.0089895,0.99882126,0.0,True,0.9758806445050157,1.0237259643806198
282,10014,228.09846,928,3775.4922,3.0199184,4,30.349951,0.9635050498941176,1.1183379170855365,2101.2291208046227,1.0093694,1.0059975,0.0,True,0.9772643549258823,1.0846357919598755
283,0,225.00896,928,3827.332,1.9821414,2,45.479668,0.9504615454172268,0.0,155.9643262247255,,,,False,0.9504615454172268,0.0
284,14460,298.89978,928,2881.1797,1.9989281,4,96.689575,1.2623676597874354,1.2023617036039584,2863.244624400305,1.1294752,1.1958228,0.0,True,1.2224999218512047,1.2004000325227708
285,11437,298.89331,928,2881.2422,2.0828457,4,35.433464,1.2623402954616993,1.1729227974279444,2793.0933757203775,1.1294733,1.1927458,0.0,True,1.2224801968231895,1.178869698199561
286,3342,296.82007,928,2901.3672,2.0504713,4,87.413315,1.2535902488102917,1.0176390252064929,2408.6720052480155,1.129068,1.1923931,0.0,True,1.2162335741672041,1.070065247644545
287,43802,299.01047,928,2880.1133,4.4333568,6,92.235001,1.2628347437401715,1.341528721476051,3195.6685424222587,1.1309239,1.2027502,0.0,True,1.22326149061812,1.2998951650332358
288,92,189.34502,928,4548.2266,3.0166667,3,41.546413,0.7998794632855516,0.5381120347734035,860.2502414148096,0.91588479,0.3603217,0.0,True,0.8346810612998861,0.48477493434138247
289,488,196.40138,928,4384.8164,1.9346932,3,50.618683,0.8296752083437183,0.7383650232068762,1216.5897670923973,0.92991906,0.63991034,0.0,True,0.8597483638406029,0.7088286182448134
290,36002,298.79486,928,2882.1914,3.073993,5,69.900887,1.2619248537512593,1.3167944335169586,3134.772008605684,1.1298805,1.1999408,0.0,True,1.2223115476258815,1.281738343461871
291,3042,213.15343,928,4040.207,2.6765847,4,26.195374,0.9004073296186069,0.9657794839649291,1709.6882550829991,0.96832728,0.89592844,0.0,True,0.9207833147330249,0.9448241707754503
292,26416,299.26901,928,2877.625,1.969371,4,23.022642,1.2639259662753448,1.2781906239553937,3047.097467873538,1.1296036,1.2008003,0.0,True,1.2236292563927413,1.2549735267687756
293,1929,223.50636,928,3853.0625,4.2470541,5,76.116936,0.9441177181007157,0.9161810708020609,1691.0029170680493,0.97945672,0.85481077,0.0,True,0.9547194186705009,0.8977699805614427
294,5239,255.40921,928,3371.7812,2.6811061,4,31.574928,1.0787993040673889,1.054158833142685,2187.392821638658,1.0411236,0.89983481,0.0,True,1.0674965928471722,1.0078616261998796
295,3,196.13335,928,4390.8086,4.757988,5,52.690636,0.8285434540980546,0.16527209644560303,315.6644493827068,0.92955244,0.10289721,0.0,True,0.8588461498686382,0.1465596305119221
296,1438,233.98412,928,3680.5234,4.5939579,5,60.489857,0.9883529350107157,0.8855377212522313,1701.625738174917,0.98523438,0.76185578,0.0,True,0.987417368507501,0.8484331388765618
297,16575,294.45255,928,2924.6953,3.0227356,4,96.944725,1.2435981328960484,1.2172070509723099,2860.8336849783036,1.0657988,0.92908627,0.0,True,1.1902583330272338,1.130770816680617
298,7,216.89774,928,3970.4609,4.2217174,4,28.735909,0.916216144666305,0.25091625347286156,476.57304509668126,0.95753682,0.15468638,0.0,True,0.9286123472664135,0.2220472914310031
299,1789,228.68027,928,3765.8867,4.3190627,5,29.216949,0.9659613200778144,0.909580317634964,1712.936286106182,0.9751088,0.85609269,0.0,True,0.9687055640544702,0.8935340293444749
300,84,165.73831,928,5196.0469,3.1417305,4,119.14489,0.7001923762241622,0.5192299582072173,738.2559930341257,0.81244177,0.35771567,0.0,True,0.7338671943569135,0.4707756717450521
301,2194,240.05128,928,3587.5,3.957233,5,13.213088,1.01396651640497,0.9398843621081981,1847.04884109398,0.97489208,0.87934679,0.0,True,1.002244185483479,0.9217230904757387
302,3185,201.8004,928,4267.5039,3.0785654,5,50.376461,0.8524720660486199,0.9649541156830743,1627.890593183544,0.89043611,0.89560008,0.0,True,0.863861279234034,0.944147904978152
303,0,225.49872,928,3819.0195,2.3492191,3,21.674894,0.9525292426891934,0.0,156.30380198787654,0.94926143,0.0,0.0,True,0.9515488988824353,0.0
304,3920,238.14462,928,3616.2227,4.0662928,5,44.478699,1.0059173004015591,1.0097738957770843,1970.4936051183145,0.9729979,0.86573535,0.0,True,0.9960414802810913,0.966562332043959
305,6272,246.01715,928,3500.5039,5.2131901,6,43.459827,1.0391516796414244,1.071370432028152,2151.2156321376706,0.98456216,0.94724798,0.0,True,1.022774823748997,1.0341336964197065
306,35882,312.58902,928,2755.0039,3.1215012,5,24.653303,1.3201406101150746,1.323866630426506,3278.4482686377264,1.0683074,1.0864226,0.0,True,1.2445906470805521,1.2526334212985542
307,5499,231.49962,928,3720.0234,4.5461264,5,53.109165,0.9778640324065776,1.0474578186385455,1993.8333447003029,0.95519441,0.94546688,0.0,True,0.9710631456846044,1.0168605370469819
308,10731,249.24124,928,3455.2227,5.4546766,7,29.854282,1.052762036601125,1.1389794130309359,2313.2274855838546,1.0370181,0.88542926,0.0,True,1.0480388556207876,1.062914367121655
309,590,195.68282,928,4400.918,2.6570339,4,48.910435,0.8266410618221007,0.7606228789398836,1249.1425798028124,0.93911487,0.77623218,0.0,True,0.8603832042754704,0.7653056692579185
310,5838,240.30745,928,3583.6758,6.9940529,8,37.786854,1.015047933400906,1.059539995428461,2084.063014041357,1.0442883,0.95813835,0.0,True,1.0238200433806341,1.0291195017999226
311,11758,257.27625,928,3347.3125,3.3026686,4,24.855904,1.0866805682168028,1.15468705677502,2411.311161773249,1.0392146,0.90460861,0.0,True,1.072440777751762,1.0796635227425142
312,2635,222.28137,928,3874.2969,5.6782832,7,23.304176,0.9389458301389763,0.9533001825249401,1750.998638616754,1.0128404,0.90067774,0.0,True,0.9611142010972834,0.937513449767458
313,0,194.31561,928,4431.8828,5.3940377,5,26.015535,0.8208680686453056,0.0,134.6893172102859,0.94515806,0.0,0.0,True,0.8581550660517139,0.0
314,1573,206.45358,928,4171.3203,4.1555738,5,23.515547,0.8721192118025639,0.883007593582708,1519.9134343053454,0.94868487,0.90899438,0.0,True,0.8950889092617947,0.8908036295078956
315,17,211.06158,928,4080.25,3.5483303,4,19.692486,0.8915751878585682,0.3476240458408449,621.4579431564559,0.98893839,0.21552753,0.0,True,0.9207841485009977,0.3079950910885914
316,0,212.42249,928,4054.1094,4.572763,5,97.506226,0.8973211646203725,0.0,147.24005003102317,0.98126733,0.0,0.0,True,0.9225050142342608,0.0
317,118105,312.91913,928,2752.0977,2.5568838,5,106.63758,1.321533658967741,1.4744389409248202,3654.690874475739,1.1810553,1.2672267,0.0,True,1.2793901512774188,1.412275268647374
318,32896,312.98486,928,2751.5195,1.2764516,4,14.307494,1.321811162272735,1.3131093276663053,3255.407842599279,1.0681278,1.0885215,0.0,True,1.2457061535909144,1.2457329793664136
319,1474,229.68806,928,3749.3633,2.4814348,4,18.109512,0.9702160306989301,0.8865477699782663,1676.0546766187465,0.96174055,0.88966411,0.0,True,0.9676733864892512,0.8874826719847865
320,1380,237.51988,928,3625.7344,3.0575495,4,56.866817,1.0032798461308634,0.88213753985966,1717.5744215134548,0.97134787,0.82049346,0.0,True,0.9937002532916044,0.863644315901762
321,824,230.36488,928,3738.3477,2.0864923,4,66.647522,0.9730733885076086,0.8162415437582408,1547.2675490107872,0.96176505,0.83020937,0.0,True,0.969680886955326,0.8204318916307686
322,973,201.80484,928,4267.4102,2.9862576,4,49.837933,0.8524907751041677,0.8231879870326582,1388.9091926447254,0.89043623,0.53802282,0.0,True,0.8638744115729174,0.7376384369228607
323,2054,228.79181,928,3764.0508,2.2871559,4,71.181877,0.9664322134570357,0.9264011348017321,1745.342355401011,0.97960299,0.90883833,0.0,True,0.970383446419925,0.9211322933612125
324,52,225.66537,928,3816.1992,3.4653387,4,61.326988,0.95323282521133,0.48137610233724215,900.1755607920243,0.94622087,0.29508281,0.0,True,0.9511292386479311,0.4254881146360695
325,757,235.53851,928,3656.2344,2.3772449,4,44.478645,0.994915145578326,0.8081262561042344,1562.0918169651184,0.96742183,0.72415525,0.0,True,0.9866671509048281,0.782934954272964
326,376,230.24315,928,3740.3242,2.4027755,4,58.14064,0.9725594620144454,0.721006362427064,1366.4687345161701,0.95875335,0.42701447,0.0,True,0.9684176284101118,0.6328087946989448
327,30931,312.58371,928,2755.0508,2.7330835,4,86.044876,1.3201181532946873,1.3051226677017347,3231.9839180790254,1.0683074,1.0790799,0.0,True,1.2445749273062812,1.2373098373912141
328,72770,345.14609,928,2495.1289,1.6855969,4,37.579449,1.4575270065696808,1.430991612267402,3863.940348155092,1.2039206,1.2478191,0.0,True,1.3814450845987767,1.3760398585871816
329,8767,306.65576,928,2808.3086,2.8659475,4,92.641624,1.2951007624698725,1.1432314069720415,2784.120915105029,1.0814837,0.94852895,0.0,True,1.2310156437289108,1.084820669880429
330,9064,306.59521,928,2808.8633,2.1491356,4,32.100956,1.2948451853335023,1.147397639719232,2793.783372046137,1.0814828,0.92746937,0.0,True,1.2308364697334517,1.0814191588034625
331,614,228.45728,928,3769.5625,2.7334204,3,29.402893,0.9650198851631492,0.7797480006322071,1467.437530057127,0.96812975,0.81635416,0.0,True,0.9659528446142045,0.7907298484425449
332,15,195.13014,928,4413.3828,2.7061565,3,26.237818,0.8243074214619941,0.33034237190076926,552.8453164755576,0.90063429,0.2053128,0.0,True,0.8472054820233959,0.29283350033053845
333,1231,233.05261,928,3695.2344,3.1479387,4,34.082863,0.9844203577235028,0.8662039039076954,1658.6833184188135,0.9700982,0.81702799,0.0,True,0.980123710406452,0.8514511297353868
334,1511,232.54204,928,3703.3477,1.8685905,4,16.395403,0.9822648521313236,0.8908937399349292,1702.6378690177603,0.96994305,0.84362775,0.0,True,0.9785683114919266,0.8767139429544504
335,51735,308.34,928,2792.9688,2.0307193,4,37.0117,1.3022087440244914,1.3676914675755447,3346.700305007207,1.0838968,1.0051959,0.0,True,1.2367151608171438,1.2589427973028813
336,2650,233.20299,928,3692.8516,3.0136228,4,57.59182,0.9850552078020238,0.959552594276322,1838.355343101862,0.97112554,0.90656024,0.0,True,0.9808763074614166,0.9436548879934255
337,74007,345.24448,928,2494.418,3.0491979,5,245.98514,1.4579420636430436,1.4331983005982456,3870.8610808891917,1.2036679,1.247354,0.0,True,1.3816598145501304,1.377445010418772
338,0,186.51843,928,4617.1523,1.9848248,2,136.01456,0.7879438854258259,0.0,129.28472387696752,0.87966269,0.0,0.0,True,0.8154595267980781,0.0
339,1311,206.54642,928,4169.4453,1.656357,4,80.088188,0.872511215869387,0.8612147513506305,1483.0177278870926,0.94852328,0.87912977,0.0,True,0.8953148351085709,0.8665892569454414
340,44796,394.6185,928,2182.3203,3.9712715,6,294.38492,1.6662541709819938,1.3927917052245256,4226.332081934526,1.21284,1.3036637,0.0,True,1.5302299196873956,1.3660533036571678
341,0,198.78304,928,4332.2812,1.1634048,2,16.405941,0.8397315823984008,0.0,137.78590371913484,0.94449055,0.0,0.0,True,0.8711592726788806,0.0
342,1852,227.25999,928,3789.4219,2.8343053,3,43.195145,0.9599651282901648,0.9130906759550261,1710.1543203135418,0.98154402,0.82790333,0.0,True,0.9664387958031153,0.8875344721685183
343,3029,280.60486,928,3069.0273,2.8208361,3,23.100271,1.1851515649618745,0.9982845675042499,2249.510355211102,1.0756092,0.88380933,0.0,True,1.1522888554733122,0.9639419962529749
344,181743,395.09659,928,2179.6797,3.0010984,5,45.498081,1.6682709247538214,1.5751649653142987,4784.761894118151,1.2133541,1.3205214,0.0,True,1.5317958773276752,1.4987718957200091
345,186356,396.28473,928,2173.1445,3.0049977,5,118.24406,1.6732832281421488,1.579040981944043,4809.083553759718,1.2145427,1.3210676,0.0,True,1.535661069699504,1.50164896736083
346,44810,317.52469,928,2712.1797,3.1008582,5,75.315208,1.340969726741247,1.3545886661872988,3400.7628542072675,1.1807983,1.2303926,0.0,True,1.292918298718873,1.3173298463311092
347,0,169.80605,928,5071.5742,0.88836336,2,20.722973,0.7173705689838221,0.0,117.7005847995211,0.88817805,0.0,0.0,True,0.7686128132886756,0.0
348,736,164.38461,928,5238.8359,2.7069135,3,43.597843,0.6944756294765192,0.7709316492083242,1085.5867300688572,0.87324053,0.79057711,0.0,True,0.7481050996335634,0.776825287445827
349,2,146.82173,928,5865.5078,1.7055222,2,17.407049,0.6203030204127961,0.12660680627951557,203.5381363888671,0.82101709,0.08079949,0.0,True,0.6805172412889573,0.1128646113956609
350,2,156.34738,928,5508.1445,2.3821216,3,56.727249,0.6605330968426762,0.12753018394827095,216.74349126986874,0.84993839,0.081005745,0.0,True,0.7173546847898734,0.11357285226378966
351,193400,395.66669,928,2176.5391,3.0750303,5,180.16142,1.6706759179285053,1.583547409174211,4816.2631517621685,1.2019786,1.3554533,0.0,True,1.5300667225499536,1.5151191764219476
352,53546,308.34,928,2792.9688,2.0115795,4,108.64108,1.3022087440244914,1.372026925634021,3357.3088213541305,1.0838968,0.99848026,0.0,True,1.2367151608171438,1.2599629259438148
353,12102,306.79999,928,2806.9883,2.9987407,4,205.58614,1.2957094946374963,1.1838918119893425,2884.3160631647283,1.0816287,0.96175128,0.0,True,1.2314852562462475,1.1172496523925397
354,0,280.34332,928,3071.8906,1.0908344,2,52.220543,1.184047607496389,0.0,194.31918184681453,1.0636719,0.0,0.0,True,1.1479348952474724,0.0
355,0,219.5817,928,3921.9297,2.0079322,2,107.87449,0.9275479146926714,0.0,152.20243625755975,0.96290582,0.0,0.0,True,0.9381552862848699,0.0
356,738,232.74997,928,3700.0391,3.9945128,4,56.437695,0.9831427254875942,0.8038664914648751,1537.6976326381289,0.97099572,0.82655376,0.0,True,0.9794986238413159,0.8106726720254126
357,3346,281.01871,928,3064.5078,2.9307766,4,21.137995,1.1868982725677855,1.0108610164672296,2280.781131858087,1.0646204,0.92566842,0.0,True,1.1502149107974498,0.9853032375270607
358,197201,395.73273,928,2176.1758,2.9574761,5,44.040497,1.670954571543601,1.5861137644983565,4824.769064988219,1.2019794,1.35541,0.0,True,1.5302620200805206,1.5169026351488495
359,0,193.21361,928,4457.1602,1.0114228,2,47.552189,0.8162148582676262,0.0,133.92546901730884,0.8850438,0.0,0.0,True,0.8368635407873384,0.0
360,55431,308.34647,928,2792.9102,3.0068507,4,96.208786,1.3022360470242087,1.3763901322036978,3368.0470195688044,1.0838969,1.0024979,0.0,True,1.236734302916946,1.2642224625425884
361,246704,394.33478,928,2183.8906,2.9841247,5,44.473625,1.66505716737866,1.61450813413167,4896.041946183416,1.2019231,1.3558537,0.0,True,1.526116947165062,1.536911803892169
362,4909,238.50505,928,3610.7578,2.9717343,5,116.9968,1.007438918444973,1.037415396995913,2027.1099596763336,0.9730078,0.96795762,0.0,True,0.9971095829114811,1.0165780638971391
363,0,191.09604,928,4506.5508,2.1341257,2,28.679459,0.8072733284131212,0.0,132.45768134217053,0.87892175,0.0,0.0,True,0.8287678548891848,0.0
364,1285,193.61848,928,4447.8398,1.6999643,3,38.244324,0.8179244589065072,0.8522106148856377,1386.3217166695665,0.88598961,0.82138103,0.0,True,0.838344004234555,0.8429617394199463
365,2454,224.24887,928,3840.3047,2.1215544,3,214.20964,0.9472525202479751,0.9456989262742627,1750.5515520112353,0.94238496,0.87655699,0.0,True,0.9457922521735826,0.9249563453919838
366,5091,204.1637,928,4218.1055,4.0044165,6,87.029335,0.862450668741727,1.022469685914459,1742.6642360593705,0.89469153,0.94679874,0.0,True,0.8721229271192089,0.9997684021401214
367,45418,312.65244,928,2754.4453,3.9221916,6,67.52787,1.320408139655679,1.3536486614507877,3352.7934144130286,1.0683084,1.1045231,0.0,True,1.2447782177589755,1.2789109930155513
368,5636,248.93814,928,3459.4297,2.2651603,4,72.80835,1.0514825162087331,1.0598034154999443,2150.1495808170507,0.96829396,0.69516659,0.0,True,1.0265259493461132,0.950412367849961
369,6385,256.93622,928,3351.7422,0.99734718,3,44.694431,1.0852452554748067,1.0792957431119616,2251.28028643269,0.98923647,0.86897045,0.0,True,1.0564426198323646,1.0161981551783732
370,10514,246.7587,928,3489.9844,4.1024199,6,38.566105,1.0422820934239112,1.135079330557466,2285.1467412911484,0.96711612,0.98667622,0.0,True,1.0197323013967379,1.0905583973902262
371,0,240.48151,928,3581.082,2.13323,3,133.74207,1.0157827285659775,0.0,166.6890806332983,0.95742393,0.0,0.0,True,0.9982750889961842,0.0
372,3376,195.53372,928,4404.2734,3.1683156,5,44.936069,0.8260115703750113,0.9682674156529347,1588.7191198537573,0.88145369,0.91281223,0.0,True,0.8426442062625079,0.9516308599570544
373,436,280.38467,928,3071.4375,3.0536025,4,95.866493,1.1842221651280171,0.7570696221488284,1705.3609420536598,1.0648274,0.4646143,0.0,True,1.148403735589612,0.6693330255041798
374,2395,198.89368,928,4329.8711,3.1261048,4,40.60503,0.8401987793763391,0.929253555383993,1547.7852942581574,0.96185029,0.89143819,0.0,True,0.8766942325634375,0.9179089457687951
375,23464,252.88701,928,3405.4102,2.7400181,4,44.545002,1.068152232048739,1.237185110460116,2544.8798313745515,1.0763907,1.0688955,0.0,True,1.0706237724341174,1.1866982273220812
376,5519,199.8902,928,4308.2852,1.9588789,4,24.792725,0.8444064932491334,1.0295306567608067,1722.316785148614,0.96417969,0.95288241,0.0,True,0.8803384522743933,1.0065361827325647
377,10452,246.06877,928,3499.7695,3.0313239,4,31.292463,1.0393696131728944,1.1339656478796565,2277.3024784481245,1.0634573,1.0002016,0.0,True,1.0465959192210261,1.0938364335157595
378,18823,288.46497,928,2985.4023,2.6251025,4,155.82211,1.2183269761276008,1.229977518789276,2839.34369546967,1.1475403,1.2172081,0.0,True,1.1970909732893205,1.2261466931524931
379,9804,201.82091,928,4267.0703,4.4937778,5,150.4617,0.8525586497452712,1.0994405823135407,1854.8854725189071,0.97017932,1.0011185,0.0,True,0.8878448508216898,1.0699439576194785
380,3077,193.19633,928,4457.5586,2.0690367,4,153.00522,0.8161419407372827,0.9558499730419575,1551.8225018172704,0.94989407,0.90737104,0.0,True,0.856267579516098,0.9413062931293703
381,1008,215.83981,928,3989.9219,4.8786144,5,80.92556,0.9117495035751175,0.834115132603617,1493.1162644627864,1.013613,0.88366753,0.0,True,0.9423085525025823,0.8489808518225319
382,8210,180.16402,928,4780.0,3.8158062,5,24.402002,0.7611110018058637,1.0637811905767738,1623.8816900236386,0.91554058,0.98330367,0.0,True,0.8074398752641045,1.0396379344037416
383,313,215.07924,928,4004.0312,3.4504941,5,26.737513,0.9085383085972072,0.6930481567802211,1237.2589512034117,1.0110506,0.84823692,0.0,True,0.939291996018045,0.7396047857461547
384,51044,312.42999,928,2756.4062,2.9749548,5,81.821274,1.3194694859066225,1.3682666281870288,3386.891828437737,1.0684886,1.1238022,0.0,True,1.2441752201346357,1.2949272997309202
385,6905,258.36469,928,3333.2109,2.0087736,3,91.118225,1.0912751606309634,1.0896821864626973,2284.018958229065,0.99321783,0.91787374,0.0,True,1.0618579614416745,1.0381396525238882
386,7728,291.68768,928,2952.418,2.6644831,4,106.45189,1.2319288640387513,1.1202968126339405,2611.44017081309,1.066703,0.95235342,0.0,True,1.1823611048271259,1.0699137948437585
387,0,194.57594,928,4425.9531,1.0363643,2,15.771202,0.8219673353440984,0.0,134.86976421580107,0.87950635,0.0,0.0,True,0.8392290397408688,0.0
388,0,161.23715,928,5341.1016,2.0238166,2,97.554337,0.6811835302992629,0.0,111.76107592402099,0.80455649,0.0,0.0,True,0.7181954182094841,0.0
389,0,215.54712,928,3995.3398,2.005059,2,42.414295,0.9105137398215783,0.0,149.4058785058162,0.9561339,0.0,0.0,True,0.9241997878751048,0.0
390,0,234.80374,928,3667.6758,1.990008,2,137.04318,0.991813176149141,0.0,162.75355036593044,0.96051931,0.0,0.0,True,0.9824250163043987,0.0
391,2285,280.62238,928,3068.8359,2.9975584,4,53.057533,1.1852254334514065,0.9632041467236392,2170.6130412576144,1.0653003,0.9095636,0.0,True,1.1492478934159847,0.9471119827065475
392,283600,394.51471,928,2182.8945,3.0266464,5,86.109779,1.665816271969031,1.6327284963928135,4953.261239990681,1.201697,1.3554654,0.0,True,1.5265804903783218,1.5495495674749693
393,52798,312.76819,928,2753.4258,2.9905543,4,90.593811,1.3208966870512862,1.372718115214914,3401.1246413039926,1.069064,1.1274548,0.0,True,1.2453468809359003,1.2991391206504397
394,283829,394.53589,928,2182.7773,2.0142229,4,24.111864,1.6659056328696018,1.6328448451512696,4953.84560901461,1.2016473,1.3553971,0.0,True,1.5266281330087212,1.5496105216058886
395,248332,394.31573,928,2183.9961,1.9986016,4,81.528305,1.6649768088038401,1.6153532799190624,4898.398943305171,1.2019229,1.3557808,0.0,True,1.526060636162688,1.5374815359433436
396,118885,340.05817,928,2532.4609,3.0501337,5,55.35878,1.4360579840216277,1.4909065383060507,3973.8955424574356,1.2019459,1.2507553,0.0,True,1.3658243588151393,1.4188611668142355
397,249430,394.29739,928,2184.0977,2.0126324,4,27.033594,1.6648994281617149,1.615917195152576,4899.910643268902,1.2019228,1.3553119,0.0,True,1.5260064397132003,1.537735606606803
398,6919,281.69879,928,3057.1094,4.0301075,5,46.656929,1.1897687642801007,1.1016626172024644,2490.869590343541,1.0649605,0.97752863,0.0,True,1.1523262849960705,1.064422421041725
399,0,223.7861,928,3848.2461,1.1140684,3,29.25338,0.9452987461335628,0.0,155.11670426350597,0.9558109,0.0,0.0,True,0.948452392293494,0.0
400,269442,394.35803,928,2183.7617,3.0144877,5,102.4084,1.6651553600905533,1.6259849491764358,4931.098495679208,1.2017967,1.3553667,0.0,True,1.5261477620633874,1.544799474423505
401,0,170.86548,928,5040.1289,2.9125373,3,17.531454,0.7218444595170187,0.0,118.43492571702171,0.8814134,0.0,0.0,True,0.769715141661913,0.0
402,2310,224.03239,928,3844.0156,4.9431348,6,45.833736,0.9463385459579623,0.938266011111069,1735.3253721454312,0.95549816,0.84829158,0.0,True,0.9490864301705736,0.9112736817777483
403,26006,291.24878,928,2956.8672,4.035666,6,47.828884,1.2300764328441776,1.2718939829977443,2960.881540588221,1.0646209,1.0104932,0.0,True,1.1804397729909242,1.193473748098421
404,4833,225.50656,928,3818.8867,4.0154648,6,127.74392,0.9525623491101267,1.0284815537216228,1913.1156626334432,0.95878357,0.93902421,0.0,True,0.9544287153770887,1.0016443506051358
405,114033,339.44922,928,2537.0039,1.9992509,4,123.8854,1.4334884679128062,1.4852512013597465,3952.635211344951,1.2012563,1.2493052,0.0,True,1.3638188175389643,1.4144674009518226
406,2407,249.11986,928,3456.9062,2.9108417,3,64.122734,1.0522496419925005,0.9555227517940167,1939.8881295160363,1.0626675,0.93204534,0.0,True,1.0553749993947503,0.9484795282558117
407,1217,203.94479,928,4222.6328,3.7953973,4,125.86582,0.861526429145662,0.8510036969793442,1449.1880599619708,0.9629665,0.88199723,0.0,True,0.8919584504019633,0.8603017568855409
408,2972,281.7211,928,3056.8672,3.2323167,5,93.204071,1.189862969741099,0.996411722235613,2253.110453573542,1.0649608,0.84725696,0.0,True,1.1523923188187692,0.951665293564929
409,24500,290.23578,928,2967.1875,2.7900062,5,43.50016,1.2258009339712093,1.2638805003785993,2933.270820431589,1.0631762,0.99900496,0.0,True,1.1770135137798465,1.1844178382650195
410,15,233.46846,928,3688.6523,4.0257473,4,136.53078,0.9861760238523797,0.33755129091370895,661.4659562882549,0.97783369,0.20657082,0.0,True,0.9836733236966657,0.29825714963959626
411,22272,289.90375,928,2970.5859,3.3680406,5,65.436478,1.2243995406947332,1.2517787524256363,2902.27727817818,1.0629454,0.97265059,0.0,True,1.1759632984863133,1.1680403036979454
412,2238,280.63416,928,3068.707,2.6742487,4,51.708595,1.1852751860192587,0.9606220996252636,2164.8767773805616,1.0616889,0.77727884,0.0,True,1.1481993002134812,0.9056191217376844
413,110566,339.49576,928,2536.6562,2.0319629,4,57.530025,1.433684801681945,1.4813388935446399,3942.695304642252,1.2012571,1.2478094,0.0,True,1.3639564911773614,1.411280045481248
414,977,254.02312,928,3390.1797,3.4478183,5,87.295624,1.0729481137557777,0.8469758807061976,1749.338253814325,1.0261225,0.84919292,0.0,True,1.0589004296290443,0.8476409924943382
415,1317,253.6925,928,3394.5977,3.4279513,5,129.92719,1.0715525158118195,0.8835353958718566,1822.6865313257372,1.0313833,0.8835007,0.0,True,1.0595017510682736,0.8835249871102996
416,0,211.40948,928,4073.5352,2.0000119,2,17.879742,0.8930441358071549,0.0,146.53788500564414,1.0589496,0.0,11.026720995061327,True,0.9428157750650085,0.0
417,0,228.61815,928,3766.9102,2.0128336,3,53.728233,0.9656989998423523,0.0,158.46602609733065,,,,False,0.9656989998423523,0.0
418,1843,216.14326,928,3984.3203,2.9987266,5,131.22647,0.9130306991727785,0.9069842078342234,1625.4480130010802,1.0749489,0.96669847,0.0,True,0.9616061594209451,0.9248984864839565
419,3346,175.52544,928,4906.3203,3.980092,4,44.261684,0.7415230849208516,0.9549269324474966,1424.5852588003438,0.9635607,0.91862881,0.0,True,0.8081343694445962,0.9440374957132476
420,0,147.89035,928,5823.125,1.0103694,2,19.793875,0.6248162589876852,0.0,102.50977913452351,0.87400937,0.0,0.0,True,0.6995741922913796,0.0
421,0,147.98227,928,5819.5078,1.0095421,2,75.71566,0.6252044892279693,0.0,102.57349322336057,0.87432933,0.0,0.0,True,0.6999419414595786,0.0
422,0,216.28067,928,3981.7891,2.0138128,3,148.77681,0.9136108160534,0.0,149.91433662011593,,,,False,0.9136108160534,0.0
423,22216,276.86493,928,3110.4844,4.0096645,6,91.643509,1.16936580007779,1.2443110366170065,2771.0464104464095,1.0638634,1.0200293,0.0,True,1.1377150800544529,1.1770265156319044
424,209,216.01598,928,3986.668,3.9989245,5,210.09142,0.912493296166951,0.64489310731775,1156.0868795238034,1.0769275,0.81148767,0.0,True,0.9618235573168656,0.694871476122425
425,0,148.56825,928,5796.5547,0.99821442,2,27.040264,0.6276793095761674,0.0,102.9796636082251,0.87594163,0.0,0.0,True,0.7021580057033172,0.0
426,0,148.19833,928,5811.0234,1.0160977,2,86.859741,0.626117006622688,0.0,102.72325460319236,0.87465864,0.0,0.0,True,0.7006794966358816,0.0
427,3338,176.2195,928,4886.9961,3.9863892,4,44.334076,0.744454022091701,0.9550885774050896,1429.796754006722,0.96512914,0.9187355,0.0,True,0.8106565574641907,0.9441826541835627
428,0,295.35077,928,2915.8008,0.99841094,2,47.086651,1.2473890646118269,0.0,204.72155350170888,1.1292547,1.1920062,8.806308793867547,True,1.2119487552282788,0.35760186000000005
429,6322,235.55286,928,3656.0117,3.8978567,4,105.49277,0.99497571607976,1.0666671709894355,2061.583881593069,1.0085092,0.73527431,0.0,True,0.999035761255832,0.967249312692605
430,127,228.49493,928,3768.9414,2.4213614,4,64.397133,0.9651788305794515,0.5891714555037604,1110.442495147752,0.95830679,0.41424513,0.0,True,0.963117218405616,0.5366935578526323
431,10398,238.5386,928,3610.25,2.0442123,4,42.539154,1.0075805413898928,1.1290350553588182,2206.3773518612634,0.97336787,0.97337013,0.0,True,0.997316739972925,1.0823355777511727
432,0,273.29178,928,3151.1523,1.0037532,2,13.015533,1.1542838608321075,0.0,189.43142677720886,1.0589496,0.0,0.0,True,1.1256835825824751,0.0
433,7058,230.97476,928,3728.4766,2.2107139,4,21.596281,0.9756482082304551,1.0775116754699638,2046.9445944062218,0.96100116,0.95436114,0.0,True,0.9712540937613185,1.0405665148289747
434,2259,228.63071,928,3766.7031,3.0605378,5,144.45943,0.9657520675045057,0.9378692325729361,1765.8435717662676,0.95789832,0.87073904,0.0,True,0.963395943253154,0.9177301748010553
435,3344,273.29245,928,3151.1445,3.0091166,5,46.975071,1.1542867162084198,1.0072921977524991,2217.9105847440765,1.0589499,0.91397822,0.0,True,1.1256856713458938,0.9792980044267494
436,1661,184.26683,928,4673.5703,3.0157456,3,46.729233,0.7784361216075908,0.8775734801905691,1366.5925524411018,0.8697589,0.860641,0.0,True,0.8058329551253136,0.8724937361333984
437,0,154.59357,928,5570.6328,0.9706853,1,44.983356,0.6531262584959195,0.0,107.15609717819655,0.79772168,0.0,0.0,True,0.6965048849471437,0.0
438,11964,275.99634,928,3120.2734,2.8189094,4,81.150772,1.16569958628083,1.1669149633536566,2591.5572156522526,1.0585326,0.99969995,0.0,True,1.1335494903965808,1.1167504593475597
439,2688,229.25623,928,3756.4258,2.0567811,3,106.27792,0.9683928868931349,0.9592934912523441,1810.504416499631,1.0130228,0.97813153,0.0,True,0.9817818608251944,0.9649449028766408
440,3085,236.69901,928,3638.3086,1.810281,3,33.396114,0.9998143593198775,0.9798212947584967,1901.8658996941865,0.97261977,0.96798235,0.0,True,0.9916559825239143,0.9762696113309477
441,584,190.29768,928,4525.457,3.9154212,4,50.821087,0.8039022370915151,0.7568910073121289,1212.8279698545937,0.88105446,0.74417841,0.0,True,0.8270479039640606,0.7530772281184902
442,7144,265.23697,928,3246.8477,1.8739893,4,229.60828,1.120284219736013,1.0974238526604725,2353.794575000492,1.050622,0.92267543,0.0,True,1.099385553815209,1.0449993258623307
443,17506,297.08725,928,2898.7578,2.2290385,4,140.17841,1.2547179259970067,1.2254192758267575,2902.665188449856,1.2406249,1.3507305,0.0,True,1.2504900181979046,1.2630126430787303
444,16434,289.33722,928,2976.4023,0.27361017,2,269.69684,1.2220084609240462,1.2134752417035808,2808.662748245618,1.2376668,1.3504679,0.0,True,1.2267059626468324,1.2545730391925065
445,15469,282.75449,928,3045.6953,2.1922152,4,176.7056,1.1942246361162285,1.2024549966401579,2727.654124048213,1.2368525,1.3503919,0.0,True,1.20701299528136,1.2468360676481105
446,9908,287.3472,928,2997.0156,3.4336104,4,309.52353,1.2136091624984011,1.1492343638122728,2643.9676842726044,1.1067691,1.0173693,0.0,True,1.1815571437488808,1.109674844668591
447,10686,290.07883,928,2968.793,0.30681685,2,149.32443,1.2251384767082862,1.1600444239296634,2691.025595980858,1.1113114,1.024514,0.0,True,1.1909903536958004,1.1193852967507643
448,11611,303.47382,928,2837.7539,3.7219634,5,105.01257,1.2816719120046423,1.1770624498257365,2840.478671641188,1.1372809,1.0333885,0.0,True,1.2383546084032495,1.1339602648780156
449,0,234.48259,928,3672.6992,2.787324,3,18.615932,0.9904573442734143,0.0,162.5309461488936,1.0175356,0.0,0.0,True,0.99858082099139,0.0
450,5717,271.83502,928,3168.0391,4.3744831,5,13.362143,1.148134990081239,1.0731299089366657,2351.7940617507047,1.0712099,0.93627816,0.0,True,1.1250574630568673,1.0320743842556659
451,1975,221.45744,928,3888.7109,3.5866699,4,12.217963,0.935467297412316,0.9180105556589335,1680.7148826996574,0.94982398,0.65648431,0.0,True,0.9397743021886213,0.8395526819612535
452,1178,232.03345,928,3711.4648,4.4246297,5,13.395246,0.9801177624292116,0.8603930177429617,1641.2351753227017,1.0027806,0.90926874,0.0,True,0.9869166137004481,0.8750557344200731
453,2781,232.63356,928,3701.8906,2.1474347,4,17.206272,0.9826512723231188,0.9651369869979894,1845.0830094475189,0.98436606,0.87314516,0.0,True,0.9831657086261831,0.9375394388985927
454,10179,248.76315,928,3461.8633,2.6113296,4,106.3224,1.0507437780918318,1.1322325367697041,2295.655632992915,1.1567783,0.97820807,0.0,True,1.0825541346642824,1.0860251967387928
455,10676,251.03003,928,3430.6016,1.1188525,2,36.553921,1.0603132069377466,1.1393479045825963,2328.5397045971895,1.0827112,0.96312124,0.0,True,1.0670326048564225,1.0864799052078173
456,11451,276.5957,928,3113.5117,1.5123403,3,29.777653,1.1682295433638203,1.1617819593815775,2585.06534377778,1.0765809,0.956276,0.0,True,1.1407349503546742,1.1001301715671041
457,0,204.77071,928,4205.6016,1.8447104,3,51.079563,0.8650136483063511,0.0,141.9362402977582,0.93908006,0.0,0.0,True,0.8872335718144457,0.0
458,300,229.37596,928,3754.4648,3.1129808,4,52.721714,0.9688984203008211,0.693325692224742,1309.8346791202973,0.95767629,0.53958005,0.0,True,0.9655317812105748,0.6472019995573194
459,16936,294.57019,928,2923.5273,1.9980972,4,111.62709,1.244094632320006,1.2199672105513049,2868.3226994409692,1.0661341,0.95633382,0.0,True,1.1907064726240042,1.1408771933859134
460,1661,223.82791,928,3847.5273,3.0049391,3,51.651016,0.9454752563089083,0.8982325670029989,1659.9924947667316,0.95680892,0.86671776,0.0,True,0.9488753554162359,0.8887781249020993
461,0,180.13531,928,4780.7617,1.0064899,1,88.477127,0.7609897876859807,0.0,124.86028224579172,0.86718726,0.0,0.0,True,0.7928490293801864,0.0
462,118,220.40161,928,3907.3398,2.937943,3,45.313087,0.9310095813711665,0.57779037481947,1055.1708879708688,0.97713077,0.49369499,0.0,True,0.9448459379598165,0.5525617593736291
463,882,277.80969,928,3099.9062,2.0115814,3,285.5585,1.1733536012906,0.8436872545827935,1884.7879133896743,1.0721623,0.82539725,0.0,True,1.1429962109034202,0.8382002532079553
464,12326,280.45993,928,3070.6133,3.0611885,5,346.11328,1.184539821732738,1.1729555152991138,2641.82831523942,1.0795469,0.95398772,0.0,True,1.1530419452129168,1.1072651767093795
465,0,199.52008,928,4316.2773,2.6771576,3,20.231337,0.8428436984895898,0.0,138.29678091709474,0.91212988,0.0,0.0,True,0.8636295529427129,0.0
466,0,184.62685,928,4664.457,4.1083736,4,416.39386,0.7799563588897614,0.0,127.97358053316393,0.86936116,0.0,0.0,True,0.8067777992228331,0.0
467,11746,275.40091,928,3127.0195,1.4479339,3,58.911316,1.1631863625764045,1.164317607071615,2580.9026337133637,1.064577,1.0217212,0.0,True,1.1336035538034832,1.1215386849501305
468,10273,249.39293,928,3453.1211,1.7837758,4,24.65836,1.053402385993255,1.1337116620328878,2303.759469511382,1.0117127,1.006717,0.0,True,1.0408954801952786,1.0956132634230213
469,4990,273.88116,928,3144.3711,2.956522,5,41.378296,1.1567716251384461,1.0572448818221531,2332.260190410908,1.059889,0.94846034,0.0,True,1.1277068375969121,1.0246095192755074
470,975,216.03165,928,3986.3789,4.0779223,5,212.97519,0.9125594387824185,0.8301939595602114,1487.2670108437783,1.0748242,0.72789437,0.0,True,0.9612388671476929,0.799504082692148
471,0,209.09166,928,4118.6914,2.0128415,2,84.848022,0.8832577976199917,0.0,144.9312946075987,0.94576055,0.0,1.8337887336933845,True,0.9020086233339941,0.0
472,7851,274.74673,928,3134.4648,3.0977309,5,50.862823,1.1604252056760336,1.1139403527238365,2464.1075082137927,1.0613003,0.98976618,0.0,True,1.1306877339732235,1.0766881009066855
473,13381,278.86038,928,3088.2266,2.0430098,4,95.141876,1.1777883248547663,1.182339921488559,2649.6589731272566,1.0636201,1.0115604,0.0,True,1.1435378573983364,1.1311060650419913
474,6684,215.75848,928,3991.4258,2.9881787,5,67.526825,0.9114061442272547,1.062099094196879,1900.3512975995923,1.0755765,0.91694182,0.0,True,0.9606572509590783,1.0185519119378155
475,4714,216.14453,928,3984.2969,2.9956737,4,79.4842,0.9130360587631192,1.0202192782505308,1828.3052507792659,1.0749489,0.79822034,0.0,True,0.9616099111341836,0.9536195967753716
476,3350,175.9162,928,4895.4219,3.9801517,4,45.765419,0.7431732215343015,0.9553172765269029,1427.9667624576653,0.96601653,0.94900656,0.0,True,0.8100262140740111,0.9534240615688321
477,16681,276.2623,928,3117.2695,4.0475354,6,96.277969,1.1668221712281162,1.208361758255225,2685.862281144975,1.0631069,1.0069666,0.0,True,1.1357075898596811,1.1479432107786576
478,0,147.89244,928,5823.043,1.0086435,2,36.079994,0.6248250546194491,0.0,102.51122781213087,0.87506902,0.0,0.0,True,0.6998982442336144,0.0
479,0,198.43788,928,4339.8164,1.7855529,3,42.407372,0.8382742325621232,0.0,137.54665703829275,0.90934485,0.0,0.0,True,0.8595954177934862,0.0
480,4362,231.15059,928,3725.6406,3.0169384,5,43.62299,0.9763904842745944,1.019105060495299,1937.3064606733417,0.97283936,0.91045636,0.0,True,0.9753251469922162,0.9865104503467093
481,2867,252.696,928,3407.9844,3.6558738,4,54.368317,1.0673458830590663,0.9786857770785279,2011.894497923227,1.018198,0.88975024,0.0,True,1.0526015181413464,0.9520051159549695
482,3290,194.83904,928,4419.9766,3.1458969,5,28.564619,0.8230782611187133,0.9647841995219634,1578.0502041799805,0.90193146,0.91389382,0.0,True,0.8467342207830993,0.9495170856653744
483,319,196.60928,928,4380.1797,1.747535,3,22.427408,0.830553071713522,0.6878898773150429,1134.7188837809838,0.90763736,0.68436372,0.0,True,0.8536783581994654,0.6868320301205301
484,1003,219.35405,928,3926.0,3.0281792,3,50.023209,0.9265867644184419,0.8351413964588945,1516.3381342836012,0.96007746,0.81841886,0.0,True,0.9366339730929094,0.8301246355212262
485,6473,238.83113,928,3605.8281,4.9361405,6,91.647255,1.0088154728424117,1.0713467451430687,2095.9112757743646,0.9871437,0.96481878,0.0,True,1.0023139409896882,1.0393883556001482
486,0,240.45607,928,3581.4609,2.7071261,3,17.098797,1.0156753239963188,0.0,166.67144696902486,1.0100669,0.0,0.0,True,1.0139927967974232,0.0
487,9858,276.35648,928,3116.207,1.3769873,4,66.923103,1.167219755018073,1.1430401682563927,2541.440915687923,1.0773364,1.0149189,0.0,True,1.140254748512651,1.104603787779475
488,11117,285.75793,928,3013.6836,0.49903041,2,161.03612,1.2069014171896681,1.16280846726941,2662.2382182885444,1.0977144,1.0269955,0.0,True,1.1741453120327678,1.1220645770885869
489,12406,308.92545,928,2787.6758,4.3569231,5,32.877892,1.3046794938091515,1.1880476045056303,2911.961166291273,1.1419905,1.0394577,0.0,True,1.255872795666406,1.143470633153941
490,1671,166.14249,928,5183.4062,2.3629088,3,27.566605,0.7018992669534047,0.8676587029473164,1233.1716483924663,0.83566201,0.85811913,0.0,True,0.7420280898673832,0.8647968310631213
491,0,153.50232,928,5610.2344,0.46361879,1,106.57157,0.6485176047949173,0.0,106.39970031741049,0.8025313,0.0,0.0,True,0.6947217133564421,0.0
492,6185,286.741,928,3003.3516,3.4826479,5,179.54652,1.2110505841099057,1.0900996438517052,2503.3078826681513,1.0725627,0.96239203,0.0,True,1.169504218876934,1.0517873596961937
493,18851,294.57019,928,2923.5273,2.017195,4,305.02786,1.244094632320006,1.2333879294450436,2899.8748294536304,1.0661341,0.99577659,0.0,True,1.1907064726240042,1.1621045276115305
494,18463,278.84979,928,3088.3438,2.0119557,4,93.430832,1.1777436577236617,1.2223913250255491,2739.3178115010974,1.0635734,1.0250611,0.0,True,1.1434925804065632,1.1631922575178844
495,135,217.02798,928,3968.0781,3.9625807,4,11.666488,0.9167660481630424,0.5928294511389046,1067.7735219710078,0.96289098,0.36559629,0.0,True,0.9306035277141298,0.5246595027972333
496,1663,217.94604,928,3951.3633,3.0531502,4,40.900864,0.920642130369258,0.8954920091652268,1616.6322750878564,0.97152662,0.86789072,0.0,True,0.9359074772584807,0.8872116224156587
497,0,175.01003,928,4920.7695,1.0461208,1,101.18337,0.7393465833888099,0.0,121.30770886421143,0.8760348,0.0,0.0,True,0.780353048372167,0.0
498,19535,279.10327,928,3085.5391,2.0042629,4,90.954483,1.1788135122355665,1.2295527846914796,2757.5585560951263,1.0640413,1.0358175,0.0,True,1.1443818485648967,1.1714321992840357
499,2916,218.63748,928,3938.8672,3.9927659,5,45.726757,0.9235613954805785,0.963632814884568,1744.432745119251,0.9710322,0.89346689,0.0,True,0.937802636836405,0.9425830374191976
500,13886,280.48242,928,3070.3672,4.0556984,5,53.102493,1.184634704678412,1.1878057315356438,2675.460220790406,1.0795474,0.95250696,0.0,True,1.1531085132748884,1.1172161000749508
501,1493,216.88579,928,3970.6797,3.0118864,4,88.020607,0.9161656829861314,0.8819617961512122,1585.4094208594825,1.0755024,0.70068377,0.0,True,0.963966698090292,0.8275783883058485
502,4377,228.03313,928,3776.5742,2.9974847,4,52.785877,0.9632291488772776,1.0178431588392314,1911.9610330225598,0.95766401,0.9319703,0.0,True,0.9615596072140944,0.992081301187462
503,19395,279.0856,928,3085.7344,2.998364,5,44.789303,1.1787389519758047,1.2286480756102836,2755.376878591403,1.0639479,1.0422628,0.0,True,1.1443016363830634,1.1727324929271985
504,3206,277.83701,928,3099.6016,1.9366448,4,56.296169,1.173468833210442,1.0041162874059264,2243.0901414283057,1.0721629,0.93022132,0.0,True,1.1430770532473093,0.9819477971841485
505,254989,389.25769,928,2212.375,5.5833077,7,109.41669,1.6436388645263968,1.61608381305447,4845.862571502316,1.2082748,1.3648355,0.0,True,1.5130296451684777,1.540709319138129
506,39216,304.42883,928,2828.8516,3.5876763,6,51.172363,1.285702440437231,1.33064327055213,3219.91058384623,1.1383253,1.1707925,0.0,True,1.2414892983060617,1.282688039386491
507,13032,277.72046,928,3100.9023,3.0566256,4,110.25576,1.172976928933805,1.178451535637577,2631.489286711776,1.0688435,1.0317326,0.0,True,1.1417369002536635,1.1344358549463038
508,6856,233.22617,928,3692.4844,2.992898,4,56.165787,0.9851531138243919,1.075248740165042,2060.1266723094836,1.0162663,0.88384336,0.0,True,0.9944870696770743,1.0178271261155294
509,49219,286.29526,928,3008.0273,4.0193696,6,51.884289,1.2091693688743752,1.3488147270669073,3093.1556446090035,1.0718554,1.1261995,0.0,True,1.1679751782120626,1.282030158946835
510,238467,389.02621,928,2213.6914,3.0156665,5,187.83177,1.6426623358449826,1.6072635601288814,4816.920432189172,1.2078975,1.3620493,0.0,True,1.5122328850914877,1.533699282090217
511,8081,278.09354,928,3096.7422,3.0076501,4,53.731686,1.1745516650709569,1.1192078083875623,2502.1517346543137,1.0726416,0.9924897,0.0,True,1.1439786455496699,1.0811923758712936
512,4679,233.07848,928,3694.8242,3.0176418,5,52.151684,0.9845295891093875,1.0286718423694607,1969.8084760603178,1.0158674,0.80793512,0.0,True,0.9939309323765713,0.9624508256586226
513,233351,388.73743,928,2215.3359,2.0504007,4,10.633207,1.6414440458189667,1.604293998229653,4804.914213356726,1.2075194,1.3613106,0.0,True,1.5112666520732767,1.531398978760757
514,1607,228.03146,928,3776.6016,3.026217,5,57.255611,0.9632221641560835,0.8962500126499111,1683.6402182761678,0.95766401,0.85725063,0.0,True,0.9615547179092585,0.8845501978549377
515,22545,294.75806,928,2921.6641,2.997088,4,49.86845,1.2448874720716514,1.2559071151153174,2954.46535195925,1.0664741,1.0317335,0.0,True,1.191363460450156,1.1886550305807222
516,222903,381.55475,928,2257.0391,2.0410042,4,62.281181,1.6111420163713148,1.5944940298017671,4698.656331621408,1.1999078,1.3600627,0.0,True,1.4877717514599205,1.5241646308612369
517,154889,381.45044,928,2257.6562,2.0267229,4,33.806961,1.610702022119843,1.547304861618069,4558.514680379743,1.1999049,1.3524166,0.0,True,1.48746288548389,1.4888383831326482
518,0,227.26726,928,3789.3008,2.0176489,3,101.50278,0.9599957910582141,0.0,157.52966050258402,0.95650184,0.0,0.0,True,0.9589476057407499,0.0
519,20753,279.08099,928,3085.7852,4.0071311,5,52.693211,1.1787195594549906,1.2370671725643292,2774.2164310097864,1.0639479,1.0526272,0.0,True,1.1442880616184934,1.1817351807950305
520,156103,381.36139,928,2258.1836,1.9946096,4,68.234673,1.6103261746681288,1.5482689568064691,4560.427860402143,1.1996386,1.3517812,0.0,True,1.4871199022676902,1.4893226297645283
521,74070,287.51132,928,2995.3047,4.0183291,5,44.993656,1.214301906187796,1.4005815957464558,3223.804879552079,1.0651515,1.1830267,0.0,True,1.1695567843314572,1.3353151270225192
522,130962,381.00415,928,2260.3008,2.0182366,4,41.687119,1.6088191325555117,1.5253477592567244,4489.24912286523,1.1993688,1.3500481,0.0,True,1.4859840327888583,1.472757861479707
523,17486,227.0407,928,3793.082,2.987325,5,50.508278,0.959039306828058,1.1853359957766911,2218.021947062068,0.95838714,0.99927682,0.0,True,0.9588436567796406,1.1295182430436839
524,0,215.84024,928,3989.9141,2.0062675,3,175.37006,0.9117512850879331,0.0,149.6090538073819,,,,False,0.9117512850879331,0.0
525,26081,277.16565,928,3107.1094,4.016264,6,91.745544,1.1706351698771489,1.2644215698505405,2818.5083154246695,1.0642898,1.0346863,0.0,True,1.1387315589140043,1.1955009888953783
526,6799,216.88835,928,3970.6328,3.0098534,5,121.68468,0.9161764990299733,1.0648260658354671,1914.0017200966545,1.0755025,0.97687572,0.0,True,0.9639742993209814,1.038440962084827
527,6660,217.58467,928,3957.9258,2.993849,5,151.73869,0.9191164164327624,1.06274471439226,1915.6535160777512,1.075735,0.99416101,0.0,True,0.9661019915029337,1.042169603074582
528,41671,278.0546,928,3097.1758,3.988883,5,94.760666,1.1743873357024923,1.3232120191143202,2957.836036502106,1.0655687,1.0506097,0.0,True,1.1417417449917446,1.241431323380024
529,68023,378.71017,928,2273.9922,2.0327756,4,101.55746,1.599141161659359,1.439422625267401,4214.1468624576355,1.1980323,1.3466669,0.0,True,1.4788085031615512,1.4115959076871807
530,3338,176.4751,928,4879.918,3.8969383,4,46.814587,0.7455333765613515,0.9552514618951412,1431.870622394296,0.96521974,0.91874319,0.0,True,0.811439285592946,0.9442989803265989
531,53466,376.47131,928,2287.5156,1.9861931,4,46.57135,1.5896955716902037,1.4071963516557047,4098.582398193802,1.196759,1.3473943,0.0,True,1.4718146001831425,1.3892557361589932
532,0,148.74547,928,5789.6484,1.0840982,2,58.168171,0.6284277910647408,0.0,103.10250315156394,0.87601602,0.0,0.0,True,0.7027042597453186,0.0
533,0,150.43727,928,5724.5391,1.0141728,2,12.861058,0.6355728559743249,0.0,104.27516955163524,0.88183743,0.0,0.0,True,0.7094522281820275,0.0
534,227000,384.80609,928,2237.9688,2.1126626,4,46.567543,1.6248587081372026,1.5986062930230298,4745.7034946015165,1.2033488,1.3604004,0.0,True,1.4984057356960419,1.527144525116121
535,0,186.57336,928,4615.793,4.0044312,4,176.27228,0.7881758256889472,0.0,129.32279845159567,0.91651779,0.0,0.0,True,0.826678414982263,0.0
536,47540,286.29749,928,3008.0039,2.9902649,5,176.15546,1.2091787690493159,1.3444830240440742,3083.2432591486945,1.0718554,1.1238716,0.0,True,1.1679817583345211,1.278299596830852
537,3372,232.61835,928,3702.1328,3.0193334,4,51.409431,0.9825870202698025,0.9885711179455158,1889.7575743241634,1.0149895,0.67710859,0.0,True,0.9923077641888618,0.895132359561861
538,2252,187.08618,928,4603.1406,2.0097587,3,280.62378,0.7903413004666221,0.9152204717801878,1444.3916862789888,0.98229837,0.65870458,0.0,True,0.8479284213266354,0.8382657042461316
539,1184,231.99365,928,3712.1016,2.9993896,4,51.661751,0.9799497166786283,0.8609925998593557,1642.1302989883495,1.0156088,0.82196075,0.0,True,0.9906474416750399,0.8492830449015489
540,44263,286.29526,928,3008.0273,2.0020366,4,52.057518,1.2091693688743752,1.335565307029207,3062.7722553407357,1.0718554,1.1189505,0.0,True,1.1679751782120626,1.2705808649204449
541,35174,286.29156,928,3008.0664,3.0096736,5,51.672203,1.2091536620705907,1.3068696737144287,2996.934207772419,1.0718553,1.1107348,0.0,True,1.1679641534494136,1.2480292116001002
542,87,219.12643,928,3930.0781,3.9997804,4,49.933865,0.9256257678695751,0.5409255442739009,983.5788632675639,0.95421916,0.31158134,0.0,True,0.9342037855087025,0.47212228299173065
543,124,233.00137,928,3696.0469,4.0055847,5,51.853516,0.9842040701635342,0.5876841975294684,1126.860310025907,1.0154679,0.39586323,0.0,True,0.993583219114474,0.5301379072706279
544,52801,286.17859,928,3009.2539,2.008405,4,10.521351,1.2086768274955626,1.3575158266644176,3111.998505266648,1.0632761,1.1664305,0.0,True,1.1650566092468937,1.3001902286650924
545,0,-1.0,1,-1.0,0.0,0,21.141193,1.0,0.0,-0.6931471805599453,,,,False,1.0,0.0
546,0,248.25249,928,3468.9844,1.9571292,2,431.14108,1.0485880635578888,0.0,172.07551351048602,,,,False,1.0485880635578888,0.0
547,3362,243.2079,928,3540.9375,2.1059151,3,161.55583,1.027292412196275,0.9935880331656107,1975.0636353293448,1.262686,0.92030817,0.0,True,1.0979104885373925,0.9716040742159275
548,1683,239.06525,928,3602.2969,0.12268965,2,292.40851,1.0098038290451712,0.907055263298678,1776.1402576609562,1.2588996,0.91898793,0.0,True,1.0845325603316198,0.9106350633090747
549,0,235.75108,928,3652.9375,0.055682883,1,0.76283032,0.995812598884561,0.0,163.4101964159621,,,,False,0.995812598884561,0.0
550,3344,236.8676,928,3635.7188,1.8097337,3,152.96463,1.0005261568419306,0.9897352144858895,1922.3039539618678,1.0489788,0.81289029,0.0,True,1.0150619497893514,0.9366817371401227
551,1674,196.81323,928,4375.6406,1.5746875,2,54.248493,0.8314142578620183,0.8853925839005073,1461.1739490157395,0.96255344,0.66461325,0.0,True,0.8707560125034128,0.8191587837303551
552,0,169.1301,928,5091.8438,0.77399009,1,96.332344,0.714515983123715,0.0,117.2320519628216,,,,False,0.714515983123715,0.0
553,0,392.70377,928,2192.9609,2.0699263,3,302.45309,1.658176603799931,0.0,272.20151097076126,,,,False,1.658176603799931,0.0
554,0,152.43933,928,5649.3555,0.99793899,1,247.83414,0.6440282885469938,0.0,105.66289179594709,,,,False,0.6440282885469938,0.0
555,1666,182.1851,928,4726.9727,3.3993244,4,33.307091,0.7696455533853346,0.8767508959141854,1351.7005934371002,0.88384628,0.24900448,0.0,True,0.8039057713697342,0.6884269711399298
556,0,205.18846,928,4197.0391,1.4871857,3,144.89171,0.8667775469477386,0.0,142.22580253243711,,,,False,0.8667775469477386,0.0
557,0,142.67647,928,6035.9219,2.0403514,2,142.3996,0.6027956093032008,0.0,98.89579291274562,,,,False,0.6027956093032008,0.0
558,0,154.04956,928,5590.3047,3.4846392,3,24.631952,0.6508287738033374,0.0,106.77901818050013,0.91632152,0.0,0.0,True,0.7304765976623362,0.0
559,11525,205.13824,928,4198.0664,5.3369179,6,100.54984,0.8665655406389862,1.1209703491640652,1918.5445969902078,0.96211588,0.67739654,0.0,True,0.8952306424472902,0.9878982064148456
560,6607,168.53174,928,5109.9219,4.5265331,5,35.169403,0.7119891269535319,1.0300379652699534,1482.4368075723212,0.87221485,0.79056001,0.0,True,0.7600568438674723,0.9581945786889674
561,36441,288.65421,928,2983.4453,3.3101716,5,89.351128,1.2191256060312476,1.3126328970463395,3031.8808442217965,1.0806617,1.0410527,0.0,True,1.1775864342218734,1.2311588379324376
562,0,175.71849,928,4900.9297,2.3317447,3,134.79756,0.7423383636595157,0.0,121.79877591575094,,,,False,0.7423383636595157,0.0
563,4959,189.28957,928,4549.5586,3.6134825,5,97.108345,0.7996453809549194,1.0101759243838746,1610.733589856542,0.92458469,0.86463594,0.0,True,0.8371271736684436,0.9665139290687121
564,22974,215.16299,928,4002.4727,3.7203233,5,47.80925,0.9088919024558815,1.2105674847313677,2160.710955517166,0.95486951,0.91661316,0.0,True,0.922685184719117,1.1223811873119574
565,3326,167.36237,928,5145.625,3.4109056,5,33.616127,0.7070508847547442,0.948907803225638,1357.330042573383,0.8748222,0.79080427,0.0,True,0.7573822793283209,0.9014767432579465
566,0,142.77423,928,6031.7891,0.95995557,1,125.96449,0.603208489775627,0.0,98.96355498111716,,,,False,0.603208489775627,0.0
567,1667,167.48163,928,5141.9609,2.6288409,4,38.165241,0.7075545248867735,0.8681930283779129,1242.7103321821596,0.86904919,0.23157412,0.0,True,0.7560029244207415,0.677207355864539
568,1679,187.36475,928,4596.2969,3.5942819,5,26.626917,0.7915175748298549,0.880584490829756,1391.5850037700718,0.92925662,0.8649736,0.0,True,0.8328392883808984,0.8759012235808291
569,0,164.57605,928,5232.7422,1.9474542,2,17.004148,0.6952840601463889,0.0,114.07542504519259,0.84022468,0.0,0.0,True,0.7387662461024722,0.0
570,11435,278.96127,928,3087.1094,1.3664253,3,119.19687,1.1782142809949172,1.1628379796321866,2606.7839922796693,1.0657988,1.0021756,0.0,True,1.144489636696442,1.1146392657425306
571,9861,259.45261,928,3319.2344,1.4482055,3,150.98526,1.0958674915072661,1.1341882959605363,2386.0677747186887,1.0350649,0.98935145,0.0,True,1.0776267140550864,1.0907372421723753
572,0,159.33467,928,5404.875,0.093685739,1,73.578484,0.6731490575675673,0.0,110.44237727594928,,,,False,0.6731490575675673,0.0
573,1671,161.93567,928,5318.0625,0.70544219,2,105.13741,0.6841334684762895,0.8650664765816055,1201.947058259681,0.89594501,0.80226791,0.0,True,0.7476769309334026,0.8462269066071239
574,3338,181.11125,928,4755.0,2.3559489,3,52.081543,0.7651109545166366,0.9581750702828793,1469.4870735877696,0.92555916,0.83512074,0.0,True,0.8132454161616456,0.9212587711980155
575,0,201.06715,928,4283.0664,1.8656086,2,197.3186,0.8493760588250489,0.0,139.3691281257236,,,,False,0.8493760588250489,0.0
576,6909,250.61482,928,3436.2852,1.5849748,3,50.641644,1.058560473876815,1.0856814879087189,2215.652949485133,1.0201694,0.81387413,0.0,True,1.0470431517137706,1.0041392805361031
577,5626,223.54013,928,3852.4805,2.0344195,3,57.64632,0.9442602733716359,1.0457877326818386,1930.3828979683153,0.97952163,0.76160163,0.0,True,0.9548386803601451,0.960531901877287
578,2218,215.78488,928,3990.9375,1.0621761,3,62.015743,0.9115176009230398,0.9291264862028323,1662.6791385075328,0.9868446,0.88727641,0.0,True,0.9341157006461278,0.9165714633419826
579,1938,209.93626,928,4102.1211,2.4042368,3,91.147095,0.8868239318366214,0.9098481104240481,1589.3105428791625,1.0043861,0.90191805,0.0,True,0.9220925822856351,0.9074690922968337
580,0,187.8576,928,4584.2383,1.3135949,2,33.840755,0.7935987126171878,0.0,130.21296578675796,0.96900421,1.0381858,12.76838590841396,True,0.8462203618320314,0.31145574000000004
581,13208,252.76553,928,3407.0469,2.3869021,4,189.56892,1.0676394069661055,1.1664731058641722,2398.4237151898064,1.1186206,1.2133733,0.0,True,1.082933764876274,1.1805431641049204
582,0,165.25368,928,5211.2852,2.2503424,2,99.377289,0.6981457317231828,0.0,114.54512236915542,,,,False,0.6981457317231828,0.0
583,0,250.36722,928,3439.6836,1.0801042,2,109.45074,1.0575152261630443,0.0,173.54133264763155,,,,False,1.0575152261630443,0.0
584,0,195.41258,928,4407.0039,1.0085673,2,37.570137,0.8255000206816874,0.0,135.44967887294476,,,,False,0.8255000206816874,0.0
585,291845,394.59308,928,2182.4609,1.9849269,4,86.676697,1.6661469246877525,1.6364974723475028,4965.553388509263,1.2015538,1.3558711,0.0,True,1.5267689872814267,1.552309560643252
586,5033,225.28212,928,3822.6914,3.0211141,5,53.729366,0.9516147657391757,1.0332718190181902,1920.3428196626587,0.95877683,0.93672228,0.0,True,0.953763385017423,1.0043069573127332
587,12812,282.81723,928,3045.0195,4.0346813,5,47.019543,1.194489503803845,1.1789982518369713,2674.968397100634,1.0657163,1.0062428,0.0,True,1.1558575426626916,1.12717161628588
588,295110,394.23605,928,2184.4375,1.8425825,4,46.205429,1.6646406817645782,1.6377517311328063,4965.446504137087,1.2015049,1.3559483,0.0,True,1.5256999472352049,1.5532107017929644
589,5163,225.22826,928,3823.6055,2.9652634,5,57.113983,0.9513873844638816,1.0363324898871535,1925.6251313282849,0.95871574,0.94120425,0.0,True,0.9535858911247171,1.0077940179210074
590,294790,393.35046,928,2189.3555,2.2440317,4,67.067879,1.660904773614158,1.6371325832730406,4953.865645748906,1.2014508,1.3556752,0.0,True,1.5230685815299108,1.5526953682911284
591,0,181.70685,928,4739.4141,1.9898813,2,54.047157,0.7676260149130699,0.0,125.9495907659289,0.87024093,0.0,0.0,True,0.7984104894391488,0.0
592,7748,285.18091,928,3019.7812,4.2740321,5,28.680811,1.2044660317019777,1.1174687277034683,2553.922844988821,1.0711025,0.9768728,0.0,True,1.1644569721913844,1.0752899493924277
593,772,224.37737,928,3838.1055,3.0544221,4,54.867229,0.9477950047558954,0.8057510830140322,1492.4622033620356,0.95720816,0.79591924,0.0,True,0.9506189513291268,0.8028015301098226
594,16,182.13287,928,4728.3281,2.245064,2,19.765165,0.7694250237389749,0.3348175758493332,526.4317036325735,0.86974657,0.20926134,0.0,True,0.7995214876172825,0.29715070509453323
595,12,228.1367,928,3774.8594,3.8127456,4,95.307671,0.9636664819017727,0.31139692865566587,602.0658302892373,0.9764868,0.19108109,0.0,True,0.9675125773312409,0.2753021770589661
596,295159,393.29224,928,2189.6797,2.8538871,5,28.611752,1.660659087473247,1.6372637271902142,4953.624409450744,1.2014136,1.3557168,0.0,True,1.522885441231273,1.5527996490331497
597,0,153.03688,928,5627.2969,2.3520355,2,43.081982,0.6465519362881073,0.0,106.07708189369067,0.84018272,0.0,0.0,True,0.7046411714016751,0.0
598,3290,157.08229,928,5482.375,1.2827425,3,27.271469,0.6636367517968118,0.9406616213685915,1272.248825530853,0.85127372,0.91045815,0.0,True,0.7199278422577683,0.931600579958014
599,4927,168.7867,928,5102.2031,2.2074363,3,41.639515,0.7130658281673079,0.9958623863988418,1435.1749809961584,0.88501471,0.94305986,0.0,True,0.7646504927171156,0.9800216284791892
600,2234,193.14793,928,4458.6758,1.9758651,4,76.668938,0.8159375336435882,0.9177364992238022,1489.6425618314775,0.94918406,0.87719083,0.0,True,0.8559114915505117,0.9055727984566615
601,16183,266.76917,928,3228.1992,2.6782589,4,214.41162,1.1267518147597957,1.199387179681247,2585.484156952611,1.1279058,1.2155117,0.0,True,1.1270980103318569,1.2042245357768728
602,5,162.02016,928,5315.2891,4.008225,4,49.825897,0.684490299885263,0.2088563826661214,315.2766736955657,0.8668645,0.13230705,0.0,True,0.7392025599196841,0.18589158286628496
603,1647,156.8678,928,5489.8711,2.6558464,4,59.340736,0.6627309243721398,0.8601951219048246,1162.0647910464145,0.85066706,0.85929972,0.0,True,0.7191117650604979,0.8599265013333772
604,761,192.36778,928,4476.7578,1.6637299,3,38.271866,0.8126433652285551,0.7893054138658913,1276.7945927653616,0.94730192,0.79543108,0.0,True,0.8530409316599885,0.7911431137061239
605,21,172.70946,928,4986.3164,2.8456068,3,37.895172,0.7296315066613738,0.36300913488818787,541.5295128662468,0.89680278,0.22882237,0.0,True,0.7797828886629616,0.3227531054217315
606,0,149.69069,928,5753.0898,1.3561382,2,33.330292,0.6324198122218075,0.0,103.75767972957279,0.82882887,0.0,0.0,True,0.6913425295552653,0.0
607,3168,248.36351,928,3467.4336,2.9638565,3,210.49121,1.0490567712942078,0.9888538917950036,2002.1791740750655,1.0634254,0.91991115,0.0,True,1.0533673599059457,0.9681710692565025
608,1586,200.91434,928,4286.3242,1.9967797,3,493.0083,0.848730795734996,0.881121773815646,1480.785025046446,0.95788902,0.86118329,0.0,True,0.8814782630144972,0.8751402286709522
609,25487,262.22757,928,3284.1094,1.0794057,4,13.229521,1.1075811446312895,1.2529339226111618,2660.5615193043204,1.0780377,1.0750504,0.0,True,1.0987181112419027,1.1995688658278132
610,5937,278.4198,928,3093.1133,3.5975912,5,48.901615,1.175928781229314,1.0810192458752372,2419.2720678293663,1.0586475,0.92370296,0.0,True,1.1407443968605198,1.033824360112666
611,680,278.66614,928,3090.3789,2.8005662,3,14.147326,1.1769685825484193,0.8116892704789808,1818.3048281367583,1.064863,0.79978716,0.0,True,1.1433369077838935,0.8081186373352865
612,331,231.86507,928,3714.1602,2.5386941,4,59.352367,0.9794068648159033,0.7061593522232978,1346.7053650092898,0.97929609,0.73277879,0.0,True,0.9793736323711324,0.7141451835563084
613,5876,256.99673,928,3350.9531,4.0124617,5,22.547386,1.0855006622775725,1.0690950979859846,2230.4673844356284,1.0235851,0.94721025,0.0,True,1.0669259935943007,1.0325296435901892
614,281304,391.90723,928,2197.418,4.5289922,7,101.11669,1.6548163244256615,1.6302674621277295,4917.337739337923,1.2084322,1.3690798,0.0,True,1.5209010870979631,1.5519111634894107
615,2002,254.2179,928,3387.582,1.8984737,4,41.913322,1.0737703972453359,0.9352477211463524,1932.793389410722,1.0260866,0.87729079,0.0,True,1.059465258071735,0.9178606418024466
616,4430,250.24501,928,3441.3633,3.2348404,5,44.595245,1.0569993618261657,1.0309271776312074,2101.208809598807,1.0159553,0.92869616,0.0,True,1.0446861432783159,1.0002578723418452
617,1689,197.17143,928,4367.6914,3.2555661,3,67.975883,0.832926739548619,0.8866480552103523,1465.5900958400819,0.91598785,0.86411566,0.0,True,0.8578450726840332,0.8798883366472465
618,0,162.01695,928,5315.3945,1.0226232,1,36.947678,0.6844767320979551,0.0,112.30159209542164,0.8323589,0.0,0.0,True,0.7288413824685687,0.0
619,6,206.35077,928,4173.3984,3.9926295,4,134.91328,0.8716851571901834,0.23340079311727896,429.09436329562124,0.92845005,0.14442177,0.0,True,0.8887146250331284,0.20670708618209527
620,2152,241.35266,928,3568.1562,2.0837631,3,33.201012,1.019460384012229,0.9381433603549977,1852.4014220775787,0.99792081,0.75042254,0.0,True,1.0129985118085603,0.8818271142484984
621,1154,214.67838,928,4011.5078,1.8553331,3,146.33492,0.9068458296345258,0.8498597315471951,1514.0667294410955,0.9657374,0.6943382,0.0,True,0.9245133007441682,0.8032032720830365
622,3391,250.24388,928,3441.3789,3.029747,5,99.235222,1.0569945731605779,0.9981184993407775,2034.3500562822933,1.0159553,0.92233735,0.0,True,1.0446827912124046,0.9753841545385442
623,3211,261.16455,928,3297.4766,1.0820646,3,73.529343,1.1030939909183293,0.9966460524976629,2108.8933884563316,1.0469815,0.91490668,0.0,True,1.0862602436428306,0.972124240748364
624,2914,256.35275,928,3359.3711,2.2321179,3,46.517937,1.0827822047484255,0.9824175459178808,2045.1740600857597,1.0623653,0.93119675,0.0,True,1.076657133323898,0.9670513071425166
625,108678,339.30972,928,2538.0469,1.7375416,4,28.530354,1.432899845524758,1.479038730728358,3934.6908421641965,1.2009156,1.2459967,0.0,True,1.3633045718673305,1.4091261215098507
626,28285,265.11383,928,3248.3555,3.7329378,4,115.17172,1.1197645336442859,1.2675084956457543,2717.4585431866703,1.0838895,1.0840966,0.0,True,1.109002023551,1.212484926952028
627,20467,290.07541,928,2968.8281,3.8655849,6,94.534668,1.2251240018349228,1.2413031984547145,2879.481949335534,1.0629483,0.9519186,0.0,True,1.176471291284446,1.1544878189183
628,80140,337.91022,928,2548.5586,2.2582603,4,78.522812,1.4269943888509915,1.4394290163285943,3815.5319491509003,1.2008927,1.235193,0.0,True,1.359163882195694,1.3781582114300162
629,1481,226.96263,928,3794.3867,2.9714248,4,155.78786,0.9587097148548224,0.8858392642179698,1657.2408025643847,0.95703417,0.83511937,0.0,True,0.9582070513983756,0.8706232959525788
630,1371,210.88715,928,4083.625,2.9989443,4,89.476959,0.8908386870149952,0.8687447256086507,1523.607655195201,0.96769327,0.8598001,0.0,True,0.9138950619104966,0.8660613379260556
631,0,150.98486,928,5703.7773,0.98113889,2,94.166351,0.6378855358823136,0.0,104.65473001623806,0.82076806,0.0,0.0,True,0.6927502931176195,0.0
632,1701,226.33444,928,3804.918,3.0156407,5,76.039223,0.9560575800780684,0.9023293645788135,1683.9614324856484,0.95588589,0.86670667,0.0,True,0.9560060730546478,0.8916425562051695
633,23235,263.49658,928,3268.293,3.8804436,5,65.06926,1.1129378348165255,1.2422503238039424,2649.063160790114,1.0772866,1.1068209,0.0,True,1.1022424643715678,1.2016214966627596
634,15158,289.79706,928,2971.6797,4.0140324,5,92.490204,1.2239491733543595,1.2036109161324378,2789.706956373068,1.0627192,0.8463648,0.0,True,1.1755801813480518,1.0964370812927065
635,17829,262.19016,928,3284.5781,2.0197587,4,34.775211,1.1074231921145095,1.2087862204901623,2566.4991921798887,1.078037,1.0465801,0.0,True,1.0986073344801566,1.1601243843431135
636,13234,220.13818,928,3912.0156,2.9771817,4,56.357571,0.929897369503494,1.147238989248539,2089.264471516679,0.99223083,1.014491,0.0,True,0.9485974076524458,1.1074145924739773
637,4617,215.30399,928,3999.8516,3.9999933,4,69.081169,0.9094872010335516,1.0172343340139238,1816.720752150416,0.99040133,0.94159603,0.0,True,0.9337614397234861,0.9945428428097467
638,2,153.80882,928,5599.0547,2.9606538,3,73.131989,0.6498120453341832,0.12728843161935738,213.22429985650425,0.82939851,0.080859892,0.0,True,0.7036879847339282,0.11335986973355015
639,805,182.21356,928,4726.2344,2.9093993,3,18.958933,0.7697657312919257,0.7908844797957176,1219.6143338277266,0.90650076,0.79294491,0.0,True,0.810786239904348,0.7915026088570023
640,1684,259.06998,928,3324.1367,2.0206385,3,42.622452,1.094252323013555,0.91610879808726,1924.9195212749228,1.0750781,0.87433434,0.0,True,1.0885000561094884,0.9035764606610819
641,0,212.76546,928,4047.5742,0.78138143,1,119.72179,0.8987692608856606,0.0,147.4777787195398,0.98629469,0.0,0.0,True,0.9250268896199624,0.0
642,386,178.58711,928,4822.207,3.0030942,4,32.769962,0.7544520396068494,0.7025111335785045,1064.5587162978889,0.89687592,0.78537297,0.0,True,0.7971792037247946,0.7273696845049531
643,3353,178.5874,928,4822.1992,2.0132623,4,32.56118,0.7544532594416168,0.9571191706079001,1449.8094896150503,0.89687592,0.91391963,0.0,True,0.7971800576091318,0.94415930842553
644,11545,220.13818,928,3912.0156,2.0008659,4,40.538727,0.929897369503494,1.1307355685173028,2059.2123679519673,0.99223083,1.0065137,0.0,True,0.9485974076524458,1.093469007962112
645,1692,178.58942,928,4822.1445,2.971771,4,39.140335,0.7544618140347247,0.8765163320522714,1327.7851698223433,0.89687598,0.86261761,0.0,True,0.7971860638243073,0.87234671543659
646,22,150.70876,928,5714.2266,2.0425665,4,40.542286,0.636719476907308,0.36243296217746435,478.9605519849893,0.81999177,0.23058458,0.0,True,0.6917011648351157,0.32287844752422507
647,225,197.86406,928,4352.4023,2.9489641,3,47.683197,0.8358512971196163,0.6469057837746394,1073.4026357559412,0.91770929,0.72875893,0.0,True,0.8604086949837314,0.6714617276422475
648,0,165.39041,928,5206.9766,1.9601895,2,96.115807,0.6987232022957524,0.0,114.63989638315338,0.83865637,0.0,0.0,True,0.7407031526070267,0.0
649,536,199.22205,928,4322.7344,2.9939716,4,51.565311,0.8415852799273962,0.7508056517584688,1252.680072465479,0.91677231,0.75366235,0.0,True,0.8641413889491774,0.7516626612309282
650,29883,303.39322,928,2838.5078,2.0062039,4,134.06033,1.2813317430903166,1.2958955899692546,3126.5011003866875,1.1383997,1.169616,0.0,True,1.2384521301632216,1.2580117129784782
651,62,198.41502,928,4340.3164,3.0381129,4,48.043621,0.8381777087076474,0.49462035599507004,825.1848701624709,0.91594964,0.46121645,0.0,True,0.8615092880953532,0.484599184196549
652,90,206.41106,928,4172.1797,3.0676525,4,252.63458,0.8719396557449696,0.5410707393243658,933.3471732845841,0.97024536,0.49802461,0.0,True,0.9014313670214787,0.5281569005270561
653,54,226.33167,928,3804.9648,3.0306897,4,75.349869,0.956045827015695,0.48604075407935105,911.06457050141,0.95588583,0.3180936,0.0,True,0.9559978279109865,0.4356566078555457
654,0,229.68208,928,3749.4609,1.0090821,2,57.893829,0.9701907890431805,0.0,159.20348617714382,1.0150328,0.0,0.0,True,0.9836433923302264,0.0
655,5027,229.69333,928,3749.2773,2.9893761,4,50.987686,0.9702382734104034,1.0355595566713498,1957.670839135871,1.015033,0.95357597,0.0,True,0.9836766913872823,1.0109644806699447
656,2075,187.05396,928,4603.9336,2.9937479,4,45.310978,0.7902052280205776,0.9055021362403375,1428.8453102281292,0.91669261,0.88417453,0.0,True,0.8281514426144043,0.8991038543682361
657,462,214.49374,928,4014.9609,3.0160382,4,93.031601,0.9060662777762263,0.739616196069375,1316.9668007752348,0.96699899,0.78666657,0.0,True,0.9243460914433584,0.7537313082485625
658,0,155.77228,928,5528.4805,1.9986985,2,68.845337,0.6581042661005025,0.0,107.97311669139435,0.83489025,0.0,0.0,True,0.7111400612703518,0.0
659,3433,249.85619,928,3446.7188,1.9676988,3,150.50848,1.055357952244654,0.9994393651989264,2034.2721829033608,1.0155503,0.93234271,0.0,True,1.0434156565712578,0.9793103686392486
660,3994,262.31711,928,3282.9883,2.9686527,4,40.779861,1.1079591396522295,1.02412818578087,2175.408683432044,1.0747999,0.94871944,0.0,True,1.0980113677565606,1.001505562046609
661,3326,188.32715,928,4572.8086,2.0468326,4,50.838856,0.7955814393274595,0.9621865141291523,1527.3570667481818,0.97018325,1.0519823,0.0,True,0.8479619825292217,0.9891252498904066
662,6636,189.39365,928,4547.0586,2.2945716,4,59.656956,0.8000848374728872,1.044820685125347,1666.7713153437658,0.97294331,1.0637763,0.0,True,0.851942379231021,1.050507369587743
663,9930,199.46413,928,4317.4883,3.2541115,4,49.87508,0.8426074011210171,1.0994242563783723,1835.771540592248,0.99892139,1.0759016,0.0,True,0.8895015977847119,1.0923674594648605
664,0,291.3504,928,2955.8359,0.077341035,1,383.24472,1.2305053199995442,0.0,201.94870831501228,,,,False,1.2305053199995442,0.0
665,1682,298.28589,928,2887.1094,2.0907164,4,440.3699,1.259776736261922,0.9321479391354897,2215.944160046799,1.2916126,1.4786042,0.0,True,1.2693274953833455,1.0960848173948428
666,0,164.60835,928,5231.7148,2.0119944,2,27.241194,0.6954205473014388,0.0,114.09781369912467,,,,False,0.6954205473014388,0.0
667,0,164.81708,928,5225.0898,2.0278661,2,62.807331,0.6963019481003828,0.0,114.24249431012295,,,,False,0.6963019481003828,0.0
668,0,178.29045,928,4830.2305,4.0233068,4,103.45208,0.7531993373734222,0.0,123.58152273826389,0.89686608,0.0,0.0,True,0.7962993601613956,0.0
669,8673,220.13818,928,3912.0156,2.0001755,4,40.399185,0.929897369503494,1.0961624126022842,1996.2571770188865,0.99223083,0.98579514,0.0,True,0.9485974076524458,1.063052230821599
670,773,151.17784,928,5696.4961,2.0343976,4,40.460346,0.6387005881491504,0.7691338509591914,1005.7654625934956,0.82140124,0.78685266,0.0,True,0.6935107837044053,0.7744494936714339
671,1408,178.29449,928,4830.1211,4.0112333,4,100.95508,0.7532163899277359,0.8547004336084804,1292.8748556244075,0.89686626,0.83470172,0.0,True,0.7963113509494151,0.8487008195259362
672,5231,220.13818,928,3912.0156,2.0061252,4,40.800659,0.929897369503494,1.0350524853880323,1884.9860008159662,0.99223083,0.95356756,0.0,True,0.9485974076524458,1.0106070077716227
673,1698,178.187,928,4833.0352,2.9494691,3,97.735718,0.752762422626342,0.8767004003716924,1325.423246068005,0.89661235,0.86319453,0.0,True,0.7959174008384393,0.8726486392601847
674,106,151.36406,928,5689.4883,2.0090635,3,40.607216,0.6394870056458941,0.540404925736097,708.706391990304,0.82196635,0.67492777,0.0,True,0.6942308089521259,0.5807617790152679
675,1697,219.96555,928,3915.0859,2.9455528,4,42.322742,0.9291684950375073,0.8989343742872545,1636.0586947258837,0.99191988,0.88752574,0.0,True,0.9479939105262551,0.8955117840010782
676,139,239.04633,928,3602.582,3.068723,4,87.595581,1.0097239598476717,0.6033575744102656,1182.9828898461035,1.0405552,0.69856811,0.0,True,1.0189733318933702,0.6319207350871859
677,2548,242.43819,928,3552.1797,2.1065645,4,20.045031,1.0240429910270548,0.9593079821197187,1901.6484664676502,1.04694,0.92164999,0.0,True,1.0309120937189382,0.9480105844838032
678,3987,245.98997,928,3500.8906,2.0456393,4,37.639576,1.0390369629687093,1.0158566258433583,2039.5756178713355,1.0538638,0.9505164,0.0,True,1.0434850140780965,0.9962545580903508
679,22048,303.05124,928,2841.7109,2.0100269,4,41.948875,1.2798884762285927,1.2574814537031849,3030.8360226233385,1.1384256,1.1685909,0.0,True,1.2374496133600148,1.2308142875922294
680,221,231.99365,928,3712.1016,2.9953024,4,56.126621,0.9799497166786283,0.6572471246210635,1254.4295154379988,1.0156088,0.87153089,0.0,True,0.9906474416750399,0.7215322542347444
681,411,187.05363,928,4603.9414,2.983705,4,48.35323,0.790203889835776,0.7137872357472858,1126.7077373781237,0.91669261,0.77491206,0.0,True,0.8281505058850432,0.7321246830231001
682,0,230.9288,928,3729.2188,1.0236607,2,20.461134,0.9754541359610538,0.0,160.0676466300915,1.0118241,0.0,0.0,True,0.9863651251727377,0.0
683,11639,263.13428,928,3272.793,2.0016153,4,39.246906,1.1114085105946054,1.1566392492751745,2463.539077346288,1.0762516,1.0183131,0.0,True,1.1008614374162238,1.1151414044926222
684,20444,302.70004,928,2845.0078,3.0043554,5,52.245033,1.2784063361665676,1.247803079275034,3004.462124883745,1.1384702,1.1707838,0.0,True,1.2364254953165972,1.224697295492524
685,4796,231.84872,928,3714.4219,1.9932854,4,58.898396,0.9793378977332041,1.0310141077002895,1965.139188480519,1.0136465,0.88884604,0.0,True,0.9896304784132428,0.9883636873902026
686,9563,263.13617,928,3272.7695,3.0271878,5,48.587013,1.1114164861483045,1.132371196571908,2411.8708428900895,1.0762517,0.99965209,0.0,True,1.1008670503038132,1.0925554646003357
687,2419,188.60893,928,4565.9766,2.9887853,4,49.524628,0.7967713343005391,0.9245854582333858,1469.6287034666132,1.0154974,0.81632006,0.0,True,0.8623891540103774,0.89210583876337
688,6790,232.90488,928,3697.5781,3.0221744,5,51.243572,0.9837967228305411,1.0738913220059094,2055.036378232699,1.0154546,0.93393856,0.0,True,0.9932940859813788,1.0319054934041367
689,21348,263.02377,928,3274.168,3.0388861,5,91.983192,1.1109420550581166,1.2315116288951666,2622.033204449564,1.0764807,1.0979174,0.0,True,1.1006036485406816,1.1914333602266167
690,20417,263.02722,928,3274.125,2.0070074,4,67.977005,1.1109566364640056,1.2260053400207043,2610.340291575615,1.076481,1.0927479,0.0,True,1.1006139455248038,1.186028108014493
691,25389,263.12924,928,3272.8555,1.9964652,4,22.883892,1.1113872995726497,1.25298885053825,2668.6962371242967,1.0761296,1.0890764,0.0,True,1.1008099897008548,1.2038151153767749
692,19398,263.12924,928,3272.8555,2.0062482,4,88.88427,1.1113872995726497,1.2197391889579428,2597.8824449318377,1.0761296,1.0618225,0.0,True,1.1008099897008548,1.17236418227056
693,59037,327.75455,928,2627.5273,3.1492033,5,215.76512,1.3841395792451516,1.3950502660665207,3600.6962527475403,1.192554,1.2170918,0.0,True,1.326663905471606,1.3416627262465646
694,912,210.46135,928,4091.8867,4.0209355,5,215.74254,0.8890409230513487,0.8195660389732278,1434.8898261395118,0.96794498,0.70169079,0.0,True,0.9127121401359441,0.7842034642812594
695,3383,210.14137,928,4098.1172,4.0084209,5,216.79999,0.8876899447253948,0.9768961842830942,1707.8418583482712,1.0342963,0.81686884,0.0,True,0.9316718513077763,0.9288879809981659
696,3099,210.17523,928,4097.457,3.0031462,4,217.36726,0.8878329033907758,0.9663780216390263,1689.6995410773184,1.0357519,0.98035425,0.0,True,0.9322086023735431,0.9705708901473185
697,9436,248.14128,928,3470.5391,3.0163727,5,79.160118,1.0481185973213778,1.1225895764082132,2271.112909438327,1.0610088,0.99919569,0.0,True,1.0519856581249645,1.0855714104857492
698,7821,247.97075,928,3472.9258,1.9939151,4,47.460724,1.047398712984214,1.0994748099037706,2223.013980053693,1.060631,0.98737758,0.0,True,1.0513683990889497,1.0658456409326393
699,0,214.97858,928,4005.9062,1.0175586,2,39.590706,0.908113271372379,0.0,149.01179660778064,1.0770868,0.99828517,10.1610167333622,True,0.9588053299606654,0.29948555100000007
700,0,148.16855,928,5812.1914,0.99502432,2,61.314137,0.6259912273675132,0.0,102.70261268015528,,,,False,0.6259912273675132,0.0
701,0,217.3873,928,3961.5195,1.0000941,2,38.326904,0.918283058941842,0.0,150.681394084539,1.0760987,1.0305961,12.411103851201286,True,0.9656277512592895,0.30917883
702,25389,286.27594,928,3008.2305,3.9960384,5,44.369255,1.2090877461495524,1.2661646560013098,2903.453541906711,1.0650359,1.0777755,0.0,True,1.1658721923046866,1.209647909200917
703,60274,286.70966,928,3003.6797,3.0115499,5,23.353802,1.2109183858265535,1.3743580858462259,3155.724145075933,1.0640122,1.1740594,0.0,True,1.1668465300785875,1.314268480092358
704,113735,380.19531,928,2265.1094,1.9989009,4,58.600513,1.605406783914195,1.506675862866097,4426.0984664341095,1.1988313,1.3492925,0.0,True,1.4834341387399363,1.459460854006268
705,0,219.55284,928,3922.4453,1.9914428,2,42.310944,0.9274260519405482,0.0,152.18243202992878,0.95586133,0.0,0.0,True,0.9359566353583837,0.0
706,16225,226.91638,928,3795.1602,3.0029912,5,50.708462,0.9585144210232796,1.176176919415354,2199.825370335314,0.9582231,0.98464906,0.0,True,0.9584270247162958,1.1187185615907478
707,10541,226.72899,928,3798.2969,3.0088837,5,50.505711,0.9577232796299784,1.1237429219937618,2100.239927877256,0.95805806,0.9728505,0.0,True,0.9578237137409849,1.0784751953956333
708,44175,285.32819,928,3018.2227,3.9943573,5,44.162945,1.205087562130978,1.3347535855189563,3051.8587846037613,1.0652781,1.1130675,0.0,True,1.1631447234916845,1.2682477598632693
709,8166,226.72829,928,3798.3086,3.0036368,5,49.985718,0.9577203310898594,1.0927753160521676,2042.3637566128384,0.95805806,0.95367926,0.0,True,0.9578216497629015,1.0510464992365174
710,7211,226.70683,928,3798.668,3.0054522,5,51.178421,0.9576297668293152,1.0776769653350116,2013.9819159713707,0.95796317,0.93832636,0.0,True,0.9577297877805206,1.0358717837345082
711,3232,226.54819,928,3801.3281,3.0236788,4,50.928154,0.9569599873951553,0.980260677747118,1830.8435428732266,0.95757532,0.70483309,0.0,True,0.9571445871766087,0.8976324014229826
712,1711,182.94508,928,4707.3359,2.0024879,3,198.41141,0.7728547905524513,0.8803316336003373,1362.209339791026,0.99139649,0.6973744,0.0,True,0.8384173003867159,0.825444463520236
713,57703,286.18341,928,3009.2031,2.0049345,4,134.83376,1.208697218276522,1.36860141800424,3137.457085709026,1.0632762,1.171827,0.0,True,1.1650709127935654,1.3095690926029682
714,63,183.10356,928,4703.2617,3.9943664,4,158.1254,0.7735239913723906,0.4917885318425289,764.3451699365719,0.86944664,0.30716759,0.0,True,0.8023007859606734,0.4364022492897702
715,18329,286.01373,928,3010.9883,4.015285,6,158.50868,1.207981063396642,1.225348951422362,2807.610562360063,1.0646572,1.072757,0.0,True,1.1649839043776493,1.1795713659956535
716,0,182.83676,928,4710.125,4.0067425,4,158.49539,0.7723973389151688,0.0,126.73278469671538,0.8689031,0.0,0.0,True,0.801349067240618,0.0
717,42300,285.10162,928,3020.6211,3.9966848,6,157.95444,1.2041313450222524,1.3292096702512533,3037.0705650532977,1.0648923,1.1109596,0.0,True,1.1623596315155766,1.2637346491758772
718,3,182.9946,928,4706.0625,4.0007753,4,158.27267,0.7730638262843027,0.16391797860171725,294.5184470107132,0.86928326,0.10238777,0.0,True,0.8019296563990119,0.14545891602120206
719,1673,224.03125,928,3844.0352,3.006062,4,51.085796,0.9463337232679618,0.8992027922352257,1663.1113180279365,0.95633978,0.84422177,0.0,True,0.9493355402875732,0.8827084855646579
720,54500,286.17709,928,3009.2695,2.0078754,4,40.03252,1.208670565897752,1.361468532780621,3121.0452479297646,1.0632759,1.168816,0.0,True,1.1650521661284263,1.3036727729464348
721,874,224.03717,928,3843.9336,2.9925246,5,50.527309,0.9463587230511833,0.820617555426796,1517.933844727352,0.9563399,0.79219717,0.0,True,0.9493530761358283,0.8120914397987572
722,1368,224.36504,928,3838.3164,3.0129762,5,50.504749,0.9477429543658538,0.8749953627184578,1620.491313715677,0.95687884,0.88878167,0.0,True,0.9504837200560976,0.8791312549029204
723,9661,372.30643,928,2313.1055,2.0342448,4,50.072094,1.5721239531570548,1.1843546052879506,3416.3059308293286,1.1955776,1.3462354,0.0,True,1.4591600472099384,1.2329188437015655
724,23213,283.79034,928,3034.5781,3.9844787,5,45.129936,1.1985968056068244,1.2536153810723216,2852.817689278173,1.0640709,1.1246428,0.0,True,1.158239033924777,1.214923606750625
725,4411,226.70544,928,3798.6914,3.004642,5,50.499336,0.9576238709187597,1.0180611903154038,1902.582333267857,0.95796317,0.91555876,0.0,True,0.9577256606431318,0.9873104612207826
726,6517,270.24625,928,3186.6641,3.0157549,4,47.626221,1.1414287289262108,1.0885821913780735,2373.4312773908478,1.0600075,0.92323858,0.0,True,1.1170023602483474,1.0389791079646515
727,0,372.29761,928,2313.1602,1.0045204,2,145.56204,1.5720868087813709,0.0,258.05703870070613,1.1955776,1.3460435,11.26613112669588,True,1.4591340461469595,0.40381305000000006
728,3785,269.75882,928,3192.4219,2.0159776,4,44.600479,1.1393713556232632,1.0210163531128476,2222.6317840620636,1.0591525,0.874259,0.0,True,1.1153056989362842,0.9769891471789933
729,0,209.24783,928,4115.6172,2.0099521,2,145.3661,0.8839172351027774,0.0,145.03954340278673,1.0716306,0.0,12.856709900483589,True,0.9402312445719442,0.0
730,21584,283.7973,928,3034.5039,3.0115309,5,158.53838,1.198626094514695,1.2445458979437258,2832.24036134171,1.0640709,1.1180305,0.0,True,1.1582595361602865,1.206591278560608
731,1669,209.6763,928,4107.207,2.9900761,4,45.218594,0.8857263239928385,0.8917648100582245,1556.0450458390262,1.0706758,0.67992568,0.0,True,0.941211166794987,0.8282130710407571
732,15838,286.0141,928,3010.9844,3.9963861,6,48.408928,1.2079826270045209,1.2071162849244745,2765.840339436049,1.0646572,1.06226,0.0,True,1.1649849989031646,1.1636593994471323
733,884,224.20554,928,3841.0469,3.01333,5,50.616722,0.9470695792538052,0.8220688960035043,1521.6195387375656,0.95671409,0.86784458,0.0,True,0.9499629324776636,0.835801601202453
734,1894,226.26591,928,3806.0703,4.0195513,5,101.87125,0.9557682825959489,0.9153239036213188,1707.7423364886597,1.0698833,0.75315511,0.0,True,0.9900027878171642,0.8666732655349231
735,1962,224.55907,928,3835.0,3.0251713,5,50.556873,0.9485621085836956,0.9187566566257703,1702.7727031238255,0.9573397,0.9000386,0.0,True,0.951195386008587,0.9131412396380392
736,38205,285.09943,928,3020.6445,4.0120792,6,48.37838,1.2041220231607257,1.3165036969769548,3008.0196602671235,1.0648923,1.105152,0.0,True,1.1623531062125079,1.2530981878838683
737,732,224.38628,928,3837.9531,3.0018232,4,50.716072,0.9478326208295721,0.7993172631064478,1480.6148944772247,0.95717502,0.89423621,0.0,True,0.9506353405807004,0.8277929471745135
738,2525,226.2982,928,3805.5273,4.0149121,6,101.1501,0.9559045868523752,0.9501994345994196,1772.998446083355,1.0706471,0.85269052,0.0,True,0.9903273407966626,0.9209467602195937
739,5403,224.26987,928,3839.9453,2.9903488,4,50.331486,0.9473411322737052,1.0413012570099034,1927.617413703176,0.95661265,0.94281465,0.0,True,0.9501225875915936,1.0117552749069323
740,12699,285.71683,928,3014.1172,4.0264854,6,48.13187,1.2067279118449508,1.1793921551317113,2699.862901923424,1.0642717,1.0569022,0.0,True,1.1639910482914655,1.142645168592198
741,3013,224.26393,928,3840.0469,3.0220957,5,51.170074,0.9473160805599848,0.9705601159288078,1796.657981406089,0.95661247,0.90562892,0.0,True,0.9501049973919895,0.9510807571501654
742,0,209.49101,928,4110.8398,1.0131325,2,97.31131,0.8849439773062983,0.0,145.2081029341553,1.0710796,0.80715775,14.072433979621165,True,0.9407846641144089,0.24214732500000002
743,1728,226.69052,928,3798.9414,3.0066166,4,52.157722,0.9575608849522489,0.904410640369654,1690.176563343399,0.95785445,0.63732481,0.0,True,0.9576489544665743,0.8242848912587577
744,284,185.00023,928,4655.043,3.0242851,4,207.8831,0.7815330050926393,0.6692226493066927,1046.3597858797891,0.98907816,0.5753693,0.0,True,0.8437965515648476,0.6410666445146849
745,789,269.30014,928,3197.8594,3.0033245,4,162.15282,1.1374352293840286,0.8266495601359022,1797.1200769815448,1.0582602,0.5235461,0.0,True,1.11368272056882,0.7357185220951316
746,3,181.00552,928,4757.7773,4.0089602,4,162.60728,0.7646645171057983,0.1637065597326608,291.31714624784877,0.96260983,0.0,0.0,True,0.824048110974059,0.11459459181286255
747,20003,225.99663,928,3810.6055,4.0152178,6,51.56192,0.9546313697117732,1.2009811779159354,2238.211304216395,1.0712597,0.95380062,0.0,True,0.9896198687982413,1.1268270105411546
748,5009,225.34981,928,3821.543,3.0277097,5,45.357605,0.9519005829503264,1.0327300974501485,1919.8430924529266,1.0720661,0.94855922,0.0,True,0.9879502380652285,1.007478834215104
749,2396,225.1404,928,3825.0977,2.0155597,4,46.777458,0.9510164348915472,0.9432553884723521,1752.1304731102948,1.0723386,0.95782989,0.0,True,0.987413084424083,0.9476277389306464
750,12525,185.3999,928,4645.0078,2.9789782,5,56.938129,0.7832207233729283,1.1174022990415315,1749.3670079345538,0.9899658,0.85357779,0.0,True,0.8452442463610499,1.038254946329072
751,0,186.27951,928,4623.0742,3.9997516,4,275.00647,0.7869350097422524,0.0,129.11911715258813,0.91571426,0.0,0.0,True,0.8255687848195766,0.0
752,4,186.64349,928,4614.0586,4.0098562,4,217.87108,0.7884719684095084,0.19074790054423557,334.4202405772718,0.91598076,0.1328477,0.0,True,0.826724605886656,0.1733778403809649
753,27280,286.29489,928,3008.0312,2.9981287,5,217.40773,1.2091678021927614,1.2751432524901076,2924.2109742699113,1.0718554,1.1013104,0.0,True,1.167974081534933,1.2229933967430753
754,365,231.88824,928,3713.7891,3.0073512,4,56.805607,0.9795046792713935,0.718028155447405,1369.383965508522,1.0155643,0.87637967,0.0,True,0.9903225654899755,0.7655336098131835
755,669,231.88751,928,3713.8008,3.012753,4,51.986557,0.9795015950897152,0.791580055835393,1509.3022683372121,1.0155643,0.81049377,0.0,True,0.9903204065628007,0.7972541700847751
756,9811,302.3418,928,2848.3789,2.0242,4,57.294857,1.2768943843345317,1.1553383719330852,2778.9635636558405,1.1385152,1.1758323,0.0,True,1.2353806290341722,1.1614865503531597
757,89,228.6274,928,3766.7578,2.9956534,4,51.693771,0.9657380505151167,0.5464405001383101,1031.3060807402303,1.0143869,0.67704391,0.0,True,0.9803327053605817,0.585621523096817
758,814,188.46979,928,4569.3477,3.0101151,5,51.614388,0.7961837623149164,0.795367993151746,1263.5795655530706,1.0158856,0.89710468,0.0,True,0.8620943136204414,0.8258889992062222
759,1464,228.82814,928,3763.4531,3.0128469,4,57.558437,0.966585617713746,0.8853180444741368,1668.2241603454934,1.0147834,0.87615705,0.0,True,0.9810449523996221,0.8825697461318958
760,0,230.9588,928,3728.7344,1.052972,2,25.959278,0.9755807893040148,0.0,160.0884410455083,1.013327,0.0,0.0,True,0.9869046525128103,0.0
761,20095,283.80606,928,3034.4102,2.9922087,5,48.063442,1.1986630826874578,1.235636859377727,2812.0429147747805,1.0640711,1.1119663,0.0,True,1.1582854878812205,1.198535691564409
762,20194,226.32167,928,3805.1328,4.0114512,6,100.8201,0.9560036389157847,1.2023429293649341,2243.580996599823,1.0706477,0.93460906,0.0,True,0.9903968572410493,1.1220227685554538
763,1961,223.96434,928,3845.1836,3.0252607,5,49.949303,0.9460512387907976,0.9184000252827155,1698.1489572248595,0.95628244,0.87571776,0.0,True,0.9491205991535583,0.9055953456979009
764,18363,284.78381,928,3023.9922,4.017683,6,48.167667,1.202789885127807,1.2249219879906763,2796.0649610209693,1.064507,1.0981002,0.0,True,1.161305019589465,1.1868754515934734
765,708,223.64444,928,3850.6836,3.0239856,5,51.228127,0.9447006784142981,0.794965077327783,1468.2850076751752,0.95595777,0.84297764,0.0,True,0.9480778058900086,0.8093688461294481
766,2694,223.84064,928,3847.3086,3.0193005,5,50.460041,0.9455289738618619,0.9567879061259772,1768.2346135153493,0.95630115,0.91046673,0.0,True,0.9487606267033033,0.9428915532881841
767,17060,283.78122,928,3034.6758,3.0292966,5,48.237022,1.1985582427454522,1.2152057853602147,2765.3370439136884,1.0640705,1.1079152,0.0,True,1.1582119199218166,1.1830186097521502
768,735,223.49866,928,3853.1953,3.0133374,4,50.10199,0.9440851960562517,0.7994285243835293,1475.6695464365412,0.95598847,0.88188708,0.0,True,0.9476561782393762,0.8241660910684705
769,2,181.60387,928,4742.1016,3.9979281,4,158.4184,0.767191160205262,0.1297849266789464,251.75642093854967,0.86903459,0.081138678,0.0,True,0.7977441891436834,0.11519105207526248
770,10982,285.7283,928,3013.9961,4.0078449,6,158.54259,1.2067763650740928,1.1612686248588233,2658.471805202851,1.0642719,1.0547658,0.0,True,1.164025025551865,1.1293177774011762
771,52932,286.20978,928,3008.9258,1.9853368,4,45.40897,1.2088085367748485,1.357843623840984,3113.046859524558,1.0632981,1.165258,0.0,True,1.1651554057423938,1.3000679366886887
772,167,182.92535,928,4707.8438,2.061599,4,272.48041,0.7727714474598161,0.6058397720422793,938.3885178918534,0.99139583,0.81224179,0.0,True,0.8383587622218713,0.6677603774295955
773,45225,286.19159,928,3009.1172,2.0006077,4,158.4482,1.208731699528547,1.3381890330141628,3067.816305663409,1.0632979,1.1584487,0.0,True,1.165101559669983,1.284266933109914
774,1416,187.08618,928,4603.1406,2.0069249,4,275.14246,0.7903413004666221,0.8602456411798369,1357.6849147195148,0.98229837,0.80414605,0.0,True,0.8479284213266354,0.8434157638258858
775,7835,224.33878,928,3838.7656,3.0111387,4,50.13459,0.9476321102843765,1.0863609704187365,2011.5586593055475,0.95712042,0.97336847,0.0,True,0.9504786031990636,1.0524632202931155
776,35123,286.15887,928,3009.4609,2.9907899,5,53.479412,1.2085937461899772,1.3066130048269349,2995.1300039076714,1.0632973,1.148456,0.0,True,1.1650048123329841,1.2591659033788545
777,3203,227.20871,928,3790.2773,4.0277176,5,50.663116,0.9597485950290713,0.9795133317287528,1834.134897508191,1.0670867,0.89201677,0.0,True,0.9919500265203498,0.953264363210127
778,469,225.82787,928,3813.4531,4.0714922,6,100.77017,0.9539188964570524,0.7460501304829692,1389.9384935239873,1.0684414,0.95982862,0.0,True,0.9882756475199367,0.8101836773380785
779,29331,285.86539,928,3012.5508,3.0206432,5,41.914108,1.207354943441537,1.2839525485508052,2940.5453126352572,1.0629166,1.1488816,0.0,True,1.164023440409076,1.2434312639855636
780,10089,224.03671,928,3843.9414,2.9908421,4,50.73428,0.9463568037296771,1.1168095106463278,2065.483868633291,0.95658851,0.99403155,0.0,True,0.949426315610774,1.0799761224524296
781,15464,283.21033,928,3040.793,1.9859166,4,58.594101,1.1961486734837499,1.2026559532306083,2731.9599418570906,1.0633022,1.1017735,0.0,True,1.156294731438625,1.1723912172614257
782,0,181.1236,928,4754.6758,4.0105786,4,158.97701,0.7651631020629238,0.0,125.54531267286731,0.86798388,0.0,0.0,True,0.7960093354440467,0.0
783,13501,284.79007,928,3023.9258,3.9970312,6,158.57224,1.2028162787850383,1.1865544376371118,2708.5435668015866,1.0645071,1.0890199,0.0,True,1.1613235251495269,1.1572940763459783
784,0,180.88791,928,4760.8711,4.0124655,4,158.97595,0.7641678168942342,0.0,125.38194481388113,0.86745715,0.0,0.0,True,0.795154616825964,0.0
785,6369,219.51328,928,3923.1523,4.0036621,5,52.51141,0.9272590035896543,1.0584791907193323,1922.8291493202387,1.0724308,0.92730033,0.0,True,0.970810542512758,1.0191255325035327
786,7026,224.34175,928,3838.7148,2.9835658,5,50.080853,0.947644644334341,1.0731602720023874,1987.142373078066,0.95712042,0.971641,0.0,True,0.9504873770340387,1.0427044904016711
787,7688,185.1357,928,4651.6367,2.9936335,5,48.856079,0.782105060035228,1.0594304414000837,1656.534271204124,0.98968267,0.96846479,0.0,True,0.8443783430246595,1.0321407459800584
788,5849,224.20053,928,3841.1328,3.0203292,5,50.227295,0.9470484107745744,1.0508696624376896,1944.7978729246913,0.95688379,0.95841461,0.0,True,0.9499990245422021,1.0231331467063827
789,6538,282.6142,928,3047.207,2.0162005,4,99.805214,1.1936325774654328,1.0950490020196944,2482.961441634633,1.062378,1.0903732,0.0,True,1.154256204225803,1.093646261413786
790,9007,285.14072,928,3020.207,3.9889958,6,47.677017,1.2042963339822985,1.1362346985403358,2596.4855100607283,1.0635347,1.0533264,0.0,True,1.1620678437876089,1.111362208978235
791,0,224.92999,928,3828.6758,0.99865586,2,70.245995,0.95012812377274,0.0,155.9095883918767,,,,False,0.95012812377274,0.0
792,9334,185.39882,928,4645.0352,3.0256696,5,49.454727,0.7832161053214401,1.0825804925181763,1694.8480033262238,0.98996568,0.88331044,0.0,True,0.8452409777250081,1.0227994767627235
793,0,154.97054,928,5557.082,1.9997655,2,144.16823,0.6547183169155698,0.0,107.41739287085223,0.89499772,0.24394642,14.167322658630656,True,0.7268021378408989,0.07318392600000001
794,4950,219.54541,928,3922.5781,2.992116,5,48.212349,0.9273946696679676,1.0280445206074438,1867.792853453833,1.0724308,1.0147274,0.0,True,0.9709055087675773,1.0240493844252105
795,0,219.54387,928,3922.6055,1.0024054,2,77.048683,0.9273881949754287,0.0,152.17621449971915,1.0724307,1.0247407,3.1475307072775394,True,0.9709009464828,0.30742221000000003
796,1654,178.11372,928,4835.0234,4.0349503,5,49.449051,0.7524530087317006,0.8735652788951571,1320.2074504935365,0.98708129,0.73763967,0.0,True,0.8228414931121903,0.83278759622661
797,4969,154.96411,928,5557.3125,4.0348005,5,48.037926,0.6546911710100197,0.9869849077177655,1318.9578541490487,0.89715773,0.65034592,0.0,True,0.7274311387070138,0.8859932114024358
798,6801,246.08415,928,3499.5508,2.0590653,4,37.74033,1.03943453016179,1.0813264445080484,2171.7219004662393,1.0538659,0.98622519,0.0,True,1.0437639411132529,1.0527960681556339
799,8729,249.2373,928,3455.2773,3.0846887,5,46.146687,1.052745410567917,1.1136395480050802,2261.7375731934335,1.0599409,1.0051991,0.0,True,1.054904057397542,1.0811074136035561
800,27,199.04919,928,4326.4883,2.9700916,3,126.68774,0.8408554114921923,0.39796047678761615,670.2575074491854,0.95753908,0.24787748,0.0,True,0.8758605120445346,0.3529355777513313
801,0,164.42017,928,5237.7031,3.0880756,3,39.89502,0.694625771951781,0.0,113.96737726268691,0.86843491,0.0,0.0,True,0.7467685133662467,0.0
802,1678,198.9014,928,4329.7031,3.0433054,4,131.2272,0.8402313654958578,0.8867925420207421,1477.1510076685252,0.95602173,0.85306299,0.0,True,0.8749684748471005,0.8766736764145194
803,0,200.63969,928,4292.1914,1.0061575,2,226.67802,0.8475711656997031,0.0,139.07283543192145,0.95729315,0.0,0.0,True,0.8804877609897923,0.0
804,446,200.18915,928,4301.8516,4.2231116,5,177.75143,0.845668751830486,0.72931701148038,1222.1133681229085,0.96356368,0.6384933,0.0,True,0.8810372302813402,0.702069898036266
805,40232,324.24048,928,2656.0039,3.0606995,5,176.14331,1.369310560693925,1.3445139445778904,3437.749212435159,1.1901234,1.2111981,0.0,True,1.3155544124857477,1.3045191912045233
806,0,195.41258,928,4407.0039,1.0069265,2,67.459267,0.8255000206816874,0.0,135.44967887294476,1.0810354,0.0,0.0,True,0.9021606344771811,0.0
807,192,196.52271,928,4382.1094,3.1728704,5,37.224277,0.8301874972909298,0.6275589205590663,1035.2537613147363,0.95031911,0.66080761,0.0,True,0.8662269811036509,0.6375335273913464
808,2925,237.57799,928,3624.8477,4.1298943,6,39.579483,1.003525130276532,0.9737685587203663,1896.284150968352,1.0442759,0.90168053,0.0,True,1.0157503611935725,0.9521421501042564
809,6479,232.83969,928,3698.6133,4.0027556,5,107.85777,0.9835215180780007,1.068149470096103,2043.547831362579,1.0156519,0.90042382,0.0,True,0.9931606326546005,1.017831775067272
810,148,232.66818,928,3701.3398,3.0092914,4,52.002632,0.9827974226495878,0.6089555526850333,1165.8153945211407,1.0146468,0.40089411,0.0,True,0.9923522358547114,0.5465371198795234
811,16921,302.69714,928,2845.0352,4.0084691,6,51.598255,1.2783940327241616,1.224025525533204,2947.1891886262097,1.1384702,1.1736313,0.0,True,1.236416882906913,1.2089072578732427
812,3209,232.8884,928,3697.8398,3.014977,5,58.20396,0.9837271361413107,0.9826821599545876,1880.4195866361965,1.0150775,0.89618129,0.0,True,0.9931322452989175,0.9567318989682114
813,1848,233.03931,928,3695.4453,3.0178699,5,57.028202,0.9843642069933097,0.9156164045522861,1753.1409607183516,1.0157058,0.84030813,0.0,True,0.9937666848953168,0.8930239221866003
814,4451,233.18916,928,3693.0703,3.0064707,5,50.729992,0.9849969053729885,1.0226515742785405,1959.0998563479914,1.0156575,0.89342225,0.0,True,0.994195083761092,0.9838827769949783
815,2691,206.78665,928,4164.6016,3.0205622,5,309.04526,0.8735255155270041,0.9475643348282143,1633.2859702053497,0.97126895,0.87496459,0.0,True,0.9028485458689028,0.92578441137975
816,1581,188.6104,928,4565.9414,2.0094318,4,275.22018,0.7967774741233853,0.8741441753776913,1389.5073510949817,1.0154976,0.86215401,0.0,True,0.8623935118863697,0.870547125764384
817,0,290.26062,928,2966.9336,2.0985203,3,895.17468,1.225905763145272,0.0,201.19333038058167,,,,False,1.225905763145272,0.0
818,11936,302.71002,928,2844.9141,3.0065618,5,217.49677,1.2784484121370716,1.180160215466767,2841.6848242324704,1.1384705,1.1737772,0.0,True,1.23645503849595,1.1782453108267368
819,4373,247.96796,928,3472.9648,3.015538,5,43.230751,1.0473869578867792,1.0281844915576297,2078.879513576312,1.0606309,0.96001333,0.0,True,1.0513601405207456,1.007733143090341
820,2622,247.72499,928,3476.3711,3.0235949,5,46.466682,1.0463612725610676,0.9653529760795924,1950.2038733250477,1.0602529,0.94104773,0.0,True,1.0505287607927474,0.9580614022557147
821,310,247.47945,928,3479.8203,3.0005882,4,43.933949,1.045324714384496,0.7037856868988168,1421.2752702673374,1.0598755,0.88825458,0.0,True,1.0496899500691472,0.7591263548291718
822,4846,206.48491,928,4170.6875,4.007453,5,433.13904,0.8722514711767032,1.0179402661359522,1752.2973368883459,1.03478,0.98542231,0.0,True,0.9210100298236923,1.0081848792951666
823,298,197.81506,928,4353.4805,3.9890027,4,215.82779,0.8356443819770609,0.6802909651564351,1128.2940724510647,0.95906538,0.43770298,0.0,True,0.8726706813839427,0.6075145696095046
824,1915,210.17223,928,4097.5156,4.0157213,6,216.24643,0.887820212377199,0.9085364688715186,1588.59031937824,1.0342973,0.86264169,0.0,True,0.9317633386640394,0.8947680352100631
825,5,197.05336,928,4370.3086,3.9953547,4,216.10103,0.83242816178063,0.2137302478969344,383.4481331294503,0.95747203,0.11972294,0.0,True,0.8699413222464409,0.1855280555278541
826,1810,210.19728,928,4097.0273,3.0112872,5,216.24327,0.8879259746905419,0.9017743578938167,1576.9391935366912,1.0357527,1.0016428,0.0,True,0.9322739922833794,0.9317348905256717
827,0,168.97725,928,5096.4492,1.9915333,2,32.355865,0.7138705649230829,0.0,117.12610441627301,0.87982303,0.0,0.0,True,0.763656304446158,0.0
828,3711,229.02022,928,3760.2969,3.0129454,5,43.070065,0.9673964887342198,0.9983329881097321,1882.4535592266348,1.0442487,0.95775074,0.0,True,0.990452152113954,0.9861583136768126
829,766,234.73375,928,3668.7695,3.1089334,4,39.941315,0.9915176669729985,0.8092275415459242,1559.5216782732523,1.038381,0.80067319,0.0,True,1.0055766668810988,0.8066612360821469
830,0,188.85307,928,4560.0742,1.9440243,2,56.368191,0.7978021950269112,0.0,130.90297301059,0.93769753,0.0,0.0,True,0.8397707955188378,0.0
831,0,164.61942,928,5231.3633,1.89469,2,29.9608,0.6954672553758383,0.0,114.10548683841346,0.86813956,0.0,0.0,True,0.7472689467630869,0.0
832,764,196.47034,928,4383.2773,3.0595992,4,60.363289,0.8299663993051569,0.7917587478305078,1304.7953188908716,0.94920993,0.79528856,0.0,True,0.8657394585136098,0.7928176914813554
833,4287,244.75423,928,3518.5664,4.1767211,5,50.52034,1.0338202428551382,1.0241119998800021,2047.0776033970878,1.0581385,0.93929231,0.0,True,1.0411157199985968,0.9986660929160015
834,3362,246.74268,928,3490.2109,2.97751,4,96.298409,1.042214492439629,0.9953438067805468,2003.7691808189834,1.071229,0.90238452,0.0,True,1.0509188447077404,0.9674560207463828
835,6708,246.74158,928,3490.2266,2.0084872,4,47.943817,1.0422098069568682,1.0799923495316555,2174.127464641427,1.0712289,0.93962204,0.0,True,1.0509155348698078,1.037881256672159
836,33751,313.2851,928,2748.8828,2.4622912,4,42.538132,1.3230781081024754,1.3165077637866447,3266.568781615975,1.1834427,1.2080795,0.0,True,1.2811874856717327,1.2839792846506513
837,475,203.57776,928,4230.2461,4.0092211,6,101.10225,0.8599766470658783,0.7383093460748593,1255.569191978109,0.97049618,0.73048913,0.0,True,0.8931325069461149,0.7359632812524015
838,0,194.68764,928,4423.4141,1.9999851,2,41.673794,0.8224389239948505,0.0,134.9471887558696,0.96045816,0.0,0.0,True,0.8638446947963954,0.0
839,11697,247.24742,928,3483.0859,3.1174536,5,162.09187,1.0443452227779062,1.1484255653307192,2316.03053295521,1.0717993,0.97054744,0.0,True,1.0525814459445342,1.0950621277315036
840,6240,229.86768,928,3746.4336,2.9644001,4,111.19646,0.9709743319544569,1.0619167995074195,2008.8265103713577,1.0464286,0.98372507,0.0,True,0.9936106123681199,1.0384592806551936
841,25964,311.48492,928,2764.7695,2.5448313,5,59.092361,1.315481036868319,1.282458370406066,3166.101946956146,1.1818804,1.2088087,0.0,True,1.2754008458078232,1.260363469284246
842,14580,247.82497,928,3474.9688,4.2025056,6,41.229313,1.0467832816433786,1.1757707943770441,2376.032598569752,1.0727664,0.99780935,0.0,True,1.054578217150365,1.122382361063931
843,1683,195.4124,928,4407.0078,2.2495716,3,86.026848,0.825499290483369,0.8852780278616155,1451.8204987389252,0.96707243,0.76961118,0.0,True,0.8679712323383584,0.8505779735031308
844,0,185.37059,928,4645.7422,0.25991806,1,17.835953,0.7830969649382963,0.0,128.48910181723357,0.95799363,0.72200423,9.343047876227432,True,0.8355659644568074,0.21660126900000004
845,4356,229.52809,928,3751.9766,2.025337,4,47.953323,0.9695406227720332,1.0180664114260605,1923.3922620058981,1.0455004,0.97376555,0.0,True,0.9923285559404234,1.0047761529982422
846,0,209.6163,928,4108.3828,2.1085835,3,104.73701,0.8854729565907195,0.0,145.29494734440766,0.98401761,0.0,0.0,True,0.9150363526135036,0.0
847,6704,240.31242,928,3583.6016,2.989486,4,40.632126,1.0150689386784186,1.0764387805492577,2117.3345594778434,1.070662,0.99235946,0.0,True,1.031746857074893,1.0512149843844805
848,5034,204.78439,928,4205.3203,1.6805632,3,84.655418,0.8650714828237916,1.0214923702406518,1745.6573771545973,1.0897884,0.99375558,0.0,True,0.9324865579766541,1.0131713331684562
849,0,309.70227,928,2780.6836,2.3127601,3,151.29117,1.3079578327322734,0.0,214.6692552635149,1.1811988,1.1988809,12.377244699479053,True,1.2699301229125914,0.35966427000000006
850,0,184.83302,928,4659.2539,1.9905319,2,204.53891,0.780826981048091,0.0,128.11648668738,1.0213518,0.63066304,4.546281835099396,True,0.8529844267336637,0.18919891200000002
851,0,148.05611,928,5816.6055,0.74730408,1,47.270821,0.6255163390327184,0.0,102.62467521117311,1.0219522,0.79292834,6.254378253444145,True,0.7444470973229029,0.23787850200000005
852,1682,168.01221,928,5125.7227,2.754571,3,29.812832,0.7097951709899679,0.8695622911415578,1248.1504759278303,0.97987634,0.29298493,0.0,True,0.7908195216929775,0.6965890827990905
853,0,204.60727,928,4208.9609,1.0179634,2,47.775295,0.8643235824478066,0.0,141.8229523225675,1.0900615,0.99758834,4.46191646761311,True,0.9320449577134646,0.29927650200000006
854,2823,228.25055,928,3772.9766,3.0169458,5,43.346771,0.9641471183253534,0.9647292231847119,1813.7390470922626,1.0425987,0.94479942,0.0,True,0.9876825928277474,0.9587502822292984
855,2102,227.86626,928,3779.3398,3.0206261,5,47.35442,0.9625246614006072,0.9287483701238948,1743.5404664474854,1.0417769,0.92152572,0.0,True,0.986300332980425,0.9265815750867263
856,470,206.46266,928,4171.1367,1.970969,3,123.27914,0.8721575812830766,0.738287995330695,1271.1862589280954,0.97095048,0.81732386,0.0,True,0.9017954508981536,0.7619987547314866
857,487,227.31366,928,3788.5273,2.9907064,4,85.362778,0.9601916890654342,0.7512040808073062,1407.6085815292447,1.0404818,0.85524201,0.0,True,0.9842787223458039,0.7824154595651143
858,1440,227.50554,928,3785.332,4.0147977,6,88.056328,0.9610017845374106,0.8826910303397272,1654.8266840859144,1.040892,0.88706249,0.0,True,0.9849688491761874,0.884002468237809
859,0,210.02367,928,4100.4141,1.9885707,3,195.28207,0.8871929361386605,0.0,145.57731471135236,1.0344105,0.89049828,8.186181741136053,True,0.9313582052970623,0.26714948400000005
860,3384,206.31081,928,4174.207,3.0049713,5,106.20635,0.8715163809254761,0.9747776306246474,1676.771418526905,1.0349373,0.98819876,0.0,True,0.9205426566478332,0.9788039694372531
861,0,210.04367,928,4100.0234,1.9942223,3,176.73941,0.8872774374314003,0.0,145.59117765496356,,,,False,0.8872774374314003,0.0
862,0,168.97234,928,5096.5977,2.0080218,2,82.381851,0.7138497729749573,0.0,117.12270106361646,0.93147659,0.0,0.0,True,0.7791378180824702,0.0
863,0,205.95348,928,4181.4492,1.0198412,2,42.95042,0.8700076507766941,0.0,142.7560739885091,,,,False,0.8700076507766941,0.0
864,5310,232.22043,928,3708.4766,3.0110412,5,57.678284,0.9809070917293051,1.0435992540679395,1991.9226839814962,1.015902,0.82556427,0.0,True,0.9914055642105135,0.9781887588475577
865,6659,232.43686,928,3705.0234,3.0123878,5,56.668835,0.9818208351842721,1.0712585068891893,2046.3799036787257,1.0163338,0.86907774,0.0,True,0.9921747246289905,1.0106042768224324
866,11996,285.62021,928,3015.1367,2.0180864,4,44.7244,1.20632015468031,1.1722352649639802,2682.68646521861,1.0710672,1.075676,0.0,True,1.165744268276217,1.1432674854747862
867,9027,232.58447,928,3702.6719,2.9925566,4,51.012344,0.9824440352290416,1.1083606057617494,2118.425148248489,1.0162854,0.84646022,0.0,True,0.992596444660329,1.0297904900332244
868,0,185.87917,928,4633.0312,2.027935,2,195.40886,0.7852445115440948,0.0,128.84162261032276,,,,False,0.7852445115440948,0.0
869,0,186.93929,928,4606.7578,1.0089593,2,246.0343,0.7897209982775922,0.0,129.57644179937796,0.98267365,0.85117108,7.508612716454832,True,0.8476067937943146,0.25535132400000005
870,0,188.00371,928,4580.6758,1.0089799,2,147.94165,0.7942156437589672,0.0,130.3142415213096,,,,False,0.7942156437589672,0.0
871,0,301.26019,928,2858.6055,1.9998173,3,149.74492,1.2723295157740695,0.0,208.81765131345344,,,,False,1.2723295157740695,0.0
872,0,185.82825,928,4634.3008,1.9959384,2,149.70334,0.7850294809680252,0.0,128.80632755588866,,,,False,0.7850294809680252,0.0
873,0,186.14865,928,4626.3242,2.0042388,2,150.28345,0.7863824255517018,0.0,129.02841191254007,1.0159395,0.42260149,10.313944816005113,True,0.8552495478861912,0.12678044700000002
874,24511,286.2934,928,3008.0469,2.0117779,4,57.582413,1.2091614953360494,1.261780734583084,2893.5556179949926,1.0718554,1.0948328,0.0,True,1.1679696667352346,1.211696354208159
875,3316,232.53737,928,3703.4219,3.0277519,5,46.686485,0.9822451825622448,0.9864920169167836,1885.2077749293478,1.0163451,0.86722672,0.0,True,0.9924751577935713,0.9507124278417485
876,5337,301.60968,928,2855.293,3.0217664,5,52.228893,1.2738045452936189,1.0784905802093423,2588.653645830174,1.1386137,1.1760666,0.0,True,1.2332472917055333,1.1077633861465395
877,5546,232.75194,928,3700.0078,4.0113568,6,109.23183,0.9831510378329403,1.0491805667516032,2006.5993449929274,1.0167428,0.91862392,0.0,True,0.9932285664830582,1.0100135727261224
878,468,188.30109,928,4573.4414,3.0024166,5,44.648159,0.7954714075532997,0.7297233927766539,1158.5662728914199,1.0166814,0.91658539,0.0,True,0.8618344052873098,0.7857819919436577
879,955,219.23975,928,3928.0469,4.006813,4,51.50174,0.9261041670102309,0.829169862881617,1504.8185395912978,0.96143061,0.39082631,0.0,True,0.9367020999071616,0.6976667970171319
880,21170,286.2934,928,3008.0469,2.0088255,4,51.774506,1.2091614953360494,1.243487390719856,2851.606753811669,1.0718554,1.0881726,0.0,True,1.1679696667352346,1.1968929535038992
881,6242,232.64755,928,3701.668,4.0178409,5,108.44685,0.9827103321992252,1.0635079749858214,2033.1944804505679,1.0164747,0.89578593,0.0,True,0.9928396425394577,1.013191361490075
882,2287,232.00513,928,3711.918,2.9924932,4,51.384315,0.9799981611429331,0.9410374775238669,1794.761599243737,1.0155383,0.63975328,0.0,True,0.9906602028000533,0.8506522182667069
883,2766,301.25607,928,2858.6445,4.0107002,6,44.713715,1.272312169735051,0.9957743287372129,2387.719555510713,1.1386676,1.1785226,0.0,True,1.2322187988145357,1.050598810116049
884,3425,224.20076,928,3841.1289,2.9959855,5,51.529331,0.9470493718375254,0.9860492602275922,1824.8687509790836,0.95688379,0.93848538,0.0,True,0.9499996972862678,0.9717800961593146
885,2196,224.2231,928,3840.7461,3.0156231,5,50.323078,0.9471437133553112,0.9322339584186679,1725.4647243612492,0.95672637,0.93396902,0.0,True,0.9500185103487179,0.9327544768930676
886,11437,284.49789,928,3027.0312,4.0213256,6,48.062458,1.2015831367585914,1.1657078149250601,2658.571287411634,1.0641308,1.0850785,0.0,True,1.160347435731014,1.141519020447542
887,868,224.22379,928,3840.7344,2.9970114,4,49.977535,0.9471465971303248,0.8198666610154329,1517.657200505128,0.95672637,0.90790647,0.0,True,0.9500205289912274,0.8462786037108031
888,591,225.70279,928,3815.5664,4.0427141,6,101.47041,0.9533908331327622,0.77398069133199,1441.15619054616,1.0713797,0.99113029,0.0,True,0.9887874931929336,0.839125570932393
889,6058,283.82324,928,3034.2266,4.0674,6,48.219357,1.198735565598312,1.0861236817796784,2471.9485974066192,1.0619329,1.0405228,0.0,True,1.1576947659188184,1.0724434172457749
890,399,185.13118,928,4651.75,3.0184646,5,99.734589,0.782086018938628,0.7094148077015933,1109.6691519117494,0.98968232,0.9683814,0.0,True,0.8443649092570396,0.7871047853911153
891,4308,282.6142,928,3047.207,3.0096951,5,49.100792,1.1936325774654328,1.0430634326370805,2365.111528986636,1.062378,1.0787247,0.0,True,1.154256204225803,1.0537618128459563
892,4824,225.95239,928,3811.3516,3.9865117,6,99.60585,0.9544445916384002,1.0285017043632898,1916.476936413554,1.0718566,1.0377207,0.0,True,0.9896681941468801,1.0312674030543028
893,7092,223.76067,928,3848.6836,3.0155683,5,51.701294,0.9451913448914993,1.073955715348864,1984.0868980953446,0.95617163,0.97704291,0.0,True,0.9484854304240495,1.0448818737442047
894,3324,154.66536,928,5568.0469,2.9829702,5,39.852806,0.6534294730329182,0.9401631217906314,1254.2627055949154,0.89774591,0.88403201,0.0,True,0.7267244041230427,0.923323788253442
895,0,154.66493,928,5568.0625,1.0074958,2,14.075463,0.6534276429816793,0.0,107.2055601610013,0.89774579,0.89981359,14.750016981315682,True,0.7267230870871755,0.26994407700000006
896,0,177.45651,928,4852.9297,2.0095541,3,98.639801,0.7496777575658079,0.0,123.00347957850774,0.98702055,0.88786316,0.2453395793014963,True,0.8208805952960656,0.26635894800000004
897,0,132.75888,928,6486.8281,1.9999799,2,28.097752,0.5609075713741962,0.0,92.02144336629611,,,,False,0.5609075713741962,0.0
898,7722,224.03557,928,3843.9609,3.0125332,5,49.513031,0.9463520054599723,1.0844235201883936,2005.5860579123237,0.95658845,0.98091698,0.0,True,0.9494229388219806,1.0533715581318757
899,1727,185.97011,928,4630.7656,1.8932953,4,224.14487,0.7856285262167463,0.8831429273287709,1386.462679465355,0.99181068,0.90157866,0.0,True,0.8474831723517223,0.8886736471301396
900,16540,285.83463,928,3012.875,2.0090187,4,147.31686,1.2072251123630797,1.2124347850601032,2776.4998061483725,1.0629162,1.1339827,0.0,True,1.1639324386541559,1.1888991595420721
901,0,181.1172,928,4754.8438,3.9979129,4,146.5985,0.7651360783878672,0.0,125.54087653091172,0.86808717,0.0,0.0,True,0.7960214058715072,0.0
902,4181,283.52136,928,3037.457,4.004282,6,146.06313,1.1974615237641593,1.0397495242048047,2364.2233723294935,1.0615547,1.0411109,0.0,True,1.1566894766349116,1.0401579369433633
903,5365,221.51308,928,3887.7344,3.0022783,4,50.475281,0.9357021421914155,1.0388907674556236,1902.3597297959557,0.95558953,0.9593277,0.0,True,0.9416683585339909,1.0150218472189365
904,8420,285.83463,928,3012.875,3.0293176,5,43.779125,1.2072251123630797,1.128168253355982,2583.5456323810517,1.0629162,1.1214743,0.0,True,1.1639324386541559,1.1261600673491874
905,4291,221.51352,928,3887.7266,2.9922462,5,50.073559,0.9357040185383826,1.0118742714293651,1852.9032379109826,0.95558953,0.95310569,0.0,True,0.9416696719768678,0.9942436970005556
906,43,217.92171,928,3951.8047,4.0285873,5,50.552193,0.920539350523722,0.4568794961182859,829.5543991636055,1.0648192,0.82946432,0.0,True,0.9638233053666054,0.5686549432828001
907,2877,221.59012,928,3886.3828,3.0370452,5,51.795315,0.936027391808142,0.963567062248314,1765.009245040547,0.95533782,0.93332314,0.0,True,0.9418205202656993,0.9544938855738199
908,4401,282.94354,928,3043.6602,4.0427742,6,47.670029,1.195022613039905,1.0458766051699733,2373.9080160911094,1.0619054,1.062979,0.0,True,1.1550874491279335,1.0510073236189812
909,4859,223.76067,928,3848.6836,2.9856265,5,49.265331,0.9451913448914993,1.0281638330097516,1899.5042061381273,0.95617163,0.96159357,0.0,True,0.9484854304240495,1.008192754106826
910,3258,225.783,928,3814.2109,4.0048451,6,52.593475,0.9537294730319124,0.980830077890054,1826.467621508594,1.0721653,1.0454276,0.0,True,0.9892602211223387,1.0002093345230378
911,2912,223.68076,928,3850.0586,3.0128813,5,50.371273,0.9448539569558054,0.9661261254624389,1784.3644975317018,0.95609456,0.9437927,0.0,True,0.9482261378690637,0.9594260978237072
912,2520,282.38144,928,3049.7188,3.010422,5,46.482079,1.1926501257703166,0.9761488017896938,2211.8394657591152,1.0618782,1.0721906,0.0,True,1.1534185480392216,1.0049613412527858
913,0,225.78879,928,3814.1133,2.0058599,3,43.891937,0.953753865388546,0.0,156.50486319054158,1.072165,1.048435,0.17794552820731233,True,0.9892772057719822,0.31453050000000005
914,873,223.67984,928,3850.0742,3.0049365,4,50.421085,0.9448501305181608,0.8203205379158134,1515.2573150246494,0.95609444,0.89505649,0.0,True,0.9482234233627126,0.8427413235410693
915,5,180.74435,928,4764.6523,4.0142727,4,146.61082,0.7635616322666623,0.2115516087554775,351.7122650494057,0.86730701,0.081126757,0.0,True,0.7946852455866635,0.17242415322883423
916,2077,281.65668,928,3057.5664,4.0140958,6,146.02124,1.1895910514103043,0.9517596604074328,2151.756283185692,1.0603987,1.0596571,0.0,True,1.150833345987213,0.984128892285203
917,0,180.55148,928,4769.7422,2.0000052,2,111.3028,0.762747159860321,0.0,125.14874930792534,,,,False,0.762747159860321,0.0
918,0,282.4064,928,3049.4492,0.99363554,2,66.454262,1.1927554981533495,0.0,195.74919993208414,,,,False,1.1927554981533495,0.0
919,0,185.12901,928,4651.8047,2.0058599,3,56.783318,0.7820768264374395,0.0,128.32165132135393,,,,False,0.7820768264374395,0.0
920,1432,221.03581,928,3896.1289,3.0341592,5,50.33276,0.9336871365735596,0.8789403159423048,1606.5375627426517,0.95475572,0.91703588,0.0,True,0.9400077116014918,0.8903689851596135
921,0,220.71782,928,3901.7422,2.0073991,3,4.7456508,0.9323445617478633,0.0,152.9899346323375,,,,False,0.9323445617478633,0.0
922,0,281.65381,928,3057.5977,2.01407,3,3.3522556,1.1895788817711688,0.0,195.22754429546654,,,,False,1.1895788817711688,0.0
923,1984,282.86948,928,3044.457,4.0510206,6,47.96294,1.1947100552003984,0.9465613058016328,2148.0762770869705,1.0608236,1.0402241,0.0,True,1.154544118640279,0.9746601440611431
924,1468,221.78717,928,3882.9297,4.0647931,6,101.57638,0.9368593749934883,0.8823029003029308,1617.4977519567715,1.0694153,0.97361332,0.0,True,0.9766261524954418,0.9096960262120515
925,3312,285.8602,928,3012.6055,2.9699712,5,52.295185,1.2073330359928156,1.0117397275978823,2317.157396238663,1.0626768,1.1094279,0.0,True,1.163936165194971,1.0410461793185177
926,0,185.93953,928,4631.5273,1.0597457,2,83.458305,0.7854993776848235,0.0,128.88346097414134,,,,False,0.7854993776848235,0.0
927,0,220.5522,928,3904.6719,2.0182796,3,29.950352,0.9316453758596006,0.0,152.87513559629318,,,,False,0.9316453758596006,0.0
928,0,219.0535,928,3931.3867,2.0039737,2,30.596617,0.9253178210613363,0.0,151.83631591678798,0.95538402,0.95933133,10.095679348881234,True,0.9343376807429356,0.28779939900000007
929,0,282.29538,928,3050.6484,1.9817202,3,16.872456,1.1922869370202085,0.0,195.6722467320984,,,,False,1.1922869370202085,0.0
930,0,285.5159,928,3016.2383,1.0151232,2,10.593548,1.2058798705972422,0.0,197.90454109003528,,,,False,1.2058798705972422,0.0
931,0,284.93655,928,3022.3711,1.0081633,2,150.21506,1.2034345952570569,0.0,197.50296627097788,1.0702837,1.0661261,7.2478803628567094,True,1.1634893266799398,0.31983783000000005

metric,value
avg_local_nain,0.988397
avg_local_nach,0.790734
avg_citywide_nain,1.019152
avg_citywide_nach,0.808187
avg_blended_nain,0.994849
avg_blended_nach,0.77854
avg_segment_length,81.5393
blended_nain_nach_pearson_r,0.638686
blended_nain_nach_p_value,5.8715e-108
pct_citywide_matched,92.81
