segment_id,T1024 Choice,T1024 Integration,T1024 Node Count,T1024 Total Depth,Angular Connectivity,Connectivity,Segment Length,local_nain,local_nach,integrated,citywide_nain,citywide_nach,citywide_match_distance_m,citywide_matched,blended_nain,blended_nach
0,0,17.848667,989,54800.789,0.49998772,1,93.649559,0.07168575917896108,0.0,12.371753207803335,,,,False,0.07168575917896108,0.0
1,1679,18.01086,989,54307.289,0.97238719,2,44.588028,0.0723371564409436,0.681180482260807,133.7692531866439,0.17454633,0.85510224,0.0,True,0.10299990850866053,0.7333570095825648
2,3354,18.166599,989,53841.723,0.66743392,2,142.0771,0.07296262805953106,0.7452094377358917,147.4856260423227,0.17302001,0.84720564,0.0,True,0.10297984264167175,0.7758082984151242
3,5025,18.231611,989,53649.73,0.51662278,2,68.995499,0.07322372521052756,0.7825669996959326,155.38033891334288,0.17239706,0.83866853,0.0,True,0.10297572564736929,0.7993974587871527
4,6692,18.339022,989,53335.504,0.66791111,2,98.505959,0.07365510644422764,0.8093056442671467,161.54783744207478,0.17138506,0.82880306,0.0,True,0.10297409251095935,0.8151548689870027
5,8355,18.455471,989,52998.973,0.75987327,2,52.782398,0.0741227813796818,0.8301769664078316,166.6686786820826,0.17031281,0.81730962,0.0,True,0.10297978996577727,0.826316762485482
6,10014,18.597424,989,52594.434,0.92013252,2,58.044964,0.07469288763168654,0.8474223657147127,171.3183371810173,0.16903912,0.80351108,0.0,True,0.10299675734218057,0.8342489800002989
7,11669,18.772789,989,52103.125,1.0993185,2,39.686764,0.0753971808836351,0.8622359034378996,175.8045860634753,0.16752158,0.78625083,0.0,True,0.10303450061854458,0.8394403814065297
8,13320,18.983276,989,51525.406,1.3958637,2,36.628029,0.0762425248922761,0.8753174753701842,180.2874388705737,0.16577211,0.76321262,0.0,True,0.10310140042459327,0.841686018759129
9,14967,19.275578,989,50744.055,1.5151901,2,29.377703,0.07741645206882422,0.8873112068143959,185.31033114878926,0.16346532,0.72821164,0.0,True,0.10323111244817695,0.8395813367700772
10,16610,19.540863,989,50055.156,1.6246824,2,14.405022,0.07848187648913608,0.898056892584878,189.89577354778947,0.16149847,0.65317023,0.0,True,0.10338685454239527,0.8245908938094145
11,18249,19.892128,989,49171.258,1.6808896,2,45.864544,0.0798926020844382,0.9082482944223761,195.18106565700063,0.16003595,0.4948445,0.0,True,0.10393560645910674,0.7842271560956633
12,19884,20.197151,989,48428.66,1.3849456,2,46.875439,0.0811176129870916,0.9174827992590217,199.90678040962985,0.16144165,0.67047852,0.0,True,0.10521482409096411,0.8433815154813151
13,21515,20.448105,989,47834.309,2.0113397,2,26.17111,0.08212547365620156,0.9258498927816771,204.0025357024323,0.163175,0.734568,0.0,True,0.10644033155934109,0.8684653249471739
14,23142,21.0375,989,46494.164,2.0111523,2,34.928726,0.08449255157026325,0.9350805391955705,211.416163686525,0.16723755,0.76753998,0.0,True,0.10931605109918428,0.8848183714368993
15,24765,21.308767,989,45902.281,0.91073167,2,17.05228,0.08558198601540927,0.942510794138407,215.58649372241769,0.16910346,0.78951883,0.0,True,0.1106384282107865,0.8966132048968849
16,26384,21.43972,989,45621.91,0.96683824,2,34.324337,0.08610790996627464,0.9489515755703187,218.2689742814367,0.17000394,0.80595237,0.0,True,0.11127671897639224,0.9060518138992231
17,27999,21.745556,989,44980.27,1.5353584,2,38.206913,0.08733617788940883,0.9557509706278106,222.67439564600116,0.17210567,0.81958163,0.0,True,0.11276702552258618,0.9149001684394673
18,29610,22.150702,989,44157.562,1.4119461,2,48.848186,0.08896328126147215,0.9626307374061387,228.0621871892646,0.17488369,0.83129758,0.0,True,0.11473940388303051,0.923230790184297
19,31217,22.414698,989,43637.484,1.8711486,2,29.951086,0.09002351023649634,0.9686448394034616,231.96482684710367,0.17669041,0.84118396,0.0,True,0.11602358016554744,0.9304065755824231
20,32820,23.079342,989,42380.801,2.3049538,2,35.396297,0.09269277730344952,0.9760010167950872,239.99871482647916,0.18122403,0.85077584,0.0,True,0.11925215311241467,0.938433463756561
21,34419,23.59841,989,41448.598,1.6826051,2,32.053165,0.09477739101832543,0.9825165803956534,246.5189522732115,0.18474789,0.85915112,0.0,True,0.1217685407128278,0.9455069422769574
22,36014,23.980703,989,40787.836,1.0899502,2,29.57592,0.09631270727809293,0.9882705882788996,251.59878682240327,0.18733537,0.86651605,0.0,True,0.12361950609466506,0.9517442267952296
23,37605,24.199249,989,40419.477,1.1613116,2,76.7761,0.09719040040494853,0.9931911551222228,254.93776892671295,0.18881267,0.87295008,0.0,True,0.12467708128346397,0.957118832585556
24,39192,24.640696,989,39695.348,1.2655385,2,32.092392,0.09896327418621056,0.9987901277882827,260.6068744881041,0.19179218,0.87935108,0.0,True,0.1268119459303474,0.9629584134517979
25,40775,24.930962,989,39233.184,0.84074759,2,30.295849,0.10012899479684911,1.0036393117191116,264.663938225695,0.19374765,0.88502055,0.0,True,0.1282145913577944,0.9680536832033781
26,42354,25.137333,989,38911.09,0.52345198,2,394.64264,0.10095778912929859,1.0080167647624112,267.8097614561431,0.19513723,0.89015949,0.0,True,0.129211621390509,0.9726595823336879
27,43929,25.243959,989,38746.734,0.60610932,2,61.366444,0.10138601004588738,1.0118764791064951,269.8674008216055,0.19585551,0.89478356,0.0,True,0.12972686003212117,0.9767486033745466
28,45500,25.505457,989,38349.48,0.68893093,2,38.803761,0.10243619110890681,1.0161934629319853,273.5590738970155,0.19761743,0.89945197,0.0,True,0.13099056277623478,0.9811710150523898
29,47067,25.666096,989,38109.457,0.51948869,2,75.73909,0.10308132629485714,1.0200081767957387,276.1510204761064,0.19869973,0.90367347,0.0,True,0.1317668474064,0.9851077647570171
30,48630,25.828421,989,37869.949,0.92137933,2,143.64008,0.10373322837410394,1.0237169661915806,278.74127584367017,0.19979393,0.90768445,0.0,True,0.13255143886187276,0.9889072113341064
31,50189,26.252655,989,37257.984,1.6684254,2,42.280788,0.10543696246862097,1.0282992078181108,284.14800056100063,0.20265149,0.91203475,0.0,True,0.13460132072803466,0.9934198704726775
32,51744,26.926376,989,36325.758,1.8977544,2,57.167221,0.10814263667439696,1.0336862720659994,292.26164272717625,0.20717531,0.91670132,0.0,True,0.1378524386720779,0.9985907864461996
33,53295,27.549824,989,35503.711,1.9347779,2,43.956402,0.11064641219519354,1.038763106861361,299.8422376396225,0.21134479,0.92109126,0.0,True,0.14085592553663548,1.0034615528029527
34,54842,28.315929,989,34543.137,2.0537007,2,85.571983,0.11372308451373105,1.044227422639853,308.99044159400086,0.21644592,0.92559248,0.0,True,0.14453993515961172,1.0086369398478972
35,56385,29.099167,989,33613.367,1.9853479,2,198.99121,0.11686855998298093,1.0496228854353313,318.3447098959676,0.22163522,0.92996675,0.0,True,0.14829855798808667,1.013726044804732
36,57924,29.89563,989,32717.859,1.5433857,2,141.75014,0.12006712909702384,1.0549393083306922,327.86303077690513,0.22688597,0.9342168,0.0,True,0.1521127813679167,1.0187225558314845
37,59459,30.376808,989,32199.598,1.5416846,2,29.633223,0.12199952109797213,1.0590817301459035,333.934556382356,0.23004703,0.93776447,0.0,True,0.1544137737685805,1.0226865521021324
38,60990,31.238333,989,31311.562,1.671488,2,66.018555,0.12545936277033629,1.0643985204000121,344.19950927816905,0.23568597,0.94187409,0.0,True,0.1585273449392354,1.0276411912800085
39,62517,31.887028,989,30674.574,1.4294584,2,41.583492,0.12806448120932337,1.0689093821469433,352.1356499609331,0.23991357,0.94549096,0.0,True,0.16161920784652636,1.0318838555028602
40,64040,32.592541,989,30010.578,1.560725,2,144.7863,0.1308977700812445,1.0735128372921487,360.7112463966804,0.24449532,0.94910085,0.0,True,0.16497703505687117,1.0361892411045042
41,65559,33.429211,989,29259.469,1.4217167,2,184.52888,0.13425776862362643,1.0784378832762276,370.7545634481987,0.24990594,0.95282865,0.0,True,0.1689522200365385,1.0407551132933595
42,67074,34.050426,989,28725.66,0.89597166,2,42.92968,0.136752507325324,1.082597412092401,378.4221873164261,0.25390807,0.95610154,0.0,True,0.17189917612772682,1.0446486504646808
43,68585,34.375454,989,28454.055,1.9075797,2,60.931953,0.13805777134565622,1.0857721664077313,382.8001844459403,0.25599861,0.95880944,0.0,True,0.17344002294195937,1.047683348485412
44,70092,36.216606,989,27007.527,2.5427449,2,197.7989,0.14545162285105614,1.093453345638692,404.09013066067877,0.26776642,0.96385288,0.0,True,0.1821460619957393,1.0545732059470843
45,71595,37.383209,989,26164.715,1.2090647,2,50.138527,0.1501365201779978,1.0989466119139883,417.8997327556186,0.27515253,0.96769351,0.0,True,0.18764132312459847,1.0595706813397918
46,73094,37.731861,989,25922.945,1.5827482,2,83.642151,0.151536658403303,1.1019891580108137,422.579068651447,0.27735204,0.97021425,0.0,True,0.1892812728823121,1.0624566856075695
47,74589,39.522823,989,24748.258,1.7860867,2,99.293144,0.15872883161821655,1.1090412479295753,443.4371867794645,0.2885859,0.9747895,0.0,True,0.19768595213275159,1.0687657235507027
48,76080,40.20858,989,24326.176,0.70213389,2,57.860874,0.16148269950815128,1.1128897469144696,451.92702828139016,0.29285765,0.97766107,0.0,True,0.20089518465570588,1.0723211438401288
49,77567,40.545036,989,24124.309,0.75892305,2,80.05291,0.16283383979660615,1.1157267950139889,456.49344410632597,0.29495037,0.9799794,0.0,True,0.2024687988576243,1.0750025765097921
50,79050,41.354637,989,23652.027,0.81120205,2,57.060974,0.16608501945945262,1.1197972315432458,466.39185369525836,0.29997665,0.98290914,0.0,True,0.20625250862161684,1.078730804080272
51,80529,41.795471,989,23402.559,0.62845635,2,111.86904,0.16785531120622343,1.1228197526785524,472.13825338200354,0.30270752,0.98527044,0.0,True,0.20831097384435643,1.0815549588749866
52,82004,42.352283,989,23094.883,0.89259553,2,36.725182,0.1700913294053322,1.1261049739680724,479.19692596604403,0.30615261,0.98774362,0.0,True,0.21090971358373256,1.0845965677776508
53,83475,43.250141,989,22615.441,1.2497809,2,30.712193,0.1736969064974865,1.1302339705916793,490.12471568711965,0.31169277,0.99062884,0.0,True,0.21509566554824056,1.0883524314141755
54,84942,44.468155,989,21995.988,1.1298261,2,48.202324,0.1785881297230191,1.1351152651168592,504.702330810671,0.31917202,0.99387622,0.0,True,0.22076329680611337,1.0927435515818014
55,86405,45.230694,989,21625.16,0.90742826,2,77.093575,0.18165027375713766,1.1387593104985838,514.1293367402398,0.32383424,0.99646401,0.0,True,0.22430546362999637,1.0960707203490088
56,87864,46.129539,989,21203.789,0.72891927,2,123.80761,0.18525976725456514,1.1426891430375496,525.1187535021614,0.32931262,0.99917734,0.0,True,0.22847562307819558,1.0996356021262848
57,89319,46.602806,989,20988.457,0.98268181,2,55.061241,0.1871602669055475,1.1455113221515616,531.2716109914758,0.33219099,1.0013045,0.0,True,0.23066948383388325,1.102249275506093
58,90770,48.071178,989,20347.348,1.3128922,2,84.818207,0.1930567767866281,1.1507170598058365,548.785670658827,0.34108728,1.0046297,0.0,True,0.23746592775063968,1.1068908518640854
59,92217,49.282562,989,19847.203,0.92302197,2,26.634022,0.19792127344304036,1.155208754787662,563.3943782334534,0.34838226,1.007568,0.0,True,0.24305956941012824,1.1109165283513633
60,93660,50.035645,989,19548.484,1.0160073,2,15.553991,0.2009453850139678,1.1585529170943174,572.7804360952542,0.35290059,1.0099052,0.0,True,0.2465319465097775,1.1139586019660221
61,95099,51.563217,989,18969.355,1.2885792,2,89.248932,0.20707954358502162,1.1636370815491812,591.0534175067316,0.3620244,1.0131047,0.0,True,0.25356300050951514,1.1184773670844268
62,96534,53.056419,989,18435.488,0.74263078,2,113.77612,0.21307563886085878,1.168543317846317,608.9641362975824,0.37088409,1.0161922,0.0,True,0.26041817420260116,1.122837982492422
63,97965,53.358891,989,18330.984,0.37802511,2,192.02721,0.21429023963526164,1.1707189019790398,613.2209701031154,0.37267351,1.0178909,0.0,True,0.26180522074468315,1.124870501385328
64,99392,54.002926,989,18112.371,0.79382402,2,29.236099,0.21687639800407188,1.1736262014124426,621.4034085814928,0.3764821,1.0199444,0.0,True,0.2647581086028503,1.1275216609887098
65,100815,55.419765,989,17649.316,1.4443022,2,38.187195,0.22256581518281232,1.1781876865525789,638.4945636198884,0.38483176,1.0228134,0.0,True,0.2712455986279686,1.1315754005868053
66,102234,57.970764,989,16872.66,1.5820937,2,17.517723,0.2328094038392132,1.1850699253135808,668.6950320180403,0.39973617,1.0268178,0.0,True,0.2828874336874493,1.1375942877195064
67,103649,60.026325,989,16294.867,1.0069222,2,35.482475,0.24106348383339066,1.190743968083775,693.2311076992006,0.41162401,1.0301927,0.0,True,0.29223164168337346,1.1425785876586425
68,105060,61.075394,989,16014.977,1.1379751,2,62.281803,0.24527596778027572,1.1942711257345298,706.1723902884946,0.41765481,1.0324899,0.0,True,0.29698962044619304,1.1457367580141709
69,106467,63.817429,989,15326.863,1.2026999,2,105.24625,0.25628642741405006,1.201092611566025,738.7256145479828,0.43329901,1.0363857,0.0,True,0.30939020218983504,1.1516805380962176
70,107870,65.243271,989,14991.906,0.96886808,2,45.331364,0.2620117489458329,1.2052137214963756,756.0847349602458,0.44136542,1.0389392,0.0,True,0.3158178502620831,1.1553313650474628
71,109269,67.430847,989,14505.543,0.85940647,2,106.45026,0.27079564986224186,1.2107055283576555,782.3047917077969,0.45365793,1.0421414,0.0,True,0.32565433390356935,1.1601362898503589
72,110664,68.569885,989,14264.586,1.0041524,2,86.152962,0.2753692813816436,1.214151355203513,796.3892909496305,0.46002042,1.0443374,0.0,True,0.33076462296715053,1.163207168642459
73,112055,71.611679,989,13658.68,1.3564606,2,69.767044,0.2875830145050918,1.2209962759294475,832.612016140698,0.47687882,1.0481515,0.0,True,0.3443717561535643,1.1691428431506132
74,113442,74.53373,989,13123.199,1.3132808,2,16.628042,0.2993158072947631,1.227442231168769,867.5028985036298,0.49288031,1.0517436,0.0,True,0.3573851581063342,1.1747326418181383
75,114825,77.89933,989,12556.219,1.19016,2,83.803871,0.3128293537952649,1.2344684957577203,907.6192658098812,0.51108152,1.0555789,0.0,True,0.3723050036566854,1.1808016170304043
76,116204,80.650414,989,12127.91,1.0363429,2,34.573406,0.323875406708658,1.2402931082831457,940.6354369480479,0.5257836,1.0588201,0.0,True,0.3844478646960606,1.185851205798202
77,117579,83.64225,989,11694.102,1.0757091,2,55.617397,0.33588793382525367,1.2463706719941055,976.5134605894202,0.5416013,1.0621544,0.0,True,0.39760194367767754,1.191105790395874
78,118950,87.057838,989,11235.301,1.129252,2,59.742195,0.34960170014040004,1.2529605428002426,1017.3992760159047,0.55944407,1.0656977,0.0,True,0.41255441109828,1.1967816899601698
79,120317,90.919281,989,10758.125,0.98328036,2,77.105392,0.36510538070788373,1.2600471078782067,1063.5648234084288,0.57934254,1.0694356,0.0,True,0.42937652849551866,1.2028636555147447
80,121680,93.857475,989,10421.344,0.64760721,2,78.579155,0.37690203207237694,1.2655950950757324,1098.9927892192445,0.59429777,1.0724469,0.0,True,0.4421207534506638,1.2076506365530126
81,123039,95.666443,989,10224.285,0.86421913,2,112.85789,0.38416487850567604,1.2694140964660592,1121.2368204941324,0.60343438,1.0746629,0.0,True,0.4499457289539732,1.2109887375262414
82,124394,100.74727,989,9708.6602,1.9026659,2,20.628189,0.4045635882295024,1.2777597013810102,1181.8889231761827,0.6287902,1.0788809,0.0,True,0.47183157176065166,1.218096060966707
83,125745,112.98083,989,8657.4062,1.8575008,2,20.040684,0.45367770535922175,1.2950970477803339,1326.6239824204824,0.68786317,1.0869337,0.0,True,0.5239333447514551,1.2326480434462337
84,127092,119.53428,989,8182.7656,2.5892496,3,101.3936,0.4799868104456672,1.304381363567793,1404.8484107196805,0.71841151,1.0913821,0.0,True,0.5515142203119671,1.240481584497455
85,0,116.8593,989,8370.0742,1.0017695,2,49.794518,0.4692480549908908,0.0,81.00069431720881,,,,False,0.4692480549908908,0.0
86,4987,116.8593,989,8370.0742,2.2061563,4,53.597191,0.4692480549908908,0.9426548322283845,995.0558606387034,0.95528966,0.92001933,5.00003807246685e-07,True,0.6150605364936236,0.9358641815598692
87,9941,117.12676,989,8350.9609,1.8204844,4,44.178471,0.47032179147270015,1.019271645445978,1078.1077937491455,0.95379835,0.87271476,0.0,True,0.6153647590308902,0.9753045798121847
88,18291,129.04643,989,7579.6055,2.3810439,4,30.667614,0.5181725077345976,1.0985723262444567,1266.4969907371822,0.91231817,1.1184379,0.0,True,0.6364162064142183,1.1045319983711197
89,11525,117.43845,989,8328.7969,3.012728,4,62.156166,0.4715730777915637,1.0359472926166833,1098.3369250238507,0.95157206,0.68407708,0.0,True,0.6155727724540947,0.9303862288316782
90,32988,129.11369,989,7575.6562,1.9270844,5,164.03552,0.5184425673190897,1.1646505382306804,1343.2936357703134,0.91232628,1.1163813,0.0,True,0.6366076811233627,1.1501697667614763
91,1654,104.8129,989,9332.0664,4.0068207,5,299.95636,0.4208861782458948,0.8107563743215558,776.8900199705782,0.86998147,0.58610833,4.998873919248581e-07,True,0.5556147657721264,0.743361961025089
92,100,109.84372,989,8904.6602,3.9830115,5,298.1297,0.44108335182579633,0.5074534973780032,508.02421871000973,0.87096471,0.55066311,0.0,True,0.5700477592780575,0.5204163811646022
93,467,113.47183,989,8619.9453,4.0059724,4,23.14296,0.4556488585690074,0.6784754824439134,697.9201517386655,0.84500086,0.87037671,0.0,True,0.5724544589983052,0.7360458507107395
94,489,109.35246,989,8944.6641,1.7876394,3,41.32711,0.439111102269886,0.6807676431874561,677.5964086268851,0.87308854,0.9017089,0.0,True,0.5693043335889202,0.7470500202312194
95,27,106.74549,989,9163.1133,5.4066033,5,50.654522,0.42864495025821636,0.3652423979623351,359.44364334686287,0.88651603,0.77347118,0.0,True,0.5660062741807514,0.4877110325736346
96,36372,129.46283,989,7555.2266,4.9333634,6,48.65099,0.5198440833558461,1.1759374256998398,1359.5680870673752,0.91014647,1.1079867,0.0,True,0.6369347993490924,1.155552207989888
97,154,116.2031,989,8417.3398,2.8133972,4,16.546265,0.466613728381579,0.5579994322807661,586.8089225960188,0.82896972,0.82775348,0.0,True,0.5753205258671052,0.6389256465965363
98,1647,116.18083,989,8418.9531,3.2826223,5,23.574648,0.46652433375854063,0.8195207373138917,860.658796372162,0.82757127,0.64836085,0.0,True,0.5748384146309785,0.7681727711197242
99,0,112.1285,989,8723.2148,2.0065904,3,92.495247,0.4502559105581467,0.0,77.72155363541583,0.9589532,0.95547134,7.436260881248111,True,0.6028650973907026,0.28664140200000005
100,42645,129.46886,989,7554.875,2.9398563,5,53.013737,0.5198682702293498,1.193759966723802,1380.2302566775402,0.91014695,1.1027657,0.0,True,0.6369518741605449,1.1664616867066613
101,1753,112.17798,989,8719.3672,4.0125089,6,97.47699,0.4504545496707692,0.8232252190331423,837.9946537125037,0.9585796,0.85854632,0.0,True,0.6028920647695385,0.8338215493231995
102,1330,109.5442,989,8929.0078,3.1110382,5,88.874222,0.43988087599581066,0.7907411564713156,788.1088293043053,0.87406129,0.95765173,0.0,True,0.5701350001970675,0.8408143285299209
103,0,126.36017,989,7740.7383,1.9765153,3,58.996689,0.507388908467876,0.0,87.58619557057538,,,,False,0.507388908467876,0.0
104,0,105.02582,989,9313.1484,2.1241212,3,1.5923718,0.4217409498907626,0.0,72.79835101899631,,,,False,0.4217409498907626,0.0
105,1695,98.302032,989,9950.1602,2.8322997,3,40.93301,0.3947464124009396,0.8077682229899946,731.0345883788074,0.81453574,0.85665792,0.0,True,0.5206832106806578,0.8224351320929961
106,0,90.483566,989,10809.93,0.87027496,1,34.515614,0.36335599052060247,0.0,62.718428659909726,0.7569719,0.0,0.0,True,0.48144076336442176,0.0
107,1785,114.40461,989,8549.6641,4.2303944,6,90.113098,0.4593935740050194,0.82700854091139,856.6952991673435,0.92061925,0.98360753,0.0,True,0.5977612768035137,0.8739882376379731
108,8435,111.9653,989,8735.9297,3.2970078,5,50.592033,0.44960072574049403,0.9961126888393127,1012.2090910485767,0.91290456,0.98319203,0.0,True,0.5885918760183458,0.992236491187519
109,0,113.41987,989,8623.8945,2.2788041,3,2.5846715,0.45544024849705933,0.0,78.61666310997552,,,,False,0.45544024849705933,0.0
110,14985,128.98766,989,7583.0586,3.2014875,5,147.26505,0.517936609558879,1.0762031703912893,1240.2084101158841,0.91262996,1.122894,0.0,True,0.6363446146912153,1.0902104192739026
111,1770,107.24731,989,9120.2383,4.2603245,5,139.98318,0.4306596040786851,0.8202263464691455,802.1953072329362,0.88690788,0.54865485,0.0,True,0.5675340868550796,0.7387548975284017
112,3386,111.53793,989,8769.4023,1.3418357,4,84.141212,0.4478850017618526,0.8951836372041266,906.5797435710374,0.90977675,0.91504306,0.0,True,0.5864525262332969,0.9011414640428888
113,0,111.47814,989,8774.1055,1.4287657,2,42.197735,0.4476449758482755,0.0,77.27075843506685,0.90942931,0.0,0.0,True,0.5861802760937929,0.0
114,0,104.80076,989,9333.1484,1.9938507,2,91.211662,0.4208373949994643,0.0,72.6423513145395,0.86184943,0.0,0.0,True,0.5531410054996251,0.0
115,0,112.25774,989,8713.1719,1.9927808,2,238.74944,0.4507747614925895,0.0,77.8111359770314,0.84257156,0.0,0.0,True,0.5683138010448127,0.0
116,0,114.64808,989,8531.5078,2.0747561,3,203.54141,0.46037100178070006,0.0,79.46799340861105,0.83085924,0.0,0.0,True,0.57151747324649,0.0
117,8797,114.90071,989,8512.75,2.3837409,3,211.50867,0.4613851885950166,1.003603117374955,1043.5734452927588,0.82875496,0.92487776,0.0,True,0.5715961200165116,0.9799855101624685
118,7550,110.25949,989,8871.082,1.1176095,2,53.375568,0.44275253340264603,0.9822399252978352,984.5695813852906,0.80205184,0.90698612,0.0,True,0.5505423253818522,0.9596637837084847
119,6296,102.14267,989,9576.0273,1.0612695,2,75.346886,0.4101658318085414,0.9542393846463004,893.5427903320139,0.75397456,0.88303131,0.0,True,0.513308450265979,0.9328769622524103
120,5051,99.049049,989,9875.1172,0.93566579,2,38.019516,0.39774556229720726,0.927100228959985,844.6642801158911,0.73496532,0.85409164,0.0,True,0.4989114896080451,0.9051976522719896
121,3929,94.12487,989,10391.738,2.0453334,3,59.521389,0.3779756171061285,0.8948367923907883,779.0385229659463,0.70116329,0.80724972,0.0,True,0.47493191897428993,0.8685606706735518
122,0,115.81345,989,8445.6602,2.0083807,2,190.50507,0.4650494268921254,0.0,80.2757663384202,0.82224447,0.0,0.0,True,0.5722079398244878,0.0
123,2146,87.911362,989,11126.219,2.3523738,3,34.215755,0.35302859645280327,0.8233933324302198,674.4816794366485,0.67457533,0.75589687,0.0,True,0.4494926165169623,0.8031443937011539
124,1018,81.995705,989,11928.93,2.3300056,3,26.257082,0.3292768907863358,0.7378924843313269,568.0299944536144,0.64201415,0.70031446,0.0,True,0.4230980685504351,0.7266190770319289
125,427,91.536354,989,10685.602,2.7457304,4,24.783886,0.3675828810419229,0.6531386022210103,554.8436662867442,0.70198202,0.77674097,0.0,True,0.467902622729346,0.6902193125547071
126,846,88.16893,989,11093.715,3.9494979,4,55.720036,0.3540627651836243,0.7237929991983783,594.5125707754918,0.69455916,0.8589505,0.0,True,0.45621168362853703,0.7643402494388648
127,0,104.81483,989,9331.8945,1.9939303,3,42.333435,0.42089392960134886,0.0,72.65210389536998,0.86998171,0.0,0.0,True,0.5556202637209442,0.0
128,53231,129.53033,989,7551.2891,2.0270386,4,23.544025,0.5201150760387839,1.2186531332977417,1409.6052392154756,0.9098379,1.0915736,0.0,True,0.6370319232271487,1.1805292733084192
129,3403,112.22645,989,8715.6016,4.2544041,6,101.4926,0.4506491251664239,0.8963423949695513,912.7377423808629,0.95820624,0.80784869,0.0,True,0.6029162596164968,0.8697942834786858
130,4931,115.26248,989,8486.0312,4.2387223,5,73.965256,0.4628375464253027,0.9399736376198694,980.1578510006518,0.93672168,0.61479521,0.0,True,0.6050027864977119,0.8424201093339087
131,60785,129.59361,989,7547.6016,2.1087725,4,109.20847,0.5203691191584755,1.233580793760917,1427.4906206291048,0.90952939,1.0884705,0.0,True,0.6371172004109329,1.1900477056326417
132,2159,109.59334,989,8925.0039,2.9359803,5,164.7442,0.4400781694056858,0.8440043186104581,841.4934310196203,0.87431425,0.96991074,0.0,True,0.5703489935839801,0.8817762450273208
133,749,109.84695,989,8904.3984,3.9948864,5,238.24255,0.44109631729357823,0.7279095195235341,727.3412155590523,0.870965,0.82372278,0.0,True,0.5700569221055047,0.7566534976664739
134,0,108.36189,989,9026.4297,2.0037274,2,109.21503,0.43513431074170267,0.0,75.11073853364694,0.76290566,0.0,0.0,True,0.5334657155191919,0.0
135,63802,129.71405,989,7540.5938,2.1716847,4,68.607208,0.520852592458236,1.2391345149455502,1435.1006230538605,0.90891272,1.0820053,0.0,True,0.6372706307207652,1.1919957504618852
136,733,119.9735,989,8152.8086,3.093153,4,90.417831,0.48175006027602135,0.7326397081788917,791.8095633373113,0.83071935,0.82842457,0.0,True,0.586440847193215,0.7613751667252242
137,0,81.330635,989,12026.477,1.3056386,2,17.778618,0.3266065632905494,0.0,56.37410034340001,0.64626068,0.0,0.0,True,0.42250279830338455,0.0
138,2497,90.965691,989,10752.637,1.4425045,4,13.288001,0.36529169088546803,0.8427329052101088,711.6833582377396,0.71344209,0.92235571,0.0,True,0.46973681061982764,0.8666197466470762
139,12,96.835159,989,10100.887,3.1121757,4,55.858906,0.3888571192164593,0.27817369377630013,255.55353612340897,0.71422857,0.18673036,0.0,True,0.48646855445152154,0.2507406936434101
140,3501,91.579575,989,10680.559,1.9999641,3,35.077522,0.3677564087958155,0.8797632256329014,747.415256040041,0.71716708,0.94220763,0.0,True,0.47257961015707084,0.8984965469430309
141,4556,96.31778,989,10155.145,1.9178396,3,37.836567,0.3867799007092463,0.9131141740651667,811.4425459894325,0.74829268,0.96106184,0.0,True,0.49523373449647246,0.9274984738456167
142,0,89.922203,989,10877.414,2.6492815,3,21.701487,0.3611021268782875,0.0,62.32932147918905,0.73633748,0.0,0.0,True,0.47367273281480127,0.0
143,0,91.852386,989,10648.836,1.3507186,3,12.884862,0.36885175347638605,0.0,63.667222383603786,0.74997896,0.0,0.0,True,0.48318991543347023,0.0
144,717,105.18773,989,9298.8125,2.4425507,3,16.407766,0.42239100450518896,0.719686482823876,691.910304473395,0.84315944,0.78867251,0.0,True,0.5486215351536323,0.7403822909767133
145,1,92.575066,989,10565.707,4.1938467,4,26.179651,0.3717532606259255,0.07480824068285864,101.70410513186133,0.75519407,0.05066739,0.0,True,0.4867855034381479,0.06756598547800105
146,3403,96.728889,989,10111.984,4.8818045,5,24.01174,0.38843046761685773,0.8819026820241159,786.69607538035,0.78445917,0.9050709,0.0,True,0.5072390783318004,0.8888531474168812
147,0,88.961349,989,10994.898,4.2277918,4,34.369545,0.3572443369566052,0.0,61.66330823815931,0.69762105,0.0,0.0,True,0.4593573508696236,0.0
148,6529,105.41175,989,9279.0508,2.3789015,4,21.735655,0.4232903815793592,0.9615059309882479,925.9700535851015,0.84465075,0.95676339,0.0,True,0.5496984921055514,0.9600831686917736
149,0,122.97312,989,7953.9414,1.0115616,2,112.53442,0.493791914378532,0.0,85.23847141265982,,,,False,0.493791914378532,0.0
150,3035,119.97713,989,8152.5625,2.7572043,4,51.992523,0.48176459921539844,0.8902832139145251,962.0516698411044,0.83071965,0.87977755,0.0,True,0.5864511144507789,0.8871315147401676
151,2870,110.21261,989,8874.8555,2.8794141,5,74.057076,0.44256432185805183,0.8758265893797041,877.5969955576857,0.87643665,0.99797934,0.0,True,0.5727260203006364,0.912472414565793
152,3372,122.97348,989,7953.918,1.9826608,4,27.943279,0.4937933667226608,0.9044468293863963,999.0186297469697,0.95969242,1.1740249,0.0,True,0.6335630827058625,0.9853202505704775
153,6322,122.9707,989,7954.0977,3.024775,5,97.258568,0.49378221368365266,0.9744071297430179,1076.2527486536005,0.95969206,1.1713877,0.0,True,0.6335551675785569,1.0335013008201126
154,69551,131.6723,989,7428.4492,3.2685189,5,119.50143,0.5287135984442795,1.250895806061676,1468.1256476859003,0.89940619,1.0731373,0.0,True,0.6399213759109956,1.1975682542431731
155,19183,123.07697,989,7947.2305,4.3194642,6,212.44209,0.4942087834274547,1.098082615772746,1213.770801541456,0.95893639,1.1556804,0.0,True,0.6336270653992183,1.115361951040922
156,8541,111.24389,989,8792.582,3.0776904,5,97.709312,0.44670452041830044,0.9967788634674484,1007.0761978176121,0.87301898,0.96690613,0.0,True,0.5745988582928103,0.9878170434272138
157,0,109.5397,989,8929.375,1.998935,2,206.02135,0.43986279095765407,0.0,75.92713421438224,,,,False,0.43986279095765407,0.0
158,712,118.2127,989,8274.2461,2.3196278,3,147.23268,0.4746813334356282,0.7282217058032449,776.7618163621605,0.83257061,0.75538832,0.0,True,0.5820481164049397,0.7363716900622713
159,14,114.12986,989,8570.2461,2.3471789,3,113.43459,0.4582905680448695,0.29902054772100173,316.4351627068051,0.81277013,0.27976036,0.0,True,0.5646344366314087,0.2932424914047012
160,5742,98.836449,989,9896.3594,2.915482,4,39.637703,0.39689198743272724,0.94081793578483,855.5195170440072,0.76481873,0.98238516,0.0,True,0.5072700102029091,0.9532881030493809
161,2673,97.196198,989,10063.367,3.1314626,4,58.224899,0.39030663607093685,0.8561754541088846,767.0436886257716,0.71636987,0.84883583,0.0,True,0.4881256062496558,0.8539735668762192
162,2125,111.10775,989,8803.3555,1.6147147,3,44.540741,0.44615796995242474,0.843532360162654,851.3595583943141,0.88338304,1.0374866,0.0,True,0.5773254909666974,0.9017186321138578
163,1592,105.92527,989,9234.0664,2.1752405,3,20.862553,0.42535202373484643,0.8075118566340448,781.0931379321678,0.837102,1.0262486,0.0,True,0.5488770166143926,0.8731328796438313
164,10110,117.03227,989,8357.7031,3.8583496,5,121.57615,0.46994247135277056,1.0210469655384808,1079.2105167160526,0.92615312,1.0729144,0.0,True,0.6068056659469394,1.0366071958769365
165,6899,103.34169,989,9464.9219,2.5035872,4,33.068169,0.4149796075310833,0.9654434668818418,913.48076755403,0.79956639,0.90880311,0.0,True,0.5303556422717584,0.9484513598172892
166,99989,132.35059,989,7390.3789,2.7916141,5,36.282173,0.5314364411961375,1.2923648272235169,1523.730565825682,0.92227811,1.150519,0.0,True,0.6486889418372963,1.2498110790564618
167,11485,104.1095,989,9395.1172,1.5466487,3,48.309212,0.4180622047141667,1.0219297909241938,973.316721325918,0.79194248,0.78225273,0.0,True,0.5302262872999167,0.9500266726469356
168,13071,112.29111,989,8710.582,1.6703918,3,44.838493,0.4509087586882301,1.0447047010776096,1064.3293122876494,0.77863169,0.80420923,0.0,True,0.5492256380817611,0.9725560597543268
169,102674,132.35786,989,7389.9727,3.0052776,5,105.39699,0.5314656444266113,1.2953473860562028,1527.3215114786392,0.92227858,1.1482178,0.0,True,0.6487095250986279,1.251208510239342
170,9810,118.16908,989,8277.3008,4.0415611,5,226.15349,0.474506196778044,1.0188020150369883,1086.13472122107,0.83864063,0.94191605,0.0,True,0.5837465267446308,0.9957362255258918
171,0,107.00262,989,9141.0938,1.9821993,2,54.346256,0.4296772646682699,0.0,74.1685643655272,0.77021283,0.0,0.0,True,0.5318379342677889,0.0
172,6909,110.91507,989,8818.6484,3.0377321,5,102.03146,0.4453844384716001,0.9731161171877325,980.5856732169708,0.87480682,0.97613853,0.0,True,0.5742111529301202,0.9740228410314127
173,0,103.22585,989,9475.543,2.0154572,3,104.62522,0.4145145566302804,0.0,71.55070688840382,0.93723106,1.0248027,11.709997665369817,True,0.5713295076411964,0.30744081
174,5079,110.97145,989,8814.168,2.6969163,5,17.364286,0.4456107840265088,0.9393040741364802,946.9486095776452,0.86741316,0.92960316,0.0,True,0.5721514968185561,0.9363937998955361
175,3423,108.6645,989,9001.293,1.6744421,3,64.632698,0.4363491818592839,0.8938118061880597,884.4047993860408,0.88906926,0.97297513,0.0,True,0.5721652053014987,0.9175608033316418
176,1862,103.15411,989,9482.1328,2.557471,4,73.822708,0.4142265421029762,0.8222723548691927,776.7999617823575,0.93538034,0.99139321,0.0,True,0.5705726814720833,0.873008611408435
177,8069,118.64152,989,8244.3398,3.1239507,4,143.741,0.4764028199019179,0.9975894798228734,1067.3029898583009,0.83856088,0.84095001,0.0,True,0.5850502379313425,0.9505976388760113
178,1697,103.0471,989,9491.9805,3.0385499,3,53.564121,0.41379688262361797,0.8120534244056785,766.4432176824398,0.81528956,0.85663575,0.0,True,0.5342446858365326,0.825428122083975
179,0,93.204071,989,10494.402,1.0139213,1,29.224745,0.3742786846949476,0.0,64.60413903035897,0.74883473,0.0,0.0,True,0.48664549828646336,0.0
180,6617,109.74055,989,8913.0312,1.9049143,4,20.434942,0.44066918516105896,0.9672305837573061,965.4643906570197,0.88145268,0.95427054,0.0,True,0.5729042336127412,0.9633425706301142
181,595,103.62897,989,9438.6836,2.3814001,4,80.265701,0.4161329519177422,0.698166475597136,662.3877867862485,0.87760496,0.86049056,0.0,True,0.5545745543424196,0.7468637009179953
182,0,110.66531,989,8838.5508,1.3615119,2,164.14186,0.4443817612121427,0.0,76.70734761229232,,,,False,0.4443817612121427,0.0
183,0,95.390373,989,10253.875,0.48890591,2,22.217577,0.38305649538332104,0.0,66.11956809751153,0.63927567,0.0,0.0,True,0.4599222477683247,0.0
184,6680,108.33634,989,9028.5586,1.3681592,3,52.333035,0.4350317304390691,0.9669036688575047,954.1368477149957,0.69975311,0.94783938,0.0,True,0.5144481443073483,0.9611843822002533
185,5016,104.92785,989,9321.8438,0.61749095,2,148.68056,0.42134763503753864,0.9321859517507387,894.0678315649209,0.6843192,0.92542797,0.0,True,0.5002391045262771,0.9301585572255171
186,3348,101.6002,989,9627.1562,0.68997359,2,137.65759,0.40798793300179487,0.8848492956836834,824.6599308247467,0.66898853,0.89453191,0.0,True,0.48628811210125644,0.8877540799785784
187,1676,97.868065,989,9994.2812,2.5914662,3,158.06227,0.3930041038250722,0.8061570658342143,726.705408335836,0.65147424,0.84269124,0.0,True,0.47054514467755054,0.81711731808395
188,3466,107.93608,989,9062.0391,2.5962243,4,64.041763,0.4334248221181457,0.8945218987389171,879.8229672662882,0.69791394,0.89455903,0.0,True,0.512771557482702,0.8945330381172419
189,2782,104.97408,989,9317.7383,0.57098085,2,131.41646,0.42153324569096723,0.8677557176751995,832.6170340396666,0.68451554,0.87710947,0.0,True,0.5004279339836771,0.8705618433726396
190,2094,101.71778,989,9616.0273,1.3277255,2,71.706779,0.4084600107747061,0.8338123692462771,777.9158184572308,0.66955084,0.85486341,0.0,True,0.4867872595422943,0.8401276814723939
191,1402,92.167282,989,10612.453,1.3357158,2,80.378777,0.370116061052738,0.7816954099404262,667.9437199162403,0.62391114,0.82128716,0.0,True,0.4462545847369166,0.7935729349582983
192,706,89.598633,989,10916.695,0.71731591,2,42.355179,0.3598030290789712,0.7056143824165095,587.9860199338813,0.61114293,0.7701782,0.0,True,0.43520499935527984,0.7249835276915566
193,6,86.490646,989,11308.98,2.5611997,3,157.70871,0.34732441703454675,0.2084840228363982,179.85224225912492,0.59545344,0.13981256,0.0,True,0.42176312392418275,0.18788258398547875
194,14007,117.09467,989,8353.25,2.1752315,3,54.182823,0.47019293672713774,1.0572065412817775,1117.9561229153335,0.74256301,0.79523969,0.0,True,0.5519039587089964,0.9786164858972443
195,13191,114.23176,989,8562.6016,2.4212785,4,72.182884,0.4586996241120448,1.0476898853190844,1083.7671592770039,0.74430823,0.7475034,0.0,True,0.5443822058784313,0.9576339397233591
196,191,108.70828,989,8997.668,4.5324545,5,89.538498,0.4365249400966144,0.5774260458276063,572.0979986087252,0.76817358,0.82303679,0.0,True,0.5360195320676301,0.6511092690793244
197,3445,120.61834,989,8109.2227,3.2470889,4,82.740379,0.4843387587656072,0.9048832724465189,982.4676877823838,0.83438587,0.96898621,0.0,True,0.589352892135925,0.9241141537125632
198,24339,123.98125,989,7889.2656,2.5598323,4,79.400307,0.4978389695297314,1.125505149667833,1252.2003903889636,0.76886654,1.0496005,0.0,True,0.579147240670812,1.102733754767483
199,22717,115.92046,989,8437.8633,2.6918771,3,86.232918,0.46547904805394386,1.1095111721962407,1162.7931331942361,0.73392165,1.0408994,0.0,True,0.5460118286377607,1.0889276405373685
200,272,97.083481,989,10075.051,3.9364018,4,104.10056,0.3898540887199457,0.6085269810459171,544.9420158670922,0.6437552,0.40530872,0.0,True,0.466024422103962,0.547561502732142
201,18479,121.35197,989,8060.1992,1.3190278,4,121.48552,0.4872838585518226,1.0922037364586967,1192.2222419322354,0.79516876,0.9669987,0.0,True,0.5796493289862759,1.0546422255210879
202,9534,114.83642,989,8517.5156,2.9085686,4,19.287233,0.46112710147386987,1.0124297788100254,1052.2265241385876,0.72582752,0.92061633,0.0,True,0.5405372270317089,0.9848857441670178
203,10608,127.06564,989,7697.7617,1.9000829,3,53.986214,0.5102209247059448,1.035800735655519,1177.8415868227025,0.7798034,0.9389956,0.0,True,0.5910956672941614,1.0067591949588632
204,11321,118.85799,989,8229.3242,3.0418575,5,50.69426,0.47727187499059,1.0353466712518988,1109.4907634679848,0.83797079,0.8746056,0.0,True,0.585481549493413,0.9871243498763291
205,9597,110.83735,989,8824.832,1.4013319,4,193.79353,0.4450724262781276,1.0092062923300986,1016.3135715748502,0.76476532,0.89617872,0.0,True,0.5409802943946893,0.975298020631069
206,123419,132.38501,989,7388.457,2.652818,5,92.685791,0.5315746420809183,1.31603535787104,1551.9966746688458,0.92228055,1.1382582,0.0,True,0.6487864144566429,1.262702210509728
207,7419,114.69303,989,8528.1641,2.8361125,4,114.07222,0.46055146050348755,0.9845829909258743,1022.1522084155614,0.85832965,0.87166768,0.0,True,0.5798849173524414,0.950708397648112
208,5797,113.93906,989,8584.5977,2.207592,4,16.539494,0.45752458329210155,0.9566347117066896,987.3321755775197,0.8553921,0.69397724,0.0,True,0.5768848383044711,0.8778374701946827
209,129374,132.33429,989,7391.2891,2.2813039,4,188.47713,0.5313710151804314,1.3212683409626775,1557.637871910411,0.92194992,1.1325978,0.0,True,0.648544686626302,1.2646671786738743
210,8843,110.72242,989,8833.9922,2.0297322,3,169.77347,0.44461102337657304,1.0000872366151539,1006.2019062124831,0.76379305,0.76850313,0.0,True,0.5403656313636012,0.9306120046306077
211,9650,113.23692,989,8637.8281,2.1460586,4,112.87047,0.454705752142154,1.0121977073268245,1038.9397303696805,0.7567755,0.77328587,0.0,True,0.5453266764995078,0.940524156128777
212,1964,109.78988,989,8909.0273,3.065742,4,36.973316,0.4408671865015404,0.833767630738621,832.6196942038777,0.73043239,0.61959964,0.0,True,0.5277367475510784,0.7695172335170347
213,1141,104.926,989,9322.0078,0.76286626,2,100.71679,0.42134022395277465,0.7702610349097249,738.8271602353343,0.72142839,0.49646667,0.0,True,0.5113666737669422,0.6881227254368074
214,734,104.23983,989,9383.3711,0.50505602,2,115.52101,0.4185854232859708,0.7215327838430063,688.1111053671779,0.73482561,0.77565879,0.0,True,0.5134574793001796,0.7377705856901045
215,673,105.09198,989,9307.2852,2.2318892,3,53.503593,0.4220065719534962,0.7126949551664888,684.6440558149221,0.74943447,0.8298319,0.0,True,0.5202349413674473,0.7478360386165422
216,11,106.3138,989,9200.3203,3.9165649,4,142.66656,0.4269118446778491,0.2722493304343546,272.6895129992943,0.80087703,0.18830003,0.0,True,0.5391014002744944,0.24706454030404823
217,23873,117.51352,989,8323.4766,2.9831502,4,98.091354,0.4718744311394038,1.1166862500656598,1184.605281466975,0.84221846,0.88433498,0.0,True,0.5829776397975827,1.0469808690459619
218,0,85.710274,989,11411.945,1.0310974,2,9.7083817,0.344191209488868,0.0,59.40983476812038,0.78174084,0.0,14.764619475691735,True,0.4754560986422076,0.0
219,0,98.334038,989,9946.9219,1.9855763,2,112.25024,0.3948748994189428,0.0,68.15996119277453,,,,False,0.3948748994189428,0.0
220,0,108.37347,989,9025.4648,1.0542305,2,48.543095,0.43518082004478353,0.0,75.11876517799782,,,,False,0.43518082004478353,0.0
221,0,98.397026,989,9940.5547,2.0944505,2,227.92879,0.3951277768267563,0.0,68.20362114738363,0.84104383,0.19952226,10.238572642057633,True,0.5289025927787294,0.05985667800000001
222,2623,103.76587,989,9426.2305,2.9367638,4,99.310379,0.41668259325961726,0.8602300312443443,816.9316950690165,0.87636471,0.55155337,0.0,True,0.5545872282817321,0.767627032871041
223,0,94.041763,989,10400.922,1.9836868,2,276.29266,0.37764192931461155,0.0,65.18478287833658,0.84548104,0.33083957,11.687860969234418,True,0.5179936625202282,0.09925187100000002
224,1193,113.15484,989,8644.0938,3.0749891,4,301.52362,0.45437623341414796,0.7815864364050329,801.8040464560563,0.85823619,0.77516252,0.0,True,0.5755342203899035,0.779659261483523
225,0,103.40241,989,9459.3633,1.0166061,2,6.078578,0.41522341020235604,0.0,71.6730889546035,0.92965305,1.0613121,9.593643315674035,True,0.5695523021416493,0.3183936300000001
226,6788,103.40331,989,9459.2812,1.9887969,4,75.889923,0.41522701329175354,0.9637348611466929,912.3487280177435,0.92965305,1.0542693,0.0,True,0.5695548243042274,0.9908951928026851
227,3402,93.807014,989,10426.949,4.0295706,4,100.33303,0.3766994674716903,0.878948213847738,762.9049115365468,0.84454036,0.47632518,0.0,True,0.5170517352301832,0.7581613036934166
228,152454,132.44621,989,7385.043,2.0070636,4,97.267731,0.5318203149202486,1.3398222210547412,1580.6966845989875,0.92131287,1.1282922,0.0,True,0.6486680814441741,1.2763632147383188
229,21669,117.24901,989,8342.2539,2.4861662,4,107.37614,0.4708125593576938,1.105680414340536,1170.582486771958,0.84297591,0.90744197,0.0,True,0.5824615645503857,1.0462088810383752
230,196,109.93439,989,8897.3164,3.0124159,4,102.05112,0.4414473379763661,0.5809649724900617,581.3624101765149,0.78791481,0.9199909,0.0,True,0.5453875795834563,0.6826727507430432
231,0,116.98645,989,8360.9766,4.0076613,4,170.55409,0.4697585228911698,0.0,81.08882798121701,0.83852047,0.0,0.0,True,0.5803871070238189,0.0
232,155047,132.49675,989,7382.2266,2.1188903,4,96.167252,0.5320231552197244,1.3417730086957966,1583.534440570695,0.92099434,1.1246978,0.0,True,0.6487145106538071,1.2766504460870576
233,831,109.92888,989,8897.7617,2.6515353,4,48.653694,0.44142525013781186,0.7393789523807107,739.2754162457219,0.78791445,0.90106857,0.0,True,0.5453720100964683,0.7878858376664974
234,0,103.19879,989,9478.0273,1.9999921,2,23.33259,0.41440593051767033,0.0,71.53195032569788,0.7489385,0.0,0.0,True,0.5147657013623692,0.0
235,6333,119.67202,989,8173.3477,3.8883471,4,134.994,0.4805397493478372,0.9716601634379817,1047.590325017107,0.8391642,0.92200989,0.0,True,0.5881270845434861,0.9567650814065871
236,3105,109.9395,989,8896.9023,1.3489046,4,52.046291,0.44146788021140737,0.8842392524245076,884.0689145522169,0.78791523,0.91664952,0.0,True,0.5454020851479852,0.8939623326971554
237,4456,120.72552,989,8102.0234,3.2383928,4,220.47133,0.48476902652939247,0.9335564170041158,1014.3908111979756,0.83612096,0.99203604,0.0,True,0.5901746065705747,0.9511003039028811
238,0,88.793053,989,11015.738,2.1447575,2,38.340149,0.3565686109607451,0.0,61.54665434025979,0.60493863,0.0,0.0,True,0.4310796166725216,0.0
239,4164,120.17889,989,8138.875,3.1693084,4,21.17305,0.4825746046450065,0.9255612534402267,1001.6563911805375,0.79427266,0.93975472,0.0,True,0.5760840212515046,0.9298192934081586
240,6692,100.60721,989,9722.1758,2.8015108,4,61.261574,0.4040012866272345,0.9593077210947683,886.2455809574076,0.66120279,0.94400573,0.0,True,0.4811617376390642,0.9547171237663378
241,16276,113.19135,989,8641.3047,3.9049358,5,26.518972,0.4545228556606847,1.069815377749941,1097.6810153309937,0.71931243,1.01651,0.0,True,0.5339597279624793,1.0538237644249588
242,9896,103.48553,989,9451.7656,2.1696498,4,75.668022,0.4155571124578567,1.004993598539886,952.0759822621794,0.67426848,0.97472489,0.0,True,0.49317052272049966,0.9959129859779201
243,14794,125.82964,989,7773.375,3.9465396,4,30.408697,0.5052591720128505,1.0717948523056922,1208.2303154456183,0.78275132,0.84572953,0.0,True,0.5885068164089954,1.0039752556139845
244,3354,99.164452,989,9863.625,2.0814731,4,28.4307,0.3982088853559118,0.8827099849519525,805.0671060864975,0.65450007,0.8931697,0.0,True,0.47509624074913825,0.8858478994663668
245,8520,131.69246,989,7427.3125,2.8841517,4,21.470749,0.5287944927056734,1.0153664110196274,1191.8702741319246,0.800816,0.82383233,0.0,True,0.6104009448939713,0.9579061867137392
246,3354,104.51651,989,9358.5312,2.9514399,4,44.230839,0.41969621708962607,0.8877825642040525,848.5178160815175,0.67943943,0.89559257,0.0,True,0.4976191809627383,0.8901255659428369
247,0,88.3974,989,11065.043,2.0897665,2,14.295824,0.3549800551592162,0.0,61.27240857882971,0.60340452,0.0,0.0,True,0.4295073946114514,0.0
248,33,99.647682,989,9815.793,4.309886,5,12.588887,0.4001489473845515,0.3836314194388674,354.28219303061354,0.65957266,0.25524256,0.0,True,0.47797606116918606,0.34511476160720717
249,8988,109.76105,989,8911.3672,3.1237755,4,33.091221,0.4407514518855924,1.0009166526343178,999.2501247321654,0.70616448,0.97009313,0.0,True,0.5203753603199147,0.9916695958440225
250,9108,112.49084,989,8695.1172,4.2762322,5,36.584404,0.4517105431888876,1.005088419159134,1025.5933860111847,0.71826553,0.97029155,0.0,True,0.5316770392322213,0.9946493584113938
251,3362,103.71846,989,9430.5391,1.9877657,4,80.330795,0.4164922607730741,0.8872995086283167,842.2857919432766,0.67849261,0.89545155,0.0,True,0.4950923655411519,0.8897451210398217
252,1683,100.40043,989,9742.1992,1.1447358,2,102.15108,0.40317110251496274,0.8088521842647919,745.9270873097232,0.66323316,0.84378719,0.0,True,0.481189719760474,0.8193326859853544
253,0,92.662796,989,10555.703,0.82505697,1,34.145206,0.3721055171365796,0.0,64.22895579020138,0.62652659,0.0,0.0,True,0.4484318389956057,0.0
254,21389,113.43816,989,8622.5039,0.88083118,4,143.16473,0.4555136828901449,1.1002154236638153,1131.0607604613815,0.72196174,1.0341452,0.0,True,0.5354481000231014,1.0803943565646708
255,0,91.638962,989,10673.637,2.2857435,2,37.707558,0.3679948591910176,0.0,63.51928813973997,0.61888784,0.0,0.0,True,0.44326275343371235,0.0
256,0,96.409935,989,10145.438,1.752681,2,73.940651,0.3871498928684676,0.0,66.82627462321759,0.6416648,0.0,0.0,True,0.46350436500792735,0.0
257,0,79.843582,989,12250.465,1.2564774,2,176.41531,0.3206358503851607,0.0,55.3433537491068,0.52710491,0.0,0.0,True,0.3825765682696125,0.0
258,2483,84.955658,989,11513.312,2.2549717,4,80.472382,0.3411613627654568,0.8359737943109122,664.1857077802616,0.55042475,0.85592014,0.0,True,0.40394037893581974,0.8419576980176385
259,120,79.904709,989,12241.094,1.7977076,3,32.757153,0.32088126862290023,0.5094967561912134,383.86390360928687,0.52733833,0.31212187,0.0,True,0.38281838703603016,0.45028429033384937
260,4,78.030052,989,12535.184,1.1570179,2,116.76244,0.31335422169678756,0.17055392526875007,139.81108455535752,0.52052605,0.11453056,0.0,True,0.3755057701877513,0.15374691568812504
261,589,80.778397,989,12108.695,1.1362345,2,32.971622,0.3243892720103526,0.6785973425319495,515.5128678349887,0.53875589,0.7632373,0.0,True,0.38869925740724687,0.7039893297723647
262,1277,84.298012,989,11603.133,1.8212957,3,62.469826,0.33852085405565085,0.7642729781639155,603.053967651499,0.55566901,0.81452596,0.0,True,0.4036653008389556,0.7793488727147408
263,162317,133.87578,989,7306.1836,2.1535797,4,87.167999,0.5375589544013942,1.348484344764465,1606.150414107547,0.91255856,1.1159769,0.0,True,0.650058836080976,1.2787321113351253
264,0,104.81866,989,9331.5547,1.2296427,2,81.004341,0.4209092527833385,0.0,72.65475864907151,0.78125364,0.0,0.0,True,0.5290125689483369,0.0
265,162294,136.71149,989,7154.6367,2.9314957,4,38.642517,0.5489421496817657,1.351651489397633,1640.1519581576404,0.89700967,1.0944906,0.0,True,0.653362405777236,1.274503222578343
266,175127,139.34727,989,7019.3047,1.6959701,4,70.53936,0.5595227244004121,1.36315697422033,1682.3783465588886,0.88956964,1.094088,0.0,True,0.6585367990802885,1.282436281954231
267,15196,127.82064,989,7652.293,2.9558029,4,66.176521,0.5132517836186069,1.0766732681315554,1230.7746043281804,0.82358539,1.0184611,0.0,True,0.6063518655330249,1.0592096176920887
268,7561,121.48602,989,8051.3047,4.4333091,5,38.726852,0.48782204088085945,0.9929874077110236,1084.99446502195,0.814318,0.98291844,0.0,True,0.5857708286166016,0.9899667173977165
269,11880,127.57305,989,7667.1445,2.1575451,4,71.706085,0.5122578580426301,1.0489212511825117,1196.9898530105572,0.82245165,0.99971706,0.0,True,0.6053159956298411,1.0341599938277581
270,0,111.61066,989,8763.6875,2.0163023,2,65.581314,0.4481770009014601,0.0,77.36261429943465,0.7489571,0.0,0.0,True,0.5384110306310221,0.0
271,0,106.77821,989,9160.3047,2.4244034,3,27.704617,0.42877634647856855,0.0,74.01301520673776,0.74128735,0.0,0.0,True,0.522529647534998,0.0
272,0,109.03704,989,8970.5391,1.7156086,3,31.896311,0.43784479407723254,0.0,75.57871685260199,0.75250095,0.0,0.0,True,0.5322416408540628,0.0
273,35720,131.97739,989,7411.2773,2.7232842,4,103.73888,0.5299382952516045,1.1764451264994626,1383.5878747963318,0.80535722,1.0923134,0.0,True,0.6125639726761232,1.1512056085496238
274,34204,125.5545,989,7790.4102,2.699882,4,53.3354,0.5041546111868466,1.1650583329120716,1310.8086099764555,0.77684623,1.0864476,0.0,True,0.5859620968307926,1.1414751130384502
275,0,103.55148,989,9445.7461,0.44956249,2,16.129955,0.41582187889124345,0.0,71.77641640480957,0.67502415,0.0,0.0,True,0.49358256022387037,0.0
276,25507,132.42268,989,7386.3555,1.1620723,4,74.162483,0.5317258400180416,1.1390862159263595,1343.664676291453,0.80377889,0.91633636,0.0,True,0.6133417550126291,1.0722612591484517
277,20998,129.71681,989,7540.4336,4.1034212,5,16.956379,0.5208636552782403,1.1146670848234383,1290.977717645129,0.77213383,0.70598447,0.0,True,0.5962447076947682,0.9920623003764069
278,180877,139.41524,989,7015.8828,2.6582065,4,128.88322,0.5597955461139102,1.3668797286094525,1687.7028399240012,0.88936955,1.0825104,0.0,True,0.6586677472797371,1.2815689300266166
279,6001,130.56056,989,7491.7031,3.5369129,4,134.9239,0.5242507585587982,0.9751059212448207,1135.8787812199496,0.81694824,0.92904389,0.0,True,0.6120600029911587,0.9612873118713745
280,30380,131.91397,989,7414.8398,4.1334033,5,127.42209,0.5296837521810054,1.1582120720857996,1361.5639723629743,0.82229465,1.1007975,0.0,True,0.6174670215267037,1.1409877004600597
281,31865,125.11378,989,7817.8516,1.9550378,3,86.774605,0.5023854333232382,1.1567001535077783,1297.3456057640303,0.73443896,0.74201941,0.0,True,0.5720014913262668,1.0322959304554449
282,31875,125.9157,989,7768.0625,2.0991955,4,41.538563,0.5056046247490824,1.1575598262889113,1305.70048257023,0.7441901,0.78160352,0.0,True,0.5771802673243577,1.0447729344022378
283,195273,143.05489,989,6837.3828,2.3898547,4,62.157253,0.5744055639917417,1.3795393738750181,1742.7181453559006,0.88750613,1.0948627,0.0,True,0.6683357337942193,1.2941363717125127
284,38397,132.64449,989,7374.0039,1.964741,4,14.480429,0.5326162496456134,1.1852251333544137,1400.1669429153205,0.82317501,1.1113348,0.0,True,0.6197838777519293,1.1630580333480895
285,20231,114.28629,989,8558.5156,2.1779549,4,100.89821,0.4589185649739856,1.094973516429231,1133.156589822331,0.85401934,0.98850775,0.0,True,0.5774487974817899,1.0630337865004615
286,0,85.450455,989,11446.645,1.0677238,2,19.829576,0.343147991276646,0.0,59.229741960814486,0.78174084,0.0,0.0,True,0.47472584589365224,0.0
287,7547,103.40822,989,9458.832,2.9514282,4,89.326378,0.4152467282570304,0.9753159073159362,923.3496153971865,0.92965329,1.0448233,0.0,True,0.5695686967799213,0.9961681251211554
288,17221,114.13277,989,8570.0273,2.1133122,4,69.297714,0.45830226585832473,1.0770249277739241,1113.251150297235,0.85463375,0.99922717,0.0,True,0.5772017111008273,1.053685600441747
289,3,94.630272,989,10336.238,2.8647656,3,143.77509,0.3800047488352868,0.14997178007912584,152.3015474207511,0.7253511,0.101037,0.0,True,0.4836086541847008,0.1352913460553881
290,695,103.47262,989,9452.9453,2.8882539,3,72.467247,0.4155052631123543,0.714995019613034,677.4130390291676,0.77985543,0.6465922,0.0,True,0.524810313178648,0.6944741737291238
291,6758,113.53131,989,8615.4297,1.9779829,3,83.475861,0.45588762210493194,0.9731806316434074,1001.2074381301733,0.8535282,0.96762311,0.0,True,0.5751797954734523,0.9715133751503853
292,5078,102.47939,989,9544.5625,2.0081887,3,69.841362,0.41151770960378853,0.9311252008684097,874.4634539072828,0.78534323,0.94245118,0.0,True,0.523665365722652,0.9345229946078868
293,3308,108.51353,989,9013.8164,1.9568387,4,56.953327,0.4357430719850748,0.8899239948064256,879.4699829561923,0.95307529,0.88926798,0.0,True,0.5909427373895524,0.8897271903644979
294,3386,102.1121,989,9578.8945,1.31863,3,41.910099,0.4100430846607712,0.8865649371250244,829.9666439344904,0.78302658,0.90495884,0.0,True,0.5219381332625399,0.8920831079875171
295,1695,98.702469,989,9909.793,1.2349575,2,73.198067,0.396354073838045,0.8081249813037795,734.0124850866459,0.76155716,0.85242176,0.0,True,0.5059149996866315,0.8214140149126457
296,0,90.628059,989,10792.695,0.89587641,1,51.327503,0.36393613108933764,0.0,62.81858357547037,0.7097379,0.0,0.0,True,0.4676766617625364,0.0
297,0,130.06807,989,7520.0703,2.0046706,3,1000.8511,0.5222737062945846,0.0,90.15631600137361,,,,False,0.5222737062945846,0.0
298,91,99.245026,989,9855.6172,3.9920371,5,96.45845,0.3985323689166402,0.49170713560929985,449.83795454558174,0.86709076,0.74965143,0.0,True,0.5390998862416482,0.56909042392651
299,2629,116.60158,989,8388.5742,3.4590828,5,74.15435,0.4682134310413962,0.8715831305749469,918.2513508577622,0.79008567,0.92389691,0.0,True,0.5647751027289774,0.8872772644024628
300,0,111.46291,989,8775.3047,2.1315947,2,79.56543,0.4475838163154365,0.0,77.26020180350693,0.74825323,0.0,0.0,True,0.5377846404208055,0.0
301,4772,111.64152,989,8761.2656,1.931949,3,97.065948,0.4483008633892618,0.9330603250645616,945.7085958706857,0.74826515,0.92588472,0.0,True,0.5382901493724832,0.9309076435451932
302,3092,101.11623,989,9673.2344,2.0748286,3,63.572636,0.4060448948492057,0.8757242975191785,812.6933892286528,0.69635177,0.88855106,0.0,True,0.493136957394444,0.879572326263425
303,8548,125.52781,989,7792.0664,3.1335669,4,95.513603,0.5040474808617769,1.0103025062811188,1136.4894465456036,0.81321371,0.97387624,0.0,True,0.5967973496032438,0.9993746263967832
304,0,114.19627,989,8565.2617,1.011445,2,53.675087,0.4585571997397276,0.0,79.15482258096226,0.77799487,0.0,0.0,True,0.5543885008178093,0.0
305,715,105.0948,989,9307.0352,3.2228682,4,39.504196,0.42201790520562404,0.719311674539337,691.006280452649,0.72979915,0.85161269,0.0,True,0.5143522786439368,0.7590019791775358
306,2291,105.85,989,9240.6328,1.7518572,4,14.159592,0.4250498336999191,0.8472889320701101,819.0266835405091,0.72793365,0.85075986,0.0,True,0.5159149785899434,0.8483302104490771
307,0,96.888893,989,10095.285,2.1030383,2,83.693954,0.38907285815834824,0.0,67.15826301052422,0.67416078,0.0,0.0,True,0.47459923471084375,0.0
308,12,101.72179,989,9615.6484,3.8599362,4,19.900795,0.4084761025979508,0.27966644649681316,268.4496354810841,0.70087159,0.18647408,0.0,True,0.49619474881856557,0.2517087365477692
309,1383,109.13641,989,8962.3711,4.0479078,4,19.927408,0.4382437418938867,0.7947076115772095,789.4333562833909,0.73430026,0.80060303,0.0,True,0.5270606973257208,0.7964762371040466
310,0,121.67286,989,8038.9414,1.5425303,2,22.869398,0.4885720886598449,0.0,84.33719985966495,0.73465478,0.0,0.0,True,0.5623968960618915,0.0
311,15141,125.32613,989,7804.6055,3.5136011,4,140.92552,0.5032378713884565,1.0739021350100537,1206.3008042652514,0.81025541,1.003615,0.0,True,0.5953431329719197,1.0528159945070377
312,33531,127.81242,989,7652.7852,2.1829407,4,13.224469,0.5132187817091742,1.165157418172088,1331.8418822512738,0.75472152,0.87869507,0.0,True,0.5856696031964219,1.0792187137204616
313,140368,128.93871,989,7585.9375,1.8964775,4,31.881426,0.5177401019169462,1.3265544152794384,1528.1863710039845,0.75523967,1.1021936,0.0,True,0.5889899723418623,1.2592461706956068
314,219113,144.8235,989,6753.8828,2.1000996,4,89.972435,0.5815049862305808,1.3945231847723207,1780.9455552184306,0.89284813,1.1539534,0.0,True,0.6749079293614066,1.3223522493406246
315,173,113.22672,989,8638.6055,2.3083091,3,47.961048,0.4546648420170806,0.5691592782826902,584.7917753293651,0.75423408,0.70168263,0.0,True,0.5445356134119564,0.6089162837978832
316,8,105.98535,989,9228.832,1.3487636,2,56.224556,0.42559322221327583,0.24064898571727003,244.0402869857565,0.71811169,0.16002287,0.0,True,0.5133487625492931,0.21646115100208901
317,539,113.30824,989,8632.3906,1.6008799,2,40.182274,0.45499210269563406,0.6941560002952315,713.096262068164,0.75431937,0.75258374,0.0,True,0.5447902828869439,0.711684322206662
318,1235,126.67128,989,7721.7266,2.980289,3,98.915855,0.5086378296442313,0.7952961489174717,901.955802819753,0.81643927,0.82419765,0.0,True,0.6009782617509619,0.8039665992422302
319,148206,129.40776,989,7558.4414,1.8011978,4,94.793655,0.5196230387539831,1.3331775888342823,1540.7769265577974,0.75875962,1.1207465,0.0,True,0.5913640131277882,1.2694482621839975
320,221293,145.2662,989,6733.3008,2.2967396,4,73.359657,0.5832819722898519,1.396128842766587,1787.8277206071714,0.89554536,1.156605,0.0,True,0.6769609886028964,1.324271689936611
321,111931,128.1754,989,7631.1133,5.8487325,6,41.894024,0.5146759101020311,1.300352348021173,1490.1230769144909,0.76007605,1.1509086,0.0,True,0.5882959520714217,1.255519223614821
322,88674,128.9328,989,7586.2852,3.4515157,4,27.846577,0.5177163787398789,1.2751404781101643,1468.8984553818746,0.77543396,1.1066071,0.0,True,0.5950316531179152,1.224580464677115
323,60016,128.99052,989,7582.8906,3.6118917,4,26.882465,0.5179480814910392,1.2315119035011795,1419.2052709614395,0.76754689,1.011018,0.0,True,0.5928277240437274,1.1653637324508255
324,164398,140.18985,989,6977.1172,2.3769147,5,15.754341,0.562904937975453,1.356942107094032,1683.688196090631,0.81826186,1.149565,0.0,True,0.6395120145828171,1.2947289749658224
325,75657,137.32419,989,7122.7148,2.9365926,4,34.579063,0.5514016553461786,1.2663047258694873,1542.6988080705203,0.81796902,1.0804086,0.0,True,0.631371864742325,1.210535888108641
326,166127,139.77588,989,6997.7812,3.515182,5,47.916691,0.5612431906570762,1.3576707234586523,1680.178743443043,0.81869048,1.1840039,0.0,True,0.6384773774599534,1.3055706764210566
327,81535,138.49915,989,7062.2891,3.8432801,5,17.44388,0.556118171124879,1.2759635247862056,1566.2608749850237,0.892407,1.2064151,0.0,True,0.6570048197874153,1.255098997350344
328,223954,145.63965,989,6716.0352,2.0330365,4,72.692863,0.5847810286241754,1.3978917499735741,1794.1646874342061,0.89776903,1.1605681,0.0,True,0.6786774290369229,1.326694654981502
329,136385,140.72664,989,6950.5039,2.4765475,3,45.729008,0.5650596664303084,1.3364126917363741,1663.8464872943712,0.835693,1.1095164,0.0,True,0.6462496665012158,1.268343804215462
330,136267,139.48203,989,7012.5234,1.055059,3,62.640343,0.5600636437522495,1.3349749557549444,1649.010419972913,0.81605619,1.1069334,0.0,True,0.6368614076265746,1.266562489028461
331,1692,129.40984,989,7558.3203,2.1828017,3,61.57478,0.5196313619926153,0.8324289502776555,962.1424739555248,0.83506948,0.858114,0.0,True,0.6142627973948307,0.8401344651943589
332,0,125.87829,989,7770.3711,0.21520849,1,205.89961,0.5054544467890136,0.0,87.25218180720717,0.81931549,0.0,0.0,True,0.5996127597523095,0.0
333,121128,144.16537,989,6784.7148,3.2280149,5,138.46616,0.5788632129626867,1.3266218236885203,1687.4008193814461,0.95993817,1.2466561,0.0,True,0.6931857000738808,1.3026321065819642
334,228586,148.8006,989,6573.3672,2.7456946,5,22.73485,0.5974692234054119,1.4036330807131894,1836.151272292294,0.89795005,1.191175,0.0,True,0.6876134713837884,1.3398956564992326
335,4863,108.64809,989,9002.6523,1.934715,3,206.57738,0.4362833126371151,0.9323503395186664,922.4029441554646,0.95196873,0.80623561,0.0,True,0.5909889378459806,0.8945159206630665
336,6485,120.56184,989,8113.0234,2.936096,4,96.507034,0.4841119169895946,0.975093938049927,1058.2382361414,0.91858113,0.69966352,0.0,True,0.6144526808927162,0.8924648126349488
337,1730,108.88247,989,8983.2734,4.1373272,6,218.2549,0.43722426237908546,0.8190797639033902,811.9400727329049,0.9531545,1.0344126,0.0,True,0.5920033336653598,0.8836796147323731
338,830,99.245064,989,9855.6133,4.0189586,6,97.064423,0.39853252658931315,0.731030459753257,667.3071809145771,0.86709076,0.84487081,0.0,True,0.5390999966125192,0.7651825648272799
339,13242,108.1853,989,9041.1641,2.6322117,5,39.742722,0.43442532847429116,1.0418611027038536,1026.8191269272738,0.9474842,1.0222348,0.0,True,0.5883429899320038,1.0359732118926974
340,0,92.360931,989,10590.203,1.3305988,2,22.40625,0.37089352749276217,0.0,64.01971891654165,0.8155278,0.0,0.0,True,0.5042838092449335,0.0
341,8445,106.72997,989,9164.4453,2.6357462,4,22.454554,0.42858266274598483,0.9910158962090664,965.0061349303568,0.93524724,0.98720753,0.0,True,0.5805820359221894,0.9898733863463465
342,5501,101.1897,989,9666.2109,3.2479033,4,13.417127,0.40633986734706184,0.9385579871908359,871.5518117170739,0.88962054,0.9524135,0.0,True,0.5513240691429433,0.9427146410335852
343,1605,102.29836,989,9561.4531,3.0077822,3,26.638353,0.4107909029835068,0.8053301278332013,755.1792159309878,0.90032816,0.86293638,0.0,True,0.5576520800884548,0.8226120034832409
344,8,94.160156,989,10387.844,2.7813742,3,13.183108,0.3781172782372303,0.23757168623372898,216.81177155959386,0.83027267,0.16173233,0.0,True,0.5137638957660613,0.21481987936361027
345,714,102.74861,989,9519.5547,2.7149138,4,10.721024,0.4125985365172998,0.7173870055006545,675.4364997397743,0.90138739,0.79257447,0.0,True,0.55923519256211,0.7399432448504581
346,2320,94.905075,989,10306.309,2.9167755,5,25.390261,0.3811080493017252,0.8386450594828833,735.5318091828921,0.83637649,0.88232511,0.0,True,0.5176885815112077,0.8517490746380183
347,0,108.88228,989,8983.2891,2.0039895,3,126.06629,0.4372234984169199,0.0,75.47144539493851,,,,False,0.4372234984169199,0.0
348,0,108.7958,989,8990.4297,1.9984179,3,134.16074,0.43687631326041027,0.0,75.4115020267637,,,,False,0.43687631326041027,0.0
349,1299,99.298752,989,9850.2852,4.0015945,6,96.077438,0.3987480523391078,0.779737110780497,712.0602766474705,0.86756724,0.88445443,0.0,True,0.5393938086373755,0.811152306546348
350,0,109.56318,989,8927.4609,1.9999878,3,132.46207,0.4399570789978393,0.0,75.94340931018179,,,,False,0.4399570789978393,0.0
351,25759,121.59068,989,8044.375,4.1334743,6,95.855774,0.48824216303483464,1.1293743860041179,1234.9499674493825,0.92188835,0.86459672,0.0,True,0.6183360191243843,1.0499410862028826
352,104,101.82264,989,9606.125,2.3562999,4,19.448421,0.40888097673473417,0.5074942874664251,474.84368004169914,0.89330506,0.30423,0.0,True,0.554208201714314,0.44651500122649757
353,103,93.17733,989,10497.414,4.4477134,5,19.270132,0.37417131418852684,0.5015990544756339,433.6435993535431,0.82026786,0.32843149,0.0,True,0.5080002779319688,0.4496487851329437
354,2281,108.88702,989,8982.8984,4.0228114,6,218.59584,0.43724251067651665,0.8494405959737571,842.0500733786027,0.95345747,0.91754287,0.0,True,0.5921069984735616,0.86987127818163
355,0,91.522438,989,10687.227,2.9091687,3,29.568945,0.36752700027695334,0.0,63.4385198576724,0.80835629,0.0,0.0,True,0.4997757871938674,0.0
356,874,97.801826,989,10001.051,2.0942321,4,56.070602,0.3927381290557669,0.7354696715156754,662.6431755120612,0.85859329,0.78988898,0.0,True,0.5324946773390369,0.7517954640609729
357,2647,108.66502,989,9001.25,3.3344376,5,52.885933,0.4363512658861431,0.8655868973394291,856.4908949104993,0.95268148,0.89882118,0.0,True,0.5912503301203003,0.8755571821376004
358,2048,106.8596,989,9153.3281,2.6328013,4,35.847019,0.42910308529406144,0.835884624090542,814.8680391700451,0.93700141,0.8763721,0.0,True,0.581472582705843,0.8480308668633794
359,29,91.763153,989,10659.191,3.1393213,4,94.744972,0.3684934952004347,0.3667272995836342,315.1134932452128,0.80865705,0.26914322,0.0,True,0.5005425616403043,0.33745207570854396
360,37,91.415146,989,10699.77,1.3541744,2,112.62418,0.3670962405835126,0.39205486767848174,334.9050227609419,0.76182055,0.28901097,0.0,True,0.4855135334084588,0.3611416983749372
361,696,94.35968,989,10365.879,1.7449045,3,30.913486,0.3789183433361266,0.7080235720675792,617.8878591065445,0.78381449,0.78442055,0.0,True,0.5003871873352886,0.7309426654473055
362,34325,121.64437,989,8040.8242,5.4455156,7,97.682884,0.4884577154613696,1.161353646690259,1270.4157858679846,0.92223287,0.89418048,0.0,True,0.6185902618229587,1.0812016966831812
363,179,98.128754,989,9967.7305,2.2315416,4,71.354996,0.39405072530189433,0.5639976216462977,510.12203635081454,0.86137766,0.36883107,0.0,True,0.5342488057113262,0.5054476561524084
364,35,109.23692,989,8954.125,2.2361877,3,71.170631,0.43864724248371006,0.3937844369761741,394.4455511500841,0.89239055,0.23819859,0.0,True,0.574770234738597,0.34710868288332186
365,676,114.04057,989,8576.957,4.3742194,5,44.154564,0.45793206966644284,0.7196134187840039,743.4472726306768,0.92772239,0.79439008,0.0,True,0.59886916576651,0.7420464171488028
366,3590,109.56586,989,8927.2422,3.1107092,5,197.14426,0.43996785467297744,0.8998578769344422,896.9570155690405,0.95692337,1.0114659,0.0,True,0.5950545092710842,0.9333402838541095
367,9978,109.75715,989,8911.6836,3.362489,6,21.297371,0.44073580697764697,1.0123999431012733,1010.6809756506202,0.95543736,1.0019834,0.0,True,0.5951462728843528,1.0092749801708913
368,41,96.131264,989,10174.848,2.8618898,4,60.845112,0.3860310711714882,0.40503708560112717,361.5689212785684,0.81109065,0.23940861,0.0,True,0.5135489448200418,0.355348542920789
369,261,99.94902,989,9786.1992,3.2819378,4,42.33094,0.4013587641932561,0.6059770741429714,556.9313348052161,0.87626708,0.79064757,0.0,True,0.5438312589352793,0.66137822290008
370,10937,109.8953,989,8900.4805,4.4445744,6,108.26967,0.44129043973636534,1.0226298907804807,1022.0361436653436,0.95433146,0.96194768,0.0,True,0.5952027458154558,1.0044252275463363
371,3198,99.8965,989,9791.3438,2.8902864,3,96.798569,0.40114792402053906,0.8782350021048153,806.2552700985924,0.86123168,0.55088663,0.0,True,0.5391730508143773,0.7800304904733707
372,1614,91.902245,989,10643.059,1.9001851,3,181.57039,0.36905192677555076,0.796628276268286,678.9470644787893,0.80039251,0.52133054,0.0,True,0.49845410174288557,0.7140389553878003
373,2559,101.15205,989,9669.8086,3.3292289,4,50.962002,0.4061887178567013,0.8551486612412741,793.8567733829087,0.834741,0.83957165,0.0,True,0.5347544024996909,0.8504755578688918
374,11111,109.89487,989,8900.5156,2.5536895,4,100.05458,0.44128869985798364,1.0243649094143545,1023.7664185455232,0.95357299,0.93327582,0.0,True,0.5949739869005886,0.9970381825900482
375,77,99.135208,989,9866.5352,4.0078826,5,97.009819,0.39809145480774266,0.47369906260230815,433.1661216994715,0.86893255,0.30829924,0.0,True,0.5393437833654199,0.4240791158216157
376,0,91.897392,989,10643.621,1.0153146,2,119.63786,0.3690324439118599,0.0,63.69841816561207,,,,False,0.3690324439118599,0.0
377,0,6.7015705,5,3.7304688,0.85380107,2,55.920002,1.2038540908391426,0.0,4.645174697398703,,,,False,1.2038540908391426,0.0
378,1,5.8234758,5,4.2929688,2.3150401,3,75.266441,1.0962470221219076,0.3488567344749735,6.397742076641351,0.84148806,0.78910041,0.0,True,1.0198193334853354,0.48092983713248144
379,0,5.1779933,5,4.828125,1.9830315,2,33.982288,1.0103283562187384,0.0,3.5891114568532867,0.76178479,0.0,0.0,True,0.9357652863531168,0.0
380,0,4.6410441,5,5.3867188,1.6873227,2,58.422314,0.9339259411507683,0.0,3.216926632769369,0.72855896,0.0,0.0,True,0.8723158468055379,0.0
381,1,5.4841475,5,4.5585938,2.8684065,3,35.439548,1.0518486916061296,0.3426866383672703,6.024951836368492,0.7814734,0.78482181,0.0,True,0.9707361041242907,0.4753271898570892
382,59879,117.4189,989,8330.1836,5.5469933,5,33.130119,0.4714945953170568,1.2184422692166168,1291.621348980089,0.71216458,1.0721549,0.0,True,0.5436955907219398,1.1745560584516317
383,58632,114.65806,989,8530.7656,0.55442977,2,72.963737,0.46041104593209703,1.2129156567460773,1258.838868190364,0.69666529,1.0691419,0.0,True,0.531287319152468,1.169783529722254
384,57441,112.49109,989,8695.0977,0.67041552,2,132.41931,0.45171155598141866,1.2081028121277768,1232.7390577951637,0.68358243,1.0663524,0.0,True,0.521272818186993,1.1655776884894438
385,56862,109.90278,989,8899.875,3.8468907,5,24.254824,0.4413204560375671,1.2038975363303306,1203.2615452331781,0.66452157,1.0641738,0.0,True,0.5082807902262969,1.1619804154312314
386,19,112.86422,989,8666.3516,8.9746466,7,237.38402,0.45320952770183176,0.33037948633414144,343.61765020615275,0.6851126,0.21743289,0.0,True,0.5227804493912822,0.296495507433899
387,282,104.36491,989,9372.125,3.4999337,4,39.886662,0.4190875985320675,0.6172710451735681,589.5546879580128,0.6403048,0.39644566,0.0,True,0.4854527589724472,0.5510234296214976
388,1419,106.1228,989,9216.8789,0.78193665,2,37.274353,0.4261450418433653,0.7950836872734388,770.357729038823,0.65352088,0.8427704,0.0,True,0.4943577932903557,0.8093897010914071
389,2657,109.88889,989,8901.0,6.0849524,5,188.38884,0.4412646899460202,0.8670670071403366,866.5514123107112,0.67634249,0.89507282,0.0,True,0.5117880299622142,0.8754687509982356
390,40529,104.59601,989,9351.418,3.3254652,4,93.885582,0.42001539272482186,1.1603518362904908,1109.7450890536575,0.64836234,1.0872493,0.0,True,0.4885194769073753,1.1384210754033437
391,10603,96.438118,989,10142.473,2.4248857,4,174.97171,0.38726304802520717,1.0047918409442862,893.892714403171,0.60274678,0.96702063,0.0,True,0.4519081676176451,0.9934604776610003
392,11418,105.43909,989,9276.6445,3.1227129,4,71.326202,0.42340015662734115,1.022708512270136,985.1302269491129,0.64173663,0.87617707,0.0,True,0.48890109863913883,0.9787490795890952
393,12230,110.2607,989,8870.9844,1.5546035,3,47.012867,0.44275740353937937,1.035293596070719,1037.7528412988804,0.6625334,0.89380658,0.0,True,0.5086902024775656,0.9928474912495033
394,280,113.21884,989,8639.207,2.7877612,4,36.537338,0.45463319355611054,0.6220319508843051,638.770173959411,0.6832298,0.31615061,0.0,True,0.5232121754892773,0.5302675486190136
395,0,90.261482,989,10836.527,1.7997577,2,24.610542,0.3624643399042524,0.0,62.56449176146225,0.57669574,0.0,0.0,True,0.4267337599329767,0.0
396,13371,115.99731,989,8432.2734,4.6784563,6,33.194008,0.4657875490008917,1.0509659069478718,1102.0896335619993,0.68688244,0.9090367,0.0,True,0.5321160163006242,1.0083871448635102
397,30185,117.82472,989,8301.4922,4.2952991,7,27.005987,0.47312377009150647,1.1430078369676673,1215.381621949164,0.69722104,1.0275986,0.0,True,0.5403529510640546,1.108385065877367
398,3422,107.63834,989,9087.1055,4.7538719,5,22.003426,0.4322295009766822,0.8928496553366602,876.0215983013782,0.72685367,0.86024815,0.0,True,0.5206167516836776,0.8830692037356622
399,1,101.63332,989,9624.0195,6.0800333,5,26.040079,0.4081208784783178,0.0755693765384671,111.65561429013837,0.69722378,0.050373301,0.0,True,0.4948517489348225,0.06801055387692698
400,12669,119.75587,989,8167.625,1.9663779,4,13.955328,0.4808763602477981,1.0486985952592418,1131.3422301245946,0.78445423,0.98450166,0.0,True,0.5719497211734588,1.0294395146814692
401,0,91.293129,989,10714.07,4.2577391,4,192.45691,0.3666063710473539,0.0,63.279574970845374,0.64536738,0.0,0.0,True,0.45023467373314774,0.0
402,8126,119.63445,989,8175.9141,3.7255101,5,23.776907,0.48038894595254034,0.9992932271040239,1077.0773480776145,0.78393883,0.95044768,0.0,True,0.5714539111667782,0.9846395629728167
403,703,101.19539,989,9665.668,2.1764395,3,65.750137,0.4063626858710309,0.7145070731972634,663.6593843527306,0.69675791,0.77790362,0.0,True,0.49348125310972163,0.7335260372380843
404,1404,111.59261,989,8765.1055,1.924347,3,80.798019,0.44810451232615117,0.7983138605079632,808.8794880314653,0.74803078,0.83256805,0.0,True,0.5380823926283058,0.8085901173555743
405,0,118.27088,989,8270.1758,1.4770365,3,101.86269,0.4749148990026804,0.0,81.97912701434363,0.77756089,0.0,0.0,True,0.5657086963018763,0.0
406,705,100.28149,989,9753.7539,2.0784011,3,63.694279,0.40269358727770055,0.71411046551438,657.9499311118005,0.69211489,0.77752906,0.0,True,0.4895199780943904,0.733136043860066
407,0,91.36058,989,10706.16,1.8859649,2,180.76338,0.3668771791408998,0.0,63.32632844132132,0.64571643,0.0,0.0,True,0.4505289543986299,0.0
408,0,99.457893,989,9834.5234,2.179338,3,66.009956,0.39938699628259083,0.0,68.93895811738271,0.68792903,0.0,0.0,True,0.4859496063978136,0.0
409,17139,116.63808,989,8385.9492,2.6719661,3,31.966469,0.4683599579488891,1.0790841947289302,1137.131297629479,0.87485975,0.74934286,0.0,True,0.5903098955642224,0.9801617943102512
410,18320,128.56836,989,7607.7891,4.545145,4,272.91626,0.5162534050502684,1.098293545912057,1262.0087396702916,0.90911597,0.78578949,0.0,True,0.6341121745351879,1.0045423291384399
411,103,109.62352,989,8922.5469,2.7015738,3,24.833553,0.4401993264878711,0.5105592956178393,510.1835155247002,0.84396821,0.66650432,0.0,True,0.5613299915415098,0.5573428029324875
412,1326,117.0558,989,8356.0234,1.1958917,2,235.20033,0.4700369150186176,0.7962129217550535,841.7985133708725,0.85201579,0.77737761,0.0,True,0.5846305775130323,0.7905623282285374
413,2671,123.87875,989,7895.793,4.0011301,4,31.75054,0.49742751355846093,0.8792259284434567,977.521854299394,0.89083117,0.84965682,0.0,True,0.6154486104909227,0.8703551959104197
414,40167,133.50055,989,7326.7188,1.5679643,3,92.14341,0.5360527046813991,1.1911452018822761,1415.219416652607,0.87848783,1.1600716,0.0,True,0.6387832422769794,1.1818231213175934
415,41069,138.75456,989,7049.2891,1.6856196,3,70.262177,0.557143449782738,1.1988380866869315,1473.9976769440982,0.91533929,1.1648872,0.0,True,0.6646022018479166,1.188652820680852
416,57918,136.22076,989,7180.4102,1.4042622,3,47.021301,0.5469723150300463,1.2350655237364767,1493.908286427759,0.79697061,1.0889492,0.0,True,0.6219718035210324,1.1912306266155337
417,56753,132.95757,989,7356.6406,1.2127653,3,163.43536,0.5338730002100412,1.2294214550876077,1455.4199119920477,0.77811992,1.0839574,0.0,True,0.6071470761470289,1.1857822385613255
418,166365,148.12274,989,6603.4492,3.1696315,5,141.57378,0.594748277617428,1.3667822448667062,1780.7243919417992,0.8976239,1.16321,0.0,True,0.6856109643321997,1.3057105714066943
419,1456,131.23643,989,7453.1211,2.9387543,4,64.346657,0.5269638791768811,0.8169009607197464,956.0338897548457,0.82034796,0.87146217,0.0,True,0.6149791034238168,0.8332693235038224
420,1651,131.37248,989,7445.4023,2.1120489,4,89.222374,0.5275100466359146,0.8310840858350327,973.5156759015505,0.82119012,0.86680275,0.0,True,0.6156140686451402,0.8417996850845229
421,180338,143.5137,989,6815.5234,2.3389306,4,201.31128,0.5762473121235517,1.371026138649642,1736.888796126782,0.96754485,1.2622747,0.0,True,0.6936365734864862,1.3384007070547495
422,179721,142.11147,989,6882.7734,2.1947355,4,210.5668,0.5706185674301811,1.3691156762860304,1719.4311266152883,0.98634869,1.2644496,0.0,True,0.6953376042011268,1.3377158534002214
423,3749,131.36897,989,7445.6016,2.9883654,4,45.939682,0.5274959303125744,0.9230274470905893,1081.1374263571747,0.82118994,0.88796717,0.0,True,0.615604133218802,0.9125093639634125
424,155,117.53288,989,8322.1055,4.0367494,5,127.96764,0.4719521556507684,0.5594149410005591,594.275131490506,0.76202112,0.36937529,0.0,True,0.5589728449555379,0.5024030457003914
425,961,116.30846,989,8409.7148,4.0020823,5,125.55437,0.4670367015521517,0.7600569654582175,799.0453324439858,0.75679958,0.665923,0.0,True,0.5539655650865062,0.7318167758207523
426,162311,147.81723,989,6617.0977,2.0388834,4,125.45013,0.5935219138084965,1.3636575615489168,1773.4049704303998,0.89728272,1.1635363,0.0,True,0.6846501556659476,1.3036211830842417
427,30610,119.73004,989,8169.3867,3.2691591,5,31.090097,0.48077268630420067,1.1465944429946955,1236.7092275281311,0.70708054,1.0309397,0.0,True,0.5486650424129405,1.111898020096287
428,21294,121.51008,989,8049.7109,2.9498684,4,13.92131,0.48791860306229046,1.108126419944011,1211.0028167345092,0.71934199,1.0340774,0.0,True,0.5573456191436034,1.0859117139608077
429,26717,124.65859,989,7846.3984,2.7040138,4,17.540207,0.5005581182766432,1.136582778369503,1270.6612386428712,0.73454529,1.0387515,0.0,True,0.5707542697936503,1.1072333948586521
430,10083,111.62012,989,8762.9453,3.6722565,4,21.183029,0.4482149517338594,1.0154291619888416,1029.0040590088774,0.68855757,0.6507259,0.0,True,0.5203177372137016,0.906018183392189
431,4359,117.16441,989,8348.2773,3.3778749,4,17.899643,0.4704729428074703,0.9280254462573302,981.8912610183637,0.70407027,0.66733605,0.0,True,0.5405521409652292,0.849818627380131
432,33281,129.70082,989,7541.3633,2.039577,5,15.836365,0.5207994601810333,1.1662324805795392,1350.5489624505497,0.76468742,1.0097327,0.0,True,0.5939658481267234,1.1192825464056775
433,39097,133.09064,989,7349.2852,2.1538177,4,124.66094,0.5344071720397159,1.1877012214892875,1407.2807525971511,0.87371993,1.1562983,0.0,True,0.6362009994278012,1.1782803450425012
434,4152,121.09972,989,8076.9883,5.7358394,6,19.894297,0.4862712246519057,0.9260254883273651,1008.9819173256453,0.73388278,0.86915952,0.0,True,0.560554691256334,0.9089656978291556
435,4684,127.49185,989,7672.0273,4.8056736,5,16.2798,0.5119319206213168,0.944822156138131,1077.6037774039917,0.76288521,0.9325521,0.0,True,0.5872179074349217,0.9411411392966917
436,15084,118.12582,989,8280.332,1.8226591,4,35.189598,0.47433253515910945,1.0664437520548982,1136.5502279222549,0.70784569,0.87170655,0.0,True,0.5443864816113766,1.0080225914384287
437,0,112.20573,989,8717.2109,6.0375643,5,15.319403,0.45056594910319436,0.0,77.77508539217047,0.69826931,0.0,0.0,True,0.524876957372236,0.0
438,2141,119.49543,989,8185.4258,3.6920977,5,13.690077,0.4798308565543785,0.8511752812822475,916.5254067327731,0.72718596,0.83113039,0.0,True,0.554037387588065,0.8451618138975732
439,101,112.105,989,8725.043,6.4453697,6,15.159381,0.45016158790433575,0.5096783906764589,519.5762932254834,0.695499,0.33605158,0.0,True,0.523762811533035,0.45759034747352123
440,1890,122.55584,989,7981.0234,4.3718634,5,10.465949,0.49211675047694553,0.8396989448145623,924.7315788910668,0.74092031,0.85267138,0.0,True,0.5667578183338619,0.8435906753701936
441,59,114.81883,989,8518.8203,4.9117017,5,17.811396,0.4610564941252684,0.4523945059102926,472.0057273619586,0.70328754,0.29773694,0.0,True,0.5337258078876879,0.4059972361372048
442,20971,126.93069,989,7705.9453,6.4852567,6,44.001942,0.5096792182203754,1.11182028507349,1263.0861760495202,0.75173414,0.9127773,0.0,True,0.5822956947542628,1.052107389551443
443,1205,115.38852,989,8476.7617,3.6578784,5,12.985839,0.46334354869171734,0.7843804434765747,818.784616860477,0.70907819,0.77933365,0.0,True,0.5370639410842022,0.7828664054336023
444,154,112.51778,989,8693.0352,3.9700134,5,11.430706,0.4518187039184634,0.556017531311975,568.1985872553819,0.68138516,0.31324306,0.0,True,0.5206886407429244,0.48318518991838244
445,954,114.15718,989,8568.1953,5.2662778,6,24.90723,0.4584002344251616,0.7576842131615049,783.4330903766331,0.7012102,0.76682395,0.0,True,0.5312432240976132,0.7604261342130534
446,1248,112.76917,989,8673.6562,6.2284641,6,38.161736,0.45282794108293706,0.7862583466705851,804.1455424464899,0.68293458,0.84537357,0.0,True,0.521859932758056,0.8039929136694096
447,15243,109.94221,989,8896.6836,1.6197962,3,104.29221,0.44147873002130533,1.0591800978053412,1058.964120860053,0.95357823,0.86197031,0.0,True,0.5951085800149137,1.000017161463739
448,16301,116.687,989,8382.4336,1.3925161,3,81.234154,0.4685563416698079,1.0735856980357308,1131.7593973328114,0.8748638,0.83299619,0.0,True,0.5904485791688656,1.0014088456250116
449,41407,121.77487,989,8032.207,4.5784941,7,290.69177,0.4889816175497367,1.1823528091381685,1294.6195162473418,0.92201942,0.94752413,0.0,True,0.6188929582848157,1.111904205396718
450,661,84.139381,989,11625.008,2.5916116,3,25.214964,0.33788396245959557,0.6938517517738664,546.6346261705196,0.67530119,0.77659035,0.0,True,0.43910913072171687,0.7186733312417064
451,16,79.069984,989,12370.32,1.1992722,2,70.329399,0.3175297385283777,0.3006604904122852,228.5416486509016,0.63951421,0.20461427,0.0,True,0.41412507996986436,0.2718466242885996
452,25,78.536583,989,12454.336,1.0305314,2,16.504541,0.3153880510761285,0.3455009642041018,258.84376558140883,0.63560313,0.23519507,0.0,True,0.41145257475328995,0.31240919594287125
453,683,82.436584,989,11865.133,1.6031028,2,55.631351,0.33104706373387893,0.6958247459860377,538.2629845315863,0.66294086,0.77558708,0.0,True,0.4306152026137152,0.7197534461902264
454,1345,89.825523,989,10889.121,1.9985332,3,23.785925,0.3607139737580198,0.7750700762048961,647.2499482682582,0.71342742,0.83017057,0.0,True,0.46652800763061386,0.7916002243434273
455,0,82.360306,989,11876.121,2.0000525,2,41.121796,0.33074082462953674,0.0,57.08781389395434,0.66275215,0.0,0.0,True,0.4303442222406757,0.0
456,1630,89.526718,989,10925.465,2.1464269,4,15.382833,0.3595142637921437,0.7954455609594967,662.2794054785088,0.71193177,0.84845883,0.0,True,0.4652395156545006,0.8113495416716476
457,1323,97.956436,989,9985.2656,2.9420583,4,31.62413,0.39335887238138706,0.780571503092909,704.225249461835,0.76874179,0.83468997,0.0,True,0.505973747666971,0.7968070431650363
458,656,90.109726,989,10854.777,2.0531447,3,25.105951,0.3618550454328589,0.6981531835123653,584.7404783195731,0.7159844,0.77989012,0.0,True,0.4680938518030012,0.7226742644586558
459,3903,89.98719,989,10869.559,2.9511693,4,57.196175,0.36136303308379397,0.889795490296162,744.195236737313,0.71512747,0.91211003,0.0,True,0.4674923641586558,0.8964898522073135
460,6580,109.24082,989,8953.8047,3.003993,5,112.75948,0.43866293048902877,0.966129547532034,960.455550375961,0.84343678,1.0533131,0.0,True,0.5600950853423201,0.9922846132724237
461,0,98.569626,989,9923.1484,1.0125422,2,17.620481,0.39582073499167203,0.0,68.32325835074828,0.7737084,0.0,0.0,True,0.5091870344941705,0.0
462,15,82.520256,989,11853.102,3.998105,4,34.477001,0.3313830226504519,0.295566310036956,233.79749045413504,0.66331196,0.20076571,0.0,True,0.4309617038553163,0.2671261300258692
463,15196,117.60928,989,8316.6992,3.039062,4,67.571144,0.47225887607396816,1.0667456773983282,1132.4502447908426,0.7223385,0.91037655,0.0,True,0.5472827632517777,1.0198349391788297
464,470,112.24506,989,8714.1562,3.001328,4,43.416714,0.450723856301407,0.6783671665207374,691.0904756557898,0.69090927,0.43102342,0.0,True,0.5227794804109849,0.6041640425645162
465,230,110.49186,989,8852.4258,2.6233559,3,31.986107,0.4436854092322302,0.5988058173174002,601.820143126922,0.70141137,0.39569071,0.0,True,0.5210031974625612,0.5378712851221802
466,21139,124.53454,989,7854.2148,2.8835666,5,156.04945,0.5000600969552688,1.1103483220849424,1240.2356932770654,0.73765272,0.94425905,0.0,True,0.5713378838686882,1.0605215404594597
467,37115,132.43774,989,7385.5156,2.122612,4,148.63705,0.5317862928897799,1.1812055337849696,1393.4874341600841,0.86620408,1.1510849,0.0,True,0.6321116290228459,1.1721693436494787
468,16380,117.95443,989,8292.3633,2.5475042,5,90.20829,0.4736444971718826,1.0754063308073372,1144.6225286337447,0.72581923,0.94468021,0.0,True,0.5492969170203179,1.036188494565136
469,0,111.95444,989,8736.7773,2.1065922,3,14.055977,0.44955711762896367,0.0,77.60090443716757,0.68437439,0.0,0.0,True,0.5200022993402746,0.0
470,1472,112.75226,989,8674.957,3.9421074,5,26.089249,0.45276005569572575,0.8044354748584778,822.610617813746,0.68597287,0.84578508,0.0,True,0.5227238999870081,0.8168403564009346
471,888,130.65901,989,7486.0586,4.0846481,5,99.24527,0.5246459388805287,0.7611194085711064,887.3342730105553,0.82095003,0.85057944,0.0,True,0.6135371662163701,0.7879574179997744
472,16623,118.23843,989,8272.4453,2.4371657,5,196.40225,0.4747846401968985,1.0773252399238533,1149.1194389188652,0.72976935,0.96234512,0.0,True,0.5512800531378289,1.0428312039466974
473,23,116.00488,989,8431.7227,4.0487714,5,109.15388,0.4658179637077014,0.35155026711315607,373.4053037987366,0.75579232,0.23232153,0.0,True,0.552810270595391,0.3157816459792092
474,1266,130.64606,989,7486.8008,4.1452146,5,94.352226,0.5245939422757002,0.8008260228716165,933.4917229646086,0.8200736,0.89792359,0.0,True,0.6132378395929902,0.8299552930101316
475,2510,130.7419,989,7481.3125,3.9827404,6,69.274162,0.5249786821797723,0.877571863285302,1023.5567009224691,0.82012159,0.90517151,0.0,True,0.6135215545258406,0.8858517572997114
476,3066,130.74184,989,7481.3164,3.996376,5,45.536434,0.5249784085822454,0.8999940247161656,1049.6976221409086,0.82012159,0.88848191,0.0,True,0.6135213630075718,0.896540390301316
477,235,117.22074,989,8344.2656,4.0629439,6,146.58479,0.4706990794289385,0.6050963248951059,640.9700561083646,0.761778,0.72910017,0.0,True,0.5580227556002569,0.6422974784265741
478,383,116.31857,989,8408.9844,4.0020709,5,146.38232,0.46707725847041376,0.6584453716741564,692.472751506387,0.75691092,0.79606086,0.0,True,0.5540273569292897,0.6997300181719095
479,160079,147.78294,989,6618.6328,2.0341403,4,147.34818,0.5933842962245871,1.3620477937733995,1770.9472875369606,0.89724702,1.1653522,0.0,True,0.684543113357211,1.3030391156413796
480,2527,130.74013,989,7481.4141,2.9890292,5,54.31572,0.5249715547064832,0.8783269133600039,1024.4246493349333,0.82100278,0.89415699,0.0,True,0.6137809222945383,0.8830759363520028
481,3935,130.74524,989,7481.1211,2.9479635,4,45.952965,0.5249921098549932,0.9279619068136921,1082.331884431269,0.82100308,0.9291355,0.0,True,0.6137954008984953,0.9283139847695845
482,158750,147.67966,989,6623.2617,1.9734634,4,99.072701,0.5929697138740071,1.3609921300350012,1768.4784771765876,0.89714468,1.1685144,0.0,True,0.684222203711805,1.3032488110245009
483,2424,128.93413,989,7586.207,3.028832,4,102.23408,0.5177217140477872,0.8723042328840785,1004.91249182599,0.81993759,0.86206597,0.0,True,0.608386476833451,0.8692327540188549
484,20110,124.39101,989,7863.2773,3.0782824,5,242.95926,0.4994839196056594,1.1046428542493862,1232.5994656385974,0.73674846,0.96733183,0.0,True,0.5706632817239616,1.0634495469745704
485,36013,132.35542,989,7390.1094,3.278018,5,244.37572,0.5314558161963103,1.1777397138448447,1388.6321419898818,0.86558211,1.1475474,0.0,True,0.6316937043374172,1.1686820196913912
486,0,128.55569,989,7608.5391,0.97645837,2,17.358679,0.5162025295408333,0.0,89.10801406843835,0.81825316,0.0,0.0,True,0.6068177186785834,0.0
487,715,115.92641,989,8437.4297,3.202292,4,45.730206,0.4655029633802646,0.7271135883741513,762.2249376784463,0.71860093,0.45728454,0.0,True,0.5414323533661852,0.6461648738619059
488,16071,118.80668,989,8232.8789,4.0825214,5,47.920879,0.47706585394830975,1.0741525738991515,1150.630354704926,0.73779982,0.97702813,0.0,True,0.5552860437638169,1.045015240729406
489,1673,123.23124,989,7937.2812,4.5140271,5,24.135586,0.49482811297695534,0.8266387485026355,914.815544610928,0.78511834,0.90450275,0.0,True,0.5819151810838687,0.8499979489518449
490,18157,124.15374,989,7878.3047,3.912878,6,23.931568,0.4985314253888454,1.093022139475303,1217.5659926098251,0.78543538,1.0664687,0.0,True,0.5846026117721917,1.085056107632712
491,25271,124.78775,989,7838.2773,4.0310044,6,11.180652,0.5010766053631059,1.1305090697920803,1265.0348062397368,0.78598171,1.0919856,0.0,True,0.5865481367541742,1.118952028854456
492,14999,125.10972,989,7818.1055,2.3417914,5,53.138638,0.5023691220776264,1.0726441396775228,1203.039071557809,0.79216355,1.0172125,0.0,True,0.5893074504543385,1.056014647774266
493,7,109.29904,989,8949.0352,3.532481,4,25.95743,0.4388966691349194,0.22851919572103802,240.15453696725456,0.72157425,0.15149786,0.0,True,0.5236999433944436,0.2054127950047266
494,654,120.69148,989,8104.3086,2.8358595,3,41.270676,0.48463236825074946,0.7204733003601825,782.8243451356296,0.77368134,0.78346854,0.0,True,0.5713470597755246,0.7393718722521277
495,170956,142.06534,989,6885.0078,3.7936022,6,82.155983,0.5704334376664155,1.3634078248827908,1711.7698861383114,0.98464566,1.2283856,0.0,True,0.6946971043664909,1.3229011574179534
496,147328,141.6609,989,6904.6641,2.2355456,4,75.846519,0.5688099895562342,1.3461428455018265,1685.8256592766033,0.98392725,1.2275507,0.0,True,0.6933451676893639,1.3105652018512786
497,146437,141.4026,989,6917.2773,0.037457623,2,24.429733,0.5677731017644599,1.3451790788710871,1681.8940286674613,0.98337662,1.2273508,0.0,True,0.6924541572351219,1.3098305952097609
498,145542,141.31729,989,6921.4531,0.026361607,2,50.60915,0.5674306560391689,1.3443940333618158,1680.0129729568312,0.98320788,1.2271901,0.0,True,0.6921638232274182,1.309232853353271
499,144643,141.18939,989,6927.7227,0.036347188,2,57.201233,0.5669172786076155,1.3435558422524405,1677.6176609776387,0.98296857,1.2270269,0.0,True,0.6917326660253309,1.3085971595767083
500,143737,140.97763,989,6938.1289,2.3385158,4,306.42792,0.5660672288938924,1.3426175800797457,1674.2157145662584,0.98263371,1.2268599,0.0,True,0.6910371732257247,1.307890276055822
501,75183,128.57774,989,7607.2344,3.3459058,5,305.52991,0.5162910390287645,1.2562806972047345,1443.633194265287,1.0190986,1.2247858,0.0,True,0.6671333073201352,1.2468322280433142
502,75266,128.55464,989,7608.6016,1.9971764,4,124.80074,0.5161982903676652,1.2563788994168803,1443.515673029281,1.0189701,1.2242781,0.0,True,0.6670298332573656,1.2467486595918162
503,73949,128.42824,989,7616.0898,2.0178714,4,83.716278,0.515690893350905,1.2542657718628092,1439.8292891072747,1.0184684,1.2226603,0.0,True,0.6665241453456335,1.2447841303039664
504,1716,114.46999,989,8544.7812,4.0050573,5,113.5739,0.45965603221355633,0.8227087759000626,852.6773517690735,0.91848016,0.94070381,0.0,True,0.5973032705494894,0.8581072861300438
505,3644,89.825523,989,10889.121,2.9549913,5,25.965305,0.3607139737580198,0.8822388700761531,736.6937827541626,0.71342742,0.90480477,0.0,True,0.46652800763061386,0.8890086400533072
506,107,89.576164,989,10919.434,3.1121716,5,26.024618,0.3597127936303436,0.5035321725233636,420.23294727961047,0.7117272,0.34077585,0.0,True,0.46531711554124056,0.4547052757663545
507,0,97.503059,989,10031.695,2.0764832,3,17.870432,0.39153866393082687,0.0,67.58397044182,0.76626861,0.0,0.0,True,0.5039576477515788,0.0
508,115,89.264946,989,10957.504,3.2484725,5,26.724072,0.3584632602524181,0.5110258899487957,425.0951991323292,0.7096132,0.34590191,0.0,True,0.4638082421766927,0.461488695964157
509,0,95.10643,989,10284.488,1.0278516,2,10.723743,0.3819165039213984,0.0,65.9227538076218,0.74991769,0.0,0.0,True,0.4923168597449789,0.0
510,7810,98.365021,989,9943.7891,4.0506926,5,28.939962,0.3949992801063334,0.9737407207288854,881.6866317939847,0.7714721,0.96699971,0.0,True,0.5079411260744334,0.9717184175102198
511,742,90.102982,989,10855.59,3.6541336,5,16.46483,0.36182795027159964,0.7113850318391064,595.7646143448274,0.7153495,0.77997929,0.0,True,0.46788441519011975,0.7319633092873745
512,32266,109.11382,989,8964.2266,3.0455334,5,69.21611,0.4381530503132073,1.1406902454822887,1132.8012723994536,0.84275669,1.0793041,0.0,True,0.5595341422192451,1.1222744018376023
513,7150,98.571487,989,9922.9609,2.9969134,4,64.732803,0.39582821274282476,0.9643698059060251,874.836468366295,0.77370858,0.9619199,0.0,True,0.5091923229199773,0.9636348341342176
514,2284,98.283249,989,9952.0625,4.0911117,5,32.442291,0.39467097324227346,0.8401323777318003,760.1775728048707,0.77146465,0.87745428,0.0,True,0.5077090762695914,0.8513289484122601
515,0,109.19395,989,8957.6484,0.99800676,2,48.322987,0.4384747435613006,0.0,75.68747857670364,,,,False,0.4384747435613006,0.0
516,3298,109.24078,989,8953.8086,2.0107129,4,103.34021,0.4386627394637953,0.8902443943869064,885.0335964405804,0.84343672,1.0558243,0.0,True,0.5600949336246568,0.9399183660708346
517,0,98.356522,989,9944.6484,1.9943771,2,82.113167,0.39496515575934277,0.0,68.17554591398223,,,,False,0.39496515575934277,0.0
518,0,98.43261,989,9936.9609,1.9975897,2,204.97328,0.39527064993176675,0.0,68.22828609665667,0.92109263,0.51711875,7.380047850201558,True,0.5530172439522367,0.155135625
519,2329,97.550888,989,10026.777,3.2415051,4,34.690025,0.39173067010956747,0.8415673061060376,756.4147205366816,0.76651543,0.87706155,0.0,True,0.5041660980766972,0.8522155792742263
520,21340,109.07418,989,8967.4844,2.0094736,4,52.78928,0.4379939090578515,1.0952229702814775,1087.29857259189,0.84246004,1.0489016,0.0,True,0.5593337483404961,1.0813265591970342
521,80518,121.8186,989,8029.3242,3.0156312,5,83.345192,0.489157134833309,1.2563630848765148,1376.0946856063674,0.92216527,1.0391623,0.0,True,0.6190595753833164,1.1912028494135605
522,15866,109.07594,989,8967.3398,2.0780268,4,20.664536,0.4380009702151565,1.0626607391709304,1054.9890124179474,0.84246016,1.0269772,0.0,True,0.5593387271506096,1.0519556774196512
523,10421,109.08516,989,8966.582,1.8916515,4,22.408411,0.43803797909072106,1.0164894056402398,1009.2308305582632,0.84246099,0.99562871,0.0,True,0.5593648823635047,1.0102311969481679
524,0,109.03613,989,8970.6133,1.0303562,2,31.724281,0.4378411732721633,0.0,75.57808608866766,0.8421638,0.0,0.0,True,0.5591379612905143,0.0
525,82472,121.86691,989,8026.1406,2.0097585,4,82.154419,0.48935111258383013,1.2590853957704475,1379.562470753893,0.92231244,1.0417886,0.0,True,0.6192395108086811,1.1938963570393133
526,666,108.58411,989,9007.957,2.6972651,3,137.03096,0.4360264465845306,0.714106048872387,706.2623425070021,0.83946943,0.78909719,0.0,True,0.5570593416091714,0.7366033912106709
527,0,100.91171,989,9692.8398,1.9974558,2,91.574684,0.4052237701327894,0.0,69.94666727198283,0.79004735,0.0,0.0,True,0.5206708440929526,0.0
528,0,108.54669,989,9011.0625,3.2929764,3,178.33444,0.4358762112866096,0.0,75.2388321326144,0.83951855,0.0,0.0,True,0.5569689129006267,0.0
529,84983,121.86715,989,8026.125,2.9863539,4,93.949928,0.48935206347552107,1.2624215148999813,1383.2201879539462,0.92231244,1.0454773,0.0,True,0.6192401764328648,1.197338250429987
530,90472,135.69296,989,7208.3398,2.0040822,4,43.155067,0.5448535913091666,1.284732630091581,1548.6390286248045,1.0201119,1.2664763,0.0,True,0.6874310839164166,1.2792557310641066
531,0,-1.0,1,-1.0,0.0,0,34.812241,1.0,0.0,-0.6931471805599453,0.84441268,0.0,8.244980678884398,True,0.953323804,0.0
532,0,135.31108,989,7228.6836,1.0132285,2,1.7285835,0.5433206252572602,0.0,93.7904936005212,,,,False,0.5433206252572602,0.0
533,3304,135.60023,989,7213.2695,1.997504,4,47.420994,0.5444813301276435,0.9121011429749505,1098.8356879521436,1.020355,1.2630924,0.0,True,0.6872434310893505,1.0173985200824653
534,12078,124.60004,989,7850.0859,4.3784027,5,53.028988,0.5003230459551413,1.048007367474622,1171.153962319764,0.7900663,1.0012546,0.0,True,0.5872460221685989,1.0339815372322354
535,489,115.18841,989,8491.4883,3.9488108,6,86.481194,0.4625401714616381,0.6846785764117506,713.7585467344876,0.71750462,0.44618961,0.0,True,0.5390295060231467,0.6131318864882254
536,13404,116.68765,989,8382.3867,4.681777,7,85.030785,0.4685589626477293,1.0519287686263679,1108.93613969338,0.72749341,0.99676591,0.0,True,0.5462392968534105,1.0353799110384576
537,8846,122.66084,989,7974.1914,3.0061049,6,46.470554,0.4925382726634942,1.011519154951714,1114.735179011909,0.78153855,0.97731864,0.0,True,0.5792383558644459,1.0012590004661999
538,15163,122.86065,989,7961.2227,3.7611725,5,111.29092,0.4933404078463632,1.0716893361491873,1182.7481997007958,0.73170537,0.86171871,0.0,True,0.5648498964924542,1.008698148304431
539,0,109.75686,989,8911.707,2.4009404,3,41.919109,0.44073464997104095,0.0,76.07765805611264,0.72375965,0.0,0.0,True,0.5256421499797286,0.0
540,9715,131.84431,989,7418.7578,2.9149153,5,118.96929,0.5294040905888907,1.0302236206475055,1210.5459631163674,0.85882521,1.0392834,0.0,True,0.6282304264122235,1.0329415544532539
541,375,113.94202,989,8584.375,5.7144623,6,31.612232,0.45753644985100433,0.6546210501846074,675.931999793105,0.70497745,0.44749913,0.0,True,0.531768749895703,0.5924844741292252
542,154811,145.3269,989,6730.4883,1.2634283,3,210.77911,0.5835256385947849,1.3556633002062959,1736.652562555571,0.90114701,1.1693336,0.0,True,0.6788120500163495,1.2997643901444071
543,155575,147.47508,989,6632.4492,1.2350655,3,165.47261,0.5921485591583726,1.3584821448022013,1763.0492535614414,0.89699417,1.1685103,0.0,True,0.6836022424108609,1.3014905913615409
544,9096,115.24264,989,8487.4922,5.0235386,6,87.526917,0.4627578943519634,1.0076268361873943,1050.5299972461999,0.72092086,0.92258888,0.0,True,0.5402067840463743,0.982115449331176
545,0,115.97276,989,8434.0586,2.5929549,3,23.645597,0.46568898117770513,0.0,80.3861916157552,0.75224799,0.0,0.0,True,0.5516566838243936,0.0
546,0,106.31886,989,9199.8828,1.161348,2,17.653326,0.42693214203830304,0.0,73.69461804934754,0.7076782,0.0,0.0,True,0.5111559594268122,0.0
547,2300,118.86861,989,8228.5898,4.943346,5,19.95121,0.47731446105957287,0.8586210181886634,920.2253370262418,0.76501822,0.87645233,0.0,True,0.563625588741701,0.8639704117320643
548,1642,113.16046,989,8643.6641,4.9701176,5,31.56588,0.454398816464477,0.8168049879145729,837.9404843050055,0.73944199,0.85048884,0.0,True,0.5399117685251339,0.8269101435402011
549,4,108.03984,989,9053.3359,2.7350895,4,19.965004,0.4338413922988122,0.17664351553967023,193.58140637388396,0.71573621,0.11718635,0.0,True,0.5184098376091686,0.15880636587776914
550,0,109.78709,989,8909.2539,0.41915575,2,20.477339,0.44085597590137315,0.0,76.09861189538097,0.72376162,0.0,0.0,True,0.5257276691309613,0.0
551,14381,130.35876,989,7503.3008,4.0685868,6,1243.7678,0.523440650718412,1.0728676855494461,1248.0289875274743,1.0797019,1.3478287,0.0,True,0.6903190255028884,1.1553559898846122
552,65156,128.35616,989,7620.3672,2.0282521,4,100.12232,0.5154015060556801,1.2400255011943384,1422.7728877591499,1.0182164,1.2151731,0.0,True,0.6662459742389761,1.232569780836037
553,61202,128.3232,989,7622.3242,1.1006818,4,130.8925,0.5152692135769118,1.2329866599996904,1414.3741817090504,1.0180936,1.214734,0.0,True,0.6661165295038383,1.2275108619997832
554,5248,113.77644,989,8596.8672,3.0085309,4,51.443344,0.4568717533618169,0.9455037178847707,974.6070912977914,0.91821474,0.95797998,0.0,True,0.5952746493532719,0.9492465965193395
555,581,116.43843,989,8400.3281,3.8514042,4,28.030119,0.4675584537801395,0.7045374649477084,741.5017179247687,0.72862405,0.52794421,0.0,True,0.5458781326460976,0.6515594884633958
556,11697,122.72402,989,7970.0859,2.0261211,4,28.078794,0.49279192219810597,1.0426707108839164,1149.5876375454427,0.74675614,0.89361793,0.0,True,0.5689811875386742,0.9979548766187415
557,621,124.75002,989,7840.6484,3.0889142,4,133.27301,0.5009251128215078,0.7173648446989632,802.7098069096652,0.81754845,0.87299597,0.0,True,0.5959121139750554,0.7640541822892742
558,574,115.83412,989,8444.1523,2.3114955,4,50.595013,0.465132452630462,0.7027938443767883,736.2541375019672,0.71732265,0.45227897,0.0,True,0.5407895118413234,0.6276393820637518
559,3357,129.2207,989,7569.3828,2.0200644,3,75.03952,0.518872131863339,0.9089634707234336,1049.1943693287133,0.82964802,0.79631585,0.0,True,0.6121048983043373,0.8751691845064036
560,3337,130.36839,989,7502.7461,2.5348349,3,85.135963,0.5234793399059053,0.9091943815794181,1057.734368432564,0.8236897,0.73142278,0.0,True,0.6135424479341337,0.8558629011055927
561,2419,115.54853,989,8465.0234,3.8109794,4,51.40675,0.4639859073248124,0.8615079256888674,900.3467456783359,0.72249573,0.83598554,0.0,True,0.5415388541273687,0.8538512099822071
562,7958,122.51788,989,7983.4961,2.5192652,4,35.958652,0.49196436707162344,0.9996161859376639,1100.478175612613,0.74623936,0.75790137,0.0,True,0.5682468649501364,0.9271017411563647
563,5634,112.14513,989,8721.9219,4.574862,5,40.053646,0.45032263924662347,0.9518195593877619,968.5896234105511,0.72254676,0.76736468,0.0,True,0.5319898754726364,0.8964830955714332
564,14,110.06384,989,8886.8516,4.0374112,4,27.743683,0.4419670516930913,0.29782797582951354,305.1617615104037,0.69877917,0.19683485,0.0,True,0.5190106871851639,0.2675300380806595
565,1664,111.21232,989,8795.0781,4.1676025,5,19.260088,0.44657777161139645,0.8167082930681036,824.9930994749548,0.69985384,0.60230047,0.0,True,0.5225605921279775,0.7523859461476725
566,12348,121.06482,989,8079.3164,2.0124416,4,104.99182,0.4861311375692972,1.047113052815322,1140.6014682719829,0.86728382,0.94076633,0.0,True,0.6004769422985081,1.0152090359707255
567,14302,114.46151,989,8545.4141,3.9987059,5,49.141712,0.4596219966211088,1.0568535334269817,1095.201436298617,0.9203617,1.1238967,0.0,True,0.5978439076347761,1.0769664833988872
568,393,114.08566,989,8573.5664,4.0432653,5,114.88358,0.45811312645068175,0.65987525580985,682.1051285533493,0.9185831,0.94147575,0.0,True,0.5962541185154773,0.7443554040668949
569,9482,121.02386,989,8082.0508,2.9848704,5,87.799484,0.48596670552706295,1.0177248261761591,1108.2592297535507,0.8670181,0.92601675,0.0,True,0.6002821238689441,0.9902124033233114
570,0,102.74933,989,9519.4883,2.0086298,3,48.54594,0.4126014138555857,0.0,71.2204083939234,0.83633786,0.0,0.0,True,0.5397223476989099,0.0
571,5556,120.79115,989,8097.6211,4.0563059,6,128.8709,0.48503250782797946,0.958122769618826,1041.5813146310848,0.86584085,0.7844848,0.0,True,0.5992750104795856,0.9060313787331782
572,13057,114.46015,989,8545.5156,2.9955616,5,61.14592,0.4596165387038799,1.0467932527480712,1084.7654913319523,0.92036152,1.1194984,0.0,True,0.597840033092716,1.0686047969236498
573,1885,120.58349,989,8111.5664,4.0472999,5,85.182938,0.48419885176380856,0.8378918854704074,909.530340875513,0.86536223,0.64140326,0.0,True,0.598547865234666,0.7789452978292851
574,1607,107.9406,989,9061.6602,3.0121071,4,219.93904,0.43344294114086684,0.8102100662989006,796.9651878072461,0.79336345,0.90424246,0.0,True,0.5414190937986068,0.8384197844092305
575,606,114.02031,989,8578.4805,4.0273647,5,220.59241,0.4578507619228804,0.7075491718302275,730.8901271959958,0.91669774,0.78329444,0.0,True,0.5955048553460163,0.7302727522811593
576,0,107.98342,989,9058.0664,1.9888544,2,182.83791,0.4336148722474504,0.0,74.84840312022041,,,,False,0.4336148722474504,0.0
577,0,136.21869,989,7180.5195,0.89838362,2,32.162262,0.5469639914781181,0.0,94.41960091306922,,,,False,0.5469639914781181,0.0
578,0,107.85528,989,9068.8281,0.99352026,2,25.360327,0.43310042823867617,0.0,74.75958324050345,0.79285371,0.85464597,3.3368930995751875,True,0.5410264127670734,0.25639379100000004
579,10128,114.20695,989,8564.4609,2.083405,4,110.83145,0.4586000660540478,1.0184889839809428,1053.3600050384705,0.91865766,1.1158947,0.0,True,0.5966173442378335,1.04771069878666
580,1727,114.08821,989,8573.375,3.9723692,5,220.19662,0.45812335140905414,0.8231105284228328,850.5616592473173,0.91858423,0.91208732,0.0,True,0.596261614986338,0.8498035658959829
581,40,102.60146,989,9533.207,4.0122786,4,100.64857,0.41200778699292184,0.40528565046857834,383.4903598335163,0.83772087,0.46778068,0.0,True,0.5397217118950453,0.4240341593280048
582,45,102.74773,989,9519.6367,2.9866664,4,87.363609,0.4125949832332311,0.41790884477249324,395.59392624065265,0.83724606,0.47927985,0.0,True,0.5399903062632618,0.4363201463407453
583,8566,114.2095,989,8564.2695,1.975961,4,113.04165,0.4586103127609302,0.9999965262309897,1034.2572037062855,0.9186579,1.1134927,0.0,True,0.5966245889326511,1.0340453783616927
584,145,102.7057,989,9523.5312,2.0125976,4,130.18109,0.41242629435610034,0.5439528335504169,512.5458721279208,0.83722335,0.8238973,0.0,True,0.5398654110492702,0.6279361734852918
585,262,102.73643,989,9520.6836,2.986948,4,80.014603,0.41254962357348696,0.6082117051825944,572.8531047189542,0.83740759,0.74105781,0.0,True,0.540007013501441,0.6480655366278161
586,0,113.62064,989,8608.6562,1.0415031,2,180.69424,0.45624624225380384,0.0,78.75582626941654,0.91715074,0.0,0.0,True,0.5945175915776627,0.0
587,0,102.28445,989,9562.7539,2.0022998,2,191.49324,0.4107350357011713,0.0,70.89817813262471,0.83546704,0.0,0.0,True,0.5381546369908199,0.0
588,6616,114.05672,989,8575.7422,2.0116432,4,56.449547,0.45799692308185913,0.9713322303003141,1003.4195246371643,0.91764021,1.1102133,0.0,True,0.5958899091573013,1.01299655121022
589,0,102.32591,989,9558.8789,1.9886425,2,150.674,0.41090150557072924,0.0,70.92691601473071,,,,False,0.41090150557072924,0.0
590,3316,114.05666,989,8575.7461,2.0125599,4,54.942398,0.4579967148467378,0.8950841906670667,924.6707409414372,0.91764021,1.1048535,0.0,True,0.5958897633927165,0.9580149834669467
591,0,113.95436,989,8583.4453,1.0046809,2,81.770996,0.4575859955207469,0.0,78.98714334651301,0.91696352,1.1012402,14.104238920304404,True,0.5953992528645229,0.33037206
592,405,102.93509,989,9502.3086,4.0053387,5,99.27829,0.4133472196588206,0.6557436359396351,618.5177260367202,0.83943903,0.7869193,0.0,True,0.5411747627611745,0.6950963351577446
593,3033,113.77769,989,8596.7734,1.988819,4,167.44463,0.456876737162235,0.8849986210210918,912.2657300204166,0.91821486,0.91348994,0.0,True,0.5952781740135644,0.8935460167147642
594,42717,124.81493,989,7836.5703,1.0418011,3,61.685436,0.5011857244667969,1.1890763721675517,1330.8265929450681,1.0129118,1.2113439,0.0,True,0.6547035471267577,1.1957566305172862
595,43652,126.61536,989,7725.1367,2.1740806,3,395.01678,0.5084133602281706,1.1933963052240908,1352.7648617105328,1.0159091,1.2117077,0.0,True,0.6606620821597194,1.1988897236568636
596,13389,123.46913,989,7921.9883,0.64808559,3,111.6672,0.49578310641743595,1.0584206276844754,1173.2454204564845,0.98999494,0.94152796,0.0,True,0.6440466564922052,1.0233528273791328
597,14387,125.78388,989,7776.2031,0.45314348,2,52.324062,0.5050754633276955,1.0686378239039374,1204.282452124045,0.99577463,0.9457469,0.0,True,0.6522852133293868,1.0317705467327563
598,15382,127.16966,989,7691.4648,2.0814748,3,333.95184,0.5106385272068077,1.0774186335586824,1226.0532836736322,1.0027362,0.95209616,0.0,True,0.6582678290447654,1.0398218914910777
599,0,80.374092,989,12169.605,0.38670269,1,26.867365,0.3227659404482332,0.0,55.71107525986566,0.80735123,0.82437134,13.066496187565285,True,0.46814152731376324,0.24731140200000004
600,1652,82.976601,989,11787.914,0.67600816,2,43.232872,0.33321528338454526,0.7904298981915727,614.9355968105051,0.78560746,0.78995609,0.0,True,0.4689329363691817,0.7902877557341009
601,3300,85.030434,989,11503.188,0.51699406,2,96.884758,0.3414615679977952,0.8664626709537185,688.9406929806336,0.78225505,0.7856006,0.0,True,0.47369961259845667,0.842204049667603
602,4944,86.70919,989,11280.477,0.57432729,2,75.283791,0.3482018651214106,0.9115899577985598,737.577369862232,0.78384072,0.7995519,0.0,True,0.47889352158498744,0.8779785404589919
603,6584,89.381149,989,10943.258,0.70809674,2,120.6149,0.3589298246409009,0.9453589047371384,785.9017595712281,0.79276794,0.82225192,0.0,True,0.4890812592486306,0.9084268093159968
604,8220,92.350235,989,10591.43,0.54516935,2,94.255226,0.37085056819079537,0.9726333356318042,832.4975440983903,0.81018507,0.85055417,0.0,True,0.5026509187335567,0.9360095859422629
605,9852,93.94117,989,10412.059,0.72447985,2,176.11497,0.3772380715904738,0.9940031656927026,863.8484987774906,0.82274312,0.87632596,0.0,True,0.5108895861133317,0.9587000039848919
606,11480,98.935287,989,9886.4727,0.74975312,2,115.84009,0.3972888082695943,1.0162212196600768,924.9000794002283,0.86320007,0.89832675,0.0,True,0.537062186788716,0.9808528787620538
607,13104,100.99306,989,9685.0312,0.39498687,2,202.50534,0.4055504161676921,1.0329136338198657,957.4975704511317,0.8799119,0.91477644,0.0,True,0.5478588613173845,0.997472475673906
608,14724,102.88687,989,9506.7617,0.63920248,2,94.571182,0.4131536427702692,1.0477319185936134,987.4433510878368,0.89530575,0.92856097,0.0,True,0.5577992749391885,1.0119806340155293
609,16340,107.8689,989,9067.6836,1.7873085,3,17.790371,0.43315508102062317,1.0645936999045513,1046.4894602420936,0.93586475,0.94246018,0.0,True,0.5839679817144363,1.027953643933186
610,0,4.7603307,3,1.890625,1.8913732,2,68.87854,0.9605636160890736,0.0,3.2996098032379506,0.73894691,0.0,0.0,True,0.8940786042623515,0.0
611,0,10.24,3,0.87890625,0.88340425,2,88.359184,1.2981293916210546,0.0,7.09782712893384,0.80331236,0.0,0.0,True,1.1496842821347382,0.0
612,0,7.3610225,3,1.2226562,1.2252226,2,35.109737,1.1596622745071445,0.0,5.1022719919133195,,,,False,1.1596622745071445,0.0
613,1666,102.35394,989,9556.2617,2.0767071,3,33.97134,0.4110140167630499,0.80944525394592,759.4028350212249,0.89683956,1.0300468,0.0,True,0.5567616797341349,0.875625717762144
614,0,99.347801,989,9845.4219,0.29269946,1,281.30969,0.39894498016678026,0.0,68.86264815798052,,,,False,0.39894498016678026,0.0
615,1666,103.75967,989,9426.793,1.447284,3,96.013695,0.41665773493907626,0.810651364789721,769.8324808880511,0.97610354,1.0450208,0.0,True,0.5844914764573534,0.8809621953528047
616,0,101.63963,989,9623.4219,0.19935855,1,82.272957,0.4081462169039487,0.0,70.45122296765602,,,,False,0.4081462169039487,0.0
617,0,119.44772,989,8188.6953,1.9809974,2,1.2425002,0.4796393212905158,0.0,82.7948503423138,,,,False,0.4796393212905158,0.0
618,93195,135.7513,989,7205.2422,2.7207065,5,313.06128,0.545087763886916,1.2881329875432672,1553.3302878479856,1.0199927,1.2662997,0.0,True,0.6875592447208412,1.281583001280287
619,0,119.12234,989,8211.0625,2.0043111,2,64.764633,0.4783330864204939,0.0,82.56931411270318,,,,False,0.4783330864204939,0.0
620,20892,136.72081,989,7154.1484,3.3164954,5,114.00323,0.5489796067657593,1.1206983556331709,1359.9916086071653,0.95517468,1.186964,0.0,True,0.6708381287360315,1.1405780489432196
621,0,-1.0,1,-1.0,0.0,0,133.52779,1.0,0.0,-0.6931471805599453,0.79346454,0.0,8.67732064674643,True,0.938039362,0.0
622,14766,121.14799,989,8073.7695,2.9866519,4,107.52846,0.48646504021560016,1.067069015724373,1163.047109021277,0.86781639,0.96031523,0.0,True,0.6008704451509201,1.035042880007061
623,3282,136.36098,989,7173.0273,2.1228473,4,88.569016,0.5475351340599662,0.9119233897421744,1104.0899651683626,0.95332229,1.1812358,0.0,True,0.6692712808419763,0.992717112819522
624,0,118.41586,989,8260.0508,1.9911315,2,88.599976,0.47549689897687597,0.0,82.0796194925812,,,,False,0.47549689897687597,0.0
625,1676,86.026825,989,11369.953,2.6807365,3,63.618999,0.3454621677199526,0.7950280662924324,638.7799635096545,0.78642029,0.46700752,0.0,True,0.47774960440396685,0.6966219024047027
626,0,80.614349,989,12133.336,0.77539551,1,20.665377,0.3237305942406059,0.0,55.87760872202545,,,,False,0.3237305942406059,0.0
627,0,120.40954,989,8123.2852,2.156076,2,42.912651,0.4835005095685032,0.0,83.46153316351996,0.99989253,0.93397403,14.395564143531514,True,0.6384181156979523,0.280192209
628,0,123.57674,989,7915.0898,1.9442722,2,19.821463,0.4962151035080362,0.0,85.65686891378941,,,,False,0.4962151035080362,0.0
629,42,82.968704,989,11789.035,2.9129858,4,74.11573,0.3331836038642424,0.4011869940815655,313.96930961643255,0.54423445,0.26850495,0.0,True,0.39649885770496973,0.36138238085709584
630,5816,87.441109,989,11186.055,0.81525666,3,65.272102,0.3511405275170186,0.9298323435738612,758.0017768084116,0.56181186,0.92107314,0.0,True,0.414341927261913,0.9272045825017029
631,4162,85.848717,989,11393.543,1.5886073,3,62.368641,0.3447470238662096,0.8921885182653504,715.4830754238134,0.55463904,0.89521194,0.0,True,0.4077146287063467,0.8930955447857453
632,619,84.754196,989,11540.68,2.6043737,4,39.16835,0.34035246013832293,0.6873843026432293,545.0822950590821,0.55672187,0.76507592,0.0,True,0.405263283096826,0.7106917878502605
633,204,85.325508,989,11463.406,2.929069,4,33.269257,0.342646351519468,0.5694778306408013,454.60374066306474,0.55296069,0.34392327,0.0,True,0.4057406530636276,0.5018114624485609
634,922,88.540115,989,11047.207,2.7591538,4,82.45298,0.3555530758532642,0.7333490127578738,604.6149521250429,0.5675388,0.76642013,0.0,True,0.4191487930972849,0.7432703479305116
635,10642,90.391129,989,10820.984,3.2127862,4,13.735475,0.3629848787163889,0.99818483472003,838.1744889618928,0.57574415,0.96814513,0.0,True,0.42681266010147223,0.989172923304021
636,3188,89.729507,989,10900.773,2.4376359,4,36.675156,0.3603284719024617,0.867761702484887,723.9175806335753,0.58121055,0.88287681,0.0,True,0.4265930953317232,0.872296234739421
637,48,89.52742,989,10925.379,2.6678448,4,46.238182,0.35951709321964737,0.4185149804681633,350.2333266566279,0.57269752,0.27884445,0.0,True,0.42347122125375314,0.37661382132771437
638,13861,93.397461,989,10472.672,1.7329988,4,20.115017,0.37505513629347226,1.030258333043998,890.7295961479664,0.58879775,0.9872877,0.0,True,0.4391779204054306,1.0173671431307987
639,7,86.186279,989,11348.918,3.3610766,4,17.808372,0.34610236234544356,0.22270642801624868,189.3706104479565,0.55785316,0.14870977,0.0,True,0.40962760164181045,0.20050743061137405
640,13077,116.1367,989,8422.1523,4.0079713,3,224.57837,0.4663471640451488,1.0486459788618883,1100.832274586011,0.70877171,0.99277169,0.0,True,0.5390745278316043,1.0318836922033219
641,12404,95.432838,989,10249.312,2.6724508,2,127.452,0.38322699909918045,1.0206379037039215,899.543776097985,0.61741608,0.97900975,0.0,True,0.45348372336942633,1.008149457592745
642,11729,89.500443,989,10928.672,2.0090296,2,20.201111,0.35940878425310147,1.0075795482054775,838.618272866416,0.58911347,0.97160935,0.0,True,0.42832018997717103,0.9967884887438343
643,11052,80.631561,989,12130.746,2.3837538,2,21.602482,0.32379970161655225,0.9900796327033019,750.7239893647186,0.54492873,0.96187431,0.0,True,0.39013841013158657,0.9816180358923113
644,10373,74.335258,989,13158.238,1.8036423,2,27.032959,0.2985188819981385,0.9749106448221201,687.3896040087476,0.51201385,0.95302874,0.0,True,0.36256737239869696,0.9683460733754841
645,9692,70.815094,989,13812.324,2.2221751,2,42.070076,0.28438449355823836,0.962828637639801,650.0303308684099,0.49300683,0.94558364,0.0,True,0.34697119449076685,0.9576551383478606
646,9009,64.242554,989,15225.438,1.9904431,2,41.729176,0.2579934677513983,0.9455057735048367,585.0056308209813,0.45639291,0.93521559,0.0,True,0.3175133004259788,0.9424187184533857
647,8324,62.45248,989,15661.844,0.7128765,2,79.405991,0.25080558352020216,0.9345538330753106,563.7671821165956,0.44617099,0.92809141,0.0,True,0.3094152054641415,0.9326151061527174
648,7637,61.578388,989,15884.16,1.0349336,2,82.357849,0.24729573003100924,0.9242887140666587,550.5737208190394,0.44114828,0.92123365,0.0,True,0.30545149502170643,0.9233721948466611
649,6948,58.836613,989,16624.359,1.2773048,2,94.784172,0.2362862208490396,0.9102305551654408,520.4979167796711,0.42521814,0.91217154,0.0,True,0.29296579659432775,0.9108128506158086
650,6257,57.276443,989,17077.195,1.4825838,2,46.835056,0.23002135256312828,0.8969738913059307,500.69781799645733,0.41604111,0.90339839,0.0,True,0.2858272797941898,0.8989012409141516
651,5564,54.305855,989,18011.336,2.7493634,2,41.856586,0.21809283602934057,0.8801224500978171,468.35715050428183,0.39829463,0.89242405,0.0,True,0.2721533742205384,0.883812930068472
652,4869,49.785789,989,19646.59,1.9884692,2,71.574516,0.19994205867135595,0.8588924641833863,422.73384940758586,0.37057152,0.8786729,0.0,True,0.2511308970699492,0.8648265949283703
653,4172,49.238922,989,19864.793,0.77923131,2,110.31118,0.19774603453055645,0.8423272103884358,410.48667862801864,0.36715657,0.86740428,0.0,True,0.24856919517138953,0.849850331271905
654,3473,48.023056,989,20367.738,1.0595852,2,101.13515,0.19286352797416528,0.8217276065650521,391.54877201596724,0.35953581,0.85350078,0.0,True,0.24286521258191573,0.8312595585955365
655,2772,46.912621,989,20849.848,1.3579628,2,58.114429,0.18840438193245113,0.7971331423054018,371.92539854455566,0.35253653,0.83688647,0.0,True,0.23764402635271578,0.8090591406137813
656,2119,45.335892,989,21574.98,1.4414046,2,43.941406,0.18207272447717046,0.7674959812051552,347.25674574670535,0.34171748,0.81520629,0.0,True,0.22996615113401936,0.7818090738436086
657,1562,44.447365,989,22006.277,1.1507976,2,131.43018,0.17850463871339942,0.7354936511724726,326.9104549630665,0.33438349,0.78605384,0.0,True,0.2252682940993796,0.7506617078207308
658,1076,43.7696,989,22347.039,0.82890397,2,244.89038,0.17578292894783606,0.6971767508068767,305.637109486695,0.32799321,0.73748362,0.0,True,0.22144601326348523,0.7092688115648137
659,646,43.490498,989,22490.453,0.58053505,2,68.088333,0.17466212042721252,0.6458796019425318,281.55273038192723,0.32484972,0.40411153,0.0,True,0.21971840029904877,0.5733491803597722
660,627,43.338852,989,22569.148,0.55584657,2,167.77567,0.17405315558559173,0.642681244799662,279.28125080271445,0.32283124,0.40863457,0.0,True,0.21868658090991422,0.5724672423597634
661,1030,43.636711,989,22415.094,0.79015142,2,71.701012,0.1752492778318821,0.6926078185712259,302.80621899902286,0.32567737,0.73727822,0.0,True,0.2203777054823175,0.7060089389998581
662,1600,44.329082,989,22064.996,1.0213269,2,39.162521,0.17802964819449904,0.7376994113680289,327.10465636830156,0.33184785,0.78579718,0.0,True,0.22417510873614932,0.7521287419576201
663,2313,45.265484,989,21608.539,0.99285448,2,23.775612,0.18178998379399133,0.776149320016299,350.6791718373868,0.33766115,0.81468397,0.0,True,0.22855133365579394,0.7877097150114093
664,3025,46.281277,989,21134.27,0.7179299,2,122.9608,0.1858691024759533,0.8048160860657583,370.9595834344988,0.34392893,0.83558148,0.0,True,0.23328705073316733,0.8140457042460308
665,3734,46.72007,989,20935.777,0.57644761,2,152.26375,0.1876311670808901,0.8267370651740739,384.3085875495288,0.34662226,0.85144973,0.0,True,0.23532849495662309,0.8341508646218517
666,4441,47.493923,989,20594.656,1.1388379,2,42.267773,0.19073870703037513,0.8455569341801124,398.9055011492851,0.35136092,0.86486071,0.0,True,0.2389253709212626,0.8513480669260787
667,5146,49.226154,989,19869.945,1.3425658,2,60.491169,0.1976947668982285,0.8635011009403374,420.7046091736043,0.3618938,0.87731767,0.0,True,0.24695447682875996,0.8676460716582362
668,5849,50.574158,989,19340.332,1.9221861,2,60.980587,0.20310785351990743,0.8788355000384216,438.69885099449704,0.3700166,0.88794118,0.0,True,0.2531804774639352,0.8815672040268951
669,6550,54.124496,989,18071.688,1.5851991,2,43.159321,0.21736457631610206,0.8964632655475909,475.62039556905324,0.39102009,0.89956921,0.0,True,0.26946123042127146,0.8973950488833138
670,7249,54.777672,989,17856.199,0.9168421,2,77.785309,0.2199874429996786,0.9079170556076153,486.9129566413856,0.3948307,0.90752649,0.0,True,0.27244042009977504,0.9077998859253307
671,7946,56.808487,989,17217.867,1.1148244,2,115.83858,0.22814226930959558,0.9207159022731123,510.1785932824014,0.40658313,0.91604918,0.0,True,0.2816745275167169,0.9193158855911787
672,8641,58.162743,989,16816.969,0.96722424,2,35.475761,0.23358028275035272,0.931561076005817,527.2164761187336,0.41433519,0.92334998,0.0,True,0.28780675492524693,0.9290977472040718
673,9334,59.939495,989,16318.473,0.71444464,2,19.370464,0.2407148086081462,0.9424023523723783,547.9448759227927,0.4244132,0.93051755,0.0,True,0.29582432602570236,0.9388369116606647
674,10025,60.546696,989,16154.82,1.3044963,2,102.85779,0.24315301740004638,0.9507518500594676,557.8189343415061,0.42783132,0.93623936,0.0,True,0.2985565081800325,0.9463981030416273
675,10714,64.756508,989,15104.598,2.7970157,2,52.064445,0.26005719716572967,0.964298571917418,600.9075776274715,0.45116669,0.94459927,0.0,True,0.31739004501601076,0.9583887813421926
676,11401,72.194275,989,13548.457,2.740206,2,48.283386,0.28992229078247456,0.9818477228953917,674.4123320610488,0.49081334,0.95480818,0.0,True,0.35018960554773215,0.9737358600267743
677,12086,77.944504,989,12548.941,1.6699438,2,89.878517,0.3130107562922507,0.9960006042066963,732.6758826562054,0.52007234,0.96305352,0.0,True,0.37512923140457555,0.9861164789446875
678,12769,81.57679,989,11990.188,1.4977553,2,89.960693,0.32759489215724585,1.006682199670539,771.3030229892681,0.53798079,0.96945363,0.0,True,0.3907106615100721,0.9955136287693773
679,13450,87.715927,989,11151.008,1.2784648,2,109.43707,0.3522439448254155,1.020092651861677,833.9050616165375,0.56734884,0.97701192,0.0,True,0.41677541337779084,1.007168432303174
680,14129,90.58783,989,10797.488,1.153415,2,20.873428,0.3637746099249722,1.02893279319205,865.6687397028002,0.5807181,0.98232037,0.0,True,0.42885765694748057,1.014949066234435
681,14806,97.060677,989,10077.418,2.2735891,2,41.094208,0.3897625373398958,1.0417108605675596,932.0661934126009,0.61006188,0.98931497,0.0,True,0.4558523401379271,1.0259920933972917
682,15481,112.71825,989,8677.5742,4.9842806,5,123.25123,0.4526235324527116,1.0637998014667813,1087.4490831894218,0.67634428,1.0000852,0.0,True,0.5197397567168981,1.0446854210267469
683,27512,98.295631,989,9950.8086,3.1115723,4,41.098816,0.39472069568276613,1.1104426828374157,1004.8221972004379,0.61060214,1.0407521,0.0,True,0.45948512897793625,1.089535507986191
684,93,78.235352,989,12502.289,2.0182326,3,113.06912,0.31417856181902204,0.48159207044540303,356.27416157903417,0.51864928,0.32322612,0.0,True,0.3755197772733154,0.4340822853117821
685,1719,80.565903,989,12140.633,1.9803048,3,142.29976,0.323536051414007,0.792177342607325,600.2692149934817,0.52991879,0.83035946,0.0,True,0.38545087298980485,0.8036319778251275
686,0,105.88725,989,9237.3828,0.77280849,1,75.994308,0.42519934714572255,0.0,73.39544879474606,0.73152208,0.0,0.0,True,0.5170961670020058,0.0
687,1662,115.42612,989,8474.0,1.0961323,2,123.14529,0.46349451800252683,0.8199321984345528,856.1131798150957,0.77874386,0.85372889,0.0,True,0.5580693206017688,0.830071205904187
688,3320,119.88992,989,8158.4922,0.70588613,2,87.345528,0.4814145321515555,0.9001728789677849,972.1061107030865,0.80013406,0.90630788,0.0,True,0.5770303905060888,0.9020133792774494
689,4974,125.68716,989,7782.1875,0.95996398,2,54.539776,0.5046871667196374,0.9500224765362414,1069.8970724662843,0.82729083,0.93836993,0.0,True,0.6014682657037462,0.9465267125753689
690,6624,135.56682,989,7215.0469,2.7514608,4,58.508694,0.5443472363453004,0.9903499826624478,1192.8194498923754,0.87198454,0.96326822,0.0,True,0.6426384274417103,0.9822254538637134
691,3853,91.070168,989,10740.301,1.5605397,3,45.587887,0.36571117627307387,0.8895532572403123,751.977878063002,0.58749574,0.89664614,0.0,True,0.4322465453911517,0.8916811220682186
692,4535,94.196358,989,10383.852,2.1905642,3,27.913939,0.3782626148138272,0.9104164481486858,793.1353388268449,0.60184515,0.90929055,0.0,True,0.4453373753696791,0.91007867870408
693,1394,93.198967,989,10494.977,1.7529702,3,42.186893,0.374258182578605,0.7820173124435511,674.8878572742693,0.58950251,0.81804407,0.0,True,0.4388314808050235,0.7928253397104859
694,2067,96.559357,989,10129.738,3.5261424,4,32.004807,0.38774981494679567,0.8277026090200122,737.2133754534138,0.6044082,0.84866381,0.0,True,0.45274733046275695,0.8339909693140086
695,42448,113.52451,989,8615.9453,1.0857189,3,144.2756,0.4558603469656993,1.175942424267057,1209.7265093369522,0.6842103,1.0948111,0.0,True,0.5243653328759895,1.15160302698694
696,43675,116.14047,989,8421.8789,0.90504074,2,54.491783,0.4663622995090086,1.1820577249397795,1240.9117860229057,0.69995695,1.0989261,0.0,True,0.5364406946563061,1.1571182374578455
697,44921,122.44461,989,7988.2734,4.7510152,5,40.562096,0.4916702267771485,1.1921385799821236,1311.713009281692,0.73243833,1.1048028,0.0,True,0.563900657744004,1.1659378459874865
698,41218,102.86253,989,9509.0117,2.4860237,5,86.356537,0.41305590388343416,1.1600757855021586,1093.087072465658,0.63007689,1.0716044,0.0,True,0.4781621997184039,1.133534369851511
699,7266,82.665329,989,11832.301,2.6336937,3,75.955627,0.33196549036478096,0.947995378704172,734.9969846627305,0.54021567,0.93693358,0.0,True,0.3944405442553467,0.9446768390929206
700,8897,87.071342,989,11233.559,0.77610922,2,82.589844,0.3496559035994042,0.9749814592781161,791.8001568484398,0.56061894,0.95411104,0.0,True,0.412944814519583,0.9687203334946812
701,10524,88.1549,989,11095.48,1.5800375,3,98.860199,0.35400645322987,0.9943041042371635,816.4557450082578,0.56552786,0.96689683,0.0,True,0.417462875260909,0.9860819219660145
702,34679,102.78775,989,9515.9297,4.0213833,5,30.78944,0.412755678852032,1.1411281973663752,1074.5377180437345,0.64003617,1.0755141,0.0,True,0.48093982619642245,1.1214439681564627
703,89,79.250618,989,12342.125,2.3618529,3,123.42312,0.3182550026502014,0.4776352591355746,357.4884036026354,0.52364826,0.32035106,0.0,True,0.379872979855141,0.43044999939490225
704,92,78.523239,989,12456.453,2.1568918,3,23.164785,0.3153344588280277,0.4806454500437664,356.7542220356405,0.52033907,0.32253987,0.0,True,0.3768358421796194,0.4332137760306365
705,5744,80.399925,989,12165.695,0.78783131,4,19.935965,0.3228696589279578,0.9202118716904122,695.9625936395115,0.52886689,0.9171021,0.0,True,0.3846688282495705,0.9192789401832885
706,1653,76.996445,989,12703.457,1.5690178,3,57.595291,0.3092041108469705,0.7842388679405997,570.6634860788564,0.51285827,0.82838708,0.0,True,0.37030035859287935,0.7974833315584198
707,0,75.463226,989,12961.559,2.6009202,3,49.832592,0.30304791566802125,0.0,52.30712233785796,0.50547975,0.0,0.0,True,0.36377746596761484,0.0
708,3330,78.930107,989,12392.242,2.8402393,4,40.380219,0.3169681158871529,0.860580301966099,640.2279872115182,0.52204758,0.87877715,0.0,True,0.378491955121007,0.8660393563762694
709,777,80.528023,989,12146.344,1.9398603,3,17.342297,0.3233839554254817,0.7077836223545859,536.1564666361337,0.53014833,0.76259738,0.0,True,0.3854132677978372,0.7242277496482101
710,1467,83.74968,989,11679.102,1.0673239,3,165.27919,0.3363192560590103,0.7785395724684128,610.7309049566658,0.54563808,0.81358635,0.0,True,0.3991149032413072,0.789053605727889
711,43,82.568665,989,11846.152,3.6069005,4,155.12155,0.331577408408452,0.4034312325209404,314.31103988591144,0.53996873,0.26999447,0.0,True,0.3940948048859164,0.3634002037646582
712,8300,94.672844,989,10331.59,1.5076072,3,102.34473,0.3801756731774163,0.9762939994942246,854.3515761197074,0.59509236,0.9473207,0.0,True,0.44465067922419144,0.9676020096459572
713,7628,92.906082,989,10528.062,1.3113997,3,55.095016,0.37308227953353146,0.9651944006526461,830.5657983713546,0.58734113,0.94018656,0.0,True,0.437359934673472,0.9576920484568523
714,3493,86.002068,989,11373.227,3.1847229,4,32.402672,0.3453627373404871,0.8736006977384613,701.6984972967781,0.55630434,0.8801707,0.0,True,0.408645218138341,0.8755716984169228
715,5577,91.422058,989,10698.961,1.7144074,3,20.39946,0.36712399331138745,0.9297710815321772,788.676594443654,0.58077526,0.91659474,0.0,True,0.4312193733179712,0.9258181790725242
716,4907,86.577011,989,11297.699,1.288389,3,24.324575,0.3476711666912028,0.910636234222785,735.8029117492249,0.55864924,0.9045043,0.0,True,0.410964588683842,0.9087966539559496
717,723,76.756783,989,12743.121,2.0045931,3,84.725456,0.30824183894287216,0.6965834913260507,505.53334851243113,0.51251698,0.76067752,0.0,True,0.3695243812600105,0.7158116999282355
718,12,74.839928,989,13069.508,1.0760019,2,37.319191,0.30054524195597154,0.27061375719738867,197.5068605362782,0.5033375,0.18209139,0.0,True,0.3613829193691801,0.24405704703817208
719,0,77.917679,989,12553.262,1.9041244,2,73.399246,0.31290303098329747,0.0,54.00841951462486,0.51907301,0.0,0.0,True,0.3747540246883082,0.0
720,692,85.544106,989,11434.113,2.9820571,3,80.380363,0.34352402206846133,0.6999782535944071,559.6699148916219,0.55500132,0.76495814,0.0,True,0.4069672114479229,0.719472219516085
721,1914,115.31376,989,8482.2578,5.8276434,7,84.827957,0.4630433948611766,0.8354412360231841,871.5408167292313,0.72609305,0.89864874,0.0,True,0.5419582914028236,0.8544034872162289
722,14518,122.58272,989,7979.2734,1.8657168,4,18.516224,0.49222465359843676,1.0665816702761148,1174.744809437296,0.72948927,0.7478888,0.0,True,0.5634040385189057,0.9709738091932804
723,3872,121.82434,989,8028.9453,3.8608468,4,29.670515,0.48918021326697586,0.9188763669151515,1006.5179165179957,0.80056411,0.99327219,0.0,True,0.5825953822868831,0.9411951138406061
724,16931,124.48698,989,7857.2148,1.6249347,4,39.1926,0.49986921525410116,1.0855549882160807,1212.1321716323662,0.75733972,0.98034638,0.0,True,0.5771103666778709,1.0539924057512564
725,4616,130.62854,989,7487.8047,1.9506066,4,39.03616,0.5245236280445894,0.9457563414101997,1102.206651325718,0.84806228,0.93967283,0.0,True,0.6215852236312125,0.9439312879871398
726,104,113.00786,989,8655.3359,4.2312126,5,12.949517,0.453786197043529,0.5133264654621655,527.0052722659433,0.70676029,0.33855295,0.0,True,0.5296784249304703,0.4608944108235159
727,1043,113.05873,989,8651.4414,4.0187063,5,18.524345,0.4539904245020273,0.7667049083767227,785.9585321562921,0.70882684,0.84708738,0.0,True,0.530441349151419,0.7908196498637059
728,13896,123.49934,989,7920.0508,1.8375881,4,38.253082,0.4959043603443464,1.0625892149504592,1178.121981578325,0.75170892,0.93102872,0.0,True,0.5726457282410424,1.0231210664653214
729,797,114.16087,989,8567.918,3.7232423,5,53.991909,0.45841506705074864,0.7378547465828345,762.9783000927007,0.7197724,0.84723866,0.0,True,0.536822266935524,0.7706699206079841
730,8130,114.54859,989,8538.918,1.2567842,3,34.492554,0.45997157853399573,0.9945539526283143,1031.3453520947444,0.71683162,0.88965183,0.0,True,0.537029590973797,0.96308331583982
731,7054,112.32829,989,8707.6992,0.68276274,3,87.364571,0.4510580037700289,0.9767627495484904,995.4121486346867,0.70795023,0.85097635,0.0,True,0.5281256716390202,0.9390268296839432
732,5986,116.46876,989,8398.1406,5.5785332,6,17.223721,0.46768021175614816,0.9625085847823832,1012.9885245571834,0.77262807,0.86050993,0.0,True,0.5591645692293037,0.9319089883476682
733,2480,116.63498,989,8386.1719,0.73225039,3,30.243233,0.46834752332500695,0.8651554006270018,911.7146403705492,0.71765476,0.78780556,0.0,True,0.5431396943275049,0.8419504484389012
734,1896,112.16542,989,8720.3438,2.2840438,3,31.595493,0.4504041143837299,0.83185258495375,846.6869517971,0.69344884,0.62751693,0.0,True,0.523317532068611,0.770551888467625
735,1558,112.5547,989,8690.1836,2.3634164,4,35.775024,0.45196692975852665,0.8105359606994921,827.5518023055864,0.71386343,0.53875101,0.0,True,0.5305358798309686,0.7290004754896444
736,1613,114.01009,989,8579.25,2.0675578,3,48.710518,0.45780970541464444,0.8155131643545203,842.2028226053482,0.76426661,0.78436047,0.0,True,0.5497467767902511,0.8061673560481641
737,1065,120.87827,989,8091.7852,3.4801948,4,16.199537,0.4853822330977374,0.7747180482667572,842.8365810485412,0.74798453,0.73013645,0.0,True,0.5641629221684161,0.76134356878673
738,11343,121.09714,989,8077.1602,4.5483522,5,23.75769,0.4862608782766082,1.0377093446801993,1130.6273708199524,0.81202227,0.92384058,0.0,True,0.5839892957936257,1.0035487152761395
739,527,113.5808,989,8611.6758,3.8591897,4,29.510073,0.45608630111077747,0.6918598756940932,712.2638828812111,0.75826246,0.43881902,0.0,True,0.5467391487775441,0.6159476189858653
740,737,117.58255,989,8318.5898,5.2863259,6,32.181702,0.472151569662696,0.7316085275461591,776.667773054788,0.82928878,0.81295735,0.0,True,0.5792927327638873,0.7560131742823114
741,6173,118.64287,989,8244.2461,2.0513287,3,62.676804,0.4764082331461606,0.9678926431641919,1035.54631023805,0.73704523,0.63652724,0.0,True,0.5545993322023124,0.8684830222149342
742,5909,118.16584,989,8277.5273,2.2279069,4,56.430141,0.4744932158855757,0.9626165532267446,1026.2195446359642,0.7720781,0.80114001,0.0,True,0.563768681119903,0.9141735902587211
743,1431,129.42268,989,7557.5703,3.902288,4,18.308086,0.5196829156532108,0.8136905056939253,940.5826178376687,0.82491767,0.5688253,0.0,True,0.6112533419572476,0.7402309439857477
744,10923,123.28208,989,7934.0078,5.5356493,7,19.285233,0.49503221690248556,1.035573613583486,1146.3765175038975,0.83801502,0.94016123,0.0,True,0.5979270578317399,1.0069498985084402
745,2141,123.92645,989,7892.7539,6.2515011,7,27.318256,0.497618999192542,0.8546274267770306,950.5111617339566,0.81467003,0.77726763,0.0,True,0.5927343084347794,0.8314194877439214
746,1489,120.69724,989,8103.9219,6.255652,7,14.871722,0.4846554880561355,0.8117941098918133,881.959151513715,0.78325415,0.68793887,0.0,True,0.5742350866392949,0.7746375379242693
747,2073,125.92805,989,7767.3008,2.7453201,4,66.740715,0.505654194080041,0.8525541072404271,961.8027368184344,0.80928344,0.80094534,0.0,True,0.5967429678560286,0.837071477068299
748,4819,130.12585,989,7516.7305,1.5809269,4,95.576027,0.5225056988795406,0.9501689478081595,1103.5630657806878,0.82774615,0.84716058,0.0,True,0.6140778342156784,0.9192664374657118
749,313,120.80456,989,8096.7227,4.344841,6,46.602207,0.48508631300457017,0.6388508935140075,694.9370065013695,0.83093208,0.41737047,0.0,True,0.5888400431031992,0.5724067664598051
750,536,120.78364,989,8098.125,3.1967959,4,59.155003,0.4850023344811861,0.6984629965509278,759.4704447014993,0.85862297,0.85883653,0.0,True,0.5970885251368303,0.7465750565856495
751,11876,122.83202,989,7963.0781,4.1969514,6,57.644527,0.4932254882208145,1.0444632972524512,1152.464454301288,0.84498018,0.97848052,0.0,True,0.5987518957545701,1.0246684640767159
752,12162,122.1412,989,8008.1172,3.0489061,4,45.312111,0.49045219145974767,1.046455399389377,1148.8889584833553,0.86178243,0.98942763,0.0,True,0.6018512630218233,1.0293470685725639
753,155898,144.21054,989,6782.5898,2.1848321,4,156.38216,0.5790445185926226,1.3552719834332676,1724.3211084019945,0.90609044,1.1708081,0.0,True,0.6771582950148358,1.2999328184032872
754,7430,130.13478,989,7516.2148,2.9311638,4,143.52795,0.5225415393278492,0.9986777600538249,1159.9629047709827,0.82774669,0.90424937,0.0,True,0.6141030845294945,0.9703492430376774
755,150328,143.35858,989,6822.8984,1.7167228,4,138.46577,0.5756246180293934,1.3502417770532182,1708.9185908981303,0.90982866,1.1736643,0.0,True,0.6758858306205754,1.2972685339372527
756,17612,132.19023,989,7399.3438,2.8658936,5,163.16451,0.5307927372039409,1.0972933981382702,1292.3510841102564,0.94998187,1.084953,0.0,True,0.6565494770427587,1.0935912786967892
757,1979,135.55399,989,7215.7305,3.2179182,4,35.017231,0.5442956805590646,0.8543990303041938,1029.038737194605,0.87948638,0.63104773,0.0,True,0.6448528903913453,0.7873936402129357
758,1099,115.53701,989,8465.8672,1.288371,3,35.159714,0.46393967238756617,0.7743197406289092,809.2182298742696,0.76783103,0.83425677,0.0,True,0.5551070796712964,0.7923008494402364
759,823,113.35127,989,8629.1133,0.84355617,2,38.167778,0.455164866691,0.7408131196066483,761.1972353779367,0.7897346,0.86114997,0.0,True,0.5555357866837,0.7769141747246537
760,927,115.0322,989,8503.0195,2.896353,3,75.692596,0.4619130543544806,0.755153843752417,786.1425632649812,0.82229954,0.88661379,0.0,True,0.5700290000481365,0.7945918276266919
761,29,111.87681,989,8742.8398,5.2192173,5,77.46946,0.4492454549698461,0.37473252977832966,384.1835340186159,0.80648512,0.24981929,0.0,True,0.5564173544788923,0.3372585578448307
762,3324,131.25452,989,7452.0938,2.8886116,4,78.598213,0.5270365036980642,0.9094472025030418,1064.4118978985466,0.9443621,0.95130372,0.0,True,0.652234182588645,0.9220041577521292
763,2297,120.32037,989,8129.3047,2.3432708,3,27.931833,0.48314258037697416,0.8596333427780969,931.3072803044302,0.87149328,0.928967,0.0,True,0.5996477902638819,0.8804334399446678
764,13819,123.13918,989,7943.2148,3.4867492,6,64.570084,0.4944585682679615,1.0616250933038713,1174.002102182348,0.8717761,1.018414,0.0,True,0.607653827787573,1.04866176531271
765,10002,121.71846,989,8035.9297,3.6556795,7,109.5001,0.4887551497980155,1.0243091470387096,1121.1171238018871,0.85477054,0.99082857,0.0,True,0.5985597668586109,1.0142649739270968
766,531,118.61185,989,8246.4023,4.532167,5,25.557161,0.47628369612736005,0.6960208312116687,744.7070413849456,0.81013644,0.78431141,0.0,True,0.576439519289152,0.7225080048481681
767,265,113.86446,989,8590.2227,2.4412603,3,79.626938,0.4572250594237295,0.6163664062444959,636.1890513744688,0.81424916,0.78099239,0.0,True,0.5643322895966106,0.665754201371147
768,3473,124.498,989,7856.5195,4.0730958,6,58.696453,0.49991344229525897,0.9089781418701143,1015.0757381713462,0.8199268,0.9072361,0.0,True,0.5959174496066812,0.9084555293090799
769,3250,116.04843,989,8428.5586,2.4357159,3,59.481674,0.4659927913423694,0.8945744760919728,938.4866092409977,0.82652116,0.83499527,0.0,True,0.5741513019396586,0.8767007142643809
770,3688,118.18966,989,8275.8594,4.8522444,5,41.810863,0.4745888211859962,0.910397015197235,970.7367949503255,0.84278733,0.85877383,0.0,True,0.5850483738301974,0.8949100596380646
771,950,115.51756,989,8467.293,3.0502586,4,70.725586,0.4638615684437199,0.7582122010976075,792.2846979204136,0.79183173,0.86053717,0.0,True,0.5622526169106039,0.7889096917683253
772,2838,128.41888,989,7616.6445,3.7899251,4,96.793373,0.5156533468111575,0.8895475197157686,1021.1303435605066,0.84326869,0.83804488,0.0,True,0.6139379497678102,0.8740967278010381
773,41,117.72363,989,8308.6211,2.8066273,3,63.072422,0.4727179217194028,0.4141274069781007,442.7821307758661,0.84879279,0.27556819,0.0,True,0.585540382203582,0.3725596418846705
774,617,124.92927,989,7829.3984,2.4300361,3,24.60932,0.5016447042956489,0.7167601180630092,803.0584991996376,0.83589995,0.50478327,0.0,True,0.6019212780069543,0.6531670636441065
775,146530,141.50153,989,6912.4414,5.8785992,6,90.06176,0.5681701973191092,1.3453572408402314,1683.1605739260185,0.92108893,1.1752687,0.0,True,0.6740458171233765,1.2943306785881619
776,469,132.06572,989,7406.3203,5.4568686,6,59.307106,0.5302928836094489,0.6905041071680691,812.8457656841059,0.91142958,0.88256061,0.0,True,0.6446338925266143,0.7481210580176484
777,18674,132.45392,989,7384.6133,4.3647432,6,46.70034,0.5318512523986355,1.1041116772564379,1302.6835821328903,0.95186776,1.0903147,0.0,True,0.6578562046790448,1.0999725840795065
778,0,119.37136,989,8193.9336,1.9752834,3,97.045952,0.47933276748233017,0.0,82.74192162360623,0.9025166,0.0,0.0,True,0.6062879172376312,0.0
779,9149,119.31647,989,8197.7031,3.2172074,4,32.593998,0.47911241256886694,1.0121542705879756,1088.359313176243,0.93582934,0.85384834,0.0,True,0.6161274907982068,0.9646624914115829
780,21379,130.00858,989,7523.5117,5.1744475,7,66.997543,0.5220348716738316,1.1169619490912925,1296.2190791153614,0.96121454,1.1204789,0.0,True,0.6537887721716822,1.1180170343639046
781,2406,121.81824,989,8029.3477,3.1359091,4,40.826046,0.48915570354268406,0.8659699054495529,948.5440367279664,0.98957741,0.89239234,0.0,True,0.6392822154798788,0.8738966358146871
782,0,108.59414,989,9007.125,4.353116,4,21.786545,0.43606671398048286,0.0,75.27172196633198,0.90606552,0.0,0.0,True,0.577066355786338,0.0
783,137068,141.78516,989,6898.6133,4.3903933,8,93.087715,0.569308750367075,1.3381102676794174,1677.0698967075407,0.93140256,1.1861433,0.0,True,0.6779368932569525,1.292520177375592
784,8506,120.16142,989,8140.0586,2.9273865,4,47.033813,0.4825044534301703,1.0048555111700093,1087.312112348917,0.93124151,0.83688718,0.0,True,0.6171255704011192,0.9544650118190066
785,519,114.52837,989,8540.4258,2.6206169,3,18.42523,0.45989039022023664,0.6908081193176233,716.460855409445,0.93106323,0.69889677,0.0,True,0.6012422421541657,0.6932347145223363
786,273,111.26534,989,8790.8867,2.0805838,3,60.783772,0.44679064664729706,0.6180625700767878,624.9519458840442,0.93533295,0.79927886,0.0,True,0.5933533376531079,0.6724274570537515
787,40743,123.75368,989,7903.7734,4.0966854,5,90.391479,0.496925390574617,1.1826743201283119,1313.6562544799524,1.0126238,1.2110163,0.0,True,0.6516349134022319,1.1911769140898183
788,1255,116.19016,989,8418.2773,3.1365926,4,14.36224,0.46656177636684454,0.7894754758558186,829.1891258434142,0.78740513,0.73064178,0.0,True,0.5628147824567912,0.771825367099073
789,20266,129.60301,989,7547.0547,4.2353625,6,33.132175,0.5204068179012423,1.1105840350061678,1285.2469437945012,0.96806961,1.1254371,0.0,True,0.6547056555308697,1.1150399545043175
790,5655,121.52164,989,8048.9453,2.5553155,4,17.359503,0.4879650014004464,0.9607282871899794,1050.0258365784528,0.80850208,0.8909657,0.0,True,0.5841261249803125,0.9397995110329855
791,10605,129.42796,989,7557.2617,4.165915,6,18.819487,0.5197041312367077,1.037904704870054,1199.7026342455365,0.84746552,0.95209402,0.0,True,0.6180325478656954,1.012161499409038
792,93,105.27176,989,9291.3906,3.795233,4,13.305138,0.4227283349727512,0.49723236014991407,479.39463520211814,0.73985165,0.3389852,0.0,True,0.5178653294809259,0.4497582121049398
793,1658,121.4862,989,8051.293,3.4866831,5,39.254734,0.48782274959937727,0.8243276444841545,900.7682839783339,0.9893344,0.92141801,0.0,True,0.638276244719564,0.8534547541389081
794,2260,120.33929,989,8128.0273,3.0681744,4,18.769884,0.4832184923400463,0.8578454770152759,929.5012363410915,0.80653632,0.83345681,0.0,True,0.5802138406380324,0.8505288769106931
795,1772,117.88036,989,8297.5742,4.4047914,5,113.61517,0.4733471187701916,0.8289408260110135,881.8620493162382,0.80227673,0.61092329,0.0,True,0.5720260021391341,0.7635355652077095
796,1623,116.68303,989,8382.7188,0.84423971,2,82.849197,0.4685404040728733,0.8182880214010525,862.6683394842217,0.82442355,0.81457144,0.0,True,0.5753053478510113,0.8171730469807368
797,2000,119.68843,989,8172.2266,4.7950673,5,49.290188,0.4806056556579209,0.8437692672318722,909.8597105913816,0.8494873,0.87457055,0.0,True,0.5912701489605446,0.8530096520623105
798,4065,116.82833,989,8372.293,1.8596542,4,153.81622,0.4691237259777533,0.9200018775874255,970.9206348334282,0.8292371,0.88774556,0.0,True,0.5771577381844273,0.9103249823111979
799,482,112.72683,989,8676.9141,4.2059102,5,117.36756,0.4526579580490856,0.6814616269338079,696.8868343250117,0.7975809,0.79314923,0.0,True,0.5561348406343599,0.7149679078536655
800,346,113.67082,989,8604.8555,0.98070812,2,83.050819,0.45644771596193495,0.6455901607345621,665.224654681998,0.77549672,0.72261959,0.0,True,0.5521624171733546,0.6686989895141935
801,874,119.39891,989,8192.043,1.0095046,3,64.038452,0.4794433632566265,0.7517489551285785,808.9713261087661,0.8006146,0.76468062,0.0,True,0.5757947342796386,0.7556284545900049
802,32962,137.18523,989,7129.9297,4.1608381,5,115.19847,0.5508438388826824,1.1725181836279461,1427.161452442554,0.88277215,0.96759516,0.0,True,0.6504223322178777,1.1110412765395623
803,31502,135.44832,989,7221.3594,0.43929529,2,153.89169,0.5438715308266978,1.165738747477006,1402.9560633077824,0.87439585,0.94765723,0.0,True,0.6430288265786885,1.1003142922339042
804,30061,130.17828,989,7513.7031,3.505805,5,32.695335,0.5227161693746813,1.1553112020023935,1342.2748137102187,0.84935331,0.92044854,0.0,True,0.620707311562277,1.0848524034016753
805,12514,129.89351,989,7530.1758,4.9006205,6,32.696484,0.5215730008040197,1.056862005801796,1225.5144956995116,0.84827167,0.76727295,0.0,True,0.6195826015628139,0.9699852890612571
806,13310,120.79867,989,8097.1172,1.9493856,4,18.304813,0.4850626849293424,1.0551924934790633,1147.1550462576208,0.83210224,0.91144264,0.0,True,0.5891745514505397,1.0120675374353443
807,15592,122.94064,989,7956.043,3.4121785,6,35.481304,0.49366151132752334,1.0748729162584043,1186.9478054562844,0.81825143,0.89283961,0.0,True,0.5910384869292664,1.0202629243808832
808,20,110.66257,989,8838.7695,3.7792654,4,21.411968,0.4443707682447119,0.33503260234991444,342.0627018677364,0.78493214,0.22317733,0.0,True,0.5465391797712984,0.3014760206449401
809,88381,137.47716,989,7114.7891,2.0951941,4,164.95087,0.5520157306037659,1.2839877208361226,1565.787167141862,0.9455539,1.1836559,0.0,True,0.6700771814226361,1.2538881745852857
810,89459,139.31952,989,7020.7031,4.225111,5,247.47145,0.5594113090996853,1.287285518297402,1588.4595954893002,0.93597287,1.1820164,0.0,True,0.6723797773697797,1.2557047828081813
811,12093,118.07068,989,8284.1992,2.3192618,4,94.902824,0.4741111623999358,1.0418951256296483,1109.9290266110677,0.84650505,0.94525397,0.0,True,0.585829328679955,1.0129027789407539
812,64240,106.7509,989,9162.6484,3.4572959,5,57.855988,0.42866669435888205,1.2134311632345351,1181.7764957592235,0.64940596,1.0611773,0.0,True,0.4948884740512174,1.1677550042641747
813,62712,100.92342,989,9691.7148,1.5420414,2,47.33279,0.40527079820724843,1.2033902954551248,1114.8344099892604,0.62418592,1.0567855,0.0,True,0.47094533474507394,1.1594088568185872
814,61180,92.562607,989,10567.129,2.5827606,2,58.45089,0.3717032439086908,1.1894933075827179,1020.1887982835995,0.58658779,1.0506918,0.0,True,0.43616860773608357,1.1478528553079026
815,59644,81.166786,989,12050.754,2.071528,2,52.986572,0.32594870305902013,1.1701619466208872,892.5247810349921,0.53240228,1.0420343,0.0,True,0.3878847761413141,1.131723652634621
816,58104,78.489616,989,12461.789,2.1887403,2,56.964752,0.31519945777238506,1.1632275395771905,861.0329875755695,0.51914537,1.0387403,0.0,True,0.37638323144066954,1.1258813677040334
817,56560,69.570732,989,14059.375,2.544364,2,30.811609,0.27938800683357196,1.145720794112368,761.3189667434536,0.47342792,1.0305276,0.0,True,0.3375999807835004,1.1111628358786576
818,55012,66.094246,989,14798.883,1.8112336,2,24.379639,0.2654287270961751,1.136715833890488,721.4413639145815,0.45492443,1.0261614,0.0,True,0.32227743796732256,1.1035495037233414
819,53460,62.193436,989,15727.078,2.3920391,2,86.290779,0.2497654048501392,1.1266000173964095,677.0829216167202,0.4336949,1.0212197,0.0,True,0.30494425339509745,1.0949859221774867
820,51904,57.512783,989,17007.02,2.2096839,2,35.205101,0.2309703636417276,1.1145209583886202,624.4271934465287,0.40752691,1.0152518,0.0,True,0.2839373275492093,1.084740210872034
821,50344,55.045177,989,17769.422,1.5803696,2,12.440835,0.2210616311170495,1.1064086330547835,595.9562114820742,0.39341822,1.0112032,0.0,True,0.2727686077819346,1.0778470031383485
822,48780,52.962177,989,18468.293,1.7853078,2,47.927227,0.2126971962269043,1.098852377554301,571.7328798831293,0.38134229,1.0074238,0.0,True,0.263290724358833,1.0714238042880107
823,47212,50.359695,989,19422.695,2.1757936,2,22.402834,0.20224665224290098,1.0899373050864447,541.9934848077966,0.366032,1.0029408,0.0,True,0.2513822565700307,1.0638383535605114
824,45640,47.732101,989,20491.891,1.2535706,2,63.179794,0.1916951512325999,1.0806442758997301,512.0978371384707,0.35030991,0.99824256,0.0,True,0.23927957886281992,1.0559237611298111
825,44064,47.503986,989,20590.293,1.0063413,2,92.613441,0.19077911986729293,1.0765852980060504,507.9812040455894,0.34893349,0.99627995,0.0,True,0.23822543090710507,1.0524936936042353
826,42484,45.641895,989,21430.332,2.2549689,2,28.591131,0.18330154341531374,1.068607660563085,486.40247501061475,0.33763269,0.99228644,0.0,True,0.22960088739071965,1.0457112943941596
827,40900,43.088261,989,22700.406,1.7809879,2,36.324886,0.1730468362952111,1.0586863106852802,457.55141010041496,0.32190451,0.98726147,0.0,True,0.21770413840664776,1.0372588584796962
828,39312,42.342506,989,23100.215,0.70032895,2,91.596909,0.17005207226187694,1.0529058427090494,447.95559672297844,0.31726208,0.98446292,0.0,True,0.21421507458331385,1.0323729658963345
829,37720,41.876064,989,23357.52,1.2135601,2,26.186062,0.1681789495070711,1.047636837603614,441.28991040564364,0.31435069,0.98197871,0.0,True,0.21203047165494976,1.0279393993225299
830,36124,40.348892,989,24241.582,2.0624843,2,23.67436,0.1620461668819986,1.039500199383698,423.45226490198024,0.3047623,0.97798491,0.0,True,0.20486100681739902,1.0210456125685887
831,34524,38.653717,989,25304.707,2.1877851,2,13.642296,0.15523866991424123,1.030632102146727,403.91077664519327,0.2940008,0.9736222,0.0,True,0.19686730893996887,1.0135291315027088
832,32920,37.175514,989,26310.895,2.0302095,2,20.866381,0.14930244409022334,1.0220099109739103,386.69584547847313,0.2845127,0.96943122,0.0,True,0.18986552086315633,1.0062363036817372
833,31312,35.925289,989,27226.531,1.1980841,2,28.315218,0.14428172913879994,1.0136829689594438,371.8921453254496,0.2764121,0.96545541,0.0,True,0.18392084039715995,0.9992147012716106
834,29700,35.638397,989,27445.707,0.97935283,2,63.370663,0.14312960767868216,1.0077163482001699,367.0387695263702,0.27454498,0.96287709,0.0,True,0.18255421937507751,0.9942645707401189
835,28084,34.738438,989,28156.734,2.2396655,2,31.728598,0.13951548867890926,0.9997406255667148,355.82674136833765,0.26866972,0.95926267,0.0,True,0.17826175807523648,0.9875972388967005
836,26464,33.064987,989,29581.773,2.2581389,2,21.358488,0.132795081093592,0.98917566442676,336.7211362519853,0.2576426,0.95427221,0.0,True,0.1702493367655144,0.9787046280987319
837,24840,32.265804,989,30314.477,1.1686443,2,48.881283,0.1295856221878755,0.9806939072251687,326.5393273810828,0.25232896,0.95058519,0.0,True,0.16640862353151287,0.971661292057618
838,23212,31.860283,989,30700.324,1.2245359,2,38.437435,0.1279570736921875,0.9729331165402993,320.27583971092736,0.24962345,0.94746882,0.0,True,0.16445698658453126,0.9652938275782095
839,21580,31.062658,989,31488.645,1.8146693,2,30.076237,0.12475386053824612,0.9635134160113038,309.993365011848,0.24428321,0.94357526,0.0,True,0.1606126653767723,0.9575319692079127
840,19944,30.147865,989,32444.121,1.5016551,2,55.67598,0.1210800987455301,0.9531514355000786,298.4874964403701,0.23812181,0.93934792,0.0,True,0.15619261212187108,0.949010380850055
841,18304,29.699286,989,32934.16,0.81291461,2,80.649078,0.11927861458620001,0.9435294069056318,291.4980214734724,0.23508702,0.93583161,0.0,True,0.15402113621034003,0.9412200678339424
842,16660,29.439295,989,33225.016,0.80899394,2,34.58326,0.11823449733161163,0.9336938949330722,286.1760293357868,0.23332566,0.93254113,0.0,True,0.15276184613212815,0.9333480654531505
843,15012,29.012911,989,33713.301,1.3817298,2,103.71978,0.11652215516597102,0.9223973365344248,279.00957467505555,0.23043317,0.92882133,0.0,True,0.15069545961617972,0.9243245345740974
844,13360,28.299717,989,34562.926,1.4286517,2,26.068768,0.11365797614001596,0.9090457744137563,268.85212631438884,0.22557749,0.92442542,0.0,True,0.14723383029801118,0.9136596680896294
845,11704,27.867619,989,35098.836,1.4163084,2,76.785431,0.11192267712909792,0.8950662697043639,261.05986442348774,0.22262469,0.92039669,0.0,True,0.14513328099036854,0.9026653957930547
846,10044,27.214981,989,35940.535,1.1241354,2,75.696335,0.10930168210420932,0.878464237487308,250.78414008492976,0.21814905,0.91577566,0.0,True,0.14195589247294654,0.8896576642411156
847,8380,27.025578,989,36192.418,0.52528411,2,155.00429,0.10854103344304135,0.8606260067106855,244.14479697538442,0.21684709,0.91186297,0.0,True,0.14103285041012895,0.8759970956974799
848,6712,26.832781,989,36452.465,0.55837905,2,163.8401,0.10776675873831691,0.8389118302249493,236.44912929684142,0.21552184,0.90774637,0.0,True,0.14009328311682184,0.8595621921574645
849,5040,26.622877,989,36739.867,0.59419692,2,106.52168,0.10692378627872715,0.8110353461720553,226.97488485892418,0.21407878,0.90337598,0.0,True,0.139070284395109,0.8387375363204388
850,3364,26.410337,989,37035.535,0.68329465,2,64.979462,0.10607022131978862,0.771996571102372,214.49103363605363,0.21261719,0.89875197,0.0,True,0.13803431192385204,0.8100231907716604
851,1684,26.146845,989,37408.758,0.70684516,2,230.19633,0.1050120271444224,0.7055749351544692,194.27404271328393,0.2108041,0.89374697,0.0,True,0.13674964900109568,0.7620265456081285
852,0,25.925076,989,37728.762,0.32497922,1,67.027412,0.10412139395937504,0.0,17.969893335202304,0.20927703,0.88850099,0.1495748801353621,True,0.13566808477156253,0.26655029700000005
853,7407,116.9298,989,8365.0273,3.4694004,5,18.929008,0.46953110032154644,0.9865084884503816,1041.8972248576483,0.96040249,0.85351241,0.0,True,0.6167925172250825,0.9466096649152671
854,2284,119.34303,989,8195.8789,3.1247144,6,79.545227,0.4792190251297098,0.8582260917521581,923.0656881985949,0.9118275,0.87975448,0.0,True,0.6090015675907969,0.8646846082265107
855,16667,123.56717,989,7915.7031,1.8236485,3,57.378819,0.49617666701715774,1.0829079540688142,1201.2342693870473,0.93545121,0.86847532,0.0,True,0.6279590299120104,1.01857816384817
856,17257,129.53395,989,7551.0781,2.6131213,4,22.502245,0.5201296057814386,1.092519908307879,1263.7447480287337,0.98313117,0.89178085,0.0,True,0.6590300750470071,1.0322981908155153
857,3153,115.20102,989,8490.5586,5.3731532,6,15.655326,0.4625908068022536,0.890501863610171,928.1451007558065,0.91963613,0.75903583,0.0,True,0.5997044037615775,0.8510620535271197
858,4036,124.21287,989,7874.5547,5.6487927,7,79.323357,0.4987687744477186,0.9254867783452314,1031.4021621267611,0.88512677,0.62096125,0.0,True,0.614676173113403,0.834129119841662
859,18445,112.79893,989,8671.3672,2.9626963,5,30.730595,0.45294744751374266,1.0832007659609117,1107.985203262287,0.97598743,0.97354192,0.0,True,0.6098594422596199,1.0503031121726383
860,4313,118.26888,989,8270.3164,3.7986419,5,10.600105,0.47490682713603866,0.9278145434948268,989.8930931831022,1.002242,0.97591996,0.0,True,0.6331073789952271,0.9422461684463788
861,49022,120.73164,989,8101.6133,3.6275978,5,14.64932,0.4847935592619428,1.1999798213819295,1303.9095901138098,1.0225353,1.2145189,0.0,True,0.64611608148336,1.2043415449673507
862,2024,114.79304,989,8520.7344,3.2172542,4,34.716518,0.46095294657890756,0.8411946951057458,874.0133928379844,0.88588667,0.80003345,0.0,True,0.5884330636052353,0.8288463215740222
863,12959,129.20491,989,7570.3086,4.5027866,6,231.26257,0.5188086939020707,1.060144925733112,1223.5317526907259,1.0847594,1.3499548,0.0,True,0.6885939057314495,1.1470878880131783
864,53107,120.16834,989,8139.5898,2.649127,5,145.25258,0.4825322364668161,1.2082451639275158,1307.4437584447573,1.0417451,1.2200605,0.0,True,0.6502960955267714,1.211789764749261
865,975,112.59589,989,8687.0039,1.7959049,3,106.73052,0.45213232492500294,0.7589323840460969,775.1649017798774,0.89767087,0.87345427,0.0,True,0.5857938884475021,0.7932889498322677
866,2699,115.39671,989,8476.1602,3.6943758,5,24.375488,0.46337642152473335,0.8734866503503367,911.7929510961739,0.97955024,0.95185357,0.0,True,0.6182285670673133,0.8969967262452356
867,1221,110.43568,989,8856.9297,2.5282326,3,137.98633,0.4434598385614706,0.7820457842451543,785.0941111168652,0.9388085,0.68786758,0.0,True,0.5920644369930295,0.7537923229716079
868,723,108.37662,989,9025.2031,2.7457955,4,13.766529,0.43519343600338595,0.7229592505675476,713.7870226929563,0.9380784,0.70221841,0.0,True,0.5860589252023702,0.7167369983972833
869,51853,120.12343,989,8142.6328,2.6169457,5,36.214066,0.4823519526367619,1.2055415202628215,1304.0847785085618,1.0422482,1.2216456,0.0,True,0.6503208268457333,1.210372744183975
870,3649,108.21372,989,9038.7891,3.1612511,5,45.290138,0.4345394512730551,0.9004205818694714,887.6507823126963,0.93072599,0.90473855,0.0,True,0.5833954128911386,0.90171597230863
871,4825,115.57712,989,8462.9297,2.875406,5,45.360355,0.4641006687379125,0.9378544911382052,980.322870649985,0.992208,0.89301908,0.0,True,0.6225328681165387,0.9244038677967436
872,36825,119.9915,989,8151.5859,2.9194272,4,63.396343,0.48182230282131666,1.1673958983617192,1261.5890172086526,1.0419787,1.2196999,0.0,True,0.6498692219749217,1.1830870988532034
873,1902,108.30621,989,9031.0703,4.389442,4,45.290501,0.4349107672271097,0.8290028805615448,817.8973290554042,0.96400964,0.79381758,0.0,True,0.5936404290589767,0.8184472903930814
874,1751,109.51277,989,8931.5703,1.3664244,2,28.314365,0.4397547008265461,0.8209247339968948,817.9600656000856,0.93833882,0.76844513,0.0,True,0.5893299365785822,0.8051808527978264
875,2165,114.86645,989,8515.2891,2.0737023,3,22.40262,0.46124764446347344,0.8486919577926446,882.3005744050262,0.98851675,0.82341707,0.0,True,0.6194283761244315,0.8411094914548513
876,696,105.70973,989,9252.8945,4.3674707,4,43.59404,0.4244866902145041,0.7168262382740834,692.2104733338526,0.94477618,0.80090767,0.0,True,0.5805735371501528,0.7420506677918584
877,23,98.47422,989,9932.7617,1.4802866,2,30.342197,0.39543772193241616,0.3452944157958577,316.97628613075267,0.88296354,0.60741764,0.0,True,0.5416954673526914,0.4239313830571004
878,0,101.70287,989,9617.4375,1.413625,2,30.309843,0.4084001309421073,0.0,70.49505759535465,0.9019267,0.0,0.0,True,0.5564581016594752,0.0
879,674,108.41951,989,9021.6328,2.6340311,3,41.191944,0.4353656250938555,0.7152962135102927,706.4824603699709,0.95873034,0.7894091,0.0,True,0.5923750395656989,0.7375300794572048
880,1623,116.36018,989,8405.9766,2.550519,4,180.46823,0.4672443468253013,0.8180372338128709,860.2814244940772,0.94925046,0.9324069,0.0,True,0.6118461807777109,0.8523481336690096
881,1165,113.51623,989,8616.5742,0.55960816,2,211.31267,0.45582708269651123,0.7792426898445814,801.6733696347161,0.92300278,0.90487731,0.0,True,0.5959797918875579,0.816933075891207
882,1252,115.12994,989,8495.8008,3.4344206,4,73.500832,0.4623054396132017,0.7884115794121898,821.3477820753114,0.91245562,0.87488598,0.0,True,0.5973504937292412,0.8143538995885328
883,13111,122.50589,989,7984.2773,3.2227705,5,96.421051,0.49191624420421987,1.0551635522824985,1161.5223696893684,0.81811816,0.88417941,0.0,True,0.589776818942954,1.003868309597749
884,2290,123.19553,989,7939.582,4.0059462,5,26.126783,0.4946847535654001,0.8615533539644189,953.1860003942785,0.86120254,0.8231582,0.0,True,0.6046400894957801,0.8500348077750932
885,2169,120.60538,989,8110.0938,3.0057931,4,11.914792,0.4842867490745013,0.8534920849389519,926.6042805215759,0.88118762,0.67594111,0.0,True,0.603357010352151,0.8002267924572664
886,1687,112.75033,989,8675.1055,1.0517288,2,185.32512,0.45275230715927306,0.8194576520544673,837.948266144412,0.87971568,0.52882785,0.0,True,0.5808413190114912,0.732268711438127
887,1434,111.39721,989,8780.4805,0.69207084,2,98.612724,0.4473200406866167,0.8004864984977261,809.8150236756187,0.90211242,0.7794354,0.0,True,0.5837577544806317,0.7941711689484083
888,1472,111.64077,989,8761.3242,1.5206649,3,56.177029,0.4482978656192382,0.8035579511402882,814.5014812377359,0.93780512,0.83958846,0.0,True,0.5951500419334668,0.8143671037982017
889,11456,117.14621,989,8349.5742,2.1546063,4,157.83665,0.47039988396312377,1.0349966491918061,1094.900427728868,0.85457045,0.97025955,0.0,True,0.5856510537741866,1.0155755194342644
890,4219,123.42799,989,7924.6289,3.9836295,6,40.709496,0.49561794605893783,0.9297715320213957,1030.3555501569688,0.86244529,0.91709048,0.0,True,0.6056661492412565,0.925967216414977
891,81947,137.37895,989,7119.875,3.1074231,5,13.984455,0.5516215230665263,1.2753641182259638,1554.2851606302756,0.94581932,1.1842084,0.0,True,0.6698808621465684,1.2480174027581747
892,11408,121.53957,989,8047.7578,2.4157221,4,112.54185,0.4880369859810462,1.038765270519062,1135.4524939591927,0.82118148,0.86149281,0.0,True,0.5879803341867323,0.9855835323633434
893,9913,116.87179,989,8369.1797,1.3455905,3,34.681377,0.4692981963568907,1.0187135851639901,1075.431309495515,0.82115048,0.86319023,0.0,True,0.5748538814498235,0.9720565786147931
894,6801,122.99886,989,7952.2773,4.2953963,6,32.064884,0.4938952196938643,0.9825622390636396,1085.4795727168162,0.86583847,0.93246174,0.0,True,0.6054781947857051,0.9675320893445477
895,6601,114.47925,989,8544.0898,3.3991947,5,11.860727,0.45969321953408654,0.9714781459133122,1006.8769858403467,0.86992216,0.99412298,0.0,True,0.5827619016738605,0.9782715961393185
896,59885,128.52203,989,7610.5312,4.042335,5,32.511383,0.5160674460801444,1.23076627537211,1413.7699278142454,0.98547494,0.90399057,0.0,True,0.6568896942561011,1.132733563760477
897,1622,104.89835,989,9324.4648,4.0048499,4,12.718026,0.4212292244527013,0.8086926145030833,775.476527055289,0.78263134,0.59282327,0.0,True,0.5296498591168909,0.7439318111521583
898,5,103.79038,989,9424.0039,5.3887405,5,14.390087,0.41678102155139335,0.19579217046892977,201.9667538163076,0.8389045,0.85629255,0.0,True,0.5434180650859755,0.39394228432825085
899,4784,113.18337,989,8641.9141,3.5757389,5,19.118507,0.4544908115860866,0.9347487030853685,959.0536569126491,0.87962538,1.0275389,0.0,True,0.5820311821102606,0.962585762159758
900,3977,116.76573,989,8376.7812,3.8184135,6,14.708514,0.468872433927433,0.9175251822105617,967.8461259681419,0.9492861,1.0105803,0.0,True,0.6129965337492032,0.9454417175473931
901,45,108.19483,989,9040.3672,5.0943909,5,13.731265,0.4344636141948999,0.4202778236774801,416.56606524192745,0.78426069,0.2806392,0.0,True,0.5394027369364299,0.3783862365742361
902,49,101.09962,989,9674.8242,3.1503131,4,11.626024,0.4059781859620244,0.4262580906275831,397.5060773746889,0.77381265,0.29476827,0.0,True,0.5163285251734171,0.38681114443930814
903,366,104.49818,989,9360.1719,3.2671039,4,16.190428,0.41962266625219924,0.6457801312920887,617.3839143277058,0.83983839,0.89757103,0.0,True,0.5456873833765394,0.7213174009044621
904,1580,105.14153,989,9302.8984,2.1657476,4,12.604171,0.42220552720805826,0.8060283904283114,774.5193135562407,0.83408672,0.84677422,0.0,True,0.5457698850456407,0.818252139299818
905,7634,128.60132,989,7605.8398,3.7779665,6,321.99249,0.5163856808064515,1.000384045023251,1149.776714801673,1.0890387,1.3509015,0.0,True,0.6881815865645161,1.105539281516276
906,14001,111.43513,989,8777.4922,5.5145521,5,93.351952,0.4474722962439009,1.0513934937301432,1063.8741805230243,0.93371344,0.95829028,0.0,True,0.5933446393707307,1.0234625296111002
907,88,100.51251,989,9731.3359,5.7315297,5,99.29644,0.4036210786262311,0.4887763993552642,452.2871644871675,0.89237851,0.65066409,0.0,True,0.5502483080383618,0.5373427065486849
908,37710,119.99345,989,8151.4531,4.3980865,6,38.991734,0.4818301505394589,1.1700347924556014,1264.4590128658645,1.0425026,1.2205801,0.0,True,0.6500318853776212,1.185198384718921
909,638,108.8856,989,8983.0156,2.5612392,3,66.030586,0.4372368073116553,0.709612544519196,703.5608392631804,0.92209965,0.7887677,0.0,True,0.5826956601181588,0.7333590911634371
910,0,103.10802,989,9486.3711,1.5798819,2,39.622154,0.4140415138895039,0.0,71.46903335611844,0.87830538,0.0,0.0,True,0.5533206737226528,0.0
911,20,99.257538,989,9854.375,1.7466877,2,36.845814,0.3985825959939042,0.33107118891522863,306.8092637738263,0.88986832,0.5874055,0.0,True,0.5459683131957329,0.40797148224066004
912,693,106.57207,989,9178.0234,4.3791595,4,65.427757,0.42794874951946393,0.7169915606677473,697.3982312793602,0.95230651,0.79998809,0.0,True,0.5852560776636249,0.7418905194674231
913,164,102.26302,989,9564.7578,4.083756,4,35.707565,0.4106490011265277,0.5570433775691077,522.767309440461,0.92997158,0.81271273,0.0,True,0.5664457747885694,0.6337441832983755
914,763,111.05906,989,8807.2148,4.9523869,5,48.52636,0.4459625090069796,0.7308246456052443,737.4183686214913,0.98765892,0.86979115,0.0,True,0.6084714323048858,0.7725145969236711
915,5277,108.43937,989,9019.9805,3.021255,7,17.076004,0.4354453586537255,0.9411226233321249,929.487188625535,0.96439707,0.93036896,0.0,True,0.5941308720576078,0.9378965243324875
916,1316,105.66401,989,9256.8984,2.086112,3,63.203213,0.4243031260165267,0.7864621796753956,759.0765870750662,0.91028285,0.8381204,0.0,True,0.5700970432115686,0.8019596457727769
917,657,101.45377,989,9641.0508,0.7977559,2,46.594975,0.4074000662310539,0.7073399463922794,658.5083726030044,0.87613279,0.77919573,0.0,True,0.5480198833617378,0.7288966814745955
918,15,97.794029,989,10001.848,1.3082294,2,32.4021,0.392706839866961,0.3010141551744738,277.0713479318206,0.85014403,0.47678715,0.0,True,0.5299379969068727,0.35374605362213163
919,32,99.671959,989,9813.4023,2.8725872,3,43.169605,0.4002464101333287,0.38039380415915885,351.4792616287605,0.87921572,0.6528762,0.0,True,0.54393720309333,0.4621385229114112
920,10845,108.33648,989,9028.5469,3.5576637,6,15.496793,0.43503229406730815,1.0200991504884889,1006.62398520192,0.96340024,1.0553726,0.0,True,0.5935426778471158,1.0306811853419422
921,44252,120.0229,989,8149.4531,2.9981742,6,17.811647,0.48194836998932344,1.187829265100405,1283.9691023735631,1.0430351,1.2303364,0.0,True,0.6502743889925264,1.2005814055702835
922,8482,107.93599,989,9062.0469,2.966984,4,70.90036,0.43342444913755,0.9927172369654857,976.3821996463571,0.96234459,1.0470227,0.0,True,0.5921004913962851,1.00900887587584
923,4740,112.62598,989,8684.6836,1.4514096,4,37.316544,0.4522530939873783,0.9332215152334064,953.2904267086615,0.88474369,1.0514768,0.0,True,0.5820002727911648,0.9686981006633846
924,4023,118.11913,989,8280.8008,4.0976081,5,63.211967,0.4743056883113037,0.9199710830891977,980.4218747816315,0.84829104,0.6252802,0.0,True,0.5865012938179126,0.8315638181624384
925,0,110.29189,989,8868.4766,1.3293111,2,163.76956,0.44288257686057336,0.0,76.44851259212761,,,,False,0.44288257686057336,0.0
926,6011,120.82997,989,8095.0195,4.2441111,5,14.292536,0.4851883504281319,0.9669019170569095,1051.423621103339,0.8628754,0.80159819,0.0,True,0.5984944652996924,0.9173107989398367
927,16621,135.58583,989,7214.0352,2.158555,4,14.262976,0.5444235547228785,1.0939063656438575,1317.696659053768,0.95259053,1.18603,0.0,True,0.6668736473060151,1.1215434559507003
928,1678,109.9817,989,8893.4883,2.0525467,4,91.552452,0.44163731119621813,0.816630076235705,816.7844921156786,0.86447442,0.91890371,0.0,True,0.5684884438373528,0.8473121663649936
929,0,107.14822,989,9128.6719,0.24025722,1,49.804184,0.43026182274597097,0.0,74.26948659501674,,,,False,0.43026182274597097,0.0
930,14079,126.35832,989,7740.8516,4.1105375,5,32.765469,0.5073814839211715,1.066764850219788,1207.0481689463795,0.99724913,1.0824827,0.0,True,0.6543417777448202,1.0714802051538515
931,0,135.11781,989,7239.0234,1.0202845,2,112.71424,0.5425447920233786,0.0,93.65652904493437,0.9552772,1.1685791,0.7624256838884106,True,0.666364514416365,0.3505737300000001
932,2860,106.52719,989,9181.8906,2.9127951,4,42.386658,0.4277685466537915,0.8721810060581418,847.8793024657518,0.82202053,0.56202829,0.0,True,0.546044141657654,0.7791351912406992
933,24864,136.55432,989,7162.8711,2.0959544,4,246.05679,0.5483112647468867,1.140150913704378,1382.101324508774,0.94973844,1.1846164,0.0,True,0.6687394173228207,1.1534905595930645
934,60394,128.4592,989,7614.2539,3.9624336,6,107.43604,0.5158152007759901,1.2316458645543713,1414.1659890497324,0.98749125,0.95180184,0.0,True,0.657318015543193,1.14769265718806
935,4214,115.19773,989,8490.8008,1.6043031,3,28.929304,0.4625776145119779,0.9225511358507728,961.5142219159374,0.82663769,0.87963164,0.0,True,0.5717956371583846,0.9096752870955409
936,2787,110.07802,989,8885.707,2.7389672,4,87.3479,0.4420239702534543,0.8724825515863285,873.2971895020264,0.86231309,0.90256679,0.0,True,0.568110706177418,0.88150782311043
937,3798,116.03127,989,8429.8047,4.1848292,6,263.41736,0.4659239242803403,0.9117918454120033,956.4174870938099,0.95459902,1.0122843,0.0,True,0.6125264529962382,0.9419395817884023
938,60587,128.3526,989,7620.5781,4.1435819,6,157.14153,0.515387246027616,1.231888440644387,1413.4019704724922,0.98942739,0.94548106,0.0,True,0.6575992892193312,1.145966226451071
939,4228,128.51822,989,7610.7578,4.0887976,6,267.64462,0.5160520849079708,0.9342123262854677,1073.1216456786783,1.089523,1.3508819,0.0,True,0.6880933594355796,1.0592131983998274
940,14367,126.30867,989,7743.8945,4.0434403,6,113.37585,0.5071821639953161,1.0689791393893715,1209.131221729166,0.9989059,1.0912285,0.0,True,0.6546992847967213,1.07565394757256
941,59410,121.88293,989,8025.0859,3.0535879,5,88.936966,0.48941540971791736,1.2226225933025123,1339.767820744522,1.0769299,1.2397327,0.0,True,0.6656697568025423,1.2277556253117585
942,6028,119.61153,989,8177.4805,3.1256287,5,80.043137,0.4802969497377514,0.9661280291617313,1041.1588367620598,1.0839392,1.2447582,0.0,True,0.661389624816426,1.0497170804132119
943,43671,119.98879,989,8151.7695,3.5865288,5,58.429562,0.48181145353562144,1.186324388518935,1282.0184678592575,1.0456023,1.2311764,0.0,True,0.6509487074749352,1.1997799919632546
944,12624,109.87385,989,8902.2188,2.8115819,5,59.634899,0.4412042901045308,1.0383798563841264,1037.595181259189,0.94484371,0.96960133,0.0,True,0.5922961160731717,1.0177462984688885
945,719,105.95611,989,9231.3789,2.5615246,3,46.610901,0.4254758282029797,0.7205646227523753,697.2589243004692,0.92374915,0.79379648,0.0,True,0.5749578247420859,0.7425341799266627
946,24,100.32259,989,9749.7578,1.2133875,2,29.916744,0.40285860407540247,0.3504375405450694,326.8606831643486,0.87791681,0.2379107,0.0,True,0.5453760658527818,0.3166794883815486
947,16,102.67707,989,9526.1875,1.2715836,2,41.647491,0.41231131677345956,0.30923137569379017,296.77490331152757,0.90777802,0.20992494,0.0,True,0.5609513277414218,0.2794394449856531
948,684,109.06496,989,8968.2422,4.3598433,4,54.759468,0.43795690762836004,0.7173782763009124,712.2899072328186,0.96262735,0.79620832,0.0,True,0.595358040339852,0.7410272894106387
949,7235,107.04045,989,9137.8633,2.9299884,4,18.960056,0.42982913481752155,0.9743779390041944,951.2644153449861,0.96035302,1.0445287,0.0,True,0.5889863003722651,0.9954231673029361
950,10,98.382607,989,9942.0117,4.1249585,4,42.792526,0.39506988256956876,0.26050412870334555,244.47159435777945,0.88002729,0.17726257,0.0,True,0.5405571047986981,0.2355316610923419
951,18264,108.86439,989,8984.7656,1.1694826,4,13.136478,0.4371516638410395,1.0778945540610805,1068.264125551669,0.96345276,1.0681586,0.0,True,0.5950419926887276,1.0749737678427564
952,5781,108.81717,989,8988.6641,4.3210826,4,49.867119,0.43696210768116867,0.9514998119018045,942.6480891464388,0.9574948,0.91183478,0.0,True,0.5931219153768181,0.9396003023312631
953,4221,103.11767,989,9485.4844,1.1079595,3,52.969063,0.41408021019664787,0.9115762602693724,860.8573532433302,0.92617083,0.88304824,0.0,True,0.5677073961376535,0.9030178541885607
954,16040,108.41223,989,9022.2383,3.0549316,4,40.423798,0.43533641333356826,1.0631463457072832,1049.7518895816952,0.96287155,1.0662639,0.0,True,0.5935969543334978,1.0640816119950982
955,1632,102.51619,989,9541.1367,2.0823686,3,35.321243,0.41166543643762515,0.8073363808803287,758.4953795803438,0.92481554,0.80994511,0.0,True,0.5656104675063376,0.8081189996162301
956,89,97.742729,989,10007.098,2.4480002,3,46.306786,0.3925008561799892,0.48850709561741895,440.90371830255015,0.93227065,0.80853659,0.0,True,0.5544317943259924,0.5845159439321933
957,48824,121.15714,989,8073.1602,1.3515114,3,93.57505,0.48650174575972094,1.1999990637424844,1308.014692964097,1.065137,1.2353759,0.0,True,0.6600923220318047,1.210612114619739
958,48231,120.49541,989,8117.4961,1.9935372,4,95.802467,0.4838452394341833,1.1979118477363249,1299.3982472897521,1.0538882,1.2339655,0.0,True,0.6548581276039283,1.2087279434154274
959,0,113.95607,989,8583.3164,0.102959,1,10.718108,0.4575928657200587,0.0,78.98832862819177,,,,False,0.4575928657200587,0.0
960,1689,115.30266,989,8483.0742,2.152776,4,95.710785,0.4629988426723974,0.8216155718809101,857.0533597084343,0.96015996,1.0087181,0.0,True,0.6121471778706782,0.8777463303166371
961,9882,110.93591,989,8816.9922,2.917439,4,116.01654,0.44546808132900007,1.0125259137280367,1020.4631120242177,0.98590636,0.97994053,0.0,True,0.6075995649303001,1.0027502986096257
962,6861,119.65852,989,8174.2695,2.0325675,4,47.227806,0.4804855728629563,0.9805353382329679,1057.0513929965318,1.084704,1.2459366,0.0,True,0.6617511010040694,1.0601557167630775
963,9129,126.37898,989,7739.5859,2.8856306,5,92.230141,0.5074644375630344,1.0184075194310684,1152.5043243432665,1.019116,1.03255,0.0,True,0.660959906294124,1.022650263601748
964,15119,126.16553,989,7752.6797,4.2906599,7,67.755188,0.5066075823337253,1.0745399129685769,1214.196847123826,1.0040671,1.1217443,0.0,True,0.6558454376336078,1.0887012290780038
965,5642,119.91961,989,8156.4727,3.8733444,6,159.70796,0.48153369865286394,0.9590578021339916,1035.9073607358448,1.0889766,1.2475365,0.0,True,0.6637665690570048,1.0456014114937942
966,1363,107.20364,989,9123.9531,3.2492707,4,105.68487,0.4304843002742823,0.7915546633543681,773.8933974880989,0.97753626,0.8989954,0.0,True,0.5945998881919976,0.8237868843480576
967,71,113.29117,989,8633.6914,3.9694815,4,79.893227,0.4549235669293854,0.471841610193604,486.0711699252473,0.91976047,0.30959907,0.0,True,0.5943746378505699,0.4231688481355228
968,5570,126.24696,989,7747.6797,2.1226234,4,52.990482,0.5069344394439189,0.9631282841942801,1088.9443319827085,1.0182486,1.0151961,0.0,True,0.6603286876107433,0.9787486289359961
969,6716,124.60146,989,7849.9961,4.6945248,6,115.92805,0.5003287679408575,0.9825778133391387,1098.0560692802853,1.0132306,1.0998322,0.0,True,0.6541993175586003,1.017754129337397
970,1523,107.29303,989,9116.3516,2.2282228,3,131.11415,0.4308431728591621,0.8037913978056663,786.4310532788217,0.97899187,0.87679011,0.0,True,0.5952877820014135,0.8256910114639664
971,845,104.82598,989,9330.9023,0.9438771,2,138.09621,0.4209386756989214,0.7373611396518688,706.7053821835824,0.95702797,0.84404069,0.0,True,0.581765463989245,0.7693650047563081
972,165,97.430336,989,10039.184,1.1777227,2,50.265942,0.39124664328324404,0.5547734663253135,498.6478567896854,0.89099175,0.78487343,0.0,True,0.5411701752982708,0.6238034554277194
973,0,97.967239,989,9984.1641,1.2556131,2,20.700111,0.3934022608930908,0.0,67.90571550009231,0.85574311,0.0,0.0,True,0.5321045156251636,0.0
974,529,103.21253,989,9476.7656,1.6783669,2,139.10196,0.4144610912827528,0.6850426258348286,647.6340633602942,0.85404164,0.60907137,0.0,True,0.5463352558979271,0.6622512490843799
975,1233,113.47446,989,8619.7461,2.885803,3,45.106781,0.4556593860481947,0.7854658359007626,807.8049644461447,0.92838901,0.80038464,0.0,True,0.5974782732337363,0.7899414771305338
976,14487,107.68588,989,9083.0938,1.3995107,4,44.771839,0.4324203603257698,1.0511904778967724,1031.7540328670118,0.96253091,1.0692822,0.0,True,0.5914535252280388,1.0566179945277407
977,11801,106.81812,989,9156.8828,1.6339204,4,140.6364,0.428936543940645,1.0277811084285031,1001.538337943184,0.96397823,1.0731034,0.0,True,0.5894490497584515,1.0413777958999522
978,433,95.900681,989,10199.312,2.592828,3,58.653263,0.3851053212164688,0.6579416394784027,582.629821692052,0.87524158,0.83590907,0.0,True,0.5321461988515281,0.7113318686348818
979,17,91.769478,989,10658.457,1.0025673,2,17.964945,0.36851886692938374,0.31165086257397684,270.2096281209571,0.83673477,0.75814193,0.0,True,0.5089836378505687,0.4455981828017838
980,270,92.448051,989,10580.223,2.4709778,3,246.25641,0.3712433138660391,0.6045218012604523,518.2454753208378,0.83494586,0.68275052,0.0,True,0.5103540777062274,0.6279904168823166
981,6928,104.44889,989,9364.5898,2.4179888,4,114.53379,0.41942474459481693,0.9670267940110974,923.7057799658612,0.97273672,1.0412292,0.0,True,0.5854183372163719,0.9892875158077683
982,8565,110.44639,989,8856.0703,1.3244015,3,291.40628,0.4435028625353558,0.996298798755656,1000.1663799382885,0.98148257,0.96664017,0.0,True,0.6048967747747491,0.9874012101289592
983,7275,106.85778,989,9153.4844,0.91657782,2,38.488487,0.4290957597600645,0.9747998726082764,950.23002696536,0.94962692,0.94881535,0.0,True,0.5852551078320452,0.9670045158257934
984,6177,101.67049,989,9620.5,1.647049,3,73.523415,0.4082701516850525,0.9516773656040816,887.4727322536952,0.91377175,0.93053687,0.0,True,0.5599206311795368,0.945335216922857
985,3142,101.28667,989,9656.957,3.0477128,4,56.098461,0.40672916698867356,0.877632660542325,815.6869920166466,0.91147655,0.8042413,0.0,True,0.5581533818920715,0.8556152523796274
986,3623,101.36026,989,9649.9453,1.9413409,4,83.735199,0.4070246372603684,0.8932225904541784,830.7091165988777,0.91183889,0.87585151,0.0,True,0.558468913082258,0.8880112663179249
987,3376,126.05293,989,7759.6055,1.5667857,4,322.31577,0.5061555285938479,0.9070756409736931,1024.1849845877596,1.0169504,0.99747765,0.0,True,0.6593939900156935,0.9341962436815852
988,5016,92.845825,989,10534.895,2.8528748,4,54.321457,0.3728403419213551,0.9198783279899801,791.1194733105283,0.84547901,0.84454179,0.0,True,0.5146319423449486,0.8972773665929861
989,0,92.035408,989,10627.66,1.152303,2,72.548775,0.36958656575933924,0.0,63.79408356688423,,,,False,0.36958656575933924,0.0
990,0,127.47323,989,7673.1484,2.0436614,3,79.491386,0.5118571433210878,0.0,88.35770997136943,,,,False,0.5118571433210878,0.0
991,1678,121.51621,989,8049.3047,4.8037558,5,23.418127,0.48794321926350864,0.8256826895522181,902.4460966567361,0.97414607,0.8421576,0.0,True,0.633804074484456,0.8306251626865527
992,0,111.82175,989,8747.1445,0.70711678,1,37.116215,0.4490244199977972,0.0,77.50893073777905,,,,False,0.4490244199977972,0.0
993,0,116.72214,989,8379.9102,3.3752155,4,58.870594,0.4686974020062178,0.0,80.90562224992321,,,,False,0.4686974020062178,0.0
994,3772,112.5593,989,8689.8281,3.9018986,4,133.5022,0.4519854154259467,0.9079818575723795,927.0260949870033,0.92651826,0.59741569,0.0,True,0.5943452687981627,0.8148120073006656
995,0,122.88917,989,7959.375,1.3629285,2,14.143174,0.4934549037809948,0.0,85.1802817068518,,,,False,0.4934549037809948,0.0
996,3332,107.51513,989,9097.5195,1.3910627,3,211.06032,0.4317348333161347,0.8898147061503262,872.1550002775023,0.95786005,0.87646794,0.0,True,0.5895723983212944,0.8858106763052284
997,1668,103.19433,989,9478.4375,0.57924074,2,86.079277,0.4143879999830617,0.8102987888172052,765.7616683560009,0.92289281,0.84615952,0.0,True,0.5669394429881432,0.8210570081720436
998,0,101.17772,989,9667.3555,0.19161139,1,53.722626,0.4062917672837055,0.0,70.13105135348358,,,,False,0.4062917672837055,0.0
999,2,6.0791554,3,1.4804688,1.4818335,2,36.142773,1.0737613331992955,0.7325411809946727,8.427498851391533,0.4734633,0.0,0.0,True,0.8936719232395067,0.5127788266962708
1000,0,4.6172347,3,1.9492188,0.47066593,1,13.229575,0.9463119184094211,0.0,3.200423214288545,,,,False,0.9463119184094211,0.0
1001,0,3.6112852,3,2.4921875,1.0111675,1,24.850342,0.8319316188041019,0.0,2.503152154577858,,,,False,0.8319316188041019,0.0

metric,value
avg_local_nain,0.415531
avg_local_nach,0.804327
avg_citywide_nain,0.735437
avg_citywide_nach,0.805597
avg_blended_nain,0.508565
avg_blended_nach,0.794819
avg_segment_length,76.7312
blended_nain_nach_pearson_r,0.016179
blended_nain_nach_p_value,6.0898e-01
pct_citywide_matched,95.91
