segment_id,T1024 Choice,T1024 Integration,T1024 Node Count,T1024 Total Depth,Angular Connectivity,Connectivity,Segment Length,local_nain,local_nach,integrated,citywide_nain,citywide_nach,citywide_match_distance_m,citywide_matched,blended_nain,blended_nach
0,0,465.28122,1515,4932.9844,1.0103639,2,10.6549,1.3280345546238446,0.0,322.5083658104916,,,,False,1.3280345546238446,0.0
1,16713,468.06104,1515,4903.6875,2.0260425,4,27.390158,1.3359656133273106,1.14422175995751,4551.454478595967,1.1283461,1.1942794,0.0,True,1.2736797593291174,1.1592390519702571
2,15950,361.95618,1515,6341.168,3.5204442,4,49.473267,1.033210819850526,1.1053060979614722,3502.7728351604383,1.0070816,1.011526,0.0,True,1.0253720538953681,1.0771720685730304
3,0,541.76337,1515,4236.582,2.0847154,3,3.9118156,1.5462316901571376,0.0,375.52175244615444,,,,False,1.5462316901571376,0.0
4,0,340.12762,1515,6748.1289,1.9968677,3,19.825857,0.9709192086286857,0.0,235.75850083356445,,,,False,0.9709192086286857,0.0
5,0,344.53604,1515,6661.7852,2.7260756,3,13.02846,0.9834995596391103,0.0,238.81418472728853,,,,False,0.9834995596391103,0.0
6,0,363.02872,1515,6322.4336,0.99602205,2,15.296742,1.0362714235357964,0.0,251.63233373028584,,,,False,1.0362714235357964,0.0
7,0,347.46954,1515,6605.543,0.73746449,2,103.8759,0.9918709283813395,0.0,240.84753198146112,,,,False,0.9918709283813395,0.0
8,0,325.66812,1515,7047.7422,0.51984525,1,32.632248,0.9296552446598149,0.0,225.73593917625792,0.93696833,0.0,0.0,True,0.9318491702618704,0.0
9,2731,366.55032,1515,6261.6914,3.3055601,4,111.22928,1.0463206743757556,0.905075451669193,2900.5695656115927,0.98854184,0.86877376,0.0,True,1.0289870240630288,0.8941849441684351
10,34938,413.48682,1515,5550.9023,3.6564248,5,103.37433,1.1802530380787757,1.2132971776320816,4325.6458847666545,1.0455483,1.0372415,0.0,True,1.139841616655143,1.160480474342457
11,134,300.60562,1515,7635.3359,3.9975162,5,79.468056,0.8581303605789581,0.548631072044965,1476.771667772715,1.0182279,0.84219623,0.0,True,0.9061596224052707,0.6367006194314755
12,0,319.07294,1515,7193.418,1.9797881,2,54.86977,0.9108337847404586,0.0,221.1645087539726,0.93756497,0.0,0.0,True,0.9188531403183211,0.0
13,39408,415.27502,1515,5527.0,2.2045293,4,39.914253,1.185355364393131,1.2278741434635163,4394.346770853254,1.0465435,1.0430627,0.0,True,1.1437118050751918,1.1724307104244613
14,0,369.186,1515,6216.9883,2.002281,3,17.2798,1.053841797665003,0.0,255.90023500220394,,,,False,1.053841797665003,0.0
15,0,365.00513,1515,6288.1992,2.0605116,3,7.9967089,1.0419113292516429,0.0,253.0022767494163,,,,False,1.0419113292516429,0.0
16,1451,300.81525,1515,7630.0156,4.0077353,6,78.992195,0.8587285657185529,0.8143739541364495,2190.3518487333104,1.0186616,0.93814135,0.0,True,0.906708476002987,0.8515041728955147
17,178,300.11292,1515,7647.8711,4.0689044,6,75.544899,0.8567242145726639,0.5800774304803725,1558.4734439546655,1.0186604,0.97267318,0.0,True,0.9053050702008647,0.6978561553362608
18,0,299.83466,1515,7654.9688,1.9784428,3,34.597736,0.85593006591977,0.0,207.8295492131498,,,,False,0.85593006591977,0.0
19,5104,369.53403,1515,6211.1328,4.049829,6,195.69943,1.054834979501745,0.9774911103519683,3155.1449593671014,0.99893969,0.87822723,0.0,True,1.0380663926512215,0.9477119462463778
20,2856,363.35785,1515,6316.707,2.8901758,5,134.57526,1.03721058908565,0.9092832950567002,2891.5572075445375,0.9895798,0.92940271,0.0,True,1.022921352359955,0.9153191195396901
21,104,311.50073,1515,7368.2812,4.1344261,5,83.741989,0.889223848030333,0.5226029316397915,1452.6646821264474,0.96825629,0.90325803,0.0,True,0.9129335806212332,0.6367994611478541
22,2705,347.42847,1515,6606.3242,2.1187441,4,61.452114,0.9917536748166231,0.8984781888582976,2745.9343663983736,1.0365533,0.98188436,0.0,True,1.0051935623716362,0.9235000402008082
23,3013,340.11914,1515,6748.2969,4.3749366,6,192.1666,0.9708950445912418,0.9085378572791969,2724.815209962543,0.97115797,0.9282043,0.0,True,0.9709739222138692,0.9144377900954379
24,42421,425.99295,1515,5387.9414,2.7869248,4,114.13673,1.2159371175593154,1.2400876343342848,4539.144852517801,1.0532644,1.0468978,0.0,True,1.1671353022915207,1.1821306840339993
25,0,274.97412,1515,8347.0586,2.0006547,2,22.473892,0.7849782979999231,0.0,190.59753600495208,0.93605101,0.0,0.0,True,0.8303001115999462,0.0
26,8113,347.41263,1515,6606.625,1.9575682,4,13.071449,0.9917085338825582,1.0233125813968222,3127.224185893707,1.0365528,0.9736473,0.0,True,1.0051618137177907,1.0084129969777755
27,249,323.52103,1515,7094.5156,3.0705309,3,105.63712,0.9235278521376915,0.6226626291655347,1787.6002260844418,0.9384225,0.75959206,0.0,True,0.927996246496384,0.6637414584158743
28,188,286.77219,1515,8003.6523,1.740977,3,93.766823,0.8186503190663953,0.583192109292065,1504.7005841561809,0.87837094,0.72393429,0.0,True,0.8365665053464767,0.6254147635044456
29,6567,363.72424,1515,6310.3438,3.4842343,5,63.122257,1.038256156093656,1.0045190872974057,3197.1785863784758,0.9916206,0.95025402,0.0,True,1.0242654892655594,0.988239567108184
30,10772,357.03333,1515,6428.6016,3.4701653,4,41.312733,1.019162780933221,1.058823201877799,3315.015589277322,1.0356399,0.96213448,0.0,True,1.0241059166532547,1.0298165853144594
31,0,562.94971,1515,4077.1406,1.0036361,2,87.111328,1.6066692601205315,0.0,390.2070042835388,1.1446711,1.2979715,9.637121599381395,True,1.468069812084372,0.3893914500000001
32,6628,368.47845,1515,6228.9258,3.0210099,5,194.11047,1.0518227981032322,1.0070694112046772,3242.3745644420032,0.9987452,0.91685432,0.0,True,1.0358995186722626,0.980004883843274
33,2734,327.80753,1515,7001.7461,3.0036619,4,43.546135,0.9357606224088593,0.8937858545641689,2594.351491291431,0.92086494,0.67145187,0.0,True,0.9312919176862015,0.8270856591949183
34,0,269.93356,1515,8502.9258,0.99167782,1,49.450504,0.7705922384096073,0.0,187.10368605250883,,,,False,0.7705922384096073,0.0
35,20447,414.36511,1515,5539.1367,3.9799061,5,57.307205,1.1827590916011188,1.1514483133513207,4112.859322261112,1.0207859,1.0400734,0.0,True,1.134167134120783,1.1180358393459244
36,6041,414.35925,1515,5539.2148,4.0002222,6,128.63316,1.18274242134227,1.0100161695422705,3607.6833906500833,1.0207858,1.0023124,0.0,True,1.134155434939589,1.0077050386795894
37,5693,327.67059,1515,7004.6719,3.0085363,5,51.69157,0.9353698736385274,0.976555826845025,2833.480269742907,0.9205206,0.88737315,0.0,True,0.9309150915469693,0.9498010237915175
38,79,300.3584,1515,7641.6211,4.0377722,5,75.066696,0.857424736782102,0.4900632350585177,1319.9097169787665,0.93457848,0.31440091,0.0,True,0.8805708597474714,0.4373645375409624
39,25505,564.57349,1515,4065.4141,2.0121894,4,101.87644,1.6113013449330427,1.2208709617899094,5728.562462337146,1.1447506,1.297812,0.0,True,1.47133612145313,1.2439532732529366
40,10445,369.5675,1515,6210.5703,2.9618139,5,86.661964,1.0549304866183358,1.0594749568660253,3420.003564556561,0.99894112,0.93729454,0.0,True,1.038133676632835,1.0228208318062177
41,2709,289.41229,1515,7930.6406,3.9995863,5,128.19908,0.8261851431577047,0.8803676063571467,2287.825235990234,0.90995878,0.7651394,0.0,True,0.8513172342103933,0.8457991444500027
42,318,301.04025,1515,7624.3125,4.4843388,6,98.57148,0.8593707390996135,0.6449126924252617,1736.4967946540062,0.95392442,0.86513239,0.0,True,0.8877368433697295,0.7109786016976831
43,0,315.42999,1515,7276.4961,1.973479,2,37.047993,0.9004373595432195,0.0,218.63940823255172,0.9258191,0.0,0.0,True,0.9080518816802536,0.0
44,49,315.63788,1515,7271.7031,3.9031892,4,87.830452,0.9010307019171048,0.43994077502358736,1241.0331072427648,0.975393,0.7205264,0.0,True,0.9233393913419734,0.5241164625165111
45,11935,365.73965,1515,6275.5703,2.0459764,4,19.462341,1.0440073940278487,1.0734618950852697,3433.343695173685,0.99268597,0.9780677,0.0,True,1.028610966819494,1.0448436365596887
46,56601,442.55133,1515,5186.3477,2.2832875,4,96.746002,1.2631824597510342,1.2793236896311286,4843.200886486971,1.0707247,1.0752239,0.0,True,1.2054451318257238,1.2180937527417899
47,183,302.21207,1515,7594.75,4.4005928,6,78.784737,0.8627149517530024,0.5836128991310796,1577.6545400334783,0.93766433,0.81228131,0.0,True,0.8851997652271016,0.6522134223917557
48,15817,367.92841,1515,6238.2383,2.7026169,4,44.830875,1.0502531305142018,1.1064168622735693,3557.4876650275287,0.99570853,0.99746472,0.0,True,1.0338897503599411,1.0737312195914985
49,8550,340.35657,1515,6743.5898,2.8355594,5,81.661667,0.971572539102455,1.0268817797791885,3081.5613103354804,0.97117263,0.94373018,0.0,True,0.9714525663717185,1.001936299845432
50,33,249.58272,1515,9196.25,2.3043056,3,45.426071,0.712508336882518,0.386370982392943,887.3534397332551,0.81811106,0.25928515,0.0,True,0.7441891538177626,0.3482452326750601
51,2595,262.89273,1515,8730.6523,1.2558105,3,51.261776,0.750497052279251,0.8663118445487283,2066.8921428903577,0.84135962,0.84270376,0.0,True,0.7777558225954757,0.8592294191841099
52,75335,443.61884,1515,5173.8672,2.860038,5,82.211678,1.2662283548792792,1.3131164638215205,4981.718314855792,1.071195,1.1053594,0.0,True,1.2077183484154954,1.2507893446750644
53,10694,413.69644,1515,5548.0898,4.0184088,6,96.79287,1.1808511296032762,1.076061368989464,3838.120483294599,1.0174153,0.9576183,0.0,True,1.1318203807222933,1.040528448292625
54,0,340.13846,1515,6747.9141,1.1327,2,120.06046,0.970950105828698,0.0,235.76601454900174,1.0048703,0.99733156,5.133510333540347,True,0.9811261640800887,0.299199468
55,2735,408.70016,1515,5615.9141,3.0220985,4,13.414624,1.1665948772213555,0.9166492605141741,3234.705524023759,1.0122365,0.87041098,0.0,True,1.1202873640549489,0.9027777763599218
56,0,326.56244,1515,7028.4414,0.93383819,1,20.242323,0.9322074442907129,0.0,226.3558345627763,0.9191432,0.0,0.0,True,0.9282881710034989,0.0
57,2561,327.02536,1515,7018.4922,3.4903879,5,32.642433,0.9335285366073937,0.8861670799654218,2566.8003774803515,0.93230981,0.84159988,0.0,True,0.9331629186251755,0.8727969199757952
58,2751,285.67618,1515,8034.3594,2.6476481,3,72.590416,0.8155222388050017,0.8808062883579705,2262.6829014834902,0.91777432,0.8450408,0.0,True,0.8461978631635012,0.8700766418505793
59,0,253.92224,1515,9039.0859,0.66349798,1,117.17396,0.7248940981447396,0.0,176.00548473746576,0.8615064,0.78994054,0.06811569661329869,True,0.7658777887013177,0.23698216200000005
60,0,342.3316,1515,6704.6836,2.0928051,3,218.91591,0.9772087369276852,0.0,237.28618335657495,1.0369178,0.94957596,10.921731455850612,True,0.9951214558493796,0.28487278800000004
61,0,268.34451,1515,8553.2773,3.6861467,3,16.39253,0.7660569704420477,0.0,186.00224052524004,0.84734815,0.0,0.0,True,0.7904443243094332,0.0
62,0,287.46655,1515,7984.3203,3.0371242,3,16.143471,0.8206319761216716,0.0,199.25662863779453,0.91854656,0.0,0.0,True,0.8500063512851701,0.0
63,1306,311.79514,1515,7361.3242,3.3409562,4,16.825274,0.8900640025777516,0.80583617599728,2237.52128648592,0.93586624,0.86002052,0.0,True,0.9038046738044261,0.822091479198096
64,3057,310.78815,1515,7385.1758,0.90384495,3,70.610603,0.887190177568215,0.9009703880597302,2494.3370051184725,0.95529926,0.91045398,0.0,True,0.9076229022977504,0.9038154656418111
65,4525,326.67538,1515,7026.0117,1.4731482,3,35.077385,0.9325297238377707,0.9503028408465088,2749.8928313882457,0.97957456,0.93479288,0.0,True,0.9466431746864394,0.9456498525925562
66,8241,341.35806,1515,6723.8047,1.6117125,4,74.483696,0.9744305851951992,1.0230481184957576,3078.066465157073,1.0056103,1.0161806,0.0,True,0.9837844996366395,1.0209878629470304
67,0,487.81424,1515,4705.1211,2.0127883,3,52.130802,1.3923223283398467,0.0,338.1270650929925,,,,False,1.3923223283398467,0.0
68,0,369.70609,1515,6208.2422,1.0336903,2,34.849686,1.0553259597072755,0.0,256.2607339193414,,,,False,1.0553259597072755,0.0
69,7799,371.81726,1515,6172.9922,3.0591598,5,41.012009,1.061350297694242,1.0267464277355365,3332.228964769372,1.027148,0.9805494,0.0,True,1.0510896083859693,1.0128873194148755
70,0,250.98174,1515,9144.9883,2.0438223,2,83.292114,0.7165013876457698,0.0,173.96728545302923,,,,False,0.7165013876457698,0.0
71,0,358.4248,1515,6403.6445,1.0457305,2,31.015831,1.02313355193683,0.0,248.4411395627623,,,,False,1.02313355193683,0.0
72,0,-1.0,1,-1.0,0.0,0,54.474998,1.0,0.0,-0.6931471805599453,,,,False,1.0,0.0
73,0,-1.0,1,-1.0,0.0,0,31.352001,1.0,0.0,-0.6931471805599453,0.94276452,0.0,10.466153936902693,True,0.982829356,0.0
74,11503,360.1315,1515,6373.2969,2.9952688,4,92.665733,1.0280038580994746,1.067361210609879,3367.4229165048323,1.0099941,1.0339848,0.0,True,1.0226009306696322,1.0573482874269153
75,7931,311.20987,1515,7375.168,3.0207539,4,152.45914,0.8883937318127527,1.0081268314128047,2794.2869960108646,0.92319703,0.97605634,0.0,True,0.8988347212689269,0.9985056839889632
76,0,369.35379,1515,6214.1641,2.0082757,3,201.30196,1.0543205913321403,0.0,256.01653816763013,1.0252955,0.0,0.0,True,1.0456130639324983,0.0
77,0,380.25031,1515,6036.0898,0.96904892,2,9.5360584,1.0854144318505534,0.0,263.56943028354516,1.0246848,0.87026811,11.757199078198974,True,1.0671955422953874,0.26108043300000006
78,0,383.30661,1515,5987.9609,2.6965771,4,18.029524,1.094135657835366,0.0,265.6878960114905,1.0246848,0.87026811,7.47482721268257,True,1.0733004004847562,0.26108043300000006
79,3750,384.74478,1515,5965.5781,3.6341591,6,13.99554,1.0982394700003375,0.946575552165353,3166.4665874897237,1.0246848,0.87026811,0.0,True,1.0761730690002362,0.9236833195157471
80,1927,364.25592,1515,6301.1328,4.5442109,6,23.070496,1.0397733980362307,0.8645870906129418,2755.5075253124282,1.0259767,1.0283591,0.0,True,1.0356343886253616,0.9137186934290593
81,0,377.57642,1515,6078.8359,2.4046564,3,40.212204,1.07778435687265,0.0,261.7160309689177,,,,False,1.07778435687265,0.0
82,2556,301.57596,1515,7610.7695,3.0845957,4,41.912022,0.8608995464435933,0.8779191492235865,2366.460822790248,0.92554015,0.9065091,0.0,True,0.8802917275105153,0.8864961344565105
83,0,370.78885,1515,6190.1133,1.0110043,2,5.9152431,1.058415680108699,0.0,257.0112459605645,1.0175149,0.95583558,14.666849430121832,True,1.0461454460760893,0.28675067400000004
84,15911,487.83041,1515,4704.9648,3.9900088,6,81.855568,1.3923685619509245,1.1440009750501574,4719.706367257237,1.0663354,1.1380394,0.0,True,1.294558613365647,1.1422125025351102
85,8187,370.79166,1515,6190.0664,2.9764199,5,117.07825,1.058423696769405,1.0319818334171167,3341.035705322828,1.0175149,0.94382608,0.0,True,1.0461510577385835,1.0055351073919816
86,280,300.02435,1515,7650.1289,3.1026869,5,40.87429,0.8564714336855488,0.6304860479994681,1692.7095017186116,0.92277771,0.88491315,0.0,True,0.8763633165798841,0.7068141785996276
87,2733,298.72583,1515,7683.3828,2.9480708,3,35.247532,0.852765565526498,0.8844684467337202,2364.082377421356,0.91733783,0.86394954,0.0,True,0.8721372448685486,0.8783127747136041
88,0,251.68181,1515,9119.5508,0.94750077,1,54.297466,0.7184995132329495,0.0,174.45253699972386,0.83903599,0.0,0.0,True,0.7546604562630645,0.0
89,0,454.5239,1515,5049.7344,1.0023251,2,51.664856,1.2973425146281683,0.0,315.05195978211054,,,,False,1.2973425146281683,0.0
90,0,404.2179,1515,5678.1875,2.0064516,2,119.33869,1.153805188601542,0.0,280.1824977168619,,,,False,1.153805188601542,0.0
91,14440,371.15073,1515,6184.0781,4.0308437,6,43.788044,1.0594482810893742,1.097089032851209,3554.843057751192,1.0174258,0.94770801,0.0,True,1.046841536762562,1.0522747259958463
92,653,303.1116,1515,7572.2109,4.0515084,6,83.623573,0.865282191934954,0.7257775878474444,1965.5681616897782,0.92366976,0.85458273,0.0,True,0.8827984623544678,0.7644191304932111
93,13330,323.33444,1515,7098.6094,2.5260861,3,32.333138,0.9229953994835458,1.0710154790117634,3071.0054331157667,0.95402002,0.98619914,0.0,True,0.932302785638482,1.0455705773082344
94,10707,293.31598,1515,7825.0938,1.4981847,3,52.735916,0.8373260851594267,1.0349420546755421,2721.6319857977956,0.90664518,0.96595252,5.00003807246685e-07,True,0.8581218136115987,1.0142451942728794
95,5494,292.06998,1515,7858.4766,2.1375563,4,116.27773,0.8337700298897425,0.9600728367183455,2515.2411955722946,0.90458763,0.91449058,5.00003807246685e-07,True,0.8550153099228197,0.9463981597028419
96,44,294.98288,1515,7780.875,4.5309272,5,166.95227,0.8420833958825782,0.42485975422675004,1129.3836656235753,0.9088549,0.83203924,0.0,True,0.8621148471178047,0.547013599958725
97,0,247.25929,1515,9282.6641,2.0251689,2,90.264061,0.7058768889366306,0.0,171.38707973075387,0.82921368,0.0,5.00003807246685e-07,True,0.7428779262556414,0.0
98,2776,288.61948,1515,7952.4258,2.0843725,4,87.008263,0.8239224268997042,0.8828179980249009,2288.6042770259783,0.89914012,0.86277866,0.0,True,0.8464877348297929,0.8768061966174306
99,0,288.34357,1515,7960.0352,1.073266,2,45.032623,0.8231349956515667,0.0,199.8645325780892,0.89879972,0.0,0.0,True,0.8458344129560966,0.0
100,293,297.66983,1515,7710.6406,3.0458012,4,134.99341,0.8497517451713776,0.6349839504934027,1692.8409875358636,0.90860444,0.42114919,0.0,True,0.8674075536199644,0.570833522345382
101,1292,362.76111,1515,6327.0977,4.0100651,5,192.64542,1.0355077643578832,0.8185379074546707,2599.3623667108295,1.0039476,0.86925083,0.0,True,1.0260397150505183,0.8337517842182695
102,1207,292.84058,1515,7837.7969,3.028585,4,47.350716,0.8359693361099215,0.7914180436465047,2078.450321992369,0.90658718,0.79258323,0.0,True,0.8571546892769452,0.7917675995525533
103,0,245.30203,1515,9356.7305,1.9281929,2,151.192,0.7002904731287669,0.0,170.0304104801311,0.82545608,0.0,0.0,True,0.7378401551901369,0.0
104,26,217.95319,1515,10530.816,1.7950002,2,11.882942,0.622229592706226,0.3558317611944631,726.2646027250731,0.76857585,0.24122745,0.0,True,0.6661334698943582,0.32145046783612413
105,1249,249.28369,1515,9207.2812,2.8778527,3,38.99065,0.711654869408225,0.7812050529893078,1777.8161206566954,0.82855523,0.78741962,0.0,True,0.7467249775857575,0.7830694230925155
106,38209,487.83853,1515,4704.8867,3.9903588,6,82.899261,1.3923916651169064,1.2475889232124648,5147.125160708333,1.0663356,1.1458433,0.0,True,1.2945748455818344,1.2170652362487253
107,1980,374.62643,1515,6126.7031,3.9779871,5,150.27747,1.0693665042657428,0.8704784665926112,2844.112051302894,1.0165659,0.96759385,0.0,True,1.05352632298602,0.8996130816148278
108,4757,454.54147,1515,5049.5391,2.0054002,4,86.364754,1.2973926718155306,0.9929566147792683,3848.9630056586657,1.1315342,1.2309902,0.0,True,1.2476351302708715,1.0643666903454878
109,6816,374.92142,1515,6121.8828,4.0550179,6,47.061493,1.0702082361422105,1.012277346347836,3309.5518938419405,1.0164764,0.96586984,0.0,True,1.0540886852995475,0.9983550944434851
110,2728,301.55753,1515,7611.2344,3.0243993,4,42.0275,0.8608469758568869,0.8851969049247209,2385.940332418747,0.9214955,0.86427033,0.0,True,0.8790415330998208,0.8789189324473046
111,0,251.38977,1515,9130.1445,1.0023193,1,108.1456,0.7176660213523364,0.0,174.2501102971131,0.83837295,0.0,0.0,True,0.7538780999466355,0.0
112,8151,373.50766,1515,6145.0547,3.020669,5,40.459114,1.066173985686124,1.032339649019275,3363.86273893547,1.0147601,0.95255733,0.0,True,1.050749819980287,1.0084049533134927
113,0,346.92709,1515,6615.8711,1.1180196,2,74.147949,0.9903229770869397,0.0,240.4715342933664,0.96257496,0.86703527,7.924013775087409,True,0.9819985719608577,0.26011058100000006
114,59320,487.82556,1515,4705.0117,4.0152049,6,86.385674,1.3923546885871605,1.2995969519586714,5361.561705526531,1.0663353,1.1529595,0.0,True,1.2945488720110123,1.2556057163710699
115,7749,454.5538,1515,5049.4023,2.6089067,4,54.573853,1.2974278072703933,1.0501698076090165,4070.791623035417,1.1315345,1.2292717,0.0,True,1.2476598150892753,1.1039003753263115
116,561,374.42184,1515,6130.0508,4.00704,5,198.57356,1.0687826998643946,0.7259691450915841,2371.3182116025787,1.0168592,0.93476212,0.0,True,1.0532056499050761,0.7886070375641088
117,37617,469.73138,1515,4886.25,2.0235844,4,167.58238,1.3407313066495414,1.2401993143760013,4948.744342065609,1.127193,1.1866591,0.0,True,1.2766698146546789,1.2241372500632008
118,0,369.07956,1515,6218.7812,2.0076871,3,203.26828,1.0535380684550713,0.0,255.82645641630518,1.0161494,0.0,0.0,True,1.04232146791855,0.0
119,2736,258.13428,1515,8891.5938,3.0010741,3,46.849873,0.7369158022181788,0.8703887122010562,2043.128439426911,0.83993757,0.85847634,0.0,True,0.7678223325527251,0.8668150005407393
120,0,220.59727,1515,10404.594,0.9995808,1,32.624828,0.6297766406308943,0.0,152.906375739721,0.77057028,0.0,0.0,True,0.672014732441626,0.0
121,2721,300.02298,1515,7650.1641,2.9940913,3,41.425171,0.8564674939119015,0.8844049223973802,2373.0286078706695,0.91557628,0.86384386,0.0,True,0.874200129738331,0.8782366036781661
122,0,250.96951,1515,9145.4336,0.98689449,1,154.12035,0.7164665081285335,0.0,173.958808263011,0.83463556,0.0,0.0,True,0.7519172236899734,0.0
123,6002,362.76379,1515,6327.0508,3.9863043,5,48.92617,1.03551543775405,0.9939393885482612,3156.1107031699266,1.0039476,0.91720682,0.0,True,1.026045086427835,0.9709196179837829
124,0,373.14734,1515,6150.9883,1.0182501,2,162.06642,1.0651458267407434,0.0,258.6460266544433,1.0143293,0.0,0.0,True,1.0499008687185203,0.0
125,47369,469.77045,1515,4885.8438,1.9991338,4,93.14711,1.340842726956541,1.2673467352765988,5057.4385063962045,1.1271937,1.1837599,0.0,True,1.2767480188695788,1.2422706846936191
126,12397,311.20953,1515,7375.1758,1.9691668,4,275.62839,0.8883927925005692,1.0582744584055657,2933.2653110961796,0.92319703,0.97310585,0.0,True,0.8988340637503984,1.032723875883896
127,17914,363.67426,1515,6311.2109,3.0252306,4,84.24324,1.0381135548203564,1.1191736059358113,3561.625480604125,1.0039719,1.0160899,0.0,True,1.0278710583742496,1.0882484941550679
128,63,296.03915,1515,7753.1133,3.0450668,4,96.831673,0.8450978800953973,0.4643560970771191,1235.782059150725,0.9085905,0.30816993,0.0,True,0.8641456660667781,0.41750024695398336
129,2583,393.81454,1515,5828.1875,5.7324257,7,30.859549,1.1241199034730223,0.9061371999471747,3094.3901816686107,1.0346179,0.91978133,0.0,True,1.0972693024311155,0.9102304389630222
130,1582,369.26093,1515,6215.7266,3.8058624,5,20.736015,1.0540556430592527,0.8433665498704275,2720.6069194039324,0.97974199,0.70692188,0.0,True,1.031761547141477,0.8024331489092993
131,5457,392.64215,1515,5845.5898,6.4884386,7,45.879005,1.1207745471013753,0.9920315307970687,3378.6939076705285,1.0263764,0.87430888,0.0,True,1.0924551029709626,0.9567147355579482
132,1108,349.55423,1515,6566.1484,3.2182086,5,19.517433,0.9978199959260392,0.7976226088829993,2451.11456237249,0.97090936,0.79033077,0.0,True,0.9897468051482274,0.7954350572180995
133,7502,400.49704,1515,5730.9414,4.0087161,6,31.613636,1.1431879993975904,1.031071743737495,3573.711779372955,1.035899,0.92324245,0.0,True,1.1110012995783132,0.9987229556162466
134,8,306.57449,1515,7486.6797,3.9753933,4,86.659668,0.8751649252310285,0.24629024694047255,705.9138505662522,0.92831683,0.23586665,0.0,True,0.89111049666172,0.2431631678583308
135,2950,348.82791,1515,6579.8203,3.7443268,5,38.773571,0.9957473025706309,0.9087466752504324,2787.218086727026,0.96490914,0.91929936,0.0,True,0.9864958537994417,0.9119124806753027
136,12968,455.15027,1515,5042.7852,2.2649693,5,30.183117,1.299129606098912,1.1107171534758769,4310.452512324324,1.1315014,1.229515,0.0,True,1.2488411442692384,1.1463565074331137
137,0,262.4614,1515,8745.0,1.996352,2,112.08942,0.7492660123161794,0.0,181.92437941581605,0.84237236,0.0,0.0,True,0.7771979166213256,0.0
138,6612,375.98492,1515,6104.5664,3.7808414,5,70.734032,1.0732430273303213,1.0091208472372524,3307.5182460577785,1.0249021,1.0273663,0.0,True,1.0587407491312248,1.0145944830660767
139,15522,390.0459,1515,5884.5,3.3862383,6,33.140808,1.1133661445221474,1.1116850006718415,3763.9985136110363,1.0308288,1.0508187,0.0,True,1.0886049411655032,1.0934251104702892
140,0,316.85284,1515,7243.8203,1.0093753,2,13.575878,0.9044979779210949,0.0,219.62565269841147,0.92525315,0.0,0.0,True,0.9107245295447665,0.0
141,10867,415.15002,1515,5528.6641,4.8226094,6,76.311539,1.1849987074300212,1.0783609748447107,3858.267277889057,1.0308188,0.94604409,0.0,True,1.138744735201015,1.0386659093912975
142,69617,487.82312,1515,4705.0352,4.0412374,6,87.376625,1.3923477372188806,1.3185224340223751,5439.614532985919,1.0663353,1.1556207,0.0,True,1.2945440060532163,1.2696519138156626
143,18755,391.59439,1515,5861.2305,4.2557507,6,161.98172,1.1177847791809687,1.1339970578447391,3853.023412147554,1.0228963,1.037979,0.0,True,1.0893182354266782,1.1051916404913174
144,56,295.14322,1515,7776.6484,4.0267391,5,218.51784,0.8425409496243101,0.45127034701164465,1198.412224759164,0.90548849,0.29951099,0.0,True,0.861425211737017,0.40574253990815123
145,458,297.23193,1515,7722.0,2.0403349,4,60.727734,0.8485020468319033,0.6846404796027017,1822.3962827361986,0.90791428,0.82571626,0.0,True,0.8663257167823324,0.7269632137218911
146,15360,363.69766,1515,6310.8047,3.0144777,5,158.18793,1.0381803526615707,1.101604937739215,3505.9189507392093,1.0039725,1.0047569,0.0,True,1.0279179968630996,1.0725505264174504
147,4139,297.23553,1515,7721.9062,2.9711967,5,33.030277,0.8485123511377729,0.9303239933274496,2475.583354277236,0.90791446,0.90480316,0.0,True,0.8663329837964411,0.9226677433292148
148,6713,361.74515,1515,6344.8672,3.9923306,6,80.155319,1.0326086245714454,1.0064043880774547,3187.7341139846385,1.0014491,0.96305645,0.0,True,1.0232607672000118,0.9934000066542182
149,0,361.73514,1515,6345.043,2.0221748,3,39.019207,1.0325800234423528,0.0,250.73569240045708,1.0014488,0.0,0.0,True,1.023240656409647,0.0
150,1211,295.71152,1515,7761.7031,2.990721,4,48.320763,0.8441628595675718,0.7926487543187452,2099.803711288747,0.90857977,0.79270047,0.0,True,0.8634879326973003,0.7926642690231216
151,0,247.80321,1515,9262.2891,1.9999309,2,40.221939,0.707429327710598,0.0,171.76409634520405,0.82824939,0.0,0.0,True,0.7436753463974186,0.0
152,9,294.00299,1515,7806.8086,3.0085359,4,47.929977,0.8392867779765559,0.25689503773512423,704.9883799095867,0.90582597,0.17058121,0.0,True,0.8592485355835892,0.23100088941458696
153,726,294.85825,1515,7784.1641,3.9409962,5,97.646927,0.8417276755995448,0.7353522159083685,1943.2046340444404,0.90413755,0.76356769,0.0,True,0.8604506379196813,0.743816858135858
154,2982,261.37408,1515,8781.3789,4.0150852,6,40.230831,0.7461627107683606,0.881061822331589,2091.259231452605,0.8346101,0.83472902,0.0,True,0.7726969275378525,0.8671619816321123
155,1566,295.15552,1515,7776.3242,4.163703,6,103.07358,0.8425760666712273,0.8211556745070407,2171.62332640892,0.90548891,0.87754822,0.0,True,0.8614499196698591,0.8380734381549284
156,23,324.94287,1515,7063.4727,4.4754043,5,18.177589,0.9275854692255227,0.3585706844998203,1045.9507487062906,0.96770239,0.23659627,0.0,True,0.9396205454578659,0.3219783601498742
157,12330,408.87848,1515,5613.4648,2.3506212,5,16.160151,1.167103711473647,1.0910891113217902,3851.615978040551,1.0461664,0.98651928,0.0,True,1.130822518031553,1.0597181619252531
158,2148,365.99939,1515,6271.1172,4.3971815,5,22.316792,1.0447485039383007,0.8774694501346577,2808.3949816644413,0.97773385,0.81027764,0.0,True,1.0246441077568105,0.8573119070942604
159,12428,419.31073,1515,5473.8047,4.0969863,6,18.234308,1.1968706279333925,1.0952003046387788,3953.206290788464,1.0329651,0.95362741,0.0,True,1.1476989695533748,1.0527284362471452
160,0,336.67688,1515,6817.293,2.0637202,2,61.029945,0.961071743028144,0.0,233.366630131719,1.0231589,0.39025834,12.977991277925979,True,0.9796978901197009,0.11707750200000001
161,99,325.67752,1515,7047.5391,5.2234631,5,21.801538,0.9296820283938309,0.5197204919281172,1503.0410044259797,0.94120818,0.21048896,0.0,True,0.9331398738756816,0.426951032349682
162,14776,410.31354,1515,5593.832,2.5597062,4,10.180374,1.1711984580183288,1.1125001325936328,3939.3771601896315,1.0466901,0.9844386,0.0,True,1.1338459506128302,1.074081672815543
163,5442,316.85333,1515,7243.8086,3.0084164,5,41.566277,0.9044994384380538,0.9677969612405691,2725.6576934679356,0.92525315,0.91597223,0.0,True,0.9107255519066376,0.9522495418683984
164,4852,373.49554,1515,6145.2539,2.9758897,4,205.76027,1.0661394366238266,0.9728824931755925,3170.065202767623,1.0163549,0.92018765,0.0,True,1.0512040756366785,0.9570740402229148
165,2556,312.56622,1515,7343.1641,2.0212035,3,40.374249,0.8922645866726955,0.8814478245830135,2452.7011839990087,0.92502362,0.88165843,0.0,True,0.9020922966708869,0.8815110062081095
166,16035,455.04382,1515,5043.9648,3.1589839,5,88.70282,1.2988259073328496,1.1355824107360124,4406.0317872274045,1.1314183,1.2260107,0.0,True,1.2486036251329948,1.1627108975152087
167,33510,395.14777,1515,5808.5234,4.0235267,6,37.676929,1.127924174563968,1.2021357012398217,4117.3049637277445,1.0224757,1.0368918,0.0,True,1.0962896321947777,1.152562530867875
168,2723,314.26926,1515,7303.3711,3.0462036,4,42.424534,0.8971248304866567,0.8890973853913247,2485.940150863939,0.92132992,0.86426401,0.0,True,0.9043863573406598,0.8816473727739271
169,0,262.6254,1515,8739.5391,0.94981974,1,110.49918,0.7497340839818037,0.0,182.03805555342785,0.8423745,0.0,0.0,True,0.7775262087872626,0.0
170,10140,401.23981,1515,5720.332,5.5305934,6,119.3318,1.1453075091989806,1.0661136384652687,3701.2127521137713,1.0361041,0.93169326,0.0,True,1.1125464864392864,1.025787524925688
171,35767,390.61194,1515,5875.9727,3.0717242,5,206.93205,1.1149813284654453,1.2080473597418087,4095.502472512532,1.0208876,1.0386143,0.0,True,1.0867532099258117,1.1572174418192662
172,126420,488.09424,1515,4702.4219,4.0167413,6,86.589813,1.3931211845029505,1.389157874141218,5733.828901703415,1.0663432,1.1631955,0.0,True,1.2950877891520653,1.3213691618988526
173,546,375.25186,1515,6116.4922,3.0060875,4,158.0387,1.0711511260453386,0.7230507306602455,2366.4415310992767,1.0167079,0.93504924,0.0,True,1.054818158231737,0.7866502834621718
174,18535,455.04382,1515,5043.9648,3.5386615,5,67.770782,1.2988259073328496,1.152573892986447,4471.954068349017,1.1314183,1.2239803,0.0,True,1.2486036251329948,1.173995815090513
175,19812,426.98074,1515,5375.4766,3.7532947,5,28.198282,1.2187556166640727,1.1517938018492093,4224.608942812418,1.0374002,0.9872393,0.0,True,1.1643489916648508,1.1024274512944465
176,19920,416.96478,1515,5504.6016,2.662225,4,17.330776,1.1901768614837909,1.1492526630362596,4127.776166647977,1.0489661,0.98989075,0.0,True,1.1478136330386535,1.1014440891253816
177,0,352.07901,1515,6519.0625,0.99518108,2,29.766493,1.0050248421525818,0.0,244.04257311583677,1.0262965,0.93947184,10.692028759126702,True,1.0114063395068071,0.28184155200000005
178,44030,447.54416,1515,5128.4883,2.4834561,5,47.125977,1.2774280782844045,1.2516048462620235,4785.4428731706685,1.0605032,1.049736,0.0,True,1.2123506147990832,1.1910441923834165
179,3946,352.71558,1515,6507.2969,3.031642,5,49.739613,1.0068414316344398,0.943010902248474,2920.825161500535,1.0255959,0.89786041,0.0,True,1.0124677721441078,0.9294657545739318
180,0,300.07248,1515,7648.9023,2.0074639,2,105.88132,0.8566087440078305,0.0,207.99439347563057,,,,False,0.8566087440078305,0.0
181,0,500.15372,1515,4589.0391,1.0080436,2,18.082216,1.427526463394664,0.0,346.68014086456833,,,,False,1.427526463394664,0.0
182,0,376.8707,1515,6090.2188,1.9982793,2,59.901855,1.075770589482049,0.0,261.226863140653,,,,False,1.075770589482049,0.0
183,0,376.86972,1515,6090.2344,1.9990708,2,173.31079,1.0757678348242183,0.0,261.226183856416,1.0205059,0.81917626,7.951608222530247,True,1.0591892543769528,0.24575287800000004
184,5496,500.15543,1515,4589.0234,2.0006986,4,47.266827,1.42753134513094,1.0213330303633716,4307.408419231306,1.1456369,1.2051022,0.0,True,1.342963011591658,1.0764637812543603
185,0,304.20114,1515,7545.0898,1.9647202,2,97.115372,0.8683916560433164,0.0,210.8561625141212,0.92377114,0.0,9.093386056625707,True,0.8850055012303215,0.0
186,10976,500.15714,1515,4589.0078,1.9926105,4,21.413183,1.427536195806424,1.1033535709002205,4653.286249887924,1.1456369,1.2060946,0.0,True,1.3429664070644969,1.1341758796301542
187,59912,380.31824,1515,6035.0117,3.0140309,4,29.453043,1.085608267038744,1.263595628250683,4183.753734055351,1.0215205,0.98192811,0.0,True,1.0663819369271206,1.179095372775478
188,54949,378.22021,1515,6068.4883,2.0177755,4,17.716049,1.0796215206822195,1.2528675382781638,4127.969941090877,1.0213612,0.98165047,0.0,True,1.0621434244775536,1.1715024177947146
189,0,300.33167,1515,7642.3008,1.9879228,2,113.58825,0.8573484980771061,0.0,208.1740502933599,,,,False,0.8573484980771061,0.0
190,0,299.04739,1515,7675.1211,2.0087807,3,113.17119,0.8536832654274036,0.0,207.28385523231037,,,,False,0.8536832654274036,0.0
191,0,298.97131,1515,7677.0742,1.9993318,2,112.82365,0.8534661391512041,0.0,207.23112059481338,0.92090052,0.0,0.0,True,0.8736964534058429,0.0
192,39229,373.73026,1515,6141.3945,1.9904557,4,12.24188,1.0668092061692638,1.212523072425031,3953.0281260557776,1.021643,0.98573261,0.0,True,1.0532593443184846,1.1444859336975217
193,0,327.17303,1515,7015.3242,2.0083172,3,103.99006,0.9339499819218301,0.0,226.7790632997544,1.1068355,1.0811933,0.6421769096289089,True,0.9858156373452811,0.32435799000000004
194,34224,373.04123,1515,6152.7383,2.0233045,4,32.228767,1.06484296980257,1.1966239706041681,3894.8268155612423,1.021685,0.98770851,0.0,True,1.051895578861799,1.1339493324229177
195,49713,375.10333,1515,6118.9141,2.0420351,4,45.394917,1.0707272970436919,1.2401950258630068,4056.3906585544414,1.0215019,0.98266572,0.0,True,1.0559596779305842,1.1629362341041047
196,44479,374.76025,1515,6124.5156,2.0200057,4,82.787766,1.0697483263944716,1.2273080804715022,4010.9905285330888,1.0215532,0.98347896,0.0,True,1.05528978847613,1.1541593443300515
197,75749,500.14563,1515,4589.1133,1.0095193,3,101.34556,1.4275033922011076,1.3324319649152947,5619.239645486736,1.1456368,1.2108558,0.0,True,1.3429434145407753,1.2959591154407062
198,1244,304.74451,1515,7531.6367,2.8466659,3,81.154633,0.8699423758686985,0.7983285020074354,2172.1255238377103,0.92276418,0.79370356,0.0,True,0.885788917108089,0.7969410194052048
199,0,259.4613,1515,8846.1172,1.3913629,2,134.77003,0.7407033227057187,0.0,179.84486855941813,0.84957796,0.0,0.0,True,0.7733657138940031,0.0
200,0,268.91498,1515,8535.1328,1.122932,2,30.817219,0.7676851190284426,0.0,186.3976601973341,0.86999452,0.0,0.0,True,0.7983779393199097,0.0
201,1244,300.91937,1515,7627.375,2.5918224,3,88.068497,0.8590257799268775,0.7972009720835013,2144.861097560589,0.92169005,0.79362327,0.0,True,0.8778250609488143,0.7961276614584509
202,0,278.91577,1515,8229.0977,0.86531246,2,31.416468,0.79622792106205,0.0,193.32967958920617,0.84547323,0.0,0.0,True,0.811001513743435,0.0
203,1709,279.0408,1515,8225.4102,2.0223217,4,36.508858,0.7965847879724802,0.8257305834316566,2077.4122326134966,0.84492457,0.79286188,0.0,True,0.8110867225807361,0.8158699724021596
204,3670,279.15109,1515,8222.1602,1.9992578,4,34.057411,0.7968995800604202,0.9105116061681782,2291.409419754337,0.84476227,0.84617436,0.0,True,0.8112583870422941,0.8912104323177247
205,78379,500.76328,1515,4583.4531,1.0290766,3,166.84677,1.4292654764541417,1.3366751496158318,5643.270074430104,1.1333026,1.1896113,0.0,True,1.3404766135178994,1.292555994731082
206,5682,279.04755,1515,8225.2109,2.0377021,4,34.958946,0.7966040848338556,0.9589488579709572,2412.4806157603025,0.84417868,0.87696129,0.0,True,0.8108764633836989,0.93435258757967
207,7680,280.44186,1515,8184.3164,2.0366309,4,35.255852,0.8005834968374325,0.9929152042036528,2509.011018727045,0.84391218,0.90054554,0.0,True,0.8135821017862027,0.9652043049425569
208,28942,373.04218,1515,6152.7227,2.9843318,5,39.967564,1.0648456687950574,1.177412243445685,3832.306411573881,1.021685,0.99438387,0.0,True,1.05189746815654,1.1225037314119795
209,0,300.4209,1515,7640.0312,0.99530798,2,84.95652,0.8576031212394972,0.0,208.2358998162813,1.0020907,0.97506422,9.840507599128486,True,0.900949394867648,0.29251926600000006
210,20989,373.04123,1515,6152.7383,4.0177951,6,81.904289,1.06484296980257,1.1405893123279387,3712.4500116598965,1.021685,0.99949026,0.0,True,1.051895578861799,1.0982595966295572
211,13735,372.68655,1515,6158.5938,3.9914646,5,80.825775,1.0638308615201382,1.0918721416141608,3550.9008750755966,1.0221225,0.69972831,0.0,True,1.0513183530640968,0.9742289921299125
212,0,300.38388,1515,7640.9727,2.0094776,3,97.583313,0.857497477353232,0.0,208.21023950765692,0.99967879,0.0,0.0,True,0.9001518711472625,0.0
213,5288,327.54382,1515,7007.3828,2.377872,5,111.68378,0.935008116510575,0.9681808674072478,2808.2210233810015,1.1067162,1.0416467,0.0,True,0.9865205415574025,0.9902206171850736
214,0,5.0473185,5,4.953125,0.99408841,2,167.43181,0.9921651498148061,0.0,3.4985345876630523,,,,False,0.9921651498148061,0.0
215,8253,299.26657,1515,7669.5,2.0177591,4,91.80072,0.8543087805161469,1.0081668166762732,2698.9578139160876,1.0012494,0.95167321,0.0,True,0.8983909663613028,0.9912187346733913
216,2755,250.33235,1515,9168.7109,3.0234551,3,44.88805,0.7146479570879964,0.8682201424184295,1983.107445692853,0.90490592,0.86316204,0.0,True,0.7717253459615976,0.8667027116929007
217,0,214.5182,1515,10699.441,1.0112985,1,43.884861,0.6124249818066203,0.0,148.69268550879445,0.82404995,0.0,0.0,True,0.6759124722646342,0.0
218,0,466.27332,1515,4922.4883,2.0847154,3,8.0314388,1.3308651397810451,0.0,323.19603712832514,,,,False,1.3308651397810451,0.0
219,0,321.00226,1515,7150.1836,2.0960367,3,25.77878,0.9163397049440426,0.0,222.5018114723705,,,,False,0.9163397049440426,0.0
220,51202,417.4791,1515,5497.8203,2.3482594,4,72.610703,1.1916443542218318,1.2590259964707022,4526.965068843181,1.0470989,1.0440276,0.0,True,1.148280717955282,1.1945264775294915
221,49685,402.13724,1515,5707.5664,2.2092497,4,44.926983,1.1478682181066537,1.2501024982162923,4348.51048514712,1.0389792,1.0391448,0.0,True,1.1152015126746577,1.1868151887514045
222,56400,529.55768,1515,4334.2305,2.9139853,5,58.673016,1.511411768753903,1.30629893086599,5793.498650102659,1.1519786,1.3024997,0.0,True,1.4035818181277322,1.305159161606193
223,38361,401.27737,1515,5719.7969,3.0812571,5,78.992462,1.145414617867618,1.2198986255340587,4235.4219400871025,1.0386751,1.0555286,0.0,True,1.1133927625073325,1.170587617873841
224,35573,397.8894,1515,5768.5,2.4838789,5,95.888481,1.135747302613226,1.2099929209727789,4169.6415508717255,1.0377145,1.0506959,0.0,True,1.1063374618292583,1.1622038146809452
225,60076,529.55194,1515,4334.2773,2.0191548,4,80.201988,1.511395456588909,1.3138363724170479,5826.871285421436,1.1519784,1.3024665,0.0,True,1.403570339612236,1.3104254106919335
226,0,-1.0,1,-1.0,0.0,0,259.43536,1.0,0.0,-0.6931471805599453,,,,False,1.0,0.0
227,0,300.81555,1515,7630.0078,1.6359297,2,36.173553,0.8587294433490517,0.0,208.50945035108924,1.0673845,0.0,0.0,True,0.9213259603443361,0.0
228,5540,348.16318,1515,6592.3828,2.3019328,3,60.155735,0.9938503736437049,0.9801919080699772,3001.2051621153523,1.1033057,1.0340368,0.0,True,1.0266869715505935,0.9963453756489842
229,12577,281.17273,1515,8163.043,2.0631859,4,36.942989,0.8026693563928103,1.0479548488394521,2654.2098479672336,0.84510392,0.95505089,0.0,True,0.8153997254749672,1.0200836611876165
230,0,298.5751,1515,7687.2617,1.0324138,2,74.166161,0.8523353821771499,0.0,206.95648875040374,0.99999189,0.0,0.0,True,0.8966323345240049,0.0
231,7948,374.37939,1515,6130.7461,0.95112717,3,37.201488,1.068661526641323,1.0297240899232243,3362.274049633803,1.0974566,1.0900147,0.0,True,1.0773000486489261,1.047811272946257
232,0,5.0156741,5,4.984375,1.0104094,2,27.895077,0.9877259321422566,0.0,3.476600361022541,0.87291509,0.0,0.0,True,0.9532826794995796,0.0
233,8,6.2868371,5,3.9765625,3.9752014,4,43.827301,1.154283638346637,1.131099550708671,14.475977388541917,0.96184331,0.91852379,0.0,True,1.096551539842646,1.0673268224960697
234,220,303.53955,1515,7561.5352,3.9726543,4,81.666862,0.8665035114439106,0.604414510461879,1639.9262612886898,0.90370691,0.93620872,0.0,True,0.8776645310107374,0.7039527733233153
235,14934,283.92935,1515,8083.7891,2.014586,3,35.453243,0.8105368231444005,1.0681792154709375,2728.9953760306616,0.84853214,0.90910679,0.0,True,0.8219354182010803,1.0204574878296562
236,17236,334.17862,1515,6868.2578,4.9632468,6,72.647926,0.9539423411053979,1.1040973848994662,3259.8695055736216,0.91724813,0.93701065,0.0,True,0.9429340777737786,1.0539713644296262
237,1093,309.25513,1515,7421.7852,4.1289334,5,133.67354,0.8828151183212603,0.7851370468995625,2164.3250092204635,0.91240436,0.82481217,0.0,True,0.8916918908248822,0.7970395838296938
238,184,308.30893,1515,7444.5625,3.9937947,4,125.51783,0.8801147925273737,0.5855277477728774,1611.1443654235761,0.91169429,0.74854541,0.0,True,0.8895886417691616,0.6344330464410142
239,10268,280.4183,1515,8185.0039,2.0223393,4,34.793835,0.8005162681954532,1.0251330534882592,2590.2188745156413,0.84391141,0.9327001,0.0,True,0.8135348107368172,0.9974031674417815
240,335,307.89728,1515,7454.5156,3.990097,4,118.20735,0.8789399984262919,0.6523635491231207,1791.9877036299217,0.91100377,0.8157829,0.0,True,0.8885591298984044,0.7013893543861844
241,336,307.2142,1515,7471.0898,3.9798012,4,111.25547,0.8769906404349137,0.6525343618428256,1788.9223863440993,0.90963662,0.80894238,0.0,True,0.8867844343044397,0.699456767289978
242,33409,385.04959,1515,5960.8555,4.1623859,5,53.618198,1.099109279057596,1.1982105653400419,4010.9231406342783,1.0095445,1.0636008,0.0,True,1.0722398453403172,1.1578276357380293
243,20,300.84204,1515,7629.3359,4.1332569,5,105.32689,0.8588050500738175,0.34054492395690944,929.9155173949207,0.90331274,0.22549935,0.0,True,0.8721573570516723,0.3060312517698366
244,31881,384.84631,1515,5964.0039,2.8481314,5,35.243252,1.0985292533465527,1.1927532323965961,3990.790130173713,1.0091231,1.0427788,0.0,True,1.071707407342587,1.1477609026776174
245,11,304.75464,1515,7531.3867,3.9492178,4,92.522797,0.8699712454332951,0.2783512796548061,781.6802180514219,0.90913367,0.18413775,0.0,True,0.8817199728033065,0.25008722075836426
246,11496,300.37634,1515,7641.1641,4.2918224,6,35.907482,0.8574760039143502,1.0456449824373304,2808.4972679038274,0.90288091,0.88377959,0.0,True,0.8710974757400451,0.9970853647061313
247,0,-1.0,1,-1.0,0.0,0,287.67499,1.0,0.0,-0.6931471805599453,1.0660377,0.0,14.385869480356096,True,1.0198113100000001,0.0
248,1228,391.98102,1515,5855.4492,2.9892001,3,46.098858,1.118888032307582,0.8199920629166544,2788.8545854355234,1.0253847,0.79967403,0.0,True,1.0908370326153074,0.813896653041658
249,2,312.49707,1515,7344.7891,3.012908,4,79.832748,0.8920672310750857,0.12340970475485107,433.21292600748774,0.92493743,0.081514001,0.0,True,0.90192829075256,0.11084099362839575
250,5476,392.32651,1515,5850.293,3.9903274,5,46.17696,1.1198738357306481,0.9923402024443269,3377.3409369472956,1.0251681,0.92297745,0.0,True,1.0914621150114536,0.9715313767110287
251,0,392.32336,1515,5850.3398,2.0237193,3,23.762564,1.1198648803218196,0.0,271.9378308518044,1.0251679,0.0,0.0,True,1.0914557862252736,0.0
252,0,313.89084,1515,7312.1758,2.0237193,3,53.341553,0.8960448844734661,0.0,217.57255074959292,0.92655206,0.0,0.0,True,0.9051970371314262,0.0
253,67720,531.02789,1515,4322.2305,2.5571346,5,119.95744,1.5156060274145011,1.328578400458745,5906.711567146572,1.1520002,1.3024298,0.0,True,1.4065242791901507,1.3207338203211216
254,12501,319.84723,1515,7176.0039,2.4011929,4,152.64934,0.913043500816379,1.0624769955784255,3017.350456239038,1.0009392,0.99580634,0.0,True,0.9394122105714653,1.0424757989048978
255,9807,299.1727,1515,7671.9062,2.2081447,3,135.42624,0.854040906797847,1.0274145115658646,2749.712922862675,0.96613967,0.97801256,0.0,True,0.887670535758493,1.0125939260961052
256,1244,320.66205,1515,7157.7695,2.2109897,3,73.697884,0.9153688271290885,0.8029057621504472,2285.5808734048205,0.93585074,0.79446989,0.0,True,0.9215134009903619,0.8003750005053131
257,23,311.36835,1515,7371.4141,2.4181669,3,197.58495,0.8888460244935411,0.35685327732132516,1002.2560544441006,0.92248929,0.23575646,0.0,True,0.8989390041454788,0.32052423212492764
258,0,403.32971,1515,5690.6914,2.4985888,3,40.168201,1.151270875096026,0.0,279.56685132256035,1.0264714,0.0,0.0,True,1.1138310325672183,0.0
259,502,368.56213,1515,6227.5117,3.8799434,5,28.611368,1.052061562020924,0.7119649756665924,2293.405963447835,1.0466752,0.8464523,0.0,True,1.0504456534146467,0.7523111729666148
260,0,258.19958,1515,8889.3438,2.019361,2,31.680666,0.7371022825289492,0.0,178.97031089876205,0.84079641,0.0,0.0,True,0.7682105207702644,0.0
261,70181,469.82303,1515,4885.2969,1.994455,4,185.40709,1.3409927704064022,1.3136402121084032,5242.690072157999,1.1271948,1.174621,0.0,True,1.2768533792844816,1.271934448475882
262,0,257.25363,1515,8922.0312,1.5340284,2,25.857178,0.7344023864158634,0.0,178.31462832331135,0.83870339,0.0,0.0,True,0.7656926874911043,0.0
263,3945,258.50974,1515,8878.6797,2.5508075,4,39.212826,0.7379874098746767,0.9107665030142984,2140.644467184723,0.84077203,0.88263118,0.0,True,0.7688227959122738,0.9023259061100088
264,2790,311.77692,1515,7361.7539,3.0358071,4,47.348961,0.89001206432627,0.8910315077550512,2473.7981694677433,0.92453015,0.81902659,0.0,True,0.900367490028389,0.8694300324285359
265,349,261.06079,1515,8791.918,3.9782438,5,42.573311,0.7452684696092937,0.6450097704217496,1530.0214815191152,0.83499855,0.84835953,0.0,True,0.7721874937265056,0.7060146982952247
266,1,237.36749,1515,9669.5,3.0163572,3,33.022766,0.6776435723237989,0.0755305657335895,260.7748414443047,0.8029027,0.050895292,0.0,True,0.7152213106266592,0.06813998361351266
267,0,239.98628,1515,9563.9844,1.4404119,2,33.281651,0.6851181787134862,0.0,166.3458133550696,0.80714029,0.0,0.0,True,0.7217248120994404,0.0
268,1225,258.46411,1515,8880.2461,2.4535594,3,34.945061,0.737857264473861,0.7821791547952441,1838.2813830257799,0.84006715,0.78818679,0.0,True,0.7685202301317027,0.7839814453566709
269,0,293.8793,1515,7810.0938,2.0019834,2,138.14998,0.8389338348356264,0.0,203.70160821993034,0.90818113,0.0,0.0,True,0.8597080233849386,0.0
270,10606,311.40942,1515,7370.4414,2.0393906,4,49.271305,0.8889632964365944,1.0408313858903901,2886.5671774555167,0.92318165,0.96288693,0.0,True,0.8992288025056161,1.0174480491232731
271,0,310.97745,1515,7380.6797,1.9868343,2,97.947479,0.887730482162137,0.0,215.55314268522133,0.92134142,0.0,0.0,True,0.897813763513496,0.0
272,30259,388.6373,1515,5905.8281,2.0555062,4,99.163895,1.1093467343319656,1.1880862556194527,4009.810049145494,1.0207118,1.0417906,0.0,True,1.0827562540323759,1.1441975589336169
273,3059,297.63272,1515,7711.6016,3.0042996,5,90.130112,0.8496458787461386,0.8966916158915506,2388.9481160099967,0.9110164,0.90154982,0.0,True,0.8680570351222969,0.8981490771240854
274,14957,311.40942,1515,7370.4414,3.0309134,4,14.828064,0.8889632964365944,1.0794285131116808,2993.6000562265767,0.92318165,0.96180874,0.0,True,0.8992288025056161,1.0441425811781766
275,10917,386.32861,1515,5941.1211,2.0353904,4,49.674702,1.1027589206838846,1.069965370651151,3592.183733735593,1.0208087,0.99875617,0.0,True,1.0781738544787192,1.0486026104558057
276,120836,470.38571,1515,4879.4531,1.971132,4,12.42653,1.3425981312264623,1.3777984784759256,5504.55051764862,1.1268129,1.1512353,0.0,True,1.2778625618585235,1.3098295249331477
277,7554,385.38626,1515,5955.6484,3.0584381,4,43.462593,1.10006992183856,1.0273066685919299,3441.5367723747668,1.0209057,0.99743235,0.0,True,1.076320655286992,1.0183443730143509
278,47144,363.54645,1515,6313.4297,2.9953475,4,42.171925,1.037748834371416,1.2296988504704074,3912.124965807041,1.004843,1.0833641,0.0,True,1.0278770840599911,1.1857984253292853
279,6232,295.73236,1515,7761.1562,2.9767327,4,41.377457,0.8442223292801477,0.9754769086262538,2584.042366567954,0.90858048,0.92028457,0.0,True,0.8635297744961035,0.9589192070383776
280,41973,363.54489,1515,6313.457,2.9966013,5,37.444729,1.0377443484659337,1.216422191784506,3869.873363082722,1.004843,1.0742846,0.0,True,1.0278739439261535,1.1737809142491542
281,32546,363.50305,1515,6314.1836,3.0132372,5,46.666443,1.037624968617065,1.187339313868199,3776.9679727974803,1.0048418,1.0549375,0.0,True,1.0277900180319455,1.1476187697077394
282,5634,261.37793,1515,8781.25,3.0483558,5,42.312386,0.746173661199399,0.9511092279416795,2257.502851764757,0.83461028,0.81813645,0.0,True,0.7727046468395793,0.9112173945591757
283,2434,295.72864,1515,7761.2539,3.0252151,5,48.610405,0.8442117048019802,0.8705429684522087,2306.1252422906578,0.9085803,0.84407133,0.0,True,0.863522283361386,0.862601476916546
284,5783,263.60107,1515,8707.1914,2.0348573,4,32.761108,0.7525187481503302,0.9548735623871246,2283.582300841176,0.83410108,0.8134352,0.0,True,0.7769934477052312,0.9124420536709872
285,1306,294.03107,1515,7806.0625,2.9926958,5,48.098774,0.8393669760878094,0.8005642678979382,2110.0417986413504,0.90582693,0.7926811,0.0,True,0.8593049622614666,0.7981993175285568
286,15742,312.35736,1515,7348.0742,2.9373426,4,39.532242,0.8916685235272347,1.0855423383884304,3018.688564955465,0.91168398,0.88982505,0.0,True,0.8976731604690642,1.0268271518719012
287,2650,259.60907,1515,8841.082,3.1958764,5,82.070374,0.741125074915015,0.8674210616952769,2046.5163030379897,0.82983798,0.72900224,0.0,True,0.7677389464405104,0.8258954151866937
288,1,248.29831,1515,9243.8203,3.9870033,4,39.930397,0.7088424387536086,0.07590281673662055,272.78357462152377,0.82911265,0.051015619,0.0,True,0.744923502127526,0.06843665741563439
289,0,258.98636,1515,8862.3398,1.8950948,3,39.644917,0.7393477639169046,0.0,179.51566523748298,0.82983148,0.0,0.0,True,0.7664928787418333,0.0
290,2400,294.66086,1515,7789.3789,3.000452,4,41.46048,0.8411643040142254,0.8686224953444881,2293.6569306869037,0.90685737,0.84392416,0.0,True,0.8608722238099578,0.8612129947411415
291,2776,258.81329,1515,8868.2656,2.9171376,4,106.99966,0.7388538410540515,0.8722361843224807,2052.256495109633,0.82855296,0.85754049,0.0,True,0.765763576737836,0.8678274760257365
292,0,453.77832,1515,5058.0312,1.963855,3,42.585651,1.2952152962475054,0.0,314.53516310722864,1.0542636,0.0,0.0,True,1.2229297873732539,0.0
293,4130,353.75656,1515,6488.1484,4.4682164,5,51.497414,1.0098120113447053,0.9485178935964607,2945.559950647639,1.0247893,0.82900375,0.0,True,1.0143051979412938,0.9126636505175225
294,5370,375.25256,1515,6116.4805,3.0498552,5,42.400051,1.0711531743428162,0.9850373187568677,3223.0275607318117,1.0167079,0.91841841,0.0,True,1.0548195920399714,0.9650516461298073
295,2787,378.92294,1515,6057.2344,4.1021533,6,44.463242,1.0816267166904157,0.910853246308853,3006.1617981486675,1.0159397,0.87475538,0.0,True,1.0619206116832909,0.900023886416197
296,0,301.2684,1515,7618.5391,1.9983838,2,51.730885,0.860021807345575,0.0,208.8233420518058,0.91687554,0.0,0.0,True,0.8770779271419025,0.0
297,38487,456.68735,1515,5025.8125,2.4711044,5,26.04171,1.3035151588746838,1.238786479103896,4821.763390035109,1.1313583,1.2263553,0.0,True,1.2518681012122788,1.2350571253727274
298,2820,454.2305,1515,5052.9961,3.0719235,5,44.515797,1.2965054136697791,0.9315829192571838,3608.9526829764136,1.0547028,0.86953086,0.0,True,1.2239646295688456,0.9129673014800286
299,1969,386.73087,1515,5934.9414,2.9792204,4,38.506527,1.1039067708718873,0.8730217506548555,2933.8549709429585,1.0202005,0.95182878,0.0,True,1.0787948896103212,0.8966638594583989
300,0,375.36572,1515,6114.6367,2.036145,3,156.98334,1.071476062936617,0.0,260.1836904968539,1.0116405,0.0,0.0,True,1.0535253940556317,0.0
301,140165,488.12708,1515,4702.1055,4.0497847,6,92.433945,1.3932148863858647,1.4013738522406751,5784.593818706462,1.0663438,1.1674978,0.0,True,1.2951535604701054,1.3312110365684726
302,1773,353.2334,1515,6497.7578,3.001729,5,47.784184,1.0083190807093798,0.8520808556389776,2642.7353578748853,1.0249054,0.86457711,0.0,True,1.013294976496566,0.8558297319472843
303,61,286.23352,1515,8018.7148,3.9786282,4,166.68391,0.8171129348383789,0.45908530071577064,1185.9040365692852,0.92756546,0.22232187,0.0,True,0.8502486923868652,0.3880562715010395
304,50076,447.84741,1515,5125.0156,4.0219188,6,165.01952,1.278293323259953,1.2667661673007924,4846.307779032337,1.0608563,1.0546457,0.0,True,1.2130622162819669,1.2031300271105545
305,21,288.53345,1515,7954.7969,2.9779258,3,163.11606,0.8236769006545361,0.344140981630797,904.6949635770826,0.92606002,0.2184889,0.0,True,0.8543918364581753,0.3064453571415579
306,2213,348.4386,1515,6587.1719,2.9844861,4,47.884533,0.9946363381003341,0.875953931634164,2684.02521267231,1.0107489,0.79878151,0.0,True,0.999470106670234,0.8528022051439148
307,0,344.29639,1515,6666.4219,0.9833129,2,44.965435,0.9828157108250185,0.0,238.64807200546733,1.0118288,0.91669875,4.507130498754349,True,0.9915196375775129,0.27500962500000004
308,4147,387.07199,1515,5929.7109,2.0044861,4,46.21104,1.1048801804770392,0.95881155321726,3224.550675591258,1.0201107,0.94592804,0.0,True,1.0794493363339275,0.954946499252082
309,5331,387.07095,1515,5929.7266,3.1037581,5,116.21372,1.10487725609768,0.9877124121013048,3321.7148539329246,1.0201107,0.9421472,0.0,True,1.079447289268376,0.9740428484709134
310,8164,454.76102,1515,5047.1016,2.9054251,5,44.379635,1.2980189999998457,1.0563432795193948,4096.366516321093,1.0551687,0.95339775,0.0,True,1.225163909999892,1.0254596206635762
311,0,351.1301,1515,6536.6797,2.0041947,2,156.96002,1.0023169982970142,0.0,243.38483882473167,0.94947207,0.0,0.0,True,0.9864635198079099,0.0
312,39766,458.34317,1515,5007.6562,2.0120406,4,134.58282,1.3082394376144257,1.2431496894119445,4854.229025241545,1.1311494,1.2240384,0.0,True,1.255112426330098,1.237416302588361
313,10754,394.97696,1515,5811.0352,4.1871738,6,44.494576,1.1274368009554838,1.0709614406777432,3666.657626502398,1.0193278,0.939569,0.0,True,1.0950041006688387,1.0315437084744201
314,0,308.28174,1515,7445.2188,3.0093396,3,134.89232,0.8800372307752824,0.0,213.68461889911413,0.92007649,0.0,0.0,True,0.8920490085426978,0.0
315,0,352.33466,1515,6514.332,3.0129113,3,42.346008,1.0057544351223389,0.0,244.21977619254693,1.0088086,0.0,0.0,True,1.0066706845856372,0.0
316,9027,453.14771,1515,5065.0703,3.1079741,5,44.150784,1.293416002088943,1.0676813956756521,4127.358566697138,1.0549073,0.97154433,0.0,True,1.2218633914622599,1.0388402759729565
317,156378,488.52155,1515,4698.3086,2.912504,5,81.889565,1.3943403226183109,1.4144523437720078,5842.7393412429265,1.0663602,1.1712971,0.0,True,1.2959462858328177,1.3415057706404054
318,0,446.82672,1515,5136.7227,3.9831257,4,181.51219,1.2753811000016835,0.0,309.7166811668481,1.0582838,0.0,0.0,True,1.2102519100011784,0.0
319,157,288.58899,1515,7953.2656,4.1100359,5,40.903111,0.8238354492814949,0.5636557183174873,1462.8299441254926,0.89497912,0.39577374,0.0,True,0.8451785504970464,0.5132911248222412
320,23691,312.58185,1515,7342.7969,2.1094315,4,50.162582,0.8923091950615573,1.1315462203924678,3148.6166337381223,0.91203129,0.96705031,0.0,True,0.8982258235430901,1.0821974472747273
321,18492,361.5722,1515,6347.9023,1.9576622,4,13.813206,1.0321150625781472,1.1220594333448133,3552.519770298721,1.0023146,1.0125023,0.0,True,1.023174923804703,1.0891922933413694
322,12306,360.26907,1515,6370.8633,3.0936973,4,42.870846,1.028396421076476,1.0751102012101068,3393.0158076535304,1.000636,0.98379749,0.0,True,1.0200682947535333,1.0477163878470748
323,0,258.47766,1515,8879.7812,1.1027333,2,44.141552,0.7378958862136371,0.0,179.16306126673217,0.82825845,0.0,0.0,True,0.765004655349546,0.0
324,36402,317.03937,1515,7239.5586,1.6762542,4,31.475332,0.9050302803224738,1.1816748123130085,3329.6850390741542,0.91868305,1.0272779,0.0,True,0.9091261112257316,1.135355738619106
325,8187,272.40109,1515,8425.9023,2.7626581,4,17.71427,0.7776347632470326,0.9967921751234063,2454.482843165505,0.86958814,0.94177955,0.0,True,0.8052207762729229,0.9802883875863844
326,0,246.62064,1515,9306.7031,1.6285,2,19.423235,0.704054016904849,0.0,170.94440128388928,0.82484466,0.0,0.0,True,0.7402912098333944,0.0
327,2733,255.4019,1515,8986.7188,2.4308977,3,85.694458,0.7291172363440295,0.8692511904160425,2021.2217033590016,0.84051919,0.85848427,0.0,True,0.7625378224408207,0.8660211142912297
328,0,218.23019,1515,10517.449,1.0131071,1,11.70944,0.6230202560732621,0.0,151.26564091156115,0.7703138,0.0,0.0,True,0.6672083192512834,0.0
329,0,270.67319,1515,8479.6914,1.8484383,2,106.57309,0.7727031674047492,0.0,187.61635850166635,0.83839977,0.0,0.0,True,0.7924121481833244,0.0
330,21103,363.1694,1515,6319.9844,2.0781498,4,26.699186,1.036672885451856,1.1377146525713315,3616.1740494673677,1.0044194,1.0229397,0.0,True,1.0269968398162992,1.103282166799932
331,118979,470.49643,1515,4878.3047,2.0248499,4,169.79172,1.3429140622571418,1.3760131600925276,5498.559612836399,1.1264203,1.1368749,0.0,True,1.2779659335799993,1.3042716820647693
332,195,293.93076,1515,7808.7266,2.5536165,4,129.05353,0.83908068293283,0.5888530774425974,1552.8960872227908,0.90515172,0.4078261,0.0,True,0.858901994052981,0.5345449842098182
333,69,279.71161,1515,8205.6836,2.4923632,3,32.873882,0.7984993244293215,0.4713768806213795,1192.3210513218285,0.86816901,0.31375211,0.0,True,0.8194002301005251,0.4240894494349656
334,96,305.36139,1515,7516.4219,2.2480893,3,60.853588,0.8717028515957079,0.5125586148950105,1400.0720423916412,0.9090898,0.33899623,0.0,True,0.8829189361169956,0.46048989942650737
335,2570,321.82578,1515,7131.8867,1.4810843,3,103.57407,0.9186899211238694,0.884962243588207,2527.1173335476674,0.93321711,0.86481142,0.0,True,0.9230480777867086,0.8789169965117448
336,9003,388.10461,1515,5913.9336,3.1056945,5,311.53558,1.1078268034870473,1.0483388431956588,3533.900209996,1.0185335,0.92584747,0.0,True,1.0810388124409331,1.0115914312369612
337,8222,388.11694,1515,5913.7461,2.9788966,4,42.271599,1.1078619161376146,1.0378961331451086,3498.80124333948,1.0185337,0.93679869,0.0,True,1.0810634512963304,1.0075669002015761
338,343,311.15662,1515,7376.4297,2.9823446,4,44.22261,0.8882418178666961,0.655776497155395,1818.2575296233483,0.91901946,0.85192019,0.0,True,0.8974751105066873,0.7146196050087765
339,28445,329.15521,1515,6973.0781,1.8164904,3,211.53934,0.939606656121832,1.1588115495033153,3375.7493397466674,0.93629825,0.99872184,0.0,True,0.9386141342852824,1.1107846366523209
340,31024,339.34796,1515,6763.6328,2.0769317,3,63.18631,0.9686942823337413,1.1726566180378983,3509.733709740281,0.95043498,1.0112273,0.0,True,0.963216491633619,1.124227822626529
341,113645,470.26224,1515,4880.7344,2.1505389,4,50.461536,1.3422458140933533,1.3705323924678638,5474.25334022875,1.1264079,1.1275649,0.0,True,1.2774944398653474,1.2976421447275048
342,6194,324.7803,1515,7067.0078,1.4391789,3,74.774353,0.9271215982714888,0.9850942261906384,2835.8708949728693,0.93688518,0.92960447,0.0,True,0.9300506727900422,0.9684472993334469
343,8656,370.50571,1515,6194.8438,2.6036301,3,72.539429,1.0576077147094818,1.0382694045508074,3359.0933280995637,0.99787229,0.96009392,0.0,True,1.0396870872966373,1.0148167591855652
344,64949,621.78247,1515,3691.3633,2.0412321,4,15.874573,1.7744882583659238,1.3489910956191047,6890.213061846416,1.1914531,1.3925028,0.0,True,1.5995777108561466,1.3620446069333734
345,42722,458.34387,1515,5007.6484,3.0367715,5,50.089268,1.308241474537339,1.2515660799640282,4887.098894224057,1.1311494,1.2239829,0.0,True,1.2551138521761374,1.2432911259748196
346,0,344.97983,1515,6653.2148,2.0533745,3,8.5570316,0.9847660829413982,0.0,239.12179651454923,,,,False,0.9847660829413982,0.0
347,111076,623.66937,1515,3680.1953,3.0016212,5,79.943024,1.7798702338601164,1.4148362760511686,7245.7832168482,1.1914116,1.3929125,0.0,True,1.6033326437020814,1.408259143235818
348,42506,444.1272,1515,5167.9453,4.0055404,5,42.095802,1.267678752757717,1.2463641523405586,4733.26234951793,1.0567147,1.0196593,0.0,True,1.2043895369304018,1.178352696638391
349,12039,345.24194,1515,6648.1641,3.0125496,5,54.475422,0.9855139980274503,1.0674171391956802,3243.918392149247,1.0175912,1.0114384,0.0,True,0.9951371586192153,1.0506235174369762
350,32137,345.58124,1515,6641.6367,2.9674296,5,43.082081,0.9864822695271133,1.1790850899189989,3586.3818134091907,1.0174376,0.99794424,0.0,True,0.9957688686689794,1.1247428349432993
351,14028,453.61087,1515,5059.8984,3.0166054,5,43.911297,1.2947375256938427,1.1194869876642561,4331.508956437567,1.0553553,1.0031118,0.0,True,1.22292285798569,1.0845744313649792
352,5482,383.11667,1515,5990.9297,4.0188708,5,44.201427,1.0935936408080378,0.9897574503416096,3298.477466451331,1.0104146,0.8201586,0.0,True,1.0686399285656265,0.9388777952391267
353,0,350.10327,1515,6555.8516,4.0093346,4,311.21475,0.9993867213661287,0.0,242.6730945053173,0.94889492,0.0,0.0,True,0.98423918095629,0.0
354,23250,454.57242,1515,5049.1953,3.0210829,5,46.261871,1.2974809763799116,1.1790104124500023,4570.33767318363,1.056267,1.018262,0.0,True,1.225116783465938,1.1307858887150015
355,157956,488.54837,1515,4698.0508,2.9866948,5,94.812492,1.3944168028417099,1.4156489390502385,5847.96524870891,1.0663607,1.1729261,0.0,True,1.2959999719891968,1.342832087335167
356,165894,626.08893,1515,3665.9727,3.0426443,5,90.004066,1.7867716980907795,1.4643759744505465,7525.035704494363,1.1910872,1.394779,0.0,True,1.6080663486635456,1.4434968821153824
357,10184,383.60239,1515,5983.3438,2.9798527,5,310.31042,1.0949796751407366,1.0611039185903366,3540.1780398148526,1.0107862,0.8989591,0.0,True,1.0697216325985157,1.0124604730132356
358,169471,629.71094,1515,3644.8867,2.0264425,4,12.594483,1.7971026656050546,1.4680059701853514,7582.002395520374,1.1909419,1.3947381,0.0,True,1.6152544359235383,1.4460256091297459
359,0,350.85837,1515,6541.7422,2.0010571,2,113.87627,1.0015415658840627,0.0,243.19648994135807,0.9503231,0.0,0.0,True,0.9861760261188439,0.0
360,205627,635.16888,1515,3613.5664,3.021915,5,103.28942,1.812670294128638,1.4931533491851787,7770.547370798796,1.1908398,1.3949381,0.0,True,1.6261211458900464,1.4636887744296252
361,28967,384.84406,1515,5964.0391,2.0188823,4,34.89072,1.0985227719559567,1.1817276074335987,3953.8807804183016,1.009123,1.0302993,0.0,True,1.0717028403691697,1.1362991152035191
362,0,269.64172,1515,8512.1289,1.8770525,3,33.499393,0.7697592891422658,0.0,186.90139797933423,0.98641634,0.0,0.0,True,0.8347564043995861,0.0
363,24461,384.14661,1515,5974.8672,2.0669208,4,34.125774,1.0965326132274817,1.1620384489980378,3881.769629451175,1.0082742,1.0070604,0.0,True,1.0700550892592373,1.1155450342986264
364,19957,379.34567,1515,6050.4844,3.1279652,5,34.280155,1.0828329949482598,1.136993878156276,3756.06666413884,1.0023736,0.98494023,0.0,True,1.058695176463782,1.0913777837093932
365,8199,293.02066,1515,7832.9805,3.1833665,5,34.389973,0.8364832317999542,1.005064209831501,2640.7055216267186,0.90361679,0.94450551,0.0,True,0.8566232992599678,0.9868965998820507
366,15540,374.52304,1515,6128.3945,3.1237636,5,32.825218,1.069071461833267,1.106643796903601,3614.634708737876,0.9999308,0.97085649,0.0,True,1.048329263283287,1.0659076048325207
367,18391,378.0871,1515,6070.625,2.102562,4,36.498615,1.079241647513163,1.127180547353454,3712.7115130563548,1.0008975,0.9681049,0.0,True,1.055738403259214,1.0794578531474177
368,0,308.31345,1515,7444.4531,1.8667779,3,27.919523,0.8801277227851769,0.0,213.70659859620966,0.91490364,0.0,0.0,True,0.8905604979496238,0.0
369,2312,267.38641,1515,8583.9258,3.0263908,4,249.14,0.7633224374859634,0.855189227578994,2071.3711014331025,0.98681748,0.96585786,0.0,True,0.8303709502401744,0.8883898173052958
370,4600,316.31213,1515,7256.2031,4.9395189,6,36.649666,0.9029548662987429,0.9487069644273951,2667.8544027965595,1.0889151,0.99104375,0.0,True,0.95874293640912,0.9614080000991766
371,0,244.35107,1515,9393.1445,2.0307674,2,62.832001,0.6975762650302634,0.0,169.37125523730583,0.82156557,0.0,0.0,True,0.7347730565211844,0.0
372,8730,414.34085,1515,5539.4609,3.084044,4,33.877995,1.182689894957054,1.0527182229177887,3760.0395115565793,1.0326636,0.91852534,0.0,True,1.1376820064699378,1.012460358042452
373,0,5.0156741,5,4.984375,1.0105634,2,23.736956,0.9877259321422566,0.0,3.476600361022541,0.87291509,0.0,0.0,True,0.9532826794995796,0.0
374,0,5.0,5,5.0,1.0097374,2,59.988304,0.9855211867580105,0.0,3.4657359027997265,1.0714229,0.0,0.0,True,1.0112917007306073,0.0
375,2199,337.49722,1515,6800.7227,5.4204416,7,62.114559,0.9634127537977729,0.8720698302120379,2597.6037432806943,1.0956298,1.0733335,0.0,True,1.003077867658441,0.9324489311484265
376,2728,358.25128,1515,6406.7461,2.1014428,3,30.436466,1.0226383925132594,0.902586604487955,2834.5045076229458,0.95944273,0.86691898,0.0,True,1.0036796937592816,0.8918863171415685
377,0,324.16125,1515,7080.5039,0.44757333,1,40.848938,0.9253549171684355,0.0,224.69145648428756,0.91743267,0.0,0.0,True,0.9229782430179049,0.0
378,16176,455.06036,1515,5043.7812,2.6122117,4,38.278179,1.2988731674947818,1.136613970081145,4410.175419339084,1.0365466,0.91907823,0.0,True,1.2201751972463473,1.0713532480568015
379,20967,379.59808,1515,6046.4609,5.194046,7,39.354229,1.0835533068800396,1.142750073685314,3777.3047398118924,1.0024557,1.0158126,0.0,True,1.0592240248160278,1.1046688315797197
380,26248,382.41949,1515,6001.8516,6.1396379,7,46.184391,1.09160423114549,1.1695408488796066,3891.279411851274,0.98971915,0.86119854,0.0,True,1.0610387068018432,1.0770381562157247
381,46677,480.62704,1515,4775.4805,1.6761916,4,73.647102,1.3718171763819071,1.2690254017839102,5167.245176766884,1.051042,0.96503633,0.0,True,1.275584623467335,1.1778286802487372
382,25027,338.97757,1515,6771.0234,5.9632821,7,189.71617,0.9676372607437944,1.1481603152866207,3433.0937899629125,1.0887501,0.96806741,0.0,True,1.003971112520656,1.0941324437006346
383,114017,502.05118,1515,4571.6953,2.0226259,4,185.94681,1.4329397521801728,1.381550016035127,5845.944376919345,1.1324954,1.1735481,0.0,True,1.342806446526121,1.319149441224589
384,2737,291.48535,1515,7874.2383,2.0244792,3,34.34536,0.832101513450859,0.8822134266550906,2307.2080314895074,0.90123034,0.8629663,0.0,True,0.8528401614156014,0.8764392886585635
385,0,244.81308,1515,9375.418,0.99259603,1,62.916397,0.6988949207265391,0.0,169.69149616619634,0.82241416,0.0,0.0,True,0.7359506925085775,0.0
386,16132,426.77884,1515,5378.0195,2.9872146,4,254.155,1.2181795641687954,1.1278123500652943,4134.92537220599,1.014874,0.96923727,0.0,True,1.1571878949181569,1.080239826045706
387,108570,504.96225,1515,4545.3398,2.0461578,4,91.154922,1.441244793215062,1.3766857147687697,5855.122539684184,1.1305426,1.1658158,0.0,True,1.3480341352505434,1.3134247403381387
388,19902,426.95438,1515,5375.8086,2.038281,4,46.035313,1.218680376562606,1.1523131238127267,4226.283072496196,1.0145493,0.96302044,0.0,True,1.1574410535938242,1.0955253186689087
389,111658,505.41528,1515,4541.2656,2.0515499,4,80.333328,1.442537237913104,1.3801623580580644,5874.5498667611955,1.1301532,1.1631583,0.0,True,1.3488220265391728,1.3150611406406452
390,457,381.99237,1515,6008.5625,2.877887,3,113.60561,1.0903854355943592,0.704121294893513,2341.2504155900256,1.005632,0.8047058,0.0,True,1.0649594049160513,0.7342966464254592
391,19,351.4613,1515,6530.5195,2.4496555,3,83.786324,1.0032621884603055,0.34101698579697093,1070.0318138414432,0.94142747,0.22256689,0.0,True,0.9847117729222139,0.3054819570578796
392,0,459.1257,1515,4999.1211,3.3560226,4,211.84818,1.3104721278854097,0.0,318.2416844776113,1.0553799,0.0,0.0,True,1.2339444595197868,0.0
393,122117,512.54822,1515,4478.0664,2.2191725,4,24.572405,1.4628867576002047,1.3931110323969755,6003.349808666724,1.1244895,1.151338,0.0,True,1.3613675803201433,1.320579122677883
394,10393,383.75623,1515,5980.9453,3.0585494,4,116.77624,1.0954186410043931,1.063488452174133,3549.3921486317463,1.0069109,1.0033765,0.0,True,1.0688663187030754,1.045454866521893
395,4291,455.91202,1515,5034.3594,2.8217349,4,28.421621,1.3013030423781156,0.9812157179361619,3813.5859971912173,1.0160434,0.71419477,0.0,True,1.2157251496646808,0.9011094335553134
396,0,345.82693,1515,6636.918,1.9562441,2,42.779434,0.9871834250294432,0.0,239.70896149120156,0.91084081,0.0,0.0,True,0.9642806405206101,0.0
397,44965,470.75842,1515,4875.5898,3.606941,5,120.83032,1.3436615374522929,1.261527381858605,5043.557030552872,1.0567048,0.97391993,0.0,True,1.257574516216605,1.1752451463010236
398,8197,461.27643,1515,4975.8125,3.569406,5,121.75874,1.3166084117731676,1.0585812212370593,4156.91592867184,1.0204676,0.92007029,0.0,True,1.2277661682412173,1.0170279418659416
399,37882,427.83823,1515,5364.7031,3.0309193,5,46.309025,1.2212022330301113,1.2275345857220679,4510.392185907024,1.0135961,0.8985557,0.0,True,1.1589203931210779,1.1288409200054474
400,0,463.7001,1515,4949.8047,2.0302539,3,85.218605,1.3235234842217467,0.0,321.4124169403647,1.052436,0.0,0.0,True,1.2421972389552227,0.0
401,39595,429.25598,1515,5346.9844,4.4455295,6,91.69342,1.225247508616705,1.233158961300578,4544.322139666789,1.0125471,0.8881309,0.0,True,1.1614373860316936,1.1296505429104045
402,31152,430.62067,1515,5330.0391,3.6392648,6,81.000648,1.2291413635225632,1.20566951886224,4455.501993563497,1.0129278,0.88979846,0.0,True,1.1642772944657942,1.1109082012035678
403,30556,429.758,1515,5340.7383,3.0986657,5,50.848667,1.2266799236132566,1.2031376026063134,4438.274945933784,1.0138489,0.90410846,0.0,True,1.1628306165292797,1.1134288598244195
404,30424,428.88251,1515,5351.6406,2.0443692,4,68.541908,1.2241818790991725,1.2023477683383892,4427.376789303187,1.0165628,0.92791069,0.0,True,1.1618961553694207,1.1200166448368725
405,4196,320.43506,1515,7162.8398,1.8724456,4,117.62167,0.9147210534602074,0.9397374760565033,2673.185748786261,0.90992802,0.88784933,0.0,True,0.9132831434221451,0.9241710322395523
406,1255,321.36496,1515,7142.1133,2.6830328,3,109.59584,0.9173748419876853,0.804095045725709,2293.4156408692766,0.90116107,0.56929415,0.0,True,0.9125107103913797,0.7336547770079963
407,1032,312.44455,1515,7346.0234,2.1084266,3,18.174356,0.8919173841675057,0.7795968190720557,2168.7370032203135,0.89703321,0.55330777,0.0,True,0.8934521319172539,0.7117101043504389
408,0,264.53101,1515,8676.582,2.2997315,3,20.264145,0.7551728853549602,0.0,183.3589237521747,0.82851297,0.0,0.0,True,0.7771749107484721,0.0
409,7478,341.97714,1515,6711.6328,3.8225317,5,20.41161,0.9761972399994263,1.012234385471459,3050.432009343933,0.94352287,0.94140553,0.0,True,0.9663949289995984,0.9909857288300213
410,2615,328.73276,1515,6982.0391,5.2393012,6,22.95356,0.9384010764959235,0.8890446493293765,2587.0557828823057,0.92809665,0.88107473,0.0,True,0.9353097485471464,0.8866536735305637
411,39,276.45169,1515,8302.4453,4.9036908,5,16.551708,0.7891953734380815,0.4087552041211546,1026.6232737771986,0.84500629,0.2718814,0.0,True,0.8059386484066571,0.36769306288480824
412,0,291.30948,1515,7878.9922,2.0599861,3,21.715828,0.8315995807900458,0.0,201.92034473238377,0.87074226,0.0,0.0,True,0.8433423845530321,0.0
413,17537,354.38339,1515,6476.6719,2.4239759,4,31.695652,1.011600820490635,1.1134516686881475,3463.099074075883,0.95942253,1.0117035,0.0,True,0.9959473333434445,1.0829272180817033
414,20215,388.58356,1515,5906.6445,2.4547398,3,155.45111,1.1091934554075171,1.1416214193971983,3852.5258728018994,0.99954021,1.0247599,0.0,True,1.076297481785262,1.1065629635780387
415,12062,391.60458,1515,5861.0781,1.3516562,3,95.582756,1.1178138339534691,1.0831313633002835,3680.2924376944075,0.99451876,0.83236009,0.0,True,1.0808253117674282,1.0078999813101983
416,12189,374.56625,1515,6127.6875,1.2864183,3,30.602743,1.0691947688572412,1.0788102449701753,3524.089053488196,0.96286225,0.8228451,0.0,True,1.037295013200069,1.0020207014791227
417,11170,397.11789,1515,5779.707,2.5208299,4,85.654968,1.1335458212824725,1.0760103381933368,3701.601745295973,0.99172616,0.81435418,0.0,True,1.0909999228977307,0.9975134907353358
418,4853,466.54507,1515,4919.6211,3.9810209,5,220.60835,1.331640464912998,0.9983487777394898,3959.92462714905,1.0565537,0.81683314,0.0,True,1.2491144354390986,0.9438940864176428
419,1708,379.97366,1515,6040.4844,2.5661817,4,17.538841,1.0846250277004639,0.854931592372553,2828.6184052993203,1.0022718,0.92880219,0.0,True,1.0599190593903247,0.877092771660787
420,2512,393.78076,1515,5828.6875,1.6112834,4,20.084064,1.1240235066155786,0.9029151006799988,3083.1578051586584,0.98685235,0.91550457,0.0,True,1.082872159630905,0.9066919414759992
421,143415,521.09106,1515,4404.6523,2.1028855,4,55.201027,1.487258209532352,1.4150121389523973,6187.180823538753,1.1194659,1.1441537,0.0,True,1.3769205166726464,1.3337546072666782
422,5468,309.35214,1515,7419.457,3.9776456,4,37.164204,0.8830920680035768,0.965731008232997,2662.6043545994844,0.91300637,0.91514754,0.0,True,0.8920663586025037,0.9505559677630979
423,0,254.48466,1515,9019.1094,1.0827379,2,42.649666,0.726499316118439,0.0,176.39532457475627,0.82731134,0.0,0.0,True,0.7567429232829074,0.0
424,4718,400.59286,1515,5729.5703,2.9857383,4,36.010033,1.1434614715847804,0.977516882225378,3388.840968591467,0.99027461,0.84531069,0.0,True,1.0975054131093462,0.9378550245577646
425,0,258.5509,1515,8877.2656,0.98862797,2,19.440378,0.7381049407655539,0.0,179.21382736623636,0.83424598,0.0,0.0,True,0.7669472525358877,0.0
426,136,311.34375,1515,7371.9961,3.4987202,4,43.849983,0.8887758714341631,0.5524436820086802,1534.0696395381635,0.90547788,0.82775885,0.0,True,0.8937864740039143,0.6350382324060762
427,4,329.55231,1515,6964.6758,4.484458,4,42.708286,0.9407398876993273,0.18187718213490248,590.4784720484794,0.90784466,0.11925081,0.0,True,0.930871319389529,0.16308927049443173
428,29778,428.83899,1515,5352.1836,2.0340323,4,48.424988,1.2240577274431943,1.1998339593102358,4417.724439998875,1.0172678,0.93920118,0.0,True,1.1620207492102361,1.1216441255171652
429,47111,472.39267,1515,4858.7227,4.0324554,6,220.97696,1.3483241514126327,1.26753390018079,5083.088854865296,1.0582634,0.9846524,0.0,True,1.261305925988843,1.182669450126553
430,30479,429.44736,1515,5344.6016,3.0162683,5,49.854347,1.2257935601054735,1.2027424015651182,4433.983361617388,1.019536,0.96173131,0.0,True,1.1639162920738313,1.1304390740955828
431,26001,505.79507,1515,4537.8555,4.383409,6,220.18755,1.443620795800576,1.2072301176368658,5141.896088993868,1.0593928,0.95933694,0.0,True,1.3283523970604032,1.132862164345806
432,78451,531.60297,1515,4317.5547,3.011776,5,80.915794,1.5172466295494815,1.3463212293771012,5991.301029779033,1.1413261,1.3001057,0.0,True,1.404470470684637,1.3324565705639708
433,3951,464.23059,1515,4944.1484,2.986146,5,221.29083,1.325037034822817,0.9735980965978203,3844.864548799958,1.0531375,0.87826198,0.0,True,1.243467174375972,0.9449972616184742
434,1844,460.61362,1515,4982.9727,3.0291886,4,241.82425,1.3147172921788761,0.883238851227499,3464.1720497526976,1.0525784,0.75495327,0.0,True,1.2360756245252134,0.8447531768592493
435,5445,396.26703,1515,5792.1172,4.0098867,6,91.608681,1.1311179224558352,0.9928290884074042,3409.014040942605,0.9731068,0.85848236,0.0,True,1.0837145857190846,0.952525069885183
436,81771,531.59961,1515,4317.582,2.0014691,4,81.06266,1.5172370404658646,1.3512714966449788,6013.296581487828,1.1413261,1.2997582,0.0,True,1.4044637583261053,1.335817507651485
437,1667,397.36227,1515,5776.1523,3.9906621,5,81.06823,1.1342431748864807,0.856542375433326,2948.4200658206937,0.97393328,0.56561095,0.0,True,1.0861502064205366,0.7692629478033282
438,20620,430.09177,1515,5336.5938,2.9890857,5,55.868862,1.2276322296200213,1.1574246031076276,4272.58056443197,1.0172054,0.95844227,0.0,True,1.1645041807340148,1.0977299031753394
439,3638,459.30624,1515,4997.1562,3.0929778,5,80.554359,1.3109872041464958,0.9626920441168314,3766.1912709888343,1.0493447,0.89540517,0.0,True,1.232494452902547,0.942505981881782
440,0,464.79944,1515,4938.0977,2.0028236,3,103.6226,1.3266599585124845,0.0,322.17442136184144,1.0568215,0.0,0.0,True,1.2457084209587392,0.0
441,18325,429.81586,1515,5340.0195,3.0453568,5,151.53786,1.226844980578903,1.1435921520221337,4219.128642066712,1.0168269,0.93353552,0.0,True,1.1638395564052322,1.0805751624154936
442,0,342.263,1515,6706.0273,1.2816705,2,35.562355,0.9770129900529209,0.0,237.23863345998853,0.93195927,0.0,0.0,True,0.9634968740370446,0.0
443,2730,361.02924,1515,6357.4492,2.0773983,3,35.146221,1.0305656360506223,0.9034659479365429,2856.748278626149,0.95391822,0.86654729,0.0,True,1.0075714112354357,0.89239035055558
444,0,290.10074,1515,7911.8203,1.0256637,1,55.986965,0.8281499403934685,0.0,201.0825100093537,0.8632493,0.0,0.0,True,0.8386797482754279,0.0
445,8178,464.90387,1515,4936.9883,3.1271963,4,37.730946,1.326957954067156,1.0592827655824142,4188.526976581102,1.0555001,0.95543534,0.0,True,1.2455205978470092,1.0281285379076899
446,15988,429.57169,1515,5343.0547,3.9928267,6,81.314781,1.2261483142033367,1.1276243674976643,4158.1331661443155,1.0164493,0.91210997,0.0,True,1.1632386099423355,1.0629700482483648
447,7825,460.15225,1515,4987.9688,2.9768217,5,36.282089,1.3134009594868852,1.052824560224098,4125.418876139088,1.0502598,0.93918931,0.0,True,1.2344586116408196,1.0187339851568686
448,0,358.47205,1515,6402.8008,1.9836396,2,66.173561,1.0232683286152509,0.0,248.47389076704374,0.95125347,0.0,0.0,True,1.0016638710306756,0.0
449,2548,396.84082,1515,5783.7422,3.1112738,4,87.328621,1.1327552426600724,0.9053633135652857,3112.75932552031,1.0005102,0.95988661,0.0,True,1.0930817298620508,0.9217203024956999
450,8017,427.28412,1515,5371.6602,5.1588135,6,34.738697,1.219621182919162,1.0465680144084126,3841.100081398247,1.0117315,0.9110204,0.0,True,1.1572542780434134,1.0059037300858888
451,146581,524.61346,1515,4375.0781,2.0477421,4,40.01292,1.4973070299407318,1.4187526558837986,6240.459199984636,1.1186278,1.1349268,0.0,True,1.3837032609585123,1.3336048991186589
452,235,311.61655,1515,7365.543,3.0348532,4,18.515024,0.8895543344273147,0.613570688065676,1703.938036373043,0.89647609,0.48059177,0.0,True,0.8916308610991203,0.5736770126459733
453,5039,400.03131,1515,5737.6133,2.2834642,4,71.879196,1.1418591231101964,0.9849618559192251,3410.410830646953,0.99719054,0.95829332,0.0,True,1.0984585481771374,0.9769612951434576
454,1755,385.87903,1515,5948.043,4.6200137,6,50.47319,1.1014760413882088,0.859569345794042,2883.0423412474415,0.98007011,0.92530239,0.0,True,1.065054261971746,0.8792892590558294
455,3366,395.75964,1515,5799.543,4.8667068,7,52.481251,1.1296701256423716,0.9371946812802736,3214.389230846576,0.97377878,0.91019946,0.0,True,1.08290272194966,0.9290961148961916
456,4595,396.19113,1515,5793.2266,3.0336676,5,47.92038,1.130901388692829,0.9732231083110883,3341.1428712563606,0.97303933,0.9009186,0.0,True,1.0835427710849803,0.9515317558177618
457,5297,396.19193,1515,5793.2148,2.9986117,5,43.862003,1.130903691392012,0.9896276856211416,3397.454119611274,0.97303933,0.87701184,0.0,True,1.0835443829744085,0.9558429319347991
458,13312,460.26974,1515,4986.6953,3.6549115,6,136.62825,1.313736240762113,1.115249695694225,4370.98444556122,1.0553994,0.98050952,0.0,True,1.236235188533479,1.0748276429859576
459,961,463.12485,1515,4955.9531,2.9284415,4,351.90637,1.3218821714407951,0.8072693467547256,3181.692455830995,1.0544915,0.61346239,0.0,True,1.2416649700085565,0.749127259728308
460,483,351.26486,1515,6534.1719,3.5991499,4,350.9393,1.002701567522975,0.7036883328665748,2172.27419439431,0.93131977,0.47248802,0.0,True,0.9812870282660824,0.6343282390066024
461,6031,464.90387,1515,4936.9883,2.0200827,4,18.21154,1.326957954067156,1.023481821445953,4046.988038855866,1.0539602,0.92537439,0.0,True,1.2450586278470093,0.994049592012167
462,6,358.46329,1515,6402.957,3.9825568,4,51.277172,1.023243373800889,0.22200955916541296,745.403456393226,0.9495526,0.14466308,0.0,True,1.0011361416606224,0.19880561541578906
463,84207,531.59961,1515,4317.582,2.0018237,4,80.640015,1.5172370404658646,1.3547781902341673,6028.901522246379,1.1413261,1.2993593,0.0,True,1.4044637583261053,1.338152523163917
464,35704,505.77332,1515,4538.0508,3.9884291,6,184.46236,1.4435586953629729,1.2448822497227434,5302.05915134264,1.0593925,0.99871778,0.0,True,1.328308836754081,1.1710329088059204
465,9164,465.82788,1515,4927.1953,2.0252621,4,121.21258,1.3295942665792975,1.0729158552722668,4249.867124653842,1.0552074,0.97414601,0.0,True,1.2472782066055081,1.0432849016905867
466,2929,460.60602,1515,4983.0547,2.0228412,4,121.3447,1.314695666173858,0.9375596027820069,3677.06343034706,1.0525783,0.87205744,0.0,True,1.2360604563217006,0.9179089539474048
467,88139,531.59961,1515,4317.582,1.8706162,4,109.6154,1.5172370404658646,1.3602298373687427,6053.161602600603,1.1413261,1.2985073,0.0,True,1.4044637583261053,1.3417130761581197
468,55,358.01117,1515,6411.043,3.9946079,4,53.385239,1.0219531990865525,0.4591876740860582,1447.4575147674307,0.94931966,0.29924771,0.0,True,1.0001631373605866,0.4112056848602407
469,3927,272.21344,1515,8431.7109,5.098217,7,46.00806,0.7770991782193555,0.9154628660328725,2252.8765990883635,1.103629,1.1279378,0.0,True,0.8750581247535488,0.9792053462230108
470,0,344.98917,1515,6653.0352,2.0049181,3,39.46146,0.9847926589072918,0.0,239.12827050921567,1.0168664,0.0,0.0,True,0.9944147812351043,0.0
471,14750,284.42606,1515,8069.6719,2.9969587,5,37.660084,0.8119544365684166,1.067008702831824,2730.2438476151165,0.91700572,0.91439217,0.0,True,0.8434698215978915,1.0212237429822768
472,21148,462.40173,1515,4963.7031,3.0279541,5,50.252956,1.3198191027026205,1.1702408082777243,4605.241563054643,1.1309705,1.2128713,0.0,True,1.2631645218918344,1.183029955794407
473,0,241.49658,1515,9504.1719,2.4667158,4,17.586168,0.6894289182514806,0.0,167.39267354186927,,,,False,0.6894289182514806,0.0
474,2724,245.73701,1515,9340.168,6.8400774,7,38.881474,0.7015320008941844,0.8652239167005247,1943.9248843899761,0.99635732,0.62985194,0.0,True,0.7899795966259291,0.7946123236903673
475,6,241.96907,1515,9485.6133,4.6128173,5,35.930008,0.6907775014111948,0.21248553157133943,503.1605359596361,1.0192366,0.90805542,0.0,True,0.7893152309878364,0.4211564980999376
476,9,279.33755,1515,8216.6719,4.166091,4,13.200042,0.7974317370826814,0.2554373360481404,669.8221906600786,0.92174828,0.83355254,0.0,True,0.8347266999578771,0.4288718972336983
477,622,359.00754,1515,6393.25,3.0098047,4,51.807163,1.0247964989217968,0.7342466630182313,2310.626510818402,1.0103041,0.90126586,0.0,True,1.0204487792452577,0.7843524221127619
478,28068,454.57526,1515,5049.1641,3.0068395,4,49.111797,1.2974889906525946,1.2010946475014348,4655.967403511205,1.0562671,1.0367979,0.0,True,1.225122423456816,1.1518056232510043
479,32836,452.16815,1515,5076.043,2.9715896,4,49.423981,1.2906211723157173,1.2187342934492316,4702.251079788324,1.0591979,1.0319335,0.0,True,1.221194190621002,1.162694055414462
480,357044,639.85785,1515,3587.0859,3.0577309,5,43.217655,1.8260442888061332,1.5619013237194022,8180.979262691762,1.1908008,1.3958131,0.0,True,1.6354712421642932,1.5120748566035815
481,7141,359.01126,1515,6393.1836,2.9993954,4,51.017071,1.024807139192942,1.0125853703570664,3185.8257605010367,1.0103042,0.8842997,0.0,True,1.0204562574350595,0.9740996692499466
482,2611,291.46335,1515,7874.832,3.9447079,5,31.230856,0.8320387955119039,0.876954954288888,2293.307746880427,0.91230005,0.8627013,0.0,True,0.8561171718583327,0.8726788580022217
483,64860,486.18997,1515,4720.8398,3.0535998,5,51.206596,1.3876883585442854,1.3096344821005095,5386.993237375847,1.0635837,1.1753843,0.0,True,1.2904569609809997,1.2693594274703566
484,385149,643.69208,1515,3565.7188,2.0560822,4,107.0321,1.8369804844848256,1.572304156983873,8278.775359806736,1.1908035,1.3958049,0.0,True,1.6431273891393778,1.519354379888711
485,20905,452.16434,1515,5076.0859,3.0146348,5,31.592987,1.2906102690641017,1.1658178484878579,4498.058196080418,1.0591979,1.0043331,0.0,True,1.221186558344871,1.1173724239415006
486,2574,358.55975,1515,6401.2344,4.0696282,6,51.030041,1.0235186470340085,0.8960479723302228,2816.1257978568533,1.0039947,0.90713662,0.0,True,1.0176614629238059,0.899374566631156
487,1051,368.94119,1515,6221.1133,3.0530427,3,52.988888,1.0531432570462154,0.7965087028483874,2567.6087687509385,0.95475858,0.65728986,0.0,True,1.023627853932351,0.7547430499938712
488,516,297.89316,1515,7704.8594,2.125586,3,30.356199,0.8503891753532731,0.6981056776005888,1861.824874838443,0.90479577,0.6030255,0.0,True,0.8667111537472911,0.6695816243204122
489,2341,311.15414,1515,7376.4883,3.0148664,4,42.380238,0.8882347634446505,0.871138579276018,2414.303294527696,0.9190194,0.72965556,0.0,True,0.8974701544112553,0.8286936734932127
490,126304,470.85086,1515,4874.6328,1.8606076,4,36.551823,1.3439252202318002,1.3831700973170369,5530.832117528968,1.1260295,1.1226352,0.0,True,1.27855650416226,1.3050096281219257
491,4293,382.95462,1515,5993.4648,3.0213194,4,42.246784,1.0931312297471285,0.9616100401204228,3203.494604496084,1.0113584,0.91455507,0.0,True,1.0685993808229899,0.947493549084296
492,124432,470.60535,1515,4877.1758,2.1458321,4,14.799195,1.3432247736860847,1.381327019923205,5520.9211270352025,1.1260148,1.1128107,0.0,True,1.2780617815802593,1.3007721239462435
493,31284,396.87567,1515,5783.2344,2.5371404,4,85.137299,1.1328546704571938,1.1948067486620766,4108.030688243721,1.0021589,1.0337684,0.0,True,1.0936459393200355,1.1464952440634537
494,152042,475.03589,1515,4831.6875,2.0131352,4,35.428299,1.3558654360112483,1.4064734729603732,5668.092721817583,1.1226163,1.1082548,0.0,True,1.285890695207874,1.3170078710722612
495,11139,391.33698,1515,5865.0859,2.5166183,4,109.8266,1.1170502565387053,1.073872625583776,3646.6295350834794,0.99440134,0.8508693,0.0,True,1.0802555815770938,1.0069716279086434
496,423232,647.39569,1515,3545.3203,2.0423682,4,97.597946,1.8475438515460871,1.5849417918392483,8387.451714492445,1.1908475,1.3959813,0.0,True,1.650534946082261,1.528253644287474
497,156199,478.70129,1515,4794.6914,3.0085683,4,46.371338,1.3663230054219502,1.4109305740203812,5724.740339225289,1.1197051,1.1031529,0.0,True,1.2923376337953651,1.318597271814267
498,35597,480.33313,1515,4778.4023,3.0036106,4,44.386082,1.3709787165255154,1.2369499150869334,5033.926183408528,1.0569682,1.1099532,0.0,True,1.2767755615678609,1.1988509005608534
499,18280,462.40683,1515,4963.6484,2.0555983,4,35.389362,1.3198336414091705,1.1531187288938614,4537.9090749555,1.1309706,1.2101187,0.0,True,1.2631747289864192,1.1702187202257028
500,0,260.75552,1515,8802.2109,3.1892955,4,70.268974,0.7443971849572142,0.0,180.74195350344243,1.0734477,1.1070343,14.038961296915849,True,0.8431123394700499,0.33211029000000003
501,975,355.23462,1515,6461.1523,4.0623446,5,52.154568,1.0140299200019813,0.7845271572515673,2445.60799973349,1.0046201,0.93773389,0.0,True,1.011206974001387,0.8304891770760972
502,5448,281.60355,1515,8150.5547,4.0450816,5,105.4838,0.8038989066494238,0.9552506638520706,2422.7397839309438,0.91171867,0.86348832,0.0,True,0.8362448356545966,0.9277219606964493
503,2964,444.10403,1515,5168.2148,3.0113325,5,185.91463,1.2676126743766276,0.934950354689055,3550.598184757304,1.0567137,0.85881889,0.0,True,1.2043429820636393,0.9121109152823385
504,0,236.7903,1515,9693.0703,2.0189083,2,40.29982,0.6759961100776775,0.0,164.13052882894362,0.97874105,0.3615239,4.111376782140119,True,0.7668195920543742,0.10845717000000002
505,237,366.44449,1515,6263.5,4.0531754,5,196.24408,1.0460186433213026,0.625904999180516,2006.819893291131,0.9976685,0.83498663,0.0,True,1.031513600324912,0.6886294884263612
506,1514,458.47693,1515,5006.1953,3.9818347,5,40.792347,1.3086210535219385,0.8596248909179562,3357.8073538326,1.056826,0.75103468,0.0,True,1.233082537465357,0.8270478276425693
507,456953,650.33423,1515,3529.3008,1.9825175,4,35.961952,1.855925105482269,1.5952030644100548,8475.37692695581,1.1909431,1.3965586,0.0,True,1.6564305038375882,1.5356097250870384
508,579932,649.94788,1515,3531.3984,2.0411699,4,61.820976,1.8548233365729778,1.6242574311776492,8625.243561615085,1.1908921,1.3966297,0.0,True,1.6556439656010844,1.5559691118243546
509,36176,465.23407,1515,4933.4844,3.9852476,5,42.664623,1.3279000151899216,1.2342044239456558,4883.1928594420015,1.0584452,1.0595999,0.0,True,1.2470635706329452,1.1818230667619591
510,5127,458.46906,1515,5006.2812,4.0113297,5,45.339771,1.308598608586439,1.0027495195078229,3916.54804513233,1.0568259,0.8826431,0.0,True,1.2330667960105073,0.966717593655476
511,585117,649.94788,1515,3531.3984,1.9716238,4,134.49785,1.8548233365729778,1.625346859770407,8631.02870959917,1.1908921,1.3964666,0.0,True,1.6556439656010844,1.5566827818392848
512,22339,492.84534,1515,4657.0898,2.9916797,4,43.47543,1.4066760013360595,1.185554994950761,4935.441372450202,1.0574572,1.0720625,0.0,True,1.3019103609352416,1.1515072464655327
513,130,360.80975,1515,6361.3164,3.0345263,4,47.718193,1.029939326878296,0.5566270955498032,1761.7625409879079,0.9485203,0.36240318,0.0,True,1.005513618814807,0.49835992088486225
514,138,316.59793,1515,7249.6523,3.0188093,4,49.015141,0.9037705530544564,0.5551137274309232,1564.513761798291,0.86946702,0.36445194,0.0,True,0.8934794931381194,0.4979151912016463
515,1136,368.4653,1515,6229.1484,4.0254602,5,49.395699,1.0517852230464646,0.8052838338852054,2592.900491153663,0.95024693,0.90330142,0.0,True,1.0213237351325253,0.8346891097196438
516,397389,644.45673,1515,3561.4883,2.0355873,4,109.1905,1.8391613099247783,1.5763573643680917,8308.771791185902,1.1908088,1.3957088,0.0,True,1.6446555569473447,1.5221627950576642
517,3176,357.90671,1515,6412.9141,4.0580001,5,52.773903,1.0216551161191108,0.9198264781246619,2886.1623390151935,1.0031517,0.89172721,0.0,True,1.0161040912833776,0.9113966976872634
518,61889,484.86362,1515,4733.7539,2.0371919,4,35.133781,1.3839042205570735,1.3036717413513217,5349.563377089946,1.0622525,1.1735805,0.0,True,1.2874087043899514,1.2646443689459252
519,0,367.37674,1515,6247.6055,2.0127096,2,100.5826,1.0486789621728319,0.0,254.64615153430407,0.95366681,0.0,0.0,True,1.0201753165209824,0.0
520,58094,483.64157,1515,4745.7148,2.0222921,4,86.843056,1.3804177558705972,1.2958085574319687,5305.476489242664,1.060937,1.1708703,0.0,True,1.284573529109418,1.258327080202378
521,0,298.42178,1515,7691.2109,1.0584352,2,134.53285,0.851897847975235,0.0,206.85021542468027,0.90667385,0.0,0.0,True,0.8683306485826645,0.0
522,8578,452.16852,1515,5076.0391,2.9903901,5,175.98691,1.2906221635295445,1.06143241532235,4095.375832524585,1.0591979,0.95589024,0.0,True,1.221194884470681,1.029769762725645
523,26842,479.51425,1515,4786.5625,2.0157261,4,45.942505,1.368642428647349,1.2033899550783231,4889.989273223824,1.0560735,1.096269,0.0,True,1.2748717500531443,1.1712536685548263
524,4891,366.71527,1515,6258.875,2.9757662,3,57.453751,1.0467913526032098,0.9717602598305275,3115.4519060505313,0.95164621,0.91715217,0.0,True,1.018247809822247,0.9553778328813693
525,2369,297.10132,1515,7725.3945,1.999728,3,126.86064,0.8481293157389106,0.8679708979341141,2308.7942890785857,0.86484474,0.85931516,0.0,True,0.8531439430172374,0.8653741765538798
526,3182,367.88208,1515,6239.0234,2.9982963,4,68.784492,1.050121012161182,0.922934472397869,2967.2976951157943,0.95335317,0.91690803,0.0,True,1.0210906595128273,0.9211265396785082
527,16618,402.73508,1515,5699.0938,2.0706377,4,43.326347,1.1495741062407396,1.123686443313532,3913.9253250898405,0.99885315,0.91729832,0.0,True,1.1043578193685177,1.0617700063194724
528,2786,319.0946,1515,7192.9297,2.98998,4,54.576893,0.9108956005129031,0.8931966137685009,2531.402916576272,0.90196127,0.78878713,0.0,True,0.9082153013590322,0.8618737686379506
529,289,265.26596,1515,8652.543,2.9221578,4,144.73906,0.7572704658963069,0.6254035890795034,1504.9395428565826,0.82532638,0.45078558,0.0,True,0.7776872401274149,0.5730181863556524
530,0,365.99231,1515,6271.2383,2.018172,3,132.52464,1.0447283358787154,0.0,253.68653778312145,0.99639571,0.0,0.0,True,1.0302285481151008,0.0
531,14809,402.73343,1515,5699.1172,3.0139103,5,159.82169,1.1495693878613162,1.1103607376706037,3867.4996419065137,0.99885315,0.91472495,0.0,True,1.1043545165029214,1.0516700013694227
532,7853,460.14719,1515,4988.0234,4.0702119,4,112.24119,1.3133865884736373,1.053242616492409,4127.016686525278,1.0563368,0.91694772,0.0,True,1.236271651931546,1.0123541475446862
533,721,318.58801,1515,7204.3672,2.9909334,3,54.435184,0.9094498833933443,0.740980481156036,2097.395243103209,0.90228057,0.70958877,0.0,True,0.907299089375341,0.7315629678092253
534,8,264.48505,1515,8678.0898,2.423008,3,159.07335,0.7550417058737827,0.2422812035974147,608.9993334497849,0.82386643,0.16164017,0.0,True,0.775689123111648,0.2180888935181903
535,18802,402.92038,1515,5696.4727,4.0143757,5,46.063576,1.1501028704989007,1.1380232392415597,3965.4718254361283,0.99915737,0.97232139,0.0,True,1.1048192203492304,1.0883126844690918
536,617831,652.54718,1515,3517.332,2.0249324,4,164.78621,1.8622368704429197,1.6328024412494018,8701.046788252082,1.191038,1.3985277,0.0,True,1.6608772093100437,1.5625200188745811
537,3237,319.97925,1515,7173.043,3.5612352,5,55.181316,0.9134202832972041,0.9103686481614365,2586.3986514715025,0.90355748,0.88012052,0.0,True,0.9104614423080429,0.9012942097130054
538,623706,652.57471,1515,3517.1836,2.0020661,4,40.618023,1.8623153988696757,1.6339697998151892,8707.5899151175,1.1910384,1.3986086,0.0,True,1.660932299208773,1.5633614398706324
539,15979,461.98074,1515,4968.2266,1.9587812,4,141.57449,1.3186179096400998,1.1371887500163833,4471.583557019698,1.1304504,1.2063867,0.0,True,1.26216765674807,1.1579481350114682
540,0,290.95691,1515,7888.5391,2.0583858,3,135.03146,0.8305934140456412,0.0,201.67596183093374,0.9113397,0.0,0.0,True,0.8548172998319489,0.0
541,298,355.88913,1515,6449.2695,3.9996469,4,80.812897,1.0158976942026094,0.6498315001706568,2029.9141826146424,1.0080229,0.44777811,0.0,True,1.0135352559418267,0.5892154831194598
542,12683,461.5072,1515,4973.3242,1.9957328,4,30.27972,1.31726688478504,1.1099155007081993,4360.401007206805,1.1299298,1.2050169,0.0,True,1.261065759349528,1.1384459204957396
543,291,358.72766,1515,6398.2383,3.9918461,4,102.32026,1.0239977798529192,0.6477172509981485,2037.6350284287876,1.010561,0.71840769,0.0,True,1.0199667458970434,0.6689243826987039
544,0,280.79031,1515,8174.1602,1.0189852,2,115.14984,0.8015779595083791,0.0,194.629011705053,,,,False,0.8015779595083791,0.0
545,0,443.59674,1515,5174.125,1.0095639,2,158.21957,1.2661652896190918,0.0,307.4778296365831,,,,False,1.2661652896190918,0.0
546,28570,463.8143,1515,4948.5859,3.0674913,5,48.847439,1.3238493265473126,1.2060172661959934,4758.819362381978,1.0570649,1.0394566,0.0,True,1.2438139985831187,1.1560490663371954
547,590858,650.39539,1515,3528.9688,2.067709,4,44.170483,1.8560996091864705,1.6266788138915675,8643.321818021848,1.1909162,1.3964835,0.0,True,1.6565445864305293,1.5576202197240971
548,1233,366.92593,1515,6255.2812,4.0281916,5,47.981178,1.0473925655969594,0.8142635959381708,2612.0819419455147,0.94821006,0.72901928,0.0,True,1.0176378139178714,0.7886903011567196
549,19839,492.70978,1515,4658.3711,2.0278444,4,51.601799,1.4062892566065437,1.1714667147387845,4875.6124772293915,1.0570588,1.0596246,0.0,True,1.3015201196245805,1.1379140803171492
550,1168,377.53564,1515,6079.4922,4.0170994,5,177.19734,1.077668044979096,0.810715747525449,2667.198321003156,0.95522606,0.85764802,0.0,True,1.0409354494853673,0.8247954292678144
551,44622,496.87463,1515,4619.3242,4.0075169,5,46.904198,1.4181713998186107,1.2686864583096862,5319.553258985269,1.0620266,1.1745989,0.0,True,1.3113279598730274,1.2404601908167803
552,1049,316.82892,1515,7244.3672,3.0427287,5,80.506454,0.9044297133782596,0.7826549774309665,2204.336377917784,0.87001628,0.86063021,0.0,True,0.8941056833647818,0.8060475472016765
553,4106,364.67416,1515,6293.9062,2.9697523,4,49.910938,1.04096687617894,0.9511460105930867,3034.3412092911735,0.95461094,0.86691946,0.0,True,1.015060095325258,0.9258780454151606
554,3137,365.50668,1515,6279.5703,2.965122,4,143.45015,1.0433425873988262,0.920623087231976,2942.9353531115735,0.9154976,0.83754981,0.0,True,1.0049890911791783,0.8957011040623831
555,25942,463.84982,1515,4948.207,1.9359839,4,96.964233,1.323950656958309,1.1946861596674894,4714.428396853625,1.0570656,1.0286996,0.0,True,1.2438851398708164,1.1448901917672425
556,7275,475.8168,1515,4823.7578,4.0016766,5,174.99597,1.3580933982492078,1.0483859532949074,4231.1885077022125,1.0202047,0.84439641,0.0,True,1.2567267887744455,0.9871890903064351
557,0,367.53394,1515,6244.9336,1.0043221,2,32.219234,1.0491274966856732,0.0,254.75511427108808,0.95297277,0.0,0.0,True,1.0202810786799712,0.0
558,23496,479.06232,1515,4791.0781,3.0090873,5,80.972939,1.3673530188731164,1.1875475737415895,4821.604442942258,1.0556266,1.082631,0.0,True,1.2738350932111815,1.1560726016191125
559,9877,457.2713,1515,5019.3945,4.0110269,5,374.60901,1.305181222015044,1.0793745683512113,4206.057585558049,1.0559983,1.0051589,0.0,True,1.2304263454105309,1.057109867845848
560,374,365.88931,1515,6273.0039,4.0299616,5,58.029949,1.0444343803084524,0.6777898863390787,2169.57328025842,0.94907993,0.54062545,0.0,True,1.0158280452159167,0.6366405554373551
561,240,366.33231,1515,6265.418,4.0151596,5,48.989632,1.0456985332284556,0.6273157647235682,2010.7752366691266,0.94947207,0.42021534,0.0,True,1.016830594259919,0.5651856373064977
562,51922,483.63721,1515,4745.7578,2.0281005,4,201.09084,1.380405253555609,1.2825396840522296,5251.108607139304,1.060937,1.165352,0.0,True,1.2845647774889264,1.2473833788365607
563,0,297.15677,1515,7723.9531,0.98707849,2,116.58179,0.8482875478146018,0.0,205.97337730980013,0.86484939,0.0,0.0,True,0.8532561004702213,0.0
564,844,315.85217,1515,7266.7695,4.0002828,5,201.01144,0.9016422669242189,0.7579544384227289,2129.007666658636,0.87034529,0.80812353,0.0,True,0.8922531738469532,0.7730051658959102
565,19015,478.68649,1515,4794.8398,4.0391998,6,203.73756,1.3662807354395328,1.1624737826541354,4716.540395176737,1.055182,1.0716612,0.0,True,1.2729511148076729,1.1352300078578947
566,3117,316.8342,1515,7244.2461,1.9945592,4,203.16931,0.9044448282993895,0.9051086836020134,2549.0159607772603,0.87001634,0.86923915,0.0,True,0.8941162818095727,0.8943478235214093
567,2758,345.19205,1515,6649.125,3.0479836,5,49.177845,0.985371619046345,0.9000228459539665,2734.951765208733,1.0107149,0.86343503,0.0,True,0.9929746033324415,0.8890465011677765
568,59936,448.91119,1515,5112.8711,4.0192957,5,48.229225,1.281328440462482,1.2881635423115523,4938.501617483542,1.0619256,1.0594214,0.0,True,1.2155075883237374,1.2195408996180865
569,0,622.04443,1515,3689.8086,0.97083443,2,91.5392,1.77523553353487,0.0,431.16834283751825,1.1914567,1.3920547,3.8816522048845306,True,1.6001018834744087,0.4176164100000001
570,0,294.33981,1515,7797.875,2.0533745,3,25.455154,0.8402480565047031,0.0,204.02080942805,1.1096448,1.1444222,10.722137603073023,True,0.9210670795532923,0.34332666000000006
571,0,285.91165,1515,8027.7422,1.0000418,2,19.095398,0.816194299454548,0.0,198.1788540867419,0.85657668,0.0,0.0,True,0.8283090136181835,0.0
572,161358,525.16632,1515,4370.4727,3.0146587,5,112.70557,1.4988841004609637,1.4303876628755292,6297.475824142221,1.118493,1.1284262,0.0,True,1.3847667703226745,1.3397992240128704
573,2713,377.94336,1515,6072.9336,4.0070643,6,204.80241,1.078831513439031,0.9074949858772792,2988.227026999876,0.95532978,0.86652994,0.0,True,1.0417809934073217,0.8952054721140954
574,5037,462.74734,1515,4959.9961,3.999855,5,46.994514,1.3208051110176449,1.0017626300297067,3944.9039188455563,1.0566647,0.92439902,0.0,True,1.2415629877123513,0.9785535470207947
575,630260,652.59283,1515,3517.0859,3.0070989,5,207.60164,1.862367102130022,1.6352554174115164,8714.653444109223,1.1910386,1.3987067,0.0,True,1.6609685514910153,1.5642908021880615
576,0,377.34094,1515,6082.6289,2.0136132,3,35.457722,1.0771124940305927,0.0,261.55280867083945,0.95475602,0.0,0.0,True,1.040405551821415,0.0
577,16937,476.13992,1515,4820.4844,2.9940956,5,204.87151,1.3590152432073437,1.1480987794245454,4636.352446224045,1.0203503,0.92865992,0.0,True,1.2574157602451406,1.0822671215971817
578,1654,462.26825,1515,4965.1367,3.998405,5,46.035511,1.3194381804973518,0.8708413035754617,3426.4063867545337,1.0558505,0.72599971,0.0,True,1.2403618763481463,0.8273888255028232
579,112083,524.53436,1515,4375.7383,3.9939566,6,45.873085,1.497081223363585,1.3867233367263776,6098.767713043193,1.1178175,1.1258031,0.0,True,1.3833021063545095,1.3084472657084643
580,0,414.94745,1515,5531.3633,2.02022,3,84.644028,1.184420659624793,0.0,287.61965504803885,1.0142022,0.0,0.0,True,1.1333551217373552,0.0
581,44277,496.87296,1515,4619.3398,4.021204,6,49.98587,1.4181666125762102,1.2677661976781747,5315.678996407556,1.0620265,1.1738311,0.0,True,1.3113245788033472,1.2395856683747222
582,22438,491.28766,1515,4671.8555,2.9862993,5,95.941231,1.4022320137474558,1.1856344247623016,4922.014727161039,1.0552931,1.0554963,0.0,True,1.298150339623219,1.1465929873336111
583,0,253.16908,1515,9065.9766,1.0104885,2,25.369026,0.722744455442201,0.0,175.48343400695524,0.79204535,0.0,0.0,True,0.7435347238095408,0.0
584,3790,379.91519,1515,6041.4141,4.0172191,5,49.625198,1.084458172364793,0.946421198776592,3130.747678652364,0.95598114,0.85898834,0.0,True,1.045915062655355,0.9201913411436144
585,0,253.33423,1515,9060.0664,1.0064588,2,25.328623,0.7232158230190877,0.0,175.5979072638247,0.79230809,0.0,0.0,True,0.7439435031133614,0.0
586,2752,379.15302,1515,6053.5586,4.0452676,6,49.600368,1.0822832776698124,0.9094660871394207,3003.198910747504,0.95473951,0.7166363,0.0,True,1.0440201473688686,0.8516171509975945
587,5480,304.04089,1515,7549.0664,4.035944,4,48.965076,0.8679343370268365,0.9641042713383194,2617.556515387841,0.86582869,0.91150987,0.0,True,0.8673026429187856,0.9483259509368236
588,50736,497.10287,1515,4617.2031,2.9892781,5,99.117126,1.4188226124392802,1.283972705316613,5385.826454480938,1.0611488,1.1740628,0.0,True,1.3115204687074962,1.250999733721629
589,2449,379.34836,1515,6050.4414,3.0810151,5,67.568916,1.0828406880122163,0.8961300859560424,2960.5299633691207,0.95417929,0.73320097,0.0,True,1.0442422686085515,0.8472513511692297
590,9146,380.60867,1515,6030.4062,2.0299301,4,59.15612,1.0864370853755871,1.0478013815993903,3471.642266876414,0.95513994,0.9556945,0.0,True,1.0470479417629108,1.0201693171195734
591,4657,452.15738,1515,5076.1641,2.0184681,4,137.46713,1.290590394613207,0.9898556751794653,3819.1726815420698,1.0591863,0.92001909,0.0,True,1.2211691662292448,0.9689046996256256
592,10065,461.02777,1515,4978.4961,2.9926133,5,229.53435,1.315898994425399,1.0826257514503383,4249.301266912867,1.1294097,1.2036639,0.0,True,1.2599522060977792,1.1189371960152368
593,0,452.27362,1515,5074.8594,0.98489046,2,51.821754,1.290922062905587,0.0,313.49218454464005,1.0591949,0.0,0.0,True,1.221403914033911,0.0
594,0,370.27853,1515,6198.6445,2.0155087,3,11.550742,1.056959451510181,0.0,256.6575190913811,,,,False,1.056959451510181,0.0
595,5101,370.61673,1515,6192.9883,4.0224023,5,205.90828,1.0579244854634546,0.9777511407572022,3164.1714201006384,1.0153828,0.75298983,0.0,True,1.0451619798244183,0.9103227475300415
596,0,460.92831,1515,4979.5703,2.0155087,3,13.545569,1.315615240786549,0.0,319.49115851676044,,,,False,1.315615240786549,0.0
597,10712,380.58896,1515,6030.7188,3.0077024,4,44.329559,1.086380788995108,1.0659490619653007,3531.6016394488047,0.95513952,0.97492176,0.0,True,1.0470084082965756,1.0386408713757105
598,19526,491.24905,1515,4672.2227,3.0074153,5,95.927933,1.4021218564809974,1.1691734791383555,4853.3463800563795,1.0552926,1.047117,0.0,True,1.2980730795366981,1.1325565353968488
599,403,358.48056,1515,6402.6484,3.0195513,4,44.026047,1.0232926775074211,0.6847072539496378,2152.2767979931095,0.91079009,0.44496298,0.0,True,0.9895419012551947,0.6127839717647465
600,0,290.91083,1515,7889.7891,2.000006,2,81.108856,0.8304618542998851,0.0,201.64402160885354,0.83123052,0.0,0.0,True,0.8306924540099196,0.0
601,2956,365.51511,1515,6279.4258,2.966342,5,191.3987,1.043366588797343,0.9138322621308242,2921.2949522946574,0.91549778,0.83197129,0.0,True,1.00500594615814,0.889273970491577
602,39751,497.03729,1515,4617.8125,3.025058,5,95.685226,1.4186354553847416,1.2550375087545451,5263.8438902291355,1.0611478,1.1669379,0.0,True,1.3113891587693192,1.2286076261281815
603,5280,358.48276,1515,6402.6094,3.0321095,4,53.307915,1.0232989087093463,0.9779737412916675,3072.935760973261,0.91079021,0.91488886,0.0,True,0.9895462990965423,0.9590482769041673
604,434,462.20459,1515,4965.8203,3.0809669,4,128.2532,1.3192566183864622,0.7138280441187931,2809.1141412538204,1.0064439,0.43455708,0.0,True,1.2254128028705236,0.6300467548831552
605,9975,468.41251,1515,4900.0078,3.0798113,5,38.815784,1.3369684580529677,1.083592191842564,4313.160061964601,1.0118077,0.97246718,0.0,True,1.2394202306370774,1.0502546882897947
606,17489,491.17188,1515,4672.957,3.0755363,5,96.433968,1.401901623850149,1.156114309583386,4798.475066922966,1.0552913,1.0394523,0.0,True,1.297918526695104,1.1211157067083701
607,238,369.22171,1515,6216.3867,4.0310712,4,104.15133,1.053943751958948,0.6269257147361078,2023.5708751688887,0.95529008,0.53402072,0.0,True,1.0243476503712636,0.5990542163152754
608,45896,481.24112,1515,4769.3867,2.0908747,4,18.800779,1.3735691994383143,1.2672246044253563,5165.727276152451,1.0583771,1.1590244,0.0,True,1.27901156960682,1.2347645430977494
609,4540,380.39554,1515,6033.7852,4.0302715,5,68.698334,1.0858288677552046,0.9672942144398202,3203.357525494614,0.95554596,0.93939245,0.0,True,1.0467439954286433,0.9589236851078742
610,5996,380.39801,1515,6033.7461,4.003396,6,82.241219,1.0858359018331836,0.9992412031410631,3309.1512777102207,0.95554608,0.93533576,0.0,True,1.0467489552832285,0.9800695701987442
611,8117,380.64172,1515,6029.8828,2.9997568,5,44.780918,1.086531357958351,1.0341021848469165,3426.522402917471,0.95572156,0.93340224,0.0,True,1.0472884185708458,1.0038922013928415
612,4335,380.3894,1515,6033.8828,3.0181136,5,62.879433,1.0858113099428672,0.9619860911592787,3185.737695570649,0.95534343,0.8422184,0.0,True,1.046670945960007,0.9260557838114951
613,44822,479.31635,1515,4788.5391,2.0668991,4,97.474876,1.3680777200481717,1.2638316723845753,5133.717282203661,1.0555147,1.1572688,0.0,True,1.2743088140337202,1.2318628106692027
614,0,304.42227,1515,7539.6094,2.0063243,2,49.779747,0.869022706178554,0.0,211.00943815015845,0.86723268,0.0,0.0,True,0.8684856983249878,0.0
615,1013,380.17551,1515,6037.2773,4.0111885,5,50.359428,1.0852010073671599,0.795025849353591,2631.8196719902303,0.95513344,0.79655832,0.0,True,1.046180737157012,0.7954855905475138
616,19516,463.75098,1515,4949.2617,3.0159202,4,344.17691,1.323668633740289,1.1612019316950288,4581.438780017075,1.0570638,1.0013776,0.0,True,1.2436871836182024,1.1132546321865202
617,1587,315.85626,1515,7266.6758,3.9957945,5,161.30257,0.9016538899326919,0.8289105343665525,2328.1323251852646,0.87034547,0.7396757,0.0,True,0.8922613639528842,0.8021400840565868
618,742,457.28195,1515,5019.2773,4.0057087,5,161.47203,1.305211685825362,0.7757540814147115,3023.567017888494,1.0559987,0.95637995,0.0,True,1.2304477900777533,0.829941841990298
619,48192,478.8074,1515,4793.6289,2.0494342,4,45.789291,1.3666257223801495,1.2722263602148718,5162.975315613421,1.054729,1.1559929,0.0,True,1.2730567056661046,1.2373563221504102
620,18725,478.42532,1515,4797.457,4.0063334,6,160.66805,1.3655356865848824,1.1605859973313373,4706.615110177438,1.0547414,1.0645773,0.0,True,1.2722974006094177,1.1317833881319361
621,4105,396.22238,1515,5792.7695,3.0144324,4,47.400002,1.1309905958691922,0.9602211691687998,3296.747754378379,0.95763689,0.84669363,0.0,True,1.0789844841084344,0.9261629074181599
622,4256,316.90393,1515,7242.6523,3.0019016,4,160.6368,0.9046438032270536,0.9401634190024933,2648.2250717847332,0.87008089,0.8575269,0.0,True,0.8942749292589375,0.9153724633017453
623,8240,396.22827,1515,5792.6836,1.9922705,4,21.73484,1.1310073615977274,1.040624765805608,3572.789641716567,0.95763719,0.92555958,0.0,True,1.0789963101184092,1.0061052100639256
624,44824,478.73483,1515,4794.3555,1.9971374,4,50.900356,1.3664186922194614,1.263656043018446,5127.5102730023245,1.0543416,1.1532239,0.0,True,1.2727955645536229,1.2305264001129121
625,12543,396.53363,1515,5788.2227,2.0126147,4,82.737709,1.1318787116304907,1.089207088309441,3742.1185813293473,0.95794445,0.95707148,0.0,True,1.0796984331413435,1.0495664058166088
626,1709,374.39944,1515,6130.418,3.0347528,4,47.515064,1.0687187027579694,0.8535506831057992,2787.341408638604,0.92136639,0.80526799,0.0,True,1.0245130089305787,0.8390658751740594
627,9582,468.51001,1515,4898.9883,4.0669641,6,208.5927,1.3372465732533214,1.0788888481897427,4295.229645268132,1.0135908,0.97316653,0.0,True,1.2401498412773249,1.04717215273282
628,3615,465.853,1515,4926.9297,3.9961793,5,48.219826,1.3296659130134523,0.9635477632196803,3816.9200782555804,1.0103806,0.88755602,0.0,True,1.2338803191094165,0.9407502402537762
629,35968,494.47324,1515,4641.7578,4.0651474,6,90.702728,1.4113203340901244,1.242425482206068,5187.24212120428,1.0588509,1.1646636,0.0,True,1.305579503863087,1.2190969175442476
630,0,363.87402,1515,6307.7461,1.0176326,2,47.13142,1.0386836024558295,0.0,252.21825104201312,0.91338605,0.0,0.0,True,1.0010943367190808,0.0
631,5860,468.37106,1515,4900.4414,4.0797997,6,166.57986,1.3368502089040006,1.0209919282225255,4063.702592640511,1.0131601,0.92515773,0.0,True,1.2397431762328004,0.9922416687557679
632,14806,487.99533,1515,4703.375,3.001909,5,90.814774,1.3928390000222344,1.135535811209052,4686.181507225898,1.0521152,1.0300487,0.0,True,1.2906218600155641,1.1038896778463365
633,15268,469.05829,1515,4893.2617,3.0709558,5,96.901604,1.338810917857491,1.1338656084481005,4518.741236952008,1.013767,1.0089399,0.0,True,1.2412977425002438,1.0963878959136704
634,20501,470.80066,1515,4875.1523,2.0234518,4,75.560654,1.3437820692475857,1.1690611993749171,4674.2626669572255,1.0155307,1.0328511,0.0,True,1.24530665847331,1.128198169562442
635,42513,492.96857,1515,4655.9258,3.0257301,5,96.122002,1.4070275249403117,1.2617697280001674,5253.8678625206985,1.0573359,1.169122,0.0,True,1.3021200374582182,1.2339754096001172
636,72,376.2688,1515,6099.9609,3.9479775,4,159.33566,1.0740530654219074,0.4922210757015434,1619.4854077418213,0.95324701,0.60974151,0.0,True,1.037811248795335,0.5274772059910804
637,2750,294.65167,1515,7789.6211,3.0114057,4,49.706455,0.8411381566962517,0.8838053087526575,2333.6657411399783,0.91594565,0.86377603,0.0,True,0.8635804046873763,0.8777965251268602
638,0,246.72885,1515,9302.6211,0.99840754,1,101.04456,0.7043628901481674,0.0,171.01940674029765,0.83406782,0.0,0.0,True,0.7432743691037171,0.0
639,0,365.32898,1515,6282.625,2.0129981,3,76.566116,1.042835461102233,0.0,253.22675246384065,,,,False,1.042835461102233,0.0
640,13710,365.67389,1515,6276.6992,3.985271,5,47.258331,1.043819683180494,1.0892932465849061,3483.4192179987035,1.0156537,0.83869839,0.0,True,1.0353698882263458,1.0141147896094342
641,2750,295.54688,1515,7766.0273,2.99119,4,46.636063,0.8436929424449399,0.884104482173514,2340.7558788206024,0.9159928,0.86380386,0.0,True,0.865382899711458,0.8780142955214598
642,0,247.67171,1515,9267.207,0.99232823,1,29.646509,0.7070539917524359,0.0,171.6729474909604,0.83239585,0.0,11.142857364852253,True,0.7446565492267051,0.0
643,36141,477.87555,1515,4802.9766,2.0221112,4,45.324394,1.3639670606782188,1.2379909001904614,5015.417904600918,1.0527993,1.1521845,0.0,True,1.2706167324747533,1.212248980133323
644,0,-1.0,1,-1.0,0.0,0,62.915932,1.0,0.0,-0.6931471805599453,0.83239585,0.0,9.758306440675407,True,0.949718755,0.0
645,5470,476.8269,1515,4813.5391,1.9974242,4,37.882538,1.360975307983611,1.015024600804395,4104.2396012408335,1.0516465,1.1506948,0.0,True,1.2681766655885278,1.0557256605630765
646,0,363.47134,1515,6314.7344,2.0000305,2,36.711468,1.0375344908802278,0.0,251.93913453534526,0.94578665,0.81269741,12.36914651110991,True,1.0100101386161593,0.24380922300000002
647,0,476.82538,1515,4813.5547,1.0086461,2,26.945042,1.3609708991011193,0.0,330.5101677664245,1.0516464,1.1478721,8.919303572422095,True,1.2681735493707835,0.3443616300000001
648,14744,396.81937,1515,5784.0547,3.0183227,5,108.8573,1.1326940634919371,1.1079579450563568,3808.960855921153,0.95796901,0.97928619,0.0,True,1.080276547444356,1.0693564185394497
649,0,302.59991,1515,7585.0156,1.9713527,2,56.234642,0.8638218444851519,0.0,209.7462744541932,0.84192717,0.0,0.0,True,0.8572534421396063,0.0
650,16776,396.82877,1515,5783.918,2.997515,5,49.865578,1.1327208248941,1.122863374731425,3860.280346745845,0.95796937,0.97989029,0.0,True,1.0802953884258701,1.0799714493119974
651,3716,375.11792,1515,6118.6758,3.0023565,5,48.994564,1.0707689843218982,0.9427818366696389,3083.8223514880847,0.92255265,0.89520413,0.0,True,1.0263040840253288,0.9285085246687472
652,23922,396.82877,1515,5783.918,2.0127685,4,47.908615,1.1327208248941,1.1638211137473902,4001.0806050061733,0.95796937,1.0000579,0.0,True,1.0802953884258701,1.1146921496231732
653,35008,492.79077,1515,4657.6055,3.976671,5,44.9655,1.4065203180246957,1.238721855328707,5156.2615289933265,1.0012321,0.87768722,0.0,True,1.284933852617287,1.130411464730095
654,16637,477.59821,1515,4805.7656,4.0142994,6,96.359329,1.3631758190810346,1.146404831981821,4642.018006886783,1.053853,1.0593315,0.0,True,1.2703789733567241,1.1202828323872747
655,42909,492.78085,1515,4657.6992,4.0121179,6,215.24664,1.406492034878479,1.262810494214062,5256.43590926123,1.0012336,0.96828854,0.0,True,1.2849145044149353,1.1744539079498435
656,2493,377.55167,1515,6079.2344,4.032783,6,82.849701,1.0777137302468756,0.8976849253407521,2953.2257781039743,0.92402637,0.93943155,0.0,True,1.031607522172813,0.9102089127385264
657,48359,492.69244,1515,4658.5352,4.0670567,6,196.93092,1.4062397403906788,1.276938613012243,5314.401868252243,1.0011497,0.9881224,0.0,True,1.2847127282734752,1.19029374910857
658,5898,458.97903,1515,5000.7188,3.9072068,4,152.23895,1.3100536071964752,1.0193240987013956,3985.1807257422606,1.0563453,0.89124322,0.0,True,1.2339411150375326,0.9808998350909769
659,7303,466.45581,1515,4920.5625,4.0226288,6,138.79639,1.331385799515927,1.0463890426906253,4149.737504102223,1.0565521,0.9174403,0.0,True,1.248935689661149,1.0077044198834377
660,713,358.5683,1515,6401.082,3.0064611,4,47.340427,1.02354300784054,0.7496993394751965,2356.612178453468,0.94981742,0.73959786,0.0,True,1.001425331488378,0.7466688956326376
661,57,314.81918,1515,7290.6133,2.9991467,3,139.24239,0.8986942732490177,0.45649861132121383,1283.6869945096948,0.88147992,0.3014656,0.0,True,0.8935299672743124,0.4099887079248497
662,643201,653.15283,1515,3514.0703,3.0118203,5,87.074409,1.8639643836841435,1.6379161993149838,8735.406808022348,1.1910782,1.3987231,0.0,True,1.6620985285789005,1.5661582695204888
663,49203,472.37256,1515,4858.9297,4.0040035,5,184.45953,1.3482667337751504,1.2726454837985361,5103.39529230819,1.0582632,0.99647909,0.0,True,1.2612656736426053,1.1897955656589754
664,2195,358.82602,1515,6396.4844,3.9925799,5,50.639519,1.0242784697153626,0.8779571848126183,2761.1117083184417,0.95018876,0.83549643,0.0,True,1.0020515568007538,0.8652189583688328
665,19233,461.64355,1515,4971.8555,3.0023279,4,45.491871,1.317655852633761,1.1588650301647592,4553.876712290842,1.0567949,1.0117127,0.0,True,1.2393975668436328,1.1147193311153314
666,646556,653.4165,1515,3512.6523,1.9981481,4,117.78156,1.8647164072900244,1.6386342704236327,8742.332603794888,1.1911141,1.3987886,0.0,True,1.662635715103017,1.566680569296543
667,8377,466.45322,1515,4920.5898,4.0053649,5,45.444523,1.3313784158350186,1.062524612493483,4213.69763180238,1.0565521,0.94923997,0.0,True,1.248930521084513,1.0285392197454382
668,650595,653.64331,1515,3511.4336,2.0146928,4,14.293354,1.8653632189689373,1.639466596208294,8749.437749992929,1.1911513,1.3988104,0.0,True,1.663099643278256,1.5672697373458058
669,13610,467.13187,1515,4913.4414,2.9320931,5,40.871666,1.333314605221338,1.1197944179493189,4446.491417531699,1.057369,0.99384123,0.0,True,1.2505309236549367,1.0820084615645231
670,14650,429.04095,1515,5349.6641,4.0867114,6,81.454155,1.224633999306799,1.117282840028133,4115.503287153018,1.0159384,0.89408308,0.0,True,1.1620253195147594,1.050322912019693
671,1324,395.4267,1515,5804.4258,3.9917011,4,205.54854,1.1287201516860201,0.8294977216448183,2843.0871972348514,1.0173388,0.78242511,0.0,True,1.0953057461802143,0.8153759381513728
672,10309,460.14215,1515,4988.0781,2.022099,4,45.183205,1.3133721914552041,1.085194088898655,4252.158223535543,1.0502596,0.97103542,0.0,True,1.2344384140186428,1.0509464882290587
673,8912,421.19623,1515,5449.3008,3.0023656,4,84.370209,1.202250627910612,1.0571228529667704,3830.9390729205456,1.0084524,0.83327812,0.0,True,1.1441111595374283,0.9899694330767393
674,8954,455.52853,1515,5038.5977,1.9085568,3,17.726505,1.3002088640657874,1.0673849581787203,4145.3455996040775,1.0417033,0.85370255,0.0,True,1.2226571948460512,1.003280235725104
675,11058,460.33862,1515,4985.9492,2.0078177,4,81.18187,1.3139327501029123,1.093484566603896,4286.254447924056,1.0506061,0.98520058,0.0,True,1.2349347550720386,1.0609993706227272
676,16019,467.63263,1515,4908.1797,4.1067581,6,147.24159,1.3347433719644968,1.139108869291768,4527.458089989957,1.0582335,1.0065577,0.0,True,1.2517904103751478,1.0993435185042375
677,929,353.89099,1515,6485.6836,3.0194342,3,43.355347,1.010195659006802,0.7786886169248459,2419.290563532266,0.94557428,0.78920949,0.0,True,0.9908092453047614,0.7818448788473922
678,0,288.64584,1515,7951.6992,1.9498436,2,163.90883,0.8239976952773901,0.0,200.0740501763571,0.86000741,0.0,0.0,True,0.8348006096941731,0.0
679,272,351.79126,1515,6524.3945,2.9657683,3,43.015835,1.004203746759351,0.6386182900223888,1974.6494090876736,0.94152147,0.60389298,0.0,True,0.9853990637315457,0.6282006970156722
680,335,395.30194,1515,5806.2578,3.999012,4,204.75737,1.1283641386802117,0.6711632044887215,2300.6900733291736,1.0169708,0.61314023,0.0,True,1.0949461370761482,0.6537563121421051
681,2465,465.32581,1515,4932.5117,4.0269051,6,243.58742,1.3281617732773074,0.9184099619649952,3634.547347288097,1.0576988,0.86971158,0.0,True,1.2470228812941153,0.9038004473754966
682,12336,455.51581,1515,5038.7383,2.036139,4,85.880325,1.3001725976787213,1.1049617386268138,4291.158997193952,1.0417031,0.97652352,0.0,True,1.2226317483751048,1.0664302730387696
683,12883,460.21677,1515,4987.2695,2.0555987,4,40.942566,1.3135850468148935,1.1113880215300247,4355.408268691085,1.0505759,0.99895167,0.0,True,1.2346823027704255,1.077657116071017
684,0,361.43674,1515,6350.2812,2.0194316,3,36.482635,1.0317285402493863,0.0,250.528857281778,0.95164609,0.0,0.0,True,1.0077038051745704,0.0
685,3621,385.71689,1515,5950.543,2.9690075,4,41.029804,1.1010134340448479,0.9428238715044527,3160.97216590263,0.96511215,0.85855407,0.0,True,1.0602430488313934,0.9175429310531169
686,4336,396.17697,1515,5793.4336,4.0329847,5,206.28543,1.1308609954101831,0.9665250974887591,3318.0489553924954,1.0170666,0.92004925,0.0,True,1.096722676787128,0.9525823432421314
687,15356,457.77682,1515,5013.8516,2.0209734,4,32.653473,1.3066235471818228,1.1313022986183563,4412.690120310176,1.0452522,1.0075299,0.0,True,1.2282121430272759,1.0941705790328493
688,290,361.30539,1515,6352.5898,3.9702837,5,83.875671,1.0313537169196383,0.6478548553072025,2051.0417464625243,0.951276,0.45256472,0.0,True,1.0073304018437468,0.5892678147150417
689,16340,463.26031,1515,4954.5039,3.086009,5,39.386475,1.3222686679878577,1.1401836774312542,4494.317006695025,1.0543537,1.0189874,0.0,True,1.2418941775915004,1.103824794201878
690,16342,461.30539,1515,4975.5,2.0593724,4,54.743595,1.3166910717688842,1.1396320026749427,4475.407815477253,1.0502344,1.0178074,0.0,True,1.236754070238219,1.1030846218724597
691,2897,396.22534,1515,5792.7266,3.9766977,6,79.808075,1.1309989689124629,0.9200103961744961,3158.756404828167,1.0170677,0.87495756,0.0,True,1.096819588238724,0.9064945453221473
692,646833,653.91168,1515,3509.9922,1.9977562,4,36.710289,1.866128805676055,1.6388386578743095,8749.237914580512,1.1911926,1.3988734,0.0,True,1.6636479439732386,1.5668490805120165
693,5957,415.60724,1515,5522.582,4.0260797,6,219.17867,1.1863032913131928,1.0087437640929404,3612.7315833300804,1.0159853,0.87299013,0.0,True,1.135207893919235,0.9680176738650583
694,17313,479.54791,1515,4786.2266,4.0004358,5,46.057503,1.3687384406012908,1.1516553750014462,4680.06556447948,1.0579275,1.0202643,0.0,True,1.2754951584209036,1.1122380525010123
695,641884,653.89496,1515,3510.082,2.0031269,4,91.580002,1.8660810908542629,1.6378927748219152,8743.991949598223,1.1911925,1.398831,0.0,True,1.663614513597984,1.5661742423753406
696,26359,478.26917,1515,4799.0234,2.1731572,4,58.1371,1.3650901617620987,1.200879083544643,4868.608415697927,1.0247425,0.9700107,0.0,True,1.2629858632334692,1.13161856848125
697,650401,653.85425,1515,3510.3008,3.0147548,5,90.299805,1.8659648426836395,1.639494804150318,8752.0663177465,1.1911918,1.3988187,0.0,True,1.6635329298785475,1.5672919729052226
698,16122,479.58237,1515,4785.8828,4.2108917,6,47.10873,1.368836724601868,1.1432549168283141,4646.224753413582,1.0579311,1.011732,0.0,True,1.2755650372213077,1.1037980417798199
699,28342,479.03772,1515,4791.3242,3.0818796,5,117.80269,1.3672828159066772,1.2096646490936618,4911.17645157199,1.0255699,0.98641592,0.0,True,1.264768941134674,1.1426900303655632
700,6904,415.72427,1515,5521.0273,4.0112472,6,218.37282,1.1866372287766207,1.0258955751446237,3675.0631918042473,1.0163493,0.91960919,0.0,True,1.1355508501436344,0.9940096596012367
701,43456,504.28055,1515,4551.4844,4.0034599,6,45.27676,1.4392999369295347,1.2677700693006968,5385.489465463371,1.0576624,1.0243347,0.0,True,1.324808675850674,1.1947394585104878
702,0,292.17047,1515,7855.7734,2.0172811,2,60.942051,0.834056860144328,0.0,202.5171375233741,0.86663347,0.0,0.0,True,0.8438298431010296,0.0
703,5202,462.02762,1515,4967.7227,1.9818783,4,11.848528,1.3187516095675964,1.00536581135483,3953.654821300198,1.0542274,0.93444824,0.0,True,1.2393943466973174,0.984090539948381
704,11726,466.89206,1515,4915.9648,3.0267482,4,46.973618,1.332630483595495,1.102201006733644,4374.654606933304,1.0565622,0.997572,0.0,True,1.2498099985168465,1.070812304713551
705,639092,654.14758,1515,3508.7266,3.0430532,5,81.671234,1.8668015361064063,1.6374362347602696,8744.518486046049,1.1913232,1.3986533,0.0,True,1.6641580352744842,1.5658013543321887
706,470,360.22556,1515,6371.6328,3.0191727,4,30.073559,1.0282722609513402,0.7026028131656684,2217.9012029907885,0.95309728,0.49307561,0.0,True,1.005719766665938,0.6397446522159679
707,147,375.49286,1515,6112.5664,3.6610265,5,33.607624,1.0718388485779828,0.573167306210372,1878.9461097058954,0.97310799,0.38293973,0.0,True,1.0422195910045882,0.5160990333472605
708,2373,462.96976,1515,4957.6133,2.1254146,4,24.535965,1.3214396795269545,0.913394237537576,3598.5494596828817,1.0544888,0.86164439,0.0,True,1.241354415668868,0.8978692832763031
709,586,388.88062,1515,5902.1328,3.5303838,5,16.595209,1.1100410562800385,0.7341473058780934,2479.7855290695256,0.99068749,0.79017818,0.0,True,1.074234986396027,0.7509565681146654
710,4584,361.30939,1515,6352.5195,2.9759805,4,37.183456,1.0313651267778186,0.9627120475934501,3046.114004201791,0.95461106,0.91183054,0.0,True,1.008338906744473,0.947447595315415
711,6542,464.11987,1515,4945.3281,3.0559425,4,35.294361,1.3247210771668088,1.032837947101351,4077.898213769008,1.0564263,0.96024317,0.0,True,1.2442326440167661,1.0110595139709457
712,19614,476.87762,1515,4813.0273,3.0261552,5,207.12576,1.3611199690871163,1.1656125136555022,4713.506483816397,1.021433,0.94483751,0.0,True,1.2592138783609814,1.0993800125588515
713,107854,524.59991,1515,4375.1914,4.0373187,6,48.745972,1.4972682733795057,1.3821567979527971,6079.353484740998,1.1178203,1.1227041,0.0,True,1.383433881365654,1.3043209885669578
714,25221,477.43561,1515,4807.4023,3.0550766,5,43.151558,1.3627119132308023,1.1954271245742027,4839.054142236803,1.022875,0.95651954,0.0,True,1.2607608392615615,1.123754849201942
715,98472,525.17285,1515,4370.418,4.0372429,6,192.06201,1.4989028518612864,1.3714810987267338,6038.199963429022,1.117839,1.1195319,0.0,True,1.3845836963029003,1.2958963391087135
716,0,366.18689,1515,6267.9062,1.9873254,3,42.835201,1.0452835498128539,0.0,253.82141036151484,0.92157269,0.0,0.0,True,1.0081702918689976,0.0
717,47,367.52197,1515,6245.1367,3.9693527,4,190.05412,1.0490933886126776,0.4429272227780598,1430.3294628476046,0.9239772,0.31195253,0.0,True,1.0115585320288742,0.4036348149446418
718,12588,469.88992,1515,4884.6016,4.0653639,6,206.00563,1.3411835762771456,1.1113810694289334,4436.070092061421,1.0148044,0.99088085,0.0,True,1.2432698233940018,1.0752310036002535
719,2191,366.15881,1515,6268.3867,3.9816456,5,91.326576,1.0452034496898925,0.8797789515993327,2816.8691533400533,0.92157209,0.85971057,0.0,True,1.0081140417829246,0.8737584371195328
720,13209,470.92444,1515,4873.8711,3.0326195,5,43.502499,1.3441351658639256,1.1173386560218947,4468.510225574735,1.0182526,0.99704283,0.0,True,1.2463703961047479,1.0812499082153264
721,13652,474.37817,1515,4838.3867,2.1821549,4,55.856831,1.353988888889729,1.1221877912732796,4516.92827073324,1.0234243,1.0150646,0.0,True,1.2548195122228103,1.0900508338912958
722,2596,398.50739,1515,5759.5547,3.6156788,5,20.914043,1.1375106461680597,0.9079557185073047,3133.2632369506596,1.0102361,0.88322365,0.0,True,1.0993282823176418,0.9005360979551134
723,61,386.63058,1515,5936.4805,5.4389935,6,26.694324,1.103620666891071,0.4749632118043654,1601.8625822828997,0.98471141,0.30006421,0.0,True,1.0679478898237498,0.4224935112630558
724,642973,654.28308,1515,3508.0,2.0241823,4,53.422291,1.8671879799799491,1.6382193564183618,8750.29104653513,1.19147,1.3987319,0.0,True,1.6644725859859644,1.5663731194928532
725,3218,403.36737,1515,5690.1602,3.5682724,5,30.100182,1.151378313233282,0.9340588218357804,3258.0533630178966,1.0310366,0.92115301,0.0,True,1.1152757992632973,0.9301870782850463
726,2908,457.67447,1515,5014.9727,4.7619343,5,35.943226,1.3063315671878424,0.9360133056265783,3650.3696315073316,1.0550901,0.8631373,0.0,True,1.2309591270314897,0.9141505039386048
727,867,411.48822,1515,5577.8633,5.3452997,6,26.631783,1.1745502456537997,0.7842951501429133,2784.681976744693,1.019789,0.80719554,0.0,True,1.1281218719576598,0.7911652671000393
728,11028,466.96964,1515,4915.1484,2.9845231,4,32.331345,1.3328517418204464,1.095003616929204,4346.728108181558,1.0586669,0.986417,0.0,True,1.2505962892743123,1.0624276318504426
729,4524,460.29752,1515,4986.3945,4.6254692,5,34.36552,1.3138154590078273,0.9885265788285664,3874.5975625641718,1.0583394,0.88431615,0.0,True,1.237172641305479,0.9572634501799966
730,2198,414.27075,1515,5540.3984,3.944716,5,23.450567,1.182489842254866,0.8927417524718273,3188.315782261516,1.0203943,0.83337694,0.0,True,1.1338611795784062,0.8749323087302792
731,643622,654.46454,1515,3507.0273,2.0631804,4,69.11853,1.8677055632281974,1.6383985449646257,8753.37813140766,1.1916301,1.3987247,0.0,True,1.664882924259738,1.566496391475238
732,2299,396.3801,1515,5790.4648,4.0696092,5,24.312475,1.1314405932565392,0.8933783929284153,3068.4176314181277,0.99609274,0.86303854,0.0,True,1.0908362372795775,0.8842764370498908
733,9457,460.56955,1515,4983.4492,2.5686131,4,16.157043,1.3145916339353374,1.0751821508320833,4216.386168063663,1.0580419,0.94944268,0.0,True,1.237626713754736,1.0374603095824584
734,90558,531.26318,1515,4320.3164,3.1257854,5,56.1693,1.5162772002830753,1.3633611346290333,6063.714626849247,1.1413206,1.2976424,0.0,True,1.403790220198153,1.3436455142403232
735,645755,654.87958,1515,3504.8047,1.9904827,4,31.536219,1.8688893081869147,1.6389310078023795,8761.095950648954,1.1918069,1.3987633,0.0,True,1.6657645857308403,1.5668806954616656
736,11083,460.93048,1515,4979.5469,2.5668161,4,16.146717,1.3156214206734902,1.093914722504268,4292.806020303795,1.0587434,0.96885353,0.0,True,1.2385580144714432,1.0563963647529877
737,646834,654.89709,1515,3504.7109,2.0017464,4,36.280315,1.8689392985688158,1.63914090619056,8762.423561600715,1.1918072,1.3988616,0.0,True,1.665799668998171,1.567057114333392
738,647582,655.00952,1515,3504.1094,3.0249176,5,29.144434,1.8692599294618764,1.6393169339355824,8764.684872141876,1.1918681,1.3989398,0.0,True,1.6660423806233133,1.5672037937549077
739,8241,415.79605,1515,5520.0742,4.0111575,6,301.18051,1.1868420402119226,1.0464573301111222,3749.282726324884,1.0170752,0.95011598,0.0,True,1.135911988148346,1.0175549250777856
740,72475,530.10712,1515,4329.7383,4.0249071,6,49.97216,1.5129791681389482,1.336406837733065,5932.441793589538,1.140669,1.2911977,0.0,True,1.4012861176972637,1.3228440964131454
741,636921,655.29004,1515,3502.6094,3.0138531,5,205.69318,1.8700599872070256,1.6373690965984384,8757.560863273271,1.1919379,1.3996288,0.0,True,1.666623361044918,1.566047007618907
742,34703,479.25027,1515,4789.1992,3.7924616,6,218.37856,1.367889235273211,1.23361948861237,5010.388586398081,1.0258949,1.0029813,0.0,True,1.2652909346912478,1.1644280320286589
743,41192,504.25327,1515,4551.7305,4.0164452,6,48.701183,1.439222151976192,1.261410548356565,5358.219397556897,1.0576619,1.0154494,0.0,True,1.3247540763833343,1.1876222038495956
744,8008,471.45987,1515,4868.3359,2.6195707,4,74.783867,1.3456627929358262,1.0585549954962534,4237.691601549836,1.0371131,0.99004811,0.0,True,1.2530978850550785,1.0380029298473774
745,7107,448.91257,1515,5112.8555,1.3062785,3,32.139595,1.281332348436749,1.0385096515112475,3981.4580459147496,0.998528,0.97471654,0.0,True,1.1964910439057241,1.0193717180578732
746,29,375.54446,1515,6111.7266,2.2600539,3,95.925941,1.0719860796080776,0.3901146762861934,1289.614870355284,0.93717498,0.27209151,0.0,True,1.0315427497256542,0.3547077264003354
747,33,372.08615,1515,6168.5312,2.2749426,3,98.569656,1.0621176033806652,0.4040422578267942,1322.895772109559,0.93365622,0.26182848,0.0,True,1.0235791883664658,0.36137812447875595
748,38564,504.35672,1515,4550.7969,3.989145,6,94.612053,1.439517279966875,1.2536153399147298,5326.070682760284,1.0576932,1.0072399,0.0,True,1.3249700559768123,1.1797027079403108
749,408,447.27402,1515,5131.5859,3.9399321,5,234.66711,1.2766572796083184,0.7038726560565723,2690.8707977700647,1.0212692,0.66290575,0.0,True,1.2000408557258229,0.6915825842396006
750,6476,445.78128,1515,5148.7695,3.2843118,5,90.998032,1.2723981940425835,1.0267830389383839,3912.2510032120954,0.99199849,0.96023643,5.00003807246685e-07,True,1.1882782828298084,1.0068190562568686
751,15651,474.78641,1515,4834.2266,3.0102897,5,118.93301,1.3551535839386892,1.1384068557260145,4585.685547198863,1.0238376,1.0277454,5.00120222568512e-07,True,1.2557587887570825,1.10520841900821
752,33025,504.06857,1515,4553.3984,4.022541,6,93.591103,1.4386951994647978,1.2351252352959954,5244.8741430029695,1.0572903,0.99256068,0.0,True,1.3242737296253584,1.1623558687071966
753,17696,475.30374,1515,4828.9648,3.8824253,6,219.4455,1.3566295928568184,1.1530284880376016,4649.044229757186,1.0242541,1.0393909,5.00003807246685e-07,True,1.2569169449997728,1.1189372116263212
754,37006,479.29443,1515,4788.7578,4.0087209,6,301.4567,1.3680152667558398,1.241214580046875,5041.645091763185,1.0262614,1.0096623,0.0,True,1.2654891067290879,1.1717488960328124
755,0,415.8696,1515,5519.0977,2.0071235,3,45.41407,1.1870519534058637,0.0,288.2588407205922,1.0174513,0.0,0.0,True,1.1361717573841046,0.0
756,66423,530.1449,1515,4329.4297,3.9992175,6,43.75824,1.5130869628865549,1.3260052309570038,5886.638193221712,1.1406696,1.2894845,0.0,True,1.4013617540205883,1.3150490116699027
757,37289,479.28232,1515,4788.8789,4.0053,6,227.34152,1.3679806871615188,1.2421098048674837,5045.168835282415,1.0257334,1.0318159,0.0,True,1.265306501013063,1.1790216334072385
758,5352,446.70615,1515,5138.1094,4.0236211,6,301.80392,1.2750370273694216,1.00472652362895,3835.2399748318967,1.0222403,0.84691614,0.0,True,1.1991980091585952,0.957383408540265
759,61305,530.12286,1515,4329.6094,3.999213,6,94.317879,1.5130241913616729,1.3164236171185937,5843.888498741369,1.1406695,1.2865556,0.0,True,1.401317783953171,1.3074632119830156
760,9293,446.71768,1515,5137.9766,3.9976487,6,227.12262,1.275069970110296,1.0692950361902123,4081.7630360594762,1.0219173,0.90191853,0.0,True,1.1991241690772072,1.0190820843331485
761,21360,475.17996,1515,4830.2227,4.0249043,6,301.29086,1.3562764418389948,1.1751746175276125,4737.244325414719,1.0245976,1.0478729,0.0,True,1.2567727892872964,1.1369841022693288
762,56038,530.11664,1515,4329.6602,4.0136862,6,94.61377,1.513006447211538,1.3056944612179981,5796.200451120492,1.1406693,1.2856245,0.0,True,1.4013053030480767,1.2996734728525987
763,20296,475.18878,1515,4830.1328,3.9962914,6,228.23927,1.3563016748483445,1.1691542977503868,4713.054250506666,1.0241716,0.99752539,0.0,True,1.2566626523938411,1.1176656254252708
764,70727,531.72229,1515,4316.5859,3.972311,5,38.477917,1.5175869975701122,1.3339756828237965,5937.535946754558,1.1520258,1.3020926,0.0,True,1.4079186382990787,1.3244107579766575
765,3497,438.13696,1515,5238.6016,3.5101001,4,22.128942,1.2505873008414952,0.9527770122852123,3575.2994570992023,1.0474242,0.85247946,0.0,True,1.1896383705890465,0.9226877465996486
766,0,386.21942,1515,5942.8008,1.0868676,2,68.1269,1.1024473367937948,0.0,267.7069020504974,1.0273798,0.0,0.0,True,1.0799270757556565,0.0
767,78610,531.97699,1515,4314.5195,0.53121859,3,29.816647,1.5183134953356796,1.3466761442327686,5996.593392538091,1.15203,1.3024741,0.0,True,1.4084284467349757,1.333415530962938
768,7151,284.48294,1515,8068.0586,2.0877984,4,64.211952,0.8121167558473021,0.9865615744316681,2524.8677755484296,0.93992341,0.9569791,0.0,True,0.8504587520931115,0.9776868321021677
769,0,244.81532,1515,9375.332,1.7262721,2,51.919952,0.6989013303282449,0.0,169.6930488158808,0.864416,0.0,0.0,True,0.7485557312297714,0.0
770,80527,531.97699,1515,4314.5195,1.9946359,4,193.35965,1.5183134953356796,1.3495545259970594,6009.410318658736,1.1413274,1.3019918,0.0,True,1.4052176667349756,1.3352857081979415
771,3110,270.89554,1515,8472.7305,1.5088384,3,98.726669,0.7733378435726801,0.8891910642994001,2178.818485954156,0.91473848,0.90930706,0.0,True,0.8157580345008761,0.8952258630095801
772,1773,254.47893,1515,9019.3125,0.85600746,2,33.804844,0.726482960182304,0.8214140370151606,1903.8982897573326,0.88232416,0.87922978,0.0,True,0.7732353201276128,0.8387587599106123
773,456,236.27536,1515,9714.1953,0.96055424,2,47.672726,0.6745263559831512,0.667056776545848,1447.6282221494855,0.84401613,0.83184439,0.0,True,0.7253732881882058,0.7164930605820936
774,243,231.41403,1515,9918.2617,2.2546589,3,21.380577,0.6606508989303802,0.5973601550546963,1273.0683325727439,0.82439041,0.75834382,0.0,True,0.7097727522512661,0.6456552545382874
775,308,337.27966,1515,6805.1094,2.9626656,3,79.125038,0.9627919024967662,0.6496063783117012,1934.8291540592006,0.9199928,0.6113466,0.0,True,0.9499521717477363,0.6381284448181908
776,16,353.36978,1515,6495.25,2.9006395,3,148.97429,1.0087082703804873,0.3227156100934845,1021.3700322059809,0.94289905,0.21051702,0.0,True,0.9889655042663411,0.28905603306543914
777,0,450.28036,1515,5097.3242,0.99095982,2,10.961595,1.2852349748089407,0.0,312.1105619955172,1.0415665,0.0,0.0,True,1.2121344323662584,0.0
778,0,356.54803,1515,6437.3516,2.016854,3,3.7831457,1.017777909460577,0.0,247.14026172870277,,,,False,1.017777909460577,0.0
779,0,414.41013,1515,5538.5352,2.016854,3,12.723723,1.182887496090562,0.0,287.24721320498037,,,,False,1.182887496090562,0.0
780,2273,355.99286,1515,6447.3906,4.0401664,6,51.494011,1.0161936555260929,0.8811431079649085,2751.730587662812,1.006313,0.95830339,0.0,True,1.013229458868265,0.9042911925754359
781,0,288.7663,1515,7948.3828,2.028405,3,49.515381,0.8243414153252622,0.0,200.15754668572734,0.90889877,0.0,0.0,True,0.8497086217276835,0.0
782,5049,355.68341,1515,6453.0,3.9921429,6,50.054417,1.0153105824523039,0.9720017939837483,3033.0339109460283,1.0067967,0.98816568,0.0,True,1.0127564177166126,0.9768509597886238
783,0,349.31421,1515,6570.6602,1.9900368,3,86.440781,0.9971350427836846,0.0,242.12615979102463,,,,False,0.9971350427836846,0.0
784,0,298.78918,1515,7681.7539,1.8064288,2,31.31875,0.8529463456305676,0.0,207.10487769881797,0.90056568,0.0,0.0,True,0.8672321459413973,0.0
785,1158,287.76486,1515,7976.043,3.1930234,4,188.19768,0.8214833900656616,0.7852696224694983,2030.5192927646149,0.87978858,0.77273554,0.0,True,0.8389749470459631,0.7815093977286488
786,13862,355.06912,1515,6464.1641,3.1742244,5,29.780289,1.0135576067006435,1.0868979809442496,3386.312246098848,0.97651118,0.95982593,0.0,True,1.0024436786904505,1.0487763656609748
787,0,297.1748,1515,7723.4844,1.9969127,2,28.108879,0.8483390128558956,0.0,205.98587475346562,0.90237224,0.0,0.0,True,0.8645489809991269,0.0
788,3837,349.2511,1515,6571.8477,3.1736879,5,80.987389,0.9969549202865805,0.9387669654348626,2882.357871117943,0.96654582,0.90071416,0.0,True,0.9878321902006064,0.9273511238044039
789,95571,444.23666,1515,5166.6719,2.8485413,5,81.701477,1.267991069375021,1.341155331301264,5094.348593788212,1.0716428,1.122118,0.0,True,1.2090865885625146,1.2754441319108847
790,15815,369.56729,1515,6210.5742,2.9864094,4,66.921684,1.0549298243761212,1.1069651041497215,3573.287214274808,0.99894112,0.96442914,0.0,True,1.0381332130632848,1.064204314904805
791,6442,273.33145,1515,8397.2227,1.6248337,3,33.335018,0.7802900391877478,0.9706436973171608,2397.364111570542,0.85644609,0.89340478,0.0,True,0.8031368544314235,0.9474720221220125
792,9047,289.71127,1515,7922.457,1.328647,3,104.9462,0.8270383459370934,1.0147545317130404,2639.3883161272643,0.88237143,0.92629749,0.0,True,0.8436382711559653,0.9882174191991282
793,123105,445.90948,1515,5147.2891,2.3297939,4,18.32304,1.27276400342906,1.3713658802566717,5226.419924356108,1.0734229,1.1446151,0.0,True,1.2129616724003418,1.3033406461796702
794,298,345.29245,1515,6647.1914,3.1401103,4,71.523964,0.9856581673569543,0.647600992991951,1969.4730249411023,0.96149009,0.81722575,0.0,True,0.978407744149868,0.6984884200943656
795,99,327.63879,1515,7005.3516,3.0040421,4,50.30373,0.9352791445101201,0.5200727429683634,1512.0925018420448,0.92051876,0.28556886,0.0,True,0.9308510291570841,0.44972157807785434
796,20261,415.78516,1515,5520.2188,3.0114605,4,58.636795,1.1868109626024999,1.150844752395738,4123.155094218271,1.0195802,1.0088109,0.0,True,1.13664173382175,1.1082345966770166
797,18273,415.79251,1515,5520.1211,2.0055351,4,36.156696,1.18683196022804,1.13886248681318,4080.292183007414,1.0195805,0.99616545,0.0,True,1.1366565221596279,1.096053375769226
798,9330,368.47662,1515,6228.957,2.0071502,4,172.86778,1.0518175313566793,1.0461979159594867,3368.320185948254,0.99874508,0.93066519,0.0,True,1.0358957959496755,1.0115380981716406
799,15302,415.45883,1515,5524.5547,3.0169868,5,92.747154,1.185879841147618,1.1181669001888253,4003.3070731226235,1.0191506,0.97942686,0.0,True,1.1358610688033326,1.0765448881321777
800,2759,296.99231,1515,7728.2305,2.9586082,3,48.235725,0.8478181614027708,0.8849508909917283,2353.173488395506,0.90276319,0.86310321,0.0,True,0.8643016699819395,0.8783965866942098
801,0,249.80576,1515,9188.0391,0.96343094,1,146.04951,0.7131449320742956,0.0,173.15215823163436,0.82568359,0.0,0.0,True,0.746906529452007,0.0
802,50746,565.37531,1515,4059.6484,2.9360712,5,200.8412,1.6135886626054636,1.30386785854902,6125.630874344421,1.1447945,1.2979047,0.0,True,1.4729504138238245,1.302078910984314
803,140959,447.95428,1515,5123.793,2.2154269,4,85.125664,1.278598220749379,1.3879541610927633,5311.052796613637,1.0752242,1.1548177,0.0,True,1.2175860145245652,1.3180132227649344
804,17372,368.81638,1515,6223.2188,3.2074656,4,22.297844,1.0527870618346171,1.1174549517195305,3600.6547798648467,0.9989264,0.96264887,0.0,True,1.036628863284232,1.0710131272036714
805,1038,354.94235,1515,6466.4727,3.9735527,4,228.63396,1.013195867662798,0.7915820876907885,2465.7759840421268,1.0047965,0.57974607,0.0,True,1.0106760573639586,0.728031282383552
806,25679,346.96973,1515,6615.0586,3.9833422,4,124.71577,0.9904445775543866,1.1541235097250062,3522.959477508182,0.96390438,1.0195456,0.0,True,0.9824825182880706,1.1137501368075045
807,11682,294.66913,1515,7789.1602,2.0906909,4,90.863968,0.8411879157265462,1.0451983472779869,2759.8639003669664,0.88967043,0.95594853,0.0,True,0.8557326700085823,1.0184234020945908
808,9243,274.54755,1515,8360.0273,1.7512299,4,67.176353,0.7837608721666839,1.0110893399253462,2507.123789382665,0.85871154,0.9447481,0.0,True,0.8062460725166787,0.9911869679477424
809,4003,274.50369,1515,8361.3633,2.6727653,4,59.996487,0.7836356707988066,0.9184335772819221,2277.0901465862166,0.85871011,0.88398767,0.0,True,0.8061580025591646,0.9080998050973454
810,1246,249.49507,1515,9199.4805,2.7780344,3,42.817146,0.7122581860310002,0.7810143096288193,1778.7245910209624,0.81700379,0.78672618,0.0,True,0.7436818672217002,0.7827278707401736
811,0,221.27567,1515,10372.695,1.3272548,2,24.837545,0.6317130103323154,0.0,153.37660678701286,0.76493984,0.0,0.0,True,0.6716810592326208,0.0
812,1,224.60832,1515,10218.789,2.5492134,3,26.035282,0.6412254288518842,0.07507868191843285,246.75746048909917,0.77136272,0.050745968,0.0,True,0.6802666161963189,0.067778867742903
813,0,229.35783,1515,10007.18,1.7435329,2,20.477375,0.6547818911968434,0.0,158.97873320384724,0.75695741,0.0,0.0,True,0.6854345468377904,0.0
814,0,269.64865,1515,8511.9102,0.75700355,2,16.02174,0.7697790622374219,0.0,186.90620148929548,0.82293767,0.0,0.0,True,0.7857266445661953,0.0
815,8216,356.34131,1515,6441.0859,3.0125823,4,83.656227,1.0171880231690875,1.0277100277793985,3212.0898415802612,0.93679112,0.93079638,0.0,True,0.9930689522183612,0.998635933445579
816,8256,317.59543,1515,7226.8828,1.9410946,3,38.659397,0.9066172451612607,1.0149492265302327,2864.3733990219425,0.88976097,0.94345206,0.0,True,0.9015603626128825,0.9935000765711628
817,5508,282.35904,1515,8128.7461,2.0998373,3,38.601448,0.806055155224884,0.9567511283589107,2432.3310978231093,0.84178782,0.90972501,0.0,True,0.8167749546574188,0.9426432928512374
818,3112,356.3439,1515,6441.0391,2.6224148,4,33.857212,1.017195411669878,0.917047538494363,2866.3103692791324,0.93679118,0.67138815,0.0,True,0.9930741421689147,0.8433497219460541
819,160354,470.87424,1515,4874.3906,3.1659036,5,101.09,1.3439919701530105,1.4112846632664433,5643.499161561974,1.0996213,1.1653957,0.0,True,1.2706807691071074,1.3375179742865102
820,6409,356.20047,1515,6443.6328,4.1446795,6,262.82123,1.016786095808874,0.999350305147896,3122.3715876804167,1.0070455,0.99452484,0.0,True,1.0138639170662118,0.9979026656035273
821,107245,441.11172,1515,5203.2734,3.2754669,5,95.656456,1.2590750391189098,1.3535166414006976,5109.348470643288,1.1105468,1.1929151,0.0,True,1.2145165673832368,1.3053361789804883
822,0,274.53394,1515,8360.4414,0.77081525,2,108.59126,0.7837220610872826,0.0,190.29242647901316,0.85871112,0.0,0.0,True,0.8062187787610978,0.0
823,232019,559.89581,1515,4099.3789,2.075242,4,156.26398,1.5979576551021955,1.4850463057519538,6917.2793477044615,1.144591,1.2917252,0.0,True,1.4619476585715367,1.4270499740263676
824,107058,439.81741,1515,5218.5859,2.8663204,5,103.69201,1.2553820462430512,1.3528484316473985,5093.58906852535,1.1112099,1.1938374,0.0,True,1.2121304023701358,1.305145122153179
825,103662,434.6149,1515,5281.0547,4.1724849,6,86.862961,1.2405379428930807,1.3472113404686397,5019.328442420222,1.1148977,1.2009473,0.0,True,1.2028458700251565,1.3033321283280477
826,0,281.85291,1515,8143.3438,2.0446973,2,176.0134,0.8046105812905799,0.0,195.36554989911602,0.8888852,0.0,0.0,True,0.829892966903406,0.0
827,5466,358.95142,1515,6394.25,3.1535821,5,71.165543,1.024636280590912,0.9820692672615603,3089.375771084887,0.99891758,0.92133433,0.0,True,1.0169206704136382,0.9638487860830922
828,0,355.85379,1515,6449.9102,1.1719139,2,88.232933,1.015796811575217,0.0,246.65905123007084,0.94556534,0.0,0.0,True,0.994727370102652,0.0
829,2756,288.15973,1515,7965.1133,2.9854937,3,41.41114,0.8226103436648279,0.8818567714292355,2282.8766075645863,0.85042751,0.85926521,0.0,True,0.8309554935653796,0.8750793030004649
830,0,242.6144,1515,9460.3828,0.98864371,1,32.294647,0.6926193907236158,0.0,168.1674873232428,0.78015375,0.0,0.0,True,0.718879698506531,0.0
831,10561,343.27759,1515,6686.207,2.4831564,4,67.874367,0.9799083386219387,1.051856758222645,3180.5055270921503,0.92200214,0.9673202,0.0,True,0.9625364790353572,1.0264957907558514
832,760,355.2301,1515,6461.2344,2.2966263,3,68.241577,1.0140170391668946,0.7561663113313084,2357.287958571223,0.92349714,0.57026017,0.0,True,0.9868610694168263,0.7003944689319159
833,389,371.05908,1515,6185.6055,1.9544094,3,117.14829,1.0591867580649124,0.683371011712667,2214.7431359972147,0.96270823,0.52108812,0.0,True,1.0302431996454386,0.6346861441988669
834,4150,385.73969,1515,5950.1914,2.4814265,4,92.111374,1.1010784716582906,0.9585145721640751,3213.7306014629075,0.96545976,0.90462238,0.0,True,1.0603928581608035,0.9423469145148525
835,449,366.767,1515,6257.9922,2.6441889,4,59.098583,1.046938973778533,0.6988311516382506,2241.484541707379,0.94380033,0.45413426,0.0,True,1.0159973806449731,0.6254220841467754
836,13320,405.62289,1515,5658.5195,2.4015732,4,32.426918,1.1578141917415214,1.0990169075928917,3852.270387122878,0.99314433,0.99269074,0.0,True,1.108413233219065,1.0671190573150242
837,2777,308.34824,1515,7443.6133,2.9977617,3,44.433937,0.8802269934875104,0.889403120693454,2445.1541900813845,0.8757962,0.86120492,0.0,True,0.8788977554412574,0.8809436604854177
838,0,255.75407,1515,8974.3438,1.0107058,1,50.158806,0.7301224146215991,0.0,177.27521253723089,0.79984033,0.0,0.0,True,0.7510377892351193,0.0
839,3086,413.32132,1515,5553.125,2.137295,4,38.644371,1.179780798763236,0.9318422115455555,3321.1520861224767,0.98433685,0.82480246,0.0,True,1.1211476141342653,0.8997302860818888
840,3464,454.41458,1515,5050.9492,2.8531172,4,63.366978,1.2970306152552693,0.9557386686253122,3703.822578122547,1.0522131,0.89661837,0.0,True,1.2235853606786886,0.9380025790377187
841,20757,466.26443,1515,4922.582,2.5370212,4,89.075676,1.3308398174158986,1.1691902872431863,4635.011216218356,1.051648,1.0333198,0.0,True,1.247082272191129,1.1284291410702303
842,0,396.20129,1515,5793.0781,2.008399,3,41.407719,1.1309303682602003,0.0,274.6258070977132,1.01677,0.0,0.0,True,1.0966822577821402,0.0
843,793,387.93115,1515,5916.5781,2.9741263,4,86.713417,1.107331811627124,0.7687160643000943,2590.736936631287,0.96964109,0.73097068,0.0,True,1.0660245951389868,0.757392449010066
844,18893,465.28122,1515,4932.9844,2.0688004,4,42.506294,1.3280345546238446,1.1578367551005415,4581.46254198798,1.0543772,1.0304176,0.0,True,1.2459373482366911,1.119611008570379
845,22410,467.64902,1515,4908.0078,3.0009894,5,217.68513,1.3347901015003725,1.1786128789113113,4684.604756326849,1.0582339,1.0362307,0.0,True,1.2518232410502608,1.1358982252379177
846,18238,466.98892,1515,4914.9453,4.0239034,5,166.241,1.3329067967727077,1.1541849080400952,4581.802137109746,1.0580686,1.0288229,0.0,True,1.2504553377408953,1.1165763056280666
847,3300,358.61951,1515,6400.168,3.0571823,4,44.51281,1.0236891330764237,0.9244036995496827,2905.6369832920677,0.94996607,0.86326307,0.0,True,1.0015722141534966,0.9060615106847778
848,1127,357.15094,1515,6426.4844,2.9939868,4,43.788647,1.0194984388123616,0.8015146836410745,2510.445230878362,0.94850796,0.81774956,0.0,True,0.9982012951686531,0.8063851465487522
849,6100,465.26834,1515,4933.1211,3.9867601,5,165.40828,1.3279977688348155,1.0249135140322576,4055.451868579955,1.0576591,0.92820472,0.0,True,1.2468961681843709,0.9959008758225802
850,0,290.37,1515,7904.4844,1.9763271,2,65.003372,0.8289183255366469,0.0,201.26914681919132,0.86306119,0.0,0.0,True,0.8391611848756528,0.0
851,25791,468.1759,1515,4902.4844,3.0007133,5,118.45049,1.33629333385781,1.195303507838395,4755.664506108335,1.0571645,1.051165,0.0,True,1.252554683700467,1.1520619554868763
852,144,371.18753,1515,6183.4648,3.7149715,4,112.26567,1.0595533272988025,0.5700648172553122,1849.8526324035618,0.95138931,0.37003407,0.0,True,1.0271041221091617,0.5100555930787185
853,7698,457.61102,1515,5015.668,2.0004814,4,31.669024,1.3061505483682103,1.0502206215455825,4095.149855859595,1.0550013,0.95872217,0.0,True,1.2308057738577474,1.0227710860819077
854,1032,387.99265,1515,5915.6406,2.9839616,4,65.977257,1.1075072402554527,0.7990251757034703,2693.130723619625,0.96997339,0.7927193,0.0,True,1.0662470851788168,0.7971334129924292
855,120,457.9213,1515,5012.2695,2.960897,4,39.824505,1.3070358124407992,0.562870197725405,2199.863562031611,1.0565852,0.34203917,0.0,True,1.2319006287085594,0.49662088940778354
856,2998,411.38449,1515,5579.2695,2.9720933,4,64.731873,1.1742543178983957,0.9279829305114716,3293.695438570337,1.0129638,0.77709222,0.0,True,1.125867162528877,0.8827157173580301
857,4490,442.45068,1515,5187.5273,2.5725908,4,152.09589,1.2628953334014876,0.9830781033934666,3721.033808437775,1.0118197,0.86661452,0.0,True,1.1875726433810414,0.9481390283754266
858,2725,323.71799,1515,7090.1992,2.9940476,3,47.755444,0.9240899225912353,0.8921492265725589,2560.9192229504342,0.913764,0.86375892,0.0,True,0.9209921458138648,0.8836321346007912
859,0,266.97079,1515,8597.2891,0.99564731,1,20.205816,0.7621362339974849,0.0,185.05005038036126,0.8325485,0.0,0.0,True,0.7832599137982394,0.0
860,11211,459.8609,1515,4991.1289,2.0308781,4,102.22733,1.3125697215086158,1.0949647598295622,4288.1243015644095,1.0575968,0.98009038,0.0,True,1.2360778450560312,1.0605024458806935
861,24888,468.5481,1515,4898.5898,1.3788884,4,107.71797,1.3373553137888874,1.1912211516437725,4742.747602576044,1.0535041,1.0472734,0.0,True,1.2521999496522211,1.1480368261506406
862,0,333.09274,1515,6890.6484,2.2919962,2,47.739567,0.9508434827068244,0.0,230.8822935959869,0.90113509,0.0,0.0,True,0.9359309648947771,0.0
863,0,295.07977,1515,7778.3203,2.007246,2,91.119751,0.8423598974106016,0.0,204.53371061577712,0.86612689,0.0,0.0,True,0.8494899951874211,0.0
864,3609,457.90311,1515,5012.4688,3.048403,5,120.63037,1.3069838643187133,0.9614074842258644,3751.023232054414,1.0565848,0.90304828,0.0,True,1.2318641450230994,0.9438997229581051
865,638124,655.16803,1515,3503.2617,2.0129836,4,21.333603,1.8697119846228945,1.6375629569727337,8757.166565801666,1.1919816,1.3996636,0.0,True,1.6663928692360261,1.5661931498809136
866,5087,364.89771,1515,6290.0508,2.983325,4,44.040047,1.0416047196773461,0.9756995243717378,3114.3423402663902,0.9524954,0.91646564,0.0,True,1.0148719237741424,0.9579293590602165
867,633110,654.70807,1515,3505.7227,1.9986019,4,57.510811,1.86840020442027,1.6364558395202096,8745.853998084183,1.1921563,1.3995585,0.0,True,1.6655270330941891,1.5653866376641465
868,2510,364.76743,1515,6292.2969,3.0613995,5,41.548977,1.04123302631778,0.8949281914918633,2855.7038505235714,0.95232058,0.83460861,0.0,True,1.014559292422446,0.8768323170443043
869,30385,467.73688,1515,4907.0859,2.9711449,4,42.893986,1.3350407679217065,1.214458232842316,4827.872572752452,1.0582354,1.0638803,0.0,True,1.2519991575451945,1.1692848529896211
870,19286,491.31931,1515,4671.5547,3.9901192,5,47.454967,1.402322264406068,1.1677297010396437,4847.9647720515995,1.0603782,1.0078804,0.0,True,1.2997390450842476,1.1197749107277506
871,634097,654.49878,1515,3506.8438,2.0134168,4,80.90715,1.867803237559227,1.6365826212691115,8744.077764746828,1.1921936,1.3995955,0.0,True,1.6651203462914588,1.565486484888378
872,2417,364.69928,1515,6293.4727,4.0102682,6,87.418159,1.0410385561245656,0.8905947932748373,2841.4120289206294,0.95246142,0.81842816,0.0,True,1.014465415287196,0.8689448032923861
873,2758,238.20836,1515,9635.3672,2.0804489,3,25.121456,0.6800435921679544,0.8636417433333814,1887.3214915276217,0.84002197,0.85841411,0.0,True,0.7280371055175681,0.8620734533333669
874,0,217.28374,1515,10563.262,0.61572397,1,26.628141,0.6203187208920726,0.0,150.6096117625202,0.79606819,0.0,0.0,True,0.6730435616244508,0.0
875,533,256.21613,1515,8958.1602,1.4832067,3,64.187614,0.7314411420601186,0.6901037177948568,1609.6180735173843,0.85908282,0.74241424,0.0,True,0.7697336454420831,0.7057968744563997
876,121,236.28781,1515,9713.6836,2.1844835,3,22.109688,0.6745618815468241,0.523222665989448,1137.0605026472101,0.83691549,0.48757339,0.0,True,0.7232679640827768,0.5125278831926137
877,0,286.76071,1515,8003.9727,1.1344792,2,234.91899,0.8186175565811785,0.0,198.76737763186813,0.94590056,0.92638355,10.384078489123034,True,0.8568024576068249,0.277915065
878,6371,253.17815,1515,9065.6523,1.629283,3,33.315891,0.7227703040322379,0.9612721849127447,2217.796438544322,0.86937565,0.91860729,0.0,True,0.7667519078225665,0.9484727164389213
879,9084,286.86111,1515,8001.1719,1.8495634,3,20.614792,0.8189040410002465,1.0140927659466383,2614.59273177112,0.93174654,0.95120829,0.0,True,0.8527567907001726,0.9952274231626468
880,14518,342.30029,1515,6705.2969,2.7442875,4,30.229177,0.9771193831794773,1.0876295808029826,3280.3603064639224,0.98271817,0.92355061,0.0,True,0.9787990192256342,1.0384058895620878
881,0,480.38104,1515,4777.9258,2.051013,3,136.13718,1.3711153862952477,0.0,332.97476347045426,1.0845287,1.0735279,11.211309821349968,True,1.2851393804066733,0.32205837000000004
882,130,295.80844,1515,7759.1602,4.0732312,5,82.708458,0.8444394447275577,0.5442881144814486,1444.374019549275,0.94053853,0.37419239,0.0,True,0.8732691703092904,0.49325939713701406
883,112,291.41464,1515,7876.1484,3.8641143,5,72.644783,0.8318997659056055,0.5269060338318866,1380.1975658074407,0.95115757,0.48282,0.0,True,0.867677107133924,0.5136802236823206
884,10881,342.4549,1515,6702.2695,2.2848835,4,32.601002,0.977560614132475,1.0549580784421886,3183.1036444903834,1.0065465,1.0203553,0.0,True,0.9862563798927324,1.044577244909532
885,0,278.98886,1515,8226.9414,2.0001793,2,41.81638,0.7964365634842924,0.0,193.3803417166333,0.90822655,0.0,0.0,True,0.8299735594390046,0.0
886,1733,259.63531,1515,8840.1875,2.3031652,4,81.126343,0.7412000491653927,0.8207170332577504,1936.5581638527651,0.86558944,0.82097995,0.0,True,0.7785168664157749,0.8207959082804253
887,0,236.14403,1515,9719.5977,1.5540102,2,51.940277,0.6741515141826555,0.0,163.68256860056312,0.82125425,0.0,0.0,True,0.7182823349278589,0.0
888,8167,341.02008,1515,6730.4688,3.0968428,5,126.83249,0.9734660500364475,1.021910042761354,3071.943590121347,1.0004983,0.96453232,0.0,True,0.9815757250255133,1.0046967259329478
889,2724,252.54906,1515,9088.2344,2.2745631,4,33.322338,0.7209747869350456,0.8678185904886979,1997.812223170198,0.85080856,0.85926026,0.0,True,0.7599249188545318,0.8652510913420886
890,33,239.63559,1515,9577.9805,2.4130676,3,73.754181,0.6841172390413134,0.3846574288679454,851.9879303703719,0.82611209,0.25947082,0.0,True,0.7267156943289194,0.3471014462075618
891,3971,343.17053,1515,6688.293,3.9440575,6,153.61313,0.9796028080877207,0.9407919977552957,2843.9491565495764,1.0369345,0.9395569,0.0,True,0.9968023156614045,0.9404214684287069
892,5616,280.59763,1515,8179.7734,2.6151562,4,40.810097,0.8010280277048031,0.9582416931349614,2422.604458808083,0.90283662,0.91320717,0.0,True,0.8315706053933621,0.9447313361944729
893,0,336.75775,1515,6815.6562,0.99633294,2,38.623966,0.961302479542694,0.0,233.4226849442109,,,,False,0.961302479542694,0.0
894,14782,372.00229,1515,6169.9219,2.8014066,4,111.5485,1.061878279718611,1.1000587566074376,3571.7058823027232,0.97401994,0.81445539,0.0,True,1.0355207778030278,1.0143777466252062
895,7993,345.11743,1515,6650.5625,2.8240156,5,55.013004,0.9851586978295388,1.0208497965604784,3101.422503823434,1.002134,0.95818627,0.0,True,0.9902512884806771,1.0020507385923347
896,17841,373.25473,1515,6149.2188,2.0430784,4,69.484962,1.0654522335849315,1.122039557941299,3653.9273697720782,0.97546381,0.86442381,0.0,True,1.0384557065094522,1.0447548335589092
897,0,274.99625,1515,8346.3867,2.0035548,2,57.950321,0.7850414751067558,0.0,190.61287535205784,0.90650862,0.0,0.0,True,0.8214816185747291,0.0
898,0,242.72353,1515,9456.1289,3.3771982,3,16.121246,0.6929309040955892,0.0,168.2431304750573,0.83271182,0.0,0.0,True,0.7348651788669125,0.0
899,530,287.81082,1515,7974.7695,5.7652149,6,46.06572,0.8216145407899301,0.6984052519617623,1806.4859095150798,0.88756102,0.55202883,0.0,True,0.8413984845529511,0.6544923253732335
900,1571,344.41647,1515,6664.0977,3.9897141,5,54.857544,0.9831583791113083,0.8359062120304012,2535.1600539994743,1.0034356,0.7305764,0.0,True,0.9892415453779158,0.8043072684212809
901,21552,375.29691,1515,6115.7578,3.048022,5,40.239147,1.071279711290568,1.1444132810860386,3744.8314219431572,0.97778738,0.93200558,0.0,True,1.0432320119033978,1.080690970760227
902,7802,286.92792,1515,7999.3086,3.514791,6,48.739326,0.8190947427936501,0.9971936755475057,2571.5604092063795,0.91083419,0.9436301,0.0,True,0.8466165769555551,0.981124602883254
903,16300,342.4541,1515,6702.2852,3.030251,4,162.27927,0.9775583248948927,1.1008246009379137,3321.4770683618226,1.0065465,1.0302836,0.0,True,0.986254777426425,1.0796623006565396
904,209,264.48944,1515,8677.9453,4.8992767,5,40.63921,0.7550542754836971,0.5896102016634853,1415.5099606825302,0.87265253,0.40207642,0.0,True,0.790333751838588,0.5333500671644398
905,8158,293.45425,1515,7821.4062,2.9058809,4,33.835209,0.837720762821905,1.0046708030424691,2643.1422677509736,0.92483783,0.94526321,0.0,True,0.8638558829753334,0.9868485251297284
906,15977,292.40164,1515,7849.5625,2.9081402,6,46.823761,0.8347166324829766,1.0792067039835178,2830.164432494605,0.92028779,0.99755543,0.0,True,0.8603879797380837,1.0547113217884625
907,16992,299.0509,1515,7675.0312,5.1278901,5,58.412716,0.85369326227691,1.0888025728510669,2912.9398675845187,0.93210739,1.0056311,0.0,True,0.877217500593837,1.0638511309957468
908,30402,310.57129,1515,7390.332,2.1191692,4,23.397493,0.8865713566070383,1.1587235961150189,3205.81917547852,0.9506343,1.0486106,0.0,True,0.9057902396249269,1.1256896972805133
909,2647,287.33203,1515,7988.0586,2.5494869,3,47.96542,0.8202480279343158,0.87708558288147,2264.7330991256467,0.91526365,0.86389685,0.0,True,0.848752714554021,0.8731289630170289
910,70,263.1369,1515,8722.5508,3.9290853,4,40.37899,0.751193953702421,0.4697679930323723,1125.3486648929158,0.87064618,0.3298775,0.0,True,0.7870296215916948,0.4278008451226606
911,107466,437.30481,1515,5248.5703,4.1169281,6,77.877754,1.2482129435976927,1.3523881820132444,5066.153662340402,1.1203743,1.2054547,0.0,True,1.2098613505183848,1.308308137409271
912,86,241.80397,1515,9492.0898,4.1610875,5,68.509064,0.6903062797794077,0.48762280401432656,1082.6378167679838,0.82989824,0.32871366,0.0,True,0.7321838678455854,0.43995006081002863
913,111592,437.91199,1515,5241.293,3.1245301,5,75.159576,1.249945370157575,1.3570058512543586,5089.685776039052,1.1212236,1.2082947,0.0,True,1.2113288391103025,1.312392505878051
914,306,283.32913,1515,8100.9141,3.4082203,5,55.939327,0.8088238044791344,0.6363091733500457,1623.5041863230917,0.90555942,0.42568368,0.0,True,0.8378444891353941,0.5731215253450319
915,0,303.01562,1515,7574.6094,1.9779119,2,37.932537,0.8650082726621252,0.0,210.0344226686238,0.88820708,0.0,0.0,True,0.8719679148634878,0.0
916,8293,345.31641,1515,6646.7305,3.4053535,5,26.622103,0.9857264946638492,1.0251019893558593,3115.9309264948606,1.0025506,0.97297835,0.0,True,0.9907737262646945,1.0094648975491014
917,0,300.3237,1515,7642.5039,2.0325875,2,34.43742,0.8573257199502012,0.0,208.16852591033083,0.88406831,0.0,0.0,True,0.8653484969651409,0.0
918,1450,284.88031,1515,8056.8047,4.6555195,5,37.449356,0.8132508546496506,0.8093714174423634,2074.1272740373356,0.9083882,0.79245335,0.0,True,0.8417920582547553,0.8042959972096544
919,7597,374.89392,1515,6122.332,3.0290685,5,42.981804,1.0701297398197258,1.0247072757882094,3349.966570313915,0.97799855,1.0340672,0.0,True,1.0424903828738081,1.0275152530517466
920,1148,283.31781,1515,8101.2383,2.9982712,5,55.54533,0.8087914444931998,0.7829484162529704,1996.6871450922345,0.90542978,0.75767726,0.0,True,0.8377829451452399,0.7753670693770793
921,5488,336.75677,1515,6815.6758,3.0241127,5,41.232735,0.961299715913394,0.9754266608747951,2899.705974571608,1.0052004,0.99203157,0.0,True,0.9744699211393759,0.9804081336123566
922,2668,373.53094,1515,6144.6719,3.0518024,5,79.198776,1.0662403844476587,0.9043574086443461,2947.0970176020373,0.97754598,1.0248796,0.0,True,1.039632063113361,0.9405140660510423
923,5490,284.30151,1515,8073.207,4.0087996,5,57.608753,0.8115989856024274,0.9571161755455886,2448.1338828083467,0.9071396,0.9147864,0.0,True,0.8402611699216992,0.944417242881912
924,0,372.81589,1515,6156.457,2.0097811,3,113.65781,1.0641999789443395,0.0,258.4162830214467,0.97738612,1.0233221,3.698262506081006,True,1.0381558212610376,0.30699663
925,38288,312.04251,1515,7355.4883,0.91960335,3,23.780939,0.8907699941200886,1.1852403877441664,3292.9671475263885,0.95290816,1.0658889,0.0,True,0.9094114438840621,1.1494349414209166
926,40886,344.04016,1515,6671.3867,2.5423999,4,51.920616,0.9820845253474703,1.2058287683860236,3653.2220564048735,1.0028189,1.0748917,0.0,True,0.9883048377432292,1.1665476478702166
927,0,347.82764,1515,6598.7422,1.9486334,3,104.84173,0.9928928613102965,0.0,241.09574798681962,1.0036768,0.0,0.0,True,0.9961280429172075,0.0
928,0,283.44492,1515,8097.6055,1.0227181,2,68.25325,0.8091542001310584,0.0,196.46904714203927,0.90804833,0.0,0.0,True,0.8388224390917409,0.0
929,120899,439.18427,1515,5226.1094,3.0022187,5,44.958397,1.2535754913104191,1.3668213214577638,5139.653749714753,1.1229593,1.2148463,0.0,True,1.2143906339172932,1.3212288150204348
930,3380,338.55081,1515,6779.5586,3.0095298,5,87.367401,0.9664194024261061,0.9210865760485015,2751.1392195884328,1.027426,0.88699573,0.0,True,0.9847213816982743,0.910859322233951
931,139692,440.70447,1515,5208.082,3.055299,5,108.72421,1.2579129867302703,1.384254624449698,5221.11822560769,1.1254259,1.2234927,0.0,True,1.2181668607111893,1.3360260471147887
932,4486,346.34961,1515,6626.9023,3.0353973,5,86.885437,0.9886749740948243,0.9556324106339158,2912.510134015243,1.0060382,0.89116615,0.0,True,0.993883941866377,0.936292532443741
933,142262,440.70447,1515,5208.082,3.0119715,5,112.15392,1.2579129867302703,1.3863846949585081,5229.152343137887,1.1254259,1.2244363,0.0,True,1.2181668607111893,1.3378001764709557
934,0,334.9664,1515,6852.1055,1.0784117,2,32.510479,0.956190389793332,0.0,232.18101574231488,1.0221475,0.0,0.0,True,0.9759775228553325,0.0
935,66,283.5687,1515,8094.0703,3.9461441,4,115.33233,0.809507522400049,0.46722661066223237,1196.5203145967719,0.93385792,0.361415,0.0,True,0.8468126416800343,0.43548312746356266
936,0,240.07217,1515,9560.5625,0.98496783,2,13.411181,0.6853633437407203,0.0,166.40534776640789,0.82790786,0.0,0.0,True,0.7281266986185042,0.0
937,11374,345.88782,1515,6635.75,3.0409007,5,70.93293,0.9873571330239345,1.0611878099192025,3230.3366802908495,1.0033898,0.99083984,0.0,True,0.9921669331167542,1.0400834189434418
938,1843,282.86295,1515,8114.2656,3.0172834,4,57.11866,0.8074932650959108,0.8353590746800315,2127.195731336355,0.90701431,0.84508306,0.0,True,0.8373495785671375,0.838276270276022
939,27,239.73386,1515,9574.0547,2.9877717,3,97.109627,0.68439769978858,0.3634950294279897,807.2548270845612,0.82705253,0.24520528,0.0,True,0.727194148852006,0.3280081045995928
940,8804,336.76913,1515,6815.4258,2.9997444,5,42.949867,0.9613349674784317,1.0289656732569716,3058.9375178394685,1.005201,1.0057929,0.0,True,0.9744947772349022,1.0220138412798803
941,0,238.7439,1515,9613.7539,1.0206926,2,55.03381,0.6815721240255141,0.0,165.4846611608855,0.82533324,0.0,0.0,True,0.7247004588178599,0.0
942,4635,283.47977,1515,8096.6094,2.9677346,5,82.714241,0.8092537232045813,0.9380010552119679,2393.086009648028,0.90804958,0.90613204,0.0,True,0.838892480243207,0.9284403506483775
943,34729,483.33881,1515,4748.6875,3.0419509,5,144.33609,1.3795539718682024,1.2349449698633501,5053.494764463633,1.0868565,1.1236771,0.0,True,1.2917447303077416,1.201564608904345
944,12968,344.68115,1515,6658.9805,4.012445,6,147.02592,0.9839136760315724,1.0756624330711688,3264.2663904567985,1.0038549,0.97700542,0.0,True,0.9898960432221007,1.046065329149818
945,2746,276.03714,1515,8314.9141,3.00085,3,58.072777,0.7880122039170299,0.877256632573934,2185.8356061906434,0.90811753,0.86351556,0.0,True,0.8240438017419209,0.8731343108017537
946,0,233.54141,1515,9827.9141,1.0008873,1,28.095898,0.6667229991083666,0.0,161.87856988549422,0.82757175,0.0,0.0,True,0.7149776243758567,0.0
947,24090,347.05026,1515,6613.5234,4.0164833,6,48.64719,0.9906744203685564,1.1468933124871683,3501.610489675611,1.0050734,1.0431747,0.0,True,0.9949941142579894,1.1157777287410178
948,0,332.15823,1515,6910.0352,2.0262399,2,196.42912,0.9481765674066042,0.0,230.23454062428183,1.0055639,0.95951068,3.380150753100364,True,0.965392767184623,0.28785320400000003
949,0,331.79715,1515,6917.5547,0.96118468,2,16.402803,0.9471461812029062,0.0,229.98425904032524,,,,False,0.9471461812029062,0.0
950,148086,440.72198,1515,5207.875,3.9950433,6,111.1364,1.257962966430024,1.3910791554092388,5247.042844712952,1.1254263,1.2322588,0.0,True,1.2182019665010166,1.3434330487864672
951,16817,336.77066,1515,6815.3945,2.9779081,4,158.13513,0.9613393811564844,1.1022756217737972,3276.8675904755937,1.005201,1.0350608,0.0,True,0.9744978668095392,1.0821111752416581
952,40985,489.13074,1515,4692.457,3.1086683,5,57.886379,1.3960783557565062,1.256274570344355,5195.062589550538,1.0916623,1.1270278,0.0,True,1.3047535390295544,1.2175005392410485
953,1732,367.70621,1515,6242.0078,3.0377421,3,53.35611,1.0496190939623138,0.85331851294441,2742.4213653901343,0.97422147,0.63946313,0.0,True,1.0269998067736197,0.7891618980610869
954,400,335.22266,1515,6846.8672,2.9965692,3,58.066364,0.956921724183763,0.6786652985299954,2010.1466197094242,1.0038159,0.78382331,0.0,True,0.9709899769286341,0.7102127019709967
955,151730,440.71405,1515,5207.9688,3.9734807,6,115.01642,1.2579403181319668,1.3939165892078162,5257.661802174954,1.1254262,1.2361637,0.0,True,1.2181860826923767,1.3465907224454714
956,4677,346.63382,1515,6621.4688,3.0153759,5,151.74854,0.9894860242611275,0.960459338250727,2929.3468442525755,1.0044003,0.92395073,0.0,True,0.9939603069827893,0.9495067557755089
957,115896,429.85831,1515,5339.4922,3.0391831,5,50.447052,1.2269660919339396,1.358481788076047,5012.348110961765,1.1242124,1.2358989,0.0,True,1.1961399843537577,1.3217069216532327
958,112609,429.86017,1515,5339.4688,2.0023365,4,66.982407,1.2269714670484684,1.3551305229378598,5000.0022529015705,1.1242125,1.2365828,0.0,True,1.196143776933928,1.3195662060565019
959,228771,494.78345,1515,4638.8477,2.2779055,5,55.104805,1.4122053196724427,1.461645672902457,6105.868002502706,1.0938187,1.139927,0.0,True,1.3166893337707097,1.3651300710317198
960,5895,345.18292,1515,6649.3008,4.0324025,6,152.29881,0.985345574767814,0.9862896182635483,2996.94681181601,1.0047742,0.95451665,0.0,True,0.9911741623374698,0.9767577277844839
961,0,270.16739,1515,8495.5664,2.0022964,2,12.76384,0.7712596173099184,0.0,187.26576465773917,,,,False,0.7712596173099184,0.0
962,2745,332.26566,1515,6907.8008,2.9785461,3,79.817101,0.9484831762052564,0.895604927788415,2630.967441980139,1.0067616,0.8701176,0.0,True,0.9659667033436794,0.8879587294518905
963,0,273.33347,1515,8397.1602,0.98617053,1,20.612516,0.7802958454976988,0.0,189.46032408316637,0.91009641,0.0,0.0,True,0.8192360148483891,0.0
964,44364,427.56891,1515,5368.082,2.0744727,4,10.428743,1.2204338424868784,1.2458347224473527,4575.085117437372,1.1256548,1.2417718,0.0,True,1.192000129740815,1.2446158457131469
965,38994,424.82471,1515,5402.7578,2.0378542,4,43.339199,1.2126037932226343,1.2298915915509239,4490.913073028974,1.1275644,1.2440896,0.0,True,1.187091975255844,1.2341509940856468
966,5486,331.79303,1515,6917.6406,3.0428894,4,53.966694,0.9471344233874837,0.9737480480578263,2856.843886484208,1.0067513,0.96224982,0.0,True,0.9650194863712385,0.9702985796404784
967,30909,424.36908,1515,5408.5586,1.9970865,4,58.469006,1.2113037292913935,1.2027086239288396,4387.495641090261,1.12789,1.2451229,0.0,True,1.1862796105039755,1.2154329067501877
968,0,341.79431,1515,6715.2227,4.0080681,4,158.36667,0.9756755287761445,0.0,236.9137623079319,1.0042994,0.0,0.0,True,0.9842626901433011,0.0
969,2506,346.06668,1515,6632.3203,1.8167224,3,47.614338,0.987867560408505,0.8893974795664168,2708.747272429802,1.0056174,0.85072029,0.0,True,0.9931925122859535,0.8777943226964917
970,1292,291.28375,1515,7879.6875,2.0030417,3,111.47054,0.8315262194459779,0.7985267121381405,2087.1918100162547,0.92046583,0.79379237,0.0,True,0.8582081026121846,0.7971064094966983
971,7355,362.19226,1515,6337.0352,2.0278447,4,76.486069,1.0338844324022085,1.016977510561022,3224.7452913452616,0.96151042,0.91759086,0.0,True,1.012172228681546,0.9871615153927153
972,91,291.08578,1515,7885.0469,1.0758018,3,57.699619,0.8309611813934593,0.5039269194547275,1319.3752588921202,0.92011219,0.34375069,0.0,True,0.8577064839754215,0.4558740506183092
973,106,286.72897,1515,8004.8594,1.128475,2,55.330063,0.8185269007882942,0.519886058952297,1342.5026641581637,0.91305566,0.36023909,0.0,True,0.846885528551806,0.4719919682666079
974,1328,346.63956,1515,6621.3594,1.9281662,3,12.209189,0.9895023678965119,0.8174319192127999,2493.3555535511878,1.0044004,0.79909623,0.0,True,0.9939717775275583,0.8119312124489599
975,7971,364.05032,1515,6304.6914,2.0459197,4,77.95414,1.0391866977555968,1.0267632420942105,3270.5611305776893,0.96382403,0.94054115,0.0,True,1.0165778974289177,1.0008966144659475
976,8276,450.95251,1515,5089.7266,3.0237453,4,74.813087,1.287152733167099,1.0568992224450449,4068.2034349828455,1.0552244,0.91621494,0.0,True,1.2175742332169694,1.0146939377115314
977,2223,364.6821,1515,6293.7695,3.1462295,4,156.75069,1.0409894786855873,0.88102948179967,2810.791732902461,0.96526033,0.91469991,0.0,True,1.018270734079911,0.891130610259769
978,3,291.7576,1515,7866.8906,4.022213,4,179.5423,0.8328785012883038,0.15453409368097024,469.5657426807833,0.86727822,0.10237031,0.0,True,0.8431984169018125,0.13888495857667915
979,0,448.6051,1515,5116.3594,1.1415575,2,39.017056,1.280455180566183,0.0,310.9493602498123,1.0582079,0.0,0.0,True,1.2137809963963282,0.0
980,0,347.92322,1515,6596.9297,1.9987466,2,54.628117,0.9931655749764422,0.0,241.16199899433758,0.94838637,0.0,0.0,True,0.9797318134835096,0.0
981,91701,428.5181,1515,5356.1914,2.0053897,4,110.82738,1.223142161313913,1.330717809097761,4896.380811084952,1.125041,1.239383,0.0,True,1.193711812919739,1.3033173663684325
982,1248,289.96332,1515,7915.5703,3.0211949,4,57.293179,0.8277577036139004,0.7942659634863862,2067.6990994168455,0.91447961,0.8314299,0.0,True,0.8537742755297304,0.8054151444404704
983,43161,336.34561,1515,6824.0078,3.0270619,4,34.663826,0.9601263288520738,1.2088740315559008,3589.728884355793,1.0033206,1.0235373,0.0,True,0.9730846101964516,1.1532730120891306
984,17938,346.04547,1515,6632.7266,3.0480194,4,97.647118,0.9878070649858611,1.1130095101901758,3389.4420639385507,0.99431169,0.96956784,0.0,True,0.9897584524901027,1.069977009133123
985,2826,290.35519,1515,7904.8867,3.0238895,5,53.707985,0.8288761504233545,0.8853956635814365,2307.5470682111204,0.91462427,0.8134715,0.0,True,0.8546005862963482,0.8638184145070056
986,0,243.47636,1515,9426.8906,2.0146744,2,30.509474,0.6950796321392911,0.0,168.76495246699824,0.83276069,0.0,0.0,True,0.7363839494975037,0.0
987,0,243.90559,1515,9410.3008,2.0111496,2,32.897301,0.6963047557648838,0.0,169.06247203130997,0.83363163,0.0,0.0,True,0.7375028180354186,0.0
988,5815,291.14261,1515,7883.5078,3.037842,5,56.367481,0.8311233690910331,0.9660599816894083,2523.7813441594326,0.91538131,0.90513396,0.0,True,0.8564007513637233,0.9477821751825859
989,37787,335.49274,1515,6841.3555,2.0324357,4,32.26305,0.9576924375373487,1.1934698846316456,3536.017434791329,1.002073,1.0020038,0.0,True,0.971006606276144,1.136030059242152
990,8578,291.51425,1515,7873.457,2.9259503,4,49.230888,0.8321840636968268,1.0095232572169834,2640.299714554498,0.91522706,0.89944863,0.0,True,0.8570969625877788,0.9765008690518884
991,10956,423.90097,1515,5414.5312,2.0114088,4,14.688192,1.2099680713977279,1.0819246140893795,3943.052666593805,1.1282161,1.2474657,0.0,True,1.1854424799784096,1.1315869398625655
992,0,275.12708,1515,8342.418,1.9845524,2,78.529877,0.7854148497510097,0.0,190.7035597976905,0.9055863,0.0,0.0,True,0.8214662848257068,0.0
993,14631,333.12164,1515,6890.0508,3.9930179,4,24.915037,0.9509259290035443,1.08516341072359,3194.98115229414,1.0065211,0.99255002,0.0,True,0.967604480302481,1.057379393506513
994,0,272.96295,1515,8408.5586,0.9329294,2,12.809757,0.7792383504384145,0.0,189.2034991898253,0.90749538,0.0,0.0,True,0.8177154593068903,0.0
995,0,423.90005,1515,5414.543,1.0045905,2,46.638432,1.2099654354686413,0.0,293.82512449671987,,,,False,1.2099654354686413,0.0
996,3975,272.95724,1515,8408.7344,2.0844145,4,13.692357,0.7792220629068517,0.91708314257293,2262.346864358686,0.90749514,0.88756591,0.0,True,0.8177039860347962,0.9082279728010509
997,5205,274.10941,1515,8373.3906,2.0020361,4,14.076576,0.782510347604519,0.947349028791712,2345.762312395582,0.90956837,0.90590531,0.0,True,0.8206277543231633,0.9349159131541984
998,0,274.11093,1515,8373.3438,0.98653889,2,10.866625,0.7825147201395626,0.0,189.99921829016452,0.90956843,0.0,0.0,True,0.8206308330976937,0.0
999,3007,343.9888,1515,6672.3828,2.8746474,4,52.022446,0.9819379568294496,0.9094782324209034,2755.1311934942773,1.0030872,0.87075526,0.0,True,0.9882827297806147,0.8978613406946324
1000,1770,287.66907,1515,7978.6992,1.9010668,3,29.913797,0.8212099774076964,0.8324293140335024,2151.725558338601,0.91762197,0.83050209,0.0,True,0.8501335751853876,0.8318511468234516
1001,244854,499.52698,1515,4594.7969,1.9663219,3,192.90767,1.425738389644672,1.4713544650444008,6198.343347355379,1.1018097,1.1362401,0.0,True,1.3285597827512703,1.3708201555310806
1002,32397,334.3587,1515,6864.5586,2.0076213,4,39.33997,0.9544562555294615,1.175593048986628,3472.610283767268,1.0004451,0.98051101,0.0,True,0.9682529088706231,1.1170684372906396
1003,5176,338.22067,1515,6786.1758,2.1168201,4,31.905321,0.9654773245162008,0.9692733531236671,2892.5220744572366,0.98366576,0.88691676,0.0,True,0.9709338551613405,0.944566375186567
1004,19,242.90807,1515,9448.9453,2.9143224,3,27.309042,0.6934575962184039,0.32726023339639765,739.5390694190919,0.83879954,0.22067448,0.0,True,0.7370601793528827,0.29528450737747836
1005,1726,276.92255,1515,8288.3281,2.8655424,3,69.090065,0.7905392561881381,0.8261298491514317,2064.38005791375,0.89019072,0.77440834,0.0,True,0.8204346953316968,0.8106133964060022
1006,9424,274.80911,1515,8352.0703,2.9938021,4,39.726646,0.7845073807590082,1.0133431708741314,2514.840576815463,0.93665218,0.76150113,0.0,True,0.8301508205313057,0.937790558611892
1007,45,285.15778,1515,8048.9648,2.1785169,3,74.933762,0.8140427852484986,0.42570394444621507,1097.8995427759644,0.91366863,0.52601725,0.0,True,0.8439305386739491,0.45579793611235053
1008,32,338.21991,1515,6786.1914,2.0636463,3,34.178883,0.9654751057446055,0.396290721298387,1192.685339263231,0.98366576,0.58781034,0.0,True,0.9709323020212237,0.4537466069088709
1009,17599,334.353,1515,6864.6758,1.3313024,4,36.085945,0.9544399649288264,1.1065215388023748,3268.538299178537,1.0004078,0.95775384,0.0,True,0.9682303154501785,1.0618912291616625
1010,3970,233.4108,1515,9833.4141,2.9846668,4,39.913132,0.6663501651373908,0.9013390889786851,1934.2811407437973,0.85185826,0.86051488,0.0,True,0.7220025935961736,0.8890918262850795
1011,2736,313.3468,1515,7324.8711,3.6015742,4,40.606255,0.8944923037788424,0.8893388154637435,2480.1345969369754,0.96913278,0.86769181,0.0,True,0.9168844466451896,0.8828447138246205
1012,1,228.93246,1515,10025.773,2.9837704,3,18.28577,0.6535678270469047,0.07523402963744374,251.5080138310205,0.82193446,0.050982989,0.0,True,0.7040778169328333,0.06795871744621063
1013,0,202.89226,1515,11312.531,1.9166797,2,25.511446,0.5792400771830154,0.0,140.63419797643536,0.76458091,0.0,0.0,True,0.6348423270281107,0.0
1014,1232,231.79628,1515,9901.9062,2.9344966,3,16.088404,0.6617419104524255,0.7735432492777992,1649.9296771747836,0.82791698,0.78742146,0.0,True,0.7115944313166979,0.7777067124944594
1015,0,273.97302,1515,8377.5586,2.0174952,2,209.94026,0.7821211262523566,0.0,189.90362636249353,,,,False,0.7821211262523566,0.0
1016,0,274.22568,1515,8369.8398,1.0159284,2,188.45319,0.782842238539923,0.0,190.0787569291338,,,,False,0.782842238539923,0.0
1017,0,355.3558,1515,6458.9492,0.93309301,2,32.63781,1.0143756910717734,0.0,246.31387086562378,0.99434394,0.0,0.0,True,1.0083661657502414,0.0
1018,233840,559.89581,1515,4099.3789,1.0073227,3,148.87366,1.5979576551021955,1.4859860244080283,6921.656494903664,1.136426,1.2649795,0.0,True,1.4594981585715368,1.4196840670856197
1019,0,386.48666,1515,5938.6914,1.0053728,2,71.004807,1.103209941140794,0.0,267.8921387030302,0.98363495,0.0,0.0,True,1.0673374437985559,0.0
1020,6094,411.38391,1515,5579.2773,3.0030079,4,43.559502,1.1742526768432777,1.0101852747630256,3585.370432662084,1.0129638,0.9361878,0.0,True,1.1258660137902945,0.9879860323341179
1021,6083,360.92212,1515,6359.3359,2.4066582,4,83.998581,1.0302599819842277,0.9948923904065267,3144.9244901906254,0.95631075,0.89651626,0.0,True,1.0080752123889594,0.9653795512845686
1022,5920,359.2189,1515,6389.4883,2.100734,4,98.240204,1.0253996412274777,0.9912564985276617,3120.3296530289376,0.95737851,0.89274061,0.0,True,1.0049933018592343,0.9617017319693633
1023,239058,559.9054,1515,4099.3086,2.0018117,4,101.8064,1.5979850454875844,1.4886418292368042,6934.131542594527,1.1364262,1.2642468,0.0,True,1.4595173918413091,1.421323320465763
1024,6318,362.8364,1515,6325.7852,2.0512195,4,77.711029,1.0357225478718242,0.9998232191785069,3175.353497606052,0.9616164,0.90193796,0.0,True,1.013490703510277,0.9704576414249548
1025,634,458.60574,1515,5004.7891,3.0462379,4,128.13165,1.308988591057215,0.7575788878601851,2960.391113987534,1.0600878,0.49631223,0.0,True,1.2343183537400506,0.6791988905021296
1026,10398,455.9007,1515,5034.4844,2.6504672,4,244.92393,1.3012707454687282,1.0850242282774585,4216.881373403282,1.0565275,0.95438927,0.0,True,1.2278477718281098,1.0458337407942209
1027,0,420.27045,1515,5461.3047,2.0121288,3,43.11747,1.1996090589144006,0.0,291.30927749015945,1.0129385,0.0,0.0,True,1.1436078912400804,0.0
1028,28157,468.15985,1515,4902.6523,4.0332561,5,45.570404,1.3362475887902638,1.2056264954787015,4796.58899831839,1.0571642,1.0577084,0.0,True,1.2525225721531847,1.161251066835091
1029,631218,654.06964,1515,3509.1445,2.022496,4,85.789444,1.8665793474833123,1.635893855256978,8735.368036567046,1.1922709,1.3996072,0.0,True,1.6642868132383186,1.5650078586798846
1030,17540,491.32178,1515,4671.5312,3.9902771,6,44.989891,1.4023293157280345,1.1565006210026025,4801.370010534952,1.0603782,0.99639207,0.0,True,1.299743981009624,1.1084680557018218
1031,5468,458.92847,1515,5001.2695,4.0166473,5,45.469379,1.3099094121812989,1.0104254342740002,3950.012896861417,1.0575193,0.93459678,0.0,True,1.234192378526909,0.9876768379918002
1032,623374,653.66583,1515,3511.3125,2.0424399,4,46.382702,1.8654275159780467,1.634238647179055,8721.801167536782,1.1923544,1.399467,0.0,True,1.6635055811846327,1.5638071530253386
1033,4861,421.07431,1515,5450.8789,4.0124469,6,270.56906,1.2019026884550144,0.9866485233870286,3574.672799297315,1.01421,0.89100301,0.0,True,1.1455948819185102,0.9579548693709199
1034,621073,653.19275,1515,3513.8555,2.0390792,4,41.594849,1.864078261956335,1.6336409789281687,8713.073385823864,1.1924906,1.3995529,0.0,True,1.6626019633694344,1.563414555249718
1035,24869,499.50745,1515,4594.9766,4.0133944,5,48.968842,1.425682656233147,1.2001626392729638,5055.743548525833,1.0591786,1.0701252,0.0,True,1.315731439363203,1.1611514074910747
1036,622793,652.75446,1515,3516.2148,2.0121047,4,81.078949,1.8628282189392247,1.6338454855643818,8709.03217902017,1.1925871,1.399686,0.0,True,1.6617558832574573,1.5635976398950673
1037,678,410.95694,1515,5585.0742,3.9968989,4,108.62441,1.1730343244286288,0.7557170142412423,2680.299298732043,1.013229,0.68616015,0.0,True,1.1250927271000402,0.7348499549688695
1038,9214,447.34415,1515,5130.7812,2.7849507,4,57.862324,1.2768574295996915,1.0684711692944553,4083.668924032433,1.0415646,0.93626708,0.0,True,1.206269580719784,1.0288099425061188
1039,8403,481.3949,1515,4767.8633,2.9918664,4,104.82691,1.3740078902742603,1.0668431667541196,4350.164510300249,1.044534,0.93607455,0.0,True,1.2751657231919822,1.0276125817278836
1040,2310,364.69522,1515,6293.543,3.8738332,5,80.921318,1.041026931232083,0.885419710184332,2824.881118155102,0.95246136,0.79807103,0.0,True,1.0144572598624582,0.8592151061290324
1041,14101,459.8609,1515,4991.1289,1.9949337,4,116.16226,1.3125697215086158,1.121894246170972,4393.576715792211,1.0575968,0.99657619,0.0,True,1.2360778450560312,1.0842988293196805
1042,21237,487.14328,1515,4711.6016,5.7222776,6,122.68314,1.3904080925569995,1.177944304963633,4853.698053326304,1.0741799,1.0386053,0.0,True,1.2955396347898995,1.136142603474543
1043,10453,460.60062,1515,4983.1133,3.1342535,4,45.418007,1.3146802119281062,1.0869499823255537,4262.783020822055,1.0575502,0.9659611,0.0,True,1.2375412083496744,1.0506533176278876
1044,241046,559.90753,1515,4099.293,1.9864385,4,111.36958,1.5979911237089428,1.4896379721090591,6938.794805430185,1.1364262,1.2640287,0.0,True,1.45952164659626,1.4219551904763414
1045,5,379.31259,1515,6051.0117,4.136611,4,99.554352,1.0827386654034752,0.20574890283485642,738.1082185454569,0.9528867,0.13323791,0.0,True,1.0437830757824327,0.18399560498439949
1046,12793,502.56949,1515,4566.9805,4.7641807,6,45.718216,1.4344184243573859,1.1221591428238764,4752.704052377859,1.0607594,0.98258257,0.0,True,1.3223207170501703,1.0802861709767135
1047,71,292.03207,1515,7859.4961,3.064739,4,123.159,0.83366190434536,0.4767818452806726,1252.9517518496077,0.86730421,0.31580928,0.0,True,0.8437545960417521,0.4284900756964708
1048,2012,351.79044,1515,6524.4102,3.991447,4,98.133934,1.0042013310364128,0.8660729146447502,2676.3787748649984,0.95118248,0.80990577,0.0,True,0.988295675725489,0.8492227712513252
1049,6545,459.13181,1515,4999.0547,2.0166483,4,74.965286,1.3104895272850388,1.0315822861186228,4034.2820368011553,1.0605582,0.92049044,0.0,True,1.2355101290995272,0.998254732283036
1050,780,446.27151,1515,5143.1133,4.0144572,5,189.86232,1.2737969851372604,0.7793795319937185,2972.995974463814,1.053194,0.60789537,0.0,True,1.2076160895960821,0.7279342833956028
1051,762,292.37009,1515,7850.4102,2.9880526,4,76.113495,0.8346265213869776,0.7400465741843927,1940.9186619897166,0.86758661,0.81432855,0.0,True,0.8445145479708842,0.7623311669290749
1052,2720,358.18359,1515,6407.957,3.0507345,4,99.282867,1.0224452066885348,0.9022322396632119,2832.917777331301,0.95402253,0.82853633,0.0,True,1.0019184036819744,0.8801234667642484
1053,12710,461.16348,1515,4977.0312,3.043828,5,44.229706,1.3162861501509813,1.110068193741825,4358.134022811089,1.0624423,0.97104412,0.0,True,1.2401329951056868,1.0683609716192777
1054,51,362.38303,1515,6333.6992,4.0185156,5,83.335487,1.034428814065166,0.4513585319010915,1438.766413617516,0.96416122,0.32133591,0.0,True,1.0133485358456162,0.412351745330764
1055,12957,457.32538,1515,5018.8008,3.0364118,4,45.362038,1.3053355571743896,1.1112386179813478,4330.663634355482,1.0579274,0.97629225,0.0,True,1.2311131100220727,1.0707547075869435
1056,3933,358.03299,1515,6410.6523,2.9986241,5,75.717567,1.022015463044772,0.9442434517850955,2963.6775657914845,0.95406359,0.91823268,0.0,True,1.0016299011313405,0.9364402202495667
1057,0,457.4614,1515,5017.3086,1.9902855,2,19.351694,1.3057236229168336,0.0,317.0880796250054,1.0583678,0.0,0.0,True,1.2315168760417836,0.0
1058,614801,652.77045,1515,3516.1289,1.9986408,4,39.742638,1.8628737024756599,1.6322687393339805,8700.814647113088,1.1925874,1.399523,0.0,True,1.6617878117329619,1.5624450175337863
1059,613733,652.3291,1515,3518.5078,4.394948,6,39.460335,1.8616149095677679,1.631920777369093,8693.797694177869,1.1926893,1.3995402,0.0,True,1.6609372266974376,1.562206604158365
1060,16032,459.85947,1515,4991.1445,3.005523,4,45.401054,1.3125656206684226,1.1369633678165345,4452.574026385432,1.0575968,1.0088825,0.0,True,1.2360749744678958,1.098539107471574
1061,625993,653.35474,1515,3512.9844,3.6332848,6,99.604568,1.8645402266165452,1.6346569206586214,8720.38952325283,1.1928141,1.40055,0.0,True,1.6630223886315818,1.5644248444610351
1062,37118,504.89456,1515,4545.9492,4.3714828,7,48.514378,1.4410516743963677,1.2492365612705356,5312.455719069023,1.0616956,1.0880046,0.0,True,1.3272448520774573,1.2008669728893748
1063,0,408.13635,1515,5623.6719,2.0003533,2,55.97176,1.1649861432071111,0.0,282.898560286527,1.0134195,0.0,0.0,True,1.1195161502449777,0.0
1064,244621,559.90436,1515,4099.3164,3.0092001,5,49.036358,1.597982006394245,1.491406596535015,6946.99852540769,1.1364261,1.2637781,0.0,True,1.4595152344759714,1.4231180475745104
1065,617737,653.33002,1515,3513.1172,3.0329323,5,109.92632,1.8644697848850162,1.6330233721545615,8711.385747801063,1.1928139,1.4005737,0.0,True,1.6629730194195114,1.5632884705081929
1066,37074,504.89325,1515,4545.9609,3.9959245,6,44.313679,1.441047967173513,1.2490953595874796,5311.843107784253,1.0616956,1.0847056,0.0,True,1.3272422570214593,1.1997784317112357
1067,35703,479.2702,1515,4789.0,3.9935212,6,270.56635,1.3679461093153038,1.2369776065763567,5024.211559730936,1.0257331,1.0288914,0.0,True,1.2652822065207125,1.1745517446034497
1068,15163,491.28439,1515,4671.8867,4.0125647,6,95.11821,1.4022226533068551,1.13925737421188,4729.4697514102645,1.0603739,0.98344094,0.0,True,1.2996680273147987,1.0925124439483158
1069,24844,499.50745,1515,4594.9766,4.0096598,6,45.133789,1.425682656233147,1.2000433829651895,5055.241197728217,1.0591786,1.066377,0.0,True,1.315731439363203,1.1599434680756326
1070,5490,421.07431,1515,5450.8789,4.0023546,6,201.67685,1.2019026884550144,1.0007883825053807,3625.890996819347,1.01421,0.92998976,0.0,True,1.1455948819185102,0.9795487957537665
1071,33392,479.25104,1515,4789.1914,4.0114164,6,201.49831,1.3678914621798706,1.22907579346518,4991.941864747474,1.0257326,1.0245533,0.0,True,1.2652438035259095,1.1677190454256259
1072,24968,499.31473,1515,4596.75,4.0143571,6,96.151588,1.4251328751790424,1.2005788232302868,5055.776537958163,1.0587674,1.0617069,0.0,True,1.3152232326253297,1.1589172462612007
1073,8082,446.64874,1515,5138.7695,4.0182829,6,272.09027,1.274873306365831,1.0529382953267445,4018.7854973435074,1.021916,0.88966554,0.0,True,1.1989861144560816,1.0039564687287212
1074,13996,490.62067,1515,4678.207,4.0147915,6,94.139366,1.400329047354021,1.129599656712348,4683.793504720549,1.0594765,0.96963602,0.0,True,1.2980732831478148,1.0816105656986437
1075,6553,446.4682,1515,5140.8477,4.0297184,6,202.27586,1.2743581361994485,1.028350894011975,3923.555128530319,1.0218415,0.87820345,0.0,True,1.198603145339614,0.9833066608083825
1076,24450,499.37076,1515,4596.2344,4.0059261,6,91.820374,1.4252926753211235,1.198109030378195,5045.875510576026,1.0588058,1.0572578,0.0,True,1.3153466127247864,1.1558536612647365
1077,13573,450.95322,1515,5089.7188,2.0035982,4,55.59201,1.2871547049553524,1.1148540398124893,4291.264142520689,1.0552245,0.97267914,0.0,True,1.2175756434687468,1.0722015698687426
1078,7466,449.94452,1515,5101.1289,1.872336,4,37.8172,1.2842767521960148,1.0445598731863013,4012.7773352363674,1.059152,0.97498673,0.0,True,1.2167393265372104,1.023687930230411
1079,0,347.31775,1515,6608.4297,2.0000043,2,10.157617,0.9914377895478749,0.0,240.74231917092393,0.95155758,0.0,0.0,True,0.9794737266835124,0.0
1080,1698,357.48581,1515,6420.4648,3.0117512,5,75.473633,1.0204539867201174,0.8483164507014364,2659.1165613285484,0.95305234,0.84310555,0.0,True,1.0002334927040821,0.8467531804910053
1081,33121,451.47192,1515,5083.8711,2.016885,4,35.920425,1.2886346666807227,1.219526948721763,4698.912151456612,1.0556908,1.0307127,0.0,True,1.2187515066765058,1.162882674105234
1082,12751,449.94522,1515,5101.1211,3.0008354,5,59.204041,1.284278715182679,1.107245364021718,4253.566953736969,1.059152,1.0061332,0.0,True,1.2167407006278754,1.0769117148152025
1083,306,357.48819,1515,6420.4219,2.9761789,4,75.654922,1.0204608030701972,0.653175138076321,2048.4429999346157,0.9530524,0.43367308,0.0,True,1.000238282149138,0.5873245206534247
1084,14830,352.85602,1515,6504.707,3.9921994,5,153.77577,1.0072421902092135,1.0938112492208747,3389.020565596791,0.95286661,0.94721192,0.0,True,0.9909295161464494,1.0498314504546122
1085,35580,452.99817,1515,5066.7422,1.9998274,4,10.415739,1.292989375101701,1.2284036437367722,4747.2374348014455,1.0570914,1.0394405,0.0,True,1.2222199825711906,1.1717147006157405
1086,0,355.79239,1515,6451.0234,2.0812478,3,113.79806,1.015621578209312,0.0,246.61649199318447,0.95333958,0.0,0.0,True,0.9969369787465185,0.0
1087,4886,421.16122,1515,5449.7539,4.0042853,5,208.97475,1.2021507078170974,0.9872682771442087,3577.57019835556,1.014218,0.95372987,0.0,True,1.1457708954719683,0.9772067550009462
1088,579653,652.45587,1515,3517.8242,3.0311999,5,95.28923,1.8619764617021557,1.6249638485295552,8658.212303203354,1.1929666,1.4021376,0.0,True,1.6612735031915091,1.5581159739706887
1089,163145,558.76703,1515,4107.6602,3.0150218,5,48.501324,1.5947376402870537,1.4423641302702397,6706.549264112309,1.1351882,1.2468053,0.0,True,1.4568728082009375,1.3836964811891677
1090,28866,478.68335,1515,4794.8711,4.0345469,6,208.24704,1.366271820339225,1.2117203998070545,4916.312077878036,1.0254871,1.0197991,0.0,True,1.2640364042374577,1.154144009864938
1091,156806,558.73779,1515,4107.875,3.0321338,5,49.572121,1.5946542923396991,1.4375926776776673,6684.0558100932285,1.1351877,1.2440447,0.0,True,1.4568143146377892,1.379528284374367
1092,30517,503.97128,1515,4554.2773,4.0477371,6,94.891342,1.4384176770210235,1.2257220821876078,5204.060212881233,1.0604312,1.0782279,0.0,True,1.3250217339147166,1.1814738275313255
1093,18686,477.93774,1515,4802.3516,3.0192881,5,49.87299,1.364144499692658,1.1602005550606225,4700.822064577663,1.0250752,1.0065207,0.0,True,1.2624237097848605,1.1140965985424356
1094,15583,477.93811,1515,4802.3477,2.0219369,4,49.684647,1.3641456070570457,1.1387811820671991,4614.045193839432,1.0250752,0.99374795,0.0,True,1.262424484939932,1.0952712124470394
1095,145246,558.54553,1515,4109.2891,2.990895,5,88.630852,1.5941058024184243,1.4283308542980058,6638.98270867621,1.1346799,1.2421533,0.0,True,1.456278031692897,1.372477588008604
1096,6046,446.60461,1515,5139.2773,3.9762449,5,205.51283,1.274747388111048,1.0189656499848254,3888.8020126122456,1.0218493,0.87601244,0.0,True,1.1988779616777336,0.9760796869893779
1097,20053,461.12149,1515,4977.4844,3.9695678,5,44.267338,1.3161663504216663,1.1636150909426681,4567.977280093829,1.0624415,1.0050284,0.0,True,1.2400488952951663,1.1160390836598677
1098,567049,652.55438,1515,3517.293,2.0189681,4,60.612801,1.8622575073259375,1.6223018462813594,8645.173890417143,1.1929678,1.4019969,0.0,True,1.661470595128156,1.5562103623969517
1099,2566,359.53632,1515,6383.8477,3.9413667,6,173.83411,1.0263053736357697,0.8959708591668274,2822.6774620575275,0.96243215,0.83770442,0.0,True,1.0071434065450389,0.8784909274167791
1100,6901,446.76389,1515,5137.4453,4.0805135,6,43.070511,1.2752017829102336,1.034485094913571,3949.2638420268277,1.0536581,0.97477239,0.0,True,1.2087386780371634,1.0165712834394998
1101,576476,647.86963,1515,3542.7266,2.0139694,4,22.402092,1.84889571165506,1.6228902363329534,8593.79139395025,1.1932807,1.404417,0.0,True,1.652211208158542,1.5573482654330673
1102,557624,642.87164,1515,3570.2695,3.077311,5,177.54837,1.8346403623045857,1.6172912645923838,8506.119953254733,1.1936718,1.4042859,0.0,True,1.6423497936132099,1.5533896552146687
1103,11029,455.9874,1515,5033.5273,4.0903778,6,42.547253,1.301518077308333,1.0919590102048637,4244.542648449936,1.0620872,1.0057544,0.0,True,1.229688814115833,1.0660976271434046
1104,45045,483.86023,1515,4743.5703,2.9738019,4,97.839546,1.3810415599005288,1.2658257136031554,5184.785747304479,1.0643505,1.1664423,0.0,True,1.28603424193037,1.236010689522209
1105,535311,640.55884,1515,3583.1602,2.9791386,5,105.2327,1.828043781622261,1.611590372128357,8449.359855742612,1.1938841,1.4046656,0.0,True,1.6377958771355827,1.54951294048985
1106,12635,476.78629,1515,4813.9492,3.0150723,4,55.337002,1.3608594147400104,1.1137288823399865,4502.952950662617,1.0244542,0.98154795,0.0,True,1.2599378503180072,1.0740746026379906
1107,29197,502.75009,1515,4565.3398,4.0354791,6,93.595169,1.4349337024868658,1.22012237319629,5169.220992705389,1.0587878,1.073943,0.0,True,1.322089931740806,1.176268561237403
1108,137882,558.13647,1515,4112.3008,2.0327086,4,94.239204,1.5929389046444102,1.4219534281668345,6605.080770177918,1.1341656,1.2407805,0.0,True,1.4553069132510872,1.3676015497167842
1109,15601,475.22491,1515,4829.7656,4.0395384,5,206.48213,1.3564047497936615,1.1381535019537588,4588.400334348447,1.0241731,0.99683768,0.0,True,1.256735254855563,1.0957587553676311
1110,0,364.13876,1515,6303.1602,4.0019031,4,294.88696,1.039439062901149,0.0,252.40175482659458,0.92344302,0.0,0.0,True,1.0046402500308043,0.0
1111,26948,501.73993,1515,4574.5312,4.0257053,6,92.715439,1.4320518146428503,1.2103220115489597,5118.619599169699,1.0574877,1.0692166,0.0,True,1.3196825802499952,1.167990388084272
1112,322,364.2363,1515,6301.4727,4.005383,4,294.87418,1.039717330691322,0.6603774915094809,2105.5566294411897,0.92354572,0.42863795,0.0,True,1.0048658474839256,0.5908556290566366
1113,121648,555.85651,1515,4129.168,2.0545645,4,93.023178,1.5864350735021238,1.406210807429646,6508.470151064253,1.1311041,1.236553,0.0,True,1.4498357814514866,1.3553134652007524
1114,48326,477.89691,1515,4802.7617,3.9557519,5,201.98465,1.3640280661015136,1.2722684250486032,5154.484425852978,1.0229552,1.0420134,0.0,True,1.2617062062710596,1.2031919175340222
1115,76818,551.92957,1515,4158.5469,2.0367899,4,18.874548,1.5752327680117295,1.3498548536174093,6208.77732406288,1.1275163,1.2291939,0.0,True,1.4409178276082106,1.3136565675321865
1116,5572,411.31595,1515,5580.1992,2.9755023,4,50.693321,1.1740587490553223,0.9997880691746153,3547.957176565549,1.0107911,0.92672396,0.0,True,1.1250784543387256,0.9778688364222308
1117,9414,333.09406,1515,6890.6211,2.6284354,4,31.89559,0.950847248767181,1.0352676227369517,3047.8658256779972,0.99875057,0.85816544,0.0,True,0.9652182451370266,0.9821369679158662
1118,7,279.29202,1515,8218.0117,4.1270537,4,19.816639,0.797301761715208,0.230678729622011,613.667290597879,0.91285312,0.17067891,0.0,True,0.8319671692006455,0.2126787837354077
1119,12,233.41061,1515,9833.4219,3.00208,4,40.887554,0.6663496366871279,0.27898542089273975,615.9839811304685,0.85185814,0.32129368,0.0,True,0.7220021876809894,0.29167789862491783
1120,5470,329.43167,1515,6967.2266,2.0474069,3,13.191229,0.9403955683876919,0.9726324680275148,2835.5499782350826,0.99352461,0.68409967,0.0,True,0.9563342808713844,0.8860726286192604
1121,2740,274.53137,1515,8360.5195,1.9387054,3,38.215572,0.7837147416791819,0.8764834316112646,2173.311903916082,0.93382049,0.66156995,0.0,True,0.8287464661754274,0.8120093871278853
1122,0,302.42499,1515,7589.4023,0.91788739,2,53.805035,0.8633226841014106,0.0,209.62502914936962,0.95175844,0.0,0.0,True,0.8898534108709873,0.0
1123,6767,352.14758,1515,6517.793,1.6364102,4,93.536423,1.0052205353344226,1.0042366710426442,3105.9799145007864,0.95089036,0.93328357,0.0,True,0.9889214827340957,0.982950740729851
1124,246628,500.35986,1515,4587.1484,1.3364314,3,182.18941,1.4281145952328804,1.472501170770262,6212.290152242966,1.1123381,1.1398522,0.0,True,1.3333816466630162,1.3727064795391832
1125,0,346.51831,1515,6623.6758,2.0780191,2,300.50085,0.9891564283494857,0.0,240.18818958889707,0.98485386,0.0,0.0,True,0.98786565784464,0.0
1126,2725,286.33298,1515,8015.9297,3.0020142,3,62.467545,0.8173967663659637,0.879975260495913,2265.1680020831786,0.86387324,0.86024874,0.0,True,0.8313397084561746,0.8740573043471391
1127,0,241.76884,1515,9493.4688,0.9781034,1,17.012194,0.6902060285564438,0.0,167.58138979324852,0.79224187,0.0,0.0,True,0.7208167809895106,0.0
1128,1889,350.76392,1515,6543.5039,1.9661751,3,51.913818,1.0012720043952035,0.8586094619180867,2646.4650442980296,0.9486534,0.69846237,0.0,True,0.9854864230766425,0.8105653343426606
1129,2214,341.75974,1515,6715.9023,1.5553298,2,53.710018,0.9755768269701721,0.8740823018173988,2632.7321612997334,0.93274552,0.70185137,0.0,True,0.9627274348791205,0.822413022272179
1130,3580,397.02557,1515,5781.0508,2.6773863,3,14.635923,1.133282420712891,0.9446531282114241,3249.1288599106188,0.99732989,0.81776959,0.0,True,1.0924966614990237,0.9065880667479969
1131,0,202.3911,1515,11340.543,1.9999964,2,202.40353,0.5778095626112787,0.0,140.28682033542594,,,,False,0.5778095626112787,0.0
1132,0,274.53522,1515,8360.4023,0.98850369,2,216.21417,0.7837257255286105,0.0,190.29331370740428,,,,False,0.7837257255286105,0.0
1133,13852,352.80621,1515,6505.625,2.8307846,5,30.999708,1.0071001032987643,1.0860247827380132,3364.4761900887443,0.95201284,0.99234074,0.0,True,0.990573924309135,1.0579195699166093
1134,219,273.89243,1515,8380.0234,2.7117631,3,31.390406,0.781891137374971,0.597038863172928,1478.515899854062,0.83813161,0.55946583,0.0,True,0.7987632791624797,0.5857669532210497
1135,0,260.71826,1515,8803.4688,1.4507958,2,54.079182,0.744290844540795,0.0,180.71612683949476,0.8220309,0.0,0.0,True,0.7676128611785564,0.0
1136,1004,294.75308,1515,7786.9414,2.7272782,3,18.215311,0.841427541068626,0.771460795316836,2037.8453784179821,0.87779003,0.78732938,0.0,True,0.8523362877480383,0.7762213707217851
1137,0,350.08093,1515,6556.2695,1.9852521,2,129.36433,0.9993230393672631,0.0,242.65760959730358,0.95102859,0.0,0.0,True,0.9848347045570841,0.0
1138,9509,352.76895,1515,6506.3125,2.5609586,4,75.795753,1.0069937191444973,1.0431739553901942,3231.435653572194,0.95201188,0.96358001,0.0,True,0.9904991674011481,1.0192957717731361
1139,40763,454.49719,1515,5050.0312,3.0160122,4,77.325874,1.2972662975101223,1.2448257289379463,4824.750893487182,1.0584949,1.0542988,0.0,True,1.2256348782570856,1.1876676502565624
1140,16159,449.94073,1515,5101.1719,4.0308633,5,124.91379,1.2842659307105881,1.1349854769749605,4360.085947694242,1.059152,1.0499325,0.0,True,1.2167317514974116,1.1094695838824724
1141,466172,638.1358,1515,3596.7656,2.0150945,4,40.753544,1.821132726657613,1.5939566978500015,8329.14898554763,1.1941437,1.4044187,0.0,True,1.633036018660329,1.537095298495001
1142,429794,638.12195,1515,3596.8438,2.0241992,4,138.16173,1.8210931548986986,1.5840303818463473,8277.121901735916,1.1941435,1.4040785,0.0,True,1.633008258429089,1.530044817292443
1143,74482,463.57245,1515,4951.168,2.9984496,4,84.427399,1.3231592002794215,1.318564480472065,5200.513180814661,1.0610127,1.1387728,0.0,True,1.2445152501955952,1.2646269763304456
1144,407347,635.49524,1515,3611.7109,2.0847661,4,17.996273,1.8136010298249428,1.5766862264190282,8208.962476035806,1.1944364,1.4043046,0.0,True,1.62785164087746,1.5249717384933197
1145,0,405.91766,1515,5654.4102,1.4353415,2,16.169701,1.1586553269650812,0.0,281.36068156849046,1.0562787,0.0,0.0,True,1.127942338875557,0.0
1146,0,441.07333,1515,5203.7266,0.99253654,2,18.877247,1.2589654265995494,0.0,305.72873510968634,1.0603037,0.0,0.0,True,1.1993669086196845,0.0
1147,5462,414.62653,1515,5535.6445,1.5331237,4,141.58401,1.1835049739523043,0.9984045828387678,3568.2495474512343,1.0657051,0.92573321,0.0,True,1.148165011766613,0.9766031709871374
1148,0,341.11749,1515,6728.5469,2.0002694,2,19.495298,0.9737440221580835,0.0,236.4446264331853,1.0603037,0.0,13.650618974179208,True,0.9997119255106585,0.0
1149,5460,441.07199,1515,5203.7422,2.9896801,5,94.33345,1.2589616538693793,1.0055712991543255,3795.6760182028834,1.0603037,0.91509402,0.0,True,1.1993642677085654,0.9784281154080279
1150,398629,630.98425,1515,3637.5312,2.0728087,4,171.27858,1.8007346137682845,1.5726792668072533,8137.041299982356,1.1950107,1.4048251,0.0,True,1.6190174396377992,1.5223230167650772
1151,26860,460.54825,1515,4983.6797,4.007699,5,83.32534,1.3145308571927758,1.1977685201418256,4696.886556676984,1.0594136,1.1095245,0.0,True,1.2379956800349432,1.171295314099278
1152,2051,359.19168,1515,6389.9727,4.0129914,5,179.64201,1.0253219338264103,0.8703194881749841,2739.5755670754916,0.95493221,0.80752426,0.0,True,1.0042050166784873,0.8514809197224888
1153,68145,463.58707,1515,4951.0117,2.9922242,5,81.109123,1.323200954629205,1.3081181546568594,5159.456328446272,1.061013,1.1345474,0.0,True,1.2445445682404435,1.2560469282598017
1154,486,358.81836,1515,6396.6211,4.0190196,5,187.92386,1.0242565870527356,0.7061009030312128,2221.198821810961,0.95503443,0.82137227,0.0,True,1.003489939936915,0.740682313121849
1155,24678,460.54358,1515,4983.7305,4.0147552,6,81.111687,1.3145174633345347,1.1878167218252178,4657.821931286571,1.0594134,1.1063567,0.0,True,1.2379862443341743,1.1633787152776525
1156,38680,454.17715,1515,5053.5898,2.0446124,4,37.847507,1.296353159374129,1.2385728704080836,4797.53212157886,1.0583973,1.1263229,0.0,True,1.2249664015618904,1.2048978792856584
1157,1970,360.37292,1515,6369.0273,3.9982936,6,179.8203,1.0286927839297786,0.8660478930877014,2734.078543432862,0.9551332,0.85871178,0.0,True,1.006624908750845,0.8638470591613909
1158,36228,453.35153,1515,5062.793,2.0811272,4,11.486486,1.2939975650988345,1.2306316379952438,4759.1224174695935,1.0574707,1.1207434,0.0,True,1.223039505569184,1.1976651665966707
1159,44671,454.05466,1515,5054.9531,1.9543412,4,68.162392,1.2960036765477658,1.2554176662034453,4861.619806780341,1.0570395,1.1184391,0.0,True,1.224314423583436,1.2143240963424118
1160,248337,503.97473,1515,4554.2461,2.7478285,5,55.463078,1.4384275269348643,1.4745782707967805,6260.651295882308,1.1115782,1.1396197,0.0,True,1.340372728854405,1.3740906995577462
1161,360949,630.86298,1515,3638.2305,2.9816229,5,94.759346,1.8003886868509071,1.560533492183285,8072.8365426464825,1.1951056,1.4060681,0.0,True,1.618803760795635,1.5141938745282992
1162,40298,456.70724,1515,5025.5938,3.0392365,4,50.311405,1.3035718616984573,1.244187698058526,4842.972325514666,1.0611918,1.1290272,0.0,True,1.23085784318892,1.2096395486409683
1163,135046,624.1795,1515,3677.1875,3.043149,5,108.85564,1.7813253088432217,1.4387751148693606,7373.67308576967,1.195614,1.4055871,0.0,True,1.6056119161902553,1.4288187104085524
1164,50492,494.11853,1515,4645.0898,4.1567779,6,53.236473,1.4103084062910989,1.2824868064758488,5351.110873033003,1.1113392,1.1107481,0.0,True,1.3206176444037692,1.230965194533094
1165,393,385.04782,1515,5960.8828,3.0183542,4,46.945465,1.0991042469809436,0.6874523153956927,2302.1569298042095,0.99517274,0.46768942,0.0,True,1.0679247948866604,0.6215234467769849
1166,0,441.79865,1515,5195.1836,1.9950069,2,159.72221,1.2610348823792987,0.0,306.23148862269005,1.0604259,0.0,0.0,True,1.2008521876655092,0.0
1167,2401,385.03848,1515,5961.0273,3.1425285,5,48.044117,1.0990776127638424,0.895388034786362,2997.3217422886514,0.99517226,0.81269699,0.0,True,1.0679060069346897,0.8705807213504533
1168,36,313.25928,1515,7326.918,4.0135326,5,45.496891,0.8942424802310002,0.4057338963165589,1139.5076213338525,0.90076059,0.3272227,0.0,True,0.8961979131617,0.3821805374215912
1169,51843,451.50763,1515,5083.4688,2.993926,4,53.482727,1.288736607671179,1.272036925245846,4901.573051697177,1.0610552,1.1155936,0.0,True,1.2204321853698252,1.2251039276720923
1170,6184,384.44446,1515,5970.2383,3.8788238,5,109.71823,1.0973825022570887,1.0040066266179644,3356.217033381545,0.99313354,0.65732509,0.0,True,1.066107813579962,0.9000021656325751
1171,37732,476.90781,1515,4812.7227,3.3020663,5,43.292065,1.3612060793718443,1.242775468563349,5025.805597511049,1.0946171,1.1016817,0.0,True,1.281229385560291,1.2004473379943443
1172,80238,623.28693,1515,3682.4531,2.0033228,4,225.11293,1.7787795452545239,1.3751291284229559,7038.640570927991,1.1957071,1.406033,0.0,True,1.6038578116781665,1.3844002898960692
1173,10547,388.30313,1515,5910.9102,4.0204186,5,47.519489,1.1083932595035217,1.0666234733969082,3597.1572344561146,1.0009024,0.74062181,0.0,True,1.0761460016524653,0.9688229743778358
1174,15475,388.64038,1515,5905.7812,3.6282778,5,37.93074,1.1093555410836171,1.1108739346224636,3749.25662451922,1.00132,0.93921328,0.0,True,1.076944878758532,1.0593757382357245
1175,19545,432.63788,1515,5305.1875,2.2099657,4,27.66713,1.2348969788102684,1.151978471830086,4274.711930132861,1.0498234,1.0812955,0.0,True,1.1793749051671878,1.1307735802810601
1176,54730,451.50763,1515,5083.4688,4.3174706,6,63.959072,1.288736607671179,1.278386692486614,4926.040272519811,1.0610552,1.1118279,0.0,True,1.2204321853698252,1.22841905474063
1177,74998,622.33368,1515,3688.0938,3.0802007,5,92.187462,1.7760604919391536,1.3666508354401745,6985.847029361689,1.1957995,1.406056,0.0,True,1.6019821943574075,1.3784723848081222
1178,7850,377.59167,1515,6078.5898,2.8047118,4,54.782822,1.0778279780901552,1.0293095538062285,3386.439786716446,0.98034877,1.0266452,0.0,True,1.0485842156631087,1.02851024766436
1179,7880,378.83548,1515,6058.6328,3.2609818,6,54.714233,1.0813771475694123,1.0301358895830384,3399.0395781128364,0.98090953,1.0257573,0.0,True,1.0512368622985886,1.0288223127081269
1180,97,346.38757,1515,6626.1758,3.9977703,5,80.315292,0.9887833406183374,0.521064283629421,1591.6923987468847,0.9550848,0.49669659,0.0,True,0.9786737784328362,0.5137539755405948
1181,8290,416.74417,1515,5507.5156,3.3654799,5,51.81377,1.1895473732263544,1.047421962772722,3760.3020134933845,1.0680822,0.95648491,0.0,True,1.153107821258448,1.0201408469409055
1182,0,341.33765,1515,6724.207,2.0192578,3,22.042686,0.9743723036965144,0.0,236.5972297164574,0.95066428,0.47572646,12.936213165141442,True,0.9672598965875601,0.14271793800000002
1183,11984,441.08063,1515,5203.6406,4.0178308,5,45.604473,1.2589862253897477,1.0974236045074057,4142.406346437063,1.0603036,0.95888507,0.0,True,1.1993814377728234,1.055862044155184
1184,17402,621.16589,1515,3695.0273,2.9422779,5,61.052212,1.7727296224535916,1.1885256843423693,6065.346594021984,1.1957675,1.4036125,0.0,True,1.599640985717514,1.2530517290396586
1185,29136,463.64047,1515,4950.4414,3.0624566,5,48.820065,1.3233533282654533,1.2082698693677265,4766.1305817169805,1.058427,1.0541247,0.0,True,1.2438754297858172,1.1620263185574085
1186,2736,357.54648,1515,6419.375,2.9780676,3,41.798237,1.0206271724871419,0.9027178388456206,2829.9743130009124,0.95325875,0.86651504,0.0,True,1.0004166457409993,0.8918569991919345
1187,0,288.7037,1515,7950.1055,1.009829,1,46.184814,0.8241628345762794,0.0,200.11415567222429,0.86395729,0.0,0.0,True,0.8361011712033957,0.0
1188,22045,459.88718,1515,4990.8438,1.9942486,4,136.0594,1.31264467150557,1.1743696609324783,4599.300330782996,1.0547549,1.0309131,0.0,True,1.235277740053899,1.1313326926527347
1189,42323,483.90485,1515,4743.1328,2.004657,4,294.34088,1.3811688915702467,1.2584763240891899,5155.102826564001,1.0635852,1.1605799,0.0,True,1.2858937840991727,1.2291073968624329
1190,0,362.0097,1515,6340.2305,2.0184329,3,40.329414,1.033363547687146,0.0,250.92600289035164,0.95585757,0.0,0.0,True,1.010111754381002,0.0
1191,61132,463.16537,1515,4955.5195,3.0491283,5,79.930977,1.321997787347003,1.295215090625884,5104.46377333347,1.0605472,1.129378,0.0,True,1.2435626111429021,1.2454639634381186
1192,4430,356.08453,1515,6445.7305,2.9655876,3,95.763893,1.0164552953523138,0.957219167824416,2989.9015824445432,0.95102847,0.7572965,0.0,True,0.9968272477466197,0.8972423674770912
1193,3174,325.57358,1515,7049.7891,1.9783951,3,307.06006,0.929385396640637,0.9099312208690691,2625.222784520637,0.90659314,0.7283324,0.0,True,0.922547719648446,0.8554515746083484
1194,54765,461.32242,1515,4975.3164,2.0213456,4,80.725601,1.3167396410100876,1.2816892856679096,5033.416543946995,1.0586851,1.1244274,0.0,True,1.2393232787070612,1.2345107199675367
1195,13399,459.867,1515,4991.0625,4.564775,6,311.0387,1.312587176653531,1.1159000026195074,4370.155010356172,1.0547544,1.0143124,0.0,True,1.2352373436574717,1.085423721833655
1196,49800,460.39453,1515,4985.3438,2.0125191,4,80.477783,1.314092244799651,1.2702253849625216,4979.53995619662,1.0577561,1.1197325,0.0,True,1.2371914013597558,1.225077519473765
1197,5419,411.31595,1515,5580.1992,2.0011601,4,27.630951,1.1740587490553223,0.9965614522451162,3536.509172417266,1.0107911,0.91500717,0.0,True,1.1250784543387256,0.9720951675715812
1198,4008,411.31595,1515,5580.1992,2.0044599,4,19.962406,1.1740587490553223,0.9616088727315356,3412.5019137166414,1.0107911,0.88560688,0.0,True,1.1250784543387256,0.938808274912075
1199,74115,549.57965,1515,4176.3281,2.002387,4,69.39138,1.5685292425287574,1.3448684862140765,6162.656559794998,1.1244699,1.2264184,0.0,True,1.43531143977013,1.3093334603498537
1200,4793,459.858,1515,4991.1602,3.9951968,5,202.07022,1.3125614935666636,0.9951968041436953,3897.447837449869,1.0190554,0.75010222,0.0,True,1.2245096654966645,0.9216684289005868
1201,4359,411.28775,1515,5580.582,3.0058465,4,57.228939,1.1739782433522017,0.9713293550790961,3446.779166889549,1.0105363,0.88819253,0.0,True,1.1249456603465413,0.9463883075553673
1202,70886,547.84515,1515,4189.5508,2.0190115,4,85.056641,1.5635811475145718,1.3390188016058382,6118.803834837851,1.1234488,1.2254333,0.0,True,1.4315414432602003,1.3049431511240868
1203,5014,443.19055,1515,5178.8672,4.0185456,5,202.51694,1.2650063313202897,0.996172999347698,3776.1554804136354,1.0180496,0.7991637,0.0,True,1.1909193119242028,0.9370702095433885
1204,1210,393.1521,1515,5838.0078,3.9659874,5,233.49409,1.122229632934672,0.8185727176514009,2791.3905906173436,0.92337656,0.75871617,0.0,True,1.0625737110542703,0.8006157533559807
1205,35352,483.94153,1515,4742.7734,2.0064256,4,234.13681,1.381273510285996,1.2372269987177889,5068.400374378469,1.0635859,1.156293,0.0,True,1.2859672272001972,1.2129467991024523
1206,66070,547.74353,1515,4190.3281,3.023747,5,82.126137,1.5632912437673048,1.330554198582165,6079.131751467779,1.1234478,1.2245785,0.0,True,1.4313382106371133,1.2987614890075154
1207,885,360.11429,1515,6373.6016,4.0149641,5,187.92923,1.0279547281827681,0.7747048372438599,2444.3999764344767,0.95518023,0.87245774,0.0,True,1.0061223787279376,0.8040307080707019
1208,22859,459.6864,1515,4993.0234,4.0178485,6,80.342628,1.3120718933428062,1.178566861463363,4613.958671168289,1.0584856,1.1029927,0.0,True,1.2359960053399643,1.1558946130243541
1209,2025,359.49252,1515,6384.625,4.0337987,5,182.07471,1.026180464600571,0.8689473087788764,2737.2882615946387,0.9546358,0.80745691,0.0,True,1.0047170652203996,0.8505001891452135
1210,41514,454.05289,1515,5054.9727,2.0105352,4,81.370598,1.2959986534492505,1.2468235330373136,4828.323138524139,1.0570394,1.1106257,0.0,True,1.2243108774144753,1.2059641831261194
1211,517,359.36105,1515,6386.9609,3.9900975,5,186.67151,1.025805277620281,0.7132652852718223,2246.6907439535707,0.95468915,0.82151169,0.0,True,1.0044704393341968,0.7457392066902756
1212,20821,458.81058,1515,5002.5547,4.0175042,6,81.758362,1.3095730194995414,1.1673410535070163,4562.3268044807555,1.0575589,1.0994676,0.0,True,1.2339687836496789,1.1469790174549115
1213,1441,360.03683,1515,6374.9727,3.9913254,5,180.81396,1.0277337097161512,0.8302835074620617,2619.080560240743,0.95475584,0.79097939,0.0,True,1.005840348801306,0.8184922722234431
1214,1955,317.1958,1515,7235.9883,4.0041227,5,315.80969,0.9054767067984375,0.8527573951248907,2404.0802467525723,0.90994316,0.68706775,0.0,True,0.9068166427589062,0.8030505015874234
1215,38684,453.62628,1515,5059.7266,2.0099039,4,81.746437,1.2947814703642075,1.2384088725468858,4791.760116175907,1.0565768,1.1037344,0.0,True,1.2233200692549453,1.19800653078282
1216,559,360.02185,1515,6375.2383,4.0002904,5,187.43372,1.0276909065370226,0.722313846485677,2278.8378303899563,0.95475513,0.82135201,0.0,True,1.0058101735759157,0.7520252955399739
1217,13830,380.95615,1515,6024.9062,4.0179291,5,180.95581,1.0874285399911519,1.0954156641075643,3632.317852075151,0.96666437,0.88507217,0.0,True,1.0511992889938062,1.032312615875295
1218,44,362.1304,1515,6338.1172,4.5108314,6,94.798691,1.0337079904027044,0.4348081092137487,1386.4674403671547,0.94923264,0.26215053,0.0,True,1.008365385281893,0.38301083544962405
1219,0,309.6926,1515,7411.3008,1.4563355,2,10.790764,0.8840636561961199,0.0,214.66255253027893,0.88949662,0.0,0.0,True,0.8856935453372838,0.0
1220,32770,459.36368,1515,4996.5312,3.0877287,5,82.901733,1.3111511257006099,1.2207558859718641,4776.155665900335,1.0568255,1.1127199,0.0,True,1.2348534379904268,1.188345090180305
1221,262,334.50546,1515,6861.5469,5.4963665,6,21.120111,0.9548750675441033,0.6307533381929104,1865.185419684546,0.91491085,0.6819796,0.0,True,0.9428858022808724,0.6461212167350372
1222,2709,351.07114,1515,6537.7773,2.9825084,4,30.472149,1.002148774963579,0.8997124627900044,2775.242937056545,0.94172758,0.86007082,0.0,True,0.9840224164745053,0.8878199699530032
1223,268,354.70731,1515,6470.7578,5.7054639,6,47.119499,1.0125251109704152,0.6375367460259278,1985.801193321244,0.93971133,0.57344532,0.0,True,0.9906809766792906,0.6183093182181495
1224,5971,357.37534,1515,6422.4492,2.288764,5,54.622429,1.0201387863304485,0.991653229822482,3107.3802226292696,0.94773501,0.93129301,0.0,True,0.9984176534313141,0.9735451638757374
1225,4437,361.84586,1515,6343.1016,4.0400929,6,179.40865,1.032895960204896,0.959153336981436,3038.8482584057597,0.95310938,0.9374122,0.0,True,1.0089599861434273,0.9526309958870052
1226,20737,458.00055,1515,5011.4023,2.9667034,5,79.197906,1.3072618987168896,1.1666246422604076,4552.4207060671215,1.0554378,1.1026144,0.0,True,1.2317146691018226,1.1474215695822854
1227,2020,413.24429,1515,5554.1602,4.0628242,6,210.14056,1.179560987051745,0.8826958994316817,3145.5504080065057,1.0040946,0.84902805,0.0,True,1.1269210709362214,0.8725955446021771
1228,8468,490.09521,1515,4683.2227,4.0487671,6,83.665108,1.3988299445679755,1.0700140581041353,4432.561142396431,1.0506843,1.0008491,0.0,True,1.2943862511975828,1.0492645706728947
1229,3053,413.12109,1515,5555.8164,3.977917,5,202.16368,1.1792094840933611,0.9305435181048657,3315.1045929007546,1.0044953,0.916421,0.0,True,1.1267952288653529,0.9263067626734061
1230,3948,488.32303,1515,4700.2188,4.0126667,6,42.616692,1.3937738945132927,0.9793300977561494,4044.0329421840675,1.0493859,0.99018562,0.0,True,1.2904574961593047,0.9825867544293045
1231,11339,492.85855,1515,4656.9648,4.0614104,6,82.527115,1.4067137424454508,1.1052862955403708,4601.416017483356,1.0496264,1.0364182,0.0,True,1.2995875397118155,1.0846258668782596
1232,32486,453.45197,1515,5061.6719,3.9796433,6,206.83798,1.2942840569369474,1.2178828752669906,4710.742956747431,1.0075989,0.91781837,0.0,True,1.208278509855863,1.1278635236868935
1233,0,488.3425,1515,4700.0312,1.9988775,3,15.714814,1.3938295028177654,0.0,338.4932270225951,,,,False,1.3938295028177654,0.0
1234,5966,429.95139,1515,5338.3359,4.011909,6,206.72812,1.2272317570379085,1.0129052215211638,3738.0692475451797,1.0080633,0.89498419,0.0,True,1.1614812199265359,0.9775289120648147
1235,3624,487.45688,1515,4708.5703,4.048367,6,42.339382,1.3913028343361356,0.9690028507726294,3995.1407216878897,1.0457596,1.0230201,0.0,True,1.2876398640352948,0.9852080255408405
1236,28333,452.43484,1515,5073.0508,2.5290723,5,165.63872,1.2913821098558502,1.201531965477519,4638.295502797233,1.0074121,0.90985823,0.0,True,1.2061911068990951,1.1140298448342634
1237,44840,502.1683,1515,4570.6289,4.0074906,6,201.19113,1.433273933454259,1.270858932334453,5378.674685121311,1.0216948,1.0620751,0.0,True,1.3098001934179813,1.2082237826341171
1238,19907,499.88864,1515,4591.4727,4.0585685,6,79.757957,1.4267701666605357,1.1738806601214968,4948.361240360271,1.020679,1.0412019,0.0,True,1.3049428166623749,1.1340770320850477
1239,14707,496.30972,1515,4624.582,4.0360498,5,76.695885,1.4165597431818178,1.1370125453658981,4762.694695495641,1.018898,1.0282863,0.0,True,1.2972612202272724,1.1043946717561286
1240,41902,547.65875,1515,4190.9766,2.9706819,5,82.253922,1.56304945983472,1.2759377073619362,5828.806868224225,1.1234456,1.2224624,0.0,True,1.431168301884304,1.2598951151533553
1241,19294,484.12134,1515,4741.0117,1.9307576,4,115.33096,1.3817865576274293,1.1657439809682208,4777.141441198121,1.0635912,1.1381228,0.0,True,1.2863279503392007,1.1574576266777545
1242,2466,325.56726,1515,7049.9258,2.9891009,5,313.39124,0.9293673807131693,0.8814562407934083,2543.0590606750047,0.90688705,0.80393046,0.0,True,0.9226232814992186,0.8581985065553858
1243,34866,547.64191,1515,4191.1055,2.0097423,4,81.4907,1.563001410226769,1.2538964390468794,5727.96460099681,1.1234454,1.2195987,0.0,True,1.4311346071587385,1.2436071173328156
1244,2520,390.28061,1515,5880.9609,4.0672026,6,203.53926,1.1140359286986967,0.9023530032893827,3056.9928955619093,0.92090875,0.82314068,0.0,True,1.0560977750890879,0.8785893063025678
1245,20875,444.83023,1515,5159.7773,3.5002875,4,40.938515,1.2696847285003212,1.1634212099573351,4424.460891415941,1.0082629,0.92255968,0.0,True,1.1912581799502249,1.0911627509701347
1246,7375,407.00638,1515,5639.2852,6.0105963,6,56.915089,1.161761828621893,1.03101886397678,3624.848609730382,0.97348708,0.71354663,0.0,True,1.105279404035325,0.935777193783746
1247,2051,357.66684,1515,6417.2148,4.0241795,5,181.10028,1.020970634871047,0.869897372474076,2727.9455248437243,0.95264482,0.80661601,0.0,True,1.0004728904097329,0.8509129637318531
1248,14183,457.03903,1515,5021.9453,2.0214121,4,81.48703,1.3045185443658434,1.1217647640274877,4369.265863161782,1.054513,1.0956531,0.0,True,1.2295168810560904,1.1139312648192414
1249,8035,460.18433,1515,4987.6211,4.4770842,7,316.74274,1.3134924833730603,1.0559428558588406,4137.890593328643,1.0547602,0.98633271,0.0,True,1.2358727983611422,1.0350598121011885
1250,2068,357.73434,1515,6416.0039,3.9922814,5,180.70287,1.0211632638193975,0.8708571692702419,2731.4103964504466,0.95286494,0.80678016,0.0,True,1.0006737666735783,0.8516340664891694
1251,7660,456.06561,1515,5032.6641,2.0289342,4,81.25148,1.3017412243509197,1.0492236400898705,4079.0637340172516,1.0535893,1.0879893,0.0,True,1.2272956470456438,1.0608533380629093
1252,10612,456.46066,1515,5028.3086,4.0034699,6,80.978424,1.3028683388787758,1.0875702720152052,4231.357984073261,1.0552462,1.0792401,0.0,True,1.228581697215143,1.0850712204106436
1253,85,356.58374,1515,6436.707,4.0217009,5,181.84349,1.0178798025332758,0.5078935295865247,1592.4702194462152,0.95227641,0.51930028,0.0,True,0.9981987847732932,0.5113155547105672
1254,3199,454.11957,1515,5054.2305,3.0656567,5,80.850571,1.2961888920470737,0.9463370809013769,3665.298292747142,1.051748,1.0815619,0.0,True,1.2228566244329515,0.9869045266309638
1255,10214,409.7027,1515,5602.1719,4.0430641,6,102.04391,1.169455528252019,1.0695326799726415,3782.2566755608336,0.97762144,0.91349202,0.0,True,1.1119053017764133,1.022720481980849
1256,6173,456.46066,1515,5028.3086,4.012187,6,81.104805,1.3028683388787758,1.0240122447621223,3984.109219810892,1.0552462,1.0721722,0.0,True,1.228581697215143,1.0384602313334856
1257,0,487.51999,1515,4707.9609,1.9892138,3,16.166,1.391482848558174,0.0,337.9231065351127,,,,False,1.391482848558174,0.0
1258,8750,430.71979,1515,5328.8125,5.5448632,7,207.70979,1.2294241843489375,1.057738137969377,3909.659696444434,1.0089191,0.92567778,0.0,True,1.1632726590442561,1.0181200305785638
1259,28988,452.28754,1515,5074.7031,1.99756,4,80.860825,1.2909618074237237,1.2041645589807728,4647.121601332947,1.0551897,1.0729803,0.0,True,1.2202301751966065,1.164809281286541
1260,537,357.29037,1515,6423.9766,3.9988046,5,187.29169,1.0198963080148193,0.7171159289882938,2247.254803524837,0.9527514,0.82177562,0.0,True,0.9997528356103735,0.7485138362918058
1261,12843,456.45746,1515,5028.3438,4.0065198,6,80.601204,1.3028592220137363,1.1099543621536647,4318.411615107278,1.0552462,1.0837084,0.0,True,1.2285753154096153,1.1020805735075654
1262,25677,452.28546,1515,5074.7266,2.0033967,4,80.728882,1.2909558316040932,1.189949998645137,4592.248222728426,1.0551896,1.0612483,0.0,True,1.2202259621228653,1.1513394890515958
1263,485,357.5267,1515,6419.7305,4.0082903,5,187.037,1.020570671679483,0.7055761666994499,2212.4696506541122,0.95291752,0.77232999,0.0,True,1.000274726175638,0.7256023136896149
1264,5854,408.34656,1515,5620.7773,4.0258827,6,366.31616,1.1655858768814518,1.0046663076813307,3542.4970836571915,1.0242922,0.99539983,0.0,True,1.1231977738170162,1.0018863643769316
1265,22478,452.28232,1515,5074.7617,2.0245616,4,80.859581,1.2909469061212033,1.174355586998542,4532.041303461195,1.0551895,1.0511611,0.0,True,1.2202196842848423,1.1373972408989794
1266,479,356.59067,1515,6436.582,3.9807599,5,186.27422,1.0178995638681965,0.7039489170276154,2202.2566476780844,0.9522754,0.77425218,0.0,True,0.9982123147077375,0.7250398959193308
1267,19371,449.49225,1515,5106.2617,2.0276523,4,43.619846,1.2829863062281286,1.1560842532280313,4437.223707401503,1.0524222,1.0392129,0.0,True,1.21381707435969,1.121022847259622
1268,0,295.25177,1515,7773.7891,1.9757574,2,50.361149,0.8428507673555113,0.0,204.65293193083346,0.87276006,0.0,0.0,True,0.8518235551488579,0.0
1269,0,372.45007,1515,6162.5039,1.9999938,2,60.73106,1.0631560813400769,0.0,258.16271591985424,0.96119368,0.0,0.0,True,1.032567360938054,0.0
1270,10432,543.90625,1515,4219.8906,4.534368,6,39.594948,1.5523447740994571,1.1083402228002763,5032.6693387265805,1.1208946,1.2165983,0.0,True,1.4229097218696198,1.1408176459601935
1271,14339,484.10779,1515,4741.1445,3.320184,5,80.68792,1.3817478699477994,1.1306775320106988,4633.336522740038,1.0635909,1.1336557,0.0,True,1.2863007789634595,1.131570982407489
1272,21194,439.08942,1515,5227.2383,4.501832,7,77.868652,1.2533048665480824,1.1634283809007135,4374.019011615377,1.0091335,0.93334478,0.0,True,1.1800534565836576,1.0944033006304994
1273,0,540.50751,1515,4246.4258,2.547801,4,34.839523,1.5426489994787296,0.0,374.65125662797647,1.1183645,1.212574,12.713811181944724,True,1.4153636496351107,0.36377220000000005
1274,22688,439.28998,1515,5224.8516,4.274847,6,76.613976,1.2538771542183484,1.1714461226371853,4405.9377411267,1.0089984,0.9534964,0.0,True,1.1804135279528438,1.1060612058460297
1275,12111,409.38159,1515,5606.5664,2.5637767,4,28.339624,1.1685392205982659,1.0891685446490016,3849.0198471800895,0.97790205,0.86918551,0.0,True,1.1113480694187863,1.023173634254301
1276,11491,408.26822,1515,5621.8555,2.3097403,4,82.403404,1.165362411912899,1.0827400086559145,3817.1010419431514,0.97720969,0.87628472,0.0,True,1.1089165953390292,1.02080342205914
1277,10676,408.49841,1515,5618.6875,4.0129423,6,95.146271,1.1660192475973128,1.0742913187954661,3789.207079925145,0.97732186,0.90371937,0.0,True,1.109410031318119,1.0231197341568263
1278,0,393.67761,1515,5830.2148,1.9726214,3,37.074333,1.1237291551281035,0.0,272.87652542107776,,,,False,1.1237291551281035,0.0
1279,5368,352.64804,1515,6508.543,5.5812016,6,35.937862,1.0066487249572917,0.9780289843658455,3028.7470274498537,0.95094812,0.91762578,0.0,True,0.9899385434701042,0.9599080230560919
1280,2686,330.01782,1515,6954.8516,2.4091229,4,22.670572,0.9420683646219535,0.8924631968008035,2606.0031081113466,0.9230386,0.86417842,0.0,True,0.9363594352353675,0.8839777637605624
1281,0,302.04941,1515,7598.8398,4.2500548,4,12.550512,0.8622507488882506,0.0,209.36469693129496,0.88907754,0.0,0.0,True,0.8702987862217755,0.0
1282,5400,371.89139,1515,6171.7617,4.8255816,6,33.169201,1.061561836720977,0.9846605512200627,3196.229675469476,0.97800046,1.0099518,0.0,True,1.036493423704684,0.992247925854044
1283,0,324.09079,1515,7082.043,1.0193001,2,22.387833,0.9251538718397985,0.0,224.64261733394534,0.91529924,0.0,0.0,True,0.9221974822878589,0.0
1284,66,300.34366,1515,7641.9961,3.907104,4,11.720285,0.857382673145218,0.470228534748561,1267.302387570793,0.88615519,0.48547703,0.0,True,0.8660144282016526,0.4748030833239927
1285,6439,373.78922,1515,6140.4258,2.027,4,22.176535,1.0669774488329384,1.0054047071911374,3278.2955852178748,0.97873962,1.0110849,0.0,True,1.040506100183057,1.0071087650337962
1286,0,345.51053,1515,6642.9961,2.0525668,3,207.7108,0.9862804599282791,0.0,239.4896497232724,1.0774902,0.0,0.0,True,1.0136433819497954,0.0
1287,44656,450.78714,1515,5091.5938,3.7145629,6,95.931503,1.28668089114794,1.2543167299683828,4826.482675404638,1.0601305,1.100789,0.0,True,1.218715773803558,1.208258410977868
1288,8455,373.96313,1515,6137.5703,1.9996703,4,250.51636,1.0674736975859078,1.0366812594797696,3381.65501145417,0.97884506,1.0135549,0.0,True,1.0408851063101356,1.0297433516358387
1289,42614,471.5556,1515,4867.3477,4.1167822,6,60.371513,1.3459358857716446,1.2554541577756417,5026.77564558211,1.0648903,1.1771978,0.0,True,1.261622210040151,1.2319772504429491
1290,0,621.17578,1515,3694.9688,0.9949339,2,21.111,1.7727576737270871,0.0,430.56624053912486,,,,False,1.7727576737270871,0.0
1291,34863,466.14459,1515,4923.8477,4.0402293,6,57.827572,1.3304978571971726,1.2301400579946742,4875.517554008648,1.0638566,1.1747911,0.0,True,1.2505054800380209,1.213535370596272
1292,0,374.62024,1515,6126.8047,1.9681623,3,63.547638,1.0693487768878687,0.0,259.6669631366901,,,,False,1.0693487768878687,0.0
1293,7916,374.1279,1515,6134.8672,3.0318975,5,41.856087,1.0679438866999797,1.0291823249428282,3358.506473680461,0.97895193,1.0034364,0.0,True,1.0412462996899858,1.0214585474599798
1294,9434,408.33548,1515,5620.9297,3.2188063,5,293.3754,1.1655542856475019,1.0599199017069096,3737.2036851257953,1.0242915,1.0160084,0.0,True,1.1231754499532514,1.0467464511948368
1295,6479,350.51428,1515,6548.1641,3.0043004,4,135.40982,1.0005596363195879,0.9987570554292298,3076.3341797767202,0.95863724,0.91758549,0.0,True,0.9879829174237116,0.9744055858004609
1296,1238,302.18735,1515,7595.3711,3.0203862,4,50.156601,0.862644423112308,0.7970353201260464,2152.4401999654115,0.8874532,0.8334797,0.0,True,0.8700870561786156,0.8079686340882325
1297,39,311.10638,1515,7377.6211,3.976496,4,294.0871,0.8880984160188957,0.41417308953335685,1155.3159625414958,0.89022815,0.32328352,0.0,True,0.888737336213227,0.3869062186733498
1298,0,252.33626,1515,9095.8984,2.0000057,2,79.258743,0.7203674432910375,0.0,174.9061671720413,0.81075633,0.0,0.0,True,0.7474841093037263,0.0
1299,1224,285.7298,1515,8032.8516,3.0607882,4,47.9813,0.8156752776528717,0.7908094380559493,2031.9709347440237,0.86952215,0.26467392,0.0,True,0.8318293393570102,0.6329687826391645
1300,9610,350.51743,1515,6548.1055,2.011785,4,171.89874,1.0005685877471167,1.043616420958787,3214.513889177367,0.95863724,0.93447506,0.0,True,0.9879891834229817,1.0108740126711508
1301,4190,302.1886,1515,7595.3398,2.986089,4,48.747726,0.8626479770892466,0.9334141251115333,2520.534934258689,0.8874532,0.88244939,0.0,True,0.8700895439624726,0.9181247045780734
1302,36544,450.34491,1515,5096.5938,2.0120285,4,200.88094,1.2854190913835146,1.2306902691283164,4731.470896281533,1.0596666,1.0884836,0.0,True,1.2176933439684603,1.1880282683898216
1303,0,240.39276,1515,9547.8125,2.0172176,2,65.385239,0.6862783755942455,0.0,166.62756382102359,0.79633009,0.0,0.0,True,0.7192938899159719,0.0
1304,0,394.02396,1515,5825.0898,2.0078664,3,43.797318,1.1247174892910732,0.0,273.11659694706464,,,,False,1.1247174892910732,0.0
1305,21071,466.68515,1515,4918.1445,3.1368828,5,100.91664,1.332040107710174,1.1710802623994552,4646.199692365333,1.0638628,1.1756376,0.0,True,1.2515869153971217,1.1724474636796187
1306,18814,458.80664,1515,5002.5977,4.0151324,6,81.491188,1.3095617675182205,1.1554413106113803,4515.787309853734,1.0575588,1.0958472,0.0,True,1.2339608772627544,1.1375630774279664
1307,35912,453.20572,1515,5064.4219,3.0030131,5,80.465729,1.2935815332966292,1.2295583003391322,4753.621532084488,1.0561148,1.0961682,0.0,True,1.2223415133076405,1.1895412702373924
1308,14900,380.82181,1515,6027.0312,4.0131984,6,188.43816,1.087045263545762,1.1039319161591543,3659.412248550096,0.9668588,0.90015036,0.0,True,1.0509893244820334,1.042797449311408
1309,18070,458.39145,1515,5007.1289,4.0030947,6,80.355591,1.308377153107324,1.1505827133889144,4493.2075681370225,1.0570967,1.0921149,0.0,True,1.2329930171751267,1.13304236937224
1310,14715,380.83859,1515,6026.7656,2.9917319,5,45.477791,1.087093153817362,1.1025022631327714,3654.816001289201,0.96685922,0.91159225,0.0,True,1.0510229736721535,1.04522925919294
1311,10023,380.83859,1515,6026.7656,2.9976552,5,47.727753,1.087093153817362,1.0583923506350217,3508.603949017714,0.96685922,0.91564733,0.0,True,1.0510229736721535,1.0155688444445152
1312,33600,452.28754,1515,5074.7031,3.0155923,5,81.880173,1.2909618074237237,1.2214675069029426,4713.894912224367,1.0551897,1.0921999,0.0,True,1.2202301751966065,1.1826872248320597
1313,7354,380.83514,1515,6026.8203,3.0061591,5,55.947582,1.0870832905285999,1.0228231113396966,3390.6786808073025,0.96685904,0.8874799,0.0,True,1.0510160153700199,0.9822201479377877
1314,2180,361.35385,1515,6351.7383,4.0226336,5,188.71333,1.0314919343986235,0.8778779708287812,2778.087374865207,0.9532069,0.93978119,0.0,True,1.0080064240790365,0.8964489365801469
1315,15116,456.93808,1515,5023.0547,4.0363774,6,82.504646,1.3042305409590111,1.1292107657809858,4397.408208321046,1.0557081,1.0879787,0.0,True,1.2296738086713077,1.11684114604669
1316,16008,350.52264,1515,6548.0078,3.0006881,4,37.668583,1.0005835122409503,1.1016836367096787,3393.398743633529,0.95863742,0.97754818,0.0,True,0.9879996845686652,1.064442999696775
1317,16336,350.52347,1515,6547.9922,1.9796627,4,23.885063,1.0005858953129168,1.1039919529925457,3400.515449459722,0.95863742,0.96754891,0.0,True,0.9880013527190417,1.0630590400947821
1318,2752,284.98309,1515,8053.8984,2.0125594,4,48.290955,0.8135442484887373,0.8806089013127587,2257.296817705574,0.86873692,0.86067796,0.0,True,0.8301020499421161,0.8746296189189311
1319,0,284.78793,1515,8059.418,1.9999851,2,47.097343,0.812987220080837,0.0,197.39995073700308,0.86913675,0.0,0.0,True,0.8298320790565858,0.0
1320,0,240.69606,1515,9535.7812,1.9860506,2,205.16942,0.6871440718025301,0.0,166.8377953608874,,,,False,0.6871440718025301,0.0
1321,4159,380.83612,1515,6026.8047,2.9812379,4,53.027287,1.0870861034409725,0.957355295371493,3173.7018843875126,0.96685904,0.87816668,0.0,True,1.0510179844086807,0.933598710760045
1322,6954,285.0481,1515,8052.0625,2.9954488,4,179.67166,0.8137296935217005,0.9836736674215077,2521.9231225201497,0.87049031,0.77065456,0.0,True,0.8307578784651904,0.9197679351950554
1323,33824,448.9527,1515,5112.3984,2.0052624,4,74.921814,1.2814468676764839,1.2211876525193994,4682.120981432478,1.0582681,1.078599,0.0,True,1.2144932373735386,1.1784110567635797
1324,0,238.11134,1515,9639.293,1.0180422,2,67.77771,0.6797666879047884,0.0,165.04620398035053,0.95366669,0.0,0.0,True,0.761936688533352,0.0
1325,0,239.13771,1515,9597.9219,0.99334633,2,62.176395,0.6826961591978807,0.0,165.75762945206182,,,,False,0.6826961591978807,0.0
1326,28474,348.30145,1515,6589.7656,2.9854083,4,135.9348,0.9942449728081383,1.166374664815977,3572.464200822251,0.95179123,0.92127997,0.0,True,0.9815088499656968,1.0928462563711838
1327,0,466.45062,1515,4920.6172,0.86259252,2,2.357317,1.3313710051900078,0.0,323.31893212343846,,,,False,1.3313710051900078,0.0
1328,5442,282.78671,1515,8116.4531,4.0253263,4,98.356209,0.8072756877451963,0.9555730263212748,2432.607451914695,0.87069291,0.25600007,0.0,True,0.8263008544216374,0.7457011394248924
1329,16278,348.29941,1515,6589.8047,2.016269,4,58.595413,0.9942390753369288,1.1027887655284596,3377.700624718883,0.95179111,0.87908071,0.0,True,0.9815046857358501,1.0356763488699219
1330,10868,347.98917,1515,6595.6797,2.0563133,4,51.037983,0.9933537406688023,1.0567443324547194,3234.128517637864,0.95141518,0.80569041,0.0,True,0.9807721724681617,0.9814281557183036
1331,0,345.20764,1515,6648.8242,1.0641509,2,6.1860857,0.9854161849187987,0.0,239.2797023737526,0.95146871,0.76625347,11.36408935716076,True,0.975231942443159,0.22987604100000003
1332,0,283.05725,1515,8108.6953,2.0076845,2,77.36908,0.8080478389725256,0.0,196.20033477455158,,,,False,0.8080478389725256,0.0
1333,0,447.92117,1515,5124.1719,1.0083666,2,242.5744,1.2785037134103172,0.0,310.475296098612,,,,False,1.2785037134103172,0.0
1334,0,483.88333,1515,4743.3438,1.7526574,3,37.372337,1.3811074783937933,0.0,335.4023659094576,,,,False,1.3811074783937933,0.0
1335,0,325.44266,1515,7052.625,2.0141249,3,62.393768,0.929011791516859,0.0,225.57966221292887,,,,False,0.929011791516859,0.0
1336,8688,408.76102,1515,5615.0781,4.0084996,6,180.70253,1.1667685036691267,1.0505074254692108,3707.4331098225102,0.97751421,0.91721612,0.0,True,1.1099922155683888,1.0105200338284475
1337,0,452.267,1515,5074.9336,2.0064173,3,68.227219,1.2909031959231494,0.0,313.4875959103048,1.0499156,1.0767728,6.256926394574622,True,1.2186069171462046,0.32303184000000007
1338,0,459.56058,1515,4994.3906,2.0113804,3,70.923752,1.3117128612261861,0.0,318.5431203234932,,,,False,1.3117128612261861,0.0
1339,0,454.9494,1515,5045.0117,2.0089257,3,37.569736,1.2985564922961483,0.0,315.3468939074388,,,,False,1.2985564922961483,0.0
1340,4200,408.83383,1515,5614.0781,3.9903305,5,187.04228,1.1669762587043833,0.9663535327909181,3411.02978669461,0.97751606,0.91970289,0.0,True,1.1101381990930683,0.9523583399536426
1341,10790,364.74728,1515,6292.6445,2.9805682,4,43.160164,1.0411755278204544,1.0616001631895546,3387.2476456852164,0.96011531,0.62902439,0.0,True,1.016857462474318,0.9318274312326882
1342,7395,363.56219,1515,6313.1562,2.0241256,4,11.999777,1.0377937777262929,1.0180357560822868,3238.913669366929,0.96241599,0.9083339,0.0,True,1.015180441408405,0.9851251992576008
1343,6499,446.79956,1515,5137.0352,1.9987869,4,38.006496,1.2753035452509882,1.0274718930171327,3922.771141390389,1.0496736,1.0307976,0.0,True,1.2076145616756917,1.0284696051119928
1344,4255,363.36996,1515,6316.4961,3.0281162,5,39.333599,1.0372452093037805,0.9548289463465418,3036.435651730177,0.96280092,0.96502316,0.0,True,1.0149119225126464,0.9578872104425793
1345,0,293.3725,1515,7823.5859,1.9940962,2,22.40517,0.8374874282230576,0.0,203.35032122882254,0.87306273,0.0,1.3205853251479955,True,0.8481600187561402,0.0
1346,0,363.37268,1515,6316.4492,1.9768732,3,17.295113,1.0372529084715314,0.0,251.87074863451122,,,,False,1.0372529084715314,0.0
1347,0,446.72687,1515,5137.8711,1.002694,2,0.86270219,1.2750961419498674,0.0,309.64747042086924,,,,False,1.2750961419498674,0.0
1348,0,405.78983,1515,5656.1914,2.0262966,3,8.287343,1.1582905819922638,0.0,281.2720765643995,,,,False,1.1582905819922638,0.0
1349,0,379.25653,1515,6051.9062,1.9831438,3,18.405313,1.082578684441728,0.0,262.8805944784483,0.95536596,0.79313123,12.290573862869422,True,1.0444148671092095,0.237939369
1350,0,375.78967,1515,6107.7383,2.0168562,3,10.950631,1.0726858480550012,0.0,260.4775502440523,,,,False,1.0726858480550012,0.0
1351,11564,483.89529,1515,4743.2266,3.1883864,5,60.339699,1.381141589682908,1.1052123245089138,4527.239670299788,1.0480138,1.0109049,0.0,True,1.2812032527780355,1.0769200971562398
1352,10345,397.37195,1515,5776.0117,3.1587768,5,100.02022,1.1342707751404555,1.0672325212532785,3673.4858788219676,0.95801979,0.91066521,0.0,True,1.081395479598319,1.0202623278772949
1353,9827,464.40488,1515,4942.293,4.6435537,6,31.119406,1.3255342694556373,1.0807410978284262,4269.317009337638,1.0303259,0.99824899,0.0,True,1.2369717586189461,1.0559934654798984
1354,40972,491.43066,1515,4670.4961,2.0217597,4,60.584839,1.402639974323279,1.2569340302787817,5219.33416975747,1.0558448,1.1680974,0.0,True,1.2986014220262954,1.230283041195147
1355,8177,397.57092,1515,5773.1211,3.850513,5,159.59212,1.134838507495474,1.0401449807122882,3581.8456975034023,0.95802432,0.86703229,0.0,True,1.0817942512468317,0.9882111734986018
1356,1254,380.35468,1515,6034.4336,4.278718,4,16.61359,1.0857122340796759,0.819562211034842,2714.0920774589385,0.95816976,0.79590654,0.0,True,1.047449491855773,0.8124655097243894
1357,0,307.31656,1515,7468.6016,1.9557302,2,14.413524,0.877282735801307,0.0,213.01560710338126,0.87306786,0.0,0.0,True,0.8760182730609148,0.0
1358,0,290.61499,1515,7897.8203,1.950282,2,15.340405,0.8296175812669588,0.0,201.43896094695668,0.82202685,0.0,0.0,True,0.8273403618868712,0.0
1359,1232,354.45074,1515,6475.4414,4.2732697,4,15.629907,1.0117929912464545,0.8109633928444941,2522.9861110047286,0.89636844,0.79179597,0.0,True,0.9771656258725181,0.8052131659911459
1360,2964,391.72388,1515,5859.293,4.0353785,5,248.99454,1.118154272398534,0.9214337796403568,3131.8204819129605,0.92181098,0.85386795,0.0,True,1.059251284678974,0.9011640307482498
1361,6904,456.32309,1515,5029.8242,4.489079,6,64.599144,1.3024759111674888,1.0371039726881168,4033.9626830768784,1.0094699,0.96777308,0.0,True,1.214574107817242,1.0163047048816818
1362,2245,392.2825,1515,5850.9492,3.9913006,5,248.88992,1.1197482817260094,0.8895700504460884,3027.3818504310416,0.92328358,0.85442036,0.0,True,1.0608088712082067,0.8790251433122618
1363,37524,491.05283,1515,4674.0898,2.9802494,5,90.289452,1.401562008011399,1.2464171603116247,5172.15599603722,1.0554969,1.1681312,0.0,True,1.2977424756079794,1.2229313722181374
1364,52847,492.86478,1515,4656.9062,2.9785833,5,113.87297,1.4067314361747871,1.2874980764789394,5360.000132592146,1.0011522,1.0037909,0.0,True,1.2850576653223509,1.2023859235352576
1365,59312,494.99185,1515,4636.8945,3.012928,5,45.750458,1.4127999267346176,1.3018244479533407,5440.257745786297,1.0032901,1.0387442,0.0,True,1.2899469787142324,1.2229003735673385
1366,8197,450.29553,1515,5097.1523,4.0679693,6,83.137321,1.2852783019894545,1.0555954541765427,4057.9586112100474,1.0040482,0.94893664,0.0,True,1.2009092713926182,1.0235978099235798
1367,55065,495.84607,1515,4628.9062,4.0130014,6,81.278557,1.4152370025826955,1.2932881165213144,5412.807381739166,1.0052948,1.0276924,0.0,True,1.2922543418078867,1.21360940156492
1368,5675,382.26947,1515,6004.207,3.9779518,5,82.795906,1.091176146564649,0.9934817823008195,3304.405420311626,0.92097324,0.92397928,0.0,True,1.0401152745952542,0.9726310316105736
1369,53855,496.98853,1515,4618.2656,4.0604739,6,84.222382,1.4184963327064188,1.291007567790296,5414.236614245641,1.0066361,1.0338384,0.0,True,1.2949382628944932,1.2138568174532072
1370,23335,490.72678,1515,4677.1953,3.019593,5,84.470772,1.4006318158444082,1.1901123310233823,4935.629532322524,1.0554894,1.1642579,0.0,True,1.2970890910910857,1.1823560017163675
1371,6763,378.93173,1515,6057.0938,4.0049148,6,112.02092,1.0816518156113744,1.0126171878795374,3341.9950394267557,0.95479888,0.91122502,0.0,True,1.043595934927962,0.9821995375156761
1372,55171,497.29474,1515,4615.4219,4.0112987,6,80.263596,1.419369932327306,1.2939628882232674,5429.5778429472475,1.0069973,1.0407743,0.0,True,1.2956581426291143,1.2180063117562874
1373,7599,378.89215,1515,6057.7266,4.0022383,5,45.976521,1.0815388617911608,1.0259849986094163,3385.793550213365,0.95479816,0.91016346,0.0,True,1.0435166512538125,0.9912385370265915
1374,11716,477.82269,1515,4803.5078,4.0059533,6,82.187317,1.3638162879955413,1.105107192656542,4476.6641128890105,1.0538622,1.050385,0.0,True,1.2708300615968788,1.0886905348595792
1375,3105,379.23746,1515,6052.2109,4.0170636,6,217.48152,1.0825241997647654,0.9233426988853459,3049.6050065694294,0.95536643,0.87530714,0.0,True,1.0443768688353359,0.9089320312197421
1376,5347,378.93173,1515,6057.0938,4.0142412,6,197.88525,1.0816518156113744,0.9856475230130609,3253.001924502175,0.95479888,0.9122324,0.0,True,1.043595934927962,0.9636229861091428
1377,6511,476.73599,1515,4814.457,4.0406857,6,99.919739,1.3607159390667498,1.0355424977381107,4186.483535270023,1.0529642,1.0297159,0.0,True,1.2683904173467249,1.0337945184166775
1378,0,425.85834,1515,5389.6445,2.0286462,3,28.989956,1.2155530301987865,0.0,295.1825076889386,,,,False,1.2155530301987865,0.0
1379,6081,450.29553,1515,5097.1523,3.8905206,6,99.548065,1.2852783019894545,1.0206234810347687,3923.539001184477,1.0040482,0.92500126,0.0,True,1.2009092713926182,0.9919368147243381
1380,3434,428.65692,1515,5354.457,4.1321211,6,197.39053,1.2235382100014283,0.9482343548319564,3490.1517693805117,1.0002648,1.0002482,0.0,True,1.1565561870009997,0.9638385083823695
1381,0,475.63617,1515,4825.5898,1.988953,3,6.7582192,1.3575780215894941,0.0,329.6858702078308,,,,False,1.3575780215894941,0.0
1382,0,448.65067,1515,5115.8398,2.1210742,3,34.732727,1.2805851816091667,0.0,310.9809469668304,,,,False,1.2805851816091667,0.0
1383,226,388.7049,1515,5904.8008,4.0200443,5,207.09064,1.1095396698885835,0.6247042776635088,2110.413249768173,0.91935194,0.64553529,0.0,True,1.0524833509220084,0.6309535813644561
1384,2623,382.12625,1515,6006.457,4.0911241,6,119.50713,1.0907675314526875,0.904766580392901,3008.417364426924,0.92096883,0.92077094,0.0,True,1.0398279210168813,0.9095678882750307
1385,11282,490.1185,1515,4683.0,3.0336432,5,121.50808,1.3988964375089905,1.1039615523607398,4573.364865556771,1.0551353,1.1607844,0.0,True,1.2957680962562934,1.1210084066525179
1386,1183,391.34427,1515,5864.9766,3.9760027,5,207.00673,1.1170710668472108,0.8155396535509079,2769.7383092004716,0.92263883,0.66882282,0.0,True,1.0587413957930476,0.7715246034856355
1387,7333,431.61234,1515,5317.793,4.1952229,6,110.65771,1.231970832272914,1.0374034960391452,3841.5279483456707,0.9938699,0.99547678,0.0,True,1.1605405525910397,1.0248254812274016
1388,497,392.29245,1515,5850.8008,4.006381,5,209.2251,1.119776673371426,0.7159319903748698,2437.1584661872976,0.92375964,0.56134629,0.0,True,1.0609715633599983,0.6695562802624089
1389,8889,438.57422,1515,5233.3789,4.1002464,6,46.183876,1.2518348595036017,1.0618092973144275,3987.8653905917786,0.99629259,0.99226707,0.0,True,1.1751721786525213,1.0409466291200993
1390,15615,439.745,1515,5219.4453,3.0284348,5,57.700054,1.2551754223547302,1.1279483686826686,4246.228441722063,0.99657112,1.007319,0.0,True,1.1775941316483112,1.091759558077868
1391,15403,439.72296,1515,5219.707,1.9988332,4,19.671698,1.2551125158362237,1.1263450861870228,4240.005517222786,0.99622369,0.99879479,0.0,True,1.1774458680853566,1.088079997330916
1392,0,382.18668,1515,6005.5078,1.9138768,3,16.462791,1.0909398752224044,0.0,264.91161968956607,,,,False,1.0909398752224044,0.0
1393,15514,439.7934,1515,5218.8711,2.022311,4,32.057491,1.255313468614389,1.1272048810182302,4243.842279622237,0.99593306,0.99520248,0.0,True,1.1774993460300722,1.0876041607127611
1394,0,490.13815,1515,4682.8125,1.9869053,3,14.172512,1.398952425466253,0.0,339.73787675736753,,,,False,1.398952425466253,0.0
1395,16806,440.72464,1515,5207.8438,2.0159006,4,46.30925,1.257970499946586,1.1368293585899667,4288.078971477072,0.9968099,0.99788284,0.0,True,1.1796223199626101,1.0951454030129768
1396,18178,442.99106,1515,5181.1992,2.0325427,4,56.508274,1.2644371857692873,1.1466850610009678,4344.890589693373,0.9991799,1.0024993,0.0,True,1.1848600000385012,1.1034293327006774
1397,21949,445.47913,1515,5152.2617,2.023464,4,28.241375,1.2715360979303052,1.1694885006583013,4453.262404734828,1.0012405,1.0126663,0.0,True,1.1904474185512135,1.122441840460811
1398,24397,446.24609,1515,5143.4062,3.0142303,5,77.00058,1.2737244748003802,1.1820960328096048,4508.1107267421285,1.0019311,1.0195221,0.0,True,1.192186462360266,1.1333238529667233
1399,0,341.95566,1515,6712.0547,1.9860764,2,14.498737,0.9761358973929154,0.0,237.02560160551528,0.99622369,0.99879479,12.358529797294542,True,0.9821622351750408,0.29963843700000004
1400,0,341.92758,1515,6712.6055,1.9844061,2,14.390139,0.9760558248328396,0.0,237.00613803268513,,,,False,0.9760558248328396,0.0
1401,0,344.72928,1515,6658.0508,1.9741559,2,13.754757,0.9840510240146548,0.0,238.94812848845996,,,,False,0.9840510240146548,0.0
1402,0,390.37109,1515,5879.5977,2.0005407,3,11.908128,1.1142941329920646,0.0,270.5846204056126,,,,False,1.1142941329920646,0.0
1403,24612,472.52069,1515,4857.4062,1.9946799,4,35.014271,1.3486894365261377,1.191091552847221,4777.690087610577,1.0177037,1.0526977,0.0,True,1.2493937155682964,1.1495733969930546
1404,28765,475.69739,1515,4824.9688,2.0323377,4,39.052864,1.3577526769449229,1.2104138390872952,4883.977575609727,1.0209681,1.0687666,0.0,True,1.2567173038614459,1.1679196673611065
1405,90968,524.51044,1515,4375.9375,3.9890885,6,91.404495,1.4970131048535118,1.3618212726362324,5989.009721294083,1.1163589,1.1141982,0.0,True,1.3828168433974581,1.2875343508453627
1406,33969,477.52872,1515,4806.4648,2.0307512,4,79.905312,1.3629775993638595,1.2305748202367386,4982.182486313858,1.0226218,1.0825887,0.0,True,1.2608708595547018,1.186178984165717
1407,41238,478.43781,1515,4797.332,2.9920158,5,84.338577,1.3655712523596244,1.2537267103553935,5084.437041070322,1.0234518,1.0970916,0.0,True,1.262935416651737,1.2067361772487755
1408,55863,477.11459,1515,4810.6367,4.0400996,6,218.40924,1.3617960835750642,1.2891151217893304,5215.193273706548,1.0232493,1.0991393,0.0,True,1.2602320485025449,1.2321223752525312
1409,63912,522.49646,1515,4392.8047,3.0244122,5,86.706741,1.4912675891444327,1.3191157188359706,5781.576791656112,1.114361,1.1084234,0.0,True,1.3781956124011028,1.2559080231851794
1410,1975,393.43219,1515,5833.8516,3.9882958,5,249.32135,1.1230288668974415,0.8751010626647263,2985.8890135554684,0.92481953,0.86056358,0.0,True,1.0635660658282091,0.8707398178653085
1411,3524,393.01324,1515,5840.0703,4.025969,5,251.07713,1.1218334380073482,0.9417300497538853,3210.1004528947874,0.92455262,0.90651506,0.0,True,1.0626491926051438,0.9311655528277197
1412,10568,460.21927,1515,4987.2422,3.9705992,5,213.82582,1.313592234453886,1.0881291386542948,4264.288242779113,1.0194068,0.79388475,0.0,True,1.2253366041177203,0.9998558220580064
1413,5950,440.72891,1515,5207.793,4.1362829,6,93.092773,1.2579827662499492,1.0155199413234406,3830.5876422305346,0.98118877,0.94288695,4.998873919248581e-07,True,1.1749445673749643,0.9937300439264085
1414,24705,503.25604,1515,4560.75,4.01933,6,93.052231,1.4363771431109793,1.2004416725290532,5090.3552714033,1.05644,0.97215372,0.0,True,1.3223960001776855,1.1319552867703373
1415,56557,477.24753,1515,4809.2969,4.0090299,6,222.73009,1.3621753024074694,1.2906135832604928,5222.538629372785,1.0236158,1.1028593,0.0,True,1.2606074516852286,1.234287298282345
1416,4912,440.3689,1515,5212.0508,4.0470181,6,87.302444,1.2569554960472615,0.9930293309369915,3743.0667556424264,0.98044294,0.92543799,0.0,True,1.174001729233083,0.9727519286558941
1417,18892,501.84406,1515,4573.582,4.0251975,6,86.972847,1.4323488923878145,1.168215472705969,4941.457565789488,1.0550979,0.9481228,0.0,True,1.3191735946714702,1.1021876708941785
1418,10582,460.35269,1515,4985.7969,4.0308509,6,226.32556,1.3139728704129112,1.088321617454761,4266.133817708152,1.0198017,0.8581928,0.0,True,1.2257215192890378,1.0192829722183325
1419,3632,438.3707,1515,5235.8086,3.0713987,5,81.606285,1.2512541618511261,0.957258081457043,3593.8021227273666,0.97812241,0.89174771,0.0,True,1.1693146362957882,0.9376049700199302
1420,16929,500.84097,1515,4582.7422,4.0387359,6,84.322327,1.4294870952023477,1.1549259379488226,4876.639212152318,1.0542145,0.92230231,0.0,True,1.3169053166416433,1.0851388495641758
1421,3363,444.08289,1515,5168.4609,3.9421706,5,227.68736,1.2675523394306338,0.9497100947295215,3606.478524361936,1.0203847,0.84154189,0.0,True,1.1934020476014437,0.9172596333106651
1422,52685,499.43146,1515,4595.6758,2.0438697,4,82.259186,1.4254658429221176,1.2891533204997272,5429.88077499806,1.0136559,1.0869123,0.0,True,1.3019228600454824,1.228481014349809
1423,55514,521.64203,1515,4400.0,2.0140696,4,93.848213,1.4888300340139984,1.3020684887197314,5698.64004028949,1.1133691,1.104051,0.0,True,1.376191753809799,1.242663242103812
1424,55780,497.62494,1515,4612.3594,4.0159707,6,79.542366,1.4203119526687975,1.29536573831256,5438.645736614816,1.0073838,1.0469333,0.0,True,1.2964335068681583,1.220836006818792
1425,511,391.80432,1515,5858.0898,3.9533701,4,213.32072,1.1183838530477164,0.7190248167681051,2444.9670341295587,0.99362832,0.488242,0.0,True,1.0809571931334014,0.6497899717376736
1426,51964,521.66333,1515,4399.8203,3.0179219,5,71.531021,1.488890814041096,1.294198441962213,5664.400378415721,1.1133693,1.0972995,0.0,True,1.3762343598287672,1.2351287593735492
1427,55870,497.9581,1515,4609.2734,4.0058351,6,83.161392,1.4212624672676362,1.2956595305881216,5443.089681020256,1.0077713,1.0524853,0.0,True,1.2972151170873454,1.2227072614116852
1428,5256,437.45523,1515,5246.7656,1.9913409,4,11.636993,1.2486421206787404,1.0001607639158614,3747.900310070442,0.97622472,0.87164426,0.0,True,1.1669169004751183,0.9616058127411029
1429,53375,497.97202,1515,4609.1445,2.9942734,5,77.083038,1.4213021972591882,1.290248717459958,5420.492773752874,1.0077729,1.0547876,0.0,True,1.2972434080814317,1.2196103822219706
1430,2865,433.71597,1515,5292.0,3.0277176,4,71.660439,1.237973141240956,0.9284104796124107,3452.8221472664277,0.97162873,0.67355728,0.0,True,1.1580698178686692,0.8519545197286875
1431,53678,498.04883,1515,4608.4336,2.0185995,4,78.613091,1.4215213531607136,1.2909432815185509,5424.148091837021,1.0084033,1.0676267,0.0,True,1.2975859372124994,1.2239483070629855
1432,52791,498.19284,1515,4607.1016,1.9971546,4,57.888191,1.4219321634675228,1.2890123604422254,5417.4156427820335,1.0090758,1.0755321,0.0,True,1.298075254427266,1.2249682823095578
1433,59210,478.18979,1515,4799.8203,3.9953899,6,298.05649,1.3648636142692847,1.2963213753893406,5254.769981890838,1.0244849,1.1073216,0.0,True,1.2627499999884992,1.2396214427725383
1434,52803,529.22046,1515,4336.9922,4.0182176,6,94.858803,1.51044977903616,1.298331593201325,5754.934416455339,1.1396345,1.2823203,0.0,True,1.399205195325312,1.2935282052409276
1435,12638,490.65302,1515,4677.8984,4.0033379,6,94.075867,1.400421387295421,1.1175326445772489,4634.032144014858,1.0594778,0.95147282,0.0,True,1.2981383111067948,1.0677146972040743
1436,53897,478.00577,1515,4801.668,4.0139537,6,230.62402,1.364338628258577,1.2851725313181193,5207.809386823725,1.0230126,1.0397732,0.0,True,1.2619408197810038,1.2115527319226835
1437,10556,460.27481,1515,4986.6406,4.0227685,6,297.38589,1.3137506457630204,1.0880111305102325,4264.280022359982,1.02051,0.89083934,0.0,True,1.2257784520341142,1.0288595933571627
1438,45825,529.09796,1515,4337.9961,4.0042086,6,86.966866,1.5101003915025686,1.2813738560834396,5678.611959101847,1.1396232,1.2758027,0.0,True,1.398957234051798,1.2797025092584078
1439,9828,490.22073,1515,4682.0234,4.0197964,6,86.832954,1.399188101777976,1.0876662596659639,4506.694378197861,1.0590168,0.92659515,0.0,True,1.297136711244583,1.0393449267661747
1440,10569,460.15152,1515,4987.9766,4.0191021,6,231.64513,1.3133989064657379,1.0881214451356815,4263.704018187766,1.0192691,0.92963874,0.0,True,1.2251599645260165,1.040576633594977
1441,42369,529.1275,1515,4337.7539,4.0257406,6,81.989037,1.5101846696259946,1.2720207763278595,5637.440499356195,1.139624,1.2744434,0.0,True,1.3990164687381963,1.2727475634295016
1442,7787,488.767,1515,4695.9492,4.0396895,6,82.642265,1.3950405870139295,1.0597563039524316,4379.580946101561,1.0576727,0.88953811,0.0,True,1.2938302209097508,1.008690845766702
1443,51041,498.5386,1515,4603.9062,2.037107,4,19.591528,1.42291864513646,1.2851219200385577,5404.369651674403,1.0111262,1.0790988,0.0,True,1.299380911595522,1.2233149840269903
1444,2133,391.32498,1515,5865.2656,4.0568151,6,210.1353,1.1170160440205095,0.8834246493663904,2999.9841417355274,0.92282712,0.85667187,0.0,True,1.0587593668143565,0.8753988155564733
1445,29351,518.58777,1515,4425.9141,4.0389404,6,208.46823,1.480116746106168,1.2252532867530148,5334.790196141911,1.1108699,1.087204,0.0,True,1.3693426922743175,1.1838385007271104
1446,2636,381.31363,1515,6019.2578,4.0151062,5,207.47194,1.08844863107001,0.9051132147646916,3003.903489970042,0.91271728,0.85973966,0.0,True,1.035729225749007,0.8915011483352842
1447,2049,381.54019,1515,6015.6836,3.9594641,4,205.82501,1.089095114560297,0.8762409141707391,2909.65706447066,0.91369796,0.41528502,0.0,True,1.036475968192208,0.7379541459195175
1448,6,383.66779,1515,5982.3242,3.9710777,4,207.34859,1.095166236102252,0.2237432942439926,797.8147407304955,0.91749555,0.14429466,0.0,True,1.0418650302715764,0.19990870397079483
1449,27354,447.96896,1515,5123.625,4.0140805,6,81.639656,1.2786401287120344,1.1960210748333815,4576.760514579983,1.0033352,1.0263021,0.0,True,1.196048650098424,1.145105382383367
1450,31903,443.82928,1515,5171.4141,4.0362735,6,81.537277,1.2668287678207746,1.2127123003079183,4602.739544402543,0.99914658,0.96891648,0.0,True,1.1865241114745422,1.1395735542155427
1451,31362,443.44611,1515,5175.8828,3.0258813,5,77.880959,1.265735448807304,1.2105901449749583,4591.18205810591,0.99913448,0.97174847,0.0,True,1.185755158165113,1.1389376424824706
1452,32251,442.39804,1515,5188.1445,2.0184114,4,12.595093,1.2627451528044393,1.213522840218748,4592.696121848208,0.99993801,0.97734785,0.0,True,1.1839030099631076,1.1426703431531235
1453,19648,475.20416,1515,4829.9766,4.0190945,6,272.37717,1.356345519084182,1.1653339479645535,4697.788784803415,1.0241718,0.99756873,0.0,True,1.2566934033589274,1.1150043825751874
1454,18305,475.31488,1515,4828.8516,3.9744809,6,200.22205,1.356661382380204,1.1570200963985842,4665.233979602574,1.0241749,0.99782223,0.0,True,1.2569154376661429,1.1092607364790088
1455,23966,498.27057,1515,4606.3828,4.0271831,6,94.998955,1.4221539516486392,1.1954259578697861,5024.79704975583,1.0570745,1.0522453,0.0,True,1.3126301161540472,1.1524717605088504
1456,51578,478.03259,1515,4801.3984,4.0003042,6,270.56552,1.3644152043956257,1.279993204223694,5187.078706051708,1.023013,1.0398687,0.0,True,1.261994543076938,1.2079558529565857
1457,50820,477.95755,1515,4802.1523,4.0349178,6,202.53886,1.3642010911539215,1.278223119159124,5179.188452115512,1.0229826,1.0414137,0.0,True,1.261835543807745,1.2071802934113869
1458,24850,498.12274,1515,4607.75,3.9975491,6,86.327744,1.4217321567828236,1.1996773760231072,5041.347582490987,1.0570654,1.0487703,0.0,True,1.3123321297479764,1.154405253216175
1459,10111,460.12378,1515,4988.2773,3.9933567,6,270.05841,1.3133197647612933,1.0829117928683203,4243.066868596542,1.0192688,0.92093331,0.0,True,1.2251044753329055,1.0343182480078243
1460,24264,500.12436,1515,4589.3086,4.0309701,6,88.75827,1.4274426706428796,1.1974175582409663,5049.6713782678435,1.0554128,1.064492,0.0,True,1.3158337094500157,1.1575398907686765
1461,7107,460.03192,1515,4989.2734,3.9986217,6,201.62172,1.3130576677546097,1.0414918005094307,4080.0768605379226,1.0191618,0.84230822,0.0,True,1.2248889074282268,0.9817367263566015
1462,9358,444.06207,1515,5168.7031,4.0548291,6,270.69864,1.2674929662330876,1.0693649108602548,4060.5926333747543,1.0190829,0.91377485,0.0,True,1.1929699463631613,1.0226878926021783
1463,10561,499.07849,1515,4598.9258,4.0007997,5,81.511543,1.4244589229692906,1.098501910872997,4624.018409992346,1.0527979,0.86125565,0.0,True,1.3129606160785032,1.0273280326110978
1464,8129,444.50955,1515,5163.5,3.9902267,6,295.49881,1.268769685360492,1.0530255038706064,4002.1147055587076,1.020466,0.90091944,0.0,True,1.1942785797523445,1.0073936847094245
1465,55341,500.15247,1515,4589.0508,2.02584,4,113.70045,1.4275228254345653,1.2952064972876585,5462.31790254767,1.014846,1.0942646,0.0,True,1.3037197778041958,1.2349239281013609
1466,57625,500.68646,1515,4584.1562,1.9994365,4,15.939911,1.429046356888067,1.3001671118872926,5488.398043920877,1.0156438,1.1009277,0.0,True,1.305025589821647,1.2403952883211047
1467,57090,501.89078,1515,4573.1562,2.0284171,4,61.771767,1.4324821980350355,1.2994308314708554,5496.918255702485,1.0165631,1.1042311,0.0,True,1.3077064686245248,1.2408709120295986
1468,56229,501.92038,1515,4572.8867,2.04181,4,76.810799,1.4325665835024113,1.2976369849913942,5489.615367851127,1.0183406,1.1076579,0.0,True,1.308298788451688,1.240643259493976
1469,311,382.42596,1515,6001.75,3.986541,4,208.23943,1.0916227040982087,0.6600920841974084,2197.4972714973806,0.91767293,0.42657545,0.0,True,1.0394377718687462,0.5900370939381858
1470,252,383.86703,1515,5979.2188,3.9692082,4,208.18149,1.0957348374765392,0.6362743289366665,2125.6000591976326,0.919635,0.34793663,0.0,True,1.0429048862335775,0.5497730192556665
1471,861,383.01627,1515,5992.5,3.9767427,4,207.99409,1.0933071665242506,0.7770362442213665,2589.348818631977,0.91926861,0.40000981,0.0,True,1.0410955995669755,0.6639283139549566
1472,2705,384.99536,1515,5961.6953,4.0062275,5,207.87669,1.098954503884466,0.9090842414672138,3042.847898814722,0.92293823,0.91284066,0.0,True,1.0461496217191262,0.9102111670270496
1473,9834,444.18896,1515,5167.2266,4.0112691,6,230.75098,1.2678550036343195,1.075202387579652,4083.7864163612753,1.0190852,0.93015742,0.0,True,1.1932240625440236,1.0316888973057563
1474,37947,525.08136,1515,4371.1797,4.0371032,6,83.964851,1.4986417799683882,1.2577091219268417,5536.457036520547,1.1359935,1.2724189,0.0,True,1.3898472959778718,1.2621220553487893
1475,56789,502.11554,1515,4571.1094,3.0163031,5,157.22644,1.433123338297925,1.2988725963166088,5496.7256687712525,1.0201418,1.1175001,0.0,True,1.3092288768085474,1.244460847421626
1476,5963,485.81613,1515,4724.4727,4.0074224,5,84.04055,1.3866217421989173,1.0274608958860592,4223.522362521369,1.0549767,0.81590468,0.0,True,1.287128229539242,0.9639940311202414
1477,53562,502.82065,1515,4564.6992,3.0076962,5,210.52426,1.4351349897820336,1.2921463859124822,5475.029261011356,1.0231771,1.0743563,0.0,True,1.3115476228474237,1.2268093601387375
1478,53888,502.64258,1515,4566.3164,2.0132117,4,18.455938,1.4346269469710158,1.2928121459593174,5476.140222347164,1.0223364,1.0706093,0.0,True,1.3109397828797111,1.2261512921715223
1479,55342,502.59784,1515,4566.7227,2.01651,4,89.047874,1.434499364500634,1.295957773510622,5489.033616710708,1.0218588,1.0705938,0.0,True,1.3107071951504439,1.2283485814574353
1480,28773,523.95105,1515,4380.6094,4.0238214,6,208.84695,1.4954172757740218,1.2243838879686735,5379.542827914869,1.1349638,1.2609051,0.0,True,1.3872812330418154,1.2353402515780714
1481,3167,383.81061,1515,5980.0977,3.0157042,4,82.115677,1.0955738502448098,0.9268873907503754,3093.9630968775014,0.93301934,0.63290781,0.0,True,1.046807497171367,0.8386935165252627
1482,343,385.07358,1515,5960.4844,3.968854,4,207.99413,1.099177686692081,0.6718470093437032,2250.1945685552787,0.92427921,0.39045647,0.0,True,1.0467081436844567,0.5874298475405922
1483,31043,442.18265,1515,5190.6719,2.0167851,4,65.37812,1.2621305439555348,1.2089916542603707,4573.580509568605,1.0004294,0.98314649,0.0,True,1.1836202007688743,1.1412381049822595
1484,30669,442.18063,1515,5190.6953,2.0137198,4,34.979168,1.262124856378463,1.207574268236111,4568.200306574956,1.0004293,0.98954809,0.0,True,1.183616189464924,1.1421664147652777
1485,30709,442.12109,1515,5191.3945,2.0083303,4,45.938206,1.261954933277189,1.2077076116788796,4568.161417040945,1.0021458,0.99520773,0.0,True,1.1840121932940324,1.1439576471752158
1486,0,514.66138,1515,4459.6797,2.0300174,3,19.480335,1.4689153526035545,0.0,356.7360844900906,,,,False,1.4689153526035545,0.0
1487,0,380.74384,1515,6028.2656,1.9937439,3,19.554678,1.0868227445453849,0.0,263.9115192115669,,,,False,1.0868227445453849,0.0
1488,0,343.33795,1515,6685.0312,1.9908397,2,14.267294,0.9800806387339154,0.0,237.98373202173144,0.99993801,0.97734785,9.669881575841258,True,0.9860378501137408,0.293204355
1489,0,344.08167,1515,6670.582,1.9759439,2,12.360216,0.9822029627705767,0.0,238.4992394428575,,,,False,0.9822029627705767,0.0
1490,22905,497.56256,1515,4612.9375,4.0284839,6,82.250015,1.42013403425932,1.1898580755144943,4995.1289675106655,1.0566448,1.0351343,0.0,True,1.311087263981524,1.143440942860146
1491,23020,499.86908,1515,4591.6523,4.0078402,6,82.374672,1.4267143836135838,1.1911041098573472,5020.787792345657,1.055406,1.0580077,0.0,True,1.3153218685295087,1.1511751869001432
1492,7700,443.90237,1515,5170.5625,3.9680219,6,201.6205,1.2670373358909865,1.0465178260836492,3972.5867657386934,1.0188725,0.8660866,0.0,True,1.1925878851236906,0.9923884582585545
1493,19560,494.82303,1515,4638.4766,4.0321178,6,83.684143,1.4123182540624428,1.1703827300991927,4889.516671505043,1.054023,1.0235912,0.0,True,1.3048296778437098,1.126345271069435
1494,52810,502.60904,1515,4566.6211,3.0008144,5,175.72665,1.4345312658407197,1.2904040964549934,5465.618847385902,1.0218593,1.0671589,0.0,True,1.3107296760885037,1.2234305375184953
1495,20567,498.42654,1515,4604.9414,4.0317249,6,82.754395,1.4225989090570201,1.1773396708407362,4950.143301983256,1.0540829,1.0490602,0.0,True,1.312044106339914,1.1388558295885152
1496,49456,502.26318,1515,4569.7656,4.0198488,6,206.79338,1.4335445828039874,1.2825131902009497,5428.901990780194,1.0218588,1.0645707,0.0,True,1.3100388479627911,1.2171304431406647
1497,15360,493.46744,1515,4651.2188,4.0256238,6,82.341736,1.4084508146768473,1.1413834115455006,4756.854496860838,1.0533973,1.0148965,0.0,True,1.3019347602737932,1.1034373380818505
1498,1966,417.46634,1515,5497.9883,3.971499,5,170.59042,1.1916079548259442,0.8805925839709987,3166.3874564413004,1.0055935,0.66854012,0.0,True,1.1358036183781608,0.816976844779699
1499,14058,496.13959,1515,4626.168,4.0548277,6,83.78936,1.416074310554332,1.1316194520108853,4738.673462557463,1.052289,1.0419893,0.0,True,1.3069387173880325,1.1047304064076198
1500,30483,442.33511,1515,5188.8828,2.0355916,4,56.223164,1.2625655523814987,1.2069124766899888,4567.105604358875,1.0041413,1.0023483,0.0,True,1.185038276667049,1.145543223682992
1501,31628,442.98807,1515,5181.2344,2.006357,4,56.617958,1.2644285988165267,1.2114313623022626,4590.180946115262,1.005856,1.0091386,0.0,True,1.1868568191715687,1.1507435336115837
1502,32380,443.05722,1515,5180.4258,2.036947,4,48.081501,1.2646258842200155,1.2142006551403097,4601.30784057238,1.0072438,1.0153943,0.0,True,1.187411258954011,1.154558748598217
1503,35397,445.65482,1515,5150.2305,2.0284381,4,30.686102,1.272037384532703,1.2254529141726958,4667.984160358053,1.010359,1.021188,0.0,True,1.193533869172892,1.164173439920887
1504,36573,448.40964,1515,5118.5898,3.0472517,5,76.717773,1.279897446526496,1.2301629820913167,4711.493997927303,1.0143043,1.0325717,0.0,True,1.2002195025685471,1.1708855974639216
1505,38168,449.60437,1515,5104.9883,4.0434179,6,166.69252,1.2833062119467986,1.2355453146576778,4743.238496172866,1.0158935,1.0384974,0.0,True,1.203082398362759,1.1764309402603745
1506,0,344.03171,1515,6671.5508,1.9798741,2,13.252303,0.9820603762736955,0.0,238.4646098097167,,,,False,0.9820603762736955,0.0
1507,0,345.78461,1515,6637.7305,1.9658188,2,14.182957,0.9870626239618643,0.0,239.67962750252025,,,,False,0.9870626239618643,0.0
1508,0,384.35443,1515,5971.6367,1.9942667,3,14.582662,1.097125610221596,0.0,266.4141894902248,,,,False,1.097125610221596,0.0
1509,39466,451.50174,1515,5083.5352,2.9990737,5,86.816376,1.288719781101824,1.2400730538481848,4778.353756280804,1.0187285,1.0670376,0.0,True,1.2077223967712767,1.1881624176937293
1510,2913,383.91595,1515,5978.457,3.2751958,5,102.90824,1.0958744139000782,0.9173064869883713,3062.737518543731,0.9336884,0.83778894,0.0,True,1.0472186097300549,0.8934512228918599
1511,36903,451.06088,1515,5088.5039,2.0099289,4,82.943428,1.2874618973830119,1.2320644942066534,4743.402367623449,1.0179026,1.0443757,0.0,True,1.2065941081681082,1.1757578559446573
1512,34394,450.84317,1515,5090.9609,2.0213394,4,38.926098,1.2868407864135814,1.2237462273548256,4709.370498012097,1.0174892,1.0299941,0.0,True,1.206035310489507,1.165620589148378
1513,33240,450.51788,1515,5094.6367,2.6050742,5,47.323364,1.285912690172643,1.2196450436190491,4690.598180602941,1.0166664,1.021391,0.0,True,1.20513880312085,1.1601688305333342
1514,0,521.89917,1515,4397.832,2.0152597,3,39.603897,1.4895636491869737,0.0,361.7529382220756,,,,False,1.4895636491869737,0.0
1515,31242,442.66367,1515,5185.0312,4.1573119,6,60.877655,1.2635030631259014,1.2098922229520803,4581.384232943262,0.9886561,0.93542176,0.0,True,1.181048974188131,1.1275510840664562
1516,31465,436.14566,1515,5262.5195,2.5750823,4,46.380547,1.2449056005452388,1.2086289332132139,4517.02742643424,0.98742831,0.89222872,0.0,True,1.167662413381667,1.1137088692492498
1517,32292,454.30426,1515,5052.1758,2.2823761,4,128.73164,1.29671583836273,1.2174485632905285,4716.876098034988,1.0077438,0.90074253,0.0,True,1.210024226853911,1.12243675330337
1518,0,364.20447,1515,6302.0234,2.2310965,3,41.278229,1.0396265041988297,0.0,252.44730152782918,0.94286782,0.83826607,0.21170092538608976,True,1.0105988989391808,0.25147982100000005
1519,0,348.30579,1515,6589.6836,1.9915658,2,44.215046,0.994257341133549,0.0,241.4271763112044,,,,False,0.994257341133549,0.0
1520,0,391.97632,1515,5855.5195,3.0578218,3,41.0299,1.1188746037857187,0.0,271.6972810542629,,,,False,1.1188746037857187,0.0
1521,0,347.5528,1515,6603.9609,2.004632,2,41.670738,0.992108477319268,0.0,240.90524341571455,,,,False,0.992108477319268,0.0
1522,0,399.05408,1515,5751.6641,0.27560186,1,37.329716,1.139070633221293,0.0,276.60321044294284,0.97936022,0.50065607,0.4678302680368105,True,1.091157509254905,0.15019682100000004
1523,2722,429.98224,1515,5337.9531,2.2767324,4,119.82657,1.2273197324016987,0.9215125951680274,3401.0978878714322,1.0080633,0.84318072,0.0,True,1.161542802681189,0.8980130326176191
1524,0,365.61926,1515,6277.6367,3.0578218,3,29.482784,1.043663849172934,0.0,253.42795922741357,,,,False,1.043663849172934,0.0

metric,value
avg_local_nain,1.13369
avg_local_nach,0.840616
avg_citywide_nain,0.99645
avg_citywide_nach,0.820837
avg_blended_nain,1.093867
avg_blended_nach,0.82128
avg_segment_length,84.6851
blended_nain_nach_pearson_r,0.603159
blended_nain_nach_p_value,9.2467e-152
pct_citywide_matched,94.56
