  0
SECTION
  2
HEADER
  9
$ACADVER
  1
AC1015
  9
$ACADMAINTVER
 70
6
  9
$DWGCODEPAGE
  3
ANSI_1252
  9
$INSBASE
 10
0.0
 20
0.0
 30
0.0
  9
$EXTMIN
 10
1e+20
 20
1e+20
 30
1e+20
  9
$EXTMAX
 10
-1e+20
 20
-1e+20
 30
-1e+20
  9
$LIMMIN
 10
0.0
 20
0.0
  9
$LIMMAX
 10
420.0
 20
297.0
  9
$ORTHOMODE
 70
0
  9
$REGENMODE
 70
1
  9
$FILLMODE
 70
1
  9
$QTEXTMODE
 70
0
  9
$MIRRTEXT
 70
1
  9
$LTSCALE
 40
1.0
  9
$ATTMODE
 70
1
  9
$TEXTSIZE
 40
2.5
  9
$TRACEWID
 40
1.0
  9
$TEXTSTYLE
  7
Standard
  9
$CLAYER
  8
0
  9
$CELTYPE
  6
ByLayer
  9
$CECOLOR
 62
256
  9
$CELTSCALE
 40
1.0
  9
$DISPSILH
 70
0
  9
$DIMSCALE
 40
1.0
  9
$DIMASZ
 40
2.5
  9
$DIMEXO
 40
0.625
  9
$DIMDLI
 40
3.75
  9
$DIMRND
 40
0.0
  9
$DIMDLE
 40
0.0
  9
$DIMEXE
 40
1.25
  9
$DIMTP
 40
0.0
  9
$DIMTM
 40
0.0
  9
$DIMTXT
 40
2.5
  9
$DIMCEN
 40
2.5
  9
$DIMTSZ
 40
0.0
  9
$DIMTOL
 70
0
  9
$DIMLIM
 70
0
  9
$DIMTIH
 70
0
  9
$DIMTOH
 70
0
  9
$DIMSE1
 70
0
  9
$DIMSE2
 70
0
  9
$DIMTAD
 70
1
  9
$DIMZIN
 70
8
  9
$DIMBLK
  1

  9
$DIMASO
 70
1
  9
$DIMSHO
 70
1
  9
$DIMPOST
  1

  9
$DIMAPOST
  1

  9
$DIMALT
 70
0
  9
$DIMALTD
 70
3
  9
$DIMALTF
 40
0.03937007874
  9
$DIMLFAC
 40
1.0
  9
$DIMTOFL
 70
1
  9
$DIMTVP
 40
0.0
  9
$DIMTIX
 70
0
  9
$DIMSOXD
 70
0
  9
$DIMSAH
 70
0
  9
$DIMBLK1
  1

  9
$DIMBLK2
  1

  9
$DIMSTYLE
  2
ISO-25
  9
$DIMCLRD
 70
0
  9
$DIMCLRE
 70
0
  9
$DIMCLRT
 70
0
  9
$DIMTFAC
 40
1.0
  9
$DIMGAP
 40
0.625
  9
$DIMJUST
 70
0
  9
$DIMSD1
 70
0
  9
$DIMSD2
 70
0
  9
$DIMTOLJ
 70
0
  9
$DIMTZIN
 70
8
  9
$DIMALTZ
 70
0
  9
$DIMALTTZ
 70
0
  9
$DIMUPT
 70
0
  9
$DIMDEC
 70
2
  9
$DIMTDEC
 70
2
  9
$DIMALTU
 70
2
  9
$DIMALTTD
 70
3
  9
$DIMTXSTY
  7
Standard
  9
$DIMAUNIT
 70
0
  9
$DIMADEC
 70
0
  9
$DIMALTRND
 40
0.0
  9
$DIMAZIN
 70
0
  9
$DIMDSEP
 70
44
  9
$DIMATFIT
 70
3
  9
$DIMFRAC
 70
0
  9
$DIMLDRBLK
  1

  9
$DIMLUNIT
 70
2
  9
$DIMLWD
 70
-2
  9
$DIMLWE
 70
-2
  9
$DIMTMOVE
 70
0
  9
$LUNITS
 70
2
  9
$LUPREC
 70
4
  9
$SKETCHINC
 40
1.0
  9
$FILLETRAD
 40
10.0
  9
$AUNITS
 70
0
  9
$AUPREC
 70
2
  9
$MENU
  1
.
  9
$ELEVATION
 40
0.0
  9
$PELEVATION
 40
0.0
  9
$THICKNESS
 40
0.0
  9
$LIMCHECK
 70
0
  9
$CHAMFERA
 40
0.0
  9
$CHAMFERB
 40
0.0
  9
$CHAMFERC
 40
0.0
  9
$CHAMFERD
 40
0.0
  9
$SKPOLY
 70
0
  9
$TDCREATE
 40
2461252.484976852
  9
$TDUCREATE
 40
2458532.153996898
  9
$TDUPDATE
 40
2461252.484976852
  9
$TDUUPDATE
 40
2458532.1544311
  9
$TDINDWG
 40
0.0
  9
$TDUSRTIMER
 40
0.0
  9
$USRTIMER
 70
1
  9
$ANGBASE
 50
0.0
  9
$ANGDIR
 70
0
  9
$PDMODE
 70
0
  9
$PDSIZE
 40
0.0
  9
$PLINEWID
 40
0.0
  9
$SPLFRAME
 70
0
  9
$SPLINETYPE
 70
6
  9
$SPLINESEGS
 70
8
  9
$HANDSEED
  5
75F
  9
$SURFTAB1
 70
6
  9
$SURFTAB2
 70
6
  9
$SURFTYPE
 70
6
  9
$SURFU
 70
6
  9
$SURFV
 70
6
  9
$UCSBASE
  2

  9
$UCSNAME
  2

  9
$UCSORG
 10
0.0
 20
0.0
 30
0.0
  9
$UCSXDIR
 10
1.0
 20
0.0
 30
0.0
  9
$UCSYDIR
 10
0.0
 20
1.0
 30
0.0
  9
$UCSORTHOREF
  2

  9
$UCSORTHOVIEW
 70
0
  9
$UCSORGTOP
 10
0.0
 20
0.0
 30
0.0
  9
$UCSORGBOTTOM
 10
0.0
 20
0.0
 30
0.0
  9
$UCSORGLEFT
 10
0.0
 20
0.0
 30
0.0
  9
$UCSORGRIGHT
 10
0.0
 20
0.0
 30
0.0
  9
$UCSORGFRONT
 10
0.0
 20
0.0
 30
0.0
  9
$UCSORGBACK
 10
0.0
 20
0.0
 30
0.0
  9
$PUCSBASE
  2

  9
$PUCSNAME
  2

  9
$PUCSORG
 10
0.0
 20
0.0
 30
0.0
  9
$PUCSXDIR
 10
1.0
 20
0.0
 30
0.0
  9
$PUCSYDIR
 10
0.0
 20
1.0
 30
0.0
  9
$PUCSORTHOREF
  2

  9
$PUCSORTHOVIEW
 70
0
  9
$PUCSORGTOP
 10
0.0
 20
0.0
 30
0.0
  9
$PUCSORGBOTTOM
 10
0.0
 20
0.0
 30
0.0
  9
$PUCSORGLEFT
 10
0.0
 20
0.0
 30
0.0
  9
$PUCSORGRIGHT
 10
0.0
 20
0.0
 30
0.0
  9
$PUCSORGFRONT
 10
0.0
 20
0.0
 30
0.0
  9
$PUCSORGBACK
 10
0.0
 20
0.0
 30
0.0
  9
$USERI1
 70
0
  9
$USERI2
 70
0
  9
$USERI3
 70
0
  9
$USERI4
 70
0
  9
$USERI5
 70
0
  9
$USERR1
 40
0.0
  9
$USERR2
 40
0.0
  9
$USERR3
 40
0.0
  9
$USERR4
 40
0.0
  9
$USERR5
 40
0.0
  9
$WORLDVIEW
 70
1
  9
$SHADEDGE
 70
3
  9
$SHADEDIF
 70
70
  9
$TILEMODE
 70
1
  9
$MAXACTVP
 70
64
  9
$PINSBASE
 10
0.0
 20
0.0
 30
0.0
  9
$PLIMCHECK
 70
0
  9
$PEXTMIN
 10
1e+20
 20
1e+20
 30
1e+20
  9
$PEXTMAX
 10
-1e+20
 20
-1e+20
 30
-1e+20
  9
$PLIMMIN
 10
0.0
 20
0.0
  9
$PLIMMAX
 10
420.0
 20
297.0
  9
$UNITMODE
 70
0
  9
$VISRETAIN
 70
1
  9
$PLINEGEN
 70
0
  9
$PSLTSCALE
 70
1
  9
$TREEDEPTH
 70
3020
  9
$CMLSTYLE
  2
Standard
  9
$CMLJUST
 70
0
  9
$CMLSCALE
 40
20.0
  9
$PROXYGRAPHICS
 70
1
  9
$MEASUREMENT
 70
1
  9
$CELWEIGHT
370
-1
  9
$ENDCAPS
280
0
  9
$JOINSTYLE
280
0
  9
$LWDISPLAY
290
0
  9
$INSUNITS
 70
6
  9
$HYPERLINKBASE
  1

  9
$STYLESHEET
  1

  9
$XEDIT
290
1
  9
$CEPSNTYPE
380
0
  9
$PSTYLEMODE
290
1
  9
$FINGERPRINTGUID
  2
{535CC1E6-4D67-4809-AE84-E7DB6FBC64DF}
  9
$VERSIONGUID
  2
{625B4969-4622-4161-97ED-BFFB217A4519}
  9
$EXTNAMES
290
1
  9
$PSVPSCALE
 40
0.0
  9
$OLESTARTUP
290
0
  0
ENDSEC
  0
SECTION
  2
CLASSES
  0
CLASS
  1
ACDBDICTIONARYWDFLT
  2
AcDbDictionaryWithDefault
  3
ObjectDBX Classes
 90
0
280
0
281
0
  0
CLASS
  1
SUN
  2
AcDbSun
  3
SCENEOE
 90
1153
280
0
281
0
  0
CLASS
  1
VISUALSTYLE
  2
AcDbVisualStyle
  3
ObjectDBX Classes
 90
4095
280
0
281
0
  0
CLASS
  1
MATERIAL
  2
AcDbMaterial
  3
ObjectDBX Classes
 90
1153
280
0
281
0
  0
CLASS
  1
SCALE
  2
AcDbScale
  3
ObjectDBX Classes
 90
1153
280
0
281
0
  0
CLASS
  1
TABLESTYLE
  2
AcDbTableStyle
  3
ObjectDBX Classes
 90
4095
280
0
281
0
  0
CLASS
  1
MLEADERSTYLE
  2
AcDbMLeaderStyle
  3
ACDB_MLEADERSTYLE_CLASS
 90
4095
280
0
281
0
  0
CLASS
  1
DICTIONARYVAR
  2
AcDbDictionaryVar
  3
ObjectDBX Classes
 90
0
280
0
281
0
  0
CLASS
  1
CELLSTYLEMAP
  2
AcDbCellStyleMap
  3
ObjectDBX Classes
 90
1152
280
0
281
0
  0
CLASS
  1
MENTALRAYRENDERSETTINGS
  2
AcDbMentalRayRenderSettings
  3
SCENEOE
 90
1024
280
0
281
0
  0
CLASS
  1
ACDBDETAILVIEWSTYLE
  2
AcDbDetailViewStyle
  3
ObjectDBX Classes
 90
1025
280
0
281
0
  0
CLASS
  1
ACDBSECTIONVIEWSTYLE
  2
AcDbSectionViewStyle
  3
ObjectDBX Classes
 90
1025
280
0
281
0
  0
CLASS
  1
RASTERVARIABLES
  2
AcDbRasterVariables
  3
ISM
 90
0
280
0
281
0
  0
CLASS
  1
ACDBPLACEHOLDER
  2
AcDbPlaceHolder
  3
ObjectDBX Classes
 90
0
280
0
281
0
  0
CLASS
  1
LAYOUT
  2
AcDbLayout
  3
ObjectDBX Classes
 90
0
280
0
281
0
  0
ENDSEC
  0
SECTION
  2
TABLES
  0
TABLE
  2
VPORT
  5
8
330
0
100
AcDbSymbolTable
 70
1
  0
VPORT
  5
23
330
8
100
AcDbSymbolTableRecord
100
AcDbViewportTableRecord
  2
*Active
 70
0
 10
0.0
 20
0.0
 11
1.0
 21
1.0
 12
0.0
 22
0.0
 13
0.0
 23
0.0
 14
0.5
 24
0.5
 15
0.5
 25
0.5
 16
0.0
 26
0.0
 36
1.0
 17
0.0
 27
0.0
 37
0.0
 40
1000.0
 41
1.34
 42
50.0
 43
0.0
 44
0.0
 50
0.0
 51
0.0
 71
0
 72
1000
 73
1
 74
3
 75
0
 76
0
 77
0
 78
0
281
0
 65
0
146
0.0
  0
ENDTAB
  0
TABLE
  2
LTYPE
  5
2
330
0
100
AcDbSymbolTable
 70
3
  0
LTYPE
  5
24
330
2
100
AcDbSymbolTableRecord
100
AcDbLinetypeTableRecord
  2
ByBlock
 70
0
  3

 72
65
 73
0
 40
0.0
  0
LTYPE
  5
25
330
2
100
AcDbSymbolTableRecord
100
AcDbLinetypeTableRecord
  2
ByLayer
 70
0
  3

 72
65
 73
0
 40
0.0
  0
LTYPE
  5
26
330
2
100
AcDbSymbolTableRecord
100
AcDbLinetypeTableRecord
  2
Continuous
 70
0
  3

 72
65
 73
0
 40
0.0
  0
ENDTAB
  0
TABLE
  2
LAYER
  5
1
330
0
100
AcDbSymbolTable
 70
2
  0
LAYER
  5
27
330
1
100
AcDbSymbolTableRecord
100
AcDbLayerTableRecord
  2
0
 70
0
 62
7
  6
Continuous
370
-3
390
13
  0
LAYER
  5
28
330
1
100
AcDbSymbolTableRecord
100
AcDbLayerTableRecord
  2
Defpoints
 70
0
 62
7
  6
Continuous
290
0
370
-3
390
13
  0
ENDTAB
  0
TABLE
  2
STYLE
  5
5
330
0
100
AcDbSymbolTable
 70
1
  0
STYLE
  5
29
330
5
100
AcDbSymbolTableRecord
100
AcDbTextStyleTableRecord
  2
Standard
 70
0
 40
0.0
 41
1.0
 50
0.0
 71
0
 42
2.5
  3
txt
  4

  0
ENDTAB
  0
TABLE
  2
VIEW
  5
7
330
0
100
AcDbSymbolTable
 70
0
  0
ENDTAB
  0
TABLE
  2
UCS
  5
6
330
0
100
AcDbSymbolTable
 70
0
  0
ENDTAB
  0
TABLE
  2
APPID
  5
3
330
0
100
AcDbSymbolTable
 70
3
  0
APPID
  5
2A
330
3
100
AcDbSymbolTableRecord
100
AcDbRegAppTableRecord
  2
ACAD
 70
0
  0
APPID
  5
75C
330
3
100
AcDbSymbolTableRecord
100
AcDbRegAppTableRecord
  2
HATCHBACKGROUNDCOLOR
 70
0
  0
APPID
  5
75D
330
3
100
AcDbSymbolTableRecord
100
AcDbRegAppTableRecord
  2
EZDXF
 70
0
  0
ENDTAB
  0
TABLE
  2
DIMSTYLE
  5
4
330
0
100
AcDbSymbolTable
 70
1
100
AcDbDimStyleTable
  0
DIMSTYLE
105
2B
330
4
100
AcDbSymbolTableRecord
100
AcDbDimStyleTableRecord
  2
Standard
 70
0
  3

  4

 40
1.0
 41
2.5
 42
0.625
 43
3.75
 44
1.25
 45
0.0
 46
0.0
 47
0.0
 48
0.0
140
2.5
141
2.5
142
0.0
143
0.03937007874
144
1.0
145
0.0
146
1.0
147
0.625
148
0.0
 71
0
 72
0
 73
0
 74
0
 75
0
 76
0
 77
1
 78
8
 79
3
170
0
171
3
172
1
173
0
174
0
175
0
176
0
177
0
178
0
179
2
271
2
272
2
273
2
274
3
275
0
276
0
277
2
278
44
279
0
280
0
281
0
282
0
283
0
284
8
285
0
286
0
288
0
289
3
371
-2
372
-2
  0
ENDTAB
  0
TABLE
  2
BLOCK_RECORD
  5
9
330
0
100
AcDbSymbolTable
 70
2
  0
BLOCK_RECORD
  5
17
330
9
100
AcDbSymbolTableRecord
100
AcDbBlockTableRecord
  2
*Model_Space
340
1A
  0
BLOCK_RECORD
  5
1B
330
9
100
AcDbSymbolTableRecord
100
AcDbBlockTableRecord
  2
*Paper_Space
340
1E
  0
ENDTAB
  0
ENDSEC
  0
SECTION
  2
BLOCKS
  0
BLOCK
  5
18
330
17
100
AcDbEntity
  8
0
100
AcDbBlockBegin
  2
*Model_Space
 70
0
 10
0.0
 20
0.0
 30
0.0
  3
*Model_Space
  1

  0
ENDBLK
  5
19
330
17
100
AcDbEntity
  8
0
100
AcDbBlockEnd
  0
BLOCK
  5
1C
330
1B
100
AcDbEntity
  8
0
100
AcDbBlockBegin
  2
*Paper_Space
 70
0
 10
0.0
 20
0.0
 30
0.0
  3
*Paper_Space
  1

  0
ENDBLK
  5
1D
330
1B
100
AcDbEntity
  8
0
100
AcDbBlockEnd
  0
ENDSEC
  0
SECTION
  2
ENTITIES
  0
LWPOLYLINE
  5
2F
330
17
100
AcDbEntity
  8
ROADS
100
AcDbPolyline
 90
2
 70
0
 10
633754.6659090132
 20
4836616.386307414
 10
633735.3389737781
 20
4836676.897984117
  0
LWPOLYLINE
  5
30
330
17
100
AcDbEntity
  8
ROADS
100
AcDbPolyline
 90
2
 70
0
 10
633799.7641860318
 20
4836614.013454373
 10
633777.4395318878
 20
4836686.292976626
  0
LWPOLYLINE
  5
31
330
17
100
AcDbEntity
  8
ROADS
100
AcDbPolyline
 90
2
 70
0
 10
633708.9069898189
 20
4836619.47536084
 10
633683.9674132292
 20
4836698.377872871
  0
LWPOLYLINE
  5
32
330
17
100
AcDbEntity
  8
ROADS
100
AcDbPolyline
 90
2
 70
0
 10
633815.8626981975
 20
4836698.292692466
 10
633843.3258915032
 20
4836614.762601548
  0
LWPOLYLINE
  5
33
330
17
100
AcDbEntity
  8
ROADS
100
AcDbPolyline
 90
2
 70
0
 10
633544.9925730706
 20
4836651.581704654
 10
633683.9674132292
 20
4836698.377872871
  0
LWPOLYLINE
  5
34
330
17
100
AcDbEntity
  8
ROADS
100
AcDbPolyline
 90
2
 70
0
 10
633874.9711224171
 20
4836634.21520031
 10
633849.1450885289
 20
4836708.874343417
  0
LWPOLYLINE
  5
35
330
17
100
AcDbEntity
  8
ROADS
100
AcDbPolyline
 90
2
 70
0
 10
633735.3389737781
 20
4836676.897984117
 10
633752.9419898295
 20
4836683.004764391
  0
LWPOLYLINE
  5
36
330
17
100
AcDbEntity
  8
ROADS
100
AcDbPolyline
 90
2
 70
0
 10
633777.4395318878
 20
4836686.292976626
 10
633815.8626981975
 20
4836698.292692466
  0
LWPOLYLINE
  5
37
330
17
100
AcDbEntity
  8
ROADS
100
AcDbPolyline
 90
2
 70
0
 10
633735.3389737781
 20
4836676.897984117
 10
633723.2047687937
 20
4836711.863429413
  0
LWPOLYLINE
  5
38
330
17
100
AcDbEntity
  8
ROADS
100
AcDbPolyline
 90
2
 70
0
 10
633815.8626981975
 20
4836698.292692466
 10
633849.1450885289
 20
4836708.874343417
  0
LWPOLYLINE
  5
39
330
17
100
AcDbEntity
  8
ROADS
100
AcDbPolyline
 90
2
 70
0
 10
633488.0828928339
 20
4836669.964250159
 10
633483.1475344591
 20
4836685.525767794
  0
LWPOLYLINE
  5
3A
330
17
100
AcDbEntity
  8
ROADS
100
AcDbPolyline
 90
2
 70
0
 10
633483.1475344591
 20
4836685.525767794
 10
633462.7669143919
 20
4836678.923104085
  0
LWPOLYLINE
  5
3B
330
17
100
AcDbEntity
  8
ROADS
100
AcDbPolyline
 90
2
 70
0
 10
633483.1475344591
 20
4836685.525767794
 10
633470.4227748817
 20
4836725.994952219
  0
LWPOLYLINE
  5
3C
330
17
100
AcDbEntity
  8
ROADS
100
AcDbPolyline
 90
2
 70
0
 10
633388.4075859615
 20
4836710.777796012
 10
633466.5486175324
 20
4836735.996708758
  0
LWPOLYLINE
  5
3D
330
17
100
AcDbEntity
  8
ROADS
100
AcDbPolyline
 90
2
 70
0
 10
633683.9674132292
 20
4836698.377872871
 10
633723.2047687937
 20
4836711.863429413
  0
LWPOLYLINE
  5
3E
330
17
100
AcDbEntity
  8
ROADS
100
AcDbPolyline
 90
2
 70
0
 10
633777.4395318878
 20
4836686.292976626
 10
633763.2045340377
 20
4836724.5557097355
  0
LWPOLYLINE
  5
3F
330
17
100
AcDbEntity
  8
ROADS
100
AcDbPolyline
 90
2
 70
0
 10
633723.2047687937
 20
4836711.863429413
 10
633763.2045340377
 20
4836724.5557097355
  0
LWPOLYLINE
  5
40
330
17
100
AcDbEntity
  8
ROADS
100
AcDbPolyline
 90
2
 70
0
 10
633914.3067510481
 20
4836676.280875698
 10
633886.5367950109
 20
4836764.641997593
  0
LWPOLYLINE
  5
41
330
17
100
AcDbEntity
  8
ROADS
100
AcDbPolyline
 90
2
 70
0
 10
633849.1450885289
 20
4836708.874343417
 10
633836.4065485068
 20
4836748.390244208
  0
LWPOLYLINE
  5
42
330
17
100
AcDbEntity
  8
ROADS
100
AcDbPolyline
 90
2
 70
0
 10
633723.2047687937
 20
4836711.863429413
 10
633713.6070083701
 20
4836752.733214967
  0
LWPOLYLINE
  5
43
330
17
100
AcDbEntity
  8
ROADS
100
AcDbPolyline
 90
4
 70
0
 10
633513.0554063603
 20
4836740.750997592
 10
633528.6409933673
 20
4836693.556992406
 10
633627.2084542492
 20
4836726.713899939
 10
633612.8015577127
 20
4836775.478357291
  0
LWPOLYLINE
  5
44
330
17
100
AcDbEntity
  8
ROADS
100
AcDbPolyline
 90
2
 70
0
 10
633763.2045340377
 20
4836724.5557097355
 10
633836.4065485068
 20
4836748.390244208
  0
LWPOLYLINE
  5
45
330
17
100
AcDbEntity
  8
ROADS
100
AcDbPolyline
 90
2
 70
0
 10
633683.9674132292
 20
4836698.377872871
 10
633654.7999232925
 20
4836790.025929543
  0
LWPOLYLINE
  5
46
330
17
100
AcDbEntity
  8
ROADS
100
AcDbPolyline
 90
2
 70
0
 10
633836.4065485068
 20
4836748.390244208
 10
633886.5367950109
 20
4836764.641997593
  0
LWPOLYLINE
  5
47
330
17
100
AcDbEntity
  8
ROADS
100
AcDbPolyline
 90
2
 70
0
 10
634042.2341468146
 20
4836640.399681843
 10
634023.904556101
 20
4836696.257172082
  0
LWPOLYLINE
  5
48
330
17
100
AcDbEntity
  8
ROADS
100
AcDbPolyline
 90
2
 70
0
 10
634082.1396082281
 20
4836649.953787175
 10
634062.5881589128
 20
4836709.175682115
  0
LWPOLYLINE
  5
49
330
17
100
AcDbEntity
  8
ROADS
100
AcDbPolyline
 90
3
 70
0
 10
634001.3432090582
 20
4836630.699008273
 10
633983.982175217
 20
4836682.8232240565
 10
634023.904556101
 20
4836696.257172082
  0
LWPOLYLINE
  5
4A
330
17
100
AcDbEntity
  8
ROADS
100
AcDbPolyline
 90
2
 70
0
 10
634445.0341225362
 20
4836736.42333092
 10
634441.6752026046
 20
4836747.193213652
  0
LWPOLYLINE
  5
4B
330
17
100
AcDbEntity
  8
ROADS
100
AcDbPolyline
 90
3
 70
0
 10
633124.7604218753
 20
4836981.538266541
 10
633139.7340363261
 20
4836936.055397449
 10
633095.5726080749
 20
4836921.6482230285
  0
LWPOLYLINE
  5
4C
330
17
100
AcDbEntity
  8
ROADS
100
AcDbPolyline
 90
2
 70
0
 10
633059.5715647518
 20
4836960.1845030775
 10
633124.7604218753
 20
4836981.538266541
  0
LWPOLYLINE
  5
4D
330
17
100
AcDbEntity
  8
ROADS
100
AcDbPolyline
 90
2
 70
0
 10
633109.3241911783
 20
4837027.2187822675
 10
633024.6012729515
 20
4837004.301074701
  0
LWPOLYLINE
  5
4E
330
17
100
AcDbEntity
  8
ROADS
100
AcDbPolyline
 90
2
 70
0
 10
633124.7604218753
 20
4836981.538266541
 10
633109.3241911783
 20
4837027.2187822675
  0
LWPOLYLINE
  5
4F
330
17
100
AcDbEntity
  8
ROADS
100
AcDbPolyline
 90
2
 70
0
 10
633136.3435330071
 20
4837086.437402401
 10
633104.2545105233
 20
4837177.158540813
  0
LWPOLYLINE
  5
50
330
17
100
AcDbEntity
  8
ROADS
100
AcDbPolyline
 90
2
 70
0
 10
632940.9156111779
 20
4837130.591370454
 10
633061.5914901802
 20
4837167.57081796
  0
LWPOLYLINE
  5
51
330
17
100
AcDbEntity
  8
ROADS
100
AcDbPolyline
 90
2
 70
0
 10
633146.9149585366
 20
4837093.843315933
 10
633116.0173328591
 20
4837180.87003946
  0
LWPOLYLINE
  5
52
330
17
100
AcDbEntity
  8
ROADS
100
AcDbPolyline
 90
2
 70
0
 10
633076.9095759338
 20
4837122.258207774
 10
633061.5914901802
 20
4837167.57081796
  0
LWPOLYLINE
  5
53
330
17
100
AcDbEntity
  8
ROADS
100
AcDbPolyline
 90
2
 70
0
 10
633061.5914901802
 20
4837167.57081796
 10
633104.2545105233
 20
4837177.158540813
  0
LWPOLYLINE
  5
54
330
17
100
AcDbEntity
  8
ROADS
100
AcDbPolyline
 90
3
 70
0
 10
635979.9400926717
 20
4837096.872029107
 10
636035.4123964497
 20
4837122.858194413
 10
636040.9787396449
 20
4837174.463403939
  0
LWPOLYLINE
  5
55
330
17
100
AcDbEntity
  8
ROADS
100
AcDbPolyline
 90
2
 70
0
 10
636028.9718754106
 20
4837170.304922513
 10
636039.0344582609
 20
4837137.970024179
  0
LWPOLYLINE
  5
56
330
17
100
AcDbEntity
  8
ROADS
100
AcDbPolyline
 90
2
 70
0
 10
636040.9787396449
 20
4837174.463403939
 10
636028.9718754106
 20
4837170.304922513
  0
LWPOLYLINE
  5
57
330
17
100
AcDbEntity
  8
ROADS
100
AcDbPolyline
 90
3
 70
0
 10
635676.7037059865
 20
4837059.308908774
 10
635667.1187864465
 20
4837114.689858931
 10
635744.5185025209
 20
4837140.0206427025
  0
LWPOLYLINE
  5
58
330
17
100
AcDbEntity
  8
ROADS
100
AcDbPolyline
 90
4
 70
0
 10
635792.6061023598
 20
4837078.389255995
 10
635782.9088619063
 20
4837096.220999784
 10
635744.2501130754
 20
4837089.494372667
 10
635748.3932809816
 20
4837078.300153156
  0
LWPOLYLINE
  5
59
330
17
100
AcDbEntity
  8
ROADS
100
AcDbPolyline
 90
2
 70
0
 10
635962.5323104999
 20
4837094.599259429
 10
635927.0072701962
 20
4837192.84712938
  0
LWPOLYLINE
  5
5A
330
17
100
AcDbEntity
  8
ROADS
100
AcDbPolyline
 90
2
 70
0
 10
635744.5185025209
 20
4837140.0206427025
 10
635927.0072701962
 20
4837192.84712938
  0
LWPOLYLINE
  5
5B
330
17
100
AcDbEntity
  8
ROADS
100
AcDbPolyline
 90
2
 70
0
 10
635927.0072701962
 20
4837192.84712938
 10
635997.4541582002
 20
4837216.31255983
  0
LWPOLYLINE
  5
5C
330
17
100
AcDbEntity
  8
ROADS
100
AcDbPolyline
 90
2
 70
0
 10
635744.5185025209
 20
4837140.0206427025
 10
635671.3604677466
 20
4837284.891400976
  0
LWPOLYLINE
  5
5D
330
17
100
AcDbEntity
  8
ROADS
100
AcDbPolyline
 90
2
 70
0
 10
635579.9618800792
 20
4837255.893131383
 10
635671.3604677466
 20
4837284.891400976
  0
LWPOLYLINE
  5
5E
330
17
100
AcDbEntity
  8
ROADS
100
AcDbPolyline
 90
2
 70
0
 10
635927.0072701962
 20
4837192.84712938
 10
635864.4384261051
 20
4837386.2537011
  0
LWPOLYLINE
  5
5F
330
17
100
AcDbEntity
  8
ROADS
100
AcDbPolyline
 90
3
 70
0
 10
635804.8940638222
 20
4837308.896173648
 10
635775.69021549
 20
4837323.456356769
 10
635671.3604677466
 20
4837284.891400976
  0
LWPOLYLINE
  5
60
330
17
100
AcDbEntity
  8
ROADS
100
AcDbPolyline
 90
2
 70
0
 10
635671.3604677466
 20
4837284.891400976
 10
635739.5027188326
 20
4837362.627403237
  0
LWPOLYLINE
  5
61
330
17
100
AcDbEntity
  8
ROADS
100
AcDbPolyline
 90
2
 70
0
 10
636040.9787396449
 20
4837174.463403939
 10
636090.0774407493
 20
4837192.471824968
  0
LWPOLYLINE
  5
62
330
17
100
AcDbEntity
  8
ROADS
100
AcDbPolyline
 90
3
 70
0
 10
636028.9718754106
 20
4837170.304922513
 10
636012.7429115052
 20
4837171.661581816
 10
635997.4541582002
 20
4837216.31255983
  0
LWPOLYLINE
  5
63
330
17
100
AcDbEntity
  8
ROADS
100
AcDbPolyline
 90
2
 70
0
 10
636090.0774407493
 20
4837192.471824968
 10
636160.1533749838
 20
4837234.626715382
  0
LWPOLYLINE
  5
64
330
17
100
AcDbEntity
  8
ROADS
100
AcDbPolyline
 90
2
 70
0
 10
636160.1533749838
 20
4837234.626715382
 10
636218.8514189001
 20
4837270.692337987
  0
LWPOLYLINE
  5
65
330
17
100
AcDbEntity
  8
ROADS
100
AcDbPolyline
 90
2
 70
0
 10
635997.4541582002
 20
4837216.31255983
 10
635967.3515364449
 20
4837314.083337244
  0
LWPOLYLINE
  5
66
330
17
100
AcDbEntity
  8
ROADS
100
AcDbPolyline
 90
2
 70
0
 10
636090.0774407493
 20
4837192.471824968
 10
636042.9402000988
 20
4837338.609368343
  0
LWPOLYLINE
  5
67
330
17
100
AcDbEntity
  8
ROADS
100
AcDbPolyline
 90
2
 70
0
 10
636218.8514189001
 20
4837270.692337987
 10
636268.8987123136
 20
4837301.393064985
  0
LWPOLYLINE
  5
68
330
17
100
AcDbEntity
  8
ROADS
100
AcDbPolyline
 90
2
 70
0
 10
636160.1533749838
 20
4837234.626715382
 10
636117.8204646463
 20
4837363.763155783
  0
LWPOLYLINE
  5
69
330
17
100
AcDbEntity
  8
ROADS
100
AcDbPolyline
 90
2
 70
0
 10
636268.8987123136
 20
4837301.393064985
 10
636313.0469629222
 20
4837328.4728061
  0
LWPOLYLINE
  5
6A
330
17
100
AcDbEntity
  8
ROADS
100
AcDbPolyline
 90
2
 70
0
 10
635967.3515364449
 20
4837314.083337244
 10
636042.9402000988
 20
4837338.609368343
  0
LWPOLYLINE
  5
6B
330
17
100
AcDbEntity
  8
ROADS
100
AcDbPolyline
 90
2
 70
0
 10
636342.1903865818
 20
4837236.808579249
 10
636313.0469629222
 20
4837328.4728061
  0
LWPOLYLINE
  5
6C
330
17
100
AcDbEntity
  8
ROADS
100
AcDbPolyline
 90
2
 70
0
 10
636313.0469629222
 20
4837328.4728061
 10
636492.5953630421
 20
4837388.564960508
  0
LWPOLYLINE
  5
6D
330
17
100
AcDbEntity
  8
ROADS
100
AcDbPolyline
 90
2
 70
0
 10
636492.5953630421
 20
4837388.564960508
 10
636540.6123283736
 20
4837402.911956371
  0
LWPOLYLINE
  5
6E
330
17
100
AcDbEntity
  8
ROADS
100
AcDbPolyline
 90
2
 70
0
 10
635402.2192450478
 20
4837331.7786061615
 10
635424.7527903663
 20
4837339.321732965
  0
LWPOLYLINE
  5
6F
330
17
100
AcDbEntity
  8
ROADS
100
AcDbPolyline
 90
2
 70
0
 10
635402.2192450478
 20
4837331.7786061615
 10
635387.6411273116
 20
4837383.08942142
  0
LWPOLYLINE
  5
70
330
17
100
AcDbEntity
  8
ROADS
100
AcDbPolyline
 90
2
 70
0
 10
635358.4305264291
 20
4837317.120509231
 10
635323.7778103959
 20
4837431.963782056
  0
LWPOLYLINE
  5
71
330
17
100
AcDbEntity
  8
ROADS
100
AcDbPolyline
 90
3
 70
0
 10
635502.6239884421
 20
4837239.810252398
 10
635471.0745017519
 20
4837389.163687399
 10
635514.0407854562
 20
4837517.593295759
  0
LWPOLYLINE
  5
72
330
17
100
AcDbEntity
  8
ROADS
100
AcDbPolyline
 90
3
 70
0
 10
635579.9618800792
 20
4837255.893131383
 10
635574.0999218693
 20
4837329.357516383
 10
635514.0407854562
 20
4837517.593295759
  0
LWPOLYLINE
  5
73
330
17
100
AcDbEntity
  8
ROADS
100
AcDbPolyline
 90
2
 70
0
 10
635323.7778103959
 20
4837431.963782056
 10
635288.7203616423
 20
4837412.356139211
  0
LWPOLYLINE
  5
74
330
17
100
AcDbEntity
  8
ROADS
100
AcDbPolyline
 90
2
 70
0
 10
635323.7778103959
 20
4837431.963782056
 10
635332.1075508492
 20
4837459.335771081
  0
LWPOLYLINE
  5
75
330
17
100
AcDbEntity
  8
ROADS
100
AcDbPolyline
 90
2
 70
0
 10
635323.7778103959
 20
4837431.963782056
 10
635312.0103235899
 20
4837468.598142795
  0
LWPOLYLINE
  5
76
330
17
100
AcDbEntity
  8
ROADS
100
AcDbPolyline
 90
2
 70
0
 10
635312.0103235899
 20
4837468.598142795
 10
635332.1075508492
 20
4837459.335771081
  0
LWPOLYLINE
  5
77
330
17
100
AcDbEntity
  8
ROADS
100
AcDbPolyline
 90
2
 70
0
 10
635332.1075508492
 20
4837459.335771081
 10
635391.7503113898
 20
4837492.26015914
  0
LWPOLYLINE
  5
78
330
17
100
AcDbEntity
  8
ROADS
100
AcDbPolyline
 90
2
 70
0
 10
636268.8987123136
 20
4837301.393064985
 10
636251.1091138058
 20
4837351.772858244
  0
LWPOLYLINE
  5
79
330
17
100
AcDbEntity
  8
ROADS
100
AcDbPolyline
 90
2
 70
0
 10
636218.8514189001
 20
4837270.692337987
 10
636189.3165830426
 20
4837388.162691229
  0
LWPOLYLINE
  5
7A
330
17
100
AcDbEntity
  8
ROADS
100
AcDbPolyline
 90
2
 70
0
 10
636042.9402000988
 20
4837338.609368343
 10
636117.8204646463
 20
4837363.763155783
  0
LWPOLYLINE
  5
7B
330
17
100
AcDbEntity
  8
ROADS
100
AcDbPolyline
 90
2
 70
0
 10
636313.0469629222
 20
4837328.4728061
 10
636283.9060951824
 20
4837417.244756634
  0
LWPOLYLINE
  5
7C
330
17
100
AcDbEntity
  8
ROADS
100
AcDbPolyline
 90
2
 70
0
 10
636117.8204646463
 20
4837363.763155783
 10
636189.3165830426
 20
4837388.162691229
  0
LWPOLYLINE
  5
7D
330
17
100
AcDbEntity
  8
ROADS
100
AcDbPolyline
 90
2
 70
0
 10
636189.3165830426
 20
4837388.162691229
 10
636283.9060951824
 20
4837417.244756634
  0
LWPOLYLINE
  5
7E
330
17
100
AcDbEntity
  8
ROADS
100
AcDbPolyline
 90
2
 70
0
 10
636042.9402000988
 20
4837338.609368343
 10
635984.9386471622
 20
4837521.813674941
  0
LWPOLYLINE
  5
7F
330
17
100
AcDbEntity
  8
ROADS
100
AcDbPolyline
 90
2
 70
0
 10
636117.8204646463
 20
4837363.763155783
 10
636058.420263604
 20
4837550.22999495
  0
LWPOLYLINE
  5
80
330
17
100
AcDbEntity
  8
ROADS
100
AcDbPolyline
 90
2
 70
0
 10
636283.9060951824
 20
4837417.244756634
 10
636251.8776885017
 20
4837518.694602954
  0
LWPOLYLINE
  5
81
330
17
100
AcDbEntity
  8
ROADS
100
AcDbPolyline
 90
2
 70
0
 10
636189.3165830426
 20
4837388.162691229
 10
636129.9582859629
 20
4837572.974677343
  0
LWPOLYLINE
  5
82
330
17
100
AcDbEntity
  8
ROADS
100
AcDbPolyline
 90
2
 70
0
 10
635788.047447243
 20
4837337.052002702
 10
635739.5027188326
 20
4837362.627403237
  0
LWPOLYLINE
  5
83
330
17
100
AcDbEntity
  8
ROADS
100
AcDbPolyline
 90
2
 70
0
 10
635739.5027188326
 20
4837362.627403237
 10
635764.8473415992
 20
4837393.462410219
  0
LWPOLYLINE
  5
84
330
17
100
AcDbEntity
  8
ROADS
100
AcDbPolyline
 90
2
 70
0
 10
635967.3515364449
 20
4837314.083337244
 10
635926.618559218
 20
4837442.346048903
  0
LWPOLYLINE
  5
85
330
17
100
AcDbEntity
  8
ROADS
100
AcDbPolyline
 90
2
 70
0
 10
635864.4384261051
 20
4837386.2537011
 10
635926.618559218
 20
4837442.346048903
  0
LWPOLYLINE
  5
86
330
17
100
AcDbEntity
  8
ROADS
100
AcDbPolyline
 90
2
 70
0
 10
635864.4384261051
 20
4837386.2537011
 10
635845.0154342119
 20
4837444.555586976
  0
LWPOLYLINE
  5
87
330
17
100
AcDbEntity
  8
ROADS
100
AcDbPolyline
 90
2
 70
0
 10
635764.8473415992
 20
4837393.462410219
 10
635820.6992596716
 20
4837493.000116236
  0
LWPOLYLINE
  5
88
330
17
100
AcDbEntity
  8
ROADS
100
AcDbPolyline
 90
2
 70
0
 10
635845.0154342119
 20
4837444.555586976
 10
635864.0902061057
 20
4837456.4395657135
  0
LWPOLYLINE
  5
89
330
17
100
AcDbEntity
  8
ROADS
100
AcDbPolyline
 90
2
 70
0
 10
635845.0154342119
 20
4837444.555586976
 10
635840.896737914
 20
4837456.961195457
  0
LWPOLYLINE
  5
8A
330
17
100
AcDbEntity
  8
ROADS
100
AcDbPolyline
 90
3
 70
0
 10
635764.8473415992
 20
4837393.462410219
 10
635689.6137824324
 20
4837467.61841936
 10
635750.8998136653
 20
4837538.5848860545
  0
LWPOLYLINE
  5
8B
330
17
100
AcDbEntity
  8
ROADS
100
AcDbPolyline
 90
2
 70
0
 10
635926.618559218
 20
4837442.346048903
 10
635906.5445873311
 20
4837502.19130623
  0
LWPOLYLINE
  5
8C
330
17
100
AcDbEntity
  8
ROADS
100
AcDbPolyline
 90
2
 70
0
 10
636492.5953630421
 20
4837388.564960508
 10
636464.4682482388
 20
4837473.952982707
  0
LWPOLYLINE
  5
8D
330
17
100
AcDbEntity
  8
ROADS
100
AcDbPolyline
 90
2
 70
0
 10
636283.9060951824
 20
4837417.244756634
 10
636464.4682482388
 20
4837473.952982707
  0
LWPOLYLINE
  5
8E
330
17
100
AcDbEntity
  8
ROADS
100
AcDbPolyline
 90
2
 70
0
 10
636464.4682482388
 20
4837473.952982707
 10
636443.2374598777
 20
4837534.6374902595
  0
LWPOLYLINE
  5
8F
330
17
100
AcDbEntity
  8
ROADS
100
AcDbPolyline
 90
2
 70
0
 10
636568.1440014314
 20
4837424.78628414
 10
636509.7794963856
 20
4837601.765830446
  0
LWPOLYLINE
  5
90
330
17
100
AcDbEntity
  8
ROADS
100
AcDbPolyline
 90
3
 70
0
 10
636658.5662831661
 20
4837449.256404703
 10
636708.0311302779
 20
4837488.912775156
 10
636679.4044101604
 20
4837584.863762673
  0
LWPOLYLINE
  5
91
330
17
100
AcDbEntity
  8
ROADS
100
AcDbPolyline
 90
3
 70
0
 10
636306.4025564906
 20
4837536.33417707
 10
636320.2861662694
 20
4837495.060562936
 10
636443.2374598777
 20
4837534.6374902595
  0
LWPOLYLINE
  5
92
330
17
100
AcDbEntity
  8
ROADS
100
AcDbPolyline
 90
2
 70
0
 10
636648.3268558824
 20
4837447.210729349
 10
636589.1463590141
 20
4837619.033635673
  0
LWPOLYLINE
  5
93
330
17
100
AcDbEntity
  8
ROADS
100
AcDbPolyline
 90
2
 70
0
 10
636443.2374598777
 20
4837534.6374902595
 10
636488.9227706497
 20
4837548.781911951
  0
LWPOLYLINE
  5
94
330
17
100
AcDbEntity
  8
ROADS
100
AcDbPolyline
 90
2
 70
0
 10
635840.896737914
 20
4837456.961195457
 10
635820.6992596716
 20
4837493.000116236
  0
LWPOLYLINE
  5
95
330
17
100
AcDbEntity
  8
ROADS
100
AcDbPolyline
 90
2
 70
0
 10
635926.618559218
 20
4837442.346048903
 10
635984.9386471622
 20
4837521.813674941
  0
LWPOLYLINE
  5
96
330
17
100
AcDbEntity
  8
ROADS
100
AcDbPolyline
 90
2
 70
0
 10
635881.3444669526
 20
4837475.034214239
 10
635906.5445873311
 20
4837502.19130623
  0
LWPOLYLINE
  5
97
330
17
100
AcDbEntity
  8
ROADS
100
AcDbPolyline
 90
2
 70
0
 10
635840.896737914
 20
4837456.961195457
 10
635901.1290629636
 20
4837520.885017829
  0
LWPOLYLINE
  5
98
330
17
100
AcDbEntity
  8
ROADS
100
AcDbPolyline
 90
2
 70
0
 10
635906.5445873311
 20
4837502.19130623
 10
635901.1290629636
 20
4837520.885017829
  0
LWPOLYLINE
  5
99
330
17
100
AcDbEntity
  8
ROADS
100
AcDbPolyline
 90
2
 70
0
 10
635820.6992596716
 20
4837493.000116236
 10
635887.0193181476
 20
4837563.437602224
  0
LWPOLYLINE
  5
9A
330
17
100
AcDbEntity
  8
ROADS
100
AcDbPolyline
 90
2
 70
0
 10
635901.1290629636
 20
4837520.885017829
 10
635887.0193181476
 20
4837563.437602224
  0
LWPOLYLINE
  5
9B
330
17
100
AcDbEntity
  8
ROADS
100
AcDbPolyline
 90
3
 70
0
 10
635750.8998136653
 20
4837538.5848860545
 10
635730.2334712229
 20
4837579.037699279
 10
635732.8378876334
 20
4837630.23327171
  0
LWPOLYLINE
  5
9C
330
17
100
AcDbEntity
  8
ROADS
100
AcDbPolyline
 90
2
 70
0
 10
635887.0193181476
 20
4837563.437602224
 10
635942.7517876644
 20
4837623.874770911
  0
LWPOLYLINE
  5
9D
330
17
100
AcDbEntity
  8
ROADS
100
AcDbPolyline
 90
5
 70
0
 10
635557.8323349082
 20
4837564.5557833165
 10
635649.1322611206
 20
4837602.122764823
 10
635667.9223811708
 20
4837630.224345932
 10
635714.3626752897
 20
4837640.994107989
 10
635732.8378876334
 20
4837630.23327171
  0
LWPOLYLINE
  5
9E
330
17
100
AcDbEntity
  8
ROADS
100
AcDbPolyline
 90
2
 70
0
 10
637012.1538351134
 20
4837560.426169
 10
637021.2883997986
 20
4837564.33309563
  0
LWPOLYLINE
  5
9F
330
17
100
AcDbEntity
  8
ROADS
100
AcDbPolyline
 90
3
 70
0
 10
637188.6896467491
 20
4837660.714291624
 10
637184.0600783549
 20
4837735.010576713
 10
637160.3361707386
 20
4837784.984130974
  0
LWPOLYLINE
  5
A0
330
17
100
AcDbEntity
  8
ROADS
100
AcDbPolyline
 90
2
 70
0
 10
637297.006611501
 20
4837751.532969006
 10
637272.5592515569
 20
4837827.519517921
  0
LWPOLYLINE
  5
A1
330
17
100
AcDbEntity
  8
ROADS
100
AcDbPolyline
 90
3
 70
0
 10
636679.4044101604
 20
4837584.863762673
 10
636753.4360526724
 20
4837594.156369849
 10
636854.6826255235
 20
4837667.569947817
  0
LWPOLYLINE
  5
A2
330
17
100
AcDbEntity
  8
ROADS
100
AcDbPolyline
 90
2
 70
0
 10
637123.4147024292
 20
4837618.755986845
 10
637123.7241370595
 20
4837671.109603246
  0
LWPOLYLINE
  5
A3
330
17
100
AcDbEntity
  8
ROADS
100
AcDbPolyline
 90
2
 70
0
 10
636854.6826255235
 20
4837667.569947817
 10
637040.8688551768
 20
4837680.328094189
  0
LWPOLYLINE
  5
A4
330
17
100
AcDbEntity
  8
ROADS
100
AcDbPolyline
 90
4
 70
0
 10
636619.8799103606
 20
4837766.910731898
 10
636691.9130538469
 20
4837775.888207931
 10
636763.147045576
 20
4837682.681990112
 10
636854.6826255235
 20
4837667.569947817
  0
LWPOLYLINE
  5
A5
330
17
100
AcDbEntity
  8
ROADS
100
AcDbPolyline
 90
2
 70
0
 10
637160.3361707386
 20
4837784.984130974
 10
637117.8960198967
 20
4837832.055939977
  0
LWPOLYLINE
  5
A6
330
17
100
AcDbEntity
  8
ROADS
100
AcDbPolyline
 90
3
 70
0
 10
636823.3139319262
 20
4837848.548085075
 10
636831.4882571248
 20
4837824.793759384
 10
636857.136047076
 20
4837817.634934974
  0
LWPOLYLINE
  5
A7
330
17
100
AcDbEntity
  8
ROADS
100
AcDbPolyline
 90
3
 70
0
 10
636744.7620708332
 20
4837864.182928498
 10
636803.6022502597
 20
4837838.533702027
 10
636823.3139319262
 20
4837848.548085075
  0
LWPOLYLINE
  5
A8
330
17
100
AcDbEntity
  8
ROADS
100
AcDbPolyline
 90
3
 70
0
 10
637117.8960198967
 20
4837832.055939977
 10
637100.8118539928
 20
4837825.011338138
 10
636852.144160985
 20
4837884.51172868
  0
LWPOLYLINE
  5
A9
330
17
100
AcDbEntity
  8
ROADS
100
AcDbPolyline
 90
3
 70
0
 10
636823.3139319262
 20
4837848.548085075
 10
636831.8764446927
 20
4837880.744853619
 10
636852.144160985
 20
4837884.51172868
  0
LWPOLYLINE
  5
AA
330
17
100
AcDbEntity
  8
ROADS
100
AcDbPolyline
 90
2
 70
0
 10
634122.3532419915
 20
4836660.965572936
 10
634112.6610409777
 20
4836690.606528528
  0
LWPOLYLINE
  5
AB
330
17
100
AcDbEntity
  8
ROADS
100
AcDbPolyline
 90
2
 70
0
 10
634174.0377362835
 20
4836675.998809724
 10
634163.2360568929
 20
4836707.76040251
  0
LWPOLYLINE
  5
AC
330
17
100
AcDbEntity
  8
ROADS
100
AcDbPolyline
 90
2
 70
0
 10
634224.6675516481
 20
4836689.943708358
 10
634212.8260574534
 20
4836724.081402225
  0
LWPOLYLINE
  5
AD
330
17
100
AcDbEntity
  8
ROADS
100
AcDbPolyline
 90
2
 70
0
 10
634280.6744973614
 20
4836697.592362794
 10
634265.1600845805
 20
4836741.9071471505
  0
LWPOLYLINE
  5
AE
330
17
100
AcDbEntity
  8
ROADS
100
AcDbPolyline
 90
2
 70
0
 10
634112.6610409777
 20
4836690.606528528
 10
634163.2360568929
 20
4836707.76040251
  0
LWPOLYLINE
  5
AF
330
17
100
AcDbEntity
  8
ROADS
100
AcDbPolyline
 90
2
 70
0
 10
634023.904556101
 20
4836696.257172082
 10
634062.5881589128
 20
4836709.175682115
  0
LWPOLYLINE
  5
B0
330
17
100
AcDbEntity
  8
ROADS
100
AcDbPolyline
 90
2
 70
0
 10
634023.904556101
 20
4836696.257172082
 10
634018.4334300911
 20
4836711.282483637
  0
LWPOLYLINE
  5
B1
330
17
100
AcDbEntity
  8
ROADS
100
AcDbPolyline
 90
2
 70
0
 10
634332.9435790662
 20
4836706.1585334055
 10
634316.0391959678
 20
4836756.624832204
  0
LWPOLYLINE
  5
B2
330
17
100
AcDbEntity
  8
ROADS
100
AcDbPolyline
 90
2
 70
0
 10
634112.6610409777
 20
4836690.606528528
 10
634102.3711261278
 20
4836721.858053488
  0
LWPOLYLINE
  5
B3
330
17
100
AcDbEntity
  8
ROADS
100
AcDbPolyline
 90
2
 70
0
 10
634062.5881589128
 20
4836709.175682115
 10
634102.3711261278
 20
4836721.858053488
  0
LWPOLYLINE
  5
B4
330
17
100
AcDbEntity
  8
ROADS
100
AcDbPolyline
 90
2
 70
0
 10
634403.3619209428
 20
4836733.260796644
 10
634405.8249367821
 20
4836725.201923138
  0
LWPOLYLINE
  5
B5
330
17
100
AcDbEntity
  8
ROADS
100
AcDbPolyline
 90
3
 70
0
 10
634491.1239136624
 20
4836752.884736468
 10
634489.1517895303
 20
4836759.215659031
 10
634441.6752026046
 20
4836747.193213652
  0
LWPOLYLINE
  5
B6
330
17
100
AcDbEntity
  8
ROADS
100
AcDbPolyline
 90
2
 70
0
 10
634403.3619209428
 20
4836733.260796644
 10
634384.9938774079
 20
4836727.426692519
  0
LWPOLYLINE
  5
B7
330
17
100
AcDbEntity
  8
ROADS
100
AcDbPolyline
 90
2
 70
0
 10
634441.6752026046
 20
4836747.193213652
 10
634403.3619209428
 20
4836733.260796644
  0
LWPOLYLINE
  5
B8
330
17
100
AcDbEntity
  8
ROADS
100
AcDbPolyline
 90
2
 70
0
 10
634632.6781537717
 20
4836745.3987486875
 10
634699.3585617768
 20
4836765.901045296
  0
LWPOLYLINE
  5
B9
330
17
100
AcDbEntity
  8
ROADS
100
AcDbPolyline
 90
2
 70
0
 10
634540.1602761386
 20
4836751.588450681
 10
634522.4052441209
 20
4836809.451134682
  0
LWPOLYLINE
  5
BA
330
17
100
AcDbEntity
  8
ROADS
100
AcDbPolyline
 90
2
 70
0
 10
634441.6752026046
 20
4836747.193213652
 10
634427.445898492
 20
4836792.660724796
  0
LWPOLYLINE
  5
BB
330
17
100
AcDbEntity
  8
ROADS
100
AcDbPolyline
 90
2
 70
0
 10
634316.0391959678
 20
4836756.624832204
 10
634427.445898492
 20
4836792.660724796
  0
LWPOLYLINE
  5
BC
330
17
100
AcDbEntity
  8
ROADS
100
AcDbPolyline
 90
2
 70
0
 10
634768.169703548
 20
4836750.970051571
 10
634757.8347697442
 20
4836784.357934013
  0
LWPOLYLINE
  5
BD
330
17
100
AcDbEntity
  8
ROADS
100
AcDbPolyline
 90
2
 70
0
 10
634163.2360568929
 20
4836707.76040251
 10
634212.8260574534
 20
4836724.081402225
  0
LWPOLYLINE
  5
BE
330
17
100
AcDbEntity
  8
ROADS
100
AcDbPolyline
 90
2
 70
0
 10
634102.3711261278
 20
4836721.858053488
 10
634097.6257368512
 20
4836736.237437158
  0
LWPOLYLINE
  5
BF
330
17
100
AcDbEntity
  8
ROADS
100
AcDbPolyline
 90
2
 70
0
 10
634212.8260574534
 20
4836724.081402225
 10
634265.1600845805
 20
4836741.9071471505
  0
LWPOLYLINE
  5
C0
330
17
100
AcDbEntity
  8
ROADS
100
AcDbPolyline
 90
2
 70
0
 10
634212.8260574534
 20
4836724.081402225
 10
634196.5365300948
 20
4836771.045755394
  0
LWPOLYLINE
  5
C1
330
17
100
AcDbEntity
  8
ROADS
100
AcDbPolyline
 90
2
 70
0
 10
634265.1600845805
 20
4836741.9071471505
 10
634316.0391959678
 20
4836756.624832204
  0
LWPOLYLINE
  5
C2
330
17
100
AcDbEntity
  8
ROADS
100
AcDbPolyline
 90
2
 70
0
 10
634097.6257368512
 20
4836736.237437158
 10
634196.5365300948
 20
4836771.045755394
  0
LWPOLYLINE
  5
C3
330
17
100
AcDbEntity
  8
ROADS
100
AcDbPolyline
 90
2
 70
0
 10
634097.6257368512
 20
4836736.237437158
 10
634080.9166891864
 20
4836786.049422841
  0
LWPOLYLINE
  5
C4
330
17
100
AcDbEntity
  8
ROADS
100
AcDbPolyline
 90
2
 70
0
 10
634316.0391959678
 20
4836756.624832204
 10
634298.8370189955
 20
4836803.399180513
  0
LWPOLYLINE
  5
C5
330
17
100
AcDbEntity
  8
ROADS
100
AcDbPolyline
 90
2
 70
0
 10
634196.5365300948
 20
4836771.045755394
 10
634298.8370189955
 20
4836803.399180513
  0
LWPOLYLINE
  5
C6
330
17
100
AcDbEntity
  8
ROADS
100
AcDbPolyline
 90
2
 70
0
 10
634298.8370189955
 20
4836803.399180513
 10
634289.7636177607
 20
4836836.2308473615
  0
LWPOLYLINE
  5
C7
330
17
100
AcDbEntity
  8
ROADS
100
AcDbPolyline
 90
2
 70
0
 10
634699.3585617768
 20
4836765.901045296
 10
634757.8347697442
 20
4836784.357934013
  0
LWPOLYLINE
  5
C8
330
17
100
AcDbEntity
  8
ROADS
100
AcDbPolyline
 90
3
 70
0
 10
634699.3585617768
 20
4836765.901045296
 10
634690.1689018214
 20
4836812.461807201
 10
634569.1924725536
 20
4836782.555861448
  0
LWPOLYLINE
  5
C9
330
17
100
AcDbEntity
  8
ROADS
100
AcDbPolyline
 90
2
 70
0
 10
634427.445898492
 20
4836792.660724796
 10
634470.1895726214
 20
4836808.029877837
  0
LWPOLYLINE
  5
CA
330
17
100
AcDbEntity
  8
ROADS
100
AcDbPolyline
 90
2
 70
0
 10
634427.445898492
 20
4836792.660724796
 10
634415.3056929975
 20
4836836.6388821285
  0
LWPOLYLINE
  5
CB
330
17
100
AcDbEntity
  8
ROADS
100
AcDbPolyline
 90
2
 70
0
 10
634757.8347697442
 20
4836784.357934013
 10
634725.9432446277
 20
4836877.648161296
  0
LWPOLYLINE
  5
CC
330
17
100
AcDbEntity
  8
ROADS
100
AcDbPolyline
 90
2
 70
0
 10
634415.3056929975
 20
4836836.6388821285
 10
634398.3152879416
 20
4836830.831184198
  0
LWPOLYLINE
  5
CD
330
17
100
AcDbEntity
  8
ROADS
100
AcDbPolyline
 90
2
 70
0
 10
634522.4052441209
 20
4836809.451134682
 10
634725.9432446277
 20
4836877.648161296
  0
LWPOLYLINE
  5
CE
330
17
100
AcDbEntity
  8
ROADS
100
AcDbPolyline
 90
2
 70
0
 10
634415.3056929975
 20
4836836.6388821285
 10
634459.8778679003
 20
4836852.2651240295
  0
LWPOLYLINE
  5
CF
330
17
100
AcDbEntity
  8
ROADS
100
AcDbPolyline
 90
2
 70
0
 10
634522.4052441209
 20
4836809.451134682
 10
634493.0871055457
 20
4836895.930255424
  0
LWPOLYLINE
  5
D0
330
17
100
AcDbEntity
  8
ROADS
100
AcDbPolyline
 90
2
 70
0
 10
634289.7636177607
 20
4836836.2308473615
 10
634493.0871055457
 20
4836895.930255424
  0
LWPOLYLINE
  5
D1
330
17
100
AcDbEntity
  8
ROADS
100
AcDbPolyline
 90
2
 70
0
 10
634080.9166891864
 20
4836786.049422841
 10
634055.2724816153
 20
4836860.8268982945
  0
LWPOLYLINE
  5
D2
330
17
100
AcDbEntity
  8
ROADS
100
AcDbPolyline
 90
2
 70
0
 10
634289.7636177607
 20
4836836.2308473615
 10
634283.368952461
 20
4836854.654751882
  0
LWPOLYLINE
  5
D3
330
17
100
AcDbEntity
  8
ROADS
100
AcDbPolyline
 90
2
 70
0
 10
633967.1652951713
 20
4836832.120414811
 10
634055.2724816153
 20
4836860.8268982945
  0
LWPOLYLINE
  5
D4
330
17
100
AcDbEntity
  8
ROADS
100
AcDbPolyline
 90
2
 70
0
 10
634283.368952461
 20
4836854.654751882
 10
634260.4035454747
 20
4836846.77384534
  0
LWPOLYLINE
  5
D5
330
17
100
AcDbEntity
  8
ROADS
100
AcDbPolyline
 90
2
 70
0
 10
634055.2724816153
 20
4836860.8268982945
 10
634047.2124849985
 20
4836887.004315926
  0
LWPOLYLINE
  5
D6
330
17
100
AcDbEntity
  8
ROADS
100
AcDbPolyline
 90
2
 70
0
 10
634047.2124849985
 20
4836887.004315926
 10
634094.5312701114
 20
4836901.445114072
  0
LWPOLYLINE
  5
D7
330
17
100
AcDbEntity
  8
ROADS
100
AcDbPolyline
 90
3
 70
0
 10
634283.368952461
 20
4836854.654751882
 10
634273.4971647374
 20
4836884.572737761
 10
634428.9609431855
 20
4836938.282277392
  0
LWPOLYLINE
  5
D8
330
17
100
AcDbEntity
  8
ROADS
100
AcDbPolyline
 90
3
 70
0
 10
634094.5312701114
 20
4836901.445114072
 10
634108.9713632518
 20
4836930.374604863
 10
634159.2731585002
 20
4836946.21146569
  0
LWPOLYLINE
  5
D9
330
17
100
AcDbEntity
  8
ROADS
100
AcDbPolyline
 90
2
 70
0
 10
634159.2731585002
 20
4836946.21146569
 10
634268.7170529184
 20
4836985.486682837
  0
LWPOLYLINE
  5
DA
330
17
100
AcDbEntity
  8
ROADS
100
AcDbPolyline
 90
2
 70
0
 10
634047.2124849985
 20
4836887.004315926
 10
633994.2253594243
 20
4837045.98928469
  0
LWPOLYLINE
  5
DB
330
17
100
AcDbEntity
  8
ROADS
100
AcDbPolyline
 90
2
 70
0
 10
634981.0943311879
 20
4836798.377496434
 10
634958.472610482
 20
4836869.924028855
  0
LWPOLYLINE
  5
DC
330
17
100
AcDbEntity
  8
ROADS
100
AcDbPolyline
 90
2
 70
0
 10
634860.4225602597
 20
4836765.126062278
 10
634766.1241595633
 20
4837057.632909322
  0
LWPOLYLINE
  5
DD
330
17
100
AcDbEntity
  8
ROADS
100
AcDbPolyline
 90
2
 70
0
 10
634940.8714490965
 20
4836784.645567457
 10
634844.7840125726
 20
4837083.448442508
  0
LWPOLYLINE
  5
DE
330
17
100
AcDbEntity
  8
ROADS
100
AcDbPolyline
 90
2
 70
0
 10
635095.8909387124
 20
4836845.396219953
 10
635034.8514851908
 20
4837035.981250554
  0
LWPOLYLINE
  5
DF
330
17
100
AcDbEntity
  8
ROADS
100
AcDbPolyline
 90
2
 70
0
 10
634493.0871055457
 20
4836895.930255424
 10
634517.4365124813
 20
4836904.150224128
  0
LWPOLYLINE
  5
E0
330
17
100
AcDbEntity
  8
ROADS
100
AcDbPolyline
 90
2
 70
0
 10
634725.9432446277
 20
4836877.648161296
 10
634698.6346066052
 20
4836963.664625721
  0
LWPOLYLINE
  5
E1
330
17
100
AcDbEntity
  8
ROADS
100
AcDbPolyline
 90
2
 70
0
 10
634517.4365124813
 20
4836904.150224128
 10
634698.6346066052
 20
4836963.664625721
  0
LWPOLYLINE
  5
E2
330
17
100
AcDbEntity
  8
ROADS
100
AcDbPolyline
 90
3
 70
0
 10
634517.4365124813
 20
4836904.150224128
 10
634504.5076558403
 20
4836950.261307728
 10
634684.4536042374
 20
4837008.754004637
  0
LWPOLYLINE
  5
E3
330
17
100
AcDbEntity
  8
ROADS
100
AcDbPolyline
 90
2
 70
0
 10
634698.6346066052
 20
4836963.664625721
 10
634684.4536042374
 20
4837008.754004637
  0
LWPOLYLINE
  5
E4
330
17
100
AcDbEntity
  8
ROADS
100
AcDbPolyline
 90
2
 70
0
 10
634723.1616187189
 20
4837042.972813666
 10
634758.4176359304
 20
4836933.193045581
  0
LWPOLYLINE
  5
E5
330
17
100
AcDbEntity
  8
ROADS
100
AcDbPolyline
 90
2
 70
0
 10
634684.4536042374
 20
4837008.754004637
 10
634678.0590375558
 20
4837029.190099069
  0
LWPOLYLINE
  5
E6
330
17
100
AcDbEntity
  8
ROADS
100
AcDbPolyline
 90
2
 70
0
 10
634347.2347033455
 20
4837022.975563263
 10
634387.7288246446
 20
4837042.677426659
  0
LWPOLYLINE
  5
E7
330
17
100
AcDbEntity
  8
ROADS
100
AcDbPolyline
 90
2
 70
0
 10
634678.0590375558
 20
4837029.190099069
 10
634706.1036822824
 20
4837038.188965406
  0
LWPOLYLINE
  5
E8
330
17
100
AcDbEntity
  8
ROADS
100
AcDbPolyline
 90
2
 70
0
 10
634706.1036822824
 20
4837038.188965406
 10
634723.1616187189
 20
4837042.972813666
  0
LWPOLYLINE
  5
E9
330
17
100
AcDbEntity
  8
ROADS
100
AcDbPolyline
 90
2
 70
0
 10
633470.4227748817
 20
4836725.994952219
 10
633466.5486175324
 20
4836735.996708758
  0
LWPOLYLINE
  5
EA
330
17
100
AcDbEntity
  8
ROADS
100
AcDbPolyline
 90
2
 70
0
 10
633470.4227748817
 20
4836725.994952219
 10
633513.0554063603
 20
4836740.750997592
  0
LWPOLYLINE
  5
EB
330
17
100
AcDbEntity
  8
ROADS
100
AcDbPolyline
 90
2
 70
0
 10
633294.2978659624
 20
4836761.570570386
 10
633289.6146981609
 20
4836776.4637475135
  0
LWPOLYLINE
  5
EC
330
17
100
AcDbEntity
  8
ROADS
100
AcDbPolyline
 90
2
 70
0
 10
633329.2173061447
 20
4836741.024448502
 10
633452.620884107
 20
4836780.38545368
  0
LWPOLYLINE
  5
ED
330
17
100
AcDbEntity
  8
ROADS
100
AcDbPolyline
 90
2
 70
0
 10
633466.5486175324
 20
4836735.996708758
 10
633452.620884107
 20
4836780.38545368
  0
LWPOLYLINE
  5
EE
330
17
100
AcDbEntity
  8
ROADS
100
AcDbPolyline
 90
2
 70
0
 10
633274.5438164114
 20
4836773.19358346
 10
633289.6146981609
 20
4836776.4637475135
  0
LWPOLYLINE
  5
EF
330
17
100
AcDbEntity
  8
ROADS
100
AcDbPolyline
 90
2
 70
0
 10
633289.6146981609
 20
4836776.4637475135
 10
633437.7902320407
 20
4836822.829712189
  0
LWPOLYLINE
  5
F0
330
17
100
AcDbEntity
  8
ROADS
100
AcDbPolyline
 90
2
 70
0
 10
633452.620884107
 20
4836780.38545368
 10
633437.7902320407
 20
4836822.829712189
  0
LWPOLYLINE
  5
F1
330
17
100
AcDbEntity
  8
ROADS
100
AcDbPolyline
 90
2
 70
0
 10
633513.0554063603
 20
4836740.750997592
 10
633612.8015577127
 20
4836775.478357291
  0
LWPOLYLINE
  5
F2
330
17
100
AcDbEntity
  8
ROADS
100
AcDbPolyline
 90
2
 70
0
 10
633713.6070083701
 20
4836752.733214967
 10
633696.6751338155
 20
4836804.305256714
  0
LWPOLYLINE
  5
F3
330
17
100
AcDbEntity
  8
ROADS
100
AcDbPolyline
 90
2
 70
0
 10
633713.6070083701
 20
4836752.733214967
 10
633873.3194503838
 20
4836804.835798742
  0
LWPOLYLINE
  5
F4
330
17
100
AcDbEntity
  8
ROADS
100
AcDbPolyline
 90
4
 70
0
 10
633513.0554063603
 20
4836740.750997592
 10
633497.5375671308
 20
4836788.014229054
 10
633597.4147291388
 20
4836822.353938817
 10
633612.8015577127
 20
4836775.478357291
  0
LWPOLYLINE
  5
F5
330
17
100
AcDbEntity
  8
ROADS
100
AcDbPolyline
 90
2
 70
0
 10
633612.8015577127
 20
4836775.478357291
 10
633654.7999232925
 20
4836790.025929543
  0
LWPOLYLINE
  5
F6
330
17
100
AcDbEntity
  8
ROADS
100
AcDbPolyline
 90
2
 70
0
 10
633886.5367950109
 20
4836764.641997593
 10
633873.3194503838
 20
4836804.835798742
  0
LWPOLYLINE
  5
F7
330
17
100
AcDbEntity
  8
ROADS
100
AcDbPolyline
 90
2
 70
0
 10
633654.7999232925
 20
4836790.025929543
 10
633696.6751338155
 20
4836804.305256714
  0
LWPOLYLINE
  5
F8
330
17
100
AcDbEntity
  8
ROADS
100
AcDbPolyline
 90
2
 70
0
 10
633873.3194503838
 20
4836804.835798742
 10
633967.1652951713
 20
4836832.120414811
  0
LWPOLYLINE
  5
F9
330
17
100
AcDbEntity
  8
ROADS
100
AcDbPolyline
 90
2
 70
0
 10
633696.6751338155
 20
4836804.305256714
 10
633787.2471931995
 20
4836834.906434341
  0
LWPOLYLINE
  5
FA
330
17
100
AcDbEntity
  8
ROADS
100
AcDbPolyline
 90
2
 70
0
 10
633696.6751338155
 20
4836804.305256714
 10
633680.7802035091
 20
4836854.1148998495
  0
LWPOLYLINE
  5
FB
330
17
100
AcDbEntity
  8
ROADS
100
AcDbPolyline
 90
2
 70
0
 10
633191.1173462018
 20
4836832.888676361
 10
633218.2352300036
 20
4836841.544301132
  0
LWPOLYLINE
  5
FC
330
17
100
AcDbEntity
  8
ROADS
100
AcDbPolyline
 90
2
 70
0
 10
633133.6965489662
 20
4836883.575070935
 10
633155.5688519352
 20
4836889.680025339
  0
LWPOLYLINE
  5
FD
330
17
100
AcDbEntity
  8
ROADS
100
AcDbPolyline
 90
2
 70
0
 10
633230.4680313274
 20
4836804.336489608
 10
633218.2352300036
 20
4836841.544301132
  0
LWPOLYLINE
  5
FE
330
17
100
AcDbEntity
  8
ROADS
100
AcDbPolyline
 90
3
 70
0
 10
633289.6146981609
 20
4836776.4637475135
 10
633275.112963914
 20
4836821.403132603
 10
633423.6889669073
 20
4836869.79051919
  0
LWPOLYLINE
  5
FF
330
17
100
AcDbEntity
  8
ROADS
100
AcDbPolyline
 90
2
 70
0
 10
633437.7902320407
 20
4836822.829712189
 10
633427.2103177311
 20
4836858.0622470565
  0
LWPOLYLINE
  5
100
330
17
100
AcDbEntity
  8
ROADS
100
AcDbPolyline
 90
2
 70
0
 10
633437.7902320407
 20
4836822.829712189
 10
633586.2354980205
 20
4836869.325604539
  0
LWPOLYLINE
  5
101
330
17
100
AcDbEntity
  8
ROADS
100
AcDbPolyline
 90
2
 70
0
 10
633427.2103177311
 20
4836858.0622470565
 10
633423.6889669073
 20
4836869.79051919
  0
LWPOLYLINE
  5
102
330
17
100
AcDbEntity
  8
ROADS
100
AcDbPolyline
 90
2
 70
0
 10
633218.2352300036
 20
4836841.544301132
 10
633197.9304545379
 20
4836903.383093643
  0
LWPOLYLINE
  5
103
330
17
100
AcDbEntity
  8
ROADS
100
AcDbPolyline
 90
2
 70
0
 10
633155.5688519352
 20
4836889.680025339
 10
633164.926723297
 20
4836860.748925829
  0
LWPOLYLINE
  5
104
330
17
100
AcDbEntity
  8
ROADS
100
AcDbPolyline
 90
2
 70
0
 10
633423.6889669073
 20
4836869.79051919
 10
633414.165401583
 20
4836896.878496477
  0
LWPOLYLINE
  5
105
330
17
100
AcDbEntity
  8
ROADS
100
AcDbPolyline
 90
2
 70
0
 10
633427.2103177311
 20
4836858.0622470565
 10
633573.2687846563
 20
4836909.181370213
  0
LWPOLYLINE
  5
106
330
17
100
AcDbEntity
  8
ROADS
100
AcDbPolyline
 90
2
 70
0
 10
633240.2610925739
 20
4836797.2308112
 10
633177.8992013839
 20
4837002.412791643
  0
LWPOLYLINE
  5
107
330
17
100
AcDbEntity
  8
ROADS
100
AcDbPolyline
 90
2
 70
0
 10
633654.7999232925
 20
4836790.025929543
 10
633624.824508227
 20
4836883.213486807
  0
LWPOLYLINE
  5
108
330
17
100
AcDbEntity
  8
ROADS
100
AcDbPolyline
 90
2
 70
0
 10
633586.2354980205
 20
4836869.325604539
 10
633624.824508227
 20
4836883.213486807
  0
LWPOLYLINE
  5
109
330
17
100
AcDbEntity
  8
ROADS
100
AcDbPolyline
 90
2
 70
0
 10
633586.2354980205
 20
4836869.325604539
 10
633573.2687846563
 20
4836909.181370213
  0
LWPOLYLINE
  5
10A
330
17
100
AcDbEntity
  8
ROADS
100
AcDbPolyline
 90
2
 70
0
 10
633967.1652951713
 20
4836832.120414811
 10
633918.8099230005
 20
4836976.707925149
  0
LWPOLYLINE
  5
10B
330
17
100
AcDbEntity
  8
ROADS
100
AcDbPolyline
 90
2
 70
0
 10
633624.824508227
 20
4836883.213486807
 10
633815.3352568788
 20
4836948.237567483
  0
LWPOLYLINE
  5
10C
330
17
100
AcDbEntity
  8
ROADS
100
AcDbPolyline
 90
2
 70
0
 10
633624.824508227
 20
4836883.213486807
 10
633599.4830669623
 20
4836961.047575466
  0
LWPOLYLINE
  5
10D
330
17
100
AcDbEntity
  8
ROADS
100
AcDbPolyline
 90
2
 70
0
 10
633573.2687846563
 20
4836909.181370213
 10
633557.9796146262
 20
4836947.088480629
  0
LWPOLYLINE
  5
10E
330
17
100
AcDbEntity
  8
ROADS
100
AcDbPolyline
 90
2
 70
0
 10
633557.9796146262
 20
4836947.088480629
 10
633599.4830669623
 20
4836961.047575466
  0
LWPOLYLINE
  5
10F
330
17
100
AcDbEntity
  8
ROADS
100
AcDbPolyline
 90
2
 70
0
 10
633599.4830669623
 20
4836961.047575466
 10
633791.6622911277
 20
4837027.267963134
  0
LWPOLYLINE
  5
110
330
17
100
AcDbEntity
  8
ROADS
100
AcDbPolyline
 90
3
 70
0
 10
633918.8099230005
 20
4836976.707925149
 10
633963.2144538258
 20
4836991.646075843
 10
633952.8323430346
 20
4837022.5748844715
  0
LWPOLYLINE
  5
111
330
17
100
AcDbEntity
  8
ROADS
100
AcDbPolyline
 90
2
 70
0
 10
633155.5688519352
 20
4836889.680025339
 10
633197.9304545379
 20
4836903.383093643
  0
LWPOLYLINE
  5
112
330
17
100
AcDbEntity
  8
ROADS
100
AcDbPolyline
 90
2
 70
0
 10
633414.165401583
 20
4836896.878496477
 10
633447.452408247
 20
4836908.474320368
  0
LWPOLYLINE
  5
113
330
17
100
AcDbEntity
  8
ROADS
100
AcDbPolyline
 90
2
 70
0
 10
633447.452408247
 20
4836908.474320368
 10
633557.9796146262
 20
4836947.088480629
  0
LWPOLYLINE
  5
114
330
17
100
AcDbEntity
  8
ROADS
100
AcDbPolyline
 90
3
 70
0
 10
633447.452408247
 20
4836908.474320368
 10
633435.313079203
 20
4836941.565483973
 10
633484.5751375551
 20
4836964.401080531
  0
LWPOLYLINE
  5
115
330
17
100
AcDbEntity
  8
ROADS
100
AcDbPolyline
 90
2
 70
0
 10
633414.165401583
 20
4836896.878496477
 10
633386.7756976834
 20
4836978.202778923
  0
LWPOLYLINE
  5
116
330
17
100
AcDbEntity
  8
ROADS
100
AcDbPolyline
 90
4
 70
0
 10
633342.0970734296
 20
4837111.871626553
 10
633294.6419379449
 20
4836963.954668822
 10
633315.3709941898
 20
4836885.014162439
 10
633253.9552216604
 20
4836787.294584426
  0
LWPOLYLINE
  5
117
330
17
100
AcDbEntity
  8
ROADS
100
AcDbPolyline
 90
2
 70
0
 10
633197.9304545379
 20
4836903.383093643
 10
633167.3174584269
 20
4836995.604908153
  0
LWPOLYLINE
  5
118
330
17
100
AcDbEntity
  8
ROADS
100
AcDbPolyline
 90
2
 70
0
 10
633557.9796146262
 20
4836947.088480629
 10
633529.3620122259
 20
4837025.662868789
  0
LWPOLYLINE
  5
119
330
17
100
AcDbEntity
  8
ROADS
100
AcDbPolyline
 90
2
 70
0
 10
633124.7604218753
 20
4836981.538266541
 10
633167.3174584269
 20
4836995.604908153
  0
LWPOLYLINE
  5
11A
330
17
100
AcDbEntity
  8
ROADS
100
AcDbPolyline
 90
2
 70
0
 10
633386.7756976834
 20
4836978.202778923
 10
633529.3620122259
 20
4837025.662868789
  0
LWPOLYLINE
  5
11B
330
17
100
AcDbEntity
  8
ROADS
100
AcDbPolyline
 90
2
 70
0
 10
633386.7756976834
 20
4836978.202778923
 10
633359.2184513748
 20
4837060.053061093
  0
LWPOLYLINE
  5
11C
330
17
100
AcDbEntity
  8
ROADS
100
AcDbPolyline
 90
2
 70
0
 10
633167.3174584269
 20
4836995.604908153
 10
633136.3435330071
 20
4837086.437402401
  0
LWPOLYLINE
  5
11D
330
17
100
AcDbEntity
  8
ROADS
100
AcDbPolyline
 90
3
 70
0
 10
633529.3620122259
 20
4837025.662868789
 10
633516.8335994252
 20
4837065.779568516
 10
633413.7230221691
 20
4837033.1654654285
  0
LWPOLYLINE
  5
11E
330
17
100
AcDbEntity
  8
ROADS
100
AcDbPolyline
 90
2
 70
0
 10
633177.8992013839
 20
4837002.412791643
 10
633146.9149585366
 20
4837093.843315933
  0
LWPOLYLINE
  5
11F
330
17
100
AcDbEntity
  8
ROADS
100
AcDbPolyline
 90
3
 70
0
 10
633287.8955884238
 20
4837006.4170825565
 10
633267.3131322789
 20
4837013.153446698
 10
633290.6975662032
 20
4837100.058250426
  0
LWPOLYLINE
  5
120
330
17
100
AcDbEntity
  8
ROADS
100
AcDbPolyline
 90
2
 70
0
 10
633177.8992013839
 20
4837002.412791643
 10
633204.6272396214
 20
4837110.147695487
  0
LWPOLYLINE
  5
121
330
17
100
AcDbEntity
  8
ROADS
100
AcDbPolyline
 90
2
 70
0
 10
633359.2184513748
 20
4837060.053061093
 10
633342.0970734296
 20
4837111.871626553
  0
LWPOLYLINE
  5
122
330
17
100
AcDbEntity
  8
ROADS
100
AcDbPolyline
 90
2
 70
0
 10
633359.2184513748
 20
4837060.053061093
 10
633547.7999803104
 20
4837122.250079815
  0
LWPOLYLINE
  5
123
330
17
100
AcDbEntity
  8
ROADS
100
AcDbPolyline
 90
2
 70
0
 10
633204.6272396214
 20
4837110.147695487
 10
633290.6975662032
 20
4837100.058250426
  0
LWPOLYLINE
  5
124
330
17
100
AcDbEntity
  8
ROADS
100
AcDbPolyline
 90
2
 70
0
 10
633146.9149585366
 20
4837093.843315933
 10
633206.9302994516
 20
4837123.952443055
  0
LWPOLYLINE
  5
125
330
17
100
AcDbEntity
  8
ROADS
100
AcDbPolyline
 90
2
 70
0
 10
634094.5312701114
 20
4836901.445114072
 10
634041.2051737942
 20
4837059.65190972
  0
LWPOLYLINE
  5
126
330
17
100
AcDbEntity
  8
ROADS
100
AcDbPolyline
 90
2
 70
0
 10
634159.2731585002
 20
4836946.21146569
 10
634137.3610092491
 20
4837033.775487264
  0
LWPOLYLINE
  5
127
330
17
100
AcDbEntity
  8
ROADS
100
AcDbPolyline
 90
2
 70
0
 10
634268.7170529184
 20
4836985.486682837
 10
634347.2347033455
 20
4837022.975563263
  0
LWPOLYLINE
  5
128
330
17
100
AcDbEntity
  8
ROADS
100
AcDbPolyline
 90
2
 70
0
 10
634268.7170529184
 20
4836985.486682837
 10
634226.1450997102
 20
4837113.5915146535
  0
LWPOLYLINE
  5
129
330
17
100
AcDbEntity
  8
ROADS
100
AcDbPolyline
 90
2
 70
0
 10
633994.2253594243
 20
4837045.98928469
 10
634041.2051737942
 20
4837059.65190972
  0
LWPOLYLINE
  5
12A
330
17
100
AcDbEntity
  8
ROADS
100
AcDbPolyline
 90
2
 70
0
 10
634041.2051737942
 20
4837059.65190972
 10
634226.1450997102
 20
4837113.5915146535
  0
LWPOLYLINE
  5
12B
330
17
100
AcDbEntity
  8
ROADS
100
AcDbPolyline
 90
2
 70
0
 10
633994.2253594243
 20
4837045.98928469
 10
633964.8475901668
 20
4837134.382328038
  0
LWPOLYLINE
  5
12C
330
17
100
AcDbEntity
  8
ROADS
100
AcDbPolyline
 90
5
 70
0
 10
634041.2051737942
 20
4837059.65190972
 10
634027.1225466027
 20
4837104.859984795
 10
634172.3854240347
 20
4837146.785155824
 10
634170.6427293122
 20
4837158.539616053
 10
634207.4607089116
 20
4837171.373442617
  0
LWPOLYLINE
  5
12D
330
17
100
AcDbEntity
  8
ROADS
100
AcDbPolyline
 90
2
 70
0
 10
634347.2347033455
 20
4837022.975563263
 10
634273.312181455
 20
4837228.6099614035
  0
LWPOLYLINE
  5
12E
330
17
100
AcDbEntity
  8
ROADS
100
AcDbPolyline
 90
2
 70
0
 10
634226.1450997102
 20
4837113.5915146535
 10
634207.4607089116
 20
4837171.373442617
  0
LWPOLYLINE
  5
12F
330
17
100
AcDbEntity
  8
ROADS
100
AcDbPolyline
 90
2
 70
0
 10
632993.4031537751
 20
4837045.418361756
 10
633093.569908876
 20
4837075.886780355
  0
LWPOLYLINE
  5
130
330
17
100
AcDbEntity
  8
ROADS
100
AcDbPolyline
 90
2
 70
0
 10
633109.3241911783
 20
4837027.2187822675
 10
633093.569908876
 20
4837075.886780355
  0
LWPOLYLINE
  5
131
330
17
100
AcDbEntity
  8
ROADS
100
AcDbPolyline
 90
2
 70
0
 10
633093.569908876
 20
4837075.886780355
 10
633136.3435330071
 20
4837086.437402401
  0
LWPOLYLINE
  5
132
330
17
100
AcDbEntity
  8
ROADS
100
AcDbPolyline
 90
2
 70
0
 10
633136.3435330071
 20
4837086.437402401
 10
633146.9149585366
 20
4837093.843315933
  0
LWPOLYLINE
  5
133
330
17
100
AcDbEntity
  8
ROADS
100
AcDbPolyline
 90
2
 70
0
 10
632967.0794637577
 20
4837087.434191213
 10
633076.9095759338
 20
4837122.258207774
  0
LWPOLYLINE
  5
134
330
17
100
AcDbEntity
  8
ROADS
100
AcDbPolyline
 90
2
 70
0
 10
633093.569908876
 20
4837075.886780355
 10
633076.9095759338
 20
4837122.258207774
  0
LWPOLYLINE
  5
135
330
17
100
AcDbEntity
  8
ROADS
100
AcDbPolyline
 90
2
 70
0
 10
633204.6272396214
 20
4837110.147695487
 10
633206.9302994516
 20
4837123.952443055
  0
LWPOLYLINE
  5
136
330
17
100
AcDbEntity
  8
ROADS
100
AcDbPolyline
 90
2
 70
0
 10
633290.6975662032
 20
4837100.058250426
 10
633299.2965923236
 20
4837137.86627179
  0
LWPOLYLINE
  5
137
330
17
100
AcDbEntity
  8
ROADS
100
AcDbPolyline
 90
2
 70
0
 10
633342.0970734296
 20
4837111.871626553
 10
633332.3378209438
 20
4837140.433447122
  0
LWPOLYLINE
  5
138
330
17
100
AcDbEntity
  8
ROADS
100
AcDbPolyline
 90
2
 70
0
 10
633206.9302994516
 20
4837123.952443055
 10
633228.8960048618
 20
4837131.0062018195
  0
LWPOLYLINE
  5
139
330
17
100
AcDbEntity
  8
ROADS
100
AcDbPolyline
 90
2
 70
0
 10
633198.1717474461
 20
4837168.987662287
 10
633146.9149585366
 20
4837093.843315933
  0
LWPOLYLINE
  5
13A
330
17
100
AcDbEntity
  8
ROADS
100
AcDbPolyline
 90
2
 70
0
 10
633498.8904671466
 20
4837151.757056714
 10
633392.7399090265
 20
4837115.755685964
  0
LWPOLYLINE
  5
13B
330
17
100
AcDbEntity
  8
ROADS
100
AcDbPolyline
 90
2
 70
0
 10
633228.8960048618
 20
4837131.0062018195
 10
633299.2965923236
 20
4837137.86627179
  0
LWPOLYLINE
  5
13C
330
17
100
AcDbEntity
  8
ROADS
100
AcDbPolyline
 90
2
 70
0
 10
633222.3516852467
 20
4837150.68243646
 10
633206.9302994516
 20
4837123.952443055
  0
LWPOLYLINE
  5
13D
330
17
100
AcDbEntity
  8
ROADS
100
AcDbPolyline
 90
2
 70
0
 10
633299.2965923236
 20
4837137.86627179
 10
633332.3378209438
 20
4837140.433447122
  0
LWPOLYLINE
  5
13E
330
17
100
AcDbEntity
  8
ROADS
100
AcDbPolyline
 90
2
 70
0
 10
633222.3516852467
 20
4837150.68243646
 10
633228.8960048618
 20
4837131.0062018195
  0
LWPOLYLINE
  5
13F
330
17
100
AcDbEntity
  8
ROADS
100
AcDbPolyline
 90
2
 70
0
 10
635020.6261976162
 20
4836812.27966233
 10
634924.8509819394
 20
4837110.26051622
  0
LWPOLYLINE
  5
140
330
17
100
AcDbEntity
  8
ROADS
100
AcDbPolyline
 90
2
 70
0
 10
635174.7897670578
 20
4836888.172783034
 10
635113.951541989
 20
4837062.45481444
  0
LWPOLYLINE
  5
141
330
17
100
AcDbEntity
  8
ROADS
100
AcDbPolyline
 90
2
 70
0
 10
635075.4675270049
 20
4837049.332816633
 10
635086.1521315749
 20
4837015.283107957
  0
LWPOLYLINE
  5
142
330
17
100
AcDbEntity
  8
ROADS
100
AcDbPolyline
 90
2
 70
0
 10
635034.8514851908
 20
4837035.981250554
 10
635075.4675270049
 20
4837049.332816633
  0
LWPOLYLINE
  5
143
330
17
100
AcDbEntity
  8
ROADS
100
AcDbPolyline
 90
2
 70
0
 10
634886.930065371
 20
4837097.634744205
 10
634921.2981256207
 20
4836990.173068709
  0
LWPOLYLINE
  5
144
330
17
100
AcDbEntity
  8
ROADS
100
AcDbPolyline
 90
2
 70
0
 10
635075.4675270049
 20
4837049.332816633
 10
635113.951541989
 20
4837062.45481444
  0
LWPOLYLINE
  5
145
330
17
100
AcDbEntity
  8
ROADS
100
AcDbPolyline
 90
2
 70
0
 10
634766.1241595633
 20
4837057.632909322
 10
634844.7840125726
 20
4837083.448442508
  0
LWPOLYLINE
  5
146
330
17
100
AcDbEntity
  8
ROADS
100
AcDbPolyline
 90
2
 70
0
 10
635113.951541989
 20
4837062.45481444
 10
635205.6637052456
 20
4837091.80369323
  0
LWPOLYLINE
  5
147
330
17
100
AcDbEntity
  8
ROADS
100
AcDbPolyline
 90
2
 70
0
 10
634844.7840125726
 20
4837083.448442508
 10
634856.3409880528
 20
4837087.485761534
  0
LWPOLYLINE
  5
148
330
17
100
AcDbEntity
  8
ROADS
100
AcDbPolyline
 90
2
 70
0
 10
635034.8514851908
 20
4837035.981250554
 10
635002.5469671526
 20
4837136.17665286
  0
LWPOLYLINE
  5
149
330
17
100
AcDbEntity
  8
ROADS
100
AcDbPolyline
 90
2
 70
0
 10
635254.4061842242
 20
4836941.348592011
 10
635205.6637052456
 20
4837091.80369323
  0
LWPOLYLINE
  5
14A
330
17
100
AcDbEntity
  8
ROADS
100
AcDbPolyline
 90
2
 70
0
 10
635304.5551518077
 20
4836954.283662567
 10
635255.1206188453
 20
4837109.242487648
  0
LWPOLYLINE
  5
14B
330
17
100
AcDbEntity
  8
ROADS
100
AcDbPolyline
 90
2
 70
0
 10
635574.4826703833
 20
4837025.7514773365
 10
635550.4812379652
 20
4837093.696953468
  0
LWPOLYLINE
  5
14C
330
17
100
AcDbEntity
  8
ROADS
100
AcDbPolyline
 90
2
 70
0
 10
635376.1153223652
 20
4836967.10465165
 10
635322.9440679721
 20
4837131.550817937
  0
LWPOLYLINE
  5
14D
330
17
100
AcDbEntity
  8
ROADS
100
AcDbPolyline
 90
2
 70
0
 10
635463.2774274568
 20
4836990.916197858
 10
635401.4708404595
 20
4837185.083397566
  0
LWPOLYLINE
  5
14E
330
17
100
AcDbEntity
  8
ROADS
100
AcDbPolyline
 90
3
 70
0
 10
635550.4812379652
 20
4837093.696953468
 10
635512.3200893734
 20
4837080.691784105
 10
635519.0839704291
 20
4837034.608092856
  0
LWPOLYLINE
  5
14F
330
17
100
AcDbEntity
  8
ROADS
100
AcDbPolyline
 90
2
 70
0
 10
635205.6637052456
 20
4837091.80369323
 10
635255.1206188453
 20
4837109.242487648
  0
LWPOLYLINE
  5
150
330
17
100
AcDbEntity
  8
ROADS
100
AcDbPolyline
 90
2
 70
0
 10
635255.1206188453
 20
4837109.242487648
 10
635322.9440679721
 20
4837131.550817937
  0
LWPOLYLINE
  5
151
330
17
100
AcDbEntity
  8
ROADS
100
AcDbPolyline
 90
2
 70
0
 10
635550.4812379652
 20
4837093.696953468
 10
635531.1773143887
 20
4837157.308414565
  0
LWPOLYLINE
  5
152
330
17
100
AcDbEntity
  8
ROADS
100
AcDbPolyline
 90
3
 70
0
 10
635322.9440679721
 20
4837131.550817937
 10
635361.461088871
 20
4837145.116469529
 10
635401.4708404595
 20
4837185.083397566
  0
LWPOLYLINE
  5
153
330
17
100
AcDbEntity
  8
ROADS
100
AcDbPolyline
 90
2
 70
0
 10
635531.1773143887
 20
4837157.308414565
 10
635615.9182248715
 20
4837175.417317477
  0
LWPOLYLINE
  5
154
330
17
100
AcDbEntity
  8
ROADS
100
AcDbPolyline
 90
2
 70
0
 10
635205.6637052456
 20
4837091.80369323
 10
635137.4165213916
 20
4837303.1852239
  0
LWPOLYLINE
  5
155
330
17
100
AcDbEntity
  8
ROADS
100
AcDbPolyline
 90
2
 70
0
 10
635531.1773143887
 20
4837157.308414565
 10
635502.6239884421
 20
4837239.810252398
  0
LWPOLYLINE
  5
156
330
17
100
AcDbEntity
  8
ROADS
100
AcDbPolyline
 90
2
 70
0
 10
634856.3409880528
 20
4837087.485761534
 10
634886.930065371
 20
4837097.634744205
  0
LWPOLYLINE
  5
157
330
17
100
AcDbEntity
  8
ROADS
100
AcDbPolyline
 90
2
 70
0
 10
634886.930065371
 20
4837097.634744205
 10
634924.8509819394
 20
4837110.26051622
  0
LWPOLYLINE
  5
158
330
17
100
AcDbEntity
  8
ROADS
100
AcDbPolyline
 90
5
 70
0
 10
634706.1036822824
 20
4837038.188965406
 10
634682.069026724
 20
4837115.7028975
 10
634800.0521317958
 20
4837180.840827278
 10
634829.3617738778
 20
4837171.320015302
 10
634856.3409880528
 20
4837087.485761534
  0
LWPOLYLINE
  5
159
330
17
100
AcDbEntity
  8
ROADS
100
AcDbPolyline
 90
2
 70
0
 10
635113.951541989
 20
4837062.45481444
 10
635079.3946531826
 20
4837161.221387383
  0
LWPOLYLINE
  5
15A
330
17
100
AcDbEntity
  8
ROADS
100
AcDbPolyline
 90
2
 70
0
 10
634924.8509819394
 20
4837110.26051622
 10
635002.5469671526
 20
4837136.17665286
  0
LWPOLYLINE
  5
15B
330
17
100
AcDbEntity
  8
ROADS
100
AcDbPolyline
 90
2
 70
0
 10
635002.5469671526
 20
4837136.17665286
 10
635079.3946531826
 20
4837161.221387383
  0
LWPOLYLINE
  5
15C
330
17
100
AcDbEntity
  8
ROADS
100
AcDbPolyline
 90
2
 70
0
 10
634924.8509819394
 20
4837110.26051622
 10
634896.326077872
 20
4837203.581640705
  0
LWPOLYLINE
  5
15D
330
17
100
AcDbEntity
  8
ROADS
100
AcDbPolyline
 90
2
 70
0
 10
635002.5469671526
 20
4837136.17665286
 10
634967.6217440786
 20
4837242.259147838
  0
LWPOLYLINE
  5
15E
330
17
100
AcDbEntity
  8
ROADS
100
AcDbPolyline
 90
2
 70
0
 10
635079.3946531826
 20
4837161.221387383
 10
635050.3067040911
 20
4837248.291835905
  0
LWPOLYLINE
  5
15F
330
17
100
AcDbEntity
  8
ROADS
100
AcDbPolyline
 90
2
 70
0
 10
634749.3951286653
 20
4837207.812595118
 10
634779.8131343061
 20
4837225.042591009
  0
LWPOLYLINE
  5
160
330
17
100
AcDbEntity
  8
ROADS
100
AcDbPolyline
 90
2
 70
0
 10
634723.1616187189
 20
4837042.972813666
 10
634766.1241595633
 20
4837057.632909322
  0
LWPOLYLINE
  5
161
330
17
100
AcDbEntity
  8
ROADS
100
AcDbPolyline
 90
2
 70
0
 10
634678.0590375558
 20
4837029.190099069
 10
634647.2913792196
 20
4837125.752379534
  0
LWPOLYLINE
  5
162
330
17
100
AcDbEntity
  8
ROADS
100
AcDbPolyline
 90
2
 70
0
 10
634661.3675545584
 20
4837156.334986113
 10
634688.2024072825
 20
4837172.671604969
  0
LWPOLYLINE
  5
163
330
17
100
AcDbEntity
  8
ROADS
100
AcDbPolyline
 90
2
 70
0
 10
634688.2024072825
 20
4837172.671604969
 10
634719.7621763006
 20
4837191.025835539
  0
LWPOLYLINE
  5
164
330
17
100
AcDbEntity
  8
ROADS
100
AcDbPolyline
 90
2
 70
0
 10
634719.7621763006
 20
4837191.025835539
 10
634749.3951286653
 20
4837207.812595118
  0
LWPOLYLINE
  5
165
330
17
100
AcDbEntity
  8
ROADS
100
AcDbPolyline
 90
2
 70
0
 10
634647.2913792196
 20
4837125.752379534
 10
634595.4140250166
 20
4837284.329131424
  0
LWPOLYLINE
  5
166
330
17
100
AcDbEntity
  8
ROADS
100
AcDbPolyline
 90
2
 70
0
 10
634688.2024072825
 20
4837172.671604969
 10
634646.7638076303
 20
4837299.759983779
  0
LWPOLYLINE
  5
167
330
17
100
AcDbEntity
  8
ROADS
100
AcDbPolyline
 90
2
 70
0
 10
634719.7621763006
 20
4837191.025835539
 10
634680.4195214937
 20
4837310.218459867
  0
LWPOLYLINE
  5
168
330
17
100
AcDbEntity
  8
ROADS
100
AcDbPolyline
 90
2
 70
0
 10
634749.3951286653
 20
4837207.812595118
 10
634713.7550649478
 20
4837320.519135047
  0
LWPOLYLINE
  5
169
330
17
100
AcDbEntity
  8
ROADS
100
AcDbPolyline
 90
2
 70
0
 10
634595.4140250166
 20
4837284.329131424
 10
634646.7638076303
 20
4837299.759983779
  0
LWPOLYLINE
  5
16A
330
17
100
AcDbEntity
  8
ROADS
100
AcDbPolyline
 90
3
 70
0
 10
635401.4708404595
 20
4837185.083397566
 10
635458.889103004
 20
4837229.529515757
 10
635502.6239884421
 20
4837239.810252398
  0
LWPOLYLINE
  5
16B
330
17
100
AcDbEntity
  8
ROADS
100
AcDbPolyline
 90
2
 70
0
 10
635401.4708404595
 20
4837185.083397566
 10
635383.286546429
 20
4837240.867395454
  0
LWPOLYLINE
  5
16C
330
17
100
AcDbEntity
  8
ROADS
100
AcDbPolyline
 90
2
 70
0
 10
635502.6239884421
 20
4837239.810252398
 10
635579.9618800792
 20
4837255.893131383
  0
LWPOLYLINE
  5
16D
330
17
100
AcDbEntity
  8
ROADS
100
AcDbPolyline
 90
2
 70
0
 10
635255.1206188453
 20
4837109.242487648
 10
635162.5301686858
 20
4837394.845707734
  0
LWPOLYLINE
  5
16E
330
17
100
AcDbEntity
  8
ROADS
100
AcDbPolyline
 90
2
 70
0
 10
635383.286546429
 20
4837240.867395454
 10
635358.4305264291
 20
4837317.120509231
  0
LWPOLYLINE
  5
16F
330
17
100
AcDbEntity
  8
ROADS
100
AcDbPolyline
 90
2
 70
0
 10
635322.9440679721
 20
4837131.550817937
 10
635225.6138162423
 20
4837432.657710547
  0
LWPOLYLINE
  5
170
330
17
100
AcDbEntity
  8
ROADS
100
AcDbPolyline
 90
3
 70
0
 10
635383.286546429
 20
4837240.867395454
 10
635426.8823682767
 20
4837255.851023469
 10
635402.2192450478
 20
4837331.7786061615
  0
LWPOLYLINE
  5
171
330
17
100
AcDbEntity
  8
ROADS
100
AcDbPolyline
 90
2
 70
0
 10
635188.3257174516
 20
4837291.028269303
 10
635178.9130693735
 20
4837317.287312842
  0
LWPOLYLINE
  5
172
330
17
100
AcDbEntity
  8
ROADS
100
AcDbPolyline
 90
2
 70
0
 10
635358.4305264291
 20
4837317.120509231
 10
635402.2192450478
 20
4837331.7786061615
  0
LWPOLYLINE
  5
173
330
17
100
AcDbEntity
  8
ROADS
100
AcDbPolyline
 90
2
 70
0
 10
635178.9130693735
 20
4837317.287312842
 10
635171.6438334252
 20
4837339.883800432
  0
LWPOLYLINE
  5
174
330
17
100
AcDbEntity
  8
ROADS
100
AcDbPolyline
 90
2
 70
0
 10
634779.8131343061
 20
4837225.042591009
 10
634809.4205169366
 20
4837244.183593418
  0
LWPOLYLINE
  5
175
330
17
100
AcDbEntity
  8
ROADS
100
AcDbPolyline
 90
3
 70
0
 10
635050.3067040911
 20
4837248.291835905
 10
635092.697354222
 20
4837263.05563902
 10
635106.3934482873
 20
4837221.362737298
  0
LWPOLYLINE
  5
176
330
17
100
AcDbEntity
  8
ROADS
100
AcDbPolyline
 90
2
 70
0
 10
634809.4205169366
 20
4837244.183593418
 10
634838.6393897114
 20
4837263.074552626
  0
LWPOLYLINE
  5
177
330
17
100
AcDbEntity
  8
ROADS
100
AcDbPolyline
 90
2
 70
0
 10
634967.6217440786
 20
4837242.259147838
 10
634957.0831024179
 20
4837276.863524214
  0
LWPOLYLINE
  5
178
330
17
100
AcDbEntity
  8
ROADS
100
AcDbPolyline
 90
2
 70
0
 10
634967.6217440786
 20
4837242.259147838
 10
634920.8790447975
 20
4837280.125127882
  0
LWPOLYLINE
  5
179
330
17
100
AcDbEntity
  8
ROADS
100
AcDbPolyline
 90
2
 70
0
 10
634838.6393897114
 20
4837263.074552626
 10
634869.1503193364
 20
4837283.904043666
  0
LWPOLYLINE
  5
17A
330
17
100
AcDbEntity
  8
ROADS
100
AcDbPolyline
 90
2
 70
0
 10
634779.8131343061
 20
4837225.042591009
 10
634746.1994925844
 20
4837331.098721683
  0
LWPOLYLINE
  5
17B
330
17
100
AcDbEntity
  8
ROADS
100
AcDbPolyline
 90
2
 70
0
 10
635050.3067040911
 20
4837248.291835905
 10
635028.1538985488
 20
4837319.072288688
  0
LWPOLYLINE
  5
17C
330
17
100
AcDbEntity
  8
ROADS
100
AcDbPolyline
 90
2
 70
0
 10
634809.4205169366
 20
4837244.183593418
 10
634777.7001394904
 20
4837344.62049262
  0
LWPOLYLINE
  5
17D
330
17
100
AcDbEntity
  8
ROADS
100
AcDbPolyline
 90
2
 70
0
 10
634920.8790447975
 20
4837280.125127882
 10
634906.6244650672
 20
4837314.48728245
  0
LWPOLYLINE
  5
17E
330
17
100
AcDbEntity
  8
ROADS
100
AcDbPolyline
 90
2
 70
0
 10
634838.6393897114
 20
4837263.074552626
 10
634809.8956543399
 20
4837351.019228504
  0
LWPOLYLINE
  5
17F
330
17
100
AcDbEntity
  8
ROADS
100
AcDbPolyline
 90
2
 70
0
 10
635137.4165213916
 20
4837303.1852239
 10
635178.9130693735
 20
4837317.287312842
  0
LWPOLYLINE
  5
180
330
17
100
AcDbEntity
  8
ROADS
100
AcDbPolyline
 90
2
 70
0
 10
634869.1503193364
 20
4837283.904043666
 10
634844.7529068639
 20
4837361.841472994
  0
LWPOLYLINE
  5
181
330
17
100
AcDbEntity
  8
ROADS
100
AcDbPolyline
 90
3
 70
0
 10
634869.1503193364
 20
4837283.904043666
 10
634900.0516739921
 20
4837301.283305515
 10
634882.8116124023
 20
4837371.855972082
  0
LWPOLYLINE
  5
182
330
17
100
AcDbEntity
  8
ROADS
100
AcDbPolyline
 90
2
 70
0
 10
634906.6244650672
 20
4837314.48728245
 10
634925.8618318376
 20
4837342.373521696
  0
LWPOLYLINE
  5
183
330
17
100
AcDbEntity
  8
ROADS
100
AcDbPolyline
 90
2
 70
0
 10
635137.4165213916
 20
4837303.1852239
 10
635118.6426358023
 20
4837360.160111906
  0
LWPOLYLINE
  5
184
330
17
100
AcDbEntity
  8
ROADS
100
AcDbPolyline
 90
2
 70
0
 10
634746.1994925844
 20
4837331.098721683
 10
634777.7001394904
 20
4837344.62049262
  0
LWPOLYLINE
  5
185
330
17
100
AcDbEntity
  8
ROADS
100
AcDbPolyline
 90
2
 70
0
 10
634906.6244650672
 20
4837314.48728245
 10
634882.8116124023
 20
4837371.855972082
  0
LWPOLYLINE
  5
186
330
17
100
AcDbEntity
  8
ROADS
100
AcDbPolyline
 90
3
 70
0
 10
634925.8618318376
 20
4837342.373521696
 10
634955.7366205924
 20
4837336.55325442
 10
634991.3746413998
 20
4837356.517399336
  0
LWPOLYLINE
  5
187
330
17
100
AcDbEntity
  8
ROADS
100
AcDbPolyline
 90
2
 70
0
 10
634777.7001394904
 20
4837344.62049262
 10
634809.8956543399
 20
4837351.019228504
  0
LWPOLYLINE
  5
188
330
17
100
AcDbEntity
  8
ROADS
100
AcDbPolyline
 90
2
 70
0
 10
634646.7638076303
 20
4837299.759983779
 10
634680.4195214937
 20
4837310.218459867
  0
LWPOLYLINE
  5
189
330
17
100
AcDbEntity
  8
ROADS
100
AcDbPolyline
 90
2
 70
0
 10
634646.7638076303
 20
4837299.759983779
 10
634628.081724986
 20
4837330.424735553
  0
LWPOLYLINE
  5
18A
330
17
100
AcDbEntity
  8
ROADS
100
AcDbPolyline
 90
2
 70
0
 10
634680.4195214937
 20
4837310.218459867
 10
634713.7550649478
 20
4837320.519135047
  0
LWPOLYLINE
  5
18B
330
17
100
AcDbEntity
  8
ROADS
100
AcDbPolyline
 90
2
 70
0
 10
634596.2148461622
 20
4837320.094617298
 10
634628.081724986
 20
4837330.424735553
  0
LWPOLYLINE
  5
18C
330
17
100
AcDbEntity
  8
ROADS
100
AcDbPolyline
 90
2
 70
0
 10
634713.7550649478
 20
4837320.519135047
 10
634746.1994925844
 20
4837331.098721683
  0
LWPOLYLINE
  5
18D
330
17
100
AcDbEntity
  8
ROADS
100
AcDbPolyline
 90
2
 70
0
 10
634628.081724986
 20
4837330.424735553
 10
634616.5449148288
 20
4837362.821838587
  0
LWPOLYLINE
  5
18E
330
17
100
AcDbEntity
  8
ROADS
100
AcDbPolyline
 90
2
 70
0
 10
634616.5449148288
 20
4837362.821838587
 10
634676.6530610182
 20
4837381.121324755
  0
LWPOLYLINE
  5
18F
330
17
100
AcDbEntity
  8
ROADS
100
AcDbPolyline
 90
2
 70
0
 10
634595.4140250166
 20
4837284.329131424
 10
634540.0269975674
 20
4837461.835455897
  0
LWPOLYLINE
  5
190
330
17
100
AcDbEntity
  8
ROADS
100
AcDbPolyline
 90
3
 70
0
 10
634616.5449148288
 20
4837362.821838587
 10
634606.599613258
 20
4837395.6957591325
 10
634666.604568339
 20
4837414.613436739
  0
LWPOLYLINE
  5
191
330
17
100
AcDbEntity
  8
ROADS
100
AcDbPolyline
 90
2
 70
0
 10
634540.0269975674
 20
4837461.835455897
 10
634782.3398230419
 20
4837538.511790107
  0
LWPOLYLINE
  5
192
330
17
100
AcDbEntity
  8
ROADS
100
AcDbPolyline
 90
2
 70
0
 10
634809.8956543399
 20
4837351.019228504
 10
634844.7529068639
 20
4837361.841472994
  0
LWPOLYLINE
  5
193
330
17
100
AcDbEntity
  8
ROADS
100
AcDbPolyline
 90
2
 70
0
 10
634777.7001394904
 20
4837344.62049262
 10
634769.2914980326
 20
4837371.243688875
  0
LWPOLYLINE
  5
194
330
17
100
AcDbEntity
  8
ROADS
100
AcDbPolyline
 90
2
 70
0
 10
634925.8618318376
 20
4837342.373521696
 10
634928.1640914427
 20
4837380.582401429
  0
LWPOLYLINE
  5
195
330
17
100
AcDbEntity
  8
ROADS
100
AcDbPolyline
 90
2
 70
0
 10
634844.7529068639
 20
4837361.841472994
 10
634882.8116124023
 20
4837371.855972082
  0
LWPOLYLINE
  5
196
330
17
100
AcDbEntity
  8
ROADS
100
AcDbPolyline
 90
3
 70
0
 10
634628.081724986
 20
4837330.424735553
 10
634865.9818780469
 20
4837404.412970109
 10
634882.8116124023
 20
4837371.855972082
  0
LWPOLYLINE
  5
197
330
17
100
AcDbEntity
  8
ROADS
100
AcDbPolyline
 90
2
 70
0
 10
634882.8116124023
 20
4837371.855972082
 10
634928.1640914427
 20
4837380.582401429
  0
LWPOLYLINE
  5
198
330
17
100
AcDbEntity
  8
ROADS
100
AcDbPolyline
 90
2
 70
0
 10
634928.1640914427
 20
4837380.582401429
 10
634910.6769112492
 20
4837452.1232550545
  0
LWPOLYLINE
  5
199
330
17
100
AcDbEntity
  8
ROADS
100
AcDbPolyline
 90
2
 70
0
 10
634826.0725343595
 20
4837552.888855475
 10
634882.8116124023
 20
4837371.855972082
  0
LWPOLYLINE
  5
19A
330
17
100
AcDbEntity
  8
ROADS
100
AcDbPolyline
 90
2
 70
0
 10
634910.6769112492
 20
4837452.1232550545
 10
634921.0432372581
 20
4837478.586962482
  0
LWPOLYLINE
  5
19B
330
17
100
AcDbEntity
  8
ROADS
100
AcDbPolyline
 90
2
 70
0
 10
634921.0432372581
 20
4837478.586962482
 10
634963.4936140556
 20
4837473.291162125
  0
LWPOLYLINE
  5
19C
330
17
100
AcDbEntity
  8
ROADS
100
AcDbPolyline
 90
2
 70
0
 10
633599.4830669623
 20
4836961.047575466
 10
633574.1885070893
 20
4837039.993590383
  0
LWPOLYLINE
  5
19D
330
17
100
AcDbEntity
  8
ROADS
100
AcDbPolyline
 90
2
 70
0
 10
633529.3620122259
 20
4837025.662868789
 10
633574.1885070893
 20
4837039.993590383
  0
LWPOLYLINE
  5
19E
330
17
100
AcDbEntity
  8
ROADS
100
AcDbPolyline
 90
3
 70
0
 10
633612.3716866534
 20
4837053.372112243
 10
633626.3062255139
 20
4837014.360916086
 10
633772.4819029807
 20
4837063.20507035
  0
LWPOLYLINE
  5
19F
330
17
100
AcDbEntity
  8
ROADS
100
AcDbPolyline
 90
2
 70
0
 10
633574.1885070893
 20
4837039.993590383
 10
633612.3716866534
 20
4837053.372112243
  0
LWPOLYLINE
  5
1A0
330
17
100
AcDbEntity
  8
ROADS
100
AcDbPolyline
 90
2
 70
0
 10
633612.3716866534
 20
4837053.372112243
 10
633765.9174615529
 20
4837105.229796477
  0
LWPOLYLINE
  5
1A1
330
17
100
AcDbEntity
  8
ROADS
100
AcDbPolyline
 90
2
 70
0
 10
633574.1885070893
 20
4837039.993590383
 10
633547.7999803104
 20
4837122.250079815
  0
LWPOLYLINE
  5
1A2
330
17
100
AcDbEntity
  8
ROADS
100
AcDbPolyline
 90
2
 70
0
 10
633918.8099230005
 20
4836976.707925149
 10
633832.0024241775
 20
4837238.309649304
  0
LWPOLYLINE
  5
1A3
330
17
100
AcDbEntity
  8
ROADS
100
AcDbPolyline
 90
3
 70
0
 10
633547.7999803104
 20
4837122.250079815
 10
633742.8986837503
 20
4837187.6242735
 10
633731.6874062376
 20
4837226.410702247
  0
LWPOLYLINE
  5
1A4
330
17
100
AcDbEntity
  8
ROADS
100
AcDbPolyline
 90
2
 70
0
 10
633731.6874062376
 20
4837226.410702247
 10
633701.6775488055
 20
4837216.258214615
  0
LWPOLYLINE
  5
1A5
330
17
100
AcDbEntity
  8
ROADS
100
AcDbPolyline
 90
2
 70
0
 10
633964.8475901668
 20
4837134.382328038
 10
633906.4348615755
 20
4837310.347501154
  0
LWPOLYLINE
  5
1A6
330
17
100
AcDbEntity
  8
ROADS
100
AcDbPolyline
 90
2
 70
0
 10
633498.8904671466
 20
4837151.757056714
 10
633503.1349896332
 20
4837138.86176728
  0
LWPOLYLINE
  5
1A7
330
17
100
AcDbEntity
  8
ROADS
100
AcDbPolyline
 90
2
 70
0
 10
633198.1717474461
 20
4837168.987662287
 10
633206.9302994516
 20
4837123.952443055
  0
LWPOLYLINE
  5
1A8
330
17
100
AcDbEntity
  8
ROADS
100
AcDbPolyline
 90
2
 70
0
 10
633235.3445780962
 20
4837179.502685865
 10
633299.2965923236
 20
4837137.86627179
  0
LWPOLYLINE
  5
1A9
330
17
100
AcDbEntity
  8
ROADS
100
AcDbPolyline
 90
2
 70
0
 10
633216.3473949139
 20
4837169.253347186
 10
633222.3516852467
 20
4837150.68243646
  0
LWPOLYLINE
  5
1AA
330
17
100
AcDbEntity
  8
ROADS
100
AcDbPolyline
 90
2
 70
0
 10
633547.7999803104
 20
4837122.250079815
 10
633521.0526693673
 20
4837205.432143623
  0
LWPOLYLINE
  5
1AB
330
17
100
AcDbEntity
  8
ROADS
100
AcDbPolyline
 90
2
 70
0
 10
633235.3445780962
 20
4837179.502685865
 10
633222.3516852467
 20
4837150.68243646
  0
LWPOLYLINE
  5
1AC
330
17
100
AcDbEntity
  8
ROADS
100
AcDbPolyline
 90
2
 70
0
 10
633332.3378209438
 20
4837140.433447122
 10
633486.1211545703
 20
4837191.313346971
  0
LWPOLYLINE
  5
1AD
330
17
100
AcDbEntity
  8
ROADS
100
AcDbPolyline
 90
2
 70
0
 10
633198.1717474461
 20
4837168.987662287
 10
633216.3473949139
 20
4837169.253347186
  0
LWPOLYLINE
  5
1AE
330
17
100
AcDbEntity
  8
ROADS
100
AcDbPolyline
 90
2
 70
0
 10
633486.1211545703
 20
4837191.313346971
 10
633498.8904671466
 20
4837151.757056714
  0
LWPOLYLINE
  5
1AF
330
17
100
AcDbEntity
  8
ROADS
100
AcDbPolyline
 90
2
 70
0
 10
633200.2641558739
 20
4837185.011778128
 10
633198.1717474461
 20
4837168.987662287
  0
LWPOLYLINE
  5
1B0
330
17
100
AcDbEntity
  8
ROADS
100
AcDbPolyline
 90
2
 70
0
 10
633216.3473949139
 20
4837169.253347186
 10
633221.2179650101
 20
4837191.032160382
  0
LWPOLYLINE
  5
1B1
330
17
100
AcDbEntity
  8
ROADS
100
AcDbPolyline
 90
2
 70
0
 10
633332.3378209438
 20
4837140.433447122
 10
633304.3594711287
 20
4837224.608274912
  0
LWPOLYLINE
  5
1B2
330
17
100
AcDbEntity
  8
ROADS
100
AcDbPolyline
 90
2
 70
0
 10
633221.2179650101
 20
4837191.032160382
 10
633235.3445780962
 20
4837179.502685865
  0
LWPOLYLINE
  5
1B3
330
17
100
AcDbEntity
  8
ROADS
100
AcDbPolyline
 90
2
 70
0
 10
633201.8364013964
 20
4837195.070011776
 10
633116.0173328591
 20
4837180.87003946
  0
LWPOLYLINE
  5
1B4
330
17
100
AcDbEntity
  8
ROADS
100
AcDbPolyline
 90
2
 70
0
 10
633200.2641558739
 20
4837185.011778128
 10
633221.2179650101
 20
4837191.032160382
  0
LWPOLYLINE
  5
1B5
330
17
100
AcDbEntity
  8
ROADS
100
AcDbPolyline
 90
2
 70
0
 10
633201.8364013964
 20
4837195.070011776
 10
633200.2641558739
 20
4837185.011778128
  0
LWPOLYLINE
  5
1B6
330
17
100
AcDbEntity
  8
ROADS
100
AcDbPolyline
 90
2
 70
0
 10
633486.1211545703
 20
4837191.313346971
 10
633521.0526693673
 20
4837205.432143623
  0
LWPOLYLINE
  5
1B7
330
17
100
AcDbEntity
  8
ROADS
100
AcDbPolyline
 90
2
 70
0
 10
633202.788562838
 20
4837212.374611405
 10
633221.2179650101
 20
4837191.032160382
  0
LWPOLYLINE
  5
1B8
330
17
100
AcDbEntity
  8
ROADS
100
AcDbPolyline
 90
2
 70
0
 10
633202.788562838
 20
4837212.374611405
 10
633201.8364013964
 20
4837195.070011776
  0
LWPOLYLINE
  5
1B9
330
17
100
AcDbEntity
  8
ROADS
100
AcDbPolyline
 90
3
 70
0
 10
633486.1211545703
 20
4837191.313346971
 10
633469.6369505328
 20
4837230.404421097
 10
633364.7555045886
 20
4837195.620075123
  0
LWPOLYLINE
  5
1BA
330
17
100
AcDbEntity
  8
ROADS
100
AcDbPolyline
 90
2
 70
0
 10
633964.8475901668
 20
4837134.382328038
 10
634045.6791109694
 20
4837158.113918421
  0
LWPOLYLINE
  5
1BB
330
17
100
AcDbEntity
  8
ROADS
100
AcDbPolyline
 90
2
 70
0
 10
634045.6791109694
 20
4837158.113918421
 10
634197.412907744
 20
4837202.838358188
  0
LWPOLYLINE
  5
1BC
330
17
100
AcDbEntity
  8
ROADS
100
AcDbPolyline
 90
2
 70
0
 10
634207.4607089116
 20
4837171.373442617
 10
634197.412907744
 20
4837202.838358188
  0
LWPOLYLINE
  5
1BD
330
17
100
AcDbEntity
  8
ROADS
100
AcDbPolyline
 90
2
 70
0
 10
634045.6791109694
 20
4837158.113918421
 10
634014.8725739053
 20
4837249.914410243
  0
LWPOLYLINE
  5
1BE
330
17
100
AcDbEntity
  8
ROADS
100
AcDbPolyline
 90
2
 70
0
 10
634197.412907744
 20
4837202.838358188
 10
634273.312181455
 20
4837228.6099614035
  0
LWPOLYLINE
  5
1BF
330
17
100
AcDbEntity
  8
ROADS
100
AcDbPolyline
 90
2
 70
0
 10
634273.312181455
 20
4837228.6099614035
 10
634310.2583285508
 20
4837241.15909339
  0
LWPOLYLINE
  5
1C0
330
17
100
AcDbEntity
  8
ROADS
100
AcDbPolyline
 90
4
 70
0
 10
634055.5667280668
 20
4837262.423306819
 10
634070.9910627962
 20
4837216.630447705
 10
634109.1672055954
 20
4837229.294822415
 10
634093.8725449773
 20
4837274.719000666
  0
LWPOLYLINE
  5
1C1
330
17
100
AcDbEntity
  8
ROADS
100
AcDbPolyline
 90
2
 70
0
 10
634197.412907744
 20
4837202.838358188
 10
634166.029260345
 20
4837295.3045069715
  0
LWPOLYLINE
  5
1C2
330
17
100
AcDbEntity
  8
ROADS
100
AcDbPolyline
 90
2
 70
0
 10
634014.8725739053
 20
4837249.914410243
 10
634055.5667280668
 20
4837262.423306819
  0
LWPOLYLINE
  5
1C3
330
17
100
AcDbEntity
  8
ROADS
100
AcDbPolyline
 90
2
 70
0
 10
633946.6824278788
 20
4837322.941332551
 10
633990.4415371128
 20
4837191.904859017
  0
LWPOLYLINE
  5
1C4
330
17
100
AcDbEntity
  8
ROADS
100
AcDbPolyline
 90
2
 70
0
 10
633282.97487443
 20
4837288.916732787
 10
633235.3445780962
 20
4837179.502685865
  0
LWPOLYLINE
  5
1C5
330
17
100
AcDbEntity
  8
ROADS
100
AcDbPolyline
 90
2
 70
0
 10
633188.8364808259
 20
4837257.387912157
 10
633202.788562838
 20
4837212.374611405
  0
LWPOLYLINE
  5
1C6
330
17
100
AcDbEntity
  8
ROADS
100
AcDbPolyline
 90
2
 70
0
 10
633521.0526693673
 20
4837205.432143623
 10
633494.5538601975
 20
4837287.867627875
  0
LWPOLYLINE
  5
1C7
330
17
100
AcDbEntity
  8
ROADS
100
AcDbPolyline
 90
2
 70
0
 10
633304.3594711287
 20
4837224.608274912
 10
633454.2941353562
 20
4837274.566539888
  0
LWPOLYLINE
  5
1C8
330
17
100
AcDbEntity
  8
ROADS
100
AcDbPolyline
 90
2
 70
0
 10
633141.5359056586
 20
4837242.0033546025
 10
633188.8364808259
 20
4837257.387912157
  0
LWPOLYLINE
  5
1C9
330
17
100
AcDbEntity
  8
ROADS
100
AcDbPolyline
 90
2
 70
0
 10
633304.3594711287
 20
4837224.608274912
 10
633282.97487443
 20
4837288.916732787
  0
LWPOLYLINE
  5
1CA
330
17
100
AcDbEntity
  8
ROADS
100
AcDbPolyline
 90
2
 70
0
 10
633188.8364808259
 20
4837257.387912157
 10
633234.0093558694
 20
4837272.968014485
  0
LWPOLYLINE
  5
1CB
330
17
100
AcDbEntity
  8
ROADS
100
AcDbPolyline
 90
2
 70
0
 10
633537.7962351146
 20
4837298.215415463
 10
633550.7687593368
 20
4837257.653716262
  0
LWPOLYLINE
  5
1CC
330
17
100
AcDbEntity
  8
ROADS
100
AcDbPolyline
 90
2
 70
0
 10
633234.0093558694
 20
4837272.968014485
 10
633282.97487443
 20
4837288.916732787
  0
LWPOLYLINE
  5
1CD
330
17
100
AcDbEntity
  8
ROADS
100
AcDbPolyline
 90
2
 70
0
 10
633454.2941353562
 20
4837274.566539888
 10
633494.5538601975
 20
4837287.867627875
  0
LWPOLYLINE
  5
1CE
330
17
100
AcDbEntity
  8
ROADS
100
AcDbPolyline
 90
2
 70
0
 10
633794.0786407787
 20
4837228.338066648
 10
633768.789002991
 20
4837222.950320173
  0
LWPOLYLINE
  5
1CF
330
17
100
AcDbEntity
  8
ROADS
100
AcDbPolyline
 90
2
 70
0
 10
633832.0024241775
 20
4837238.309649304
 10
633794.0786407787
 20
4837228.338066648
  0
LWPOLYLINE
  5
1D0
330
17
100
AcDbEntity
  8
ROADS
100
AcDbPolyline
 90
2
 70
0
 10
633521.0526693673
 20
4837205.432143623
 10
633717.1623016696
 20
4837271.476715997
  0
LWPOLYLINE
  5
1D1
330
17
100
AcDbEntity
  8
ROADS
100
AcDbPolyline
 90
2
 70
0
 10
633731.6874062376
 20
4837226.410702247
 10
633717.1623016696
 20
4837271.476715997
  0
LWPOLYLINE
  5
1D2
330
17
100
AcDbEntity
  8
ROADS
100
AcDbPolyline
 90
4
 70
0
 10
633794.0786407787
 20
4837228.338066648
 10
633766.2635070062
 20
4837246.137542869
 10
633783.5951367451
 20
4837274.550266198
 10
633816.8772397756
 20
4837285.201974064
  0
LWPOLYLINE
  5
1D3
330
17
100
AcDbEntity
  8
ROADS
100
AcDbPolyline
 90
2
 70
0
 10
633832.0024241775
 20
4837238.309649304
 10
633816.8772397756
 20
4837285.201974064
  0
LWPOLYLINE
  5
1D4
330
17
100
AcDbEntity
  8
ROADS
100
AcDbPolyline
 90
2
 70
0
 10
633860.6085161819
 20
4837311.0438791355
 10
633891.6539079077
 20
4837218.146664327
  0
LWPOLYLINE
  5
1D5
330
17
100
AcDbEntity
  8
ROADS
100
AcDbPolyline
 90
2
 70
0
 10
633717.1623016696
 20
4837271.476715997
 10
633812.3376085304
 20
4837299.3180370955
  0
LWPOLYLINE
  5
1D6
330
17
100
AcDbEntity
  8
ROADS
100
AcDbPolyline
 90
2
 70
0
 10
633816.8772397756
 20
4837285.201974064
 10
633812.3376085304
 20
4837299.3180370955
  0
LWPOLYLINE
  5
1D7
330
17
100
AcDbEntity
  8
ROADS
100
AcDbPolyline
 90
2
 70
0
 10
633812.3376085304
 20
4837299.3180370955
 10
633860.6085161819
 20
4837311.0438791355
  0
LWPOLYLINE
  5
1D8
330
17
100
AcDbEntity
  8
ROADS
100
AcDbPolyline
 90
2
 70
0
 10
633116.0173328591
 20
4837180.87003946
 10
633104.2545105233
 20
4837177.158540813
  0
LWPOLYLINE
  5
1D9
330
17
100
AcDbEntity
  8
ROADS
100
AcDbPolyline
 90
3
 70
0
 10
633061.5914901802
 20
4837167.57081796
 10
633047.1766400475
 20
4837213.84183319
 10
632920.2390698707
 20
4837171.924929223
  0
LWPOLYLINE
  5
1DA
330
17
100
AcDbEntity
  8
ROADS
100
AcDbPolyline
 90
2
 70
0
 10
633104.2545105233
 20
4837177.158540813
 10
633093.1304908078
 20
4837225.471731455
  0
LWPOLYLINE
  5
1DB
330
17
100
AcDbEntity
  8
ROADS
100
AcDbPolyline
 90
2
 70
0
 10
633116.0173328591
 20
4837180.87003946
 10
633093.1304908078
 20
4837225.471731455
  0
LWPOLYLINE
  5
1DC
330
17
100
AcDbEntity
  8
ROADS
100
AcDbPolyline
 90
2
 70
0
 10
632899.2529910419
 20
4837215.222095996
 10
633036.9739959534
 20
4837255.529649758
  0
LWPOLYLINE
  5
1DD
330
17
100
AcDbEntity
  8
ROADS
100
AcDbPolyline
 90
2
 70
0
 10
633093.1304908078
 20
4837225.471731455
 10
633141.5359056586
 20
4837242.0033546025
  0
LWPOLYLINE
  5
1DE
330
17
100
AcDbEntity
  8
ROADS
100
AcDbPolyline
 90
2
 70
0
 10
633093.1304908078
 20
4837225.471731455
 10
633076.3344226219
 20
4837266.960309105
  0
LWPOLYLINE
  5
1DF
330
17
100
AcDbEntity
  8
ROADS
100
AcDbPolyline
 90
2
 70
0
 10
633036.9739959534
 20
4837255.529649758
 10
633076.3344226219
 20
4837266.960309105
  0
LWPOLYLINE
  5
1E0
330
17
100
AcDbEntity
  8
ROADS
100
AcDbPolyline
 90
3
 70
0
 10
633036.9739959534
 20
4837255.529649758
 10
633023.7447276933
 20
4837295.800620946
 10
632883.8716742061
 20
4837255.117187398
  0
LWPOLYLINE
  5
1E1
330
17
100
AcDbEntity
  8
ROADS
100
AcDbPolyline
 90
2
 70
0
 10
634055.5667280668
 20
4837262.423306819
 10
634093.8725449773
 20
4837274.719000666
  0
LWPOLYLINE
  5
1E2
330
17
100
AcDbEntity
  8
ROADS
100
AcDbPolyline
 90
2
 70
0
 10
634273.312181455
 20
4837228.6099614035
 10
634241.8327506369
 20
4837326.7588682715
  0
LWPOLYLINE
  5
1E3
330
17
100
AcDbEntity
  8
ROADS
100
AcDbPolyline
 90
2
 70
0
 10
634093.8725449773
 20
4837274.719000666
 10
634134.2215061213
 20
4837287.458680009
  0
LWPOLYLINE
  5
1E4
330
17
100
AcDbEntity
  8
ROADS
100
AcDbPolyline
 90
2
 70
0
 10
634055.5667280668
 20
4837262.423306819
 10
634040.1597592836
 20
4837308.527501474
  0
LWPOLYLINE
  5
1E5
330
17
100
AcDbEntity
  8
ROADS
100
AcDbPolyline
 90
2
 70
0
 10
634134.2215061213
 20
4837287.458680009
 10
634166.029260345
 20
4837295.3045069715
  0
LWPOLYLINE
  5
1E6
330
17
100
AcDbEntity
  8
ROADS
100
AcDbPolyline
 90
2
 70
0
 10
634014.8725739053
 20
4837249.914410243
 10
633982.4531725543
 20
4837334.01208692
  0
LWPOLYLINE
  5
1E7
330
17
100
AcDbEntity
  8
ROADS
100
AcDbPolyline
 90
2
 70
0
 10
634093.8725449773
 20
4837274.719000666
 10
634078.334130085
 20
4837320.238774934
  0
LWPOLYLINE
  5
1E8
330
17
100
AcDbEntity
  8
ROADS
100
AcDbPolyline
 90
2
 70
0
 10
634134.2215061213
 20
4837287.458680009
 10
634121.8912874061
 20
4837325.018815806
  0
LWPOLYLINE
  5
1E9
330
17
100
AcDbEntity
  8
ROADS
100
AcDbPolyline
 90
2
 70
0
 10
634166.029260345
 20
4837295.3045069715
 10
634241.8327506369
 20
4837326.7588682715
  0
LWPOLYLINE
  5
1EA
330
17
100
AcDbEntity
  8
ROADS
100
AcDbPolyline
 90
2
 70
0
 10
634040.1597592836
 20
4837308.527501474
 10
634078.334130085
 20
4837320.238774934
  0
LWPOLYLINE
  5
1EB
330
17
100
AcDbEntity
  8
ROADS
100
AcDbPolyline
 90
2
 70
0
 10
634040.1597592836
 20
4837308.527501474
 10
634027.0450259792
 20
4837347.771578115
  0
LWPOLYLINE
  5
1EC
330
17
100
AcDbEntity
  8
ROADS
100
AcDbPolyline
 90
2
 70
0
 10
633946.6824278788
 20
4837322.941332551
 10
633982.4531725543
 20
4837334.01208692
  0
LWPOLYLINE
  5
1ED
330
17
100
AcDbEntity
  8
ROADS
100
AcDbPolyline
 90
2
 70
0
 10
634241.8327506369
 20
4837326.7588682715
 10
634278.8722218164
 20
4837340.893829311
  0
LWPOLYLINE
  5
1EE
330
17
100
AcDbEntity
  8
ROADS
100
AcDbPolyline
 90
2
 70
0
 10
634078.334130085
 20
4837320.238774934
 10
634065.7437625868
 20
4837359.741359112
  0
LWPOLYLINE
  5
1EF
330
17
100
AcDbEntity
  8
ROADS
100
AcDbPolyline
 90
2
 70
0
 10
633982.4531725543
 20
4837334.01208692
 10
634027.0450259792
 20
4837347.771578115
  0
LWPOLYLINE
  5
1F0
330
17
100
AcDbEntity
  8
ROADS
100
AcDbPolyline
 90
2
 70
0
 10
634121.8912874061
 20
4837325.018815806
 10
634222.0823969943
 20
4837362.577690858
  0
LWPOLYLINE
  5
1F1
330
17
100
AcDbEntity
  8
ROADS
100
AcDbPolyline
 90
2
 70
0
 10
634241.8327506369
 20
4837326.7588682715
 10
634222.0823969943
 20
4837362.577690858
  0
LWPOLYLINE
  5
1F2
330
17
100
AcDbEntity
  8
ROADS
100
AcDbPolyline
 90
2
 70
0
 10
634121.8912874061
 20
4837325.018815806
 10
634106.5812084498
 20
4837372.787906405
  0
LWPOLYLINE
  5
1F3
330
17
100
AcDbEntity
  8
ROADS
100
AcDbPolyline
 90
2
 70
0
 10
634027.0450259792
 20
4837347.771578115
 10
634052.4633743906
 20
4837355.941894614
  0
LWPOLYLINE
  5
1F4
330
17
100
AcDbEntity
  8
ROADS
100
AcDbPolyline
 90
2
 70
0
 10
634052.4633743906
 20
4837355.941894614
 10
634065.7437625868
 20
4837359.741359112
  0
LWPOLYLINE
  5
1F5
330
17
100
AcDbEntity
  8
ROADS
100
AcDbPolyline
 90
2
 70
0
 10
633494.5538601975
 20
4837287.867627875
 10
633537.7962351146
 20
4837298.215415463
  0
LWPOLYLINE
  5
1F6
330
17
100
AcDbEntity
  8
ROADS
100
AcDbPolyline
 90
2
 70
0
 10
633454.2941353562
 20
4837274.566539888
 10
633437.5904468457
 20
4837323.526432491
  0
LWPOLYLINE
  5
1F7
330
17
100
AcDbEntity
  8
ROADS
100
AcDbPolyline
 90
2
 70
0
 10
633282.97487443
 20
4837288.916732787
 10
633275.06358411
 20
4837313.727659871
  0
LWPOLYLINE
  5
1F8
330
17
100
AcDbEntity
  8
ROADS
100
AcDbPolyline
 90
2
 70
0
 10
633537.7962351146
 20
4837298.215415463
 10
633523.7969622981
 20
4837340.472681816
  0
LWPOLYLINE
  5
1F9
330
17
100
AcDbEntity
  8
ROADS
100
AcDbPolyline
 90
2
 70
0
 10
633275.06358411
 20
4837313.727659871
 10
633311.6228880329
 20
4837325.817733612
  0
LWPOLYLINE
  5
1FA
330
17
100
AcDbEntity
  8
ROADS
100
AcDbPolyline
 90
2
 70
0
 10
633494.5538601975
 20
4837287.867627875
 10
633466.1559137674
 20
4837375.831202729
  0
LWPOLYLINE
  5
1FB
330
17
100
AcDbEntity
  8
ROADS
100
AcDbPolyline
 90
2
 70
0
 10
633311.6228880329
 20
4837325.817733612
 10
633355.5912526328
 20
4837340.038960139
  0
LWPOLYLINE
  5
1FC
330
17
100
AcDbEntity
  8
ROADS
100
AcDbPolyline
 90
2
 70
0
 10
633188.8364808259
 20
4837257.387912157
 10
633138.4349836472
 20
4837414.522026567
  0
LWPOLYLINE
  5
1FD
330
17
100
AcDbEntity
  8
ROADS
100
AcDbPolyline
 90
3
 70
0
 10
633234.0093558694
 20
4837272.968014485
 10
633184.2881025661
 20
4837428.3213069
 10
633138.4349836472
 20
4837414.522026567
  0
LWPOLYLINE
  5
1FE
330
17
100
AcDbEntity
  8
ROADS
100
AcDbPolyline
 90
2
 70
0
 10
633355.5912526328
 20
4837340.038960139
 10
633466.1559137674
 20
4837375.831202729
  0
LWPOLYLINE
  5
1FF
330
17
100
AcDbEntity
  8
ROADS
100
AcDbPolyline
 90
2
 70
0
 10
633906.4348615755
 20
4837310.347501154
 10
633902.6216806535
 20
4837322.174516505
  0
LWPOLYLINE
  5
200
330
17
100
AcDbEntity
  8
ROADS
100
AcDbPolyline
 90
2
 70
0
 10
633860.6085161819
 20
4837311.0438791355
 10
633902.6216806535
 20
4837322.174516505
  0
LWPOLYLINE
  5
201
330
17
100
AcDbEntity
  8
ROADS
100
AcDbPolyline
 90
2
 70
0
 10
633906.4348615755
 20
4837310.347501154
 10
633946.6824278788
 20
4837322.941332551
  0
LWPOLYLINE
  5
202
330
17
100
AcDbEntity
  8
ROADS
100
AcDbPolyline
 90
2
 70
0
 10
633537.7962351146
 20
4837298.215415463
 10
633687.6739984101
 20
4837344.910452183
  0
LWPOLYLINE
  5
203
330
17
100
AcDbEntity
  8
ROADS
100
AcDbPolyline
 90
2
 70
0
 10
633523.7969622981
 20
4837340.472681816
 10
633674.1567241505
 20
4837385.510317038
  0
LWPOLYLINE
  5
204
330
17
100
AcDbEntity
  8
ROADS
100
AcDbPolyline
 90
2
 70
0
 10
633902.6216806535
 20
4837322.174516505
 10
633849.29727008
 20
4837483.375433157
  0
LWPOLYLINE
  5
205
330
17
100
AcDbEntity
  8
ROADS
100
AcDbPolyline
 90
2
 70
0
 10
633510.1184015104
 20
4837382.691741154
 10
633808.7703007577
 20
4837471.356580287
  0
LWPOLYLINE
  5
206
330
17
100
AcDbEntity
  8
ROADS
100
AcDbPolyline
 90
2
 70
0
 10
633496.5495525245
 20
4837424.705764536
 10
633794.8759605619
 20
4837513.339749211
  0
LWPOLYLINE
  5
207
330
17
100
AcDbEntity
  8
ROADS
100
AcDbPolyline
 90
2
 70
0
 10
633808.7703007577
 20
4837471.356580287
 10
633849.29727008
 20
4837483.375433157
  0
LWPOLYLINE
  5
208
330
17
100
AcDbEntity
  8
ROADS
100
AcDbPolyline
 90
2
 70
0
 10
633808.7703007577
 20
4837471.356580287
 10
633794.8759605619
 20
4837513.339749211
  0
LWPOLYLINE
  5
209
330
17
100
AcDbEntity
  8
ROADS
100
AcDbPolyline
 90
2
 70
0
 10
633523.7969622981
 20
4837340.472681816
 10
633510.1184015104
 20
4837382.691741154
  0
LWPOLYLINE
  5
20A
330
17
100
AcDbEntity
  8
ROADS
100
AcDbPolyline
 90
2
 70
0
 10
633275.06358411
 20
4837313.727659871
 10
633230.9463332857
 20
4837440.874050448
  0
LWPOLYLINE
  5
20B
330
17
100
AcDbEntity
  8
ROADS
100
AcDbPolyline
 90
2
 70
0
 10
633466.1559137674
 20
4837375.831202729
 10
633510.1184015104
 20
4837382.691741154
  0
LWPOLYLINE
  5
20C
330
17
100
AcDbEntity
  8
ROADS
100
AcDbPolyline
 90
3
 70
0
 10
633311.6228880329
 20
4837325.817733612
 10
633271.0522819387
 20
4837454.464392389
 10
633230.9463332857
 20
4837440.874050448
  0
LWPOLYLINE
  5
20D
330
17
100
AcDbEntity
  8
ROADS
100
AcDbPolyline
 90
2
 70
0
 10
633510.1184015104
 20
4837382.691741154
 10
633496.5495525245
 20
4837424.705764536
  0
LWPOLYLINE
  5
20E
330
17
100
AcDbEntity
  8
ROADS
100
AcDbPolyline
 90
2
 70
0
 10
633466.1559137674
 20
4837375.831202729
 10
633441.2223763956
 20
4837453.832608945
  0
LWPOLYLINE
  5
20F
330
17
100
AcDbEntity
  8
ROADS
100
AcDbPolyline
 90
2
 70
0
 10
633355.5912526328
 20
4837340.038960139
 10
633300.9577240214
 20
4837513.13389027
  0
LWPOLYLINE
  5
210
330
17
100
AcDbEntity
  8
ROADS
100
AcDbPolyline
 90
2
 70
0
 10
633496.5495525245
 20
4837424.705764536
 10
633483.52715571
 20
4837466.641660071
  0
LWPOLYLINE
  5
211
330
17
100
AcDbEntity
  8
ROADS
100
AcDbPolyline
 90
2
 70
0
 10
633441.2223763956
 20
4837453.832608945
 10
633483.52715571
 20
4837466.641660071
  0
LWPOLYLINE
  5
212
330
17
100
AcDbEntity
  8
ROADS
100
AcDbPolyline
 90
2
 70
0
 10
633230.9463332857
 20
4837440.874050448
 10
633214.4820575493
 20
4837488.180099743
  0
LWPOLYLINE
  5
213
330
17
100
AcDbEntity
  8
ROADS
100
AcDbPolyline
 90
2
 70
0
 10
634065.7437625868
 20
4837359.741359112
 10
634106.5812084498
 20
4837372.787906405
  0
LWPOLYLINE
  5
214
330
17
100
AcDbEntity
  8
ROADS
100
AcDbPolyline
 90
2
 70
0
 10
634222.0823969943
 20
4837362.577690858
 10
634263.5386785904
 20
4837377.73861034
  0
LWPOLYLINE
  5
215
330
17
100
AcDbEntity
  8
ROADS
100
AcDbPolyline
 90
2
 70
0
 10
634106.5812084498
 20
4837372.787906405
 10
634093.5331656443
 20
4837401.431319666
  0
LWPOLYLINE
  5
216
330
17
100
AcDbEntity
  8
ROADS
100
AcDbPolyline
 90
3
 70
0
 10
633982.4531725543
 20
4837334.01208692
 10
633939.8438323069
 20
4837455.828574879
 10
633955.6771521337
 20
4837484.63826168
  0
LWPOLYLINE
  5
217
330
17
100
AcDbEntity
  8
ROADS
100
AcDbPolyline
 90
2
 70
0
 10
634093.5331656443
 20
4837401.431319666
 10
634095.2875526131
 20
4837419.058499441
  0
LWPOLYLINE
  5
218
330
17
100
AcDbEntity
  8
ROADS
100
AcDbPolyline
 90
3
 70
0
 10
634052.4633743906
 20
4837355.941894614
 10
634029.9938562635
 20
4837412.495230917
 10
633955.6771521337
 20
4837484.63826168
  0
LWPOLYLINE
  5
219
330
17
100
AcDbEntity
  8
ROADS
100
AcDbPolyline
 90
2
 70
0
 10
634095.2875526131
 20
4837419.058499441
 10
634111.7742159736
 20
4837429.327481334
  0
LWPOLYLINE
  5
21A
330
17
100
AcDbEntity
  8
ROADS
100
AcDbPolyline
 90
3
 70
0
 10
634095.2875526131
 20
4837419.058499441
 10
634055.3853546868
 20
4837494.896184174
 10
634065.8579995305
 20
4837500.133998767
  0
LWPOLYLINE
  5
21B
330
17
100
AcDbEntity
  8
ROADS
100
AcDbPolyline
 90
3
 70
0
 10
634093.5331656443
 20
4837401.431319666
 10
633952.8507686919
 20
4837559.410290004
 10
633900.8747439092
 20
4837595.34081251
  0
LWPOLYLINE
  5
21C
330
17
100
AcDbEntity
  8
ROADS
100
AcDbPolyline
 90
2
 70
0
 10
634178.790307075
 20
4837548.853252064
 10
634214.7971834962
 20
4837448.547076401
  0
LWPOLYLINE
  5
21D
330
17
100
AcDbEntity
  8
ROADS
100
AcDbPolyline
 90
2
 70
0
 10
633122.8533624262
 20
4837460.164893055
 10
633138.0964124261
 20
4837464.597894093
  0
LWPOLYLINE
  5
21E
330
17
100
AcDbEntity
  8
ROADS
100
AcDbPolyline
 90
2
 70
0
 10
632930.510683365
 20
4837449.625828566
 10
632916.3100351066
 20
4837493.617507618
  0
LWPOLYLINE
  5
21F
330
17
100
AcDbEntity
  8
ROADS
100
AcDbPolyline
 90
2
 70
0
 10
632984.5575410763
 20
4837465.630452022
 10
633032.1918871836
 20
4837479.091917521
  0
LWPOLYLINE
  5
220
330
17
100
AcDbEntity
  8
ROADS
100
AcDbPolyline
 90
2
 70
0
 10
633138.0964124261
 20
4837464.597894093
 10
633126.2480011606
 20
4837504.991850342
  0
LWPOLYLINE
  5
221
330
17
100
AcDbEntity
  8
ROADS
100
AcDbPolyline
 90
2
 70
0
 10
633032.1918871836
 20
4837479.091917521
 10
633084.7553651907
 20
4837493.397590344
  0
LWPOLYLINE
  5
222
330
17
100
AcDbEntity
  8
ROADS
100
AcDbPolyline
 90
2
 70
0
 10
632984.5575410763
 20
4837465.630452022
 10
632972.0250845128
 20
4837508.15318824
  0
LWPOLYLINE
  5
223
330
17
100
AcDbEntity
  8
ROADS
100
AcDbPolyline
 90
2
 70
0
 10
633126.2480011606
 20
4837504.991850342
 10
633084.7553651907
 20
4837493.397590344
  0
LWPOLYLINE
  5
224
330
17
100
AcDbEntity
  8
ROADS
100
AcDbPolyline
 90
2
 70
0
 10
632972.0250845128
 20
4837508.15318824
 10
632916.3100351066
 20
4837493.617507618
  0
LWPOLYLINE
  5
225
330
17
100
AcDbEntity
  8
ROADS
100
AcDbPolyline
 90
2
 70
0
 10
633032.1918871836
 20
4837479.091917521
 10
633033.3875200141
 20
4837525.0844393065
  0
LWPOLYLINE
  5
226
330
17
100
AcDbEntity
  8
ROADS
100
AcDbPolyline
 90
2
 70
0
 10
632843.5087819096
 20
4837573.109262063
 10
632884.1771139773
 20
4837436.514921294
  0
LWPOLYLINE
  5
227
330
17
100
AcDbEntity
  8
ROADS
100
AcDbPolyline
 90
2
 70
0
 10
633138.0964124261
 20
4837464.597894093
 10
633214.4820575493
 20
4837488.180099743
  0
LWPOLYLINE
  5
228
330
17
100
AcDbEntity
  8
ROADS
100
AcDbPolyline
 90
2
 70
0
 10
633483.52715571
 20
4837466.641660071
 10
633469.0643420578
 20
4837510.584666375
  0
LWPOLYLINE
  5
229
330
17
100
AcDbEntity
  8
ROADS
100
AcDbPolyline
 90
2
 70
0
 10
633441.2223763956
 20
4837453.832608945
 10
633412.5855933654
 20
4837544.217032281
  0
LWPOLYLINE
  5
22A
330
17
100
AcDbEntity
  8
ROADS
100
AcDbPolyline
 90
2
 70
0
 10
633214.4820575493
 20
4837488.180099743
 10
633300.9577240214
 20
4837513.13389027
  0
LWPOLYLINE
  5
22B
330
17
100
AcDbEntity
  8
ROADS
100
AcDbPolyline
 90
2
 70
0
 10
633126.2480011606
 20
4837504.991850342
 10
633164.1429538205
 20
4837516.000007056
  0
LWPOLYLINE
  5
22C
330
17
100
AcDbEntity
  8
ROADS
100
AcDbPolyline
 90
2
 70
0
 10
633214.4820575493
 20
4837488.180099743
 10
633200.1886924915
 20
4837536.357472261
  0
LWPOLYLINE
  5
22D
330
17
100
AcDbEntity
  8
ROADS
100
AcDbPolyline
 90
2
 70
0
 10
633300.9577240214
 20
4837513.13389027
 10
633312.9607088207
 20
4837516.9482540535
  0
LWPOLYLINE
  5
22E
330
17
100
AcDbEntity
  8
ROADS
100
AcDbPolyline
 90
2
 70
0
 10
633469.0643420578
 20
4837510.584666375
 10
633578.0820541945
 20
4837543.492768611
  0
LWPOLYLINE
  5
22F
330
17
100
AcDbEntity
  8
ROADS
100
AcDbPolyline
 90
2
 70
0
 10
633312.9607088207
 20
4837516.9482540535
 10
633412.5855933654
 20
4837544.217032281
  0
LWPOLYLINE
  5
230
330
17
100
AcDbEntity
  8
ROADS
100
AcDbPolyline
 90
2
 70
0
 10
633469.0643420578
 20
4837510.584666375
 10
633453.7880436031
 20
4837557.260178396
  0
LWPOLYLINE
  5
231
330
17
100
AcDbEntity
  8
ROADS
100
AcDbPolyline
 90
2
 70
0
 10
633849.29727008
 20
4837483.375433157
 10
633833.55201446
 20
4837531.317622527
  0
LWPOLYLINE
  5
232
330
17
100
AcDbEntity
  8
ROADS
100
AcDbPolyline
 90
2
 70
0
 10
633483.52715571
 20
4837466.641660071
 10
633781.4250964393
 20
4837553.528788058
  0
LWPOLYLINE
  5
233
330
17
100
AcDbEntity
  8
ROADS
100
AcDbPolyline
 90
3
 70
0
 10
633955.6771521337
 20
4837484.63826168
 10
633905.5546130547
 20
4837540.126416787
 10
633833.55201446
 20
4837531.317622527
  0
LWPOLYLINE
  5
234
330
17
100
AcDbEntity
  8
ROADS
100
AcDbPolyline
 90
2
 70
0
 10
633794.8759605619
 20
4837513.339749211
 10
633781.4250964393
 20
4837553.528788058
  0
LWPOLYLINE
  5
235
330
17
100
AcDbEntity
  8
ROADS
100
AcDbPolyline
 90
2
 70
0
 10
633833.55201446
 20
4837531.317622527
 10
633821.8100953395
 20
4837565.932114008
  0
LWPOLYLINE
  5
236
330
17
100
AcDbEntity
  8
ROADS
100
AcDbPolyline
 90
2
 70
0
 10
633781.4250964393
 20
4837553.528788058
 10
633821.8100953395
 20
4837565.932114008
  0
LWPOLYLINE
  5
237
330
17
100
AcDbEntity
  8
ROADS
100
AcDbPolyline
 90
2
 70
0
 10
633821.8100953395
 20
4837565.932114008
 10
633817.1357874342
 20
4837579.973732092
  0
LWPOLYLINE
  5
238
330
17
100
AcDbEntity
  8
ROADS
100
AcDbPolyline
 90
2
 70
0
 10
633817.1357874342
 20
4837579.973732092
 10
633900.8747439092
 20
4837595.34081251
  0
LWPOLYLINE
  5
239
330
17
100
AcDbEntity
  8
ROADS
100
AcDbPolyline
 90
2
 70
0
 10
633817.1357874342
 20
4837579.973732092
 10
633803.9450911812
 20
4837612.854879114
  0
LWPOLYLINE
  5
23A
330
17
100
AcDbEntity
  8
ROADS
100
AcDbPolyline
 90
2
 70
0
 10
633556.8169624388
 20
4837586.258677444
 10
633661.6587525429
 20
4837616.767100339
  0
LWPOLYLINE
  5
23B
330
17
100
AcDbEntity
  8
ROADS
100
AcDbPolyline
 90
2
 70
0
 10
633312.9607088207
 20
4837516.9482540535
 10
633299.1166076038
 20
4837564.393705323
  0
LWPOLYLINE
  5
23C
330
17
100
AcDbEntity
  8
ROADS
100
AcDbPolyline
 90
2
 70
0
 10
633200.1886924915
 20
4837536.357472261
 10
633250.066379078
 20
4837550.364567674
  0
LWPOLYLINE
  5
23D
330
17
100
AcDbEntity
  8
ROADS
100
AcDbPolyline
 90
2
 70
0
 10
633412.5855933654
 20
4837544.217032281
 10
633453.7880436031
 20
4837557.260178396
  0
LWPOLYLINE
  5
23E
330
17
100
AcDbEntity
  8
ROADS
100
AcDbPolyline
 90
2
 70
0
 10
633200.1886924915
 20
4837536.357472261
 10
633190.1661201967
 20
4837570.297936569
  0
LWPOLYLINE
  5
23F
330
17
100
AcDbEntity
  8
ROADS
100
AcDbPolyline
 90
2
 70
0
 10
633250.066379078
 20
4837550.364567674
 10
633299.1166076038
 20
4837564.393705323
  0
LWPOLYLINE
  5
240
330
17
100
AcDbEntity
  8
ROADS
100
AcDbPolyline
 90
2
 70
0
 10
633250.066379078
 20
4837550.364567674
 10
633241.3423902433
 20
4837580.3522038665
  0
LWPOLYLINE
  5
241
330
17
100
AcDbEntity
  8
ROADS
100
AcDbPolyline
 90
2
 70
0
 10
633412.5855933654
 20
4837544.217032281
 10
633398.5300188636
 20
4837593.456816735
  0
LWPOLYLINE
  5
242
330
17
100
AcDbEntity
  8
ROADS
100
AcDbPolyline
 90
2
 70
0
 10
633453.7880436031
 20
4837557.260178396
 10
633556.8169624388
 20
4837586.258677444
  0
LWPOLYLINE
  5
243
330
17
100
AcDbEntity
  8
ROADS
100
AcDbPolyline
 90
2
 70
0
 10
633190.1661201967
 20
4837570.297936569
 10
633241.3423902433
 20
4837580.3522038665
  0
LWPOLYLINE
  5
244
330
17
100
AcDbEntity
  8
ROADS
100
AcDbPolyline
 90
2
 70
0
 10
633299.1166076038
 20
4837564.393705323
 10
633290.3042539251
 20
4837594.732775743
  0
LWPOLYLINE
  5
245
330
17
100
AcDbEntity
  8
ROADS
100
AcDbPolyline
 90
2
 70
0
 10
633084.7553651907
 20
4837493.397590344
 10
633072.0850263163
 20
4837528.8622838715
  0
LWPOLYLINE
  5
246
330
17
100
AcDbEntity
  8
ROADS
100
AcDbPolyline
 90
2
 70
0
 10
633033.3875200141
 20
4837525.0844393065
 10
632972.0250845128
 20
4837508.15318824
  0
LWPOLYLINE
  5
247
330
17
100
AcDbEntity
  8
ROADS
100
AcDbPolyline
 90
2
 70
0
 10
633033.3875200141
 20
4837525.0844393065
 10
633072.0850263163
 20
4837528.8622838715
  0
LWPOLYLINE
  5
248
330
17
100
AcDbEntity
  8
ROADS
100
AcDbPolyline
 90
3
 70
0
 10
633033.3875200141
 20
4837525.0844393065
 10
633065.845178866
 20
4837540.494368642
 10
633072.0850263163
 20
4837528.8622838715
  0
LWPOLYLINE
  5
249
330
17
100
AcDbEntity
  8
ROADS
100
AcDbPolyline
 90
2
 70
0
 10
632916.3100351066
 20
4837493.617507618
 10
632888.9612121704
 20
4837586.002235119
  0
LWPOLYLINE
  5
24A
330
17
100
AcDbEntity
  8
ROADS
100
AcDbPolyline
 90
2
 70
0
 10
632972.0250845128
 20
4837508.15318824
 10
632944.399605298
 20
4837601.872032513
  0
LWPOLYLINE
  5
24B
330
17
100
AcDbEntity
  8
ROADS
100
AcDbPolyline
 90
2
 70
0
 10
633033.3875200141
 20
4837525.0844393065
 10
632998.6337713598
 20
4837617.086005802
  0
LWPOLYLINE
  5
24C
330
17
100
AcDbEntity
  8
ROADS
100
AcDbPolyline
 90
2
 70
0
 10
632843.5087819096
 20
4837573.109262063
 10
632888.9612121704
 20
4837586.002235119
  0
LWPOLYLINE
  5
24D
330
17
100
AcDbEntity
  8
ROADS
100
AcDbPolyline
 90
2
 70
0
 10
633072.0850263163
 20
4837528.8622838715
 10
633045.1625093735
 20
4837630.852523771
  0
LWPOLYLINE
  5
24E
330
17
100
AcDbEntity
  8
ROADS
100
AcDbPolyline
 90
2
 70
0
 10
632888.9612121704
 20
4837586.002235119
 10
632944.399605298
 20
4837601.872032513
  0
LWPOLYLINE
  5
24F
330
17
100
AcDbEntity
  8
ROADS
100
AcDbPolyline
 90
2
 70
0
 10
634178.790307075
 20
4837548.853252064
 10
634279.7761342255
 20
4837609.158461718
  0
LWPOLYLINE
  5
250
330
17
100
AcDbEntity
  8
ROADS
100
AcDbPolyline
 90
3
 70
0
 10
634126.576168488
 20
4837647.3841674775
 10
634161.4290775522
 20
4837543.477851718
 10
634178.790307075
 20
4837548.853252064
  0
LWPOLYLINE
  5
251
330
17
100
AcDbEntity
  8
ROADS
100
AcDbPolyline
 90
2
 70
0
 10
634310.7137534054
 20
4837591.073430147
 10
634300.1729025983
 20
4837608.380250043
  0
LWPOLYLINE
  5
252
330
17
100
AcDbEntity
  8
ROADS
100
AcDbPolyline
 90
2
 70
0
 10
634279.7761342255
 20
4837609.158461718
 10
634300.1729025983
 20
4837608.380250043
  0
LWPOLYLINE
  5
253
330
17
100
AcDbEntity
  8
ROADS
100
AcDbPolyline
 90
2
 70
0
 10
633900.8747439092
 20
4837595.34081251
 10
634005.8272547469
 20
4837627.695921955
  0
LWPOLYLINE
  5
254
330
17
100
AcDbEntity
  8
ROADS
100
AcDbPolyline
 90
2
 70
0
 10
634300.1729025983
 20
4837608.380250043
 10
634284.3960946759
 20
4837625.052329351
  0
LWPOLYLINE
  5
255
330
17
100
AcDbEntity
  8
ROADS
100
AcDbPolyline
 90
2
 70
0
 10
634279.7761342255
 20
4837609.158461718
 10
634284.3960946759
 20
4837625.052329351
  0
LWPOLYLINE
  5
256
330
17
100
AcDbEntity
  8
ROADS
100
AcDbPolyline
 90
2
 70
0
 10
634284.3960946759
 20
4837625.052329351
 10
634263.2626791208
 20
4837620.056739046
  0
LWPOLYLINE
  5
257
330
17
100
AcDbEntity
  8
ROADS
100
AcDbPolyline
 90
3
 70
0
 10
634005.8272547469
 20
4837627.695921955
 10
634097.1685881087
 20
4837655.853059323
 10
634126.576168488
 20
4837647.3841674775
  0
LWPOLYLINE
  5
258
330
17
100
AcDbEntity
  8
ROADS
100
AcDbPolyline
 90
2
 70
0
 10
634005.8272547469
 20
4837627.695921955
 10
633992.7603613476
 20
4837666.338798411
  0
LWPOLYLINE
  5
259
330
17
100
AcDbEntity
  8
ROADS
100
AcDbPolyline
 90
2
 70
0
 10
633661.6587525429
 20
4837616.767100339
 10
633754.5328641334
 20
4837646.763076107
  0
LWPOLYLINE
  5
25A
330
17
100
AcDbEntity
  8
ROADS
100
AcDbPolyline
 90
2
 70
0
 10
633803.9450911812
 20
4837612.854879114
 10
633789.0725982896
 20
4837656.776511126
  0
LWPOLYLINE
  5
25B
330
17
100
AcDbEntity
  8
ROADS
100
AcDbPolyline
 90
2
 70
0
 10
633661.6587525429
 20
4837616.767100339
 10
633648.6542419994
 20
4837659.205373775
  0
LWPOLYLINE
  5
25C
330
17
100
AcDbEntity
  8
ROADS
100
AcDbPolyline
 90
2
 70
0
 10
633803.9450911812
 20
4837612.854879114
 10
633992.7603613476
 20
4837666.338798411
  0
LWPOLYLINE
  5
25D
330
17
100
AcDbEntity
  8
ROADS
100
AcDbPolyline
 90
2
 70
0
 10
633754.5328641334
 20
4837646.763076107
 10
633789.0725982896
 20
4837656.776511126
  0
LWPOLYLINE
  5
25E
330
17
100
AcDbEntity
  8
ROADS
100
AcDbPolyline
 90
2
 70
0
 10
633789.0725982896
 20
4837656.776511126
 10
633848.5997503072
 20
4837673.460368493
  0
LWPOLYLINE
  5
25F
330
17
100
AcDbEntity
  8
ROADS
100
AcDbPolyline
 90
2
 70
0
 10
633754.5328641334
 20
4837646.763076107
 10
633741.7432533456
 20
4837687.465605048
  0
LWPOLYLINE
  5
260
330
17
100
AcDbEntity
  8
ROADS
100
AcDbPolyline
 90
2
 70
0
 10
633648.6542419994
 20
4837659.205373775
 10
633635.8642175886
 20
4837703.331659835
  0
LWPOLYLINE
  5
261
330
17
100
AcDbEntity
  8
ROADS
100
AcDbPolyline
 90
2
 70
0
 10
633848.5997503072
 20
4837673.460368493
 10
633978.2374371807
 20
4837709.28969485
  0
LWPOLYLINE
  5
262
330
17
100
AcDbEntity
  8
ROADS
100
AcDbPolyline
 90
2
 70
0
 10
633848.5997503072
 20
4837673.460368493
 10
633836.9125185134
 20
4837715.335439499
  0
LWPOLYLINE
  5
263
330
17
100
AcDbEntity
  8
ROADS
100
AcDbPolyline
 90
2
 70
0
 10
633141.5359056586
 20
4837242.0033546025
 10
633091.1815638486
 20
4837400.899441852
  0
LWPOLYLINE
  5
264
330
17
100
AcDbEntity
  8
ROADS
100
AcDbPolyline
 90
2
 70
0
 10
633076.3344226219
 20
4837266.960309105
 10
633039.0405173288
 20
4837386.930949016
  0
LWPOLYLINE
  5
265
330
17
100
AcDbEntity
  8
ROADS
100
AcDbPolyline
 90
2
 70
0
 10
633039.0405173288
 20
4837386.930949016
 10
632855.3287309778
 20
4837334.802221815
  0
LWPOLYLINE
  5
266
330
17
100
AcDbEntity
  8
ROADS
100
AcDbPolyline
 90
2
 70
0
 10
632843.005226725
 20
4837379.283984604
 10
632845.5147678223
 20
4837380.01532008
  0
LWPOLYLINE
  5
267
330
17
100
AcDbEntity
  8
ROADS
100
AcDbPolyline
 90
2
 70
0
 10
633039.0405173288
 20
4837386.930949016
 10
633091.1815638486
 20
4837400.899441852
  0
LWPOLYLINE
  5
268
330
17
100
AcDbEntity
  8
ROADS
100
AcDbPolyline
 90
2
 70
0
 10
632845.5147678223
 20
4837380.01532008
 10
632941.4485300408
 20
4837408.705386378
  0
LWPOLYLINE
  5
269
330
17
100
AcDbEntity
  8
ROADS
100
AcDbPolyline
 90
2
 70
0
 10
632845.5147678223
 20
4837380.01532008
 10
632833.6838029067
 20
4837421.657657657
  0
LWPOLYLINE
  5
26A
330
17
100
AcDbEntity
  8
ROADS
100
AcDbPolyline
 90
2
 70
0
 10
633091.1815638486
 20
4837400.899441852
 10
633138.4349836472
 20
4837414.522026567
  0
LWPOLYLINE
  5
26B
330
17
100
AcDbEntity
  8
ROADS
100
AcDbPolyline
 90
2
 70
0
 10
633039.0405173288
 20
4837386.930949016
 10
633027.5033723384
 20
4837432.427429539
  0
LWPOLYLINE
  5
26C
330
17
100
AcDbEntity
  8
ROADS
100
AcDbPolyline
 90
2
 70
0
 10
632941.4485300408
 20
4837408.705386378
 10
633027.5033723384
 20
4837432.427429539
  0
LWPOLYLINE
  5
26D
330
17
100
AcDbEntity
  8
ROADS
100
AcDbPolyline
 90
2
 70
0
 10
632833.6838029067
 20
4837421.657657657
 10
632884.1771139773
 20
4837436.514921294
  0
LWPOLYLINE
  5
26E
330
17
100
AcDbEntity
  8
ROADS
100
AcDbPolyline
 90
2
 70
0
 10
632941.4485300408
 20
4837408.705386378
 10
632930.510683365
 20
4837449.625828566
  0
LWPOLYLINE
  5
26F
330
17
100
AcDbEntity
  8
ROADS
100
AcDbPolyline
 90
2
 70
0
 10
632833.6838029067
 20
4837421.657657657
 10
632831.442466605
 20
4837421.019836864
  0
LWPOLYLINE
  5
270
330
17
100
AcDbEntity
  8
ROADS
100
AcDbPolyline
 90
2
 70
0
 10
633138.4349836472
 20
4837414.522026567
 10
633122.8533624262
 20
4837460.164893055
  0
LWPOLYLINE
  5
271
330
17
100
AcDbEntity
  8
ROADS
100
AcDbPolyline
 90
2
 70
0
 10
632884.1771139773
 20
4837436.514921294
 10
632930.510683365
 20
4837449.625828566
  0
LWPOLYLINE
  5
272
330
17
100
AcDbEntity
  8
ROADS
100
AcDbPolyline
 90
2
 70
0
 10
633027.5033723384
 20
4837432.427429539
 10
633122.8533624262
 20
4837460.164893055
  0
LWPOLYLINE
  5
273
330
17
100
AcDbEntity
  8
ROADS
100
AcDbPolyline
 90
2
 70
0
 10
633027.5033723384
 20
4837432.427429539
 10
633032.1918871836
 20
4837479.091917521
  0
LWPOLYLINE
  5
274
330
17
100
AcDbEntity
  8
ROADS
100
AcDbPolyline
 90
2
 70
0
 10
632930.510683365
 20
4837449.625828566
 10
632984.5575410763
 20
4837465.630452022
  0
LWPOLYLINE
  5
275
330
17
100
AcDbEntity
  8
ROADS
100
AcDbPolyline
 90
2
 70
0
 10
633126.2480011606
 20
4837504.991850342
 10
633073.4730412065
 20
4837683.258658148
  0
LWPOLYLINE
  5
276
330
17
100
AcDbEntity
  8
ROADS
100
AcDbPolyline
 90
2
 70
0
 10
632944.399605298
 20
4837601.872032513
 10
632998.6337713598
 20
4837617.086005802
  0
LWPOLYLINE
  5
277
330
17
100
AcDbEntity
  8
ROADS
100
AcDbPolyline
 90
2
 70
0
 10
632998.6337713598
 20
4837617.086005802
 10
633045.1625093735
 20
4837630.852523771
  0
LWPOLYLINE
  5
278
330
17
100
AcDbEntity
  8
ROADS
100
AcDbPolyline
 90
2
 70
0
 10
632833.6838029067
 20
4837421.657657657
 10
632826.6249181231
 20
4837445.637242713
  0
LWPOLYLINE
  5
279
330
17
100
AcDbEntity
  8
ROADS
100
AcDbPolyline
 90
2
 70
0
 10
632843.5087819096
 20
4837573.109262063
 10
632807.9521293554
 20
4837694.463467492
  0
LWPOLYLINE
  5
27A
330
17
100
AcDbEntity
  8
ROADS
100
AcDbPolyline
 90
2
 70
0
 10
633073.4730412065
 20
4837683.258658148
 10
633150.9240685372
 20
4837706.325134947
  0
LWPOLYLINE
  5
27B
330
17
100
AcDbEntity
  8
ROADS
100
AcDbPolyline
 90
2
 70
0
 10
632944.399605298
 20
4837601.872032513
 10
632874.5127624535
 20
4837839.056919092
  0
LWPOLYLINE
  5
27C
330
17
100
AcDbEntity
  8
ROADS
100
AcDbPolyline
 90
2
 70
0
 10
632888.9612121704
 20
4837586.002235119
 10
632821.2396035743
 20
4837820.190605102
  0
LWPOLYLINE
  5
27D
330
17
100
AcDbEntity
  8
ROADS
100
AcDbPolyline
 90
2
 70
0
 10
633045.1625093735
 20
4837630.852523771
 10
632974.4123976498
 20
4837869.871009363
  0
LWPOLYLINE
  5
27E
330
17
100
AcDbEntity
  8
ROADS
100
AcDbPolyline
 90
2
 70
0
 10
632998.6337713598
 20
4837617.086005802
 10
632913.5641416971
 20
4837908.159610828
  0
LWPOLYLINE
  5
27F
330
17
100
AcDbEntity
  8
ROADS
100
AcDbPolyline
 90
2
 70
0
 10
633073.4730412065
 20
4837683.258658148
 10
633000.993260657
 20
4837934.24782187
  0
LWPOLYLINE
  5
280
330
17
100
AcDbEntity
  8
ROADS
100
AcDbPolyline
 90
2
 70
0
 10
633142.7421986706
 20
4837735.478495784
 10
633079.0172574845
 20
4837955.989608879
  0
LWPOLYLINE
  5
281
330
17
100
AcDbEntity
  8
ROADS
100
AcDbPolyline
 90
2
 70
0
 10
632836.1684556826
 20
4837885.487699435
 10
632913.5641416971
 20
4837908.159610828
  0
LWPOLYLINE
  5
282
330
17
100
AcDbEntity
  8
ROADS
100
AcDbPolyline
 90
2
 70
0
 10
632913.5641416971
 20
4837908.159610828
 10
633000.993260657
 20
4837934.24782187
  0
LWPOLYLINE
  5
283
330
17
100
AcDbEntity
  8
ROADS
100
AcDbPolyline
 90
2
 70
0
 10
633000.993260657
 20
4837934.24782187
 10
633079.0172574845
 20
4837955.989608879
  0
LWPOLYLINE
  5
284
330
17
100
AcDbEntity
  8
ROADS
100
AcDbPolyline
 90
2
 70
0
 10
632913.5641416971
 20
4837908.159610828
 10
632886.650715366
 20
4838001.126225822
  0
LWPOLYLINE
  5
285
330
17
100
AcDbEntity
  8
ROADS
100
AcDbPolyline
 90
2
 70
0
 10
632870.1628396629
 20
4837996.311542864
 10
632886.650715366
 20
4838001.126225822
  0
LWPOLYLINE
  5
286
330
17
100
AcDbEntity
  8
ROADS
100
AcDbPolyline
 90
2
 70
0
 10
633079.0172574845
 20
4837955.989608879
 10
633051.4106134702
 20
4838050.29083524
  0
LWPOLYLINE
  5
287
330
17
100
AcDbEntity
  8
ROADS
100
AcDbPolyline
 90
2
 70
0
 10
634540.0269975674
 20
4837461.835455897
 10
634509.7287717746
 20
4837547.807760893
  0
LWPOLYLINE
  5
288
330
17
100
AcDbEntity
  8
ROADS
100
AcDbPolyline
 90
2
 70
0
 10
634509.7287717746
 20
4837547.807760893
 10
634483.817512615
 20
4837623.847553163
  0
LWPOLYLINE
  5
289
330
17
100
AcDbEntity
  8
ROADS
100
AcDbPolyline
 90
3
 70
0
 10
634509.7287717746
 20
4837547.807760893
 10
634618.8867179037
 20
4837579.284387348
 10
634612.3146488416
 20
4837662.812561991
  0
LWPOLYLINE
  5
28A
330
17
100
AcDbEntity
  8
ROADS
100
AcDbPolyline
 90
3
 70
0
 10
634300.1729025983
 20
4837608.380250043
 10
634330.469818059
 20
4837599.068361115
 10
634478.1028519036
 20
4837647.746209373
  0
LWPOLYLINE
  5
28B
330
17
100
AcDbEntity
  8
ROADS
100
AcDbPolyline
 90
2
 70
0
 10
634664.0935841831
 20
4837734.611482016
 10
634727.2010283296
 20
4837532.381161212
  0
LWPOLYLINE
  5
28C
330
17
100
AcDbEntity
  8
ROADS
100
AcDbPolyline
 90
2
 70
0
 10
634483.817512615
 20
4837623.847553163
 10
634478.1028519036
 20
4837647.746209373
  0
LWPOLYLINE
  5
28D
330
17
100
AcDbEntity
  8
ROADS
100
AcDbPolyline
 90
2
 70
0
 10
634483.817512615
 20
4837623.847553163
 10
634595.2432883781
 20
4837658.790171525
  0
LWPOLYLINE
  5
28E
330
17
100
AcDbEntity
  8
ROADS
100
AcDbPolyline
 90
2
 70
0
 10
634595.2432883781
 20
4837658.790171525
 10
634612.3146488416
 20
4837662.812561991
  0
LWPOLYLINE
  5
28F
330
17
100
AcDbEntity
  8
ROADS
100
AcDbPolyline
 90
2
 70
0
 10
634612.3146488416
 20
4837662.812561991
 10
634624.8986393207
 20
4837678.465447998
  0
LWPOLYLINE
  5
290
330
17
100
AcDbEntity
  8
ROADS
100
AcDbPolyline
 90
2
 70
0
 10
634478.1028519036
 20
4837647.746209373
 10
634460.0937057557
 20
4837699.926895479
  0
LWPOLYLINE
  5
291
330
17
100
AcDbEntity
  8
ROADS
100
AcDbPolyline
 90
2
 70
0
 10
634910.6769112492
 20
4837452.1232550545
 10
634870.466991736
 20
4837566.066789601
  0
LWPOLYLINE
  5
292
330
17
100
AcDbEntity
  8
ROADS
100
AcDbPolyline
 90
2
 70
0
 10
634921.0432372581
 20
4837478.586962482
 10
634957.5618679533
 20
4837594.740230605
  0
LWPOLYLINE
  5
293
330
17
100
AcDbEntity
  8
ROADS
100
AcDbPolyline
 90
2
 70
0
 10
634782.3398230419
 20
4837538.511790107
 10
634826.0725343595
 20
4837552.888855475
  0
LWPOLYLINE
  5
294
330
17
100
AcDbEntity
  8
ROADS
100
AcDbPolyline
 90
2
 70
0
 10
634826.0725343595
 20
4837552.888855475
 10
634870.466991736
 20
4837566.066789601
  0
LWPOLYLINE
  5
295
330
17
100
AcDbEntity
  8
ROADS
100
AcDbPolyline
 90
2
 70
0
 10
635062.3197544344
 20
4837537.287746201
 10
635035.134874954
 20
4837618.054036244
  0
LWPOLYLINE
  5
296
330
17
100
AcDbEntity
  8
ROADS
100
AcDbPolyline
 90
2
 70
0
 10
634870.466991736
 20
4837566.066789601
 10
634957.5618679533
 20
4837594.740230605
  0
LWPOLYLINE
  5
297
330
17
100
AcDbEntity
  8
ROADS
100
AcDbPolyline
 90
2
 70
0
 10
634957.5618679533
 20
4837594.740230605
 10
635035.134874954
 20
4837618.054036244
  0
LWPOLYLINE
  5
298
330
17
100
AcDbEntity
  8
ROADS
100
AcDbPolyline
 90
2
 70
0
 10
635035.134874954
 20
4837618.054036244
 10
635084.339116819
 20
4837630.880936556
  0
LWPOLYLINE
  5
299
330
17
100
AcDbEntity
  8
ROADS
100
AcDbPolyline
 90
2
 70
0
 10
635084.339116819
 20
4837630.880936556
 10
635149.6867236488
 20
4837651.561449302
  0
LWPOLYLINE
  5
29A
330
17
100
AcDbEntity
  8
ROADS
100
AcDbPolyline
 90
2
 70
0
 10
634782.3398230419
 20
4837538.511790107
 10
634714.7047522136
 20
4837748.496418701
  0
LWPOLYLINE
  5
29B
330
17
100
AcDbEntity
  8
ROADS
100
AcDbPolyline
 90
2
 70
0
 10
635312.0103235899
 20
4837468.598142795
 10
635302.9329476713
 20
4837496.999438695
  0
LWPOLYLINE
  5
29C
330
17
100
AcDbEntity
  8
ROADS
100
AcDbPolyline
 90
2
 70
0
 10
635514.0407854562
 20
4837517.593295759
 10
635557.8323349082
 20
4837564.5557833165
  0
LWPOLYLINE
  5
29D
330
17
100
AcDbEntity
  8
ROADS
100
AcDbPolyline
 90
2
 70
0
 10
635557.8323349082
 20
4837564.5557833165
 10
635527.9993071079
 20
4837607.048979947
  0
LWPOLYLINE
  5
29E
330
17
100
AcDbEntity
  8
ROADS
100
AcDbPolyline
 90
2
 70
0
 10
635302.9329476713
 20
4837496.999438695
 10
635243.4407737664
 20
4837680.979424164
  0
LWPOLYLINE
  5
29F
330
17
100
AcDbEntity
  8
ROADS
100
AcDbPolyline
 90
2
 70
0
 10
635149.6867236488
 20
4837651.561449302
 10
635195.5981921997
 20
4837666.9600327555
  0
LWPOLYLINE
  5
2A0
330
17
100
AcDbEntity
  8
ROADS
100
AcDbPolyline
 90
3
 70
0
 10
635296.8010115329
 20
4837697.532819537
 10
635323.895736099
 20
4837623.191395825
 10
635466.0958714521
 20
4837667.603773535
  0
LWPOLYLINE
  5
2A1
330
17
100
AcDbEntity
  8
ROADS
100
AcDbPolyline
 90
2
 70
0
 10
635470.627758787
 20
4837657.622863607
 10
635466.0958714521
 20
4837667.603773535
  0
LWPOLYLINE
  5
2A2
330
17
100
AcDbEntity
  8
ROADS
100
AcDbPolyline
 90
2
 70
0
 10
635195.5981921997
 20
4837666.9600327555
 10
635243.4407737664
 20
4837680.979424164
  0
LWPOLYLINE
  5
2A3
330
17
100
AcDbEntity
  8
ROADS
100
AcDbPolyline
 90
2
 70
0
 10
635243.4407737664
 20
4837680.979424164
 10
635296.8010115329
 20
4837697.532819537
  0
LWPOLYLINE
  5
2A4
330
17
100
AcDbEntity
  8
ROADS
100
AcDbPolyline
 90
2
 70
0
 10
635466.0958714521
 20
4837667.603773535
 10
635440.9914910251
 20
4837744.146409811
  0
LWPOLYLINE
  5
2A5
330
17
100
AcDbEntity
  8
ROADS
100
AcDbPolyline
 90
2
 70
0
 10
634595.2432883781
 20
4837658.790171525
 10
634586.7828106892
 20
4837694.978545173
  0
LWPOLYLINE
  5
2A6
330
17
100
AcDbEntity
  8
ROADS
100
AcDbPolyline
 90
2
 70
0
 10
634586.7828106892
 20
4837694.978545173
 10
634546.3286899616
 20
4837681.470834231
  0
LWPOLYLINE
  5
2A7
330
17
100
AcDbEntity
  8
ROADS
100
AcDbPolyline
 90
2
 70
0
 10
634624.8986393207
 20
4837678.465447998
 10
634652.1676207313
 20
4837701.9840627555
  0
LWPOLYLINE
  5
2A8
330
17
100
AcDbEntity
  8
ROADS
100
AcDbPolyline
 90
2
 70
0
 10
634586.7828106892
 20
4837694.978545173
 10
634605.4395693493
 20
4837700.442395815
  0
LWPOLYLINE
  5
2A9
330
17
100
AcDbEntity
  8
ROADS
100
AcDbPolyline
 90
2
 70
0
 10
634624.8986393207
 20
4837678.465447998
 10
634613.8811612889
 20
4837720.908775718
  0
LWPOLYLINE
  5
2AA
330
17
100
AcDbEntity
  8
ROADS
100
AcDbPolyline
 90
2
 70
0
 10
634613.8811612889
 20
4837720.908775718
 10
634652.1676207313
 20
4837701.9840627555
  0
LWPOLYLINE
  5
2AB
330
17
100
AcDbEntity
  8
ROADS
100
AcDbPolyline
 90
2
 70
0
 10
634460.0937057557
 20
4837699.926895479
 10
634542.9793279052
 20
4837727.427118473
  0
LWPOLYLINE
  5
2AC
330
17
100
AcDbEntity
  8
ROADS
100
AcDbPolyline
 90
2
 70
0
 10
634652.1676207313
 20
4837701.9840627555
 10
634664.0935841831
 20
4837734.611482016
  0
LWPOLYLINE
  5
2AD
330
17
100
AcDbEntity
  8
ROADS
100
AcDbPolyline
 90
2
 70
0
 10
634460.0937057557
 20
4837699.926895479
 10
634448.4932114069
 20
4837738.221311394
  0
LWPOLYLINE
  5
2AE
330
17
100
AcDbEntity
  8
ROADS
100
AcDbPolyline
 90
2
 70
0
 10
634613.8811612889
 20
4837720.908775718
 10
634613.8503289965
 20
4837739.423774954
  0
LWPOLYLINE
  5
2AF
330
17
100
AcDbEntity
  8
ROADS
100
AcDbPolyline
 90
2
 70
0
 10
634126.576168488
 20
4837647.3841674775
 10
634210.6223164783
 20
4837663.90742874
  0
LWPOLYLINE
  5
2B0
330
17
100
AcDbEntity
  8
ROADS
100
AcDbPolyline
 90
2
 70
0
 10
634210.6223164783
 20
4837663.90742874
 10
634251.9431203
 20
4837676.9367581755
  0
LWPOLYLINE
  5
2B1
330
17
100
AcDbEntity
  8
ROADS
100
AcDbPolyline
 90
3
 70
0
 10
634404.3952763198
 20
4837724.908721219
 10
634420.9918970459
 20
4837672.916516599
 10
634284.3960946759
 20
4837625.052329351
  0
LWPOLYLINE
  5
2B2
330
17
100
AcDbEntity
  8
ROADS
100
AcDbPolyline
 90
2
 70
0
 10
633992.7603613476
 20
4837666.338798411
 10
634119.1861076554
 20
4837706.079374282
  0
LWPOLYLINE
  5
2B3
330
17
100
AcDbEntity
  8
ROADS
100
AcDbPolyline
 90
2
 70
0
 10
633992.7603613476
 20
4837666.338798411
 10
633978.2374371807
 20
4837709.28969485
  0
LWPOLYLINE
  5
2B4
330
17
100
AcDbEntity
  8
ROADS
100
AcDbPolyline
 90
2
 70
0
 10
634251.9431203
 20
4837676.9367581755
 10
634404.3952763198
 20
4837724.908721219
  0
LWPOLYLINE
  5
2B5
330
17
100
AcDbEntity
  8
ROADS
100
AcDbPolyline
 90
2
 70
0
 10
633978.2374371807
 20
4837709.28969485
 10
634020.6828742437
 20
4837721.513293172
  0
LWPOLYLINE
  5
2B6
330
17
100
AcDbEntity
  8
ROADS
100
AcDbPolyline
 90
2
 70
0
 10
634210.6223164783
 20
4837663.90742874
 10
634177.7875971041
 20
4837771.238529121
  0
LWPOLYLINE
  5
2B7
330
17
100
AcDbEntity
  8
ROADS
100
AcDbPolyline
 90
3
 70
0
 10
634251.9431203
 20
4837676.9367581755
 10
634236.0691734594
 20
4837729.006011743
 10
634387.5814104278
 20
4837777.466039217
  0
LWPOLYLINE
  5
2B8
330
17
100
AcDbEntity
  8
ROADS
100
AcDbPolyline
 90
2
 70
0
 10
634020.6828742437
 20
4837721.513293172
 10
634006.6334341355
 20
4837766.263901677
  0
LWPOLYLINE
  5
2B9
330
17
100
AcDbEntity
  8
ROADS
100
AcDbPolyline
 90
2
 70
0
 10
635243.4407737664
 20
4837680.979424164
 10
635218.8475897487
 20
4837758.067299979
  0
LWPOLYLINE
  5
2BA
330
17
100
AcDbEntity
  8
ROADS
100
AcDbPolyline
 90
2
 70
0
 10
635552.9177805856
 20
4837670.790138801
 10
635518.5578870805
 20
4837768.550256903
  0
LWPOLYLINE
  5
2BB
330
17
100
AcDbEntity
  8
ROADS
100
AcDbPolyline
 90
2
 70
0
 10
635296.8010115329
 20
4837697.532819537
 10
635440.9914910251
 20
4837744.146409811
  0
LWPOLYLINE
  5
2BC
330
17
100
AcDbEntity
  8
ROADS
100
AcDbPolyline
 90
3
 70
0
 10
635621.0374421634
 20
4837719.466254614
 10
635588.731958891
 20
4837705.623832969
 10
635568.7732640192
 20
4837757.932444418
  0
LWPOLYLINE
  5
2BD
330
17
100
AcDbEntity
  8
ROADS
100
AcDbPolyline
 90
2
 70
0
 10
635621.0374421634
 20
4837719.466254614
 10
635609.4729408998
 20
4837755.381246564
  0
LWPOLYLINE
  5
2BE
330
17
100
AcDbEntity
  8
ROADS
100
AcDbPolyline
 90
2
 70
0
 10
635440.9914910251
 20
4837744.146409811
 10
635518.5578870805
 20
4837768.550256903
  0
LWPOLYLINE
  5
2BF
330
17
100
AcDbEntity
  8
ROADS
100
AcDbPolyline
 90
2
 70
0
 10
635440.9914910251
 20
4837744.146409811
 10
635429.1790808869
 20
4837778.451759098
  0
LWPOLYLINE
  5
2C0
330
17
100
AcDbEntity
  8
ROADS
100
AcDbPolyline
 90
2
 70
0
 10
635609.4729408998
 20
4837755.381246564
 10
635595.9502550638
 20
4837793.951054554
  0
LWPOLYLINE
  5
2C1
330
17
100
AcDbEntity
  8
ROADS
100
AcDbPolyline
 90
2
 70
0
 10
635518.5578870805
 20
4837768.550256903
 10
635595.9502550638
 20
4837793.951054554
  0
LWPOLYLINE
  5
2C2
330
17
100
AcDbEntity
  8
ROADS
100
AcDbPolyline
 90
2
 70
0
 10
635218.8475897487
 20
4837758.067299979
 10
635414.4692123425
 20
4837821.173434847
  0
LWPOLYLINE
  5
2C3
330
17
100
AcDbEntity
  8
ROADS
100
AcDbPolyline
 90
2
 70
0
 10
634870.466991736
 20
4837566.066789601
 10
634802.1955495233
 20
4837776.232975255
  0
LWPOLYLINE
  5
2C4
330
17
100
AcDbEntity
  8
ROADS
100
AcDbPolyline
 90
2
 70
0
 10
634957.5618679533
 20
4837594.740230605
 10
634889.4534575972
 20
4837804.129347811
  0
LWPOLYLINE
  5
2C5
330
17
100
AcDbEntity
  8
ROADS
100
AcDbPolyline
 90
2
 70
0
 10
635035.134874954
 20
4837618.054036244
 10
634966.7659643353
 20
4837828.518578065
  0
LWPOLYLINE
  5
2C6
330
17
100
AcDbEntity
  8
ROADS
100
AcDbPolyline
 90
2
 70
0
 10
635084.339116819
 20
4837630.880936556
 10
635010.3413587394
 20
4837861.105396581
  0
LWPOLYLINE
  5
2C7
330
17
100
AcDbEntity
  8
ROADS
100
AcDbPolyline
 90
2
 70
0
 10
634760.3507984884
 20
4837763.084127954
 10
634802.1955495233
 20
4837776.232975255
  0
LWPOLYLINE
  5
2C8
330
17
100
AcDbEntity
  8
ROADS
100
AcDbPolyline
 90
2
 70
0
 10
634802.1955495233
 20
4837776.232975255
 10
634889.4534575972
 20
4837804.129347811
  0
LWPOLYLINE
  5
2C9
330
17
100
AcDbEntity
  8
ROADS
100
AcDbPolyline
 90
2
 70
0
 10
634889.4534575972
 20
4837804.129347811
 10
634966.7659643353
 20
4837828.518578065
  0
LWPOLYLINE
  5
2CA
330
17
100
AcDbEntity
  8
ROADS
100
AcDbPolyline
 90
2
 70
0
 10
635149.6867236488
 20
4837651.561449302
 10
635041.6358526135
 20
4837986.469047054
  0
LWPOLYLINE
  5
2CB
330
17
100
AcDbEntity
  8
ROADS
100
AcDbPolyline
 90
2
 70
0
 10
635195.5981921997
 20
4837666.9600327555
 10
635088.581737839
 20
4838001.184320795
  0
LWPOLYLINE
  5
2CC
330
17
100
AcDbEntity
  8
ROADS
100
AcDbPolyline
 90
2
 70
0
 10
634966.7659643353
 20
4837828.518578065
 10
634961.3669631286
 20
4837845.9114202615
  0
LWPOLYLINE
  5
2CD
330
17
100
AcDbEntity
  8
ROADS
100
AcDbPolyline
 90
2
 70
0
 10
634404.3952763198
 20
4837724.908721219
 10
634448.4932114069
 20
4837738.221311394
  0
LWPOLYLINE
  5
2CE
330
17
100
AcDbEntity
  8
ROADS
100
AcDbPolyline
 90
2
 70
0
 10
634542.9793279052
 20
4837727.427118473
 10
634613.8503289965
 20
4837739.423774954
  0
LWPOLYLINE
  5
2CF
330
17
100
AcDbEntity
  8
ROADS
100
AcDbPolyline
 90
2
 70
0
 10
634613.8503289965
 20
4837739.423774954
 10
634664.0935841831
 20
4837734.611482016
  0
LWPOLYLINE
  5
2D0
330
17
100
AcDbEntity
  8
ROADS
100
AcDbPolyline
 90
2
 70
0
 10
634664.0935841831
 20
4837734.611482016
 10
634714.7047522136
 20
4837748.496418701
  0
LWPOLYLINE
  5
2D1
330
17
100
AcDbEntity
  8
ROADS
100
AcDbPolyline
 90
2
 70
0
 10
634404.3952763198
 20
4837724.908721219
 10
634387.5814104278
 20
4837777.466039217
  0
LWPOLYLINE
  5
2D2
330
17
100
AcDbEntity
  8
ROADS
100
AcDbPolyline
 90
2
 70
0
 10
634714.7047522136
 20
4837748.496418701
 10
634760.3507984884
 20
4837763.084127954
  0
LWPOLYLINE
  5
2D3
330
17
100
AcDbEntity
  8
ROADS
100
AcDbPolyline
 90
2
 70
0
 10
634387.5814104278
 20
4837777.466039217
 10
634398.095013635
 20
4837793.40650148
  0
LWPOLYLINE
  5
2D4
330
17
100
AcDbEntity
  8
ROADS
100
AcDbPolyline
 90
2
 70
0
 10
634448.4932114069
 20
4837738.221311394
 10
634414.5746523655
 20
4837845.701892905
  0
LWPOLYLINE
  5
2D5
330
17
100
AcDbEntity
  8
ROADS
100
AcDbPolyline
 90
2
 70
0
 10
634664.0935841831
 20
4837734.611482016
 10
634623.994175343
 20
4837865.22280088
  0
LWPOLYLINE
  5
2D6
330
17
100
AcDbEntity
  8
ROADS
100
AcDbPolyline
 90
2
 70
0
 10
634542.9793279052
 20
4837727.427118473
 10
634497.3668235352
 20
4837872.672414093
  0
LWPOLYLINE
  5
2D7
330
17
100
AcDbEntity
  8
ROADS
100
AcDbPolyline
 90
2
 70
0
 10
634020.6828742437
 20
4837721.513293172
 10
634177.7875971041
 20
4837771.238529121
  0
LWPOLYLINE
  5
2D8
330
17
100
AcDbEntity
  8
ROADS
100
AcDbPolyline
 90
2
 70
0
 10
634177.7875971041
 20
4837771.238529121
 10
634216.4994185781
 20
4837783.535627979
  0
LWPOLYLINE
  5
2D9
330
17
100
AcDbEntity
  8
ROADS
100
AcDbPolyline
 90
2
 70
0
 10
634006.6334341355
 20
4837766.263901677
 10
633991.5980933737
 20
4837813.934917159
  0
LWPOLYLINE
  5
2DA
330
17
100
AcDbEntity
  8
ROADS
100
AcDbPolyline
 90
2
 70
0
 10
634006.6334341355
 20
4837766.263901677
 10
634201.8496820618
 20
4837828.188396024
  0
LWPOLYLINE
  5
2DB
330
17
100
AcDbEntity
  8
ROADS
100
AcDbPolyline
 90
2
 70
0
 10
634216.4994185781
 20
4837783.535627979
 10
634201.8496820618
 20
4837828.188396024
  0
LWPOLYLINE
  5
2DC
330
17
100
AcDbEntity
  8
ROADS
100
AcDbPolyline
 90
2
 70
0
 10
634216.4994185781
 20
4837783.535627979
 10
634414.5746523655
 20
4837845.701892905
  0
LWPOLYLINE
  5
2DD
330
17
100
AcDbEntity
  8
ROADS
100
AcDbPolyline
 90
2
 70
0
 10
634201.8496820618
 20
4837828.188396024
 10
634235.5490512849
 20
4837839.215748838
  0
LWPOLYLINE
  5
2DE
330
17
100
AcDbEntity
  8
ROADS
100
AcDbPolyline
 90
2
 70
0
 10
633991.5980933737
 20
4837813.934917159
 10
634188.0383543605
 20
4837872.103261505
  0
LWPOLYLINE
  5
2DF
330
17
100
AcDbEntity
  8
ROADS
100
AcDbPolyline
 90
2
 70
0
 10
634201.8496820618
 20
4837828.188396024
 10
634188.0383543605
 20
4837872.103261505
  0
LWPOLYLINE
  5
2E0
330
17
100
AcDbEntity
  8
ROADS
100
AcDbPolyline
 90
2
 70
0
 10
633991.5980933737
 20
4837813.934917159
 10
633959.7271681908
 20
4837907.788256293
  0
LWPOLYLINE
  5
2E1
330
17
100
AcDbEntity
  8
ROADS
100
AcDbPolyline
 90
2
 70
0
 10
634714.7047522136
 20
4837748.496418701
 10
634672.2315220003
 20
4837880.634454594
  0
LWPOLYLINE
  5
2E2
330
17
100
AcDbEntity
  8
ROADS
100
AcDbPolyline
 90
3
 70
0
 10
634672.2315220003
 20
4837880.634454594
 10
634717.1880578238
 20
4837895.467731257
 10
634760.3507984884
 20
4837763.084127954
  0
LWPOLYLINE
  5
2E3
330
17
100
AcDbEntity
  8
ROADS
100
AcDbPolyline
 90
2
 70
0
 10
634414.5746523655
 20
4837845.701892905
 10
634497.3668235352
 20
4837872.672414093
  0
LWPOLYLINE
  5
2E4
330
17
100
AcDbEntity
  8
ROADS
100
AcDbPolyline
 90
2
 70
0
 10
634414.5746523655
 20
4837845.701892905
 10
634400.3418059666
 20
4837889.311137075
  0
LWPOLYLINE
  5
2E5
330
17
100
AcDbEntity
  8
ROADS
100
AcDbPolyline
 90
2
 70
0
 10
634623.994175343
 20
4837865.22280088
 10
634672.2315220003
 20
4837880.634454594
  0
LWPOLYLINE
  5
2E6
330
17
100
AcDbEntity
  8
ROADS
100
AcDbPolyline
 90
2
 70
0
 10
634623.994175343
 20
4837865.22280088
 10
634609.6054941847
 20
4837908.379215274
  0
LWPOLYLINE
  5
2E7
330
17
100
AcDbEntity
  8
ROADS
100
AcDbPolyline
 90
2
 70
0
 10
634497.3668235352
 20
4837872.672414093
 10
634609.6054941847
 20
4837908.379215274
  0
LWPOLYLINE
  5
2E8
330
17
100
AcDbEntity
  8
ROADS
100
AcDbPolyline
 90
2
 70
0
 10
634672.2315220003
 20
4837880.634454594
 10
634658.2026280572
 20
4837923.859387038
  0
LWPOLYLINE
  5
2E9
330
17
100
AcDbEntity
  8
ROADS
100
AcDbPolyline
 90
2
 70
0
 10
634609.6054941847
 20
4837908.379215274
 10
634623.1923749953
 20
4837912.817304217
  0
LWPOLYLINE
  5
2EA
330
17
100
AcDbEntity
  8
ROADS
100
AcDbPolyline
 90
2
 70
0
 10
634400.3418059666
 20
4837889.311137075
 10
634385.1787149858
 20
4837935.638781053
  0
LWPOLYLINE
  5
2EB
330
17
100
AcDbEntity
  8
ROADS
100
AcDbPolyline
 90
2
 70
0
 10
633241.3423902433
 20
4837580.3522038665
 10
633290.3042539251
 20
4837594.732775743
  0
LWPOLYLINE
  5
2EC
330
17
100
AcDbEntity
  8
ROADS
100
AcDbPolyline
 90
3
 70
0
 10
633398.5300188636
 20
4837593.456816735
 10
633347.534261414
 20
4837579.060458769
 10
633341.1839392792
 20
4837608.7450039005
  0
LWPOLYLINE
  5
2ED
330
17
100
AcDbEntity
  8
ROADS
100
AcDbPolyline
 90
2
 70
0
 10
633290.3042539251
 20
4837594.732775743
 10
633341.1839392792
 20
4837608.7450039005
  0
LWPOLYLINE
  5
2EE
330
17
100
AcDbEntity
  8
ROADS
100
AcDbPolyline
 90
2
 70
0
 10
633398.5300188636
 20
4837593.456816735
 10
633388.2486477288
 20
4837627.052591718
  0
LWPOLYLINE
  5
2EF
330
17
100
AcDbEntity
  8
ROADS
100
AcDbPolyline
 90
2
 70
0
 10
633190.1661201967
 20
4837570.297936569
 10
633150.9240685372
 20
4837706.325134947
  0
LWPOLYLINE
  5
2F0
330
17
100
AcDbEntity
  8
ROADS
100
AcDbPolyline
 90
2
 70
0
 10
633388.2486477288
 20
4837627.052591718
 10
633484.3601015096
 20
4837656.708064001
  0
LWPOLYLINE
  5
2F1
330
17
100
AcDbEntity
  8
ROADS
100
AcDbPolyline
 90
2
 70
0
 10
633241.3423902433
 20
4837580.3522038665
 10
633203.6266454584
 20
4837710.009515203
  0
LWPOLYLINE
  5
2F2
330
17
100
AcDbEntity
  8
ROADS
100
AcDbPolyline
 90
2
 70
0
 10
633388.2486477288
 20
4837627.052591718
 10
633364.4981319963
 20
4837710.584800568
  0
LWPOLYLINE
  5
2F3
330
17
100
AcDbEntity
  8
ROADS
100
AcDbPolyline
 90
2
 70
0
 10
633341.1839392792
 20
4837608.7450039005
 10
633303.2765646398
 20
4837737.826839285
  0
LWPOLYLINE
  5
2F4
330
17
100
AcDbEntity
  8
ROADS
100
AcDbPolyline
 90
2
 70
0
 10
633290.3042539251
 20
4837594.732775743
 10
633241.0936958275
 20
4837763.699373789
  0
LWPOLYLINE
  5
2F5
330
17
100
AcDbEntity
  8
ROADS
100
AcDbPolyline
 90
3
 70
0
 10
633741.7432533456
 20
4837687.465605048
 10
633696.9043206183
 20
4837671.140902747
 10
633682.988265631
 20
4837718.139064858
  0
LWPOLYLINE
  5
2F6
330
17
100
AcDbEntity
  8
ROADS
100
AcDbPolyline
 90
3
 70
0
 10
633648.6542419994
 20
4837659.205373775
 10
633593.1104024467
 20
4837644.514724159
 10
633557.8806117638
 20
4837766.385491783
  0
LWPOLYLINE
  5
2F7
330
17
100
AcDbEntity
  8
ROADS
100
AcDbPolyline
 90
2
 70
0
 10
633635.8642175886
 20
4837703.331659835
 10
633682.988265631
 20
4837718.139064858
  0
LWPOLYLINE
  5
2F8
330
17
100
AcDbEntity
  8
ROADS
100
AcDbPolyline
 90
2
 70
0
 10
633741.7432533456
 20
4837687.465605048
 10
633728.1372367431
 20
4837734.379872817
  0
LWPOLYLINE
  5
2F9
330
17
100
AcDbEntity
  8
ROADS
100
AcDbPolyline
 90
2
 70
0
 10
633682.988265631
 20
4837718.139064858
 10
633728.1372367431
 20
4837734.379872817
  0
LWPOLYLINE
  5
2FA
330
17
100
AcDbEntity
  8
ROADS
100
AcDbPolyline
 90
2
 70
0
 10
633836.9125185134
 20
4837715.335439499
 10
633823.5331549463
 20
4837765.172557313
  0
LWPOLYLINE
  5
2FB
330
17
100
AcDbEntity
  8
ROADS
100
AcDbPolyline
 90
2
 70
0
 10
633836.9125185134
 20
4837715.335439499
 10
634006.6334341355
 20
4837766.263901677
  0
LWPOLYLINE
  5
2FC
330
17
100
AcDbEntity
  8
ROADS
100
AcDbPolyline
 90
2
 70
0
 10
633635.8642175886
 20
4837703.331659835
 10
633613.9646719868
 20
4837781.286946857
  0
LWPOLYLINE
  5
2FD
330
17
100
AcDbEntity
  8
ROADS
100
AcDbPolyline
 90
2
 70
0
 10
633682.988265631
 20
4837718.139064858
 10
633660.8357591353
 20
4837795.537742055
  0
LWPOLYLINE
  5
2FE
330
17
100
AcDbEntity
  8
ROADS
100
AcDbPolyline
 90
3
 70
0
 10
633741.7432533456
 20
4837687.465605048
 10
633788.3789781881
 20
4837705.247924176
 10
633748.8091876786
 20
4837843.132575252
  0
LWPOLYLINE
  5
2FF
330
17
100
AcDbEntity
  8
ROADS
100
AcDbPolyline
 90
2
 70
0
 10
633364.4981319963
 20
4837710.584800568
 10
633430.4384372716
 20
4837730.159857887
  0
LWPOLYLINE
  5
300
330
17
100
AcDbEntity
  8
ROADS
100
AcDbPolyline
 90
2
 70
0
 10
633150.9240685372
 20
4837706.325134947
 10
633142.7421986706
 20
4837735.478495784
  0
LWPOLYLINE
  5
301
330
17
100
AcDbEntity
  8
ROADS
100
AcDbPolyline
 90
2
 70
0
 10
633430.4384372716
 20
4837730.159857887
 10
633461.4018441646
 20
4837739.067527745
  0
LWPOLYLINE
  5
302
330
17
100
AcDbEntity
  8
ROADS
100
AcDbPolyline
 90
2
 70
0
 10
633142.7421986706
 20
4837735.478495784
 10
633241.0936958275
 20
4837763.699373789
  0
LWPOLYLINE
  5
303
330
17
100
AcDbEntity
  8
ROADS
100
AcDbPolyline
 90
2
 70
0
 10
633556.8169624388
 20
4837586.258677444
 10
633453.4769051255
 20
4837946.331923829
  0
LWPOLYLINE
  5
304
330
17
100
AcDbEntity
  8
ROADS
100
AcDbPolyline
 90
2
 70
0
 10
633364.4981319963
 20
4837710.584800568
 10
633308.6630116403
 20
4837903.768558961
  0
LWPOLYLINE
  5
305
330
17
100
AcDbEntity
  8
ROADS
100
AcDbPolyline
 90
2
 70
0
 10
633557.8806117638
 20
4837766.385491783
 10
633525.5841841614
 20
4837878.404487129
  0
LWPOLYLINE
  5
306
330
17
100
AcDbEntity
  8
ROADS
100
AcDbPolyline
 90
2
 70
0
 10
633430.4384372716
 20
4837730.159857887
 10
633374.5431000342
 20
4837923.243554221
  0
LWPOLYLINE
  5
307
330
17
100
AcDbEntity
  8
ROADS
100
AcDbPolyline
 90
2
 70
0
 10
633241.0936958275
 20
4837763.699373789
 10
633203.3272974779
 20
4837895.876950898
  0
LWPOLYLINE
  5
308
330
17
100
AcDbEntity
  8
ROADS
100
AcDbPolyline
 90
2
 70
0
 10
633203.3272974779
 20
4837895.876950898
 10
633304.1446053485
 20
4837922.018307972
  0
LWPOLYLINE
  5
309
330
17
100
AcDbEntity
  8
ROADS
100
AcDbPolyline
 90
2
 70
0
 10
633557.8806117638
 20
4837766.385491783
 10
633613.9646719868
 20
4837781.286946857
  0
LWPOLYLINE
  5
30A
330
17
100
AcDbEntity
  8
ROADS
100
AcDbPolyline
 90
2
 70
0
 10
633728.1372367431
 20
4837734.379872817
 10
633701.6581878822
 20
4837827.658608211
  0
LWPOLYLINE
  5
30B
330
17
100
AcDbEntity
  8
ROADS
100
AcDbPolyline
 90
2
 70
0
 10
633613.9646719868
 20
4837781.286946857
 10
633660.8357591353
 20
4837795.537742055
  0
LWPOLYLINE
  5
30C
330
17
100
AcDbEntity
  8
ROADS
100
AcDbPolyline
 90
2
 70
0
 10
633823.5331549463
 20
4837765.172557313
 10
633991.5980933737
 20
4837813.934917159
  0
LWPOLYLINE
  5
30D
330
17
100
AcDbEntity
  8
ROADS
100
AcDbPolyline
 90
2
 70
0
 10
633823.5331549463
 20
4837765.172557313
 10
633796.3758460128
 20
4837857.189947911
  0
LWPOLYLINE
  5
30E
330
17
100
AcDbEntity
  8
ROADS
100
AcDbPolyline
 90
2
 70
0
 10
633874.3893754152
 20
4837832.132743744
 10
633850.0358910363
 20
4837825.026739846
  0
LWPOLYLINE
  5
30F
330
17
100
AcDbEntity
  8
ROADS
100
AcDbPolyline
 90
2
 70
0
 10
633701.6581878822
 20
4837827.658608211
 10
633748.8091876786
 20
4837843.132575252
  0
LWPOLYLINE
  5
310
330
17
100
AcDbEntity
  8
ROADS
100
AcDbPolyline
 90
2
 70
0
 10
633874.3893754152
 20
4837832.132743744
 10
633898.6401608463
 20
4837839.4429081185
  0
LWPOLYLINE
  5
311
330
17
100
AcDbEntity
  8
ROADS
100
AcDbPolyline
 90
2
 70
0
 10
633748.8091876786
 20
4837843.132575252
 10
633796.3758460128
 20
4837857.189947911
  0
LWPOLYLINE
  5
312
330
17
100
AcDbEntity
  8
ROADS
100
AcDbPolyline
 90
2
 70
0
 10
633860.3170651101
 20
4837879.032090571
 10
633874.3893754152
 20
4837832.132743744
  0
LWPOLYLINE
  5
313
330
17
100
AcDbEntity
  8
ROADS
100
AcDbPolyline
 90
2
 70
0
 10
633796.3758460128
 20
4837857.189947911
 10
633860.3170651101
 20
4837879.032090571
  0
LWPOLYLINE
  5
314
330
17
100
AcDbEntity
  8
ROADS
100
AcDbPolyline
 90
2
 70
0
 10
633613.9646719868
 20
4837781.286946857
 10
633556.7288767153
 20
4837976.819697113
  0
LWPOLYLINE
  5
315
330
17
100
AcDbEntity
  8
ROADS
100
AcDbPolyline
 90
2
 70
0
 10
633860.3170651101
 20
4837879.032090571
 10
633917.1434434766
 20
4837895.470127796
  0
LWPOLYLINE
  5
316
330
17
100
AcDbEntity
  8
ROADS
100
AcDbPolyline
 90
2
 70
0
 10
633660.8357591353
 20
4837795.537742055
 10
633605.078038454
 20
4837990.906235165
  0
LWPOLYLINE
  5
317
330
17
100
AcDbEntity
  8
ROADS
100
AcDbPolyline
 90
2
 70
0
 10
633917.1434434766
 20
4837895.470127796
 10
633959.7271681908
 20
4837907.788256293
  0
LWPOLYLINE
  5
318
330
17
100
AcDbEntity
  8
ROADS
100
AcDbPolyline
 90
2
 70
0
 10
633796.3758460128
 20
4837857.189947911
 10
633769.2396536174
 20
4837949.1997052645
  0
LWPOLYLINE
  5
319
330
17
100
AcDbEntity
  8
ROADS
100
AcDbPolyline
 90
2
 70
0
 10
633917.1434434766
 20
4837895.470127796
 10
633905.35434952
 20
4837937.8884024555
  0
LWPOLYLINE
  5
31A
330
17
100
AcDbEntity
  8
ROADS
100
AcDbPolyline
 90
2
 70
0
 10
633905.35434952
 20
4837937.8884024555
 10
633827.9109903821
 20
4837913.780876641
  0
LWPOLYLINE
  5
31B
330
17
100
AcDbEntity
  8
ROADS
100
AcDbPolyline
 90
2
 70
0
 10
633748.8091876786
 20
4837843.132575252
 10
633695.9620186593
 20
4838027.090821754
  0
LWPOLYLINE
  5
31C
330
17
100
AcDbEntity
  8
ROADS
100
AcDbPolyline
 90
2
 70
0
 10
633959.7271681908
 20
4837907.788256293
 10
633928.8149599722
 20
4837998.342645757
  0
LWPOLYLINE
  5
31D
330
17
100
AcDbEntity
  8
ROADS
100
AcDbPolyline
 90
2
 70
0
 10
633308.6630116403
 20
4837903.768558961
 10
633304.1446053485
 20
4837922.018307972
  0
LWPOLYLINE
  5
31E
330
17
100
AcDbEntity
  8
ROADS
100
AcDbPolyline
 90
2
 70
0
 10
633308.6630116403
 20
4837903.768558961
 10
633374.5431000342
 20
4837923.243554221
  0
LWPOLYLINE
  5
31F
330
17
100
AcDbEntity
  8
ROADS
100
AcDbPolyline
 90
2
 70
0
 10
633203.3272974779
 20
4837895.876950898
 10
633189.1119222244
 20
4837945.710848132
  0
LWPOLYLINE
  5
320
330
17
100
AcDbEntity
  8
ROADS
100
AcDbPolyline
 90
2
 70
0
 10
633374.5431000342
 20
4837923.243554221
 10
633453.4769051255
 20
4837946.331923829
  0
LWPOLYLINE
  5
321
330
17
100
AcDbEntity
  8
ROADS
100
AcDbPolyline
 90
2
 70
0
 10
633453.4769051255
 20
4837946.331923829
 10
633496.4975444665
 20
4837958.763953542
  0
LWPOLYLINE
  5
322
330
17
100
AcDbEntity
  8
ROADS
100
AcDbPolyline
 90
2
 70
0
 10
633496.4975444665
 20
4837958.763953542
 10
633556.7288767153
 20
4837976.819697113
  0
LWPOLYLINE
  5
323
330
17
100
AcDbEntity
  8
ROADS
100
AcDbPolyline
 90
2
 70
0
 10
633304.1446053485
 20
4837922.018307972
 10
633276.1706826302
 20
4838015.392883883
  0
LWPOLYLINE
  5
324
330
17
100
AcDbEntity
  8
ROADS
100
AcDbPolyline
 90
2
 70
0
 10
633496.4975444665
 20
4837958.763953542
 10
633483.0755334871
 20
4838006.700086807
  0
LWPOLYLINE
  5
325
330
17
100
AcDbEntity
  8
ROADS
100
AcDbPolyline
 90
2
 70
0
 10
633079.0172574845
 20
4837955.989608879
 10
633276.1706826302
 20
4838015.392883883
  0
LWPOLYLINE
  5
326
330
17
100
AcDbEntity
  8
ROADS
100
AcDbPolyline
 90
2
 70
0
 10
633374.5431000342
 20
4837923.243554221
 10
633328.7552461764
 20
4838077.910902358
  0
LWPOLYLINE
  5
327
330
17
100
AcDbEntity
  8
ROADS
100
AcDbPolyline
 90
2
 70
0
 10
633905.35434952
 20
4837937.8884024555
 10
633891.0793165461
 20
4837989.249448799
  0
LWPOLYLINE
  5
328
330
17
100
AcDbEntity
  8
ROADS
100
AcDbPolyline
 90
2
 70
0
 10
633769.2396536174
 20
4837949.1997052645
 10
633891.0793165461
 20
4837989.249448799
  0
LWPOLYLINE
  5
329
330
17
100
AcDbEntity
  8
ROADS
100
AcDbPolyline
 90
2
 70
0
 10
633556.7288767153
 20
4837976.819697113
 10
633605.078038454
 20
4837990.906235165
  0
LWPOLYLINE
  5
32A
330
17
100
AcDbEntity
  8
ROADS
100
AcDbPolyline
 90
2
 70
0
 10
633701.6581878822
 20
4837827.658608211
 10
633606.6826920881
 20
4838158.471845679
  0
LWPOLYLINE
  5
32B
330
17
100
AcDbEntity
  8
ROADS
100
AcDbPolyline
 90
2
 70
0
 10
633891.0793165461
 20
4837989.249448799
 10
633928.8149599722
 20
4837998.342645757
  0
LWPOLYLINE
  5
32C
330
17
100
AcDbEntity
  8
ROADS
100
AcDbPolyline
 90
2
 70
0
 10
633769.2396536174
 20
4837949.1997052645
 10
633741.9208557592
 20
4838041.683184294
  0
LWPOLYLINE
  5
32D
330
17
100
AcDbEntity
  8
ROADS
100
AcDbPolyline
 90
2
 70
0
 10
633741.9208557592
 20
4838041.683184294
 10
633695.9620186593
 20
4838027.090821754
  0
LWPOLYLINE
  5
32E
330
17
100
AcDbEntity
  8
ROADS
100
AcDbPolyline
 90
2
 70
0
 10
633928.8149599722
 20
4837998.342645757
 10
633902.713828631
 20
4838085.208726496
  0
LWPOLYLINE
  5
32F
330
17
100
AcDbEntity
  8
ROADS
100
AcDbPolyline
 90
2
 70
0
 10
633695.9620186593
 20
4838027.090821754
 10
633682.7537174318
 20
4838072.333626974
  0
LWPOLYLINE
  5
330
330
17
100
AcDbEntity
  8
ROADS
100
AcDbPolyline
 90
2
 70
0
 10
633741.9208557592
 20
4838041.683184294
 10
633902.713828631
 20
4838085.208726496
  0
LWPOLYLINE
  5
331
330
17
100
AcDbEntity
  8
ROADS
100
AcDbPolyline
 90
2
 70
0
 10
634400.3418059666
 20
4837889.311137075
 10
634319.021795245
 20
4837865.823532504
  0
LWPOLYLINE
  5
332
330
17
100
AcDbEntity
  8
ROADS
100
AcDbPolyline
 90
2
 70
0
 10
634188.0383543605
 20
4837872.103261505
 10
634385.1787149858
 20
4837935.638781053
  0
LWPOLYLINE
  5
333
330
17
100
AcDbEntity
  8
ROADS
100
AcDbPolyline
 90
2
 70
0
 10
634385.1787149858
 20
4837935.638781053
 10
634325.6722111017
 20
4838118.249814696
  0
LWPOLYLINE
  5
334
330
17
100
AcDbEntity
  8
ROADS
100
AcDbPolyline
 90
2
 70
0
 10
633928.8149599722
 20
4837998.342645757
 10
634129.1015065203
 20
4838056.6196580455
  0
LWPOLYLINE
  5
335
330
17
100
AcDbEntity
  8
ROADS
100
AcDbPolyline
 90
2
 70
0
 10
634141.9088105223
 20
4838015.74390095
 10
634129.1015065203
 20
4838056.6196580455
  0
LWPOLYLINE
  5
336
330
17
100
AcDbEntity
  8
ROADS
100
AcDbPolyline
 90
2
 70
0
 10
634129.1015065203
 20
4838056.6196580455
 10
634325.6722111017
 20
4838118.249814696
  0
LWPOLYLINE
  5
337
330
17
100
AcDbEntity
  8
ROADS
100
AcDbPolyline
 90
2
 70
0
 10
634129.1015065203
 20
4838056.6196580455
 10
634101.7295004394
 20
4838143.747823757
  0
LWPOLYLINE
  5
338
330
17
100
AcDbEntity
  8
ROADS
100
AcDbPolyline
 90
2
 70
0
 10
633996.0056107435
 20
4838111.411094453
 10
634067.998590227
 20
4838134.355008812
  0
LWPOLYLINE
  5
339
330
17
100
AcDbEntity
  8
ROADS
100
AcDbPolyline
 90
2
 70
0
 10
634325.6722111017
 20
4838118.249814696
 10
634367.9255464458
 20
4838128.599846368
  0
LWPOLYLINE
  5
33A
330
17
100
AcDbEntity
  8
ROADS
100
AcDbPolyline
 90
2
 70
0
 10
634067.998590227
 20
4838134.355008812
 10
634101.7295004394
 20
4838143.747823757
  0
LWPOLYLINE
  5
33B
330
17
100
AcDbEntity
  8
ROADS
100
AcDbPolyline
 90
2
 70
0
 10
633453.4769051255
 20
4837946.331923829
 10
633408.1175885191
 20
4838101.302080135
  0
LWPOLYLINE
  5
33C
330
17
100
AcDbEntity
  8
ROADS
100
AcDbPolyline
 90
2
 70
0
 10
633276.1706826302
 20
4838015.392883883
 10
633262.2526402939
 20
4838059.0156671805
  0
LWPOLYLINE
  5
33D
330
17
100
AcDbEntity
  8
ROADS
100
AcDbPolyline
 90
2
 70
0
 10
633556.7288767153
 20
4837976.819697113
 10
633512.7455945201
 20
4838131.350248069
  0
LWPOLYLINE
  5
33E
330
17
100
AcDbEntity
  8
ROADS
100
AcDbPolyline
 90
3
 70
0
 10
633201.8838614182
 20
4838094.787738848
 10
633215.7910278713
 20
4838047.066440505
 10
633118.8529638639
 20
4838018.553020086
  0
LWPOLYLINE
  5
33F
330
17
100
AcDbEntity
  8
ROADS
100
AcDbPolyline
 90
2
 70
0
 10
633262.2526402939
 20
4838059.0156671805
 10
633307.8480059776
 20
4838071.97031136
  0
LWPOLYLINE
  5
340
330
17
100
AcDbEntity
  8
ROADS
100
AcDbPolyline
 90
2
 70
0
 10
633307.8480059776
 20
4838071.97031136
 10
633328.7552461764
 20
4838077.910902358
  0
LWPOLYLINE
  5
341
330
17
100
AcDbEntity
  8
ROADS
100
AcDbPolyline
 90
2
 70
0
 10
633262.2526402939
 20
4838059.0156671805
 10
633247.3482446751
 20
4838107.685012241
  0
LWPOLYLINE
  5
342
330
17
100
AcDbEntity
  8
ROADS
100
AcDbPolyline
 90
2
 70
0
 10
633328.7552461764
 20
4838077.910902358
 10
633408.1175885191
 20
4838101.302080135
  0
LWPOLYLINE
  5
343
330
17
100
AcDbEntity
  8
ROADS
100
AcDbPolyline
 90
2
 70
0
 10
633307.8480059776
 20
4838071.97031136
 10
633294.3609408402
 20
4838117.53104635
  0
LWPOLYLINE
  5
344
330
17
100
AcDbEntity
  8
ROADS
100
AcDbPolyline
 90
2
 70
0
 10
633201.8838614182
 20
4838094.787738848
 10
633247.3482446751
 20
4838107.685012241
  0
LWPOLYLINE
  5
345
330
17
100
AcDbEntity
  8
ROADS
100
AcDbPolyline
 90
2
 70
0
 10
632886.650715366
 20
4838001.126225822
 10
633051.4106134702
 20
4838050.29083524
  0
LWPOLYLINE
  5
346
330
17
100
AcDbEntity
  8
ROADS
100
AcDbPolyline
 90
2
 70
0
 10
632886.650715366
 20
4838001.126225822
 10
632880.2320475195
 20
4838022.768226261
  0
LWPOLYLINE
  5
347
330
17
100
AcDbEntity
  8
ROADS
100
AcDbPolyline
 90
2
 70
0
 10
633051.4106134702
 20
4838050.29083524
 10
633201.8838614182
 20
4838094.787738848
  0
LWPOLYLINE
  5
348
330
17
100
AcDbEntity
  8
ROADS
100
AcDbPolyline
 90
2
 70
0
 10
633051.4106134702
 20
4838050.29083524
 10
633024.8229009958
 20
4838137.410904428
  0
LWPOLYLINE
  5
349
330
17
100
AcDbEntity
  8
ROADS
100
AcDbPolyline
 90
3
 70
0
 10
633024.8229009958
 20
4838137.410904428
 10
632948.8195253932
 20
4838118.077812957
 10
632940.5017533798
 20
4838144.141799033
  0
LWPOLYLINE
  5
34A
330
17
100
AcDbEntity
  8
ROADS
100
AcDbPolyline
 90
2
 70
0
 10
635218.8475897487
 20
4837758.067299979
 10
635194.0517567488
 20
4837835.244507619
  0
LWPOLYLINE
  5
34B
330
17
100
AcDbEntity
  8
ROADS
100
AcDbPolyline
 90
2
 70
0
 10
635429.1790808869
 20
4837778.451759098
 10
635414.4692123425
 20
4837821.173434847
  0
LWPOLYLINE
  5
34C
330
17
100
AcDbEntity
  8
ROADS
100
AcDbPolyline
 90
2
 70
0
 10
635414.4692123425
 20
4837821.173434847
 10
635388.8846743444
 20
4837898.2184082875
  0
LWPOLYLINE
  5
34D
330
17
100
AcDbEntity
  8
ROADS
100
AcDbPolyline
 90
2
 70
0
 10
635595.9502550638
 20
4837793.951054554
 10
635549.3264173876
 20
4837933.616024249
  0
LWPOLYLINE
  5
34E
330
17
100
AcDbEntity
  8
ROADS
100
AcDbPolyline
 90
4
 70
0
 10
635376.0096886109
 20
4837937.083924409
 10
635417.4784983626
 20
4837949.73397436
 10
635469.2077128094
 20
4837794.202015137
 10
635429.1790808869
 20
4837778.451759098
  0
LWPOLYLINE
  5
34F
330
17
100
AcDbEntity
  8
ROADS
100
AcDbPolyline
 90
2
 70
0
 10
635194.0517567488
 20
4837835.244507619
 10
635388.8846743444
 20
4837898.2184082875
  0
LWPOLYLINE
  5
350
330
17
100
AcDbEntity
  8
ROADS
100
AcDbPolyline
 90
2
 70
0
 10
635194.0517567488
 20
4837835.244507619
 10
635169.3215606381
 20
4837911.998854899
  0
LWPOLYLINE
  5
351
330
17
100
AcDbEntity
  8
ROADS
100
AcDbPolyline
 90
2
 70
0
 10
635518.5578870805
 20
4837768.550256903
 10
635441.648366157
 20
4837999.67740592
  0
LWPOLYLINE
  5
352
330
17
100
AcDbEntity
  8
ROADS
100
AcDbPolyline
 90
2
 70
0
 10
635388.8846743444
 20
4837898.2184082875
 10
635376.0096886109
 20
4837937.083924409
  0
LWPOLYLINE
  5
353
330
17
100
AcDbEntity
  8
ROADS
100
AcDbPolyline
 90
2
 70
0
 10
635514.916659767
 20
4837921.493678691
 10
635549.3264173876
 20
4837933.616024249
  0
LWPOLYLINE
  5
354
330
17
100
AcDbEntity
  8
ROADS
100
AcDbPolyline
 90
2
 70
0
 10
634961.3669631286
 20
4837845.9114202615
 10
635010.3413587394
 20
4837861.105396581
  0
LWPOLYLINE
  5
355
330
17
100
AcDbEntity
  8
ROADS
100
AcDbPolyline
 90
2
 70
0
 10
634802.1955495233
 20
4837776.232975255
 10
634745.4347278075
 20
4837951.742318881
  0
LWPOLYLINE
  5
356
330
17
100
AcDbEntity
  8
ROADS
100
AcDbPolyline
 90
2
 70
0
 10
634889.4534575972
 20
4837804.129347811
 10
634831.4478172072
 20
4837979.234185964
  0
LWPOLYLINE
  5
357
330
17
100
AcDbEntity
  8
ROADS
100
AcDbPolyline
 90
2
 70
0
 10
634961.3669631286
 20
4837845.9114202615
 10
634922.7935428431
 20
4837960.822605315
  0
LWPOLYLINE
  5
358
330
17
100
AcDbEntity
  8
ROADS
100
AcDbPolyline
 90
2
 70
0
 10
635010.3413587394
 20
4837861.105396581
 10
634973.7329958433
 20
4837976.7962011695
  0
LWPOLYLINE
  5
359
330
17
100
AcDbEntity
  8
ROADS
100
AcDbPolyline
 90
2
 70
0
 10
635169.3215606381
 20
4837911.998854899
 10
635135.6739972425
 20
4838016.322281957
  0
LWPOLYLINE
  5
35A
330
17
100
AcDbEntity
  8
ROADS
100
AcDbPolyline
 90
2
 70
0
 10
634745.4347278075
 20
4837951.742318881
 10
634831.4478172072
 20
4837979.234185964
  0
LWPOLYLINE
  5
35B
330
17
100
AcDbEntity
  8
ROADS
100
AcDbPolyline
 90
2
 70
0
 10
634922.7935428431
 20
4837960.822605315
 10
634973.7329958433
 20
4837976.7962011695
  0
LWPOLYLINE
  5
35C
330
17
100
AcDbEntity
  8
ROADS
100
AcDbPolyline
 90
2
 70
0
 10
634998.8043183959
 20
4837998.295447564
 10
635017.1767405687
 20
4837940.188756967
  0
LWPOLYLINE
  5
35D
330
17
100
AcDbEntity
  8
ROADS
100
AcDbPolyline
 90
2
 70
0
 10
634973.7329958433
 20
4837976.7962011695
 10
634970.4796742521
 20
4837988.189335192
  0
LWPOLYLINE
  5
35E
330
17
100
AcDbEntity
  8
ROADS
100
AcDbPolyline
 90
2
 70
0
 10
634623.1923749953
 20
4837912.817304217
 10
634658.2026280572
 20
4837923.859387038
  0
LWPOLYLINE
  5
35F
330
17
100
AcDbEntity
  8
ROADS
100
AcDbPolyline
 90
2
 70
0
 10
634400.3418059666
 20
4837889.311137075
 10
634608.9321626117
 20
4837956.611593543
  0
LWPOLYLINE
  5
360
330
17
100
AcDbEntity
  8
ROADS
100
AcDbPolyline
 90
2
 70
0
 10
634623.1923749953
 20
4837912.817304217
 10
634608.9321626117
 20
4837956.611593543
  0
LWPOLYLINE
  5
361
330
17
100
AcDbEntity
  8
ROADS
100
AcDbPolyline
 90
2
 70
0
 10
634658.2026280572
 20
4837923.859387038
 10
634745.4347278075
 20
4837951.742318881
  0
LWPOLYLINE
  5
362
330
17
100
AcDbEntity
  8
ROADS
100
AcDbPolyline
 90
2
 70
0
 10
634385.1787149858
 20
4837935.638781053
 10
634426.5748485747
 20
4837947.821442089
  0
LWPOLYLINE
  5
363
330
17
100
AcDbEntity
  8
ROADS
100
AcDbPolyline
 90
2
 70
0
 10
634426.5748485747
 20
4837947.821442089
 10
634481.790354638
 20
4837966.019531947
  0
LWPOLYLINE
  5
364
330
17
100
AcDbEntity
  8
ROADS
100
AcDbPolyline
 90
2
 70
0
 10
634608.9321626117
 20
4837956.611593543
 10
634594.1708666114
 20
4838001.34789627
  0
LWPOLYLINE
  5
365
330
17
100
AcDbEntity
  8
ROADS
100
AcDbPolyline
 90
2
 70
0
 10
634481.790354638
 20
4837966.019531947
 10
634594.1708666114
 20
4838001.34789627
  0
LWPOLYLINE
  5
366
330
17
100
AcDbEntity
  8
ROADS
100
AcDbPolyline
 90
2
 70
0
 10
634608.9321626117
 20
4837956.611593543
 10
634817.2172754726
 20
4838022.216467698
  0
LWPOLYLINE
  5
367
330
17
100
AcDbEntity
  8
ROADS
100
AcDbPolyline
 90
2
 70
0
 10
634594.1708666114
 20
4838001.34789627
 10
634801.9774500122
 20
4838068.471769828
  0
LWPOLYLINE
  5
368
330
17
100
AcDbEntity
  8
ROADS
100
AcDbPolyline
 90
2
 70
0
 10
634922.7935428431
 20
4837960.822605315
 10
634908.7317879142
 20
4838005.642108162
  0
LWPOLYLINE
  5
369
330
17
100
AcDbEntity
  8
ROADS
100
AcDbPolyline
 90
2
 70
0
 10
634831.4478172072
 20
4837979.234185964
 10
634908.7317879142
 20
4838005.642108162
  0
LWPOLYLINE
  5
36A
330
17
100
AcDbEntity
  8
ROADS
100
AcDbPolyline
 90
2
 70
0
 10
634970.4796742521
 20
4837988.189335192
 10
634998.8043183959
 20
4837998.295447564
  0
LWPOLYLINE
  5
36B
330
17
100
AcDbEntity
  8
ROADS
100
AcDbPolyline
 90
2
 70
0
 10
635041.6358526135
 20
4837986.469047054
 10
635071.9890207257
 20
4838000.896716504
  0
LWPOLYLINE
  5
36C
330
17
100
AcDbEntity
  8
ROADS
100
AcDbPolyline
 90
2
 70
0
 10
635041.6358526135
 20
4837986.469047054
 10
635034.1516276413
 20
4838009.835689249
  0
LWPOLYLINE
  5
36D
330
17
100
AcDbEntity
  8
ROADS
100
AcDbPolyline
 90
2
 70
0
 10
634831.4478172072
 20
4837979.234185964
 10
634817.2172754726
 20
4838022.216467698
  0
LWPOLYLINE
  5
36E
330
17
100
AcDbEntity
  8
ROADS
100
AcDbPolyline
 90
2
 70
0
 10
635071.9890207257
 20
4838000.896716504
 10
635088.581737839
 20
4838001.184320795
  0
LWPOLYLINE
  5
36F
330
17
100
AcDbEntity
  8
ROADS
100
AcDbPolyline
 90
2
 70
0
 10
634998.8043183959
 20
4837998.295447564
 10
635034.1516276413
 20
4838009.835689249
  0
LWPOLYLINE
  5
370
330
17
100
AcDbEntity
  8
ROADS
100
AcDbPolyline
 90
2
 70
0
 10
634970.4796742521
 20
4837988.189335192
 10
634959.6572014842
 20
4838021.783470583
  0
LWPOLYLINE
  5
371
330
17
100
AcDbEntity
  8
ROADS
100
AcDbPolyline
 90
2
 70
0
 10
635088.581737839
 20
4838001.184320795
 10
635105.7426829318
 20
4838013.138366341
  0
LWPOLYLINE
  5
372
330
17
100
AcDbEntity
  8
ROADS
100
AcDbPolyline
 90
2
 70
0
 10
635071.9890207257
 20
4838000.896716504
 10
635082.1882510514
 20
4838025.56577882
  0
LWPOLYLINE
  5
373
330
17
100
AcDbEntity
  8
ROADS
100
AcDbPolyline
 90
2
 70
0
 10
634908.7317879142
 20
4838005.642108162
 10
634959.6572014842
 20
4838021.783470583
  0
LWPOLYLINE
  5
374
330
17
100
AcDbEntity
  8
ROADS
100
AcDbPolyline
 90
2
 70
0
 10
635105.7426829318
 20
4838013.138366341
 10
635135.6739972425
 20
4838016.322281957
  0
LWPOLYLINE
  5
375
330
17
100
AcDbEntity
  8
ROADS
100
AcDbPolyline
 90
2
 70
0
 10
635071.9890207257
 20
4838000.896716504
 10
635060.7332185665
 20
4838035.032071144
  0
LWPOLYLINE
  5
376
330
17
100
AcDbEntity
  8
ROADS
100
AcDbPolyline
 90
2
 70
0
 10
635105.7426829318
 20
4838013.138366341
 10
635082.1882510514
 20
4838025.56577882
  0
LWPOLYLINE
  5
377
330
17
100
AcDbEntity
  8
ROADS
100
AcDbPolyline
 90
2
 70
0
 10
635034.1516276413
 20
4838009.835689249
 10
635026.0140413992
 20
4838041.126190398
  0
LWPOLYLINE
  5
378
330
17
100
AcDbEntity
  8
ROADS
100
AcDbPolyline
 90
2
 70
0
 10
635105.7426829318
 20
4838013.138366341
 10
635095.4670668223
 20
4838045.931669402
  0
LWPOLYLINE
  5
379
330
17
100
AcDbEntity
  8
ROADS
100
AcDbPolyline
 90
2
 70
0
 10
635082.1882510514
 20
4838025.56577882
 10
635060.7332185665
 20
4838035.032071144
  0
LWPOLYLINE
  5
37A
330
17
100
AcDbEntity
  8
ROADS
100
AcDbPolyline
 90
2
 70
0
 10
634959.6572014842
 20
4838021.783470583
 10
635026.0140413992
 20
4838041.126190398
  0
LWPOLYLINE
  5
37B
330
17
100
AcDbEntity
  8
ROADS
100
AcDbPolyline
 90
2
 70
0
 10
635082.1882510514
 20
4838025.56577882
 10
635095.4670668223
 20
4838045.931669402
  0
LWPOLYLINE
  5
37C
330
17
100
AcDbEntity
  8
ROADS
100
AcDbPolyline
 90
2
 70
0
 10
635169.3215606381
 20
4837911.998854899
 10
635365.7182461848
 20
4837975.102087679
  0
LWPOLYLINE
  5
37D
330
17
100
AcDbEntity
  8
ROADS
100
AcDbPolyline
 90
2
 70
0
 10
635549.3264173876
 20
4837933.616024249
 10
635629.2491907297
 20
4837959.061628279
  0
LWPOLYLINE
  5
37E
330
17
100
AcDbEntity
  8
ROADS
100
AcDbPolyline
 90
2
 70
0
 10
635376.0096886109
 20
4837937.083924409
 10
635365.7182461848
 20
4837975.102087679
  0
LWPOLYLINE
  5
37F
330
17
100
AcDbEntity
  8
ROADS
100
AcDbPolyline
 90
2
 70
0
 10
635365.7182461848
 20
4837975.102087679
 10
635441.648366157
 20
4837999.67740592
  0
LWPOLYLINE
  5
380
330
17
100
AcDbEntity
  8
ROADS
100
AcDbPolyline
 90
2
 70
0
 10
635441.648366157
 20
4837999.67740592
 10
635481.1969193525
 20
4838011.945704966
  0
LWPOLYLINE
  5
381
330
17
100
AcDbEntity
  8
ROADS
100
AcDbPolyline
 90
2
 70
0
 10
635613.544402015
 20
4838011.504175316
 10
635598.9680161017
 20
4838051.43303589
  0
LWPOLYLINE
  5
382
330
17
100
AcDbEntity
  8
ROADS
100
AcDbPolyline
 90
2
 70
0
 10
635549.3264173876
 20
4837933.616024249
 10
635480.3892001975
 20
4838140.097205238
  0
LWPOLYLINE
  5
383
330
17
100
AcDbEntity
  8
ROADS
100
AcDbPolyline
 90
2
 70
0
 10
635365.7182461848
 20
4837975.102087679
 10
635314.3176366019
 20
4838133.197136094
  0
LWPOLYLINE
  5
384
330
17
100
AcDbEntity
  8
ROADS
100
AcDbPolyline
 90
2
 70
0
 10
635441.648366157
 20
4837999.67740592
 10
635389.575519569
 20
4838156.675234109
  0
LWPOLYLINE
  5
385
330
17
100
AcDbEntity
  8
ROADS
100
AcDbPolyline
 90
2
 70
0
 10
635118.6246340255
 20
4838069.84152433
 10
635314.3176366019
 20
4838133.197136094
  0
LWPOLYLINE
  5
386
330
17
100
AcDbEntity
  8
ROADS
100
AcDbPolyline
 90
2
 70
0
 10
635060.7332185665
 20
4838035.032071144
 10
635056.119787015
 20
4838050.516459243
  0
LWPOLYLINE
  5
387
330
17
100
AcDbEntity
  8
ROADS
100
AcDbPolyline
 90
2
 70
0
 10
635135.6739972425
 20
4838016.322281957
 10
635118.6246340255
 20
4838069.84152433
  0
LWPOLYLINE
  5
388
330
17
100
AcDbEntity
  8
ROADS
100
AcDbPolyline
 90
2
 70
0
 10
634817.2172754726
 20
4838022.216467698
 10
634801.9774500122
 20
4838068.471769828
  0
LWPOLYLINE
  5
389
330
17
100
AcDbEntity
  8
ROADS
100
AcDbPolyline
 90
2
 70
0
 10
635026.0140413992
 20
4838041.126190398
 10
635056.119787015
 20
4838050.516459243
  0
LWPOLYLINE
  5
38A
330
17
100
AcDbEntity
  8
ROADS
100
AcDbPolyline
 90
2
 70
0
 10
635095.4670668223
 20
4838045.931669402
 10
635090.7384488863
 20
4838061.370471893
  0
LWPOLYLINE
  5
38B
330
17
100
AcDbEntity
  8
ROADS
100
AcDbPolyline
 90
2
 70
0
 10
635056.119787015
 20
4838050.516459243
 10
635090.7384488863
 20
4838061.370471893
  0
LWPOLYLINE
  5
38C
330
17
100
AcDbEntity
  8
ROADS
100
AcDbPolyline
 90
2
 70
0
 10
635090.7384488863
 20
4838061.370471893
 10
635118.6246340255
 20
4838069.84152433
  0
LWPOLYLINE
  5
38D
330
17
100
AcDbEntity
  8
ROADS
100
AcDbPolyline
 90
2
 70
0
 10
634817.2172754726
 20
4838022.216467698
 10
635102.9928892244
 20
4838117.305881536
  0
LWPOLYLINE
  5
38E
330
17
100
AcDbEntity
  8
ROADS
100
AcDbPolyline
 90
2
 70
0
 10
635118.6246340255
 20
4838069.84152433
 10
635102.9928892244
 20
4838117.305881536
  0
LWPOLYLINE
  5
38F
330
17
100
AcDbEntity
  8
ROADS
100
AcDbPolyline
 90
2
 70
0
 10
634801.9774500122
 20
4838068.471769828
 10
634772.3091490106
 20
4838158.311809607
  0
LWPOLYLINE
  5
390
330
17
100
AcDbEntity
  8
ROADS
100
AcDbPolyline
 90
2
 70
0
 10
634426.5748485747
 20
4837947.821442089
 10
634367.9255464458
 20
4838128.599846368
  0
LWPOLYLINE
  5
391
330
17
100
AcDbEntity
  8
ROADS
100
AcDbPolyline
 90
3
 70
0
 10
634594.1708666114
 20
4838001.34789627
 10
634548.2682872859
 20
4838060.386699413
 10
634547.0583444235
 20
4838092.503511968
  0
LWPOLYLINE
  5
392
330
17
100
AcDbEntity
  8
ROADS
100
AcDbPolyline
 90
3
 70
0
 10
634481.790354638
 20
4837966.019531947
 10
634432.4910418857
 20
4838048.30783217
 10
634420.9376984347
 20
4838146.198064212
  0
LWPOLYLINE
  5
393
330
17
100
AcDbEntity
  8
ROADS
100
AcDbPolyline
 90
2
 70
0
 10
634547.0583444235
 20
4838092.503511968
 10
634772.3091490106
 20
4838158.311809607
  0
LWPOLYLINE
  5
394
330
17
100
AcDbEntity
  8
ROADS
100
AcDbPolyline
 90
2
 70
0
 10
634367.9255464458
 20
4838128.599846368
 10
634420.9376984347
 20
4838146.198064212
  0
LWPOLYLINE
  5
395
330
17
100
AcDbEntity
  8
ROADS
100
AcDbPolyline
 90
2
 70
0
 10
634547.0583444235
 20
4838092.503511968
 10
634534.1681174997
 20
4838182.583942766
  0
LWPOLYLINE
  5
396
330
17
100
AcDbEntity
  8
ROADS
100
AcDbPolyline
 90
2
 70
0
 10
634420.9376984347
 20
4838146.198064212
 10
634534.1681174997
 20
4838182.583942766
  0
LWPOLYLINE
  5
397
330
17
100
AcDbEntity
  8
ROADS
100
AcDbPolyline
 90
2
 70
0
 10
634534.1681174997
 20
4838182.583942766
 10
634743.8054945709
 20
4838247.456838672
  0
LWPOLYLINE
  5
398
330
17
100
AcDbEntity
  8
ROADS
100
AcDbPolyline
 90
2
 70
0
 10
634534.1681174997
 20
4838182.583942766
 10
634503.8854984859
 20
4838270.613638869
  0
LWPOLYLINE
  5
399
330
17
100
AcDbEntity
  8
ROADS
100
AcDbPolyline
 90
2
 70
0
 10
634295.6920670986
 20
4838204.597792043
 10
634503.8854984859
 20
4838270.613638869
  0
LWPOLYLINE
  5
39A
330
17
100
AcDbEntity
  8
ROADS
100
AcDbPolyline
 90
2
 70
0
 10
635319.941184455
 20
4838185.224325224
 10
635279.1366402302
 20
4838171.292152794
  0
LWPOLYLINE
  5
39B
330
17
100
AcDbEntity
  8
ROADS
100
AcDbPolyline
 90
2
 70
0
 10
635562.5305081573
 20
4838164.139854973
 10
635548.3480398303
 20
4838207.447120895
  0
LWPOLYLINE
  5
39C
330
17
100
AcDbEntity
  8
ROADS
100
AcDbPolyline
 90
2
 70
0
 10
635089.5376931583
 20
4838158.944100175
 10
635306.1246430061
 20
4838228.04013458
  0
LWPOLYLINE
  5
39D
330
17
100
AcDbEntity
  8
ROADS
100
AcDbPolyline
 90
2
 70
0
 10
635466.807181252
 20
4838180.784093914
 10
635548.3480398303
 20
4838207.447120895
  0
LWPOLYLINE
  5
39E
330
17
100
AcDbEntity
  8
ROADS
100
AcDbPolyline
 90
2
 70
0
 10
635319.941184455
 20
4838185.224325224
 10
635306.1246430061
 20
4838228.04013458
  0
LWPOLYLINE
  5
39F
330
17
100
AcDbEntity
  8
ROADS
100
AcDbPolyline
 90
2
 70
0
 10
635548.3480398303
 20
4838207.447120895
 10
635592.6611085187
 20
4838221.14774221
  0
LWPOLYLINE
  5
3A0
330
17
100
AcDbEntity
  8
ROADS
100
AcDbPolyline
 90
2
 70
0
 10
635319.941184455
 20
4838185.224325224
 10
635577.6179871778
 20
4838267.748730624
  0
LWPOLYLINE
  5
3A1
330
17
100
AcDbEntity
  8
ROADS
100
AcDbPolyline
 90
2
 70
0
 10
635592.6611085187
 20
4838221.14774221
 10
635632.1269552462
 20
4838234.284652546
  0
LWPOLYLINE
  5
3A2
330
17
100
AcDbEntity
  8
ROADS
100
AcDbPolyline
 90
2
 70
0
 10
635592.6611085187
 20
4838221.14774221
 10
635577.6179871778
 20
4838267.748730624
  0
LWPOLYLINE
  5
3A3
330
17
100
AcDbEntity
  8
ROADS
100
AcDbPolyline
 90
2
 70
0
 10
635306.1246430061
 20
4838228.04013458
 10
635563.7549577188
 20
4838310.700740793
  0
LWPOLYLINE
  5
3A4
330
17
100
AcDbEntity
  8
ROADS
100
AcDbPolyline
 90
2
 70
0
 10
634801.9774500122
 20
4838068.471769828
 10
635089.5376931583
 20
4838158.944100175
  0
LWPOLYLINE
  5
3A5
330
17
100
AcDbEntity
  8
ROADS
100
AcDbPolyline
 90
2
 70
0
 10
635102.9928892244
 20
4838117.305881536
 10
635146.1636364624
 20
4838131.402848291
  0
LWPOLYLINE
  5
3A6
330
17
100
AcDbEntity
  8
ROADS
100
AcDbPolyline
 90
2
 70
0
 10
635102.9928892244
 20
4838117.305881536
 10
635089.5376931583
 20
4838158.944100175
  0
LWPOLYLINE
  5
3A7
330
17
100
AcDbEntity
  8
ROADS
100
AcDbPolyline
 90
2
 70
0
 10
634772.3091490106
 20
4838158.311809607
 10
634743.8054945709
 20
4838247.456838672
  0
LWPOLYLINE
  5
3A8
330
17
100
AcDbEntity
  8
ROADS
100
AcDbPolyline
 90
2
 70
0
 10
634772.3091490106
 20
4838158.311809607
 10
635060.2874970925
 20
4838248.611756618
  0
LWPOLYLINE
  5
3A9
330
17
100
AcDbEntity
  8
ROADS
100
AcDbPolyline
 90
2
 70
0
 10
635089.5376931583
 20
4838158.944100175
 10
635060.2874970925
 20
4838248.611756618
  0
LWPOLYLINE
  5
3AA
330
17
100
AcDbEntity
  8
ROADS
100
AcDbPolyline
 90
2
 70
0
 10
635060.2874970925
 20
4838248.611756618
 10
635276.4218212037
 20
4838318.401716934
  0
LWPOLYLINE
  5
3AB
330
17
100
AcDbEntity
  8
ROADS
100
AcDbPolyline
 90
2
 70
0
 10
634743.8054945709
 20
4838247.456838672
 10
635030.9879376979
 20
4838338.574530194
  0
LWPOLYLINE
  5
3AC
330
17
100
AcDbEntity
  8
ROADS
100
AcDbPolyline
 90
2
 70
0
 10
635060.2874970925
 20
4838248.611756618
 10
635030.9879376979
 20
4838338.574530194
  0
LWPOLYLINE
  5
3AD
330
17
100
AcDbEntity
  8
ROADS
100
AcDbPolyline
 90
2
 70
0
 10
635030.9879376979
 20
4838338.574530194
 10
635248.3313563613
 20
4838408.252401184
  0
LWPOLYLINE
  5
3AE
330
17
100
AcDbEntity
  8
ROADS
100
AcDbPolyline
 90
2
 70
0
 10
633150.7591811457
 20
4838289.007618599
 10
633121.6135038662
 20
4838386.118227829
  0
LWPOLYLINE
  5
3AF
330
17
100
AcDbEntity
  8
ROADS
100
AcDbPolyline
 90
2
 70
0
 10
633092.2404490696
 20
4838377.508897439
 10
633121.6135038662
 20
4838386.118227829
  0
LWPOLYLINE
  5
3B0
330
17
100
AcDbEntity
  8
ROADS
100
AcDbPolyline
 90
2
 70
0
 10
633121.6135038662
 20
4838386.118227829
 10
633162.2204539124
 20
4838398.021605604
  0
LWPOLYLINE
  5
3B1
330
17
100
AcDbEntity
  8
ROADS
100
AcDbPolyline
 90
2
 70
0
 10
633121.6135038662
 20
4838386.118227829
 10
633116.4072351394
 20
4838403.516539378
  0
LWPOLYLINE
  5
3B2
330
17
100
AcDbEntity
  8
ROADS
100
AcDbPolyline
 90
2
 70
0
 10
636251.8776885017
 20
4837518.694602954
 10
636306.4025564906
 20
4837536.33417707
  0
LWPOLYLINE
  5
3B3
330
17
100
AcDbEntity
  8
ROADS
100
AcDbPolyline
 90
2
 70
0
 10
635984.9386471622
 20
4837521.813674941
 10
636058.420263604
 20
4837550.22999495
  0
LWPOLYLINE
  5
3B4
330
17
100
AcDbEntity
  8
ROADS
100
AcDbPolyline
 90
2
 70
0
 10
635984.9386471622
 20
4837521.813674941
 10
635959.938605833
 20
4837599.554432714
  0
LWPOLYLINE
  5
3B5
330
17
100
AcDbEntity
  8
ROADS
100
AcDbPolyline
 90
2
 70
0
 10
636306.4025564906
 20
4837536.33417707
 10
636290.8457354237
 20
4837585.629244438
  0
LWPOLYLINE
  5
3B6
330
17
100
AcDbEntity
  8
ROADS
100
AcDbPolyline
 90
2
 70
0
 10
636058.420263604
 20
4837550.22999495
 10
636129.9582859629
 20
4837572.974677343
  0
LWPOLYLINE
  5
3B7
330
17
100
AcDbEntity
  8
ROADS
100
AcDbPolyline
 90
2
 70
0
 10
636251.8776885017
 20
4837518.694602954
 10
636219.9662641608
 20
4837615.44412821
  0
LWPOLYLINE
  5
3B8
330
17
100
AcDbEntity
  8
ROADS
100
AcDbPolyline
 90
2
 70
0
 10
636058.420263604
 20
4837550.22999495
 10
636031.7925481283
 20
4837632.699750713
  0
LWPOLYLINE
  5
3B9
330
17
100
AcDbEntity
  8
ROADS
100
AcDbPolyline
 90
2
 70
0
 10
635959.938605833
 20
4837599.554432714
 10
635989.7708180958
 20
4837609.0887527615
  0
LWPOLYLINE
  5
3BA
330
17
100
AcDbEntity
  8
ROADS
100
AcDbPolyline
 90
2
 70
0
 10
636290.8457354237
 20
4837585.629244438
 10
636275.7198047345
 20
4837633.604982069
  0
LWPOLYLINE
  5
3BB
330
17
100
AcDbEntity
  8
ROADS
100
AcDbPolyline
 90
2
 70
0
 10
636219.9662641608
 20
4837615.44412821
 10
636275.7198047345
 20
4837633.604982069
  0
LWPOLYLINE
  5
3BC
330
17
100
AcDbEntity
  8
ROADS
100
AcDbPolyline
 90
2
 70
0
 10
636443.2374598777
 20
4837534.6374902595
 10
636428.7915396695
 20
4837575.924950603
  0
LWPOLYLINE
  5
3BD
330
17
100
AcDbEntity
  8
ROADS
100
AcDbPolyline
 90
2
 70
0
 10
636306.4025564906
 20
4837536.33417707
 10
636428.7915396695
 20
4837575.924950603
  0
LWPOLYLINE
  5
3BE
330
17
100
AcDbEntity
  8
ROADS
100
AcDbPolyline
 90
2
 70
0
 10
636428.7915396695
 20
4837575.924950603
 10
636509.7794963856
 20
4837601.765830446
  0
LWPOLYLINE
  5
3BF
330
17
100
AcDbEntity
  8
ROADS
100
AcDbPolyline
 90
2
 70
0
 10
636428.7915396695
 20
4837575.924950603
 10
636412.8819697433
 20
4837624.89962656
  0
LWPOLYLINE
  5
3C0
330
17
100
AcDbEntity
  8
ROADS
100
AcDbPolyline
 90
2
 70
0
 10
636290.8457354237
 20
4837585.629244438
 10
636412.8819697433
 20
4837624.89962656
  0
LWPOLYLINE
  5
3C1
330
17
100
AcDbEntity
  8
ROADS
100
AcDbPolyline
 90
2
 70
0
 10
636509.7794963856
 20
4837601.765830446
 10
636562.3386474972
 20
4837610.47908106
  0
LWPOLYLINE
  5
3C2
330
17
100
AcDbEntity
  8
ROADS
100
AcDbPolyline
 90
2
 70
0
 10
636679.4044101604
 20
4837584.863762673
 10
636659.3317372827
 20
4837642.697988785
  0
LWPOLYLINE
  5
3C3
330
17
100
AcDbEntity
  8
ROADS
100
AcDbPolyline
 90
2
 70
0
 10
636562.3386474972
 20
4837610.47908106
 10
636589.1463590141
 20
4837619.033635673
  0
LWPOLYLINE
  5
3C4
330
17
100
AcDbEntity
  8
ROADS
100
AcDbPolyline
 90
2
 70
0
 10
636589.1463590141
 20
4837619.033635673
 10
636659.3317372827
 20
4837642.697988785
  0
LWPOLYLINE
  5
3C5
330
17
100
AcDbEntity
  8
ROADS
100
AcDbPolyline
 90
2
 70
0
 10
636412.8819697433
 20
4837624.89962656
 10
636460.3371118422
 20
4837639.034063892
  0
LWPOLYLINE
  5
3C6
330
17
100
AcDbEntity
  8
ROADS
100
AcDbPolyline
 90
2
 70
0
 10
635750.8998136653
 20
4837538.5848860545
 10
635880.2073601965
 20
4837675.325245803
  0
LWPOLYLINE
  5
3C7
330
17
100
AcDbEntity
  8
ROADS
100
AcDbPolyline
 90
2
 70
0
 10
635959.938605833
 20
4837599.554432714
 10
635942.7517876644
 20
4837623.874770911
  0
LWPOLYLINE
  5
3C8
330
17
100
AcDbEntity
  8
ROADS
100
AcDbPolyline
 90
2
 70
0
 10
635942.7517876644
 20
4837623.874770911
 10
635880.2073601965
 20
4837675.325245803
  0
LWPOLYLINE
  5
3C9
330
17
100
AcDbEntity
  8
ROADS
100
AcDbPolyline
 90
3
 70
0
 10
635732.8378876334
 20
4837630.23327171
 10
635746.0062398552
 20
4837660.857084743
 10
635828.9262042174
 20
4837725.184248921
  0
LWPOLYLINE
  5
3CA
330
17
100
AcDbEntity
  8
ROADS
100
AcDbPolyline
 90
2
 70
0
 10
635880.2073601965
 20
4837675.325245803
 10
635828.9262042174
 20
4837725.184248921
  0
LWPOLYLINE
  5
3CB
330
17
100
AcDbEntity
  8
ROADS
100
AcDbPolyline
 90
2
 70
0
 10
635998.632357804
 20
4837683.477564266
 10
635908.2807294986
 20
4837769.446201563
  0
LWPOLYLINE
  5
3CC
330
17
100
AcDbEntity
  8
ROADS
100
AcDbPolyline
 90
2
 70
0
 10
635621.0374421634
 20
4837719.466254614
 10
635650.795920246
 20
4837738.937108957
  0
LWPOLYLINE
  5
3CD
330
17
100
AcDbEntity
  8
ROADS
100
AcDbPolyline
 90
2
 70
0
 10
635828.9262042174
 20
4837725.184248921
 10
635908.2807294986
 20
4837769.446201563
  0
LWPOLYLINE
  5
3CE
330
17
100
AcDbEntity
  8
ROADS
100
AcDbPolyline
 90
2
 70
0
 10
635609.4729408998
 20
4837755.381246564
 10
635672.4521060848
 20
4837775.692950493
  0
LWPOLYLINE
  5
3CF
330
17
100
AcDbEntity
  8
ROADS
100
AcDbPolyline
 90
2
 70
0
 10
635908.2807294986
 20
4837769.446201563
 10
635967.0215104588
 20
4837802.037358839
  0
LWPOLYLINE
  5
3D0
330
17
100
AcDbEntity
  8
ROADS
100
AcDbPolyline
 90
2
 70
0
 10
636031.7925481283
 20
4837632.699750713
 10
636004.97869451
 20
4837624.266108087
  0
LWPOLYLINE
  5
3D1
330
17
100
AcDbEntity
  8
ROADS
100
AcDbPolyline
 90
2
 70
0
 10
636275.7198047345
 20
4837633.604982069
 10
636310.1004590193
 20
4837644.7977150595
  0
LWPOLYLINE
  5
3D2
330
17
100
AcDbEntity
  8
ROADS
100
AcDbPolyline
 90
2
 70
0
 10
635942.7517876644
 20
4837623.874770911
 10
635998.632357804
 20
4837683.477564266
  0
LWPOLYLINE
  5
3D3
330
17
100
AcDbEntity
  8
ROADS
100
AcDbPolyline
 90
2
 70
0
 10
636129.9582859629
 20
4837572.974677343
 10
636076.7531941385
 20
4837737.45107732
  0
LWPOLYLINE
  5
3D4
330
17
100
AcDbEntity
  8
ROADS
100
AcDbPolyline
 90
2
 70
0
 10
636031.7925481283
 20
4837632.699750713
 10
636011.539303252
 20
4837696.483121548
  0
LWPOLYLINE
  5
3D5
330
17
100
AcDbEntity
  8
ROADS
100
AcDbPolyline
 90
3
 70
0
 10
636076.7531941385
 20
4837737.45107732
 10
636122.5959094198
 20
4837752.455434775
 10
636175.9204633549
 20
4837616.488704349
  0
LWPOLYLINE
  5
3D6
330
17
100
AcDbEntity
  8
ROADS
100
AcDbPolyline
 90
2
 70
0
 10
635998.632357804
 20
4837683.477564266
 10
636011.539303252
 20
4837696.483121548
  0
LWPOLYLINE
  5
3D7
330
17
100
AcDbEntity
  8
ROADS
100
AcDbPolyline
 90
2
 70
0
 10
636219.9662641608
 20
4837615.44412821
 10
636158.6521780996
 20
4837806.69729507
  0
LWPOLYLINE
  5
3D8
330
17
100
AcDbEntity
  8
ROADS
100
AcDbPolyline
 90
2
 70
0
 10
636011.539303252
 20
4837696.483121548
 10
636069.7298591747
 20
4837758.613937106
  0
LWPOLYLINE
  5
3D9
330
17
100
AcDbEntity
  8
ROADS
100
AcDbPolyline
 90
2
 70
0
 10
636076.7531941385
 20
4837737.45107732
 10
636069.7298591747
 20
4837758.613937106
  0
LWPOLYLINE
  5
3DA
330
17
100
AcDbEntity
  8
ROADS
100
AcDbPolyline
 90
2
 70
0
 10
636412.8819697433
 20
4837624.89962656
 10
636398.5051456419
 20
4837672.844924125
  0
LWPOLYLINE
  5
3DB
330
17
100
AcDbEntity
  8
ROADS
100
AcDbPolyline
 90
2
 70
0
 10
636562.3386474972
 20
4837610.47908106
 10
636490.0012352823
 20
4837704.425369556
  0
LWPOLYLINE
  5
3DC
330
17
100
AcDbEntity
  8
ROADS
100
AcDbPolyline
 90
2
 70
0
 10
636310.1004590193
 20
4837644.7977150595
 10
636398.5051456419
 20
4837672.844924125
  0
LWPOLYLINE
  5
3DD
330
17
100
AcDbEntity
  8
ROADS
100
AcDbPolyline
 90
2
 70
0
 10
636398.5051456419
 20
4837672.844924125
 10
636490.0012352823
 20
4837704.425369556
  0
LWPOLYLINE
  5
3DE
330
17
100
AcDbEntity
  8
ROADS
100
AcDbPolyline
 90
2
 70
0
 10
636659.3317372827
 20
4837642.697988785
 10
636619.8799103606
 20
4837766.910731898
  0
LWPOLYLINE
  5
3DF
330
17
100
AcDbEntity
  8
ROADS
100
AcDbPolyline
 90
3
 70
0
 10
636490.0012352823
 20
4837704.425369556
 10
636502.3067515467
 20
4837709.766382535
 10
636496.217098554
 20
4837729.070987981
  0
LWPOLYLINE
  5
3E0
330
17
100
AcDbEntity
  8
ROADS
100
AcDbPolyline
 90
2
 70
0
 10
636490.0012352823
 20
4837704.425369556
 10
636471.7136248781
 20
4837731.464077963
  0
LWPOLYLINE
  5
3E1
330
17
100
AcDbEntity
  8
ROADS
100
AcDbPolyline
 90
2
 70
0
 10
636589.1463590141
 20
4837619.033635673
 10
636513.5060911811
 20
4837847.602281445
  0
LWPOLYLINE
  5
3E2
330
17
100
AcDbEntity
  8
ROADS
100
AcDbPolyline
 90
2
 70
0
 10
636471.7136248781
 20
4837731.464077963
 10
636471.7003524811
 20
4837748.289345666
  0
LWPOLYLINE
  5
3E3
330
17
100
AcDbEntity
  8
ROADS
100
AcDbPolyline
 90
3
 70
0
 10
636471.7136248781
 20
4837731.464077963
 10
636485.6291831699
 20
4837740.128505876
 10
636471.7003524811
 20
4837748.289345666
  0
LWPOLYLINE
  5
3E4
330
17
100
AcDbEntity
  8
ROADS
100
AcDbPolyline
 90
2
 70
0
 10
636310.1004590193
 20
4837644.7977150595
 10
636237.082814545
 20
4837861.458534816
  0
LWPOLYLINE
  5
3E5
330
17
100
AcDbEntity
  8
ROADS
100
AcDbPolyline
 90
2
 70
0
 10
636069.7298591747
 20
4837758.613937106
 10
636158.6521780996
 20
4837806.69729507
  0
LWPOLYLINE
  5
3E6
330
17
100
AcDbEntity
  8
ROADS
100
AcDbPolyline
 90
2
 70
0
 10
635967.0215104588
 20
4837802.037358839
 10
636019.4837297881
 20
4837831.14567542
  0
LWPOLYLINE
  5
3E7
330
17
100
AcDbEntity
  8
ROADS
100
AcDbPolyline
 90
4
 70
0
 10
635967.0215104588
 20
4837802.037358839
 10
635975.115861379
 20
4837844.0824460145
 10
635999.6421346326
 20
4837848.002337541
 10
636019.4837297881
 20
4837831.14567542
  0
LWPOLYLINE
  5
3E8
330
17
100
AcDbEntity
  8
ROADS
100
AcDbPolyline
 90
2
 70
0
 10
636158.6521780996
 20
4837806.69729507
 10
636237.082814545
 20
4837861.458534816
  0
LWPOLYLINE
  5
3E9
330
17
100
AcDbEntity
  8
ROADS
100
AcDbPolyline
 90
2
 70
0
 10
636019.4837297881
 20
4837831.14567542
 10
636114.4393787105
 20
4837883.828563514
  0
LWPOLYLINE
  5
3EA
330
17
100
AcDbEntity
  8
ROADS
100
AcDbPolyline
 90
2
 70
0
 10
636158.6521780996
 20
4837806.69729507
 10
636111.0045577319
 20
4837955.519794069
  0
LWPOLYLINE
  5
3EB
330
17
100
AcDbEntity
  8
ROADS
100
AcDbPolyline
 90
2
 70
0
 10
636237.082814545
 20
4837861.458534816
 10
636320.033319466
 20
4837923.677872225
  0
LWPOLYLINE
  5
3EC
330
17
100
AcDbEntity
  8
ROADS
100
AcDbPolyline
 90
2
 70
0
 10
636302.7499599771
 20
4837992.712792842
 10
636147.516582365
 20
4837909.74705016
  0
LWPOLYLINE
  5
3ED
330
17
100
AcDbEntity
  8
ROADS
100
AcDbPolyline
 90
2
 70
0
 10
636320.033319466
 20
4837923.677872225
 10
636302.7499599771
 20
4837992.712792842
  0
LWPOLYLINE
  5
3EE
330
17
100
AcDbEntity
  8
ROADS
100
AcDbPolyline
 90
3
 70
0
 10
636471.7003524811
 20
4837748.289345666
 10
636442.4971215101
 20
4837812.577983897
 10
636440.8613099825
 20
4837847.617204723
  0
LWPOLYLINE
  5
3EF
330
17
100
AcDbEntity
  8
ROADS
100
AcDbPolyline
 90
2
 70
0
 10
636398.5051456419
 20
4837672.844924125
 10
636320.033319466
 20
4837923.677872225
  0
LWPOLYLINE
  5
3F0
330
17
100
AcDbEntity
  8
ROADS
100
AcDbPolyline
 90
2
 70
0
 10
636619.8799103606
 20
4837766.910731898
 10
636595.5724791733
 20
4837837.3164853705
  0
LWPOLYLINE
  5
3F1
330
17
100
AcDbEntity
  8
ROADS
100
AcDbPolyline
 90
2
 70
0
 10
636595.5724791733
 20
4837837.3164853705
 10
636513.5060911811
 20
4837847.602281445
  0
LWPOLYLINE
  5
3F2
330
17
100
AcDbEntity
  8
ROADS
100
AcDbPolyline
 90
2
 70
0
 10
636513.5060911811
 20
4837847.602281445
 10
636440.8613099825
 20
4837847.617204723
  0
LWPOLYLINE
  5
3F3
330
17
100
AcDbEntity
  8
ROADS
100
AcDbPolyline
 90
2
 70
0
 10
636595.5724791733
 20
4837837.3164853705
 10
636585.8856617392
 20
4837868.44510466
  0
LWPOLYLINE
  5
3F4
330
17
100
AcDbEntity
  8
ROADS
100
AcDbPolyline
 90
2
 70
0
 10
636585.8856617392
 20
4837868.44510466
 10
636625.6884008988
 20
4837881.265074393
  0
LWPOLYLINE
  5
3F5
330
17
100
AcDbEntity
  8
ROADS
100
AcDbPolyline
 90
2
 70
0
 10
636625.4776479716
 20
4837891.31416818
 10
636675.2804435081
 20
4837906.061163574
  0
LWPOLYLINE
  5
3F6
330
17
100
AcDbEntity
  8
ROADS
100
AcDbPolyline
 90
2
 70
0
 10
636440.8613099825
 20
4837847.617204723
 10
636395.7922508356
 20
4837966.172084428
  0
LWPOLYLINE
  5
3F7
330
17
100
AcDbEntity
  8
ROADS
100
AcDbPolyline
 90
2
 70
0
 10
636513.5060911811
 20
4837847.602281445
 10
636468.3616679595
 20
4837994.432024427
  0
LWPOLYLINE
  5
3F8
330
17
100
AcDbEntity
  8
ROADS
100
AcDbPolyline
 90
3
 70
0
 10
635595.9502550638
 20
4837793.951054554
 10
635672.3100011545
 20
4837829.833103595
 10
635666.9728358227
 20
4837846.737058098
  0
LWPOLYLINE
  5
3F9
330
17
100
AcDbEntity
  8
ROADS
100
AcDbPolyline
 90
2
 70
0
 10
635829.2399363634
 20
4837836.567691038
 10
635816.7614633611
 20
4837820.331600736
  0
LWPOLYLINE
  5
3FA
330
17
100
AcDbEntity
  8
ROADS
100
AcDbPolyline
 90
2
 70
0
 10
635829.2399363634
 20
4837836.567691038
 10
635845.1279765014
 20
4837838.633199548
  0
LWPOLYLINE
  5
3FB
330
17
100
AcDbEntity
  8
ROADS
100
AcDbPolyline
 90
2
 70
0
 10
635666.9728358227
 20
4837846.737058098
 10
635746.4495605333
 20
4837872.84864145
  0
LWPOLYLINE
  5
3FC
330
17
100
AcDbEntity
  8
ROADS
100
AcDbPolyline
 90
3
 70
0
 10
635778.6671450288
 20
4837883.257195262
 10
635792.0740701804
 20
4837846.996978462
 10
635829.2399363634
 20
4837836.567691038
  0
LWPOLYLINE
  5
3FD
330
17
100
AcDbEntity
  8
ROADS
100
AcDbPolyline
 90
2
 70
0
 10
635746.4495605333
 20
4837872.84864145
 10
635778.6671450288
 20
4837883.257195262
  0
LWPOLYLINE
  5
3FE
330
17
100
AcDbEntity
  8
ROADS
100
AcDbPolyline
 90
2
 70
0
 10
635666.9728358227
 20
4837846.737058098
 10
635640.9991897484
 20
4837928.595470405
  0
LWPOLYLINE
  5
3FF
330
17
100
AcDbEntity
  8
ROADS
100
AcDbPolyline
 90
3
 70
0
 10
635746.4495605333
 20
4837872.84864145
 10
635732.886773132
 20
4837911.9757842235
 10
635702.1894992104
 20
4837901.944756327
  0
LWPOLYLINE
  5
400
330
17
100
AcDbEntity
  8
ROADS
100
AcDbPolyline
 90
2
 70
0
 10
635778.6671450288
 20
4837883.257195262
 10
635793.6592858161
 20
4837949.455121834
  0
LWPOLYLINE
  5
401
330
17
100
AcDbEntity
  8
ROADS
100
AcDbPolyline
 90
2
 70
0
 10
635640.9991897484
 20
4837928.595470405
 10
635679.9081043866
 20
4837941.616265885
  0
LWPOLYLINE
  5
402
330
17
100
AcDbEntity
  8
ROADS
100
AcDbPolyline
 90
2
 70
0
 10
636662.1405213405
 20
4837944.698016965
 10
636675.2804435081
 20
4837906.061163574
  0
LWPOLYLINE
  5
403
330
17
100
AcDbEntity
  8
ROADS
100
AcDbPolyline
 90
2
 70
0
 10
636320.033319466
 20
4837923.677872225
 10
636395.7922508356
 20
4837966.172084428
  0
LWPOLYLINE
  5
404
330
17
100
AcDbEntity
  8
ROADS
100
AcDbPolyline
 90
2
 70
0
 10
636585.8856617392
 20
4837868.44510466
 10
636537.7108452774
 20
4838023.408802685
  0
LWPOLYLINE
  5
405
330
17
100
AcDbEntity
  8
ROADS
100
AcDbPolyline
 90
2
 70
0
 10
636697.9833785584
 20
4837963.85095662
 10
636662.1405213405
 20
4837944.698016965
  0
LWPOLYLINE
  5
406
330
17
100
AcDbEntity
  8
ROADS
100
AcDbPolyline
 90
2
 70
0
 10
636662.1405213405
 20
4837944.698016965
 10
636639.9180943123
 20
4837970.212428604
  0
LWPOLYLINE
  5
407
330
17
100
AcDbEntity
  8
ROADS
100
AcDbPolyline
 90
2
 70
0
 10
636697.9833785584
 20
4837963.85095662
 10
636639.9180943123
 20
4837970.212428604
  0
LWPOLYLINE
  5
408
330
17
100
AcDbEntity
  8
ROADS
100
AcDbPolyline
 90
2
 70
0
 10
636639.9180943123
 20
4837970.212428604
 10
636618.5531673688
 20
4837979.750905916
  0
LWPOLYLINE
  5
409
330
17
100
AcDbEntity
  8
ROADS
100
AcDbPolyline
 90
3
 70
0
 10
636618.5531673688
 20
4837979.750905916
 10
636665.7691840456
 20
4837988.196564069
 10
636697.9833785584
 20
4837963.85095662
  0
LWPOLYLINE
  5
40A
330
17
100
AcDbEntity
  8
ROADS
100
AcDbPolyline
 90
2
 70
0
 10
636395.7922508356
 20
4837966.172084428
 10
636468.3616679595
 20
4837994.432024427
  0
LWPOLYLINE
  5
40B
330
17
100
AcDbEntity
  8
ROADS
100
AcDbPolyline
 90
2
 70
0
 10
636468.3616679595
 20
4837994.432024427
 10
636537.7108452774
 20
4838023.408802685
  0
LWPOLYLINE
  5
40C
330
17
100
AcDbEntity
  8
ROADS
100
AcDbPolyline
 90
3
 70
0
 10
635851.5317825035
 20
4837961.430787617
 10
635893.1189247908
 20
4837907.3251298005
 10
635990.6663370999
 20
4837972.1959668975
  0
LWPOLYLINE
  5
40D
330
17
100
AcDbEntity
  8
ROADS
100
AcDbPolyline
 90
2
 70
0
 10
635640.9991897484
 20
4837928.595470405
 10
635629.2491907297
 20
4837959.061628279
  0
LWPOLYLINE
  5
40E
330
17
100
AcDbEntity
  8
ROADS
100
AcDbPolyline
 90
2
 70
0
 10
635679.9081043866
 20
4837941.616265885
 10
635767.8343679404
 20
4837969.065798859
  0
LWPOLYLINE
  5
40F
330
17
100
AcDbEntity
  8
ROADS
100
AcDbPolyline
 90
2
 70
0
 10
635793.6592858161
 20
4837949.455121834
 10
635851.5317825035
 20
4837961.430787617
  0
LWPOLYLINE
  5
410
330
17
100
AcDbEntity
  8
ROADS
100
AcDbPolyline
 90
2
 70
0
 10
635793.6592858161
 20
4837949.455121834
 10
635767.8343679404
 20
4837969.065798859
  0
LWPOLYLINE
  5
411
330
17
100
AcDbEntity
  8
ROADS
100
AcDbPolyline
 90
3
 70
0
 10
635679.9081043866
 20
4837941.616265885
 10
635666.1518015635
 20
4837983.867170976
 10
635714.100696408
 20
4837998.591610529
  0
LWPOLYLINE
  5
412
330
17
100
AcDbEntity
  8
ROADS
100
AcDbPolyline
 90
2
 70
0
 10
635851.5317825035
 20
4837961.430787617
 10
635864.0667903682
 20
4837997.985691663
  0
LWPOLYLINE
  5
413
330
17
100
AcDbEntity
  8
ROADS
100
AcDbPolyline
 90
2
 70
0
 10
635629.2491907297
 20
4837959.061628279
 10
635613.544402015
 20
4838011.504175316
  0
LWPOLYLINE
  5
414
330
17
100
AcDbEntity
  8
ROADS
100
AcDbPolyline
 90
2
 70
0
 10
635767.8343679404
 20
4837969.065798859
 10
635759.0674857178
 20
4838057.709007334
  0
LWPOLYLINE
  5
415
330
17
100
AcDbEntity
  8
ROADS
100
AcDbPolyline
 90
2
 70
0
 10
635864.0667903682
 20
4837997.985691663
 10
635970.9246403042
 20
4838032.409247187
  0
LWPOLYLINE
  5
416
330
17
100
AcDbEntity
  8
ROADS
100
AcDbPolyline
 90
2
 70
0
 10
637160.3361707386
 20
4837784.984130974
 10
637244.9148270929
 20
4837818.886791435
  0
LWPOLYLINE
  5
417
330
17
100
AcDbEntity
  8
ROADS
100
AcDbPolyline
 90
2
 70
0
 10
637244.9148270929
 20
4837818.886791435
 10
637272.5592515569
 20
4837827.519517921
  0
LWPOLYLINE
  5
418
330
17
100
AcDbEntity
  8
ROADS
100
AcDbPolyline
 90
2
 70
0
 10
637272.5592515569
 20
4837827.519517921
 10
637359.9448988083
 20
4837855.853449297
  0
LWPOLYLINE
  5
419
330
17
100
AcDbEntity
  8
ROADS
100
AcDbPolyline
 90
2
 70
0
 10
637244.9148270929
 20
4837818.886791435
 10
637228.9182570586
 20
4837868.327045362
  0
LWPOLYLINE
  5
41A
330
17
100
AcDbEntity
  8
ROADS
100
AcDbPolyline
 90
2
 70
0
 10
637228.9182570586
 20
4837868.327045362
 10
637172.2852473762
 20
4837844.981723182
  0
LWPOLYLINE
  5
41B
330
17
100
AcDbEntity
  8
ROADS
100
AcDbPolyline
 90
2
 70
0
 10
637359.9448988083
 20
4837855.853449297
 10
637403.7917949575
 20
4837869.833772473
  0
LWPOLYLINE
  5
41C
330
17
100
AcDbEntity
  8
ROADS
100
AcDbPolyline
 90
2
 70
0
 10
637228.9182570586
 20
4837868.327045362
 10
637287.309969131
 20
4837884.84155197
  0
LWPOLYLINE
  5
41D
330
17
100
AcDbEntity
  8
ROADS
100
AcDbPolyline
 90
2
 70
0
 10
637359.9448988083
 20
4837855.853449297
 10
637344.5049926982
 20
4837903.268598881
  0
LWPOLYLINE
  5
41E
330
17
100
AcDbEntity
  8
ROADS
100
AcDbPolyline
 90
2
 70
0
 10
637287.309969131
 20
4837884.84155197
 10
637344.5049926982
 20
4837903.268598881
  0
LWPOLYLINE
  5
41F
330
17
100
AcDbEntity
  8
ROADS
100
AcDbPolyline
 90
2
 70
0
 10
636675.2804435081
 20
4837906.061163574
 10
636744.7620708332
 20
4837864.182928498
  0
LWPOLYLINE
  5
420
330
17
100
AcDbEntity
  8
ROADS
100
AcDbPolyline
 90
2
 70
0
 10
636852.144160985
 20
4837884.51172868
 10
636852.9747589929
 20
4837914.729492057
  0
LWPOLYLINE
  5
421
330
17
100
AcDbEntity
  8
ROADS
100
AcDbPolyline
 90
2
 70
0
 10
637117.8960198967
 20
4837832.055939977
 10
637064.0003265112
 20
4837981.174893841
  0
LWPOLYLINE
  5
422
330
17
100
AcDbEntity
  8
ROADS
100
AcDbPolyline
 90
3
 70
0
 10
636744.6037502094
 20
4837968.21047269
 10
636756.3388331259
 20
4837937.022878404
 10
636744.7620708332
 20
4837864.182928498
  0
LWPOLYLINE
  5
423
330
17
100
AcDbEntity
  8
ROADS
100
AcDbPolyline
 90
2
 70
0
 10
636852.9747589929
 20
4837914.729492057
 10
636959.3555263027
 20
4837948.288410661
  0
LWPOLYLINE
  5
424
330
17
100
AcDbEntity
  8
ROADS
100
AcDbPolyline
 90
2
 70
0
 10
636852.9747589929
 20
4837914.729492057
 10
636835.5375793702
 20
4837966.905878709
  0
LWPOLYLINE
  5
425
330
17
100
AcDbEntity
  8
ROADS
100
AcDbPolyline
 90
2
 70
0
 10
636959.3555263027
 20
4837948.288410661
 10
637026.0234232851
 20
4837967.872872267
  0
LWPOLYLINE
  5
426
330
17
100
AcDbEntity
  8
ROADS
100
AcDbPolyline
 90
2
 70
0
 10
636744.6037502094
 20
4837968.21047269
 10
636697.9833785584
 20
4837963.85095662
  0
LWPOLYLINE
  5
427
330
17
100
AcDbEntity
  8
ROADS
100
AcDbPolyline
 90
2
 70
0
 10
637192.9921849455
 20
4837979.900577842
 10
637137.6329881984
 20
4837962.765844699
  0
LWPOLYLINE
  5
428
330
17
100
AcDbEntity
  8
ROADS
100
AcDbPolyline
 90
2
 70
0
 10
636796.8257343995
 20
4837965.6526676
 10
636791.656112254
 20
4837980.922558874
  0
LWPOLYLINE
  5
429
330
17
100
AcDbEntity
  8
ROADS
100
AcDbPolyline
 90
2
 70
0
 10
636835.5375793702
 20
4837966.905878709
 10
636791.656112254
 20
4837980.922558874
  0
LWPOLYLINE
  5
42A
330
17
100
AcDbEntity
  8
ROADS
100
AcDbPolyline
 90
2
 70
0
 10
636959.3555263027
 20
4837948.288410661
 10
636941.9023963031
 20
4838000.295508376
  0
LWPOLYLINE
  5
42B
330
17
100
AcDbEntity
  8
ROADS
100
AcDbPolyline
 90
2
 70
0
 10
637026.0234232851
 20
4837967.872872267
 10
637064.0003265112
 20
4837981.174893841
  0
LWPOLYLINE
  5
42C
330
17
100
AcDbEntity
  8
ROADS
100
AcDbPolyline
 90
2
 70
0
 10
636791.656112254
 20
4837980.922558874
 10
636744.6037502094
 20
4837968.21047269
  0
LWPOLYLINE
  5
42D
330
17
100
AcDbEntity
  8
ROADS
100
AcDbPolyline
 90
2
 70
0
 10
636835.5375793702
 20
4837966.905878709
 10
636888.8034015555
 20
4837983.992735108
  0
LWPOLYLINE
  5
42E
330
17
100
AcDbEntity
  8
ROADS
100
AcDbPolyline
 90
2
 70
0
 10
637105.1505957753
 20
4837993.588227089
 10
637118.5893355113
 20
4837958.116018097
  0
LWPOLYLINE
  5
42F
330
17
100
AcDbEntity
  8
ROADS
100
AcDbPolyline
 90
2
 70
0
 10
636835.5375793702
 20
4837966.905878709
 10
636827.3546873969
 20
4837992.239189638
  0
LWPOLYLINE
  5
430
330
17
100
AcDbEntity
  8
ROADS
100
AcDbPolyline
 90
2
 70
0
 10
637026.0234232851
 20
4837967.872872267
 10
637015.1773321283
 20
4838000.557704637
  0
LWPOLYLINE
  5
431
330
17
100
AcDbEntity
  8
ROADS
100
AcDbPolyline
 90
2
 70
0
 10
636827.3546873969
 20
4837992.239189638
 10
636791.656112254
 20
4837980.922558874
  0
LWPOLYLINE
  5
432
330
17
100
AcDbEntity
  8
ROADS
100
AcDbPolyline
 90
2
 70
0
 10
637064.0003265112
 20
4837981.174893841
 10
637105.1505957753
 20
4837993.588227089
  0
LWPOLYLINE
  5
433
330
17
100
AcDbEntity
  8
ROADS
100
AcDbPolyline
 90
2
 70
0
 10
637287.309969131
 20
4837884.84155197
 10
637269.2351568439
 20
4837940.80882518
  0
LWPOLYLINE
  5
434
330
17
100
AcDbEntity
  8
ROADS
100
AcDbPolyline
 90
2
 70
0
 10
637228.9182570586
 20
4837868.327045362
 10
637192.9921849455
 20
4837979.900577842
  0
LWPOLYLINE
  5
435
330
17
100
AcDbEntity
  8
ROADS
100
AcDbPolyline
 90
2
 70
0
 10
637344.5049926982
 20
4837903.268598881
 10
637295.275113113
 20
4838056.454398957
  0
LWPOLYLINE
  5
436
330
17
100
AcDbEntity
  8
ROADS
100
AcDbPolyline
 90
2
 70
0
 10
637454.4513319456
 20
4837942.3111336855
 10
637406.1602192917
 20
4838091.794030949
  0
LWPOLYLINE
  5
437
330
17
100
AcDbEntity
  8
ROADS
100
AcDbPolyline
 90
2
 70
0
 10
637192.9921849455
 20
4837979.900577842
 10
637180.1354908986
 20
4838019.077660035
  0
LWPOLYLINE
  5
438
330
17
100
AcDbEntity
  8
ROADS
100
AcDbPolyline
 90
2
 70
0
 10
637522.9306813714
 20
4838073.643206301
 10
637506.7511589037
 20
4838124.32725262
  0
LWPOLYLINE
  5
439
330
17
100
AcDbEntity
  8
ROADS
100
AcDbPolyline
 90
2
 70
0
 10
637353.5317759137
 20
4838074.96168291
 10
637384.4307362449
 20
4837978.798615186
  0
LWPOLYLINE
  5
43A
330
17
100
AcDbEntity
  8
ROADS
100
AcDbPolyline
 90
2
 70
0
 10
637180.1354908986
 20
4838019.077660035
 10
637295.275113113
 20
4838056.454398957
  0
LWPOLYLINE
  5
43B
330
17
100
AcDbEntity
  8
ROADS
100
AcDbPolyline
 90
2
 70
0
 10
637180.1354908986
 20
4838019.077660035
 10
637166.807861529
 20
4838059.907373915
  0
LWPOLYLINE
  5
43C
330
17
100
AcDbEntity
  8
ROADS
100
AcDbPolyline
 90
2
 70
0
 10
637336.1404856535
 20
4838069.35964252
 10
637347.487883336
 20
4838033.509555105
  0
LWPOLYLINE
  5
43D
330
17
100
AcDbEntity
  8
ROADS
100
AcDbPolyline
 90
2
 70
0
 10
636888.8034015555
 20
4837983.992735108
 10
636941.9023963031
 20
4838000.295508376
  0
LWPOLYLINE
  5
43E
330
17
100
AcDbEntity
  8
ROADS
100
AcDbPolyline
 90
2
 70
0
 10
636744.6037502094
 20
4837968.21047269
 10
636725.9687981766
 20
4838034.1364207575
  0
LWPOLYLINE
  5
43F
330
17
100
AcDbEntity
  8
ROADS
100
AcDbPolyline
 90
2
 70
0
 10
637105.1505957753
 20
4837993.588227089
 10
637180.1354908986
 20
4838019.077660035
  0
LWPOLYLINE
  5
440
330
17
100
AcDbEntity
  8
ROADS
100
AcDbPolyline
 90
2
 70
0
 10
636941.9023963031
 20
4838000.295508376
 10
636996.9130571245
 20
4838017.400932318
  0
LWPOLYLINE
  5
441
330
17
100
AcDbEntity
  8
ROADS
100
AcDbPolyline
 90
2
 70
0
 10
636996.9130571245
 20
4838017.400932318
 10
637001.2340580999
 20
4838004.70491968
  0
LWPOLYLINE
  5
442
330
17
100
AcDbEntity
  8
ROADS
100
AcDbPolyline
 90
2
 70
0
 10
636725.9687981766
 20
4838034.1364207575
 10
636660.951494506
 20
4838013.369706862
  0
LWPOLYLINE
  5
443
330
17
100
AcDbEntity
  8
ROADS
100
AcDbPolyline
 90
2
 70
0
 10
636827.3546873969
 20
4837992.239189638
 10
636804.7109313391
 20
4838059.460770497
  0
LWPOLYLINE
  5
444
330
17
100
AcDbEntity
  8
ROADS
100
AcDbPolyline
 90
3
 70
0
 10
636804.7109313391
 20
4838059.460770497
 10
636859.2318942186
 20
4838076.4903343655
 10
636888.8034015555
 20
4837983.992735108
  0
LWPOLYLINE
  5
445
330
17
100
AcDbEntity
  8
ROADS
100
AcDbPolyline
 90
2
 70
0
 10
636996.9130571245
 20
4838017.400932318
 10
636979.0271665078
 20
4838069.447209487
  0
LWPOLYLINE
  5
446
330
17
100
AcDbEntity
  8
ROADS
100
AcDbPolyline
 90
2
 70
0
 10
636804.7109313391
 20
4838059.460770497
 10
636725.9687981766
 20
4838034.1364207575
  0
LWPOLYLINE
  5
447
330
17
100
AcDbEntity
  8
ROADS
100
AcDbPolyline
 90
3
 70
0
 10
636618.5531673688
 20
4837979.750905916
 10
636597.2322530508
 20
4837990.284267499
 10
636579.8071614539
 20
4838039.193535255
  0
LWPOLYLINE
  5
448
330
17
100
AcDbEntity
  8
ROADS
100
AcDbPolyline
 90
2
 70
0
 10
636395.7922508356
 20
4837966.172084428
 10
636364.3953998147
 20
4838066.20220997
  0
LWPOLYLINE
  5
449
330
17
100
AcDbEntity
  8
ROADS
100
AcDbPolyline
 90
2
 70
0
 10
636537.7108452774
 20
4838023.408802685
 10
636579.8071614539
 20
4838039.193535255
  0
LWPOLYLINE
  5
44A
330
17
100
AcDbEntity
  8
ROADS
100
AcDbPolyline
 90
2
 70
0
 10
636468.3616679595
 20
4837994.432024427
 10
636446.0241373387
 20
4838078.895615121
  0
LWPOLYLINE
  5
44B
330
17
100
AcDbEntity
  8
ROADS
100
AcDbPolyline
 90
2
 70
0
 10
636579.8071614539
 20
4838039.193535255
 10
636683.4907391121
 20
4838071.914612777
  0
LWPOLYLINE
  5
44C
330
17
100
AcDbEntity
  8
ROADS
100
AcDbPolyline
 90
2
 70
0
 10
636579.8071614539
 20
4838039.193535255
 10
636553.0557506653
 20
4838121.8581631575
  0
LWPOLYLINE
  5
44D
330
17
100
AcDbEntity
  8
ROADS
100
AcDbPolyline
 90
2
 70
0
 10
636446.0241373387
 20
4838078.895615121
 10
636435.412430817
 20
4838109.625451297
  0
LWPOLYLINE
  5
44E
330
17
100
AcDbEntity
  8
ROADS
100
AcDbPolyline
 90
2
 70
0
 10
636446.0241373387
 20
4838078.895615121
 10
636553.0557506653
 20
4838121.8581631575
  0
LWPOLYLINE
  5
44F
330
17
100
AcDbEntity
  8
ROADS
100
AcDbPolyline
 90
2
 70
0
 10
636683.4907391121
 20
4838071.914612777
 10
636635.5317818531
 20
4838222.844868767
  0
LWPOLYLINE
  5
450
330
17
100
AcDbEntity
  8
ROADS
100
AcDbPolyline
 90
3
 70
0
 10
636553.0557506653
 20
4838121.8581631575
 10
636538.8784115153
 20
4838167.312844702
 10
636635.5317818531
 20
4838222.844868767
  0
LWPOLYLINE
  5
451
330
17
100
AcDbEntity
  8
ROADS
100
AcDbPolyline
 90
2
 70
0
 10
637064.0003265112
 20
4837981.174893841
 10
637019.8838889359
 20
4838118.603594897
  0
LWPOLYLINE
  5
452
330
17
100
AcDbEntity
  8
ROADS
100
AcDbPolyline
 90
2
 70
0
 10
636941.9023963031
 20
4838000.295508376
 10
636896.141321387
 20
4838140.018621588
  0
LWPOLYLINE
  5
453
330
17
100
AcDbEntity
  8
ROADS
100
AcDbPolyline
 90
2
 70
0
 10
636804.7109313391
 20
4838059.460770497
 10
636790.3580019429
 20
4838105.942406152
  0
LWPOLYLINE
  5
454
330
17
100
AcDbEntity
  8
ROADS
100
AcDbPolyline
 90
2
 70
0
 10
636683.4907391121
 20
4838071.914612777
 10
636790.3580019429
 20
4838105.942406152
  0
LWPOLYLINE
  5
455
330
17
100
AcDbEntity
  8
ROADS
100
AcDbPolyline
 90
2
 70
0
 10
636790.3580019429
 20
4838105.942406152
 10
636896.141321387
 20
4838140.018621588
  0
LWPOLYLINE
  5
456
330
17
100
AcDbEntity
  8
ROADS
100
AcDbPolyline
 90
2
 70
0
 10
637166.807861529
 20
4838059.907373915
 10
637117.7286669501
 20
4838210.233534184
  0
LWPOLYLINE
  5
457
330
17
100
AcDbEntity
  8
ROADS
100
AcDbPolyline
 90
2
 70
0
 10
637019.8838889359
 20
4838118.603594897
 10
637005.7892141874
 20
4838174.747810117
  0
LWPOLYLINE
  5
458
330
17
100
AcDbEntity
  8
ROADS
100
AcDbPolyline
 90
3
 70
0
 10
637019.8838889359
 20
4838118.603594897
 10
637070.8308568497
 20
4838134.4554342255
 10
637053.877907579
 20
4838189.991908525
  0
LWPOLYLINE
  5
459
330
17
100
AcDbEntity
  8
ROADS
100
AcDbPolyline
 90
2
 70
0
 10
636896.141321387
 20
4838140.018621588
 10
637005.7892141874
 20
4838174.747810117
  0
LWPOLYLINE
  5
45A
330
17
100
AcDbEntity
  8
ROADS
100
AcDbPolyline
 90
2
 70
0
 10
636790.3580019429
 20
4838105.942406152
 10
636743.8106455402
 20
4838250.37564792
  0
LWPOLYLINE
  5
45B
330
17
100
AcDbEntity
  8
ROADS
100
AcDbPolyline
 90
2
 70
0
 10
637295.275113113
 20
4838056.454398957
 10
637336.1404856535
 20
4838069.35964252
  0
LWPOLYLINE
  5
45C
330
17
100
AcDbEntity
  8
ROADS
100
AcDbPolyline
 90
2
 70
0
 10
637336.1404856535
 20
4838069.35964252
 10
637353.5317759137
 20
4838074.96168291
  0
LWPOLYLINE
  5
45D
330
17
100
AcDbEntity
  8
ROADS
100
AcDbPolyline
 90
3
 70
0
 10
637166.807861529
 20
4838059.907373915
 10
637222.2217948034
 20
4838077.278136146
 10
637213.7803762084
 20
4838104.075932791
  0
LWPOLYLINE
  5
45E
330
17
100
AcDbEntity
  8
ROADS
100
AcDbPolyline
 90
2
 70
0
 10
637353.5317759137
 20
4838074.96168291
 10
637406.1602192917
 20
4838091.794030949
  0
LWPOLYLINE
  5
45F
330
17
100
AcDbEntity
  8
ROADS
100
AcDbPolyline
 90
2
 70
0
 10
637406.1602192917
 20
4838091.794030949
 10
637506.7511589037
 20
4838124.32725262
  0
LWPOLYLINE
  5
460
330
17
100
AcDbEntity
  8
ROADS
100
AcDbPolyline
 90
2
 70
0
 10
637506.7511589037
 20
4838124.32725262
 10
637548.7064440245
 20
4838137.760737622
  0
LWPOLYLINE
  5
461
330
17
100
AcDbEntity
  8
ROADS
100
AcDbPolyline
 90
2
 70
0
 10
637295.275113113
 20
4838056.454398957
 10
637232.3919809583
 20
4838249.66840709
  0
LWPOLYLINE
  5
462
330
17
100
AcDbEntity
  8
ROADS
100
AcDbPolyline
 90
2
 70
0
 10
637406.1602192917
 20
4838091.794030949
 10
637359.874311943
 20
4838233.822047011
  0
LWPOLYLINE
  5
463
330
17
100
AcDbEntity
  8
ROADS
100
AcDbPolyline
 90
3
 70
0
 10
637359.874311943
 20
4838233.822047011
 10
637411.3675127556
 20
4838254.366231831
 10
637425.0534971103
 20
4838176.142518711
  0
LWPOLYLINE
  5
464
330
17
100
AcDbEntity
  8
ROADS
100
AcDbPolyline
 90
2
 70
0
 10
635990.6663370999
 20
4837972.1959668975
 10
636074.4208201539
 20
4837999.949112336
  0
LWPOLYLINE
  5
465
330
17
100
AcDbEntity
  8
ROADS
100
AcDbPolyline
 90
2
 70
0
 10
635990.6663370999
 20
4837972.1959668975
 10
635970.9246403042
 20
4838032.409247187
  0
LWPOLYLINE
  5
466
330
17
100
AcDbEntity
  8
ROADS
100
AcDbPolyline
 90
2
 70
0
 10
636302.7499599771
 20
4837992.712792842
 10
636292.6219418144
 20
4838023.739392401
  0
LWPOLYLINE
  5
467
330
17
100
AcDbEntity
  8
ROADS
100
AcDbPolyline
 90
2
 70
0
 10
636111.0045577319
 20
4837955.519794069
 10
636065.0466048514
 20
4838097.122171531
  0
LWPOLYLINE
  5
468
330
17
100
AcDbEntity
  8
ROADS
100
AcDbPolyline
 90
2
 70
0
 10
635962.3102390403
 20
4838062.88414024
 10
636023.7008996503
 20
4838083.4122129865
  0
LWPOLYLINE
  5
469
330
17
100
AcDbEntity
  8
ROADS
100
AcDbPolyline
 90
2
 70
0
 10
636114.4720571154
 20
4838047.408640988
 10
636161.5194371957
 20
4838100.589715525
  0
LWPOLYLINE
  5
46A
330
17
100
AcDbEntity
  8
ROADS
100
AcDbPolyline
 90
2
 70
0
 10
636023.7008996503
 20
4838083.4122129865
 10
636065.0466048514
 20
4838097.122171531
  0
LWPOLYLINE
  5
46B
330
17
100
AcDbEntity
  8
ROADS
100
AcDbPolyline
 90
3
 70
0
 10
636023.7008996503
 20
4838083.4122129865
 10
636008.7175170714
 20
4838128.756236791
 10
635989.489099973
 20
4838122.547936393
  0
LWPOLYLINE
  5
46C
330
17
100
AcDbEntity
  8
ROADS
100
AcDbPolyline
 90
2
 70
0
 10
636161.5194371957
 20
4838100.589715525
 10
636241.7995791971
 20
4838125.305301714
  0
LWPOLYLINE
  5
46D
330
17
100
AcDbEntity
  8
ROADS
100
AcDbPolyline
 90
2
 70
0
 10
636241.7995791971
 20
4838125.305301714
 10
636332.7333030773
 20
4838162.483185662
  0
LWPOLYLINE
  5
46E
330
17
100
AcDbEntity
  8
ROADS
100
AcDbPolyline
 90
2
 70
0
 10
635613.544402015
 20
4838011.504175316
 10
635695.9472971661
 20
4838038.503791522
  0
LWPOLYLINE
  5
46F
330
17
100
AcDbEntity
  8
ROADS
100
AcDbPolyline
 90
2
 70
0
 10
635970.9246403042
 20
4838032.409247187
 10
635962.3102390403
 20
4838062.88414024
  0
LWPOLYLINE
  5
470
330
17
100
AcDbEntity
  8
ROADS
100
AcDbPolyline
 90
2
 70
0
 10
635695.9472971661
 20
4838038.503791522
 10
635759.0674857178
 20
4838057.709007334
  0
LWPOLYLINE
  5
471
330
17
100
AcDbEntity
  8
ROADS
100
AcDbPolyline
 90
2
 70
0
 10
635695.9472971661
 20
4838038.503791522
 10
635683.6551580485
 20
4838076.38379311
  0
LWPOLYLINE
  5
472
330
17
100
AcDbEntity
  8
ROADS
100
AcDbPolyline
 90
2
 70
0
 10
635598.9680161017
 20
4838051.43303589
 10
635641.4270049448
 20
4838064.798077861
  0
LWPOLYLINE
  5
473
330
17
100
AcDbEntity
  8
ROADS
100
AcDbPolyline
 90
2
 70
0
 10
635641.4270049448
 20
4838064.798077861
 10
635683.6551580485
 20
4838076.38379311
  0
LWPOLYLINE
  5
474
330
17
100
AcDbEntity
  8
ROADS
100
AcDbPolyline
 90
2
 70
0
 10
635864.0667903682
 20
4837997.985691663
 10
635852.5120398732
 20
4838149.642037381
  0
LWPOLYLINE
  5
475
330
17
100
AcDbEntity
  8
ROADS
100
AcDbPolyline
 90
2
 70
0
 10
635641.4270049448
 20
4838064.798077861
 10
635620.9633912556
 20
4838126.496363296
  0
LWPOLYLINE
  5
476
330
17
100
AcDbEntity
  8
ROADS
100
AcDbPolyline
 90
2
 70
0
 10
635962.3102390403
 20
4838062.88414024
 10
635930.3199646755
 20
4838159.977136708
  0
LWPOLYLINE
  5
477
330
17
100
AcDbEntity
  8
ROADS
100
AcDbPolyline
 90
2
 70
0
 10
635759.0674857178
 20
4838057.709007334
 10
635751.4755519342
 20
4838165.159106377
  0
LWPOLYLINE
  5
478
330
17
100
AcDbEntity
  8
ROADS
100
AcDbPolyline
 90
2
 70
0
 10
635598.9680161017
 20
4838051.43303589
 10
635562.5305081573
 20
4838164.139854973
  0
LWPOLYLINE
  5
479
330
17
100
AcDbEntity
  8
ROADS
100
AcDbPolyline
 90
2
 70
0
 10
635522.5868980545
 20
4838152.7019624235
 10
635551.9315823369
 20
4838066.436678564
  0
LWPOLYLINE
  5
47A
330
17
100
AcDbEntity
  8
ROADS
100
AcDbPolyline
 90
2
 70
0
 10
635314.3176366019
 20
4838133.197136094
 10
635334.5162055499
 20
4838140.0630275775
  0
LWPOLYLINE
  5
47B
330
17
100
AcDbEntity
  8
ROADS
100
AcDbPolyline
 90
2
 70
0
 10
635480.3892001975
 20
4838140.097205238
 10
635522.5868980545
 20
4838152.7019624235
  0
LWPOLYLINE
  5
47C
330
17
100
AcDbEntity
  8
ROADS
100
AcDbPolyline
 90
2
 70
0
 10
635334.5162055499
 20
4838140.0630275775
 10
635389.575519569
 20
4838156.675234109
  0
LWPOLYLINE
  5
47D
330
17
100
AcDbEntity
  8
ROADS
100
AcDbPolyline
 90
2
 70
0
 10
635522.5868980545
 20
4838152.7019624235
 10
635562.5305081573
 20
4838164.139854973
  0
LWPOLYLINE
  5
47E
330
17
100
AcDbEntity
  8
ROADS
100
AcDbPolyline
 90
2
 70
0
 10
635480.3892001975
 20
4838140.097205238
 10
635466.807181252
 20
4838180.784093914
  0
LWPOLYLINE
  5
47F
330
17
100
AcDbEntity
  8
ROADS
100
AcDbPolyline
 90
2
 70
0
 10
635334.5162055499
 20
4838140.0630275775
 10
635319.941184455
 20
4838185.224325224
  0
LWPOLYLINE
  5
480
330
17
100
AcDbEntity
  8
ROADS
100
AcDbPolyline
 90
2
 70
0
 10
635389.575519569
 20
4838156.675234109
 10
635466.807181252
 20
4838180.784093914
  0
LWPOLYLINE
  5
481
330
17
100
AcDbEntity
  8
ROADS
100
AcDbPolyline
 90
2
 70
0
 10
635562.5305081573
 20
4838164.139854973
 10
635645.7507041434
 20
4838190.904265737
  0
LWPOLYLINE
  5
482
330
17
100
AcDbEntity
  8
ROADS
100
AcDbPolyline
 90
2
 70
0
 10
635683.6551580485
 20
4838076.38379311
 10
635645.7507041434
 20
4838190.904265737
  0
LWPOLYLINE
  5
483
330
17
100
AcDbEntity
  8
ROADS
100
AcDbPolyline
 90
2
 70
0
 10
635852.5120398732
 20
4838149.642037381
 10
635805.1460797242
 20
4838155.602926033
  0
LWPOLYLINE
  5
484
330
17
100
AcDbEntity
  8
ROADS
100
AcDbPolyline
 90
2
 70
0
 10
635751.4755519342
 20
4838165.159106377
 10
635722.8595113475
 20
4838215.449967156
  0
LWPOLYLINE
  5
485
330
17
100
AcDbEntity
  8
ROADS
100
AcDbPolyline
 90
2
 70
0
 10
635852.5120398732
 20
4838149.642037381
 10
635799.0931304945
 20
4838239.836837282
  0
LWPOLYLINE
  5
486
330
17
100
AcDbEntity
  8
ROADS
100
AcDbPolyline
 90
2
 70
0
 10
635645.7507041434
 20
4838190.904265737
 10
635722.8595113475
 20
4838215.449967156
  0
LWPOLYLINE
  5
487
330
17
100
AcDbEntity
  8
ROADS
100
AcDbPolyline
 90
2
 70
0
 10
635645.7507041434
 20
4838190.904265737
 10
635632.1269552462
 20
4838234.284652546
  0
LWPOLYLINE
  5
488
330
17
100
AcDbEntity
  8
ROADS
100
AcDbPolyline
 90
2
 70
0
 10
635930.3199646755
 20
4838159.977136708
 10
635893.8799391859
 20
4838270.275799011
  0
LWPOLYLINE
  5
489
330
17
100
AcDbEntity
  8
ROADS
100
AcDbPolyline
 90
2
 70
0
 10
635751.4755519342
 20
4838165.159106377
 10
635784.7448010073
 20
4838283.245139897
  0
LWPOLYLINE
  5
48A
330
17
100
AcDbEntity
  8
ROADS
100
AcDbPolyline
 90
2
 70
0
 10
635722.8595113475
 20
4838215.449967156
 10
635709.4018067649
 20
4838258.828365891
  0
LWPOLYLINE
  5
48B
330
17
100
AcDbEntity
  8
ROADS
100
AcDbPolyline
 90
2
 70
0
 10
635632.1269552462
 20
4838234.284652546
 10
635709.4018067649
 20
4838258.828365891
  0
LWPOLYLINE
  5
48C
330
17
100
AcDbEntity
  8
ROADS
100
AcDbPolyline
 90
2
 70
0
 10
636065.0466048514
 20
4838097.122171531
 10
636033.5052020632
 20
4838193.919286672
  0
LWPOLYLINE
  5
48D
330
17
100
AcDbEntity
  8
ROADS
100
AcDbPolyline
 90
2
 70
0
 10
635930.3199646755
 20
4838159.977136708
 10
636033.5052020632
 20
4838193.919286672
  0
LWPOLYLINE
  5
48E
330
17
100
AcDbEntity
  8
ROADS
100
AcDbPolyline
 90
2
 70
0
 10
636241.7995791971
 20
4838125.305301714
 10
636202.8872379205
 20
4838247.385403433
  0
LWPOLYLINE
  5
48F
330
17
100
AcDbEntity
  8
ROADS
100
AcDbPolyline
 90
2
 70
0
 10
636161.5194371957
 20
4838100.589715525
 10
636087.4805157305
 20
4838334.054860978
  0
LWPOLYLINE
  5
490
330
17
100
AcDbEntity
  8
ROADS
100
AcDbPolyline
 90
2
 70
0
 10
636332.7333030773
 20
4838162.483185662
 10
636295.4868776127
 20
4838279.875028139
  0
LWPOLYLINE
  5
491
330
17
100
AcDbEntity
  8
ROADS
100
AcDbPolyline
 90
2
 70
0
 10
636033.5052020632
 20
4838193.919286672
 10
635999.4315820215
 20
4838299.948401325
  0
LWPOLYLINE
  5
492
330
17
100
AcDbEntity
  8
ROADS
100
AcDbPolyline
 90
2
 70
0
 10
636202.8872379205
 20
4838247.385403433
 10
636295.4868776127
 20
4838279.875028139
  0
LWPOLYLINE
  5
493
330
17
100
AcDbEntity
  8
ROADS
100
AcDbPolyline
 90
2
 70
0
 10
636202.8872379205
 20
4838247.385403433
 10
636179.2614244443
 20
4838318.530429242
  0
LWPOLYLINE
  5
494
330
17
100
AcDbEntity
  8
ROADS
100
AcDbPolyline
 90
2
 70
0
 10
635999.4315820215
 20
4838299.948401325
 10
636052.3832293125
 20
4838318.085681042
  0
LWPOLYLINE
  5
495
330
17
100
AcDbEntity
  8
ROADS
100
AcDbPolyline
 90
2
 70
0
 10
636295.4868776127
 20
4838279.875028139
 10
636272.5681436581
 20
4838352.455987576
  0
LWPOLYLINE
  5
496
330
17
100
AcDbEntity
  8
ROADS
100
AcDbPolyline
 90
2
 70
0
 10
636332.7333030773
 20
4838162.483185662
 10
636402.4278298386
 20
4838196.858716183
  0
LWPOLYLINE
  5
497
330
17
100
AcDbEntity
  8
ROADS
100
AcDbPolyline
 90
2
 70
0
 10
636402.4278298386
 20
4838196.858716183
 10
636470.8580139063
 20
4838231.026375709
  0
LWPOLYLINE
  5
498
330
17
100
AcDbEntity
  8
ROADS
100
AcDbPolyline
 90
2
 70
0
 10
636470.8580139063
 20
4838231.026375709
 10
636539.2288958854
 20
4838268.473271048
  0
LWPOLYLINE
  5
499
330
17
100
AcDbEntity
  8
ROADS
100
AcDbPolyline
 90
2
 70
0
 10
636402.4278298386
 20
4838196.858716183
 10
636344.0193225932
 20
4838377.513491112
  0
LWPOLYLINE
  5
49A
330
17
100
AcDbEntity
  8
ROADS
100
AcDbPolyline
 90
2
 70
0
 10
636539.2288958854
 20
4838268.473271048
 10
636515.9668179017
 20
4838339.577941884
  0
LWPOLYLINE
  5
49B
330
17
100
AcDbEntity
  8
ROADS
100
AcDbPolyline
 90
2
 70
0
 10
636539.2288958854
 20
4838268.473271048
 10
636674.2654480743
 20
4838348.071691127
  0
LWPOLYLINE
  5
49C
330
17
100
AcDbEntity
  8
ROADS
100
AcDbPolyline
 90
2
 70
0
 10
636470.8580139063
 20
4838231.026375709
 10
636415.4742244636
 20
4838401.813004582
  0
LWPOLYLINE
  5
49D
330
17
100
AcDbEntity
  8
ROADS
100
AcDbPolyline
 90
2
 70
0
 10
636686.8564908112
 20
4838311.14207854
 10
636674.2654480743
 20
4838348.071691127
  0
LWPOLYLINE
  5
49E
330
17
100
AcDbEntity
  8
ROADS
100
AcDbPolyline
 90
2
 70
0
 10
636515.9668179017
 20
4838339.577941884
 10
636567.9508304436
 20
4838356.36763263
  0
LWPOLYLINE
  5
49F
330
17
100
AcDbEntity
  8
ROADS
100
AcDbPolyline
 90
2
 70
0
 10
636515.9668179017
 20
4838339.577941884
 10
636498.5772738424
 20
4838392.38017264
  0
LWPOLYLINE
  5
4A0
330
17
100
AcDbEntity
  8
ROADS
100
AcDbPolyline
 90
2
 70
0
 10
635799.0931304945
 20
4838239.836837282
 10
635893.8799391859
 20
4838270.275799011
  0
LWPOLYLINE
  5
4A1
330
17
100
AcDbEntity
  8
ROADS
100
AcDbPolyline
 90
2
 70
0
 10
635799.0931304945
 20
4838239.836837282
 10
635784.7448010073
 20
4838283.245139897
  0
LWPOLYLINE
  5
4A2
330
17
100
AcDbEntity
  8
ROADS
100
AcDbPolyline
 90
2
 70
0
 10
635747.3007331655
 20
4838270.792843462
 10
635753.3874926256
 20
4838252.423320032
  0
LWPOLYLINE
  5
4A3
330
17
100
AcDbEntity
  8
ROADS
100
AcDbPolyline
 90
2
 70
0
 10
635709.4018067649
 20
4838258.828365891
 10
635747.3007331655
 20
4838270.792843462
  0
LWPOLYLINE
  5
4A4
330
17
100
AcDbEntity
  8
ROADS
100
AcDbPolyline
 90
2
 70
0
 10
635747.3007331655
 20
4838270.792843462
 10
635784.7448010073
 20
4838283.245139897
  0
LWPOLYLINE
  5
4A5
330
17
100
AcDbEntity
  8
ROADS
100
AcDbPolyline
 90
2
 70
0
 10
635893.8799391859
 20
4838270.275799011
 10
635879.6757944754
 20
4838313.397695239
  0
LWPOLYLINE
  5
4A6
330
17
100
AcDbEntity
  8
ROADS
100
AcDbPolyline
 90
2
 70
0
 10
635784.7448010073
 20
4838283.245139897
 10
635879.6757944754
 20
4838313.397695239
  0
LWPOLYLINE
  5
4A7
330
17
100
AcDbEntity
  8
ROADS
100
AcDbPolyline
 90
2
 70
0
 10
635577.6179871778
 20
4838267.748730624
 10
635769.6555725101
 20
4838329.353275394
  0
LWPOLYLINE
  5
4A8
330
17
100
AcDbEntity
  8
ROADS
100
AcDbPolyline
 90
2
 70
0
 10
635784.7448010073
 20
4838283.245139897
 10
635769.6555725101
 20
4838329.353275394
  0
LWPOLYLINE
  5
4A9
330
17
100
AcDbEntity
  8
ROADS
100
AcDbPolyline
 90
2
 70
0
 10
635879.6757944754
 20
4838313.397695239
 10
635984.4547695941
 20
4838346.641650465
  0
LWPOLYLINE
  5
4AA
330
17
100
AcDbEntity
  8
ROADS
100
AcDbPolyline
 90
2
 70
0
 10
635999.4315820215
 20
4838299.948401325
 10
635984.4547695941
 20
4838346.641650465
  0
LWPOLYLINE
  5
4AB
330
17
100
AcDbEntity
  8
ROADS
100
AcDbPolyline
 90
2
 70
0
 10
636179.2614244443
 20
4838318.530429242
 10
636272.5681436581
 20
4838352.455987576
  0
LWPOLYLINE
  5
4AC
330
17
100
AcDbEntity
  8
ROADS
100
AcDbPolyline
 90
2
 70
0
 10
636179.2614244443
 20
4838318.530429242
 10
636166.3919559522
 20
4838360.8464278355
  0
LWPOLYLINE
  5
4AD
330
17
100
AcDbEntity
  8
ROADS
100
AcDbPolyline
 90
2
 70
0
 10
636087.4805157305
 20
4838334.054860978
 10
636166.3919559522
 20
4838360.8464278355
  0
LWPOLYLINE
  5
4AE
330
17
100
AcDbEntity
  8
ROADS
100
AcDbPolyline
 90
2
 70
0
 10
636087.4805157305
 20
4838334.054860978
 10
636074.5927639839
 20
4838377.547620833
  0
LWPOLYLINE
  5
4AF
330
17
100
AcDbEntity
  8
ROADS
100
AcDbPolyline
 90
2
 70
0
 10
635984.4547695941
 20
4838346.641650465
 10
636074.5927639839
 20
4838377.547620833
  0
LWPOLYLINE
  5
4B0
330
17
100
AcDbEntity
  8
ROADS
100
AcDbPolyline
 90
2
 70
0
 10
636272.5681436581
 20
4838352.455987576
 10
636344.0193225932
 20
4838377.513491112
  0
LWPOLYLINE
  5
4B1
330
17
100
AcDbEntity
  8
ROADS
100
AcDbPolyline
 90
2
 70
0
 10
635984.4547695941
 20
4838346.641650465
 10
635968.8418862388
 20
4838392.561323265
  0
LWPOLYLINE
  5
4B2
330
17
100
AcDbEntity
  8
ROADS
100
AcDbPolyline
 90
2
 70
0
 10
636166.3919559522
 20
4838360.8464278355
 10
636153.5108342613
 20
4838403.198215679
  0
LWPOLYLINE
  5
4B3
330
17
100
AcDbEntity
  8
ROADS
100
AcDbPolyline
 90
2
 70
0
 10
636074.5927639839
 20
4838377.547620833
 10
636131.9081921732
 20
4838397.266980916
  0
LWPOLYLINE
  5
4B4
330
17
100
AcDbEntity
  8
ROADS
100
AcDbPolyline
 90
2
 70
0
 10
636674.2654480743
 20
4838348.071691127
 10
636662.719102442
 20
4838384.083112667
  0
LWPOLYLINE
  5
4B5
330
17
100
AcDbEntity
  8
ROADS
100
AcDbPolyline
 90
2
 70
0
 10
636662.719102442
 20
4838384.083112667
 10
636672.4024986203
 20
4838387.150524233
  0
LWPOLYLINE
  5
4B6
330
17
100
AcDbEntity
  8
ROADS
100
AcDbPolyline
 90
2
 70
0
 10
636344.0193225932
 20
4838377.513491112
 10
636415.4742244636
 20
4838401.813004582
  0
LWPOLYLINE
  5
4B7
330
17
100
AcDbEntity
  8
ROADS
100
AcDbPolyline
 90
2
 70
0
 10
636344.0193225932
 20
4838377.513491112
 10
636330.4279319351
 20
4838418.383322531
  0
LWPOLYLINE
  5
4B8
330
17
100
AcDbEntity
  8
ROADS
100
AcDbPolyline
 90
2
 70
0
 10
636498.5772738424
 20
4838392.38017264
 10
636487.0250885381
 20
4838426.392288878
  0
LWPOLYLINE
  5
4B9
330
17
100
AcDbEntity
  8
ROADS
100
AcDbPolyline
 90
2
 70
0
 10
636662.719102442
 20
4838384.083112667
 10
636644.6433251265
 20
4838440.460275317
  0
LWPOLYLINE
  5
4BA
330
17
100
AcDbEntity
  8
ROADS
100
AcDbPolyline
 90
2
 70
0
 10
636415.4742244636
 20
4838401.813004582
 10
636487.0250885381
 20
4838426.392288878
  0
LWPOLYLINE
  5
4BB
330
17
100
AcDbEntity
  8
ROADS
100
AcDbPolyline
 90
2
 70
0
 10
636498.5772738424
 20
4838392.38017264
 10
636644.6433251265
 20
4838440.460275317
  0
LWPOLYLINE
  5
4BC
330
17
100
AcDbEntity
  8
ROADS
100
AcDbPolyline
 90
2
 70
0
 10
636487.0250885381
 20
4838426.392288878
 10
636483.9050774173
 20
4838436.329750847
  0
LWPOLYLINE
  5
4BD
330
17
100
AcDbEntity
  8
ROADS
100
AcDbPolyline
 90
2
 70
0
 10
636330.4279319351
 20
4838418.383322531
 10
636438.2831508314
 20
4838454.677263992
  0
LWPOLYLINE
  5
4BE
330
17
100
AcDbEntity
  8
ROADS
100
AcDbPolyline
 90
2
 70
0
 10
635306.1246430061
 20
4838228.04013458
 10
635276.4218212037
 20
4838318.401716934
  0
LWPOLYLINE
  5
4BF
330
17
100
AcDbEntity
  8
ROADS
100
AcDbPolyline
 90
2
 70
0
 10
635577.6179871778
 20
4838267.748730624
 10
635563.7549577188
 20
4838310.700740793
  0
LWPOLYLINE
  5
4C0
330
17
100
AcDbEntity
  8
ROADS
100
AcDbPolyline
 90
2
 70
0
 10
635563.7549577188
 20
4838310.700740793
 10
635535.1860070862
 20
4838402.510018959
  0
LWPOLYLINE
  5
4C1
330
17
100
AcDbEntity
  8
ROADS
100
AcDbPolyline
 90
2
 70
0
 10
635276.4218212037
 20
4838318.401716934
 10
635535.1860070862
 20
4838402.510018959
  0
LWPOLYLINE
  5
4C2
330
17
100
AcDbEntity
  8
ROADS
100
AcDbPolyline
 90
2
 70
0
 10
635276.4218212037
 20
4838318.401716934
 10
635248.3313563613
 20
4838408.252401184
  0
LWPOLYLINE
  5
4C3
330
17
100
AcDbEntity
  8
ROADS
100
AcDbPolyline
 90
2
 70
0
 10
635535.1860070862
 20
4838402.510018959
 10
635508.0769885569
 20
4838490.237332665
  0
LWPOLYLINE
  5
4C4
330
17
100
AcDbEntity
  8
ROADS
100
AcDbPolyline
 90
2
 70
0
 10
635248.3313563613
 20
4838408.252401184
 10
635508.0769885569
 20
4838490.237332665
  0
LWPOLYLINE
  5
4C5
330
17
100
AcDbEntity
  8
ROADS
100
AcDbPolyline
 90
2
 70
0
 10
635248.3313563613
 20
4838408.252401184
 10
635220.0600840732
 20
4838497.979789987
  0
LWPOLYLINE
  5
4C6
330
17
100
AcDbEntity
  8
ROADS
100
AcDbPolyline
 90
2
 70
0
 10
635508.0769885569
 20
4838490.237332665
 10
635698.8258799211
 20
4838551.095619732
  0
LWPOLYLINE
  5
4C7
330
17
100
AcDbEntity
  8
ROADS
100
AcDbPolyline
 90
2
 70
0
 10
635508.0769885569
 20
4838490.237332665
 10
635477.8037324357
 20
4838580.283602902
  0
LWPOLYLINE
  5
4C8
330
17
100
AcDbEntity
  8
ROADS
100
AcDbPolyline
 90
2
 70
0
 10
637506.7511589037
 20
4838124.32725262
 10
637444.0572354544
 20
4838317.305271
  0
LWPOLYLINE
  5
4C9
330
17
100
AcDbEntity
  8
ROADS
100
AcDbPolyline
 90
3
 70
0
 10
637273.7462919283
 20
4838262.634020315
 10
637297.9719646362
 20
4838186.582154807
 10
637317.7433817438
 20
4838192.410267278
  0
LWPOLYLINE
  5
4CA
330
17
100
AcDbEntity
  8
ROADS
100
AcDbPolyline
 90
2
 70
0
 10
637117.7286669501
 20
4838210.233534184
 10
637222.5778730941
 20
4838246.141088381
  0
LWPOLYLINE
  5
4CB
330
17
100
AcDbEntity
  8
ROADS
100
AcDbPolyline
 90
2
 70
0
 10
637222.5778730941
 20
4838246.141088381
 10
637232.3919809583
 20
4838249.66840709
  0
LWPOLYLINE
  5
4CC
330
17
100
AcDbEntity
  8
ROADS
100
AcDbPolyline
 90
2
 70
0
 10
637232.3919809583
 20
4838249.66840709
 10
637273.7462919283
 20
4838262.634020315
  0
LWPOLYLINE
  5
4CD
330
17
100
AcDbEntity
  8
ROADS
100
AcDbPolyline
 90
2
 70
0
 10
637359.874311943
 20
4838233.822047011
 10
637343.3377126402
 20
4838285.192710334
  0
LWPOLYLINE
  5
4CE
330
17
100
AcDbEntity
  8
ROADS
100
AcDbPolyline
 90
2
 70
0
 10
637222.5778730941
 20
4838246.141088381
 10
637211.8467654975
 20
4838279.102036328
  0
LWPOLYLINE
  5
4CF
330
17
100
AcDbEntity
  8
ROADS
100
AcDbPolyline
 90
2
 70
0
 10
637273.7462919283
 20
4838262.634020315
 10
637329.3239951569
 20
4838280.792855927
  0
LWPOLYLINE
  5
4D0
330
17
100
AcDbEntity
  8
ROADS
100
AcDbPolyline
 90
2
 70
0
 10
637329.3239951569
 20
4838280.792855927
 10
637343.3377126402
 20
4838285.192710334
  0
LWPOLYLINE
  5
4D1
330
17
100
AcDbEntity
  8
ROADS
100
AcDbPolyline
 90
2
 70
0
 10
637211.8467654975
 20
4838279.102036328
 10
637286.5952215234
 20
4838303.177134613
  0
LWPOLYLINE
  5
4D2
330
17
100
AcDbEntity
  8
ROADS
100
AcDbPolyline
 90
2
 70
0
 10
637005.7892141874
 20
4838174.747810117
 10
637053.877907579
 20
4838189.991908525
  0
LWPOLYLINE
  5
4D3
330
17
100
AcDbEntity
  8
ROADS
100
AcDbPolyline
 90
2
 70
0
 10
637053.877907579
 20
4838189.991908525
 10
637117.7286669501
 20
4838210.233534184
  0
LWPOLYLINE
  5
4D4
330
17
100
AcDbEntity
  8
ROADS
100
AcDbPolyline
 90
2
 70
0
 10
637005.7892141874
 20
4838174.747810117
 10
636995.0915987175
 20
4838228.804268299
  0
LWPOLYLINE
  5
4D5
330
17
100
AcDbEntity
  8
ROADS
100
AcDbPolyline
 90
2
 70
0
 10
636896.141321387
 20
4838140.018621588
 10
636849.2882354414
 20
4838284.931418714
  0
LWPOLYLINE
  5
4D6
330
17
100
AcDbEntity
  8
ROADS
100
AcDbPolyline
 90
4
 70
0
 10
636635.5317818531
 20
4838222.844868767
 10
636685.8496253449
 20
4838251.082446719
 10
636740.0909944659
 20
4838262.004427107
 10
636743.8106455402
 20
4838250.37564792
  0
LWPOLYLINE
  5
4D7
330
17
100
AcDbEntity
  8
ROADS
100
AcDbPolyline
 90
2
 70
0
 10
636743.8106455402
 20
4838250.37564792
 10
636798.4519971141
 20
4838267.604435353
  0
LWPOLYLINE
  5
4D8
330
17
100
AcDbEntity
  8
ROADS
100
AcDbPolyline
 90
2
 70
0
 10
636950.3339411194
 20
4838315.589701263
 10
636995.0915987175
 20
4838228.804268299
  0
LWPOLYLINE
  5
4D9
330
17
100
AcDbEntity
  8
ROADS
100
AcDbPolyline
 90
2
 70
0
 10
636798.4519971141
 20
4838267.604435353
 10
636849.2882354414
 20
4838284.931418714
  0
LWPOLYLINE
  5
4DA
330
17
100
AcDbEntity
  8
ROADS
100
AcDbPolyline
 90
2
 70
0
 10
636798.4519971141
 20
4838267.604435353
 10
636789.0432508113
 20
4838296.626900114
  0
LWPOLYLINE
  5
4DB
330
17
100
AcDbEntity
  8
ROADS
100
AcDbPolyline
 90
2
 70
0
 10
636903.0921798595
 20
4838301.73703324
 10
636913.2161990905
 20
4838270.436287767
  0
LWPOLYLINE
  5
4DC
330
17
100
AcDbEntity
  8
ROADS
100
AcDbPolyline
 90
2
 70
0
 10
637329.3239951569
 20
4838280.792855927
 10
637322.0781955315
 20
4838304.631007269
  0
LWPOLYLINE
  5
4DD
330
17
100
AcDbEntity
  8
ROADS
100
AcDbPolyline
 90
2
 70
0
 10
637579.0383592576
 20
4838239.62269926
 10
637542.3603980277
 20
4838349.482154282
  0
LWPOLYLINE
  5
4DE
330
17
100
AcDbEntity
  8
ROADS
100
AcDbPolyline
 90
2
 70
0
 10
637211.8467654975
 20
4838279.102036328
 10
637201.1174883334
 20
4838309.52878266
  0
LWPOLYLINE
  5
4DF
330
17
100
AcDbEntity
  8
ROADS
100
AcDbPolyline
 90
2
 70
0
 10
637309.05655102
 20
4838300.398110148
 10
637296.8645027825
 20
4838296.468245148
  0
LWPOLYLINE
  5
4E0
330
17
100
AcDbEntity
  8
ROADS
100
AcDbPolyline
 90
2
 70
0
 10
637343.3377126402
 20
4838285.192710334
 10
637444.0572354544
 20
4838317.305271
  0
LWPOLYLINE
  5
4E1
330
17
100
AcDbEntity
  8
ROADS
100
AcDbPolyline
 90
2
 70
0
 10
637322.0781955315
 20
4838304.631007269
 10
637309.05655102
 20
4838300.398110148
  0
LWPOLYLINE
  5
4E2
330
17
100
AcDbEntity
  8
ROADS
100
AcDbPolyline
 90
2
 70
0
 10
637335.4678729308
 20
4838308.974571114
 10
637322.0781955315
 20
4838304.631007269
  0
LWPOLYLINE
  5
4E3
330
17
100
AcDbEntity
  8
ROADS
100
AcDbPolyline
 90
2
 70
0
 10
637345.8041798306
 20
4838312.327821143
 10
637335.4678729308
 20
4838308.974571114
  0
LWPOLYLINE
  5
4E4
330
17
100
AcDbEntity
  8
ROADS
100
AcDbPolyline
 90
4
 70
0
 10
637309.05655102
 20
4838300.398110148
 10
637305.3523529012
 20
4838318.304766237
 10
637330.1805748949
 20
4838324.1693467405
 10
637335.4678729308
 20
4838308.974571114
  0
LWPOLYLINE
  5
4E5
330
17
100
AcDbEntity
  8
ROADS
100
AcDbPolyline
 90
2
 70
0
 10
637201.1174883334
 20
4838309.52878266
 10
637189.0591305707
 20
4838346.975133638
  0
LWPOLYLINE
  5
4E6
330
17
100
AcDbEntity
  8
ROADS
100
AcDbPolyline
 90
2
 70
0
 10
636849.2882354414
 20
4838284.931418714
 10
636903.0921798595
 20
4838301.73703324
  0
LWPOLYLINE
  5
4E7
330
17
100
AcDbEntity
  8
ROADS
100
AcDbPolyline
 90
2
 70
0
 10
636903.0921798595
 20
4838301.73703324
 10
636950.3339411194
 20
4838315.589701263
  0
LWPOLYLINE
  5
4E8
330
17
100
AcDbEntity
  8
ROADS
100
AcDbPolyline
 90
3
 70
0
 10
636849.2882354414
 20
4838284.931418714
 10
636834.5893686493
 20
4838334.834105175
 10
636861.0690846001
 20
4838348.750279141
  0
LWPOLYLINE
  5
4E9
330
17
100
AcDbEntity
  8
ROADS
100
AcDbPolyline
 90
2
 70
0
 10
636995.0915987175
 20
4838228.804268299
 10
636938.0286271556
 20
4838413.079023123
  0
LWPOLYLINE
  5
4EA
330
17
100
AcDbEntity
  8
ROADS
100
AcDbPolyline
 90
2
 70
0
 10
636940.4573488618
 20
4838345.927836252
 10
636950.3339411194
 20
4838315.589701263
  0
LWPOLYLINE
  5
4EB
330
17
100
AcDbEntity
  8
ROADS
100
AcDbPolyline
 90
3
 70
0
 10
636861.0690846001
 20
4838348.750279141
 10
636874.6033009329
 20
4838325.030904029
 10
636940.4573488618
 20
4838345.927836252
  0
LWPOLYLINE
  5
4EC
330
17
100
AcDbEntity
  8
ROADS
100
AcDbPolyline
 90
3
 70
0
 10
636861.0690846001
 20
4838348.750279141
 10
636929.8755979956
 20
4838378.4274126515
 10
636940.4573488618
 20
4838345.927836252
  0
LWPOLYLINE
  5
4ED
330
17
100
AcDbEntity
  8
ROADS
100
AcDbPolyline
 90
2
 70
0
 10
637177.8517259699
 20
4838381.276583862
 10
637149.0002914949
 20
4838409.850394115
  0
LWPOLYLINE
  5
4EE
330
17
100
AcDbEntity
  8
ROADS
100
AcDbPolyline
 90
2
 70
0
 10
637168.7171840792
 20
4838411.836178782
 10
637149.0002914949
 20
4838409.850394115
  0
LWPOLYLINE
  5
4EF
330
17
100
AcDbEntity
  8
ROADS
100
AcDbPolyline
 90
2
 70
0
 10
637149.0002914949
 20
4838409.850394115
 10
637122.7434954548
 20
4838456.813810815
  0
LWPOLYLINE
  5
4F0
330
17
100
AcDbEntity
  8
ROADS
100
AcDbPolyline
 90
2
 70
0
 10
637444.0572354544
 20
4838317.305271
 10
637542.3603980277
 20
4838349.482154282
  0
LWPOLYLINE
  5
4F1
330
17
100
AcDbEntity
  8
ROADS
100
AcDbPolyline
 90
2
 70
0
 10
637189.0591305707
 20
4838346.975133638
 10
637226.6142861063
 20
4838359.929544779
  0
LWPOLYLINE
  5
4F2
330
17
100
AcDbEntity
  8
ROADS
100
AcDbPolyline
 90
2
 70
0
 10
637201.1174883334
 20
4838309.52878266
 10
637482.3387928562
 20
4838400.352319657
  0
LWPOLYLINE
  5
4F3
330
17
100
AcDbEntity
  8
ROADS
100
AcDbPolyline
 90
2
 70
0
 10
637189.0591305707
 20
4838346.975133638
 10
637177.8517259699
 20
4838381.276583862
  0
LWPOLYLINE
  5
4F4
330
17
100
AcDbEntity
  8
ROADS
100
AcDbPolyline
 90
2
 70
0
 10
637542.3603980277
 20
4838349.482154282
 10
637601.5423387515
 20
4838368.217732775
  0
LWPOLYLINE
  5
4F5
330
17
100
AcDbEntity
  8
ROADS
100
AcDbPolyline
 90
2
 70
0
 10
637482.3387928562
 20
4838400.352319657
 10
637495.9832643486
 20
4838356.716050387
  0
LWPOLYLINE
  5
4F6
330
17
100
AcDbEntity
  8
ROADS
100
AcDbPolyline
 90
2
 70
0
 10
637226.6142861063
 20
4838359.929544779
 10
637214.5470893215
 20
4838397.974792031
  0
LWPOLYLINE
  5
4F7
330
17
100
AcDbEntity
  8
ROADS
100
AcDbPolyline
 90
2
 70
0
 10
637542.3603980277
 20
4838349.482154282
 10
637522.7487180774
 20
4838409.5760332495
  0
LWPOLYLINE
  5
4F8
330
17
100
AcDbEntity
  8
ROADS
100
AcDbPolyline
 90
2
 70
0
 10
637177.8517259699
 20
4838381.276583862
 10
637168.7171840792
 20
4838411.836178782
  0
LWPOLYLINE
  5
4F9
330
17
100
AcDbEntity
  8
ROADS
100
AcDbPolyline
 90
2
 70
0
 10
637226.6142861063
 20
4838359.929544779
 10
637470.3460118038
 20
4838438.705969077
  0
LWPOLYLINE
  5
4FA
330
17
100
AcDbEntity
  8
ROADS
100
AcDbPolyline
 90
2
 70
0
 10
637214.5470893215
 20
4838397.974792031
 10
637202.1850639649
 20
4838436.948789551
  0
LWPOLYLINE
  5
4FB
330
17
100
AcDbEntity
  8
ROADS
100
AcDbPolyline
 90
2
 70
0
 10
637470.3460118038
 20
4838438.705969077
 10
637482.3387928562
 20
4838400.352319657
  0
LWPOLYLINE
  5
4FC
330
17
100
AcDbEntity
  8
ROADS
100
AcDbPolyline
 90
3
 70
0
 10
637168.7171840792
 20
4838411.836178782
 10
637165.9725747901
 20
4838424.7387226345
 10
637202.1850639649
 20
4838436.948789551
  0
LWPOLYLINE
  5
4FD
330
17
100
AcDbEntity
  8
ROADS
100
AcDbPolyline
 90
2
 70
0
 10
637522.7487180774
 20
4838409.5760332495
 10
637565.7707639758
 20
4838450.211910316
  0
LWPOLYLINE
  5
4FE
330
17
100
AcDbEntity
  8
ROADS
100
AcDbPolyline
 90
2
 70
0
 10
637522.7487180774
 20
4838409.5760332495
 10
637509.1595978881
 20
4838451.368134063
  0
LWPOLYLINE
  5
4FF
330
17
100
AcDbEntity
  8
ROADS
100
AcDbPolyline
 90
2
 70
0
 10
637214.5470893215
 20
4838397.974792031
 10
637458.2425267636
 20
4838476.489560809
  0
LWPOLYLINE
  5
500
330
17
100
AcDbEntity
  8
ROADS
100
AcDbPolyline
 90
2
 70
0
 10
637470.3460118038
 20
4838438.705969077
 10
637509.1595978881
 20
4838451.368134063
  0
LWPOLYLINE
  5
501
330
17
100
AcDbEntity
  8
ROADS
100
AcDbPolyline
 90
2
 70
0
 10
637509.1595978881
 20
4838451.368134063
 10
637565.7707639758
 20
4838450.211910316
  0
LWPOLYLINE
  5
502
330
17
100
AcDbEntity
  8
ROADS
100
AcDbPolyline
 90
2
 70
0
 10
637470.3460118038
 20
4838438.705969077
 10
637458.2425267636
 20
4838476.489560809
  0
LWPOLYLINE
  5
503
330
17
100
AcDbEntity
  8
ROADS
100
AcDbPolyline
 90
2
 70
0
 10
637202.1850639649
 20
4838436.948789551
 10
637444.612790057
 20
4838519.033985995
  0
LWPOLYLINE
  5
504
330
17
100
AcDbEntity
  8
ROADS
100
AcDbPolyline
 90
2
 70
0
 10
637565.7707639758
 20
4838450.211910316
 10
637607.4122483232
 20
4838472.043883934
  0
LWPOLYLINE
  5
505
330
17
100
AcDbEntity
  8
ROADS
100
AcDbPolyline
 90
4
 70
0
 10
636746.1136745849
 20
4838473.762506566
 10
636737.5913159014
 20
4838443.551136016
 10
636684.1977432619
 20
4838434.967170801
 10
636674.0976674702
 20
4838450.125866418
  0
LWPOLYLINE
  5
506
330
17
100
AcDbEntity
  8
ROADS
100
AcDbPolyline
 90
2
 70
0
 10
636674.0976674702
 20
4838450.125866418
 10
636746.1136745849
 20
4838473.762506566
  0
LWPOLYLINE
  5
507
330
17
100
AcDbEntity
  8
ROADS
100
AcDbPolyline
 90
2
 70
0
 10
636746.1136745849
 20
4838473.762506566
 10
636834.4336115547
 20
4838504.562686249
  0
LWPOLYLINE
  5
508
330
17
100
AcDbEntity
  8
ROADS
100
AcDbPolyline
 90
2
 70
0
 10
636938.0286271556
 20
4838413.079023123
 10
636881.0078312189
 20
4838586.115458417
  0
LWPOLYLINE
  5
509
330
17
100
AcDbEntity
  8
ROADS
100
AcDbPolyline
 90
2
 70
0
 10
637246.7688434811
 20
4838582.157993989
 10
636963.1267265131
 20
4838482.921314478
  0
LWPOLYLINE
  5
50A
330
17
100
AcDbEntity
  8
ROADS
100
AcDbPolyline
 90
3
 70
0
 10
636834.4336115547
 20
4838504.562686249
 10
636814.8459944201
 20
4838563.879794184
 10
636798.5178915248
 20
4838559.104041249
  0
LWPOLYLINE
  5
50B
330
17
100
AcDbEntity
  8
ROADS
100
AcDbPolyline
 90
4
 70
0
 10
636834.4336115547
 20
4838504.562686249
 10
636882.7757496864
 20
4838523.48574292
 10
636870.6224113808
 20
4838575.802683868
 10
636881.0078312189
 20
4838586.115458417
  0
LWPOLYLINE
  5
50C
330
17
100
AcDbEntity
  8
ROADS
100
AcDbPolyline
 90
2
 70
0
 10
636606.9683932884
 20
4838559.557101279
 10
636770.470296086
 20
4838610.581416194
  0
LWPOLYLINE
  5
50D
330
17
100
AcDbEntity
  8
ROADS
100
AcDbPolyline
 90
2
 70
0
 10
636881.0078312189
 20
4838586.115458417
 10
636861.2000392913
 20
4838637.920905667
  0
LWPOLYLINE
  5
50E
330
17
100
AcDbEntity
  8
ROADS
100
AcDbPolyline
 90
2
 70
0
 10
636770.470296086
 20
4838610.581416194
 10
636861.2000392913
 20
4838637.920905667
  0
LWPOLYLINE
  5
50F
330
17
100
AcDbEntity
  8
ROADS
100
AcDbPolyline
 90
2
 70
0
 10
637509.1595978881
 20
4838451.368134063
 10
637482.5106670128
 20
4838533.333749145
  0
LWPOLYLINE
  5
510
330
17
100
AcDbEntity
  8
ROADS
100
AcDbPolyline
 90
2
 70
0
 10
637458.2425267636
 20
4838476.489560809
 10
637444.612790057
 20
4838519.033985995
  0
LWPOLYLINE
  5
511
330
17
100
AcDbEntity
  8
ROADS
100
AcDbPolyline
 90
2
 70
0
 10
637444.612790057
 20
4838519.033985995
 10
637482.5106670128
 20
4838533.333749145
  0
LWPOLYLINE
  5
512
330
17
100
AcDbEntity
  8
ROADS
100
AcDbPolyline
 90
2
 70
0
 10
637482.5106670128
 20
4838533.333749145
 10
637602.5811642945
 20
4838574.808928808
  0
LWPOLYLINE
  5
513
330
17
100
AcDbEntity
  8
ROADS
100
AcDbPolyline
 90
2
 70
0
 10
637246.7688434811
 20
4838582.157993989
 10
637243.1656138522
 20
4838566.3948742915
  0
LWPOLYLINE
  5
514
330
17
100
AcDbEntity
  8
ROADS
100
AcDbPolyline
 90
3
 70
0
 10
637482.5106670128
 20
4838533.333749145
 10
637471.1814944322
 20
4838568.173071
 10
637598.0874816357
 20
4838611.1857505785
  0
LWPOLYLINE
  5
515
330
17
100
AcDbEntity
  8
ROADS
100
AcDbPolyline
 90
2
 70
0
 10
637371.3533161413
 20
4838642.58938911
 10
637365.5717600381
 20
4838660.559477973
  0
LWPOLYLINE
  5
516
330
17
100
AcDbEntity
  8
ROADS
100
AcDbPolyline
 90
2
 70
0
 10
637246.7688434811
 20
4838582.157993989
 10
637261.2097161562
 20
4838723.003639106
  0
LWPOLYLINE
  5
517
330
17
100
AcDbEntity
  8
ROADS
100
AcDbPolyline
 90
3
 70
0
 10
637461.4520959428
 20
4838672.862793133
 10
637416.8446240809
 20
4838657.898597996
 10
637411.0472639224
 20
4838675.802397079
  0
LWPOLYLINE
  5
518
330
17
100
AcDbEntity
  8
ROADS
100
AcDbPolyline
 90
2
 70
0
 10
637365.5717600381
 20
4838660.559477973
 10
637411.0472639224
 20
4838675.802397079
  0
LWPOLYLINE
  5
519
330
17
100
AcDbEntity
  8
ROADS
100
AcDbPolyline
 90
2
 70
0
 10
636420.4628034579
 20
4838496.407694241
 10
636392.675393384
 20
4838576.1312473705
  0
LWPOLYLINE
  5
51A
330
17
100
AcDbEntity
  8
ROADS
100
AcDbPolyline
 90
2
 70
0
 10
636590.0508683615
 20
4838553.420068183
 10
636606.9683932884
 20
4838559.557101279
  0
LWPOLYLINE
  5
51B
330
17
100
AcDbEntity
  8
ROADS
100
AcDbPolyline
 90
2
 70
0
 10
636590.0508683615
 20
4838553.420068183
 10
636563.2991621862
 20
4838632.334317075
  0
LWPOLYLINE
  5
51C
330
17
100
AcDbEntity
  8
ROADS
100
AcDbPolyline
 90
2
 70
0
 10
636392.675393384
 20
4838576.1312473705
 10
636563.2991621862
 20
4838632.334317075
  0
LWPOLYLINE
  5
51D
330
17
100
AcDbEntity
  8
ROADS
100
AcDbPolyline
 90
2
 70
0
 10
636392.675393384
 20
4838576.1312473705
 10
636366.367350766
 20
4838652.8552767895
  0
LWPOLYLINE
  5
51E
330
17
100
AcDbEntity
  8
ROADS
100
AcDbPolyline
 90
2
 70
0
 10
636327.8532976072
 20
4838640.891609358
 10
636366.367350766
 20
4838652.8552767895
  0
LWPOLYLINE
  5
51F
330
17
100
AcDbEntity
  8
ROADS
100
AcDbPolyline
 90
2
 70
0
 10
636563.2991621862
 20
4838632.334317075
 10
636740.9444815658
 20
4838693.632902283
  0
LWPOLYLINE
  5
520
330
17
100
AcDbEntity
  8
ROADS
100
AcDbPolyline
 90
2
 70
0
 10
636563.2991621862
 20
4838632.334317075
 10
636537.1590223988
 20
4838709.1184237115
  0
LWPOLYLINE
  5
521
330
17
100
AcDbEntity
  8
ROADS
100
AcDbPolyline
 90
2
 70
0
 10
636366.367350766
 20
4838652.8552767895
 10
636537.1590223988
 20
4838709.1184237115
  0
LWPOLYLINE
  5
522
330
17
100
AcDbEntity
  8
ROADS
100
AcDbPolyline
 90
2
 70
0
 10
636366.367350766
 20
4838652.8552767895
 10
636339.5430834609
 20
4838728.150829911
  0
LWPOLYLINE
  5
523
330
17
100
AcDbEntity
  8
ROADS
100
AcDbPolyline
 90
2
 70
0
 10
636770.470296086
 20
4838610.581416194
 10
636752.8573111478
 20
4838657.709118922
  0
LWPOLYLINE
  5
524
330
17
100
AcDbEntity
  8
ROADS
100
AcDbPolyline
 90
2
 70
0
 10
636861.2000392913
 20
4838637.920905667
 10
636964.05576845
 20
4838673.561487599
  0
LWPOLYLINE
  5
525
330
17
100
AcDbEntity
  8
ROADS
100
AcDbPolyline
 90
2
 70
0
 10
636861.2000392913
 20
4838637.920905667
 10
636842.9150731923
 20
4838687.91872621
  0
LWPOLYLINE
  5
526
330
17
100
AcDbEntity
  8
ROADS
100
AcDbPolyline
 90
2
 70
0
 10
636752.8573111478
 20
4838657.709118922
 10
636797.3652973291
 20
4838672.639483382
  0
LWPOLYLINE
  5
527
330
17
100
AcDbEntity
  8
ROADS
100
AcDbPolyline
 90
2
 70
0
 10
636752.8573111478
 20
4838657.709118922
 10
636740.9444815658
 20
4838693.632902283
  0
LWPOLYLINE
  5
528
330
17
100
AcDbEntity
  8
ROADS
100
AcDbPolyline
 90
2
 70
0
 10
636797.3652973291
 20
4838672.639483382
 10
636842.9150731923
 20
4838687.91872621
  0
LWPOLYLINE
  5
529
330
17
100
AcDbEntity
  8
ROADS
100
AcDbPolyline
 90
2
 70
0
 10
636797.3652973291
 20
4838672.639483382
 10
636783.268613254
 20
4838715.8974358775
  0
LWPOLYLINE
  5
52A
330
17
100
AcDbEntity
  8
ROADS
100
AcDbPolyline
 90
2
 70
0
 10
636964.05576845
 20
4838673.561487599
 10
636946.502411516
 20
4838724.08160189
  0
LWPOLYLINE
  5
52B
330
17
100
AcDbEntity
  8
ROADS
100
AcDbPolyline
 90
2
 70
0
 10
636740.9444815658
 20
4838693.632902283
 10
636737.1430884247
 20
4838704.472126809
  0
LWPOLYLINE
  5
52C
330
17
100
AcDbEntity
  8
ROADS
100
AcDbPolyline
 90
2
 70
0
 10
636842.9150731923
 20
4838687.91872621
 10
636946.502411516
 20
4838724.08160189
  0
LWPOLYLINE
  5
52D
330
17
100
AcDbEntity
  8
ROADS
100
AcDbPolyline
 90
2
 70
0
 10
637228.42370495
 20
4838593.406725623
 10
637177.5913618705
 20
4838744.8242300935
  0
LWPOLYLINE
  5
52E
330
17
100
AcDbEntity
  8
ROADS
100
AcDbPolyline
 90
2
 70
0
 10
637461.4520959428
 20
4838672.862793133
 10
637507.0865538649
 20
4838688.662644684
  0
LWPOLYLINE
  5
52F
330
17
100
AcDbEntity
  8
ROADS
100
AcDbPolyline
 90
2
 70
0
 10
637507.0865538649
 20
4838688.662644684
 10
637552.2111792574
 20
4838702.958139399
  0
LWPOLYLINE
  5
530
330
17
100
AcDbEntity
  8
ROADS
100
AcDbPolyline
 90
2
 70
0
 10
637365.5717600381
 20
4838660.559477973
 10
637336.7181593117
 20
4838750.371889662
  0
LWPOLYLINE
  5
531
330
17
100
AcDbEntity
  8
ROADS
100
AcDbPolyline
 90
2
 70
0
 10
637411.0472639224
 20
4838675.802397079
 10
637381.2603641491
 20
4838768.031162155
  0
LWPOLYLINE
  5
532
330
17
100
AcDbEntity
  8
ROADS
100
AcDbPolyline
 90
2
 70
0
 10
637461.4520959428
 20
4838672.862793133
 10
637426.1738630527
 20
4838782.994905609
  0
LWPOLYLINE
  5
533
330
17
100
AcDbEntity
  8
ROADS
100
AcDbPolyline
 90
2
 70
0
 10
637261.2097161562
 20
4838723.003639106
 10
637336.7181593117
 20
4838750.371889662
  0
LWPOLYLINE
  5
534
330
17
100
AcDbEntity
  8
ROADS
100
AcDbPolyline
 90
3
 70
0
 10
637507.0865538649
 20
4838688.662644684
 10
637479.6784283828
 20
4838772.898720022
 10
637524.3782518243
 20
4838787.346555627
  0
LWPOLYLINE
  5
535
330
17
100
AcDbEntity
  8
ROADS
100
AcDbPolyline
 90
2
 70
0
 10
637552.2111792574
 20
4838702.958139399
 10
637524.3782518243
 20
4838787.346555627
  0
LWPOLYLINE
  5
536
330
17
100
AcDbEntity
  8
ROADS
100
AcDbPolyline
 90
2
 70
0
 10
637261.2097161562
 20
4838723.003639106
 10
637264.80614405
 20
4838774.692444205
  0
LWPOLYLINE
  5
537
330
17
100
AcDbEntity
  8
ROADS
100
AcDbPolyline
 90
2
 70
0
 10
636842.9150731923
 20
4838687.91872621
 10
636820.1532805554
 20
4838724.744040483
  0
LWPOLYLINE
  5
538
330
17
100
AcDbEntity
  8
ROADS
100
AcDbPolyline
 90
2
 70
0
 10
636964.05576845
 20
4838673.561487599
 10
637177.5913618705
 20
4838744.8242300935
  0
LWPOLYLINE
  5
539
330
17
100
AcDbEntity
  8
ROADS
100
AcDbPolyline
 90
2
 70
0
 10
636737.1430884247
 20
4838704.472126809
 10
636783.268613254
 20
4838715.8974358775
  0
LWPOLYLINE
  5
53A
330
17
100
AcDbEntity
  8
ROADS
100
AcDbPolyline
 90
2
 70
0
 10
636783.268613254
 20
4838715.8974358775
 10
636820.1532805554
 20
4838724.744040483
  0
LWPOLYLINE
  5
53B
330
17
100
AcDbEntity
  8
ROADS
100
AcDbPolyline
 90
2
 70
0
 10
636737.1430884247
 20
4838704.472126809
 10
636715.2813806138
 20
4838769.033548429
  0
LWPOLYLINE
  5
53C
330
17
100
AcDbEntity
  8
ROADS
100
AcDbPolyline
 90
2
 70
0
 10
636820.1532805554
 20
4838724.744040483
 10
636820.8127299659
 20
4838752.403309883
  0
LWPOLYLINE
  5
53D
330
17
100
AcDbEntity
  8
ROADS
100
AcDbPolyline
 90
2
 70
0
 10
636946.502411516
 20
4838724.08160189
 10
636925.4839088253
 20
4838784.488435884
  0
LWPOLYLINE
  5
53E
330
17
100
AcDbEntity
  8
ROADS
100
AcDbPolyline
 90
2
 70
0
 10
636820.8127299659
 20
4838752.403309883
 10
636872.8846147642
 20
4838769.423189552
  0
LWPOLYLINE
  5
53F
330
17
100
AcDbEntity
  8
ROADS
100
AcDbPolyline
 90
2
 70
0
 10
636872.8846147642
 20
4838769.423189552
 10
636925.4839088253
 20
4838784.488435884
  0
LWPOLYLINE
  5
540
330
17
100
AcDbEntity
  8
ROADS
100
AcDbPolyline
 90
2
 70
0
 10
636925.4839088253
 20
4838784.488435884
 10
636961.1864283346
 20
4838780.382322787
  0
LWPOLYLINE
  5
541
330
17
100
AcDbEntity
  8
ROADS
100
AcDbPolyline
 90
2
 70
0
 10
637336.7181593117
 20
4838750.371889662
 10
637381.2603641491
 20
4838768.031162155
  0
LWPOLYLINE
  5
542
330
17
100
AcDbEntity
  8
ROADS
100
AcDbPolyline
 90
2
 70
0
 10
637177.5913618705
 20
4838744.8242300935
 10
637264.80614405
 20
4838774.692444205
  0
LWPOLYLINE
  5
543
330
17
100
AcDbEntity
  8
ROADS
100
AcDbPolyline
 90
2
 70
0
 10
637552.2111792574
 20
4838702.958139399
 10
637578.8124514265
 20
4838711.739598237
  0
LWPOLYLINE
  5
544
330
17
100
AcDbEntity
  8
ROADS
100
AcDbPolyline
 90
2
 70
0
 10
637546.5034289908
 20
4838823.240682801
 10
637516.2321654327
 20
4838813.681658371
  0
LWPOLYLINE
  5
545
330
17
100
AcDbEntity
  8
ROADS
100
AcDbPolyline
 90
2
 70
0
 10
637336.7181593117
 20
4838750.371889662
 10
637322.7919177286
 20
4838793.798007156
  0
LWPOLYLINE
  5
546
330
17
100
AcDbEntity
  8
ROADS
100
AcDbPolyline
 90
2
 70
0
 10
637381.2603641491
 20
4838768.031162155
 10
637426.1738630527
 20
4838782.994905609
  0
LWPOLYLINE
  5
547
330
17
100
AcDbEntity
  8
ROADS
100
AcDbPolyline
 90
2
 70
0
 10
637264.80614405
 20
4838774.692444205
 10
637322.7919177286
 20
4838793.798007156
  0
LWPOLYLINE
  5
548
330
17
100
AcDbEntity
  8
ROADS
100
AcDbPolyline
 90
2
 70
0
 10
637524.3782518243
 20
4838787.346555627
 10
637516.2321654327
 20
4838813.681658371
  0
LWPOLYLINE
  5
549
330
17
100
AcDbEntity
  8
ROADS
100
AcDbPolyline
 90
2
 70
0
 10
637426.1738630527
 20
4838782.994905609
 10
637413.2441462649
 20
4838823.825817973
  0
LWPOLYLINE
  5
54A
330
17
100
AcDbEntity
  8
ROADS
100
AcDbPolyline
 90
2
 70
0
 10
637264.80614405
 20
4838774.692444205
 10
637262.2069588464
 20
4838835.007981914
  0
LWPOLYLINE
  5
54B
330
17
100
AcDbEntity
  8
ROADS
100
AcDbPolyline
 90
2
 70
0
 10
637322.7919177286
 20
4838793.798007156
 10
637413.2441462649
 20
4838823.825817973
  0
LWPOLYLINE
  5
54C
330
17
100
AcDbEntity
  8
ROADS
100
AcDbPolyline
 90
2
 70
0
 10
636961.1864283346
 20
4838780.382322787
 10
636982.4712027923
 20
4838788.187017538
  0
LWPOLYLINE
  5
54D
330
17
100
AcDbEntity
  8
ROADS
100
AcDbPolyline
 90
2
 70
0
 10
636957.6871071348
 20
4838792.435127746
 10
636961.1864283346
 20
4838780.382322787
  0
LWPOLYLINE
  5
54E
330
17
100
AcDbEntity
  8
ROADS
100
AcDbPolyline
 90
2
 70
0
 10
636925.4839088253
 20
4838784.488435884
 10
636957.6871071348
 20
4838792.435127746
  0
LWPOLYLINE
  5
54F
330
17
100
AcDbEntity
  8
ROADS
100
AcDbPolyline
 90
2
 70
0
 10
636982.4712027923
 20
4838788.187017538
 10
637004.3514614308
 20
4838792.927204338
  0
LWPOLYLINE
  5
550
330
17
100
AcDbEntity
  8
ROADS
100
AcDbPolyline
 90
2
 70
0
 10
636982.4712027923
 20
4838788.187017538
 10
636978.7717148965
 20
4838799.308117768
  0
LWPOLYLINE
  5
551
330
17
100
AcDbEntity
  8
ROADS
100
AcDbPolyline
 90
2
 70
0
 10
636957.6871071348
 20
4838792.435127746
 10
636978.7717148965
 20
4838799.308117768
  0
LWPOLYLINE
  5
552
330
17
100
AcDbEntity
  8
ROADS
100
AcDbPolyline
 90
2
 70
0
 10
637262.2069588464
 20
4838835.007981914
 10
637065.6769223803
 20
4838767.779116454
  0
LWPOLYLINE
  5
553
330
17
100
AcDbEntity
  8
ROADS
100
AcDbPolyline
 90
2
 70
0
 10
636715.2813806138
 20
4838769.033548429
 10
636688.9384832004
 20
4838846.022030902
  0
LWPOLYLINE
  5
554
330
17
100
AcDbEntity
  8
ROADS
100
AcDbPolyline
 90
2
 70
0
 10
636925.4839088253
 20
4838784.488435884
 10
636895.1301439704
 20
4838875.491193264
  0
LWPOLYLINE
  5
555
330
17
100
AcDbEntity
  8
ROADS
100
AcDbPolyline
 90
2
 70
0
 10
636978.7717148965
 20
4838799.308117768
 10
637216.339539265
 20
4838878.806383462
  0
LWPOLYLINE
  5
556
330
17
100
AcDbEntity
  8
ROADS
100
AcDbPolyline
 90
2
 70
0
 10
635563.7549577188
 20
4838310.700740793
 10
635755.871665733
 20
4838371.468665623
  0
LWPOLYLINE
  5
557
330
17
100
AcDbEntity
  8
ROADS
100
AcDbPolyline
 90
2
 70
0
 10
635769.6555725101
 20
4838329.353275394
 10
635755.871665733
 20
4838371.468665623
  0
LWPOLYLINE
  5
558
330
17
100
AcDbEntity
  8
ROADS
100
AcDbPolyline
 90
2
 70
0
 10
635769.6555725101
 20
4838329.353275394
 10
635968.8418862388
 20
4838392.561323265
  0
LWPOLYLINE
  5
559
330
17
100
AcDbEntity
  8
ROADS
100
AcDbPolyline
 90
2
 70
0
 10
635755.871665733
 20
4838371.468665623
 10
635952.7146654839
 20
4838439.4367736485
  0
LWPOLYLINE
  5
55A
330
17
100
AcDbEntity
  8
ROADS
100
AcDbPolyline
 90
2
 70
0
 10
635968.8418862388
 20
4838392.561323265
 10
635952.7146654839
 20
4838439.4367736485
  0
LWPOLYLINE
  5
55B
330
17
100
AcDbEntity
  8
ROADS
100
AcDbPolyline
 90
2
 70
0
 10
635755.871665733
 20
4838371.468665623
 10
635728.4224111537
 20
4838462.303157608
  0
LWPOLYLINE
  5
55C
330
17
100
AcDbEntity
  8
ROADS
100
AcDbPolyline
 90
2
 70
0
 10
635535.1860070862
 20
4838402.510018959
 10
635728.4224111537
 20
4838462.303157608
  0
LWPOLYLINE
  5
55D
330
17
100
AcDbEntity
  8
ROADS
100
AcDbPolyline
 90
2
 70
0
 10
635952.7146654839
 20
4838439.4367736485
 10
635924.6138803277
 20
4838523.494933421
  0
LWPOLYLINE
  5
55E
330
17
100
AcDbEntity
  8
ROADS
100
AcDbPolyline
 90
2
 70
0
 10
635728.4224111537
 20
4838462.303157608
 10
635924.6138803277
 20
4838523.494933421
  0
LWPOLYLINE
  5
55F
330
17
100
AcDbEntity
  8
ROADS
100
AcDbPolyline
 90
2
 70
0
 10
635728.4224111537
 20
4838462.303157608
 10
635698.8258799211
 20
4838551.095619732
  0
LWPOLYLINE
  5
560
330
17
100
AcDbEntity
  8
ROADS
100
AcDbPolyline
 90
2
 70
0
 10
636330.4279319351
 20
4838418.383322531
 10
636321.7179308146
 20
4838460.029506382
  0
LWPOLYLINE
  5
561
330
17
100
AcDbEntity
  8
ROADS
100
AcDbPolyline
 90
2
 70
0
 10
636644.6433251265
 20
4838440.460275317
 10
636674.0976674702
 20
4838450.125866418
  0
LWPOLYLINE
  5
562
330
17
100
AcDbEntity
  8
ROADS
100
AcDbPolyline
 90
2
 70
0
 10
636483.9050774173
 20
4838436.329750847
 10
636606.5308043597
 20
4838477.537301024
  0
LWPOLYLINE
  5
563
330
17
100
AcDbEntity
  8
ROADS
100
AcDbPolyline
 90
2
 70
0
 10
636483.9050774173
 20
4838436.329750847
 10
636459.0395859026
 20
4838509.548588212
  0
LWPOLYLINE
  5
564
330
17
100
AcDbEntity
  8
ROADS
100
AcDbPolyline
 90
2
 70
0
 10
636321.7179308146
 20
4838460.029506382
 10
636420.4628034579
 20
4838496.407694241
  0
LWPOLYLINE
  5
565
330
17
100
AcDbEntity
  8
ROADS
100
AcDbPolyline
 90
2
 70
0
 10
636321.7179308146
 20
4838460.029506382
 10
636308.5475147757
 20
4838507.039493305
  0
LWPOLYLINE
  5
566
330
17
100
AcDbEntity
  8
ROADS
100
AcDbPolyline
 90
2
 70
0
 10
636644.6433251265
 20
4838440.460275317
 10
636606.9683932884
 20
4838559.557101279
  0
LWPOLYLINE
  5
567
330
17
100
AcDbEntity
  8
ROADS
100
AcDbPolyline
 90
2
 70
0
 10
636420.4628034579
 20
4838496.407694241
 10
636459.0395859026
 20
4838509.548588212
  0
LWPOLYLINE
  5
568
330
17
100
AcDbEntity
  8
ROADS
100
AcDbPolyline
 90
2
 70
0
 10
636459.0395859026
 20
4838509.548588212
 10
636590.0508683615
 20
4838553.420068183
  0
LWPOLYLINE
  5
569
330
17
100
AcDbEntity
  8
ROADS
100
AcDbPolyline
 90
3
 70
0
 10
636308.5475147757
 20
4838507.039493305
 10
636348.2359058661
 20
4838520.151486873
 10
636333.0725321008
 20
4838563.776127265
  0
LWPOLYLINE
  5
56A
330
17
100
AcDbEntity
  8
ROADS
100
AcDbPolyline
 90
2
 70
0
 10
636166.3919559522
 20
4838360.8464278355
 10
636330.4279319351
 20
4838418.383322531
  0
LWPOLYLINE
  5
56B
330
17
100
AcDbEntity
  8
ROADS
100
AcDbPolyline
 90
2
 70
0
 10
636131.9081921732
 20
4838397.266980916
 10
636153.5108342613
 20
4838403.198215679
  0
LWPOLYLINE
  5
56C
330
17
100
AcDbEntity
  8
ROADS
100
AcDbPolyline
 90
2
 70
0
 10
636153.5108342613
 20
4838403.198215679
 10
636321.7179308146
 20
4838460.029506382
  0
LWPOLYLINE
  5
56D
330
17
100
AcDbEntity
  8
ROADS
100
AcDbPolyline
 90
2
 70
0
 10
636131.9081921732
 20
4838397.266980916
 10
636099.2810392631
 20
4838489.506047681
  0
LWPOLYLINE
  5
56E
330
17
100
AcDbEntity
  8
ROADS
100
AcDbPolyline
 90
2
 70
0
 10
635952.7146654839
 20
4838439.4367736485
 10
636000.0804412435
 20
4838455.050822433
  0
LWPOLYLINE
  5
56F
330
17
100
AcDbEntity
  8
ROADS
100
AcDbPolyline
 90
2
 70
0
 10
636000.0804412435
 20
4838455.050822433
 10
636047.2196672069
 20
4838470.749785548
  0
LWPOLYLINE
  5
570
330
17
100
AcDbEntity
  8
ROADS
100
AcDbPolyline
 90
2
 70
0
 10
636047.2196672069
 20
4838470.749785548
 10
636099.2810392631
 20
4838489.506047681
  0
LWPOLYLINE
  5
571
330
17
100
AcDbEntity
  8
ROADS
100
AcDbPolyline
 90
2
 70
0
 10
636308.5475147757
 20
4838507.039493305
 10
636265.3541017588
 20
4838636.060764363
  0
LWPOLYLINE
  5
572
330
17
100
AcDbEntity
  8
ROADS
100
AcDbPolyline
 90
2
 70
0
 10
636047.2196672069
 20
4838470.749785548
 10
635951.670663126
 20
4838749.714228235
  0
LWPOLYLINE
  5
573
330
17
100
AcDbEntity
  8
ROADS
100
AcDbPolyline
 90
2
 70
0
 10
636099.2810392631
 20
4838489.506047681
 10
636005.7022858883
 20
4838768.575174391
  0
LWPOLYLINE
  5
574
330
17
100
AcDbEntity
  8
ROADS
100
AcDbPolyline
 90
2
 70
0
 10
635924.6138803277
 20
4838523.494933421
 10
635895.7458074569
 20
4838613.203698562
  0
LWPOLYLINE
  5
575
330
17
100
AcDbEntity
  8
ROADS
100
AcDbPolyline
 90
2
 70
0
 10
635698.8258799211
 20
4838551.095619732
 10
635895.7458074569
 20
4838613.203698562
  0
LWPOLYLINE
  5
576
330
17
100
AcDbEntity
  8
ROADS
100
AcDbPolyline
 90
2
 70
0
 10
636000.0804412435
 20
4838455.050822433
 10
635906.5082873882
 20
4838734.698045721
  0
LWPOLYLINE
  5
577
330
17
100
AcDbEntity
  8
ROADS
100
AcDbPolyline
 90
2
 70
0
 10
635698.8258799211
 20
4838551.095619732
 10
635671.4393921698
 20
4838639.674020695
  0
LWPOLYLINE
  5
578
330
17
100
AcDbEntity
  8
ROADS
100
AcDbPolyline
 90
2
 70
0
 10
635895.7458074569
 20
4838613.203698562
 10
635864.0025038124
 20
4838700.643244771
  0
LWPOLYLINE
  5
579
330
17
100
AcDbEntity
  8
ROADS
100
AcDbPolyline
 90
2
 70
0
 10
635671.4393921698
 20
4838639.674020695
 10
635864.0025038124
 20
4838700.643244771
  0
LWPOLYLINE
  5
57A
330
17
100
AcDbEntity
  8
ROADS
100
AcDbPolyline
 90
2
 70
0
 10
635671.4393921698
 20
4838639.674020695
 10
635642.619489756
 20
4838723.623077528
  0
LWPOLYLINE
  5
57B
330
17
100
AcDbEntity
  8
ROADS
100
AcDbPolyline
 90
2
 70
0
 10
635864.0025038124
 20
4838700.643244771
 10
635858.4149294274
 20
4838718.671765411
  0
LWPOLYLINE
  5
57C
330
17
100
AcDbEntity
  8
ROADS
100
AcDbPolyline
 90
2
 70
0
 10
635858.4149294274
 20
4838718.671765411
 10
635906.5082873882
 20
4838734.698045721
  0
LWPOLYLINE
  5
57D
330
17
100
AcDbEntity
  8
ROADS
100
AcDbPolyline
 90
2
 70
0
 10
635906.5082873882
 20
4838734.698045721
 10
635932.7215688021
 20
4838743.434939056
  0
LWPOLYLINE
  5
57E
330
17
100
AcDbEntity
  8
ROADS
100
AcDbPolyline
 90
3
 70
0
 10
636265.3541017588
 20
4838636.060764363
 10
636172.9667710103
 20
4838610.855530356
 10
636075.7509903532
 20
4838902.119980304
  0
LWPOLYLINE
  5
57F
330
17
100
AcDbEntity
  8
ROADS
100
AcDbPolyline
 90
2
 70
0
 10
635951.670663126
 20
4838749.714228235
 10
636005.7022858883
 20
4838768.575174391
  0
LWPOLYLINE
  5
580
330
17
100
AcDbEntity
  8
ROADS
100
AcDbPolyline
 90
2
 70
0
 10
636265.3541017588
 20
4838636.060764363
 10
636166.0955784454
 20
4838930.836650917
  0
LWPOLYLINE
  5
581
330
17
100
AcDbEntity
  8
ROADS
100
AcDbPolyline
 90
2
 70
0
 10
636314.4838759522
 20
4838804.888425117
 10
636288.5376502417
 20
4838881.068915478
  0
LWPOLYLINE
  5
582
330
17
100
AcDbEntity
  8
ROADS
100
AcDbPolyline
 90
2
 70
0
 10
636075.7509903532
 20
4838902.119980304
 10
636166.0955784454
 20
4838930.836650917
  0
LWPOLYLINE
  5
583
330
17
100
AcDbEntity
  8
ROADS
100
AcDbPolyline
 90
2
 70
0
 10
636185.9353274247
 20
4838923.594863912
 10
636184.5267122936
 20
4838912.89643514
  0
LWPOLYLINE
  5
584
330
17
100
AcDbEntity
  8
ROADS
100
AcDbPolyline
 90
2
 70
0
 10
636288.5376502417
 20
4838881.068915478
 10
636262.8039282116
 20
4838959.875471865
  0
LWPOLYLINE
  5
585
330
17
100
AcDbEntity
  8
ROADS
100
AcDbPolyline
 90
2
 70
0
 10
636166.0955784454
 20
4838930.836650917
 10
636185.9353274247
 20
4838923.594863912
  0
LWPOLYLINE
  5
586
330
17
100
AcDbEntity
  8
ROADS
100
AcDbPolyline
 90
2
 70
0
 10
636185.9353274247
 20
4838923.594863912
 10
636212.618520167
 20
4838938.310810129
  0
LWPOLYLINE
  5
587
330
17
100
AcDbEntity
  8
ROADS
100
AcDbPolyline
 90
2
 70
0
 10
636166.0955784454
 20
4838930.836650917
 10
636212.618520167
 20
4838938.310810129
  0
LWPOLYLINE
  5
588
330
17
100
AcDbEntity
  8
ROADS
100
AcDbPolyline
 90
2
 70
0
 10
636537.1590223988
 20
4838709.1184237115
 10
636715.2813806138
 20
4838769.033548429
  0
LWPOLYLINE
  5
589
330
17
100
AcDbEntity
  8
ROADS
100
AcDbPolyline
 90
2
 70
0
 10
636537.1590223988
 20
4838709.1184237115
 10
636512.3396986846
 20
4838785.531375318
  0
LWPOLYLINE
  5
58A
330
17
100
AcDbEntity
  8
ROADS
100
AcDbPolyline
 90
2
 70
0
 10
636339.5430834609
 20
4838728.150829911
 10
636512.3396986846
 20
4838785.531375318
  0
LWPOLYLINE
  5
58B
330
17
100
AcDbEntity
  8
ROADS
100
AcDbPolyline
 90
2
 70
0
 10
636339.5430834609
 20
4838728.150829911
 10
636314.4838759522
 20
4838804.888425117
  0
LWPOLYLINE
  5
58C
330
17
100
AcDbEntity
  8
ROADS
100
AcDbPolyline
 90
2
 70
0
 10
636512.3396986846
 20
4838785.531375318
 10
636688.9384832004
 20
4838846.022030902
  0
LWPOLYLINE
  5
58D
330
17
100
AcDbEntity
  8
ROADS
100
AcDbPolyline
 90
2
 70
0
 10
636512.3396986846
 20
4838785.531375318
 10
636485.7568649107
 20
4838862.847499376
  0
LWPOLYLINE
  5
58E
330
17
100
AcDbEntity
  8
ROADS
100
AcDbPolyline
 90
2
 70
0
 10
636314.4838759522
 20
4838804.888425117
 10
636485.7568649107
 20
4838862.847499376
  0
LWPOLYLINE
  5
58F
330
17
100
AcDbEntity
  8
ROADS
100
AcDbPolyline
 90
2
 70
0
 10
636688.9384832004
 20
4838846.022030902
 10
636663.0814698127
 20
4838923.571340682
  0
LWPOLYLINE
  5
590
330
17
100
AcDbEntity
  8
ROADS
100
AcDbPolyline
 90
2
 70
0
 10
636485.7568649107
 20
4838862.847499376
 10
636663.0814698127
 20
4838923.571340682
  0
LWPOLYLINE
  5
591
330
17
100
AcDbEntity
  8
ROADS
100
AcDbPolyline
 90
2
 70
0
 10
636485.7568649107
 20
4838862.847499376
 10
636459.6174245737
 20
4838940.0326197
  0
LWPOLYLINE
  5
592
330
17
100
AcDbEntity
  8
ROADS
100
AcDbPolyline
 90
2
 70
0
 10
635932.7215688021
 20
4838743.434939056
 10
635951.670663126
 20
4838749.714228235
  0
LWPOLYLINE
  5
593
330
17
100
AcDbEntity
  8
ROADS
100
AcDbPolyline
 90
2
 70
0
 10
635858.4149294274
 20
4838718.671765411
 10
635835.4147625181
 20
4838784.140504464
  0
LWPOLYLINE
  5
594
330
17
100
AcDbEntity
  8
ROADS
100
AcDbPolyline
 90
2
 70
0
 10
635642.619489756
 20
4838723.623077528
 10
635835.4147625181
 20
4838784.140504464
  0
LWPOLYLINE
  5
595
330
17
100
AcDbEntity
  8
ROADS
100
AcDbPolyline
 90
2
 70
0
 10
635642.619489756
 20
4838723.623077528
 10
635616.1373424655
 20
4838801.624886056
  0
LWPOLYLINE
  5
596
330
17
100
AcDbEntity
  8
ROADS
100
AcDbPolyline
 90
2
 70
0
 10
635835.4147625181
 20
4838784.140504464
 10
635808.5357859887
 20
4838864.838412173
  0
LWPOLYLINE
  5
597
330
17
100
AcDbEntity
  8
ROADS
100
AcDbPolyline
 90
2
 70
0
 10
635616.1373424655
 20
4838801.624886056
 10
635808.5357859887
 20
4838864.838412173
  0
LWPOLYLINE
  5
598
330
17
100
AcDbEntity
  8
ROADS
100
AcDbPolyline
 90
2
 70
0
 10
635932.7215688021
 20
4838743.434939056
 10
635859.1449264822
 20
4838965.033609471
  0
LWPOLYLINE
  5
599
330
17
100
AcDbEntity
  8
ROADS
100
AcDbPolyline
 90
2
 70
0
 10
636005.7022858883
 20
4838768.575174391
 10
635931.4453981424
 20
4838990.624623403
  0
LWPOLYLINE
  5
59A
330
17
100
AcDbEntity
  8
ROADS
100
AcDbPolyline
 90
2
 70
0
 10
635808.5357859887
 20
4838864.838412173
 10
635782.5632796256
 20
4838942.749459123
  0
LWPOLYLINE
  5
59B
330
17
100
AcDbEntity
  8
ROADS
100
AcDbPolyline
 90
2
 70
0
 10
635591.2307557107
 20
4838880.542260377
 10
635782.5632796256
 20
4838942.749459123
  0
LWPOLYLINE
  5
59C
330
17
100
AcDbEntity
  8
ROADS
100
AcDbPolyline
 90
2
 70
0
 10
636288.5376502417
 20
4838881.068915478
 10
636459.6174245737
 20
4838940.0326197
  0
LWPOLYLINE
  5
59D
330
17
100
AcDbEntity
  8
ROADS
100
AcDbPolyline
 90
2
 70
0
 10
636663.0814698127
 20
4838923.571340682
 10
636638.2249622601
 20
4839000.1016439805
  0
LWPOLYLINE
  5
59E
330
17
100
AcDbEntity
  8
ROADS
100
AcDbPolyline
 90
2
 70
0
 10
636459.6174245737
 20
4838940.0326197
 10
636638.2249622601
 20
4839000.1016439805
  0
LWPOLYLINE
  5
59F
330
17
100
AcDbEntity
  8
ROADS
100
AcDbPolyline
 90
2
 70
0
 10
636459.6174245737
 20
4838940.0326197
 10
636433.2302002318
 20
4839015.9321312215
  0
LWPOLYLINE
  5
5A0
330
17
100
AcDbEntity
  8
ROADS
100
AcDbPolyline
 90
2
 70
0
 10
636262.8039282116
 20
4838959.875471865
 10
636433.2302002318
 20
4839015.9321312215
  0
LWPOLYLINE
  5
5A1
330
17
100
AcDbEntity
  8
ROADS
100
AcDbPolyline
 90
2
 70
0
 10
636638.2249622601
 20
4839000.1016439805
 10
636681.2683170058
 20
4839014.781534326
  0
LWPOLYLINE
  5
5A2
330
17
100
AcDbEntity
  8
ROADS
100
AcDbPolyline
 90
2
 70
0
 10
636638.2249622601
 20
4839000.1016439805
 10
636611.6059612177
 20
4839077.534137238
  0
LWPOLYLINE
  5
5A3
330
17
100
AcDbEntity
  8
ROADS
100
AcDbPolyline
 90
2
 70
0
 10
636433.2302002318
 20
4839015.9321312215
 10
636611.6059612177
 20
4839077.534137238
  0
LWPOLYLINE
  5
5A4
330
17
100
AcDbEntity
  8
ROADS
100
AcDbPolyline
 90
2
 70
0
 10
636433.2302002318
 20
4839015.9321312215
 10
636407.6252427956
 20
4839094.363007389
  0
LWPOLYLINE
  5
5A5
330
17
100
AcDbEntity
  8
ROADS
100
AcDbPolyline
 90
2
 70
0
 10
636236.6583881315
 20
4839034.633207245
 10
636407.6252427956
 20
4839094.363007389
  0
LWPOLYLINE
  5
5A6
330
17
100
AcDbEntity
  8
ROADS
100
AcDbPolyline
 90
2
 70
0
 10
635782.5632796256
 20
4838942.749459123
 10
635859.1449264822
 20
4838965.033609471
  0
LWPOLYLINE
  5
5A7
330
17
100
AcDbEntity
  8
ROADS
100
AcDbPolyline
 90
2
 70
0
 10
635859.1449264822
 20
4838965.033609471
 10
635931.4453981424
 20
4838990.624623403
  0
LWPOLYLINE
  5
5A8
330
17
100
AcDbEntity
  8
ROADS
100
AcDbPolyline
 90
2
 70
0
 10
635782.5632796256
 20
4838942.749459123
 10
635756.430276174
 20
4839020.741598307
  0
LWPOLYLINE
  5
5A9
330
17
100
AcDbEntity
  8
ROADS
100
AcDbPolyline
 90
2
 70
0
 10
635563.7078966617
 20
4838959.6823198795
 10
635756.430276174
 20
4839020.741598307
  0
LWPOLYLINE
  5
5AA
330
17
100
AcDbEntity
  8
ROADS
100
AcDbPolyline
 90
2
 70
0
 10
635931.4453981424
 20
4838990.624623403
 10
635894.3289979907
 20
4839099.819868823
  0
LWPOLYLINE
  5
5AB
330
17
100
AcDbEntity
  8
ROADS
100
AcDbPolyline
 90
2
 70
0
 10
635756.430276174
 20
4839020.741598307
 10
635730.53340567
 20
4839098.007933377
  0
LWPOLYLINE
  5
5AC
330
17
100
AcDbEntity
  8
ROADS
100
AcDbPolyline
 90
2
 70
0
 10
635859.1449264822
 20
4838965.033609471
 10
635793.9783584056
 20
4839157.858788388
  0
LWPOLYLINE
  5
5AD
330
17
100
AcDbEntity
  8
ROADS
100
AcDbPolyline
 90
2
 70
0
 10
635691.2759987195
 20
4839086.3968210295
 10
635730.53340567
 20
4839098.007933377
  0
LWPOLYLINE
  5
5AE
330
17
100
AcDbEntity
  8
ROADS
100
AcDbPolyline
 90
2
 70
0
 10
635520.1861417347
 20
4839076.664263505
 10
635719.2518996128
 20
4839135.96168915
  0
LWPOLYLINE
  5
5AF
330
17
100
AcDbEntity
  8
ROADS
100
AcDbPolyline
 90
2
 70
0
 10
635691.2759987195
 20
4839086.3968210295
 10
635719.2518996128
 20
4839135.96168915
  0
LWPOLYLINE
  5
5B0
330
17
100
AcDbEntity
  8
ROADS
100
AcDbPolyline
 90
2
 70
0
 10
636212.618520167
 20
4838938.310810129
 10
636262.8039282116
 20
4838959.875471865
  0
LWPOLYLINE
  5
5B1
330
17
100
AcDbEntity
  8
ROADS
100
AcDbPolyline
 90
2
 70
0
 10
636262.8039282116
 20
4838959.875471865
 10
636236.6583881315
 20
4839034.633207245
  0
LWPOLYLINE
  5
5B2
330
17
100
AcDbEntity
  8
ROADS
100
AcDbPolyline
 90
2
 70
0
 10
636075.7509903532
 20
4838902.119980304
 10
635974.3095573407
 20
4839198.639292967
  0
LWPOLYLINE
  5
5B3
330
17
100
AcDbEntity
  8
ROADS
100
AcDbPolyline
 90
2
 70
0
 10
636236.6583881315
 20
4839034.633207245
 10
636210.8848146299
 20
4839111.93688578
  0
LWPOLYLINE
  5
5B4
330
17
100
AcDbEntity
  8
ROADS
100
AcDbPolyline
 90
2
 70
0
 10
636166.0955784454
 20
4838930.836650917
 10
636063.9115541059
 20
4839230.643893825
  0
LWPOLYLINE
  5
5B5
330
17
100
AcDbEntity
  8
ROADS
100
AcDbPolyline
 90
2
 70
0
 10
636210.8848146299
 20
4839111.93688578
 10
636381.7650655975
 20
4839170.703068385
  0
LWPOLYLINE
  5
5B6
330
17
100
AcDbEntity
  8
ROADS
100
AcDbPolyline
 90
2
 70
0
 10
636210.8848146299
 20
4839111.93688578
 10
636184.0988866013
 20
4839188.64618793
  0
LWPOLYLINE
  5
5B7
330
17
100
AcDbEntity
  8
ROADS
100
AcDbPolyline
 90
2
 70
0
 10
635974.3095573407
 20
4839198.639292967
 10
636063.9115541059
 20
4839230.643893825
  0
LWPOLYLINE
  5
5B8
330
17
100
AcDbEntity
  8
ROADS
100
AcDbPolyline
 90
2
 70
0
 10
636184.0988866013
 20
4839188.64618793
 10
636356.1472225448
 20
4839247.522544214
  0
LWPOLYLINE
  5
5B9
330
17
100
AcDbEntity
  8
ROADS
100
AcDbPolyline
 90
2
 70
0
 10
636184.0988866013
 20
4839188.64618793
 10
636159.7312519879
 20
4839265.737255854
  0
LWPOLYLINE
  5
5BA
330
17
100
AcDbEntity
  8
ROADS
100
AcDbPolyline
 90
2
 70
0
 10
637516.2321654327
 20
4838813.681658371
 10
637502.4166959543
 20
4838854.217532242
  0
LWPOLYLINE
  5
5BB
330
17
100
AcDbEntity
  8
ROADS
100
AcDbPolyline
 90
2
 70
0
 10
637413.2441462649
 20
4838823.825817973
 10
637502.4166959543
 20
4838854.217532242
  0
LWPOLYLINE
  5
5BC
330
17
100
AcDbEntity
  8
ROADS
100
AcDbPolyline
 90
2
 70
0
 10
637262.2069588464
 20
4838835.007981914
 10
637255.8956707288
 20
4838892.490115226
  0
LWPOLYLINE
  5
5BD
330
17
100
AcDbEntity
  8
ROADS
100
AcDbPolyline
 90
2
 70
0
 10
637502.4166959543
 20
4838854.217532242
 10
637532.3214646124
 20
4838863.953356417
  0
LWPOLYLINE
  5
5BE
330
17
100
AcDbEntity
  8
ROADS
100
AcDbPolyline
 90
2
 70
0
 10
637262.2069588464
 20
4838835.007981914
 10
637512.9639068263
 20
4838916.251472831
  0
LWPOLYLINE
  5
5BF
330
17
100
AcDbEntity
  8
ROADS
100
AcDbPolyline
 90
2
 70
0
 10
637216.339539265
 20
4838878.806383462
 10
637255.8956707288
 20
4838892.490115226
  0
LWPOLYLINE
  5
5C0
330
17
100
AcDbEntity
  8
ROADS
100
AcDbPolyline
 90
2
 70
0
 10
637216.339539265
 20
4838878.806383462
 10
637201.2181487277
 20
4838926.629266576
  0
LWPOLYLINE
  5
5C1
330
17
100
AcDbEntity
  8
ROADS
100
AcDbPolyline
 90
2
 70
0
 10
637255.8956707288
 20
4838892.490115226
 10
637382.6101136735
 20
4838934.520954379
  0
LWPOLYLINE
  5
5C2
330
17
100
AcDbEntity
  8
ROADS
100
AcDbPolyline
 90
2
 70
0
 10
636783.268613254
 20
4838715.8974358775
 10
636681.2683170058
 20
4839014.781534326
  0
LWPOLYLINE
  5
5C3
330
17
100
AcDbEntity
  8
ROADS
100
AcDbPolyline
 90
2
 70
0
 10
636820.8127299659
 20
4838752.403309883
 10
636726.4417627553
 20
4839030.186022986
  0
LWPOLYLINE
  5
5C4
330
17
100
AcDbEntity
  8
ROADS
100
AcDbPolyline
 90
2
 70
0
 10
636895.1301439704
 20
4838875.491193264
 10
637023.6569137303
 20
4838918.113817784
  0
LWPOLYLINE
  5
5C5
330
17
100
AcDbEntity
  8
ROADS
100
AcDbPolyline
 90
2
 70
0
 10
636872.8846147642
 20
4838769.423189552
 10
636779.3917514685
 20
4839048.2534194235
  0
LWPOLYLINE
  5
5C6
330
17
100
AcDbEntity
  8
ROADS
100
AcDbPolyline
 90
2
 70
0
 10
637201.2181487277
 20
4838926.629266576
 10
637126.1882875885
 20
4838901.085810344
  0
LWPOLYLINE
  5
5C7
330
17
100
AcDbEntity
  8
ROADS
100
AcDbPolyline
 90
2
 70
0
 10
637023.6569137303
 20
4838918.113817784
 10
637008.0185036492
 20
4838963.475095267
  0
LWPOLYLINE
  5
5C8
330
17
100
AcDbEntity
  8
ROADS
100
AcDbPolyline
 90
2
 70
0
 10
637023.6569137303
 20
4838918.113817784
 10
637186.5210910791
 20
4838973.108697433
  0
LWPOLYLINE
  5
5C9
330
17
100
AcDbEntity
  8
ROADS
100
AcDbPolyline
 90
2
 70
0
 10
636895.1301439704
 20
4838875.491193264
 10
636829.5785912608
 20
4839065.375755551
  0
LWPOLYLINE
  5
5CA
330
17
100
AcDbEntity
  8
ROADS
100
AcDbPolyline
 90
2
 70
0
 10
637008.0185036492
 20
4838963.475095267
 10
637071.0524550133
 20
4838980.851829633
  0
LWPOLYLINE
  5
5CB
330
17
100
AcDbEntity
  8
ROADS
100
AcDbPolyline
 90
2
 70
0
 10
637008.0185036492
 20
4838963.475095267
 10
636993.5195003278
 20
4839009.538042159
  0
LWPOLYLINE
  5
5CC
330
17
100
AcDbEntity
  8
ROADS
100
AcDbPolyline
 90
2
 70
0
 10
637255.8956707288
 20
4838892.490115226
 10
637244.840287613
 20
4838992.799375264
  0
LWPOLYLINE
  5
5CD
330
17
100
AcDbEntity
  8
ROADS
100
AcDbPolyline
 90
2
 70
0
 10
637382.6101136735
 20
4838934.520954379
 10
637465.7866516492
 20
4838962.836048626
  0
LWPOLYLINE
  5
5CE
330
17
100
AcDbEntity
  8
ROADS
100
AcDbPolyline
 90
2
 70
0
 10
637201.2181487277
 20
4838926.629266576
 10
637186.5210910791
 20
4838973.108697433
  0
LWPOLYLINE
  5
5CF
330
17
100
AcDbEntity
  8
ROADS
100
AcDbPolyline
 90
2
 70
0
 10
637382.6101136735
 20
4838934.520954379
 10
637367.8755248135
 20
4838978.596509295
  0
LWPOLYLINE
  5
5D0
330
17
100
AcDbEntity
  8
ROADS
100
AcDbPolyline
 90
2
 70
0
 10
637465.7866516492
 20
4838962.836048626
 10
637488.6491532017
 20
4838969.957166695
  0
LWPOLYLINE
  5
5D1
330
17
100
AcDbEntity
  8
ROADS
100
AcDbPolyline
 90
2
 70
0
 10
637186.5210910791
 20
4838973.108697433
 10
637209.1509595602
 20
4838980.749724273
  0
LWPOLYLINE
  5
5D2
330
17
100
AcDbEntity
  8
ROADS
100
AcDbPolyline
 90
2
 70
0
 10
637209.1509595602
 20
4838980.749724273
 10
637244.840287613
 20
4838992.799375264
  0
LWPOLYLINE
  5
5D3
330
17
100
AcDbEntity
  8
ROADS
100
AcDbPolyline
 90
2
 70
0
 10
637367.8755248135
 20
4838978.596509295
 10
637351.9472180882
 20
4839026.077782803
  0
LWPOLYLINE
  5
5D4
330
17
100
AcDbEntity
  8
ROADS
100
AcDbPolyline
 90
2
 70
0
 10
637209.1509595602
 20
4838980.749724273
 10
637194.6481304137
 20
4839025.558513779
  0
LWPOLYLINE
  5
5D5
330
17
100
AcDbEntity
  8
ROADS
100
AcDbPolyline
 90
2
 70
0
 10
637465.7866516492
 20
4838962.836048626
 10
637434.7441351521
 20
4839054.148008097
  0
LWPOLYLINE
  5
5D6
330
17
100
AcDbEntity
  8
ROADS
100
AcDbPolyline
 90
3
 70
0
 10
637367.8755248135
 20
4838978.596509295
 10
637399.0109842676
 20
4839006.42825445
 10
637403.9125831283
 20
4839040.586571834
  0
LWPOLYLINE
  5
5D7
330
17
100
AcDbEntity
  8
ROADS
100
AcDbPolyline
 90
2
 70
0
 10
637403.9125831283
 20
4839040.586571834
 10
637351.9472180882
 20
4839026.077782803
  0
LWPOLYLINE
  5
5D8
330
17
100
AcDbEntity
  8
ROADS
100
AcDbPolyline
 90
2
 70
0
 10
637244.840287613
 20
4838992.799375264
 10
637235.8493322445
 20
4839084.0271358695
  0
LWPOLYLINE
  5
5D9
330
17
100
AcDbEntity
  8
ROADS
100
AcDbPolyline
 90
2
 70
0
 10
637434.7441351521
 20
4839054.148008097
 10
637403.9125831283
 20
4839040.586571834
  0
LWPOLYLINE
  5
5DA
330
17
100
AcDbEntity
  8
ROADS
100
AcDbPolyline
 90
2
 70
0
 10
637403.9125831283
 20
4839040.586571834
 10
637425.7539589722
 20
4839080.703850062
  0
LWPOLYLINE
  5
5DB
330
17
100
AcDbEntity
  8
ROADS
100
AcDbPolyline
 90
2
 70
0
 10
637434.7441351521
 20
4839054.148008097
 10
637425.7539589722
 20
4839080.703850062
  0
LWPOLYLINE
  5
5DC
330
17
100
AcDbEntity
  8
ROADS
100
AcDbPolyline
 90
2
 70
0
 10
637351.9472180882
 20
4839026.077782803
 10
637318.225165382
 20
4839125.698003481
  0
LWPOLYLINE
  5
5DD
330
17
100
AcDbEntity
  8
ROADS
100
AcDbPolyline
 90
2
 70
0
 10
637235.8493322445
 20
4839084.0271358695
 10
637234.6379320882
 20
4839097.311445296
  0
LWPOLYLINE
  5
5DE
330
17
100
AcDbEntity
  8
ROADS
100
AcDbPolyline
 90
2
 70
0
 10
637425.7539589722
 20
4839080.703850062
 10
637424.3938936725
 20
4839084.873895695
  0
LWPOLYLINE
  5
5DF
330
17
100
AcDbEntity
  8
ROADS
100
AcDbPolyline
 90
2
 70
0
 10
637234.6379320882
 20
4839097.311445296
 10
637318.225165382
 20
4839125.698003481
  0
LWPOLYLINE
  5
5E0
330
17
100
AcDbEntity
  8
ROADS
100
AcDbPolyline
 90
2
 70
0
 10
637401.8656662757
 20
4839118.347789951
 10
637318.225165382
 20
4839125.698003481
  0
LWPOLYLINE
  5
5E1
330
17
100
AcDbEntity
  8
ROADS
100
AcDbPolyline
 90
2
 70
0
 10
636681.2683170058
 20
4839014.781534326
 10
636726.4417627553
 20
4839030.186022986
  0
LWPOLYLINE
  5
5E2
330
17
100
AcDbEntity
  8
ROADS
100
AcDbPolyline
 90
2
 70
0
 10
636726.4417627553
 20
4839030.186022986
 10
636779.3917514685
 20
4839048.2534194235
  0
LWPOLYLINE
  5
5E3
330
17
100
AcDbEntity
  8
ROADS
100
AcDbPolyline
 90
2
 70
0
 10
636993.5195003278
 20
4839009.538042159
 10
637235.8493322445
 20
4839084.0271358695
  0
LWPOLYLINE
  5
5E4
330
17
100
AcDbEntity
  8
ROADS
100
AcDbPolyline
 90
2
 70
0
 10
636779.3917514685
 20
4839048.2534194235
 10
636829.5785912608
 20
4839065.375755551
  0
LWPOLYLINE
  5
5E5
330
17
100
AcDbEntity
  8
ROADS
100
AcDbPolyline
 90
2
 70
0
 10
636993.5195003278
 20
4839009.538042159
 10
636935.8323735677
 20
4839179.697094865
  0
LWPOLYLINE
  5
5E6
330
17
100
AcDbEntity
  8
ROADS
100
AcDbPolyline
 90
2
 70
0
 10
636829.5785912608
 20
4839065.375755551
 10
636806.8541683785
 20
4839136.768186961
  0
LWPOLYLINE
  5
5E7
330
17
100
AcDbEntity
  8
ROADS
100
AcDbPolyline
 90
2
 70
0
 10
637005.9369324062
 20
4839100.962991421
 10
637070.5092704911
 20
4839121.559872794
  0
LWPOLYLINE
  5
5E8
330
17
100
AcDbEntity
  8
ROADS
100
AcDbPolyline
 90
2
 70
0
 10
637070.5092704911
 20
4839121.559872794
 10
637227.8307712926
 20
4839168.657874626
  0
LWPOLYLINE
  5
5E9
330
17
100
AcDbEntity
  8
ROADS
100
AcDbPolyline
 90
2
 70
0
 10
636806.8541683785
 20
4839136.768186961
 10
636935.8323735677
 20
4839179.697094865
  0
LWPOLYLINE
  5
5EA
330
17
100
AcDbEntity
  8
ROADS
100
AcDbPolyline
 90
2
 70
0
 10
637070.5092704911
 20
4839121.559872794
 10
637039.6422234356
 20
4839214.947073942
  0
LWPOLYLINE
  5
5EB
330
17
100
AcDbEntity
  8
ROADS
100
AcDbPolyline
 90
2
 70
0
 10
637234.6379320882
 20
4839097.311445296
 10
637227.8307712926
 20
4839168.657874626
  0
LWPOLYLINE
  5
5EC
330
17
100
AcDbEntity
  8
ROADS
100
AcDbPolyline
 90
2
 70
0
 10
637318.225165382
 20
4839125.698003481
 10
637379.8304262679
 20
4839147.229333007
  0
LWPOLYLINE
  5
5ED
330
17
100
AcDbEntity
  8
ROADS
100
AcDbPolyline
 90
2
 70
0
 10
637227.8307712926
 20
4839168.657874626
 10
637225.8293839174
 20
4839194.155016459
  0
LWPOLYLINE
  5
5EE
330
17
100
AcDbEntity
  8
ROADS
100
AcDbPolyline
 90
2
 70
0
 10
637225.8293839174
 20
4839194.155016459
 10
637219.9026380347
 20
4839244.91647592
  0
LWPOLYLINE
  5
5EF
330
17
100
AcDbEntity
  8
ROADS
100
AcDbPolyline
 90
2
 70
0
 10
636611.6059612177
 20
4839077.534137238
 10
636585.1832411842
 20
4839153.956077914
  0
LWPOLYLINE
  5
5F0
330
17
100
AcDbEntity
  8
ROADS
100
AcDbPolyline
 90
2
 70
0
 10
636407.6252427956
 20
4839094.363007389
 10
636585.1832411842
 20
4839153.956077914
  0
LWPOLYLINE
  5
5F1
330
17
100
AcDbEntity
  8
ROADS
100
AcDbPolyline
 90
2
 70
0
 10
636407.6252427956
 20
4839094.363007389
 10
636381.7650655975
 20
4839170.703068385
  0
LWPOLYLINE
  5
5F2
330
17
100
AcDbEntity
  8
ROADS
100
AcDbPolyline
 90
2
 70
0
 10
636585.1832411842
 20
4839153.956077914
 10
636559.0413075861
 20
4839230.33508199
  0
LWPOLYLINE
  5
5F3
330
17
100
AcDbEntity
  8
ROADS
100
AcDbPolyline
 90
2
 70
0
 10
636381.7650655975
 20
4839170.703068385
 10
636559.0413075861
 20
4839230.33508199
  0
LWPOLYLINE
  5
5F4
330
17
100
AcDbEntity
  8
ROADS
100
AcDbPolyline
 90
2
 70
0
 10
636726.4417627553
 20
4839030.186022986
 10
636610.0455334109
 20
4839377.51793804
  0
LWPOLYLINE
  5
5F5
330
17
100
AcDbEntity
  8
ROADS
100
AcDbPolyline
 90
2
 70
0
 10
636381.7650655975
 20
4839170.703068385
 10
636356.1472225448
 20
4839247.522544214
  0
LWPOLYLINE
  5
5F6
330
17
100
AcDbEntity
  8
ROADS
100
AcDbPolyline
 90
2
 70
0
 10
636559.0413075861
 20
4839230.33508199
 10
636532.7388410207
 20
4839306.797178036
  0
LWPOLYLINE
  5
5F7
330
17
100
AcDbEntity
  8
ROADS
100
AcDbPolyline
 90
2
 70
0
 10
636356.1472225448
 20
4839247.522544214
 10
636532.7388410207
 20
4839306.797178036
  0
LWPOLYLINE
  5
5F8
330
17
100
AcDbEntity
  8
ROADS
100
AcDbPolyline
 90
2
 70
0
 10
636356.1472225448
 20
4839247.522544214
 10
636330.6114679853
 20
4839324.502507804
  0
LWPOLYLINE
  5
5F9
330
17
100
AcDbEntity
  8
ROADS
100
AcDbPolyline
 90
2
 70
0
 10
633605.078038454
 20
4837990.906235165
 10
633560.6287068243
 20
4838145.270864527
  0
LWPOLYLINE
  5
5FA
330
17
100
AcDbEntity
  8
ROADS
100
AcDbPolyline
 90
2
 70
0
 10
633741.9208557592
 20
4838041.683184294
 10
633720.1186960612
 20
4838129.842067525
  0
LWPOLYLINE
  5
5FB
330
17
100
AcDbEntity
  8
ROADS
100
AcDbPolyline
 90
2
 70
0
 10
633902.713828631
 20
4838085.208726496
 10
633996.0056107435
 20
4838111.411094453
  0
LWPOLYLINE
  5
5FC
330
17
100
AcDbEntity
  8
ROADS
100
AcDbPolyline
 90
2
 70
0
 10
633902.713828631
 20
4838085.208726496
 10
633872.4841475072
 20
4838176.453485426
  0
LWPOLYLINE
  5
5FD
330
17
100
AcDbEntity
  8
ROADS
100
AcDbPolyline
 90
2
 70
0
 10
633560.6287068243
 20
4838145.270864527
 10
633606.6826920881
 20
4838158.471845679
  0
LWPOLYLINE
  5
5FE
330
17
100
AcDbEntity
  8
ROADS
100
AcDbPolyline
 90
2
 70
0
 10
633720.1186960612
 20
4838129.842067525
 10
633872.4841475072
 20
4838176.453485426
  0
LWPOLYLINE
  5
5FF
330
17
100
AcDbEntity
  8
ROADS
100
AcDbPolyline
 90
2
 70
0
 10
633720.1186960612
 20
4838129.842067525
 10
633702.3921302374
 20
4838187.519168718
  0
LWPOLYLINE
  5
600
330
17
100
AcDbEntity
  8
ROADS
100
AcDbPolyline
 90
2
 70
0
 10
633606.6826920881
 20
4838158.471845679
 10
633702.3921302374
 20
4838187.519168718
  0
LWPOLYLINE
  5
601
330
17
100
AcDbEntity
  8
ROADS
100
AcDbPolyline
 90
2
 70
0
 10
633702.3921302374
 20
4838187.519168718
 10
633686.3015787445
 20
4838214.155827541
  0
LWPOLYLINE
  5
602
330
17
100
AcDbEntity
  8
ROADS
100
AcDbPolyline
 90
2
 70
0
 10
633872.4841475072
 20
4838176.453485426
 10
633854.9309883562
 20
4838234.439772053
  0
LWPOLYLINE
  5
603
330
17
100
AcDbEntity
  8
ROADS
100
AcDbPolyline
 90
2
 70
0
 10
633408.1175885191
 20
4838101.302080135
 10
633512.7455945201
 20
4838131.350248069
  0
LWPOLYLINE
  5
604
330
17
100
AcDbEntity
  8
ROADS
100
AcDbPolyline
 90
3
 70
0
 10
633201.8838614182
 20
4838094.787738848
 10
633188.4192691424
 20
4838139.437792248
 10
633088.2528440431
 20
4838110.543930644
  0
LWPOLYLINE
  5
605
330
17
100
AcDbEntity
  8
ROADS
100
AcDbPolyline
 90
2
 70
0
 10
633294.3609408402
 20
4838117.53104635
 10
633348.4329474979
 20
4838132.976203979
  0
LWPOLYLINE
  5
606
330
17
100
AcDbEntity
  8
ROADS
100
AcDbPolyline
 90
2
 70
0
 10
633247.3482446751
 20
4838107.685012241
 10
633235.1607458347
 20
4838151.340088578
  0
LWPOLYLINE
  5
607
330
17
100
AcDbEntity
  8
ROADS
100
AcDbPolyline
 90
2
 70
0
 10
633512.7455945201
 20
4838131.350248069
 10
633560.6287068243
 20
4838145.270864527
  0
LWPOLYLINE
  5
608
330
17
100
AcDbEntity
  8
ROADS
100
AcDbPolyline
 90
2
 70
0
 10
633294.3609408402
 20
4838117.53104635
 10
633278.3546854109
 20
4838163.8372764755
  0
LWPOLYLINE
  5
609
330
17
100
AcDbEntity
  8
ROADS
100
AcDbPolyline
 90
3
 70
0
 10
633135.2621177016
 20
4838160.831122324
 10
633143.8420172525
 20
4838129.965833969
 10
633222.913993822
 20
4838153.262752964
  0
LWPOLYLINE
  5
60A
330
17
100
AcDbEntity
  8
ROADS
100
AcDbPolyline
 90
2
 70
0
 10
633235.1607458347
 20
4838151.340088578
 10
633278.3546854109
 20
4838163.8372764755
  0
LWPOLYLINE
  5
60B
330
17
100
AcDbEntity
  8
ROADS
100
AcDbPolyline
 90
2
 70
0
 10
633165.1041437036
 20
4838170.471602264
 10
633135.2621177016
 20
4838160.831122324
  0
LWPOLYLINE
  5
60C
330
17
100
AcDbEntity
  8
ROADS
100
AcDbPolyline
 90
2
 70
0
 10
633235.1607458347
 20
4838151.340088578
 10
633224.1244531161
 20
4838187.579389123
  0
LWPOLYLINE
  5
60D
330
17
100
AcDbEntity
  8
ROADS
100
AcDbPolyline
 90
2
 70
0
 10
633512.7455945201
 20
4838131.350248069
 10
633485.1198004534
 20
4838223.664576282
  0
LWPOLYLINE
  5
60E
330
17
100
AcDbEntity
  8
ROADS
100
AcDbPolyline
 90
2
 70
0
 10
633224.1244531161
 20
4838187.579389123
 10
633165.1041437036
 20
4838170.471602264
  0
LWPOLYLINE
  5
60F
330
17
100
AcDbEntity
  8
ROADS
100
AcDbPolyline
 90
2
 70
0
 10
633165.1041437036
 20
4838170.471602264
 10
633156.1900611115
 20
4838200.681795404
  0
LWPOLYLINE
  5
610
330
17
100
AcDbEntity
  8
ROADS
100
AcDbPolyline
 90
2
 70
0
 10
633278.3546854109
 20
4838163.8372764755
 10
633485.1198004534
 20
4838223.664576282
  0
LWPOLYLINE
  5
611
330
17
100
AcDbEntity
  8
ROADS
100
AcDbPolyline
 90
2
 70
0
 10
633278.3546854109
 20
4838163.8372764755
 10
633252.3315395652
 20
4838242.493929356
  0
LWPOLYLINE
  5
612
330
17
100
AcDbEntity
  8
ROADS
100
AcDbPolyline
 90
2
 70
0
 10
633156.1900611115
 20
4838200.681795404
 10
633185.9461778877
 20
4838208.934614911
  0
LWPOLYLINE
  5
613
330
17
100
AcDbEntity
  8
ROADS
100
AcDbPolyline
 90
2
 70
0
 10
633224.1244531161
 20
4838187.579389123
 10
633211.0756093701
 20
4838230.419816471
  0
LWPOLYLINE
  5
614
330
17
100
AcDbEntity
  8
ROADS
100
AcDbPolyline
 90
2
 70
0
 10
633185.9461778877
 20
4838208.934614911
 10
633204.7394289001
 20
4838214.145921074
  0
LWPOLYLINE
  5
615
330
17
100
AcDbEntity
  8
ROADS
100
AcDbPolyline
 90
2
 70
0
 10
633211.0756093701
 20
4838230.419816471
 10
633252.3315395652
 20
4838242.493929356
  0
LWPOLYLINE
  5
616
330
17
100
AcDbEntity
  8
ROADS
100
AcDbPolyline
 90
2
 70
0
 10
633185.9461778877
 20
4838208.934614911
 10
633164.2008780942
 20
4838280.237024871
  0
LWPOLYLINE
  5
617
330
17
100
AcDbEntity
  8
ROADS
100
AcDbPolyline
 90
2
 70
0
 10
633024.8229009958
 20
4838137.410904428
 10
632994.6079064802
 20
4838243.696450682
  0
LWPOLYLINE
  5
618
330
17
100
AcDbEntity
  8
ROADS
100
AcDbPolyline
 90
2
 70
0
 10
633101.7447141702
 20
4838274.884019842
 10
633135.2621177016
 20
4838160.831122324
  0
LWPOLYLINE
  5
619
330
17
100
AcDbEntity
  8
ROADS
100
AcDbPolyline
 90
2
 70
0
 10
633156.1900611115
 20
4838200.681795404
 10
633132.3038945775
 20
4838283.689412908
  0
LWPOLYLINE
  5
61A
330
17
100
AcDbEntity
  8
ROADS
100
AcDbPolyline
 90
2
 70
0
 10
632994.84171921
 20
4838244.075395486
 10
633101.7447141702
 20
4838274.884019842
  0
LWPOLYLINE
  5
61B
330
17
100
AcDbEntity
  8
ROADS
100
AcDbPolyline
 90
2
 70
0
 10
633101.7447141702
 20
4838274.884019842
 10
633132.3038945775
 20
4838283.689412908
  0
LWPOLYLINE
  5
61C
330
17
100
AcDbEntity
  8
ROADS
100
AcDbPolyline
 90
2
 70
0
 10
633132.3038945775
 20
4838283.689412908
 10
633150.7591811457
 20
4838289.007618599
  0
LWPOLYLINE
  5
61D
330
17
100
AcDbEntity
  8
ROADS
100
AcDbPolyline
 90
2
 70
0
 10
634101.7295004394
 20
4838143.747823757
 10
634138.7771507192
 20
4838156.100870294
  0
LWPOLYLINE
  5
61E
330
17
100
AcDbEntity
  8
ROADS
100
AcDbPolyline
 90
2
 70
0
 10
634325.6722111017
 20
4838118.249814696
 10
634295.6920670986
 20
4838204.597792043
  0
LWPOLYLINE
  5
61F
330
17
100
AcDbEntity
  8
ROADS
100
AcDbPolyline
 90
2
 70
0
 10
634138.7771507192
 20
4838156.100870294
 10
634215.3154042561
 20
4838179.052008099
  0
LWPOLYLINE
  5
620
330
17
100
AcDbEntity
  8
ROADS
100
AcDbPolyline
 90
2
 70
0
 10
634215.3154042561
 20
4838179.052008099
 10
634295.6920670986
 20
4838204.597792043
  0
LWPOLYLINE
  5
621
330
17
100
AcDbEntity
  8
ROADS
100
AcDbPolyline
 90
2
 70
0
 10
633996.0056107435
 20
4838111.411094453
 10
633906.1663176563
 20
4838343.633357135
  0
LWPOLYLINE
  5
622
330
17
100
AcDbEntity
  8
ROADS
100
AcDbPolyline
 90
2
 70
0
 10
634295.6920670986
 20
4838204.597792043
 10
634269.4433091767
 20
4838287.23593163
  0
LWPOLYLINE
  5
623
330
17
100
AcDbEntity
  8
ROADS
100
AcDbPolyline
 90
2
 70
0
 10
634067.998590227
 20
4838134.355008812
 10
633986.3297189145
 20
4838369.464324689
  0
LWPOLYLINE
  5
624
330
17
100
AcDbEntity
  8
ROADS
100
AcDbPolyline
 90
2
 70
0
 10
634138.7771507192
 20
4838156.100870294
 10
634062.8816847301
 20
4838393.589846318
  0
LWPOLYLINE
  5
625
330
17
100
AcDbEntity
  8
ROADS
100
AcDbPolyline
 90
2
 70
0
 10
634215.3154042561
 20
4838179.052008099
 10
634138.5515201173
 20
4838418.106456542
  0
LWPOLYLINE
  5
626
330
17
100
AcDbEntity
  8
ROADS
100
AcDbPolyline
 90
2
 70
0
 10
634269.4433091767
 20
4838287.23593163
 10
634239.7735579999
 20
4838376.270716892
  0
LWPOLYLINE
  5
627
330
17
100
AcDbEntity
  8
ROADS
100
AcDbPolyline
 90
2
 70
0
 10
633702.3921302374
 20
4838187.519168718
 10
633854.9309883562
 20
4838234.439772053
  0
LWPOLYLINE
  5
628
330
17
100
AcDbEntity
  8
ROADS
100
AcDbPolyline
 90
5
 70
0
 10
633686.3015787445
 20
4838214.155827541
 10
633694.5964149251
 20
4838228.550516987
 10
633707.6278624608
 20
4838222.391699299
 10
633700.9107469094
 20
4838208.600092733
 10
633686.3015787445
 20
4838214.155827541
  0
LWPOLYLINE
  5
629
330
17
100
AcDbEntity
  8
ROADS
100
AcDbPolyline
 90
2
 70
0
 10
633686.3015787445
 20
4838214.155827541
 10
633674.5014479668
 20
4838277.668078056
  0
LWPOLYLINE
  5
62A
330
17
100
AcDbEntity
  8
ROADS
100
AcDbPolyline
 90
2
 70
0
 10
633485.1198004534
 20
4838223.664576282
 10
633674.5014479668
 20
4838277.668078056
  0
LWPOLYLINE
  5
62B
330
17
100
AcDbEntity
  8
ROADS
100
AcDbPolyline
 90
2
 70
0
 10
633854.9309883562
 20
4838234.439772053
 10
633828.1960630505
 20
4838320.680302278
  0
LWPOLYLINE
  5
62C
330
17
100
AcDbEntity
  8
ROADS
100
AcDbPolyline
 90
2
 70
0
 10
633674.5014479668
 20
4838277.668078056
 10
633783.8197073976
 20
4838309.551801394
  0
LWPOLYLINE
  5
62D
330
17
100
AcDbEntity
  8
ROADS
100
AcDbPolyline
 90
2
 70
0
 10
633783.8197073976
 20
4838309.551801394
 10
633828.1960630505
 20
4838320.680302278
  0
LWPOLYLINE
  5
62E
330
17
100
AcDbEntity
  8
ROADS
100
AcDbPolyline
 90
2
 70
0
 10
633674.5014479668
 20
4838277.668078056
 10
633651.4459247594
 20
4838357.544587717
  0
LWPOLYLINE
  5
62F
330
17
100
AcDbEntity
  8
ROADS
100
AcDbPolyline
 90
2
 70
0
 10
633461.4116444185
 20
4838302.358145266
 10
633651.4459247594
 20
4838357.544587717
  0
LWPOLYLINE
  5
630
330
17
100
AcDbEntity
  8
ROADS
100
AcDbPolyline
 90
2
 70
0
 10
633828.1960630505
 20
4838320.680302278
 10
633906.1663176563
 20
4838343.633357135
  0
LWPOLYLINE
  5
631
330
17
100
AcDbEntity
  8
ROADS
100
AcDbPolyline
 90
2
 70
0
 10
633485.1198004534
 20
4838223.664576282
 10
633461.4116444185
 20
4838302.358145266
  0
LWPOLYLINE
  5
632
330
17
100
AcDbEntity
  8
ROADS
100
AcDbPolyline
 90
2
 70
0
 10
633211.0756093701
 20
4838230.419816471
 10
633190.7389856002
 20
4838300.529612536
  0
LWPOLYLINE
  5
633
330
17
100
AcDbEntity
  8
ROADS
100
AcDbPolyline
 90
2
 70
0
 10
633252.3315395652
 20
4838242.493929356
 10
633461.4116444185
 20
4838302.358145266
  0
LWPOLYLINE
  5
634
330
17
100
AcDbEntity
  8
ROADS
100
AcDbPolyline
 90
2
 70
0
 10
633252.3315395652
 20
4838242.493929356
 10
633231.8240896796
 20
4838311.929589871
  0
LWPOLYLINE
  5
635
330
17
100
AcDbEntity
  8
ROADS
100
AcDbPolyline
 90
2
 70
0
 10
633150.7591811457
 20
4838289.007618599
 10
633190.7389856002
 20
4838300.529612536
  0
LWPOLYLINE
  5
636
330
17
100
AcDbEntity
  8
ROADS
100
AcDbPolyline
 90
2
 70
0
 10
633190.7389856002
 20
4838300.529612536
 10
633231.8240896796
 20
4838311.929589871
  0
LWPOLYLINE
  5
637
330
17
100
AcDbEntity
  8
ROADS
100
AcDbPolyline
 90
2
 70
0
 10
633190.7389856002
 20
4838300.529612536
 10
633162.2204539124
 20
4838398.021605604
  0
LWPOLYLINE
  5
638
330
17
100
AcDbEntity
  8
ROADS
100
AcDbPolyline
 90
2
 70
0
 10
633461.4116444185
 20
4838302.358145266
 10
633434.0404003791
 20
4838398.455854844
  0
LWPOLYLINE
  5
639
330
17
100
AcDbEntity
  8
ROADS
100
AcDbPolyline
 90
3
 70
0
 10
633231.8240896796
 20
4838311.929589871
 10
633323.9635116667
 20
4838362.961123218
 10
633434.0404003791
 20
4838398.455854844
  0
LWPOLYLINE
  5
63A
330
17
100
AcDbEntity
  8
ROADS
100
AcDbPolyline
 90
2
 70
0
 10
633231.8240896796
 20
4838311.929589871
 10
633203.1145028557
 20
4838410.142196101
  0
LWPOLYLINE
  5
63B
330
17
100
AcDbEntity
  8
ROADS
100
AcDbPolyline
 90
2
 70
0
 10
633783.8197073976
 20
4838309.551801394
 10
633759.0856121595
 20
4838388.56690575
  0
LWPOLYLINE
  5
63C
330
17
100
AcDbEntity
  8
ROADS
100
AcDbPolyline
 90
2
 70
0
 10
633906.1663176563
 20
4838343.633357135
 10
633986.3297189145
 20
4838369.464324689
  0
LWPOLYLINE
  5
63D
330
17
100
AcDbEntity
  8
ROADS
100
AcDbPolyline
 90
2
 70
0
 10
633828.1960630505
 20
4838320.680302278
 10
633803.2404660605
 20
4838401.38054789
  0
LWPOLYLINE
  5
63E
330
17
100
AcDbEntity
  8
ROADS
100
AcDbPolyline
 90
2
 70
0
 10
633651.4459247594
 20
4838357.544587717
 10
633759.0856121595
 20
4838388.56690575
  0
LWPOLYLINE
  5
63F
330
17
100
AcDbEntity
  8
ROADS
100
AcDbPolyline
 90
2
 70
0
 10
633759.0856121595
 20
4838388.56690575
 10
633803.2404660605
 20
4838401.38054789
  0
LWPOLYLINE
  5
640
330
17
100
AcDbEntity
  8
ROADS
100
AcDbPolyline
 90
2
 70
0
 10
633651.4459247594
 20
4838357.544587717
 10
633623.7025497115
 20
4838453.148577013
  0
LWPOLYLINE
  5
641
330
17
100
AcDbEntity
  8
ROADS
100
AcDbPolyline
 90
2
 70
0
 10
633906.1663176563
 20
4838343.633357135
 10
633840.4639170932
 20
4838540.025125117
  0
LWPOLYLINE
  5
642
330
17
100
AcDbEntity
  8
ROADS
100
AcDbPolyline
 90
2
 70
0
 10
633759.0856121595
 20
4838388.56690575
 10
633722.7823397649
 20
4838502.426591865
  0
LWPOLYLINE
  5
643
330
17
100
AcDbEntity
  8
ROADS
100
AcDbPolyline
 90
2
 70
0
 10
633803.2404660605
 20
4838401.38054789
 10
633766.5354868278
 20
4838517.212143119
  0
LWPOLYLINE
  5
644
330
17
100
AcDbEntity
  8
ROADS
100
AcDbPolyline
 90
2
 70
0
 10
633623.7025497115
 20
4838453.148577013
 10
633722.7823397649
 20
4838502.426591865
  0
LWPOLYLINE
  5
645
330
17
100
AcDbEntity
  8
ROADS
100
AcDbPolyline
 90
2
 70
0
 10
633162.2204539124
 20
4838398.021605604
 10
633203.1145028557
 20
4838410.142196101
  0
LWPOLYLINE
  5
646
330
17
100
AcDbEntity
  8
ROADS
100
AcDbPolyline
 90
2
 70
0
 10
633434.0404003791
 20
4838398.455854844
 10
633623.7025497115
 20
4838453.148577013
  0
LWPOLYLINE
  5
647
330
17
100
AcDbEntity
  8
ROADS
100
AcDbPolyline
 90
2
 70
0
 10
633434.0404003791
 20
4838398.455854844
 10
633409.2574457831
 20
4838481.112279942
  0
LWPOLYLINE
  5
648
330
17
100
AcDbEntity
  8
ROADS
100
AcDbPolyline
 90
2
 70
0
 10
633162.2204539124
 20
4838398.021605604
 10
633149.8242801223
 20
4838439.037242506
  0
LWPOLYLINE
  5
649
330
17
100
AcDbEntity
  8
ROADS
100
AcDbPolyline
 90
2
 70
0
 10
633203.1145028557
 20
4838410.142196101
 10
633409.2574457831
 20
4838481.112279942
  0
LWPOLYLINE
  5
64A
330
17
100
AcDbEntity
  8
ROADS
100
AcDbPolyline
 90
2
 70
0
 10
633203.1145028557
 20
4838410.142196101
 10
633191.539715297
 20
4838475.930035984
  0
LWPOLYLINE
  5
64B
330
17
100
AcDbEntity
  8
ROADS
100
AcDbPolyline
 90
2
 70
0
 10
633409.2574457831
 20
4838481.112279942
 10
633598.3820714488
 20
4838537.433455206
  0
LWPOLYLINE
  5
64C
330
17
100
AcDbEntity
  8
ROADS
100
AcDbPolyline
 90
2
 70
0
 10
633409.2574457831
 20
4838481.112279942
 10
633383.5360031914
 20
4838565.780880829
  0
LWPOLYLINE
  5
64D
330
17
100
AcDbEntity
  8
ROADS
100
AcDbPolyline
 90
2
 70
0
 10
633986.3297189145
 20
4838369.464324689
 10
634062.8816847301
 20
4838393.589846318
  0
LWPOLYLINE
  5
64E
330
17
100
AcDbEntity
  8
ROADS
100
AcDbPolyline
 90
2
 70
0
 10
634062.8816847301
 20
4838393.589846318
 10
634138.5515201173
 20
4838418.106456542
  0
LWPOLYLINE
  5
64F
330
17
100
AcDbEntity
  8
ROADS
100
AcDbPolyline
 90
2
 70
0
 10
634239.7735579999
 20
4838376.270716892
 10
634443.1672382951
 20
4838440.5882080775
  0
LWPOLYLINE
  5
650
330
17
100
AcDbEntity
  8
ROADS
100
AcDbPolyline
 90
2
 70
0
 10
634239.7735579999
 20
4838376.270716892
 10
634217.4983081543
 20
4838444.244980282
  0
LWPOLYLINE
  5
651
330
17
100
AcDbEntity
  8
ROADS
100
AcDbPolyline
 90
2
 70
0
 10
634138.5515201173
 20
4838418.106456542
 10
634217.4983081543
 20
4838444.244980282
  0
LWPOLYLINE
  5
652
330
17
100
AcDbEntity
  8
ROADS
100
AcDbPolyline
 90
2
 70
0
 10
634217.4983081543
 20
4838444.244980282
 10
634290.7027180302
 20
4838468.388490866
  0
LWPOLYLINE
  5
653
330
17
100
AcDbEntity
  8
ROADS
100
AcDbPolyline
 90
2
 70
0
 10
633986.3297189145
 20
4838369.464324689
 10
633915.1193488637
 20
4838563.837347997
  0
LWPOLYLINE
  5
654
330
17
100
AcDbEntity
  8
ROADS
100
AcDbPolyline
 90
2
 70
0
 10
634290.7027180302
 20
4838468.388490866
 10
634365.6752886806
 20
4838492.034450123
  0
LWPOLYLINE
  5
655
330
17
100
AcDbEntity
  8
ROADS
100
AcDbPolyline
 90
2
 70
0
 10
634062.8816847301
 20
4838393.589846318
 10
633995.1894806982
 20
4838591.561837832
  0
LWPOLYLINE
  5
656
330
17
100
AcDbEntity
  8
ROADS
100
AcDbPolyline
 90
2
 70
0
 10
634138.5515201173
 20
4838418.106456542
 10
634068.173568684
 20
4838616.105913572
  0
LWPOLYLINE
  5
657
330
17
100
AcDbEntity
  8
ROADS
100
AcDbPolyline
 90
2
 70
0
 10
634743.8054945709
 20
4838247.456838672
 10
634716.6594738737
 20
4838336.461395316
  0
LWPOLYLINE
  5
658
330
17
100
AcDbEntity
  8
ROADS
100
AcDbPolyline
 90
2
 70
0
 10
634503.8854984859
 20
4838270.613638869
 10
634716.6594738737
 20
4838336.461395316
  0
LWPOLYLINE
  5
659
330
17
100
AcDbEntity
  8
ROADS
100
AcDbPolyline
 90
2
 70
0
 10
634503.8854984859
 20
4838270.613638869
 10
634473.1242351944
 20
4838352.317133144
  0
LWPOLYLINE
  5
65A
330
17
100
AcDbEntity
  8
ROADS
100
AcDbPolyline
 90
2
 70
0
 10
634269.4433091767
 20
4838287.23593163
 10
634473.1242351944
 20
4838352.317133144
  0
LWPOLYLINE
  5
65B
330
17
100
AcDbEntity
  8
ROADS
100
AcDbPolyline
 90
2
 70
0
 10
634716.6594738737
 20
4838336.461395316
 10
634689.3884955393
 20
4838419.04813662
  0
LWPOLYLINE
  5
65C
330
17
100
AcDbEntity
  8
ROADS
100
AcDbPolyline
 90
2
 70
0
 10
634473.1242351944
 20
4838352.317133144
 10
634689.3884955393
 20
4838419.04813662
  0
LWPOLYLINE
  5
65D
330
17
100
AcDbEntity
  8
ROADS
100
AcDbPolyline
 90
2
 70
0
 10
634473.1242351944
 20
4838352.317133144
 10
634447.6061663678
 20
4838429.831092596
  0
LWPOLYLINE
  5
65E
330
17
100
AcDbEntity
  8
ROADS
100
AcDbPolyline
 90
2
 70
0
 10
634447.6061663678
 20
4838429.831092596
 10
634443.1672382951
 20
4838440.5882080775
  0
LWPOLYLINE
  5
65F
330
17
100
AcDbEntity
  8
ROADS
100
AcDbPolyline
 90
2
 70
0
 10
634689.3884955393
 20
4838419.04813662
 10
634664.3510772254
 20
4838499.567587958
  0
LWPOLYLINE
  5
660
330
17
100
AcDbEntity
  8
ROADS
100
AcDbPolyline
 90
2
 70
0
 10
634447.6061663678
 20
4838429.831092596
 10
634664.3510772254
 20
4838499.567587958
  0
LWPOLYLINE
  5
661
330
17
100
AcDbEntity
  8
ROADS
100
AcDbPolyline
 90
2
 70
0
 10
634716.6594738737
 20
4838336.461395316
 10
635000.2134758239
 20
4838428.302592898
  0
LWPOLYLINE
  5
662
330
17
100
AcDbEntity
  8
ROADS
100
AcDbPolyline
 90
2
 70
0
 10
635030.9879376979
 20
4838338.574530194
 10
635000.2134758239
 20
4838428.302592898
  0
LWPOLYLINE
  5
663
330
17
100
AcDbEntity
  8
ROADS
100
AcDbPolyline
 90
2
 70
0
 10
635000.2134758239
 20
4838428.302592898
 10
635220.0600840732
 20
4838497.979789987
  0
LWPOLYLINE
  5
664
330
17
100
AcDbEntity
  8
ROADS
100
AcDbPolyline
 90
2
 70
0
 10
634689.3884955393
 20
4838419.04813662
 10
634972.3083494424
 20
4838510.670908981
  0
LWPOLYLINE
  5
665
330
17
100
AcDbEntity
  8
ROADS
100
AcDbPolyline
 90
2
 70
0
 10
635000.2134758239
 20
4838428.302592898
 10
634972.3083494424
 20
4838510.670908981
  0
LWPOLYLINE
  5
666
330
17
100
AcDbEntity
  8
ROADS
100
AcDbPolyline
 90
2
 70
0
 10
634664.3510772254
 20
4838499.567587958
 10
634946.185499534
 20
4838588.38705136
  0
LWPOLYLINE
  5
667
330
17
100
AcDbEntity
  8
ROADS
100
AcDbPolyline
 90
2
 70
0
 10
634972.3083494424
 20
4838510.670908981
 10
635193.1644951049
 20
4838580.542430633
  0
LWPOLYLINE
  5
668
330
17
100
AcDbEntity
  8
ROADS
100
AcDbPolyline
 90
2
 70
0
 10
634972.3083494424
 20
4838510.670908981
 10
634946.185499534
 20
4838588.38705136
  0
LWPOLYLINE
  5
669
330
17
100
AcDbEntity
  8
ROADS
100
AcDbPolyline
 90
2
 70
0
 10
634946.185499534
 20
4838588.38705136
 10
635165.9974966607
 20
4838658.591762267
  0
LWPOLYLINE
  5
66A
330
17
100
AcDbEntity
  8
ROADS
100
AcDbPolyline
 90
2
 70
0
 10
634946.185499534
 20
4838588.38705136
 10
634923.3381951096
 20
4838669.183688744
  0
LWPOLYLINE
  5
66B
330
17
100
AcDbEntity
  8
ROADS
100
AcDbPolyline
 90
2
 70
0
 10
634443.1672382951
 20
4838440.5882080775
 10
634421.0933313868
 20
4838508.764167215
  0
LWPOLYLINE
  5
66C
330
17
100
AcDbEntity
  8
ROADS
100
AcDbPolyline
 90
2
 70
0
 10
634365.6752886806
 20
4838492.034450123
 10
634421.0933313868
 20
4838508.764167215
  0
LWPOLYLINE
  5
66D
330
17
100
AcDbEntity
  8
ROADS
100
AcDbPolyline
 90
2
 70
0
 10
634421.0933313868
 20
4838508.764167215
 10
634439.5974688047
 20
4838515.200381584
  0
LWPOLYLINE
  5
66E
330
17
100
AcDbEntity
  8
ROADS
100
AcDbPolyline
 90
2
 70
0
 10
634439.5974688047
 20
4838515.200381584
 10
634518.4056502956
 20
4838538.776728789
  0
LWPOLYLINE
  5
66F
330
17
100
AcDbEntity
  8
ROADS
100
AcDbPolyline
 90
2
 70
0
 10
634664.3510772254
 20
4838499.567587958
 10
634641.9835157744
 20
4838577.9501367165
  0
LWPOLYLINE
  5
670
330
17
100
AcDbEntity
  8
ROADS
100
AcDbPolyline
 90
2
 70
0
 10
634518.4056502956
 20
4838538.776728789
 10
634626.7150232943
 20
4838573.372593877
  0
LWPOLYLINE
  5
671
330
17
100
AcDbEntity
  8
ROADS
100
AcDbPolyline
 90
2
 70
0
 10
634626.7150232943
 20
4838573.372593877
 10
634641.9835157744
 20
4838577.9501367165
  0
LWPOLYLINE
  5
672
330
17
100
AcDbEntity
  8
ROADS
100
AcDbPolyline
 90
2
 70
0
 10
634641.9835157744
 20
4838577.9501367165
 10
634700.8572843496
 20
4838596.64855023
  0
LWPOLYLINE
  5
673
330
17
100
AcDbEntity
  8
ROADS
100
AcDbPolyline
 90
2
 70
0
 10
634700.8572843496
 20
4838596.64855023
 10
634773.3143242253
 20
4838622.141223767
  0
LWPOLYLINE
  5
674
330
17
100
AcDbEntity
  8
ROADS
100
AcDbPolyline
 90
2
 70
0
 10
634439.5974688047
 20
4838515.200381584
 10
634372.5977660208
 20
4838711.425952524
  0
LWPOLYLINE
  5
675
330
17
100
AcDbEntity
  8
ROADS
100
AcDbPolyline
 90
2
 70
0
 10
635220.0600840732
 20
4838497.979789987
 10
635477.8037324357
 20
4838580.283602902
  0
LWPOLYLINE
  5
676
330
17
100
AcDbEntity
  8
ROADS
100
AcDbPolyline
 90
2
 70
0
 10
635220.0600840732
 20
4838497.979789987
 10
635193.1644951049
 20
4838580.542430633
  0
LWPOLYLINE
  5
677
330
17
100
AcDbEntity
  8
ROADS
100
AcDbPolyline
 90
2
 70
0
 10
635477.8037324357
 20
4838580.283602902
 10
635671.4393921698
 20
4838639.674020695
  0
LWPOLYLINE
  5
678
330
17
100
AcDbEntity
  8
ROADS
100
AcDbPolyline
 90
2
 70
0
 10
635193.1644951049
 20
4838580.542430633
 10
635165.9974966607
 20
4838658.591762267
  0
LWPOLYLINE
  5
679
330
17
100
AcDbEntity
  8
ROADS
100
AcDbPolyline
 90
2
 70
0
 10
635477.8037324357
 20
4838580.283602902
 10
635450.579649644
 20
4838662.2063040165
  0
LWPOLYLINE
  5
67A
330
17
100
AcDbEntity
  8
ROADS
100
AcDbPolyline
 90
2
 70
0
 10
635193.1644951049
 20
4838580.542430633
 10
635450.579649644
 20
4838662.2063040165
  0
LWPOLYLINE
  5
67B
330
17
100
AcDbEntity
  8
ROADS
100
AcDbPolyline
 90
2
 70
0
 10
635450.579649644
 20
4838662.2063040165
 10
635642.619489756
 20
4838723.623077528
  0
LWPOLYLINE
  5
67C
330
17
100
AcDbEntity
  8
ROADS
100
AcDbPolyline
 90
2
 70
0
 10
635165.9974966607
 20
4838658.591762267
 10
635424.136674975
 20
4838740.089770641
  0
LWPOLYLINE
  5
67D
330
17
100
AcDbEntity
  8
ROADS
100
AcDbPolyline
 90
2
 70
0
 10
635450.579649644
 20
4838662.2063040165
 10
635424.136674975
 20
4838740.089770641
  0
LWPOLYLINE
  5
67E
330
17
100
AcDbEntity
  8
ROADS
100
AcDbPolyline
 90
2
 70
0
 10
635141.4197955634
 20
4838738.958113261
 10
635226.3902951477
 20
4838765.595282467
  0
LWPOLYLINE
  5
67F
330
17
100
AcDbEntity
  8
ROADS
100
AcDbPolyline
 90
2
 70
0
 10
634518.4056502956
 20
4838538.776728789
 10
634449.8633707357
 20
4838735.412474856
  0
LWPOLYLINE
  5
680
330
17
100
AcDbEntity
  8
ROADS
100
AcDbPolyline
 90
2
 70
0
 10
634626.7150232943
 20
4838573.372593877
 10
634557.3658668437
 20
4838769.663773727
  0
LWPOLYLINE
  5
681
330
17
100
AcDbEntity
  8
ROADS
100
AcDbPolyline
 90
2
 70
0
 10
634700.8572843496
 20
4838596.64855023
 10
634632.5372530906
 20
4838793.101896878
  0
LWPOLYLINE
  5
682
330
17
100
AcDbEntity
  8
ROADS
100
AcDbPolyline
 90
2
 70
0
 10
634372.5977660208
 20
4838711.425952524
 10
634405.7740386918
 20
4838722.51094312
  0
LWPOLYLINE
  5
683
330
17
100
AcDbEntity
  8
ROADS
100
AcDbPolyline
 90
2
 70
0
 10
634773.3143242253
 20
4838622.141223767
 10
634704.9453166561
 20
4838818.453210248
  0
LWPOLYLINE
  5
684
330
17
100
AcDbEntity
  8
ROADS
100
AcDbPolyline
 90
2
 70
0
 10
634405.7740386918
 20
4838722.51094312
 10
634449.8633707357
 20
4838735.412474856
  0
LWPOLYLINE
  5
685
330
17
100
AcDbEntity
  8
ROADS
100
AcDbPolyline
 90
2
 70
0
 10
634449.8633707357
 20
4838735.412474856
 10
634503.155791737
 20
4838753.327888869
  0
LWPOLYLINE
  5
686
330
17
100
AcDbEntity
  8
ROADS
100
AcDbPolyline
 90
2
 70
0
 10
634503.155791737
 20
4838753.327888869
 10
634557.3658668437
 20
4838769.663773727
  0
LWPOLYLINE
  5
687
330
17
100
AcDbEntity
  8
ROADS
100
AcDbPolyline
 90
2
 70
0
 10
634557.3658668437
 20
4838769.663773727
 10
634602.9585234891
 20
4838784.9327074615
  0
LWPOLYLINE
  5
688
330
17
100
AcDbEntity
  8
ROADS
100
AcDbPolyline
 90
2
 70
0
 10
634602.9585234891
 20
4838784.9327074615
 10
634632.5372530906
 20
4838793.101896878
  0
LWPOLYLINE
  5
689
330
17
100
AcDbEntity
  8
ROADS
100
AcDbPolyline
 90
2
 70
0
 10
634773.3143242253
 20
4838622.141223767
 10
634923.3381951096
 20
4838669.183688744
  0
LWPOLYLINE
  5
68A
330
17
100
AcDbEntity
  8
ROADS
100
AcDbPolyline
 90
2
 70
0
 10
635165.9974966607
 20
4838658.591762267
 10
635141.4197955634
 20
4838738.958113261
  0
LWPOLYLINE
  5
68B
330
17
100
AcDbEntity
  8
ROADS
100
AcDbPolyline
 90
2
 70
0
 10
634923.3381951096
 20
4838669.183688744
 10
635123.6857235156
 20
4838733.8469154965
  0
LWPOLYLINE
  5
68C
330
17
100
AcDbEntity
  8
ROADS
100
AcDbPolyline
 90
2
 70
0
 10
635123.6857235156
 20
4838733.8469154965
 10
635141.4197955634
 20
4838738.958113261
  0
LWPOLYLINE
  5
68D
330
17
100
AcDbEntity
  8
ROADS
100
AcDbPolyline
 90
2
 70
0
 10
634923.3381951096
 20
4838669.183688744
 10
634863.6840218725
 20
4838869.329710113
  0
LWPOLYLINE
  5
68E
330
17
100
AcDbEntity
  8
ROADS
100
AcDbPolyline
 90
2
 70
0
 10
635123.6857235156
 20
4838733.8469154965
 10
635062.5286990755
 20
4838932.64674749
  0
LWPOLYLINE
  5
68F
330
17
100
AcDbEntity
  8
ROADS
100
AcDbPolyline
 90
2
 70
0
 10
634704.9453166561
 20
4838818.453210248
 10
634863.6840218725
 20
4838869.329710113
  0
LWPOLYLINE
  5
690
330
17
100
AcDbEntity
  8
ROADS
100
AcDbPolyline
 90
2
 70
0
 10
634863.6840218725
 20
4838869.329710113
 10
634946.2380512886
 20
4838896.198202846
  0
LWPOLYLINE
  5
691
330
17
100
AcDbEntity
  8
ROADS
100
AcDbPolyline
 90
2
 70
0
 10
634946.2380512886
 20
4838896.198202846
 10
635025.4424339659
 20
4838920.820929161
  0
LWPOLYLINE
  5
692
330
17
100
AcDbEntity
  8
ROADS
100
AcDbPolyline
 90
2
 70
0
 10
635025.4424339659
 20
4838920.820929161
 10
635062.5286990755
 20
4838932.64674749
  0
LWPOLYLINE
  5
693
330
17
100
AcDbEntity
  8
ROADS
100
AcDbPolyline
 90
2
 70
0
 10
635424.136674975
 20
4838740.089770641
 10
635616.1373424655
 20
4838801.624886056
  0
LWPOLYLINE
  5
694
330
17
100
AcDbEntity
  8
ROADS
100
AcDbPolyline
 90
2
 70
0
 10
635424.136674975
 20
4838740.089770641
 10
635394.06356565
 20
4838818.1835836265
  0
LWPOLYLINE
  5
695
330
17
100
AcDbEntity
  8
ROADS
100
AcDbPolyline
 90
2
 70
0
 10
635226.3902951477
 20
4838765.595282467
 10
635394.06356565
 20
4838818.1835836265
  0
LWPOLYLINE
  5
696
330
17
100
AcDbEntity
  8
ROADS
100
AcDbPolyline
 90
2
 70
0
 10
635226.3902951477
 20
4838765.595282467
 10
635201.0742074919
 20
4838843.711091678
  0
LWPOLYLINE
  5
697
330
17
100
AcDbEntity
  8
ROADS
100
AcDbPolyline
 90
2
 70
0
 10
635616.1373424655
 20
4838801.624886056
 10
635591.2307557107
 20
4838880.542260377
  0
LWPOLYLINE
  5
698
330
17
100
AcDbEntity
  8
ROADS
100
AcDbPolyline
 90
2
 70
0
 10
635394.06356565
 20
4838818.1835836265
 10
635591.2307557107
 20
4838880.542260377
  0
LWPOLYLINE
  5
699
330
17
100
AcDbEntity
  8
ROADS
100
AcDbPolyline
 90
2
 70
0
 10
635394.06356565
 20
4838818.1835836265
 10
635363.8415382637
 20
4838894.778559836
  0
LWPOLYLINE
  5
69A
330
17
100
AcDbEntity
  8
ROADS
100
AcDbPolyline
 90
2
 70
0
 10
635201.0742074919
 20
4838843.711091678
 10
635363.8415382637
 20
4838894.778559836
  0
LWPOLYLINE
  5
69B
330
17
100
AcDbEntity
  8
ROADS
100
AcDbPolyline
 90
2
 70
0
 10
635201.0742074919
 20
4838843.711091678
 10
635167.868550339
 20
4838941.1148394365
  0
LWPOLYLINE
  5
69C
330
17
100
AcDbEntity
  8
ROADS
100
AcDbPolyline
 90
2
 70
0
 10
635591.2307557107
 20
4838880.542260377
 10
635563.7078966617
 20
4838959.6823198795
  0
LWPOLYLINE
  5
69D
330
17
100
AcDbEntity
  8
ROADS
100
AcDbPolyline
 90
2
 70
0
 10
634632.5372530906
 20
4838793.101896878
 10
634704.9453166561
 20
4838818.453210248
  0
LWPOLYLINE
  5
69E
330
17
100
AcDbEntity
  8
ROADS
100
AcDbPolyline
 90
2
 70
0
 10
634405.7740386918
 20
4838722.51094312
 10
634345.1366069263
 20
4838919.739617834
  0
LWPOLYLINE
  5
69F
330
17
100
AcDbEntity
  8
ROADS
100
AcDbPolyline
 90
2
 70
0
 10
634503.155791737
 20
4838753.327888869
 10
634443.4947445953
 20
4838947.663034443
  0
LWPOLYLINE
  5
6A0
330
17
100
AcDbEntity
  8
ROADS
100
AcDbPolyline
 90
2
 70
0
 10
634602.9585234891
 20
4838784.9327074615
 10
634546.2206682392
 20
4838981.811993827
  0
LWPOLYLINE
  5
6A1
330
17
100
AcDbEntity
  8
ROADS
100
AcDbPolyline
 90
2
 70
0
 10
634704.9453166561
 20
4838818.453210248
 10
634641.3544891704
 20
4839011.952309579
  0
LWPOLYLINE
  5
6A2
330
17
100
AcDbEntity
  8
ROADS
100
AcDbPolyline
 90
2
 70
0
 10
634345.1366069263
 20
4838919.739617834
 10
634394.2706333621
 20
4838935.223636519
  0
LWPOLYLINE
  5
6A3
330
17
100
AcDbEntity
  8
ROADS
100
AcDbPolyline
 90
2
 70
0
 10
634394.2706333621
 20
4838935.223636519
 10
634443.4947445953
 20
4838947.663034443
  0
LWPOLYLINE
  5
6A4
330
17
100
AcDbEntity
  8
ROADS
100
AcDbPolyline
 90
2
 70
0
 10
634443.4947445953
 20
4838947.663034443
 10
634477.9988236456
 20
4838959.594138788
  0
LWPOLYLINE
  5
6A5
330
17
100
AcDbEntity
  8
ROADS
100
AcDbPolyline
 90
2
 70
0
 10
634477.9988236456
 20
4838959.594138788
 10
634546.2206682392
 20
4838981.811993827
  0
LWPOLYLINE
  5
6A6
330
17
100
AcDbEntity
  8
ROADS
100
AcDbPolyline
 90
2
 70
0
 10
634546.2206682392
 20
4838981.811993827
 10
634608.377685605
 20
4839001.504944505
  0
LWPOLYLINE
  5
6A7
330
17
100
AcDbEntity
  8
ROADS
100
AcDbPolyline
 90
2
 70
0
 10
635363.8415382637
 20
4838894.778559836
 10
635563.7078966617
 20
4838959.6823198795
  0
LWPOLYLINE
  5
6A8
330
17
100
AcDbEntity
  8
ROADS
100
AcDbPolyline
 90
2
 70
0
 10
635363.8415382637
 20
4838894.778559836
 10
635336.2385720381
 20
4838973.75910168
  0
LWPOLYLINE
  5
6A9
330
17
100
AcDbEntity
  8
ROADS
100
AcDbPolyline
 90
3
 70
0
 10
635167.868550339
 20
4838941.1148394365
 10
635213.7323665847
 20
4838934.210822442
 10
635336.2385720381
 20
4838973.75910168
  0
LWPOLYLINE
  5
6AA
330
17
100
AcDbEntity
  8
ROADS
100
AcDbPolyline
 90
2
 70
0
 10
635336.2385720381
 20
4838973.75910168
 10
635323.0901937004
 20
4839014.2967715515
  0
LWPOLYLINE
  5
6AB
330
17
100
AcDbEntity
  8
ROADS
100
AcDbPolyline
 90
3
 70
0
 10
635170.9425723179
 20
4838982.703010017
 10
635208.9109060992
 20
4838977.944370088
 10
635323.0901937004
 20
4839014.2967715515
  0
LWPOLYLINE
  5
6AC
330
17
100
AcDbEntity
  8
ROADS
100
AcDbPolyline
 90
2
 70
0
 10
635563.7078966617
 20
4838959.6823198795
 10
635533.355139687
 20
4839036.42497096
  0
LWPOLYLINE
  5
6AD
330
17
100
AcDbEntity
  8
ROADS
100
AcDbPolyline
 90
2
 70
0
 10
635170.9425723179
 20
4838982.703010017
 10
635172.5861549557
 20
4839022.31813825
  0
LWPOLYLINE
  5
6AE
330
17
100
AcDbEntity
  8
ROADS
100
AcDbPolyline
 90
2
 70
0
 10
635336.2385720381
 20
4838973.75910168
 10
635533.355139687
 20
4839036.42497096
  0
LWPOLYLINE
  5
6AF
330
17
100
AcDbEntity
  8
ROADS
100
AcDbPolyline
 90
2
 70
0
 10
635323.0901937004
 20
4839014.2967715515
 10
635306.1828811461
 20
4839066.422445117
  0
LWPOLYLINE
  5
6B0
330
17
100
AcDbEntity
  8
ROADS
100
AcDbPolyline
 90
2
 70
0
 10
635172.5861549557
 20
4839022.31813825
 10
635306.1828811461
 20
4839066.422445117
  0
LWPOLYLINE
  5
6B1
330
17
100
AcDbEntity
  8
ROADS
100
AcDbPolyline
 90
2
 70
0
 10
635062.5286990755
 20
4838932.64674749
 10
635107.3593916697
 20
4838947.802933376
  0
LWPOLYLINE
  5
6B2
330
17
100
AcDbEntity
  8
ROADS
100
AcDbPolyline
 90
2
 70
0
 10
634863.6840218725
 20
4838869.329710113
 10
634816.8422657256
 20
4839015.990883101
  0
LWPOLYLINE
  5
6B3
330
17
100
AcDbEntity
  8
ROADS
100
AcDbPolyline
 90
2
 70
0
 10
635107.3593916697
 20
4838947.802933376
 10
635167.868550339
 20
4838941.1148394365
  0
LWPOLYLINE
  5
6B4
330
17
100
AcDbEntity
  8
ROADS
100
AcDbPolyline
 90
2
 70
0
 10
635167.868550339
 20
4838941.1148394365
 10
635170.9425723179
 20
4838982.703010017
  0
LWPOLYLINE
  5
6B5
330
17
100
AcDbEntity
  8
ROADS
100
AcDbPolyline
 90
2
 70
0
 10
634946.2380512886
 20
4838896.198202846
 10
634898.3289507891
 20
4839043.259136188
  0
LWPOLYLINE
  5
6B6
330
17
100
AcDbEntity
  8
ROADS
100
AcDbPolyline
 90
2
 70
0
 10
635107.3593916697
 20
4838947.802933376
 10
635172.5861549557
 20
4839022.31813825
  0
LWPOLYLINE
  5
6B7
330
17
100
AcDbEntity
  8
ROADS
100
AcDbPolyline
 90
2
 70
0
 10
635025.4424339659
 20
4838920.820929161
 10
634978.2188863966
 20
4839068.240324951
  0
LWPOLYLINE
  5
6B8
330
17
100
AcDbEntity
  8
ROADS
100
AcDbPolyline
 90
2
 70
0
 10
635107.3593916697
 20
4838947.802933376
 10
635058.1554724817
 20
4839093.905427591
  0
LWPOLYLINE
  5
6B9
330
17
100
AcDbEntity
  8
ROADS
100
AcDbPolyline
 90
2
 70
0
 10
634816.8422657256
 20
4839015.990883101
 10
634898.3289507891
 20
4839043.259136188
  0
LWPOLYLINE
  5
6BA
330
17
100
AcDbEntity
  8
ROADS
100
AcDbPolyline
 90
2
 70
0
 10
634816.8422657256
 20
4839015.990883101
 10
634800.0832646334
 20
4839063.125737658
  0
LWPOLYLINE
  5
6BB
330
17
100
AcDbEntity
  8
ROADS
100
AcDbPolyline
 90
2
 70
0
 10
633623.7025497115
 20
4838453.148577013
 10
633598.3820714488
 20
4838537.433455206
  0
LWPOLYLINE
  5
6BC
330
17
100
AcDbEntity
  8
ROADS
100
AcDbPolyline
 90
2
 70
0
 10
633722.7823397649
 20
4838502.426591865
 10
633766.5354868278
 20
4838517.212143119
  0
LWPOLYLINE
  5
6BD
330
17
100
AcDbEntity
  8
ROADS
100
AcDbPolyline
 90
2
 70
0
 10
633766.5354868278
 20
4838517.212143119
 10
633821.5747238711
 20
4838534.5320330495
  0
LWPOLYLINE
  5
6BE
330
17
100
AcDbEntity
  8
ROADS
100
AcDbPolyline
 90
2
 70
0
 10
633821.5747238711
 20
4838534.5320330495
 10
633840.4639170932
 20
4838540.025125117
  0
LWPOLYLINE
  5
6BF
330
17
100
AcDbEntity
  8
ROADS
100
AcDbPolyline
 90
2
 70
0
 10
633722.7823397649
 20
4838502.426591865
 10
633698.4291448012
 20
4838578.903350997
  0
LWPOLYLINE
  5
6C0
330
17
100
AcDbEntity
  8
ROADS
100
AcDbPolyline
 90
2
 70
0
 10
633840.4639170932
 20
4838540.025125117
 10
633870.8612356258
 20
4838550.207745926
  0
LWPOLYLINE
  5
6C1
330
17
100
AcDbEntity
  8
ROADS
100
AcDbPolyline
 90
2
 70
0
 10
633766.5354868278
 20
4838517.212143119
 10
633742.5029175039
 20
4838592.936649002
  0
LWPOLYLINE
  5
6C2
330
17
100
AcDbEntity
  8
ROADS
100
AcDbPolyline
 90
2
 70
0
 10
633870.8612356258
 20
4838550.207745926
 10
633915.1193488637
 20
4838563.837347997
  0
LWPOLYLINE
  5
6C3
330
17
100
AcDbEntity
  8
ROADS
100
AcDbPolyline
 90
2
 70
0
 10
633598.3820714488
 20
4838537.433455206
 10
633698.4291448012
 20
4838578.903350997
  0
LWPOLYLINE
  5
6C4
330
17
100
AcDbEntity
  8
ROADS
100
AcDbPolyline
 90
2
 70
0
 10
633915.1193488637
 20
4838563.837347997
 10
633968.2622704434
 20
4838583.047109945
  0
LWPOLYLINE
  5
6C5
330
17
100
AcDbEntity
  8
ROADS
100
AcDbPolyline
 90
2
 70
0
 10
634217.4983081543
 20
4838444.244980282
 10
634146.1953104878
 20
4838640.140073462
  0
LWPOLYLINE
  5
6C6
330
17
100
AcDbEntity
  8
ROADS
100
AcDbPolyline
 90
2
 70
0
 10
634290.7027180302
 20
4838468.388490866
 10
634223.9094585684
 20
4838664.8147339225
  0
LWPOLYLINE
  5
6C7
330
17
100
AcDbEntity
  8
ROADS
100
AcDbPolyline
 90
2
 70
0
 10
633968.2622704434
 20
4838583.047109945
 10
633995.1894806982
 20
4838591.561837832
  0
LWPOLYLINE
  5
6C8
330
17
100
AcDbEntity
  8
ROADS
100
AcDbPolyline
 90
2
 70
0
 10
634365.6752886806
 20
4838492.034450123
 10
634298.6677930632
 20
4838686.64670692
  0
LWPOLYLINE
  5
6C9
330
17
100
AcDbEntity
  8
ROADS
100
AcDbPolyline
 90
2
 70
0
 10
633995.1894806982
 20
4838591.561837832
 10
634068.173568684
 20
4838616.105913572
  0
LWPOLYLINE
  5
6CA
330
17
100
AcDbEntity
  8
ROADS
100
AcDbPolyline
 90
2
 70
0
 10
634068.173568684
 20
4838616.105913572
 10
634146.1953104878
 20
4838640.140073462
  0
LWPOLYLINE
  5
6CB
330
17
100
AcDbEntity
  8
ROADS
100
AcDbPolyline
 90
2
 70
0
 10
634146.1953104878
 20
4838640.140073462
 10
634223.9094585684
 20
4838664.8147339225
  0
LWPOLYLINE
  5
6CC
330
17
100
AcDbEntity
  8
ROADS
100
AcDbPolyline
 90
2
 70
0
 10
634223.9094585684
 20
4838664.8147339225
 10
634298.6677930632
 20
4838686.64670692
  0
LWPOLYLINE
  5
6CD
330
17
100
AcDbEntity
  8
ROADS
100
AcDbPolyline
 90
2
 70
0
 10
634298.6677930632
 20
4838686.64670692
 10
634310.5607853051
 20
4838690.793161765
  0
LWPOLYLINE
  5
6CE
330
17
100
AcDbEntity
  8
ROADS
100
AcDbPolyline
 90
2
 70
0
 10
634310.5607853051
 20
4838690.793161765
 10
634372.5977660208
 20
4838711.425952524
  0
LWPOLYLINE
  5
6CF
330
17
100
AcDbEntity
  8
ROADS
100
AcDbPolyline
 90
2
 70
0
 10
633598.3820714488
 20
4838537.433455206
 10
633572.5500421122
 20
4838628.87764872
  0
LWPOLYLINE
  5
6D0
330
17
100
AcDbEntity
  8
ROADS
100
AcDbPolyline
 90
2
 70
0
 10
633698.4291448012
 20
4838578.903350997
 10
633742.5029175039
 20
4838592.936649002
  0
LWPOLYLINE
  5
6D1
330
17
100
AcDbEntity
  8
ROADS
100
AcDbPolyline
 90
2
 70
0
 10
633698.4291448012
 20
4838578.903350997
 10
633673.1169787173
 20
4838659.354077554
  0
LWPOLYLINE
  5
6D2
330
17
100
AcDbEntity
  8
ROADS
100
AcDbPolyline
 90
2
 70
0
 10
633742.5029175039
 20
4838592.936649002
 10
633716.2653438742
 20
4838671.99553385
  0
LWPOLYLINE
  5
6D3
330
17
100
AcDbEntity
  8
ROADS
100
AcDbPolyline
 90
2
 70
0
 10
633821.5747238711
 20
4838534.5320330495
 10
633759.3974716074
 20
4838730.594449229
  0
LWPOLYLINE
  5
6D4
330
17
100
AcDbEntity
  8
ROADS
100
AcDbPolyline
 90
2
 70
0
 10
633572.5500421122
 20
4838628.87764872
 10
633673.1169787173
 20
4838659.354077554
  0
LWPOLYLINE
  5
6D5
330
17
100
AcDbEntity
  8
ROADS
100
AcDbPolyline
 90
2
 70
0
 10
633870.8612356258
 20
4838550.207745926
 10
633811.2878808688
 20
4838747.005345815
  0
LWPOLYLINE
  5
6D6
330
17
100
AcDbEntity
  8
ROADS
100
AcDbPolyline
 90
2
 70
0
 10
633673.1169787173
 20
4838659.354077554
 10
633716.2653438742
 20
4838671.99553385
  0
LWPOLYLINE
  5
6D7
330
17
100
AcDbEntity
  8
ROADS
100
AcDbPolyline
 90
2
 70
0
 10
633673.1169787173
 20
4838659.354077554
 10
633660.518133021
 20
4838698.543387433
  0
LWPOLYLINE
  5
6D8
330
17
100
AcDbEntity
  8
ROADS
100
AcDbPolyline
 90
2
 70
0
 10
633968.2622704434
 20
4838583.047109945
 10
633906.9278424727
 20
4838777.903749159
  0
LWPOLYLINE
  5
6D9
330
17
100
AcDbEntity
  8
ROADS
100
AcDbPolyline
 90
2
 70
0
 10
633258.1703766788
 20
4838528.846539823
 10
633383.5360031914
 20
4838565.780880829
  0
LWPOLYLINE
  5
6DA
330
17
100
AcDbEntity
  8
ROADS
100
AcDbPolyline
 90
2
 70
0
 10
633383.5360031914
 20
4838565.780880829
 10
633572.5500421122
 20
4838628.87764872
  0
LWPOLYLINE
  5
6DB
330
17
100
AcDbEntity
  8
ROADS
100
AcDbPolyline
 90
2
 70
0
 10
634068.173568684
 20
4838616.105913572
 10
634005.0123268669
 20
4838809.891474621
  0
LWPOLYLINE
  5
6DC
330
17
100
AcDbEntity
  8
ROADS
100
AcDbPolyline
 90
2
 70
0
 10
634146.1953104878
 20
4838640.140073462
 10
634083.7741605024
 20
4838834.641120937
  0
LWPOLYLINE
  5
6DD
330
17
100
AcDbEntity
  8
ROADS
100
AcDbPolyline
 90
2
 70
0
 10
634223.9094585684
 20
4838664.8147339225
 10
634160.4841652361
 20
4838859.925710166
  0
LWPOLYLINE
  5
6DE
330
17
100
AcDbEntity
  8
ROADS
100
AcDbPolyline
 90
2
 70
0
 10
634310.5607853051
 20
4838690.793161765
 10
634249.430111167
 20
4838886.652750443
  0
LWPOLYLINE
  5
6DF
330
17
100
AcDbEntity
  8
ROADS
100
AcDbPolyline
 90
2
 70
0
 10
633948.7842949496
 20
4838793.162076666
 10
634005.0123268669
 20
4838809.891474621
  0
LWPOLYLINE
  5
6E0
330
17
100
AcDbEntity
  8
ROADS
100
AcDbPolyline
 90
2
 70
0
 10
634005.0123268669
 20
4838809.891474621
 10
634083.7741605024
 20
4838834.641120937
  0
LWPOLYLINE
  5
6E1
330
17
100
AcDbEntity
  8
ROADS
100
AcDbPolyline
 90
2
 70
0
 10
634083.7741605024
 20
4838834.641120937
 10
634160.4841652361
 20
4838859.925710166
  0
LWPOLYLINE
  5
6E2
330
17
100
AcDbEntity
  8
ROADS
100
AcDbPolyline
 90
2
 70
0
 10
634160.4841652361
 20
4838859.925710166
 10
634249.430111167
 20
4838886.652750443
  0
LWPOLYLINE
  5
6E3
330
17
100
AcDbEntity
  8
ROADS
100
AcDbPolyline
 90
2
 70
0
 10
634083.7741605024
 20
4838834.641120937
 10
634075.1270029985
 20
4838847.624711367
  0
LWPOLYLINE
  5
6E4
330
17
100
AcDbEntity
  8
ROADS
100
AcDbPolyline
 90
2
 70
0
 10
633716.2653438742
 20
4838671.99553385
 10
633703.7659421626
 20
4838714.39490837
  0
LWPOLYLINE
  5
6E5
330
17
100
AcDbEntity
  8
ROADS
100
AcDbPolyline
 90
2
 70
0
 10
633703.7659421626
 20
4838714.39490837
 10
633759.3974716074
 20
4838730.594449229
  0
LWPOLYLINE
  5
6E6
330
17
100
AcDbEntity
  8
ROADS
100
AcDbPolyline
 90
2
 70
0
 10
633759.3974716074
 20
4838730.594449229
 10
633788.3282718523
 20
4838740.2455162695
  0
LWPOLYLINE
  5
6E7
330
17
100
AcDbEntity
  8
ROADS
100
AcDbPolyline
 90
2
 70
0
 10
633788.3282718523
 20
4838740.2455162695
 10
633811.2878808688
 20
4838747.005345815
  0
LWPOLYLINE
  5
6E8
330
17
100
AcDbEntity
  8
ROADS
100
AcDbPolyline
 90
2
 70
0
 10
633811.2878808688
 20
4838747.005345815
 10
633863.9640447047
 20
4838765.230608168
  0
LWPOLYLINE
  5
6E9
330
17
100
AcDbEntity
  8
ROADS
100
AcDbPolyline
 90
2
 70
0
 10
633863.9640447047
 20
4838765.230608168
 10
633906.9278424727
 20
4838777.903749159
  0
LWPOLYLINE
  5
6EA
330
17
100
AcDbEntity
  8
ROADS
100
AcDbPolyline
 90
2
 70
0
 10
633906.9278424727
 20
4838777.903749159
 10
633948.7842949496
 20
4838793.162076666
  0
LWPOLYLINE
  5
6EB
330
17
100
AcDbEntity
  8
ROADS
100
AcDbPolyline
 90
2
 70
0
 10
633703.7659421626
 20
4838714.39490837
 10
633701.5825489146
 20
4838721.288734617
  0
LWPOLYLINE
  5
6EC
330
17
100
AcDbEntity
  8
ROADS
100
AcDbPolyline
 90
2
 70
0
 10
633948.7842949496
 20
4838793.162076666
 10
633946.4203938696
 20
4838799.858454985
  0
LWPOLYLINE
  5
6ED
330
17
100
AcDbEntity
  8
ROADS
100
AcDbPolyline
 90
2
 70
0
 10
633788.3282718523
 20
4838740.2455162695
 10
633785.7765233162
 20
4838748.163706383
  0
LWPOLYLINE
  5
6EE
330
17
100
AcDbEntity
  8
ROADS
100
AcDbPolyline
 90
2
 70
0
 10
633863.9640447047
 20
4838765.230608168
 10
633861.7435507542
 20
4838772.406504774
  0
LWPOLYLINE
  5
6EF
330
17
100
AcDbEntity
  8
ROADS
100
AcDbPolyline
 90
2
 70
0
 10
634249.430111167
 20
4838886.652750443
 10
634306.197049495
 20
4838907.041230386
  0
LWPOLYLINE
  5
6F0
330
17
100
AcDbEntity
  8
ROADS
100
AcDbPolyline
 90
2
 70
0
 10
634306.197049495
 20
4838907.041230386
 10
634345.1366069263
 20
4838919.739617834
  0
LWPOLYLINE
  5
6F1
330
17
100
AcDbEntity
  8
ROADS
100
AcDbPolyline
 90
2
 70
0
 10
634249.430111167
 20
4838886.652750443
 10
634245.0584254119
 20
4838895.372275156
  0
LWPOLYLINE
  5
6F2
330
17
100
AcDbEntity
  8
ROADS
100
AcDbPolyline
 90
2
 70
0
 10
634306.197049495
 20
4838907.041230386
 10
634304.6631861187
 20
4838911.188156205
  0
LWPOLYLINE
  5
6F3
330
17
100
AcDbEntity
  8
ROADS
100
AcDbPolyline
 90
2
 70
0
 10
634546.2206682392
 20
4838981.811993827
 10
634562.813558783
 20
4838998.388501786
  0
LWPOLYLINE
  5
6F4
330
17
100
AcDbEntity
  8
ROADS
100
AcDbPolyline
 90
2
 70
0
 10
634608.377685605
 20
4839001.504944505
 10
634641.3544891704
 20
4839011.952309579
  0
LWPOLYLINE
  5
6F5
330
17
100
AcDbEntity
  8
ROADS
100
AcDbPolyline
 90
2
 70
0
 10
634608.377685605
 20
4839001.504944505
 10
634596.8232260381
 20
4839009.223216559
  0
LWPOLYLINE
  5
6F6
330
17
100
AcDbEntity
  8
ROADS
100
AcDbPolyline
 90
2
 70
0
 10
634546.2206682392
 20
4838981.811993827
 10
634543.9069816496
 20
4838991.236258515
  0
LWPOLYLINE
  5
6F7
330
17
100
AcDbEntity
  8
ROADS
100
AcDbPolyline
 90
2
 70
0
 10
634641.3544891704
 20
4839011.952309579
 10
634717.5364869317
 20
4839037.683466436
  0
LWPOLYLINE
  5
6F8
330
17
100
AcDbEntity
  8
ROADS
100
AcDbPolyline
 90
2
 70
0
 10
634394.2706333621
 20
4838935.223636519
 10
634392.1501435203
 20
4838941.871943882
  0
LWPOLYLINE
  5
6F9
330
17
100
AcDbEntity
  8
ROADS
100
AcDbPolyline
 90
2
 70
0
 10
634477.9988236456
 20
4838959.594138788
 10
634475.3873976679
 20
4838967.63934585
  0
LWPOLYLINE
  5
6FA
330
17
100
AcDbEntity
  8
ROADS
100
AcDbPolyline
 90
2
 70
0
 10
634641.3544891704
 20
4839011.952309579
 10
634638.1661179849
 20
4839022.3872472355
  0
LWPOLYLINE
  5
6FB
330
17
100
AcDbEntity
  8
ROADS
100
AcDbPolyline
 90
2
 70
0
 10
635323.0901937004
 20
4839014.2967715515
 10
635520.1861417347
 20
4839076.664263505
  0
LWPOLYLINE
  5
6FC
330
17
100
AcDbEntity
  8
ROADS
100
AcDbPolyline
 90
2
 70
0
 10
635533.355139687
 20
4839036.42497096
 10
635520.1861417347
 20
4839076.664263505
  0
LWPOLYLINE
  5
6FD
330
17
100
AcDbEntity
  8
ROADS
100
AcDbPolyline
 90
2
 70
0
 10
635533.355139687
 20
4839036.42497096
 10
635691.2759987195
 20
4839086.3968210295
  0
LWPOLYLINE
  5
6FE
330
17
100
AcDbEntity
  8
ROADS
100
AcDbPolyline
 90
2
 70
0
 10
635306.1828811461
 20
4839066.422445117
 10
635503.2135466952
 20
4839128.527761189
  0
LWPOLYLINE
  5
6FF
330
17
100
AcDbEntity
  8
ROADS
100
AcDbPolyline
 90
2
 70
0
 10
635520.1861417347
 20
4839076.664263505
 10
635503.2135466952
 20
4839128.527761189
  0
LWPOLYLINE
  5
700
330
17
100
AcDbEntity
  8
ROADS
100
AcDbPolyline
 90
2
 70
0
 10
635306.1828811461
 20
4839066.422445117
 10
635274.9395888366
 20
4839162.318568867
  0
LWPOLYLINE
  5
701
330
17
100
AcDbEntity
  8
ROADS
100
AcDbPolyline
 90
2
 70
0
 10
635140.9897838747
 20
4839119.7109692795
 10
635274.9395888366
 20
4839162.318568867
  0
LWPOLYLINE
  5
702
330
17
100
AcDbEntity
  8
ROADS
100
AcDbPolyline
 90
2
 70
0
 10
635503.2135466952
 20
4839128.527761189
 10
635700.2934458437
 20
4839193.169260597
  0
LWPOLYLINE
  5
703
330
17
100
AcDbEntity
  8
ROADS
100
AcDbPolyline
 90
2
 70
0
 10
635503.2135466952
 20
4839128.527761189
 10
635470.3297206778
 20
4839225.7703776425
  0
LWPOLYLINE
  5
704
330
17
100
AcDbEntity
  8
ROADS
100
AcDbPolyline
 90
2
 70
0
 10
635274.9395888366
 20
4839162.318568867
 10
635470.3297206778
 20
4839225.7703776425
  0
LWPOLYLINE
  5
705
330
17
100
AcDbEntity
  8
ROADS
100
AcDbPolyline
 90
2
 70
0
 10
634717.5364869317
 20
4839037.683466436
 10
634800.0832646334
 20
4839063.125737658
  0
LWPOLYLINE
  5
706
330
17
100
AcDbEntity
  8
ROADS
100
AcDbPolyline
 90
2
 70
0
 10
634898.3289507891
 20
4839043.259136188
 10
634978.2188863966
 20
4839068.240324951
  0
LWPOLYLINE
  5
707
330
17
100
AcDbEntity
  8
ROADS
100
AcDbPolyline
 90
2
 70
0
 10
635172.5861549557
 20
4839022.31813825
 10
635140.9897838747
 20
4839119.7109692795
  0
LWPOLYLINE
  5
708
330
17
100
AcDbEntity
  8
ROADS
100
AcDbPolyline
 90
2
 70
0
 10
634978.2188863966
 20
4839068.240324951
 10
635058.1554724817
 20
4839093.905427591
  0
LWPOLYLINE
  5
709
330
17
100
AcDbEntity
  8
ROADS
100
AcDbPolyline
 90
2
 70
0
 10
634898.3289507891
 20
4839043.259136188
 10
634871.3156777498
 20
4839128.608621029
  0
LWPOLYLINE
  5
70A
330
17
100
AcDbEntity
  8
ROADS
100
AcDbPolyline
 90
2
 70
0
 10
635058.1554724817
 20
4839093.905427591
 10
635140.9897838747
 20
4839119.7109692795
  0
LWPOLYLINE
  5
70B
330
17
100
AcDbEntity
  8
ROADS
100
AcDbPolyline
 90
2
 70
0
 10
634800.0832646334
 20
4839063.125737658
 10
634789.0290490428
 20
4839097.851824553
  0
LWPOLYLINE
  5
70C
330
17
100
AcDbEntity
  8
ROADS
100
AcDbPolyline
 90
2
 70
0
 10
635140.9897838747
 20
4839119.7109692795
 10
635122.246039595
 20
4839178.062984945
  0
LWPOLYLINE
  5
70D
330
17
100
AcDbEntity
  8
ROADS
100
AcDbPolyline
 90
2
 70
0
 10
634717.5364869317
 20
4839037.683466436
 10
634710.1321347865
 20
4839060.12622706
  0
LWPOLYLINE
  5
70E
330
17
100
AcDbEntity
  8
ROADS
100
AcDbPolyline
 90
2
 70
0
 10
635274.9395888366
 20
4839162.318568867
 10
635262.8206966036
 20
4839221.493992625
  0
LWPOLYLINE
  5
70F
330
17
100
AcDbEntity
  8
ROADS
100
AcDbPolyline
 90
2
 70
0
 10
635470.3297206778
 20
4839225.7703776425
 10
635666.5886207977
 20
4839287.475821127
  0
LWPOLYLINE
  5
710
330
17
100
AcDbEntity
  8
ROADS
100
AcDbPolyline
 90
2
 70
0
 10
635470.3297206778
 20
4839225.7703776425
 10
635451.7561061687
 20
4839281.732782967
  0
LWPOLYLINE
  5
711
330
17
100
AcDbEntity
  8
ROADS
100
AcDbPolyline
 90
2
 70
0
 10
635601.7599090782
 20
4839342.3680523615
 10
635606.0297124486
 20
4839329.083006044
  0
LWPOLYLINE
  5
712
330
17
100
AcDbEntity
  8
ROADS
100
AcDbPolyline
 90
2
 70
0
 10
635894.3289979907
 20
4839099.819868823
 10
635949.5610900882
 20
4839125.072146153
  0
LWPOLYLINE
  5
713
330
17
100
AcDbEntity
  8
ROADS
100
AcDbPolyline
 90
2
 70
0
 10
635730.53340567
 20
4839098.007933377
 10
635719.2518996128
 20
4839135.96168915
  0
LWPOLYLINE
  5
714
330
17
100
AcDbEntity
  8
ROADS
100
AcDbPolyline
 90
2
 70
0
 10
635894.3289979907
 20
4839099.819868823
 10
635868.3608540392
 20
4839176.214864124
  0
LWPOLYLINE
  5
715
330
17
100
AcDbEntity
  8
ROADS
100
AcDbPolyline
 90
2
 70
0
 10
635719.2518996128
 20
4839135.96168915
 10
635793.9783584056
 20
4839157.858788388
  0
LWPOLYLINE
  5
716
330
17
100
AcDbEntity
  8
ROADS
100
AcDbPolyline
 90
2
 70
0
 10
635719.2518996128
 20
4839135.96168915
 10
635700.2934458437
 20
4839193.169260597
  0
LWPOLYLINE
  5
717
330
17
100
AcDbEntity
  8
ROADS
100
AcDbPolyline
 90
2
 70
0
 10
635793.9783584056
 20
4839157.858788388
 10
635868.3608540392
 20
4839176.214864124
  0
LWPOLYLINE
  5
718
330
17
100
AcDbEntity
  8
ROADS
100
AcDbPolyline
 90
3
 70
0
 10
635868.3608540392
 20
4839176.214864124
 10
635896.3685449996
 20
4839171.890100303
 10
635974.3095573407
 20
4839198.639292967
  0
LWPOLYLINE
  5
719
330
17
100
AcDbEntity
  8
ROADS
100
AcDbPolyline
 90
2
 70
0
 10
635793.9783584056
 20
4839157.858788388
 10
635738.6681473291
 20
4839321.57263841
  0
LWPOLYLINE
  5
71A
330
17
100
AcDbEntity
  8
ROADS
100
AcDbPolyline
 90
2
 70
0
 10
635700.2934458437
 20
4839193.169260597
 10
635666.5886207977
 20
4839287.475821127
  0
LWPOLYLINE
  5
71B
330
17
100
AcDbEntity
  8
ROADS
100
AcDbPolyline
 90
2
 70
0
 10
635868.3608540392
 20
4839176.214864124
 10
635811.1382274964
 20
4839348.28888742
  0
LWPOLYLINE
  5
71C
330
17
100
AcDbEntity
  8
ROADS
100
AcDbPolyline
 90
2
 70
0
 10
635974.3095573407
 20
4839198.639292967
 10
635912.912678679
 20
4839383.973026026
  0
LWPOLYLINE
  5
71D
330
17
100
AcDbEntity
  8
ROADS
100
AcDbPolyline
 90
2
 70
0
 10
635666.5886207977
 20
4839287.475821127
 10
635662.6373361002
 20
4839297.589229709
  0
LWPOLYLINE
  5
71E
330
17
100
AcDbEntity
  8
ROADS
100
AcDbPolyline
 90
2
 70
0
 10
635662.6373361002
 20
4839297.589229709
 10
635738.6681473291
 20
4839321.57263841
  0
LWPOLYLINE
  5
71F
330
17
100
AcDbEntity
  8
ROADS
100
AcDbPolyline
 90
2
 70
0
 10
635738.6681473291
 20
4839321.57263841
 10
635811.1382274964
 20
4839348.28888742
  0
LWPOLYLINE
  5
720
330
17
100
AcDbEntity
  8
ROADS
100
AcDbPolyline
 90
2
 70
0
 10
635662.6373361002
 20
4839297.589229709
 10
635643.498732648
 20
4839358.075015719
  0
LWPOLYLINE
  5
721
330
17
100
AcDbEntity
  8
ROADS
100
AcDbPolyline
 90
2
 70
0
 10
635811.1382274964
 20
4839348.28888742
 10
635912.912678679
 20
4839383.973026026
  0
LWPOLYLINE
  5
722
330
17
100
AcDbEntity
  8
ROADS
100
AcDbPolyline
 90
2
 70
0
 10
635811.1382274964
 20
4839348.28888742
 10
635791.9980663263
 20
4839402.922897353
  0
LWPOLYLINE
  5
723
330
17
100
AcDbEntity
  8
ROADS
100
AcDbPolyline
 90
2
 70
0
 10
635912.912678679
 20
4839383.973026026
 10
636003.1120054635
 20
4839414.965386803
  0
LWPOLYLINE
  5
724
330
17
100
AcDbEntity
  8
ROADS
100
AcDbPolyline
 90
2
 70
0
 10
636063.9115541059
 20
4839230.643893825
 10
636159.7312519879
 20
4839265.737255854
  0
LWPOLYLINE
  5
725
330
17
100
AcDbEntity
  8
ROADS
100
AcDbPolyline
 90
2
 70
0
 10
636159.7312519879
 20
4839265.737255854
 10
636330.6114679853
 20
4839324.502507804
  0
LWPOLYLINE
  5
726
330
17
100
AcDbEntity
  8
ROADS
100
AcDbPolyline
 90
2
 70
0
 10
636159.7312519879
 20
4839265.737255854
 10
636133.1040833216
 20
4839341.961363343
  0
LWPOLYLINE
  5
727
330
17
100
AcDbEntity
  8
ROADS
100
AcDbPolyline
 90
2
 70
0
 10
636063.9115541059
 20
4839230.643893825
 10
636003.1120054635
 20
4839414.965386803
  0
LWPOLYLINE
  5
728
330
17
100
AcDbEntity
  8
ROADS
100
AcDbPolyline
 90
2
 70
0
 10
636133.1040833216
 20
4839341.961363343
 10
636242.7341064569
 20
4839378.984751815
  0
LWPOLYLINE
  5
729
330
17
100
AcDbEntity
  8
ROADS
100
AcDbPolyline
 90
2
 70
0
 10
636242.7341064569
 20
4839378.984751815
 10
636303.5467341746
 20
4839401.251781458
  0
LWPOLYLINE
  5
72A
330
17
100
AcDbEntity
  8
ROADS
100
AcDbPolyline
 90
2
 70
0
 10
636133.1040833216
 20
4839341.961363343
 10
636099.3295725826
 20
4839454.875419437
  0
LWPOLYLINE
  5
72B
330
17
100
AcDbEntity
  8
ROADS
100
AcDbPolyline
 90
2
 70
0
 10
636242.7341064569
 20
4839378.984751815
 10
636193.1808893594
 20
4839446.307362553
  0
LWPOLYLINE
  5
72C
330
17
100
AcDbEntity
  8
ROADS
100
AcDbPolyline
 90
2
 70
0
 10
636303.5467341746
 20
4839401.251781458
 10
636277.9717687943
 20
4839478.352023232
  0
LWPOLYLINE
  5
72D
330
17
100
AcDbEntity
  8
ROADS
100
AcDbPolyline
 90
3
 70
0
 10
636003.1120054635
 20
4839414.965386803
 10
635989.3397488545
 20
4839453.664673302
 10
635951.6623530086
 20
4839477.34631948
  0
LWPOLYLINE
  5
72E
330
17
100
AcDbEntity
  8
ROADS
100
AcDbPolyline
 90
2
 70
0
 10
636532.7388410207
 20
4839306.797178036
 10
636520.1139429135
 20
4839348.550058892
  0
LWPOLYLINE
  5
72F
330
17
100
AcDbEntity
  8
ROADS
100
AcDbPolyline
 90
2
 70
0
 10
636561.412325368
 20
4839361.089731823
 10
636577.55369762
 20
4839313.3854197115
  0
LWPOLYLINE
  5
730
330
17
100
AcDbEntity
  8
ROADS
100
AcDbPolyline
 90
2
 70
0
 10
636330.6114679853
 20
4839324.502507804
 10
636507.7710982113
 20
4839384.49651738
  0
LWPOLYLINE
  5
731
330
17
100
AcDbEntity
  8
ROADS
100
AcDbPolyline
 90
2
 70
0
 10
636520.1139429135
 20
4839348.550058892
 10
636561.412325368
 20
4839361.089731823
  0
LWPOLYLINE
  5
732
330
17
100
AcDbEntity
  8
ROADS
100
AcDbPolyline
 90
2
 70
0
 10
636330.6114679853
 20
4839324.502507804
 10
636303.5467341746
 20
4839401.251781458
  0
LWPOLYLINE
  5
733
330
17
100
AcDbEntity
  8
ROADS
100
AcDbPolyline
 90
2
 70
0
 10
636561.412325368
 20
4839361.089731823
 10
636572.7534187017
 20
4839365.010733699
  0
LWPOLYLINE
  5
734
330
17
100
AcDbEntity
  8
ROADS
100
AcDbPolyline
 90
2
 70
0
 10
636520.1139429135
 20
4839348.550058892
 10
636507.7710982113
 20
4839384.49651738
  0
LWPOLYLINE
  5
735
330
17
100
AcDbEntity
  8
ROADS
100
AcDbPolyline
 90
2
 70
0
 10
636572.7534187017
 20
4839365.010733699
 10
636610.0455334109
 20
4839377.51793804
  0
LWPOLYLINE
  5
736
330
17
100
AcDbEntity
  8
ROADS
100
AcDbPolyline
 90
2
 70
0
 10
636572.7534187017
 20
4839365.010733699
 10
636564.6370718044
 20
4839388.7055486785
  0
LWPOLYLINE
  5
737
330
17
100
AcDbEntity
  8
ROADS
100
AcDbPolyline
 90
2
 70
0
 10
636610.0455334109
 20
4839377.51793804
 10
636713.6382118415
 20
4839412.548497649
  0
LWPOLYLINE
  5
738
330
17
100
AcDbEntity
  8
ROADS
100
AcDbPolyline
 90
2
 70
0
 10
635912.912678679
 20
4839383.973026026
 10
635890.288616733
 20
4839449.094569411
  0
LWPOLYLINE
  5
739
330
17
100
AcDbEntity
  8
ROADS
100
AcDbPolyline
 90
2
 70
0
 10
636139.3988406556
 20
4839476.727182754
 10
636193.1808893594
 20
4839446.307362553
  0
LWPOLYLINE
  5
73A
330
17
100
AcDbEntity
  8
ROADS
100
AcDbPolyline
 90
2
 70
0
 10
636099.3295725826
 20
4839454.875419437
 10
636123.7901270125
 20
4839475.031680727
  0
LWPOLYLINE
  5
73B
330
17
100
AcDbEntity
  8
ROADS
100
AcDbPolyline
 90
2
 70
0
 10
636099.3295725826
 20
4839454.875419437
 10
636093.022191663
 20
4839477.420320011
  0
LWPOLYLINE
  5
73C
330
17
100
AcDbEntity
  8
ROADS
100
AcDbPolyline
 90
2
 70
0
 10
636193.1808893594
 20
4839446.307362553
 10
636179.7539415129
 20
4839496.654950888
  0
LWPOLYLINE
  5
73D
330
17
100
AcDbEntity
  8
ROADS
100
AcDbPolyline
 90
2
 70
0
 10
636123.7901270125
 20
4839475.031680727
 10
636139.3988406556
 20
4839476.727182754
  0
LWPOLYLINE
  5
73E
330
17
100
AcDbEntity
  8
ROADS
100
AcDbPolyline
 90
2
 70
0
 10
636093.022191663
 20
4839477.420320011
 10
636123.7901270125
 20
4839475.031680727
  0
LWPOLYLINE
  5
73F
330
17
100
AcDbEntity
  8
ROADS
100
AcDbPolyline
 90
2
 70
0
 10
636139.3988406556
 20
4839476.727182754
 10
636179.7539415129
 20
4839496.654950888
  0
LWPOLYLINE
  5
740
330
17
100
AcDbEntity
  8
ROADS
100
AcDbPolyline
 90
2
 70
0
 10
636093.022191663
 20
4839477.420320011
 10
636051.721556454
 20
4839513.650143988
  0
LWPOLYLINE
  5
741
330
17
100
AcDbEntity
  8
ROADS
100
AcDbPolyline
 90
2
 70
0
 10
636179.7539415129
 20
4839496.654950888
 10
636172.9587578333
 20
4839527.146737768
  0
LWPOLYLINE
  5
742
330
17
100
AcDbEntity
  8
ROADS
100
AcDbPolyline
 90
2
 70
0
 10
636277.9717687943
 20
4839478.352023232
 10
636251.3455422971
 20
4839554.576158629
  0
LWPOLYLINE
  5
743
330
17
100
AcDbEntity
  8
ROADS
100
AcDbPolyline
 90
2
 70
0
 10
636172.9587578333
 20
4839527.146737768
 10
636251.3455422971
 20
4839554.576158629
  0
LWPOLYLINE
  5
744
330
17
100
AcDbEntity
  8
ROADS
100
AcDbPolyline
 90
2
 70
0
 10
636172.9587578333
 20
4839527.146737768
 10
636165.7022192108
 20
4839542.190738274
  0
LWPOLYLINE
  5
745
330
17
100
AcDbEntity
  8
ROADS
100
AcDbPolyline
 90
2
 70
0
 10
636251.3455422971
 20
4839554.576158629
 10
636253.7251670159
 20
4839555.344082377
  0
LWPOLYLINE
  5
746
330
17
100
AcDbEntity
  8
ROADS
100
AcDbPolyline
 90
2
 70
0
 10
636251.3455422971
 20
4839554.576158629
 10
636251.1455572685
 20
4839555.146412806
  0
LWPOLYLINE
  5
747
330
17
100
AcDbEntity
  8
ROADS
100
AcDbPolyline
 90
2
 70
0
 10
637225.8293839174
 20
4839194.155016459
 10
637319.5162463373
 20
4839227.292781726
  0
LWPOLYLINE
  5
748
330
17
100
AcDbEntity
  8
ROADS
100
AcDbPolyline
 90
2
 70
0
 10
637219.9026380347
 20
4839244.91647592
 10
637214.289192759
 20
4839305.834534242
  0
LWPOLYLINE
  5
749
330
17
100
AcDbEntity
  8
ROADS
100
AcDbPolyline
 90
2
 70
0
 10
637214.289192759
 20
4839305.834534242
 10
637210.8355923088
 20
4839338.562477703
  0
LWPOLYLINE
  5
74A
330
17
100
AcDbEntity
  8
ROADS
100
AcDbPolyline
 90
2
 70
0
 10
637214.289192759
 20
4839305.834534242
 10
637238.3612510418
 20
4839314.542419274
  0
LWPOLYLINE
  5
74B
330
17
100
AcDbEntity
  8
ROADS
100
AcDbPolyline
 90
2
 70
0
 10
636935.8323735677
 20
4839179.697094865
 10
636991.4212931189
 20
4839198.225302045
  0
LWPOLYLINE
  5
74C
330
17
100
AcDbEntity
  8
ROADS
100
AcDbPolyline
 90
2
 70
0
 10
636991.4212931189
 20
4839198.225302045
 10
637039.6422234356
 20
4839214.947073942
  0
LWPOLYLINE
  5
74D
330
17
100
AcDbEntity
  8
ROADS
100
AcDbPolyline
 90
2
 70
0
 10
637039.6422234356
 20
4839214.947073942
 10
637067.4611756521
 20
4839222.829999157
  0
LWPOLYLINE
  5
74E
330
17
100
AcDbEntity
  8
ROADS
100
AcDbPolyline
 90
2
 70
0
 10
637067.4611756521
 20
4839222.829999157
 10
637219.9026380347
 20
4839244.91647592
  0
LWPOLYLINE
  5
74F
330
17
100
AcDbEntity
  8
ROADS
100
AcDbPolyline
 90
2
 70
0
 10
636991.4212931189
 20
4839198.225302045
 10
636945.5710681054
 20
4839332.234147439
  0
LWPOLYLINE
  5
750
330
17
100
AcDbEntity
  8
ROADS
100
AcDbPolyline
 90
2
 70
0
 10
636806.8541683785
 20
4839136.768186961
 10
636713.6382118415
 20
4839412.548497649
  0
LWPOLYLINE
  5
751
330
17
100
AcDbEntity
  8
ROADS
100
AcDbPolyline
 90
2
 70
0
 10
637067.4611756521
 20
4839222.829999157
 10
637018.3760233175
 20
4839367.376317532
  0
LWPOLYLINE
  5
752
330
17
100
AcDbEntity
  8
ROADS
100
AcDbPolyline
 90
2
 70
0
 10
636945.5710681054
 20
4839332.234147439
 10
637018.3760233175
 20
4839367.376317532
  0
LWPOLYLINE
  5
753
330
17
100
AcDbEntity
  8
ROADS
100
AcDbPolyline
 90
4
 70
0
 10
637018.3760233175
 20
4839367.376317532
 10
637065.9687303188
 20
4839384.051746904
 10
637133.41789381
 20
4839355.416213187
 10
637185.381012509
 20
4839360.0506160455
  0
LWPOLYLINE
  5
754
330
17
100
AcDbEntity
  8
ROADS
100
AcDbPolyline
 90
3
 70
0
 10
636713.6382118415
 20
4839412.548497649
 10
636897.38729455
 20
4839467.419851806
 10
636945.5710681054
 20
4839332.234147439
  0
LWPOLYLINE
  5
755
330
17
100
AcDbEntity
  8
ROADS
100
AcDbPolyline
 90
2
 70
0
 10
636507.7710982113
 20
4839384.49651738
 10
636481.312518719
 20
4839461.846845912
  0
LWPOLYLINE
  5
756
330
17
100
AcDbEntity
  8
ROADS
100
AcDbPolyline
 90
2
 70
0
 10
636303.5467341746
 20
4839401.251781458
 10
636481.312518719
 20
4839461.846845912
  0
LWPOLYLINE
  5
757
330
17
100
AcDbEntity
  8
ROADS
100
AcDbPolyline
 90
2
 70
0
 10
636530.8478907085
 20
4839586.547223645
 10
636610.0455334109
 20
4839377.51793804
  0
LWPOLYLINE
  5
758
330
17
100
AcDbEntity
  8
ROADS
100
AcDbPolyline
 90
2
 70
0
 10
636481.312518719
 20
4839461.846845912
 10
636454.7272282627
 20
4839537.4107102305
  0
LWPOLYLINE
  5
759
330
17
100
AcDbEntity
  8
ROADS
100
AcDbPolyline
 90
2
 70
0
 10
636277.9717687943
 20
4839478.352023232
 10
636454.7272282627
 20
4839537.4107102305
  0
LWPOLYLINE
  5
75A
330
17
100
AcDbEntity
  8
ROADS
100
AcDbPolyline
 90
2
 70
0
 10
636454.7272282627
 20
4839537.4107102305
 10
636446.2901775036
 20
4839580.722554963
  0
LWPOLYLINE
  5
75B
330
17
100
AcDbEntity
  8
ROADS
100
AcDbPolyline
 90
4
 70
0
 10
636713.6382118415
 20
4839412.548497649
 10
636681.8502669116
 20
4839505.867409032
 10
636710.0936435665
 20
4839570.500158509
 10
636713.4123641658
 20
4839574.173246963
  0
ENDSEC
  0
SECTION
  2
OBJECTS
  0
DICTIONARY
  5
A
330
0
100
AcDbDictionary
281
1
  3
ACAD_COLOR
350
B
  3
ACAD_GROUP
350
C
  3
ACAD_LAYOUT
350
D
  3
ACAD_MATERIAL
350
E
  3
ACAD_MLEADERSTYLE
350
F
  3
ACAD_MLINESTYLE
350
10
  3
ACAD_PLOTSETTINGS
350
11
  3
ACAD_PLOTSTYLENAME
350
12
  3
ACAD_SCALELIST
350
14
  3
ACAD_TABLESTYLE
350
15
  3
ACAD_VISUALSTYLE
350
16
  3
EZDXF_META
350
2D
  0
DICTIONARY
  5
B
330
A
100
AcDbDictionary
281
1
  0
DICTIONARY
  5
C
330
A
100
AcDbDictionary
281
1
  0
DICTIONARY
  5
D
330
A
100
AcDbDictionary
281
1
  3
Model
350
1A
  3
Layout1
350
1E
  0
DICTIONARY
  5
E
330
A
100
AcDbDictionary
281
1
  3
ByBlock
350
1F
  3
ByLayer
350
20
  3
Global
350
21
  0
DICTIONARY
  5
F
330
A
100
AcDbDictionary
281
1
  3
Standard
350
2C
  0
DICTIONARY
  5
10
330
A
100
AcDbDictionary
281
1
  3
Standard
350
22
  0
DICTIONARY
  5
11
330
A
100
AcDbDictionary
281
1
  0
ACDBDICTIONARYWDFLT
  5
12
330
A
100
AcDbDictionary
281
1
  3
Normal
350
13
100
AcDbDictionaryWithDefault
340
13
  0
ACDBPLACEHOLDER
  5
13
330
12
  0
DICTIONARY
  5
14
330
A
100
AcDbDictionary
281
1
  0
DICTIONARY
  5
15
330
A
100
AcDbDictionary
281
1
  0
DICTIONARY
  5
16
330
A
100
AcDbDictionary
281
1
  0
LAYOUT
  5
1A
330
D
100
AcDbPlotSettings
  1

  4
A3
  6

 40
7.5
 41
20.0
 42
7.5
 43
20.0
 44
420.0
 45
297.0
 46
0.0
 47
0.0
 48
0.0
 49
0.0
140
0.0
141
0.0
142
1.0
143
1.0
 70
1024
 72
1
 73
0
 74
5
  7

 75
16
 76
0
 77
2
 78
300
147
1.0
148
0.0
149
0.0
100
AcDbLayout
  1
Model
 70
1
 71
0
 10
0.0
 20
0.0
 11
420.0
 21
297.0
 12
0.0
 22
0.0
 32
0.0
 14
1e+20
 24
1e+20
 34
1e+20
 15
-1e+20
 25
-1e+20
 35
-1e+20
146
0.0
 13
0.0
 23
0.0
 33
0.0
 16
1.0
 26
0.0
 36
0.0
 17
0.0
 27
1.0
 37
0.0
 76
1
330
17
  0
LAYOUT
  5
1E
330
D
100
AcDbPlotSettings
  1

  4
A3
  6

 40
7.5
 41
20.0
 42
7.5
 43
20.0
 44
420.0
 45
297.0
 46
0.0
 47
0.0
 48
0.0
 49
0.0
140
0.0
141
0.0
142
1.0
143
1.0
 70
0
 72
1
 73
0
 74
5
  7

 75
16
 76
0
 77
2
 78
300
147
1.0
148
0.0
149
0.0
100
AcDbLayout
  1
Layout1
 70
1
 71
1
 10
0.0
 20
0.0
 11
420.0
 21
297.0
 12
0.0
 22
0.0
 32
0.0
 14
1e+20
 24
1e+20
 34
1e+20
 15
-1e+20
 25
-1e+20
 35
-1e+20
146
0.0
 13
0.0
 23
0.0
 33
0.0
 16
1.0
 26
0.0
 36
0.0
 17
0.0
 27
1.0
 37
0.0
 76
1
330
1B
  0
MATERIAL
  5
1F
102
{ACAD_REACTORS
330
E
102
}
330
E
100
AcDbMaterial
  1
ByBlock
  2

 70
0
 40
1.0
 71
1
 41
1.0
 91
-1023410177
 42
1.0
 72
1
  3

 73
1
 74
1
 75
1
 44
0.5
 73
0
 45
1.0
 46
1.0
 77
1
  4

 78
1
 79
1
170
1
 48
1.0
171
1
  6

172
1
173
1
174
1
140
1.0
141
1.0
175
1
  7

176
1
177
1
178
1
143
1.0
179
1
  8

270
1
271
1
272
1
145
1.0
146
1.0
273
1
  9

274
1
275
1
276
1
 42
1.0
 72
1
  3

 73
1
 74
1
 75
1
 94
63
  0
MATERIAL
  5
20
102
{ACAD_REACTORS
330
E
102
}
330
E
100
AcDbMaterial
  1
ByLayer
  2

 70
0
 40
1.0
 71
1
 41
1.0
 91
-1023410177
 42
1.0
 72
1
  3

 73
1
 74
1
 75
1
 44
0.5
 73
0
 45
1.0
 46
1.0
 77
1
  4

 78
1
 79
1
170
1
 48
1.0
171
1
  6

172
1
173
1
174
1
140
1.0
141
1.0
175
1
  7

176
1
177
1
178
1
143
1.0
179
1
  8

270
1
271
1
272
1
145
1.0
146
1.0
273
1
  9

274
1
275
1
276
1
 42
1.0
 72
1
  3

 73
1
 74
1
 75
1
 94
63
  0
MATERIAL
  5
21
102
{ACAD_REACTORS
330
E
102
}
330
E
100
AcDbMaterial
  1
Global
  2

 70
0
 40
1.0
 71
1
 41
1.0
 91
-1023410177
 42
1.0
 72
1
  3

 73
1
 74
1
 75
1
 44
0.5
 73
0
 45
1.0
 46
1.0
 77
1
  4

 78
1
 79
1
170
1
 48
1.0
171
1
  6

172
1
173
1
174
1
140
1.0
141
1.0
175
1
  7

176
1
177
1
178
1
143
1.0
179
1
  8

270
1
271
1
272
1
145
1.0
146
1.0
273
1
  9

274
1
275
1
276
1
 42
1.0
 72
1
  3

 73
1
 74
1
 75
1
 94
63
  0
MLINESTYLE
  5
22
102
{ACAD_REACTORS
330
10
102
}
330
10
100
AcDbMlineStyle
  2
Standard
 70
0
  3

 62
256
 51
90.0
 52
90.0
 71
2
 49
0.5
 62
256
  6
BYLAYER
 49
-0.5
 62
256
  6
BYLAYER
  0
MLEADERSTYLE
  5
2C
102
{ACAD_REACTORS
330
F
102
}
330
F
100
AcDbMLeaderStyle
179
2
170
2
171
1
172
0
 90
2
 40
0.0
 41
0.0
173
1
 91
-1056964608
 92
-2
290
1
 42
2.0
291
1
 43
8.0
  3
Standard
 44
4.0
300

342
29
174
1
175
1
176
0
178
1
 93
-1056964608
 45
4.0
292
0
297
0
 46
4.0
 94
-1056964608
 47
1.0
 49
1.0
140
1.0
294
1
141
0.0
177
0
142
1.0
295
0
296
0
143
3.75
271
0
272
9
273
9
  0
DICTIONARY
  5
2D
330
A
100
AcDbDictionary
280
1
281
1
  3
CREATED_BY_EZDXF
350
2E
  3
WRITTEN_BY_EZDXF
350
75E
  0
DICTIONARYVAR
  5
2E
330
2D
100
DictionaryVariables
280
0
  1
1.4.4 @ 2026-07-30T15:38:22.806577+00:00
  0
DICTIONARYVAR
  5
75E
330
2D
100
DictionaryVariables
280
0
  1
1.4.4 @ 2026-07-30T15:38:22.936829+00:00
  0
ENDSEC
  0
EOF
