segment_id,T1024 Choice,T1024 Integration,T1024 Node Count,T1024 Total Depth,Angular Connectivity,Connectivity,Segment Length,local_nain,local_nach,integrated,citywide_nain,citywide_nach,citywide_match_distance_m,citywide_matched,blended_nain,blended_nach
0,0,399.69766,1161,3372.3516,2.000927,3,62.389824,1.4112642187325561,0.0,277.0493061054076,,,,False,1.4112642187325561,0.0
1,0,308.38672,1161,4370.8789,1.9640737,3,139.19568,1.08900835888754,0.0,213.7573854901293,,,,False,1.08900835888754,0.0
2,0,459.67667,1161,2932.3242,1.0068718,2,124.64533,1.6228955459328425,0.0,318.6235877796844,,,,False,1.6228955459328425,0.0
3,0,-1.0,1,-1.0,0.0,0,132.35596,1.0,0.0,-0.6931471805599453,1.1017128,0.0,0.07265802795263708,True,1.03051384,0.0
4,20,331.2605,1161,4069.0664,2.9820881,3,120.13669,1.1697430615484314,0.3662845185358704,1023.9402686207023,1.0023668,0.43217698,0.0,True,1.119530183083902,0.3860522569751093
5,130,374.49036,1161,3599.3477,1.9868917,3,58.146404,1.3223109988804889,0.5953100857528782,1828.562249798062,1.0408782,0.53513479,0.0,True,1.2378811592163421,0.5772574970270148
6,0,283.80972,1161,4749.3828,2.0055592,2,60.162209,1.0022559484163116,0.0,196.72190723350752,0.93714875,0.0,0.0,True,0.9827237888914181,0.0
7,15667,495.95236,1161,2717.8438,2.0304232,4,191.24773,1.750873220919139,1.221361153370138,4790.621824785191,1.2207563,1.3555195,0.0,True,1.5918381446433973,1.2616086573590968
8,0,255.20009,1161,5281.8203,0.80778986,1,43.316715,0.901261095973107,0.0,176.89122286214428,,,,False,0.901261095973107,0.0
9,2103,310.24774,1161,4344.6602,2.8228664,4,163.25911,1.0955771685357303,0.9133623655611568,2374.0376553027522,0.99595279,0.71780062,0.0,True,1.0656898549750111,0.8546938418928097
10,0,407.97894,1161,3303.8984,1.9990733,3,62.007839,1.4404863968302688,0.0,282.7894519888351,1.1130855,1.1550183,5.192204823554785,True,1.3422661277811883,0.3465054900000001
11,7477,410.34067,1161,3284.8828,4.0456638,6,99.688698,1.4488200414395522,1.1014721702885943,3660.1790193875577,1.112506,1.1439472,0.0,True,1.3479258290076865,1.114214679202016
12,3165,374.95752,1161,3594.8633,3.0041084,5,99.896667,1.3239595940448865,0.984383281648303,3022.3601057108126,1.0413315,0.89722055,0.0,True,1.2391711658314206,0.9582344621538121
13,7695,401.07742,1161,3360.75,3.0179679,5,74.091362,1.4161331275006916,1.1019164488318827,3589.0757540573063,1.1170175,1.1414478,0.0,True,1.3263984392504842,1.1137758541823177
14,10666,415.02026,1161,3247.8438,4.0722742,6,94.345596,1.4653324798265537,1.1469381449942657,3849.3145239790065,1.113652,1.1440331,0.0,True,1.3598283358785874,1.146066631495986
15,17147,415.50851,1161,3244.0273,3.9906173,6,67.464798,1.4670553369969965,1.2058181485335635,4051.0813013468864,1.1137744,1.1434443,0.0,True,1.3610710558978973,1.1871059939734945
16,713,307.81671,1161,4378.9727,4.0613713,5,81.553551,1.0869964276433293,0.7836235771757428,2023.058389482504,0.99667013,0.73364425,0.0,True,1.0598985383503305,0.7686297790230199
17,1227,374.45908,1161,3599.6484,3.0127025,4,100.67731,1.3222005997317647,0.8685765514755015,2663.885459948476,1.0828738,0.83674252,0.0,True,1.2504025598122352,0.859026342032851
18,2858,311.47348,1161,4327.5625,4.0542855,6,81.124886,1.0999036679809915,0.9504116710592408,2478.8856440785403,0.99625248,0.83885878,0.0,True,1.068808311586694,0.9169458037414686
19,959,341.93024,1161,3942.0938,3.6744077,5,196.1633,1.2074007150902322,0.8293169313968956,2348.3681379730706,1.0064192,0.86900926,0.0,True,1.1471062605631626,0.8412246299778268
20,3762,332.35263,1161,4055.6953,3.9921103,6,194.16676,1.1735976514803739,0.9908955898344243,2736.338136774023,1.1031387,1.0043817,0.0,True,1.1524599660362616,0.9949414228840969
21,12117,482.48676,1161,2793.6953,3.9970908,6,193.78012,1.7033693459022345,1.1847552525475844,4536.596113900931,1.1352403,1.1975569,0.0,True,1.532930632131564,1.188595746783309
22,0,286.26874,1161,4708.5859,3.1098876,4,56.366608,1.0109361713376146,0.0,198.426370013448,0.93386865,0.0,0.0,True,0.9878159149363301,0.0
23,1037,332.27295,1161,4056.668,4.0452423,6,195.4446,1.1733163871750414,0.835861238415811,2307.972559563814,1.1024197,0.95173472,0.0,True,1.1520473810225291,0.8706232828910676
24,1352,354.36963,1161,3803.7148,2.9948125,4,49.674221,1.251302823454598,0.8745297506657029,2555.2950673541227,1.0803415,0.56833148,0.0,True,1.2000144264182184,0.782670269465992
25,1656,292.68555,1161,4605.3555,5.0192304,6,23.130648,1.033586766747856,0.8787449457534237,2169.785495999996,1.0179827,0.90997869,0.0,True,1.0289055467234993,0.8881150690273965
26,0,292.33124,1161,4610.9375,3.1673512,4,19.388184,1.032336049318455,0.0,202.6285747955927,1.0010787,0.0,0.0,True,1.0229588445229185,0.0
27,4920,392.06277,1161,3438.0234,2.3701918,4,10.76413,1.3843224655108308,1.04392973185662,3333.1099678191895,1.1015198,1.0706096,0.0,True,1.2994816658575816,1.051933692299634
28,0,320.15256,1161,4210.2461,1.9793139,2,77.260857,1.1305373811143065,0.0,221.9128443130487,0.96418715,0.0,0.0,True,1.0806323117800145,0.0
29,0,493.48624,1161,2731.4258,1.0251207,2,70.827515,1.7421733834893016,0.0,342.0585959011285,,,,False,1.7421733834893016,0.0
30,0,374.04587,1161,3603.625,2.0219934,3,75.297371,1.320742360756582,0.0,259.2688401905918,,,,False,1.320742360756582,0.0
31,0,332.35263,1161,4055.6953,2.0015221,3,75.243309,1.1735976514803739,0.0,230.36928843618267,,,,False,1.1735976514803739,0.0
32,0,308.00961,1161,4376.2305,1.9935851,3,73.396851,1.0876772418681364,0.0,213.49599275686833,0.97566831,0.0,0.3507064812901603,True,1.0540745623076955,0.0
33,0,481.58041,1161,2798.9531,2.0275073,3,75.581314,1.7001718716757346,0.0,333.80610340440245,,,,False,1.7001718716757346,0.0
34,13892,414.91599,1161,3248.6602,4.019186,5,51.78265,1.46496446306598,1.1795763089383149,3957.9717448386145,1.0870386,1.1081394,0.0,True,1.351586704146186,1.1581452362568205
35,0,333.35403,1161,4043.5117,1.9713473,3,73.681763,1.1771320979007305,0.0,231.06340602279545,,,,False,1.1771320979007305,0.0
36,16302,415.43997,1161,3244.5625,4.0316324,6,51.154568,1.4668134910395074,1.1995439365762588,4029.421130474371,1.0864942,1.1081501,0.0,True,1.3527177037276552,1.172125785603381
37,18279,416.20566,1161,3238.5938,3.0139577,5,48.285149,1.4695151470397032,1.2139758626117152,4084.4831685974914,1.0861522,1.1078215,0.0,True,1.3545062629277922,1.1821295538282006
38,18624,416.33722,1161,3237.5703,3.0071447,5,48.819607,1.4699794211914312,1.2163362941460067,4093.558165799017,1.0860571,1.1039262,0.0,True,1.354802724834002,1.1826132659022046
39,17016,416.33722,1161,3237.5703,4.0130181,6,95.788765,1.4699794211914312,1.2051663964082922,4055.9683910529884,1.0860571,1.103297,0.0,True,1.354802724834002,1.1746055774858046
40,15518,417.48819,1161,3228.6445,4.05616,6,51.033337,1.4740407601340697,1.1941743815956953,4028.712936245871,1.0844588,1.1040134,0.0,True,1.3571661720938488,1.1671260871169866
41,897,307.27673,1161,4386.668,3.9970598,5,191.06653,1.0850904362104747,0.8107980053680763,2089.8760106369164,0.97534901,0.84980875,0.0,True,1.0521680083473324,0.8225012287576534
42,14596,417.01746,1161,3232.2891,4.041851,6,74.33728,1.4723797184682565,1.1864292635825848,3998.6302192599455,1.082082,1.1015242,0.0,True,1.3552904029277797,1.1609577445078094
43,3832,374.99173,1161,3594.5352,3.0098553,5,191.23465,1.3240803744956955,1.007742893184395,3094.305730091448,1.1180491,0.97094554,0.0,True,1.2622709921469868,0.9967036872290764
44,0,388.065,1161,3473.4414,2.0361485,3,74.280098,1.370214924211627,0.0,268.98616062399515,,,,False,1.370214924211627,0.0
45,0,307.4736,1161,4383.8594,2.0198638,3,71.75193,1.0857853023065334,0.0,213.12445893661638,,,,False,1.0857853023065334,0.0
46,0,474.70691,1161,2839.4805,2.0105622,3,67.802277,1.675922701036643,0.0,329.0417562588237,,,,False,1.675922701036643,0.0
47,0,323.78839,1161,4162.9688,3.1698472,3,34.860176,1.1433703115622262,0.0,224.43300962654396,1.0236375,0.0,14.272023835578128,True,1.1074504680935584,0.0
48,14425,417.68277,1161,3227.1406,4.0560122,6,45.015678,1.4747272616444607,1.1852047569419746,4000.088046856892,1.0813512,1.0994285,0.0,True,1.3567144431511224,1.1594718798593822
49,15985,417.69489,1161,3227.0469,3.9696314,6,43.224232,1.4747700550595755,1.1979166855898766,4043.090707707752,1.0813514,1.0972533,0.0,True,1.3567444585417028,1.1677176699129137
50,15518,416.68259,1161,3234.8867,3.0250926,5,53.650738,1.4711981344614105,1.1938892747991314,4020.9389890560365,1.0799876,1.099602,0.0,True,1.3538349741229874,1.165603092359392
51,0,377.95062,1161,3566.3945,3.1698472,3,37.29184,1.334522198849637,0.0,261.9754066438833,1.0236375,0.0,0.0,True,1.241256789194746,0.0
52,5509,389.91812,1161,3456.9336,2.7127662,5,89.32769,1.3767542905428862,1.0571008661140502,3358.9501804419683,1.1038456,1.0878699,0.0,True,1.2948816833800203,1.0663315762798353
53,0,348.78937,1161,3864.5703,3.0574772,3,70.64209,1.2316087139300045,0.0,241.76236842477957,1.0187113,1.0158592,12.336270104599416,True,1.1677394897510032,0.30475776000000004
54,13173,416.68057,1161,3234.9023,2.4895344,5,43.470478,1.4711910441359168,1.1736205493157765,3952.66371033583,1.0799876,1.0949537,0.0,True,1.3538300108951418,1.1500204945210437
55,6321,385.02274,1161,3500.8867,3.4625084,6,21.886364,1.3594792188120017,1.072309442093231,3369.6994066741463,1.0687121,1.0154759,0.0,True,1.2722490831684012,1.0552593794652618
56,0,415.4465,1161,3244.5117,1.9689717,3,63.99192,1.4668364430976641,0.0,287.9655701484973,1.0786811,1.0683433,9.864997693140356,True,1.350389840168365,0.32050299000000004
57,3568,323.06421,1161,4172.3008,5.3559532,6,24.05035,1.140814211209444,0.9811800339888131,2642.7689009552696,0.97889602,0.84068143,0.0,True,1.0922387538466107,0.9390304527921691
58,7897,393.03851,1161,3429.4883,2.3757453,4,13.471019,1.3877656743002595,1.102360882415418,3527.3207467942857,1.1007824,1.0647981,0.0,True,1.3016706920101817,1.0910920476907926
59,7769,375.44504,1161,3590.1953,2.9815276,5,36.146271,1.3256800582370762,1.09420391011529,3363.294537619799,1.1176299,0.95506543,0.0,True,1.2632650107659533,1.052462366080703
60,1,268.77158,1161,5015.1172,4.5939026,5,28.793028,0.9491709052566982,0.0813475683465408,295.2757606327439,0.97920233,0.051648084,0.0,True,0.9581803326796887,0.07243772304257856
61,0,300.78421,1161,4481.3555,3.2225575,3,34.245201,1.0621735605179985,0.0,208.4877271184505,0.97858101,0.0,0.0,True,1.037095795362599,0.0
62,25720,436.82782,1161,3085.7031,4.3403749,6,48.520714,1.542279655872014,1.2637738474262847,4436.031040504665,1.0729862,1.066619,0.0,True,1.4014916191104096,1.2046273931983993
63,23302,419.20297,1161,3215.4375,4.3562069,6,58.554523,1.4800914313030016,1.2451122436219197,4215.6644886390695,1.0798125,1.0705907,0.0,True,1.360007751912101,1.192755780535344
64,15373,393.24948,1161,3427.6484,1.7266648,4,17.169043,1.3885101675445655,1.1842549781309402,3791.1208618853248,1.1007859,1.0678155,0.0,True,1.3021928872811959,1.1493231346916581
65,32664,437.62949,1161,3080.0508,3.0298278,5,49.003681,1.5451081061035565,1.2938113092599042,4548.760332240173,1.0728414,1.0656123,0.0,True,1.4034280942724897,1.225351606481933
66,18307,393.271,1161,3427.4609,1.8956045,4,20.577246,1.3885860819999292,1.2057187891514705,3860.0130774503023,1.1007862,1.064558,0.0,True,1.3022461173999504,1.1633705524060294
67,8719,332.63968,1161,4052.1953,3.0290608,5,37.730785,1.174610822153277,1.0921573239820481,3018.2025403879243,1.1026453,0.98812044,0.0,True,1.153021165507294,1.0609462587874336
68,180,294.13907,1161,4582.5977,2.9963961,3,41.201035,1.0387174592228563,0.6166168874255719,1530.7016872105496,0.98430371,0.36619568,0.0,True,1.0223933344559994,0.5414905251979003
69,356,308.52515,1161,4368.918,3.0078046,4,101.08319,1.0894969144932372,0.7011530318347464,1814.292321709224,0.96916133,0.52645254,0.0,True,1.053396239145266,0.6487428842843225
70,0,439.02701,1161,3070.2461,2.0573754,3,24.094778,1.5500391308179873,0.0,304.31033417116294,1.0327055,0.90436488,7.4296687698172095,True,1.394839041572591,0.27130946400000006
71,6414,415.94476,1161,3240.625,4.5881643,6,110.95666,1.4685946338238158,1.0843530154265606,3646.400597981021,1.0795449,1.0712425,0.0,True,1.3518797136766711,1.0804198607985924
72,0,307.16815,1161,4388.2188,1.9973471,2,87.038704,1.084707139084492,0.0,212.91273713031438,0.96841139,0.0,0.0,True,1.0498184143591445,0.0
73,13829,478.11597,1161,2819.2344,3.0593634,5,155.07114,1.6879496700107413,1.2000320184787132,4558.676909699099,1.139789,1.2023996,0.0,True,1.5235014690075188,1.2007422929350993
74,4772,388.96127,1161,3465.4375,4.1811209,6,196.55908,1.3733777968609242,1.039167321424081,3294.8675053849024,1.0385828,0.93790537,0.0,True,1.272939297802647,1.0087887359968568
75,3117,348.5769,1161,3866.9258,4.0022526,4,89.976555,1.230858879356888,0.9738477413637053,2804.3944803252266,1.015016,0.71693605,0.0,True,1.1661060155498215,0.8967742339545937
76,20403,478.22,1161,2818.6211,2.9910836,5,41.479305,1.6883166883006553,1.2490123013123529,4745.633026222,1.1397902,1.2018226,0.0,True,1.5237587418104586,1.234855390918647
77,38344,440.05496,1161,3063.0742,4.0356722,6,90.78051,1.5536660334366297,1.3146708935811198,4644.518489632686,1.072861,1.0710998,0.0,True,1.4094245234056406,1.241599565506784
78,0,271.16479,1161,4970.8555,2.0000455,2,39.608322,0.9576191535231521,0.0,187.95710965562964,,,,False,0.9576191535231521,0.0
79,0,271.0751,1161,4972.5,2.029938,2,169.71104,0.9573025780486383,0.0,187.89494128500525,1.1235455,0.9010942,5.336880019517457,True,1.0071754546340468,0.27032826000000004
80,0,354.4548,1161,3802.8008,0.99232465,2,22.322056,1.2516034149548516,0.0,245.6893452559393,,,,False,1.2516034149548516,0.0
81,0,294.67737,1161,4574.2266,2.0347762,3,21.607033,1.040617541645108,0.0,204.2547881903198,0.9925307,0.86892033,13.711918668461259,True,1.0261914891515755,0.26067609900000005
82,11992,342.78552,1161,3932.2578,2.9711046,5,77.830582,1.2104193259788292,1.1346198204884659,3219.4970678151963,1.1022246,1.0401299,0.0,True,1.1779609081851805,1.106272844341926
83,0,265.18991,1161,5082.8516,1.9925199,2,32.190315,0.9365271691513969,0.0,183.81563842944564,0.98602462,0.9385373,8.593477211740517,True,0.9513764044059778,0.28156119000000007
84,3006,461.07028,1161,2923.4609,3.0340757,5,160.7075,1.6278124498272908,1.0034014819325188,3692.7260204936924,1.1224335,1.1219,0.0,True,1.4761987648791035,1.038951037352763
85,20619,415.52304,1161,3243.9141,4.0027304,6,122.61711,1.4671064999849968,1.2286272356343881,4127.83299348504,1.1137745,1.1400594,0.0,True,1.3611068999894977,1.2020568849440716
86,2367,354.64349,1161,3800.7773,2.9949033,4,51.649216,1.2522694070207452,0.9425080953079162,2755.659075201854,1.0817697,0.94152689,0.0,True,1.2011194949145216,0.9422137337155414
87,23796,415.14059,1161,3246.9023,4.0016356,6,235.97128,1.4657571187976168,1.2462083819257102,4183.519856939443,1.1137266,1.138091,0.0,True,1.3601479631583318,1.213773167347997
88,20915,497.66113,1161,2708.5117,3.0065079,5,71.941826,1.7569013535351834,1.2584364973997972,4950.890930865318,1.2211134,1.3557144,0.0,True,1.5961649674746283,1.287619868179858
89,12426,462.34787,1161,2915.3828,4.0105648,6,80.933403,1.6323197883057894,1.1815867847814538,4358.88037550517,1.1220118,1.1239876,0.0,True,1.4792273918140526,1.1643070293470177
90,16066,374.79828,1161,3596.3906,3.0111365,5,62.326336,1.3233976529682328,1.182695158140564,3629.7657988194014,1.0833009,1.0190293,0.0,True,1.2513686270777629,1.1335954006983948
91,23945,415.46799,1161,3244.3438,2.3913126,4,50.913475,1.4669123074712391,1.247101729235661,4189.412331808005,1.1139033,1.0809715,0.0,True,1.3610096052298675,1.1972626604649625
92,24163,413.28204,1161,3261.5039,2.3966494,4,63.009003,1.4591990144405682,1.2474094660680457,4171.115355298493,1.087728,1.0763803,0.0,True,1.3477577101083977,1.196100716247632
93,28863,498.74078,1161,2702.6484,3.0318589,5,82.39315,1.7607100703008018,1.299534928642615,5122.259859462826,1.2213454,1.3588867,0.0,True,1.5989006692105612,1.3173404600498304
94,12245,375.16217,1161,3592.9023,3.9784055,5,234.12334,1.3246818069305948,1.1496667955671391,3531.4151201028108,1.0841622,1.0267935,0.0,True,1.2525259248514162,1.1128048068969973
95,6516,375.46097,1161,3590.043,4.0146909,6,81.474937,1.3257362661034267,1.0727290225995236,3297.4194596425614,1.0412785,0.96148247,0.0,True,1.2403989362723986,1.0393550568196666
96,4589,374.85568,1161,3595.8398,3.055217,5,92.304726,1.3236002543812404,1.029709038985352,3160.7280440476807,1.0833058,0.91724831,0.0,True,1.2515119180668683,0.9959708202897464
97,9170,401.15018,1161,3360.1406,2.9253762,5,101.55465,1.4163898066912939,1.1235336455049314,3660.0583971356086,1.1170387,1.1388398,0.0,True,1.3265844746839055,1.128125491853452
98,9369,374.80478,1161,3596.3281,3.9523795,6,68.797653,1.3234206392971644,1.1168425986093817,3427.730299795754,1.0833014,0.97519445,0.0,True,1.251384867508015,1.0743481540265671
99,12564,374.79623,1161,3596.4102,3.0109978,5,61.567066,1.3233904446199467,1.1526703685821478,3537.6079282668675,1.0833009,0.99603635,0.0,True,1.2513635812339627,1.1056801630075035
100,655,312.75262,1161,4309.8633,4.049891,5,101.02583,1.1044185177445098,0.7749891127195834,2029.04017451319,0.99813151,0.56554914,0.0,True,1.0725324154211568,0.7121571209037083
101,15029,373.28516,1161,3610.9688,3.0118575,5,183.62817,1.3180577907295936,1.1739677615994475,3590.208147084924,1.0758762,1.0016822,0.0,True,1.2454033135107154,1.1222820931196131
102,7000,375.64694,1161,3588.2656,4.0026555,6,100.40456,1.32639258624848,1.0815449698077622,3325.9596381935926,1.0413694,0.96558881,0.0,True,1.240885630373936,1.0467581218654334
103,4,286.14673,1161,4710.5938,4.0024037,4,100.91762,1.0105054406562584,0.19028124041711403,512.7061130661435,0.97181267,0.11985549,0.0,True,0.9988976094593809,0.1691535152919798
104,16092,373.0882,1161,3612.875,3.0773187,5,78.715981,1.3173627509949724,1.182232915293411,3613.807598393071,1.0758663,1.0093768,0.0,True,1.2449138156964805,1.1303760807053878
105,4316,354.45334,1161,3802.8164,2.078187,4,45.663261,1.2515982832977042,1.015286974691793,2966.968558374467,1.0660523,0.96591794,0.0,True,1.1959344883083929,1.000476264284255
106,7553,360.91406,1161,3734.7422,1.9502777,4,46.021362,1.2743993081735612,1.0855306604264394,3222.9498785878372,1.0727119,0.99731082,0.0,True,1.213893085721493,1.0590647082985076
107,11753,363.88,1161,3704.3008,3.2257364,5,73.671707,1.2848664831799272,1.1404090059807976,3410.2957177192807,1.0712329,0.99160039,0.0,True,1.220776408225949,1.0957664211865583
108,0,342.88123,1161,3931.1602,0.59943545,2,26.035917,1.2107571093857177,0.0,237.66715784142613,,,,False,1.2107571093857177,0.0
109,134,282.80209,1161,4766.3047,3.9308429,4,260.70047,0.9986991130208083,0.5791381784744941,1389.3090691348668,0.96920466,0.41286898,0.0,True,0.9898507771145657,0.5292574189321458
110,2849,342.746,1161,3932.7109,1.9324162,4,20.190548,1.2102799406439113,0.961007670279298,2726.6901275244627,1.1022263,1.0729452,0.0,True,1.177863848450738,0.9945889291955086
111,34632,439.16446,1161,3069.2852,3.013175,5,47.501728,1.550524084999645,1.3016602693567683,4590.406542506285,1.0729303,1.0665441,0.0,True,1.4072459494997513,1.2311254185497378
112,2058,331.0965,1161,4071.082,3.3610487,5,98.949745,1.1691642040358998,0.9179027768468311,2526.4190171621426,0.98591614,0.86847091,0.0,True,1.1141897848251299,0.9030732167927817
113,34817,439.27963,1161,3068.4805,4.0138617,6,50.559994,1.5509304405297317,1.3023661906785593,4593.950566519083,1.0729889,1.068653,0.0,True,1.407547978370812,1.2322522334749915
114,17766,393.10614,1161,3428.8984,3.0008366,5,42.107418,1.388004283223004,1.2019722041456478,3846.604261955047,1.1007801,1.0605119,0.0,True,1.3018370282561027,1.1595341129019534
115,37809,439.43069,1161,3067.4258,4.0291419,6,76.145821,1.551463363115978,1.3126888352744053,4631.755621907323,1.0729527,1.0699189,0.0,True,1.4079101641811844,1.2398578546920835
116,2157,333.00531,1161,4047.7461,3.0081418,5,38.958969,1.1759012928002945,0.9241910111793928,2556.6151103577167,1.1019504,0.91712558,0.0,True,1.153716024960206,0.922071381825575
117,6913,332.6413,1161,4052.1758,1.9827906,4,62.290947,1.174616471861667,1.064223688085502,2941.0308377997617,1.1026453,0.96207988,0.0,True,1.153025120303167,1.0335805456598515
118,8217,375.25803,1161,3591.9844,4.0891919,6,163.76042,1.325020129331377,1.1009841743393165,3382.6523698189485,1.1171802,0.91583538,0.0,True,1.262668150531964,1.0454395360375215
119,18514,392.71823,1161,3432.2852,3.0253687,5,39.277603,1.3866354706076687,1.2068915765671184,3859.0026852936153,1.1007529,1.056998,0.0,True,1.300870699425368,1.161923503596983
120,900,259.61166,1161,5192.0664,3.0088215,3,48.345802,0.9168349627765543,0.7952233464955663,1766.5572712135609,0.98774296,0.79704607,0.0,True,0.938107361943588,0.7957701635468963
121,0,212.01331,1161,6357.7188,2.0255256,2,92.567284,0.748791231854929,0.0,146.95642806768166,0.89252383,0.0,0.0,True,0.7919110112984503,0.0
122,21,258.53757,1161,5213.6367,3.0128796,3,49.162685,0.9130432099503693,0.3611196207280812,810.6430553353777,0.98531002,0.23042788,0.0,True,0.9347232529652585,0.3219120985096568
123,20586,463.56775,1161,2907.7109,3.9966505,6,101.20081,1.636623650309366,1.2452639202769498,4604.369831181139,1.1215931,1.1232108,0.0,True,1.4821144852165562,1.2086479841938649
124,1,227.93707,1161,5913.5664,2.9733758,3,126.10239,0.8050119553223088,0.07980499200335311,250.41446614500316,0.87680131,0.051226467,0.0,True,0.8265487617256162,0.07123143450234717
125,602,282.19177,1161,4776.6133,3.0034876,3,45.022484,0.9965446826389888,0.7556456982926297,1807.035937241556,0.96617007,0.6916182,0.0,True,0.9874322988472921,0.7364374488048407
126,19319,373.12006,1161,3612.5664,3.0311718,5,62.674786,1.3174752231700464,1.2045516327445698,3682.3024199963193,1.0758672,1.0223987,0.0,True,1.2449928162190325,1.149905752921199
127,42081,502.08328,1161,2684.6562,2.0156534,4,41.24308,1.7725013250682953,1.348379254624391,5345.881082498499,1.2219822,1.3594247,0.0,True,1.6073455875478067,1.3516928882370736
128,0,281.76825,1161,4783.793,1.0004947,2,15.410693,0.9950496551988253,0.0,195.3068680588098,0.96662778,0.0,0.0,True,0.9865230926391777,0.0
129,13229,372.75812,1161,3616.0742,3.0473471,5,34.225685,1.3161979028796456,1.158197817786525,3537.5930362566705,1.0775893,1.0254039,0.0,True,1.2446153220157519,1.1183596424505675
130,3237,376.27652,1161,3582.2617,3.0546432,4,52.421997,1.3286143906576215,0.9875527478830947,3041.450606276469,1.0846757,0.94458103,0.0,True,1.2554327834603352,0.9746612325181663
131,2524,282.30029,1161,4774.7773,3.0394063,4,45.816757,0.9969277141102959,0.9247220672011286,2211.651219085384,0.96741074,0.88642186,0.0,True,0.9880726218772071,0.91323200504079
132,12120,372.42258,1161,3619.332,2.0647202,4,127.25928,1.3150138331704884,1.1473874487732334,3501.80656726977,1.0789123,1.0325783,0.0,True,1.244183373219342,1.1129447041412635
133,3548,376.81396,1161,3577.1523,3.2017682,5,50.55912,1.3305110471278214,0.9989320180614524,3080.342164966732,1.0774913,0.92471808,0.0,True,1.2546051229894748,0.9766678366430166
134,0,331.10919,1161,4070.9258,0.98263949,2,12.961852,1.169209042429143,0.0,229.50740150598725,0.98591638,0.0,0.0,True,1.1142212437004002,0.0
135,15,259.59448,1161,5192.4102,3.9971597,4,49.567299,0.9167742806494086,0.32406974707940756,735.4865447793345,0.98734087,0.20671983,0.0,True,0.937944257454586,0.2888647719555853
136,12,294.09946,1161,4583.2148,4.0011663,4,75.94873,1.038577663690467,0.3042352118042623,776.1453355488895,0.988078,0.16383071,0.0,True,1.0234277645833267,0.2621138612629836
137,4562,332.63809,1161,4052.2148,1.9955087,4,28.321007,1.1746051724992348,1.014200778457652,2802.793481487543,1.1026453,0.92141712,0.0,True,1.1530172107494643,0.9863656809203565
138,19193,482.50363,1161,2793.5977,4.0136104,6,196.58411,1.7034288139895635,1.2427111396535246,4758.646264867878,1.1352431,1.1968536,0.0,True,1.5329730997926942,1.2289538777574673
139,1303,332.63455,1161,4052.2578,3.0157213,4,68.341301,1.174592714479812,0.8634317198662846,2386.3063974110573,1.1026453,0.72535259,0.0,True,1.1530084901358686,0.8220079809063993
140,2043,332.82224,1161,4049.9727,2.9831281,4,156.67615,1.1752551231411188,0.9175966084716441,2537.154880113356,1.1009518,0.80039185,0.0,True,1.152964126198783,0.8824351809301509
141,3403,376.85596,1161,3576.7539,3.0703349,5,97.992058,1.3306591644938064,0.9938479114243453,3064.969605054537,1.0755154,0.9088614,0.0,True,1.2541160351456644,0.9683519579970417
142,21466,393.58591,1161,3424.7188,2.0342634,4,157.76614,1.3896972446361664,1.2253932109844352,3925.751315274637,1.10001,1.0548445,0.0,True,1.3027910712453163,1.1742285976891047
143,5158,376.85144,1161,3576.7969,3.0206664,5,97.387177,1.3306431763431312,1.0446576995886776,3221.5868369828095,1.0755008,0.89706951,0.0,True,1.2541004634401918,1.0003812427120744
144,12955,401.68253,1161,3355.6875,3.1300499,5,143.44048,1.4182682797320927,1.1662714526582307,3803.689119867459,1.1163416,1.1334459,0.0,True,1.327690275812465,1.1564237868607616
145,17971,373.12045,1161,3612.5625,2.998934,5,61.097176,1.3174766446846475,1.1957240342805926,3655.321468301459,1.0758672,1.0166098,0.0,True,1.2449938112792531,1.1419897639964147
146,8291,375.83597,1161,3586.4609,3.0572038,5,91.419685,1.3270596523715643,1.1022860976058901,3391.2307461400706,1.0415086,0.97464031,0.0,True,1.241394336660095,1.0639923613241231
147,29771,512.46344,1161,2630.2773,3.9917011,5,261.21658,1.809118543286815,1.3079410797857691,5279.068958410243,1.1224607,0.94123703,0.0,True,1.6031211903007705,1.1979298648500385
148,296,333.47455,1161,4042.0508,3.9700081,5,124.39538,1.1775573329847764,0.6855582382560979,1899.835686720321,1.0020387,0.73909074,0.0,True,1.1249017430893433,0.7016179887792685
149,9809,379.26288,1161,3554.0547,3.0321059,5,49.229763,1.3391530997830126,1.1240684961926533,3485.903542791122,1.0439667,0.98991561,0.0,True,1.2505971798481088,1.0838226303348573
150,44614,514.30573,1161,2620.8555,3.1083522,5,60.783127,1.8156172440696603,1.3599188678939864,5506.078877341085,1.1239449,1.0288492,0.0,True,1.6081155408487622,1.2605979675257903
151,49414,519.28308,1161,2595.7344,3.0158708,5,66.441345,1.8331749675805777,1.3745786510461335,5612.426866899447,1.1271462,1.044806,0.0,True,1.6213663373064042,1.2756468557322935
152,1649,369.39542,1161,3648.9922,3.0560179,4,87.511665,1.3043308267004654,0.9031458226467795,2736.9010685391822,1.0410978,0.8130067,0.0,True,1.2253609186903258,0.8761040858527456
153,40848,464.37375,1161,2902.6641,3.0002289,5,86.482185,1.6394672535467874,1.3314625117591252,4930.563565743683,1.1213921,1.1171936,0.0,True,1.484044707482751,1.2671818382313877
154,2,248.53844,1161,5423.3906,2.626153,3,34.05077,0.8777435627405243,0.127760032868917,344.54743789353427,1.0249151,0.86891794,0.0,True,0.921895023918367,0.3501074050082419
155,164,242.22388,1161,5564.7734,2.5319407,4,24.434675,0.8554509645574851,0.5920108032489854,1238.245516608341,0.960123,0.36216086,0.0,True,0.8868525751902396,0.5230558202742898
156,503,252.45641,1161,5339.2227,4.4824605,5,35.828751,0.891575195788588,0.7249549577081607,1571.4296748900963,1.0326881,0.92154354,0.0,True,0.9339090670520116,0.7839315323957124
157,6419,342.53711,1161,3935.1094,3.5117273,5,41.020515,1.2095426341221178,1.0590348435680288,3003.1355887041364,1.1022218,1.0509268,0.0,True,1.1773463838854825,1.05660243049762
158,409,245.30356,1161,5494.9102,4.4026022,5,14.649173,0.8663233527997148,0.6985683931142969,1476.38234170777,0.95518965,0.46070793,0.0,True,0.8929832419598004,0.6272102541800078
159,929,251.81767,1161,5352.7656,4.0994349,5,14.593766,0.8893202859342623,0.7960914459506593,1721.4908827197949,1.0014522,0.58104384,0.0,True,0.9229598601539836,0.7315771641654616
160,3938,299.76932,1161,4496.5273,2.8017805,5,21.466854,1.0585912581886412,0.9841833367954648,2481.771015730585,0.99128586,0.79643571,0.0,True,1.0383996387320489,0.9278590487568253
161,4068,301.94067,1161,4464.1914,2.5388789,4,10.316948,1.0662556187141803,0.9888913734920897,2509.5491648280063,0.99611521,0.87278008,0.0,True,1.0452134960999262,0.9540579854444627
162,34588,404.77301,1161,3330.0664,1.9929619,4,133.43863,1.4291737026918043,1.288430044214556,4230.412215177602,1.1158222,1.1292454,0.0,True,1.335168251884263,1.2406746509501891
163,6999,302.05432,1161,4462.5117,1.7745658,4,105.74356,1.0666567800691285,1.0534886838566087,2674.3310379086106,0.99611771,0.91162378,0.0,True,1.04549505904839,1.0109292126996259
164,8734,302.47083,1161,4456.3672,3.01408,4,118.07681,1.0681268412577034,1.0800131027040114,2744.985604831817,0.99684906,0.93832779,0.0,True,1.0467435068803925,1.037507508892808
165,46762,506.1077,1161,2663.3086,1.9777052,4,56.903915,1.786698048587301,1.3631128083343718,5442.109775280583,1.2228147,1.3598417,0.0,True,1.6175330440111106,1.3621314758340601
166,38748,463.50735,1161,2908.0898,4.0311661,6,90.755188,1.6364105583624775,1.3245343105049558,4896.902329033577,1.1215922,1.1236014,0.0,True,1.4819650508537343,1.2642544373534692
167,12330,372.53476,1161,3618.2422,3.0500388,4,72.730171,1.3154096912363904,1.1495257155175067,3509.259851463696,1.0817475,1.0534854,0.0,True,1.2453110338654731,1.1207136208622548
168,0,335.27798,1161,4020.3086,1.9965446,3,91.514664,1.1839225052257183,0.0,232.39698654083372,1.0014609,0.0,0.0,True,1.1291840236580029,0.0
169,43641,464.08209,1161,2904.4883,4.0097032,6,47.945553,1.6384382742923655,1.339650805173909,4958.159389373718,1.1213849,1.1191839,0.0,True,1.483322262004656,1.2735107336217362
170,57794,505.84283,1161,2664.7031,2.0401468,4,92.139793,1.7857637299416462,1.3898713280367037,5546.402155199554,1.2228112,1.3607306,0.0,True,1.6168779709591523,1.3811291096256926
171,0,365.2168,1161,3690.7422,4.0582933,4,197.2139,1.2895841129941188,0.0,253.1489952131254,1.0090865,0.0,0.0,True,1.205434829095883,0.0
172,0,269.13382,1161,5008.3672,1.0207038,2,28.511826,0.950449634610204,0.0,186.54934852632783,0.96694982,0.0,0.0,True,0.9553996902271428,0.0
173,11082,375.40091,1161,3590.6172,3.9315701,5,191.97136,1.3255243766307612,1.1375674711107773,3496.2054929706637,1.1171825,0.88029224,0.0,True,1.2630218136415328,1.0603849017775442
174,4188,351.63922,1161,3833.25,4.010293,4,38.850521,1.2416665600685617,1.0106597241423854,2932.831446826157,1.0806923,0.92664289,0.0,True,1.1933742820479933,0.9854546738996698
175,7581,378.1142,1161,3564.8516,2.9992514,5,48.142372,1.335099468254567,1.092156393673387,3377.945283998161,1.075204,0.87138397,0.0,True,1.2571308277781967,1.0259246665713708
176,4688,377.44418,1161,3571.1797,3.0045094,4,74.860748,1.3327350075628581,1.0331826614109798,3190.6065607472974,1.0732481,0.67007077,0.0,True,1.2548889352940007,0.9242490939876858
177,35974,479.08115,1161,2813.5547,4.0153103,6,389.72348,1.6913546998404794,1.3206878219108726,5025.852223112514,1.1395553,1.2019804,0.0,True,1.5258148798883355,1.285075595337611
178,26872,483.78757,1161,2786.1836,4.0171013,6,192.73032,1.7079584265910435,1.2855450841156235,4934.1080894117,1.1347245,1.1961993,0.0,True,1.5359882486137304,1.2587413488809365
179,25831,394.88171,1161,3413.4805,1.9906181,4,141.30432,1.394269905655427,1.2486371746868772,4011.764412853805,1.0989182,1.0522248,0.0,True,1.305664393958799,1.189713462280814
180,134551,522.41833,1161,2580.1562,2.9891701,5,193.52859,1.8442345488251064,1.5031253471311752,6169.610779607737,1.1294438,1.1736093,0.0,True,1.6297973241775743,1.4042705329918226
181,27385,394.87448,1161,3413.543,3.0074809,5,51.060169,1.3942443923273549,1.255814202578514,4034.757831022868,1.0989182,1.0468713,0.0,True,1.3056465346291484,1.1931313318049597
182,132861,522.08087,1161,2581.8242,4.0396438,6,125.47718,1.8430439944416308,1.5013932205825309,6159.026553544957,1.1291447,1.1784452,0.0,True,1.6288742061091415,1.4045088144077715
183,100,295.08029,1161,4567.9805,2.9849887,3,48.449245,1.0420398236935478,0.5476273888783519,1364.7383189860384,0.98440129,0.34832129,0.0,True,1.0247482635854834,0.48783555921484634
184,1450,360.98203,1161,3734.0391,2.9849713,3,50.991917,1.2746391424283945,0.8849945275231272,2628.2008534052907,1.0068694,0.7042008,0.0,True,1.1943082196998762,0.830756409266189
185,40229,485.17932,1161,2778.1914,4.017066,6,94.1492,1.7128682847169985,1.3368877395133945,5144.061885162353,1.1339914,1.1885844,0.0,True,1.5392052193018988,1.2923967376593761
186,0,197.9745,1161,6808.5586,1.0166988,1,1.5713162,0.6992233609887669,0.0,137.2254664977649,,,,False,0.6992233609887669,0.0
187,2139,239.35597,1161,5631.4492,2.0163908,3,39.9674,0.8453261058079571,0.8879087327409928,1835.6277049728235,0.90819836,0.66914886,0.0,True,0.8641877820655699,0.822280770918695
188,0,381.63657,1161,3531.9492,0.9980436,2,7.2681193,1.347529747881761,0.0,264.5303124940682,,,,False,1.347529747881761,0.0
189,0,451.46558,1161,2985.6562,1.8809144,3,225.82962,1.5939255910713392,0.0,312.9320938968604,1.1354848,1.2229451,11.049560664370889,True,1.4563933537499374,0.36688353000000007
190,4459,287.16187,1161,4693.9414,4.0040283,4,56.684879,1.0140888202955325,0.9938776103126972,2413.0580178492323,0.92733842,0.0,0.0,True,0.9880637002068727,0.6957143272188879
191,648,239.1927,1161,5635.293,2.0561857,3,106.87353,0.8447497184380786,0.7497024820574305,1549.244507304963,0.90819836,0.77681649,0.0,True,0.863784310906655,0.7578366844402014
192,962,300.80179,1161,4481.0938,3.042397,4,55.204803,1.0622355647573003,0.8170569783531477,2066.836560672269,1.0107061,0.83477992,0.0,True,1.0467767253301101,0.8223738608472034
193,0,247.95801,1161,5436.0859,1.856974,2,75.173416,0.8756944561142278,0.0,171.87139552875473,,,,False,0.8756944561142278,0.0
194,8518,381.63531,1161,3531.9609,3.0461092,5,102.15279,1.347525286570927,1.10765574910771,3453.8650516844905,1.030555,0.97340298,0.0,True,1.252434200599649,1.067379918375397
195,0,394.21271,1161,3419.2734,2.0392611,3,52.51561,1.3919091279004334,0.0,273.2474284773954,,,,False,1.3919091279004334,0.0
196,7959,446.25699,1161,3020.5039,4.4913101,6,263.94974,1.575548562403162,1.1207876058983266,4008.4185788144728,1.0373064,0.93725735,0.0,True,1.4140759136822134,1.0657285291288285
197,28047,438.74402,1161,3072.2266,4.3627462,6,93.17868,1.549040553647851,1.27524615760996,4493.488253524234,1.0727023,1.0682976,0.0,True,1.4061390775534957,1.2131615903269721
198,27274,429.72165,1161,3136.7305,4.8002334,6,129.22269,1.517206295507993,1.2684876420522675,4389.074862880896,1.064978,1.0677154,0.0,True,1.381537806855595,1.2082559694365873
199,5842,380.70227,1161,3540.6172,3.3763037,5,139.40649,1.3442326409138845,1.0611895592445888,3301.8958013294878,1.036261,0.9413026,0.0,True,1.2518411486397192,1.0252234714712123
200,20291,407.01123,1161,3311.7539,4.5793672,6,110.37208,1.4370716167253552,1.2235149696768086,4036.750109627878,1.0981274,1.1067935,0.0,True,1.3353883517077487,1.188498528773766
201,23091,450.56482,1161,2991.625,3.5551467,6,72.146721,1.590747563406556,1.2551874899425142,4526.953076539946,1.0465381,1.0545928,0.0,True,1.4274847243845892,1.1950090829597597
202,476,345.03326,1161,3906.6406,3.0322723,4,58.252911,1.2183524047984742,0.7456615661706768,2128.720903962515,1.0118164,0.56627691,0.0,True,1.1563916033589319,0.6918461693194737
203,5678,450.07999,1161,2994.8477,3.1222496,5,90.369293,1.589036931874433,1.0798037102381088,3890.8094203457113,1.1352113,1.221869,0.0,True,1.4528892423121031,1.122423297166676
204,2988,345.36755,1161,3902.8594,3.0097029,5,52.918713,1.2195321743218082,0.9676503734677616,2763.9864030890626,1.012241,0.89449048,0.0,True,1.1573448220252658,0.9457024054274331
205,2296,345.37308,1161,3902.7969,3.0088365,5,49.831017,1.219551694097829,0.9358108858323316,2673.116650667545,1.0122262,0.92938352,0.0,True,1.1573540458684803,0.9338826760826322
206,0,295.33612,1161,4564.0234,2.0714099,3,10.845746,1.0429428974242556,0.0,204.71139889551367,,,,False,1.0429428974242556,0.0
207,5823,307.21765,1161,4387.5117,3.1065116,5,42.037937,1.0848818729661778,1.0336872251215072,2663.550690321909,1.0131767,0.86884719,0.0,True,1.0633703210763246,0.984235214585055
208,4290,303.25497,1161,4444.8438,3.1127415,5,38.57383,1.0708947488785083,0.9957263230088371,2536.5786540676418,1.0262228,0.94405407,0.0,True,1.0574931642149559,0.980224647106186
209,22453,400.72949,1161,3363.668,3.1333375,5,69.22628,1.414905354450573,1.233639532560024,4015.016390449188,1.102759,1.1152006,0.0,True,1.321261448115401,1.1981078527920168
210,17687,384.11542,1161,3509.1562,4.0169568,6,48.492489,1.3562773637079863,1.1980229272309475,3756.9170186670653,1.0327768,0.99248034,0.0,True,1.2592271945955904,1.1363601510616632
211,1751,298.02924,1161,4522.7812,4.096333,6,50.997776,1.0524490498022203,0.887255469823463,2226.005393719323,1.0293287,0.97784698,0.0,True,1.045512944861554,0.9144329228764241
212,21445,399.16687,1161,3376.8359,3.0419333,5,61.122993,1.4093912268728266,1.227394282699454,3981.0269329744333,1.1043147,1.1493556,0.0,True,1.3178682688109786,1.2039826778896179
213,6274,394.82388,1161,3413.9805,4.0114722,6,49.38147,1.3940658251717042,1.0747023021564075,3452.532725725293,1.026485,0.9632259,0.0,True,1.283791577620193,1.0412593815094853
214,0,294.79242,1161,4572.4414,2.0184791,3,11.510109,1.0410236481558057,0.0,204.3345347734432,,,,False,1.0410236481558057,0.0
215,5609,430.34546,1161,3132.1836,2.9662933,4,50.35498,1.5194073743806684,1.072277138216961,3714.950399377001,1.0882626,1.0705495,0.0,True,1.3900639420664678,1.0717588467518726
216,19403,398.47589,1161,3382.6914,3.956213,6,79.019829,1.4069529867635646,1.2148214300224323,3934.2664435289817,1.1048645,1.1607497,0.0,True,1.3163264407344952,1.1985999110157026
217,3081,297.21857,1161,4535.1172,3.9857216,5,46.522285,1.0495875386474371,0.9540473653742695,2387.7524698047696,1.0017264,0.91452497,0.0,True,1.035229197053206,0.9421906467619887
218,19591,385.94257,1161,3492.543,4.0362911,6,52.286156,1.362725161631421,1.2112490556306914,3814.2424919540326,1.0323218,1.0179027,0.0,True,1.2636041531419948,1.1532451489414839
219,10645,397.7919,1161,3388.5078,3.0496006,5,50.942513,1.4045393656085827,1.1407190833756176,3688.7375913840756,1.1048589,1.1759092,0.0,True,1.314635225926008,1.1512761183629323
220,0,380.11432,1161,3546.0938,1.9977772,3,6.9869857,1.3421577734227181,0.0,263.47516919846083,,,,False,1.3421577734227181,0.0
221,6839,328.86493,1161,4098.707,4.0104141,5,61.287277,1.1612879619302112,1.061470700749987,2904.103985202292,1.0335823,0.89255065,0.0,True,1.1229762633511478,1.010794685524991
222,4303,397.34256,1161,3392.3398,3.0016193,5,50.448406,1.4029537274090682,1.0291680611528284,3324.776751398867,1.1051328,1.1786742,0.0,True,1.3136074491863479,1.07401990280698
223,13334,399.95709,1161,3370.1641,4.0914145,6,52.999348,1.4121796962677324,1.1692032909564474,3798.8814010480196,1.0271683,1.038468,0.0,True,1.2966762773874128,1.1299827036695131
224,6365,328.4411,1161,4103.9961,4.0591807,6,82.296509,1.1597920598373073,1.052674986671585,2876.7773906368398,1.0338202,0.9252975,0.0,True,1.122000501886115,1.0144617406701095
225,4234,380.59772,1161,3541.5898,4.0054331,6,52.914986,1.343863692830065,1.0217737694177909,3178.514172243794,1.0312124,0.99438816,0.0,True,1.2500683049810455,1.0135580865924536
226,3597,345.49863,1161,3901.3789,2.9946876,4,58.378204,1.2199947267489075,0.9901182556977774,2829.084888817813,1.0130383,0.97569382,0.0,True,1.1579077987242354,0.9857909249884442
227,41,267.23254,1161,5044.0,3.9976711,4,190.26721,0.9437379457992372,0.43835665434681825,1005.1150603650844,0.91353786,0.27706984,0.0,True,0.9346779200594659,0.3899706100427728
228,7597,382.17126,1161,3527.0078,3.1900349,5,250.37708,1.3494165908341011,1.0938401002870113,3414.995220874074,1.036528,0.94952571,0.0,True,1.2555500135838709,1.050545783200908
229,27974,451.069,1161,2988.2812,4.0152798,6,190.02155,1.592526373273173,1.2793304748374603,4618.541625770422,1.0466307,1.0573136,0.0,True,1.4287576712912209,1.2127254123862223
230,10,268.09482,1161,5027.7773,3.9883866,4,189.6001,0.9467818136804886,0.2813331565923351,666.190600991717,0.91523874,0.17777817,0.0,True,0.9373188915763421,0.2502666606146346
231,11398,450.06238,1161,2994.9648,2.0417762,4,190.13376,1.5889748436494653,1.166830360789938,4204.198600047577,1.1352112,1.2194159,0.0,True,1.4528457505546255,1.1826060225529567
232,0,342.67386,1161,3933.5391,1.0185974,2,23.063944,1.210025247748892,0.0,237.52341991059342,1.0106995,0.0,0.0,True,1.1502275234242243,0.0
233,6339,343.4679,1161,3924.4453,1.9854871,4,16.225079,1.2128277132761665,1.0578666497201428,3006.989942015346,1.0115557,0.95220143,0.0,True,1.1524461092933165,1.0261670838041
234,2117,266.4472,1161,5058.8672,2.9473572,3,19.841589,0.9409655472688458,0.8978528484368249,2040.6390529418254,0.9143647,0.86362922,0.0,True,0.9329852930881921,0.8875857599057775
235,0,218.53218,1161,6168.0664,0.95903915,1,18.669003,0.7718072004059715,0.0,151.47496442861848,0.83596259,0.0,0.0,True,0.79105381728418,0.0
236,8406,344.24811,1161,3915.5508,3.0117066,5,54.547108,1.2155813460039755,1.0922638432240839,3110.949140833129,1.0124129,0.97374344,0.0,True,1.1546308122027829,1.0567077222568588
237,5418,328.46454,1161,4103.7031,2.9519417,5,49.374714,1.1598748274084776,1.0333267104067396,2824.089204721659,1.0340739,0.96734393,0.0,True,1.1221345491859345,1.0135318762847176
238,2397,328.14783,1161,4107.6641,3.0123219,5,49.046581,1.158756910206591,0.9352328412980264,2553.9113146090854,1.0343195,0.99010539,0.0,True,1.1214256871446138,0.9516946059086184
239,22685,385.92316,1161,3492.7188,3.0132213,5,131.32553,1.3626566104554538,1.2292120992186732,3870.6346075294455,1.0321426,1.0200195,0.0,True,1.2635024073188177,1.1664543194530712
240,0,327.72958,1161,4112.9062,2.0062525,3,53.050144,1.1572807357074022,0.0,227.16483436309503,1.0345685,0.99782026,5.730338277029895,True,1.1204670649951816,0.29934607800000007
241,14804,404.34518,1161,3333.5898,3.0611892,5,129.45441,1.4276640594424863,1.1836644839706107,3882.8409546201665,1.0268912,1.0444018,0.0,True,1.3074322016097404,1.1418856787794276
242,14307,430.27676,1161,3132.6836,2.0476811,4,242.50281,1.5191650201962812,1.1885537908451642,4117.165133140266,1.0882452,1.0804683,0.0,True,1.3898890741373968,1.1561281435916149
243,1482,306.69394,1161,4395.0039,3.0115595,4,41.793022,1.0830333069531621,0.8704141269144594,2239.631400028843,0.9304285,0.8442046,0.0,True,1.0372518648672133,0.8625512688401216
244,613,306.69775,1161,4394.9492,2.9652698,4,38.69009,1.083046780368295,0.7652969770147765,1969.4971008861562,0.93042856,0.76387101,0.0,True,1.0372613142578064,0.7648691869103436
245,92,258.25876,1161,5219.2656,3.9667037,4,229.53127,0.912058883674286,0.5294668173012044,1173.3456767835212,0.93151468,0.73522395,0.0,True,0.9178956225720003,0.5911939571108431
246,6574,380.60443,1161,3541.5273,4.0131893,6,230.08315,1.3438873956193171,1.0755974143543392,3345.9627900577075,1.0312122,0.99441451,0.0,True,1.250084836933522,1.0512425430480374
247,132626,522.42786,1161,2580.1094,3.0219445,5,48.431679,1.8442679750528586,1.5012947132013523,6162.1951633770395,1.1288862,1.177665,0.0,True,1.629653442537001,1.4042057992409467
248,133225,522.44049,1161,2580.0469,3.0076365,5,48.286549,1.8443126166697248,1.5018728908241148,6164.698371631582,1.1288863,1.1771771,0.0,True,1.6296847216688075,1.4044641535768805
249,13102,393.68784,1161,3423.832,3.0158515,5,55.415462,1.390056977254854,1.1647795160972583,3732.4255987774336,1.0983666,1.0060182,0.0,True,1.302549864078398,1.1171511212680807
250,126275,521.94031,1161,2582.5195,3.8436513,6,93.307159,1.8425481697866668,1.4948716000927487,6130.832590254967,1.1285874,1.1777027,0.0,True,1.6283599388506667,1.399720930064924
251,62846,480.66541,1161,2804.2812,2.4051547,5,42.508892,1.696943868099516,1.39149846231116,5310.619473367777,1.1390744,1.2028855,0.0,True,1.529583027669661,1.334914573617812
252,0,294.34583,1161,4579.3789,1.9999961,2,45.994865,1.0394472446937213,0.0,204.02498217407694,0.9834345,0.0,0.0,True,1.0226434212856048,0.0
253,3413,349.82257,1161,3853.1562,3.9784935,5,123.45316,1.2352551822680884,0.9852513050135417,2846.1329116499746,1.0125906,0.68907177,0.0,True,1.1684558075876619,0.8963974445094792
254,11525,393.68604,1161,3423.8477,2.0232377,4,40.374401,1.3900506068915297,1.149023900598621,3681.9279767266735,1.0983666,0.97874177,0.0,True,1.3025454048240708,1.0979392614190346
255,44661,485.77765,1161,2774.7695,4.0237322,6,67.208641,1.7149791059369355,1.3502753699435222,5201.173059538726,1.1335613,1.1856834,0.0,True,1.5405537641558549,1.3008977789604654
256,11328,359.3075,1161,3751.4414,2.794805,5,51.299484,1.268729458385297,1.1341838478248047,3354.2107349702783,1.070098,1.011083,0.0,True,1.2091400208697078,1.0972535934773633
257,71,332.09515,1161,4058.8398,4.0152826,4,68.039894,1.17268887940444,0.5146786284629231,1424.840771677091,1.0016763,0.34520167,0.0,True,1.121385105583108,0.46383554092404616
258,10814,387.14069,1161,3481.7344,4.0413418,6,272.41653,1.3669531392814995,1.1388575040942164,3596.0653946466227,1.0489341,1.0040112,0.0,True,1.2715474274970497,1.0984036128659516
259,359,368.7847,1161,3655.0352,3.0250423,4,186.66537,1.302175509413459,0.717407990320821,2171.728091200404,1.0411689,0.84489441,0.0,True,1.2238735265894212,0.7556539162245748
260,40753,464.34814,1161,2902.8242,3.0454078,5,183.64613,1.6393768939624473,1.3311613372959368,4929.210510398048,1.1211717,1.1142322,0.0,True,1.4839153357737132,1.2660825961071556
261,26708,482.44965,1161,2793.9102,3.9596164,6,257.90378,1.7032384210705163,1.2843256482609418,4917.509563052221,1.1317902,1.201229,0.0,True,1.5318039547493614,1.2593966537826593
262,28177,483.54218,1161,2787.5977,3.0428503,5,62.669312,1.7070926300602238,1.291439689920763,4954.533856699737,1.1316149,1.1953388,0.0,True,1.5344493110421564,1.262609422944534
263,9403,386.34659,1161,3488.8906,3.0096776,5,38.83532,1.3641509345789726,1.1214351196885801,3534.6836930904783,1.0479956,0.97091341,0.0,True,1.2693043342052808,1.076278606782006
264,29503,487.96072,1161,2762.3555,3.0483859,5,67.100571,1.7226806300792177,1.2987229286626731,5022.245447377773,1.1310933,1.1937174,0.0,True,1.5452044310554525,1.2672212700638712
265,0,290.00705,1161,4647.8906,1.9992923,2,53.504597,1.0241319816218797,0.0,201.01756905000707,0.94217151,0.0,0.0,True,0.9995438401353158,0.0
266,7124,386.34659,1161,3488.8906,1.6404595,4,17.639791,1.3641509345789726,1.087417143595066,3427.475838657919,1.0479956,0.92825198,0.0,True,1.2693043342052808,1.0396675945165461
267,0,271.34134,1161,4967.6211,0.98597884,2,30.549938,0.9582424049396745,0.0,188.0794847903575,0.97048563,0.0,0.0,True,0.9619153724577721,0.0
268,92348,519.22998,1161,2596.0,4.0079947,6,232.00029,1.8329875575454007,1.4540889850345737,5936.533411300487,1.1271421,1.0599782,0.0,True,1.6212339202817805,1.3358557495242016
269,63838,508.47104,1161,2650.9297,3.0723112,5,48.876873,1.7950350039441116,1.4033999038865264,5625.792348178575,1.2234304,1.3609,0.0,True,1.623553622760878,1.3906499327205684
270,125811,521.6192,1161,2584.1094,3.0180054,5,54.147511,1.8414153997131566,1.494286204847038,6125.140557529955,1.1292458,1.1735929,0.0,True,1.6277645197992097,1.3980782133929266
271,126713,522.41833,1161,2580.1562,2.0210731,4,52.424301,1.8442345488251064,1.4954863066770938,6138.25643130469,1.1294438,1.1738615,0.0,True,1.6297973241775743,1.3989988646739655
272,2102,268.54568,1161,5019.3359,3.0176921,3,52.289238,0.9483734546623243,0.8978448769603766,2054.80293646658,0.91164374,0.86338347,0.0,True,0.937354540263627,0.8875064548722637
273,0,213.93622,1161,6300.5742,1.1043917,1,29.184563,0.7555804221238602,0.0,148.28928771265217,0.82277519,0.0,0.0,True,0.7757388524867022,0.0
274,476,340.61829,1161,3957.2773,2.9966497,4,24.386988,1.202770433508901,0.7445032444079116,2101.4822576668876,1.0014633,0.76862854,0.0,True,1.1423782934562305,0.7517408330855382
275,90703,512.88617,1161,2628.1094,4.1919632,6,265.73599,1.8106097314822538,1.449539499901132,5854.784250273315,1.2238363,1.3664126,0.0,True,1.6345777020375776,1.4246014299307923
276,0,280.80295,1161,4800.2383,5.0215673,4,65.95948,0.9916421004144986,0.0,194.6377730854153,0.92860913,0.0,0.0,True,0.9727322092901489,0.0
277,488,338.40726,1161,3983.1328,2.2956469,3,18.996586,1.1949668714937056,0.7469157606630403,2096.2317557329607,0.99930573,0.71332526,0.0,True,1.136268529045594,0.7368386104641282
278,9,269.48483,1161,5001.8438,3.6162295,3,59.991661,0.9516887146842896,0.2703147971228727,646.1963999478725,0.9125517,0.17067474,0.0,True,0.9399476102790028,0.2404227799860109
279,5587,349.30237,1161,3858.8945,3.1090415,5,229.31056,1.2334192696803685,1.0447351326645191,3013.974941459818,1.0107849,0.94259018,0.0,True,1.166628958776258,1.0140916468651633
280,3515,349.44562,1161,3857.3125,2.926121,5,234.84868,1.233924869909589,0.9886875194934859,2853.3505570753227,1.011149,0.90064073,0.0,True,1.1670921089367123,0.9622734826454402
281,35945,490.91595,1161,2745.7266,3.1290669,5,49.839931,1.7331060792230752,1.3246514447241864,5149.610579255621,1.1302668,1.18876,0.0,True,1.5522542954561527,1.2838840113069305
282,55490,509.14175,1161,2647.4375,3.3891201,5,56.891476,1.7974010236146167,1.3858552289187758,5561.861496077196,1.1289068,1.1762034,0.0,True,1.5968527565302317,1.322959680243143
283,3991,378.90598,1161,3557.4023,3.9958007,5,86.129951,1.3378936330133153,1.013991685955351,3142.0013407089345,1.0093578,0.96165061,0.0,True,1.2393328831093209,0.9982893631687457
284,56515,509.3522,1161,2646.3438,1.0039861,3,58.615173,1.7981433054511091,1.3882498961328438,5573.482926146,1.1279664,1.175769,0.0,True,1.5970902338157764,1.3245056272929907
285,56960,514.04755,1161,2622.1719,2.1784551,4,195.93112,1.8147064506341797,1.390862299182385,5628.892463264828,1.1173545,1.1745498,0.0,True,1.6055008654439258,1.3259685494276694
286,125153,517.38953,1161,2605.2344,2.8773856,5,75.306938,1.82649541387723,1.4920748108091024,6072.760397959614,1.2246501,1.3714696,0.0,True,1.6459418197140612,1.4558932475663717
287,2,360.92578,1161,3734.6211,4.0095468,4,90.765274,1.2744406101284798,0.13355032358371563,500.34937359679816,1.0007901,0.081993505,0.0,True,1.1923454570899357,0.11808327800860094
288,13392,373.95142,1161,3604.5352,3.9975214,5,51.479458,1.3204090381546674,1.1601443825425635,3553.4966000837717,1.0856427,1.0323071,0.0,True,1.249979136708267,1.1217931977797944
289,129883,517.63245,1161,2604.0117,2.0007458,4,11.47771,1.8273523770069608,1.4968798684883708,6094.813963825132,1.2255825,1.3721437,0.0,True,1.6468214139048727,1.4594590179418598
290,637,295.67422,1161,4558.8047,5.7543945,6,64.185104,1.04413628465673,0.7665252538045193,1910.0272108226031,0.95879716,0.81375647,0.0,True,1.018534547259711,0.7806946186631635
291,8110,358.34891,1161,3761.4766,2.9004223,4,69.161636,1.2653464284866156,1.0932319183508337,3225.534275552825,1.0570314,1.0252512,0.0,True,1.202851919940631,1.0728377028455836
292,15932,374.20486,1161,3602.0938,3.2908912,5,111.80011,1.3213034784230506,1.1814439486059576,3620.8849842345485,1.0584358,0.98559523,0.0,True,1.2424431748961355,1.1226893330241703
293,1040,289.54858,1161,4655.25,5.2000613,6,34.725189,1.022513645284868,0.822592001654609,2012.043323286764,0.96267837,0.80318373,0.0,True,1.0045630626994075,0.8167695201582262
294,2764,290.32938,1161,4642.7305,2.6066854,4,56.941143,1.0252697491281682,0.9385449801820658,2300.9060669265405,0.96462071,0.91049075,0.0,True,1.0070750373897177,0.9301287111274461
295,1940,250.69147,1161,5376.8125,4.5730171,6,27.649641,0.8853444276971825,0.8813269261492711,1898.103859096789,0.90222645,0.84137672,0.0,True,0.8904090343880278,0.8693418643044897
296,207,256.37927,1161,5257.5273,4.0618744,4,34.842747,0.9054238913263082,0.622962938829214,1369.6637556147343,0.91752386,0.76201749,0.0,True,0.9090538819284157,0.6646793041804498
297,3872,300.05347,1161,4492.2695,4.9233556,6,110.01631,1.0595941508409654,0.982285090663943,2479.0546246209497,0.95933217,0.80938089,0.0,True,1.0295155565886758,0.93041383046476
298,0,246.36119,1161,5471.3203,0.90677822,2,30.580523,0.870057188961324,0.0,170.764564247893,0.89512682,0.0,0.0,True,0.8775780782729268,0.0
299,21719,376.79257,1161,3577.3555,1.9241604,4,11.853172,1.3304355140200381,1.2203010521464912,3762.6637214895272,1.052215,0.9972232,0.0,True,1.2469693598140266,1.1533776965025437
300,1252,323.97232,1161,4160.6055,4.2384939,4,47.220535,1.1440194547628766,0.8559130027308381,2311.2488939522864,0.97822797,0.75157106,0.0,True,1.0942820093340135,0.8246104199115867
301,30692,490.62003,1161,2747.3828,3.0865886,5,179.95877,1.732062073896349,1.3046020481771425,5068.999052509179,1.1302639,1.1911887,0.0,True,1.5515226217274445,1.2705780437239997
302,4026,385.69409,1161,3494.793,3.3547015,4,24.829428,1.3618483205905958,1.0172661061921184,3201.6563813462412,1.0479857,0.84979922,0.0,True,1.267689534413417,0.9670260403344829
303,866,372.90677,1161,3614.6328,3.5886271,4,39.718987,1.3167224702775884,0.8256516646092138,2523.158697514753,1.0830928,0.84994978,0.0,True,1.2466335691943118,0.8329410992264497
304,42159,463.87122,1161,2905.8086,4.0786257,6,85.398354,1.6376943360381255,1.3352427690667346,4939.881008042779,1.1171815,1.1104335,0.0,True,1.4815404852266878,1.2677999883467141
305,5948,373.21609,1161,3611.6367,2.0195835,4,96.095016,1.3178141771979877,1.0608137671007474,3243.6757138021685,1.0839593,0.93762696,0.0,True,1.2476577140385914,1.0238577249705232
306,8836,373.21732,1161,3611.625,2.996139,5,38.039227,1.3178184439456089,1.1091159937117272,3391.3570721909036,1.0839593,0.9798221,0.0,True,1.2476607007619263,1.070327825598209
307,908,319.42764,1161,4219.8008,3.5234091,4,102.3954,1.1279787702212172,0.8160203545785994,2176.4025286925107,0.98413825,0.70384026,0.0,True,1.084826614154852,0.7823663262050196
308,8587,372.99261,1161,3613.8008,3.0205288,5,61.997066,1.317025449660543,1.105546145712108,3378.6556820989845,1.0845917,0.99666524,0.0,True,1.24729532476238,1.0728818739984756
309,11531,373.59958,1161,3607.9297,2.9989257,5,112.60653,1.319167427139357,1.1417480611646673,3494.2648307099475,1.0852889,1.0167242,0.0,True,1.2490038689975498,1.104240902815267
310,10890,358.83893,1161,3756.3398,2.4849386,4,15.076037,1.2670758707083778,1.129214477585222,3335.6891316065903,1.0145236,1.0049384,0.0,True,1.1913101894958644,1.0919316543096553
311,70307,479.32138,1161,2812.1445,3.0101905,5,46.809315,1.6922022570280066,1.4051322718846555,5349.540600576009,1.1390589,1.1896305,0.0,True,1.5262592499196046,1.3404817403192588
312,95382,515.05573,1161,2617.0391,3.0158906,5,95.583908,1.818262917305416,1.4567064492590114,5905.457037743614,1.1155064,1.1742067,0.0,True,1.607435962113791,1.371956524481308
313,688,350.34644,1161,3847.3945,5.7533789,6,23.264826,1.2371040885788533,0.791581392629379,2290.106630594026,0.98287696,0.71228594,0.0,True,1.1608359500051972,0.7677927568405654
314,69940,487.58081,1161,2764.5078,3.9906504,6,106.79412,1.7213404113673387,1.407497610767303,5439.169502617088,1.1331536,1.1789322,0.0,True,1.5448843679571371,1.338927987537112
315,2778,363.87579,1161,3704.3438,5.2693415,6,18.019228,1.2848515765059223,0.9649279600298541,2885.610048320292,0.99685383,0.75699061,0.0,True,1.1984522525541457,0.9025467550208979
316,5087,366.69742,1161,3675.8398,3.071717,4,62.801971,1.2948094352839814,1.0394973768813816,3129.7025710916287,0.99745709,0.92513579,0.0,True,1.2056037316987869,1.0051889008169672
317,1404,331.7283,1161,4063.3281,4.0014024,5,55.530037,1.1713941795996616,0.8721251844574476,2404.5339334705795,0.95742685,0.84689742,0.0,True,1.1072039807197631,0.8645568551202133
318,2583,364.92981,1161,3693.6445,2.6097488,3,16.239351,1.2885713640754546,0.9564115581523088,2867.428970657588,1.0030637,0.88528502,0.0,True,1.2029190648528183,0.9350735967066162
319,109884,515.28265,1161,2615.8867,2.9047914,5,67.402832,1.8190633209997022,1.4747707114926192,5980.988127752086,1.115301,1.1743832,0.0,True,1.6079346246997916,1.3846544580448334
320,0,279.43515,1161,4823.7344,1.0278887,2,16.912287,0.9868138773868183,0.0,193.6896863718454,0.90171522,0.0,0.0,True,0.9612842801707728,0.0
321,8650,376.39679,1161,3581.1172,2.9679644,4,52.892975,1.3290387695113492,1.1076654359694238,3412.2423338522817,1.0894438,0.9971804,0.0,True,1.2571602786579443,1.0745199251785966
322,4932,378.94968,1161,3556.9922,3.0067239,5,54.063053,1.3380477974924898,1.0398885263965396,3222.552191082296,1.0092728,0.96277851,0.0,True,1.2394152982447428,1.0167555214775779
323,0,285.84192,1161,4715.6172,1.9993372,2,39.792778,1.009429437068983,0.0,198.13052093384144,0.91108894,0.0,0.0,True,0.9799272879482881,0.0
324,8079,376.3931,1161,3581.1523,3.0216494,5,252.29707,1.3290257504552487,1.0993209121983667,3386.510687937017,1.0894438,0.98551983,0.0,True,1.257151165318674,1.0651805875388567
325,132166,517.54315,1161,2604.4609,2.0184238,4,89.971512,1.8270374493256165,1.499062215876741,6102.780386824907,1.2260799,1.3726619,0.0,True,1.6467501845279315,1.4611421211137186
326,4573,378.94882,1161,3557.0,3.0167818,5,51.259296,1.3380448649909948,1.0306483724563158,3193.9178259859277,1.0092728,0.91247016,0.0,True,1.2394132454936964,0.995194908719421
327,14215,383.42014,1161,3515.5195,3.9970164,5,51.106716,1.3538238166136538,1.170997151719775,3666.337651239059,1.0852875,1.018957,0.0,True,1.2732629216295577,1.1253851062038425
328,133414,517.54315,1161,2604.4609,1.9985211,4,15.548787,1.8270374493256165,1.5002569957555594,6107.644374153431,1.2260799,1.3729963,0.0,True,1.6467501845279315,1.4620787870288916
329,9026,378.52939,1161,3560.9414,2.99295,4,52.37904,1.3365646918871443,1.1136319761075495,3447.67828986091,1.087875,1.0021781,0.0,True,1.2619577843210008,1.0801958132752847
330,8945,378.51651,1161,3561.0625,1.8491702,4,28.044928,1.3365192652396503,1.112525263627555,3444.149567993233,1.0878748,0.99507046,0.0,True,1.261925925667755,1.0772888225392885
331,8122,381.43198,1161,3533.8438,2.7055042,4,105.9243,1.346807705278992,1.101758146055968,3433.8711221598533,1.0825722,0.91620779,0.0,True,1.2675370536952943,1.0460930392391776
332,10770,359.59018,1161,3748.4922,0.75511146,3,119.98181,1.2697271239500114,1.1281549603629095,3338.688905426206,1.0567852,1.0431089,0.0,True,1.205844546765008,1.1026411422540368
333,18319,373.05997,1161,3613.1484,3.6938086,6,215.70689,1.3172631238327452,1.1980411629898102,3661.883255484651,1.0431097,0.98264921,0.0,True,1.2350170966829217,1.1334235770928673
334,7223,308.25806,1161,4372.7031,3.5061405,5,22.274225,1.088554255145441,1.0597986897954657,2738.966115164535,0.9820298,0.95942491,0.0,True,1.0565969186018087,1.029686555856826
335,38272,468.58679,1161,2876.5664,4.9623609,6,179.25427,1.6543310150854782,1.3247930526314187,4944.774328530352,1.0863757,1.0288649,0.0,True,1.4839444205598347,1.236014606841993
336,331,317.32443,1161,4247.7695,3.12255,5,112.80873,1.1205552852932261,0.6948217243082658,1843.065504991825,0.95791942,0.81616813,0.0,True,1.0717645257052584,0.7312256460157861
337,2715,268.03003,1161,5028.9922,4.9772596,6,86.295647,0.9465531817964161,0.9276528884833318,2119.3894630530526,0.94302583,0.80951995,0.0,True,0.9454949762574912,0.8922130069383323
338,1092,326.71582,1161,4125.668,4.8589778,5,42.198166,1.1537026898730594,0.8403705378739532,2286.225309608646,0.96041238,0.72920322,0.0,True,1.0957155969111416,0.8070203425117672
339,21569,394.64642,1161,3415.5156,5.2049322,7,17.957907,1.3934396303861645,1.226386347433014,3938.2181021220104,1.0228531,0.96639997,0.0,True,1.282263671270315,1.1483904342031097
340,94,305.77533,1161,4408.207,4.2789998,5,32.177494,1.0797909654814277,0.5426512378995916,1395.6650744809808,0.95731896,0.70249975,0.0,True,1.0430493638369995,0.5906057915297142
341,0,290.32352,1161,4642.8242,4.0069275,4,103.3009,1.0252490663700364,0.0,201.23692933823887,0.97191834,0.0,0.0,True,1.0092498484590255,0.0
342,44107,463.93546,1161,2905.4062,4.0479097,6,103.19132,1.6379210013733034,1.340929533414424,4961.520254911886,1.1168289,1.1068394,0.0,True,1.4815933709613125,1.2707024933900968
343,9530,381.61295,1161,3532.168,2.0533817,4,142.51434,1.3474463224450424,1.1213863125178307,3496.4942474716354,1.0830536,0.94736862,0.0,True,1.2681285057115297,1.0691810047624815
344,1,291.47043,1161,4624.5547,3.985498,4,102.91363,1.0292976055168983,0.08212854637583662,320.2129961813781,0.97378898,0.051626761,0.0,True,1.0126450178618287,0.07297801076308563
345,10792,381.99271,1161,3528.6562,3.0598469,5,45.439629,1.3487865724515888,1.1367437172697656,3547.4691582380447,1.0835387,0.96623278,0.0,True,1.2692122107161121,1.085590436088836
346,12994,383.16895,1161,3517.8242,2.9564171,5,55.002182,1.3529373638896371,1.1599066296830336,3629.5283729258963,1.0846084,0.99742824,0.0,True,1.272438674722746,1.1111631127781236
347,13209,383.27917,1161,3516.8125,3.0159049,5,112.99784,1.3533263493019168,1.161956894243686,3636.861341056747,1.0849421,1.0026712,0.0,True,1.2728110745113417,1.11417118597058
348,42125,463.75653,1161,2906.5273,3.0620472,5,103.95892,1.6372896601324494,1.335100256485745,4938.285506246605,1.1139531,1.1002432,0.0,True,1.4802886920927145,1.2646431395400215
349,5459,413.9588,1161,3256.1719,3.9996581,5,167.79202,1.4615869943826325,1.063785520450914,3562.275759738263,1.0858258,0.79525918,0.0,True,1.3488586360678427,0.9832276183156398
350,43729,463.98975,1161,2905.0664,3.0033441,5,116.81361,1.6381124540199532,1.339869988171421,4958.1074758701,1.1140022,1.098348,0.0,True,1.4808793778139673,1.2674133917199946
351,5645,363.94833,1161,3703.6055,4.6953092,6,40.860214,1.2851075686559055,1.051209223387881,3144.105843406314,0.9968549,0.89528584,0.0,True,1.1986317680591339,1.0044322083715167
352,2134,280.18185,1161,4810.8789,2.9689274,4,46.09251,0.989449718858073,0.9041146651927434,2148.067443635309,0.9029687,0.86301607,0.0,True,0.9635054132006511,0.8917850866349204
353,107331,515.06879,1161,2616.9727,2.0875471,4,51.598667,1.8183090165479585,1.4717063983436447,5966.397928719217,1.1152991,1.1710532,0.0,True,1.607406041583571,1.3815104388405512
354,598,284.39145,1161,4739.668,4.0157137,4,47.551647,1.00430938532663,0.7555521363726436,1819.2321001949201,0.97489774,0.82279706,0.0,True,0.9954858917286411,0.7757256134608506
355,6320,375.9498,1161,3585.375,3.0107222,5,66.979927,1.327461353915593,1.0691687863642163,3290.2340357807943,1.0886364,0.98721373,0.0,True,1.255813867740915,1.0445822694549514
356,4691,364.6348,1161,3696.6328,2.0803552,4,47.740913,1.287530266454932,1.028922307908902,3082.559632529234,0.9952603,0.92039216,0.0,True,1.1998492765184523,0.9963632635362314
357,76197,479.80325,1161,2809.3203,2.9939408,5,137.11423,1.6939022118906022,1.4154398021956427,5393.518049613055,1.1388144,1.1878533,0.0,True,1.5273758683234215,1.34716385153695
358,2828,375.50345,1161,3589.6367,3.0594223,4,50.539196,1.325886238578348,0.9708106074391003,2984.5134331946674,1.0881411,0.93953574,0.0,True,1.2545626970048436,0.9614281472073701
359,4236,365.7576,1161,3685.2852,2.0539458,4,27.191292,1.2914926337954415,1.0168872811587324,3054.7514187616457,0.99731255,0.89300263,0.0,True,1.2032386086568092,0.9797218858111126
360,1474,343.99829,1161,3918.3945,3.9837008,4,102.01043,1.2146996110985644,0.8818267588172508,2510.186827749565,1.0155318,0.80796331,0.0,True,1.1549492677689952,0.8596677241720756
361,4534,344.0264,1161,3918.0742,2.9979808,5,48.07531,1.2147988613335305,1.0175800472334702,2896.6337735625293,1.0123849,0.98571342,0.0,True,1.1540746729334714,1.0080200590634292
362,4192,344.02057,1161,3918.1406,3.0435085,4,61.178856,1.2147782848663518,1.0081016159577385,2869.6166955509316,1.0123847,0.99821591,0.0,True,1.1540602094064463,1.0051359041704169
363,36888,451.59201,1161,2984.8203,4.0142136,6,60.197384,1.5943716716077467,1.3140808849897414,4748.804198621403,1.0467238,1.0619185,0.0,True,1.4300773101254227,1.2384321694928189
364,11921,390.09839,1161,3455.3359,2.7885506,5,15.599082,1.377390514616457,1.1518796604214236,3661.551099491487,1.0308603,0.96738869,0.0,True,1.2734314502315198,1.0965323692949966
365,118486,520.8421,1161,2587.9648,4.1796784,6,104.95238,1.8386742841072399,1.4863711468614598,6084.772713319804,1.1285787,1.1776236,0.0,True,1.625645608875068,1.393746882803022
366,17219,454.5018,1161,2965.7109,3.5516713,6,59.491821,1.6046379970848748,1.2198561008769666,4433.158220547304,1.1335554,1.2163975,0.0,True,1.4633132179594122,1.2188185206138766
367,8356,361.79083,1161,3725.6914,4.1530495,5,56.499516,1.2774935378242285,1.0981347955396463,3267.323739444602,0.98648697,0.92135203,0.0,True,1.1901915674769599,1.0450999658777524
368,1812,361.74039,1161,3726.2109,2.9569957,4,47.4067,1.2773155280735193,0.9123032660919537,2714.24291728336,1.0106726,0.83326584,0.0,True,1.1973226496514635,0.8885920382643675
369,107944,520.62128,1161,2589.0625,5.4587226,7,105.90038,1.8378953323213743,1.4744362225888055,6033.681172124458,1.128417,1.1794355,0.0,True,1.625051832624962,1.385936005812164
370,514,293.31873,1161,4595.4141,3.4010289,4,11.828528,1.035821783924783,0.7404033331438133,1832.1001038954598,0.90483379,0.56056219,0.0,True,0.9965253857473482,0.6864509902006692
371,23,265.97321,1161,5067.8828,3.030632,3,49.019539,0.9392922602674268,0.3725182480990686,856.1347357315931,0.88910514,0.23511356,0.0,True,0.9242361241871988,0.331296841669348
372,27264,386.77313,1161,3485.043,3.0277042,5,107.40065,1.3656561374502554,1.2520827223262772,3950.2670552082723,1.0323706,1.0259011,0.0,True,1.2656704762151787,1.184228235628394
373,36,259.74493,1161,5189.4023,3.0114465,4,89.989265,0.9173054599338123,0.42208512945454335,944.8445624270989,0.88691008,0.49857488,0.0,True,0.9081868459536686,0.44503205461818035
374,16965,408.01559,1161,3303.6016,2.0254562,4,89.599632,1.4406157337602181,1.2017961156331982,3973.6742599060003,1.026855,1.0430566,0.0,True,1.3164875136321528,1.1541742609432388
375,5098,320.72864,1161,4202.6836,4.0114565,5,61.842552,1.1325707538381606,1.023082833010717,2738.05905862132,0.97762537,0.94556838,0.0,True,1.0860871386867124,0.9998284971075018
376,121,303.21848,1161,4445.3789,3.9982727,4,41.204723,1.07076590090018,0.5718871819630741,1459.1432257158042,0.92519832,0.37930331,0.0,True,1.027095626630126,0.5141120203741518
377,2182,259.74591,1161,5189.3828,1.9559898,3,15.508477,0.9173089055391852,0.8987144481180138,1997.1637915950828,0.88691008,0.86283916,0.0,True,0.9081892578774295,0.8879518616826096
378,4103,320.5314,1161,4205.2695,2.9692466,4,41.196594,1.1318746456586513,0.9969934102965855,2666.80875429072,0.97618085,0.91942382,0.0,True,1.0851665069610559,0.9737225332076098
379,20153,408.01755,1161,3303.5859,2.0146701,4,12.577256,1.440622576016842,1.2230453907310954,4043.9466733196227,1.026855,1.0455552,0.0,True,1.3164923032117897,1.1697983335117668
380,29922,387.20584,1161,3481.1484,3.9841549,6,45.797756,1.3671831135598331,1.2636597986144273,3990.7045084207166,1.0324855,1.0277114,0.0,True,1.266773829491883,1.1928752790300992
381,7041,307.02737,1161,4390.2305,2.9878154,4,49.000191,1.0842103287846463,1.056251490965775,2720.1978673253125,0.93023121,0.89438546,0.0,True,1.0380165931492524,1.0076916816760426
382,341,310.27563,1161,4344.2695,2.9721127,3,56.506405,1.0956756534547503,0.6965022728388878,1811.3054922645936,1.0345013,0.83876079,0.0,True,1.0773233474183253,0.7391798279872215
383,80,254.82693,1161,5289.5547,2.9814532,3,57.58931,0.8999437678501087,0.5125286073785417,1122.9507371522607,0.93238366,0.73667532,0.0,True,0.9096757354950761,0.5797726211649792
384,12588,393.69144,1161,3423.8008,2.0139158,4,66.313591,1.39006963700369,1.1598642549654088,3716.706292581448,1.0965414,0.96196979,0.0,True,1.302011165902583,1.1004959154757863
385,55837,479.14767,1161,2813.1641,2.6024971,4,128.76628,1.6915893728905362,1.3760581229632336,5237.19319681843,1.139057,1.1950451,0.0,True,1.5258296610233755,1.3217542160742635
386,1495,349.02362,1161,3861.9766,4.0086126,5,124.92256,1.2324354330983658,0.8850854758889208,2551.7879071406905,1.0108945,0.57772458,0.0,True,1.165973153168856,0.7928772071222445
387,2088,348.84366,1161,3863.9688,6.3053102,6,38.233997,1.2318003379910751,0.9254517436809568,2666.88164470025,1.0633383,0.89727402,0.0,True,1.1812617265937526,0.9169984265766697
388,1083,304.634,1161,4424.7227,4.2755194,4,25.665392,1.0757623635433389,0.8323859320135794,2129.189159414894,1.0068768,0.85358405,0.0,True,1.0550966944803373,0.8387453674095056
389,5,268.06314,1161,5028.3711,3.9491544,4,26.76166,0.9466700527328791,0.21021533880138238,521.6267847136353,0.91935301,0.13288389,0.0,True,0.9384749399130153,0.18701590416096767
390,3317,341.88483,1161,3942.6172,5.1670146,6,43.75584,1.2072405085347575,0.9790778193905149,2771.8035021836854,1.0471787,0.90173298,0.0,True,1.1592219659743301,0.9558743675733603
391,189,358.24771,1161,3762.5391,1.5940533,3,49.56514,1.2649892982923066,0.6372661479492278,1881.6149278915548,1.0070882,0.72513872,0.0,True,1.1876189688046146,0.6636279195644594
392,188,303.43686,1161,4442.1797,3.05007,4,38.1534,1.0715367055258704,0.6240490330159761,1592.1405088007914,1.0014833,0.73110074,0.0,True,1.0505206838681094,0.6561645451111833
393,48108,486.11569,1161,2772.8398,4.0222631,6,71.900299,1.7161717496278346,1.3597705600862693,5240.932514933811,1.1333494,1.1837834,0.0,True,1.5413250447394842,1.3069744120603886
394,642,302.37433,1161,4457.7891,3.9409254,6,16.718086,1.0677862938637503,0.7694968972514409,1955.6660689476575,0.96931803,0.68116742,0.0,True,1.0382458147046252,0.7429980540760086
395,14321,393.70221,1161,3423.707,1.9910715,4,22.007887,1.3901076987912133,1.1757138091691364,3767.5812971069668,1.0965415,0.94127297,0.0,True,1.3020378391538494,1.1053815574183954
396,21992,430.91782,1161,3128.0234,2.9668684,5,43.449444,1.5214268604199417,1.2421836758114582,4308.54258237049,1.0884629,1.0912184,0.0,True,1.3915376722939592,1.1968940930680207
397,6094,356.9407,1161,3776.3164,3.1314526,5,22.292458,1.260376625552839,1.0580197039755537,3110.87672824566,0.96972698,0.87319905,0.0,True,1.1731817318869873,1.0025735077828877
398,38934,452.05701,1161,2981.75,3.3859935,5,73.699387,1.596012291412803,1.3209961906107457,4778.095474430189,1.04685,1.0536175,0.0,True,1.431263603988962,1.2407825834275221
399,95792,522.15906,1161,2581.4375,4.5610547,7,71.281654,1.8433198691677082,1.4597888165794934,5989.141094147121,1.1280191,1.1833524,0.0,True,1.6287296384173957,1.3768578916056455
400,2687,316.65408,1161,4256.7617,3.0061293,5,50.241077,1.1181892789406251,0.9449063620188977,2500.5934118601335,0.94257092,0.8171283,0.0,True,1.0655037712584376,0.9065729434132284
401,3204,361.66873,1161,3726.9492,3.6341448,4,38.499001,1.2770626305402473,0.9815564494985631,2919.6718489976593,0.96198279,0.78905958,0.0,True,1.182538678378173,0.9238073886489941
402,2466,302.21252,1161,4460.1758,4.2559347,5,42.859509,1.067215163172852,0.9294520658558738,2360.63137072022,0.93480718,0.79856199,0.0,True,1.0274927682209962,0.8901850430991116
403,81093,519.76025,1161,2593.3516,4.0415368,6,62.196106,1.834858010954258,1.437746366516732,5875.045840142856,1.1273201,1.182268,0.0,True,1.6225966376679806,1.3611028565617125
404,7701,396.23019,1161,3401.8633,7.4038496,8,155.94444,1.3990284728834295,1.1003663163621313,3546.0086507338924,1.0875907,1.0467811,0.0,True,1.3055971410184006,1.084290751453492
405,18309,428.94977,1161,3142.375,3.0120611,5,48.968281,1.514482742835365,1.218721429425623,4210.252340368071,1.0885003,1.0906333,0.0,True,1.3866880099847556,1.180294990597936
406,826,328.64005,1161,4101.5117,3.740828,5,10.947013,1.1604942358280472,0.8074437765414905,2208.136819007829,0.94101489,0.66039634,0.0,True,1.094650432079633,0.7633295455790433
407,43801,453.48581,1161,2972.3555,1.6488715,4,21.341867,1.6010532952442809,1.3362435612423258,4846.6103607582845,1.0470295,1.0580827,0.0,True,1.4348461566709965,1.252795302869628
408,2578,328.98691,1161,4097.1875,3.9734745,5,28.780386,1.1617184318850873,0.9442670039913943,2584.3713699544196,0.94138497,0.8574236,0.0,True,1.0956183933195611,0.9182139827939759
409,2342,310.03894,1161,4347.5859,2.4859655,4,19.30022,1.0948402408842992,0.9261311165859494,2405.782546091068,0.93315727,0.80668539,0.0,True,1.0463353496190093,0.8902973986101645
410,2534,301.72708,1161,4467.3516,4.0660615,6,18.830017,1.0655016880978778,0.9325094086617068,2365.0404406405673,0.93725646,0.87023121,0.0,True,1.0270281196685145,0.9138259490631948
411,3006,363.43658,1161,3708.8203,4.2065754,5,14.979844,1.2833016124502044,0.9743798047312482,2910.7747212967997,1.0330207,0.90249431,0.0,True,1.208217338715143,0.9528141563118737
412,46795,454.03058,1161,2968.7891,3.9799843,6,18.65296,1.602975342309877,1.3447119340765012,4882.451611592745,1.0471495,1.0596033,0.0,True,1.4362275896169137,1.2591793438535508
413,8163,363.88116,1161,3704.2891,5.0547333,7,28.443136,1.2848705392417852,1.0960608346059124,3277.70030535654,1.0334677,0.98817778,0.0,True,1.2094496874692497,1.0636959182241386
414,2953,306.72855,1161,4394.5078,2.4414301,4,19.193325,1.0831555159535826,0.9525703190697282,2451.1457305816857,0.93519431,0.82689846,0.0,True,1.0387671541675076,0.9148687613488098
415,1364,336.80988,1161,4002.0234,4.0023732,5,61.88707,1.1893291319183976,0.8702404512904967,2431.6467691793882,1.0138197,0.77282184,0.0,True,1.1366763023428783,0.8410148679033477
416,4644,305.38214,1161,4413.8828,3.0271914,5,50.001999,1.0784030940547042,1.0059997661181783,2578.574082743318,0.92998672,0.88306081,0.0,True,1.033878181838293,0.9691180792827248
417,30451,410.4046,1161,3284.3711,3.0123224,5,53.706409,1.4490456280189876,1.2748958404812365,4236.992380124759,1.0273566,1.0603198,0.0,True,1.3225389196132913,1.2105230283368655
418,67380,517.95337,1161,2602.3984,4.0222874,6,82.791634,1.8284843342335608,1.4135583605176547,5758.6745584886485,1.126877,1.1814561,0.0,True,1.6180021339634925,1.3439276823623583
419,2860,304.8924,1161,4420.9727,3.0190609,5,56.730278,1.0766744444303151,0.9480789032062048,2426.7227497421923,0.93046755,0.85306394,0.0,True,1.0328123761012207,0.9195744142443434
420,21231,386.93057,1161,3483.625,4.0172677,6,50.423092,1.3662117050752594,1.2214838824367553,3855.109934826318,1.0323157,1.0185694,0.0,True,1.2660429035526817,1.1606095377057288
421,0,304.28372,1161,4429.8164,0.99789584,2,37.559555,1.0745259380562227,0.0,210.91340260829185,0.92980957,0.0,0.0,True,1.0311110276393558,0.0
422,8229,380.61786,1161,3541.4023,4.0315456,6,55.259705,1.3439348037062997,1.1030715290697715,3431.522278742871,1.0312123,0.9737944,0.0,True,1.2501180525944098,1.06428839034884
423,29767,515.65533,1161,2613.9961,4.0269208,6,99.386353,1.8203779717037618,1.308954775415599,5311.880474608448,1.1264615,1.1719633,0.0,True,1.6122030301926331,1.2678573327909193
424,56955,411.76852,1161,3273.4922,3.9037881,6,47.897751,1.4538583466945671,1.3527698467254519,4508.886654969419,1.027895,1.0957469,0.0,True,1.326069342686197,1.2756629627078162
425,1811,428.93271,1161,3142.5,3.4440491,5,35.911129,1.514422539196359,0.9315172249562731,3218.169833159629,1.1424856,1.167878,0.0,True,1.4028414574374515,1.0024254574693912
426,833,312.44818,1161,4314.0625,4.0888939,5,56.006374,1.1033440026651493,0.8035803871755502,2101.97379850391,0.98646778,0.72599053,0.0,True,1.0682811358656046,0.7803034300228852
427,577,339.95486,1161,3965.0,4.0995913,5,47.936409,1.2004289575253217,0.7675066934051169,2162.555693180981,1.0439929,0.48641267,0.0,True,1.1534981402677251,0.6831784863835818
428,796,346.82025,1161,3886.5117,3.9859939,4,95.368835,1.2246592120329614,0.8082292810626698,2317.490574294692,1.0153819,0.5796594,0.0,True,1.161876018423073,0.7396583167438688
429,15234,360.02615,1161,3743.9531,2.6126761,4,14.101488,1.2712656959060569,1.1704586024798962,3467.561739472424,1.0153718,1.0376654,0.0,True,1.1944975271342397,1.1306206417359272
430,13898,393.41089,1161,3426.2422,3.0158424,4,47.095478,1.3890797081089985,1.1719239963420942,3752.9998831857865,1.0956947,0.91250598,0.0,True,1.3010642056762989,1.094098591439466
431,68437,479.31207,1161,2812.1992,1.9905677,4,11.472788,1.6921693654461103,1.4017348923084332,5336.515891003946,1.1390588,1.190578,0.0,True,1.526236195812277,1.338387824615903
432,81238,514.91815,1161,2617.7383,3.0209475,5,111.55733,1.8177776285909746,1.4362656778418474,5821.23362548974,1.1166798,1.1773734,0.0,True,1.6074482800136822,1.3585979944892932
433,13195,359.16687,1161,3752.9102,2.5816002,4,45.643456,1.2682331722614701,1.1526631007326427,3407.6836067724894,1.0149432,1.0281941,0.0,True,1.1922461805830291,1.11532240051285
434,13003,359.08875,1161,3753.7266,1.389504,4,44.527409,1.2679574904368573,1.150852054441315,3401.6797515244452,1.0145278,1.0193568,0.0,True,1.1919285833058,1.1114034781089206
435,84172,515.02118,1161,2617.2148,2.0476923,4,13.144299,1.81814094609688,1.4408096559325985,5840.6704972167045,1.1155061,1.1759417,0.0,True,1.6073504922678161,1.361349269152819
436,1890,301.47482,1161,4471.0898,4.3732157,6,19.543016,1.0646112390819766,0.897550418655858,2274.7450165940695,0.93755788,0.82253349,0.0,True,1.0264952313573836,0.8750453400591007
437,548,318.14682,1161,4236.7891,3.402817,5,12.936226,1.1234580353391375,0.7552556781528184,2007.4804346776414,0.95214963,0.58864462,0.0,True,1.0720655137373962,0.7052723607069729
438,38899,435.57394,1161,3094.5859,4.0318904,6,19.555166,1.5378555054787761,1.3147862760116447,4603.483070613466,1.0618576,1.0683748,0.0,True,1.3950561338351433,1.2408628332081513
439,1638,318.9408,1161,4226.2422,3.6272149,5,14.304099,1.1262603817971808,0.8864716503651413,2360.9438100109874,0.95328242,0.84118742,0.0,True,1.0743669932580264,0.8728863812555989
440,19926,420.28387,1161,3207.168,4.3390446,6,26.671207,1.4839053843559922,1.2261251624257934,4160.76032315128,1.0411826,0.98630255,0.0,True,1.3510885490491944,1.1541783786980553
441,2050,296.07581,1161,4552.6211,2.5593638,4,17.197071,1.0455538605621773,0.9052678894184253,2258.042951349374,0.91687214,0.77115327,0.0,True,1.006949344393524,0.8650335035928977
442,5607,323.82761,1161,4162.4648,2.7276015,4,14.541856,1.1435086867592088,1.0356786030599734,2795.3212918614113,0.95415211,0.92609787,0.0,True,1.086701713731446,1.0028043831419813
443,728,284.73383,1161,4733.9688,5.5757861,6,16.115099,1.005517957488012,0.7788673976297793,1877.262821566942,0.90992188,0.57889378,0.0,True,0.9768391342416084,0.7188753123408455
444,2055,293.9256,1161,4585.9258,4.1043224,5,15.740063,1.0379639693612637,0.9047745925922411,2242.3595456685794,0.93959725,0.82116228,0.0,True,1.0084539535528845,0.8796908988145689
445,1,243.53423,1161,5534.832,5.4866047,5,26.707462,0.8600769672084959,0.08041749176838918,267.5496977893259,0.85081202,0.051112808,0.0,True,0.8572974830459472,0.07162608663787243
446,1661,289.55099,1161,4655.2109,3.2928314,5,18.431704,1.0225222298829006,0.8779821734031954,2147.419730865007,0.91993791,0.8402642,0.0,True,0.9917469339180305,0.8666667813822367
447,41321,435.73785,1161,3093.4219,3.5295904,5,26.480192,1.538433799445223,1.3223621574353794,4631.5336546518,1.0616828,1.0597943,0.0,True,1.3954084996116563,1.2435918002047655
448,38695,446.44174,1161,3019.2539,7.0655766,8,228.01566,1.5762004227790822,1.3181694915413396,4715.995069215547,1.1317447,1.2103145,0.0,True,1.4428637059453577,1.2858129940789378
449,2840,296.31406,1161,4548.9609,3.9325795,5,19.23834,1.0463947678616512,0.9440360363345961,2356.3674271772024,0.94071639,0.85667205,0.0,True,1.014691254503156,0.9178268404342171
450,12851,359.24915,1161,3752.0508,3.1015019,5,31.02754,1.268523503864932,1.1494859664841603,3398.9756678724175,1.0108975,0.99554944,0.0,True,1.1912357027054523,1.1033050085389122
451,730,379.39716,1161,3552.7969,4.4886174,5,31.141459,1.3396269346648049,0.8065244243205683,2502.420394980262,0.98782021,0.51414984,0.0,True,1.2340849172653634,0.7188120490243978
452,10647,358.87326,1161,3755.9805,2.647366,5,19.191927,1.2671970156585302,1.1264864633354836,3327.9111478717614,1.0075247,0.95136029,0.0,True,1.1892953209609711,1.0739486113348384
453,6152,358.758,1161,3757.1875,3.9017353,5,29.286287,1.2667901440146179,1.0598223442980934,3130.11244703311,1.0062624,0.87109011,0.0,True,1.1886318208102324,1.0032026740086653
454,182,286.51547,1161,4704.5312,4.013597,5,17.954178,1.0118070978692228,0.6160028518295378,1494.1597696111446,0.91213232,0.46224326,0.0,True,0.981904664508456,0.5698749742806765
455,2053,331.56894,1161,4065.2812,3.7440279,6,28.828974,1.1708316785431385,0.9177676004522025,2529.2181950432964,0.96033776,0.84161705,0.0,True,1.107683502980197,0.8949224353165418
456,1302,335.92523,1161,4012.5625,3.045289,5,41.585819,1.186206884187991,0.8643628265540353,2409.6560859289116,1.0138505,0.86052257,0.0,True,1.1344999689315935,0.8632107495878246
457,3315,446.23795,1161,3020.6328,3.3598981,4,60.268337,1.5754813732263315,1.01151706348614,3617.5689702468526,1.1310179,1.1656973,0.0,True,1.4421423312584318,1.057771134440298
458,2,354.10526,1161,3806.5547,4.553102,5,21.742659,1.2503697726864604,0.13324155673412041,490.89412518089273,1.0369092,0.63639218,0.0,True,1.1863316008805223,0.2841867437138843
459,17814,511.02225,1161,2637.6953,2.4976742,5,30.285078,1.8040346075181295,1.2422956723340355,5001.81025847856,1.1257118,1.1687869,0.0,True,1.6005377652626906,1.2202430406338247
460,1403,335.54663,1161,4017.0898,3.1123312,5,41.663185,1.1848706825368647,0.8732411868365724,2431.9723757512,1.0170091,0.89907056,0.0,True,1.1345122077758054,0.8809899987856006
461,11417,489.52451,1161,2753.5312,3.4803433,5,60.893238,1.7281973343299293,1.1794075630807477,4573.644098518182,1.0853177,0.92006558,0.0,True,1.5353334440309503,1.1016049681565234
462,3009,484.08008,1161,2784.5,4.4624357,5,24.726097,1.7089903730496863,1.0096805629655834,3877.49476678964,1.0850933,0.83563679,0.0,True,1.5218212511347804,0.9574674310759084
463,2206,335.4726,1161,4017.9766,3.077811,5,45.089153,1.1846093020797561,0.9277177448096833,2583.086151999726,1.0227202,0.92877024,0.0,True,1.1360425714558293,0.9280334933667783
464,6083,439.83731,1161,3064.5898,4.4687414,5,27.212532,1.5528981654158476,1.0852908546258164,3832.558469729054,1.0672815,0.87039554,0.0,True,1.4072131657910933,1.0208222602380714
465,8426,383.09918,1161,3518.4648,3.9784245,6,49.559864,1.3526911771715344,1.106844995998152,3462.9540780352995,1.0317285,0.95324355,0.0,True,1.256402374020074,1.0607645621987065
466,15716,343.12399,1161,3928.3789,3.0029058,4,53.807987,1.2116138916029064,1.1674272451889052,3315.456769220638,1.101932,1.0067958,0.0,True,1.1787093241220346,1.1192378116322337
467,0,480.9079,1161,2802.8672,1.0009034,2,37.113941,1.6977993377023164,0.0,333.3399549940041,1.1320045,1.2121344,5.128218804335963,True,1.5280608863916216,0.3636403200000001
468,0,-1.0,1,-1.0,0.0,0,87.599228,1.0,0.0,-0.6931471805599453,0.90887839,0.0,3.737997210640808,True,0.972663517,0.0
469,28586,404.77301,1161,3330.0664,3.0328043,5,133.24992,1.4291737026918043,1.2649349858238315,4153.271557076538,1.1158222,1.1190319,0.0,True,1.335168251884263,1.221164060076682
470,19729,480.9079,1161,2802.8672,3.0418668,5,254.79395,1.6977993377023164,1.2456622639250434,4756.153297574741,1.1320045,1.2094285,0.0,True,1.5280608863916216,1.2347921347475304
471,30522,403.85965,1161,3337.5977,2.7284474,5,54.17691,1.4259506989428552,1.272659187986105,4170.363197728082,1.1113932,1.0911109,0.0,True,1.3315834492599987,1.2181947015902734
472,14888,374.66928,1161,3597.6289,4.0741048,5,50.003304,1.3229423940070464,1.1733469007012574,3599.9892171573065,1.0792806,1.0581363,0.0,True,1.2498438558049325,1.1387837204908802
473,13857,374.51395,1161,3599.1211,4.1997871,5,48.759075,1.3223942050998927,1.1645248571225286,3571.623486792942,1.0654107,0.98813611,0.0,True,1.245299153569925,1.1116082329857702
474,176,300.87967,1161,4479.9336,7.0670929,6,50.873196,1.062510536636007,0.6156195835704065,1559.0933246233108,0.96973491,0.41712555,0.0,True,1.0346778486452048,0.5560713734992846
475,2987,290.0246,1161,4647.6094,4.8810472,5,26.712002,1.0241939192791014,0.9476131546985954,2320.978173338734,0.97264159,0.91152126,0.0,True,1.008728220495371,0.9367855862890169
476,561,292.75037,1161,4604.3359,4.8599653,5,32.140476,1.0338155483847695,0.7505865806148421,1854.0699544513566,0.96118748,0.35241809,0.0,True,1.0120271278693387,0.6311360334303894
477,9587,365.67542,1161,3686.1133,3.0374396,5,63.353153,1.29120265218071,1.1162924315816034,3352.6482405511147,1.0674112,1.0336906,0.0,True,1.2240652165264971,1.0915118821071224
478,2065,265.21378,1161,5082.3945,4.2356162,6,55.803833,0.9366113653263827,0.8944522218456912,2024.603158529657,0.92971939,0.88104057,0.0,True,0.934543772728468,0.8904287262919838
479,4164,296.88766,1161,4540.1719,1.5323393,3,55.987339,1.0484195180950662,0.9896799406254745,2474.473030177217,0.92872727,0.78747493,0.0,True,1.0125118436665463,0.9290184374378322
480,2084,271.97931,1161,4955.9688,1.2180247,2,75.874092,0.9604944820352543,0.8981744345062951,2078.7388551272957,0.9006235,0.59658545,0.0,True,0.9425331874246781,0.8076977391544066
481,0,226.46582,1161,5951.9844,0.85792601,1,62.102951,0.799817627083966,0.0,156.97414462619608,0.9171623,0.66327453,4.454588527369126,True,0.8350210289587763,0.19898235900000003
482,0,285.73233,1161,4717.4258,1.3242404,2,31.196569,1.0090425988905156,0.0,198.05455893432386,0.91374236,0.78814769,13.430174734620902,True,0.980452527223361,0.23644430700000002
483,8312,358.42743,1161,3760.6523,2.3654091,4,17.91403,1.2656236332288664,1.0962488454351256,3235.0570641853965,0.99430639,0.8971433,0.0,True,1.1842284602602065,1.036517181804588
484,10961,361.31351,1161,3730.6133,2.1662941,4,76.890518,1.2758090087989964,1.1309472359310244,3361.03988788184,1.0550168,0.99366379,0.0,True,1.2095713461592974,1.089762202151717
485,11291,414.73596,1161,3250.0703,2.8304508,4,108.90957,1.464329253430638,1.153881624282676,3870.2904076450463,1.0438194,0.9321636,0.0,True,1.3381762974014466,1.087366216997873
486,921,346.16025,1161,3893.9219,2.5741689,3,72.127251,1.2223298610023345,0.8256643558354189,2363.453842722816,0.9828254,0.79717439,0.0,True,1.150478522701634,0.8171173660847932
487,0,281.71097,1161,4784.7656,1.818524,2,86.276039,0.9948474758201971,0.0,195.2671645883073,0.90880072,0.0,0.0,True,0.9690334490741379,0.0
488,5,295.6347,1161,4559.4141,2.5953803,3,98.569168,1.0439967891761792,0.2126564214316204,575.2785631429228,0.92607999,0.17086111,0.0,True,1.0086217494233254,0.2001178280021343
489,15186,446.12662,1161,3021.3867,2.988225,5,22.801353,1.5750885172918672,1.2013523987297698,4295.423501320716,1.0676053,0.96507519,0.0,True,1.422843552104307,1.1304692361108388
490,28527,454.65332,1161,2964.7227,2.8674364,5,37.22744,1.6051724937092877,1.283043833379974,4664.141280778303,1.0743464,0.98662019,0.0,True,1.4459246655965012,1.1941167403659818
491,10219,378.43307,1161,3561.8477,4.8757467,6,19.704393,1.3362247984118265,1.1287738283394624,3493.769677719211,1.0100107,0.8971284,0.0,True,1.2383605688882786,1.0592801998376236
492,1905,296.27994,1161,4549.4844,4.1177864,5,114.10155,1.0462744142335083,0.8966375374837715,2237.887302310096,0.96663356,0.87875265,0.0,True,1.0223821579634558,0.89127207123864
493,5929,350.87546,1161,3841.5938,4.4512844,5,36.00806,1.2389711094088431,1.0524998836515753,3048.3877901975447,1.0172566,0.88124114,0.0,True,1.17245675658619,1.0011222605561028
494,282,304.43057,1161,4427.6797,4.3702512,5,27.731844,1.0750442463149088,0.6723725127462065,1719.7204472387316,0.97356939,0.8261494,0.0,True,1.0446017894204362,0.7185055789223446
495,6034,367.04846,1161,3672.3242,3.5215173,5,123.55729,1.296048311279378,1.0604105917542759,3195.339201274692,1.000178,0.83777612,0.0,True,1.2072872178955645,0.9936202502279932
496,1494,235.77773,1161,5716.9141,3.7521772,5,78.73774,0.8326933384963678,0.8449060676223823,1723.6649214303861,0.92008209,0.75842911,0.0,True,0.8589099639474576,0.8189629803356675
497,13753,369.93796,1161,3643.6406,5.8289204,7,141.32144,1.306245512655019,1.1618622634417086,3525.1971502006545,1.0428336,0.9478398,0.0,True,1.2272219388585133,1.0976555244091961
498,206,318.22107,1161,4235.8008,2.9097557,4,13.998958,1.123720037643806,0.6384932965852798,1698.5170788882986,0.94976246,0.32293299,0.0,True,1.071532764350664,0.5438252046096959
499,5680,350.86832,1161,3841.6719,2.1416688,5,86.74366,1.2389459346160507,1.0473004635199101,3033.277174095862,1.0174096,0.94345814,0.0,True,1.1724850342312354,1.0161477664639371
500,849,269.36493,1161,5004.0703,2.8931513,4,14.358059,0.9512654415785873,0.7918239380351093,1817.246830764318,0.93153596,0.83251947,0.0,True,0.9453465971050111,0.8040325976245765
501,13244,371.95251,1161,3623.9062,1.9884336,4,126.39571,1.3133548999427926,1.1580305937519002,3530.3689854415165,1.0579957,1.0049925,0.0,True,1.2367471399599548,1.11211916562633
502,0,231.15565,1161,5831.2266,1.9169083,3,10.513626,0.8163752243917545,0.0,160.22488706800152,0.92746049,0.84119707,0.0,True,0.8497008040742281,0.252359121
503,471,260.77866,1161,5168.832,5.9306979,7,126.91633,0.9209546306093392,0.7200317812277215,1606.1606422231057,0.94519377,0.81172389,0.0,True,0.9282263724265375,0.747539413859405
504,11682,370.2742,1161,3640.332,2.3948319,4,96.131348,1.3074320722281636,1.1420906377245466,3467.9791460247575,1.0578082,1.027557,0.0,True,1.2325449105597146,1.1077305464071827
505,1770,294.87527,1161,4571.1562,6.4180384,7,112.49911,1.0413162083776957,0.8874160062353448,2205.6269552406025,0.9923833,0.88840801,0.0,True,1.0266363358643869,0.8877136073647414
506,0,299.03961,1161,4507.5,1.7859542,3,86.215309,1.0560154506049342,0.0,207.2784625472456,,,,False,1.0560154506049342,0.0
507,4734,291.46109,1161,4624.7031,4.6095276,7,10.695814,1.0292645911303346,1.0027158260947358,2466.6201001548097,1.0253208,1.0211051,0.0,True,1.0280814537912342,1.0082326082663151
508,1862,268.37985,1161,5022.4375,6.1288595,7,88.502235,0.9477880209482058,0.883560990194102,2021.0290915519977,1.0008138,0.95795345,0.0,True,0.9636957546637441,0.9058787281358713
509,0,410.12656,1161,3286.5977,2.1891007,3,79.577873,1.448064527474112,0.0,284.2780687367492,1.1453741,1.2035273,2.720822527071516,True,1.3572573992318784,0.36105819000000006
510,10549,424.13815,1161,3178.0234,3.1424944,5,27.937296,1.4975052304655843,1.148658288629962,3929.205608837753,1.1610322,1.2451193,0.0,True,1.396563321325909,1.1775965920409734
511,19059,428.89752,1161,3142.7578,2.0746889,4,128.78055,1.5142983903253062,1.223687554359438,4226.956464946488,1.0884995,1.0934304,0.0,True,1.3865587232277141,1.1846104080516067
512,39098,436.04233,1161,3091.2617,2.5082564,5,23.407385,1.5395081749801354,1.315596793012811,4610.6582894894145,1.0609924,1.055148,0.0,True,1.3959534424860949,1.2374621551089677
513,1171,331.1232,1161,4070.7539,3.1438327,4,50.634521,1.1692583916015526,0.8501196790714691,2340.1535637096545,0.96083504,0.79946083,0.0,True,1.1067313861210868,0.8349220243500284
514,21747,387.06598,1161,3482.4062,4.0440454,6,125.33765,1.3666895881722834,1.2244802489455255,3865.7529871949123,1.0323128,1.019311,0.0,True,1.2663765517205983,1.1629294742618679
515,20867,419.52917,1161,3212.9375,5.1570683,6,128.10919,1.4812423801405008,1.2315660104055477,4172.645550331231,1.0419958,0.98896432,0.0,True,1.3494684060983506,1.1587855032838834
516,39975,436.54321,1161,3087.7148,3.0359576,5,44.896881,1.5412754842301142,1.318544880295152,4625.637857043778,1.0606631,1.0496916,0.0,True,1.39709176896108,1.2378888962066064
517,106047,515.02881,1161,2617.1758,3.0146716,5,79.781784,1.8181680185434483,1.4701628714935657,5959.736492598147,1.1152987,1.1681441,0.0,True,1.607307222980414,1.3795572400454958
518,5738,338.78534,1161,3978.6875,4.0649824,5,62.056847,1.1963013108923901,1.0441016918429127,2932.259783535039,1.0290353,0.91683215,0.0,True,1.1461215076246731,1.0059208292900388
519,103427,515.05652,1161,2617.0352,5.4717793,7,104.43135,1.8182656248770355,1.466994609262854,5947.172559094876,1.115299,1.1617149,0.0,True,1.6073756374139248,1.3754106964839978
520,10738,340.0567,1161,3963.8125,3.0024035,5,41.161339,1.2007884070421764,1.1201970765636482,3156.31459925324,1.029749,0.95066911,0.0,True,1.1494765849295234,1.0693386865945538
521,9978,420.19177,1161,3207.8711,2.409781,4,15.970267,1.4835803451742817,1.1404382990387112,3869.267998157396,1.161136,1.2445955,0.0,True,1.3868470416219973,1.1716854593270978
522,741,333.69641,1161,4039.3633,3.1147366,5,55.711544,1.1783404066897305,0.7958675144033281,2205.965537723516,1.0299642,0.94883746,0.0,True,1.1338275446828114,0.8417584980823297
523,2610,334.77673,1161,4026.3281,3.0201616,5,56.808563,1.1821533788429375,0.9477354778658232,2633.980289615107,1.0321226,0.96884465,0.0,True,1.1371441451900561,0.9540682295060763
524,18050,420.92627,1161,3202.2734,1.739067,4,52.651676,1.4861720833506127,1.2141086920867346,4125.503322761507,1.1612154,1.245214,0.0,True,1.388685078345429,1.2234402844607142
525,0,266.41492,1161,5059.4805,3.9073539,4,121.84009,0.9408515303976676,0.0,184.66475065710338,0.93108046,0.0,0.0,True,0.9379202092783674,0.0
526,54728,411.6683,1161,3274.2891,4.0926261,6,124.37465,1.4535047210891587,1.3478019138044142,4491.370018576693,1.0278937,1.0946487,0.0,True,1.325821414762411,1.27185594966309
527,1413,334.60016,1161,4028.4531,3.0385628,4,56.5858,1.181530105015476,0.8737991826507427,2427.485618233447,1.0332932,0.98232555,0.0,True,1.1370590335108333,0.9063570928555199
528,5,266.6329,1161,5055.3438,3.9280863,4,120.90253,0.941621108397446,0.21008355764488937,518.8436661820505,0.93117213,0.13300991,0.0,True,0.9384864148782122,0.18696146335142255
529,5090,382.59158,1161,3523.1328,4.0440931,6,122.58882,1.350899936167781,1.0449650417406466,3265.582103885954,1.0311795,0.93305957,0.0,True,1.2549838053174467,1.0113934002184526
530,20709,422.34457,1161,3191.5195,2.03475,4,49.960472,1.4911766389724412,1.2316440107512496,4197.437822351914,1.1614536,1.2451807,0.0,True,1.3922597272807087,1.2357050175258748
531,17,263.26944,1161,5119.9297,4.0005603,4,121.89925,0.9297475665280902,0.3383923116188608,775.1808011593204,0.93080986,0.21455836,0.0,True,0.9300662545696632,0.30124212613320256
532,8586,338.60217,1161,3980.8398,3.0305505,5,41.346321,1.1956548376620497,1.0926421198151397,3067.0994805598652,1.0318686,0.97280651,0.0,True,1.1465189663634348,1.0566914368705977
533,13449,313.70139,1161,4296.8281,3.0196056,4,39.837948,1.1077674109608968,1.1363087538632484,2982.299113601119,1.0341468,0.99451089,0.0,True,1.0856812276726278,1.093769394704274
534,9451,338.71484,1161,3979.5156,3.0415325,5,50.317787,1.196052496818787,1.1042638353445202,3100.625259342545,1.03187,0.98235726,0.0,True,1.1467977477731508,1.0676918627411642
535,7698,338.72815,1161,3979.3594,2.9788938,5,51.31377,1.1960994213441145,1.079522971895265,3031.2699520393703,1.0318704,0.99895018,0.0,True,1.1468307149408803,1.0553511343266855
536,52960,411.66534,1161,3274.3125,4.0352225,6,52.931854,1.4534943399028484,1.3437440435203105,4477.819733907806,1.0278937,1.0940471,0.0,True,1.3258141479319938,1.2688349604642173
537,34725,423.24649,1161,3184.7188,1.9990946,4,70.325142,1.4943589231980403,1.2960412949535833,4425.157498236687,1.1616247,1.2474117,0.0,True,1.3945386562386282,1.2814524164675083
538,6334,338.15619,1161,3986.0898,3.0183306,5,56.06216,1.194080854072782,1.0557844613985967,2960.2202792392427,1.0323453,1.0055988,0.0,True,1.1455601878509474,1.0407287629790178
539,3804,337.26514,1161,3996.6211,2.0087478,4,16.974178,1.1909359640259367,0.9939855423791006,2780.5264768569523,1.0330567,1.0174415,0.0,True,1.1435721848181557,1.0010223296653704
540,4289,382.44742,1161,3524.4609,3.9966247,5,53.027599,1.3503911739112011,1.0239594049647986,3198.8954264252893,1.0309346,0.9119581,0.0,True,1.2545542017378408,0.990359013475359
541,0,246.53421,1161,5467.4805,1.9638456,2,70.104698,0.8706680048503603,0.0,170.88449257307346,0.93254554,0.0,0.0,True,0.8892312653952522,0.0
542,0,247.28152,1161,5450.957,1.9882679,2,39.303215,0.8733062950070852,0.0,171.4024883925777,0.93137968,0.0,0.0,True,0.8907283105049597,0.0
543,9345,312.74979,1161,4309.9023,2.0124815,4,30.117327,1.104408528575184,1.0924009473996397,2859.412131183103,1.0331497,0.96820927,0.0,True,1.0830308800026287,1.0551434441797478
544,6336,310.5451,1161,4340.5,2.0308127,4,11.378421,1.096626752907991,1.0450937614434272,2718.610726514059,1.0322733,0.95733857,0.0,True,1.0773207170355936,1.018767204010399
545,2237,307.76401,1161,4379.7227,2.0196528,4,43.755817,1.0868103712959634,0.9198505135025934,2374.0252858807453,1.0316437,0.94996947,0.0,True,1.0702603699071744,0.9288862004518154
546,35,247.84242,1161,5438.6211,3.075269,3,42.566315,0.8752864033304857,0.41659948914372125,894.9386338910932,0.93247354,0.72923297,0.0,True,0.89244254433134,0.5103895334006049
547,3,208.14299,1161,6475.9375,2.1923168,2,23.885098,0.7351262148643687,0.15795864950508234,334.9932193133918,0.84295017,0.14339364,0.0,True,0.767473401405058,0.15358914665355763
548,943,257.5394,1161,5233.8438,2.095983,3,33.526089,0.9095194311379097,0.799923716950304,1764.4500555157822,0.93368691,0.75375283,0.0,True,0.9167696747965368,0.7860724508652128
549,0,307.10391,1161,4389.1367,1.0145972,2,2.4632056,1.0844803976389419,0.0,212.86820935543517,,,,False,1.0844803976389419,0.0
550,206,258.43747,1161,5215.6562,3.0463805,4,73.252876,0.9126898154966497,0.6229815156969507,1379.419837346667,0.936158,0.87718058,0.0,True,0.9197302708476549,0.6992412349878655
551,25146,430.11588,1161,3133.8555,3.1033335,5,52.249355,1.518597293307345,1.2585422814418255,4358.163627285574,1.0899792,1.1027521,0.0,True,1.3900118653151416,1.2118052270092778
552,103348,516.76422,1161,2608.3867,4.5782051,7,75.614037,1.824289740099791,1.4675139924935456,5966.4958973853045,1.115002,1.1591122,0.0,True,1.6115034180698538,1.3749934547454818
553,28369,387.90793,1161,3474.8477,3.9948678,5,52.371376,1.3696607057315024,1.2574043594122302,3977.2676319512884,1.032692,1.0261387,0.0,True,1.2685700940120517,1.188024661588561
554,38725,436.66641,1161,3086.8438,3.0316052,5,111.35846,1.5417100969958244,1.3146378474148748,4613.071597274645,1.0603343,1.03055,0.0,True,1.397297357897077,1.2294114931904123
555,102324,514.76685,1161,2618.5078,2.9703605,5,57.699684,1.817243846594523,1.4655278003065701,5938.308723627134,1.1137776,1.1592549,0.0,True,1.606203972616166,1.3736459302145991
556,76292,513.19666,1161,2626.5195,3.088639,5,83.759941,1.8117049063181578,1.4276787016592805,5769.536253582296,1.1131847,1.1427149,0.0,True,1.6021488444227103,1.3421895611614962
557,39208,436.67303,1161,3086.7969,1.9576054,4,52.489182,1.5417335061761268,1.3161828042628716,4618.554001260601,1.0603344,1.020545,0.0,True,1.3973137743232886,1.2274914629840101
558,0,304.25824,1161,4430.1875,1.9737018,3,37.621326,1.0744359697108823,0.0,210.89574121813118,0.92258531,0.0,0.0,True,1.0288807717976176,0.0
559,4276,322.10733,1161,4184.6953,2.5066624,4,54.425854,1.1374368883503299,1.0025301597939063,2693.2169784495222,0.95178568,0.91792822,0.0,True,1.081741525845231,0.9771495778557344
560,0,317.65976,1161,4243.2852,1.9972031,2,52.542736,1.1217389292250497,0.0,220.18496702134888,0.95334852,0.0,0.0,True,1.071221806457535,0.0
561,2780,365.13098,1161,3691.6094,2.0120213,4,75.785339,1.289281339413678,0.9654197134767789,2895.8265535617247,0.99596041,0.78466737,0.0,True,1.2012850605895746,0.9111940104337453
562,4009,376.24615,1161,3582.5508,2.0266819,4,15.629495,1.3285072356912757,1.0136693568214177,3121.637501831899,1.0840354,0.86860466,0.0,True,1.255165684983893,0.9701499477749923
563,0,317.75308,1161,4242.0391,2.0,2,87.35247,1.1220682850219148,0.0,220.24965151623874,0.9508211,0.0,0.0,True,1.0706941295153403,0.0
564,1337,376.26669,1161,3582.3555,2.9698117,4,63.092434,1.3285796217766208,0.8795689324233557,2708.999140197893,1.0840358,0.54139864,0.0,True,1.2552164752436346,0.7781178446963489
565,0,284.14883,1161,4743.7148,3.0345554,3,41.247654,1.003452983416313,0.0,196.95696037390718,0.97080821,0.0,0.0,True,0.9936595513914191,0.0
566,0,245.13696,1161,5498.6445,3.01687,3,14.820586,0.8657352196643413,0.0,169.91599267503608,0.88238549,0.0,0.0,True,0.8707303007650389,0.0
567,1289,311.16397,1161,4331.8672,2.9733984,4,40.734894,1.0988111667341702,0.8552681908508004,2228.921158930233,0.97587365,0.79838955,0.0,True,1.0619299117139192,0.8382045985955603
568,75862,479.77722,1161,2809.4727,3.0167165,5,185.88216,1.6938103914375378,1.4148753428176781,5391.111508951978,1.1388142,1.1864909,0.0,True,1.5273115340062764,1.3463600099723747
569,1654,364.58859,1161,3697.1016,3.0040679,4,109.43565,1.2873670932701473,0.902075468114839,2702.3890853716002,0.99563205,0.5717631,0.0,True,1.199846580289103,0.8029817576803873
570,2573,311.40546,1161,4328.5078,3.069813,5,69.179138,1.0996635716723453,0.9378463047989934,2445.655419480946,0.9762612,0.87148905,0.0,True,1.0626428601706417,0.9179391283592955
571,25478,419.8533,1161,3210.457,3.0467672,5,65.789902,1.4823861220564045,1.2564063127769203,4259.6842593437705,1.0893632,1.0308286,0.0,True,1.3644792454394832,1.1887329989438442
572,1567,336.4201,1161,4006.6602,3.011699,4,39.208038,1.1879534400304,0.8868306028876036,2475.444278113822,1.0337768,1.0233868,0.0,True,1.14170044802128,0.9277974620213225
573,200,310.24829,1161,4344.6523,2.9983296,3,39.11594,1.0955791597370121,0.6330496848662045,1646.8809759809612,1.0329522,0.7902233,0.0,True,1.0767910718159084,0.6802017694063431
574,49,262.28708,1161,5139.1055,2.9838035,3,13.57542,0.9262797027804528,0.45780260362629477,1031.2670642764158,0.93157697,0.27004215,0.0,True,0.9278688829463169,0.4014744675384063
575,60783,512.33484,1161,2630.9375,2.9766216,5,102.31572,1.8086649130497594,1.3985212046444333,5643.418638942635,1.1126137,1.1168578,0.0,True,1.5998495491348317,1.3140221832511032
576,37507,423.22104,1161,3184.9102,2.004848,4,13.822909,1.494269174733242,1.3055846925390173,4457.506273067921,1.1616242,1.2468865,0.0,True,1.3944756823132693,1.2879752347773121
577,42130,407.76007,1161,3305.6719,4.1225619,6,46.605698,1.4397140401086792,1.3139365851284792,4342.058723311393,1.0233481,1.0748641,0.0,True,1.3148042580760755,1.2422148395899355
578,40146,423.21896,1161,3184.9258,2.0366669,4,40.870625,1.4942618602864715,1.3140123639770742,4486.259751585016,1.1616242,1.2472904,0.0,True,1.3944705622005302,1.293995774783952
579,58353,512.47943,1161,2630.1953,2.9607739,4,111.74966,1.8091749022205728,1.3933910888529548,5624.103174613647,1.1126267,1.110186,0.0,True,1.600210441554401,1.3084295621970683
580,39489,405.42834,1161,3324.6836,2.6690836,5,12.987973,1.4314862028065882,1.30502606065715,4290.983848033211,1.0189818,1.0597968,0.0,True,1.3077348819646117,1.231457282460005
581,0,301.21008,1161,4475.0195,2.0664129,3,67.377014,1.0636767774862161,0.0,208.78291770823557,0.92050058,0.0,0.0,True,1.0207239182403514,0.0
582,2335,258.20502,1161,5220.3516,3.0223126,5,73.133453,0.9118692189363411,0.9060029070865743,2002.7990832270725,0.93478304,0.83631873,0.0,True,0.9187433652554388,0.8850976539606019
583,18,213.11122,1161,6324.9648,4.0562258,4,78.349678,0.7526676416001162,0.33640220267692433,638.4241596104647,0.85143429,0.21713521,0.0,True,0.7822976361200814,0.300622104873847
584,0,252.76135,1161,5332.7812,1.9862964,2,35.404469,0.8926517313405375,0.0,175.20081710702553,,,,False,0.8926517313405375,0.0
585,1951,260.89102,1161,5166.6055,3.1391041,5,73.172852,0.9213513537651405,0.8860960168592547,1976.8030692107864,0.93813324,0.90422672,0.0,True,0.9263859196355984,0.8915352278014783
586,4238,317.11008,1161,4250.6406,2.9165194,5,24.070932,1.1197987609164413,0.9995873588582828,2648.6044030134317,1.0377588,1.0810106,0.0,True,1.095186772641509,1.0240143312007979
587,3489,256.09613,1161,5263.3398,3.0231013,5,44.855267,0.9044243781764951,0.9519862892798139,2089.2177609282276,0.93264908,0.93313354,0.0,True,0.9128917887235466,0.9463304644958697
588,33967,405.16559,1161,3326.8398,2.364536,4,33.676949,1.4305589816917446,1.28635020256469,4227.175101495701,1.0189785,1.0324767,0.0,True,1.3070848371842212,1.210188151795283
589,64977,427.69028,1161,3151.6289,1.9938424,4,20.732052,1.510038696849509,1.375489420791942,4739.58645054407,1.1624045,1.2540621,0.0,True,1.4057484377946563,1.3390612245543594
590,18184,318.27536,1161,4235.0781,3.980181,5,47.036015,1.1239117056876888,1.1743906494066976,3121.774379165776,1.0391668,1.0993657,0.0,True,1.0984882339813822,1.1518831645846883
591,1355,325.4902,1161,4141.2031,3.0227249,4,159.17358,1.149376837090837,0.8658771939796119,2347.771117565984,1.0320816,0.53112179,0.0,True,1.114188265963586,0.7654505727857284
592,12796,317.95129,1161,4239.3945,4.068305,6,72.759895,1.1227679185472963,1.1321798594508339,3006.879399066028,1.0388119,1.0903099,0.0,True,1.0975811129831075,1.1196188716155837
593,61896,427.15555,1161,3155.5742,2.006202,4,66.90461,1.5081519460422976,1.369247552231206,4712.911045156136,1.1629099,1.2557737,0.0,True,1.4045793322296083,1.3352053965618442
594,2061,300.4545,1161,4486.2734,3.0257444,4,40.967731,1.0610097135577683,0.9074832677794371,2293.0436599765662,0.91745675,0.86359465,0.0,True,1.0179438244904377,0.8943166824456059
595,0,300.20303,1161,4490.0312,0.99737096,2,37.948578,1.0601221279369009,0.0,208.08488384005267,0.91711241,0.0,0.0,True,1.0172192125558306,0.0
596,2756,325.91937,1161,4135.75,2.9945252,4,59.490616,1.150891589511921,0.9512195718997151,2582.018333114024,1.0338486,0.91607755,0.0,True,1.1157786926583446,0.9406769653298006
597,0,255.67204,1161,5272.0703,1.9806211,2,39.560955,0.9029272276675855,0.0,177.21835367400956,0.93289709,0.0,0.0,True,0.9119181863673098,0.0
598,7046,378.4472,1161,3561.7148,2.2396598,4,18.745043,1.336274629637296,1.083326975406926,3353.2311005866122,1.0878737,0.95688218,0.0,True,1.261754350746107,1.0453935367848481
599,138,353.74768,1161,3810.4023,3.0707445,4,56.229061,1.249107858974629,0.598388084243395,1748.0945423876208,0.98752475,0.3679117,0.0,True,1.1706329262822401,0.5292451689703764
600,66850,487.43893,1161,2765.3125,4.0442543,6,104.98827,1.7208398670200604,1.4017450242574299,5415.5617915137545,1.1331519,1.1760458,0.0,True,1.5445334769140422,1.334035256980201
601,4312,379.02417,1161,3556.293,4.0061145,6,101.79021,1.3383107221645185,1.0234883621522797,3172.2885871490976,1.0091053,0.84811932,0.0,True,1.239549095515163,0.9708776495065958
602,1034,293.67371,1161,4589.8594,5.6221809,5,53.753239,1.0370748012238682,0.8232856070552211,2039.0125208935704,0.98810476,0.86674923,0.0,True,1.0223837888567078,0.8363246939386548
603,8689,378.71262,1161,3559.2188,1.9590794,4,153.77547,1.3372112026654894,1.1090455105165595,3434.9398565201413,1.0875233,0.96715707,0.0,True,1.2623048318658425,1.0664789783615916
604,444,289.88913,1161,4649.7812,5.6362619,5,52.29232,1.023715748819603,0.7220740221823032,1768.4161537236082,0.97309625,0.77522135,0.0,True,1.008529899173722,0.7380182205276122
605,136773,517.47333,1161,2604.8125,3.0823069,5,101.48078,1.8267910233294304,1.5033922911723039,6119.687476659845,1.2260792,1.3735702,0.0,True,1.6465774763306014,1.4644456638206127
606,1543,278.60648,1161,4838.082,4.1059837,5,41.40168,0.9838886354617444,0.8653180745250969,2045.7458633569988,0.90314406,0.60964704,0.0,True,0.9596652628232212,0.7886167641675679
607,0,278.12503,1161,4846.457,1.8781495,3,32.112503,0.9821891118149446,0.0,192.7815803876502,0.91702765,0.0,0.0,True,0.9626406732704613,0.0
608,9825,378.71262,1161,3559.2188,3.010066,5,51.623322,1.3372112026654894,1.1240683654900185,3481.4630703647586,1.0875233,0.97400862,0.0,True,1.2623048318658425,1.079050441843013
609,4803,355.18924,1161,3794.9375,2.8615036,5,53.755329,1.2541954336891115,1.0285106361100467,3011.085639606262,0.98875982,0.8963449,0.0,True,1.1745647495823779,0.9888609152770327
610,6213,377.04868,1161,3574.9258,3.0534825,5,38.618217,1.3313392395511674,1.0674633626455803,3293.415024705666,1.0850174,0.91961074,0.0,True,1.2574426876858171,1.0231075758519061
611,7645,413.89175,1161,3256.6992,4.0821724,6,51.905266,1.4613504905586103,1.1053908506075034,3701.0484599842875,1.0858098,0.90747154,0.0,True,1.3486882833910272,1.0460150574252525
612,19509,418.04407,1161,3224.3516,4.1706796,6,53.18047,1.4760020806482936,1.222697412478506,4129.7460374068505,1.0927294,1.0769941,0.0,True,1.3610202764538055,1.1789864187349541
613,13,311.19989,1161,4331.3672,3.9973452,4,109.49129,1.0989379516471514,0.3151364998456724,842.7449246974857,0.97651768,0.19660237,0.0,True,1.0622118701530059,0.27957626089197063
614,21309,419.64447,1161,3212.0547,3.0823588,5,157.44707,1.4816492309552014,1.2342032983824422,4182.58747321373,1.0894663,1.069609,0.0,True,1.363994351668641,1.1848250088677097
615,63479,487.37628,1161,2765.668,4.0002193,6,109.237,1.7206188294632705,1.395194359720605,5389.648607544651,1.1327132,1.17119,0.0,True,1.5442471406242892,1.3279930518044234
616,148144,518.22327,1161,2601.043,3.9154842,6,118.09521,1.8294364228723654,1.513823078130773,6169.942182690672,1.2260878,1.3754483,0.0,True,1.6484318360106558,1.4723106446915413
617,22381,419.64499,1161,3212.0508,1.9958789,4,41.675617,1.4816510288209979,1.2402811285033961,4203.188148475567,1.0894663,1.0672486,0.0,True,1.3639956101746984,1.1883713699523772
618,69739,471.48975,1161,2858.8555,4.5805044,7,290.50375,1.6645725988268023,1.401207864097275,5258.310021693224,1.0868856,1.0569601,0.0,True,1.4912664991787614,1.2979335348680925
619,2974,379.12036,1161,3555.3906,3.9987354,5,118.13666,1.3386502102138997,0.9781016349126606,3032.3317947144374,1.0088505,0.69343638,0.0,True,1.2397102971497298,0.8927020584388623
620,70227,472.57776,1161,2852.2734,3.0496845,5,144.96565,1.66841118811637,1.4024896986099138,5273.7393622944655,1.0877575,1.057846,0.0,True,1.494215081681459,1.2990965890269397
621,0,333.59995,1161,4040.5312,1.0284674,2,152.36885,1.1779999804337815,0.0,231.2338647774387,0.9935022,0.0,0.0,True,1.1226506463036472,0.0
622,43802,464.1951,1161,2903.7812,4.0174499,6,72.103569,1.6388369759233596,1.3401534083873543,4961.07604063682,1.1140057,1.0975137,0.0,True,1.4813875931463518,1.2673614958711479
623,81989,474.19025,1161,2842.5742,1.9661158,4,22.961245,1.674100002208749,1.4225591120117114,5365.161456091713,1.0890385,1.0726013,0.0,True,1.4985815515461245,1.317571768408198
624,84129,475.02124,1161,2837.6016,2.0254474,4,15.4748,1.6770316210918288,1.4261122838302749,5386.80279811868,1.0899355,1.077009,0.0,True,1.5009027847642802,1.3213812986811924
625,86844,475.02515,1161,2837.5781,3.0125833,5,36.800343,1.677045499999789,1.4301080640870778,5401.934567316628,1.0899355,1.0854177,0.0,True,1.5009124999998524,1.3267009548609545
626,4220,334.72479,1161,4026.9531,3.0434954,5,43.590157,1.1819699947619025,1.0055793859828985,2794.3040457604684,0.99474341,0.92076397,0.0,True,1.1258020193333318,0.9801347611880289
627,0,259.69119,1161,5190.4766,2.0153584,2,28.745106,0.9171156735695162,0.0,180.00421616475705,0.89857072,0.0,0.0,True,0.9115521874986614,0.0
628,4537,353.02316,1161,3818.2227,4.1083159,6,125.82082,1.2465508030468881,1.0208425251462325,2972.6181047671093,0.97843617,0.80858296,0.0,True,1.1661164131328217,0.9571646556023627
629,23075,419.6409,1161,3212.082,3.0188563,5,53.397236,1.4816366460167947,1.2440609077337288,4215.960795301858,1.0894662,1.0631201,0.0,True,1.3639855122117561,1.18977866541361
630,0,308.58279,1161,4368.1016,1.9972073,2,62.029476,1.0897004487270847,0.0,213.89329085782168,0.97571385,0.0,0.0,True,1.0555044691089592,0.0
631,27986,419.87323,1161,3210.3047,3.9723454,6,52.770542,1.4824564041209884,1.2680402990567916,4299.305007502804,1.0893636,1.0598582,0.0,True,1.364528562884692,1.2055856693397542
632,86891,476.69196,1161,2827.6562,4.0110488,6,49.994865,1.6829258884888387,1.4308057056284684,5421.147260258968,1.0912405,1.09972,0.0,True,1.505420271942187,1.331479993939928
633,88031,477.00299,1161,2825.8125,3.0234382,5,49.981773,1.6840231360823785,1.432563044907571,5430.901812596303,1.0910181,1.0968326,0.0,True,1.5061216252576648,1.3318439114352998
634,65220,487.38663,1161,2765.6094,4.0001302,6,123.52657,1.720655260999963,1.398611694341558,5402.949886684478,1.1324964,1.1653628,0.0,True,1.5442076026999743,1.3286370260390907
635,88667,477.16986,1161,2824.8242,2.0124178,4,166.07965,1.6846118957460994,1.4335318380456656,5436.236656316362,1.090911,1.0948445,0.0,True,1.5065016270222695,1.3319256366319658
636,1841,353.33115,1161,3814.8945,3.9950469,5,103.51521,1.247637752236262,0.9116276220542572,2656.7499015659296,0.97836977,0.56949842,0.0,True,1.1668573575653833,0.80898886143798
637,170,343.71732,1161,3921.5977,3.9743743,4,104.23774,1.213707938126009,0.621347633990709,1769.283006285122,0.97777408,0.40833136,0.0,True,1.1429277806882063,0.5574427517934963
638,0,338.02835,1161,3987.5977,1.999786,2,32.80452,1.1936295417713298,0.0,234.30339775183037,0.9770956,0.0,0.0,True,1.1286693592399308,0.0
639,11680,359.19904,1161,3752.5742,2.9669912,4,70.807007,1.2683466675137092,1.1378596631479767,3364.1879761041164,0.98435074,0.88192898,0.0,True,1.1831478892595964,1.0610804582035838
640,1504,335.59167,1161,4016.5508,4.0073242,5,142.14496,1.185029606818197,0.8816259689646903,2455.5955318662004,0.99540764,0.74270004,0.0,True,1.1281430167727378,0.8399481902752832
641,41812,464.2157,1161,2903.6523,4.0860519,6,75.486618,1.6389096777005805,1.3343305876168092,4939.712992455327,1.114006,1.0906038,0.0,True,1.4814385743904062,1.2612125513317665
642,149590,517.7334,1161,2603.5039,3.0302725,5,104.0005,1.8277085190710904,1.5148761792515857,6169.138720400436,1.2262543,1.3783275,0.0,True,1.6472722533497632,1.47391157547611
643,20063,372.67477,1161,3616.8828,3.1349969,5,150.09505,1.315903812774194,1.2089875957031773,3691.989174907176,1.0682831,1.0064763,0.0,True,1.2416175989419358,1.1482342069922242
644,9031,358.48145,1161,3760.0859,3.0015299,5,59.488518,1.2658141789114785,1.1063445961771465,3265.2784091796107,0.98351955,0.81173944,0.0,True,1.1811257902380348,1.0179630493240026
645,10078,377.87115,1161,3567.1445,4.1141386,6,142.46449,1.3342417698423112,1.126870676708121,3483.3328496787976,1.0774502,1.0068123,0.0,True,1.2572042988896177,1.0908531636956846
646,9097,385.32715,1161,3498.1211,3.0085955,4,50.098003,1.360553403281661,1.117018781394926,3512.611394758704,1.0866239,1.0452801,0.0,True,1.2783745522971628,1.095497176976448
647,148053,517.44073,1161,2604.9766,2.0133717,4,26.975473,1.8266760332651053,1.5134544858667394,6160.307357561397,1.2264259,1.3792067,0.0,True,1.6466009932855736,1.4731801501067174
648,39333,436.66806,1161,3086.832,2.0193684,4,159.14407,1.5417159866586954,1.3165770391154774,4619.8913021721755,1.0603343,1.0139345,0.0,True,1.3973014806610868,1.225784277380834
649,25980,419.91052,1161,3210.0195,3.0008378,5,100.30617,1.4825880336352102,1.2588437204075373,4268.457314761945,1.0887425,1.02429,0.0,True,1.3644343735446471,1.188477604285276
650,2108,311.59866,1161,4325.8242,3.010469,4,59.165298,1.100345451763718,0.9141194725837116,2385.1142524141637,0.97752053,0.86810189,0.0,True,1.0634979752346025,0.9003141978085982
651,0,246.77312,1161,5462.1875,0.98056203,1,58.848404,0.8715113957020968,0.0,171.05009236598104,0.88646305,0.0,0.0,True,0.8759968919914678,0.0
652,18691,419.6358,1161,3212.1211,4.0187101,5,199.84483,1.4816186218070475,1.2179684698631612,4127.497612126258,1.08785,0.99684173,0.0,True,1.3634880352649335,1.1516304479042128
653,72584,479.7919,1161,2809.3867,4.0116024,6,124.96912,1.6938622049051277,1.4093189713754497,5370.083960540415,1.1388143,1.1843966,0.0,True,1.5273478334335895,1.3418422599628148
654,81615,477.57602,1161,2822.4219,4.0158296,6,218.80455,1.6860447352086285,1.42325608197021,5401.285857563021,1.0907855,1.0848317,0.0,True,1.50746696464604,1.321728767379147
655,27490,435.62454,1161,3094.2266,2.7333457,5,91.673744,1.538033965118364,1.271619850013364,4452.801724023549,1.0592171,0.91629291,0.0,True,1.3943889055828547,1.1650217680093546
656,61352,477.46829,1161,2823.0586,2.2888148,4,96.154144,1.6856647414333108,1.3873035280860821,5263.808887550666,1.0901024,1.0668008,0.0,True,1.5069960390033175,1.2911527096602575
657,61027,460.76553,1161,2925.3945,1.7620255,3,56.317715,1.6267372486021106,1.380455864597781,5077.223497431197,1.0603129,1.0617789,0.0,True,1.4568099440214772,1.2848527752184467
658,60426,464.05774,1161,2904.6406,3.3777618,5,52.639858,1.6383524246179424,1.3804460273437218,5108.908115297331,1.0482309,1.0581763,0.0,True,1.4613159672325595,1.2837651091406053
659,65601,479.29141,1161,2812.3203,2.9799948,5,98.692398,1.6920965515200779,1.3963989689631733,5316.001580065224,1.1383878,1.1793618,0.0,True,1.5259839260640544,1.3312878182742212
660,89666,477.53107,1161,2822.6875,3.0205421,5,38.638245,1.6858861996248968,1.4350780941448202,5445.70188017106,1.0907016,1.0938781,0.0,True,1.5073308197374278,1.3327180959013742
661,0,338.34851,1161,3983.8242,2.0098834,2,51.81741,1.194759586863603,0.0,234.52531575315842,0.97671467,0.0,5.00120222568512e-07,True,1.129346111804522,0.0
662,64992,487.47198,1161,2765.125,2.9094148,5,45.868275,1.7209564708869136,1.398200738346183,5402.188971453224,1.1324974,1.160291,0.0,True,1.5444187496208395,1.326827816842328
663,10600,385.38437,1161,3497.6016,1.8938714,4,13.86976,1.3607553712693898,1.135774484850349,3572.0498553606767,1.0866251,1.0358495,0.0,True,1.278516289888573,1.1057969893952444
664,6916,383.30728,1161,3516.5547,2.1109171,4,18.298037,1.3534255057916111,1.08273821302132,3389.1577354751275,1.0865823,0.99428314,0.0,True,1.2733725440541277,1.056201691114924
665,7002,383.24512,1161,3517.125,2.0449104,4,18.598171,1.3532061732683411,1.0842298458237205,3393.3430040726867,1.0863684,0.98558033,0.0,True,1.2731548412878388,1.0546349910766044
666,3016,340.17371,1161,3962.4492,2.9344802,4,48.927189,1.2012013357373708,0.9670073836172642,2725.590702627298,0.98732811,0.9341796,0.0,True,1.1370393680161595,0.957159048532085
667,0,348.55719,1161,3867.1445,2.0009067,2,45.480148,1.2307893061380755,0.0,241.60143351239714,1.015932,0.0,0.0,True,1.1663321142966527,0.0
668,62853,487.43893,1161,2765.3125,2.1045613,4,23.620621,1.7208398670200604,1.3939666065782608,5385.510823474915,1.132497,1.1582818,0.0,True,1.5443370069140423,1.3232611646047825
669,318,327.83731,1161,4111.5547,3.0317578,4,47.645012,1.1576609579308503,0.6927412944746657,1891.0708384775514,0.975573,0.4294596,0.0,True,1.1030345705515952,0.6137567861322659
670,10032,380.92416,1161,3538.5547,4.1248455,5,78.572281,1.3450157046021491,1.1274195955942148,3509.734114889393,1.0847234,1.0157171,0.0,True,1.2669280132215044,1.0939088469159504
671,38359,463.84628,1161,2905.9648,3.1737833,5,107.24181,1.6376063680354558,1.3233905051948047,4895.80313789742,1.1135935,1.088269,0.0,True,1.480402507624819,1.2528540536363633
672,8243,355.84268,1161,3787.9688,3.9834561,6,72.858299,1.256501550752331,1.094275306499237,3208.7623442309477,0.9843511,0.81962389,0.0,True,1.1748564155266317,1.0118798815494658
673,145568,517.10034,1161,2606.6914,2.0043588,4,59.408882,1.8254752840841775,1.511176399994277,6147.5020680170055,1.2266115,1.3796781,0.0,True,1.6458161488589242,1.471726909995994
674,1092,364.11844,1161,3701.875,4.2651186,5,156.6281,1.2857079881213462,0.8514466135408143,2547.9537330736457,1.0674007,0.8568958,0.0,True,1.2202158016849423,0.8530813694785699
675,3688,367.89569,1161,3663.8672,3.153882,5,32.391941,1.2990382397111797,1.000733237104233,3021.6677413797324,1.0844879,0.95090133,0.0,True,1.2346731377978257,0.9857836649729631
676,142335,516.98645,1161,2607.2656,2.015579,4,13.888677,1.8250735664866584,1.5082792851656723,6134.536795501218,1.2266103,1.3807464,0.0,True,1.645534586540661,1.4700194196159706
677,6490,368.18109,1161,3661.0273,3.0062521,4,42.179653,1.3000453680765498,1.0696845640255213,3232.0136087799056,1.0848966,0.99482411,0.0,True,1.235500737653585,1.047226427817865
678,7715,350.39163,1161,3846.8984,3.3723674,5,37.659275,1.2372635439020554,1.0842134214894295,3136.418889262055,0.98055202,0.89362645,0.0,True,1.1602500867314387,1.0270373300426008
679,38906,463.33807,1161,2909.1523,1.8619816,4,29.73831,1.6358133081882904,1.324983858868384,4896.99928759935,1.1128049,1.0913721,0.0,True,1.4789107857318033,1.2549003312078688
680,7633,383.75446,1161,3512.457,2.9791191,5,204.37936,1.3550035395234459,1.0949723899888586,3430.956065646287,1.0858684,0.9841069,0.0,True,1.2742629976664122,1.061712742992201
681,0,263.25095,1161,5120.2891,4.0655932,4,10.266637,0.9296823317729082,0.0,182.4716537722271,0.89715397,0.0,0.0,True,0.9199238232410357,0.0
682,61785,487.44928,1161,2765.2539,1.9483566,4,32.17168,1.7208763079177343,1.391808099462758,5377.271514292749,1.1324971,1.1571065,0.0,True,1.544362545542414,1.3213976196239305
683,499,346.37848,1161,3891.4688,2.5814519,3,68.413452,1.2230999962046571,0.7517083751862309,2153.298572052502,1.0102122,0.75482947,0.0,True,1.15923365734326,0.7526447036303616
684,310,308.19034,1161,4373.6641,1.8173015,3,22.993887,1.088315182717739,0.6846092671134428,1769.9381050720883,0.96085441,0.58139032,0.0,True,1.0500769509024175,0.6536435829794099
685,0,248.78679,1161,5417.9766,1.0187683,2,19.259148,0.8786203384167657,0.0,172.4458620490592,0.88116926,0.0,0.0,True,0.8793850148917359,0.0
686,3602,340.29514,1161,3961.0352,5.024066,6,38.360313,1.201629921052165,0.9884736922513324,2786.949007827069,0.98722154,0.88662177,0.0,True,1.1373074067365154,0.9579181155759326
687,1415,331.85147,1161,4061.8203,5.0121727,6,38.432678,1.171828802199485,0.8731025629980375,2408.0129057482945,0.97954082,0.62448144,0.0,True,1.1141424075396396,0.7985162260986263
688,1490,250.66907,1161,5377.293,2.0482988,4,84.230629,0.885265345186245,0.8506145067436144,1831.857673632352,0.88410455,0.80796641,0.0,True,0.8849171066303716,0.8378200777205301
689,57171,487.35287,1161,2765.8008,3.0620029,5,14.16855,1.7205362736013918,1.3819814772742625,5338.383917959955,1.132496,1.1535747,0.0,True,1.5441241915209742,1.3134594440919838
690,2603,358.01465,1161,3764.9883,3.6730917,4,44.815044,1.2641668344186126,0.9551276146183805,2815.8525126026425,1.0176556,0.8727178,0.0,True,1.1902134640930289,0.9304046702328663
691,5336,317.39594,1161,4246.8125,3.9805334,4,37.099487,1.1208076784990986,1.0272649811097236,2724.0844037490233,0.9746449,0.92519128,0.0,True,1.076958844949369,0.9966428707768065
692,12360,432.00485,1161,3120.1523,4.0537062,6,20.54402,1.5252624526045544,1.1709670955976317,4070.5149516099737,1.0867869,1.0443469,0.0,True,1.393719786823188,1.1329810369183422
693,397,324.20364,1161,4157.6367,3.7615466,4,27.909346,1.1448359599536544,0.7183664770095322,1941.6430911752514,0.99650049,0.74175876,0.0,True,1.100335318967558,0.7253841619066725
694,3201,385.23251,1161,3498.9805,4.0698838,5,26.060184,1.3602194226740054,0.9890268190310242,3109.5363968502415,1.0874437,0.93429017,0.0,True,1.2783867058718037,0.9726058243217169
695,5748,374.24707,1161,3601.6875,0.80775237,4,16.308899,1.3214524496097264,1.0569952862283218,3239.840093942888,1.0459383,0.94019127,0.0,True,1.2387982047268085,1.0219540813598254
696,0,249.2616,1161,5407.6562,1.0208461,2,26.473766,0.8802965472192024,0.0,172.77497526186085,0.88199145,0.0,0.0,True,0.8808050180534417,0.0
697,3816,372.04553,1161,3623.0,2.3658719,4,22.153221,1.3136832205525382,1.006263467457077,3068.438813449933,1.0556715,0.92815459,0.0,True,1.2362797043867766,0.9828308042199538
698,56165,486.93475,1161,2768.1758,4.307332,6,14.534849,1.7190611781761111,1.3795924866151674,5325.159657105946,1.132063,1.1501926,0.0,True,1.5429617247232779,1.310772520630617
699,975,324.63766,1161,4152.0781,3.5770893,5,29.584009,1.1463678726942932,0.8261391169331324,2234.963637020403,0.98314047,0.7582972,0.0,True,1.0973996518860052,0.8057865418531927
700,20382,432.80951,1161,3114.3516,3.9779727,6,42.904926,1.5281015385115566,1.2334093632614593,4294.554768691214,1.0866559,1.0486014,0.0,True,1.3956678469580894,1.1779669742830214
701,0,315.53525,1161,4271.8555,1.7186902,2,28.535521,1.1142402157730769,0.0,218.7123689047775,0.94463247,0.0,0.0,True,1.0633578920411537,0.0
702,0,287.78094,1161,4683.8438,2.0751026,2,16.097969,1.0162740965678265,0.0,199.47454717989078,0.91181779,0.0,0.0,True,0.9849372045974786,0.0
703,32787,405.17224,1161,3326.7852,2.0087805,4,35.032249,1.4305824462638657,1.2819935652414727,4212.919516173343,1.0189786,1.0247178,0.0,True,1.3071012923847058,1.2048108356690308
704,34591,432.54477,1161,3116.2578,3.1940079,5,330.30804,1.5271674056272548,1.2990581196007132,4520.701276274721,1.0913258,1.10939,0.0,True,1.3964149239390782,1.2421576837204993
705,31072,405.17984,1161,3326.7227,1.9933997,4,56.581039,1.4306093068380106,1.2753727279026308,4191.2316156911775,1.0189787,0.99598122,0.0,True,1.3071201247866073,1.1915552755318415
706,63062,454.30914,1161,2966.9688,4.6925759,7,450.36066,1.6039581401134801,1.3821242585425582,5020.981620707681,1.1316296,1.2152364,0.0,True,1.462259578079436,1.3320579009797908
707,9916,329.28702,1161,4093.4531,3.0036604,4,40.657631,1.162777733800187,1.1062926246415457,3030.134249186021,1.0307722,0.71462488,0.0,True,1.1231760736601308,0.988792301249082
708,22279,405.23792,1161,3326.2461,1.9925883,4,140.3663,1.4308141680096766,1.234380526600258,4057.0352120166513,1.0189835,0.98182827,0.0,True,1.3072649676067738,1.1586148496201807
709,0,287.84793,1161,4682.7539,1.7820318,2,24.391123,1.0165105310020557,0.0,199.5209811095165,0.94518763,0.0,0.0,True,0.995113660701439,0.0
710,4268,322.85532,1161,4175.0,2.6451786,4,14.146827,1.140077010893692,1.002584313927606,2698.8667877876346,0.98902112,0.92050111,0.0,True,1.0947602436255843,0.9779593527493242
711,57,257.61844,1161,5232.2383,3.9926066,4,57.080288,0.909798408395535,0.47417534958092705,1050.448835340579,0.92967516,0.48132449,0.0,True,0.9157614338768745,0.4763200917066489
712,2148,213.20076,1161,6322.3086,2.908875,3,41.760117,0.7529837608656463,0.8766547688323091,1635.9370010727202,0.85485584,0.8593381,0.0,True,0.7835453846059525,0.8714597681826164
713,0,180.39015,1161,7472.2539,0.99380273,1,30.113907,0.6371340522032508,0.0,125.03692387328562,0.78362167,0.0,0.0,True,0.6810803375422756,0.0
714,1264,258.87466,1161,5206.8477,4.0427165,5,163.15965,0.9142332332932197,0.8346076294644085,1849.3015780700446,0.93583119,0.52419579,0.0,True,0.9207126203052538,0.741484077625086
715,60704,427.12805,1161,3155.7773,3.0027781,5,94.538353,1.5080549456426047,1.3668233983029066,4704.301985502387,1.1629093,1.2559805,0.0,True,1.404511251949823,1.3335705288120345
716,10713,329.54553,1161,4090.2422,2.0002956,4,64.405815,1.1636900852307692,1.1156911396943292,3057.984760733387,1.032089,0.90055913,0.0,True,1.1242097596615386,1.0511515367860305
717,11763,329.62738,1161,4089.2266,2.0242863,4,51.258659,1.163978957924978,1.1269657978518772,3089.559295234984,1.0325292,0.94870877,0.0,True,1.1245440305474845,1.073488689496314
718,13772,330.20303,1161,4082.0977,3.0658665,5,62.896927,1.1660107138237539,1.146163530699341,3147.0125370520027,1.0347424,0.98570597,0.0,True,1.1266302196766276,1.0980262624895387
719,6407,259.87228,1161,5186.8594,3.0028372,5,78.654839,0.9177550030557681,1.0246468575513692,2277.899693827455,0.93495184,0.88989657,0.0,True,0.9229140541390376,0.9842217712859584
720,661,324.00912,1161,4160.1328,2.9838748,4,65.396072,1.1441493828603813,0.7793673525449144,2105.01434740813,0.94918346,0.78648829,0.0,True,1.0856596060022667,0.78150363378144
721,14982,330.42911,1161,4079.3047,3.0854962,5,48.502632,1.166808661578968,1.1563855314167808,3176.9894008888305,1.0368937,1.0431168,0.0,True,1.1278341731052774,1.1224049119917465
722,0,316.09222,1161,4264.3281,1.0651114,2,7.9572964,1.1162061526639153,0.0,219.09843108993394,,,,False,1.1162061526639153,0.0
723,2783,258.99826,1161,5204.3633,2.121428,4,38.020004,0.9146694919470855,0.9268289999216428,2054.375014776114,0.93371189,0.84892911,0.0,True,0.9203822113629598,0.90345903294515
724,0,212.1147,1161,6354.6797,2.017601,2,41.877686,0.7491492255780877,0.0,147.02670626031863,,,,False,0.7491492255780877,0.0
725,794,261.16727,1161,5161.1406,3.9873285,5,66.349014,0.9223265534358974,0.7811388757519926,1744.4926840612,0.93764514,0.79806459,0.0,True,0.9269221294051282,0.7862165900263948
726,11358,327.64743,1161,4113.9375,3.0619371,5,66.473961,1.1569907644377377,1.121941283315215,3059.5237639899615,1.0337374,1.0361663,0.0,True,1.1200147551064163,1.0962087883206504
727,54405,426.89447,1161,3157.5039,3.0839126,5,69.490562,1.5072308264923968,1.353136147168691,4654.9632138404895,1.1633298,1.2580917,0.0,True,1.4040605185446777,1.3246228130180837
728,403,315.89111,1161,4267.043,3.9972329,5,51.388199,1.1154963008109666,0.7179259070916376,1896.5745499429293,1.0377768,0.87957966,0.0,True,1.0921804505676767,0.7664220329641463
729,8182,260.11383,1161,5182.043,3.0732741,5,41.973499,0.9186076725256622,1.0533441181172678,2343.609041034078,0.93501347,0.92540151,0.0,True,0.9235294117679635,1.0149613356820875
730,3605,315.89661,1161,4266.9688,3.9654737,5,60.690395,1.1155156895273985,0.9797822609313087,2587.3927817560298,1.0377772,0.95733434,0.0,True,1.092194142669179,0.973047884651916
731,2054,324.2067,1161,4157.5977,3.0286896,5,75.120659,1.1448466938288169,0.9153548723096364,2473.216525603731,0.94701475,0.80880636,0.0,True,1.0854971106801719,0.8833903186167456
732,2103,212.52361,1161,6342.4531,3.0286703,3,46.052086,0.7505929351897883,0.8739193652568435,1626.245698940068,0.84981996,0.85901582,0.0,True,0.7803610426328518,0.8694483016797905
733,0,179.57961,1161,7505.9805,1.0021672,1,29.166744,0.6342719822598036,0.0,124.47510035755455,0.77862585,0.0,0.0,True,0.6775781425818626,0.0
734,493,260.14774,1161,5181.3672,4.0064692,5,74.050926,0.9187274392798086,0.7251541248852732,1614.1016796317015,0.93528587,0.47352645,0.0,True,0.923694968495866,0.6496658224196912
735,8249,260.06522,1161,5183.0117,2.0389621,4,39.757744,0.9184360518420722,1.054274426226304,2345.2914776763264,0.93528843,0.9462741,0.0,True,0.9234917652894505,1.0218743283584129
736,0,325.53534,1161,4140.6289,2.0270767,3,40.217186,1.1495361494974727,0.0,225.64390309362318,,,,False,1.1495361494974727,0.0
737,56357,427.10794,1161,3155.9258,2.0225029,4,72.479767,1.507984030056359,1.357594527708194,4672.346123455154,1.1640559,1.2591569,0.0,True,1.4048055910394512,1.328063239395736
738,4544,328.43454,1161,4104.0781,2.9989998,5,51.822353,1.1597688983321948,1.0121767053385533,2766.0766826328336,1.0347937,0.8800987,0.0,True,1.1222763388325363,0.9725533037369873
739,4700,328.43829,1161,4104.0312,2.0017729,4,16.904964,1.1597821454700468,1.0162340651770463,2777.189846844687,1.034794,0.91925389,0.0,True,1.1222857018290326,0.9871400126239325
740,3466,324.41916,1161,4154.875,3.0306687,5,45.251598,1.1455965537820962,0.978192762936076,2644.4487143616543,0.94688392,0.83522332,0.0,True,1.0859827636474675,0.9353019300552532
741,4015,328.51614,1161,4103.0586,3.016973,4,45.366455,1.1600569293951006,0.9973345403226421,2726.122407797863,1.0352353,0.97807193,0.0,True,1.1226104405765704,0.9915557572258495
742,2329,321.31219,1161,4195.0508,2.9983981,4,45.220993,1.1346304587266256,0.9294263309535244,2491.4716348238585,0.94766134,0.88043177,0.0,True,1.078539723108638,0.9147279626674671
743,59653,427.59433,1161,3152.3359,2.0112152,4,20.266573,1.5097002429268713,1.3648406215898836,4701.969746912607,1.1644706,1.2603036,0.0,True,1.40613135004881,1.3334795151129186
744,9366,260.16953,1161,5180.9336,2.991415,4,81.089577,0.9188042992684589,1.0691694877983628,2379.2646365302553,0.93551862,0.95779425,0.0,True,0.9238185954879212,1.035756916458854
745,0,255.0554,1161,5284.8164,4.0158639,4,69.367661,0.9007503408862375,0.0,176.79093139658906,0.86065477,0.0,0.0,True,0.8887216696203664,0.0
746,4882,325.48773,1161,4141.2344,2.0222189,4,33.865147,1.1493681541413516,1.019694128452108,2764.60158842518,0.94713676,0.86469561,0.0,True,1.0886987358989462,0.9731945729164755
747,0,212.85817,1161,6332.4844,1.9904462,2,37.455006,0.7517741577361767,0.0,147.54204039464952,,,,False,0.7517741577361767,0.0
748,0,304.63589,1161,4424.6953,1.5615077,2,51.880253,1.0757690222100786,0.0,211.15750825086965,0.96699846,0.0,0.0,True,1.043137853547055,0.0
749,3908,328.4314,1161,4104.1172,4.0084753,5,105.55049,1.1597578545743779,0.9940580586329701,2716.5522258277424,1.0347936,0.76539934,0.0,True,1.1222685782020645,0.9254604430430791
750,37741,432.6478,1161,3115.5156,2.824918,5,119.74456,1.5275309847697156,1.3099293446588849,4559.482768760199,1.0916559,1.1186934,0.0,True,1.3967684593388008,1.2525585612612193
751,17273,405.20508,1161,3326.5156,2.0172741,4,86.347961,1.4306983192456573,1.2029910592368005,3953.59230646675,1.0189662,0.96178955,0.0,True,1.30717868347196,1.1306306064657603
752,59633,442.12308,1161,3048.7461,4.2001414,6,77.594971,1.5609629639460822,1.3704771451598112,4861.584472048748,1.0543282,1.1114901,0.0,True,1.4089725347622575,1.2927810316118677
753,2121,300.52487,1161,4485.2227,2.989979,3,38.581688,1.0612581529557137,0.9109193891145947,2302.1964500022614,0.9180333,0.86405748,0.0,True,1.0182906970689996,0.8968608163802163
754,0,239.19801,1161,5635.168,0.99272627,1,44.082653,0.84476845013364,0.0,165.7994262270496,0.83638388,0.0,0.0,True,0.842253079093548,0.0
755,61969,441.82812,1161,3050.7812,3.0076005,5,133.47183,1.5599223666940005,1.3751519037955742,4875.317844777372,1.0543433,1.1160834,0.0,True,1.4082486466858004,1.297431352656902
756,15434,405.20984,1161,3326.4766,2.9946647,4,41.66851,1.430715082840886,1.1891140165348253,3908.029170684814,1.0189662,0.8506096,0.0,True,1.3071904179886202,1.0875626915743777
757,79173,461.48035,1161,2920.8633,2.8097675,5,135.20917,1.629259115369149,1.4133419705346737,5205.228784132383,1.1315314,1.2049718,0.0,True,1.4799408007584043,1.3508309193742716
758,6450,325.48434,1161,4141.2773,3.0124872,4,48.532768,1.1493562534428847,1.0531253502458338,2855.195968676701,0.94713676,0.89714676,0.0,True,1.0886904054100195,1.0063317731720836
759,11129,315.9209,1161,4266.6406,2.9961677,4,57.385647,1.115601457406124,1.1146168024855192,2943.5896014452187,1.0367444,1.1072278,0.0,True,1.0919443401842868,1.1124001017398635
760,5465,321.3125,1161,4195.0469,2.005156,4,33.910049,1.1346315130533686,1.0316369984027898,2765.371307601199,0.94766134,0.91580814,0.0,True,1.0785404611373581,0.9968883408819529
761,12732,314.96182,1161,4279.6328,2.0051713,4,55.846245,1.1122162728440772,1.1303021967348097,2977.0288425434887,1.0356165,1.1050787,0.0,True,1.089236340990854,1.1227351477143668
762,2,255.23935,1161,5281.0078,3.9949753,4,69.003471,0.9013997053918699,0.12815630911340467,353.83687164090617,0.86077601,0.081081495,0.0,True,0.889212596774309,0.11403386487938327
763,0,313.93771,1161,4293.5938,1.0199356,2,33.642948,1.1086014870640124,0.0,217.60503855794573,1.0344993,1.0865766,4.833385900153432,True,1.0863708309448086,0.32597298
764,4369,323.39453,1161,4168.0391,2.9793148,4,49.908192,1.1419801014582696,1.0055900029111928,2710.9345568521867,0.95011389,0.73020869,0.0,True,1.0844202380207886,0.9229756090378349
765,67201,427.7666,1161,3151.0664,3.0292239,5,106.02443,1.510308084378734,1.379697173793105,4754.828164625684,1.1646072,1.2678256,0.0,True,1.4065978190651136,1.3461357016551734
766,8591,321.3143,1161,4195.0234,3.0156198,4,48.336823,1.134637866089322,1.0858530395753443,2910.69087675246,0.94766134,0.94032216,0.0,True,1.0785449082625254,1.042193775702741
767,37847,441.39014,1161,3053.8086,2.0194244,4,68.862251,1.5583769462861488,1.3135410565910546,4652.852294878225,1.0541971,1.1061612,0.0,True,1.407122992400304,1.2513270996137382
768,3966,310.5004,1161,4341.125,2.936667,4,13.632468,1.0964689421794103,0.9891585563621014,2572.8117383466665,0.94906241,0.7015987,0.0,True,1.0522469825255871,0.9028905994534709
769,3289,253.44304,1161,5318.4375,3.1572232,5,15.925942,0.8950582869365444,0.9439529134848342,2052.621684850317,0.93621963,0.86877668,0.0,True,0.907406689855581,0.921400043439384
770,13848,298.7905,1161,4511.2578,3.0433409,5,20.32675,1.055136197737907,1.1332112612967515,2849.2783124858465,0.99034262,0.92541105,0.0,True,1.0356981244165349,1.0708711979077261
771,12191,331.55811,1161,4065.4141,3.5702202,5,90.79007,1.1707934224112935,1.132056985058659,3119.503368229273,1.0181165,0.93713546,0.0,True,1.1249903456879053,1.0735805275410613
772,10492,267.66287,1161,5035.8906,2.570699,5,16.148623,0.9452570634429718,1.0860442800285015,2478.17245908123,0.94681501,0.92224789,0.0,True,0.9457244474100802,1.036905363019951
773,15051,354.58957,1161,3801.3555,4.487618,6,11.85818,1.2520790324498856,1.1668341398588793,3410.9150053072635,1.0421829,0.96497816,0.0,True,1.18911019271492,1.1062773459012154
774,17357,371.93527,1161,3624.0742,3.1939588,5,140.24918,1.313294050767894,1.1910190933388323,3630.782408816137,1.0673465,0.98087692,0.0,True,1.2395097855375257,1.1279764413371827
775,4743,254.51999,1161,5295.9336,3.8858576,5,74.801041,0.8988602036278731,0.987099525865739,2154.472700246459,0.91189241,0.86769873,0.0,True,0.9027698655395111,0.9512792871060173
776,4028,270.07095,1161,4990.9883,3.2521119,4,87.763824,0.9537578276526206,0.9747866496313053,2241.9998397954146,0.95833135,0.86522955,0.0,True,0.9551298843568344,0.9419195197419137
777,2604,350.26608,1161,3848.2773,2.4567368,4,88.54847,1.2368204426478453,0.9526447915559414,2755.042986522961,1.0174158,0.94556123,0.0,True,1.1709990498534917,0.950519723089159
778,993,333.95282,1161,4036.2617,4.2452955,5,51.355846,1.1792454348619732,0.8311523525665827,2305.1904028086306,1.0271262,0.95619696,0.0,True,1.1336096644033813,0.8686657347966079
779,12248,368.87616,1161,3654.1289,2.0962,4,88.069061,1.302498299363283,1.1473308170124688,3472.3350279482042,1.0424759,0.94731116,0.0,True,1.224491579554298,1.087324919908728
780,11349,345.42044,1161,3902.2617,4.0010281,5,50.866379,1.2197188714329654,1.1290063622533966,3225.2117620198837,1.0460687,0.95030779,0.0,True,1.167623820003076,1.0753967905773776
781,81,259.84781,1161,5187.3477,4.1446018,5,51.437981,0.9176686454258887,0.5151312661555567,1148.226054675015,0.98503244,0.7817235,0.0,True,0.937877783798122,0.5951089363088897
782,2903,254.59267,1161,5294.4219,2.4683981,5,42.607391,0.8991167555029842,0.9298970395921389,2030.1699843972726,0.92393482,0.9070943,0.0,True,0.9065621748520889,0.9230562177144972
783,0,281.62109,1161,4786.293,1.9887582,2,92.940292,0.9945301330772681,0.0,195.2048645197186,0.95705223,0.0,0.0,True,0.9832867621540877,0.0
784,4836,270.87381,1161,4976.1953,5.3222561,6,49.792496,0.9565919751085199,0.9965965561408924,2298.162934955204,0.97063947,0.89618963,0.0,True,0.9608062235759638,0.9664744782986247
785,166,252.04686,1161,5347.8984,3.9329319,4,20.858568,0.8901293666629166,0.5961539939154131,1291.4790317616962,0.90291047,0.33409584,0.0,True,0.8939636976640416,0.5175365477407892
786,405,298.12912,1161,4521.2656,2.0018516,3,49.169361,1.0528016914379186,0.7135800070298846,1791.4021872203975,0.98141944,0.81862205,0.0,True,1.031387016006543,0.7450926199209192
787,233,295.04245,1161,4568.5664,2.5145807,3,49.98629,1.0419062448152927,0.6473152352867529,1610.809486077602,0.9625898,0.53237081,0.0,True,1.018111311370705,0.612831907700727
788,3536,298.0354,1161,4522.6875,5.0706987,6,76.481247,1.0524708445617408,0.9707169749324602,2435.3416932838445,0.94810277,0.82299,0.0,True,1.0211604221932185,0.9263988824527222
789,8347,340.65863,1161,3956.8086,3.5729859,6,30.57872,1.2029128345591023,1.090032678992638,3076.1123581601296,1.0534838,1.0298157,0.0,True,1.1580841241913715,1.0719675852948467
790,6936,330.56015,1161,4077.6875,2.5240128,3,53.221943,1.1672711879287203,1.0638203753296187,2923.7281103435403,1.0756487,1.0352792,0.0,True,1.1397844415501042,1.055258022730733
791,6945,341.233,1161,3950.1484,2.0809407,3,35.915466,1.2049399952954578,1.0680554718314288,3018.569363215704,1.1230315,1.0445411,0.0,True,1.1803674467068204,1.0610011602820002
792,5815,349.1875,1161,3860.1641,2.5078657,4,50.857189,1.2330138107034216,1.0495355609331745,3026.945791664339,1.0668002,1.0348625,0.0,True,1.1831497274923952,1.045133642653222
793,5735,339.41815,1161,3971.2695,0.80826974,3,46.591621,1.1985347770904922,1.0442735306099113,2937.559447196314,1.0867851,1.0403683,0.0,True,1.1650098739633445,1.043101961426938
794,497,262.54233,1161,5134.1094,1.6503989,3,64.575104,0.9271807322684659,0.7268751628850258,1631.0720797508068,0.92369676,0.75799918,0.0,True,0.9261355405879261,0.7362123680195181
795,169,258.28214,1161,5218.793,3.7429912,5,47.711853,0.9121414456583418,0.5999346741703644,1327.9998665335181,0.94624692,0.81244415,0.0,True,0.9223730879608393,0.6636875169192551
796,12,237.22733,1161,5681.9805,4.0044165,4,19.726643,0.8378110506366008,0.2966774322277915,626.0565240215577,0.89419121,0.18983598,0.0,True,0.8547250984456205,0.2646249965594541
797,1597,279.31506,1161,4825.8086,3.1847758,4,19.121677,0.9863899066965809,0.869629729389267,2060.5445456282387,0.93038964,0.77090794,0.0,True,0.9695898266876066,0.8400131925724869
798,5338,341.38727,1161,3948.3633,3.4930222,4,66.800758,1.2054844865794878,1.0363419947001364,2930.120428821914,1.1138448,1.050124,0.0,True,1.1779925806056415,1.0404765962900955
799,13699,360.76501,1161,3736.2852,1.6239268,4,101.97904,1.2738732920920404,1.1578408467922392,3436.367568357278,1.1572289,1.1080177,0.0,True,1.238879974464428,1.1428939027545675
800,11555,361.33963,1161,3730.3438,3.0037475,5,170.58905,1.2759011306790524,1.137372924717155,3380.3490745385066,1.1572632,1.1255133,0.0,True,1.2403097514753367,1.1338150373020084
801,0,464.68079,1161,2900.7461,1.9919707,3,15.505226,1.6405505374731022,0.0,322.092179448868,,,,False,1.6405505374731022,0.0
802,0,361.34491,1161,3730.2891,2.0080295,3,34.728035,1.275919830139351,0.0,250.4652055761872,,,,False,1.275919830139351,0.0
803,0,367.61508,1161,3666.6641,2.0133803,3,191.57613,1.2980478846517867,0.0,254.81135623331872,1.0820646,0.0,0.0,True,1.2332528992562506,0.0
804,4948,410.21921,1161,3285.8555,3.0191245,4,263.55914,1.4483914133400786,1.05046073383974,3489.7934215660894,1.0866677,0.98771679,0.0,True,1.3398742993380552,1.031637550687818
805,9092,411.79111,1161,3273.3125,2.9816697,5,126.62727,1.4539381126237423,1.1261090412886918,3753.62838569923,1.0870517,1.0020804,0.0,True,1.3438721888366194,1.0889004489020842
806,2049,345.90833,1161,3896.7578,4.0000277,5,88.260117,1.2214407559512805,0.9222275557404042,2637.9255512866107,1.0816625,0.87747204,0.0,True,1.1795072791658963,0.9088009010182829
807,0,266.95593,1161,5049.2266,2.0008395,3,62.355045,0.942761442241168,0.0,185.03975021325815,0.96969098,0.0,0.0,True,0.9508403035688175,0.0
808,0,266.91754,1161,5049.9531,2.0128882,3,62.123405,0.9426258677070758,0.0,185.0131402929964,0.97044057,0.0,0.0,True,0.950970278394953,0.0
809,35034,461.05121,1161,2923.582,4.0187755,6,174.75891,1.6277450690163364,1.3110297856737871,4824.5004358615915,1.110724,1.0881833,0.0,True,1.4726387483114354,1.244175839971651
810,3363,345.99261,1161,3895.8086,3.9740274,5,83.005844,1.2217382029746024,0.9821561840364215,2809.869386215116,1.0821357,0.97456765,0.0,True,1.1798574520822216,0.979879623825495
811,14001,464.49814,1161,2901.8867,3.0354531,5,264.57895,1.639906155602748,1.1972380572790542,4434.576224274778,1.2210374,1.3957428,0.0,True,1.5142455289219237,1.256789480095338
812,19653,468.34384,1161,2878.0586,2.0086536,4,34.881721,1.653473882268559,1.241042434909577,4630.087965883686,1.2200226,1.3954525,0.0,True,1.5234384975879913,1.287365454436704
813,23388,472.78561,1161,2851.0195,3.0235984,5,91.94725,1.66914445362289,1.2643802931674948,4756.253428489646,1.2189,1.3951195,0.0,True,1.534071117536023,1.3036020552172465
814,2054,341.12067,1161,3951.4492,3.973541,5,64.877167,1.2045435349221008,0.9209709819109846,2602.245043884093,1.0829098,0.96010602,0.0,True,1.1680534144454704,0.9327114933376892
815,0,333.35855,1161,4043.457,1.9960134,3,97.481804,1.1771480143041815,0.0,231.06653904805154,0.99520117,0.0,0.0,True,1.122563961012927,0.0
816,0,361.88077,1161,3724.7656,2.016449,3,262.6377,1.277810891702701,0.0,250.83663542436202,,,,False,1.277810891702701,0.0
817,28695,462.15405,1161,2916.6055,4.0111585,6,65.793198,1.631635955768243,1.286408180296436,4743.802367999193,1.1104876,1.0452614,0.0,True,1.47529144903777,1.2140641462075052
818,2066,333.70609,1161,4039.2461,4.024581,6,92.314049,1.1783745796879213,0.9192368334020286,2547.6248286429354,0.99520689,0.84167469,0.0,True,1.1234242727815449,0.89596819038142
819,1205,340.41599,1161,3959.6289,4.0243764,6,32.374134,1.2020564759366914,0.8564095391860435,2415.5555157942053,1.082144,0.91061813,0.0,True,1.166082733155684,0.8726721164302305
820,24502,460.96188,1161,2924.1484,4.0164852,6,32.36079,1.6274299944947943,1.2662019989539184,4658.753486690673,1.1095686,1.033828,0.0,True,1.4720715761463559,1.1964897992677428
821,2563,361.91187,1161,3724.4453,4.0010338,6,91.688194,1.277920723672759,0.9545016674381955,2840.904584979505,1.0906752,0.93555337,0.0,True,1.2217470665709311,0.9488171782067369
822,236,339.45255,1161,3970.8672,4.0211849,5,93.831795,1.1986561429747642,0.6597964931032618,1857.576234468,1.0809098,0.8546409,0.0,True,1.163332240082335,0.7182498151722833
823,0,364.26566,1161,3700.3789,1.0139083,2,48.230934,1.2862275318452552,0.0,252.48971520380766,,,,False,1.2862275318452552,0.0
824,0,277.64413,1161,4854.8516,2.0067289,2,57.016357,0.9804914925757565,0.0,192.44824590851894,,,,False,0.9804914925757565,0.0
825,0,276.02243,1161,4883.375,2.0052049,2,51.677948,0.9747668652873016,0.0,191.32416912580484,0.97275716,0.0,0.0,True,0.9741639537011111,0.0
826,0,362.80075,1161,3715.3203,0.99908805,2,8.7902822,1.281057667939712,0.0,251.47431696753355,,,,False,1.281057667939712,0.0
827,11566,430.74405,1161,3129.2852,3.0327854,4,57.927715,1.520813777838873,1.1622946074494305,4030.0404463619043,1.0880815,1.0478313,0.0,True,1.390994094487211,1.1279556152146013
828,1312,280.00681,1161,4813.8867,3.0044217,4,37.754177,0.9888317502367635,0.8467180268780687,2010.6816371929408,0.97186732,0.87470257,0.0,True,0.9837424211657345,0.8551133898146481
829,12,267.98425,1161,5029.8516,4.0374055,4,34.597466,0.9463915180851024,0.3009182294769976,707.2257991839477,0.88611901,0.18970867,0.0,True,0.9283097656595717,0.2675553616338983
830,5004,331.96671,1161,4060.4102,3.0650251,4,63.442604,1.172235554770651,1.0250806754065562,2827.822723415858,0.99243861,0.94699144,0.0,True,1.1182964713394556,1.0016539047845894
831,6704,347.866,1161,3874.8281,2.0228319,4,40.215374,1.228349968496914,1.0662684577224153,3064.963117042887,0.97882795,0.91977757,0.0,True,1.1534933629478397,1.0223211914056907
832,1162,331.43582,1161,4066.9141,2.9915795,4,83.346939,1.1703618109074732,0.8492886324327527,2339.8101575192095,0.99162,0.70311767,0.0,True,1.1167392676352312,0.8054373437029269
833,2112,257.46484,1161,5235.3594,2.9812965,3,28.654417,0.9092562321583183,0.8939835733925476,1971.2376235410004,0.89510304,0.86240435,0.0,True,0.9050102745108228,0.8845098063747834
834,0,211.84839,1161,6362.668,0.97170317,1,14.536206,0.7482089677738024,0.0,146.8421142346637,0.81870943,0.0,0.0,True,0.7693591064416617,0.0
835,38056,461.61554,1161,2920.0078,3.0105801,5,72.688545,1.6297361268176462,1.3215981696318597,4868.5975166487,1.1115407,1.0881069,0.0,True,1.4742774987723524,1.2515507887423019
836,138789,517.01044,1161,2607.1445,1.9956995,4,100.64346,1.8251582748686213,1.5050813736866298,6121.778175109315,1.2266105,1.3811318,0.0,True,1.645593942408035,1.4678965015806409
837,213,280.00406,1161,4813.9336,1.9920673,3,57.537556,0.9888221204924733,0.6327881882052295,1503.8004526661396,0.97186726,0.7709384,0.0,True,0.9837356623447313,0.6742332517436607
838,124,268.01401,1161,5029.293,2.9861114,3,34.512653,0.9464965913340668,0.5664620774515167,1296.1913073725125,0.88683492,0.35713285,0.0,True,0.9285980899338468,0.5036633092160617
839,5704,347.85199,1161,3874.9844,2.0278549,4,17.891335,1.2283004477662978,1.0467171900041898,3008.6670100817214,0.97882766,0.92920601,0.0,True,1.1534586114364083,1.0114638360029329
840,113,321.71631,1161,4189.7812,3.9321289,4,113.91885,1.1360568329527674,0.5678132788148075,1526.5220555374713,0.97739536,0.35285711,0.0,True,1.0884583910669372,0.5033264281703652
841,3517,367.61038,1161,3666.7109,3.008697,5,51.746826,1.2980313260723135,0.99485612610215,3001.881416055,1.0825435,0.89193219,0.0,True,1.2333849782506194,0.9639789452715051
842,5724,347.85794,1161,3874.918,2.9795532,5,56.209465,1.2283214848761184,1.0471428786919084,3009.935612149692,0.97882777,0.94840848,0.0,True,1.153473370413283,1.0175225590843358
843,10824,411.76508,1161,3273.5195,3.0315819,4,57.391788,1.4538462294310723,1.1476398886643573,3825.176504354598,1.0874506,1.0198569,0.0,True,1.3439275406017506,1.10930499206505
844,6065,368.36188,1161,3659.2305,2.9978857,5,95.924507,1.300683383497147,1.061496175855328,3208.660185277537,1.0833546,0.94751519,0.0,True,1.2354847484480027,1.0273018800987295
845,2151,334.56088,1161,4028.9258,4.0269566,5,22.038069,1.1813915489347264,0.9243740628302319,2567.626783581619,0.99051929,0.64938414,0.0,True,1.1241298712543084,0.8418770859811623
846,1020,332.23422,1161,4057.1406,4.1566768,5,22.462818,1.1731797796072772,0.8338621290635745,2302.22259931158,0.9755125,0.64901417,0.0,True,1.113879595725094,0.7784077413445021
847,11077,412.47778,1161,3267.8633,2.7731178,5,11.706121,1.4563610883986957,1.150739646515874,3841.3258346373254,1.0863454,1.0137278,0.0,True,1.345356381879087,1.1096360925611117
848,0,279.94321,1161,4814.9805,1.9998491,2,27.183214,0.988607214520165,0.0,194.04184672840069,0.97097969,0.0,0.0,True,0.9833189571641154,0.0
849,1660,353.94797,1161,3808.2461,5.4072738,5,29.090044,1.2498147231232521,0.8992765672290577,2624.7992064210184,1.0144961,0.84019333,0.0,True,1.1792191361862765,0.8815515960603404
850,3817,374.01749,1161,3603.8984,4.2160096,5,47.407452,1.3206422217838836,1.0069443590011877,3084.8004668629305,1.0459346,0.88700116,0.0,True,1.2382299352487185,0.9709613993008314
851,605,315.90384,1161,4266.8711,4.0293112,4,40.978001,1.1155412199030676,0.7664338111661758,2024.4788538462533,0.97307831,0.8184281,0.0,True,1.0728023469321473,0.7820320978163231
852,25618,433.61719,1161,3108.5508,2.000479,4,83.197868,1.5309512625554778,1.2621217675424792,4401.703848215647,1.0865732,1.0531527,0.0,True,1.3976378437888344,1.1994310472797354
853,0,344.73615,1161,3910.0078,4.7545686,4,111.39169,1.217303726874714,0.0,238.9528904095904,1.0106915,0.0,0.0,True,1.1553200588122998,0.0
854,5,283.73877,1161,4750.5703,3.682761,4,28.794222,1.0020055199400102,0.21162551933275744,552.1301522234712,0.94230676,0.13312738,0.0,True,0.9840958919580072,0.1880760775329302
855,56741,486.37332,1161,2771.3711,3.6992483,6,60.810139,1.7170805863315413,1.3806788980897566,5323.982231822225,1.1314297,1.1520102,0.0,True,1.5413853204320789,1.3120782886628297
856,4186,334.61929,1161,4028.2227,2.6824608,6,94.775749,1.181597650795563,1.0045670388803092,2790.7177083746506,0.97686338,0.82199264,0.0,True,1.120177369556894,0.9497947192162165
857,25971,433.61444,1161,3108.5703,3.009449,5,100.46297,1.5309416651033256,1.2638222599696314,4407.609616867135,1.0865732,1.0468315,0.0,True,1.3976311255723277,1.198725031978742
858,28349,433.74634,1161,3107.625,4.0255642,6,217.32417,1.5314070585691044,1.2747630297927584,4446.948602301822,1.0863907,1.0358155,0.0,True,1.3979021509983731,1.2030787708549309
859,53454,485.9733,1161,2773.6523,4.0060873,6,113.80067,1.715669384995718,1.3730096746647347,5290.603811395722,1.1312176,1.145905,0.0,True,1.5403338494970025,1.3048782722653143
860,64850,462.33548,1161,2915.4609,4.5218792,6,115.19993,1.6322760913446863,1.38865887200841,5122.613792156715,1.0510978,1.0626686,0.0,True,1.4579226039412805,1.290861790405887
861,5311,375.6134,1161,3588.5859,3.4246988,5,109.53286,1.326274264738507,1.0478081921144458,3221.9786635947885,1.0455899,0.89101338,0.0,True,1.242068955316955,1.0007697484801121
862,485,333.96576,1161,4036.1055,4.1565804,4,161.56812,1.179291049850716,0.7449871883524919,2066.6683309460104,0.9503122,0.45485932,0.0,True,1.1105973948955012,0.6579488278467442
863,1098,421.61182,1161,3197.0664,4.3155141,5,170.24023,1.4885910697267648,0.867577676573519,2952.575173658095,1.0563724,0.55593377,0.0,True,1.3589254688087353,0.7740845046014633
864,62425,479.16696,1161,2813.0508,3.0383,5,94.159103,1.6916574558807078,1.390105875935984,5290.843291432185,1.1383862,1.1778305,0.0,True,1.5256760791164956,1.3264232631551887
865,0,341.50519,1161,3947.0,1.0049775,2,48.820595,1.2059006519379465,0.0,236.71335959508843,1.0064648,0.0,0.0,True,1.1460698963565625,0.0
866,2401,343.87933,1161,3919.75,2.0277612,4,50.614277,1.2142797665590492,0.9407229008871439,2676.919440707989,1.0094354,0.89585799,0.0,True,1.1528264565913344,0.9272634276210008
867,26634,433.29376,1161,3110.8711,3.0251648,5,151.84819,1.5298101082640239,1.266839922707957,4415.271631049451,1.085265,1.0226684,0.0,True,1.3964465757848168,1.1935884658955698
868,3586,343.95029,1161,3918.9414,2.9967968,4,108.68906,1.2145301825992478,0.9892111557569713,2815.3535830138735,1.0094372,0.9355523,0.0,True,1.1530022878194734,0.97311349902988
869,54378,479.29276,1161,2812.3125,4.0086374,6,111.5221,1.6921012412455798,1.37277712399241,5226.089255364331,1.1383878,1.1728119,0.0,True,1.525987208871906,1.312787556794687
870,132478,516.96478,1161,2607.375,2.0069084,4,51.02636,1.8249970489113105,1.4991490887334435,6097.179272027998,1.2266101,1.3817132,0.0,True,1.6454809642379173,1.4639183221134104
871,37645,461.06537,1161,2923.4922,4.0518312,6,89.088814,1.6277950337734453,1.3200404772711216,4857.788679865684,1.1111621,1.0900457,0.0,True,1.4728051536414117,1.2510420440897851
872,11112,414.10883,1161,3254.9922,4.6841526,6,16.939135,1.4621163890116011,1.1516905358807576,3857.8216495094284,1.0856528,0.99546039,0.0,True,1.3491773123081208,1.1048214921165302
873,6893,369.34561,1161,3649.4844,3.0084217,5,31.105295,1.3041550100838308,1.0774388957499028,3264.480302478132,1.0845793,0.9677012,0.0,True,1.2382822970586815,1.044517587024932
874,3160,322.69623,1161,4177.0586,3.0711479,5,24.403337,1.139515410122019,0.9664866715006717,2600.596015454924,0.97283173,0.89173561,0.0,True,1.0895103060854134,0.9440613530504702
875,4079,332.77057,1161,4050.6016,3.6807232,5,32.888954,1.1750727420388303,1.0007813815347044,2766.6869093384717,0.9805128,0.80979782,0.0,True,1.1167047594271813,0.9434863130742931
876,210,307.47223,1161,4383.8789,3.9632444,4,86.600342,1.0857804748104083,0.6381612103660764,1647.0015270607962,0.97950107,0.39878905,0.0,True,1.0538966533672858,0.5663495622562535
877,9966,369.34402,1161,3649.5,3.0110583,4,46.171085,1.3041494384507601,1.1223756329435228,3400.6003426046677,1.0845792,0.99694103,0.0,True,1.238278366915532,1.084745252060466
878,237,292.74564,1161,4604.4102,3.8222451,4,14.065628,1.033798873253396,0.6487252437454909,1603.2108274468633,0.92882186,0.5079453,0.0,True,1.0023057692773771,0.6064912606218437
879,264,301.68408,1161,4467.9883,2.441721,3,29.303141,1.0653499192610754,0.6638295880935544,1684.4519470982027,0.94953281,0.5002197,0.0,True,1.0306047864827528,0.6147466216654881
880,154,268.86981,1161,5013.2852,2.7964509,3,13.992838,0.9495176215508044,0.5919203930280638,1357.7538251965416,0.9062987,0.47191626,0.0,True,0.936551945085563,0.5559191531196446
881,3698,329.46436,1161,4091.25,1.9588798,4,25.026146,1.1634035728340442,0.9877940481227574,2706.9082071195126,0.97548246,0.7285096,0.0,True,1.107027238983831,0.9100087136859302
882,4672,347.76926,1161,3875.9062,4.0509791,5,87.06469,1.2280084738777206,1.0225391630200151,2938.5704392057296,0.97882557,0.95779341,0.0,True,1.1532536027144045,1.0031154371140105
883,12265,412.35504,1161,3268.8359,3.0264337,5,53.981735,1.4559280318841281,1.163284634324882,3882.1858034514207,1.0872453,0.99568659,0.0,True,1.3453232123188896,1.1130052210274173
884,124335,516.95935,1161,2607.4023,3.0447021,5,80.254601,1.8249779554892516,1.491083733671319,6064.321360348095,1.2266099,1.3818685,0.0,True,1.645467538842476,1.4583191635699233
885,13965,415.17258,1161,3246.6523,2.0597148,4,69.315796,1.465869916119663,1.180314508006179,3962.5950452159796,1.0881211,0.98990029,0.0,True,1.352545271283764,1.1231902426043252
886,2124,313.60904,1161,4298.0938,2.9450645,4,63.318043,1.107441348024304,0.9157249679186331,2402.8716989295663,0.99027109,0.86902004,0.0,True,1.0722902706170128,0.9017134895430432
887,0,245.57729,1161,5488.7852,1.0264777,1,22.356815,0.8672897410925765,0.0,170.22120617305205,0.89291251,0.0,0.0,True,0.8749765717648036,0.0
888,4298,329.60217,1161,4089.5391,1.3384373,4,51.553337,1.1638900565567003,1.0059176772321745,2757.5738064578277,0.97888839,0.82713002,0.0,True,1.1083895565896902,0.9522813800625222
889,18917,416.86682,1161,3233.457,2.0113819,4,27.818644,1.4718482348870503,1.2184587243284744,4105.271922364796,1.088707,0.99203366,0.0,True,1.356905864420935,1.1505312050299321
890,24905,420.14673,1161,3208.2148,3.1171532,5,76.945274,1.4834215064060357,1.2536978929324423,4253.105084054424,1.0900004,0.99101096,0.0,True,1.365395174484225,1.1748918130527097
891,19240,415.04422,1161,3247.6562,4.143239,6,42.422184,1.4654170722745843,1.2198926447223133,4094.349251298882,1.0956452,1.0608432,0.0,True,1.354485510592209,1.1721778113056194
892,15639,414.61337,1161,3251.0312,3.6396554,6,219.33723,1.4638967110130856,1.194115368772217,4004.191206942751,1.08566,1.0003904,0.0,True,1.35042569770916,1.135997878140552
893,2110,324.66791,1161,4151.6914,2.9854968,4,58.209743,1.1464745971506096,0.9187377678341959,2485.4596808892593,0.97871882,0.86813837,0.0,True,1.0961478640054267,0.9035579484839371
894,0,255.33643,1161,5279.0,0.97401863,1,67.10894,0.9017424113809792,0.0,176.98572654874184,0.88810831,0.0,0.0,True,0.8976521809666854,0.0
895,18727,414.88654,1161,3248.8906,3.9991751,6,45.559692,1.4648606368060957,1.2164937490810288,4081.582587537202,1.0855879,0.99861902,0.0,True,1.351078815764267,1.15113133035672
896,19770,414.90002,1161,3248.7852,4.0320568,6,170.83975,1.4649081318885515,1.223200338559101,4104.200156520141,1.0855881,0.98868346,0.0,True,1.3511121223219862,1.1528452749913707
897,4054,325.53317,1161,4140.6562,3.0312123,5,60.967274,1.1495285740832055,0.9974034117130599,2704.5141282716436,0.9791469,0.90644276,0.0,True,1.0984140718582438,0.970115216199142
898,973,308.70425,1161,4366.3828,2.9988091,3,63.484055,1.090129206282689,0.8209379354830755,2124.6376976562874,0.97771192,0.79688317,0.0,True,1.0564040203978824,0.8137215058381528
899,0,244.2375,1161,5518.8945,2.0140402,2,92.691544,0.8625598033983353,0.0,169.29253451200964,0.88530833,0.0,0.0,True,0.8693843613788347,0.0
900,0,308.32471,1161,4371.7578,3.0311043,3,64.531174,1.0887895243085821,0.0,213.71440343346276,0.97829956,0.0,0.0,True,1.0556425350160075,0.0
901,50336,485.92813,1161,2773.9102,4.0032458,6,124.22205,1.7155099882204228,1.3654139385552708,5260.908449826872,1.1312171,1.1419277,0.0,True,1.540222121754296,1.2983680669886897
902,0,254.25238,1161,5301.5078,2.0085855,2,30.625998,0.8979154654025305,0.0,176.23432034765582,0.88694316,0.0,0.0,True,0.8946237737817713,0.0
903,23429,419.95038,1161,3209.7148,2.0018332,4,91.267067,1.48272868889322,1.2460597569116445,4225.463121313715,1.0925568,1.0419486,0.0,True,1.3656771222252542,1.1848264098381511
904,3821,325.45212,1161,4141.6875,2.985636,4,62.567047,1.1492424741255105,0.9902691946195318,2684.586431717853,0.97962683,0.9471314,0.0,True,1.0983577808878573,0.9773278562336722
905,2739,325.77966,1161,4137.5234,3.6981297,4,15.704161,1.1503985397214933,0.9504279950132292,2578.8972307469685,0.98622841,0.82283336,0.0,True,1.1011475008050453,0.9121496045092604
906,1379,332.56885,1161,4053.0586,3.8322101,4,16.922915,1.1743607538749135,0.8702295982075117,2404.6600727817017,0.97929871,0.80345112,0.0,True,1.1158421407124395,0.8501960547452582
907,21534,419.93045,1161,3209.8672,2.9079254,5,28.692219,1.4826583348473905,1.2356080308853012,4189.848183806954,1.0925565,1.0516911,0.0,True,1.3656277843931732,1.180432951619711
908,2887,345.56607,1161,3900.6172,2.9892473,4,85.336136,1.220232841310429,0.963560844109472,2753.7004892539144,1.0762138,0.74342251,0.0,True,1.1770271289173004,0.8975193438766305
909,19213,419.23151,1161,3215.2188,2.4696631,4,11.818398,1.4801920449125037,1.2212335428091998,4135.067571256467,1.0925468,1.0421453,0.0,True,1.3638984714387528,1.1675070699664398
910,21846,419.94733,1161,3209.7383,1.713015,4,66.643677,1.4827178399008882,1.2373955087541713,4196.056887012679,1.0925567,1.0436575,0.0,True,1.3656694979306219,1.1792741061279197
911,0,309.35352,1161,4357.2188,2.1028545,3,53.261452,1.0924208884635365,0.0,214.42752018429465,0.97772008,0.0,0.0,True,1.0580106459244756,0.0
912,108921,517.13831,1161,2606.5,2.9930065,5,81.363235,1.8256092292516584,1.4743249309464421,5997.975159320644,1.2268026,1.3826518,0.0,True,1.645967240476161,1.4468229916625095
913,3046,345.65955,1161,3899.5625,2.0278492,4,39.954628,1.2205627039174565,0.9700732546749266,2772.964185294935,1.0770044,0.89020044,0.0,True,1.1774952127422196,0.9461114102724486
914,0,266.51224,1161,5057.6328,3.0143104,3,55.519753,0.9411951148911342,0.0,184.7322077407155,0.96491963,0.0,0.0,True,0.9483124694237939,0.0
915,0,218.04031,1161,6181.9805,1.9971514,2,39.708408,0.7700706162483778,0.0,151.13402612491646,0.87780935,0.0,0.0,True,0.8023922363738645,0.0
916,946,267.76236,1161,5034.0195,2.973588,3,54.538559,0.9456082675023301,0.8039466202090936,1835.3381378004299,0.96818125,0.79639632,0.0,True,0.952380162251631,0.8016815301463656
917,0,344.07169,1161,3917.5586,1.0139328,2,44.868244,1.2149586625654611,0.0,238.4923218339955,1.0623826,0.0,0.0,True,1.1691858437958227,0.0
918,77996,461.48035,1161,2920.8633,3.0665748,5,55.008408,1.629259115369149,1.411465234064474,5198.317005066633,1.1315314,1.2036513,0.0,True,1.4799408007584043,1.3491210538451317
919,25056,433.10776,1161,3112.207,3.0719962,5,158.12151,1.5291538662982105,1.2591800645723206,4386.926159958175,1.08483,0.9883762,0.0,True,1.3958567064087473,1.1779389052006244
920,2105,315.73099,1161,4269.207,2.994792,3,52.884354,1.1149311364452603,0.9153887797238323,2416.2957117406063,0.9718402,0.86761814,0.0,True,1.0720038555116822,0.9010575878066825
921,0,248.94078,1161,5414.625,0.98914802,1,49.367199,0.879163995015891,0.0,172.55259978339362,0.88113862,0.0,0.0,True,0.8797563825111238,0.0
922,0,267.18661,1161,5044.8672,1.9874521,2,23.547422,0.9435757839047065,0.0,185.19964540486967,0.95645696,0.0,0.0,True,0.9474401367332946,0.0
923,4184,345.26907,1161,3903.9727,2.9804816,5,53.053871,1.219184577122864,1.0083119188492418,2879.3717210450227,1.063802,0.92556936,0.0,True,1.1725698039860046,0.9834891511944692
924,13864,413.18307,1161,3262.2852,4.0415053,6,111.10156,1.4588497581347828,1.1787173737295873,3940.6075421377104,1.0834891,0.93375593,0.0,True,1.3462415606943479,1.105228940610711
925,78403,461.54391,1161,2920.4609,2.9427705,5,110.55021,1.6294834516016796,1.4121417372998297,5201.435085207927,1.1313505,1.204144,0.0,True,1.4800435661211755,1.3497424161098808
926,6217,342.83353,1161,3931.707,3.0249131,5,47.345516,1.2105888096146844,1.0552832163271408,2994.775813466782,1.0633761,0.95336121,0.0,True,1.166424996730279,1.0247066144289987
927,43056,479.35135,1161,2811.9688,3.4032009,6,125.43153,1.692307915604093,1.343406073986049,5114.824302799734,1.1383885,1.1685346,0.0,True,1.526132090922865,1.2909446317902342
928,3795,345.98499,1161,3895.8945,3.0314589,4,49.933281,1.2217112788719529,0.9967653942314277,2851.5967179221343,1.0787574,0.94939339,0.0,True,1.178825115210367,0.9825537929619994
929,2984,372.55728,1161,3618.0234,3.9809129,5,304.3757,1.315489196700483,0.9764284991125572,2981.087853643873,1.0915691,0.85097623,0.0,True,1.248313167690338,0.93879281837879
930,108611,514.7077,1161,2618.8086,3.0170536,5,97.958519,1.8170352747251177,1.4730814841986617,5968.317009890923,1.2277842,1.3828861,0.0,True,1.6402599523075825,1.4460228689390633
931,42031,473.08896,1161,2849.1914,3.0125146,5,123.34077,1.6702146599147818,1.3381594708459439,5036.604560206167,1.2187505,1.3943055,0.0,True,1.5347754119403472,1.3550032795921607
932,46554,476.05603,1161,2831.4336,2.1485512,4,51.142921,1.680682291091258,1.3520671723224764,5116.845949475196,1.2181319,1.3941507,0.0,True,1.5419171737638804,1.3646922306257334
933,51499,480.62457,1161,2804.5195,3.0084424,5,50.305161,1.6967997815454163,1.366405504282973,5214.467304482404,1.217585,1.3941458,0.0,True,1.5530353470817915,1.3747275929980811
934,2320,341.69626,1161,3944.793,3.0243516,3,69.668449,1.2065749773304428,0.9358574800247017,2648.208942554736,1.0767072,0.82783419,0.0,True,1.16761464413131,0.9034504930172912
935,1660,333.7713,1161,4038.457,2.9862206,4,173.53751,1.178604715878167,0.8929254775741664,2475.173521594464,0.9949618,0.79282075,0.0,True,1.1235118411147167,0.8628940593019165
936,76705,480.25131,1161,2806.6992,3.0476279,5,217.60312,1.6954829746463953,1.4164427864744367,5401.745830584257,1.2167475,1.3918654,0.0,True,1.5518623322524767,1.4090695705321057
937,97651,510.26733,1161,2641.5977,3.0668135,5,103.14292,1.8013715454900536,1.4579651767973452,5862.550986806152,1.2285769,1.3899902,0.0,True,1.6295331518430376,1.4375726837581415
938,8060,363.2843,1161,3710.375,3.0143189,4,103.61753,1.2827641804782521,1.0942974545154525,3267.7121054418785,1.090728,0.94995248,0.0,True,1.2251533263347765,1.0509939621608166
939,24647,420.62149,1161,3204.5938,3.0446618,5,64.785484,1.4850966388393039,1.2525832901502496,4253.53128890371,1.0922517,1.040659,0.0,True,1.3672431571875125,1.1890060031051748
940,23521,420.14368,1161,3208.2383,3.0052087,5,43.528645,1.4834106472728057,1.246616044718661,4229.054501510796,1.0912116,1.0180089,0.0,True,1.365750933090964,1.1780339013030627
941,23750,420.44366,1161,3205.9492,3.5926096,5,172.68385,1.4844691663144014,1.2479261550761123,4236.147308638126,1.0905379,0.97514385,0.0,True,1.366289786420081,1.1660914635532786
942,41131,485.90967,1161,2774.0156,4.0093603,6,86.843666,1.7154448535890614,1.339937529837812,5162.579357993434,1.1312293,1.1322315,0.0,True,1.5401801875123429,1.2776257208864685
943,0,371.6937,1161,3626.4297,1.9986801,3,112.80201,1.312441487981137,0.0,257.6384401868941,1.0910418,0.0,0.0,True,1.2460215815867959,0.0
944,36523,485.81799,1161,2774.5391,4.0082355,6,103.80473,1.7151214166236488,1.3249211867277009,5103.883435032199,1.1312282,1.1310147,0.0,True,1.539953451636554,1.2667492407093905
945,16738,471.27658,1161,2860.1484,4.6036453,5,189.47125,1.6638206720877753,1.2218456147283607,4583.426932418109,1.1368518,1.1528327,0.0,True,1.5057300104614428,1.2011417403098525
946,87858,480.4693,1161,2805.4258,3.0170131,5,88.760445,1.6962520165280774,1.4336202307208525,5469.422236925586,1.2165587,1.3912969,0.0,True,1.5523440215696542,1.4209232315045968
947,91627,480.79199,1161,2803.543,3.0432005,5,66.182091,1.6973903713124165,1.4390316486615222,5493.290369528608,1.2163794,1.390177,0.0,True,1.5530870799186918,1.4243752540630656
948,14813,352.22247,1161,3826.9023,4.0267835,5,116.00289,1.2437250421623323,1.1639558669306682,3382.5316693106856,1.082628,1.0185707,0.0,True,1.1953959295136325,1.1203403168514678
949,0,260.45996,1161,5175.1562,3.9850922,4,77.335434,0.9198296305031227,0.0,180.53708692275615,0.91183442,0.0,0.0,True,0.9174310673521859,0.0
950,33026,454.83249,1161,2963.5547,2.8312788,4,122.95242,1.605804699708608,1.3014230122332635,4732.582529181644,1.1101066,1.04491,0.0,True,1.4570952697960253,1.2244691085632844
951,32065,434.59308,1161,3101.5703,2.3340862,4,92.111397,1.5343946533136212,1.2903902791002266,4509.156461050036,1.1098886,1.044991,0.0,True,1.4070428373195347,1.2167704953701586
952,36,333.43137,1161,4042.5742,3.0769472,4,52.286961,1.1774049477205661,0.4347686013579005,1212.8853367306076,1.0084549,0.55033398,0.0,True,1.1267199334043965,0.4694382149505304
953,65790,461.11774,1161,2923.1602,2.1672273,4,56.683449,1.6279797853474662,1.3900034994055168,5115.757114452324,1.1311647,1.2020224,0.0,True,1.4789352597432264,1.3336091695838617
954,2568,334.52585,1161,4029.3477,3.0070698,4,145.3924,1.1812679106054165,0.9456966521007649,2626.5836294454075,1.0097157,0.88984269,0.0,True,1.1298022474237917,0.9289404634705354
955,12473,363.23343,1161,3710.8945,4.0031128,5,80.470535,1.2825846989465903,1.147395321775304,3425.829528009688,1.0391629,0.92066759,0.0,True,1.2095581592626132,1.0793770022427127
956,15592,355.85223,1161,3787.8672,2.9264693,5,35.843006,1.25653523545705,1.1716222339467892,3435.6257090025315,1.0395545,0.98076582,0.0,True,1.191441014819935,1.1143653097627526
957,64108,465.87656,1161,2893.3008,1.848299,4,21.0163,1.644769232441393,1.388543062270867,5156.487449013458,1.1312648,1.2009565,0.0,True,1.490717902708975,1.3322670935896068
958,6079,345.53632,1161,3900.9531,3.1613925,4,110.97123,1.2201278243653377,1.0535705809970148,3010.6318457494813,1.0734463,1.0189065,0.0,True,1.1761233670557365,1.0431713566979104
959,1414,338.35715,1161,3983.7227,4.1233921,5,116.22787,1.1947900124870583,0.8750603825851546,2454.9811851213385,1.0686573,0.50510103,0.0,True,1.1569501987409407,0.7640725768096082
960,2167,276.93286,1161,4867.3203,4.0112567,4,34.228378,0.9779807819384876,0.9046799287348594,2127.4041875748076,0.97633642,0.87814391,0.0,True,0.9774874733569413,0.8967191231144016
961,0,225.23271,1161,5984.5703,0.99080336,2,11.345399,0.7954640864240666,0.0,156.1194179063758,0.88519979,0.0,0.0,True,0.8223847974968468,0.0
962,87910,509.66141,1161,2644.7383,1.9844899,4,18.499229,1.7992340513993963,1.444412412667572,5802.0321729221305,1.2286683,1.390074,0.0,True,1.6280643259795773,1.4281108888673004
963,4253,376.40747,1161,3581.0156,2.9923801,4,114.79801,1.3290764557382755,1.0209397436147525,3145.2043736350197,1.0912551,0.9393754,0.0,True,1.2577300490167929,0.9964704405303266
964,927,277.88693,1161,4850.6094,3.0117307,3,61.60442,0.9813486481114575,0.8050721077049503,1899.1094967151494,0.97644866,0.76218688,0.0,True,0.9798786516780202,0.7922065393934652
965,23,224.6301,1161,6000.625,2.0214493,3,47.153027,0.7933365276862957,0.365288558476493,723.0563984277263,0.88413572,0.29498416,0.0,True,0.8205762853804071,0.3441972389335451
966,81786,505.96078,1161,2664.082,2.0137267,4,74.991089,1.7861797478483226,1.433926482402454,5723.370568995281,1.2291117,1.3902917,0.0,True,1.6190593334938257,1.4208360476817177
967,5022,376.80286,1161,3577.2578,2.9862328,5,99.097748,1.3304718298030813,1.0413765966737518,3211.107080497865,1.0903593,0.93954104,0.0,True,1.258438070862157,1.0108259296716262
968,14596,364.83374,1161,3694.6172,1.9931872,4,21.55191,1.2882322991147017,1.1671397716476775,3498.25932412908,1.0905683,0.98710835,0.0,True,1.2289330993802912,1.1131303451533743
969,17509,365.14374,1161,3691.4805,3.0230358,4,56.777008,1.2893263344704138,1.1894106957162123,3567.6677786841424,1.090655,0.9892295,0.0,True,1.2297249341292895,1.1293563370013486
970,5444,377.14014,1161,3574.0586,3.2726831,5,14.600212,1.331662091472145,1.0513495121120497,3244.3995993124936,1.0894803,0.93873608,0.0,True,1.2590075540305015,1.0175654824784348
971,3321,362.07138,1161,3722.8047,3.0369658,5,122.6002,1.2784835872073912,0.9860494573560699,2935.9004166732584,1.0905892,0.93259799,0.0,True,1.2221152710451737,0.9700140171492488
972,4242,364.71228,1161,3695.8477,2.0043447,4,149.90198,1.2878036254719065,1.016705569527291,3046.5370470041607,1.0907487,0.96715194,0.0,True,1.2286871478303345,1.0018394806691038
973,20482,460.4194,1161,2927.5938,3.9933813,6,93.47673,1.6255160270010645,1.2435675646023967,4570.767262684783,1.1092448,1.0273188,0.0,True,1.470634658900745,1.1786929352216777
974,0,279.16388,1161,4828.4219,1.9982839,2,62.551483,0.9858562612311258,0.0,193.5016563361749,0.97714913,0.0,0.0,True,0.9832441218617881,0.0
975,6380,365.11978,1161,3691.7227,2.0337355,4,44.515224,1.2892417924342159,1.066517575720316,3198.9008554406623,1.0906154,0.97242326,0.0,True,1.229653874703951,1.0382892810042212
976,10540,365.12326,1161,3691.6875,2.9891679,5,46.825592,1.2892540786146502,1.1276227566477262,3382.1815059429573,1.0906155,0.98048532,0.0,True,1.2296625050302552,1.0834815256534083
977,11392,364.83182,1161,3694.6367,3.0147576,5,149.1772,1.2882255036051964,1.1369742814170096,3407.836452876885,1.0905682,0.98076773,0.0,True,1.2289283125236374,1.0901123159919066
978,16410,460.42004,1161,2927.5898,4.0234814,6,88.785812,1.6255182464462945,1.2158032061292314,4468.730115451773,1.1092303,1.0176318,0.0,True,1.470631862512406,1.156351784290462
979,4248,363.24109,1161,3710.8164,3.0358844,5,200.45166,1.2826116784290629,1.016377939039064,3034.760985494208,1.0874488,0.97425693,0.0,True,1.224062814900344,1.0037416363273448
980,5622,362.69855,1161,3716.3672,2.976418,5,169.50812,1.2806969883186767,1.0502732340806118,3131.828871369276,1.0870526,0.99480247,0.0,True,1.2226036718230737,1.0336320048564283
981,95444,480.97226,1161,2802.4922,1.9843807,4,152.18033,1.6980263573216394,1.4442401651403192,5514.979882646647,1.2161795,1.3901397,0.0,True,1.5534723001251476,1.4280100255982233
982,25762,485.94662,1161,2773.8047,5.1241302,7,115.10492,1.7155751896028386,1.280946235185418,4935.6302891346195,1.1316128,1.0508524,0.0,True,1.5403864727219871,1.2119180846297926
983,3241,376.87817,1161,3576.543,4.381443,5,60.725941,1.3307375863592952,0.9878962689353498,3046.778893400088,1.0861826,0.79948729,0.0,True,1.2573710904515065,0.9313735752547448
984,3174,345.02292,1161,3906.7578,2.9368141,3,112.75435,1.2183158737803992,0.9748323069001553,2782.050161336313,1.0763278,0.79953057,0.0,True,1.1757194516462794,0.9222417858301086
985,88988,480.44925,1161,2805.543,3.1500692,5,96.948799,1.6961812070208544,1.435222121059783,5475.333834236257,1.2154423,1.3869373,0.0,True,1.551959534914598,1.4207366747418482
986,6691,377.23087,1161,3573.1992,2.2142959,4,24.139133,1.3319821940279442,1.0765837137955374,3322.9578828212652,1.0894818,0.93390751,0.0,True,1.2592320758195608,1.0337808526568761
987,796,303.73892,1161,4437.7617,2.8249285,3,24.502016,1.0726029900440266,0.7954742025895091,2029.6164487121198,0.97443932,0.75760728,0.0,True,1.0431538890308185,0.7841141258126563
988,0,251.00658,1161,5370.0625,1.8021092,2,15.267879,0.8864568635422524,0.0,173.98450322899436,0.89914757,0.0,0.0,True,0.8902640754795768,0.0
989,168,293.73245,1161,4588.9414,2.9935858,3,15.135306,1.0372821736524347,0.6083803749318126,1508.550657620944,0.97321647,0.72893769,0.0,True,1.0180624625567043,0.6445475694522689
990,8997,378.14612,1161,3564.5508,3.2131531,6,50.217438,1.3352120694602054,1.1131007761326894,3442.9707867749803,1.0888892,0.94453561,0.0,True,1.2613152086221437,1.0625312262928825
991,14898,432.06384,1161,3119.7266,4.4295659,6,14.532941,1.5254704478294003,1.1941956108378957,4151.751770512139,1.1000888,1.0184213,0.0,True,1.3978559534805801,1.141463317586527
992,1602,395.1933,1161,3410.7891,4.5182157,5,13.383213,1.395369457345885,0.9070814683298932,2916.627639872355,1.0871282,0.79100019,0.0,True,1.3028970801421194,0.8722570848309252
993,722,309.35046,1161,4357.2617,2.3088968,3,19.376354,1.0924101378228683,0.7855827540668431,2037.0082462385617,0.99947757,0.71621209,0.0,True,1.0645303674760078,0.7647715548467902
994,12482,400.24609,1161,3367.7305,3.6934853,5,49.264359,1.4131995643280526,1.1611789739757798,3775.202412217981,1.0881786,1.0104949,0.0,True,1.3156932750296368,1.115973751783046
995,0,278.31726,1161,4843.1094,1.997108,2,53.262882,0.9828677293649862,0.0,192.91482407016923,0.97683299,0.0,0.0,True,0.9810573075554904,0.0
996,15136,351.2673,1161,3837.3086,4.0081844,6,42.759575,1.240353972718669,1.166186618586613,3380.934912393655,1.0805044,1.0150132,0.0,True,1.192399100903068,1.1208345930106292
997,144,296.93134,1161,4539.5039,6.5118694,7,99.702637,1.048573727857627,0.5909744277435456,1479.7889922167292,1.0427331,0.4284853,0.0,True,1.0468215395003388,0.5422276894204819
998,62798,505.13199,1161,2668.4531,2.0519733,4,26.671984,1.7832560603677896,1.4001477063580687,5580.551915279847,1.2292,1.3903313,0.0,True,1.6170392422574529,1.397202784450648
999,0,339.96658,1161,3964.8633,1.6468307,2,53.010086,1.2004703248793451,0.0,235.6468764116071,1.0163819,0.0,0.0,True,1.1452437974155416,0.0
1000,9547,368.27145,1161,3660.1289,2.548605,5,36.803368,1.3003642975273073,1.116744518502318,3374.9101713109694,1.0896868,1.031711,0.0,True,1.237161048269115,1.0912344629516226
1001,13950,373.10999,1161,3612.6641,3.4333262,6,38.635342,1.3174396134077717,1.164807831643018,3560.7297246757826,1.087698,1.0323781,0.0,True,1.2485171293854402,1.1250789121501126
1002,33216,371.10168,1161,3632.2148,5.8916941,7,116.70099,1.3103522869652477,1.269855978647398,3863.482877481391,1.091776,0.96523267,0.0,True,1.2447794008756734,1.1784689860531787
1003,7246,343.87317,1161,3919.8203,6.4260111,7,83.84919,1.2142580001697048,1.0741763036834695,3056.510085590732,1.1115544,1.0348142,0.0,True,1.1834469201187934,1.0623676725784286
1004,13524,350.72531,1161,3843.2383,4.4203529,6,33.271477,1.2384412363995623,1.152327914406844,3336.2285797342593,1.0799417,1.0052427,0.0,True,1.1908913754796937,1.1082023500847908
1005,89983,480.87708,1161,2803.0469,3.0036664,5,28.49408,1.6976905714136015,1.4367833257768081,5485.556369876105,1.2144611,1.3855554,0.0,True,1.552721729989521,1.4214149480437657
1006,22018,433.33347,1161,3110.5859,4.2202959,5,138.23244,1.5299502816943786,1.243193043866575,4333.207477746433,1.0921942,1.1314842,0.0,True,1.398623457186065,1.2096803907066027
1007,60823,465.0459,1161,2898.4688,3.0751243,5,106.37633,1.6418386139864531,1.3816352565885028,5122.832241166147,1.1308968,1.2004526,0.0,True,1.4885560697905171,1.327280459611952
1008,34069,420.8544,1161,3202.8203,2.1350889,4,66.555367,1.4859184692829583,1.292769756636622,4392.121472725614,1.11994,1.110171,0.0,True,1.3761249284980708,1.2379901296456355
1009,89767,480.41113,1161,2805.7656,3.0057333,5,185.18767,1.696046733567414,1.4363054342999388,5479.086527480093,1.2138363,1.3852122,0.0,True,1.55138360349719,1.4209774640099573
1010,75477,475.37854,1161,2835.4688,3.2089777,5,76.407631,1.6782921717070336,1.412598189728685,5339.2662452098175,1.2109802,1.3813205,0.0,True,1.5380985801949236,1.4032148828100794
1011,53036,452.41797,1161,2979.3711,3.6342146,5,87.15062,1.5972857838807626,1.3597625780125422,4921.748287328974,1.2047081,1.3779484,0.0,True,1.479512478716534,1.3652183246087795
1012,15605,333.98224,1161,4035.9062,4.1840119,6,80.947617,1.1793492564297188,1.1627800608310295,3224.7571054885775,1.0671809,0.98368388,0.0,True,1.145698749500803,1.1090512065817206
1013,50721,464.19385,1161,2903.7891,3.9983096,6,93.615707,1.6388325203996914,1.3585430496479323,5029.138714349384,1.1307664,1.1984535,0.0,True,1.4864126842797838,1.3105161847535525
1014,6039,349.87683,1161,3852.5586,4.1242914,6,177.7626,1.23544669278162,1.054362767434464,3046.1413360179995,1.0961436,1.1487527,0.0,True,1.193655764947134,1.0826797472041247
1015,0,276.81534,1161,4869.3867,1.9921699,2,28.448702,0.9775659309705286,0.0,191.87377245674264,0.97409779,0.0,0.0,True,0.97652548867937,0.0
1016,27235,505.47162,1161,2666.6602,1.9753069,4,61.238937,1.7844541146538444,1.2943821086227683,5162.043808969719,1.2292041,1.3901622,0.0,True,1.617879110257691,1.3231161360359378
1017,29514,367.09338,1161,3671.875,5.421248,7,79.944359,1.2962067774496822,1.2537836341364852,3778.3775421052133,1.1051781,1.0733944,0.0,True,1.2388981742147775,1.1996668638955397
1018,28296,366.47388,1161,3678.082,2.7341647,5,24.253868,1.2940205339182527,1.2483934353676065,3756.557514903314,1.1036181,1.0657356,0.0,True,1.236899803742777,1.1935960847573246
1019,6583,343.68924,1161,3921.918,3.729425,5,38.214279,1.213608866062683,1.0625124721062902,3021.9046945589175,1.0769551,0.96680474,0.0,True,1.172612736243878,1.0338001524744032
1020,8664,363.36771,1161,3709.5234,3.003108,4,57.467052,1.2830585075936611,1.103118621578211,3294.7141109953386,1.087871,1.0159121,0.0,True,1.2245022553155627,1.0769566651047477
1021,0,307.68167,1161,4380.8945,4.104641,5,34.34605,1.0865198043217674,0.0,213.2686820704755,1.0088879,0.0,0.0,True,1.0632302330252372,0.0
1022,5633,355.61386,1161,3790.4062,5.7673512,8,145.71808,1.255693990401912,1.0479983470889223,3071.348868242741,1.1213592,1.108021,0.0,True,1.2153935532813382,1.0660051429622457
1023,15184,503.76843,1161,2675.6758,3.2081752,5,22.176128,1.778445947228918,1.2198110248260101,4850.347545919944,1.2293947,1.3904021,0.0,True,1.6137305730602425,1.270988347378207
1024,0,279.55582,1161,4821.6523,2.0202289,2,73.540703,0.9872398295588078,0.0,193.77332844212356,0.99000609,0.0,0.0,True,0.9880697076911655,0.0
1025,2,324.26062,1161,4156.9062,3.8721685,4,19.669897,1.1450370471214164,0.13183482771494354,449.52066903923964,1.0050834,0.082019717,0.0,True,1.1030509529849915,0.11689029450046047
1026,2522,315.42419,1161,4273.3594,3.3456793,5,50.867558,1.1138482707448993,0.9368900400585473,2470.9070053321225,1.0625257,0.90115064,0.0,True,1.0984514995214296,0.9261682200409831
1027,126,300.47803,1161,4485.9219,3.0113478,4,14.221635,1.061092813246806,0.5760465207743668,1457.9284952029466,1.0019377,0.74432397,0.0,True,1.0433462792727641,0.6265297555420568
1028,0,312.78748,1161,4309.3828,1.3220687,2,29.203392,1.1045416042627787,0.0,216.8077598764503,1.0592202,0.0,0.0,True,1.0909451829839452,0.0
1029,616,334.66992,1161,4027.6133,4.6520782,5,36.153042,1.181776344271782,0.7739245311013286,2150.7523779382886,1.014846,0.51303869,0.0,True,1.1316972409902473,0.6956587787709301
1030,4228,340.36127,1161,3960.2656,2.0639219,4,87.107498,1.2018633164073986,1.0078332659379952,2842.0020615573803,1.0726089,0.92627621,0.0,True,1.1630869914851791,0.9833661491565966
1031,0,339.19763,1161,3973.8516,1.0280052,2,30.788271,1.1977563937504485,0.0,235.11388088711553,1.0711659,0.0,0.0,True,1.159779245625314,0.0
1032,32405,419.93967,1161,3209.7969,2.7800324,5,81.364021,1.4826907873604807,1.2862205775633881,4361.547890481209,1.1197516,1.1113259,0.0,True,1.3738090311523363,1.2337521742943718
1033,0,263.30338,1161,5119.2695,2.0132892,2,38.576252,0.9298674234001844,0.0,182.5079954789039,0.96201795,0.0,0.0,True,0.939512581380129,0.0
1034,27676,351.2301,1161,3837.7148,4.1413765,6,57.12122,1.240222756779475,1.2392880452040758,3592.519549892298,1.0824459,1.0522187,0.0,True,1.1928896997456326,1.183167241642853
1035,12671,457.93866,1161,2943.4531,2.7894096,5,56.796871,1.61676370759492,1.1826148551482996,4326.251400459188,1.1074831,0.99669826,0.0,True,1.463979525316444,1.1268398766038097
1036,10098,441.71277,1161,3051.5781,2.9613209,4,31.165874,1.5595152698085406,1.1490199155284482,4072.7201465519993,1.0943321,0.97859043,0.0,True,1.4199603188659784,1.0978910698699138
1037,0,361.10065,1161,3732.8125,3.3484364,3,35.989052,1.2750577638108878,0.0,250.2958974458636,1.0260731,0.0,0.0,True,1.2003623646676214,0.0
1038,0,311.2041,1161,4331.3086,3.1411824,3,38.389568,1.0989528127544275,0.0,215.71024449369526,0.96877503,0.0,0.0,True,1.0598994779280992,0.0
1039,8007,407.08755,1161,3311.1328,2.2813647,4,26.349775,1.4373410188999822,1.1088391753229139,3659.033651167777,1.0591315,0.962951,0.0,True,1.3238781632299874,1.0650727227260397
1040,5198,389.45163,1161,3461.0742,2.7444983,4,103.80364,1.3751081840819208,1.0498172872131597,3332.3093420892637,1.0770248,1.0135888,0.0,True,1.2856831688573447,1.0389487410492118
1041,4246,355.81003,1161,3788.3164,2.4930012,4,51.628372,1.256386320282642,1.0137734349021248,2972.5094203493036,1.0366576,1.030629,0.0,True,1.1904677041978493,1.0188301044314874
1042,0,254.76692,1161,5290.8008,2.1172433,2,61.47683,0.8997318913840383,0.0,176.59097229794114,0.92358142,0.0,0.0,True,0.9068867499688269,0.0
1043,4268,316.27969,1161,4261.8008,3.0672445,4,152.15295,1.1168677660792574,1.0001177453836898,2643.8986695116837,1.0018668,0.92872179,0.0,True,1.08236747625548,0.9786989587685828
1044,0,343.54691,1161,3923.543,0.93787479,2,3.0768073,1.2131064860333847,0.0,238.12857205658128,,,,False,1.2131064860333847,0.0
1045,7239,323.39331,1161,4168.0547,2.9912891,4,52.581966,1.1419758293585336,1.0661537057099548,2874.1627633228877,0.95011371,0.870193,0.0,True,1.0844171935509737,1.0073654939969683
1046,26392,438.76855,1161,3072.0547,3.0332851,5,44.16003,1.5491271754217486,1.2676821395755915,4467.055216411985,1.0536695,1.0928698,0.0,True,1.400489872795224,1.215238437702914
1047,0,252.66623,1161,5334.7891,2.0006902,2,81.666901,0.8923158823163821,0.0,175.13488494721068,,,,False,0.8923158823163821,0.0
1048,15335,438.04669,1161,3077.1172,3.0114117,5,58.535286,1.5465801933433878,1.199837013187627,4221.9042873457265,1.0546854,1.1227926,0.0,True,1.3990117553403714,1.1767236892313389
1049,4244,435.453,1161,3095.4453,2.061995,4,65.535988,1.5374288206164453,1.0391659202795924,3637.657940271438,1.0528569,1.1143317,0.0,True,1.3920572444315116,1.0617156541957147
1050,62168,427.13544,1161,3155.7227,3.0270138,5,57.62384,1.508081021333175,1.369783719735364,4714.5620270970985,1.1648782,1.2740135,0.0,True,1.4051201749332223,1.3410526538147547
1051,0,432.92572,1161,3113.5156,1.0114787,2,5.943985,1.5285115807165115,0.0,300.08124220988435,,,,False,1.5285115807165115,0.0
1052,0,312.55743,1161,4312.5547,2.0060649,2,42.847874,1.1037295863934582,0.0,216.64830136756245,1.0360397,0.0,0.0,True,1.0834226204754207,0.0
1053,0,315.15256,1161,4277.043,2.0160487,2,25.155241,1.1128894181486262,0.0,218.44710841024897,0.94431895,0.98537117,5.177672128027967,True,1.0623182777040383,0.295611351
1054,47400,441.37885,1161,3053.8867,2.0127258,4,105.96428,1.558337118487721,1.3415818488431146,4752.06994619434,1.054197,1.11291,0.0,True,1.4070950829414048,1.2729802941901802
1055,33324,432.46399,1161,3116.8398,3.9228461,6,182.75771,1.5268824241959946,1.2943900738188208,4503.7202767882245,1.0916529,1.1241677,0.0,True,1.396313566937196,1.2433233616731745
1056,18335,430.32559,1161,3132.3281,4.1413202,6,76.817245,1.5193373260773022,1.2193820141682863,4224.366958475625,1.079127,0.95610392,0.0,True,1.3872742282541113,1.1403985859178003
1057,9591,420.3187,1161,3206.9023,3.1111186,5,135.5282,1.4840282530580475,1.1355820521927635,3853.8134498602512,1.0686314,0.9262169,0.0,True,1.359409197140633,1.0727725065349345
1058,0,310.38254,1161,4342.7734,2.0361791,2,37.040047,1.0960529436363589,0.0,215.14078249603443,0.96101612,0.0,0.0,True,1.0555418965454513,0.0
1059,6536,415.81345,1161,3241.6484,1.5730653,3,101.57846,1.4681312791185848,1.0866409336591447,3653.0819064423513,1.0647357,0.83325952,0.0,True,1.3471126053830091,1.0106265095614013
1060,5326,364.00784,1161,3703.0,1.0219771,2,55.079624,1.2853175909589611,1.0441528321654068,3123.4534341808658,1.0229553,0.77365434,0.0,True,1.2066089036712728,0.9630032845157848
1061,4504,349.20657,1161,3859.9531,2.5336094,3,82.301765,1.2330811771129355,1.0186163534188675,2937.9325347453178,1.0454652,0.77198118,0.0,True,1.1767963839790547,0.9446258013932073
1062,0,279.2764,1161,4826.4766,2.0158818,2,110.61877,0.9862534436851058,0.0,193.57964925693153,0.93328851,0.0,0.0,True,0.970363963579574,0.0
1063,0,279.58051,1161,4821.2266,1.9797895,2,73.879318,0.9873269637596855,0.0,193.7904422460116,0.9344908,0.0,0.0,True,0.9714761146317799,0.0
1064,12733,355.66333,1161,3789.8789,1.937407,4,100.64509,1.2558686076453947,1.1469685466117157,3361.7687002517655,1.0395471,0.98354673,0.0,True,1.1909721553517763,1.0979420016282009
1065,9660,354.75433,1161,3799.5898,2.3593194,4,37.149578,1.2526605775570396,1.113109947858176,3255.2101034185584,1.0403707,0.98009902,0.0,True,1.1889736142899276,1.0732066695007232
1066,9246,412.28409,1161,3269.3984,4.0293732,5,199.1913,1.4556776926047745,1.1283504588657691,3765.0453435262616,1.0811734,0.85324031,0.0,True,1.3433264048233422,1.0458174142060384
1067,2100,265.57117,1161,5075.5547,2.9734941,3,50.955704,0.9378730424121184,0.8965620717629521,2031.7906247792218,0.95512128,0.86656123,0.0,True,0.9430475136884829,0.8875618192340664
1068,0,216.83147,1161,6216.4453,0.98346198,1,33.611168,0.7658026154066114,0.0,150.29612208716836,0.86768776,0.0,0.0,True,0.7963681587846281,0.0
1069,5285,342.81308,1161,3931.9414,2.0104537,4,80.729774,1.2105166778800902,1.0356581615769447,2938.938679559344,1.0641174,0.99638927,0.0,True,1.1665968945160632,1.0238774941038613
1070,72005,461.50937,1161,2920.6797,1.9824734,4,73.624428,1.629361463900047,1.4014619386988236,5161.760139990204,1.1313502,1.2039781,0.0,True,1.4799580847300329,1.3422167870891766
1071,22870,431.2377,1161,3125.7031,4.0976019,6,282.43167,1.522555537481467,1.247161873351067,4328.6211782129985,1.0918046,1.1247917,0.0,True,1.3933302562370269,1.210450821345747
1072,753,332.34045,1161,4055.8438,2.9996829,4,53.092136,1.1735547027470479,0.7974086801026544,2202.326358808408,1.0096548,0.61207157,0.0,True,1.1243847319229334,0.7418075470718581
1073,0,331.64096,1161,4064.3984,2.0005035,2,11.661752,1.1710858617549502,0.0,229.8759963821936,1.0099478,0.0,0.0,True,1.1227444432284652,0.0
1074,69677,461.50195,1161,2920.7266,2.0250893,4,54.577129,1.6293353180906318,1.3973410403116073,5146.510186763379,1.13135,1.2034541,0.0,True,1.4799397226634423,1.3391749582181252
1075,5256,342.60446,1161,3934.3359,2.095753,4,78.428596,1.209780312321149,1.0349175078457784,2935.2657684890787,1.0644573,1.0078195,0.0,True,1.1661834086248044,1.026788105492045
1076,3542,332.34207,1161,4055.8242,2.9933546,4,144.79956,1.1735603712213434,0.9836412025178756,2716.2354974720924,1.0096549,0.90237069,0.0,True,1.1243887298549404,0.9592600487625129
1077,0,4.031496,2,0.9921875,0.99246478,1,26.685646,0.7677983782747805,0.0,2.794420085838697,0.85938776,0.85975575,1.2336996463999912,True,0.7952751927923463,0.257926725
1078,0,4.031496,2,0.9921875,0.99246478,1,50.574177,0.7677983782747805,0.0,2.794420085838697,0.78742808,0.0,0.0,True,0.7736872887923463,0.0
1079,62402,427.20102,1161,3155.2383,2.0059624,4,183.67189,1.5083123990048364,1.3702760327220522,4716.890786771591,1.1650194,1.2741674,0.0,True,1.4053244993033855,1.3414434429054367
1080,57999,427.36768,1161,3154.0078,1.9126912,4,130.77586,1.50890047689456,1.3612611475433927,4687.460825120544,1.1653049,1.2742667,0.0,True,1.4058218038261918,1.3351628132803748
1081,0,386.72372,1161,3485.4883,0.69344211,2,20.433033,1.365481763624254,0.0,268.0564561736537,,,,False,1.365481763624254,0.0
1082,9389,354.78497,1161,3799.2617,1.6769907,4,74.991554,1.2527686990093188,1.1096701063232106,3245.398018851923,1.0403712,0.99838805,0.0,True,1.1890494493065231,1.0762854894262475
1083,7184,353.65668,1161,3811.3828,3.2404096,4,120.50307,1.2487866873745146,1.0767857913326273,3140.4324047327045,1.0414244,1.0019935,0.0,True,1.1865780011621603,1.0543481039328393
1084,51338,427.40262,1161,3153.75,1.9391366,4,10.948733,1.509023742217524,1.346134346447241,4635.705176331991,1.1676251,1.2744911,0.0,True,1.4066041495522668,1.3246413725130688
1085,0,271.00189,1161,4973.8438,1.9980953,2,78.577179,0.9570440443695101,0.0,187.84419597991644,0.94480729,0.0,0.0,True,0.953373018058657,0.0
1086,49797,432.93497,1161,3113.4492,3.3449945,4,63.960354,1.5285441580953882,1.3444959815545972,4682.516480783736,1.1362842,1.1791559,0.0,True,1.4108661706667718,1.294893957088218
1087,745,353.39011,1161,3814.2578,3.3689427,4,60.562603,1.2478459066635779,0.8020486163098652,2338.0520035412565,1.1435658,1.2465576,0.0,True,1.2165618746645046,0.9354013114169057
1088,1622,393.85004,1161,3422.4219,3.2860627,4,62.832245,1.3906293714868927,0.9082258016476381,2911.594521742112,1.1909035,1.3702151,0.0,True,1.330711610040825,1.0468225911533466
1089,53501,453.68494,1161,2971.0508,2.5184822,5,278.28064,1.6017559049118673,1.3613290394053608,4939.491611213063,1.2047374,1.3776103,0.0,True,1.482650353438307,1.3662134175837526
1090,0,343.63516,1161,3922.5352,2.0173161,3,323.79337,1.2134180053992003,0.0,238.1897422952657,,,,False,1.2134180053992003,0.0
1091,4218,266.0975,1161,5065.5156,2.8580575,4,168.27676,0.9397310339810204,0.9784955935960715,2221.272938334681,0.97431535,0.9813605,0.0,True,0.9501063287867143,0.97935506551725
1092,0,264.6745,1161,5092.75,1.0589004,2,21.15086,0.934707625399274,0.0,183.45838344111326,,,,False,0.934707625399274,0.0
1093,0,252.33789,1161,5341.7305,2.0209186,2,117.73325,0.8911567816720831,0.0,174.9072970019456,0.9451341,0.0,0.0,True,0.9073499771704582,0.0
1094,0,218.93649,1161,6156.6758,1.9748291,2,36.351082,0.7732346740029652,0.0,151.75521076519064,,,,False,0.7732346740029652,0.0
1095,0,309.1199,1161,4360.5117,1.0186887,2,29.325983,1.0915963101034092,0.0,214.2655871399722,,,,False,1.0915963101034092,0.0
1096,4264,417.22723,1161,3230.6641,2.0166678,4,75.066086,1.473119856313853,1.0342548664771436,3487.3653883764673,1.1605355,1.2429498,0.0,True,1.3793445494196972,1.0968633465340005
1097,7593,420.13959,1161,3208.2695,2.8229737,5,67.671646,1.4833962302862582,1.1065948943966981,3754.050345220031,1.1608701,1.2428343,0.0,True,1.3866383912003806,1.1474667160776888
1098,30005,351.67004,1161,3832.9141,3.5586913,5,80.294243,1.2417753176017556,1.2492667179968164,3625.4318412978,1.0833296,1.0607499,0.0,True,1.1942416023212288,1.1927116725977716
1099,12212,400.71832,1161,3363.7617,3.0233889,5,125.62517,1.4148659646649824,1.1586550281320884,3770.8948795871247,1.0881716,1.0476156,0.0,True,1.3168576552654876,1.125343199692462
1100,830,279.68475,1161,4819.4297,3.9384279,4,81.490425,0.9876949309253542,0.7926663724034042,1880.5533952529695,0.98469859,0.70515919,0.0,True,0.986796028647748,0.7664142176823829
1101,0,331.14035,1161,4070.543,3.2302291,3,83.634995,1.1693189426122574,0.0,229.52899997213348,1.0564675,0.0,0.0,True,1.1354635098285804,0.0
1102,21062,366.58795,1161,3676.9375,3.9269972,6,90.989059,1.2944230975663358,1.212482806577324,3649.500607436725,1.0983057,1.0232204,0.0,True,1.2355878782964351,1.1557040846041269
1103,18945,363.32217,1161,3709.9883,1.1940056,5,19.548353,1.2828978136873306,1.1982769635354258,3578.5057033311937,1.094331,1.0091701,0.0,True,1.2263277695811314,1.141544904474798
1104,4254,505.41681,1161,2666.9492,2.8578601,5,231.79749,1.7842608898299566,1.0590679670252512,4223.305840467628,1.229676,1.3924773,0.0,True,1.6178854228809696,1.159090766917676
1105,4238,289.35361,1161,4658.3867,0.92370242,3,115.97511,1.0218254366108612,0.9887552007741682,2416.7735237991533,1.0095472,0.91828018,0.0,True,1.0181419656276027,0.9676126945419177
1106,6351,329.20911,1161,4094.4219,3.9873831,4,137.05661,1.1625027379389197,1.0527056725143231,2882.7796264578,1.053757,0.93537325,0.0,True,1.1298790165572439,1.0175059457600262
1107,0,197.51364,1161,6824.4453,0.38149589,1,45.400719,0.6975961082560715,0.0,136.90602268813203,0.83247292,0.0,0.0,True,0.7380591517792501,0.0
1108,2116,211.09775,1161,6385.293,2.64399,3,47.273712,0.7455586700818252,0.8739512583607608,1616.6345997607275,0.8616004,0.85987389,0.0,True,0.7803711890572775,0.8697280478525327
1109,0,293.49411,1161,4592.668,0.1822578,1,100.62664,1.0364408646071819,0.0,203.43461485745044,,,,False,1.0364408646071819,0.0
1110,2121,307.43497,1161,4384.4102,0.40875489,2,51.911243,1.085648960624556,0.9133869234890513,2355.1318616011768,1.0395569,0.8892951,0.0,True,1.0718213424371892,0.9061593764423359
1111,4238,326.98456,1161,4122.2773,0.44618094,2,50.621689,1.1546511856763249,1.0032666083795707,2731.0792054715184,1.0576652,0.90399987,0.0,True,1.1255553899734274,0.9734865868656994
1112,6351,348.33411,1161,3869.6211,3.717715,4,86.037292,1.2300019943849752,1.0598955357065563,3050.2511777645227,1.0792656,0.91894692,0.0,True,1.1847810760694826,1.0176109509945894
1113,27229,372.64902,1161,3617.1328,4.173018,7,209.31854,1.3158129136634475,1.246246411709129,3805.533271502336,1.1132358,1.1193119,0.0,True,1.2550397795644133,1.2081660581963902
1114,11742,330.20651,1161,4082.0547,2.9324112,5,58.116814,1.1660229904616486,1.126988661482892,3094.3974831784467,1.0678345,1.0319237,0.0,True,1.136566443323154,1.0984691730380245
1115,25626,461.81943,1161,2918.7188,2.9839146,5,79.21347,1.6304553778004753,1.272117064993789,4688.132595972475,1.1388928,1.1989808,0.0,True,1.4829866044603328,1.2501761854956523
1116,2136,327.9158,1161,4110.5703,2.5669112,3,66.953789,1.1579380599288358,0.9213068141300587,2514.3357439229653,1.0115925,0.87019402,0.0,True,1.114034391950185,0.9059729758910411
1117,0,283.02756,1161,4762.5078,0.56447798,1,39.983559,0.9994949897034382,0.0,196.17975523476073,0.95344651,0.0,0.0,True,0.9856804457924067,0.0
1118,4291,323.62109,1161,4165.1211,2.2116668,4,79.210655,1.1427797657483365,1.0035137001538335,2707.0066220665967,1.0552877,0.92941809,0.0,True,1.1165321460238355,0.9812850171076833
1119,19482,461.8392,1161,2918.5938,2.1440883,4,54.248451,1.630525160500906,1.237774492217105,4561.7469117537075,1.138893,1.1957521,0.0,True,1.483035512350634,1.2251677745519736
1120,0,316.7948,1161,4254.8711,2.0130849,2,86.962715,1.1186858992519062,0.0,219.58542243605177,0.99782771,0.0,0.0,True,1.0824284424763344,0.0
1121,2759,322.75989,1161,4176.2344,2.8262537,4,74.935516,1.1397401913360703,0.9502394822907678,2557.338997314273,1.0530182,0.83640468,0.0,True,1.1137235939352492,0.9160890416035374
1122,15457,459.80713,1161,2931.4922,3.961648,6,82.465462,1.6233558331953126,1.2081077099817124,4435.275039290435,1.1372775,1.1934719,0.0,True,1.4775323332367187,1.2037169669871988
1123,5659,346.78995,1161,3886.8516,4.4170971,7,196.98936,1.224552172292445,1.045372266452341,2996.735357617781,1.0251101,0.98743904,0.0,True,1.1647195506047114,1.0279922985166388
1124,0,250.32738,1161,5384.6328,1.99455,2,3.3108675,0.8840590868757474,0.0,173.51371766395803,,,,False,0.8840590868757474,0.0
1125,0,315.94031,1161,4266.3789,1.0295001,2,1.5884563,1.115669856418546,0.0,218.9931351017351,,,,False,1.115669856418546,0.0
1126,0,351.47946,1161,3834.9922,2.0253029,2,29.758884,1.2411027769363072,0.0,243.62699672373208,,,,False,1.2411027769363072,0.0
1127,5710,369.58929,1161,3647.0781,4.3169293,5,316.66904,1.3050150048865632,1.054574259712882,3197.067291710139,1.1043754,0.96151471,0.0,True,1.2448231234205942,1.0266563947990173
1128,4102,349.08716,1161,3861.2734,4.2574668,5,30.710003,1.2326597632212493,1.0072576468092629,2904.306514578299,1.0779612,0.93580878,0.0,True,1.1862501942548744,0.985822986766484
1129,26817,374.22839,1161,3601.8672,7.880929,8,345.31955,1.3213865578906323,1.245027902152656,3815.9566977754334,1.1069375,1.0567956,0.0,True,1.2570518405234425,1.1885582115068591
1130,20094,416.29654,1161,3237.8867,5.3009677,7,158.5361,1.4698358663291995,1.2257191790963882,4124.7810450010375,1.124038,1.1341089,0.0,True,1.3660965064304396,1.1982360953674718
1131,26156,333.9968,1161,4035.7305,3.9597049,6,104.49355,1.1794005752743901,1.2249827969395115,3397.3855068032785,1.0614374,1.03739,0.0,True,1.144011622692073,1.168704957857658
1132,0,343.26291,1161,3926.7891,2.013618,3,75.412277,1.2121041759413738,0.0,237.93171825730224,1.0240282,0.0,0.0,True,1.1556813831589616,0.0
1133,10512,264.60892,1161,5094.0117,3.3989038,4,78.141563,0.9344762050885698,1.084808272414357,2450.401108202782,0.96069783,0.94252264,0.0,True,0.9423426925619989,1.04212258269005
1134,11578,332.08588,1161,4058.9531,2.2329564,4,112.47426,1.1726561615555104,1.1260652725372913,3107.3391195185864,1.0590932,0.98494345,0.0,True,1.1385872730888573,1.083728725776104
1135,12421,416.12033,1161,3239.2578,3.0726018,5,148.4507,1.469214104013248,1.1661547458049863,3922.8932144361634,1.1240187,1.134815,0.0,True,1.3656554828092735,1.1567528220634904
1136,5161,252.47211,1161,5338.8906,2.3975983,3,99.053833,0.8916306345055919,0.9960090647396793,2158.453014705774,0.94041687,0.9065302,0.0,True,0.9062665051539143,0.9691654053177755
1137,3062,232.70877,1161,5792.3086,1.6513001,3,60.835041,0.8218584827364823,0.9264087335616112,1868.0641897004098,0.90618128,0.87410271,0.0,True,0.8471553219155377,0.9107169264931279
1138,2403,332.16003,1161,4058.0469,2.0979166,4,95.036995,1.1729178976979184,0.9369004202070776,2585.967202991596,1.0590963,0.9078542,0.0,True,1.138771418388543,0.9281865541449543
1139,0,-1.0,1,-1.0,0.0,0,64.292679,1.0,0.0,-0.6931471805599453,0.98264927,0.0,14.808366548237858,True,0.994794781,0.0
1140,0,500.323,1161,2694.1016,1.0444226,2,7.9491701,1.7662916243597613,0.0,346.7974768192935,,,,False,1.7662916243597613,0.0
1141,4228,249.87601,1161,5394.3594,1.9369038,3,69.41272,0.8824656257148015,0.971613476639589,2086.454006807921,0.93551713,0.79391527,0.0,True,0.8983810770003611,0.9183040146477123
1142,2127,224.62936,1161,6000.6445,1.5387578,3,57.738197,0.7933339504784851,0.880785104813441,1721.4263591841166,0.8907699,0.73517084,0.0,True,0.8225647353349396,0.8371008253694087
1143,17,193.38158,1161,6970.2656,3.8933759,4,103.55184,0.6830063493999642,0.3266016235145485,569.4002620047934,0.84188586,0.29113907,0.0,True,0.730670202579975,0.31596285746018393
1144,0,219.6257,1161,6137.3555,1.3493049,2,71.035393,0.7756680118137729,0.0,152.23293473350438,,,,False,0.7756680118137729,0.0
1145,0,265.3092,1161,5080.5664,1.9306078,2,35.750679,0.9369482461661399,0.0,183.89832395661463,0.96336728,0.86066359,6.735753204723171,True,0.944873956316298,0.25819907700000005
1146,0,284.58237,1161,4736.4883,1.6350418,2,24.081011,1.004983313877329,0.0,197.2574674025672,,,,False,1.004983313877329,0.0
1147,7660,329.43414,1161,4091.625,4.7925968,6,181.31151,1.1632969982602097,1.0753198228426255,2946.4682794678642,1.0088253,0.97471476,0.0,True,1.1169554887821467,1.0451383039898379
1148,4300,312.02777,1161,4319.875,2.3237352,4,67.589455,1.101860112683257,0.9993940118586417,2610.6849636827883,0.98666471,0.96302605,0.0,True,1.06730149187828,0.9884836233010492
1149,4262,354.82111,1161,3798.875,4.7100592,6,149.07858,1.2528961553597397,1.0138875779115384,2965.5816968802565,1.0368106,1.1615074,0.0,True,1.1880704887518179,1.058173524538077
1150,0,243.21272,1161,5542.1484,2.0363884,2,30.72467,0.8589419566227612,0.0,168.5822111443154,,,,False,0.8589419566227612,0.0
1151,0,458.9241,1161,2937.1328,2.9161501,4,144.62048,1.6202403901256015,0.0,318.1019460060104,,,,False,1.6202403901256015,0.0
1152,0,344.14993,1161,3916.668,1.1427238,2,10.417847,1.21523478756122,0.0,238.54655366940253,,,,False,1.21523478756122,0.0
1153,0,281.37698,1161,4790.4453,1.8949612,2,10.087625,0.9936684461485561,0.0,195.0356603614721,,,,False,0.9936684461485561,0.0
1154,144,281.94598,1161,4780.7773,2.6658463,3,59.603237,0.9956770670679045,0.5873648195634983,1405.1078528920464,0.96381444,0.38730609,0.0,True,0.9861182789475331,0.5273472006944487
1155,888,311.28046,1161,4330.2461,2.4690714,3,76.792374,1.0992223351538017,0.8108477046434657,2113.97454087928,1.006025,0.84286952,0.0,True,1.071263134607661,0.8204542492504259
1156,8612,408.83838,1161,3296.9531,2.7763791,5,43.669678,1.4435190589714508,1.1184157339273275,3704.5434607322636,1.1204448,1.1304154,0.0,True,1.3465967812800155,1.1220156337491292
1157,0,319.41403,1161,4219.9805,1.219874,2,79.550789,1.1279307601025044,0.0,221.4009343257898,1.0425413,0.87257111,1.9356017659963012,True,1.102313922071753,0.26177133300000005
1158,0,310.8797,1161,4335.8281,2.4711685,3,87.773506,1.0978078348708542,0.0,215.48538754832163,1.0252465,0.9957245,4.906930513113799,True,1.076039434409598,0.29871735000000005
1159,0,291.70132,1161,4620.8945,0.39273596,1,29.676159,1.0301125570793257,0.0,202.19194752361437,0.98692507,0.98254305,1.7578679460063433,True,1.017156310955528,0.294762915
1160,2159,323.38513,1161,4168.1602,2.6147985,4,43.233078,1.141946938753804,0.921054464075486,2483.0565669814055,1.0247904,0.99767953,0.0,True,1.1067999771276629,0.9440419838528402
1161,0,392.06589,1161,3437.9961,2.4711685,3,32.245274,1.3843334515707595,0.0,271.75936624722567,,,,False,1.3843334515707595,0.0
1162,0,222.74379,1161,6051.4414,0.97198987,2,30.769182,0.7866767611730662,0.0,154.39423002573653,,,,False,0.7866767611730662,0.0
1163,0,396.70624,1161,3397.7812,2.0116856,3,6.493258,1.4007082792571919,0.0,274.975811766537,,,,False,1.4007082792571919,0.0
1164,0,416.64536,1161,3235.1758,0.9974016,2,10.166222,1.4710667472872345,0.0,288.7965565773834,,,,False,1.4710667472872345,0.0
1165,0,306.75174,1161,4394.1758,1.9933834,2,6.1135955,1.0832373160561393,0.0,212.6241037128574,,,,False,1.0832373160561393,0.0

metric,value
avg_local_nain,1.287564
avg_local_nach,0.891624
avg_citywide_nain,1.040864
avg_citywide_nach,0.853052
avg_blended_nain,1.215667
avg_blended_nach,0.867103
avg_segment_length,72.995
blended_nain_nach_pearson_r,0.643919
blended_nain_nach_p_value,3.1954e-137
pct_citywide_matched,94.94
