segment_id,T1024 Choice,T1024 Integration,T1024 Node Count,T1024 Total Depth,Angular Connectivity,Connectivity,Segment Length,local_nain,local_nach,integrated,citywide_nain,citywide_nach,citywide_match_distance_m,citywide_matched,blended_nain,blended_nach
0,1020,497.74985,1395,3909.6445,4.1183639,5,86.296562,1.5175033936843085,0.8375923571838712,3449.165933220091,1.0750847,0.80639124,0.0,True,1.3847777855790158,0.8282320220287098
1,40396,504.37155,1395,3858.3164,6.1045017,7,227.48619,1.5376806428707657,1.2842734726653322,5349.634779404252,1.0804672,1.1601624,0.0,True,1.4005166100095359,1.2470401508657325
2,2462,499.37692,1395,3896.9062,4.0413933,6,141.29021,1.5224613004633352,0.9444202897692026,3899.90469331814,1.0764459,0.87620753,0.0,True,1.3886566803243348,0.9239564618384418
3,817,506.58875,1395,3841.4297,4.1988878,6,317.23447,1.5444366794679658,0.8125215813885092,3398.2399309340217,1.0875186,0.83919948,0.0,True,1.407361255627576,0.8205249509719563
4,518,505.91583,1395,3846.5391,3.021909,5,195.49991,1.5423862534322594,0.7572825187922501,3163.9109938861193,1.0808032,0.69710594,0.0,True,1.4039113374025816,0.7392295451545751
5,6350,542.74976,1395,3585.4922,4.96067,6,112.85972,1.6546192918932505,1.0697429657048385,4752.601843772614,1.1211358,0.94981945,0.0,True,1.4945742443252754,1.033765910993387
6,47481,514.30853,1395,3783.7695,5.120069,7,286.44449,1.5679596456246372,1.3069249888523042,5538.139584283254,1.0875989,1.1676197,0.0,True,1.423851421937246,1.265133402196613
7,17994,480.08093,1395,4053.5352,5.3273621,6,453.45026,1.4636622568672466,1.1793150675364246,4703.787243615962,1.068449,1.0945294,0.0,True,1.3450982798070725,1.1538793672754972
8,18379,501.53616,1395,3880.1289,5.7352271,7,447.14056,1.5290408836338638,1.1881107550942205,4924.620067571471,1.0794531,1.1112947,0.0,True,1.3941645485437046,1.1650659385659543
9,532,371.26285,1395,5241.6367,3.9353433,4,78.424355,1.1320261382022443,0.7330472653755151,2331.677658300503,0.96824056,0.75429296,0.0,True,1.082890464741571,0.7394209737628605
10,0,303.18408,1395,6418.625,1.9434342,2,84.068382,0.9245102779926502,0.0,210.1511902426609,0.88475132,0.0,0.0,True,0.9125825905948551,0.0
11,540,382.59302,1395,5086.4102,4.0219836,5,85.475914,1.1665596070923212,0.7373732058914023,2408.5248311941186,0.97242165,0.73334992,0.0,True,1.1083182199646249,0.7361662201239816
12,40956,505.47592,1395,3849.8867,3.1156802,7,91.448364,1.5410457954634438,1.2862808410341038,5368.307141682784,1.0804821,1.1599234,0.0,True,1.4028766868244107,1.2483736087238726
13,0,299.51068,1395,6497.3477,2.1011324,2,36.488125,0.9133122395708356,0.0,207.60498338959198,1.0047059,0.0,0.0,True,0.940730337699585,0.0
14,4984,485.6857,1395,4006.7578,3.978641,5,108.12784,1.4807414415599167,1.026240333532398,4135.317109798881,1.0735096,1.0501411,0.0,True,1.3585718890919416,1.0334105634726787
15,50040,573.84039,1395,3391.2305,4.9539208,8,56.059505,1.7493458825259762,1.3309743021297298,6209.307614029539,1.1285505,1.0855932,0.0,True,1.5631072677681832,1.2573599714908108
16,5249,415.18521,1395,4687.125,5.3600516,6,28.193407,1.2658937016259024,1.0133403502144538,3556.548673711735,0.99898708,0.91986257,0.0,True,1.1858217151381316,0.9852970161501176
17,2789,371.83646,1395,5233.5508,1.8929369,3,110.04863,1.1337744643097647,0.9264754542834417,2950.208195128619,0.97059029,0.90880907,0.0,True,1.0848192120168354,0.9211755389984091
18,65,341.94241,1395,5691.0898,2.5893774,3,65.02507,1.0426559236140207,0.4845108792961444,1437.7627275837594,0.95033878,0.32762498,0.0,True,1.0149607805298144,0.4374451095073011
19,43,333.18936,1395,5840.5977,1.5783215,2,296.48987,1.0159751036147089,0.43631328954391585,1268.3394387025794,0.93074948,0.47764757,0.0,True,0.9904074165302962,0.4487135736807411
20,1095,384.74646,1395,5057.9414,5.6004462,6,30.734352,1.173123033329311,0.8206319478514393,2693.3539024069055,0.98884994,0.79908341,0.0,True,1.1178411053305177,0.8141673864960075
21,62244,576.66675,1395,3374.6094,7.1426177,8,177.23613,1.7579569030509008,1.3586384590553873,6365.737496755892,1.1310751,1.1025262,0.0,True,1.5698923621356304,1.2818047813387712
22,0,275.14691,1395,7072.6758,0.97946382,2,72.151108,0.8390396919158557,0.0,190.71730490628102,0.87505484,0.0,0.0,True,0.8498442363410991,0.0
23,0,272.42227,1395,7143.4141,1.0294801,2,50.099438,0.8307333515683241,0.0,188.8287283722402,0.87090719,0.0,0.0,True,0.8427855030978268,0.0
24,5032,339.90588,1395,5725.1875,4.2186685,5,75.185158,1.0364483096871824,0.985047887896431,2897.3475836634525,0.96249884,0.91851324,0.0,True,1.0142634687810277,0.9650874935275018
25,6388,413.48599,1395,4706.3867,3.3633342,5,216.92587,1.2607150138361745,1.0360658374122897,3623.1666653595903,1.0306692,0.90807426,0.0,True,1.191701269685322,0.9976683641886028
26,304,378.92633,1395,5135.6289,3.8115811,4,44.612782,1.155383917206741,0.6694697109818991,2168.8170971254913,0.97490102,0.64795983,0.0,True,1.1012390480447187,0.6630167466873294
27,0,364.89288,1395,5333.1406,1.5213711,2,18.071636,1.1126105661838714,0.0,252.92447097839843,0.95564425,0.0,0.0,True,1.06552067132871,0.0
28,2507,385.37503,1395,5049.6914,2.4757254,4,20.819292,1.1750388797772882,0.9178632722592414,3016.576825010146,0.97276592,0.8682512,0.0,True,1.1143569918441019,0.902979650581469
29,45124,511.37433,1395,3805.4805,4.1817541,6,224.07024,1.5590188324369776,1.2998435964587527,5480.508055106565,1.082841,1.1628666,0.0,True,1.4161654827058843,1.258750497521127
30,9958,557.43744,1395,3491.0195,9.2974167,10,103.21726,1.699370359551832,1.1283795210103842,5131.954337295741,1.1155107,0.88998449,0.0,True,1.5242124616862824,1.056861011707269
31,18438,508.45316,1395,3827.3438,3.935358,7,194.71509,1.5501177521946605,1.1904700871100249,4994.168031802768,1.0893229,1.0578606,0.0,True,1.411879296536262,1.1506872409770175
32,16893,493.6908,1395,3941.7891,4.1586957,5,116.63106,1.505134694864023,1.1756686655357558,4805.967869767968,1.0771689,1.0524306,0.0,True,1.376744956404816,1.138697245875029
33,5597,457.04388,1395,4257.8516,1.104224,3,96.604736,1.3934602331303183,1.0326592100511294,3944.4455826959806,1.0399678,0.92556059,0.0,True,1.287412503191223,1.0005296240357906
34,7414,500.38257,1395,3889.0742,5.0226936,7,37.159267,1.5255257285087394,1.077971009110452,4459.106786049024,1.074689,0.95192617,0.0,True,1.3902747099561177,1.0401575573773163
35,9028,482.98856,1395,4029.1328,2.1988976,4,99.600784,1.4725225136806608,1.0971020507200158,4399.208394177053,1.0630084,0.96901166,0.0,True,1.3496682795764625,1.058674933504011
36,7975,469.04486,1395,4148.9102,0.22243144,2,115.39523,1.4300318526853604,1.0783631186482798,4214.0480283694405,1.054812,0.9530533,0.0,True,1.3174658968797521,1.040770173053796
37,20783,559.01306,1395,3481.1797,6.9545946,9,24.677671,1.7041709917052397,1.2189741870847204,5557.700492441169,1.1166911,0.98920363,0.0,True,1.5279270241936678,1.1500430199593044
38,12586,503.63882,1395,3863.9297,8.1257343,9,57.879047,1.5354479424798024,1.1428780659389544,4754.601906602816,1.0803982,0.97346979,0.0,True,1.3989330197358618,1.092055583157268
39,11345,578.05853,1395,3366.4844,4.1562381,5,15.023158,1.7621972076333676,1.1494740879018863,5397.164089275693,1.1862992,1.1118124,0.0,True,1.5894278053433575,1.1381755815313204
40,21495,486.18292,1395,4002.6602,1.9335222,4,142.01395,1.482256547917988,1.202539426757586,4849.999722688146,1.0716304,1.0422144,0.0,True,1.3590687035425917,1.15444191873031
41,42767,513.6817,1395,3788.3867,4.0752349,6,144.39005,1.5660496602197764,1.2940430935068685,5477.680159562182,1.0902292,1.1429766,0.0,True,1.4233035221538435,1.2487231454548078
42,38698,596.17297,1395,3264.1953,2.9622297,5,100.96307,1.8173848341636398,1.3054841087642943,6297.729732900876,1.1999124,1.1783835,0.0,True,1.632143103914548,1.267353926135006
43,35039,512.94971,1395,3793.793,2.0226259,4,107.30928,1.5638191554799115,1.2696380999575847,5367.646356469214,1.0903893,1.1395773,0.0,True,1.421790198835938,1.2306198599703093
44,17960,485.53519,1395,4008.0,3.0564265,5,469.84995,1.4802827440490174,1.1806917005163977,4756.309370270999,1.0711601,1.030509,0.0,True,1.3575459508343122,1.1356368903614784
45,0,348.4668,1395,5584.5352,1.7870719,3,0.82376802,1.0625429879393868,0.0,241.53877993874633,0.85009462,0.0,9.038819642902501,True,0.9988084775575707,0.0
46,0,277.65665,1395,7008.7461,2.3911557,3,0.59896284,0.846690740039289,0.0,192.45692411121954,0.85009462,0.0,9.121259292147705,True,0.8477119040275023,0.0
47,0,372.11865,1395,5229.582,0.98927188,2,34.444256,1.1346345720351052,0.0,257.9329930812731,0.96822423,0.0,0.0,True,1.0847114694245736,0.0
48,0,273.00732,1395,7128.1055,2.2129281,3,17.707663,0.8325169667737119,0.0,189.23425413022676,0.85009462,0.0,0.0,True,0.8377902627415983,0.0
49,0,323.23355,1395,6020.4922,1.4838442,2,34.085716,0.9856274788760307,0.0,224.04842384488208,0.91828668,0.0,0.0,True,0.9654252392132217,0.0
50,7335,356.04929,1395,5465.6055,5.7818108,6,31.742767,1.0856551014217395,1.0341324076674558,3169.0826882415413,0.95365095,0.87943059,0.0,True,1.0460538559952175,0.987721862367219
51,1134,383.49719,1395,5074.418,3.0484691,4,57.180496,1.169315411701038,0.8244172276933568,2698.0057387195366,0.97794229,0.68639022,0.0,True,1.1119034751907266,0.7830091253853497
52,677,303.59982,1395,6409.8359,2.0092127,3,110.43725,0.9257775614058619,0.74368069754622,1979.6594006150174,0.8943767,0.64200097,0.0,True,0.9163573029841033,0.713176779282354
53,0,249.3997,1395,7802.8359,1.9999983,2,45.023315,0.7605456257749839,0.0,172.8706988874962,0.81614494,0.0,0.0,True,0.7772254200424887,0.0
54,2934,303.59982,1395,6409.8359,1.8973039,3,78.439911,0.9257775614058619,0.9108385732049498,2424.1848718587557,0.8943767,0.88350612,0.0,True,0.9163573029841033,0.9026388372434648
55,4966,371.52588,1395,5237.9258,2.8970368,4,53.677307,1.132827835775186,0.993731838231985,3161.9722884678454,0.97696036,0.92985356,0.0,True,1.0860675930426302,0.9745683547623895
56,0,541.69751,1395,3592.457,4.0044594,5,40.802605,1.6514132186409687,0.0,375.47610177284275,1.1196265,0.0,0.0,True,1.491877203048678,0.0
57,23257,513.02948,1395,3793.2031,4.2850828,7,287.91193,1.564062224663697,1.2199346389619585,5158.227938181388,1.0966313,1.0848807,0.0,True,1.4238329472645879,1.1794184572733708
58,12779,479.09433,1395,4061.8828,5.1330628,7,198.65553,1.4606557560263695,1.1378432266667715,4530.179429244413,1.0597694,0.95636678,0.0,True,1.3403898492184587,1.08340029266674
59,40269,514.83313,1395,3779.9141,5.9373479,8,196.506,1.5695580720980837,1.2870891463591512,5458.974859078429,1.0893917,1.1657543,0.0,True,1.4255081604686586,1.2506886924514058
60,10077,542.41943,1395,3587.6758,6.1042428,8,119.18999,1.6536127868807984,1.1260691832893892,5000.135850591775,1.1204793,0.90897804,0.0,True,1.4936727408165589,1.0609418403025725
61,9584,480.08603,1395,4053.4922,2.2493658,4,121.6506,1.4636777759396404,1.1034994124962634,4401.457038379423,1.0678297,0.95679736,0.0,True,1.3449233531577482,1.0594887967473845
62,10060,493.26602,1395,3945.1836,1.2225343,3,27.318691,1.503840308729637,1.112958544445985,4546.196745886157,1.083742,0.98800743,0.0,True,1.3778108161107459,1.0754732101121895
63,21507,511.94766,1395,3801.2188,2.7021093,5,136.86894,1.5607657922906144,1.2101337297377222,5107.305930655224,1.098556,1.0874274,0.0,True,1.42210285460343,1.1733218308164055
64,15648,563.58728,1395,3452.9258,4.1040726,6,102.3395,1.7181074637367204,1.1853639231080835,5443.25343141052,1.1350099,0.95688969,0.0,True,1.5431781946157042,1.1168216531756583
65,13964,510.19391,1395,3814.2852,3.2103353,5,147.34894,1.5554219594585226,1.1572654726786802,4869.485103472934,1.1045363,1.0151421,0.0,True,1.4201562616209658,1.114628460875076
66,111,381.70596,1395,5098.2305,4.0437803,5,11.207896,1.163855987221864,0.55269624538432,1804.4721056339001,0.97901416,0.47513866,0.0,True,1.1084034390553046,0.529428969769024
67,256,467.17682,1395,4165.5,3.5528355,4,62.024532,1.4243392450237695,0.6657310959160738,2594.2140004722014,1.0665541,0.65059245,0.0,True,1.3170037015166387,0.6611895021412517
68,40930,513.46832,1395,3789.9609,2.9815142,5,137.98267,1.5653995281535102,1.2886505264431893,5452.86279537386,1.0902641,1.1427289,0.0,True,1.4228588997074572,1.2448740385102326
69,41744,609.48767,1395,3192.8867,2.1616473,4,18.761602,1.8579481405824374,1.3184431426618104,6484.5580768024665,1.2105579,1.1815102,0.0,True,1.663731068407706,1.2773632598632672
70,1052,382.42648,1395,5088.625,3.0823207,5,109.69704,1.1660520670127066,0.8153615993476244,2661.8212816162068,0.97932899,0.81570935,0.0,True,1.1100351439088945,0.8154659245433371
71,46528,612.09137,1395,3179.3047,2.9795799,5,47.749504,1.8658803111932534,1.3325914493023985,6578.667788728303,1.212369,1.1848538,0.0,True,1.6698269178352771,1.2882701545116788
72,1122,423.1434,1395,4598.9727,4.013586,4,154.75311,1.2901475819746897,0.8327672289324698,2972.4338745528553,1.069211,0.82096267,0.0,True,1.2238666073822828,0.8292258612527289
73,3378,384.32349,1395,5063.5078,2.9419079,4,112.81327,1.1718339084655165,0.952514343954096,3122.8708599436554,0.98116374,0.90554929,0.0,True,1.1146328579258615,0.9384248277678671
74,4364,434.73575,1395,4476.3398,2.5207765,4,93.231377,1.3254764195509594,0.9969243761277743,3643.782265172371,1.0258054,0.85843289,0.0,True,1.2355751136856714,0.955376930289442
75,4129,438.03571,1395,4442.6172,1.7085869,3,95.92469,1.335533193642989,0.9912328377176861,3647.205688152441,1.0292059,0.85815334,0.0,True,1.2436350055500922,0.9513089884023802
76,512,382.43118,1395,5088.5625,3.1353569,4,135.5984,1.166066383358727,0.7311103972653449,2387.2208092314722,0.97932905,0.68851572,0.0,True,1.110045183351109,0.7183319940857414
77,21761,545.59515,1395,3566.793,3.8741779,5,84.597153,1.6632889056990863,1.2209779493570638,5449.386113014823,1.1439742,1.0942738,0.0,True,1.5074944939893604,1.1829667045499448
78,15228,513.97479,1395,3786.2266,4.0604615,6,202.94327,1.5669426437258425,1.1688171778682672,4950.102739111192,1.1099083,1.0276102,0.0,True,1.4298323406080895,1.126455084507787
79,68041,618.08081,1395,3148.4961,4.1339226,6,79.947807,1.8841266947248594,1.3813788478877373,6877.938440025643,1.2149913,1.208665,0.0,True,1.6833860763074016,1.3295646935214163
80,18640,559.09839,1395,3480.6484,2.0676224,4,180.32062,1.7044309737487597,1.205654385510712,5497.710845479528,1.1329221,0.97689116,0.0,True,1.5329783116241318,1.1370254178574983
81,78617,619.30096,1395,3142.293,1.9818933,4,113.63579,1.8878437230997747,1.3996558956633414,6980.98874467908,1.2155517,1.2208109,0.0,True,1.6861561161698422,1.3460023969643389
82,20553,559.09839,1395,3480.6484,0.0091495169,2,76.256599,1.7044309737487597,1.2176325714784357,5552.327557392715,1.1330119,0.93819356,0.0,True,1.533005251624132,1.133800868034905
83,80402,619.30096,1395,3142.293,0.0060415142,2,51.35323,1.8878437230997747,1.4024435476849,6994.892376790253,1.2146063,1.2392627,0.0,True,1.6858724961698421,1.35348929337943
84,22460,560.44696,1395,3472.2734,2.0043025,4,95.826843,1.7085396341107064,1.2288739437024196,5615.443303651029,1.1353315,1.066731,0.0,True,1.5365771938774944,1.1802310605916937
85,82188,620.08875,1395,3138.3008,0.86002237,3,40.128674,1.890243700105595,1.405393128631373,7017.413494884952,1.2150755,1.262273,0.0,True,1.6876932400739164,1.362457090041961
86,13361,490.91296,1395,3964.0938,2.8767414,4,116.46313,1.4966700494165215,1.1465619099891786,4663.79338031307,1.0791053,1.0453628,0.0,True,1.3714006245915649,1.116202176992425
87,31907,512.53278,1395,3796.8789,2.0771334,4,120.37218,1.5625488360886048,1.2581534261200016,5315.294682269415,1.0905668,1.1382462,0.0,True,1.4209542252620233,1.222181258284001
88,1285,388.28101,1395,5011.8984,3.0666502,4,106.55123,1.1838959089471297,0.8402758647790035,2780.118903595324,0.98347533,0.83682376,0.0,True,1.1237697352629907,0.8392402333453025
89,16722,507.22107,1395,3836.6406,3.0190849,5,103.51024,1.5463635234922903,1.1782845450552033,4932.5220642280065,1.0901556,1.132715,0.0,True,1.4095011464446032,1.1646136815386423
90,0,308.56876,1395,6306.6172,4.0071268,4,107.03268,0.9409247090846723,0.0,213.8835660028784,0.89516628,0.0,0.0,True,0.9271971803592706,0.0
91,2079,384.21588,1395,5064.9258,4.1032534,6,13.296951,1.1715059659323528,0.895604687155082,2935.6413228891975,0.9790737,0.78456753,0.0,True,1.113776286152647,0.8622935400085574
92,16750,564.69562,1395,3446.1484,6.14996,7,197.79256,1.7214844360052948,1.194003605014728,5492.383724251949,1.1363153,0.9470256,0.0,True,1.5459336952037062,1.1199102035103097
93,2090,388.22443,1395,5012.6289,2.8750751,4,100.22182,1.1837234463424722,0.8973140676502419,2968.3157840831536,0.98330253,0.82775998,0.0,True,1.1235971714397306,0.8764478413551694
94,2930,389.13965,1395,5000.8398,4.0254078,5,172.42352,1.186512868878304,0.9372077513651487,3106.673071914344,0.98300648,0.79834092,0.0,True,1.1254609522148127,0.8955477019556041
95,9664,451.69693,1395,4308.2539,5.0643449,7,105.60591,1.3771656940294306,1.0964612091670116,4144.938090875905,1.0435672,0.94511229,0.0,True,1.2770861458206013,1.051056533416908
96,8640,477.50089,1395,4075.4375,5.0699964,7,102.428,1.4558000714018449,1.0903117996657934,4328.253965931363,1.0705163,0.95046049,0.0,True,1.3402149399812915,1.0483564067660553
97,14533,484.42804,1395,4017.1602,4.0242071,6,196.70638,1.4769089830349535,1.1548568563375372,4642.910839601154,1.0702235,1.0194361,0.0,True,1.3549033381244673,1.114230629436276
98,14378,506.48883,1395,3842.1875,3.1586671,5,199.06984,1.5441322265463273,1.1597836375293817,4848.918237199946,1.0902827,1.1323212,0.0,True,1.4079773685824288,1.1515449062705672
99,3537,382.26657,1395,5090.7539,4.0463333,5,15.857079,1.165564627742283,0.9573028029944749,3123.7293047654425,0.98486495,0.91974038,0.0,True,1.111354724419598,0.9460340760961325
100,16882,506.66034,1395,3840.8867,1.9056654,4,15.267269,1.5446549084146977,1.1792803830144118,4931.893413620545,1.0902928,1.1385107,0.0,True,1.4083462758902885,1.1670494781100884
101,6498,481.25381,1395,4043.6562,4.011867,6,114.97604,1.467236341940415,1.0570404033156344,4225.195475757951,1.0678769,0.98305541,0.0,True,1.3474285093582905,1.034844905320944
102,4992,383.33313,1395,5076.5898,3.0078392,5,56.035847,1.1688153675330424,0.9979850454219996,3264.462048903423,0.97994739,0.90929753,0.0,True,1.1121549742731296,0.9713787907953998
103,3243,502.83716,1395,3870.0898,3.0096307,5,97.706741,1.5330052013867446,0.9785464085998168,4065.373386123261,1.0902948,1.1368878,0.0,True,1.4001920809707211,1.0260488260198717
104,4310,384.13412,1395,5066.0039,4.0349674,6,14.511455,1.1712567552752988,0.9810132060447286,3214.8788025860526,0.9806242,0.86688364,0.0,True,1.114066988692709,0.9467743362313099
105,13362,536.92993,1395,3624.3555,3.9993396,5,135.1817,1.6368868975026192,1.1590952408469783,5101.006047058329,1.1320903,0.86887348,0.0,True,1.4854479182518334,1.0720287125928847
106,2910,472.97205,1395,4114.4609,3.109936,5,211.72171,1.4419993163633742,0.9583394981484955,3772.7066827650506,1.0687141,0.92784995,0.0,True,1.330013751454362,0.9491926337039469
107,534,384.30273,1395,5063.7812,3.0999851,4,114.72773,1.1717706646383699,0.7364510229669357,2415.0099137857687,0.98116332,0.65949714,0.0,True,1.1145884612468588,0.713364858076855
108,5175,445.96643,1395,4363.6133,2.2106285,4,147.27014,1.3597021531056266,1.0202875269651133,3813.8964435355106,1.0371103,0.88316494,0.0,True,1.2629245971739387,0.9791507508755792
109,11666,475.72122,1395,4090.6836,2.2036557,4,113.39986,1.4503769125071286,1.1259220751035848,4454.94147287593,1.0711505,1.0404652,0.0,True,1.33660898875499,1.1002850125725094
110,11301,473.58307,1395,4109.1523,4.1348715,6,398.08517,1.443861324144221,1.1214935544085725,4419.867184150817,1.0704906,1.0393844,0.0,True,1.3318501069009547,1.0968608080860007
111,6507,447.71225,1395,4346.5977,2.0918059,4,105.8623,1.3650225229242428,1.0480969912108058,3931.334903074999,1.0388396,0.90303701,0.0,True,1.2671676460469699,1.004578996847564
112,2001,548.37158,1395,3548.7344,2.846699,4,63.983856,1.6717481892299688,0.9298745015538522,4168.940832233175,1.0995662,0.73825514,0.0,True,1.5000935924609782,0.8723886930876965
113,14846,490.56683,1395,3966.8906,3.1858187,5,190.62836,1.4956153751470398,1.1591818344625906,4712.198776805253,1.0781318,1.0406767,0.0,True,1.370370302602928,1.1236302941238134
114,1391,555.26099,1395,3504.7031,2.9562168,4,66.281204,1.6927392009995257,0.8867754564823289,4019.653673163799,1.125784,0.80625099,0.0,True,1.5226526406996679,0.8626181165376303
115,282,406.20233,1395,4790.7773,2.9326859,3,144.88861,1.2385165076701061,0.6661236142927429,2294.626497651057,1.0122524,0.48426995,0.0,True,1.1706372753690744,0.61156751500492
116,0,380.71942,1395,5111.4414,1.9958336,2,140.51245,1.1608490915015786,0.0,263.89459255741764,0.96918917,0.0,0.0,True,1.103351115051105,0.0
117,2534,412.48392,1395,4717.8203,2.036001,4,77.838043,1.257660975702096,0.9265002118952294,3233.1905771067964,0.97429466,0.86778247,0.0,True,1.1726510809914672,0.9088848893266606
118,15634,469.1871,1395,4147.6523,2.8984361,5,49.759586,1.4304653437196557,1.1591937558511072,4531.09523209468,1.0688071,1.0322434,0.0,True,1.321967870603759,1.121108649095775
119,86053,617.37537,1395,3152.0938,3.2867451,5,128.06615,1.8819775758211628,1.410332595044499,7015.076988248561,1.215042,1.2659097,0.0,True,1.6818969030748139,1.3670057265311493
120,26199,586.24451,1395,3319.4766,2.3788116,4,97.664673,1.787137023225321,1.254678135955444,5964.189509587464,1.1248021,1.0861636,0.0,True,1.5884365462577246,1.2041237751688108
121,25936,569.74329,1395,3415.6172,2.316735,4,108.30132,1.7368632752774533,1.249039758563307,5790.565618786253,1.1033101,1.0827814,0.0,True,1.5467973226942173,1.199162250994315
122,22627,561.74811,1395,3464.2305,4.0413523,6,156.56197,1.7125040598530765,1.230132043426008,5632.641304375621,1.1358397,1.0620283,0.0,True,1.5395047518971536,1.1797009203982056
123,30541,571.83472,1395,3403.125,4.4448481,7,116.75888,1.7432352126974957,1.269696096538631,5905.274712391095,1.0942752,1.0511725,0.0,True,1.548547208888247,1.2041390175770417
124,5388,548.98248,1395,3544.7852,3.6959853,6,68.710571,1.673609612343189,1.0511417038778497,4717.022527375138,1.1000625,0.92260814,0.0,True,1.5015454786402322,1.0125816347144947
125,87314,616.27252,1395,3157.7344,3.9224265,6,109.20497,1.8786179634707778,1.4118251888183226,7011.510563472638,1.2163589,1.2707105,0.0,True,1.6799402444295444,1.369490782172826
126,48633,582.04791,1395,3343.4102,3.0390937,5,153.78355,1.7743515589318644,1.3297871199108864,6281.518501756111,1.0893908,1.0755656,0.0,True,1.568863331252305,1.2535206639376204
127,48530,581.85962,1395,3344.4922,3.0360208,5,45.210091,1.7737778691480468,1.3294729246355423,6278.252878942633,1.0898646,1.0801848,0.0,True,1.5686038884036329,1.2546864872448795
128,2664,481.91068,1395,4038.1445,5.9591632,7,79.350807,1.4692379947391883,0.9498663671337662,3801.472643318425,1.0679086,0.8684296,0.0,True,1.3488391763174317,0.9254353369936363
129,9371,543.96582,1395,3577.4766,6.8416901,8,77.473007,1.6583245169521599,1.1175853676246321,4974.887544927338,1.100324,0.95207638,0.0,True,1.490924361866512,1.0679326713372426
130,39480,572.45569,1395,3399.4336,3.9557047,6,98.269577,1.7451270557321947,1.301433151080091,6058.642127024981,1.1422118,1.0332198,0.0,True,1.5642524790125365,1.2209691457560636
131,9672,474.78546,1395,4098.7461,6.0867949,8,313.79556,1.4475253182918493,1.1031263864329088,4357.1997719796045,1.0706143,1.0423772,0.0,True,1.3344520128042943,1.0849016305030363
132,0,412.90237,1395,4713.0391,0.95329183,2,12.809886,1.2589362840356,0.0,286.20211361201933,0.97431105,0.0,0.0,True,1.1735487138249199,0.0
133,40922,572.45569,1395,3399.4336,1.051779,3,162.71616,1.7451270557321947,1.3058443196166423,6079.177152303972,1.1436828,1.1422985,0.0,True,1.5646937790125364,1.2567805737316495
134,1586,380.84021,1395,5109.8203,2.0330477,4,53.13908,1.161217228946127,0.8630007793483826,2806.8801853742434,0.99243635,0.82368159,0.0,True,1.1105829652622887,0.8512050225438679
135,1107,390.94653,1395,4977.7266,3.0255349,4,53.10305,1.1920200204638864,0.8234511045603455,2741.00977944209,1.004501,0.79834068,0.0,True,1.1357643143247205,0.8159179771922418
136,9,312.64154,1395,6224.4609,1.8727369,2,58.994743,0.9533399308163262,0.2635524598570757,749.6816708464028,0.91454154,0.17070229,0.0,True,0.9417004135714283,0.235697408899953
137,19,379.66504,1395,5125.6367,1.9678783,3,48.950195,1.1576354080694835,0.35068175655339745,1155.8987330991608,0.99120194,0.22342208,0.0,True,1.1077053676486384,0.3125038535873782
138,3650,518.46094,1395,3753.4648,4.1128783,5,69.412842,1.580612286297174,0.996540348490458,4252.950769967913,1.1099867,0.89666104,0.0,True,1.4394246104080217,0.9665765559433206
139,0,299.4259,1395,6499.1875,3.0641775,3,71.568443,0.9130537772732381,0.0,207.54621837162412,0.89702898,0.0,0.0,True,0.9082463380912666,0.0
140,0,378.57559,1395,5140.3867,3.1150925,4,53.920822,1.1543149416663978,0.0,262.4086028373178,0.99198675,0.0,0.0,True,1.1056164841664784,0.0
141,247,414.95663,1395,4689.707,3.9812684,4,65.361298,1.2651970388680622,0.6521861944523343,2289.503660100734,1.0208269,0.67950827,0.0,True,1.1918859972076437,0.6603828171166339
142,95,380.10999,1395,5119.6367,2.04842,3,55.205856,1.1589915785390557,0.5343778612370911,1738.893344291811,0.99128944,0.37065172,0.0,True,1.108680936977339,0.4852600188659637
143,809,446.29883,1395,4360.3633,2.5066602,4,107.90164,1.3607151434720166,0.7990735587375244,2989.4291955780855,1.0792271,0.76276052,0.0,True,1.2762687304304117,0.7881796471162671
144,5683,386.71521,1395,5032.1914,4.9649734,6,128.33801,1.1791235835086764,1.0142187623396803,3343.379762640837,0.98172176,0.79033351,0.0,True,1.1199030364560736,0.9470531866377763
145,15173,546.63025,1395,3560.0391,4.1785307,6,13.776385,1.6664426293458037,1.1771709679214233,5262.630592055712,1.1405845,0.92223209,0.0,True,1.5086851905420624,1.1006893045449964
146,867,462.09723,1395,4211.2891,5.065258,6,98.97049,1.4088598391305642,0.8106877825200226,3127.170512644681,1.066099,0.91984969,0.0,True,1.306031587391395,0.8434363547640158
147,8332,473.95432,1395,4105.9336,4.9268594,6,98.601173,1.4449926365987413,1.0849737897340586,4278.906433325926,1.0712444,1.0432181,0.0,True,1.3328681656191188,1.072447082813841
148,0,464.74188,1395,4187.3242,1.0951347,3,80.19323,1.4169191784289599,0.0,322.1345238101284,1.0680206,1.0563554,6.588730904896639,True,1.312249604900272,0.31690662
149,27650,547.40686,1395,3554.9883,1.9844463,4,95.600983,1.6688089200733554,1.2507617690459036,5598.578117039358,1.141129,0.99342144,0.0,True,1.5105049440513487,1.1735596703321325
150,0,326.17242,1395,5966.2461,1.0303173,1,88.939743,0.9945859644823559,0.0,226.0854932994143,0.97574335,0.80589265,14.916966318752367,True,0.9889331801376492,0.24176779500000004
151,2473,429.61313,1395,4529.7148,2.0385721,3,29.271765,1.309864822834076,0.928081804262094,3356.995139744412,1.0636299,0.84118563,0.0,True,1.235994345983853,0.9020129519834658
152,6176,331.44147,1395,5871.3984,2.9990454,4,60.923893,1.0106472265931354,1.0057878525548565,2893.069689328037,0.97894061,0.94943589,0.0,True,1.0011352416151948,0.9888822637883996
153,13537,432.71558,1395,4497.2383,2.0497472,4,38.771839,1.3193197176590001,1.1309302389039046,4116.5659738883805,1.0664781,0.98759508,0.0,True,1.2434672323613,1.0879296912327332
154,28918,548.06146,1395,3550.7422,3.5478647,5,211.02553,1.6708034159181488,1.2564285809650224,5629.845529459484,1.1405725,1.1212155,0.0,True,1.5117341411427043,1.2158646566755156
155,0,486.72537,1395,3998.1992,2.4906523,3,17.947634,1.4839095522134398,0.0,337.37231792249617,1.0089567,1.0305209,6.683192197274,True,1.341423696549408,0.30915627
156,0,469.91602,1395,4141.2188,0.41318828,2,87.52433,1.43268653917977,0.0,325.72096436295084,,,,False,1.43268653917977,0.0
157,2,293.27982,1395,6635.3867,4.3569994,4,18.908453,0.8943179103360905,0.12483345021317493,406.57216069625645,0.87623632,0.081188165,0.0,True,0.8888934332352634,0.11173986464922245
158,0,420.85529,1395,4623.9766,3.3906546,3,15.238057,1.2831741958306835,0.0,291.7146576872382,1.0089567,1.0305209,2.4262872973255387,True,1.2009089470814784,0.30915627
159,3499,372.1167,1395,5229.6094,2.9492879,4,21.030449,1.1346286295067365,0.953034820652712,3036.7714244127105,0.96822417,0.89157575,0.0,True,1.0847072916547156,0.9345970994568984
160,2445,352.51807,1395,5520.3555,3.5770493,4,23.222157,1.0748916478912958,0.9054710435918191,2750.563860671948,0.95195568,0.86636156,0.0,True,1.038010857523907,0.8937381985142733
161,14634,486.80243,1395,3997.5664,2.5583482,5,55.048668,1.4841443321547454,1.1563720841575222,4669.038708036561,1.0675138,1.1006904,0.0,True,1.3591551725083217,1.1396675789102655
162,22930,497.53461,1395,3911.3359,1.8371185,4,10.138809,1.5168475069151512,1.213703860474233,4995.391069917306,1.0737112,1.1104238,0.0,True,1.3839066148406056,1.1827198423319631
163,30157,500.86655,1395,3885.3164,1.9070922,4,67.682625,1.5270004272450166,1.2478273043259296,5166.057136051984,1.0757103,1.116621,0.0,True,1.3916133890715114,1.2084654130281507
164,0,492.58905,1395,3950.6055,2.3375311,3,163.95192,1.5017774487326296,0.0,341.4367111822019,,,,False,1.5017774487326296,0.0
165,14823,536.31433,1395,3628.5156,4.2673755,5,13.969033,1.6350112374221886,1.1715905637547195,5150.800487385605,1.0948514,1.0233663,0.0,True,1.472963286195532,1.1271232846283037
166,34482,573.37408,1395,3393.9883,4.4259634,6,97.11129,1.7479252810254264,1.2850422493801639,5990.7561483920645,1.1285157,1.0660051,0.0,True,1.5621024067177984,1.2193311045661146
167,2507,465.99692,1395,4176.0469,4.3087792,6,199.92603,1.420743698122814,0.9387613966951818,3647.6559194769497,1.056921,0.93339872,0.0,True,1.31159688868597,0.9371525936866272
168,0,442.36441,1395,4399.1445,0.16170897,1,16.684956,1.3487250426875463,0.0,306.62364357156366,,,,False,1.3487250426875463,0.0
169,0,371.77847,1395,5234.3672,0.52037591,2,91.147034,1.133597697968271,0.0,257.6971982733902,0.96997809,0.91261876,7.730801290181407,True,1.0845118155777895,0.27378562800000006
170,0,311.46347,1395,6248.0039,1.104574,2,49.652046,0.9497488159385885,0.0,215.89002607791707,0.93866795,0.86380529,3.762191451885308,True,0.9464245561570119,0.259141587
171,854,329.18069,1395,5911.7227,2.5305386,4,132.68242,1.0037558581562438,0.7773110061877073,2222.7170214848984,0.95147151,0.77996963,0.0,True,0.9880705537093706,0.7781085933313951
172,59,299.90735,1395,6488.7539,2.5098491,3,18.145157,0.9145214708628161,0.4664172049292267,1232.8812867884778,0.90927917,0.36619231,0.0,True,0.9129487806039713,0.4363497364504587
173,0,267.04288,1395,7287.3125,1.8499129,2,7.1601448,0.8143338351369296,0.0,185.10001936060783,0.95144272,0.91251254,8.98123719820031,True,0.8554665005958507,0.27375376200000007
174,0,404.56882,1395,4810.1211,1.1702791,2,12.563588,1.2335379098494756,0.0,280.42573692546404,0.95144272,0.91251254,9.000591148852749,True,1.1489093528946328,0.27375376200000007
175,4988,322.11917,1395,6041.3203,3.1008241,4,15.344386,0.9822305469456185,0.9779618331615272,2742.9063181100346,0.95144272,0.91251254,0.0,True,0.972994198861933,0.958327045213069
176,9960,411.10977,1395,4733.5898,2.1728406,4,17.259527,1.2534729683801076,1.0878357150927056,3784.8957190653364,1.060552,1.0315038,0.0,True,1.1955966778660754,1.070936140564894
177,17669,421.71494,1395,4614.5508,3.0825965,5,100.8034,1.2857941049054544,1.1590500516997255,4124.2372305475,1.0565834,1.0200356,0.0,True,1.217030893433818,1.117345716189808
178,22111,424.67062,1395,4582.4336,4.1895919,6,121.71729,1.2948020020699087,1.1866092949681941,4248.37131220693,1.0564024,1.0171223,0.0,True,1.223282121448936,1.135763196477736
179,3139,324.97729,1395,5988.1875,3.115556,4,110.73563,0.9909429051488888,0.9257227519876066,2616.8134946965556,0.94895583,0.86149102,0.0,True,0.9783467826042221,0.9064532323913246
180,0,262.60056,1395,7410.5898,1.9999547,2,33.87257,0.8007908118207971,0.0,182.02083777746273,,,,False,0.8007908118207971,0.0
181,0,403.18579,1395,4826.6211,1.0553415,2,33.835739,1.2293227570986176,0.0,279.46709358033416,,,,False,1.2293227570986176,0.0
182,68,323.68024,1395,6012.1836,4.1030383,5,122.63607,0.9869891241159581,0.48656469720758044,1375.153959585395,0.9506433,0.27238017,0.0,True,0.9760853768811706,0.4223093390453063
183,488,324.98026,1395,5988.1328,2.997076,4,10.475174,0.9909519541263859,0.7119265360712752,2013.0594745465978,0.94897765,0.45415393,0.0,True,0.9783596628884702,0.6345947542498926
184,3275,405.94186,1395,4793.8516,2.1081188,4,107.86588,1.237722577495217,0.9550083247108397,3285.970936464384,1.0038552,0.86438894,0.0,True,1.167562364246652,0.9278225092975878
185,7994,411.03479,1395,4734.4531,3.0887048,5,113.70626,1.2532445013836535,1.0618339727183705,3693.84498907798,1.0085092,0.92455226,0.0,True,1.1798239109685573,1.0206494589028594
186,13077,433.52478,1395,4488.8438,4.3058195,6,123.4483,1.3217858531700792,1.1270708453755454,4109.278717724887,1.0551069,0.9902603,0.0,True,1.2417821672190554,1.0860276817628818
187,93504,582.31531,1395,3341.875,2.9484434,5,91.000206,1.7751661780528758,1.4104140263224971,6665.053443857042,1.1347765,1.126392,0.0,True,1.583049274637013,1.325207418425748
188,1265,339.1954,1395,5737.1797,3.8972287,6,105.03742,1.0342826177121724,0.825351211454284,2423.350051291901,0.95562214,0.86596084,0.0,True,1.0106844743985208,0.8375341000179988
189,0,326.7597,1395,5955.5234,2.0003557,2,36.097355,0.9963760786296803,0.0,226.49256477561357,0.9359262,0.0,0.0,True,0.9782411150407762,0.0
190,98202,583.79266,1395,3333.418,2.9666741,5,19.398369,1.7796671372633235,1.4168967864511057,6710.581168105267,1.1358378,1.1326356,0.0,True,1.5865183360843265,1.331618430515774
191,5590,425.28549,1395,4575.8086,3.06991,4,66.531235,1.2966758382245513,1.023693763140671,3669.827740219434,1.0361201,0.88275176,0.0,True,1.2185091167571858,0.9814111621984697
192,6974,425.29639,1395,4575.6914,2.8482013,5,60.165058,1.2967090362702387,1.049936015651405,3763.971280331137,1.0361202,0.92534596,0.0,True,1.218532385389167,1.0125589989559836
193,107684,583.71814,1395,3333.8438,2.0450225,4,29.01605,1.7794399736691986,1.4282360204493947,6763.527415829161,1.1358362,1.143694,0.0,True,1.5863588415684389,1.3428734143145762
194,1209,414.58783,1395,4693.8789,3.1885271,5,130.259,1.264073015945228,0.8395820876440048,2943.2426455918926,1.0126961,0.7986573,0.0,True,1.1886599411616596,0.8273046513508033
195,8752,425.29492,1395,4575.707,2.7164152,5,38.326241,1.2967046173196666,1.076873488976675,3860.515124838062,1.0361202,0.96889162,0.0,True,1.2185292921237667,1.0444789282836724
196,109550,584.41998,1395,3329.8398,0.010563781,2,47.616428,1.7815783951066793,1.4305653714284976,6781.699800044213,1.1374025,1.1639422,0.0,True,1.5883256265746755,1.3505784199999484
197,0,559.39032,1395,3478.832,2.0136001,3,251.81331,1.7053203957090028,0.0,387.7398231405256,,,,False,1.7053203957090028,0.0
198,111412,584.41998,1395,3329.8398,2.0168591,4,65.948166,1.7815783951066793,1.4326431199061223,6791.549421801934,1.137943,1.1815205,0.0,True,1.5884877765746754,1.3573063339342857
199,104560,582.26562,1395,3342.1602,3.0497155,5,99.057129,1.7750147865633232,1.424170250173096,6729.5555595403275,1.1376299,1.1780312,0.0,True,1.5837993205943264,1.3503285351211671
200,0,412.69543,1395,4715.4023,1.0142142,2,197.61934,1.2583056152824956,0.0,286.05867373447427,,,,False,1.2583056152824956,0.0
201,4636,415.12296,1395,4687.8281,2.7622185,4,27.099379,1.2657039185799923,0.9986346822326597,3504.4840179495736,1.013359,0.93651259,0.0,True,1.1900004430059945,0.9799980545628618
202,108842,587.80988,1395,3310.6367,2.1140614,4,50.578217,1.7919060679477952,1.430785303744544,6817.2255655290155,1.1354135,1.1760608,0.0,True,1.5949582975634566,1.3543679526211807
203,1621,365.93335,1395,5317.9766,2.8068252,4,48.407684,1.1157819385214138,0.8615293351942149,2704.990874806366,0.94702595,0.86405087,0.0,True,1.0651551419649896,0.8622857956359504
204,4958,414.60886,1395,4693.6406,3.0358124,4,50.914768,1.2641371666384689,1.0064292340892562,3527.9735499421213,1.0125428,0.89434689,0.0,True,1.1886588566469283,0.9728045308624793
205,0,323.99683,1395,6006.3086,3.2757516,4,20.0145,0.9879542145416031,0.0,224.5774892248599,0.89136428,0.0,0.0,True,0.9589772341791223,0.0
206,199,342.27225,1395,5685.6055,4.0516229,5,20.719004,1.0436613094274136,0.6127899949808547,1815.1741033174228,0.95259166,0.37738881,0.0,True,1.0163404145991894,0.5421696394865984
207,0,368.42688,1395,5281.9844,3.7665534,3,38.778229,1.1233821590458442,0.0,255.3740531144973,0.96636885,0.0,0.0,True,1.0762781663320908,0.0
208,6,410.52029,1395,4740.3867,2.4867716,3,64.582939,1.2516764614822657,0.2298905569780082,853.6529447284532,1.0084329,0.25145656,0.0,True,1.178703393037586,0.23636035788460574
209,8806,431.83374,1395,4506.4219,2.4476011,3,34.993931,1.3166322796090932,1.0795559690167829,3922.5253643791953,1.0514812,0.97596306,0.0,True,1.2370869557263653,1.0484780963117482
210,10192,470.88074,1395,4132.7344,0.664994,2,44.593773,1.4356263859745282,1.1083212171697832,4346.0194956333835,1.1191059,0.99603122,0.0,True,1.34067024018217,1.0746342180188482
211,11635,480.29803,1395,4051.7031,0.27573285,2,25.876785,1.464323769453308,1.126898516855006,4496.523719387146,1.1368811,1.0367218,0.0,True,1.3660909686173155,1.0998455017985043
212,13255,498.41116,1395,3904.457,2.209316,4,101.11635,1.519518531404943,1.147698750933642,4731.058781165238,1.122949,1.0713117,0.0,True,1.40054767198346,1.1247826356535495
213,17901,559.46198,1395,3478.3867,4.0307574,6,226.29231,1.7055385838695911,1.2007902398502386,5478.656521170595,1.1019157,1.0754002,0.0,True,1.5244517187087137,1.163173227895167
214,20154,563.05157,1395,3456.2109,3.0458415,5,109.3373,1.716475361186491,1.2162788153009,5580.548977696109,1.1017859,1.0734323,0.0,True,1.5320685228305435,1.1734248607106301
215,1626,414.11877,1395,4699.1953,1.692024,3,71.07235,1.262643524645011,0.8744892773188323,3062.452841200174,1.0125639,0.8272298,0.0,True,1.1876196372515078,0.8603114341231826
216,1364,403.6127,1395,4821.5156,2.2429368,3,21.359491,1.230623946491758,0.8511394180380513,2913.9392168506747,0.97954679,0.77920759,0.0,True,1.1553007995442306,0.829559869626636
217,15889,499.99188,1395,3892.1133,2.9799619,5,100.60469,1.5243351557430442,1.1700599874802722,4836.675546219813,1.1226767,1.0704478,0.0,True,1.403837619020131,1.1401763312361906
218,9,331.40753,1395,5872.0,3.5857649,4,56.281013,1.0105437186987674,0.26532181259403853,794.6805495567843,0.89525133,0.17043294,0.0,True,0.9759560020891371,0.23685515081582698
219,0,320.86832,1395,6064.8711,1.9819407,2,53.466648,0.9784176564484054,0.0,222.40897133900629,0.91485971,0.0,0.0,True,0.9593502725138838,0.0
220,115212,592.94653,1395,3281.957,2.107482,4,28.859388,1.8075552766484335,1.439345585802395,6910.522934145316,1.1345401,1.1754907,0.0,True,1.6056507236539035,1.3601891200616767
221,1139,365.48636,1395,5324.4805,2.7847033,4,17.955975,1.1144195127789467,0.8203104554320969,2572.8998369074166,0.94362372,0.74173236,0.0,True,1.0631807749452626,0.7967370268024678
222,2571,375.5321,1395,5182.0469,3.2042124,4,17.754833,1.1450385997928683,0.918034456052151,2948.9889192845694,0.94472015,0.85647112,0.0,True,1.0849430648550078,0.8995654552365057
223,3817,403.55222,1395,4822.2383,2.7353325,4,14.479707,1.2304395916007216,0.9723951882047162,3328.395355681286,0.96346307,0.83022374,0.0,True,1.1503466351205052,0.9297437537433013
224,1065,403.68729,1395,4820.625,3.2020569,5,24.617285,1.2308512073065103,0.8220065583834247,2814.752521825064,0.97657174,0.74704152,0.0,True,1.1545673671145573,0.7995170468683973
225,10302,547.58319,1395,3553.8438,3.9971626,5,34.700176,1.669346050475153,1.130073353566223,5059.826077481242,1.0647746,0.896559,0.0,True,1.487974615332607,1.0600190474963562
226,123168,595.02795,1395,3270.4766,1.992443,4,14.90536,1.8138964855047581,1.4482185015001896,6974.513483307831,1.1350284,1.1773833,0.0,True,1.6102360598533305,1.3669679410501328
227,9305,435.77505,1395,4465.6641,3.1084123,4,23.47015,1.3286437097266466,1.0872794046038303,3982.3399181621326,0.99675876,0.94488138,0.0,True,1.2290782248086525,1.0445599972226813
228,1124,464.66345,1395,4188.0312,4.0105071,5,23.689644,1.416680096233307,0.8423197755764679,3264.923722102863,1.0113106,0.76082915,0.0,True,1.295069247363315,0.8178725879035275
229,0,607.14337,1395,3205.2148,1.010963,2,31.877661,1.8508064391685146,0.0,420.8397151111637,,,,False,1.8508064391685146,0.0
230,4445,441.04462,1395,4412.3086,3.1625738,4,108.18727,1.3447029515871545,1.0008253572836416,3704.7681881454932,1.0909443,1.0569446,0.0,True,1.268575356111008,1.0176611300985492
231,11344,547.36053,1395,3555.2891,3.6621382,5,50.189613,1.6686678076394073,1.1417992294250188,5110.497566026446,1.0648855,0.9163363,0.0,True,1.4875331153475853,1.0741603505975132
232,2952,463.80344,1395,4195.7969,2.4797792,4,17.90501,1.4140593137406336,0.9578095079532452,3706.21408053095,1.023538,0.86851948,0.0,True,1.2969029196184434,0.9310224995672716
233,641,422.28189,1395,4608.3555,2.4911063,3,95.07209,1.2875219283277743,0.7662844885256205,2730.5358151645905,1.0126719,0.69197905,0.0,True,1.205066919829442,0.7439928569679343
234,478,416.39215,1395,4673.5391,3.120059,4,23.688972,1.2695720593239312,0.7303516632151231,2570.7160694438508,0.97506744,0.6404174,0.0,True,1.1812206735267519,0.7033713842505862
235,127388,595.07916,1395,3270.1953,1.9748549,4,48.288883,1.8140524202930552,1.4523962200034999,6995.160599506707,1.1350288,1.1789193,0.0,True,1.6103453342051388,1.37035314400245
236,129822,595.08765,1395,3270.1484,2.0194471,4,29.500948,1.8140784212710401,1.454737281357642,7006.523290173444,1.135029,1.1796993,0.0,True,1.610363594889728,1.3722258869503494
237,0,418.21402,1395,4653.1797,2.0129457,2,74.112953,1.2751245249751713,0.0,289.8838688336406,1.012496,0.0,0.0,True,1.1963359674826197,0.0
238,8165,608.22412,1395,3199.5195,3.0102518,5,216.52217,1.8540989063588587,1.1159659237411435,5478.795850295494,1.2337267,1.3626668,0.0,True,1.6679872444512012,1.1899761866188006
239,132834,596.90729,1395,3260.1797,3.0193715,5,43.846989,1.8196219551107375,1.4581206599634602,7041.638038614231,1.1357405,1.1808434,0.0,True,1.6144575185775163,1.374937481974422
240,74405,609.95477,1395,3190.4414,3.0078855,5,120.10276,1.8593712647745264,1.3901963370007606,6842.048875755468,1.2336503,1.3576357,0.0,True,1.6716549753421686,1.3804281459005323
241,140674,598.1048,1395,3253.6523,3.0400565,5,56.614555,1.8232701949273145,1.4655712961874894,7090.062684105797,1.134905,1.2160146,0.0,True,1.61676063644912,1.3907042873312425
242,13837,491.05426,1395,3962.9531,4.2385192,7,446.76025,1.497100634970073,1.1508263837808168,4682.3231548093845,1.0751956,1.0427412,0.0,True,1.3705291244790512,1.1184008286465716
243,3359,387.42224,1395,5023.0078,6.1706343,8,85.692955,1.181278525306281,0.9527497064123344,3145.8661975234345,0.97781914,0.87321776,0.0,True,1.1202407097143967,0.9288901224886341
244,9084,469.81274,1395,4142.1289,5.945591,8,446.97714,1.4323719041742549,1.0942040933955701,4282.1035423640205,1.0590934,0.9613474,0.0,True,1.3203883529219784,1.054347085376899
245,5544,395.14389,1395,4924.8516,2.8354917,5,22.244467,1.2048127862500588,1.0138772491182382,3406.4691808884354,0.98384607,0.92057246,0.0,True,1.1385227713750412,0.9858858123827667
246,1317,449.21484,1395,4332.0586,5.4885244,6,187.26222,1.3696016485878986,0.8578278039529171,3227.442035297244,1.0420541,0.8023411,0.0,True,1.271337384011529,0.8411817927670421
247,4281,394.73062,1395,4930.0078,2.0847049,4,21.881271,1.203553206796745,0.983356816013972,3300.898880427681,0.98361671,0.89714175,0.0,True,1.1375722577577214,0.9574922962097804
248,7396,469.37189,1395,4146.0195,2.0094495,4,95.561157,1.4310284229947712,1.0694068344568597,4181.617727035618,1.0586004,0.92829227,0.0,True,1.31930001609634,1.0270724651198018
249,1135,385.00128,1395,5054.5938,3.8656874,5,113.43826,1.1738996720750163,0.8248986420513962,2708.9261763640284,0.97326642,0.67624134,0.0,True,1.1137096964525115,0.7803014514359773
250,5651,395.51218,1395,4920.2656,2.4756153,4,109.80815,1.2059352919997979,1.0162363963597498,3417.202159704456,0.99207419,0.86448574,0.0,True,1.1417769613998585,0.9707111994518249
251,6744,436.46762,1395,4458.5781,1.3898565,3,164.55508,1.330754370971906,1.0491831812323447,3848.2062544104206,1.0168818,0.8720184,0.0,True,1.2365925996803342,0.9960337468626412
252,6221,414.15594,1395,4698.7734,1.2889373,3,147.12454,1.2627568484021288,1.0331317107103937,3618.069350203206,0.99823195,0.86001003,0.0,True,1.18339937888149,0.9811952064972755
253,354,473.65558,1395,4108.5234,8.3177357,8,105.21638,1.4440822313860469,0.7056520201997075,2782.6937227815424,1.0650934,0.66529959,0.0,True,1.3303855819702328,0.6935462911397953
254,6944,490.1156,1395,3970.543,4.395925,6,58.864082,1.4942402898185267,1.0673749224205327,4335.523992813539,1.0708667,0.95633382,0.0,True,1.3672282128729687,1.0340625916943729
255,12477,502.92499,1395,3869.4141,10.117916,10,213.98601,1.5332727655345781,1.1416292550691112,4743.489183279137,1.0890676,1.0479158,0.0,True,1.4000112158742046,1.1135152185483779
256,5428,482.07764,1395,4036.7461,4.040689,5,48.078247,1.4697467126335473,1.0355943340010245,4145.720387305506,1.0719328,0.96613848,0.0,True,1.350402538843483,1.0147575778007172
257,8194,490.96182,1395,3963.6992,4.1963086,6,110.37272,1.496818972966119,1.0875714557051563,4424.254085785539,1.0788282,0.99136859,0.0,True,1.3714217410762832,1.0587105959936096
258,26459,568.42108,1395,3423.5625,2.9397085,5,120.52336,1.7328347690741477,1.25113625978388,5788.474704092601,1.1244518,1.0242257,0.0,True,1.5503198783519032,1.183063091848716
259,15566,505.83826,1395,3847.1289,4.2804112,6,170.37813,1.5421499143966209,1.1692187534737846,4882.84296721806,1.0838957,0.98634106,0.0,True,1.4046736500776345,1.114355445431649
260,8537,559.47076,1395,3478.332,5.3526917,7,70.423424,1.7055653896342533,1.110005282632194,5064.552651244169,1.1351492,0.97376502,0.0,True,1.5344405327439772,1.0691332038425359
261,28339,571.39136,1395,3405.7656,3.5155396,6,92.535805,1.7418844194085883,1.2603757720963789,5857.941247987183,1.1267908,1.0356201,0.0,True,1.5573563335860117,1.1929490704674652
262,124,406.58923,1395,4786.2188,2.9762089,3,101.53873,1.23969560531289,0.569771523546168,1966.380136610333,1.0056585,0.43966803,0.0,True,1.169484473719023,0.5307404754823176
263,45,335.54144,1395,5799.6562,2.9896846,3,90.338196,1.0231447019622706,0.4417966770882181,1291.8840704903396,0.91999125,0.33374068,0.0,True,0.9921986663735893,0.4093798779617527
264,19659,561.84192,1395,3463.6523,3.9309583,6,158.78087,1.7127897693708511,1.2129074377907938,5554.589607606406,1.1367486,1.0201434,0.0,True,1.5399774185595958,1.1550782264535555
265,9686,440.09396,1395,4421.8398,4.4402204,6,36.315937,1.3418057777852987,1.0933355211120666,4039.4654708255684,1.0197552,0.94891417,0.0,True,1.245190604449709,1.0500091157784466
266,2988,341.46896,1395,5698.9805,3.1317093,4,18.885906,1.0412127885083207,0.9253200502232263,2732.7858755605816,0.92586428,0.89901662,0.0,True,1.0066082359558246,0.9174290211562584
267,1990,396.54132,1395,4907.4961,5.5185089,6,35.262199,1.2090719052891312,0.8937846669838353,3012.4825484024955,0.97798109,0.70938742,0.0,True,1.1397446607023918,0.8384654928886848
268,4768,373.3205,1395,5212.7461,2.8899484,4,15.479459,1.1382977598154893,0.9895383887366425,3162.0625583457645,0.96839726,0.89316463,0.0,True,1.0873276098708424,0.9606262611156497
269,5245,316.96234,1395,6139.6094,3.8876309,5,26.971659,0.9665111238817238,0.9819117659920041,2714.912955681667,0.89705175,0.91400337,0.0,True,0.9456733117172067,0.9615392471944029
270,9259,440.59177,1395,4416.8438,3.5119951,6,101.86871,1.3433228401593558,1.0881119919456848,4024.174588923833,1.0199341,0.95859617,0.0,True,1.246306218111549,1.0492572453619793
271,0,233.06932,1395,8349.5547,3.43294,3,11.328484,0.7107579387148789,0.0,161.55134203302367,0.77812052,0.0,0.0,True,0.7309667131004153,0.0
272,6364,416.43045,1395,4673.1094,2.1962736,4,11.440355,1.2696887485962487,1.0364899055769643,3647.400462730633,1.0165439,0.92255569,0.0,True,1.193745294017374,1.002309640903875
273,31448,571.79535,1395,3403.3594,4.9673419,6,51.426567,1.7431152211530332,1.2732834067556564,5921.600850967807,1.1277275,1.0483611,0.0,True,1.5584989048071232,1.2058067147289595
274,0,313.99448,1395,6197.6406,1.3013291,3,15.297717,0.957464180042398,0.0,217.64438852338614,0.89336336,0.0,0.0,True,0.9382339340296786,0.0
275,60,281.18433,1395,6920.8164,5.8524466,5,26.892109,0.8574449271306054,0.4648878115200162,1160.485516878866,0.85890412,0.34818608,0.0,True,0.8578826849914238,0.4298772920640113
276,3368,344.79752,1395,5643.9648,4.1976056,4,23.135342,1.051358627605429,0.9402118535167517,2800.6757902331433,0.94388318,0.88953716,0.0,True,1.0191159933238003,0.9250094454617263
277,0,250.58456,1395,7765.9414,2.9790502,2,10.113143,0.7641579020712694,0.0,173.69198125585444,0.81675559,0.0,0.0,True,0.7799372084498886,0.0
278,12511,449.86469,1395,4325.8008,3.3752623,4,25.531851,1.3715820292922354,1.1267636237820164,4244.25893693034,1.0529317,0.99358779,0.0,True,1.2759869305045646,1.0868108736474116
279,2479,393.79892,1395,4941.6719,2.6210873,3,121.04914,1.2007135432342424,0.9188752989209013,3078.096566447489,0.99560213,0.83373457,0.0,True,1.1391801192639697,0.8933330802446309
280,2977,441.46515,1395,4408.1055,2.8065181,4,105.67262,1.3459845356616889,0.9531841047352153,3531.431136521012,1.0210974,0.85354245,0.0,True,1.2485183949631822,0.9232916083146507
281,10085,440.76251,1395,4415.1328,3.014616,5,110.53345,1.3438431834416569,1.0983420349473745,4063.3907896072596,1.020081,0.96647769,0.0,True,1.2467145284091599,1.0587827314631622
282,47445,577.26544,1395,3371.1094,0.64911669,3,70.183861,1.7597809912825715,1.3253936097421661,6215.629759586131,1.1313138,1.0888759,0.0,True,1.5712408338978,1.2544382968195162
283,29982,561.74243,1395,3464.2656,2.0122819,4,104.2183,1.7124867187432375,1.264658583380905,5790.67644246195,1.1367466,1.0630034,0.0,True,1.5397646831202663,1.2041620283666334
284,49275,578.64868,1395,3363.0508,0.020203263,2,44.705551,1.7639953024294788,1.3304436935709674,6252.422077391534,1.1310512,1.0592856,0.0,True,1.5741120717006352,1.2490962654996771
285,1737,414.31094,1395,4697.0156,2.9891739,4,99.621422,1.2632292183998197,0.8823426350761205,3091.2010666537067,0.98753595,0.86336052,0.0,True,1.1805212378798737,0.8766480005532844
286,1506,411.59854,1395,4727.9688,3.8744755,5,57.010448,1.254962570500795,0.8648044680093725,3012.3001931228077,0.97055686,0.7515198,0.0,True,1.1696408573505563,0.8308190676065608
287,0,368.17773,1395,5285.5586,4.0099459,4,107.36465,1.122622792991185,0.0,255.20135549446078,1.0025949,0.0,0.0,True,1.0866144250938294,0.0
288,23624,552.74927,1395,3520.6289,2.8780293,5,29.861355,1.6850863295979204,1.2329810954695268,5566.242126023057,1.068097,1.0064765,0.0,True,1.4999895307185442,1.1650297168286687
289,19001,501.12048,1395,3883.3477,3.0083647,5,49.202011,1.527774156129337,1.1920182929568928,4937.215433736978,1.1221495,1.064544,0.0,True,1.406086759290536,1.153776005069825
290,28690,568.16302,1395,3425.1172,4.141397,6,113.796,1.732048674505955,1.2610114557786019,5831.837512782995,1.0801892,1.0247247,0.0,True,1.5364908321541684,1.1901254290450214
291,914,414.31027,1395,4697.0234,3.024775,4,51.711384,1.263227121541161,0.8064652590632454,2825.6028214525572,0.98753595,0.69240147,0.0,True,1.1805197700788126,0.7722461223442718
292,33718,574.35773,1395,3388.1758,3.0474195,5,105.63768,1.7509221213945778,1.2825567708451595,5988.165478591471,1.0840791,1.0374393,0.0,True,1.5508692149762044,1.2090215295916116
293,19648,501.31915,1395,3881.8086,3.0605526,5,41.990471,1.5283795920418324,1.196126590300162,4955.957204745811,1.1211108,1.0452241,0.0,True,1.4061989544292828,1.1508558432101135
294,36967,577.0047,1395,3372.6328,3.0335486,5,111.72114,1.7589865788172745,1.2946049076683723,6068.840230328308,1.0851113,1.0430939,0.0,True,1.556823995172092,1.2191516053678606
295,51113,580.04401,1395,3354.9609,1.0185857,3,53.358261,1.7682463336515357,1.335348516633871,6288.740448693286,1.1310966,1.0683566,0.0,True,1.577101413556075,1.2552509416437097
296,31651,563.04138,1395,3456.2734,0.019225068,2,75.714821,1.7164443400098326,1.2716644179836574,5834.565966023266,1.1315331,1.0289525,0.0,True,1.5409709680068828,1.1988508425885602
297,53606,580.7594,1395,3350.8281,3.011291,5,55.940403,1.7704259289751716,1.341417323751019,6324.1525330547265,1.13122,1.0715494,0.0,True,1.5786641502826202,1.2604569466257134
298,5,420.42447,1395,4628.7148,3.997663,4,213.96681,1.2818612374134033,0.21227661160794922,818.108243084201,1.011144,0.18560037,0.0,True,1.2006460661893823,0.20427373912556446
299,33316,564.3515,1395,3448.25,1.0013795,3,40.930794,1.7204358535284574,1.2783199638399378,5877.0736010991595,1.1316345,1.0490581,0.0,True,1.5437954474699203,1.2095414046879565
300,26265,564.1131,1395,3449.707,3.0382442,5,85.835335,1.7197096403711438,1.2490656960348996,5740.453647450726,1.1018286,1.0784473,0.0,True,1.5343453282598007,1.1978801772244299
301,27419,564.63354,1395,3446.5273,2.0346603,4,47.256527,1.7212952913658417,1.254485315386285,5770.026520184353,1.1018718,1.0791267,0.0,True,1.535468243956089,1.2018777307703994
302,35602,564.3208,1395,3448.4375,3.5708206,6,55.389763,1.7203423634355237,1.2864574836116267,5914.202336741497,1.1316342,1.0492454,0.0,True,1.5437299144048666,1.2152938585281388
303,27788,566.06488,1395,3437.8125,4.5532355,6,80.502701,1.7256562105162883,1.2565165023229792,5792.220122026082,1.1019871,1.080281,0.0,True,1.5385554773614016,1.2036458516260855
304,29,405.20126,1395,4802.6133,4.0383139,4,91.288055,1.235465464751671,0.401200985340819,1391.4559420812589,0.98697478,0.30889705,0.0,True,1.1609182593261695,0.3735098047385733
305,4970,503.18152,1395,3867.4414,3.2461281,4,44.616474,1.5340544512798564,1.0302927876018053,4282.868480212394,1.0696957,0.92584252,0.0,True,1.3947468258958995,0.9989577073212638
306,2487,394.53711,1395,4932.4258,1.2190763,2,30.884998,1.2029634336859538,0.9194562403634566,3085.136707987196,0.98338175,0.86837381,0.0,True,1.1370889285801677,0.9041315112544196
307,0,349.77621,1395,5563.6289,0.45278218,1,29.411692,1.0665342426327706,0.0,242.44639378844334,0.93855911,0.0,0.0,True,1.0281417028429396,0.0
308,23648,563.63831,1395,3452.6133,3.4831777,5,111.13192,1.7182628815898322,1.2360553089563244,5676.4681513590285,1.1018133,1.073173,0.0,True,1.5333280071128825,1.187190616269427
309,29593,564.14954,1395,3449.4844,3.5121238,6,306.77002,1.7198205513073042,1.2637188259558823,5808.123007058544,1.101819,1.078903,0.0,True,1.534420085915113,1.2082740781691175
310,7594,522.54828,1395,3724.1055,4.4782319,6,150.55254,1.5930664882238466,1.0865650845773325,4669.165920089595,1.105356,0.92761809,0.0,True,1.4467533417566927,1.0388809862041328
311,58327,582.73218,1395,3339.4844,4.0141644,6,150.30412,1.7764361861562366,1.3523789003975009,6394.81825821111,1.1317003,1.0739027,0.0,True,1.5830154203093656,1.2688360402782506
312,14709,522.4798,1395,3724.5938,3.0212276,5,75.687279,1.5928577468348066,1.166931545330264,5013.899442664731,1.105355,0.96194565,0.0,True,1.4466069227843648,1.1054357767311846
313,41372,577.69922,1395,3368.5781,4.0266695,6,308.14883,1.7611025846386883,1.3086551205106174,6141.178377070174,1.0853744,1.0481772,0.0,True,1.5583841292470817,1.2305117443574323
314,18325,523.34369,1395,3718.4453,2.0255134,4,32.147018,1.5954901429773904,1.1938986152346884,5137.210041816238,1.1063535,0.99288112,0.0,True,1.4487491500841734,1.133593366664282
315,43367,578.57208,1395,3363.4961,4.0188212,6,58.798023,1.7637619023348623,1.3146966901533303,6177.7034878515515,1.0856605,1.0533063,0.0,True,1.5603314816344036,1.2362795731073313
316,60719,584.17395,1395,3331.2422,4.0353298,6,153.4016,1.7808288289511514,1.357745001640441,6434.118103594755,1.1321982,1.0755697,0.0,True,1.5862396402658059,1.2730924111483088
317,630,525.35815,1395,3704.1875,3.5640097,4,71.098412,1.6016280351807781,0.7845319155825072,3387.976601663614,1.103349,0.6059292,0.0,True,1.4521443246265446,0.7309511009077551
318,10156,526.4657,1395,3696.3945,5.8971939,6,107.65201,1.6050028745274632,1.1229312627133547,4857.181419863665,1.0920165,0.91858232,0.0,True,1.451106962169224,1.0616265798993483
319,29459,546.6842,1395,3559.6875,4.4708991,6,78.862503,1.6666071359816266,1.2583086787027697,5625.8301388854425,1.1308331,1.0386834,0.0,True,1.5058749251871386,1.1924210950919387
320,29120,570.29309,1395,3412.3242,4.477149,7,279.96072,1.7385384210546144,1.2634193514781509,5862.184778466923,1.1035532,1.0849751,0.0,True,1.5480428547382301,1.2098860760347057
321,13490,557.12634,1395,3492.9688,2.5316494,5,21.018353,1.698422544898415,1.165504561783568,5298.189147999584,1.1153411,0.95913476,0.0,True,1.5234981114288904,1.1035936212484976
322,769,416.46039,1395,4672.7734,3.0706668,5,44.316341,1.2697800076548222,0.7865411411659351,2768.49889265265,1.0103629,0.75504482,0.0,True,1.1919548753583755,0.7770922448161546
323,3777,423.15491,1395,4598.8477,3.0304525,5,43.893936,1.2901826338734401,0.9766115553912263,3485.6178464465293,1.0179489,0.89763778,0.0,True,1.2085125137114079,0.9529194227738584
324,10,411.802,1395,4725.6328,2.1259604,3,24.871181,1.2555826678494488,0.283392548810225,1023.2895281959982,1.0083137,0.1790639,0.0,True,1.1814019774946143,0.2520939541671575
325,371,437.70126,1395,4446.0117,3.0524476,4,61.831753,1.3345139815249496,0.7045935432467516,2591.882335466907,1.0888288,0.74193221,0.0,True,1.2608084270674647,0.7157951432727261
326,0,325.29349,1395,5982.3672,1.9891169,2,10.349441,0.9919066803983152,0.0,225.47626544800477,0.91848576,0.0,0.0,True,0.9698804042788207,0.0
327,32632,547.79633,1395,3552.4609,1.989388,4,12.774949,1.6699955269268991,1.271131883102647,5693.307498113442,1.1312495,1.0441489,0.0,True,1.5083717188488293,1.2030369881718528
328,99571,612.22302,1395,3178.6211,2.974798,5,105.55051,1.8662813384582526,1.4269594251740483,7045.8582076638695,1.2332045,1.3565104,0.0,True,1.676358286920777,1.4058247176218337
329,18032,505.15506,1395,3852.332,3.1307364,5,54.79789,1.5400681113190458,1.1868362120262514,4950.526732943403,1.118793,1.0393019,0.0,True,1.413685577923332,1.142575918418376
330,22827,525.29443,1395,3704.6367,3.0236623,5,44.375839,1.6014339370342283,1.2211681703769524,5271.742978436276,1.1083601,1.0188498,0.0,True,1.45351178592396,1.1604726592638666
331,100742,614.35284,1395,3167.6016,3.0422416,5,110.90637,1.8727696892999297,1.4290238284192027,7077.552321790356,1.2326636,1.3551782,0.0,True,1.6807378625099507,1.4068701398934418
332,4127,448.68808,1395,4337.1445,4.0030956,5,53.617863,1.3679963420523469,0.9940166390673154,3735.68296554202,1.092308,1.0543854,0.0,True,1.2852898394366428,1.0121272673471209
333,219,389.72931,1395,4993.2734,3.086833,4,56.430264,1.1883100940253961,0.6333189381041584,2103.82222493025,0.99854821,0.84446621,0.0,True,1.1313815288177773,0.696663119672911
334,1607,391.56631,1395,4969.8477,3.0621138,5,51.678368,1.1939090176950833,0.8673596196651803,2891.078220689345,0.99938822,0.86621058,0.0,True,1.1355527783865582,0.8670149077656262
335,28992,526.26715,1395,3697.7891,3.0487843,5,55.417343,1.6043978840946798,1.2505395393413874,5407.312969097332,1.1082656,1.0759424,0.0,True,1.4555581988662758,1.1981603975389712
336,2721,392.26529,1395,4960.9922,3.0187771,5,54.687382,1.1960393174981334,0.9293953205212934,3102.618189595625,1.0001824,0.86890233,0.0,True,1.1372822422486935,0.9112474233649053
337,18324,506.45071,1395,3842.4766,3.0599325,5,92.574051,1.5440161096666734,1.1891501353175813,4971.358707992745,1.1164007,1.0266671,0.0,True,1.4157314867666715,1.1404052247223069
338,2607,422.9566,1395,4601.0039,3.0095201,4,40.374561,1.2895782694506428,0.9326183583807685,3327.2821108656613,1.0178809,0.86935091,0.0,True,1.2080690586154499,0.9136381238665379
339,18947,558.19568,1395,3486.2773,4.0600443,6,62.453144,1.7016805985110643,1.2074182207671478,5497.951944197564,1.1161777,1.0029455,0.0,True,1.526029728957745,1.1460764045370033
340,0,394.66025,1395,4930.8867,1.9916391,2,181.4128,1.203338767873294,0.0,273.55763956658313,1.0099555,0.0,0.0,True,1.1453237875113058,0.0
341,44236,578.93719,1395,3361.375,3.986254,6,61.742149,1.7648742122530374,1.3172417349021985,6193.087628469628,1.085941,1.0560772,0.0,True,1.5611942485771264,1.238892374431539
342,35666,547.77521,1395,3552.5977,3.019248,5,61.011749,1.6699312565347577,1.2819990445544518,5741.784794725915,1.1312492,1.0459337,0.0,True,1.5083266395743304,1.2111794411881163
343,48666,581.86029,1395,3344.4883,4.0333905,6,90.956223,1.7737799363101194,1.3298179189794375,6279.888360308157,1.088733,1.0735087,0.0,True,1.5682658554170836,1.2529251532856063
344,48485,581.82904,1395,3344.668,4.0317273,6,278.8652,1.773684692845708,1.329350020721466,6277.383185700812,1.0891179,1.0756849,0.0,True,1.5683146549919955,1.253250484505026
345,27595,560.81537,1395,3469.9922,4.025465,6,153.0358,1.709662194412925,1.254226949548775,5734.596451317788,1.1179807,1.040035,0.0,True,1.5321577460890474,1.1899693646841425
346,36188,548.60284,1395,3547.2383,4.0190225,6,153.00935,1.6724528763359057,1.2840129416821238,5758.430620911854,1.1316928,1.0495565,0.0,True,1.510224853435134,1.2136760091774865
347,158699,618.30786,1395,3147.3398,4.0021038,6,105.8045,1.8848184637416894,1.486576793690676,7404.098869264739,1.2320141,1.349788,0.0,True,1.6889771546191825,1.445540155583473
348,1352,419.82111,1395,4635.3672,2.7504025,3,113.04373,1.2800223807242523,0.8540605444883751,3027.253807145191,1.0123396,0.76209879,0.0,True,1.1997175465069767,0.8264720181418626
349,601,351.33319,1395,5538.9727,1.4606837,2,18.276693,1.071280102794327,0.742480149809851,2249.2059908420197,0.9391343,0.55296767,0.0,True,1.031636361956029,0.6856264058668957
350,694,383.94644,1395,5068.4805,2.7126064,3,108.26523,1.1706846725150724,0.7670395245298219,2513.0637006406096,1.0028769,0.73799181,0.0,True,1.1203423407605506,0.7583252101708754
351,21967,502.19748,1395,3875.0195,2.0407186,4,33.97858,1.5310559577109581,1.209880854640631,5020.662883272722,1.1207572,1.0341684,0.0,True,1.4079663303976706,1.1571671182484418
352,13,303.59573,1395,6409.9219,2.9953237,3,33.032787,0.9257651444002397,0.30105363579270983,822.1524776802722,0.90565735,0.1955052,0.0,True,0.9197328060801678,0.2693891050548969
353,488,370.14706,1395,5257.4375,2.9845862,3,167.31018,1.1286252196430815,0.7227339576744769,2292.8409439655447,1.0018319,0.84819955,0.0,True,1.090587223750157,0.7603736353721339
354,993,386.92667,1395,5029.4414,3.0271916,4,72.366997,1.1797680489007702,0.8097151682685662,2670.8552611554596,1.0006847,0.90923113,0.0,True,1.1260430442305391,0.8395699567879964
355,24165,504.74408,1395,3855.4688,2.0835714,4,25.962191,1.5388157653113252,1.2221688733429126,5094.252454440506,1.1200109,1.0176431,0.0,True,1.4131743057179276,1.1608111413400388
356,1431,387.02646,1395,5028.1445,2.0123155,4,95.438835,1.180072223300257,0.8525735016758984,2812.724639292323,1.0004333,0.86134923,0.0,True,1.12618054631018,0.855206220173129
357,26984,504.78088,1395,3855.1875,2.9860091,5,50.468407,1.5389279892762693,1.23554065896344,5150.316415991755,1.1200113,1.024321,0.0,True,1.4132529824933886,1.172174761274408
358,82007,610.94366,1395,3185.2773,3.0666416,5,108.76205,1.8623838608697647,1.4025339108004442,6912.5735291541205,1.2334238,1.3573176,0.0,True,1.673695842608835,1.3889690175603109
359,3276,387.02768,1395,5028.1289,3.0085335,4,50.028324,1.1800758830726108,0.949701288318541,3132.984719139418,1.0004333,0.81137556,0.0,True,1.1261831081508276,0.9082035698229787
360,0,304.71231,1395,6386.4336,3.0030842,3,32.988983,0.9291688973078721,0.0,211.21047855840803,0.90456718,0.0,0.0,True,0.9217883821155104,0.0
361,2158,383.06638,1395,5080.125,2.9796538,3,144.85043,1.1680023225789526,0.899658655234428,2941.1313773389293,0.9915266,0.79731578,0.0,True,1.1150596058052669,0.8689557926640996
362,0,342.81372,1395,5676.625,1.9970886,2,41.131138,1.0453118146798845,0.0,237.62036347526652,0.96841747,0.0,0.0,True,1.0222435112759192,0.0
363,5078,441.07782,1395,4411.9766,3.3319845,6,39.976521,1.3448040942574457,1.0166943763913865,3763.7463876306715,1.090945,1.0490053,0.0,True,1.2686463659802119,1.0263876534739704
364,5704,435.70151,1395,4466.418,4.0467486,5,55.953236,1.3284195443748907,1.0290403799057322,3768.5015381967232,1.0896344,0.99014449,0.0,True,1.2567840010624236,1.0173716129340125
365,141389,598.22546,1395,3252.9961,2.0073819,4,30.717913,1.8236377621578594,1.4662346161104869,7094.525854212299,1.1345836,1.2158496,0.0,True,1.6169215135105015,1.3911191112773407
366,803,420.71634,1395,4625.5039,4.0461898,5,120.67518,1.2827506863120224,0.7926075849644204,2814.946674472803,1.0125353,0.76263976,0.0,True,1.2016860704184156,0.7836172374750943
367,2,420.0296,1395,4633.0664,3.997848,4,120.34027,1.2806577708652804,0.13014232930816472,582.2846659834432,1.0124911,0.082064703,0.0,True,1.2002077696056963,0.11571904141571529
368,4964,435.70685,1395,4466.3633,2.9648561,5,31.234543,1.3284358063805062,1.012512471385245,3708.0264902501435,1.0896345,0.96327102,0.0,True,1.2567954144663542,0.9977400359696714
369,8522,590.18726,1395,3297.3008,3.5070109,6,164.70099,1.7991490207975458,1.1171046456674085,5341.57300903131,1.1040733,1.1243012,0.0,True,1.590626304558282,1.119263611967186
370,0,414.42813,1395,4695.6875,2.0077,2,43.983612,1.2635863504408413,0.0,287.2596898542305,0.98706758,0.0,0.0,True,1.180630719308589,0.0
371,142285,598.22546,1395,3252.9961,2.9925382,5,61.299583,1.8236377621578594,1.4670156360096207,7098.304869818843,1.1345836,1.2157245,0.0,True,1.6169215135105015,1.3916282952067345
372,2,417.93649,1395,4656.2695,3.0740705,4,51.112404,1.2742787431333802,0.1300654078069978,579.3829993932395,1.0087757,0.082042173,0.0,True,1.1946278301933662,0.11565843736489846
373,0,416.67773,1395,4670.3359,2.0427256,3,45.301102,1.2704424362205122,0.0,288.8189937516181,0.98733819,0.0,0.0,True,1.1855111623543586,0.0
374,3895,435.70493,1395,4466.3828,2.0162418,4,10.983471,1.3284300090933479,0.9836645037789968,3602.391937490241,1.0896344,0.92576861,0.0,True,1.2567913263653434,0.9662957356452977
375,0,589.07697,1395,3303.5156,3.5162427,4,32.361485,1.795766386229295,0.0,408.3170408882954,,,,False,1.795766386229295,0.0
376,0,492.68405,1395,3949.8438,4.0022759,4,43.985367,1.502066909536394,0.0,341.50256016435515,1.0622599,1.0325344,9.192902408246407,True,1.3701248066754759,0.3097603200000001
377,3073,441.53207,1395,4407.4375,5.9355841,7,73.499107,1.3461884432280897,0.9569821381906505,3545.9706256762133,1.0909313,0.94658494,0.0,True,1.2696113002596627,0.9538629787334554
378,0,372.18982,1395,5228.582,1.5314392,2,8.1808519,1.1348514952325686,0.0,257.9823243661135,1.0150076,0.85900974,7.823192869142661,True,1.0988983266627979,0.257702922
379,0,326.04306,1395,5968.6133,2.0615482,2,7.6868458,0.9941916358302019,0.0,225.9958277801371,0.92903566,0.83572304,7.242254766565047,True,0.9746448430811413,0.250716912
380,5036,378.15262,1395,5146.1367,3.0812001,5,29.338108,1.1530256769670781,0.9974237190093047,3223.66201426436,1.0142007,0.92078561,0.0,True,1.1113781838769548,0.9744322863065134
381,2621,440.87054,1395,4414.0508,3.607862,5,71.825264,1.3441724455788777,0.9378624197371321,3470.5655064238576,1.0894402,0.85808164,0.0,True,1.2677527719052144,0.9139281858159924
382,13353,591.14252,1395,3291.9727,3.0323653,5,52.342178,1.8020591984980812,1.1727643977680182,5615.644749762352,1.1041721,1.1244752,0.0,True,1.5926930689486567,1.1582776384376128
383,13,332.7374,1395,5848.5312,3.9896669,4,50.866955,1.01459741016962,0.3042330866084723,901.0695829842265,0.97540987,0.7461949,0.0,True,1.002841148118734,0.4368216306259306
384,3568,435.62225,1395,4467.2305,2.9991775,4,50.697113,1.3281780395163238,0.973212457054749,3563.529785190881,1.0891788,0.791942,0.0,True,1.2564782676614268,0.9188313199383242
385,42843,593.09827,1395,3281.1172,2.9993613,5,119.41135,1.8080176375173447,1.3172180207057174,6325.597212421799,1.1043929,1.1278833,0.0,True,1.596930216262141,1.260417604494002
386,1910,417.15399,1395,4665.0039,3.0025492,4,50.471081,1.2718939025606042,0.894288184058207,3151.9759578612966,0.98756635,0.79886699,0.0,True,1.1865956367924229,0.8656618258407449
387,151635,598.30591,1395,3252.5586,3.0155199,5,73.833656,1.8238829080037335,1.4749088095290646,7137.337657142736,1.1344345,1.216342,0.0,True,1.6170483856026134,1.3973387666703454
388,5180,420.35388,1395,4629.4922,4.4004555,5,217.04651,1.281646075888147,1.0132573246503522,3595.2641883295373,1.0228803,0.89463037,0.0,True,1.2040163431217028,0.9776692382552465
389,44105,593.07214,1395,3281.2617,2.0126917,4,51.436283,1.8079380646497232,1.32079621359895,6342.5351430698565,1.1040198,1.1276019,0.0,True,1.5967625852548062,1.262837919519265
390,151850,598.09259,1395,3253.7188,2.7675159,5,49.232723,1.823232953545177,1.4750190080153416,7135.640321446499,1.1342475,1.215804,0.0,True,1.6165373174816238,1.397254505610739
391,9492,528.07294,1395,3685.1445,2.516572,4,55.047474,1.6098999655794775,1.1151156891381,4836.311292742665,1.0851767,0.98783749,0.0,True,1.4524829859056343,1.0769322293966699
392,7606,493.30557,1395,3944.8672,1.2289298,3,100.11346,1.5039608638559108,1.0792052742728513,4408.649978407019,1.0881498,0.98862606,0.0,True,1.3792175446991375,1.0520315099909958
393,3714,392.45163,1395,4958.6367,2.9801168,4,55.071983,1.1966072427026473,0.9659959696954404,3226.1105958260455,1.0000144,0.78929174,0.0,True,1.137629389891853,0.9129847007868084
394,42,418.81418,1395,4646.5117,4.0536728,5,94.17189,1.2769536115476616,0.4454014244828814,1584.8722784939769,0.98744386,0.28043133,0.0,True,1.1901006860833632,0.39591039613801693
395,28091,525.94324,1395,3700.0664,2.0109341,4,16.39488,1.6034109500673892,1.246603893579841,5387.381617217865,1.1082999,1.0774101,0.0,True,1.4548776350471724,1.1958457555058888
396,5264,448.68887,1395,4337.1367,3.9943693,6,91.83345,1.367998801152441,1.0230638868272135,3844.8267455200767,1.091881,1.0366482,0.0,True,1.2851634608067088,1.0271391807790495
397,47772,593.07007,1395,3281.2734,3.0394025,5,57.483444,1.8079316220320123,1.3306592582681882,6389.877395377062,1.1040198,1.1280292,0.0,True,1.5967580754224087,1.2698702407877318
398,0,419.14682,1395,4642.8242,4.0042872,4,91.674133,1.2779673778905474,0.0,290.5304365236669,0.98754221,0.0,0.0,True,1.1908398275233831,0.0
399,54780,595.10828,1395,3270.0352,4.0117974,6,52.805145,1.8141411814996857,1.3481355480216737,6493.296042079818,1.1041704,1.1292815,0.0,True,1.60114994704978,1.2824793336151716
400,20306,505.72375,1395,3848.0,3.0586262,5,40.834606,1.541800987957548,1.2013826369599994,5016.157648828907,1.115646,1.0255054,0.0,True,1.4139544915702835,1.1486194658719995
401,58297,597.49146,1395,3256.9922,4.018085,6,52.275726,1.8214016601931602,1.3564929952951748,6556.477068845381,1.1047664,1.1305547,0.0,True,1.606411082135212,1.2887115067066224
402,28476,526.96692,1395,3692.8789,3.0314691,5,74.770645,1.606530001196131,1.248555678761306,5405.040224079138,1.1087993,1.0785389,0.0,True,1.4572107908372915,1.197550645132914
403,0,492.86975,1395,3948.3555,0.97005963,2,30.497522,1.5026328146002454,0.0,341.6312775957851,1.0884618,1.0057468,14.611158131350512,True,1.3783815102201717,0.3017240400000001
404,5171,492.66162,1395,3950.0234,2.0498211,4,67.813438,1.5019986479929648,1.0324524388842453,4212.852020725005,1.0880225,0.99002594,0.0,True,1.3778058035950753,1.0197244892189716
405,117540,615.45789,1395,3161.9141,3.0029945,5,134.50824,1.8761362085135498,1.4484757538521493,7185.1945223915045,1.2324616,1.3531697,0.0,True,1.6830338259594848,1.4198839376965045
406,1284,439.34644,1395,4429.3633,4.0134478,5,152.76738,1.339527680710936,0.852540171708513,3145.4094112936286,1.0907456,0.83698702,0.0,True,1.2648930564976553,0.8478742261959591
407,123469,615.61761,1395,3161.0938,3.0062776,5,171.64453,1.8766227557452009,1.4546282105667665,7217.3540900377575,1.2324634,1.3522087,0.0,True,1.6833749490216408,1.4239023573967364
408,5887,489.44049,1395,3976.0195,4.0291324,5,73.636269,1.4921831840282733,1.0472784225011385,4248.7553090247175,1.1095691,1.0130433,0.0,True,1.3773989588197912,1.037007885750797
409,2178,449.85208,1395,4325.9219,3.9610803,5,133.63585,1.3715436509232202,0.9180166702087995,3458.048997205767,1.014775,0.77006096,0.0,True,1.264513055646254,0.8736299571461597
410,137965,616.32745,1395,3157.4531,2.9813981,5,55.475109,1.8787852250873924,1.468611480197069,7294.093495319406,1.2323653,1.3509425,0.0,True,1.6848592475611746,1.4333107861379484
411,138224,616.61426,1395,3155.9844,3.0488524,5,52.39748,1.8796590013669985,1.468928947577974,7298.6442860944535,1.2321594,1.3508378,0.0,True,1.685409120956899,1.433501603304582
412,59070,586.05005,1395,3320.5781,4.0417075,6,73.288948,1.7865445521465875,1.3548859451931536,6438.6460932089485,1.1313859,1.0914879,0.0,True,1.589996956502611,1.2758665316352076
413,3849,450.00244,1395,4324.4766,4.0201697,6,171.05344,1.3720018279161754,0.986036655365641,3715.2598050717556,1.0151058,0.87221992,0.0,True,1.2649330195413229,0.9518916347559487
414,7185,490.21155,1395,3969.7656,4.0047727,6,72.181755,1.4945327598478015,1.0715164279857452,4353.092837719337,1.109781,1.0139945,0.0,True,1.379107231893461,1.0542598495900215
415,65710,598.06458,1395,3253.8711,4.0138397,6,135.63797,1.8231476681114802,1.371452201675436,6634.352416364292,1.1045103,1.1351131,0.0,True,1.6075564576780361,1.300550471172805
416,4345,450.07886,1395,4323.7422,3.071281,5,49.556744,1.3722347586124204,1.0005304227575638,3770.4191831884323,1.0125426,0.84919256,0.0,True,1.2643271110286942,0.9551290639302946
417,4605,450.61707,1395,4318.5781,3.03737,5,51.842972,1.3738748996659869,1.0076139413122032,3801.1046646401796,1.0140644,0.87173355,0.0,True,1.2659317497661908,0.9668498239185422
418,59897,586.32874,1395,3319.0,4.0164557,6,72.758461,1.787393497029979,1.3566799642259224,6449.859518887907,1.1302922,1.085411,0.0,True,1.5902631079209852,1.2752992749581455
419,10387,490.104,1395,3970.6367,4.0267606,6,37.775856,1.4942050461439276,1.1159549777704147,4532.7282324992,1.1097854,1.0156341,0.0,True,1.3788791523007493,1.0858587144392904
420,10,341.1561,1395,5704.207,3.018369,3,33.916969,1.0402591079567494,0.27722983060810674,847.7410615057399,0.91461325,0.17776915,0.0,True,1.0025653505697245,0.24739162642567472
421,1150,403.702,1395,4820.4492,3.0448604,4,48.023254,1.230896077378391,0.8310556740647863,2845.798277924664,0.99482262,0.81557959,0.0,True,1.1600740401648737,0.8264128488453504
422,65196,598.38208,1395,3252.1445,4.0168104,6,170.66684,1.824115002771561,1.3705711884192782,6633.175502543844,1.10448,1.1350025,0.0,True,1.6082245019400927,1.2999005818934948
423,41380,567.45441,1395,3429.3945,4.0444746,6,33.688366,1.729889642137201,1.3058051366481929,6032.381578796703,1.1133146,1.035853,0.0,True,1.5449171294960407,1.224819495653735
424,1454,364.74594,1395,5335.2891,2.9549801,4,39.54924,1.1121626901635437,0.8485435478115549,2656.608170639173,0.99198312,0.81575406,0.0,True,1.0761088191144805,0.8387067014680885
425,165,331.08002,1395,5877.8086,2.9433248,4,33.367004,1.0095454133722244,0.5889760358446318,1694.4654937748155,0.91187954,0.71337843,0.0,True,0.9802456513605571,0.6262967540912423
426,9080,490.09775,1395,3970.6875,4.0117893,6,33.482697,1.4941859392757573,1.0997278819609926,4466.775257071684,1.1098999,1.0152022,0.0,True,1.3789001274930301,1.0743701773726948
427,43569,567.51648,1395,3429.0195,4.0159464,6,72.871979,1.7300787138156923,1.3121545140745678,6062.294504247234,1.1133153,1.0373045,0.0,True,1.5450496896709847,1.2296995098521974
428,31615,548.34137,1395,3548.9297,3.0106812,5,72.725784,1.6716562436132034,1.2674136294856786,5681.611814086801,1.1316795,1.0560133,0.0,True,1.5096632205292424,1.203993530639975
429,165831,618.38306,1395,3146.957,3.9966712,6,276.65451,1.8850475899278905,1.4920565524245066,7432.1830769975395,1.2319244,1.3490688,0.0,True,1.6891106329495233,1.4491602266971546
430,2943,447.66397,1395,4347.0664,3.0132642,5,73.430122,1.3648754140972785,0.9533988533241359,3575.87895307418,1.0143865,0.86982429,0.0,True,1.259728739868095,0.9283264843268951
431,2486,447.66397,1395,4347.0664,3.0021801,4,40.879745,1.3648754140972785,0.9332636043948447,3500.389537975333,1.0143865,0.91108179,0.0,True,1.259728739868095,0.9266090600763913
432,1,341.79041,1395,5693.6211,3.0006726,3,33.767185,1.0421925369362368,0.08015459746858065,375.4951445749116,0.91654438,0.051394846,0.0,True,1.0044980898553657,0.07152667202800646
433,1509,411.44861,1395,4729.6914,2.9527285,4,77.080856,1.2545056940181178,0.865002276323145,3012.020643094641,1.0010593,0.76864058,0.0,True,1.1784717758126826,0.8360937674262015
434,32303,548.33594,1395,3548.9648,3.009773,5,73.753838,1.6716397198971276,1.27004537765783,5693.359615596578,1.1316795,1.0509214,0.0,True,1.5096516539279892,1.204308184360481
435,68658,599.74792,1395,3244.7383,4.0439177,6,125.2091,1.8282760281715837,1.3773560788445318,6679.345844892358,1.1045555,1.1349274,0.0,True,1.6111598697201086,1.3046274751911722
436,28693,562.2915,1395,3460.8828,3.087307,5,100.81829,1.7141596024088832,1.2594184241284045,5771.628827231578,1.1356502,1.0687754,0.0,True,1.5406067816862181,1.2022255168898832
437,66427,599.72913,1395,3244.8398,3.0026665,5,163.22862,1.8282188741300263,1.3732653472313736,6659.325681853827,1.1045552,1.1348226,0.0,True,1.6111197718910182,1.3017325230619614
438,5234,431.36035,1395,4511.3672,4.0286641,6,43.158867,1.3151896445821116,1.017599698755038,3693.873747635165,1.0089595,0.92152542,0.0,True,1.2233206012074782,0.9887774151285267
439,41858,568.5047,1395,3423.0586,4.0870366,6,40.578178,1.733089706446646,1.3075126358138094,6050.075906530176,1.1135095,1.034308,0.0,True,1.5472156445126521,1.2255512450696666
440,65934,598.56036,1395,3251.1758,3.9529998,6,89.659081,1.8246581705287983,1.37201336487134,6641.889033476353,1.1044818,1.1349825,0.0,True,1.608605259370159,1.300904105409938
441,1252,365.77484,1395,5320.2812,2.9530859,4,119.23332,1.1152987939901708,0.8314014790004698,2609.471989414325,0.99313933,0.74854332,0.0,True,1.0786509547931196,0.8065440313003289
442,1813,411.71588,1395,4726.6211,2.9880502,4,35.051674,1.2553202462418822,0.8867459227924921,3089.450396407016,0.97882491,0.75078851,0.0,True,1.1723716453693176,0.8459586989547444
443,2,333.06174,1395,5842.8359,3.0850797,4,36.707268,1.0155860498387235,0.1266633082925888,461.7216120667791,0.91458172,0.081445955,0.0,True,0.9852847508871064,0.11309810230481214
444,2,363.22928,1395,5357.5664,3.058007,4,46.409824,1.1075399315206842,0.1279416197357699,503.54270265763785,0.99196845,0.081939362,0.0,True,1.072868487064479,0.11414094241503893
445,8622,490.14404,1395,3970.3125,4.0026569,6,35.551449,1.4943269955816818,1.09349579981749,4441.834437953287,1.1099644,0.9935109,0.0,True,1.3790182169071772,1.063500329872243
446,60928,586.52197,1395,3317.9062,3.0150685,5,71.607521,1.7879823844530789,1.3588399204094819,6461.994627268074,1.1299518,1.0838469,0.0,True,1.5905732091171552,1.2763420142866373
447,6867,431.76263,1395,4507.1641,4.0476913,6,122.17123,1.3164155643917594,1.049980385694458,3814.5251774801172,1.009532,0.9286325,0.0,True,1.2243504950742317,1.0135760199861206
448,0,363.05933,1395,5360.0742,2.0039008,3,42.013268,1.1070219437911843,0.0,251.65355096548276,0.99179059,0.0,0.0,True,1.0724525376538292,0.0
449,7921,431.14423,1395,4513.6289,3.9597073,5,47.614536,1.3145309180824314,1.0667668455049892,3870.608190075755,1.0093321,0.93203384,0.0,True,1.222971272657702,1.0263469438534925
450,5528,448.31781,1395,4340.7266,3.1055753,4,42.130943,1.3668679496509313,1.0288037571747541,3863.577374838207,1.0893304,0.97658765,0.0,True,1.283606684755652,1.013138925022328
451,2779,430.50784,1395,4520.3008,3.1952949,5,55.700874,1.3125915471249856,0.9421657095285972,3414.170775884019,1.0081109,0.8620171,0.0,True,1.2212473529874899,0.918121126670018
452,34758,528.02979,1395,3685.4453,3.0587101,5,74.878723,1.609768639452512,1.2731333651245311,5521.197012782925,1.1094496,1.0829786,0.0,True,1.4596729276167584,1.2160869355871717
453,27323,581.18085,1395,3348.3984,3.1335952,5,108.74765,1.7717098371455047,1.2585134126679727,5937.086282419057,1.0944617,1.0376791,0.0,True,1.5685353960018533,1.192263118867581
454,78,389.60434,1395,4994.875,4.0366454,4,218.12407,1.1879292164876167,0.5130406042068812,1707.2565948645386,0.9965409,0.32600456,0.0,True,1.1305127215413318,0.45692979094481684
455,50991,527.83289,1395,3686.8203,3.0168486,5,39.790627,1.60916860158153,1.3197351170679839,5721.414866390936,1.1100495,1.0903038,0.0,True,1.459432871107071,1.2509057219475888
456,48848,581.6524,1395,3345.6836,3.9462934,6,134.43764,1.773146603112839,1.3302193282194619,6279.815753891144,1.0945414,1.0550854,0.0,True,1.5695650421789873,1.2476791497536233
457,88868,635.31519,1395,3063.0859,2.0296226,4,109.7498,1.9366288571672852,1.4193691710820717,7239.372058732454,1.2517154,1.4616129,0.0,True,1.7311548200170996,1.4320422897574503
458,49267,527.63892,1395,3688.1758,3.0355382,5,47.469257,1.6085775110325529,1.315488711090821,5701.1651019713645,1.1101164,1.0890062,0.0,True,1.459039177722787,1.2475439577635747
459,130389,636.86237,1395,3055.6445,2.9966025,5,86.064949,1.9413420375182793,1.4675661230419046,7501.1515357443095,1.2515848,1.4619318,0.0,True,1.7344148662627954,1.4658758261293332
460,171388,618.34698,1395,3147.1406,2.9979811,5,123.71626,1.884937688598775,1.4961375963656542,7452.130406963306,1.2319237,1.3484405,0.0,True,1.6890334920191425,1.451828467455958
461,99123,619.40106,1395,3141.7852,4.0297976,6,72.831398,1.8881486571145383,1.4284628584875667,7125.674626750847,1.21919,1.2838339,0.0,True,1.687461059980177,1.3850741709412966
462,4955,446.1853,1395,4361.4727,4.0802088,6,82.639854,1.3603691856801485,1.0151649865210248,3796.392610543609,1.0795476,0.91426039,0.0,True,1.2761227099761039,0.9848936075647173
463,169883,618.23419,1395,3147.7148,3.0282979,5,75.659691,1.8845940602738251,1.4950088280388016,7445.318317586944,1.2318453,1.3482444,0.0,True,1.6887694321916775,1.4509794996271612
464,19148,561.9585,1395,3462.9336,4.1175337,6,76.049438,1.713145037941437,1.2097072198276013,5540.943400563364,1.1169941,1.0233548,0.0,True,1.534299756559006,1.1538014938793208
465,172151,618.44525,1395,3146.6406,3.9708965,6,97.712105,1.8852370142329231,1.4967185331516668,7456.061833124692,1.23204,1.3423313,0.0,True,1.6892779099630462,1.4504023632061667
466,2991,447.9111,1395,4344.668,3.9996042,5,75.412651,1.3656285236499683,0.9553921530183551,3585.0945571169614,1.0898316,0.94191468,0.0,True,1.2828894465549778,0.9513489111128486
467,165799,617.88611,1395,3149.4883,3.0526133,5,67.407875,1.8835335049908197,1.4918838207151455,7426.091123846192,1.2318599,1.340454,0.0,True,1.6880314234935738,1.4464548745006018
468,0,404.17856,1395,4814.7656,1.998708,2,64.691185,1.2323484878808635,0.0,280.15522930677866,1.0098529,0.0,0.0,True,1.1655998115166044,0.0
469,19895,563.28839,1395,3454.7578,3.052527,5,44.263264,1.7171969073553721,1.2147542581584057,5575.6111279903,1.1175495,1.028814,0.0,True,1.5373026851487603,1.158972180710884
470,9030,490.14453,1395,3970.3086,4.0250802,6,39.811306,1.4943284627071924,1.0990743140496415,4464.495717568119,1.1099644,0.99866068,0.0,True,1.3790192438950346,1.068950223834749
471,3392,414.08023,1395,4699.6328,4.0286026,5,75.17495,1.2625260321555862,0.9613986810158899,3366.3747315602727,0.9808414,0.83583874,0.0,True,1.1780206425089104,0.9237306987111229
472,45634,565.29474,1395,3442.4961,4.1053457,6,147.71573,1.7233097763230332,1.3172084905125092,6064.737573098653,1.1142696,1.0382032,0.0,True,1.5405977234261232,1.2335069033587565
473,59941,586.61316,1395,3317.3906,3.0121274,5,75.30088,1.7882601112495045,1.3568516177162289,6453.419007105359,1.1294571,1.0795107,0.0,True,1.5906192078746533,1.2736493424013602
474,53309,581.64563,1395,3345.7227,3.053477,5,123.95345,1.7731258935026368,1.340984593502716,6330.571690364431,1.0945414,1.0604289,0.0,True,1.569550545451846,1.2568178854519012
475,6358,487.80148,1395,3989.3789,4.0667319,6,42.780083,1.4871887516458433,1.056135535638668,4272.059829079619,1.1099581,0.99564368,0.0,True,1.3740195561520903,1.0379879789470676
476,58385,581.69385,1395,3345.4453,2.9802523,5,46.145138,1.7732728309665164,1.3522044643423614,6384.0019011538925,1.0945419,1.0677077,0.0,True,1.5696535516765615,1.2668554350396528
477,5630,486.83954,1395,3997.2617,4.0438671,5,44.118858,1.4842574077201698,1.0412252856027544,4204.453322402239,1.1104045,0.99544561,0.0,True,1.3721015354041188,1.027491382921928
478,64057,582.10504,1395,3343.082,3.9437063,6,71.172058,1.7745256479920553,1.3637462022140892,6442.48234746017,1.0947561,1.0732049,0.0,True,1.5705947835944385,1.2765838115498624
479,2349,416.20605,1395,4675.6289,3.9891562,5,168.48749,1.2690048592004723,0.9185174187724625,3230.8394391084703,1.0086476,0.85736316,0.0,True,1.1908976814403307,0.9001711411407237
480,0,414.87439,1395,4690.6367,2.0394905,3,56.785969,1.2649463794281284,0.0,287.56901371502715,1.0070764,0.0,0.0,True,1.1875853855996898,0.0
481,45601,479.73746,1395,4056.4375,2.9875076,4,48.30896,1.4626155518316002,1.2911259443523515,5146.493357835182,1.1135211,1.1257128,0.0,True,1.3578872162821203,1.241502001046646
482,104,359.57516,1395,5412.0117,3.9907827,4,109.11028,1.096402101169556,0.5413514099652141,1676.8568584156014,0.99636924,0.4566296,0.0,True,1.0663922428186892,0.5159348669756498
483,135125,636.56128,1395,3057.0898,3.0397568,5,49.862732,1.9404248295151583,1.4719248998528436,7520.316091660532,1.2515814,1.4621615,0.0,True,1.7337718006606107,1.4689958798969904
484,137124,637.57227,1395,3052.2422,2.0828896,4,21.064026,1.9435046125800237,1.4740457271750351,7541.622731913843,1.2514411,1.4621385,0.0,True,1.7358855588060167,1.4704735590225246
485,48202,525.98657,1395,3699.7617,3.0231843,5,50.845306,1.60354293028548,1.3123273809211684,5671.816953121945,1.1092093,1.0924523,0.0,True,1.455242841199836,1.246364856644818
486,142609,638.31238,1395,3048.7031,1.9452777,4,46.559124,1.945759259115238,1.4791469201441974,7575.4121258509185,1.2513752,1.4621193,0.0,True,1.7374440413806664,1.4740386341009382
487,43046,479.71298,1395,4056.6445,2.0399919,4,28.167713,1.4625409551480943,1.284178549203247,5118.571580768136,1.1135207,1.1225009,0.0,True,1.3578348786036663,1.2356752544422727
488,170280,638.73553,1395,3046.6836,1.9945179,4,20.559401,1.9470481632257806,1.5013730383743302,7693.704337587463,1.2513816,1.4621264,0.0,True,1.7383481942580463,1.4895990468620313
489,980,442.27487,1395,4400.0352,4.3933535,5,50.605972,1.3484521440529507,0.8210407508853578,3047.0931002556013,1.1043555,0.8123396,0.0,True,1.2752231508370655,0.8184304056197504
490,163874,617.59271,1395,3150.9844,2.0046682,4,18.425325,1.882639763024695,1.490346395363367,7415.352493596821,1.231683,1.3401451,0.0,True,1.6873527341172865,1.445286006754357
491,106882,619.53278,1395,3141.1172,4.0019054,6,146.87097,1.8885499413246696,1.4378586036734993,7173.879462480474,1.2188635,1.3034799,0.0,True,1.6876440089272686,1.3975449925714494
492,3956,439.07965,1395,4432.0547,2.9844391,4,42.672195,1.3387146089191369,0.9864177947911241,3637.1137016924913,1.0885708,0.94269168,0.0,True,1.2636714662433959,0.9732999603537869
493,0,419.31686,1395,4640.9414,2.0049262,2,90.809685,1.278485617681188,0.0,290.6482992702493,0.98738295,0.0,0.0,True,1.1911548173768316,0.0
494,181,404.71771,1395,4808.3516,3.9759302,4,66.106705,1.2339916698888622,0.6137717144436031,2108.37130605469,0.99933898,0.40317819,0.0,True,1.1635958629222036,0.5505936571105222
495,62264,599.50903,1395,3246.0312,3.0201797,5,144.02934,1.8275482709761408,1.36519931457405,6618.082583955705,1.1044351,1.1283684,0.0,True,1.6106143196832985,1.294150040201835
496,1953,437.94638,1395,4443.5234,2.0377226,4,21.227375,1.3352609511934095,0.9021123881499734,3318.821376759495,1.0871018,0.87421852,0.0,True,1.2608132058353867,0.8937442277049814
497,447,402.77603,1395,4831.5312,3.0218248,4,45.897438,1.228073960428053,0.7196045085969249,2459.762433843961,1.0086356,0.49326536,0.0,True,1.162242452299637,0.6517027640178474
498,21217,563.5401,1395,3453.2148,2.9800155,5,102.12373,1.71796375832743,1.2227162035551362,5614.354065350917,1.1175481,1.0339546,0.0,True,1.537839060829201,1.1660877224885953
499,62001,599.37848,1395,3246.7383,3.0047574,5,54.516262,1.827150498283152,1.3646391210956599,6614.104395275224,1.1043841,1.1279459,0.0,True,1.6103205787982064,1.2936311547669619
500,30057,562.31818,1395,3460.7188,2.9188809,5,44.42778,1.7142407877984662,1.2651239304677113,5798.016304223124,1.1356505,1.0658017,0.0,True,1.5406637014589262,1.205327261327398
501,65754,599.64972,1395,3245.2695,3.0210712,5,113.49474,1.8279769522167963,1.3719835301519212,6652.337816969683,1.1045171,1.1335137,0.0,True,1.6109389965517575,1.3004425811063447
502,28547,548.31726,1395,3549.0859,4.0098877,6,146.40552,1.6715827132304966,1.2549208406618069,5625.393589140888,1.1316782,1.0485237,0.0,True,1.5096113592613478,1.1930016984632648
503,862,430.18182,1395,4523.7266,3.0076358,4,76.818161,1.31159796608937,0.803113800670987,2908.705679746568,0.99052256,0.78746176,0.0,True,1.215275344262559,0.7984181884696909
504,0,410.55447,1395,4739.9922,1.9969451,2,60.941776,1.2517805920550777,0.0,284.5746733467826,0.97930026,0.0,0.0,True,1.1700364924385545,0.0
505,26933,561.89325,1395,3463.3359,4.0289211,6,77.663811,1.712946154407877,1.2515431494552054,5731.975215173526,1.135239,1.0428746,0.0,True,1.539634008085514,1.1889425846186437
506,68341,581.24799,1395,3348.0117,3.0182009,5,43.020607,1.7719143499219898,1.3714741506990429,6470.623757376785,1.0947789,1.0787263,0.0,True,1.5687737149453929,1.28364979548933
507,636,435.40485,1395,4469.4609,2.9905443,4,73.813187,1.3275155338239812,0.768142356773198,2811.991811508996,1.0777261,0.6757412,0.0,True,1.2525787036767868,0.7404220097412386
508,2316,435.75827,1395,4465.8359,3.0075984,5,38.238972,1.328592619893797,0.9218484437755267,3376.4555351786903,1.0782074,0.86899966,0.0,True,1.253477053925658,0.9059938086428687
509,1306,430.62061,1395,4519.1172,2.9917855,4,68.951553,1.312935175322719,0.8525264520602832,3090.243104092487,0.99065262,0.80270714,0.0,True,1.2162504087259032,0.8375806584421982
510,1132,441.99747,1395,4402.7969,4.019052,5,44.057819,1.3476066975157377,0.8381474747169465,3108.792071283757,1.1052729,0.68289685,0.0,True,1.2749065582610164,0.7915722873018625
511,0,420.1171,1395,4632.1016,2.0119259,3,99.158508,1.2809243982990273,0.0,291.2029833700206,1.0145135,0.93025494,13.80832060869755,True,1.201001128809319,0.279076482
512,0,627.62823,1395,3100.6016,1.0192215,2,78.926796,1.9132117393469275,0.0,435.03873806432887,1.252419,1.4611719,13.737302259127766,True,1.7149739175428491,0.4383515700000001
513,3253,442.48621,1395,4397.9336,3.981205,5,42.447002,1.3490962235513189,0.9640110732482987,3578.805260132603,1.1052872,0.88178813,0.0,True,1.2759535164859233,0.9393441902738091
514,483,421.76172,1395,4614.0391,2.9731734,4,39.016933,1.2859366385428928,0.7326907724131163,2608.2372729778854,0.9898349,0.51660496,0.0,True,1.1971061169800248,0.6678650286891814
515,133,374.09927,1395,5201.8945,2.9766436,3,52.829044,1.1406714343721918,0.572354420830096,1835.0597137632283,0.99710435,0.36654872,0.0,True,1.097601309060534,0.5106127105810672
516,59796,597.89807,1395,3254.7773,3.0226862,5,55.185146,1.8226403763120553,1.3597455968792527,6576.11794145538,1.1045086,1.1347915,0.0,True,1.6072008434184388,1.2922593678154768
517,62192,597.89734,1395,3254.7812,2.9989119,5,54.146496,1.8226381936976792,1.3646023525209132,6599.599096511197,1.1045086,1.135074,0.0,True,1.6071993155883755,1.2957438467646392
518,20827,506.38995,1395,3842.9375,2.8906786,5,84.978172,1.5438310255073222,1.204642926625608,5035.593074253058,1.1152217,1.020596,0.0,True,1.4152482278551255,1.1494288486379256
519,5020,448.34805,1395,4340.4336,3.0572944,5,102.436,1.366960177269391,1.0173061906627445,3820.6353629444525,1.090175,1.0013835,0.0,True,1.2839246240885736,1.0125293834639213
520,33123,527.31219,1395,3690.4609,3.0582047,5,70.734772,1.6075820338778835,1.2670573308784272,5488.288244973074,1.1088798,1.0794631,0.0,True,1.4579713637145184,1.210779061614899
521,0,339.32779,1395,5734.9414,2.0110979,2,25.948744,1.0346861489009735,0.0,235.20410092413718,0.97414571,0.0,0.0,True,1.0165240172306815,0.0
522,0,335.73502,1395,5796.3125,1.975255,2,35.936993,1.023734716546678,0.0,232.71378252823686,0.91757601,0.0,0.0,True,0.9918871045826745,0.0
523,2878,428.63324,1395,4540.0703,2.8475964,4,37.657219,1.3068784522416044,0.9458329605549265,3414.2976073783652,1.0063703,0.87530082,0.0,True,1.216726006569123,0.9246733183884486
524,19406,566.82361,1395,3433.2109,3.3334773,5,110.9635,1.7279677948263845,1.2126305499018215,5596.499261688298,1.0870197,0.98880446,0.0,True,1.535683366378469,1.1454827229312752
525,150492,597.63483,1395,3256.2109,4.3430405,6,62.823162,1.8218384217045496,1.4737690161150612,7124.810300833381,1.1340495,1.2149513,0.0,True,1.6155017451931846,1.3961237012805428
526,15889,556.51025,1395,3496.8359,4.3535252,6,226.65166,1.6965453577392868,1.185402758247484,5383.406461312283,1.0806552,0.98242307,0.0,True,1.5117783104175009,1.1245088517732387
527,2375,421.97177,1395,4611.7422,4.0726123,6,149.51068,1.2865768277292478,0.9213183933003709,3280.237416654188,1.0155673,0.9452616,0.0,True,1.2052739694104733,0.9285013553102597
528,0,419.96692,1395,4633.7578,2.0723643,3,75.389557,1.2804667671888639,0.0,291.0988865264441,1.0110699,0.0,0.0,True,1.1996477070322047,0.0
529,148127,597.23285,1395,3258.4023,3.9469824,6,45.900135,1.8206139173796312,1.4716885988520307,7110.558035014973,1.1336889,1.2126902,0.0,True,1.614536412165742,1.3939890791964216
530,43739,630.97803,1395,3084.1406,2.9915748,5,87.122299,1.9234165169391697,1.3299337320592837,6742.657197325048,1.2522258,1.4611851,0.0,True,1.7220593018574188,1.3693091424414985
531,0,361.92465,1395,5376.8789,1.1678311,2,38.205002,1.1035633844882733,0.0,250.867050722645,0.98688179,0.0,0.0,True,1.0685589061417913,0.0
532,16632,501.33783,1395,3881.6641,3.1309664,5,50.887207,1.5284364586619528,1.1759696057642117,4872.604678998534,1.1142056,1.011377,0.0,True,1.4041672010633668,1.1265918240349482
533,3540,369.78357,1395,5262.6055,2.0901091,4,31.460108,1.127517304693877,0.9536948045310814,3022.036560121934,0.9955194,0.89336902,0.0,True,1.0879179332857138,0.935597069171757
534,15515,451.14224,1395,4313.5508,3.0658882,4,50.120392,1.3754753631069665,1.1528533688132117,4353.38342782921,1.1072052,1.0083982,0.0,True,1.2949943141748765,1.109516818169248
535,16915,629.87073,1395,3089.5625,1.9819895,4,19.972492,1.920043280262508,1.2114360606862586,6132.46823453306,1.2522885,1.4611609,0.0,True,1.7197168461837555,1.286353512480381
536,23881,630.92291,1395,3084.4102,2.0315411,4,61.923576,1.9232485052170187,1.254607348072425,6360.284762183016,1.252225,1.461146,0.0,True,1.721941453651913,1.3165689436506973
537,12129,438.59451,1395,4436.957,3.9073691,5,40.806488,1.3372361578714458,1.119670060338919,4124.332000523206,1.1083013,0.95095235,0.0,True,1.2685557005100119,1.0690547472372431
538,0,343.7009,1395,5661.9727,2.0821743,3,78.52002,1.048015963007124,0.0,238.2353097909157,1.0083866,0.86227041,13.320160185780795,True,1.0361271541049868,0.25868112300000007
539,0,292.47659,1395,6653.6094,3.0921059,3,19.562,0.8918693160744319,0.0,202.7293237382871,0.89954495,0.0,0.0,True,0.8941720062521024,0.0
540,0,242.88867,1395,8012.0039,1.9936616,2,31.271946,0.7406951478569358,0.0,168.35759680045496,0.82214272,0.0,0.0,True,0.765129419499855,0.0
541,1076,292.95523,1395,6642.7383,2.9853239,3,19.167891,0.8933284556348231,0.79324562643191,2045.6661634150166,0.90022296,0.79172182,0.0,True,0.8953968069443763,0.792788484502337
542,8143,369.78577,1395,5262.5742,3.0133247,4,38.19603,1.1275240082353781,1.050892056839019,3329.979847459182,0.9955194,0.95476305,0.0,True,1.0879226257647647,1.0220533547873134
543,11813,500.17911,1395,3890.6562,2.106652,4,10.039411,1.524905745243199,1.134259429899658,4690.242131703217,1.1134913,0.98680413,0.0,True,1.4014814116702394,1.0900228399297607
544,69039,632.6134,1395,3076.168,3.0478883,5,228.18231,1.9283982562474042,1.3871845178053654,7048.866854319742,1.2519993,1.4615457,0.0,True,1.725478569373183,1.4094928724637557
545,125236,595.32373,1395,3268.8516,3.0294211,5,80.173645,1.8147976519743543,1.4503647268488702,6987.892800973016,1.1325934,1.215735,0.0,True,1.610136376382048,1.3799758087942091
546,12005,500.03452,1395,3891.7812,3.0455089,4,48.646526,1.5244651660541584,1.1361697758087663,4696.946800835935,1.114099,0.9949789,0.0,True,1.4013553162379109,1.0938125130661365
547,81043,633.95856,1395,3069.6406,2.0094259,4,20.572916,1.9324962053296728,1.407513780306482,7165.481348988379,1.2518555,1.4615889,0.0,True,1.728303993730771,1.4237363162145376
548,6976,445.78763,1395,4365.3633,3.0156412,4,50.062664,1.3591573212232102,1.0558604856201699,3945.4512748717066,1.1049478,0.94350225,0.0,True,1.282894464856247,1.022153014934119
549,122999,595.32947,1395,3268.8203,2.0036597,4,71.4216,1.8148150186167549,1.4481394104764995,6977.230291009609,1.1325934,1.2150943,0.0,True,1.6101485330317284,1.3782258773335498
550,646,419.08792,1395,4643.4766,3.9908066,4,248.20683,1.277787903104831,0.7665147044281128,2713.1293862416264,1.0104283,0.57054704,0.0,True,1.1975800221733817,0.7077244050996789
551,157,346.64752,1395,5613.8438,4.0967965,5,82.182098,1.056997668567021,0.5863879383338021,1757.1230708172218,1.0085322,0.52576375,0.0,True,1.0424580279969147,0.5682006818336615
552,5171,437.94678,1395,4443.5195,4.0763512,5,159.26402,1.335262122601545,1.017992859511163,3744.974039368054,1.1079327,0.81251729,0.0,True,1.2670632958210817,0.956350188657814
553,13636,450.68228,1395,4317.9531,1.9501295,4,151.61729,1.374073668447132,1.137292907727713,4290.772607288432,1.1068478,0.99896944,0.0,True,1.2939059079129924,1.095795867409399
554,0,342.14133,1395,5687.7812,1.0103487,2,14.202518,1.043262226610148,0.0,237.15429824252982,,,,False,1.043262226610148,0.0
555,3024,342.7991,1395,5676.8672,2.0037639,4,44.28315,1.0452672328094872,0.9271208960309586,2747.5337218853933,1.0976876,0.91898328,0.0,True,1.0609933429666412,0.924679611221671
556,293,342.23276,1395,5686.2617,3.0155103,4,79.275444,1.0435409122679007,0.6573397011149719,1946.2692722521601,1.0962528,0.86061478,0.0,True,1.0593544785875304,0.7183222247804804
557,6251,445.06839,1395,4372.418,1.9796233,4,23.865728,1.3569653845692295,1.042570334529808,3890.2611837166073,1.1039475,0.92645675,0.0,True,1.2810600191984607,1.0077362591708656
558,10596,434.18484,1395,4482.0195,3.0704103,4,76.487381,1.3237974999075182,1.1022570364360311,4024.2077079054466,1.013286,0.90755117,0.0,True,1.2306440499352627,1.0438452765052217
559,10370,434.2193,1395,4481.6641,1.9490724,4,85.265778,1.323902431414646,1.0997036259963973,4015.167311176475,1.0132866,0.91019922,0.0,True,1.230717681990252,1.0428523041974782
560,4204,444.14227,1395,4381.5352,3.1195283,4,72.055168,1.3541430678226467,0.9950142937930446,3706.04184509739,1.1029365,0.89551294,0.0,True,1.2787810974758527,0.9651638876551313
561,243,331.68951,1395,5867.0078,4.2627678,4,48.100616,1.0114032909679485,0.6334886493799872,1824.7096402390573,0.91216916,0.67986012,0.0,True,0.981633051677564,0.647400090565991
562,110724,593.62762,1395,3278.1914,2.0123651,4,95.417259,1.8096303171932466,1.4346417534331526,6894.8743678975225,1.1316178,1.2133062,0.0,True,1.6062265620352725,1.3682410874032067
563,7524,433.65912,1395,4487.4531,2.0788524,4,86.308258,1.3221953033959883,1.061390615021209,3870.892898045681,1.0121914,0.91241974,0.0,True,1.229194132377192,1.0166993525148462
564,0,306.39618,1395,6351.3359,1.4609084,2,16.100735,0.93430190014612,0.0,212.3776483013375,0.89608991,0.0,0.0,True,0.922838303102284,0.0
565,6388,420.06076,1395,4632.7227,3.9493189,5,49.993015,1.280752741396278,1.038000811661172,3680.778018760963,1.0172735,0.86882973,0.0,True,1.2017089689773945,0.9872494871628203
566,2275,420.98474,1395,4622.5547,2.4806814,4,28.029142,1.2835687301172067,0.9159678588931234,3254.4705526421862,1.0020497,0.78050286,0.0,True,1.1991130210820447,0.8753283592251864
567,39,294.12775,1395,6616.2578,2.4871328,3,43.289959,0.8969027775914924,0.41929860070741876,1092.264596442588,0.98336792,0.89935797,0.0,True,0.9228423203140447,0.5633164114951932
568,581,327.20502,1395,5947.418,1.3022481,3,31.963585,0.997733526814986,0.7325177397134622,2083.7028156735564,0.96889389,0.88336962,0.0,True,0.9890816357704901,0.7777733037994237
569,0,275.28619,1395,7069.0977,1.9960625,2,37.695034,0.8394642607804104,0.0,190.81384644558938,0.89563191,0.0,0.0,True,0.8563145555462872,0.0
570,10939,450.18137,1395,4322.7578,2.0329804,4,65.673241,1.3725471062533396,1.1108218452625962,4186.809406184158,1.1060373,0.98848075,0.0,True,1.2925941643773378,1.0741195166838173
571,1063,342.51721,1395,5681.5391,2.7012982,4,40.4832,1.0444080174686508,0.8061750474894538,2387.595018028802,0.99032122,0.82752579,0.0,True,1.0281819782280555,0.8125802702426177
572,4502,342.83945,1395,5676.1992,2.9707572,4,58.926571,1.0453902011110423,0.9731546489950351,2884.212698864283,0.99061143,0.90085393,0.0,True,1.0289565697777296,0.9514644332965245
573,1138,313.34238,1395,6210.5391,1.7912762,3,55.755886,0.9554762888553184,0.8057607546855645,2205.549187163514,0.92694288,0.82220906,0.0,True,0.9469162661987229,0.8106952462798952
574,1886,329.36874,1395,5908.3477,1.7254667,3,35.095825,1.0043290352675123,0.8685164835172652,2484.5184376799557,0.92396843,0.79090607,0.0,True,0.9802208536872585,0.8452333594620856
575,14952,461.74002,1395,4214.5469,3.4134212,5,104.07834,1.4077713219877999,1.1516301591140645,4438.584036308932,1.0662661,1.0225207,0.0,True,1.30531975539146,1.1128973213798452
576,24370,565.65997,1395,3440.2734,5.4646158,6,143.62209,1.7244225294936073,1.2402908364664549,5713.838951926935,1.0933509,1.0404835,0.0,True,1.535101040645525,1.1803486355265185
577,7559,561.15778,1395,3467.875,4.0122967,6,137.92122,1.7107053722789898,1.0954917807563784,5011.564745761486,1.1280025,0.90596211,0.0,True,1.5358945105952928,1.0386328795294648
578,4600,413.06876,1395,4711.1406,3.2516799,5,44.20752,1.259443396116076,0.9971279221567881,3483.9236485294296,0.97487515,0.91635609,0.0,True,1.1740729222812532,0.9728963725097517
579,608,435.26373,1395,4470.9102,5.0009913,5,138.5723,1.327085395909929,0.7627652253503365,2791.546067898574,0.99269241,0.45683083,0.0,True,1.2267675001369502,0.6709849067452356
580,9930,526.30664,1395,3697.5117,2.7877932,6,28.265192,1.6045181864505416,1.1201512743336657,4843.8721856242,1.0560669,0.97254705,0.0,True,1.4399828005153792,1.075870007033566
581,1932,507.1622,1395,3837.0859,5.1895809,5,25.474806,1.5461841590042462,0.91683015361741,3837.8716812073617,1.0430303,0.81657404,0.0,True,1.3952380013029724,0.8867533195321871
582,14723,467.45078,1395,4163.0586,4.2524772,6,66.526436,1.4251741388792367,1.1514756998359508,4486.266309778141,1.055318,1.0111645,0.0,True,1.3142172972154658,1.1093823398851654
583,3356,509.05637,1395,3822.8086,4.2197175,5,13.706567,1.5519557772476666,0.9841539817518042,4133.080000071698,1.0502212,0.89742553,0.0,True,1.4014354040733668,0.958135446226263
584,378,468.97775,1395,4149.5039,3.5980735,4,12.980194,1.4298273460941613,0.712663971589121,2785.8081487155096,1.0172424,0.6400758,0.0,True,1.306051862265913,0.6908875201123847
585,26910,561.90271,1395,3463.2773,3.9958291,6,152.64914,1.712975121395497,1.2514409334452181,5731.59170040966,1.1358471,1.060539,0.0,True,1.539836714976848,1.1941703534116526
586,43743,582.32825,1395,3341.8008,4.313025,7,109.68961,1.775205569553234,1.3168078699466585,6222.836895958291,1.0900084,1.1060563,0.0,True,1.5696464186872636,1.253582398962661
587,85,412.31595,1395,4719.7422,3.9995315,4,84.575195,1.257149067485421,0.5265095760284018,1841.3651485557773,0.97673023,0.32263273,0.0,True,1.1730234162397948,0.4653465222198812
588,11672,551.89929,1395,3526.0508,6.2779155,7,60.661129,1.6824966929718133,1.1464415647492214,5168.602761844214,1.076007,0.98233205,0.0,True,1.5005497850802694,1.097208710324455
589,95681,618.79095,1395,3144.8828,4.0112739,6,81.145462,1.886290078434621,1.4239004644643878,7096.787124677984,1.218713,1.2828493,0.0,True,1.6860169549042348,1.3815851151250715
590,33911,581.05743,1395,3349.1094,6.0137963,7,70.970665,1.7713339360501212,1.2850906406844742,6061.331784226737,1.0900022,1.0918941,0.0,True,1.5669344152350848,1.227131678479132
591,16992,554.54156,1395,3509.25,4.7966552,7,76.512665,1.6905471850869518,1.1931090510888769,5401.576181033102,1.1108416,1.0081432,0.0,True,1.5166355095608663,1.1376192957622138
592,2011,446.7583,1395,4355.8789,3.0768392,5,45.278782,1.36211536388415,0.9077460154003878,3398.6607931704098,1.0783767,0.84010261,0.0,True,1.2769937647189051,0.8874529937802714
593,5143,448.34122,1395,4340.5,3.994935,6,100.52058,1.3669392754488336,1.0201936142281953,3831.425721696933,1.0819031,0.926072,0.0,True,1.2814284228141837,0.9919571299597367
594,1793,446.16412,1395,4361.6797,1.8788509,3,29.134411,1.3603046538077852,0.8939189583189058,3343.0008060319688,1.0775123,0.8471123,0.0,True,1.2754669476654497,0.879876960823234
595,1856,432.17163,1395,4502.8984,2.9339094,3,67.678001,1.3176620817101135,0.8946380613454259,3253.0664601029166,1.0887272,0.86107254,0.0,True,1.2489816171970793,0.8845684049417981
596,8055,520.00549,1395,3742.3164,3.4406648,6,37.744232,1.5853184318602347,1.0930829759550982,4677.083588732244,1.1110196,0.95506662,0.0,True,1.4430287823021644,1.0516780691685688
597,43640,577.43542,1395,3370.1172,2.9818404,5,41.558735,1.7602987831017733,1.3151511782438516,6169.190259300562,1.1428921,1.1413089,0.0,True,1.5750767781712414,1.262998494770696
598,3416,387.78143,1395,5018.3555,4.971889,5,54.360703,1.1823732011879557,0.9548273228948535,3155.304152355635,0.99446023,0.82410806,0.0,True,1.125999309831569,0.9156115440263974
599,1643,354.5318,1395,5489.0,4.2808652,5,21.366732,1.0810296491780296,0.859928753860849,2625.4837073663025,0.95470655,0.85172498,0.0,True,1.0431327194246207,0.8574676217025943
600,3956,390.44864,1395,4984.0742,1.2926351,4,30.303181,1.1905025006720837,0.9728274827407911,3234.279016008141,0.99477464,0.83744055,0.0,True,1.1317841424704587,0.9322114029185538
601,15626,520.27753,1395,3740.3594,6.0479369,7,48.125713,1.5861474458162836,1.1736828054553199,5024.226174314652,1.1115302,1.0014242,0.0,True,1.4437622720713985,1.122005223818724
602,604,398.00528,1395,4889.4453,3.3321965,5,28.231588,1.2135337184771462,0.7539600996691551,2549.972062781914,0.99417782,0.67272067,0.0,True,1.1477269489340023,0.7295882707684085
603,13,334.95511,1395,5809.8086,4.8118868,5,21.656965,1.021357414219828,0.3044661277188533,907.0752529957128,0.93023032,0.1958937,0.0,True,0.9940192859538797,0.27189439940319726
604,2196,404.40591,1395,4812.0586,3.4439492,4,14.90827,1.2330414514764236,0.9074644614997316,3112.026067020794,1.0069851,0.86927515,0.0,True,1.1652245460334965,0.8960076680498121
605,30723,468.09821,1395,4157.3008,4.5803852,7,100.15492,1.4271470348181021,1.2399345389674488,4836.780132739503,1.0573006,1.0513296,0.0,True,1.3161931043726716,1.1833530572772142
606,2370,505.3754,1395,3850.6523,2.4026968,4,27.645668,1.5407395584689954,0.9411744361233708,3927.519240739944,1.0413449,0.81527084,0.0,True,1.3909211609282968,0.9034033572863596
607,1683,472.0466,1395,4122.5273,4.6997714,6,26.873978,1.4391791766383897,0.8923690808091286,3507.080053466484,1.0681884,0.84786123,0.0,True,1.3278819436468727,0.8790167255663901
608,3,449.22336,1395,4331.9766,5.3181486,5,32.480175,1.3696275618185294,0.1655381312795694,722.9971067350323,1.0024269,0.10347691,0.0,True,1.2594673632729705,0.14691976489569858
609,5,449.60037,1395,4328.3438,3.635951,4,32.564648,1.3707765659707112,0.2139763521648525,874.881923002024,1.0027239,0.15521879,0.0,True,1.2603607661794978,0.19634908351539676
610,27682,571.11816,1395,3407.3945,2.2730575,5,49.54179,1.7410522025645785,1.2574182926853432,5841.744869992886,1.0930592,1.0447481,0.0,True,1.546654301795205,1.1936172348797403
611,31955,581.26697,1395,3347.9023,3.1749585,5,36.401596,1.7719722165140634,1.2778285684528736,6028.986184808091,1.0900285,1.0893459,0.0,True,1.5673891015598445,1.2212837679170114
612,31558,581.20319,1395,3348.2695,2.0293989,4,13.793229,1.771778002825313,1.276271217273718,6021.059171676664,1.0896233,1.0874401,0.0,True,1.567131591977719,1.2196218820916027
613,2514,446.80276,1395,4355.4453,3.3191242,5,42.720413,1.3622509050513059,0.9343853111845924,3498.6557780168287,1.0844642,0.87567621,0.0,True,1.278914893535914,0.9167725808292146
614,31224,579.16937,1395,3360.0273,2.6037319,5,62.958256,1.7655816785415632,1.274410557786898,5993.827493705959,1.0878137,1.0860186,0.0,True,1.5622512849790944,1.2178929704508286
615,19588,561.59424,1395,3465.1797,4.0639453,6,17.927849,1.7120352324503283,1.212398049838651,5550.109240561927,1.1282911,0.96251911,0.0,True,1.5369119927152297,1.1374343678870558
616,434,387.0878,1395,5027.3477,4.7720499,5,23.52968,1.1802591822467474,0.7127973522736445,2352.5811651650424,0.99406153,0.52110201,0.0,True,1.1243998865727232,0.6552887495915511
617,1421,425.57178,1395,4572.7305,4.8416786,5,21.132881,1.2975483044600244,0.8613396183753265,3089.873525799323,1.0255851,0.85245085,0.0,True,1.215959343122017,0.8586729878627285
618,2495,433.85779,1395,4485.3984,3.8691001,5,18.67481,1.3228007131340422,0.9302189375794073,3394.0023691526912,1.0530734,0.81197864,0.0,True,1.2418825191938296,0.8947468483055852
619,7774,469.07181,1395,4148.6719,4.8268499,6,25.1581,1.4301139542339059,1.0753069590374467,4202.319286577215,1.062047,0.97144216,0.0,True,1.319693867963734,1.0441475193262126
620,5,353.13052,1395,5510.7812,6.8640852,6,23.363924,1.0767584615251118,0.2079812234547139,687.1602628091803,0.97130454,0.13342786,0.0,True,1.045122285067578,0.18561521441829973
621,1872,367.32288,1395,5297.8594,4.6673498,5,27.845968,1.1200172222750966,0.878687835881981,2768.082948786829,0.96865189,0.80278176,0.0,True,1.0746076225925676,0.8559160131173866
622,1970,450.00568,1395,4324.4453,3.7146711,5,20.355406,1.3720117537685175,0.9060717243827718,3414.104683867241,1.0826474,0.83759397,0.0,True,1.2852024476379622,0.8855283980679403
623,0,357.96707,1395,5436.3242,5.377193,5,15.860196,1.0915005404857179,0.0,248.12386530380456,0.98245466,0.0,0.0,True,1.0587867763400025,0.0
624,31601,465.60886,1395,4179.5273,4.2712855,6,26.929083,1.4195611741280656,1.2425212289065193,4824.176812200638,1.0553265,1.0431043,0.0,True,1.310290771889646,1.1826961502345634
625,4703,435.17322,1395,4471.8398,6.147676,7,33.383751,1.3268096465225598,1.0059411511653311,3679.990571954305,1.0544692,0.9171232,0.0,True,1.2451075125657918,0.9792957658157317
626,16833,560.42426,1395,3472.4141,4.9851832,6,46.711819,1.7084704450274248,1.1934988689584223,5453.60915110988,1.0905828,1.0332208,0.0,True,1.5231041515191974,1.1454154482708956
627,6714,421.13989,1395,4620.8516,3.8160663,5,129.49171,1.2840416083519877,1.0442133582395077,3711.189161036384,0.99148411,0.9481194,0.0,True,1.1962743588463913,1.0153851707676553
628,26292,579.03271,1395,3360.8203,4.8950477,6,44.730877,1.7651653297193906,1.253203768988397,5892.87150880551,1.0857511,1.0822711,0.0,True,1.5613410608035734,1.2019239682918779
629,2407,447.00122,1395,4353.5117,3.0556712,5,33.026428,1.3628556671393075,0.9292463381315708,3480.7837502685907,1.0884184,0.92178059,0.0,True,1.2805244869975152,0.9270066136920996
630,402,342.01096,1395,5689.9492,2.9491143,3,70.571442,1.0428648596576653,0.6937605951554565,2052.549663769776,0.97586584,0.49692869,0.0,True,1.0227651537603657,0.6347110236088196
631,15,338.42947,1395,5750.1641,2.9932699,3,32.474808,1.031947924371031,0.3202526176708437,958.8428904258728,0.96728301,0.20640399,0.0,True,1.0125484500597217,0.28609802936959056
632,42759,577.5733,1395,3369.3125,2.2718835,5,105.3988,1.7607189495594253,1.3126792675206442,6158.884587204926,1.0886235,1.1130757,0.0,True,1.5590903146915978,1.2527981972644509
633,25060,562.84229,1395,3457.4961,2.9764228,5,77.705223,1.7158376919796383,1.2429574500649243,5701.090361359306,1.1299113,0.99124265,0.0,True,1.5400597743857467,1.1674430100454471
634,4033,446.00037,1395,4363.2812,3.0255337,5,71.200874,1.3598055959456998,0.9905563864740944,3703.03473701579,1.0795395,0.88367099,0.0,True,1.27572576716199,0.9584907675318661
635,3011,446.00116,1395,4363.2734,2.9856091,4,38.765015,1.3598080256866751,0.9557002624666014,3572.7777188542996,1.0795395,0.81529564,0.0,True,1.2757274679806725,0.913578875726621
636,42396,578.23163,1395,3365.4766,2.9120653,5,66.806801,1.7627245883866156,1.311813555528268,6160.975024235417,1.0884176,1.1155164,0.0,True,1.560432491870631,1.2529244088697875
637,32392,522.10089,1395,3727.2969,3.4183731,6,37.628353,1.5917031984330774,1.2628150084480256,5422.3980928593,1.1120664,1.0545492,0.0,True,1.447812158903154,1.200335265913618
638,5071,452.27264,1395,4302.7695,4.626843,6,27.003696,1.378920242683507,1.0195727776348473,3858.6488914976508,1.0846137,0.92614335,0.0,True,1.290628279878455,0.9915439493443932
639,27378,465.31531,1395,4182.1641,4.4782228,6,79.396736,1.4186665871055486,1.2252263514570698,4754.39086735898,1.0553219,1.0272714,0.0,True,1.309663180973884,1.1658398660199487
640,48154,581.75024,1395,3345.1211,4.1025257,6,143.60355,1.773444589034009,1.3284838427793213,6272.548031145192,1.1428417,1.1372557,0.0,True,1.584263722323806,1.271115399945525
641,29988,466.03964,1395,4175.6641,5.2853637,8,99.307068,1.4208738810850206,1.2363754949267267,4804.225214300196,1.0551609,1.0241556,0.0,True,1.3111599867595143,1.1727095264487086
642,18387,455.37613,1395,4273.4453,3.3305638,6,38.309074,1.3883779085272263,1.174452522142665,4471.569523648087,1.0875555,1.0088531,0.0,True,1.2981311859690583,1.1247726954998656
643,34318,522.08887,1395,3727.3828,2.0391629,4,74.734634,1.591666536252744,1.269834200958345,5452.4265273636,1.1120661,1.0629885,0.0,True,1.4477864053769207,1.2077804906708414
644,315,378.46057,1395,5141.9492,2.9813864,3,51.026974,1.1539643127961994,0.6735193776463291,2179.5172479156067,0.99118721,0.4571048,0.0,True,1.1051311819573395,0.6085950043524303
645,10,301.20529,1395,6460.793,2.9810772,3,72.747643,0.9184780950955044,0.2732964487040417,748.467028072323,0.89892036,0.17754136,0.0,True,0.912610774566853,0.24456992209282918
646,24375,455.38113,1395,4273.3984,1.9787495,4,73.796333,1.3883931386690325,1.2081707553125818,4599.98482622822,1.0875556,1.0393753,0.0,True,1.2981418770683226,1.1575321187188072
647,0,276.06067,1395,7049.2656,1.0033869,1,60.006218,0.8418253034797838,0.0,191.3506750739895,0.88260597,0.0,0.0,True,0.8540595034358487,0.0
648,2473,344.37897,1395,5650.8242,3.0040259,3,58.526672,1.0500828601102719,0.904341721415156,2690.9757821419157,0.97521555,0.86782467,0.0,True,1.0276226670771904,0.8933866059906093
649,8478,454.50162,1395,4281.668,3.8971832,5,16.229652,1.3857128525451927,1.0816173510844294,4111.178827387695,1.0541179,0.88758087,0.0,True,1.286234366781635,1.0234064067591004
650,4523,346.15759,1395,5621.7891,2.8868604,5,21.011806,1.0555043402386053,0.9747784086797103,2913.7375020107715,0.9856866,0.83867455,0.0,True,1.0345590181670237,0.9339472510757973
651,1240,387.66916,1395,5019.8086,4.7935467,5,39.426838,1.1820310721592535,0.8359406636966501,2761.940503459085,0.9932363,0.71479058,0.0,True,1.1253926405114774,0.799595638587655
652,1840,363.56195,1395,5352.6641,3.7384164,5,16.291718,1.1085539060492253,0.8756281151181211,2733.479501029426,0.9679057,0.85547262,0.0,True,1.0663594442344577,0.8695814665826849
653,92,339.87274,1395,5725.7461,3.9898341,5,19.848484,1.0363472297832055,0.5238030184143638,1544.1420462778096,0.93458736,0.32254675,0.0,True,1.005819268848244,0.4634261378900547
654,16454,475.96939,1395,4088.5508,5.7029719,7,35.742046,1.4511331343535838,1.1673390613758658,4620.9228497997565,1.0711299,0.98536569,0.0,True,1.3371321640475087,1.112747049963106
655,8523,340.3313,1395,5718.0312,3.1998072,5,55.727505,1.037745004544129,1.0460865757805222,3080.2563389570864,0.97940838,0.87621337,0.0,True,1.0202440171808904,0.9951246140463657
656,55,322.80963,1395,6028.3984,4.9634113,5,39.544365,0.9843352644224235,0.4624324663036666,1305.1358838407023,0.91766405,0.29849514,0.0,True,0.9643339000956965,0.4132512684125666
657,932,349.03784,1395,5575.3984,3.4461472,4,17.401751,1.0642836279431929,0.7927062834999478,2387.2360827302887,0.94707549,0.73988175,0.0,True,1.029121186560235,0.7768589234499634
658,4879,277.15988,1395,7021.3086,4.018559,5,41.474327,0.8451762754147752,0.9588770306542548,2353.948072351434,0.88660342,0.75138563,0.0,True,0.8576044187903427,0.8966296104579783
659,28643,564.93127,1395,3444.7109,2.0103159,4,32.266483,1.72220240567219,1.2599278604913076,5797.739457845452,1.1320045,1.007032,0.0,True,1.5451430339705332,1.1840591023439153
660,0,401.99374,1395,4840.9336,1.9998691,2,121.69006,1.2256896942870659,0.0,278.6408274837477,1.0091083,0.0,0.0,True,1.160715276000946,0.0
661,31192,564.92999,1395,3444.7188,3.0314479,5,44.071632,1.7221984583240617,1.270393413334431,5845.884829747507,1.1320045,1.0249733,0.0,True,1.5451402708268434,1.1967673793341018
662,164226,617.00989,1395,3153.9609,3.017606,5,109.8223,1.8808641778916082,1.4904382192106007,7409.678546995969,1.2313327,1.3398626,0.0,True,1.6860047345241256,1.4452655334474205
663,60034,585.18127,1395,3325.5078,3.9768314,6,119.71819,1.7838977878989675,1.3566342781169658,6438.57376121418,1.1428201,1.1441302,0.0,True,1.5915744815292772,1.2928830546818761
664,147959,614.71521,1395,3165.7344,2.6639233,5,80.607101,1.873873580953176,1.4768103162999866,7318.002622118332,1.2304473,1.3301144,0.0,True,1.6808456966672232,1.4328015414099906
665,130508,610.73846,1395,3186.3477,2.3250039,4,12.631735,1.8617586167394982,1.4600672815096083,7194.013601829718,1.2299042,1.3275856,0.0,True,1.6722022917176487,1.4203227770567257
666,57239,566.82812,1395,3433.1836,2.9941354,5,61.776546,1.7279815272862156,1.3454742318142008,6209.616624246988,1.1335224,1.1794922,0.0,True,1.5496437891003507,1.2956796222699405
667,128194,610.25067,1395,3188.8945,2.0930805,4,38.353771,1.8602726613608065,1.4577055783549966,7177.350738244571,1.2298983,1.3274177,0.0,True,1.6711603529525645,1.4186192148484977
668,15072,505.84546,1395,3847.0742,4.312654,5,26.778278,1.5421718302122,1.1653146584833851,4866.600915206321,1.1143463,1.0562596,0.0,True,1.4138241711485402,1.1325981409383696
669,1533,383.46176,1395,5074.8867,3.0073495,4,50.422211,1.169207460083078,0.8597134061499978,2813.1850110545283,0.99483746,0.83085895,0.0,True,1.1168964600581546,0.8510570693049985
670,30724,568.47943,1395,3423.2109,4.1583834,6,103.39979,1.7330126456261599,1.2695128440306684,5874.02091025024,1.084348,1.108543,0.0,True,1.5384132519383118,1.2212218908214678
671,37851,523.80652,1395,3715.1602,3.1477475,5,42.583248,1.5969001830043699,1.2822599789279903,5521.688367616294,1.113611,1.0742834,0.0,True,1.451913428103059,1.2198670052495932
672,1960,383.45941,1395,5074.918,3.0104086,4,53.602661,1.1692002517347257,0.8884934867433842,2907.2817399878627,0.99483746,0.85100085,0.0,True,1.116891414214308,0.8772456957203689
673,45884,550.14343,1395,3537.3047,4.5105104,7,157.16,1.6771468711457818,1.3135016492474874,5905.193001723578,1.1404451,1.1331987,0.0,True,1.5161363398020473,1.259410764473241
674,29303,455.37112,1395,4273.4922,3.0027828,5,42.722389,1.3883626787195542,1.2301897651873375,4683.725769898028,1.0875554,1.0568789,0.0,True,1.298120495103688,1.1781965056311363
675,25416,553.66827,1395,3514.7852,4.0850563,6,102.08721,1.6878863695276471,1.2421854897761269,5615.9751183436865,1.0790572,1.1080757,0.0,True,1.5052376186693528,1.2019525528432888
676,19105,550.48267,1395,3535.125,4.0317249,6,100.76582,1.6781803876415338,1.2063802237101318,5426.553590643255,1.0783218,1.1077825,0.0,True,1.4982228113490736,1.1768009065970921
677,47974,531.80017,1395,3659.3164,3.9548094,6,105.20193,1.621256716200916,1.313506077570058,5731.9848208038975,1.1172854,1.0803133,0.0,True,1.4700653213406412,1.2435482442990407
678,25014,455.16602,1395,4275.418,4.0361009,6,105.20499,1.3877376033010007,1.2111973232484294,4609.589588622318,1.088003,1.0620879,0.0,True,1.2978172223107005,1.1664644962739006
679,42318,479.72543,1395,4056.5391,1.9908009,4,65.296822,1.4625789372428517,1.2821297584979245,5110.522233588629,1.1135209,1.1212929,0.0,True,1.3578615260699962,1.233878700948547
680,3706,417.97226,1395,4655.8711,0.80640405,4,27.933037,1.2743877355551037,0.9729415175829523,3434.9996591571553,1.065443,0.9120996,0.0,True,1.2117043148885724,0.9546889423080667
681,17,319.48184,1395,6091.1914,3.9475932,4,77.842339,0.9741912593844598,0.33165134319101064,940.6947828318159,0.9038713,0.21409163,0.0,True,0.9530952715691219,0.2963834292337074
682,2570,422.08545,1395,4610.5,3.1042683,4,80.337219,1.2869233178615849,0.9306969615631095,3314.400284940713,1.0029463,0.88977838,0.0,True,1.2017302125031093,0.9184213870941766
683,36199,525.33765,1395,3704.332,3.2831998,5,81.681671,1.601565591975182,1.2772849658932026,5514.38632012304,1.1086948,1.069452,0.0,True,1.4537043543826274,1.2149350761252418
684,38952,478.46945,1395,4067.1875,2.0211499,4,12.323599,1.458751606711797,1.2717538167748823,5057.4875132689795,1.1125758,1.116757,0.0,True,1.3548988646982578,1.2252547717424176
685,1257,406.00571,1395,4793.0977,3.0414932,4,41.781441,1.2379171760434744,0.8421013144324339,2898.0984102190296,0.9963969,0.81676483,0.0,True,1.1654610932304321,0.8345003691027036
686,38996,478.84106,1395,4064.0312,2.9627137,5,103.30849,1.4598839781742354,1.272008371005046,5061.956045435011,1.1074617,1.1258913,0.0,True,1.3541572947219649,1.2281732497035323
687,109,408.36432,1395,4765.4141,3.8769655,4,60.564331,1.245105560189655,0.5549714915928113,1923.2040981783744,1.0551319,0.3522042,0.0,True,1.1881134621327585,0.4941413041149679
688,3,404.7598,1395,4807.8516,3.887146,4,59.983307,1.2341199474088889,0.16350453552047384,651.4357675492439,1.0497435,0.10383438,0.0,True,1.1788070131862223,0.1456034888643317
689,2226,324.45917,1395,5997.75,3.3608899,5,90.658981,0.9893635240862636,0.8860609056558946,2501.2101878022972,0.91855568,0.85758257,0.0,True,0.9681211708603845,0.8775174049591262
690,0,324.10309,1395,6004.3398,2.1231816,2,55.806683,0.9882780530726151,0.0,224.6511430442662,0.9058817,0.0,0.0,True,0.9635591471508307,0.0
691,21216,445.69391,1395,4366.2812,3.0104749,4,66.590179,1.3588717236510688,1.1885155740706435,4440.272446218059,1.013424,1.0170177,0.0,True,1.2552374065557481,1.1370662118494503
692,1914,322.87802,1395,6027.1211,3.0535026,5,87.727905,0.9845438008595581,0.8682237322457184,2440.3104473804087,0.91437674,0.86229044,0.0,True,0.9634936826016907,0.8664437445720029
693,13704,420.26099,1395,4630.5156,4.0408792,6,45.996967,1.2813629388828307,1.12847242007228,4003.2334517670633,1.017607,0.9914434,0.0,True,1.2022361572179814,1.0873637140505958
694,19167,445.70987,1395,4366.125,2.991801,5,94.981003,1.358920315612891,1.1764046001106676,4395.167166407109,1.0134244,0.99382794,0.0,True,1.2552715409290238,1.1216316020774673
695,0,318.81735,1395,6103.8867,1.0509329,2,13.607159,0.9721657304313491,0.0,220.98734726609325,0.90892923,0.0,0.0,True,0.9531947803019445,0.0
696,1495,342.95886,1395,5674.2227,3.0351634,4,57.145584,1.0457542132088227,0.8457156725870493,2507.4471223315977,0.91389441,0.84142423,0.0,True,1.006196272246176,0.8444282398109345
697,88893,593.70544,1395,3277.7617,3.0197361,5,113.19634,1.8098674070242846,1.4075392715554027,6765.3988657044165,1.1316186,1.2081335,0.0,True,1.6063927649169991,1.347717540088782
698,1284,338.46167,1395,5749.6172,3.9418814,4,39.623459,1.0320460484812097,0.8268655216417345,2423.145894115265,0.91396087,0.6694715,0.0,True,0.9966204949368468,0.7796473151492143
699,1719,406.68481,1395,4785.0938,3.2756042,5,43.703926,1.2399869423148884,0.8791808283579974,3030.070570281739,0.99440724,0.75210488,0.0,True,1.1663130316204218,0.8410580438505981
700,2952,391.0386,1395,4976.5547,3.6194565,5,12.297206,1.1923006095798365,0.9386217561681521,3124.7563954055836,0.97687548,0.73909467,0.0,True,1.1276730707058855,0.8787636303177064
701,3295,396.28897,1395,4910.6211,2.0799849,4,36.932232,1.208302794538044,0.9530220559013988,3210.2451032556055,0.98966295,0.83173651,0.0,True,1.1427108411766307,0.9166363921309792
702,30104,523.47626,1395,3717.5039,2.8398104,5,22.175739,1.5958939587713725,1.2543091969949387,5398.33833945145,1.1066639,1.060078,0.0,True,1.4491249411399607,1.196039837896457
703,126,316.0719,1395,6156.9062,3.1770709,3,25.600677,0.963796753981504,0.5551557156554059,1533.590424374575,0.89803666,0.40698344,0.0,True,0.9440687257870528,0.5107040329587841
704,1336,377.64896,1395,5153.0,3.0170803,3,12.589966,1.151490553566743,0.8420980354192189,2718.668896157398,0.98526382,0.80440199,0.0,True,1.1016225334967202,0.8307892217934532
705,3307,396.50504,1395,4907.9453,2.2574372,4,20.984541,1.2089612899835278,0.9535107231896209,3213.4359647735114,0.99040127,0.86967403,0.0,True,1.1433932839884695,0.9283597152327346
706,38767,477.62311,1395,4074.3945,2.662611,5,92.758598,1.4561725573019393,1.2709105201380777,5046.267856728362,1.111764,1.1165746,0.0,True,1.3528499901113575,1.2246097440966544
707,3585,397.64944,1395,4893.8203,2.9061069,4,47.23505,1.2124492812035115,0.9633314284458573,3254.789089400685,0.99263841,0.8952505,0.0,True,1.1465060198424581,0.9429071499121
708,14142,445.28836,1395,4370.2578,3.3554754,5,45.344227,1.357635820018792,1.1400065235160053,4255.641243992981,1.012345,0.90835792,0.0,True,1.2540485740131544,1.0705119424612037
709,25380,518.29163,1395,3754.6914,2.6006315,5,81.879684,1.580096199447354,1.2320576014239377,5256.407741745155,1.1025903,1.0451286,0.0,True,1.4368444296131477,1.1759789009967565
710,19570,445.68872,1395,4366.332,3.0158439,5,87.785751,1.358855921124255,1.178880145078223,4404.23141867145,1.0134056,0.98579401,0.0,True,1.2552208247869785,1.120954304554756
711,15960,420.23792,1395,4630.7695,2.9996207,5,43.921085,1.2812927134916943,1.146518079274657,4067.048375815798,1.0176063,1.0055083,0.0,True,1.202186789444186,1.10421514549226
712,0,338.61786,1395,5746.9648,1.992645,2,42.560318,1.0325222035863848,0.0,234.71201494624228,0.91454732,0.0,0.0,True,0.9971297385104694,0.0
713,18113,445.54086,1395,4367.7812,2.0233841,4,46.833935,1.3584052683545251,1.1696045266032444,4368.303402973501,1.0131358,0.96937221,0.0,True,1.2548244278481677,1.109534831622271
714,6,325.36847,1395,5980.9883,4.0351806,5,95.694679,0.9921352852447597,0.22374903703697765,676.5847128708094,0.91728598,0.14429222,0.0,True,0.9696804936713317,0.19991199192588435
715,16000,445.49304,1395,4368.25,1.9825556,4,14.51506,1.358259551201089,1.1547933324281903,4312.5815604999925,1.0126077,0.94905758,0.0,True,1.2545639958407624,1.0930726066997332
716,0,322.86005,1395,6027.457,1.9986514,2,34.005898,0.984488952095779,0.0,223.78953337294297,0.91699743,0.0,0.0,True,0.9642414954670453,0.0
717,17548,420.23651,1395,4630.7852,3.0031977,5,12.367935,1.2812883713314744,1.1577541157096798,4106.891243246211,1.0176063,1.0224886,0.0,True,1.2021837499320323,1.1171744609967758
718,169,342.47391,1395,5682.2578,3.0397184,4,52.937698,1.0442759657446499,0.594033910307178,1760.885622099972,0.91287804,0.39048031,0.0,True,1.004856588021255,0.5329678302150246
719,13484,439.1857,1395,4430.9844,3.1937151,5,54.39006,1.3390378282487436,1.1324606678294102,4176.395740852489,1.0090384,0.92137283,0.0,True,1.2400379997741204,1.069134316480587
720,3550,446.79236,1395,4355.5469,1.4084872,3,62.308712,1.3622191429853707,0.9755474868763804,3652.646436284233,1.1019837,0.8985368,0.0,True,1.2841485100897594,0.9524442808134662
721,2795,436.15695,1395,4461.7539,3.9328554,4,42.119431,1.329807587205146,0.9443091413097093,3461.4735769437525,1.0563143,0.8401655,0.0,True,1.2477596010436023,0.9130660489167965
722,5529,429.77399,1395,4528.0195,2.5783377,4,63.924084,1.310355022453338,1.0236664559804314,3703.8454991128137,1.0020657,0.92162591,0.0,True,1.2178682257173365,0.9930542921863019
723,0,333.78406,1395,5830.1914,3.5414274,3,34.00898,1.0177878942101524,0.0,231.3614801048516,0.91030192,0.0,0.0,True,0.9855421019471067,0.0
724,12934,443.42752,1395,4388.5977,3.4411821,5,51.410805,1.3519648597357392,1.1287928896803818,4198.2695055312515,1.0131128,0.98923385,0.0,True,1.2503092418150175,1.0869251777762674
725,2501,336.5022,1395,5783.0977,2.88554,3,36.599697,1.0260732162978958,0.9032267076832047,2633.2122561064334,0.9135384,0.86364824,0.0,True,0.9923127714085271,0.8913531673782432
726,0,271.7998,1395,7159.7734,0.9894833,1,12.511518,0.8288357466932087,0.0,188.397265046757,0.83294177,0.0,0.0,True,0.8300675536852461,0.0
727,0,366.04279,1395,5316.3867,0.99156857,2,5.5683331,1.1161154948805359,0.0,253.72152785279616,,,,False,1.1161154948805359,0.0
728,19173,447.09387,1395,4352.6094,3.7606249,6,64.103584,1.36313805863657,1.1768769284640692,4408.954780036974,1.015293,1.0094982,0.0,True,1.258784541045599,1.1266633099248484
729,64614,593.20917,1395,3280.5039,2.9881544,5,47.195992,1.8083554458645303,1.3679953357106884,6570.51369329383,1.1312963,1.2012211,0.0,True,1.6052377021051711,1.3179630649974818
730,338,416.99826,1395,4666.7461,2.9749985,3,89.205711,1.2714192797155022,0.689560499353428,2430.660180178082,1.0092487,0.66299963,0.0,True,1.1927681058008515,0.6815922385473996
731,210,396.77597,1395,4904.5938,2.9599919,3,74.266853,1.2097870835846571,0.6297386066661071,2125.364715021674,0.99378729,0.48473686,0.0,True,1.14498714550926,0.586238082666275
732,4324,413.50797,1395,4706.1367,2.9890044,4,56.79615,1.2607819572521248,0.9899385307785042,3462.053551810021,0.99339557,0.77569163,0.0,True,1.1805660410764873,0.925664460544953
733,13131,431.73383,1395,4507.4648,2.2725472,4,13.203091,1.3163277832075682,1.1270064230703132,4094.0815807714007,1.0003265,0.91443342,0.0,True,1.2215273982452977,1.0632345221492192
734,1653,325.76016,1395,5973.7969,4.0038624,5,134.10527,0.9933292417679991,0.8522606521934059,2414.3897621663705,0.91846299,0.769135,0.0,True,0.9708693662375993,0.8273229565353841
735,17816,420.40637,1395,4628.9141,4.0154057,6,55.39632,1.2818060701312857,1.159605103451092,4114.922608855978,1.0179396,1.0413626,0.0,True,1.2026461290919,1.1241323524157645
736,13929,431.99738,1395,4504.7148,1.9502486,4,21.238493,1.3171310071887754,1.1340997614452415,4122.063640232837,1.0003341,0.9200291,0.0,True,1.2220919350321426,1.069878563011669
737,15319,433.45462,1395,4489.5703,3.0489051,5,72.919754,1.3215720576913956,1.145863006206143,4177.193380449898,1.0018733,0.93007165,0.0,True,1.225662430383977,1.0811255993443
738,3047,335.05939,1395,5808.0,2.9475994,4,42.83968,1.0216753534658451,0.9255533379563748,2688.037057610827,0.90849203,0.84748292,0.0,True,0.9877203564260917,0.9021322125694624
739,164,406.49268,1395,4787.3555,3.1285594,4,87.111588,1.2394013774163477,0.602516948923372,2077.985616216324,0.99267465,0.49288008,0.0,True,1.1653833591914435,0.5696258882463604
740,8285,413.49698,1395,4706.2617,3.0114923,5,54.926857,1.2607484846555066,1.0668105786225521,3730.7530571223106,0.99339539,0.90558404,0.0,True,1.1805425562588545,1.0184426170357865
741,14088,433.44897,1395,4489.6289,4.008924,6,134.16628,1.321554815812268,1.135901313720558,4140.833631373529,1.0019517,0.93853623,0.0,True,1.2256738810685877,1.0766917886043905
742,11227,446.98517,1395,4353.668,3.8257749,5,35.018154,1.3628067620481084,1.1129789741147147,4168.697675106326,1.0277079,0.88003224,0.0,True,1.262277103433676,1.0430949538803003
743,0,333.45764,1395,5835.8984,2.0150232,2,10.328741,1.016792927337783,0.0,231.13522300217326,0.90683913,0.0,0.0,True,0.9838067881364481,0.0
744,38992,478.85117,1395,4063.9453,1.938936,4,107.59906,1.4599148207027182,1.2719992609076367,5062.013802952352,1.1074619,1.123093,0.0,True,1.3541789444919028,1.2273273826353457
745,11651,446.02432,1395,4363.0469,2.3354638,5,28.695755,1.3598785854137236,1.1171158589923187,4176.267961628213,1.026397,0.90531081,0.0,True,1.2598341097896066,1.053574344294623
746,11019,446.53165,1395,4358.0898,4.6479926,6,34.505211,1.3614246669040073,1.110613011024742,4156.119152036862,1.0229437,0.94210428,0.0,True,1.259880376832805,1.0600603917173195
747,7956,420.91681,1395,4623.3008,4.4915066,6,38.370266,1.28336167966342,1.0642566067059858,3780.6465821999536,1.0006119,0.93518209,0.0,True,1.198536745764394,1.02553425169419
748,8462,514.0708,1395,3785.5195,4.1066074,5,22.484694,1.5672351795513026,1.0975430449481482,4649.038942468924,1.1015289,0.94174951,0.0,True,1.4275232956859119,1.0508049844637037
749,0,397.93787,1395,4890.2734,2.6067431,3,12.5408,1.2133283073747596,0.0,275.82951262853004,0.97908598,0.0,0.0,True,1.1430556091623316,0.0
750,32287,476.09082,1395,4087.5078,4.5040083,6,111.89334,1.4515032355816904,1.248427259903701,4943.004318517433,1.1117343,1.1104881,0.0,True,1.3495725549071833,1.2070455119325907
751,1869,420.60019,1395,4626.7812,3.9586496,5,15.770993,1.282396714633338,0.8925897242534333,3168.897865534264,1.0056478,0.6490249,0.0,True,1.1993720402433365,0.8195202769774033
752,5210,421.90137,1395,4612.5117,2.5093641,4,20.482269,1.2863622826303722,1.0143826568885328,3610.935245490399,1.0048021,0.83896065,0.0,True,1.2018942278412605,0.961756054821973
753,495,360.55524,1395,5397.3008,4.5502424,5,27.767324,1.0993893512353599,0.7221810933035121,2238.5396669208762,0.94739085,0.5477789,0.0,True,1.053789800864752,0.6698604353124584
754,3585,412.85992,1395,4713.5234,3.9517894,5,78.749916,1.2588069870751908,0.9676037141481396,3379.28795540826,0.99613994,0.81558412,0.0,True,1.1800068729526334,0.9219978359036978
755,3477,414.24136,1395,4697.8047,2.3217692,4,19.364777,1.263017121463911,0.9643691463142713,3377.9312426751785,1.0039769,0.87188804,0.0,True,1.1853050550247377,0.9366248144199898
756,3596,359.33032,1395,5415.6992,4.1705251,5,37.952034,1.0956558466067219,0.9523407585193576,2942.2446000387426,0.94586647,0.88979101,0.0,True,1.0507190336247054,0.9335758339635504
757,3966,381.75656,1395,5097.5547,3.7890482,6,58.572319,1.1640102230174254,0.9705592036846049,3163.2415248381108,0.94949895,0.79618806,0.0,True,1.0996568411121979,0.9182478605792234
758,0,299.71716,1395,6492.8711,1.6288816,2,15.214632,0.9139417414514291,0.0,207.748104419434,0.87646627,0.0,0.0,True,0.9026991000160005,0.0
759,1695,367.17697,1395,5299.9648,1.8481892,3,33.005249,1.1195724655955015,0.8670719815284735,2730.5545944983896,0.95648843,0.83310336,0.0,True,1.070647254916851,0.8568813950699314
760,971,336.96127,1395,5775.2188,2.6055007,4,30.706152,1.0274725623403012,0.7942131542710459,2318.4229584211807,0.90992105,0.7725625,0.0,True,0.9922071086382107,0.7877179579897322
761,11537,425.51651,1395,4573.3242,4.9798293,7,52.734745,1.2973799329097946,1.1097150415698556,3980.0635195332493,0.9946115,0.95445967,0.0,True,1.2065494030368562,1.0631384300988989
762,3432,358.74451,1395,5424.543,5.9460087,6,18.218082,1.0938702233883635,0.9467334399663805,2920.711626891932,0.93002069,0.8745122,0.0,True,1.0447153633718544,0.9250670679764663
763,19859,420.56006,1395,4627.2227,3.0157623,5,48.454376,1.2822744094028053,1.1725166521344403,4162.078222528017,1.0183243,1.052279,0.0,True,1.2030893765819637,1.1364453564941082
764,429,334.75208,1395,5813.332,2.9998243,4,40.702614,1.0207385930221282,0.6995255929067089,2030.6423006670568,0.90814871,0.53559852,0.0,True,0.9869616281154898,0.6503474710346961
765,198,270.52591,1395,7193.4883,2.969136,3,33.448578,0.8249521861687358,0.5960023812349671,1433.3321270542112,0.82817268,0.60453397,0.0,True,0.825918334318115,0.5985618578644769
766,0,257.73593,1395,7550.4609,1.9884911,2,40.094524,0.7859602164423731,0.0,178.6489332084954,0.81826484,0.0,0.0,True,0.7956516035096612,0.0
767,872,316.29886,1395,6152.4883,2.0310397,3,35.237759,0.964488599911151,0.7761442327672501,2142.3176015082176,0.89791191,0.78572834,0.0,True,0.9445155929378057,0.779019464937075
768,12789,433.50705,1395,4489.0273,4.1718979,6,60.35268,1.3217318459935792,1.1244176113778936,4099.458151443733,1.0021622,0.93994522,0.0,True,1.2258609521955055,1.0690758939645257
769,1883,316.53983,1395,6147.8047,2.9848664,4,33.646996,0.9652231401163943,0.8643810320265117,2387.2430863505565,0.89791995,0.84107351,0.0,True,0.9450321830814761,0.8573887754185583
770,267,326.81799,1395,5954.4609,2.9661841,3,47.477928,0.9965538099371323,0.6432040872873461,1828.4523277116,0.92023402,0.5330466,0.0,True,0.9736578729559926,0.6101568411011423
771,1815,400.03278,1395,4864.6641,1.9803767,3,13.54308,1.2197130686781033,0.8838710262587695,3002.2228393594705,0.99312884,0.71128058,0.0,True,1.1517378000746723,0.8320938923811385
772,4519,406.50266,1395,4787.2383,3.0119073,4,42.678421,1.239431707467252,0.9931477617047714,3421.3249579446333,0.99267483,0.92434537,0.0,True,1.1654046442270765,0.9725070441933399
773,11171,413.49698,1395,4706.2617,2.9841192,5,60.448704,1.2607484846555066,1.1021461803127541,3854.3109711669176,0.99339539,0.93786019,0.0,True,1.1805425562588545,1.052860383218928
774,20974,421.26242,1395,4619.5078,3.0283384,5,78.975571,1.284414970290986,1.1792213490035035,4192.038877365805,1.0195185,1.0599198,0.0,True,1.2049460292036902,1.1434308843024525
775,33,320.26825,1395,6076.2344,3.9992976,4,86.399261,0.976588498073809,0.4047410353753676,1138.665101794107,0.89797068,0.26107305,0.0,True,0.9530031526516664,0.36164063976275734
776,36,462.07495,1395,4211.4922,4.9174299,5,22.005058,1.4087919288509803,0.4326377756239189,1680.8374428762618,1.0925883,0.46270677,0.0,True,1.3139308401956862,0.4416584739367433
777,3460,403.9249,1395,4817.7891,2.0070717,4,38.375568,1.2315754238368148,0.9609253551185782,3291.827066147053,1.0099094,0.89423704,0.0,True,1.1650756166857703,0.9409188605830048
778,127012,610.27905,1395,3188.7461,2.4106407,4,44.728661,1.8603591817088048,1.456565896176581,7172.031493584035,1.2298986,1.3272871,0.0,True,1.6712210071961633,1.4177822573236067
779,735,458.00568,1395,4248.9102,3.9018533,5,22.770628,1.3963912490168715,0.7900816815100634,3024.0227573219436,1.0892624,0.85053593,0.0,True,1.30425259431181,0.8082179560570444
780,0,386.44016,1395,5035.7734,2.151459,3,10.943062,1.178285193144368,0.0,267.8599073591341,0.98357958,0.0,0.0,True,1.1198735092010577,0.0
781,2933,409.78519,1395,4748.8906,5.0686407,6,15.580522,1.2494360117735737,0.9430476119120172,3271.9145777879835,1.0578717,0.91925776,0.0,True,1.1919667182415017,0.9359106563384121
782,7408,404.74631,1395,4808.0117,3.0186386,4,45.226398,1.234078870044445,1.050926437271363,3606.5266894166307,1.0107613,0.95555711,0.0,True,1.1670835990311115,1.0223156390899542
783,1998,399.4852,1395,4871.332,4.24967,6,19.917641,1.2180442054094733,0.8950349177834264,3036.448039230661,1.0509379,0.87102735,0.0,True,1.1679123137866314,0.8878326474483984
784,130676,613.20343,1395,3173.5391,2.6153188,5,35.641834,1.8692680570793665,1.460955471011942,7223.837832314023,1.2296216,1.3278418,0.0,True,1.6773741199555565,1.4210213697083593
785,11813,504.08218,1395,3860.5312,3.6128402,5,21.696144,1.5367989269928901,1.1353260804708039,4726.841707717071,1.1075115,1.0317209,0.0,True,1.408012698895023,1.1042445263295626
786,30036,446.03909,1395,4362.9023,3.0555162,5,104.89238,1.3599236353209005,1.2301004151928574,4598.760488933597,1.0780407,1.0452598,0.0,True,1.2753587547246306,1.1746482306350003
787,33826,448.31216,1395,4340.7812,3.0484905,5,50.769684,1.3668507645829726,1.2450324081146984,4675.46730554317,1.0809023,1.0526894,0.0,True,1.2810662252080809,1.1873295056802888
788,11715,547.31909,1395,3555.5586,3.9951186,6,102.72231,1.6685413990472455,1.1457238228728044,5127.720932678522,1.0776875,1.111039,0.0,True,1.4912852293330716,1.135318376010963
789,0,341.08347,1395,5705.4219,1.975895,2,169.4469,1.0400376750904923,0.0,236.42104556610266,,,,False,1.0400376750904923,0.0
790,28876,451.80548,1395,4307.2188,3.0726857,5,49.400017,1.3774964974246748,1.2272810321313636,4640.419690126035,1.085619,1.0591685,0.0,True,1.2899332481972723,1.1768472724919545
791,0,546.92548,1395,3558.1172,2.0438104,3,178.9464,1.6673422446981687,0.0,379.09985443839474,,,,False,1.6673422446981687,0.0
792,4056,459.90921,1395,4231.3242,4.730238,6,30.812214,1.402192112675084,0.994877252586015,3821.1306156086534,1.0861,0.97171962,0.0,True,1.3073644788725587,0.9879299628102105
793,2714,387.43552,1395,5022.8359,3.8515859,5,12.930321,1.181318936930171,0.9277429292521207,3063.4199139522425,0.9909873,0.83972442,0.0,True,1.1242194458511197,0.9013373764764845
794,0,388.40088,1395,5010.3516,3.3600404,4,12.727177,1.184261256460253,0.0,269.21897489900164,0.97396225,0.0,0.0,True,1.1211715545221772,0.0
795,1592,394.34378,1395,4934.8438,6.1164141,7,26.783659,1.2023742383011105,0.8669780414755884,2907.8917669431708,1.0477494,0.87099516,0.0,True,1.1559867868107774,0.8681831770329118
796,1734,457.93747,1395,4249.543,5.9046011,7,34.323936,1.3961834100317367,0.8927013151979352,3415.9107815497778,1.0892612,0.7738663,0.0,True,1.3041067470222156,0.8570508106385546
797,118784,612.97101,1395,3174.7422,4.0007143,6,101.26286,1.8685601254129338,1.4490547273495502,7162.614574713771,1.2296085,1.3240818,0.0,True,1.6768746377890538,1.4115628491446852
798,16909,504.44916,1395,3857.7227,3.8146772,6,28.007845,1.5379171678930614,1.1788498097717244,4911.175562486934,1.1075168,1.0388089,0.0,True,1.4087970575251432,1.136837536840207
799,3539,459.71188,1395,4233.1406,7.1499472,8,41.868183,1.4015907296292738,0.978503517738739,3756.841083949533,1.0829352,0.88622719,0.0,True,1.3059940707404918,0.9508206194171174
800,1898,378.01288,1395,5148.0391,3.3583078,6,37.244736,1.152599754754592,0.8832483408937902,2853.8495033944605,1.0070598,0.89156312,0.0,True,1.1089377683282144,0.8857427746256532
801,56562,566.78235,1395,3433.4609,3.0368035,5,84.478531,1.7278420498503009,1.3439996337096876,6202.371815202057,1.1337805,1.1812364,0.0,True,1.5496235848952107,1.2951706635967812
802,16413,503.26181,1395,3866.8242,4.1811776,6,23.754957,1.534299181554065,1.174910033117841,4884.634382444439,1.1072569,1.0310267,0.0,True,1.4061864970878455,1.1317450331824888
803,64994,586.1073,1395,3320.2539,2.9925861,5,84.469566,1.7867188909422484,1.3666883804691246,6495.288578286498,1.1432909,1.1695567,0.0,True,1.593690493659574,1.3075488763283871
804,0,375.08426,1395,5188.2344,2.0267038,2,13.284635,1.1436735503962132,0.0,259.98859729141344,0.98053735,0.0,0.0,True,1.0947326902773493,0.0
805,17,374.6893,1395,5193.7031,3.9221787,4,28.852179,1.1424697850107255,0.33782681001152415,1103.2497799965881,0.99255127,0.21558616,0.0,True,1.097494230507508,0.3011546150080669
806,17184,503.58487,1395,3864.3438,1.7284985,4,13.39983,1.535283490215371,1.180558188888068,4910.88430480071,1.105917,1.0303468,0.0,True,1.4064735431507596,1.1354947722216475
807,2299,377.45953,1395,5155.5859,3.429482,5,30.772097,1.1509132215590554,0.9055084355613937,2921.951624208177,1.0020585,0.83425599,0.0,True,1.1062568050913386,0.8841327018929757
808,8425,469.5993,1395,4144.0117,4.4489689,6,97.300537,1.4317214308962418,1.0851046779170486,4244.800168529417,1.0875205,0.88545799,0.0,True,1.3284611516273692,1.025210671541934
809,18121,503.82831,1395,3862.4766,1.8235213,4,21.601242,1.5360252934735223,1.187054668611634,4940.004903263008,1.1050558,1.0271035,0.0,True,1.4067344454314656,1.1390693180281437
810,5079,415.70212,1395,4681.2969,3.9466648,5,23.382528,1.2674690352509062,1.0095948543630655,3547.2956740898617,1.018877,0.86298352,0.0,True,1.1928914246756344,0.9656114540541458
811,36,400.43759,1395,4859.7461,4.9019051,5,19.937143,1.2209468947044684,0.42534637579033485,1456.6262352181889,1.0106964,0.22374709,0.0,True,1.1578717462931278,0.3648665900532344
812,52420,552.39868,1395,3522.8633,2.9977038,5,50.254307,1.6840181585585348,1.3304629554224212,6002.961547602494,1.1401519,1.1367629,0.0,True,1.5208582809909743,1.2723529387956947
813,93769,611.95905,1395,3179.9922,4.0169783,6,102.83511,1.8654771698172483,1.4194397111825279,7006.081061656901,1.229431,1.3204603,0.0,True,1.6746633188720739,1.3897458878277695
814,0,400.01926,1395,4864.8281,4.0273585,4,103.39685,1.2196719673819094,0.0,277.2722222386757,1.0164846,0.0,0.0,True,1.1587157571673365,0.0
815,53891,552.82898,1395,3520.1211,3.0255218,5,51.242737,1.685329276053728,1.3339782687545607,6022.936779568037,1.1403807,1.138413,0.0,True,1.5218447032376097,1.2753086881281925
816,66503,611.82001,1395,3180.7148,4.0146551,6,103.9886,1.865053633972029,1.3768022898143504,6794.28104123009,1.2294295,1.3190442,0.0,True,1.6743663937804203,1.3594748628700453
817,49312,532.61377,1395,3653.7266,4.0151005,6,101.96107,1.6237357037685913,1.3171034532342467,5755.404849232131,1.1183279,1.0902629,0.0,True,1.4721133626380138,1.2490512872639727
818,40283,611.93347,1395,3180.125,3.9900203,6,101.9062,1.8653993176372894,1.314680255077291,6488.780029315011,1.2294275,1.3051454,0.0,True,1.6746077723461024,1.3118197985541036
819,2253,453.51315,1395,4291.0,4.0250087,5,103.65723,1.382700629777908,0.9229510712764586,3501.532061657392,1.0874368,0.61820894,0.0,True,1.2941214808445356,0.831528431893521
820,53928,554.19055,1395,3511.4727,4.0157981,6,102.39366,1.689477707806456,1.3344638916734248,6038.1510988445125,1.1411543,1.2066046,0.0,True,1.5249806854645191,1.2961061041713973
821,18725,538.25555,1395,3615.4297,3.0225053,5,101.92983,1.64092582189961,1.2006240941858584,5295.208256885039,1.0836633,1.065642,0.0,True,1.4737470653297269,1.160129465930101
822,79,380.63535,1395,5112.5703,5.0430231,5,23.162514,1.160592866156627,0.5131152191473082,1672.682692045948,0.98616308,0.35374317,0.0,True,1.1082639303096389,0.46530360440311574
823,18163,503.79672,1395,3862.7188,2.5460811,4,13.821999,1.5359290315343408,1.1873259270328753,4940.861361930963,1.1050553,1.0228325,0.0,True,1.4066669120740385,1.1379778989230127
824,66490,586.14868,1395,3320.0195,1.042822,3,16.341005,1.7868449609150578,1.3695066936916163,6509.0855014851,1.1431719,1.1691464,0.0,True,1.5937430426405406,1.3093986055841313
825,38865,594.66998,1395,3272.4453,2.7363956,5,93.290367,1.8128059136112489,1.305609352320605,6284.41338147578,1.0992969,1.0679983,0.0,True,1.598753209527874,1.2343260366244233
826,18614,505.83365,1395,3847.1641,4.9435821,6,34.258282,1.5421358116783226,1.190876520122539,4973.243496666082,1.0989512,1.0167536,0.0,True,1.4091804281748257,1.1386396440857773
827,66909,586.57727,1395,3317.5938,3.3851366,5,25.194433,1.7881506477197782,1.3704048172013108,6517.529648536167,1.1429573,1.1684374,0.0,True,1.5945926434038447,1.3098145920409174
828,60757,566.83844,1395,3433.1211,4.023818,6,72.611176,1.7280129668897437,1.352802843555991,6243.538642414659,1.1340445,1.1823529,0.0,True,1.5498224268228205,1.3016678604891936
829,27660,592.73981,1395,3283.1016,1.536997,3,78.648064,1.8069254855425354,1.2630852480663102,6062.433065985279,1.0992575,1.0563179,0.0,True,1.5946250898797747,1.2010550436464171
830,26516,563.92603,1395,3450.8516,3.6355314,5,43.189346,1.7191395667385647,1.250182233294128,5743.913143763907,1.0925074,1.0537746,0.0,True,1.5311499167169953,1.1912599433058895
831,23700,575.94672,1395,3378.8281,2.96943,5,53.68816,1.7557632710271662,1.2396086240721094,5801.692567759233,1.0984755,1.0677943,0.0,True,1.5585769397190163,1.1880643268504767
832,22520,538.34973,1395,3614.7969,2.3101602,4,53.564575,1.6412129206471506,1.2231715456569923,5395.47444463621,1.0837067,1.0674368,0.0,True,1.4739610544530053,1.1764511219598945
833,72943,585.56165,1395,3323.3477,3.639358,6,94.216423,1.785056583297007,1.3807592990313435,6556.80374570812,1.142895,1.1757082,0.0,True,1.5924081083079047,1.3192439693219404
834,4341,439.18726,1395,4430.9688,3.0354304,5,176.64796,1.3390425404384891,0.9975038850197704,3678.7733074844355,1.0222328,0.92466718,0.0,True,1.2439996183069424,0.9756528735138393
835,59620,566.83325,1395,3433.1523,4.0142388,6,74.303871,1.7279972720966577,1.3504811863016437,6232.773664064088,1.1347725,1.1842687,0.0,True,1.5500298404676602,1.3006174404111506
836,49236,532.72766,1395,3652.9453,3.8951359,6,141.18024,1.6240828019058342,1.316949759435176,5755.81389678875,1.1183305,1.0908053,0.0,True,1.4723571113340839,1.2491064216046233
837,3855,439.18997,1395,4430.9414,3.0031617,4,35.809952,1.339050817057171,0.98336813342811,3626.6748414661233,1.0222328,0.90694702,0.0,True,1.24400541194002,0.960441799399677
838,5,411.7952,1395,4725.7109,4.039021,4,63.229862,1.2555619260975877,0.21175665903934224,801.3164590122626,0.97744477,0.1334905,0.0,True,1.1721267792683114,0.18827681132753957
839,70897,585.65735,1395,3322.8047,2.7955403,5,40.517628,1.7853481149243322,1.37727887512248,6541.213740488861,1.1426915,1.1730862,0.0,True,1.5925511304470326,1.316021072585736
840,29677,579.35931,1395,3358.9258,2.3471706,4,148.52295,1.7661603251212983,1.2682044154844994,5966.355151757865,1.0923651,1.0434326,0.0,True,1.564021757584909,1.2007728708391494
841,26218,547.8963,1395,3551.8125,3.6252882,5,42.534557,1.670300220857617,1.244394317863806,5574.4491384066605,1.0870605,1.0180432,0.0,True,1.4953283046003318,1.176488982504664
842,14848,522.91907,1395,3721.4648,4.3995805,6,102.52531,1.5941962990053133,1.168194508505381,5023.03254666891,1.0805131,1.0292994,0.0,True,1.4400913393037194,1.1265259759537667
843,0,342.05206,1395,5689.2656,1.9914057,2,50.777534,1.0429901222034972,0.0,237.09242099372122,0.97404915,0.0,0.0,True,1.022307830542448,0.0
844,15791,536.19604,1395,3629.3164,3.0407202,5,105.60644,1.634650674790156,1.1792754314501477,5183.579818239476,1.0832051,1.0642606,0.0,True,1.4692170023531093,1.1447709820151033
845,11794,536.34381,1395,3628.3164,2.998719,5,101.55308,1.6351009525331068,1.1437147874561406,5028.499848762111,1.0832024,1.0625614,0.0,True,1.4695313867731747,1.1193687712192983
846,54012,553.58459,1395,3515.3164,4.0847368,6,142.73251,1.68763145778883,1.334475858256949,6032.410475198749,1.1408688,1.2066909,0.0,True,1.523602660452181,1.2961403707798642
847,2456,437.57709,1395,4447.2734,3.0003893,4,49.552975,1.3341355475337973,0.9292888726711789,3416.209539022752,1.0963875,0.87546027,0.0,True,1.262811133273658,0.9131402918698253
848,0,335.39529,1395,5802.1836,0.97323555,1,17.364681,1.0226991791983562,0.0,232.4782996365852,0.98393118,0.0,0.0,True,1.0110687794388493,0.0
849,14989,510.01318,1395,3815.6367,4.0828204,6,163.74788,1.554871317020962,1.1658035979647847,4903.881431412135,1.0788726,1.0394242,0.0,True,1.4120717019146736,1.1278897785753492
850,13558,509.97977,1395,3815.8867,3.9722338,6,43.511669,1.554769502100877,1.1536294250058934,4852.396090348608,1.0788713,1.0377009,0.0,True,1.4120000414706138,1.1188508675041253
851,8589,507.11472,1395,3837.4453,3.0856972,5,48.661575,1.5460394249233242,1.0975374892115246,4593.683692004379,1.0784829,1.0341059,0.0,True,1.405772467446327,1.0785080124480673
852,3693,440.64398,1395,4416.3203,4.1467776,6,67.814499,1.3434820023429626,0.9786417021616034,3619.7738922701947,1.0998627,0.92557824,0.0,True,1.2703962116400738,0.9627226635131224
853,6655,505.78845,1395,3847.5078,2.0131264,4,45.3064,1.541998123405948,1.0662931563320526,4452.6702866779915,1.0782769,1.0327467,0.0,True,1.4028817563841636,1.0562292194324368
854,7248,535.78949,1395,3632.0703,1.9934477,4,80.382683,1.633411935822089,1.0841916041672248,4762.5024446639245,1.083092,1.0608495,0.0,True,1.4683159550754623,1.0771889729170574
855,5065,535.78314,1395,3632.1133,2.0114584,4,20.775179,1.633392608765544,1.0404849057984629,4570.500328993088,1.0830916,1.0593472,0.0,True,1.4683023061358806,1.046143594058924
856,0,534.69684,1395,3639.4922,1.0171589,2,82.720726,1.6300828005718533,0.0,370.62360710031214,1.082925,1.0573206,0.027574335813591377,True,1.4659354604002974,0.31719618000000005
857,2791,459.88162,1395,4231.5781,3.0185184,4,72.847412,1.4021080191331678,0.950122910808291,3649.101590238805,1.1003339,0.69356835,0.0,True,1.3115757833932176,0.8731565425658037
858,0,346.54599,1395,5615.4883,1.9987727,2,131.27621,1.056688236206306,0.0,240.207375902855,0.98546416,0.0,0.0,True,1.0353210133444142,0.0
859,28519,549.69183,1395,3540.2109,1.045424,3,29.983582,1.6757708592779046,1.2551848995860448,5638.9564354890135,1.0862725,1.0244542,0.0,True,1.4989213514945332,1.1859656897102313
860,0,403.60486,1395,4821.6094,2.000365,3,74.189049,1.230600015755123,0.0,279.7575707692914,1.0123802,0.0,0.0,True,1.165134071028586,0.0
861,60611,579.18622,1395,3359.9297,2.3093722,4,37.326969,1.7656329350481539,1.3560933709579428,6378.151948148245,1.141981,1.1746432,0.0,True,1.5785373545337076,1.30165831967056
862,44320,531.42401,1395,3661.9062,3.123353,5,79.239067,1.6201107450940093,1.3037395041334667,5685.8311364736455,1.118054,1.0820185,0.0,True,1.4694937215658066,1.2372232028934267
863,140445,636.71667,1395,3056.3438,2.003593,4,73.759903,1.9408981435104058,1.4767809286090594,7546.738752870349,1.2486821,1.4686815,0.0,True,1.733233330457284,1.4743511000263414
864,60385,578.8316,1395,3361.9883,2.0268304,4,79.285149,1.7645524521106568,1.3555312020402581,6372.084529367815,1.1416847,1.1759976,0.0,True,1.5776921264774597,1.3016711214281806
865,120598,636.75653,1395,3056.1523,3.0087032,5,89.638367,1.9410196816020442,1.4578098762634601,7450.200760697196,1.2486827,1.4685678,0.0,True,1.733318587121431,1.461037253384422
866,1528,406.72931,1395,4784.5703,3.0502262,4,51.615204,1.2401225578231996,0.865301041782734,2982.5553908555335,1.0121465,0.78349024,0.0,True,1.1717297404762397,0.8407578012479138
867,43796,531.2699,1395,3662.9688,2.0244293,4,20.238077,1.6196410194915056,1.302244260891643,5677.863877033262,1.1180478,1.0822684,0.0,True,1.4691630536440539,1.23625150262415
868,25716,473.74835,1395,4107.7188,3.0187557,4,43.848545,1.4443649535429433,1.2203432912692778,4810.88910836431,1.1050445,1.0937386,0.0,True,1.3425688174800603,1.1823618838884944
869,6168,447.62213,1395,4347.4727,4.1164479,5,50.992325,1.36474791614086,1.0416866299675223,3906.601601283794,1.1024371,0.98088026,0.0,True,1.286054671298602,1.0234447189772655
870,446,403.72391,1395,4820.1875,3.0175605,4,41.641754,1.2309628780789963,0.7195403453957264,2464.6509935321164,0.99908078,0.68898916,0.0,True,1.1613982486552974,0.7103749897770085
871,4209,437.78589,1395,4445.1523,3.6116846,5,48.840889,1.334771872696278,0.993449458339368,3653.522632073201,1.0071861,0.74572837,0.0,True,1.2364961408873945,0.9191331318375576
872,34592,478.74442,1395,4064.8516,4.0621829,5,51.010975,1.4595894779235514,1.2575586287022407,5003.566443660064,1.1080877,1.1258959,0.0,True,1.354138944546486,1.2180598100915685
873,43659,526.02765,1395,3699.4727,2.001513,4,25.097969,1.603668130157102,1.300292646577244,5620.190159358829,1.10921,1.0868139,0.0,True,1.4553306911099715,1.2362490226040708
874,3923,438.01993,1395,4442.7773,4.541357,6,15.805648,1.335485088001273,0.9851372032407346,3624.668197208921,1.0073789,0.79852813,0.0,True,1.237053231600891,0.9291544812685143
875,3768,404.3429,1395,4812.8086,3.0129156,4,44.490349,1.2328493813101022,0.9710962146751715,3329.695156601754,0.99960321,0.904396,0.0,True,1.1628755299170717,0.95108615027262
876,320,410.36035,1395,4742.2344,4.2095795,5,18.815981,1.2511889808051135,0.6818088549088098,2369.6469933226444,1.0556185,0.43316263,0.0,True,1.1925178365635793,0.6072149874361669
877,5689,438.66867,1395,4436.207,3.7296953,5,16.620377,1.3374621336130919,1.0295579497859675,3793.0106208785583,1.0872217,0.94856566,0.0,True,1.2623900035291642,1.0052602628501772
878,6315,433.2522,1395,4491.668,3.9334233,6,51.780991,1.3209551314508683,1.040448052050065,3791.389868281182,1.0042868,0.79384011,0.0,True,1.2259546320156076,0.9664656694350455
879,55217,586.435,1395,3318.3984,3.0326765,5,42.172951,1.7877173424841308,1.3466766335580354,6403.320344434085,1.1293703,1.0779028,0.0,True,1.5902132297388916,1.2660444834906248
880,67971,581.25409,1395,3347.9766,3.0523396,5,99.296684,1.7719329154826216,1.370807120296837,6467.536282151293,1.0947789,1.0753009,0.0,True,1.568786710837835,1.2821552542077859
881,169017,639.01898,1395,3045.332,2.0246425,4,70.469322,1.947911748256035,1.500527993051614,7692.361215110594,1.2513105,1.4621797,0.0,True,1.7389313737792245,1.4890235051361298
882,53352,585.06519,1395,3326.168,3.0205266,5,44.273891,1.783543920750563,1.3420523288063582,6368.261548704921,1.1281089,1.0708178,0.0,True,1.586913414525394,1.2606819701644507
883,57811,563.00958,1395,3456.4688,4.1079416,6,89.322472,1.7163473626353256,1.3455793504112747,6173.382559236047,1.1158768,1.0442897,0.0,True,1.5362061938447278,1.2551924552878924
884,170163,639.7132,1395,3042.0273,3.0320652,5,97.263046,1.9500264677772632,1.5015733476233986,7705.040884037489,1.251173,1.462145,0.0,True,1.7403704274440843,1.489744843336379
885,4414,465.60236,1395,4179.5859,3.9665852,5,44.347836,1.4195412806506162,1.0064852123113945,3907.7957596081746,1.104684,0.91231465,0.0,True,1.3250840964554313,0.9782340436179762
886,4625,437.52252,1395,4447.8281,4.1040034,6,92.109001,1.3339692388648812,1.0045950607348024,3692.5430563798427,1.0095408,0.81748658,0.0,True,1.2366407072054169,0.9484625165143616
887,169347,641.01617,1395,3035.8438,4.0425673,6,69.784859,1.9539957267179304,1.501354550924354,7717.6532492870665,1.2508478,1.4621559,0.0,True,1.7430513487025514,1.4895949556470478
888,38334,583.98224,1395,3332.3359,3.0093637,5,42.906319,1.7802446968934833,1.3009974104262538,6163.433052371928,1.1273264,1.0166245,0.0,True,1.5843692078254383,1.2156855372983777
889,48667,599.29987,1395,3247.1641,3.0150275,5,41.342892,1.8269110518722522,1.33467252494565,6468.122172294168,1.1044914,1.0877378,0.0,True,1.6101851563105765,1.2605921074619548
890,0,313.92444,1395,6199.0234,3.041523,3,37.230297,0.9572506698872576,0.0,217.59584049485971,0.91197133,0.0,0.0,True,0.9436668679210802,0.0
891,0,257.16528,1395,7567.2148,2.0149584,2,39.256405,0.7842205513359932,0.0,178.2533887699089,0.83193231,0.0,0.0,True,0.7985340789351952,0.0
892,1048,313.98026,1395,6197.9219,2.9766746,3,35.860413,0.9574207384187468,0.7965221692525342,2184.2179469425446,0.91197366,0.79231417,0.0,True,0.9437866148931228,0.7952597694767739
893,1173,437.39462,1395,4449.1289,3.0081487,4,83.779648,1.333579399068079,0.8413351003185702,3091.9528154392956,1.0861298,0.57927954,0.0,True,1.2593445193476553,0.7627184322229992
894,47039,597.53516,1395,3256.7539,3.0280168,5,57.768524,1.8215348522134671,1.329980505149883,6428.74624593125,1.1027349,1.0818716,0.0,True,1.605894866549427,1.255547833604918
895,112706,619.21008,1395,3142.7539,2.9967074,5,72.45002,1.8875670378011327,1.4443534755331666,7202.995734718382,1.2188568,1.3091176,0.0,True,1.6869539664607929,1.4037827128732168
896,43292,594.80701,1395,3271.6914,3.0686498,5,65.581268,1.8132233855752438,1.3189738138331817,6350.022438350376,1.1006861,1.0798146,0.0,True,1.5994621999026708,1.2472260496832273
897,2921,436.91434,1395,4454.0195,4.0023026,5,199.07283,1.33211576018385,0.9497500452884604,3486.736241222175,1.0786451,0.87522757,0.0,True,1.256074562128695,0.9273933027019222
898,0,421.60287,1395,4615.7773,1.9775574,2,59.576099,1.2854525928819824,0.0,292.23284065648113,0.98910856,0.0,0.0,True,1.1965493830173877,0.0
899,41849,594.05023,1395,3275.8594,2.0223544,4,46.870995,1.8109177604251605,1.3145790305107048,6321.805897652729,1.0997161,1.0769421,0.0,True,1.5975572622976124,1.2432879513574933
900,22452,563.1604,1395,3455.543,3.0448728,5,73.953697,1.7168069359185294,1.229557987625529,5642.430224261325,1.1177157,1.0327469,0.0,True,1.5370795651429705,1.1705146613378703
901,68027,581.10425,1395,3348.8398,3.0031886,5,162.70819,1.7714764530481462,1.3708650782137062,6466.347582003585,1.0949104,1.0837117,0.0,True,1.5685066371337024,1.2847190647495943
902,85,411.08026,1395,4733.9297,3.9974737,4,69.768082,1.253383006009688,0.5263229661445562,1835.846670552637,0.98032165,0.40326926,0.0,True,1.1714645992067816,0.48940685430118935
903,20717,548.31122,1395,3549.125,3.9924166,5,87.270317,1.6715643081098412,1.2157054288355644,5449.559080435918,1.1315314,1.0278548,0.0,True,1.5095544356768889,1.159350240184895
904,27331,561.98322,1395,3462.7812,4.0322618,6,70.343102,1.7132203914165085,1.2533674165871775,5741.136301854955,1.1352649,1.0352906,0.0,True,1.539833743991556,1.1879443716110243
905,68197,581.09473,1395,3348.8945,2.027842,4,75.188316,1.771447535467488,1.371169796292678,6467.691952584285,1.09525,1.0885351,0.0,True,1.5685882748272415,1.2863793874048746
906,67941,581.09814,1395,3348.875,3.0405598,5,37.370819,1.7714578441859394,1.3707074660351464,6465.544522149818,1.09525,1.090122,0.0,True,1.5685954909301576,1.2865318262246024
907,169507,642.85004,1395,3027.1836,1.7100829,4,206.13969,1.9595820483237,1.5020068496337822,7740.339599448828,1.2503259,1.4625524,0.0,True,1.74680520382659,1.4901705147436475
908,24812,561.87866,1395,3463.4258,4.4042068,6,86.161392,1.7129017171963572,1.2414762382600144,5685.741909146095,1.1335151,1.0189339,0.0,True,1.5390857320374502,1.17471353678201
909,160197,640.93866,1395,3036.2109,3.6638279,5,62.356827,1.9537596299310755,1.4944055396603617,7681.119188652323,1.2502413,1.4621356,0.0,True,1.742704130951753,1.4847245577622532
910,8723,479.77719,1395,4056.1016,3.5921361,4,55.660728,1.4627366164604059,1.0920859604257895,4353.473152296377,1.1175931,1.0553031,0.0,True,1.359193561522284,1.0810511022980527
911,40414,593.81653,1395,3277.1484,3.0185695,5,83.108986,1.810205907008222,1.3102053839327077,6298.600666130544,1.099395,1.0716901,0.0,True,1.5969626349057553,1.2386507987528954
912,30,420.45108,1395,4628.4219,3.9930756,4,72.292038,1.2819423222831077,0.406840673743453,1457.17240332692,0.98421443,0.25597215,0.0,True,1.1926239545981754,0.3615801166204171
913,111259,619.12549,1395,3143.1836,3.0277529,5,75.875282,1.887309155381759,1.4427245835828215,7194.011638166013,1.2190951,1.309557,0.0,True,1.6868449387672313,1.4027743085079751
914,69125,581.48407,1395,3346.6523,3.9586599,6,200.1064,1.7726336662771944,1.372948028177387,6479.884421324568,1.0952107,1.0920632,0.0,True,1.569406776394036,1.2886825797241708
915,6705,440.02283,1395,4422.5547,2.9898572,4,110.93993,1.3415889747360474,1.0495056046264966,3877.0002488915184,1.0227739,0.89661664,0.0,True,1.2459444523152332,1.0036389152385476
916,25061,563.07257,1395,3456.082,3.039854,5,75.700073,1.716539342802328,1.2430246908369273,5703.445359093276,1.1179372,1.0227606,0.0,True,1.5369586999616296,1.1769454635858492
917,6845,440.02438,1395,4422.5391,2.0056095,4,36.348469,1.3415937048983384,1.0519672161530094,3886.104300389401,1.022774,0.92375785,0.0,True,1.2459477934288368,1.0135044063071066
918,8545,440.17328,1395,4421.043,2.982101,5,45.193329,1.342047500699532,1.0784305316203953,3985.0364361898296,1.0231774,0.98269469,0.0,True,1.2463864704896723,1.0497097791342767
919,60518,581.47662,1395,3346.6953,4.0346417,6,101.39345,1.7726109042039626,1.3565629923926514,6402.481580287238,1.0943431,1.0649221,0.0,True,1.5691305629427736,1.2690707246748558
920,2445,335.13965,1395,5806.6094,2.9889538,3,35.522255,1.0219199458714783,0.9001923973419065,2614.9666868658546,0.92242301,0.86414731,0.0,True,0.9920708651100347,0.8893788711393346
921,0,270.50037,1395,7194.168,0.99541664,1,29.085001,0.8248742669204722,0.0,187.49656880592198,0.83973062,0.0,0.0,True,0.8293311728443304,0.0
922,110008,619.22473,1395,3142.6797,4.0394402,6,85.675919,1.8876115757151863,1.441349263151498,7188.162873510547,1.2193362,1.3138949,0.0,True,1.6871289630006303,1.4031129542060485
923,56935,581.48883,1395,3346.625,2.9912,5,116.49551,1.7726481178503295,1.3490474024639618,6367.128632847014,1.0940217,1.0607703,0.0,True,1.5690601924952305,1.2625642717247731
924,156975,641.00793,1395,3035.8828,3.0725708,5,122.14513,1.9539706415390876,1.4918920506804711,7668.925657084987,1.2500114,1.4626046,0.0,True,1.7427828690773612,1.4831058154763297
925,23646,562.55566,1395,3459.2578,4.0464988,6,84.215912,1.7149643703617108,1.235753579721537,5665.51707960084,1.1183488,1.0249457,0.0,True,1.5359796992531973,1.172511215805076
926,53786,581.53632,1395,3346.3516,3.0274489,5,77.059853,1.7727928583236479,1.342051066823767,6334.562125518839,1.0940241,1.0563354,0.0,True,1.5691622308265536,1.256336366776637
927,2237,451.55731,1395,4309.5859,3.0069296,4,40.614899,1.3767402392786747,0.9216235956037265,3483.215831390715,1.1018575,0.60136366,0.0,True,1.2942754174950721,0.8255456149226086
928,165776,640.92548,1395,3036.2734,3.9810839,6,97.903534,1.9537194393488617,1.4986704899122456,7702.90187994592,1.2498175,1.4680406,0.0,True,1.7425488575442032,1.4894815229385718
929,76830,566.44849,1395,3435.4844,4.0308151,6,40.631542,1.726824943158014,1.3815128365417433,6372.19233131192,1.135079,1.1862837,0.0,True,1.54930116021061,1.3229440955792202
930,3,403.78052,1395,4819.5117,4.0106797,5,77.098083,1.231135414155805,0.16345786585201252,649.8596771903556,1.0119355,0.10354988,0.0,True,1.1653754399090637,0.14548547009640878
931,159068,640.45911,1395,3038.4844,3.0635724,5,98.685379,1.9522987204395985,1.4933843603776853,7670.842573184975,1.2498118,1.4681859,0.0,True,1.741552644307719,1.4858248222643797
932,5467,438.75018,1395,4435.3828,4.0512147,5,96.259911,1.3377105539861378,1.0248418333298122,3776.2574532765875,1.01115,0.82723606,0.0,True,1.2397423877902964,0.9655601013308686
933,165714,642.89313,1395,3026.9805,3.0393879,5,144.11047,1.9597134427364453,1.4991963298923945,7726.3094109620515,1.2504302,1.4624662,0.0,True,1.7469284699155119,1.4881772909246762
934,3688,465.66763,1395,4179.0,3.0521896,5,162.64841,1.4197402065622005,0.9849573055974157,3824.706007770172,1.1046849,0.87933677,0.0,True,1.3252236145935403,0.953271144918191
935,29766,582.55231,1395,3340.5156,2.0376666,4,163.17842,1.7758881375562046,1.2694315901423663,6000.981605001128,1.1262943,0.98832774,0.0,True,1.5810099862893434,1.1851004350996563
936,76099,564.01923,1395,3450.2812,2.9864745,5,260.59024,1.719423609999255,1.3796112673254461,6339.47275165834,1.1176612,1.1558228,0.0,True,1.5388948869994783,1.3124747271278123
937,294,415.97495,1395,4678.2266,3.9738126,4,90.435684,1.2683005142606898,0.672910080204126,2367.046989494478,1.0080491,0.42837271,0.0,True,1.1902250899824829,0.5995488691428882
938,1111,403.27979,1395,4825.4961,3.192625,4,97.760475,1.229609238552582,0.8268893424451835,2828.932858471388,0.99816173,0.7899949,0.0,True,1.1601749859868074,0.8158210097116285
939,26497,579.05225,1395,3360.707,3.053844,5,262.85425,1.7652248035991718,1.2541653400740158,5897.567416518156,1.1232758,0.95277303,0.0,True,1.5726401025194203,1.163747647051811
940,73235,563.57263,1395,3453.0156,2.9960155,5,199.76376,1.7180628080627363,1.3747691264690485,6312.834038447127,1.1173606,1.1539029,0.0,True,1.5378521456439156,1.308509258528334
941,125,407.06531,1395,4780.6211,4.1568451,5,192.34872,1.2411465762229335,0.5707905915465247,1971.9005180472632,1.0003054,0.48944491,0.0,True,1.1688942233560535,0.5463868870825672
942,157633,641.79578,1395,3032.1562,2.6770136,5,85.316734,1.9563705400653268,1.4926420616445357,7681.035970704434,1.250266,1.4626307,0.0,True,1.7445391780457289,1.4836386531511752
943,17663,541.27313,1395,3595.2734,4.0509887,5,62.039967,1.6501202837784195,1.194312880069675,5293.294274135243,1.1335377,1.08924,0.0,True,1.4951455086448937,1.1627910160487724
944,24863,527.56903,1395,3688.6641,1.7242998,4,86.173103,1.6083646852707512,1.232211165300721,5339.640356104016,1.1235113,1.1248679,0.0,True,1.462908669689526,1.2000081857105047
945,2569,439.75714,1395,4425.2266,3.0247321,4,136.3555,1.3407793049573202,0.9351942352384929,3452.9951422836543,1.1022192,0.88411742,0.0,True,1.2692112734701242,0.919871190666945
946,177,383.0705,1395,5080.0703,4.0066404,4,122.65517,1.1680148941734552,0.6072162500115651,1987.1344743363209,1.0025973,0.527722,0.0,True,1.1183896159214186,0.5833679750080956
947,23522,526.34277,1395,3697.2578,2.0283055,4,157.58989,1.604628313181244,1.2251144907840412,5298.048661830679,1.1228572,1.1235882,0.0,True,1.4600969792268708,1.1946566035488289
948,0,439.23682,1395,4430.4688,1.0024253,2,132.50127,1.3391935897296243,0.0,304.4557633811162,1.1017128,0.0,0.0,True,1.267949352810737,0.0
949,324,384.53796,1395,5060.6836,2.9820881,3,120.13669,1.1724876118342769,0.6780688445667341,2225.281713760096,1.0023668,0.43217698,0.0,True,1.1214513682839937,0.6043012851967139
950,816,421.0954,1395,4621.3398,1.9868917,3,58.146404,1.28390602041333,0.7945927788220615,2824.228878376668,1.0408782,0.53513479,0.0,True,1.210997674289331,0.716755382175443
951,0,324.1113,1395,6004.1875,2.0055592,2,60.162209,0.9883031130207907,0.0,224.6568337826186,0.93714875,0.0,0.0,True,0.9729568041145534,0.0
952,80222,616.867,1395,3154.6914,2.0304232,4,191.24773,1.880428921128166,1.401480649704479,6966.0187137169705,1.2207563,1.3555195,0.0,True,1.6825271347897162,1.387692304793135
953,331,393.5264,1395,4945.0938,2.1875942,3,97.176857,1.1998830108368999,0.6824145203299055,2285.65740476904,0.98099983,0.51418543,0.0,True,1.13421805658583,0.6319457932309338
954,968,407.05499,1395,4780.7422,2.8228664,4,163.25911,1.2411151501405533,0.8115522408087401,2799.4376836104248,0.99595279,0.71780062,0.0,True,1.1675664420983873,0.7834267545661181
955,123964,565.02997,1395,3444.1094,4.012641,6,72.39225,1.722503006908765,1.4398201499892462,6626.537357639613,1.1130855,1.1550183,0.0,True,1.5396777548361356,1.3543795949924724
956,99132,561.0238,1395,3468.7031,4.0456638,6,99.688698,1.7102972027876886,1.4111448005977698,6454.145567959238,1.112506,1.1439472,0.0,True,1.5309598419513821,1.3309855204184389
957,4466,421.5647,1395,4616.1953,3.0041084,5,99.896667,1.28533624457947,0.9960294422629287,3543.1232153612664,1.0413315,0.89722055,0.0,True,1.212134821205629,0.9663867745840502
958,44288,562.15887,1395,3461.6992,3.0179679,5,74.091362,1.7137555719724622,1.3126369786912098,6014.264651617956,1.1170175,1.1414478,0.0,True,1.5347341503807235,1.2612802250838469
959,100448,563.25146,1395,3454.9844,4.0722742,6,94.345596,1.7170843477443982,1.4134489279570346,6487.201022715855,1.113652,1.1440331,0.0,True,1.5360546434210787,1.3326241795699243
960,101956,563.57513,1395,3453.0,3.9906173,6,67.464798,1.718070565451971,1.4153773313755014,6499.326625715796,1.1137744,1.1434443,0.0,True,1.5367817158163795,1.333797421962851
961,502,403.35455,1395,4824.6016,4.0613713,5,81.553551,1.2298371184471824,0.733378109086296,2509.9044504486064,0.99667013,0.73364425,0.0,True,1.1598870219130277,0.7334579513604071
962,4439,445.20361,1395,4371.0898,3.0127025,4,100.67731,1.3573775236988181,1.0017839812173446,3739.1025566478716,1.0828738,0.83674252,0.0,True,1.2750264065891725,0.9522715428521413
963,1613,408.10504,1395,4768.4414,4.0542855,6,81.124886,1.2443154219725998,0.8720329153464467,3014.70875610631,0.99625248,0.83885878,0.0,True,1.1698965393808198,0.8620806747425127
964,2740,435.1907,1395,4471.6602,3.6744077,5,196.1633,1.3268629127524167,0.941696791344782,3445.1623098066084,1.0064192,0.86900926,0.0,True,1.2307297989266917,0.9198905319413473
965,13276,468.90402,1395,4150.1562,3.9921103,6,194.16676,1.4296027215056504,1.1394883710465316,4451.710905503486,1.1031387,1.0043817,0.0,True,1.3316635150539553,1.0989563697325722
966,53201,565.69275,1395,3440.0742,3.9970908,6,193.78012,1.7245223254154602,1.336160475262627,6155.79500205259,1.1352403,1.1975569,0.0,True,1.547737717790822,1.2945794026838389
967,0,318.50589,1395,6109.8555,3.1098876,4,56.366608,0.9712163194363087,0.0,220.7714596452361,0.93386865,0.0,0.0,True,0.9600120186054161,0.0
968,5141,465.74164,1395,4178.3359,4.0452423,6,195.4446,1.419965750512192,1.0248023200633822,3979.9448126938364,1.1024197,0.95173472,0.0,True,1.3247019353585343,1.0028820400443677
969,600,433.50931,1395,4489.0039,2.9948125,4,49.674221,1.3217387327667562,0.7608268382689636,2774.5711889381896,1.0803415,0.56833148,0.0,True,1.2493195629367293,0.7030782307882745
970,3800,377.16547,1395,5159.6055,5.0192304,6,23.130648,1.1500169479508964,0.9641864357996024,3109.0815271483266,1.0179827,0.90997869,0.0,True,1.1104066735656275,0.9479241120597217
971,0,364.55002,1395,5338.1562,3.1673512,4,19.388184,1.1115655762347474,0.0,252.68681853607168,1.0010787,0.0,0.0,True,1.0784195133643233,0.0
972,22207,470.67831,1395,4134.5117,2.3701918,4,10.76413,1.4350095525262407,1.2017757340257467,4710.667556840838,1.1015198,1.0706096,0.0,True,1.3349626267683685,1.1624258938180225
973,0,384.57626,1395,5060.1797,1.9793139,2,77.260857,1.172604323713866,0.0,266.56795032928846,0.96418715,0.0,0.0,True,1.110079171599706,0.0
974,0,548.40112,1395,3548.543,0.99641275,2,34.126263,1.6718383085732407,0.0,380.1226901439162,1.1098951,1.1514285,12.632303717990691,True,1.5032553460012685,0.34542855000000006
975,61710,593.20636,1395,3280.5195,3.0063105,5,77.200302,1.8083468517510894,1.362315114359589,6543.204771527968,1.1312963,1.2003107,0.0,True,1.6052316862257627,1.3137137900517124
976,3506,551.77338,1395,3526.8555,3.0200462,5,91.50666,1.6821130260608743,0.999204804211972,4504.016493084896,1.1103029,1.1519005,0.0,True,1.510569988242612,1.0450135129483804
977,23151,553.56488,1395,3515.4414,3.0298822,5,52.876572,1.687571484101074,1.2307268366711868,5563.260417346881,1.1105371,1.1522998,0.0,True,1.5144611688707519,1.2071987256698307
978,40879,592.6665,1395,3283.5078,3.9875188,6,112.14742,1.8067020883762808,1.3113047537950404,6293.182223746913,1.1312973,1.1974491,0.0,True,1.6040806518633965,1.2771480576565284
979,0,-1.0,1,-1.0,0.0,0,28.368443,1.0,0.0,-0.6931471805599453,0.91436732,0.0,0.03440411476593813,True,0.974310196,0.0
980,27663,555.46967,1395,3503.3867,2.0573306,4,13.116672,1.6933748860394089,1.2530580089453136,5681.301210971676,1.1108345,1.152959,0.0,True,1.5186127702275862,1.2230283062617195
981,5207,400.03278,1395,4864.6641,2.9993503,4,64.396049,1.2197130686781033,1.00795981072466,3423.537807031443,0.99312884,0.89925259,0.0,True,1.1517378000746723,0.975347644507262
982,31798,557.31335,1395,3491.7969,3.0252097,5,92.482719,1.6989922349626447,1.2706399454125572,5777.7909826825,1.1110928,1.1542056,0.0,True,1.5226224044738514,1.23570964178879
983,27863,475.67715,1395,4091.0625,3.9140277,6,125.88479,1.4502426492721672,1.2305795614317134,4868.6158985466345,1.1110005,1.1075314,0.0,True,1.3484700044905171,1.1936651130021994
984,2191,402.83401,1395,4830.8359,3.0194979,4,56.139778,1.2282506434030918,0.906779548945532,3099.012411268429,0.99296468,0.9496693,0.0,True,1.1576648543821642,0.9196464742618724
985,74238,558.27014,1395,3485.8125,3.0298214,5,50.973522,1.701907371349968,1.3748448553364032,6261.032204910111,1.1112423,1.148867,0.0,True,1.5247078499449775,1.3070514987354822
986,11830,413.49423,1395,4706.293,3.0134659,4,65.407433,1.2607401033955534,1.108922016428648,3877.9816880069925,0.99339539,0.95834517,0.0,True,1.1805366893768874,1.0637489625000536
987,30526,424.00702,1395,4589.6055,4.0056319,6,54.889183,1.2927795742984802,1.2246345439286868,4378.465910806169,1.0202516,1.0781046,0.0,True,1.211021182008936,1.1806755607500807
988,82142,558.28015,1395,3485.75,1.9878993,4,84.96553,1.7019378692958382,1.387250511268412,6317.626070266135,1.1112423,1.1503751,0.0,True,1.5247291985070868,1.3161878878878883
989,25,357.56421,1395,5442.4492,3.9975698,5,91.830528,1.090272603450237,0.37873677205806144,1178.473305281714,0.98896462,0.24294829,0.0,True,1.059880208415166,0.338000227440643
990,193,329.66647,1395,5903.0117,2.3554394,3,52.200733,1.0052365863452157,0.606635692187071,1738.3311507832686,0.91167235,0.39942613,0.0,True,0.977167315441651,0.5444728235309497
991,187,311.42026,1395,6248.8711,3.071722,4,27.719276,0.949617054755226,0.5990916357277966,1632.3862182840978,0.87742662,0.46912324,0.0,True,0.9279599243286583,0.5601011170094576
992,1562,337.89832,1395,5759.2031,3.2635951,4,39.446098,1.0303288567689204,0.8493242282588989,2485.2427927382387,0.90810263,0.80066484,0.0,True,0.9936609887382443,0.8347264117812292
993,2602,378.76901,1395,5137.7617,4.8921995,5,30.28018,1.1549044780882662,0.9203580930926794,2978.944026184757,0.95221168,0.85101527,0.0,True,1.0940966386617865,0.8995552461648755
994,0,354.50378,1395,5489.4336,5.7527051,5,27.665852,1.0809442917850376,0.0,245.72329560484312,0.92439765,0.0,0.0,True,1.0339802992495264,0.0
995,0,292.00293,1395,6664.4023,3.1472988,3,18.052435,0.8904253803639424,0.0,202.40100764474306,0.85389274,0.0,0.0,True,0.8794655882547597,0.0
996,795,325.70139,1395,5974.875,1.6141294,3,29.169073,0.9931500664873466,0.7681390430724871,2175.9636552699767,0.89417386,0.75428951,0.0,True,0.9634572045411426,0.763984183150741
997,51,313.8934,1395,6199.6367,3.2971182,4,29.189939,0.9571560042587725,0.4524637575551978,1246.2484277373817,0.87757957,0.29203254,0.0,True,0.9332830739811406,0.4043343922886385
998,3966,465.67197,1395,4178.9609,2.9681346,5,267.11234,1.4197534838550057,0.9936715374486362,3858.5660779664586,1.1046851,0.84962058,0.0,True,1.3252329686985038,0.9504562502140453
999,40315,478.401,1395,4067.7695,3.1092415,5,220.36772,1.4585429970018104,1.2758698518570086,5073.217036639435,1.1074547,1.1194665,0.0,True,1.3532165079012675,1.228948846299906
1000,105590,557.91504,1395,3488.0312,4.0994911,6,203.25519,1.7008254263275813,1.4179205503196806,6453.591781486187,1.1112198,1.1518879,0.0,True,1.5239437384293069,1.3381107552237763
1001,131635,563.14642,1395,3455.6289,4.0751634,6,92.48246,1.716764284228582,1.4465989261245098,6638.259291904158,1.1122475,1.1546534,0.0,True,1.5354092489600073,1.3590152682871568
1002,63002,481.47894,1395,4041.7656,2.9432681,5,55.563583,1.4679223255760818,1.330608019805528,5320.801374964899,1.1076052,1.1216993,0.0,True,1.3598271879032575,1.2679354038638695
1003,132140,565.20178,1395,3443.0625,4.0511508,6,92.014351,1.7230264483261362,1.4477155103385417,6664.651610808249,1.1127236,1.1552082,0.0,True,1.5399355938282953,1.3599633172369794
1004,0,447.5976,1395,4347.7109,2.01267,3,53.386517,1.3646731794604003,0.0,310.25101446539816,1.0149876,0.99069828,0.02419233050079643,True,1.2597675056222801,0.2972094840000001
1005,2153,402.83173,1395,4830.8633,3.0195961,5,55.920155,1.2282436798153509,0.9047175304551829,3091.9534748969054,0.99296468,0.92391819,0.0,True,1.1576599798707456,0.9104777283186279
1006,33105,448.96747,1395,4334.4453,4.0264659,6,66.107262,1.3688478449472334,1.242676907005184,4672.628952720993,1.0157503,1.005785,0.0,True,1.2629185814630635,1.1716093349036287
1007,96273,558.2326,1395,3486.0469,2.9648895,5,57.342884,1.7017930015896747,1.406695300333641,6405.698965561965,1.1112419,1.1519172,0.0,True,1.5246276711127724,1.3302618702335487
1008,2474,284.69275,1395,6835.5273,3.0049338,3,22.959124,0.8681404173167337,0.8849043838239122,2224.702921346792,0.89430594,0.86228687,0.0,True,0.8759900741217136,0.8781191296767386
1009,0,236.65385,1395,8223.0859,0.99767131,1,13.386513,0.7216865423419541,0.0,164.0359488961562,0.81636494,0.0,0.0,True,0.7500900616393679,0.0
1010,4313,357.59116,1395,5442.0391,3.0359695,5,38.318214,1.0903547337925181,0.9729333953962973,2992.985301520853,0.98911244,0.85252863,0.0,True,1.0599820456547626,0.9368119657774081
1011,24270,423.10388,1395,4599.4023,4.0418954,6,56.602787,1.2900271301286914,1.1971351712839204,4272.113175307378,1.020816,1.0811644,0.0,True,1.2092637910900839,1.1623439398987443
1012,28399,471.83112,1395,4124.4102,3.1053789,5,56.735306,1.4385224725444308,1.231669078924425,4838.24106176746,1.1083587,1.1065704,0.0,True,1.3394733407811015,1.1941394752470975
1013,4905,357.62143,1395,5441.5781,3.045476,4,157.93097,1.090447072604058,0.9878915628561077,3039.2164108042625,0.98951095,0.96325028,0.0,True,1.0601662358228405,0.9804991779992754
1014,31015,448.91812,1395,4334.9219,4.0129728,6,92.223534,1.368697417317236,1.2348743163202693,4642.841706630232,1.0155381,0.99703354,0.0,True,1.262749622122065,1.1635220834241886
1015,29112,422.34167,1395,4607.7031,3.9876189,6,55.548386,1.2877041481557805,1.2184417755556973,4341.239229662517,1.0214219,1.0871645,0.0,True,1.2078194737090464,1.179058592888988
1016,23764,448.92175,1395,4334.8867,3.9928133,6,194.76465,1.3687085262422372,1.203080317881205,4523.340610934006,1.0153278,0.97230101,0.0,True,1.2626943083695659,1.1338465255168435
1017,23687,468.78006,1395,4151.2539,3.0494447,5,55.730137,1.4292248792294062,1.2089365242806571,4721.911889391368,1.10658,1.0974617,0.0,True,1.3324314154605843,1.17549407699646
1018,4978,592.26697,1395,3285.7227,3.0221326,5,56.306145,1.8054849344917563,1.051212247496758,5042.078385695909,1.1312921,1.1888505,0.0,True,1.6032270841442293,1.0925037232477306
1019,0,415.44836,1395,4684.1562,2.0046797,2,8.757863,1.2666956777148315,0.0,287.96685940225314,,,,False,1.2666956777148315,0.0
1020,1595,402.67838,1395,4832.7031,3.0104833,5,56.475925,1.2277762834364245,0.8693358619833879,2970.108274514141,0.9922958,0.88018703,0.0,True,1.1571321384054971,0.8725912123883715
1021,0,591.28918,1395,3291.1562,1.0060178,2,10.159357,1.8025059982385774,0.0,409.850428012602,,,,False,1.8025059982385774,0.0
1022,431,402.68259,1395,4832.6523,2.997437,4,58.759453,1.227789184268031,0.7152981104590557,2444.580391522758,0.99229586,0.56699741,0.0,True,1.1571411869876218,0.670807900321339
1023,0,371.01208,1395,5245.1797,0.99093431,2,18.485552,1.1312617716592706,0.0,257.16597720568086,,,,False,1.1312617716592706,0.0
1024,2311,370.99493,1395,5245.4219,3.0316997,5,92.078278,1.1312095571420624,0.9042908175639037,2873.8382719435067,1.0139931,0.96757674,0.0,True,1.0960446199994438,0.9232765942947326
1025,13,325.3912,1395,5980.5703,4.0232835,5,92.179298,0.9922046053744759,0.30345248955491133,881.1757045968895,0.92051411,0.34007096,0.0,True,0.9706974567621331,0.3144380306884379
1026,15545,448.79437,1395,4336.1172,2.9921622,5,55.796158,1.3683202942595833,1.1523662705181037,4331.5940516225055,1.0151904,0.94797397,0.0,True,1.2623813259817083,1.0910485803626726
1027,0,325.94366,1395,5970.4336,2.021575,3,105.18134,0.9938886224932764,0.0,225.92692895038942,0.92015147,0.0,0.0,True,0.9717674767452935,0.0
1028,22163,422.3363,1395,4607.7617,4.0130234,6,57.28376,1.2876877786625196,1.1861129291140733,4226.010941825579,1.0214218,1.0919275,0.0,True,1.2078079850637637,1.1578573003798514
1029,26701,468.46179,1395,4154.0742,3.9971955,6,112.29066,1.428255011336554,1.2232117673526623,4774.811409471207,1.1065701,1.1003503,0.0,True,1.3317495379355877,1.1863533271468636
1030,17073,422.38821,1395,4607.1953,4.0251045,6,46.024315,1.2878460159057612,1.1552018326789635,4116.3296791866605,1.0214208,1.0932584,0.0,True,1.2079184511340328,1.1366188028752744
1031,7775,371.23795,1395,5241.9883,4.0138426,6,194.73055,1.1319502378822164,1.045974052001899,3325.8932996829362,1.0135419,0.95597613,0.0,True,1.0964277365175514,1.0189746754013294
1032,2033,462.70624,1395,4205.7461,1.9992397,3,103.55412,1.4107157757538078,0.912861901203868,3525.0123208743976,1.0608039,0.84592158,0.0,True,1.3057422130276655,0.8927798048427076
1033,233,363.92447,1395,5347.332,2.9844017,3,51.987728,1.1096588889297878,0.635454377608304,1986.8767646545905,0.95875698,0.49069619,0.0,True,1.0643883162508514,0.5920269213258128
1034,0,326.90378,1395,5952.8984,2.0128918,3,75.063232,0.9968152947221668,0.0,226.59243342138862,0.91990751,0.0,0.0,True,0.9737429593055168,0.0
1035,10075,371.1055,1395,5243.8594,2.9885855,5,48.832096,1.1315464923891325,1.076181826376577,3420.854535989688,1.0136523,0.94013894,0.0,True,1.0961782346723927,1.0353689604636038
1036,2366,451.56018,1395,4309.5586,3.0169291,4,42.668026,1.3767489565459134,0.9283202899778832,3508.532736319699,1.1018577,0.89587319,0.0,True,1.2942815795821394,0.9185861599845182
1037,149487,638.42853,1395,3048.1484,2.0607471,4,20.845106,1.9461131149017403,1.4850511656377658,7606.86194730684,1.2492276,1.4680592,0.0,True,1.7370474604312183,1.4799535759464362
1038,74573,566.44659,1395,3435.4961,4.0031834,6,42.550125,1.7268190656671756,1.3778505799577012,6355.281848483293,1.135079,1.1868833,0.0,True,1.549297045967023,1.3205603959703909
1039,149193,637.28271,1395,3053.6289,3.0325248,5,76.682899,1.9426226148196726,1.4844737600654474,7591.954949180982,1.2487915,1.4680084,0.0,True,1.7344732803737708,1.4795341520458132
1040,97613,618.50134,1395,3146.3555,3.0215678,5,189.27498,1.8854077322705647,1.4262995763115052,7105.829813752646,1.2204113,1.3522905,0.0,True,1.6859088025893953,1.4040968534180536
1041,145228,636.70203,1395,3056.4141,3.0085831,5,50.017803,1.9408535304740322,1.4809492426170037,7567.8874264490605,1.2486819,1.4687011,0.0,True,1.7332020413318225,1.4772747998319027
1042,18430,560.26477,1395,3473.4023,4.0444622,6,191.05518,1.707984656520645,1.2045727958846288,5502.832925077852,1.118889,0.98214126,0.0,True,1.5312559595644513,1.13784333511924
1043,13569,468.90402,1395,4150.1562,4.0228348,5,192.56671,1.4296027215056504,1.142108299564041,4461.9455013675315,1.1031387,1.0157658,0.0,True,1.3316635150539553,1.1042055496948286
1044,0,365.92261,1395,5318.1328,1.9935851,3,74.098259,1.1157491789747354,0.0,253.63822542463646,0.97566831,0.0,0.0,True,1.0737249182823148,0.0
1045,69278,565.84375,1395,3439.1562,4.0373173,6,193.33723,1.7249823776196385,1.3686269412356795,6306.844384793124,1.1354903,1.2002169,0.0,True,1.548134754333747,1.3181039288649756
1046,4814,459.88416,1395,4231.5547,2.996366,5,73.003075,1.4021157689627963,1.015382272261521,3899.6792456841295,1.100334,0.92634475,0.0,True,1.3115812382739573,0.9886710155830647
1047,0,505.16376,1395,3852.2656,1.9936708,3,83.796257,1.5400946430979119,0.0,350.1528359650609,,,,False,1.5400946430979119,0.0
1048,6166,460.53632,1395,4225.5625,3.0250435,5,62.136185,1.4041031454027137,1.0451937350012857,4019.1602953279994,1.1012948,0.9557721,0.0,True,1.3132606417818997,1.0183672445009
1049,52908,550.69196,1395,3533.7812,2.9744086,5,55.714622,1.6788181926066466,1.3310935713019698,5989.517197254134,1.1388394,1.2065662,0.0,True,1.5168245548246526,1.2937353599113788
1050,1035,404.26056,1395,4813.7891,3.1046386,5,118.74746,1.232598371809214,0.8187776816147904,2807.2205834877054,1.0120755,0.84051305,0.0,True,1.1664415102664498,0.8252982921303533
1051,2773,505.78641,1395,3847.5234,3.0176158,5,110.21772,1.5419918745360945,0.9602809858814765,4010.080021004219,1.0782768,1.0284299,0.0,True,1.402877352175266,0.9807256601170335
1052,1922,412.35248,1395,4719.3242,4.1362729,5,44.536983,1.257260368528931,0.8938051252289243,3118.276102796743,1.0227423,0.85789204,0.0,True,1.1869049479702518,0.883031199660247
1053,1125,442.19714,1395,4400.8086,4.004879,4,128.79939,1.3482152741403657,0.8374539155040405,3107.458379988879,1.1011703,0.76900077,0.0,True,1.2741017818982558,0.8169179718528283
1054,299,347.71451,1395,5596.6172,2.988081,3,110.08601,1.0602499852350256,0.6608902374898211,1984.4450492231256,0.98704267,0.60669774,0.0,True,1.0382877906645178,0.6446324882428748
1055,290,372.04694,1395,5230.5898,2.9965215,3,61.954426,1.1344160407216632,0.6625506079275567,2112.0188812672795,0.96670842,0.44469762,0.0,True,1.0841037545051644,0.5971947115492897
1056,5894,443.72452,1395,4385.6602,3.9030497,5,63.556942,1.3528699883451685,1.0351840125691794,3852.42934316947,1.0999274,0.97050202,0.0,True,1.2769872118416181,1.0157794147984256
1057,64170,635.26898,1395,3063.3086,3.123013,5,175.49791,1.936488157713243,1.3787979515602968,7031.9970597948795,1.2484251,1.469615,0.0,True,1.7300692403992701,1.4060430660922076
1058,51166,549.94183,1395,3538.6016,3.1582797,5,73.906998,1.676532542841465,1.3267751452532963,5962.947558872983,1.1384039,1.2058818,0.0,True,1.5150939499890255,1.2905071416773075
1059,55366,631.85754,1395,3079.8477,3.0110896,5,42.294613,1.9260957650946087,1.359505919574137,6900.994566430883,1.2479134,1.4695433,0.0,True,1.7226410555662262,1.392517133701896
1060,24306,492.74545,1395,3949.3516,4.019186,5,51.78265,1.5022540144583842,1.219323732294334,4976.019882424913,1.0870386,1.1081394,0.0,True,1.3776893901208689,1.1859684326060338
1061,6659,466.03879,1395,4175.6719,3.9708235,5,191.79224,1.4208712282160214,1.0559055003785751,4103.017112650506,1.1025554,0.977373,0.0,True,1.325376479751215,1.0323457502650026
1062,25338,492.45416,1395,3951.6875,4.0316324,6,51.154568,1.5013664594474296,1.224256921095252,4993.553857040936,1.0864942,1.1081501,0.0,True,1.3769047816132007,1.1894248747666765
1063,35988,492.96973,1395,3947.5547,3.0139577,5,48.285149,1.5029374839742211,1.2667786814063438,5171.743663267966,1.0861522,1.1078215,0.0,True,1.3779018987819547,1.2190915269844407
1064,37255,493.00827,1395,3947.2461,3.0071447,5,48.819607,1.5030549257582504,1.270968561209942,5189.205443600446,1.0860571,1.1039262,0.0,True,1.3779555780307753,1.2208558528469593
1065,38450,493.00827,1395,3947.2461,4.0130181,6,95.788765,1.5030549257582504,1.274780862281096,5204.770140431284,1.0860571,1.103297,0.0,True,1.3779555780307753,1.2233357035967671
1066,48482,491.03827,1395,3963.082,4.05616,6,51.033337,1.497051966046745,1.3021452232357018,5297.806555278724,1.0844588,1.1040134,0.0,True,1.3732740162327215,1.2427056762649913
1067,1633,365.43353,1395,5325.25,3.9970598,5,191.06653,1.1142585393282762,0.8622512038774207,2703.988161467011,0.97534901,0.84980875,0.0,True,1.0725856805297933,0.8585184677141946
1068,47516,488.96109,1395,3979.918,4.041851,6,74.33728,1.4907222608894908,1.2990520637619045,5265.55541378966,1.082082,1.1015242,0.0,True,1.3681301826226435,1.2397937046333332
1069,23032,559.57507,1395,3477.6836,3.0098553,5,191.23465,1.7058832026097315,1.231723233448549,5620.778626266726,1.1180491,0.97094554,0.0,True,1.529532971826812,1.1534899254139843
1070,1753,384.78598,1395,5057.4219,3.0041227,3,51.726105,1.1732434892683212,0.8757737739747619,2874.4375149519215,0.99861133,0.81778306,0.0,True,1.1208538414878249,0.8583765597823333
1071,18,317.25583,1395,6133.9297,2.9415321,3,20.06687,0.9674057712291847,0.337584501717967,950.4135289041584,0.91764802,0.24969746,0.0,True,0.9524784458604294,0.31121838920257694
1072,43082,530.68243,1395,3667.0234,3.0519667,5,32.762661,1.6178511708692183,1.3000663325609423,5662.862845108085,1.1182942,1.0820901,0.0,True,1.4679840796084527,1.2346734627926597
1073,95337,636.24744,1395,3058.5977,3.9646456,6,98.331673,1.9394688180143898,1.428382139214571,7294.700484256173,1.2485573,1.4694421,0.0,True,1.7321953626100728,1.4407001274501998
1074,55189,579.37146,1395,3358.8555,3.003387,5,42.268665,1.7661972684147116,1.3446062988612213,6325.899253116452,1.1415027,1.2047,0.0,True,1.5787888978902982,1.302634409202855
1075,541,416.24326,1395,4675.2109,3.0078464,4,43.501858,1.2691182695303647,0.7449427364366893,2621.1293119056845,1.0175161,0.49429294,0.0,True,1.1936376186712552,0.6697477975056825
1076,3028,416.24603,1395,4675.1797,3.0076153,4,46.578396,1.2691267354206126,0.9485630323604669,3336.7605004699894,1.0175163,0.89270079,0.0,True,1.1936436047944288,0.9318043596523269
1077,24989,473.92908,1395,4106.1523,3.0294976,5,149.32747,1.444915711532058,1.2169528972643544,4799.134317360398,1.1050477,1.0904408,0.0,True,1.3429553080724403,1.178999268085048
1078,6,362.64413,1395,5366.2109,4.0186367,5,149.10809,1.1057564455294704,0.22657327792659987,754.0972687683428,0.96930867,0.14488487,0.0,True,1.0648221128706292,0.20206675554861991
1079,48736,578.13232,1395,3366.0547,3.0405583,5,149.05617,1.7624220306269252,1.3289434666074245,6240.484151372421,1.1409996,1.2028786,0.0,True,1.5759953014388477,1.2911240066251972
1080,27613,530.70563,1395,3666.8633,5.2172523,6,176.9969,1.6179217698398738,1.2458809310422452,5427.0564757293105,1.114498,1.011155,0.0,True,1.4668946388879116,1.1754631517295717
1081,26655,630.43188,1395,3086.8125,2.9814184,5,37.876049,1.921752713587037,1.26816076077873,6424.609653092165,1.2476399,1.4699208,0.0,True,1.7195188695109258,1.328688772545111
1082,56595,550.45709,1395,3535.2891,3.0413132,5,41.209053,1.678102534405955,1.3392681164101041,6024.0434535686245,1.1367152,1.2236058,0.0,True,1.5156863340841684,1.3045694214870729
1083,22193,630.42468,1395,3086.8477,2.0097284,4,91.179932,1.9217308136094118,1.2453621627882743,6309.052096924622,1.2476398,1.4698961,0.0,True,1.7195035095265883,1.3127223439517919
1084,0,396.38229,1395,4909.4648,1.982031,2,57.131748,1.2085872637500243,0.0,274.7512667373946,1.0149035,0.0,0.0,True,1.150482134625017,0.0
1085,12808,630.42468,1395,3086.8477,2.00734,4,64.050972,1.9217308136094118,1.1769596813027277,5962.5448943199735,1.2476398,1.469864,0.0,True,1.7195035095265883,1.2648309769119095
1086,2497,376.0997,1395,5174.2266,1.1919956,3,42.517239,1.1467685366858862,0.9147828597345568,2942.470887493246,0.98243326,0.86844116,0.0,True,1.0974679536801204,0.9008803498141897
1087,0,343.58069,1395,5663.9531,0.3519488,1,58.609249,1.0476496537955036,0.0,238.1519865683406,0.94736463,0.0,0.0,True,1.0175641466568526,0.0
1088,4872,434.78357,1395,4475.8477,3.0046582,3,43.265408,1.3256220848325322,1.0100324426771439,3692.0386996817565,1.100494,0.92775369,0.0,True,1.2580836593827724,0.9853488168740007
1089,2438,331.39166,1395,5872.2812,1.9914782,2,55.989094,1.0104953442876652,0.8986962180890575,2584.773199737719,0.98398679,0.86834997,0.0,True,1.0025427780013656,0.8895923436623403
1090,0,268.45587,1395,7248.957,0.98656684,1,39.379543,0.8186414294880744,0.0,186.0794293952672,0.89111209,0.0,0.0,True,0.8403826276416521,0.0
1091,53258,548.13507,1395,3550.2656,4.4996834,6,148.39247,1.6710275840963467,1.331142954202923,5965.3215497554975,1.135708,1.2227976,0.0,True,1.5104317088674426,1.298639347942046
1092,9490,408.73822,1395,4761.0547,1.0521187,4,10.904202,1.2462451467619216,1.0813858420765354,3743.308253775479,1.0017961,0.95158309,0.0,True,1.172910432733345,1.0424450164535748
1093,3490,404.39935,1395,4812.1367,2.2730248,4,22.190977,1.2330214477782817,0.9620761295443045,3299.1828755689735,0.99635965,0.8688798,0.0,True,1.162022908444797,0.9341172306810132
1094,52232,488.24515,1395,3985.7539,4.0560122,6,45.015678,1.4885406553389766,1.3102355517285162,5304.045768888702,1.0813512,1.0994285,0.0,True,1.3663838187372837,1.2469934362099613
1095,51955,488.25473,1395,3985.6758,3.9696314,6,43.224232,1.4885698089189097,1.3095973318716918,5301.553707495204,1.0813514,1.0972533,0.0,True,1.3664042862432368,1.2458941223101843
1096,58194,486.45447,1395,4000.4258,3.0250926,5,53.650738,1.483084034596359,1.322685885171214,5337.1701950606275,1.0799876,1.099602,0.0,True,1.3621551042174513,1.2557607196198497
1097,0,420.34891,1395,4629.5469,3.1698472,3,37.29184,1.281630939251972,0.0,291.3636618179462,1.0236375,0.0,0.0,True,1.2042329074763805,0.0
1098,29483,473.01065,1395,4114.125,2.7127662,5,89.32769,1.4421169919855592,1.2365389687547983,4868.053877812962,1.1038456,1.0878699,0.0,True,1.3406355743898914,1.1919382481283587
1099,7160,395.69501,1395,4917.9922,3.7791328,5,19.328577,1.2064925232272847,1.0441274844475115,3512.4043846986433,1.0022119,0.94762743,0.0,True,1.1452083362590992,1.015177468113258
1100,23430,430.16364,1395,4523.918,4.6266165,6,95.314629,1.3115424989221105,1.1953027197873562,4328.24541448313,1.0187113,1.0158592,0.0,True,1.2236931392454773,1.1414696638511495
1101,55156,486.45258,1395,4000.4414,2.4895344,5,43.470478,1.483078254096752,1.3162215675727365,5311.068386534759,1.0799876,1.0949537,0.0,True,1.3621510578677263,1.2498412073009155
1102,23816,495.1821,1395,3929.918,3.4625084,6,21.886364,1.509678941330048,1.2175894858523966,4990.54269343351,1.0687121,1.0154759,0.0,True,1.3773888889310335,1.1569554100966775
1103,40,301.129,1395,6462.4297,3.836308,4,14.003765,0.9182455497406925,0.4232364876185108,1125.5207144840524,0.89591014,0.27488646,0.0,True,0.9115449268184848,0.37873147933295753
1104,2612,382.02032,1395,5094.0352,4.2046256,5,43.723896,1.1648141291560465,0.9217282542694977,3005.979184280042,0.98665285,0.86136532,0.0,True,1.1113657454092327,0.9036193739886483
1105,71,360.70584,1395,5395.0469,4.2971444,5,24.613066,1.09984847521643,0.4976459610820124,1547.593776705361,0.96435112,0.66041082,0.0,True,1.0591992686515008,0.5464754187574087
1106,77,350.45654,1395,5552.8281,2.7856169,4,15.515979,1.0686080103246687,0.5052660949364932,1531.3015760860228,0.97545213,0.32826152,0.0,True,1.0406612462272682,0.45216472245554523
1107,134,399.76056,1395,4867.9766,2.669481,3,34.881042,1.218883434396083,0.5776994523059016,1963.8856682085802,0.99294704,0.36588401,0.0,True,1.151102516077258,0.5141548196141311
1108,733,365.13358,1395,5329.625,4.5596385,6,13.955888,1.1133442062479189,0.768913708534576,2409.83434291397,0.98915023,0.84134597,0.0,True,1.0760860133735433,0.7906433869742031
1109,64,362.2457,1395,5372.1133,3.7933445,5,17.478504,1.1045419908874194,0.4859852486797836,1517.6844147836819,0.95427471,0.31044728,0.0,True,1.0594618066211936,0.4333238580758485
1110,1024,357.08136,1395,5449.8086,3.9210222,5,10.283753,1.0888008437487258,0.8057345036346745,2475.7961234832387,0.96443951,0.74086106,0.0,True,1.0514924436241082,0.7862724705442721
1111,40566,478.61746,1395,4065.9297,2.972729,5,83.721916,1.459202651323242,1.2766860195835634,5078.482966218076,1.0786811,1.0683433,0.0,True,1.3450461859262692,1.2141832037084943
1112,897,382.79352,1395,5083.7461,6.565012,7,33.720757,1.167170693723102,0.7967959249939576,2603.4870732816726,1.0264411,0.88719028,0.0,True,1.1249518156061713,0.8239142314957703
1113,2145,359.85464,1395,5407.8086,2.5886109,4,10.429663,1.0972539404881274,0.8924178277513587,2760.7424704930218,0.96675849,0.85894722,0.0,True,1.0581053053416891,0.8823766454259512
1114,37742,478.6239,1395,4065.875,4.6570668,6,26.918074,1.459222272964769,1.2680063565198834,5044.017122373532,1.0786811,1.0622649,0.0,True,1.3450599210753382,1.2062839195639183
1115,2255,355.76935,1395,5469.9062,5.3559532,6,24.05035,1.0848018198185778,0.8970421444029835,2747.176841273719,0.97889602,0.84068143,0.0,True,1.0530300798730046,0.8801339300820883
1116,20949,470.18478,1395,4138.8516,2.3757453,4,13.471019,1.4335055628742068,1.1946230666581725,4678.311128966128,1.1007824,1.0647981,0.0,True,1.3336886140119446,1.1556755766607207
1117,22210,559.14862,1395,3480.3359,2.9815276,5,36.146271,1.7045839270233982,1.2271524029749163,5596.176317579044,1.1176299,0.95506543,0.0,True,1.5284977189163789,1.1455263110824414
1118,1,343.71866,1395,5661.6797,4.5939026,5,28.793028,1.0480701801757186,0.08020674946299593,377.61354372053586,0.97920233,0.051648084,0.0,True,1.027409825123003,0.07163914982409714
1119,0,351.67496,1395,5533.5898,3.2225575,3,34.245201,1.0723218334632671,0.0,243.76250699753155,0.97858101,0.0,0.0,True,1.044199586424287,0.0
1120,48979,527.01544,1395,3692.5391,4.3403749,6,48.520714,1.6066777595171642,1.3145858571268807,5691.338682019393,1.0729862,1.066619,0.0,True,1.446570291662015,1.2401957999888165
1121,50567,522.30121,1395,3725.8672,4.3562069,6,58.554523,1.5923136434786518,1.3170305125950807,5657.093511908648,1.0798125,1.0705907,0.0,True,1.4385633004350562,1.2430985688165563
1122,23652,470.39389,1395,4137.0117,1.7266648,4,17.169043,1.4341427939516478,1.2092574882779292,4737.472110459621,1.1007859,1.0678155,0.0,True,1.3341357257661535,1.1668248917945505
1123,48336,526.61597,1395,3695.3398,3.0298278,5,49.003681,1.6054607162794612,1.3128561520690565,5680.065781134864,1.0728414,1.0656123,0.0,True,1.4456749213956228,1.2386829964483395
1124,23470,470.41519,1395,4136.8242,1.8956045,4,20.577246,1.4342077645232092,1.2083365954120049,4734.053136109623,1.1007862,1.064558,0.0,True,1.3341812951662466,1.1652030167884033
1125,11270,467.9364,1395,4158.7383,3.0290608,5,37.730785,1.4266539675510377,1.1195509350193762,4365.882668174138,1.1026453,0.98812044,0.0,True,1.3294513672857264,1.0801217865135633
1126,11664,411.21225,1395,4732.4102,4.0700498,5,20.859306,1.253785276915076,1.1065276307506486,3850.7699370027094,1.0039088,0.96914709,0.0,True,1.178822333840553,1.065313468525454
1127,100,352.99091,1395,5512.9609,2.9963961,3,41.201035,1.0763328899823315,0.5356826033129353,1632.5733620864746,0.98430371,0.36619568,0.0,True,1.048724135987632,0.4848365263190547
1128,653,362.77301,1395,5364.3047,3.0078046,4,101.08319,1.106149228469371,0.7548959125068249,2352.4506431834593,0.96916133,0.52645254,0.0,True,1.0650528589285597,0.6863629007547773
1129,629,375.93677,1395,5176.4688,4.8120689,6,38.954121,1.146272002958975,0.7536687094969572,2423.7793411658076,1.0327055,0.90436488,0.0,True,1.1122020520712825,0.79887756064787
1130,43870,479.8562,1395,4055.4336,4.5881643,6,110.95666,1.4629774356964362,1.2865067605648628,5129.198076792236,1.0795449,1.0712425,0.0,True,1.3479476749875055,1.221927482395404
1131,0,361.14124,1395,5388.543,1.9973471,2,87.038704,1.101175485222279,0.0,250.3240322899225,0.96841139,0.0,0.0,True,1.0613462566555953,0.0
1132,27462,574.87207,1395,3385.1445,3.0593634,5,155.07114,1.752489096239195,1.2574492508062824,5875.555492337374,1.139789,1.2023996,0.0,True,1.5686790673674365,1.2409343555643977
1133,13142,448.03516,1395,4343.4648,4.1811209,6,196.55908,1.3660066475826844,1.1320891574794925,4249.040303171659,1.0385828,0.93790537,0.0,True,1.267779493307879,1.0738340212356448
1134,133,410.83652,1395,4736.7383,4.0022526,4,89.976555,1.2526401391772488,0.5786852406855213,2015.2660196174154,1.015016,0.71693605,0.0,True,1.1813528974240741,0.6201604834798649
1135,24891,574.98022,1395,3384.5078,2.9910836,5,41.479305,1.7528185830951164,1.245384946192035,5820.146383175202,1.1397902,1.2018226,0.0,True,1.5689100681665815,1.2323162423344245
1136,41103,525.07465,1395,3706.1875,4.0356722,6,90.78051,1.6007642018200428,1.292665650840549,5578.332723001575,1.072861,1.0710998,0.0,True,1.4423932412740297,1.2261958955883843
1137,1016,359.38684,1395,5414.8477,2.9845533,3,143.61349,1.095828077949572,0.8054259396709423,2488.9677730087083,0.99105132,0.74382883,0.0,True,1.0643950505647002,0.7869468067696597
1138,410,341.26733,1395,5702.3477,2.983326,3,58.14563,1.0405981745531674,0.695858761582413,2054.7785623001705,0.91726917,0.50872809,0.0,True,1.0035994731872173,0.639719560107689
1139,59445,481.47427,1395,4041.8047,2.004271,4,57.717865,1.4679081320709082,1.3236091576824818,5292.769825243519,1.1076052,1.1178235,0.0,True,1.359817252449636,1.2618734603777373
1140,13899,448.78751,1395,4336.1836,3.0139599,4,144.05228,1.3682993508242849,1.1390019404332514,4281.305416215342,1.0151902,0.9188444,0.0,True,1.2623666055769993,1.072954678303276
1141,537,466.02786,1395,4175.7695,4.0276361,5,180.41621,1.4208380341798559,0.754141331951425,2931.1826875193983,1.1050019,0.66185802,0.0,True,1.3260871939258991,0.7264563383659974
1142,5689,579.92517,1395,3355.6484,4.0163698,5,180.38481,1.7678842738973384,1.0649282588895586,5014.40490182443,1.1235455,0.9010942,0.0,True,1.5745826417281368,1.0157780412226909
1143,53925,480.47543,1395,4050.207,2.0284061,4,47.03064,1.4648644068865584,1.3115471484541756,5234.965542008684,1.1072148,1.1087593,0.0,True,1.3575695248205908,1.250710793917923
1144,370,357.78632,1395,5439.0703,2.9814069,3,46.856331,1.0909496618039578,0.6877773349894355,2117.6992505910052,0.99032867,0.68429893,0.0,True,1.0607633642627705,0.6867338134926049
1145,0,347.58206,1395,5598.75,3.021646,3,13.939706,1.059846235528556,0.0,240.92552490221775,0.95202976,0.0,0.0,True,1.0275012928699891,0.0
1146,4731,465.414,1395,4181.2773,3.1040816,5,47.210941,1.4189673258420044,1.0147514843804906,3938.4796546217863,1.0631511,0.91950339,0.0,True,1.312222458089403,0.9861770560663434
1147,50432,478.16177,1395,4069.8047,3.007549,5,11.983151,1.4578139770889698,1.3027294827055649,5177.736870278032,1.105867,1.1052581,0.0,True,1.3522298839622788,1.2434880678938953
1148,10552,468.86166,1395,4150.5312,2.9865918,5,91.208572,1.4294736192798645,1.1119159034600152,4343.656422591873,1.0661114,0.94842988,0.0,True,1.3204649534959052,1.0628700964220106
1149,0,324.44144,1395,5998.0781,2.0026889,3,8.2661352,0.9893094230951027,0.0,224.88566939280867,,,,False,0.9893094230951027,0.0
1150,0,261.64203,1395,7437.7383,0.99147666,1,16.370979,0.797868629819487,0.0,181.3564354104806,,,,False,0.797868629819487,0.0
1151,2451,321.35846,1395,6055.6211,3.0050993,4,47.53046,0.9799117022417528,0.8961357738121322,2508.2243255396597,0.92262506,0.79332042,0.0,True,0.962725709569227,0.8652911676684925
1152,0,422.39969,1395,4607.0703,1.9973109,3,6.3018098,1.2878809428523057,0.0,292.78515419289494,,,,False,1.2878809428523057,0.0
1153,7341,422.39859,1395,4607.082,3.9949064,6,43.919342,1.2878776736097468,1.0551642472587919,3759.982213628672,1.021421,1.0976515,0.0,True,1.2079406715268228,1.0679104230811545
1154,11098,371.09775,1395,5243.9688,2.0281913,4,48.732449,1.131522894996356,1.0874686490877954,3456.6643556513163,1.0136521,0.91165155,0.0,True,1.0961616564974492,1.0347235193614568
1155,0,324.14758,1395,6003.5156,2.0077982,3,71.665146,0.9884136848527311,0.0,224.68198116232932,0.92077738,0.0,0.0,True,0.9681227933969119,0.0
1156,961,294.84583,1395,6600.1445,3.0132136,4,48.419765,0.8990917729287142,0.780986830619697,2025.60660034595,1.0101982,0.81750661,0.0,True,0.9324237010501,0.7919427644337879
1157,23747,468.4935,1395,4153.793,4.0006366,6,138.73065,1.4283516536161835,1.2091514710175162,4720.210547580152,1.1065699,1.1015884,0.0,True,1.3318171275313284,1.1768825497122615
1158,2480,282.0687,1395,6899.1172,2.9877882,3,67.498665,0.860140993350549,0.8842517294793566,2204.8802458772516,0.91209733,0.86352068,0.0,True,0.8757278943453843,0.8780324146355496
1159,0,235.45628,1395,8264.9102,0.98064476,1,56.633034,0.7180353554144764,0.0,163.20585662713302,0.83232319,0.0,0.0,True,0.7523217057901335,0.0
1160,4233,357.19965,1395,5448.0039,3.0147362,4,47.539631,1.0891613864049823,0.9706339276375436,2983.023787552662,0.98912913,0.79668486,0.0,True,1.0591517094834875,0.9184492073462805
1161,0,353.30081,1395,5508.125,1.0082545,2,33.441368,1.0772775215873613,0.0,244.88946034104492,,,,False,1.0772775215873613,0.0
1162,0,285.12274,1395,6825.2188,2.0029473,2,41.406555,0.8694512330023113,0.0,197.63202334452635,0.89493096,0.0,0.0,True,0.8770951511016178,0.0
1163,4956,353.30154,1395,5508.1133,2.0064898,4,38.908657,1.0772798090443185,0.9876991508799666,3006.1572033467387,1.0112958,0.99189538,0.0,True,1.0574846063310228,0.9889580196159766
1164,3316,295.22934,1395,6591.5703,1.9757369,4,90.179924,0.9002609411226812,0.9218574346605065,2393.458940192107,1.0101998,0.91687888,0.0,True,0.9332425987858768,0.9203638682623546
1165,12360,353.64941,1395,5502.6953,3.0331485,5,58.924839,1.0783401224108733,1.0938944318810118,3332.2200226063337,1.0109645,0.94905484,0.0,True,1.0581274356876114,1.0504425543167082
1166,0,282.20914,1395,6895.6836,2.0016415,2,20.877523,0.8605691631950992,0.0,195.61246971924686,,,,False,0.8605691631950992,0.0
1167,4627,352.65607,1395,5518.1953,3.0154982,5,47.330425,1.075312281729699,0.9795192193419349,2976.4511355182535,1.0101489,0.90415519,0.0,True,1.0557632672107893,0.9569100105393544
1168,1169,351.70154,1395,5533.1719,2.9987321,4,49.760891,1.0724027927003603,0.8196671351462225,2484.987101021897,1.0089911,0.53102106,0.0,True,1.0533792848902521,0.7330733126023558
1169,0,467.26663,1395,4164.6992,2.0215385,3,70.417824,1.4246129894945523,0.0,323.8845471542472,,,,False,1.4246129894945523,0.0
1170,0,295.08682,1395,6594.7539,1.0164645,2,107.60465,0.8998264742961777,0.0,204.53859730340005,,,,False,0.8998264742961777,0.0
1171,2493,405.14822,1395,4803.2422,3.0795701,4,49.030872,1.2353037696282114,0.9226169901143538,3169.087206678069,0.9925307,0.86892033,0.0,True,1.1624718487397478,0.9065079920800476
1172,0,311.06052,1395,6256.0977,1.0447938,1,39.864559,0.9485204751016526,0.0,215.61072242151047,0.89341068,0.0,0.0,True,0.931987536571157,0.0
1173,0,281.63068,1395,6909.8477,1.9871587,2,88.661125,0.8588056423229001,0.0,195.21151180118017,,,,False,0.8588056423229001,0.0
1174,0,470.86383,1395,4132.8828,1.9654818,3,63.120785,1.4355748616711843,0.0,326.3779361921574,1.1022246,1.0401299,7.354901321894969,True,1.335569783169829,0.31203897
1175,0,-1.0,1,-1.0,0.0,0,9.9855061,1.0,0.0,-0.6931471805599453,0.89178419,0.0,13.40626884175568,True,0.967535257,0.0
1176,21387,525.71124,1395,3701.6992,3.0340757,5,160.7075,1.6027040758700275,1.2133566638538307,5241.673338676224,1.1224335,1.1219,0.0,True,1.4586229031090192,1.1859196646976815
1177,103486,563.5777,1395,3452.9844,4.0027304,6,122.61711,1.7180783229112584,1.417206183278478,6507.750584635141,1.1137745,1.1400594,0.0,True,1.5367871760378808,1.3340621482949344
1178,4792,434.5166,1395,4478.5977,2.9949033,4,51.649216,1.3248084744668238,1.0079898936790967,3682.580507313925,1.0817697,0.94152689,0.0,True,1.2518968421267767,0.9880509925753678
1179,97259,563.5025,1395,3453.4453,4.0016356,6,235.97128,1.7178491593070682,1.4095666132187685,6471.9126344125525,1.1137266,1.138091,0.0,True,1.5366123915149477,1.328123929253138
1180,75594,614.97089,1395,3164.418,3.0065079,5,71.941826,1.874652621238434,1.3935743060947963,6908.065572941359,1.2211134,1.3557144,0.0,True,1.6785908548669037,1.3822163342663574
1181,23194,524.92743,1395,3707.2266,4.0105648,6,80.933403,1.600315764918908,1.2230049434624948,5276.431488304762,1.1220118,1.1239876,0.0,True,1.4568245754432354,1.1932997404237464
1182,8377,445.28757,1395,4370.2656,3.0111365,5,62.326336,1.357633398034319,1.0775472555657808,4022.498074254984,1.0833009,1.0190293,0.0,True,1.2753336486240232,1.0599918688960466
1183,65901,561.26398,1395,3467.2188,2.3913126,4,50.913475,1.7110289508509984,1.361133577130955,6227.75102135029,1.1139033,1.0809715,0.0,True,1.531891255595699,1.2770849539916684
1184,65441,563.54773,1395,3453.168,2.3966494,4,63.009003,1.7179870280219542,1.3609516699980104,6249.144042404886,1.087728,1.0763803,0.0,True,1.528909319615368,1.2755802589986072
1185,46242,612.78253,1395,3175.7188,3.0318589,5,82.39315,1.8679858657212085,1.3320131886215998,6582.318139266532,1.2213454,1.3588867,0.0,True,1.6739937260048459,1.3400752420351199
1186,7924,445.63013,1395,4366.9062,3.9784055,5,234.12334,1.3586773283520162,1.0710147331950601,4000.824425823873,1.0841622,1.0267935,0.0,True,1.2763227898464113,1.057748363236542
1187,8112,421.52332,1395,4616.6484,4.0146909,6,81.474937,1.2852101501462116,1.0667390595651813,3794.277353141939,1.0412785,0.96148247,0.0,True,1.2120306551023483,1.035162082695627
1188,5386,445.37079,1395,4369.4492,3.055217,5,92.304726,1.3578869459666967,1.0248912534593875,3826.5944457541846,1.0833058,0.91724831,0.0,True,1.2755126021766876,0.9925983704215713
1189,38658,562.1684,1395,3461.6406,2.9253762,5,101.55465,1.713784566342293,1.29595864041765,5937.93787828319,1.1170387,1.1388398,0.0,True,1.534760806439605,1.248822988292355
1190,6564,445.29593,1395,4370.1836,3.9523795,6,68.797653,1.3576588603544826,1.0484610883838998,3913.9998677502035,1.0833014,0.97519445,0.0,True,1.2753516222481378,1.02648109686873
1191,6409,445.28558,1395,4370.2852,3.0109978,5,61.567066,1.357627312060192,1.0456080733220945,3903.271220826281,1.0833009,0.99603635,0.0,True,1.2753293884421344,1.0307365563254662
1192,382,407.60553,1395,4774.2852,4.049891,5,101.02583,1.2427929981309658,0.7021124144897491,2425.514811488073,0.99813151,0.56554914,0.0,True,1.169394551691676,0.6611434321428244
1193,13327,467.0936,1395,4166.2422,3.0118575,5,183.62817,1.4240856262231019,1.1394198604360255,4436.313666354931,1.0758762,1.0016822,0.0,True,1.3196227983561712,1.0980985623052177
1194,6498,421.49765,1395,4616.9297,4.0026555,6,100.40456,1.2851318788498902,1.0404436335502218,3700.56283569497,1.0413694,0.96558881,0.0,True,1.2120031351949232,1.0179871864851553
1195,4,353.41937,1395,5506.2773,4.0024037,4,100.91762,1.0776388842363764,0.186835691961521,633.2425028061136,0.97181267,0.11985549,0.0,True,1.0458910199654634,0.1667416313730647
1196,12524,466.8056,1395,4168.8125,3.0773187,5,78.715981,1.4232080208919868,1.1318812488844023,4404.573070154119,1.0758663,1.0093768,0.0,True,1.319005504624391,1.0951299142190818
1197,46654,473.78891,1395,4107.3672,3.0502353,5,54.478832,1.4444885343019627,1.2919348154972232,5093.494595446433,1.1034544,1.1027961,0.0,True,1.342178294011374,1.2351932008480562
1198,11815,468.75977,1395,4151.4336,2.078187,4,45.663261,1.4291630432316431,1.1254545190294964,4395.69839037258,1.0660523,0.96591794,0.0,True,1.32022982026215,1.0775935453206476
1199,12210,371.10355,1395,5243.8867,3.004374,4,101.72846,1.1315406037336948,1.0986180754045978,3492.149108834461,1.0137303,0.83023608,0.0,True,1.0961975126135863,1.0181034767832184
1200,15180,475.66943,1395,4091.1289,1.9502777,4,46.021362,1.4502191229884207,1.1575618549925715,4579.681434622802,1.0727119,0.99731082,0.0,True,1.3369669560918944,1.1094865444948
1201,14985,474.20154,1395,4103.793,3.2257364,5,73.671707,1.445745999283588,1.1555783803807884,4559.418614136452,1.0712329,0.99160039,0.0,True,1.3333920694985115,1.106384983266552
1202,33013,472.91681,1395,4114.9414,2.0220428,4,48.185413,1.441831016500881,1.250096258662889,4920.56570625262,1.1031197,1.0984541,0.0,True,1.3402176215506165,1.2046036110640224
1203,9061,357.20117,1395,5447.9805,2.9784732,4,52.96479,1.0891660628210615,1.0590796007959704,3254.801154891468,0.98912919,0.90158105,0.0,True,1.059155000974743,1.0118300355571792
1204,19780,471.05215,1395,4131.2305,1.6220654,4,99.669678,1.4361487469998493,1.1879920791912457,4659.896447813396,1.1022291,1.0861567,0.0,True,1.3359728528998944,1.157441465433872
1205,127,362.16907,1395,5373.25,3.9308429,4,260.70047,1.1043084142386976,0.5648630409975898,1760.0737388621305,0.96920466,0.41286898,0.0,True,1.0637772879670884,0.5192648226983129
1206,13553,470.8754,1395,4132.7812,1.9324162,4,20.190548,1.4356101366709704,1.1425416072586176,4480.149060829396,1.1022263,1.0729452,0.0,True,1.3355949856696792,1.1216626850810323
1207,48655,526.88385,1395,3693.4609,3.013175,5,47.501728,1.606276987976401,1.313738057565872,5686.420802261852,1.0729303,1.0665441,0.0,True,1.4462729815834807,1.2395798702961103
1208,2476,403.0527,1395,4828.2148,3.3610487,5,98.949745,1.2289171495306088,0.9212470404602944,3149.94030747438,0.98591614,0.86847091,0.0,True,1.156016846671426,0.905414201322206
1209,48564,527.02655,1395,3692.4609,4.0138617,6,50.559994,1.6067117677809393,1.313553444364203,5686.974313187128,1.0729889,1.068653,0.0,True,1.4465949074466575,1.240083311054942
1210,22519,470.40543,1395,4136.9102,3.0008366,5,42.107418,1.4341779639569274,1.2033672412975984,4714.49894049275,1.1007801,1.0605119,0.0,True,1.334158604769849,1.1605106389083188
1211,47299,526.62152,1395,3695.3008,4.0291419,6,76.145821,1.6054776510573767,1.3102181101604697,5668.705032046011,1.0729527,1.0699189,0.0,True,1.4457201657401635,1.2381283471123288
1212,3597,465.45575,1395,4180.9023,3.0081418,5,38.958969,1.4190945372155979,0.9819083527581403,3811.3431267104065,1.1019504,0.91712558,0.0,True,1.3239512960509185,0.9624735209306983
1213,8632,467.9386,1395,4158.7188,1.9827906,4,62.290947,1.426660653836198,1.087555990385477,4241.144269783004,1.1026453,0.96207988,0.0,True,1.3294560476853385,1.049913157269834
1214,5884,551.15137,1395,3530.8359,4.0891919,6,163.76042,1.6802178113159911,1.0624252278903894,4784.176834609235,1.1171802,0.91583538,0.0,True,1.5113065279211937,1.0184482735232725
1215,15458,469.9324,1395,4141.0742,3.0253687,5,39.277603,1.4327365422604692,1.1580553779383576,4532.973251041088,1.1007529,1.056998,0.0,True,1.3331414495823284,1.1277381645568503
1216,1039,351.98456,1395,5528.7227,3.0088215,3,48.345802,1.0732654890899809,0.8060769080034784,2445.5665720041297,0.98774296,0.79704607,0.0,True,1.0476087303629866,0.8033676566024348
1217,0,280.80093,1395,6930.2656,2.0255256,2,92.567284,0.856276165130857,0.0,194.63637292811055,0.89252383,0.0,0.0,True,0.8671504645916,0.0
1218,22,350.18213,1395,5557.1797,3.0128796,3,49.162685,1.0677715281692657,0.36360361492732074,1112.8976595659021,0.98531002,0.23042788,0.0,True,1.043033075718486,0.3236508944491245
1219,21924,523.86542,1395,3714.7422,3.9966505,6,101.20081,1.5970797769176888,1.2158543554682255,5236.259310589267,1.1215931,1.1232108,0.0,True,1.454433773842382,1.188061288827758
1220,1,280.72702,1395,6932.0898,2.9733758,3,126.10239,0.8560508985096443,0.0783717556261312,308.4101539331782,0.87680131,0.051226467,0.0,True,0.862276021956751,0.07022816903829183
1221,667,349.70303,1395,5564.793,3.0034876,3,45.022484,1.0663112143089495,0.7541418752332502,2275.092398352544,0.96617007,0.6916182,0.0,True,1.0362688710162646,0.7353847726632751
1222,10984,466.8266,1395,4168.625,3.0311718,5,62.674786,1.4232720044685292,1.116148990050406,4343.530686518287,1.0758672,1.0223987,0.0,True,1.3190505631279703,1.0880239030352843
1223,36804,608.39496,1395,3198.6211,2.0156534,4,41.24308,1.8546193436132006,1.3025463527992596,6396.309400686166,1.2219822,1.3594247,0.0,True,1.6648282005292403,1.3196098569594816
1224,0,349.22623,1395,5572.3906,1.0004947,2,15.410693,1.0648578884365512,0.0,242.065176702079,0.96662778,0.0,0.0,True,1.035388855905586,0.0
1225,10536,466.754,1395,4169.2734,3.0473471,5,34.225685,1.4230507651779813,1.1111333687904317,4323.422369918741,1.0775893,1.0254039,0.0,True,1.319412325624587,1.085414528153302
1226,3572,446.8288,1395,4355.1914,3.0546432,4,52.421997,1.3623302854303256,0.9762940307655087,3655.703328339453,1.0846757,0.94458103,0.0,True,1.279033909801228,0.9667801305358561
1227,2880,349.90714,1395,5561.5469,3.0394063,4,45.816757,1.0669333628941924,0.9236705629010972,2787.4441767701624,0.96741074,0.88642186,0.0,True,1.0370765760259348,0.912495952030768
1228,9036,466.40311,1395,4172.4102,2.0647202,4,127.25928,1.421981434320125,1.0926133657576254,4248.556033393401,1.0789123,1.0325783,0.0,True,1.3190606940240874,1.0746028460303378
1229,2536,442.46933,1395,4398.1016,3.2017682,5,50.55912,1.3490447137940087,0.93433871388377,3468.57532819374,1.0774913,0.92471808,0.0,True,1.2675786896558061,0.9314525237186391
1230,0,403.06573,1395,4828.0586,0.98263949,2,12.961852,1.2289568916692977,0.0,279.38387432983615,0.98591638,0.0,0.0,True,1.1560447381685084,0.0
1231,15,351.90225,1395,5530.0156,3.9971597,4,49.567299,1.0730146537613814,0.3217024422200288,997.0141505034065,0.98734087,0.20671983,0.0,True,1.047312518632967,0.28720765855402014
1232,8,354.84467,1395,5484.1602,4.0011663,4,75.94873,1.0819833156962058,0.2551895681706631,817.0600474703915,0.988078,0.16383071,0.0,True,1.053811720987344,0.22778191071946413
1233,5659,467.9342,1395,4158.7578,1.9955087,4,28.321007,1.4266472813285502,1.0368967714609587,4043.5859291152765,1.1026453,0.92141712,0.0,True,1.3294466869299852,1.002252876022671
1234,41849,565.91699,1395,3438.7109,4.0136104,6,196.58411,1.725205626440908,1.3067543915106883,6022.415587590767,1.1352431,1.1968536,0.0,True,1.5482168685086355,1.2737841540574817
1235,1633,467.92935,1395,4158.8008,3.0157213,4,68.341301,1.4266325375722289,0.8878149542159361,3462.395535524486,1.1026453,0.72535259,0.0,True,1.3294363663005602,0.8390762449511553
1236,1307,464.61273,1395,4188.4883,2.9831281,4,156.67615,1.4165255642490542,0.8603784932458339,3334.53428209063,1.1009518,0.80039185,0.0,True,1.3218534349743378,0.8423825002720837
1237,3163,445.99835,1395,4363.3008,3.0703349,5,97.992058,1.359799490481059,0.9615734040012457,3594.705818373159,1.0755154,0.9088614,0.0,True,1.2745142633367414,0.945759802800872
1238,13859,469.00955,1395,4149.2227,2.0342634,4,157.76614,1.4299242012808804,1.144677166922888,4472.866419848775,1.10001,1.0548445,0.0,True,1.3309499408966163,1.1177273668460215
1239,3999,445.92651,1395,4364.0039,3.0206664,5,97.387177,1.3595805087660504,0.9895270148855221,3698.648077472072,1.0755008,0.89706951,0.0,True,1.2743565961362353,0.9617897634198656
1240,20893,560.09912,1395,3474.4297,3.1300499,5,143.44048,1.707479890543036,1.219911441752174,5571.454470858063,1.1163416,1.1334459,0.0,True,1.530138403380125,1.1939717792265219
1241,12274,466.82703,1395,4168.6211,2.998934,5,61.097176,1.4232733353879976,1.1294688331683187,4395.363879167525,1.0758672,1.0166098,0.0,True,1.3190514947715983,1.095611123217823
1242,4991,421.19547,1395,4620.2422,3.0572038,5,91.419685,1.2842108973944637,1.0090937015651724,3586.8131025241432,1.0415086,0.97464031,0.0,True,1.2114002081761246,0.9987576840956207
1243,8073,481.06235,1395,4045.2656,3.9917011,5,261.21658,1.4666528936565368,1.0831154391656184,4327.890972761736,1.1224607,0.94123703,0.0,True,1.3633952355595758,1.040551916415933
1244,440,382.74881,1395,5084.3398,3.9700081,5,124.39538,1.1670344564153108,0.7134615382309737,2331.441608706479,1.0020387,0.73909074,0.0,True,1.1175357294907176,0.7211502987616816
1245,3945,419.76981,1395,4635.9336,3.0321059,5,49.229763,1.2798660600998168,0.9808365897394447,3475.9925148958887,1.0439667,0.98991561,0.0,True,1.2090962520698718,0.9835602958176113
1246,11971,480.95413,1395,4046.1758,3.1083522,5,60.783127,1.4663231284660512,1.1305107363635927,4516.3561802989125,1.1239449,1.0288492,0.0,True,1.3636096599262357,1.1000122754545147
1247,16693,483.54971,1395,4024.457,3.0158708,5,66.441345,1.4742325085395325,1.1712965885488469,4701.488334671543,1.1271462,1.044806,0.0,True,1.3701066159776727,1.133349411984193
1248,1901,360.2916,1395,5401.25,3.0560179,4,87.511665,1.0985858147664016,0.8785006526760144,2720.6291983171172,1.0410978,0.8130067,0.0,True,1.081339410336481,0.85885246687321
1249,4553,523.33545,1395,3718.5039,3.0002289,5,86.482185,1.5954650131227008,1.0245537553171227,4408.567787832604,1.1213921,1.1171936,0.0,True,1.4532431391858904,1.0523457087219859
1250,1749,392.44916,1395,4958.668,2.626153,3,34.05077,1.1965996925487778,0.8775337536936876,2930.7876952340234,1.0249151,0.86891794,0.0,True,1.1450943147841446,0.8749490095855812
1251,18,354.189,1395,5494.3125,2.5319407,4,24.434675,1.0799847722698737,0.34189897609894154,1061.0554182378146,0.960123,0.36216086,0.0,True,1.0440262405889116,0.34797754126925906
1252,3709,408.25287,1395,4766.7148,4.4824605,5,35.828751,1.244765949021854,0.9703360807048124,3355.4534705706064,1.0326881,0.92154354,0.0,True,1.1811425943152978,0.9556983184933686
1253,5532,470.60229,1395,4135.1797,3.5117273,5,41.020515,1.4347778520803822,1.0348791744930197,4055.9640318047445,1.1022218,1.0509268,0.0,True,1.3350110364562675,1.039693462145114
1254,12,346.49081,1395,5616.3828,4.4026022,5,14.649173,1.0565200013848397,0.2970762284123905,914.4091117748279,0.95518965,0.46070793,0.0,True,1.0261208959693877,0.34616573888867336
1255,909,390.43213,1395,4984.2852,4.0994349,5,14.593766,1.1904521232833933,0.8002028276018007,2660.6164983535764,1.0014522,0.58104384,0.0,True,1.1337521462983753,0.7344551313212604
1256,2470,402.16833,1395,4838.832,2.8017805,5,21.466854,1.226221815513647,0.9207228763372622,3142.053818800039,0.99128586,0.79643571,0.0,True,1.1557410288595529,0.8834367264360835
1257,4541,409.31683,1395,4754.3242,2.5388789,4,10.316948,1.2480086625795104,0.9945298791481357,3446.997366155754,0.99611521,0.87278008,0.0,True,1.1724406268056573,0.958004939403695
1258,13035,559.04193,1395,3481.0,1.9929619,4,133.43863,1.7042589157727706,1.1617881316510008,5297.227941618623,1.1158222,1.1292454,0.0,True,1.5277279010409393,1.1520253121557005
1259,7560,409.46152,1395,4752.6445,1.7745658,4,105.74356,1.2484495536178486,1.0547615963372392,3656.856197447553,0.99611771,0.91162378,0.0,True,1.172750000532494,1.0118202514360675
1260,9032,410.17386,1395,4744.3906,3.01408,4,118.07681,1.2506205881236492,1.0759908790702712,3736.171359012714,0.99684906,0.93832779,0.0,True,1.1744891296865543,1.0346919523491898
1261,30293,603.08844,1395,3226.7656,1.9777052,4,56.903915,1.8384530000061199,1.277041391036265,6223.111579896895,1.2228147,1.3598417,0.0,True,1.653761510004284,1.3018814837253856
1262,19468,523.80316,1395,3715.1836,4.0311661,6,90.755188,1.5968901303762775,1.2013854872806105,5173.410055675351,1.1215922,1.1236014,0.0,True,1.4543007512633943,1.1780502610964274
1263,9712,467.20441,1395,4165.2539,3.0500388,4,72.730171,1.4244233603420613,1.1014927832734696,4289.554792817833,1.0817475,1.0534854,0.0,True,1.321620602239443,1.0870905682914287
1264,0,382.11703,1395,5092.7461,1.9965446,3,91.514664,1.1651088566781689,0.0,264.86334198844,1.0014609,0.0,0.0,True,1.1160144696747183,0.0
1265,14233,523.24036,1395,3719.1797,4.0097032,6,47.945553,1.5951752621988557,1.1631371288809358,5003.987729854619,1.1213849,1.1191839,0.0,True,1.453038153539199,1.149951160216655
1266,17408,602.80017,1395,3228.3086,2.0401468,4,92.139793,1.8375748384029191,1.2084116609409643,5886.223119765081,1.2228112,1.3607306,0.0,True,1.6531457468820434,1.254107342658675
1267,0,363.05273,1395,5360.1719,4.0582933,4,197.2139,1.1070017735978512,0.0,251.64897619409106,1.0090865,0.0,0.0,True,1.0776271915184958,0.0
1268,0,323.76355,1395,6010.6367,1.0207038,2,28.511826,0.9872430515611496,0.0,224.41579185057887,0.96694982,0.0,0.0,True,0.9811550820928047,0.0
1269,4069,551.3429,1395,3529.6094,3.9315701,5,191.97136,1.6808013376667759,1.0173329006833172,4582.565878335083,1.1171825,0.88029224,0.0,True,1.5117156863667431,0.976220702478322
1270,4908,423.24551,1395,4597.8633,4.010293,4,38.850521,1.2904587411622774,1.007686305564065,3597.1759570575596,1.0806923,0.92664289,0.0,True,1.2275288088135943,0.9833732808948455
1271,5115,445.24023,1395,4370.7305,2.9992514,5,48.142372,1.357489057154691,1.0186985123884011,3802.495647858809,1.075204,0.87138397,0.0,True,1.2728035400082836,0.9745041496718807
1272,2194,443.14984,1395,4391.3477,3.0045094,4,74.860748,1.3511186022532566,0.9172471507220533,3409.7689393823794,1.0732481,0.67007077,0.0,True,1.2677574515772796,0.8430942365054374
1273,14494,574.91852,1395,3384.8711,4.0153103,6,389.72348,1.7526305632465788,1.1788397786482254,5508.655405210843,1.1395553,1.2019804,0.0,True,1.568707984272605,1.1857819650537578
1274,35325,564.42566,1395,3447.7969,4.0171013,6,192.73032,1.7206618174062827,1.285528004284519,5910.892875200941,1.1347245,1.1961993,0.0,True,1.5448806221843978,1.2587293929991632
1275,13519,467.97025,1395,4158.4375,1.9906181,4,141.30432,1.4267571147593396,1.1413923469544833,4451.332695736386,1.0989182,1.0522248,0.0,True,1.3284054403315377,1.1146420828681383
1276,30360,482.85419,1395,4030.2539,2.9891701,5,193.52859,1.4721131037002804,1.2431348458585674,4983.512554655503,1.1294438,1.1736093,0.0,True,1.3693123125901963,1.2222771821009972
1277,10912,467.9632,1395,4158.5,3.0074809,5,51.060169,1.4267356816816632,1.1156853679414087,4351.029012044573,1.0989182,1.0468713,0.0,True,1.3283904371771642,1.095041147558986
1278,24192,482.15601,1395,4036.0898,4.0396438,6,125.47718,1.4699855866594544,1.215569911434882,4866.815237794954,1.1291447,1.1784452,0.0,True,1.367733320661618,1.2044324980044174
1279,115,351.80734,1395,5531.5078,2.9849887,3,48.449245,1.0727252979812478,0.5515400522144982,1675.3677446185322,0.98440129,0.34832129,0.0,True,1.0462280955868735,0.49057442355014874
1280,397,357.36005,1395,5445.5586,2.9849713,3,50.991917,1.0896502891472446,0.6958477256836189,2140.2155513878324,1.0068694,0.7042008,0.0,True,1.0648160224030712,0.6983536479785332
1281,23036,562.0105,1395,3462.6133,4.017066,6,94.1492,1.7133034164697571,1.232400261328269,5645.339443136593,1.1339914,1.1885844,0.0,True,1.53950981152883,1.2192555029297882
1282,30596,467.72156,1395,4160.6484,3.7409606,6,128.15771,1.4259993238046624,1.2393178640393607,4830.950965098102,1.0726299,1.0540879,0.0,True,1.3199884966632636,1.1837488748275526
1283,19569,454.76633,1395,4279.1758,2.178215,4,43.296734,1.3865195172869471,1.1817145648119587,4493.91181057823,1.0654845,1.0516295,0.0,True,1.290209012100863,1.1426890453683711
1284,12222,443.09109,1395,4391.9297,2.1975887,4,38.299759,1.3509396392110142,1.1219411859829236,4169.999596799616,1.064461,1.0450108,0.0,True,1.26499604744771,1.0988620701880465
1285,0,429.86298,1395,4527.082,1.0897522,2,40.765778,1.3106262601641037,0.0,297.95831261409614,1.0652376,1.0442203,4.923592866908855,True,1.2370096621148725,0.31326609000000005
1286,7866,358.24585,1395,5432.0938,3.9152131,5,78.131866,1.0923502652156207,1.0429968418510398,3213.6655982384864,1.0293084,0.68320131,0.0,True,1.0734377056509343,0.9350581822957278
1287,2442,329.69177,1395,5902.5586,4.1114621,5,91.492645,1.0053137255063502,0.8983529599167067,2572.054512849537,0.95815587,0.79230899,0.0,True,0.9911663688544452,0.8665397689416947
1288,7328,329.00677,1395,5914.8477,3.1048942,4,97.396919,1.003225721634944,1.0246227213124453,2928.0716826932307,1.0252695,0.6561929,0.0,True,1.0098388551444608,0.9140937749187116
1289,1342,286.23193,1395,6798.7695,3.0334132,4,57.086243,0.8728326704259805,0.8161713014802751,2061.8446648722697,0.93014562,0.72177261,0.0,True,0.8900265552981863,0.7878516940361926
1290,683,237.78023,1395,8184.1328,2.0163908,3,39.9674,0.7251206337181043,0.7244979779103956,1552.5667131283246,0.90819836,0.66914886,0.0,True,0.7800439516026729,0.7078932425372768
1291,1252,286.4996,1395,6792.418,4.0200043,6,41.469921,0.8736486044333098,0.8083967418673303,2043.9149974842676,0.92830229,0.81884605,0.0,True,0.8900447101033169,0.8115315343071312
1292,9468,358.43143,1395,5429.2812,3.0147576,5,38.644859,1.092915941018955,1.0646112505788812,3281.756661766928,1.030555,0.92970103,0.0,True,1.0742076587132685,1.0241381844052169
1293,134,285.59232,1395,6813.9961,3.9921567,5,35.547112,0.8708828051759829,0.5557015946108469,1403.016506176694,0.92816091,0.78230447,0.0,True,0.888066236623188,0.6236824572275929
1294,42574,549.03876,1395,3544.4219,4.4074397,7,247.92874,1.6737810590546376,1.3040192426153197,5852.229394899088,1.1354848,1.2229451,0.0,True,1.5122921813382464,1.2796969998307237
1295,0,285.23505,1395,6822.5312,4.0040283,4,56.684879,0.8697936355887067,0.0,197.70987070437502,0.92733842,0.0,0.0,True,0.8870570709120947,0.0
1296,4968,328.11746,1395,5930.8789,1.9087098,4,25.383724,1.0005149108363833,0.9795752015124565,2792.6651616912295,1.0265865,0.91681087,0.0,True,1.0083363875854683,0.9607459020587195
1297,0,270.93567,1395,7182.6094,2.0044723,2,3.1745973,0.8262013246867059,0.0,187.79829577361977,1.0265865,0.91681087,13.041748683776039,True,0.8863168772806942,0.27504326100000004
1298,460,237.78012,1395,8184.1367,2.0561857,3,106.87353,0.7251202882596084,0.6807081634133987,1458.9153560692027,0.90819836,0.77681649,0.0,True,0.7800437097817259,0.7095406613893791
1299,886,286.46271,1395,6793.293,3.042397,4,55.204803,0.8735361085440407,0.7692365123573641,1944.7872436109606,1.0107061,0.83477992,0.0,True,0.9146871059808286,0.7888995346501549
1300,0,329.11655,1395,5912.875,1.9935369,3,115.60169,1.0035603125402581,0.0,228.12620870811628,0.95835781,0.84731126,9.694116568871317,True,0.9899995617781807,0.254193378
1301,9378,358.43063,1395,5429.293,3.0461092,5,102.15279,1.0929135665552494,1.0635005133114181,3278.3266312952333,1.030555,0.97340298,0.0,True,1.0742059965886745,1.0364712533179927
1302,0,327.80527,1395,5936.5273,1.1118475,2,8.4307394,0.9995632761739699,0.0,227.2172986731916,,,,False,0.9995632761739699,0.0
1303,2230,378.54999,1395,5140.7344,4.4913101,6,263.94974,1.1542368984944196,0.9022495989787268,2918.8677385048463,1.0373064,0.93725735,0.0,True,1.1191577489460938,0.9127519242851088
1304,33300,524.72565,1395,3708.6523,4.3627462,6,93.17868,1.599700894539906,1.266948319867522,5464.163776658523,1.0727023,1.0682976,0.0,True,1.4416013161779344,1.2073531039072654
1305,24113,475.9744,1395,4088.5078,4.8002334,6,129.22269,1.4511483888715626,1.213292011768666,4802.86220318455,1.064978,1.0677154,0.0,True,1.3352972722100938,1.1696190282380663
1306,7733,446.85086,1395,4354.9766,3.3763037,5,139.40649,1.362397448642841,1.0684528090012526,4000.8839844690087,1.036261,0.9413026,0.0,True,1.2645565140499886,1.0303077463008767
1307,17870,458.34995,1395,4245.7188,4.5793672,6,110.37208,1.3974403869758423,1.1719532812723454,4487.700015892446,1.0981274,1.1067935,0.0,True,1.3076464908830896,1.152405346890642
1308,6183,408.74258,1395,4761.0039,3.5551467,6,72.146721,1.2462584386371298,1.0308043044459139,3568.2746081963146,1.0465381,1.0545928,0.0,True,1.186342337045991,1.0379408531121397
1309,2100,408.34656,1395,4765.6211,3.0322723,4,58.252911,1.2450515003460656,0.9032276373164762,3124.114384362,1.0118164,0.56627691,0.0,True,1.175080970242246,0.8021424191215333
1310,22792,545.10028,1395,3570.0312,3.1222496,5,90.369293,1.661781062728836,1.2265005192348766,5469.673914069522,1.1352113,1.221869,0.0,True,1.5038101339101853,1.2251110634644138
1311,15953,408.70132,1395,4761.4844,3.0097029,5,52.918713,1.2461327266310684,1.1427002197241891,3955.218279408086,1.012241,0.89449048,0.0,True,1.175965208641748,1.0682372978069323
1312,15508,408.99493,1395,4758.0664,3.0088365,5,49.831017,1.2470275212204098,1.1394564446588018,3946.4903431256703,1.0122262,0.92938352,0.0,True,1.176587124854287,1.0764345672611613
1313,0,286.60342,1395,6789.957,2.0369658,3,31.975945,0.8739651625645686,0.0,198.65835251183785,1.0131767,0.86884719,5.030996002381856,True,0.915728623795198,0.26065415700000005
1314,23158,442.7139,1395,4395.6719,3.1333375,5,69.22628,1.3497900567881291,1.198005644091162,4449.355238686656,1.102759,1.1152006,0.0,True,1.2756807397516905,1.1731641308638134
1315,8920,358.79721,1395,5423.7461,4.0169568,6,48.492489,1.0940308842753552,1.0578047270337663,3263.7182405405197,1.0327768,0.99248034,0.0,True,1.0756546589927485,1.0382074109236363
1316,13481,440.08347,1395,4421.9453,3.0419333,5,61.122993,1.3417737790827928,1.132709445434728,4184.835092783566,1.1043147,1.1493556,0.0,True,1.270536055357955,1.1377032918043095
1317,5002,337.694,1395,5762.6875,2.9662933,4,50.35498,1.0297060861731984,0.9836152521256832,2876.4750847776336,1.0882626,1.0705495,0.0,True,1.047273040321239,1.0096955264879783
1318,0,439.0932,1395,4431.918,1.9916257,3,0.41758627,1.3387558821873928,0.0,304.35621358304417,,,,False,1.3387558821873928,0.0
1319,0,358.67038,1395,5425.6641,2.0270891,3,0.67794704,1.0936442812731466,0.0,248.61136264736422,,,,False,1.0936442812731466,0.0
1320,0,272.78354,1395,7133.9531,2.0012124,2,29.260353,0.8318347557015979,0.0,189.07914165416108,,,,False,0.8318347557015979,0.0
1321,18510,409.44672,1395,4752.8164,2.9946876,4,58.378204,1.2484044186514878,1.1605027671055537,4023.2948984683353,1.0130383,0.97569382,0.0,True,1.1777945830560415,1.1050600829738877
1322,12405,316.90628,1395,6140.6953,3.9976711,4,190.26721,0.9663402649381876,1.0805616403250367,2987.1637001467066,0.91353786,0.27706984,0.0,True,0.9504995434567314,0.8395141002275256
1323,6826,445.20044,1395,4371.1211,3.1900349,5,250.37708,1.357367808459857,1.0531021419706508,3930.5798944249773,1.036528,0.94952571,0.0,True,1.2611158659219,1.0220292123794554
1324,0,408.28098,1395,4766.3867,2.0087545,3,180.46068,1.2448515980544446,0.0,282.9988101632514,1.0466307,1.0573136,4.780427358066785,True,1.185385328638111,0.31719408000000004
1325,0,317.577,1395,6127.7266,1.9891711,2,139.00262,0.9683847569378641,0.0,220.12760216068574,,,,False,0.9683847569378641,0.0
1326,0,545.05731,1395,3570.3125,1.0067309,2,81.550026,1.6616502065921053,0.0,377.80493767008807,,,,False,1.6616502065921053,0.0
1327,0,258.95343,1395,7514.9609,1.0185974,2,23.063944,0.7896720340312745,0.0,179.49283990082716,1.0106995,0.0,0.0,True,0.8559802738218922,0.0
1328,7455,259.33035,1395,7504.0391,1.9854871,4,16.225079,0.7908210608224197,0.9992355044585506,2312.424993806096,1.0115557,0.95220143,0.0,True,0.8570414525756938,0.9851252821209855
1329,2489,219.44621,1395,8867.8906,2.9473572,3,19.841589,0.6692228880068216,0.8602400057946383,1716.1658121585228,0.9143647,0.86362922,0.0,True,0.7427654316047752,0.8612567700562468
1330,0,190.76741,1395,10201.035,0.95903915,1,18.669003,0.5817811860526363,0.0,132.22989238422312,0.83596259,0.0,0.0,True,0.6580356072368454,0.0
1331,0,258.20856,1395,7536.6406,1.015667,2,41.467583,0.7874010870920892,0.0,178.97653536044345,1.0124129,0.97374344,6.5397616196172885,True,0.8549046309644625,0.29212303200000006
1332,0,337.69217,1395,5762.7188,1.0165501,2,39.170849,1.0297004953019668,0.0,234.07037553266971,,,,False,1.0297004953019668,0.0
1333,18285,481.16226,1395,4044.4258,3.0219445,5,48.431679,1.4669572845340597,1.1815656607639897,4722.100294393609,1.1288862,1.177665,0.0,True,1.3655359591738419,1.1803954625347928
1334,16506,481.16968,1395,4044.3633,3.0076365,5,48.286549,1.4669799431100414,1.1692450290411387,4672.927652363983,1.1288863,1.1771771,0.0,True,1.3655518501770292,1.171624650328797
1335,4932,467.19958,1395,4165.2969,3.0158515,5,55.415462,1.4244086625161168,1.0202080955200548,3973.0209831598972,1.0983666,1.0060182,0.0,True,1.3265960437612816,1.0159511268640382
1336,8522,480.50787,1395,4049.9336,3.8436513,6,93.307159,1.4649632470869118,1.0894799406634896,4348.90422578611,1.1285874,1.1777027,0.0,True,1.3640504929608381,1.1159467684644426
1337,4992,573.78552,1395,3391.5547,2.4051547,5,42.508892,1.7491787604415392,1.0474622098566269,4886.3531681968525,1.1390744,1.2028855,0.0,True,1.5661474523090773,1.094089196899639
1338,0,350.79761,1395,5547.4297,1.9999961,2,45.994865,1.0696475357885082,0.0,243.1543743186673,0.9834345,0.0,0.0,True,1.0437836250519559,0.0
1339,0,403.91116,1395,4817.9531,1.9947865,3,104.69657,1.2315335192030312,0.0,279.96988175069697,1.0125906,0.68907177,9.378293500442897,True,1.1658506434421219,0.20672153100000001
1340,0,467.19785,1395,4165.3125,1.0059921,2,33.655567,1.424403330356569,0.0,323.83687249116826,1.0983666,0.97874177,3.359418891460591,True,1.3265923112495983,0.293622531
1341,0,560.26288,1395,3473.4141,2.0177004,3,27.803799,1.7079788574364592,0.0,388.34463564439494,,,,False,1.7079788574364592,0.0
1342,0,490.9144,1395,3964.082,1.999988,2,6.1082296,1.4966745023518324,0.0,340.2759322562772,,,,False,1.4966745023518324,0.0
1343,594,381.82095,1395,5096.6953,4.0152826,4,68.039894,1.1642064203437612,0.7483435921028847,2439.9277622275254,1.0016763,0.34520167,0.0,True,1.1154473842406327,0.6274010154720193
1344,0,420.60159,1395,4626.7656,2.0161147,3,222.44432,1.2824010366039187,0.0,291.5388062475301,,,,False,1.2824010366039187,0.0
1345,0,359.82605,1395,5408.2383,0.99567276,2,137.31493,1.0971667927522823,0.0,249.41241204952192,,,,False,1.0971667927522823,0.0
1346,0,522.56586,1395,3723.9805,1.0233077,2,138.04362,1.5931199327630834,0.0,362.21505251588314,,,,False,1.5931199327630834,0.0
1347,0,326.42313,1395,5961.6641,0.98597884,2,30.549938,0.99535012437011,0.0,226.2592722290525,0.97048563,0.0,0.0,True,0.9878907760590769,0.0
1348,25540,483.37518,1395,4025.9102,4.0079947,6,232.00029,1.4737006310708118,1.2224711724571131,4905.329723574592,1.1271421,1.0599782,0.0,True,1.3697330717495684,1.1737232807199791
1349,8567,599.32941,1395,3247.0039,3.0723112,5,48.876873,1.8270011321428576,1.1198774190211231,5427.4709909832345,1.2234304,1.3609,0.0,True,1.6459299125000002,1.1921841933147863
1350,27186,482.35254,1395,4034.4453,3.0180054,5,54.147511,1.4705844777920216,1.2296811258692661,4925.075552212015,1.1292458,1.1735929,0.0,True,1.3681828744544153,1.2128546581084862
1351,28157,482.85419,1395,4030.2539,2.0210731,4,52.424301,1.4721131037002804,1.2340618030650499,4947.141655880866,1.1294438,1.1738615,0.0,True,1.3693123125901963,1.2160017121455349
1352,2459,311.56729,1395,6245.9219,3.0176921,3,52.289238,0.9500653014943352,0.8933375188160019,2432.8180522548746,0.91164374,0.86338347,0.0,True,0.9385388330460347,0.8843513041712013
1353,0,249.94414,1395,7785.8398,1.1043917,1,29.184563,0.7622054325817744,0.0,173.24807593848024,0.82277519,0.0,0.0,True,0.7803763598072421,0.0
1354,8426,391.62912,1395,4969.0508,2.9966497,4,24.386988,1.1941004110512328,1.0619870776694067,3540.0588907065153,1.0014633,0.76862854,0.0,True,1.136309277735863,0.9739795163685847
1355,0,598.60278,1395,3250.9453,1.9982531,3,203.38829,1.8247874637291195,0.0,414.91982923234525,,,,False,1.8247874637291195,0.0
1356,0,299.91095,1395,6488.6758,5.0215673,4,65.95948,0.9145324749753423,0.0,207.88242941155474,0.92860913,0.0,0.0,True,0.9187554714827395,0.0
1357,2458,260.49408,1395,7470.5156,2.2956469,3,18.996586,0.7943688740692036,0.8753676758356324,2033.916058968886,0.99930573,0.71332526,0.0,True,0.8558499308484426,0.8267549510849426
1358,4912,312.2095,1395,6233.0742,3.6162295,3,59.991661,0.9520229612723069,0.9727096360381402,2653.731905785681,0.9125517,0.17067474,0.0,True,0.9401815828906148,0.7320991672266981
1359,15749,401.21027,1395,4850.3867,3.1090415,5,229.31056,1.2233018863967622,1.138694909289888,3877.5605007311656,1.0107849,0.94259018,0.0,True,1.1595467904777337,1.0798634905029216
1360,0,255.30704,1395,7622.293,0.93215257,2,78.683067,0.7785553104578431,0.0,176.96535495310516,,,,False,0.7785553104578431,0.0
1361,0,437.43417,1395,4448.7266,2.1694255,3,0.7979598,1.3336999409571821,0.0,303.2062616160798,1.0308603,0.96738869,7.4005622782412335,True,1.2428480486700275,0.29021660700000007
1362,0,480.75781,1395,4047.8281,2.1694255,3,1.5243874,1.465724879442799,0.0,333.2359205336739,1.0308603,0.96738869,7.622247525203652,True,1.3352655056099594,0.29021660700000007
1363,0,573.586,1395,3392.7344,1.5891596,2,6.5865469,1.7485709054695295,0.0,397.5795187086568,,,,False,1.7485709054695295,0.0
1364,0,559.04193,1395,3481.0,1.0020365,2,85.00428,1.7042589157727706,0.0,387.49833759429026,,,,False,1.7042589157727706,0.0
1365,0,383.33224,1395,5076.6016,1.0066468,2,77.566292,1.168812651820643,0.0,265.7056613737283,0.97994733,0.80640709,4.568249883186423,True,1.11215305527445,0.24192212700000004
1366,0,301.0484,1395,6464.1602,2.0004487,2,34.77578,0.9179998051450318,0.0,208.67084967208265,,,,False,0.9179998051450318,0.0
1367,0,479.36725,1395,4059.5703,2.0127001,3,53.771786,1.4614873965462472,0.0,332.27205779027446,,,,False,1.4614873965462472,0.0
1368,0,502.724,1395,3870.9609,2.0476675,3,58.812962,1.5326604003765076,0.0,348.4617231998179,,,,False,1.5326604003765076,0.0
1369,0,331.45096,1395,5871.2305,0.97502607,2,32.458706,1.0106761183026207,0.0,229.74429841788722,0.97894067,0.93748242,12.206175382969214,True,1.0011554838118344,0.28124472600000006
1370,0,332.82343,1395,5847.0195,2.0011392,2,23.953043,1.0148596364974607,0.0,230.6956221287903,0.9601599,0.0,0.0,True,0.9984497155482225,0.0
1371,1950,266.98779,1395,7288.8164,3.0062234,3,72.221649,0.8141658598941759,0.8517725069307439,2022.8622973765464,0.88576943,0.081253141,0.0,True,0.8356469309259231,0.6206166971515207
1372,1250,231.64465,1395,8400.9062,3.0015001,4,56.836788,0.7064143835898775,0.7892144603826377,1652.2048989801478,0.8103289,0.10185944,0.0,True,0.7375887385129143,0.5830079542678462
1373,0,276.73309,1395,7032.1367,2.0047307,3,18.866037,0.8438752410991046,0.0,191.8167611011416,,,,False,0.8438752410991046,0.0
1374,18436,432.72159,1395,4497.1758,3.0126123,5,72.684929,1.3193380449007037,1.1676491387075956,4250.264600498227,1.0664783,1.0115494,0.0,True,1.2434801214304927,1.1208192170953168
1375,0,231.12279,1395,8419.875,2.0170774,3,7.0987597,0.7048233087805934,0.0,160.20211025164832,,,,False,0.7048233087805934,0.0
1376,4120,366.09094,1395,5315.6875,2.6146798,3,10.419819,1.1162622481363487,0.9702609569818454,3047.3753097775143,0.96989697,0.75853336,0.0,True,1.072352664695444,0.9067426778872918
1377,3662,346.10422,1395,5622.6562,2.2293487,3,43.023045,1.055341623126505,0.950312622999295,2840.2387728285735,0.98568529,0.75106651,0.0,True,1.0344447231885534,0.8905387890995066
1378,0,392.24921,1395,4961.1953,2.2975533,3,13.151898,1.195990374111726,0.0,271.8864339883659,0.99901098,0.0,0.0,True,1.136896555878208,0.0
1379,23141,464.96094,1395,4185.3516,4.4789624,6,37.119549,1.4175866682980622,1.2049555264338534,4672.600620235804,1.0547187,1.0238546,0.0,True,1.3087262778086437,1.1506252485036974
1380,29376,438.43356,1395,4438.5859,4.1143565,6,47.79855,1.3367456316150892,1.2249378519739904,4510.60506764008,1.0717379,1.0370898,0.0,True,1.2572433121305624,1.1685834363817933
1381,1145,348.97305,1395,5576.4336,4.0086145,5,27.508741,1.06408612690784,0.8165250334239894,2458.482025685244,0.9450686,0.81519163,0.0,True,1.028380868835488,0.8161250123967925
1382,9867,345.92926,1395,5625.5,1.855231,4,59.902939,1.0548083169500773,1.0650162507823506,3181.5646116589833,0.97994769,0.88845819,0.0,True,1.032350128865054,1.0120488325476453
1383,18531,464.9679,1395,4185.2891,2.0619588,4,40.977211,1.4176078273736963,1.1783211220922196,4569.382859102343,1.0547189,1.0077022,0.0,True,1.3087411491615875,1.1271354454645537
1384,4599,363.11545,1395,5359.2461,3.9936209,4,48.676247,1.107192934798602,0.9821446180923662,3062.5262175487305,0.96117014,0.79493564,0.0,True,1.0633860963590216,0.9259819246646563
1385,14281,465.01868,1395,4184.832,3.0011854,5,24.843842,1.4177625955941293,1.147101424300029,4448.752471802686,1.0547196,0.98957646,0.0,True,1.3088496969158907,1.0998439350100204
1386,8602,462.80209,1395,4204.875,2.811259,5,39.934677,1.4110078867654874,1.0857013543543759,4192.978831914796,1.0532625,0.97469372,0.0,True,1.3036842707358411,1.0523990640480632
1387,0,345.93237,1395,5625.4492,0.99573529,2,21.925629,1.0548178388952067,0.0,239.7820469299198,,,,False,1.0548178388952067,0.0
1388,0,461.96609,1395,4212.4844,1.1590194,2,107.20261,1.408460262336375,0.0,320.2104927978019,,,,False,1.408460262336375,0.0
1389,31151,453.58502,1395,4290.3203,3.0303349,5,51.255878,1.3829195839920332,1.2369230989989928,4693.092626419859,1.088029,1.0673286,0.0,True,1.2944524087944231,1.186044749299295
1390,3703,611.87714,1395,3180.418,3.0132213,5,81.976639,1.8652275733849417,1.018777992332245,5028.062790592129,1.2294267,1.3021818,0.0,True,1.6744873113694592,1.1037991346325715
1391,6735,452.68649,1395,4298.8359,3.0154572,5,47.925137,1.3801814209271643,1.053595704912931,3990.598903786178,1.0875714,0.92746985,0.0,True,1.292398414649015,1.0157579484390518
1392,0,611.88312,1395,3180.3867,0.99839991,2,101.62117,1.8652459186171686,0.0,424.12505946022264,,,,False,1.8652459186171686,0.0
1393,3438,451.81284,1395,4307.1484,2.992341,4,53.273464,1.3775190020461026,0.9730196017793712,3679.214404847486,1.0865973,0.65376198,0.0,True,1.2902424914322717,0.8772423152455598
1394,10,432.0311,1395,4504.3633,4.0014935,4,100.98562,1.3172337444778497,0.28500677473262065,1073.5569533052246,1.0863631,0.36075091,0.0,True,1.2479725511344948,0.30773001531283445
1395,8711,461.13739,1395,4220.0547,2.9866853,4,63.790005,1.4059348410707613,1.0867411858508647,4183.701915459071,1.1022856,0.98540658,0.0,True,1.314840068749533,1.0563408040956053
1396,0,628.27094,1395,3097.4297,1.0025278,2,79.413063,1.9151696854542497,0.0,435.48423068874655,,,,False,1.9151696854542497,0.0

metric,value
avg_local_nain,1.394533
avg_local_nach,0.915881
avg_citywide_nain,1.053481
avg_citywide_nach,0.861214
avg_blended_nain,1.294776
avg_blended_nach,0.890234
avg_segment_length,75.7551
blended_nain_nach_pearson_r,0.667512
blended_nain_nach_p_value,1.3739e-180
pct_citywide_matched,96.42
