segment_id,T1024 Choice,T1024 Integration,T1024 Node Count,T1024 Total Depth,Angular Connectivity,Connectivity,Segment Length,local_nain,local_nach,integrated,citywide_nain,citywide_nach,citywide_match_distance_m,citywide_matched,blended_nain,blended_nach
0,0,238.47154,882,3262.125,1.0062386,2,6.6071982,1.0490483871584586,0.0,165.2958755947882,,,,False,1.0490483871584586,0.0
1,0,143.47392,882,5422.0586,0.81663209,2,91.846352,0.6313031106879272,0.0,99.44854313188314,,,,False,0.6313031106879272,0.0
2,0,226.31879,882,3437.293,0.71069539,2,91.663864,0.9956188864204369,0.0,156.87223119623835,0.99210018,0.94335902,3.4806634165496795,True,0.9945632744943058,0.2830077060000001
3,0,266.07986,882,2923.6484,1.0055736,2,29.514391,1.1704157843210428,0.0,184.43250476278496,1.1606859,1.1156805,4.230681420463913,True,1.1674968190247301,0.3347041500000001
4,0,165.17844,882,4709.5977,2.2617979,3,15.302163,0.7267651622152722,0.0,114.49296997529008,0.9163807,0.0,0.0,True,0.7836498235506906,0.0
5,135,156.93468,882,4956.9922,4.3037019,5,16.368662,0.6905082582573137,0.5773372700624285,772.1156322009405,0.87872899,0.8659153,0.0,True,0.7469744777801196,0.6639106790436999
6,470,160.33214,882,4851.9531,3.1893523,5,17.21398,0.7054507936497376,0.7251456123167478,987.1616166939613,0.88475162,0.84998751,0.0,True,0.7592410415548163,0.7625981816217233
7,1187,162.46202,882,4788.3438,2.2768321,4,16.951763,0.7148182280222986,0.8354441204381828,1150.3721018495357,0.8910203,0.88898891,0.0,True,0.7676788496156091,0.8515075573067279
8,0,221.92072,882,3505.4141,1.1464905,2,9.7454185,0.9762819470713777,0.0,153.82372137583306,0.98262185,0.92705292,10.61041374945836,True,0.9781839179499644,0.27811587600000004
9,0,184.31847,882,4220.543,1.8831102,2,55.25174,0.8109390636717267,0.0,127.75982780562285,,,,False,0.8109390636717267,0.0
10,0,314.68573,882,2472.0664,2.0438175,3,101.21142,1.384047358928444,0.0,218.12352651194817,,,,False,1.384047358928444,0.0
11,2529,226.55618,882,3433.6914,2.9693816,4,48.41906,0.9966625834711476,0.9623827125675064,1775.3779980166182,0.94182944,0.72022146,0.0,True,0.9802126404298033,0.8897343367972544
12,0,181.30257,882,4290.75,2.0626426,2,14.963397,0.7976763302623269,0.0,125.66936522377212,0.98262185,0.92705292,9.388778778406627,True,0.8531599861836289,0.27811587600000004
13,0,196.35384,882,3961.8477,2.0015817,3,46.280579,0.8638639337060311,0.0,136.1021105881186,,,,False,0.8638639337060311,0.0
14,2376,196.5197,882,3958.5039,2.9839966,5,46.995281,0.864593282368338,0.9383436540965487,1527.7471107767897,1.0765244,1.0284164,0.0,True,0.9281726176578367,0.9653654778675842
15,0,244.07492,882,3187.2344,2.0074906,3,10.866112,1.073682469602612,0.0,169.17984264339418,,,,False,1.073682469602612,0.0
16,2978,207.35072,882,3751.7305,3.028332,4,54.3876,0.9122192087933867,0.971882486378721,1658.7391132277883,1.031979,0.8780666,0.0,True,0.9481471461553708,0.9437377204651047
17,2460,244.85036,882,3177.1406,4.0040689,6,39.589149,1.0770914211009113,0.968212301498364,1911.9701818989165,1.0089895,0.97780246,0.0,True,1.0566608447706378,0.9710893490488548
18,3806,196.51253,882,3958.6484,3.0445948,5,49.014294,0.8645617386116888,0.9951935385213464,1620.2181793847924,1.0765241,1.0256079,0.0,True,0.9281504470281823,1.0043178469649425
19,2285,207.53244,882,3748.4453,3.0602665,5,42.326572,0.9130182665865315,0.9398124124385339,1605.262633536261,1.0294185,0.80420655,0.0,True,0.947938336610572,0.8991306537069736
20,42,170.09061,882,4573.5859,3.0745201,4,41.573643,0.748368655199677,0.44623682119575686,643.6551231888337,0.96518624,0.83575356,0.0,True,0.8134139306397739,0.5630918428370297
21,1074,206.06256,882,3775.1836,4.026154,5,48.302078,0.9065551027844143,0.8474052555086378,1438.5239143078159,1.0284964,0.18583655,0.0,True,0.94313749194909,0.6489346438560464
22,0,187.96394,882,4138.6875,2.002048,2,14.142704,0.8269701750575488,0.0,130.28667505793874,,,,False,0.8269701750575488,0.0
23,0,239.30515,882,3250.7617,1.0655024,2,172.01453,1.052713165779591,0.0,165.8736900159748,,,,False,1.052713165779591,0.0
24,0,159.69853,882,4871.2031,1.975003,2,197.63794,0.7026641402927787,0.0,110.69458580906785,0.93084425,0.21455894,7.803096941671732,True,0.7711181732049451,0.06436768200000001
25,0,154.22437,882,5044.1055,1.0078677,1,224.15981,0.6785876884130948,0.0,106.9001872391338,0.92510086,0.11941741,8.889244770241007,True,0.7525416398891663,0.035825223
26,1605,187.12553,882,4157.2305,3.0124178,3,46.063148,0.8232833132796088,0.8857810322988371,1381.3839344645457,1.02767,0.79832208,0.0,True,0.8845993192957262,0.859543346609186
27,1584,237.38879,882,3277.0039,2.9830785,4,54.983028,1.0442881957943397,0.9101659896812921,1749.3109673228353,0.9595862,0.86697775,0.0,True,1.0188775970560378,0.8972095177769045
28,0,189.48608,882,4105.4414,0.94276369,1,139.9258,0.8336637661424955,0.0,131.34174210735623,0.87488186,0.0,10.915710464266576,True,0.8460291942997468,0.0
29,3206,238.47212,882,3262.1172,1.9873055,4,196.46143,1.049050893985548,0.9977802961100646,1925.2815216284823,1.1526986,1.0527326,0.0,True,1.0801452057898837,1.0142659872770452
30,0,239.41591,882,3249.2578,1.9800205,2,294.61612,1.0532001081961584,0.0,165.95046299769362,1.0039678,0.84241974,0.8341871455753821,True,1.038430415737311,0.25272592200000005
31,2304,191.98946,882,4051.9102,2.9588094,4,49.800293,0.8446721554743872,0.9320089837844312,1486.6261684965223,1.0266293,0.77004743,0.0,True,0.899259298832071,0.8834205176491018
32,7985,238.71623,882,3258.7812,1.9998109,4,13.78401,1.050124144095778,1.1106815086447148,2145.001513900778,1.1521626,1.0417008,0.0,True,1.0807356808670445,1.0899872960513004
33,1781,171.12099,882,4546.0469,3.1110544,4,28.507143,0.752900122189506,0.8887311180785599,1281.0207351608324,0.9095937,0.90420592,0.0,True,0.7999081955326541,0.893373558654992
34,2047,166.02339,882,4685.6289,2.8532336,5,26.26778,0.7304812603091521,0.9020126902382982,1265.9461378638548,0.91857004,0.91904861,0.0,True,0.7869078942164065,0.9071234661668088
35,1522,143.91612,882,5405.3984,2.677,4,56.32391,0.6332481562175267,0.8525693417069528,1054.774733636913,0.79817742,0.7292558,0.0,True,0.6827269353522687,0.8155752791948669
36,0,169.8369,882,4580.418,3.8359571,4,22.703274,0.7472528841178618,0.0,117.72196839004138,0.93144107,0.0,0.0,True,0.8025093398825033,0.0
37,141,173.30466,882,4488.7656,3.9553161,5,23.923843,0.7625036289432706,0.589277810944526,860.0841012800189,0.9405278,0.77950978,0.0,True,0.8159108802602895,0.6463474016611682
38,5391,266.08771,882,2923.5625,1.9996631,4,95.175507,1.1704501499228281,1.0765622290567534,2286.4536668555343,1.1606859,1.1083635,0.0,True,1.1675208749459798,1.0861026103397275
39,4065,226.49074,882,3434.6836,3.3716233,5,36.434566,0.9963748384441338,1.020615381884322,1882.2877384679978,0.99184197,0.83496088,0.0,True,0.9950149779108937,0.9649190313190253
40,4309,203.61317,882,3820.5977,3.000879,4,15.721943,0.8957848393864738,1.0145165337463138,1704.023384323068,1.0205725,0.98278475,0.0,True,0.9332211375705317,1.0049969986224196
41,6575,207.62764,882,3746.7266,3.292906,5,20.309332,0.9134368632627421,1.0682602764351545,1825.3239294809352,1.0302541,1.0035032,0.0,True,0.9484820342839195,1.0488331535046083
42,209,168.17833,882,4625.5898,2.8045905,4,16.260658,0.7399586425602381,0.6335429816706482,900.0665632849219,0.92497039,0.84419453,0.0,True,0.7954621667921667,0.6967384461694537
43,9318,208.62798,882,3728.7617,3.8476348,6,20.653526,0.917835375744745,1.1112723932886193,1906.842610445029,1.0324819,1.0300875,0.0,True,0.9522293330213216,1.0869169253020337
44,4648,179.38564,882,4336.6016,2.8580265,4,20.935144,0.7892462554601934,1.0082227073029153,1514.844011466424,0.88868421,0.88855416,0.0,True,0.8190776418221355,0.9723221431120407
45,81,176.29584,882,4412.6055,3.9139407,5,16.641542,0.7756582251196861,0.5250532135667234,779.0232167776119,0.94170338,0.78415877,0.0,True,0.8254717715837803,0.6027848804967064
46,6303,185.94235,882,4183.6836,2.3409142,4,32.605885,0.8180802454188376,1.0490757692384631,1626.8278886881976,0.90207279,0.90113658,0.0,True,0.8432780087931864,1.0046940124669241
47,5698,228.10669,882,3410.3516,3.3135102,5,26.381392,1.0034795554870735,1.063007705878457,1972.7171702184703,0.99433047,0.84690303,0.0,True,1.0007348298409515,0.99817630311492
48,0,159.22012,882,4885.8398,0.77003157,2,31.625576,0.7005600033645956,0.0,110.36297726641617,0.83817416,0.0,0.0,True,0.741844250355217,0.0
49,10829,209.67706,882,3710.1055,3.9671755,5,102.8799,0.9224482080947333,1.1302311991158527,1947.9350443375624,1.0347068,1.0404443,0.0,True,0.9561257856663132,1.1032951293810969
50,8261,197.2047,882,3944.7539,3.0570045,4,24.053623,0.86760541789383,1.0891835091231628,1778.6962708015583,0.92060804,0.92730749,0.0,True,0.8835062045256811,1.040620703386214
51,16966,232.47581,882,3346.2578,1.9153488,4,54.660316,1.022688595464066,1.1999054644045448,2264.101556922886,0.99305898,0.96680027,0.0,True,1.0137997108248462,1.1299739060831815
52,0,168.08607,882,4628.1289,3.045208,3,243.94066,0.7395528592591891,0.0,116.50838551190161,0.92920941,0.0,0.0,True,0.7964498244814324,0.0
53,50,191.89732,882,4053.8555,3.00702,3,42.384972,0.84426702744553,0.47324846925506675,758.2330802626102,0.91104901,0.24426779,0.0,True,0.864301622211871,0.4045542654785467
54,30,191.03931,882,4072.0625,3.0739236,4,50.307266,0.8404939950561887,0.4131042173644099,662.0917955130868,1.0291728,0.85645205,0.0,True,0.8970976365393322,0.5461085671550869
55,5466,239.38281,882,3249.707,2.9118028,4,44.534424,1.0530546161550238,1.0642051261107182,2060.2884179374946,1.0027092,0.92423224,0.0,True,1.0379509913085165,1.0222132602775027
56,9544,238.94508,882,3255.6602,3.1496835,5,47.327744,1.0511302150953632,1.1328584300503182,2189.66344176607,1.1516266,1.0223454,0.0,True,1.0812791305667542,1.0997045210352228
57,56831,325.90082,882,2386.9961,3.1699877,5,99.816956,1.4333322129465194,1.4073516727537787,3567.920599558384,1.1235986,1.1576241,0.0,True,1.3404121290625635,1.332433400927645
58,66073,326.61652,882,2381.7656,3.1106207,5,67.725365,1.4364772554539773,1.4271230478298516,3624.968386487331,1.1242403,1.1662539,0.0,True,1.3428061688177841,1.3488623034808962
59,78081,327.56094,882,2374.8984,1.7776897,4,29.426998,1.4406274440395113,1.4491323516919412,3690.1468241667367,1.1242534,1.1790849,0.0,True,1.3457152308276579,1.368118116184359
60,2932,247.27031,882,3146.0469,3.0737309,5,51.563896,1.08773000387434,0.9911762477886416,1974.23631180628,1.139956,0.91078484,0.0,True,1.103397802712038,0.9670588254520491
61,79720,328.98788,882,2364.5977,1.0502342,3,58.418015,1.4468978258254894,1.452615727237086,3713.0561935721253,1.1261603,1.1809105,0.0,True,1.3506765680778425,1.3711041590659603
62,80452,329.27563,882,2362.5312,1.826334,4,25.185442,1.4481623531690357,1.4539555241360747,3719.313409093446,1.1308749,1.2051579,0.0,True,1.352976117218325,1.3793162368952523
63,734,239.69052,882,3245.5352,2.0907202,3,57.313416,1.0544073753946082,0.8162136511984497,1582.252279797786,1.1243945,0.80547386,0.0,True,1.0754035127762258,0.8129917138389148
64,0,190.23689,882,4089.2383,1.981986,2,43.36026,0.8369654406915392,0.0,131.86216394199243,1.0077055,0.0,0.0,True,0.8881874584840774,0.0
65,0,162.32536,882,4792.375,2.0238662,2,58.921539,0.7142171955121582,0.0,112.51536561737811,0.92749304,0.0,0.0,True,0.7781999488585107,0.0
66,734,198.91025,882,3910.9297,2.8877325,3,44.957272,0.875105184418111,0.7978280216866556,1313.0523332238904,1.0303074,0.80020911,0.0,True,0.9216658490926777,0.7985423481806588
67,730,194.24863,882,4004.7852,2.7733355,3,97.602898,0.8546065975120414,0.7948912958695818,1281.2213286176805,0.91302896,0.79326332,0.0,True,0.8721333062584289,0.7944029031087073
68,0,162.39963,882,4790.1836,1.9768591,2,54.574638,0.7145437972646965,0.0,112.56684565847831,0.83954275,0.0,0.0,True,0.7520434830852876,0.0
69,0,194.89267,882,3991.5508,3.197176,3,120.17208,0.8574387151237951,0.0,135.08930472229983,0.91511369,0.0,0.0,True,0.8747412075866565,0.0
70,19876,239.183,882,3252.4219,2.257555,4,59.710903,1.0521761381748334,1.2236924011585013,2367.2823787986695,0.99673951,0.9891088,0.0,True,1.0355451497223833,1.1533173208109508
71,18656,267.83945,882,2904.4414,3.0358684,5,183.78313,1.1781503892470027,1.2330960832150122,2633.9412634929417,1.1579598,1.0612059,0.0,True,1.1720932124729018,1.1815290282505084
72,22086,246.28717,882,3158.6055,3.4974344,5,47.743317,1.0834079314022593,1.2412146634511168,2463.558780521602,1.0086315,1.0046747,0.0,True,1.0609750019815816,1.1702526744157817
73,93740,330.94183,882,2350.6367,3.7483771,6,137.1109,1.4554839966296556,1.4745889144958626,3788.7218841656027,1.1309327,1.2072053,0.0,True,1.358118607640759,1.3943738301471038
74,4387,248.8091,882,3126.5898,4.3765612,5,16.330299,1.094494735849872,1.0419910540973216,2086.7262647903085,1.0454363,0.92575246,0.0,True,1.0797772050949104,1.0071194758681252
75,103458,330.30621,882,2355.1602,4.4333568,6,92.235001,1.4526908551797217,1.4869263978717948,3814.0261019765776,1.1309239,1.2027502,0.0,True,1.3561607686258053,1.4016735385102563
76,92,184.90907,882,4207.0625,3.0166667,3,41.546413,0.8135362843230776,0.5431363770064859,840.0964129253989,0.91588479,0.3603217,0.0,True,0.8442408360261544,0.4882919739045401
77,157,191.20952,882,4068.4375,1.9346932,3,50.618683,0.8412425118267026,0.6090888409903045,969.2227394325134,0.92991906,0.63991034,0.0,True,0.8678454762786918,0.6183352906932131
78,9925,245.35382,882,3170.6211,3.0199184,4,30.349951,1.0793047637278854,1.1414283612166871,2257.9945414352273,1.0093694,1.0059975,0.0,True,1.0583241546095197,1.100799102851681
79,106901,330.4328,882,2354.2578,3.073993,5,69.900887,1.4532472069624995,1.4912155350477176,3826.3051471509175,1.1298805,1.1999408,0.0,True,1.3562371948737497,1.4038331145334024
80,10944,318.69785,882,2440.9453,3.0208709,5,66.034821,1.401678976084157,1.1921802549063958,2964.1224541938723,1.1185402,1.1237997,0.0,True,1.31673734325891,1.171666088434477
81,55515,323.68509,882,2403.3359,3.0001864,5,107.75581,1.4235953767345357,1.4031110051287934,3536.079820324799,1.1206838,1.1523703,0.0,True,1.3327219037141749,1.3278887935901553
82,0,235.19055,882,3307.6328,2.0156813,2,95.667793,1.0346238612131242,0.0,163.02166662684283,0.9999361,0.0,0.0,True,1.024217532849187,0.0
83,52361,319.81613,882,2432.4102,3.0477979,5,88.215157,1.4065932958765963,1.3934492041725772,3475.1078412486063,1.0664215,1.0864167,0.0,True,1.3045417571136173,1.301339452920804
84,167,241.76288,882,3217.7148,4.0955153,5,187.37978,1.0635181310883821,0.6343613342193435,1240.2190874281011,1.0046971,0.48144454,0.0,True,1.0458718217618674,0.5884862959535404
85,0,172.08224,882,4520.6523,2.0810516,2,205.29988,0.75712764094945,0.0,119.27831948043985,1.0053042,0.15524858,6.490114655855639,True,0.8315806086646149,0.04657457400000001
86,0,172.05771,882,4521.2969,2.3201931,2,138.95361,0.757019745206998,0.0,119.2613165801007,,,,False,0.757019745206998,0.0
87,0,171.66705,882,4531.5859,2.0411758,2,9.7537174,0.7553016844201857,0.0,118.99053170254315,,,,False,0.7553016844201857,0.0
88,0,234.83031,882,3312.707,2.0121517,2,112.51181,1.033040044484657,0.0,162.77196728651793,0.95701021,0.0,0.0,True,1.0102310941392598,0.0
89,53189,320.20026,882,2429.4922,1.6417038,4,42.845421,1.4082813289442606,1.3956757749422593,3484.30539431272,1.0668795,1.0885967,0.0,True,1.3058607802609825,1.3035520524595814
90,52486,320.02274,882,2430.8398,2.4675303,4,15.234357,1.4075012529528674,1.3938702764554107,3478.11589837612,1.067939,1.0791698,0.0,True,1.3056325770670072,1.2994601335187874
91,12755,236.09087,882,3295.0195,2.9475281,4,101.78055,1.0385819879844824,1.1669752729086706,2231.96422903561,0.96174121,0.92318225,0.0,True,1.0155297545891377,1.0938373660360694
92,2778,246.32129,882,3158.168,2.9891837,4,41.21209,1.0835579205705532,0.9840110093405098,1953.3786227965777,0.97300518,0.88763154,0.0,True,1.0503920983993873,0.9550971685383568
93,55023,320.20126,882,2429.4844,1.2764516,4,14.307494,1.4082858465937944,1.4000242374594074,3495.170592211633,1.0681278,1.0885215,0.0,True,1.3062384326156562,1.306573416221585
94,10946,236.05644,882,3295.5,2.4814348,4,18.109512,1.0384306495022302,1.1480761129315917,2195.540192035134,0.96174055,0.88966411,0.0,True,1.0154236196515611,1.0705525120521142
95,1970,246.28442,882,3158.6406,2.0288033,4,133.8349,1.0833958997848738,0.94136256959756,1868.5115083114658,0.97300428,0.88156611,0.0,True,1.0502784138494117,0.923423631718292
96,9486,236.4084,882,3290.5938,2.0864923,4,66.647522,1.039977985360236,1.1306145429682357,2164.976855238765,0.96176505,0.83020937,0.0,True,1.0165141047521653,1.040492991077765
97,595,200.7485,882,3875.1172,2.9862576,4,49.837933,0.8831884335953537,0.7733461722802462,1283.1677726378948,0.89043623,0.53802282,0.0,True,0.8853627725167476,0.7027491665961723
98,0,244.87895,882,3176.7695,1.9984185,3,6.2971144,1.0772171642937949,0.0,169.7371537709798,,,,False,1.0772171642937949,0.0
99,0,244.6918,882,3179.1992,2.013324,3,9.9263906,1.076394419668408,0.0,169.60743127613802,,,,False,1.076394419668408,0.0
100,0,160.51772,882,4846.3438,1.9430304,2,0.89084834,0.7062669662026864,0.0,111.26240504791073,,,,False,0.7062669662026864,0.0
101,3198,196.12566,882,3966.457,3.0725269,5,188.69772,0.8628605694186945,0.9739583594927896,1582.9117834615297,1.0764614,1.0351549,0.0,True,0.9269408185930861,0.9923173216449527
102,5694,245.45543,882,3169.3086,4.0338449,6,98.937881,1.079751452360582,1.0725767073625874,2122.580605792016,1.011011,0.9079327,0.0,True,1.0591293166524074,1.0231835051538112
103,0,193.78006,882,4014.4688,0.99886185,2,15.06233,0.8525461636185506,0.0,134.31810223773704,,,,False,0.8525461636185506,0.0
104,0,352.8819,882,2204.4883,1.2069025,2,31.778919,1.551889065867063,0.0,244.59909405563653,1.2183965,1.3373752,1.3774777363309545,True,1.451841296106944,0.4012125600000001
105,8953,244.84192,882,3177.25,2.9492798,5,41.80125,1.0770543577049945,1.1283542615376239,2228.0534692181536,1.0097375,0.92398345,0.0,True,1.056859300393496,1.0670430180763366
106,5301,196.24084,882,3964.1289,3.9791851,6,194.70546,0.8633670647299445,1.0350046521576106,1682.9669340968912,1.0764636,1.0346928,0.0,True,0.9272960253109611,1.0349110965103274
107,1646,192.93021,882,4032.1523,2.9595857,4,49.272873,0.8488090711730452,0.8920739187469979,1429.0953614175837,0.91353983,0.8479389,0.0,True,0.8682282988211316,0.8788334131228985
108,0,190.34126,882,4086.9961,1.076719,2,40.889,0.8374243904839146,0.0,131.9345077132275,0.90856534,0.0,0.0,True,0.8587666753387402,0.0
109,1238,203.46651,882,3823.3516,2.9511809,4,49.777672,0.8951399569999275,0.8633148276444949,1449.2648202205169,0.96857172,0.84290326,0.0,True,0.9171694858999493,0.8571913573511464
110,5353,244.88678,882,3176.668,3.0064149,5,203.98907,1.0772515615766112,1.0646121996776607,2102.545483117071,1.0089895,0.98876667,0.0,True,1.0567729431036277,1.0418585407743626
111,27,170.93607,882,4550.9648,1.9885938,3,201.46461,0.7520868746302638,0.3955724135803525,575.5923157052761,0.9632414,0.73866093,0.0,True,0.8154332322411846,0.49849896850624675
112,357,191.95911,882,4052.5508,2.9970763,3,47.333355,0.8445387012375338,0.7078291974385245,1129.3573295372842,0.91065753,0.56600827,0.0,True,0.8643743498662737,0.6652829192069671
113,1786,258.73056,882,3006.6953,4.0172706,5,144.75325,1.138109620716197,0.934915477589343,1937.5951189945733,1.0775006,0.89683056,0.0,True,1.1199269145013377,0.9234900023125401
114,641,260.54047,882,2985.8086,1.3406185,3,49.150021,1.14606573752201,0.8078079584285458,1684.6923855408897,1.0773971,0.7993632,0.0,True,1.125465146265407,0.8052745308999821
115,115,202.97214,882,3832.6641,2.0145044,3,101.27771,0.8929661053581209,0.576046269411987,966.5886345981211,0.96680546,0.41072893,0.0,True,0.9151179117506847,0.5264510675883909
116,12897,244.88557,882,3176.6836,3.0905371,4,262.96906,1.0772462747577658,1.1736355813261865,2317.818672564531,1.0098966,0.94971651,0.0,True,1.0570413723304362,1.1064598599283304
117,0,194.1653,882,4006.5039,2.1105497,3,162.47997,0.8542401734306916,0.0,134.58513025757594,1.1105599,1.0046567,1.7719311917007758,True,0.9311360914014841,0.30139701
118,4942,259.24252,882,3000.7578,3.8867965,6,100.04685,1.1403600605861732,1.0622042963871658,2205.0987279200103,1.0784495,0.93512768,0.0,True,1.1217868924103214,1.024081311471016
119,0,268.35483,882,2898.8633,1.9926728,2,58.020405,1.1804158667985505,0.0,186.00939380414343,1.0732555,0.91924149,4.32258099954676,True,1.1482677567589854,0.27577244700000003
120,9575,245.95532,882,3162.8672,3.8794632,6,41.687168,1.0819490519961166,1.1373210819547612,2254.7018517954843,1.0111934,0.91629916,0.0,True,1.0607223563972816,1.0710145053683329
121,4473,223.62598,882,3478.6836,2.7112641,5,16.559879,0.9837794698528772,1.0307490561031483,1879.8584953036884,1.0424069,0.88242292,0.0,True,1.0013676988970142,0.9862512152722038
122,3514,230.44933,882,3375.6836,2.5011518,4,35.829185,1.013779107887312,1.0048679610756717,1881.6370445885248,1.0964922,0.95687914,0.0,True,1.0385930355211184,0.9904713147529702
123,3112,224.72899,882,3461.6094,2.1368821,3,60.504528,0.9886291066000699,0.9868701418259211,1807.6443410835052,1.0524459,0.92933291,0.0,True,1.0077741446200488,0.9696089722781447
124,0,201.64102,882,3857.9648,1.999959,3,30.986481,0.8871130293036879,0.0,139.76690449823153,0.96646398,0.0,0.0,True,0.9109183145125814,0.0
125,10105,259.48572,882,2997.9453,4.1143622,6,87.311775,1.141429167636358,1.151648569796308,2392.7135509285367,1.0781037,0.88463861,0.0,True,1.1224315273454506,1.0715455818574156
126,3162,353.49762,882,2200.6484,1.8013247,4,60.915562,1.5545944903115738,1.046948910710104,2849.046706432004,1.2181233,1.3373733,0.0,True,1.4536531332181017,1.1340762274970728
127,13074,259.48572,882,2997.9453,3.9952033,5,48.308834,1.141429167636358,1.1838182854412964,2459.54415929334,1.0781037,0.98551619,0.0,True,1.1224315273454506,1.1243276568089073
128,28,182.91452,882,4252.9375,2.2458353,3,134.14224,0.8047650680494376,0.4029760031512626,622.12838649199,0.89380765,0.24661393,0.0,True,0.8314778426346063,0.35606738120588377
129,664,183.43378,882,4240.8984,2.3528244,3,40.95805,0.8070485653706918,0.7781159094482353,1192.5561391421784,0.91099519,0.85110372,0.0,True,0.8382325527594843,0.8000122526137646
130,2009,201.64102,882,3857.9648,3.0035615,5,51.798584,0.8871130293036879,0.9209579520326253,1533.7597117888952,0.96646398,0.87161523,0.0,True,0.9109183145125814,0.9061551354228377
131,0,157.13405,882,4950.7031,1.0036985,1,161.44373,0.6913850876168216,0.0,108.91702372746548,0.96947312,0.081799418,2.3690915883919983,True,0.7748114973317751,0.024539825400000003
132,1599,191.26462,882,4067.2656,3.0066938,3,56.319893,0.8414847796451536,0.887660624123249,1411.2237570805057,0.9263103,0.0,0.0,True,0.8669324357516075,0.6213624368862742
133,18494,354.00912,882,2197.4688,2.0242071,4,99.002388,1.5568418459646274,1.2765998240744438,3478.2492659262407,1.2178513,1.3370813,0.0,True,1.4551446821752392,1.2947442668521107
134,2421,258.77832,882,3006.1406,3.0077715,5,187.43359,1.1383194877040002,0.972899266827667,2016.5977862732097,1.0771294,0.92810726,0.0,True,1.1199624613928,0.959461664779367
135,14,201.64102,882,3857.9648,3.0078368,4,47.572186,0.8871130293036879,0.32790381754972897,559.0676179929261,0.96646398,0.20158674,0.0,True,0.9109183145125814,0.29000869428481024
136,2403,258.87653,882,3005.0,3.0355394,4,48.518257,1.1387512692828745,0.9720139180097698,2015.432790646936,1.0775663,0.94514441,0.0,True,1.120395778498012,0.9639530656068389
137,22778,357.04675,882,2178.7734,2.0873344,4,49.471123,1.5701883867134494,1.3051162303600168,3582.477923196998,1.2163731,1.3365095,0.0,True,1.4640438006994145,1.3145342112520118
138,1612,243.272,882,3197.7539,3.0721936,3,46.009853,1.0701526347803196,0.9150937245342409,1796.921536336546,1.0093602,0.87035125,0.0,True,1.0519149043462237,0.9016709821739686
139,0,187.76527,882,4143.0664,1.0722165,1,23.628683,0.8260965534191693,0.0,130.14896750757686,0.90427649,0.0,0.0,True,0.8495505343934184,0.0
140,1609,242.97993,882,3201.5977,3.0841875,3,46.626041,1.0688686244011238,0.9147270526176886,1794.3121139816144,1.0082099,0.87025446,0.0,True,1.0506710070807868,0.9013852748323821
141,0,187.12589,882,4157.2227,1.0841954,1,33.601143,0.8232848572243087,0.0,129.70578306327045,0.90232944,0.0,0.0,True,0.8469982320570162,0.0
142,0,244.18236,882,3185.832,1.0033479,2,158.14151,1.0741548070078988,0.0,169.25431437647356,,,,False,1.0741548070078988,0.0
143,0,234.94333,882,3311.1133,2.0833845,3,227.13519,1.0335369655887119,0.0,162.8503067808648,,,,False,1.0335369655887119,0.0
144,0,234.86603,882,3312.2031,2.0067415,3,153.43663,1.0331971105613906,0.0,162.79672650380752,,,,False,1.0331971105613906,0.0
145,0,196.70119,882,3954.8516,2.0064416,2,180.1313,0.8653913294937834,0.0,136.3428752612861,,,,False,0.8653913294937834,0.0
146,3547,228.04817,882,3411.2266,1.9266258,4,11.475559,1.0032223078109153,1.004723999026506,1864.1617846703243,0.98262185,0.92705292,0.0,True,0.9970421704676407,0.9814226753185542
147,3810,231.88112,882,3354.8398,3.1864042,5,48.721382,1.020074019240836,1.0155921841282658,1912.0706757341934,0.9517585,0.85496819,0.0,True,0.9995793634685852,0.9674049858897861
148,4529,228.563,882,3403.543,3.2078357,5,40.680775,1.0054857820716414,1.035043410940874,1924.2028583269553,0.9867636,0.97862917,0.0,True,0.999869127450149,1.0181191386586117
149,9721,314.68274,882,2472.0898,3.9386554,6,47.61269,1.3840342685757014,1.1750843467151009,2889.4954294462705,1.0620149,1.0082126,0.0,True,1.287428458002991,1.1250228227005707
150,0,317.05896,882,2453.5625,1.9118979,3,43.935665,1.3944768527510922,0.0,219.76852419526847,1.1171355,1.1057024,4.509831024033371,True,1.3112744469257644,0.33171072
151,7834,316.96259,882,2454.3086,3.1428707,5,35.747353,1.3940532825287524,1.1485283249746026,2842.03992180525,1.1171294,1.1196734,0.0,True,1.3109761177701267,1.1398718474822218
152,0,211.84077,882,3672.2109,1.065015,2,2.272918,0.9319620348232062,0.0,146.83683245314785,,,,False,0.9319620348232062,0.0
153,0,158.28781,882,4914.6172,1.9915068,2,18.924265,0.6964595630372858,0.0,109.71674921850831,,,,False,0.6964595630372858,0.0
154,0,191.99445,882,4051.8047,1.0114228,2,47.552189,0.8446941380115336,0.0,133.08041170065738,0.8850438,0.0,0.0,True,0.8567990366080735,0.0
155,78,209.80098,882,3707.9141,4.1220498,5,109.64845,0.9229930867492603,0.5316255062528853,919.3534823406823,1.0242126,0.3585467,0.0,True,0.9533589407244822,0.47970186437701967
156,7854,244.88678,882,3176.668,1.9951133,4,36.957424,1.0772515615766112,1.1121420902387633,2196.3975743591227,1.0089895,0.99882126,0.0,True,1.0567729431036277,1.0781458411671343
157,15335,246.31367,882,3158.2656,4.1338787,6,57.267887,1.0835244565309965,1.1959652446853304,2373.9769370357767,1.0112906,0.94281942,0.0,True,1.0618542995716975,1.1200214972797313
158,1273,259.66266,882,2995.9023,2.6338873,4,24.868202,1.1422070248031777,0.8930696236075759,1856.7701613443528,1.077378,0.85286206,0.0,True,1.1227583173622244,0.8810073545253032
159,1600,258.85266,882,3005.2773,3.0286059,5,68.527367,1.1386462654220826,0.92124741177104,1910.0758819982061,1.0771527,0.9014104,0.0,True,1.1201981957954579,0.915296308239728
160,579,243.86153,882,3190.0234,3.9850903,4,101.38866,1.0727443497856575,0.7886040569870817,1552.1178576345649,1.0095919,0.63518381,0.0,True,1.0537986148499603,0.7425779828909571
161,107030,332.87903,882,2336.957,1.9989281,4,96.689575,1.463996587681434,1.4927869597662182,3855.0331442403617,1.1294752,1.1958228,0.0,True,1.3636401713770039,1.4036977118363527
162,95664,332.76334,882,2337.7695,2.0828457,4,35.433464,1.4634882054551117,1.4782495997681837,3816.3357098648835,1.1294733,1.1927458,0.0,True,1.3632837338185784,1.3925984598377288
163,17659,246.31306,882,3158.2734,4.0062027,5,100.69535,1.0835217822399807,1.2134737398264428,2408.7235174927323,1.0112906,0.94638538,0.0,True,1.0618524275679866,1.13334723187851
164,93738,331.86005,882,2344.1328,2.0504713,4,87.413315,1.4595188587507084,1.4751119299035802,3799.2268633062704,1.129068,1.1923931,0.0,True,1.3603836011254957,1.3902962809325063
165,2477,239.40987,882,3249.3398,2.2871559,4,71.181877,1.0531735460973977,0.9663758472923996,1871.1343014451759,0.97960299,0.90883833,0.0,True,1.0311023792681784,0.9491145921046797
166,26,224.45924,882,3465.7695,3.4653387,4,61.326988,0.9874431004522083,0.40432000833018816,747.9440918784985,0.94622087,0.29508281,0.0,True,0.9750764313165459,0.3715488488311317
167,3178,213.84068,882,3637.8672,2.3772449,4,44.478645,0.9407554942481429,0.9834566352778322,1724.547347932363,0.96742183,0.72415525,0.0,True,0.9487553949737,0.9056662196944825
168,6340,231.66855,882,3357.918,2.4027755,4,58.14064,1.0191394750507612,1.0781803846986922,2028.2464455859117,0.95875335,0.42701447,0.0,True,1.0010236375355328,0.8828306102890845
169,52081,319.61389,882,2433.9492,2.7330835,4,86.044876,1.4057046291168978,1.3926487918812882,3471.1966573486325,1.0683074,1.0790799,0.0,True,1.3044854603818283,1.2985781243169017
170,7,225.79353,882,3445.2891,4.2217178,4,28.735909,0.9933095157970951,0.25528297440870884,496.119093519503,0.95753682,0.15468638,0.0,True,0.9825777070579665,0.2251039960860962
171,1828,238.44385,882,3262.5039,4.3190622,5,29.216949,1.0489266276366231,0.9283608228670154,1791.207189331305,0.9751088,0.85609269,0.0,True,1.0267812793456361,0.9066803830069108
172,56,163.68651,882,4752.5234,3.1417303,4,119.14489,0.7202036415960439,0.4775034418700387,664.6397454502365,0.81244177,0.35771567,0.0,True,0.7478750801172307,0.44156711030902707
173,1538,239.62073,882,3246.4805,3.957233,5,13.213088,1.0541005453884067,0.9075761639734555,1758.7053804361046,0.97489208,0.87934679,0.0,True,1.0303380057718847,0.899107351781419
174,2631,200.74365,882,3875.2109,3.0785654,5,50.376461,0.8831670897070891,0.9530892092627647,1581.0327294362214,0.89043611,0.89560008,0.0,True,0.8853477957949624,0.9358424704839354
175,2423,207.88123,882,3742.1562,2.6765847,4,26.195374,0.9145518733255851,0.947127771177023,1620.140410796653,0.96832728,0.89592844,0.0,True,0.9306844953279095,0.931767971823916
176,110378,333.09116,882,2335.4688,1.969371,4,23.022642,1.4649286727307778,1.496880045074641,3867.7493720538773,1.1296036,1.2008003,0.0,True,1.3643311509115446,1.4080561215522487
177,2200,213.65646,882,3641.0039,4.2470541,5,76.116936,0.9399454847505389,0.9385219867894405,1644.5396928411426,0.97945672,0.85481077,0.0,True,0.9517988553253771,0.9134086217526083
178,4823,243.12915,882,3199.6328,2.6811063,4,31.574928,1.0695246084228036,1.0507487631510823,2062.1159355975387,1.0411236,0.89983481,0.0,True,1.0610043058959624,1.0054745772057576
179,3,190.93674,882,4074.25,4.757988,5,52.690636,0.8400429479873913,0.1667586520696614,307.30082823257254,0.92955244,0.10289721,0.0,True,0.866895795591174,0.14760021944876298
180,950,218.03925,882,3567.8164,4.5939579,5,60.489857,0.9592160164689713,0.8382705875240282,1495.436376262133,0.98523438,0.76185578,0.0,True,0.9670215255282799,0.8153461452668198
181,42524,314.11096,882,2476.5898,3.0227356,4,96.944725,1.3815214872318136,1.3636200245286196,3347.7540701846046,1.0657988,0.92908627,0.0,True,1.2868046810622695,1.2332598981700338
182,12776,268.81888,882,2893.8594,2.6113296,4,106.3224,1.182455566293586,1.1861683969796304,2541.8116029149983,1.1567783,0.97820807,0.0,True,1.1747523864055103,1.1237802988857413
183,13056,263.22311,882,2955.3789,1.1188525,2,36.553921,1.1578580839721293,1.1857619171685363,2494.6065425406773,1.0827112,0.96312124,0.0,True,1.1353140187804907,1.1189697140179755
184,13607,288.24426,882,2698.8359,1.5123403,3,29.777653,1.2678389926369107,1.204605218405713,2743.6491313985766,1.0765809,0.956276,0.0,True,1.2104615648458374,1.130106452883999
185,0,193.99242,882,4010.0742,1.8447104,3,51.079563,0.8534799946455636,0.0,134.46529897300076,0.93908006,0.0,0.0,True,0.8791600142518945,0.0
186,287,241.55673,882,3220.4609,3.1129808,4,52.721714,1.062611827728803,0.701016669131315,1368.763501565169,0.95767629,0.53958005,0.0,True,1.0311311664101621,0.6525856833919205
187,93135,331.53244,882,2346.4492,1.9961158,4,64.699272,1.458079257892231,1.474093032920633,3793.3367591966758,1.1292547,1.1920062,0.0,True,1.3594318905245615,1.3894669830444433
188,3766,253.47993,882,3068.9766,3.8978567,4,105.49277,1.1150280554835892,1.0253992264237923,2087.2296952553115,1.0085092,0.73527431,0.0,True,1.0830723988385125,0.9383617514966547
189,89027,331.48221,882,2346.8047,1.9305682,4,96.028374,1.4578585723766662,1.4682527361279183,3777.809083205058,1.1292539,1.1897871,0.0,True,1.3592771706636664,1.3847130452895429
190,219,241.06287,882,3227.0586,2.4213614,4,64.397133,1.060440670458444,0.6675070494151123,1301.2965935548227,0.95830679,0.41424513,0.0,True,1.0298005063209108,0.5915284735905786
191,7329,252.89861,882,3076.0312,2.0442123,4,42.539154,1.112472500841968,1.1079831336829062,2250.764046903021,0.97336787,0.97337013,0.0,True,1.0707411115893777,1.0675992325780344
192,0,286.35513,882,2716.6406,1.0037532,2,13.015533,1.2595357645779304,0.0,198.4862509983766,1.0589496,0.0,0.0,True,1.199359915204551,0.0
193,6150,244.11801,882,3186.6719,2.2107139,4,21.596281,1.0738718733443864,1.081398512791152,2129.815514810902,0.96100116,0.95436114,0.0,True,1.0400106593410705,1.0432873009538064
194,2355,241.77286,882,3217.582,3.0605378,5,144.45943,1.0635619986487699,0.9612994254711289,1877.401291497291,0.95789832,0.87073904,0.0,True,1.031862895054139,0.9341313098297903
195,3492,286.37326,882,2716.4688,3.0091166,5,46.975071,1.2596153638892613,1.0316538095658698,2336.462866956161,1.0589499,0.91397822,0.0,True,1.199415724722483,0.9963511326961089
196,1588,190.55235,882,4082.4688,3.0157456,3,46.729233,0.838352607010636,0.8864329744255933,1404.6546082029242,0.8697589,0.860641,0.0,True,0.8477744949074452,0.8786953820979153
197,0,157.63504,882,4934.9688,0.9706853,1,44.983356,0.6935885571595275,0.0,109.2642835334542,0.79772168,0.0,0.0,True,0.7248284940116693,0.0
198,8575,249.95111,882,3112.3047,4.2003956,5,78.442574,1.0995151074118097,1.1258864105576036,2263.7670813653795,1.0508051,0.96871066,0.0,True,1.0849021051882668,1.0787336853903224
199,10980,253.52641,882,3068.4141,2.9265761,4,172.01018,1.115232328673062,1.158660691506374,2358.812975906452,1.0212269,1.021059,0.0,True,1.0870307000711434,1.1173801840544617
200,3350,246.22231,882,3159.4375,3.0910027,4,58.900242,1.083122809397182,1.0071863768232812,1998.6634252874244,0.97292292,0.92622769,0.0,True,1.0500628425780274,0.9828987707762968
201,673,165.26137,882,4707.2344,1.8550153,3,13.562593,0.7271298847926542,0.770113572391171,1076.6303444499808,0.81585234,0.79205608,0.0,True,0.7537466213548578,0.7766963246738197
202,1331,193.30701,882,4024.293,2.8566093,3,46.411003,0.8504659414338708,0.8667108906085818,1390.8801472536588,0.88185781,0.84926188,0.0,True,0.8598835020037097,0.8614761874260073
203,6384,250.15581,882,3109.7578,2.0567811,3,106.27792,1.1004150344649586,1.0893222417221267,2191.831029250872,1.0130228,0.97813153,0.0,True,1.074197364125471,1.0559650282054887
204,6119,245.77562,882,3165.1797,1.810281,3,33.396114,1.0811590724497266,1.081678706071226,2143.0357900762433,0.97261977,0.96798235,0.0,True,1.0485972817148088,1.0475697992498583
205,391,192.81963,882,4034.4648,3.9154212,4,50.821087,0.8483227864971358,0.719136955511853,1151.8677590510745,0.88105446,0.74417841,0.0,True,0.858142288547995,0.726649391858297
206,5406,241.87651,882,3216.2031,1.8739893,4,229.60828,1.0640177019075034,1.0642030066303876,2079.0821025699747,1.050622,0.92267543,0.0,True,1.0599989913352523,1.0217447336412713
207,20776,312.83249,882,2486.7109,3.4336104,4,309.52353,1.375903109812234,1.2713172892726472,3110.071128472556,1.1067691,1.0173693,0.0,True,1.2951629068685637,1.195132892490853
208,20973,312.73965,882,2487.4492,0.30681685,2,149.32443,1.3754950559881294,1.2724758283563287,3112.099318929549,1.1113114,1.024514,0.0,True,1.2962399591916904,1.19808727984943
209,21338,316.41617,882,2458.5469,3.7219634,5,105.01257,1.3916520212370689,1.2765875513479865,3154.1434972983043,1.1372809,1.0333885,0.0,True,1.3153406848659481,1.2036278359435906
210,0,209.10838,882,3720.1953,2.787324,3,18.615932,0.9199477165353478,0.0,144.94288402845766,1.0175356,0.0,0.0,True,0.9492240815747435,0.0
211,2548,243.72127,882,3191.8594,4.3744831,5,13.362143,1.0721276793629688,0.9720121942276168,1911.7127517782908,1.0712099,0.93627816,0.0,True,1.071852345554078,0.9612919839593317
212,2499,212.01759,882,3669.1484,3.5866699,4,12.217963,0.9327394846619668,0.9531601818341602,1658.9201693499795,0.94982398,0.65648431,0.0,True,0.9378648332633768,0.8641574202839122
213,554,211.6548,882,3675.4375,4.4246297,5,13.395246,0.9311443271934884,0.7696444362783355,1337.8209491659482,1.0027806,0.90926874,0.0,True,0.9526352090354417,0.8115317273948348
214,3969,223.58479,882,3479.3242,2.1474347,4,17.206272,0.9835984441591518,1.0160709790793379,1852.7964526601022,0.98436606,0.87314516,0.0,True,0.9838287289114063,0.9731932333555364
215,0,196.10635,882,3966.8477,1.7855529,3,42.407372,0.8627756279822992,0.0,135.93056359240182,0.90934485,0.0,0.0,True,0.8767463945876095,0.0
216,5821,230.26094,882,3378.4453,3.0169384,5,43.62299,1.012950887486215,1.0668639813056182,1996.2635383458348,0.97283936,0.91045636,0.0,True,1.0009174292403504,1.0199416949139328
217,2625,249.66188,882,3115.9102,3.6558738,4,54.368317,1.098243646251776,0.9786181775759797,1965.7372265367367,1.018198,0.88975024,0.0,True,1.074229952376243,0.9519577963031858
218,3119,191.33481,882,4065.7734,3.1458969,5,28.564619,0.8417934653718921,0.9680537261381678,1539.4624204797185,0.90193146,0.91389382,0.0,True,0.8598348637603245,0.9518057542967174
219,319,192.72073,882,4036.5352,1.747535,3,22.427408,0.8478878843828337,0.6946532923994396,1112.2763464016366,0.90763736,0.68436372,0.0,True,0.8658127270679836,0.6915664206796077
220,965,215.55998,882,3608.8516,3.0281792,3,50.023209,0.9483150918563377,0.8390117327210019,1481.8020901959421,0.96007746,0.81841886,0.0,True,0.9518438022994364,0.8328338709047014
221,7567,236.81068,882,3285.0039,4.9361405,6,91.647255,1.0417465786193938,1.102944488560456,2115.1494767922254,0.9871437,0.96481878,0.0,True,1.0253657150335758,1.0615067759923191
222,0,237.15416,882,3280.2461,2.7071261,3,17.098797,1.0432566487728034,0.0,164.38273736206216,1.0100669,0.0,0.0,True,1.0332997241409625,0.0
223,42817,314.28198,882,2475.2422,1.9980972,4,111.62709,1.3822730239027914,1.3645934650281208,3351.734726003529,1.0661341,0.95633382,0.0,True,1.287431346731954,1.2421155715196845
224,1580,231.99159,882,3353.2422,3.0049391,3,51.651016,1.0205597279187786,0.9072787786203954,1708.9533226083056,0.95680892,0.86671776,0.0,True,1.001434485543145,0.8951104730342768
225,0,183.46758,882,4240.1172,1.0064899,1,88.477127,0.8071971860498348,0.0,127.1700358011562,0.86718726,0.0,0.0,True,0.8251942082348843,0.0
226,159,222.77469,882,3491.9766,2.937943,3,45.313087,0.9800366341130058,0.6220275565938627,1132.0082821740607,0.97713077,0.49369499,0.0,True,0.9791648748791041,0.5835277866157039
227,410,278.67325,882,2791.5273,2.0115814,3,285.5585,1.2257711126480144,0.758446880367742,1677.8981450891179,1.0721623,0.82539725,0.0,True,1.1796884688536102,0.7785319912574193
228,14322,291.96558,882,2664.4375,3.0611885,5,346.11328,1.284194760512333,1.213053023581079,2794.0205966971653,1.0795469,0.95398772,0.0,True,1.222800402358633,1.1353334325067554
229,0,190.55635,882,4082.3828,4.1083736,4,416.39386,0.8383702592062634,0.0,132.08359674029413,0.86936116,0.0,0.0,True,0.8476675294443843,0.0
230,44130,314.28198,882,2475.2422,2.017195,4,305.02786,1.3822730239027914,1.3684581778198117,3361.2270517705433,1.0661341,0.99577659,0.0,True,1.287431346731954,1.2566537014738681
231,12482,292.88058,882,2656.1133,2.0119557,4,93.430832,1.2882163701350142,1.1960974402486073,2762.5091155988594,1.0635734,1.0250611,0.0,True,1.22082347909451,1.1447865381740252
232,1586,219.90808,882,3537.4961,3.0531502,4,40.900864,0.9674329254759184,0.9018087073775518,1620.773269596963,0.97152662,0.86789072,0.0,True,0.968661033833143,0.8916333111642862
233,0,174.47147,882,4458.7461,1.0461208,1,101.18337,0.7676350525159017,0.0,120.93440751864908,0.8760348,0.0,0.0,True,0.8001549767611311,0.0
234,13364,293.07971,882,2654.3086,2.0042629,4,90.954483,1.2890915862462682,1.2048587686558123,2784.394830704513,1.0640413,1.0358175,0.0,True,1.2215765003723877,1.1541463880590688
235,2570,222.58197,882,3495.0,3.9927659,5,45.726757,0.9791893242017741,0.962267345448617,1747.8113609238728,0.9710322,0.89346689,0.0,True,0.9767421869412418,0.941627208814032
236,0,196.64487,882,3955.9844,2.6771576,3,20.231337,0.8651436490587492,0.0,136.30383721207696,0.91212988,0.0,0.0,True,0.8792395183411243,0.0
237,4682,246.89203,882,3150.8672,1.3769873,4,66.923103,1.0860670144094886,1.0490678591484703,2086.7086555282112,1.0773364,1.0149189,0.0,True,1.0834478300866421,1.0388231714039293
238,5731,252.98181,882,3075.0195,0.49903041,2,161.03612,1.1128382731190374,1.0774122155246626,2189.3031247707245,1.0977144,1.0269955,0.0,True,1.108301111183326,1.0622872008672637
239,6890,270.02167,882,2880.9688,4.3569231,5,32.877892,1.1877426723222269,1.1093331573935385,2386.4830033515823,1.1419905,1.0394577,0.0,True,1.1740170206255587,1.088370520175477
240,1589,162.34998,882,4791.6484,2.3629088,3,27.566605,0.714325453392369,0.8697660097180651,1196.8632144582791,0.83566201,0.85811913,0.0,True,0.7507264203746583,0.8662719458026455
241,0,149.67924,882,5197.2734,0.46361879,1,106.57157,0.6585968467697051,0.0,103.74974319435537,0.8025313,0.0,0.0,True,0.7017771827387935,0.0
242,12291,273.20892,882,2847.3594,1.4479339,3,58.911316,1.2017525998066807,1.1837167493707563,2572.7497344905582,1.064577,1.0217212,0.0,True,1.1605999198646764,1.1351180845595294
243,10914,246.88683,882,3150.9336,1.7837758,4,24.65836,1.0860441421074025,1.1540994332067516,2295.5500128624963,1.0117127,1.006717,0.0,True,1.0637447094751817,1.109884703244726
244,5782,284.61096,882,2733.2891,3.4826479,5,179.54652,1.2518695251385326,1.0945521955945137,2465.542272232837,1.0725627,0.96239203,0.0,True,1.1980774775969727,1.0549041459161597
245,135,215.25128,882,3614.0273,3.9625807,4,11.666488,0.9469577474521842,0.5995862793450334,1059.032191860089,0.96289098,0.36559629,0.0,True,0.9517377172165289,0.5293892825415234
246,2098,278.70367,882,2791.2227,1.9366448,4,56.296169,1.2259047825773448,0.9639468463588058,2131.997408600328,1.0721629,0.93022132,0.0,True,1.1797822178041413,0.953829188451164
247,124560,391.24683,882,1988.3203,5.5833077,7,109.41669,1.720439201033926,1.5444571478419238,4590.3264628972165,1.2082748,1.3648355,0.0,True,1.5667898807237481,1.4905706534893468
248,37385,317.61166,882,2449.293,3.5876763,6,51.172363,1.396905660291774,1.3490518915253613,3344.1580464691992,1.1383253,1.1707925,0.0,True,1.3193315522042417,1.2955740740677528
249,13496,275.58014,882,2822.8594,3.0566256,4,110.25576,1.2121753977325753,1.1967711023484335,2620.84892504705,1.0688435,1.0317326,0.0,True,1.1691758284128027,1.1472595516439035
250,14847,291.99252,882,2664.1914,4.0556984,5,53.102493,1.284313296762417,1.2176304684832013,2804.788987608892,1.0795474,0.95250696,0.0,True,1.2228835277336918,1.138093415938241
251,467,265.93918,882,2925.1953,3.0118864,4,88.020607,1.1697972686460667,0.7702780311732482,1635.6862567463336,1.0755024,0.70068377,0.0,True,1.1415088080522469,0.7493997528212738
252,3158,239.67032,882,3245.8086,2.9974847,4,52.785877,1.0543186155531468,0.996533184335504,1931.3418842329963,0.95766401,0.9319703,0.0,True,1.0253222338872028,0.9771643190348528
253,13771,293.00812,882,2654.957,2.998364,5,44.789303,1.2887769981725725,1.2086258021779372,2792.5037592240938,1.0639479,1.0422628,0.0,True,1.2213282687208007,1.1587169015245562
254,1487,239.6683,882,3245.8359,3.026217,5,57.255611,1.0543097533756567,0.9034307708398976,1750.9830540713208,0.95766401,0.85725063,0.0,True,1.0253160303629596,0.8895767285879284
255,45485,314.45169,882,2473.9062,2.997088,4,49.86845,1.3830188989928633,1.372422471590883,3372.551558236126,1.0664741,1.0317335,0.0,True,1.2880554592950044,1.270215780113618
256,179615,398.88425,882,1950.25,2.0410042,4,62.281181,1.7539890212491247,1.5966975654902087,4825.933841102153,1.1999078,1.3600627,0.0,True,1.5877646548743873,1.525707105843146
257,155687,398.71893,882,1951.0586,2.0267229,4,33.806961,1.7532628394937069,1.5777434265400645,4766.9303020438865,1.1999049,1.3524166,0.0,True,1.5872554576455948,1.510145378578045
258,0,239.01851,882,3254.6602,2.0176489,3,101.50278,1.0514529783406952,0.0,165.67500630813907,0.95650184,0.0,0.0,True,1.0229676368384868,0.0
259,14835,293.00253,882,2655.0078,4.0071311,5,52.693211,1.2887523577211946,1.2180605365637227,2814.253946950312,1.0639479,1.0526272,0.0,True,1.221311020404836,1.1684305355946059
260,0,166.97189,882,4659.0117,0.99821442,2,27.040264,0.734652750760871,0.0,115.73609478626533,0.87594163,0.0,0.0,True,0.7770394145326098,0.0
261,0,166.48056,882,4672.7617,1.0160977,2,86.859741,0.732491897230527,0.0,115.39553078204081,0.87465864,0.0,0.0,True,0.775141920061369,0.0
262,3198,205.00092,882,3794.7344,3.9863892,4,44.334076,0.9018869127989579,0.979184289273497,1654.5431734351046,0.96512914,0.9187355,0.0,True,0.9208595809592706,0.961049652491448
263,5844,281.33212,882,2765.1445,4.0214419,6,216.44229,1.2374579884547425,1.094299232673228,2440.137784853121,1.0768725,0.89462155,0.0,True,1.1892823419183198,1.0343959278712596
264,18714,290.17795,882,2680.8516,4.016264,6,91.745544,1.2763378588415415,1.2459873838918192,2854.519393080522,1.0642898,1.0346863,0.0,True,1.212723441189079,1.1825970587242733
265,6401,265.94342,882,2925.1484,3.0098534,5,121.68468,1.1698160116287932,1.0979989801088588,2330.866931282361,1.0755025,0.97687572,0.0,True,1.1415219581401552,1.061662002076201
266,7302,266.43942,882,2919.7031,2.9938493,5,151.73869,1.1719962465500358,1.1147551376775233,2370.292352607994,1.075735,0.99416101,0.0,True,1.143117872585025,1.0785768993742664
267,25127,290.99075,882,2673.3633,3.988883,5,94.760666,1.2799103085302859,1.283763696394309,2948.253631525942,1.0655687,1.0506097,0.0,True,1.2156078259712002,1.2138174974760165
268,8540,266.45511,882,2919.5312,2.9929781,4,63.149113,1.1720652056475056,1.1343860160567774,2412.1516173307127,1.0760987,1.0305961,0.0,True,1.143275253953254,1.103249041239744
269,146941,399.24811,882,1948.4727,2.0327756,4,101.55746,1.755587282371911,1.5703880584160796,4750.174177316289,1.1980323,1.3466669,0.0,True,1.5883207876603378,1.5032717108912559
270,0,234.7207,882,3314.2539,2.0590189,3,202.88412,1.0325581725613964,0.0,162.69599142405676,,,,False,1.0325581725613964,0.0
271,0,195.45407,882,3980.0859,2.0023546,2,203.93582,0.8599073833976318,0.0,135.47843754946618,0.96339887,0.0,0.0,True,0.8909548293783423,0.0
272,4785,244.18176,882,3185.8398,2.9466481,5,66.837326,1.074152178768081,1.0503306160926136,2069.113014506036,1.0286437,0.93968147,0.0,True,1.0604996351376568,1.0171358722648296
273,0,197.8298,882,3932.2891,2.0000165,2,64.352051,0.8703542062360399,0.0,137.12516810073788,0.96325362,0.0,0.0,True,0.898224030365228,0.0
274,18709,256.09216,882,3037.6719,3.0943682,5,48.755867,1.12651140629145,1.226560758887831,2519.1444831400195,1.074034,1.0346667,0.0,True,1.110768184404015,1.1689925412214817
275,16769,256.09811,882,3037.6016,3.0480552,5,55.081905,1.1265374602821645,1.2129147751255729,2491.1704155829766,1.0740341,1.0328643,0.0,True,1.110786452197515,1.158899632587901
276,13826,250.40746,882,3106.6328,3.0771894,5,50.045113,1.101521243272478,1.1855347336922644,2387.4976075837712,1.0746422,1.0359135,0.0,True,1.0934575302907346,1.140648363584585
277,11074,250.40587,882,3106.6523,3.0590165,5,51.250782,1.1015143336337756,1.1579379947538853,2331.9136500120703,1.0746422,1.0366914,0.0,True,1.0934526935436428,1.1215640163277196
278,2095,238.90038,882,3256.2695,3.9988365,5,48.658897,1.0509336525826376,0.9454248703786826,1827.1729444224206,1.1439971,0.94678342,0.0,True,1.0788526868078463,0.9458324352650779
279,28861,323.23431,882,2406.6875,2.1631219,4,104.22435,1.4216144961659012,1.3188581374225077,3319.7184336702035,1.1223575,1.1707965,0.0,True,1.3318373973161308,1.2744396461957552
280,87136,331.43808,882,2347.1172,2.281013,4,43.116806,1.457664635350507,1.4654617069453555,3770.1904719298896,1.1292533,1.1879474,0.0,True,1.3591412347453549,1.382207414861749
281,86690,331.50427,882,2346.6484,1.7663102,4,21.125425,1.4579555912811828,1.4648382659652872,3769.2422982103035,1.1294452,1.1881996,0.0,True,1.359402473896828,1.381846666175701
282,20365,260.40012,882,2987.418,4.0809736,5,123.62981,1.1454487350827498,1.2397117688259762,2583.6043770618717,1.0785263,1.0433398,0.0,True,1.125372004557925,1.1808001781781834
283,43853,359.58554,882,2163.3906,3.0422802,5,49.730213,1.5813429072489755,1.391599380477094,3843.481830499742,1.215344,1.3365575,0.0,True,1.471543235074283,1.3750868163339658
284,84853,331.46454,882,2346.9297,3.0662415,5,73.271767,1.4577809913739026,1.4620563916806617,3761.691358748133,1.1294447,1.1871095,0.0,True,1.359280103961732,1.3795723241764632
285,2132,246.98512,882,3149.6797,3.2832415,4,49.243866,1.0864762262274317,0.9514991361980565,1893.3270312587736,1.0123332,0.87580746,0.0,True,1.064233318359202,0.9287916333386395
286,1046,233.44212,882,3332.4062,3.7892468,4,106.12502,1.026936990080454,0.8571726349498211,1623.505640452211,0.95548016,0.74043506,0.0,True,1.0054999410563177,0.8221513624648747
287,6404,244.25215,882,3184.9219,3.9812591,5,47.461651,1.0744615570069678,1.0864880254730402,2140.8677328730137,1.0292228,0.92521811,0.0,True,1.0608899299048775,1.0381070508311283
288,1281,237.12422,882,3280.6602,2.5067868,4,16.908998,1.043125044356892,0.8838371520746462,1697.0876955335184,0.99282038,0.81481868,0.0,True,1.0280336450498244,0.8631316104522523
289,36826,330.7467,882,2352.0234,3.0938382,5,124.17139,1.454626605127886,1.35414377387615,3477.4753364876337,1.1289093,1.1743417,0.0,True,1.3569114135895202,1.300203151713305
290,8694,290.11368,882,2681.4453,2.8189094,4,81.150772,1.2760554749275508,1.1488587569534865,2631.510492255289,1.0585326,0.99969995,0.0,True,1.2107986124492855,1.1041111148674405
291,887,241.75407,882,3217.832,4.1893983,5,122.95898,1.0634794196509645,0.8404902510254798,1641.533642381235,0.9578979,0.81352234,0.0,True,1.0318049637556752,0.8323998777178359
292,5353,287.0531,882,2710.0352,2.956522,5,41.378296,1.2626034745911867,1.08598420585042,2464.5764823227814,1.059889,0.94846034,0.0,True,1.2017891322138308,1.0447270460952942
293,507,265.31137,882,2932.1172,4.0779223,5,212.97519,1.167037590295849,0.780321794643422,1653.5393217248018,1.0748242,0.72789437,0.0,True,1.1393735732070942,0.7645935672503954
294,0,214.23105,882,3631.2383,2.0128415,2,88.515602,0.9424719173343526,0.0,148.49364829589666,0.94576055,0.0,0.0,True,0.9434585071340469,0.0
295,7960,288.05957,882,2700.5664,3.0977309,5,50.862823,1.2670271734058425,1.1366664300712919,2587.476508708303,1.0613003,0.98976618,0.0,True,1.2053091113840897,1.0925963550499043
296,10136,292.91589,882,2655.793,2.0430098,4,95.141876,1.2883716176292148,1.169716338908823,2701.8696490658017,1.0636201,1.0115604,0.0,True,1.2209461623404503,1.122269557236176
297,5251,265.59018,882,2929.0391,2.9881787,5,67.526825,1.1682631824098164,1.0730148731131426,2275.192783758994,1.0755765,0.91694182,0.0,True,1.1404571776868715,1.0261929571792
298,6752,265.88129,882,2925.832,2.057884,4,59.912739,1.1695428790769429,1.104653667310233,2344.512021705752,1.0770868,0.99828517,0.0,True,1.14180605535386,1.0727431181171632
299,1490,264.78152,882,2937.9844,2.9956737,4,79.4842,1.1647085837372484,0.9149442996846601,1934.9896628572408,1.0749489,0.79822034,0.0,True,1.137780678616074,0.879927111779262
300,127,250.14011,882,3109.9531,3.1727526,4,60.782665,1.100345974601482,0.6032367204387332,1215.634009406393,1.0618449,0.49557102,0.0,True,1.0887956522210376,0.5709370103071132
301,92863,360.24771,882,2159.4141,2.9898252,5,54.448769,1.5842522109639259,1.4896367184672024,4120.838288104055,1.2151595,1.3367032,0.0,True,1.473524397674748,1.4437566629270415
302,2580,257.62604,882,3019.5859,3.127563,4,48.526566,1.1332542512637498,0.9802921881788198,2023.9925001559764,1.075642,0.90188849,0.0,True,1.1159705758846248,0.9567710787251739
303,585,237.02545,882,3282.0273,2.3827081,4,48.96526,1.0426908042858243,0.7871084692452367,1511.0431266809237,0.98073781,0.78689462,0.0,True,1.024104906000077,0.7870443144716657
304,94781,360.23599,882,2159.4844,2.0283706,4,63.055508,1.5842006848319627,1.4922926630842204,4128.06861592497,1.2151594,1.3365126,0.0,True,1.473488299382374,1.4455586441589543
305,0,199.51746,882,3899.0273,1.8855619,2,98.318649,0.8777752123738287,0.0,138.29496487148165,0.96336156,0.0,0.0,True,0.9034511166616801,0.0
306,601,231.85709,882,3355.1875,3.1301341,4,92.892448,1.019968371362518,0.7882909153215765,1484.3298916541228,0.98542094,0.86053252,0.0,True,1.0096041419537627,0.8099633967251034
307,5820,267.86899,882,2904.1211,2.9878087,4,92.139244,1.1782802398474048,1.0870615523513252,2322.263187334617,1.0773672,0.99741983,0.0,True,1.1480063278931834,1.0601690356459277
308,92575,360.84238,882,2155.8555,2.0113668,4,85.137566,1.586864860382729,1.489551705557046,4126.519849317773,1.2144095,1.3358326,0.0,True,1.4751282522679101,1.4434359738899323
309,5359,267.89026,882,2903.8906,2.1439991,4,93.704536,1.1783737029651438,1.0767263097175404,2300.348428382868,1.0773677,0.98047137,0.0,True,1.1480719020756007,1.047849827802278
310,18875,310.61292,882,2504.4805,2.0097029,4,102.16351,1.3661486960435574,1.2579026583960615,3058.20148007348,1.1188953,1.1656449,0.0,True,1.2919726772304903,1.230225330877243
311,0,237.65622,882,3273.3164,2.001574,2,44.718746,1.0454639028869406,0.0,164.73073883553408,1.0016823,0.88196385,2.682846972012552,True,1.0323294220208585,0.264589155
312,15281,310.39362,882,2506.25,2.1507838,4,72.482689,1.3651849164690935,1.2308063310933963,2990.4862078081455,1.1183732,1.1626344,0.0,True,1.2911414015283653,1.2103547517653774
313,3218,316.42523,882,2458.4766,1.8543392,4,28.854897,1.3916917831015356,1.0343611148059961,2555.809818590957,1.1186725,1.1669234,0.0,True,1.3097859981710749,1.0741298003641973
314,0,316.40561,882,2458.6289,1.0782782,2,41.348602,1.3916056446925433,0.0,219.31565648484965,1.1186713,1.1645712,11.57841358417806,True,1.3097253412847802,0.34937136
315,14398,305.63898,882,2545.2383,3.985302,5,41.595516,1.3442892511209508,1.2207983830445697,2926.4881860446535,1.0596339,0.97916764,0.0,True,1.2588926457846654,1.1483091601311988
316,0,203.39545,882,3824.6875,2.0222132,3,14.079089,0.8948274628470717,0.0,140.98298270622132,1.0068699,0.97013861,14.323155911444356,True,0.9284401939929503,0.29104158300000005
317,740,228.09859,882,3410.4727,2.8630834,4,128.84227,1.0034439445430887,0.8122441708862869,1507.5832431840465,0.95148742,0.7112788,0.0,True,0.9878569871801621,0.7819545596204007
318,428,205.35011,882,3788.2812,2.5554898,3,44.505985,0.9034224338641692,0.7355727037481739,1245.1989596203732,0.94198745,0.60579842,0.0,True,0.9149919387049184,0.6966404186237216
319,1662,231.27414,882,3363.6445,4.0474067,6,93.471375,1.0174054528734702,0.9131590926655481,1715.355583332452,0.96027398,0.87243158,0.0,True,1.000266011011429,0.9009408388658836
320,10034,248.93008,882,3125.0703,3.005141,5,51.560696,1.095026570631816,1.1448357150949497,2293.6253047052805,1.0759038,1.0363674,0.0,True,1.0892897394422714,1.112295220566465
321,7235,248.65376,882,3128.543,3.0688558,5,51.168152,1.0938118616270736,1.1040518649223767,2209.776524946714,1.0760262,1.0377643,0.0,True,1.0884761631389515,1.0841655954456637
322,2365,234.78517,882,3313.3438,4.0288854,5,50.166958,1.0328416216543224,0.958347348109963,1824.1348776291043,1.0033011,0.88774985,0.0,True,1.0239794651580256,0.9371680986769741
323,25791,315.66687,882,2464.3828,2.1613903,4,101.64913,1.3883591252475505,1.300465040470077,3206.4993721661326,1.1194775,1.1699733,0.0,True,1.3076946376732854,1.261317518329054
324,2369,234.48607,882,3317.5703,4.0100207,5,48.808327,1.0315266005162187,0.9584051443399365,1822.2069807178289,1.0031381,0.87678754,0.0,True,1.023010050361353,0.9339198630379556
325,22342,310.84177,882,2502.6367,2.079113,4,102.76744,1.3671543927842325,1.279566425436394,3112.8668117083594,1.1188446,1.1677859,0.0,True,1.2926614549489628,1.2460322678054758
326,3052,269.66409,882,2884.7891,2.1293623,4,92.526283,1.1861708452250994,1.0069819027193454,2163.8406096236677,1.0668423,0.9536283,0.0,True,1.1503722816575697,0.9909758219035417
327,2382,270.08868,882,2880.2539,2.2174976,4,92.405121,1.1880372741393823,0.9760804488264445,2100.3540807363147,1.0668855,0.93316227,0.0,True,1.1516917418975676,0.9632049951785111
328,2555,257.38632,882,3022.3984,2.5183139,4,107.53447,1.1322003961956877,0.9789640054031539,2019.6049182890895,1.0453106,0.916664,0.0,True,1.1061334573369814,0.9602740037822077
329,259,279.13416,882,2786.918,4.0050526,5,134.58189,1.2277969688365178,0.7008879000346623,1553.247729700878,1.0682495,0.54562944,0.0,True,1.1799327281855625,0.6543103620242636
330,4812,205.36346,882,3788.0352,3.9801517,4,45.765419,0.9034810723482474,1.0289648112792782,1741.3350221842413,0.96601653,0.94900656,0.0,True,0.9222417096437732,1.0049773358954948
331,11936,289.29694,882,2689.0156,4.0475354,6,96.277969,1.2724657065286442,1.1885723013493135,2715.7697789286644,1.0631069,1.0069666,0.0,True,1.2096580645700508,1.1340905909445194
332,0,166.66893,882,4667.4805,1.0086435,2,36.079994,0.7333203483200335,0.0,115.52609891644288,0.87506902,0.0,0.0,True,0.7758449498240234,0.0
333,4463,264.77942,882,2938.0078,2.9987264,5,131.22647,1.1646993136322985,1.0522497360219076,2225.2127310045744,1.0749489,0.96669847,0.0,True,1.137774189542609,1.0265843562153354
334,3206,203.84221,882,3816.3047,3.980092,4,44.261684,0.8967919890556675,0.9788147180833158,1645.7003034187503,0.9635607,0.91862881,0.0,True,0.9168226023389673,0.960758945658321
335,0,165.95822,882,4687.4688,1.0103694,2,19.793875,0.7301946580247222,0.0,115.03347228374713,0.87400937,0.0,0.0,True,0.7733390716173054,0.0
336,0,166.08002,882,4684.0312,1.0095421,2,75.71566,0.7307303175304517,0.0,115.11789761033931,0.87432933,0.0,0.0,True,0.7738100212713162,0.0
337,4429,265.04089,882,2935.1094,4.014123,5,215.32352,1.1658486628838558,1.0514222228366055,2225.384179369421,1.0754318,0.98257107,0.0,True,1.138723604018699,1.030766876985624
338,14768,289.86456,882,2683.75,4.009665,6,91.643509,1.2749604642031476,1.215828166918389,2782.802207041192,1.0638634,1.0200293,0.0,True,1.2116313449422034,1.1570885068428725
339,1989,281.46375,882,2763.8516,3.9989245,5,210.09142,1.238036439385831,0.9584156369198811,2138.109064373049,1.0769275,0.81148767,0.0,True,1.1897037575700817,0.9143372468439168
340,8181,266.12006,882,2923.207,2.9472675,4,85.391785,1.1705923945668133,1.128827216443729,2397.6922716823938,1.0778536,1.0231348,0.0,True,1.1427707561967693,1.0971194915106102
341,1608,167.03757,882,4657.1797,1.9888139,3,102.45278,0.7349416178847114,0.8741014381549009,1233.403655966347,0.87603182,0.86096549,0.0,True,0.7772686785192979,0.8701606537084307
342,0,140.66566,882,5530.3047,0.99378955,1,14.139186,0.6189509169177909,0.0,97.50200563060388,0.80137891,0.0,0.0,True,0.6736793148424537,0.0
343,4112,283.12033,882,2747.6797,2.8599367,4,113.7999,1.2453177970996416,1.050798585235515,2356.17015730853,1.0982063,0.88331157,0.0,True,1.201184347969749,1.0005524806648607
344,91320,361.43243,882,2152.3359,2.0154567,4,94.384575,1.5894573667614247,1.4880901132865945,4128.33434653732,1.2136242,1.3350133,0.0,True,1.4767074167329972,1.4421670693006161
345,625,286.98154,882,2710.7109,3.9971895,5,271.06564,1.2622889769542356,0.8144815929050672,1848.4327572885081,1.0559887,0.76940048,0.0,True,1.2003988938679648,0.8009572590335471
346,91460,361.44818,882,2152.2422,3.0059121,5,91.432625,1.5895265011211848,1.4882981180753792,4129.067934462091,1.2136245,1.3345972,0.0,True,1.4767559007848294,1.4421878426527652
347,4461,283.12195,882,2747.6641,3.0011532,5,158.00597,1.2453248623108562,1.0610832448577059,2379.236955639945,1.0982064,0.93013841,0.0,True,1.2011893236175992,1.021799794400394
348,13964,281.80029,882,2760.5508,2.9910719,5,44.834064,1.2395156920674921,1.20443996566611,2689.6093571743195,1.0782512,1.0684795,0.0,True,1.1911363444472445,1.163651825966277
349,12222,281.80029,882,2760.5508,3.0033939,5,46.596851,1.2395156920674921,1.187626461229819,2652.0666341496844,1.0782512,1.0601125,0.0,True,1.1911363444472445,1.1493722728608733
350,11438,281.80307,882,2760.5234,4.004993,6,93.844902,1.2395279861642452,1.1792623914498976,2633.4134112131246,1.0782514,1.0554953,0.0,True,1.1911450103149717,1.1421322640149283
351,1098,281.92514,882,2759.3281,3.2308917,4,141.04298,1.2400645423966836,0.8836833619759112,1974.3402098975373,1.0602379,0.78361309,0.0,True,1.1861165496776784,0.8536622803831379
352,287,218.03615,882,3567.8672,4.0436912,5,93.717155,0.9592023666128543,0.6922457482582624,1235.4858593332854,0.98454291,0.78774011,0.0,True,0.9668045296289981,0.7208940567807837
353,3198,215.77533,882,3605.25,2.9622896,3,48.251694,0.9492619216116442,0.9853027774203906,1741.5024247072008,0.9554863,0.91818798,0.0,True,0.951129235128151,0.9651683381942735
354,1601,174.99042,882,4445.5234,1.8020976,2,79.256287,0.7699172682787018,0.878419100653108,1291.3649298306498,0.87020481,0.86065108,0.0,True,0.8000035307950912,0.8730886944571756
355,0,149.84683,882,5191.4609,0.8461737,1,37.11134,0.6593339456418366,0.0,103.86590773034544,0.80644983,0.0,0.0,True,0.7034687109492856,0.0
356,762,218.52014,882,3559.9648,3.9948361,5,84.666252,0.9613304058292782,0.8115646092561359,1450.6607626881585,0.9851222,0.82722139,0.0,True,0.9684679440804947,0.8162616434792951
357,6665,282.28561,882,2755.8047,1.9973645,4,16.52437,1.241648861768059,1.1113558341096024,2485.5036987625494,1.0607089,0.97141039,0.0,True,1.1873668732376412,1.0693722008767215
358,1728,280.76019,882,2770.7773,3.9733493,6,158.59886,1.234944135879071,0.9403798059251789,2093.3133553967755,1.0706415,0.86115199,0.0,True,1.1856533451153497,0.9166114611476253
359,1251,222.08603,882,3502.8047,1.5597981,3,104.91936,0.9770088092878909,0.8738476248768313,1584.205379437927,0.94157821,0.74757963,0.0,True,0.9663796295015237,0.8359672264137818
360,563,211.07872,882,3685.4688,0.83722425,2,56.122108,0.9286112649234086,0.771347856311651,1337.569064193455,0.92186826,0.57815063,0.0,True,0.9265883634463861,0.7133886884181557
361,333,207.72423,882,3744.9844,2.6652176,3,171.89449,0.9138615753867574,0.706180546857086,1207.7357878428525,0.94956619,0.75157338,0.0,True,0.9245729597707302,0.7197983967999602
362,9741,282.29962,882,2755.668,2.9729939,5,166.50111,1.2417104113815018,1.1592550288279313,2592.725630065518,1.0607092,1.0058,0.0,True,1.1874100479670513,1.113218520179552
363,8446,279.98929,882,2778.4062,4.0952654,6,87.108635,1.2315556866236321,1.1400699880086222,2531.574965218478,1.0709437,1.0424145,0.0,True,1.1833720906365426,1.1107733416060355
364,7075,275.46313,882,2824.0586,3.1916416,5,58.580757,1.2116610273876147,1.1154489597026704,2441.8719409049572,1.0678815,1.0348983,0.0,True,1.1685271691713304,1.0912837617918694
365,16416,307.73404,882,2527.9102,2.324203,4,88.4132,1.3534966840853102,1.2385985992493502,2986.907697170678,1.0630128,1.0248841,0.0,True,1.2663515188597172,1.174484249474545
366,41,193.36499,882,4023.0859,4.2282038,5,41.38158,0.8507209912547714,0.4502918052745268,727.2844227590846,1.0002905,0.72229898,0.0,True,0.8955918438783399,0.5318939576921689
367,4563,264.94357,882,2936.1875,3.6744342,5,45.196331,1.1654208816604128,1.0551054840678598,2232.460566165563,1.0585715,1.0022552,0.0,True,1.133366067162289,1.039250398847502
368,7300,226.63869,882,3432.4414,3.3568742,4,46.914474,0.997025328990503,1.092590899222487,2016.1559297068727,0.98718441,0.89477068,0.0,True,0.994073053293352,1.033244833455741
369,1135,189.9734,882,4094.9102,1.9814583,3,43.732376,0.8358067176414078,0.8457648509833186,1336.6810522626681,0.94542491,0.86590147,0.0,True,0.8686921753489855,0.851805836688323
370,282,178.9763,882,4346.5195,2.3947358,3,105.9741,0.7874461794947921,0.6738562602327703,1011.0325079414115,0.89883918,0.16268252,0.0,True,0.8208640796463544,0.5205041381629392
371,1079,234.05339,882,3323.7031,2.484884,3,130.76161,1.0296244023507701,0.8612753153576964,1635.0131487442186,0.96254319,0.76308823,0.0,True,1.009500038645539,0.8318191897503875
372,411,222.70145,882,3493.125,2.5847104,3,130.23248,0.9797146215753668,0.7379238188568349,1341.4305129514319,0.95905107,0.72758889,0.0,True,0.9735155561027569,0.7348233401997845
373,1503,226.4364,882,3435.5078,3.3174927,4,82.229073,0.9961359409085861,0.8984489246932603,1656.7328296678752,0.9479844,0.79515171,0.0,True,0.9816904786360102,0.8674597602852823
374,14776,265.74222,882,2927.3633,1.5561709,4,93.581863,1.168931510384391,1.2026768744347935,2551.3631160358204,1.0585808,1.0286902,0.0,True,1.1358262972690736,1.1504808721043553
375,16473,307.74545,882,2527.8164,3.1763959,5,122.18146,1.3535468687504768,1.2390467576857371,2988.0850241692506,1.0632486,1.0308025,0.0,True,1.2664573881253338,1.176573480380016
376,35,218.92346,882,3553.4062,2.3416719,3,71.907761,0.9631037563959932,0.4382702119374949,790.5146432120514,0.95129001,0.43867046,0.0,True,0.9595596324771953,0.4383902863562464
377,212,220.25856,882,3531.8672,1.1597946,3,36.119671,0.9689738954348945,0.65618229428277,1181.9021500632512,0.93687516,0.37504223,0.0,True,0.9593442748044262,0.571840274997939
378,0,230.18323,882,3379.5859,2.3492191,3,21.674894,1.0126092218250626,0.0,159.55085688668143,0.94926143,0.0,0.0,True,0.9936048842775439,0.0
379,2213,245.9131,882,3163.4102,4.0662928,5,44.478699,1.0817634525640956,0.9556101764331266,1894.2704985222845,0.9729979,0.86573535,0.0,True,1.049133786794867,0.9286477285031887
380,4921,245.95926,882,3162.8164,5.2131901,6,43.459827,1.0819664188840792,1.0547512259413814,2091.0652932470257,0.98456216,0.94724798,0.0,True,1.0527451412188553,1.022500252158967
381,54722,319.62006,882,2433.9023,3.1215012,5,24.653303,1.4057316940558755,1.3989950901671633,3487.0732803896253,1.0683074,1.0864226,0.0,True,1.3045044058391126,1.3052233431170142
382,7930,234.83778,882,3312.6016,4.5461264,5,53.109165,1.0330728938082947,1.1075866786892725,2108.528696760697,0.95519441,0.94546688,0.0,True,1.0097093486658064,1.0589507390824908
383,6491,246.13406,882,3160.5703,2.9717343,5,116.9968,1.0827348459996617,1.089195768614189,2160.682911339521,0.9730078,0.96795762,0.0,True,1.0498167321997633,1.0528243240299324
384,0,191.61833,882,4059.7578,2.1341257,2,28.679459,0.8430401898246134,0.0,132.81970518310519,0.87892175,0.0,0.0,True,0.8538046578772294,0.0
385,3184,192.32114,882,4044.9219,1.6999643,3,38.244324,0.8461307510613447,0.9711350186433977,1551.3626088816884,0.88598961,0.82138103,0.0,True,0.8580884087429413,0.9262088220503784
386,4770,226.86717,882,3428.9844,2.1215544,3,214.20964,0.9980299143107745,1.0404645108764257,1921.6830785148074,0.94238496,0.87655699,0.0,True,0.9813364280175421,0.9912922546134979
387,4965,202.84602,882,3835.0469,4.0044165,6,87.029335,0.8924115748320939,1.0312201436766912,1726.335519195692,0.89469153,0.94679874,0.0,True,0.8930955613824657,1.005893722573684
388,61082,319.69342,882,2433.3438,3.9221916,6,67.52787,1.4060540720097112,1.4131354563049947,3523.023165215349,1.0683084,1.1045231,0.0,True,1.3047303704067978,1.3205517494134962
389,6315,244.07043,882,3187.293,2.2651603,4,72.80835,1.0736627417843403,1.0846535083130133,2135.8602574875126,0.96829396,0.69516659,0.0,True,1.0420521072490383,0.9678074328191093
390,6918,250.49628,882,3105.5312,0.99734718,3,44.694431,1.1019117255310595,1.0994939455375365,2214.930954800934,0.98923647,0.86897045,0.0,True,1.0681091488717418,1.0303368968762756
391,7322,242.84009,882,3203.4414,4.1024199,6,38.566105,1.0682538344745918,1.1022998695150599,2161.012568105184,0.96711612,0.98667622,0.0,True,1.0379125201322144,1.067612774660542
392,0,236.44769,882,3290.0469,2.13323,3,133.74207,1.0401507544541981,0.0,163.89304967341195,0.95742393,0.0,0.0,True,1.0153327071179388,0.0
393,3200,196.36217,882,3961.6797,3.1683156,5,44.936069,0.8639005484559218,0.9741753588958773,1584.9433214808248,0.88145369,0.91281223,0.0,True,0.8691664909191452,0.9557664202271141
394,674,277.16107,882,2806.7578,3.0536025,4,95.866493,1.2191243640635743,0.8204045870337531,1806.0350452826592,1.0648274,0.4646143,0.0,True,1.172835274844502,0.7136675009236271
395,61941,319.69034,882,2433.3672,2.9749548,5,81.821274,1.4060405620694916,1.414924482292885,3527.4535845082537,1.0684886,1.1238022,0.0,True,1.304774973448644,1.3275877976050197
396,6700,251.72925,882,3090.3203,2.0087736,3,91.118225,1.10733194964752,1.0961816216366838,2217.775288447517,0.99321783,0.91787374,0.0,True,1.073097713753264,1.0426892571456787
397,7391,279.57578,882,2782.5156,2.6644831,4,106.45189,1.2297381514880374,1.123038600476989,2490.541813644957,1.066703,0.95235342,0.0,True,1.1808276060416263,1.0718330463338923
398,0,195.34633,882,3982.2812,1.0363643,2,15.771202,0.8594335828338632,0.0,135.40375787223266,0.87950635,0.0,0.0,True,0.8654554129837042,0.0
399,0,160.33162,882,4851.9688,2.0238166,2,97.554337,0.705448511892702,0.0,111.13341035760853,0.80455649,0.0,0.0,True,0.7351809053248913,0.0
400,0,211.07692,882,3685.5,2.005059,2,42.414295,0.928603407927757,0.0,146.30737197927712,0.9561339,0.0,0.0,True,0.9368625555494299,0.0
401,0,392.07718,882,1984.1094,1.9975572,3,65.737137,1.724086833652569,0.0,271.76719187889415,,,,False,1.724086833652569,0.0
402,0,235.63135,882,3301.4453,1.990008,2,137.04318,1.0365617577302109,0.0,163.32720590403366,0.96051931,0.0,0.0,True,1.0137490234111475,0.0
403,2023,277.35715,882,2804.7734,2.9975584,4,53.057533,1.2199862898563896,0.9587770817287246,2111.6101183492,1.0653003,0.9095636,0.0,True,1.1735804928994726,0.9440130372101072
404,16149,393.45911,882,1977.1406,3.0266464,5,86.109779,1.7301575576457802,1.2764818140151017,3812.5153930388565,1.201697,1.3554654,0.0,True,1.5716193903520461,1.3001768898105712
405,63101,319.91837,882,2431.6328,2.9905543,4,90.593811,1.4070426182346014,1.4174331693632523,3535.9053316131112,1.069064,1.1274548,0.0,True,1.305649032764221,1.3304396585542766
406,20936,394.12097,882,1973.8203,2.0142229,4,24.111864,1.7330650296150938,1.3109701040953705,3921.23603109605,1.2016473,1.3553971,0.0,True,1.5736397107305655,1.3242982028667594
407,34408,395.46634,882,1967.1055,1.9849269,4,86.676697,1.7389749136009238,1.3770485758321636,4131.081922461939,1.2015538,1.3558711,0.0,True,1.5777485795206465,1.3706953330825145
408,10777,278.18277,882,2796.4492,4.0346813,5,47.019543,1.2236152318697098,1.1698442875202326,2583.0257954144936,1.0657163,1.0062428,0.0,True,1.176245552308797,1.120763841264163
409,94804,395.05371,882,1969.1602,1.8425825,4,46.205429,1.7371622391389618,1.5104456938652735,4527.152745535189,1.2015049,1.3559483,0.0,True,1.5764650373972733,1.4640964757056916
410,4059,216.32144,882,3596.1484,2.9652634,5,57.113983,0.9516631017035329,1.014714100263625,1797.4547622548198,0.95871574,0.94120425,0.0,True,0.953778893192473,0.9926611451845375
411,109324,393.94791,882,1974.6875,2.2440317,4,67.067879,1.7323047101444229,1.5286645824150362,4570.618919328238,1.2014508,1.3556752,0.0,True,1.573048537101096,1.4767677676905253
412,13900,282.35364,882,2755.1406,4.035666,6,47.828884,1.2419479321198215,1.2041580810751131,2693.5938648383194,1.0646209,1.0104932,0.0,True,1.188749822483875,1.1460586167525793
413,0,216.46463,882,3593.7695,1.9844024,3,62.632629,0.9522927058404617,0.0,150.04184797545176,,,,False,0.9522927058404617,0.0
414,2067,216.0825,882,3600.125,3.0211141,5,53.729366,0.9506125042117094,0.9322039542366072,1649.7511390989514,0.95877683,0.93672228,0.0,True,0.9530618019481967,0.933559451965625
415,11032,281.0419,882,2768.0,2.7900062,5,43.50016,1.2361823345608678,1.1743016109608224,2616.1450470343693,1.0631762,0.99900496,0.0,True,1.1842804941926075,1.1217126156725756
416,0,225.5787,882,3448.5703,1.9958589,2,61.647007,0.9923649626073707,0.0,156.35923989937774,,,,False,0.9923649626073707,0.0
417,7979,280.66248,882,2771.7422,3.3680406,5,65.436478,1.2345145366190138,1.1332415298642142,2521.7015817336705,1.0629454,0.97265059,0.0,True,1.1830437956333095,1.08506424790495
418,0,173.93402,882,4472.5234,1.9898813,2,54.047157,0.7652714625950116,0.0,120.56187556645713,0.87024093,0.0,0.0,True,0.7967623028165081,0.0
419,25047,269.5513,882,2885.9961,4.2740321,5,28.680811,1.185675100715546,1.2710472944375928,2730.174382132696,1.0711025,0.9768728,0.0,True,1.1513033205008822,1.182794946106315
420,711,215.30573,882,3613.1133,3.0544221,4,54.867229,0.9471971643969233,0.8016542916781174,1414.4469929437369,0.95720816,0.79591924,0.0,True,0.9502004630778462,0.7999337761746823
421,10,174.8784,882,4448.3711,2.245064,2,19.765165,0.7694246142155658,0.2854308494713553,434.55649906428584,0.86974657,0.20926134,0.0,True,0.7995212009508961,0.2625799966299487
422,20,219.5793,882,3542.793,3.8127456,4,95.307671,0.9659873134294735,0.37248621334148774,678.7289381787017,0.9764868,0.19108109,0.0,True,0.9691371594006315,0.3180646763390414
423,111840,394.46838,882,1972.082,0.95481765,3,28.611752,1.7345910994242406,1.5319285774130065,4585.632765060983,1.2014136,1.3557168,0.0,True,1.5746378495969684,1.4790650441891047
424,4269,273.48093,882,2844.5273,3.5975912,5,48.901615,1.2029482614600617,1.0509369268527267,2286.192076940766,1.0586475,0.92370296,0.0,True,1.1596580330220432,1.0127667367969087
425,1125,278.90704,882,2789.1875,2.8005662,3,14.147326,1.2267986535242092,0.885544825513235,1959.9674902598724,1.064863,0.79978716,0.0,True,1.1782179574669465,0.8598175258592645
426,543,225.76819,882,3445.6758,2.5386941,4,59.352367,0.9931981037003549,0.7732808693317584,1422.5170044388324,0.97929609,0.73277879,0.0,True,0.9890274995902484,0.7611302455322309
427,23297,241.13116,882,3226.1445,4.0124617,5,22.547386,1.0607409509498735,1.2445738860501634,2424.8549052587164,1.0235851,0.94721025,0.0,True,1.0495941956649115,1.1553647952351143
428,112714,394.46838,882,1972.082,2.4280615,5,101.11669,1.7345910994242406,1.5329543964023782,4588.70339362922,1.2084322,1.3690798,0.0,True,1.5767434295969684,1.4837920174816646
429,1493,226.20903,882,3438.9609,1.8984737,4,41.913322,0.9951362907766851,0.8975190208466036,1653.561200323384,1.0260866,0.87729079,0.0,True,1.0044213835436797,0.8914505515926225
430,18736,227.57259,882,3418.3555,3.2348404,5,44.595245,1.0011313346620268,1.2089588110459317,2238.929420868999,1.0159553,0.92869616,0.0,True,1.0055785242634188,1.1248800157321521
431,65,225.73723,882,3446.1484,3.4478183,5,87.295624,0.9930619768956591,0.514327903765789,949.1556649027609,1.0261225,0.84919292,0.0,True,1.0029801338269615,0.6147874086360523
432,0,224.03629,882,3472.3125,2.1312821,3,51.014908,0.9855834979535099,0.0,155.29012275661026,,,,False,0.9855834979535099,0.0
433,4873,280.92059,882,2769.1953,3.8655849,6,94.534668,1.2356491318867364,1.0711804363434707,2385.542642920179,1.0629483,0.9519186,0.0,True,1.1838388823207155,1.0354018854404297
434,0,215.68886,882,3606.6953,2.0086355,3,28.858694,0.9488817376001804,0.0,149.50412518718878,,,,False,0.9488817376001804,0.0
435,1120,215.11177,882,3616.3711,3.0156407,5,76.039223,0.9463443555398737,0.8569598254823765,1510.7015844737493,0.95588589,0.86670667,0.0,True,0.9492068158779117,0.8598838788376635
436,1601,180.92488,882,4299.707,3.2555661,3,67.975883,0.7960154112619952,0.8819180645929551,1335.159061655025,0.91598785,0.86411566,0.0,True,0.8320071428833966,0.8765773432150685
437,0,149.59122,882,5200.332,1.0226232,1,36.947678,0.6582096388184383,0.0,103.68873237952249,0.8323589,0.0,0.0,True,0.7104544171729068,0.0
438,6,192.92647,882,4032.2305,3.9926295,4,134.91328,0.8487926177578609,0.2343674140523575,401.1793162076486,0.92845005,0.14442177,0.0,True,0.8726898474305027,0.20738372083665024
439,1551,222.88339,882,3490.2734,2.0837631,3,33.201012,0.9805146031045575,0.9005594884538078,1637.7346288329397,0.99792081,0.75042254,0.0,True,0.9857364651731904,0.8555184039176655
440,876,187.10919,882,4157.5938,1.8553331,3,146.33492,0.8232114075017624,0.813173057006782,1268.159964241326,0.9657374,0.6943382,0.0,True,0.8659692052512338,0.7775225999047474
441,15128,227.57155,882,3418.3711,3.029747,5,99.235222,1.0011267685935026,1.1826750061976397,2190.2475468534217,1.0159553,0.92233735,0.0,True,1.0055753280154518,1.1045737093383476
442,12,180.95908,882,4298.8945,2.9489641,3,47.683197,0.7961657898685037,0.3065623716193307,477.5613864344339,0.91770929,0.72875893,0.0,True,0.8326288399079527,0.43322133913353156
443,0,151.63252,882,5130.3242,1.9601895,2,96.115807,0.6671879899429588,0.0,105.10365371919951,0.83865637,0.0,0.0,True,0.7186285039600712,0.0
444,712,182.43628,882,4264.0859,2.9939716,4,51.565311,0.8026620061104732,0.7859466302305722,1198.767443964614,0.91677231,0.75366235,0.0,True,0.8368950972773312,0.7762613461614005
445,31400,316.43378,882,2458.4102,2.0062039,4,134.06033,1.3917293412023752,1.3260688550771522,3276.5537191079325,1.1383997,1.169616,0.0,True,1.3157304488416628,1.2791329985540065
446,4,180.20667,882,4316.8438,3.0381129,4,48.043621,0.7928568907107972,0.19226410353752538,322.88700739055525,0.91594964,0.46121645,0.0,True,0.8297847154975582,0.27294980747626774
447,3,152.09366,882,5114.7695,3.0676525,4,252.63458,0.6692162050163885,0.16232054152925562,244.78530264486182,0.97024536,0.49802461,0.0,True,0.7595249515114719,0.26303176207047896
448,389,215.10898,882,3616.418,3.0306897,4,75.349869,0.9463320895301769,0.7281055468009044,1283.9225951467408,0.95588583,0.3180936,0.0,True,0.9491982116711238,0.6051019627606331
449,0,234.05202,882,3323.7227,1.0090821,2,57.893829,1.0296183343047824,0.0,162.23249776735992,1.0150328,0.0,0.0,True,1.0252426740133478,0.0
450,4415,234.06494,882,3323.5391,2.9893761,4,50.987686,1.029675178599946,1.0349337562762206,1964.5576021613804,1.015033,0.95357597,0.0,True,1.0252825250199622,1.0105264203933544
451,1792,188.32762,882,4130.6953,2.9937479,4,45.310978,0.8285694487889305,0.8996890984045748,1410.988767573146,0.91669261,0.88417453,0.0,True,0.8550063971522514,0.8950347278832023
452,556,186.55846,882,4169.8672,3.0160382,4,93.031601,0.8207895655771603,0.7584324883898824,1179.8626685090553,0.96699899,0.78666657,0.0,True,0.8646523929040122,0.7669027128729177
453,0,155.23456,882,5011.2812,1.9986985,2,68.845337,0.6830307198274862,0.0,107.60039758946365,0.83489025,0.0,0.0,True,0.7285885788792403,0.0
454,12927,226.47836,882,3434.8711,1.9676988,3,150.50848,0.9963204807807904,1.1626681694940808,2144.1223004594394,1.0155503,0.93234271,0.0,True,1.0020894265465532,1.0935705316458566
455,11426,183.36317,882,4242.5312,2.9686527,4,40.779861,0.806738107316446,1.118524874832269,1713.3127784429673,1.0747999,0.94871944,0.0,True,0.8871566451215122,1.0675832443825881
456,24335,316.04507,882,2461.4336,2.0100269,4,41.948875,1.3900212559955356,1.2932237683210523,3191.9771770657453,1.1384256,1.1685909,0.0,True,1.314542559196875,1.2558339078247367
457,321,237.10023,882,3280.9922,2.9953024,4,56.126621,1.0430195559811577,0.713188022388306,1369.8826946961262,1.0156088,0.87153089,0.0,True,1.0347963291868103,0.7606908826718142
458,584,188.32726,882,4130.7031,2.983705,4,48.35323,0.8285678849597504,0.765181486417951,1200.2698530748153,0.91669261,0.77491206,0.0,True,0.8550053024718253,0.7681006584925658
459,0,235.99826,882,3296.3125,1.0236607,2,20.461134,1.0381748444798982,0.0,163.5815285360529,1.0118241,0.0,0.0,True,1.0302696211359286,0.0
460,6388,182.95367,882,4252.0273,2.0016153,4,39.246906,0.8049372571571424,1.0486457116308268,1603.1296210282696,1.0762516,1.0183131,0.0,True,0.8863315600099997,1.0395459281415789
461,22610,315.64536,882,2464.5508,3.0043554,5,52.245033,1.388264562292252,1.283602063817408,3164.7348772819264,1.1384702,1.1707838,0.0,True,1.3133262536045764,1.2497565846721856
462,0,280.56558,882,2772.6992,2.0182619,3,80.00766,1.2340887497764095,0.0,194.4732407391658,1.0627192,0.8463648,6.2412709477598485,True,1.1826778848434867,0.25390944000000004
463,0,182.95317,882,4252.0391,1.0010151,2,17.01202,0.8049350243944876,0.0,126.81347396000436,1.0761296,1.0890764,2.9359355112040095,True,0.8862933970761413,0.32672292000000003
464,3202,182.95317,882,4252.0391,2.0062482,4,88.88427,0.8049350243944876,0.9660099491001076,1476.8264023653674,1.0761296,1.0618225,0.0,True,0.8862933970761413,0.9947537143700753
465,0,151.58185,882,5132.0391,1.9988372,2,35.147976,0.6669651321380867,0.0,105.06853195156054,,,,False,0.6669651321380867,0.0
466,0,152.49101,882,5101.4414,2.0037022,3,262.89169,0.670963923820817,0.0,105.69871364223842,,,,False,0.670963923820817,0.0
467,2062,190.2558,882,4088.832,2.0094318,4,275.22018,0.8370485678056698,0.9176563301385458,1452.1085822624607,1.0154976,0.86215401,0.0,True,0.8905832774639688,0.9010056340969821
468,13701,315.65735,882,2464.457,3.0065618,5,217.49677,1.388317358353948,1.2194810109760923,3006.753072785903,1.1384705,1.1737772,0.0,True,1.3133633008477636,1.2057698676832647
469,0,187.68529,882,4144.832,3.9997516,4,275.00647,0.8257448256243811,0.0,130.0935295960757,0.91571426,0.0,0.0,True,0.8527356559370668,0.0
470,4,188.03244,882,4137.1797,4.0098562,4,217.87108,0.8272714196809585,0.19324475965108256,336.9089048920561,0.91598076,0.1328477,0.0,True,0.8538842217766709,0.1751256417557578
471,23931,284.44266,882,2734.9062,2.9981289,5,217.40773,1.2511298584999384,1.2739149774963534,2868.039191762309,1.0718554,1.1013104,0.0,True,1.197347520949957,1.2221336042474473
472,670,236.88983,882,3283.9062,3.0073512,4,56.805607,1.0420945877072219,0.8037797769731923,1542.213991542611,1.0155643,0.87637967,0.0,True,1.0341355013950553,0.8255597448812346
473,533,236.88899,882,3283.918,3.012753,4,51.986557,1.0420908454604174,0.7755771978590094,1488.1998245827806,1.0155643,0.81049377,0.0,True,1.0341328818222921,0.7860521695013065
474,11145,315.23715,882,2467.7422,2.0242,4,57.294857,1.3864706473143649,1.192845530356906,2937.67157317831,1.1385152,1.1758323,0.0,True,1.3120840131200553,1.1877415612498343
475,89,232.92799,882,3339.7617,2.9956534,4,51.693771,1.0246766149524078,0.5545357694763211,1050.7054380253617,1.0143869,0.67704391,0.0,True,1.0215897004666856,0.5912882116334247
476,0,151.7845,882,5125.1875,1.9961088,2,171.22437,0.6678564157705572,0.0,105.20899822770102,,,,False,0.6678564157705572,0.0
477,1224,190.10579,882,4092.0586,3.0101151,5,51.614388,0.8363888750233336,0.8549041279899926,1351.939629001074,1.0158856,0.89710468,0.0,True,0.8902378925163336,0.8675642935929948
478,1281,233.14615,882,3336.6367,3.0128469,4,57.558437,1.0256357233279092,0.8819958307348171,1668.6168221281318,1.0147834,0.87615705,0.0,True,1.0223800263295364,0.880244196514372
479,0,235.89035,882,3297.8203,1.052972,2,22.484419,1.0377004671234988,0.0,163.5067310237987,1.013327,0.0,1.737429512008259,True,1.0303884269864492,0.0
480,21515,284.44104,882,2734.9219,2.0117779,4,57.582413,1.2511226815546341,1.2604686669239105,2837.754081262639,1.0718554,1.0948328,0.0,True,1.1973424970882438,1.2107779068467373
481,3152,237.62361,882,3273.7656,3.0277519,5,46.686485,1.0453205402528203,0.9952434462331075,1914.3972121994423,1.0163451,0.86722672,0.0,True,1.0366279081769743,0.9568384283631752
482,7116,314.40204,882,2474.2969,3.0217664,5,52.228893,1.3828006919257558,1.1350388537115126,2788.866217151866,1.1386137,1.1760666,0.0,True,1.309544594348029,1.1473471775980588
483,5166,237.85861,882,3270.5312,4.0113568,6,109.23183,1.0463536808246792,1.0563929011095,2033.7484502386421,1.0167428,0.91862392,0.0,True,1.0374704165772755,1.01506220677665
484,673,189.90511,882,4096.3828,3.0024166,5,44.648159,0.8355064018748086,0.7829726884147236,1237.1772301785438,1.0166814,0.91658539,0.0,True,0.889858901312366,0.8230564988903065
485,1714,215.55579,882,3608.9219,4.006813,4,51.50174,0.9482966293825419,0.9090786913578145,1605.405910894238,0.96143061,0.39082631,0.0,True,0.9522368235677794,0.7536029769504702
486,17291,284.44104,882,2734.9219,2.0088255,4,51.774506,1.2511226815546341,1.2328560156912283,2775.5919026006227,1.0718554,1.0881726,0.0,True,1.1973424970882438,1.1894509909838598
487,184335,399.41785,882,1947.6445,1.9946096,4,68.234673,1.7563330477600423,1.600402760933836,4842.750063423653,1.1996386,1.3517812,0.0,True,1.5893247134320294,1.5258162926536853
488,44933,303.1517,882,2566.1211,4.0183291,5,44.993656,1.3333580985466784,1.3644777191351918,3247.65575876291,1.0651515,1.1830267,0.0,True,1.2528961189826748,1.3100424133946342
489,171757,399.52203,882,1947.1367,2.0182366,4,41.687119,1.7567906174736763,1.591128712099939,4815.777666640988,1.1993688,1.3500481,0.0,True,1.5895640722315734,1.5188045284699572
490,8092,238.14333,882,3266.6211,2.987325,5,50.508278,1.0476053852597367,1.1119966997164532,2143.0228506841077,0.95838714,0.99927682,0.0,True,1.0208399116818156,1.0781807358015172
491,21569,303.43484,882,2563.7266,3.9960384,5,44.369255,1.334602473519043,1.27115506018186,3028.008159056646,1.0650359,1.0777755,0.0,True,1.25373250146333,1.2131411921273019
492,39730,302.47211,882,2571.8867,3.0115499,5,23.353802,1.330371327818588,1.3484185418202448,3203.153084018007,1.0640122,1.1740594,0.0,True,1.2504635894730116,1.2961107992741714
493,172483,399.60458,882,1946.7344,1.9989009,4,58.600513,1.7571532922770818,1.591728840551703,4818.458221778533,1.1988313,1.3492925,0.0,True,1.5896566945939572,1.518997938386192
494,0,225.81171,882,3445.0117,1.9914428,2,42.310944,0.9933894528798971,0.0,156.52075012392,0.95586133,0.0,0.0,True,0.982131016015928,0.0
495,8567,238.19801,882,3265.8711,3.0029912,5,50.708462,1.0478458182556847,1.1190763500883474,2157.09886385341,0.9582231,0.98464906,0.0,True,1.0209590027789792,1.0787481630618432
496,7405,238.1268,882,3266.8477,3.0088837,5,50.505711,1.0475327641399763,1.1010252957859066,2121.752836089815,0.95805806,0.9728505,0.0,True,1.0206903528979834,1.0625728570501345
497,3905,238.08183,882,3267.4648,2.992898,4,56.165787,1.0473350460092439,1.021943479133405,1969.0617496916352,1.0162663,0.88384336,0.0,True,1.0380144222064707,0.9805134433933835
498,44925,284.44305,882,2734.9023,4.0193696,6,51.884289,1.2511316413207747,1.3534861995398424,3047.17986460535,1.0718554,1.1261995,0.0,True,1.1973487689245423,1.2853001896778897
499,157819,391.5553,882,1986.7539,3.0156665,5,187.83177,1.7217942686290164,1.575773929997889,4686.610258595438,1.2078975,1.3620493,0.0,True,1.5676252380403115,1.5116565409985223
500,6140,278.96603,882,2788.5977,3.0076501,4,53.731686,1.227057940574381,1.0993618364604145,2433.3943734725513,1.0726416,0.9924897,0.0,True,1.1807330384020667,1.06730019552229
501,2707,237.9922,882,3268.6953,3.0176418,5,52.151684,1.0469410179338943,0.9766345668424884,1881.1700386044845,1.0158674,0.80793512,0.0,True,1.037618932553726,0.926024732789742
502,167921,391.84113,882,1985.3047,2.0504007,4,10.633207,1.7230498507519274,1.5840941713614287,4714.342835027741,1.2075194,1.3613106,0.0,True,1.5683907155263492,1.517259099953
503,170993,395.25049,882,1968.1797,2.1126626,4,46.567543,1.7380267732601264,1.5882900506824762,4762.527141739758,1.2033488,1.3604004,0.0,True,1.5776233812820886,1.5199231554777333
504,0,187.78032,882,4142.7344,4.0044312,4,176.27228,0.8261627251033513,0.0,130.1593993726443,0.91651779,0.0,0.0,True,0.853269244572346,0.0
505,42985,284.4455,882,2734.8789,2.9902649,5,176.15546,1.2511423383524947,1.3479105856489102,3034.6503435631757,1.0718554,1.1238716,0.0,True,1.1973562568467462,1.280698889954237
506,1890,237.41992,882,3276.5742,3.0193334,4,51.409431,1.0444250634112853,0.9319856804267097,1791.4258307216592,1.0149895,0.67710859,0.0,True,1.0355943943878998,0.8555225532986968
507,1264,188.56764,882,4125.4375,2.0097587,3,280.62378,0.8296249347769903,0.8579298583137448,1347.0551124043739,0.98229837,0.65870458,0.0,True,0.8754269653438931,0.7981622748196214
508,3202,205.14282,882,3792.1094,3.8969383,4,46.814587,0.9025108940542421,0.979418065255799,1655.944703399707,0.96521974,0.91874319,0.0,True,0.9213235478379695,0.9612156026790594
509,181275,399.12646,882,1949.0664,1.9861931,4,46.57135,1.7550530657150387,1.598039495826717,4832.535979380743,1.196759,1.3473943,0.0,True,1.587564846000527,1.5228459370787018
510,0,167.05986,882,4656.5586,1.0840982,2,58.168171,0.7350396036090656,0.0,115.79707094373917,0.87601602,0.0,0.0,True,0.7773325285263459,0.0
511,0,169.30959,882,4594.6836,1.0141728,2,12.861058,0.744933818532475,0.0,117.3564649502603,0.88183743,0.0,0.0,True,0.7860049019727325,0.0
512,160940,397.02026,882,1959.4062,2.0342448,4,50.072094,1.7458010822712828,1.5812330647491635,4759.796227328329,1.1955776,1.3462354,0.0,True,1.580734037589898,1.5107337653244146
513,57612,307.4993,882,2529.8398,3.9844787,5,45.129936,1.3524651388818532,1.3986689651659963,3370.659995292583,1.0640709,1.1246428,0.0,True,1.265946867217297,1.3164611156161974
514,6392,238.07187,882,3267.6016,3.004642,5,50.499336,1.0472912255528637,1.0828187475243634,2086.2512535482488,0.95796317,0.91555876,0.0,True,1.0204928088870044,1.0326407512670543
515,3416,279.46085,882,2783.6602,3.0157549,4,47.626221,1.2292328643434702,1.025706474358814,2273.9200802519995,1.0600075,0.92323858,0.0,True,1.1784652550404293,0.9949661060511699
516,159700,397.01474,882,1959.4336,2.9888735,5,168.09431,1.7457766945226205,1.5802100286451917,4756.659349365668,1.1955776,1.3460435,0.0,True,1.5807169661658345,1.5099600700516342
517,2183,278.96915,882,2788.5664,2.0159776,4,44.600479,1.22707170369915,0.9690655741236391,2145.0973219021166,1.0591525,0.874259,0.0,True,1.176695942589405,0.9406236018865474
518,32717,303.95401,882,2559.3477,3.9943573,5,44.162945,1.336884120314319,1.3245133882737166,3159.8181145229755,1.0652781,1.1130675,0.0,True,1.2554023142200232,1.2610796217916016
519,7149,238.12595,882,3266.8594,3.0036368,5,49.985718,1.0475290147791625,1.096677806683808,2113.369588872386,0.95805806,0.95367926,0.0,True,1.0206877283454137,1.0537782426786657
520,7315,238.07358,882,3267.5781,3.0054522,5,51.178421,1.0472987529288882,1.0994840757593682,2118.36816505784,0.95796317,0.93832636,0.0,True,1.0204980780502217,1.0511367610315578
521,1584,237.8819,882,3270.2109,3.0236788,4,50.928154,1.0464561030383475,0.9103991314899441,1752.9446803178616,0.95757532,0.70483309,0.0,True,1.0197918681268432,0.8487293190429608
522,861,218.36008,882,3562.5742,2.0024879,3,198.41141,0.9606266764579073,0.8264077319011183,1476.2046927781525,0.99139649,0.6973744,0.0,True,0.9698576205205351,0.7876977323307828
523,38064,302.09494,882,2575.0977,2.0049345,4,134.83376,1.328713718045538,1.3427510562404978,3186.2185252917616,1.0632762,1.171827,0.0,True,1.2490824626318766,1.2914738393683485
524,63,188.31551,882,4130.9609,3.9943664,4,158.1254,0.8285162017220158,0.4994460715153129,786.1018676679045,0.86944664,0.30716759,0.0,True,0.840795333205411,0.441762527060719
525,18114,303.22003,882,2565.543,4.015285,6,158.50868,1.333658313311054,1.2488062796876491,2972.9361891304125,1.0646572,1.072757,0.0,True,1.252957979317738,1.1959914957813544
526,0,188.0715,882,4136.3203,4.0067425,4,158.49539,0.8274432181418155,0.0,130.36122996867974,0.8689031,0.0,0.0,True,0.8398811826992709,0.0
527,31222,303.75049,882,2561.0625,3.9966848,6,157.95444,1.3359896868428311,1.3184419936910428,3143.4962972980934,1.0648923,1.1109596,0.0,True,1.2546604707899818,1.2561972755837298
528,3,188.29521,882,4131.4062,4.0007753,4,158.27267,0.8284269440379712,0.1664798703796733,303.0494497037405,0.86928326,0.10238777,0.0,True,0.8406838388265798,0.1472522402657713
529,5339,237.0105,882,3282.2344,1.9932854,4,58.898396,1.042625053416895,1.0599945724350956,2034.3009820064192,1.0136465,0.88884604,0.0,True,1.0339314873918264,1.008650012704567
530,7837,182.95988,882,4251.8828,3.0271878,5,48.587013,0.8049646000434247,1.0731126687347161,1640.5768287303822,1.0762517,0.99965209,0.0,True,0.8863507300303973,1.0510744951143014
531,2971,190.25417,882,4088.8672,2.9887853,4,49.524628,0.8370413653940181,0.9615515663481782,1521.5247769282398,1.0154974,0.81632006,0.0,True,0.8905781757758127,0.9179821144437247
532,7599,238.16753,882,3266.2891,3.0221744,5,51.243572,1.0477118033204602,1.104243884250087,2128.2734069424455,1.0154546,0.93393856,0.0,True,1.0380346423243223,1.053152286975061
533,5568,238.03232,882,3268.1445,4.0027556,5,107.85777,1.0471173572707886,1.0657460114841828,2053.0645440940366,1.0156519,0.90042382,0.0,True,1.037677720089552,1.016149354038928
534,148,237.96291,882,3269.0977,3.0092914,4,52.002632,1.046812226590971,0.6182912343481142,1192.3453555318508,1.0146468,0.40089411,0.0,True,1.0371625986136797,0.5530720970436799
535,17321,315.64185,882,2464.5781,4.0084691,6,51.598255,1.388249197028711,1.2494868924795808,3080.598290296523,1.1384702,1.1736313,0.0,True,1.3133154979200978,1.2267302147357064
536,2943,238.20485,882,3265.7773,3.014977,5,58.20396,1.0478758961737091,0.9870681432547144,1902.7479688284766,1.0150775,0.89618129,0.0,True,1.0380363773215964,0.9598020872783
537,3287,238.30632,882,3264.3867,3.0178702,5,57.028202,1.0483220087608132,1.0007772100465628,1929.8853285483601,1.0157058,0.84030813,0.0,True,1.0385371461325692,0.952636486032594
538,5216,238.40703,882,3263.0078,3.0064707,5,50.729992,1.048764743145056,1.0578835009981393,2040.7330565044306,1.0156575,0.89342225,0.0,True,1.0388325702015393,1.0085451256986975
539,1109,234.52887,882,3316.9648,3.006062,4,51.085796,1.031714788518879,0.864870075744753,1644.7546684363404,0.95633978,0.84422177,0.0,True,1.0091022859632153,0.8586755840213272
540,1643,234.53604,882,3316.8633,2.9925246,5,50.527309,1.0317463412047143,0.9133178162827948,1736.855627083978,0.9563399,0.79219717,0.0,True,1.0091244088433,0.8769816223979564
541,2454,234.73453,882,3314.0586,3.0129762,5,50.504749,1.0326189853018894,0.9628767930777118,1832.405647360131,0.95687884,0.88878167,0.0,True,1.0098969417113226,0.9406482561543983
542,16001,303.22049,882,2565.5391,3.9963861,6,48.408928,1.3336603390903001,1.2330091517568789,2935.3354999315643,1.0646572,1.06226,0.0,True,1.25295939736321,1.181784406229815
543,2557,234.71628,882,3314.3164,3.01333,5,50.616722,1.032538712751776,0.9679371802486235,1841.905925160195,0.95671409,0.86784458,0.0,True,1.0097913259262432,0.9379094001740365
544,2607,280.66721,882,2771.6953,4.0195513,5,101.87125,1.2345354108411273,0.9921852951003358,2207.93099561415,1.0698833,0.75315511,0.0,True,1.185139777588789,0.920476239570235
545,3213,235.06119,882,3309.4531,3.0251713,5,50.556873,1.0340551302790921,0.9962774692853475,1898.2560645193923,0.9573397,0.9000386,0.0,True,1.0110405011953645,0.9674058084997432
546,29023,303.74771,882,2561.0859,4.0120792,6,48.37838,1.3359774897648198,1.3091362686431007,3121.2849831541234,1.0648923,1.105152,0.0,True,1.2546519328353738,1.2479409880501704
547,3495,235.0182,882,3310.0586,3.0018232,4,50.716072,1.033866087614997,1.006630905436279,1917.668779035308,0.95717502,0.89423621,0.0,True,1.0108587673304978,0.9729124968053953
548,3828,281.09824,882,2767.4453,4.0149121,6,101.1501,1.2364299330026862,1.0408231699414408,2319.234784007961,1.0706471,0.85269052,0.0,True,1.1866950831018803,0.9843833749590085
549,0,258.57169,882,3008.543,4.0626707,5,171.07953,1.1374111137869825,0.0,179.2282378961202,1.0716306,0.0,0.0,True,1.1176769596508878,0.0
550,54508,363.78616,882,2138.4102,4.0683651,6,45.189621,1.5997985184025025,1.4220639516826437,3967.50259096123,1.2126331,1.3307036,0.0,True,1.4836488928817517,1.3946558461778507
551,52300,307.50784,882,2529.7695,3.0115309,5,158.53838,1.352502692971696,1.386330943320902,3341.008071201426,1.0640709,1.1180305,0.0,True,1.2659731550801872,1.3058408103246313
552,562,257.01294,882,3026.7891,2.9900761,4,45.218594,1.130559095954751,0.7900553223089274,1628.1909182370157,1.0706758,0.67992568,0.0,True,1.1125941071683256,0.7570164296162492
553,52464,360.20538,882,2159.668,3.0303373,5,46.380272,1.5840661316786868,1.4152575820294606,3914.6834766419483,1.2104218,1.330373,0.0,True,1.471972832175081,1.3897922074206224
554,453,257.10056,882,3025.7578,3.0138001,4,125.45618,1.1309441814446335,0.7632444527153223,1573.5318937788438,1.0710796,0.80715775,0.0,True,1.1129848070112434,0.7764184419007256
555,899,237.97771,882,3268.8945,3.0066166,4,52.157722,1.0468772584177215,0.8405152796116961,1619.0826011785923,0.95785445,0.63732481,0.0,True,1.020170415892405,0.7795581387281874
556,446,224.30882,882,3468.0938,3.0242851,4,207.8831,0.9867817021930657,0.7485758262453375,1369.358966306991,0.98907816,0.5753693,0.0,True,0.987470639535146,0.6966138683717362
557,662,278.52319,882,2793.0312,3.0033245,4,162.15282,1.225111571825604,0.8186505539629962,1809.922273792233,1.0582602,0.5235461,0.0,True,1.1750561602779228,0.7301192177740974
558,0,213.53893,882,3643.0078,4.0089602,4,162.60728,0.9394287350314049,0.0,148.0139072692875,0.96260983,0.0,0.0,True,0.9463830635219834,0.0
559,51242,360.21124,882,2159.6328,1.9980521,4,162.04439,1.584091926590679,1.4121915614849099,3906.2581354117747,1.2104219,1.3302102,0.0,True,1.4719909186134754,1.3875971530394369
560,1462,237.10023,882,3280.9922,2.9993896,4,51.661751,1.0430195559811577,0.9001371916156554,1728.2064328243598,1.0156088,0.82196075,0.0,True,1.0347963291868103,0.8766842591309587
561,39406,284.44305,882,2734.9023,2.0020366,4,52.057518,1.2511316413207747,1.33692598493464,3009.8978830538563,1.0718554,1.1189505,0.0,True,1.1973487689245423,1.271533339454248
562,31596,284.439,882,2734.9414,3.0096734,5,51.672203,1.251113767628932,1.3090167682246951,2947.029558984638,1.0718553,1.1107348,0.0,True,1.1973362273402524,1.2495321777572865
563,36981,302.08716,882,2575.1641,2.0078754,4,40.03252,1.3286794840629683,1.339071983718337,3177.4172827277775,1.0632759,1.168816,0.0,True,1.249058408844078,1.287995188602836
564,68,225.56311,882,3448.8086,3.9997804,4,49.933865,0.9922964335760621,0.5197356743182914,958.3037996168563,0.95421916,0.31158134,0.0,True,0.9808732515032434,0.45728937402280395
565,124,238.23248,882,3265.3984,4.0055847,5,51.853516,1.0479974118655393,0.5966733448683429,1152.15943267218,1.0154679,0.39586323,0.0,True,1.0382385583058775,0.5364303104078401
566,35677,302.08899,882,2575.1484,2.008405,4,10.521351,1.3286875783845447,1.334502958560533,3166.592724377008,1.0632761,1.1664305,0.0,True,1.2490641348691813,1.284081220992373
567,35877,302.21277,882,2574.0938,1.9853367,4,45.40897,1.3292315158452708,1.3352841796151071,3169.579560488591,1.0632981,1.165258,0.0,True,1.2494514910916896,1.284276325730575
568,435,218.33304,882,3563.0156,2.0615993,4,272.48041,0.9605077371144193,0.743060341171683,1327.4502974821332,0.99139583,0.81224179,0.0,True,0.9697741649800935,0.7638147758201781
569,32101,302.19031,882,2574.2852,2.0006075,4,158.4482,1.3291327632257501,1.3211132911570536,3135.739629017312,1.0632979,1.1584487,0.0,True,1.2493823042580252,1.2723139138099375
570,2570,234.3801,882,3319.0703,2.9903488,4,50.331486,1.0310606995382194,0.9683914172907887,1840.4554580700017,0.95661265,0.94281465,0.0,True,1.0087262846767535,0.9607183871035521
571,14498,302.93127,882,2567.9883,4.0264854,6,48.13187,1.3323893601903183,1.2202979172166206,2902.658326050826,1.0642717,1.0569022,0.0,True,1.2519540621332228,1.1712792020516345
572,2244,234.37292,882,3319.1719,3.0220957,5,51.170074,1.0310291577300181,0.9516656196527595,1808.6338242957984,0.95661247,0.90562892,0.0,True,1.0087041514110127,0.9378546097569317
573,48433,307.51926,882,2529.6758,2.9922087,5,48.063442,1.3525527505273796,1.376536143458274,3317.511002802837,1.0640711,1.1119663,0.0,True,1.2660082553691656,1.2971651904207917
574,8408,281.13513,882,2767.082,4.0114512,6,100.8201,1.2365921510210258,1.140087947813834,2540.667861278354,1.0706477,0.93460906,0.0,True,1.186808815714718,1.0784442814696837
575,2312,234.39223,882,3318.8984,3.0252607,5,49.949303,1.031114070437567,0.9553554488878114,1815.774001462756,0.95628244,0.87571776,0.0,True,1.0086645813062969,0.931464142221468
576,23967,303.44687,882,2563.625,4.017683,6,48.167667,1.3346553244272268,1.2845896846053695,3060.1150000826283,1.064507,1.0981002,0.0,True,1.2536108270990587,1.2286428392237585
577,2198,234.36244,882,3319.3203,3.0239856,5,51.228127,1.0309830902890047,0.9491071282960651,1803.703172916064,0.95595777,0.84297764,0.0,True,1.0084754942023033,0.9172682818072455
578,3687,234.58025,882,3316.2383,3.0193005,5,50.460041,1.031940673680249,1.0129940300759648,1926.6335607199028,0.95630115,0.91046673,0.0,True,1.0092488165761744,0.9822358400531753
579,42242,307.48602,882,2529.9492,3.0292969,5,48.237022,1.3524067018143981,1.3590665076349198,3275.1005113192073,1.0640705,1.1079152,0.0,True,1.2659058412700785,1.2837211153444439
580,3094,234.52554,882,3317.0117,3.0133374,4,50.10199,1.0317002096538568,0.9913440067193225,1885.08491914304,0.95598847,0.88188708,0.0,True,1.0089866877576996,0.9585069287035257
581,2,186.50623,882,4171.0352,3.9979281,4,158.4184,0.8205598329804655,0.13178120724947273,258.55253496272934,0.86903459,0.081138678,0.0,True,0.8351022600863258,0.11658844847463092
582,12815,302.94559,882,2567.8672,4.0078449,6,158.54259,1.3324521464508374,1.2045913668489763,2865.4192527083205,1.0642719,1.0547658,0.0,True,1.2519980725155861,1.1596436967942834
583,38852,306.93201,882,2534.5156,1.9859166,4,58.594101,1.349972011500187,1.348082716970114,3243.5243685203513,1.0633022,1.1017735,0.0,True,1.263971068050131,1.2741899518790798
584,0,186.13945,882,4179.2539,4.0105786,4,158.97701,0.8189469352085038,0.0,129.0220349584789,0.86798388,0.0,0.0,True,0.8336580186459527,0.0
585,21098,303.45474,882,2563.5586,3.9970312,6,158.57224,1.3346898670463438,1.2683533135845502,3021.507439855633,1.0645071,1.0890199,0.0,True,1.2536350369324407,1.214553289509185
586,0,185.98126,882,4182.8086,4.0124655,4,158.97595,0.8182512974986726,0.0,128.91238600598612,0.86745715,0.0,0.0,True,0.8330130532490708,0.0
587,5368,275.89511,882,2819.6367,4.0036621,5,52.51141,1.213559869962566,1.080923309145658,2369.548103260266,1.0724308,0.92730033,0.0,True,1.1712211489737963,1.0348364154019607
588,4742,234.80179,882,3313.1094,2.9835658,5,50.080853,1.0329146503381168,1.044146736732215,1987.5116705694254,0.95712042,0.971641,0.0,True,1.0101763812366817,1.0223950157125505
589,6496,224.58429,882,3463.8398,2.9936335,5,48.856079,0.9879928860917356,1.0770576825717322,1971.6815642520019,0.98968267,0.96846479,0.0,True,0.988499821264215,1.0444798148002126
590,86623,361.69565,882,2150.7695,3.0142965,5,93.157097,1.5906138891012735,1.4813510697817478,4112.242172843977,1.2132431,1.3336596,0.0,True,1.4774026523708914,1.4370436288472235
591,9773,281.80307,882,2760.5234,4.066783,6,92.356758,1.2395279861642452,1.1594116121746312,2589.089203732726,1.0782514,1.0508471,0.0,True,1.1911450103149717,1.1268422585222417
592,0,214.6608,882,3623.9688,3.9975996,4,140.80923,0.9443614260369818,0.0,148.79152829674229,0.96683061,0.0,0.0,True,0.9511021812258873,0.0
593,1485,286.9588,882,2710.9258,4.0563521,6,140.47125,1.2621889867882137,0.9238177670892769,2096.0951305770704,1.0559884,0.85179406,0.0,True,1.2003288107517496,0.9022106549624938
594,85424,361.73114,882,2150.5586,2.0383162,4,48.162552,1.5907697317664682,1.4795539005769796,4107.603879079732,1.2131193,1.3329549,0.0,True,1.4774746022365277,1.4355742004038856
595,5197,283.12195,882,2747.6641,4.0183582,6,138.26328,1.2453248623108562,1.0803616030407621,2422.4541379040757,1.0982064,0.95194799,0.0,True,1.2011893236175992,1.0418375191285336
596,4333,266.48221,882,2919.2344,3.0182872,4,45.48761,1.1721842885095437,1.0493906324343616,2231.649109031843,1.0743638,0.99059677,0.0,True,1.1428381419566807,1.031752473704053
597,2837,280.68503,882,2771.5195,4.1134243,6,136.73517,1.2346136620757864,1.002853347030848,2231.7848192508304,1.0709677,0.9000147,0.0,True,1.1855198734530505,0.9720017529215936
598,4574,266.48114,882,2919.2461,2.9708307,5,46.157822,1.172179593747204,1.0561714423384516,2246.0577490315386,1.0743638,0.97324944,0.0,True,1.1428348556230428,1.031294841636916
599,83078,362.26083,882,2147.4141,3.0681179,5,46.146091,1.5930969591823203,1.476206642976199,4103.5310259188755,1.2124443,1.3325211,0.0,True,1.4789011614276242,1.4331009800833392
600,2778,266.17624,882,2922.5898,4.0372419,6,93.519897,1.1708394342118007,0.9935592868621153,2110.8324705199916,1.0739092,0.94689912,0.0,True,1.1417603639482605,0.9795612368034807
601,3931,289.25366,882,2689.418,4.0615153,6,46.360203,1.2722754572993136,1.0479487439715827,2394.1981800733483,1.059603,0.91600215,0.0,True,1.2084737201095195,1.0083647657801078
602,158745,397.10657,882,1958.9805,4.0089574,6,92.867851,1.7461800699872354,1.5794670584171433,4755.377789410824,1.1949108,1.344352,0.0,True,1.5807992889910647,1.5089325408920002
603,2067,265.70392,882,2927.7852,3.9895387,6,92.872116,1.1687631798855438,0.9563212706548605,2028.6017825740473,1.0733436,0.91790622,0.0,True,1.1401373059198807,0.9447967554584022
604,6201,283.78036,882,2741.2891,4.0152197,6,46.871445,1.2482188139535144,1.1029836046107524,2478.193814664668,1.1000906,0.97058201,0.0,True,1.2037803497674602,1.0632631262275267
605,149600,396.9704,882,1959.6523,4.0333052,6,91.577332,1.7455820619860125,1.5715701959941137,4730.193578508673,1.1949077,1.343567,0.0,True,1.5803797533902086,1.5031692371958796
606,7341,293.39447,882,2651.4609,3.1123533,5,42.460857,1.290475042135953,1.1290423778226244,2611.6516837260538,1.0650443,1.0092385,0.0,True,1.2228458194951672,1.093101214475837
607,15,261.79816,882,2971.4648,4.0335417,5,93.838821,1.1515942837909512,0.346668083218517,741.7300403613643,1.0771382,0.36756071,0.0,True,1.129257458653666,0.3529358712529619
608,4036,282.79791,882,2750.8125,4.0820713,6,48.323692,1.2439005804912626,1.0482928930482605,2348.2138027961932,1.0751131,0.93170428,0.0,True,1.193264336343884,1.0133163091337825
609,142750,396.09796,882,1963.9688,4.0422668,6,94.845604,1.7417494452270066,1.5649350648629887,4701.232872550436,1.1943355,1.3424709,0.0,True,1.5775252616589046,1.4981958154040922
610,5318,269.22263,882,2889.5195,2.1839216,4,93.417885,1.1842303213703398,1.0764324117167652,2309.722482307586,1.0577666,1.022488,0.0,True,1.1462912049592378,1.0602490882017357
611,12019,282.83484,882,2750.4531,4.0212226,6,126.26324,1.2440630021029617,1.1860609135224534,2657.0665621815547,1.0611095,1.0197693,0.0,True,1.1891769514720731,1.1361734294657173
612,4011,265.33646,882,2931.8398,3.2115879,5,92.889076,1.1671479358667107,1.0391559393172183,2201.5747157845526,1.0482333,1.0093806,0.0,True,1.1314735451066975,1.0302233375220529
613,859,265.23291,882,2932.9844,4.0583744,6,86.488625,1.1666927656356894,0.8462245788337294,1792.4690714643748,1.0725023,0.86332148,0.0,True,1.1384356259449826,0.8513536491836107
614,0,265.80075,882,2926.7188,1.9952135,3,46.01025,1.1691887479035556,0.0,184.23904045321888,1.0727572,0.0,0.0,True,1.140259283532489,0.0
615,14061,282.98517,882,2748.9922,3.9769156,5,48.007866,1.2447236552446799,1.2059513240891646,2702.876965608999,1.0614684,1.0301702,0.0,True,1.1897470786712758,1.1532169868624154
616,118580,392.78241,882,1980.5469,1.9968364,4,13.945006,1.7271848987449445,1.5387728971943877,4589.018291165534,1.1923987,1.339048,0.0,True,1.5667490391214614,1.4788554280360715
617,100863,390.13315,882,1993.9961,2.0181437,4,89.358513,1.7155469726286559,1.5161103893769718,4494.934017367089,1.1911533,1.337483,0.0,True,1.5582288708400591,1.4625221725638802
618,96443,389.60883,882,1996.6797,2.012013,4,81.91716,1.713243531083847,1.5099469709633921,4471.43463713589,1.1909217,1.3372045,0.0,True,1.556546981758693,1.4581242296743744
619,19546,308.07727,882,2525.0938,3.0007458,4,49.634666,1.3550051314809144,1.261046405551228,3043.99697972966,1.0639865,1.0523704,0.0,True,1.26769954203664,1.1984436038858597
620,16831,267.21878,882,2911.1875,2.9483042,5,81.287224,1.1754221335679917,1.219833853757015,2600.331741317507,1.059481,1.0340745,0.0,True,1.1406397934975943,1.1641060476299105
621,1231,239.60977,882,3246.6289,2.4847002,4,38.993034,1.0540523932215229,0.8800560936679245,1705.3519736559429,1.0090085,0.98895448,0.0,True,1.040539225255066,0.9127256095675471
622,2036,257.20779,882,3024.4961,0.48195666,2,79.954239,1.131415654800812,0.9505635073694424,1959.8524254365282,1.0325539,0.99578983,0.0,True,1.1017571283605685,0.9641314041586097
623,3166,270.40665,882,2876.8672,2.1917796,4,69.677811,1.1894348814469815,1.0119315287194188,2179.709000284196,1.052305,1.0048463,0.0,True,1.148295917012887,1.0098059601035931
624,17395,307.71027,882,2528.1055,3.0268462,5,79.972702,1.3533922070576123,1.2459779128470325,3004.4994023236486,1.0634927,1.0371786,0.0,True,1.2664223549403286,1.1833381189929226
625,0,243.08078,882,3200.2695,2.111824,3,94.829308,1.06931195726456,0.0,168.49075730531234,1.0152967,0.99088985,1.8862225721670514,True,1.053107380085192,0.29726695500000005
626,19179,268.90271,882,2892.957,3.1815922,5,88.595001,1.182824154809071,1.2371767188577412,2651.831262982226,1.0610235,1.0401145,0.0,True,1.1462839583663498,1.1780580532004188
627,18314,307.88629,882,2526.6602,2.0200107,4,51.795536,1.3541657620638803,1.252638561279202,3022.06720037588,1.0637388,1.0451204,0.0,True,1.2670376734447162,1.1903831128954414
628,384,230.50827,882,3374.8203,3.9849746,4,183.82474,1.0140382852867842,0.732708143551481,1372.8697684366891,0.95920342,0.33957857,0.0,True,0.9975878257007489,0.6147692714860367
629,101,231.04124,882,3367.0352,3.9574139,4,184.30673,1.0163815049286526,0.5693901132833754,1070.8135325045205,0.96142328,0.2726087,0.0,True,0.9998940374500569,0.4803556892983628
630,20287,269.44043,882,2887.1836,2.0376008,4,49.266769,1.1851877695600945,1.244533960754267,2672.2654970324097,1.0614347,1.0438222,0.0,True,1.1480618486920662,1.1843204325279868
631,0,267.14316,882,2912.0117,2.0169573,3,174.99605,1.1750896767962886,0.0,185.16952815987437,1.0654261,1.0312024,9.827422856961718,True,1.1421906037574021,0.30936072000000003
632,78395,389.01898,882,1999.707,2.0122585,4,57.109173,1.7106524914653363,1.4823928056649396,4384.06532166384,1.1906931,1.3362986,0.0,True,1.5546646740257355,1.4385645439654577
633,60023,386.9592,882,2010.3516,2.0743074,4,18.573238,1.7016037688113768,1.446259436362849,4257.524952291638,1.1901509,1.3352498,0.0,True,1.5481679081679636,1.4129565454539943
634,17270,274.47754,882,2834.1992,2.9893904,4,48.791134,1.2073288317455289,1.2271800417525869,2678.033982696734,1.0573615,0.98370349,0.0,True,1.1623386322218703,1.1541370762268108
635,17285,274.63159,882,2832.6094,3.0236168,4,49.099823,1.2080059660895797,1.227375760120851,2679.7754265931694,1.1201952,1.1340023,0.0,True,1.1816627362627057,1.1993637220845956
636,0,211.93839,882,3670.5195,3.9945292,4,75.381157,0.9323912553040505,0.0,146.9044974809141,1.0023605,0.0,0.0,True,0.9533820287128354,0.0
637,2070,274.5267,882,2833.6914,3.965168,4,263.93973,1.2075450335440605,0.9604287781976802,2096.3598945260483,1.057606,0.83948928,0.0,True,1.1625633234808423,0.9241469287383762
638,14410,274.47488,882,2834.2266,2.9934731,4,213.22154,1.2073171680759232,1.2044082704669399,2628.321077017988,1.0573615,0.96248192,0.0,True,1.1623304676531463,1.131830365326858
639,15818,274.63309,882,2832.5938,3.0079877,5,214.05315,1.2080126142707304,1.2162212507392578,2655.435652477609,1.1201952,1.1342459,0.0,True,1.1816673899895114,1.1916286455174805
640,0,214.83447,882,3621.0391,1.0003524,2,40.248993,0.9451250655102242,0.0,148.91190716759016,1.0035403,0.0,0.0,True,0.962649635857157,0.0
641,167,213.69887,882,3640.2812,2.0399554,4,80.628288,0.9401319883631182,0.6248248904872837,1096.253558593513,1.0038435,0.82477021,0.0,True,0.9592454418541827,0.6848084863410986
642,130194,396.11844,882,1963.8672,2.9953969,5,82.778351,1.741839462367348,1.5528062016866584,4665.006173134266,1.1943331,1.3399671,0.0,True,1.5775875536571435,1.4889544711806608
643,6010,289.06808,882,2691.1445,3.090847,5,341.52304,1.271459836905745,1.1015985659760672,2515.3295839903376,1.0597039,1.0029,0.0,True,1.2079330558340216,1.071988996183247
644,4004,284.10989,882,2738.1094,4.0256748,6,383.84485,1.2496672821653048,1.047899848281036,2356.847376434565,1.1002989,1.055287,0.0,True,1.2048567675157134,1.0501159937967253
645,12608,284.95465,882,2729.9922,3.0383267,5,381.91934,1.25338025003644,1.193224359600484,2690.611741423102,1.0786049,1.0994232,0.0,True,1.2009476450255079,1.1650840117203387
646,18277,278.02704,882,2798.0156,2.9937007,4,359.8988,1.2229307103623293,1.2363036220144312,2728.420619878892,1.0827261,1.0591968,0.0,True,1.1808693272536304,1.1831715754101018
647,1861,263.22797,882,2955.3242,4.030262,6,94.09642,1.1578795002366002,0.9420733395363493,1982.0917076584142,1.0725039,0.85334516,0.0,True,1.1322668201656203,0.9154548856754445
648,1118,263.29132,882,2954.6133,4.0027485,5,92.572525,1.1581579054432325,0.8783870839312853,1848.5904647885204,1.0725107,0.67353344,0.0,True,1.1324637438102627,0.8169309907518997
649,10813,283.94019,882,2739.7461,2.0287313,4,124.73042,1.2489212865967436,1.173289294787855,2637.4322155926243,1.0778918,1.0966657,0.0,True,1.1976124406177204,1.1503022163514984
650,15410,277.40274,882,2804.3125,2.0425215,4,119.85545,1.2201866565942332,1.2144656911498803,2674.9673547246275,1.0822573,1.0531561,0.0,True,1.1788078496159633,1.1660728138049163
651,2414,283.21335,882,2746.7773,3.9851706,6,249.42879,1.245726624246207,0.9836070049206825,2206.194770669556,1.0997937,1.0527638,0.0,True,1.2019467469723448,1.0043540434444778
652,0,152.91969,882,5087.1406,2.4153435,3,24.762398,0.6728493739657349,0.0,105.99585197560086,0.85184854,0.0,0.0,True,0.7265491237760144,0.0
653,0,205.9901,882,3776.5117,1.0172389,2,82.390762,0.9062364599092293,0.0,142.78145703826118,0.97041041,0.86681294,2.061824366649626,True,0.9254886449364605,0.260043882
654,10886,213.73328,882,3639.6953,3.9457397,6,84.435173,0.9402832430087174,1.1335099476156991,1986.7398669861946,1.0033114,0.99586421,0.0,True,0.9591916901061022,1.0922162263309894
655,3880,174.28519,882,4463.5117,3.7262657,6,17.970934,0.7668158313712634,0.9832807232117224,1440.3112432115963,0.91088963,0.92718303,0.0,True,0.8100379709598844,0.9664514152482058
656,7,147.77501,882,5264.2461,3.006886,4,24.117182,0.650221239515108,0.24266282356406021,324.69488388810566,0.83700615,0.55205673,0.0,True,0.7062567126605757,0.33548099549484217
657,4,160.99173,882,4832.0742,2.6716981,3,22.71188,0.7083517805195468,0.18971051135343395,288.4584566949063,0.87610024,0.60583717,0.0,True,0.7586763183636828,0.31454850894740377
658,2294,213.70735,882,3640.1367,3.4245555,5,37.758343,0.9401692876419504,0.9436489793700418,1653.864888054429,1.0033095,0.88590145,0.0,True,0.9591113513493653,0.9263247205590293
659,0,213.79317,882,3638.6758,0.6388858,2,43.438038,0.940546550927057,0.0,148.19013300847308,1.0033119,0.82567132,1.5557161954548766,True,0.9593761556489399,0.24770139600000005
660,13248,213.94315,882,3636.125,3.0024467,5,75.91906,0.9412059966970909,1.1575924188929643,2030.6954997742089,1.0047789,0.97382587,0.0,True,0.9602778676879637,1.102462454225075
661,12168,213.71997,882,3639.9219,4.0049038,6,83.161865,0.9402247386836066,1.1470763455996729,2010.4058794261061,1.003184,0.99883497,0.0,True,0.9591125170785246,1.102603932919771
662,14947,274.32404,882,2835.7852,3.0143042,5,91.983116,1.2066540718915597,1.208926402344907,2636.912316218726,1.1201417,1.1441402,0.0,True,1.1807003603240918,1.1894905416414348
663,0,214.38695,882,3628.5977,4.0152664,4,251.10536,0.9431573943688677,0.0,148.60170994134597,1.0038573,0.0,0.0,True,0.9613673660582074,0.0
664,0,209.17558,882,3719.0,2.0010223,2,204.00839,0.9202432321240537,0.0,144.98946351899127,1.0000387,0.0,0.0,True,0.9441818724868376,0.0
665,13359,274.0134,882,2839.0,2.0091453,4,60.610115,1.2052886542532923,1.1946310224346648,2603.1534119943044,1.1200894,1.144485,0.0,True,1.1797288779773045,1.1795872157042653
666,417,214.68602,882,3623.543,3.9639318,4,250.49277,0.9444723360703773,0.7363903808851492,1296.2464770718225,1.0040972,0.41875878,0.0,True,0.9623597952492641,0.6411009006196043
667,10350,274.0134,882,2839.0,2.0017121,4,59.754997,1.2052886542532923,1.1625417888665195,2533.236076716171,1.1200894,1.1438749,0.0,True,1.1797288779773045,1.1569417222065637
668,0,271.01566,882,2870.4023,2.0071557,3,298.58899,1.1921119359685806,0.0,187.85374061659275,,,,False,1.1921119359685806,0.0
669,8467,274.0134,882,2839.0,2.0011213,4,161.29155,1.2052886542532923,1.137292526821787,2478.223146283925,1.1200894,1.144143,0.0,True,1.1797288779773045,1.139347668775251
670,0,172.69347,882,4504.6523,2.0633759,3,182.48567,0.759815676646189,0.0,119.70199183161348,,,,False,0.759815676646189,0.0
671,169,216.99603,882,3584.9688,3.9765797,4,93.033699,0.9546291751223495,0.6274385033053037,1115.720579356758,0.97166729,0.40464696,0.0,True,0.9597406095856446,0.5606010403137125
672,13708,274.70432,882,2831.8594,2.0052271,4,25.97822,1.2083256730145484,1.198252860981517,2616.8006000261694,1.0801928,1.0468764,0.0,True,1.1698858111101837,1.152839922687062
673,8842,283.60498,882,2742.9844,2.0259767,4,128.49158,1.2474479150896465,1.1477017026922813,2577.258707827592,1.0776559,1.0919785,0.0,True,1.1965103105627526,1.1309847418845969
674,650,261.88043,882,2970.5312,4.0252972,5,91.929024,1.1519559716424856,0.810066295918198,1696.9968562965134,1.0688562,0.61832207,0.0,True,1.1270260401497398,0.7525430281427385
675,12195,272.46286,882,2855.1562,2.0486159,4,177.09537,1.1984731764870271,1.1823251688472798,2563.5881457063833,1.0786678,1.0449251,0.0,True,1.162531563540919,1.1411051481930958
676,7870,283.74277,882,2741.6523,1.9061389,4,121.39159,1.2480535768812993,1.1330650757720602,2545.475524922648,1.0776716,1.0893749,0.0,True,1.1969389838169096,1.119958023040442
677,4719,271.52893,882,2864.9766,2.0624046,4,50.122223,1.1943679856799683,1.0625774877737921,2297.0739037456983,1.0780389,1.0328686,0.0,True,1.1594692599759777,1.0536648214416546
678,4504,208.77101,882,3726.207,4.0158839,5,198.2059,0.9184643091796147,1.0229807160916768,1756.4249796063116,1.0005211,0.85123652,0.0,True,0.9430813464257304,0.9714574572641738
679,0,218.69891,882,3557.0547,2.0000184,2,47.474548,0.9621164481494493,0.0,151.59053285803324,0.96980876,0.0,0.0,True,0.9644241417046145,0.0
680,4703,283.72739,882,2741.8008,2.1087599,4,38.150475,1.2479860297196517,1.068040059460762,2399.3069247349417,1.0776714,1.0842226,0.0,True,1.1968916408037562,1.0728948216225334
681,11905,281.50433,882,2763.4531,4.0152178,6,51.56192,1.2382148396346349,1.1841535992518786,2641.8848467564458,1.0712597,0.95380062,0.0,True,1.1881282977442444,1.1150477054763148
682,5632,281.16611,882,2766.7773,3.0277097,5,45.357605,1.2367282362267285,1.0895569610795233,2428.31218197529,1.0720661,0.94855922,0.0,True,1.18732959535871,1.0472576387556662
683,4229,281.10339,882,2767.3945,2.0155597,4,46.777458,1.23645261328193,1.0533904224003434,2347.267742373887,1.0723386,0.95782989,0.0,True,1.187218409297351,1.0247222626802404
684,6362,225.09222,882,3456.0234,2.9789782,5,56.938129,0.9902261120423892,1.0747985027911091,1971.450488418533,0.9899658,0.85357779,0.0,True,0.9901480184296725,1.0084322889537765
685,3990,281.04944,882,2767.9258,2.9984436,4,124.66283,1.2362154490685648,1.0460279107299273,2330.475344953405,1.0726125,0.97960371,0.0,True,1.1871345643479954,1.0261006505109491
686,5478,225.08917,882,3456.0703,3.0256696,5,49.454727,0.9902126821232072,1.0564408601725075,1937.7612375670433,0.98996568,0.88331044,0.0,True,0.990138581486245,1.0045017341207552
687,651,220.53516,882,3527.4375,3.0030746,4,48.988819,0.9701900279389007,0.7932310070558954,1429.4156492573184,0.98453856,0.83609319,0.0,True,0.9744945875572305,0.8060896619391268
688,26,180.18579,882,4317.3438,2.9928083,3,172.50287,0.7927651109257856,0.39371656057752213,600.4159021074821,0.89499772,0.24394642,0.0,True,0.82343489364805,0.34878551840426547
689,9020,275.90964,882,2819.4883,2.992116,5,48.212349,1.2136236987881905,1.1462406047665423,2512.825337168971,1.0724308,1.0147274,0.0,True,1.1712658291517335,1.1067866433365796
690,46733,360.26859,882,2159.2891,2.0089238,4,107.67278,1.584343837542883,1.400226000307606,3873.697452400898,1.210423,1.3299903,0.0,True,1.4721675862800183,1.3791552902153241
691,9472,275.89969,882,2819.5898,2.0050712,4,83.343742,1.2135800415544469,1.1523887121788878,2526.2221203381423,1.0724307,1.0247407,0.0,True,1.171235239088113,1.1140943085252215
692,1095,188.56764,882,4125.4375,2.0069249,4,275.14246,0.8296249347769903,0.8407053941763406,1320.036548384774,0.98229837,0.80414605,0.0,True,0.8754269653438931,0.8297375909234385
693,3677,234.79819,882,3313.1602,3.0111387,4,50.13459,1.0328988224260185,1.0127750294516473,1927.7861798813792,0.95712042,0.97336847,0.0,True,1.0101653016982128,1.000953061616153
694,27313,302.14996,882,2574.6289,2.9907899,5,53.479412,1.3289554684159615,1.3005273171511154,3086.5196368950787,1.0632973,1.148456,0.0,True,1.249258017891173,1.2549059220057808
695,2993,283.02176,882,2748.6367,4.0277176,5,50.663116,1.2448845268201372,1.010658447992032,2265.5041437468717,1.0670867,0.89201677,0.0,True,1.191545178774096,0.9750659445944223
696,3806,283.2919,882,2746.0156,4.0714922,6,100.77017,1.2460719170348244,1.041116134483562,2335.701883500552,1.0684414,0.95982862,0.0,True,1.1927827619243772,1.0167298801384934
697,25264,301.93234,882,2576.4844,3.0206432,5,41.914108,1.3279991403995324,1.2904812658219666,3060.7530150518173,1.0629166,1.1488816,0.0,True,1.2484743782796728,1.2480013660753766
698,4998,234.21057,882,3321.4727,2.9908421,4,50.73428,1.0303153886997791,1.0503050289090716,1994.8166721617163,0.95658851,0.99403155,0.0,True,1.0081973250898453,1.0334229852363501
699,4951,234.2092,882,3321.4922,3.0125332,5,49.513031,1.0303093435072914,1.049139357000413,1992.5930244605054,0.95658845,0.98091698,0.0,True,1.008193075455104,1.0286726439002891
700,2270,220.31802,882,3530.9141,1.8932953,4,224.14487,0.969235302588762,0.9458779594397219,1702.709262351334,0.99181068,0.90157866,0.0,True,0.9760079158121334,0.9325881696078053
701,18533,301.89346,882,2576.8164,2.0090187,4,147.31686,1.3278281721543277,1.251020978734485,2966.8326539936647,1.0629162,1.1339827,0.0,True,1.2483545805080294,1.2159094951141394
702,344,220.87491,882,3522.0117,4.0349503,5,49.449051,0.9716837962636741,0.7154508655961839,1291.3316382613853,0.98708129,0.73763967,0.0,True,0.9763030443845719,0.7221075069173286
703,10714,275.85269,882,2820.0703,3.0209751,5,40.424599,1.213373411262506,1.1678693716371367,2559.7731695155926,1.0727046,1.0367692,0.0,True,1.1711727678837542,1.1285393201459957
704,966,181.7538,882,4280.0977,4.0348005,5,48.037926,0.7996606585444334,0.8220334311046026,1249.5995577444496,0.89715773,0.65034592,0.0,True,0.8289097799811034,0.7705271777732219
705,11175,275.86951,882,2819.8984,3.9855039,5,44.168003,1.2134473256491458,1.173179925394679,2571.548914001205,1.0727049,1.0518101,0.0,True,1.171224597954402,1.1367689777762755
706,3211,220.95332,882,3520.7617,4.0059471,5,48.836231,0.9720285839185784,0.9886577614335285,1784.189300215041,0.98708254,0.8500964,0.0,True,0.9765447707430048,0.9470893530034699
707,2480,182.19011,882,4269.8477,2.9829702,5,39.852806,0.8015793884069424,0.934974105087898,1424.14728941284,0.89774591,0.88403201,0.0,True,0.8304293448848596,0.9196914765615285
708,380,220.39384,882,3529.6992,3.0433435,5,48.769169,0.9695687182910718,0.7274090727838677,1310.3340783459403,0.98512077,0.70665997,0.0,True,0.9742343338037502,0.7211843419487074
709,36082,360.05624,882,2160.5625,1.990613,4,22.149813,1.583410914937073,1.3664381114408908,3778.2879001353463,1.2101917,1.3287611,0.0,True,1.471445150455951,1.3551350080086235
710,2340,182.18677,882,4269.9258,3.0005054,5,43.575497,0.8015647338101247,0.9280243168203667,1413.5435227435269,0.89774579,0.89981359,0.0,True,0.8304190506670874,0.9195610987742566
711,2176,182.18378,882,4269.9961,3.9717922,5,39.617111,0.8015515432548274,0.9193347161544595,1400.2941021438448,0.89774567,0.91280228,0.0,True,0.8304097812783793,0.9173749853081217
712,4600,234.8076,882,3313.0273,3.0203292,5,50.227295,1.032940231512906,1.0404003308524197,1980.4251246074357,0.95688379,0.95841461,0.0,True,1.010123299059034,1.0158046145966937
713,32828,306.28436,882,2539.875,2.0162005,4,99.805214,1.3471256716925906,1.3262339535545231,3185.0810787219298,1.062378,1.0903732,0.0,True,1.2617013701848134,1.255475727488166
714,10938,302.49231,882,2571.7148,3.9889958,6,47.677017,1.330460184140684,1.1841977093617428,2813.233257090257,1.0635347,1.0533264,0.0,True,1.2503825388984788,1.14493631655322
715,4387,234.80788,882,3313.0234,2.9959855,5,51.529331,1.03294144672813,1.034553321785456,1969.300039169512,0.95688379,0.93848538,0.0,True,1.0101241497096909,1.005732939249819
716,4404,234.80815,882,3313.0195,3.0156231,5,50.323078,1.032942661946213,1.0350304603766713,1970.2100338132636,0.95672637,0.93396902,0.0,True,1.0100777743623492,1.0047120282636701
717,19400,303.20801,882,2565.6445,4.0213256,6,48.062458,1.3336055932718116,1.257535584607967,2993.612534123211,1.0641308,1.0850785,0.0,True,1.252763155290268,1.2057984592255768
718,4415,234.80899,882,3313.0078,2.9970114,4,49.977535,1.0329463076176182,1.0353385706981795,1970.8025745348089,0.95672637,0.90790647,0.0,True,1.0100803263323328,0.9971089404887257
719,5693,284.73303,882,2732.1172,4.0427141,6,101.47041,1.2524061026841145,1.0926516588097794,2462.1844232316216,1.0713797,0.99113029,0.0,True,1.1980981818788803,1.0621952481668455
720,8656,301.10562,882,2583.5586,4.0674,6,48.219357,1.3243656773950527,1.1537321369730897,2729.895523594717,1.0619329,1.0405228,0.0,True,1.245635844176537,1.119769335881163
721,3607,224.57112,882,3464.043,3.0184646,5,99.734589,0.9879349640883289,1.0048891243452374,1839.5038151909564,0.98968232,0.9683814,0.0,True,0.9884591708618302,0.9939368070416662
722,27578,306.28436,882,2539.875,3.0096951,5,49.100792,1.3471256716925906,1.3040101896446539,3131.710459563869,1.062378,1.0787247,0.0,True,1.2617013701848134,1.2364245427512577
723,17901,285.13907,882,2728.2266,3.9865117,6,99.60585,1.2541907938094237,1.2376189799330886,2792.288093099765,1.0718566,1.0377207,0.0,True,1.1994905356665966,1.177649495953162
724,6027,234.27972,882,3320.4922,3.0155683,5,51.701294,1.0306194448653947,1.0734265594060748,2039.2495035950953,0.95617163,0.97704291,0.0,True,1.0082851004057762,1.0445114645842524
725,8170,301.52185,882,2579.9922,4.0427742,6,47.670029,1.3261949694246187,1.146580912207071,2716.250225261847,1.0619054,1.062979,0.0,True,1.246908098597233,1.1215003385449496
726,6408,234.27972,882,3320.4922,2.9856265,5,49.265331,1.0306194448653947,1.0809847909693717,2053.6057223819457,0.95617163,0.96159357,0.0,True,1.0082851004057762,1.0451674246785603
727,21047,285.31473,882,2726.5469,4.0048451,6,52.593475,1.2549628766628875,1.2581772099580313,2840.196388512839,1.0721653,1.0454276,0.0,True,1.2001236036640213,1.1943523269706218
728,4791,234.10512,882,3322.9688,3.0128813,5,50.371273,1.029851788905088,1.0450318919349435,1984.0202437316814,0.95609456,0.9437927,0.0,True,1.0077246202335617,1.0146601343544606
729,22853,305.99258,882,2542.2969,3.010422,5,46.482079,1.3458433513532182,1.2798875453526275,3071.2246343894326,1.0618782,1.0721906,0.0,True,1.2606538059472527,1.2175784617468393
730,19549,285.31595,882,2726.5352,3.9784641,6,44.247826,1.254968257962589,1.2488463300070034,2819.1446217579937,1.072165,1.048435,0.0,True,1.2001272805738123,1.1887229310049023
731,3705,234.10292,882,3323.0,3.0049365,4,50.421085,1.0298421253334147,1.013340206521491,1923.8526938539396,0.95609444,0.89505649,0.0,True,1.0077178197333903,0.9778550915650437
732,2310,263.43201,882,2953.0352,3.9897885,5,92.751686,1.1587764053482694,0.9691966000999905,2040.5096369693192,1.0729685,0.90159744,0.0,True,1.1330340337437885,0.9489168520699933
733,2295,220.90994,882,3521.4531,4.0369501,6,99.130478,0.9718378447363479,0.9475288867863085,1709.7013771044965,0.98702055,0.88786316,0.0,True,0.9763926563154435,0.929629168750416
734,53,217.66867,882,3573.8906,4.000802,5,99.924477,0.9575866405794415,0.4875168149052372,872.2708846764156,0.96334916,0.29686788,0.0,True,0.9593153964056091,0.430322134433666
735,2565,220.82445,882,3522.8164,4.0170875,6,100.7658,0.971461965149051,0.9610958730400037,1733.5808388946202,0.98748511,0.88287777,0.0,True,0.9762689086043357,0.9376304421280025
736,2909,220.6087,882,3526.2617,3.0371709,5,101.25867,0.9705133456323843,0.9763815273902974,1759.630572182195,0.98792851,0.95246989,0.0,True,0.975737894942669,0.9692080361732082
737,32974,359.16855,882,2165.9023,2.023077,4,127.82913,1.5795107864102564,1.3542745182327385,3736.622689699099,1.2097279,1.3284656,0.0,True,1.4685759204871796,1.346531842762917
738,14519,285.18155,882,2727.8203,4.0443554,6,44.92778,1.2543774646021952,1.211179159601537,2732.9949370137283,1.0727087,1.0508851,0.0,True,1.1998768352215365,1.163090941721076
739,13653,285.1799,882,2727.8359,4.0092745,6,43.659966,1.2543702963000831,1.2034063350889983,2715.4433774637246,1.0727087,1.0590075,0.0,True,1.1998718174100582,1.1600866845622988
740,12100,285.07376,882,2728.8516,4.0296016,6,42.814034,1.2539037517577316,1.1880902736620393,2680.0143391012357,1.073258,1.0652401,0.0,True,1.1997100262304121,1.1512352215634276
741,14654,285.09174,882,2728.6797,3.9691133,5,41.146381,1.2539826867038282,1.2123005838012777,2734.7724753611383,1.0732564,1.0893061,0.0,True,1.1997648006926798,1.1754022386608942
742,0,185.70222,882,4189.0938,3.9979129,4,146.5985,0.8170242018285546,0.0,128.71897021672268,0.86808717,0.0,0.0,True,0.8323430922799882,0.0
743,6903,300.79819,882,2586.1992,4.004282,6,146.06313,1.3230144985492631,1.124791875172873,2659.056320203763,1.0615547,1.0411109,0.0,True,1.2445765589844842,1.099687582621011
744,3014,233.50343,882,3331.5312,3.0022783,4,50.475281,1.0272065450395675,0.9875824476624508,1870.7563313368332,0.95558953,0.9593277,0.0,True,1.0057214405276973,0.9791060233637157
745,13802,301.89346,882,2576.8164,3.0293176,5,43.779125,1.3278281721543277,1.2135030719080406,2877.8639173178876,1.0629162,1.1214743,0.0,True,1.2483545805080294,1.1858944403356284
746,3622,233.50398,882,3331.5234,2.9922462,5,50.073559,1.027208948565834,1.0102282768115132,1913.6430287105256,0.95558953,0.95310569,0.0,True,1.0057231229960837,0.9930915007680592
747,762,279.47653,882,2783.5039,4.0285873,5,50.552193,1.2293018389719732,0.8367125177576175,1855.3238898860309,1.0648192,0.82946432,0.0,True,1.1799570472803813,0.8345380584303321
748,3063,233.52863,882,3331.1719,3.0370452,5,51.795315,1.0273172729956124,0.9895829261474683,1874.7218010900167,0.95533782,0.93332314,0.0,True,1.0057234370969286,0.9727049903032279
749,5058,300.23721,882,2591.0312,4.0510206,6,47.96294,1.3205491190131473,1.0849711750989444,2560.759721657684,1.0608236,1.0402241,0.0,True,1.242631463309203,1.0715470525692612
750,5257,283.18314,882,2747.0703,4.0647931,6,101.57638,1.2455938528503996,1.0818402586786104,2426.2271050030154,1.0694153,0.97361332,0.0,True,1.1927402869952797,1.0493721770750273
751,7784,301.82529,882,2577.3984,2.9699712,5,52.295185,1.3275285689615082,1.14056737507092,2704.3795074889645,1.0626768,1.1094279,0.0,True,1.2480730382730556,1.131225532549644
752,0,187.07808,882,4158.2852,1.9959384,2,28.744814,0.8230745975621103,0.0,129.6726436965679,,,,False,0.8230745975621103,0.0
753,0,187.33995,882,4152.4727,2.0042388,2,83.69854,0.8242261567234763,0.0,129.8541581487411,,,,False,0.8242261567234763,0.0
754,0,283.03302,882,2748.5273,1.0081633,2,102.53573,1.244934041095903,0.0,196.18353981836663,,,,False,1.244934041095903,0.0
755,2,185.72906,882,4188.4883,4.0142727,4,146.61082,0.8171422568423837,0.13171528147008696,257.47514857409783,0.86730701,0.081126757,0.0,True,0.8321916827896685,0.11653872412906087
756,5640,300.21185,882,2591.25,4.0140958,6,146.02124,1.3204377004660577,1.098811688878438,2593.22812647451,1.0603987,1.0596571,0.0,True,1.2424260003262404,1.0870653122149065
757,1,185.8582,882,4185.5781,4.0000534,4,146.05971,0.8177101381664031,0.08311001078615145,204.1861024697353,0.86780953,0.051187474,0.0,True,0.8327399557164823,0.073533249750306
758,17784,306.02362,882,2542.0391,2.0190842,4,146.10056,1.3459797322822609,1.2479257669260866,2994.798223710046,1.0618788,1.0581833,0.0,True,1.2607494525975826,1.1910030268482605
759,3466,224.46101,882,3465.7422,4.0100145,6,240.24797,0.987450874154833,0.9999383695955777,1829.6565138718022,0.98972517,0.96943879,0.0,True,0.9881331629083832,0.9907884957169044
760,2760,233.40082,882,3332.9961,3.0341592,5,50.33276,1.0267553436520074,0.9766807072640807,1849.400489390894,0.95475572,0.91703588,0.0,True,1.0051554565564051,0.9587872590848565
761,1355,220.83424,882,3522.6602,4.0522404,6,239.88382,0.9715050167768241,0.8830130719855235,1592.8843646955718,0.98889005,0.89922613,0.0,True,0.9767205267437769,0.8878769893898664
762,1926,217.85869,882,3570.7734,4.0054984,6,239.11888,0.95842212291818,0.9245044445515257,1647.9350850482406,0.96230346,0.85698849,0.0,True,0.959586524042726,0.904249658186068
763,2915,233.38878,882,3333.168,3.0165713,5,50.268467,1.0267024230064583,0.9834072440633206,1862.0482637180444,0.95434165,0.90090722,0.0,True,1.0049941911045208,0.9586572368443244
764,3843,300.20645,882,2591.2969,4.0159097,6,48.158062,1.3204138202353939,1.050018370854387,2478.0628120696,1.0603986,1.0560421,0.0,True,1.2424092541647758,1.051825489598071
765,0,220.12564,882,3534.0,1.0597457,2,106.96748,0.9683894419495486,0.0,152.5794667349535,0.99132943,0.82316554,9.148085776388806,True,0.975271438364684,0.24694966200000004
766,7383,284.02765,882,2738.9023,4.0235696,6,101.42699,1.2493057730418204,1.1251405491177109,2529.8928436214874,1.0714372,1.0190538,0.0,True,1.1959452011292742,1.0933145243823976
767,5253,233.13005,882,3336.8672,3.0006895,4,50.787971,1.0255649181655395,1.0558388169585706,1997.2100509450697,0.95538402,0.95933133,0.0,True,1.0045106487158777,1.0268865708709995
768,3694,299.47058,882,2597.6641,3.9764507,6,48.022335,1.3171798105507568,1.0446636651869234,2460.15274112284,1.0598047,1.0422747,0.0,True,1.2399672773855297,1.0439469756308464
769,4302,233.05339,882,3337.9648,3.0253572,5,50.871601,1.0252278906453156,1.0311871285941705,1950.027653881535,0.9550249,0.94957358,0.0,True,1.004166993451721,1.0067030640159194
770,0,301.39862,882,2581.0469,1.0151232,2,50.342827,1.3256534624801446,0.0,208.91360367765833,1.0622144,1.0905818,9.220199801014065,True,1.2466217437361011,0.32717454000000007
771,5736,233.11449,882,3337.0898,2.9982419,5,50.334549,1.0254965490097343,1.066669361840646,2017.5746728020692,0.95470327,0.94213194,0.0,True,1.004258565306814,1.0293081352884523
772,0,184.82979,882,4208.8672,1.9902283,2,49.985268,0.8131876176797036,0.0,128.11424782198677,0.98246473,0.52447605,8.95182660951601,True,0.8639707513757926,0.15734281500000002
773,4783,233.1134,882,3337.1055,3.0096636,5,50.825108,1.025491727270553,1.044279683698079,1975.2260893695445,0.95470315,0.92426091,0.0,True,1.0042551540893871,1.0082740515886552
774,0,187.12712,882,4157.1953,2.027935,2,17.152735,0.8232902808708222,0.0,129.70663563430253,,,,False,0.8232902808708222,0.0
775,4964,237.64941,882,3273.4102,4.0178409,5,108.44685,1.0454339632738532,1.0513515026493445,2022.4844013178067,1.0164747,0.89578593,0.0,True,1.0367461842916972,1.004681830854541
776,1851,237.04745,882,3281.7227,2.9924932,4,51.384315,1.0427875248825378,0.9292313889862146,1783.6780510598176,1.0155383,0.63975328,0.0,True,1.0346127574177764,0.8423879562903502
777,3705,313.99951,882,2477.4688,4.0107002,6,44.713715,1.381031722090475,1.0513683640017173,2580.4411289800105,1.1386676,1.1785226,0.0,True,1.3083224854633326,1.0895146348012021
778,4605,237.28329,882,3278.4609,3.0110412,5,57.678284,1.0438243805111664,1.0418810819062727,2001.5633683388169,1.015902,0.82556427,0.0,True,1.0354476663578165,0.9769860383343909
779,5672,237.52045,882,3275.1875,3.012388,5,56.668835,1.044866998526512,1.0677485221267087,2053.0435462847236,1.0163338,0.86907774,0.0,True,1.0363070389685585,1.008147287488696
780,9764,283.74277,882,2741.6523,2.0180864,4,44.7244,1.2480535768812993,1.1602986602275058,2606.648992343352,1.0710672,1.075676,0.0,True,1.1949576638169095,1.134911862159254
781,7160,237.61906,882,3273.8281,2.9925566,4,51.012344,1.0453005964304427,1.0965792888855634,2109.236172151804,1.0162854,0.84646022,0.0,True,1.03659603750131,1.0215435682198943
782,0,188.41064,882,4128.875,1.0089593,2,214.27562,0.8289345639201389,0.0,130.59630390349486,,,,False,0.8289345639201389,0.0
783,0,189.58691,882,4103.2578,1.0089799,2,1.3066822,0.8341071946160369,0.0,131.4116321375721,,,,False,0.8341071946160369,0.0
784,0,314.00449,882,2477.4297,1.9998174,3,56.960751,1.3810535006229874,0.0,217.65132692666353,,,,False,1.3810535006229874,0.0
785,3155,233.39096,882,3333.1367,3.0059109,4,50.750576,1.0267120585292961,0.9931577704089161,1880.5190671369387,0.95434165,0.88219053,0.0,True,1.0050009359705072,0.9598675982862412
786,13097,304.93463,882,2551.1172,3.0413246,5,48.083595,1.341193842074153,1.2083692352600008,2890.8690803374743,1.0607363,1.0427269,0.0,True,1.257056579451907,1.1586765346820005
787,8189,284.0463,882,2738.7227,3.9813197,6,100.21618,1.2493876402503632,1.1382365100562952,2559.4819201782093,1.0714374,1.0360782,0.0,True,1.1960025681752542,1.1075890170394067
788,2012,300.13177,882,2591.9414,4.007916,6,48.550278,1.3200857454735113,0.9676978149694909,2283.365912077268,1.0603074,1.0502537,0.0,True,1.242152241831458,0.9924645804786436
789,8250,283.84467,882,2740.668,4.0261106,6,52.79295,1.248501483494759,1.139071820452479,2559.7710895751966,1.0714095,1.042384,0.0,True,1.1953738884463312,1.1100654743167353
790,4344,233.12323,882,3336.9648,3.0017564,5,50.519394,1.0255349402705904,1.0324223210910972,1952.875899555563,0.95470297,0.90076685,0.0,True,1.0042853491894133,0.992925679763768
791,10611,303.51022,882,2563.0898,3.0465879,5,48.209503,1.3349337971456607,1.180837849833801,2813.4896431448383,1.0590197,1.0340853,0.0,True,1.2521595680019626,1.1368120848836607
792,7783,283.86206,882,2740.5,4.011858,6,46.249146,1.2485779641690442,1.131721260155825,2543.391023865756,1.0714097,1.0481714,0.0,True,1.195427484918331,1.1066563021090774
793,8828,283.87622,882,2740.3633,3.9959679,6,43.479099,1.248640202679785,1.1476400123127544,2579.273869405692,1.0714099,1.0572729,0.0,True,1.1954711118758494,1.1205298786189282
794,3652,233.12296,882,3336.9688,3.0219073,4,50.630981,1.025533711705723,1.0110414604065452,1912.4423246250767,0.95470291,0.86577928,0.0,True,1.0042844711940062,0.9674628062845816
795,4901,288.52365,882,2696.2227,4.0180836,6,249.56038,1.2690668812228154,1.0755221687095562,2451.7593015664906,1.0589582,0.99653596,0.0,True,1.2060342768559709,1.0518263060966895
796,19070,358.53229,882,2169.7461,1.9935101,4,122.14015,1.5767151909394952,1.2826976172429454,3533.685849780071,1.2092751,1.3279867,0.0,True,1.4664831636576465,1.2962843420700618
797,2893,221.25723,882,3515.9258,4.0035405,6,238.3916,0.9733647783968621,0.9760570323216108,1763.5839397420896,0.98706138,0.88083994,0.0,True,0.9774737588778035,0.9474919046251276
798,1716,220.57962,882,3526.7266,4.0179815,6,237.8172,0.9703854831750366,0.9117830848837027,1643.0790833110807,0.98659647,0.85604489,0.0,True,0.9752487792225257,0.895061626418592
799,1448,262.40735,882,2964.5664,4.0214963,5,95.485741,1.1542721803677152,0.9103409688423674,1910.1467654062367,1.0714725,0.88848788,0.0,True,1.1294322762574005,0.9037850421896572
800,1522,262.25909,882,2966.2422,4.0174775,6,90.111229,1.1536205053393567,0.9165058136311357,1922.1214537927312,1.0710194,0.83690369,0.0,True,1.1288401737375497,0.892625176541795
801,16035,357.97351,882,2173.1328,2.0477645,4,115.65981,1.5742602321723087,1.2598838865807016,3466.1335781801567,1.2090455,1.3277785,0.0,True,1.4646958125206162,1.280252270606491
802,8459,283.82889,882,2740.8203,4.0071931,6,42.419685,1.2484321582181683,1.1422234189308862,2566.7278464671003,1.0716832,1.0710412,0.0,True,1.1954074707527178,1.1208687532516204
803,7700,283.76581,882,2741.4297,4.0230403,5,43.551582,1.2481548430906044,1.1303188174214076,2539.487007864185,1.0719553,1.0748806,0.0,True,1.195294980163423,1.1136873521949853
804,3669,287.92462,882,2701.832,4.0009604,6,247.16634,1.2664341078638037,1.0386131559446803,2363.3484468699603,1.0582147,0.98900229,0.0,True,1.2039682855046627,1.0237298961612762
805,0,299.45438,882,2597.8047,2.0123012,3,50.426643,1.3171085761686652,0.0,207.56595920332649,1.0598043,1.033376,8.732430977800895,True,1.2399172933180655,0.3100128000000001
806,0,184.54358,882,4215.3945,1.9974316,2,50.147408,0.8119290397741078,0.0,127.9158621674387,0.98237938,0.37825486,8.683194722449116,True,0.8630641418418755,0.11347645800000003
807,0,300.13812,882,2591.8867,1.9999322,3,50.678429,1.3201135835013935,0.0,208.03989165656253,1.0603074,1.0430775,8.446942256671491,True,1.2421717284509755,0.3129232500000001
808,8726,283.88269,882,2740.3008,4.0058842,6,43.508003,1.2486686605399393,1.1461755605065351,2576.0342886745734,1.0714101,1.0653877,0.0,True,1.1954910923779574,1.1219392023545747
809,0,184.57248,882,4214.7344,1.9976023,2,58.309231,0.8120561415330317,0.0,127.9358941209569,0.98237818,0.41942897,4.509349333735641,True,0.8631527530731222,0.12582869100000002
810,0,217.61253,882,3574.8125,2.0045388,3,56.263748,0.9573398288933523,0.0,150.8375116240165,0.9614985,0.0,0.0,True,0.9585874302253466,0.0
811,1908,224.46683,882,3465.6523,4.0056896,6,118.72316,0.9874764741360037,0.9267392481143024,1695.8151433164887,0.98963767,0.95916659,0.0,True,0.9881248328952026,0.9364674506800117
812,5406,301.98364,882,2576.0469,2.9904718,5,67.422585,1.328224504656453,1.0942403549656592,2595.7410299699395,1.0571865,1.0135915,0.0,True,1.246913103259517,1.0700456984759614
813,1321,220.43874,882,3528.9805,3.9722958,6,121.51608,0.9697660654692383,0.8797112060076486,1584.438088809474,0.9888134,0.9197228,0.0,True,0.9754802658284668,0.891714684205354
814,0,269.33002,882,2888.3672,2.0356996,3,22.791563,1.1847024373697583,0.0,186.68534400315366,1.0977054,1.1169317,13.474912209837346,True,1.1586033261588309,0.3350795100000001
815,2949,271.66559,882,2863.5352,4.0358982,6,52.825817,1.1949687676960326,1.0036052787871206,2170.5807277345048,1.0978806,1.1162546,0.0,True,1.1658423173872228,1.0374000751509844
816,1507,221.10468,882,3518.3516,4.0889287,6,132.50726,0.9726940532683167,0.8961549964834641,1618.3099175010784,0.9870922,0.89315385,0.0,True,0.9770134972878217,0.8952546525384248
817,3243,272.04822,882,2859.5078,4.0469761,6,45.784756,1.1966506143137559,1.0157182957957918,2199.4746635873253,1.0978854,1.1058052,0.0,True,1.167021050019629,1.0427443670570542
818,0,301.88293,882,2576.9062,2.0385582,3,6.3272467,1.327781935897321,0.0,209.24930178867533,,,,False,1.327781935897321,0.0
819,3560,271.83618,882,2861.7383,4.1254883,6,88.43869,1.1957185706297269,1.0273314137603955,2223.0973375169656,1.0989157,1.0987674,0.0,True,1.1666777094408087,1.0487622096322768
820,0,224.47037,882,3465.5977,2.004384,3,16.727283,0.9874920227146315,0.0,155.59100408474774,,,,False,0.9874920227146315,0.0
821,0,220.44923,882,3528.8125,2.0444429,3,21.467793,0.9698122080211293,0.0,152.8037622311109,,,,False,0.9698122080211293,0.0
822,3960,273.78247,882,2841.3945,3.0942972,5,43.622349,1.204273647829594,1.0416373583215062,2268.1520300642724,1.102074,1.0916523,0.0,True,1.1736137534807156,1.0566418408250544
823,0,221.35167,882,3514.4258,1.9189544,3,18.562618,0.9737799861250034,0.0,153.42928597273544,0.99296677,0.85187435,8.709462390035904,True,0.9795360212875024,0.25556230500000005
824,454,220.59453,882,3526.4883,4.0103903,5,132.4782,0.9704510191329255,0.7492185347978493,1350.5884237432056,0.98632294,0.8159647,0.0,True,0.9752125953930479,0.7692423843584946
825,6838,356.66757,882,2181.0898,3.0089145,5,131.93236,1.5685223149013858,1.1484522186735204,3149.568317377106,1.2083776,1.3288018,0.0,True,1.46047890043097,1.2025570930714644
826,0,283.14529,882,2747.4375,2.0249548,3,248.20596,1.2454274980731892,0.0,196.26135945232807,1.0997926,1.0484916,0.20956172361332095,True,1.2017370286512326,0.31454748000000005
827,5068,273.80429,882,2841.168,2.9962158,5,42.24474,1.204369585875194,1.0726607693311234,2335.85070964729,1.1020743,1.0918423,0.0,True,1.1736810001126357,1.0784152285317863
828,2192,273.48093,882,2844.5273,4.0073233,6,92.732391,1.2029482614600617,0.9671644756328377,2104.0205140735297,1.1017627,1.0387862,0.0,True,1.1725925930220433,0.9886509929429864
829,0,356.66245,882,2181.1211,2.0019045,3,20.908651,1.568499826571052,0.0,247.21957162910243,,,,False,1.568499826571052,0.0
830,0,273.0733,882,2848.7734,2.0109093,3,89.088936,1.2011565236064023,0.0,189.27998798120012,1.1008208,1.0302567,0.8301687151497281,True,1.1710558065244816,0.30907701000000004
831,0,287.89758,882,2702.0859,2.0109091,3,15.974463,1.266315196101427,0.0,199.5553958670313,,,,False,1.266315196101427,0.0
832,4,180.3457,882,4313.5156,2.3994448,3,25.978527,0.793468355608216,0.19228180751719343,323.13611570956203,0.92894548,0.051446114,0.0,True,0.8341114929257512,0.15003109946203538
833,12,165.62848,882,4696.8008,2.0837016,3,15.117673,0.7287444632114654,0.30335491571360806,437.10305413703423,0.90789968,0.22558397,0.0,True,0.7824910282480257,0.2800236319995256
834,702,193.81683,882,4013.707,3.4044211,4,14.396968,0.8527078959529677,0.7899716704675184,1270.8139960031629,0.96262079,0.79573286,0.0,True,0.8856817641670774,0.7917000273272629
835,0,152.17036,882,5112.1914,4.6556582,4,14.285534,0.6695535616311904,0.0,105.47645599879186,0.85176468,0.0,0.0,True,0.7242168971418332,0.0
836,133,184.24513,882,4222.2227,3.3509519,4,24.913767,0.8106166056854919,0.5866500352913133,903.7729892391096,0.93880028,0.27763122,0.0,True,0.8490717079798443,0.4939443907039193
837,2395,196.16991,882,3965.5625,3.2512369,4,13.81038,0.8630551041687696,0.9391028768631828,1526.588989021402,0.96808279,0.89153367,0.0,True,0.8945634099181388,0.924832114804228
838,5356,210.41945,882,3697.0156,2.6801188,4,23.421354,0.9257125238221768,1.0450417384396853,1806.734213372673,1.0001014,0.95512223,0.0,True,0.9480291866755237,1.0180658859077796
839,778,167.40616,882,4646.9258,3.1700003,5,33.041821,0.7365626413597748,0.788433541951123,1114.806823405586,0.91345364,0.79275143,0.0,True,0.7896299409518424,0.7897289083657861
840,0,273.67523,882,2842.5078,1.0124854,2,8.4199448,1.2038023122079693,0.0,189.69721406359454,1.0001014,0.95512223,12.394147671504056,True,1.1426920385455785,0.286536669
841,0,208.4751,882,3731.4961,1.9884012,3,15.522675,0.9171631561992536,0.0,144.50392778195265,,,,False,0.9171631561992536,0.0
842,1620,266.49255,882,2919.1211,3.124989,5,58.942181,1.1722297534099508,0.9261576802571593,1969.7570939974846,1.0748713,1.0236156,0.0,True,1.1430222173869655,0.9553950561800115
843,0,207.15939,882,3755.1953,2.062762,2,133.89552,0.9113779809991788,0.0,143.59194710501814,,,,False,0.9113779809991788,0.0
844,1588,216.10594,882,3599.7344,4.0323844,5,96.851982,0.9507155960010832,0.9000435455484399,1593.022623342219,1.008072,0.90506059,0.0,True,0.9679225172007583,0.9015486588839079
845,0,281.96945,882,2758.8945,1.0311692,2,58.271362,1.2402592952152296,0.0,195.44632927153847,1.0765177,1.073537,12.712338211669282,True,1.1911368166506606,0.32206110000000004
846,0,216.25238,882,3597.2969,1.989944,3,35.008095,0.9513594354312933,0.0,149.8947274863779,,,,False,0.9513594354312933,0.0
847,0,266.04932,882,2923.9844,2.0107279,3,18.712984,1.1702813817919206,0.0,184.41133604789067,,,,False,1.1702813817919206,0.0
848,0,173.19388,882,4491.6367,2.0278373,3,10.359627,0.7620164457739994,0.0,120.0488496122375,,,,False,0.7620164457739994,0.0
849,0,235.11642,882,3308.6758,1.9875098,3,85.02137,1.0342979118443443,0.0,162.97028362634794,,,,False,1.0342979118443443,0.0
850,0,197.06712,882,3947.5078,2.0240896,2,124.73631,0.8670004567996052,0.0,136.5965186090684,,,,False,0.8670004567996052,0.0
851,0,196.31996,882,3962.5312,2.0112529,2,43.684147,0.8637150003343659,0.0,136.07862676164123,,,,False,0.8637150003343659,0.0
852,6472,248.92386,882,3125.1484,2.9635653,5,49.313107,1.094999222529255,1.0903554494060357,2184.4436388531194,1.0760874,1.0391077,0.0,True,1.0893256757704786,1.074981124584225
853,3640,247.30133,882,3145.6523,3.1279352,5,52.928947,1.087866365269634,1.0180370853897331,2027.9421931524982,1.0768768,1.0409411,0.0,True,1.084569495688744,1.0249082897728132
854,3166,247.41071,882,3144.2617,2.9637499,5,50.559303,1.088347185719994,1.000776231782065,1994.3420450410636,1.069098,0.98853844,0.0,True,1.0825724300039958,0.9971048942474454
855,0,246.85959,882,3151.2812,1.0928847,2,45.785797,1.085924422704072,0.0,171.11002880268407,1.0693433,0.9769839,2.567781789589942,True,1.0809500858928505,0.29309517000000007
856,2691,234.68973,882,3314.6914,4.018755,5,49.260544,1.0324219692955467,0.9742217667046972,1853.675966800959,1.1673632,0.97762436,0.0,True,1.0729043385068828,0.975242544693288
857,15989,305.85349,882,2543.4531,2.703403,5,32.16679,1.3452320401163955,1.2342712418648762,2960.5949061810325,1.0598509,1.0068865,0.0,True,1.2596176980814768,1.1660558193054134
858,0,230.99194,882,3367.7539,1.9938772,3,11.384574,1.016164731416619,0.0,160.11141194307206,,,,False,1.016164731416619,0.0
859,15712,306.11017,882,2541.3203,2.4199915,4,12.437876,1.346360136681803,1.2321746179219053,2957.7305343998987,1.0609394,1.0106879,0.0,True,1.2607339156772621,1.1657286025453337
860,696,238.76575,882,3258.1055,2.6755018,4,48.974018,1.0503417962190498,0.8092620323777748,1563.4904452353849,1.0120341,0.84652144,0.0,True,1.038849487353335,0.8204398546644422
861,1670,203.83971,882,3816.3516,3.0247798,5,44.350529,0.8967809739505403,0.8997726888007458,1512.8526254615447,1.0060928,0.95744509,0.0,True,0.9295745217653782,0.9170744091605221
862,2078,239.01678,882,3254.6836,3.0107455,4,106.09174,1.0514454234158959,0.9444749586048065,1826.1176395410298,0.97064555,0.79876798,0.0,True,1.027205461391127,0.9007628650233646
863,951,233.0332,882,3338.2539,3.8649206,4,91.826035,1.0251391568567898,0.8452648873080809,1598.5180117662303,0.96302342,0.29822594,0.0,True,1.0065044357997528,0.6811532031156566
864,15640,307.78589,882,2527.4844,1.4506211,4,118.99461,1.3537245245448457,1.2324459332307385,2972.5083706801256,1.0627789,1.0228983,0.0,True,1.266440837181392,1.169581643261517
865,2768,206.93445,882,3759.2773,2.2077994,4,106.32196,0.9103888901606919,0.9627661366794754,1640.2871492301701,0.99964261,0.93459147,0.0,True,0.9371650061124843,0.9543137366756328
866,6151,224.92139,882,3458.6484,2.0882027,4,46.16927,0.9894749974408276,1.0705604427692643,1962.3705372389863,0.99508929,0.89059681,0.0,True,0.9911592852085793,1.016571352938485
867,0,265.04865,882,2935.0234,1.735822,3,44.956337,1.165882800502578,0.0,183.71772445871974,,,,False,1.165882800502578,0.0
868,0,205.24832,882,3790.1602,2.2663679,3,24.3948,0.9029747917120179,0.0,142.26729432266544,,,,False,0.9029747917120179,0.0
869,0,380.58685,882,2044.0117,2.0169573,3,15.930917,1.673609719208157,0.0,263.80270203569086,,,,False,1.673609719208157,0.0
870,41658,384.63336,882,2022.5078,2.0361161,4,84.70697,1.69138645291147,1.3971454558170364,4091.4591767362413,1.1897268,1.332955,5.000270903110504e-06,True,1.5408885570380288,1.3778883190719253
871,21743,272.00659,882,2859.9453,3.0064983,5,48.804962,1.196467684666651,1.254722015963813,2716.567657255467,1.063409,1.047617,0.0,True,1.1565500792666559,1.192590511174669
872,38027,382.26489,882,2035.0391,3.028796,5,84.774178,1.6809815122024923,1.384046346069834,4031.4054022881996,1.1894135,1.3330759,5.00120222568512e-06,True,1.5335111085417445,1.368755212248884
873,12640,380.61377,882,2043.8672,3.9904194,6,98.37249,1.6737279265895675,1.2388010728219367,3594.813278101061,1.1892076,1.3326807,0.0,True,1.5283718286126973,1.2669649609753557
874,0,274.01227,882,2839.0117,2.0228224,3,65.385101,1.205283690571779,0.0,189.93083238933048,1.0633667,0.0,0.0,True,1.1627085934002452,0.0
875,7930,268.09076,882,2901.7188,3.1256249,5,57.290245,1.1792550527735688,1.1259632521154197,2407.0959144494755,1.0655084,0.96421421,0.0,True,1.145131056941498,1.0774385394807937
876,2238,271.32175,882,2867.1641,3.9914384,5,262.75369,1.1934573790093093,0.9688098485907671,2093.0386941249576,1.0573177,0.97114354,5.000270903110504e-06,True,1.1526154753065165,0.969509956013537
877,4770,232.77852,882,3341.9062,1.8770536,3,19.420193,1.0240194736125086,1.0437595550087686,1971.755291546682,1.0076629,0.90115315,0.0,True,1.019112501528756,1.000977633506138
878,3184,206.55305,882,3766.2188,1.5108186,3,95.926125,0.9087118472880619,0.9795478827376248,1666.164616747123,0.97097689,0.88213795,0.0,True,0.9273913601016432,0.9503249029163373
879,0,167.06154,882,4656.5117,2.0141988,2,18.399448,0.7350470036886682,0.0,115.79823543100252,,,,False,0.7350470036886682,0.0
880,0,172.92363,882,4498.6562,2.4153435,3,20.245899,0.7608279580950004,0.0,119.86152658669117,0.90742821,0.0,0.0,True,0.8048080336665002,0.0
881,0,226.33397,882,3437.0625,1.493938,2,16.261059,0.9956856168602937,0.0,156.88275317043923,1.0076629,0.90115315,13.734253244836975,True,0.9992788018022055,0.27034594500000003

metric,value
avg_local_nain,1.105436
avg_local_nach,0.844802
avg_citywide_nain,1.025996
avg_citywide_nach,0.84391
avg_blended_nain,1.080767
avg_blended_nach,0.82846
avg_segment_length,79.4636
blended_nain_nach_pearson_r,0.640931
blended_nain_nach_p_value,3.4689e-103
pct_citywide_matched,93.65
