segment_id,T1024 Choice,T1024 Integration,T1024 Node Count,T1024 Total Depth,Angular Connectivity,Connectivity,Segment Length,local_nain,local_nach,integrated,citywide_nain,citywide_nach,citywide_match_distance_m,citywide_matched,blended_nain,blended_nach
0,0,184.91772,712,2741.457,2.0143557,3,13.094017,0.9653345157444918,0.0,128.1751962535734,,,,False,0.9653345157444918,0.0
1,0,182.87508,712,2772.0781,1.9975245,3,45.611961,0.954678865948596,0.0,126.75934609667443,,,,False,0.954678865948596,0.0
2,0,185.17155,712,2737.6992,0.98061919,2,82.649513,0.9666585786355072,0.0,128.35113780241494,,,,False,0.9666585786355072,0.0
3,1247,146.74689,712,3454.5469,3.118109,4,55.524799,0.7661848113679106,0.8749413681560461,1046.319781754562,0.98769379,0.86873114,0.0,True,0.8326375049575374,0.8730782997092322
4,0,120.60404,712,4203.375,1.0554154,1,21.20381,0.6297544772013997,0.0,83.59635029013886,,,,False,0.6297544772013997,0.0
5,0,185.04613,712,2739.5547,2.0166934,3,151.4993,0.9660043385458754,0.0,128.2642032830291,,,,False,0.9660043385458754,0.0
6,0,147.82285,712,3429.4023,2.0109377,3,17.569408,0.7717992537805421,0.0,102.4629916998357,0.976502,0.86208868,9.556024035361224,True,0.8332100776463796,0.25862660400000004
7,2566,149.39021,712,3393.4219,3.9875667,5,104.60525,0.7799778091084457,0.96556357436599,1172.8450099813033,0.9885335,0.87704861,0.0,True,0.842544516375912,0.939009085056193
8,1885,184.18526,712,2752.3594,3.0545442,5,40.209511,0.9615134955012902,0.9521430128826953,1389.2621810170283,1.0383716,0.95595878,0.0,True,0.9845709268509032,0.9532877430178868
9,45,147.8316,712,3429.1992,3.9847331,5,120.0109,0.7718449382247571,0.47029380344613303,569.1734801969607,0.97585177,0.76055151,0.0,True,0.83304698775733,0.5573711154122931
10,3377,184.92484,712,2741.3516,2.991653,5,39.610031,0.9653716040484334,1.0262386141246163,1502.5762908570262,1.0416563,1.0058955,0.0,True,0.9882570128339034,1.0201356798872314
11,0,-1.0,1,-1.0,0.0,0,15.024675,1.0,0.0,-0.6931471805599453,,,,False,1.0,0.0
12,0,98.325424,712,5155.7773,0.76242417,1,43.06509,0.5134680271210694,0.0,68.15399042296117,0.88387001,0.79961485,7.532873459032248,True,0.6245886219847486,0.23988445500000002
13,1247,109.84805,712,4614.957,1.5171101,2,19.870401,0.5736145549029016,0.8449329866109951,783.2274176451999,0.824929,0.70475203,0.0,True,0.6490088884320311,0.8028786996276966
14,2490,124.21471,712,4081.1914,1.7459221,3,21.826424,0.6485989695611222,0.9405355716991977,971.4634818538356,0.85405362,0.73214561,0.0,True,0.7102353646927855,0.8780185831894384
15,0,187.94466,712,2697.3047,1.0159962,2,7.3848901,0.9811244112459168,0.0,130.27331118029753,,,,False,0.9811244112459168,0.0
16,4964,149.61996,712,3388.2109,3.9928741,4,50.610916,0.7811766915624146,1.0468973977880283,1273.321213908312,0.93708944,0.89105833,0.0,True,0.8279505160936902,1.0001456774516198
17,0,274.73209,712,1845.2305,0.98680502,2,8.5722771,1.4336888301491537,0.0,190.42977359284114,,,,False,1.4336888301491537,0.0
18,0,189.51454,712,2674.9609,1.9673979,2,46.060902,0.9893135662014473,0.0,131.361469076115,,,,False,0.9893135662014473,0.0
19,0,187.3951,712,2705.2148,1.0249478,2,29.618338,0.9782577040288181,0.0,129.89238521574902,,,,False,0.9782577040288181,0.0
20,1270,200.7935,712,2524.7031,4.0004492,4,219.9182,1.0481459948977923,0.9122525571696967,1435.341361127798,1.1062697,0.87739575,0.0,True,1.0655831064284547,0.9017955150187877
21,0,216.70061,712,2339.375,1.4935929,2,43.297897,1.1311104520039874,0.0,150.2054168471203,,,,False,1.1311104520039874,0.0
22,3295,275.13046,712,1842.5586,2.9740963,5,160.9048,1.4357655726203744,1.0771125246713582,2228.768093069717,1.2566671,1.312915,0.0,True,1.382036030834262,1.1478532672699508
23,0,128.20346,712,3954.2148,0.4219189,1,10.215611,0.6694160626872019,0.0,88.86386683702973,,,,False,0.6694160626872019,0.0
24,1254,138.71077,712,3654.6836,2.4182308,3,104.82922,0.7242501742728947,0.8696223592923554,989.7966863855311,0.89326024,0.26097143,0.0,True,0.7749531939910264,0.6870270805046488
25,1987,187.79073,712,2699.5156,2.1036441,4,88.673325,0.980321466424564,0.9611419474306737,1426.343321728701,1.0392125,0.91909492,0.0,True,0.9979887764971949,0.9485278392014717
26,2458,218.86301,712,2316.2617,2.1898999,5,43.280365,1.1423877358457142,1.0075501134846172,1708.8641352358868,1.0695397,1.0690277,0.0,True,1.120533325092,1.0259933894392321
27,10638,205.42079,712,2467.832,3.0762873,5,41.279633,1.072280922168324,1.1868808992892783,1904.7387543908742,1.1186277,1.0092394,0.0,True,1.086184955517827,1.1335884495024948
28,1986,173.90921,712,2914.9922,2.8914189,4,92.073387,0.9079056620586219,0.9518377466609618,1320.820343822159,0.95535994,0.82312644,0.0,True,0.9221419454410353,0.9132243546626733
29,0,189.32709,712,2677.6094,2.0583153,3,112.07174,0.9883357382463415,0.0,131.231538637119,,,,False,0.9883357382463415,0.0
30,0,125.61916,712,4035.5625,0.7381494,2,76.795128,0.6559288517665884,0.0,87.07256657830865,0.99570084,0.92269325,14.294399130438878,True,0.7578604482366119,0.27680797500000004
31,0,173.95351,712,2914.25,2.0181341,3,133.78404,0.9081367285249331,0.0,120.57538500500624,0.99700075,0.89801288,8.550597200505035,True,0.9347959349674533,0.26940386400000005
32,714,158.5152,712,3198.0781,4.5013847,6,68.643448,0.827590343673436,0.8142838213317617,1042.0282264018,0.97663188,0.85142052,0.0,True,0.8723028045714052,0.8254248309322332
33,0,222.53143,712,2278.0781,0.70701319,2,99.359901,1.1615188683935151,0.0,154.2470332904728,1.1498083,1.2964911,0.7637553877486914,True,1.1580056978754607,0.38894733000000004
34,0,137.01001,712,3700.0508,1.2699441,2,86.069748,0.7153747686446755,0.0,94.96810213998991,1.0292722,0.85802907,0.3168438369204708,True,0.8095439980512729,0.257408721
35,11,124.84588,712,4060.5586,3.1244745,4,100.47974,0.6518930544314699,0.2990327507692159,320.2233596877201,0.99196959,0.46306413,0.0,True,0.753916015102029,0.34824216453845114
36,1281,143.01373,712,3544.7227,2.9692664,4,101.01682,0.7467044814529301,0.8754738283314624,1023.5430251509223,0.93047345,0.8612352,0.0,True,0.8018351720170511,0.8712022398320236
37,880,160.82013,712,3152.2422,3.9598188,6,89.000122,0.8396164804848645,0.8416542968850653,1090.7130081319794,0.97770357,0.84264052,0.0,True,0.8810426073394051,0.8419501638195457
38,1915,193.0365,712,2626.1562,4.0370569,5,61.92017,1.0076850586585517,0.959816297645254,1459.0696172689304,0.99465877,0.91503143,0.0,True,1.0037771720609863,0.9463808373516778
39,253,160.27158,712,3163.0312,3.9949288,5,89.879356,0.8367543847785248,0.6869942239501124,888.1070635789423,0.97649944,0.39433584,0.0,True,0.8786779013449674,0.5991967087650787
40,1243,221.97079,712,2283.832,2.0024741,4,86.815536,1.158595091223168,0.9212874542655266,1581.9615830950074,1.1497065,1.2962067,0.0,True,1.1559285138562176,1.0337632279858686
41,1213,174.01555,712,2913.2109,2.2967741,4,125.18823,0.908460425474135,0.8901529199725199,1235.9453317697712,0.99700171,0.84504819,0.0,True,0.9350228108318945,0.8766215009807639
42,2340,186.96584,712,2711.4258,2.2580974,3,36.017185,0.9760184835571462,0.9812805506785457,1450.6231824972945,0.98897725,0.79243153,0.0,True,0.9799061134900023,0.924625844474982
43,12559,224.06596,712,2262.4766,2.0910921,4,106.92019,1.1695213518924577,1.2216973711002173,2114.8134139514714,1.0705981,1.0810932,0.0,True,1.1398443763247204,1.179516119770152
44,2722,221.8945,712,2284.6172,2.0150242,4,90.573792,1.1581972420048428,1.022523266965859,1755.1536902554105,1.1497049,1.2959783,0.0,True,1.1556495394033899,1.1045597768761013
45,0,181.65636,712,2790.6758,2.0183589,3,78.84938,0.9483212245978699,0.0,125.91459376478242,,,,False,0.9483212245978699,0.0
46,0,267.75397,712,1893.3203,1.0524898,2,60.845062,1.397311965983183,0.0,185.59290938923215,,,,False,1.397311965983183,0.0
47,0,156.6145,712,3236.8906,1.948692,2,35.831158,0.8176731052789606,0.0,108.55689910980554,,,,False,0.8176731052789606,0.0
48,0,153.8215,712,3295.6641,2.0759187,3,14.346763,0.8030999077683006,0.0,106.62093903450162,,,,False,0.8030999077683006,0.0
49,4539,179.1779,712,2829.2773,3.2823868,5,95.020927,0.9353918581414953,1.0593603771145834,1508.8396316268156,0.96682745,0.90459716,0.0,True,0.9448225356990467,1.0129314119802084
50,3554,173.88358,712,2915.4219,2.4562154,4,49.987751,0.9077719388343648,1.0247295433167702,1421.7402423046003,0.95535934,0.85508144,0.0,True,0.9220481591840554,0.9738351123217392
51,8348,220.13713,712,2302.8555,3.8839059,5,86.040115,1.149032438068606,1.1661701679839591,1987.8419861321095,1.0696959,1.0662757,0.0,True,1.1252314766480243,1.1362018275887713
52,1320,202.93678,712,2498.0391,4.0402956,5,220.19014,1.0593249259824922,0.918420295797028,1458.4865512610506,1.1109811,0.82717305,0.0,True,1.0748217781877445,0.8910461220579196
53,4402,188.20987,712,2693.5039,1.9478843,4,86.000999,0.9825078474421187,1.0620693620623902,1579.1313432440456,1.0392177,0.91093737,0.0,True,0.9995208032094831,1.016729764443673
54,16824,275.1019,712,1842.75,3.0493598,5,108.9742,1.4356166063481968,1.293855295453714,2676.9287180823876,1.2566667,1.3152182,0.0,True,1.3819316344437378,1.3002641668175996
55,28,152.86359,712,3316.3164,2.7731614,3,101.19272,0.7981016320688515,0.4153302446405603,519.9192420594773,0.90374422,0.22189343,0.0,True,0.8297944084481961,0.35729920024839223
56,12,186.96368,712,2711.457,1.1989033,2,130.43661,0.9760072610551176,0.3244164831832843,493.40787007584174,0.97497565,0.17151594,0.0,True,0.9756977777385822,0.278546320228299
57,516,194.09343,712,2611.8555,2.133466,3,72.741753,1.013198217943125,0.7940108484079231,1213.0791321852241,0.98992246,0.79799789,0.0,True,1.0062154905601874,0.7952069608855461
58,5307,188.38828,712,2690.9531,1.9568157,4,90.709534,0.9834384915804274,1.08586221417852,1615.836188453949,1.0390435,0.89869523,0.0,True,1.0001199941062993,1.0297121189249638
59,551,201.80766,712,2512.0156,3.9999969,4,219.75922,1.0534356805744705,0.8063244445981232,1274.487620349499,1.1075968,0.82308984,0.0,True,1.0696840164021295,0.8113540632186863
60,6244,188.6561,712,2687.1328,2.9992099,4,92.635735,0.9848356074347969,1.106642231488731,1648.7970640129674,1.0393163,0.88408345,0.0,True,1.0011798152043578,1.0398745970421117
61,0,210.61682,712,2406.9492,2.0155623,3,37.193916,1.0993813130475463,0.0,145.98845496150147,1.0710095,0.0,0.0,True,1.0908697691332825,0.0
62,4296,221.77733,712,2285.8242,2.5929399,4,123.64127,1.1575862055138835,1.0814239505818155,1855.3680910554046,1.149403,1.2952024,0.0,True,1.1551312438597183,1.1455574854072708
63,1306,181.6223,712,2791.1992,3.985503,5,47.697735,0.9481435246583331,0.9042492357525109,1303.3678534903775,1.031855,0.87452883,0.0,True,0.9732569672608331,0.8953331140267576
64,1102,211.39044,712,2398.1406,4.0253086,5,81.514687,1.1034160809416065,0.9000590697492243,1481.1483869469819,1.0728083,0.87117702,0.0,True,1.0942337466591245,0.891394454824457
65,7344,198.42709,712,2554.8125,3.0206168,4,82.07296,1.0358028735235125,1.13443096970506,1766.3803400888376,1.0433635,1.0079203,0.0,True,1.0380710614664588,1.096477768793542
66,9722,268.64075,712,1887.0703,2.2674837,4,38.700462,1.4019349806943848,1.2170996836012764,2466.754018155783,1.1694636,1.0478331,0.0,True,1.3321935664860693,1.1663197085208934
67,4950,195.72124,712,2590.1328,3.1161098,5,81.510124,1.0216890641408636,1.0822737509072915,1665.1076118654562,1.0374759,0.96694481,0.0,True,1.0264251148986046,1.047675068635104
68,7681,221.94916,712,2284.0547,2.724668,5,82.312973,1.1584822246645436,1.156640200012709,1985.7270596689566,1.1494064,1.2954338,0.0,True,1.1557594772651805,1.1982782800088962
69,0,186.2962,712,2721.1719,2.0051172,3,163.48567,0.9725253607973982,0.0,129.13068577903167,,,,False,0.9725253607973982,0.0
70,42,147.86714,712,3428.375,3.0158746,4,59.780392,0.7720303857627332,0.4620232374108292,559.5572983851403,0.93729305,0.86295176,0.0,True,0.8216091850339131,0.5823017941875804
71,4450,185.68182,712,2730.1758,2.0297575,4,45.9244,0.9693203982557916,1.0616265680104005,1559.933155735441,1.1004628,0.94998473,0.0,True,1.008663118779054,1.0281340166072803
72,3028,185.41866,712,2734.0508,2.0436733,4,41.003506,0.9679475741316046,1.0128055842671893,1486.3749228745191,1.03855,0.9499945,0.0,True,0.9891283018921233,0.9939622589870325
73,1768,147.97285,712,3425.9258,2.9962428,4,60.132309,0.7725819895403909,0.9186938045424723,1106.6497065335313,0.93729711,0.8668735,0.0,True,0.8219965256782736,0.9031477131797306
74,3147,204.13092,712,2483.4258,3.9996181,5,80.811806,1.0655533287539045,1.0301743312875746,1644.2419447863556,1.1164379,0.90940458,0.0,True,1.0808187001277332,0.9939434059013023
75,5161,204.74959,712,2475.9219,2.9944241,5,38.611008,1.0687801478169414,1.0938510570815074,1750.4601589271435,1.1175147,0.93239218,0.0,True,1.083400513471859,1.0454133939570553
76,0,122.6501,712,4133.2539,2.0055122,2,108.0722,0.6404331628974067,0.0,85.01457101039534,0.85161054,0.0,0.0,True,0.7037863760281847,0.0
77,6788,204.74701,712,2475.9531,3.0530405,5,42.330273,1.0687666907661957,1.1289048060925624,1806.5250922715743,1.1175146,0.96099633,0.0,True,1.0833910635363369,1.0785322632647936
78,4633,184.92694,712,2741.3203,2.9955044,4,164.08109,0.9653826184863781,1.0661700002083843,1561.040695368609,1.0416563,0.98685056,0.0,True,0.9882647229404646,1.042374168145869
79,0,123.71147,712,4097.793,1.0164154,2,39.139656,0.6459725489947508,0.0,85.75025663342626,0.8523162,0.0,0.0,True,0.7078756442963255,0.0
80,7422,187.95554,712,2697.1484,2.9960923,5,116.74312,0.9811812253675404,1.127992484042236,1675.148727037832,1.0416136,1.0849657,0.0,True,0.9993109377572783,1.115084448829565
81,0,247.49112,712,2048.332,2.0018868,3,95.076332,1.2916706828751814,0.0,171.5477720416231,1.1285428,1.2515508,4.179491172468546,True,1.242732318012627,0.37546524000000003
82,0,107.29169,712,4724.9141,2.0000017,2,91.641792,0.560271178729657,0.0,74.36893242101168,,,,False,0.560271178729657,0.0
83,25267,247.81012,712,2045.6953,3.009191,5,107.22127,1.2933338932607972,1.3294884351731202,2512.13386258281,1.1288691,1.2564781,0.0,True,1.243994455282558,1.307585334621184
84,0,126.09102,712,4020.4609,1.0059426,2,45.719749,0.6583914176918005,0.0,87.39963500692767,0.85284728,0.0,0.0,True,0.7167281763842603,0.0
85,15136,188.69423,712,2686.5898,2.7177753,5,63.21307,0.9850345093776804,1.2187820550071142,1816.1750609129806,1.0422966,1.0829836,0.0,True,1.0022131365643763,1.1780425185049799
86,0,151.22324,712,3352.2891,2.006165,3,111.27979,0.7895424799731293,0.0,104.81996244113995,,,,False,0.7895424799731293,0.0
87,2496,126.09151,712,4020.4453,2.9967482,5,40.184937,0.6583939710903803,0.9425235343420101,986.4448622395305,0.85287333,0.86251265,0.0,True,0.7167377787632663,0.918520269039407
88,8942,205.42599,712,2467.7695,2.9634972,5,40.564594,1.072308057314999,1.1646562402708922,1869.1173015398067,1.1186278,0.99058133,0.0,True,1.0862039801204992,1.1124337671896245
89,0,158.68344,712,3194.6875,2.0000184,2,85.450844,0.8284681360191873,0.0,109.99097903755323,0.99689031,0.0,0.0,True,0.8789947882134311,0.0
90,7071,185.60188,712,2731.3516,2.9985561,4,163.90466,0.9689034277773984,1.1200772133133217,1645.182487845074,1.0385858,0.98352355,0.0,True,0.9898081394441788,1.0791111143193253
91,0,158.80305,712,3192.2812,1.9999664,2,57.00367,0.8290922335080694,0.0,110.07388637182002,0.99668199,0.0,0.0,True,0.8793691604556486,0.0
92,2504,185.37601,712,2734.6797,3.028986,4,204.53029,0.9677251358866863,0.9887778261679264,1450.8348009427255,1.0981735,0.82279706,0.0,True,1.0068596451206804,0.9389835963175485
93,964,185.358,712,2734.9453,3.9902287,5,202.59476,0.9676312254252345,0.8682451298139817,1273.995901981964,1.0427994,0.90685695,0.0,True,0.9901816777976642,0.8798286758697872
94,31627,247.80728,712,2045.7188,1.9994236,4,58.374084,1.2933190507216303,1.3589297030059304,2567.7368338409433,1.1288688,1.259047,0.0,True,1.2439839755051412,1.3289648921041513
95,1156,186.40913,712,2719.5234,4.0504808,6,202.35362,0.9731144455935363,0.8918074723102938,1315.0138234013589,1.0363325,0.88305312,0.0,True,0.9920798619154754,0.8891811666172057
96,34680,247.80113,712,2045.7695,2.0107975,4,62.304821,1.293287029893177,1.3710104397605596,2590.507090414027,1.1288687,1.259701,0.0,True,1.2439615309252239,1.3376176078323918
97,1520,187.21344,712,2707.8398,3.0366454,4,63.994423,0.9773100736659178,0.9268957043205832,1371.8590021629657,1.00652,0.88120353,0.0,True,0.9860730515661424,0.9131880520244082
98,858,159.87157,712,3170.9453,3.6802702,4,59.179142,0.83466731511597,0.8379008552893924,1080.2413894528574,0.96486598,0.92152202,0.0,True,0.873726914581179,0.8629872047025746
99,12626,188.47746,712,2689.6797,3.4961693,5,43.945919,0.9839037440304788,1.1956499558107945,1779.9192833007892,1.0422916,1.0640157,0.0,True,1.0014201008213353,1.1561596790675561
100,0,107.1488,712,4731.2148,2.000016,2,126.90221,0.5595253641480281,0.0,74.26988862038147,,,,False,0.5595253641480281,0.0
101,2870,151.22377,712,3352.2773,4.2110481,6,40.826767,0.7895452575017683,0.9807996481512236,1204.159181140039,0.93770319,0.97528601,0.0,True,0.8339926372512378,0.9791455567058565
102,106,145.20529,712,3491.2227,4.0393438,5,56.622971,0.7581405372640102,0.5727301692096701,679.8702226526282,0.91791075,0.40517199,0.0,True,0.8060716010848071,0.5224627154467691
103,2126,126.06738,712,4021.2148,3.0072467,5,39.674854,0.6582680433967473,0.9231794291315542,966.0464979105176,0.85273051,0.86024386,0.0,True,0.7166067833777231,0.9042987583920878
104,491,155.00874,712,3270.4219,2.6513786,5,112.36954,0.8092947106119893,0.7658502371571015,961.133114426798,0.9480716,0.89178973,0.0,True,0.8509277774283925,0.8036320850099712
105,0,150.5255,712,3367.8281,1.0323226,2,142.5341,0.7859017302873211,0.0,104.33632592737604,,,,False,0.7859017302873211,0.0
106,6706,188.6051,712,2687.8594,3.8042626,6,86.188904,0.984569578083091,1.1156413715742164,1661.8101211732956,1.0422946,1.0060406,0.0,True,1.0018870846581638,1.0827611401019515
107,4270,126.06738,712,4021.2148,2.9771135,4,44.674355,0.6582680433967473,1.007170791638754,1053.9027958033514,0.85273051,0.93861914,0.0,True,0.7166067833777231,0.9866052961471279
108,43239,247.80823,712,2045.7109,1.9961782,4,87.533768,1.2933240403031678,1.3999434500639525,2645.2399533793705,1.1288689,1.2619946,0.0,True,1.2439874982122174,1.3585587950447668
109,45658,247.80019,712,2045.7773,2.0079889,4,18.18408,1.2932821037526083,1.4070764842667436,2658.642767102567,1.1288688,1.2621952,0.0,True,1.2439581126268258,1.3636120989867204
110,49064,248.0659,712,2043.5859,2.0106826,4,81.34153,1.2946675739996234,1.4167107621330708,2679.340339904945,1.1291903,1.2624668,0.0,True,1.2450243917997366,1.3704375734931495
111,1372,188.06422,712,2695.5898,4.0102048,5,63.443161,0.9817481273694154,0.9144696501481303,1358.8545373032534,1.0068767,0.80420345,0.0,True,0.9892866991585909,0.8813897901036912
112,19345,275.48148,712,1840.2109,3.0191433,5,93.189697,1.4375953016893104,1.3126604484871296,2719.082826615588,1.2572675,1.3158629,0.0,True,1.3834969611825174,1.3136211839409906
113,1313,185.58092,712,2731.6602,3.1603258,5,44.531967,0.9687940492972887,0.9073852330112101,1332.7664401456589,1.0024158,0.84948814,0.0,True,0.9788805745081022,0.890016105107847
114,267,153.5834,712,3300.7734,3.9509921,5,149.5201,0.8018575342046887,0.6900050355145456,859.2547956979412,0.93789607,0.56713974,0.0,True,0.8426690949432821,0.6531454468601819
115,50774,248.05357,712,2043.6875,3.0602391,5,76.739204,1.2946032737457878,1.4211950129077835,2687.7048526279723,1.129176,1.2620033,0.0,True,1.2449750916220514,1.3734374990354485
116,191,150.40007,712,3370.6367,3.2311313,5,49.680885,0.7852472620489589,0.6471761913831867,791.508972799608,0.93381143,0.85884207,0.0,True,0.8298165124342713,0.7106759549682307
117,53878,249.12831,712,2034.8711,3.9955599,6,86.879951,1.300206839088068,1.4297875092838364,2714.1320181727933,1.1304224,1.2626237,0.0,True,1.2492715073616476,1.3796383664986853
118,0,199.96989,712,2535.1016,2.0780191,2,0.44254291,1.0438500904184664,0.0,138.6085654503824,1.0562787,0.0,7.96927794417761,True,1.0475786732929264,0.0
119,790,151.28899,712,3350.832,2.0598595,4,50.216385,0.7898856055301418,0.8220514903857905,1009.7876516605988,0.93405616,0.86160374,0.0,True,0.8331367718710994,0.8339171652700532
120,1149,187.91798,712,2697.6875,3.0411837,5,41.221714,0.9809852935055765,0.8919483411946553,1324.5185361864706,1.0066803,0.77713799,0.0,True,0.9886937954539036,0.8575052358362587
121,1183,188.04623,712,2695.8477,3.0010004,4,65.428215,0.9816542774304259,0.8957131819969889,1330.896826806032,1.037092,0.88333958,0.0,True,0.998285594201298,0.8920011013978921
122,725,153.57104,712,3301.0391,2.9664807,4,171.19028,0.8017930319265176,0.8129866130984575,1011.8682916383592,0.93789577,0.82639104,0.0,True,0.8426238533485624,0.8170079411689203
123,1904,151.28934,712,3350.8242,3.0109031,4,53.012264,0.789887443117607,0.9303240656432593,1142.6523908977829,0.93405616,0.8783021,0.0,True,0.8331380581823249,0.9147174759502815
124,2933,188.00401,712,2696.4531,2.0184045,4,16.258568,0.9814340425486128,1.0105454429402911,1501.1110113608493,1.0073817,0.92630923,0.0,True,0.9892183397840288,0.9852745790582038
125,0,125.76513,712,4030.8789,4.0439606,4,92.889069,0.6566906173554669,0.0,87.17374527225499,0.85253429,0.0,0.0,True,0.7154437191488268,0.0
126,0,125.68913,712,4033.3164,4.0008044,4,93.411728,0.6562939487374115,0.0,87.12106608653244,0.85236585,0.0,0.0,True,0.7151155191161881,0.0
127,62995,275.56512,712,1839.6523,3.9317951,6,120.52759,1.4380313453092293,1.4697278120815844,3045.226707976582,1.2572842,1.3511887,0.0,True,1.3838072017164604,1.434166078457109
128,7618,151.98851,712,3335.4102,3.0584342,5,56.161572,0.793535578743313,1.1017040548988155,1358.554106870822,0.93822253,0.98989999,0.0,True,0.8369416641203191,1.0681628354291708
129,8008,151.99011,712,3335.375,2.0032551,3,53.490723,0.7935439483308996,1.107858489089965,1366.1549023581492,0.93822253,0.9917801,0.0,True,0.8369475228316298,1.0730349723629755
130,8645,188.21068,712,2693.4922,2.0022469,3,77.675392,0.9825121120962012,1.147492184182074,1706.1237385635914,1.0080512,1.0037208,0.0,True,0.9901738384673408,1.1043607689274517
131,6712,151.15631,712,3353.7734,3.0075264,5,40.505955,0.7891932555877689,1.0853662162657682,1331.9818727407883,0.93556219,0.97970247,0.0,True,0.8331039359114383,1.0536670923860378
132,829,185.75676,712,2729.0742,3.8881164,6,88.976418,0.9697113811703967,0.8494353183594879,1248.773929371813,1.0026358,0.79951912,0.0,True,0.9795887068192777,0.8344604588516416
133,8004,152.19955,712,3330.7852,3.9929738,6,159.65756,0.7946367904420711,1.1079848023610328,1367.9614187439504,0.93877614,0.9926905,0.0,True,0.8378785953094499,1.073396511652723
134,0,243.69287,712,2080.2578,1.4353415,2,0.68874961,1.2718664012500451,0.0,168.91502576306127,1.0562787,0.0,7.7404761178241115,True,1.2071900908750315,0.0
135,531,188.61745,712,2687.6836,2.9741888,4,36.635071,0.9846339303852826,0.7947582527426779,1184.2387007965299,1.0422955,0.80092746,0.0,True,1.0019324012696977,0.7966090149198745
136,0,150.01984,712,3379.1797,2.0000768,2,159.64769,0.783263230452033,0.0,103.98582912405409,0.93831581,0.0,0.0,True,0.829779004316423,0.0
137,7,184.29039,712,2750.7891,3.0329139,4,35.707466,0.9620619809054156,0.26253144958395397,404.9273742748771,0.99928129,0.15517896,0.0,True,0.9732277736337909,0.2303257027087678
138,0,231.83733,712,2186.6367,2.0149355,3,782.16449,1.2100472109239675,0.0,160.69739163804562,,,,False,1.2100472109239675,0.0
139,0,218.09026,712,2324.4688,0.99253654,2,18.877247,1.138357726766349,0.0,151.1686488265854,1.0603037,0.0,0.0,True,1.1149415187364442,0.0
140,2426,250.43837,712,2024.2266,1.5331237,4,141.58401,1.3070372951183427,1.023637674541002,1952.122804670068,1.0657051,0.92573321,0.0,True,1.2346376365828398,0.9942663351787014
141,53,169.65376,712,2988.1094,2.0041313,3,47.050545,0.885704628252343,0.4984112038389798,679.8591424474653,0.95341748,0.29663908,0.0,True,0.9060184837766401,0.43787956668728584
142,45,143.52666,712,3532.0547,2.0137146,3,18.819017,0.7493810818946396,0.468594194921813,552.598825780455,0.86619681,0.28269833,0.0,True,0.7844258003262478,0.41282543544526906
143,6,167.63762,712,3024.0469,3.9997864,4,47.962151,0.8751859512028172,0.24277316603077403,348.59263097633846,0.95137101,0.14468366,0.0,True,0.898041468841972,0.21334631422154182
144,1553,168.73395,712,3004.3984,2.0259252,4,48.292225,0.8809057823343825,0.9175606075654313,1240.064746498765,0.95114005,0.86443031,0.0,True,0.9019760626340678,0.901621518295802
145,504,168.12451,712,3015.2891,2.027107,4,47.334904,0.8777262127652389,0.7768612574343351,1046.8334265209871,0.94962776,0.7479766,0.0,True,0.8992966769356673,0.7681958602040346
146,2382,218.08733,712,2324.5,2.9896801,5,94.33345,1.1383424605892267,1.003039705376902,1695.9637609483939,1.0603037,0.91509402,0.0,True,1.1149308324124587,0.9766559997638314
147,532,143.52856,712,3532.0078,3.0290182,4,96.919579,0.7493910269696734,0.7684405941233582,901.4161709959487,0.86619681,0.78998774,0.0,True,0.7844327618787714,0.7749047378863507
148,2531,219.51308,712,2309.4023,3.0156412,4,115.64444,1.1457779264824803,1.0117121183752655,1720.3590532235899,1.0609411,0.91516483,0.0,True,1.1203268785377363,0.9827479318626859
149,255,178.16446,712,2845.3711,3.9977703,5,80.315292,0.930104872723066,0.6971117802104527,988.648144164271,0.9550848,0.49669659,0.0,True,0.9375988509061461,0.6369872231473169
150,1,136.86436,712,3703.9883,2.9843628,3,88.582855,0.7146147046823748,0.08434525252261464,150.3608677766961,0.86409056,0.051171243,0.0,True,0.7594574612776623,0.07439304966583025
151,44,167.17291,712,3032.4531,2.9894023,3,46.976742,0.8727614655045537,0.4747577233094132,640.0451235975459,0.95114374,0.76529557,0.0,True,0.8962761478531875,0.5619190773165893
152,37,216.79654,712,2338.3398,3.0157142,4,88.859871,1.1316107748801416,0.4688530243150119,794.2474889576117,1.0567622,0.7454468,0.0,True,1.109156202416099,0.5518311570205083
153,3826,251.76424,712,2013.5664,3.3654799,5,51.81377,1.3139501306237473,1.0841992618713636,2077.0795906022104,1.0680822,0.95648491,0.0,True,1.2401897514366231,1.0458849563099546
154,201,176.62544,712,2870.1641,3.0962315,5,47.915112,0.9220760521868636,0.6666024016967336,938.4473438588864,0.95066428,0.47572646,0.0,True,0.9306525205308045,0.6093396191877135
155,0,313.17004,712,1618.75,2.079066,3,86.327156,1.634029760642194,0.0,217.07293026184527,1.1957995,1.406056,2.9301553807663385,True,1.502560682449536,0.42181680000000005
156,12302,203.90097,712,2486.2266,4.0628996,5,261.98874,1.0643539195991378,1.2043384642491552,1920.2740242961931,1.1081378,1.0424066,0.0,True,1.0774890837193964,1.1557589049744088
157,7831,151.98993,712,3335.3789,1.9849056,4,48.010052,0.7935430210099417,1.1051038193560168,1362.7570416841866,0.93822253,0.9902826,0.0,True,0.8369468737069592,1.0706574535492117
158,78044,275.47855,712,1840.2305,3.0653236,5,98.706863,1.4375800067151403,1.4981551859606912,3103.2806521799193,1.2572827,1.3534584,0.0,True,1.3834908147005982,1.4547461501724839
159,79207,275.47855,712,1840.2305,2.9897492,5,52.3279,1.4375800067151403,1.5001223597075046,3107.355402044408,1.2572827,1.3537118,0.0,True,1.3834908147005982,1.4561991917952533
160,81102,275.30087,712,1841.418,3.0055056,5,108.05394,1.4366539409731467,1.5031378850313126,3111.8599594982275,1.2573725,1.4005733,0.0,True,1.3828695086812026,1.4723685095219188
161,0,156.01521,712,3249.3242,2.0170603,3,49.722004,0.8145461884609465,0.0,108.14150293596778,0.98900354,0.0,0.0,True,0.8668833939226626,0.0
162,0,218.78331,712,2317.1055,1.0036733,2,63.316437,1.141972081287736,0.0,151.6490344800725,1.0586548,0.0,0.0,True,1.1169768969014153,0.0
163,2377,199.55173,712,2540.4141,4.0117579,5,55.236992,1.0416689140297153,0.9914238920967632,1551.402055854388,1.1071445,0.93875706,0.0,True,1.0613115898208008,0.9756238424677343
164,1514,199.44653,712,2541.7539,4.0133648,5,49.998768,1.0411202650385463,0.9338647734488708,1460.7125927369873,1.1058208,0.72368765,0.0,True,1.0605304255269825,0.8708116364142094
165,0,156.45949,712,3240.0977,1.9893736,3,60.04829,0.8168642587670434,0.0,108.44945436534695,0.99094182,0.0,0.0,True,0.8690875271369304,0.0
166,12,168.00262,712,3017.4766,2.0064948,3,43.169968,0.8770903323313836,0.3200917221865641,443.36854570556704,0.94972366,0.19068632,0.0,True,0.8988803306319686,0.28127010153059484
167,3,137.18889,712,3695.2266,1.9917358,2,115.86488,0.7163082010068942,0.16873909335637868,220.7970007307514,0.8656854,0.10235642,0.0,True,0.7611213607048259,0.14882429134946507
168,517,168.07617,712,3016.1562,2.9749494,3,42.875309,0.877474046757698,0.7800054615228689,1050.79605989065,0.95342124,0.79561752,0.0,True,0.9002582047303886,0.7846890790660082
169,4013,218.08476,712,2324.5273,4.0178308,5,45.604473,1.1383291030201261,1.070296994637364,1809.6221134540397,1.0603036,0.95888507,0.0,True,1.1149214521140882,1.0368734172461547
170,1978,177.76544,712,2851.7578,3.0275764,4,47.340637,0.92802330126293,0.9539515889611464,1349.391167742435,0.9540484,0.8974672,0.0,True,0.935830830884051,0.9370062722728025
171,38302,309.93457,712,1635.6484,2.9422779,5,61.052212,1.6171687002905117,1.4258059007342372,3270.835475543212,1.1957675,1.4036125,0.0,True,1.4907483402033581,1.419147880513966
172,1165,217.55612,712,2330.1758,2.0181878,4,27.566217,1.1355720844718635,0.9105541532076817,1536.4230102167298,1.0581664,0.9019739,0.0,True,1.1123503791303044,0.9079800772453772
173,6035,219.5294,712,2309.2305,2.987555,4,42.829208,1.145863095247677,1.1238746283858294,1911.1488605726925,1.0609415,0.98438942,0.0,True,1.1203866166733738,1.0820290658700806
174,33056,225.32918,712,2249.793,4.1167822,6,60.371513,1.17610887615373,1.3479388978614852,2344.779699825164,1.0648903,1.1771978,0.0,True,1.1427433033076109,1.2967165685030397
175,44064,309.94568,712,1635.5898,2.0088108,4,95.306221,1.617226569535812,1.4447462310896437,3314.3867067308615,1.1957676,1.4036831,0.0,True,1.4907888786750683,1.4324272917627505
176,2762,218.5696,712,2319.3711,3.0124862,4,42.825508,1.1408575451640783,1.0224155672338522,1732.0404100172002,1.0600444,0.95267528,0.0,True,1.116613601614855,1.0014934810636964
177,51838,310.43576,712,1633.0078,1.9999236,4,94.209343,1.6197804894636196,1.467010416844941,3370.0649471542765,1.1958617,1.4038178,0.0,True,1.492604852624534,1.4480526317914586
178,0,209.20071,712,2423.2422,2.0525668,3,102.76463,1.091995568343993,0.0,145.00688230763873,,,,False,1.091995568343993,0.0
179,0,179.66484,712,2821.6094,0.99583209,2,69.873848,0.9379320434904475,0.0,124.53417729175368,,,,False,0.9379320434904475,0.0
180,4035,179.83064,712,2819.0078,3.0318975,5,41.856087,0.9387970265664761,1.0450341476106413,1493.1800421275416,0.97895193,1.0034364,0.0,True,0.9508434975965333,1.0325548233274489
181,1721,143.75607,712,3526.418,3.0203862,4,50.156601,0.7505782292689913,0.9121488070776396,1071.2446790618656,0.8874532,0.8334797,0.0,True,0.7916407204882939,0.8885480749543477
182,0,119.39298,712,4246.0117,2.0000057,2,65.58075,0.6234337194883046,0.0,82.75690746564993,0.81075633,0.0,6.838997653315858,True,0.6796305026418132,0.0
183,0,165.60033,712,3061.25,1.0123588,2,58.095478,0.8645568381819427,0.0,114.78540183929654,,,,False,0.8645568381819427,0.0
184,207,143.75735,712,3526.3867,2.986089,4,48.747726,0.750584887580728,0.6533990552817163,767.9998148766936,0.8874532,0.88244939,0.0,True,0.7916453813065096,0.7221141556972015
185,32450,221.38237,712,2289.9023,4.0402293,6,57.827572,1.1555264526593634,1.3424733612792996,2299.6132101372687,1.0638566,1.1747911,0.0,True,1.1280254968615544,1.2921686828955097
186,55252,311.29059,712,1628.5234,2.0353796,4,95.847069,1.6242353434245935,1.4761768484602569,3399.198615114254,1.1960543,1.4037665,0.0,True,1.4957810303972154,1.4544537439221799
187,1751,208.70515,712,2428.9961,3.0589309,5,279.35553,1.089410935114555,0.9579355186046201,1558.836272565069,1.0844473,0.92232502,0.0,True,1.0879218445801884,0.9472523690232342
188,77905,312.46353,712,1622.4102,2.0210972,4,101.61324,1.6303478853806976,1.52339685503424,3519.361443070691,1.1963534,1.4041289,0.0,True,1.5001495397664883,1.4876164685239681
189,22603,230.10674,712,2203.082,3.9224167,5,48.874771,1.2010227894295251,1.3022362434971202,2307.0332393215094,1.0602394,1.042814,0.0,True,1.1587877726006677,1.224409570447984
190,5558,179.84933,712,2818.7148,3.0143499,5,133.50334,0.9388945435252213,1.0853448597553315,1550.9043290491768,0.9802509,0.97057688,0.0,True,0.9513014504676549,1.050914465828732
191,4364,213.13391,712,2378.5234,3.0857866,5,51.04319,1.1125090114891691,1.0779214406296926,1786.4037208001507,1.0916876,0.96769315,0.0,True,1.1062625880424184,1.0448529534407849
192,31926,221.17184,712,2292.082,3.1368825,5,100.91664,1.1544285402879393,1.3402048665241904,2293.8259345760675,1.0638628,1.1756376,0.0,True,1.1272588182015575,1.2908346865669333
193,19063,229.93021,712,2204.7734,3.1084471,5,34.01432,1.2001022554290512,1.2799857276177091,2266.1023556420114,1.0602285,1.0332602,0.0,True,1.158140128800336,1.2059680693323964
194,2731,213.00867,712,2379.9219,4.1313181,6,101.23228,1.1118558230481177,1.0175803837445345,1685.5706616581406,1.0996591,0.98015273,0.0,True,1.1081968061336824,1.006352087621174
195,81164,312.44849,712,1622.4883,2.0052536,4,102.62396,1.6302695036713013,1.5289297690663914,3531.9963802597476,1.1963532,1.4041009,0.0,True,1.5000946125699108,1.491481108346474
196,2158,225.78352,712,2245.2656,3.9589913,5,47.632679,1.178478295827977,0.9947506643465807,1733.5350472626487,1.0606574,0.90380955,0.0,True,1.143132027079584,0.9674683300426064
197,81001,275.28513,712,1841.5234,3.0281162,5,122.10759,1.436571802972957,1.5029607566731726,3111.3390123619265,1.2573724,1.4007784,0.0,True,1.3828119820810698,1.4723060496712208
198,2712,218.82869,712,2316.625,2.0221546,4,72.302162,1.142208737747948,1.020215027505714,1730.0987585493162,1.0586582,0.88620216,0.0,True,1.1171435764235635,0.9800111672539997
199,3654,214.92274,712,2358.7266,3.0394838,5,51.780567,1.1218383927053799,1.0562243848009825,1763.2530098111283,1.103563,0.99334592,0.0,True,1.116355774893766,1.0373608453606877
200,12050,226.97212,712,2233.5078,3.9752951,5,49.860603,1.184676579773435,1.2183720830464047,2132.8538113898944,1.0616043,1.0039526,0.0,True,1.1477548958414046,1.1540462381324832
201,93364,312.76248,712,1620.8594,3.0080032,5,162.11765,1.6319058413568273,1.5480794698318614,3579.342186606428,1.1964556,1.4040891,0.0,True,1.501270768949779,1.504882358882303
202,576,225.7364,712,2245.7344,3.0447488,5,35.134701,1.1782325058338015,0.8237549973840672,1435.5873106481754,1.0606567,0.87854779,0.0,True,1.142959764083661,0.840192835168847
203,4305,215.4333,712,2353.1367,3.0600424,5,51.109505,1.1245010680530076,1.0776565754843708,1802.7451833369275,1.1076237,1.0150434,0.0,True,1.1194378576371053,1.0588726228390595
204,0,169.13571,712,2997.2617,1.9770799,2,51.502186,0.8830018849508318,0.0,117.23594051850453,0.95495617,0.0,0.0,True,0.9045881704655823,0.0
205,0,193.49297,712,2619.9609,2.0112872,3,37.922112,1.0100660671792765,0.0,134.11910661367008,,,,False,1.0100660671792765,0.0
206,13077,269.26279,712,1882.7109,2.736135,5,49.47657,1.405177703679029,1.256776862280418,2552.278216765892,1.1700395,1.0686953,0.0,True,1.3346362425753202,1.2003523935962925
207,2036,153.31958,712,3306.4531,2.6692619,5,60.225334,0.8004809663346402,0.9401193753122012,1168.2529161729892,0.93182647,0.89712697,0.0,True,0.8398846174342481,0.9272216537185409
208,12,210.00031,712,2414.0156,3.9934387,4,204.75513,1.09616582548591,0.32924958391136716,554.2028573269765,1.0754813,0.18645945,0.0,True,1.089960467840137,0.286412543737957
209,0,168.59366,712,3006.8984,0.99874735,2,34.333614,0.8801738651464057,0.0,116.86022008928202,1.023806,0.97280025,11.149845977156842,True,0.9232635056024839,0.29184007500000003
210,25761,266.79343,712,1900.1367,3.2942805,5,86.004272,1.3923046301355924,1.3450281896387488,2709.7393986179286,1.1724268,1.1439548,0.0,True,1.3263412810949147,1.284706172747124
211,438,146.11707,712,3469.4375,2.1454573,4,74.68187,0.7628982905671889,0.7463251478697024,889.3816888464764,0.90039462,0.62063634,0.0,True,0.8041471893970322,0.7086185055087917
212,48806,248.87415,712,2036.9492,3.0131724,5,220.10927,1.2988816663803278,1.416622763679209,2686.7580962039005,1.1295356,1.1037518,0.0,True,1.2480778464662294,1.3227614745754463
213,1803,185.72752,712,2729.5039,3.004838,3,106.90276,0.9695588333448236,0.9475276975258912,1392.6436108541918,1.0108364,0.91980171,0.0,True,0.9819421033413765,0.9392099012681239
214,809,147.69801,712,3432.3008,2.1270118,3,84.850342,0.7711478664189334,0.8225435510904594,989.3208620394189,0.91169447,0.86086935,0.0,True,0.8133118474932535,0.8340412907633216
215,1241,145.0717,712,3494.4375,1.5039008,3,32.291775,0.7574434648297977,0.8731207418028286,1033.6769310667144,0.89735019,0.86269772,0.0,True,0.7994154823808585,0.86999383526198
216,0,135.50038,712,3741.2734,0.34754136,1,47.127102,0.7074967419053163,0.0,93.9217063618012,0.8683176,0.0,0.0,True,0.7557429993337215,0.0
217,0,124.40439,712,4074.9688,1.8536737,2,85.596375,0.6495889138422732,0.0,86.23055217777986,0.83277655,0.0,0.0,True,0.7045452046895913,0.0
218,46463,248.89276,712,2036.7969,1.9692777,4,92.079178,1.2989786940331507,1.4101809975162625,2674.7147505844205,1.1295359,1.0949563,0.0,True,1.2481458558232055,1.3156135882613837
219,3656,184.3349,712,2750.125,4.0796432,4,116.23859,0.9622941307392783,1.035844555146603,1512.4073611224649,0.99946678,0.93641907,0.0,True,0.9734459255174948,1.0060169096026221
220,44064,248.87271,712,2036.9609,2.1256721,4,178.36021,1.2988742131155315,1.4032097907993462,2661.3063350071043,1.1295357,1.076908,0.0,True,1.248072659180872,1.3053192535595421
221,3897,201.86636,712,2511.2852,3.1216903,5,222.52614,1.0537418254644704,1.0560012003338084,1669.127029523501,1.1008004,0.95918673,0.0,True,1.0678593978251292,1.0269568592336658
222,384,199.00429,712,2547.4023,2.9359021,3,213.63695,1.038813581740644,0.7589544217560181,1185.2371870658164,1.1079876,0.80042797,0.0,True,1.059565787218451,0.7713964862292128
223,3,160.72632,712,3154.082,2.881896,3,77.504768,0.8391270361672594,0.1720522458153473,258.67903293401514,0.99709117,0.1034357,0.0,True,0.8865162763170815,0.15146728207074311
224,14689,225.01584,712,2252.9258,1.7974966,4,20.012911,1.174474891617647,1.2426537930345098,2159.0248112303375,1.0709028,1.0857284,0.0,True,1.143403264132353,1.195576175124157
225,1770,141.80826,712,3574.8555,2.897388,4,320.71924,0.7404139570527342,0.9140583418990618,1060.706517476924,1.0099694,0.80939585,0.0,True,0.8212805899369139,0.8826595943293433
226,702,198.16077,712,2558.2461,2.7052548,4,86.386223,1.034413736461052,0.8352636039054895,1299.296247775612,1.0509498,0.9324795,0.0,True,1.0393745555227363,0.8644283727338427
227,2456,143.53761,712,3531.7852,1.4128656,3,142.38203,0.7494382325674,0.955484297906457,1120.6129472878197,0.9293772,0.82568371,0.0,True,0.8034199227971801,0.9165441215345198
228,3607,154.70607,712,3276.8203,1.9953843,3,148.90045,0.8077154257465211,1.0117799333697581,1267.2261954172877,0.92161453,0.79225838,0.0,True,0.8418851570225647,0.9459234673588307
229,54,160.67021,712,3155.1836,2.9078591,3,318.18802,0.8388342491582802,0.49732642808119126,646.7541014742716,1.0384007,0.71698868,0.0,True,0.8987041844107961,0.5632251036568339
230,309,192.42142,712,2634.5508,3.0444343,4,62.822773,1.0044766573664488,0.7282126409490484,1104.4591026674636,1.0284659,0.33652261,0.0,True,1.0116734301565142,0.6107056316643338
231,1619,198.23492,712,2557.2891,2.0910847,4,84.220901,1.0348005368212743,0.9416792436570065,1465.1143536923898,1.0507731,0.9185093,0.0,True,1.039592305774892,0.9347282605599045
232,19275,228.73511,712,2216.293,2.2260969,4,234.57811,1.1938701220086056,1.2805565017110576,2256.853379882608,1.0726099,1.0903119,0.0,True,1.157492055406024,1.2234831211977402
233,471,200.48177,712,2528.6289,4.0194578,4,610.86237,1.0465199913590002,0.7856678508179451,1234.7863450837003,1.0539554,0.68382853,0.0,True,1.0487506139513,0.7551160545725616
234,1390,213.24843,712,2377.2461,2.6245236,4,101.89556,1.113106262761484,0.9309088367694731,1543.5980868806832,1.0782723,0.85417491,0.0,True,1.1026560739330389,0.9078886587386312
235,43339,248.6348,712,2038.9102,2.8582873,4,226.5177,1.2976336413825733,1.4008572753954884,2654.6375454932136,1.1280422,1.0536214,0.0,True,1.2467562089678013,1.2966865127768419
236,0,136.49083,712,3714.125,1.9954391,2,90.285965,0.7126654067236263,0.0,94.60823398678679,0.92381585,0.21019769,4.182501561184017,True,0.7760105397065384,0.06305930700000001
237,510,134.00084,712,3783.1406,2.6689572,3,48.489895,0.6996711653355323,0.7569234166587037,835.9407399479792,0.8732335,0.79040331,0.0,True,0.7517398657348726,0.7669673846610925
238,0,118.95644,712,4261.5938,1.8541093,2,54.295444,0.6211552645002993,0.0,82.4543209954483,0.82129169,0.0,0.0,True,0.6811961921502095,0.0
239,0,130.1935,712,3893.7734,2.0045922,2,44.549149,0.6798017909770717,0.0,90.24325745223123,0.86064827,0.0,0.0,True,0.7340557346839502,0.0
240,510,153.13179,712,3310.5078,2.1528904,3,65.622116,0.7995011316081538,0.7693748074715574,955.2858164333786,0.93146139,0.79419094,0.0,True,0.8390892091257077,0.7768196472300902
241,10751,208.79044,712,2428.0039,2.7194319,5,187.10149,1.089855754783289,1.190710123387534,1938.1891405377262,1.1434653,1.2893826,0.0,True,1.1059386183483022,1.2203118663712738
242,0,172.7216,712,2935.0352,1.0037637,2,41.367542,0.9017099061532651,0.0,119.72149006180264,1.0226401,0.9961639,1.907845758442574,True,0.9379889643072856,0.29884917000000005
243,2438,168.74887,712,3004.1328,2.9864297,5,113.704,0.8809836127535138,0.9738537040675472,1316.1995587397234,1.0242341,0.99207211,0.0,True,0.9239587589274596,0.9793192258472831
244,0,139.18385,712,3642.2617,2.0000191,2,49.32476,0.7267188672429414,0.0,96.47489320697835,0.92198342,0.0,0.0,True,0.7852982330700591,0.0
245,27397,266.95258,712,1899.0039,3.0196984,5,84.73085,1.3931342984413846,1.35328843304459,2727.7913493867277,1.1724292,1.1480936,0.0,True,1.326922768908969,1.291729983131213
246,2346,212.93144,712,2380.7852,3.5807753,5,102.85081,1.111452989787261,0.9980001494568733,1652.6288694988755,1.0782661,0.90646708,0.0,True,1.1014969228510827,0.9705402286198113
247,0,148.88736,712,3404.8828,2.0193841,3,53.026031,0.7773539302733972,0.0,103.20085380501358,0.9521203,0.0,0.0,True,0.829783841191378,0.0
248,61,169.35422,712,2993.3945,2.368588,3,98.601341,0.8841418833348449,0.5155589396467868,701.6573499429514,0.94559681,0.51360041,0.0,True,0.9025783613343914,0.5149713807527507
249,516,182.23157,712,2781.8672,2.7889636,4,23.8936,0.9513218642616414,0.787705238682045,1138.942800858076,0.97068578,0.55945998,0.0,True,0.957131038983149,0.7192316610774314
250,9511,207.20598,712,2446.5703,2.5960374,4,99.335381,1.0815918720245998,1.1738466520210822,1898.0926767754659,1.1433089,1.2886181,0.0,True,1.1001069804172199,1.2082780864147575
251,2424,172.72208,712,2935.0273,3.1026158,5,111.90755,0.9017123315676486,0.975968067373633,1346.1957342572364,1.0226401,1.0199778,0.0,True,0.9379906620973542,0.9891709871615431
252,1459,187.10251,712,2709.4453,2.9885111,4,87.662071,0.9767313891823066,0.9216487477079894,1363.3928666983493,1.0365913,0.91799933,0.0,True,0.9946893624276146,0.9205539223955925
253,3576,168.65041,712,3005.8867,4.0440874,5,52.854538,0.8804699108383425,1.021594117847143,1379.9919747344786,1.0242317,1.0031153,0.0,True,0.9235984475868397,1.0160504724930002
254,435,197.09271,712,2572.1094,3.3082495,5,86.566963,1.0288427269489153,0.7738623868659531,1198.3105100403486,1.0421611,0.86970192,0.0,True,1.0328382388642408,0.8026142468061672
255,1279,149.34929,712,3394.3516,4.0511112,6,109.02761,0.7797643019529651,0.8799451547527651,1068.653357356903,0.95365208,0.87418795,0.0,True,0.8319306353670757,0.8782179933269356
256,60,196.92464,712,2574.3047,2.9886918,4,81.868286,1.0279660377752817,0.5233782107400806,812.7344530066262,1.041265,0.36606807,0.0,True,1.0319557264426973,0.4761851685180565
257,1231,198.81953,712,2549.7695,3.1478889,5,116.23051,1.0378499055501824,0.9071324282245599,1415.0394530525484,1.0441238,0.84900731,0.0,True,1.0397320738851277,0.8896948927571919
258,7709,155.08006,712,3268.918,1.3017389,3,67.227974,0.8096668074714304,1.1059097848391153,1388.0290590510851,0.96828896,0.84338635,0.0,True,0.8572534532300013,1.0271527543873806
259,8904,189.85722,712,2670.1328,2.8589711,3,96.890984,0.9911010914430736,1.1524978866174695,1726.6527823937388,0.98549527,0.85426289,0.0,True,0.9894193450101516,1.0630273876322287
260,55956,251.11972,712,2018.7344,1.679082,4,49.971436,1.3105897215194813,1.4362524754446289,2745.3303505126987,1.0979413,1.1243607,0.0,True,1.246795195063637,1.3426849428112402
261,621,201.96626,712,2510.043,4.0995092,6,107.53773,1.0542628985892502,0.8216547410820513,1299.5612951955218,1.0503205,0.80399096,0.0,True,1.053080179012475,0.8163556067574359
262,60435,252.14626,712,2010.5156,1.1815898,3,104.59267,1.3159419656477873,1.4471431101167869,2775.9681368688534,1.0976481,1.1266887,0.0,True,1.2504538059534511,1.3510067870817508
263,60893,259.80786,712,1951.2266,1.5902181,3,91.18718,1.3558865799599678,1.4538471482221575,2862.27886222971,1.0995268,1.1274232,0.0,True,1.2789786459719774,1.3559199637555104
264,1710,196.74878,712,2576.6055,3.2861643,5,93.586571,1.027048819433929,0.947735453821008,1464.8768208716378,1.0019068,0.80749029,0.0,True,1.0195062136037503,0.9056619046747056
265,2177,201.49527,712,2515.9102,4.2906113,5,318.12628,1.0518062695646717,0.9814316787987852,1548.8178412724267,1.0420305,0.78089017,0.0,True,1.0488735386952701,0.9212692261591497
266,36,197.06937,712,2572.4141,4.0512352,4,113.01941,1.0287209561821604,0.4597689935417419,716.8568128179982,1.0449955,0.25712064,0.0,True,1.0336033193275123,0.3989744874792194
267,2638,199.50018,712,2541.0703,2.0694802,4,81.676216,1.041400127460431,1.0046718973071134,1571.7689902661575,1.0077355,0.85546947,0.0,True,1.0313007392223017,0.9599111691149793
268,61356,260.8009,712,1943.7969,2.0069072,4,151.97575,1.3610638060739206,1.4555784103271485,2875.1945253618546,1.1000379,1.1292412,0.0,True,1.2827560342517446,1.357677247229004
269,0,167.55882,712,3025.4688,1.9989215,2,195.79146,0.8747749058754416,0.0,116.14292366095137,,,,False,0.8747749058754416,0.0
270,12774,208.41154,712,2432.418,1.5265347,4,36.502773,1.0878796223823666,1.2125414950536961,1970.598571409468,1.1424596,1.2893732,0.0,True,1.1042536156676566,1.2355910065375872
271,31909,267.98782,712,1891.668,2.9011869,5,103.04922,1.398531175771485,1.3741819347263893,2779.2229080547263,1.1734924,1.1580304,0.0,True,1.3310195430400396,1.3093364743084726
272,786,205.60695,712,2465.5977,4.4254441,5,108.78597,1.0732518248662803,0.8536528052501184,1371.2951602865046,1.0631418,0.84590191,0.0,True,1.0702188174063962,0.8513275366750829
273,0,134.45564,712,3770.3438,2.1063221,3,49.91227,0.7020446372254926,0.0,93.19754777638299,0.90466404,0.0,0.0,True,0.7628304580578449,0.0
274,7215,174.33229,712,2907.918,3.9900887,6,51.137054,0.9101128397985222,1.113817304164512,1548.801995189199,1.0265983,1.0521258,0.0,True,0.9450584778589657,1.0953098529151584
275,13286,209.49553,712,2419.832,3.2904871,5,74.998322,1.0935332155825987,1.218390374737785,1989.0797475094796,1.1413578,1.2890875,0.0,True,1.107880590907819,1.2395995123164496
276,533,183.94429,712,2755.9648,3.9899774,5,215.63469,0.9602565393731044,0.7927179543344198,1155.5870963483956,0.95412999,0.55845952,0.0,True,0.9584185745611731,0.7224404240340939
277,33917,268.23654,712,1889.9141,1.8426502,4,65.390724,1.3998276848620326,1.3824379817214216,2798.1713245929986,1.173496,1.1617112,0.0,True,1.3319281794034228,1.3162199472049951
278,19846,209.36169,712,2421.3789,3.22013,5,110.9978,1.0928351874982636,1.269779070029033,2071.8136648727136,1.1413621,1.2910155,0.0,True,1.1073932612487845,1.2761499990203231
279,2502,198.82684,712,2549.6758,1.380372,3,186.67531,1.0378880164011572,0.9974949156332833,1555.9482130699466,1.0937444,0.92769551,0.0,True,1.0546449314808102,0.9765550939432983
280,1253,179.8987,712,2817.9414,0.7353723,2,45.334843,0.9391520456988347,0.8979546911230673,1283.5575888385954,1.0472314,0.87277019,0.0,True,0.9715758519891843,0.890399340786147
281,0,165.26018,712,3067.5508,0.35373253,1,66.884048,0.8627821812106305,0.0,114.54962782582905,1.007478,0.0,0.0,True,0.9061909268474414,0.0
282,0,168.48399,712,3008.8555,0.99488372,2,49.832001,0.8796017392933124,0.0,116.78420263799002,0.95056301,0.0,0.0,True,0.9008901205053186,0.0
283,0,153.48367,712,3302.918,3.5073314,3,29.799198,0.8013371994587569,0.0,106.38677312249305,0.9100734,0.0,0.0,True,0.8339580596211298,0.0
284,0,176.87459,712,2866.1211,3.876308,4,25.662304,0.923375841613116,0.0,122.6001233711963,0.96836621,0.0,0.0,True,0.9368729521291812,0.0
285,1048,218.03787,712,2325.0273,5.1862698,5,24.207762,1.1380845143333023,0.8971743963557864,1516.7903509829741,1.0519508,0.85332572,0.0,True,1.1122444000333116,0.8840197934490506
286,0,178.93753,712,2833.0781,3.8998768,4,26.630535,0.934137840703872,0.0,124.03004441586063,0.97309983,0.0,0.0,True,0.9458264374927103,0.0
287,0,155.83499,712,3253.082,3.4091277,3,27.199192,0.8136058429744124,0.0,108.01658395108727,0.91635782,0.0,0.0,True,0.8444314360820886,0.0
288,543,168.04375,712,3016.7383,2.0114436,4,74.360825,0.8773048443983489,0.7860985710383298,1058.8076728819415,0.94919366,0.85076743,0.0,True,0.8988714890788443,0.8054992287268309
289,0,167.95631,712,3018.3086,1.00236,2,37.117336,0.8768487215382018,0.0,116.41844273375214,0.94911796,0.0,0.0,True,0.8985294930767413,0.0
290,0,167.54996,712,3025.6289,0.99462205,2,94.443893,0.8747286480720394,0.0,116.1367823769316,0.94413841,0.0,0.0,True,0.8955515766504276,0.0
291,2302,219.15831,712,2313.1406,3.9855661,4,132.98053,1.14392781784434,0.9992656302741882,1696.81174244173,1.0569732,0.94551098,0.0,True,1.117841432491038,0.9831392351919318
292,2615,219.68585,712,2307.5859,2.5656633,5,127.11076,1.1466790365150896,1.0160285597174228,1728.8801659436522,1.0547391,0.92214799,0.0,True,1.1190970555605626,0.9878643888021958
293,2336,187.4135,712,2704.9492,3.0247817,5,216.39732,0.9783536885586313,0.9813607628666599,1453.7761042072168,1.0358312,0.87203717,0.0,True,0.9955969419910419,0.9485636850066619
294,346,163.94534,712,3092.1523,3.9530427,4,245.53873,0.8559222293488384,0.7277458838972983,959.4413252954693,1.0338901,0.54282993,0.0,True,0.909312590544187,0.6722710977281089
295,35184,268.56348,712,1887.6133,1.9947387,4,47.967255,1.4015321201225859,1.3875217594307576,2811.430888828613,1.1740271,1.1640931,0.0,True,1.33328061408581,1.3204931616015303
296,1466,166.48279,712,3045.0234,3.9133024,5,218.39206,0.86916094394314,0.9088442838393685,1213.9352694241877,1.0295348,0.77232242,0.0,True,0.917273100760198,0.8678877246875579
297,20975,209.40359,712,2420.8945,2.7934067,5,138.19093,1.0930536738437584,1.2769109658028703,2083.81321007965,1.1413659,1.2915537,0.0,True,1.1075473416906307,1.2813037860620091
298,7261,202.36276,712,2505.125,3.9920082,5,85.045517,1.0563309506150815,1.1358221952049785,1799.115880894022,1.0448198,1.0177675,0.0,True,1.052877605430557,1.1004057866434849
299,42474,269.18906,712,1883.2266,2.0047884,4,32.313007,1.4047933201031835,1.4129142922382671,2868.6655723420745,1.175094,1.1778744,0.0,True,1.3358835240722284,1.342402324566787
300,6205,202.36212,712,2505.1328,4.0127764,6,82.499702,1.056327664238941,1.1157460051143853,1767.3160099613553,1.0448197,0.99708694,0.0,True,1.0528752749672585,1.0801482855800697
301,4976,202.48874,712,2503.5664,3.0028224,5,91.653244,1.0569880465194759,1.0876379773069593,1723.7428013508086,1.0448254,0.98411125,0.0,True,1.0533392525636331,1.0565799591148715
302,43566,269.18906,712,1883.2266,2.0087562,4,81.675659,1.4047933201031835,1.416279870693889,2875.4985935190534,1.175094,1.179773,0.0,True,1.3358835240722284,1.3453278094857224
303,0,168.81976,712,3002.8711,1.0090239,2,5.0302072,0.8813535244692646,0.0,117.01694066680663,,,,False,0.8813535244692646,0.0
304,0,190.33029,712,2663.4961,2.0167916,3,173.64999,0.9935687899002502,0.0,131.92690388865674,,,,False,0.9935687899002502,0.0
305,0,136.94611,712,3701.7773,1.9901323,2,5.17132,0.7150412997457585,0.0,94.92381003515213,,,,False,0.7150412997457585,0.0
306,22518,209.54559,712,2419.2539,2.9038329,5,106.56058,1.093794308213953,1.2861307873847723,2100.0992379646946,1.1411098,1.2911534,0.0,True,1.107988955749767,1.2876375711693406
307,2446,169.13219,712,2997.3242,2.9957263,4,117.24161,0.882983484933318,0.9745384143417158,1319.7429848658664,1.0287536,0.87561226,0.0,True,0.9267145194533226,0.944860568039201
308,22838,210.57753,712,2407.3984,1.9993732,4,22.801085,1.0991763481543093,1.2887529876076926,2113.412665633076,1.1401469,1.2906183,0.0,True,1.1114675137080166,1.289312581325385
309,400,177.40337,712,2857.5781,3.230217,4,31.159237,0.9261344303066371,0.753125751458177,1063.790808564553,1.0205084,0.90260106,0.0,True,0.954446621214646,0.7979683440207238
310,0,234.07951,712,2165.6914,0.70984751,2,9.3467884,1.221739281966444,0.0,162.25155238335353,,,,False,1.221739281966444,0.0
311,5187,216.3989,712,2342.6367,3.0177848,5,50.05975,1.1295369276446265,1.1022885898659636,1851.1403051292716,1.1097547,1.0279567,0.0,True,1.1236022593512387,1.0799890229061746
312,4924,220.03934,712,2303.8789,2.9842463,4,49.100193,1.1485224720868195,1.0979420188618447,1870.8366471063518,1.0610024,0.96017069,0.0,True,1.1222664504607736,1.0566106202032912
313,96783,313.16928,712,1618.7539,3.015466,5,104.56927,1.6340258286966554,1.5532171157423673,3595.2607819708096,1.1947074,1.3626893,0.0,True,1.5022303000876587,1.4960587710196571
314,11102,226.92331,712,2233.9883,3.035795,5,51.558163,1.18442200013338,1.2077153669351297,2113.8044029797147,1.0612183,0.9934426,0.0,True,1.147460890093366,1.1434335368545907
315,60855,275.38034,712,1840.8867,4.0110888,6,51.891644,1.4370681250023867,1.4650008432193298,3033.667518158148,1.2580022,1.4316714,0.0,True,1.3833483475016708,1.4550020102535308
316,7027,217.01479,712,2335.9883,3.0297477,5,113.32108,1.1327489254590521,1.141822417745973,1922.2735476551363,1.1114765,1.0489402,0.0,True,1.1263671978213363,1.113957752422181
317,674,170.56282,712,2972.1836,3.9777696,5,48.892704,0.8904472926825486,0.8145365065535544,1111.4202667143622,0.99358422,0.85004616,0.0,True,0.9213883708777841,0.8251894025874881
318,99184,313.5332,712,1616.875,2.0238652,4,47.948868,1.6359223130636005,1.556776692181449,3607.1217581386372,1.193139,1.3620911,0.0,True,1.5030873191445202,1.4983710145270144
319,1554,203.88591,712,2486.4102,4.0044756,5,49.957333,1.0642753893875039,0.9398232431150709,1498.535688675647,1.1086454,0.92954361,0.0,True,1.0775863925712525,0.9367393531805497
320,101627,313.89722,712,1615.0,2.0204368,4,58.905529,1.6378192545212344,1.560313773357419,3618.9474815565613,1.1911918,1.3617877,0.0,True,1.503831018164864,1.5007559513501934
321,0,167.09047,712,3033.9492,1.0061165,2,38.415527,0.8723313731866251,0.0,115.81828817893613,0.94302022,0.0,0.0,True,0.8935380272306376,0.0
322,973,218.71141,712,2317.8672,4.0058351,4,133.16888,1.1415971287325568,0.8879588485505503,1505.2676035187733,1.055468,0.7698158,0.0,True,1.1157583901127897,0.8525159339853852
323,5596,231.9492,712,2185.582,2.1138744,4,819.35986,1.210630611588885,1.1220876063433076,2001.7597910922525,1.2268469,1.4154954,0.0,True,1.2154954981122195,1.2101099444403154
324,5734,232.69363,712,2178.5898,0.17892423,2,230.93907,1.2145125757081117,1.125722927545565,2013.8510655807045,1.2186786,1.4147444,0.0,True,1.2157623829956783,1.2124293692818955
325,6003,234.85387,712,2158.5508,2.1616006,4,199.44815,1.225777118761029,1.133045410253935,2043.3103357963653,1.2140195,1.4143023,0.0,True,1.2222498331327203,1.2174224771777544
326,100986,314.03848,712,1614.2734,2.011687,4,28.502768,1.638555540517363,1.5595522598799312,3618.589086429895,1.190433,1.3612454,0.0,True,1.5041187783621541,1.500060201915952
327,0,168.30156,712,3012.1172,2.0006208,2,50.448013,0.8786498861294564,0.0,116.65775179784046,0.94837075,0.0,0.0,True,0.8995661452906195,0.0
328,102619,314.07193,712,1614.1016,2.011096,4,45.28339,1.6387297274879475,1.5617457994065578,3624.0125166399403,1.1904335,1.3609011,0.0,True,1.5042408592415633,1.5014923895845904
329,2474,218.21201,712,2323.1719,4.0304413,4,156.41086,1.1389926631062572,1.0080000783135779,1705.195851035741,1.0495033,0.92465603,0.0,True,1.11214585417438,0.9829968638195046
330,0,223.16936,712,2271.5664,2.0146062,3,198.09555,1.1648455635871624,0.0,154.68921267136744,1.0556397,0.0,0.0,True,1.1320838045110138,0.0
331,104026,314.17078,712,1613.5938,2.034276,4,42.436443,1.6392447993801635,1.5636553802493285,3629.4313485115276,1.189724,1.36077,0.0,True,1.5043885595661144,1.50278976617453
332,4351,219.68735,712,2307.5703,2.9882987,4,45.079624,1.14668678176232,1.081745735835636,1840.6769434291894,1.0547391,0.96275759,0.0,True,1.119102477233624,1.0460492920849451
333,47,196.7628,712,2576.4219,3.9970615,4,113.26228,1.0271219518267496,0.492812606434622,765.7654589530815,1.0436907,0.28983,0.0,True,1.0320925762787247,0.4319178245042354
334,3602,199.69542,712,2538.5859,2.006263,4,81.419319,1.0424184966785952,1.0445094876299788,1635.4654745777736,1.0081546,0.88438588,0.0,True,1.0321393276750166,0.9964724053409851
335,24,197.19304,712,2570.8008,3.9899628,4,113.13317,1.0293660257571577,0.4098839746189762,642.4739609459316,1.0450022,0.23144267,0.0,True,1.0340568780300106,0.3563515832332833
336,60617,261.63269,712,1937.6172,2.029341,4,107.99638,1.365400211217366,1.4545891297682327,2881.1943261248534,1.1002486,1.131384,0.0,True,1.2858547278521562,1.357627590837763
337,4517,199.68774,712,2538.6836,2.9903703,4,64.501106,1.0423784112908967,1.0733673499972123,1680.5812073553573,1.0081545,0.90514463,0.0,True,1.0321112379036277,1.0229005339980486
338,0,228.11473,712,2222.3203,0.96879083,2,48.585194,1.1906350603197013,0.0,158.11708194369317,1.0503327,0.0,0.0,True,1.148544352223791,0.0
339,44662,269.48309,712,1881.1719,3.0074992,5,91.983742,1.4063260685659318,1.4197791681582004,2885.334717874457,1.1756281,1.1816665,0.0,True,1.337116677996152,1.3483453677107402
340,59691,262.69931,712,1929.75,1.0894403,4,56.278927,1.3709609082753131,1.4533356072706907,2888.8964414869483,1.1004683,1.1360899,0.0,True,1.289813125792719,1.3581618950894834
341,554,174.87636,712,2898.8711,3.0336087,4,100.81811,0.9129511940605828,0.7925348213520821,1105.3529517019508,0.94788378,0.80363899,0.0,True,0.9234309698424079,0.7958660719464574
342,31631,243.10855,712,2085.2578,3.926425,5,65.084274,1.268819661165399,1.3555479813795113,2519.080136848384,1.0630887,1.0185252,0.0,True,1.2071003728157792,1.2544411469656578
343,104204,314.22708,712,1613.3047,1.9995587,4,49.795452,1.6395381840719192,1.5639246435665843,3630.6189570026336,1.1893698,1.3605734,0.0,True,1.5044876688503432,1.502919270496609
344,4445,224.37006,712,2259.4102,2.9665895,4,78.210411,1.1711071854902027,1.0874621755262313,1884.7051363199841,1.0595797,0.93019706,0.0,True,1.1376489398431417,1.0402826408683619
345,0,227.24516,712,2230.8242,2.026804,3,196.96289,1.1861004258914947,0.0,157.51434194989366,1.0534894,0.0,0.0,True,1.1463171181240461,0.0
346,104568,314.24533,712,1613.2109,2.0087366,4,42.101826,1.6396333968281394,1.5644089245927473,3631.925591481777,1.1893699,1.3601199,0.0,True,1.5045543477796977,1.503122217214923
347,0,218.15918,712,2323.7344,2.0053725,2,59.73719,1.1387171873799675,0.0,151.2164205302696,1.0536948,0.0,0.0,True,1.1132104711659774,0.0
348,111906,314.4151,712,1612.3398,2.0366867,4,90.201736,1.6405181452881457,1.573703853747937,3655.2114856052854,1.1890774,1.3534442,0.0,True,1.505085921701702,1.507625957623556
349,20641,233.5479,712,2170.6211,3.0022984,4,44.652424,1.2189671427571225,1.2929319986421943,2320.3291115644047,1.137797,1.172789,0.0,True,1.1946160999299857,1.256889099049536
350,111946,313.97391,712,1614.6055,2.1308756,4,16.414736,1.6382189313105988,1.5734536909471222,3650.19466676442,1.1859453,1.3529795,0.0,True,1.502536841917419,1.5073114336629854
351,111622,313.77957,712,1615.6055,3.0416973,5,80.449722,1.6372061881347686,1.5729298500677764,3647.0258529632306,1.1833043,1.352399,0.0,True,1.501035621694338,1.5067705950474433
352,1078,222.92056,712,2274.1016,3.0399468,4,45.308533,1.1635481186607997,0.9033887343447354,1557.036873521903,1.0570813,0.85849375,0.0,True,1.1316080730625597,0.8899202390413148
353,4029,202.32111,712,2505.6406,2.0101874,4,34.454388,1.056113756716507,1.0605590019445503,1679.6232734383022,1.0443817,0.96668416,0.0,True,1.052594139701555,1.0323965493611853
354,2417,201.79228,712,2512.207,2.0762975,4,64.445709,1.0533554852726272,0.9949663092605817,1572.1857518756817,1.043051,0.94699955,0.0,True,1.050264139690839,0.9805762814824073
355,4857,203.00662,712,2497.1797,2.0704505,4,13.07183,1.059689199044325,1.0848995670533903,1723.239545136524,1.0361583,0.94551212,0.0,True,1.0526299293310275,1.0430833329373732
356,915,183.76483,712,2758.6562,4.0094824,5,206.60817,0.9593203726566301,0.8607234770654084,1253.4796550509388,0.95374972,0.81354791,0.0,True,0.9576491768596411,0.8465708069457859
357,1755,185.10393,712,2738.6992,3.0394292,5,158.52745,0.9663058735379775,0.9437189705964122,1382.9786700803681,1.0259658,0.85657036,0.0,True,0.9842038514765842,0.9175743874174885
358,1840,198.29005,712,2556.5781,1.310878,3,51.288673,1.0350880962206452,0.9580083549434723,1490.8650009526573,1.0244999,0.9093709,0.0,True,1.0319116373544517,0.9434171184604306
359,1127,191.50682,712,2647.1328,1.2544656,3,53.779713,0.9997059168044864,0.8916361275426533,1346.1182069118477,0.99662489,0.85245419,0.0,True,0.9987816087631405,0.8798815462798573
360,3380,187.40999,712,2705.0,4.0008645,5,206.22041,0.9783353286150115,1.02808225376386,1522.9352829835968,1.0354093,0.6684984,0.0,True,0.995457520030508,0.9202070976347021
361,426,239.99612,712,2112.3008,3.9888296,5,206.23911,1.2525908019146736,0.7910175972219244,1454.1660575416322,1.0625706,0.71747082,0.0,True,1.1955847413402716,0.7689535640553471
362,77,178.93777,712,2833.0742,3.2619696,4,117.70723,0.9341391257275863,0.5480015535234807,781.8592548517378,0.97416854,0.30496249,0.0,True,0.9461479500093104,0.4750898344664365
363,4106,239.69603,712,2114.9453,3.9155586,5,206.75104,1.2510260584252395,1.0864754468946018,1994.4367364347763,1.06344,0.87006658,0.0,True,1.1947502408976676,1.0215527868262213
364,0,168.58774,712,3007.0039,1.1915503,2,52.974476,0.8801430049860806,0.0,116.8561166579731,0.93386626,0.0,0.0,True,0.8962599814902563,0.0
365,2170,229.50285,712,2208.8789,3.1242824,5,129.97089,1.1978737209717076,0.9975778474332168,1763.3630425023441,1.0526463,0.91287273,0.0,True,1.1543054946801954,0.9721663122032518
366,27992,252.92072,712,2004.3594,3.9312749,5,81.246506,1.3199797277401228,1.3465195900104898,2589.843799539897,1.1043098,1.1179178,0.0,True,1.255278749418086,1.277939053007343
367,49678,269.89276,712,1878.3164,4.2595024,6,47.454941,1.4084617538627202,1.4341815763087467,2918.4469590024582,1.1756415,1.190096,0.0,True,1.338615677703904,1.3609559034161227
368,112817,313.64005,712,1616.3242,2.9878068,5,92.338051,1.636479102617903,1.5742763767985795,3648.744080944816,1.1816769,1.351923,0.0,True,1.500038441832532,1.5075703637590057
369,1151,216.78532,712,2338.4609,4.0602417,4,117.04532,1.1315522231372617,0.9085812056688302,1528.3630665957346,1.0478562,0.86899734,0.0,True,1.1064434161960832,0.896706045968181
370,120374,313.44083,712,1617.3516,3.0221186,5,88.55069,1.6354408360487223,1.5829142692862417,3666.7485127177797,1.180455,1.3516605,0.0,True,1.4989450852341055,1.5135381385003692
371,78386,283.46689,712,1788.3711,3.6974034,6,27.867451,1.4792205563197685,1.5044466256391098,3194.5091781193237,1.1766014,1.2178385,0.0,True,1.388434809423838,1.418464187947377
372,122462,312.90048,712,1620.1445,2.5487499,5,51.243858,1.6326250433058436,1.5848719011075798,3665.808223750483,1.1790268,1.3509028,0.0,True,1.4965455703140906,1.5146811707753058
373,110691,309.14755,712,1639.8125,2.4723692,4,45.096855,1.6130671039237647,1.5686450616365497,3590.599129582594,1.1782532,1.3427205,0.0,True,1.4826229327466351,1.5008676931455847
374,899,176.37604,712,2874.2227,3.0070262,4,47.064266,0.9207749228044255,0.8540807057938549,1199.9753154561383,1.0143565,0.84674859,0.0,True,0.9488493959630979,0.8518810710556984
375,251,176.37651,712,2874.2148,3.0019522,4,43.547981,0.9207774518651514,0.694252611039557,975.9599264924443,1.0143565,0.76582432,0.0,True,0.948851166305606,0.7157241237276899
376,2898,224.28514,712,2260.2656,3.0490139,5,109.11118,1.170664370514601,1.0320480383986066,1788.1056565380977,1.0595341,0.90634602,0.0,True,1.1373252893602208,0.9943374328790247
377,111991,313.82132,712,1615.3906,4.0595574,6,92.957558,1.6374237209990192,1.5734047558476625,3648.5468096500217,1.1829622,1.3522409,0.0,True,1.5010852646993134,1.5070555990933636
378,757,173.40265,712,2923.5078,2.3325491,3,33.35741,0.9052629203589326,0.8307497703663371,1150.0066830051123,0.95580792,0.79435378,0.0,True,0.9204264202512529,0.819830973256436
379,838,171.43976,712,2956.9805,0.88182163,2,54.468754,0.8950223681977073,0.8422698562923961,1154.372804320143,0.95889789,0.83242267,0.0,True,0.9141850247383951,0.8393157004046774
380,1157,171.89709,712,2949.1133,2.6369498,4,77.432838,0.8974083558773688,0.8828792846017429,1212.787746809729,0.98996514,0.8731119,0.0,True,0.9251753911141581,0.8799490692212201
381,20106,233.55042,712,2170.5977,2.9902692,5,142.77861,1.2189802716631968,1.2895164041382197,2314.221456671622,1.1377971,1.1753159,0.0,True,1.1946253201642376,1.255256252896754
382,72,170.60721,712,2971.4102,4.0067086,4,143.1739,0.8906789028169865,0.5364548850804259,734.3045372099534,0.99054521,0.31996718,0.0,True,0.9206387949718905,0.47150857355629816
383,20953,223.87927,712,2264.3633,4.0830183,6,87.637077,1.1685477498514187,1.2878080018979354,2227.6284140164425,1.1095797,1.1046057,0.0,True,1.1508573348959932,1.2328473113285547
384,351,222.83942,712,2274.9297,3.0100632,4,143.0876,1.163124946088953,0.7584548279462925,1307.2803392555427,1.0570102,0.80552924,0.0,True,1.1312905222622671,0.7725771515624048
385,559,224.08453,712,2262.2891,4.0031967,5,187.92944,1.1696181969700052,0.81910186501344,1418.3925341452277,1.0559307,0.80892825,0.0,True,1.1355119478790037,0.816049780509408
386,36504,242.50572,712,2090.4414,3.0136144,5,85.421196,1.2656764172993498,1.3738463054628287,2547.578828010035,1.0620074,1.0540606,0.0,True,1.2045757121095448,1.27791059382398
387,34892,242.28072,712,2092.3828,2.0002193,4,81.235031,1.2645031913749656,1.3677741865003852,2534.2733329199873,1.0616472,1.0438291,0.0,True,1.203646393962476,1.2705906605502697
388,454,183.09412,712,2768.7617,3.7073834,5,183.06874,0.9558215470355448,0.7720592112914475,1120.9924331643642,0.95300025,0.53295636,0.0,True,0.9549751579248813,0.7003283559040132
389,30058,242.259,712,2092.5703,3.0126102,5,94.579765,1.2643899966312118,1.3482586684455655,2497.9205967420817,1.0616468,1.0379071,0.0,True,1.2035670376418484,1.2551531979118957
390,0,225.48303,712,2248.2578,2.2648361,3,105.49763,1.1769112563728636,0.0,156.29292650861356,1.0472233,0.0,0.0,True,1.1380048694610045,0.0
391,571,176.8922,712,2865.8359,1.1359934,3,55.432014,0.9234676693184697,0.7974640592674326,1123.4221463782471,1.0095586,0.84538555,0.0,True,0.9492949485229287,0.8118405064872027
392,991,183.9576,712,2755.7656,2.2313917,3,222.00043,0.9603259009978353,0.870898009456417,1269.4418512041564,0.99204397,0.55553281,0.0,True,0.9698413216984847,0.776288449619492
393,28511,242.02,712,2094.6367,4.0087128,6,99.278206,1.26314384106738,1.3411768315049972,2482.669089739003,1.0613004,1.0308944,0.0,True,1.202590808747166,1.248092102053498
394,2671,186.10599,712,2723.9531,3.0456147,5,185.10635,0.9715331252620729,0.9974266459889273,1468.5543117041825,1.0232834,0.80555588,0.0,True,0.9870582076834511,0.9398654161922491
395,26572,241.74545,712,2097.0156,4.0147305,6,109.44677,1.2617122686276538,1.3317712945715656,2462.8273585763077,1.0609537,1.0229945,0.0,True,1.2014846980393576,1.2391382562000959
396,1563,240.05428,712,2111.7891,3.0285513,5,106.72712,1.2528940255018044,0.9605955515484221,1765.7531289128904,1.0625786,0.85064393,0.0,True,1.195799397851263,0.9276100650838955
397,19804,223.88583,712,2264.2969,3.9394317,6,91.639565,1.1685819870118679,1.2805138124914135,2215.068236723442,1.1091143,1.0941036,0.0,True,1.1507416809083075,1.2245907487439895
398,2122,227.19383,712,2231.3281,4.0632472,6,188.91945,1.185832809142927,0.993372356114713,1740.5447413547286,1.055263,0.91477031,0.0,True,1.146661866400049,0.9697917422802991
399,19110,223.7762,712,2265.4062,3.0167937,5,47.043106,1.1680102729545487,1.2758163253023458,2206.001821893265,1.1081859,1.0899066,0.0,True,1.150062961068184,1.220043407711642
400,18875,223.70099,712,2266.168,2.0064309,4,42.907818,1.167617978280637,1.2741596773702761,2202.492731828099,1.1076806,1.083523,0.0,True,1.1496367647964458,1.2169686741591932
401,18300,223.69173,712,2266.2617,1.9995278,4,95.017113,1.1675697449552827,1.270149409264767,2195.481901636032,1.1076804,1.0761378,0.0,True,1.149602941468698,1.2119459264853367
402,301,172.04179,712,2946.6328,4.0583401,5,176.50049,0.8981632892915103,0.7147472038019187,983.0008194415536,0.99641985,0.78203905,0.0,True,0.9276402575040572,0.7349347576613431
403,21902,233.44833,712,2171.5469,3.0155234,5,139.99527,1.2184479362100888,1.3005765591984029,2333.181719931471,1.1377956,1.176755,0.0,True,1.1942522353470622,1.263430091438882
404,17289,223.68132,712,2266.3672,3.0116162,5,94.507652,1.1675154421915623,1.2627876174167978,2182.66921594489,1.1076802,1.067745,0.0,True,1.1495648695340936,1.2042748321917585
405,14982,223.68748,712,2266.3047,4.0104055,6,92.300644,1.167547611465442,1.244258685447567,2150.696568687705,1.1076803,1.0504041,0.0,True,1.1495874180258094,1.1861023098132968
406,4346,182.82716,712,2772.8047,2.9818301,4,89.4216,0.9544288773047112,1.0565723880420266,1531.6292762975754,1.0152996,1.0040011,0.0,True,0.9726900941132979,1.0408010016294185
407,9204,230.30151,712,2201.2188,2.9826703,5,97.305534,1.2020384605291294,1.1856780729924143,2102.10253251626,1.0543442,1.0215425,0.0,True,1.1577301823703907,1.13643740109469
408,79389,285.61041,712,1774.9492,4.075222,6,97.808105,1.490393610892667,1.5076576607646068,3222.296714099968,1.1888795,1.2831473,0.0,True,1.399939377624867,1.440304552535225
409,8523,228.06903,712,2222.7656,3.9738941,5,187.43929,1.1903967476667365,1.1742098877646299,2064.197666736189,1.0561568,0.88961178,0.0,True,1.1501247633667155,1.0888304554352408
410,110418,308.99371,712,1640.6289,3.0389197,5,258.95947,1.61226539637823,1.5682063248014777,3588.0493459811173,1.1779684,1.3424596,0.0,True,1.481976297464761,1.5004823073610345
411,14445,253.37798,712,2000.7422,4.0638852,5,144.68962,1.3223637743094623,1.2598264259992438,2426.9156249945945,1.1361295,1.1738257,0.0,True,1.2664934920166235,1.2340262081994706
412,54301,307.7634,712,1647.1875,3.2257123,6,93.144051,1.6058536306883457,1.4715670030910808,3355.3396115259525,1.1772616,1.3411715,0.0,True,1.477276021481842,1.4324483521637565
413,1059,193.54086,712,2619.3125,4.999423,5,151.19914,1.010315914092973,0.8849327610676334,1348.3928115990896,1.0413796,0.80703896,0.0,True,1.0196350198650812,0.8615646207473434
414,24593,283.82523,712,1786.1133,2.9980683,5,71.571587,1.4810883262044057,1.349928697571948,2869.5577827211887,1.1884313,1.281016,0.0,True,1.3932912183430841,1.3292548883003636
415,9405,229.82188,712,2205.8125,3.0451798,5,92.514091,1.1995374310820488,1.1881627491396547,2102.688498380213,1.0534796,1.0163175,0.0,True,1.1557200817574342,1.1366091743977584
416,0,204.53726,712,2478.4922,1.9916568,2,150.85568,1.0676726718031349,0.0,141.77442508845647,1.0547184,0.0,0.0,True,1.0637863902621945,0.0
417,9970,179.99651,712,2816.4102,2.0248818,4,87.863991,0.9396622729228117,1.1590015318942208,1657.324425733629,0.98020858,0.97018445,0.0,True,0.9518261650459682,1.1023564073259546
418,1003,171.54921,712,2955.0938,3.8996549,5,58.340691,0.8955934149132625,0.8648007450478051,1185.8755697887761,0.98682678,0.84297699,0.0,True,0.9229634244392837,0.8582536185334636
419,2670,147.13136,712,3445.5195,2.7466741,4,46.473248,0.7681910818955009,0.9686347317774145,1160.9521395162633,0.88741308,0.91754228,0.0,True,0.8039576813268506,0.9533069962441902
420,12556,180.58786,712,2807.1875,3.0162578,5,45.714359,0.9427472301371255,1.1885185554920166,1704.4086637221874,0.98004603,0.95263964,0.0,True,0.9539368700959878,1.1177548808444115
421,1427,175.19814,712,2893.5469,2.9648387,4,50.324722,0.9146298872108879,0.9112758653394227,1272.7672147751819,0.95320994,0.88114625,0.0,True,0.9262039030476216,0.9022369807375958
422,15991,228.68352,712,2216.793,2.0104976,4,31.789965,1.1936010860683426,1.256279205642154,2213.6350700781995,1.0574331,1.0020278,0.0,True,1.1527506902478397,1.1800037839495077
423,13451,181.14897,712,2798.4922,3.9933403,5,49.394417,0.9456743834390383,1.197656069119642,1722.1755423810253,0.97989219,0.95674562,0.0,True,0.9559397254073269,1.1253829343837496
424,30,175.183,712,2893.7969,3.0085704,4,50.649792,0.9145509253638735,0.4307905830136811,607.1380126601645,0.95320958,0.26852,0.0,True,0.9261485217547114,0.3821094081095768
425,1189,147.07535,712,3446.832,2.2934425,4,50.081757,0.7678987363144497,0.86933934839452,1041.66830972993,0.88741153,0.86962444,0.0,True,0.8037525744201148,0.869424875876164
426,1266,150.72025,712,3363.4766,3.0393391,4,96.444344,0.78691788692301,0.8796773868618758,1076.9257477658073,0.89070654,0.88611555,0.0,True,0.818054482846107,0.881608835803313
427,30,127.95356,712,3961.9375,2.4442315,3,41.761501,0.6681118798065903,0.4144701877504871,443.453246783039,0.82868952,0.71573865,0.0,True,0.7162851718646132,0.504850726425341
428,102,130.32294,712,3889.9062,2.5810833,4,34.508205,0.6804772773200023,0.5606361126308933,605.270676485347,0.82454246,0.637631,0.0,True,0.7236968321240016,0.5837345788416253
429,8,124.27561,712,4079.1914,3.8620749,5,53.952797,0.6489168174177854,0.2642677070169581,286.1551670087418,0.81252033,0.16147543,0.0,True,0.6979978711924498,0.23343002391187068
430,27310,221.0705,712,2293.1328,1.9945519,4,91.669739,1.1538999985363967,1.319946908308562,2258.253162594438,1.0637902,1.1757594,0.0,True,1.1268670589754777,1.2766906558159934
431,8,125.78098,712,4030.3711,4.3163247,5,33.682297,0.6567733149761034,0.2646506725611781,289.62140953018223,0.81471539,0.16150746,0.0,True,0.7041559374832724,0.23370770879282465
432,161,171.51906,712,2955.6133,4.0179772,5,162.65138,0.8954361053761951,0.6365482188602885,873.6752463171871,0.98681867,0.40923038,0.0,True,0.9228508747633366,0.5683528672022019
433,1723,135.7338,712,3734.8398,4.3100357,5,45.677586,0.7087148168783783,0.9059280421127347,1011.6216129111989,0.83831251,0.83795178,0.0,True,0.7475941248148649,0.8855351634789144
434,2392,150.74002,712,3363.0352,2.4267125,4,28.036333,0.7870211088908776,0.9579895180142567,1172.8660219878327,0.89070708,0.92074227,0.0,True,0.8181269002236143,0.9468153436099797
435,2192,227.5029,712,2228.2969,3.2713935,5,160.94196,1.1874444763658312,0.9977546359313736,1750.289384386761,1.0551004,0.90384358,0.0,True,1.1477412534560818,0.9695813191519616
436,47,148.9576,712,3403.2773,4.0000029,4,192.26346,0.7777204325065791,0.4759648830825718,579.7162112378435,0.86964124,0.28592464,0.0,True,0.8052966747546053,0.4189528101578002
437,236,147.08568,712,3446.5898,4.2252374,5,105.17303,0.7679526670759265,0.6712562021681859,804.892653181027,0.88741183,0.83205873,0.0,True,0.8037904159531486,0.7194969605177302
438,1415,165.62189,712,3060.8516,1.9796627,4,23.885063,0.8646692952935873,0.9038500485139911,1201.8016632393535,0.95863742,0.96754891,0.0,True,0.892859732705511,0.9229597069597938
439,3721,165.62103,712,3060.8672,3.0006881,4,37.668583,0.8646648913021224,1.0242397843449178,1361.7833228884253,0.95863742,0.97754818,0.0,True,0.8928566499114856,1.0102323030414424
440,0,134.25035,712,3776.1094,1.9999851,2,47.097343,0.700973279005853,0.0,93.05525159168585,0.86913675,0.0,0.0,True,0.7514223203040971,0.0
441,0,164.91515,712,3073.9688,1.9953533,2,115.50823,0.8609819886862429,0.0,114.31047125412047,,,,False,0.8609819886862429,0.0
442,25361,220.87033,712,2295.2109,1.724825,4,13.339429,1.1528561589886397,1.3102269166361524,2239.8563307513664,1.0637139,1.1751413,0.0,True,1.1261134812920477,1.2697012316453067
443,201,225.74739,712,2245.625,2.9948318,4,191.80737,1.1782898546513925,0.6877710114875524,1199.4423823010782,1.0606568,0.84513682,0.0,True,1.1429999382559748,0.7349807540412867
444,5596,150.86111,712,3360.3359,2.291888,5,38.490635,0.7876529333553011,1.0627160400960005,1301.9562216103584,0.8907606,0.96290916,0.0,True,0.8185852333487107,1.0327739760672003
445,3086,181.16492,712,2798.2461,3.2678185,5,88.275833,0.9457574941576872,1.0122370368836884,1455.7106611152108,0.96209449,0.98038942,0.0,True,0.950658592910381,1.002682751818582
446,1292,177.33986,712,2858.6016,5.4912772,6,95.962189,0.9258030669355831,0.900188124221793,1270.7276096982037,0.94542331,0.89333427,0.0,True,0.9316891398549082,0.8981319679552551
447,8352,186.51093,712,2718.0391,3.2381072,5,45.925064,0.973645465082041,1.1418181402170458,1684.2861597716465,0.95611948,0.9501254,0.0,True,0.9683876695574287,1.084310318151932
448,425,151.06868,712,3355.7188,3.3663552,5,39.497276,0.7887360116519692,0.7456835265873986,914.9903659235509,0.89056295,0.75874156,0.0,True,0.8192840931563784,0.749600936611179
449,9539,186.49486,712,2718.2734,3.3159795,5,48.877033,0.9735616039773194,1.1586062103042356,1708.918343172814,0.95611918,0.96499991,0.0,True,0.9683288767841236,1.1005243202129649
450,946,176.27757,712,2875.8281,4.6409378,5,88.940254,0.9202612673636886,0.8604117836543586,1208.2689555760746,0.96160227,0.86729604,0.0,True,0.9326635681545821,0.862477060558051
451,11104,187.73015,712,2700.3867,2.7537432,5,52.155174,0.9800054650064833,1.1787956900770309,1748.7515492537227,0.95802814,0.9716447,0.0,True,0.9734122675045384,1.1166503930539218
452,12852,187.73123,712,2700.3711,1.9969542,4,49.69429,0.9800111222921368,1.1972952949691134,1776.202198021771,0.95802814,0.99090713,0.0,True,0.9734162276044958,1.1353788454783793
453,57039,275.45575,712,1840.3828,3.0058162,5,46.905743,1.437461169611894,1.4564419699196374,3016.660694071152,1.2580034,1.4321381,0.0,True,1.3836238387283257,1.4491508089437461
454,2422,225.97185,712,2243.3945,2.9806204,4,50.403576,1.179460328490533,1.0098068100934885,1761.038024606887,1.0616376,0.82896703,0.0,True,1.144113509943373,0.955554876065442
455,1532,217.46317,712,2331.1719,4.0180931,5,151.76352,1.1350872752071273,0.9457887528498978,1595.2302196696119,1.1093554,0.58485579,0.0,True,1.1273677126449893,0.8375088639949284
456,2824,204.04395,712,2484.4844,4.0151134,5,114.66171,1.0650996783091968,1.0162726695671784,1621.4592367437772,1.1091588,0.95644867,0.0,True,1.0783174148164378,0.998325469697025
457,30,170.13751,712,2979.6133,3.960845,4,223.85115,0.888228441481944,0.42921861592653215,589.6516768199475,0.99103105,0.2561039,0.0,True,0.9190692240373608,0.3772842011485725
458,11741,227.04359,712,2232.8047,3.0019183,5,172.38341,1.1850492951624971,1.2150537196292948,2127.6283420409923,1.0614179,1.0076231,0.0,True,1.147959876613748,1.1528245337405063
459,53837,275.00571,712,1843.3945,3.0186186,5,90.741768,1.4351152203828699,1.4484442440749268,2995.844385745446,1.2586341,1.4323508,0.0,True,1.382170884268009,1.4436162108524488
460,313,170.82211,712,2967.6719,4.0060077,5,173.09387,0.891800112517762,0.7189847754248005,982.6665960924627,0.99394149,0.43928367,0.0,True,0.9224425257624334,0.6350744437973603
461,379,225.67987,712,2246.2969,3.005784,4,136.28297,1.1779377245775842,0.7696144362870876,1341.170190414675,1.0615491,0.81468982,0.0,True,1.1430211372043089,0.7831370514009612
462,8865,187.67938,712,2701.1172,1.9570428,3,42.420483,0.9797406248463204,1.1502617666455321,1706.0227930507242,0.95799959,0.99700242,0.0,True,0.9732183143924242,1.1042839626518726
463,9192,184.71323,712,2744.4922,1.8931963,2,82.263176,0.9642677064805922,1.1525241297179694,1685.7495287481916,0.99985093,1.0057898,0.0,True,0.9749426735364146,1.1085038308025785
464,9797,224.45193,712,2258.5859,2.9357281,4,67.88974,1.171534217992263,1.189816915982221,2062.7212313715536,1.1114907,1.0214891,0.0,True,1.153521162594584,1.1393185711875546
465,20903,220.23352,712,2301.8477,2.2858381,4,71.670425,1.1495350732432688,1.28477224068671,2190.8265987296445,1.0637026,1.1669776,0.0,True,1.1237853312702881,1.249433848480697
466,0,163.99777,712,3091.1641,1.9893124,2,101.32203,0.8561956782573663,0.0,113.67459189361838,,,,False,0.8561956782573663,0.0
467,18657,219.78036,712,2306.5938,1.7329354,4,25.575571,1.1471718127982653,1.2697546838369913,2161.3384959434647,1.0635532,1.1661636,0.0,True,1.1220862289587856,1.238677358685894
468,15300,218.14671,712,2323.8672,2.199667,4,51.106281,1.1386521700640673,1.2429473439634906,2102.00472152057,1.0631356,1.162776,0.0,True,1.1159971990448472,1.2188959407744435
469,0,166.40637,712,3046.4219,1.984503,2,73.215858,0.868762205966581,0.0,115.34410619271507,,,,False,0.868762205966581,0.0
470,13832,187.73123,712,2700.3711,2.0014982,4,52.177441,0.9800111222921368,1.206593880797723,1789.9956155857756,0.95802814,0.99860924,0.0,True,0.9734162276044958,1.144198488558406
471,213,150.5585,712,3367.0898,2.9148037,4,97.255615,0.786073952246935,0.6606152555410523,808.5952055578587,0.89003682,0.40610507,0.0,True,0.8172628125728545,0.5842621998787366
472,1274,212.39059,712,2386.8477,2.6145258,4,96.324356,1.1086323060950416,0.9192332331285352,1518.9082170551503,1.0239489,0.85174376,0.0,True,1.0832272842665291,0.8989863911899747
473,837,196.27655,712,2582.8047,1.4712729,3,55.624962,1.0245856232623052,0.8566042561297441,1321.3750913384458,0.98934728,0.7982316,0.0,True,1.0140141202836137,0.8390924592908209
474,1129,176.71202,712,2868.7578,3.1520326,4,170.6436,0.9225277501852773,0.8828652249176162,1242.4370269365813,0.96277434,0.86708105,0.0,True,0.934601727129694,0.8781299724423313
475,155,175.40793,712,2890.0859,2.9173236,4,42.172043,0.9157244377011194,0.6336017509006011,886.9056102873295,0.95701647,0.41160345,0.0,True,0.9281120473907837,0.5670022606304208
476,0,111.03429,712,4565.6523,3.9270375,4,36.062218,0.5798063338929796,0.0,76.96310505897533,0.76932979,0.0,0.0,True,0.6366633707250857,0.0
477,0,105.71201,712,4795.5195,2.4176252,2,23.901936,0.5520256321127691,0.0,73.27398168282474,0.74929911,0.0,0.0,True,0.6112076754789384,0.0
478,520,118.74408,712,4269.2148,2.997551,4,19.224802,0.6200469558592174,0.7483055150944079,743.0609806689431,0.79678917,0.78513908,0.0,True,0.6730696201014522,0.7593555845660855
479,0,125.97596,712,4024.1328,2.9991651,3,23.471222,0.6577909537809672,0.0,87.31988149233244,0.82144618,0.0,0.0,True,0.706887521646677,0.0
480,0,98.333023,712,5155.3789,3.7062135,4,26.85261,0.5135076917774717,0.0,68.15925764838624,0.71972537,0.0,0.0,True,0.5753729952442302,0.0
481,480,195.19841,712,2597.0703,2.9979272,4,100.42489,1.0189619474936236,0.7854046226618436,1205.9248681315357,0.9861204,0.47970539,0.0,True,1.0091094832455365,0.6936948528632905
482,2076,120.22974,712,4216.4609,3.5716057,5,15.664493,0.6278009438373213,0.9150900272463522,918.4543614866777,0.80187148,0.88728368,0.0,True,0.6800221046861249,0.9067481230724466
483,1229,196.69899,712,2577.2578,2.0858748,3,34.536308,1.0267890765168322,0.9056888154701752,1399.6278174825347,1.0055664,0.86998653,0.0,True,1.0204222735617825,0.8949781298291226
484,0,170.94498,712,2965.5391,0.54676348,1,67.959236,0.8924410581686476,0.0,118.49003091787623,0.94959897,0.0,0.0,True,0.9095884317180534,0.0
485,14808,187.73123,712,2700.3711,2.9948997,5,50.944145,0.9800111222921368,1.2152215527268333,1802.793872691492,0.95802814,1.0035926,0.0,True,0.9734162276044958,1.1517328669087832
486,22105,224.03386,712,2262.8008,3.0024142,5,149.77058,1.1693539381303804,1.2948503916388423,2241.156229368224,1.1110189,1.1164774,0.0,True,1.1518534266912663,1.2413384941471897
487,8790,187.68617,712,2701.0195,3.0103407,5,49.886948,0.9797760373392926,1.1491920151282227,1704.4902515214942,0.95799971,0.99395269,0.0,True,0.9732431391375048,1.102620217589756
488,21847,223.91519,712,2264.0,3.023638,5,87.26461,1.1687350991001042,1.29324225401655,2237.3405230426565,1.1100466,1.1108906,0.0,True,1.151128549370073,1.238536757811585
489,3675,226.62096,712,2236.9688,2.9464386,5,108.96947,1.1828453056428638,1.0642143270552318,1860.5246507708764,1.0604776,0.95580029,0.0,True,1.1461349939500045,1.0316901159386622
490,37186,274.77744,712,1844.9258,4.0662508,6,189.82393,1.4339253556157134,1.3990916794298864,2891.6867231956608,1.2589611,1.4338561,0.0,True,1.3814360789309994,1.4095210056009206
491,0,197.67993,712,2564.4688,1.5186297,2,18.178452,1.031905680895414,0.0,137.02128613278737,1.0076858,0.0,0.0,True,1.0246397166267898,0.0
492,0,198.52452,712,2553.5586,2.0574353,3,140.86786,1.036311096353195,0.0,137.60671131001646,1.1282361,0.0,0.0,True,1.0638885974472365,0.0
493,2148,223.94611,712,2263.6875,4.0009189,5,158.93413,1.1688962994944518,0.993099096447815,1718.3884691372655,1.0587885,0.86444455,0.0,True,1.1358639596461164,0.9545027325134705
494,0,174.03024,712,2912.9648,1.1216879,2,43.853958,0.9085371235223272,0.0,120.62857018817061,1.0215365,0.0,0.0,True,0.9424369364656291,0.0
495,12955,217.41798,712,2331.6562,1.8283577,4,61.176144,1.1348517123305637,1.220961622158514,2058.8159634165836,1.062953,1.1621336,0.0,True,1.1132820986313945,1.2033132155109598
496,7011,216.54224,712,2341.0859,2.1892772,4,56.577168,1.130284525446052,1.1412083453178423,1917.5943209088832,1.0628301,1.1554599,0.0,True,1.1100481978122365,1.1454838117224897
497,0,166.62022,712,3042.5117,1.9628906,2,20.46529,0.8698779953976975,0.0,115.4923357172778,,,,False,0.8698779953976975,0.0
498,4593,214.28787,712,2365.7148,1.8820319,4,34.395752,1.1185273389180301,1.0852502973264546,1807.0304717129095,1.0623803,1.1542424,0.0,True,1.1016832272426211,1.1059479281285183
499,0,212.45909,712,2386.0781,1.2169793,2,4.8862872,1.1089895822757372,0.0,147.26541921783166,,,,False,1.1089895822757372,0.0
500,4357,175.46106,712,2889.2109,3.3103845,4,175.22307,0.9160015737907035,1.0514433509231433,1470.3633234975778,0.95893902,0.95938522,0.0,True,0.9288828076534925,1.0238259116462003
501,3619,164.17453,712,3087.8359,2.326926,3,77.704796,0.8571179247936229,1.0196650799675508,1345.3290906481845,0.93092185,0.93865085,0.0,True,0.8792591023555361,0.9953608109772856
502,3108,133.71283,712,3791.2891,1.9408522,3,32.26598,0.6981681766783439,0.9758294093650435,1075.3691230014738,0.84588164,0.92066258,0.0,True,0.7424822156748407,0.9592793605555304
503,3982,167.50368,712,3026.4648,1.7638152,4,16.178875,0.8744872103386626,1.0341372894307663,1388.6124784861588,0.93569601,0.9489181,0.0,True,0.8928498502370639,1.0085715326015365
504,2241,171.68607,712,2952.7383,2.2222269,3,60.195404,0.8963073767178759,0.9654157525930778,1324.655811193504,0.95623493,0.91808659,0.0,True,0.9142856427025131,0.9512170038151544
505,1111,164.53983,712,3080.9805,0.89309365,2,90.885071,0.859023835720283,0.8730316241146528,1154.2163608404385,0.93784827,0.8652733,0.0,True,0.882671166004198,0.870704126880257
506,16,144.11029,712,3517.75,2.4552178,3,53.408756,0.7524266594391181,0.3469341660953364,416.53231223822604,0.8763327,0.209378,0.0,True,0.7895984716073827,0.3056673162667355
507,3269,170.35147,712,2975.8711,3.3403752,5,69.088127,0.8893446511371282,1.0116567181343297,1378.6290690321741,1.0517936,0.94528341,0.0,True,0.9380793357959898,0.9917447256940308
508,17,132.13509,712,3836.5586,1.7385237,3,56.599243,0.6899344286578916,0.35021595682653955,389.0637095116657,0.94452554,0.7150268,0.0,True,0.7663117620605242,0.45965920977857766
509,568,139.51453,712,3633.6289,0.54523176,2,64.994919,0.7284444610286919,0.7737560174143538,885.308474431912,0.95935589,0.80653918,0.0,True,0.7977178897200843,0.7835909661900478
510,1115,146.72813,712,3454.9883,0.53585547,2,92.593086,0.7660869822905783,0.8612083020790662,1029.7969715660595,0.97830075,0.8563323,0.0,True,0.8297511126034047,0.8597455014553463
511,1658,155.49294,712,3260.2383,1.4819106,3,48.888844,0.8118210538331415,0.9163825353241025,1152.9137361654743,1.0059735,0.891729,0.0,True,0.8700667876831991,0.9089864747268719
512,0,139.72527,712,3628.1484,1.8726863,3,12.771607,0.7295442066668227,0.0,96.8501769534771,0.95243222,0.0,0.0,True,0.796410610666776,0.0
513,1255,142.72998,712,3551.7695,2.8054333,4,23.983133,0.7452238347368438,0.8727553369643061,1018.5901056324219,0.96348792,0.86728615,0.0,True,0.8107030603157908,0.8711145808750143
514,0,125.83,712,4028.8008,0.67096359,1,26.702024,0.6570291775671068,0.0,87.21870972985792,0.90097862,0.0,0.0,True,0.7302140102969747,0.0
515,7470,175.63916,712,2886.2812,4.3038483,6,45.818855,0.9169307110958712,1.11921814011767,1566.5112621000574,1.0672497,1.0100032,0.0,True,0.9620264077671099,1.0864536580823692
516,0,135.30444,712,3746.6914,0.79768795,2,75.508545,0.7064741937842192,0.0,93.78589110324228,0.96061784,0.85222679,3.478350379236586,True,0.7827172876489534,0.255668037
517,3742,239.7133,712,2114.793,4.1473017,6,236.19778,1.2511160678256381,1.074367102154239,1972.3394192729568,1.2095054,1.4045066,0.0,True,1.2386328674779468,1.1734089515079673
518,0,159.38855,712,3180.5547,0.51806122,1,26.4594,0.8321471221094286,0.0,110.47972404603787,0.90814441,0.0,0.0,True,0.8549463084766001,0.0
519,1232,180.12117,712,2814.4609,2.5180638,3,55.875328,0.9403126223271326,0.895968230641426,1282.1054068272551,0.95612884,0.86671656,0.0,True,0.9450574876289929,0.8871927294489982
520,24281,241.22153,712,2101.5703,4.0263014,6,118.11996,1.2589803794818915,1.3196114297543085,2435.7420690608137,1.0602618,1.0023098,0.0,True,1.199364805637324,1.2244209408280158
521,4477,239.89763,712,2113.168,3.9866939,6,171.18575,1.2520772508665203,1.0978887499567471,2016.8565802235769,1.0634545,0.90936601,0.0,True,1.1954904256065642,1.0413319279697228
522,18774,240.15512,712,2110.9023,3.0254812,5,80.717865,1.253419873962386,1.285254379873415,2363.206769731892,1.0588973,0.98881918,0.0,True,1.1950631017736701,1.1963238199113904
523,270,183.54703,712,2761.9297,2.9854879,4,76.715042,0.9581841877385072,0.7069124372602417,1028.9283200364935,0.95398068,0.69785213,0.0,True,0.9569231354169551,0.7041943450821692
524,115,181.96175,712,2785.9922,2.0217884,3,118.55735,0.9499143270776855,0.5991843176423602,866.5335029801856,1.0315576,0.74865502,0.0,True,0.9744073089543799,0.6440255283496521
525,42738,304.6853,712,1663.8281,3.7899203,5,92.231979,1.5898121388160256,1.4373002142777336,3248.8259996568704,1.1768669,1.339453,0.0,True,1.4659285671712179,1.4079460499944134
526,2396,240.06494,712,2111.6953,2.9747519,4,64.918159,1.2529496255022359,1.0163657679834028,1868.2790689693834,1.0625787,0.96233469,0.0,True,1.195838347851565,1.000156444588382
527,16157,239.88167,712,2113.3086,2.016696,4,81.484856,1.2519940279923394,1.2654601222442639,2324.5091425476526,1.0585572,0.97412235,0.0,True,1.1939629795946376,1.1780587905709847
528,431,187.57033,712,2702.6875,4.0055456,5,78.498795,0.9791718024950521,0.7678527283880212,1138.6902789848773,1.0233141,0.52947634,0.0,True,0.9924144917465365,0.6963398118716149
529,2762,226.96179,712,2233.6094,4.0081468,6,141.17307,1.184622740699174,1.0274035733047282,1798.5437673392717,1.0546646,0.92592394,0.0,True,1.1456352984894218,0.9969596833133099
530,22423,233.32788,712,2172.668,2.1299767,4,57.389336,1.2178197934401187,1.303548268083753,2337.4627624954996,1.1380711,1.1821806,0.0,True,1.193895185408083,1.267137967658627
531,1065,181.76729,712,2788.9727,2.8766494,4,93.487038,0.9488999066744136,0.8786521351193,1267.3917425361788,1.0287539,0.92940092,0.0,True,0.9728561046720896,0.89387677058351
532,3823,182.81119,712,2773.0469,2.0279779,4,95.519547,0.9543455768480296,1.0403932166055894,1508.066862637265,1.0148857,0.97875398,0.0,True,0.9725076137936206,1.0219014456239126
533,5464,227.72485,712,2226.125,4.002512,6,140.73917,1.1886019566051438,1.1163202233098337,1959.8689154631277,1.0553657,0.89184159,0.0,True,1.1486310796236006,1.0489766333168835
534,3999,182.82484,712,2772.8398,3.0160427,5,94.511673,0.9544168043722149,1.046078251452719,1516.4039989013866,1.0144726,0.86979437,0.0,True,0.9724335430605504,0.9931930870169032
535,2430,146.07677,712,3470.3945,3.0043826,4,44.9165,0.7626880340240246,0.9562327265593638,1138.8830444343562,0.91636807,0.91587502,0.0,True,0.8087920448168173,0.9441254145915545
536,23077,233.56892,712,2170.4258,2.8344944,5,72.026253,1.2190767272975842,1.307464436463083,2346.59182163645,1.1380755,1.1865736,0.0,True,1.194776359108309,1.2711971855241582
537,243,145.64937,712,3480.5781,2.9980023,3,121.52763,0.7604578155938085,0.67401823943272,801.2547925731669,0.9173525,0.79173505,0.0,True,0.807526220915666,0.709333282602904
538,1,121.64771,712,4167.3125,2.9873292,3,91.246201,0.6352015433145959,0.08315358452650819,133.6436690943345,0.83586478,0.051046092,0.0,True,0.6954005143202171,0.07352133676855574
539,4017,182.82253,712,2772.875,4.0122423,6,91.854019,0.9544046973506324,1.04664286206695,1517.2054902078407,1.0140597,0.83069378,0.0,True,0.9723011981454426,0.981858137446865
540,10703,223.24382,712,2270.8086,4.0038023,6,93.354836,1.1652339464752273,1.2004294073313966,2071.360238457437,1.1066582,1.0374435,0.0,True,1.1476612225326592,1.1515336351319776
541,2462,205.18434,712,2470.6758,4.0330215,5,92.110413,1.0710477024771448,0.9994464548200384,1602.3955824017357,1.0403347,0.89962012,0.0,True,1.0618338017340014,0.9694985543740269
542,14643,250.32727,712,2025.125,2.5238886,5,136.93141,1.3064580302452173,1.259613066699076,2401.102690958887,1.1360146,1.1741717,0.0,True,1.2553250011716521,1.2339806566893532
543,4105,222.99181,712,2273.375,3.9878557,5,148.05795,1.1639196767833153,1.0763051932937389,1855.3917849422592,1.1061473,0.96638006,0.0,True,1.1465879637483207,1.0433276533056173
544,9298,229.81253,712,2205.9023,3.0336828,5,94.441887,1.1994886433882677,1.1866706912533167,2099.9739685207614,1.0535084,1.0146106,0.0,True,1.1556945703717874,1.1350526638773217
545,3444,219.02589,712,2314.5391,5.2030382,6,224.15744,1.1432372259811354,1.0511621905713433,1783.9591756004531,1.0456958,0.91110837,0.0,True,1.1139747981867947,1.0091460443999403
546,22503,283.06808,712,1790.8906,2.0428348,4,153.30194,1.477141848231474,1.3375945450980604,2836.764721589603,1.1887835,1.2812232,0.0,True,1.3906343437620317,1.3206831415686424
547,4077,203.87119,712,2486.5898,2.0013692,4,87.584785,1.0641985812852066,1.063106996654595,1694.9049806851663,1.0375649,0.96844077,0.0,True,1.0562084768996445,1.0347071286582166
548,7,174.42789,712,2906.3242,3.997704,4,147.53987,0.9106115936321116,0.2607229174972973,383.2572468808986,0.94619298,0.15454936,0.0,True,0.9212860095424782,0.2288708502481081
549,7946,229.56334,712,2208.2969,1.9863033,4,46.068611,1.1981891367448583,1.166103073492961,2061.633887035394,1.0530447,1.0010328,0.0,True,1.1546458057214009,1.1165819914450728
550,6931,272.39951,712,1861.0312,5.5117493,6,97.944084,1.421529459388998,1.1744117239602807,2409.114314088464,1.1268462,1.0213679,0.0,True,1.3331244815722987,1.1284985767721964
551,41991,303.63599,712,1669.5781,3.1301866,5,31.219271,1.5843434025373007,1.4342576338715838,3232.283517435891,1.1757803,1.3392295,0.0,True,1.4617744717761103,1.4057491937101088
552,600,218.58653,712,2319.1914,4.2998004,5,32.038582,1.1409458670925783,0.825596753614436,1399.01006607672,1.0463136,0.76559764,0.0,True,1.1125561869648048,0.8075970195301052
553,42256,304.4816,712,1664.9414,2.9113235,5,46.060463,1.5887503511286216,1.4356421830918784,3243.200671028983,1.1980721,1.3501607,0.0,True,1.4715468757900352,1.409997738164315
554,38436,304.50516,712,1664.8125,3.0299935,5,100.24755,1.5888732143302478,1.4228864059612596,3214.6006311224355,1.1980723,1.3496608,0.0,True,1.4716329400311734,1.4009187241728818
555,3840,246.45946,712,2056.9062,2.7036254,4,35.629848,1.2862915923808653,1.081656402991769,2034.214359672637,1.0884609,0.99380553,0.0,True,1.2269423846666057,1.0553011410942383
556,3014,216.92882,712,2336.9141,1.1285353,3,64.803246,1.1323005554418764,1.0326746423024231,1737.9657483593635,1.0373505,0.97808945,0.0,True,1.1038155388093136,1.0162990846116962
557,475,182.27046,712,2781.2734,3.0088806,4,242.83333,0.9515248248917394,0.7773094085402358,1124.156067851804,1.033318,0.83782768,0.0,True,0.9760627774242175,0.7954648899781651
558,32606,302.30557,712,1676.9258,2.1952868,5,182.55519,1.577409635709235,1.3993503541049328,3141.6540857426403,1.1957974,1.3489832,0.0,True,1.4629259649964645,1.3842402078734528
559,0,240.22447,712,2110.293,2.0323272,3,71.160728,1.2537814283155015,0.0,166.51091408200716,1.0630325,0.0,0.0,True,1.1965567498208511,0.0
560,2224,218.2733,712,2322.5195,3.7374086,6,192.40405,1.1393123329620751,0.9942997604991054,1682.4421998267876,1.0454134,0.87736338,0.0,True,1.1111426530734525,0.9592188463493738
561,22850,291.29022,712,1740.3398,3.0453956,4,116.1671,1.5199984150972365,1.3447674941305388,2923.6199090061236,1.1665646,1.0404119,0.0,True,1.4139682705680656,1.2534608158913771
562,7677,293.44666,712,1727.5508,3.0484557,4,118.09483,1.531237899783479,1.199823013424071,2625.2456001510527,1.1898605,1.3469516,0.0,True,1.4288246798484354,1.2439615893968496
563,2,205.43347,712,2467.6797,4.0530252,4,31.966776,1.0723470474980363,0.14062689867947584,284.7912610462922,1.0552,0.425614,0.0,True,1.0672029332486255,0.2261230290756331
564,1181,193.11836,712,2625.043,4.0451756,5,163.19423,1.0081120615691619,0.8985227232216332,1366.4686034849692,0.98771429,0.87758994,0.0,True,1.0019927300984133,0.8922428882551432
565,21410,284.87064,712,1779.5586,3.1033468,4,169.47122,1.4865375377272665,1.3320758491271387,2840.6464955907322,1.1597906,1.0287724,0.0,True,1.3885134564090866,1.241084814388997
566,778,214.6501,712,2361.7227,2.0142851,3,105.85602,1.1204164238727479,0.8570615952434644,1429.4181057894848,1.0333694,0.91213042,0.0,True,1.0943023167109236,0.8735822426704251
567,553,193.06636,712,2625.75,2.609468,4,103.94732,1.0078408275371844,0.8022546495455622,1219.98017267709,0.98842335,0.87905991,0.0,True,1.002015584276029,0.8252962276818936
568,6803,291.49176,712,1739.1367,2.8625309,5,170.34113,1.5210487117759541,1.1825569464972325,2572.5351433450223,1.1885591,1.346822,0.0,True,1.421301828243168,1.231836462548063
569,3771,205.91948,712,2461.8555,4.0051713,6,91.479729,1.0748819216714762,1.0544786499374417,1695.8757657296765,1.055806,0.95056713,0.0,True,1.0691591451700333,1.0233051939562092
570,1902,205.69298,712,2464.5664,4.0327401,6,92.074821,1.0737005638935306,0.9667390573260431,1553.3341896780128,1.0553405,0.90796137,0.0,True,1.0681925447254714,0.9491057511282301
571,0,205.46339,712,2467.3203,2.0007734,3,45.782909,1.0725031234549993,0.0,142.41636948678845,1.0548735,0.0,0.0,True,1.0672142364184996,0.0
572,2055,226.95822,712,2233.6445,3.0103266,5,44.272934,1.1846041419200755,0.9890811188879145,1731.4651431687118,1.0546618,0.90239233,0.0,True,1.145621439344053,0.9630744822215402
573,404,173.04312,712,2929.582,3.9676056,4,93.990562,0.9033872272925799,0.7520239092803043,1039.3580905593417,0.9483245,0.43937886,0.0,True,0.916868409104806,0.6582303944962129
574,1016,182.53555,712,2777.2344,4.008626,5,95.137642,0.9529076549141865,0.873185210411509,1264.1673283819177,1.0132033,0.6519863,0.0,True,0.9709963484399307,0.8068255372880563
575,1539,145.80811,712,3476.7891,1.98682,4,73.820221,0.7612860850233307,0.9000347558751387,1070.2587695049074,0.91531664,0.86446273,0.0,True,0.8074952515163315,0.8893631481125971
576,19892,236.80803,712,2140.7383,4.0444818,6,86.698036,1.2359669561891138,1.2904469007156634,2343.966957119152,1.1381652,1.1886402,0.0,True,1.2066264293323796,1.2599048905009644
577,0,145.68927,712,3479.625,1.0187944,2,47.9837,0.7606659920470573,0.0,100.98410673833662,0.91496599,0.0,0.0,True,0.8069559914329401,0.0
578,558,225.61082,712,2246.9844,1.6715283,3,172.252,1.1775776366260415,0.8195897034020491,1427.6510066853061,1.0523394,0.82704598,0.0,True,1.140006165638229,0.8218265863814344
579,43,188.97202,712,2682.6406,2.8385243,3,13.807018,0.9864835295126043,0.4792737597808048,719.3527001501266,0.97906697,0.29993567,0.0,True,0.9842585616588231,0.42547233284656333
580,5824,213.71338,712,2372.0742,2.2191644,4,166.0685,1.1155311550754548,1.1154194333955008,1852.9133705977354,1.1130295,0.9743731,0.0,True,1.1147806585528182,1.0731055333768504
581,4613,203.28868,712,2493.7148,3.7938066,4,140.38199,1.0611604076558891,1.078504472006225,1715.1602433721791,1.1084138,0.96832126,0.0,True,1.0753364253591224,1.0454495084043574
582,1541,227.66214,712,2226.7383,3.9961042,5,221.582,1.1882748793614917,0.9521632692389794,1671.3779246044412,1.0553542,0.85241163,0.0,True,1.1483986755530442,0.9222377774672856
583,5413,181.57985,712,2791.8516,3.2412663,6,120.97504,0.9479221210463848,1.0833225787572642,1561.0289256509998,1.0114108,0.96921235,0.0,True,0.9669687247324694,1.049089510130085
584,9880,236.10835,712,2147.082,3.0327184,5,73.294716,1.2323186060656766,1.1987561336181738,2171.83562130585,1.1386919,1.1923493,0.0,True,1.2042305942459737,1.1968340835327216
585,0,144.01131,712,3520.168,3.0442874,3,16.988506,0.751910111772305,0.0,99.82103349524427,0.91006529,0.0,0.0,True,0.7993566652406136,0.0
586,933,175.36409,712,2890.8086,4.8474088,5,90.824402,0.9154956655482966,0.8581172291842184,1199.586217211369,0.99704951,0.80789798,0.0,True,0.9399618188838077,0.8430514544289529
587,4884,229.33333,712,2210.5117,2.0128899,4,94.216309,1.1969897083757053,1.102772597048847,1947.9869467697583,1.0525866,0.96471757,0.0,True,1.1536687758629938,1.0613560889341929
588,2172,178.69853,712,2836.8672,4.0560002,5,64.007416,0.932891025885549,0.9663399149655106,1373.177414938243,1.0050222,0.90245259,0.0,True,0.9545303781198843,0.9471737174758574
589,0,149.89612,712,3381.9688,3.8652227,4,19.288118,0.7826176572788839,0.0,103.90007295487523,0.92738169,0.10287936,0.0,True,0.8260468670952187,0.030863808000000006
590,0,144.55301,712,3506.9766,3.5269222,3,15.384245,0.7547367897981526,0.0,100.19651132295358,0.91214615,0.0,0.0,True,0.8019595978587069,0.0
591,0,124.52017,712,4071.1797,3.6420538,3,15.937071,0.6501931978500325,0.0,86.31080475834507,0.84563202,0.0,0.0,True,0.7088248444950227,0.0
592,1088,165.13989,712,3069.7852,3.5855627,4,18.525431,0.862154598101728,0.8708243260584612,1154.9773221957303,0.97032344,0.84848058,0.0,True,0.8946052506712096,0.8641212022409228
593,394,160.39616,712,3160.5742,3.1772747,3,73.156158,0.8374044582292602,0.7418471509249465,959.3958708546476,0.95748878,0.64873528,0.0,True,0.8734297547604822,0.7139135896474625
594,6,117.50125,712,4314.3711,3.3972094,2,19.750948,0.6135602507765924,0.23247511405919608,244.3369804493078,0.88126838,0.20021139,0.0,True,0.6938726895436147,0.22279599684143725
595,162,136.95189,712,3701.6211,5.1987457,4,22.337454,0.7150714565701216,0.6198785149294945,698.4363460380725,1.0289962,0.78936547,0.0,True,0.8092488795990851,0.6707246014506462
596,162,139.87646,712,3624.2266,4.8978062,4,29.055048,0.7303332159553504,0.6214752599720555,713.3512623968944,1.0599509,0.79294169,0.0,True,0.8292185211687453,0.6729151889804389
597,401,169.9023,712,2983.7383,3.5675795,3,33.091293,0.8870012936367652,0.749375049779034,1019.2331194288338,0.9521395,0.73866159,0.0,True,0.9065427555457357,0.7461610118453238
598,4373,206.53427,712,2454.5273,3.9852457,5,93.015465,1.078088460307702,1.0738476771825272,1731.5134695403337,1.0564096,0.98971409,0.0,True,1.0715848022153913,1.048607601027769
599,13132,248.49625,712,2040.0469,3.594624,5,158.07314,1.2969113170519424,1.2441140972989562,2356.4798912392275,1.1369505,1.1735601,0.0,True,1.2489230719363595,1.2229478981092694
600,6527,229.33414,712,2210.5039,1.9937282,4,77.128799,1.196993928264188,1.1404151211061624,2014.473166092785,1.0525866,0.98825455,0.0,True,1.1536717297849315,1.0947669497743135
601,5122,206.51619,712,2454.7422,4.0039854,6,92.096352,1.0779941560660438,1.0940818792900355,1763.9974118847674,1.0564058,0.97608501,0.0,True,1.0715176492462306,1.0586828185030248
602,17159,282.3537,712,1795.4219,3.0095954,5,101.81572,1.473417974133305,1.3009703015343275,2753.0600048718816,1.1891431,1.2823141,0.0,True,1.3881355118933136,1.2953734410740292
603,2887,203.82059,712,2487.207,2.035759,4,129.93346,1.063934712766289,1.0189509061602553,1624.1781445817915,1.0375638,0.94062507,0.0,True,1.0560234389364025,0.9954531553121788
604,8,174.51936,712,2904.8008,3.993484,4,146.37032,0.9110888281580342,0.27550879091334335,401.8456767748614,0.94628942,0.16330454,0.0,True,0.9216490057106239,0.24184751563934034
605,608,218.70256,712,2317.9609,3.4962304,5,160.91728,1.1415510212093816,0.8273595132058201,1402.6398923874315,1.0451758,0.84186304,0.0,True,1.112638454846567,0.8317105712440741
606,0,198.31216,712,2556.293,2.051996,2,354.36642,1.0352034479869334,0.0,137.45951457475277,1.0325598,0.0,0.0,True,1.0344103535908533,0.0
607,8277,283.15146,712,1790.3633,3.1421018,5,109.00562,1.4775764124164092,1.2041563820751786,2554.444516177455,1.1287389,1.1050818,0.0,True,1.3729251586914866,1.174434007452625
608,1294,217.78503,712,2327.7266,3.9815898,5,161.55843,1.1367658911396883,0.9242101793119565,1560.873559034464,1.0445008,0.8309111,0.0,True,1.109086363797782,0.8962204555183696
609,843,192.47365,712,2633.8359,4.0336533,6,162.73996,1.0047490947979105,0.8553847885638465,1297.144719246125,0.98658442,0.83423448,0.0,True,0.9992996923585373,0.8490396959946925
610,609,193.32693,712,2622.2109,4.0260687,6,161.72987,1.009200035927309,0.8146230110821837,1240.21100076898,0.98868847,0.86067402,0.0,True,1.0030465661491164,0.8284383137575286
611,1218,273.61243,712,1852.7812,2.250319,4,334.40515,1.4278523712451023,0.9441573901735139,1944.4557743964822,1.2135373,1.40044,0.0,True,1.3635578498715717,1.0810421731214597
612,0,261.10526,712,1941.5312,0.1265779,1,429.12247,1.3626504861670532,0.0,180.98437479837145,,,,False,1.3626504861670532,0.0
613,1078,182.83592,712,2772.6719,3.0341606,5,92.74659,0.9544745577164767,0.8808298535787017,1277.0570343278375,0.9641788,0.84711838,0.0,True,0.9573858304015337,0.8707164115050912
614,544,182.49936,712,2777.7852,4.0182643,6,92.162781,0.9527188412114851,0.7945015877654632,1150.2239293973007,0.96341372,0.79555821,0.0,True,0.9559273048480397,0.7948185744358243
615,2436,248.31035,712,2041.5742,2.0033011,4,204.14584,1.2959420482803297,1.023032860117037,1936.555859842993,1.1700848,1.2119039,0.0,True,1.2581848737962307,1.079694172081926
616,131,192.31905,712,2635.9531,3.9871416,5,212.17624,1.003942691233152,0.6197914015379025,940.5072985079358,0.9865315,0.78929144,0.0,True,0.9987193338632063,0.6706414130765317
617,111,193.13388,712,2624.832,3.9877977,5,211.44946,1.0081930380628972,0.5992570659595224,913.018751692651,0.98842841,0.72640973,0.0,True,1.002263649644028,0.6374028651716657
618,6,182.32167,712,2780.4922,3.1626279,4,272.78287,0.9517919707235247,0.24534067563693193,379.12725454644226,0.96302915,0.21084797,0.0,True,0.9551631245064673,0.23499286394585234
619,0,182.11163,712,2783.6992,3.1590304,3,222.69029,0.9506962325870776,0.0,126.23016288167594,0.97229016,0.0,0.0,True,0.9571744108109543,0.0
620,2061,203.82059,712,2487.207,1.9990234,4,92.512779,1.063934712766289,0.9758712875291075,1555.5417265249253,1.0375638,0.91567475,0.0,True,1.0560234389364025,0.9578123262703753
621,9,174.33908,712,2907.8047,3.9946029,4,146.30905,0.9101482771544207,0.2886825137537575,418.046855796017,0.94591653,0.17113024,0.0,True,0.9208787530080945,0.25341683162763023
622,1021,209.08679,712,2424.5625,3.0946226,4,35.095928,1.0914014102504412,0.8890101597131866,1449.074903724627,1.0130911,0.77911711,0.0,True,1.0679083171753088,0.8560422447992306
623,824,184.20172,712,2752.1133,2.5270371,4,60.538517,0.961599413706341,0.8477720103153988,1237.2083098255746,0.96515167,0.758416,0.0,True,0.9626650905944387,0.8209652072207791
624,741,183.60338,712,2761.082,2.0082221,4,31.85346,0.9584781539457882,0.83404371159265,1213.7461379628116,0.96599114,0.84290695,0.0,True,0.9607320497620517,0.836702683114855
625,17958,283.53873,712,1787.918,4.1830454,6,273.79709,1.4795950063415397,1.307772256439519,2777.51770921393,1.1890619,1.2928323,0.0,True,1.3924350744390779,1.3032902695076634
626,5985,275.61661,712,1839.3086,2.6211791,4,114.11329,1.4382997692841037,1.1567281892853376,2397.1329463556176,1.1284424,1.1038014,0.0,True,1.3453425584988727,1.1408501524997363
627,32,178.7948,712,2835.3398,3.913053,4,100.65813,0.9333932208475121,0.4397583623331662,630.4949247266417,1.0311694,0.88556445,0.0,True,0.9627260745932584,0.5735001886332163
628,1034,203.81802,712,2487.2383,2.0230703,4,94.011955,1.0639213347154575,0.8877286479931564,1415.1334648366585,1.0375638,0.8594228,0.0,True,1.0560140743008204,0.8792368935952095
629,0,174.21855,712,2909.8164,4.0369964,4,146.34804,0.9095194788245701,0.0,120.75909673374186,0.94557565,0.0,0.0,True,0.9203363301771991,0.0
630,1237,150.63504,712,3365.3789,2.2033246,3,215.67725,0.7864733411974625,0.876765404203388,1072.831775151601,0.99349189,0.87102818,0.0,True,0.8485789058382238,0.8750442369423715
631,2474,166.23137,712,3049.6289,2.2730074,4,84.202225,0.8678492114689423,0.9738572939938106,1298.9983568548182,1.0404987,0.90898037,0.0,True,0.9196440580282597,0.9543942167956674
632,2500,195.50305,712,2593.0234,2.1260312,4,46.290077,1.0205510033400222,0.995256752409582,1529.781198375108,1.0769932,1.0383505,0.0,True,1.0374836623380155,1.0081848766867074
633,0,195.05348,712,2599.0,1.2322103,2,32.090103,1.0182059725339623,0.0,135.20076972040567,,,,False,1.0182059725339623,0.0
634,0,160.88792,712,3150.9141,2.0083244,2,21.898775,0.8399701516006529,0.0,111.51900813415403,0.98735583,0.92257178,4.600692744782149,True,0.8841858551204571,0.27677153400000004
635,1037,181.68484,712,2790.2383,2.0225122,4,89.924088,0.9484698116779059,0.8752474860732056,1261.9854406106247,1.0282946,0.88701642,0.0,True,0.9724172481745341,0.8787781662512439
636,14295,212.88568,712,2381.2969,4.0950241,6,418.17581,1.1112143579596971,1.2303142479395173,2036.8486743901515,1.1147252,1.0012183,0.0,True,1.112267610571788,1.1615854635576621
637,22977,273.53574,712,1853.3008,3.0894647,5,235.78072,1.4274524834791404,1.334286150007837,2746.9378184859424,1.2586918,1.4338596,0.0,True,1.3768242784353983,1.3641581850054858
638,547,143.32346,712,3537.0625,2.3305206,3,17.244783,0.7483207020392649,0.771702486360993,904.0984946577536,0.96520454,0.79648757,0.0,True,0.8133858534274855,0.7791380114526951
639,0,124.92989,712,4057.8281,1.6541334,2,118.22507,0.6523314951588309,0.0,86.5948010211641,0.89672399,0.0,0.0,True,0.7256492436111817,0.0
640,0,116.55832,712,4349.2734,1.7960823,2,80.448914,0.6086387802156573,0.0,80.79207087880388,0.86316699,0.0,0.0,True,0.6849972431509601,0.0
641,544,135.98454,712,3727.9531,3.4910226,4,59.889576,0.7100233336877174,0.7661071003956774,857.0587422119421,0.93955708,0.79505128,0.0,True,0.7788834575814023,0.7747903542769742
642,13441,193.71767,712,2616.9219,4.6295729,5,101.41711,1.0112381490111775,1.207757647740472,1841.5215885269959,1.1176125,1.0506768,0.0,True,1.043150454307824,1.1606333934183304
643,1249,177.36386,712,2858.2148,2.2377884,4,70.484215,0.9259282675415972,0.8959539420349285,1264.9055761726618,1.0184488,0.87079859,0.0,True,0.9536844272791181,0.88840733642445
644,0,167.45224,712,3027.3945,0.23940957,1,54.51123,0.8742188363254889,0.0,116.06904803444729,0.99263144,0.0,0.0,True,0.9097426174278422,0.0
645,7452,272.56656,712,1859.8906,1.7877233,4,164.38026,1.4224002927781236,1.1841312760561689,2430.34138945537,1.2599944,1.4343691,0.0,True,1.3736785249446866,1.259202623239318
646,4984,206.47314,712,2455.2539,3.2932162,4,77.290619,1.0777696739278086,1.0905550653725082,1757.99268653761,1.1016581,1.0483145,0.0,True,1.0849362017494661,1.0778828957607558
647,0,235.21483,712,2155.2383,1.0002972,2,241.52374,1.2276593339552873,0.0,163.03849624038685,,,,False,1.2276593339552873,0.0
648,0,157.96262,712,3209.2656,2.1975086,2,53.343525,0.82470716049175,0.0,109.49134468686202,,,,False,0.82470716049175,0.0
649,0,269.13269,712,1883.6211,1.2219101,2,70.783409,1.4044994164314537,0.0,186.5485652700138,,,,False,1.4044994164314537,0.0
650,0,160.61374,712,3156.293,2.0061586,2,128.79778,0.8385395954589507,0.0,111.3289610401881,0.95354319,0.0,0.0,True,0.8730406738212655,0.0
651,0,197.5295,712,2566.4219,2.1748488,3,112.37317,1.0311209908936052,0.0,136.91701600241572,1.0655229,0.0,0.0,True,1.0414415636255236,0.0
652,331,227.38213,712,2229.4805,2.0255208,3,113.91122,1.1868146437133715,0.7528509804195552,1320.667810715257,1.0493504,0.75874233,0.0,True,1.14557537059936,0.7546183852936887
653,17,174.24686,712,2909.3438,1.958056,2,138.88589,0.9096671216092156,0.3623512077229284,513.0592465813577,0.94571531,0.21481168,0.0,True,0.9204815781264509,0.3180893494060498
654,230,202.95169,712,2497.8555,2.0114753,3,112.60588,1.0594027273019724,0.6955710279925985,1105.4245545658357,1.0357649,0.73786223,0.0,True,1.0523113791113807,0.7082583885948189
655,3966,271.27722,712,1868.7305,2.5716381,5,151.741,1.4156789203794113,1.0996927341805223,2247.807783700282,1.1293333,1.1098353,0.0,True,1.329775234265588,1.1027355039263655
656,4926,207.02087,712,2448.7578,3.1711378,5,90.286041,1.080626463602742,1.0894252848029562,1760.2339716882686,1.0623771,0.96875435,0.0,True,1.0751516545219193,1.0532240043620693
657,2676,206.80382,712,2451.3281,3.0107782,5,167.53654,1.0794943140955489,1.0111258115427624,1632.2664694222415,1.0624181,0.97150803,0.0,True,1.0743714498668842,0.9992404770799337
658,4239,231.88206,712,2186.2148,3.0241709,5,24.198978,1.2102805147652032,1.0859439212518016,1936.8075134557691,1.0713382,0.9633112,0.0,True,1.1685978203356422,1.0491541048762612
659,10146,283.60071,712,1787.5273,2.84377,5,203.7657,1.4799180401220122,1.231589648262052,2616.225602488621,1.1890635,1.2940676,0.0,True,1.3926616780854086,1.2503330337834364
660,507,132.5712,712,3823.9375,2.0515995,3,67.247017,0.6922104019108614,0.7552263360051591,826.2431124917226,0.86845273,0.79019618,0.0,True,0.745083100337603,0.7657172892036114
661,1004,159.94684,712,3169.4531,2.9349263,4,120.96781,0.8350600343296377,0.8574199372939562,1105.8304418279886,0.9510783,0.8470459,0.0,True,0.8698655140307465,0.8543077261057693
662,3,158.02609,712,3207.9766,4.0796857,5,127.12115,0.825038330360675,0.1716915572323368,254.33318039972326,0.9458409,0.0,0.0,True,0.8612791012524724,0.12018409006263576
663,971,177.52252,712,2855.6602,1.505419,4,74.501335,0.9267559993874835,0.8644461116914757,1221.4231208375465,0.95932794,0.79049796,0.0,True,0.9365275815712384,0.842261666184033
664,3426,229.33737,712,2210.4727,2.0021038,4,49.335529,1.19701080811566,1.0567520852556012,1866.7447935345547,1.0525867,0.93530244,0.0,True,1.153683575680962,1.0203171916789209
665,244,176.79581,712,2867.3984,3.0097144,4,96.102234,0.9229648049433763,0.6909213516289682,973.3195482137061,0.95753622,0.41534746,0.0,True,0.9333362294603633,0.6082491841402777
666,1827,228.78511,712,2215.8086,2.0172191,4,44.092133,1.1941308797165078,0.9748533665474737,1718.5249929498157,1.0516602,0.89303935,0.0,True,1.1513896758015554,0.9503091615832315
667,7434,178.18402,712,2845.0586,2.4639001,3,118.65656,0.9302069632710883,1.1206328413805948,1588.3480966317113,1.0168124,1.0142999,0.0,True,0.9561885942897619,1.0887329589664163
668,6205,159.48393,712,3178.6523,0.89233196,2,107.9744,0.832644842871016,1.0828398010665448,1392.842211875207,0.96662927,0.99870926,0.0,True,0.8728401710097112,1.0576006387465813
669,4972,146.12183,712,3469.3242,0.74682057,2,124.94482,0.7629231906834966,1.0440595659389735,1243.7860396346853,0.92688417,0.98165494,0.0,True,0.8121114844784476,1.0253381781572815
670,3735,136.89815,712,3703.0742,0.87733161,2,55.520691,0.7147910113543302,1.0009786610968565,1126.1294428254682,0.89729959,0.96215528,0.0,True,0.7695435849480312,0.9893316467677995
671,2494,124.05608,712,4086.4102,1.6158297,3,149.86412,0.6477710418002666,0.9405840843897674,970.4218291571052,0.85278749,0.93628097,0.0,True,0.7092759762601866,0.9392931500728372
672,2506,197.00026,712,2573.3164,0.7892859,4,104.90795,1.0283605286561432,0.9965274503282578,1541.9684927279384,1.1075059,0.99218404,0.0,True,1.0521041400593003,0.9952244272297806
673,1255,190.25273,712,2664.582,0.26182088,2,116.47208,0.9931641834231373,0.9045192955864468,1357.735413033454,1.1085657,0.98998636,0.0,True,1.027784638396196,0.9301594149105128
674,0,183.93491,712,2756.1055,0.13098991,1,177.54948,0.9602075535402239,0.0,127.49396427304728,,,,False,0.9602075535402239,0.0
675,0,105.45148,712,4807.3672,1.9469916,2,7.0274858,0.5506657371807326,0.0,73.09339604787345,0.78035241,0.0,8.95126782008454,True,0.6195717390265129,0.0
676,0,184.60864,712,2746.0469,2.0008292,2,27.718252,0.9637221746691573,0.0,127.96095832300594,,,,False,0.9637221746691573,0.0
677,2922,231.58083,712,2189.0586,2.0165017,4,92.079704,1.208709677851992,1.0374086159679525,1848.1789411444893,1.07128,0.96395564,0.0,True,1.1674807744963944,1.0153727231775669
678,0,248.30797,712,2041.5938,1.0112697,2,45.990944,1.2959296189687186,0.0,172.11396931606347,,,,False,1.2959296189687186,0.0
679,1694,230.99222,712,2194.6367,1.8651999,4,221.87506,1.205640302085837,0.9662514407873061,1717.6645732808659,1.0711712,0.96814537,0.0,True,1.165299571460086,0.9668196195511143
680,0,268.67358,712,1886.8398,2.0064716,3,239.45415,1.4021060624415242,0.0,186.2303344679469,1.1299391,1.1120213,3.405139478382856,True,1.320455973709067,0.3336063900000001
681,0,230.96097,712,2194.9336,1.148484,2,108.16796,1.2054773683468796,0.0,160.08994517489012,,,,False,1.2054773683468796,0.0
682,1003,202.61298,712,2502.0312,2.5138898,4,43.723858,1.057636076803211,0.8831711511466844,1400.6114228337274,1.052707,0.85345876,0.0,True,1.0561573537622477,0.8742574338026792
683,501,177.61752,712,2854.1328,1.4493392,2,129.96803,0.9272516090851365,0.7814693536940709,1104.8857989494938,0.99649709,0.79822212,0.0,True,0.9480252533595956,0.7864951835858497
684,0,143.99197,712,3520.6406,1.4873514,2,43.447227,0.7518092349701629,0.0,99.80762802877223,0.90482873,0.0,0.0,True,0.7977150834791141,0.0
685,5,131.06683,712,3867.8281,1.6168392,3,107.72063,0.6843595286728203,0.2168879000357574,255.04427470150742,0.86343092,0.24329978,0.0,True,0.7380809460709743,0.22481146402503016
686,7784,203.95352,712,2485.5859,3.996347,5,81.023354,1.064628053471776,1.1458518518466119,1827.4403711108525,1.0554968,1.0215694,0.0,True,1.0618886774302432,1.1085671162926283
687,3904,202.83655,712,2499.2734,4.0373392,6,69.632675,1.0588021823447353,1.0568767624918185,1677.5128541353704,1.0531719,0.98797119,0.0,True,1.0571130976413148,1.036205090744273
688,0,283.64844,712,1787.2266,0.99015927,2,98.004677,1.4801667572798416,0.0,196.6101164562268,1.1890649,1.2948586,14.885975595646705,True,1.3928362000958892,0.38845758
689,0,158.83998,712,3191.5391,2.0019867,3,48.96207,0.8292848941667369,0.0,110.0994842971981,0.94808567,0.89759874,9.506070534404682,True,0.8649251269167157,0.26927962200000005
690,0,158.70634,712,3194.2266,2.0393257,3,76.637276,0.8285876021934228,0.0,110.00685210798808,,,,False,0.8285876021934228,0.0
691,0,4.4912281,2,0.890625,0.88963163,1,35.023968,0.7947750780520025,0.0,3.1130820947666,,,,False,0.7947750780520025,0.0
692,0,4.4912281,2,0.890625,0.88963163,1,20.4249,0.7947750780520025,0.0,3.1130820947666,0.90550077,0.75449973,6.772744914078892,True,0.8279927856364018,0.22634991900000004
693,0,122.97517,712,4122.3281,0.98291272,2,1.7197529,0.6421297409778908,0.0,85.23989236437997,0.78035241,0.0,12.58854348281667,True,0.6835965416845236,0.0
694,23164,210.48428,712,2408.4648,2.4772558,4,15.177425,1.098690067808016,1.2904996358462277,2115.45983030415,1.1401448,1.2900937,0.0,True,1.1111264874656113,1.2903778550923595
695,190,161.35359,712,3141.8203,3.7956676,4,22.529642,0.842399845360384,0.6521717989631723,848.3157526850681,1.0221425,0.91171044,0.0,True,0.8963226417522687,0.7300333912742207
696,4,148.61626,712,3411.0938,3.0511687,4,23.789503,0.7759393353211786,0.19782494018505814,266.28459113625865,0.92662406,0.11943199,0.0,True,0.821144752724825,0.1743070551295407
697,25463,210.76596,712,2405.2461,1.479792,4,22.920086,1.1001591131712027,1.3028729626475517,2138.2333605978365,1.1400436,1.2901068,0.0,True,1.1121244592198418,1.2990431138532863
698,1204,154.9203,712,3272.2891,3.0593295,4,40.59285,0.8088332012469015,0.8764632280852805,1099.1695018486355,0.93729335,0.66877091,0.0,True,0.8473712458728311,0.8141555326596964
699,6347,185.44328,712,2733.6875,3.3018196,4,21.13183,0.968076117817125,1.1063100865924254,1623.7511138426935,1.0292048,0.86175418,0.0,True,0.9864147224719875,1.0329433146146978
700,19200,211.90231,712,2392.3477,3.3943892,5,94.375381,1.1060856928009395,1.2674923636890922,2089.9436865087305,1.1411563,1.2897965,0.0,True,1.1166068749606577,1.2741836045823645
701,2442,234.91296,712,2158.0078,3.3425374,5,44.24419,1.2260852643961917,1.0159737997535083,1832.647927167981,1.1578659,1.0841641,0.0,True,1.2056194550773343,1.036430889827456
702,0,163.80547,712,3094.793,2.013972,2,10.252087,0.8551923666066269,0.0,113.5412996907967,,,,False,0.8551923666066269,0.0
703,9536,185.69643,712,2729.9609,2.7571456,4,256.97836,0.9693966464017973,1.157938976375437,1701.543648608379,1.0288516,0.78124595,0.0,True,0.9872331324812582,1.044931068462806
704,22101,239.59824,712,2115.8086,3.0211577,5,232.28833,1.2505160922289371,1.306167096741293,2396.813476421127,1.1619258,1.1619643,0.0,True,1.2239390045602558,1.262906257718905
705,0,187.55299,712,2702.9375,1.9895313,3,52.31612,0.9790813039343187,0.0,130.0018262240876,,,,False,0.9790813039343187,0.0
706,5136,239.31369,712,2118.3242,3.0096908,4,81.684372,1.2490324519999518,1.1154637484848509,2044.7964823149323,1.0579302,0.95233595,0.0,True,1.1917017763999662,1.0665254089393956
707,23781,239.70134,712,2114.8984,2.0095134,4,81.84037,1.2510537749760857,1.3158067394905295,2415.4048014108575,1.1619288,1.1682442,0.0,True,1.22431628248326,1.2715379776433706
708,24352,239.70399,712,2114.875,2.0018046,4,80.31073,1.25106760416219,1.318906774598002,2421.118498041279,1.1619288,1.1711458,0.0,True,1.224325962913533,1.2745784822186015
709,3323,239.05934,712,2120.5781,3.0381281,5,64.118271,1.2477061430911947,1.0584877625855278,1938.5859651972155,1.1620181,1.1611767,0.0,True,1.2219997301638363,1.0892944438098695
710,7260,248.65195,712,2038.7695,3.0057125,5,135.85045,1.2977231061914811,1.1664618149347799,2210.6179200489814,1.1698452,1.2089417,0.0,True,1.2593597343340368,1.1792057804543459
711,0,293.13977,712,1729.3594,2.0231473,3,133.43839,1.529638349242125,0.0,203.18900508549083,,,,False,1.529638349242125,0.0
712,2436,185.24979,712,2736.543,2.9986432,4,88.458267,0.9670666973499543,0.9852160119272177,1444.7507579091402,1.0397495,1.0547137,0.0,True,0.988871538144968,1.0060653183490524
713,0,185.06276,712,2739.3086,1.0012184,2,20.923887,0.9660910612401815,0.0,128.27573032064183,,,,False,0.9660910612401815,0.0
714,0,147.08801,712,3446.5352,1.9947689,2,71.863487,0.7679648259240144,0.0,101.95363942567303,,,,False,0.7679648259240144,0.0

metric,value
avg_local_nain,1.039049
avg_local_nach,0.811775
avg_citywide_nain,1.032437
avg_citywide_nach,0.829803
avg_blended_nain,1.035773
avg_blended_nach,0.79873
avg_segment_length,93.5778
blended_nain_nach_pearson_r,0.591038
blended_nain_nach_p_value,1.4672e-68
pct_citywide_matched,92.59
