  0
SECTION
  2
HEADER
  9
$ACADVER
  1
AC1015
  9
$ACADMAINTVER
 70
6
  9
$DWGCODEPAGE
  3
ANSI_1252
  9
$INSBASE
 10
0.0
 20
0.0
 30
0.0
  9
$EXTMIN
 10
1e+20
 20
1e+20
 30
1e+20
  9
$EXTMAX
 10
-1e+20
 20
-1e+20
 30
-1e+20
  9
$LIMMIN
 10
0.0
 20
0.0
  9
$LIMMAX
 10
420.0
 20
297.0
  9
$ORTHOMODE
 70
0
  9
$REGENMODE
 70
1
  9
$FILLMODE
 70
1
  9
$QTEXTMODE
 70
0
  9
$MIRRTEXT
 70
1
  9
$LTSCALE
 40
1.0
  9
$ATTMODE
 70
1
  9
$TEXTSIZE
 40
2.5
  9
$TRACEWID
 40
1.0
  9
$TEXTSTYLE
  7
Standard
  9
$CLAYER
  8
0
  9
$CELTYPE
  6
ByLayer
  9
$CECOLOR
 62
256
  9
$CELTSCALE
 40
1.0
  9
$DISPSILH
 70
0
  9
$DIMSCALE
 40
1.0
  9
$DIMASZ
 40
2.5
  9
$DIMEXO
 40
0.625
  9
$DIMDLI
 40
3.75
  9
$DIMRND
 40
0.0
  9
$DIMDLE
 40
0.0
  9
$DIMEXE
 40
1.25
  9
$DIMTP
 40
0.0
  9
$DIMTM
 40
0.0
  9
$DIMTXT
 40
2.5
  9
$DIMCEN
 40
2.5
  9
$DIMTSZ
 40
0.0
  9
$DIMTOL
 70
0
  9
$DIMLIM
 70
0
  9
$DIMTIH
 70
0
  9
$DIMTOH
 70
0
  9
$DIMSE1
 70
0
  9
$DIMSE2
 70
0
  9
$DIMTAD
 70
1
  9
$DIMZIN
 70
8
  9
$DIMBLK
  1

  9
$DIMASO
 70
1
  9
$DIMSHO
 70
1
  9
$DIMPOST
  1

  9
$DIMAPOST
  1

  9
$DIMALT
 70
0
  9
$DIMALTD
 70
3
  9
$DIMALTF
 40
0.03937007874
  9
$DIMLFAC
 40
1.0
  9
$DIMTOFL
 70
1
  9
$DIMTVP
 40
0.0
  9
$DIMTIX
 70
0
  9
$DIMSOXD
 70
0
  9
$DIMSAH
 70
0
  9
$DIMBLK1
  1

  9
$DIMBLK2
  1

  9
$DIMSTYLE
  2
ISO-25
  9
$DIMCLRD
 70
0
  9
$DIMCLRE
 70
0
  9
$DIMCLRT
 70
0
  9
$DIMTFAC
 40
1.0
  9
$DIMGAP
 40
0.625
  9
$DIMJUST
 70
0
  9
$DIMSD1
 70
0
  9
$DIMSD2
 70
0
  9
$DIMTOLJ
 70
0
  9
$DIMTZIN
 70
8
  9
$DIMALTZ
 70
0
  9
$DIMALTTZ
 70
0
  9
$DIMUPT
 70
0
  9
$DIMDEC
 70
2
  9
$DIMTDEC
 70
2
  9
$DIMALTU
 70
2
  9
$DIMALTTD
 70
3
  9
$DIMTXSTY
  7
Standard
  9
$DIMAUNIT
 70
0
  9
$DIMADEC
 70
0
  9
$DIMALTRND
 40
0.0
  9
$DIMAZIN
 70
0
  9
$DIMDSEP
 70
44
  9
$DIMATFIT
 70
3
  9
$DIMFRAC
 70
0
  9
$DIMLDRBLK
  1

  9
$DIMLUNIT
 70
2
  9
$DIMLWD
 70
-2
  9
$DIMLWE
 70
-2
  9
$DIMTMOVE
 70
0
  9
$LUNITS
 70
2
  9
$LUPREC
 70
4
  9
$SKETCHINC
 40
1.0
  9
$FILLETRAD
 40
10.0
  9
$AUNITS
 70
0
  9
$AUPREC
 70
2
  9
$MENU
  1
.
  9
$ELEVATION
 40
0.0
  9
$PELEVATION
 40
0.0
  9
$THICKNESS
 40
0.0
  9
$LIMCHECK
 70
0
  9
$CHAMFERA
 40
0.0
  9
$CHAMFERB
 40
0.0
  9
$CHAMFERC
 40
0.0
  9
$CHAMFERD
 40
0.0
  9
$SKPOLY
 70
0
  9
$TDCREATE
 40
2461252.48494213
  9
$TDUCREATE
 40
2458532.153996898
  9
$TDUPDATE
 40
2461252.48494213
  9
$TDUUPDATE
 40
2458532.1544311
  9
$TDINDWG
 40
0.0
  9
$TDUSRTIMER
 40
0.0
  9
$USRTIMER
 70
1
  9
$ANGBASE
 50
0.0
  9
$ANGDIR
 70
0
  9
$PDMODE
 70
0
  9
$PDSIZE
 40
0.0
  9
$PLINEWID
 40
0.0
  9
$SPLFRAME
 70
0
  9
$SPLINETYPE
 70
6
  9
$SPLINESEGS
 70
8
  9
$HANDSEED
  5
359
  9
$SURFTAB1
 70
6
  9
$SURFTAB2
 70
6
  9
$SURFTYPE
 70
6
  9
$SURFU
 70
6
  9
$SURFV
 70
6
  9
$UCSBASE
  2

  9
$UCSNAME
  2

  9
$UCSORG
 10
0.0
 20
0.0
 30
0.0
  9
$UCSXDIR
 10
1.0
 20
0.0
 30
0.0
  9
$UCSYDIR
 10
0.0
 20
1.0
 30
0.0
  9
$UCSORTHOREF
  2

  9
$UCSORTHOVIEW
 70
0
  9
$UCSORGTOP
 10
0.0
 20
0.0
 30
0.0
  9
$UCSORGBOTTOM
 10
0.0
 20
0.0
 30
0.0
  9
$UCSORGLEFT
 10
0.0
 20
0.0
 30
0.0
  9
$UCSORGRIGHT
 10
0.0
 20
0.0
 30
0.0
  9
$UCSORGFRONT
 10
0.0
 20
0.0
 30
0.0
  9
$UCSORGBACK
 10
0.0
 20
0.0
 30
0.0
  9
$PUCSBASE
  2

  9
$PUCSNAME
  2

  9
$PUCSORG
 10
0.0
 20
0.0
 30
0.0
  9
$PUCSXDIR
 10
1.0
 20
0.0
 30
0.0
  9
$PUCSYDIR
 10
0.0
 20
1.0
 30
0.0
  9
$PUCSORTHOREF
  2

  9
$PUCSORTHOVIEW
 70
0
  9
$PUCSORGTOP
 10
0.0
 20
0.0
 30
0.0
  9
$PUCSORGBOTTOM
 10
0.0
 20
0.0
 30
0.0
  9
$PUCSORGLEFT
 10
0.0
 20
0.0
 30
0.0
  9
$PUCSORGRIGHT
 10
0.0
 20
0.0
 30
0.0
  9
$PUCSORGFRONT
 10
0.0
 20
0.0
 30
0.0
  9
$PUCSORGBACK
 10
0.0
 20
0.0
 30
0.0
  9
$USERI1
 70
0
  9
$USERI2
 70
0
  9
$USERI3
 70
0
  9
$USERI4
 70
0
  9
$USERI5
 70
0
  9
$USERR1
 40
0.0
  9
$USERR2
 40
0.0
  9
$USERR3
 40
0.0
  9
$USERR4
 40
0.0
  9
$USERR5
 40
0.0
  9
$WORLDVIEW
 70
1
  9
$SHADEDGE
 70
3
  9
$SHADEDIF
 70
70
  9
$TILEMODE
 70
1
  9
$MAXACTVP
 70
64
  9
$PINSBASE
 10
0.0
 20
0.0
 30
0.0
  9
$PLIMCHECK
 70
0
  9
$PEXTMIN
 10
1e+20
 20
1e+20
 30
1e+20
  9
$PEXTMAX
 10
-1e+20
 20
-1e+20
 30
-1e+20
  9
$PLIMMIN
 10
0.0
 20
0.0
  9
$PLIMMAX
 10
420.0
 20
297.0
  9
$UNITMODE
 70
0
  9
$VISRETAIN
 70
1
  9
$PLINEGEN
 70
0
  9
$PSLTSCALE
 70
1
  9
$TREEDEPTH
 70
3020
  9
$CMLSTYLE
  2
Standard
  9
$CMLJUST
 70
0
  9
$CMLSCALE
 40
20.0
  9
$PROXYGRAPHICS
 70
1
  9
$MEASUREMENT
 70
1
  9
$CELWEIGHT
370
-1
  9
$ENDCAPS
280
0
  9
$JOINSTYLE
280
0
  9
$LWDISPLAY
290
0
  9
$INSUNITS
 70
6
  9
$HYPERLINKBASE
  1

  9
$STYLESHEET
  1

  9
$XEDIT
290
1
  9
$CEPSNTYPE
380
0
  9
$PSTYLEMODE
290
1
  9
$FINGERPRINTGUID
  2
{A684A503-5F9C-44F1-A3F6-B2D2832C010F}
  9
$VERSIONGUID
  2
{78A800C9-DB77-46E4-8A4C-2F2C9251B3B2}
  9
$EXTNAMES
290
1
  9
$PSVPSCALE
 40
0.0
  9
$OLESTARTUP
290
0
  0
ENDSEC
  0
SECTION
  2
CLASSES
  0
CLASS
  1
ACDBDICTIONARYWDFLT
  2
AcDbDictionaryWithDefault
  3
ObjectDBX Classes
 90
0
280
0
281
0
  0
CLASS
  1
SUN
  2
AcDbSun
  3
SCENEOE
 90
1153
280
0
281
0
  0
CLASS
  1
VISUALSTYLE
  2
AcDbVisualStyle
  3
ObjectDBX Classes
 90
4095
280
0
281
0
  0
CLASS
  1
MATERIAL
  2
AcDbMaterial
  3
ObjectDBX Classes
 90
1153
280
0
281
0
  0
CLASS
  1
SCALE
  2
AcDbScale
  3
ObjectDBX Classes
 90
1153
280
0
281
0
  0
CLASS
  1
TABLESTYLE
  2
AcDbTableStyle
  3
ObjectDBX Classes
 90
4095
280
0
281
0
  0
CLASS
  1
MLEADERSTYLE
  2
AcDbMLeaderStyle
  3
ACDB_MLEADERSTYLE_CLASS
 90
4095
280
0
281
0
  0
CLASS
  1
DICTIONARYVAR
  2
AcDbDictionaryVar
  3
ObjectDBX Classes
 90
0
280
0
281
0
  0
CLASS
  1
CELLSTYLEMAP
  2
AcDbCellStyleMap
  3
ObjectDBX Classes
 90
1152
280
0
281
0
  0
CLASS
  1
MENTALRAYRENDERSETTINGS
  2
AcDbMentalRayRenderSettings
  3
SCENEOE
 90
1024
280
0
281
0
  0
CLASS
  1
ACDBDETAILVIEWSTYLE
  2
AcDbDetailViewStyle
  3
ObjectDBX Classes
 90
1025
280
0
281
0
  0
CLASS
  1
ACDBSECTIONVIEWSTYLE
  2
AcDbSectionViewStyle
  3
ObjectDBX Classes
 90
1025
280
0
281
0
  0
CLASS
  1
RASTERVARIABLES
  2
AcDbRasterVariables
  3
ISM
 90
0
280
0
281
0
  0
CLASS
  1
ACDBPLACEHOLDER
  2
AcDbPlaceHolder
  3
ObjectDBX Classes
 90
0
280
0
281
0
  0
CLASS
  1
LAYOUT
  2
AcDbLayout
  3
ObjectDBX Classes
 90
0
280
0
281
0
  0
ENDSEC
  0
SECTION
  2
TABLES
  0
TABLE
  2
VPORT
  5
8
330
0
100
AcDbSymbolTable
 70
1
  0
VPORT
  5
23
330
8
100
AcDbSymbolTableRecord
100
AcDbViewportTableRecord
  2
*Active
 70
0
 10
0.0
 20
0.0
 11
1.0
 21
1.0
 12
0.0
 22
0.0
 13
0.0
 23
0.0
 14
0.5
 24
0.5
 15
0.5
 25
0.5
 16
0.0
 26
0.0
 36
1.0
 17
0.0
 27
0.0
 37
0.0
 40
1000.0
 41
1.34
 42
50.0
 43
0.0
 44
0.0
 50
0.0
 51
0.0
 71
0
 72
1000
 73
1
 74
3
 75
0
 76
0
 77
0
 78
0
281
0
 65
0
146
0.0
  0
ENDTAB
  0
TABLE
  2
LTYPE
  5
2
330
0
100
AcDbSymbolTable
 70
3
  0
LTYPE
  5
24
330
2
100
AcDbSymbolTableRecord
100
AcDbLinetypeTableRecord
  2
ByBlock
 70
0
  3

 72
65
 73
0
 40
0.0
  0
LTYPE
  5
25
330
2
100
AcDbSymbolTableRecord
100
AcDbLinetypeTableRecord
  2
ByLayer
 70
0
  3

 72
65
 73
0
 40
0.0
  0
LTYPE
  5
26
330
2
100
AcDbSymbolTableRecord
100
AcDbLinetypeTableRecord
  2
Continuous
 70
0
  3

 72
65
 73
0
 40
0.0
  0
ENDTAB
  0
TABLE
  2
LAYER
  5
1
330
0
100
AcDbSymbolTable
 70
2
  0
LAYER
  5
27
330
1
100
AcDbSymbolTableRecord
100
AcDbLayerTableRecord
  2
0
 70
0
 62
7
  6
Continuous
370
-3
390
13
  0
LAYER
  5
28
330
1
100
AcDbSymbolTableRecord
100
AcDbLayerTableRecord
  2
Defpoints
 70
0
 62
7
  6
Continuous
290
0
370
-3
390
13
  0
ENDTAB
  0
TABLE
  2
STYLE
  5
5
330
0
100
AcDbSymbolTable
 70
1
  0
STYLE
  5
29
330
5
100
AcDbSymbolTableRecord
100
AcDbTextStyleTableRecord
  2
Standard
 70
0
 40
0.0
 41
1.0
 50
0.0
 71
0
 42
2.5
  3
txt
  4

  0
ENDTAB
  0
TABLE
  2
VIEW
  5
7
330
0
100
AcDbSymbolTable
 70
0
  0
ENDTAB
  0
TABLE
  2
UCS
  5
6
330
0
100
AcDbSymbolTable
 70
0
  0
ENDTAB
  0
TABLE
  2
APPID
  5
3
330
0
100
AcDbSymbolTable
 70
3
  0
APPID
  5
2A
330
3
100
AcDbSymbolTableRecord
100
AcDbRegAppTableRecord
  2
ACAD
 70
0
  0
APPID
  5
356
330
3
100
AcDbSymbolTableRecord
100
AcDbRegAppTableRecord
  2
HATCHBACKGROUNDCOLOR
 70
0
  0
APPID
  5
357
330
3
100
AcDbSymbolTableRecord
100
AcDbRegAppTableRecord
  2
EZDXF
 70
0
  0
ENDTAB
  0
TABLE
  2
DIMSTYLE
  5
4
330
0
100
AcDbSymbolTable
 70
1
100
AcDbDimStyleTable
  0
DIMSTYLE
105
2B
330
4
100
AcDbSymbolTableRecord
100
AcDbDimStyleTableRecord
  2
Standard
 70
0
  3

  4

 40
1.0
 41
2.5
 42
0.625
 43
3.75
 44
1.25
 45
0.0
 46
0.0
 47
0.0
 48
0.0
140
2.5
141
2.5
142
0.0
143
0.03937007874
144
1.0
145
0.0
146
1.0
147
0.625
148
0.0
 71
0
 72
0
 73
0
 74
0
 75
0
 76
0
 77
1
 78
8
 79
3
170
0
171
3
172
1
173
0
174
0
175
0
176
0
177
0
178
0
179
2
271
2
272
2
273
2
274
3
275
0
276
0
277
2
278
44
279
0
280
0
281
0
282
0
283
0
284
8
285
0
286
0
288
0
289
3
371
-2
372
-2
  0
ENDTAB
  0
TABLE
  2
BLOCK_RECORD
  5
9
330
0
100
AcDbSymbolTable
 70
2
  0
BLOCK_RECORD
  5
17
330
9
100
AcDbSymbolTableRecord
100
AcDbBlockTableRecord
  2
*Model_Space
340
1A
  0
BLOCK_RECORD
  5
1B
330
9
100
AcDbSymbolTableRecord
100
AcDbBlockTableRecord
  2
*Paper_Space
340
1E
  0
ENDTAB
  0
ENDSEC
  0
SECTION
  2
BLOCKS
  0
BLOCK
  5
18
330
17
100
AcDbEntity
  8
0
100
AcDbBlockBegin
  2
*Model_Space
 70
0
 10
0.0
 20
0.0
 30
0.0
  3
*Model_Space
  1

  0
ENDBLK
  5
19
330
17
100
AcDbEntity
  8
0
100
AcDbBlockEnd
  0
BLOCK
  5
1C
330
1B
100
AcDbEntity
  8
0
100
AcDbBlockBegin
  2
*Paper_Space
 70
0
 10
0.0
 20
0.0
 30
0.0
  3
*Paper_Space
  1

  0
ENDBLK
  5
1D
330
1B
100
AcDbEntity
  8
0
100
AcDbBlockEnd
  0
ENDSEC
  0
SECTION
  2
ENTITIES
  0
LWPOLYLINE
  5
2F
330
17
100
AcDbEntity
  8
ROADS
100
AcDbPolyline
 90
2
 70
0
 10
638108.560483872
 20
4837945.045722607
 10
638065.0684679772
 20
4838081.414519647
  0
LWPOLYLINE
  5
30
330
17
100
AcDbEntity
  8
ROADS
100
AcDbPolyline
 90
2
 70
0
 10
638269.8157705638
 20
4837979.442809417
 10
638257.1881494501
 20
4838018.462050695
  0
LWPOLYLINE
  5
31
330
17
100
AcDbEntity
  8
ROADS
100
AcDbPolyline
 90
2
 70
0
 10
638189.517784293
 20
4837959.846921905
 10
638140.2140060763
 20
4838107.10196576
  0
LWPOLYLINE
  5
32
330
17
100
AcDbEntity
  8
ROADS
100
AcDbPolyline
 90
2
 70
0
 10
638482.3697676986
 20
4838033.403307973
 10
638472.3156806512
 20
4838066.400197492
  0
LWPOLYLINE
  5
33
330
17
100
AcDbEntity
  8
ROADS
100
AcDbPolyline
 90
2
 70
0
 10
638688.2296235283
 20
4838044.761052396
 10
638668.1483937073
 20
4838109.920028219
  0
LWPOLYLINE
  5
34
330
17
100
AcDbEntity
  8
ROADS
100
AcDbPolyline
 90
2
 70
0
 10
639055.9268158085
 20
4838113.410358833
 10
639036.7639860904
 20
4838149.679372246
  0
LWPOLYLINE
  5
35
330
17
100
AcDbEntity
  8
ROADS
100
AcDbPolyline
 90
3
 70
0
 10
638730.2794938977
 20
4838045.263705744
 10
638779.9670681272
 20
4838079.071312305
 10
638871.8310188404
 20
4838169.63844358
  0
LWPOLYLINE
  5
36
330
17
100
AcDbEntity
  8
ROADS
100
AcDbPolyline
 90
2
 70
0
 10
638257.1881494501
 20
4838018.462050695
 10
638465.8607659815
 20
4838085.3272686135
  0
LWPOLYLINE
  5
37
330
17
100
AcDbEntity
  8
ROADS
100
AcDbPolyline
 90
2
 70
0
 10
638257.1881494501
 20
4838018.462050695
 10
638231.0300169496
 20
4838098.840607411
  0
LWPOLYLINE
  5
38
330
17
100
AcDbEntity
  8
ROADS
100
AcDbPolyline
 90
2
 70
0
 10
638472.3156806512
 20
4838066.400197492
 10
638465.8607659815
 20
4838085.3272686135
  0
LWPOLYLINE
  5
39
330
17
100
AcDbEntity
  8
ROADS
100
AcDbPolyline
 90
2
 70
0
 10
638065.0684679772
 20
4838081.414519647
 10
638140.2140060763
 20
4838107.10196576
  0
LWPOLYLINE
  5
3A
330
17
100
AcDbEntity
  8
ROADS
100
AcDbPolyline
 90
2
 70
0
 10
638231.0300169496
 20
4838098.840607411
 10
638219.956664017
 20
4838132.586544047
  0
LWPOLYLINE
  5
3B
330
17
100
AcDbEntity
  8
ROADS
100
AcDbPolyline
 90
2
 70
0
 10
638140.2140060763
 20
4838107.10196576
 10
638219.956664017
 20
4838132.586544047
  0
LWPOLYLINE
  5
3C
330
17
100
AcDbEntity
  8
ROADS
100
AcDbPolyline
 90
2
 70
0
 10
638465.8607659815
 20
4838085.3272686135
 10
638440.0178769641
 20
4838165.747575786
  0
LWPOLYLINE
  5
3D
330
17
100
AcDbEntity
  8
ROADS
100
AcDbPolyline
 90
2
 70
0
 10
638231.0300169496
 20
4838098.840607411
 10
638440.0178769641
 20
4838165.747575786
  0
LWPOLYLINE
  5
3E
330
17
100
AcDbEntity
  8
ROADS
100
AcDbPolyline
 90
2
 70
0
 10
638472.3156806512
 20
4838066.400197492
 10
638559.8092291022
 20
4838216.567915825
  0
LWPOLYLINE
  5
3F
330
17
100
AcDbEntity
  8
ROADS
100
AcDbPolyline
 90
2
 70
0
 10
638219.956664017
 20
4838132.586544047
 10
638205.0348067192
 20
4838179.942166911
  0
LWPOLYLINE
  5
40
330
17
100
AcDbEntity
  8
ROADS
100
AcDbPolyline
 90
2
 70
0
 10
638885.473771661
 20
4838063.46134105
 10
639002.6701292398
 20
4838182.996012195
  0
LWPOLYLINE
  5
41
330
17
100
AcDbEntity
  8
ROADS
100
AcDbPolyline
 90
4
 70
0
 10
638668.1483937073
 20
4838109.920028219
 10
638626.0308751444
 20
4838093.136713372
 10
638579.8658610655
 20
4838159.659692456
 10
638560.9788165266
 20
4838164.566084172
  0
LWPOLYLINE
  5
42
330
17
100
AcDbEntity
  8
ROADS
100
AcDbPolyline
 90
2
 70
0
 10
639006.5358269725
 20
4838119.224728117
 10
639036.7639860904
 20
4838149.679372246
  0
LWPOLYLINE
  5
43
330
17
100
AcDbEntity
  8
ROADS
100
AcDbPolyline
 90
2
 70
0
 10
638668.1483937073
 20
4838109.920028219
 10
638742.3938482674
 20
4838167.574327643
  0
LWPOLYLINE
  5
44
330
17
100
AcDbEntity
  8
ROADS
100
AcDbPolyline
 90
2
 70
0
 10
639036.7639860904
 20
4838149.679372246
 10
639002.6701292398
 20
4838182.996012195
  0
LWPOLYLINE
  5
45
330
17
100
AcDbEntity
  8
ROADS
100
AcDbPolyline
 90
2
 70
0
 10
638668.1483937073
 20
4838109.920028219
 10
638598.8166324024
 20
4838291.231549278
  0
LWPOLYLINE
  5
46
330
17
100
AcDbEntity
  8
ROADS
100
AcDbPolyline
 90
2
 70
0
 10
638742.3938482674
 20
4838167.574327643
 10
638811.405232839
 20
4838236.374068152
  0
LWPOLYLINE
  5
47
330
17
100
AcDbEntity
  8
ROADS
100
AcDbPolyline
 90
2
 70
0
 10
638871.8310188404
 20
4838169.63844358
 10
638811.405232839
 20
4838236.374068152
  0
LWPOLYLINE
  5
48
330
17
100
AcDbEntity
  8
ROADS
100
AcDbPolyline
 90
2
 70
0
 10
639002.6701292398
 20
4838182.996012195
 10
639063.1807294572
 20
4838228.683816909
  0
LWPOLYLINE
  5
49
330
17
100
AcDbEntity
  8
ROADS
100
AcDbPolyline
 90
2
 70
0
 10
638871.8310188404
 20
4838169.63844358
 10
638944.0548579996
 20
4838242.965748736
  0
LWPOLYLINE
  5
4A
330
17
100
AcDbEntity
  8
ROADS
100
AcDbPolyline
 90
2
 70
0
 10
638140.2140060763
 20
4838107.10196576
 10
638077.7680136705
 20
4838306.714463072
  0
LWPOLYLINE
  5
4B
330
17
100
AcDbEntity
  8
ROADS
100
AcDbPolyline
 90
2
 70
0
 10
638440.0178769641
 20
4838165.747575786
 10
638412.7247750585
 20
4838252.253223481
  0
LWPOLYLINE
  5
4C
330
17
100
AcDbEntity
  8
ROADS
100
AcDbPolyline
 90
2
 70
0
 10
638205.0348067192
 20
4838179.942166911
 10
638412.7247750585
 20
4838252.253223481
  0
LWPOLYLINE
  5
4D
330
17
100
AcDbEntity
  8
ROADS
100
AcDbPolyline
 90
2
 70
0
 10
638205.0348067192
 20
4838179.942166911
 10
638155.2885976323
 20
4838332.963968698
  0
LWPOLYLINE
  5
4E
330
17
100
AcDbEntity
  8
ROADS
100
AcDbPolyline
 90
3
 70
0
 10
638559.8092291022
 20
4838216.567915825
 10
638509.1988566509
 20
4838250.380837395
 10
638476.317476463
 20
4838349.91967359
  0
LWPOLYLINE
  5
4F
330
17
100
AcDbEntity
  8
ROADS
100
AcDbPolyline
 90
2
 70
0
 10
638412.7247750585
 20
4838252.253223481
 10
638385.2195312112
 20
4838336.552810362
  0
LWPOLYLINE
  5
50
330
17
100
AcDbEntity
  8
ROADS
100
AcDbPolyline
 90
2
 70
0
 10
638077.7680136705
 20
4838306.714463072
 10
638116.1893269338
 20
4838319.725572942
  0
LWPOLYLINE
  5
51
330
17
100
AcDbEntity
  8
ROADS
100
AcDbPolyline
 90
2
 70
0
 10
638116.1893269338
 20
4838319.725572942
 10
638155.2885976323
 20
4838332.963968698
  0
LWPOLYLINE
  5
52
330
17
100
AcDbEntity
  8
ROADS
100
AcDbPolyline
 90
2
 70
0
 10
638385.2195312112
 20
4838336.552810362
 10
638476.317476463
 20
4838349.91967359
  0
LWPOLYLINE
  5
53
330
17
100
AcDbEntity
  8
ROADS
100
AcDbPolyline
 90
2
 70
0
 10
638525.7327742785
 20
4838357.46311619
 10
638616.8679383501
 20
4838330.567797242
  0
LWPOLYLINE
  5
54
330
17
100
AcDbEntity
  8
ROADS
100
AcDbPolyline
 90
2
 70
0
 10
639002.6701292398
 20
4838182.996012195
 10
638944.0548579996
 20
4838242.965748736
  0
LWPOLYLINE
  5
55
330
17
100
AcDbEntity
  8
ROADS
100
AcDbPolyline
 90
2
 70
0
 10
638559.8092291022
 20
4838216.567915825
 10
638598.8166324024
 20
4838291.231549278
  0
LWPOLYLINE
  5
56
330
17
100
AcDbEntity
  8
ROADS
100
AcDbPolyline
 90
2
 70
0
 10
638742.3938482674
 20
4838167.574327643
 10
638682.3635957679
 20
4838351.116318252
  0
LWPOLYLINE
  5
57
330
17
100
AcDbEntity
  8
ROADS
100
AcDbPolyline
 90
2
 70
0
 10
638811.405232839
 20
4838236.374068152
 10
638884.7273400875
 20
4838312.068467083
  0
LWPOLYLINE
  5
58
330
17
100
AcDbEntity
  8
ROADS
100
AcDbPolyline
 90
2
 70
0
 10
638944.0548579996
 20
4838242.965748736
 10
639007.3432910827
 20
4838307.973673142
  0
LWPOLYLINE
  5
59
330
17
100
AcDbEntity
  8
ROADS
100
AcDbPolyline
 90
2
 70
0
 10
638811.405232839
 20
4838236.374068152
 10
638766.410174887
 20
4838380.394200362
  0
LWPOLYLINE
  5
5A
330
17
100
AcDbEntity
  8
ROADS
100
AcDbPolyline
 90
2
 70
0
 10
638598.8166324024
 20
4838291.231549278
 10
638616.8679383501
 20
4838330.567797242
  0
LWPOLYLINE
  5
5B
330
17
100
AcDbEntity
  8
ROADS
100
AcDbPolyline
 90
2
 70
0
 10
638616.8679383501
 20
4838330.567797242
 10
638682.3635957679
 20
4838351.116318252
  0
LWPOLYLINE
  5
5C
330
17
100
AcDbEntity
  8
ROADS
100
AcDbPolyline
 90
2
 70
0
 10
639007.3432910827
 20
4838307.973673142
 10
639079.1770942635
 20
4838378.812741074
  0
LWPOLYLINE
  5
5D
330
17
100
AcDbEntity
  8
ROADS
100
AcDbPolyline
 90
2
 70
0
 10
639007.3432910827
 20
4838307.973673142
 10
638958.8832740815
 20
4838379.870213725
  0
LWPOLYLINE
  5
5E
330
17
100
AcDbEntity
  8
ROADS
100
AcDbPolyline
 90
2
 70
0
 10
638026.6733423042
 20
4837936.718534337
 10
638013.8771045479
 20
4837977.766952514
  0
LWPOLYLINE
  5
5F
330
17
100
AcDbEntity
  8
ROADS
100
AcDbPolyline
 90
2
 70
0
 10
637848.087371723
 20
4837941.4632488545
 10
637842.7323431032
 20
4837961.437299745
  0
LWPOLYLINE
  5
60
330
17
100
AcDbEntity
  8
ROADS
100
AcDbPolyline
 90
2
 70
0
 10
637784.3814442467
 20
4837950.086616256
 10
637772.2452934671
 20
4837987.8380252095
  0
LWPOLYLINE
  5
61
330
17
100
AcDbEntity
  8
ROADS
100
AcDbPolyline
 90
2
 70
0
 10
637976.210393819
 20
4837942.442432905
 10
637969.6606044038
 20
4837964.183027125
  0
LWPOLYLINE
  5
62
330
17
100
AcDbEntity
  8
ROADS
100
AcDbPolyline
 90
2
 70
0
 10
638013.8771045479
 20
4837977.766952514
 10
637969.6606044038
 20
4837964.183027125
  0
LWPOLYLINE
  5
63
330
17
100
AcDbEntity
  8
ROADS
100
AcDbPolyline
 90
2
 70
0
 10
637536.7071728508
 20
4838030.486905881
 10
637506.7511589037
 20
4838124.32725262
  0
LWPOLYLINE
  5
64
330
17
100
AcDbEntity
  8
ROADS
100
AcDbPolyline
 90
2
 70
0
 10
637708.9690540741
 20
4837967.266701585
 10
637772.2452934671
 20
4837987.8380252095
  0
LWPOLYLINE
  5
65
330
17
100
AcDbEntity
  8
ROADS
100
AcDbPolyline
 90
2
 70
0
 10
637915.9739048061
 20
4837935.727120463
 10
637882.9011140056
 20
4838041.006208285
  0
LWPOLYLINE
  5
66
330
17
100
AcDbEntity
  8
ROADS
100
AcDbPolyline
 90
2
 70
0
 10
637969.6606044038
 20
4837964.183027125
 10
637956.5734095905
 20
4838006.039284227
  0
LWPOLYLINE
  5
67
330
17
100
AcDbEntity
  8
ROADS
100
AcDbPolyline
 90
3
 70
0
 10
637882.9011140056
 20
4838041.006208285
 10
637928.9711426944
 20
4838050.92031684
 10
637960.4573566467
 20
4837956.849898728
  0
LWPOLYLINE
  5
68
330
17
100
AcDbEntity
  8
ROADS
100
AcDbPolyline
 90
2
 70
0
 10
638013.8771045479
 20
4837977.766952514
 10
637988.07097298
 20
4838055.660585806
  0
LWPOLYLINE
  5
69
330
17
100
AcDbEntity
  8
ROADS
100
AcDbPolyline
 90
2
 70
0
 10
637664.2524676354
 20
4837980.638425493
 10
637606.9263800099
 20
4838156.401932281
  0
LWPOLYLINE
  5
6A
330
17
100
AcDbEntity
  8
ROADS
100
AcDbPolyline
 90
2
 70
0
 10
637988.07097298
 20
4838055.660585806
 10
638065.0684679772
 20
4838081.414519647
  0
LWPOLYLINE
  5
6B
330
17
100
AcDbEntity
  8
ROADS
100
AcDbPolyline
 90
2
 70
0
 10
637772.2452934671
 20
4837987.8380252095
 10
637707.166167984
 20
4838188.004754341
  0
LWPOLYLINE
  5
6C
330
17
100
AcDbEntity
  8
ROADS
100
AcDbPolyline
 90
2
 70
0
 10
637882.9011140056
 20
4838041.006208285
 10
637835.958948965
 20
4838185.973340079
  0
LWPOLYLINE
  5
6D
330
17
100
AcDbEntity
  8
ROADS
100
AcDbPolyline
 90
2
 70
0
 10
637988.07097298
 20
4838055.660585806
 10
637937.0491296288
 20
4838212.862628264
  0
LWPOLYLINE
  5
6E
330
17
100
AcDbEntity
  8
ROADS
100
AcDbPolyline
 90
2
 70
0
 10
637418.6948539546
 20
4838095.84799495
 10
637506.7511589037
 20
4838124.32725262
  0
LWPOLYLINE
  5
6F
330
17
100
AcDbEntity
  8
ROADS
100
AcDbPolyline
 90
2
 70
0
 10
637506.7511589037
 20
4838124.32725262
 10
637606.9263800099
 20
4838156.401932281
  0
LWPOLYLINE
  5
70
330
17
100
AcDbEntity
  8
ROADS
100
AcDbPolyline
 90
2
 70
0
 10
637400.6905746323
 20
4838108.577601241
 10
637359.874311943
 20
4838233.822047011
  0
LWPOLYLINE
  5
71
330
17
100
AcDbEntity
  8
ROADS
100
AcDbPolyline
 90
3
 70
0
 10
637359.874311943
 20
4838233.822047011
 10
637411.3675127556
 20
4838254.366231831
 10
637425.0534971103
 20
4838176.142518711
  0
LWPOLYLINE
  5
72
330
17
100
AcDbEntity
  8
ROADS
100
AcDbPolyline
 90
2
 70
0
 10
637594.9719912482
 20
4838192.026044829
 10
637579.3305542943
 20
4838238.747503736
  0
LWPOLYLINE
  5
73
330
17
100
AcDbEntity
  8
ROADS
100
AcDbPolyline
 90
3
 70
0
 10
637835.958948965
 20
4838185.973340079
 10
637781.6400087089
 20
4838174.464381345
 10
637804.5538350557
 20
4838099.282750786
  0
LWPOLYLINE
  5
74
330
17
100
AcDbEntity
  8
ROADS
100
AcDbPolyline
 90
2
 70
0
 10
637606.9263800099
 20
4838156.401932281
 10
637672.3582265178
 20
4838176.431658087
  0
LWPOLYLINE
  5
75
330
17
100
AcDbEntity
  8
ROADS
100
AcDbPolyline
 90
2
 70
0
 10
637606.9263800099
 20
4838156.401932281
 10
637594.9719912482
 20
4838192.026044829
  0
LWPOLYLINE
  5
76
330
17
100
AcDbEntity
  8
ROADS
100
AcDbPolyline
 90
2
 70
0
 10
638065.0684679772
 20
4838081.414519647
 10
638000.4965176096
 20
4838282.618677094
  0
LWPOLYLINE
  5
77
330
17
100
AcDbEntity
  8
ROADS
100
AcDbPolyline
 90
2
 70
0
 10
637672.3582265178
 20
4838176.431658087
 10
637707.166167984
 20
4838188.004754341
  0
LWPOLYLINE
  5
78
330
17
100
AcDbEntity
  8
ROADS
100
AcDbPolyline
 90
2
 70
0
 10
637835.958948965
 20
4838185.973340079
 10
637937.0491296288
 20
4838212.862628264
  0
LWPOLYLINE
  5
79
330
17
100
AcDbEntity
  8
ROADS
100
AcDbPolyline
 90
2
 70
0
 10
637594.9719912482
 20
4838192.026044829
 10
637641.4087463219
 20
4838215.2250356795
  0
LWPOLYLINE
  5
7A
330
17
100
AcDbEntity
  8
ROADS
100
AcDbPolyline
 90
2
 70
0
 10
637835.958948965
 20
4838185.973340079
 10
637821.7771437914
 20
4838223.598879414
  0
LWPOLYLINE
  5
7B
330
17
100
AcDbEntity
  8
ROADS
100
AcDbPolyline
 90
2
 70
0
 10
637707.166167984
 20
4838188.004754341
 10
637821.7771437914
 20
4838223.598879414
  0
LWPOLYLINE
  5
7C
330
17
100
AcDbEntity
  8
ROADS
100
AcDbPolyline
 90
2
 70
0
 10
637707.166167984
 20
4838188.004754341
 10
637695.0201775094
 20
4838225.706605054
  0
LWPOLYLINE
  5
7D
330
17
100
AcDbEntity
  8
ROADS
100
AcDbPolyline
 90
2
 70
0
 10
637506.7511589037
 20
4838124.32725262
 10
637444.0572354544
 20
4838317.305271
  0
LWPOLYLINE
  5
7E
330
17
100
AcDbEntity
  8
ROADS
100
AcDbPolyline
 90
2
 70
0
 10
637273.7462919283
 20
4838262.634020315
 10
637296.8986742233
 20
4838189.951544756
  0
LWPOLYLINE
  5
7F
330
17
100
AcDbEntity
  8
ROADS
100
AcDbPolyline
 90
2
 70
0
 10
637300.075953675
 20
4838187.20235743
 10
637317.7433817438
 20
4838192.410267278
  0
LWPOLYLINE
  5
80
330
17
100
AcDbEntity
  8
ROADS
100
AcDbPolyline
 90
2
 70
0
 10
637235.1698009338
 20
4838250.539323291
 10
637273.7462919283
 20
4838262.634020315
  0
LWPOLYLINE
  5
81
330
17
100
AcDbEntity
  8
ROADS
100
AcDbPolyline
 90
2
 70
0
 10
637359.874311943
 20
4838233.822047011
 10
637343.3377126402
 20
4838285.192710334
  0
LWPOLYLINE
  5
82
330
17
100
AcDbEntity
  8
ROADS
100
AcDbPolyline
 90
2
 70
0
 10
637213.8314898406
 20
4838273.005890598
 10
637211.8467654975
 20
4838279.102036328
  0
LWPOLYLINE
  5
83
330
17
100
AcDbEntity
  8
ROADS
100
AcDbPolyline
 90
2
 70
0
 10
637273.7462919283
 20
4838262.634020315
 10
637329.3239951569
 20
4838280.792855927
  0
LWPOLYLINE
  5
84
330
17
100
AcDbEntity
  8
ROADS
100
AcDbPolyline
 90
2
 70
0
 10
637329.3239951569
 20
4838280.792855927
 10
637343.3377126402
 20
4838285.192710334
  0
LWPOLYLINE
  5
85
330
17
100
AcDbEntity
  8
ROADS
100
AcDbPolyline
 90
2
 70
0
 10
637211.8467654975
 20
4838279.102036328
 10
637286.5952215234
 20
4838303.177134613
  0
LWPOLYLINE
  5
86
330
17
100
AcDbEntity
  8
ROADS
100
AcDbPolyline
 90
4
 70
0
 10
637672.3582265178
 20
4838176.431658087
 10
637654.4931157995
 20
4838231.749212854
 10
637634.6594321075
 20
4838232.956621346
 10
637627.6996459687
 20
4838253.643674899
  0
LWPOLYLINE
  5
87
330
17
100
AcDbEntity
  8
ROADS
100
AcDbPolyline
 90
2
 70
0
 10
637695.0201775094
 20
4838225.706605054
 10
637751.9803347111
 20
4838243.851457456
  0
LWPOLYLINE
  5
88
330
17
100
AcDbEntity
  8
ROADS
100
AcDbPolyline
 90
2
 70
0
 10
637937.0491296288
 20
4838212.862628264
 10
637923.8986044718
 20
4838256.86392826
  0
LWPOLYLINE
  5
89
330
17
100
AcDbEntity
  8
ROADS
100
AcDbPolyline
 90
2
 70
0
 10
637821.7771437914
 20
4838223.598879414
 10
637809.1156253414
 20
4838262.598539643
  0
LWPOLYLINE
  5
8A
330
17
100
AcDbEntity
  8
ROADS
100
AcDbPolyline
 90
2
 70
0
 10
637579.3305542943
 20
4838238.747503736
 10
637627.6996459687
 20
4838253.643674899
  0
LWPOLYLINE
  5
8B
330
17
100
AcDbEntity
  8
ROADS
100
AcDbPolyline
 90
2
 70
0
 10
637751.9803347111
 20
4838243.851457456
 10
637809.1156253414
 20
4838262.598539643
  0
LWPOLYLINE
  5
8C
330
17
100
AcDbEntity
  8
ROADS
100
AcDbPolyline
 90
2
 70
0
 10
637923.8986044718
 20
4838256.86392826
 10
638000.4965176096
 20
4838282.618677094
  0
LWPOLYLINE
  5
8D
330
17
100
AcDbEntity
  8
ROADS
100
AcDbPolyline
 90
2
 70
0
 10
637627.6996459687
 20
4838253.643674899
 10
637615.665944974
 20
4838290.887502632
  0
LWPOLYLINE
  5
8E
330
17
100
AcDbEntity
  8
ROADS
100
AcDbPolyline
 90
2
 70
0
 10
638000.4965176096
 20
4838282.618677094
 10
638037.3571186042
 20
4838294.112411592
  0
LWPOLYLINE
  5
8F
330
17
100
AcDbEntity
  8
ROADS
100
AcDbPolyline
 90
2
 70
0
 10
637751.9803347111
 20
4838243.851457456
 10
637717.4241495061
 20
4838346.250045462
  0
LWPOLYLINE
  5
90
330
17
100
AcDbEntity
  8
ROADS
100
AcDbPolyline
 90
2
 70
0
 10
637329.3239951569
 20
4838280.792855927
 10
637322.0781955315
 20
4838304.631007269
  0
LWPOLYLINE
  5
91
330
17
100
AcDbEntity
  8
ROADS
100
AcDbPolyline
 90
2
 70
0
 10
637579.3305542943
 20
4838238.747503736
 10
637542.3603980277
 20
4838349.482154282
  0
LWPOLYLINE
  5
92
330
17
100
AcDbEntity
  8
ROADS
100
AcDbPolyline
 90
2
 70
0
 10
637211.8467654975
 20
4838279.102036328
 10
637201.1174883334
 20
4838309.52878266
  0
LWPOLYLINE
  5
93
330
17
100
AcDbEntity
  8
ROADS
100
AcDbPolyline
 90
2
 70
0
 10
637309.05655102
 20
4838300.398110148
 10
637296.8645027825
 20
4838296.468245148
  0
LWPOLYLINE
  5
94
330
17
100
AcDbEntity
  8
ROADS
100
AcDbPolyline
 90
2
 70
0
 10
637343.3377126402
 20
4838285.192710334
 10
637444.0572354544
 20
4838317.305271
  0
LWPOLYLINE
  5
95
330
17
100
AcDbEntity
  8
ROADS
100
AcDbPolyline
 90
2
 70
0
 10
637322.0781955315
 20
4838304.631007269
 10
637309.05655102
 20
4838300.398110148
  0
LWPOLYLINE
  5
96
330
17
100
AcDbEntity
  8
ROADS
100
AcDbPolyline
 90
2
 70
0
 10
637335.4678729308
 20
4838308.974571114
 10
637322.0781955315
 20
4838304.631007269
  0
LWPOLYLINE
  5
97
330
17
100
AcDbEntity
  8
ROADS
100
AcDbPolyline
 90
2
 70
0
 10
637345.8041798306
 20
4838312.327821143
 10
637335.4678729308
 20
4838308.974571114
  0
LWPOLYLINE
  5
98
330
17
100
AcDbEntity
  8
ROADS
100
AcDbPolyline
 90
4
 70
0
 10
637309.05655102
 20
4838300.398110148
 10
637305.3523529012
 20
4838318.304766237
 10
637330.1805748949
 20
4838324.1693467405
 10
637335.4678729308
 20
4838308.974571114
  0
LWPOLYLINE
  5
99
330
17
100
AcDbEntity
  8
ROADS
100
AcDbPolyline
 90
2
 70
0
 10
637201.1174883334
 20
4838309.52878266
 10
637189.0591305707
 20
4838346.975133638
  0
LWPOLYLINE
  5
9A
330
17
100
AcDbEntity
  8
ROADS
100
AcDbPolyline
 90
2
 70
0
 10
637177.8517259699
 20
4838381.276583862
 10
637149.0002914949
 20
4838409.850394115
  0
LWPOLYLINE
  5
9B
330
17
100
AcDbEntity
  8
ROADS
100
AcDbPolyline
 90
2
 70
0
 10
637168.7171840792
 20
4838411.836178782
 10
637149.0002914949
 20
4838409.850394115
  0
LWPOLYLINE
  5
9C
330
17
100
AcDbEntity
  8
ROADS
100
AcDbPolyline
 90
2
 70
0
 10
637149.0002914949
 20
4838409.850394115
 10
637122.7434954548
 20
4838456.813810815
  0
LWPOLYLINE
  5
9D
330
17
100
AcDbEntity
  8
ROADS
100
AcDbPolyline
 90
2
 70
0
 10
638037.3571186042
 20
4838294.112411592
 10
638077.7680136705
 20
4838306.714463072
  0
LWPOLYLINE
  5
9E
330
17
100
AcDbEntity
  8
ROADS
100
AcDbPolyline
 90
2
 70
0
 10
637695.0201775094
 20
4838225.706605054
 10
637644.5816254448
 20
4838381.842935401
  0
LWPOLYLINE
  5
9F
330
17
100
AcDbEntity
  8
ROADS
100
AcDbPolyline
 90
2
 70
0
 10
638037.3571186042
 20
4838294.112411592
 10
638014.1117554692
 20
4838376.340749677
  0
LWPOLYLINE
  5
A0
330
17
100
AcDbEntity
  8
ROADS
100
AcDbPolyline
 90
2
 70
0
 10
637809.1156253414
 20
4838262.598539643
 10
637759.4619149286
 20
4838418.801118925
  0
LWPOLYLINE
  5
A1
330
17
100
AcDbEntity
  8
ROADS
100
AcDbPolyline
 90
2
 70
0
 10
637923.8986044718
 20
4838256.86392826
 10
637860.0965770043
 20
4838451.188248573
  0
LWPOLYLINE
  5
A2
330
17
100
AcDbEntity
  8
ROADS
100
AcDbPolyline
 90
2
 70
0
 10
638000.4965176096
 20
4838282.618677094
 10
637937.7928998698
 20
4838475.265745744
  0
LWPOLYLINE
  5
A3
330
17
100
AcDbEntity
  8
ROADS
100
AcDbPolyline
 90
2
 70
0
 10
637644.5816254448
 20
4838381.842935401
 10
637700.1663507785
 20
4838399.6719061285
  0
LWPOLYLINE
  5
A4
330
17
100
AcDbEntity
  8
ROADS
100
AcDbPolyline
 90
2
 70
0
 10
638077.7680136705
 20
4838306.714463072
 10
638011.1524470609
 20
4838497.788670807
  0
LWPOLYLINE
  5
A5
330
17
100
AcDbEntity
  8
ROADS
100
AcDbPolyline
 90
2
 70
0
 10
637700.1663507785
 20
4838399.6719061285
 10
637759.4619149286
 20
4838418.801118925
  0
LWPOLYLINE
  5
A6
330
17
100
AcDbEntity
  8
ROADS
100
AcDbPolyline
 90
2
 70
0
 10
637681.1365189599
 20
4838460.771427878
 10
637700.1663507785
 20
4838399.6719061285
  0
LWPOLYLINE
  5
A7
330
17
100
AcDbEntity
  8
ROADS
100
AcDbPolyline
 90
2
 70
0
 10
637444.0572354544
 20
4838317.305271
 10
637542.3603980277
 20
4838349.482154282
  0
LWPOLYLINE
  5
A8
330
17
100
AcDbEntity
  8
ROADS
100
AcDbPolyline
 90
2
 70
0
 10
637189.0591305707
 20
4838346.975133638
 10
637226.6142861063
 20
4838359.929544779
  0
LWPOLYLINE
  5
A9
330
17
100
AcDbEntity
  8
ROADS
100
AcDbPolyline
 90
2
 70
0
 10
637201.1174883334
 20
4838309.52878266
 10
637482.3387928562
 20
4838400.352319657
  0
LWPOLYLINE
  5
AA
330
17
100
AcDbEntity
  8
ROADS
100
AcDbPolyline
 90
2
 70
0
 10
637189.0591305707
 20
4838346.975133638
 10
637177.8517259699
 20
4838381.276583862
  0
LWPOLYLINE
  5
AB
330
17
100
AcDbEntity
  8
ROADS
100
AcDbPolyline
 90
2
 70
0
 10
637542.3603980277
 20
4838349.482154282
 10
637644.5816254448
 20
4838381.842935401
  0
LWPOLYLINE
  5
AC
330
17
100
AcDbEntity
  8
ROADS
100
AcDbPolyline
 90
2
 70
0
 10
637482.3387928562
 20
4838400.352319657
 10
637495.9832643486
 20
4838356.716050387
  0
LWPOLYLINE
  5
AD
330
17
100
AcDbEntity
  8
ROADS
100
AcDbPolyline
 90
2
 70
0
 10
637226.6142861063
 20
4838359.929544779
 10
637214.5470893215
 20
4838397.974792031
  0
LWPOLYLINE
  5
AE
330
17
100
AcDbEntity
  8
ROADS
100
AcDbPolyline
 90
2
 70
0
 10
637542.3603980277
 20
4838349.482154282
 10
637522.7487180774
 20
4838409.5760332495
  0
LWPOLYLINE
  5
AF
330
17
100
AcDbEntity
  8
ROADS
100
AcDbPolyline
 90
2
 70
0
 10
637177.8517259699
 20
4838381.276583862
 10
637168.7171840792
 20
4838411.836178782
  0
LWPOLYLINE
  5
B0
330
17
100
AcDbEntity
  8
ROADS
100
AcDbPolyline
 90
2
 70
0
 10
637226.6142861063
 20
4838359.929544779
 10
637470.3460118038
 20
4838438.705969077
  0
LWPOLYLINE
  5
B1
330
17
100
AcDbEntity
  8
ROADS
100
AcDbPolyline
 90
2
 70
0
 10
637214.5470893215
 20
4838397.974792031
 10
637202.1850639649
 20
4838436.948789551
  0
LWPOLYLINE
  5
B2
330
17
100
AcDbEntity
  8
ROADS
100
AcDbPolyline
 90
2
 70
0
 10
637470.3460118038
 20
4838438.705969077
 10
637482.3387928562
 20
4838400.352319657
  0
LWPOLYLINE
  5
B3
330
17
100
AcDbEntity
  8
ROADS
100
AcDbPolyline
 90
3
 70
0
 10
637168.7171840792
 20
4838411.836178782
 10
637165.9725747901
 20
4838424.7387226345
 10
637202.1850639649
 20
4838436.948789551
  0
LWPOLYLINE
  5
B4
330
17
100
AcDbEntity
  8
ROADS
100
AcDbPolyline
 90
2
 70
0
 10
637522.7487180774
 20
4838409.5760332495
 10
637565.7707639758
 20
4838450.211910316
  0
LWPOLYLINE
  5
B5
330
17
100
AcDbEntity
  8
ROADS
100
AcDbPolyline
 90
2
 70
0
 10
637522.7487180774
 20
4838409.5760332495
 10
637509.1595978881
 20
4838451.368134063
  0
LWPOLYLINE
  5
B6
330
17
100
AcDbEntity
  8
ROADS
100
AcDbPolyline
 90
2
 70
0
 10
637214.5470893215
 20
4838397.974792031
 10
637458.2425267636
 20
4838476.489560809
  0
LWPOLYLINE
  5
B7
330
17
100
AcDbEntity
  8
ROADS
100
AcDbPolyline
 90
2
 70
0
 10
637470.3460118038
 20
4838438.705969077
 10
637509.1595978881
 20
4838451.368134063
  0
LWPOLYLINE
  5
B8
330
17
100
AcDbEntity
  8
ROADS
100
AcDbPolyline
 90
2
 70
0
 10
637509.1595978881
 20
4838451.368134063
 10
637565.7707639758
 20
4838450.211910316
  0
LWPOLYLINE
  5
B9
330
17
100
AcDbEntity
  8
ROADS
100
AcDbPolyline
 90
2
 70
0
 10
637470.3460118038
 20
4838438.705969077
 10
637458.2425267636
 20
4838476.489560809
  0
LWPOLYLINE
  5
BA
330
17
100
AcDbEntity
  8
ROADS
100
AcDbPolyline
 90
2
 70
0
 10
637202.1850639649
 20
4838436.948789551
 10
637444.612790057
 20
4838519.033985995
  0
LWPOLYLINE
  5
BB
330
17
100
AcDbEntity
  8
ROADS
100
AcDbPolyline
 90
2
 70
0
 10
637759.4619149286
 20
4838418.801118925
 10
637842.7909393883
 20
4838445.604731448
  0
LWPOLYLINE
  5
BC
330
17
100
AcDbEntity
  8
ROADS
100
AcDbPolyline
 90
2
 70
0
 10
637842.7909393883
 20
4838445.604731448
 10
637860.0965770043
 20
4838451.188248573
  0
LWPOLYLINE
  5
BD
330
17
100
AcDbEntity
  8
ROADS
100
AcDbPolyline
 90
2
 70
0
 10
637860.0965770043
 20
4838451.188248573
 10
637937.7928998698
 20
4838475.265745744
  0
LWPOLYLINE
  5
BE
330
17
100
AcDbEntity
  8
ROADS
100
AcDbPolyline
 90
2
 70
0
 10
637842.7909393883
 20
4838445.604731448
 10
637823.6253012252
 20
4838506.0837624
  0
LWPOLYLINE
  5
BF
330
17
100
AcDbEntity
  8
ROADS
100
AcDbPolyline
 90
2
 70
0
 10
637565.7707639758
 20
4838450.211910316
 10
637665.2918284165
 20
4838502.3892351
  0
LWPOLYLINE
  5
C0
330
17
100
AcDbEntity
  8
ROADS
100
AcDbPolyline
 90
2
 70
0
 10
637665.2918284165
 20
4838502.3892351
 10
637681.1365189599
 20
4838460.771427878
  0
LWPOLYLINE
  5
C1
330
17
100
AcDbEntity
  8
ROADS
100
AcDbPolyline
 90
2
 70
0
 10
637681.1365189599
 20
4838460.771427878
 10
637823.6253012252
 20
4838506.0837624
  0
LWPOLYLINE
  5
C2
330
17
100
AcDbEntity
  8
ROADS
100
AcDbPolyline
 90
2
 70
0
 10
637937.7928998698
 20
4838475.265745744
 10
638011.1524470609
 20
4838497.788670807
  0
LWPOLYLINE
  5
C3
330
17
100
AcDbEntity
  8
ROADS
100
AcDbPolyline
 90
2
 70
0
 10
637665.2918284165
 20
4838502.3892351
 10
637713.5536003114
 20
4838514.178717006
  0
LWPOLYLINE
  5
C4
330
17
100
AcDbEntity
  8
ROADS
100
AcDbPolyline
 90
2
 70
0
 10
638011.1524470609
 20
4838497.788670807
 10
638093.50931802
 20
4838525.455820882
  0
LWPOLYLINE
  5
C5
330
17
100
AcDbEntity
  8
ROADS
100
AcDbPolyline
 90
2
 70
0
 10
638884.7273400875
 20
4838312.068467083
 10
638958.8832740815
 20
4838379.870213725
  0
LWPOLYLINE
  5
C6
330
17
100
AcDbEntity
  8
ROADS
100
AcDbPolyline
 90
2
 70
0
 10
638884.7273400875
 20
4838312.068467083
 10
638852.0553936497
 20
4838407.655814912
  0
LWPOLYLINE
  5
C7
330
17
100
AcDbEntity
  8
ROADS
100
AcDbPolyline
 90
2
 70
0
 10
638682.3635957679
 20
4838351.116318252
 10
638766.410174887
 20
4838380.394200362
  0
LWPOLYLINE
  5
C8
330
17
100
AcDbEntity
  8
ROADS
100
AcDbPolyline
 90
2
 70
0
 10
638616.8679383501
 20
4838330.567797242
 10
638656.0513185017
 20
4838407.167825765
  0
LWPOLYLINE
  5
C9
330
17
100
AcDbEntity
  8
ROADS
100
AcDbPolyline
 90
2
 70
0
 10
638682.3635957679
 20
4838351.116318252
 10
638656.0513185017
 20
4838407.167825765
  0
LWPOLYLINE
  5
CA
330
17
100
AcDbEntity
  8
ROADS
100
AcDbPolyline
 90
2
 70
0
 10
638766.410174887
 20
4838380.394200362
 10
638852.0553936497
 20
4838407.655814912
  0
LWPOLYLINE
  5
CB
330
17
100
AcDbEntity
  8
ROADS
100
AcDbPolyline
 90
2
 70
0
 10
639079.1770942635
 20
4838378.812741074
 10
639140.5851830265
 20
4838440.180353761
  0
LWPOLYLINE
  5
CC
330
17
100
AcDbEntity
  8
ROADS
100
AcDbPolyline
 90
4
 70
0
 10
638525.7327742785
 20
4838357.46311619
 10
638500.0809200514
 20
4838455.350544132
 10
638628.5444578417
 20
4838477.952134335
 10
638695.4171632808
 20
4838506.577368116
  0
LWPOLYLINE
  5
CD
330
17
100
AcDbEntity
  8
ROADS
100
AcDbPolyline
 90
3
 70
0
 10
638766.410174887
 20
4838380.394200362
 10
638728.9053804546
 20
4838499.8323981175
 10
638703.1681981974
 20
4838525.028332679
  0
LWPOLYLINE
  5
CE
330
17
100
AcDbEntity
  8
ROADS
100
AcDbPolyline
 90
2
 70
0
 10
638656.0513185017
 20
4838407.167825765
 10
638695.4171632808
 20
4838506.577368116
  0
LWPOLYLINE
  5
CF
330
17
100
AcDbEntity
  8
ROADS
100
AcDbPolyline
 90
2
 70
0
 10
639532.9407072527
 20
4838351.4319424955
 10
639531.0295035855
 20
4838356.303700028
  0
LWPOLYLINE
  5
D0
330
17
100
AcDbEntity
  8
ROADS
100
AcDbPolyline
 90
2
 70
0
 10
639531.0295035855
 20
4838356.303700028
 10
639551.0342229828
 20
4838362.549383823
  0
LWPOLYLINE
  5
D1
330
17
100
AcDbEntity
  8
ROADS
100
AcDbPolyline
 90
2
 70
0
 10
639394.2026928953
 20
4838276.81988941
 10
639308.495562637
 20
4838544.184405465
  0
LWPOLYLINE
  5
D2
330
17
100
AcDbEntity
  8
ROADS
100
AcDbPolyline
 90
2
 70
0
 10
639379.8123023472
 20
4838562.334055736
 10
639460.938630141
 20
4838310.196825641
  0
LWPOLYLINE
  5
D3
330
17
100
AcDbEntity
  8
ROADS
100
AcDbPolyline
 90
2
 70
0
 10
639531.0295035855
 20
4838356.303700028
 10
639459.4588654985
 20
4838582.1430347385
  0
LWPOLYLINE
  5
D4
330
17
100
AcDbEntity
  8
ROADS
100
AcDbPolyline
 90
2
 70
0
 10
639140.5851830265
 20
4838440.180353761
 10
639204.7900069008
 20
4838504.065817708
  0
LWPOLYLINE
  5
D5
330
17
100
AcDbEntity
  8
ROADS
100
AcDbPolyline
 90
2
 70
0
 10
639604.5715308338
 20
4838396.637260889
 10
639536.718644371
 20
4838608.120463277
  0
LWPOLYLINE
  5
D6
330
17
100
AcDbEntity
  8
ROADS
100
AcDbPolyline
 90
2
 70
0
 10
638116.1893269338
 20
4838319.725572942
 10
638100.5912369586
 20
4838374.553648937
  0
LWPOLYLINE
  5
D7
330
17
100
AcDbEntity
  8
ROADS
100
AcDbPolyline
 90
2
 70
0
 10
638476.317476463
 20
4838349.91967359
 10
638525.7327742785
 20
4838357.46311619
  0
LWPOLYLINE
  5
D8
330
17
100
AcDbEntity
  8
ROADS
100
AcDbPolyline
 90
2
 70
0
 10
638155.2885976323
 20
4838332.963968698
 10
638358.2987220928
 20
4838418.2317042565
  0
LWPOLYLINE
  5
D9
330
17
100
AcDbEntity
  8
ROADS
100
AcDbPolyline
 90
2
 70
0
 10
638385.2195312112
 20
4838336.552810362
 10
638358.2987220928
 20
4838418.2317042565
  0
LWPOLYLINE
  5
DA
330
17
100
AcDbEntity
  8
ROADS
100
AcDbPolyline
 90
2
 70
0
 10
638155.2885976323
 20
4838332.963968698
 10
638121.6696422582
 20
4838436.6227415055
  0
LWPOLYLINE
  5
DB
330
17
100
AcDbEntity
  8
ROADS
100
AcDbPolyline
 90
2
 70
0
 10
638358.2987220928
 20
4838418.2317042565
 10
638330.6435994406
 20
4838504.622752766
  0
LWPOLYLINE
  5
DC
330
17
100
AcDbEntity
  8
ROADS
100
AcDbPolyline
 90
2
 70
0
 10
638121.6696422582
 20
4838436.6227415055
 10
638330.6435994406
 20
4838504.622752766
  0
LWPOLYLINE
  5
DD
330
17
100
AcDbEntity
  8
ROADS
100
AcDbPolyline
 90
2
 70
0
 10
638121.6696422582
 20
4838436.6227415055
 10
638093.50931802
 20
4838525.455820882
  0
LWPOLYLINE
  5
DE
330
17
100
AcDbEntity
  8
ROADS
100
AcDbPolyline
 90
2
 70
0
 10
638330.6435994406
 20
4838504.622752766
 10
638302.9879185611
 20
4838593.0339693865
  0
LWPOLYLINE
  5
DF
330
17
100
AcDbEntity
  8
ROADS
100
AcDbPolyline
 90
2
 70
0
 10
638507.2130091565
 20
4838550.869677963
 10
638581.2360854916
 20
4838560.767445723
  0
LWPOLYLINE
  5
E0
330
17
100
AcDbEntity
  8
ROADS
100
AcDbPolyline
 90
3
 70
0
 10
639718.3208291931
 20
4838475.92146882
 10
639747.2686046335
 20
4838505.220372914
 10
639737.9781490706
 20
4838603.887146869
  0
LWPOLYLINE
  5
E1
330
17
100
AcDbEntity
  8
ROADS
100
AcDbPolyline
 90
2
 70
0
 10
639281.7922106938
 20
4838518.293899305
 10
639308.495562637
 20
4838544.184405465
  0
LWPOLYLINE
  5
E2
330
17
100
AcDbEntity
  8
ROADS
100
AcDbPolyline
 90
2
 70
0
 10
639680.1418079525
 20
4838448.433591109
 10
639625.8845732874
 20
4838631.446483877
  0
LWPOLYLINE
  5
E3
330
17
100
AcDbEntity
  8
ROADS
100
AcDbPolyline
 90
2
 70
0
 10
639204.7900069008
 20
4838504.065817708
 10
639178.4732801588
 20
4838586.345883443
  0
LWPOLYLINE
  5
E4
330
17
100
AcDbEntity
  8
ROADS
100
AcDbPolyline
 90
2
 70
0
 10
639204.7900069008
 20
4838504.065817708
 10
639294.035059772
 20
4838589.637322801
  0
LWPOLYLINE
  5
E5
330
17
100
AcDbEntity
  8
ROADS
100
AcDbPolyline
 90
2
 70
0
 10
639308.495562637
 20
4838544.184405465
 10
639294.035059772
 20
4838589.637322801
  0
LWPOLYLINE
  5
E6
330
17
100
AcDbEntity
  8
ROADS
100
AcDbPolyline
 90
2
 70
0
 10
639308.495562637
 20
4838544.184405465
 10
639368.5097501166
 20
4838599.347269353
  0
LWPOLYLINE
  5
E7
330
17
100
AcDbEntity
  8
ROADS
100
AcDbPolyline
 90
2
 70
0
 10
639379.8123023472
 20
4838562.334055736
 10
639459.4588654985
 20
4838582.1430347385
  0
LWPOLYLINE
  5
E8
330
17
100
AcDbEntity
  8
ROADS
100
AcDbPolyline
 90
2
 70
0
 10
639379.8123023472
 20
4838562.334055736
 10
639368.5097501166
 20
4838599.347269353
  0
LWPOLYLINE
  5
E9
330
17
100
AcDbEntity
  8
ROADS
100
AcDbPolyline
 90
2
 70
0
 10
639459.4588654985
 20
4838582.1430347385
 10
639536.718644371
 20
4838608.120463277
  0
LWPOLYLINE
  5
EA
330
17
100
AcDbEntity
  8
ROADS
100
AcDbPolyline
 90
2
 70
0
 10
639737.9781490706
 20
4838603.887146869
 10
639778.093092396
 20
4838616.163911266
  0
LWPOLYLINE
  5
EB
330
17
100
AcDbEntity
  8
ROADS
100
AcDbPolyline
 90
2
 70
0
 10
639294.035059772
 20
4838589.637322801
 10
639353.5443309699
 20
4838646.506227854
  0
LWPOLYLINE
  5
EC
330
17
100
AcDbEntity
  8
ROADS
100
AcDbPolyline
 90
2
 70
0
 10
639536.718644371
 20
4838608.120463277
 10
639625.8845732874
 20
4838631.446483877
  0
LWPOLYLINE
  5
ED
330
17
100
AcDbEntity
  8
ROADS
100
AcDbPolyline
 90
2
 70
0
 10
639368.5097501166
 20
4838599.347269353
 10
639353.5443309699
 20
4838646.506227854
  0
LWPOLYLINE
  5
EE
330
17
100
AcDbEntity
  8
ROADS
100
AcDbPolyline
 90
2
 70
0
 10
639178.4732801588
 20
4838586.345883443
 10
639151.9807402218
 20
4838666.291528777
  0
LWPOLYLINE
  5
EF
330
17
100
AcDbEntity
  8
ROADS
100
AcDbPolyline
 90
2
 70
0
 10
639536.718644371
 20
4838608.120463277
 10
639515.4335631052
 20
4838664.459048976
  0
LWPOLYLINE
  5
F0
330
17
100
AcDbEntity
  8
ROADS
100
AcDbPolyline
 90
2
 70
0
 10
639737.9781490706
 20
4838603.887146869
 10
639708.6385114905
 20
4838699.909025702
  0
LWPOLYLINE
  5
F1
330
17
100
AcDbEntity
  8
ROADS
100
AcDbPolyline
 90
2
 70
0
 10
639178.4732801588
 20
4838586.345883443
 10
639326.2564783666
 20
4838728.066684185
  0
LWPOLYLINE
  5
F2
330
17
100
AcDbEntity
  8
ROADS
100
AcDbPolyline
 90
2
 70
0
 10
639625.8845732874
 20
4838631.446483877
 10
639609.5233167026
 20
4838685.664929838
  0
LWPOLYLINE
  5
F3
330
17
100
AcDbEntity
  8
ROADS
100
AcDbPolyline
 90
2
 70
0
 10
639353.5443309699
 20
4838646.506227854
 10
639326.2564783666
 20
4838728.066684185
  0
LWPOLYLINE
  5
F4
330
17
100
AcDbEntity
  8
ROADS
100
AcDbPolyline
 90
2
 70
0
 10
638695.4171632808
 20
4838506.577368116
 10
638703.1681981974
 20
4838525.028332679
  0
LWPOLYLINE
  5
F5
330
17
100
AcDbEntity
  8
ROADS
100
AcDbPolyline
 90
2
 70
0
 10
638958.8832740815
 20
4838379.870213725
 10
638859.0193002085
 20
4838684.645563265
  0
LWPOLYLINE
  5
F6
330
17
100
AcDbEntity
  8
ROADS
100
AcDbPolyline
 90
3
 70
0
 10
638852.0553936497
 20
4838407.655814912
 10
638810.5510596405
 20
4838543.854322134
 10
638859.0193002085
 20
4838684.645563265
  0
LWPOLYLINE
  5
F7
330
17
100
AcDbEntity
  8
ROADS
100
AcDbPolyline
 90
3
 70
0
 10
638581.2360854916
 20
4838560.767445723
 10
638612.2856299453
 20
4838569.637875845
 10
638644.2920671655
 20
4838604.229086582
  0
LWPOLYLINE
  5
F8
330
17
100
AcDbEntity
  8
ROADS
100
AcDbPolyline
 90
3
 70
0
 10
639140.5851830265
 20
4838440.180353761
 10
639044.5373379714
 20
4838743.525735134
 10
639101.1274119692
 20
4838770.806941913
  0
LWPOLYLINE
  5
F9
330
17
100
AcDbEntity
  8
ROADS
100
AcDbPolyline
 90
2
 70
0
 10
638703.1681981974
 20
4838525.028332679
 10
638775.0313679948
 20
4838748.32762901
  0
LWPOLYLINE
  5
FA
330
17
100
AcDbEntity
  8
ROADS
100
AcDbPolyline
 90
2
 70
0
 10
639079.1770942635
 20
4838378.812741074
 10
638891.9202609777
 20
4838960.265835736
  0
LWPOLYLINE
  5
FB
330
17
100
AcDbEntity
  8
ROADS
100
AcDbPolyline
 90
2
 70
0
 10
638560.6529628462
 20
4838675.169135702
 10
638775.0313679948
 20
4838748.32762901
  0
LWPOLYLINE
  5
FC
330
17
100
AcDbEntity
  8
ROADS
100
AcDbPolyline
 90
2
 70
0
 10
639151.9807402218
 20
4838666.291528777
 10
639101.1274119692
 20
4838770.806941913
  0
LWPOLYLINE
  5
FD
330
17
100
AcDbEntity
  8
ROADS
100
AcDbPolyline
 90
3
 70
0
 10
638859.0193002085
 20
4838684.645563265
 10
638880.0363305081
 20
4838748.503878593
 10
638794.6454546805
 20
4838794.288828895
  0
LWPOLYLINE
  5
FE
330
17
100
AcDbEntity
  8
ROADS
100
AcDbPolyline
 90
2
 70
0
 10
638093.50931802
 20
4838525.455820882
 10
638302.9879185611
 20
4838593.0339693865
  0
LWPOLYLINE
  5
FF
330
17
100
AcDbEntity
  8
ROADS
100
AcDbPolyline
 90
3
 70
0
 10
638390.7195799262
 20
4838620.993406019
 10
638427.8850214302
 20
4838520.759037502
 10
638507.2130091565
 20
4838550.869677963
  0
LWPOLYLINE
  5
100
330
17
100
AcDbEntity
  8
ROADS
100
AcDbPolyline
 90
2
 70
0
 10
638093.50931802
 20
4838525.455820882
 10
638056.6533223179
 20
4838640.210055704
  0
LWPOLYLINE
  5
101
330
17
100
AcDbEntity
  8
ROADS
100
AcDbPolyline
 90
2
 70
0
 10
638507.2130091565
 20
4838550.869677963
 10
638479.9031587918
 20
4838631.992495614
  0
LWPOLYLINE
  5
102
330
17
100
AcDbEntity
  8
ROADS
100
AcDbPolyline
 90
2
 70
0
 10
638302.9879185611
 20
4838593.0339693865
 10
638390.7195799262
 20
4838620.993406019
  0
LWPOLYLINE
  5
103
330
17
100
AcDbEntity
  8
ROADS
100
AcDbPolyline
 90
2
 70
0
 10
638581.2360854916
 20
4838560.767445723
 10
638560.6529628462
 20
4838675.169135702
  0
LWPOLYLINE
  5
104
330
17
100
AcDbEntity
  8
ROADS
100
AcDbPolyline
 90
2
 70
0
 10
638390.7195799262
 20
4838620.993406019
 10
638560.6529628462
 20
4838675.169135702
  0
LWPOLYLINE
  5
105
330
17
100
AcDbEntity
  8
ROADS
100
AcDbPolyline
 90
2
 70
0
 10
638056.6533223179
 20
4838640.210055704
 10
638260.941903374
 20
4838728.437358464
  0
LWPOLYLINE
  5
106
330
17
100
AcDbEntity
  8
ROADS
100
AcDbPolyline
 90
3
 70
0
 10
638026.6526475374
 20
4838734.247305729
 10
638230.0711323329
 20
4838799.528743352
 10
638260.941903374
 20
4838728.437358464
  0
LWPOLYLINE
  5
107
330
17
100
AcDbEntity
  8
ROADS
100
AcDbPolyline
 90
4
 70
0
 10
638260.941903374
 20
4838728.437358464
 10
638438.064514594
 20
4838787.388611878
 10
638465.5013722756
 20
4838823.478317863
 10
638471.8045996303
 20
4838890.064692785
  0
LWPOLYLINE
  5
108
330
17
100
AcDbEntity
  8
ROADS
100
AcDbPolyline
 90
2
 70
0
 10
639609.5233167026
 20
4838685.664929838
 10
639703.7035973105
 20
4838715.026269138
  0
LWPOLYLINE
  5
109
330
17
100
AcDbEntity
  8
ROADS
100
AcDbPolyline
 90
2
 70
0
 10
639151.9807402218
 20
4838666.291528777
 10
639225.5100427913
 20
4838736.833341878
  0
LWPOLYLINE
  5
10A
330
17
100
AcDbEntity
  8
ROADS
100
AcDbPolyline
 90
2
 70
0
 10
639708.6385114905
 20
4838699.909025702
 10
639703.7035973105
 20
4838715.026269138
  0
LWPOLYLINE
  5
10B
330
17
100
AcDbEntity
  8
ROADS
100
AcDbPolyline
 90
5
 70
0
 10
639515.4335631052
 20
4838664.459048976
 10
639546.5520314164
 20
4838701.646556427
 10
639527.1707733243
 20
4838752.36501771
 10
639491.567586362
 20
4838725.587419561
 10
639515.4335631052
 20
4838664.459048976
  0
LWPOLYLINE
  5
10C
330
17
100
AcDbEntity
  8
ROADS
100
AcDbPolyline
 90
2
 70
0
 10
639353.5443309699
 20
4838646.506227854
 10
639488.1694603179
 20
4838776.440973451
  0
LWPOLYLINE
  5
10D
330
17
100
AcDbEntity
  8
ROADS
100
AcDbPolyline
 90
2
 70
0
 10
639708.6385114905
 20
4838699.909025702
 10
639810.1697141705
 20
4838729.261332276
  0
LWPOLYLINE
  5
10E
330
17
100
AcDbEntity
  8
ROADS
100
AcDbPolyline
 90
2
 70
0
 10
639703.7035973105
 20
4838715.026269138
 10
639690.6946816212
 20
4838758.296271497
  0
LWPOLYLINE
  5
10F
330
17
100
AcDbEntity
  8
ROADS
100
AcDbPolyline
 90
2
 70
0
 10
639609.5233167026
 20
4838685.664929838
 10
639575.8954228892
 20
4838794.282448362
  0
LWPOLYLINE
  5
110
330
17
100
AcDbEntity
  8
ROADS
100
AcDbPolyline
 90
2
 70
0
 10
639690.6946816212
 20
4838758.296271497
 10
639738.013549702
 20
4838772.219514491
  0
LWPOLYLINE
  5
111
330
17
100
AcDbEntity
  8
ROADS
100
AcDbPolyline
 90
2
 70
0
 10
639326.2564783666
 20
4838728.066684185
 10
639299.3625503774
 20
4838808.416133785
  0
LWPOLYLINE
  5
112
330
17
100
AcDbEntity
  8
ROADS
100
AcDbPolyline
 90
2
 70
0
 10
639225.5100427913
 20
4838736.833341878
 10
639299.3625503774
 20
4838808.416133785
  0
LWPOLYLINE
  5
113
330
17
100
AcDbEntity
  8
ROADS
100
AcDbPolyline
 90
2
 70
0
 10
639534.693072564
 20
4838760.903917333
 10
639575.8954228892
 20
4838794.282448362
  0
LWPOLYLINE
  5
114
330
17
100
AcDbEntity
  8
ROADS
100
AcDbPolyline
 90
3
 70
0
 10
639225.5100427913
 20
4838736.833341878
 10
639196.1277733669
 20
4838830.955105777
 10
639177.7664346319
 20
4838846.244492624
  0
LWPOLYLINE
  5
115
330
17
100
AcDbEntity
  8
ROADS
100
AcDbPolyline
 90
2
 70
0
 10
639488.1694603179
 20
4838776.440973451
 10
639560.267628351
 20
4838844.773776645
  0
LWPOLYLINE
  5
116
330
17
100
AcDbEntity
  8
ROADS
100
AcDbPolyline
 90
2
 70
0
 10
639690.6946816212
 20
4838758.296271497
 10
639658.4780796792
 20
4838865.466192526
  0
LWPOLYLINE
  5
117
330
17
100
AcDbEntity
  8
ROADS
100
AcDbPolyline
 90
2
 70
0
 10
639488.1694603179
 20
4838776.440973451
 10
639459.8878887014
 20
4838859.415618145
  0
LWPOLYLINE
  5
118
330
17
100
AcDbEntity
  8
ROADS
100
AcDbPolyline
 90
2
 70
0
 10
639575.8954228892
 20
4838794.282448362
 10
639560.267628351
 20
4838844.773776645
  0
LWPOLYLINE
  5
119
330
17
100
AcDbEntity
  8
ROADS
100
AcDbPolyline
 90
2
 70
0
 10
639299.3625503774
 20
4838808.416133785
 10
639381.705507288
 20
4838835.127115894
  0
LWPOLYLINE
  5
11A
330
17
100
AcDbEntity
  8
ROADS
100
AcDbPolyline
 90
2
 70
0
 10
639575.8954228892
 20
4838794.282448362
 10
639658.4780796792
 20
4838865.466192526
  0
LWPOLYLINE
  5
11B
330
17
100
AcDbEntity
  8
ROADS
100
AcDbPolyline
 90
2
 70
0
 10
639381.705507288
 20
4838835.127115894
 10
639459.8878887014
 20
4838859.415618145
  0
LWPOLYLINE
  5
11C
330
17
100
AcDbEntity
  8
ROADS
100
AcDbPolyline
 90
2
 70
0
 10
639810.1697141705
 20
4838729.261332276
 10
639733.6692404851
 20
4838984.127995132
  0
LWPOLYLINE
  5
11D
330
17
100
AcDbEntity
  8
ROADS
100
AcDbPolyline
 90
2
 70
0
 10
639560.267628351
 20
4838844.773776645
 10
639587.7120197369
 20
4838868.84155339
  0
LWPOLYLINE
  5
11E
330
17
100
AcDbEntity
  8
ROADS
100
AcDbPolyline
 90
2
 70
0
 10
639299.3625503774
 20
4838808.416133785
 10
639268.2386553972
 20
4838906.652814031
  0
LWPOLYLINE
  5
11F
330
17
100
AcDbEntity
  8
ROADS
100
AcDbPolyline
 90
2
 70
0
 10
639177.7664346319
 20
4838846.244492624
 10
639268.2386553972
 20
4838906.652814031
  0
LWPOLYLINE
  5
120
330
17
100
AcDbEntity
  8
ROADS
100
AcDbPolyline
 90
2
 70
0
 10
639658.4780796792
 20
4838865.466192526
 10
639699.5861326322
 20
4838893.774539707
  0
LWPOLYLINE
  5
121
330
17
100
AcDbEntity
  8
ROADS
100
AcDbPolyline
 90
2
 70
0
 10
639177.7664346319
 20
4838846.244492624
 10
639141.3425993343
 20
4838932.45209627
  0
LWPOLYLINE
  5
122
330
17
100
AcDbEntity
  8
ROADS
100
AcDbPolyline
 90
2
 70
0
 10
639658.4780796792
 20
4838865.466192526
 10
639646.6530374913
 20
4838915.217239184
  0
LWPOLYLINE
  5
123
330
17
100
AcDbEntity
  8
ROADS
100
AcDbPolyline
 90
2
 70
0
 10
639587.7120197369
 20
4838868.84155339
 10
639646.6530374913
 20
4838915.217239184
  0
LWPOLYLINE
  5
124
330
17
100
AcDbEntity
  8
ROADS
100
AcDbPolyline
 90
2
 70
0
 10
639381.705507288
 20
4838835.127115894
 10
639315.2833139765
 20
4839040.2768474575
  0
LWPOLYLINE
  5
125
330
17
100
AcDbEntity
  8
ROADS
100
AcDbPolyline
 90
2
 70
0
 10
639268.2386553972
 20
4838906.652814031
 10
639248.3121943747
 20
4838968.93349253
  0
LWPOLYLINE
  5
126
330
17
100
AcDbEntity
  8
ROADS
100
AcDbPolyline
 90
2
 70
0
 10
637246.7688434811
 20
4838582.157993989
 10
637056.2049810007
 20
4838515.486213544
  0
LWPOLYLINE
  5
127
330
17
100
AcDbEntity
  8
ROADS
100
AcDbPolyline
 90
2
 70
0
 10
637713.5536003114
 20
4838514.178717006
 10
637761.3971834073
 20
4838529.432462465
  0
LWPOLYLINE
  5
128
330
17
100
AcDbEntity
  8
ROADS
100
AcDbPolyline
 90
2
 70
0
 10
637823.6253012252
 20
4838506.0837624
 10
637811.8845270181
 20
4838545.598113965
  0
LWPOLYLINE
  5
129
330
17
100
AcDbEntity
  8
ROADS
100
AcDbPolyline
 90
3
 70
0
 10
638011.1524470609
 20
4838497.788670807
 10
637986.6126581134
 20
4838558.4405457955
 10
637823.6253012252
 20
4838506.0837624
  0
LWPOLYLINE
  5
12A
330
17
100
AcDbEntity
  8
ROADS
100
AcDbPolyline
 90
2
 70
0
 10
637761.3971834073
 20
4838529.432462465
 10
637811.8845270181
 20
4838545.598113965
  0
LWPOLYLINE
  5
12B
330
17
100
AcDbEntity
  8
ROADS
100
AcDbPolyline
 90
2
 70
0
 10
637633.4188802297
 20
4838585.461002696
 10
637665.2918284165
 20
4838502.3892351
  0
LWPOLYLINE
  5
12C
330
17
100
AcDbEntity
  8
ROADS
100
AcDbPolyline
 90
2
 70
0
 10
637811.8845270181
 20
4838545.598113965
 10
637806.9021471769
 20
4838561.074448969
  0
LWPOLYLINE
  5
12D
330
17
100
AcDbEntity
  8
ROADS
100
AcDbPolyline
 90
2
 70
0
 10
637713.5536003114
 20
4838514.178717006
 10
637686.7346016327
 20
4838603.111951316
  0
LWPOLYLINE
  5
12E
330
17
100
AcDbEntity
  8
ROADS
100
AcDbPolyline
 90
2
 70
0
 10
637761.3971834073
 20
4838529.432462465
 10
637732.3119495519
 20
4838618.200704118
  0
LWPOLYLINE
  5
12F
330
17
100
AcDbEntity
  8
ROADS
100
AcDbPolyline
 90
2
 70
0
 10
637633.4188802297
 20
4838585.461002696
 10
637686.7346016327
 20
4838603.111951316
  0
LWPOLYLINE
  5
130
330
17
100
AcDbEntity
  8
ROADS
100
AcDbPolyline
 90
3
 70
0
 10
637732.3119495519
 20
4838618.200704118
 10
637783.0926574252
 20
4838635.010733986
 10
637806.9021471769
 20
4838561.074448969
  0
LWPOLYLINE
  5
131
330
17
100
AcDbEntity
  8
ROADS
100
AcDbPolyline
 90
2
 70
0
 10
637509.1595978881
 20
4838451.368134063
 10
637482.5106670128
 20
4838533.333749145
  0
LWPOLYLINE
  5
132
330
17
100
AcDbEntity
  8
ROADS
100
AcDbPolyline
 90
2
 70
0
 10
637458.2425267636
 20
4838476.489560809
 10
637444.612790057
 20
4838519.033985995
  0
LWPOLYLINE
  5
133
330
17
100
AcDbEntity
  8
ROADS
100
AcDbPolyline
 90
2
 70
0
 10
637444.612790057
 20
4838519.033985995
 10
637482.5106670128
 20
4838533.333749145
  0
LWPOLYLINE
  5
134
330
17
100
AcDbEntity
  8
ROADS
100
AcDbPolyline
 90
2
 70
0
 10
637482.5106670128
 20
4838533.333749145
 10
637633.4188802297
 20
4838585.461002696
  0
LWPOLYLINE
  5
135
330
17
100
AcDbEntity
  8
ROADS
100
AcDbPolyline
 90
2
 70
0
 10
637246.7688434811
 20
4838582.157993989
 10
637243.1656138522
 20
4838566.3948742915
  0
LWPOLYLINE
  5
136
330
17
100
AcDbEntity
  8
ROADS
100
AcDbPolyline
 90
4
 70
0
 10
637482.5106670128
 20
4838533.333749145
 10
637471.1814944322
 20
4838568.173071
 10
637622.3806553632
 20
4838619.419518902
 10
637633.4188802297
 20
4838585.461002696
  0
LWPOLYLINE
  5
137
330
17
100
AcDbEntity
  8
ROADS
100
AcDbPolyline
 90
2
 70
0
 10
637371.3533161413
 20
4838642.58938911
 10
637365.5717600381
 20
4838660.559477973
  0
LWPOLYLINE
  5
138
330
17
100
AcDbEntity
  8
ROADS
100
AcDbPolyline
 90
2
 70
0
 10
637246.7688434811
 20
4838582.157993989
 10
637261.2097161562
 20
4838723.003639106
  0
LWPOLYLINE
  5
139
330
17
100
AcDbEntity
  8
ROADS
100
AcDbPolyline
 90
3
 70
0
 10
637461.4520959428
 20
4838672.862793133
 10
637416.8446240809
 20
4838657.898597996
 10
637411.0472639224
 20
4838675.802397079
  0
LWPOLYLINE
  5
13A
330
17
100
AcDbEntity
  8
ROADS
100
AcDbPolyline
 90
2
 70
0
 10
637365.5717600381
 20
4838660.559477973
 10
637411.0472639224
 20
4838675.802397079
  0
LWPOLYLINE
  5
13B
330
17
100
AcDbEntity
  8
ROADS
100
AcDbPolyline
 90
2
 70
0
 10
637228.42370495
 20
4838593.406725623
 10
637177.5913618705
 20
4838744.8242300935
  0
LWPOLYLINE
  5
13C
330
17
100
AcDbEntity
  8
ROADS
100
AcDbPolyline
 90
2
 70
0
 10
637461.4520959428
 20
4838672.862793133
 10
637507.0865538649
 20
4838688.662644684
  0
LWPOLYLINE
  5
13D
330
17
100
AcDbEntity
  8
ROADS
100
AcDbPolyline
 90
2
 70
0
 10
637507.0865538649
 20
4838688.662644684
 10
637552.2111792574
 20
4838702.958139399
  0
LWPOLYLINE
  5
13E
330
17
100
AcDbEntity
  8
ROADS
100
AcDbPolyline
 90
2
 70
0
 10
637365.5717600381
 20
4838660.559477973
 10
637336.7181593117
 20
4838750.371889662
  0
LWPOLYLINE
  5
13F
330
17
100
AcDbEntity
  8
ROADS
100
AcDbPolyline
 90
2
 70
0
 10
637411.0472639224
 20
4838675.802397079
 10
637381.2603641491
 20
4838768.031162155
  0
LWPOLYLINE
  5
140
330
17
100
AcDbEntity
  8
ROADS
100
AcDbPolyline
 90
2
 70
0
 10
637461.4520959428
 20
4838672.862793133
 10
637426.1738630527
 20
4838782.994905609
  0
LWPOLYLINE
  5
141
330
17
100
AcDbEntity
  8
ROADS
100
AcDbPolyline
 90
2
 70
0
 10
637261.2097161562
 20
4838723.003639106
 10
637336.7181593117
 20
4838750.371889662
  0
LWPOLYLINE
  5
142
330
17
100
AcDbEntity
  8
ROADS
100
AcDbPolyline
 90
3
 70
0
 10
637507.0865538649
 20
4838688.662644684
 10
637479.6784283828
 20
4838772.898720022
 10
637524.3782518243
 20
4838787.346555627
  0
LWPOLYLINE
  5
143
330
17
100
AcDbEntity
  8
ROADS
100
AcDbPolyline
 90
2
 70
0
 10
637552.2111792574
 20
4838702.958139399
 10
637524.3782518243
 20
4838787.346555627
  0
LWPOLYLINE
  5
144
330
17
100
AcDbEntity
  8
ROADS
100
AcDbPolyline
 90
2
 70
0
 10
637261.2097161562
 20
4838723.003639106
 10
637264.80614405
 20
4838774.692444205
  0
LWPOLYLINE
  5
145
330
17
100
AcDbEntity
  8
ROADS
100
AcDbPolyline
 90
2
 70
0
 10
636993.4350280795
 20
4838683.366160348
 10
637177.5913618705
 20
4838744.8242300935
  0
LWPOLYLINE
  5
146
330
17
100
AcDbEntity
  8
ROADS
100
AcDbPolyline
 90
2
 70
0
 10
637806.9021471769
 20
4838561.074448969
 10
638056.6533223179
 20
4838640.210055704
  0
LWPOLYLINE
  5
147
330
17
100
AcDbEntity
  8
ROADS
100
AcDbPolyline
 90
2
 70
0
 10
637686.7346016327
 20
4838603.111951316
 10
637732.3119495519
 20
4838618.200704118
  0
LWPOLYLINE
  5
148
330
17
100
AcDbEntity
  8
ROADS
100
AcDbPolyline
 90
2
 70
0
 10
638056.6533223179
 20
4838640.210055704
 10
638026.6526475374
 20
4838734.247305729
  0
LWPOLYLINE
  5
149
330
17
100
AcDbEntity
  8
ROADS
100
AcDbPolyline
 90
2
 70
0
 10
638026.6526475374
 20
4838734.247305729
 10
638010.6709015883
 20
4838784.074938358
  0
LWPOLYLINE
  5
14A
330
17
100
AcDbEntity
  8
ROADS
100
AcDbPolyline
 90
2
 70
0
 10
638010.6709015883
 20
4838784.074938358
 10
637977.3794288383
 20
4838886.872465645
  0
LWPOLYLINE
  5
14B
330
17
100
AcDbEntity
  8
ROADS
100
AcDbPolyline
 90
2
 70
0
 10
638045.0304340853
 20
4838857.480331811
 10
638029.6398037241
 20
4838904.760413219
  0
LWPOLYLINE
  5
14C
330
17
100
AcDbEntity
  8
ROADS
100
AcDbPolyline
 90
2
 70
0
 10
637977.3794288383
 20
4838886.872465645
 10
638029.6398037241
 20
4838904.760413219
  0
LWPOLYLINE
  5
14D
330
17
100
AcDbEntity
  8
ROADS
100
AcDbPolyline
 90
2
 70
0
 10
637593.5554814908
 20
4838883.888759652
 10
637689.4379025063
 20
4838917.531174336
  0
LWPOLYLINE
  5
14E
330
17
100
AcDbEntity
  8
ROADS
100
AcDbPolyline
 90
2
 70
0
 10
638029.6398037241
 20
4838904.760413219
 10
638077.2851061743
 20
4838919.9196328325
  0
LWPOLYLINE
  5
14F
330
17
100
AcDbEntity
  8
ROADS
100
AcDbPolyline
 90
2
 70
0
 10
638029.6398037241
 20
4838904.760413219
 10
638011.3416015782
 20
4838961.952833267
  0
LWPOLYLINE
  5
150
330
17
100
AcDbEntity
  8
ROADS
100
AcDbPolyline
 90
2
 70
0
 10
637336.7181593117
 20
4838750.371889662
 10
637381.2603641491
 20
4838768.031162155
  0
LWPOLYLINE
  5
151
330
17
100
AcDbEntity
  8
ROADS
100
AcDbPolyline
 90
2
 70
0
 10
637177.5913618705
 20
4838744.8242300935
 10
637264.80614405
 20
4838774.692444205
  0
LWPOLYLINE
  5
152
330
17
100
AcDbEntity
  8
ROADS
100
AcDbPolyline
 90
4
 70
0
 10
637552.2111792574
 20
4838702.958139399
 10
637593.2052224026
 20
4838716.490856939
 10
637557.1174403849
 20
4838826.592362985
 10
637516.2321654327
 20
4838813.681658371
  0
LWPOLYLINE
  5
153
330
17
100
AcDbEntity
  8
ROADS
100
AcDbPolyline
 90
2
 70
0
 10
637336.7181593117
 20
4838750.371889662
 10
637322.7919177286
 20
4838793.798007156
  0
LWPOLYLINE
  5
154
330
17
100
AcDbEntity
  8
ROADS
100
AcDbPolyline
 90
2
 70
0
 10
637381.2603641491
 20
4838768.031162155
 10
637426.1738630527
 20
4838782.994905609
  0
LWPOLYLINE
  5
155
330
17
100
AcDbEntity
  8
ROADS
100
AcDbPolyline
 90
2
 70
0
 10
637264.80614405
 20
4838774.692444205
 10
637322.7919177286
 20
4838793.798007156
  0
LWPOLYLINE
  5
156
330
17
100
AcDbEntity
  8
ROADS
100
AcDbPolyline
 90
2
 70
0
 10
637524.3782518243
 20
4838787.346555627
 10
637516.2321654327
 20
4838813.681658371
  0
LWPOLYLINE
  5
157
330
17
100
AcDbEntity
  8
ROADS
100
AcDbPolyline
 90
2
 70
0
 10
637426.1738630527
 20
4838782.994905609
 10
637413.2441462649
 20
4838823.825817973
  0
LWPOLYLINE
  5
158
330
17
100
AcDbEntity
  8
ROADS
100
AcDbPolyline
 90
2
 70
0
 10
637264.80614405
 20
4838774.692444205
 10
637262.2069588464
 20
4838835.007981914
  0
LWPOLYLINE
  5
159
330
17
100
AcDbEntity
  8
ROADS
100
AcDbPolyline
 90
2
 70
0
 10
637322.7919177286
 20
4838793.798007156
 10
637413.2441462649
 20
4838823.825817973
  0
LWPOLYLINE
  5
15A
330
17
100
AcDbEntity
  8
ROADS
100
AcDbPolyline
 90
2
 70
0
 10
636963.2430199471
 20
4838781.136433186
 10
636982.4712027923
 20
4838788.187017538
  0
LWPOLYLINE
  5
15B
330
17
100
AcDbEntity
  8
ROADS
100
AcDbPolyline
 90
2
 70
0
 10
636982.4712027923
 20
4838788.187017538
 10
637004.3514614308
 20
4838792.927204338
  0
LWPOLYLINE
  5
15C
330
17
100
AcDbEntity
  8
ROADS
100
AcDbPolyline
 90
2
 70
0
 10
636982.4712027923
 20
4838788.187017538
 10
636978.7717148965
 20
4838799.308117768
  0
LWPOLYLINE
  5
15D
330
17
100
AcDbEntity
  8
ROADS
100
AcDbPolyline
 90
2
 70
0
 10
636960.1263444159
 20
4838793.2302506
 10
636978.7717148965
 20
4838799.308117768
  0
LWPOLYLINE
  5
15E
330
17
100
AcDbEntity
  8
ROADS
100
AcDbPolyline
 90
2
 70
0
 10
637262.2069588464
 20
4838835.007981914
 10
637065.6769223803
 20
4838767.779116454
  0
LWPOLYLINE
  5
15F
330
17
100
AcDbEntity
  8
ROADS
100
AcDbPolyline
 90
2
 70
0
 10
636978.7717148965
 20
4838799.308117768
 10
637216.339539265
 20
4838878.806383462
  0
LWPOLYLINE
  5
160
330
17
100
AcDbEntity
  8
ROADS
100
AcDbPolyline
 90
2
 70
0
 10
637516.2321654327
 20
4838813.681658371
 10
637502.4166959543
 20
4838854.217532242
  0
LWPOLYLINE
  5
161
330
17
100
AcDbEntity
  8
ROADS
100
AcDbPolyline
 90
2
 70
0
 10
637413.2441462649
 20
4838823.825817973
 10
637502.4166959543
 20
4838854.217532242
  0
LWPOLYLINE
  5
162
330
17
100
AcDbEntity
  8
ROADS
100
AcDbPolyline
 90
2
 70
0
 10
637262.2069588464
 20
4838835.007981914
 10
637255.8956707288
 20
4838892.490115226
  0
LWPOLYLINE
  5
163
330
17
100
AcDbEntity
  8
ROADS
100
AcDbPolyline
 90
2
 70
0
 10
637502.4166959543
 20
4838854.217532242
 10
637593.5554814908
 20
4838883.888759652
  0
LWPOLYLINE
  5
164
330
17
100
AcDbEntity
  8
ROADS
100
AcDbPolyline
 90
2
 70
0
 10
637262.2069588464
 20
4838835.007981914
 10
637527.9621306835
 20
4838921.110792078
  0
LWPOLYLINE
  5
165
330
17
100
AcDbEntity
  8
ROADS
100
AcDbPolyline
 90
2
 70
0
 10
637216.339539265
 20
4838878.806383462
 10
637255.8956707288
 20
4838892.490115226
  0
LWPOLYLINE
  5
166
330
17
100
AcDbEntity
  8
ROADS
100
AcDbPolyline
 90
2
 70
0
 10
637216.339539265
 20
4838878.806383462
 10
637201.2181487277
 20
4838926.629266576
  0
LWPOLYLINE
  5
167
330
17
100
AcDbEntity
  8
ROADS
100
AcDbPolyline
 90
2
 70
0
 10
637593.5554814908
 20
4838883.888759652
 10
637578.1749382776
 20
4838930.280375954
  0
LWPOLYLINE
  5
168
330
17
100
AcDbEntity
  8
ROADS
100
AcDbPolyline
 90
2
 70
0
 10
637255.8956707288
 20
4838892.490115226
 10
637382.6101136735
 20
4838934.520954379
  0
LWPOLYLINE
  5
169
330
17
100
AcDbEntity
  8
ROADS
100
AcDbPolyline
 90
2
 70
0
 10
637578.1749382776
 20
4838930.280375954
 10
637527.9621306835
 20
4838921.110792078
  0
LWPOLYLINE
  5
16A
330
17
100
AcDbEntity
  8
ROADS
100
AcDbPolyline
 90
2
 70
0
 10
636939.3470234503
 20
4838890.154593387
 10
637023.6569137303
 20
4838918.113817784
  0
LWPOLYLINE
  5
16B
330
17
100
AcDbEntity
  8
ROADS
100
AcDbPolyline
 90
2
 70
0
 10
637201.2181487277
 20
4838926.629266576
 10
637126.1882875885
 20
4838901.085810344
  0
LWPOLYLINE
  5
16C
330
17
100
AcDbEntity
  8
ROADS
100
AcDbPolyline
 90
2
 70
0
 10
637023.6569137303
 20
4838918.113817784
 10
637008.0185036492
 20
4838963.475095267
  0
LWPOLYLINE
  5
16D
330
17
100
AcDbEntity
  8
ROADS
100
AcDbPolyline
 90
2
 70
0
 10
637023.6569137303
 20
4838918.113817784
 10
637186.5210910791
 20
4838973.108697433
  0
LWPOLYLINE
  5
16E
330
17
100
AcDbEntity
  8
ROADS
100
AcDbPolyline
 90
2
 70
0
 10
637008.0185036492
 20
4838963.475095267
 10
637071.0524550133
 20
4838980.851829633
  0
LWPOLYLINE
  5
16F
330
17
100
AcDbEntity
  8
ROADS
100
AcDbPolyline
 90
2
 70
0
 10
637008.0185036492
 20
4838963.475095267
 10
636993.5195003278
 20
4839009.538042159
  0
LWPOLYLINE
  5
170
330
17
100
AcDbEntity
  8
ROADS
100
AcDbPolyline
 90
2
 70
0
 10
637255.8956707288
 20
4838892.490115226
 10
637244.840287613
 20
4838992.799375264
  0
LWPOLYLINE
  5
171
330
17
100
AcDbEntity
  8
ROADS
100
AcDbPolyline
 90
2
 70
0
 10
637578.1749382776
 20
4838930.280375954
 10
637567.4699655157
 20
4838962.566248138
  0
LWPOLYLINE
  5
172
330
17
100
AcDbEntity
  8
ROADS
100
AcDbPolyline
 90
2
 70
0
 10
637382.6101136735
 20
4838934.520954379
 10
637465.7866516492
 20
4838962.836048626
  0
LWPOLYLINE
  5
173
330
17
100
AcDbEntity
  8
ROADS
100
AcDbPolyline
 90
2
 70
0
 10
637509.4327986802
 20
4838976.430771214
 10
637527.9621306835
 20
4838921.110792078
  0
LWPOLYLINE
  5
174
330
17
100
AcDbEntity
  8
ROADS
100
AcDbPolyline
 90
2
 70
0
 10
637201.2181487277
 20
4838926.629266576
 10
637186.5210910791
 20
4838973.108697433
  0
LWPOLYLINE
  5
175
330
17
100
AcDbEntity
  8
ROADS
100
AcDbPolyline
 90
2
 70
0
 10
637382.6101136735
 20
4838934.520954379
 10
637367.8755248135
 20
4838978.596509295
  0
LWPOLYLINE
  5
176
330
17
100
AcDbEntity
  8
ROADS
100
AcDbPolyline
 90
2
 70
0
 10
637465.7866516492
 20
4838962.836048626
 10
637509.4327986802
 20
4838976.430771214
  0
LWPOLYLINE
  5
177
330
17
100
AcDbEntity
  8
ROADS
100
AcDbPolyline
 90
2
 70
0
 10
637567.4699655157
 20
4838962.566248138
 10
637614.97496678
 20
4838979.175053316
  0
LWPOLYLINE
  5
178
330
17
100
AcDbEntity
  8
ROADS
100
AcDbPolyline
 90
2
 70
0
 10
637186.5210910791
 20
4838973.108697433
 10
637209.1509595602
 20
4838980.749724273
  0
LWPOLYLINE
  5
179
330
17
100
AcDbEntity
  8
ROADS
100
AcDbPolyline
 90
2
 70
0
 10
637567.4699655157
 20
4838962.566248138
 10
637556.2101849967
 20
4838992.295345497
  0
LWPOLYLINE
  5
17A
330
17
100
AcDbEntity
  8
ROADS
100
AcDbPolyline
 90
2
 70
0
 10
637689.4379025063
 20
4838917.531174336
 10
637786.3661624806
 20
4838951.24453134
  0
LWPOLYLINE
  5
17B
330
17
100
AcDbEntity
  8
ROADS
100
AcDbPolyline
 90
2
 70
0
 10
637689.4379025063
 20
4838917.531174336
 10
637674.1002931655
 20
4838962.626958217
  0
LWPOLYLINE
  5
17C
330
17
100
AcDbEntity
  8
ROADS
100
AcDbPolyline
 90
2
 70
0
 10
637977.3794288383
 20
4838886.872465645
 10
637939.9644995522
 20
4839003.106652157
  0
LWPOLYLINE
  5
17D
330
17
100
AcDbEntity
  8
ROADS
100
AcDbPolyline
 90
2
 70
0
 10
637578.1749382776
 20
4838930.280375954
 10
637674.1002931655
 20
4838962.626958217
  0
LWPOLYLINE
  5
17E
330
17
100
AcDbEntity
  8
ROADS
100
AcDbPolyline
 90
2
 70
0
 10
637674.1002931655
 20
4838962.626958217
 10
637722.0528473181
 20
4838982.16613737
  0
LWPOLYLINE
  5
17F
330
17
100
AcDbEntity
  8
ROADS
100
AcDbPolyline
 90
2
 70
0
 10
637786.3661624806
 20
4838951.24453134
 10
637770.4798095273
 20
4838998.506603849
  0
LWPOLYLINE
  5
180
330
17
100
AcDbEntity
  8
ROADS
100
AcDbPolyline
 90
2
 70
0
 10
637786.3661624806
 20
4838951.24453134
 10
637939.9644995522
 20
4839003.106652157
  0
LWPOLYLINE
  5
181
330
17
100
AcDbEntity
  8
ROADS
100
AcDbPolyline
 90
2
 70
0
 10
637674.1002931655
 20
4838962.626958217
 10
637662.7870750214
 20
4838995.890427949
  0
LWPOLYLINE
  5
182
330
17
100
AcDbEntity
  8
ROADS
100
AcDbPolyline
 90
2
 70
0
 10
637614.97496678
 20
4838979.175053316
 10
637662.7870750214
 20
4838995.890427949
  0
LWPOLYLINE
  5
183
330
17
100
AcDbEntity
  8
ROADS
100
AcDbPolyline
 90
2
 70
0
 10
637722.0528473181
 20
4838982.16613737
 10
637770.4798095273
 20
4838998.506603849
  0
LWPOLYLINE
  5
184
330
17
100
AcDbEntity
  8
ROADS
100
AcDbPolyline
 90
2
 70
0
 10
637509.4327986802
 20
4838976.430771214
 10
637556.2101849967
 20
4838992.295345497
  0
LWPOLYLINE
  5
185
330
17
100
AcDbEntity
  8
ROADS
100
AcDbPolyline
 90
2
 70
0
 10
637209.1509595602
 20
4838980.749724273
 10
637244.840287613
 20
4838992.799375264
  0
LWPOLYLINE
  5
186
330
17
100
AcDbEntity
  8
ROADS
100
AcDbPolyline
 90
2
 70
0
 10
637367.8755248135
 20
4838978.596509295
 10
637351.9472180882
 20
4839026.077782803
  0
LWPOLYLINE
  5
187
330
17
100
AcDbEntity
  8
ROADS
100
AcDbPolyline
 90
2
 70
0
 10
637209.1509595602
 20
4838980.749724273
 10
637194.6481304137
 20
4839025.558513779
  0
LWPOLYLINE
  5
188
330
17
100
AcDbEntity
  8
ROADS
100
AcDbPolyline
 90
2
 70
0
 10
637465.7866516492
 20
4838962.836048626
 10
637434.7441351521
 20
4839054.148008097
  0
LWPOLYLINE
  5
189
330
17
100
AcDbEntity
  8
ROADS
100
AcDbPolyline
 90
3
 70
0
 10
637367.8755248135
 20
4838978.596509295
 10
637399.0109842676
 20
4839006.42825445
 10
637403.9125831283
 20
4839040.586571834
  0
LWPOLYLINE
  5
18A
330
17
100
AcDbEntity
  8
ROADS
100
AcDbPolyline
 90
2
 70
0
 10
637403.9125831283
 20
4839040.586571834
 10
637351.9472180882
 20
4839026.077782803
  0
LWPOLYLINE
  5
18B
330
17
100
AcDbEntity
  8
ROADS
100
AcDbPolyline
 90
2
 70
0
 10
637244.840287613
 20
4838992.799375264
 10
637235.8493322445
 20
4839084.0271358695
  0
LWPOLYLINE
  5
18C
330
17
100
AcDbEntity
  8
ROADS
100
AcDbPolyline
 90
2
 70
0
 10
637434.7441351521
 20
4839054.148008097
 10
637403.9125831283
 20
4839040.586571834
  0
LWPOLYLINE
  5
18D
330
17
100
AcDbEntity
  8
ROADS
100
AcDbPolyline
 90
2
 70
0
 10
637457.7583881009
 20
4839130.65537608
 10
637509.4327986802
 20
4838976.430771214
  0
LWPOLYLINE
  5
18E
330
17
100
AcDbEntity
  8
ROADS
100
AcDbPolyline
 90
2
 70
0
 10
637403.9125831283
 20
4839040.586571834
 10
637425.7539589722
 20
4839080.703850062
  0
LWPOLYLINE
  5
18F
330
17
100
AcDbEntity
  8
ROADS
100
AcDbPolyline
 90
2
 70
0
 10
637434.7441351521
 20
4839054.148008097
 10
637425.7539589722
 20
4839080.703850062
  0
LWPOLYLINE
  5
190
330
17
100
AcDbEntity
  8
ROADS
100
AcDbPolyline
 90
2
 70
0
 10
637556.2101849967
 20
4838992.295345497
 10
637504.5662062094
 20
4839144.726353713
  0
LWPOLYLINE
  5
191
330
17
100
AcDbEntity
  8
ROADS
100
AcDbPolyline
 90
2
 70
0
 10
637614.97496678
 20
4838979.175053316
 10
637553.951433412
 20
4839161.49720706
  0
LWPOLYLINE
  5
192
330
17
100
AcDbEntity
  8
ROADS
100
AcDbPolyline
 90
2
 70
0
 10
637351.9472180882
 20
4839026.077782803
 10
637318.225165382
 20
4839125.698003481
  0
LWPOLYLINE
  5
193
330
17
100
AcDbEntity
  8
ROADS
100
AcDbPolyline
 90
2
 70
0
 10
637235.8493322445
 20
4839084.0271358695
 10
637234.6379320882
 20
4839097.311445296
  0
LWPOLYLINE
  5
194
330
17
100
AcDbEntity
  8
ROADS
100
AcDbPolyline
 90
2
 70
0
 10
637425.7539589722
 20
4839080.703850062
 10
637413.8189451564
 20
4839117.29735205
  0
LWPOLYLINE
  5
195
330
17
100
AcDbEntity
  8
ROADS
100
AcDbPolyline
 90
2
 70
0
 10
637234.6379320882
 20
4839097.311445296
 10
637318.225165382
 20
4839125.698003481
  0
LWPOLYLINE
  5
196
330
17
100
AcDbEntity
  8
ROADS
100
AcDbPolyline
 90
2
 70
0
 10
637413.8189451564
 20
4839117.29735205
 10
637318.225165382
 20
4839125.698003481
  0
LWPOLYLINE
  5
197
330
17
100
AcDbEntity
  8
ROADS
100
AcDbPolyline
 90
2
 70
0
 10
637413.8189451564
 20
4839117.29735205
 10
637457.7583881009
 20
4839130.65537608
  0
LWPOLYLINE
  5
198
330
17
100
AcDbEntity
  8
ROADS
100
AcDbPolyline
 90
2
 70
0
 10
637801.6421546208
 20
4839062.282235265
 10
637910.7645412266
 20
4839097.490354598
  0
LWPOLYLINE
  5
199
330
17
100
AcDbEntity
  8
ROADS
100
AcDbPolyline
 90
2
 70
0
 10
637662.7870750214
 20
4838995.890427949
 10
637601.0067802022
 20
4839177.475847702
  0
LWPOLYLINE
  5
19A
330
17
100
AcDbEntity
  8
ROADS
100
AcDbPolyline
 90
2
 70
0
 10
637722.0528473181
 20
4838982.16613737
 10
637650.4160504644
 20
4839194.245145236
  0
LWPOLYLINE
  5
19B
330
17
100
AcDbEntity
  8
ROADS
100
AcDbPolyline
 90
2
 70
0
 10
637753.9687978735
 20
4839047.349520935
 10
637698.6573841394
 20
4839210.618284406
  0
LWPOLYLINE
  5
19C
330
17
100
AcDbEntity
  8
ROADS
100
AcDbPolyline
 90
2
 70
0
 10
637910.7645412266
 20
4839097.490354598
 10
637882.7477405178
 20
4839183.798684405
  0
LWPOLYLINE
  5
19D
330
17
100
AcDbEntity
  8
ROADS
100
AcDbPolyline
 90
2
 70
0
 10
637801.6421546208
 20
4839062.282235265
 10
637746.0468706187
 20
4839226.204945979
  0
LWPOLYLINE
  5
19E
330
17
100
AcDbEntity
  8
ROADS
100
AcDbPolyline
 90
2
 70
0
 10
638069.0900973789
 20
4839099.1133243535
 10
638025.7478629769
 20
4839228.320527564
  0
LWPOLYLINE
  5
19F
330
17
100
AcDbEntity
  8
ROADS
100
AcDbPolyline
 90
2
 70
0
 10
637601.0067802022
 20
4839177.475847702
 10
637650.4160504644
 20
4839194.245145236
  0
LWPOLYLINE
  5
1A0
330
17
100
AcDbEntity
  8
ROADS
100
AcDbPolyline
 90
4
 70
0
 10
637746.0468706187
 20
4839226.204945979
 10
637786.3439090919
 20
4839239.458101092
 10
637817.9596024049
 20
4839163.512869349
 10
637882.7477405178
 20
4839183.798684405
  0
LWPOLYLINE
  5
1A1
330
17
100
AcDbEntity
  8
ROADS
100
AcDbPolyline
 90
2
 70
0
 10
637650.4160504644
 20
4839194.245145236
 10
637698.6573841394
 20
4839210.618284406
  0
LWPOLYLINE
  5
1A2
330
17
100
AcDbEntity
  8
ROADS
100
AcDbPolyline
 90
2
 70
0
 10
636993.5195003278
 20
4839009.538042159
 10
637235.8493322445
 20
4839084.0271358695
  0
LWPOLYLINE
  5
1A3
330
17
100
AcDbEntity
  8
ROADS
100
AcDbPolyline
 90
2
 70
0
 10
636993.5195003278
 20
4839009.538042159
 10
636935.8323735677
 20
4839179.697094865
  0
LWPOLYLINE
  5
1A4
330
17
100
AcDbEntity
  8
ROADS
100
AcDbPolyline
 90
2
 70
0
 10
637005.9369324062
 20
4839100.962991421
 10
637070.5092704911
 20
4839121.559872794
  0
LWPOLYLINE
  5
1A5
330
17
100
AcDbEntity
  8
ROADS
100
AcDbPolyline
 90
2
 70
0
 10
637070.5092704911
 20
4839121.559872794
 10
637227.8307712926
 20
4839168.657874626
  0
LWPOLYLINE
  5
1A6
330
17
100
AcDbEntity
  8
ROADS
100
AcDbPolyline
 90
2
 70
0
 10
636934.582064961
 20
4839179.280944067
 10
636935.8323735677
 20
4839179.697094865
  0
LWPOLYLINE
  5
1A7
330
17
100
AcDbEntity
  8
ROADS
100
AcDbPolyline
 90
2
 70
0
 10
637070.5092704911
 20
4839121.559872794
 10
637039.6422234356
 20
4839214.947073942
  0
LWPOLYLINE
  5
1A8
330
17
100
AcDbEntity
  8
ROADS
100
AcDbPolyline
 90
2
 70
0
 10
637234.6379320882
 20
4839097.311445296
 10
637227.8307712926
 20
4839168.657874626
  0
LWPOLYLINE
  5
1A9
330
17
100
AcDbEntity
  8
ROADS
100
AcDbPolyline
 90
2
 70
0
 10
637413.8189451564
 20
4839117.29735205
 10
637402.1851259131
 20
4839155.042406072
  0
LWPOLYLINE
  5
1AA
330
17
100
AcDbEntity
  8
ROADS
100
AcDbPolyline
 90
2
 70
0
 10
637457.7583881009
 20
4839130.65537608
 10
637504.5662062094
 20
4839144.726353713
  0
LWPOLYLINE
  5
1AB
330
17
100
AcDbEntity
  8
ROADS
100
AcDbPolyline
 90
2
 70
0
 10
637318.225165382
 20
4839125.698003481
 10
637402.1851259131
 20
4839155.042406072
  0
LWPOLYLINE
  5
1AC
330
17
100
AcDbEntity
  8
ROADS
100
AcDbPolyline
 90
2
 70
0
 10
637504.5662062094
 20
4839144.726353713
 10
637553.951433412
 20
4839161.49720706
  0
LWPOLYLINE
  5
1AD
330
17
100
AcDbEntity
  8
ROADS
100
AcDbPolyline
 90
2
 70
0
 10
637553.951433412
 20
4839161.49720706
 10
637601.0067802022
 20
4839177.475847702
  0
LWPOLYLINE
  5
1AE
330
17
100
AcDbEntity
  8
ROADS
100
AcDbPolyline
 90
2
 70
0
 10
637227.8307712926
 20
4839168.657874626
 10
637225.8293839174
 20
4839194.155016459
  0
LWPOLYLINE
  5
1AF
330
17
100
AcDbEntity
  8
ROADS
100
AcDbPolyline
 90
2
 70
0
 10
637402.1851259131
 20
4839155.042406072
 10
637386.7059128267
 20
4839251.0582845835
  0
LWPOLYLINE
  5
1B0
330
17
100
AcDbEntity
  8
ROADS
100
AcDbPolyline
 90
3
 70
0
 10
637504.5662062094
 20
4839144.726353713
 10
637438.6791058823
 20
4839214.992070474
 10
637424.9229084973
 20
4839268.889227502
  0
LWPOLYLINE
  5
1B1
330
17
100
AcDbEntity
  8
ROADS
100
AcDbPolyline
 90
2
 70
0
 10
637225.8293839174
 20
4839194.155016459
 10
637219.9026380347
 20
4839244.91647592
  0
LWPOLYLINE
  5
1B2
330
17
100
AcDbEntity
  8
ROADS
100
AcDbPolyline
 90
2
 70
0
 10
638096.48423878
 20
4838859.58419787
 10
638077.2851061743
 20
4838919.9196328325
  0
LWPOLYLINE
  5
1B3
330
17
100
AcDbEntity
  8
ROADS
100
AcDbPolyline
 90
2
 70
0
 10
638133.899153739
 20
4838926.073228241
 10
638181.1164959159
 20
4838942.002787546
  0
LWPOLYLINE
  5
1B4
330
17
100
AcDbEntity
  8
ROADS
100
AcDbPolyline
 90
3
 70
0
 10
638358.0911956897
 20
4838932.831641349
 10
638377.228866918
 20
4838955.673307643
 10
638351.5708943118
 20
4838956.144758535
  0
LWPOLYLINE
  5
1B5
330
17
100
AcDbEntity
  8
ROADS
100
AcDbPolyline
 90
3
 70
0
 10
638351.5708943118
 20
4838956.144758535
 10
638331.5158973832
 20
4838938.623841516
 10
638358.0911956897
 20
4838932.831641349
  0
LWPOLYLINE
  5
1B6
330
17
100
AcDbEntity
  8
ROADS
100
AcDbPolyline
 90
2
 70
0
 10
638358.0911956897
 20
4838932.831641349
 10
638351.5708943118
 20
4838956.144758535
  0
LWPOLYLINE
  5
1B7
330
17
100
AcDbEntity
  8
ROADS
100
AcDbPolyline
 90
2
 70
0
 10
638181.1164959159
 20
4838942.002787546
 10
638251.8153172384
 20
4838965.050753728
  0
LWPOLYLINE
  5
1B8
330
17
100
AcDbEntity
  8
ROADS
100
AcDbPolyline
 90
2
 70
0
 10
638077.2851061743
 20
4838919.9196328325
 10
638055.7615835026
 20
4838988.943838007
  0
LWPOLYLINE
  5
1B9
330
17
100
AcDbEntity
  8
ROADS
100
AcDbPolyline
 90
2
 70
0
 10
638251.8153172384
 20
4838965.050753728
 10
638287.1437612177
 20
4838976.434847846
  0
LWPOLYLINE
  5
1BA
330
17
100
AcDbEntity
  8
ROADS
100
AcDbPolyline
 90
2
 70
0
 10
638055.7615835026
 20
4838988.943838007
 10
638104.9098096824
 20
4839004.336277456
  0
LWPOLYLINE
  5
1BB
330
17
100
AcDbEntity
  8
ROADS
100
AcDbPolyline
 90
2
 70
0
 10
638397.8720006396
 20
4838988.061784455
 10
638487.566671751
 20
4839017.63399317
  0
LWPOLYLINE
  5
1BC
330
17
100
AcDbEntity
  8
ROADS
100
AcDbPolyline
 90
2
 70
0
 10
638775.0313679948
 20
4838748.32762901
 10
638794.6454546805
 20
4838794.288828895
  0
LWPOLYLINE
  5
1BD
330
17
100
AcDbEntity
  8
ROADS
100
AcDbPolyline
 90
2
 70
0
 10
639101.1274119692
 20
4838770.806941913
 10
639177.7664346319
 20
4838846.244492624
  0
LWPOLYLINE
  5
1BE
330
17
100
AcDbEntity
  8
ROADS
100
AcDbPolyline
 90
3
 70
0
 10
638794.6454546805
 20
4838794.288828895
 10
638831.1033214107
 20
4838892.321727888
 10
638891.9202609777
 20
4838960.265835736
  0
LWPOLYLINE
  5
1BF
330
17
100
AcDbEntity
  8
ROADS
100
AcDbPolyline
 90
2
 70
0
 10
639101.1274119692
 20
4838770.806941913
 10
638995.9595618724
 20
4839071.046932831
  0
LWPOLYLINE
  5
1C0
330
17
100
AcDbEntity
  8
ROADS
100
AcDbPolyline
 90
2
 70
0
 10
639141.3425993343
 20
4838932.45209627
 10
639116.4859131149
 20
4839010.25408669
  0
LWPOLYLINE
  5
1C1
330
17
100
AcDbEntity
  8
ROADS
100
AcDbPolyline
 90
2
 70
0
 10
638891.9202609777
 20
4838960.265835736
 10
638995.9595618724
 20
4839071.046932831
  0
LWPOLYLINE
  5
1C2
330
17
100
AcDbEntity
  8
ROADS
100
AcDbPolyline
 90
2
 70
0
 10
639116.4859131149
 20
4839010.25408669
 10
639091.225412836
 20
4839087.655722614
  0
LWPOLYLINE
  5
1C3
330
17
100
AcDbEntity
  8
ROADS
100
AcDbPolyline
 90
2
 70
0
 10
639091.225412836
 20
4839087.655722614
 10
639198.667005822
 20
4839123.087598263
  0
LWPOLYLINE
  5
1C4
330
17
100
AcDbEntity
  8
ROADS
100
AcDbPolyline
 90
2
 70
0
 10
638995.9595618724
 20
4839071.046932831
 10
639070.8534418701
 20
4839148.855194127
  0
LWPOLYLINE
  5
1C5
330
17
100
AcDbEntity
  8
ROADS
100
AcDbPolyline
 90
2
 70
0
 10
639091.225412836
 20
4839087.655722614
 10
639070.8534418701
 20
4839148.855194127
  0
LWPOLYLINE
  5
1C6
330
17
100
AcDbEntity
  8
ROADS
100
AcDbPolyline
 90
2
 70
0
 10
639646.6530374913
 20
4838915.217239184
 10
639733.6692404851
 20
4838984.127995132
  0
LWPOLYLINE
  5
1C7
330
17
100
AcDbEntity
  8
ROADS
100
AcDbPolyline
 90
2
 70
0
 10
639141.3425993343
 20
4838932.45209627
 10
639248.3121943747
 20
4838968.93349253
  0
LWPOLYLINE
  5
1C8
330
17
100
AcDbEntity
  8
ROADS
100
AcDbPolyline
 90
2
 70
0
 10
639459.8878887014
 20
4838859.415618145
 10
639393.8370459618
 20
4839065.486200643
  0
LWPOLYLINE
  5
1C9
330
17
100
AcDbEntity
  8
ROADS
100
AcDbPolyline
 90
2
 70
0
 10
639587.7120197369
 20
4838868.84155339
 10
639514.1982391167
 20
4839103.117007593
  0
LWPOLYLINE
  5
1CA
330
17
100
AcDbEntity
  8
ROADS
100
AcDbPolyline
 90
2
 70
0
 10
639248.3121943747
 20
4838968.93349253
 10
639234.1548378809
 20
4839014.763904508
  0
LWPOLYLINE
  5
1CB
330
17
100
AcDbEntity
  8
ROADS
100
AcDbPolyline
 90
2
 70
0
 10
639646.6530374913
 20
4838915.217239184
 10
639588.2707801121
 20
4839125.661069481
  0
LWPOLYLINE
  5
1CC
330
17
100
AcDbEntity
  8
ROADS
100
AcDbPolyline
 90
2
 70
0
 10
639733.6692404851
 20
4838984.127995132
 10
639841.8578788198
 20
4839070.104453644
  0
LWPOLYLINE
  5
1CD
330
17
100
AcDbEntity
  8
ROADS
100
AcDbPolyline
 90
2
 70
0
 10
639234.1548378809
 20
4839014.763904508
 10
639315.2833139765
 20
4839040.2768474575
  0
LWPOLYLINE
  5
1CE
330
17
100
AcDbEntity
  8
ROADS
100
AcDbPolyline
 90
2
 70
0
 10
639116.4859131149
 20
4839010.25408669
 10
639224.1302204803
 20
4839045.482586806
  0
LWPOLYLINE
  5
1CF
330
17
100
AcDbEntity
  8
ROADS
100
AcDbPolyline
 90
2
 70
0
 10
639234.1548378809
 20
4839014.763904508
 10
639224.1302204803
 20
4839045.482586806
  0
LWPOLYLINE
  5
1D0
330
17
100
AcDbEntity
  8
ROADS
100
AcDbPolyline
 90
2
 70
0
 10
638181.1164959159
 20
4838942.002787546
 10
638140.9168912728
 20
4839068.761665748
  0
LWPOLYLINE
  5
1D1
330
17
100
AcDbEntity
  8
ROADS
100
AcDbPolyline
 90
2
 70
0
 10
638351.5708943118
 20
4838956.144758535
 10
638312.5927836007
 20
4839077.131745024
  0
LWPOLYLINE
  5
1D2
330
17
100
AcDbEntity
  8
ROADS
100
AcDbPolyline
 90
2
 70
0
 10
638487.566671751
 20
4839017.63399317
 10
638524.0643580124
 20
4839029.62030728
  0
LWPOLYLINE
  5
1D3
330
17
100
AcDbEntity
  8
ROADS
100
AcDbPolyline
 90
2
 70
0
 10
638251.8153172384
 20
4838965.050753728
 10
638211.0095648719
 20
4839091.813692412
  0
LWPOLYLINE
  5
1D4
330
17
100
AcDbEntity
  8
ROADS
100
AcDbPolyline
 90
2
 70
0
 10
638039.4672574393
 20
4839035.261478383
 10
638084.6944835422
 20
4839051.186051128
  0
LWPOLYLINE
  5
1D5
330
17
100
AcDbEntity
  8
ROADS
100
AcDbPolyline
 90
2
 70
0
 10
638084.6944835422
 20
4839051.186051128
 10
638140.9168912728
 20
4839068.761665748
  0
LWPOLYLINE
  5
1D6
330
17
100
AcDbEntity
  8
ROADS
100
AcDbPolyline
 90
2
 70
0
 10
638140.9168912728
 20
4839068.761665748
 10
638168.0135226822
 20
4839077.603628686
  0
LWPOLYLINE
  5
1D7
330
17
100
AcDbEntity
  8
ROADS
100
AcDbPolyline
 90
2
 70
0
 10
638084.6944835422
 20
4839051.186051128
 10
638069.0900973789
 20
4839099.1133243535
  0
LWPOLYLINE
  5
1D8
330
17
100
AcDbEntity
  8
ROADS
100
AcDbPolyline
 90
2
 70
0
 10
638312.5927836007
 20
4839077.131745024
 10
638360.825964629
 20
4839091.915599175
  0
LWPOLYLINE
  5
1D9
330
17
100
AcDbEntity
  8
ROADS
100
AcDbPolyline
 90
2
 70
0
 10
638168.0135226822
 20
4839077.603628686
 10
638211.0095648719
 20
4839091.813692412
  0
LWPOLYLINE
  5
1DA
330
17
100
AcDbEntity
  8
ROADS
100
AcDbPolyline
 90
2
 70
0
 10
637770.4798095273
 20
4838998.506603849
 10
637817.3858958622
 20
4839015.993672868
  0
LWPOLYLINE
  5
1DB
330
17
100
AcDbEntity
  8
ROADS
100
AcDbPolyline
 90
2
 70
0
 10
638055.7615835026
 20
4838988.943838007
 10
638039.4672574393
 20
4839035.261478383
  0
LWPOLYLINE
  5
1DC
330
17
100
AcDbEntity
  8
ROADS
100
AcDbPolyline
 90
2
 70
0
 10
637939.9644995522
 20
4839003.106652157
 10
638039.4672574393
 20
4839035.261478383
  0
LWPOLYLINE
  5
1DD
330
17
100
AcDbEntity
  8
ROADS
100
AcDbPolyline
 90
2
 70
0
 10
637770.4798095273
 20
4838998.506603849
 10
637753.9687978735
 20
4839047.349520935
  0
LWPOLYLINE
  5
1DE
330
17
100
AcDbEntity
  8
ROADS
100
AcDbPolyline
 90
2
 70
0
 10
637939.9644995522
 20
4839003.106652157
 10
637924.6064928727
 20
4839052.673517411
  0
LWPOLYLINE
  5
1DF
330
17
100
AcDbEntity
  8
ROADS
100
AcDbPolyline
 90
2
 70
0
 10
637924.6064928727
 20
4839052.673517411
 10
637817.3858958622
 20
4839015.993672868
  0
LWPOLYLINE
  5
1E0
330
17
100
AcDbEntity
  8
ROADS
100
AcDbPolyline
 90
2
 70
0
 10
637801.6421546208
 20
4839062.282235265
 10
637817.3858958622
 20
4839015.993672868
  0
LWPOLYLINE
  5
1E1
330
17
100
AcDbEntity
  8
ROADS
100
AcDbPolyline
 90
2
 70
0
 10
637753.9687978735
 20
4839047.349520935
 10
637801.6421546208
 20
4839062.282235265
  0
LWPOLYLINE
  5
1E2
330
17
100
AcDbEntity
  8
ROADS
100
AcDbPolyline
 90
2
 70
0
 10
637924.6064928727
 20
4839052.673517411
 10
637910.7645412266
 20
4839097.490354598
  0
LWPOLYLINE
  5
1E3
330
17
100
AcDbEntity
  8
ROADS
100
AcDbPolyline
 90
2
 70
0
 10
637924.6064928727
 20
4839052.673517411
 10
638069.0900973789
 20
4839099.1133243535
  0
LWPOLYLINE
  5
1E4
330
17
100
AcDbEntity
  8
ROADS
100
AcDbPolyline
 90
2
 70
0
 10
638487.566671751
 20
4839017.63399317
 10
638440.0208305992
 20
4839166.643223778
  0
LWPOLYLINE
  5
1E5
330
17
100
AcDbEntity
  8
ROADS
100
AcDbPolyline
 90
2
 70
0
 10
638579.2307127449
 20
4839003.6876641195
 10
638516.5048979819
 20
4839191.590082049
  0
LWPOLYLINE
  5
1E6
330
17
100
AcDbEntity
  8
ROADS
100
AcDbPolyline
 90
2
 70
0
 10
638211.0095648719
 20
4839091.813692412
 10
638251.466713371
 20
4839104.62270272
  0
LWPOLYLINE
  5
1E7
330
17
100
AcDbEntity
  8
ROADS
100
AcDbPolyline
 90
2
 70
0
 10
638312.5927836007
 20
4839077.131745024
 10
638298.8111061334
 20
4839120.053043185
  0
LWPOLYLINE
  5
1E8
330
17
100
AcDbEntity
  8
ROADS
100
AcDbPolyline
 90
2
 70
0
 10
638251.466713371
 20
4839104.62270272
 10
638298.8111061334
 20
4839120.053043185
  0
LWPOLYLINE
  5
1E9
330
17
100
AcDbEntity
  8
ROADS
100
AcDbPolyline
 90
2
 70
0
 10
638168.0135226822
 20
4839077.603628686
 10
638142.974923263
 20
4839151.697741098
  0
LWPOLYLINE
  5
1EA
330
17
100
AcDbEntity
  8
ROADS
100
AcDbPolyline
 90
2
 70
0
 10
638298.8111061334
 20
4839120.053043185
 10
638338.7605268596
 20
4839133.3424219405
  0
LWPOLYLINE
  5
1EB
330
17
100
AcDbEntity
  8
ROADS
100
AcDbPolyline
 90
2
 70
0
 10
638251.466713371
 20
4839104.62270272
 10
638231.8472490944
 20
4839161.046177921
  0
LWPOLYLINE
  5
1EC
330
17
100
AcDbEntity
  8
ROADS
100
AcDbPolyline
 90
2
 70
0
 10
638338.7605268596
 20
4839133.3424219405
 10
638424.6831461012
 20
4839160.795232177
  0
LWPOLYLINE
  5
1ED
330
17
100
AcDbEntity
  8
ROADS
100
AcDbPolyline
 90
2
 70
0
 10
638338.7605268596
 20
4839133.3424219405
 10
638324.4033623763
 20
4839175.623750729
  0
LWPOLYLINE
  5
1EE
330
17
100
AcDbEntity
  8
ROADS
100
AcDbPolyline
 90
2
 70
0
 10
639315.2833139765
 20
4839040.2768474575
 10
639393.8370459618
 20
4839065.486200643
  0
LWPOLYLINE
  5
1EF
330
17
100
AcDbEntity
  8
ROADS
100
AcDbPolyline
 90
2
 70
0
 10
639393.8370459618
 20
4839065.486200643
 10
639481.2491887663
 20
4839093.04402846
  0
LWPOLYLINE
  5
1F0
330
17
100
AcDbEntity
  8
ROADS
100
AcDbPolyline
 90
2
 70
0
 10
639224.1302204803
 20
4839045.482586806
 10
639198.667005822
 20
4839123.087598263
  0
LWPOLYLINE
  5
1F1
330
17
100
AcDbEntity
  8
ROADS
100
AcDbPolyline
 90
2
 70
0
 10
639481.2491887663
 20
4839093.04402846
 10
639514.1982391167
 20
4839103.117007593
  0
LWPOLYLINE
  5
1F2
330
17
100
AcDbEntity
  8
ROADS
100
AcDbPolyline
 90
2
 70
0
 10
639514.1982391167
 20
4839103.117007593
 10
639575.4297446227
 20
4839123.215556867
  0
LWPOLYLINE
  5
1F3
330
17
100
AcDbEntity
  8
ROADS
100
AcDbPolyline
 90
2
 70
0
 10
639575.4297446227
 20
4839123.215556867
 10
639588.2707801121
 20
4839125.661069481
  0
LWPOLYLINE
  5
1F4
330
17
100
AcDbEntity
  8
ROADS
100
AcDbPolyline
 90
2
 70
0
 10
639315.2833139765
 20
4839040.2768474575
 10
639252.1477152188
 20
4839237.002124146
  0
LWPOLYLINE
  5
1F5
330
17
100
AcDbEntity
  8
ROADS
100
AcDbPolyline
 90
2
 70
0
 10
639841.8578788198
 20
4839070.104453644
 10
639786.4398002721
 20
4839218.6298357295
  0
LWPOLYLINE
  5
1F6
330
17
100
AcDbEntity
  8
ROADS
100
AcDbPolyline
 90
3
 70
0
 10
639588.2707801121
 20
4839125.661069481
 10
639636.1845560325
 20
4839143.958554626
 10
639674.7677113572
 20
4839181.423171622
  0
LWPOLYLINE
  5
1F7
330
17
100
AcDbEntity
  8
ROADS
100
AcDbPolyline
 90
2
 70
0
 10
639393.8370459618
 20
4839065.486200643
 10
639329.6160530366
 20
4839261.451811181
  0
LWPOLYLINE
  5
1F8
330
17
100
AcDbEntity
  8
ROADS
100
AcDbPolyline
 90
2
 70
0
 10
638655.3315500186
 20
4839029.034601615
 10
638605.1724880897
 20
4839219.503617661
  0
LWPOLYLINE
  5
1F9
330
17
100
AcDbEntity
  8
ROADS
100
AcDbPolyline
 90
2
 70
0
 10
638828.2449725909
 20
4839105.065595342
 10
638813.0746260198
 20
4839151.221652564
  0
LWPOLYLINE
  5
1FA
330
17
100
AcDbEntity
  8
ROADS
100
AcDbPolyline
 90
2
 70
0
 10
639070.8534418701
 20
4839148.855194127
 10
639109.1370029659
 20
4839190.106699809
  0
LWPOLYLINE
  5
1FB
330
17
100
AcDbEntity
  8
ROADS
100
AcDbPolyline
 90
2
 70
0
 10
638813.0746260198
 20
4839151.221652564
 10
638905.8310482248
 20
4839190.725284442
  0
LWPOLYLINE
  5
1FC
330
17
100
AcDbEntity
  8
ROADS
100
AcDbPolyline
 90
2
 70
0
 10
639109.1370029659
 20
4839190.106699809
 10
639170.8553319843
 20
4839210.766102588
  0
LWPOLYLINE
  5
1FD
330
17
100
AcDbEntity
  8
ROADS
100
AcDbPolyline
 90
2
 70
0
 10
638905.8310482248
 20
4839190.725284442
 10
638952.1030086727
 20
4839216.5167727135
  0
LWPOLYLINE
  5
1FE
330
17
100
AcDbEntity
  8
ROADS
100
AcDbPolyline
 90
2
 70
0
 10
638813.0746260198
 20
4839151.221652564
 10
638776.9682048202
 20
4839276.076602757
  0
LWPOLYLINE
  5
1FF
330
17
100
AcDbEntity
  8
ROADS
100
AcDbPolyline
 90
2
 70
0
 10
639109.1370029659
 20
4839190.106699809
 10
639156.6180947624
 20
4839256.034994494
  0
LWPOLYLINE
  5
200
330
17
100
AcDbEntity
  8
ROADS
100
AcDbPolyline
 90
2
 70
0
 10
638605.1724880897
 20
4839219.503617661
 10
638692.471670839
 20
4839249.5896243425
  0
LWPOLYLINE
  5
201
330
17
100
AcDbEntity
  8
ROADS
100
AcDbPolyline
 90
2
 70
0
 10
638905.8310482248
 20
4839190.725284442
 10
638869.7365563342
 20
4839302.066172604
  0
LWPOLYLINE
  5
202
330
17
100
AcDbEntity
  8
ROADS
100
AcDbPolyline
 90
2
 70
0
 10
639198.667005822
 20
4839123.087598263
 10
639170.8553319843
 20
4839210.766102588
  0
LWPOLYLINE
  5
203
330
17
100
AcDbEntity
  8
ROADS
100
AcDbPolyline
 90
2
 70
0
 10
639481.2491887663
 20
4839093.04402846
 10
639419.809986825
 20
4839289.9190935865
  0
LWPOLYLINE
  5
204
330
17
100
AcDbEntity
  8
ROADS
100
AcDbPolyline
 90
2
 70
0
 10
639674.7677113572
 20
4839181.423171622
 10
639786.4398002721
 20
4839218.6298357295
  0
LWPOLYLINE
  5
205
330
17
100
AcDbEntity
  8
ROADS
100
AcDbPolyline
 90
2
 70
0
 10
639575.4297446227
 20
4839123.215556867
 10
639514.1986600469
 20
4839320.691496069
  0
LWPOLYLINE
  5
206
330
17
100
AcDbEntity
  8
ROADS
100
AcDbPolyline
 90
2
 70
0
 10
639170.8553319843
 20
4839210.766102588
 10
639252.1477152188
 20
4839237.002124146
  0
LWPOLYLINE
  5
207
330
17
100
AcDbEntity
  8
ROADS
100
AcDbPolyline
 90
2
 70
0
 10
639170.8553319843
 20
4839210.766102588
 10
639156.6180947624
 20
4839256.034994494
  0
LWPOLYLINE
  5
208
330
17
100
AcDbEntity
  8
ROADS
100
AcDbPolyline
 90
2
 70
0
 10
639252.1477152188
 20
4839237.002124146
 10
639329.6160530366
 20
4839261.451811181
  0
LWPOLYLINE
  5
209
330
17
100
AcDbEntity
  8
ROADS
100
AcDbPolyline
 90
2
 70
0
 10
639674.7677113572
 20
4839181.423171622
 10
639617.9759995728
 20
4839355.460141288
  0
LWPOLYLINE
  5
20A
330
17
100
AcDbEntity
  8
ROADS
100
AcDbPolyline
 90
2
 70
0
 10
639156.6180947624
 20
4839256.034994494
 10
639148.5806475332
 20
4839282.718214028
  0
LWPOLYLINE
  5
20B
330
17
100
AcDbEntity
  8
ROADS
100
AcDbPolyline
 90
2
 70
0
 10
639329.6160530366
 20
4839261.451811181
 10
639419.809986825
 20
4839289.9190935865
  0
LWPOLYLINE
  5
20C
330
17
100
AcDbEntity
  8
ROADS
100
AcDbPolyline
 90
2
 70
0
 10
638424.6831461012
 20
4839160.795232177
 10
638440.0208305992
 20
4839166.643223778
  0
LWPOLYLINE
  5
20D
330
17
100
AcDbEntity
  8
ROADS
100
AcDbPolyline
 90
2
 70
0
 10
638440.0208305992
 20
4839166.643223778
 10
638516.5048979819
 20
4839191.590082049
  0
LWPOLYLINE
  5
20E
330
17
100
AcDbEntity
  8
ROADS
100
AcDbPolyline
 90
2
 70
0
 10
638424.6831461012
 20
4839160.795232177
 10
638410.5133453277
 20
4839203.831031843
  0
LWPOLYLINE
  5
20F
330
17
100
AcDbEntity
  8
ROADS
100
AcDbPolyline
 90
2
 70
0
 10
638324.4033623763
 20
4839175.623750729
 10
638369.1296383559
 20
4839190.2731724195
  0
LWPOLYLINE
  5
210
330
17
100
AcDbEntity
  8
ROADS
100
AcDbPolyline
 90
2
 70
0
 10
638369.1296383559
 20
4839190.2731724195
 10
638410.5133453277
 20
4839203.831031843
  0
LWPOLYLINE
  5
211
330
17
100
AcDbEntity
  8
ROADS
100
AcDbPolyline
 90
2
 70
0
 10
638142.974923263
 20
4839151.697741098
 10
638108.7377109472
 20
4839255.298243175
  0
LWPOLYLINE
  5
212
330
17
100
AcDbEntity
  8
ROADS
100
AcDbPolyline
 90
2
 70
0
 10
638516.5048979819
 20
4839191.590082049
 10
638605.1724880897
 20
4839219.503617661
  0
LWPOLYLINE
  5
213
330
17
100
AcDbEntity
  8
ROADS
100
AcDbPolyline
 90
4
 70
0
 10
638142.974923263
 20
4839151.697741098
 10
638173.8420916195
 20
4839164.34427396
 10
638207.5077551496
 20
4839207.163290939
 10
638191.8804442232
 20
4839283.002806223
  0
LWPOLYLINE
  5
214
330
17
100
AcDbEntity
  8
ROADS
100
AcDbPolyline
 90
2
 70
0
 10
638025.7478629769
 20
4839228.320527564
 10
638108.7377109472
 20
4839255.298243175
  0
LWPOLYLINE
  5
215
330
17
100
AcDbEntity
  8
ROADS
100
AcDbPolyline
 90
2
 70
0
 10
638324.4033623763
 20
4839175.623750729
 10
638279.127683941
 20
4839311.033659189
  0
LWPOLYLINE
  5
216
330
17
100
AcDbEntity
  8
ROADS
100
AcDbPolyline
 90
2
 70
0
 10
638369.1296383559
 20
4839190.2731724195
 10
638323.7092699377
 20
4839326.051514903
  0
LWPOLYLINE
  5
217
330
17
100
AcDbEntity
  8
ROADS
100
AcDbPolyline
 90
2
 70
0
 10
638108.7377109472
 20
4839255.298243175
 10
638191.8804442232
 20
4839283.002806223
  0
LWPOLYLINE
  5
218
330
17
100
AcDbEntity
  8
ROADS
100
AcDbPolyline
 90
2
 70
0
 10
638410.5133453277
 20
4839203.831031843
 10
638364.5130932817
 20
4839339.3228726415
  0
LWPOLYLINE
  5
219
330
17
100
AcDbEntity
  8
ROADS
100
AcDbPolyline
 90
2
 70
0
 10
638516.5048979819
 20
4839191.590082049
 10
638454.7493787336
 20
4839369.082987931
  0
LWPOLYLINE
  5
21A
330
17
100
AcDbEntity
  8
ROADS
100
AcDbPolyline
 90
2
 70
0
 10
638191.8804442232
 20
4839283.002806223
 10
638279.127683941
 20
4839311.033659189
  0
LWPOLYLINE
  5
21B
330
17
100
AcDbEntity
  8
ROADS
100
AcDbPolyline
 90
2
 70
0
 10
638279.127683941
 20
4839311.033659189
 10
638323.7092699377
 20
4839326.051514903
  0
LWPOLYLINE
  5
21C
330
17
100
AcDbEntity
  8
ROADS
100
AcDbPolyline
 90
2
 70
0
 10
638108.7377109472
 20
4839255.298243175
 10
638057.6674175964
 20
4839405.803660291
  0
LWPOLYLINE
  5
21D
330
17
100
AcDbEntity
  8
ROADS
100
AcDbPolyline
 90
2
 70
0
 10
638323.7092699377
 20
4839326.051514903
 10
638364.5130932817
 20
4839339.3228726415
  0
LWPOLYLINE
  5
21E
330
17
100
AcDbEntity
  8
ROADS
100
AcDbPolyline
 90
2
 70
0
 10
638364.5130932817
 20
4839339.3228726415
 10
638454.7493787336
 20
4839369.082987931
  0
LWPOLYLINE
  5
21F
330
17
100
AcDbEntity
  8
ROADS
100
AcDbPolyline
 90
2
 70
0
 10
638191.8804442232
 20
4839283.002806223
 10
638135.7819805089
 20
4839450.350895412
  0
LWPOLYLINE
  5
220
330
17
100
AcDbEntity
  8
ROADS
100
AcDbPolyline
 90
2
 70
0
 10
638692.471670839
 20
4839249.5896243425
 10
638776.9682048202
 20
4839276.076602757
  0
LWPOLYLINE
  5
221
330
17
100
AcDbEntity
  8
ROADS
100
AcDbPolyline
 90
2
 70
0
 10
638776.9682048202
 20
4839276.076602757
 10
638826.3562823206
 20
4839289.742287422
  0
LWPOLYLINE
  5
222
330
17
100
AcDbEntity
  8
ROADS
100
AcDbPolyline
 90
2
 70
0
 10
638826.3562823206
 20
4839289.742287422
 10
638869.7365563342
 20
4839302.066172604
  0
LWPOLYLINE
  5
223
330
17
100
AcDbEntity
  8
ROADS
100
AcDbPolyline
 90
2
 70
0
 10
638605.1724880897
 20
4839219.503617661
 10
638544.5808890585
 20
4839398.442758503
  0
LWPOLYLINE
  5
224
330
17
100
AcDbEntity
  8
ROADS
100
AcDbPolyline
 90
2
 70
0
 10
638776.9682048202
 20
4839276.076602757
 10
638750.3332188324
 20
4839369.665839681
  0
LWPOLYLINE
  5
225
330
17
100
AcDbEntity
  8
ROADS
100
AcDbPolyline
 90
2
 70
0
 10
639148.5806475332
 20
4839282.718214028
 10
639118.0269748807
 20
4839375.631603591
  0
LWPOLYLINE
  5
226
330
17
100
AcDbEntity
  8
ROADS
100
AcDbPolyline
 90
2
 70
0
 10
638692.471670839
 20
4839249.5896243425
 10
638632.3156825285
 20
4839427.113550495
  0
LWPOLYLINE
  5
227
330
17
100
AcDbEntity
  8
ROADS
100
AcDbPolyline
 90
2
 70
0
 10
638869.7365563342
 20
4839302.066172604
 10
639118.0269748807
 20
4839375.631603591
  0
LWPOLYLINE
  5
228
330
17
100
AcDbEntity
  8
ROADS
100
AcDbPolyline
 90
2
 70
0
 10
638826.3562823206
 20
4839289.742287422
 10
638893.6568867874
 20
4839417.827076782
  0
LWPOLYLINE
  5
229
330
17
100
AcDbEntity
  8
ROADS
100
AcDbPolyline
 90
2
 70
0
 10
638750.3332188324
 20
4839369.665839681
 10
638893.6568867874
 20
4839417.827076782
  0
LWPOLYLINE
  5
22A
330
17
100
AcDbEntity
  8
ROADS
100
AcDbPolyline
 90
2
 70
0
 10
639156.6180947624
 20
4839256.034994494
 10
639246.953254574
 20
4839310.526364823
  0
LWPOLYLINE
  5
22B
330
17
100
AcDbEntity
  8
ROADS
100
AcDbPolyline
 90
2
 70
0
 10
639419.809986825
 20
4839289.9190935865
 10
639514.1986600469
 20
4839320.691496069
  0
LWPOLYLINE
  5
22C
330
17
100
AcDbEntity
  8
ROADS
100
AcDbPolyline
 90
2
 70
0
 10
639786.4398002721
 20
4839218.6298357295
 10
639729.3798443708
 20
4839394.72220949
  0
LWPOLYLINE
  5
22D
330
17
100
AcDbEntity
  8
ROADS
100
AcDbPolyline
 90
2
 70
0
 10
639514.1986600469
 20
4839320.691496069
 10
639617.9759995728
 20
4839355.460141288
  0
LWPOLYLINE
  5
22E
330
17
100
AcDbEntity
  8
ROADS
100
AcDbPolyline
 90
2
 70
0
 10
639419.809986825
 20
4839289.9190935865
 10
639388.0756143492
 20
4839391.819084175
  0
LWPOLYLINE
  5
22F
330
17
100
AcDbEntity
  8
ROADS
100
AcDbPolyline
 90
3
 70
0
 10
639324.5422918204
 20
4839349.200648266
 10
639335.3383850543
 20
4839373.357309322
 10
639388.0756143492
 20
4839391.819084175
  0
LWPOLYLINE
  5
230
330
17
100
AcDbEntity
  8
ROADS
100
AcDbPolyline
 90
2
 70
0
 10
639617.9759995728
 20
4839355.460141288
 10
639729.3798443708
 20
4839394.72220949
  0
LWPOLYLINE
  5
231
330
17
100
AcDbEntity
  8
ROADS
100
AcDbPolyline
 90
2
 70
0
 10
639118.0269748807
 20
4839375.631603591
 10
639206.7846903357
 20
4839403.878398383
  0
LWPOLYLINE
  5
232
330
17
100
AcDbEntity
  8
ROADS
100
AcDbPolyline
 90
2
 70
0
 10
639514.1986600469
 20
4839320.691496069
 10
639464.2290149782
 20
4839484.421749794
  0
LWPOLYLINE
  5
233
330
17
100
AcDbEntity
  8
ROADS
100
AcDbPolyline
 90
2
 70
0
 10
639729.3798443708
 20
4839394.72220949
 10
639806.2405292942
 20
4839419.375994572
  0
LWPOLYLINE
  5
234
330
17
100
AcDbEntity
  8
ROADS
100
AcDbPolyline
 90
2
 70
0
 10
638279.127683941
 20
4839311.033659189
 10
638234.7009902392
 20
4839443.792637694
  0
LWPOLYLINE
  5
235
330
17
100
AcDbEntity
  8
ROADS
100
AcDbPolyline
 90
2
 70
0
 10
638454.7493787336
 20
4839369.082987931
 10
638544.5808890585
 20
4839398.442758503
  0
LWPOLYLINE
  5
236
330
17
100
AcDbEntity
  8
ROADS
100
AcDbPolyline
 90
2
 70
0
 10
638057.6674175964
 20
4839405.803660291
 10
638135.7819805089
 20
4839450.350895412
  0
LWPOLYLINE
  5
237
330
17
100
AcDbEntity
  8
ROADS
100
AcDbPolyline
 90
2
 70
0
 10
638234.7009902392
 20
4839443.792637694
 10
638319.6107388037
 20
4839471.838253926
  0
LWPOLYLINE
  5
238
330
17
100
AcDbEntity
  8
ROADS
100
AcDbPolyline
 90
2
 70
0
 10
638544.5808890585
 20
4839398.442758503
 10
638499.7600089371
 20
4839532.311807
  0
LWPOLYLINE
  5
239
330
17
100
AcDbEntity
  8
ROADS
100
AcDbPolyline
 90
2
 70
0
 10
638234.7009902392
 20
4839443.792637694
 10
638216.1538091106
 20
4839498.1022874685
  0
LWPOLYLINE
  5
23A
330
17
100
AcDbEntity
  8
ROADS
100
AcDbPolyline
 90
2
 70
0
 10
638135.7819805089
 20
4839450.350895412
 10
638216.1538091106
 20
4839498.1022874685
  0
LWPOLYLINE
  5
23B
330
17
100
AcDbEntity
  8
ROADS
100
AcDbPolyline
 90
2
 70
0
 10
638319.6107388037
 20
4839471.838253926
 10
638409.9996849091
 20
4839502.722269992
  0
LWPOLYLINE
  5
23C
330
17
100
AcDbEntity
  8
ROADS
100
AcDbPolyline
 90
2
 70
0
 10
638409.9996849091
 20
4839502.722269992
 10
638499.7600089371
 20
4839532.311807
  0
LWPOLYLINE
  5
23D
330
17
100
AcDbEntity
  8
ROADS
100
AcDbPolyline
 90
2
 70
0
 10
638409.9996849091
 20
4839502.722269992
 10
638396.3264296139
 20
4839545.507012305
  0
LWPOLYLINE
  5
23E
330
17
100
AcDbEntity
  8
ROADS
100
AcDbPolyline
 90
3
 70
0
 10
639617.9759995728
 20
4839355.460141288
 10
639594.5423113552
 20
4839428.508482968
 10
639705.7573477098
 20
4839469.582337428
  0
LWPOLYLINE
  5
23F
330
17
100
AcDbEntity
  8
ROADS
100
AcDbPolyline
 90
2
 70
0
 10
639206.7846903357
 20
4839403.878398383
 10
639294.8622312748
 20
4839431.247817973
  0
LWPOLYLINE
  5
240
330
17
100
AcDbEntity
  8
ROADS
100
AcDbPolyline
 90
2
 70
0
 10
639388.0756143492
 20
4839391.819084175
 10
639368.7725218168
 20
4839453.801004432
  0
LWPOLYLINE
  5
241
330
17
100
AcDbEntity
  8
ROADS
100
AcDbPolyline
 90
2
 70
0
 10
639729.3798443708
 20
4839394.72220949
 10
639705.7573477098
 20
4839469.582337428
  0
LWPOLYLINE
  5
242
330
17
100
AcDbEntity
  8
ROADS
100
AcDbPolyline
 90
2
 70
0
 10
639206.7846903357
 20
4839403.878398383
 10
639285.6651712863
 20
4839461.937961021
  0
LWPOLYLINE
  5
243
330
17
100
AcDbEntity
  8
ROADS
100
AcDbPolyline
 90
2
 70
0
 10
639294.8622312748
 20
4839431.247817973
 10
639324.8458666564
 20
4839439.944048212
  0
LWPOLYLINE
  5
244
330
17
100
AcDbEntity
  8
ROADS
100
AcDbPolyline
 90
2
 70
0
 10
639294.8622312748
 20
4839431.247817973
 10
639285.6651712863
 20
4839461.937961021
  0
LWPOLYLINE
  5
245
330
17
100
AcDbEntity
  8
ROADS
100
AcDbPolyline
 90
2
 70
0
 10
639324.8458666564
 20
4839439.944048212
 10
639368.7725218168
 20
4839453.801004432
  0
LWPOLYLINE
  5
246
330
17
100
AcDbEntity
  8
ROADS
100
AcDbPolyline
 90
2
 70
0
 10
639368.7725218168
 20
4839453.801004432
 10
639464.2290149782
 20
4839484.421749794
  0
LWPOLYLINE
  5
247
330
17
100
AcDbEntity
  8
ROADS
100
AcDbPolyline
 90
3
 70
0
 10
639285.6651712863
 20
4839461.937961021
 10
639320.771540424
 20
4839468.0231036395
 10
639363.975068127
 20
4839516.323368169
  0
LWPOLYLINE
  5
248
330
17
100
AcDbEntity
  8
ROADS
100
AcDbPolyline
 90
2
 70
0
 10
639118.0269748807
 20
4839375.631603591
 10
639095.3716776156
 20
4839443.522912429
  0
LWPOLYLINE
  5
249
330
17
100
AcDbEntity
  8
ROADS
100
AcDbPolyline
 90
2
 70
0
 10
638544.5808890585
 20
4839398.442758503
 10
638632.3156825285
 20
4839427.113550495
  0
LWPOLYLINE
  5
24A
330
17
100
AcDbEntity
  8
ROADS
100
AcDbPolyline
 90
2
 70
0
 10
638750.3332188324
 20
4839369.665839681
 10
638720.6582920486
 20
4839457.291497282
  0
LWPOLYLINE
  5
24B
330
17
100
AcDbEntity
  8
ROADS
100
AcDbPolyline
 90
2
 70
0
 10
638950.4536392562
 20
4839401.615903224
 10
639095.3716776156
 20
4839443.522912429
  0
LWPOLYLINE
  5
24C
330
17
100
AcDbEntity
  8
ROADS
100
AcDbPolyline
 90
2
 70
0
 10
638632.3156825285
 20
4839427.113550495
 10
638720.6582920486
 20
4839457.291497282
  0
LWPOLYLINE
  5
24D
330
17
100
AcDbEntity
  8
ROADS
100
AcDbPolyline
 90
2
 70
0
 10
638893.6568867874
 20
4839417.827076782
 10
638861.1517335274
 20
4839504.011431463
  0
LWPOLYLINE
  5
24E
330
17
100
AcDbEntity
  8
ROADS
100
AcDbPolyline
 90
2
 70
0
 10
638893.6568867874
 20
4839417.827076782
 10
638955.9046724472
 20
4839539.791921148
  0
LWPOLYLINE
  5
24F
330
17
100
AcDbEntity
  8
ROADS
100
AcDbPolyline
 90
2
 70
0
 10
638720.6582920486
 20
4839457.291497282
 10
638861.1517335274
 20
4839504.011431463
  0
LWPOLYLINE
  5
250
330
17
100
AcDbEntity
  8
ROADS
100
AcDbPolyline
 90
2
 70
0
 10
638632.3156825285
 20
4839427.113550495
 10
638587.2052963409
 20
4839560.427340133
  0
LWPOLYLINE
  5
251
330
17
100
AcDbEntity
  8
ROADS
100
AcDbPolyline
 90
2
 70
0
 10
638720.6582920486
 20
4839457.291497282
 10
638691.7928740201
 20
4839547.214004475
  0
LWPOLYLINE
  5
252
330
17
100
AcDbEntity
  8
ROADS
100
AcDbPolyline
 90
2
 70
0
 10
639095.3716776156
 20
4839443.522912429
 10
639048.7553228844
 20
4839589.565381531
  0
LWPOLYLINE
  5
253
330
17
100
AcDbEntity
  8
ROADS
100
AcDbPolyline
 90
2
 70
0
 10
638861.1517335274
 20
4839504.011431463
 10
638833.805930325
 20
4839587.217812196
  0
LWPOLYLINE
  5
254
330
17
100
AcDbEntity
  8
ROADS
100
AcDbPolyline
 90
2
 70
0
 10
638691.7928740201
 20
4839547.214004475
 10
638833.805930325
 20
4839587.217812196
  0
LWPOLYLINE
  5
255
330
17
100
AcDbEntity
  8
ROADS
100
AcDbPolyline
 90
2
 70
0
 10
638691.7928740201
 20
4839547.214004475
 10
638677.3143474835
 20
4839590.948305476
  0
LWPOLYLINE
  5
256
330
17
100
AcDbEntity
  8
ROADS
100
AcDbPolyline
 90
2
 70
0
 10
638587.2052963409
 20
4839560.427340133
 10
638677.3143474835
 20
4839590.948305476
  0
LWPOLYLINE
  5
257
330
17
100
AcDbEntity
  8
ROADS
100
AcDbPolyline
 90
2
 70
0
 10
639048.7553228844
 20
4839589.565381531
 10
639137.6040158969
 20
4839617.093303094
  0
LWPOLYLINE
  5
258
330
17
100
AcDbEntity
  8
ROADS
100
AcDbPolyline
 90
2
 70
0
 10
638955.9046724472
 20
4839539.791921148
 10
639016.0370101344
 20
4839685.980899408
  0
LWPOLYLINE
  5
259
330
17
100
AcDbEntity
  8
ROADS
100
AcDbPolyline
 90
2
 70
0
 10
638677.3143474835
 20
4839590.948305476
 10
638653.6342182974
 20
4839664.352002269
  0
LWPOLYLINE
  5
25A
330
17
100
AcDbEntity
  8
ROADS
100
AcDbPolyline
 90
2
 70
0
 10
639048.7553228844
 20
4839589.565381531
 10
639016.0370101344
 20
4839685.980899408
  0
LWPOLYLINE
  5
25B
330
17
100
AcDbEntity
  8
ROADS
100
AcDbPolyline
 90
2
 70
0
 10
638833.805930325
 20
4839587.217812196
 10
638792.5620360114
 20
4839710.431630621
  0
LWPOLYLINE
  5
25C
330
17
100
AcDbEntity
  8
ROADS
100
AcDbPolyline
 90
2
 70
0
 10
638216.1538091106
 20
4839498.1022874685
 10
638192.8030515919
 20
4839566.238348056
  0
LWPOLYLINE
  5
25D
330
17
100
AcDbEntity
  8
ROADS
100
AcDbPolyline
 90
3
 70
0
 10
638319.6107388037
 20
4839471.838253926
 10
638285.2776612394
 20
4839588.415279399
 10
638372.4545268945
 20
4839615.360842899
  0
LWPOLYLINE
  5
25E
330
17
100
AcDbEntity
  8
ROADS
100
AcDbPolyline
 90
2
 70
0
 10
638499.7600089371
 20
4839532.311807
 10
638587.2052963409
 20
4839560.427340133
  0
LWPOLYLINE
  5
25F
330
17
100
AcDbEntity
  8
ROADS
100
AcDbPolyline
 90
2
 70
0
 10
638499.7600089371
 20
4839532.311807
 10
638485.79070885
 20
4839574.323130332
  0
LWPOLYLINE
  5
260
330
17
100
AcDbEntity
  8
ROADS
100
AcDbPolyline
 90
2
 70
0
 10
638396.3264296139
 20
4839545.507012305
 10
638485.79070885
 20
4839574.323130332
  0
LWPOLYLINE
  5
261
330
17
100
AcDbEntity
  8
ROADS
100
AcDbPolyline
 90
2
 70
0
 10
638396.3264296139
 20
4839545.507012305
 10
638372.4545268945
 20
4839615.360842899
  0
LWPOLYLINE
  5
262
330
17
100
AcDbEntity
  8
ROADS
100
AcDbPolyline
 90
2
 70
0
 10
638192.8030515919
 20
4839566.238348056
 10
638165.1967293837
 20
4839648.42374829
  0
LWPOLYLINE
  5
263
330
17
100
AcDbEntity
  8
ROADS
100
AcDbPolyline
 90
3
 70
0
 10
638165.1967293837
 20
4839648.42374829
 10
638100.1245443948
 20
4839621.33804586
 10
638045.622504263
 20
4839620.337025568
  0
LWPOLYLINE
  5
264
330
17
100
AcDbEntity
  8
ROADS
100
AcDbPolyline
 90
2
 70
0
 10
638372.4545268945
 20
4839615.360842899
 10
638357.2348839086
 20
4839660.866861565
  0
LWPOLYLINE
  5
265
330
17
100
AcDbEntity
  8
ROADS
100
AcDbPolyline
 90
3
 70
0
 10
638485.79070885
 20
4839574.323130332
 10
638436.5181967244
 20
4839739.377582793
 10
638445.9832566754
 20
4839749.429766828
  0
LWPOLYLINE
  5
266
330
17
100
AcDbEntity
  8
ROADS
100
AcDbPolyline
 90
2
 70
0
 10
638587.2052963409
 20
4839560.427340133
 10
638517.3779574023
 20
4839770.719341083
  0
LWPOLYLINE
  5
267
330
17
100
AcDbEntity
  8
ROADS
100
AcDbPolyline
 90
2
 70
0
 10
638165.1967293837
 20
4839648.42374829
 10
638276.2075275396
 20
4839696.502479784
  0
LWPOLYLINE
  5
268
330
17
100
AcDbEntity
  8
ROADS
100
AcDbPolyline
 90
2
 70
0
 10
638165.1967293837
 20
4839648.42374829
 10
638143.0308230349
 20
4839718.286385917
  0
LWPOLYLINE
  5
269
330
17
100
AcDbEntity
  8
ROADS
100
AcDbPolyline
 90
2
 70
0
 10
638282.3059441391
 20
4839680.646291932
 10
638276.2075275396
 20
4839696.502479784
  0
LWPOLYLINE
  5
26A
330
17
100
AcDbEntity
  8
ROADS
100
AcDbPolyline
 90
2
 70
0
 10
638276.2075275396
 20
4839696.502479784
 10
638365.2215963249
 20
4839714.545957063
  0
LWPOLYLINE
  5
26B
330
17
100
AcDbEntity
  8
ROADS
100
AcDbPolyline
 90
2
 70
0
 10
638276.2075275396
 20
4839696.502479784
 10
638332.1843220115
 20
4839727.543551622
  0
LWPOLYLINE
  5
26C
330
17
100
AcDbEntity
  8
ROADS
100
AcDbPolyline
 90
2
 70
0
 10
638350.7074131127
 20
4839727.249106439
 10
638365.2215963249
 20
4839714.545957063
  0
LWPOLYLINE
  5
26D
330
17
100
AcDbEntity
  8
ROADS
100
AcDbPolyline
 90
3
 70
0
 10
638332.1843220115
 20
4839727.543551622
 10
638340.7779734512
 20
4839714.783295284
 10
638350.7074131127
 20
4839727.249106439
  0
LWPOLYLINE
  5
26E
330
17
100
AcDbEntity
  8
ROADS
100
AcDbPolyline
 90
2
 70
0
 10
638332.1843220115
 20
4839727.543551622
 10
638350.7074131127
 20
4839727.249106439
  0
LWPOLYLINE
  5
26F
330
17
100
AcDbEntity
  8
ROADS
100
AcDbPolyline
 90
4
 70
0
 10
638365.2215963249
 20
4839714.545957063
 10
638415.6791747151
 20
4839767.516290919
 10
638406.6985427553
 20
4839749.925150931
 10
638426.8989946856
 20
4839759.459489261
  0
LWPOLYLINE
  5
270
330
17
100
AcDbEntity
  8
ROADS
100
AcDbPolyline
 90
2
 70
0
 10
638653.6342182974
 20
4839664.352002269
 10
638792.5620360114
 20
4839710.431630621
  0
LWPOLYLINE
  5
271
330
17
100
AcDbEntity
  8
ROADS
100
AcDbPolyline
 90
2
 70
0
 10
639137.6040158969
 20
4839617.093303094
 10
639089.2896339846
 20
4839770.586276615
  0
LWPOLYLINE
  5
272
330
17
100
AcDbEntity
  8
ROADS
100
AcDbPolyline
 90
2
 70
0
 10
638955.9046724472
 20
4839539.791921148
 10
638846.0066219504
 20
4839876.686527866
  0
LWPOLYLINE
  5
273
330
17
100
AcDbEntity
  8
ROADS
100
AcDbPolyline
 90
2
 70
0
 10
638653.6342182974
 20
4839664.352002269
 10
638624.2391008602
 20
4839753.865352896
  0
LWPOLYLINE
  5
274
330
17
100
AcDbEntity
  8
ROADS
100
AcDbPolyline
 90
2
 70
0
 10
639016.0370101344
 20
4839685.980899408
 10
639058.0434852967
 20
4839786.567587103
  0
LWPOLYLINE
  5
275
330
17
100
AcDbEntity
  8
ROADS
100
AcDbPolyline
 90
2
 70
0
 10
638792.5620360114
 20
4839710.431630621
 10
638763.6355923945
 20
4839798.305834762
  0
LWPOLYLINE
  5
276
330
17
100
AcDbEntity
  8
ROADS
100
AcDbPolyline
 90
2
 70
0
 10
638624.2391008602
 20
4839753.865352896
 10
638763.6355923945
 20
4839798.305834762
  0
LWPOLYLINE
  5
277
330
17
100
AcDbEntity
  8
ROADS
100
AcDbPolyline
 90
2
 70
0
 10
638624.2391008602
 20
4839753.865352896
 10
638608.6886137195
 20
4839800.686041081
  0
LWPOLYLINE
  5
278
330
17
100
AcDbEntity
  8
ROADS
100
AcDbPolyline
 90
2
 70
0
 10
639089.2896339846
 20
4839770.586276615
 10
639058.0434852967
 20
4839786.567587103
  0
LWPOLYLINE
  5
279
330
17
100
AcDbEntity
  8
ROADS
100
AcDbPolyline
 90
2
 70
0
 10
639089.2896339846
 20
4839770.586276615
 10
639146.5391598612
 20
4839790.26884855
  0
LWPOLYLINE
  5
27A
330
17
100
AcDbEntity
  8
ROADS
100
AcDbPolyline
 90
2
 70
0
 10
637225.8293839174
 20
4839194.155016459
 10
637386.7059128267
 20
4839251.0582845835
  0
LWPOLYLINE
  5
27B
330
17
100
AcDbEntity
  8
ROADS
100
AcDbPolyline
 90
2
 70
0
 10
637386.7059128267
 20
4839251.0582845835
 10
637424.9229084973
 20
4839268.889227502
  0
LWPOLYLINE
  5
27C
330
17
100
AcDbEntity
  8
ROADS
100
AcDbPolyline
 90
2
 70
0
 10
637219.9026380347
 20
4839244.91647592
 10
637214.289192759
 20
4839305.834534242
  0
LWPOLYLINE
  5
27D
330
17
100
AcDbEntity
  8
ROADS
100
AcDbPolyline
 90
4
 70
0
 10
637479.6477085999
 20
4839312.798696746
 10
637515.6957879574
 20
4839313.808357426
 10
637495.2044663392
 20
4839301.503552667
 10
637479.6477085999
 20
4839312.798696746
  0
LWPOLYLINE
  5
27E
330
17
100
AcDbEntity
  8
ROADS
100
AcDbPolyline
 90
3
 70
0
 10
637468.1678570966
 20
4839323.456527278
 10
637454.0416102186
 20
4839304.712263928
 10
637479.6477085999
 20
4839312.798696746
  0
LWPOLYLINE
  5
27F
330
17
100
AcDbEntity
  8
ROADS
100
AcDbPolyline
 90
2
 70
0
 10
637424.9229084973
 20
4839268.889227502
 10
637395.2298151207
 20
4839364.823985793
  0
LWPOLYLINE
  5
280
330
17
100
AcDbEntity
  8
ROADS
100
AcDbPolyline
 90
2
 70
0
 10
637479.6477085999
 20
4839312.798696746
 10
637468.1678570966
 20
4839323.456527278
  0
LWPOLYLINE
  5
281
330
17
100
AcDbEntity
  8
ROADS
100
AcDbPolyline
 90
2
 70
0
 10
637214.289192759
 20
4839305.834534242
 10
637208.3518799867
 20
4839362.099304741
  0
LWPOLYLINE
  5
282
330
17
100
AcDbEntity
  8
ROADS
100
AcDbPolyline
 90
2
 70
0
 10
637214.289192759
 20
4839305.834534242
 10
637379.0626763221
 20
4839365.440095778
  0
LWPOLYLINE
  5
283
330
17
100
AcDbEntity
  8
ROADS
100
AcDbPolyline
 90
3
 70
0
 10
637395.2298151207
 20
4839364.823985793
 10
637472.366887054
 20
4839355.448113966
 10
637468.1678570966
 20
4839323.456527278
  0
LWPOLYLINE
  5
284
330
17
100
AcDbEntity
  8
ROADS
100
AcDbPolyline
 90
2
 70
0
 10
636935.8323735677
 20
4839179.697094865
 10
636991.4212931189
 20
4839198.225302045
  0
LWPOLYLINE
  5
285
330
17
100
AcDbEntity
  8
ROADS
100
AcDbPolyline
 90
2
 70
0
 10
636991.4212931189
 20
4839198.225302045
 10
637039.6422234356
 20
4839214.947073942
  0
LWPOLYLINE
  5
286
330
17
100
AcDbEntity
  8
ROADS
100
AcDbPolyline
 90
2
 70
0
 10
637039.6422234356
 20
4839214.947073942
 10
637067.4611756521
 20
4839222.829999157
  0
LWPOLYLINE
  5
287
330
17
100
AcDbEntity
  8
ROADS
100
AcDbPolyline
 90
2
 70
0
 10
637067.4611756521
 20
4839222.829999157
 10
637219.9026380347
 20
4839244.91647592
  0
LWPOLYLINE
  5
288
330
17
100
AcDbEntity
  8
ROADS
100
AcDbPolyline
 90
2
 70
0
 10
636991.4212931189
 20
4839198.225302045
 10
636957.2597755243
 20
4839298.070952277
  0
LWPOLYLINE
  5
289
330
17
100
AcDbEntity
  8
ROADS
100
AcDbPolyline
 90
2
 70
0
 10
637067.4611756521
 20
4839222.829999157
 10
637018.3760233175
 20
4839367.376317532
  0
LWPOLYLINE
  5
28A
330
17
100
AcDbEntity
  8
ROADS
100
AcDbPolyline
 90
2
 70
0
 10
636969.6380080739
 20
4839343.851000928
 10
637018.3760233175
 20
4839367.376317532
  0
LWPOLYLINE
  5
28B
330
17
100
AcDbEntity
  8
ROADS
100
AcDbPolyline
 90
4
 70
0
 10
637018.3760233175
 20
4839367.376317532
 10
637065.9687303188
 20
4839384.051746904
 10
637133.41789381
 20
4839355.416213187
 10
637208.3518799867
 20
4839362.099304741
  0
LWPOLYLINE
  5
28C
330
17
100
AcDbEntity
  8
ROADS
100
AcDbPolyline
 90
2
 70
0
 10
637882.7477405178
 20
4839183.798684405
 10
638025.7478629769
 20
4839228.320527564
  0
LWPOLYLINE
  5
28D
330
17
100
AcDbEntity
  8
ROADS
100
AcDbPolyline
 90
2
 70
0
 10
637698.6573841394
 20
4839210.618284406
 10
637746.0468706187
 20
4839226.204945979
  0
LWPOLYLINE
  5
28E
330
17
100
AcDbEntity
  8
ROADS
100
AcDbPolyline
 90
2
 70
0
 10
637698.6573841394
 20
4839210.618284406
 10
637665.3495034464
 20
4839314.372467979
  0
LWPOLYLINE
  5
28F
330
17
100
AcDbEntity
  8
ROADS
100
AcDbPolyline
 90
2
 70
0
 10
637882.7477405178
 20
4839183.798684405
 10
637826.2255239243
 20
4839365.012268908
  0
LWPOLYLINE
  5
290
330
17
100
AcDbEntity
  8
ROADS
100
AcDbPolyline
 90
3
 70
0
 10
637665.3495034464
 20
4839314.372467979
 10
637635.1079721333
 20
4839331.051988241
 10
637571.382136358
 20
4839307.441065578
  0
LWPOLYLINE
  5
291
330
17
100
AcDbEntity
  8
ROADS
100
AcDbPolyline
 90
2
 70
0
 10
637665.3495034464
 20
4839314.372467979
 10
637672.651048073
 20
4839331.020096739
  0
LWPOLYLINE
  5
292
330
17
100
AcDbEntity
  8
ROADS
100
AcDbPolyline
 90
2
 70
0
 10
638019.2751829962
 20
4839384.609182202
 10
638057.6674175964
 20
4839405.803660291
  0
LWPOLYLINE
  5
293
330
17
100
AcDbEntity
  8
ROADS
100
AcDbPolyline
 90
2
 70
0
 10
637605.5839620777
 20
4839445.33456764
 10
637647.6738246079
 20
4839500.121545212
  0
LWPOLYLINE
  5
294
330
17
100
AcDbEntity
  8
ROADS
100
AcDbPolyline
 90
2
 70
0
 10
637826.2255239243
 20
4839365.012268908
 10
637756.4608669048
 20
4839590.235360411
  0
LWPOLYLINE
  5
295
330
17
100
AcDbEntity
  8
ROADS
100
AcDbPolyline
 90
5
 70
0
 10
637605.5839620777
 20
4839445.33456764
 10
637615.3144090266
 20
4839431.097258302
 10
637731.4665171651
 20
4839453.139411612
 10
637726.9441281498
 20
4839533.461109241
 10
637667.5816666291
 20
4839541.389513683
  0
LWPOLYLINE
  5
296
330
17
100
AcDbEntity
  8
ROADS
100
AcDbPolyline
 90
2
 70
0
 10
637395.2298151207
 20
4839364.823985793
 10
637379.0626763221
 20
4839365.440095778
  0
LWPOLYLINE
  5
297
330
17
100
AcDbEntity
  8
ROADS
100
AcDbPolyline
 90
2
 70
0
 10
637208.3518799867
 20
4839362.099304741
 10
637206.741228905
 20
4839396.4573262995
  0
LWPOLYLINE
  5
298
330
17
100
AcDbEntity
  8
ROADS
100
AcDbPolyline
 90
4
 70
0
 10
637206.741228905
 20
4839396.4573262995
 10
637264.3401741041
 20
4839413.945847652
 10
637355.2224508572
 20
4839413.232762516
 10
637379.0626763221
 20
4839365.440095778
  0
LWPOLYLINE
  5
299
330
17
100
AcDbEntity
  8
ROADS
100
AcDbPolyline
 90
5
 70
0
 10
637382.7676055955
 20
4839530.284845823
 10
637412.3343803991
 20
4839482.022229115
 10
637467.2065747422
 20
4839447.188602362
 10
637558.5466644274
 20
4839432.007461992
 10
637605.5839620777
 20
4839445.33456764
  0
LWPOLYLINE
  5
29A
330
17
100
AcDbEntity
  8
ROADS
100
AcDbPolyline
 90
2
 70
0
 10
637206.741228905
 20
4839396.4573262995
 10
637206.6714405917
 20
4839572.294719498
  0
LWPOLYLINE
  5
29B
330
17
100
AcDbEntity
  8
ROADS
100
AcDbPolyline
 90
3
 70
0
 10
637206.6714405917
 20
4839572.294719498
 10
637316.3473302422
 20
4839579.160845174
 10
637382.7676055955
 20
4839530.284845823
  0
LWPOLYLINE
  5
29C
330
17
100
AcDbEntity
  8
ROADS
100
AcDbPolyline
 90
3
 70
0
 10
637382.7676055955
 20
4839530.284845823
 10
637592.6735556646
 20
4839579.844541793
 10
637667.5816666291
 20
4839541.389513683
  0
LWPOLYLINE
  5
29D
330
17
100
AcDbEntity
  8
ROADS
100
AcDbPolyline
 90
2
 70
0
 10
637206.6714405917
 20
4839572.294719498
 10
637213.6876278274
 20
4839627.213186752
  0
LWPOLYLINE
  5
29E
330
17
100
AcDbEntity
  8
ROADS
100
AcDbPolyline
 90
2
 70
0
 10
637149.0755690497
 20
4839627.054355344
 10
637213.6876278274
 20
4839627.213186752
  0
LWPOLYLINE
  5
29F
330
17
100
AcDbEntity
  8
ROADS
100
AcDbPolyline
 90
3
 70
0
 10
637149.0755690497
 20
4839627.054355344
 10
637186.765579723
 20
4839673.790450354
 10
637220.9963109061
 20
4839675.5638438985
  0
LWPOLYLINE
  5
2A0
330
17
100
AcDbEntity
  8
ROADS
100
AcDbPolyline
 90
2
 70
0
 10
637093.2878804394
 20
4839604.966786644
 10
637127.0010445295
 20
4839627.082034922
  0
LWPOLYLINE
  5
2A1
330
17
100
AcDbEntity
  8
ROADS
100
AcDbPolyline
 90
2
 70
0
 10
637127.0010445295
 20
4839627.082034922
 10
637149.0755690497
 20
4839627.054355344
  0
LWPOLYLINE
  5
2A2
330
17
100
AcDbEntity
  8
ROADS
100
AcDbPolyline
 90
2
 70
0
 10
637113.8161187684
 20
4839633.518105474
 10
637127.0010445295
 20
4839627.082034922
  0
LWPOLYLINE
  5
2A3
330
17
100
AcDbEntity
  8
ROADS
100
AcDbPolyline
 90
2
 70
0
 10
637213.6876278274
 20
4839627.213186752
 10
637220.9963109061
 20
4839675.5638438985
  0
LWPOLYLINE
  5
2A4
330
17
100
AcDbEntity
  8
ROADS
100
AcDbPolyline
 90
2
 70
0
 10
637220.9963109061
 20
4839675.5638438985
 10
637238.5277472798
 20
4839658.068376649
  0
LWPOLYLINE
  5
2A5
330
17
100
AcDbEntity
  8
ROADS
100
AcDbPolyline
 90
2
 70
0
 10
637220.9963109061
 20
4839675.5638438985
 10
637288.8416386424
 20
4839687.573265772
  0
LWPOLYLINE
  5
2A6
330
17
100
AcDbEntity
  8
ROADS
100
AcDbPolyline
 90
2
 70
0
 10
637288.8416386424
 20
4839687.573265772
 10
637272.0741223476
 20
4839722.50815934
  0
LWPOLYLINE
  5
2A7
330
17
100
AcDbEntity
  8
ROADS
100
AcDbPolyline
 90
2
 70
0
 10
637220.9963109061
 20
4839675.5638438985
 10
637222.3480768581
 20
4839745.640739736
  0
LWPOLYLINE
  5
2A8
330
17
100
AcDbEntity
  8
ROADS
100
AcDbPolyline
 90
2
 70
0
 10
637288.8416386424
 20
4839687.573265772
 10
637466.1759620407
 20
4839759.93693721
  0
LWPOLYLINE
  5
2A9
330
17
100
AcDbEntity
  8
ROADS
100
AcDbPolyline
 90
2
 70
0
 10
637272.0741223476
 20
4839722.50815934
 10
637281.0096629598
 20
4839733.026772517
  0
LWPOLYLINE
  5
2AA
330
17
100
AcDbEntity
  8
ROADS
100
AcDbPolyline
 90
4
 70
0
 10
637272.0741223476
 20
4839722.50815934
 10
637260.2757118612
 20
4839722.857757776
 10
637259.6748068903
 20
4839744.739901562
 10
637222.3480768581
 20
4839745.640739736
  0
LWPOLYLINE
  5
2AB
330
17
100
AcDbEntity
  8
ROADS
100
AcDbPolyline
 90
2
 70
0
 10
637222.3480768581
 20
4839745.640739736
 10
637221.9484149494
 20
4839760.8334310055
  0
LWPOLYLINE
  5
2AC
330
17
100
AcDbEntity
  8
ROADS
100
AcDbPolyline
 90
3
 70
0
 10
637466.1759620407
 20
4839759.93693721
 10
637510.7724900567
 20
4839766.272282696
 10
637581.2097402494
 20
4839749.317926997
  0
LWPOLYLINE
  5
2AD
330
17
100
AcDbEntity
  8
ROADS
100
AcDbPolyline
 90
2
 70
0
 10
637647.6738246079
 20
4839500.121545212
 10
637659.610117175
 20
4839495.578541629
  0
LWPOLYLINE
  5
2AE
330
17
100
AcDbEntity
  8
ROADS
100
AcDbPolyline
 90
3
 70
0
 10
637647.6738246079
 20
4839500.121545212
 10
637625.2116916643
 20
4839508.526502209
 10
637620.989351231
 20
4839534.892577644
  0
LWPOLYLINE
  5
2AF
330
17
100
AcDbEntity
  8
ROADS
100
AcDbPolyline
 90
2
 70
0
 10
637647.6738246079
 20
4839500.121545212
 10
637667.5816666291
 20
4839541.389513683
  0
LWPOLYLINE
  5
2B0
330
17
100
AcDbEntity
  8
ROADS
100
AcDbPolyline
 90
2
 70
0
 10
637667.5816666291
 20
4839541.389513683
 10
637756.4608669048
 20
4839590.235360411
  0
LWPOLYLINE
  5
2B1
330
17
100
AcDbEntity
  8
ROADS
100
AcDbPolyline
 90
2
 70
0
 10
637756.4608669048
 20
4839590.235360411
 10
637703.349777452
 20
4839745.799124569
  0
LWPOLYLINE
  5
2B2
330
17
100
AcDbEntity
  8
ROADS
100
AcDbPolyline
 90
2
 70
0
 10
637626.3522443305
 20
4839739.074605677
 10
637703.349777452
 20
4839745.799124569
  0
LWPOLYLINE
  5
2B3
330
17
100
AcDbEntity
  8
ROADS
100
AcDbPolyline
 90
2
 70
0
 10
637581.2097402494
 20
4839749.317926997
 10
637626.3522443305
 20
4839739.074605677
  0
LWPOLYLINE
  5
2B4
330
17
100
AcDbEntity
  8
ROADS
100
AcDbPolyline
 90
4
 70
0
 10
637626.3522443305
 20
4839739.074605677
 10
637627.4512733946
 20
4839850.298847039
 10
637588.2489766008
 20
4839958.954770046
 10
637608.1408304874
 20
4839982.5578255225
  0
LWPOLYLINE
  5
2B5
330
17
100
AcDbEntity
  8
ROADS
100
AcDbPolyline
 90
2
 70
0
 10
637703.349777452
 20
4839745.799124569
 10
637608.1408304874
 20
4839982.5578255225
  0
LWPOLYLINE
  5
2B6
330
17
100
AcDbEntity
  8
ROADS
100
AcDbPolyline
 90
3
 70
0
 10
637881.4359694091
 20
4839939.298889311
 10
637911.1554955959
 20
4839936.660287099
 10
637966.5972534284
 20
4839973.223707263
  0
LWPOLYLINE
  5
2B7
330
17
100
AcDbEntity
  8
ROADS
100
AcDbPolyline
 90
3
 70
0
 10
637581.2097402494
 20
4839749.317926997
 10
637577.6265469389
 20
4839780.210979522
 10
637537.2763323145
 20
4839797.704660758
  0
LWPOLYLINE
  5
2B8
330
17
100
AcDbEntity
  8
ROADS
100
AcDbPolyline
 90
3
 70
0
 10
637537.2763323145
 20
4839797.704660758
 10
637486.982051277
 20
4839794.753550738
 10
637466.1759620407
 20
4839759.93693721
  0
LWPOLYLINE
  5
2B9
330
17
100
AcDbEntity
  8
ROADS
100
AcDbPolyline
 90
2
 70
0
 10
637537.2763323145
 20
4839797.704660758
 10
637536.2735065962
 20
4839808.745544781
  0
LWPOLYLINE
  5
2BA
330
17
100
AcDbEntity
  8
ROADS
100
AcDbPolyline
 90
3
 70
0
 10
637266.8839160966
 20
4839802.936079619
 10
637320.1425097496
 20
4839801.559009186
 10
637336.7308667643
 20
4839858.470321632
  0
LWPOLYLINE
  5
2BB
330
17
100
AcDbEntity
  8
ROADS
100
AcDbPolyline
 90
3
 70
0
 10
637355.4301702479
 20
4839872.760661952
 10
637370.1524592506
 20
4839874.894477655
 10
637368.7816906112
 20
4839881.099600362
  0
LWPOLYLINE
  5
2BC
330
17
100
AcDbEntity
  8
ROADS
100
AcDbPolyline
 90
2
 70
0
 10
639137.6040158969
 20
4839617.093303094
 10
639225.4705080763
 20
4839644.683477238
  0
LWPOLYLINE
  5
2BD
330
17
100
AcDbEntity
  8
ROADS
100
AcDbPolyline
 90
2
 70
0
 10
639740.6610929908
 20
4839601.30181265
 10
639889.6967389089
 20
4839683.791040638
  0
LWPOLYLINE
  5
2BE
330
17
100
AcDbEntity
  8
ROADS
100
AcDbPolyline
 90
2
 70
0
 10
639225.4705080763
 20
4839644.683477238
 10
639312.9787834196
 20
4839671.345094281
  0
LWPOLYLINE
  5
2BF
330
17
100
AcDbEntity
  8
ROADS
100
AcDbPolyline
 90
2
 70
0
 10
639312.9787834196
 20
4839671.345094281
 10
639400.8658088483
 20
4839698.797654275
  0
LWPOLYLINE
  5
2C0
330
17
100
AcDbEntity
  8
ROADS
100
AcDbPolyline
 90
2
 70
0
 10
639400.8658088483
 20
4839698.797654275
 10
639444.4039436092
 20
4839712.957649017
  0
LWPOLYLINE
  5
2C1
330
17
100
AcDbEntity
  8
ROADS
100
AcDbPolyline
 90
2
 70
0
 10
639225.4705080763
 20
4839644.683477238
 10
639177.2106410598
 20
4839798.865540838
  0
LWPOLYLINE
  5
2C2
330
17
100
AcDbEntity
  8
ROADS
100
AcDbPolyline
 90
2
 70
0
 10
639312.9787834196
 20
4839671.345094281
 10
639265.5778098134
 20
4839827.028879352
  0
LWPOLYLINE
  5
2C3
330
17
100
AcDbEntity
  8
ROADS
100
AcDbPolyline
 90
2
 70
0
 10
639400.8658088483
 20
4839698.797654275
 10
639353.8448562401
 20
4839853.541258847
  0
LWPOLYLINE
  5
2C4
330
17
100
AcDbEntity
  8
ROADS
100
AcDbPolyline
 90
2
 70
0
 10
639146.5391598612
 20
4839790.26884855
 10
639177.2106410598
 20
4839798.865540838
  0
LWPOLYLINE
  5
2C5
330
17
100
AcDbEntity
  8
ROADS
100
AcDbPolyline
 90
2
 70
0
 10
639177.2106410598
 20
4839798.865540838
 10
639265.5778098134
 20
4839827.028879352
  0
LWPOLYLINE
  5
2C6
330
17
100
AcDbEntity
  8
ROADS
100
AcDbPolyline
 90
2
 70
0
 10
639016.0370101344
 20
4839685.980899408
 10
638932.7953276255
 20
4839946.817377501
  0
LWPOLYLINE
  5
2C7
330
17
100
AcDbEntity
  8
ROADS
100
AcDbPolyline
 90
2
 70
0
 10
638608.6886137195
 20
4839800.686041081
 10
638595.4425474448
 20
4839842.74145523
  0
LWPOLYLINE
  5
2C8
330
17
100
AcDbEntity
  8
ROADS
100
AcDbPolyline
 90
2
 70
0
 10
639058.0434852967
 20
4839786.567587103
 10
639114.549505805
 20
4839885.708462507
  0
LWPOLYLINE
  5
2C9
330
17
100
AcDbEntity
  8
ROADS
100
AcDbPolyline
 90
2
 70
0
 10
639146.5391598612
 20
4839790.26884855
 10
639114.549505805
 20
4839885.708462507
  0
LWPOLYLINE
  5
2CA
330
17
100
AcDbEntity
  8
ROADS
100
AcDbPolyline
 90
2
 70
0
 10
638763.6355923945
 20
4839798.305834762
 10
638734.6966721761
 20
4839887.752950084
  0
LWPOLYLINE
  5
2CB
330
17
100
AcDbEntity
  8
ROADS
100
AcDbPolyline
 90
2
 70
0
 10
638595.4425474448
 20
4839842.74145523
 10
638734.6966721761
 20
4839887.752950084
  0
LWPOLYLINE
  5
2CC
330
17
100
AcDbEntity
  8
ROADS
100
AcDbPolyline
 90
2
 70
0
 10
639058.6768655996
 20
4839851.557375138
 10
639018.8760117234
 20
4839974.0512810275
  0
LWPOLYLINE
  5
2CD
330
17
100
AcDbEntity
  8
ROADS
100
AcDbPolyline
 90
2
 70
0
 10
638838.6264886633
 20
4839885.498870683
 10
638932.7953276255
 20
4839946.817377501
  0
LWPOLYLINE
  5
2CE
330
17
100
AcDbEntity
  8
ROADS
100
AcDbPolyline
 90
4
 70
0
 10
638595.4425474448
 20
4839842.74145523
 10
638564.6048254269
 20
4839952.399110415
 10
638697.1415725369
 20
4839993.911787218
 10
638734.6966721761
 20
4839887.752950084
  0
LWPOLYLINE
  5
2CF
330
17
100
AcDbEntity
  8
ROADS
100
AcDbPolyline
 90
2
 70
0
 10
638932.7953276255
 20
4839946.817377501
 10
639018.8760117234
 20
4839974.0512810275
  0
LWPOLYLINE
  5
2D0
330
17
100
AcDbEntity
  8
ROADS
100
AcDbPolyline
 90
2
 70
0
 10
639265.5778098134
 20
4839827.028879352
 10
639353.8448562401
 20
4839853.541258847
  0
LWPOLYLINE
  5
2D1
330
17
100
AcDbEntity
  8
ROADS
100
AcDbPolyline
 90
2
 70
0
 10
639849.2078495964
 20
4839813.467539487
 10
639786.722772575
 20
4840007.815523477
  0
LWPOLYLINE
  5
2D2
330
17
100
AcDbEntity
  8
ROADS
100
AcDbPolyline
 90
2
 70
0
 10
639265.5778098134
 20
4839827.028879352
 10
639202.3894011106
 20
4840029.577600453
  0
LWPOLYLINE
  5
2D3
330
17
100
AcDbEntity
  8
ROADS
100
AcDbPolyline
 90
2
 70
0
 10
639114.549505805
 20
4839885.708462507
 10
639179.0904029254
 20
4840023.03946213
  0
LWPOLYLINE
  5
2D4
330
17
100
AcDbEntity
  8
ROADS
100
AcDbPolyline
 90
2
 70
0
 10
639353.8448562401
 20
4839853.541258847
 10
639290.7834848328
 20
4840055.368256061
  0
LWPOLYLINE
  5
2D5
330
17
100
AcDbEntity
  8
ROADS
100
AcDbPolyline
 90
3
 70
0
 10
639353.8448562401
 20
4839853.541258847
 10
639615.9409917253
 20
4839929.146154362
 10
639502.7523493412
 20
4840120.92544386
  0
LWPOLYLINE
  5
2D6
330
17
100
AcDbEntity
  8
ROADS
100
AcDbPolyline
 90
2
 70
0
 10
639179.0904029254
 20
4840023.03946213
 10
639202.3894011106
 20
4840029.577600453
  0
LWPOLYLINE
  5
2D7
330
17
100
AcDbEntity
  8
ROADS
100
AcDbPolyline
 90
2
 70
0
 10
639202.3894011106
 20
4840029.577600453
 10
639290.7834848328
 20
4840055.368256061
  0
LWPOLYLINE
  5
2D8
330
17
100
AcDbEntity
  8
ROADS
100
AcDbPolyline
 90
2
 70
0
 10
639786.722772575
 20
4840007.815523477
 10
639749.2023468035
 20
4840125.03940961
  0
LWPOLYLINE
  5
2D9
330
17
100
AcDbEntity
  8
ROADS
100
AcDbPolyline
 90
2
 70
0
 10
639290.7834848328
 20
4840055.368256061
 10
639502.7523493412
 20
4840120.92544386
  0
LWPOLYLINE
  5
2DA
330
17
100
AcDbEntity
  8
ROADS
100
AcDbPolyline
 90
3
 70
0
 10
638426.8989946856
 20
4839759.459489261
 10
638417.9733342801
 20
4839731.809382797
 10
638445.9832566754
 20
4839749.429766828
  0
LWPOLYLINE
  5
2DB
330
17
100
AcDbEntity
  8
ROADS
100
AcDbPolyline
 90
2
 70
0
 10
638445.9832566754
 20
4839749.429766828
 10
638517.3779574023
 20
4839770.719341083
  0
LWPOLYLINE
  5
2DC
330
17
100
AcDbEntity
  8
ROADS
100
AcDbPolyline
 90
2
 70
0
 10
638517.3779574023
 20
4839770.719341083
 10
638608.6886137195
 20
4839800.686041081
  0
LWPOLYLINE
  5
2DD
330
17
100
AcDbEntity
  8
ROADS
100
AcDbPolyline
 90
2
 70
0
 10
638143.0308230349
 20
4839718.286385917
 10
638050.9316884889
 20
4839988.950865635
  0
LWPOLYLINE
  5
2DE
330
17
100
AcDbEntity
  8
ROADS
100
AcDbPolyline
 90
6
 70
0
 10
638143.0308230349
 20
4839718.286385917
 10
638256.1144446566
 20
4839754.22348162
 10
638309.1692715591
 20
4839848.264198229
 10
638424.0108056543
 20
4839897.484424991
 10
638457.390387478
 20
4839941.850520814
 10
638425.8240245801
 20
4840088.352460135
  0
LWPOLYLINE
  5
2DF
330
17
100
AcDbEntity
  8
ROADS
100
AcDbPolyline
 90
2
 70
0
 10
638425.8240245801
 20
4840088.352460135
 10
638401.6030076793
 20
4840082.449212307
  0
LWPOLYLINE
  5
2E0
330
17
100
AcDbEntity
  8
ROADS
100
AcDbPolyline
 90
2
 70
0
 10
638205.9068885104
 20
4840166.799364039
 10
638196.2675361489
 20
4840199.217321382
  0
LWPOLYLINE
  5
2E1
330
17
100
AcDbEntity
  8
ROADS
100
AcDbPolyline
 90
2
 70
0
 10
639018.8760117234
 20
4839974.0512810275
 10
639179.0904029254
 20
4840023.03946213
  0
LWPOLYLINE
  5
2E2
330
17
100
AcDbEntity
  8
ROADS
100
AcDbPolyline
 90
2
 70
0
 10
638932.7953276255
 20
4839946.817377501
 10
638870.0928088226
 20
4840140.695826373
  0
LWPOLYLINE
  5
2E3
330
17
100
AcDbEntity
  8
ROADS
100
AcDbPolyline
 90
3
 70
0
 10
639053.1229107943
 20
4840066.110797795
 10
638987.7519018999
 20
4840050.337638702
 10
638947.5608746455
 20
4840164.433622137
  0
LWPOLYLINE
  5
2E4
330
17
100
AcDbEntity
  8
ROADS
100
AcDbPolyline
 90
2
 70
0
 10
639053.1229107943
 20
4840066.110797795
 10
639013.473010606
 20
4840186.890241607
  0
LWPOLYLINE
  5
2E5
330
17
100
AcDbEntity
  8
ROADS
100
AcDbPolyline
 90
5
 70
0
 10
639013.473010606
 20
4840186.890241607
 10
639054.9962635329
 20
4840200.586787169
 10
639171.1080000636
 20
4840142.193700719
 10
639154.7022167789
 20
4840101.962969774
 10
639053.1229107943
 20
4840066.110797795
  0
LWPOLYLINE
  5
2E6
330
17
100
AcDbEntity
  8
ROADS
100
AcDbPolyline
 90
2
 70
0
 10
638870.0928088226
 20
4840140.695826373
 10
638947.5608746455
 20
4840164.433622137
  0
LWPOLYLINE
  5
2E7
330
17
100
AcDbEntity
  8
ROADS
100
AcDbPolyline
 90
2
 70
0
 10
638947.5608746455
 20
4840164.433622137
 10
639013.473010606
 20
4840186.890241607
  0
LWPOLYLINE
  5
2E8
330
17
100
AcDbEntity
  8
ROADS
100
AcDbPolyline
 90
2
 70
0
 10
638870.0928088226
 20
4840140.695826373
 10
638830.0407736447
 20
4840262.032974436
  0
LWPOLYLINE
  5
2E9
330
17
100
AcDbEntity
  8
ROADS
100
AcDbPolyline
 90
2
 70
0
 10
639013.473010606
 20
4840186.890241607
 10
638993.1047849919
 20
4840251.74105811
  0
LWPOLYLINE
  5
2EA
330
17
100
AcDbEntity
  8
ROADS
100
AcDbPolyline
 90
3
 70
0
 10
638947.5608746455
 20
4840164.433622137
 10
638905.610667727
 20
4840296.326478108
 10
638971.0711830709
 20
4840317.76385125
  0
LWPOLYLINE
  5
2EB
330
17
100
AcDbEntity
  8
ROADS
100
AcDbPolyline
 90
2
 70
0
 10
639179.0904029254
 20
4840023.03946213
 10
639291.202627369
 20
4840242.304178608
  0
LWPOLYLINE
  5
2EC
330
17
100
AcDbEntity
  8
ROADS
100
AcDbPolyline
 90
2
 70
0
 10
639502.7523493412
 20
4840120.92544386
 10
639727.2422047373
 20
4840190.980680764
  0
LWPOLYLINE
  5
2ED
330
17
100
AcDbEntity
  8
ROADS
100
AcDbPolyline
 90
2
 70
0
 10
639749.2023468035
 20
4840125.03940961
 10
639727.2422047373
 20
4840190.980680764
  0
LWPOLYLINE
  5
2EE
330
17
100
AcDbEntity
  8
ROADS
100
AcDbPolyline
 90
2
 70
0
 10
639727.2422047373
 20
4840190.980680764
 10
639713.7340346503
 20
4840231.21129768
  0
LWPOLYLINE
  5
2EF
330
17
100
AcDbEntity
  8
ROADS
100
AcDbPolyline
 90
2
 70
0
 10
639291.202627369
 20
4840242.304178608
 10
639206.1055937215
 20
4840284.682792939
  0
LWPOLYLINE
  5
2F0
330
17
100
AcDbEntity
  8
ROADS
100
AcDbPolyline
 90
2
 70
0
 10
639189.0421983853
 20
4840253.105999866
 10
639206.1055937215
 20
4840284.682792939
  0
LWPOLYLINE
  5
2F1
330
17
100
AcDbEntity
  8
ROADS
100
AcDbPolyline
 90
2
 70
0
 10
639291.202627369
 20
4840242.304178608
 10
639329.7823264818
 20
4840318.200598246
  0
LWPOLYLINE
  5
2F2
330
17
100
AcDbEntity
  8
ROADS
100
AcDbPolyline
 90
2
 70
0
 10
639713.7340346503
 20
4840231.21129768
 10
639749.6500055861
 20
4840304.876192559
  0
LWPOLYLINE
  5
2F3
330
17
100
AcDbEntity
  8
ROADS
100
AcDbPolyline
 90
2
 70
0
 10
639329.7823264818
 20
4840318.200598246
 10
639216.5944434454
 20
4840358.814810342
  0
LWPOLYLINE
  5
2F4
330
17
100
AcDbEntity
  8
ROADS
100
AcDbPolyline
 90
2
 70
0
 10
639216.5944434454
 20
4840358.814810342
 10
639155.1369928248
 20
4840390.566034042
  0
LWPOLYLINE
  5
2F5
330
17
100
AcDbEntity
  8
ROADS
100
AcDbPolyline
 90
4
 70
0
 10
638993.1047849919
 20
4840251.74105811
 10
639064.1254788602
 20
4840273.6970708985
 10
639169.7430749707
 20
4840225.150116419
 10
639189.0421983853
 20
4840253.105999866
  0
LWPOLYLINE
  5
2F6
330
17
100
AcDbEntity
  8
ROADS
100
AcDbPolyline
 90
3
 70
0
 10
638830.0407736447
 20
4840262.032974436
 10
638673.1604419104
 20
4840214.45218068
 10
638624.8948357762
 20
4840349.097930044
  0
LWPOLYLINE
  5
2F7
330
17
100
AcDbEntity
  8
ROADS
100
AcDbPolyline
 90
2
 70
0
 10
638993.1047849919
 20
4840251.74105811
 10
638971.0711830709
 20
4840317.76385125
  0
LWPOLYLINE
  5
2F8
330
17
100
AcDbEntity
  8
ROADS
100
AcDbPolyline
 90
2
 70
0
 10
639189.0421983853
 20
4840253.105999866
 10
639063.0098557026
 20
4840317.005107244
  0
LWPOLYLINE
  5
2F9
330
17
100
AcDbEntity
  8
ROADS
100
AcDbPolyline
 90
2
 70
0
 10
639206.1055937215
 20
4840284.682792939
 10
639079.3168952819
 20
4840349.09425802
  0
LWPOLYLINE
  5
2FA
330
17
100
AcDbEntity
  8
ROADS
100
AcDbPolyline
 90
3
 70
0
 10
639017.2628611437
 20
4840332.788000678
 10
639034.8049511525
 20
4840309.607111529
 10
639063.0098557026
 20
4840317.005107244
  0
LWPOLYLINE
  5
2FB
330
17
100
AcDbEntity
  8
ROADS
100
AcDbPolyline
 90
2
 70
0
 10
638971.0711830709
 20
4840317.76385125
 10
639017.2628611437
 20
4840332.788000678
  0
LWPOLYLINE
  5
2FC
330
17
100
AcDbEntity
  8
ROADS
100
AcDbPolyline
 90
2
 70
0
 10
638830.0407736447
 20
4840262.032974436
 10
638783.6856724496
 20
4840402.351893321
  0
LWPOLYLINE
  5
2FD
330
17
100
AcDbEntity
  8
ROADS
100
AcDbPolyline
 90
2
 70
0
 10
639063.0098557026
 20
4840317.005107244
 10
639079.3168952819
 20
4840349.09425802
  0
LWPOLYLINE
  5
2FE
330
17
100
AcDbEntity
  8
ROADS
100
AcDbPolyline
 90
2
 70
0
 10
639017.2628611437
 20
4840332.788000678
 10
639047.1146108177
 20
4840365.242232623
  0
LWPOLYLINE
  5
2FF
330
17
100
AcDbEntity
  8
ROADS
100
AcDbPolyline
 90
2
 70
0
 10
638554.3214802145
 20
4840355.154708799
 10
638624.8948357762
 20
4840349.097930044
  0
LWPOLYLINE
  5
300
330
17
100
AcDbEntity
  8
ROADS
100
AcDbPolyline
 90
2
 70
0
 10
639079.3168952819
 20
4840349.09425802
 10
639047.1146108177
 20
4840365.242232623
  0
LWPOLYLINE
  5
301
330
17
100
AcDbEntity
  8
ROADS
100
AcDbPolyline
 90
2
 70
0
 10
638624.8948357762
 20
4840349.097930044
 10
638783.6856724496
 20
4840402.351893321
  0
LWPOLYLINE
  5
302
330
17
100
AcDbEntity
  8
ROADS
100
AcDbPolyline
 90
2
 70
0
 10
639047.1146108177
 20
4840365.242232623
 10
639082.7726187474
 20
4840428.500520374
  0
LWPOLYLINE
  5
303
330
17
100
AcDbEntity
  8
ROADS
100
AcDbPolyline
 90
2
 70
0
 10
639155.1369928248
 20
4840390.566034042
 10
639082.7726187474
 20
4840428.500520374
  0
LWPOLYLINE
  5
304
330
17
100
AcDbEntity
  8
ROADS
100
AcDbPolyline
 90
2
 70
0
 10
639082.7726187474
 20
4840428.500520374
 10
639076.0349135186
 20
4840434.948403346
  0
LWPOLYLINE
  5
305
330
17
100
AcDbEntity
  8
ROADS
100
AcDbPolyline
 90
2
 70
0
 10
639082.7726187474
 20
4840428.500520374
 10
639087.9403711492
 20
4840435.972030763
  0
LWPOLYLINE
  5
306
330
17
100
AcDbEntity
  8
ROADS
100
AcDbPolyline
 90
2
 70
0
 10
638783.6856724496
 20
4840402.351893321
 10
638775.9892575033
 20
4840426.770010337
  0
LWPOLYLINE
  5
307
330
17
100
AcDbEntity
  8
ROADS
100
AcDbPolyline
 90
2
 70
0
 10
639329.7823264818
 20
4840318.200598246
 10
639379.4024220153
 20
4840424.566371417
  0
LWPOLYLINE
  5
308
330
17
100
AcDbEntity
  8
ROADS
100
AcDbPolyline
 90
2
 70
0
 10
639713.7340346503
 20
4840231.21129768
 10
639678.3040461245
 20
4840339.624365794
  0
LWPOLYLINE
  5
309
330
17
100
AcDbEntity
  8
ROADS
100
AcDbPolyline
 90
4
 70
0
 10
639216.5944434454
 20
4840358.814810342
 10
639247.6492944153
 20
4840417.08335959
 10
639285.0640752431
 20
4840420.614614865
 10
639290.6683758816
 20
4840436.97351581
  0
LWPOLYLINE
  5
30A
330
17
100
AcDbEntity
  8
ROADS
100
AcDbPolyline
 90
2
 70
0
 10
639181.6288360511
 20
4840441.727355843
 10
639155.1369928248
 20
4840390.566034042
  0
LWPOLYLINE
  5
30B
330
17
100
AcDbEntity
  8
ROADS
100
AcDbPolyline
 90
2
 70
0
 10
637966.5972534284
 20
4839973.223707263
 10
638050.9316884889
 20
4839988.950865635
  0
LWPOLYLINE
  5
30C
330
17
100
AcDbEntity
  8
ROADS
100
AcDbPolyline
 90
2
 70
0
 10
637608.1408304874
 20
4839982.5578255225
 10
637603.2337541562
 20
4839997.161223658
  0
LWPOLYLINE
  5
30D
330
17
100
AcDbEntity
  8
ROADS
100
AcDbPolyline
 90
3
 70
0
 10
637760.5548770458
 20
4840060.120373057
 10
637802.4745427758
 20
4839938.360336988
 10
637881.4359694091
 20
4839939.298889311
  0
LWPOLYLINE
  5
30E
330
17
100
AcDbEntity
  8
ROADS
100
AcDbPolyline
 90
2
 70
0
 10
637881.4359694091
 20
4839939.298889311
 10
637840.7256335408
 20
4840087.468308978
  0
LWPOLYLINE
  5
30F
330
17
100
AcDbEntity
  8
ROADS
100
AcDbPolyline
 90
2
 70
0
 10
637966.5972534284
 20
4839973.223707263
 10
637919.5629823117
 20
4840111.631467218
  0
LWPOLYLINE
  5
310
330
17
100
AcDbEntity
  8
ROADS
100
AcDbPolyline
 90
2
 70
0
 10
637733.2152169227
 20
4840051.297454282
 10
637760.5548770458
 20
4840060.120373057
  0
LWPOLYLINE
  5
311
330
17
100
AcDbEntity
  8
ROADS
100
AcDbPolyline
 90
2
 70
0
 10
638050.9316884889
 20
4839988.950865635
 10
638002.1604572205
 20
4840137.0028769085
  0
LWPOLYLINE
  5
312
330
17
100
AcDbEntity
  8
ROADS
100
AcDbPolyline
 90
2
 70
0
 10
637760.5548770458
 20
4840060.120373057
 10
637840.7256335408
 20
4840087.468308978
  0
LWPOLYLINE
  5
313
330
17
100
AcDbEntity
  8
ROADS
100
AcDbPolyline
 90
2
 70
0
 10
637840.7256335408
 20
4840087.468308978
 10
637874.9413654526
 20
4840098.8412163155
  0
LWPOLYLINE
  5
314
330
17
100
AcDbEntity
  8
ROADS
100
AcDbPolyline
 90
2
 70
0
 10
637760.5548770458
 20
4840060.120373057
 10
637760.1028512714
 20
4840061.482027353
  0
LWPOLYLINE
  5
315
330
17
100
AcDbEntity
  8
ROADS
100
AcDbPolyline
 90
2
 70
0
 10
637840.7256335408
 20
4840087.468308978
 10
637840.0682700613
 20
4840089.420398094
  0
LWPOLYLINE
  5
316
330
17
100
AcDbEntity
  8
ROADS
100
AcDbPolyline
 90
2
 70
0
 10
638529.5229117739
 20
4840348.532421664
 10
638554.3214802145
 20
4840355.154708799
  0
LWPOLYLINE
  5
317
330
17
100
AcDbEntity
  8
ROADS
100
AcDbPolyline
 90
6
 70
0
 10
638425.8240245801
 20
4840088.352460135
 10
638420.7286905634
 20
4840127.645033157
 10
638450.0200022885
 20
4840197.705646246
 10
638449.8359351249
 20
4840246.737004053
 10
638430.9079659223
 20
4840277.920547518
 10
638402.0636590812
 20
4840295.471564824
  0
LWPOLYLINE
  5
318
330
17
100
AcDbEntity
  8
ROADS
100
AcDbPolyline
 90
2
 70
0
 10
639842.5014052318
 20
4838623.246546997
 10
639831.9702992502
 20
4838659.187655968
  0
LWPOLYLINE
  5
319
330
17
100
AcDbEntity
  8
ROADS
100
AcDbPolyline
 90
2
 70
0
 10
639831.9702992502
 20
4838659.187655968
 10
639812.8729894955
 20
4838653.570688036
  0
LWPOLYLINE
  5
31A
330
17
100
AcDbEntity
  8
ROADS
100
AcDbPolyline
 90
2
 70
0
 10
639831.9702992502
 20
4838659.187655968
 10
639810.1697141705
 20
4838729.261332276
  0
LWPOLYLINE
  5
31B
330
17
100
AcDbEntity
  8
ROADS
100
AcDbPolyline
 90
3
 70
0
 10
639810.1697141705
 20
4838729.261332276
 10
639876.8685405005
 20
4838750.205802011
 10
639915.4409156183
 20
4838845.88001997
  0
LWPOLYLINE
  5
31C
330
17
100
AcDbEntity
  8
ROADS
100
AcDbPolyline
 90
3
 70
0
 10
639915.4409156183
 20
4838845.88001997
 10
640032.189101018
 20
4838905.6176698385
 10
639988.0465521027
 20
4839051.524851341
  0
LWPOLYLINE
  5
31D
330
17
100
AcDbEntity
  8
ROADS
100
AcDbPolyline
 90
2
 70
0
 10
639915.4409156183
 20
4838845.88001997
 10
639841.8578788198
 20
4839070.104453644
  0
LWPOLYLINE
  5
31E
330
17
100
AcDbEntity
  8
ROADS
100
AcDbPolyline
 90
2
 70
0
 10
640094.9684284872
 20
4839033.050990126
 10
640081.8312820132
 20
4839080.034084783
  0
LWPOLYLINE
  5
31F
330
17
100
AcDbEntity
  8
ROADS
100
AcDbPolyline
 90
2
 70
0
 10
639988.0465521027
 20
4839051.524851341
 10
640081.8312820132
 20
4839080.034084783
  0
LWPOLYLINE
  5
320
330
17
100
AcDbEntity
  8
ROADS
100
AcDbPolyline
 90
2
 70
0
 10
640081.8312820132
 20
4839080.034084783
 10
640077.5147656503
 20
4839109.173933229
  0
LWPOLYLINE
  5
321
330
17
100
AcDbEntity
  8
ROADS
100
AcDbPolyline
 90
2
 70
0
 10
639841.8578788198
 20
4839070.104453644
 10
639924.3704317658
 20
4839137.534678575
  0
LWPOLYLINE
  5
322
330
17
100
AcDbEntity
  8
ROADS
100
AcDbPolyline
 90
2
 70
0
 10
639988.0465521027
 20
4839051.524851341
 10
639952.3609264033
 20
4839163.203543353
  0
LWPOLYLINE
  5
323
330
17
100
AcDbEntity
  8
ROADS
100
AcDbPolyline
 90
2
 70
0
 10
639924.3704317658
 20
4839137.534678575
 10
639941.2059713831
 20
4839152.911740514
  0
LWPOLYLINE
  5
324
330
17
100
AcDbEntity
  8
ROADS
100
AcDbPolyline
 90
2
 70
0
 10
639924.3704317658
 20
4839137.534678575
 10
639909.2827882664
 20
4839164.79749411
  0
LWPOLYLINE
  5
325
330
17
100
AcDbEntity
  8
ROADS
100
AcDbPolyline
 90
2
 70
0
 10
640077.5147656503
 20
4839109.173933229
 10
640045.9031550777
 20
4839205.8908409765
  0
LWPOLYLINE
  5
326
330
17
100
AcDbEntity
  8
ROADS
100
AcDbPolyline
 90
2
 70
0
 10
639941.2059713831
 20
4839152.911740514
 10
639952.3609264033
 20
4839163.203543353
  0
LWPOLYLINE
  5
327
330
17
100
AcDbEntity
  8
ROADS
100
AcDbPolyline
 90
2
 70
0
 10
639941.2059713831
 20
4839152.911740514
 10
639931.5190729701
 20
4839173.252555126
  0
LWPOLYLINE
  5
328
330
17
100
AcDbEntity
  8
ROADS
100
AcDbPolyline
 90
2
 70
0
 10
639909.2827882664
 20
4839164.79749411
 10
639931.5190729701
 20
4839173.252555126
  0
LWPOLYLINE
  5
329
330
17
100
AcDbEntity
  8
ROADS
100
AcDbPolyline
 90
2
 70
0
 10
639952.3609264033
 20
4839163.203543353
 10
639969.0810292433
 20
4839178.880549828
  0
LWPOLYLINE
  5
32A
330
17
100
AcDbEntity
  8
ROADS
100
AcDbPolyline
 90
2
 70
0
 10
639931.5190729701
 20
4839173.252555126
 10
639962.8431981605
 20
4839199.070738315
  0
LWPOLYLINE
  5
32B
330
17
100
AcDbEntity
  8
ROADS
100
AcDbPolyline
 90
2
 70
0
 10
639969.0810292433
 20
4839178.880549828
 10
639962.8431981605
 20
4839199.070738315
  0
LWPOLYLINE
  5
32C
330
17
100
AcDbEntity
  8
ROADS
100
AcDbPolyline
 90
2
 70
0
 10
639969.0810292433
 20
4839178.880549828
 10
640033.0838895625
 20
4839248.237207413
  0
LWPOLYLINE
  5
32D
330
17
100
AcDbEntity
  8
ROADS
100
AcDbPolyline
 90
2
 70
0
 10
640045.9031550777
 20
4839205.8908409765
 10
640033.0838895625
 20
4839248.237207413
  0
LWPOLYLINE
  5
32E
330
17
100
AcDbEntity
  8
ROADS
100
AcDbPolyline
 90
2
 70
0
 10
640045.9031550777
 20
4839205.8908409765
 10
640093.0892187739
 20
4839253.859178857
  0
LWPOLYLINE
  5
32F
330
17
100
AcDbEntity
  8
ROADS
100
AcDbPolyline
 90
3
 70
0
 10
639909.2827882664
 20
4839164.79749411
 10
639874.8614185144
 20
4839208.247207568
 10
639806.2405292942
 20
4839419.375994572
  0
LWPOLYLINE
  5
330
330
17
100
AcDbEntity
  8
ROADS
100
AcDbPolyline
 90
2
 70
0
 10
640077.5147656503
 20
4839109.173933229
 10
640273.4584244611
 20
4839318.588927876
  0
LWPOLYLINE
  5
331
330
17
100
AcDbEntity
  8
ROADS
100
AcDbPolyline
 90
2
 70
0
 10
639962.8431981605
 20
4839199.070738315
 10
639884.0219674691
 20
4839443.662409591
  0
LWPOLYLINE
  5
332
330
17
100
AcDbEntity
  8
ROADS
100
AcDbPolyline
 90
2
 70
0
 10
640033.0838895625
 20
4839248.237207413
 10
639961.5948424179
 20
4839469.251193193
  0
LWPOLYLINE
  5
333
330
17
100
AcDbEntity
  8
ROADS
100
AcDbPolyline
 90
2
 70
0
 10
640033.0838895625
 20
4839248.237207413
 10
640249.8738326643
 20
4839484.314438462
  0
LWPOLYLINE
  5
334
330
17
100
AcDbEntity
  8
ROADS
100
AcDbPolyline
 90
2
 70
0
 10
640249.8738326643
 20
4839484.314438462
 10
640277.413580216
 20
4839393.540034671
  0
LWPOLYLINE
  5
335
330
17
100
AcDbEntity
  8
ROADS
100
AcDbPolyline
 90
2
 70
0
 10
639806.2405292942
 20
4839419.375994572
 10
639884.0219674691
 20
4839443.662409591
  0
LWPOLYLINE
  5
336
330
17
100
AcDbEntity
  8
ROADS
100
AcDbPolyline
 90
2
 70
0
 10
639884.0219674691
 20
4839443.662409591
 10
639961.5948424179
 20
4839469.251193193
  0
LWPOLYLINE
  5
337
330
17
100
AcDbEntity
  8
ROADS
100
AcDbPolyline
 90
2
 70
0
 10
640249.8738326643
 20
4839484.314438462
 10
640259.7083600746
 20
4839495.092425314
  0
LWPOLYLINE
  5
338
330
17
100
AcDbEntity
  8
ROADS
100
AcDbPolyline
 90
4
 70
0
 10
640259.7083600746
 20
4839495.092425314
 10
640244.1040310514
 20
4839518.7945468575
 10
640191.2129022476
 20
4839467.205585355
 10
640144.7802808908
 20
4839475.218464839
  0
LWPOLYLINE
  5
339
330
17
100
AcDbEntity
  8
ROADS
100
AcDbPolyline
 90
2
 70
0
 10
639961.5948424179
 20
4839469.251193193
 10
639935.9315110055
 20
4839546.963735862
  0
LWPOLYLINE
  5
33A
330
17
100
AcDbEntity
  8
ROADS
100
AcDbPolyline
 90
2
 70
0
 10
640259.7083600746
 20
4839495.092425314
 10
640273.11930871
 20
4839509.903832288
  0
LWPOLYLINE
  5
33B
330
17
100
AcDbEntity
  8
ROADS
100
AcDbPolyline
 90
2
 70
0
 10
639935.9315110055
 20
4839546.963735862
 10
639910.5088973367
 20
4839623.144468334
  0
LWPOLYLINE
  5
33C
330
17
100
AcDbEntity
  8
ROADS
100
AcDbPolyline
 90
2
 70
0
 10
639749.4041771843
 20
4839570.553913548
 10
639910.5088973367
 20
4839623.144468334
  0
LWPOLYLINE
  5
33D
330
17
100
AcDbEntity
  8
ROADS
100
AcDbPolyline
 90
2
 70
0
 10
639705.7573477098
 20
4839469.582337428
 10
639935.9315110055
 20
4839546.963735862
  0
LWPOLYLINE
  5
33E
330
17
100
AcDbEntity
  8
ROADS
100
AcDbPolyline
 90
2
 70
0
 10
639206.7846903357
 20
4839403.878398383
 10
639137.6040158969
 20
4839617.093303094
  0
LWPOLYLINE
  5
33F
330
17
100
AcDbEntity
  8
ROADS
100
AcDbPolyline
 90
2
 70
0
 10
639464.2290149782
 20
4839484.421749794
 10
639635.5567182626
 20
4839547.455182956
  0
LWPOLYLINE
  5
340
330
17
100
AcDbEntity
  8
ROADS
100
AcDbPolyline
 90
2
 70
0
 10
639464.2290149782
 20
4839484.421749794
 10
639442.8690181839
 20
4839552.301051964
  0
LWPOLYLINE
  5
341
330
17
100
AcDbEntity
  8
ROADS
100
AcDbPolyline
 90
2
 70
0
 10
639285.6651712863
 20
4839461.937961021
 10
639225.4705080763
 20
4839644.683477238
  0
LWPOLYLINE
  5
342
330
17
100
AcDbEntity
  8
ROADS
100
AcDbPolyline
 90
2
 70
0
 10
639635.5567182626
 20
4839547.455182956
 10
639749.4041771843
 20
4839570.553913548
  0
LWPOLYLINE
  5
343
330
17
100
AcDbEntity
  8
ROADS
100
AcDbPolyline
 90
2
 70
0
 10
639635.5567182626
 20
4839547.455182956
 10
639740.6610929908
 20
4839601.30181265
  0
LWPOLYLINE
  5
344
330
17
100
AcDbEntity
  8
ROADS
100
AcDbPolyline
 90
2
 70
0
 10
639749.4041771843
 20
4839570.553913548
 10
639740.6610929908
 20
4839601.30181265
  0
LWPOLYLINE
  5
345
330
17
100
AcDbEntity
  8
ROADS
100
AcDbPolyline
 90
2
 70
0
 10
639363.975068127
 20
4839516.323368169
 10
639312.9787834196
 20
4839671.345094281
  0
LWPOLYLINE
  5
346
330
17
100
AcDbEntity
  8
ROADS
100
AcDbPolyline
 90
3
 70
0
 10
639363.975068127
 20
4839516.323368169
 10
639430.0444571982
 20
4839599.02966539
 10
639400.8658088483
 20
4839698.797654275
  0
LWPOLYLINE
  5
347
330
17
100
AcDbEntity
  8
ROADS
100
AcDbPolyline
 90
2
 70
0
 10
639910.5088973367
 20
4839623.144468334
 10
639889.6967389089
 20
4839683.791040638
  0
LWPOLYLINE
  5
348
330
17
100
AcDbEntity
  8
ROADS
100
AcDbPolyline
 90
2
 70
0
 10
639889.6967389089
 20
4839683.791040638
 10
639849.2078495964
 20
4839813.467539487
  0
LWPOLYLINE
  5
349
330
17
100
AcDbEntity
  8
ROADS
100
AcDbPolyline
 90
2
 70
0
 10
639889.6967389089
 20
4839683.791040638
 10
640182.6959597591
 20
4839842.754218387
  0
LWPOLYLINE
  5
34A
330
17
100
AcDbEntity
  8
ROADS
100
AcDbPolyline
 90
2
 70
0
 10
639849.2078495964
 20
4839813.467539487
 10
639933.1303929301
 20
4839841.429510838
  0
LWPOLYLINE
  5
34B
330
17
100
AcDbEntity
  8
ROADS
100
AcDbPolyline
 90
2
 70
0
 10
639933.1303929301
 20
4839841.429510838
 10
640016.3567889524
 20
4839868.401803094
  0
LWPOLYLINE
  5
34C
330
17
100
AcDbEntity
  8
ROADS
100
AcDbPolyline
 90
2
 70
0
 10
640016.3567889524
 20
4839868.401803094
 10
640097.9106566817
 20
4839895.5608704435
  0
LWPOLYLINE
  5
34D
330
17
100
AcDbEntity
  8
ROADS
100
AcDbPolyline
 90
2
 70
0
 10
640097.9106566817
 20
4839895.5608704435
 10
640148.15872649
 20
4839911.9709706
  0
LWPOLYLINE
  5
34E
330
17
100
AcDbEntity
  8
ROADS
100
AcDbPolyline
 90
2
 70
0
 10
639933.1303929301
 20
4839841.429510838
 10
639868.8494064643
 20
4840035.595030868
  0
LWPOLYLINE
  5
34F
330
17
100
AcDbEntity
  8
ROADS
100
AcDbPolyline
 90
2
 70
0
 10
640016.3567889524
 20
4839868.401803094
 10
639949.2272473982
 20
4840064.681044987
  0
LWPOLYLINE
  5
350
330
17
100
AcDbEntity
  8
ROADS
100
AcDbPolyline
 90
2
 70
0
 10
640097.9106566817
 20
4839895.5608704435
 10
640042.4495630177
 20
4840065.524137445
  0
LWPOLYLINE
  5
351
330
17
100
AcDbEntity
  8
ROADS
100
AcDbPolyline
 90
2
 70
0
 10
639786.722772575
 20
4840007.815523477
 10
639868.8494064643
 20
4840035.595030868
  0
LWPOLYLINE
  5
352
330
17
100
AcDbEntity
  8
ROADS
100
AcDbPolyline
 90
2
 70
0
 10
639868.8494064643
 20
4840035.595030868
 10
639949.2272473982
 20
4840064.681044987
  0
LWPOLYLINE
  5
353
330
17
100
AcDbEntity
  8
ROADS
100
AcDbPolyline
 90
2
 70
0
 10
639949.2272473982
 20
4840064.681044987
 10
640022.7886268678
 20
4840088.392405794
  0
LWPOLYLINE
  5
354
330
17
100
AcDbEntity
  8
ROADS
100
AcDbPolyline
 90
3
 70
0
 10
639868.8494064643
 20
4840035.595030868
 10
639831.8776396873
 20
4840148.970484961
 10
639868.9557844198
 20
4840228.963669217
  0
LWPOLYLINE
  5
355
330
17
100
AcDbEntity
  8
ROADS
100
AcDbPolyline
 90
2
 70
0
 10
639949.2272473982
 20
4840064.681044987
 10
639894.2731489404
 20
4840210.598489614
  0
ENDSEC
  0
SECTION
  2
OBJECTS
  0
DICTIONARY
  5
A
330
0
100
AcDbDictionary
281
1
  3
ACAD_COLOR
350
B
  3
ACAD_GROUP
350
C
  3
ACAD_LAYOUT
350
D
  3
ACAD_MATERIAL
350
E
  3
ACAD_MLEADERSTYLE
350
F
  3
ACAD_MLINESTYLE
350
10
  3
ACAD_PLOTSETTINGS
350
11
  3
ACAD_PLOTSTYLENAME
350
12
  3
ACAD_SCALELIST
350
14
  3
ACAD_TABLESTYLE
350
15
  3
ACAD_VISUALSTYLE
350
16
  3
EZDXF_META
350
2D
  0
DICTIONARY
  5
B
330
A
100
AcDbDictionary
281
1
  0
DICTIONARY
  5
C
330
A
100
AcDbDictionary
281
1
  0
DICTIONARY
  5
D
330
A
100
AcDbDictionary
281
1
  3
Model
350
1A
  3
Layout1
350
1E
  0
DICTIONARY
  5
E
330
A
100
AcDbDictionary
281
1
  3
ByBlock
350
1F
  3
ByLayer
350
20
  3
Global
350
21
  0
DICTIONARY
  5
F
330
A
100
AcDbDictionary
281
1
  3
Standard
350
2C
  0
DICTIONARY
  5
10
330
A
100
AcDbDictionary
281
1
  3
Standard
350
22
  0
DICTIONARY
  5
11
330
A
100
AcDbDictionary
281
1
  0
ACDBDICTIONARYWDFLT
  5
12
330
A
100
AcDbDictionary
281
1
  3
Normal
350
13
100
AcDbDictionaryWithDefault
340
13
  0
ACDBPLACEHOLDER
  5
13
330
12
  0
DICTIONARY
  5
14
330
A
100
AcDbDictionary
281
1
  0
DICTIONARY
  5
15
330
A
100
AcDbDictionary
281
1
  0
DICTIONARY
  5
16
330
A
100
AcDbDictionary
281
1
  0
LAYOUT
  5
1A
330
D
100
AcDbPlotSettings
  1

  4
A3
  6

 40
7.5
 41
20.0
 42
7.5
 43
20.0
 44
420.0
 45
297.0
 46
0.0
 47
0.0
 48
0.0
 49
0.0
140
0.0
141
0.0
142
1.0
143
1.0
 70
1024
 72
1
 73
0
 74
5
  7

 75
16
 76
0
 77
2
 78
300
147
1.0
148
0.0
149
0.0
100
AcDbLayout
  1
Model
 70
1
 71
0
 10
0.0
 20
0.0
 11
420.0
 21
297.0
 12
0.0
 22
0.0
 32
0.0
 14
1e+20
 24
1e+20
 34
1e+20
 15
-1e+20
 25
-1e+20
 35
-1e+20
146
0.0
 13
0.0
 23
0.0
 33
0.0
 16
1.0
 26
0.0
 36
0.0
 17
0.0
 27
1.0
 37
0.0
 76
1
330
17
  0
LAYOUT
  5
1E
330
D
100
AcDbPlotSettings
  1

  4
A3
  6

 40
7.5
 41
20.0
 42
7.5
 43
20.0
 44
420.0
 45
297.0
 46
0.0
 47
0.0
 48
0.0
 49
0.0
140
0.0
141
0.0
142
1.0
143
1.0
 70
0
 72
1
 73
0
 74
5
  7

 75
16
 76
0
 77
2
 78
300
147
1.0
148
0.0
149
0.0
100
AcDbLayout
  1
Layout1
 70
1
 71
1
 10
0.0
 20
0.0
 11
420.0
 21
297.0
 12
0.0
 22
0.0
 32
0.0
 14
1e+20
 24
1e+20
 34
1e+20
 15
-1e+20
 25
-1e+20
 35
-1e+20
146
0.0
 13
0.0
 23
0.0
 33
0.0
 16
1.0
 26
0.0
 36
0.0
 17
0.0
 27
1.0
 37
0.0
 76
1
330
1B
  0
MATERIAL
  5
1F
102
{ACAD_REACTORS
330
E
102
}
330
E
100
AcDbMaterial
  1
ByBlock
  2

 70
0
 40
1.0
 71
1
 41
1.0
 91
-1023410177
 42
1.0
 72
1
  3

 73
1
 74
1
 75
1
 44
0.5
 73
0
 45
1.0
 46
1.0
 77
1
  4

 78
1
 79
1
170
1
 48
1.0
171
1
  6

172
1
173
1
174
1
140
1.0
141
1.0
175
1
  7

176
1
177
1
178
1
143
1.0
179
1
  8

270
1
271
1
272
1
145
1.0
146
1.0
273
1
  9

274
1
275
1
276
1
 42
1.0
 72
1
  3

 73
1
 74
1
 75
1
 94
63
  0
MATERIAL
  5
20
102
{ACAD_REACTORS
330
E
102
}
330
E
100
AcDbMaterial
  1
ByLayer
  2

 70
0
 40
1.0
 71
1
 41
1.0
 91
-1023410177
 42
1.0
 72
1
  3

 73
1
 74
1
 75
1
 44
0.5
 73
0
 45
1.0
 46
1.0
 77
1
  4

 78
1
 79
1
170
1
 48
1.0
171
1
  6

172
1
173
1
174
1
140
1.0
141
1.0
175
1
  7

176
1
177
1
178
1
143
1.0
179
1
  8

270
1
271
1
272
1
145
1.0
146
1.0
273
1
  9

274
1
275
1
276
1
 42
1.0
 72
1
  3

 73
1
 74
1
 75
1
 94
63
  0
MATERIAL
  5
21
102
{ACAD_REACTORS
330
E
102
}
330
E
100
AcDbMaterial
  1
Global
  2

 70
0
 40
1.0
 71
1
 41
1.0
 91
-1023410177
 42
1.0
 72
1
  3

 73
1
 74
1
 75
1
 44
0.5
 73
0
 45
1.0
 46
1.0
 77
1
  4

 78
1
 79
1
170
1
 48
1.0
171
1
  6

172
1
173
1
174
1
140
1.0
141
1.0
175
1
  7

176
1
177
1
178
1
143
1.0
179
1
  8

270
1
271
1
272
1
145
1.0
146
1.0
273
1
  9

274
1
275
1
276
1
 42
1.0
 72
1
  3

 73
1
 74
1
 75
1
 94
63
  0
MLINESTYLE
  5
22
102
{ACAD_REACTORS
330
10
102
}
330
10
100
AcDbMlineStyle
  2
Standard
 70
0
  3

 62
256
 51
90.0
 52
90.0
 71
2
 49
0.5
 62
256
  6
BYLAYER
 49
-0.5
 62
256
  6
BYLAYER
  0
MLEADERSTYLE
  5
2C
102
{ACAD_REACTORS
330
F
102
}
330
F
100
AcDbMLeaderStyle
179
2
170
2
171
1
172
0
 90
2
 40
0.0
 41
0.0
173
1
 91
-1056964608
 92
-2
290
1
 42
2.0
291
1
 43
8.0
  3
Standard
 44
4.0
300

342
29
174
1
175
1
176
0
178
1
 93
-1056964608
 45
4.0
292
0
297
0
 46
4.0
 94
-1056964608
 47
1.0
 49
1.0
140
1.0
294
1
141
0.0
177
0
142
1.0
295
0
296
0
143
3.75
271
0
272
9
273
9
  0
DICTIONARY
  5
2D
330
A
100
AcDbDictionary
280
1
281
1
  3
CREATED_BY_EZDXF
350
2E
  3
WRITTEN_BY_EZDXF
350
358
  0
DICTIONARYVAR
  5
2E
330
2D
100
DictionaryVariables
280
0
  1
1.4.4 @ 2026-07-30T15:38:19.003022+00:00
  0
DICTIONARYVAR
  5
358
330
2D
100
DictionaryVariables
280
0
  1
1.4.4 @ 2026-07-30T15:38:19.065935+00:00
  0
ENDSEC
  0
EOF
