segment_id,T1024 Choice,T1024 Integration,T1024 Node Count,T1024 Total Depth,Angular Connectivity,Connectivity,Segment Length,local_nain,local_nach,integrated,citywide_nain,citywide_nach,citywide_match_distance_m,citywide_matched,blended_nain,blended_nach
0,0,294.5564,1369,6362.6562,1.0396639,2,28.587418,0.9118201566158971,0.0,204.17093817588747,,,,False,0.9118201566158971,0.0
1,0,261.17511,1369,7175.8789,2.3692086,3,24.604151,0.8085148682419734,0.0,181.03279112893358,,,,False,0.8085148682419734,0.0
2,0,5.0073352,4,3.1953125,1.8650701,2,11.367026,1.0159218801740177,0.0,3.4708202759985696,0.77322578,0.0,8.134262187366602,True,0.9431130501218125,0.0
3,0,6.7147541,4,2.3828125,1.4614149,2,27.471172,1.2042567741813224,0.0,4.654312872568333,0.86885065,0.92444134,0.3638891016603413,True,1.1036349369269256,0.27733240200000003
4,4,10.951872,4,1.4609375,1.462085,3,20.421297,1.525029458951968,1.0762886844145163,19.623120361773598,0.8582378,0.8595376,0.0,True,1.3249919612663774,1.0112633590901614
5,0,5.2647815,4,3.0390625,0.78857011,1,25.135534,1.0474233338228245,0.0,3.6492684529891593,0.80016237,0.0,0.0,True,0.9732450446759772,0.0
6,0,537.72748,1369,3485.3359,3.9506867,5,94.194893,1.6641419064594096,0.0,372.7242866716044,,,,False,1.6641419064594096,0.0
7,18911,538.79755,1369,3478.4141,5.0298867,7,43.931728,1.667451529141415,1.2075190501215034,5305.865337069671,1.2145451,1.2919447,0.0,True,1.5315796003989905,1.2328467450850524
8,7426,465.78693,1369,4023.6445,6.0956097,8,285.20578,1.441613091541079,1.0737515444308943,4151.564460421909,1.2444065,1.1438316,0.0,True,1.3824511140787552,1.094775561101626
9,7566,495.66791,1369,3781.082,4.4446011,5,222.3293,1.5340460008771528,1.0841158508669915,4427.1491959465975,1.1023206,1.0567178,0.0,True,1.404528380614007,1.075896435606894
10,25895,537.49561,1369,3486.8398,2.0625339,4,90.954063,1.6634245611077758,1.2456886773139733,5461.9671851750645,1.2149804,1.2950168,0.0,True,1.528891312775443,1.2604871141197813
11,2811,386.80316,1369,4845.2578,3.0072978,4,77.530563,1.1972587496976828,0.9358119964009967,3071.9933302653913,1.0750932,0.90930259,0.0,True,1.160609084788378,0.9278591744806977
12,31967,537.50098,1369,3486.8047,3.00108,5,43.734394,1.663441296410298,1.2715123739332803,5575.240719775691,1.2149805,1.2955883,0.0,True,1.5289030574872087,1.2787351517532963
13,10,252.08707,1369,7434.5781,4.447053,5,99.496216,0.7803887399623143,0.26899421431628306,626.4128365685732,0.89468706,0.11912195,0.0,True,0.81467823597362,0.22403253502139814
14,5107,387.96826,1369,4830.707,1.8155667,4,92.60128,1.2008635766849387,1.0065061734789011,3312.7674598906633,1.0062598,0.72845101,0.0,True,1.1424824436794572,0.9230896244352308
15,2629,297.5484,1369,6298.6758,2.0877552,3,14.183506,0.9210792615437127,0.9001172003838248,2343.2291418826894,0.96798408,0.67410314,0.0,True,0.9351507070805989,0.8323129822686773
16,2656,284.6351,1369,6584.4336,5.7589059,6,11.821658,0.8811174856587548,0.896738937813082,2244.441476553449,0.94185466,0.67433864,0.0,True,0.8993386379611283,0.8300188484691573
17,0,310.08902,1369,6043.9453,1.0277075,2,8.5760517,0.9598865892965225,0.0,214.9373299355965,0.94897765,0.45415393,9.525614008513774,True,0.9566139075075658,0.13624617900000002
18,8875,461.7644,1369,4058.6953,2.152297,4,122.04238,1.4291694856027097,1.0940807666343002,4198.001259591048,1.260514,1.4151298,0.0,True,1.3785728399218968,1.1903954766440101
19,8676,463.51895,1369,4043.332,4.0649648,6,166.92227,1.4345971636173103,1.0918498569014186,4203.443089760713,1.2628589,1.4153411,0.0,True,1.383075684532117,1.188897229830993
20,2251,288.85287,1369,6488.2891,4.3936634,4,71.560623,0.8941700013163267,0.8794011928064582,2229.949338545343,1.0063809,0.82187611,0.0,True,0.9278332709214288,0.8621436679645208
21,3578,356.34302,1369,5259.4297,2.8950667,4,18.932669,1.1030123263055935,0.9550077327506946,2915.9970094281234,1.1168281,0.88419098,0.0,True,1.1071570584139154,0.9337627069254861
22,1066,255.77209,1369,7327.4648,3.6307461,5,200.86729,0.7917933943949551,0.7834570206747727,1783.637672807577,0.89294076,0.57229054,0.0,True,0.8221376040764686,0.7201070764723408
23,10498,396.48166,1369,4726.9805,4.5250301,5,208.33723,1.2272035829055208,1.094231792950166,3671.075445127703,1.0013341,0.7017926,0.0,True,1.1594427380338646,0.9765000350651161
24,1898,355.70633,1369,5268.8438,4.031332,6,37.106194,1.1010422682399241,0.8808592066065701,2685.443769071482,1.1130135,0.82817036,0.0,True,1.1046336377679469,0.8650525526245991
25,0,311.83072,1369,6010.1875,2.0467615,2,13.052643,0.9652762514626068,0.0,216.14458437997774,,,,False,0.9652762514626068,0.0
26,19640,399.1521,1369,4695.3555,2.1081188,4,107.86588,1.2354657451603017,1.169179433030708,3945.788311682188,1.0038552,0.86438894,0.0,True,1.1659825816122111,1.0777422851214955
27,8384,462.96121,1369,4048.2031,4.0518055,6,358.13095,1.4328718016857822,1.0875708089366387,4182.539222308111,1.2595928,1.4150765,0.0,True,1.3808881011800476,1.185822516255647
28,0,4.5,3,2.0,2.0003557,2,0.038911246,0.9342982047116379,0.0,3.119162312519754,,,,False,0.9342982047116379,0.0
29,24497,404.09601,1369,4637.9102,3.0887048,5,113.70626,1.2507616662689593,1.1970563578137334,4083.9508963382996,1.0085092,0.92455226,0.0,True,1.1780859263882715,1.1153051284696134
30,4457,310.11987,1369,6043.3438,2.997076,4,10.475174,0.9599820961531321,0.9649998613221009,2605.8379686626986,0.94897765,0.45415393,0.0,True,0.9566807623071926,0.8117460819254706
31,232,352.84265,1369,5311.6055,3.0622406,4,49.57008,1.0921815353229256,0.6354514369560271,1924.8699589437672,1.1109599,0.79096204,0.0,True,1.097815044726048,0.6821046178692189
32,96,325.79385,1369,5752.5977,2.4863482,2,69.633064,1.0084843660036114,0.528384029867869,1493.7542070008788,0.99511814,0.39563748,0.0,True,1.004474498202528,0.4885600649075083
33,1055,480.81705,1369,3897.8672,3.8749561,4,12.594248,1.488107547121179,0.8419738849900049,3348.0204675956693,1.077585,0.669716,0.0,True,1.3649507829848253,0.7902965194930035
34,17506,493.01175,1369,3801.4531,2.5636148,5,109.81206,1.5258297290665528,1.1851579294830745,4816.928509122297,1.1019387,1.0616852,0.0,True,1.398662420346587,1.1481161106381523
35,10373,467.86768,1369,4005.75,4.1252556,6,358.491,1.4480498566752769,1.1146090042580494,4326.444650043341,1.2435896,1.1411177,0.0,True,1.386711779672694,1.1225616129806346
36,11211,496.27545,1369,3776.4531,3.907475,6,120.47547,1.5359253269784772,1.1320093659007429,4627.683757011768,1.1116288,0.88319266,0.0,True,1.4086363688849342,1.05736435413052
37,18302,492.99249,1369,3801.6016,3.0427022,5,311.49393,1.5257701577079843,1.190545860153449,4838.65961312005,1.1019386,1.0607731,0.0,True,1.398620690395589,1.1516140321074144
38,205,364.78299,1369,5137.7422,3.9986553,4,176.66389,1.1291270237426192,0.623511484245705,1945.285106236533,0.98587829,0.49740127,0.0,True,1.0861524036198333,0.5856784199719935
39,2666,373.40741,1369,5019.0781,5.4126759,6,43.266178,1.1558118988609918,0.9257311262573374,2945.8425757025175,0.97391701,0.79166663,0.0,True,1.1012434322026943,0.8855117773801362
40,11096,494.30899,1369,3791.4766,3.5536771,5,65.276024,1.5298425231067303,1.1302134480069066,4604.2510678913895,1.1115994,0.9184733,0.0,True,1.4043695861747112,1.0666914036048347
41,5260,425.73856,1369,4402.1406,2.964994,4,105.05007,1.3177194690583542,1.0211606417502852,3647.841425057981,1.012477,0.88050663,0.0,True,1.226146728340848,0.9789644382251996
42,0,576.35114,1369,3251.7695,1.9623339,3,17.249636,1.7835995491046128,0.0,399.4961677035103,1.1358378,1.1326356,1.0743672035242313,True,1.5892710243732289,0.33979068000000007
43,0,8.5018454,3,1.0585938,1.0595798,2,1.1823127,1.2218663422539313,0.0,5.893030168566541,,,,False,1.2218663422539313,0.0
44,0,9.5601664,3,0.94140625,0.94148695,2,46.293827,1.270546296978376,0.0,6.626602385843922,1.0361202,0.92534596,6.93561482210752,True,1.2002184678848633,0.2776037880000001
45,38996,576.17114,1369,3252.7852,4.0606146,6,29.01605,1.7830429526010938,1.3069971930719007,6090.858176047355,1.1358362,1.143694,0.0,True,1.5888809268207655,1.2580062351503305
46,7419,408.68228,1369,4585.8633,3.1885271,5,130.259,1.264950900583795,1.0569949730921862,3642.2047184759776,1.0126961,0.7986573,0.0,True,1.1892744604086565,0.9794936711645302
47,0,307.15002,1369,6101.7773,1.9583371,2,19.697311,0.9507918667167528,0.0,212.90017037193078,0.95259166,0.37738881,0.5108487255366697,True,0.951331804701727,0.11321664300000002
48,45670,577.25122,1369,3246.6992,4.093008,6,47.616428,1.786383243204031,1.326836166644469,6193.467282388705,1.1374025,1.1639422,0.0,True,1.5916890202428218,1.2779679766511283
49,8316,462.79507,1369,4049.6562,4.1191435,6,217.73813,1.4323579115844876,1.0865436420943022,4177.270272222959,1.2593496,1.41649,0.0,True,1.3804554181091413,1.1855275494660116
50,6954,471.5575,1369,3974.4062,4.3239369,6,226.37061,1.4594640288736953,1.0674233780312066,4172.038904478913,1.2413989,1.0585418,0.0,True,1.394044490211587,1.0647589046218446
51,60290,577.55347,1369,3245.0,3.9188223,6,65.948166,1.7873180822575734,1.361268561035804,6357.104883387836,1.137943,1.1815205,0.0,True,1.5925055575803015,1.3073441427250627
52,20968,426.23743,1369,4396.9883,3.0140147,5,78.14212,1.3192628434793383,1.1861219214826852,4241.423930649738,1.0926909,1.0062782,0.0,True,1.2512912604355368,1.1321688050378795
53,20722,426.29691,1369,4396.375,3.0034683,5,51.501984,1.3194467986677674,1.1847349482044205,4236.985334761074,1.0928739,1.0582006,0.0,True,1.2514749290674372,1.1467746437430943
54,15164,426.30145,1369,4396.3281,1.5518221,4,51.422409,1.319460868117215,1.1475155281214178,4103.923641329384,1.0928741,1.0423756,0.0,True,1.2514848376820504,1.1159735496849925
55,4831,425.48145,1369,4404.8008,2.4435766,4,13.148154,1.3169240173257528,1.0109502019002956,3609.4538830895203,1.0928587,0.91624498,0.0,True,1.249704422128027,0.9825386353302069
56,2366,327.60333,1369,5720.8242,2.9112713,4,44.15007,1.0140835381751445,0.8979457039992217,2545.4126797281933,0.98066735,0.84668452,0.0,True,1.0040586817226012,0.8825673487994552
57,7570,368.27377,1369,5089.043,4.0308123,5,20.662449,1.139927871968542,1.0464705151555802,3289.4995763566512,1.0268908,1.0010781,0.0,True,1.1060167503779794,1.032852790608906
58,37338,538.11835,1369,3482.8047,4.0083437,6,83.881149,1.6653506617143683,1.2907316558303652,5665.213351943857,1.2152581,1.2977003,0.0,True,1.5303228932000577,1.2928222490812558
59,49,331.25668,1369,5657.7305,4.1913824,5,15.834757,1.025388366652854,0.45271189302602205,1302.4435054351595,0.98030388,0.29151878,0.0,True,1.0118630206569978,0.4043539591182154
60,2351,425.03854,1369,4409.3906,4.5037451,5,103.20412,1.3155538330907133,0.9250312546463917,3299.7639184329505,1.0923617,0.62280488,0.0,True,1.2485961931634992,0.8343633422524741
61,6318,370.47592,1369,5058.793,4.3149323,6,21.359205,1.1467415903180276,1.0260086549514813,3242.210561980054,1.0176231,0.94441694,0.0,True,1.1080060432226193,1.001531140466037
62,1912,334.69495,1369,5599.6094,4.1826692,6,19.839334,1.0360275768407452,0.8754997925675266,2529.273193852329,0.98855263,0.90532607,0.0,True,1.0217850927885217,0.8844476757972686
63,1887,320.82593,1369,5841.6758,3.6871347,6,14.92916,0.9931115297481665,0.8697133927631228,2420.247570702839,0.94482559,0.83335078,0.0,True,0.9786257478237166,0.8588046089341859
64,0,315.39731,1369,5942.2227,2.2134833,3,17.454977,0.9763129858997949,0.0,218.61675618269103,0.93271148,0.0,0.0,True,0.9632325341298564,0.0
65,8,301.11954,1369,6223.9766,3.1257048,4,51.537094,0.9321303605751331,0.25149519939144444,693.3533640132242,0.94229734,0.16325323,0.0,True,0.9351804544025931,0.2250226085740111
66,53,339.00253,1369,5528.457,3.6995251,4,23.436687,1.0493566468540196,0.46285547136199445,1358.4960883467663,0.96244383,0.29684711,0.0,True,1.0232828017978137,0.4130529629533961
67,9676,374.30728,1369,5007.0117,3.8274667,5,17.187555,1.1585961783819234,1.0772741789704776,3435.2464408791116,1.0110965,0.95101023,0.0,True,1.1143462748673465,1.0393949942793343
68,10,276.10138,1369,6787.9453,2.8050227,3,29.051298,0.8547081834503646,0.27176713093006877,686.0861551776436,0.89548326,0.17749101,0.0,True,0.8669407064152552,0.24348429465104815
69,1593,309.90332,1369,6047.5664,2.5064466,3,21.424679,0.9593120282290548,0.8468167744986472,2285.4220155846815,0.92439628,0.72422504,0.0,True,0.9488373037603384,0.8100392541490531
70,1734,335.444,1369,5587.1055,3.9616692,6,15.189044,1.038345369055986,0.8644079060950912,2502.190476368277,0.9922483,0.89049459,0.0,True,1.0245162483391903,0.8722339112665639
71,451,327.56396,1369,5721.5117,3.1839108,4,41.050575,1.013961727917904,0.7065788297993739,2003.3458435560397,0.98066634,0.82630199,0.0,True,1.0039731115425328,0.7424957778595618
72,876,368.72379,1369,5082.832,4.2029519,5,33.860458,1.1413202664493813,0.794039973803054,2499.0795392857303,1.0016148,0.68700242,0.0,True,1.0994086265145668,0.7619287076621378
73,12798,389.15839,1369,4815.9336,1.0518965,4,14.730639,1.2045458270928309,1.1151861926798707,3680.348900993359,1.0149783,0.95714438,0.0,True,1.1476755689649816,1.0677736488759095
74,463,353.4957,1369,5301.793,4.4556437,5,28.141415,1.0942021706145661,0.7159074753100871,2171.1838121142864,0.96122116,0.58333659,0.0,True,1.0543078674301962,0.676136209717061
75,11566,425.47012,1369,4404.918,3.1086407,5,51.007412,1.3168889943244557,1.1149726624306155,3980.6975681230024,1.0964888,1.0314854,0.0,True,1.250768936027119,1.0899264837014309
76,0,265.6712,1369,7054.4375,2.4357922,2,16.499125,0.8224294217996462,0.0,184.14924323597734,0.86169857,0.0,0.0,True,0.8342101662597523,0.0
77,2287,381.5004,1369,4912.6055,4.4401307,6,19.99865,1.1808520161161138,0.910032758513368,2951.2376214100323,1.0035322,0.87341642,0.0,True,1.1276560712812795,0.8990478569593576
78,12917,400.53564,1369,4679.1367,4.5778279,5,25.070635,1.2397462806609216,1.12008116191191,3791.652361605524,1.0282725,0.95178008,0.0,True,1.1763041464626451,1.0695908373383372
79,3078,359.61002,1369,5211.6484,5.1648321,6,36.366486,1.113121056090077,0.9384445815297001,2888.6339689004135,1.0224351,0.91474694,0.0,True,1.085915269263054,0.9313352890707902
80,59,321.58478,1369,5827.8906,5.8066883,6,31.555712,0.9954598141327629,0.4721923610696405,1321.9944672179242,0.95882446,0.30460227,0.0,True,0.984469207892934,0.42191533374874834
81,6002,343.30524,1369,5459.168,4.5310321,5,15.565116,1.0626704421270947,1.0109711759903854,2986.8177924216766,0.96588206,0.90321267,0.0,True,1.0336339274889663,0.9786436241932698
82,9326,414.46402,1369,4521.8906,3.3038385,5,44.554581,1.2828386727765568,1.0859320490644855,3788.522728993477,1.0845602,1.0084221,0.0,True,1.22335513094359,1.0626790643451398
83,985,378.90842,1369,4946.2109,6.147893,6,75.833771,1.1728323489789696,0.8103526252719083,2612.448531063078,1.0315225,0.82061172,0.0,True,1.1304393942852786,0.8134303536903358
84,10004,411.56113,1369,4553.7852,3.327009,6,21.577351,1.2738576465568088,1.093356220747978,3790.864953801754,1.0702882,0.97088212,0.0,True,1.212786812589766,1.0566139905235845
85,44095,541.12866,1369,3463.4297,3.0738168,5,64.147362,1.6746615327647076,1.3120207608554502,5786.909453220487,1.2166916,1.3006928,0.0,True,1.5372705529352952,1.308622372598815
86,19042,422.08752,1369,4440.2188,5.1397166,6,47.656498,1.3064241259548812,1.1732702979830436,4159.464576757731,1.050581,0.99496323,0.0,True,1.2296711881684168,1.1197781775881306
87,10781,412.66983,1369,4541.5508,6.2267075,6,101.40445,1.277287757647684,1.102586272644443,3831.939010652228,1.0664874,0.94156355,0.0,True,1.2140476503533788,1.0542794558511102
88,18720,495.49182,1369,3782.4258,3.4846373,5,19.868725,1.533501281248622,1.1940167815638536,4874.3782749686725,1.1126211,0.9826206,0.0,True,1.4072372268740354,1.1305979270946975
89,50937,497.16821,1369,3769.6719,2.5278199,5,39.048275,1.538686812363064,1.316048021475321,5388.500030941381,1.1126448,1.0734785,0.0,True,1.4108742086541446,1.2432771650327248
90,397,401.24542,1369,4670.8594,3.9896722,4,218.80196,1.24194231332754,0.7084776215917674,2403.0433390837684,1.0802358,0.44935298,0.0,True,1.193430359329278,0.6307402291142372
91,46717,542.54462,1369,3454.3906,3.0085909,5,85.069382,1.679041082072825,1.3195298598940053,5833.388870696402,1.2174724,1.3010623,0.0,True,1.5405704774509774,1.3139895919258036
92,56767,497.18057,1369,3769.5781,1.977427,4,23.933083,1.5387250798519434,1.329210078211837,5442.509257360495,1.112645,1.087945,0.0,True,1.4109010558963604,1.2568305547482859
93,59513,499.84186,1369,3749.5078,3.0127156,5,39.465012,1.5469571496267025,1.3358112867561311,5495.253241724902,1.1151915,1.0930483,0.0,True,1.4174274547386916,1.2629823907292916
94,21269,490.2511,1369,3822.8594,4.0307579,6,226.29231,1.5172902337509038,1.207952787670306,4885.401198205519,1.1019157,1.0754002,0.0,True,1.3926778736256327,1.168187011369214
95,66013,577.42212,1369,3245.7383,3.0497155,5,99.057129,1.78691177583192,1.3724452074099147,6408.021238229506,1.1376299,1.1780312,0.0,True,1.592127213082344,1.3141210051869403
96,6035,410.01395,1369,4570.9688,2.7622185,4,27.099379,1.2690709398870907,1.0329088482055506,3569.4430602981142,1.013359,0.93651259,0.0,True,1.1923573579209634,1.0039899707438855
97,73563,585.02972,1369,3203.5312,2.1140614,4,50.578217,1.810439971100684,1.3880821735358808,6555.79895923779,1.1354135,1.1760608,0.0,True,1.6079320297704789,1.3244757614751166
98,2053,408.79333,1369,4584.6172,1.692024,3,71.07235,1.2652945646064253,0.904689765216592,3118.2882457215046,1.0125639,0.8272298,0.0,True,1.1894753652244976,0.8814517756516144
99,1175,376.61404,1369,4976.3438,2.2429368,3,21.359491,1.1657334338962972,0.8304745431549313,2662.933971760686,0.97954679,0.77920759,0.0,True,1.1098774407274081,0.815094457208452
100,1997,346.52866,1369,5408.3867,2.8068252,4,48.407684,1.0726445510984162,0.8840939402898779,2633.7572364352955,0.94702595,0.86405087,0.0,True,1.0349589707688913,0.8780810192029145
101,4486,425.40146,1369,4405.6289,3.0358124,4,50.914768,1.3166765952302248,1.0020998597334623,3577.2699824171304,1.0125428,0.89434689,0.0,True,1.2254364566611575,0.9697739688134235
102,9,290.72131,1369,6446.5898,3.5857649,4,56.281013,0.8999520814752927,0.26249942915080654,697.1192549507497,0.89525133,0.17043294,0.0,True,0.8985418560327049,0.23487948240556458
103,0,296.57745,1369,6319.2969,3.2757516,4,20.0145,0.9180745509818311,0.0,205.57182328515813,0.89136428,0.0,0.0,True,0.9100614696872817,0.0
104,0,326.00772,1369,5748.8242,1.9819407,2,53.466648,1.0091460999782154,0.0,225.9713319587761,0.91485971,0.0,0.0,True,0.9808601829847508,0.0
105,78301,591.42279,1369,3168.9023,2.107482,4,28.859388,1.8302114868346278,1.3976937646293965,6664.353788467924,1.1345401,1.1754907,0.0,True,1.6215100707842394,1.3310328452405775
106,396,343.04898,1369,5463.2461,2.7847033,4,17.955975,1.0618774904007233,0.6952933701184464,2053.646254231781,0.94362372,0.74173236,0.0,True,1.0264013592805064,0.7092250670829126
107,821,313.69458,1369,5974.4766,3.2042124,4,17.754833,0.9710440116322618,0.7718411262871748,2105.817975929789,0.94472015,0.85647112,0.0,True,0.9631468531425833,0.7972301244010224
108,422,348.78427,1369,5373.4102,3.8744755,5,57.010448,1.0796239909449776,0.7040197615577365,2110.051866877656,0.97055686,0.7515198,0.0,True,1.0469038516614844,0.7182697730904155
109,1905,352.7153,1369,5313.5234,2.7353325,4,14.479707,1.091787464069924,0.8804215381332399,2664.1597510803335,0.96346307,0.83022374,0.0,True,1.0532901458489468,0.8653621986932679
110,1895,382.88995,1369,4894.7773,3.2020569,5,24.617285,1.185151265321039,0.8883033038125696,2890.064434896969,0.97657174,0.74704152,0.0,True,1.1225774077247272,0.8459247686687987
111,9721,457.68585,1369,4094.8633,3.9971626,5,34.700176,1.416552466637181,1.1038594274138118,4202.585663570971,1.0647746,0.896559,0.0,True,1.3110191066460266,1.0416692991896683
112,89188,593.40729,1369,3158.3047,1.992443,4,14.90536,1.8363488220266675,1.4144286637310761,6763.967358286846,1.1350284,1.1773833,0.0,True,1.6259526954186672,1.3433150546117534
113,4413,355.60928,1369,5270.2812,3.1084123,4,23.47015,1.1007420873322047,0.9792458564177747,2984.5444478380236,0.99675876,0.94488138,0.0,True,1.0695470891325431,0.9689365134924424
114,394,395.6936,1369,4736.3945,4.0105071,5,23.689644,1.2247654375528125,0.7064180827477032,2366.807322342446,1.0113106,0.76082915,0.0,True,1.1607289862869687,0.7227414029233923
115,4968,444.90387,1369,4212.5078,3.2461281,4,44.616474,1.3770105759657962,1.0197026363994468,3786.654748731152,1.0696957,0.92584252,0.0,True,1.2848161131760574,0.9915446014796128
116,2486,356.46799,1369,5257.5859,1.2190763,2,30.884998,1.103398998215875,0.9125623896160726,2787.3067891058904,0.98338175,0.86837381,0.0,True,1.0673938237511125,0.8993058157312508
117,0,318.89716,1369,5877.0078,0.45278218,1,29.411692,0.9871430708240156,0.0,221.04266734257376,0.93855911,0.0,0.0,True,0.9725678825768109,0.0
118,13930,484.22849,1369,3870.4062,2.9799619,5,100.60469,1.4986603970137071,1.1549260964328059,4620.480956339529,1.1226767,1.0704478,0.0,True,1.3858652879095947,1.129582607502964
119,16350,488.23361,1369,3838.6562,3.4831777,5,111.13192,1.5110495474940822,1.1754840498443948,4736.893989449895,1.1018133,1.073173,0.0,True,1.3882786732458574,1.1447907348910764
120,2141,366.60703,1369,5112.1797,2.9891739,4,99.621422,1.1347708046102372,0.8980707447475846,2811.8619873734415,0.98753595,0.86336052,0.0,True,1.090600348227166,0.8876576773233092
121,0,357.68698,1369,5239.668,4.0099459,4,107.36465,1.1071708114841194,0.0,247.92972171000153,1.0025949,0.0,0.0,True,1.0757980380388836,0.0
122,17221,485.177,1369,3862.8398,3.0083647,5,49.202011,1.5015944032377075,1.1808741637161915,4732.416932908591,1.1221495,1.064544,0.0,True,1.3877609322663953,1.145975114601334
123,9015,503.31995,1369,3723.5977,4.4782319,6,150.55254,1.5577156420003,1.1074398810531536,4583.667824725425,1.105356,0.92761809,0.0,True,1.42200774940021,1.0534933437372076
124,366,366.60648,1369,5112.1875,3.024775,4,51.711384,1.134769073893036,0.6914968446227392,2165.9414895101695,0.98753595,0.69240147,0.0,True,1.0905991367251253,0.6917682322359174
125,14217,447.27045,1369,4190.2188,3.0474195,5,105.63768,1.3843318037432448,1.14638620531098,4276.949600028545,1.0840791,1.0374393,0.0,True,1.2942559926202715,1.1137021337176858
126,15734,448.23276,1369,4181.2227,3.0335486,5,111.72114,1.3873088356233916,1.1588385262247365,4331.589773603235,1.0851113,1.0430939,0.0,True,1.296649574936374,1.1241151383573156
127,0,274.68771,1369,6822.8789,1.5959179,1,32.811886,0.8503333023374732,0.0,190.39901172096788,0.96636885,0.0,2.98316871548813,True,0.8851439666362312,0.0
128,2477,404.01129,1369,4638.8828,2.4867716,3,64.582939,1.250499541399826,0.9256570479365389,3157.5948931851235,1.0084329,0.25145656,0.0,True,1.1778795489798783,0.7233969015555772
129,0,379.80136,1369,4934.582,0.55785584,1,20.295414,1.175595141150363,0.0,263.2582418568328,1.0514812,0.97596306,7.34925743633683,True,1.1383609588052541,0.29278891800000006
130,2490,449.33301,1369,4170.9844,2.6612761,4,44.593773,1.3907125588800047,0.9380820474300178,3514.161973299815,1.1191059,0.99603122,0.0,True,1.3092305612160033,0.9554667992010124
131,6712,474.00659,1369,3953.8711,4.2254043,6,25.876785,1.4670401705177758,1.063814925693567,4176.922454905621,1.1368811,1.0367218,0.0,True,1.3679924493624431,1.0556869879854969
132,3435,454.16486,1369,4126.6094,2.0502844,4,334.64215,1.4056601753341793,0.9779154228888587,3697.971190215906,1.2582325,1.4159765,0.0,True,1.3614318727339256,1.1093337460222013
133,4485,459.95782,1369,4074.6367,1.9555081,4,202.40198,1.4235808192303083,1.0114809001601304,3867.757529676373,1.2593174,1.4160768,0.0,True,1.3743017934612158,1.1328596701120912
134,7806,482.46628,1369,3884.543,4.2633624,6,101.11635,1.4932092126834415,1.0843555353133392,4324.2990126776385,1.122949,1.0713117,0.0,True,1.382131148878409,1.0804423847193374
135,5497,467.59546,1369,4008.082,3.9206185,6,528.22125,1.4472077660981348,1.0380053441739463,4027.082450531278,1.240328,1.0927697,0.0,True,1.3851438362686943,1.0544346509217624
136,17019,488.26193,1369,3838.4336,3.0458417,5,109.3373,1.5111371312578719,1.180350795883131,4756.746914818629,1.1017859,1.0734323,0.0,True,1.3883317618805102,1.1482752471181916
137,0,532.47699,1369,3519.7031,2.0134792,3,3.7581332,1.6479020656483907,0.0,369.0849243315462,,,,False,1.6479020656483907,0.0
138,0,464.01608,1369,4039.0,2.0134792,3,26.205627,1.4361350688172088,0.0,321.631437586478,,,,False,1.4361350688172088,0.0
139,0,505.26578,1369,3709.2578,2.0488586,3,29.494839,1.563734487291705,0.0,350.2235508404216,,,,False,1.563734487291705,0.0
140,6534,506.99353,1369,3696.6172,2.9637942,5,40.930794,1.5690787933096566,1.0692483028626598,4453.979043253979,1.1316345,1.0490581,0.0,True,1.4378455053167598,1.063191242003862
141,0,461.26718,1369,4063.0703,2.0263119,3,85.538727,1.4276313531626603,0.0,319.7260453018368,,,,False,1.4276313531626603,0.0
142,6549,533.10773,1369,3515.5391,3.9734776,6,44.705551,1.6498528226993527,1.0761002090146798,4684.616466686166,1.1310512,1.0592856,0.0,True,1.494212335889547,1.0710558263102758
143,9589,534.26709,1369,3507.9102,3.0628939,5,53.358261,1.653438829600353,1.1230880741845208,4898.470789895839,1.1310966,1.0683566,0.0,True,1.4967361607202472,1.1066686319291645
144,3529,465.00232,1369,4030.4336,4.1023083,6,214.6721,1.4391859578519386,0.9839419227089432,3798.760376967138,1.2396612,1.0854033,0.0,True,1.379328530496357,1.0143803358962602
145,15477,488.6319,1369,3835.5273,3.5121238,6,306.77002,1.5122815707631163,1.1689515606870058,4713.9489889089,1.101819,1.078903,0.0,True,1.3891427995341814,1.141936992480904
146,13296,535.03387,1369,3502.8828,3.011291,5,55.940403,1.6558105204232054,1.1633256321041576,5080.3439840704405,1.13122,1.0715494,0.0,True,1.4984333642962437,1.1357927624729105
147,22,390.61264,1369,4798.0039,3.997663,4,213.96681,1.2090452287112394,0.36990084411900276,1241.3879967343232,1.011144,0.18560037,0.0,True,1.1496748600978677,0.31461070188330187
148,8363,488.04785,1369,3840.1172,3.0382442,5,85.835335,1.5104749571643314,1.094214840181195,4407.956239535113,1.1018286,1.0784473,0.0,True,1.387881050015032,1.0894845781268365
149,5569,486.5961,1369,3851.5742,2.0346603,4,47.256527,1.5059841881571505,1.044584449726222,4197.051866233714,1.1018718,1.0791267,0.0,True,1.3847504717100052,1.0549471248083555
150,40,360.86667,1369,5193.5,4.0383139,4,91.288055,1.117009299026146,0.4340444901120428,1348.8003887100904,0.98697478,0.30889705,0.0,True,1.0779989433183021,0.39650025807843
151,23865,537.16522,1369,3488.9844,4.0141644,6,150.30412,1.6624026773337461,1.235588571707015,5414.760799706829,1.1317003,1.0739027,0.0,True,1.5031919641336222,1.1870828101949105
152,9005,506.97693,1369,3696.7383,3.5708208,6,55.389763,1.5690274202666192,1.1082798264398124,4616.408897392713,1.1316342,1.0492454,0.0,True,1.4378094541866335,1.0905694985078687
153,3450,484.91074,1369,3864.9609,4.5532355,6,80.502701,1.5007707507697687,0.9861916756778768,3950.4267150686096,1.1019871,1.080281,0.0,True,1.3811356555388383,1.0144184729745138
154,2392,450.98615,1369,4155.6953,5.8971939,6,107.65201,1.395826628538734,0.9336785719701938,3508.9973566549083,1.0920165,0.91858232,0.0,True,1.3046835899771136,0.9291496963791357
155,11930,490.91626,1369,3817.6797,4.4708991,6,78.862503,1.519347764444841,1.1380560580296821,4608.220694872953,1.1308331,1.0386834,0.0,True,1.4027933651113886,1.1082442606207774
156,0,490.0553,1369,3824.3867,2.4727287,4,257.08078,1.5166846082468197,0.0,339.68044951345814,1.1035532,1.0849751,11.43997121814717,True,1.3927451857727737,0.32549253000000006
157,0,306.71292,1369,6110.4727,1.9891169,2,10.349441,0.9494393018868356,0.0,212.59719573930806,0.91848576,0.0,0.0,True,0.940153239320785,0.0
158,16125,492.11517,1369,3808.3789,1.989388,4,12.774949,1.5230563588020973,1.1749316290905163,4767.734876941915,1.1312495,1.0441489,0.0,True,1.4055143011614681,1.1356968103633613
159,2011,394.04431,1369,4756.2188,3.0095201,4,40.374561,1.2196626630726484,0.8983265619968959,2997.6453647730477,1.0178809,0.86935091,0.0,True,1.159128134150854,0.889633866397827
160,0,365.81039,1369,5123.3125,2.0113568,3,105.68147,1.1323059448746473,0.0,253.560440448034,0.99531734,0.0,0.0,True,1.091209363412253,0.0
161,142704,561.57263,1369,3337.3438,3.0338211,5,157.41081,1.737892879759892,1.4627538760968748,6665.048260313584,1.2339289,1.3645947,0.0,True,1.5867036858319243,1.4333061232678124
162,0,366.48383,1369,5113.8984,2.0048819,3,71.42205,1.1343895752680195,0.0,254.0272334853103,0.99613953,0.0,0.0,True,1.0929145616876137,0.0
163,65315,499.83978,1369,3749.5234,4.0196857,6,43.26506,1.5469507168981915,1.3471135734688564,5541.727448784066,1.1151915,1.1045886,0.0,True,1.4174229518287342,1.2743560814281993
164,145392,561.86267,1369,3335.6211,3.0133367,5,63.487217,1.738789886332616,1.4651469098624723,6678.975379168621,1.2338258,1.3645256,0.0,True,1.5873006604328315,1.4349605169037307
165,2490,399.00769,1369,4697.0547,3.0036936,3,47.053341,1.2350189950098562,0.9249124571398455,3120.575653349397,1.0895721,0.87505877,0.0,True,1.1913849265068994,0.9099563509978918
166,0,309.3331,1369,6058.7148,0.99733198,1,43.742107,0.9575474188441174,0.0,214.4133661188676,0.97603983,0.0,0.0,True,0.9630951421908822,0.0
167,48065,500.76947,1369,3742.5625,3.0431476,5,105.15892,1.5498263984351552,1.3101484948471214,5398.47073177615,1.1148474,1.0720346,0.0,True,1.4193326989046087,1.238714326392985
168,0,381.29758,1369,4915.2188,1.9997454,2,72.977875,1.180224441729203,0.0,264.29534253133016,0.98719394,0.0,0.0,True,1.1223152912104422,0.0
169,24442,528.68604,1369,3544.9414,3.0634367,4,118.55885,1.6361764006279722,1.2361080655694685,5341.917799106706,1.1039782,1.1197845,0.0,True,1.4765169404395806,1.201210995898628
170,0,290.63095,1369,6448.5938,0.98425293,1,29.1639,0.8996724941958586,0.0,201.45002357595843,0.90112025,0.0,0.0,True,0.900106820937101,0.0
171,2444,367.2699,1369,5102.9531,2.9955039,3,38.812946,1.136821768860196,0.9137563828135763,2865.516635357147,0.99578875,0.86913472,0.0,True,1.0945118632021371,0.9003698839695033
172,4201,425.58032,1369,4403.7773,2.0425255,4,266.31714,1.3172299501135343,0.994329207238372,3550.852311038705,1.0124669,0.87046999,0.0,True,1.225801035079474,0.9571714420668604
173,2468,366.79031,1369,5109.625,3.00792,3,67.278038,1.1353379430397068,0.9147605284918404,2865.3561559628247,0.99654448,0.86921513,0.0,True,1.0936999041277948,0.9010969089442882
174,0,288.8967,1369,6487.3047,1.0079113,1,20.377337,0.8943056431130967,0.0,200.24793307807235,0.89970112,0.0,0.0,True,0.8959242861791676,0.0
175,161663,561.98706,1369,3334.8828,3.0026338,5,205.63481,1.739174601244713,1.4782619742228849,6740.069050355511,1.2338275,1.3634109,0.0,True,1.5875704708712992,1.4438066519560193
176,156727,562.33685,1369,3332.8086,3.0102518,5,216.52217,1.7402563412755807,1.4745529445454422,6726.827186585471,1.2337267,1.3626668,0.0,True,1.5882974488929065,1.4409871011818094
177,10814,424.45084,1369,4415.4961,3.1625738,4,108.18727,1.3137355827185315,1.1066454804258419,3942.631236857822,1.0909443,1.0569446,0.0,True,1.246898197902972,1.0917352162980893
178,0,382.66031,1369,4897.7148,1.9956764,3,33.124107,1.184440737875262,0.0,265.23991498869464,0.9879958,0.0,0.0,True,1.1255072565126834,0.0
179,0,298.49362,1369,6278.7305,2.0176058,3,30.479368,0.9240042719696923,0.0,206.90001111813172,0.89239627,0.0,0.0,True,0.9145218713787846,0.0
180,0,299.76703,1369,6252.0586,2.0043235,3,29.193863,0.9279449049438617,0.0,207.78267166932852,0.89406633,0.0,0.0,True,0.9177813324607031,0.0
181,7389,383.07581,1369,4892.4023,4.0068259,5,39.863956,1.1857263578619888,1.048473254303925,3412.446334495662,0.98840457,0.95080173,0.0,True,1.126529821503392,1.0191717970127474
182,0,333.95505,1369,5612.0156,1.9970886,2,41.131138,1.0337380988200926,0.0,231.4800013412556,0.96841747,0.0,0.0,True,1.0141419101740647,0.0
183,6702,456.19144,1369,4108.2773,3.6621382,5,50.189613,1.411929509741433,1.0587420624289996,4019.25627121973,1.0648855,0.9163363,0.0,True,1.307816306819003,1.0160203337002998
184,5745,434.48849,1369,4313.4883,2.4797792,4,17.90501,1.3447891431174408,1.034176228680554,3761.120615274808,1.023538,0.86851948,0.0,True,1.2484138001822085,0.9844792040763879
185,12478,446.05249,1369,4201.6602,2.8780293,5,29.861355,1.3805639697257976,1.1303763698869516,4207.114737817719,1.068097,1.0064765,0.0,True,1.2868238788080584,1.093206408920866
186,1816,418.77402,1369,4475.3516,2.4911063,3,95.07209,1.29617290120578,0.8927004714546433,3143.1051719707357,1.0126719,0.69197905,0.0,True,1.211122600844046,0.8324840450182502
187,210,350.03598,1369,5354.1953,3.120059,4,23.688972,1.083497051179284,0.6233095803552963,1874.997926109367,0.97506744,0.6404174,0.0,True,1.050968167825499,0.6284419262487074
188,98289,593.46014,1369,3158.0234,1.9748549,4,48.288883,1.8365122907287146,1.426501458822698,6822.232458831155,1.1350288,1.1789193,0.0,True,1.6260672435101,1.3522268111758886
189,13716,444.66223,1369,4214.7969,4.141397,6,113.796,1.376263061920374,1.1412858958186118,4236.058778751217,1.0801892,1.0247247,0.0,True,1.2874409033442618,1.1063175370730283
190,18307,486.4693,1369,3852.5781,3.0605526,5,41.990471,1.505591964290551,1.188659931124424,4774.76818727568,1.1211108,1.0452241,0.0,True,1.3902476150033858,1.1456291817870967
191,102676,593.46893,1369,3157.9766,2.0194471,4,29.500948,1.836539489909622,1.4319225951438748,6848.247570861487,1.135029,1.1796993,0.0,True,1.6260863429367352,1.3562556066007123
192,0,415.3981,1369,4511.7227,2.0129457,2,74.112953,1.2857284770928308,0.0,287.9320218249582,1.012496,0.0,0.0,True,1.2037587339649816,0.0
193,1514,417.01089,1369,4494.2734,2.7504025,3,113.04373,1.2907181785454462,0.8706424262161545,3054.1171026212323,1.0123396,0.76209879,0.0,True,1.2072046049818124,0.8380793353513082
194,610,345.56177,1369,5423.5195,1.4606837,2,18.276693,1.069652742578907,0.7460236361578999,2217.3773651610995,0.9391343,0.55296767,0.0,True,1.030497209805235,0.6881068463105299
195,535,375.41614,1369,4992.2227,2.7126064,3,108.26523,1.1620270383798346,0.7379003142337668,2359.865140687873,1.0028769,0.73799181,0.0,True,1.1142819968658841,0.7379277629636367
196,106744,595.97021,1369,3144.7227,3.0193715,5,43.846989,1.8442749382048635,1.4374936025287068,6900.266731158824,1.1357405,1.1808434,0.0,True,1.6317146067434045,1.3604985417700948
197,21977,487.48157,1369,3844.5781,2.0407186,4,33.97858,1.5087232501766545,1.2110909782914507,4873.764071129388,1.1207572,1.0341684,0.0,True,1.392333435123658,1.1580142048040154
198,25788,490.16644,1369,3823.5195,2.0835714,4,25.962191,1.5170284226992807,1.2312799101814091,4978.984283043878,1.1200109,1.0176431,0.0,True,1.3979231658894964,1.1671888671269863
199,120782,563.56079,1369,3325.5703,3.0078855,5,120.10276,1.744041835296565,1.4428262201459743,6594.652605817311,1.2336503,1.3576357,0.0,True,1.5909243747075954,1.417269064102182
200,158593,596.58234,1369,3141.4961,3.0400565,5,56.614555,1.8461679698251705,1.4868365502100247,7143.5420035245725,1.134905,1.2160146,0.0,True,1.6327890788776194,1.4055899651470172
201,28828,490.20251,1369,3823.2383,2.9860091,5,50.468407,1.517139942128662,1.244798597277778,5033.973787389221,1.1200113,1.024321,0.0,True,1.3980013494900634,1.1786553180944446
202,116279,562.73718,1369,3330.4375,3.0666416,5,108.76205,1.7414945705929492,1.4378824464727147,6563.63419871588,1.2334238,1.3573176,0.0,True,1.5890733394150645,1.4137129925309002
203,4822,411.4115,1369,4555.4414,4.0467486,5,55.953236,1.273394719477982,1.0066963966497644,3489.32852060614,1.0896344,0.99014449,0.0,True,1.2182666236345874,1.001730824654835
204,161148,597.50879,1369,3136.625,2.0073819,4,30.717913,1.8490331954567178,1.4891076967978356,7164.18469802694,1.1345836,1.2158496,0.0,True,1.6346983168197025,1.407130267758485
205,797,418.40152,1369,4479.3359,4.0461898,5,120.67518,1.2950204900039608,0.7947417213222157,2796.3283784172468,1.0125353,0.76263976,0.0,True,1.2102749330027724,0.7851111329255509
206,13,296.17871,1369,6327.8047,2.9953237,3,33.032787,0.9168405801035759,0.3014968886870066,802.0668151776932,0.90565735,0.1955052,0.0,True,0.9134856110725031,0.2696993820809046
207,1159,360.26999,1369,5202.1016,2.9845862,3,167.31018,1.115163050062347,0.8245705259522552,2542.4386428259295,1.0018319,0.84819955,0.0,True,1.081163705043643,0.8316592331665786
208,2159,376.93005,1369,4972.1719,3.0271916,4,72.366997,1.1667111490638955,0.90198183653664,2894.191937474458,1.0006847,0.90923113,0.0,True,1.1169032143447268,0.904156624575648
209,13362,503.25925,1369,3724.0469,3.0212276,5,75.687279,1.5575278489088105,1.1552737210199704,4781.123819057804,1.105355,0.96194565,0.0,True,1.4218759942361674,1.0972752997139792
210,2135,376.93478,1369,4972.1094,2.0123155,4,95.438835,1.1667258088634602,0.9006705461501978,2890.0186101939066,1.0004333,0.86134923,0.0,True,1.1168380562044222,0.8888741513051384
211,2894,376.93597,1369,4972.0938,3.0085335,4,50.028324,1.1667294680068843,0.9363902228272809,3004.5889404508166,1.0004333,0.81137556,0.0,True,1.1168406176048191,0.8988858239790967
212,0,297.04993,1369,6309.2461,3.0030842,3,32.988983,0.9195366051547793,0.0,205.89932146502912,0.90456718,0.0,0.0,True,0.9150457776083456,0.0
213,2147,371.08856,1369,5050.4414,2.9796538,3,144.85043,1.148637134730616,0.899677546804542,2847.2726790936977,0.9915266,0.79731578,0.0,True,1.1015039743114312,0.8689690167631794
214,18544,504.3681,1369,3715.8594,2.0255134,4,32.147018,1.5609578493179008,1.195444535938958,4956.934433589848,1.1063535,0.99288112,0.0,True,1.4245765445225307,1.1346755111572706
215,103509,562.17804,1369,3333.75,2.9747977,5,105.55051,1.7397652141468458,1.4233669056609668,6491.713344424119,1.2332045,1.3565104,0.0,True,1.587796999902792,1.4033099539626768
216,24524,506.73114,1369,3698.5312,3.0236623,5,44.375839,1.568267229604858,1.230140084903904,5121.779453061018,1.1083601,1.0188498,0.0,True,1.4302950907234007,1.1667529994327328
217,89313,559.76239,1369,3348.1367,3.0422416,5,110.90637,1.7322940323868996,1.4044396270623922,6381.249110380354,1.2326636,1.3551782,0.0,True,1.5824049026708296,1.3896611989436747
218,51497,500.92841,1369,3741.375,3.0266337,5,45.476513,1.550318045370913,1.3185810737213133,5434.731449510853,1.114908,1.074996,0.0,True,1.419695031759639,1.2455055516049192
219,26932,528.68488,1369,3544.9492,3.0279751,5,103.3123,1.636172802556727,1.2479754772317007,5393.190965816895,1.1039782,1.1189469,0.0,True,1.4765144217897088,1.2092669040621904
220,51389,530.58093,1369,3532.2812,3.0102849,5,41.009251,1.6420373718679604,1.327597453351827,5755.3271941324865,1.1041925,1.1239073,0.0,True,1.4806839103075722,1.266490407346279
221,53059,530.60083,1369,3532.1484,2.0095508,4,41.630013,1.6420990734543974,1.3315176023496946,5772.5112094929045,1.1041929,1.1238214,0.0,True,1.480727221418078,1.2692087416447864
222,59497,530.83099,1369,3530.6172,1.5098213,4,26.470013,1.642810835289581,1.345605131554678,5835.8045029239065,1.1042844,1.1298909,0.0,True,1.4812529047027068,1.2808908620882744
223,5411,411.36176,1369,4555.9922,2.9934437,4,41.039711,1.2732408390453895,1.0203584609971248,3536.2955360257993,0.99404913,0.92620891,0.0,True,1.1894833263317726,0.9921135956979874
224,0,316.42133,1369,5922.9922,2.0000105,2,15.440402,0.9794817642275278,0.0,219.32655275852804,0.89834189,0.0,0.0,True,0.9551398019592694,0.0
225,65203,502.20569,1369,3731.8594,3.9886484,6,143.22786,1.5542689724980918,1.3476776674992104,5567.096432504351,1.1151322,1.0849475,0.0,True,1.4225279407486644,1.2688586172494474
226,4830,411.36176,1369,4555.9922,2.012821,4,23.605499,1.2732408390453895,1.006878680094263,3489.5882847555845,0.99404913,0.91095769,0.0,True,1.1894833263317726,0.9781023830659842
227,850,462.23508,1369,4054.5625,4.0674057,5,143.98586,1.430625514358608,0.8120050447954519,3118.9711980358707,1.0995634,0.70970714,0.0,True,1.3313068800510255,0.7813156733568163
228,52684,529.28912,1369,3540.9023,2.4574003,4,24.036083,1.638041730106512,1.3302468725101901,5754.48691159757,1.1043557,1.1151781,0.0,True,1.4779359210745584,1.265726240757133
229,12383,424.48276,1369,4415.1641,3.3319845,6,39.976521,1.3138343248534372,1.122795446840039,4000.427975725774,1.090945,1.0490053,0.0,True,1.246967527397406,1.1006584027880273
230,10214,419.84702,1369,4463.9141,2.6391792,4,34.662994,1.2994924853324745,1.0984191840933704,3875.906099982555,1.0237535,0.9913339,0.0,True,1.216770789732732,1.0662935988653592
231,53173,529.69055,1369,3538.2188,4.5484447,6,72.614952,1.6392833722848827,1.3315006845902213,5763.744897446853,1.1045504,1.1141435,0.0,True,1.4788634805994179,1.266293529213155
232,6216,346.55194,1369,5408.0234,3.2137835,5,18.180298,1.0727165825364713,1.016152408825364,3027.201750623876,0.97070158,0.93853569,0.0,True,1.0421120817755298,0.9928673931777547
233,17896,439.10519,1369,4268.1367,6.0194211,7,62.371174,1.3590716693192377,1.1713894273705872,4299.913094604142,1.0622599,1.0325344,0.0,True,1.2700281385234664,1.129732919159411
234,3608,427.48386,1369,4384.168,3.5074158,5,32.819714,1.3231189076866963,0.9767179864775284,3501.718244228613,1.0192572,0.89567387,0.0,True,1.2319603953806875,0.95240475153427
235,2179,320.0134,1369,5856.5078,4.2140493,5,12.8824,0.9905972666094839,0.8860349074637265,2460.115418203988,0.92127186,0.8639487,0.0,True,0.9697996446266388,0.8794090452246085
236,69702,531.03131,1369,3529.2852,3.5070109,6,164.70099,1.6434305031749747,1.3650437861660465,5922.068063983332,1.1040733,1.1243012,0.0,True,1.4816233422224823,1.2928210103162325
237,0,382.53796,1369,4899.2812,2.0077,2,43.983612,1.1840622025706953,0.0,265.1551084311531,0.98706758,0.0,0.0,True,1.1249638157994868,0.0
238,1477,345.69522,1369,5421.4258,4.2798042,5,11.944629,1.0700656793516639,0.8487879367629835,2523.271399858532,0.96990949,0.84386301,0.0,True,1.0400188225461648,0.8473104587340885
239,0,301.55542,1369,6214.9805,3.8594148,4,13.435264,0.9334791725806991,0.0,209.02228915557015,0.90445161,0.0,0.0,True,0.9247709038064893,0.0
240,3264,354.72983,1369,5283.3477,4.647665,6,19.528517,1.0980208195366865,0.9437916234137932,2870.2330198348254,0.96998298,0.9040668,0.0,True,1.0596094676756806,0.9318741763896552
241,15282,438.0968,1369,4277.9609,4.0207987,6,16.466505,1.35595206327477,1.1521853428379363,4220.870697735323,1.0613173,1.0196675,0.0,True,1.2675616342923388,1.1124299899865553
242,5858,423.52539,1369,4425.1445,5.9355845,7,73.499107,1.3108724626201698,1.0333500595368459,3674.4659989938123,1.0909313,0.94658494,0.0,True,1.2448901138341188,1.007320523675792
243,3758,419.36151,1369,4469.082,3.548584,5,23.827242,1.2979904669809994,0.9793350963428713,3452.2570183530665,1.0150076,0.85900974,0.0,True,1.2130956068866996,0.9432374894400098
244,2091,343.73248,1369,5452.3828,3.9873576,5,11.206643,1.0639923939864178,0.8886050258509075,2628.300127973595,0.95603639,0.86755103,0.0,True,1.0316055927904926,0.8822888270956353
245,3532,383.6922,1369,4884.543,3.4781513,5,37.728664,1.187633427781223,0.9617935774773577,3134.8365075618262,1.0048376,0.89688271,0.0,True,1.1327946794468562,0.9423203172341503
246,7680,437.02853,1369,4288.418,5.315012,6,15.896929,1.3526471810183394,1.069596677218505,3909.934833794366,1.0603755,0.96599948,0.0,True,1.2649656767128374,1.0385175180529536
247,538,340.46082,1369,5504.7773,4.0623136,5,12.762573,1.0538689866921513,0.7301807051718651,2142.0327883407203,0.94943702,0.71820098,0.0,True,1.022539396684506,0.7265867876203055
248,18703,492.03644,1369,3808.9883,3.1307364,5,54.79789,1.5228128129100635,1.1928940798602217,4839.939147958455,1.118793,1.0393019,0.0,True,1.4016068690370445,1.1468164259021552
249,2,417.55237,1369,4488.4453,3.997848,4,120.34027,1.2923933875979605,0.13063275341365377,578.8504960032461,1.0124911,0.082064703,0.0,True,1.2084227013185724,0.11606233828955763
250,4453,411.41644,1369,4555.3867,2.9648561,5,31.234543,1.2734100033886395,0.9972502128134961,3456.6313799385484,1.0896345,0.96327102,0.0,True,1.2182773523720476,0.9870564549694473
251,163616,597.50879,1369,3136.625,2.9925382,5,61.299583,1.8490331954567178,1.4909953265460947,7173.26613512183,1.1345836,1.2157245,0.0,True,1.6346983168197025,1.4084140785822663
252,2,415.31863,1369,4512.5859,3.0740705,4,51.112404,1.285482642625172,0.1305495424769589,575.7538748370382,1.0087757,0.082042173,0.0,True,1.2024705598376202,0.11599733163387123
253,0,383.80914,1369,4883.0547,2.0427256,3,45.301102,1.187995256857685,0.0,266.03622326413733,0.98733819,0.0,0.0,True,1.1277981368003795,0.0
254,4115,411.41467,1369,4555.4062,2.0162418,4,10.983471,1.2734045547860844,0.9878819561901014,3424.154937606058,1.0896344,0.92576861,0.0,True,1.2182735083502592,0.969247952333071
255,378,380.99146,1369,4919.168,3.086833,4,56.430264,1.1792773205650247,0.6984100638751479,2263.154518223986,0.99854821,0.84446621,0.0,True,1.1250585873955172,0.7422269077126036
256,219,317.07858,1369,5910.7148,3.9896669,4,50.866955,0.9815155997529834,0.6210258194362795,1711.6417640062127,0.97540987,0.7461949,0.0,True,0.9796838808270885,0.6585765436053956
257,4660,411.43478,1369,4555.1836,2.9991775,4,50.697113,1.273466755451841,1.0026476742029644,3475.471799391398,1.0891788,0.791942,0.0,True,1.2181803688162889,0.9394359719420751
258,82405,532.0625,1369,3522.4453,2.9993613,5,119.41135,1.6466199129520724,1.3858647549159315,6022.641917216698,1.1043929,1.1278833,0.0,True,1.4839518090664505,1.3084703184411521
259,299,311.14456,1369,6023.4414,2.930721,4,26.975042,0.9631529754965904,0.6553125188726476,1775.7363121967724,0.90668952,0.44201812,0.0,True,0.9462139388476133,0.5913241992108533
260,2789,383.97101,1369,4880.9961,2.4317479,4,19.010403,1.1884960983463289,0.934078092356312,3046.4855985177273,1.0048431,0.85419643,0.0,True,1.1334001988424303,0.9101135936494184
261,5787,411.38821,1369,4555.6992,2.9625018,4,77.928673,1.2733226916533547,1.0283389159199265,3564.150141656091,0.99404961,0.91717207,0.0,True,1.1895407671573481,0.9949888621439487
262,28077,508.86588,1369,3683.0156,3.0252025,5,91.902084,1.574870351455321,1.2472437589037906,5212.199856405631,1.0946527,1.0416317,0.0,True,1.4308050560187247,1.1855601412326533
263,29163,509.55548,1369,3678.0312,4.0830212,6,41.968315,1.5770034267889743,1.2520710262526267,5238.599578269134,1.0934211,1.0374751,0.0,True,1.4319287287522822,1.1876922483768386
264,31402,511.51337,1369,3663.9531,2.986167,5,40.884472,1.5830594813366108,1.2616683170454068,5296.562659723417,1.0915852,1.0345652,0.0,True,1.4356171969356275,1.1935373819317847
265,61728,502.18939,1369,3731.9805,3.0448582,5,43.333328,1.554218564636409,1.3410141587859508,5539.4127795142285,1.1151327,1.0852333,0.0,True,1.4224928052454864,1.2642799011501655
266,28019,511.46375,1369,3664.3086,2.0757153,4,23.083477,1.582905981534217,1.247765035458694,5237.751687646828,1.090326,1.0080937,0.0,True,1.4351319870739518,1.1758636348210858
267,3350,463.61838,1369,4042.4648,4.0258417,6,42.569641,1.4349047649247288,0.9773233393882137,3763.3352534017195,1.1024621,0.88033223,0.0,True,1.33517196544731,0.9482260065717496
268,28804,512.72797,1369,3655.2734,2.0475445,4,39.710114,1.5868165101056817,1.2515077923492046,5264.864599338245,1.0896382,1.0062474,0.0,True,1.437663017073977,1.1779296746444432
269,976,510.26215,1369,3672.9375,3.5640097,4,71.098412,1.5791892550799411,0.8385935096118422,3513.414968077757,1.103349,0.6059292,0.0,True,1.4364371785559586,0.7687942167282895
270,15889,448.51056,1369,4178.6328,4.0266695,6,308.14883,1.3881682727768725,1.1601001452507695,4338.670575556856,1.0853744,1.0481772,0.0,True,1.2973301109438107,1.1265232616755387
271,7646,526.86884,1369,3557.168,2.5316496,5,21.018353,1.6305557402995141,1.0934882040059473,4711.36625376288,1.1153411,0.95913476,0.0,True,1.4759913482096598,1.053182170804163
272,661,383.53638,1369,4886.5273,3.0706668,5,44.316341,1.1871513560107032,0.764612071934904,2491.7495614104214,1.0103629,0.75504482,0.0,True,1.1341148192074924,0.7617418963544328
273,4270,394.40192,1369,4751.9062,3.0304525,5,43.893936,1.2207691041717106,0.9873237467604715,3297.135913812199,1.0179489,0.89763778,0.0,True,1.1599230429201974,0.9604179567323301
274,10,380.73962,1369,4922.4219,2.1259604,3,24.871181,1.1784980919466588,0.28203348349344604,946.1024135757564,1.0083137,0.1790639,0.0,True,1.1274427743626612,0.25114260844541225
275,505,402.98581,1369,4650.6875,3.0524476,4,61.831753,1.2473268004976352,0.7372682722483869,2510.001551876106,1.0888288,0.74193221,0.0,True,1.1997774003483448,0.7386674535738709
276,10391,448.97729,1369,4174.2891,4.0188212,6,58.798023,1.3896120872212465,1.109311277010403,4152.540571691681,1.0856605,1.0533063,0.0,True,1.2984266110548726,1.0925097839072822
277,15686,528.32391,1369,3547.3711,4.0600443,6,62.453144,1.635056366208183,1.1817510964745699,5103.953103823193,1.1161777,1.0029455,0.0,True,1.479392766345728,1.1281094175321988
278,8670,449.31366,1369,4171.1641,3.986254,6,61.742149,1.3906526736128926,1.0876932941062059,4074.3109942446927,1.085941,1.0560772,0.0,True,1.2992391715290248,1.078208465874344
279,7017,452.93735,1369,4137.793,4.0333905,6,90.956223,1.4018628016160086,1.063346572481002,4011.38349268018,1.088733,1.0735087,0.0,True,1.307923861131206,1.0663952107367014
280,34160,539.12268,1369,3476.3164,4.0353298,6,153.4016,1.6684571343453232,1.2801181288063206,5627.831136145469,1.1321982,1.0755697,0.0,True,1.5075794540417262,1.2187536001644244
281,2993,404.59354,1369,4632.207,4.0134478,5,152.76738,1.2523009466539454,0.9482231974377697,3238.6497116095097,1.0907456,0.83698702,0.0,True,1.2038343426577618,0.9148523442064389
282,23247,530.71472,1369,3531.3906,4.025465,6,153.0358,1.6424512515232086,1.2305520109450705,5335.815028964703,1.1179807,1.040035,0.0,True,1.485110086066246,1.1733969076615494
283,70296,559.14526,1369,3351.832,3.0062776,5,171.64453,1.7303853660798576,1.3747559253754946,6240.339907022275,1.2324634,1.3522087,0.0,True,1.5810087762559004,1.3679917577628462
284,23489,493.13132,1369,3800.5312,4.0190229,6,153.00935,1.526199656978578,1.2208532787345128,4963.05736890665,1.1316928,1.0495565,0.0,True,1.4078475998850046,1.169464245114159
285,58815,558.91925,1369,3353.1875,2.9813981,5,55.475109,1.7296862882000905,1.3527236282564197,6138.155278594355,1.2323653,1.3509425,0.0,True,1.5804899917400632,1.3521892897794938
286,52975,557.55652,1369,3361.3828,3.0488524,5,52.39748,1.7254716926929463,1.339440280425005,6064.884126059739,1.2321594,1.3508378,0.0,True,1.5774780048850623,1.3428595362975035
287,37704,539.12872,1369,3476.2773,4.0417075,6,73.288948,1.6684758898004886,1.2922245103083287,5681.10905854114,1.1313859,1.0914879,0.0,True,1.507348892860342,1.23200352721583
288,2711,412.68332,1369,4541.4023,4.0201697,6,171.05344,1.2773295054876257,0.9387044402970279,3262.5960471183257,1.0151058,0.87221992,0.0,True,1.1986623938413379,0.9187590842079196
289,42855,557.9151,1369,3359.2227,4.0021038,6,105.8045,1.7265805723287366,1.3134398170425627,5950.5128318536,1.2320141,1.349788,0.0,True,1.5782106306301156,1.324344271929794
290,0,363.20786,1369,5160.0234,1.9916391,2,181.4128,1.1242532943749037,0.0,251.75650411621132,1.0099555,0.0,0.0,True,1.0899639560624326,0.0
291,20270,492.0975,1369,3808.5156,3.019248,5,61.011749,1.5230017200534072,1.2026689949567269,4880.128891160472,1.1312492,1.0459337,0.0,True,1.405475964037385,1.1556484064697088
292,0,501.41318,1369,3737.7578,2.0106683,3,138.94743,1.5518175570327952,0.0,347.55313201259634,1.1358397,1.0620283,8.807267660255956,True,1.4270241999229567,0.31860849
293,3622,452.06931,1369,4145.7383,4.0317273,6,278.8652,1.399177429562116,0.9837343636630009,3704.8588361340885,1.0891179,1.0756849,0.0,True,1.3061595706934812,1.0113195245641007
294,0,451.54642,1369,4150.5391,2.0102224,3,139.61646,1.3975598238413556,0.0,312.9881279149369,1.0893908,1.0755656,7.083553723173058,True,1.3051091166889488,0.32266968000000007
295,4471,501.34033,1369,3738.3008,3.9958291,6,152.64914,1.5515922711591381,1.0216844885018441,4214.173867203843,1.1358471,1.060539,0.0,True,1.4268687198113967,1.0333408419512908
296,35375,557.16742,1369,3363.7305,3.9966712,6,276.65451,1.7242681233956019,1.2896059062899967,5835.669690411243,1.2319244,1.3490688,0.0,True,1.5765650063769214,1.3074447744029976
297,4914,313.56091,1369,5977.0234,1.8788509,3,29.134411,0.9706303897540092,0.977446104747992,2665.3462728162067,1.0775123,0.8471123,0.0,True,1.0026949628278063,0.9383459633235944
298,7365,397.92291,1369,4709.8594,2.9339094,3,67.678001,1.231662772681702,1.052799403873986,3543.4103385806393,1.0887272,0.86107254,0.0,True,1.1887821008771913,0.9952813447117902
299,27850,557.16351,1369,3363.7539,2.9979808,5,123.71626,1.724256135628437,1.260157196341988,5702.379120492545,1.2319237,1.3484405,0.0,True,1.576556404939906,1.2866421874393916
300,10298,501.67218,1369,3735.8281,3.087307,5,100.81829,1.5526187020452709,1.123171603471921,4635.400361710007,1.1356502,1.0687754,0.0,True,1.4275281514316895,1.1068527424303447
301,2529,412.77103,1369,4540.4375,3.9610806,5,133.63585,1.277600806415133,0.9304792720028539,3234.626417521064,1.014775,0.77006096,0.0,True,1.198753064490593,0.8823537784019977
302,30389,511.37161,1369,3664.9688,3.0314691,5,74.770645,1.5826209956000554,1.2576305867447888,5278.327537090014,1.1087993,1.0785389,0.0,True,1.4404744869200388,1.2039030807213522
303,72388,528.71106,1369,3544.7734,3.0226862,5,55.185146,1.6362539013883268,1.3689388687617305,5916.183416028062,1.1045086,1.1347915,0.0,True,1.4767303109718286,1.2986946581332113
304,70389,528.71051,1369,3544.7773,2.9989119,5,54.146496,1.636252102180292,1.36551283633812,5901.37191115879,1.1045086,1.135074,0.0,True,1.4767290515262044,1.296381185436684
305,7933,478.14899,1369,3919.6172,4.0047727,6,72.181755,1.4798542328635087,1.085128650105915,4293.318253521049,1.109781,1.0139945,0.0,True,1.368832263004456,1.0637884050741404
306,64156,528.84393,1369,3543.8828,4.0138397,6,135.63797,1.6366648703364761,1.3542116792713903,5853.828497949709,1.1045103,1.1351131,0.0,True,1.4770184992355333,1.2884821054899733
307,35947,510.98657,1369,3667.7305,3.0582044,5,70.734772,1.5814299750595693,1.2779778491064808,5360.175816411753,1.1088798,1.0794631,0.0,True,1.4396649225416984,1.2184234243745364
308,12657,478.32346,1369,3918.1875,4.0267606,6,37.775856,1.48039393857828,1.1416332686939266,4518.3025735115825,1.1097854,1.0156341,0.0,True,1.369211377004796,1.1038335180857486
309,0,321.17148,1369,5835.3906,1.975255,2,35.936993,0.9941808268047613,0.0,222.61910583826483,0.91757601,0.0,0.0,True,0.9711993817633329,0.0
310,58262,528.34198,1369,3547.25,4.0168104,6,170.66684,1.6351121541425204,1.3422662765589075,5797.359011671797,1.10448,1.1350025,0.0,True,1.4759225078997642,1.2800871435912353
311,0,258.19559,1369,7258.6875,1.9859341,2,64.705513,0.7992937050507051,0.0,178.9675452415116,0.97673023,0.32263273,9.934842705201117,True,0.8525246625354936,0.09678981900000001
312,26783,529.54498,1369,3539.1914,4.0159464,6,72.871979,1.6388331376525824,1.2475446812724427,5399.027372719753,1.1133153,1.0373045,0.0,True,1.4811777863568076,1.18447262689071
313,3904,411.76495,1369,4551.5312,3.071281,5,49.556744,1.2744882066670238,0.9817346803497755,3405.406947157246,1.0125426,0.84919256,0.0,True,1.1959045246669167,0.9419720442448428
314,2280,411.121,1369,4558.6602,3.0373702,5,51.842972,1.272495989306623,0.9177404936278999,3179.1195647146315,1.0140644,0.87173355,0.0,True,1.194966512514636,0.90393841053953
315,23713,493.11511,1369,3800.6562,3.0106812,5,72.725784,1.526149488110532,1.2219996875047068,4967.574080261999,1.1316795,1.0560133,0.0,True,1.4078084916773723,1.1722037712532947
316,42160,540.77979,1369,3465.6641,4.0164557,6,72.758461,1.6735824594689956,1.3064121309945407,5758.912492883194,1.1302922,1.085411,0.0,True,1.510595381628297,1.2401117916961784
317,10,316.78378,1369,5916.2148,3.018369,3,33.916969,0.9806034436415423,0.2760656882704297,787.178121466979,0.91461325,0.17776915,0.0,True,0.9608063855490796,0.2465767267893008
318,912,378.74393,1369,4948.3594,3.0448604,4,48.023254,1.17232332931026,0.8012697067433141,2582.2119447066902,0.99482262,0.81557959,0.0,True,1.1190731165171819,0.8055626717203199
319,2398,414.30618,1369,4523.6133,3.0132642,5,73.430122,1.2823503530649296,0.9245732387229426,3224.637810292441,1.0143865,0.86982429,0.0,True,1.2019611971454507,0.9081485541060598
320,29807,529.48889,1369,3539.5664,4.0444746,6,33.688366,1.638659609231198,1.2606176281139454,5455.09404504488,1.1133146,1.035853,0.0,True,1.4810561064618386,1.1931882396797617
321,986,414.30618,1369,4523.6133,3.0021801,4,40.879745,1.2823503530649296,0.8190653054871049,2856.9239569960137,1.0143865,0.91108179,0.0,True,1.2019611971454507,0.8466702508409734
322,1,322.10098,1369,5818.5508,3.0006726,3,33.767185,0.9970571536099884,0.07995402446712503,353.86409482004103,0.91654438,0.051394846,0.0,True,0.9729033215269919,0.07138627092698752
323,1792,395.83658,1369,4734.6836,2.9527285,4,77.080856,1.2252078253844823,0.8851916254926653,2965.688029055797,1.0010593,0.76864058,0.0,True,1.1579632677691376,0.8502263118448656
324,3531,403.30862,1369,4646.9648,2.8475964,4,37.657219,1.248325608550605,0.9674354166223593,3294.9921622407633,1.0063703,0.87530082,0.0,True,1.1757390159854233,0.9397950376356515
325,1044,356.12268,1369,5262.6836,2.9549801,4,39.54924,1.1023305964845334,0.8112731405131793,2476.0243582365756,0.99198312,0.81575406,0.0,True,1.0692263535391733,0.8126174163592256
326,387,315.16028,1369,5946.6914,2.9433248,4,33.367004,0.9755795725241927,0.68587509310006,1879.4833357370055,0.91187954,0.71337843,0.0,True,0.9564695627669348,0.694126094170042
327,2388,403.78757,1369,4641.4531,3.1952949,5,55.700874,1.249807349855723,0.9212643625024628,3141.083149246283,1.0081109,0.8620171,0.0,True,1.177298414899006,0.903490183751724
328,12065,478.42935,1369,3917.3203,4.0117893,6,33.482697,1.4807214947679426,1.1358747784119956,4496.388942345076,1.1098999,1.0152022,0.0,True,1.3694750163375597,1.099673004888397
329,3836,404.54715,1369,4632.7383,4.0286646,6,43.158867,1.2521573900063228,0.9775983502771617,3338.608965791412,1.0089595,0.92152542,0.0,True,1.1791980230044259,0.9607764711940132
330,39326,512.34198,1369,3658.0273,3.0587101,5,74.878723,1.585622547976716,1.2893385880030157,5420.420353405659,1.1094496,1.0829786,0.0,True,1.4427706635837012,1.2274305916021109
331,648,357.06754,1369,5248.7578,2.9530859,4,119.23332,1.105254143142984,0.7559178432386989,2312.7165882650065,0.99313933,0.74854332,0.0,True,1.071619699200089,0.7537054862670893
332,789,372.4549,1369,5031.9141,2.9880502,4,35.051674,1.152864688948574,0.7827210431606775,2485.502527255105,0.97882491,0.75078851,0.0,True,1.1006527552640017,0.7731412832124742
333,2,315.64297,1369,5937.5977,3.0850797,4,36.707268,0.9770732137448199,0.12642891615992277,437.57406943813476,0.91458172,0.081445955,0.0,True,0.958325765621374,0.11293402781194593
334,2,355.09317,1369,5277.9414,3.058007,4,46.409824,1.0991451179913363,0.1281649878466602,492.2636592431867,0.99196845,0.081939362,0.0,True,1.0669921175939354,0.11429730009266213
335,31903,511.51883,1369,3663.9141,3.1335952,5,108.74765,1.5830763227895441,1.2635985203485691,5304.715242192949,1.0944617,1.0376791,0.0,True,1.4364919359526809,1.1958226942439985
336,10312,478.50665,1369,3916.6875,4.0026569,6,35.551449,1.4809606055829512,1.1169229541414025,4422.003155963524,1.1099644,0.9935109,0.0,True,1.3696617439080658,1.0798993378989818
337,34727,535.32404,1369,3500.9844,4.0870366,6,40.578178,1.6567078668949657,1.2810269823906104,5596.989683445921,1.1135095,1.034308,0.0,True,1.493748356826476,1.2070112876734274
338,51502,528.4502,1369,3546.5234,3.9529998,6,89.659081,1.6354469617109868,1.3272131951921862,5733.375396390418,1.1044818,1.1349825,0.0,True,1.476157413197691,1.2695439866345302
339,24322,493.11053,1369,3800.6914,3.009773,5,73.753838,1.5261353611524566,1.2250742075812333,4980.031133199868,1.1316795,1.0509214,0.0,True,1.4077986028067195,1.1728283653068634
340,46603,541.27942,1369,3462.4648,3.0150685,5,71.607521,1.6751279485045831,1.3188524719100434,5818.463157760269,1.1299518,1.0838469,0.0,True,1.511575103953208,1.2483508003370303
341,36649,529.58002,1369,3538.957,4.0439172,6,125.2091,1.6389416231516907,1.285928749642107,5565.4602236655,1.1045555,1.1349274,0.0,True,1.4786257862061836,1.2406283447494748
342,5591,404.81131,1369,4629.7148,3.9597073,5,47.614536,1.2529747757980136,1.0222954893576743,3493.226536239861,1.0093321,0.93203384,0.0,True,1.1798819730586094,0.995216994550372
343,31091,528.74255,1369,3544.5625,4.1053457,6,147.71573,1.6363512029155953,1.265559768451811,5469.703145208351,1.1142696,1.0382032,0.0,True,1.4797267220409167,1.1973527979162677
344,50292,541.76105,1369,3459.3867,3.0121274,5,75.30088,1.6766175859779957,1.3283437849828603,5864.910670123427,1.1294571,1.0795107,0.0,True,1.512469440184597,1.2536938594880023
345,22136,493.02591,1369,3801.3438,4.0098877,6,146.40552,1.5258735781630735,1.2136254872507186,4932.749308765154,1.1316782,1.0485237,0.0,True,1.4076149647141514,1.1640949510755032
346,36806,511.9216,1369,3661.0312,3.9437063,6,71.172058,1.5843222446727565,1.2811399379735617,5382.072635733116,1.0947561,1.0732049,0.0,True,1.4374524012709293,1.2187594265814932
347,16344,556.31915,1369,3368.8594,3.0282979,5,75.659691,1.7216445791510442,1.1943142954016988,5397.262914771959,1.2318453,1.3482444,0.0,True,1.574704795405731,1.240493326781189
348,29947,529.57538,1369,3538.9883,3.0026665,5,163.22862,1.6389271359892212,1.261216159436587,5458.466478411912,1.1045552,1.1348226,0.0,True,1.4786155551924547,1.2232980916056109
349,0,373.09296,1369,5023.3086,1.998708,2,64.691185,1.1548388915041636,0.0,258.60833331076446,1.0098529,0.0,0.0,True,1.1113430940529145,0.0
350,13419,501.69421,1369,3735.6641,2.9188809,5,44.42778,1.5526868273396588,1.1553540775481992,4768.390709274083,1.1356505,1.0658017,0.0,True,1.427575929137761,1.1284883642837396
351,25348,528.85852,1369,3543.7852,3.0210712,5,113.49474,1.6367099205812978,1.2406100483188933,5362.90780801963,1.1045171,1.1335137,0.0,True,1.4770520744069087,1.2084811438232252
352,14521,505.82617,1369,3705.1484,4.0019054,6,146.87097,1.5654678979374932,1.1661090583839,4847.579474703781,1.2188635,1.3034799,0.0,True,1.4614865785562452,1.20732031086873
353,0,379.36111,1369,4940.3086,2.0049262,2,90.809685,1.1742329916610914,0.0,262.95308381059124,0.98738295,0.0,0.0,True,1.118177979162764,0.0
354,1321,397.59482,1369,4713.7461,3.0076358,4,76.818161,1.2306476409088989,0.8496285242713758,2857.7752563879967,0.99052256,0.78746176,0.0,True,1.1586101166362293,0.830978494989963
355,18661,527.45563,1369,3553.2109,3.0201797,5,144.02934,1.632370617757259,1.2027522413277802,5187.155970191495,1.1044351,1.1283684,0.0,True,1.4739899624300812,1.1804370889294462
356,13411,501.42993,1369,3737.6328,4.0289207,6,77.663811,1.5518694276856115,1.1552076662299182,4765.579858093279,1.135239,1.0428746,0.0,True,1.426880299379928,1.1215077463609429
357,12173,422.28183,1369,4438.1758,4.0030956,5,53.617863,1.307025233796,1.1200645859114697,3972.4642722867648,1.092308,1.0543854,0.0,True,1.2426100636572,1.1003608301380288
358,1234,382.48825,1369,4899.918,3.0621138,5,51.678368,1.1839083830227966,0.8377469086305267,2723.176975822999,0.99938822,0.86621058,0.0,True,1.1285523341159576,0.8462860100413687
359,77567,559.00452,1369,3352.6758,3.0029945,5,134.50824,1.729950123076078,1.3868371252456149,6293.788926609994,1.2324616,1.3531697,0.0,True,1.5807035661532547,1.3767368976719303
360,25494,507.28192,1369,3694.5156,3.0487843,5,55.417343,1.5699708701595472,1.2350241451717325,5147.022804412537,1.1082656,1.0759424,0.0,True,1.431459289111683,1.1872996216202127
361,2342,383.3764,1369,4888.5664,3.0187771,5,54.687382,1.186656378510747,0.913354065800273,2974.852938483236,1.0001824,0.86890233,0.0,True,1.1307141849575228,0.900018545060191
362,2033,383.40427,1369,4888.2109,2.9801168,4,55.071983,1.1867426439809254,0.8967138971542512,2920.8700008581127,1.0000144,0.78929174,0.0,True,1.1307241707866478,0.8644872500079759
363,28101,508.8443,1369,3683.1719,2.0109341,4,16.39488,1.5748035561354252,1.2473413571369374,5212.4135566533705,1.1082999,1.0774101,0.0,True,1.4348524592947975,1.1963619799958563
364,9765,422.10388,1369,4440.0469,3.9943693,6,91.83345,1.3064746824465858,1.0937680219160921,3877.768997269166,1.091881,1.0366482,0.0,True,1.24209657771261,1.0766320753412644
365,6108,476.88528,1369,3930.0039,4.0291328,5,73.636269,1.4759450805962682,1.0532017835059642,4157.334246397986,1.1095691,1.0130433,0.0,True,1.3660322864173877,1.0411542384541748
366,0,382.2131,1369,4903.4453,4.0042872,4,91.674133,1.1830570841530617,0.0,264.9299326380764,0.98754221,0.0,0.0,True,1.124402621907143,0.0
367,488,349.59677,1369,5360.9219,4.1432147,5,22.454906,1.0821380436456367,0.7210943872808209,2165.54411680078,0.92740083,0.74618185,0.0,True,1.0357168795519456,0.7286206260965746
368,2270,350.41409,1369,5348.418,2.6752105,4,22.171356,1.0846669948199077,0.900159622260122,2708.1457826346386,0.92903566,0.83572304,0.0,True,1.0379775943739353,0.8808286475820853
369,70609,531.22711,1369,3527.9844,3.0323653,5,52.342178,1.6440361076639152,1.3666878866846144,5931.1194569352265,1.1041721,1.1244752,0.0,True,1.4820769053647407,1.29402408067923
370,7679,421.62833,1369,4445.0547,3.0812001,5,29.338108,1.305003469620093,1.0650164583679174,3772.0999734484312,1.0142007,0.92078561,0.0,True,1.217762638734065,1.0217472038575421
371,200583,597.73883,1369,3135.418,3.0155196,5,73.833656,1.8497445393283078,1.5163668407859854,7297.789416072588,1.1344345,1.216342,0.0,True,1.6351515275298156,1.42635938855019
372,8637,432.52222,1369,4333.0977,4.4004555,5,217.04651,1.3387061179936823,1.0822947452852159,3920.399617475998,1.0228803,0.89463037,0.0,True,1.2439583725955776,1.0259954326996512
373,5433,424.56726,1369,4414.2852,3.607862,5,71.825264,1.3140957955093888,1.0246804821823647,3651.539459762647,1.0894402,0.85808164,0.0,True,1.2466991168565722,0.9747008295276554
374,36110,513.34296,1369,3650.8945,1.9951004,4,59.719837,1.5887187032339263,1.2792454803351492,5387.21634875236,1.0884618,1.0057468,0.0,True,1.4386416322637483,1.1971958762346044
375,31453,513.00867,1369,3653.2734,2.0498211,4,67.813438,1.587684744208283,1.2623146443176045,5312.87847725384,1.0880225,0.99002594,0.0,True,1.4377860709457981,1.180628033022323
376,207848,597.89673,1369,3134.5898,2.7675159,5,49.232723,1.850232954621717,1.5208356038941864,7320.989525974383,1.1342475,1.215804,0.0,True,1.635437318235202,1.4293261227259304
377,19983,495.23251,1369,3784.4062,3.0599325,5,92.574051,1.532699215707586,1.2018645949175437,4904.157434659899,1.1164007,1.0266671,0.0,True,1.4078096609953104,1.1493053464422807
378,1563,384.15054,1369,4878.7148,3.0025492,4,50.471081,1.1890516145484145,0.8659818486290495,2825.673501753755,0.98756635,0.79886699,0.0,True,1.12860603518389,0.8458473910403346
379,42,383.52533,1369,4886.668,4.0536728,5,94.17189,1.1871171887905543,0.4427608458857023,1451.3325781310803,0.98744386,0.28043133,0.0,True,1.127215190153388,0.3940619911199916
380,78826,531.82007,1369,3524.0508,2.0126917,4,51.436283,1.6458701653108176,1.3803514765426017,5996.283809719977,1.1040198,1.1276019,0.0,True,1.4833150557175723,1.304526603579821
381,77774,531.8183,1369,3524.0625,3.0394025,5,57.483444,1.6458647040687284,1.3787060614048239,5989.11868080757,1.1040198,1.1280292,0.0,True,1.48331123284811,1.3035030029833767
382,74596,530.67072,1369,3531.6836,4.0117974,6,52.805145,1.6423150655283176,1.373235620482068,5954.055947895629,1.1041704,1.1292815,0.0,True,1.4808716658698224,1.3000493843374477
383,22277,495.99481,1369,3778.5898,3.0586262,5,40.834606,1.5350572582855566,1.215280009236308,4965.602346461327,1.115646,1.0255054,0.0,True,1.4092338807998894,1.1583476264654156
384,72578,529.31305,1369,3540.7422,4.018085,6,52.275726,1.6381157548213192,1.3694500223902668,5924.307030933089,1.1047664,1.1305547,0.0,True,1.4781109483749235,1.2977814256731868
385,456,385.51364,1369,4861.4648,2.9731734,4,39.016933,1.19326900712643,0.7214241668687436,2361.99164097169,0.9898349,0.51660496,0.0,True,1.132238774988501,0.6599784048081204
386,131,366.91571,1369,5107.8789,2.9766436,3,52.829044,1.1357259000972295,0.5718151415752047,1794.3459225293657,0.99710435,0.36654872,0.0,True,1.0941394350680607,0.5102352151026432
387,23417,496.6767,1369,3773.4023,2.8906784,5,84.978172,1.5371664664955946,1.2215415744486757,4997.214740793094,1.1152217,1.020596,0.0,True,1.410583036546916,1.1612579021140732
388,3436,441.1814,1369,4248.0508,3.9766498,5,40.18259,1.365494693167042,0.9745578456822057,3592.3836028375026,1.0141283,0.75539434,0.0,True,1.2600847752169293,0.908808793977544
389,115,451.75177,1369,4148.6523,4.0226784,5,44.12994,1.3981951254000102,0.5705726664830195,2151.320504092751,1.1047444,0.38206199,0.0,True,1.310159907780007,0.5140194635381137
390,62483,502.63553,1369,3728.668,2.9721048,4,42.10611,1.5555985719153622,1.3426369153675441,5550.4442226425335,1.115142,1.0871077,0.0,True,1.4234616003407534,1.265978150757281
391,4268,441.1875,1369,4247.9922,4.039762,6,66.182068,1.3655135209637188,1.0005059533172977,3688.0491575516144,1.0145134,0.87809336,0.0,True,1.2602134846746031,0.9637821753221085
392,10640,464.38528,1369,4035.7891,3.9723217,5,42.709915,1.4372771012459122,1.1166672112432936,4306.042097180705,1.1102328,0.79735106,0.0,True,1.3391638108721386,1.0208723658703056
393,3935,465.48956,1369,4026.2148,4.0303597,5,42.805866,1.440693235398058,0.9971803857808438,3853.4037082947125,1.1060665,0.9254992,0.0,True,1.3403052147786405,0.9756760300465905
394,314982,645.67883,1369,2902.6211,2.0017397,4,50.136009,1.9979961631106864,1.587614122453587,8174.472920168489,1.2530767,1.4610134,0.0,True,1.7745203241774803,1.5496339057175108
395,5618,441.19196,1369,4247.9492,4.0066667,6,40.300472,1.365527336912719,1.0333949531211017,3809.289741143049,1.0145134,0.92261136,0.0,True,1.2602231558389032,1.0001598751847713
396,301167,645.62671,1369,2902.8555,2.0202649,4,40.273014,1.997834939841359,1.5819738208227605,8144.8565310968825,1.2528383,1.4611543,0.0,True,1.7743359478889513,1.5457279645759323
397,1771,452.01138,1369,4146.2695,4.0015917,5,42.9897,1.3989982601396416,0.897868761137792,3381.238721619665,1.1047542,0.87335736,0.0,True,1.310725042097749,0.8905153407964543
398,34113,458.35571,1369,4088.8789,4.0225492,5,52.72731,1.418624690427854,1.2549915740211777,4784.084262195404,1.1266156,1.0424021,0.0,True,1.331021963299498,1.1912147318148243
399,300856,645.78137,1369,2902.1602,2.027745,4,28.708128,1.9983132518276165,1.5818917306663645,8146.140426977794,1.252764,1.4611231,0.0,True,1.7746484762793315,1.545661141466455
400,13016,464.38705,1369,4035.7734,4.0024877,6,42.497093,1.4372826897840134,1.1409390613097465,4399.643914351646,1.1102328,0.94307661,0.0,True,1.3391677228488095,1.0815803259168226
401,302393,646.94824,1369,2896.9258,1.9831703,4,37.652103,2.001921474875397,1.5828887269223182,8164.156449756497,1.2524872,1.4611497,0.0,True,1.777091192412778,1.5463670188456227
402,303169,646.92731,1369,2897.0195,3.012804,5,40.796474,2.001856770225361,1.5832037806530865,8165.550329304093,1.2524871,1.4611379,0.0,True,1.7770458691577526,1.5465840164571605
403,38990,487.16678,1369,3847.0625,3.9463143,5,43.235153,1.507749435892595,1.2804366558995355,5149.894484868228,1.1109549,1.0981102,0.0,True,1.3887110751248164,1.2257387191296747
404,6203,385.15463,1369,4865.9961,4.0532103,6,117.72602,1.1921582708520124,1.028538058604593,3363.5980194980784,1.0136012,0.89927107,0.0,True,1.1385911495964087,0.9897579620232151
405,32335,458.05991,1369,4091.5195,3.9570966,6,40.493423,1.4177095804943256,1.2484587290295868,4756.479156402785,1.126416,1.0460676,0.0,True,1.3303215063460279,1.1877413903207108
406,30642,463.58881,1369,4042.7227,4.0560927,6,44.064983,1.434813272388325,1.2437860040794906,4788.961492211669,1.1095572,1.0557247,0.0,True,1.3372364506718273,1.1873676128556434
407,2399,382.06607,1369,4905.332,4.1047421,6,80.030479,1.1826022394837643,0.9158146163324186,2973.864972890711,1.0077004,0.82455349,0.0,True,1.1301316876386351,0.8884362784326929
408,32519,516.1806,1369,3630.8242,2.516572,4,55.047474,1.5974959132595354,1.267328466241465,5362.931286985396,1.0851767,0.98783749,0.0,True,1.4438001492816748,1.1834811733690254
409,32411,513.24359,1369,3651.6016,1.2289298,3,100.11346,1.5884112304664912,1.2660421965529525,5330.7095234997505,1.0881498,0.98862606,0.0,True,1.4383328013265437,1.1828173555870667
410,802,452.99509,1369,4137.2656,4.019052,5,44.057819,1.4020414184318932,0.8030668778039433,3030.35562300566,1.1052729,0.68289685,0.0,True,1.3130108629023252,0.7670158694627602
411,5937,441.19559,1369,4247.9141,4.0124569,6,126.77515,1.365538614789965,1.0400051181208716,3833.6790965890254,1.0145135,0.93025494,0.0,True,1.2602310803529755,1.00708006468461
412,213402,596.3324,1369,3142.8125,4.3430405,6,62.823162,1.8453951747807988,1.5236156601005657,7317.560508883747,1.1340495,1.2149513,0.0,True,1.6319914723465592,1.431016352070396
413,308129,646.99707,1369,2896.707,3.0364957,5,106.40141,2.0020725837728137,1.5852607210357228,8176.930321484102,1.252419,1.4611719,0.0,True,1.7771765086409697,1.5480340747250059
414,6544,441.95682,1369,4240.5977,4.0726123,6,149.51068,1.3678934990914506,1.0518713430700732,3883.3019733407477,1.0155673,0.9452616,0.0,True,1.2621956393640155,1.0198884201490515
415,2361,453.30539,1369,4134.4336,3.981205,5,42.447002,1.4030013229489144,0.9326875177464287,3521.1345105832493,1.1052872,0.88178813,0.0,True,1.31368708606424,0.9174177014225
416,310354,647.3681,1369,2895.0469,1.9819895,4,19.972492,2.003219835029368,1.5862771628561023,8186.277321578573,1.2522885,1.4611609,0.0,True,1.7779404345205574,1.5487422839992717
417,0,443.02194,1369,4230.4023,2.0723643,3,75.389557,1.371188606784932,0.0,307.0794086371972,1.0110699,0.0,0.0,True,1.2631529947494524,0.0
418,310416,647.48602,1369,2894.5195,2.0315411,4,61.923576,2.0035845824930028,1.5863384372531906,8187.897811769857,1.252225,1.461146,0.0,True,1.7781767077451018,1.5487807060772334
419,6205,421.0925,1369,4450.7109,3.0572941,5,102.436,1.3033457467652663,1.039490470289425,3677.5831214095406,1.090175,1.0013835,0.0,True,1.2393945227356864,1.0280583792025975
420,29665,522.58319,1369,3586.3398,4.3535256,6,226.65166,1.6172999594660296,1.2580142496020392,5381.452259577332,1.0806552,0.98242307,0.0,True,1.4563065316262207,1.1753368957214274
421,0,321.40167,1369,5831.2109,2.0110979,2,25.948744,0.9948931922023153,0.0,222.77866138775798,0.97414571,0.0,0.0,True,0.9886689475416207,0.0
422,0,356.41211,1369,5258.4102,1.1678311,2,38.205002,1.1032260969097696,0.0,247.04604916392108,0.98688179,0.0,0.0,True,1.0683228048368387,0.0
423,19954,494.49954,1369,3790.0156,3.1309664,5,50.887207,1.530431945767929,1.2014725342541015,4896.1809416899105,1.1142056,1.011377,0.0,True,1.4055640420375501,1.144443873977871
424,27937,514.22327,1369,3644.6445,3.3334773,5,110.9635,1.5914416151863284,1.2482256326683834,5264.5041132534125,1.0870197,0.98880446,0.0,True,1.4401150406304297,1.1703992808678683
425,4586,420.65796,1369,4455.3086,3.1055753,4,42.130943,1.302001349668798,1.0033866915095253,3546.651172873399,1.0893304,0.97658765,0.0,True,1.2382000647681586,0.9953469790566678
426,3548,364.17856,1369,5146.2695,2.0901091,4,31.460108,1.1272568021332878,0.9564518586621186,2977.0515241655776,0.9955194,0.89336902,0.0,True,1.0877355814933014,0.9375270070634829
427,0,287.83325,1369,6511.2734,3.0921059,3,19.562,0.8910146184083629,0.0,199.51080570890588,0.89954495,0.0,0.0,True,0.893573717885854,0.0
428,0,238.92079,1369,7844.2773,1.9936616,2,31.271946,0.73964016197724,0.0,165.60727196565477,0.82214272,0.0,0.0,True,0.764390929384068,0.0
429,1093,288.3056,1369,6500.6055,2.9853239,3,19.167891,0.8924763793667541,0.7969825427557008,2017.7095215148452,0.90022296,0.79172182,0.0,True,0.8948003535567279,0.7954043259289906
430,8176,364.18076,1369,5146.2383,3.0133247,4,38.19603,1.1272636336764639,1.054112315258437,3280.9783594529217,0.9955194,0.95476305,0.0,True,1.0877403635735248,1.024307535680906
431,7291,423.05408,1369,4430.0742,3.0596988,5,38.144817,1.3094144076131082,1.0592703987434908,3762.926545010153,1.0934683,0.97087669,0.0,True,1.2446305753291758,1.0327522861204435
432,33210,485.59338,1369,3859.5273,4.0961103,6,51.392723,1.5028825027574817,1.2605084610563675,5055.350750968997,1.1099366,1.0905992,0.0,True,1.3849987319302373,1.2095356827394572
433,28939,458.02274,1369,4091.8516,3.0571983,5,42.052567,1.417594573552774,1.2351064133036451,4705.2742740090625,1.1264155,1.0395252,0.0,True,1.3302408514869417,1.1764320493125515
434,6720,423.16116,1369,4428.9531,3.026149,5,79.12075,1.309745709809102,1.049591120410235,3729.3789723094715,1.0911503,0.94248217,0.0,True,1.2441670868663715,1.0174584352871645
435,29285,461.97781,1369,4056.8203,2.9725976,5,49.968903,1.4298297002925557,1.237813946938573,4751.3951209607,1.1079198,1.0510488,0.0,True,1.333256730204789,1.181784402857001
436,3496,424.18027,1369,4418.3125,3.0116,5,41.995926,1.3128985367189177,0.9720603075227224,3461.2883755489056,1.0912366,0.90715355,0.0,True,1.2463999557032424,0.9525882802659057
437,75,325.29224,1369,5761.4688,2.9967995,3,37.488995,1.0069321123227633,0.5001153878209637,1413.0061957989299,0.97901058,0.35419643,0.0,True,0.9985556526259343,0.45633970047467454
438,0,358.92938,1369,5221.5312,3.0024676,3,79.321266,1.1110150568432213,0.0,248.7908877671292,0.99201375,0.0,0.0,True,1.075314664790255,0.0
439,3001,422.91312,1369,4431.5508,2.9811358,4,37.06134,1.3089783054003443,0.9535382690799702,3386.420589706082,1.089373,0.77519989,0.0,True,1.2430967137802411,0.9000367553559792
440,35023,483.2511,1369,3878.2344,3.0240226,5,38.382233,1.4956369164425585,1.2662033693134593,5056.651254834025,1.1079676,1.0871594,0.0,True,1.379336121509791,1.2124901785194215
441,33220,481.91528,1369,3888.9844,2.0278721,4,27.513649,1.4915047752672412,1.259386415520143,5017.204359302703,1.1066881,1.0831004,0.0,True,1.376059772687069,1.2065006108641
442,8913,446.75153,1369,4195.0859,3.9073691,5,40.806488,1.3827264800776036,1.0902612963648828,4063.4243105108035,1.1083013,0.95095235,0.0,True,1.3003989260543225,1.0484686124554181
443,3204,382.92325,1369,4894.3516,4.0803833,6,105.16034,1.18525430508102,0.9500988664199188,3091.254898790097,1.0083866,0.86227041,0.0,True,1.132193993556714,0.9237503294939431
444,213069,596.39392,1369,3142.4883,3.9469824,6,45.900135,1.845585436934315,1.5234412540412925,7317.384065053283,1.1336889,1.2126902,0.0,True,1.6320164758540205,1.4302159378289048
445,312536,647.54633,1369,2894.25,2.9915748,5,87.122299,2.0037710187623103,1.5872107756300695,8193.067857606447,1.2522258,1.4611851,0.0,True,1.7783074531336172,1.5494030729410486
446,13808,459.36023,1369,4079.9375,3.0658884,4,50.120392,1.421732158586539,1.1465503998311193,4379.149171091934,1.1072052,1.0083982,0.0,True,1.3273740710105773,1.1051047398817835
447,1141,383.05746,1369,4892.6367,4.0967965,5,82.182098,1.1856695744324275,0.828678653354471,2697.265266747614,1.0085322,0.52576375,0.0,True,1.1325283621026994,0.7378041823481297
448,233957,595.09424,1369,3149.3516,3.0294211,5,80.173645,1.8415659531898443,1.5346380619510407,7357.091273167004,1.1325934,1.215735,0.0,True,1.628874187232891,1.4389671433657285
449,2866,445.86926,1369,4203.3867,4.0763512,5,159.26402,1.3799971862493265,0.95406024443356,3549.730240426729,1.1079327,0.81251729,0.0,True,1.2983778403745285,0.911597358103492
450,13229,459.14481,1369,4081.8516,1.9501295,4,151.61729,1.42106579315721,1.1413344352635608,4357.430181505883,1.1068478,0.99896944,0.0,True,1.326800395210047,1.0986249366844927
451,232440,595.10016,1369,3149.3203,2.0036597,4,71.4216,1.8415842442579833,1.5338324474543266,7353.293242885626,1.1325934,1.2150943,0.0,True,1.6288869909805883,1.4382110032180284
452,4937,404.95551,1369,4628.0664,4.0476913,6,122.17123,1.2534208608952868,1.0076029740734038,3444.1134712099906,1.009532,0.9286325,0.0,True,1.1802542026267007,0.9839118318513826
453,0,354.93372,1369,5280.3125,2.0039008,3,42.013268,1.0986517388152142,0.0,246.02130730365306,0.99179059,0.0,0.0,True,1.06659339417065,0.0
454,49537,514.61761,1369,3641.8516,3.0168486,5,39.790627,1.5926614061588955,1.3181809330364247,5563.2816582939195,1.1100495,1.0903038,0.0,True,1.4478778343112269,1.2498177931254972
455,39749,512.26703,1369,3658.5625,3.9462934,6,134.43764,1.5853907188008238,1.290619421165107,5425.107773739024,1.0945414,1.0550854,0.0,True,1.4381359231605768,1.219959214815575
456,11063,478.50711,1369,3916.6836,4.0250802,6,39.811306,1.4809620794825948,1.1254187792001953,4455.63917287956,1.1099644,0.99866068,0.0,True,1.3696627756378164,1.0873913494401366
457,1546,373.72446,1369,5014.8203,4.0286026,5,75.17495,1.1567928420897078,0.8619044170705411,2744.9011623637975,0.9808414,0.83583874,0.0,True,1.1040074094627954,0.8540847139493788
458,38916,512.2616,1369,3658.6016,3.053477,5,123.95345,1.5853737847599534,1.2880367574580773,5414.201525427059,1.0945414,1.0604289,0.0,True,1.4381240693319675,1.2197544002206542
459,49849,514.82416,1369,3640.3906,3.0355382,5,47.469257,1.593300238884413,1.3190109785453272,5568.74680018719,1.1101164,1.0890062,0.0,True,1.448345087219089,1.250009544981729
460,9715,478.47278,1369,3916.9648,4.0667319,6,42.780083,1.4808558150586963,1.1097062018991892,4393.161087422474,1.1099581,0.99564368,0.0,True,1.3695865005410877,1.0754874453294323
461,219182,643.92059,1369,2910.5469,2.9966025,5,86.064949,1.9925590942725562,1.5416155555608193,7918.720886393453,1.2515848,1.4619318,0.0,True,1.7702668059907893,1.5177104288925736
462,0,3.878788,2,1.03125,1.0298316,1,3.00372,0.7579040692763942,0.0,2.688570966189749,0.80556059,0.8555389,6.201756692942814,True,0.7722010254934759,0.25666167
463,0,3.878788,2,1.03125,1.0298316,1,13.995677,0.7579040692763942,0.0,2.688570966189749,0.73970175,0.0,0.0,True,0.752443373493476,0.0
464,0,3.6571429,2,1.09375,1.0936788,1,16.297686,0.7425928759576791,0.0,2.534938290039822,0.71341854,0.0504575,3.6972592049021977,True,0.7338405751703754,0.015137250000000003
465,0,3.6571429,2,1.09375,1.0936788,1,32.637848,0.7425928759576791,0.0,2.534938290039822,0.77098244,0.0,10.649183765308086,True,0.7511097451703754,0.0
466,0,34.133335,2,0.1171875,0.11697038,1,81.20829,1.0851172652370513,0.0,23.659424918358102,,,,False,1.0851172652370513,0.0
467,0,34.133335,2,0.1171875,0.11697038,1,243.2238,1.0851172652370513,0.0,23.659424918358102,0.9614504,0.0,0.0,True,1.048017205665936,0.0
468,0,305.35547,1369,6137.6367,0.85530108,1,32.912281,0.9452386349000652,0.0,211.65628309905696,1.1092398,0.77435976,2.1435568378874885,True,0.9944389844300457,0.23230792800000002
469,2467,377.23056,1369,4968.2109,1.318686,2,61.59425,1.1676409572660873,0.9177275412771878,2946.7623557140364,1.031854,0.65748215,0.0,True,1.1269048700862612,0.8396539238940315
470,4930,431.93076,1369,4339.0312,2.6720126,4,70.133308,1.3368763194077804,1.0151860158785928,3672.923159040187,1.0793388,0.76307577,0.0,True,1.2596150635854462,0.9395529421150149
471,3346,419.836,1369,4464.0312,3.5016556,5,192.62589,1.2994584124469037,0.9656540763366747,3407.4386978531497,1.0837096,1.0075159,0.0,True,1.2347337687128326,0.9782126234356723
472,8620,421.6691,1369,4444.625,1.7139223,4,75.883942,1.3051295787457546,1.0787882085132936,3821.195894197217,1.0950192,1.0298823,0.0,True,1.2420964651220283,1.0641164359593054
473,10228,421.6691,1369,4444.625,2.783659,5,26.640467,1.3051295787457546,1.0991481109625727,3893.3044743497485,1.0950192,1.0300246,0.0,True,1.2420964651220283,1.0784110576738009
474,2494,461.08676,1369,4064.6602,4.1007242,6,293.59537,1.4270732069255112,0.9411876293902383,3606.8256955993065,1.1950809,1.3523047,0.0,True,1.357475514847858,1.0645227505731667
475,0,449.85797,1369,4166.1172,0.075200953,1,104.86971,1.3923365238123202,0.0,311.81778355792045,,,,False,1.3923365238123202,0.0
476,0,442.8743,1369,4231.8125,0.04521903,1,240.35033,1.3707318907226858,0.0,306.9770723874594,1.2528542,1.3749301,4.295494739144318,True,1.33536858350588,0.4124790300000001
477,2499,449.108,1369,4173.0742,4.094532,6,332.935,1.3900164488310989,0.9384583090734739,3514.021263124586,1.2525032,1.3748946,0.0,True,1.3487624741817692,1.0693891963514317
478,0,516.84338,1369,3626.168,0.94650257,2,73.081696,1.599546055499729,0.0,358.24853163807245,1.1238877,0.0,0.0,True,1.4568485488498104,0.0
479,6847,516.79163,1369,3626.5312,2.6796985,5,36.159988,1.599385947980919,1.0774507848062649,4564.230258259361,1.1238871,0.92323095,0.0,True,1.456736293586643,1.0311848343643855
480,0,385.99283,1369,4855.4297,1.0035709,2,28.325737,1.1947515808803864,0.0,267.5498418308543,1.0741273,0.0,0.0,True,1.1585642966162704,0.0
481,2726,370.16064,1369,5063.1016,2.360137,3,32.25922,1.1457661210764936,0.9273920552999363,2928.460762106847,0.99662411,0.80438769,0.0,True,1.1010235177535455,0.8904907457099555
482,1279,347.53244,1369,5392.7656,0.93905383,2,141.45821,1.0757505039867425,0.8325738962414962,2486.7323359651486,0.97125584,0.6953575,0.0,True,1.0444021047907197,0.7914089773690474
483,319,322.99048,1369,5802.5273,2.5825913,3,31.533789,0.9998095474700138,0.6655832516017074,1864.1205386515028,0.98008031,0.70732337,0.0,True,0.9938907762290097,0.6781052871211952
484,171,325.83966,1369,5751.7891,3.9896216,4,43.857727,1.0086260918201435,0.5945507871737528,1679.1467810320141,0.97865343,0.4128758,0.0,True,0.9996342932741005,0.5400482910216269
485,23122,426.24084,1369,4396.9531,3.3802872,5,137.64867,1.3192734000938409,1.1977786213925194,4283.134922716684,1.0926911,1.0094383,0.0,True,1.2512987100656885,1.1412765249747636
486,13285,442.37979,1369,4236.543,4.6451707,6,144.96541,1.36920206143723,1.1367608411391874,4200.19322740085,1.0955307,0.993415,0.0,True,1.287100653006061,1.0937570887974313
487,19959,517.41418,1369,3622.168,4.4116387,6,83.943779,1.601311477031512,1.2081382695099023,5123.194948470251,1.125971,0.98523563,0.0,True,1.4587093339220585,1.1412674776569316
488,0,420.29608,1369,4459.1445,1.7913723,3,46.301891,1.3008818282147867,0.0,291.3270428523972,1.0837148,1.0079834,1.4082229161619266,True,1.2357317197503508,0.30239502000000007
489,7689,461.42377,1369,4061.6914,3.481153,5,47.013271,1.4281157799261874,1.0767239249760556,4128.730420687356,1.1041273,0.83432579,0.0,True,1.3309192359483313,1.004004484483239
490,0,404.72186,1369,4630.7383,0.99589431,2,73.475876,1.2526979590214153,0.0,280.5318161699769,1.0902361,0.74978215,2.347958767239013,True,1.2039594013149908,0.22493464500000004
491,0,370.75305,1369,5055.0117,1.9774065,2,13.770927,1.1475990480880913,0.0,256.9864312915004,1.0187113,0.0,0.0,True,1.108932723661664,0.0
492,0,312.20001,1369,6003.0781,1.9980108,2,42.509464,0.9664190400938069,0.0,216.40055670228674,,,,False,0.9664190400938069,0.0
493,12154,464.22485,1369,4037.1836,2.7614119,5,100.33641,1.4367808913391165,1.132640227283864,4366.303107720956,1.1065633,0.92673331,0.0,True,1.3377156139373816,1.070868152098705
494,5026,404.72083,1369,4630.75,3.0040441,5,68.687141,1.2526947953354575,1.0096500099864745,3449.34561191847,1.0902358,0.87954795,0.0,True,1.2039570967348203,0.9706193919905322
495,0,554.53162,1369,3379.7188,1.003955,2,24.869385,1.7161160215599065,0.0,384.37202893433897,,,,False,1.7161160215599065,0.0
496,5234,554.5509,1369,3379.6016,3.0044012,5,48.934483,1.7161754989382372,1.053741103741498,4748.793001576184,1.2333828,1.3649619,0.0,True,1.571337689256766,1.1471073426190488
497,2756,401.72653,1369,4665.2656,3.2988131,4,117.38618,1.243430803057435,0.9376644605275167,3182.5824447263776,1.1031488,0.92298162,0.0,True,1.2013462021402046,0.9332596083692617
498,18471,456.63736,1369,4104.2656,2.9307823,5,127.35748,1.4133089230979947,1.1806978257826284,4486.035327792614,1.10803,1.0019184,0.0,True,1.3217252461685964,1.12706399804784
499,0,284.36029,1369,6590.7969,1.9961851,2,72.364883,0.8802670400919435,0.0,197.10353327670842,0.94926661,0.0,0.0,True,0.9009669110643604,0.0
500,2354,361.29413,1369,5187.3555,2.6413519,4,36.068821,1.1183319032759158,0.9076210000155543,2805.347953916337,1.0230272,0.90921807,0.0,True,1.089740492293141,0.9081001210108881
501,2598,361.24432,1369,5188.0703,3.2619462,4,46.347202,1.1181778815385874,0.9191305909402387,2840.5604406934663,1.0230261,0.76515913,0.0,True,1.0896323470770113,0.8729391526581671
502,6038,402.03488,1369,4661.6875,2.6929338,4,46.451675,1.24438479488395,1.030566339321255,3500.1797057894696,1.1035835,0.99926758,0.0,True,1.202144406418765,1.0211767115248787
503,60644,557.5332,1369,3361.5234,1.5800123,4,11.255236,1.7253995655538894,1.35608127829701,6140.00662046449,1.2334394,1.365105,0.0,True,1.5778115158877226,1.358788394807907
504,19512,462.71207,1369,4050.3828,3.4670863,5,47.905388,1.4321010870666862,1.1891743142501783,4571.080454654883,1.1169308,1.0047685,0.0,True,1.3375500009466803,1.1338525699751247
505,68584,559.12048,1369,3351.9805,3.2307699,5,82.42379,1.7303087519710805,1.3717113933968885,6226.2782810412255,1.2334974,1.3646896,0.0,True,1.5812653463797564,1.369604855377822
506,26980,421.44983,1369,4446.9375,3.1363568,4,40.671368,1.3044511893211224,1.214536240089543,4300.021114643385,1.0921913,1.0338422,0.0,True,1.2407732225247856,1.16032802806268
507,16740,555.4079,1369,3374.3867,4.0067749,6,50.478882,1.7188261679535526,1.1970198924703277,5401.717178390498,1.2334026,1.3650812,0.0,True,1.5731990975674868,1.2474382847292294
508,29383,556.24432,1369,3369.3125,3.1472311,5,107.82002,1.7214131923665756,1.2664972621432318,5722.774850893719,1.2334232,1.364678,0.0,True,1.575016194656603,1.2959514835002621
509,0,448.79083,1369,4176.0234,2.0093603,3,60.522427,1.3890352584167769,0.0,311.0780984756577,,,,False,1.3890352584167769,0.0
510,1313,403.75967,1369,4641.7734,4.0048776,5,149.37975,1.2497211455430492,0.8504569211301858,2899.6371936311452,1.0895648,0.84805489,0.0,True,1.2016742418801345,0.8497363117911301
511,2407,404.32315,1369,4635.3047,4.0188699,6,149.30026,1.2514644148982363,0.9223472739519376,3148.4510274433032,1.0897605,0.85092169,0.0,True,1.2029532404287655,0.9009195987663563
512,8710,464.8924,1369,4031.3867,3.9958544,6,148.4446,1.4388458743840111,1.0927096827617964,4217.716152707838,1.1070907,0.97667861,0.0,True,1.3393193220688078,1.0579003609332576
513,0,418.46869,1369,4478.6172,2.0129075,3,15.128482,1.2952282138921265,0.0,290.06039262611375,,,,False,1.2952282138921265,0.0
514,8877,418.47086,1369,4478.5938,3.9955449,6,52.304798,1.2952349782500572,1.0813058028013773,3804.5044801435447,1.0607865,1.0564258,0.0,True,1.2249004347750398,1.0738418019609641
515,10657,418.47415,1369,4478.5586,4.0004511,6,49.089142,1.2952451538275473,1.1030409267606707,3880.996174709385,1.0607865,1.0531307,0.0,True,1.2249075576792832,1.0880678587324695
516,12380,418.75867,1369,4475.5156,4.009963,6,51.27602,1.296125425691502,1.120954646205954,3946.3813225302147,1.0605601,1.0498234,0.0,True,1.2254558279840513,1.099615272344168
517,15399,426.31317,1369,4396.207,4.2335315,6,115.43059,1.3194971980832964,1.1493522937018872,4110.591613227404,1.0959918,1.031278,0.0,True,1.2524455786583073,1.113930005591321
518,34602,517.3299,1369,3622.7578,3.0196481,5,42.971867,1.60105092072368,1.2752473158082966,5406.98962212501,1.1259172,1.0078864,0.0,True,1.458510804506576,1.1950390410658076
519,12250,426.5144,1369,4394.1328,4.0515308,6,217.01384,1.3201197682404728,1.1221469238987007,4014.9696191821504,1.0959553,1.029232,0.0,True,1.252870427768331,1.0942724467290905
520,0,376.46954,1369,4978.2539,3.000937,3,39.970104,1.1652863347168587,0.0,260.94880021769956,1.0055255,0.0,0.0,True,1.1173580843018012,0.0
521,0,295.22592,1369,6348.2266,2.0087376,2,62.170208,0.9138920826999057,0.0,204.63501407621595,0.9073633,0.0,0.0,True,0.9119334478899339,0.0
522,1114,376.49731,1369,4977.8867,2.9996161,3,40.32336,1.1653722589894144,0.8241877521021834,2642.0721857258586,1.0055271,0.79814875,0.0,True,1.1174187112925902,0.8163760514715284
523,37692,517.3327,1369,3622.7383,1.9994467,4,61.620159,1.601059533895272,1.285684458969136,5451.267205492015,1.1259172,1.0241461,0.0,True,1.4585168337266905,1.2072229512783952
524,41717,517.97888,1369,3618.2188,3.0061526,5,45.347935,1.6030583049539273,1.2982613180494138,5510.628095069069,1.1264439,1.0408723,0.0,True,1.4600739834677492,1.2210446126345897
525,69624,519.08795,1369,3610.4883,2.9991317,5,41.432732,1.6064887498986062,1.361120023168063,5788.294364416888,1.1263266,1.0883683,0.0,True,1.4624401049290245,1.279294506217644
526,133555,561.04797,1369,3340.4648,3.9961653,6,214.17882,1.7362701360655588,1.454420328758722,6621.647273092444,1.2335885,1.3637214,0.0,True,1.585465645245891,1.4272106501311055
527,4889,377.44067,1369,4965.4453,2.9814639,4,42.603584,1.1682910354524367,0.998130075389617,3206.4158854818556,1.0051497,0.88104284,0.0,True,1.1193486348167059,0.9630039047727319
528,1331,314.76993,1369,5954.0664,4.0214157,5,32.637798,0.9743715773703163,0.8276761256234603,2264.8286091095397,0.95029473,0.69094437,0.0,True,0.9671485231592214,0.7866565989364223
529,0,251.41351,1369,7454.4961,1.1526346,1,11.507511,0.7783041438310871,0.0,174.2665656111796,0.86474836,0.0,0.0,True,0.804237408681761,0.0
530,2501,318.77594,1369,5879.2422,3.1266437,3,46.166912,0.9867680356864645,0.9015117729760903,2494.499923506738,0.96814519,0.86738569,0.0,True,0.9811811819805252,0.8912739480832632
531,22848,419.33438,1369,4469.3711,2.0417714,4,33.256294,1.2979065443909008,1.1940342485775963,4208.736053943868,1.0894824,1.0052001,0.0,True,1.2353793010736305,1.1373840040043175
532,95415,560.74896,1369,3342.2461,4.0929122,6,205.70102,1.7353453183634844,1.4128877375345734,6429.554326007097,1.233578,1.3645031,0.0,True,1.5848151228544392,1.3983723462742015
533,42150,495.5307,1369,3782.1289,2.8911631,5,75.671379,1.5336215986433075,1.2925387391035552,5276.924963039605,1.1006542,0.9993704,0.0,True,1.4037313790503152,1.2045882373724885
534,10,375.91708,1369,4985.5703,3.9758122,4,86.192047,1.1635769450889426,0.28161152422492164,934.1188518608877,1.0036381,0.17900178,0.0,True,1.1155952915622598,0.25082860095744514
535,21464,419.3934,1369,4468.7422,2.0102212,4,36.978004,1.2980891211061871,1.1866205922746462,4183.12437292845,1.0894835,0.99299884,0.0,True,1.235507434774331,1.1285340665922523
536,0,315.41473,1369,5941.8945,2.0004156,2,43.132572,0.976366894313205,0.0,218.62883080657642,0.96148282,0.0,0.0,True,0.9719016720192435,0.0
537,0,377.3623,1369,4966.4766,1.0167323,2,71.551544,1.1680485348547964,0.0,261.56761429461625,1.0051217,0.0,0.0,True,1.1191704843983574,0.0
538,40979,493.87802,1369,3794.7852,3.2484436,5,80.073181,1.5285093855428906,1.28859695031881,5245.411195910212,1.1000249,0.98445594,0.0,True,1.3999640398800233,1.1973546472231669
539,0,375.94476,1369,4985.2031,2.0054924,3,71.185066,1.163662617447912,0.0,260.5850504402853,1.0033729,0.0,0.0,True,1.1155757022135386,0.0
540,19177,419.42346,1369,4468.4219,2.832799,5,42.367836,1.298182127528129,1.1732275249213384,4136.174317697544,1.0894841,0.96544158,0.0,True,1.2355727192696901,1.1108917414449369
541,14537,419.03006,1369,4472.6172,4.0173941,6,71.023453,1.2969649812927777,1.140145806897935,4016.2313114328535,1.0603338,1.0459422,0.0,True,1.2259756269049444,1.1118847248285546
542,9508,449.61304,1369,4168.3867,3.0207651,5,111.2289,1.39157882243638,1.0988471473482,4118.500028023519,1.1347332,1.1755294,0.0,True,1.3145251357054661,1.12185182314374
543,8190,464.73163,1369,4032.7812,2.9581075,5,34.180935,1.4383485808574554,1.0852511048521953,4187.6564476698595,1.1070623,0.97687095,0.0,True,1.3389626966002188,1.0527370583965368
544,223,403.85892,1369,4640.6328,3.9980187,5,111.19201,1.2500281764886383,0.640943309384696,2187.3404590458426,1.0895594,0.46885404,0.0,True,1.2018875435420466,0.5893165285692872
545,15797,420.01242,1369,4462.1562,2.9528499,5,43.144093,1.3000042008141068,1.150353428179118,4060.5548817245162,1.0888392,0.93652433,0.0,True,1.2366547005698747,1.0862046987253826
546,1092,404.10791,1369,4637.7734,4.002584,5,111.45825,1.2507985439742253,0.8287318355676689,2827.7838877072218,1.0892698,0.5494858,0.0,True,1.2023399207819576,0.7449580248973682
547,21,358.40546,1369,5229.1641,4.0141215,4,60.570614,1.1093939517382643,0.360994275144384,1123.7782467874263,0.99369401,0.24856277,0.0,True,1.0746839692167849,0.3272648236010688
548,8877,463.69052,1369,4041.8359,3.2378025,5,78.005722,1.4351279222508364,1.0946558396346964,4215.616496546712,1.1069174,0.97431999,0.0,True,1.3366647655755854,1.0585550847442875
549,1304,376.32544,1369,4980.1602,3.0045395,4,51.712444,1.1648404668100276,0.8426251320094951,2700.0312827778707,1.0151957,0.98903233,0.0,True,1.1199470367670195,0.8865472914066466
550,71770,519.08289,1369,3610.5234,3.0097456,5,31.550203,1.6064731409325517,1.3648238745740813,5803.995411634297,1.1263266,1.090993,0.0,True,1.4624291786527863,1.2826746122018569
551,4720,377.24924,1369,4967.9648,4.0319648,6,43.137703,1.1676987758726864,0.9939383073287938,3191.5239368910834,1.0046742,0.88068753,0.0,True,1.1187914031108805,0.9599630741301557
552,0,378.60135,1369,4950.2227,1.9993389,3,56.458649,1.1718822364532073,0.0,262.42645830868906,1.0061133,0.0,0.0,True,1.1221515555172452,0.0
553,60003,544.34943,1369,3442.9375,3.017951,5,71.294502,1.6846232516817332,1.3507958645164873,5989.032137925119,1.217708,1.3112921,0.0,True,1.5445486761772134,1.338944735161541
554,71363,519.1947,1369,3609.7461,4.0101514,6,73.904251,1.6068188771880563,1.3641655261645675,5802.292991924552,1.1264218,1.0933354,0.0,True,1.4626997540316393,1.2829164883151973
555,0,323.7522,1369,5788.875,1.610132,2,53.476597,1.0021666523781538,0.0,224.40792463007952,0.97192121,0.0,0.0,True,0.9930930196647076,0.0
556,2479,315.30008,1369,5944.0547,3.2204387,4,34.951359,0.9760121804951343,0.8993588062129556,2464.5169002713833,0.95181412,0.86633128,0.0,True,0.9687527623465939,0.8894505483490689
557,0,258.42239,1369,7252.3164,0.95677364,1,32.652515,0.7999956843749386,0.0,179.1247510220626,0.86715567,0.0,0.0,True,0.8201436800624571,0.0
558,0,391.16708,1369,4791.2031,1.9897926,2,48.481937,1.2107606733982004,0.0,271.13635862986655,1.0792612,0.0,0.0,True,1.1713108313787401,0.0
559,7749,378.13736,1369,4956.2969,1.7878959,4,26.585117,1.1704466130477869,1.0524653727176485,3386.4382993712243,1.0378054,0.98628479,0.0,True,1.1306542491334508,1.0326111979023538
560,14914,406.14401,1369,4614.5234,4.1951861,6,38.186523,1.257097887360506,1.1389621459122303,3903.120998391921,1.0574179,1.0160666,0.0,True,1.1971938911523543,1.1020934821385613
561,15395,419.59402,1369,4466.6055,3.9850264,6,83.13649,1.2987098129585037,1.1471504377596493,4045.6953150616473,1.0598824,1.0391722,0.0,True,1.2270615890709526,1.1147569664317545
562,3287,315.40311,1369,5942.1133,3.0009532,5,32.553978,0.976330954709484,0.9318448826867249,2554.2412579218403,0.95076501,0.8244065,0.0,True,0.9686611712966388,0.8996133678807074
563,0,256.31717,1369,7311.8828,2.010977,2,73.716011,0.7934802856138659,0.0,177.66552371460418,0.86227828,0.0,0.0,True,0.814119683929706,0.0
564,16024,406.39273,1369,4611.6992,3.0266912,5,207.04059,1.2578673991339402,1.147552806168682,3934.681278197119,1.0576924,1.0347309,0.0,True,1.1978148993937583,1.1137062343180775
565,38700,490.89615,1369,3817.8359,3.2070749,5,73.697861,1.5192856355662663,1.2807145003052307,5185.653424924152,1.0989019,0.98464268,0.0,True,1.3931705148963862,1.1918929542136616
566,2816,315.42612,1369,5941.6797,3.0265198,4,40.522499,0.9764021794596942,0.9140618513059242,2505.6765528053775,0.95142949,0.90447098,0.0,True,0.9689103726217859,0.911184589914147
567,14784,406.36795,1369,4611.9805,3.0347652,5,43.394985,1.2577907108819253,1.1379989128365051,3901.715891244048,1.0576919,1.0150875,0.0,True,1.1977610676173476,1.1011254889855535
568,40250,489.09366,1369,3831.9062,1.9083545,4,45.394936,1.5137099110798122,1.2849028466364294,5185.818489861215,1.1012871,1.0011567,0.0,True,1.3899830677558684,1.1997790026455006
569,1427,381.75052,1369,4909.3867,3.0495408,4,226.0658,1.1816259169921075,0.8546405269657851,2773.3145230844193,1.0071591,0.80853468,0.0,True,1.1292858718944752,0.8408087728760495
570,3867,381.75235,1369,4909.3633,2.9762156,4,39.046253,1.1816315468029703,0.9718786659247179,3153.561242422604,1.0071592,0.90447557,0.0,True,1.1292898427620792,0.9516577371473025
571,3485,376.32013,1369,4980.2305,2.0020804,4,13.753002,1.1648240307409183,0.9580302548878145,3069.5669249885973,1.0151956,0.98519677,0.0,True,1.1199355015186427,0.9661802094214702
572,12305,418.39166,1369,4479.4414,2.9692016,4,69.028702,1.294990003236535,1.1201151674525844,3940.3806407142392,1.0869492,0.88985348,0.0,True,1.2325777622655745,1.0510366612168092
573,10314,376.31778,1369,4980.2617,2.0097754,4,36.761902,1.1648167363609867,1.085450809184038,3477.722462407871,1.0151956,0.95008296,0.0,True,1.1199303954526907,1.0448404544288266
574,13560,376.32339,1369,4980.1875,3.0049558,5,55.862907,1.1648340840424696,1.1175885429381,3580.727232855179,1.0151961,0.9442324,0.0,True,1.1199426888297288,1.06558170005667
575,3514,295.45007,1369,6343.4102,3.0102932,4,42.518753,0.9145857604430901,0.9325178406246072,2412.3732385695052,0.91585577,0.89319551,0.0,True,0.914966763310163,0.9207211414372249
576,12435,378.05899,1369,4957.3242,3.0100901,5,40.444126,1.1702041606980123,1.1080150356324163,3564.503169064402,1.0134296,0.89957684,0.0,True,1.1231717924886087,1.0454835769426913
577,12625,450.48309,1369,4160.3359,3.041646,5,119.10745,1.3942704175053102,1.1331211845992932,4254.178801024288,1.1342334,1.166903,0.0,True,1.3162593122537172,1.1432557292195051
578,12297,463.38419,1369,4044.5078,3.1538467,5,42.918678,1.434180310511286,1.1338014085330252,4363.8155310482525,1.1071316,0.99418825,0.0,True,1.3360656973579004,1.0919174609731177
579,1848,370.89636,1369,5053.0586,3.1577163,4,84.449249,1.148042440712822,0.8820471514246208,2790.2314030081006,1.0020578,0.57179195,0.0,True,1.1042470484989755,0.7889705909972345
580,2171,349.81955,1369,5357.5078,4.0699325,4,97.83123,1.0828273844643608,0.8947909773576408,2687.965839834513,0.99069256,0.84958082,0.0,True,1.0551869371250526,0.8812279301503485
581,61284,544.6936,1369,3440.7617,1.9680212,4,40.562756,1.6856879211507265,1.3534943175057483,6004.324616236301,1.2182193,1.3115586,0.0,True,1.5454473348055084,1.3409136022540238
582,8457,388.40451,1369,4825.2812,3.6411014,5,53.871284,1.2022133314069916,1.0660936036938586,3512.336640378832,1.0436627,0.98811406,0.0,True,1.1546481419848942,1.042699740585701
583,7990,404.77069,1369,4630.1797,3.3916225,4,103.71371,1.2528490233421516,1.064574410795615,3637.3488850547833,1.0783539,0.99499309,0.0,True,1.2005004863395061,1.0437000145569304
584,80888,519.14526,1369,3610.0898,3.0093598,5,73.872368,1.6066659840766806,1.379442584597277,5866.780368055525,1.1264639,1.0972053,0.0,True,1.4626053588536765,1.294771399218094
585,1231,390.78732,1369,4795.8594,1.9831185,3,57.894478,1.2095856358546773,0.8395802292918692,2781.3136644708457,1.081736,0.83936948,0.0,True,1.1712307450982742,0.8395170045043083
586,106,320.46954,1369,5848.1719,2.7970083,3,52.761902,0.992008766971504,0.5386920500075503,1500.4804405761342,0.9777776,0.36322343,0.0,True,0.9877394168800527,0.4860514640052852
587,63738,544.52484,1369,3441.8281,2.1069241,4,35.05899,1.685165938767484,1.358263404464286,6023.842845829274,1.2182164,1.3129344,0.0,True,1.5450810771372387,1.3446647031250003
588,0,318.62079,1369,5882.1055,1.8057251,3,71.34613,0.9862878585522202,0.0,220.85110225628242,0.96040618,0.0,0.0,True,0.9785233549865542,0.0
589,66619,545.31458,1369,3436.8438,2.2389057,4,35.123245,1.6876084377808438,1.3639337802747613,6056.686410885515,1.2228466,1.3179976,0.0,True,1.5481798864465908,1.3501529261923328
590,5240,392.90683,1369,4769.9883,3.0701833,4,67.821075,1.2161433449219357,1.0110427031266553,3365.034194278531,1.0841892,0.93918478,0.0,True,1.176557101445355,0.9894853261886587
591,0,306.46295,1369,6115.457,1.9797516,2,52.680611,0.9486657303991415,0.0,212.42392973858347,0.97290581,0.0,0.0,True,0.955937754279399,0.0
592,2482,294.9903,1369,6353.2969,1.9792579,3,31.36215,0.9131629732499736,0.8926622299472581,2306.1236747339462,0.9151516,0.86367393,0.0,True,0.9137595612749815,0.8839657399630807
593,0,243.76927,1369,7688.2578,0.97665149,1,31.97994,0.7546459382792525,0.0,168.96798220765606,0.83515769,0.0,0.0,True,0.7787994637954767,0.0
594,38881,487.72488,1369,3842.6602,2.1644533,4,30.603495,1.5094758733399485,1.2802749908431568,5154.42890494073,1.1036094,1.0064173,0.0,True,1.387715931337964,1.1981176835902096
595,16270,469.36392,1369,3992.9805,2.0856991,4,34.052734,1.4526783830585257,1.1693100093600062,4551.5163299082,1.1086782,1.0106984,0.0,True,1.349478328140968,1.1217265265520044
596,35461,487.22958,1369,3846.5664,3.0191052,5,42.020969,1.5079437925483996,1.2689653128211802,5104.336538257864,1.1072224,1.0156206,0.0,True,1.3877273747838796,1.192961898974826
597,19922,637.24957,1369,2941.0156,4.5254211,6,142.95107,1.9719303605085683,1.2393856920006145,6308.5670233570645,1.2538201,1.4477257,0.0,True,1.756497282355998,1.30188769440043
598,525,418.54059,1369,4477.8477,3.9971976,5,112.31785,1.2954506942480077,0.7451978462461641,2623.0778152348257,1.0879229,0.48276114,0.0,True,1.2331923559736055,0.6664668343723149
599,16991,469.34189,1369,3993.168,2.9983134,4,40.894176,1.4526102064019186,1.174531632600858,4571.651325742799,1.1086779,1.0132459,0.0,True,1.3494305144813432,1.1261459128206006
600,89145,639.53027,1369,2930.5273,2.4918334,5,18.937969,1.9789830475202534,1.42761606553383,7289.3928595529005,1.2539272,1.4487085,0.0,True,1.7614662932641774,1.433943795873681
601,24742,522.40912,1369,3587.5352,3.785141,5,39.128593,1.6167613603817959,1.2357962391902055,5284.867396429654,1.1302271,1.0999888,0.0,True,1.470801082267257,1.195054007433144
602,106642,641.6557,1369,2920.8203,2.0092926,4,40.416016,1.985555462677723,1.4506647157690877,7428.609391905105,1.2541221,1.4489678,0.0,True,1.7661254538744062,1.4501556410383616
603,0,299.04489,1369,6267.1562,2.0006378,2,33.804268,0.9257101957501618,0.0,207.28212236435897,0.90974569,0.0,0.0,True,0.9209208440251133,0.0
604,81393,519.55341,1369,3607.2539,2.0188322,4,31.030508,1.607928390155744,1.380334586081597,5874.626321021604,1.1267613,1.0986178,0.0,True,1.4635782631090208,1.295819550257118
605,5736,506.30121,1369,3701.6719,3.0489416,4,215.46921,1.566937344825372,1.053221747641239,4381.969126436722,1.0941896,0.79585356,0.0,True,1.4251130213777605,0.9760112913488673
606,82469,519.55396,1369,3607.25,3.0032711,5,43.942562,1.6079301276138647,1.3819380127984404,5881.455774697151,1.1267613,1.1003573,0.0,True,1.4635794793297052,1.2974637989589082
607,2784,415.77499,1369,4507.6328,4.0228953,6,217.77325,1.2868945367548197,0.9426933045140984,3298.0777953969887,1.0886846,0.87617958,0.0,True,1.2274315557283737,0.9227391871598689
608,8014,506.45621,1369,3700.5391,2.9866865,5,60.575703,1.5674167527603804,1.0939542121843953,4552.6335411726195,1.0942684,0.88811713,0.0,True,1.4254722469322663,1.0322030875290766
609,512,449.12692,1369,4172.8984,3.999125,5,39.719166,1.390074980768476,0.7484961464404166,2803.5505091662208,1.1056978,0.69366658,0.0,True,1.3047618265379333,0.7320472765082916
610,85146,519.83093,1369,3605.3281,4.0188899,6,39.98193,1.608786795160202,1.3859278124172782,5901.196715525664,1.1268708,1.1035031,0.0,True,1.4642119966121414,1.3012003986920948
611,170794,641.55273,1369,2921.2891,1.9916775,4,82.882118,1.9852370444956473,1.5096493071230799,7729.571730772486,1.2542043,1.4497936,0.0,True,1.7659272211469532,1.491692594986156
612,3541,415.95703,1369,4505.6602,4.0030313,6,61.069199,1.2874576954780976,0.9713197629585739,3399.5041254544,1.0891238,0.92006278,0.0,True,1.2279575268346683,0.9559426680710017
613,34112,486.75406,1369,3850.3242,4.0110579,5,41.455448,1.5064728490635189,1.2641181814031537,5080.477557646082,1.1084362,1.0221978,0.0,True,1.3870618543444633,1.1915420669822074
614,39144,441.59641,1369,4244.0586,5.4251719,6,45.400997,1.3667785491915587,1.2658667531531616,4669.905672225431,1.1141219,1.0134923,0.0,True,1.290981554434091,1.1901544172072132
615,15735,509.95627,1369,3675.1406,3.5578721,4,37.911514,1.578243109085995,1.1770420140911821,4928.100055708425,1.1213903,1.0901194,0.0,True,1.4411872663601966,1.1509652298638275
616,4468,484.08975,1369,3871.5156,3.9244246,4,115.44477,1.4982311709523877,1.017276807304004,4068.843906448048,1.1023959,0.85824394,0.0,True,1.3794805896666713,0.9695669471128028
617,125930,641.67371,1369,2920.7383,1.9804963,4,69.973183,1.985611169186903,1.4715011984821609,7535.49351789883,1.2541231,1.4493133,0.0,True,1.7661647484308318,1.4648448289375127
618,1381,358.06229,1369,5234.1758,4.0662422,5,57.316898,1.1083321177051277,0.8444275355906631,2589.510180659543,1.0061239,0.84308374,0.0,True,1.0776696523935894,0.8440243969134642
619,17626,464.95682,1369,4030.8281,4.0369635,5,46.726498,1.4390451735570728,1.1776237427372407,4545.996197683868,1.1140201,1.0483048,0.0,True,1.341537651489951,1.1388280599160685
620,143445,641.53046,1369,2921.3906,2.0328999,4,31.878664,1.985168117148061,1.4877772088759256,7617.353636008443,1.2542038,1.4494433,0.0,True,1.7658788220036428,1.4762770362131479
621,14779,510.0929,1369,3674.1562,2.0424371,5,63.112621,1.5786657305503888,1.1694461671534964,4897.4518461085345,1.1200788,1.0903639,0.0,True,1.4410896513852722,1.1457214870074475
622,7317,354.78781,1369,5282.4844,3.0684218,5,15.177074,1.098200197750672,1.0379544430397138,3156.9831746799805,1.0039837,0.91534752,0.0,True,1.0699352484254703,1.0011723661277996
623,0,634.91956,1369,2951.8086,2.0259275,3,30.034723,1.9647250715873539,0.0,440.09270289636106,,,,False,1.9647250715873539,0.0
624,5111,451.79898,1369,4148.2188,2.2780609,5,15.714662,1.3983411701306787,1.0249891741068589,3858.1561823247166,1.1335661,1.0430093,0.0,True,1.3189086490914752,1.0303952118748012
625,1502,451.64035,1369,4149.6758,3.2680192,4,55.918087,1.397850432610933,0.8780185093446808,3304.148186536026,1.1334137,0.90983039,0.0,True,1.318519412827653,0.8875620735412766
626,0,413.05743,1369,4537.2891,1.9970365,2,60.391132,1.2784869360028954,0.0,286.30959301383695,1.0983088,1.007586,9.55142685374051,True,1.2244334952020268,0.3022758000000001
627,0,374.72214,1369,5001.4688,1.1703067,2,27.293818,1.1598796844881578,0.0,259.7375948343891,1.048241,0.54914045,4.87015170805248,True,1.1263880791417105,0.164742135
628,3371,424.36148,1369,4416.4258,1.8810569,4,11.286632,1.3134591539571268,0.9677732535795756,3447.3250257523573,1.0692241,0.87874377,0.0,True,1.2401886377699887,0.9410644085057029
629,1025,407.80411,1369,4595.7383,3.872438,5,28.429447,1.2622340451805056,0.82212514276413,2827.8756825813985,1.0526161,0.82053244,0.0,True,1.199348661626354,0.821647331934891
630,0,499.34454,1369,3753.2422,2.4353867,3,75.037674,1.545418778338809,0.0,346.1192600290028,,,,False,1.545418778338809,0.0
631,0,264.68484,1369,7080.7266,0.54472852,1,9.6002674,0.8193767938311132,0.0,183.46555058296025,,,,False,0.8193767938311132,0.0
632,2476,295.6795,1369,6338.4883,1.093528,2,46.148556,0.9152957214810002,0.8926237088195962,2310.7965165445385,0.94164181,0.1331204,0.0,True,0.9231995480367001,0.6647727161737174
633,4948,335.15015,1369,5592.0039,1.1114634,2,45.986137,1.0374361399873786,0.9857828768390066,2851.170204113279,0.96588653,0.0,0.0,True,1.015971256991165,0.6900480137873045
634,7416,388.40167,1369,4825.3164,2.9980507,4,44.334114,1.20220456506442,1.05060882073328,3461.305474506586,1.0256011,0.79944062,0.0,True,1.149223525545094,0.9752583605132961
635,0,256.24747,1369,7313.8711,0.58018225,1,24.491785,0.7932646343496047,0.0,177.61721135611918,,,,False,0.7932646343496047,0.0
636,2465,287.29053,1369,6523.5742,1.1019807,4,68.668808,0.8893350432043728,0.8891934257841931,2243.9568389995206,1.0095578,0.86768794,0.0,True,0.925401870243061,0.8827417800489352
637,0,369.59436,1369,5070.8594,3.0151243,3,43.530964,1.1440139289274094,0.0,256.1832885848574,0.97878408,0.0,0.0,True,1.0944449742491866,0.0
638,0,377.18579,1369,4968.8008,3.0045588,3,56.757351,1.1675023897739658,0.0,261.4452668857756,1.0056107,0.0,0.0,True,1.118934882841776,0.0
639,71153,549.99164,1369,3407.6172,3.0976348,5,111.35172,1.702074301211978,1.3734584538215473,6144.845328246051,1.2284665,1.3191313,0.0,True,1.5599919608483843,1.357160307675083
640,17141,506.40863,1369,3700.8867,3.0011594,5,56.535599,1.567269615106058,1.186457725725891,4937.152549171316,1.0940593,0.95457286,0.0,True,1.4253065205742406,1.1168922660081237
641,18174,506.87302,1369,3697.4961,3.0223155,5,159.4063,1.5687060227176186,1.1937119151119404,4971.3382602883985,1.0944428,0.96442628,0.0,True,1.426427055902333,1.1249262245783582
642,0,372.29419,1369,5034.0859,1.9811389,2,62.131908,1.1523675188086726,0.0,258.0546681373486,0.98351032,0.0,0.0,True,1.1017103591660709,0.0
643,25781,507.78714,1369,3690.8398,3.0109823,5,45.691238,1.5715335967431732,1.2365364367646012,5157.832965412447,1.0969049,1.054455,0.0,True,1.4291449877202211,1.1819120057352208
644,2476,414.72125,1369,4519.0859,4.0152426,6,215.61971,1.2836344943347218,0.928484659026971,3241.1324418398863,1.0886117,0.92518866,0.0,True,1.2251276560343052,0.9274958593188798
645,78196,551.03265,1369,3401.1797,4.0066748,6,42.491123,1.7052939676063361,1.3853830140446062,6208.484509796887,1.22922,1.3220146,0.0,True,1.5624717773244354,1.3663724898312244
646,26362,508.25351,1369,3687.4531,2.0297978,4,80.677803,1.5729761717503172,1.2393877382221694,5173.896068483305,1.0956545,1.0441564,0.0,True,1.429779670225222,1.1808183367555185
647,244562,644.24567,1369,2909.0781,3.04813,5,114.93652,1.9935644506034862,1.5554488939304856,7993.305693906196,1.254546,1.4517734,0.0,True,1.7718589154224402,1.52434624575134
648,1663,449.85123,1369,4166.1797,4.0075674,5,43.517838,1.3923156463456556,0.8898089184331872,3336.8076676500777,1.1067086,0.86016184,0.0,True,1.306633532441959,0.880914794903231
649,180046,641.52185,1369,2921.4297,2.0139484,4,72.75853,1.985141566116791,1.5162502715877064,7763.04228156087,1.2542038,1.4498219,0.0,True,1.7658602362817537,1.4963217601113945
650,9471,441.8587,1369,4241.5391,4.0104761,5,45.203434,1.3675900413148876,1.0960935597969295,4045.74703804616,1.1063561,0.96895975,0.0,True,1.2892198589204213,1.0579534168578506
651,211113,643.75385,1369,2911.3008,2.0027637,4,32.011105,1.9920434625529713,1.53686367555617,7892.524099305607,1.2544669,1.4512656,0.0,True,1.7707704937870798,1.511184252889319
652,88158,520.42072,1369,3601.2422,4.0456791,6,43.202187,1.6106110805125287,1.3903641575818246,5925.9831848775575,1.1272198,1.1056873,0.0,True,1.4655936963587701,1.3049611003072772
653,0,330.0242,1369,5678.8594,2.0058007,3,31.892597,1.0215746253269955,0.0,228.7553437465515,0.98358011,0.0,0.0,True,1.0101762707288968,0.0
654,214505,644.46722,1369,2908.0781,2.9769249,5,61.911827,1.9942495059120031,1.5390752177662714,7911.542525492065,1.2545524,1.4512769,0.0,True,1.7723403741384023,1.51273572243639
655,44101,467.79013,1369,4006.4141,2.9756355,4,42.437618,1.4478099488499308,1.289024142567853,5002.680075212083,1.1277767,1.1667694,0.0,True,1.3517999741949516,1.252347719797497
656,1848,413.38342,1369,4533.7109,3.0114245,4,39.037991,1.2794955280528,0.8934012054528546,3109.8590451706964,1.0952762,0.81753963,0.0,True,1.22422972963696,0.8706427328169982
657,69587,516.46954,1369,3628.793,4.0844746,6,46.254818,1.5983896116056027,1.3602161938167028,5758.822223407007,1.1247627,1.087833,0.0,True,1.4563015381239217,1.2785012356716918
658,4169,354.78571,1369,5282.5156,3.029038,5,43.752728,1.0981937139310065,0.9723478677590753,2957.46213605154,1.0039837,0.89266604,0.0,True,1.0699307097517046,0.9484433194313528
659,0,352.93195,1369,5310.2617,2.0358763,3,75.631271,1.0924578156777067,0.0,244.63378607202355,1.0022147,0.0,0.0,True,1.0653848809743947,0.0
660,0,282.41415,1369,6636.2148,2.0000021,2,63.16502,0.8742443545349483,0.0,195.75457182273348,0.90680826,0.0,0.0,True,0.8840135261744638,0.0
661,19075,464.25452,1369,4036.9258,2.9834495,5,40.584461,1.436872599415008,1.1869229423794037,4575.803366643988,1.1140651,1.0605572,0.0,True,1.3400303495905055,1.1490132196655827
662,33277,464.09869,1369,4038.2812,3.9870005,5,86.279594,1.4363905693223384,1.2538841827740763,4832.5120043041625,1.1136714,1.0446471,0.0,True,1.3395748185256369,1.1911130579418534
663,688,350.06638,1369,5353.7305,3.0116901,4,51.873192,1.083591083063336,0.761141188062405,2288.2759647452044,0.99666196,0.49282584,0.0,True,1.057512346144335,0.6806465836436835
664,4929,350.92078,1369,5340.6953,3.0116358,5,50.339218,1.086234847248418,0.990612592978684,2983.9836460694974,0.99790257,0.90118241,0.0,True,1.0597351640738926,0.9637835380850788
665,0,350.13306,1369,5352.7109,2.0143156,3,51.28307,1.0837974115634033,0.0,242.69374335982616,0.99685311,0.0,0.0,True,1.0577141210943823,0.0
666,16737,464.24643,1369,4036.9961,2.0194926,4,87.996887,1.4368475901945885,1.1711750996146122,4515.027078896011,1.1140649,1.060802,0.0,True,1.340012783136212,1.1380631697302286
667,3817,363.19382,1369,5160.2227,3.9827251,5,87.219856,1.1242098898775406,0.9646949293005811,2995.5296087830843,1.0495639,0.92641884,0.0,True,1.1018160929142784,0.9532121025104068
668,40118,467.75458,1369,4006.7188,2.009685,4,28.800468,1.447699901796639,1.2776032636322614,4958.0255920374975,1.1277763,1.167134,0.0,True,1.3517228212576473,1.244462484542583
669,1423,413.16345,1369,4536.125,3.0891328,5,58.014111,1.2788148878865921,0.8623281409541372,3000.3628512695386,1.0961196,0.87014377,0.0,True,1.2240063015206144,0.864672829667896
670,17,317.92215,1369,5895.0312,4.0213094,4,28.462996,0.9841260146445114,0.33290109341991597,936.1023708003999,0.97990525,0.21538016,0.0,True,0.982859785251158,0.29764481339394117
671,2474,339.55243,1369,5519.5039,2.9384937,4,39.111168,1.0510581751269508,0.9068551156175926,2653.398384649424,0.99594009,0.86911529,0.0,True,1.0345227495888656,0.8955331679323149
672,0,276.00211,1369,6790.3867,0.92855579,1,84.674248,0.8544009741215619,0.0,191.3100843750959,0.90603006,0.0,0.0,True,0.8698896998850933,0.0
673,2461,349.37097,1369,5364.3867,3.008657,4,38.684299,1.0814393627448318,0.9092503069299638,2728.2852089027083,1.0057476,0.86972314,0.0,True,1.0587318339213823,0.8973921568509746
674,0,349.02356,1369,5369.7266,1.0073421,2,19.234598,1.0803643307331279,0.0,241.92469656299488,1.0053242,0.0,0.0,True,1.0578522915131896,0.0
675,1885,441.8457,1369,4241.6641,4.1485167,5,137.58162,1.3675497580240483,0.9028895109502042,3332.728801723849,1.1063559,0.82961881,0.0,True,1.2891916006168338,0.8809083006651429
676,8432,419.74966,1369,4464.9492,3.9796908,6,111.43545,1.2991913615427597,1.075579642191618,3794.5480221911675,1.0990723,0.99239337,0.0,True,1.2391556430799318,1.0506237605341324
677,59502,511.17984,1369,3666.3438,3.077141,5,39.688488,1.5820277840616632,1.3394362321618143,5619.808319839338,1.1208766,1.0685378,0.0,True,1.443682428843164,1.2581667025132701
678,35576,467.7482,1369,4006.7734,2.0152488,4,66.285805,1.447680183941138,1.2631190573401927,4901.759192441462,1.1277761,1.168072,0.0,True,1.3517089587587967,1.234604940138135
679,1050,415.26865,1369,4513.1289,2.9979153,4,126.72632,1.2853280474651214,0.8267567455540646,2889.625470379386,1.0898159,0.80116636,0.0,True,1.226674403225585,0.8190796298878452
680,435,375.81165,1369,4986.9688,2.9821584,3,42.475395,1.1632507730034995,0.7137416613814918,2284.9097259386454,0.98174822,0.47624454,0.0,True,1.1088000071024497,0.6424925249670442
681,79515,551.02252,1369,3401.2422,4.0383563,6,41.621658,1.7052626501547086,1.3874366224515169,6217.587198469711,1.2292199,1.3226391,0.0,True,1.562449825108296,1.3679973657160618
682,282705,645.00354,1369,2905.6602,2.9580305,5,99.478973,1.9959078482039756,1.5738505243085805,8096.191701139663,1.2546359,1.4525561,0.0,True,1.7735262637427829,1.5374621970160063
683,45899,474.42047,1369,3950.4219,4.0036306,5,50.022675,1.4683204273031534,1.2960376609325175,5092.544221222342,1.1247444,1.1150548,0.0,True,1.3652476191122074,1.2417428026527622
684,301153,645.3089,1369,2904.2852,3.0558834,5,166.99135,1.9968521372542314,1.5818704177568557,8140.817224068106,1.2531533,1.4610084,0.0,True,1.7737424860779618,1.545611812429799
685,84875,547.72504,1369,3421.7188,3.1702709,5,55.374516,1.6950638040397303,1.3944294002054143,6216.108709289657,1.2333611,1.3801836,0.0,True,1.5565529928278112,1.39015566014379
686,49194,473.61963,1369,3957.1016,3.0161321,5,33.707043,1.4658431127633453,1.3041422886619696,5116.781688616341,1.125051,1.1159436,0.0,True,1.3636054789343417,1.2476826820633786
687,3177,420.026,1369,4462.0117,4.0367904,5,103.29027,1.3000462819329843,0.9595408532134025,3387.224895953521,1.0991467,0.99751365,0.0,True,1.239776407353089,0.9709326922493817
688,3521,383.63144,1369,4885.3164,2.9985967,4,64.26545,1.1874454891216664,0.9614085636697632,3133.1441258352256,1.007621,0.91881323,0.0,True,1.1334981423851664,0.9486299635688342
689,45184,471.78934,1369,3972.4531,2.0489414,4,15.053499,1.4601812292338638,1.2932743157637014,5056.894131150876,1.1256356,1.1188194,0.0,True,1.3598175404637047,1.240937841034591
690,24029,464.07309,1369,4038.5039,4.0327606,6,87.922073,1.4363113999445318,1.2146683869021275,4681.1516394608325,1.1136709,1.0273451,0.0,True,1.3395192499611723,1.1584714008314894
691,539,403.97079,1369,4639.3477,3.9967504,5,51.270432,1.2503742852728617,0.7451838690257836,2542.357557876843,1.0665685,0.73573405,0.0,True,1.1952325496910032,0.7423489233180486
692,27972,441.40991,1369,4245.8516,3.2651258,5,336.99918,1.3662016378091788,1.2255805466797627,4519.6096578852375,1.1141137,0.98800915,0.0,True,1.2905752564664252,1.154309127675834
693,2367,404.33066,1369,4635.2188,4.0261006,6,50.775146,1.251487597067954,0.9203650945137958,3141.739476484837,1.0668961,0.85646605,0.0,True,1.1961101479475678,0.9011953811596569
694,2489,404.13687,1369,4637.4414,3.1803553,5,55.905373,1.250888051542227,0.9262633100833251,3160.527947722375,1.0668113,0.89467806,0.0,True,1.195665026079559,0.9167877350583276
695,15552,463.53418,1369,4043.1992,2.0183644,4,79.675262,1.4346442600627285,1.162117895881597,4474.0657986338565,1.1141132,1.0630487,0.0,True,1.3384849420439098,1.132397137117118
696,5353,363.19849,1369,5160.1562,3.9881077,6,79.366089,1.1242243721897336,1.0042454787827992,3118.344504445853,1.049564,0.95108497,0.0,True,1.1018262605328135,0.9882973261479595
697,20338,462.53543,1369,4051.9297,4.0569301,6,80.151825,1.431554625402197,1.1941101726691523,4588.5108875028245,1.1137556,1.0248491,0.0,True,1.336214917781538,1.1433318508684067
698,209,361.19675,1369,5188.7539,3.1621714,4,78.795853,1.1180306223129441,0.6250398307106646,1933.0737642726215,1.0909375,0.77943426,0.0,True,1.1099026856190608,0.6713581594974652
699,432,349.69104,1369,5359.4766,4.0258965,5,51.930176,1.082429756961047,0.7069534911283887,2123.689259095886,1.0047017,0.4873476,0.0,True,1.059111339872733,0.641071723789872
700,952,382.5834,1369,4898.6992,3.05652,4,46.050858,1.1842028200976589,0.8072664109482331,2624.7760336791684,1.0056008,0.62379867,0.0,True,1.130622214068361,0.7522260886637632
701,0,298.57944,1369,6276.9258,1.9921012,2,38.982784,0.9242698509178657,0.0,206.95949700916734,0.91231811,0.0,0.0,True,0.9206843286425059,0.0
702,56733,509.41104,1369,3679.0742,3.0658765,5,52.521896,1.5765565967375341,1.3330678764844923,5576.08791495314,1.1201514,1.0673784,0.0,True,1.4396350377162739,1.2533610335391447
703,5112,379.95837,1369,4932.543,2.9739375,4,50.110348,1.1760809082199388,1.0041536586866655,3244.7446099656318,1.009176,0.93820798,0.0,True,1.1260094357539572,0.9843699550806658
704,3452,400.66208,1369,4677.6602,2.6947637,4,31.167315,1.2401374384170758,0.9640055909440876,3264.309460092974,1.0739219,0.91497475,0.0,True,1.190272776891953,0.9492963386608613
705,0,299.75467,1369,6252.3164,2.0195394,2,52.074135,0.9279066554884146,0.0,207.7741043701768,0.90941161,0.0,0.0,True,0.9223581418418901,0.0
706,2896,379.80075,1369,4934.5898,2.9897394,5,47.788212,1.1755932836652423,0.9373045698831238,3027.6865503021545,1.009174,0.90052783,0.0,True,1.1256674985656696,0.9262715479181867
707,30204,467.37,1369,4010.0156,3.045938,5,48.162533,1.446510281039371,1.2432676797043425,4821.293510679852,1.1279221,1.1692533,0.0,True,1.3509338267275597,1.2210633657930399
708,0,379.86542,1369,4933.75,2.051126,3,31.840206,1.1757933066079806,0.0,263.3026448652194,1.0068638,0.0,0.0,True,1.1251144546255865,0.0
709,6088,420.78412,1369,4453.9727,3.1600986,5,72.524857,1.302391689493596,1.0371346987380847,3666.8825494588505,1.0938466,0.96190912,0.0,True,1.2398281626455172,1.0145670251166594
710,84500,542.73059,1369,3453.207,3.0464818,5,41.140541,1.6796162467517406,1.3923196187483984,6157.023721608316,1.2371681,1.3811349,0.0,True,1.5468818027262186,1.388964203123879
711,3438,422.45956,1369,4436.3086,4.004262,5,103.58055,1.3075751003637603,0.9695986910492076,3440.183989940461,1.0937197,0.88803506,0.0,True,1.2434184802546322,0.9451296017344453
712,4967,382.79187,1369,4896.0312,2.9983091,4,121.54547,1.1848478656261603,1.0016453117969626,3257.9316114876297,1.0098745,0.82905173,0.0,True,1.1323558559383122,0.9498672372578738
713,3804,335.52939,1369,5585.6836,2.93507,4,36.178577,1.0386095972023792,0.9554467382912574,2766.216374033386,0.99424624,0.80675554,0.0,True,1.0253005900416654,0.9108393788038802
714,8919,420.83691,1369,4453.4141,4.0489001,6,42.914108,1.3025549775699505,1.082592630593318,3828.0012673537167,1.0988567,1.0004593,0.0,True,1.2414454942989654,1.0579526314153225
715,47249,471.25873,1369,3976.9258,2.9928586,5,87.859085,1.4585398433643424,1.2984900433626214,5072.265674818889,1.1259338,1.1237034,0.0,True,1.3587580303550397,1.2460540503538349
716,8434,421.91235,1369,4442.0625,4.0579576,6,121.99611,1.3058821321910619,1.076265495978435,3814.198835455216,1.0959367,0.98797721,0.0,True,1.2428985025337433,1.0497790101849045
717,2737,334.71387,1369,5599.293,3.0537238,5,41.802399,1.0360860988865144,0.9170485513071864,2649.37681813146,0.99404413,0.82848239,0.0,True,1.02347350822056,0.8904787029150305
718,80438,543.32428,1369,3449.4336,2.9916022,5,77.382622,1.6814525457161746,1.386459268385632,6136.992725362554,1.2371751,1.3817009,0.0,True,1.5481693120013222,1.3850317578699425
719,8417,423.98309,1369,4420.3672,3.047204,5,62.381874,1.3122885438120881,1.0766524579912782,3832.063609437639,1.0962549,0.99719459,0.0,True,1.2474784506684617,1.0528150975938946
720,0,343.71252,1369,5452.6992,4.0304389,4,122.89571,1.0639306770738781,0.0,238.2433641611538,1.0049331,0.0,0.0,True,1.0462314039517147,0.0
721,2232,334.59015,1369,5601.3633,2.0448308,4,38.428036,1.0357032914660989,0.8933880870841205,2580.208329826463,0.99463212,0.85161841,0.0,True,1.0233819400262691,0.8808571839588843
722,47257,470.48837,1369,3983.4375,2.9925485,5,38.526054,1.456156774028031,1.29825441990203,5064.053764630016,1.126232,1.1245466,0.0,True,1.3571793418196219,1.2461420739314208
723,1690,391.00739,1369,4793.1602,4.0261168,4,43.377728,1.2102665126996885,0.8769999591106772,2906.6185520007034,1.0923787,0.70898741,0.0,True,1.174900168889782,0.826596194377474
724,76359,543.32428,1369,3449.4336,2.0813651,4,13.671565,1.6814525457161746,1.380071494905217,6108.71841764601,1.2371751,1.3817711,0.0,True,1.5481693120013222,1.3805813764336519
725,8316,423.72736,1369,4423.0352,3.0403271,4,40.662251,1.3114973216688401,1.0751373343812838,3824.6382020783312,1.096413,1.0115736,0.0,True,1.246972025168188,1.0560682140668987
726,69810,532.59106,1369,3518.9492,2.3585496,4,18.232529,1.648254911797745,1.3657231749369982,5940.286978951369,1.2463589,1.3831973,0.0,True,1.5276861082584214,1.3709654124558988
727,818,333.98389,1369,5611.5312,3.0356703,4,31.884764,1.0338273016261743,0.777017953314946,2240.79956275335,0.99602139,0.86420488,0.0,True,1.022485528138322,0.8031740313204623
728,7644,422.43835,1369,4436.5312,3.0784752,4,45.067406,1.3075095232157747,1.0647158104705419,3777.417498300898,1.1113174,1.0727443,0.0,True,1.2486518862510423,1.0671243573293794
729,25778,455.86203,1369,4111.2461,3.0518789,5,72.401154,1.4109104274335398,1.2205068607376863,4630.3521399113615,1.1254153,1.0324615,0.0,True,1.3252618892034778,1.1640932525163805
730,8687,422.42349,1369,4436.6875,3.0227449,5,122.18277,1.3074634817365136,1.0799394678541026,3831.302118911465,1.1113172,1.0630512,0.0,True,1.2486195972155594,1.074872987497872
731,1985,350.74274,1369,5343.4062,4.0313325,6,48.922066,1.0856839678695214,0.8846363839561007,2663.674085617229,1.0056386,0.82417595,0.0,True,1.061670357508665,0.8664982537692705
732,51,348.08511,1369,5384.2031,4.0335541,5,56.729759,1.0774606351346723,0.4598864230458983,1381.9994974609008,1.0047305,0.77665502,0.0,True,1.0556415945942705,0.5549170021321288
733,13797,463.16412,1369,4046.4297,1.9956465,4,163.92421,1.4334994660004448,1.1475919450161143,4415.043149912518,1.1141376,1.0661058,0.0,True,1.3376909062003113,1.12314610151128
734,6728,363.1853,1369,5160.3438,4.0389571,6,165.17767,1.1241835177832096,1.0309780826939394,3201.2352388451895,1.0495636,0.96958375,0.0,True,1.1017975424482467,1.0125597828857575
735,14212,461.41934,1369,4061.7305,4.002583,6,163.68901,1.428102039023095,1.1506370784425564,4412.083734245591,1.113829,1.0205353,0.0,True,1.3338201273161665,1.1116065449097894
736,2523,361.90131,1369,5178.6523,2.0118136,4,163.1579,1.1202106370061433,0.9159021172174164,2835.1335385998614,1.091934,0.90872157,0.0,True,1.1117276459043004,0.9137479530521915
737,3156,350.26263,1369,5350.7305,4.0141039,5,51.712841,1.0841983942756583,0.9384813475488424,2822.30916041184,1.0052819,0.83560777,0.0,True,1.060523445992961,0.9076192742841896
738,2078,350.64969,1369,5344.8242,4.0246916,6,49.019939,1.085396039968986,0.8899401451690708,2679.006822067446,1.0063818,0.8239727,0.0,True,1.06169176797829,0.8701499116183495
739,198,349.03699,1369,5369.5195,4.0033484,5,56.546364,1.080405984394237,0.6162850877673208,1849.3087456846533,1.0056655,0.78105968,0.0,True,1.0579838390759662,0.6657174654371246
740,4745,362.51984,1369,5169.8164,2.0356998,4,60.770035,1.1221244847536238,0.9899294348674462,3068.827643894325,1.0929301,0.95524836,0.0,True,1.1133661693275367,0.9795251124072124
741,9818,298.46948,1369,6279.2383,4.8898363,5,63.433578,0.9239295718314557,1.0510655638837758,2743.5841105787613,0.97901398,0.74610013,0.0,True,0.940454894282019,0.9595759337186431
742,10,229.07478,1369,8181.4375,5.023509,5,64.337868,0.7091667545686444,0.26613740254558704,569.2294441207232,0.96448338,0.75400949,0.0,True,0.7857617421980512,0.4124990287819109
743,2465,224.50514,1369,8347.9648,4.1195984,4,70.279015,0.6950235063374568,0.8649211745457225,1753.5553444575596,1.0183944,0.77695,0.0,True,0.7920347744362197,0.8385298221820057
744,0,205.56993,1369,9116.9023,0.56293786,1,3.4759657,0.6364167113721946,0.0,142.49021738740532,,,,False,0.6364167113721946,0.0
745,3548,282.34384,1369,6637.8672,3.3470631,4,22.533358,0.8740267897361473,0.9288061768271542,2308.0770026954965,0.93962336,0.0,0.0,True,0.8937057608153032,0.6501643237790079
746,18256,320.99808,1369,5838.543,2.9154024,4,36.654911,0.9936442233351148,1.1313947203118133,3149.748277010585,0.99936163,0.88981336,0.0,True,0.9953594453345804,1.0589203122182693
747,0,303.51727,1369,6174.8086,1.9801958,2,64.419876,0.9395502093249807,0.0,210.38213995175167,1.0075314,0.85629177,4.373095314692958,True,0.9599445665274865,0.25688753100000006
748,0,254.71268,1369,7357.9414,0.86207151,2,54.980743,0.7885146766372816,0.0,176.55337599486757,0.95840561,0.79105347,2.6775424138194497,True,0.8394819566460971,0.23731604100000003
749,4926,441.74277,1369,4242.6523,2.2615123,4,108.0665,1.367231377960061,1.0178167386838717,3756.0011727401074,1.1141194,0.9939512,0.0,True,1.2912977845720426,1.0106570770787102
750,54012,505.03442,1369,3710.957,4.1101761,6,48.099503,1.5630188588476357,1.3256903523527948,5503.3593430480505,1.1191994,1.0722944,0.0,True,1.429873021193345,1.2496715666469564
751,8717,420.99716,1369,4451.7188,4.0951743,6,102.69001,1.3030507927645412,1.0799153003769804,3819.8166209731894,1.0958949,0.98106676,0.0,True,1.2409040249351788,1.0502607382638862
752,9718,423.91641,1369,4421.0625,3.9405122,6,103.16389,1.3120822536625565,1.0937512578357744,3892.3754220810833,1.0962483,0.99293828,0.0,True,1.2473320675637896,1.0635073644850421
753,49923,497.30478,1369,3768.6367,3.0646353,5,45.978588,1.5391092472765517,1.313650260902651,5379.980942179457,1.1222116,1.0750786,0.0,True,1.414039953093586,1.2420787626318557
754,46916,497.29858,1369,3768.6836,2.026825,4,80.282745,1.5390901037388396,1.306104904166438,5349.021441288494,1.1222115,1.076085,0.0,True,1.4140265226171878,1.2370989329165067
755,1408,352.41995,1369,5317.9766,2.9486163,3,49.074249,1.0908735600623396,0.8451203178244927,2555.5186364727865,1.005028,0.76898319,0.0,True,1.0651198920436378,0.8222791794771449
756,738,301.55692,1369,6214.9492,1.9582398,3,87.060799,0.9334838722970973,0.7561705952511694,1992.2810816673602,0.91447967,0.71223944,0.0,True,0.9277826116079682,0.7429912486758186
757,26620,466.68353,1369,4015.9141,2.9756148,5,290.74973,1.4443867311872947,1.2278276557845929,4755.268665103927,1.1282182,1.1706032,0.0,True,1.3495361718311063,1.210660319049215
758,43817,470.08963,1369,3986.8164,2.0249918,4,126.05505,1.4549232732522712,1.2890067339266278,5024.2346619187,1.1263824,1.124892,0.0,True,1.3563610112765898,1.2397723137486394
759,912,365.67294,1369,5125.2383,3.9523678,4,49.171982,1.1318806487091386,0.7979774002483829,2493.0961494855187,1.0019801,0.81877923,0.0,True,1.092910484096397,0.804217949173868
760,44765,497.3089,1369,3768.6055,1.998991,4,132.50145,1.539121982686956,1.3004093781982708,5325.793670374598,1.1222116,1.080345,0.0,True,1.4140488678808691,1.2343900647387898
761,0,323.34286,1369,5796.2031,1.9950793,2,136.11278,1.0009000569659834,0.0,224.1241917631891,0.98384631,0.0,0.0,True,0.9957839328761884,0.0
762,70256,528.79443,1369,3544.2148,1.7924247,4,90.72567,1.636511644215782,1.3653079479296832,5901.30853749064,1.2564187,1.3855338,0.0,True,1.5224837609510473,1.3713757035507783
763,24345,456.24438,1369,4107.8008,4.0038748,6,40.238094,1.4120932121796124,1.21375675453365,4608.143024499827,1.1254214,1.0302843,0.0,True,1.3260916685257287,1.158715018173555
764,0,343.57443,1369,5454.8906,2.0036693,3,53.248554,1.063503419528026,0.0,238.1476474669903,1.0050135,0.0,0.0,True,1.0459564436696183,0.0
765,19336,455.76071,1369,4112.1602,2.5371592,5,34.433002,1.4105969459065646,1.1859243068635918,4498.279521089002,1.1252227,1.0184804,0.0,True,1.3249846721345953,1.1356911348045142
766,57752,527.91583,1369,3550.1133,2.3058398,4,70.202003,1.6337941171781714,1.3410585263670391,5788.041650454954,1.2564044,1.3855255,0.0,True,1.52057720202472,1.3543986184569274
767,10297,419.64505,1369,4466.0625,4.0404639,5,106.69941,1.2988676441053233,1.0993191681323395,3877.4372067437866,1.0923694,0.91203213,0.0,True,1.2369181708737262,1.0431330566926378
768,0,447.49362,1369,4188.1289,1.4649864,2,11.387821,1.385022263417801,0.0,310.17894102156356,1.1071573,0.0,0.0,True,1.3016627743924607,0.0
769,15731,418.16705,1369,4481.8477,3.9614799,5,95.437897,1.2942950343943085,1.1492535309310907,4040.9638513255545,1.1322547,1.0078105,0.0,True,1.245682934076016,1.1068206216517633
770,8613,393.92786,1369,4757.625,4.1365371,5,73.078674,1.2193023217355026,1.0700283920402374,3569.4828193838935,1.1103288,0.97813791,0.0,True,1.1866102652148518,1.0424612474281663
771,21,298.70642,1369,6274.2578,2.1927295,4,133.36874,0.92466275255461,0.3534765647184673,936.5922521709032,0.910752,0.22908412,0.0,True,0.920489526788227,0.3161588313029271
772,491,366.3204,1369,5116.1797,2.9808178,3,47.662579,1.1338839496179358,0.7257534860954418,2271.373000838988,1.0030332,0.62885076,0.0,True,1.094628724732555,0.6966826682668092
773,489,361.01276,1369,5191.3984,2.9817073,3,356.18146,1.117461316484085,0.7240399820235838,2236.9953967608926,1.0491779,0.81313896,0.0,True,1.0969762915388594,0.7507696754165086
774,2457,349.77899,1369,5358.1289,2.9956758,3,51.235718,1.082701912838391,0.9091844732310557,2730.9029769812373,1.0053,0.86965704,0.0,True,1.0594813389868738,0.897326243261739
775,0,278.90176,1369,6719.7891,0.99677122,1,70.902374,0.8633745758387958,0.0,193.31996859720655,0.90786558,0.0,0.0,True,0.8767218770871571,0.0
776,39505,470.09329,1369,3986.7852,1.9853554,4,131.70654,1.4549346535607737,1.2765141639057282,4975.576983788414,1.1263825,1.1272527,0.0,True,1.3563690074925416,1.2317357247340097
777,306,366.67456,1369,5111.2383,4.1247215,4,51.987614,1.134979727639594,0.6706080521087492,2101.081816677931,1.0024596,0.75066078,0.0,True,1.0952236893477159,0.6946238704761245
778,33,291.47617,1369,6429.8945,2.4763753,4,37.886368,0.9022880914931581,0.40213116577660296,1036.2992359798588,0.90074551,0.26113272,0.0,True,0.9018253170452107,0.35983163204362206
779,42316,496.88809,1369,3771.7969,2.0184715,4,76.70433,1.5378203880262717,1.293444927957565,5293.33282617159,1.1224127,1.0834099,0.0,True,1.4131980816183902,1.2304344195702956
780,1495,351.51236,1369,5331.707,4.1061115,4,57.249935,1.0880653573753378,0.851847975158285,2569.983628782731,1.004568,0.79043627,0.0,True,1.0630161501627364,0.8334244636107995
781,1897,298.59283,1369,6276.6445,2.1423562,4,28.441746,0.9243112606694551,0.8631785845995256,2254.101970525512,0.91026628,0.84584695,0.0,True,0.9200977664686186,0.8579790942196679
782,34815,470.08868,1369,3986.8242,1.994025,4,27.611208,1.4549204282029629,1.2612710898705686,4916.122097666026,1.1263824,1.1268227,0.0,True,1.356359019742074,1.220936572909398
783,8697,363.41391,1369,5157.0977,3.0038033,5,131.4274,1.1248908531215334,1.0610779348409576,3296.514260491715,1.0499401,0.99721599,0.0,True,1.1024056271850733,1.0419193513886702
784,7404,462.77679,1369,4049.8164,3.0184996,5,171.87993,1.4323012792707834,1.072557031444866,4123.362376247839,1.1141635,1.0604891,0.0,True,1.3368599454895485,1.068936652011406
785,12298,461.42465,1369,4061.6836,2.9847865,5,131.74968,1.4281185211098475,1.1332334422069856,4345.399523173182,1.1138315,1.0234238,0.0,True,1.3338324147768934,1.10029054954489
786,1953,350.55234,1369,5346.3086,3.0007682,4,50.114826,1.0850947929762955,0.8826882576802005,2656.5366282170494,1.0083406,0.81756783,0.0,True,1.062068535083407,0.8631521293761404
787,4130,350.75018,1369,5343.293,2.997005,4,51.230335,1.0857069599534284,0.9699581608321356,2920.5272769795442,1.0085537,0.84585434,0.0,True,1.0625609819673998,0.9327270145824949
788,2,346.86237,1369,5403.1836,4.0025783,4,49.798431,1.0736770926875343,0.1278154871028439,480.8533476156811,0.99670261,0.0,0.0,True,1.050584747881274,0.08947084097199073
789,6028,363.52954,1369,5155.457,3.0093689,5,112.25747,1.125248705532657,1.01824245325448,3164.343713311306,1.094411,0.98674053,0.0,True,1.1159973938728598,1.008791876278136
790,10501,363.41748,1369,5157.0469,2.9956021,5,39.862446,1.1249019296743243,1.0831260855858162,3365.033705172261,1.0499401,1.0139683,0.0,True,1.102413380772027,1.0623787499100714
791,367,361.19565,1369,5188.7695,3.9928479,4,111.55941,1.118027262256654,0.6906137273742158,2134.954035862037,1.0505413,0.71901739,0.0,True,1.0977814735796578,0.699134826161951
792,8542,487.38452,1369,3845.3438,4.0076537,6,51.51947,1.5084229834334901,1.096599745460092,4412.2845349278605,1.1821812,1.2829924,0.0,True,1.410550448403443,1.1525175418220643
793,14397,416.36853,1369,4501.207,3.9853358,6,30.360067,1.288730856274282,1.1381326074345963,3986.6928831733258,1.133652,1.0110297,0.0,True,1.2422071993919974,1.1000017352042173
794,9416,414.59259,1369,4520.4883,4.1952724,6,38.025826,1.2832364459826997,1.0871129558355737,3793.6789272699225,1.086827,0.89947498,0.0,True,1.2243136121878897,1.0308215630849016
795,12078,415.72672,1369,4508.1562,3.0901003,5,10.718363,1.2867451936787335,1.117052386718465,3907.542849666815,1.1343359,1.0127045,0.0,True,1.2410224055751136,1.0857480207029253
796,6209,375.73279,1369,4988.0156,4.224895,6,21.007481,1.1630067475320802,1.0256619320256113,3281.679191635674,1.0921327,0.95725453,0.0,True,1.141744533272456,1.005139711417928
797,49744,527.92859,1369,3550.0273,2.3159242,4,60.854149,1.6338336738263077,1.3228049796148917,5709.381581437837,1.2564046,1.3859128,0.0,True,1.5206049516784153,1.3417373257304241
798,6269,323.91766,1369,5785.918,3.3412876,4,16.39834,1.002678651129878,1.009214417418113,2832.2359642898964,1.0092535,0.84551036,0.0,True,1.0046511057909147,0.960103200192679
799,1368,362.72018,1369,5166.9609,4.144567,6,33.265163,1.1227443823555217,0.8445978751897152,2619.7704464090616,1.0700461,0.82631373,0.0,True,1.106934897648865,0.8391126316328006
800,33,296.3212,1369,6324.7617,4.5837593,5,24.592325,0.9172815554425483,0.4028882263743362,1053.5250039982168,0.95537502,0.26227629,0.0,True,0.9287095948097839,0.36070464546203534
801,4143,415.33264,1369,4512.4336,2.7987537,4,63.204395,1.285526009971736,0.9897995132088983,3459.5788755008957,1.1348628,1.0079541,0.0,True,1.2403270469802152,0.9952458892462288
802,1935,332.30957,1369,5639.8047,5.1779175,6,27.102051,1.0286463501812357,0.8761587942865064,2515.2164632816434,1.0326709,0.85211104,0.0,True,1.029853715126865,0.8689444680005546
803,4923,316.39044,1369,5923.5703,2.0039983,4,10.683406,0.9793862057615519,0.97866695222489,2689.976690880466,0.99219501,0.8093645,0.0,True,0.9832288470330863,0.927876216557423
804,9698,404.1246,1369,4637.582,5.5187569,6,33.653709,1.2508501440626205,1.0873171094945386,3709.815803647651,1.0735196,0.90532398,0.0,True,1.1976509808438345,1.032719170646177
805,34,369.29736,1369,5074.9375,3.0544329,4,28.20075,1.1430949884827892,0.4166752070559707,1323.384083481844,1.0634162,0.26655632,0.0,True,1.1191913519379524,0.3716395409391795
806,293,360.78146,1369,5194.7266,3.5557032,4,26.208792,1.116745647748785,0.6642818256735479,2051.7552720443005,1.0377135,0.57619196,0.0,True,1.0930360034241495,0.6378548659714836
807,186,308.29037,1369,6079.207,4.3685064,5,32.025204,0.9543207151294703,0.6003712647441938,1614.3446302043712,0.94972956,0.37730438,0.0,True,0.9529433685906292,0.5334511993209357
808,7562,411.54633,1369,4553.9492,2.4347758,4,22.064951,1.2738117916438447,1.060136514475593,3675.584239784852,1.1504874,1.0573833,0.0,True,1.2368144741506915,1.059310550132915
809,4135,314.77612,1369,5953.9492,3.113601,5,15.848909,0.9743907508630767,0.958028512991768,2621.3693311011975,0.99836373,0.86995405,0.0,True,0.9815826446041538,0.9316061740942376
810,2390,351.17044,1369,5336.8984,3.9094391,5,59.315678,1.0870073521328558,0.9063848882310009,2732.065679008766,1.1034967,0.97635639,0.0,True,1.091954156492999,0.9273763387617007
811,2708,318.49472,1369,5884.4336,4.9611273,6,39.557854,0.9858977791052193,0.9105772858481931,2517.606459732123,0.98749644,0.82937181,0.0,True,0.9863773773736535,0.8862156430937352
812,8,306.14673,1369,6121.7734,3.3667943,4,15.72156,0.9476872238757791,0.25197249153961454,704.9288967668731,0.99826723,0.16395614,0.0,True,0.9628612257130453,0.22556758607773017
813,445,347.10477,1369,5399.4102,2.9352486,4,31.153332,1.074427158502115,0.7097850535267709,2118.227197394866,1.0974156,0.81289673,0.0,True,1.0813236909514805,0.7407185564687396
814,51511,529.96844,1369,3536.3633,1.6805633,4,43.755966,1.6401430042783738,1.3277001406844522,5749.940012406362,1.2564373,1.3871307,0.0,True,1.5250312929948617,1.3455293084791164
815,8825,461.03625,1369,4065.1055,3.0470204,5,40.31601,1.4269169592700117,1.0931934510455807,4188.777345524409,1.1138569,1.0188017,0.0,True,1.3329989414890082,1.0708759257319065
816,19703,466.67038,1369,4016.0273,3.0180926,5,111.42089,1.4443460384379023,1.1915677778262728,4614.729641597736,1.1282179,1.1701958,0.0,True,1.3495075969065318,1.1851561844783909
817,24550,487.35532,1369,3845.5742,4.009625,6,49.867123,1.5083326562202077,1.2244636021215494,4926.454935885129,1.1821809,1.2823703,0.0,True,1.4104871293541454,1.2418356114850846
818,31528,489.21185,1369,3830.9805,4.0225368,6,57.150379,1.5140754859280763,1.2553431061774682,5067.596223474949,1.1821753,1.2813069,0.0,True,1.4145054301496534,1.2631322443242277
819,0,363.83722,1369,5151.0977,2.012558,3,49.386612,1.1262006177547033,0.0,252.19274322576854,1.0495715,0.57702094,10.580096772578944,True,1.1032118824282922,0.17310628200000003
820,44498,489.20038,1369,3831.0703,2.9986887,5,50.135796,1.5140400146301363,1.2970957508484016,5236.031261053997,1.1821797,1.2762562,0.0,True,1.4144819202410954,1.290843885593881
821,4882,460.27994,1369,4071.7852,3.0176241,5,70.403,1.4245772735121973,1.021767236766206,3909.488856136748,1.1135974,1.0179302,0.0,True,1.331283311458538,1.0206161257363442
822,48040,490.43149,1369,3821.4531,3.0321167,5,51.305634,1.5178483065714448,1.306774997303353,5286.768533815529,1.1822175,1.2764013,0.0,True,1.4171590646000114,1.297662888112347
823,2140,365.6629,1369,5125.3789,3.0109177,5,49.122025,1.1318496109367577,0.8977451558563722,2804.4498750197013,1.0937753,1.0954076,0.0,True,1.1204273176557304,0.9570438890994605
824,3557,314.12054,1369,5966.375,2.9863479,5,49.129707,0.972362127562417,0.9404853939653531,2568.6374379433,0.99566513,0.87234294,0.0,True,0.979353028293692,0.9200426577757472
825,12247,403.23642,1369,4647.7969,2.8613169,5,69.125793,1.2481022156237276,1.1146652118595943,3795.744899379738,1.06559,0.94442552,0.0,True,1.1933485509366093,1.063593304301716
826,43075,529.96613,1369,3536.3789,2.0009456,4,13.864773,1.6401357732181652,1.3058130790477458,5655.133162094209,1.2564373,1.3874612,0.0,True,1.5250262312527156,1.330307515333422
827,8642,388.81528,1369,4820.1836,3.0165563,4,80.102707,1.2034842085005517,1.0687775621230797,3524.4630424178563,1.1075351,0.96031016,0.0,True,1.1746994759503862,1.0362373414861559
828,490,312.87735,1369,5990.082,2.9949267,4,32.033051,0.968515085923447,0.7123691542201952,1939.3635948475144,0.95688921,0.44283009,0.0,True,0.965027323146413,0.6315074349541366
829,2322,313.7352,1369,5973.7031,3.0164402,4,10.218834,0.9711697043801157,0.891323543837341,2431.7756902959068,0.99451137,0.70342034,0.0,True,0.978172204066081,0.8349525826861387
830,3,302.81155,1369,6189.1992,4.0037441,4,10.546323,0.937366352723773,0.15877758827130128,487.3563888929342,0.98922467,0.10337461,0.0,True,0.9529238479066411,0.14215669478991091
831,3173,312.87878,1369,5990.0547,3.2465239,4,39.298504,0.9685194985103092,0.9269277334610327,2522.761286759175,0.95688921,0.86761242,0.0,True,0.9650304119572164,0.9091331394227229
832,3914,388.12769,1369,4828.7227,2.0131052,4,32.015297,1.2013568514479915,0.975198777051072,3210.9128465687613,1.1065123,0.92584538,0.0,True,1.172903486013594,0.9603927579357505
833,459,387.81616,1369,4832.6016,3.0797048,4,35.181644,1.2003929782115534,0.7227014781632263,2378.6308767864753,1.1060107,0.44176391,0.0,True,1.1720782947480872,0.6384202077142583
834,1156,366.08673,1369,5119.4453,3.9168351,4,45.469585,1.1331609483538447,0.8258126649274642,2582.5404072955057,1.0022963,0.76626086,0.0,True,1.0939015538476913,0.8079471234492249
835,3365,299.11218,1369,6265.7461,2.1309037,4,10.653072,0.9259184594427557,0.9288770824244916,2429.3225493200425,0.91173369,0.89512175,0.0,True,0.9216630286099291,0.9187504826971442
836,0,352.25565,1369,5320.457,4.0273428,4,57.680393,1.090365185306399,0.0,244.16501063381088,1.0044866,0.0,0.0,True,1.0646016097144793,0.0
837,5326,305.12051,1369,6142.3633,1.8761133,3,16.993252,0.9445115026141668,0.9836177678432599,2618.1570836455535,0.91994625,0.92433953,0.0,True,0.9371419268299168,0.965834296490282
838,6954,351.39499,1369,5333.4883,2.8821924,3,54.492825,1.087702097123958,1.0308649543434611,3108.9179349686488,1.0060298,0.9527635,0.0,True,1.0632004079867705,1.007434518040423
839,38501,496.47882,1369,3774.9062,3.0052567,5,67.017647,1.5365543928759313,1.2818454927325966,5242.067370772717,1.1226368,1.0861789,0.0,True,1.412379115013152,1.2231455149128176
840,32423,470.08408,1369,3986.8633,2.0297675,4,29.355366,1.4549061666491157,1.2526851383479618,4882.615266792354,1.1263822,1.1279153,0.0,True,1.356348976654381,1.2152541868435733
841,2492,382.52209,1369,4899.4844,2.9957995,3,50.082138,1.184013115106587,0.9204171225282559,2991.9512758834517,1.1069669,0.87624115,0.0,True,1.160899250574611,0.9071643307697792
842,0,299.332,1369,6261.1445,0.99753457,1,74.212227,0.9265987417487079,0.0,207.48113185136953,0.98997527,0.0,0.0,True,0.9456117002240956,0.0
843,58927,489.94922,1369,3825.2148,3.0231628,5,51.53471,1.516356441005177,1.331377792456999,5381.645646097635,1.1820161,1.2713466,0.0,True,1.416054338703624,1.3133684347198993
844,26851,469.70947,1369,3990.043,3.0228841,5,49.399975,1.4537473201291522,1.2298258226678043,4790.159564473549,1.1265353,1.1308587,0.0,True,1.3555837140904066,1.200135685867463
845,74732,489.59024,1369,3828.0195,4.0245638,6,103.06735,1.5152460224002362,1.3600571770565735,5494.03010667714,1.1820252,1.2664413,0.0,True,1.4152797756801654,1.3319724139396014
846,14215,407.98618,1369,4593.6875,2.3243237,4,11.513395,1.26279731010656,1.1338811743824992,3901.242884422284,1.0896024,0.98886037,0.0,True,1.210838837074592,1.0903749330677495
847,16184,413.1051,1369,4536.7656,3.5934534,5,24.991938,1.27863439634123,1.1509636935735201,4003.7741242679335,1.0977945,1.0029668,0.0,True,1.224382427438861,1.106564625501464
848,40345,529.96381,1369,3536.3945,3.0868702,5,104.9594,1.640128542221717,1.2978001309500455,5620.410525585265,1.2564373,1.3876692,0.0,True,1.5250211695552018,1.3247608516650318
849,92183,524.68225,1369,3571.9922,4.2222261,5,98.955162,1.6237925234113104,1.3972055107285586,5997.932795042365,1.1084939,1.1491526,0.0,True,1.469202936387917,1.322789637509991
850,4506,371.22119,1369,5048.6367,4.3072186,5,30.425287,1.1490475672285716,0.9866219900386712,3123.309898831333,0.9956857,0.91952819,0.0,True,1.1030390070600002,0.9664938500270699
851,83744,487.19199,1369,3846.8633,3.9532199,6,75.18721,1.5078274702794305,1.373039737798522,5522.58608677329,1.1279105,1.1641643,0.0,True,1.3938523791956012,1.3103771064589653
852,96087,530.92377,1369,3530.0,3.1211853,5,50.334152,1.6430979085759743,1.4043031125888492,6091.304406920627,1.1094769,1.1495265,0.0,True,1.483011606003182,1.3278701288121944
853,3812,382.70212,1369,4897.1797,3.1963527,4,37.82497,1.184570105295452,0.9704772513484896,3155.9276924031983,0.9910478,0.91482258,0.0,True,1.1265134137068165,0.9537808499439427
854,2035,317.75119,1369,5898.2031,2.4551206,4,41.541718,0.9835969567031245,0.877440977752199,2421.020484893833,0.93307871,0.86124539,0.0,True,0.9684414826921871,0.8725823014265393
855,9,329.8157,1369,5682.4492,2.2017968,3,33.178841,1.0209294883117859,0.26632826759594574,790.8635079246856,0.97249508,0.1714834,0.0,True,1.00639916581825,0.237874807317162
856,393,365.91864,1369,5121.7969,4.0248923,4,57.616776,1.1326408767471523,0.6996556467525517,2187.785747807978,1.0576967,0.78540635,0.0,True,1.1101576237230066,0.7253808577267862
857,0,439.06943,1369,4268.4844,0.5865196,2,36.195141,1.3589610146076967,0.0,304.33973747456224,,,,False,1.3589610146076967,0.0
858,0,486.1041,1369,3855.4727,2.0020964,3,0.65657544,1.504462186625544,0.0,336.9416863736297,,,,False,1.504462186625544,0.0
859,0,462.63266,1369,4051.0781,1.9979036,3,0.7071293,1.431855412085531,0.0,320.67252391394777,,,,False,1.431855412085531,0.0
860,56655,489.95621,1369,3825.1602,2.9762688,5,51.685646,1.5163780740326316,1.3266143002869897,5362.458432528404,1.1820163,1.2715299,0.0,True,1.4160695418228422,1.3100889802008928
861,0,344.25433,1369,5444.1172,2.0088594,2,26.38711,1.065607220698508,0.0,238.61891823505297,1.0145493,0.78965104,12.109343685218269,True,1.0502898444889557,0.23689531200000002
862,9026,465.81,1369,4023.4453,3.006506,5,50.181683,1.441684430065499,1.0972619263534114,4242.637603912633,1.1272792,1.1690559,0.0,True,1.3473628610458492,1.118800118447388
863,549,351.26352,1369,5335.4844,3.0003397,4,49.93251,1.0872953208238587,0.7351906079989622,2217.0821863695814,1.0082337,0.79495782,0.0,True,1.063576834576701,0.7531207715992736
864,4205,351.26428,1369,5335.4727,2.982748,4,50.051636,1.0872977042281342,0.9722199697314738,2931.126570143764,1.0082339,0.91852027,0.0,True,1.0635785629596939,0.9561100598120317
865,0,459.07672,1369,4082.457,1.0118872,2,19.150787,1.4208551621648462,0.0,318.20773412870744,,,,False,1.4208551621648462,0.0
866,0,365.2854,1369,5130.6758,1.0004865,2,79.730309,1.1306815468630107,0.0,253.19654510971182,,,,False,1.1306815468630107,0.0
867,0,463.94385,1369,4039.6289,1.0203214,2,137.85745,1.4359115981901112,0.0,321.58137156562617,,,,False,1.4359115981901112,0.0
868,161,317.7579,1369,5898.0781,3.0884082,4,42.431202,0.9836177953458517,0.5859335008084444,1618.579366932935,0.93307889,0.3777312,0.0,True,0.9684561237420962,0.5234728105659111
869,79006,484.14835,1369,3871.0469,2.2434697,4,47.471046,1.4984124806467851,1.364949979518843,5459.888313904709,1.1310775,1.1680584,0.0,True,1.3882119864527496,1.30588250566319
870,78658,487.91089,1369,3841.1953,2.4901047,4,53.110619,1.5100512360353744,1.3656943167989912,5500.165815209073,1.1820794,1.1731696,0.0,True,1.411659685224762,1.307936901759294
871,2159,359.97562,1369,5206.3555,2.5669601,4,40.121105,1.114252245855787,0.8971341231802814,2764.0102907459072,0.98896766,0.86619955,0.0,True,1.076666870099051,0.8878537512261969
872,43,287.61258,1369,6516.2695,3.0143242,3,32.662666,0.8903316766958379,0.43087754588057864,1094.8440198720652,0.89343458,0.28005636,0.0,True,0.8912625476870866,0.385631190116405
873,1971,373.97266,1369,5011.4922,3.6001747,5,32.3116,1.1575607543760298,0.8904607598744585,2837.4466921832236,0.98135507,0.86134106,0.0,True,1.104699049063221,0.881724849912121
874,4607,387.28024,1369,4839.2891,3.9574075,4,57.929256,1.1987348190155265,0.9941552380444846,3267.005555700685,0.99831378,0.84821039,0.0,True,1.1386085073108685,0.9503717836311392
875,4204,360.42804,1369,5199.8203,1.7808615,3,50.104492,1.1156521137591664,0.9751165545947312,3007.507928453727,0.97734511,0.8404122,0.0,True,1.0741600126314166,0.9347052482163118
876,5073,359.86679,1369,5207.9297,4.3793669,5,48.028996,1.1139155703176458,0.9968886157897979,3070.4128907904965,0.98896343,0.92189419,0.0,True,1.076429928222352,0.9743902880528585
877,0,334.9487,1369,5595.3672,2.4551072,3,17.212683,1.0368127738859694,0.0,232.16874703721894,0.93756288,0.0,0.0,True,1.0070378057201785,0.0
878,16844,469.3497,1369,3993.1016,3.1417525,5,54.673912,1.452634349296734,1.1734862721558617,4567.649569773571,1.0930465,1.0158828,0.0,True,1.344757994507714,1.126205230509103
879,4276,360.53555,1369,5198.2695,2.3394489,5,112.19087,1.1159848183041938,0.9771346592387696,3014.5245828296943,0.97921842,0.86519772,0.0,True,1.0749548988129356,0.9435535774671387
880,1849,344.77582,1369,5435.8828,2.9825046,4,40.464268,1.0672208332791469,0.87462541670374,2593.9144387972037,0.99084109,0.64312673,0.0,True,1.0443069102954028,0.8051758106926181
881,4916,496.09738,1369,3777.8086,3.0280406,5,46.375828,1.5353745195167663,1.031897362593509,4217.153776497318,1.1218455,1.1172228,0.0,True,1.4113158136617363,1.0574949938154563
882,82026,489.77316,1369,3826.5898,3.0318012,5,53.802433,1.5158118566502843,1.3714060901619711,5541.6931535282,1.1818355,1.2628617,0.0,True,1.4156189496551992,1.3388427731133796
883,18048,468.92218,1369,3996.7422,3.0331199,5,45.691269,1.4513118182738414,1.181681102434911,4595.859845890922,1.1263485,1.1175042,0.0,True,1.3538228227916889,1.1624280317044375
884,85336,489.87619,1369,3825.7852,3.0675645,5,49.136395,1.5161304801247315,1.3762359523896652,5562.238024007453,1.1817478,1.2628211,0.0,True,1.415815676087312,1.3422114966727656
885,4707,361.96109,1369,5177.7969,2.9870851,4,46.46888,1.1203956303943772,0.9888110727317356,3061.188496935784,1.0601699,0.97217298,0.0,True,1.102327911276064,0.983819644912215
886,339,348.92328,1369,5371.2695,4.0121374,4,53.523678,1.0800541110194344,0.6786225568965224,2034.87956254829,1.0049671,0.67530656,0.0,True,1.057528007713604,0.6776277578275657
887,0,496.1174,1369,3777.6562,0.98441917,2,185.68188,1.5354364275487122,0.0,343.8823770367306,1.1218456,1.1166192,2.25412691702105,True,1.4113591792840987,0.33498576
888,1130,362.98746,1369,5163.1562,3.0142863,3,50.130184,1.123571405854162,0.8223336484979024,2552.4338988956306,1.0009493,0.081994481,0.0,True,1.0867847740979135,0.6002318982485316
889,582,295.70975,1369,6337.8398,3.0143883,4,191.33701,0.9153893467608347,0.727396577271683,1883.6418271568893,0.91063786,0.051370222,0.0,True,0.9139639007325843,0.5245886706901781
890,14271,467.08426,1369,4012.4688,2.0158377,4,163.039,1.4456263336983315,1.1528271055729828,4468.186379152829,1.1253905,1.1149262,0.0,True,1.349555583588832,1.141456833901088
891,2364,361.95782,1369,5177.8438,2.0166695,4,163.24905,1.1203854859658782,0.9083110844522917,2812.034393556918,1.0601698,0.94749939,0.0,True,1.1023207801761146,0.9200675761166042
892,0,-1.0,1,-1.0,0.0,0,123.77896,1.0,0.0,-0.6931471805599453,0.91039938,0.0,12.403450486028262,True,0.9731198139999999,0.0
893,0,280.05746,1369,6692.0586,1.9975574,2,111.03906,0.8669511517407901,0.0,194.12103879377966,,,,False,0.8669511517407901,0.0
894,3831,360.35223,1369,5200.9141,4.5532904,6,19.485991,1.1154175720660737,0.9642376714481812,2973.4114952387195,0.98058921,0.87704962,0.0,True,1.0749690634462516,0.9380812560137268
895,313,324.64929,1369,5772.8789,4.9470978,5,26.158836,1.0049425994180312,0.6637913779711245,1867.5686228681682,0.9333269,0.53990203,0.0,True,0.9834578895926218,0.6266245735797872
896,9792,452.00372,1369,4146.3398,3.9682174,5,13.132327,1.3989745519618093,1.103078749920306,4153.699590016407,1.0778897,0.97319293,0.0,True,1.3026490963732664,1.0641130039442142
897,0,275.17548,1369,6810.7852,2.0077214,2,55.795399,0.8518427695460501,0.0,190.7371081212296,0.89506066,0.0,0.0,True,0.8648081366822351,0.0
898,7489,409.90643,1369,4572.168,2.1227698,4,20.132183,1.2687382302290475,1.0584838705199198,3656.96282658297,1.0372726,0.94419342,0.0,True,1.1992985411603332,1.0241967353639438
899,1730,345.0657,1369,5431.3164,5.8338394,6,59.494213,1.0681177729849014,0.8669803010967632,2573.1659977554764,1.0179317,0.87903273,0.0,True,1.053061951089431,0.8705960297677342
900,1375,334.98285,1369,5594.7969,3.4350078,4,18.222786,1.036918422587452,0.8374077062442677,2421.142982662246,0.96330625,0.72450018,0.0,True,1.0148347708112164,0.8035354483709874
901,35,297.62094,1369,6297.1406,3.9284256,4,45.712002,0.9213037430995493,0.40962333077059376,1074.684783424012,0.91885865,0.25702229,0.0,True,0.9205702151696846,0.36384301853941564
902,884,332.711,1369,5633.0,4.234241,5,33.56636,1.0298885205129265,0.7856481116288598,2258.015383352767,0.97414857,0.8127563,0.0,True,1.0131665353590484,0.7937805681402018
903,0,310.10144,1369,6043.7031,7.1624174,6,110.6563,0.9599250438034811,0.0,214.94593882357907,0.92494285,0.051429629,0.0,True,0.9494303856624368,0.015428888700000002
904,879,364.58896,1369,5140.4766,5.7887301,6,90.534187,1.1285266350245213,0.7933923347052189,2472.2987475401405,0.98782116,0.56176054,0.0,True,1.086314992517165,0.7239027962936532
905,0,301.1615,1369,6223.1094,1.9992316,2,61.012978,0.9322602126623414,0.0,208.74924461820396,0.89663017,0.0,0.0,True,0.921571199863639,0.0
906,1696,360.15558,1369,5203.7539,5.1322002,5,57.006382,1.1148090986572263,0.8689959841968307,2678.551372640223,0.95901573,0.52120942,0.0,True,1.0680710880600586,0.7646600149377815
907,5173,367.61517,1369,5098.1602,1.7254907,4,23.121695,1.1378901025678254,1.0016607366633623,3143.6959093162573,0.9930495,0.89988679,0.0,True,1.0944379217974778,0.9711285526643536
908,1378,335.02121,1369,5594.1562,3.3163362,4,11.14816,1.037037138650694,0.8376711717410359,2422.1493355611533,0.95616114,0.8041662,0.0,True,1.0127743390554858,0.8276196802187251
909,17990,399.09067,1369,4696.0781,4.6653709,6,60.445881,1.2352757211699699,1.1587801279185164,3910.163670833719,1.0234417,1.0191895,0.0,True,1.171725514818979,1.1169029395429615
910,0,248.29092,1369,7548.2461,1.0575796,2,40.121017,0.7686400861940568,0.0,172.10215115663493,0.81728417,0.0,0.0,True,0.7832333113358397,0.0
911,6759,386.35245,1369,4850.9102,2.0567548,4,57.50082,1.1958642492684783,1.03902641844164,3407.2137001163965,0.99236554,0.97220457,0.0,True,1.1348146364879348,1.018979863909148
912,2596,337.23355,1369,5557.457,4.2444181,5,47.954891,1.0438828491865915,0.9117146107775004,2651.4978416871068,0.95976865,0.86239016,0.0,True,1.018648589430614,0.8969172755442503
913,5022,304.94635,1369,6145.8711,3.9665527,4,42.381828,0.9439725912747814,0.9768179060194456,2598.7472166665084,0.89810008,0.91406375,0.0,True,0.9302108378923469,0.957991659213612
914,23434,532.50714,1369,3519.5039,2.9374838,5,231.12067,1.6479952820981798,1.2320405800105672,5358.102062088008,1.2564142,1.3990492,0.0,True,1.5305209574687257,1.2821431660073972
915,0,348.91541,1369,5371.3906,2.0051122,3,35.241116,1.080029769860829,0.0,241.84973269541734,1.0073788,0.85876733,8.155334469928652,True,1.0582344789025802,0.25763019900000006
916,750,348.93063,1369,5371.1562,3.9796305,4,49.522305,1.080076885367736,0.7708849176755547,2310.8755578397017,1.0051382,0.67671931,0.0,True,1.057595279757415,0.7426352353728883
917,10091,466.47528,1369,4017.707,2.0008361,4,28.536501,1.443742494935661,1.1108882575834909,4300.714275498367,1.1250745,1.11237,0.0,True,1.3481420964549626,1.1113327803084436
918,5214,348.91693,1369,5371.3672,3.990365,5,51.70507,1.0800344731866345,0.9964954755850417,2986.549613648038,1.0073788,0.76637852,0.0,True,1.058237771230644,0.9274603889095292
919,0,465.85837,1369,4023.0273,1.0036724,2,20.841135,1.441834149321258,0.0,322.9084157057518,1.1247596,1.1093748,0.840801593411622,True,1.3467117845248806,0.3328124400000001
920,0,-1.0,1,-1.0,0.0,0,17.208544,1.0,0.0,-0.6931471805599453,1.0036463,0.0,4.222465819234796,True,1.00109389,0.0
921,21313,448.29391,1369,4180.6523,3.0144625,4,50.317112,1.3874980268119206,1.1952501795563184,4468.219965337105,1.1137238,1.1270547,0.0,True,1.3053657587683443,1.174791535689423
922,22712,448.53574,1369,4178.3984,2.0350571,4,50.59132,1.3882461090527498,1.2029515861250224,4499.143932454607,1.1133727,1.123482,0.0,True,1.3057840863369248,1.1791107102875158
923,0,295.5145,1369,6342.0273,2.0051122,3,9.6763515,0.9147851260177177,0.0,204.83504248958195,,,,False,0.9147851260177177,0.0
924,0,249.17229,1369,7521.5469,1.0386366,2,18.157574,0.7713677990218072,0.0,172.71307028716504,0.81868476,0.0,0.0,True,0.785562887315265,0.0
925,0,269.63934,1369,6950.6211,0.9996987,2,14.772674,0.834709921570491,0.0,186.89974828904448,0.8348214,0.0,0.0,True,0.8347433650993437,0.0
926,5147,384.96985,1369,4868.332,2.0162332,4,10.923978,1.191586490015535,1.0065057214175432,3290.167074300093,0.98693115,0.89434153,0.0,True,1.1301898880108745,0.9728564639922803
927,17644,399.39267,1369,4692.5273,2.6772668,5,39.99556,1.2362100467687858,1.1565867963793988,3905.367129790042,1.0234473,1.0355483,0.0,True,1.17238122273815,1.120275247465579
928,112,320.03455,1369,5856.1211,3.9807353,4,30.117401,0.9906626568526111,0.5448964245220941,1515.7471391426307,0.91068,0.34836113,0.0,True,0.9666678597968279,0.4859358361654658
929,0,309.79227,1369,6049.7344,2.0105703,2,69.777481,0.9589683600606036,0.0,214.7316385097653,0.92109549,0.0,0.0,True,0.9476064990424226,0.0
930,4874,414.2901,1369,4523.7891,2.9476943,4,84.067406,1.2823005413774895,1.0088036665804287,3518.184875659205,1.0070386,0.85402226,0.0,True,1.1997219589642425,0.9623692446063001
931,16041,399.39764,1369,4692.4688,2.0751779,4,33.224827,1.2362254517679063,1.1453230412594209,3867.3784898567847,1.0238709,1.0432593,0.0,True,1.1725190862375343,1.1147039188815946
932,258,381.18307,1369,4916.6953,3.0396988,4,84.509315,1.179870160505844,0.6536674314761441,2119.637695403106,0.98201549,0.54292583,0.0,True,1.1205137593540908,0.6204449510333009
933,11995,420.3425,1369,4458.6523,3.0236075,4,42.260265,1.3010253709060313,1.1176986541160507,3948.029898031168,1.0098169,0.87737691,0.0,True,1.213662829634222,1.0456021308812355
934,4914,345.00641,1369,5432.25,3.0241194,4,176.54893,1.067934271167197,0.9883016239734354,2932.6408989921615,0.99124372,0.90929842,0.0,True,1.044927105817038,0.9646006627814048
935,6374,345.49756,1369,5424.5273,3.4680033,6,157.82747,1.0694540895593285,1.018711009151513,3026.660969049625,1.0179424,0.96936601,0.0,True,1.05400058269153,1.003907509406059
936,24906,450.33258,1369,4161.7266,2.0579278,4,42.013378,1.3938047260572635,1.2145921708788654,4558.691631017166,1.1109496,1.1214672,0.0,True,1.3089481882400844,1.1866546796152058
937,27243,451.99945,1369,4146.3789,2.0329599,4,12.893266,1.398961366111071,1.2258959636212339,4616.101017307861,1.1089815,1.1155993,0.0,True,1.3119674062777498,1.1928069645348636
938,32187,452.28452,1369,4143.7656,3.0213015,5,112.04569,1.3998432070279954,1.2460077318768066,4694.432927548602,1.1086632,1.1085472,0.0,True,1.3124892049195966,1.2047695723137646
939,0,340.80933,1369,5499.1484,1.9736189,2,35.725368,1.0549473293776879,0.0,236.23102619802398,,,,False,1.0549473293776879,0.0
940,38722,452.55072,1369,4141.3281,4.0054245,6,110.91246,1.400666728056207,1.2682867095616555,4780.843032909362,1.1083621,1.1083306,0.0,True,1.3129753396393449,1.2202998766931588
941,0,346.93182,1369,5402.1016,1.9975502,3,33.709072,1.0738920624827522,0.0,240.47481287953045,,,,False,1.0738920624827522,0.0
942,0,360.67352,1369,5196.2812,1.0188785,2,57.973232,1.1164116733604832,0.0,249.99983349063103,,,,False,1.1164116733604832,0.0
943,0,337.96689,1369,5545.3984,2.0307665,2,41.74192,1.0461519787528404,0.0,234.26079692611316,,,,False,1.0461519787528404,0.0
944,0,533.24103,1369,3514.6602,0.98878264,2,41.15773,1.6502651615559392,0.0,369.6145165033812,,,,False,1.6502651615559392,0.0
945,0,338.10812,1369,5543.082,2.0055304,2,42.85133,1.0465889977984708,0.0,234.35869010242365,,,,False,1.0465889977984708,0.0
946,0,400.6788,1369,4677.4648,2.006844,3,24.210966,1.2401892227269968,0.0,277.72938053014224,,,,False,1.2401892227269968,0.0
947,0,312.71747,1369,5993.1445,1.0640131,2,42.088856,0.968020339307975,0.0,216.75923264233927,1.0783767,0.84010261,1.5949633869686644,True,1.0011272475155826,0.25203078300000004
948,0,506.43216,1369,3700.7148,2.0026276,3,67.010597,1.5673423762182117,0.0,351.0320238488831,1.21919,1.2838339,2.910400457828204,True,1.4628966633527483,0.38515017000000007
949,0,556.4585,1369,3368.0156,1.9973724,3,35.357208,1.72207565243625,0.0,385.7076403736163,,,,False,1.72207565243625,0.0
950,17998,494.23822,1369,3792.0195,2.106652,4,10.039411,1.5296236123958618,1.1888778829538358,4842.608866040607,1.1134913,0.98680413,0.0,True,1.4047839186771032,1.128255757067685
951,248858,646.07098,1369,2900.8594,3.0478883,5,228.18231,1.9992087157546594,1.5581840586595817,8027.203067697572,1.2519993,1.4615457,0.0,True,1.7750458910282616,1.529192551061707
952,19419,495.69864,1369,3780.8477,3.0455089,4,48.646526,1.5341410157988495,1.198526760917482,4894.583014117358,1.114099,0.9949789,0.0,True,1.4081284110591947,1.1374624026422373
953,78,381.71255,1369,4909.875,4.0366454,4,218.12407,1.1815084490322618,0.5140759979927663,1672.6745608892857,0.9965409,0.32600456,0.0,True,1.1260181843225832,0.45765456659493636
954,238529,645.33667,1369,2904.1602,2.0094259,4,20.572916,1.9969380260215321,1.5526465123558015,7990.722924777943,1.2518555,1.4615889,0.0,True,1.7734132682150725,1.525329228649061
955,234553,644.51831,1369,2907.8477,2.0296226,4,109.7498,1.994407409394774,1.5502923323256375,7969.755959324442,1.2517154,1.4616129,0.0,True,1.7715998065763419,1.523688502627946
956,8301,448.91177,1369,4174.8984,3.015641,4,50.062664,1.3894093792394713,1.082360763361827,4051.1468858867165,1.1049478,0.94350225,0.0,True,1.3040709054676298,1.0407032093532789
957,905,416.08978,1369,4504.2227,3.9908066,4,248.20683,1.287868398756755,0.8093053724082074,2833.630673837068,1.0104283,0.57054704,0.0,True,1.2046363691297284,0.7376778726857453
958,36223,496.78162,1369,3772.6055,2.9875076,4,48.30896,1.537490954509111,1.2745354965393763,5214.967424201815,1.1135211,1.1257128,0.0,True,1.4102999981563777,1.2298886875775634
959,7892,448.29559,1369,4180.6367,1.9796233,4,23.865728,1.3875032017699125,1.0761242663915178,4022.9410815497677,1.1039475,0.92645675,0.0,True,1.3024364912389388,1.0312240114740625
960,2453,357.9899,1369,5235.2344,3.0997393,3,45.330128,1.1081080909974816,0.9114563066237948,2794.4269309932397,0.99056011,0.8688091,0.0,True,1.072843696698237,0.8986621446366564
961,0,277.14313,1369,6762.4297,1.1187479,1,15.083131,0.8579321643464402,0.0,192.10097917105838,0.88553184,0.0,0.0,True,0.8662120670425081,0.0
962,0,324.56912,1369,5774.3047,1.9815807,2,98.042221,1.0046945433973282,0.0,224.97417042482255,0.97619474,0.0,0.0,True,0.9961446023781297,0.0
963,24308,461.71951,1369,4059.0898,2.9897773,5,106.22811,1.4290306540599866,1.2153149087381714,4662.740528703348,1.1079139,1.0425148,0.0,True,1.3326956278419906,1.16347487611672
964,30515,480.92886,1369,3896.9609,3.0736184,5,46.024662,1.4884534525828,1.2488032197654468,4966.090253253332,1.1054627,1.073974,0.0,True,1.37355622680796,1.1963544538358128
965,10242,422.41904,1369,4436.7344,4.083138,6,117.23865,1.3074496669794753,1.0995433635370948,3900.8064256271186,1.1100626,1.0574689,0.0,True,1.2482335468856327,1.0869210244759664
966,12468,425.21109,1369,4407.6016,4.0806332,6,78.932968,1.3160875606291373,1.1238397758012417,4010.2002483329384,1.1052829,1.0300249,0.0,True,1.2528461624403961,1.095695313060869
967,5549,419.60541,1369,4466.4844,3.0915651,5,61.659653,1.2987450091781323,1.025761349508004,3617.7259659191272,1.0983969,0.98070365,0.0,True,1.2386405764246926,1.0122440396556027
968,18151,457.12552,1369,4099.8828,3.082567,5,40.449814,1.4148190223987727,1.1787488078937536,4482.843063004518,1.1036184,1.0297889,0.0,True,1.3214588356791408,1.1340608355256276
969,3648,419.64688,1369,4466.043,2.0037639,4,44.28315,1.298873312788248,0.9758806861397021,3442.1461669606106,1.0976876,0.91898328,0.0,True,1.2385175989517734,0.9588114642977915
970,37658,480.92163,1369,3897.0195,2.989625,5,91.554626,1.488431081991342,1.2742366170823876,5067.160444816081,1.104368,1.0727452,0.0,True,1.3732121573939393,1.2137891919576713
971,70,367.08807,1369,5105.4805,3.9907827,4,109.11028,1.1362592207822118,0.4992213338504692,1569.9131116639942,0.99636924,0.4566296,0.0,True,1.094292226547548,0.48644381369532846
972,34120,496.75433,1369,3772.8125,2.0399919,4,28.167713,1.5374066428704316,1.2672654587619487,5184.971486244369,1.1135207,1.1225009,0.0,True,1.410240860009302,1.2238360911333641
973,10295,429.01129,1369,4368.5586,1.9490724,4,85.265778,1.3278444117166945,1.1021887929422738,3963.8960912555945,1.0132866,0.91019922,0.0,True,1.2334770682016862,1.0445919210595918
974,6215,447.4469,1369,4188.5664,3.1195283,4,72.055168,1.3848776654846326,1.04724375351649,3908.467801765277,1.1029365,0.89551294,0.0,True,1.300295315839243,1.001724509461543
975,650,404.87418,1369,4628.9961,3.0175605,4,41.641754,1.2531692292054275,0.7675283450921806,2623.602728373513,0.99908078,0.68898916,0.0,True,1.1769426944437993,0.7439665895645264
976,3521,405.35785,1369,4623.4727,3.0129156,4,44.490349,1.2546656719193998,0.9676800621891379,3310.5851975758205,0.99960321,0.904396,0.0,True,1.17814693334358,0.9486948435323965
977,9453,427.75293,1369,4381.4102,2.0788524,4,86.308258,1.3239513411476618,1.09162892835479,3915.778211258356,1.0121914,0.91241974,0.0,True,1.2304233588033633,1.037866171848353
978,34095,496.76822,1369,3772.707,1.9908009,4,65.296822,1.5374496121395227,1.2671807675342095,5184.752367708148,1.1135209,1.1212929,0.0,True,1.4102709984976658,1.2234144072739466
979,9051,409.74048,1369,4574.0195,3.9493189,5,49.993015,1.2682248869547739,1.0809056376471753,3733.084655950534,1.0172735,0.86882973,0.0,True,1.1929394708683416,1.0172828653530226
980,1757,414.96014,1369,4516.4844,2.4806814,4,28.029142,1.2843735419536562,0.8878084683890521,3100.7899551864016,1.0020497,0.78050286,0.0,True,1.1996763893675593,0.8556167858723365
981,1183,356.17767,1369,5261.8711,2.9658751,3,44.096249,1.1025007457136138,0.8258617254618679,2520.846766149824,0.98498482,0.72091573,0.0,True,1.0672459679995296,0.7943779268233075
982,413,289.05563,1369,6483.7383,1.967739,2,49.05476,0.8947974069644995,0.6865116035903045,1742.5078454807522,0.90784478,0.42576316,0.0,True,0.8987116188751496,0.6082870705132131
983,616,342.00507,1369,5479.9219,3.0153961,4,73.145622,1.0586472990595397,0.746262681011367,2197.8916347470094,1.003543,0.76597255,0.0,True,1.042116009341678,0.7521756417079568
984,0,273.63074,1369,6849.2344,1.0195538,2,61.802307,0.8470622189032594,0.0,189.66637594553146,0.89116496,0.0,0.0,True,0.8602930412322816,0.0
985,0,343.49179,1369,5456.2031,1.9889076,2,30.364191,1.0632476855048396,0.0,238.0903657839888,0.98770458,0.0,0.0,True,1.0405847538533877,0.0
986,1938,333.56107,1369,5618.6445,2.4871328,3,43.289959,1.0325189243138115,0.8767193567807516,2525.205151530537,0.98336792,0.89935797,0.0,True,1.017773623019668,0.883510940746526
987,1922,343.1665,1369,5461.375,1.3022481,3,31.963585,1.0622411628508643,0.8786471445561954,2595.0805394219974,0.96889389,0.88336962,0.0,True,1.0342369809956051,0.8800638871893367
988,13311,455.95865,1369,4110.375,2.0038528,4,46.460285,1.4112092922192994,1.141122584264919,4330.009623755758,1.1025999,1.0072865,0.0,True,1.3186264745535095,1.1009717589854433
989,4930,343.07278,1369,5462.8672,3.9965541,4,38.579124,1.061951114400427,0.98803420206984,2917.3193381696155,0.98689443,0.92022079,0.0,True,1.039434109080299,0.967690178448888
990,0,275.56427,1369,6801.1758,0.98513097,2,22.900988,0.8530459867126087,0.0,191.00659681355953,0.89416742,0.0,0.0,True,0.8653824166988261,0.0
991,1211,345.91281,1369,5418.0156,2.7012982,4,40.4832,1.070738950103823,0.8257729018281841,2456.2756372167005,0.99032122,0.82752579,0.0,True,1.0466136310726761,0.8262987682797289
992,37681,480.94672,1369,3896.8164,1.9746054,4,63.711735,1.4885086184336203,1.2743184822266242,5067.7184396937155,1.1043683,1.0651888,0.0,True,1.3732665229035343,1.2115795775586369
993,3728,455.95343,1369,4110.4219,2.0599837,4,75.557426,1.411193198122581,0.9882101615334832,3749.8355624680817,1.1025997,0.91797751,0.0,True,1.3186151486858066,0.9671403660734382
994,1045,418.47781,1369,4478.5195,3.0155103,4,79.275444,1.2952564570002074,0.8269460400613803,2909.9625399966803,1.0962528,0.86061478,0.0,True,1.2355553599001452,0.8370466620429662
995,10407,428.97638,1369,4368.9141,3.0704103,4,76.487381,1.327736414012424,1.103468728455033,3968.21429991176,1.013286,0.90755117,0.0,True,1.2334012898086968,1.044693460918523
996,408,327.63754,1369,5720.2266,4.2627678,4,48.100616,1.0141894438592036,0.6950433393748441,1971.1189320569558,0.91216916,0.67986012,0.0,True,0.9835833587014426,0.6904883735623908
997,222405,593.9046,1369,3155.6602,2.0123651,4,95.417259,1.8378867406601702,1.5279731549262998,7312.310413500215,1.1316178,1.2133062,0.0,True,1.626006058462119,1.4335730684484098
998,0,276.43814,1369,6779.6758,1.9960625,2,37.695034,0.8557504050975632,0.0,191.61231734023542,0.89563191,0.0,0.0,True,0.8677148565682942,0.0
999,11348,458.45599,1369,4087.9844,2.0329804,4,65.673241,1.418934950727524,1.1226885096006942,4280.59121082129,1.1060373,0.98848075,0.0,True,1.3250656555092668,1.0824261817204859
1000,0,299.66797,1369,6254.125,1.4609084,2,16.100735,0.9276384044580857,0.0,207.7140085096223,0.89608991,0.0,0.0,True,0.91817385612066,0.0
1001,4423,346.2001,1369,5413.5195,2.970757,4,58.926571,1.0716279044125574,0.9764564066481898,2906.358687488987,0.99061143,0.90085393,0.0,True,1.0473229620887903,0.9537756636537329
1002,2101,316.83859,1369,5915.1914,3.3608899,5,90.658981,0.9807730426111181,0.8808234968927391,2424.1701283901957,0.91855568,0.85758257,0.0,True,0.9621078338277826,0.8738512188249173
1003,26250,439.85315,1369,4260.8789,3.0104749,4,66.590179,1.3613855681169693,1.217460998712537,4475.724608659836,1.013424,1.0170177,0.0,True,1.2569970976818785,1.157328009098776
1004,17,317.89728,1369,5895.4922,3.9475932,4,77.842339,0.9840490866762556,0.33289809667541936,936.0291426029881,0.9038713,0.21409163,0.0,True,0.959995750673379,0.29725615667279354
1005,2380,417.1153,1369,4493.1484,3.1042683,4,80.337219,1.291041206357134,0.9244201241844543,3243.3616654346224,1.0029463,0.88977838,0.0,True,1.2046127344499937,0.914027600929118
1006,0,319.84912,1369,5859.5156,2.1231816,2,55.806683,0.9900889478295241,0.0,221.70251573257963,0.9058817,0.0,0.0,True,0.9648267734806668,0.0
1007,31403,495.74011,1369,3780.5312,2.0211499,4,12.323599,1.5342693837106594,1.2568792692905004,5133.25121906148,1.1125758,1.116757,0.0,True,1.4077613085974616,1.2148425885033503
1008,1978,315.70758,1369,5936.3828,3.0535026,5,87.727905,0.9772731076026862,0.8735219288605248,2396.4895541075825,0.91437674,0.86229044,0.0,True,0.9584041973218803,0.8701524822023674
1009,1675,407.46436,1369,4599.5703,3.0414932,4,41.781441,1.2611829081673143,0.880227582638317,3025.3257994337664,0.9963969,0.81676483,0.0,True,1.18174710571712,0.8611887568468218
1010,15272,409.86859,1369,4572.5898,4.0408792,6,45.996967,1.2686212462350923,1.143009106996179,3948.636007573492,1.017607,0.9914434,0.0,True,1.1933169723645647,1.0975393948973253
1011,1543,406.12164,1369,4614.7773,3.275604,5,43.703926,1.2570287531716857,0.8701611707669727,2982.0615265293195,0.99440724,0.75210488,0.0,True,1.17824229922018,0.8347442835368809
1012,0,311.70468,1369,6012.6172,1.0509329,2,13.607159,0.9648863128131149,0.0,216.05722010933997,0.90892923,0.0,0.0,True,0.9480991879691805,0.0
1013,1288,333.47528,1369,5620.0898,3.9418814,4,39.623459,1.032253489279083,0.8294063030918708,2388.482510901997,0.91396087,0.6694715,0.0,True,0.996765703495358,0.7814258621643095
1014,22389,439.86929,1369,4260.7227,2.991801,5,94.981003,1.361435453704352,1.1984316861018052,4405.913077889704,1.0134244,0.99382794,0.0,True,1.2570321375930464,1.1370505622712637
1015,4023,454.79297,1369,4120.9102,1.4084872,3,62.308712,1.4076032539079655,0.9970538542845655,3774.909079375257,1.1019837,0.8985368,0.0,True,1.3159173877355759,0.9674987379991958
1016,3053,441.66144,1369,4243.4336,3.9328554,4,42.119431,1.366979762229785,0.9605418013986026,3544.1276267235867,1.0563143,0.8401655,0.0,True,1.2737801235608495,0.9244289109790218
1017,1800,339.08258,1369,5527.1523,3.0351634,4,57.145584,1.0496042608720222,0.8698216393178486,2541.984250097392,0.91389441,0.84142423,0.0,True,1.0088913056104154,0.861302416522494
1018,205337,593.98547,1369,3155.2305,3.0197361,5,113.19634,1.8381368775863343,1.51808961533664,7265.878288189375,1.1316186,1.2081335,0.0,True,1.626181394310434,1.425102780735648
1019,0,331.20706,1369,5658.5781,3.5414274,3,34.00898,1.0252348277096188,0.0,229.57523982054863,0.91030192,0.0,0.0,True,0.9907549553967332,0.0
1020,15162,439.14658,1369,4267.7344,3.4411821,5,51.410805,1.359199722842325,1.151572010268948,4227.523368920988,1.0131128,0.98923385,0.0,True,1.2553736459896274,1.1028705621882635
1021,6,316.93005,1369,5913.4844,4.0351806,5,95.694679,0.9810560590930374,0.22404129460846295,659.0375117766674,0.91728598,0.14429222,0.0,True,0.9619250353651261,0.20011657222592405
1022,2509,332.53873,1369,5635.918,2.8855398,3,36.599697,1.0293554842568375,0.906290666117956,2603.258284760087,0.9135384,0.86364824,0.0,True,0.9946103589797863,0.8934979382825692
1023,0,268.23935,1369,6986.8984,0.9894833,1,12.511518,0.830377189785781,0.0,185.92934916773237,0.83294177,0.0,0.0,True,0.8311465638500467,0.0
1024,17602,409.83463,1369,4572.9688,3.0031977,5,12.367935,1.2685161509932792,1.1598432844950974,4006.4947479399652,1.0176063,1.0224886,0.0,True,1.1932431956952954,1.1186368791465682
1025,193,338.19604,1369,5541.6406,3.0397184,4,52.937698,1.0468611210276404,0.611078817327391,1783.307569628007,0.91287804,0.39048031,0.0,True,1.0066661967193482,0.5448992651291737
1026,30589,510.48203,1369,3671.3555,2.8398104,5,22.175739,1.579869362791143,1.2581631226242296,5272.493802903555,1.1066639,1.060078,0.0,True,1.4379077239538,1.1987375858369607
1027,171,313.65994,1369,5975.1367,3.1770709,3,25.600677,0.9709367719648007,0.5919474307147997,1616.381132332678,0.89803666,0.40698344,0.0,True,0.9490667383753606,0.5364582335003598
1028,1539,369.00198,1369,5079.0,3.0170803,3,12.589966,1.1421810299331512,0.8600892902124282,2708.5434758030565,0.98526382,0.80440199,0.0,True,1.0951058669532059,0.8433831001486998
1029,21509,439.85153,1369,4260.8945,3.0158439,5,87.785751,1.3613805861464177,1.1936284949074643,4388.099488734232,1.0134056,0.98579401,0.0,True,1.2569880903024924,1.1312781494352249
1030,32063,495.14868,1369,3785.0469,2.662611,5,92.758598,1.5324399106571247,1.259221544291158,5137.425216302414,1.111764,1.1165746,0.0,True,1.4062371374599874,1.2164274610038106
1031,16831,409.83603,1369,4572.9531,2.9996207,5,43.921085,1.268520504197156,1.1545299840646794,3988.1539671147143,1.0176063,1.0055083,0.0,True,1.193246242938009,1.1098234788452757
1032,0,333.56708,1369,5618.543,1.992645,2,42.560318,1.0325375703184445,0.0,231.2110810296137,0.91454732,0.0,0.0,True,0.9971404952229111,0.0
1033,18825,439.5155,1369,4264.1523,2.0233841,4,46.833935,1.3603409829251387,1.1775744848252923,4326.171850627486,1.0131358,0.96937221,0.0,True,1.256179428047597,1.1151138023777047
1034,14733,439.04413,1369,4268.7305,1.9825556,4,14.51506,1.3588827047481318,1.1481067179971176,4213.937171877323,1.0126077,0.94905758,0.0,True,1.2550002033236922,1.0883919765979821
1035,0,315.4278,1369,5941.6484,1.9986514,2,34.005898,0.9764073213163721,0.0,218.6378902402263,0.91699743,0.0,0.0,True,0.9585843539214605,0.0
1036,11688,438.68243,1369,4272.25,3.3554754,5,45.344227,1.3577637744844921,1.1203030770471327,4108.914178981598,1.012345,0.90835792,0.0,True,1.2541381421391444,1.0567195299329928
1037,1731,325.02469,1369,5766.2109,1.7912762,3,55.755886,1.006104304038249,0.8610602624383096,2423.907147530935,0.92694288,0.82220906,0.0,True,0.9823558768267743,0.8494049017068167
1038,2327,334.99945,1369,5594.5195,1.7254667,3,35.095825,1.036969819025975,0.898342293230998,2597.315816154406,0.92396843,0.79090607,0.0,True,1.0030694023181825,0.8661114262616987
1039,352,366.74518,1369,5110.2539,3.9479861,4,79.595985,1.1351982758701287,0.6869729339617178,2152.5363528806906,0.98901474,0.44155931,0.0,True,1.09134321510909,0.6133488467732024
1040,0,450.32706,1369,4161.7773,1.0000374,2,33.732265,1.3937877544724453,0.0,312.1429319688493,1.0965511,0.0,0.0,True,1.3046167581307115,0.0
1041,37280,480.94672,1369,3896.8164,2.9995561,5,117.69458,1.4885086184336203,1.2730245988966842,5062.5730658734665,1.1043683,1.0591986,0.0,True,1.3732665229035343,1.2088767992276788
1042,7848,425.52863,1369,4404.3125,2.5783377,4,63.924084,1.3170699565884945,1.0687784102862845,3816.255140521434,1.0020657,0.92162591,0.0,True,1.2225686796119462,1.0246326602003992
1043,2506,363.67285,1369,5153.4258,1.4331992,3,48.212692,1.1256920452798178,0.9156344250146223,2846.5550063770147,0.94608402,0.86598772,0.0,True,1.0718096376958726,0.9007404135102357
1044,0,325.55444,1369,5756.8281,0.44163054,1,75.491951,1.0077435395389456,0.0,225.65714220477187,0.90555388,0.0,0.0,True,0.9770866416772619,0.0
1045,114734,531.57318,1369,3525.6875,3.0060067,5,49.477837,1.645106550138112,1.4262253622760952,6193.03439069455,1.1097345,1.1508666,0.0,True,1.4844949350966785,1.3436177335932666
1046,116423,531.57379,1369,3525.6836,2.006408,4,44.908325,1.6451083688713866,1.4280145319071322,6200.809625352064,1.1097345,1.1514479,0.0,True,1.4844962082099706,1.3450445423349926
1047,25655,480.65665,1369,3899.168,3.0842414,5,70.996979,1.4876113546226004,1.2277397114527544,4879.901110786858,1.102585,1.0515935,0.0,True,1.37210344823582,1.174895848016928
1048,0,382.92722,1369,4894.3008,2.0026097,2,56.053913,1.1852666023072644,0.0,265.4249229026579,0.99160373,0.0,0.0,True,1.1271677406150853,0.0
1049,25493,505.49094,1369,3707.6055,2.6006315,5,81.879684,1.5644309922147626,1.234488344311579,5128.83119881586,1.1025903,1.0451286,0.0,True,1.4258787845503338,1.1776804210181053
1050,5652,397.43903,1369,4715.5938,2.9890044,4,56.79615,1.2301656435724375,1.0213583003363766,3433.920330928503,0.99339557,0.77569163,0.0,True,1.1591346215007063,0.9476582992354636
1051,10272,443.00842,1369,4230.5312,3.8257749,5,35.018154,1.3711468477988633,1.106155521511512,4092.2334466548623,1.0277079,0.88003224,0.0,True,1.2681151634592043,1.0383185370580583
1052,1407,317.30966,1369,5906.4102,4.0038624,5,134.10527,0.9822306875528616,0.8348311832122278,2300.6966890644962,0.91846299,0.769135,0.0,True,0.9631003782870031,0.8151223282485595
1053,0,326.0611,1369,5747.8828,2.0150232,2,10.328741,1.0093113225004064,0.0,226.0083321552744,0.90683913,0.0,0.0,True,0.9785696647502846,0.0
1054,10577,441.88925,1369,4241.2461,2.3354638,5,28.695755,1.3676844746502779,1.109323265724273,4094.8224940303885,1.026397,0.90531081,0.0,True,1.2652982322551944,1.0481195290069911
1055,10290,437.25995,1369,4286.1484,4.6479926,6,34.505211,1.3533631002813105,1.1046386775943402,4039.89809958549,1.0229437,0.94210428,0.0,True,1.2542372801969173,1.055878358316038
1056,7522,416.43756,1369,4500.4609,4.4915066,6,38.370266,1.2889444110642563,1.06099407019315,3717.060523537104,1.0006119,0.93518209,0.0,True,1.2024446577449794,1.023250476135205
1057,8631,501.30106,1369,3738.5938,4.1066074,5,22.484694,1.5514707352320214,1.1016090231078843,4543.465632818657,1.1015289,0.94174951,0.0,True,1.4164881846624149,1.053651169175519
1058,0,389.26639,1369,4814.5977,2.6067431,3,12.5408,1.2048799120363198,0.0,269.8189007152481,0.97908598,0.0,0.0,True,1.1371417324254238,0.0
1059,0,522.05328,1369,3589.9805,1.0104041,2,46.933311,1.6156607234060265,0.0,361.8597591340717,1.1027349,1.0818716,5.417605655637121,True,1.4617829763842187,0.32456148
1060,0,381.37183,1369,4914.2617,1.9775574,2,59.576099,1.1804542083449994,0.0,264.34680870948677,0.98910856,0.0,0.0,True,1.1230505138414997,0.0
1061,0,437.98801,1369,4279.0234,0.99969,2,19.015408,1.3556155318119356,0.0,303.5901542505611,,,,False,1.3556155318119356,0.0
1062,0,332.88803,1369,5630.0039,1.9872367,2,2.5274754,1.0304363981513474,0.0,230.74039943665449,,,,False,1.0304363981513474,0.0
1063,4936,439.63147,1369,4263.0273,3.039854,5,75.700073,1.3606998044515075,1.0174763316536957,3738.9406518924243,1.1179372,1.0227606,0.0,True,1.2878710231160553,1.019061612157587
1064,0,509.54413,1369,3678.1133,1.983667,3,10.433794,1.5769682452685196,0.0,353.1890770803702,,,,False,1.5769682452685196,0.0
1065,5358,440.93164,1369,4250.457,4.0464983,6,84.215912,1.3647220449472717,1.0276519270469744,3786.15620291439,1.1183488,1.0249457,0.0,True,1.2908100714630901,1.026840058932882
1066,0,617.87225,1369,3033.25,2.0301654,3,13.880232,1.9120078455120142,0.0,428.27640803372964,,,,False,1.9120078455120142,0.0
1067,0,390.90829,1369,4794.375,2.0394905,3,56.785969,1.2099599829225907,0.0,270.95697907100947,1.0070764,0.0,0.0,True,1.1490949080458135,0.0
1068,37988,512.30042,1369,3658.3242,2.9802523,5,46.145138,1.5854939333216278,1.2851074161794611,5402.248014451734,1.0945419,1.0677077,0.0,True,1.4382083233251395,1.2198875013256227
1069,178288,643.60699,1369,2911.9648,3.0397568,5,49.862732,1.9915895391359362,1.515636453278717,7781.9594163350985,1.2515814,1.4621615,0.0,True,1.7695870973951555,1.499593967295102
1070,175430,642.54169,1369,2916.793,2.0828896,4,21.064026,1.988295097696322,1.5132968436011194,7758.6952647356,1.2514411,1.4621385,0.0,True,1.7672388983874256,1.4979493405207835
1071,11196,480.04156,1369,3904.1641,4.0438666,5,44.118858,1.4857086554787446,1.1272988969641191,4475.662909820172,1.1104045,0.99544561,0.0,True,1.3731174088351212,1.0877429108748835
1072,46658,512.74115,1369,3655.1797,3.0231843,5,50.845306,1.586857165670678,1.3102969833298588,5512.2968220572675,1.1092093,1.0924523,0.0,True,1.4435628059694747,1.244943578330901
1073,1555,392.53329,1369,4774.5273,3.9891562,5,168.48749,1.2149876779915696,0.8675817666875978,2885.322296128205,1.0086476,0.85736316,0.0,True,1.1530856545940986,0.8645161846813184
1074,168696,642.26556,1369,2918.0469,1.9452777,4,46.559124,1.9874413020867374,1.5083102710221552,7730.221839628811,1.2513752,1.4621193,0.0,True,1.766621471460716,1.4944529797155086
1075,153239,642.76636,1369,2915.7734,1.9945179,4,20.559401,1.988989896573305,1.4964133600182177,7674.480653865485,1.2513816,1.4621264,0.0,True,1.7677074076013135,1.4861272720127525
1076,1454,440.65463,1369,4253.1289,4.3933535,5,50.605972,1.3638651024391626,0.8715486686259767,3209.485184366909,1.1043555,0.8123396,0.0,True,1.2860122217074137,0.8537859480381836
1077,6834,437.66959,1369,4282.1367,4.1164479,5,50.992325,1.354630400353551,1.0558303441321617,3864.604116937746,1.1024371,0.98088026,0.0,True,1.2789724102474858,1.0333453188925132
1078,140646,641.96991,1369,2919.3906,2.0246425,4,70.469322,1.986527174110282,1.485435449391304,7609.921324097499,1.2513105,1.4621797,0.0,True,1.7659621718771974,1.4784587245739127
1079,3642,411.26657,1369,4557.0469,3.6116846,5,48.840889,1.272946284691728,0.9733503809649537,3372.7302103820844,1.0071861,0.74572837,0.0,True,1.1932182292842097,0.9050637776754676
1080,25487,487.50485,1369,3844.3945,4.0621824,5,51.010975,1.5087952660836899,1.22904626278854,4946.225312556665,1.1080877,1.1258959,0.0,True,1.3885829962585827,1.198101153951978
1081,42853,512.78772,1369,3654.8477,2.001513,4,25.097969,1.5870012341750905,1.2999433267883351,5469.1772216961845,1.10921,1.0868139,0.0,True,1.4436638639225632,1.2360044987518346
1082,3282,410.86789,1369,4561.4688,4.541357,6,15.805648,1.2717128279896077,0.9608898339292596,3326.7223098491854,1.0073789,0.79852813,0.0,True,1.1924126495927254,0.9121813227504818
1083,50048,542.72565,1369,3453.2383,3.0205266,5,44.273891,1.679601031596096,1.3280366583828318,5872.713656730403,1.1281089,1.0708178,0.0,True,1.5141533921172672,1.2508710008679822
1084,290,406.50049,1369,4610.4766,4.2095795,5,18.815981,1.2582008140898409,0.672454678933065,2307.60320223142,1.0556185,0.43316263,0.0,True,1.1974261198628886,0.6006670642531455
1085,5765,428.5419,1369,4373.3438,3.7296953,5,16.620377,1.3263921827332383,1.0328919364298423,3711.133125429807,1.0872217,0.94856566,0.0,True,1.2546410379132669,1.0075940535008896
1086,5364,409.47263,1369,4577.0117,3.9334235,6,51.780991,1.2673961529930882,1.0187669059268387,3516.4846245616823,1.0042868,0.79384011,0.0,True,1.1884633470951615,0.9512888671487871
1087,566,379.48953,1369,4938.6367,2.9905443,4,73.813187,1.1746303493819614,0.7454464971193694,2406.768676393423,1.0777261,0.6757412,0.0,True,1.145559074567373,0.7245349079835586
1088,14089,526.70227,1369,3558.293,3.0047574,5,54.516262,1.63004050877002,1.1681782833229881,5031.740358363787,1.1043841,1.1279459,0.0,True,1.4723435861390142,1.1561085683260917
1089,1805,379.67755,1369,4936.1914,3.0075984,5,38.238972,1.1752120043565628,0.8817057877025349,2847.3626613849956,1.0782074,0.86899966,0.0,True,1.1461106230495939,0.8778939493917745
1090,4924,525.96204,1369,3563.3008,3.0150275,5,41.342892,1.6277509637027936,1.0394649948235852,4471.877889739248,1.1044914,1.0877378,0.0,True,1.4707730945919555,1.0539468363765097
1091,974,397.28699,1369,4717.3984,2.9917855,4,68.951553,1.2296952537616535,0.8135606917718771,2734.7101317336724,0.99065262,0.80270714,0.0,True,1.1579824636331575,0.810304626240314
1092,15,371.52332,1369,5044.5312,3.9974737,4,69.768082,1.1499823508651528,0.3251672402129879,1052.6048278520677,0.98032165,0.40326926,0.0,True,1.0990841406056069,0.3485978461490915
1093,20576,505.40256,1369,3708.2539,2.9967074,5,72.45002,1.5641575939291759,1.208392515407442,5019.647017574957,1.2188568,1.3091176,0.0,True,1.460567355750423,1.2386100407852094
1094,757,380.91373,1369,4920.1719,4.0023026,5,199.07283,1.1790368014352244,0.7799236522940246,2526.2205343943992,1.0786451,0.87522757,0.0,True,1.148919291004657,0.8085148276058172
1095,15179,501.44357,1369,3737.5312,4.0322623,6,70.343102,1.5519115907069692,1.1702630421692464,4827.798365603992,1.1352649,1.0352906,0.0,True,1.4269175834948784,1.1297713095184725
1096,20121,509.93729,1369,3675.2773,2.027842,4,75.188316,1.578184439093114,1.2069826884122983,5053.284114228013,1.09525,1.0885351,0.0,True,1.4333041073651798,1.1714484118886088
1097,50076,541.88464,1369,3458.5977,3.0326762,5,42.172951,1.6769998469022682,1.3278527911146485,5863.916341885592,1.1293703,1.0779028,0.0,True,1.5127109828315877,1.252867793780254
1098,0,374.47617,1369,5004.7539,1.9969451,2,60.941776,1.1591186483302767,0.0,259.56710142238677,0.97930026,0.0,0.0,True,1.1051731318311937,0.0
1099,31924,512.02924,1369,3660.2617,3.0523396,5,99.296684,1.58465513622097,1.2638321551146425,5310.345367144456,1.0947789,1.0753009,0.0,True,1.437692265354679,1.2072727785802497
1100,27867,512.02429,1369,3660.2969,3.0182009,5,43.020607,1.5846399053802387,1.2472686039583396,5240.706977059968,1.0947789,1.0787263,0.0,True,1.437681603766167,1.1967059127708377
1101,41905,531.66449,1369,3525.082,4.1079416,6,89.322472,1.6453889683002383,1.3029530155954445,5658.615836433939,1.1158768,1.0442897,0.0,True,1.4865353178101666,1.2253540209168112
1102,24072,511.2757,1369,3665.6562,3.0031886,5,162.70819,1.5823243773749407,1.229210714903057,5158.203120496774,1.0949104,1.0837117,0.0,True,1.4361001841624583,1.18556101043214
1103,110311,636.70667,1369,2943.5234,4.0425673,6,69.784859,1.9702514714669526,1.4534944735545101,7392.850209143872,1.2508478,1.4621559,0.0,True,1.7544303700268669,1.4560929014881572
1104,18333,493.06036,1369,3801.0781,3.9924166,5,87.270317,1.525980182497525,1.1907710109867835,4840.160098678155,1.1315314,1.0278548,0.0,True,1.4076455477482674,1.1418961476907485
1105,70354,631.16345,1369,2969.375,3.0393879,5,144.11047,1.953109860953377,1.3956666790835413,7044.619350101675,1.2504302,1.4624662,0.0,True,1.742305962667364,1.4157065353584788
1106,56049,629.20508,1369,2978.6172,1.7100829,4,206.13969,1.9470537219909825,1.3667121531745132,6879.73921081133,1.2503259,1.4625524,0.0,True,1.7380353753936877,1.3954642272221593
1107,132663,640.53949,1369,2925.9102,3.0320652,5,97.263046,1.9821037588824757,1.4777004465555905,7555.536355698128,1.251173,1.462145,0.0,True,1.762824531217733,1.4730338125889135
1108,6716,475.30594,1369,3943.0625,3.9665852,5,44.347836,1.4710595365955144,1.064238280378723,4188.65535108474,1.104684,0.91231465,0.0,True,1.36114687561686,1.018661191265106
1109,2966,414.21069,1369,4524.6562,4.1040034,6,92.109001,1.2820549113251278,0.94979150711805,3311.8810543259174,1.0095408,0.81748658,0.0,True,1.2003006779275893,0.910100028982635
1110,3718,408.43213,1369,4588.6719,0.80640405,4,27.933037,1.264176996201872,0.9750012566360178,3357.916158182497,1.065443,0.9120996,0.0,True,1.2045567973413105,0.9561307596452124
1111,35824,512.12598,1369,3659.5703,3.2832,5,81.681671,1.5849543604530387,1.2779067649456262,5370.372813223129,1.1086948,1.069452,0.0,True,1.442076492317127,1.2153703354619383
1112,35080,540.77856,1369,3465.6719,3.0093637,5,42.906319,1.6735786950000493,1.2838594379736434,5659.487442656208,1.1273264,1.0166245,0.0,True,1.5097030065000345,1.2036889565815503
1113,3261,412.26596,1369,4546.0,4.0512147,5,96.259911,1.2760382174780873,0.9605152270801318,3335.39746959125,1.01115,0.82723606,0.0,True,1.196571752234661,0.9205314769560923
1114,30421,487.61038,1369,3843.5625,2.9627137,5,103.30849,1.5091216988646892,1.250515127696666,5033.5796105689715,1.1074617,1.1258913,0.0,True,1.3886236992052823,1.2131279793876661
1115,109,399.16205,1369,4695.2383,3.8769655,4,60.564331,1.235496571057581,0.5559446619871667,1879.865729692744,1.0551319,0.3522042,0.0,True,1.1813871697403067,0.49482252339101673
1116,3,396.16702,1369,4730.7344,3.887146,4,59.983307,1.2262301922310157,0.1638167595194865,637.6062216440384,1.0497435,0.10383438,0.0,True,1.173284184561711,0.14582204566364054
1117,2797,389.62866,1369,4810.1211,3.6194565,5,12.297206,1.206000782708968,0.9360261338007883,3092.4894888364706,0.97687548,0.73909467,0.0,True,1.1372631918962777,0.8769466946605518
1118,3220,396.30087,1369,4729.1367,2.0799849,4,36.932232,1.2266442889063722,0.9545404209450292,3201.222350158022,0.98966295,0.83173651,0.0,True,1.1555498872344607,0.9176992476615204
1119,3425,396.57504,1369,4725.8672,2.2574372,4,20.984541,1.2274925600893234,0.9619104733065656,3227.8989505400436,0.99040127,0.86967403,0.0,True,1.1563651730625264,0.934239540314596
1120,3922,397.90707,1369,4710.0469,2.9061069,4,47.23505,1.2316137628193684,0.9783074033844058,3292.628011259085,0.99263841,0.8952505,0.0,True,1.159921156973558,0.953390332369084
1121,5932,475.25839,1369,3943.457,3.0521896,5,162.64841,1.4709124476810522,1.0492371419958941,4129.260564981717,1.1046849,0.87933677,0.0,True,1.3610441833767366,0.9982670303971259
1122,28956,539.68182,1369,3472.7148,2.0376666,4,163.17842,1.6701865180677105,1.2600107195281456,5544.476108388914,1.1262943,0.98832774,0.0,True,1.5070188526473975,1.1785058256697019
1123,31635,487.62128,1369,3843.4766,1.938936,4,107.59906,1.5091554095246194,1.2552586796733907,5052.771981218315,1.1074619,1.123093,0.0,True,1.3886473566672335,1.2156089757713735
1124,193,392.28458,1369,4777.5547,3.9738126,4,90.435684,1.2142180971566956,0.6217734005948912,2068.516417171365,1.0080491,0.42837271,0.0,True,1.152367398009687,0.5637531934164238
1125,3847,409.98489,1369,4571.293,3.9517894,5,78.749916,1.268980975653723,0.9794857186544167,3384.6584062039847,0.99613994,0.81558412,0.0,True,1.1871286649576058,0.9303152390580918
1126,3642,352.9296,1369,5310.2969,4.1705251,5,37.952034,1.0924505769040018,0.9560029813371279,2894.318213265097,0.94586647,0.88979101,0.0,True,1.0484753448328012,0.9361393899359896
1127,15905,509.94,1369,3675.2578,3.0405598,5,37.370819,1.5781928079914171,1.1783462232511919,4933.42194600559,1.09525,1.090122,0.0,True,1.433309965593992,1.1518789562758343
1128,21009,505.44302,1369,3707.957,3.0277529,5,75.875282,1.5642827701481017,1.2109379744784663,5030.573991561364,1.2190951,1.309557,0.0,True,1.4607264691036712,1.2405236821349264
1129,13174,510.27734,1369,3672.8281,3.9586599,6,200.1064,1.5792362677019751,1.1554951471562716,4840.568548118389,1.0952107,1.0920632,0.0,True,1.4340285973913824,1.13646556300939
1130,16151,502.56549,1369,3729.1875,4.4042068,6,86.161392,1.555381983106006,1.1781269209913379,4869.7897766331325,1.1335151,1.0189339,0.0,True,1.4288219181742043,1.1303690146939365
1131,41043,628.12512,1369,2983.7383,3.6638279,5,62.356827,1.9437141604441157,1.3274785434631045,6672.211541132341,1.2502413,1.4621356,0.0,True,1.735672302310881,1.3678756604241733
1132,6001,510.24207,1369,3673.082,4.0346417,6,101.39345,1.5791271631735948,1.0597160725620627,4439.113470398291,1.0943431,1.0649221,0.0,True,1.4336919442215164,1.061277880793444
1133,11171,500.55997,1369,3744.1289,3.5921361,4,55.660728,1.5491783566471353,1.1327566599260332,4665.847339678233,1.1175931,1.0553031,0.0,True,1.4197027796529946,1.1095205919482232
1134,27834,627.87115,1369,2984.9453,2.6770136,5,85.316734,1.9429287215572182,1.2788819164657805,6425.686985598722,1.250266,1.4626307,0.0,True,1.7351299050900528,1.3340065515260464
1135,5992,455.55472,1369,4114.0195,4.0509887,5,62.039967,1.409959747054245,1.0451120799035711,3962.6492226074392,1.1335377,1.08924,0.0,True,1.3270331329379714,1.0583504559324997
1136,24546,505.71365,1369,3705.9727,4.0394402,6,85.675919,1.5651198869642005,1.2299485745322403,5111.948609500802,1.2193362,1.3138949,0.0,True,1.4613847808749403,1.2551324721725683
1137,75121,534.37958,1369,3507.1719,2.9864745,5,260.59024,1.6537866991042363,1.3752653102856385,5999.416514154065,1.1176612,1.1558228,0.0,True,1.4929490493729651,1.309432557199947
1138,1212,385.64783,1369,4859.7734,3.192625,4,97.760475,1.193684142722559,0.8364409549577781,2738.74592781818,0.99816173,0.7899949,0.0,True,1.1350274189057914,0.8225071384704448
1139,201,383.81189,1369,4883.0195,4.1568451,5,192.34872,1.1880038171987524,0.6249334152955484,2039.2716287753287,1.0003054,0.48944491,0.0,True,1.1316942920391266,0.5842868637068839
1140,261,376.06793,1369,4983.5703,2.1875942,3,97.176857,1.164043722959907,0.6539834546591459,2095.508432522245,0.98099983,0.51418543,0.0,True,1.1091305550719348,0.6120440472614022
1141,960,379.8107,1369,4934.4609,2.8228664,4,163.25911,1.1756239805505886,0.8075593405634818,2608.9251868174574,0.99595279,0.71780062,0.0,True,1.121722623385412,0.7806317243944373
1142,373,364.39679,1369,5143.1875,2.9820881,3,120.13669,1.1279320361192553,0.6932188012099695,2159.7528184310745,1.0023668,0.43217698,0.0,True,1.0902624652834787,0.6149062548469786
1143,914,380.86566,1369,4920.793,1.9868917,3,58.146404,1.178888044467915,0.8020532636151729,2597.510033942413,1.0408782,0.53513479,0.0,True,1.1374850911275405,0.721977721530621
1144,0,298.54208,1369,6277.7109,2.0055592,2,60.162209,0.9241542971493069,0.0,206.93360103050162,0.93714875,0.0,0.0,True,0.9280526330045148,0.0
1145,4667,381.26123,1369,4915.6875,3.0041084,5,99.896667,1.1801119556885917,0.9938463402709483,3221.1618282358595,1.0413315,0.89722055,0.0,True,1.1384778189820142,0.9648586031896638
1146,11260,490.50171,1369,3820.9062,3.0340755,5,160.7075,1.5180654479804765,1.130933365307774,4575.983405516098,1.1224335,1.1219,0.0,True,1.3993758635863336,1.1282233557154417
1147,41903,515.70734,1369,3634.1562,4.0722742,6,94.345596,1.596032044247808,1.2981085348385708,5488.755954823432,1.113652,1.1440331,0.0,True,1.4513180309734657,1.2518859043869996
1148,36866,515.46576,1369,3635.8594,3.9906173,6,67.464798,1.5952848021257615,1.282415706340011,5420.173623857886,1.1137744,1.1434443,0.0,True,1.450831681488033,1.2407242844380078
1149,21068,622.59717,1369,3010.2305,3.0725708,5,122.14513,1.9266194313782896,1.2427719786124125,6198.331814168996,1.2500114,1.4626046,0.0,True,1.7236370219648027,1.3087217650286889
1150,15750,492.48392,1369,3805.5273,1.7242998,4,86.173103,1.5241970328329204,1.172184553688747,4759.720481767354,1.1235113,1.1248679,0.0,True,1.4039913129830444,1.1579895575821229
1151,10988,617.97888,1369,3032.7266,3.9810839,6,97.903534,1.9123376099482374,1.1604403723937464,5750.133451160837,1.2498175,1.4680406,0.0,True,1.7135815769637663,1.2527204406756225
1152,2413,430.03375,1369,4358.1719,3.0247321,4,136.3555,1.3310075717634757,0.9294247408506152,3349.7283575088745,1.1022192,0.88411742,0.0,True,1.262371060234433,0.9158325445954306
1153,117,362.43411,1369,5171.0391,4.0066404,4,122.65517,1.1218592593066503,0.5578828786279665,1732.1173698059683,1.0025973,0.527722,0.0,True,1.0860806715146551,0.5488346150395765
1154,25928,505.54208,1369,3707.2305,3.0215678,5,189.27498,1.564589154836924,1.2365620736443623,5137.902962197653,1.2204113,1.3522905,0.0,True,1.4613357983858468,1.2712806015510536
1155,0,436.2941,1369,4295.6367,2.0224686,3,164.34579,1.3503751522529444,0.0,302.41602530993885,1.118889,0.98214126,13.354690639443188,True,1.280929306577061,0.29464237800000004
1156,13868,491.29025,1369,3814.7734,2.0283055,4,157.58989,1.5205046789233914,1.156411137757322,4685.672659624397,1.1228572,1.1235882,0.0,True,1.401210435246374,1.1465642564301253
1157,0,429.52017,1369,4363.3828,1.0024253,2,132.50127,1.3294187655410976,0.0,297.7206948291284,1.1017128,0.0,0.0,True,1.2611069758787683,0.0
1158,0,290.9198,1369,6442.1914,1.9935851,3,74.098259,0.9005663321996211,0.0,201.6502391390632,0.97566831,0.0,0.0,True,0.9230969255397348,0.0
1159,0,294.36246,1369,6366.8477,1.6288816,2,15.214632,0.9112200646736051,0.0,204.03650921168966,0.87646627,0.0,0.0,True,0.9007939262715234,0.0
1160,6491,475.26309,1369,3943.418,2.9681346,5,267.11234,1.4709269874802469,1.0601121301626664,4172.087507732236,1.1046851,0.84962058,0.0,True,1.3610544212361728,0.9969646651138664
1161,33541,487.1366,1369,3847.3008,3.1092415,5,220.36772,1.5076560951252085,1.2621937512987722,5076.2476049120705,1.1074547,1.1194665,0.0,True,1.387595676587646,1.2193755759091405
1162,25798,537.17841,1369,3488.8984,3.053844,5,262.85425,1.6624436314417919,1.2451386320064266,5456.727998910941,1.1232758,0.95277303,0.0,True,1.5006932820092542,1.1574289514044986
1163,72051,533.97754,1369,3509.8125,2.9960155,5,199.76376,1.6525431847771888,1.3700278459526378,5972.62274662725,1.1173606,1.1539029,0.0,True,1.491988409344032,1.3051903621668466
1164,89684,529.21204,1369,3541.418,4.0751634,6,92.48246,1.6378033336993663,1.395311203374708,6035.17112786477,1.1122475,1.1546534,0.0,True,1.4801365835895564,1.3231138623622956
1165,85625,527.27356,1369,3554.4375,4.0511508,6,92.014351,1.6318076201508789,1.3890213949202503,5988.644404380818,1.1127236,1.1552082,0.0,True,1.476082414105615,1.318877436444175
1166,68666,524.65131,1369,3572.2031,4.012641,6,72.39225,1.6236967096498631,1.3611986311955326,5843.061878623978,1.1130855,1.1550183,0.0,True,1.470513346754904,1.2993445318368728
1167,44995,519.89679,1369,3604.8711,4.0456638,6,99.688698,1.6089906326539758,1.3080814064594575,5570.356743751987,1.112506,1.1439472,0.0,True,1.4600452428577828,1.25884114452162
1168,50476,529.82507,1369,3537.3203,3.0179679,5,74.091362,1.6396995245359232,1.3251724830791682,5737.630856489865,1.1170175,1.1414478,0.0,True,1.4828949171751462,1.2700550781554176
1169,21102,443.72626,1369,4223.6875,3.7606249,6,64.103584,1.3733674847206143,1.1925935004441723,4418.279047659859,1.015293,1.0094982,0.0,True,1.26594513930443,1.1376649103109207
1170,12098,437.63565,1369,4282.4688,3.1937151,5,54.39006,1.3545253995291882,1.1241055466505305,4114.195560391604,1.0090384,0.92137283,0.0,True,1.2508792996704317,1.0632857316553714
1171,11761,428.95148,1369,4369.168,2.2725472,4,13.203091,1.3276592922281507,1.1180500196778145,4020.439666724632,1.0003265,0.91443342,0.0,True,1.2294594545597055,1.05696503977447
1172,17880,409.93127,1369,4571.8906,4.0154057,6,55.39632,1.2688151774094338,1.161734840276982,4013.8624854864793,1.0179396,1.0413626,0.0,True,1.1935525041866037,1.1256231681938873
1173,12218,429.14716,1369,4367.1758,1.9502486,4,21.238493,1.3282646610581201,1.1226581214108613,4038.6306384691643,1.0003341,0.9200291,0.0,True,1.2298854927406841,1.061869414987603
1174,189911,593.63196,1369,3157.1094,2.9881542,5,47.195992,1.8370436342249943,1.508286199753261,7215.193606384524,1.1312963,1.2012211,0.0,True,1.625319433957496,1.4161666698272826
1175,13624,431.24359,1369,4345.9453,3.0489051,5,72.919754,1.3347504194890263,1.1363112231048684,4105.3247021361985,1.0018733,0.93007165,0.0,True,1.2348872836423184,1.074439351173408
1176,3042,332.16208,1369,5642.3086,2.9475994,4,42.83968,1.0281900272232352,0.9284626659919955,2664.248034666576,0.90849203,0.84748292,0.0,True,0.9922806280562646,0.9041687421943969
1177,389,393.37009,1369,4764.3711,3.1285594,4,87.111588,1.2175765779316554,0.704423083621071,2347.911030055124,0.99267465,0.49288008,0.0,True,1.1501059995521588,0.6409601825347496
1178,914,415.44666,1369,4511.1953,2.9749985,3,89.205711,1.2858787239032932,0.810331369159571,2833.3530198492094,1.0092487,0.66299963,0.0,True,1.2028897167323052,0.7661318474116997
1179,268,386.8284,1369,4844.9414,2.9599919,3,74.266853,1.1973369046901086,0.659263183721303,2165.628608924207,0.99378729,0.48473686,0.0,True,1.136272020283076,0.606905286604912
1180,27217,493.39908,1369,3798.4688,4.5040083,6,111.89334,1.5270278795843135,1.2388034575120188,5038.428848632246,1.1117343,1.1104881,0.0,True,1.4024398057090195,1.2003088502584132
1181,1692,417.09174,1369,4493.4023,3.9586496,5,15.770993,1.290968288442247,0.8838697339069405,3101.0136369074758,1.0056478,0.6490249,0.0,True,1.205372141909573,0.8134162837348583
1182,5220,413.41443,1369,4533.3711,2.5093641,4,20.482269,1.279591390678117,1.016694006906315,3539.090348717563,1.0048021,0.83896065,0.0,True,1.1971546034746818,0.9633739998344204
1183,8002,397.4285,1369,4715.7188,3.0114923,5,54.926857,1.2301330492801608,1.0624495657291981,3571.9668162284474,0.99339539,0.90558404,0.0,True,1.1591117514961125,1.0153899080104387
1184,488,358.13446,1369,5233.1211,4.5502424,5,27.767324,1.1085554091748404,0.7231249953292004,2218.4300297643604,0.94739085,0.5477789,0.0,True,1.0602060414223882,0.6705211667304403
1185,3497,406.53839,1369,4610.0469,2.3217692,4,19.364777,1.2583180394566977,0.9672029304836423,3317.4477794728473,1.0039769,0.87188804,0.0,True,1.1820156976196885,0.9386084633385496
1186,12674,431.24707,1369,4345.9102,4.008924,6,134.16628,1.3347611947207052,1.127685253255142,4074.1919110251006,1.0019517,0.93853623,0.0,True,1.2349183463044937,1.0709405462785995
1187,4172,377.7298,1369,4961.6445,3.7890482,6,58.572319,1.1691856282395607,0.9795881888687208,3148.993615677162,0.94949895,0.79618806,0.0,True,1.1032796247676926,0.9245681502081046
1188,11887,431.35834,1369,4344.7891,4.1718979,6,60.35268,1.3351054490061045,1.120068194709716,4047.594424486158,1.0021622,0.93994522,0.0,True,1.235222474304273,1.066031302296801
1189,1762,361.00406,1369,5191.5234,1.8481892,3,33.005249,1.1174344209348015,0.8736946247727976,2698.6278142778924,0.95648843,0.83310336,0.0,True,1.069150623654361,0.8615172453409583
1190,1018,332.37909,1369,5638.625,2.6055007,4,30.706152,1.0288614848692017,0.8018795127092485,2302.575392811092,0.90992105,0.7725625,0.0,True,0.9931793544084411,0.793084408896474
1191,125962,531.836,1369,3523.9453,2.0172923,4,107.4265,1.6459194114810407,1.4377416783505754,6245.749785963605,1.1098135,1.1507459,0.0,True,1.4850876380367284,1.3516429448454028
1192,22488,400.26062,1369,4682.3516,3.0555563,4,49.347431,1.2388954349819388,1.1855831662396636,4010.9420456651806,1.0222872,0.97643977,0.0,True,1.1739129644873572,1.1228401473677645
1193,128273,532.13037,1369,3521.9961,1.9963002,4,59.390873,1.6468298058247968,1.4400648955654172,6258.881054563583,1.1098951,1.1514285,0.0,True,1.4857493940773576,1.353473976895792
1194,0,310.70126,1369,6032.0352,1.9844413,2,63.647099,0.9617812327462625,0.0,215.3617023654225,0.92468429,0.0,0.0,True,0.9506521499223837,0.0
1195,0,254.23071,1369,7371.8906,1.2541735,2,13.433334,0.7870230422309684,0.0,176.2192998482531,0.84170711,0.0,0.0,True,0.803428262561678,0.0
1196,21624,399.50375,1369,4691.2227,1.9707903,4,38.038662,1.23655368263056,1.1806838946677607,3987.7072348088413,1.0228244,0.99053276,0.0,True,1.172434897841392,1.1236385542674325
1197,0,265.17944,1369,7067.5195,1.0307764,2,13.677668,0.820907533120227,0.0,183.80838117846517,0.85896009,0.0,0.0,True,0.8323233001841589,0.0
1198,4994,309.82788,1369,6049.0391,3.710237,4,50.009422,0.959078551168235,0.9779565312180835,2638.615948545096,0.92230701,0.91580653,0.0,True,0.9480470888177646,0.9593115308526585
1199,10988,386.35184,1369,4850.918,3.0000713,4,104.2107,1.1958623271793056,1.096271524477888,3594.9038243856153,0.99236554,1.0010132,0.0,True,1.134813291025514,1.0676940271345217
1200,21137,399.49176,1369,4691.3633,2.6480265,5,37.917568,1.2365166389506521,1.1779854407516965,3978.4884832393404,1.0230316,1.0140784,0.0,True,1.1724711272654564,1.1288133285261877
1201,19761,409.99994,1369,4571.125,3.0157623,5,48.454376,1.269027593405022,1.173625514931564,4055.5417869785715,1.0183243,1.052279,0.0,True,1.1938166053835153,1.1372215604520948
1202,186707,593.62903,1369,3157.125,3.0063105,5,77.200302,1.8370345627635314,1.5061738172025811,7205.057504618101,1.1312963,1.2003107,0.0,True,1.625313083934472,1.4144148820418068
1203,760,331.89944,1369,5646.7734,2.9998243,4,40.702614,1.027377344095683,0.7679533122357857,2202.466945702327,0.90814871,0.53559852,0.0,True,0.9916087538669782,0.6982468745650499
1204,212,267.67932,1369,7001.5156,2.969136,3,33.448578,0.8286440902752242,0.6055008216973868,1436.360810837359,0.82817268,0.60453397,0.0,True,0.828502667192657,0.6052107661881708
1205,0,250.73318,1369,7474.7227,1.9884911,2,40.094524,0.7761986161517453,0.0,173.79499678982927,0.81826484,0.0,0.0,True,0.7888184833062217,0.0
1206,933,307.02795,1369,6104.2031,2.0310397,3,35.237759,0.9504141473922381,0.7845933854033139,2100.2389777671206,0.89791191,0.78572834,0.0,True,0.9346634761745667,0.7849338717823198
1207,2472,307.27255,1369,6099.3438,2.9848664,4,33.646996,0.9511710867842493,0.8963748777575651,2400.9022011341544,0.89791995,0.84107351,0.0,True,0.9351957457489746,0.8797844674302955
1208,129027,533.29022,1369,3514.3359,3.0200462,5,91.50666,1.650417360039563,1.4411663225363127,6275.648632190347,1.1103029,1.1519005,0.0,True,1.4883830220276941,1.354386575775419
1209,258,317.54886,1369,5901.9609,2.9661841,3,47.477928,0.9829709090875485,0.6399259833839768,1765.7881127519213,0.92023402,0.5330466,0.0,True,0.964149842361284,0.6078621683687837
1210,721,383.74988,1369,4883.8086,1.9803767,3,13.54308,1.187811944391424,0.7748760017219601,2526.3824989943196,0.99312884,0.71128058,0.0,True,1.1294070130739966,0.7557973752053722
1211,5517,393.37976,1369,4764.2539,3.0119073,4,42.678421,1.2176065175819402,1.0172672052590115,3389.3411155493595,0.99267483,0.92434537,0.0,True,1.150127011307358,0.989390654681308
1212,114309,535.23566,1369,3501.5625,3.0298822,5,52.876572,1.6564345043339004,1.4269694689257149,6233.717430627649,1.1105371,1.1522998,0.0,True,1.4926652830337304,1.3445685682480004
1213,20823,410.4447,1369,4566.1719,3.0283384,5,78.975571,1.2704035531347542,1.17998795256244,4081.424938024358,1.0195185,1.0599198,0.0,True,1.1951380371943279,1.1439675067937078
1214,12287,422.58124,1369,4435.0312,4.9798293,7,52.734745,1.3079515449632946,1.1212689245844585,3979.2192723370167,0.9946115,0.95445967,0.0,True,1.2139495314743063,1.071226148209121
1215,9619,397.42947,1369,4715.707,2.9841192,5,60.448704,1.2301361261075223,1.0842043995222848,3645.1052563765684,0.99339539,0.93786019,0.0,True,1.1591139052752657,1.0403011366655992
1216,3514,355.63171,1369,5269.9492,5.9460087,6,18.218082,1.1008114063561805,0.9526798167095272,2903.761099094379,0.93002069,0.8745122,0.0,True,1.0495741914493264,0.929229531696669
1217,181,323.8689,1369,5786.7891,2.3554394,3,52.200733,1.0025277675240132,0.6006574443583507,1687.190549885983,0.91167235,0.39942613,0.0,True,0.9752711422668092,0.5402880500508455
1218,208,308.19632,1369,6081.0625,3.071722,4,27.719276,0.9540296212788116,0.613115102027482,1647.9588636114108,0.87742662,0.46912324,0.0,True,0.9310487208951682,0.5699175434192374
1219,1683,334.659,1369,5600.2109,3.2635951,4,39.446098,1.0359163402952825,0.8607166436668758,2486.3560157260745,0.90810263,0.80066484,0.0,True,0.9975722272066977,0.8427011025668131
1220,2776,375.68866,1369,4988.6016,4.8921995,5,30.28018,1.1628701864501347,0.9311391252767571,2979.0181664320044,0.95221168,0.85101527,0.0,True,1.0996726345150942,0.90710196869373
1221,0,350.29843,1369,5350.1836,5.7527051,5,27.665852,1.0843091804792235,0.0,242.80836910907536,0.92439765,0.0,0.0,True,1.0363357213354565,0.0
1222,0,288.9303,1369,6486.5508,3.1472988,3,18.052435,0.8944095518355718,0.0,200.27122282333914,0.85389274,0.0,0.0,True,0.8822545082849003,0.0
1223,793,322.55185,1369,5810.418,1.6141294,3,29.169073,0.9984522470838025,0.770320953681171,2154.111604014667,0.89417386,0.75428951,0.0,True,0.9671687309586617,0.7655115205768197
1224,43,309.65851,1369,6052.3477,3.2971182,4,29.189939,0.9585544307424466,0.43452994174034537,1178.7654346551674,0.87757957,0.29203254,0.0,True,0.9342619725197125,0.39178072121824176
1225,33,308.72223,1369,6070.7031,3.9992976,4,86.399261,0.9556570966050261,0.40478332648860177,1097.6149819691889,0.89797068,0.26107305,0.0,True,0.9383511716235182,0.36167024354202126
1226,22118,493.16629,1369,3800.2617,3.9140275,6,125.88479,1.5263078322805452,1.2135686919274342,4933.752670275179,1.1110005,1.1075314,0.0,True,1.4017156325963818,1.181757504349204
1227,9072,397.42685,1369,4715.7383,3.0134659,4,65.407433,1.2301279647263057,1.0772831993296463,3621.8178346661384,0.99339539,0.95834517,0.0,True,1.1591081923084139,1.0416017905307524
1228,109853,533.68768,1369,3511.7188,2.0573306,4,13.116672,1.6516466295169496,1.4215937449469358,6194.468388680064,1.1108345,1.152959,0.0,True,1.4894029906618647,1.3410033214628552
1229,3264,383.74988,1369,4883.8086,2.9993503,4,64.396049,1.187811944391424,0.952523463993865,3105.043567758742,0.99312884,0.89925259,0.0,True,1.1294070130739966,0.9365422017957055
1230,107257,532.59521,1369,3518.9219,3.0252097,5,92.482719,1.6482676917912724,1.4183090268240832,6169.051249127252,1.1110928,1.1542056,0.0,True,1.4871152242538908,1.3390779987768582
1231,4779,389.73721,1369,4808.7812,3.0194979,4,56.139778,1.2063366783528506,0.9992184314705319,3302.0114900519634,0.99296468,0.9496693,0.0,True,1.1423250788469956,0.9843536920293723
1232,157970,593.88177,1369,3155.7812,3.9875188,6,112.14742,1.8378163164345716,1.4855117398671216,7108.867576618789,1.1312973,1.1974491,0.0,True,1.6258606115042,1.3990929479069851
1233,100228,532.05896,1369,3522.4688,3.0298214,5,50.973522,1.646608933831487,1.409835815733516,6126.777479915764,1.1112423,1.148867,0.0,True,1.4859989436820409,1.3315451710134611
1234,25569,410.61295,1369,4564.3008,4.0056319,6,54.889183,1.2709241171957706,1.2044100249153125,4167.3987729278315,1.0202516,1.0781046,0.0,True,1.1957223620370394,1.1665183974407187
1235,0,332.00739,1369,5644.9375,2.0686381,3,28.437256,1.027711359137646,0.0,230.12998630356617,0.91436732,0.0,0.0,True,0.9937081473963523,0.0
1236,0,430.31839,1369,4355.2891,2.060734,3,26.409866,1.3318881717282292,0.0,298.27397877159495,1.0081341,0.0,0.0,True,1.2347619502097604,0.0
1237,25,365.08972,1369,5133.4258,3.9975698,5,91.830528,1.1300760714117106,0.3813264916473404,1203.276158575198,0.98896462,0.24294829,0.0,True,1.0877426359881974,0.33981303115313827
1238,12463,438.88147,1369,4270.3125,4.0813084,6,53.434902,1.3583795223524358,1.1280426663657872,4138.950699725491,1.0149876,0.99069828,0.0,True,1.2553619456467051,1.0868393504560512
1239,2512,288.37198,1369,6499.1094,3.0049338,3,22.959124,0.8926817649138993,0.8917241260475705,2257.846017987412,0.89430594,0.86228687,0.0,True,0.8931690174397295,0.8828929492332993
1240,0,238.41954,1369,7860.7695,0.99767131,1,13.386513,0.7380887628831471,0.0,165.2598319413991,0.81636494,0.0,0.0,True,0.761571616018203,0.0
1241,4193,389.73499,1369,4808.8086,3.0195961,5,55.920155,1.2063298076523645,0.9837927972584954,3251.0323410710143,0.99296468,0.92391819,0.0,True,1.1423202693566552,0.9658304150809468
1242,5034,333.57913,1369,5618.3398,2.9332709,4,25.607292,1.03257490109234,0.9872420248363069,2843.5510594792527,0.91612065,0.91527212,0.0,True,0.9976386257646379,0.9656510533854148
1243,2587,269.63934,1369,6950.6211,1.9945402,3,13.217353,0.834709921570491,0.8882813182421917,2119.102847862398,0.8348214,0.85805041,0.0,True,0.8347433650993437,0.8792120457695342
1244,3723,365.17392,1369,5132.2422,3.0359695,5,38.318214,1.1303365885408252,0.962390791617259,3002.760190971977,0.98911244,0.85252863,0.0,True,1.0879693439785776,0.9294321431320813
1245,28195,439.99432,1369,4259.5117,4.0264659,6,66.107262,1.3618223348044172,1.2260599217224752,4508.608979252369,1.0157503,1.005785,0.0,True,1.258000724363092,1.1599774452057328
1246,21929,410.09036,1369,4570.1172,4.0418954,6,56.602787,1.269307316332648,1.1860073237161934,4099.122347918996,1.020816,1.0811644,0.0,True,1.1947599214328537,1.1545544466013355
1247,122166,593.67163,1369,3156.8984,3.0221326,5,56.306145,1.837166340357873,1.453551156424872,6953.766292964008,1.1312921,1.1888505,0.0,True,1.625404068250511,1.3741409594974106
1248,24874,439.72415,1369,4262.1289,4.0129728,6,92.223534,1.360986487319917,1.210976650416838,4450.737795808904,1.0155381,0.99703354,0.0,True,1.2573519711239418,1.1467937172917866
1249,7171,416.08185,1369,4504.3086,3.0198729,4,66.841484,1.2878438491962891,1.0552073216022242,3694.0076413357106,1.0087341,0.90932119,0.0,True,1.2041109244374024,1.011441482121557
1250,99942,532.06836,1369,3522.4062,1.9878993,4,84.96553,1.6466381806644028,1.4094890237585205,6125.365329207868,1.1112423,1.1503751,0.0,True,1.486019416465082,1.3317548466309643
1251,98215,532.02356,1369,3522.7031,2.9648895,5,57.342884,1.6464994776695776,1.4073404021780067,6115.576025438101,1.1112419,1.1519172,0.0,True,1.4859222043687044,1.3307134415246047
1252,16259,489.32159,1369,3830.1211,3.1053789,5,56.735306,1.5144150358636477,1.1751245430519481,4744.718972649524,1.1083587,1.1065704,0.0,True,1.3925981351045533,1.1545583001363637
1253,92192,531.74347,1369,3524.5586,4.0994911,6,203.25519,1.6456331714125894,1.3995021853970413,6078.70541510125,1.1112198,1.1518879,0.0,True,1.4853091599888124,1.325217899777929
1254,6031,365.29599,1369,5130.5273,3.045476,4,157.93097,1.1307142610016592,1.018878060915504,3179.9014754857,0.98951095,0.96325028,0.0,True,1.0883532677011614,1.0021897266408528
1255,10487,486.07208,1369,3855.7266,3.0494447,5,55.730137,1.5043631689944905,1.121080565805473,4500.095353406423,1.10658,1.0974617,0.0,True,1.3850282182961433,1.113994906063831
1256,37669,487.86029,1369,3841.5938,2.9432678,5,55.563583,1.509894675418183,1.2764815909836809,5140.411098377415,1.1076052,1.1216993,0.0,True,1.389207832792728,1.2300469036885766
1257,450,361.24078,1369,5188.1211,2.9845533,3,143.61349,1.1181669370085296,0.7143983766757488,2208.5113193146954,0.99105132,0.74382883,0.0,True,1.0800322519059709,0.7232275126730241
1258,500,334.23773,1369,5607.2695,2.983326,3,58.14563,1.0346127625157502,0.720151893069113,2078.4907877834917,0.91726917,0.50872809,0.0,True,0.9994096847610251,0.656724752148379
1259,11472,439.13776,1369,4267.8203,2.9921622,5,55.796158,1.3591723785402259,1.1182108138439526,4104.9890288708575,1.0151904,0.94797397,0.0,True,1.2559777849781582,1.0671397606907669
1260,35024,487.85532,1369,3841.6328,2.004271,4,57.717865,1.509879355044098,1.267660285526665,5104.842900626342,1.1076052,1.1178235,0.0,True,1.3891971085308685,1.2227092498686654
1261,2818,389.83444,1369,4807.582,3.0104833,5,56.475925,1.2066374610289086,0.936966298421687,3097.036653810881,0.9922958,0.88018703,0.0,True,1.142334962720236,0.9199325178951809
1262,27041,409.74014,1369,4574.0234,3.9876189,6,55.548386,1.2682238060868178,1.2107466618610565,4181.473304030105,1.0214219,1.0871645,0.0,True,1.1941832342607723,1.1736720133027396
1263,15575,439.49939,1369,4264.3086,3.9928133,6,194.76465,1.3602911456265354,1.1548975276643174,4242.729664344588,1.0153278,0.97230101,0.0,True,1.2568021419385746,1.1001185723650222
1264,112780,592.85663,1369,3161.2383,2.0266919,4,60.681568,1.8346457846980233,1.443384973266829,6896.826880682015,1.130963,1.1860765,0.0,True,1.6235409492886164,1.3661924312867804
1265,24,316.67383,1369,5918.2695,4.0232835,5,92.179298,0.9802631135441284,0.3705690048480379,1031.7539092050033,0.92051411,0.34007096,0.0,True,0.9623384124808899,0.3614195913936265
1266,259,389.83856,1369,4807.5312,2.997437,4,58.759453,1.20665020596817,0.6558519133947858,2169.264622681292,0.99229586,0.56699741,0.0,True,1.142343902177719,0.6291955623763501
1267,0,316.98682,1369,5912.4258,2.021575,3,105.18134,0.9812316544896617,0.0,219.71852055766288,0.92015147,0.0,0.0,True,0.9629075991427631,0.0
1268,19812,436.70193,1369,4291.625,2.9812107,4,65.367668,1.3516368600169648,1.1827797012940313,4320.791796888642,1.0139934,0.97817719,0.0,True,1.2503438220118752,1.121398947905822
1269,97147,591.48694,1369,3168.5586,1.9934075,4,26.047546,1.8304098883680437,1.4244631122160079,6792.636705908098,1.1303161,1.1812557,0.0,True,1.6203817518576307,1.3515008885512054
1270,21107,409.73489,1369,4574.082,4.0130234,6,57.28376,1.2682075655747298,1.1813529047217317,4079.9166343767306,1.0214218,1.0919275,0.0,True,1.1941718359023108,1.1545252833052122
1271,16103,420.7926,1369,4453.8828,2.0087757,4,67.487961,1.3024179659955015,1.1528905935116267,4076.1695510413806,1.0101029,0.934466,0.0,True,1.214723446196851,1.0873632154581387
1272,0,322.22083,1369,5816.3867,2.0061638,2,46.647053,0.9974280006329488,0.0,223.34645983218542,0.91160959,0.0,0.0,True,0.9716824774430641,0.0
1273,7659,401.05258,1369,4673.1055,2.9894981,5,83.140701,1.2413456366044235,1.0584063286785876,3586.9732889557013,1.0242488,1.0498868,0.0,True,1.1762165856230964,1.0558504700750113
1274,18665,421.24814,1369,4449.0664,2.9819939,4,149.2002,1.3038272835225153,1.1706123374499455,4142.77011445291,1.0103899,0.95651013,0.0,True,1.2157960684657607,1.106381675214962
1275,34976,452.75272,1369,4139.4805,3.0238204,5,206.98689,1.4012915944166202,1.2561391669949789,4736.913820136321,1.1080414,1.106198,0.0,True,1.3133165360916341,1.211156816896485
1276,40160,452.76169,1369,4139.3984,2.9901443,4,52.895065,1.4013193739318441,1.2727354050777997,4799.580231697284,1.1080419,1.0915035,0.0,True,1.313336131752291,1.2183658335544598
1277,0,273.71564,1369,6847.1094,1.9906532,2,66.49395,0.847325027848196,0.0,189.725224141161,,,,False,0.847325027848196,0.0
1278,4978,341.32819,1369,5490.7891,2.9971685,4,50.502045,1.056552819967244,0.9885745134397845,2905.7900852173243,0.98980391,0.9623313,0.0,True,1.0365281469770709,0.9807015494078493
1279,34599,587.88416,1369,3187.9766,2.0189443,4,29.165665,1.8192678319616329,1.2954266678649715,6144.35234533904,1.1288055,1.1563437,0.0,True,1.612129132373143,1.25370177750548
1280,8884,439.13092,1369,4267.8867,3.0139599,4,144.05228,1.3591512423714525,1.087629197073909,3992.680327505235,1.0151902,0.9188444,0.0,True,1.2559629296600168,1.0369937579517363
1281,8379,485.7645,1369,3858.168,3.9971955,6,112.29066,1.503411720186878,1.0938254010666708,4388.261702143056,1.1065701,1.1003503,0.0,True,1.3843592341308146,1.0957828707466695
1282,26604,486.80643,1369,3849.9102,2.0284061,4,47.03064,1.5066347634714696,1.2340278255916333,4960.01815635888,1.1072148,1.1087593,0.0,True,1.3868087744300288,1.1964472679141434
1283,1198,359.56851,1369,5212.25,2.9814069,3,46.856331,1.112992628487384,0.8282462486573182,2549.368363625524,0.99032867,0.68429893,0.0,True,1.0761934409411689,0.7850620530601228
1284,0,315.64444,1369,5937.5703,3.021646,3,13.939706,0.9770777211089395,0.0,218.7880536454228,0.95202976,0.0,0.0,True,0.9695633327762577,0.0
1285,882,408.96164,1369,4582.7305,1.9992397,3,103.55412,1.2658152563362974,0.8045976517143605,2774.582686845873,1.0608039,0.84592158,0.0,True,1.2043118494354084,0.8169948302000524
1286,608,346.46133,1369,5409.4375,2.9844017,3,51.987728,1.0724362635788256,0.7458677324910518,2222.0155202006154,0.95875698,0.49069619,0.0,True,1.038332478505178,0.6693162697437363
1287,2227,410.78171,1369,4562.4258,3.1040816,5,47.210941,1.2714461944129622,0.9148605833241109,3166.842860105497,1.0631511,0.91950339,0.0,True,1.2089576660890735,0.9162534253268776
1288,21991,484.45734,1369,3868.5781,3.007549,5,11.983151,1.4993682243720494,1.210256478773019,4843.836782562061,1.105867,1.1052581,0.0,True,1.3813178570604348,1.1787569651411132
1289,15903,435.93457,1369,4299.1797,2.9885855,5,48.832096,1.349262811105135,1.1562648567841542,4217.4005233644375,1.0136523,0.94013894,0.0,True,1.2485796577735946,1.091427081748908
1290,6994,413.39447,1369,4533.5898,2.9865918,5,91.208572,1.279529690513534,1.05142797853263,3659.8200342507394,1.0661114,0.94842988,0.0,True,1.2155042033594738,1.020528548972841
1291,12570,435.92346,1369,4299.2891,2.0281913,4,48.732449,1.3492284936370218,1.1281532016067395,4114.780667026975,1.0136521,0.91165155,0.0,True,1.2485555755459152,1.0632027061247176
1292,18170,436.68445,1369,4291.7969,3.0316997,5,92.078278,1.3515827479148677,1.172432174425668,4282.842668219309,1.0139931,0.96757674,0.0,True,1.2503058535404072,1.1109755440979676
1293,74525,588.02039,1369,3187.2383,2.0114951,4,82.151276,1.8196889875210458,1.3905689981789788,6596.95180554572,1.1290195,1.1753435,0.0,True,1.6124881412647323,1.3260013487252853
1294,17612,409.67297,1369,4574.7734,4.025105,6,46.024315,1.2680159811037053,1.1598564074239972,4005.147028718904,1.0214208,1.0932584,0.0,True,1.1940374267725937,1.1398770051967981
1295,16923,435.98685,1369,4298.6641,4.0138426,6,194.73055,1.3494245721469718,1.1637110708355847,4245.0064990379515,1.0135419,0.95597613,0.0,True,1.2486597705028804,1.1013905885849093
1296,1,315.64297,1369,5937.5977,3.0535116,4,51.198433,0.9770732137448199,0.07976776491708651,346.7692456736995,0.92088658,0.051412862,0.0,True,0.960217223621374,0.07126129404196055
1297,0,255.97173,1369,7321.75,2.0422993,2,47.22551,0.79241123919991,0.0,177.42608295255158,0.84019756,0.0,0.0,True,0.8067471354399369,0.0
1298,1139,313.97049,1369,5969.2266,3.0050993,4,47.53046,0.9718977693947071,0.8095324497566637,2210.245609479767,0.92262506,0.79332042,0.0,True,0.957115956576295,0.8046688408296645
1299,0,317.84695,1369,5896.4258,2.0128918,3,75.063232,0.9838933318598907,0.0,220.3147172420779,0.91990751,0.0,0.0,True,0.9646975853019235,0.0
1300,12377,409.68311,1369,4574.6602,3.9949067,6,43.919342,1.268047344456628,1.118013928537863,3860.753980405979,1.021421,1.0976515,0.0,True,1.1940594411196397,1.111905199976504
1301,0,325.49658,1369,5757.8516,1.9941733,2,69.083267,1.007564467996075,0.0,225.61703670890466,0.91275543,0.0,0.0,True,0.9791217565972525,0.0
1302,30136,426.64639,1369,4392.7734,2.9665031,4,49.123058,1.3205281102980966,1.2294967392213239,4400.235510615078,1.0116291,1.0535185,0.0,True,1.2278584072086676,1.1767032674549267
1303,0,315.36868,1369,5942.7617,2.0077982,3,71.665146,0.9762244654971353,0.0,218.59691137891159,0.92077738,0.0,0.0,True,0.9595903398479948,0.0
1304,0,340.66556,1369,5501.4688,1.0084745,2,7.8005195,1.0545025372162264,0.0,236.1313724278749,,,,False,1.0545025372162264,0.0
1305,0,587.9519,1369,3187.6094,0.99527198,2,31.991453,1.8194772730135362,0.0,407.53720178986293,,,,False,1.8194772730135362,0.0
1306,18101,481.10538,1369,3895.5312,3.0502353,5,54.478832,1.4889994499826815,1.1856986710799553,4716.676776566034,1.1034544,1.1027961,0.0,True,1.3733359349878769,1.1608278997559687
1307,5867,435.93179,1369,4299.207,3.004374,4,101.72846,1.3492542472590463,1.0370969329487674,3782.771751532372,1.0137303,0.83023608,0.0,True,1.2485970630813323,0.9750386770641372
1308,4012,332.8548,1369,5630.5664,3.0132136,4,48.419765,1.0303334929332286,0.960724403048183,2761.87719195518,1.0101982,0.81750661,0.0,True,1.02429290505326,0.9177590651337281
1309,5933,485.73547,1369,3858.3984,4.0006371,6,138.73065,1.5033219921266003,1.0520257085066922,4220.37203996439,1.1065699,1.1015884,0.0,True,1.3842963644886201,1.0668945159546845
1310,1206,360.12747,1369,5204.1602,3.0147362,4,47.539631,1.114722096544463,0.8291735703130076,2555.7243153322306,0.98912913,0.79668486,0.0,True,1.077044206581124,0.8194269572191054
1311,15507,479.24844,1369,3910.625,2.0220428,4,48.185413,1.4832553114827873,1.1664477100806365,4624.3524396396515,1.1031197,1.0984541,0.0,True,1.3692146280379511,1.1460496270564455
1312,5907,360.12909,1369,5204.1367,2.9784732,4,52.96479,1.1147271282927205,1.014755831295389,3127.444528379297,0.98912919,0.90158105,0.0,True,1.0770477468049042,0.9808033969067722
1313,0,285.87027,1369,6555.9844,2.0029473,2,41.406555,0.8849398624812741,0.0,198.15017165641032,0.89493096,0.0,0.0,True,0.8879371917368919,0.0
1314,3020,332.96844,1369,5628.6445,1.9757369,4,90.179924,1.0306851752211208,0.9278830144843447,2668.300578007336,1.0101998,0.91687888,0.0,True,1.0245395626547846,0.9245817741390413
1315,4158,424.2579,1369,4417.5039,3.0154982,5,47.330425,1.313138746882957,0.9927354100345703,3535.4557802043555,1.0101489,0.90415519,0.0,True,1.2222417928180698,0.9661613440241992
1316,26380,426.64035,1369,4392.8359,2.0360091,4,17.016451,1.3205093307557492,1.2136263856742977,4343.3853065477915,1.011629,1.0464902,0.0,True,1.2278452315290243,1.1634855299720084
1317,23114,426.3147,1369,4396.1914,2.003746,4,14.5319,1.319501878224386,1.19776209250362,4283.729600518051,1.0112994,1.0349892,0.0,True,1.2270411347570702,1.148930224752534
1318,6614,409.68417,1369,4574.6484,3.9953997,6,49.058571,1.2680506138706964,1.0436774197831278,3604.092522769508,1.021421,1.1007553,0.0,True,1.1940617297094875,1.0608007838481894
1319,19974,426.31506,1369,4396.1875,3.0019445,5,75.360497,1.3195030482648458,1.1803588077423042,4221.494004904071,1.0112994,1.0129755,0.0,True,1.227041953785392,1.1301438154196128
1320,2488,324.95096,1369,5767.5195,2.9877882,3,67.498665,1.005876106856098,0.9029063680763636,2541.1288519110917,0.91209733,0.86352068,0.0,True,0.9777424737992686,0.8910906616534545
1321,0,263.6759,1369,7107.8203,0.98064476,1,56.633034,0.8162543592121928,0.0,182.76620666660608,0.83232319,0.0,0.0,True,0.821075008448535,0.0
1322,17563,426.16815,1369,4397.7031,3.0109735,5,96.63163,1.3190485087710444,1.1649781029963302,4165.224120090574,1.0112957,1.0036678,0.0,True,1.226722666139731,1.1165850120974312
1323,0,327.12308,1369,5729.2227,2.000092,2,32.649834,1.0125975061290744,0.0,226.74444059808545,,,,False,1.0125975061290744,0.0
1324,0,325.25275,1369,5762.168,1.9968259,2,32.635326,1.0068099703357607,0.0,225.44802663186874,,,,False,1.0068099703357607,0.0
1325,0,409.67017,1369,4574.8047,2.0027189,3,32.716316,1.268007309355005,0.0,283.9617232950135,1.0214204,1.1017555,9.618884285310852,True,1.1940312365485035,0.3305266500000001
1326,13768,426.16928,1369,4397.6914,2.0064898,4,38.908657,1.3190520164869612,1.1359623004689121,4061.498754386197,1.0112958,0.99189538,0.0,True,1.2267251515408728,1.0927422243282385
1327,7884,425.7514,1369,4402.0078,3.0331485,5,58.924839,1.3177592040346386,1.0693904269158159,3820.2010288538368,1.0109645,0.94905484,0.0,True,1.225720792824247,1.033289750841071
1328,0,324.60953,1369,5773.5859,2.0016415,2,32.468624,1.0048195825622368,0.0,225.00218050238897,1.0102683,0.66297668,9.414026727709167,True,1.0064541977935657,0.198893004
1329,4968,477.24911,1369,3927.0078,1.6220654,4,99.669678,1.4770705757037035,1.0283429142905984,4061.9507506401683,1.1022291,1.0861567,0.0,True,1.3646181329925924,1.0456870500034188
1330,677,422.80096,1369,4432.7266,2.9987321,4,49.760891,1.3086312498024886,0.7763249365675674,2756.924872528099,1.0089911,0.53102106,0.0,True,1.218739204861742,0.7027337735972972
1331,0,477.15088,1369,3927.8164,1.4040823,2,8.1825953,1.4767666532946273,0.0,330.7357871736968,1.1022263,1.0729452,6.003975188771589,True,1.364404547306239,0.32188356
1332,0,395.43661,1369,4739.4727,1.9964824,2,10.815524,1.223970310551475,0.0,274.09577131168265,1.1022263,1.0729452,8.179387928173387,True,1.1874471073860327,0.32188356
1333,0,332.8811,1369,5630.1211,1.0164645,2,29.299473,1.0304149555822477,0.0,230.7355959266932,,,,False,1.0304149555822477,0.0
1334,0,324.04147,1369,5783.707,1.9871587,2,30.931616,1.003061823402108,0.0,224.6084313150001,,,,False,1.003061823402108,0.0
1335,7338,369.13229,1369,5077.207,4.019186,5,51.78265,1.1425842288157069,1.0431086323382186,3285.681256614907,1.0870386,1.1081394,0.0,True,1.1259205401709949,1.062617862636753
1336,0,368.35858,1369,5087.8711,2.0096393,3,46.640354,1.140190330770919,0.0,255.32671116206507,1.0864942,1.1081501,2.257105511961743,True,1.1240814915396433,0.33244503000000003
1337,19192,504.32092,1369,3716.207,2.0304232,4,191.24773,1.5608119217381768,1.1996085767215476,4973.790942953202,1.2207563,1.3555195,0.0,True,1.4587952352167237,1.2463818537050835
1338,0,290.9191,1369,6442.207,2.0096393,3,160.57631,0.9005641521276925,0.0,201.6497539360368,,,,False,0.9005641521276925,0.0
1339,0,369.33658,1369,5074.3984,1.9845806,2,37.765236,1.1432163821283887,0.0,256.0046091046527,1.0817697,0.94152689,6.941990301132525,True,1.124782377489872,0.28245806700000003
1340,16808,515.45135,1369,3635.9609,4.0016356,6,235.97128,1.5952402932891172,1.186624180768807,5015.202064883708,1.1137266,1.138091,0.0,True,1.450786185302382,1.1720642265381649
1341,1354,472.50626,1369,3966.4258,4.0276361,5,180.41621,1.4623989726834103,0.8702907156689367,3407.8542853297836,1.1050019,0.66185802,0.0,True,1.3551798508783872,0.8077609069682556
1342,500,376.96085,1369,4971.7656,4.0613713,5,81.553551,1.166806456076326,0.7303229063611036,2344.168786929096,0.99667013,0.73364425,0.0,True,1.1157655582534283,0.7313193094527726
1343,4797,534.71783,1369,3504.9531,4.0163698,5,180.38481,1.6548330267349,1.0383651345659766,4532.355401525075,1.1235455,0.9010942,0.0,True,1.4954467687144302,0.9971838541961835
1344,12097,387.66888,1369,4834.4375,3.0127025,4,100.67731,1.1999373119347332,1.1080433569243522,3644.4278776630713,1.0828738,0.83674252,0.0,True,1.1648182583543132,1.0266531058470465
1345,35291,529.82861,1369,3537.2969,2.9253762,5,101.55465,1.639710365380859,1.2813821975646613,5548.068459087823,1.1170387,1.1388398,0.0,True,1.4829088657666012,1.2386194782952629
1346,6494,412.90921,1369,4538.918,2.078187,4,45.663261,1.27802832226663,1.0424746246949026,3624.9059570670925,1.0660523,0.96591794,0.0,True,1.2144355155866409,1.0195076192864319
1347,9822,417.10333,1369,4493.2773,1.9502777,4,46.021362,1.2910041863469337,1.0929112253242264,3834.257251879942,1.0727119,0.99731082,0.0,True,1.2255165004428537,1.0642311037269585
1348,9555,416.00931,1369,4505.0938,3.2257364,5,73.671707,1.2876194884362826,1.0892949718979175,3812.737452516111,1.0712329,0.99160039,0.0,True,1.2227035119053977,1.0599865973285423
1349,17879,405.04269,1369,4627.0703,3.0118575,5,183.62817,1.2536905765052522,1.1600779999712507,3965.973058985775,1.0758762,1.0016822,0.0,True,1.2003462635536766,1.1125592599798755
1350,9166,527.77124,1369,3551.0859,3.1300502,5,143.44048,1.6333468923704717,1.115891535588779,4815.107417755332,1.1163416,1.1334459,0.0,True,1.47824530465933,1.1211578449121453
1351,2481,379.60303,1369,4937.1602,4.0542855,6,81.124886,1.1749814903939217,0.9190687022443002,2967.44145556394,0.99625248,0.83885878,0.0,True,1.1213627872757452,0.89500572557101
1352,26097,515.4696,1369,3635.832,4.0027304,6,122.61711,1.5952968177448386,1.2402848500701307,5242.146592086211,1.1137745,1.1400594,0.0,True,1.450840122421387,1.2102172150490915
1353,11089,380.25983,1369,4928.6328,4.0146909,6,81.474937,1.177013590038654,1.0952996742386873,3541.6979419330073,1.0412785,0.96148247,0.0,True,1.1362930630270578,1.0551545129670812
1354,10759,387.38467,1369,4837.9844,3.055217,5,92.304726,1.199057958345969,1.094134282465442,3596.356772153896,1.0833058,0.91724831,0.0,True,1.1643323108421784,1.0410684907258094
1355,8373,387.3143,1369,4838.8633,3.9523795,6,68.797653,1.19884025915178,1.064564348463391,3498.6125339382033,1.0833014,0.97519445,0.0,True,1.164178601406246,1.0377533789243738
1356,8959,489.74017,1369,3826.8477,4.0105648,6,80.933403,1.5157097559901225,1.1030164130287305,4456.947563833785,1.1220118,1.1239876,0.0,True,1.3976003691930856,1.1093077691201114
1357,4518,387.30963,1369,4838.9219,3.0109978,5,61.567066,1.1988257470318495,0.9918655918455589,3259.7013634194545,1.0833009,0.99603635,0.0,True,1.1641682929222945,0.9931168192918912
1358,597,377.6843,1369,4962.2422,4.049891,5,101.02583,1.1690448570559957,0.7512840725357163,2415.3899000011147,0.99813151,0.56554914,0.0,True,1.117770852939197,0.6955635927750013
1359,2638,387.31119,1369,4838.9023,3.0111365,5,62.326336,1.1988306008758618,0.9284734095595555,3051.444454962817,1.0833009,1.0190293,0.0,True,1.1641716906131032,0.9556401766916889
1360,8359,380.20737,1369,4929.3125,4.0026555,6,100.40456,1.176851358150663,1.0620505155525168,3433.779487726792,1.0413694,0.96558881,0.0,True,1.1362067707054642,1.0331120038867618
1361,16623,503.17056,1369,3724.7031,3.0065079,5,71.941826,1.5572535985199198,1.1818017316044516,4890.145036496943,1.2211134,1.3557144,0.0,True,1.4564115389639438,1.2339755321231163
1362,0,514.172,1369,3645.0078,2.0125532,3,1.5547793,1.5912830822819577,0.0,356.3968721228682,,,,False,1.5912830822819577,0.0
1363,0,501.22617,1369,3739.1523,2.0125532,3,2.6091833,1.5512391230611864,0.0,347.42350655835986,,,,False,1.5512391230611864,0.0
1364,0,386.86023,1369,4844.543,1.9993896,3,180.63535,1.1974353292832316,0.0,268.15107769527197,,,,False,1.1974353292832316,0.0
1365,8,313.45602,1369,5979.0234,4.0024037,4,100.91762,0.9703058197515732,0.2526557812942121,721.7591589612435,0.97181267,0.11985549,0.0,True,0.9707578748261012,0.21281569390594848
1366,15166,404.7543,1369,4630.3672,3.0773187,5,78.715981,1.2527983129425364,1.1404848543690462,3896.5466659701374,1.0758663,1.0093768,0.0,True,1.1997187090597756,1.1011524380583324
1367,5583,488.45282,1369,3836.9336,3.9966505,6,101.20081,1.5117275831731867,1.0453702589206102,4214.292637591773,1.1215931,1.1232108,0.0,True,1.3946872382212305,1.068722421244427
1368,13204,404.76761,1369,4630.2148,2.998934,5,61.097176,1.2528395300430242,1.1240781663519688,3840.607737609449,1.0758672,1.0166098,0.0,True,1.199747831030117,1.091837656446378
1369,0,254.29311,1369,7370.082,0.98417956,1,97.741898,0.7872161233543442,0.0,176.26255223232005,0.87680131,0.051226467,14.180247939662486,True,0.8140916793480409,0.015367940100000001
1370,2520,311.0929,1369,6024.4414,3.0034876,3,45.022484,0.9629931543166322,0.8998553354026413,2436.730805457518,0.96617007,0.6916182,0.0,True,0.9639462290216426,0.8373841947818489
1371,9276,404.76727,1369,4630.2188,3.0311718,5,62.674786,1.2528384481947057,1.082251605504608,3697.7114386101034,1.0758672,1.0223987,0.0,True,1.1997470737362939,1.0642957338532257
1372,7548,403.15036,1369,4648.7891,3.0473471,5,34.225685,1.2478359453216963,1.0573312959604646,3599.8516553993168,1.0775893,1.0254039,0.0,True,1.1967619517251875,1.0477530771723251
1373,6045,379.79837,1369,4934.6211,3.0572038,5,91.419685,1.1755858299698838,1.0238120914226478,3307.0250164641425,1.0415086,0.97464031,0.0,True,1.1353626609789187,1.0090605569958535
1374,0,401.30853,1369,4670.125,1.0310857,2,52.348694,1.2421375312283685,0.0,278.1658761041562,,,,False,1.2421375312283685,0.0
1375,0,488.41354,1369,3837.2422,2.02455,3,70.756058,1.5116060698359537,0.0,338.54246819830206,1.1215922,1.1236014,9.999566836165918,True,1.3946019088851676,0.33708042000000005
1376,0,324.94568,1369,5767.6133,1.9411147,2,195.90094,1.0058597537360676,0.0,225.2351819271342,,,,False,1.0058597537360676,0.0
1377,4458,381.19003,1369,4916.6055,3.9917011,5,261.21658,1.179891701639894,0.9884361830262476,3203.1032450060493,1.1224607,0.94123703,0.0,True,1.1626624011479256,0.9742764371183733
1378,0,526.2453,1369,3561.3828,0.99108773,2,61.436161,1.6286271048651695,0.0,364.7654459779226,,,,False,1.6286271048651695,0.0
1379,0,298.1412,1369,6286.1523,1.9633923,2,91.723534,0.9229136853269825,0.0,206.65573218875878,,,,False,0.9229136853269825,0.0
1380,3130,377.60641,1369,4963.2656,3.0321059,5,49.229763,1.1688039030762707,0.9457940336574818,3039.515253592434,1.0439667,0.98991561,0.0,True,1.1313527421533895,0.9590305065602374
1381,0,379.02637,1369,4944.6719,2.0418248,3,1.8256364,1.1731972385494862,0.0,262.7210597233706,,,,False,1.1731972385494862,0.0
1382,0,373.65256,1369,5015.7852,2.0161147,3,0.82811016,1.156570395458606,0.0,258.9962184730058,,,,False,1.156570395458606,0.0
1383,0,484.34729,1369,3869.457,2.0215385,3,30.476915,1.4990278370882955,0.0,335.7239584753502,,,,False,1.4990278370882955,0.0

metric,value
avg_local_nain,1.315708
avg_local_nach,0.883662
avg_citywide_nain,1.055648
avg_citywide_nach,0.850263
avg_blended_nain,1.240168
avg_blended_nach,0.862768
avg_segment_length,68.9412
blended_nain_nach_pearson_r,0.648911
blended_nain_nach_p_value,3.0600e-166
pct_citywide_matched,95.74
