  0
SECTION
  2
HEADER
  9
$ACADVER
  1
AC1015
  9
$ACADMAINTVER
 70
6
  9
$DWGCODEPAGE
  3
ANSI_1252
  9
$INSBASE
 10
0.0
 20
0.0
 30
0.0
  9
$EXTMIN
 10
1e+20
 20
1e+20
 30
1e+20
  9
$EXTMAX
 10
-1e+20
 20
-1e+20
 30
-1e+20
  9
$LIMMIN
 10
0.0
 20
0.0
  9
$LIMMAX
 10
420.0
 20
297.0
  9
$ORTHOMODE
 70
0
  9
$REGENMODE
 70
1
  9
$FILLMODE
 70
1
  9
$QTEXTMODE
 70
0
  9
$MIRRTEXT
 70
1
  9
$LTSCALE
 40
1.0
  9
$ATTMODE
 70
1
  9
$TEXTSIZE
 40
2.5
  9
$TRACEWID
 40
1.0
  9
$TEXTSTYLE
  7
Standard
  9
$CLAYER
  8
0
  9
$CELTYPE
  6
ByLayer
  9
$CECOLOR
 62
256
  9
$CELTSCALE
 40
1.0
  9
$DISPSILH
 70
0
  9
$DIMSCALE
 40
1.0
  9
$DIMASZ
 40
2.5
  9
$DIMEXO
 40
0.625
  9
$DIMDLI
 40
3.75
  9
$DIMRND
 40
0.0
  9
$DIMDLE
 40
0.0
  9
$DIMEXE
 40
1.25
  9
$DIMTP
 40
0.0
  9
$DIMTM
 40
0.0
  9
$DIMTXT
 40
2.5
  9
$DIMCEN
 40
2.5
  9
$DIMTSZ
 40
0.0
  9
$DIMTOL
 70
0
  9
$DIMLIM
 70
0
  9
$DIMTIH
 70
0
  9
$DIMTOH
 70
0
  9
$DIMSE1
 70
0
  9
$DIMSE2
 70
0
  9
$DIMTAD
 70
1
  9
$DIMZIN
 70
8
  9
$DIMBLK
  1

  9
$DIMASO
 70
1
  9
$DIMSHO
 70
1
  9
$DIMPOST
  1

  9
$DIMAPOST
  1

  9
$DIMALT
 70
0
  9
$DIMALTD
 70
3
  9
$DIMALTF
 40
0.03937007874
  9
$DIMLFAC
 40
1.0
  9
$DIMTOFL
 70
1
  9
$DIMTVP
 40
0.0
  9
$DIMTIX
 70
0
  9
$DIMSOXD
 70
0
  9
$DIMSAH
 70
0
  9
$DIMBLK1
  1

  9
$DIMBLK2
  1

  9
$DIMSTYLE
  2
ISO-25
  9
$DIMCLRD
 70
0
  9
$DIMCLRE
 70
0
  9
$DIMCLRT
 70
0
  9
$DIMTFAC
 40
1.0
  9
$DIMGAP
 40
0.625
  9
$DIMJUST
 70
0
  9
$DIMSD1
 70
0
  9
$DIMSD2
 70
0
  9
$DIMTOLJ
 70
0
  9
$DIMTZIN
 70
8
  9
$DIMALTZ
 70
0
  9
$DIMALTTZ
 70
0
  9
$DIMUPT
 70
0
  9
$DIMDEC
 70
2
  9
$DIMTDEC
 70
2
  9
$DIMALTU
 70
2
  9
$DIMALTTD
 70
3
  9
$DIMTXSTY
  7
Standard
  9
$DIMAUNIT
 70
0
  9
$DIMADEC
 70
0
  9
$DIMALTRND
 40
0.0
  9
$DIMAZIN
 70
0
  9
$DIMDSEP
 70
44
  9
$DIMATFIT
 70
3
  9
$DIMFRAC
 70
0
  9
$DIMLDRBLK
  1

  9
$DIMLUNIT
 70
2
  9
$DIMLWD
 70
-2
  9
$DIMLWE
 70
-2
  9
$DIMTMOVE
 70
0
  9
$LUNITS
 70
2
  9
$LUPREC
 70
4
  9
$SKETCHINC
 40
1.0
  9
$FILLETRAD
 40
10.0
  9
$AUNITS
 70
0
  9
$AUPREC
 70
2
  9
$MENU
  1
.
  9
$ELEVATION
 40
0.0
  9
$PELEVATION
 40
0.0
  9
$THICKNESS
 40
0.0
  9
$LIMCHECK
 70
0
  9
$CHAMFERA
 40
0.0
  9
$CHAMFERB
 40
0.0
  9
$CHAMFERC
 40
0.0
  9
$CHAMFERD
 40
0.0
  9
$SKPOLY
 70
0
  9
$TDCREATE
 40
2461229.6003240743
  9
$TDUCREATE
 40
2458532.153996898
  9
$TDUPDATE
 40
2461229.6003240743
  9
$TDUUPDATE
 40
2458532.1544311
  9
$TDINDWG
 40
0.0
  9
$TDUSRTIMER
 40
0.0
  9
$USRTIMER
 70
1
  9
$ANGBASE
 50
0.0
  9
$ANGDIR
 70
0
  9
$PDMODE
 70
0
  9
$PDSIZE
 40
0.0
  9
$PLINEWID
 40
0.0
  9
$SPLFRAME
 70
0
  9
$SPLINETYPE
 70
6
  9
$SPLINESEGS
 70
8
  9
$HANDSEED
  5
3D7
  9
$SURFTAB1
 70
6
  9
$SURFTAB2
 70
6
  9
$SURFTYPE
 70
6
  9
$SURFU
 70
6
  9
$SURFV
 70
6
  9
$UCSBASE
  2

  9
$UCSNAME
  2

  9
$UCSORG
 10
0.0
 20
0.0
 30
0.0
  9
$UCSXDIR
 10
1.0
 20
0.0
 30
0.0
  9
$UCSYDIR
 10
0.0
 20
1.0
 30
0.0
  9
$UCSORTHOREF
  2

  9
$UCSORTHOVIEW
 70
0
  9
$UCSORGTOP
 10
0.0
 20
0.0
 30
0.0
  9
$UCSORGBOTTOM
 10
0.0
 20
0.0
 30
0.0
  9
$UCSORGLEFT
 10
0.0
 20
0.0
 30
0.0
  9
$UCSORGRIGHT
 10
0.0
 20
0.0
 30
0.0
  9
$UCSORGFRONT
 10
0.0
 20
0.0
 30
0.0
  9
$UCSORGBACK
 10
0.0
 20
0.0
 30
0.0
  9
$PUCSBASE
  2

  9
$PUCSNAME
  2

  9
$PUCSORG
 10
0.0
 20
0.0
 30
0.0
  9
$PUCSXDIR
 10
1.0
 20
0.0
 30
0.0
  9
$PUCSYDIR
 10
0.0
 20
1.0
 30
0.0
  9
$PUCSORTHOREF
  2

  9
$PUCSORTHOVIEW
 70
0
  9
$PUCSORGTOP
 10
0.0
 20
0.0
 30
0.0
  9
$PUCSORGBOTTOM
 10
0.0
 20
0.0
 30
0.0
  9
$PUCSORGLEFT
 10
0.0
 20
0.0
 30
0.0
  9
$PUCSORGRIGHT
 10
0.0
 20
0.0
 30
0.0
  9
$PUCSORGFRONT
 10
0.0
 20
0.0
 30
0.0
  9
$PUCSORGBACK
 10
0.0
 20
0.0
 30
0.0
  9
$USERI1
 70
0
  9
$USERI2
 70
0
  9
$USERI3
 70
0
  9
$USERI4
 70
0
  9
$USERI5
 70
0
  9
$USERR1
 40
0.0
  9
$USERR2
 40
0.0
  9
$USERR3
 40
0.0
  9
$USERR4
 40
0.0
  9
$USERR5
 40
0.0
  9
$WORLDVIEW
 70
1
  9
$SHADEDGE
 70
3
  9
$SHADEDIF
 70
70
  9
$TILEMODE
 70
1
  9
$MAXACTVP
 70
64
  9
$PINSBASE
 10
0.0
 20
0.0
 30
0.0
  9
$PLIMCHECK
 70
0
  9
$PEXTMIN
 10
1e+20
 20
1e+20
 30
1e+20
  9
$PEXTMAX
 10
-1e+20
 20
-1e+20
 30
-1e+20
  9
$PLIMMIN
 10
0.0
 20
0.0
  9
$PLIMMAX
 10
420.0
 20
297.0
  9
$UNITMODE
 70
0
  9
$VISRETAIN
 70
1
  9
$PLINEGEN
 70
0
  9
$PSLTSCALE
 70
1
  9
$TREEDEPTH
 70
3020
  9
$CMLSTYLE
  2
Standard
  9
$CMLJUST
 70
0
  9
$CMLSCALE
 40
20.0
  9
$PROXYGRAPHICS
 70
1
  9
$MEASUREMENT
 70
1
  9
$CELWEIGHT
370
-1
  9
$ENDCAPS
280
0
  9
$JOINSTYLE
280
0
  9
$LWDISPLAY
290
0
  9
$INSUNITS
 70
6
  9
$HYPERLINKBASE
  1

  9
$STYLESHEET
  1

  9
$XEDIT
290
1
  9
$CEPSNTYPE
380
0
  9
$PSTYLEMODE
290
1
  9
$FINGERPRINTGUID
  2
{16834F77-844D-4F9E-9DCA-87CA0547912A}
  9
$VERSIONGUID
  2
{50662093-6EF9-423C-9170-345F73616286}
  9
$EXTNAMES
290
1
  9
$PSVPSCALE
 40
0.0
  9
$OLESTARTUP
290
0
  0
ENDSEC
  0
SECTION
  2
CLASSES
  0
CLASS
  1
ACDBDICTIONARYWDFLT
  2
AcDbDictionaryWithDefault
  3
ObjectDBX Classes
 90
0
280
0
281
0
  0
CLASS
  1
SUN
  2
AcDbSun
  3
SCENEOE
 90
1153
280
0
281
0
  0
CLASS
  1
VISUALSTYLE
  2
AcDbVisualStyle
  3
ObjectDBX Classes
 90
4095
280
0
281
0
  0
CLASS
  1
MATERIAL
  2
AcDbMaterial
  3
ObjectDBX Classes
 90
1153
280
0
281
0
  0
CLASS
  1
SCALE
  2
AcDbScale
  3
ObjectDBX Classes
 90
1153
280
0
281
0
  0
CLASS
  1
TABLESTYLE
  2
AcDbTableStyle
  3
ObjectDBX Classes
 90
4095
280
0
281
0
  0
CLASS
  1
MLEADERSTYLE
  2
AcDbMLeaderStyle
  3
ACDB_MLEADERSTYLE_CLASS
 90
4095
280
0
281
0
  0
CLASS
  1
DICTIONARYVAR
  2
AcDbDictionaryVar
  3
ObjectDBX Classes
 90
0
280
0
281
0
  0
CLASS
  1
CELLSTYLEMAP
  2
AcDbCellStyleMap
  3
ObjectDBX Classes
 90
1152
280
0
281
0
  0
CLASS
  1
MENTALRAYRENDERSETTINGS
  2
AcDbMentalRayRenderSettings
  3
SCENEOE
 90
1024
280
0
281
0
  0
CLASS
  1
ACDBDETAILVIEWSTYLE
  2
AcDbDetailViewStyle
  3
ObjectDBX Classes
 90
1025
280
0
281
0
  0
CLASS
  1
ACDBSECTIONVIEWSTYLE
  2
AcDbSectionViewStyle
  3
ObjectDBX Classes
 90
1025
280
0
281
0
  0
CLASS
  1
RASTERVARIABLES
  2
AcDbRasterVariables
  3
ISM
 90
0
280
0
281
0
  0
CLASS
  1
ACDBPLACEHOLDER
  2
AcDbPlaceHolder
  3
ObjectDBX Classes
 90
0
280
0
281
0
  0
CLASS
  1
LAYOUT
  2
AcDbLayout
  3
ObjectDBX Classes
 90
0
280
0
281
0
  0
ENDSEC
  0
SECTION
  2
TABLES
  0
TABLE
  2
VPORT
  5
8
330
0
100
AcDbSymbolTable
 70
1
  0
VPORT
  5
23
330
8
100
AcDbSymbolTableRecord
100
AcDbViewportTableRecord
  2
*Active
 70
0
 10
0.0
 20
0.0
 11
1.0
 21
1.0
 12
0.0
 22
0.0
 13
0.0
 23
0.0
 14
0.5
 24
0.5
 15
0.5
 25
0.5
 16
0.0
 26
0.0
 36
1.0
 17
0.0
 27
0.0
 37
0.0
 40
1000.0
 41
1.34
 42
50.0
 43
0.0
 44
0.0
 50
0.0
 51
0.0
 71
0
 72
1000
 73
1
 74
3
 75
0
 76
0
 77
0
 78
0
281
0
 65
0
146
0.0
  0
ENDTAB
  0
TABLE
  2
LTYPE
  5
2
330
0
100
AcDbSymbolTable
 70
3
  0
LTYPE
  5
24
330
2
100
AcDbSymbolTableRecord
100
AcDbLinetypeTableRecord
  2
ByBlock
 70
0
  3

 72
65
 73
0
 40
0.0
  0
LTYPE
  5
25
330
2
100
AcDbSymbolTableRecord
100
AcDbLinetypeTableRecord
  2
ByLayer
 70
0
  3

 72
65
 73
0
 40
0.0
  0
LTYPE
  5
26
330
2
100
AcDbSymbolTableRecord
100
AcDbLinetypeTableRecord
  2
Continuous
 70
0
  3

 72
65
 73
0
 40
0.0
  0
ENDTAB
  0
TABLE
  2
LAYER
  5
1
330
0
100
AcDbSymbolTable
 70
2
  0
LAYER
  5
27
330
1
100
AcDbSymbolTableRecord
100
AcDbLayerTableRecord
  2
0
 70
0
 62
7
  6
Continuous
370
-3
390
13
  0
LAYER
  5
28
330
1
100
AcDbSymbolTableRecord
100
AcDbLayerTableRecord
  2
Defpoints
 70
0
 62
7
  6
Continuous
290
0
370
-3
390
13
  0
ENDTAB
  0
TABLE
  2
STYLE
  5
5
330
0
100
AcDbSymbolTable
 70
1
  0
STYLE
  5
29
330
5
100
AcDbSymbolTableRecord
100
AcDbTextStyleTableRecord
  2
Standard
 70
0
 40
0.0
 41
1.0
 50
0.0
 71
0
 42
2.5
  3
txt
  4

  0
ENDTAB
  0
TABLE
  2
VIEW
  5
7
330
0
100
AcDbSymbolTable
 70
0
  0
ENDTAB
  0
TABLE
  2
UCS
  5
6
330
0
100
AcDbSymbolTable
 70
0
  0
ENDTAB
  0
TABLE
  2
APPID
  5
3
330
0
100
AcDbSymbolTable
 70
3
  0
APPID
  5
2A
330
3
100
AcDbSymbolTableRecord
100
AcDbRegAppTableRecord
  2
ACAD
 70
0
  0
APPID
  5
3D4
330
3
100
AcDbSymbolTableRecord
100
AcDbRegAppTableRecord
  2
HATCHBACKGROUNDCOLOR
 70
0
  0
APPID
  5
3D5
330
3
100
AcDbSymbolTableRecord
100
AcDbRegAppTableRecord
  2
EZDXF
 70
0
  0
ENDTAB
  0
TABLE
  2
DIMSTYLE
  5
4
330
0
100
AcDbSymbolTable
 70
1
100
AcDbDimStyleTable
  0
DIMSTYLE
105
2B
330
4
100
AcDbSymbolTableRecord
100
AcDbDimStyleTableRecord
  2
Standard
 70
0
  3

  4

 40
1.0
 41
2.5
 42
0.625
 43
3.75
 44
1.25
 45
0.0
 46
0.0
 47
0.0
 48
0.0
140
2.5
141
2.5
142
0.0
143
0.03937007874
144
1.0
145
0.0
146
1.0
147
0.625
148
0.0
 71
0
 72
0
 73
0
 74
0
 75
0
 76
0
 77
1
 78
8
 79
3
170
0
171
3
172
1
173
0
174
0
175
0
176
0
177
0
178
0
179
2
271
2
272
2
273
2
274
3
275
0
276
0
277
2
278
44
279
0
280
0
281
0
282
0
283
0
284
8
285
0
286
0
288
0
289
3
371
-2
372
-2
  0
ENDTAB
  0
TABLE
  2
BLOCK_RECORD
  5
9
330
0
100
AcDbSymbolTable
 70
2
  0
BLOCK_RECORD
  5
17
330
9
100
AcDbSymbolTableRecord
100
AcDbBlockTableRecord
  2
*Model_Space
340
1A
  0
BLOCK_RECORD
  5
1B
330
9
100
AcDbSymbolTableRecord
100
AcDbBlockTableRecord
  2
*Paper_Space
340
1E
  0
ENDTAB
  0
ENDSEC
  0
SECTION
  2
BLOCKS
  0
BLOCK
  5
18
330
17
100
AcDbEntity
  8
0
100
AcDbBlockBegin
  2
*Model_Space
 70
0
 10
0.0
 20
0.0
 30
0.0
  3
*Model_Space
  1

  0
ENDBLK
  5
19
330
17
100
AcDbEntity
  8
0
100
AcDbBlockEnd
  0
BLOCK
  5
1C
330
1B
100
AcDbEntity
  8
0
100
AcDbBlockBegin
  2
*Paper_Space
 70
0
 10
0.0
 20
0.0
 30
0.0
  3
*Paper_Space
  1

  0
ENDBLK
  5
1D
330
1B
100
AcDbEntity
  8
0
100
AcDbBlockEnd
  0
ENDSEC
  0
SECTION
  2
ENTITIES
  0
LWPOLYLINE
  5
2F
330
17
100
AcDbEntity
  8
ROADS
100
AcDbPolyline
 90
3
 70
0
 10
625790.6562544656
 20
4835126.039738902
 10
625820.6082414435
 20
4835133.719790021
 10
625834.3573479467
 20
4835087.565255745
  0
LWPOLYLINE
  5
30
330
17
100
AcDbEntity
  8
ROADS
100
AcDbPolyline
 90
2
 70
0
 10
626028.2972175289
 20
4835061.532955316
 10
625916.3840605122
 20
4835028.69386627
  0
LWPOLYLINE
  5
31
330
17
100
AcDbEntity
  8
ROADS
100
AcDbPolyline
 90
2
 70
0
 10
626127.781362042
 20
4835090.890025655
 10
626028.2972175289
 20
4835061.532955316
  0
LWPOLYLINE
  5
32
330
17
100
AcDbEntity
  8
ROADS
100
AcDbPolyline
 90
2
 70
0
 10
625901.9345115784
 20
4835037.590481865
 10
625874.1793276783
 20
4835130.678015383
  0
LWPOLYLINE
  5
33
330
17
100
AcDbEntity
  8
ROADS
100
AcDbPolyline
 90
2
 70
0
 10
625756.918722161
 20
4835160.851980868
 10
625755.3995130655
 20
4835165.885867877
  0
LWPOLYLINE
  5
34
330
17
100
AcDbEntity
  8
ROADS
100
AcDbPolyline
 90
2
 70
0
 10
626372.8491566383
 20
4835020.394877048
 10
626391.9344514984
 20
4834937.017914294
  0
LWPOLYLINE
  5
35
330
17
100
AcDbEntity
  8
ROADS
100
AcDbPolyline
 90
2
 70
0
 10
626251.4583613018
 20
4834981.925273692
 10
626372.8491566383
 20
4835020.394877048
  0
LWPOLYLINE
  5
36
330
17
100
AcDbEntity
  8
ROADS
100
AcDbPolyline
 90
2
 70
0
 10
626251.4583613018
 20
4834981.925273692
 10
626234.2769625151
 20
4835040.088127181
  0
LWPOLYLINE
  5
37
330
17
100
AcDbEntity
  8
ROADS
100
AcDbPolyline
 90
2
 70
0
 10
626234.2769625151
 20
4835040.088127181
 10
626211.5434373516
 20
4835115.609633441
  0
LWPOLYLINE
  5
38
330
17
100
AcDbEntity
  8
ROADS
100
AcDbPolyline
 90
2
 70
0
 10
626211.5434373516
 20
4835115.609633441
 10
626127.781362042
 20
4835090.890025655
  0
LWPOLYLINE
  5
39
330
17
100
AcDbEntity
  8
ROADS
100
AcDbPolyline
 90
3
 70
0
 10
626234.2769625151
 20
4835040.088127181
 10
626296.3554994492
 20
4835060.50850789
 10
626252.7205772046
 20
4835202.25510631
  0
LWPOLYLINE
  5
3A
330
17
100
AcDbEntity
  8
ROADS
100
AcDbPolyline
 90
2
 70
0
 10
626211.5434373516
 20
4835115.609633441
 10
626191.3639347951
 20
4835183.060823742
  0
LWPOLYLINE
  5
3B
330
17
100
AcDbEntity
  8
ROADS
100
AcDbPolyline
 90
2
 70
0
 10
626372.8491566383
 20
4835020.394877048
 10
626282.4204930017
 20
4835324.720242162
  0
LWPOLYLINE
  5
3C
330
17
100
AcDbEntity
  8
ROADS
100
AcDbPolyline
 90
2
 70
0
 10
626127.781362042
 20
4835090.890025655
 10
626072.5613831547
 20
4835258.15961746
  0
LWPOLYLINE
  5
3D
330
17
100
AcDbEntity
  8
ROADS
100
AcDbPolyline
 90
2
 70
0
 10
626252.7205772046
 20
4835202.25510631
 10
626191.3639347951
 20
4835183.060823742
  0
LWPOLYLINE
  5
3E
330
17
100
AcDbEntity
  8
ROADS
100
AcDbPolyline
 90
2
 70
0
 10
625970.169331304
 20
4835159.5309006
 10
625874.1793276783
 20
4835130.678015383
  0
LWPOLYLINE
  5
3F
330
17
100
AcDbEntity
  8
ROADS
100
AcDbPolyline
 90
2
 70
0
 10
626028.2972175289
 20
4835061.532955316
 10
625979.3346459257
 20
4835230.516718326
  0
LWPOLYLINE
  5
40
330
17
100
AcDbEntity
  8
ROADS
100
AcDbPolyline
 90
2
 70
0
 10
625874.1793276783
 20
4835130.678015383
 10
625855.1886450714
 20
4835194.7694326965
  0
LWPOLYLINE
  5
41
330
17
100
AcDbEntity
  8
ROADS
100
AcDbPolyline
 90
2
 70
0
 10
625855.1886450714
 20
4835194.7694326965
 10
625808.1743685106
 20
4835180.63873341
  0
LWPOLYLINE
  5
42
330
17
100
AcDbEntity
  8
ROADS
100
AcDbPolyline
 90
2
 70
0
 10
625894.2056275152
 20
4835206.346419261
 10
625855.1886450714
 20
4835194.7694326965
  0
LWPOLYLINE
  5
43
330
17
100
AcDbEntity
  8
ROADS
100
AcDbPolyline
 90
2
 70
0
 10
625979.3346459257
 20
4835230.516718326
 10
625894.2056275152
 20
4835206.346419261
  0
LWPOLYLINE
  5
44
330
17
100
AcDbEntity
  8
ROADS
100
AcDbPolyline
 90
2
 70
0
 10
625894.2056275152
 20
4835206.346419261
 10
625879.8302915209
 20
4835252.269882995
  0
LWPOLYLINE
  5
45
330
17
100
AcDbEntity
  8
ROADS
100
AcDbPolyline
 90
2
 70
0
 10
625835.5711689747
 20
4835243.772639457
 10
625794.3162399877
 20
4835227.566927377
  0
LWPOLYLINE
  5
46
330
17
100
AcDbEntity
  8
ROADS
100
AcDbPolyline
 90
2
 70
0
 10
625793.3789854222
 20
4835240.39339136
 10
625835.5711689747
 20
4835243.772639457
  0
LWPOLYLINE
  5
47
330
17
100
AcDbEntity
  8
ROADS
100
AcDbPolyline
 90
2
 70
0
 10
626072.5613831547
 20
4835258.15961746
 10
625979.3346459257
 20
4835230.516718326
  0
LWPOLYLINE
  5
48
330
17
100
AcDbEntity
  8
ROADS
100
AcDbPolyline
 90
2
 70
0
 10
625755.3995130655
 20
4835165.885867877
 10
625752.939189933
 20
4835165.110190274
  0
LWPOLYLINE
  5
49
330
17
100
AcDbEntity
  8
ROADS
100
AcDbPolyline
 90
2
 70
0
 10
625808.1743685106
 20
4835180.63873341
 10
625755.3995130655
 20
4835165.885867877
  0
LWPOLYLINE
  5
4A
330
17
100
AcDbEntity
  8
ROADS
100
AcDbPolyline
 90
2
 70
0
 10
625725.0401288349
 20
4835196.2909753425
 10
625747.2127759329
 20
4835201.995954934
  0
LWPOLYLINE
  5
4B
330
17
100
AcDbEntity
  8
ROADS
100
AcDbPolyline
 90
2
 70
0
 10
625808.1743685106
 20
4835180.63873341
 10
625794.3162399877
 20
4835227.566927377
  0
LWPOLYLINE
  5
4C
330
17
100
AcDbEntity
  8
ROADS
100
AcDbPolyline
 90
2
 70
0
 10
625794.3162399877
 20
4835227.566927377
 10
625751.6994865853
 20
4835214.804799571
  0
LWPOLYLINE
  5
4D
330
17
100
AcDbEntity
  8
ROADS
100
AcDbPolyline
 90
2
 70
0
 10
626252.7205772046
 20
4835202.25510631
 10
626242.668771711
 20
4835235.900385365
  0
LWPOLYLINE
  5
4E
330
17
100
AcDbEntity
  8
ROADS
100
AcDbPolyline
 90
2
 70
0
 10
626191.3639347951
 20
4835183.060823742
 10
626161.4476072262
 20
4835284.93301528
  0
LWPOLYLINE
  5
4F
330
17
100
AcDbEntity
  8
ROADS
100
AcDbPolyline
 90
2
 70
0
 10
626161.4476072262
 20
4835284.93301528
 10
626072.5613831547
 20
4835258.15961746
  0
LWPOLYLINE
  5
50
330
17
100
AcDbEntity
  8
ROADS
100
AcDbPolyline
 90
2
 70
0
 10
626260.3868414459
 20
4835317.769518122
 10
626161.4476072262
 20
4835284.93301528
  0
LWPOLYLINE
  5
51
330
17
100
AcDbEntity
  8
ROADS
100
AcDbPolyline
 90
2
 70
0
 10
626161.4476072262
 20
4835284.93301528
 10
626146.9422113913
 20
4835331.20851543
  0
LWPOLYLINE
  5
52
330
17
100
AcDbEntity
  8
ROADS
100
AcDbPolyline
 90
2
 70
0
 10
626146.9422113913
 20
4835331.20851543
 10
626057.2954979646
 20
4835303.796321329
  0
LWPOLYLINE
  5
53
330
17
100
AcDbEntity
  8
ROADS
100
AcDbPolyline
 90
2
 70
0
 10
626282.4204930017
 20
4835324.720242162
 10
626260.3868414459
 20
4835317.769518122
  0
LWPOLYLINE
  5
54
330
17
100
AcDbEntity
  8
ROADS
100
AcDbPolyline
 90
2
 70
0
 10
626345.1075354146
 20
4835344.837660823
 10
626282.4204930017
 20
4835324.720242162
  0
LWPOLYLINE
  5
55
330
17
100
AcDbEntity
  8
ROADS
100
AcDbPolyline
 90
2
 70
0
 10
626260.3868414459
 20
4835317.769518122
 10
626246.2839366132
 20
4835363.244259412
  0
LWPOLYLINE
  5
56
330
17
100
AcDbEntity
  8
ROADS
100
AcDbPolyline
 90
2
 70
0
 10
626357.0867176843
 20
4835348.794450102
 10
626345.1075354146
 20
4835344.837660823
  0
LWPOLYLINE
  5
57
330
17
100
AcDbEntity
  8
ROADS
100
AcDbPolyline
 90
2
 70
0
 10
625794.3162399877
 20
4835227.566927377
 10
625793.3789854222
 20
4835240.39339136
  0
LWPOLYLINE
  5
58
330
17
100
AcDbEntity
  8
ROADS
100
AcDbPolyline
 90
2
 70
0
 10
625622.3234068558
 20
4835356.902586515
 10
625610.2962753912
 20
4835395.808974937
  0
LWPOLYLINE
  5
59
330
17
100
AcDbEntity
  8
ROADS
100
AcDbPolyline
 90
2
 70
0
 10
625707.5580398878
 20
4835219.085900736
 10
625649.6198033326
 20
4835408.184564427
  0
LWPOLYLINE
  5
5A
330
17
100
AcDbEntity
  8
ROADS
100
AcDbPolyline
 90
2
 70
0
 10
625610.2962753912
 20
4835395.808974937
 10
625604.7782289856
 20
4835394.148069306
  0
LWPOLYLINE
  5
5B
330
17
100
AcDbEntity
  8
ROADS
100
AcDbPolyline
 90
2
 70
0
 10
625649.6198033326
 20
4835408.184564427
 10
625610.2962753912
 20
4835395.808974937
  0
LWPOLYLINE
  5
5C
330
17
100
AcDbEntity
  8
ROADS
100
AcDbPolyline
 90
2
 70
0
 10
625610.2962753912
 20
4835395.808974937
 10
625598.0522661064
 20
4835432.113705543
  0
LWPOLYLINE
  5
5D
330
17
100
AcDbEntity
  8
ROADS
100
AcDbPolyline
 90
2
 70
0
 10
625835.5711689747
 20
4835243.772639457
 10
625725.3656230627
 20
4835588.21123648
  0
LWPOLYLINE
  5
5E
330
17
100
AcDbEntity
  8
ROADS
100
AcDbPolyline
 90
2
 70
0
 10
625793.3789854222
 20
4835240.39339136
 10
625668.9643269348
 20
4835621.458503807
  0
LWPOLYLINE
  5
5F
330
17
100
AcDbEntity
  8
ROADS
100
AcDbPolyline
 90
2
 70
0
 10
625649.6198033326
 20
4835408.184564427
 10
625587.2397560816
 20
4835596.505628235
  0
LWPOLYLINE
  5
60
330
17
100
AcDbEntity
  8
ROADS
100
AcDbPolyline
 90
2
 70
0
 10
625587.2397560816
 20
4835596.505628235
 10
625540.5588301723
 20
4835581.996862188
  0
LWPOLYLINE
  5
61
330
17
100
AcDbEntity
  8
ROADS
100
AcDbPolyline
 90
2
 70
0
 10
625725.3656230627
 20
4835588.21123648
 10
625713.8299611659
 20
4835585.113513155
  0
LWPOLYLINE
  5
62
330
17
100
AcDbEntity
  8
ROADS
100
AcDbPolyline
 90
2
 70
0
 10
625725.3656230627
 20
4835588.21123648
 10
625759.3128392813
 20
4835597.987508018
  0
LWPOLYLINE
  5
63
330
17
100
AcDbEntity
  8
ROADS
100
AcDbPolyline
 90
2
 70
0
 10
625668.9643269348
 20
4835621.458503807
 10
625587.2397560816
 20
4835596.505628235
  0
LWPOLYLINE
  5
64
330
17
100
AcDbEntity
  8
ROADS
100
AcDbPolyline
 90
2
 70
0
 10
625879.8302915209
 20
4835252.269882995
 10
625835.5711689747
 20
4835243.772639457
  0
LWPOLYLINE
  5
65
330
17
100
AcDbEntity
  8
ROADS
100
AcDbPolyline
 90
2
 70
0
 10
625979.3346459257
 20
4835230.516718326
 10
625965.8887321036
 20
4835273.174137438
  0
LWPOLYLINE
  5
66
330
17
100
AcDbEntity
  8
ROADS
100
AcDbPolyline
 90
2
 70
0
 10
625965.8887321036
 20
4835273.174137438
 10
625879.8302915209
 20
4835252.269882995
  0
LWPOLYLINE
  5
67
330
17
100
AcDbEntity
  8
ROADS
100
AcDbPolyline
 90
2
 70
0
 10
626072.5613831547
 20
4835258.15961746
 10
626057.2954979646
 20
4835303.796321329
  0
LWPOLYLINE
  5
68
330
17
100
AcDbEntity
  8
ROADS
100
AcDbPolyline
 90
2
 70
0
 10
626010.2690083832
 20
4835290.616433409
 10
625965.8887321036
 20
4835273.174137438
  0
LWPOLYLINE
  5
69
330
17
100
AcDbEntity
  8
ROADS
100
AcDbPolyline
 90
2
 70
0
 10
626057.2954979646
 20
4835303.796321329
 10
626010.2690083832
 20
4835290.616433409
  0
LWPOLYLINE
  5
6A
330
17
100
AcDbEntity
  8
ROADS
100
AcDbPolyline
 90
2
 70
0
 10
625879.8302915209
 20
4835252.269882995
 10
625759.3128392813
 20
4835597.987508018
  0
LWPOLYLINE
  5
6B
330
17
100
AcDbEntity
  8
ROADS
100
AcDbPolyline
 90
2
 70
0
 10
626057.2954979646
 20
4835303.796321329
 10
625956.0891947027
 20
4835605.6233399175
  0
LWPOLYLINE
  5
6C
330
17
100
AcDbEntity
  8
ROADS
100
AcDbPolyline
 90
3
 70
0
 10
626010.2690083832
 20
4835290.616433409
 10
625896.6388560833
 20
4835639.137521376
 10
625940.2621488279
 20
4835652.7029519
  0
LWPOLYLINE
  5
6D
330
17
100
AcDbEntity
  8
ROADS
100
AcDbPolyline
 90
2
 70
0
 10
625965.8887321036
 20
4835273.174137438
 10
625837.0038215008
 20
4835670.97525481
  0
LWPOLYLINE
  5
6E
330
17
100
AcDbEntity
  8
ROADS
100
AcDbPolyline
 90
2
 70
0
 10
626146.9422113913
 20
4835331.20851543
 10
626044.9035059367
 20
4835631.143948013
  0
LWPOLYLINE
  5
6F
330
17
100
AcDbEntity
  8
ROADS
100
AcDbPolyline
 90
2
 70
0
 10
625956.0891947027
 20
4835605.6233399175
 10
626044.9035059367
 20
4835631.143948013
  0
LWPOLYLINE
  5
70
330
17
100
AcDbEntity
  8
ROADS
100
AcDbPolyline
 90
2
 70
0
 10
625956.0891947027
 20
4835605.6233399175
 10
625940.2621488279
 20
4835652.7029519
  0
LWPOLYLINE
  5
71
330
17
100
AcDbEntity
  8
ROADS
100
AcDbPolyline
 90
2
 70
0
 10
626147.1143184993
 20
4835659.55792784
 10
626044.9035059367
 20
4835631.143948013
  0
LWPOLYLINE
  5
72
330
17
100
AcDbEntity
  8
ROADS
100
AcDbPolyline
 90
2
 70
0
 10
625940.2621488279
 20
4835652.7029519
 10
625925.8231627184
 20
4835697.515521979
  0
LWPOLYLINE
  5
73
330
17
100
AcDbEntity
  8
ROADS
100
AcDbPolyline
 90
2
 70
0
 10
626044.9035059367
 20
4835631.143948013
 10
626016.370813842
 20
4835724.156054267
  0
LWPOLYLINE
  5
74
330
17
100
AcDbEntity
  8
ROADS
100
AcDbPolyline
 90
2
 70
0
 10
625925.8231627184
 20
4835697.515521979
 10
625837.0038215008
 20
4835670.97525481
  0
LWPOLYLINE
  5
75
330
17
100
AcDbEntity
  8
ROADS
100
AcDbPolyline
 90
2
 70
0
 10
625972.9752398318
 20
4835711.7127937535
 10
625925.8231627184
 20
4835697.515521979
  0
LWPOLYLINE
  5
76
330
17
100
AcDbEntity
  8
ROADS
100
AcDbPolyline
 90
2
 70
0
 10
626016.370813842
 20
4835724.156054267
 10
625972.9752398318
 20
4835711.7127937535
  0
LWPOLYLINE
  5
77
330
17
100
AcDbEntity
  8
ROADS
100
AcDbPolyline
 90
2
 70
0
 10
625972.9752398318
 20
4835711.7127937535
 10
625956.941608536
 20
4835757.827612387
  0
LWPOLYLINE
  5
78
330
17
100
AcDbEntity
  8
ROADS
100
AcDbPolyline
 90
2
 70
0
 10
625587.2397560816
 20
4835596.505628235
 10
625572.0772262153
 20
4835635.815758633
  0
LWPOLYLINE
  5
79
330
17
100
AcDbEntity
  8
ROADS
100
AcDbPolyline
 90
2
 70
0
 10
625759.3128392813
 20
4835597.987508018
 10
625746.1066681478
 20
4835643.755398491
  0
LWPOLYLINE
  5
7A
330
17
100
AcDbEntity
  8
ROADS
100
AcDbPolyline
 90
2
 70
0
 10
625572.0772262153
 20
4835635.815758633
 10
625527.6598281185
 20
4835622.111129276
  0
LWPOLYLINE
  5
7B
330
17
100
AcDbEntity
  8
ROADS
100
AcDbPolyline
 90
2
 70
0
 10
625746.1066681478
 20
4835643.755398491
 10
625668.9643269348
 20
4835621.458503807
  0
LWPOLYLINE
  5
7C
330
17
100
AcDbEntity
  8
ROADS
100
AcDbPolyline
 90
2
 70
0
 10
625572.0772262153
 20
4835635.815758633
 10
625616.4679364162
 20
4835653.866306681
  0
LWPOLYLINE
  5
7D
330
17
100
AcDbEntity
  8
ROADS
100
AcDbPolyline
 90
2
 70
0
 10
625837.0038215008
 20
4835670.97525481
 10
625746.1066681478
 20
4835643.755398491
  0
LWPOLYLINE
  5
7E
330
17
100
AcDbEntity
  8
ROADS
100
AcDbPolyline
 90
2
 70
0
 10
625572.0772262153
 20
4835635.815758633
 10
625555.5937894547
 20
4835693.204036457
  0
LWPOLYLINE
  5
7F
330
17
100
AcDbEntity
  8
ROADS
100
AcDbPolyline
 90
2
 70
0
 10
625616.4679364162
 20
4835653.866306681
 10
625600.6210785446
 20
4835706.826846692
  0
LWPOLYLINE
  5
80
330
17
100
AcDbEntity
  8
ROADS
100
AcDbPolyline
 90
2
 70
0
 10
625600.6210785446
 20
4835706.826846692
 10
625555.5937894547
 20
4835693.204036457
  0
LWPOLYLINE
  5
81
330
17
100
AcDbEntity
  8
ROADS
100
AcDbPolyline
 90
3
 70
0
 10
626163.176570189
 20
4835610.919447431
 10
626212.5011028947
 20
4835626.760087868
 10
626248.798230158
 20
4835524.649247999
  0
LWPOLYLINE
  5
82
330
17
100
AcDbEntity
  8
ROADS
100
AcDbPolyline
 90
2
 70
0
 10
626298.4741790874
 20
4835530.069615227
 10
626246.8897291288
 20
4835691.389597792
  0
LWPOLYLINE
  5
83
330
17
100
AcDbEntity
  8
ROADS
100
AcDbPolyline
 90
2
 70
0
 10
626163.176570189
 20
4835610.919447431
 10
626147.1143184993
 20
4835659.55792784
  0
LWPOLYLINE
  5
84
330
17
100
AcDbEntity
  8
ROADS
100
AcDbPolyline
 90
2
 70
0
 10
626246.8897291288
 20
4835691.389597792
 10
626147.1143184993
 20
4835659.55792784
  0
LWPOLYLINE
  5
85
330
17
100
AcDbEntity
  8
ROADS
100
AcDbPolyline
 90
2
 70
0
 10
626147.1143184993
 20
4835659.55792784
 10
626131.4357777655
 20
4835704.839143455
  0
LWPOLYLINE
  5
86
330
17
100
AcDbEntity
  8
ROADS
100
AcDbPolyline
 90
2
 70
0
 10
626346.1890673996
 20
4835723.667705959
 10
626246.8897291288
 20
4835691.389597792
  0
LWPOLYLINE
  5
87
330
17
100
AcDbEntity
  8
ROADS
100
AcDbPolyline
 90
2
 70
0
 10
626131.4357777655
 20
4835704.839143455
 10
626116.9889999151
 20
4835748.256514277
  0
LWPOLYLINE
  5
88
330
17
100
AcDbEntity
  8
ROADS
100
AcDbPolyline
 90
2
 70
0
 10
626246.8897291288
 20
4835691.389597792
 10
626217.2143837921
 20
4835783.685555274
  0
LWPOLYLINE
  5
89
330
17
100
AcDbEntity
  8
ROADS
100
AcDbPolyline
 90
2
 70
0
 10
626346.1890673996
 20
4835723.667705959
 10
626316.5038568212
 20
4835815.291469944
  0
LWPOLYLINE
  5
8A
330
17
100
AcDbEntity
  8
ROADS
100
AcDbPolyline
 90
2
 70
0
 10
626316.5038568212
 20
4835815.291469944
 10
626217.2143837921
 20
4835783.685555274
  0
LWPOLYLINE
  5
8B
330
17
100
AcDbEntity
  8
ROADS
100
AcDbPolyline
 90
2
 70
0
 10
625509.944842422
 20
4835677.202497177
 10
625463.0450485551
 20
4835829.577622759
  0
LWPOLYLINE
  5
8C
330
17
100
AcDbEntity
  8
ROADS
100
AcDbPolyline
 90
2
 70
0
 10
625956.941608536
 20
4835757.827612387
 10
625616.4679364162
 20
4835653.866306681
  0
LWPOLYLINE
  5
8D
330
17
100
AcDbEntity
  8
ROADS
100
AcDbPolyline
 90
2
 70
0
 10
625600.6210785446
 20
4835706.826846692
 10
625586.8642886052
 20
4835753.345799799
  0
LWPOLYLINE
  5
8E
330
17
100
AcDbEntity
  8
ROADS
100
AcDbPolyline
 90
2
 70
0
 10
625555.5937894547
 20
4835693.204036457
 10
625526.3224277231
 20
4835789.211317813
  0
LWPOLYLINE
  5
8F
330
17
100
AcDbEntity
  8
ROADS
100
AcDbPolyline
 90
2
 70
0
 10
625941.3646497877
 20
4835805.565777317
 10
625600.6210785446
 20
4835706.826846692
  0
LWPOLYLINE
  5
90
330
17
100
AcDbEntity
  8
ROADS
100
AcDbPolyline
 90
2
 70
0
 10
625586.8642886052
 20
4835753.345799799
 10
625571.7443158067
 20
4835802.525256164
  0
LWPOLYLINE
  5
91
330
17
100
AcDbEntity
  8
ROADS
100
AcDbPolyline
 90
2
 70
0
 10
625571.7443158067
 20
4835802.525256164
 10
625526.3224277231
 20
4835789.211317813
  0
LWPOLYLINE
  5
92
330
17
100
AcDbEntity
  8
ROADS
100
AcDbPolyline
 90
2
 70
0
 10
625586.8642886052
 20
4835753.345799799
 10
625919.9996469488
 20
4835851.296178698
  0
LWPOLYLINE
  5
93
330
17
100
AcDbEntity
  8
ROADS
100
AcDbPolyline
 90
2
 70
0
 10
625526.3224277231
 20
4835789.211317813
 10
625509.2735506926
 20
4835843.855201912
  0
LWPOLYLINE
  5
94
330
17
100
AcDbEntity
  8
ROADS
100
AcDbPolyline
 90
2
 70
0
 10
625571.7443158067
 20
4835802.525256164
 10
625555.7961633262
 20
4835853.868858913
  0
LWPOLYLINE
  5
95
330
17
100
AcDbEntity
  8
ROADS
100
AcDbPolyline
 90
2
 70
0
 10
625555.7961633262
 20
4835853.868858913
 10
625509.2735506926
 20
4835843.855201912
  0
LWPOLYLINE
  5
96
330
17
100
AcDbEntity
  8
ROADS
100
AcDbPolyline
 90
2
 70
0
 10
625463.0450485551
 20
4835829.577622759
 10
625454.5287069282
 20
4835827.005073202
  0
LWPOLYLINE
  5
97
330
17
100
AcDbEntity
  8
ROADS
100
AcDbPolyline
 90
2
 70
0
 10
625509.2735506926
 20
4835843.855201912
 10
625463.0450485551
 20
4835829.577622759
  0
LWPOLYLINE
  5
98
330
17
100
AcDbEntity
  8
ROADS
100
AcDbPolyline
 90
2
 70
0
 10
625509.2735506926
 20
4835843.855201912
 10
625496.8293288129
 20
4835884.593538493
  0
LWPOLYLINE
  5
99
330
17
100
AcDbEntity
  8
ROADS
100
AcDbPolyline
 90
2
 70
0
 10
625446.1847060408
 20
4836047.914187887
 10
625416.6697157377
 20
4836038.287310083
  0
LWPOLYLINE
  5
9A
330
17
100
AcDbEntity
  8
ROADS
100
AcDbPolyline
 90
2
 70
0
 10
625446.1847060408
 20
4836047.914187887
 10
625432.3392062798
 20
4836088.109144018
  0
LWPOLYLINE
  5
9B
330
17
100
AcDbEntity
  8
ROADS
100
AcDbPolyline
 90
2
 70
0
 10
625432.3392062798
 20
4836088.109144018
 10
625416.1541032181
 20
4836082.865678833
  0
LWPOLYLINE
  5
9C
330
17
100
AcDbEntity
  8
ROADS
100
AcDbPolyline
 90
2
 70
0
 10
625432.3392062798
 20
4836088.109144018
 10
625481.6876518365
 20
4836101.735128754
  0
LWPOLYLINE
  5
9D
330
17
100
AcDbEntity
  8
ROADS
100
AcDbPolyline
 90
2
 70
0
 10
625432.3392062798
 20
4836088.109144018
 10
625421.9094810295
 20
4836127.663317565
  0
LWPOLYLINE
  5
9E
330
17
100
AcDbEntity
  8
ROADS
100
AcDbPolyline
 90
2
 70
0
 10
625421.9094810295
 20
4836127.663317565
 10
625417.1080642577
 20
4836126.1947286045
  0
LWPOLYLINE
  5
9F
330
17
100
AcDbEntity
  8
ROADS
100
AcDbPolyline
 90
3
 70
0
 10
626131.4357777655
 20
4835704.839143455
 10
626082.1487663499
 20
4835690.132239879
 10
626033.2874624389
 20
4835836.239437366
  0
LWPOLYLINE
  5
A0
330
17
100
AcDbEntity
  8
ROADS
100
AcDbPolyline
 90
2
 70
0
 10
626016.370813842
 20
4835724.156054267
 10
625984.5459246666
 20
4835817.969172275
  0
LWPOLYLINE
  5
A1
330
17
100
AcDbEntity
  8
ROADS
100
AcDbPolyline
 90
2
 70
0
 10
625956.941608536
 20
4835757.827612387
 10
625941.3646497877
 20
4835805.565777317
  0
LWPOLYLINE
  5
A2
330
17
100
AcDbEntity
  8
ROADS
100
AcDbPolyline
 90
2
 70
0
 10
625984.5459246666
 20
4835817.969172275
 10
625941.3646497877
 20
4835805.565777317
  0
LWPOLYLINE
  5
A3
330
17
100
AcDbEntity
  8
ROADS
100
AcDbPolyline
 90
2
 70
0
 10
625984.5459246666
 20
4835817.969172275
 10
625968.4696592604
 20
4835866.10933492
  0
LWPOLYLINE
  5
A4
330
17
100
AcDbEntity
  8
ROADS
100
AcDbPolyline
 90
2
 70
0
 10
626080.4550391167
 20
4835851.903099135
 10
626033.2874624389
 20
4835836.239437366
  0
LWPOLYLINE
  5
A5
330
17
100
AcDbEntity
  8
ROADS
100
AcDbPolyline
 90
2
 70
0
 10
625919.9996469488
 20
4835851.296178698
 10
625968.4696592604
 20
4835866.10933492
  0
LWPOLYLINE
  5
A6
330
17
100
AcDbEntity
  8
ROADS
100
AcDbPolyline
 90
2
 70
0
 10
625919.9996469488
 20
4835851.296178698
 10
625912.3218739249
 20
4835874.766735342
  0
LWPOLYLINE
  5
A7
330
17
100
AcDbEntity
  8
ROADS
100
AcDbPolyline
 90
2
 70
0
 10
625968.4696592604
 20
4835866.10933492
 10
625952.7438814661
 20
4835913.061760459
  0
LWPOLYLINE
  5
A8
330
17
100
AcDbEntity
  8
ROADS
100
AcDbPolyline
 90
2
 70
0
 10
626033.2874624389
 20
4835836.239437366
 10
625992.5846151309
 20
4835960.551822204
  0
LWPOLYLINE
  5
A9
330
17
100
AcDbEntity
  8
ROADS
100
AcDbPolyline
 90
2
 70
0
 10
626116.9889999151
 20
4835748.256514277
 10
626080.4550391167
 20
4835851.903099135
  0
LWPOLYLINE
  5
AA
330
17
100
AcDbEntity
  8
ROADS
100
AcDbPolyline
 90
3
 70
0
 10
626116.9889999151
 20
4835748.256514277
 10
626168.6997576077
 20
4835764.368328986
 10
626125.9384275896
 20
4835898.049107066
  0
LWPOLYLINE
  5
AB
330
17
100
AcDbEntity
  8
ROADS
100
AcDbPolyline
 90
2
 70
0
 10
626415.4328477136
 20
4835847.200903753
 10
626316.5038568212
 20
4835815.291469944
  0
LWPOLYLINE
  5
AC
330
17
100
AcDbEntity
  8
ROADS
100
AcDbPolyline
 90
2
 70
0
 10
626316.5038568212
 20
4835815.291469944
 10
626302.9010658967
 20
4835858.711118945
  0
LWPOLYLINE
  5
AD
330
17
100
AcDbEntity
  8
ROADS
100
AcDbPolyline
 90
2
 70
0
 10
626217.2143837921
 20
4835783.685555274
 10
626172.0121632899
 20
4835918.90031126
  0
LWPOLYLINE
  5
AE
330
17
100
AcDbEntity
  8
ROADS
100
AcDbPolyline
 90
2
 70
0
 10
626302.9010658967
 20
4835858.711118945
 10
626293.3566968803
 20
4835888.458327656
  0
LWPOLYLINE
  5
AF
330
17
100
AcDbEntity
  8
ROADS
100
AcDbPolyline
 90
4
 70
0
 10
626302.9010658967
 20
4835858.711118945
 10
626315.370938258
 20
4835868.328133081
 10
626306.0913445987
 20
4835892.28078608
 10
626293.3566968803
 20
4835888.458327656
  0
LWPOLYLINE
  5
B0
330
17
100
AcDbEntity
  8
ROADS
100
AcDbPolyline
 90
2
 70
0
 10
626293.3566968803
 20
4835888.458327656
 10
626280.0205459523
 20
4835930.017681396
  0
LWPOLYLINE
  5
B1
330
17
100
AcDbEntity
  8
ROADS
100
AcDbPolyline
 90
2
 70
0
 10
626192.9013935021
 20
4835908.44635704
 10
626172.0121632899
 20
4835918.90031126
  0
LWPOLYLINE
  5
B2
330
17
100
AcDbEntity
  8
ROADS
100
AcDbPolyline
 90
4
 70
0
 10
626390.0980462013
 20
4835925.0415083235
 10
626333.798064646
 20
4835922.034466994
 10
626328.8517172397
 20
4835944.549376812
 10
626280.0205459523
 20
4835930.017681396
  0
LWPOLYLINE
  5
B3
330
17
100
AcDbEntity
  8
ROADS
100
AcDbPolyline
 90
2
 70
0
 10
625496.8293288129
 20
4835884.593538493
 10
625443.4279035855
 20
4835867.646004553
  0
LWPOLYLINE
  5
B4
330
17
100
AcDbEntity
  8
ROADS
100
AcDbPolyline
 90
2
 70
0
 10
625438.4060040697
 20
4835910.258746579
 10
625432.9754978898
 20
4835908.5368182445
  0
LWPOLYLINE
  5
B5
330
17
100
AcDbEntity
  8
ROADS
100
AcDbPolyline
 90
2
 70
0
 10
625496.8293288129
 20
4835884.593538493
 10
625484.3305147341
 20
4835924.589842982
  0
LWPOLYLINE
  5
B6
330
17
100
AcDbEntity
  8
ROADS
100
AcDbPolyline
 90
2
 70
0
 10
625484.3305147341
 20
4835924.589842982
 10
625438.4060040697
 20
4835910.258746579
  0
LWPOLYLINE
  5
B7
330
17
100
AcDbEntity
  8
ROADS
100
AcDbPolyline
 90
2
 70
0
 10
625484.3305147341
 20
4835924.589842982
 10
625468.7391636159
 20
4835974.893818588
  0
LWPOLYLINE
  5
B8
330
17
100
AcDbEntity
  8
ROADS
100
AcDbPolyline
 90
2
 70
0
 10
626080.4550391167
 20
4835851.903099135
 10
626041.4816660762
 20
4835976.47078258
  0
LWPOLYLINE
  5
B9
330
17
100
AcDbEntity
  8
ROADS
100
AcDbPolyline
 90
2
 70
0
 10
625952.7438814661
 20
4835913.061760459
 10
625942.5556827108
 20
4835944.512395648
  0
LWPOLYLINE
  5
BA
330
17
100
AcDbEntity
  8
ROADS
100
AcDbPolyline
 90
2
 70
0
 10
625992.5846151309
 20
4835960.551822204
 10
625942.5556827108
 20
4835944.512395648
  0
LWPOLYLINE
  5
BB
330
17
100
AcDbEntity
  8
ROADS
100
AcDbPolyline
 90
2
 70
0
 10
626041.4816660762
 20
4835976.47078258
 10
625992.5846151309
 20
4835960.551822204
  0
LWPOLYLINE
  5
BC
330
17
100
AcDbEntity
  8
ROADS
100
AcDbPolyline
 90
2
 70
0
 10
625942.5556827108
 20
4835944.512395648
 10
625920.9309397326
 20
4836008.645162544
  0
LWPOLYLINE
  5
BD
330
17
100
AcDbEntity
  8
ROADS
100
AcDbPolyline
 90
2
 70
0
 10
626145.0467280893
 20
4836009.105100009
 10
626041.4816660762
 20
4835976.47078258
  0
LWPOLYLINE
  5
BE
330
17
100
AcDbEntity
  8
ROADS
100
AcDbPolyline
 90
2
 70
0
 10
625920.9309397326
 20
4836008.645162544
 10
625874.5174781517
 20
4835995.3022543285
  0
LWPOLYLINE
  5
BF
330
17
100
AcDbEntity
  8
ROADS
100
AcDbPolyline
 90
3
 70
0
 10
625874.5174781517
 20
4835995.3022543285
 10
625858.8114603289
 20
4836039.888881075
 10
625753.5892127005
 20
4836010.140785582
  0
LWPOLYLINE
  5
C0
330
17
100
AcDbEntity
  8
ROADS
100
AcDbPolyline
 90
2
 70
0
 10
625920.9309397326
 20
4836008.645162544
 10
625901.4380124396
 20
4836069.033246532
  0
LWPOLYLINE
  5
C1
330
17
100
AcDbEntity
  8
ROADS
100
AcDbPolyline
 90
2
 70
0
 10
625826.5635966347
 20
4836068.06948166
 10
625800.162252057
 20
4836067.921143953
  0
LWPOLYLINE
  5
C2
330
17
100
AcDbEntity
  8
ROADS
100
AcDbPolyline
 90
2
 70
0
 10
625952.7438814661
 20
4835913.061760459
 10
625571.7443158067
 20
4835802.525256164
  0
LWPOLYLINE
  5
C3
330
17
100
AcDbEntity
  8
ROADS
100
AcDbPolyline
 90
3
 70
0
 10
625874.5174781517
 20
4835995.3022543285
 10
625890.1403718485
 20
4835947.347925194
 10
625555.7961633262
 20
4835853.868858913
  0
LWPOLYLINE
  5
C4
330
17
100
AcDbEntity
  8
ROADS
100
AcDbPolyline
 90
2
 70
0
 10
625484.3305147341
 20
4835924.589842982
 10
625529.7361591796
 20
4835938.52503988
  0
LWPOLYLINE
  5
C5
330
17
100
AcDbEntity
  8
ROADS
100
AcDbPolyline
 90
2
 70
0
 10
625874.5174781517
 20
4835995.3022543285
 10
625496.8293288129
 20
4835884.593538493
  0
LWPOLYLINE
  5
C6
330
17
100
AcDbEntity
  8
ROADS
100
AcDbPolyline
 90
2
 70
0
 10
625529.7361591796
 20
4835938.52503988
 10
625631.2871438313
 20
4835972.531463737
  0
LWPOLYLINE
  5
C7
330
17
100
AcDbEntity
  8
ROADS
100
AcDbPolyline
 90
2
 70
0
 10
625529.7361591796
 20
4835938.52503988
 10
625514.3822050347
 20
4835989.028825101
  0
LWPOLYLINE
  5
C8
330
17
100
AcDbEntity
  8
ROADS
100
AcDbPolyline
 90
5
 70
0
 10
625826.5635966347
 20
4836068.06948166
 10
625792.7492656398
 20
4836032.719086029
 10
625748.8310370436
 20
4836031.595996194
 10
625744.8367357218
 20
4836075.461307978
 10
625701.5764065265
 20
4836051.115772309
  0
LWPOLYLINE
  5
C9
330
17
100
AcDbEntity
  8
ROADS
100
AcDbPolyline
 90
2
 70
0
 10
625827.232486773
 20
4836080.384287549
 10
625687.0540340024
 20
4836085.1891696565
  0
LWPOLYLINE
  5
CA
330
17
100
AcDbEntity
  8
ROADS
100
AcDbPolyline
 90
2
 70
0
 10
625687.0540340024
 20
4836085.1891696565
 10
625629.0657334232
 20
4836081.675552313
  0
LWPOLYLINE
  5
CB
330
17
100
AcDbEntity
  8
ROADS
100
AcDbPolyline
 90
2
 70
0
 10
625687.0540340024
 20
4836085.1891696565
 10
625740.4629799091
 20
4836134.947658167
  0
LWPOLYLINE
  5
CC
330
17
100
AcDbEntity
  8
ROADS
100
AcDbPolyline
 90
2
 70
0
 10
625438.4060040697
 20
4835910.258746579
 10
625425.5104984704
 20
4835952.110679828
  0
LWPOLYLINE
  5
CD
330
17
100
AcDbEntity
  8
ROADS
100
AcDbPolyline
 90
2
 70
0
 10
625468.7391636159
 20
4835974.893818588
 10
625514.3822050347
 20
4835989.028825101
  0
LWPOLYLINE
  5
CE
330
17
100
AcDbEntity
  8
ROADS
100
AcDbPolyline
 90
2
 70
0
 10
625468.7391636159
 20
4835974.893818588
 10
625446.1847060408
 20
4836047.914187887
  0
LWPOLYLINE
  5
CF
330
17
100
AcDbEntity
  8
ROADS
100
AcDbPolyline
 90
3
 70
0
 10
625514.3822050347
 20
4835989.028825101
 10
625492.232134224
 20
4836061.807500941
 10
625446.1847060408
 20
4836047.914187887
  0
LWPOLYLINE
  5
D0
330
17
100
AcDbEntity
  8
ROADS
100
AcDbPolyline
 90
2
 70
0
 10
625854.7346505511
 20
4836071.934430497
 10
625826.5635966347
 20
4836068.06948166
  0
LWPOLYLINE
  5
D1
330
17
100
AcDbEntity
  8
ROADS
100
AcDbPolyline
 90
2
 70
0
 10
625901.4380124396
 20
4836069.033246532
 10
625854.7346505511
 20
4836071.934430497
  0
LWPOLYLINE
  5
D2
330
17
100
AcDbEntity
  8
ROADS
100
AcDbPolyline
 90
2
 70
0
 10
625826.5635966347
 20
4836068.06948166
 10
625827.232486773
 20
4836080.384287549
  0
LWPOLYLINE
  5
D3
330
17
100
AcDbEntity
  8
ROADS
100
AcDbPolyline
 90
2
 70
0
 10
625854.7346505511
 20
4836071.934430497
 10
625827.232486773
 20
4836080.384287549
  0
LWPOLYLINE
  5
D4
330
17
100
AcDbEntity
  8
ROADS
100
AcDbPolyline
 90
2
 70
0
 10
625854.7346505511
 20
4836071.934430497
 10
625867.7237151987
 20
4836081.220407853
  0
LWPOLYLINE
  5
D5
330
17
100
AcDbEntity
  8
ROADS
100
AcDbPolyline
 90
2
 70
0
 10
625901.4380124396
 20
4836069.033246532
 10
625894.8560795506
 20
4836088.422372753
  0
LWPOLYLINE
  5
D6
330
17
100
AcDbEntity
  8
ROADS
100
AcDbPolyline
 90
2
 70
0
 10
625924.7192328523
 20
4836161.408536449
 10
625977.0807680812
 20
4835997.4966758825
  0
LWPOLYLINE
  5
D7
330
17
100
AcDbEntity
  8
ROADS
100
AcDbPolyline
 90
2
 70
0
 10
625894.8560795506
 20
4836088.422372753
 10
625867.7237151987
 20
4836081.220407853
  0
LWPOLYLINE
  5
D8
330
17
100
AcDbEntity
  8
ROADS
100
AcDbPolyline
 90
2
 70
0
 10
625854.7346505511
 20
4836071.934430497
 10
625829.5901471248
 20
4836098.109939233
  0
LWPOLYLINE
  5
D9
330
17
100
AcDbEntity
  8
ROADS
100
AcDbPolyline
 90
2
 70
0
 10
625827.232486773
 20
4836080.384287549
 10
625829.5901471248
 20
4836098.109939233
  0
LWPOLYLINE
  5
DA
330
17
100
AcDbEntity
  8
ROADS
100
AcDbPolyline
 90
2
 70
0
 10
626273.2495196273
 20
4835949.411413742
 10
626172.0121632899
 20
4835918.90031126
  0
LWPOLYLINE
  5
DB
330
17
100
AcDbEntity
  8
ROADS
100
AcDbPolyline
 90
2
 70
0
 10
626280.0205459523
 20
4835930.017681396
 10
626273.2495196273
 20
4835949.411413742
  0
LWPOLYLINE
  5
DC
330
17
100
AcDbEntity
  8
ROADS
100
AcDbPolyline
 90
2
 70
0
 10
626390.0980462013
 20
4835925.0415083235
 10
626371.7348915625
 20
4835981.462871425
  0
LWPOLYLINE
  5
DD
330
17
100
AcDbEntity
  8
ROADS
100
AcDbPolyline
 90
2
 70
0
 10
626172.0121632899
 20
4835918.90031126
 10
626145.0467280893
 20
4836009.105100009
  0
LWPOLYLINE
  5
DE
330
17
100
AcDbEntity
  8
ROADS
100
AcDbPolyline
 90
2
 70
0
 10
626371.7348915625
 20
4835981.462871425
 10
626273.2495196273
 20
4835949.411413742
  0
LWPOLYLINE
  5
DF
330
17
100
AcDbEntity
  8
ROADS
100
AcDbPolyline
 90
2
 70
0
 10
626273.2495196273
 20
4835949.411413742
 10
626243.9351616104
 20
4836040.930837558
  0
LWPOLYLINE
  5
E0
330
17
100
AcDbEntity
  8
ROADS
100
AcDbPolyline
 90
2
 70
0
 10
626243.9351616104
 20
4836040.930837558
 10
626145.0467280893
 20
4836009.105100009
  0
LWPOLYLINE
  5
E1
330
17
100
AcDbEntity
  8
ROADS
100
AcDbPolyline
 90
2
 70
0
 10
626371.7348915625
 20
4835981.462871425
 10
626342.6848488194
 20
4836073.020100563
  0
LWPOLYLINE
  5
E2
330
17
100
AcDbEntity
  8
ROADS
100
AcDbPolyline
 90
2
 70
0
 10
626342.6848488194
 20
4836073.020100563
 10
626243.9351616104
 20
4836040.930837558
  0
LWPOLYLINE
  5
E3
330
17
100
AcDbEntity
  8
ROADS
100
AcDbPolyline
 90
2
 70
0
 10
626145.0467280893
 20
4836009.105100009
 10
626068.30460262
 20
4836247.304591601
  0
LWPOLYLINE
  5
E4
330
17
100
AcDbEntity
  8
ROADS
100
AcDbPolyline
 90
3
 70
0
 10
625867.7237151987
 20
4836081.220407853
 10
625867.8451912507
 20
4836099.225648079
 10
625829.5901471248
 20
4836098.109939233
  0
LWPOLYLINE
  5
E5
330
17
100
AcDbEntity
  8
ROADS
100
AcDbPolyline
 90
2
 70
0
 10
625894.8560795506
 20
4836088.422372753
 10
625875.6190879914
 20
4836146.822959672
  0
LWPOLYLINE
  5
E6
330
17
100
AcDbEntity
  8
ROADS
100
AcDbPolyline
 90
2
 70
0
 10
626041.4816660762
 20
4835976.47078258
 10
625947.6487345825
 20
4836259.130791748
  0
LWPOLYLINE
  5
E7
330
17
100
AcDbEntity
  8
ROADS
100
AcDbPolyline
 90
2
 70
0
 10
625875.6190879914
 20
4836146.822959672
 10
625924.7192328523
 20
4836161.408536449
  0
LWPOLYLINE
  5
E8
330
17
100
AcDbEntity
  8
ROADS
100
AcDbPolyline
 90
2
 70
0
 10
625924.7192328523
 20
4836161.408536449
 10
625912.9191268596
 20
4836192.017969558
  0
LWPOLYLINE
  5
E9
330
17
100
AcDbEntity
  8
ROADS
100
AcDbPolyline
 90
2
 70
0
 10
625875.6190879914
 20
4836146.822959672
 10
625844.4268406364
 20
4836234.844603047
  0
LWPOLYLINE
  5
EA
330
17
100
AcDbEntity
  8
ROADS
100
AcDbPolyline
 90
2
 70
0
 10
625912.9191268596
 20
4836192.017969558
 10
625931.3901656754
 20
4836197.440243077
  0
LWPOLYLINE
  5
EB
330
17
100
AcDbEntity
  8
ROADS
100
AcDbPolyline
 90
2
 70
0
 10
625912.9191268596
 20
4836192.017969558
 10
625906.900957956
 20
4836212.638358626
  0
LWPOLYLINE
  5
EC
330
17
100
AcDbEntity
  8
ROADS
100
AcDbPolyline
 90
2
 70
0
 10
625947.6487345825
 20
4836259.130791748
 10
625844.4268406364
 20
4836234.844603047
  0
LWPOLYLINE
  5
ED
330
17
100
AcDbEntity
  8
ROADS
100
AcDbPolyline
 90
3
 70
0
 10
626068.30460262
 20
4836247.304591601
 10
626023.282736404
 20
4836232.881741971
 10
626008.8490476417
 20
4836277.673394136
  0
LWPOLYLINE
  5
EE
330
17
100
AcDbEntity
  8
ROADS
100
AcDbPolyline
 90
3
 70
0
 10
625629.0657334232
 20
4836081.675552313
 10
625545.9478744473
 20
4836091.803377192
 10
625495.9758701654
 20
4836158.460683922
  0
LWPOLYLINE
  5
EF
330
17
100
AcDbEntity
  8
ROADS
100
AcDbPolyline
 90
2
 70
0
 10
625629.0657334232
 20
4836081.675552313
 10
625597.6022968041
 20
4836188.6248156745
  0
LWPOLYLINE
  5
F0
330
17
100
AcDbEntity
  8
ROADS
100
AcDbPolyline
 90
2
 70
0
 10
625687.0540340024
 20
4836085.1891696565
 10
625654.0915095728
 20
4836204.721069241
  0
LWPOLYLINE
  5
F1
330
17
100
AcDbEntity
  8
ROADS
100
AcDbPolyline
 90
2
 70
0
 10
625597.6022968041
 20
4836188.6248156745
 10
625495.9758701654
 20
4836158.460683922
  0
LWPOLYLINE
  5
F2
330
17
100
AcDbEntity
  8
ROADS
100
AcDbPolyline
 90
2
 70
0
 10
625740.4629799091
 20
4836134.947658167
 10
625715.7530561091
 20
4836222.087917933
  0
LWPOLYLINE
  5
F3
330
17
100
AcDbEntity
  8
ROADS
100
AcDbPolyline
 90
2
 70
0
 10
625740.4629799091
 20
4836134.947658167
 10
625844.4268406364
 20
4836234.844603047
  0
LWPOLYLINE
  5
F4
330
17
100
AcDbEntity
  8
ROADS
100
AcDbPolyline
 90
2
 70
0
 10
625654.0915095728
 20
4836204.721069241
 10
625597.6022968041
 20
4836188.6248156745
  0
LWPOLYLINE
  5
F5
330
17
100
AcDbEntity
  8
ROADS
100
AcDbPolyline
 90
2
 70
0
 10
625715.7530561091
 20
4836222.087917933
 10
625654.0915095728
 20
4836204.721069241
  0
LWPOLYLINE
  5
F6
330
17
100
AcDbEntity
  8
ROADS
100
AcDbPolyline
 90
2
 70
0
 10
625844.4268406364
 20
4836234.844603047
 10
625715.7530561091
 20
4836222.087917933
  0
LWPOLYLINE
  5
F7
330
17
100
AcDbEntity
  8
ROADS
100
AcDbPolyline
 90
2
 70
0
 10
625579.9573856975
 20
4836287.069418344
 10
625553.0979447834
 20
4836278.823318626
  0
LWPOLYLINE
  5
F8
330
17
100
AcDbEntity
  8
ROADS
100
AcDbPolyline
 90
2
 70
0
 10
625495.9758701654
 20
4836158.460683922
 10
625432.3392062798
 20
4836088.109144018
  0
LWPOLYLINE
  5
F9
330
17
100
AcDbEntity
  8
ROADS
100
AcDbPolyline
 90
2
 70
0
 10
625421.9094810295
 20
4836127.663317565
 10
625418.4445377152
 20
4836140.995738281
  0
LWPOLYLINE
  5
FA
330
17
100
AcDbEntity
  8
ROADS
100
AcDbPolyline
 90
2
 70
0
 10
625553.0979447834
 20
4836278.823318626
 10
625440.933969274
 20
4836246.666528318
  0
LWPOLYLINE
  5
FB
330
17
100
AcDbEntity
  8
ROADS
100
AcDbPolyline
 90
2
 70
0
 10
626243.9351616104
 20
4836040.930837558
 10
626153.6912076538
 20
4836321.440764794
  0
LWPOLYLINE
  5
FC
330
17
100
AcDbEntity
  8
ROADS
100
AcDbPolyline
 90
2
 70
0
 10
626342.6848488194
 20
4836073.020100563
 10
626254.407691933
 20
4836351.885566034
  0
LWPOLYLINE
  5
FD
330
17
100
AcDbEntity
  8
ROADS
100
AcDbPolyline
 90
2
 70
0
 10
626153.6912076538
 20
4836321.440764794
 10
626054.2525329087
 20
4836291.178095275
  0
LWPOLYLINE
  5
FE
330
17
100
AcDbEntity
  8
ROADS
100
AcDbPolyline
 90
2
 70
0
 10
626254.407691933
 20
4836351.885566034
 10
626153.6912076538
 20
4836321.440764794
  0
LWPOLYLINE
  5
FF
330
17
100
AcDbEntity
  8
ROADS
100
AcDbPolyline
 90
2
 70
0
 10
626364.7728260723
 20
4836333.711947234
 10
626349.9542932038
 20
4836380.759816932
  0
LWPOLYLINE
  5
100
330
17
100
AcDbEntity
  8
ROADS
100
AcDbPolyline
 90
2
 70
0
 10
626349.9542932038
 20
4836380.759816932
 10
626254.407691933
 20
4836351.885566034
  0
LWPOLYLINE
  5
101
330
17
100
AcDbEntity
  8
ROADS
100
AcDbPolyline
 90
2
 70
0
 10
626349.9542932038
 20
4836380.759816932
 10
626329.1418065832
 20
4836445.6493665725
  0
LWPOLYLINE
  5
102
330
17
100
AcDbEntity
  8
ROADS
100
AcDbPolyline
 90
2
 70
0
 10
626216.5543567968
 20
4836463.8887690315
 10
626119.4914361029
 20
4836434.366050816
  0
LWPOLYLINE
  5
103
330
17
100
AcDbEntity
  8
ROADS
100
AcDbPolyline
 90
2
 70
0
 10
626119.4914361029
 20
4836434.366050816
 10
626104.7685920757
 20
4836478.22342464
  0
LWPOLYLINE
  5
104
330
17
100
AcDbEntity
  8
ROADS
100
AcDbPolyline
 90
2
 70
0
 10
626329.1418065832
 20
4836445.6493665725
 10
626314.1272058508
 20
4836493.0867046015
  0
LWPOLYLINE
  5
105
330
17
100
AcDbEntity
  8
ROADS
100
AcDbPolyline
 90
2
 70
0
 10
625844.4268406364
 20
4836234.844603047
 10
625824.9798110311
 20
4836295.513006866
  0
LWPOLYLINE
  5
106
330
17
100
AcDbEntity
  8
ROADS
100
AcDbPolyline
 90
2
 70
0
 10
626008.8490476417
 20
4836277.673394136
 10
625947.6487345825
 20
4836259.130791748
  0
LWPOLYLINE
  5
107
330
17
100
AcDbEntity
  8
ROADS
100
AcDbPolyline
 90
2
 70
0
 10
626068.30460262
 20
4836247.304591601
 10
626054.2525329087
 20
4836291.178095275
  0
LWPOLYLINE
  5
108
330
17
100
AcDbEntity
  8
ROADS
100
AcDbPolyline
 90
2
 70
0
 10
626054.2525329087
 20
4836291.178095275
 10
626008.8490476417
 20
4836277.673394136
  0
LWPOLYLINE
  5
109
330
17
100
AcDbEntity
  8
ROADS
100
AcDbPolyline
 90
2
 70
0
 10
625824.9798110311
 20
4836295.513006866
 10
625807.6175598515
 20
4836349.4522087965
  0
LWPOLYLINE
  5
10A
330
17
100
AcDbEntity
  8
ROADS
100
AcDbPolyline
 90
2
 70
0
 10
626054.2525329087
 20
4836291.178095275
 10
626035.8344603956
 20
4836355.777868185
  0
LWPOLYLINE
  5
10B
330
17
100
AcDbEntity
  8
ROADS
100
AcDbPolyline
 90
2
 70
0
 10
625870.2966576414
 20
4836359.437061405
 10
625807.6175598515
 20
4836349.4522087965
  0
LWPOLYLINE
  5
10C
330
17
100
AcDbEntity
  8
ROADS
100
AcDbPolyline
 90
2
 70
0
 10
625921.7953059541
 20
4836375.827140591
 10
625870.2966576414
 20
4836359.437061405
  0
LWPOLYLINE
  5
10D
330
17
100
AcDbEntity
  8
ROADS
100
AcDbPolyline
 90
2
 70
0
 10
626035.8344603956
 20
4836355.777868185
 10
626022.3978493952
 20
4836404.936800212
  0
LWPOLYLINE
  5
10E
330
17
100
AcDbEntity
  8
ROADS
100
AcDbPolyline
 90
2
 70
0
 10
626022.3978493952
 20
4836404.936800212
 10
625921.7953059541
 20
4836375.827140591
  0
LWPOLYLINE
  5
10F
330
17
100
AcDbEntity
  8
ROADS
100
AcDbPolyline
 90
2
 70
0
 10
625553.0979447834
 20
4836278.823318626
 10
625533.6467721568
 20
4836334.2457932355
  0
LWPOLYLINE
  5
110
330
17
100
AcDbEntity
  8
ROADS
100
AcDbPolyline
 90
2
 70
0
 10
625759.6367914352
 20
4836339.220099177
 10
625579.9573856975
 20
4836287.069418344
  0
LWPOLYLINE
  5
111
330
17
100
AcDbEntity
  8
ROADS
100
AcDbPolyline
 90
2
 70
0
 10
625579.9573856975
 20
4836287.069418344
 10
625548.2611816444
 20
4836378.515554906
  0
LWPOLYLINE
  5
112
330
17
100
AcDbEntity
  8
ROADS
100
AcDbPolyline
 90
2
 70
0
 10
625807.6175598515
 20
4836349.4522087965
 10
625759.6367914352
 20
4836339.220099177
  0
LWPOLYLINE
  5
113
330
17
100
AcDbEntity
  8
ROADS
100
AcDbPolyline
 90
2
 70
0
 10
625759.6367914352
 20
4836339.220099177
 10
625727.5103718556
 20
4836437.477893836
  0
LWPOLYLINE
  5
114
330
17
100
AcDbEntity
  8
ROADS
100
AcDbPolyline
 90
2
 70
0
 10
625807.6175598515
 20
4836349.4522087965
 10
625771.9701444156
 20
4836456.657870404
  0
LWPOLYLINE
  5
115
330
17
100
AcDbEntity
  8
ROADS
100
AcDbPolyline
 90
2
 70
0
 10
625727.5103718556
 20
4836437.477893836
 10
625548.2611816444
 20
4836378.515554906
  0
LWPOLYLINE
  5
116
330
17
100
AcDbEntity
  8
ROADS
100
AcDbPolyline
 90
2
 70
0
 10
625548.2611816444
 20
4836378.515554906
 10
625517.9038633176
 20
4836472.6810378
  0
LWPOLYLINE
  5
117
330
17
100
AcDbEntity
  8
ROADS
100
AcDbPolyline
 90
2
 70
0
 10
625771.9701444156
 20
4836456.657870404
 10
625727.5103718556
 20
4836437.477893836
  0
LWPOLYLINE
  5
118
330
17
100
AcDbEntity
  8
ROADS
100
AcDbPolyline
 90
2
 70
0
 10
625771.9701444156
 20
4836456.657870404
 10
625761.1893236671
 20
4836489.465836113
  0
LWPOLYLINE
  5
119
330
17
100
AcDbEntity
  8
ROADS
100
AcDbPolyline
 90
2
 70
0
 10
626037.8488813802
 20
4836412.285595915
 10
626022.3978493952
 20
4836404.936800212
  0
LWPOLYLINE
  5
11A
330
17
100
AcDbEntity
  8
ROADS
100
AcDbPolyline
 90
2
 70
0
 10
625870.2966576414
 20
4836359.437061405
 10
625837.3076598293
 20
4836460.654461968
  0
LWPOLYLINE
  5
11B
330
17
100
AcDbEntity
  8
ROADS
100
AcDbPolyline
 90
2
 70
0
 10
626022.3978493952
 20
4836404.936800212
 10
626015.7758214443
 20
4836423.666163698
  0
LWPOLYLINE
  5
11C
330
17
100
AcDbEntity
  8
ROADS
100
AcDbPolyline
 90
2
 70
0
 10
626070.3920088324
 20
4836418.578368514
 10
626037.8488813802
 20
4836412.285595915
  0
LWPOLYLINE
  5
11D
330
17
100
AcDbEntity
  8
ROADS
100
AcDbPolyline
 90
2
 70
0
 10
626037.8488813802
 20
4836412.285595915
 10
626015.7758214443
 20
4836423.666163698
  0
LWPOLYLINE
  5
11E
330
17
100
AcDbEntity
  8
ROADS
100
AcDbPolyline
 90
2
 70
0
 10
625921.7953059541
 20
4836375.827140591
 10
625891.247860776
 20
4836472.817955352
  0
LWPOLYLINE
  5
11F
330
17
100
AcDbEntity
  8
ROADS
100
AcDbPolyline
 90
2
 70
0
 10
626054.9887413703
 20
4836437.568977774
 10
626037.8488813802
 20
4836412.285595915
  0
LWPOLYLINE
  5
120
330
17
100
AcDbEntity
  8
ROADS
100
AcDbPolyline
 90
2
 70
0
 10
626119.4914361029
 20
4836434.366050816
 10
626070.3920088324
 20
4836418.578368514
  0
LWPOLYLINE
  5
121
330
17
100
AcDbEntity
  8
ROADS
100
AcDbPolyline
 90
2
 70
0
 10
626070.3920088324
 20
4836418.578368514
 10
626054.9887413703
 20
4836437.568977774
  0
LWPOLYLINE
  5
122
330
17
100
AcDbEntity
  8
ROADS
100
AcDbPolyline
 90
2
 70
0
 10
626015.7758214443
 20
4836423.666163698
 10
626004.6742286511
 20
4836455.022269687
  0
LWPOLYLINE
  5
123
330
17
100
AcDbEntity
  8
ROADS
100
AcDbPolyline
 90
2
 70
0
 10
625548.2611816444
 20
4836378.515554906
 10
625464.7265650571
 20
4836351.117212102
  0
LWPOLYLINE
  5
124
330
17
100
AcDbEntity
  8
ROADS
100
AcDbPolyline
 90
2
 70
0
 10
625517.9038633176
 20
4836472.6810378
 10
625511.5947045095
 20
4836470.499117785
  0
LWPOLYLINE
  5
125
330
17
100
AcDbEntity
  8
ROADS
100
AcDbPolyline
 90
2
 70
0
 10
625771.9701444156
 20
4836456.657870404
 10
625612.8786207039
 20
4836504.132071527
  0
LWPOLYLINE
  5
126
330
17
100
AcDbEntity
  8
ROADS
100
AcDbPolyline
 90
2
 70
0
 10
625612.8786207039
 20
4836504.132071527
 10
625517.9038633176
 20
4836472.6810378
  0
LWPOLYLINE
  5
127
330
17
100
AcDbEntity
  8
ROADS
100
AcDbPolyline
 90
2
 70
0
 10
625827.8543593386
 20
4836489.7322209235
 10
625761.1893236671
 20
4836489.465836113
  0
LWPOLYLINE
  5
128
330
17
100
AcDbEntity
  8
ROADS
100
AcDbPolyline
 90
2
 70
0
 10
625517.9038633176
 20
4836472.6810378
 10
625513.6207502278
 20
4836485.218116586
  0
LWPOLYLINE
  5
129
330
17
100
AcDbEntity
  8
ROADS
100
AcDbPolyline
 90
2
 70
0
 10
625520.9798704707
 20
4836511.653875221
 10
625517.2742478279
 20
4836511.760373905
  0
LWPOLYLINE
  5
12A
330
17
100
AcDbEntity
  8
ROADS
100
AcDbPolyline
 90
3
 70
0
 10
625612.8786207039
 20
4836504.132071527
 10
625580.8726086968
 20
4836520.236289996
 10
625520.9798704707
 20
4836511.653875221
  0
LWPOLYLINE
  5
12B
330
17
100
AcDbEntity
  8
ROADS
100
AcDbPolyline
 90
2
 70
0
 10
625705.4894067628
 20
4836502.391470163
 10
625695.6943036971
 20
4836531.789054742
  0
LWPOLYLINE
  5
12C
330
17
100
AcDbEntity
  8
ROADS
100
AcDbPolyline
 90
2
 70
0
 10
625695.6943036971
 20
4836531.789054742
 10
625612.8786207039
 20
4836504.132071527
  0
LWPOLYLINE
  5
12D
330
17
100
AcDbEntity
  8
ROADS
100
AcDbPolyline
 90
2
 70
0
 10
625761.1893236671
 20
4836489.465836113
 10
625741.507842955
 20
4836547.114297704
  0
LWPOLYLINE
  5
12E
330
17
100
AcDbEntity
  8
ROADS
100
AcDbPolyline
 90
2
 70
0
 10
625741.507842955
 20
4836547.114297704
 10
625695.6943036971
 20
4836531.789054742
  0
LWPOLYLINE
  5
12F
330
17
100
AcDbEntity
  8
ROADS
100
AcDbPolyline
 90
3
 70
0
 10
625679.2989355146
 20
4836580.924430784
 10
625552.124177369
 20
4836538.254515325
 10
625520.9798704707
 20
4836511.653875221
  0
LWPOLYLINE
  5
130
330
17
100
AcDbEntity
  8
ROADS
100
AcDbPolyline
 90
2
 70
0
 10
625695.6943036971
 20
4836531.789054742
 10
625679.2989355146
 20
4836580.924430784
  0
LWPOLYLINE
  5
131
330
17
100
AcDbEntity
  8
ROADS
100
AcDbPolyline
 90
3
 70
0
 10
625827.8543593386
 20
4836489.7322209235
 10
625776.3783993003
 20
4836647.740607399
 10
625830.0286919904
 20
4836664.874674718
  0
LWPOLYLINE
  5
132
330
17
100
AcDbEntity
  8
ROADS
100
AcDbPolyline
 90
2
 70
0
 10
625741.507842955
 20
4836547.114297704
 10
625710.2336127287
 20
4836641.047228165
  0
LWPOLYLINE
  5
133
330
17
100
AcDbEntity
  8
ROADS
100
AcDbPolyline
 90
2
 70
0
 10
625664.1059408745
 20
4836626.005309988
 10
625532.7030384217
 20
4836581.994581628
  0
LWPOLYLINE
  5
134
330
17
100
AcDbEntity
  8
ROADS
100
AcDbPolyline
 90
2
 70
0
 10
625679.2989355146
 20
4836580.924430784
 10
625664.1059408745
 20
4836626.005309988
  0
LWPOLYLINE
  5
135
330
17
100
AcDbEntity
  8
ROADS
100
AcDbPolyline
 90
2
 70
0
 10
625710.2336127287
 20
4836641.047228165
 10
625664.1059408745
 20
4836626.005309988
  0
LWPOLYLINE
  5
136
330
17
100
AcDbEntity
  8
ROADS
100
AcDbPolyline
 90
2
 70
0
 10
625710.2336127287
 20
4836641.047228165
 10
625692.8332565933
 20
4836687.357267067
  0
LWPOLYLINE
  5
137
330
17
100
AcDbEntity
  8
ROADS
100
AcDbPolyline
 90
3
 70
0
 10
625558.9613814098
 20
4836663.912841373
 10
625565.6575501307
 20
4836649.330557537
 10
625552.3649549031
 20
4836644.9691579705
  0
LWPOLYLINE
  5
138
330
17
100
AcDbEntity
  8
ROADS
100
AcDbPolyline
 90
3
 70
0
 10
625607.5657009518
 20
4836710.953845632
 10
625627.2649611193
 20
4836668.693619432
 10
625595.2039585358
 20
4836658.637332344
  0
LWPOLYLINE
  5
139
330
17
100
AcDbEntity
  8
ROADS
100
AcDbPolyline
 90
2
 70
0
 10
626054.9887413703
 20
4836437.568977774
 10
626004.6742286511
 20
4836455.022269687
  0
LWPOLYLINE
  5
13A
330
17
100
AcDbEntity
  8
ROADS
100
AcDbPolyline
 90
2
 70
0
 10
626054.9887413703
 20
4836437.568977774
 10
626104.7685920757
 20
4836478.22342464
  0
LWPOLYLINE
  5
13B
330
17
100
AcDbEntity
  8
ROADS
100
AcDbPolyline
 90
2
 70
0
 10
626004.6742286511
 20
4836455.022269687
 10
625982.3461420975
 20
4836461.978964305
  0
LWPOLYLINE
  5
13C
330
17
100
AcDbEntity
  8
ROADS
100
AcDbPolyline
 90
2
 70
0
 10
625891.247860776
 20
4836472.817955352
 10
625837.3076598293
 20
4836460.654461968
  0
LWPOLYLINE
  5
13D
330
17
100
AcDbEntity
  8
ROADS
100
AcDbPolyline
 90
2
 70
0
 10
625982.3461420975
 20
4836461.978964305
 10
625891.247860776
 20
4836472.817955352
  0
LWPOLYLINE
  5
13E
330
17
100
AcDbEntity
  8
ROADS
100
AcDbPolyline
 90
2
 70
0
 10
626004.6742286511
 20
4836455.022269687
 10
625994.4406759271
 20
4836487.153113884
  0
LWPOLYLINE
  5
13F
330
17
100
AcDbEntity
  8
ROADS
100
AcDbPolyline
 90
2
 70
0
 10
625994.4406759271
 20
4836487.153113884
 10
625982.3461420975
 20
4836461.978964305
  0
LWPOLYLINE
  5
140
330
17
100
AcDbEntity
  8
ROADS
100
AcDbPolyline
 90
2
 70
0
 10
625837.3076598293
 20
4836460.654461968
 10
625827.8543593386
 20
4836489.7322209235
  0
LWPOLYLINE
  5
141
330
17
100
AcDbEntity
  8
ROADS
100
AcDbPolyline
 90
2
 70
0
 10
625891.247860776
 20
4836472.817955352
 10
625830.0286919904
 20
4836664.874674718
  0
LWPOLYLINE
  5
142
330
17
100
AcDbEntity
  8
ROADS
100
AcDbPolyline
 90
2
 70
0
 10
625994.4406759271
 20
4836487.153113884
 10
625903.7468482598
 20
4836771.8958298005
  0
LWPOLYLINE
  5
143
330
17
100
AcDbEntity
  8
ROADS
100
AcDbPolyline
 90
2
 70
0
 10
626314.1272058508
 20
4836493.0867046015
 10
626216.5543567968
 20
4836463.8887690315
  0
LWPOLYLINE
  5
144
330
17
100
AcDbEntity
  8
ROADS
100
AcDbPolyline
 90
2
 70
0
 10
626216.5543567968
 20
4836463.8887690315
 10
626203.000188666
 20
4836506.827230999
  0
LWPOLYLINE
  5
145
330
17
100
AcDbEntity
  8
ROADS
100
AcDbPolyline
 90
2
 70
0
 10
626410.2101961798
 20
4836521.609678215
 10
626314.1272058508
 20
4836493.0867046015
  0
LWPOLYLINE
  5
146
330
17
100
AcDbEntity
  8
ROADS
100
AcDbPolyline
 90
2
 70
0
 10
626314.1272058508
 20
4836493.0867046015
 10
626299.4882694575
 20
4836537.50165172
  0
LWPOLYLINE
  5
147
330
17
100
AcDbEntity
  8
ROADS
100
AcDbPolyline
 90
2
 70
0
 10
626203.000188666
 20
4836506.827230999
 10
626299.4882694575
 20
4836537.50165172
  0
LWPOLYLINE
  5
148
330
17
100
AcDbEntity
  8
ROADS
100
AcDbPolyline
 90
2
 70
0
 10
626299.4882694575
 20
4836537.50165172
 10
626345.3135221566
 20
4836552.626121436
  0
LWPOLYLINE
  5
149
330
17
100
AcDbEntity
  8
ROADS
100
AcDbPolyline
 90
2
 70
0
 10
626345.3135221566
 20
4836552.626121436
 10
626395.0449304371
 20
4836568.861289271
  0
LWPOLYLINE
  5
14A
330
17
100
AcDbEntity
  8
ROADS
100
AcDbPolyline
 90
2
 70
0
 10
626345.3135221566
 20
4836552.626121436
 10
626294.6765428219
 20
4836717.49031999
  0
LWPOLYLINE
  5
14B
330
17
100
AcDbEntity
  8
ROADS
100
AcDbPolyline
 90
2
 70
0
 10
626203.000188666
 20
4836506.827230999
 10
626101.0358638334
 20
4836823.08017797
  0
LWPOLYLINE
  5
14C
330
17
100
AcDbEntity
  8
ROADS
100
AcDbPolyline
 90
2
 70
0
 10
626050.9338073394
 20
4836812.689626014
 10
626144.8334153373
 20
4836518.90322707
  0
LWPOLYLINE
  5
14D
330
17
100
AcDbEntity
  8
ROADS
100
AcDbPolyline
 90
2
 70
0
 10
626104.7685920757
 20
4836478.22342464
 10
626000.5559105963
 20
4836801.709054846
  0
LWPOLYLINE
  5
14E
330
17
100
AcDbEntity
  8
ROADS
100
AcDbPolyline
 90
2
 70
0
 10
625951.547680879
 20
4836786.714519106
 10
626014.5385274412
 20
4836592.750673685
  0
LWPOLYLINE
  5
14F
330
17
100
AcDbEntity
  8
ROADS
100
AcDbPolyline
 90
2
 70
0
 10
625830.0286919904
 20
4836664.874674718
 10
625809.4307953739
 20
4836728.458911415
  0
LWPOLYLINE
  5
150
330
17
100
AcDbEntity
  8
ROADS
100
AcDbPolyline
 90
2
 70
0
 10
625853.7155662908
 20
4836748.854837419
 10
625877.3492175712
 20
4836688.999701105
  0
LWPOLYLINE
  5
151
330
17
100
AcDbEntity
  8
ROADS
100
AcDbPolyline
 90
2
 70
0
 10
625853.7155662908
 20
4836748.854837419
 10
625809.4307953739
 20
4836728.458911415
  0
LWPOLYLINE
  5
152
330
17
100
AcDbEntity
  8
ROADS
100
AcDbPolyline
 90
2
 70
0
 10
625903.7468482598
 20
4836771.8958298005
 10
625853.7155662908
 20
4836748.854837419
  0
LWPOLYLINE
  5
153
330
17
100
AcDbEntity
  8
ROADS
100
AcDbPolyline
 90
2
 70
0
 10
625951.547680879
 20
4836786.714519106
 10
625903.7468482598
 20
4836771.8958298005
  0
LWPOLYLINE
  5
154
330
17
100
AcDbEntity
  8
ROADS
100
AcDbPolyline
 90
2
 70
0
 10
626000.5559105963
 20
4836801.709054846
 10
625951.547680879
 20
4836786.714519106
  0
LWPOLYLINE
  5
155
330
17
100
AcDbEntity
  8
ROADS
100
AcDbPolyline
 90
2
 70
0
 10
625903.7468482598
 20
4836771.8958298005
 10
625888.9786477725
 20
4836818.259486707
  0
LWPOLYLINE
  5
156
330
17
100
AcDbEntity
  8
ROADS
100
AcDbPolyline
 90
2
 70
0
 10
625888.9786477725
 20
4836818.259486707
 10
625794.8025380621
 20
4836773.6100173965
  0
LWPOLYLINE
  5
157
330
17
100
AcDbEntity
  8
ROADS
100
AcDbPolyline
 90
2
 70
0
 10
625587.5592247588
 20
4836704.169707568
 10
625574.0257161984
 20
4836699.8803556925
  0
LWPOLYLINE
  5
158
330
17
100
AcDbEntity
  8
ROADS
100
AcDbPolyline
 90
2
 70
0
 10
625607.5657009518
 20
4836710.953845632
 10
625587.5592247588
 20
4836704.169707568
  0
LWPOLYLINE
  5
159
330
17
100
AcDbEntity
  8
ROADS
100
AcDbPolyline
 90
2
 70
0
 10
625809.4307953739
 20
4836728.458911415
 10
625692.8332565933
 20
4836687.357267067
  0
LWPOLYLINE
  5
15A
330
17
100
AcDbEntity
  8
ROADS
100
AcDbPolyline
 90
2
 70
0
 10
625692.8332565933
 20
4836687.357267067
 10
625676.9561990427
 20
4836734.484892091
  0
LWPOLYLINE
  5
15B
330
17
100
AcDbEntity
  8
ROADS
100
AcDbPolyline
 90
2
 70
0
 10
625676.9561990427
 20
4836734.484892091
 10
625607.5657009518
 20
4836710.953845632
  0
LWPOLYLINE
  5
15C
330
17
100
AcDbEntity
  8
ROADS
100
AcDbPolyline
 90
2
 70
0
 10
625587.5592247588
 20
4836704.169707568
 10
625580.6505515429
 20
4836714.165774299
  0
LWPOLYLINE
  5
15D
330
17
100
AcDbEntity
  8
ROADS
100
AcDbPolyline
 90
2
 70
0
 10
625809.4307953739
 20
4836728.458911415
 10
625794.8025380621
 20
4836773.6100173965
  0
LWPOLYLINE
  5
15E
330
17
100
AcDbEntity
  8
ROADS
100
AcDbPolyline
 90
2
 70
0
 10
625794.8025380621
 20
4836773.6100173965
 10
625676.9561990427
 20
4836734.484892091
  0
LWPOLYLINE
  5
15F
330
17
100
AcDbEntity
  8
ROADS
100
AcDbPolyline
 90
2
 70
0
 10
625613.701656644
 20
4836772.308306921
 10
625609.0666160133
 20
4836769.94299183
  0
LWPOLYLINE
  5
160
330
17
100
AcDbEntity
  8
ROADS
100
AcDbPolyline
 90
2
 70
0
 10
625676.9561990427
 20
4836734.484892091
 10
625660.1726435097
 20
4836786.282389638
  0
LWPOLYLINE
  5
161
330
17
100
AcDbEntity
  8
ROADS
100
AcDbPolyline
 90
2
 70
0
 10
625660.1726435097
 20
4836786.282389638
 10
625613.701656644
 20
4836772.308306921
  0
LWPOLYLINE
  5
162
330
17
100
AcDbEntity
  8
ROADS
100
AcDbPolyline
 90
2
 70
0
 10
625660.1726435097
 20
4836786.282389638
 10
625646.0753634085
 20
4836829.796312461
  0
LWPOLYLINE
  5
163
330
17
100
AcDbEntity
  8
ROADS
100
AcDbPolyline
 90
2
 70
0
 10
625613.701656644
 20
4836772.308306921
 10
625612.6642278818
 20
4836776.035903662
  0
LWPOLYLINE
  5
164
330
17
100
AcDbEntity
  8
ROADS
100
AcDbPolyline
 90
2
 70
0
 10
625728.3362638397
 20
4836874.840016786
 10
625663.6193084439
 20
4836853.731330042
  0
LWPOLYLINE
  5
165
330
17
100
AcDbEntity
  8
ROADS
100
AcDbPolyline
 90
2
 70
0
 10
625817.4823675351
 20
4836903.71063911
 10
625728.3362638397
 20
4836874.840016786
  0
LWPOLYLINE
  5
166
330
17
100
AcDbEntity
  8
ROADS
100
AcDbPolyline
 90
2
 70
0
 10
626186.8384342231
 20
4836888.696525823
 10
626086.4637071148
 20
4836869.66241783
  0
LWPOLYLINE
  5
167
330
17
100
AcDbEntity
  8
ROADS
100
AcDbPolyline
 90
2
 70
0
 10
626301.3221395001
 20
4836860.218948087
 10
626286.319203476
 20
4836908.003496145
  0
LWPOLYLINE
  5
168
330
17
100
AcDbEntity
  8
ROADS
100
AcDbPolyline
 90
2
 70
0
 10
626257.9631201683
 20
4836902.661439497
 10
626186.8384342231
 20
4836888.696525823
  0
LWPOLYLINE
  5
169
330
17
100
AcDbEntity
  8
ROADS
100
AcDbPolyline
 90
2
 70
0
 10
626286.319203476
 20
4836908.003496145
 10
626257.9631201683
 20
4836902.661439497
  0
LWPOLYLINE
  5
16A
330
17
100
AcDbEntity
  8
ROADS
100
AcDbPolyline
 90
2
 70
0
 10
626349.7388608668
 20
4836919.788963915
 10
626286.319203476
 20
4836908.003496145
  0
LWPOLYLINE
  5
16B
330
17
100
AcDbEntity
  8
ROADS
100
AcDbPolyline
 90
2
 70
0
 10
626257.9631201683
 20
4836902.661439497
 10
626245.3874339771
 20
4836942.310388695
  0
LWPOLYLINE
  5
16C
330
17
100
AcDbEntity
  8
ROADS
100
AcDbPolyline
 90
2
 70
0
 10
626385.8795260522
 20
4836926.396861493
 10
626349.7388608668
 20
4836919.788963915
  0
LWPOLYLINE
  5
16D
330
17
100
AcDbEntity
  8
ROADS
100
AcDbPolyline
 90
2
 70
0
 10
626349.7388608668
 20
4836919.788963915
 10
626337.05436621
 20
4836960.588024224
  0
LWPOLYLINE
  5
16E
330
17
100
AcDbEntity
  8
ROADS
100
AcDbPolyline
 90
3
 70
0
 10
626245.3874339771
 20
4836942.310388695
 10
626118.3875255913
 20
4836920.599660964
 10
626101.0642025874
 20
4836961.5958235655
  0
LWPOLYLINE
  5
16F
330
17
100
AcDbEntity
  8
ROADS
100
AcDbPolyline
 90
2
 70
0
 10
626337.05436621
 20
4836960.588024224
 10
626245.3874339771
 20
4836942.310388695
  0
LWPOLYLINE
  5
170
330
17
100
AcDbEntity
  8
ROADS
100
AcDbPolyline
 90
2
 70
0
 10
626050.9338073394
 20
4836812.689626014
 10
626000.5559105963
 20
4836801.709054846
  0
LWPOLYLINE
  5
171
330
17
100
AcDbEntity
  8
ROADS
100
AcDbPolyline
 90
2
 70
0
 10
626101.0358638334
 20
4836823.08017797
 10
626050.9338073394
 20
4836812.689626014
  0
LWPOLYLINE
  5
172
330
17
100
AcDbEntity
  8
ROADS
100
AcDbPolyline
 90
2
 70
0
 10
626000.5559105963
 20
4836801.709054846
 10
625985.6702768067
 20
4836849.616690636
  0
LWPOLYLINE
  5
173
330
17
100
AcDbEntity
  8
ROADS
100
AcDbPolyline
 90
2
 70
0
 10
625985.6702768067
 20
4836849.616690636
 10
625888.9786477725
 20
4836818.259486707
  0
LWPOLYLINE
  5
174
330
17
100
AcDbEntity
  8
ROADS
100
AcDbPolyline
 90
2
 70
0
 10
626101.0358638334
 20
4836823.08017797
 10
626086.4637071148
 20
4836869.66241783
  0
LWPOLYLINE
  5
175
330
17
100
AcDbEntity
  8
ROADS
100
AcDbPolyline
 90
2
 70
0
 10
626086.4637071148
 20
4836869.66241783
 10
625985.6702768067
 20
4836849.616690636
  0
LWPOLYLINE
  5
176
330
17
100
AcDbEntity
  8
ROADS
100
AcDbPolyline
 90
2
 70
0
 10
625909.64440407
 20
4836911.912609538
 10
625817.4823675351
 20
4836903.71063911
  0
LWPOLYLINE
  5
177
330
17
100
AcDbEntity
  8
ROADS
100
AcDbPolyline
 90
2
 70
0
 10
626001.6370716667
 20
4836920.6335517755
 10
625909.64440407
 20
4836911.912609538
  0
LWPOLYLINE
  5
178
330
17
100
AcDbEntity
  8
ROADS
100
AcDbPolyline
 90
2
 70
0
 10
626101.0642025874
 20
4836961.5958235655
 10
626001.6370716667
 20
4836920.6335517755
  0
LWPOLYLINE
  5
179
330
17
100
AcDbEntity
  8
ROADS
100
AcDbPolyline
 90
2
 70
0
 10
625909.64440407
 20
4836911.912609538
 10
625870.8986200272
 20
4837040.7964790845
  0
LWPOLYLINE
  5
17A
330
17
100
AcDbEntity
  8
ROADS
100
AcDbPolyline
 90
2
 70
0
 10
625817.4823675351
 20
4836903.71063911
 10
625789.4415284469
 20
4836988.604516816
  0
LWPOLYLINE
  5
17B
330
17
100
AcDbEntity
  8
ROADS
100
AcDbPolyline
 90
2
 70
0
 10
625728.3362638397
 20
4836874.840016786
 10
625714.7624983543
 20
4836915.888621076
  0
LWPOLYLINE
  5
17C
330
17
100
AcDbEntity
  8
ROADS
100
AcDbPolyline
 90
2
 70
0
 10
626001.6370716667
 20
4836920.6335517755
 10
625955.7139629036
 20
4837053.990931615
  0
LWPOLYLINE
  5
17D
330
17
100
AcDbEntity
  8
ROADS
100
AcDbPolyline
 90
2
 70
0
 10
625870.8986200272
 20
4837040.7964790845
 10
625847.9490956359
 20
4837033.320421017
  0
LWPOLYLINE
  5
17E
330
17
100
AcDbEntity
  8
ROADS
100
AcDbPolyline
 90
4
 70
0
 10
625955.7139629036
 20
4837053.990931615
 10
626002.1495468352
 20
4837067.104376403
 10
626028.9140792213
 20
4836992.503986371
 10
626065.8293514927
 20
4836996.313728878
  0
LWPOLYLINE
  5
17F
330
17
100
AcDbEntity
  8
ROADS
100
AcDbPolyline
 90
2
 70
0
 10
625950.4901771218
 20
4837069.667885304
 10
625870.8986200272
 20
4837040.7964790845
  0
LWPOLYLINE
  5
180
330
17
100
AcDbEntity
  8
ROADS
100
AcDbPolyline
 90
2
 70
0
 10
625955.7139629036
 20
4837053.990931615
 10
625950.4901771218
 20
4837069.667885304
  0
LWPOLYLINE
  5
181
330
17
100
AcDbEntity
  8
ROADS
100
AcDbPolyline
 90
2
 70
0
 10
625870.8986200272
 20
4837040.7964790845
 10
625868.6462583275
 20
4837047.43118299
  0
LWPOLYLINE
  5
182
330
17
100
AcDbEntity
  8
ROADS
100
AcDbPolyline
 90
4
 70
0
 10
626133.0708053585
 20
4836998.66375904
 10
626057.1812850281
 20
4837071.112733124
 10
626004.4936374915
 20
4837090.444127826
 10
625996.3540104415
 20
4837115.459074152
  0
LWPOLYLINE
  5
183
330
17
100
AcDbEntity
  8
ROADS
100
AcDbPolyline
 90
2
 70
0
 10
625950.4901771218
 20
4837069.667885304
 10
625943.6856426699
 20
4837090.499952065
  0
LWPOLYLINE
  5
184
330
17
100
AcDbEntity
  8
ROADS
100
AcDbPolyline
 90
2
 70
0
 10
626196.135799378
 20
4837098.3020098945
 10
626173.0178727143
 20
4837171.26849791
  0
LWPOLYLINE
  5
185
330
17
100
AcDbEntity
  8
ROADS
100
AcDbPolyline
 90
2
 70
0
 10
626375.6136810773
 20
4837138.934886528
 10
626334.5010588206
 20
4837143.645231545
  0
LWPOLYLINE
  5
186
330
17
100
AcDbEntity
  8
ROADS
100
AcDbPolyline
 90
2
 70
0
 10
626375.6136810773
 20
4837138.934886528
 10
626361.6366291967
 20
4837181.915698694
  0
LWPOLYLINE
  5
187
330
17
100
AcDbEntity
  8
ROADS
100
AcDbPolyline
 90
2
 70
0
 10
626334.5010588206
 20
4837143.645231545
 10
626361.6366291967
 20
4837181.915698694
  0
LWPOLYLINE
  5
188
330
17
100
AcDbEntity
  8
ROADS
100
AcDbPolyline
 90
3
 70
0
 10
626305.7120358509
 20
4837107.551000704
 10
626266.8896697611
 20
4837127.684176059
 10
626249.7576999094
 20
4837186.074430072
  0
LWPOLYLINE
  5
189
330
17
100
AcDbEntity
  8
ROADS
100
AcDbPolyline
 90
2
 70
0
 10
626196.135799378
 20
4837098.3020098945
 10
626097.2804011259
 20
4837150.559956786
  0
LWPOLYLINE
  5
18A
330
17
100
AcDbEntity
  8
ROADS
100
AcDbPolyline
 90
2
 70
0
 10
626361.6366291967
 20
4837181.915698694
 10
626357.420643929
 20
4837194.820107234
  0
LWPOLYLINE
  5
18B
330
17
100
AcDbEntity
  8
ROADS
100
AcDbPolyline
 90
2
 70
0
 10
626273.2553282231
 20
4834909.084120741
 10
626258.8681698319
 20
4834957.231757811
  0
LWPOLYLINE
  5
18C
330
17
100
AcDbEntity
  8
ROADS
100
AcDbPolyline
 90
2
 70
0
 10
626391.9344514984
 20
4834937.017914294
 10
626367.4900550907
 20
4834907.200403518
  0
LWPOLYLINE
  5
18D
330
17
100
AcDbEntity
  8
ROADS
100
AcDbPolyline
 90
3
 70
0
 10
626357.0977490192
 20
4834906.60959048
 10
626324.334710387
 20
4834917.529803485
 10
626279.071095488
 20
4834963.055298411
  0
LWPOLYLINE
  5
18E
330
17
100
AcDbEntity
  8
ROADS
100
AcDbPolyline
 90
2
 70
0
 10
626279.071095488
 20
4834963.055298411
 10
626258.8681698319
 20
4834957.231757811
  0
LWPOLYLINE
  5
18F
330
17
100
AcDbEntity
  8
ROADS
100
AcDbPolyline
 90
2
 70
0
 10
626258.8681698319
 20
4834957.231757811
 10
626251.4583613018
 20
4834981.925273692
  0
LWPOLYLINE
  5
190
330
17
100
AcDbEntity
  8
ROADS
100
AcDbPolyline
 90
2
 70
0
 10
626279.071095488
 20
4834963.055298411
 10
626251.4583613018
 20
4834981.925273692
  0
LWPOLYLINE
  5
191
330
17
100
AcDbEntity
  8
ROADS
100
AcDbPolyline
 90
2
 70
0
 10
626391.9344514984
 20
4834937.017914294
 10
626400.1333272005
 20
4834909.056206324
  0
LWPOLYLINE
  5
192
330
17
100
AcDbEntity
  8
ROADS
100
AcDbPolyline
 90
3
 70
0
 10
626391.9344514984
 20
4834937.017914294
 10
626431.6208403455
 20
4834912.785854403
 10
626435.3006662058
 20
4834912.040957909
  0
LWPOLYLINE
  5
193
330
17
100
AcDbEntity
  8
ROADS
100
AcDbPolyline
 90
2
 70
0
 10
626528.2727028016
 20
4834929.131064045
 10
626489.125715846
 20
4835055.9308836935
  0
LWPOLYLINE
  5
194
330
17
100
AcDbEntity
  8
ROADS
100
AcDbPolyline
 90
2
 70
0
 10
626634.0491484712
 20
4834959.718296597
 10
626574.2660735382
 20
4835153.610802746
  0
LWPOLYLINE
  5
195
330
17
100
AcDbEntity
  8
ROADS
100
AcDbPolyline
 90
2
 70
0
 10
626489.125715846
 20
4835055.9308836935
 10
626372.8491566383
 20
4835020.394877048
  0
LWPOLYLINE
  5
196
330
17
100
AcDbEntity
  8
ROADS
100
AcDbPolyline
 90
2
 70
0
 10
626489.125715846
 20
4835055.9308836935
 10
626469.4491654264
 20
4835121.1180899795
  0
LWPOLYLINE
  5
197
330
17
100
AcDbEntity
  8
ROADS
100
AcDbPolyline
 90
3
 70
0
 10
626662.837837209
 20
4835111.931398299
 10
626677.0710314946
 20
4835116.614972073
 10
626674.8435422234
 20
4835135.387838719
  0
LWPOLYLINE
  5
198
330
17
100
AcDbEntity
  8
ROADS
100
AcDbPolyline
 90
2
 70
0
 10
626702.6639995474
 20
4834983.754601025
 10
626662.837837209
 20
4835111.931398299
  0
LWPOLYLINE
  5
199
330
17
100
AcDbEntity
  8
ROADS
100
AcDbPolyline
 90
2
 70
0
 10
626869.7748498375
 20
4835037.894140025
 10
626843.7590092622
 20
4835122.568527612
  0
LWPOLYLINE
  5
19A
330
17
100
AcDbEntity
  8
ROADS
100
AcDbPolyline
 90
2
 70
0
 10
626793.1866082342
 20
4835109.835564517
 10
626821.572978775
 20
4835020.26532881
  0
LWPOLYLINE
  5
19B
330
17
100
AcDbEntity
  8
ROADS
100
AcDbPolyline
 90
2
 70
0
 10
626773.2995055903
 20
4835004.381405563
 10
626714.1913229786
 20
4835196.658828941
  0
LWPOLYLINE
  5
19C
330
17
100
AcDbEntity
  8
ROADS
100
AcDbPolyline
 90
2
 70
0
 10
626920.0589028244
 20
4835059.3164515635
 10
626896.6538248967
 20
4835137.3336004205
  0
LWPOLYLINE
  5
19D
330
17
100
AcDbEntity
  8
ROADS
100
AcDbPolyline
 90
2
 70
0
 10
626843.7590092622
 20
4835122.568527612
 10
626793.1866082342
 20
4835109.835564517
  0
LWPOLYLINE
  5
19E
330
17
100
AcDbEntity
  8
ROADS
100
AcDbPolyline
 90
2
 70
0
 10
626843.7590092622
 20
4835122.568527612
 10
626896.6538248967
 20
4835137.3336004205
  0
LWPOLYLINE
  5
19F
330
17
100
AcDbEntity
  8
ROADS
100
AcDbPolyline
 90
2
 70
0
 10
626793.1866082342
 20
4835109.835564517
 10
626778.1280765187
 20
4835158.66131492
  0
LWPOLYLINE
  5
1A0
330
17
100
AcDbEntity
  8
ROADS
100
AcDbPolyline
 90
2
 70
0
 10
626896.6538248967
 20
4835137.3336004205
 10
626879.2302788318
 20
4835197.7133164555
  0
LWPOLYLINE
  5
1A1
330
17
100
AcDbEntity
  8
ROADS
100
AcDbPolyline
 90
2
 70
0
 10
627012.308696586
 20
4835110.865632495
 10
627001.6174377108
 20
4835145.233501549
  0
LWPOLYLINE
  5
1A2
330
17
100
AcDbEntity
  8
ROADS
100
AcDbPolyline
 90
2
 70
0
 10
627056.6482584036
 20
4835140.855282184
 10
627051.55209936
 20
4835157.757936152
  0
LWPOLYLINE
  5
1A3
330
17
100
AcDbEntity
  8
ROADS
100
AcDbPolyline
 90
2
 70
0
 10
626967.1792041447
 20
4835084.048034292
 10
626913.5992833596
 20
4835260.449437824
  0
LWPOLYLINE
  5
1A4
330
17
100
AcDbEntity
  8
ROADS
100
AcDbPolyline
 90
2
 70
0
 10
627051.55209936
 20
4835157.757936152
 10
627001.6174377108
 20
4835145.233501549
  0
LWPOLYLINE
  5
1A5
330
17
100
AcDbEntity
  8
ROADS
100
AcDbPolyline
 90
2
 70
0
 10
627088.4473468779
 20
4835166.156354596
 10
627051.55209936
 20
4835157.757936152
  0
LWPOLYLINE
  5
1A6
330
17
100
AcDbEntity
  8
ROADS
100
AcDbPolyline
 90
2
 70
0
 10
627221.4668651206
 20
4835298.757584127
 10
627214.3969441573
 20
4835321.2348012775
  0
LWPOLYLINE
  5
1A7
330
17
100
AcDbEntity
  8
ROADS
100
AcDbPolyline
 90
2
 70
0
 10
627258.9962173093
 20
4835351.664146067
 10
627194.8427080531
 20
4835563.688318122
  0
LWPOLYLINE
  5
1A8
330
17
100
AcDbEntity
  8
ROADS
100
AcDbPolyline
 90
2
 70
0
 10
627293.8811946297
 20
4835410.1393156815
 10
627242.1318165517
 20
4835583.674958043
  0
LWPOLYLINE
  5
1A9
330
17
100
AcDbEntity
  8
ROADS
100
AcDbPolyline
 90
2
 70
0
 10
627288.4365693176
 20
4835592.781131498
 10
627324.6045493112
 20
4835473.208277768
  0
LWPOLYLINE
  5
1AA
330
17
100
AcDbEntity
  8
ROADS
100
AcDbPolyline
 90
2
 70
0
 10
627351.2648012057
 20
4835543.270810996
 10
627332.173537387
 20
4835607.370727947
  0
LWPOLYLINE
  5
1AB
330
17
100
AcDbEntity
  8
ROADS
100
AcDbPolyline
 90
2
 70
0
 10
627288.4365693176
 20
4835592.781131498
 10
627242.1318165517
 20
4835583.674958043
  0
LWPOLYLINE
  5
1AC
330
17
100
AcDbEntity
  8
ROADS
100
AcDbPolyline
 90
2
 70
0
 10
627332.173537387
 20
4835607.370727947
 10
627288.4365693176
 20
4835592.781131498
  0
LWPOLYLINE
  5
1AD
330
17
100
AcDbEntity
  8
ROADS
100
AcDbPolyline
 90
2
 70
0
 10
627242.1318165517
 20
4835583.674958043
 10
627225.0517217477
 20
4835629.173501161
  0
LWPOLYLINE
  5
1AE
330
17
100
AcDbEntity
  8
ROADS
100
AcDbPolyline
 90
2
 70
0
 10
627332.173537387
 20
4835607.370727947
 10
627316.8513665872
 20
4835658.382905991
  0
LWPOLYLINE
  5
1AF
330
17
100
AcDbEntity
  8
ROADS
100
AcDbPolyline
 90
2
 70
0
 10
627260.0495835918
 20
4835640.308896259
 10
627225.0517217477
 20
4835629.173501161
  0
LWPOLYLINE
  5
1B0
330
17
100
AcDbEntity
  8
ROADS
100
AcDbPolyline
 90
2
 70
0
 10
627316.8513665872
 20
4835658.382905991
 10
627260.0495835918
 20
4835640.308896259
  0
LWPOLYLINE
  5
1B1
330
17
100
AcDbEntity
  8
ROADS
100
AcDbPolyline
 90
2
 70
0
 10
627260.0495835918
 20
4835640.308896259
 10
627272.8407768682
 20
4835681.772716921
  0
LWPOLYLINE
  5
1B2
330
17
100
AcDbEntity
  8
ROADS
100
AcDbPolyline
 90
2
 70
0
 10
627001.6174377108
 20
4835145.233501549
 10
626976.9818557211
 20
4835228.492264494
  0
LWPOLYLINE
  5
1B3
330
17
100
AcDbEntity
  8
ROADS
100
AcDbPolyline
 90
2
 70
0
 10
627051.55209936
 20
4835157.757936152
 10
627022.505842093
 20
4835264.10639513
  0
LWPOLYLINE
  5
1B4
330
17
100
AcDbEntity
  8
ROADS
100
AcDbPolyline
 90
2
 70
0
 10
627101.9453802662
 20
4835176.7666063225
 10
627071.1647396756
 20
4835277.38783239
  0
LWPOLYLINE
  5
1B5
330
17
100
AcDbEntity
  8
ROADS
100
AcDbPolyline
 90
2
 70
0
 10
626976.9818557211
 20
4835228.492264494
 10
626964.7231684485
 20
4835224.78243507
  0
LWPOLYLINE
  5
1B6
330
17
100
AcDbEntity
  8
ROADS
100
AcDbPolyline
 90
2
 70
0
 10
626989.0068298009
 20
4835232.959915753
 10
626976.9818557211
 20
4835228.492264494
  0
LWPOLYLINE
  5
1B7
330
17
100
AcDbEntity
  8
ROADS
100
AcDbPolyline
 90
2
 70
0
 10
627142.8689098982
 20
4835213.465428356
 10
627118.077786492
 20
4835291.761780405
  0
LWPOLYLINE
  5
1B8
330
17
100
AcDbEntity
  8
ROADS
100
AcDbPolyline
 90
2
 70
0
 10
627183.3317808887
 20
4835254.416353816
 10
627167.2841292236
 20
4835307.123250174
  0
LWPOLYLINE
  5
1B9
330
17
100
AcDbEntity
  8
ROADS
100
AcDbPolyline
 90
2
 70
0
 10
626574.2660735382
 20
4835153.610802746
 10
626469.4491654264
 20
4835121.1180899795
  0
LWPOLYLINE
  5
1BA
330
17
100
AcDbEntity
  8
ROADS
100
AcDbPolyline
 90
2
 70
0
 10
626662.837837209
 20
4835111.931398299
 10
626643.9601158311
 20
4835174.584923179
  0
LWPOLYLINE
  5
1BB
330
17
100
AcDbEntity
  8
ROADS
100
AcDbPolyline
 90
2
 70
0
 10
626469.4491654264
 20
4835121.1180899795
 10
626454.0035595938
 20
4835171.606894721
  0
LWPOLYLINE
  5
1BC
330
17
100
AcDbEntity
  8
ROADS
100
AcDbPolyline
 90
2
 70
0
 10
626643.9601158311
 20
4835174.584923179
 10
626574.2660735382
 20
4835153.610802746
  0
LWPOLYLINE
  5
1BD
330
17
100
AcDbEntity
  8
ROADS
100
AcDbPolyline
 90
2
 70
0
 10
626714.1913229786
 20
4835196.658828941
 10
626643.9601158311
 20
4835174.584923179
  0
LWPOLYLINE
  5
1BE
330
17
100
AcDbEntity
  8
ROADS
100
AcDbPolyline
 90
3
 70
0
 10
626454.0035595938
 20
4835171.606894721
 10
626402.0917860788
 20
4835154.993495175
 10
626345.1075354146
 20
4835344.837660823
  0
LWPOLYLINE
  5
1BF
330
17
100
AcDbEntity
  8
ROADS
100
AcDbPolyline
 90
2
 70
0
 10
626454.0035595938
 20
4835171.606894721
 10
626395.8942174666
 20
4835361.50675156
  0
LWPOLYLINE
  5
1C0
330
17
100
AcDbEntity
  8
ROADS
100
AcDbPolyline
 90
2
 70
0
 10
626574.2660735382
 20
4835153.610802746
 10
626497.7554607614
 20
4835394.577135965
  0
LWPOLYLINE
  5
1C1
330
17
100
AcDbEntity
  8
ROADS
100
AcDbPolyline
 90
2
 70
0
 10
626714.1913229786
 20
4835196.658828941
 10
626653.4646863234
 20
4835394.750008754
  0
LWPOLYLINE
  5
1C2
330
17
100
AcDbEntity
  8
ROADS
100
AcDbPolyline
 90
2
 70
0
 10
626586.0028002023
 20
4835361.7714727
 10
626582.6151168572
 20
4835374.354987471
  0
LWPOLYLINE
  5
1C3
330
17
100
AcDbEntity
  8
ROADS
100
AcDbPolyline
 90
2
 70
0
 10
626843.7590092622
 20
4835122.568527612
 10
626811.3051056161
 20
4835226.481174767
  0
LWPOLYLINE
  5
1C4
330
17
100
AcDbEntity
  8
ROADS
100
AcDbPolyline
 90
2
 70
0
 10
626879.2302788318
 20
4835197.7133164555
 10
626860.334382737
 20
4835192.001385941
  0
LWPOLYLINE
  5
1C5
330
17
100
AcDbEntity
  8
ROADS
100
AcDbPolyline
 90
2
 70
0
 10
626889.9112447344
 20
4835201.291615364
 10
626879.2302788318
 20
4835197.7133164555
  0
LWPOLYLINE
  5
1C6
330
17
100
AcDbEntity
  8
ROADS
100
AcDbPolyline
 90
2
 70
0
 10
626811.3051056161
 20
4835226.481174767
 10
626714.1913229786
 20
4835196.658828941
  0
LWPOLYLINE
  5
1C7
330
17
100
AcDbEntity
  8
ROADS
100
AcDbPolyline
 90
2
 70
0
 10
626913.5992833596
 20
4835260.449437824
 10
626811.3051056161
 20
4835226.481174767
  0
LWPOLYLINE
  5
1C8
330
17
100
AcDbEntity
  8
ROADS
100
AcDbPolyline
 90
2
 70
0
 10
626811.3051056161
 20
4835226.481174767
 10
626751.2423744103
 20
4835424.135382494
  0
LWPOLYLINE
  5
1C9
330
17
100
AcDbEntity
  8
ROADS
100
AcDbPolyline
 90
3
 70
0
 10
626703.9727051025
 20
4835408.414902413
 10
626740.8005817564
 20
4835274.0685329335
 10
626760.0652666008
 20
4835260.486963787
  0
LWPOLYLINE
  5
1CA
330
17
100
AcDbEntity
  8
ROADS
100
AcDbPolyline
 90
2
 70
0
 10
626913.5992833596
 20
4835260.449437824
 10
626856.2448454722
 20
4835457.596629578
  0
LWPOLYLINE
  5
1CB
330
17
100
AcDbEntity
  8
ROADS
100
AcDbPolyline
 90
2
 70
0
 10
626751.2423744103
 20
4835424.135382494
 10
626703.9727051025
 20
4835408.414902413
  0
LWPOLYLINE
  5
1CC
330
17
100
AcDbEntity
  8
ROADS
100
AcDbPolyline
 90
2
 70
0
 10
626856.2448454722
 20
4835457.596629578
 10
626751.2423744103
 20
4835424.135382494
  0
LWPOLYLINE
  5
1CD
330
17
100
AcDbEntity
  8
ROADS
100
AcDbPolyline
 90
2
 70
0
 10
627071.1647396756
 20
4835277.38783239
 10
627022.505842093
 20
4835264.10639513
  0
LWPOLYLINE
  5
1CE
330
17
100
AcDbEntity
  8
ROADS
100
AcDbPolyline
 90
2
 70
0
 10
627014.9152967818
 20
4835289.501736858
 10
626913.5992833596
 20
4835260.449437824
  0
LWPOLYLINE
  5
1CF
330
17
100
AcDbEntity
  8
ROADS
100
AcDbPolyline
 90
2
 70
0
 10
627022.505842093
 20
4835264.10639513
 10
627014.9152967818
 20
4835289.501736858
  0
LWPOLYLINE
  5
1D0
330
17
100
AcDbEntity
  8
ROADS
100
AcDbPolyline
 90
2
 70
0
 10
627118.077786492
 20
4835291.761780405
 10
627071.1647396756
 20
4835277.38783239
  0
LWPOLYLINE
  5
1D1
330
17
100
AcDbEntity
  8
ROADS
100
AcDbPolyline
 90
2
 70
0
 10
627167.2841292236
 20
4835307.123250174
 10
627118.077786492
 20
4835291.761780405
  0
LWPOLYLINE
  5
1D2
330
17
100
AcDbEntity
  8
ROADS
100
AcDbPolyline
 90
2
 70
0
 10
627214.3969441573
 20
4835321.2348012775
 10
627167.2841292236
 20
4835307.123250174
  0
LWPOLYLINE
  5
1D3
330
17
100
AcDbEntity
  8
ROADS
100
AcDbPolyline
 90
2
 70
0
 10
627014.9152967818
 20
4835289.501736858
 10
626954.7547717739
 20
4835490.597496992
  0
LWPOLYLINE
  5
1D4
330
17
100
AcDbEntity
  8
ROADS
100
AcDbPolyline
 90
2
 70
0
 10
627071.1647396756
 20
4835277.38783239
 10
627002.5617868735
 20
4835508.210830042
  0
LWPOLYLINE
  5
1D5
330
17
100
AcDbEntity
  8
ROADS
100
AcDbPolyline
 90
2
 70
0
 10
627118.077786492
 20
4835291.761780405
 10
627050.8289598817
 20
4835523.632352023
  0
LWPOLYLINE
  5
1D6
330
17
100
AcDbEntity
  8
ROADS
100
AcDbPolyline
 90
2
 70
0
 10
627167.2841292236
 20
4835307.123250174
 10
627097.0259989483
 20
4835538.501420227
  0
LWPOLYLINE
  5
1D7
330
17
100
AcDbEntity
  8
ROADS
100
AcDbPolyline
 90
2
 70
0
 10
626456.488245613
 20
4835380.955306834
 10
626395.8942174666
 20
4835361.50675156
  0
LWPOLYLINE
  5
1D8
330
17
100
AcDbEntity
  8
ROADS
100
AcDbPolyline
 90
2
 70
0
 10
626653.4646863234
 20
4835394.750008754
 10
626582.6151168572
 20
4835374.354987471
  0
LWPOLYLINE
  5
1D9
330
17
100
AcDbEntity
  8
ROADS
100
AcDbPolyline
 90
2
 70
0
 10
626497.7554607614
 20
4835394.577135965
 10
626456.488245613
 20
4835380.955306834
  0
LWPOLYLINE
  5
1DA
330
17
100
AcDbEntity
  8
ROADS
100
AcDbPolyline
 90
2
 70
0
 10
626582.6151168572
 20
4835374.354987471
 10
626569.5436127295
 20
4835417.348266793
  0
LWPOLYLINE
  5
1DB
330
17
100
AcDbEntity
  8
ROADS
100
AcDbPolyline
 90
2
 70
0
 10
626703.9727051025
 20
4835408.414902413
 10
626653.4646863234
 20
4835394.750008754
  0
LWPOLYLINE
  5
1DC
330
17
100
AcDbEntity
  8
ROADS
100
AcDbPolyline
 90
2
 70
0
 10
626456.488245613
 20
4835380.955306834
 10
626441.9229491382
 20
4835426.172697928
  0
LWPOLYLINE
  5
1DD
330
17
100
AcDbEntity
  8
ROADS
100
AcDbPolyline
 90
2
 70
0
 10
626554.7776467983
 20
4835412.789057788
 10
626497.7554607614
 20
4835394.577135965
  0
LWPOLYLINE
  5
1DE
330
17
100
AcDbEntity
  8
ROADS
100
AcDbPolyline
 90
2
 70
0
 10
626569.5436127295
 20
4835417.348266793
 10
626554.7776467983
 20
4835412.789057788
  0
LWPOLYLINE
  5
1DF
330
17
100
AcDbEntity
  8
ROADS
100
AcDbPolyline
 90
2
 70
0
 10
626653.4646863234
 20
4835394.750008754
 10
626635.2912708581
 20
4835437.804068716
  0
LWPOLYLINE
  5
1E0
330
17
100
AcDbEntity
  8
ROADS
100
AcDbPolyline
 90
2
 70
0
 10
626441.9229491382
 20
4835426.172697928
 10
626391.5294264177
 20
4835410.878784458
  0
LWPOLYLINE
  5
1E1
330
17
100
AcDbEntity
  8
ROADS
100
AcDbPolyline
 90
2
 70
0
 10
626635.2912708581
 20
4835437.804068716
 10
626569.5436127295
 20
4835417.348266793
  0
LWPOLYLINE
  5
1E2
330
17
100
AcDbEntity
  8
ROADS
100
AcDbPolyline
 90
2
 70
0
 10
626491.0704454484
 20
4835442.128129974
 10
626441.9229491382
 20
4835426.172697928
  0
LWPOLYLINE
  5
1E3
330
17
100
AcDbEntity
  8
ROADS
100
AcDbPolyline
 90
2
 70
0
 10
626554.7776467983
 20
4835412.789057788
 10
626541.1088165818
 20
4835457.540639151
  0
LWPOLYLINE
  5
1E4
330
17
100
AcDbEntity
  8
ROADS
100
AcDbPolyline
 90
2
 70
0
 10
626441.9229491382
 20
4835426.172697928
 10
626435.4759195896
 20
4835445.071276968
  0
LWPOLYLINE
  5
1E5
330
17
100
AcDbEntity
  8
ROADS
100
AcDbPolyline
 90
2
 70
0
 10
626491.0704454484
 20
4835442.128129974
 10
626486.3514761614
 20
4835455.71863382
  0
LWPOLYLINE
  5
1E6
330
17
100
AcDbEntity
  8
ROADS
100
AcDbPolyline
 90
2
 70
0
 10
626541.1088165818
 20
4835457.540639151
 10
626491.0704454484
 20
4835442.128129974
  0
LWPOLYLINE
  5
1E7
330
17
100
AcDbEntity
  8
ROADS
100
AcDbPolyline
 90
2
 70
0
 10
626486.3514761614
 20
4835455.71863382
 10
626435.4759195896
 20
4835445.071276968
  0
LWPOLYLINE
  5
1E8
330
17
100
AcDbEntity
  8
ROADS
100
AcDbPolyline
 90
2
 70
0
 10
626635.2912708581
 20
4835437.804068716
 10
626619.7398772691
 20
4835483.188665119
  0
LWPOLYLINE
  5
1E9
330
17
100
AcDbEntity
  8
ROADS
100
AcDbPolyline
 90
2
 70
0
 10
626537.0434986062
 20
4835470.875946172
 10
626486.3514761614
 20
4835455.71863382
  0
LWPOLYLINE
  5
1EA
330
17
100
AcDbEntity
  8
ROADS
100
AcDbPolyline
 90
2
 70
0
 10
626576.2390025959
 20
4835469.982465433
 10
626541.1088165818
 20
4835457.540639151
  0
LWPOLYLINE
  5
1EB
330
17
100
AcDbEntity
  8
ROADS
100
AcDbPolyline
 90
2
 70
0
 10
627214.3969441573
 20
4835321.2348012775
 10
627144.7398635559
 20
4835552.666536969
  0
LWPOLYLINE
  5
1EC
330
17
100
AcDbEntity
  8
ROADS
100
AcDbPolyline
 90
2
 70
0
 10
626954.7547717739
 20
4835490.597496992
 10
627002.5617868735
 20
4835508.210830042
  0
LWPOLYLINE
  5
1ED
330
17
100
AcDbEntity
  8
ROADS
100
AcDbPolyline
 90
2
 70
0
 10
627050.8289598817
 20
4835523.632352023
 10
627002.5617868735
 20
4835508.210830042
  0
LWPOLYLINE
  5
1EE
330
17
100
AcDbEntity
  8
ROADS
100
AcDbPolyline
 90
2
 70
0
 10
627097.0259989483
 20
4835538.501420227
 10
627050.8289598817
 20
4835523.632352023
  0
LWPOLYLINE
  5
1EF
330
17
100
AcDbEntity
  8
ROADS
100
AcDbPolyline
 90
2
 70
0
 10
627144.7398635559
 20
4835552.666536969
 10
627097.0259989483
 20
4835538.501420227
  0
LWPOLYLINE
  5
1F0
330
17
100
AcDbEntity
  8
ROADS
100
AcDbPolyline
 90
2
 70
0
 10
627050.8289598817
 20
4835523.632352023
 10
627036.8957174874
 20
4835567.740175894
  0
LWPOLYLINE
  5
1F1
330
17
100
AcDbEntity
  8
ROADS
100
AcDbPolyline
 90
2
 70
0
 10
627019.5402155407
 20
4835562.288085389
 10
626937.4415412992
 20
4835535.938281153
  0
LWPOLYLINE
  5
1F2
330
17
100
AcDbEntity
  8
ROADS
100
AcDbPolyline
 90
2
 70
0
 10
627194.8427080531
 20
4835563.688318122
 10
627144.7398635559
 20
4835552.666536969
  0
LWPOLYLINE
  5
1F3
330
17
100
AcDbEntity
  8
ROADS
100
AcDbPolyline
 90
2
 70
0
 10
627036.8957174874
 20
4835567.740175894
 10
627019.5402155407
 20
4835562.288085389
  0
LWPOLYLINE
  5
1F4
330
17
100
AcDbEntity
  8
ROADS
100
AcDbPolyline
 90
2
 70
0
 10
627242.1318165517
 20
4835583.674958043
 10
627144.7398635559
 20
4835552.666536969
  0
LWPOLYLINE
  5
1F5
330
17
100
AcDbEntity
  8
ROADS
100
AcDbPolyline
 90
2
 70
0
 10
626907.1611793883
 20
4835474.234103397
 10
626923.6836678362
 20
4835409.044812923
  0
LWPOLYLINE
  5
1F6
330
17
100
AcDbEntity
  8
ROADS
100
AcDbPolyline
 90
2
 70
0
 10
626751.2423744103
 20
4835424.135382494
 10
626737.8632665167
 20
4835468.626211508
  0
LWPOLYLINE
  5
1F7
330
17
100
AcDbEntity
  8
ROADS
100
AcDbPolyline
 90
2
 70
0
 10
626737.8632665167
 20
4835468.626211508
 10
626635.2912708581
 20
4835437.804068716
  0
LWPOLYLINE
  5
1F8
330
17
100
AcDbEntity
  8
ROADS
100
AcDbPolyline
 90
2
 70
0
 10
626907.1611793883
 20
4835474.234103397
 10
626856.2448454722
 20
4835457.596629578
  0
LWPOLYLINE
  5
1F9
330
17
100
AcDbEntity
  8
ROADS
100
AcDbPolyline
 90
2
 70
0
 10
626747.3811371458
 20
4835473.9755985895
 10
626737.8632665167
 20
4835468.626211508
  0
LWPOLYLINE
  5
1FA
330
17
100
AcDbEntity
  8
ROADS
100
AcDbPolyline
 90
2
 70
0
 10
626856.2448454722
 20
4835457.596629578
 10
626842.669438791
 20
4835505.477128898
  0
LWPOLYLINE
  5
1FB
330
17
100
AcDbEntity
  8
ROADS
100
AcDbPolyline
 90
2
 70
0
 10
626954.7547717739
 20
4835490.597496992
 10
626907.1611793883
 20
4835474.234103397
  0
LWPOLYLINE
  5
1FC
330
17
100
AcDbEntity
  8
ROADS
100
AcDbPolyline
 90
2
 70
0
 10
626842.669438791
 20
4835505.477128898
 10
626747.3811371458
 20
4835473.9755985895
  0
LWPOLYLINE
  5
1FD
330
17
100
AcDbEntity
  8
ROADS
100
AcDbPolyline
 90
2
 70
0
 10
626747.3811371458
 20
4835473.9755985895
 10
626731.7213544793
 20
4835518.219180105
  0
LWPOLYLINE
  5
1FE
330
17
100
AcDbEntity
  8
ROADS
100
AcDbPolyline
 90
2
 70
0
 10
626954.7547717739
 20
4835490.597496992
 10
626937.4415412992
 20
4835535.938281153
  0
LWPOLYLINE
  5
1FF
330
17
100
AcDbEntity
  8
ROADS
100
AcDbPolyline
 90
2
 70
0
 10
626246.2839366132
 20
4835363.244259412
 10
626146.9422113913
 20
4835331.20851543
  0
LWPOLYLINE
  5
200
330
17
100
AcDbEntity
  8
ROADS
100
AcDbPolyline
 90
2
 70
0
 10
626395.8942174666
 20
4835361.50675156
 10
626357.0867176843
 20
4835348.794450102
  0
LWPOLYLINE
  5
201
330
17
100
AcDbEntity
  8
ROADS
100
AcDbPolyline
 90
2
 70
0
 10
626357.0867176843
 20
4835348.794450102
 10
626342.1593933969
 20
4835394.123291059
  0
LWPOLYLINE
  5
202
330
17
100
AcDbEntity
  8
ROADS
100
AcDbPolyline
 90
2
 70
0
 10
626342.1593933969
 20
4835394.123291059
 10
626246.2839366132
 20
4835363.244259412
  0
LWPOLYLINE
  5
203
330
17
100
AcDbEntity
  8
ROADS
100
AcDbPolyline
 90
2
 70
0
 10
626391.5294264177
 20
4835410.878784458
 10
626342.1593933969
 20
4835394.123291059
  0
LWPOLYLINE
  5
204
330
17
100
AcDbEntity
  8
ROADS
100
AcDbPolyline
 90
2
 70
0
 10
626342.1593933969
 20
4835394.123291059
 10
626331.8142306509
 20
4835426.569199281
  0
LWPOLYLINE
  5
205
330
17
100
AcDbEntity
  8
ROADS
100
AcDbPolyline
 90
4
 70
0
 10
626298.4741790874
 20
4835530.069615227
 10
626264.6600651825
 20
4835519.17867616
 10
626290.8824346935
 20
4835413.97749721
 10
626331.8142306509
 20
4835426.569199281
  0
LWPOLYLINE
  5
206
330
17
100
AcDbEntity
  8
ROADS
100
AcDbPolyline
 90
2
 70
0
 10
626331.8142306509
 20
4835426.569199281
 10
626298.4741790874
 20
4835530.069615227
  0
LWPOLYLINE
  5
207
330
17
100
AcDbEntity
  8
ROADS
100
AcDbPolyline
 90
2
 70
0
 10
626246.2839366132
 20
4835363.244259412
 10
626163.176570189
 20
4835610.919447431
  0
LWPOLYLINE
  5
208
330
17
100
AcDbEntity
  8
ROADS
100
AcDbPolyline
 90
2
 70
0
 10
626391.5294264177
 20
4835410.878784458
 10
626307.2285399305
 20
4835665.59990953
  0
LWPOLYLINE
  5
209
330
17
100
AcDbEntity
  8
ROADS
100
AcDbPolyline
 90
2
 70
0
 10
626541.1088165818
 20
4835457.540639151
 10
626537.0434986062
 20
4835470.875946172
  0
LWPOLYLINE
  5
20A
330
17
100
AcDbEntity
  8
ROADS
100
AcDbPolyline
 90
2
 70
0
 10
626576.2390025959
 20
4835469.982465433
 10
626569.4999457939
 20
4835477.818107818
  0
LWPOLYLINE
  5
20B
330
17
100
AcDbEntity
  8
ROADS
100
AcDbPolyline
 90
2
 70
0
 10
626569.4999457939
 20
4835477.818107818
 10
626537.0434986062
 20
4835470.875946172
  0
LWPOLYLINE
  5
20C
330
17
100
AcDbEntity
  8
ROADS
100
AcDbPolyline
 90
2
 70
0
 10
626619.7398772691
 20
4835483.188665119
 10
626576.2390025959
 20
4835469.982465433
  0
LWPOLYLINE
  5
20D
330
17
100
AcDbEntity
  8
ROADS
100
AcDbPolyline
 90
2
 70
0
 10
626569.4999457939
 20
4835477.818107818
 10
626571.6407753226
 20
4835489.008481507
  0
LWPOLYLINE
  5
20E
330
17
100
AcDbEntity
  8
ROADS
100
AcDbPolyline
 90
2
 70
0
 10
626619.7398772691
 20
4835483.188665119
 10
626616.9233146914
 20
4835494.771444505
  0
LWPOLYLINE
  5
20F
330
17
100
AcDbEntity
  8
ROADS
100
AcDbPolyline
 90
2
 70
0
 10
626537.0434986062
 20
4835470.875946172
 10
626518.7304982385
 20
4835526.850237517
  0
LWPOLYLINE
  5
210
330
17
100
AcDbEntity
  8
ROADS
100
AcDbPolyline
 90
2
 70
0
 10
626616.9233146914
 20
4835494.771444505
 10
626661.9362781757
 20
4835510.716149669
  0
LWPOLYLINE
  5
211
330
17
100
AcDbEntity
  8
ROADS
100
AcDbPolyline
 90
2
 70
0
 10
626661.9362781757
 20
4835510.716149669
 10
626689.8242830593
 20
4835519.631848226
  0
LWPOLYLINE
  5
212
330
17
100
AcDbEntity
  8
ROADS
100
AcDbPolyline
 90
2
 70
0
 10
626616.9233146914
 20
4835494.771444505
 10
626614.5961435225
 20
4835557.335138718
  0
LWPOLYLINE
  5
213
330
17
100
AcDbEntity
  8
ROADS
100
AcDbPolyline
 90
2
 70
0
 10
626937.4415412992
 20
4835535.938281153
 10
626842.669438791
 20
4835505.477128898
  0
LWPOLYLINE
  5
214
330
17
100
AcDbEntity
  8
ROADS
100
AcDbPolyline
 90
2
 70
0
 10
626842.669438791
 20
4835505.477128898
 10
626830.5109370742
 20
4835544.848721961
  0
LWPOLYLINE
  5
215
330
17
100
AcDbEntity
  8
ROADS
100
AcDbPolyline
 90
2
 70
0
 10
626731.7213544793
 20
4835518.219180105
 10
626796.9619837089
 20
4835539.920920729
  0
LWPOLYLINE
  5
216
330
17
100
AcDbEntity
  8
ROADS
100
AcDbPolyline
 90
2
 70
0
 10
626731.7213544793
 20
4835518.219180105
 10
626710.4960695681
 20
4835588.635725951
  0
LWPOLYLINE
  5
217
330
17
100
AcDbEntity
  8
ROADS
100
AcDbPolyline
 90
2
 70
0
 10
626937.4415412992
 20
4835535.938281153
 10
626923.7564861451
 20
4835578.3219710095
  0
LWPOLYLINE
  5
218
330
17
100
AcDbEntity
  8
ROADS
100
AcDbPolyline
 90
2
 70
0
 10
626830.5109370742
 20
4835544.848721961
 10
626821.0901661152
 20
4835574.0661883
  0
LWPOLYLINE
  5
219
330
17
100
AcDbEntity
  8
ROADS
100
AcDbPolyline
 90
2
 70
0
 10
626923.7564861451
 20
4835578.3219710095
 10
626830.5109370742
 20
4835544.848721961
  0
LWPOLYLINE
  5
21A
330
17
100
AcDbEntity
  8
ROADS
100
AcDbPolyline
 90
2
 70
0
 10
626964.9554493489
 20
4835594.947292482
 10
626923.7564861451
 20
4835578.3219710095
  0
LWPOLYLINE
  5
21B
330
17
100
AcDbEntity
  8
ROADS
100
AcDbPolyline
 90
2
 70
0
 10
626821.0901661152
 20
4835574.0661883
 10
626806.1763348818
 20
4835620.305381935
  0
LWPOLYLINE
  5
21C
330
17
100
AcDbEntity
  8
ROADS
100
AcDbPolyline
 90
2
 70
0
 10
626806.1763348818
 20
4835620.305381935
 10
626710.4960695681
 20
4835588.635725951
  0
LWPOLYLINE
  5
21D
330
17
100
AcDbEntity
  8
ROADS
100
AcDbPolyline
 90
2
 70
0
 10
627242.1318165517
 20
4835583.674958043
 10
627194.8427080531
 20
4835563.688318122
  0
LWPOLYLINE
  5
21E
330
17
100
AcDbEntity
  8
ROADS
100
AcDbPolyline
 90
2
 70
0
 10
627144.7398635559
 20
4835552.666536969
 10
627129.6336016764
 20
4835598.098581016
  0
LWPOLYLINE
  5
21F
330
17
100
AcDbEntity
  8
ROADS
100
AcDbPolyline
 90
2
 70
0
 10
627129.6336016764
 20
4835598.098581016
 10
627036.8957174874
 20
4835567.740175894
  0
LWPOLYLINE
  5
220
330
17
100
AcDbEntity
  8
ROADS
100
AcDbPolyline
 90
2
 70
0
 10
627019.5402155407
 20
4835562.288085389
 10
627005.1252280247
 20
4835607.486261368
  0
LWPOLYLINE
  5
221
330
17
100
AcDbEntity
  8
ROADS
100
AcDbPolyline
 90
2
 70
0
 10
627005.1252280247
 20
4835607.486261368
 10
626964.9554493489
 20
4835594.947292482
  0
LWPOLYLINE
  5
222
330
17
100
AcDbEntity
  8
ROADS
100
AcDbPolyline
 90
2
 70
0
 10
627225.0517217477
 20
4835629.173501161
 10
627129.6336016764
 20
4835598.098581016
  0
LWPOLYLINE
  5
223
330
17
100
AcDbEntity
  8
ROADS
100
AcDbPolyline
 90
2
 70
0
 10
627005.1252280247
 20
4835607.486261368
 10
626997.4753232548
 20
4835631.240420706
  0
LWPOLYLINE
  5
224
330
17
100
AcDbEntity
  8
ROADS
100
AcDbPolyline
 90
2
 70
0
 10
627129.6336016764
 20
4835598.098581016
 10
627114.4830892214
 20
4835641.137840172
  0
LWPOLYLINE
  5
225
330
17
100
AcDbEntity
  8
ROADS
100
AcDbPolyline
 90
3
 70
0
 10
627033.6846216334
 20
4835642.575721996
 10
627043.3448495659
 20
4835613.002546005
 10
627068.219311279
 20
4835619.920659932
  0
LWPOLYLINE
  5
226
330
17
100
AcDbEntity
  8
ROADS
100
AcDbPolyline
 90
2
 70
0
 10
627033.6846216334
 20
4835642.575721996
 10
626997.4753232548
 20
4835631.240420706
  0
LWPOLYLINE
  5
227
330
17
100
AcDbEntity
  8
ROADS
100
AcDbPolyline
 90
2
 70
0
 10
626661.9362781757
 20
4835510.716149669
 10
626643.263774264
 20
4835566.909973938
  0
LWPOLYLINE
  5
228
330
17
100
AcDbEntity
  8
ROADS
100
AcDbPolyline
 90
2
 70
0
 10
626614.5961435225
 20
4835557.335138718
 10
626518.7304982385
 20
4835526.850237517
  0
LWPOLYLINE
  5
229
330
17
100
AcDbEntity
  8
ROADS
100
AcDbPolyline
 90
2
 70
0
 10
626643.263774264
 20
4835566.909973938
 10
626614.5961435225
 20
4835557.335138718
  0
LWPOLYLINE
  5
22A
330
17
100
AcDbEntity
  8
ROADS
100
AcDbPolyline
 90
2
 70
0
 10
626486.3514761614
 20
4835455.71863382
 10
626410.484304604
 20
4835691.45215933
  0
LWPOLYLINE
  5
22B
330
17
100
AcDbEntity
  8
ROADS
100
AcDbPolyline
 90
2
 70
0
 10
626710.4960695681
 20
4835588.635725951
 10
626643.263774264
 20
4835566.909973938
  0
LWPOLYLINE
  5
22C
330
17
100
AcDbEntity
  8
ROADS
100
AcDbPolyline
 90
2
 70
0
 10
626435.4759195896
 20
4835445.071276968
 10
626346.1890673996
 20
4835723.667705959
  0
LWPOLYLINE
  5
22D
330
17
100
AcDbEntity
  8
ROADS
100
AcDbPolyline
 90
2
 70
0
 10
626614.5961435225
 20
4835557.335138718
 10
626592.9719278653
 20
4835625.257295581
  0
LWPOLYLINE
  5
22E
330
17
100
AcDbEntity
  8
ROADS
100
AcDbPolyline
 90
2
 70
0
 10
626648.0560169052
 20
4835623.7210334875
 10
626639.2452330708
 20
4835639.499699663
  0
LWPOLYLINE
  5
22F
330
17
100
AcDbEntity
  8
ROADS
100
AcDbPolyline
 90
2
 70
0
 10
626592.9719278653
 20
4835625.257295581
 10
626639.2452330708
 20
4835639.499699663
  0
LWPOLYLINE
  5
230
330
17
100
AcDbEntity
  8
ROADS
100
AcDbPolyline
 90
2
 70
0
 10
626518.7304982385
 20
4835526.850237517
 10
626445.2889590368
 20
4835755.418195492
  0
LWPOLYLINE
  5
231
330
17
100
AcDbEntity
  8
ROADS
100
AcDbPolyline
 90
3
 70
0
 10
626821.0901661152
 20
4835574.0661883
 10
626866.323646883
 20
4835588.573812375
 10
626852.7727316043
 20
4835634.9326582765
  0
LWPOLYLINE
  5
232
330
17
100
AcDbEntity
  8
ROADS
100
AcDbPolyline
 90
2
 70
0
 10
626923.7564861451
 20
4835578.3219710095
 10
626900.7493775316
 20
4835649.329877254
  0
LWPOLYLINE
  5
233
330
17
100
AcDbEntity
  8
ROADS
100
AcDbPolyline
 90
2
 70
0
 10
626852.7727316043
 20
4835634.9326582765
 10
626806.1763348818
 20
4835620.305381935
  0
LWPOLYLINE
  5
234
330
17
100
AcDbEntity
  8
ROADS
100
AcDbPolyline
 90
2
 70
0
 10
626710.4960695681
 20
4835588.635725951
 10
626681.1581483847
 20
4835678.087748458
  0
LWPOLYLINE
  5
235
330
17
100
AcDbEntity
  8
ROADS
100
AcDbPolyline
 90
2
 70
0
 10
626964.9554493489
 20
4835594.947292482
 10
626935.6834383225
 20
4835686.062675844
  0
LWPOLYLINE
  5
236
330
17
100
AcDbEntity
  8
ROADS
100
AcDbPolyline
 90
2
 70
0
 10
626900.7493775316
 20
4835649.329877254
 10
626852.7727316043
 20
4835634.9326582765
  0
LWPOLYLINE
  5
237
330
17
100
AcDbEntity
  8
ROADS
100
AcDbPolyline
 90
2
 70
0
 10
626806.1763348818
 20
4835620.305381935
 10
626773.600841135
 20
4835719.67849842
  0
LWPOLYLINE
  5
238
330
17
100
AcDbEntity
  8
ROADS
100
AcDbPolyline
 90
2
 70
0
 10
626728.1045608502
 20
4835706.266175623
 10
626748.9202861569
 20
4835640.250495507
  0
LWPOLYLINE
  5
239
330
17
100
AcDbEntity
  8
ROADS
100
AcDbPolyline
 90
2
 70
0
 10
626900.7493775316
 20
4835649.329877254
 10
626863.2527130685
 20
4835765.842094932
  0
LWPOLYLINE
  5
23A
330
17
100
AcDbEntity
  8
ROADS
100
AcDbPolyline
 90
2
 70
0
 10
626773.600841135
 20
4835719.67849842
 10
626728.1045608502
 20
4835706.266175623
  0
LWPOLYLINE
  5
23B
330
17
100
AcDbEntity
  8
ROADS
100
AcDbPolyline
 90
2
 70
0
 10
627208.4135946953
 20
4835678.4087613
 10
627161.8311047815
 20
4835659.635459425
  0
LWPOLYLINE
  5
23C
330
17
100
AcDbEntity
  8
ROADS
100
AcDbPolyline
 90
2
 70
0
 10
627208.4135946953
 20
4835678.4087613
 10
627214.3340881281
 20
4835689.796500617
  0
LWPOLYLINE
  5
23D
330
17
100
AcDbEntity
  8
ROADS
100
AcDbPolyline
 90
2
 70
0
 10
627044.7858964019
 20
4835646.359647849
 10
627014.0081949888
 20
4835742.651145512
  0
LWPOLYLINE
  5
23E
330
17
100
AcDbEntity
  8
ROADS
100
AcDbPolyline
 90
2
 70
0
 10
627214.3340881281
 20
4835689.796500617
 10
627204.0210509282
 20
4835722.675092486
  0
LWPOLYLINE
  5
23F
330
17
100
AcDbEntity
  8
ROADS
100
AcDbPolyline
 90
2
 70
0
 10
626997.4753232548
 20
4835631.240420706
 10
626949.4531663352
 20
4835793.654195045
  0
LWPOLYLINE
  5
240
330
17
100
AcDbEntity
  8
ROADS
100
AcDbPolyline
 90
2
 70
0
 10
627106.4923615528
 20
4835665.959410805
 10
627075.933219305
 20
4835761.998860313
  0
LWPOLYLINE
  5
241
330
17
100
AcDbEntity
  8
ROADS
100
AcDbPolyline
 90
2
 70
0
 10
627208.4135946953
 20
4835678.4087613
 10
627171.4424757083
 20
4835787.810144646
  0
LWPOLYLINE
  5
242
330
17
100
AcDbEntity
  8
ROADS
100
AcDbPolyline
 90
2
 70
0
 10
627075.933219305
 20
4835761.998860313
 10
627014.0081949888
 20
4835742.651145512
  0
LWPOLYLINE
  5
243
330
17
100
AcDbEntity
  8
ROADS
100
AcDbPolyline
 90
2
 70
0
 10
627204.0210509282
 20
4835722.675092486
 10
627182.4011754252
 20
4835790.18741216
  0
LWPOLYLINE
  5
244
330
17
100
AcDbEntity
  8
ROADS
100
AcDbPolyline
 90
2
 70
0
 10
627014.0081949888
 20
4835742.651145512
 10
626991.9861463872
 20
4835807.683002669
  0
LWPOLYLINE
  5
245
330
17
100
AcDbEntity
  8
ROADS
100
AcDbPolyline
 90
2
 70
0
 10
626639.2452330708
 20
4835639.499699663
 10
626632.4544605225
 20
4835662.475317206
  0
LWPOLYLINE
  5
246
330
17
100
AcDbEntity
  8
ROADS
100
AcDbPolyline
 90
2
 70
0
 10
626681.1581483847
 20
4835678.087748458
 10
626632.4544605225
 20
4835662.475317206
  0
LWPOLYLINE
  5
247
330
17
100
AcDbEntity
  8
ROADS
100
AcDbPolyline
 90
2
 70
0
 10
626632.4544605225
 20
4835662.475317206
 10
626618.7608478218
 20
4835705.55335061
  0
LWPOLYLINE
  5
248
330
17
100
AcDbEntity
  8
ROADS
100
AcDbPolyline
 90
2
 70
0
 10
626592.9719278653
 20
4835625.257295581
 10
626541.0330668719
 20
4835786.427990167
  0
LWPOLYLINE
  5
249
330
17
100
AcDbEntity
  8
ROADS
100
AcDbPolyline
 90
2
 70
0
 10
626445.2889590368
 20
4835755.418195492
 10
626346.1890673996
 20
4835723.667705959
  0
LWPOLYLINE
  5
24A
330
17
100
AcDbEntity
  8
ROADS
100
AcDbPolyline
 90
2
 70
0
 10
626681.1581483847
 20
4835678.087748458
 10
626636.9753881926
 20
4835817.317378332
  0
LWPOLYLINE
  5
24B
330
17
100
AcDbEntity
  8
ROADS
100
AcDbPolyline
 90
2
 70
0
 10
626490.7114493233
 20
4835770.199262184
 10
626445.2889590368
 20
4835755.418195492
  0
LWPOLYLINE
  5
24C
330
17
100
AcDbEntity
  8
ROADS
100
AcDbPolyline
 90
2
 70
0
 10
626541.0330668719
 20
4835786.427990167
 10
626490.7114493233
 20
4835770.199262184
  0
LWPOLYLINE
  5
24D
330
17
100
AcDbEntity
  8
ROADS
100
AcDbPolyline
 90
2
 70
0
 10
626586.9984170357
 20
4835801.32988663
 10
626541.0330668719
 20
4835786.427990167
  0
LWPOLYLINE
  5
24E
330
17
100
AcDbEntity
  8
ROADS
100
AcDbPolyline
 90
2
 70
0
 10
626445.2889590368
 20
4835755.418195492
 10
626415.4328477136
 20
4835847.200903753
  0
LWPOLYLINE
  5
24F
330
17
100
AcDbEntity
  8
ROADS
100
AcDbPolyline
 90
2
 70
0
 10
627171.4424757083
 20
4835787.810144646
 10
627182.4011754252
 20
4835790.18741216
  0
LWPOLYLINE
  5
250
330
17
100
AcDbEntity
  8
ROADS
100
AcDbPolyline
 90
2
 70
0
 10
627161.8311047815
 20
4835659.635459425
 10
627074.6268974303
 20
4835929.001524363
  0
LWPOLYLINE
  5
251
330
17
100
AcDbEntity
  8
ROADS
100
AcDbPolyline
 90
2
 70
0
 10
627075.933219305
 20
4835761.998860313
 10
627055.2909370922
 20
4835827.988231925
  0
LWPOLYLINE
  5
252
330
17
100
AcDbEntity
  8
ROADS
100
AcDbPolyline
 90
2
 70
0
 10
626991.9861463872
 20
4835807.683002669
 10
626960.2476602023
 20
4835797.756598256
  0
LWPOLYLINE
  5
253
330
17
100
AcDbEntity
  8
ROADS
100
AcDbPolyline
 90
2
 70
0
 10
627055.2909370922
 20
4835827.988231925
 10
626991.9861463872
 20
4835807.683002669
  0
LWPOLYLINE
  5
254
330
17
100
AcDbEntity
  8
ROADS
100
AcDbPolyline
 90
2
 70
0
 10
627171.4424757083
 20
4835787.810144646
 10
627135.7503081233
 20
4835899.152746666
  0
LWPOLYLINE
  5
255
330
17
100
AcDbEntity
  8
ROADS
100
AcDbPolyline
 90
2
 70
0
 10
627055.2909370922
 20
4835827.988231925
 10
627026.0476712054
 20
4835914.412352253
  0
LWPOLYLINE
  5
256
330
17
100
AcDbEntity
  8
ROADS
100
AcDbPolyline
 90
2
 70
0
 10
627135.7503081233
 20
4835899.152746666
 10
627123.6713040692
 20
4835942.587048773
  0
LWPOLYLINE
  5
257
330
17
100
AcDbEntity
  8
ROADS
100
AcDbPolyline
 90
2
 70
0
 10
627074.6268974303
 20
4835929.001524363
 10
627026.0476712054
 20
4835914.412352253
  0
LWPOLYLINE
  5
258
330
17
100
AcDbEntity
  8
ROADS
100
AcDbPolyline
 90
2
 70
0
 10
627135.7503081233
 20
4835899.152746666
 10
627173.3437405783
 20
4835958.773092256
  0
LWPOLYLINE
  5
259
330
17
100
AcDbEntity
  8
ROADS
100
AcDbPolyline
 90
2
 70
0
 10
626902.793472611
 20
4835779.042749236
 10
626918.0071692392
 20
4835732.370943644
  0
LWPOLYLINE
  5
25A
330
17
100
AcDbEntity
  8
ROADS
100
AcDbPolyline
 90
2
 70
0
 10
626902.793472611
 20
4835779.042749236
 10
626863.2527130685
 20
4835765.842094932
  0
LWPOLYLINE
  5
25B
330
17
100
AcDbEntity
  8
ROADS
100
AcDbPolyline
 90
2
 70
0
 10
626949.4531663352
 20
4835793.654195045
 10
626902.793472611
 20
4835779.042749236
  0
LWPOLYLINE
  5
25C
330
17
100
AcDbEntity
  8
ROADS
100
AcDbPolyline
 90
2
 70
0
 10
626960.2476602023
 20
4835797.756598256
 10
626949.4531663352
 20
4835793.654195045
  0
LWPOLYLINE
  5
25D
330
17
100
AcDbEntity
  8
ROADS
100
AcDbPolyline
 90
2
 70
0
 10
626902.793472611
 20
4835779.042749236
 10
626878.1477303558
 20
4835855.5538486615
  0
LWPOLYLINE
  5
25E
330
17
100
AcDbEntity
  8
ROADS
100
AcDbPolyline
 90
2
 70
0
 10
626650.0295082298
 20
4835937.2716160165
 10
626728.1045608502
 20
4835706.266175623
  0
LWPOLYLINE
  5
25F
330
17
100
AcDbEntity
  8
ROADS
100
AcDbPolyline
 90
2
 70
0
 10
626773.600841135
 20
4835719.67849842
 10
626697.4503529859
 20
4835952.483370911
  0
LWPOLYLINE
  5
260
330
17
100
AcDbEntity
  8
ROADS
100
AcDbPolyline
 90
2
 70
0
 10
626960.2476602023
 20
4835797.756598256
 10
626930.2431727828
 20
4835891.381874501
  0
LWPOLYLINE
  5
261
330
17
100
AcDbEntity
  8
ROADS
100
AcDbPolyline
 90
2
 70
0
 10
626863.2527130685
 20
4835765.842094932
 10
626799.325333352
 20
4835963.556375632
  0
LWPOLYLINE
  5
262
330
17
100
AcDbEntity
  8
ROADS
100
AcDbPolyline
 90
2
 70
0
 10
626852.7727316043
 20
4835634.9326582765
 10
626676.5507071008
 20
4836180.937814763
  0
LWPOLYLINE
  5
263
330
17
100
AcDbEntity
  8
ROADS
100
AcDbPolyline
 90
2
 70
0
 10
626636.9753881926
 20
4835817.317378332
 10
626586.9984170357
 20
4835801.32988663
  0
LWPOLYLINE
  5
264
330
17
100
AcDbEntity
  8
ROADS
100
AcDbPolyline
 90
2
 70
0
 10
626415.4328477136
 20
4835847.200903753
 10
626396.6127331225
 20
4835856.161187647
  0
LWPOLYLINE
  5
265
330
17
100
AcDbEntity
  8
ROADS
100
AcDbPolyline
 90
2
 70
0
 10
626541.0330668719
 20
4835786.427990167
 10
626481.6265760525
 20
4835966.023728172
  0
LWPOLYLINE
  5
266
330
17
100
AcDbEntity
  8
ROADS
100
AcDbPolyline
 90
2
 70
0
 10
626415.4328477136
 20
4835847.200903753
 10
626390.0980462013
 20
4835925.0415083235
  0
LWPOLYLINE
  5
267
330
17
100
AcDbEntity
  8
ROADS
100
AcDbPolyline
 90
3
 70
0
 10
626586.9984170357
 20
4835801.32988663
 10
626530.3556035578
 20
4835981.283634026
 10
626481.6265760525
 20
4835966.023728172
  0
LWPOLYLINE
  5
268
330
17
100
AcDbEntity
  8
ROADS
100
AcDbPolyline
 90
3
 70
0
 10
626490.7114493233
 20
4835770.199262184
 10
626404.542342089
 20
4836039.401463469
 10
626417.547960021
 20
4836047.76209843
  0
LWPOLYLINE
  5
269
330
17
100
AcDbEntity
  8
ROADS
100
AcDbPolyline
 90
2
 70
0
 10
626697.4503529859
 20
4835952.483370911
 10
626650.0295082298
 20
4835937.2716160165
  0
LWPOLYLINE
  5
26A
330
17
100
AcDbEntity
  8
ROADS
100
AcDbPolyline
 90
2
 70
0
 10
626636.9753881926
 20
4835817.317378332
 10
626549.1363712928
 20
4836088.938639613
  0
LWPOLYLINE
  5
26B
330
17
100
AcDbEntity
  8
ROADS
100
AcDbPolyline
 90
2
 70
0
 10
626596.483247333
 20
4836104.2025775025
 10
626650.0295082298
 20
4835937.2716160165
  0
LWPOLYLINE
  5
26C
330
17
100
AcDbEntity
  8
ROADS
100
AcDbPolyline
 90
2
 70
0
 10
626481.6265760525
 20
4835966.023728172
 10
626438.9239104134
 20
4836104.030925976
  0
LWPOLYLINE
  5
26D
330
17
100
AcDbEntity
  8
ROADS
100
AcDbPolyline
 90
4
 70
0
 10
627224.1396469425
 20
4835975.490485006
 10
627194.7830825709
 20
4835951.139228555
 10
627214.2928790402
 20
4835951.327963895
 10
627231.7614302175
 20
4835892.118110353
  0
LWPOLYLINE
  5
26E
330
17
100
AcDbEntity
  8
ROADS
100
AcDbPolyline
 90
2
 70
0
 10
627123.6713040692
 20
4835942.587048773
 10
627074.6268974303
 20
4835929.001524363
  0
LWPOLYLINE
  5
26F
330
17
100
AcDbEntity
  8
ROADS
100
AcDbPolyline
 90
2
 70
0
 10
627173.3437405783
 20
4835958.773092256
 10
627123.6713040692
 20
4835942.587048773
  0
LWPOLYLINE
  5
270
330
17
100
AcDbEntity
  8
ROADS
100
AcDbPolyline
 90
2
 70
0
 10
627074.6268974303
 20
4835929.001524363
 10
627057.4698123899
 20
4835981.770583184
  0
LWPOLYLINE
  5
271
330
17
100
AcDbEntity
  8
ROADS
100
AcDbPolyline
 90
2
 70
0
 10
627224.1396469425
 20
4835975.490485006
 10
627173.3437405783
 20
4835958.773092256
  0
LWPOLYLINE
  5
272
330
17
100
AcDbEntity
  8
ROADS
100
AcDbPolyline
 90
2
 70
0
 10
627026.0476712054
 20
4835914.412352253
 10
626991.3952288409
 20
4836024.61062068
  0
LWPOLYLINE
  5
273
330
17
100
AcDbEntity
  8
ROADS
100
AcDbPolyline
 90
2
 70
0
 10
627224.1396469425
 20
4835975.490485006
 10
627205.5395390901
 20
4836034.532864689
  0
LWPOLYLINE
  5
274
330
17
100
AcDbEntity
  8
ROADS
100
AcDbPolyline
 90
2
 70
0
 10
627205.5395390901
 20
4836034.532864689
 10
627057.4698123899
 20
4835981.770583184
  0
LWPOLYLINE
  5
275
330
17
100
AcDbEntity
  8
ROADS
100
AcDbPolyline
 90
2
 70
0
 10
627057.4698123899
 20
4835981.770583184
 10
627040.4915583823
 20
4836038.089088122
  0
LWPOLYLINE
  5
276
330
17
100
AcDbEntity
  8
ROADS
100
AcDbPolyline
 90
2
 70
0
 10
626991.3952288409
 20
4836024.61062068
 10
626953.4212985873
 20
4836013.692401213
  0
LWPOLYLINE
  5
277
330
17
100
AcDbEntity
  8
ROADS
100
AcDbPolyline
 90
3
 70
0
 10
627095.9072023978
 20
4835643.728877647
 10
627069.0989362298
 20
4835630.454210243
 10
627044.7858964019
 20
4835646.359647849
  0
LWPOLYLINE
  5
278
330
17
100
AcDbEntity
  8
ROADS
100
AcDbPolyline
 90
2
 70
0
 10
627114.4830892214
 20
4835641.137840172
 10
627095.9072023978
 20
4835643.728877647
  0
LWPOLYLINE
  5
279
330
17
100
AcDbEntity
  8
ROADS
100
AcDbPolyline
 90
2
 70
0
 10
627044.7858964019
 20
4835646.359647849
 10
627033.6846216334
 20
4835642.575721996
  0
LWPOLYLINE
  5
27A
330
17
100
AcDbEntity
  8
ROADS
100
AcDbPolyline
 90
2
 70
0
 10
627095.9072023978
 20
4835643.728877647
 10
627076.7360247327
 20
4835656.417874519
  0
LWPOLYLINE
  5
27B
330
17
100
AcDbEntity
  8
ROADS
100
AcDbPolyline
 90
2
 70
0
 10
627161.8311047815
 20
4835659.635459425
 10
627114.4830892214
 20
4835641.137840172
  0
LWPOLYLINE
  5
27C
330
17
100
AcDbEntity
  8
ROADS
100
AcDbPolyline
 90
2
 70
0
 10
627076.7360247327
 20
4835656.417874519
 10
627044.7858964019
 20
4835646.359647849
  0
LWPOLYLINE
  5
27D
330
17
100
AcDbEntity
  8
ROADS
100
AcDbPolyline
 90
2
 70
0
 10
627114.4830892214
 20
4835641.137840172
 10
627106.4923615528
 20
4835665.959410805
  0
LWPOLYLINE
  5
27E
330
17
100
AcDbEntity
  8
ROADS
100
AcDbPolyline
 90
2
 70
0
 10
627225.0517217477
 20
4835629.173501161
 10
627208.4135946953
 20
4835678.4087613
  0
LWPOLYLINE
  5
27F
330
17
100
AcDbEntity
  8
ROADS
100
AcDbPolyline
 90
2
 70
0
 10
627095.9072023978
 20
4835643.728877647
 10
627106.4923615528
 20
4835665.959410805
  0
LWPOLYLINE
  5
280
330
17
100
AcDbEntity
  8
ROADS
100
AcDbPolyline
 90
2
 70
0
 10
627106.4923615528
 20
4835665.959410805
 10
627076.7360247327
 20
4835656.417874519
  0
LWPOLYLINE
  5
281
330
17
100
AcDbEntity
  8
ROADS
100
AcDbPolyline
 90
2
 70
0
 10
627319.9397669721
 20
4835669.102407045
 10
627316.8513665872
 20
4835658.382905991
  0
LWPOLYLINE
  5
282
330
17
100
AcDbEntity
  8
ROADS
100
AcDbPolyline
 90
2
 70
0
 10
627370.2385428534
 20
4835675.594136907
 10
627316.8513665872
 20
4835658.382905991
  0
LWPOLYLINE
  5
283
330
17
100
AcDbEntity
  8
ROADS
100
AcDbPolyline
 90
2
 70
0
 10
627272.8407768682
 20
4835681.772716921
 10
627319.9397669721
 20
4835669.102407045
  0
LWPOLYLINE
  5
284
330
17
100
AcDbEntity
  8
ROADS
100
AcDbPolyline
 90
2
 70
0
 10
627208.4135946953
 20
4835678.4087613
 10
627238.4756128658
 20
4835690.91968024
  0
LWPOLYLINE
  5
285
330
17
100
AcDbEntity
  8
ROADS
100
AcDbPolyline
 90
2
 70
0
 10
627238.4756128658
 20
4835690.91968024
 10
627272.8407768682
 20
4835681.772716921
  0
LWPOLYLINE
  5
286
330
17
100
AcDbEntity
  8
ROADS
100
AcDbPolyline
 90
2
 70
0
 10
627214.3340881281
 20
4835689.796500617
 10
627238.4756128658
 20
4835690.91968024
  0
LWPOLYLINE
  5
287
330
17
100
AcDbEntity
  8
ROADS
100
AcDbPolyline
 90
2
 70
0
 10
627383.1632171727
 20
4835679.770221265
 10
627370.2385428534
 20
4835675.594136907
  0
LWPOLYLINE
  5
288
330
17
100
AcDbEntity
  8
ROADS
100
AcDbPolyline
 90
2
 70
0
 10
627319.9397669721
 20
4835669.102407045
 10
627331.5368538122
 20
4835723.207186226
  0
LWPOLYLINE
  5
289
330
17
100
AcDbEntity
  8
ROADS
100
AcDbPolyline
 90
2
 70
0
 10
627272.8407768682
 20
4835681.772716921
 10
627285.4615552942
 20
4835710.7576840045
  0
LWPOLYLINE
  5
28A
330
17
100
AcDbEntity
  8
ROADS
100
AcDbPolyline
 90
2
 70
0
 10
627285.4615552942
 20
4835710.7576840045
 10
627238.4756128658
 20
4835690.91968024
  0
LWPOLYLINE
  5
28B
330
17
100
AcDbEntity
  8
ROADS
100
AcDbPolyline
 90
2
 70
0
 10
627370.2385428534
 20
4835675.594136907
 10
627354.7178234797
 20
4835732.056068319
  0
LWPOLYLINE
  5
28C
330
17
100
AcDbEntity
  8
ROADS
100
AcDbPolyline
 90
2
 70
0
 10
627238.4756128658
 20
4835690.91968024
 10
627204.0210509282
 20
4835722.675092486
  0
LWPOLYLINE
  5
28D
330
17
100
AcDbEntity
  8
ROADS
100
AcDbPolyline
 90
2
 70
0
 10
627285.4615552942
 20
4835710.7576840045
 10
627331.5368538122
 20
4835723.207186226
  0
LWPOLYLINE
  5
28E
330
17
100
AcDbEntity
  8
ROADS
100
AcDbPolyline
 90
2
 70
0
 10
627331.5368538122
 20
4835723.207186226
 10
627354.7178234797
 20
4835732.056068319
  0
LWPOLYLINE
  5
28F
330
17
100
AcDbEntity
  8
ROADS
100
AcDbPolyline
 90
3
 70
0
 10
627285.4615552942
 20
4835710.7576840045
 10
627316.7597260708
 20
4835735.360042882
 10
627301.4177019722
 20
4835762.96539749
  0
LWPOLYLINE
  5
290
330
17
100
AcDbEntity
  8
ROADS
100
AcDbPolyline
 90
2
 70
0
 10
627354.7178234797
 20
4835732.056068319
 10
627422.4834273262
 20
4835755.92458994
  0
LWPOLYLINE
  5
291
330
17
100
AcDbEntity
  8
ROADS
100
AcDbPolyline
 90
2
 70
0
 10
627242.8115160274
 20
4835742.916626992
 10
627301.4177019722
 20
4835762.96539749
  0
LWPOLYLINE
  5
292
330
17
100
AcDbEntity
  8
ROADS
100
AcDbPolyline
 90
2
 70
0
 10
627331.5368538122
 20
4835723.207186226
 10
627375.765127586
 20
4835823.766302726
  0
LWPOLYLINE
  5
293
330
17
100
AcDbEntity
  8
ROADS
100
AcDbPolyline
 90
3
 70
0
 10
627301.4177019722
 20
4835762.96539749
 10
627293.6350888364
 20
4835787.08919832
 10
627316.8883111357
 20
4835807.622867865
  0
LWPOLYLINE
  5
294
330
17
100
AcDbEntity
  8
ROADS
100
AcDbPolyline
 90
2
 70
0
 10
627318.4745781301
 20
4835817.791179117
 10
627182.4011754252
 20
4835790.18741216
  0
LWPOLYLINE
  5
295
330
17
100
AcDbEntity
  8
ROADS
100
AcDbPolyline
 90
3
 70
0
 10
627439.7899027211
 20
4835786.737360866
 10
627425.5497428596
 20
4835784.244880699
 10
627375.765127586
 20
4835823.766302726
  0
LWPOLYLINE
  5
296
330
17
100
AcDbEntity
  8
ROADS
100
AcDbPolyline
 90
2
 70
0
 10
627316.8883111357
 20
4835807.622867865
 10
627330.9625205336
 20
4835809.54043326
  0
LWPOLYLINE
  5
297
330
17
100
AcDbEntity
  8
ROADS
100
AcDbPolyline
 90
2
 70
0
 10
627316.8883111357
 20
4835807.622867865
 10
627318.4745781301
 20
4835817.791179117
  0
LWPOLYLINE
  5
298
330
17
100
AcDbEntity
  8
ROADS
100
AcDbPolyline
 90
2
 70
0
 10
627318.4745781301
 20
4835817.791179117
 10
627344.3361880954
 20
4835843.069305129
  0
LWPOLYLINE
  5
299
330
17
100
AcDbEntity
  8
ROADS
100
AcDbPolyline
 90
2
 70
0
 10
627375.765127586
 20
4835823.766302726
 10
627344.3361880954
 20
4835843.069305129
  0
LWPOLYLINE
  5
29A
330
17
100
AcDbEntity
  8
ROADS
100
AcDbPolyline
 90
2
 70
0
 10
627504.2746595459
 20
4835936.774180225
 10
627476.7200707062
 20
4836025.621127537
  0
LWPOLYLINE
  5
29B
330
17
100
AcDbEntity
  8
ROADS
100
AcDbPolyline
 90
2
 70
0
 10
627528.755800625
 20
4836034.277727862
 10
627526.5707197748
 20
4836041.024372254
  0
LWPOLYLINE
  5
29C
330
17
100
AcDbEntity
  8
ROADS
100
AcDbPolyline
 90
2
 70
0
 10
627530.467098583
 20
4836042.376484094
 10
627526.5707197748
 20
4836041.024372254
  0
LWPOLYLINE
  5
29D
330
17
100
AcDbEntity
  8
ROADS
100
AcDbPolyline
 90
2
 70
0
 10
627474.1663719661
 20
4835856.227046601
 10
627428.5120499409
 20
4836011.51666648
  0
LWPOLYLINE
  5
29E
330
17
100
AcDbEntity
  8
ROADS
100
AcDbPolyline
 90
4
 70
0
 10
627344.3361880954
 20
4835843.069305129
 10
627337.0441459207
 20
4835869.154098609
 10
627416.7816382868
 20
4835899.713589693
 10
627409.1683644926
 20
4836021.609574182
  0
LWPOLYLINE
  5
29F
330
17
100
AcDbEntity
  8
ROADS
100
AcDbPolyline
 90
2
 70
0
 10
627367.5696575837
 20
4836036.715433188
 10
627224.1396469425
 20
4835975.490485006
  0
LWPOLYLINE
  5
2A0
330
17
100
AcDbEntity
  8
ROADS
100
AcDbPolyline
 90
2
 70
0
 10
627428.5120499409
 20
4836011.51666648
 10
627409.1683644926
 20
4836021.609574182
  0
LWPOLYLINE
  5
2A1
330
17
100
AcDbEntity
  8
ROADS
100
AcDbPolyline
 90
2
 70
0
 10
627476.7200707062
 20
4836025.621127537
 10
627428.5120499409
 20
4836011.51666648
  0
LWPOLYLINE
  5
2A2
330
17
100
AcDbEntity
  8
ROADS
100
AcDbPolyline
 90
2
 70
0
 10
627409.1683644926
 20
4836021.609574182
 10
627367.5696575837
 20
4836036.715433188
  0
LWPOLYLINE
  5
2A3
330
17
100
AcDbEntity
  8
ROADS
100
AcDbPolyline
 90
2
 70
0
 10
627428.5120499409
 20
4836011.51666648
 10
627416.0256308564
 20
4836050.020828329
  0
LWPOLYLINE
  5
2A4
330
17
100
AcDbEntity
  8
ROADS
100
AcDbPolyline
 90
2
 70
0
 10
627409.1683644926
 20
4836021.609574182
 10
627416.0256308564
 20
4836050.020828329
  0
LWPOLYLINE
  5
2A5
330
17
100
AcDbEntity
  8
ROADS
100
AcDbPolyline
 90
2
 70
0
 10
627416.0256308564
 20
4836050.020828329
 10
627367.5696575837
 20
4836036.715433188
  0
LWPOLYLINE
  5
2A6
330
17
100
AcDbEntity
  8
ROADS
100
AcDbPolyline
 90
2
 70
0
 10
627353.7131526269
 20
4836083.543835888
 10
627205.5395390901
 20
4836034.532864689
  0
LWPOLYLINE
  5
2A7
330
17
100
AcDbEntity
  8
ROADS
100
AcDbPolyline
 90
2
 70
0
 10
627526.5707197748
 20
4836041.024372254
 10
627476.7200707062
 20
4836025.621127537
  0
LWPOLYLINE
  5
2A8
330
17
100
AcDbEntity
  8
ROADS
100
AcDbPolyline
 90
2
 70
0
 10
627526.5707197748
 20
4836041.024372254
 10
627510.9262340561
 20
4836082.8671574425
  0
LWPOLYLINE
  5
2A9
330
17
100
AcDbEntity
  8
ROADS
100
AcDbPolyline
 90
2
 70
0
 10
627510.9262340561
 20
4836082.8671574425
 10
627461.7780335913
 20
4836068.4926717235
  0
LWPOLYLINE
  5
2AA
330
17
100
AcDbEntity
  8
ROADS
100
AcDbPolyline
 90
2
 70
0
 10
627536.2049859067
 20
4836090.415804178
 10
627510.9262340561
 20
4836082.8671574425
  0
LWPOLYLINE
  5
2AB
330
17
100
AcDbEntity
  8
ROADS
100
AcDbPolyline
 90
2
 70
0
 10
627510.9262340561
 20
4836082.8671574425
 10
627498.5996889088
 20
4836122.456784975
  0
LWPOLYLINE
  5
2AC
330
17
100
AcDbEntity
  8
ROADS
100
AcDbPolyline
 90
2
 70
0
 10
627461.7780335913
 20
4836068.4926717235
 10
627416.0256308564
 20
4836050.020828329
  0
LWPOLYLINE
  5
2AD
330
17
100
AcDbEntity
  8
ROADS
100
AcDbPolyline
 90
2
 70
0
 10
627367.5696575837
 20
4836036.715433188
 10
627353.7131526269
 20
4836083.543835888
  0
LWPOLYLINE
  5
2AE
330
17
100
AcDbEntity
  8
ROADS
100
AcDbPolyline
 90
2
 70
0
 10
627416.0256308564
 20
4836050.020828329
 10
627401.7187813096
 20
4836093.907411203
  0
LWPOLYLINE
  5
2AF
330
17
100
AcDbEntity
  8
ROADS
100
AcDbPolyline
 90
2
 70
0
 10
627461.7780335913
 20
4836068.4926717235
 10
627450.1015065702
 20
4836108.139049669
  0
LWPOLYLINE
  5
2B0
330
17
100
AcDbEntity
  8
ROADS
100
AcDbPolyline
 90
2
 70
0
 10
627401.7187813096
 20
4836093.907411203
 10
627450.1015065702
 20
4836108.139049669
  0
LWPOLYLINE
  5
2B1
330
17
100
AcDbEntity
  8
ROADS
100
AcDbPolyline
 90
2
 70
0
 10
627353.7131526269
 20
4836083.543835888
 10
627339.0544795546
 20
4836131.152780437
  0
LWPOLYLINE
  5
2B2
330
17
100
AcDbEntity
  8
ROADS
100
AcDbPolyline
 90
2
 70
0
 10
627339.0544795546
 20
4836131.152780437
 10
627185.546138787
 20
4836086.008579265
  0
LWPOLYLINE
  5
2B3
330
17
100
AcDbEntity
  8
ROADS
100
AcDbPolyline
 90
2
 70
0
 10
627450.1015065702
 20
4836108.139049669
 10
627498.5996889088
 20
4836122.456784975
  0
LWPOLYLINE
  5
2B4
330
17
100
AcDbEntity
  8
ROADS
100
AcDbPolyline
 90
2
 70
0
 10
627401.7187813096
 20
4836093.907411203
 10
627386.6724077578
 20
4836144.761555427
  0
LWPOLYLINE
  5
2B5
330
17
100
AcDbEntity
  8
ROADS
100
AcDbPolyline
 90
2
 70
0
 10
627386.6724077578
 20
4836144.761555427
 10
627339.0544795546
 20
4836131.152780437
  0
LWPOLYLINE
  5
2B6
330
17
100
AcDbEntity
  8
ROADS
100
AcDbPolyline
 90
2
 70
0
 10
627339.0544795546
 20
4836131.152780437
 10
627324.6299490312
 20
4836177.426871038
  0
LWPOLYLINE
  5
2B7
330
17
100
AcDbEntity
  8
ROADS
100
AcDbPolyline
 90
2
 70
0
 10
627324.6299490312
 20
4836177.426871038
 10
627182.4624687548
 20
4836134.818848483
  0
LWPOLYLINE
  5
2B8
330
17
100
AcDbEntity
  8
ROADS
100
AcDbPolyline
 90
2
 70
0
 10
627450.1015065702
 20
4836108.139049669
 10
627412.5964773489
 20
4836236.938028088
  0
LWPOLYLINE
  5
2B9
330
17
100
AcDbEntity
  8
ROADS
100
AcDbPolyline
 90
2
 70
0
 10
627386.6724077578
 20
4836144.761555427
 10
627364.2576343606
 20
4836222.990183603
  0
LWPOLYLINE
  5
2BA
330
17
100
AcDbEntity
  8
ROADS
100
AcDbPolyline
 90
2
 70
0
 10
627498.5996889088
 20
4836122.456784975
 10
627460.3408138071
 20
4836252.350219547
  0
LWPOLYLINE
  5
2BB
330
17
100
AcDbEntity
  8
ROADS
100
AcDbPolyline
 90
2
 70
0
 10
627324.6299490312
 20
4836177.426871038
 10
627307.9746482718
 20
4836235.682371315
  0
LWPOLYLINE
  5
2BC
330
17
100
AcDbEntity
  8
ROADS
100
AcDbPolyline
 90
2
 70
0
 10
627307.9746482718
 20
4836235.682371315
 10
627163.1734757578
 20
4836193.159714014
  0
LWPOLYLINE
  5
2BD
330
17
100
AcDbEntity
  8
ROADS
100
AcDbPolyline
 90
2
 70
0
 10
627412.5964773489
 20
4836236.938028088
 10
627364.2576343606
 20
4836222.990183603
  0
LWPOLYLINE
  5
2BE
330
17
100
AcDbEntity
  8
ROADS
100
AcDbPolyline
 90
2
 70
0
 10
627364.2576343606
 20
4836222.990183603
 10
627358.3460696382
 20
4836250.545021948
  0
LWPOLYLINE
  5
2BF
330
17
100
AcDbEntity
  8
ROADS
100
AcDbPolyline
 90
2
 70
0
 10
627358.3460696382
 20
4836250.545021948
 10
627307.9746482718
 20
4836235.682371315
  0
LWPOLYLINE
  5
2C0
330
17
100
AcDbEntity
  8
ROADS
100
AcDbPolyline
 90
2
 70
0
 10
627540.0084716874
 20
4836134.862214081
 10
627498.5996889088
 20
4836122.456784975
  0
LWPOLYLINE
  5
2C1
330
17
100
AcDbEntity
  8
ROADS
100
AcDbPolyline
 90
2
 70
0
 10
627540.529523142
 20
4836160.08013742
 10
627509.5844842179
 20
4836267.03047758
  0
LWPOLYLINE
  5
2C2
330
17
100
AcDbEntity
  8
ROADS
100
AcDbPolyline
 90
2
 70
0
 10
627509.5844842179
 20
4836267.03047758
 10
627460.3408138071
 20
4836252.350219547
  0
LWPOLYLINE
  5
2C3
330
17
100
AcDbEntity
  8
ROADS
100
AcDbPolyline
 90
2
 70
0
 10
627535.4905022695
 20
4836273.111102371
 10
627509.5844842179
 20
4836267.03047758
  0
LWPOLYLINE
  5
2C4
330
17
100
AcDbEntity
  8
ROADS
100
AcDbPolyline
 90
2
 70
0
 10
627460.3408138071
 20
4836252.350219547
 10
627412.5964773489
 20
4836236.938028088
  0
LWPOLYLINE
  5
2C5
330
17
100
AcDbEntity
  8
ROADS
100
AcDbPolyline
 90
2
 70
0
 10
627307.9746482718
 20
4836235.682371315
 10
627289.68064183
 20
4836294.966301637
  0
LWPOLYLINE
  5
2C6
330
17
100
AcDbEntity
  8
ROADS
100
AcDbPolyline
 90
3
 70
0
 10
627289.68064183
 20
4836294.966301637
 10
627227.2006705069
 20
4836276.387490572
 10
627212.8426665176
 20
4836317.543445324
  0
LWPOLYLINE
  5
2C7
330
17
100
AcDbEntity
  8
ROADS
100
AcDbPolyline
 90
2
 70
0
 10
627358.3460696382
 20
4836250.545021948
 10
627327.3763318355
 20
4836351.97040548
  0
LWPOLYLINE
  5
2C8
330
17
100
AcDbEntity
  8
ROADS
100
AcDbPolyline
 90
2
 70
0
 10
627289.68064183
 20
4836294.966301637
 10
627282.8641597047
 20
4836338.939792714
  0
LWPOLYLINE
  5
2C9
330
17
100
AcDbEntity
  8
ROADS
100
AcDbPolyline
 90
2
 70
0
 10
627282.8641597047
 20
4836338.939792714
 10
627212.8426665176
 20
4836317.543445324
  0
LWPOLYLINE
  5
2CA
330
17
100
AcDbEntity
  8
ROADS
100
AcDbPolyline
 90
2
 70
0
 10
627412.5964773489
 20
4836236.938028088
 10
627349.1084114653
 20
4836447.336283551
  0
LWPOLYLINE
  5
2CB
330
17
100
AcDbEntity
  8
ROADS
100
AcDbPolyline
 90
2
 70
0
 10
627327.3763318355
 20
4836351.97040548
 10
627282.8641597047
 20
4836338.939792714
  0
LWPOLYLINE
  5
2CC
330
17
100
AcDbEntity
  8
ROADS
100
AcDbPolyline
 90
2
 70
0
 10
627460.3408138071
 20
4836252.350219547
 10
627396.1322923242
 20
4836462.825480699
  0
LWPOLYLINE
  5
2CD
330
17
100
AcDbEntity
  8
ROADS
100
AcDbPolyline
 90
2
 70
0
 10
627282.8641597047
 20
4836338.939792714
 10
627270.1385947843
 20
4836380.574296982
  0
LWPOLYLINE
  5
2CE
330
17
100
AcDbEntity
  8
ROADS
100
AcDbPolyline
 90
2
 70
0
 10
626911.7039477357
 20
4835953.336485287
 10
626898.4562093797
 20
4835995.037520572
  0
LWPOLYLINE
  5
2CF
330
17
100
AcDbEntity
  8
ROADS
100
AcDbPolyline
 90
2
 70
0
 10
626898.4562093797
 20
4835995.037520572
 10
626799.325333352
 20
4835963.556375632
  0
LWPOLYLINE
  5
2D0
330
17
100
AcDbEntity
  8
ROADS
100
AcDbPolyline
 90
2
 70
0
 10
626799.325333352
 20
4835963.556375632
 10
626772.7924089646
 20
4836036.391096006
  0
LWPOLYLINE
  5
2D1
330
17
100
AcDbEntity
  8
ROADS
100
AcDbPolyline
 90
2
 70
0
 10
626953.4212985873
 20
4836013.692401213
 10
626898.4562093797
 20
4835995.037520572
  0
LWPOLYLINE
  5
2D2
330
17
100
AcDbEntity
  8
ROADS
100
AcDbPolyline
 90
4
 70
0
 10
626953.4212985873
 20
4836013.692401213
 10
626941.8102208035
 20
4836050.881753668
 10
626846.8890573913
 20
4836016.996551568
 10
626833.885515958
 20
4836056.308846017
  0
LWPOLYLINE
  5
2D3
330
17
100
AcDbEntity
  8
ROADS
100
AcDbPolyline
 90
2
 70
0
 10
626833.885515958
 20
4836056.308846017
 10
626772.7924089646
 20
4836036.391096006
  0
LWPOLYLINE
  5
2D4
330
17
100
AcDbEntity
  8
ROADS
100
AcDbPolyline
 90
2
 70
0
 10
626772.7924089646
 20
4836036.391096006
 10
626748.020831114
 20
4836113.691920567
  0
LWPOLYLINE
  5
2D5
330
17
100
AcDbEntity
  8
ROADS
100
AcDbPolyline
 90
2
 70
0
 10
626967.8976731302
 20
4836099.0653563095
 10
626833.885515958
 20
4836056.308846017
  0
LWPOLYLINE
  5
2D6
330
17
100
AcDbEntity
  8
ROADS
100
AcDbPolyline
 90
2
 70
0
 10
626955.2985147849
 20
4836138.522982085
 10
626803.5781548262
 20
4836088.804874402
  0
LWPOLYLINE
  5
2D7
330
17
100
AcDbEntity
  8
ROADS
100
AcDbPolyline
 90
2
 70
0
 10
626958.7306103309
 20
4836128.02039088
 10
626955.2985147849
 20
4836138.522982085
  0
LWPOLYLINE
  5
2D8
330
17
100
AcDbEntity
  8
ROADS
100
AcDbPolyline
 90
2
 70
0
 10
626697.4503529859
 20
4835952.483370911
 10
626644.2843934783
 20
4836119.508735259
  0
LWPOLYLINE
  5
2D9
330
17
100
AcDbEntity
  8
ROADS
100
AcDbPolyline
 90
2
 70
0
 10
626438.9239104134
 20
4836104.030925976
 10
626342.6848488194
 20
4836073.020100563
  0
LWPOLYLINE
  5
2DA
330
17
100
AcDbEntity
  8
ROADS
100
AcDbPolyline
 90
3
 70
0
 10
626498.7598079244
 20
4836123.758928073
 10
626513.8572798577
 20
4836078.041149527
 10
626503.8100613607
 20
4836065.5197489085
  0
LWPOLYLINE
  5
2DB
330
17
100
AcDbEntity
  8
ROADS
100
AcDbPolyline
 90
2
 70
0
 10
626596.483247333
 20
4836104.2025775025
 10
626549.1363712928
 20
4836088.938639613
  0
LWPOLYLINE
  5
2DC
330
17
100
AcDbEntity
  8
ROADS
100
AcDbPolyline
 90
2
 70
0
 10
626644.2843934783
 20
4836119.508735259
 10
626596.483247333
 20
4836104.2025775025
  0
LWPOLYLINE
  5
2DD
330
17
100
AcDbEntity
  8
ROADS
100
AcDbPolyline
 90
2
 70
0
 10
626549.1363712928
 20
4836088.938639613
 10
626534.3394655352
 20
4836134.791864847
  0
LWPOLYLINE
  5
2DE
330
17
100
AcDbEntity
  8
ROADS
100
AcDbPolyline
 90
2
 70
0
 10
626498.7598079244
 20
4836123.758928073
 10
626438.9239104134
 20
4836104.030925976
  0
LWPOLYLINE
  5
2DF
330
17
100
AcDbEntity
  8
ROADS
100
AcDbPolyline
 90
2
 70
0
 10
626534.3394655352
 20
4836134.791864847
 10
626498.7598079244
 20
4836123.758928073
  0
LWPOLYLINE
  5
2E0
330
17
100
AcDbEntity
  8
ROADS
100
AcDbPolyline
 90
2
 70
0
 10
626644.2843934783
 20
4836119.508735259
 10
626629.3841814232
 20
4836165.378105475
  0
LWPOLYLINE
  5
2E1
330
17
100
AcDbEntity
  8
ROADS
100
AcDbPolyline
 90
2
 70
0
 10
626629.3841814232
 20
4836165.378105475
 10
626534.3394655352
 20
4836134.791864847
  0
LWPOLYLINE
  5
2E2
330
17
100
AcDbEntity
  8
ROADS
100
AcDbPolyline
 90
2
 70
0
 10
627040.4915583823
 20
4836038.089088122
 10
626991.3952288409
 20
4836024.61062068
  0
LWPOLYLINE
  5
2E3
330
17
100
AcDbEntity
  8
ROADS
100
AcDbPolyline
 90
2
 70
0
 10
627205.5395390901
 20
4836034.532864689
 10
627185.546138787
 20
4836086.008579265
  0
LWPOLYLINE
  5
2E4
330
17
100
AcDbEntity
  8
ROADS
100
AcDbPolyline
 90
2
 70
0
 10
626991.3952288409
 20
4836024.61062068
 10
626967.8976731302
 20
4836099.0653563095
  0
LWPOLYLINE
  5
2E5
330
17
100
AcDbEntity
  8
ROADS
100
AcDbPolyline
 90
2
 70
0
 10
627185.546138787
 20
4836086.008579265
 10
627040.4915583823
 20
4836038.089088122
  0
LWPOLYLINE
  5
2E6
330
17
100
AcDbEntity
  8
ROADS
100
AcDbPolyline
 90
2
 70
0
 10
627040.4915583823
 20
4836038.089088122
 10
627023.6692968811
 20
4836090.149146253
  0
LWPOLYLINE
  5
2E7
330
17
100
AcDbEntity
  8
ROADS
100
AcDbPolyline
 90
2
 70
0
 10
627185.546138787
 20
4836086.008579265
 10
627170.736037854
 20
4836131.428626559
  0
LWPOLYLINE
  5
2E8
330
17
100
AcDbEntity
  8
ROADS
100
AcDbPolyline
 90
2
 70
0
 10
627170.736037854
 20
4836131.428626559
 10
627023.6692968811
 20
4836090.149146253
  0
LWPOLYLINE
  5
2E9
330
17
100
AcDbEntity
  8
ROADS
100
AcDbPolyline
 90
2
 70
0
 10
626967.8976731302
 20
4836099.0653563095
 10
626958.7306103309
 20
4836128.02039088
  0
LWPOLYLINE
  5
2EA
330
17
100
AcDbEntity
  8
ROADS
100
AcDbPolyline
 90
2
 70
0
 10
627023.6692968811
 20
4836090.149146253
 10
627006.9741527956
 20
4836142.700527727
  0
LWPOLYLINE
  5
2EB
330
17
100
AcDbEntity
  8
ROADS
100
AcDbPolyline
 90
2
 70
0
 10
627182.4624687548
 20
4836134.818848483
 10
627170.736037854
 20
4836131.428626559
  0
LWPOLYLINE
  5
2EC
330
17
100
AcDbEntity
  8
ROADS
100
AcDbPolyline
 90
2
 70
0
 10
626748.020831114
 20
4836113.691920567
 10
626733.9675902862
 20
4836158.680565117
  0
LWPOLYLINE
  5
2ED
330
17
100
AcDbEntity
  8
ROADS
100
AcDbPolyline
 90
2
 70
0
 10
626941.9550677165
 20
4836177.330108426
 10
626748.020831114
 20
4836113.691920567
  0
LWPOLYLINE
  5
2EE
330
17
100
AcDbEntity
  8
ROADS
100
AcDbPolyline
 90
2
 70
0
 10
626955.2985147849
 20
4836138.522982085
 10
626941.9550677165
 20
4836177.330108426
  0
LWPOLYLINE
  5
2EF
330
17
100
AcDbEntity
  8
ROADS
100
AcDbPolyline
 90
2
 70
0
 10
626733.9675902862
 20
4836158.680565117
 10
626722.7187975652
 20
4836194.693367343
  0
LWPOLYLINE
  5
2F0
330
17
100
AcDbEntity
  8
ROADS
100
AcDbPolyline
 90
2
 70
0
 10
626733.9675902862
 20
4836158.680565117
 10
626891.9911351423
 20
4836203.20834013
  0
LWPOLYLINE
  5
2F1
330
17
100
AcDbEntity
  8
ROADS
100
AcDbPolyline
 90
2
 70
0
 10
626722.7187975652
 20
4836194.693367343
 10
626676.5507071008
 20
4836180.937814763
  0
LWPOLYLINE
  5
2F2
330
17
100
AcDbEntity
  8
ROADS
100
AcDbPolyline
 90
2
 70
0
 10
626941.9550677165
 20
4836177.330108426
 10
626927.8420913746
 20
4836222.9667361565
  0
LWPOLYLINE
  5
2F3
330
17
100
AcDbEntity
  8
ROADS
100
AcDbPolyline
 90
2
 70
0
 10
626917.2902680808
 20
4836253.064797143
 10
626722.7187975652
 20
4836194.693367343
  0
LWPOLYLINE
  5
2F4
330
17
100
AcDbEntity
  8
ROADS
100
AcDbPolyline
 90
2
 70
0
 10
626976.0240473778
 20
4836237.0702365935
 10
626927.8420913746
 20
4836222.9667361565
  0
LWPOLYLINE
  5
2F5
330
17
100
AcDbEntity
  8
ROADS
100
AcDbPolyline
 90
2
 70
0
 10
626722.7187975652
 20
4836194.693367343
 10
626701.0853687266
 20
4836267.431632018
  0
LWPOLYLINE
  5
2F6
330
17
100
AcDbEntity
  8
ROADS
100
AcDbPolyline
 90
2
 70
0
 10
627006.9741527956
 20
4836142.700527727
 10
626958.7306103309
 20
4836128.02039088
  0
LWPOLYLINE
  5
2F7
330
17
100
AcDbEntity
  8
ROADS
100
AcDbPolyline
 90
2
 70
0
 10
627182.4624687548
 20
4836134.818848483
 10
627163.1734757578
 20
4836193.159714014
  0
LWPOLYLINE
  5
2F8
330
17
100
AcDbEntity
  8
ROADS
100
AcDbPolyline
 90
2
 70
0
 10
627163.1734757578
 20
4836193.159714014
 10
627006.9741527956
 20
4836142.700527727
  0
LWPOLYLINE
  5
2F9
330
17
100
AcDbEntity
  8
ROADS
100
AcDbPolyline
 90
2
 70
0
 10
627006.9741527956
 20
4836142.700527727
 10
626976.0240473778
 20
4836237.0702365935
  0
LWPOLYLINE
  5
2FA
330
17
100
AcDbEntity
  8
ROADS
100
AcDbPolyline
 90
2
 70
0
 10
626976.0240473778
 20
4836237.0702365935
 10
626962.3824857738
 20
4836281.578820827
  0
LWPOLYLINE
  5
2FB
330
17
100
AcDbEntity
  8
ROADS
100
AcDbPolyline
 90
2
 70
0
 10
627124.3785156514
 20
4836291.309358476
 10
626976.0240473778
 20
4836237.0702365935
  0
LWPOLYLINE
  5
2FC
330
17
100
AcDbEntity
  8
ROADS
100
AcDbPolyline
 90
2
 70
0
 10
627212.8426665176
 20
4836317.543445324
 10
627124.3785156514
 20
4836291.309358476
  0
LWPOLYLINE
  5
2FD
330
17
100
AcDbEntity
  8
ROADS
100
AcDbPolyline
 90
2
 70
0
 10
627110.133703577
 20
4836330.574729888
 10
626962.3824857738
 20
4836281.578820827
  0
LWPOLYLINE
  5
2FE
330
17
100
AcDbEntity
  8
ROADS
100
AcDbPolyline
 90
2
 70
0
 10
627124.3785156514
 20
4836291.309358476
 10
627110.133703577
 20
4836330.574729888
  0
LWPOLYLINE
  5
2FF
330
17
100
AcDbEntity
  8
ROADS
100
AcDbPolyline
 90
2
 70
0
 10
627095.9680044319
 20
4836373.760770152
 10
626947.5196676285
 20
4836326.7608619165
  0
LWPOLYLINE
  5
300
330
17
100
AcDbEntity
  8
ROADS
100
AcDbPolyline
 90
2
 70
0
 10
626534.3394655352
 20
4836134.791864847
 10
626518.4269323964
 20
4836179.707859393
  0
LWPOLYLINE
  5
301
330
17
100
AcDbEntity
  8
ROADS
100
AcDbPolyline
 90
2
 70
0
 10
626676.5507071008
 20
4836180.937814763
 10
626629.3841814232
 20
4836165.378105475
  0
LWPOLYLINE
  5
302
330
17
100
AcDbEntity
  8
ROADS
100
AcDbPolyline
 90
2
 70
0
 10
626566.5908660922
 20
4836195.551616106
 10
626518.4269323964
 20
4836179.707859393
  0
LWPOLYLINE
  5
303
330
17
100
AcDbEntity
  8
ROADS
100
AcDbPolyline
 90
2
 70
0
 10
626629.3841814232
 20
4836165.378105475
 10
626613.9490592079
 20
4836211.129793383
  0
LWPOLYLINE
  5
304
330
17
100
AcDbEntity
  8
ROADS
100
AcDbPolyline
 90
2
 70
0
 10
626613.9490592079
 20
4836211.129793383
 10
626566.5908660922
 20
4836195.551616106
  0
LWPOLYLINE
  5
305
330
17
100
AcDbEntity
  8
ROADS
100
AcDbPolyline
 90
2
 70
0
 10
626438.9239104134
 20
4836104.030925976
 10
626364.7728260723
 20
4836333.711947234
  0
LWPOLYLINE
  5
306
330
17
100
AcDbEntity
  8
ROADS
100
AcDbPolyline
 90
2
 70
0
 10
626518.4269323964
 20
4836179.707859393
 10
626460.0618493275
 20
4836365.052692118
  0
LWPOLYLINE
  5
307
330
17
100
AcDbEntity
  8
ROADS
100
AcDbPolyline
 90
2
 70
0
 10
626566.5908660922
 20
4836195.551616106
 10
626507.9003268328
 20
4836380.449561717
  0
LWPOLYLINE
  5
308
330
17
100
AcDbEntity
  8
ROADS
100
AcDbPolyline
 90
2
 70
0
 10
626613.9490592079
 20
4836211.129793383
 10
626555.1773596442
 20
4836395.648272397
  0
LWPOLYLINE
  5
309
330
17
100
AcDbEntity
  8
ROADS
100
AcDbPolyline
 90
2
 70
0
 10
626676.5507071008
 20
4836180.937814763
 10
626589.0922672265
 20
4836451.847856564
  0
LWPOLYLINE
  5
30A
330
17
100
AcDbEntity
  8
ROADS
100
AcDbPolyline
 90
2
 70
0
 10
626927.8420913746
 20
4836222.9667361565
 10
626917.2902680808
 20
4836253.064797143
  0
LWPOLYLINE
  5
30B
330
17
100
AcDbEntity
  8
ROADS
100
AcDbPolyline
 90
2
 70
0
 10
626917.2902680808
 20
4836253.064797143
 10
626899.7931615184
 20
4836312.026045849
  0
LWPOLYLINE
  5
30C
330
17
100
AcDbEntity
  8
ROADS
100
AcDbPolyline
 90
2
 70
0
 10
626892.5515595431
 20
4836329.844202461
 10
626701.0853687266
 20
4836267.431632018
  0
LWPOLYLINE
  5
30D
330
17
100
AcDbEntity
  8
ROADS
100
AcDbPolyline
 90
2
 70
0
 10
626962.3824857738
 20
4836281.578820827
 10
626947.5196676285
 20
4836326.7608619165
  0
LWPOLYLINE
  5
30E
330
17
100
AcDbEntity
  8
ROADS
100
AcDbPolyline
 90
2
 70
0
 10
626701.0853687266
 20
4836267.431632018
 10
626676.109541145
 20
4836344.438713199
  0
LWPOLYLINE
  5
30F
330
17
100
AcDbEntity
  8
ROADS
100
AcDbPolyline
 90
2
 70
0
 10
626947.5196676285
 20
4836326.7608619165
 10
626899.7931615184
 20
4836312.026045849
  0
LWPOLYLINE
  5
310
330
17
100
AcDbEntity
  8
ROADS
100
AcDbPolyline
 90
2
 70
0
 10
626899.7931615184
 20
4836312.026045849
 10
626892.5515595431
 20
4836329.844202461
  0
LWPOLYLINE
  5
311
330
17
100
AcDbEntity
  8
ROADS
100
AcDbPolyline
 90
2
 70
0
 10
626947.5196676285
 20
4836326.7608619165
 10
626933.1150327944
 20
4836371.602162474
  0
LWPOLYLINE
  5
312
330
17
100
AcDbEntity
  8
ROADS
100
AcDbPolyline
 90
2
 70
0
 10
626892.5515595431
 20
4836329.844202461
 10
626869.5843554954
 20
4836406.9326456
  0
LWPOLYLINE
  5
313
330
17
100
AcDbEntity
  8
ROADS
100
AcDbPolyline
 90
2
 70
0
 10
626869.5843554954
 20
4836406.9326456
 10
626676.109541145
 20
4836344.438713199
  0
LWPOLYLINE
  5
314
330
17
100
AcDbEntity
  8
ROADS
100
AcDbPolyline
 90
2
 70
0
 10
626460.0618493275
 20
4836365.052692118
 10
626364.7728260723
 20
4836333.711947234
  0
LWPOLYLINE
  5
315
330
17
100
AcDbEntity
  8
ROADS
100
AcDbPolyline
 90
2
 70
0
 10
626507.9003268328
 20
4836380.449561717
 10
626460.0618493275
 20
4836365.052692118
  0
LWPOLYLINE
  5
316
330
17
100
AcDbEntity
  8
ROADS
100
AcDbPolyline
 90
2
 70
0
 10
626676.109541145
 20
4836344.438713199
 10
626650.5081473449
 20
4836424.626664393
  0
LWPOLYLINE
  5
317
330
17
100
AcDbEntity
  8
ROADS
100
AcDbPolyline
 90
2
 70
0
 10
626460.0618493275
 20
4836365.052692118
 10
626444.945695641
 20
4836410.087072487
  0
LWPOLYLINE
  5
318
330
17
100
AcDbEntity
  8
ROADS
100
AcDbPolyline
 90
2
 70
0
 10
626555.1773596442
 20
4836395.648272397
 10
626507.9003268328
 20
4836380.449561717
  0
LWPOLYLINE
  5
319
330
17
100
AcDbEntity
  8
ROADS
100
AcDbPolyline
 90
2
 70
0
 10
626444.945695641
 20
4836410.087072487
 10
626349.9542932038
 20
4836380.759816932
  0
LWPOLYLINE
  5
31A
330
17
100
AcDbEntity
  8
ROADS
100
AcDbPolyline
 90
2
 70
0
 10
626555.1773596442
 20
4836395.648272397
 10
626541.2794881692
 20
4836438.6795716025
  0
LWPOLYLINE
  5
31B
330
17
100
AcDbEntity
  8
ROADS
100
AcDbPolyline
 90
2
 70
0
 10
626541.2794881692
 20
4836438.6795716025
 10
626444.945695641
 20
4836410.087072487
  0
LWPOLYLINE
  5
31C
330
17
100
AcDbEntity
  8
ROADS
100
AcDbPolyline
 90
2
 70
0
 10
626650.5081473449
 20
4836424.626664393
 10
626589.0922672265
 20
4836451.847856564
  0
LWPOLYLINE
  5
31D
330
17
100
AcDbEntity
  8
ROADS
100
AcDbPolyline
 90
2
 70
0
 10
626589.0922672265
 20
4836451.847856564
 10
626541.2794881692
 20
4836438.6795716025
  0
LWPOLYLINE
  5
31E
330
17
100
AcDbEntity
  8
ROADS
100
AcDbPolyline
 90
2
 70
0
 10
627110.133703577
 20
4836330.574729888
 10
627095.9680044319
 20
4836373.760770152
  0
LWPOLYLINE
  5
31F
330
17
100
AcDbEntity
  8
ROADS
100
AcDbPolyline
 90
2
 70
0
 10
627110.133703577
 20
4836330.574729888
 10
627270.1385947843
 20
4836380.574296982
  0
LWPOLYLINE
  5
320
330
17
100
AcDbEntity
  8
ROADS
100
AcDbPolyline
 90
2
 70
0
 10
627081.7879923993
 20
4836417.1020576395
 10
626933.1150327944
 20
4836371.602162474
  0
LWPOLYLINE
  5
321
330
17
100
AcDbEntity
  8
ROADS
100
AcDbPolyline
 90
2
 70
0
 10
627095.9680044319
 20
4836373.760770152
 10
627081.7879923993
 20
4836417.1020576395
  0
LWPOLYLINE
  5
322
330
17
100
AcDbEntity
  8
ROADS
100
AcDbPolyline
 90
2
 70
0
 10
627257.759690494
 20
4836421.786039769
 10
627095.9680044319
 20
4836373.760770152
  0
LWPOLYLINE
  5
323
330
17
100
AcDbEntity
  8
ROADS
100
AcDbPolyline
 90
2
 70
0
 10
627081.7879923993
 20
4836417.1020576395
 10
627069.0899362218
 20
4836458.736031424
  0
LWPOLYLINE
  5
324
330
17
100
AcDbEntity
  8
ROADS
100
AcDbPolyline
 90
2
 70
0
 10
627069.0899362218
 20
4836458.736031424
 10
626918.8398927358
 20
4836417.245849683
  0
LWPOLYLINE
  5
325
330
17
100
AcDbEntity
  8
ROADS
100
AcDbPolyline
 90
2
 70
0
 10
627245.0478963065
 20
4836463.985822034
 10
627081.7879923993
 20
4836417.1020576395
  0
LWPOLYLINE
  5
326
330
17
100
AcDbEntity
  8
ROADS
100
AcDbPolyline
 90
2
 70
0
 10
627232.6967764535
 20
4836505.209061924
 10
627069.0899362218
 20
4836458.736031424
  0
LWPOLYLINE
  5
327
330
17
100
AcDbEntity
  8
ROADS
100
AcDbPolyline
 90
2
 70
0
 10
626905.0055610103
 20
4836461.297406041
 10
627049.2254542208
 20
4836508.028897498
  0
LWPOLYLINE
  5
328
330
17
100
AcDbEntity
  8
ROADS
100
AcDbPolyline
 90
2
 70
0
 10
626933.1150327944
 20
4836371.602162474
 10
626918.8398927358
 20
4836417.245849683
  0
LWPOLYLINE
  5
329
330
17
100
AcDbEntity
  8
ROADS
100
AcDbPolyline
 90
2
 70
0
 10
626918.8398927358
 20
4836417.245849683
 10
626869.5843554954
 20
4836406.9326456
  0
LWPOLYLINE
  5
32A
330
17
100
AcDbEntity
  8
ROADS
100
AcDbPolyline
 90
2
 70
0
 10
626918.8398927358
 20
4836417.245849683
 10
626905.0055610103
 20
4836461.297406041
  0
LWPOLYLINE
  5
32B
330
17
100
AcDbEntity
  8
ROADS
100
AcDbPolyline
 90
2
 70
0
 10
626869.5843554954
 20
4836406.9326456
 10
626842.4828583578
 20
4836488.004569281
  0
LWPOLYLINE
  5
32C
330
17
100
AcDbEntity
  8
ROADS
100
AcDbPolyline
 90
2
 70
0
 10
626842.4828583578
 20
4836488.004569281
 10
626650.5081473449
 20
4836424.626664393
  0
LWPOLYLINE
  5
32D
330
17
100
AcDbEntity
  8
ROADS
100
AcDbPolyline
 90
2
 70
0
 10
626905.0055610103
 20
4836461.297406041
 10
626890.5619043871
 20
4836504.700902111
  0
LWPOLYLINE
  5
32E
330
17
100
AcDbEntity
  8
ROADS
100
AcDbPolyline
 90
2
 70
0
 10
626890.5619043871
 20
4836504.700902111
 10
626842.4828583578
 20
4836488.004569281
  0
LWPOLYLINE
  5
32F
330
17
100
AcDbEntity
  8
ROADS
100
AcDbPolyline
 90
2
 70
0
 10
626842.4828583578
 20
4836488.004569281
 10
626810.6696779657
 20
4836583.86418672
  0
LWPOLYLINE
  5
330
330
17
100
AcDbEntity
  8
ROADS
100
AcDbPolyline
 90
2
 70
0
 10
626604.3923230222
 20
4836564.16825536
 10
626764.9058892439
 20
4836611.019869605
  0
LWPOLYLINE
  5
331
330
17
100
AcDbEntity
  8
ROADS
100
AcDbPolyline
 90
3
 70
0
 10
626764.9058892439
 20
4836611.019869605
 10
626639.0312634555
 20
4836578.279418612
 10
626629.1554049855
 20
4836609.071707126
  0
LWPOLYLINE
  5
332
330
17
100
AcDbEntity
  8
ROADS
100
AcDbPolyline
 90
2
 70
0
 10
627509.5844842179
 20
4836267.03047758
 10
627445.4768741579
 20
4836477.620598841
  0
LWPOLYLINE
  5
333
330
17
100
AcDbEntity
  8
ROADS
100
AcDbPolyline
 90
2
 70
0
 10
627327.3763318355
 20
4836351.97040548
 10
627300.6392748511
 20
4836434.290111467
  0
LWPOLYLINE
  5
334
330
17
100
AcDbEntity
  8
ROADS
100
AcDbPolyline
 90
2
 70
0
 10
627270.1385947843
 20
4836380.574296982
 10
627257.759690494
 20
4836421.786039769
  0
LWPOLYLINE
  5
335
330
17
100
AcDbEntity
  8
ROADS
100
AcDbPolyline
 90
2
 70
0
 10
627300.6392748511
 20
4836434.290111467
 10
627257.759690494
 20
4836421.786039769
  0
LWPOLYLINE
  5
336
330
17
100
AcDbEntity
  8
ROADS
100
AcDbPolyline
 90
2
 70
0
 10
627349.1084114653
 20
4836447.336283551
 10
627300.6392748511
 20
4836434.290111467
  0
LWPOLYLINE
  5
337
330
17
100
AcDbEntity
  8
ROADS
100
AcDbPolyline
 90
2
 70
0
 10
627257.759690494
 20
4836421.786039769
 10
627245.0478963065
 20
4836463.985822034
  0
LWPOLYLINE
  5
338
330
17
100
AcDbEntity
  8
ROADS
100
AcDbPolyline
 90
2
 70
0
 10
627396.1322923242
 20
4836462.825480699
 10
627349.1084114653
 20
4836447.336283551
  0
LWPOLYLINE
  5
339
330
17
100
AcDbEntity
  8
ROADS
100
AcDbPolyline
 90
2
 70
0
 10
627300.6392748511
 20
4836434.290111467
 10
627287.0392063649
 20
4836479.5990314
  0
LWPOLYLINE
  5
33A
330
17
100
AcDbEntity
  8
ROADS
100
AcDbPolyline
 90
2
 70
0
 10
627445.4768741579
 20
4836477.620598841
 10
627396.1322923242
 20
4836462.825480699
  0
LWPOLYLINE
  5
33B
330
17
100
AcDbEntity
  8
ROADS
100
AcDbPolyline
 90
2
 70
0
 10
627480.1641716164
 20
4836486.474783506
 10
627445.4768741579
 20
4836477.620598841
  0
LWPOLYLINE
  5
33C
330
17
100
AcDbEntity
  8
ROADS
100
AcDbPolyline
 90
2
 70
0
 10
627245.0478963065
 20
4836463.985822034
 10
627232.6967764535
 20
4836505.209061924
  0
LWPOLYLINE
  5
33D
330
17
100
AcDbEntity
  8
ROADS
100
AcDbPolyline
 90
2
 70
0
 10
627396.1322923242
 20
4836462.825480699
 10
627382.9965124779
 20
4836507.787785584
  0
LWPOLYLINE
  5
33E
330
17
100
AcDbEntity
  8
ROADS
100
AcDbPolyline
 90
2
 70
0
 10
627336.410495445
 20
4836493.248058892
 10
627287.0392063649
 20
4836479.5990314
  0
LWPOLYLINE
  5
33F
330
17
100
AcDbEntity
  8
ROADS
100
AcDbPolyline
 90
2
 70
0
 10
627287.0392063649
 20
4836479.5990314
 10
627275.3227680128
 20
4836518.629615229
  0
LWPOLYLINE
  5
340
330
17
100
AcDbEntity
  8
ROADS
100
AcDbPolyline
 90
2
 70
0
 10
627382.9965124779
 20
4836507.787785584
 10
627336.410495445
 20
4836493.248058892
  0
LWPOLYLINE
  5
341
330
17
100
AcDbEntity
  8
ROADS
100
AcDbPolyline
 90
2
 70
0
 10
627275.3227680128
 20
4836518.629615229
 10
627232.6967764535
 20
4836505.209061924
  0
LWPOLYLINE
  5
342
330
17
100
AcDbEntity
  8
ROADS
100
AcDbPolyline
 90
2
 70
0
 10
627432.3618465742
 20
4836522.928306688
 10
627382.9965124779
 20
4836507.787785584
  0
LWPOLYLINE
  5
343
330
17
100
AcDbEntity
  8
ROADS
100
AcDbPolyline
 90
2
 70
0
 10
627232.6967764535
 20
4836505.209061924
 10
627219.5171016087
 20
4836548.727460059
  0
LWPOLYLINE
  5
344
330
17
100
AcDbEntity
  8
ROADS
100
AcDbPolyline
 90
2
 70
0
 10
627462.3093750328
 20
4836532.113546051
 10
627432.3618465742
 20
4836522.928306688
  0
LWPOLYLINE
  5
345
330
17
100
AcDbEntity
  8
ROADS
100
AcDbPolyline
 90
2
 70
0
 10
627336.410495445
 20
4836493.248058892
 10
627296.9531905989
 20
4836625.366360038
  0
LWPOLYLINE
  5
346
330
17
100
AcDbEntity
  8
ROADS
100
AcDbPolyline
 90
2
 70
0
 10
627275.3227680128
 20
4836518.629615229
 10
627248.1803414589
 20
4836611.142599399
  0
LWPOLYLINE
  5
347
330
17
100
AcDbEntity
  8
ROADS
100
AcDbPolyline
 90
2
 70
0
 10
627382.9965124779
 20
4836507.787785584
 10
627344.4819775181
 20
4836639.589630334
  0
LWPOLYLINE
  5
348
330
17
100
AcDbEntity
  8
ROADS
100
AcDbPolyline
 90
2
 70
0
 10
627432.3618465742
 20
4836522.928306688
 10
627392.5175879383
 20
4836654.1565901255
  0
LWPOLYLINE
  5
349
330
17
100
AcDbEntity
  8
ROADS
100
AcDbPolyline
 90
2
 70
0
 10
627248.1803414589
 20
4836611.142599399
 10
627204.8223244532
 20
4836599.269895352
  0
LWPOLYLINE
  5
34A
330
17
100
AcDbEntity
  8
ROADS
100
AcDbPolyline
 90
2
 70
0
 10
627296.9531905989
 20
4836625.366360038
 10
627248.1803414589
 20
4836611.142599399
  0
LWPOLYLINE
  5
34B
330
17
100
AcDbEntity
  8
ROADS
100
AcDbPolyline
 90
2
 70
0
 10
627344.4819775181
 20
4836639.589630334
 10
627296.9531905989
 20
4836625.366360038
  0
LWPOLYLINE
  5
34C
330
17
100
AcDbEntity
  8
ROADS
100
AcDbPolyline
 90
2
 70
0
 10
626650.5081473449
 20
4836424.626664393
 10
626616.2971462338
 20
4836528.047332783
  0
LWPOLYLINE
  5
34D
330
17
100
AcDbEntity
  8
ROADS
100
AcDbPolyline
 90
2
 70
0
 10
626505.9887892652
 20
4836551.095221538
 10
626410.2101961798
 20
4836521.609678215
  0
LWPOLYLINE
  5
34E
330
17
100
AcDbEntity
  8
ROADS
100
AcDbPolyline
 90
2
 70
0
 10
626410.2101961798
 20
4836521.609678215
 10
626395.0449304371
 20
4836568.861289271
  0
LWPOLYLINE
  5
34F
330
17
100
AcDbEntity
  8
ROADS
100
AcDbPolyline
 90
2
 70
0
 10
626616.2971462338
 20
4836528.047332783
 10
626604.3923230222
 20
4836564.16825536
  0
LWPOLYLINE
  5
350
330
17
100
AcDbEntity
  8
ROADS
100
AcDbPolyline
 90
2
 70
0
 10
626599.5058751475
 20
4836578.998795246
 10
626505.9887892652
 20
4836551.095221538
  0
LWPOLYLINE
  5
351
330
17
100
AcDbEntity
  8
ROADS
100
AcDbPolyline
 90
2
 70
0
 10
626604.3923230222
 20
4836564.16825536
 10
626599.5058751475
 20
4836578.998795246
  0
LWPOLYLINE
  5
352
330
17
100
AcDbEntity
  8
ROADS
100
AcDbPolyline
 90
2
 70
0
 10
626505.9887892652
 20
4836551.095221538
 10
626490.6992093849
 20
4836599.69067756
  0
LWPOLYLINE
  5
353
330
17
100
AcDbEntity
  8
ROADS
100
AcDbPolyline
 90
2
 70
0
 10
626395.0449304371
 20
4836568.861289271
 10
626439.5358691928
 20
4836583.501612421
  0
LWPOLYLINE
  5
354
330
17
100
AcDbEntity
  8
ROADS
100
AcDbPolyline
 90
2
 70
0
 10
626599.5058751475
 20
4836578.998795246
 10
626593.5496337321
 20
4836597.409206898
  0
LWPOLYLINE
  5
355
330
17
100
AcDbEntity
  8
ROADS
100
AcDbPolyline
 90
2
 70
0
 10
626439.5358691928
 20
4836583.501612421
 10
626490.6992093849
 20
4836599.69067756
  0
LWPOLYLINE
  5
356
330
17
100
AcDbEntity
  8
ROADS
100
AcDbPolyline
 90
2
 70
0
 10
627219.5171016087
 20
4836548.727460059
 10
627089.7162581765
 20
4836511.164203906
  0
LWPOLYLINE
  5
357
330
17
100
AcDbEntity
  8
ROADS
100
AcDbPolyline
 90
2
 70
0
 10
627204.8223244532
 20
4836599.269895352
 10
626890.5619043871
 20
4836504.700902111
  0
LWPOLYLINE
  5
358
330
17
100
AcDbEntity
  8
ROADS
100
AcDbPolyline
 90
2
 70
0
 10
627219.5171016087
 20
4836548.727460059
 10
627204.8223244532
 20
4836599.269895352
  0
LWPOLYLINE
  5
359
330
17
100
AcDbEntity
  8
ROADS
100
AcDbPolyline
 90
2
 70
0
 10
626863.8206720676
 20
4836642.335786169
 10
627091.8764400212
 20
4836704.953209225
  0
LWPOLYLINE
  5
35A
330
17
100
AcDbEntity
  8
ROADS
100
AcDbPolyline
 90
4
 70
0
 10
626863.8206720676
 20
4836642.335786169
 10
626917.9928248851
 20
4836641.238226469
 10
627104.8698480047
 20
4836694.190486304
 10
627123.0437405613
 20
4836711.430662526
  0
LWPOLYLINE
  5
35B
330
17
100
AcDbEntity
  8
ROADS
100
AcDbPolyline
 90
2
 70
0
 10
627091.8764400212
 20
4836704.953209225
 10
627123.0437405613
 20
4836711.430662526
  0
LWPOLYLINE
  5
35C
330
17
100
AcDbEntity
  8
ROADS
100
AcDbPolyline
 90
2
 70
0
 10
627123.0437405613
 20
4836711.430662526
 10
627176.3155738139
 20
4836716.184695471
  0
LWPOLYLINE
  5
35D
330
17
100
AcDbEntity
  8
ROADS
100
AcDbPolyline
 90
2
 70
0
 10
627221.3650942844
 20
4836700.161268157
 10
627212.768507008
 20
4836729.254632858
  0
LWPOLYLINE
  5
35E
330
17
100
AcDbEntity
  8
ROADS
100
AcDbPolyline
 90
2
 70
0
 10
627091.8764400212
 20
4836704.953209225
 10
627083.683066758
 20
4836733.593825427
  0
LWPOLYLINE
  5
35F
330
17
100
AcDbEntity
  8
ROADS
100
AcDbPolyline
 90
2
 70
0
 10
627083.683066758
 20
4836733.593825427
 10
626987.1716982629
 20
4836706.62908688
  0
LWPOLYLINE
  5
360
330
17
100
AcDbEntity
  8
ROADS
100
AcDbPolyline
 90
2
 70
0
 10
626810.6696779657
 20
4836583.86418672
 10
626801.624072674
 20
4836611.907335831
  0
LWPOLYLINE
  5
361
330
17
100
AcDbEntity
  8
ROADS
100
AcDbPolyline
 90
2
 70
0
 10
626764.9058892439
 20
4836611.019869605
 10
626801.624072674
 20
4836611.907335831
  0
LWPOLYLINE
  5
362
330
17
100
AcDbEntity
  8
ROADS
100
AcDbPolyline
 90
2
 70
0
 10
626752.7623105599
 20
4836649.559135084
 10
626764.9058892439
 20
4836611.019869605
  0
LWPOLYLINE
  5
363
330
17
100
AcDbEntity
  8
ROADS
100
AcDbPolyline
 90
2
 70
0
 10
626801.624072674
 20
4836611.907335831
 10
626785.9696706806
 20
4836660.435231612
  0
LWPOLYLINE
  5
364
330
17
100
AcDbEntity
  8
ROADS
100
AcDbPolyline
 90
2
 70
0
 10
626752.7623105599
 20
4836649.559135084
 10
626720.2330115743
 20
4836638.903314282
  0
LWPOLYLINE
  5
365
330
17
100
AcDbEntity
  8
ROADS
100
AcDbPolyline
 90
2
 70
0
 10
626785.9696706806
 20
4836660.435231612
 10
626752.7623105599
 20
4836649.559135084
  0
LWPOLYLINE
  5
366
330
17
100
AcDbEntity
  8
ROADS
100
AcDbPolyline
 90
2
 70
0
 10
626720.2330115743
 20
4836638.903314282
 10
626709.7434065919
 20
4836671.587125612
  0
LWPOLYLINE
  5
367
330
17
100
AcDbEntity
  8
ROADS
100
AcDbPolyline
 90
2
 70
0
 10
626709.7434065919
 20
4836671.587125612
 10
626674.3041045674
 20
4836660.037132864
  0
LWPOLYLINE
  5
368
330
17
100
AcDbEntity
  8
ROADS
100
AcDbPolyline
 90
2
 70
0
 10
626785.9696706806
 20
4836660.435231612
 10
626779.8947860542
 20
4836679.2675325265
  0
LWPOLYLINE
  5
369
330
17
100
AcDbEntity
  8
ROADS
100
AcDbPolyline
 90
2
 70
0
 10
626846.2750068869
 20
4836698.392951406
 10
626863.8206720676
 20
4836642.335786169
  0
LWPOLYLINE
  5
36A
330
17
100
AcDbEntity
  8
ROADS
100
AcDbPolyline
 90
2
 70
0
 10
626299.4882694575
 20
4836537.50165172
 10
626201.5523718431
 20
4836841.684811099
  0
LWPOLYLINE
  5
36B
330
17
100
AcDbEntity
  8
ROADS
100
AcDbPolyline
 90
2
 70
0
 10
626395.0449304371
 20
4836568.861289271
 10
626301.3221395001
 20
4836860.218948087
  0
LWPOLYLINE
  5
36C
330
17
100
AcDbEntity
  8
ROADS
100
AcDbPolyline
 90
2
 70
0
 10
626149.3402755881
 20
4836833.003200395
 10
626222.9410745495
 20
4836601.859395218
  0
LWPOLYLINE
  5
36D
330
17
100
AcDbEntity
  8
ROADS
100
AcDbPolyline
 90
2
 70
0
 10
626251.1773624211
 20
4836851.359703011
 10
626281.9950412805
 20
4836752.816110635
  0
LWPOLYLINE
  5
36E
330
17
100
AcDbEntity
  8
ROADS
100
AcDbPolyline
 90
2
 70
0
 10
626149.3402755881
 20
4836833.003200395
 10
626101.0358638334
 20
4836823.08017797
  0
LWPOLYLINE
  5
36F
330
17
100
AcDbEntity
  8
ROADS
100
AcDbPolyline
 90
2
 70
0
 10
626201.5523718431
 20
4836841.684811099
 10
626149.3402755881
 20
4836833.003200395
  0
LWPOLYLINE
  5
370
330
17
100
AcDbEntity
  8
ROADS
100
AcDbPolyline
 90
2
 70
0
 10
626251.1773624211
 20
4836851.359703011
 10
626201.5523718431
 20
4836841.684811099
  0
LWPOLYLINE
  5
371
330
17
100
AcDbEntity
  8
ROADS
100
AcDbPolyline
 90
2
 70
0
 10
626301.3221395001
 20
4836860.218948087
 10
626251.1773624211
 20
4836851.359703011
  0
LWPOLYLINE
  5
372
330
17
100
AcDbEntity
  8
ROADS
100
AcDbPolyline
 90
2
 70
0
 10
626201.5523718431
 20
4836841.684811099
 10
626186.8384342231
 20
4836888.696525823
  0
LWPOLYLINE
  5
373
330
17
100
AcDbEntity
  8
ROADS
100
AcDbPolyline
 90
2
 70
0
 10
626400.4150226845
 20
4836880.183941367
 10
626301.3221395001
 20
4836860.218948087
  0
LWPOLYLINE
  5
374
330
17
100
AcDbEntity
  8
ROADS
100
AcDbPolyline
 90
2
 70
0
 10
626629.1554049855
 20
4836609.071707126
 10
626593.5496337321
 20
4836597.409206898
  0
LWPOLYLINE
  5
375
330
17
100
AcDbEntity
  8
ROADS
100
AcDbPolyline
 90
2
 70
0
 10
626490.6992093849
 20
4836599.69067756
 10
626539.0279884657
 20
4836609.818131179
  0
LWPOLYLINE
  5
376
330
17
100
AcDbEntity
  8
ROADS
100
AcDbPolyline
 90
2
 70
0
 10
626720.2330115743
 20
4836638.903314282
 10
626629.1554049855
 20
4836609.071707126
  0
LWPOLYLINE
  5
377
330
17
100
AcDbEntity
  8
ROADS
100
AcDbPolyline
 90
2
 70
0
 10
626593.5496337321
 20
4836597.409206898
 10
626574.9440043513
 20
4836657.333395821
  0
LWPOLYLINE
  5
378
330
17
100
AcDbEntity
  8
ROADS
100
AcDbPolyline
 90
2
 70
0
 10
626439.5358691928
 20
4836583.501612421
 10
626413.1645381725
 20
4836676.733345885
  0
LWPOLYLINE
  5
379
330
17
100
AcDbEntity
  8
ROADS
100
AcDbPolyline
 90
3
 70
0
 10
626629.1554049855
 20
4836609.071707126
 10
626618.298815966
 20
4836641.781376417
 10
626674.3041045674
 20
4836660.037132864
  0
LWPOLYLINE
  5
37A
330
17
100
AcDbEntity
  8
ROADS
100
AcDbPolyline
 90
3
 70
0
 10
626574.9440043513
 20
4836657.333395821
 10
626666.2792468071
 20
4836685.940596068
 10
626674.3041045674
 20
4836660.037132864
  0
LWPOLYLINE
  5
37B
330
17
100
AcDbEntity
  8
ROADS
100
AcDbPolyline
 90
2
 70
0
 10
626574.9440043513
 20
4836657.333395821
 10
626546.323681786
 20
4836745.412186591
  0
LWPOLYLINE
  5
37C
330
17
100
AcDbEntity
  8
ROADS
100
AcDbPolyline
 90
2
 70
0
 10
626490.6992093849
 20
4836599.69067756
 10
626400.4150226845
 20
4836880.183941367
  0
LWPOLYLINE
  5
37D
330
17
100
AcDbEntity
  8
ROADS
100
AcDbPolyline
 90
2
 70
0
 10
626667.1277207608
 20
4836779.658597658
 10
626546.323681786
 20
4836745.412186591
  0
LWPOLYLINE
  5
37E
330
17
100
AcDbEntity
  8
ROADS
100
AcDbPolyline
 90
2
 70
0
 10
626846.2750068869
 20
4836698.392951406
 10
626779.8947860542
 20
4836679.2675325265
  0
LWPOLYLINE
  5
37F
330
17
100
AcDbEntity
  8
ROADS
100
AcDbPolyline
 90
2
 70
0
 10
626877.5721602516
 20
4836707.449405069
 10
626846.2750068869
 20
4836698.392951406
  0
LWPOLYLINE
  5
380
330
17
100
AcDbEntity
  8
ROADS
100
AcDbPolyline
 90
2
 70
0
 10
626752.7623105599
 20
4836649.559135084
 10
626712.7009697114
 20
4836775.649401386
  0
LWPOLYLINE
  5
381
330
17
100
AcDbEntity
  8
ROADS
100
AcDbPolyline
 90
3
 70
0
 10
626709.7434065919
 20
4836671.587125612
 10
626679.8113243377
 20
4836764.8460449
 10
626712.7009697114
 20
4836775.649401386
  0
LWPOLYLINE
  5
382
330
17
100
AcDbEntity
  8
ROADS
100
AcDbPolyline
 90
2
 70
0
 10
626829.2354729658
 20
4836758.149487872
 10
626846.2750068869
 20
4836698.392951406
  0
LWPOLYLINE
  5
383
330
17
100
AcDbEntity
  8
ROADS
100
AcDbPolyline
 90
2
 70
0
 10
626779.8947860542
 20
4836679.2675325265
 10
626746.5042571514
 20
4836786.75229841
  0
LWPOLYLINE
  5
384
330
17
100
AcDbEntity
  8
ROADS
100
AcDbPolyline
 90
4
 70
0
 10
626877.5721602516
 20
4836707.449405069
 10
626866.5195188017
 20
4836733.219627504
 10
626966.174238617
 20
4836762.77286049
 10
626956.28365547
 20
4836795.567030393
  0
LWPOLYLINE
  5
385
330
17
100
AcDbEntity
  8
ROADS
100
AcDbPolyline
 90
2
 70
0
 10
626956.28365547
 20
4836795.567030393
 10
626829.2354729658
 20
4836758.149487872
  0
LWPOLYLINE
  5
386
330
17
100
AcDbEntity
  8
ROADS
100
AcDbPolyline
 90
2
 70
0
 10
626712.7009697114
 20
4836775.649401386
 10
626746.5042571514
 20
4836786.75229841
  0
LWPOLYLINE
  5
387
330
17
100
AcDbEntity
  8
ROADS
100
AcDbPolyline
 90
2
 70
0
 10
626746.5042571514
 20
4836786.75229841
 10
626738.1157190645
 20
4836818.33253238
  0
LWPOLYLINE
  5
388
330
17
100
AcDbEntity
  8
ROADS
100
AcDbPolyline
 90
2
 70
0
 10
627123.0437405613
 20
4836711.430662526
 10
627212.768507008
 20
4836729.254632858
  0
LWPOLYLINE
  5
389
330
17
100
AcDbEntity
  8
ROADS
100
AcDbPolyline
 90
2
 70
0
 10
627075.5161710823
 20
4836763.479995776
 10
626877.5721602516
 20
4836707.449405069
  0
LWPOLYLINE
  5
38A
330
17
100
AcDbEntity
  8
ROADS
100
AcDbPolyline
 90
2
 70
0
 10
627123.0437405613
 20
4836711.430662526
 10
627107.2643130568
 20
4836772.705626438
  0
LWPOLYLINE
  5
38B
330
17
100
AcDbEntity
  8
ROADS
100
AcDbPolyline
 90
2
 70
0
 10
627083.683066758
 20
4836733.593825427
 10
627075.5161710823
 20
4836763.479995776
  0
LWPOLYLINE
  5
38C
330
17
100
AcDbEntity
  8
ROADS
100
AcDbPolyline
 90
2
 70
0
 10
627107.2643130568
 20
4836772.705626438
 10
627075.5161710823
 20
4836763.479995776
  0
LWPOLYLINE
  5
38D
330
17
100
AcDbEntity
  8
ROADS
100
AcDbPolyline
 90
2
 70
0
 10
627212.768507008
 20
4836729.254632858
 10
627175.6191485227
 20
4836856.899814435
  0
LWPOLYLINE
  5
38E
330
17
100
AcDbEntity
  8
ROADS
100
AcDbPolyline
 90
2
 70
0
 10
627107.2643130568
 20
4836772.705626438
 10
627090.8634566778
 20
4836833.033789752
  0
LWPOLYLINE
  5
38F
330
17
100
AcDbEntity
  8
ROADS
100
AcDbPolyline
 90
2
 70
0
 10
627090.8634566778
 20
4836833.033789752
 10
626956.28365547
 20
4836795.567030393
  0
LWPOLYLINE
  5
390
330
17
100
AcDbEntity
  8
ROADS
100
AcDbPolyline
 90
2
 70
0
 10
627175.6191485227
 20
4836856.899814435
 10
627090.8634566778
 20
4836833.033789752
  0
LWPOLYLINE
  5
391
330
17
100
AcDbEntity
  8
ROADS
100
AcDbPolyline
 90
2
 70
0
 10
627090.8634566778
 20
4836833.033789752
 10
626982.7635593051
 20
4836866.948713954
  0
LWPOLYLINE
  5
392
330
17
100
AcDbEntity
  8
ROADS
100
AcDbPolyline
 90
2
 70
0
 10
626546.323681786
 20
4836745.412186591
 10
626507.9582038868
 20
4836864.159588927
  0
LWPOLYLINE
  5
393
330
17
100
AcDbEntity
  8
ROADS
100
AcDbPolyline
 90
2
 70
0
 10
626450.2432802073
 20
4836887.855399973
 10
626489.8996858606
 20
4836762.313956242
  0
LWPOLYLINE
  5
394
330
17
100
AcDbEntity
  8
ROADS
100
AcDbPolyline
 90
2
 70
0
 10
626733.749634599
 20
4836831.761398952
 10
626559.9050929442
 20
4836826.178613832
  0
LWPOLYLINE
  5
395
330
17
100
AcDbEntity
  8
ROADS
100
AcDbPolyline
 90
2
 70
0
 10
626720.6642247946
 20
4836871.448192526
 10
626507.9582038868
 20
4836864.159588927
  0
LWPOLYLINE
  5
396
330
17
100
AcDbEntity
  8
ROADS
100
AcDbPolyline
 90
2
 70
0
 10
626507.9582038868
 20
4836864.159588927
 10
626496.9995831492
 20
4836898.141469769
  0
LWPOLYLINE
  5
397
330
17
100
AcDbEntity
  8
ROADS
100
AcDbPolyline
 90
2
 70
0
 10
626450.2432802073
 20
4836887.855399973
 10
626400.4150226845
 20
4836880.183941367
  0
LWPOLYLINE
  5
398
330
17
100
AcDbEntity
  8
ROADS
100
AcDbPolyline
 90
2
 70
0
 10
626496.9995831492
 20
4836898.141469769
 10
626450.2432802073
 20
4836887.855399973
  0
LWPOLYLINE
  5
399
330
17
100
AcDbEntity
  8
ROADS
100
AcDbPolyline
 90
2
 70
0
 10
626400.4150226845
 20
4836880.183941367
 10
626385.8795260522
 20
4836926.396861493
  0
LWPOLYLINE
  5
39A
330
17
100
AcDbEntity
  8
ROADS
100
AcDbPolyline
 90
2
 70
0
 10
626707.9235271255
 20
4836912.700310975
 10
626496.9995831492
 20
4836898.141469769
  0
LWPOLYLINE
  5
39B
330
17
100
AcDbEntity
  8
ROADS
100
AcDbPolyline
 90
2
 70
0
 10
626496.9995831492
 20
4836898.141469769
 10
626483.4215146884
 20
4836940.766500274
  0
LWPOLYLINE
  5
39C
330
17
100
AcDbEntity
  8
ROADS
100
AcDbPolyline
 90
3
 70
0
 10
626937.6661599131
 20
4836853.876960611
 10
626816.4017257517
 20
4836812.34572878
 10
626829.2354729658
 20
4836758.149487872
  0
LWPOLYLINE
  5
39D
330
17
100
AcDbEntity
  8
ROADS
100
AcDbPolyline
 90
2
 70
0
 10
626738.1157190645
 20
4836818.33253238
 10
626733.749634599
 20
4836831.761398952
  0
LWPOLYLINE
  5
39E
330
17
100
AcDbEntity
  8
ROADS
100
AcDbPolyline
 90
2
 70
0
 10
626733.749634599
 20
4836831.761398952
 10
626724.8863292681
 20
4836860.395867473
  0
LWPOLYLINE
  5
39F
330
17
100
AcDbEntity
  8
ROADS
100
AcDbPolyline
 90
3
 70
0
 10
626937.6661599131
 20
4836853.876960611
 10
626928.5872138919
 20
4836879.006332361
 10
626738.1157190645
 20
4836818.33253238
  0
LWPOLYLINE
  5
3A0
330
17
100
AcDbEntity
  8
ROADS
100
AcDbPolyline
 90
2
 70
0
 10
626724.8863292681
 20
4836860.395867473
 10
626720.6642247946
 20
4836871.448192526
  0
LWPOLYLINE
  5
3A1
330
17
100
AcDbEntity
  8
ROADS
100
AcDbPolyline
 90
2
 70
0
 10
626720.6642247946
 20
4836871.448192526
 10
626707.9235271255
 20
4836912.700310975
  0
LWPOLYLINE
  5
3A2
330
17
100
AcDbEntity
  8
ROADS
100
AcDbPolyline
 90
3
 70
0
 10
626860.5698269962
 20
4836972.481136029
 10
626868.9113910866
 20
4836904.676834949
 10
626724.8863292681
 20
4836860.395867473
  0
LWPOLYLINE
  5
3A3
330
17
100
AcDbEntity
  8
ROADS
100
AcDbPolyline
 90
2
 70
0
 10
626707.9235271255
 20
4836912.700310975
 10
626697.0809713633
 20
4836947.867381073
  0
LWPOLYLINE
  5
3A4
330
17
100
AcDbEntity
  8
ROADS
100
AcDbPolyline
 90
2
 70
0
 10
626860.5698269962
 20
4836972.481136029
 10
626697.0809713633
 20
4836947.867381073
  0
LWPOLYLINE
  5
3A5
330
17
100
AcDbEntity
  8
ROADS
100
AcDbPolyline
 90
2
 70
0
 10
626932.6642102984
 20
4836990.510876252
 10
626860.5698269962
 20
4836972.481136029
  0
LWPOLYLINE
  5
3A6
330
17
100
AcDbEntity
  8
ROADS
100
AcDbPolyline
 90
2
 70
0
 10
626982.7635593051
 20
4836866.948713954
 10
626937.6661599131
 20
4836853.876960611
  0
LWPOLYLINE
  5
3A7
330
17
100
AcDbEntity
  8
ROADS
100
AcDbPolyline
 90
2
 70
0
 10
627175.6191485227
 20
4836856.899814435
 10
627171.45249223
 20
4836873.070473891
  0
LWPOLYLINE
  5
3A8
330
17
100
AcDbEntity
  8
ROADS
100
AcDbPolyline
 90
2
 70
0
 10
627052.6836799214
 20
4836887.25476241
 10
626982.7635593051
 20
4836866.948713954
  0
LWPOLYLINE
  5
3A9
330
17
100
AcDbEntity
  8
ROADS
100
AcDbPolyline
 90
2
 70
0
 10
627052.6836799214
 20
4836887.25476241
 10
627054.8270152395
 20
4836867.334292243
  0
LWPOLYLINE
  5
3AA
330
17
100
AcDbEntity
  8
ROADS
100
AcDbPolyline
 90
2
 70
0
 10
627178.6131001525
 20
4836875.289871251
 10
627171.45249223
 20
4836873.070473891
  0
LWPOLYLINE
  5
3AB
330
17
100
AcDbEntity
  8
ROADS
100
AcDbPolyline
 90
2
 70
0
 10
627074.5150193946
 20
4836893.614910783
 10
627052.6836799214
 20
4836887.25476241
  0
LWPOLYLINE
  5
3AC
330
17
100
AcDbEntity
  8
ROADS
100
AcDbPolyline
 90
2
 70
0
 10
627171.45249223
 20
4836873.070473891
 10
627168.819818489
 20
4836881.992817573
  0
LWPOLYLINE
  5
3AD
330
17
100
AcDbEntity
  8
ROADS
100
AcDbPolyline
 90
2
 70
0
 10
627117.2497475613
 20
4836907.048474635
 10
627074.5150193946
 20
4836893.614910783
  0
LWPOLYLINE
  5
3AE
330
17
100
AcDbEntity
  8
ROADS
100
AcDbPolyline
 90
2
 70
0
 10
627124.5864188119
 20
4836909.228989207
 10
627117.2497475613
 20
4836907.048474635
  0
LWPOLYLINE
  5
3AF
330
17
100
AcDbEntity
  8
ROADS
100
AcDbPolyline
 90
2
 70
0
 10
626982.7635593051
 20
4836866.948713954
 10
626952.1819153134
 20
4836994.022018574
  0
LWPOLYLINE
  5
3B0
330
17
100
AcDbEntity
  8
ROADS
100
AcDbPolyline
 90
2
 70
0
 10
627117.2497475613
 20
4836907.048474635
 10
627115.2521913669
 20
4836914.335534072
  0
LWPOLYLINE
  5
3B1
330
17
100
AcDbEntity
  8
ROADS
100
AcDbPolyline
 90
2
 70
0
 10
627074.5150193946
 20
4836893.614910783
 10
627059.022292279
 20
4836944.389824577
  0
LWPOLYLINE
  5
3B2
330
17
100
AcDbEntity
  8
ROADS
100
AcDbPolyline
 90
2
 70
0
 10
626956.8428934757
 20
4836995.435964881
 10
626952.1819153134
 20
4836994.022018574
  0
LWPOLYLINE
  5
3B3
330
17
100
AcDbEntity
  8
ROADS
100
AcDbPolyline
 90
2
 70
0
 10
626245.3874339771
 20
4836942.310388695
 10
626236.0333660758
 20
4836973.087065138
  0
LWPOLYLINE
  5
3B4
330
17
100
AcDbEntity
  8
ROADS
100
AcDbPolyline
 90
2
 70
0
 10
626428.3851613207
 20
4836977.601515683
 10
626337.05436621
 20
4836960.588024224
  0
LWPOLYLINE
  5
3B5
330
17
100
AcDbEntity
  8
ROADS
100
AcDbPolyline
 90
2
 70
0
 10
626236.0333660758
 20
4836973.087065138
 10
626232.8119432537
 20
4836985.1005242355
  0
LWPOLYLINE
  5
3B6
330
17
100
AcDbEntity
  8
ROADS
100
AcDbPolyline
 90
2
 70
0
 10
626133.0708053585
 20
4836998.66375904
 10
626101.0642025874
 20
4836961.5958235655
  0
LWPOLYLINE
  5
3B7
330
17
100
AcDbEntity
  8
ROADS
100
AcDbPolyline
 90
2
 70
0
 10
626337.05436621
 20
4836960.588024224
 10
626322.9482090807
 20
4837002.635448487
  0
LWPOLYLINE
  5
3B8
330
17
100
AcDbEntity
  8
ROADS
100
AcDbPolyline
 90
2
 70
0
 10
626236.0333660758
 20
4836973.087065138
 10
626133.0708053585
 20
4836998.66375904
  0
LWPOLYLINE
  5
3B9
330
17
100
AcDbEntity
  8
ROADS
100
AcDbPolyline
 90
2
 70
0
 10
626322.9482090807
 20
4837002.635448487
 10
626232.8119432537
 20
4836985.1005242355
  0
LWPOLYLINE
  5
3BA
330
17
100
AcDbEntity
  8
ROADS
100
AcDbPolyline
 90
2
 70
0
 10
626232.8119432537
 20
4836985.1005242355
 10
626196.135799378
 20
4837098.3020098945
  0
LWPOLYLINE
  5
3BB
330
17
100
AcDbEntity
  8
ROADS
100
AcDbPolyline
 90
2
 70
0
 10
626322.9482090807
 20
4837002.635448487
 10
626305.7120358509
 20
4837107.551000704
  0
LWPOLYLINE
  5
3BC
330
17
100
AcDbEntity
  8
ROADS
100
AcDbPolyline
 90
2
 70
0
 10
626305.7120358509
 20
4837107.551000704
 10
626334.5010588206
 20
4837143.645231545
  0
LWPOLYLINE
  5
3BD
330
17
100
AcDbEntity
  8
ROADS
100
AcDbPolyline
 90
2
 70
0
 10
626440.956344725
 20
4836936.045350683
 10
626385.8795260522
 20
4836926.396861493
  0
LWPOLYLINE
  5
3BE
330
17
100
AcDbEntity
  8
ROADS
100
AcDbPolyline
 90
2
 70
0
 10
626483.4215146884
 20
4836940.766500274
 10
626440.956344725
 20
4836936.045350683
  0
LWPOLYLINE
  5
3BF
330
17
100
AcDbEntity
  8
ROADS
100
AcDbPolyline
 90
2
 70
0
 10
626541.4955048129
 20
4836944.664844977
 10
626483.4215146884
 20
4836940.766500274
  0
LWPOLYLINE
  5
3C0
330
17
100
AcDbEntity
  8
ROADS
100
AcDbPolyline
 90
2
 70
0
 10
626665.462890784
 20
4836947.489630584
 10
626541.4955048129
 20
4836944.664844977
  0
LWPOLYLINE
  5
3C1
330
17
100
AcDbEntity
  8
ROADS
100
AcDbPolyline
 90
2
 70
0
 10
626697.0809713633
 20
4836947.867381073
 10
626665.462890784
 20
4836947.489630584
  0
LWPOLYLINE
  5
3C2
330
17
100
AcDbEntity
  8
ROADS
100
AcDbPolyline
 90
2
 70
0
 10
626440.956344725
 20
4836936.045350683
 10
626428.3851613207
 20
4836977.601515683
  0
LWPOLYLINE
  5
3C3
330
17
100
AcDbEntity
  8
ROADS
100
AcDbPolyline
 90
2
 70
0
 10
626428.3851613207
 20
4836977.601515683
 10
626469.7698402
 20
4836982.346133896
  0
LWPOLYLINE
  5
3C4
330
17
100
AcDbEntity
  8
ROADS
100
AcDbPolyline
 90
2
 70
0
 10
626665.462890784
 20
4836947.489630584
 10
626687.05134683
 20
4837027.337827561
  0
LWPOLYLINE
  5
3C5
330
17
100
AcDbEntity
  8
ROADS
100
AcDbPolyline
 90
2
 70
0
 10
626541.4955048129
 20
4836944.664844977
 10
626471.1788652181
 20
4837168.770765723
  0
LWPOLYLINE
  5
3C6
330
17
100
AcDbEntity
  8
ROADS
100
AcDbPolyline
 90
2
 70
0
 10
626428.3851613207
 20
4836977.601515683
 10
626375.6136810773
 20
4837138.934886528
  0
LWPOLYLINE
  5
3C7
330
17
100
AcDbEntity
  8
ROADS
100
AcDbPolyline
 90
2
 70
0
 10
626952.1819153134
 20
4836994.022018574
 10
626932.6642102984
 20
4836990.510876252
  0
LWPOLYLINE
  5
3C8
330
17
100
AcDbEntity
  8
ROADS
100
AcDbPolyline
 90
2
 70
0
 10
626932.6642102984
 20
4836990.510876252
 10
626927.9458646835
 20
4837006.026428309
  0
LWPOLYLINE
  5
3C9
330
17
100
AcDbEntity
  8
ROADS
100
AcDbPolyline
 90
2
 70
0
 10
626808.4810680682
 20
4837046.673760901
 10
626687.05134683
 20
4837027.337827561
  0
LWPOLYLINE
  5
3CA
330
17
100
AcDbEntity
  8
ROADS
100
AcDbPolyline
 90
2
 70
0
 10
626820.3530618771
 20
4837050.102363392
 10
626808.4810680682
 20
4837046.673760901
  0
LWPOLYLINE
  5
3CB
330
17
100
AcDbEntity
  8
ROADS
100
AcDbPolyline
 90
3
 70
0
 10
626687.05134683
 20
4837027.337827561
 10
626713.1215094115
 20
4837073.593042792
 10
626715.4343624791
 20
4837112.136369467
  0
LWPOLYLINE
  5
3CC
330
17
100
AcDbEntity
  8
ROADS
100
AcDbPolyline
 90
2
 70
0
 10
626808.4810680682
 20
4837046.673760901
 10
626809.2453280153
 20
4837058.191625059
  0
LWPOLYLINE
  5
3CD
330
17
100
AcDbEntity
  8
ROADS
100
AcDbPolyline
 90
3
 70
0
 10
626687.05134683
 20
4837027.337827561
 10
626644.3264768476
 20
4837045.21633222
 10
626607.7904600984
 20
4837155.78658089
  0
LWPOLYLINE
  5
3CE
330
17
100
AcDbEntity
  8
ROADS
100
AcDbPolyline
 90
2
 70
0
 10
626471.1788652181
 20
4837168.770765723
 10
626375.6136810773
 20
4837138.934886528
  0
LWPOLYLINE
  5
3CF
330
17
100
AcDbEntity
  8
ROADS
100
AcDbPolyline
 90
2
 70
0
 10
626509.70575857
 20
4837181.086838504
 10
626471.1788652181
 20
4837168.770765723
  0
LWPOLYLINE
  5
3D0
330
17
100
AcDbEntity
  8
ROADS
100
AcDbPolyline
 90
2
 70
0
 10
626471.1788652181
 20
4837168.770765723
 10
626465.1406318513
 20
4837187.540019087
  0
LWPOLYLINE
  5
3D1
330
17
100
AcDbEntity
  8
ROADS
100
AcDbPolyline
 90
2
 70
0
 10
627392.5175879383
 20
4836654.1565901255
 10
627344.4819775181
 20
4836639.589630334
  0
LWPOLYLINE
  5
3D2
330
17
100
AcDbEntity
  8
ROADS
100
AcDbPolyline
 90
2
 70
0
 10
627248.1803414589
 20
4836611.142599399
 10
627221.3650942844
 20
4836700.161268157
  0
LWPOLYLINE
  5
3D3
330
17
100
AcDbEntity
  8
ROADS
100
AcDbPolyline
 90
2
 70
0
 10
627395.4090985585
 20
4836655.085493737
 10
627392.5175879383
 20
4836654.1565901255
  0
ENDSEC
  0
SECTION
  2
OBJECTS
  0
DICTIONARY
  5
A
330
0
100
AcDbDictionary
281
1
  3
ACAD_COLOR
350
B
  3
ACAD_GROUP
350
C
  3
ACAD_LAYOUT
350
D
  3
ACAD_MATERIAL
350
E
  3
ACAD_MLEADERSTYLE
350
F
  3
ACAD_MLINESTYLE
350
10
  3
ACAD_PLOTSETTINGS
350
11
  3
ACAD_PLOTSTYLENAME
350
12
  3
ACAD_SCALELIST
350
14
  3
ACAD_TABLESTYLE
350
15
  3
ACAD_VISUALSTYLE
350
16
  3
EZDXF_META
350
2D
  0
DICTIONARY
  5
B
330
A
100
AcDbDictionary
281
1
  0
DICTIONARY
  5
C
330
A
100
AcDbDictionary
281
1
  0
DICTIONARY
  5
D
330
A
100
AcDbDictionary
281
1
  3
Model
350
1A
  3
Layout1
350
1E
  0
DICTIONARY
  5
E
330
A
100
AcDbDictionary
281
1
  3
ByBlock
350
1F
  3
ByLayer
350
20
  3
Global
350
21
  0
DICTIONARY
  5
F
330
A
100
AcDbDictionary
281
1
  3
Standard
350
2C
  0
DICTIONARY
  5
10
330
A
100
AcDbDictionary
281
1
  3
Standard
350
22
  0
DICTIONARY
  5
11
330
A
100
AcDbDictionary
281
1
  0
ACDBDICTIONARYWDFLT
  5
12
330
A
100
AcDbDictionary
281
1
  3
Normal
350
13
100
AcDbDictionaryWithDefault
340
13
  0
ACDBPLACEHOLDER
  5
13
330
12
  0
DICTIONARY
  5
14
330
A
100
AcDbDictionary
281
1
  0
DICTIONARY
  5
15
330
A
100
AcDbDictionary
281
1
  0
DICTIONARY
  5
16
330
A
100
AcDbDictionary
281
1
  0
LAYOUT
  5
1A
330
D
100
AcDbPlotSettings
  1

  4
A3
  6

 40
7.5
 41
20.0
 42
7.5
 43
20.0
 44
420.0
 45
297.0
 46
0.0
 47
0.0
 48
0.0
 49
0.0
140
0.0
141
0.0
142
1.0
143
1.0
 70
1024
 72
1
 73
0
 74
5
  7

 75
16
 76
0
 77
2
 78
300
147
1.0
148
0.0
149
0.0
100
AcDbLayout
  1
Model
 70
1
 71
0
 10
0.0
 20
0.0
 11
420.0
 21
297.0
 12
0.0
 22
0.0
 32
0.0
 14
1e+20
 24
1e+20
 34
1e+20
 15
-1e+20
 25
-1e+20
 35
-1e+20
146
0.0
 13
0.0
 23
0.0
 33
0.0
 16
1.0
 26
0.0
 36
0.0
 17
0.0
 27
1.0
 37
0.0
 76
1
330
17
  0
LAYOUT
  5
1E
330
D
100
AcDbPlotSettings
  1

  4
A3
  6

 40
7.5
 41
20.0
 42
7.5
 43
20.0
 44
420.0
 45
297.0
 46
0.0
 47
0.0
 48
0.0
 49
0.0
140
0.0
141
0.0
142
1.0
143
1.0
 70
0
 72
1
 73
0
 74
5
  7

 75
16
 76
0
 77
2
 78
300
147
1.0
148
0.0
149
0.0
100
AcDbLayout
  1
Layout1
 70
1
 71
1
 10
0.0
 20
0.0
 11
420.0
 21
297.0
 12
0.0
 22
0.0
 32
0.0
 14
1e+20
 24
1e+20
 34
1e+20
 15
-1e+20
 25
-1e+20
 35
-1e+20
146
0.0
 13
0.0
 23
0.0
 33
0.0
 16
1.0
 26
0.0
 36
0.0
 17
0.0
 27
1.0
 37
0.0
 76
1
330
1B
  0
MATERIAL
  5
1F
102
{ACAD_REACTORS
330
E
102
}
330
E
100
AcDbMaterial
  1
ByBlock
  2

 70
0
 40
1.0
 71
1
 41
1.0
 91
-1023410177
 42
1.0
 72
1
  3

 73
1
 74
1
 75
1
 44
0.5
 73
0
 45
1.0
 46
1.0
 77
1
  4

 78
1
 79
1
170
1
 48
1.0
171
1
  6

172
1
173
1
174
1
140
1.0
141
1.0
175
1
  7

176
1
177
1
178
1
143
1.0
179
1
  8

270
1
271
1
272
1
145
1.0
146
1.0
273
1
  9

274
1
275
1
276
1
 42
1.0
 72
1
  3

 73
1
 74
1
 75
1
 94
63
  0
MATERIAL
  5
20
102
{ACAD_REACTORS
330
E
102
}
330
E
100
AcDbMaterial
  1
ByLayer
  2

 70
0
 40
1.0
 71
1
 41
1.0
 91
-1023410177
 42
1.0
 72
1
  3

 73
1
 74
1
 75
1
 44
0.5
 73
0
 45
1.0
 46
1.0
 77
1
  4

 78
1
 79
1
170
1
 48
1.0
171
1
  6

172
1
173
1
174
1
140
1.0
141
1.0
175
1
  7

176
1
177
1
178
1
143
1.0
179
1
  8

270
1
271
1
272
1
145
1.0
146
1.0
273
1
  9

274
1
275
1
276
1
 42
1.0
 72
1
  3

 73
1
 74
1
 75
1
 94
63
  0
MATERIAL
  5
21
102
{ACAD_REACTORS
330
E
102
}
330
E
100
AcDbMaterial
  1
Global
  2

 70
0
 40
1.0
 71
1
 41
1.0
 91
-1023410177
 42
1.0
 72
1
  3

 73
1
 74
1
 75
1
 44
0.5
 73
0
 45
1.0
 46
1.0
 77
1
  4

 78
1
 79
1
170
1
 48
1.0
171
1
  6

172
1
173
1
174
1
140
1.0
141
1.0
175
1
  7

176
1
177
1
178
1
143
1.0
179
1
  8

270
1
271
1
272
1
145
1.0
146
1.0
273
1
  9

274
1
275
1
276
1
 42
1.0
 72
1
  3

 73
1
 74
1
 75
1
 94
63
  0
MLINESTYLE
  5
22
102
{ACAD_REACTORS
330
10
102
}
330
10
100
AcDbMlineStyle
  2
Standard
 70
0
  3

 62
256
 51
90.0
 52
90.0
 71
2
 49
0.5
 62
256
  6
BYLAYER
 49
-0.5
 62
256
  6
BYLAYER
  0
MLEADERSTYLE
  5
2C
102
{ACAD_REACTORS
330
F
102
}
330
F
100
AcDbMLeaderStyle
179
2
170
2
171
1
172
0
 90
2
 40
0.0
 41
0.0
173
1
 91
-1056964608
 92
-2
290
1
 42
2.0
291
1
 43
8.0
  3
Standard
 44
4.0
300

342
29
174
1
175
1
176
0
178
1
 93
-1056964608
 45
4.0
292
0
297
0
 46
4.0
 94
-1056964608
 47
1.0
 49
1.0
140
1.0
294
1
141
0.0
177
0
142
1.0
295
0
296
0
143
3.75
271
0
272
9
273
9
  0
DICTIONARY
  5
2D
330
A
100
AcDbDictionary
280
1
281
1
  3
CREATED_BY_EZDXF
350
2E
  3
WRITTEN_BY_EZDXF
350
3D6
  0
DICTIONARYVAR
  5
2E
330
2D
100
DictionaryVariables
280
0
  1
1.4.4 @ 2026-07-07T18:24:28.086061+00:00
  0
DICTIONARYVAR
  5
3D6
330
2D
100
DictionaryVariables
280
0
  1
1.4.4 @ 2026-07-07T18:24:28.110736+00:00
  0
ENDSEC
  0
EOF
